1770931800000,1.938,1.9469,1.9376,1.9443,6556
1770932700000,1.9443,1.949,1.944,1.9456,1078
1770933600000,1.9456,1.9473,1.9424,1.9443,5277
1770934500000,1.9443,1.9512,1.9416,1.9512,3211
1770935400000,1.9512,1.9559,1.9498,1.9555,3813
1770936300000,1.9555,1.9668,1.9555,1.9668,10621
1770937200000,1.9668,1.9682,1.9594,1.9609,8823
1770938100000,1.9609,1.9712,1.9595,1.97,9987
1770939000000,1.97,1.9735,1.9654,1.9686,9375
1770939900000,1.9686,1.9686,1.9643,1.9662,2877
1770940800000,1.9662,1.9792,1.9657,1.9718,8783
1770941700000,1.9718,1.9727,1.9651,1.9709,10503
1770942600000,1.9709,1.9709,1.9527,1.9527,10147
1770943500000,1.9527,1.9623,1.9523,1.9599,33351
1770944400000,1.9599,1.9646,1.9592,1.9623,1468
1770945300000,1.9623,1.9637,1.9592,1.9633,515
1770946200000,1.9633,1.9653,1.9597,1.9633,1913
1770947100000,1.9633,1.9654,1.9599,1.9613,1188
1770948000000,1.9613,1.9649,1.9605,1.9616,878
1770948900000,1.9616,1.9688,1.9603,1.9674,2802
1770949800000,1.9674,1.9674,1.9603,1.9644,1083
1770950700000,1.9644,1.9708,1.9639,1.9671,2473
1770951600000,1.9671,1.9671,1.9557,1.9569,3215
1770952500000,1.9569,1.9632,1.9558,1.9631,20131
1770953400000,1.9631,1.9703,1.9631,1.9681,1076
1770954300000,1.9681,1.9681,1.9628,1.9632,1924
1770955200000,1.9632,1.9632,1.957,1.9571,889
1770956100000,1.9571,1.9599,1.9544,1.9587,2614
1770957000000,1.9587,1.9605,1.9561,1.9588,641
1770957900000,1.9588,1.9588,1.955,1.9559,1113
1770958800000,1.9559,1.9609,1.9536,1.9546,1189
1770959700000,1.9546,1.9586,1.9535,1.9567,10079
1770960600000,1.9567,1.9637,1.9567,1.9594,2789
1770961500000,1.9594,1.96,1.9539,1.9544,3242
1770962400000,1.9544,1.957,1.9528,1.9563,4794
1770963300000,1.9563,1.9578,1.9497,1.9537,5618
1770964200000,1.9537,1.9574,1.9506,1.957,1240
1770965100000,1.957,1.9744,1.9566,1.9739,4823
1770966000000,1.9739,1.9849,1.972,1.9834,8297
1770966900000,1.9834,1.9879,1.9834,1.9846,2068
1770967800000,1.9846,1.9847,1.9786,1.9795,2537
1770968700000,1.9795,1.9812,1.9772,1.978,1160
1770969600000,1.978,1.9826,1.976,1.9826,908
1770970500000,1.9826,1.991,1.9806,1.9909,10613
1770971400000,1.9909,1.9931,1.9867,1.9877,14205
1770972300000,1.9877,1.9973,1.9877,1.9907,5479
1770973200000,1.9907,1.9912,1.9832,1.9852,1620
1770974100000,1.9852,1.9931,1.9852,1.9921,2091
1770975000000,1.9921,1.9969,1.9921,1.995,4011
1770975900000,1.995,1.997,1.9946,1.9955,524
1770976800000,1.9955,2.0055,1.9955,2.0055,2448
1770977700000,2.0055,2.023,2.0043,2.0154,42402
1770978600000,2.0154,2.0199,2.0133,2.0174,6073
1770979500000,2.0174,2.0248,2.0169,2.0178,19082
1770980400000,2.0178,2.0239,2.0159,2.0172,16241
1770981300000,2.0172,2.026,2.0153,2.0248,5095
1770982200000,2.0248,2.0305,2.0205,2.0234,18896
1770983100000,2.0234,2.0258,2.02,2.0238,21866
1770984000000,2.0238,2.0238,2.0016,2.0021,17512
1770984900000,2.0021,2.0074,2.0015,2.0048,1882
1770985800000,2.0048,2.0101,2.0038,2.0066,11585
1770986700000,2.0066,2.0152,2.0041,2.0109,2645
1770987600000,2.0109,2.018,2.0082,2.0179,8491
1770988500000,2.0179,2.0364,2.0179,2.027,11860
1770989400000,2.027,2.0361,2.023,2.0245,27757
1770990300000,2.0245,2.0254,2.0218,2.0241,1648
1770991200000,2.0241,2.025,2.0118,2.0131,7703
1770992100000,2.0131,2.018,2.0066,2.0142,5174
1770993000000,2.0142,2.0254,2.0058,2.018,16219
1770993900000,2.018,2.031,2.015,2.0162,20397
1770994800000,2.0162,2.0442,2.0162,2.0407,27338
1770995700000,2.0407,2.0606,2.033,2.0606,35164
1770996600000,2.0606,2.0789,2.0606,2.0634,42673
1770997500000,2.0634,2.0634,2.0483,2.0579,19988
1770998400000,2.0579,2.0684,2.054,2.0609,42677
1770999300000,2.0609,2.0724,2.0609,2.0713,5840
1771000200000,2.0713,2.08,2.0691,2.079,6980
1771001100000,2.079,2.0841,2.0746,2.0789,13096
1771002000000,2.0789,2.0826,2.0695,2.0826,4347
1771002900000,2.0826,2.094,2.0782,2.0907,13547
1771003800000,2.0907,2.0947,2.0881,2.0922,15613
1771004700000,2.0922,2.0937,2.0742,2.0776,17882
1771005600000,2.0776,2.0791,2.0695,2.0704,11591
1771006500000,2.0704,2.0751,2.0649,2.0674,9896
1771007400000,2.0674,2.074,2.0674,2.0724,1703
1771008300000,2.0724,2.0756,2.0724,2.0725,1911
1771009200000,2.0725,2.0751,2.0663,2.0742,3869
1771010100000,2.0742,2.0812,2.0733,2.0763,2865
1771011000000,2.0763,2.079,2.0746,2.0789,2058
1771011900000,2.0789,2.0845,2.0789,2.0834,1717
1771012800000,2.0834,2.0834,2.0772,2.0782,818
1771013700000,2.0782,2.0842,2.0764,2.0842,535
1771014600000,2.0842,2.0903,2.082,2.0883,20420
1771015500000,2.0883,2.0906,2.0866,2.0882,2958
1771016400000,2.0882,2.1079,2.0882,2.1052,12987
1771017300000,2.1052,2.1064,2.0995,2.1037,6526
1771018200000,2.1037,2.1037,2.0992,2.1024,574
1771019100000,2.1024,2.1089,2.1006,2.1077,13519
1771020000000,2.1077,2.1244,2.1076,2.1112,33849
1771020900000,2.1112,2.113,2.1034,2.1068,5392
1771021800000,2.1068,2.1119,2.102,2.102,14348
1771022700000,2.102,2.1058,2.0989,2.1022,3405
1771023600000,2.1022,2.11,2.1016,2.1072,8410
1771024500000,2.1072,2.1128,2.1054,2.1099,2480
1771025400000,2.1099,2.119,2.1087,2.1126,16860
1771026300000,2.1126,2.1191,2.1126,2.1172,1157
1771027200000,2.1172,2.1257,2.1112,2.1166,5007
1771028100000,2.1166,2.1166,2.1092,2.1119,7242
1771029000000,2.1119,2.114,2.1061,2.1121,2780
1771029900000,2.1121,2.1241,2.1103,2.119,5493
1771030800000,2.119,2.1244,2.1173,2.1244,3741
1771031700000,2.1244,2.1313,2.121,2.1313,24434
1771032600000,2.1313,2.1313,2.1185,2.1217,8322
1771033500000,2.1217,2.1303,2.12,2.1303,5052
1771034400000,2.1303,2.135,2.1285,2.1343,7335
1771035300000,2.1343,2.1349,2.127,2.1312,2110
1771036200000,2.1312,2.1368,2.1305,2.1305,3404
1771037100000,2.1305,2.133,2.1249,2.1262,2029
1771038000000,2.1262,2.1361,2.1247,2.1361,4814
1771038900000,2.1361,2.1361,2.1277,2.1301,4272
1771039800000,2.1301,2.1333,2.1283,2.1283,2341
1771040700000,2.1283,2.1315,2.1227,2.1304,1946
1771041600000,2.1304,2.1322,2.1264,2.1264,1989
1771042500000,2.1264,2.1295,2.1218,2.129,1482
1771043400000,2.129,2.129,2.1227,2.1265,2316
1771044300000,2.1265,2.1278,2.124,2.1253,3220
1771045200000,2.1253,2.1278,2.1206,2.1274,1529
1771046100000,2.1274,2.1274,2.124,2.1243,1558
1771047000000,2.1243,2.1264,2.1227,2.1264,1233
1771047900000,2.1264,2.1264,2.1209,2.1234,1529
1771048800000,2.1234,2.1234,2.1128,2.1151,11773
1771049700000,2.1151,2.1181,2.1128,2.1129,2878
1771050600000,2.1129,2.1158,2.1121,2.1121,2251
1771051500000,2.1121,2.1125,2.1087,2.1103,1624
1771052400000,2.1103,2.1156,2.1103,2.1131,1942
1771053300000,2.1131,2.1156,2.111,2.1152,4026
1771054200000,2.1152,2.1152,2.1096,2.1145,875
1771055100000,2.1145,2.1151,2.1119,2.1119,3055
1771056000000,2.1119,2.1296,2.1119,2.1275,4650
1771056900000,2.1275,2.1328,2.1268,2.1328,936
1771057800000,2.1328,2.1328,2.127,2.1276,1682
1771058700000,2.1276,2.1321,2.1276,2.1307,6449
1771059600000,2.1307,2.1307,2.1262,2.128,5933
1771060500000,2.128,2.1328,2.1259,2.1328,4655
1771061400000,2.1328,2.1364,2.1285,2.131,9264
1771062300000,2.131,2.1371,2.1295,2.1357,5929
1771063200000,2.1357,2.1357,2.1283,2.1307,2682
1771064100000,2.1307,2.1317,2.124,2.1242,687
1771065000000,2.1242,2.1266,2.1216,2.1228,2957
1771065900000,2.1228,2.1228,2.1188,2.1207,927
1771066800000,2.1207,2.1297,2.1207,2.1287,5175
1771067700000,2.1287,2.1456,2.1277,2.1445,29341
1771068600000,2.1445,2.145,2.1325,2.1353,14325
1771069500000,2.1353,2.1402,2.133,2.137,1821
1771070400000,2.137,2.141,2.1346,2.141,1879
1771071300000,2.141,2.1433,2.1358,2.1406,13876
1771072200000,2.1406,2.1449,2.1378,2.1422,27794
1771073100000,2.1422,2.1448,2.1312,2.1382,15747
1771074000000,2.1382,2.1404,2.1332,2.136,5713
1771074900000,2.136,2.1387,2.1279,2.1292,4628
1771075800000,2.1292,2.1441,2.1278,2.1339,10009
1771076700000,2.1339,2.1398,2.1327,2.1386,10117
1771077600000,2.1386,2.1388,2.1312,2.1369,10898
1771078500000,2.1369,2.1422,2.1369,2.1411,1629
1771079400000,2.1411,2.1539,2.1394,2.1409,26073
1771080300000,2.1409,2.1672,2.1397,2.164,25215
1771081200000,2.164,2.1659,2.1571,2.1599,6970
1771082100000,2.1599,2.1641,2.1569,2.1589,3670
1771083000000,2.1589,2.161,2.153,2.1584,16898
1771083900000,2.1584,2.1698,2.1568,2.1679,23600
1771084800000,2.1679,2.1762,2.1641,2.1652,19033
1771085700000,2.1652,2.1742,2.1599,2.1737,6609
1771086600000,2.1737,2.1752,2.1611,2.175,35882
1771087500000,2.175,2.1764,2.1694,2.176,3688
1771088400000,2.176,2.1775,2.1728,2.1766,3189
1771089300000,2.1766,2.1903,2.1747,2.1851,16890
1771090200000,2.1851,2.1883,2.1713,2.1758,5998
1771091100000,2.1758,2.1758,2.1682,2.1688,2793
1771092000000,2.1688,2.1792,2.1673,2.1789,2848
1771092900000,2.1789,2.1841,2.1762,2.1768,5577
1771093800000,2.1768,2.1804,2.1746,2.1766,3220
1771094700000,2.1766,2.181,2.1764,2.1794,1459
1771095600000,2.1794,2.1856,2.1781,2.1846,4048
1771096500000,2.1846,2.1882,2.1797,2.1881,1003
1771097400000,2.1881,2.2017,2.1881,2.2016,25181
1771098300000,2.2016,2.2167,2.2013,2.2067,27811
1771099200000,2.2067,2.2102,2.1935,2.1965,11639
1771100100000,2.1965,2.2019,2.1877,2.1949,6102
1771101000000,2.1949,2.1974,2.1919,2.1945,3041
1771101900000,2.1945,2.1968,2.1907,2.1953,7405
1771102800000,2.1953,2.2051,2.1934,2.2009,11292
1771103700000,2.2009,2.2031,2.1951,2.1951,3039
1771104600000,2.1951,2.1951,2.1805,2.1864,12308
1771105500000,2.1864,2.1886,2.1832,2.1858,5536
1771106400000,2.1858,2.1949,2.1849,2.1938,9943
1771107300000,2.1938,2.1938,2.1848,2.1862,1534
1771108200000,2.1862,2.2029,2.1862,2.1972,25553
1771109100000,2.1972,2.2009,2.1892,2.1914,3123
1771110000000,2.1914,2.1914,2.1824,2.1858,7006
1771110900000,2.1858,2.1935,2.1803,2.1847,39205
1771111800000,2.1847,2.1869,2.1741,2.1747,22811
1771112700000,2.1747,2.1824,2.172,2.1814,31409
1771113600000,2.1814,2.1828,2.1683,2.1739,29948
1771114500000,2.1739,2.1751,2.1561,2.1615,47611
1771115400000,2.1615,2.1665,2.1536,2.1548,34319
1771116300000,2.1548,2.1656,2.1509,2.163,31686
1771117200000,2.163,2.182,2.163,2.1711,51562
1771118100000,2.1711,2.1779,2.1517,2.1545,42082
1771119000000,2.1545,2.1668,2.1534,2.1656,7767
1771119900000,2.1656,2.1656,2.1568,2.1604,8263
1771120800000,2.1604,2.1692,2.1581,2.1588,24953
1771121700000,2.1588,2.1645,2.1528,2.1535,28181
1771122600000,2.1535,2.1641,2.1455,2.161,16617
1771123500000,2.161,2.1659,2.1574,2.1647,10942
1771124400000,2.1647,2.1679,2.1629,2.165,3323
1771125300000,2.165,2.1691,2.159,2.159,576
1771126200000,2.159,2.1609,2.1379,2.1516,24246
1771127100000,2.1516,2.1756,2.1516,2.1755,6927
1771128000000,2.1755,2.1946,2.1741,2.1894,16879
1771128900000,2.1894,2.1914,2.1726,2.1737,9807
1771129800000,2.1737,2.1828,2.1727,2.1805,1790
1771130700000,2.1805,2.1844,2.1779,2.1811,308
1771131600000,2.1811,2.188,2.1811,2.187,575
1771132500000,2.187,2.1953,2.187,2.1938,948
1771133400000,2.1938,2.1978,2.1921,2.1978,532
1771134300000,2.1978,2.2049,2.1964,2.1977,6039
1771135200000,2.1977,2.1985,2.1931,2.1946,2286
1771136100000,2.1946,2.2026,2.1946,2.1981,1637
1771137000000,2.1981,2.2017,2.196,2.198,942
1771137900000,2.198,2.2021,2.1911,2.2017,1139
1771138800000,2.2017,2.2113,2.2015,2.211,2872
1771139700000,2.211,2.2218,2.2087,2.2151,8638
1771140600000,2.2151,2.2151,2.2054,2.2062,1921
1771141500000,2.2062,2.2094,2.199,2.2074,4007
1771142400000,2.2074,2.2115,2.1967,2.1976,3355
1771143300000,2.1976,2.2013,2.1908,2.1916,9139
1771144200000,2.1916,2.1916,2.1726,2.1779,12488
1771145100000,2.1779,2.1805,2.1761,2.1782,858
1771146000000,2.1782,2.186,2.1724,2.1812,4946
1771146900000,2.1812,2.1812,2.1725,2.1748,1679
1771147800000,2.1748,2.1806,2.1666,2.1738,7218
1771148700000,2.1738,2.1741,2.1707,2.172,2008
1771149600000,2.172,2.172,2.1556,2.1584,4363
1771150500000,2.1584,2.1584,2.1507,2.153,163
1771151400000,2.153,2.1552,2.1443,2.1552,13810
1771152300000,2.1552,2.1608,2.1552,2.1587,3277
1771153200000,2.1587,2.1634,2.1587,2.1601,107
1771154100000,2.1601,2.1646,2.1578,2.161,2257
1771155000000,2.161,2.1625,2.1598,2.1625,881
1771155900000,2.1625,2.1649,2.1624,2.1647,1204
1771156800000,2.1647,2.1647,2.1471,2.1495,4915
1771157700000,2.1495,2.1509,2.143,2.145,9862
1771158600000,2.145,2.1476,2.1392,2.1431,1312
1771159500000,2.1431,2.1467,2.1036,2.1042,26523
1771160400000,2.1042,2.1253,2.1042,2.1185,28205
1771161300000,2.1185,2.1248,2.1147,2.1147,17655
1771162200000,2.1147,2.1147,2.096,2.1053,12163
1771163100000,2.1053,2.1056,2.0932,2.1003,4884
1771164000000,2.1003,2.1165,2.1003,2.1084,10725
1771164900000,2.1084,2.1116,2.1084,2.1095,954
1771165800000,2.1095,2.1203,2.1095,2.1177,11179
1771166700000,2.1177,2.1193,2.1148,2.1172,4106
1771167600000,2.1172,2.1217,2.1148,2.1188,2531
1771168500000,2.1188,2.1224,2.1139,2.1181,3661
1771169400000,2.1181,2.1221,2.1163,2.1196,1615
1771170300000,2.1196,2.1265,2.1153,2.1265,1333
1771171200000,2.1265,2.1273,2.1164,2.1219,4580
1771172100000,2.1219,2.1322,2.1184,2.127,3414
1771173000000,2.127,2.1308,2.1223,2.1223,296
1771173900000,2.1223,2.1302,2.1223,2.1302,3186
1771174800000,2.1302,2.1302,2.1241,2.1241,1161
1771175700000,2.1241,2.1256,2.1208,2.1231,1982
1771176600000,2.1231,2.1241,2.1178,2.1182,348
1771177500000,2.1182,2.1182,2.0991,2.1151,7389
1771178400000,2.1151,2.1159,2.1048,2.1148,2602
1771179300000,2.1148,2.1238,2.1144,2.115,1991
1771180200000,2.115,2.115,2.1029,2.1064,3425
1771181100000,2.1064,2.1117,2.0997,2.107,2071
1771182000000,2.107,2.1091,2.0984,2.1091,2154
1771182900000,2.1091,2.1215,2.1072,2.1215,2969
1771183800000,2.1215,2.122,2.1084,2.1084,1118
1771184700000,2.1084,2.1204,2.1084,2.1204,2676
1771185600000,2.1204,2.1204,2.1105,2.1165,538
1771186500000,2.1165,2.1226,2.1139,2.1155,2798
1771187400000,2.1155,2.1245,2.1131,2.1131,5296
1771188300000,2.1131,2.1162,2.1131,2.1162,74
1771189200000,2.1162,2.1203,2.1155,2.1186,4476
1771190100000,2.1186,2.1196,2.1155,2.1156,23582
1771191000000,2.1156,2.1244,2.1138,2.1138,1741
1771191900000,2.1138,2.1176,2.1138,2.116,322
1771192800000,2.116,2.1173,2.1145,2.1145,2565
1771193700000,2.1145,2.121,2.1145,2.119,1638
1771194600000,2.119,2.1231,2.119,2.1201,415
1771195500000,2.1201,2.1257,2.1201,2.1257,2322
1771196400000,2.1257,2.1257,2.1106,2.1188,7702
1771197300000,2.1188,2.1268,2.1179,2.1265,1359
1771198200000,2.1265,2.1362,2.1265,2.1325,3687
1771199100000,2.1325,2.1393,2.1325,2.1351,3028
1771200000000,2.1351,2.1459,2.1321,2.1447,8865
1771200900000,2.1447,2.145,2.1338,2.1338,859
1771201800000,2.1338,2.1385,2.1281,2.1303,2638
1771202700000,2.1303,2.1335,2.128,2.1335,798
1771203600000,2.1335,2.1386,2.1311,2.1319,259
1771204500000,2.1319,2.1319,2.1268,2.1274,118
1771205400000,2.1274,2.1319,2.1246,2.1279,1080
1771206300000,2.1279,2.1313,2.1276,2.1292,604
1771207200000,2.1292,2.1292,2.1257,2.128,755
1771208100000,2.128,2.1295,2.124,2.124,1181
1771209000000,2.124,2.1315,2.124,2.1306,466
1771209900000,2.1306,2.1327,2.129,2.1311,183
1771210800000,2.1311,2.135,2.13,2.134,1903
1771211700000,2.134,2.1367,2.134,2.1352,645
1771212600000,2.1352,2.1406,2.1352,2.1397,563
1771213500000,2.1397,2.1428,2.1373,2.1428,31
1771214400000,2.1428,2.1535,2.1413,2.1492,2431
1771215300000,2.1492,2.1536,2.1492,2.1517,2319
1771216200000,2.1517,2.1517,2.1473,2.1473,1128
1771217100000,2.1473,2.149,2.144,2.144,2147
1771218000000,2.144,2.1471,2.1332,2.1332,3181
1771218900000,2.1332,2.1332,2.117,2.117,2589
1771219800000,2.117,2.1221,2.1114,2.1114,2304
1771220700000,2.1114,2.1135,2.1107,2.113,414
1771221600000,2.113,2.1192,2.1099,2.119,1558
1771222500000,2.119,2.1254,2.1185,2.125,3895
1771223400000,2.125,2.139,2.1229,2.134,6593
1771224300000,2.134,2.1395,2.1311,2.1373,5703
1771225200000,2.1373,2.1373,2.128,2.1323,221
1771226100000,2.1323,2.1352,2.1323,2.1338,113
1771227000000,2.1338,2.1348,2.1246,2.1249,1801
1771227900000,2.1249,2.1293,2.1249,2.1285,1338
1771228800000,2.1285,2.1435,2.1285,2.1359,3777
1771229700000,2.1359,2.1482,2.1349,2.1442,2561
1771230600000,2.1442,2.1468,2.1423,2.145,1083
1771231500000,2.145,2.145,2.1397,2.1438,31688
1771232400000,2.1438,2.1473,2.1387,2.1402,3531
1771233300000,2.1402,2.1449,2.1386,2.1449,1240
1771234200000,2.1449,2.1581,2.1433,2.1546,2860
1771235100000,2.1546,2.1552,2.1495,2.1501,7534
1771236000000,2.1501,2.1529,2.1483,2.1497,303
1771236900000,2.1497,2.1564,2.149,2.1556,1960
1771237800000,2.1556,2.162,2.1493,2.1518,4491
1771238700000,2.1518,2.1568,2.1502,2.1515,2422
1771239600000,2.1515,2.1554,2.1483,2.1544,1497
1771240500000,2.1544,2.172,2.1517,2.1697,13695
1771241400000,2.1697,2.1749,2.1567,2.166,10976
1771242300000,2.166,2.182,2.1571,2.182,24203
1771243200000,2.182,2.1899,2.1718,2.1899,17622
1771244100000,2.1899,2.2092,2.1788,2.2087,20428
1771245000000,2.2087,2.2239,2.1983,2.2234,24542
1771245900000,2.2234,2.2407,2.2052,2.2283,93659
1771246800000,2.2283,2.2379,2.225,2.2379,3360
1771247700000,2.2379,2.2547,2.2034,2.2147,12646
1771248600000,2.2147,2.2147,2.1937,2.2008,6540
1771249500000,2.2008,2.2057,2.1885,2.1951,8066
1771250400000,2.1951,2.2116,2.1927,2.1961,3880
1771251300000,2.1961,2.205,2.1876,2.1888,3058
1771252200000,2.1888,2.2109,2.1888,2.2021,3042
1771253100000,2.2021,2.205,2.1874,2.19,3430
1771254000000,2.19,2.1983,2.1881,2.1881,1428
1771254900000,2.1881,2.2046,2.1844,2.203,7327
1771255800000,2.203,2.203,2.159,2.1786,13145
1771256700000,2.1786,2.1937,2.167,2.1904,7893
1771257600000,2.1904,2.2436,2.1904,2.2217,55570
1771258500000,2.2217,2.2245,2.2065,2.2224,12021
1771259400000,2.2224,2.2333,2.2021,2.2325,17861
1771260300000,2.2325,2.2399,2.2193,2.2206,3637
1771261200000,2.2206,2.2207,2.2035,2.2053,16049
1771262100000,2.2053,2.206,2.1951,2.2027,10092
1771263000000,2.2027,2.2286,2.2022,2.2168,11258
1771263900000,2.2168,2.2171,2.2071,2.2171,3496
1771264800000,2.2171,2.232,2.2124,2.2216,18188
1771265700000,2.2216,2.2253,2.2162,2.223,4528
1771266600000,2.223,2.2308,2.2218,2.2236,3144
1771267500000,2.2236,2.2287,2.2168,2.2171,2898
1771268400000,2.2171,2.2376,2.2171,2.2376,4402
1771269300000,2.2376,2.2431,2.2296,2.2426,1151
1771270200000,2.2426,2.2551,2.2423,2.2551,2273
1771271100000,2.2551,2.2595,2.2391,2.2582,8006
1771272000000,2.2582,2.2778,2.2242,2.2283,73711
1771272900000,2.2283,2.2346,2.2224,2.2346,9168
1771273800000,2.2346,2.2431,2.2291,2.2371,7041
1771274700000,2.2371,2.2496,2.2275,2.2315,3857
1771275600000,2.2315,2.2392,2.224,2.2387,2214
1771276500000,2.2387,2.2544,2.2387,2.2478,17956
1771277400000,2.2478,2.2523,2.2359,2.2509,17389
1771278300000,2.2509,2.2741,2.2496,2.2735,13866
1771279200000,2.2735,2.302,2.2664,2.2989,52634
1771280100000,2.2989,2.3097,2.2892,2.298,14123
1771281000000,2.298,2.3191,2.298,2.3107,14656
1771281900000,2.3107,2.3126,2.305,2.307,6624
1771282800000,2.307,2.3084,2.2908,2.2963,15567
1771283700000,2.2963,2.2963,2.2854,2.29,10110
1771284600000,2.29,2.2922,2.2784,2.2847,20036
1771285500000,2.2847,2.2942,2.2821,2.2879,904
1771286400000,2.2879,2.2947,2.282,2.2902,18554
1771287300000,2.2902,2.3045,2.28,2.297,14701
1771288200000,2.297,2.297,2.2764,2.2782,7213
1771289100000,2.2782,2.2859,2.2656,2.2678,6280
1771290000000,2.2678,2.3062,2.2678,2.2992,26262
1771290900000,2.2992,2.305,2.2819,2.2837,5460
1771291800000,2.2837,2.2859,2.2748,2.2748,4246
1771292700000,2.2748,2.2748,2.2657,2.2674,7853
1771293600000,2.2674,2.2674,2.2526,2.2629,26201
1771294500000,2.2629,2.2674,2.2559,2.2639,535
1771295400000,2.2639,2.2717,2.2639,2.2717,2756
1771296300000,2.2717,2.2745,2.2696,2.2727,1027
1771297200000,2.2727,2.2728,2.2687,2.27,961
1771298100000,2.27,2.2773,2.2691,2.2764,2844
1771299000000,2.2764,2.2766,2.2671,2.2729,10646
1771299900000,2.2729,2.2795,2.2711,2.2724,9539
1771300800000,2.2724,2.2781,2.2674,2.2715,6647
1771301700000,2.2715,2.2969,2.2715,2.2896,9812
1771302600000,2.2896,2.2896,2.2717,2.2872,8582
1771303500000,2.2872,2.2925,2.2845,2.2877,540
1771304400000,2.2877,2.2907,2.2735,2.2767,10549
1771305300000,2.2767,2.2767,2.2617,2.2659,4757
1771306200000,2.2659,2.277,2.259,2.2738,3836
1771307100000,2.2738,2.2799,2.2738,2.2748,2058
1771308000000,2.2748,2.2878,2.2748,2.2826,9678
1771308900000,2.2826,2.2916,2.2826,2.2898,2811
1771309800000,2.2898,2.2969,2.2861,2.2944,23142
1771310700000,2.2944,2.2972,2.291,2.291,3974
1771311600000,2.291,2.3051,2.2872,2.3025,3813
1771312500000,2.3025,2.3025,2.2832,2.2832,3680
1771313400000,2.2832,2.2843,2.2772,2.2835,5208
1771314300000,2.2835,2.2835,2.2643,2.2643,4798
1771315200000,2.2643,2.2699,2.2543,2.2543,8932
1771316100000,2.2543,2.2593,2.2543,2.2557,3777
1771317000000,2.2557,2.2563,2.243,2.243,18169
1771317900000,2.243,2.2541,2.2415,2.2511,14786
1771318800000,2.2511,2.2542,2.24,2.2474,12560
1771319700000,2.2474,2.2559,2.2432,2.2519,2915
1771320600000,2.2519,2.2547,2.2405,2.2489,16558
1771321500000,2.2489,2.2589,2.2489,2.256,5152
1771322400000,2.256,2.2561,2.2411,2.2434,4662
1771323300000,2.2434,2.2434,2.2188,2.2193,28068
1771324200000,2.2193,2.231,2.2186,2.2285,15993
1771325100000,2.2285,2.2338,2.2239,2.2288,9088
1771326000000,2.2288,2.2417,2.2287,2.238,6026
1771326900000,2.238,2.2395,2.225,2.2298,5884
1771327800000,2.2298,2.2346,2.2293,2.2343,4559
1771328700000,2.2343,2.2392,2.2272,2.237,5562
1771329600000,2.237,2.2498,2.2346,2.2498,19505
1771330500000,2.2498,2.2532,2.243,2.2473,9189
1771331400000,2.2473,2.2609,2.2471,2.2556,6111
1771332300000,2.2556,2.2556,2.2487,2.2489,7534
1771333200000,2.2489,2.3125,2.2489,2.309,95180
1771334100000,2.309,2.3131,2.2734,2.2734,89306
1771335000000,2.2734,2.2809,2.2681,2.2761,33399
1771335900000,2.2761,2.3075,2.2722,2.301,17981
1771336800000,2.301,2.301,2.2805,2.2807,9722
1771337700000,2.2807,2.2888,2.2807,2.2818,5645
1771338600000,2.2818,2.2966,2.2641,2.2684,14154
1771339500000,2.2684,2.2707,2.2479,2.2493,16839
1771340400000,2.2493,2.2585,2.2411,2.2431,7851
1771341300000,2.2431,2.2561,2.2408,2.2481,8958
1771342200000,2.2481,2.2813,2.2481,2.2813,3077
1771343100000,2.2813,2.298,2.2744,2.2788,12886
1771344000000,2.2788,2.3316,2.2763,2.2947,57668
1771344900000,2.2947,2.2984,2.2679,2.2679,17281
1771345800000,2.2679,2.2878,2.2662,2.2734,9839
1771346700000,2.2734,2.2734,2.2577,2.2614,23919
1771347600000,2.2614,2.2642,2.2358,2.2438,8472
1771348500000,2.2438,2.268,2.2438,2.2611,163500
1771349400000,2.2611,2.2611,2.2425,2.2425,36058
1771350300000,2.2425,2.2521,2.2385,2.2504,3750
1771351200000,2.2504,2.2527,2.2414,2.2478,9124
1771352100000,2.2478,2.266,2.2405,2.2649,16676
1771353000000,2.2649,2.2739,2.2566,2.2661,21177
1771353900000,2.2661,2.2684,2.255,2.264,106388
1771354800000,2.264,2.2642,2.255,2.2611,23390
1771355700000,2.2611,2.2629,2.246,2.2483,47415
1771356600000,2.2483,2.2499,2.2376,2.2386,3791
1771357500000,2.2386,2.2414,2.227,2.2343,60983
1771358400000,2.2343,2.251,2.231,2.2339,42904
1771359300000,2.2339,2.2354,2.2281,2.2321,1173
1771360200000,2.2321,2.2337,2.2241,2.23,1732
1771361100000,2.23,2.2311,2.2271,2.2311,1624
1771362000000,2.2311,2.2375,2.2264,2.2355,3272
1771362900000,2.2355,2.2363,2.2256,2.2271,4816
1771363800000,2.2271,2.2309,2.2238,2.2265,745
1771364700000,2.2265,2.2306,2.2244,2.228,1224
1771365600000,2.228,2.228,2.2206,2.2242,5544
1771366500000,2.2242,2.2375,2.2242,2.2375,1385
1771367400000,2.2375,2.2473,2.2363,2.2437,1628
1771368300000,2.2437,2.2437,2.233,2.2378,2981
1771369200000,2.2378,2.2378,2.2204,2.2221,16839
1771370100000,2.2221,2.2314,2.2221,2.2263,1579
1771371000000,2.2263,2.2283,2.2231,2.2281,111
1771371900000,2.2281,2.2384,2.2281,2.2375,1378
1771372800000,2.2375,2.2474,2.2329,2.2342,7684
1771373700000,2.2342,2.2385,2.2277,2.233,2020
1771374600000,2.233,2.2372,2.2317,2.234,772
1771375500000,2.234,2.234,2.197,2.2127,29218
1771376400000,2.2127,2.2167,2.2094,2.2129,4746
1771377300000,2.2129,2.219,2.2107,2.2156,16539
1771378200000,2.2156,2.2264,2.2135,2.2247,1634
1771379100000,2.2247,2.2338,2.2237,2.2307,2753
1771380000000,2.2307,2.2559,2.2302,2.2531,3308
1771380900000,2.2531,2.2551,2.2474,2.248,7150
1771381800000,2.248,2.2654,2.248,2.2629,2966
1771382700000,2.2629,2.2802,2.2629,2.2751,9079
1771383600000,2.2751,2.2751,2.2612,2.2612,2847
1771384500000,2.2612,2.27,2.2612,2.2677,800
1771385400000,2.2677,2.2777,2.2665,2.2707,1505
1771386300000,2.2707,2.2776,2.2707,2.2726,1586
1771387200000,2.2726,2.2764,2.2696,2.2696,878
1771388100000,2.2696,2.2754,2.2695,2.2695,2046
1771389000000,2.2695,2.2768,2.267,2.2734,4170
1771389900000,2.2734,2.2734,2.2671,2.2698,3105
1771390800000,2.2698,2.2842,2.2689,2.2842,2437
1771391700000,2.2842,2.2926,2.2795,2.2795,5768
1771392600000,2.2795,2.2821,2.273,2.2814,1197
1771393500000,2.2814,2.2903,2.2814,2.2854,945
1771394400000,2.2854,2.2906,2.2777,2.2888,1082
1771395300000,2.2888,2.2964,2.282,2.2964,1086
1771396200000,2.2964,2.3038,2.2938,2.2959,6592
1771397100000,2.2959,2.297,2.2768,2.2826,2876
1771398000000,2.2826,2.2967,2.2826,2.292,4634
1771398900000,2.292,2.3056,2.2865,2.3049,5724
1771399800000,2.3049,2.3111,2.2974,2.2999,10019
1771400700000,2.2999,2.3061,2.2956,2.2987,4251
1771401600000,2.2987,2.3027,2.2878,2.2883,6925
1771402500000,2.2883,2.3002,2.2883,2.2969,3252
1771403400000,2.2969,2.2977,2.2905,2.2905,1658
1771404300000,2.2905,2.2957,2.2887,2.2957,1205
1771405200000,2.2957,2.2969,2.2909,2.2942,2408
1771406100000,2.2942,2.2986,2.2942,2.295,1247
1771407000000,2.295,2.325,2.295,2.325,54383
1771407900000,2.325,2.334,2.307,2.3134,20027
1771408800000,2.3134,2.3141,2.3044,2.3094,13313
1771409700000,2.3094,2.3094,2.2925,2.2949,9418
1771410600000,2.2949,2.2949,2.2811,2.294,14920
1771411500000,2.294,2.3013,2.2881,2.2913,6627
1771412400000,2.2913,2.2931,2.2776,2.2862,7246
1771413300000,2.2862,2.2973,2.2854,2.2953,2100
1771414200000,2.2953,2.3015,2.2863,2.2872,5346
1771415100000,2.2872,2.3005,2.287,2.2982,10724
1771416000000,2.2982,2.3,2.2864,2.2896,5103
1771416900000,2.2896,2.2941,2.2876,2.2931,654
1771417800000,2.2931,2.2941,2.2798,2.285,15235
1771418700000,2.285,2.2887,2.2759,2.2759,6359
1771419600000,2.2759,2.2879,2.2712,2.2879,18823
1771420500000,2.2879,2.3242,2.2867,2.3206,47939
1771421400000,2.3206,2.3443,2.312,2.3299,103940
1771422300000,2.3299,2.3545,2.3116,2.3479,38369
1771423200000,2.3479,2.3784,2.3266,2.3714,82646
1771424100000,2.3714,2.3753,2.3352,2.3366,49033
1771425000000,2.3366,2.3639,2.3348,2.3543,24477
1771425900000,2.3543,2.3763,2.3476,2.3589,57420
1771426800000,2.3589,2.3908,2.3584,2.3822,41717
1771427700000,2.3822,2.424,2.3822,2.4107,49381
1771428600000,2.4107,2.4425,2.3968,2.434,60987
1771429500000,2.434,2.4459,2.4211,2.4275,37843
1771430400000,2.4275,2.4398,2.4206,2.4285,26096
1771431300000,2.4285,2.4701,2.4191,2.4598,70840
1771432200000,2.4598,2.5043,2.4585,2.484,66427
1771433100000,2.484,2.4951,2.4412,2.4576,56111
1771434000000,2.4576,2.5025,2.4542,2.4585,85356
1771434900000,2.4585,2.4745,2.4383,2.444,32667
1771435800000,2.444,2.4484,2.4225,2.4272,30035
1771436700000,2.4272,2.4512,2.4272,2.4449,16653
1771437600000,2.4449,2.4628,2.4361,2.4384,33024
1771438500000,2.4384,2.4432,2.4222,2.435,15066
1771439400000,2.435,2.435,2.3999,2.4048,29791
1771440300000,2.4048,2.4157,2.3973,2.3973,10344
1771441200000,2.3973,2.4059,2.379,2.385,30813
1771442100000,2.385,2.386,2.3724,2.3766,32371
1771443000000,2.3766,2.3825,2.3604,2.3724,23442
1771443900000,2.3724,2.3819,2.362,2.3819,15792
1771444800000,2.3819,2.4069,2.3764,2.4034,47788
1771445700000,2.4034,2.4107,2.3892,2.404,14893
1771446600000,2.404,2.4284,2.404,2.4143,36892
1771447500000,2.4143,2.421,2.381,2.3842,28037
1771448400000,2.3842,2.3852,2.3663,2.3713,18183
1771449300000,2.3713,2.3786,2.3521,2.3557,13418
1771450200000,2.3557,2.3662,2.355,2.3606,4056
1771451100000,2.3606,2.3607,2.343,2.3454,18820
1771452000000,2.3454,2.3514,2.322,2.3221,22005
1771452900000,2.3221,2.3303,2.3169,2.3269,7634
1771453800000,2.3269,2.3355,2.3245,2.3258,3283
1771454700000,2.3258,2.3258,2.3208,2.3226,13066
1771455600000,2.3226,2.3226,2.3082,2.3086,5185
1771456500000,2.3086,2.3289,2.3011,2.3253,36794
1771457400000,2.3253,2.3382,2.3242,2.3325,22637
1771458300000,2.3325,2.3412,2.331,2.3412,4095
1771459200000,2.3412,2.3517,2.3134,2.3163,26353
1771460100000,2.3163,2.3218,2.315,2.316,4157
1771461000000,2.316,2.3214,2.3129,2.3201,10784
1771461900000,2.3201,2.3246,2.3094,2.3096,6590
1771462800000,2.3096,2.3323,2.3096,2.3275,16348
1771463700000,2.3275,2.3346,2.3167,2.3339,8589
1771464600000,2.3339,2.3399,2.3261,2.3399,22285
1771465500000,2.3399,2.3408,2.3244,2.328,6393
1771466400000,2.328,2.3313,2.3205,2.3304,4931
1771467300000,2.3304,2.3316,2.3221,2.3235,1116
1771468200000,2.3235,2.3239,2.3171,2.3176,2635
1771469100000,2.3176,2.3327,2.3159,2.3322,3950
1771470000000,2.3322,2.3472,2.3309,2.3373,15178
1771470900000,2.3373,2.3524,2.3342,2.3342,22478
1771471800000,2.3342,2.3344,2.3225,2.324,1871
1771472700000,2.324,2.3436,2.324,2.3413,7152
1771473600000,2.3413,2.3413,2.3265,2.3265,6413
1771474500000,2.3265,2.3334,2.3234,2.3277,4418
1771475400000,2.3277,2.3525,2.3269,2.3437,34462
1771476300000,2.3437,2.3601,2.3437,2.3489,47218
1771477200000,2.3489,2.3507,2.3401,2.3455,3979
1771478100000,2.3455,2.3493,2.3323,2.3348,4945
1771479000000,2.3348,2.339,2.3291,2.3353,9234
1771479900000,2.3353,2.343,2.3303,2.3399,1844
1771480800000,2.3399,2.3497,2.333,2.3489,5385
1771481700000,2.3489,2.3574,2.3455,2.3487,10404
1771482600000,2.3487,2.3487,2.3301,2.3301,6236
1771483500000,2.3301,2.3416,2.3301,2.3333,4318
1771484400000,2.3333,2.3375,2.3296,2.331,10484
1771485300000,2.331,2.3357,2.3233,2.3338,10937
1771486200000,2.3338,2.3497,2.3335,2.3411,11026
1771487100000,2.3411,2.3473,2.3359,2.3441,6439
1771488000000,2.3441,2.3441,2.3238,2.3262,9192
1771488900000,2.3262,2.329,2.3149,2.3175,14633
1771489800000,2.3175,2.3197,2.3003,2.3034,19117
1771490700000,2.3034,2.3121,2.3018,2.3089,10865
1771491600000,2.3089,2.311,2.301,2.304,9084
1771492500000,2.304,2.3185,2.301,2.3107,9471
1771493400000,2.3107,2.3172,2.304,2.3147,8774
1771494300000,2.3147,2.317,2.3066,2.3162,4001
1771495200000,2.3162,2.3214,2.3086,2.3143,3635
1771496100000,2.3143,2.3212,2.3103,2.3159,8896
1771497000000,2.3159,2.324,2.3051,2.3189,9482
1771497900000,2.3189,2.3189,2.3067,2.3125,5266
1771498800000,2.3125,2.3148,2.3088,2.3095,8238
1771499700000,2.3095,2.3169,2.3095,2.3144,6506
1771500600000,2.3144,2.3169,2.3065,2.3142,3508
1771501500000,2.3142,2.3171,2.3108,2.3135,3096
1771502400000,2.3135,2.3189,2.3079,2.3121,6385
1771503300000,2.3121,2.3199,2.3091,2.3196,5670
1771504200000,2.3196,2.3284,2.3171,2.3231,14625
1771505100000,2.3231,2.3254,2.3153,2.3184,7376
1771506000000,2.3184,2.3268,2.3091,2.3268,8005
1771506900000,2.3268,2.3275,2.3063,2.3063,7887
1771507800000,2.3063,2.3137,2.2859,2.2887,26967
1771508700000,2.2887,2.3007,2.2811,2.3007,17632
1771509600000,2.3007,2.3054,2.2895,2.2986,13002
1771510500000,2.2986,2.2996,2.2837,2.2863,10546
1771511400000,2.2863,2.3021,2.2765,2.2891,27259
1771512300000,2.2891,2.2979,2.2838,2.2881,14456
1771513200000,2.2881,2.2932,2.2742,2.2795,7312
1771514100000,2.2795,2.3002,2.2795,2.2882,11054
1771515000000,2.2882,2.3237,2.286,2.321,17263
1771515900000,2.321,2.334,2.3084,2.3278,24316
1771516800000,2.3278,2.3278,2.2932,2.3088,28777
1771517700000,2.3088,2.3158,2.2892,2.2902,15046
1771518600000,2.2902,2.306,2.2902,2.2957,2001
1771519500000,2.2957,2.2957,2.2812,2.2817,5285
1771520400000,2.2817,2.3031,2.2783,2.2975,8606
1771521300000,2.2975,2.312,2.2938,2.2938,9247
1771522200000,2.2938,2.2956,2.2867,2.2955,2610
1771523100000,2.2955,2.2955,2.2711,2.2848,6957
1771524000000,2.2848,2.3009,2.2841,2.3009,4338
1771524900000,2.3009,2.3024,2.2882,2.3009,5384
1771525800000,2.3009,2.3009,2.2898,2.2976,2031
1771526700000,2.2976,2.299,2.2948,2.2948,2523
1771527600000,2.2948,2.3041,2.2948,2.3008,856
1771528500000,2.3008,2.3023,2.2838,2.2844,3359
1771529400000,2.2844,2.2855,2.2624,2.2696,12135
1771530300000,2.2696,2.2765,2.2635,2.2687,5319
1771531200000,2.2687,2.2826,2.268,2.279,15371
1771532100000,2.279,2.279,2.2685,2.2745,3214
1771533000000,2.2745,2.2817,2.2726,2.2774,10923
1771533900000,2.2774,2.2859,2.2684,2.2689,7244
1771534800000,2.2689,2.278,2.2675,2.2763,3569
1771535700000,2.2763,2.2799,2.2743,2.2762,3935
1771536600000,2.2762,2.2804,2.2714,2.2802,602
1771537500000,2.2802,2.281,2.2674,2.2714,2408
1771538400000,2.2714,2.2857,2.2714,2.2802,5881
1771539300000,2.2802,2.2802,2.2706,2.2727,1399
1771540200000,2.2727,2.2727,2.2672,2.2694,904
1771541100000,2.2694,2.2869,2.2694,2.2869,598
1771542000000,2.2869,2.2957,2.2869,2.2935,1869
1771542900000,2.2935,2.2943,2.2874,2.2885,4269
1771543800000,2.2885,2.2885,2.279,2.282,710
1771544700000,2.282,2.2867,2.282,2.2866,2726
1771545600000,2.2866,2.288,2.283,2.2835,1274
1771546500000,2.2835,2.2984,2.2785,2.2943,7464
1771547400000,2.2943,2.3029,2.2922,2.2923,9060
1771548300000,2.2923,2.2955,2.2894,2.2922,1350
1771549200000,2.2922,2.3023,2.2922,2.3005,1451
1771550100000,2.3005,2.301,2.2859,2.2895,8352
1771551000000,2.2895,2.2982,2.2864,2.2864,6930
1771551900000,2.2864,2.2888,2.28,2.2823,6438
1771552800000,2.2823,2.2851,2.2781,2.2846,2401
1771553700000,2.2846,2.2858,2.273,2.2739,6551
1771554600000,2.2739,2.277,2.2729,2.274,2419
1771555500000,2.274,2.2751,2.2672,2.2716,5061
1771556400000,2.2716,2.2793,2.2685,2.2722,2864
1771557300000,2.2722,2.2775,2.2715,2.2753,250
1771558200000,2.2753,2.2753,2.2721,2.2721,967
1771559100000,2.2721,2.2789,2.2721,2.2769,1293
1771560000000,2.2769,2.2769,2.2698,2.2716,387
1771560900000,2.2716,2.2744,2.254,2.2567,24253
1771561800000,2.2567,2.275,2.2555,2.2715,11549
1771562700000,2.2715,2.2752,2.2701,2.2721,1224
1771563600000,2.2721,2.2721,2.2582,2.2646,2447
1771564500000,2.2646,2.2646,2.2591,2.2619,3658
1771565400000,2.2619,2.2808,2.2619,2.2788,12125
1771566300000,2.2788,2.2871,2.2758,2.2782,4710
1771567200000,2.2782,2.2802,2.2665,2.2711,3444
1771568100000,2.2711,2.2711,2.264,2.2643,757
1771569000000,2.2643,2.2676,2.2636,2.2649,1970
1771569900000,2.2649,2.2688,2.2638,2.2688,1777
1771570800000,2.2688,2.2756,2.2688,2.2745,6400
1771571700000,2.2745,2.2747,2.2662,2.2666,3374
1771572600000,2.2666,2.2684,2.2607,2.2635,3379
1771573500000,2.2635,2.2677,2.2581,2.2677,7033
1771574400000,2.2677,2.2754,2.2657,2.2739,4025
1771575300000,2.2739,2.2774,2.267,2.2774,31689
1771576200000,2.2774,2.2826,2.2746,2.2763,8954
1771577100000,2.2763,2.2812,2.2731,2.2797,10483
1771578000000,2.2797,2.3,2.2797,2.2937,39943
1771578900000,2.2937,2.3127,2.2937,2.3068,12847
1771579800000,2.3068,2.3206,2.3047,2.3107,10006
1771580700000,2.3107,2.324,2.3105,2.3224,6323
1771581600000,2.3224,2.3288,2.3141,2.3206,6635
1771582500000,2.3206,2.3228,2.3095,2.3219,2772
1771583400000,2.3219,2.3326,2.3164,2.3164,15238
1771584300000,2.3164,2.318,2.3073,2.31,4019
1771585200000,2.31,2.3195,2.3062,2.3068,1225
1771586100000,2.3068,2.3091,2.3043,2.3071,1962
1771587000000,2.3071,2.3147,2.3008,2.3008,6392
1771587900000,2.3008,2.3107,2.2968,2.3047,4954
1771588800000,2.3047,2.3204,2.3042,2.3119,14109
1771589700000,2.3119,2.3121,2.2948,2.2995,3230
1771590600000,2.2995,2.3205,2.2995,2.3192,7930
1771591500000,2.3192,2.3538,2.3192,2.3485,27648
1771592400000,2.3485,2.3666,2.3336,2.3578,31912
1771593300000,2.3578,2.369,2.3505,2.3592,10996
1771594200000,2.3592,2.3647,2.3189,2.3367,60023
1771595100000,2.3367,2.3506,2.3246,2.3268,16700
1771596000000,2.3268,2.3344,2.3186,2.3236,7997
1771596900000,2.3236,2.3429,2.3178,2.3344,4882
1771597800000,2.3344,2.38,2.3279,2.3719,64437
1771598700000,2.3719,2.3787,2.3551,2.3582,24680
1771599600000,2.3582,2.3884,2.3566,2.363,72728
1771600500000,2.363,2.3819,2.3607,2.3659,14834
1771601400000,2.3659,2.3686,2.3371,2.3381,11290
1771602300000,2.3381,2.3551,2.3291,2.3551,9491
1771603200000,2.3551,2.3697,2.3491,2.3574,18862
1771604100000,2.3574,2.3761,2.3476,2.3672,17244
1771605000000,2.3672,2.3672,2.3551,2.3641,8316
1771605900000,2.3641,2.3835,2.3616,2.3793,10210
1771606800000,2.3793,2.3793,2.3475,2.3482,16147
1771607700000,2.3482,2.3509,2.3349,2.3432,8158
1771608600000,2.3432,2.3568,2.338,2.35,27354
1771609500000,2.35,2.3733,2.3493,2.3723,5089
1771610400000,2.3723,2.3763,2.3581,2.3606,5490
1771611300000,2.3606,2.363,2.3525,2.3627,7490
1771612200000,2.3627,2.3707,2.3465,2.3505,10822
1771613100000,2.3505,2.3574,2.3431,2.3472,10316
1771614000000,2.3472,2.3476,2.3342,2.3342,4956
1771614900000,2.3342,2.335,2.3267,2.3318,6480
1771615800000,2.3318,2.3502,2.3285,2.3317,4773
1771616700000,2.3317,2.346,2.3317,2.3456,5258
1771617600000,2.3456,2.349,2.3389,2.349,7752
1771618500000,2.349,2.349,2.3339,2.3339,4583
1771619400000,2.3339,2.339,2.33,2.3337,6248
1771620300000,2.3337,2.3392,2.3337,2.3363,6991
1771621200000,2.3363,2.346,2.3342,2.3426,2532
1771622100000,2.3426,2.3426,2.3376,2.3395,62
1771623000000,2.3395,2.3435,2.3371,2.3433,645
1771623900000,2.3433,2.3541,2.3433,2.3516,2404
1771624800000,2.3516,2.3524,2.3422,2.343,6929
1771625700000,2.343,2.3523,2.3404,2.3522,1635
1771626600000,2.3522,2.3581,2.3413,2.3417,12682
1771627500000,2.3417,2.3487,2.3406,2.3423,2414
1771628400000,2.3423,2.3441,2.3398,2.3407,146
1771629300000,2.3407,2.3441,2.3398,2.34,215
1771630200000,2.34,2.3432,2.3391,2.3432,629
1771631100000,2.3432,2.3564,2.3432,2.3524,536
1771632000000,2.3524,2.3558,2.3461,2.3461,2835
1771632900000,2.3461,2.3527,2.3427,2.3483,8877
1771633800000,2.3483,2.3502,2.3398,2.3477,4573
1771634700000,2.3477,2.3539,2.3477,2.3491,1045
1771635600000,2.3491,2.3567,2.3491,2.3559,721
1771636500000,2.3559,2.3599,2.355,2.3567,1712
1771637400000,2.3567,2.3786,2.3567,2.3767,5089
1771638300000,2.3767,2.3795,2.3682,2.3725,3278
1771639200000,2.3725,2.3854,2.3725,2.3804,8727
1771640100000,2.3804,2.3827,2.3669,2.3826,5676
1771641000000,2.3826,2.4044,2.3826,2.4,49506
1771641900000,2.4,2.4016,2.3825,2.3857,8401
1771642800000,2.3857,2.3895,2.3786,2.3861,2730
1771643700000,2.3861,2.3861,2.3753,2.3772,8887
1771644600000,2.3772,2.3984,2.3772,2.3916,15290
1771645500000,2.3916,2.4035,2.3916,2.4032,13847
1771646400000,2.4032,2.4047,2.3926,2.3946,2096
1771647300000,2.3946,2.4048,2.394,2.4016,1461
1771648200000,2.4016,2.4076,2.3947,2.4056,3551
1771649100000,2.4056,2.4056,2.3959,2.3983,838
1771650000000,2.3983,2.4065,2.389,2.3964,11520
1771650900000,2.3964,2.4008,2.3947,2.4002,2758
1771651800000,2.4002,2.4079,2.3959,2.3967,3869
1771652700000,2.3967,2.3967,2.3758,2.3789,4958
1771653600000,2.3789,2.3803,2.3722,2.3737,3813
1771654500000,2.3737,2.3737,2.3694,2.3702,1226
1771655400000,2.3702,2.3702,2.3559,2.3592,3084
1771656300000,2.3592,2.3672,2.3577,2.363,1539
1771657200000,2.363,2.374,2.3613,2.3613,17517
1771658100000,2.3613,2.3684,2.3613,2.363,3756
1771659000000,2.363,2.3788,2.363,2.3788,1244
1771659900000,2.3788,2.3788,2.3712,2.3739,1001
1771660800000,2.3739,2.3789,2.3662,2.3691,4807
1771661700000,2.3691,2.3825,2.3683,2.3775,2952
1771662600000,2.3775,2.3864,2.3756,2.38,4970
1771663500000,2.38,2.39,2.3775,2.39,5186
1771664400000,2.39,2.3915,2.3826,2.3831,3349
1771665300000,2.3831,2.3935,2.3817,2.3899,18095
1771666200000,2.3899,2.3916,2.3828,2.3844,1750
1771667100000,2.3844,2.385,2.377,2.3805,4647
1771668000000,2.3805,2.3876,2.3793,2.3876,7207
1771668900000,2.3876,2.3876,2.3744,2.3744,4113
1771669800000,2.3744,2.3835,2.3744,2.3792,3501
1771670700000,2.3792,2.3792,2.3706,2.3744,1833
1771671600000,2.3744,2.3813,2.3744,2.3793,3392
1771672500000,2.3793,2.3793,2.3697,2.371,4751
1771673400000,2.371,2.3741,2.3634,2.3703,6805
1771674300000,2.3703,2.3703,2.352,2.3564,4687
1771675200000,2.3564,2.3613,2.3538,2.3575,9603
1771676100000,2.3575,2.3584,2.3491,2.3491,1747
1771677000000,2.3491,2.3539,2.347,2.3519,18776
1771677900000,2.3519,2.354,2.3488,2.3523,2862
1771678800000,2.3523,2.3549,2.3465,2.3515,8560
1771679700000,2.3515,2.3515,2.3433,2.3463,18977
1771680600000,2.3463,2.3518,2.343,2.343,10657
1771681500000,2.343,2.3522,2.3424,2.3512,4856
1771682400000,2.3512,2.3519,2.3449,2.3513,4680
1771683300000,2.3513,2.3652,2.3513,2.3529,24126
1771684200000,2.3529,2.3561,2.3505,2.3561,1618
1771685100000,2.3561,2.3576,2.3409,2.3412,5448
1771686000000,2.3412,2.3412,2.3346,2.3377,8002
1771686900000,2.3377,2.3412,2.3346,2.3372,2037
1771687800000,2.3372,2.3524,2.3335,2.3524,7163
1771688700000,2.3524,2.3539,2.3443,2.3443,2890
1771689600000,2.3443,2.3468,2.3353,2.341,8915
1771690500000,2.341,2.3429,2.3375,2.3384,5688
1771691400000,2.3384,2.3384,2.3309,2.3326,1362
1771692300000,2.3326,2.3326,2.3273,2.3302,2159
1771693200000,2.3302,2.333,2.3271,2.3271,4077
1771694100000,2.3271,2.3319,2.3271,2.3296,749
1771695000000,2.3296,2.33,2.3213,2.3283,5162
1771695900000,2.3283,2.3283,2.3214,2.3214,5220
1771696800000,2.3214,2.3263,2.3214,2.3218,1022
1771697700000,2.3218,2.3252,2.3201,2.322,2077
1771698600000,2.322,2.3377,2.322,2.3344,16190
1771699500000,2.3344,2.3429,2.3344,2.3427,1490
1771700400000,2.3427,2.3427,2.3337,2.3395,2644
1771701300000,2.3395,2.3395,2.3278,2.328,8011
1771702200000,2.328,2.328,2.325,2.325,180
1771703100000,2.325,2.3256,2.3229,2.3256,3362
1771704000000,2.3256,2.3274,2.3219,2.3219,1091
1771704900000,2.3219,2.3285,2.3219,2.3279,134
1771705800000,2.3279,2.3282,2.309,2.3209,23937
1771706700000,2.3209,2.3209,2.3107,2.3126,6770
1771707600000,2.3126,2.318,2.3094,2.3168,7593
1771708500000,2.3168,2.3203,2.3163,2.3184,2672
1771709400000,2.3184,2.3218,2.3184,2.3204,3144
1771710300000,2.3204,2.3221,2.3192,2.3205,1864
1771711200000,2.3205,2.3222,2.3087,2.3087,4317
1771712100000,2.3087,2.3157,2.3087,2.3157,631
1771713000000,2.3157,2.3181,2.31,2.3168,10572
1771713900000,2.3168,2.3206,2.3165,2.3195,523
1771714800000,2.3195,2.322,2.315,2.316,1488
1771715700000,2.316,2.3182,2.3152,2.3159,1922
1771716600000,2.3159,2.3159,2.3128,2.3143,959
1771717500000,2.3143,2.3143,2.3034,2.3095,12163
1771718400000,2.3095,2.311,2.2993,2.3007,7441
1771719300000,2.3007,2.3077,2.3003,2.3024,2157
1771720200000,2.3024,2.3024,2.2923,2.2968,24352
1771721100000,2.2968,2.3119,2.2968,2.3119,10701
1771722000000,2.3119,2.317,2.3041,2.3042,2366
1771722900000,2.3042,2.3069,2.2958,2.2993,5577
1771723800000,2.2993,2.3052,2.2987,2.3037,2179
1771724700000,2.3037,2.3043,2.3016,2.3029,588
1771725600000,2.3029,2.3056,2.2998,2.3045,2380
1771726500000,2.3045,2.305,2.2961,2.2961,675
1771727400000,2.2961,2.297,2.2912,2.294,2655
1771728300000,2.294,2.294,2.2831,2.2858,6013
1771729200000,2.2858,2.2878,2.2837,2.2861,4084
1771730100000,2.2861,2.2864,2.2786,2.2864,6183
1771731000000,2.2864,2.2905,2.2848,2.2874,942
1771731900000,2.2874,2.2883,2.285,2.285,162
1771732800000,2.285,2.287,2.2818,2.2831,10157
1771733700000,2.2831,2.2832,2.2787,2.2796,2911
1771734600000,2.2796,2.2797,2.2756,2.2766,949
1771735500000,2.2766,2.28,2.2766,2.2788,1720
1771736400000,2.2788,2.283,2.2788,2.2825,997
1771737300000,2.2825,2.2852,2.2821,2.2852,2813
1771738200000,2.2852,2.2859,2.2836,2.2847,342
1771739100000,2.2847,2.2888,2.2827,2.2886,1900
1771740000000,2.2886,2.29,2.2808,2.2831,1050
1771740900000,2.2831,2.2893,2.2829,2.2887,1060
1771741800000,2.2887,2.299,2.2882,2.2983,5390
1771742700000,2.2983,2.2991,2.2917,2.2926,1106
1771743600000,2.2926,2.299,2.2905,2.299,3692
1771744500000,2.299,2.3057,2.2966,2.3032,2847
1771745400000,2.3032,2.3104,2.3005,2.3024,4269
1771746300000,2.3024,2.3105,2.3016,2.3089,2532
1771747200000,2.3089,2.3097,2.3012,2.3019,10282
1771748100000,2.3019,2.3019,2.2921,2.2928,1233
1771749000000,2.2928,2.2928,2.2816,2.2816,3032
1771749900000,2.2816,2.2879,2.2813,2.2853,718
1771750800000,2.2853,2.292,2.2844,2.292,1311
1771751700000,2.292,2.2937,2.2879,2.2898,1302
1771752600000,2.2898,2.2912,2.2891,2.2905,344
1771753500000,2.2905,2.3029,2.2905,2.3,4879
1771754400000,2.3,2.3,2.293,2.2997,3655
1771755300000,2.2997,2.2997,2.2928,2.2954,1593
1771756200000,2.2954,2.2968,2.2873,2.288,2749
1771757100000,2.288,2.2887,2.2843,2.2865,815
1771758000000,2.2865,2.2897,2.2827,2.2834,7795
1771758900000,2.2834,2.2856,2.2788,2.2809,2525
1771759800000,2.2809,2.2809,2.272,2.2733,4377
1771760700000,2.2733,2.2762,2.272,2.2754,440
1771761600000,2.2754,2.2766,2.2595,2.2607,7690
1771762500000,2.2607,2.2665,2.2573,2.266,11381
1771763400000,2.266,2.2708,2.2631,2.2678,4886
1771764300000,2.2678,2.2702,2.2642,2.2662,7894
1771765200000,2.2662,2.2662,2.2563,2.2584,8182
1771766100000,2.2584,2.2665,2.2578,2.2623,6506
1771767000000,2.2623,2.2631,2.2517,2.2592,25937
1771767900000,2.2592,2.2596,2.2524,2.2545,7417
1771768800000,2.2545,2.264,2.2442,2.2519,72321
1771769700000,2.2519,2.2535,2.2455,2.2493,5544
1771770600000,2.2493,2.2554,2.2444,2.2446,4220
1771771500000,2.2446,2.2525,2.2434,2.2497,9521
1771772400000,2.2497,2.2522,2.245,2.2467,12116
1771773300000,2.2467,2.2532,2.2411,2.2522,5297
1771774200000,2.2522,2.2629,2.2521,2.2619,14386
1771775100000,2.2619,2.2708,2.2581,2.2602,19207
1771776000000,2.2602,2.2622,2.2516,2.2516,3442
1771776900000,2.2516,2.2602,2.2504,2.2539,10408
1771777800000,2.2539,2.2603,2.2539,2.2592,4175
1771778700000,2.2592,2.2613,2.2585,2.2593,1752
1771779600000,2.2593,2.2664,2.2574,2.2574,914
1771780500000,2.2574,2.263,2.2557,2.263,1960
1771781400000,2.263,2.263,2.2485,2.255,5191
1771782300000,2.255,2.2565,2.2502,2.2502,6634
1771783200000,2.2502,2.2524,2.2465,2.2522,3185
1771784100000,2.2522,2.2563,2.2477,2.2477,1217
1771785000000,2.2477,2.2526,2.2477,2.2526,11565
1771785900000,2.2526,2.2528,2.244,2.2464,21173
1771786800000,2.2464,2.2475,2.2415,2.2415,2041
1771787700000,2.2415,2.2436,2.2379,2.2383,16050
1771788600000,2.2383,2.245,2.2351,2.244,17036
1771789500000,2.244,2.2448,2.2411,2.2446,4906
1771790400000,2.2446,2.2499,2.2404,2.2404,15720
1771791300000,2.2404,2.246,2.2403,2.2454,3934
1771792200000,2.2454,2.2454,2.2389,2.2389,2990
1771793100000,2.2389,2.2414,2.2338,2.2372,8012
1771794000000,2.2372,2.24,2.2361,2.2374,2244
1771794900000,2.2374,2.2398,2.2315,2.2339,4861
1771795800000,2.2339,2.2432,2.2339,2.2425,4339
1771796700000,2.2425,2.2462,2.2306,2.2333,32801
1771797600000,2.2333,2.2374,2.2324,2.2361,6243
1771798500000,2.2361,2.2454,2.2361,2.2421,981
1771799400000,2.2421,2.2497,2.2397,2.249,1231
1771800300000,2.249,2.2536,2.248,2.248,3244
1771801200000,2.248,2.2499,2.2455,2.2455,6053
1771802100000,2.2455,2.2466,2.2412,2.2432,1709
1771803000000,2.2432,2.2481,2.239,2.2411,20623
1771803900000,2.2411,2.2485,2.2411,2.2459,4299
1771804800000,2.2459,2.2497,2.2448,2.2448,4870
1771805700000,2.2448,2.247,2.2355,2.2374,37442
1771806600000,2.2374,2.2379,2.2253,2.2332,37352
1771807500000,2.2332,2.2407,2.2214,2.2259,38297
1771808400000,2.2259,2.226,2.192,2.2065,96643
1771809300000,2.2065,2.2065,2.1831,2.1929,27704
1771810200000,2.1929,2.1929,2.1801,2.1893,17699
1771811100000,2.1893,2.1976,2.1532,2.1669,129637
1771812000000,2.1669,2.1864,2.165,2.1812,68388
1771812900000,2.1812,2.1881,2.179,2.1795,12832
1771813800000,2.1795,2.1884,2.1795,2.1841,11488
1771814700000,2.1841,2.189,2.1841,2.1856,239
1771815600000,2.1856,2.2015,2.1856,2.199,8683
1771816500000,2.199,2.1995,2.189,2.1907,5467
1771817400000,2.1907,2.1987,2.185,2.1987,19417
1771818300000,2.1987,2.1987,2.1942,2.1945,1826
1771819200000,2.1945,2.2,2.1939,2.2,470
1771820100000,2.2,2.2,2.1844,2.187,5115
1771821000000,2.187,2.187,2.1799,2.1823,14994
1771821900000,2.1823,2.1827,2.1765,2.1796,14874
1771822800000,2.1796,2.1928,2.1766,2.1904,3085
1771823700000,2.1904,2.1964,2.1891,2.1945,1048
1771824600000,2.1945,2.1992,2.193,2.1957,3168
1771825500000,2.1957,2.1957,2.1929,2.1933,2803
1771826400000,2.1933,2.2161,2.1909,2.2146,8598
1771827300000,2.2146,2.2177,2.2128,2.214,3934
1771828200000,2.214,2.2168,2.2105,2.211,20600
1771829100000,2.211,2.2238,2.211,2.2204,6320
1771830000000,2.2204,2.2234,2.2137,2.2159,1666
1771830900000,2.2159,2.2159,2.2104,2.2135,1004
1771831800000,2.2135,2.2143,2.2092,2.2092,1892
1771832700000,2.2092,2.2092,2.2003,2.2038,8549
1771833600000,2.2038,2.2038,2.1969,2.1987,2704
1771834500000,2.1987,2.1999,2.1945,2.1947,2784
1771835400000,2.1947,2.2044,2.1924,2.1925,45974
1771836300000,2.1925,2.195,2.1873,2.195,7693
1771837200000,2.195,2.2075,2.1926,2.2051,8123
1771838100000,2.2051,2.2075,2.2033,2.2054,4741
1771839000000,2.2054,2.2319,2.2054,2.2217,22955
1771839900000,2.2217,2.2318,2.2217,2.23,2325
1771840800000,2.23,2.23,2.221,2.221,2125
1771841700000,2.221,2.2383,2.2203,2.2334,6011
1771842600000,2.2334,2.2334,2.2257,2.233,439
1771843500000,2.233,2.233,2.2291,2.2306,718
1771844400000,2.2306,2.2346,2.2297,2.2346,1717
1771845300000,2.2346,2.2493,2.2346,2.2461,11725
1771846200000,2.2461,2.2495,2.2408,2.2417,16581
1771847100000,2.2417,2.2443,2.232,2.2374,5818
1771848000000,2.2374,2.2384,2.2351,2.2372,2059
1771848900000,2.2372,2.2372,2.2253,2.2314,22028
1771849800000,2.2314,2.2507,2.2268,2.2507,4321
1771850700000,2.2507,2.2511,2.2205,2.2224,27778
1771851600000,2.2224,2.2224,2.1809,2.1821,23159
1771852500000,2.1821,2.1863,2.1616,2.1657,78419
1771853400000,2.1657,2.1835,2.1604,2.1784,32839
1771854300000,2.1784,2.1826,2.1717,2.176,5591
1771855200000,2.176,2.1795,2.1668,2.1708,13093
1771856100000,2.1708,2.1708,2.1572,2.1637,21562
1771857000000,2.1637,2.1758,2.1592,2.167,24762
1771857900000,2.167,2.1749,2.1626,2.1636,5473
1771858800000,2.1636,2.1685,2.1507,2.1552,8468
1771859700000,2.1552,2.1635,2.1464,2.1525,37001
1771860600000,2.1525,2.1536,2.1463,2.1507,8565
1771861500000,2.1507,2.1542,2.1492,2.1528,2123
1771862400000,2.1528,2.1528,2.1351,2.1389,37537
1771863300000,2.1389,2.151,2.1389,2.147,8880
1771864200000,2.147,2.1514,2.1388,2.148,10281
1771865100000,2.148,2.1488,2.1365,2.1409,15164
1771866000000,2.1409,2.1447,2.1353,2.1353,10966
1771866900000,2.1353,2.1413,2.1223,2.124,32962
1771867800000,2.124,2.1311,2.1165,2.1285,43194
1771868700000,2.1285,2.135,2.1139,2.135,3196
1771869600000,2.135,2.1401,2.1305,2.1346,8603
1771870500000,2.1346,2.1399,2.1286,2.1352,8489
1771871400000,2.1352,2.1461,2.133,2.1412,4663
1771872300000,2.1412,2.1412,2.1223,2.1237,3081
1771873200000,2.1237,2.1256,2.1184,2.1191,2061
1771874100000,2.1191,2.121,2.1102,2.1175,9948
1771875000000,2.1175,2.12,2.1107,2.1143,2357
1771875900000,2.1143,2.1174,2.111,2.1128,830
1771876800000,2.1128,2.1156,2.1099,2.1109,1937
1771877700000,2.1109,2.1189,2.109,2.1133,4556
1771878600000,2.1133,2.1206,2.1133,2.12,1383
1771879500000,2.12,2.1299,2.1194,2.1286,6680
1771880400000,2.1286,2.1338,2.1249,2.1254,37092
1771881300000,2.1254,2.1278,2.1202,2.1221,1563
1771882200000,2.1221,2.1261,2.1179,2.1204,3925
1771883100000,2.1204,2.1225,2.1142,2.1142,389
1771884000000,2.1142,2.1193,2.1138,2.1175,6909
1771884900000,2.1175,2.1294,2.1175,2.1262,2578
1771885800000,2.1262,2.1322,2.1237,2.1239,1863
1771886700000,2.1239,2.1265,2.1184,2.1184,3823
1771887600000,2.1184,2.1209,2.1184,2.1204,123
1771888500000,2.1204,2.1214,2.1181,2.1196,992
1771889400000,2.1196,2.1222,2.1149,2.1149,2619
1771890300000,2.1149,2.1161,2.1135,2.1161,336
1771891200000,2.1161,2.1229,2.1161,2.1229,2424
1771892100000,2.1229,2.1324,2.1228,2.1313,3914
1771893000000,2.1313,2.1439,2.1313,2.1426,1800
1771893900000,2.1426,2.1436,2.1263,2.1279,4790
1771894800000,2.1279,2.1279,2.1109,2.1142,3569
1771895700000,2.1142,2.1215,2.0932,2.1172,29184
1771896600000,2.1172,2.1195,2.1091,2.1158,1264
1771897500000,2.1158,2.1158,2.1003,2.1003,3796
1771898400000,2.1003,2.104,2.094,2.1011,6731
1771899300000,2.1011,2.105,2.0988,2.105,5186
1771900200000,2.105,2.1126,2.1049,2.108,10249
1771901100000,2.108,2.108,2.088,2.0911,60942
1771902000000,2.0911,2.0981,2.0805,2.0945,78419
1771902900000,2.0945,2.1033,2.0945,2.0963,3712
1771903800000,2.0963,2.1041,2.0963,2.1027,4483
1771904700000,2.1027,2.1067,2.0975,2.1003,4384
1771905600000,2.1003,2.1039,2.0906,2.0907,2722
1771906500000,2.0907,2.096,2.0792,2.089,33970
1771907400000,2.089,2.089,2.073,2.0829,15414
1771908300000,2.0829,2.0898,2.0829,2.0838,5621
1771909200000,2.0838,2.0894,2.0808,2.0867,20182
1771910100000,2.0867,2.0867,2.0713,2.074,18632
1771911000000,2.074,2.074,2.0686,2.0724,12146
1771911900000,2.0724,2.0767,2.0703,2.0717,2492
1771912800000,2.0717,2.0717,2.06,2.0645,18001
1771913700000,2.0645,2.0708,2.0643,2.0652,1720
1771914600000,2.0652,2.066,2.0643,2.0643,431
1771915500000,2.0643,2.0643,2.0511,2.0538,15168
1771916400000,2.0538,2.0552,2.0483,2.0483,8361
1771917300000,2.0483,2.056,2.0446,2.0508,23910
1771918200000,2.0508,2.0543,2.0487,2.0502,1982
1771919100000,2.0502,2.0584,2.0502,2.057,1255
1771920000000,2.057,2.057,2.0485,2.0548,10763
1771920900000,2.0548,2.0636,2.0546,2.0583,13821
1771921800000,2.0583,2.063,2.0565,2.059,1924
1771922700000,2.059,2.066,2.0575,2.066,4252
1771923600000,2.066,2.066,2.056,2.0564,2252
1771924500000,2.0564,2.058,2.0465,2.0507,20441
1771925400000,2.0507,2.0532,2.0452,2.0481,6092
1771926300000,2.0481,2.0481,2.0376,2.0404,29483
1771927200000,2.0404,2.0456,2.0372,2.0456,13404
1771928100000,2.0456,2.0473,2.0415,2.0429,4022
1771929000000,2.0429,2.0465,2.0403,2.0463,10518
1771929900000,2.0463,2.0489,2.0413,2.0414,24103
1771930800000,2.0414,2.042,2.0339,2.0369,11648
1771931700000,2.0369,2.0379,2.0311,2.0311,12126
1771932600000,2.0311,2.0317,2.0258,2.0287,14681
1771933500000,2.0287,2.0319,2.0275,2.0319,1598
1771934400000,2.0319,2.0407,2.0292,2.0407,19963
1771935300000,2.0407,2.0443,2.0373,2.0416,9816
1771936200000,2.0416,2.0446,2.0291,2.0307,4247
1771937100000,2.0307,2.0389,2.0305,2.0379,1183
1771938000000,2.0379,2.0379,2.0317,2.0317,493
1771938900000,2.0317,2.0317,2.0195,2.0214,26222
1771939800000,2.0214,2.0343,2.0179,2.0294,61425
1771940700000,2.0294,2.035,2.0284,2.0305,19870
1771941600000,2.0305,2.0367,2.0256,2.0299,7376
1771942500000,2.0299,2.0299,2.0195,2.0292,26018
1771943400000,2.0292,2.0478,2.0226,2.042,14287
1771944300000,2.042,2.0748,2.0419,2.065,113158
1771945200000,2.065,2.0678,2.0594,2.0667,14017
1771946100000,2.0667,2.0738,2.0646,2.0691,3632
1771947000000,2.0691,2.0691,2.0431,2.0443,3833
1771947900000,2.0443,2.0457,2.0346,2.0362,1729
1771948800000,2.0362,2.0498,2.0339,2.0476,21593
1771949700000,2.0476,2.0507,2.0378,2.0395,6634
1771950600000,2.0395,2.0515,2.0367,2.0463,2432
1771951500000,2.0463,2.0494,2.0402,2.0494,3353
1771952400000,2.0494,2.0494,2.0321,2.0363,12943
1771953300000,2.0363,2.0388,2.0299,2.0299,15180
1771954200000,2.0299,2.0326,2.0292,2.0316,3124
1771955100000,2.0316,2.0316,2.0241,2.0257,5099
1771956000000,2.0257,2.0276,2.0039,2.0044,30052
1771956900000,2.0044,2.0221,2.0044,2.0154,28425
1771957800000,2.0154,2.0233,2.0154,2.0213,1499
1771958700000,2.0213,2.0213,2.0145,2.0145,2914
1771959600000,2.0145,2.0155,1.9999,2.0023,11315
1771960500000,2.0023,2.0037,1.9971,1.9988,2502
1771961400000,1.9988,2.0067,1.9976,2.005,2422
1771962300000,2.005,2.0061,2.0018,2.0018,1256
1771963200000,2.0018,2.0047,1.9971,1.9988,3187
1771964100000,1.9988,2.0022,1.9944,1.9959,4654
1771965000000,1.9959,1.9986,1.992,1.9941,43003
1771965900000,1.9941,1.9943,1.9828,1.9848,12388
1771966800000,1.9848,1.9958,1.9846,1.9925,24429
1771967700000,1.9925,1.9925,1.9849,1.9857,2476
1771968600000,1.9857,1.9915,1.9857,1.9913,1661
1771969500000,1.9913,2.002,1.9903,1.9988,15755
1771970400000,1.9988,2.0013,1.9964,1.9989,7188
1771971300000,1.9989,2.0008,1.9967,1.9971,3633
1771972200000,1.9971,1.9971,1.9887,1.9889,2066
1771973100000,1.9889,1.9889,1.979,1.9839,14924
1771974000000,1.9839,1.9873,1.9766,1.9865,4697
1771974900000,1.9865,1.9909,1.982,1.9909,6330
1771975800000,1.9909,2.0022,1.9902,1.9943,119521
1771976700000,1.9943,1.9964,1.9879,1.9881,28127
1771977600000,1.9881,1.9988,1.9844,1.9956,4981
1771978500000,1.9956,1.9964,1.9925,1.9928,3721
1771979400000,1.9928,2.013,1.9928,2.0105,58292
1771980300000,2.0105,2.0201,2.0085,2.02,2438
1771981200000,2.02,2.0824,2.02,2.0756,40277
1771982100000,2.0756,2.093,2.0685,2.0798,44973
1771983000000,2.0798,2.0858,2.0782,2.0819,21431
1771983900000,2.0819,2.0858,2.0785,2.0826,13307
1771984800000,2.0826,2.0905,2.0789,2.0859,13467
1771985700000,2.0859,2.0877,2.081,2.0822,8686
1771986600000,2.0822,2.0835,2.0773,2.0835,5815
1771987500000,2.0835,2.0835,2.0749,2.0749,2956
1771988400000,2.0749,2.0765,2.0576,2.059,3652
1771989300000,2.059,2.0607,2.0516,2.054,5794
1771990200000,2.054,2.0624,2.054,2.0612,7100
1771991100000,2.0612,2.0613,2.0566,2.0583,3164
1771992000000,2.0583,2.0633,2.0473,2.0511,9279
1771992900000,2.0511,2.0566,2.0461,2.0566,3762
1771993800000,2.0566,2.0654,2.0553,2.0628,8201
1771994700000,2.0628,2.0639,2.0575,2.0615,2489
1771995600000,2.0615,2.0618,2.0402,2.0423,19972
1771996500000,2.0423,2.0431,2.037,2.0375,5285
1771997400000,2.0375,2.0412,2.03,2.0322,6943
1771998300000,2.0322,2.0362,2.0313,2.0351,1594
1771999200000,2.0351,2.0423,2.0351,2.0415,3770
1772000100000,2.0415,2.0425,2.0275,2.0283,3779
1772001000000,2.0283,2.0362,2.0252,2.0343,6182
1772001900000,2.0343,2.035,2.0231,2.0244,2209
1772002800000,2.0244,2.0339,2.0237,2.0321,4293
1772003700000,2.0321,2.037,2.0282,2.0305,4708
1772004600000,2.0305,2.0333,2.0284,2.0285,963
1772005500000,2.0285,2.0316,2.0263,2.0316,1146
1772006400000,2.0316,2.0364,2.0274,2.0286,3543
1772007300000,2.0286,2.0352,2.0278,2.0335,6089
1772008200000,2.0335,2.0345,2.0279,2.0341,7823
1772009100000,2.0341,2.0405,2.0341,2.0398,8678
1772010000000,2.0398,2.0539,2.0398,2.0534,5515
1772010900000,2.0534,2.0545,2.0477,2.0488,1535
1772011800000,2.0488,2.0489,2.0421,2.0423,962
1772012700000,2.0423,2.0545,2.0423,2.0545,1261
1772013600000,2.0545,2.0588,2.0527,2.0538,9775
1772014500000,2.0538,2.0609,2.0516,2.0516,13186
1772015400000,2.0516,2.0529,2.0459,2.0502,3813
1772016300000,2.0502,2.0536,2.0478,2.0532,5445
1772017200000,2.0532,2.0594,2.0474,2.0587,11334
1772018100000,2.0587,2.0753,2.0583,2.0662,23972
1772019000000,2.0662,2.0726,2.0607,2.0682,15711
1772019900000,2.0682,2.0756,2.0668,2.0703,15542
1772020800000,2.0703,2.0792,2.069,2.0743,31989
1772021700000,2.0743,2.0746,2.0589,2.0695,22796
1772022600000,2.0695,2.0709,2.063,2.0653,7468
1772023500000,2.0653,2.0866,2.0653,2.0823,6966
1772024400000,2.0823,2.0926,2.0771,2.086,29642
1772025300000,2.086,2.0902,2.0803,2.09,5390
1772026200000,2.09,2.0921,2.083,2.0832,7792
1772027100000,2.0832,2.0911,2.0684,2.0724,63044
1772028000000,2.0724,2.0751,2.0679,2.0747,9949
1772028900000,2.0747,2.0825,2.0734,2.0821,14884
1772029800000,2.0821,2.0821,2.0665,2.0673,4303
1772030700000,2.0673,2.087,2.0673,2.087,5951
1772031600000,2.087,2.0962,2.0853,2.0916,30580
1772032500000,2.0916,2.0959,2.0839,2.0898,16015
1772033400000,2.0898,2.1131,2.0866,2.1123,18812
1772034300000,2.1123,2.1167,2.0893,2.0895,20398
1772035200000,2.0895,2.0976,2.0623,2.0668,46217
1772036100000,2.0668,2.0919,2.065,2.0838,94658
1772037000000,2.0838,2.094,2.0774,2.0857,15356
1772037900000,2.0857,2.1024,2.0837,2.0957,42956
1772038800000,2.0957,2.1048,2.0731,2.0797,58350
1772039700000,2.0797,2.0924,2.0735,2.0803,16064
1772040600000,2.0803,2.0828,2.0731,2.0752,16187
1772041500000,2.0752,2.0849,2.071,2.0828,67019
1772042400000,2.0828,2.0832,2.044,2.056,67209
1772043300000,2.056,2.0716,2.0547,2.0695,8466
1772044200000,2.0695,2.0803,2.066,2.0761,5645
1772045100000,2.0761,2.0761,2.0635,2.0667,6089
1772046000000,2.0667,2.0697,2.0532,2.0611,17487
1772046900000,2.0611,2.0802,2.0611,2.0788,8883
1772047800000,2.0788,2.0822,2.0726,2.0773,4004
1772048700000,2.0773,2.0866,2.0713,2.0828,19156
1772049600000,2.0828,2.0856,2.0759,2.0759,3755
1772050500000,2.0759,2.0801,2.0433,2.0573,47897
1772051400000,2.0573,2.0766,2.0567,2.065,42585
1772052300000,2.065,2.0693,1.969,2.0044,229667
1772053200000,2.0044,2.0148,1.9817,1.9978,60063
1772054100000,1.9978,2.0097,1.963,1.9903,33162
1772055000000,1.9903,2.0152,1.9861,1.9998,29139
1772055900000,1.9998,2.0089,1.9764,1.9832,31234
1772056800000,1.9832,2.0009,1.9817,1.9888,33927
1772057700000,1.9888,1.9967,1.987,1.9885,11252
1772058600000,1.9885,1.9967,1.9819,1.986,20574
1772059500000,1.986,1.9919,1.945,1.9617,131826
1772060400000,1.9617,1.9644,1.95,1.9574,17059
1772061300000,1.9574,1.959,1.935,1.9427,39523
1772062200000,1.9427,1.9442,1.9166,1.923,98054
1772063100000,1.923,1.9354,1.923,1.9331,17260
1772064000000,1.9331,1.9455,1.9258,1.9313,81863
1772064900000,1.9313,1.9492,1.9313,1.94,20729
1772065800000,1.94,1.9478,1.9279,1.9412,8373
1772066700000,1.9412,1.9479,1.9375,1.943,12456
1772067600000,1.943,1.973,1.9422,1.9637,14039
1772068500000,1.9637,1.97,1.9563,1.9692,4011
1772069400000,1.9692,1.9709,1.9626,1.9667,19393
1772070300000,1.9667,1.9667,1.9316,1.9325,49658
1772071200000,1.9325,1.9368,1.9218,1.93,10516
1772072100000,1.93,1.9434,1.929,1.9397,10217
1772073000000,1.9397,1.9489,1.937,1.9461,16973
1772073900000,1.9461,1.9483,1.9395,1.9403,11957
1772074800000,1.9403,1.9422,1.9267,1.9375,4870
1772075700000,1.9375,1.9381,1.9311,1.9335,7996
1772076600000,1.9335,1.9397,1.9304,1.9389,2074
1772077500000,1.9389,1.9414,1.9381,1.9381,2785
1772078400000,1.9381,1.9471,1.9371,1.9382,27893
1772079300000,1.9382,1.9403,1.9224,1.9378,22168
1772080200000,1.9378,1.9406,1.9316,1.9406,4348
1772081100000,1.9406,1.9407,1.9341,1.9385,2360
1772082000000,1.9385,1.9385,1.909,1.9171,38669
1772082900000,1.9171,1.9358,1.9111,1.9326,127026
1772083800000,1.9326,1.9326,1.9199,1.9269,20666
1772084700000,1.9269,1.9323,1.9241,1.9256,13049
1772085600000,1.9256,1.936,1.9208,1.9344,14403
1772086500000,1.9344,1.9346,1.9262,1.9262,15080
1772087400000,1.9262,1.9315,1.9245,1.9305,9413
1772088300000,1.9305,1.9374,1.9292,1.9327,13316
1772089200000,1.9327,1.9389,1.9267,1.9312,17400
1772090100000,1.9312,1.9323,1.918,1.9277,19446
1772091000000,1.9277,1.9277,1.9187,1.9215,28795
1772091900000,1.9215,1.924,1.9122,1.9221,30388
1772092800000,1.9221,1.9228,1.9,1.9082,72932
1772093700000,1.9082,1.9102,1.9008,1.9065,13347
1772094600000,1.9065,1.914,1.9042,1.9091,39638
1772095500000,1.9091,1.9098,1.895,1.901,39494
1772096400000,1.901,1.9209,1.8988,1.918,30799
1772097300000,1.918,1.923,1.9158,1.922,73447
1772098200000,1.922,1.9299,1.9177,1.9279,26892
1772099100000,1.9279,1.93,1.924,1.924,14516
1772100000000,1.924,1.9271,1.912,1.9144,19963
1772100900000,1.9144,1.9168,1.91,1.9114,17482
1772101800000,1.9114,1.9224,1.91,1.9152,26626
1772102700000,1.9152,1.9152,1.9047,1.9131,5772
1772103600000,1.9131,1.9165,1.898,1.903,112845
1772104500000,1.903,1.912,1.8899,1.8976,112212
1772105400000,1.8976,1.8998,1.8954,1.8962,12484
1772106300000,1.8962,1.8981,1.8836,1.8956,96408
1772107200000,1.8956,1.899,1.8921,1.8978,15483
1772108100000,1.8978,1.9043,1.8936,1.9033,16640
1772109000000,1.9033,1.9086,1.8987,1.9074,35247
1772109900000,1.9074,1.9138,1.9055,1.9106,12586
1772110800000,1.9106,1.9208,1.8957,1.8975,68780
1772111700000,1.8975,1.9102,1.8975,1.9085,4840
1772112600000,1.9085,1.9086,1.9014,1.9086,5315
1772113500000,1.9086,1.9128,1.8962,1.9079,27942
1772114400000,1.9079,1.9097,1.898,1.9003,61469
1772115300000,1.9003,1.909,1.8977,1.908,12665
1772116200000,1.908,1.9141,1.8926,1.8963,46929
1772117100000,1.8963,1.9028,1.8877,1.8996,62756
1772118000000,1.8996,1.9037,1.8922,1.8936,13786
1772118900000,1.8936,1.8936,1.86,1.8714,195931
1772119800000,1.8714,1.8715,1.8531,1.8571,75392
1772120700000,1.8571,1.8733,1.85,1.8647,31208
1772121600000,1.8647,1.8647,1.8236,1.8308,64601
1772122500000,1.8308,1.8566,1.8308,1.8518,43293
1772123400000,1.8518,1.8525,1.832,1.8412,50151
1772124300000,1.8412,1.8433,1.818,1.8274,131185
1772125200000,1.8274,1.8409,1.826,1.8304,24612
1772126100000,1.8304,1.8352,1.8229,1.825,14800
1772127000000,1.825,1.8332,1.8171,1.8259,31726
1772127900000,1.8259,1.8367,1.8255,1.8327,20513
1772128800000,1.8327,1.8387,1.8225,1.8279,48346
1772129700000,1.8279,1.83,1.8215,1.8287,36545
1772130600000,1.8287,1.8424,1.8287,1.8347,39741
1772131500000,1.8347,1.8383,1.8331,1.835,3588
1772132400000,1.835,1.84,1.8269,1.8299,46209
1772133300000,1.8299,1.834,1.8262,1.8333,6018
1772134200000,1.8333,1.8375,1.8293,1.8368,7312
1772135100000,1.8368,1.847,1.8364,1.8412,34341
1772136000000,1.8412,1.8488,1.8345,1.8374,26155
1772136900000,1.8374,1.846,1.8327,1.8354,17265
1772137800000,1.8354,1.8375,1.8321,1.8366,7069
1772138700000,1.8366,1.8409,1.8356,1.8404,3854
1772139600000,1.8404,1.8646,1.8395,1.8646,152295
1772140500000,1.8646,1.882,1.8578,1.8739,139095
1772141400000,1.8739,1.878,1.872,1.8752,8696
1772142300000,1.8752,1.8782,1.8695,1.8707,16312
1772143200000,1.8707,1.8769,1.866,1.8671,19006
1772144100000,1.8671,1.8692,1.8582,1.8624,18783
1772145000000,1.8624,1.8713,1.8615,1.8639,9863
1772145900000,1.8639,1.873,1.8639,1.8722,5121
1772146800000,1.8722,1.8767,1.8628,1.8762,9947
1772147700000,1.8762,1.8774,1.8735,1.8735,8856
1772148600000,1.8735,1.8828,1.8735,1.8774,24374
1772149500000,1.8774,1.8852,1.8714,1.8746,15925
1772150400000,1.8746,1.8776,1.8658,1.8772,34633
1772151300000,1.8772,1.888,1.8748,1.8822,18879
1772152200000,1.8822,1.884,1.874,1.8812,10366
1772153100000,1.8812,1.8858,1.8775,1.8858,10147
1772154000000,1.8858,1.8928,1.8814,1.8915,10495
1772154900000,1.8915,1.8966,1.883,1.8922,73728
1772155800000,1.8922,1.9077,1.8922,1.8982,40094
1772156700000,1.8982,1.9106,1.8982,1.9041,27327
1772157600000,1.9041,1.9041,1.894,1.899,46664
1772158500000,1.899,1.9028,1.8965,1.8987,9229
1772159400000,1.8987,1.9128,1.8987,1.9046,10521
1772160300000,1.9046,1.9171,1.8994,1.8995,47797
1772161200000,1.8995,1.9013,1.8961,1.9002,14808
1772162100000,1.9002,1.9054,1.8996,1.9034,3083
1772163000000,1.9034,1.9076,1.9034,1.9061,3842
1772163900000,1.9061,1.9128,1.9042,1.9095,12972
1772164800000,1.9095,1.9371,1.9072,1.9291,81733
1772165700000,1.9291,1.9324,1.9202,1.9213,18335
1772166600000,1.9213,1.9227,1.9042,1.9055,34571
1772167500000,1.9055,1.9104,1.9018,1.9049,8814
1772168400000,1.9049,1.9049,1.896,1.8965,15344
1772169300000,1.8965,1.9043,1.8951,1.9031,3324
1772170200000,1.9031,1.9035,1.8978,1.8985,12990
1772171100000,1.8985,1.9049,1.8971,1.9012,12842
1772172000000,1.9012,1.9083,1.8992,1.9022,19161
1772172900000,1.9022,1.9022,1.8954,1.8957,6532
1772173800000,1.8957,1.8998,1.8884,1.8998,21553
1772174700000,1.8998,1.9031,1.8957,1.8978,9073
1772175600000,1.8978,1.9045,1.8929,1.9036,40735
1772176500000,1.9036,1.9055,1.8987,1.8988,1707
1772177400000,1.8988,1.9075,1.8959,1.8975,28866
1772178300000,1.8975,1.9064,1.8969,1.8993,10630
1772179200000,1.8993,1.9117,1.8993,1.9065,49985
1772180100000,1.9065,1.914,1.9054,1.9129,10561
1772181000000,1.9129,1.9224,1.9082,1.922,8867
1772181900000,1.922,1.926,1.918,1.9231,13024
1772182800000,1.9231,1.925,1.9133,1.9135,7304
1772183700000,1.9135,1.9138,1.9087,1.9094,11947
1772184600000,1.9094,1.9162,1.9033,1.9036,10805
1772185500000,1.9036,1.9153,1.8962,1.9104,15428
1772186400000,1.9104,1.9167,1.8997,1.8997,23502
1772187300000,1.8997,1.9137,1.8993,1.9115,16280
1772188200000,1.9115,1.9234,1.9101,1.9146,16569
1772189100000,1.9146,1.92,1.9008,1.9045,16047
1772190000000,1.9045,1.9048,1.8962,1.8963,4197
1772190900000,1.8963,1.8974,1.8821,1.8924,67103
1772191800000,1.8924,1.8924,1.8666,1.8684,88283
1772192700000,1.8684,1.8805,1.8684,1.8734,31139
1772193600000,1.8734,1.8854,1.868,1.884,17543
1772194500000,1.884,1.8864,1.8762,1.878,13848
1772195400000,1.878,1.89,1.8759,1.8868,15107
1772196300000,1.8868,1.8871,1.877,1.8808,8390
1772197200000,1.8808,1.8867,1.877,1.8845,5324
1772198100000,1.8845,1.888,1.8738,1.8738,4158
1772199000000,1.8738,1.8738,1.8576,1.8659,29952
1772199900000,1.8659,1.877,1.8653,1.8701,4990
1772200800000,1.8701,1.8775,1.8698,1.8758,11962
1772201700000,1.8758,1.8773,1.8698,1.8724,15708
1772202600000,1.8724,1.8844,1.8697,1.8804,23911
1772203500000,1.8804,1.8866,1.8709,1.8766,5815
1772204400000,1.8766,1.892,1.876,1.8785,21976
1772205300000,1.8785,1.886,1.8687,1.874,18994
1772206200000,1.874,1.8768,1.862,1.8667,18771
1772207100000,1.8667,1.8756,1.8569,1.8607,14919
1772208000000,1.8607,1.8629,1.8476,1.8564,29988
1772208900000,1.8564,1.88,1.8564,1.8767,19967
1772209800000,1.8767,1.885,1.8708,1.8736,27019
1772210700000,1.8736,1.8741,1.8678,1.8691,6246
1772211600000,1.8691,1.8703,1.8482,1.8493,17666
1772212500000,1.8493,1.8539,1.8375,1.8445,37374
1772213400000,1.8445,1.862,1.8359,1.8605,26530
1772214300000,1.8605,1.8688,1.8559,1.8625,74613
1772215200000,1.8625,1.8646,1.8568,1.8627,27437
1772216100000,1.8627,1.8642,1.8542,1.8614,14694
1772217000000,1.8614,1.8653,1.859,1.8605,5120
1772217900000,1.8605,1.8609,1.8532,1.8532,2981
1772218800000,1.8532,1.8554,1.8433,1.8474,8047
1772219700000,1.8474,1.8509,1.8417,1.8485,3713
1772220600000,1.8485,1.8485,1.8392,1.8392,4167
1772221500000,1.8392,1.8476,1.8392,1.8442,7095
1772222400000,1.8442,1.8528,1.8442,1.8514,2769
1772223300000,1.8514,1.8558,1.8486,1.8486,7551
1772224200000,1.8486,1.8486,1.8404,1.8448,6659
1772225100000,1.8448,1.8469,1.8431,1.8431,4299
1772226000000,1.8431,1.8492,1.8406,1.8452,15864
1772226900000,1.8452,1.8477,1.842,1.844,4113
1772227800000,1.844,1.844,1.833,1.8388,7227
1772228700000,1.8388,1.8388,1.828,1.8343,16553
1772229600000,1.8343,1.8409,1.8337,1.8393,10080
1772230500000,1.8393,1.8411,1.8294,1.836,2928
1772231400000,1.836,1.8385,1.8101,1.8376,135304
1772232300000,1.8376,1.8427,1.8373,1.8427,3506
1772233200000,1.8427,1.8524,1.8414,1.8446,7341
1772234100000,1.8446,1.852,1.8446,1.8513,5880
1772235000000,1.8513,1.8531,1.85,1.85,4667
1772235900000,1.85,1.85,1.8449,1.8452,2359
1772236800000,1.8452,1.8477,1.8412,1.8462,13715
1772237700000,1.8462,1.8485,1.8419,1.8428,4339
1772238600000,1.8428,1.8504,1.8414,1.8471,3019
1772239500000,1.8471,1.8515,1.8444,1.8444,4117
1772240400000,1.8444,1.8453,1.8368,1.8386,18918
1772241300000,1.8386,1.8408,1.8334,1.8339,5873
1772242200000,1.8339,1.8343,1.8252,1.8323,9872
1772243100000,1.8323,1.8331,1.8287,1.8287,2458
1772244000000,1.8287,1.8315,1.8234,1.8311,13252
1772244900000,1.8311,1.8392,1.8286,1.838,8542
1772245800000,1.838,1.8454,1.838,1.8419,3367
1772246700000,1.8419,1.8476,1.8419,1.8441,7458
1772247600000,1.8441,1.8441,1.8378,1.8378,4167
1772248500000,1.8378,1.8393,1.8343,1.8358,6715
1772249400000,1.8358,1.8361,1.8273,1.8349,5588
1772250300000,1.8349,1.844,1.8349,1.8382,4334
1772251200000,1.8382,1.8434,1.8365,1.8377,3575
1772252100000,1.8377,1.8432,1.8368,1.8404,5729
1772253000000,1.8404,1.8433,1.8337,1.8418,5954
1772253900000,1.8418,1.8443,1.8407,1.8418,1615
1772254800000,1.8418,1.8514,1.8418,1.8506,13820
1772255700000,1.8506,1.8506,1.8386,1.8405,9256
1772256600000,1.8405,1.8405,1.83,1.8329,12399
1772257500000,1.8329,1.838,1.8313,1.838,7098
1772258400000,1.838,1.8388,1.8306,1.8328,8785
1772259300000,1.8328,1.8383,1.7916,1.8196,114778
1772260200000,1.8196,1.8223,1.7925,1.8171,82242
1772261100000,1.8171,1.8183,1.7839,1.7905,44796
1772262000000,1.7905,1.8225,1.777,1.8185,42806
1772262900000,1.8185,1.8218,1.7991,1.8038,20677
1772263800000,1.8038,1.8328,1.8032,1.8291,30389
1772264700000,1.8291,1.8291,1.8085,1.8086,12169
1772265600000,1.8086,1.8105,1.7939,1.795,51712
1772266500000,1.795,1.801,1.7873,1.7891,36677
1772267400000,1.7891,1.7923,1.7804,1.7806,36252
1772268300000,1.7806,1.7849,1.772,1.7775,20640
1772269200000,1.7775,1.7875,1.7707,1.7839,27002
1772270100000,1.7839,1.7904,1.78,1.7871,8625
1772271000000,1.7871,1.7871,1.7761,1.7773,6073
1772271900000,1.7773,1.7811,1.7708,1.7774,16795
1772272800000,1.7774,1.7774,1.7641,1.7735,45692
1772273700000,1.7735,1.7836,1.7719,1.7811,9371
1772274600000,1.7811,1.792,1.7807,1.7808,4862
1772275500000,1.7808,1.788,1.7786,1.7822,4537
1772276400000,1.7822,1.7879,1.7729,1.781,14939
1772277300000,1.781,1.7942,1.7802,1.7897,8938
1772278200000,1.7897,1.798,1.7889,1.7943,12530
1772279100000,1.7943,1.7946,1.7732,1.7759,14327
1772280000000,1.7759,1.7836,1.7747,1.7835,8763
1772280900000,1.7835,1.7939,1.7813,1.7917,3468
1772281800000,1.7917,1.7949,1.7894,1.7927,4018
1772282700000,1.7927,1.7927,1.7798,1.7871,26501
1772283600000,1.7871,1.7915,1.778,1.7795,12499
1772284500000,1.7795,1.7837,1.7723,1.7746,4833
1772285400000,1.7746,1.777,1.7657,1.7739,13825
1772286300000,1.7739,1.8055,1.7739,1.8033,53841
1772287200000,1.8033,1.8135,1.7936,1.8016,29248
1772288100000,1.8016,1.8079,1.7996,1.804,3362
1772289000000,1.804,1.8096,1.7954,1.8052,14190
1772289900000,1.8052,1.8063,1.7913,1.7955,29555
1772290800000,1.7955,1.7971,1.782,1.782,12160
1772291700000,1.782,1.8035,1.782,1.8003,14749
1772292600000,1.8003,1.8018,1.7913,1.7914,14938
1772293500000,1.7914,1.7964,1.7854,1.7928,18163
1772294400000,1.7928,1.7928,1.7817,1.7859,10424
1772295300000,1.7859,1.7859,1.7797,1.7841,24934
1772296200000,1.7841,1.7892,1.7799,1.7878,9443
1772297100000,1.7878,1.7928,1.7843,1.7908,5364
1772298000000,1.7908,1.7931,1.7853,1.7857,5120
1772298900000,1.7857,1.794,1.7837,1.794,7249
1772299800000,1.794,1.8002,1.7891,1.7921,27288
1772300700000,1.7921,1.8066,1.7907,1.8033,17077
1772301600000,1.8033,1.8047,1.7986,1.8032,14402
1772302500000,1.8032,1.8069,1.8017,1.8024,4628
1772303400000,1.8024,1.8265,1.8024,1.8259,29749
1772304300000,1.8259,1.841,1.8243,1.8293,9666
1772305200000,1.8293,1.831,1.8188,1.8195,6871
1772306100000,1.8195,1.8221,1.8179,1.8191,15292
1772307000000,1.8191,1.8487,1.8191,1.8361,126239
1772307900000,1.8361,1.843,1.8294,1.8337,5831
1772308800000,1.8337,1.8446,1.8316,1.8417,3256
1772309700000,1.8417,1.8523,1.8362,1.8468,13254
1772310600000,1.8468,1.8468,1.8329,1.8389,19642
1772311500000,1.8389,1.852,1.8389,1.8476,5628
1772312400000,1.8476,1.8492,1.8299,1.8353,19794
1772313300000,1.8353,1.8353,1.8267,1.8273,4927
1772314200000,1.8273,1.8391,1.8255,1.8349,59852
1772315100000,1.8349,1.8387,1.8342,1.8344,4707
1772316000000,1.8344,1.8471,1.8344,1.8443,6475
1772316900000,1.8443,1.8457,1.8399,1.8429,1167
1772317800000,1.8429,1.859,1.8419,1.8495,11787
1772318700000,1.8495,1.858,1.8479,1.8479,3722
1772319600000,1.8479,1.8479,1.8364,1.8389,20935
1772320500000,1.8389,1.842,1.8378,1.8401,4428
1772321400000,1.8401,1.8407,1.8354,1.8394,3626
1772322300000,1.8394,1.8487,1.8394,1.8453,1641
1772323200000,1.8453,1.85,1.8368,1.8374,6049
1772324100000,1.8374,1.8384,1.8333,1.8333,2562
1772325000000,1.8333,1.834,1.8276,1.8326,18100
1772325900000,1.8326,1.8354,1.8318,1.8323,2013
1772326800000,1.8323,1.8323,1.8184,1.8207,14757
1772327700000,1.8207,1.8277,1.8184,1.8255,12616
1772328600000,1.8255,1.838,1.8231,1.838,15759
1772329500000,1.838,1.8659,1.838,1.8547,67889
1772330400000,1.8547,1.8805,1.8547,1.8705,75280
1772331300000,1.8705,1.8775,1.8579,1.8647,10963
1772332200000,1.8647,1.872,1.8613,1.872,13985
1772333100000,1.872,1.874,1.864,1.8668,54709
1772334000000,1.8668,1.8668,1.8571,1.8616,163284
1772334900000,1.8616,1.8635,1.8516,1.8552,8542
1772335800000,1.8552,1.8553,1.8501,1.8524,4012
1772336700000,1.8524,1.8525,1.8437,1.8471,40639
1772337600000,1.8471,1.8526,1.8449,1.8468,7345
1772338500000,1.8468,1.849,1.8349,1.8466,24808
1772339400000,1.8466,1.8557,1.8465,1.8538,9257
1772340300000,1.8538,1.8554,1.8514,1.8554,5550
1772341200000,1.8554,1.8594,1.8521,1.8549,39747
1772342100000,1.8549,1.8613,1.8542,1.8604,5077
1772343000000,1.8604,1.8621,1.8581,1.8609,14339
1772343900000,1.8609,1.8614,1.8586,1.8606,2610
1772344800000,1.8606,1.8632,1.844,1.8507,13269
1772345700000,1.8507,1.8615,1.8504,1.8563,10116
1772346600000,1.8563,1.8588,1.8472,1.8515,11744
1772347500000,1.8515,1.856,1.8466,1.8508,9795
1772348400000,1.8508,1.8513,1.8395,1.8481,43596
1772349300000,1.8481,1.854,1.8437,1.8471,18039
1772350200000,1.8471,1.8546,1.8455,1.8543,3990
1772351100000,1.8543,1.8576,1.85,1.8506,13546
1772352000000,1.8506,1.8541,1.8442,1.8529,13352
1772352900000,1.8529,1.8587,1.8524,1.854,9901
1772353800000,1.854,1.8561,1.8502,1.8523,22232
1772354700000,1.8523,1.8542,1.8326,1.8364,18655
1772355600000,1.8364,1.8459,1.828,1.8398,17444
1772356500000,1.8398,1.8488,1.833,1.8369,28965
1772357400000,1.8369,1.837,1.8254,1.8287,10013
1772358300000,1.8287,1.8328,1.816,1.8327,40450
1772359200000,1.8327,1.8342,1.826,1.8307,34560
1772360100000,1.8307,1.8346,1.828,1.8313,3020
1772361000000,1.8313,1.8429,1.8313,1.8358,9090
1772361900000,1.8358,1.8388,1.8309,1.8322,16799
1772362800000,1.8322,1.8364,1.83,1.8301,6524
1772363700000,1.8301,1.8304,1.826,1.8275,1908
1772364600000,1.8275,1.8295,1.8202,1.8202,7041
1772365500000,1.8202,1.8277,1.8202,1.8271,3245
1772366400000,1.8271,1.8271,1.8222,1.8234,3491
1772367300000,1.8234,1.8289,1.8233,1.8234,1571
1772368200000,1.8234,1.8247,1.8145,1.8197,13314
1772369100000,1.8197,1.8197,1.8093,1.8094,4472
1772370000000,1.8094,1.8144,1.8066,1.8068,5246
1772370900000,1.8068,1.809,1.7957,1.8027,27528
1772371800000,1.8027,1.803,1.7981,1.8003,4089
1772372700000,1.8003,1.8325,1.7999,1.8202,43079
1772373600000,1.8202,1.8342,1.819,1.8239,19560
1772374500000,1.8239,1.8254,1.812,1.8133,6780
1772375400000,1.8133,1.822,1.8066,1.809,12114
1772376300000,1.809,1.8155,1.808,1.8141,5992
1772377200000,1.8141,1.8189,1.8123,1.8154,6207
1772378100000,1.8154,1.822,1.814,1.8181,5306
1772379000000,1.8181,1.8228,1.8166,1.821,10780
1772379900000,1.821,1.8231,1.8115,1.8122,8502
1772380800000,1.8122,1.8273,1.806,1.8221,12703
1772381700000,1.8221,1.826,1.8156,1.8233,16899
1772382600000,1.8233,1.8233,1.8175,1.8185,3102
1772383500000,1.8185,1.8185,1.7858,1.8017,122287
1772384400000,1.8017,1.8022,1.792,1.7975,12190
1772385300000,1.7975,1.7982,1.7825,1.7966,17107
1772386200000,1.7966,1.7974,1.792,1.7945,11412
1772387100000,1.7945,1.7958,1.7885,1.7897,13274
1772388000000,1.7897,1.81,1.789,1.8042,32829
1772388900000,1.8042,1.8089,1.8005,1.8009,7652
1772389800000,1.8009,1.8009,1.7933,1.7968,7732
1772390700000,1.7968,1.7983,1.7916,1.7921,3151
1772391600000,1.7921,1.7921,1.7817,1.7824,11600
1772392500000,1.7824,1.7841,1.7767,1.7786,17630
1772393400000,1.7786,1.785,1.7708,1.7743,43673
1772394300000,1.7743,1.7818,1.7743,1.7818,13048
1772395200000,1.7818,1.7818,1.7616,1.7654,33259
1772396100000,1.7654,1.768,1.7615,1.7641,13340
1772397000000,1.7641,1.7669,1.758,1.7601,32513
1772397900000,1.7601,1.7716,1.759,1.7651,63934
1772398800000,1.7651,1.7711,1.7619,1.7695,140968
1772399700000,1.7695,1.7838,1.769,1.7822,22408
1772400600000,1.7822,1.7839,1.7759,1.778,14083
1772401500000,1.778,1.7782,1.7736,1.7743,7217
1772402400000,1.7743,1.8051,1.7737,1.7937,198150
1772403300000,1.7937,1.7982,1.785,1.7876,13274
1772404200000,1.7876,1.7917,1.7763,1.7914,13372
1772405100000,1.7914,1.7914,1.7817,1.7824,4806
1772406000000,1.7824,1.804,1.7794,1.7973,10903
1772406900000,1.7973,1.7973,1.7922,1.7922,3970
1772407800000,1.7922,1.8,1.7911,1.7942,3175
1772408700000,1.7942,1.7972,1.7928,1.7945,1691
1772409600000,1.7945,1.7957,1.7893,1.7946,16632
1772410500000,1.7946,1.7987,1.7921,1.7943,1934
1772411400000,1.7943,1.804,1.794,1.804,3363
1772412300000,1.804,1.8075,1.7977,1.8015,4683
1772413200000,1.8015,1.8191,1.7996,1.8171,6598
1772414100000,1.8171,1.8191,1.8025,1.8026,4445
1772415000000,1.8026,1.809,1.8011,1.805,2594
1772415900000,1.805,1.8093,1.8035,1.8042,1142
1772416800000,1.8042,1.8092,1.79,1.7961,3249
1772417700000,1.7961,1.8085,1.7961,1.8001,8407
1772418600000,1.8001,1.814,1.7997,1.8057,5647
1772419500000,1.8057,1.8092,1.804,1.806,4927
1772420400000,1.806,1.8066,1.7971,1.804,5167
1772421300000,1.804,1.8113,1.804,1.8103,5518
1772422200000,1.8103,1.8135,1.8054,1.8084,8285
1772423100000,1.8084,1.8134,1.8084,1.8134,2463
1772424000000,1.8134,1.8188,1.8119,1.8188,3716
1772424900000,1.8188,1.8228,1.8173,1.8214,6085
1772425800000,1.8214,1.8259,1.8181,1.8217,6897
1772426700000,1.8217,1.8245,1.8177,1.8223,16605
1772427600000,1.8223,1.829,1.8133,1.8206,17312
1772428500000,1.8206,1.8294,1.8181,1.8215,31509
1772429400000,1.8215,1.8248,1.8189,1.8191,7205
1772430300000,1.8191,1.8191,1.8111,1.812,4314
1772431200000,1.812,1.8129,1.8086,1.8126,18411
1772432100000,1.8126,1.8135,1.798,1.8068,30164
1772433000000,1.8068,1.8156,1.8064,1.8141,24218
1772433900000,1.8141,1.8222,1.8116,1.8179,25646
1772434800000,1.8179,1.8264,1.8104,1.8105,57501
1772435700000,1.8105,1.815,1.8049,1.8053,26391
1772436600000,1.8053,1.8155,1.804,1.815,6919
1772437500000,1.815,1.8201,1.815,1.8197,6747
1772438400000,1.8197,1.8198,1.8016,1.8116,49555
1772439300000,1.8116,1.8119,1.786,1.7885,19491
1772440200000,1.7885,1.7956,1.7877,1.794,9108
1772441100000,1.794,1.8022,1.7897,1.7983,15044
1772442000000,1.7983,1.8118,1.7976,1.8085,33127
1772442900000,1.8085,1.8143,1.8079,1.811,12238
1772443800000,1.811,1.8121,1.8036,1.8044,28101
1772444700000,1.8044,1.8072,1.7977,1.7993,8742
1772445600000,1.7993,1.8031,1.7949,1.7957,11244
1772446500000,1.7957,1.7999,1.7946,1.7999,3602
1772447400000,1.7999,1.8005,1.7956,1.7976,7393
1772448300000,1.7976,1.7988,1.793,1.7988,2417
1772449200000,1.7988,1.7988,1.7801,1.7857,57305
1772450100000,1.7857,1.7947,1.7857,1.7898,20354
1772451000000,1.7898,1.7967,1.7876,1.7941,6303
1772451900000,1.7941,1.8107,1.7935,1.8006,68580
1772452800000,1.8006,1.8019,1.7901,1.7903,11760
1772453700000,1.7903,1.7969,1.7887,1.7923,11113
1772454600000,1.7923,1.7968,1.7917,1.7932,4658
1772455500000,1.7932,1.7984,1.7912,1.7943,6147
1772456400000,1.7943,1.796,1.7875,1.7911,4512
1772457300000,1.7911,1.8014,1.7909,1.7925,5719
1772458200000,1.7925,1.7997,1.7895,1.7981,7957
1772459100000,1.7981,1.7981,1.7935,1.7963,3735
1772460000000,1.7963,1.8064,1.7939,1.8038,29688
1772460900000,1.8038,1.8053,1.795,1.8003,10606
1772461800000,1.8003,1.8255,1.7985,1.8224,132794
1772462700000,1.8224,1.8344,1.8182,1.8275,32243
1772463600000,1.8275,1.8611,1.8243,1.8573,32865
1772464500000,1.8573,1.8686,1.8521,1.8557,77877
1772465400000,1.8557,1.869,1.8461,1.8671,20668
1772466300000,1.8671,1.8687,1.8472,1.8517,20199
1772467200000,1.8517,1.8632,1.8407,1.861,31851
1772468100000,1.861,1.8621,1.8459,1.8466,15930
1772469000000,1.8466,1.8541,1.8352,1.8529,33943
1772469900000,1.8529,1.8575,1.8395,1.8429,21246
1772470800000,1.8429,1.8498,1.8371,1.8393,36267
1772471700000,1.8393,1.8426,1.8301,1.8426,17196
1772472600000,1.8426,1.8533,1.8354,1.8369,23313
1772473500000,1.8369,1.8626,1.8361,1.8626,13035
1772474400000,1.8626,1.8766,1.8486,1.8766,21952
1772475300000,1.8766,1.8779,1.8581,1.8623,12732
1772476200000,1.8623,1.8663,1.852,1.8547,8537
1772477100000,1.8547,1.8585,1.8507,1.8529,21647
1772478000000,1.8529,1.8529,1.838,1.8444,27145
1772478900000,1.8444,1.8515,1.8419,1.8463,10274
1772479800000,1.8463,1.8533,1.8416,1.8471,8764
1772480700000,1.8471,1.8559,1.8461,1.8526,16600
1772481600000,1.8526,1.8622,1.8435,1.849,17439
1772482500000,1.849,1.851,1.844,1.8481,8305
1772483400000,1.8481,1.8536,1.8438,1.8531,4827
1772484300000,1.8531,1.8564,1.8487,1.8488,16103
1772485200000,1.8488,1.8537,1.8437,1.8514,15056
1772486100000,1.8514,1.852,1.8448,1.8514,5478
1772487000000,1.8514,1.8525,1.847,1.8482,4356
1772487900000,1.8482,1.8497,1.8435,1.8466,6753
1772488800000,1.8466,1.8575,1.8466,1.8528,8558
1772489700000,1.8528,1.8576,1.8488,1.8568,3085
1772490600000,1.8568,1.8583,1.8534,1.8565,9044
1772491500000,1.8565,1.8565,1.8508,1.8556,5045
1772492400000,1.8556,1.8571,1.8435,1.8457,12910
1772493300000,1.8457,1.848,1.8392,1.8394,9670
1772494200000,1.8394,1.8417,1.8337,1.8367,17001
1772495100000,1.8367,1.844,1.8362,1.8405,3985
1772496000000,1.8405,1.844,1.8357,1.837,32146
1772496900000,1.837,1.8392,1.8295,1.835,2800
1772497800000,1.835,1.8435,1.8306,1.8417,35740
1772498700000,1.8417,1.8426,1.8333,1.8375,7864
1772499600000,1.8375,1.8453,1.8347,1.8438,5428
1772500500000,1.8438,1.8438,1.8387,1.8421,2693
1772501400000,1.8421,1.8491,1.8375,1.8487,3873
1772502300000,1.8487,1.851,1.8434,1.8434,3304
1772503200000,1.8434,1.8434,1.8323,1.8393,13192
1772504100000,1.8393,1.8425,1.8314,1.8409,11103
1772505000000,1.8409,1.8469,1.8402,1.8419,2705
1772505900000,1.8419,1.8474,1.8403,1.8436,13353
1772506800000,1.8436,1.8446,1.8341,1.8411,3912
1772507700000,1.8411,1.8416,1.8363,1.8379,4815
1772508600000,1.8379,1.8486,1.8374,1.8486,3057
1772509500000,1.8486,1.8504,1.8466,1.8474,2547
1772510400000,1.8474,1.8535,1.8396,1.8397,6046
1772511300000,1.8397,1.8469,1.8384,1.8401,6060
1772512200000,1.8401,1.8411,1.8356,1.8387,6289
1772513100000,1.8387,1.8391,1.8323,1.8364,4576
1772514000000,1.8364,1.8406,1.8284,1.8406,8989
1772514900000,1.8406,1.852,1.8406,1.846,20405
1772515800000,1.846,1.846,1.835,1.8381,3379
1772516700000,1.8381,1.8381,1.8274,1.8314,3877
1772517600000,1.8314,1.8366,1.8299,1.8324,7526
1772518500000,1.8324,1.8331,1.8236,1.8257,8905
1772519400000,1.8257,1.8288,1.8213,1.8241,16694
1772520300000,1.8241,1.8287,1.8185,1.8236,29184
1772521200000,1.8236,1.8317,1.8231,1.8313,20189
1772522100000,1.8313,1.8332,1.8221,1.8234,1204
1772523000000,1.8234,1.8247,1.82,1.8244,7894
1772523900000,1.8244,1.8317,1.8229,1.8317,5581
1772524800000,1.8317,1.8335,1.8187,1.8196,6797
1772525700000,1.8196,1.8215,1.8125,1.8173,21633
1772526600000,1.8173,1.8208,1.8054,1.8076,18591
1772527500000,1.8076,1.8084,1.7977,1.7991,38276
1772528400000,1.7991,1.8111,1.7979,1.8109,15930
1772529300000,1.8109,1.8134,1.7931,1.7948,20335
1772530200000,1.7948,1.8047,1.7911,1.8034,19214
1772531100000,1.8034,1.8034,1.7975,1.7995,7713
1772532000000,1.7995,1.7995,1.7908,1.7925,6315
1772532900000,1.7925,1.7937,1.7855,1.7874,9715
1772533800000,1.7874,1.7944,1.7874,1.7935,6952
1772534700000,1.7935,1.7973,1.79,1.7948,30544
1772535600000,1.7948,1.7961,1.7898,1.7909,15124
1772536500000,1.7909,1.793,1.7867,1.787,13754
1772537400000,1.787,1.7918,1.7834,1.7907,10045
1772538300000,1.7907,1.7967,1.7874,1.796,9414
1772539200000,1.796,1.8098,1.7942,1.8013,41406
1772540100000,1.8013,1.8013,1.7814,1.7842,17606
1772541000000,1.7842,1.7892,1.7789,1.7884,20829
1772541900000,1.7884,1.79,1.7823,1.7861,8279
1772542800000,1.7861,1.7891,1.7773,1.7792,8915
1772543700000,1.7792,1.7862,1.7792,1.7828,4212
1772544600000,1.7828,1.7836,1.778,1.7791,7261
1772545500000,1.7791,1.7851,1.7721,1.7799,59413
1772546400000,1.7799,1.7839,1.7735,1.78,13057
1772547300000,1.78,1.7859,1.7792,1.7825,7761
1772548200000,1.7825,1.7948,1.7684,1.7704,32996
1772549100000,1.7704,1.7829,1.7625,1.7765,62702
1772550000000,1.7765,1.7847,1.7731,1.7789,25029
1772550900000,1.7789,1.7828,1.7687,1.7784,10244
1772551800000,1.7784,1.7968,1.7779,1.7857,19667
1772552700000,1.7857,1.7939,1.7843,1.7892,8876
1772553600000,1.7892,1.8131,1.788,1.8131,34922
1772554500000,1.8131,1.827,1.8066,1.82,28147
1772555400000,1.82,1.82,1.7842,1.7939,51834
1772556300000,1.7939,1.8138,1.7935,1.8078,41953
1772557200000,1.8078,1.8082,1.7884,1.7968,26906
1772558100000,1.7968,1.8087,1.7949,1.8053,9209
1772559000000,1.8053,1.8062,1.7944,1.8062,7060
1772559900000,1.8062,1.8137,1.8024,1.8085,20302
1772560800000,1.8085,1.8109,1.8017,1.805,16241
1772561700000,1.805,1.816,1.805,1.8132,5244
1772562600000,1.8132,1.8231,1.8132,1.8155,17864
1772563500000,1.8155,1.8158,1.8086,1.8109,6816
1772564400000,1.8109,1.814,1.8027,1.8101,10576
1772565300000,1.8101,1.8157,1.8072,1.81,9399
1772566200000,1.81,1.8158,1.8031,1.8156,18523
1772567100000,1.8156,1.8175,1.8115,1.813,7003
1772568000000,1.813,1.8162,1.8084,1.8084,6469
1772568900000,1.8084,1.8129,1.8084,1.8121,1181
1772569800000,1.8121,1.8163,1.8092,1.8122,8377
1772570700000,1.8122,1.8128,1.8,1.8049,14740
1772571600000,1.8049,1.8051,1.7952,1.799,6660
1772572500000,1.799,1.8017,1.7901,1.7931,14271
1772573400000,1.7931,1.7971,1.7923,1.7969,5837
1772574300000,1.7969,1.8044,1.7961,1.8039,4963
1772575200000,1.8039,1.8176,1.8039,1.809,13861
1772576100000,1.809,1.8101,1.8062,1.8071,1160
1772577000000,1.8071,1.8156,1.8067,1.8146,4863
1772577900000,1.8146,1.8156,1.8112,1.8129,3268
1772578800000,1.8129,1.8234,1.8113,1.8181,12389
1772579700000,1.8181,1.8185,1.8126,1.8156,7038
1772580600000,1.8156,1.8156,1.8116,1.8139,6246
1772581500000,1.8139,1.8182,1.8094,1.8117,8648
1772582400000,1.8117,1.8133,1.8083,1.8084,3667
1772583300000,1.8084,1.8175,1.8084,1.8142,13825
1772584200000,1.8142,1.8142,1.8031,1.8052,7336
1772585100000,1.8052,1.8166,1.8052,1.816,3698
1772586000000,1.816,1.8191,1.8107,1.8108,5318
1772586900000,1.8108,1.8194,1.8082,1.8172,2169
1772587800000,1.8172,1.8264,1.8155,1.8228,31359
1772588700000,1.8228,1.8245,1.8162,1.8165,4068
1772589600000,1.8165,1.822,1.8143,1.822,6498
1772590500000,1.822,1.824,1.8156,1.8167,10103
1772591400000,1.8167,1.8228,1.8166,1.8209,4792
1772592300000,1.8209,1.83,1.8194,1.8284,14836
1772593200000,1.8284,1.8311,1.8247,1.8307,4321
1772594100000,1.8307,1.8324,1.8148,1.815,19193
1772595000000,1.815,1.8156,1.8036,1.8098,19053
1772595900000,1.8098,1.8187,1.8066,1.8177,4629
1772596800000,1.8177,1.8204,1.8119,1.8169,4294
1772597700000,1.8169,1.8194,1.8125,1.8133,15362
1772598600000,1.8133,1.8133,1.8079,1.8101,3289
1772599500000,1.8101,1.8179,1.8096,1.8169,10686
1772600400000,1.8169,1.8226,1.8145,1.8207,12294
1772601300000,1.8207,1.8218,1.8115,1.8146,8024
1772602200000,1.8146,1.8253,1.8125,1.8219,5288
1772603100000,1.8219,1.8227,1.8193,1.8205,6352
1772604000000,1.8205,1.8221,1.8177,1.8194,2716
1772604900000,1.8194,1.8221,1.8166,1.8211,5847
1772605800000,1.8211,1.8377,1.8211,1.8355,11317
1772606700000,1.8355,1.8355,1.8308,1.832,9290
1772607600000,1.832,1.8328,1.8283,1.83,4573
1772608500000,1.83,1.8425,1.8295,1.8396,17096
1772609400000,1.8396,1.8426,1.8363,1.8391,8827
1772610300000,1.8391,1.8494,1.8384,1.8489,16094
1772611200000,1.8489,1.8571,1.8472,1.8502,46109
1772612100000,1.8502,1.8571,1.8488,1.8504,17404
1772613000000,1.8504,1.867,1.8504,1.867,34920
1772613900000,1.867,1.8926,1.867,1.8892,74646
1772614800000,1.8892,1.901,1.8853,1.9005,15881
1772615700000,1.9005,1.9187,1.8976,1.9142,15735
1772616600000,1.9142,1.9236,1.9097,1.9202,34520
1772617500000,1.9202,1.9202,1.8963,1.9007,24804
1772618400000,1.9007,1.902,1.8895,1.8896,11485
1772619300000,1.8896,1.8899,1.876,1.8773,16774
1772620200000,1.8773,1.8773,1.8666,1.8682,20302
1772621100000,1.8682,1.8769,1.8682,1.8768,13620
1772622000000,1.8768,1.879,1.8692,1.8733,23040
1772622900000,1.8733,1.8735,1.8628,1.8635,12258
1772623800000,1.8635,1.8637,1.8432,1.8468,29862
1772624700000,1.8468,1.8556,1.8449,1.8549,15008
1772625600000,1.8549,1.8551,1.8438,1.846,10594
1772626500000,1.846,1.846,1.8396,1.8396,6926
1772627400000,1.8396,1.8513,1.8349,1.8476,38740
1772628300000,1.8476,1.8476,1.8411,1.8457,23578
1772629200000,1.8457,1.8608,1.8457,1.8564,50970
1772630100000,1.8564,1.8596,1.8513,1.8573,13901
1772631000000,1.8573,1.8582,1.8533,1.855,6392
1772631900000,1.855,1.8597,1.85,1.8574,7414
1772632800000,1.8574,1.8653,1.8551,1.8628,12814
1772633700000,1.8628,1.8743,1.8602,1.8715,23389
1772634600000,1.8715,1.8912,1.8636,1.8646,92459
1772635500000,1.8646,1.8691,1.856,1.8636,75225
1772636400000,1.8636,1.8763,1.8636,1.8697,62606
1772637300000,1.8697,1.8937,1.8697,1.8908,26153
1772638200000,1.8908,1.8962,1.8775,1.8808,16751
1772639100000,1.8808,1.8956,1.8808,1.8956,14682
1772640000000,1.8956,1.9007,1.884,1.8863,26268
1772640900000,1.8863,1.8934,1.8787,1.8914,15405
1772641800000,1.8914,1.8956,1.8865,1.8865,15568
1772642700000,1.8865,1.8875,1.8803,1.8817,9221
1772643600000,1.8817,1.8879,1.8809,1.8856,13002
1772644500000,1.8856,1.8881,1.8677,1.8719,34543
1772645400000,1.8719,1.879,1.8706,1.8788,6465
1772646300000,1.8788,1.8839,1.8777,1.879,10537
1772647200000,1.879,1.8837,1.871,1.8729,7321
1772648100000,1.8729,1.8796,1.8729,1.8791,5786
1772649000000,1.8791,1.8799,1.8706,1.8791,8436
1772649900000,1.8791,1.8851,1.8766,1.8851,2083
1772650800000,1.8851,1.8938,1.8816,1.8919,10566
1772651700000,1.8919,1.9021,1.8895,1.893,37203
1772652600000,1.893,1.903,1.8914,1.902,18958
1772653500000,1.902,1.9034,1.8933,1.899,3104
1772654400000,1.899,1.899,1.8866,1.8905,3192
1772655300000,1.8905,1.8958,1.8878,1.8949,2532
1772656200000,1.8949,1.8991,1.8924,1.8959,1386
1772657100000,1.8959,1.8996,1.8898,1.8913,9471
1772658000000,1.8913,1.8929,1.8847,1.8883,15823
1772658900000,1.8883,1.8924,1.8869,1.8913,26523
1772659800000,1.8913,1.8994,1.8896,1.8974,10800
1772660700000,1.8974,1.8985,1.8959,1.8985,284
1772661600000,1.8985,1.9027,1.8903,1.8912,37794
1772662500000,1.8912,1.8971,1.8895,1.8941,3073
1772663400000,1.8941,1.8941,1.8792,1.8836,10877
1772664300000,1.8836,1.8838,1.8746,1.8768,3771
1772665200000,1.8768,1.8779,1.8723,1.877,11343
1772666100000,1.877,1.8805,1.8575,1.8674,52995
1772667000000,1.8674,1.8787,1.863,1.8782,9564
1772667900000,1.8782,1.8818,1.8763,1.8769,8920
1772668800000,1.8769,1.877,1.867,1.8672,4987
1772669700000,1.8672,1.8726,1.8665,1.8665,5917
1772670600000,1.8665,1.873,1.863,1.8726,18428
1772671500000,1.8726,1.8766,1.8721,1.8745,7109
1772672400000,1.8745,1.8866,1.8725,1.8828,7779
1772673300000,1.8828,1.8843,1.8725,1.878,7046
1772674200000,1.878,1.878,1.87,1.8709,4453
1772675100000,1.8709,1.8716,1.8644,1.8644,5003
1772676000000,1.8644,1.8796,1.8644,1.8781,22420
1772676900000,1.8781,1.8802,1.8772,1.8774,1583
1772677800000,1.8774,1.8774,1.8699,1.87,1973
1772678700000,1.87,1.8784,1.87,1.8783,660
1772679600000,1.8783,1.8826,1.878,1.8791,4825
1772680500000,1.8791,1.8801,1.8721,1.8721,4492
1772681400000,1.8721,1.8721,1.8666,1.8687,6553
1772682300000,1.8687,1.8706,1.8665,1.8692,5021
1772683200000,1.8692,1.8713,1.8666,1.8698,7175
1772684100000,1.8698,1.8737,1.8676,1.871,1397
1772685000000,1.871,1.8747,1.8665,1.8747,4491
1772685900000,1.8747,1.8776,1.8706,1.873,30280
1772686800000,1.873,1.8756,1.8715,1.8751,1152
1772687700000,1.8751,1.8752,1.8613,1.8654,20359
1772688600000,1.8654,1.8654,1.859,1.8632,1941
1772689500000,1.8632,1.864,1.8608,1.864,3248
1772690400000,1.864,1.8653,1.859,1.86,4899
1772691300000,1.86,1.8676,1.8582,1.8632,5873
1772692200000,1.8632,1.8644,1.86,1.863,2033
1772693100000,1.863,1.8749,1.8625,1.8725,3737
1772694000000,1.8725,1.8769,1.8707,1.8765,1095
1772694900000,1.8765,1.8775,1.8724,1.873,2299
1772695800000,1.873,1.873,1.8663,1.8663,4925
1772696700000,1.8663,1.8665,1.8553,1.8624,8112
1772697600000,1.8624,1.8635,1.8573,1.8592,2975
1772698500000,1.8592,1.86,1.8558,1.8584,6869
1772699400000,1.8584,1.8644,1.8569,1.8619,8164
1772700300000,1.8619,1.867,1.8612,1.8667,2540
1772701200000,1.8667,1.8786,1.8654,1.8762,3776
1772702100000,1.8762,1.8808,1.8719,1.8719,7685
1772703000000,1.8719,1.8732,1.8654,1.8693,6369
1772703900000,1.8693,1.8739,1.8691,1.8726,5377
1772704800000,1.8726,1.8741,1.8702,1.874,5022
1772705700000,1.874,1.8835,1.872,1.8814,23620
1772706600000,1.8814,1.8915,1.8814,1.8848,5387
1772707500000,1.8848,1.8865,1.8811,1.8852,3086
1772708400000,1.8852,1.8866,1.8794,1.8828,23506
1772709300000,1.8828,1.8828,1.8766,1.8813,4586
1772710200000,1.8813,1.8813,1.8661,1.8695,8993
1772711100000,1.8695,1.8761,1.8695,1.8751,1673
1772712000000,1.8751,1.8751,1.8659,1.8711,8875
1772712900000,1.8711,1.8752,1.8644,1.8738,6037
1772713800000,1.8738,1.881,1.8738,1.8771,4043
1772714700000,1.8771,1.8797,1.8771,1.8793,1151
1772715600000,1.8793,1.882,1.8724,1.8724,9385
1772716500000,1.8724,1.8755,1.8666,1.8747,11780
1772717400000,1.8747,1.8747,1.8624,1.8719,24706
1772718300000,1.8719,1.8799,1.8719,1.8768,46293
1772719200000,1.8768,1.8783,1.8702,1.8769,2329
1772720100000,1.8769,1.8769,1.8715,1.8762,5945
1772721000000,1.8762,1.8871,1.8695,1.8715,14443
1772721900000,1.8715,1.8876,1.8715,1.8854,11380
1772722800000,1.8854,1.8881,1.86,1.8658,29763
1772723700000,1.8658,1.8658,1.854,1.8554,11039
1772724600000,1.8554,1.8665,1.8492,1.8595,20701
1772725500000,1.8595,1.8606,1.8469,1.8511,80061
1772726400000,1.8511,1.8525,1.8204,1.8278,74006
1772727300000,1.8278,1.8373,1.8268,1.8364,16670
1772728200000,1.8364,1.8479,1.8356,1.8437,8760
1772729100000,1.8437,1.8452,1.8396,1.8413,4055
1772730000000,1.8413,1.8499,1.8372,1.8428,19966
1772730900000,1.8428,1.8428,1.8329,1.8332,2570
1772731800000,1.8332,1.8369,1.8265,1.8353,13032
1772732700000,1.8353,1.8353,1.8278,1.828,2494
1772733600000,1.828,1.832,1.8246,1.832,19256
1772734500000,1.832,1.8342,1.8267,1.8291,2007
1772735400000,1.8291,1.8357,1.8291,1.8353,793
1772736300000,1.8353,1.8386,1.8332,1.8379,1920
1772737200000,1.8379,1.8499,1.8377,1.8494,6202
1772738100000,1.8494,1.8528,1.8403,1.842,6690
1772739000000,1.842,1.8437,1.8369,1.8437,2931
1772739900000,1.8437,1.8438,1.8387,1.84,1905
1772740800000,1.84,1.8466,1.8391,1.8463,11669
1772741700000,1.8463,1.8552,1.8463,1.8521,7493
1772742600000,1.8521,1.8558,1.8508,1.851,1469
1772743500000,1.851,1.8531,1.8482,1.8513,5369
1772744400000,1.8513,1.8552,1.8486,1.85,3096
1772745300000,1.85,1.8561,1.8477,1.8508,2058
1772746200000,1.8508,1.8522,1.8382,1.8406,14675
1772747100000,1.8406,1.844,1.8353,1.8412,5170
1772748000000,1.8412,1.8442,1.8391,1.8413,2528
1772748900000,1.8413,1.8433,1.8401,1.8412,2206
1772749800000,1.8412,1.8474,1.8412,1.8464,2245
1772750700000,1.8464,1.8466,1.8452,1.8452,2480
1772751600000,1.8452,1.8454,1.8415,1.8454,3504
1772752500000,1.8454,1.8458,1.8421,1.8433,14132
1772753400000,1.8433,1.8433,1.8354,1.8372,1797
1772754300000,1.8372,1.838,1.8343,1.8371,2916
1772755200000,1.8371,1.8396,1.8362,1.8396,1177
1772756100000,1.8396,1.8396,1.8336,1.8362,2334
1772757000000,1.8362,1.8404,1.8362,1.8383,1427
1772757900000,1.8383,1.8383,1.8329,1.8342,431
1772758800000,1.8342,1.8342,1.8302,1.8304,4716
1772759700000,1.8304,1.8314,1.8249,1.827,3335
1772760600000,1.827,1.8479,1.827,1.8466,10563
1772761500000,1.8466,1.8484,1.8431,1.8461,6458
1772762400000,1.8461,1.8497,1.8444,1.8473,29103
1772763300000,1.8473,1.8479,1.8413,1.8447,3533
1772764200000,1.8447,1.8479,1.8446,1.8469,1343
1772765100000,1.8469,1.8482,1.8445,1.846,844
1772766000000,1.846,1.8493,1.8444,1.8444,489
1772766900000,1.8444,1.8513,1.844,1.8503,1407
1772767800000,1.8503,1.851,1.8479,1.8485,1770
1772768700000,1.8485,1.8491,1.847,1.8491,1687
1772769600000,1.8491,1.8508,1.8425,1.8429,8089
1772770500000,1.8429,1.8443,1.8415,1.8416,1545
1772771400000,1.8416,1.842,1.8291,1.834,9303
1772772300000,1.834,1.8391,1.8332,1.8391,1742
1772773200000,1.8391,1.8425,1.8375,1.8409,4755
1772774100000,1.8409,1.8457,1.8364,1.8368,1786
1772775000000,1.8368,1.8368,1.8292,1.8323,2484
1772775900000,1.8323,1.8422,1.8311,1.8416,10674
1772776800000,1.8416,1.8418,1.8371,1.8408,12040
1772777700000,1.8408,1.8437,1.8403,1.8407,747
1772778600000,1.8407,1.8456,1.8407,1.8439,1758
1772779500000,1.8439,1.8488,1.8422,1.8422,6098
1772780400000,1.8422,1.8446,1.8384,1.841,2093
1772781300000,1.841,1.8494,1.8396,1.8492,5764
1772782200000,1.8492,1.8516,1.8479,1.8505,5534
1772783100000,1.8505,1.8512,1.8466,1.8481,720
1772784000000,1.8481,1.8492,1.8448,1.8474,5192
1772784900000,1.8474,1.8502,1.8463,1.8488,1008
1772785800000,1.8488,1.8488,1.8401,1.8401,3490
1772786700000,1.8401,1.8433,1.8386,1.8398,1326
1772787600000,1.8398,1.8411,1.8278,1.8288,7603
1772788500000,1.8288,1.8315,1.8233,1.8265,11689
1772789400000,1.8265,1.8318,1.8238,1.8318,7355
1772790300000,1.8318,1.8359,1.8307,1.8356,1276
1772791200000,1.8356,1.8438,1.835,1.8426,5304
1772792100000,1.8426,1.8462,1.8394,1.8406,8482
1772793000000,1.8406,1.8406,1.8353,1.8353,6648
1772793900000,1.8353,1.8378,1.8301,1.8301,10349
1772794800000,1.8301,1.8301,1.8236,1.8255,4182
1772795700000,1.8255,1.8255,1.8163,1.8183,24728
1772796600000,1.8183,1.8254,1.8124,1.8132,19762
1772797500000,1.8132,1.8133,1.8019,1.8049,73901
1772798400000,1.8049,1.8131,1.7994,1.8053,43782
1772799300000,1.8053,1.8097,1.8048,1.8079,12410
1772800200000,1.8079,1.8116,1.797,1.7972,22022
1772801100000,1.7972,1.8106,1.7952,1.8093,14003
1772802000000,1.8093,1.814,1.8093,1.8119,9513
1772802900000,1.8119,1.8218,1.8085,1.8189,3698
1772803800000,1.8189,1.8259,1.8064,1.8223,163432
1772804700000,1.8223,1.8223,1.8021,1.8035,116755
1772805600000,1.8035,1.8117,1.7948,1.8003,21002
1772806500000,1.8003,1.8014,1.7971,1.7987,11322
1772807400000,1.7987,1.8027,1.78,1.7849,46772
1772808300000,1.7849,1.79,1.7753,1.783,20464
1772809200000,1.783,1.7876,1.7795,1.7811,15451
1772810100000,1.7811,1.7899,1.7802,1.7834,9315
1772811000000,1.7834,1.7884,1.7785,1.7785,9261
1772811900000,1.7785,1.7797,1.7706,1.7769,13290
1772812800000,1.7769,1.778,1.7714,1.7754,13390
1772813700000,1.7754,1.7839,1.7733,1.7823,15143
1772814600000,1.7823,1.7897,1.782,1.7861,6582
1772815500000,1.7861,1.788,1.7802,1.7811,28028
1772816400000,1.7811,1.7861,1.7811,1.7817,10240
1772817300000,1.7817,1.7884,1.7788,1.7818,16238
1772818200000,1.7818,1.7818,1.7686,1.7754,31478
1772819100000,1.7754,1.7822,1.7754,1.7791,12620
1772820000000,1.7791,1.7897,1.7791,1.7885,10362
1772820900000,1.7885,1.7942,1.7883,1.7896,25150
1772821800000,1.7896,1.7925,1.7892,1.7915,3445
1772822700000,1.7915,1.7951,1.7908,1.7908,10400
1772823600000,1.7908,1.7979,1.7908,1.7979,12370
1772824500000,1.7979,1.7993,1.7931,1.7933,8809
1772825400000,1.7933,1.7957,1.7923,1.7933,3244
1772826300000,1.7933,1.7944,1.7895,1.7935,23715
1772827200000,1.7935,1.7974,1.7934,1.7963,7612
1772828100000,1.7963,1.7975,1.7925,1.7925,5410
1772829000000,1.7925,1.802,1.7915,1.8002,14905
1772829900000,1.8002,1.804,1.8002,1.803,17423
1772830800000,1.803,1.8054,1.8023,1.8054,5600
1772831700000,1.8054,1.8066,1.8002,1.8018,6031
1772832600000,1.8018,1.8064,1.8018,1.8064,1492
1772833500000,1.8064,1.8113,1.8038,1.8101,12565
1772834400000,1.8101,1.8121,1.809,1.811,5760
1772835300000,1.811,1.811,1.8081,1.8089,3689
1772836200000,1.8089,1.8147,1.8086,1.8122,7403
1772837100000,1.8122,1.8159,1.8122,1.8135,12112
1772838000000,1.8135,1.8153,1.8082,1.8092,10956
1772838900000,1.8092,1.8092,1.8054,1.8065,10121
1772839800000,1.8065,1.8075,1.8044,1.8072,2938
1772840700000,1.8072,1.8076,1.805,1.8076,1230
1772841600000,1.8076,1.8122,1.806,1.8113,4819
1772842500000,1.8113,1.8125,1.8065,1.8075,3895
1772843400000,1.8075,1.8121,1.8075,1.8113,2930
1772844300000,1.8113,1.8132,1.809,1.811,6948
1772845200000,1.811,1.8124,1.8034,1.8036,12151
1772846100000,1.8036,1.8043,1.8021,1.8021,1860
1772847000000,1.8021,1.8062,1.8021,1.8038,1646
1772847900000,1.8038,1.8112,1.8038,1.8082,4406
1772848800000,1.8082,1.8192,1.8064,1.816,6469
1772849700000,1.816,1.8196,1.8129,1.8132,2431
1772850600000,1.8132,1.8179,1.8131,1.8179,227
1772851500000,1.8179,1.8209,1.8154,1.8209,821
1772852400000,1.8209,1.825,1.8194,1.825,7867
1772853300000,1.825,1.8265,1.8168,1.8168,3206
1772854200000,1.8168,1.8168,1.8093,1.8121,3352
1772855100000,1.8121,1.8171,1.812,1.8171,548
1772856000000,1.8171,1.8171,1.8086,1.8108,10714
1772856900000,1.8108,1.8181,1.8108,1.8181,1643
1772857800000,1.8181,1.8275,1.8181,1.8275,2284
1772858700000,1.8275,1.8299,1.8218,1.8231,11210
1772859600000,1.8231,1.8282,1.8231,1.8254,2497
1772860500000,1.8254,1.8289,1.8223,1.823,5900
1772861400000,1.823,1.823,1.8182,1.8213,5466
1772862300000,1.8213,1.827,1.8213,1.8263,5163
1772863200000,1.8263,1.8299,1.8228,1.8228,9417
1772864100000,1.8228,1.8242,1.8126,1.8154,9454
1772865000000,1.8154,1.817,1.81,1.8165,7010
1772865900000,1.8165,1.8165,1.8079,1.8105,3227
1772866800000,1.8105,1.8118,1.8029,1.8067,11064
1772867700000,1.8067,1.808,1.8019,1.8076,4044
1772868600000,1.8076,1.8185,1.8076,1.8136,41177
1772869500000,1.8136,1.8209,1.8136,1.8209,6382
1772870400000,1.8209,1.8259,1.8176,1.82,14413
1772871300000,1.82,1.8246,1.8181,1.8181,5986
1772872200000,1.8181,1.8196,1.813,1.8158,1906
1772873100000,1.8158,1.8158,1.8112,1.8113,1916
1772874000000,1.8113,1.8144,1.8081,1.8144,2072
1772874900000,1.8144,1.82,1.8143,1.8165,6600
1772875800000,1.8165,1.8187,1.814,1.8149,2781
1772876700000,1.8149,1.8181,1.8132,1.816,3224
1772877600000,1.816,1.8222,1.8156,1.8222,8123
1772878500000,1.8222,1.8223,1.8159,1.8159,8391
1772879400000,1.8159,1.8201,1.8159,1.8201,992
1772880300000,1.8201,1.8219,1.8198,1.821,1968
1772881200000,1.821,1.8256,1.819,1.8256,4212
1772882100000,1.8256,1.8259,1.8188,1.8202,2002
1772883000000,1.8202,1.8202,1.8106,1.8107,2520
1772883900000,1.8107,1.8146,1.8095,1.8123,2591
1772884800000,1.8123,1.815,1.8055,1.806,21097
1772885700000,1.806,1.8103,1.8036,1.8103,4258
1772886600000,1.8103,1.8108,1.8044,1.8045,2743
1772887500000,1.8045,1.8052,1.8004,1.8021,3017
1772888400000,1.8021,1.8048,1.7981,1.8046,18680
1772889300000,1.8046,1.8104,1.8038,1.8086,3127
1772890200000,1.8086,1.8156,1.8086,1.8132,20806
1772891100000,1.8132,1.8132,1.804,1.8049,5430
1772892000000,1.8049,1.8049,1.7911,1.7965,19893
1772892900000,1.7965,1.7998,1.7932,1.7995,6094
1772893800000,1.7995,1.8088,1.7983,1.805,7753
1772894700000,1.805,1.805,1.7976,1.7997,4121
1772895600000,1.7997,1.8022,1.7975,1.7999,5195
1772896500000,1.7999,1.7999,1.7953,1.7955,1692
1772897400000,1.7955,1.7966,1.7888,1.7922,4753
1772898300000,1.7922,1.7952,1.7903,1.795,6589
1772899200000,1.795,1.7961,1.7938,1.7949,1347
1772900100000,1.7949,1.7949,1.7915,1.793,4229
1772901000000,1.793,1.7932,1.7905,1.7927,2795
1772901900000,1.7927,1.7952,1.7921,1.7951,2305
1772902800000,1.7951,1.7998,1.7949,1.7983,20800
1772903700000,1.7983,1.8021,1.7966,1.8005,17438
1772904600000,1.8005,1.8005,1.7965,1.7973,17044
1772905500000,1.7973,1.7981,1.7909,1.7917,14001
1772906400000,1.7917,1.7919,1.7836,1.7881,138075
1772907300000,1.7881,1.7893,1.7845,1.7892,4850
1772908200000,1.7892,1.7926,1.7877,1.7926,14315
1772909100000,1.7926,1.7932,1.7901,1.7917,3725
1772910000000,1.7917,1.7917,1.7864,1.7868,4133
1772910900000,1.7868,1.7876,1.7831,1.7839,5075
1772911800000,1.7839,1.7855,1.7821,1.7838,4728
1772912700000,1.7838,1.7838,1.7772,1.7803,19230
1772913600000,1.7803,1.7862,1.7803,1.7862,3771
1772914500000,1.7862,1.7875,1.7829,1.7873,6620
1772915400000,1.7873,1.7888,1.7848,1.7881,2219
1772916300000,1.7881,1.7887,1.7851,1.7851,2023
1772917200000,1.7851,1.7883,1.7839,1.7846,4621
1772918100000,1.7846,1.7872,1.783,1.7872,4550
1772919000000,1.7872,1.7872,1.7838,1.7867,4088
1772919900000,1.7867,1.7885,1.7845,1.7882,6246
1772920800000,1.7882,1.7895,1.785,1.785,15871
1772921700000,1.785,1.7873,1.7783,1.7821,8627
1772922600000,1.7821,1.7821,1.7731,1.7805,7327
1772923500000,1.7805,1.7842,1.7776,1.7807,2556
1772924400000,1.7807,1.7849,1.7795,1.7795,1984
1772925300000,1.7795,1.7838,1.7795,1.7823,3548
1772926200000,1.7823,1.7826,1.7804,1.7806,5847
1772927100000,1.7806,1.7837,1.7797,1.7831,3951
1772928000000,1.7831,1.7847,1.7798,1.7809,10633
1772928900000,1.7809,1.7809,1.7768,1.7768,2708
1772929800000,1.7768,1.7768,1.773,1.7748,14245
1772930700000,1.7748,1.7766,1.7715,1.7761,17783
1772931600000,1.7761,1.7761,1.7724,1.7752,4249
1772932500000,1.7752,1.7768,1.7747,1.7749,2601
1772933400000,1.7749,1.7821,1.7737,1.7792,56158
1772934300000,1.7792,1.7815,1.7786,1.7786,236
1772935200000,1.7786,1.7786,1.7741,1.7764,16257
1772936100000,1.7764,1.7771,1.7722,1.773,4633
1772937000000,1.773,1.7784,1.7692,1.7775,10595
1772937900000,1.7775,1.7775,1.7602,1.7616,45773
1772938800000,1.7616,1.7666,1.7607,1.7653,11314
1772939700000,1.7653,1.7694,1.7653,1.7688,9695
1772940600000,1.7688,1.7712,1.7683,1.7698,4106
1772941500000,1.7698,1.772,1.7698,1.7703,1187
1772942400000,1.7703,1.7725,1.7683,1.7693,3734
1772943300000,1.7693,1.7717,1.7679,1.7679,1293
1772944200000,1.7679,1.7681,1.7643,1.765,2314
1772945100000,1.765,1.765,1.7523,1.7591,25713
1772946000000,1.7591,1.7662,1.7585,1.7649,4147
1772946900000,1.7649,1.7718,1.7631,1.77,13164
1772947800000,1.77,1.772,1.7687,1.7696,4701
1772948700000,1.7696,1.7696,1.7662,1.7662,8436
1772949600000,1.7662,1.7671,1.755,1.7611,121264
1772950500000,1.7611,1.7615,1.756,1.756,1219
1772951400000,1.756,1.7623,1.7541,1.7617,7285
1772952300000,1.7617,1.7652,1.7604,1.7645,5728
1772953200000,1.7645,1.7707,1.7631,1.7688,1234
1772954100000,1.7688,1.7694,1.7666,1.7692,2956
1772955000000,1.7692,1.7699,1.7666,1.7666,376
1772955900000,1.7666,1.7678,1.7631,1.7663,27244
1772956800000,1.7663,1.7678,1.7628,1.7634,2630
1772957700000,1.7634,1.7634,1.757,1.7572,16561
1772958600000,1.7572,1.7577,1.7534,1.7556,20464
1772959500000,1.7556,1.7578,1.7537,1.7576,3669
1772960400000,1.7576,1.7601,1.7551,1.7588,4151
1772961300000,1.7588,1.7623,1.7575,1.7613,7479
1772962200000,1.7613,1.7613,1.7574,1.7589,2033
1772963100000,1.7589,1.7593,1.7569,1.7591,2181
1772964000000,1.7591,1.7591,1.754,1.758,2356
1772964900000,1.758,1.7684,1.7564,1.7659,15208
1772965800000,1.7659,1.7659,1.7566,1.7589,16082
1772966700000,1.7589,1.7602,1.7564,1.7592,5135
1772967600000,1.7592,1.7592,1.7442,1.7505,61844
1772968500000,1.7505,1.7595,1.7501,1.7572,4568
1772969400000,1.7572,1.7583,1.7514,1.7531,4373
1772970300000,1.7531,1.7578,1.7508,1.7516,8067
1772971200000,1.7516,1.7523,1.7391,1.7418,16984
1772972100000,1.7418,1.758,1.739,1.7575,39713
1772973000000,1.7575,1.7595,1.7543,1.7544,13465
1772973900000,1.7544,1.7544,1.7491,1.7499,2176
1772974800000,1.7499,1.7507,1.7257,1.7279,68938
1772975700000,1.7279,1.7324,1.7183,1.7283,26542
1772976600000,1.7283,1.7344,1.7264,1.7336,14494
1772977500000,1.7336,1.7385,1.7325,1.7371,11277
1772978400000,1.7371,1.739,1.7296,1.7297,14150
1772979300000,1.7297,1.7316,1.7244,1.7256,19795
1772980200000,1.7256,1.7284,1.723,1.7253,10249
1772981100000,1.7253,1.7278,1.7239,1.7278,533
1772982000000,1.7278,1.7299,1.726,1.729,3163
1772982900000,1.729,1.729,1.7228,1.7234,3461
1772983800000,1.7234,1.7257,1.7226,1.7241,3524
1772984700000,1.7241,1.7263,1.7223,1.7239,5184
1772985600000,1.7239,1.7268,1.723,1.7233,2785
1772986500000,1.7233,1.7256,1.7223,1.724,4207
1772987400000,1.724,1.7267,1.7188,1.7267,6781
1772988300000,1.7267,1.7267,1.7205,1.7224,3305
1772989200000,1.7224,1.7296,1.722,1.7258,4751
1772990100000,1.7258,1.7281,1.7253,1.7255,799
1772991000000,1.7255,1.7265,1.7244,1.7254,500
1772991900000,1.7254,1.7288,1.725,1.7288,2076
1772992800000,1.7288,1.7299,1.7241,1.7254,6334
1772993700000,1.7254,1.7276,1.7193,1.7255,5472
1772994600000,1.7255,1.7277,1.7245,1.7248,6196
1772995500000,1.7248,1.7322,1.7248,1.7271,7897
1772996400000,1.7271,1.7431,1.7271,1.741,12086
1772997300000,1.741,1.751,1.7402,1.7472,27062
1772998200000,1.7472,1.7518,1.7462,1.7502,5203
1772999100000,1.7502,1.7538,1.7457,1.7472,6968
1773000000000,1.7472,1.748,1.7427,1.7427,6019
1773000900000,1.7427,1.7507,1.742,1.7478,8882
1773001800000,1.7478,1.7606,1.7466,1.7533,25257
1773002700000,1.7533,1.7544,1.7482,1.7491,3554
1773003600000,1.7491,1.7522,1.7391,1.7414,11667
1773004500000,1.7414,1.7444,1.7395,1.7398,2735
1773005400000,1.7398,1.7443,1.7398,1.7442,16512
1773006300000,1.7442,1.7442,1.741,1.7415,11070
1773007200000,1.7415,1.7415,1.7129,1.726,87593
1773008100000,1.726,1.7331,1.7171,1.73,13238
1773009000000,1.73,1.7391,1.7232,1.7354,23526
1773009900000,1.7354,1.7424,1.735,1.7371,16826
1773010800000,1.7371,1.7417,1.7315,1.7347,21650
1773011700000,1.7347,1.7401,1.7327,1.7386,3897
1773012600000,1.7386,1.7388,1.7298,1.7308,4659
1773013500000,1.7308,1.7355,1.7287,1.7341,7835
1773014400000,1.7341,1.7465,1.7337,1.7416,24416
1773015300000,1.7416,1.7423,1.7263,1.7355,27912
1773016200000,1.7355,1.7505,1.7355,1.7385,9857
1773017100000,1.7385,1.7408,1.7365,1.7367,1344
1773018000000,1.7367,1.7383,1.7256,1.7292,15292
1773018900000,1.7292,1.7292,1.72,1.7208,8055
1773019800000,1.7208,1.7264,1.7186,1.7218,21965
1773020700000,1.7218,1.722,1.7084,1.7094,19661
1773021600000,1.7094,1.7126,1.7038,1.7069,41955
1773022500000,1.7069,1.7132,1.7035,1.7132,7804
1773023400000,1.7132,1.731,1.7119,1.7282,16488
1773024300000,1.7282,1.7291,1.7233,1.7233,9207
1773025200000,1.7233,1.7443,1.7204,1.7388,73333
1773026100000,1.7388,1.747,1.7259,1.7313,24753
1773027000000,1.7313,1.732,1.7284,1.7285,2482
1773027900000,1.7285,1.7316,1.7272,1.7314,1455
1773028800000,1.7314,1.7391,1.7314,1.7356,7945
1773029700000,1.7356,1.7449,1.7351,1.7443,1401
1773030600000,1.7443,1.7443,1.7396,1.7427,2358
1773031500000,1.7427,1.7427,1.727,1.7274,32881
1773032400000,1.7274,1.7283,1.7242,1.7256,1790
1773033300000,1.7256,1.7325,1.7251,1.7307,24164
1773034200000,1.7307,1.7525,1.7293,1.749,48785
1773035100000,1.749,1.7613,1.749,1.7588,60632
1773036000000,1.7588,1.7588,1.7515,1.7515,4002
1773036900000,1.7515,1.7558,1.7496,1.7525,2693
1773037800000,1.7525,1.7528,1.744,1.7466,10588
1773038700000,1.7466,1.7492,1.7443,1.7469,4597
1773039600000,1.7469,1.7469,1.7388,1.7393,11083
1773040500000,1.7393,1.7428,1.7294,1.7386,7125
1773041400000,1.7386,1.7418,1.735,1.7363,5537
1773042300000,1.7363,1.7371,1.7331,1.7337,2443
1773043200000,1.7337,1.7377,1.7228,1.7249,15354
1773044100000,1.7249,1.7339,1.723,1.7324,6607
1773045000000,1.7324,1.7324,1.7277,1.7302,6278
1773045900000,1.7302,1.7353,1.7266,1.7345,4298
1773046800000,1.7345,1.7401,1.7317,1.7401,36719
1773047700000,1.7401,1.7436,1.7352,1.7396,12128
1773048600000,1.7396,1.7482,1.7333,1.745,19955
1773049500000,1.745,1.745,1.7338,1.735,6985
1773050400000,1.735,1.7365,1.7321,1.7326,2789
1773051300000,1.7326,1.7356,1.7315,1.733,2680
1773052200000,1.733,1.7342,1.7278,1.7304,3609
1773053100000,1.7304,1.7321,1.728,1.7317,1808
1773054000000,1.7317,1.7373,1.7303,1.734,4057
1773054900000,1.734,1.7341,1.7256,1.7341,5890
1773055800000,1.7341,1.7401,1.7319,1.7363,11175
1773056700000,1.7363,1.7439,1.7363,1.7421,15642
1773057600000,1.7421,1.7458,1.7421,1.7457,5082
1773058500000,1.7457,1.757,1.7457,1.7536,51782
1773059400000,1.7536,1.7541,1.747,1.7516,18253
1773060300000,1.7516,1.7518,1.7468,1.7488,2211
1773061200000,1.7488,1.7597,1.7476,1.758,12038
1773062100000,1.758,1.7672,1.7503,1.7644,23417
1773063000000,1.7644,1.7715,1.7579,1.7703,13282
1773063900000,1.7703,1.7737,1.7534,1.7534,27039
1773064800000,1.7534,1.7534,1.7316,1.7431,87244
1773065700000,1.7431,1.7544,1.7414,1.7443,48552
1773066600000,1.7443,1.7574,1.7443,1.7486,28907
1773067500000,1.7486,1.7487,1.74,1.7419,52394
1773068400000,1.7419,1.7448,1.736,1.7448,16137
1773069300000,1.7448,1.7475,1.7417,1.746,4216
1773070200000,1.746,1.7473,1.7411,1.7453,11181
1773071100000,1.7453,1.7514,1.7453,1.7462,8500
1773072000000,1.7462,1.7537,1.7427,1.7452,13338
1773072900000,1.7452,1.7458,1.7398,1.7439,6549
1773073800000,1.7439,1.7439,1.7363,1.7399,9999
1773074700000,1.7399,1.7505,1.7354,1.746,32237
1773075600000,1.746,1.7525,1.746,1.7525,9005
1773076500000,1.7525,1.7557,1.7492,1.7503,3303
1773077400000,1.7503,1.7548,1.7438,1.7451,9946
1773078300000,1.7451,1.7496,1.7451,1.7473,1378
1773079200000,1.7473,1.7473,1.7356,1.7399,30739
1773080100000,1.7399,1.7454,1.7395,1.7445,3426
1773081000000,1.7445,1.7487,1.7409,1.7427,28985
1773081900000,1.7427,1.7445,1.74,1.7407,3190
1773082800000,1.7407,1.7488,1.7407,1.7454,5284
1773083700000,1.7454,1.7728,1.7427,1.7728,20190
1773084600000,1.7728,1.7759,1.7536,1.7554,22575
1773085500000,1.7554,1.7582,1.7505,1.7578,4806
1773086400000,1.7578,1.7617,1.7493,1.7493,6842
1773087300000,1.7493,1.7521,1.7475,1.7497,2291
1773088200000,1.7497,1.7524,1.7411,1.7524,16531
1773089100000,1.7524,1.7524,1.7451,1.7503,6052
1773090000000,1.7503,1.7516,1.7479,1.7488,8139
1773090900000,1.7488,1.7511,1.745,1.748,1171
1773091800000,1.748,1.7485,1.7422,1.7485,210
1773092700000,1.7485,1.7548,1.7466,1.7548,1836
1773093600000,1.7548,1.7565,1.7466,1.7486,4322
1773094500000,1.7486,1.7486,1.7457,1.7477,587
1773095400000,1.7477,1.7481,1.7355,1.7419,8323
1773096300000,1.7419,1.7441,1.7373,1.7391,5196
1773097200000,1.7391,1.74,1.735,1.74,4119
1773098100000,1.74,1.74,1.7357,1.738,1456
1773099000000,1.738,1.7421,1.738,1.7391,3289
1773099900000,1.7391,1.7409,1.7359,1.7402,2986
1773100800000,1.7402,1.7446,1.7402,1.7408,9186
1773101700000,1.7408,1.7509,1.7408,1.7504,52713
1773102600000,1.7504,1.7537,1.7482,1.7498,4801
1773103500000,1.7498,1.7524,1.7454,1.7477,9388
1773104400000,1.7477,1.7542,1.7469,1.7531,4441
1773105300000,1.7531,1.7531,1.7445,1.7457,44464
1773106200000,1.7457,1.7502,1.7452,1.7474,495
1773107100000,1.7474,1.7567,1.7474,1.7504,6804
1773108000000,1.7504,1.7555,1.7485,1.7549,967
1773108900000,1.7549,1.759,1.7542,1.7585,4145
1773109800000,1.7585,1.7682,1.758,1.7672,17216
1773110700000,1.7672,1.7712,1.7616,1.7646,10059
1773111600000,1.7646,1.7655,1.7568,1.7597,2743
1773112500000,1.7597,1.7626,1.7591,1.7615,1605
1773113400000,1.7615,1.7616,1.7587,1.7587,4188
1773114300000,1.7587,1.7587,1.751,1.7558,13225
1773115200000,1.7558,1.7651,1.7558,1.7646,2333
1773116100000,1.7646,1.7694,1.7623,1.7645,15863
1773117000000,1.7645,1.7673,1.7637,1.7648,3134
1773117900000,1.7648,1.7691,1.7638,1.7646,16212
1773118800000,1.7646,1.7669,1.7635,1.7641,1945
1773119700000,1.7641,1.7656,1.76,1.76,2409
1773120600000,1.76,1.7615,1.7561,1.7591,19847
1773121500000,1.7591,1.7591,1.754,1.7578,32473
1773122400000,1.7578,1.758,1.7551,1.7556,1400
1773123300000,1.7556,1.7556,1.7473,1.7536,21735
1773124200000,1.7536,1.7561,1.7523,1.7551,10751
1773125100000,1.7551,1.7615,1.7551,1.7589,7368
1773126000000,1.7589,1.7643,1.7569,1.7605,22303
1773126900000,1.7605,1.7652,1.7595,1.7636,2932
1773127800000,1.7636,1.7675,1.7607,1.7608,5186
1773128700000,1.7608,1.7644,1.7568,1.7608,7491
1773129600000,1.7608,1.7669,1.7597,1.7669,11983
1773130500000,1.7669,1.7699,1.7588,1.7617,3268
1773131400000,1.7617,1.777,1.761,1.7741,20479
1773132300000,1.7741,1.7782,1.7689,1.7689,35977
1773133200000,1.7689,1.7782,1.7689,1.7755,11899
1773134100000,1.7755,1.7836,1.7755,1.7827,33408
1773135000000,1.7827,1.7874,1.7809,1.7834,7974
1773135900000,1.7834,1.7858,1.7809,1.781,6816
1773136800000,1.781,1.7844,1.7778,1.7787,7858
1773137700000,1.7787,1.7794,1.7746,1.7777,11997
1773138600000,1.7777,1.7813,1.7766,1.7801,5623
1773139500000,1.7801,1.7844,1.7789,1.784,5280
1773140400000,1.784,1.7858,1.7803,1.7835,7000
1773141300000,1.7835,1.7862,1.7817,1.7842,1512
1773142200000,1.7842,1.7856,1.7809,1.7809,1598
1773143100000,1.7809,1.7826,1.7784,1.7826,6239
1773144000000,1.7826,1.783,1.7779,1.781,7968
1773144900000,1.781,1.781,1.7776,1.7804,2760
1773145800000,1.7804,1.7874,1.7796,1.7866,6277
1773146700000,1.7866,1.7896,1.7866,1.7896,7940
1773147600000,1.7896,1.8005,1.7896,1.7929,22658
1773148500000,1.7929,1.8006,1.79,1.7947,17846
1773149400000,1.7947,1.7947,1.7783,1.7881,23711
1773150300000,1.7881,1.7956,1.7872,1.7885,19722
1773151200000,1.7885,1.796,1.7828,1.7945,34046
1773152100000,1.7945,1.8128,1.7893,1.8113,16396
1773153000000,1.8113,1.8266,1.808,1.8131,41824
1773153900000,1.8131,1.8229,1.8064,1.8211,10637
1773154800000,1.8211,1.826,1.8096,1.8107,20467
1773155700000,1.8107,1.8171,1.8078,1.813,30899
1773156600000,1.813,1.8181,1.8042,1.8109,26786
1773157500000,1.8109,1.8163,1.808,1.8163,2343
1773158400000,1.8163,1.8208,1.8043,1.805,15862
1773159300000,1.805,1.8229,1.805,1.8188,26429
1773160200000,1.8188,1.8246,1.8188,1.8201,3049
1773161100000,1.8201,1.8312,1.8201,1.8302,5090
1773162000000,1.8302,1.8408,1.8275,1.838,37038
1773162900000,1.838,1.838,1.8252,1.8352,10884
1773163800000,1.8352,1.8392,1.8243,1.8256,22582
1773164700000,1.8256,1.8287,1.8217,1.8269,27373
1773165600000,1.8269,1.8269,1.808,1.8081,10547
1773166500000,1.8081,1.8147,1.8021,1.8107,20284
1773167400000,1.8107,1.8107,1.7976,1.7987,8685
1773168300000,1.7987,1.8013,1.7944,1.7996,6401
1773169200000,1.7996,1.7998,1.7842,1.7905,39403
1773170100000,1.7905,1.7914,1.782,1.7824,3534
1773171000000,1.7824,1.7872,1.7736,1.7831,22377
1773171900000,1.7831,1.7852,1.781,1.7843,1383
1773172800000,1.7843,1.7952,1.7841,1.7911,8615
1773173700000,1.7911,1.7971,1.7911,1.7937,1075
1773174600000,1.7937,1.796,1.7915,1.7917,2960
1773175500000,1.7917,1.7955,1.7917,1.7917,767
1773176400000,1.7917,1.799,1.7895,1.7924,35255
1773177300000,1.7924,1.7924,1.7831,1.7831,3532
1773178200000,1.7831,1.7855,1.7782,1.7808,8108
1773179100000,1.7808,1.7808,1.7709,1.7776,14811
1773180000000,1.7776,1.779,1.7722,1.7767,11583
1773180900000,1.7767,1.7862,1.7735,1.7832,7849
1773181800000,1.7832,1.7852,1.778,1.784,3596
1773182700000,1.784,1.7843,1.7805,1.7819,2057
1773183600000,1.7819,1.7877,1.7819,1.7864,1097
1773184500000,1.7864,1.789,1.7864,1.7867,1461
1773185400000,1.7867,1.7908,1.7867,1.7884,2689
1773186300000,1.7884,1.7884,1.7838,1.7866,918
1773187200000,1.7866,1.7893,1.783,1.7847,5478
1773188100000,1.7847,1.7934,1.7836,1.7898,9293
1773189000000,1.7898,1.7898,1.7844,1.7855,890
1773189900000,1.7855,1.7988,1.7855,1.7947,5357
1773190800000,1.7947,1.799,1.7936,1.7956,1305
1773191700000,1.7956,1.7968,1.7917,1.7959,3414
1773192600000,1.7959,1.7989,1.7928,1.7973,2634
1773193500000,1.7973,1.8011,1.7963,1.8004,1651
1773194400000,1.8004,1.8007,1.7972,1.7973,1226
1773195300000,1.7973,1.8043,1.7973,1.8019,6552
1773196200000,1.8019,1.8032,1.7975,1.7975,4635
1773197100000,1.7975,1.8011,1.7959,1.8011,394
1773198000000,1.8011,1.8056,1.7992,1.8011,14018
1773198900000,1.8011,1.8038,1.8,1.8038,6353
1773199800000,1.8038,1.81,1.8024,1.8087,8295
1773200700000,1.8087,1.8119,1.8074,1.8116,20186
1773201600000,1.8116,1.8187,1.8053,1.8071,10018
1773202500000,1.8071,1.8147,1.8055,1.8132,4888
1773203400000,1.8132,1.815,1.8039,1.8039,1466
1773204300000,1.8039,1.8101,1.8021,1.8092,6570
1773205200000,1.8092,1.812,1.8081,1.8081,2974
1773206100000,1.8081,1.8081,1.8026,1.8061,1057
1773207000000,1.8061,1.8083,1.8001,1.8061,16461
1773207900000,1.8061,1.8079,1.804,1.8059,5800
1773208800000,1.8059,1.8073,1.8018,1.8062,3055
1773209700000,1.8062,1.8146,1.8038,1.8049,7184
1773210600000,1.8049,1.8075,1.7995,1.7995,8541
1773211500000,1.7995,1.8043,1.7985,1.8033,4636
1773212400000,1.8033,1.8088,1.8032,1.8064,2888
1773213300000,1.8064,1.8151,1.8064,1.8128,7617
1773214200000,1.8128,1.8177,1.8037,1.8064,12466
1773215100000,1.8064,1.8077,1.8035,1.8071,3912
1773216000000,1.8071,1.814,1.8071,1.814,2650
1773216900000,1.814,1.816,1.8075,1.8109,4542
1773217800000,1.8109,1.8169,1.8064,1.8163,3151
1773218700000,1.8163,1.824,1.8135,1.8232,17421
1773219600000,1.8232,1.8243,1.8179,1.8181,42256
1773220500000,1.8181,1.8211,1.8148,1.8173,10200
1773221400000,1.8173,1.8192,1.8123,1.8145,8190
1773222300000,1.8145,1.8179,1.8063,1.8063,16460
1773223200000,1.8063,1.8117,1.8063,1.81,5827
1773224100000,1.81,1.8108,1.8087,1.8097,1643
1773225000000,1.8097,1.8189,1.8097,1.8189,8438
1773225900000,1.8189,1.8189,1.815,1.8161,812
1773226800000,1.8161,1.8192,1.8156,1.8179,2179
1773227700000,1.8179,1.8206,1.8083,1.8088,15435
1773228600000,1.8088,1.8121,1.8083,1.8121,6139
1773229500000,1.8121,1.8157,1.809,1.8105,17226
1773230400000,1.8105,1.8116,1.806,1.8112,7688
1773231300000,1.8112,1.8208,1.8088,1.8208,4189
1773232200000,1.8208,1.8251,1.8157,1.822,43430
1773233100000,1.822,1.8317,1.8184,1.8232,31162
1773234000000,1.8232,1.8359,1.8232,1.8327,6890
1773234900000,1.8327,1.8367,1.8296,1.8296,12765
1773235800000,1.8296,1.8385,1.8247,1.825,29762
1773236700000,1.825,1.8254,1.8151,1.8251,21908
1773237600000,1.8251,1.835,1.8224,1.8285,15573
1773238500000,1.8285,1.8304,1.8212,1.8261,3218
1773239400000,1.8261,1.8303,1.8213,1.8291,4683
1773240300000,1.8291,1.8299,1.8246,1.8255,1021
1773241200000,1.8255,1.8267,1.8176,1.8221,3595
1773242100000,1.8221,1.8287,1.8199,1.825,3750
1773243000000,1.825,1.8297,1.8122,1.8283,19768
1773243900000,1.8283,1.8283,1.8178,1.822,35526
1773244800000,1.822,1.828,1.8217,1.828,9318
1773245700000,1.828,1.832,1.8254,1.8286,6310
1773246600000,1.8286,1.8371,1.8286,1.8334,9166
1773247500000,1.8334,1.8356,1.8271,1.8293,5015
1773248400000,1.8293,1.8345,1.8284,1.8288,18909
1773249300000,1.8288,1.8429,1.8288,1.838,11340
1773250200000,1.838,1.8382,1.8291,1.8345,28969
1773251100000,1.8345,1.8362,1.8329,1.8362,6058
1773252000000,1.8362,1.8375,1.832,1.8345,2826
1773252900000,1.8345,1.8376,1.832,1.837,4523
1773253800000,1.837,1.8408,1.8347,1.8351,2700
1773254700000,1.8351,1.8467,1.8351,1.844,50694
1773255600000,1.844,1.844,1.8373,1.8373,3064
1773256500000,1.8373,1.8393,1.8352,1.8373,5556
1773257400000,1.8373,1.8384,1.8331,1.8344,5323
1773258300000,1.8344,1.8356,1.8325,1.8343,4001
1773259200000,1.8343,1.8351,1.832,1.8341,4291
1773260100000,1.8341,1.8341,1.8294,1.8309,3998
1773261000000,1.8309,1.8309,1.8245,1.828,13236
1773261900000,1.828,1.8304,1.8263,1.8297,2211
1773262800000,1.8297,1.8331,1.828,1.8296,9290
1773263700000,1.8296,1.8308,1.8256,1.8287,3397
1773264600000,1.8287,1.8314,1.8287,1.8309,314
1773265500000,1.8309,1.835,1.8306,1.8347,3399
1773266400000,1.8347,1.8397,1.8339,1.838,6340
1773267300000,1.838,1.8392,1.829,1.8308,5680
1773268200000,1.8308,1.8314,1.8274,1.8311,9617
1773269100000,1.8311,1.8334,1.8307,1.8334,1408
1773270000000,1.8334,1.8484,1.8334,1.8472,90855
1773270900000,1.8472,1.8536,1.8386,1.8412,20075
1773271800000,1.8412,1.8415,1.8372,1.8377,1115
1773272700000,1.8377,1.8392,1.8329,1.8388,3688
1773273600000,1.8388,1.8423,1.8341,1.8375,5872
1773274500000,1.8375,1.8427,1.8317,1.8381,14212
1773275400000,1.8381,1.8381,1.8322,1.8335,2212
1773276300000,1.8335,1.8388,1.833,1.8367,3083
1773277200000,1.8367,1.8383,1.83,1.8312,7243
1773278100000,1.8312,1.8312,1.8275,1.831,5129
1773279000000,1.831,1.831,1.8257,1.8298,6914
1773279900000,1.8298,1.8337,1.8275,1.8318,3346
1773280800000,1.8318,1.8354,1.8312,1.8336,5705
1773281700000,1.8336,1.8356,1.83,1.8325,8908
1773282600000,1.8325,1.8336,1.8267,1.8314,6363
1773283500000,1.8314,1.832,1.8275,1.8285,1342
1773284400000,1.8285,1.8299,1.8268,1.8268,1849
1773285300000,1.8268,1.8289,1.8198,1.8198,13600
1773286200000,1.8198,1.821,1.8176,1.819,3239
1773287100000,1.819,1.8289,1.8126,1.8254,27062
1773288000000,1.8254,1.8318,1.8251,1.8251,2615
1773288900000,1.8251,1.8255,1.8191,1.8192,4377
1773289800000,1.8192,1.8192,1.8145,1.8155,5917
1773290700000,1.8155,1.8195,1.8155,1.8184,2848
1773291600000,1.8184,1.8194,1.814,1.814,5165
1773292500000,1.814,1.8147,1.8107,1.8108,2647
1773293400000,1.8108,1.8141,1.8108,1.8131,1849
1773294300000,1.8131,1.8169,1.8104,1.8169,2680
1773295200000,1.8169,1.8185,1.8147,1.8162,1406
1773296100000,1.8162,1.8202,1.8149,1.8155,5058
1773297000000,1.8155,1.8212,1.8155,1.8212,437
1773297900000,1.8212,1.8244,1.8204,1.8234,2716
1773298800000,1.8234,1.8242,1.8193,1.8242,4223
1773299700000,1.8242,1.8262,1.8216,1.8262,5439
1773300600000,1.8262,1.8313,1.8247,1.8313,2553
1773301500000,1.8313,1.8341,1.8288,1.8298,9513
1773302400000,1.8298,1.8334,1.8293,1.8293,4003
1773303300000,1.8293,1.8374,1.8293,1.834,9665
1773304200000,1.834,1.8359,1.8321,1.8343,3524
1773305100000,1.8343,1.8374,1.8269,1.8311,14087
1773306000000,1.8311,1.8311,1.8165,1.8182,27810
1773306900000,1.8182,1.8231,1.817,1.8231,1907
1773307800000,1.8231,1.8372,1.823,1.8368,14472
1773308700000,1.8368,1.8396,1.8232,1.826,26978
1773309600000,1.826,1.8287,1.8226,1.8226,1030
1773310500000,1.8226,1.8278,1.8226,1.8278,2616
1773311400000,1.8278,1.836,1.8275,1.8315,53128
1773312300000,1.8315,1.8344,1.8273,1.8277,5077
1773313200000,1.8277,1.8277,1.8214,1.8214,8360
1773314100000,1.8214,1.8291,1.8214,1.8289,12780
1773315000000,1.8289,1.8346,1.827,1.8294,18059
1773315900000,1.8294,1.8319,1.8185,1.8199,44856
1773316800000,1.8199,1.8203,1.8132,1.8185,55858
1773317700000,1.8185,1.8236,1.817,1.82,8457
1773318600000,1.82,1.8225,1.8161,1.8211,7233
1773319500000,1.8211,1.8211,1.8164,1.8183,7108
1773320400000,1.8183,1.8243,1.8183,1.8233,7818
1773321300000,1.8233,1.8233,1.8109,1.8199,11044
1773322200000,1.8199,1.83,1.8167,1.8225,27994
1773323100000,1.8225,1.8262,1.815,1.824,22234
1773324000000,1.824,1.83,1.8208,1.8221,7224
1773324900000,1.8221,1.8257,1.8125,1.8146,16212
1773325800000,1.8146,1.8158,1.8054,1.811,15938
1773326700000,1.811,1.8148,1.8081,1.8129,13805
1773327600000,1.8129,1.8151,1.806,1.8129,5539
1773328500000,1.8129,1.8195,1.8082,1.8161,3651
1773329400000,1.8161,1.8188,1.8111,1.8134,5882
1773330300000,1.8134,1.8166,1.811,1.8129,1899
1773331200000,1.8129,1.8152,1.806,1.8152,4740
1773332100000,1.8152,1.8228,1.8151,1.8189,3312
1773333000000,1.8189,1.8232,1.816,1.8208,2731
1773333900000,1.8208,1.8217,1.816,1.8167,3196
1773334800000,1.8167,1.8202,1.815,1.8186,3443
1773335700000,1.8186,1.8188,1.814,1.8153,1956
1773336600000,1.8153,1.818,1.8147,1.8149,3688
1773337500000,1.8149,1.8156,1.8106,1.8148,4405
1773338400000,1.8148,1.8155,1.8107,1.8118,1210
1773339300000,1.8118,1.818,1.8093,1.818,5501
1773340200000,1.818,1.8272,1.818,1.8233,8275
1773341100000,1.8233,1.8253,1.8208,1.8215,2848
1773342000000,1.8215,1.8273,1.821,1.8261,2231
1773342900000,1.8261,1.8327,1.8261,1.8316,9797
1773343800000,1.8316,1.8336,1.8306,1.8307,4268
1773344700000,1.8307,1.8308,1.8263,1.8282,39925
1773345600000,1.8282,1.8294,1.8199,1.8242,27860
1773346500000,1.8242,1.8242,1.8202,1.8239,9575
1773347400000,1.8239,1.8273,1.8218,1.8262,2962
1773348300000,1.8262,1.8269,1.8247,1.8263,1404
1773349200000,1.8263,1.8271,1.8205,1.8223,7655
1773350100000,1.8223,1.8242,1.8223,1.8235,301
1773351000000,1.8235,1.8262,1.8227,1.8252,3902
1773351900000,1.8252,1.8322,1.8252,1.8311,3697
1773352800000,1.8311,1.8332,1.8286,1.8304,5401
1773353700000,1.8304,1.834,1.8295,1.834,2281
1773354600000,1.834,1.8371,1.8331,1.8351,12976
1773355500000,1.8351,1.838,1.8318,1.8355,14711
1773356400000,1.8355,1.8459,1.8355,1.8426,77027
1773357300000,1.8426,1.8426,1.832,1.8333,24363
1773358200000,1.8333,1.8353,1.83,1.8353,4731
1773359100000,1.8353,1.8374,1.8335,1.8359,2903
1773360000000,1.8359,1.838,1.8306,1.8371,16416
1773360900000,1.8371,1.8529,1.8371,1.8455,29000
1773361800000,1.8455,1.8548,1.8407,1.8407,15188
1773362700000,1.8407,1.8416,1.8376,1.8411,8298
1773363600000,1.8411,1.8459,1.8411,1.8425,8778
1773364500000,1.8425,1.8445,1.84,1.8413,2173
1773365400000,1.8413,1.849,1.8378,1.849,4088
1773366300000,1.849,1.8505,1.8477,1.85,2822
1773367200000,1.85,1.8531,1.8485,1.8505,1757
1773368100000,1.8505,1.8515,1.8472,1.8481,3092
1773369000000,1.8481,1.8481,1.8444,1.8455,1006
1773369900000,1.8455,1.8492,1.8445,1.8481,3961
1773370800000,1.8481,1.8507,1.8446,1.8449,3949
1773371700000,1.8449,1.8456,1.8405,1.8408,962
1773372600000,1.8408,1.8462,1.8407,1.8456,5663
1773373500000,1.8456,1.8544,1.8453,1.8477,7830
1773374400000,1.8477,1.8503,1.8465,1.8487,4664
1773375300000,1.8487,1.8507,1.8464,1.8476,4602
1773376200000,1.8476,1.8495,1.8446,1.8481,6507
1773377100000,1.8481,1.8484,1.8466,1.8484,376
1773378000000,1.8484,1.8491,1.8448,1.846,4353
1773378900000,1.846,1.85,1.846,1.8481,2208
1773379800000,1.8481,1.8539,1.8481,1.8512,4579
1773380700000,1.8512,1.8529,1.85,1.8505,1990
1773381600000,1.8505,1.8507,1.8443,1.8446,5989
1773382500000,1.8446,1.8473,1.8408,1.8434,7364
1773383400000,1.8434,1.8464,1.8425,1.8457,5890
1773384300000,1.8457,1.8476,1.8436,1.8437,7510
1773385200000,1.8437,1.8469,1.8412,1.8457,4039
1773386100000,1.8457,1.8469,1.8433,1.8453,3405
1773387000000,1.8453,1.8472,1.8443,1.8446,3849
1773387900000,1.8446,1.8449,1.839,1.8424,27111
1773388800000,1.8424,1.8424,1.839,1.8404,1409
1773389700000,1.8404,1.8427,1.8372,1.84,7502
1773390600000,1.84,1.8486,1.84,1.845,12072
1773391500000,1.845,1.845,1.8375,1.8395,6140
1773392400000,1.8395,1.8399,1.8366,1.8374,3161
1773393300000,1.8374,1.8457,1.8362,1.8421,14016
1773394200000,1.8421,1.8442,1.841,1.8442,1982
1773395100000,1.8442,1.8482,1.8437,1.8472,1877
1773396000000,1.8472,1.861,1.8469,1.8551,71586
1773396900000,1.8551,1.8634,1.8551,1.8608,19061
1773397800000,1.8608,1.8623,1.859,1.8616,34305
1773398700000,1.8616,1.865,1.8616,1.8635,11983
1773399600000,1.8635,1.8641,1.8535,1.8543,29496
1773400500000,1.8543,1.8543,1.8499,1.8509,1402
1773401400000,1.8509,1.8537,1.8505,1.853,2748
1773402300000,1.853,1.853,1.8508,1.8508,584
1773403200000,1.8508,1.8565,1.8463,1.849,31293
1773404100000,1.849,1.8561,1.8471,1.853,10526
1773405000000,1.853,1.8595,1.8514,1.8549,15730
1773405900000,1.8549,1.8672,1.8549,1.8626,11942
1773406800000,1.8626,1.8649,1.8597,1.8602,3350
1773407700000,1.8602,1.8774,1.8599,1.8715,200194
1773408600000,1.8715,1.8794,1.868,1.8782,17750
1773409500000,1.8782,1.8785,1.8692,1.8713,9724
1773410400000,1.8713,1.8776,1.867,1.8732,14900
1773411300000,1.8732,1.8803,1.8695,1.877,12984
1773412200000,1.877,1.8832,1.8757,1.8771,47070
1773413100000,1.8771,1.8821,1.8729,1.8783,53198
1773414000000,1.8783,1.8927,1.8768,1.8923,24875
1773414900000,1.8923,1.8955,1.8875,1.8887,15836
1773415800000,1.8887,1.8913,1.867,1.8719,101719
1773416700000,1.8719,1.88,1.865,1.8662,13479
1773417600000,1.8662,1.8699,1.8605,1.8628,13372
1773418500000,1.8628,1.8648,1.857,1.8597,44775
1773419400000,1.8597,1.8726,1.8597,1.8704,22903
1773420300000,1.8704,1.8735,1.8672,1.8672,15353
1773421200000,1.8672,1.8699,1.8665,1.8688,3930
1773422100000,1.8688,1.871,1.8606,1.862,13529
1773423000000,1.862,1.862,1.849,1.8508,23836
1773423900000,1.8508,1.8521,1.8461,1.8498,8937
1773424800000,1.8498,1.858,1.8498,1.8574,4829
1773425700000,1.8574,1.8583,1.8488,1.8576,9356
1773426600000,1.8576,1.8576,1.8545,1.8565,819
1773427500000,1.8565,1.8565,1.8507,1.852,1630
1773428400000,1.852,1.8568,1.849,1.8568,15662
1773429300000,1.8568,1.8587,1.8513,1.8513,4559
1773430200000,1.8513,1.8528,1.8505,1.8516,1596
1773431100000,1.8516,1.8538,1.8509,1.8518,5983
1773432000000,1.8518,1.8526,1.8499,1.8506,1228
1773432900000,1.8506,1.8564,1.8505,1.8532,4398
1773433800000,1.8532,1.858,1.8532,1.8572,2327
1773434700000,1.8572,1.8608,1.8556,1.8594,5680
1773435600000,1.8594,1.8658,1.8592,1.862,16279
1773436500000,1.862,1.8637,1.858,1.858,252
1773437400000,1.858,1.8592,1.8548,1.8579,574
1773438300000,1.8579,1.862,1.8579,1.8604,2117
1773439200000,1.8604,1.861,1.845,1.8514,78035
1773440100000,1.8514,1.8514,1.8426,1.8428,11035
1773441000000,1.8428,1.845,1.8416,1.8444,1730
1773441900000,1.8444,1.8498,1.8432,1.8492,7738
1773442800000,1.8492,1.8537,1.8484,1.8528,5377
1773443700000,1.8528,1.86,1.8502,1.8587,6065
1773444600000,1.8587,1.8618,1.8572,1.8581,7751
1773445500000,1.8581,1.8598,1.8562,1.8588,2753
1773446400000,1.8588,1.8588,1.854,1.8556,3648
1773447300000,1.8556,1.8598,1.8545,1.8598,2165
1773448200000,1.8598,1.8598,1.8529,1.8529,7017
1773449100000,1.8529,1.8554,1.8496,1.852,1901
1773450000000,1.852,1.8526,1.8474,1.849,2370
1773450900000,1.849,1.8565,1.849,1.8563,2825
1773451800000,1.8563,1.8596,1.852,1.8596,7863
1773452700000,1.8596,1.8655,1.8596,1.8616,2070
1773453600000,1.8616,1.8661,1.8606,1.8649,4652
1773454500000,1.8649,1.8675,1.8647,1.8669,2549
1773455400000,1.8669,1.8724,1.8654,1.8695,22417
1773456300000,1.8695,1.875,1.8688,1.8719,3808
1773457200000,1.8719,1.876,1.8674,1.876,5476
1773458100000,1.876,1.8817,1.876,1.8816,6290
1773459000000,1.8816,1.8821,1.874,1.8778,3757
1773459900000,1.8778,1.8837,1.8771,1.88,6923
1773460800000,1.88,1.8846,1.88,1.8844,867
1773461700000,1.8844,1.8856,1.8754,1.8759,9141
1773462600000,1.8759,1.88,1.8708,1.8775,4304
1773463500000,1.8775,1.88,1.8697,1.8712,8652
1773464400000,1.8712,1.8729,1.8685,1.8724,1651
1773465300000,1.8724,1.8728,1.867,1.8678,1392
1773466200000,1.8678,1.8682,1.8608,1.8615,4940
1773467100000,1.8615,1.8657,1.8611,1.8651,10764
1773468000000,1.8651,1.8651,1.8607,1.8607,1480
1773468900000,1.8607,1.8607,1.8525,1.8559,11492
1773469800000,1.8559,1.857,1.8504,1.8516,5489
1773470700000,1.8516,1.8573,1.8516,1.8556,2633
1773471600000,1.8556,1.8566,1.852,1.8566,1306
1773472500000,1.8566,1.8567,1.8519,1.8521,8245
1773473400000,1.8521,1.8536,1.8504,1.8515,314
1773474300000,1.8515,1.8605,1.8492,1.8587,8603
1773475200000,1.8587,1.866,1.8587,1.8656,35668
1773476100000,1.8656,1.8663,1.862,1.8663,5490
1773477000000,1.8663,1.8663,1.8632,1.8646,3746
1773477900000,1.8646,1.8654,1.8595,1.8629,29452
1773478800000,1.8629,1.8736,1.8629,1.8732,5251
1773479700000,1.8732,1.874,1.8641,1.8641,2673
1773480600000,1.8641,1.8677,1.8627,1.8677,1485
1773481500000,1.8677,1.8682,1.8593,1.8613,15722
1773482400000,1.8613,1.8622,1.858,1.8614,6559
1773483300000,1.8614,1.866,1.8608,1.8629,4698
1773484200000,1.8629,1.8653,1.8609,1.8621,4372
1773485100000,1.8621,1.8638,1.8598,1.8627,17775
1773486000000,1.8627,1.8706,1.8627,1.8694,2862
1773486900000,1.8694,1.8694,1.8665,1.869,1859
1773487800000,1.869,1.8716,1.8686,1.8688,3692
1773488700000,1.8688,1.8709,1.8688,1.8699,2534
1773489600000,1.8699,1.8767,1.8695,1.8723,11443
1773490500000,1.8723,1.8855,1.8708,1.8713,75173
1773491400000,1.8713,1.8768,1.8708,1.8738,10381
1773492300000,1.8738,1.8738,1.866,1.8665,8943
1773493200000,1.8665,1.8672,1.864,1.8664,4647
1773494100000,1.8664,1.871,1.8664,1.8688,6457
1773495000000,1.8688,1.8689,1.8663,1.8689,1345
1773495900000,1.8689,1.874,1.8659,1.8729,2902
1773496800000,1.8729,1.8818,1.8727,1.8762,5151
1773497700000,1.8762,1.8797,1.8747,1.876,21404
1773498600000,1.876,1.876,1.8654,1.8661,9369
1773499500000,1.8661,1.8681,1.8626,1.8626,4594
1773500400000,1.8626,1.8679,1.8575,1.8659,23725
1773501300000,1.8659,1.8678,1.8632,1.8677,3893
1773502200000,1.8677,1.8746,1.8661,1.8746,5607
1773503100000,1.8746,1.8786,1.8736,1.8736,12827
1773504000000,1.8736,1.8784,1.872,1.8732,3145
1773504900000,1.8732,1.8797,1.8732,1.8781,869
1773505800000,1.8781,1.8827,1.8746,1.8758,4897
1773506700000,1.8758,1.8758,1.8718,1.8748,851
1773507600000,1.8748,1.8778,1.8744,1.8759,2330
1773508500000,1.8759,1.8892,1.8758,1.8834,15647
1773509400000,1.8834,1.8866,1.8826,1.8849,4311
1773510300000,1.8849,1.8849,1.8791,1.8814,5468
1773511200000,1.8814,1.8814,1.8745,1.8766,5156
1773512100000,1.8766,1.8766,1.8722,1.8732,8315
1773513000000,1.8732,1.8748,1.8709,1.871,3384
1773513900000,1.871,1.8713,1.8684,1.8689,9733
1773514800000,1.8689,1.8702,1.8677,1.8702,2074
1773515700000,1.8702,1.8702,1.8633,1.8673,3752
1773516600000,1.8673,1.8673,1.8644,1.8666,3974
1773517500000,1.8666,1.8687,1.8641,1.865,4093
1773518400000,1.865,1.865,1.862,1.8636,1360
1773519300000,1.8636,1.864,1.8612,1.8612,2309
1773520200000,1.8612,1.8637,1.8604,1.8637,5700
1773521100000,1.8637,1.8664,1.8596,1.8616,40002
1773522000000,1.8616,1.8622,1.8557,1.8573,19727
1773522900000,1.8573,1.86,1.8561,1.8585,6256
1773523800000,1.8585,1.8623,1.8585,1.8618,8762
1773524700000,1.8618,1.869,1.8618,1.8655,5249
1773525600000,1.8655,1.8709,1.862,1.8683,9572
1773526500000,1.8683,1.8698,1.8636,1.8688,6208
1773527400000,1.8688,1.8697,1.868,1.868,3171
1773528300000,1.868,1.8682,1.8652,1.866,991
1773529200000,1.866,1.8741,1.866,1.8711,24522
1773530100000,1.8711,1.8713,1.864,1.868,15835
1773531000000,1.868,1.8708,1.8679,1.8691,3696
1773531900000,1.8691,1.8708,1.8655,1.8671,5373
1773532800000,1.8671,1.8685,1.8653,1.8685,5195
1773533700000,1.8685,1.8685,1.8579,1.8599,38907
1773534600000,1.8599,1.8602,1.8506,1.8555,18833
1773535500000,1.8555,1.8555,1.847,1.8483,10068
1773536400000,1.8483,1.8515,1.8462,1.8483,3138
1773537300000,1.8483,1.8534,1.8466,1.8534,4010
1773538200000,1.8534,1.8544,1.852,1.8543,1548
1773539100000,1.8543,1.8556,1.8537,1.8546,5139
1773540000000,1.8546,1.86,1.8546,1.8596,10336
1773540900000,1.8596,1.8596,1.8557,1.856,753
1773541800000,1.856,1.866,1.8555,1.866,10920
1773542700000,1.866,1.8688,1.8642,1.8645,4252
1773543600000,1.8645,1.8675,1.864,1.8652,3555
1773544500000,1.8652,1.8652,1.8552,1.8557,10287
1773545400000,1.8557,1.8591,1.8516,1.858,17837
1773546300000,1.858,1.858,1.8522,1.8537,275
1773547200000,1.8537,1.8564,1.853,1.8558,3420
1773548100000,1.8558,1.856,1.85,1.8506,3391
1773549000000,1.8506,1.853,1.8492,1.8508,2561
1773549900000,1.8508,1.8508,1.8465,1.8472,1479
1773550800000,1.8472,1.8474,1.8463,1.8473,656
1773551700000,1.8473,1.8554,1.8466,1.8506,13895
1773552600000,1.8506,1.8544,1.8491,1.8515,3351
1773553500000,1.8515,1.8515,1.8455,1.846,6433
1773554400000,1.846,1.8482,1.8431,1.8442,2656
1773555300000,1.8442,1.8445,1.8388,1.8413,4380
1773556200000,1.8413,1.8422,1.8393,1.8411,3869
1773557100000,1.8411,1.8451,1.8408,1.8433,1114
1773558000000,1.8433,1.8479,1.843,1.8457,3334
1773558900000,1.8457,1.8466,1.8451,1.8452,3214
1773559800000,1.8452,1.8452,1.8438,1.8449,2954
1773560700000,1.8449,1.852,1.8449,1.8509,4833
1773561600000,1.8509,1.8511,1.8439,1.845,7222
1773562500000,1.845,1.8486,1.845,1.8465,3494
1773563400000,1.8465,1.8493,1.8462,1.848,3040
1773564300000,1.848,1.8486,1.8442,1.8457,13277
1773565200000,1.8457,1.8495,1.8457,1.849,10046
1773566100000,1.849,1.8512,1.8489,1.8493,2773
1773567000000,1.8493,1.8511,1.8487,1.8488,2958
1773567900000,1.8488,1.8495,1.8471,1.8495,6798
1773568800000,1.8495,1.8539,1.848,1.8535,1855
1773569700000,1.8535,1.8558,1.8522,1.8558,1839
1773570600000,1.8558,1.8589,1.8536,1.8582,4118
1773571500000,1.8582,1.8611,1.8575,1.8591,6153
1773572400000,1.8591,1.8665,1.8591,1.8665,6415
1773573300000,1.8665,1.8711,1.864,1.8691,8722
1773574200000,1.8691,1.8692,1.8612,1.8643,10229
1773575100000,1.8643,1.8673,1.8603,1.8607,19339
1773576000000,1.8607,1.8654,1.8607,1.8643,7188
1773576900000,1.8643,1.8648,1.8591,1.8623,1806
1773577800000,1.8623,1.8646,1.8619,1.864,13783
1773578700000,1.864,1.864,1.8601,1.8614,4033
1773579600000,1.8614,1.8673,1.8522,1.855,15686
1773580500000,1.855,1.861,1.8494,1.8599,12441
1773581400000,1.8599,1.8633,1.8555,1.8598,11848
1773582300000,1.8598,1.8625,1.8575,1.8625,1086
1773583200000,1.8625,1.8629,1.8583,1.8583,3074
1773584100000,1.8583,1.8583,1.8523,1.8524,877
1773585000000,1.8524,1.8532,1.8491,1.8532,8869
1773585900000,1.8532,1.8554,1.8502,1.8554,5494
1773586800000,1.8554,1.8554,1.8505,1.8507,1611
1773587700000,1.8507,1.8529,1.8504,1.8504,1396
1773588600000,1.8504,1.8512,1.8494,1.8509,2621
1773589500000,1.8509,1.8519,1.8498,1.8503,2696
1773590400000,1.8503,1.8555,1.8499,1.8541,2824
1773591300000,1.8541,1.8541,1.8478,1.8518,7318
1773592200000,1.8518,1.8518,1.8455,1.8496,6835
1773593100000,1.8496,1.8509,1.8486,1.8487,2329
1773594000000,1.8487,1.8518,1.8487,1.8506,4257
1773594900000,1.8506,1.8512,1.8494,1.8494,2670
1773595800000,1.8494,1.8502,1.8474,1.8482,467
1773596700000,1.8482,1.8573,1.8474,1.8531,7759
1773597600000,1.8531,1.8544,1.8504,1.8504,3425
1773598500000,1.8504,1.8521,1.8504,1.8507,1827
1773599400000,1.8507,1.8517,1.8495,1.8503,1878
1773600300000,1.8503,1.8503,1.8426,1.8435,4428
1773601200000,1.8435,1.8484,1.8431,1.8484,2314
1773602100000,1.8484,1.852,1.8446,1.852,4718
1773603000000,1.852,1.8546,1.852,1.8531,1201
1773603900000,1.8531,1.8531,1.8503,1.8513,1550
1773604800000,1.8513,1.852,1.8496,1.8496,488
1773605700000,1.8496,1.8519,1.8472,1.8482,3451
1773606600000,1.8482,1.858,1.8482,1.855,8227
1773607500000,1.855,1.855,1.8524,1.8532,136
1773608400000,1.8532,1.8532,1.8496,1.8502,13625
1773609300000,1.8502,1.8533,1.8487,1.8504,791
1773610200000,1.8504,1.8611,1.8504,1.8596,5897
1773611100000,1.8596,1.8611,1.8563,1.8591,1360
1773612000000,1.8591,1.8661,1.8536,1.8558,14088
1773612900000,1.8558,1.8561,1.8518,1.8547,4513
1773613800000,1.8547,1.8693,1.8547,1.8652,38378
1773614700000,1.8652,1.8731,1.8629,1.8657,20802
1773615600000,1.8657,1.8689,1.8624,1.8633,14537
1773616500000,1.8633,1.8658,1.8506,1.8523,8634
1773617400000,1.8523,1.8581,1.8508,1.8559,5981
1773618300000,1.8559,1.8592,1.8548,1.8587,1144
1773619200000,1.8587,1.8625,1.8565,1.8565,7798
1773620100000,1.8565,1.8629,1.8535,1.8563,11806
1773621000000,1.8563,1.8595,1.8554,1.8554,1114
1773621900000,1.8554,1.8645,1.8554,1.8643,6922
1773622800000,1.8643,1.8643,1.8601,1.8601,7893
1773623700000,1.8601,1.866,1.8599,1.8616,6954
1773624600000,1.8616,1.8636,1.8603,1.8635,709
1773625500000,1.8635,1.8694,1.8635,1.8675,1035
1773626400000,1.8675,1.8703,1.8671,1.8678,2797
1773627300000,1.8678,1.8684,1.8596,1.861,5963
1773628200000,1.861,1.8655,1.861,1.8647,932
1773629100000,1.8647,1.8676,1.8631,1.8663,2024
1773630000000,1.8663,1.8664,1.8637,1.8642,1315
1773630900000,1.8642,1.8681,1.8618,1.8678,6540
1773631800000,1.8678,1.8937,1.8678,1.8872,38854
1773632700000,1.8872,1.8878,1.8802,1.8804,4847
1773633600000,1.8804,1.8881,1.8804,1.8871,6432
1773634500000,1.8871,1.8906,1.8808,1.8814,15774
1773635400000,1.8814,1.8851,1.8811,1.8837,8813
1773636300000,1.8837,1.8962,1.8837,1.8882,6406
1773637200000,1.8882,1.8936,1.8878,1.8887,14174
1773638100000,1.8887,1.8996,1.8874,1.8968,12359
1773639000000,1.8968,1.8979,1.888,1.8976,14799
1773639900000,1.8976,1.8991,1.8911,1.8979,76214
1773640800000,1.8979,1.9005,1.8926,1.8943,12758
1773641700000,1.8943,1.8999,1.8943,1.8992,9305
1773642600000,1.8992,1.902,1.8973,1.9003,5763
1773643500000,1.9003,1.9015,1.8957,1.9003,8926
1773644400000,1.9003,1.9046,1.8999,1.902,4379
1773645300000,1.902,1.904,1.899,1.9027,11092
1773646200000,1.9027,1.9044,1.8994,1.901,3422
1773647100000,1.901,1.9042,1.9005,1.9012,3632
1773648000000,1.9012,1.9119,1.9012,1.9068,14111
1773648900000,1.9068,1.9096,1.9001,1.9012,16733
1773649800000,1.9012,1.9031,1.8972,1.8975,12991
1773650700000,1.8975,1.9047,1.8969,1.9015,12380
1773651600000,1.9015,1.9076,1.901,1.9026,10406
1773652500000,1.9026,1.9042,1.901,1.9016,8023
1773653400000,1.9016,1.9016,1.8977,1.8995,2887
1773654300000,1.8995,1.907,1.8995,1.9021,5514
1773655200000,1.9021,1.9059,1.9013,1.9016,12945
1773656100000,1.9016,1.9019,1.8956,1.8971,7167
1773657000000,1.8971,1.8971,1.8906,1.8936,12081
1773657900000,1.8936,1.8967,1.8909,1.8948,11722
1773658800000,1.8948,1.8969,1.8909,1.8917,16892
1773659700000,1.8917,1.8974,1.8917,1.8964,20601
1773660600000,1.8964,1.9081,1.8951,1.9075,21822
1773661500000,1.9075,1.9097,1.9024,1.9026,5395
1773662400000,1.9026,1.9101,1.9026,1.9046,39211
1773663300000,1.9046,1.91,1.9024,1.906,12280
1773664200000,1.906,1.9084,1.9015,1.9019,16264
1773665100000,1.9019,1.9062,1.9008,1.9008,10947
1773666000000,1.9008,1.9016,1.896,1.9007,12584
1773666900000,1.9007,1.9045,1.8976,1.9045,76685
1773667800000,1.9045,1.923,1.9027,1.9068,385205
1773668700000,1.9068,1.9152,1.9068,1.9111,22480
1773669600000,1.9111,1.9192,1.9072,1.9139,45764
1773670500000,1.9139,1.9164,1.9048,1.9048,31206
1773671400000,1.9048,1.9065,1.8957,1.9043,21461
1773672300000,1.9043,1.9103,1.8992,1.9085,14211
1773673200000,1.9085,1.9137,1.9045,1.9124,10952
1773674100000,1.9124,1.9181,1.9102,1.914,19536
1773675000000,1.914,1.9158,1.9015,1.9046,29427
1773675900000,1.9046,1.9079,1.9031,1.9044,10216
1773676800000,1.9044,1.9145,1.9044,1.9145,24965
1773677700000,1.9145,1.9257,1.9145,1.9238,15506
1773678600000,1.9238,1.927,1.921,1.9262,16573
1773679500000,1.9262,1.9319,1.9241,1.931,28817
1773680400000,1.931,1.9413,1.9298,1.9398,44380
1773681300000,1.9398,1.9412,1.9347,1.9389,32273
1773682200000,1.9389,1.9559,1.9389,1.9503,76149
1773683100000,1.9503,1.957,1.9461,1.9515,27339
1773684000000,1.9515,1.9642,1.949,1.9608,19249
1773684900000,1.9608,1.972,1.9602,1.9698,69769
1773685800000,1.9698,1.9707,1.9642,1.9693,21817
1773686700000,1.9693,1.974,1.9658,1.9658,12536
1773687600000,1.9658,1.9846,1.9649,1.984,24405
1773688500000,1.984,1.9868,1.9755,1.9802,35361
1773689400000,1.9802,1.9894,1.9714,1.9749,36673
1773690300000,1.9749,1.986,1.9678,1.986,14043
1773691200000,1.986,1.9943,1.9803,1.9938,20184
1773692100000,1.9938,2.0035,1.9935,2.0008,31868
1773693000000,2.0008,2.0021,1.976,1.9765,41792
1773693900000,1.9765,1.9767,1.9715,1.9747,13080
1773694800000,1.9747,1.9793,1.9732,1.9738,19449
1773695700000,1.9738,1.9756,1.9712,1.9712,10133
1773696600000,1.9712,1.9857,1.9712,1.9828,14059
1773697500000,1.9828,1.9831,1.9729,1.9729,3309
1773698400000,1.9729,1.9874,1.9729,1.9843,15191
1773699300000,1.9843,1.9855,1.9792,1.985,3617
1773700200000,1.985,1.9903,1.9846,1.9888,26660
1773701100000,1.9888,1.9904,1.983,1.986,19493
1773702000000,1.986,1.9862,1.9677,1.9713,12545
1773702900000,1.9713,1.9753,1.9712,1.9752,3195
1773703800000,1.9752,1.9798,1.9751,1.979,10070
1773704700000,1.979,1.979,1.9715,1.9737,3626
1773705600000,1.9737,1.981,1.9696,1.9782,20329
1773706500000,1.9782,1.982,1.968,1.9765,12092
1773707400000,1.9765,1.9829,1.9714,1.9725,7035
1773708300000,1.9725,1.9753,1.9703,1.975,512
1773709200000,1.975,1.9831,1.968,1.9784,13385
1773710100000,1.9784,1.9784,1.9703,1.9751,2719
1773711000000,1.9751,1.9756,1.9654,1.9681,16155
1773711900000,1.9681,1.9686,1.961,1.9659,2569
1773712800000,1.9659,1.9739,1.9653,1.9725,2486
1773713700000,1.9725,1.9725,1.9636,1.969,29119
1773714600000,1.969,1.9803,1.969,1.972,11221
1773715500000,1.972,1.972,1.9608,1.9627,2024
1773716400000,1.9627,1.9629,1.9555,1.9573,7173
1773717300000,1.9573,1.9573,1.9472,1.9494,26330
1773718200000,1.9494,1.9494,1.939,1.9423,10505
1773719100000,1.9423,1.9461,1.9389,1.9461,14496
1773720000000,1.9461,1.9472,1.9436,1.9451,5690
1773720900000,1.9451,1.9451,1.9324,1.9363,5759
1773721800000,1.9363,1.9371,1.9237,1.93,44877
1773722700000,1.93,1.9387,1.93,1.9372,2482
1773723600000,1.9372,1.9372,1.9309,1.9341,5430
1773724500000,1.9341,1.9348,1.932,1.9327,2114
1773725400000,1.9327,1.9332,1.9253,1.9263,4149
1773726300000,1.9263,1.9295,1.9235,1.9271,7532
1773727200000,1.9271,1.9323,1.9251,1.9323,2100
1773728100000,1.9323,1.9346,1.9308,1.9342,3521
1773729000000,1.9342,1.9364,1.9279,1.9279,2559
1773729900000,1.9279,1.9314,1.9279,1.9314,3334
1773730800000,1.9314,1.9368,1.9307,1.9368,594
1773731700000,1.9368,1.9476,1.9359,1.9438,9020
1773732600000,1.9438,1.9442,1.9415,1.9432,1054
1773733500000,1.9432,1.9432,1.9392,1.9392,5233
1773734400000,1.9392,1.9444,1.9392,1.94,3644
1773735300000,1.94,1.9438,1.9376,1.9429,1180
1773736200000,1.9429,1.9445,1.9408,1.9437,1520
1773737100000,1.9437,1.9461,1.94,1.9427,6295
1773738000000,1.9427,1.9444,1.9371,1.9398,9804
1773738900000,1.9398,1.9514,1.9398,1.9491,10003
1773739800000,1.9491,1.9522,1.9441,1.948,4044
1773740700000,1.948,1.9499,1.9452,1.9493,3241
1773741600000,1.9493,1.9503,1.945,1.9463,4483
1773742500000,1.9463,1.9469,1.9428,1.945,1884
1773743400000,1.945,1.945,1.9392,1.9435,2636
1773744300000,1.9435,1.9445,1.9423,1.9445,815
1773745200000,1.9445,1.9508,1.9435,1.9508,5998
1773746100000,1.9508,1.9556,1.948,1.9537,3548
1773747000000,1.9537,1.9537,1.947,1.9492,1778
1773747900000,1.9492,1.9492,1.9423,1.9434,3455
1773748800000,1.9434,1.9444,1.9395,1.9399,4493
1773749700000,1.9399,1.9399,1.9304,1.9322,16726
1773750600000,1.9322,1.9374,1.9315,1.9351,4059
1773751500000,1.9351,1.9351,1.9289,1.9339,3439
1773752400000,1.9339,1.9394,1.9339,1.9353,3529
1773753300000,1.9353,1.9399,1.9349,1.9374,2443
1773754200000,1.9374,1.9435,1.9335,1.9341,4417
1773755100000,1.9341,1.9412,1.932,1.9399,9006
1773756000000,1.9399,1.9399,1.9321,1.9373,5142
1773756900000,1.9373,1.9409,1.9328,1.9409,3145
1773757800000,1.9409,1.942,1.935,1.9351,2439
1773758700000,1.9351,1.9377,1.9351,1.9373,2117
1773759600000,1.9373,1.946,1.9373,1.9396,4039
1773760500000,1.9396,1.9469,1.939,1.9456,5766
1773761400000,1.9456,1.9463,1.9381,1.9413,5952
1773762300000,1.9413,1.9485,1.9409,1.9463,6213
1773763200000,1.9463,1.9482,1.943,1.9436,3249
1773764100000,1.9436,1.9503,1.9427,1.9429,7330
1773765000000,1.9429,1.9435,1.9388,1.9433,7527
1773765900000,1.9433,1.9471,1.9403,1.9448,31018
1773766800000,1.9448,1.9469,1.9426,1.9439,6953
1773767700000,1.9439,1.948,1.9439,1.9459,1358
1773768600000,1.9459,1.9469,1.9446,1.9462,1095
1773769500000,1.9462,1.9491,1.9459,1.9478,3588
1773770400000,1.9478,1.9511,1.9468,1.95,904
1773771300000,1.95,1.95,1.9443,1.9449,3525
1773772200000,1.9449,1.9472,1.9449,1.9454,1391
1773773100000,1.9454,1.9454,1.9432,1.9453,633
1773774000000,1.9453,1.9458,1.9427,1.9437,1057
1773774900000,1.9437,1.9455,1.9422,1.9455,1342
1773775800000,1.9455,1.948,1.9448,1.9448,1263
1773776700000,1.9448,1.9448,1.938,1.9385,3619
1773777600000,1.9385,1.9391,1.9373,1.9378,1878
1773778500000,1.9378,1.9472,1.9378,1.9468,2966
1773779400000,1.9468,1.9509,1.9456,1.9508,5202
1773780300000,1.9508,1.9542,1.9505,1.953,1678
1773781200000,1.953,1.9567,1.9519,1.9559,2089
1773782100000,1.9559,1.9571,1.9557,1.9564,244
1773783000000,1.9564,1.9609,1.9562,1.9609,1367
1773783900000,1.9609,1.962,1.959,1.9598,4625
1773784800000,1.9598,1.9645,1.9557,1.9557,23356
1773785700000,1.9557,1.9607,1.9557,1.957,6749
1773786600000,1.957,1.9574,1.952,1.955,7183
1773787500000,1.955,1.9607,1.955,1.9606,3988
1773788400000,1.9606,1.9625,1.9567,1.9619,1409
1773789300000,1.9619,1.9657,1.954,1.9581,10482
1773790200000,1.9581,1.9586,1.954,1.9568,1529
1773791100000,1.9568,1.9601,1.9568,1.958,2053
1773792000000,1.958,1.9613,1.9577,1.9584,1709
1773792900000,1.9584,1.964,1.9552,1.964,6486
1773793800000,1.964,1.9676,1.9595,1.9675,8394
1773794700000,1.9675,1.9675,1.9598,1.961,7273
1773795600000,1.961,1.9702,1.9598,1.9691,9970
1773796500000,1.9691,1.9691,1.9597,1.9623,7770
1773797400000,1.9623,1.9685,1.9609,1.9674,1926
1773798300000,1.9674,1.9682,1.9674,1.9677,333
1773799200000,1.9677,1.974,1.9677,1.9718,4400
1773800100000,1.9718,1.9767,1.9718,1.9767,857
1773801000000,1.9767,1.9839,1.9762,1.9839,4045
1773801900000,1.9839,1.99,1.9839,1.99,16869
1773802800000,1.99,1.9948,1.9897,1.991,12711
1773803700000,1.991,2.0033,1.991,2.0032,38077
1773804600000,2.0032,2.0034,1.9931,1.9944,16554
1773805500000,1.9944,1.9987,1.9907,1.991,7385
1773806400000,1.991,1.9959,1.9855,1.9866,8510
1773807300000,1.9866,1.9892,1.9819,1.9827,18118
1773808200000,1.9827,1.9836,1.9811,1.9828,2832
1773809100000,1.9828,1.9837,1.9802,1.9833,9881
1773810000000,1.9833,2.0021,1.9833,1.9983,18293
1773810900000,1.9983,1.9983,1.99,1.99,9535
1773811800000,1.99,1.9939,1.9882,1.9936,3333
1773812700000,1.9936,1.9945,1.9857,1.9879,7461
1773813600000,1.9879,1.9938,1.9879,1.9921,2172
1773814500000,1.9921,1.9921,1.9878,1.9884,4011
1773815400000,1.9884,1.9902,1.987,1.9876,5304
1773816300000,1.9876,1.9876,1.9816,1.9819,1550
1773817200000,1.9819,1.9843,1.9746,1.9843,14446
1773818100000,1.9843,1.9912,1.9837,1.9885,10657
1773819000000,1.9885,1.9903,1.986,1.9871,42482
1773819900000,1.9871,1.992,1.9871,1.992,3031
1773820800000,1.992,1.9973,1.9881,1.9882,7742
1773821700000,1.9882,1.9938,1.9872,1.9919,6388
1773822600000,1.9919,1.992,1.9884,1.9909,4493
1773823500000,1.9909,1.9962,1.9909,1.9948,4306
1773824400000,1.9948,2.0125,1.9909,2.0124,22466
1773825300000,2.0124,2.0184,2.008,2.0171,53693
1773826200000,2.0171,2.0216,2.0109,2.0149,11305
1773827100000,2.0149,2.0194,2.0045,2.0089,7232
1773828000000,2.0089,2.0197,2.0072,2.0197,10677
1773828900000,2.0197,2.0213,2.0126,2.0165,7849
1773829800000,2.0165,2.031,2.0165,2.0185,16407
1773830700000,2.0185,2.0292,2.0136,2.0249,17590
1773831600000,2.0249,2.0249,2.0132,2.0172,34427
1773832500000,2.0172,2.0214,2.0035,2.0038,20903
1773833400000,2.0038,2.006,1.9667,1.9729,62071
1773834300000,1.9729,1.9775,1.9619,1.9652,22183
1773835200000,1.9652,1.9652,1.9457,1.951,25919
1773836100000,1.951,1.9656,1.951,1.9583,23674
1773837000000,1.9583,1.9591,1.9365,1.9486,82943
1773837900000,1.9486,1.9492,1.9406,1.9406,123467
1773838800000,1.9406,1.9475,1.9337,1.944,14620
1773839700000,1.944,1.945,1.9296,1.9297,72880
1773840600000,1.9297,1.9415,1.9252,1.933,69436
1773841500000,1.933,1.9362,1.9284,1.9296,11264
1773842400000,1.9296,1.9357,1.9259,1.9267,34047
1773843300000,1.9267,1.9277,1.9117,1.9119,22528
1773844200000,1.9119,1.9145,1.901,1.9015,20587
1773845100000,1.9015,1.9059,1.8941,1.8965,6904
1773846000000,1.8965,1.9014,1.8825,1.8888,18240
1773846900000,1.8888,1.8957,1.8887,1.8946,4696
1773847800000,1.8946,1.9001,1.8942,1.8977,3309
1773848700000,1.8977,1.9071,1.8951,1.9059,14113
1773849600000,1.9059,1.9059,1.8995,1.9015,12886
1773850500000,1.9015,1.9056,1.8953,1.8977,12727
1773851400000,1.8977,1.9039,1.8939,1.8971,11026
1773852300000,1.8971,1.9019,1.8941,1.8956,12923
1773853200000,1.8956,1.8966,1.8845,1.891,10416
1773854100000,1.891,1.8971,1.886,1.8971,6983
1773855000000,1.8971,1.9013,1.8885,1.8924,58910
1773855900000,1.8924,1.8994,1.89,1.89,53909
1773856800000,1.89,1.9051,1.89,1.9009,10184
1773857700000,1.9009,1.901,1.8906,1.8911,21043
1773858600000,1.8911,1.8968,1.8908,1.8951,2807
1773859500000,1.8951,1.8951,1.8742,1.8809,10199
1773860400000,1.8809,1.8895,1.8793,1.8879,8161
1773861300000,1.8879,1.891,1.8831,1.8843,8835
1773862200000,1.8843,1.8867,1.8783,1.8783,4149
1773863100000,1.8783,1.8795,1.8761,1.8761,2746
1773864000000,1.8761,1.8789,1.8656,1.878,14667
1773864900000,1.878,1.8806,1.8746,1.8801,3516
1773865800000,1.8801,1.8884,1.8801,1.8866,9127
1773866700000,1.8866,1.891,1.8842,1.8884,5387
1773867600000,1.8884,1.8996,1.887,1.8973,6721
1773868500000,1.8973,1.9021,1.8952,1.901,4912
1773869400000,1.901,1.9035,1.8994,1.9013,1973
1773870300000,1.9013,1.9027,1.8999,1.9021,4260
1773871200000,1.9021,1.9021,1.8963,1.8985,4973
1773872100000,1.8985,1.905,1.8985,1.9016,2750
1773873000000,1.9016,1.902,1.8973,1.9004,1656
1773873900000,1.9004,1.9066,1.9004,1.9045,3750
1773874800000,1.9045,1.9045,1.8985,1.8997,1045
1773875700000,1.8997,1.9035,1.8979,1.9035,1126
1773876600000,1.9035,1.909,1.9035,1.9057,1489
1773877500000,1.9057,1.9073,1.904,1.9061,1322
1773878400000,1.9061,1.9106,1.9057,1.9093,3818
1773879300000,1.9093,1.91,1.8996,1.9022,10575
1773880200000,1.9022,1.9029,1.898,1.898,2151
1773881100000,1.898,1.9,1.8964,1.8965,4553
1773882000000,1.8965,1.8983,1.895,1.8974,1336
1773882900000,1.8974,1.9015,1.8954,1.9015,5144
1773883800000,1.9015,1.9067,1.8994,1.9067,4721
1773884700000,1.9067,1.908,1.906,1.9063,1411
1773885600000,1.9063,1.907,1.9009,1.9064,3099
1773886500000,1.9064,1.9096,1.9064,1.9096,2301
1773887400000,1.9096,1.9153,1.9096,1.911,5540
1773888300000,1.911,1.911,1.906,1.9062,5039
1773889200000,1.9062,1.9104,1.9046,1.9095,2738
1773890100000,1.9095,1.927,1.9095,1.9232,26286
1773891000000,1.9232,1.9235,1.9096,1.9107,4071
1773891900000,1.9107,1.9118,1.909,1.9092,1387
1773892800000,1.9092,1.9096,1.9,1.9014,13451
1773893700000,1.9014,1.9026,1.9,1.9006,3368
1773894600000,1.9006,1.9055,1.8974,1.9008,41788
1773895500000,1.9008,1.9009,1.8957,1.8966,7611
1773896400000,1.8966,1.8974,1.8927,1.8931,6592
1773897300000,1.8931,1.8939,1.887,1.888,31607
1773898200000,1.888,1.891,1.8865,1.8896,1553
1773899100000,1.8896,1.8901,1.8886,1.8894,1228
1773900000000,1.8894,1.8898,1.8856,1.8856,3417
1773900900000,1.8856,1.8874,1.8843,1.8843,1652
1773901800000,1.8843,1.8869,1.8812,1.8869,2605
1773902700000,1.8869,1.889,1.8844,1.8844,540
1773903600000,1.8844,1.885,1.8694,1.8694,9078
1773904500000,1.8694,1.8705,1.8602,1.868,25399
1773905400000,1.868,1.8813,1.8653,1.8778,15976
1773906300000,1.8778,1.8778,1.8716,1.8719,3646
1773907200000,1.8719,1.8746,1.8709,1.8738,3669
1773908100000,1.8738,1.8741,1.8606,1.8613,5159
1773909000000,1.8613,1.8733,1.8605,1.8683,7855
1773909900000,1.8683,1.8684,1.8601,1.8625,9176
1773910800000,1.8625,1.8651,1.8616,1.8616,3417
1773911700000,1.8616,1.8719,1.8616,1.8634,30979
1773912600000,1.8634,1.8697,1.8634,1.8671,8645
1773913500000,1.8671,1.8671,1.8642,1.8657,4335
1773914400000,1.8657,1.8669,1.8642,1.8642,786
1773915300000,1.8642,1.865,1.8629,1.8633,784
1773916200000,1.8633,1.8633,1.8527,1.8529,22057
1773917100000,1.8529,1.854,1.8412,1.8422,16429
1773918000000,1.8422,1.8423,1.8366,1.8405,10558
1773918900000,1.8405,1.8425,1.8374,1.842,1836
1773919800000,1.842,1.843,1.8387,1.8415,2764
1773920700000,1.8415,1.8418,1.8387,1.8403,985
1773921600000,1.8403,1.8477,1.8373,1.8477,42051
1773922500000,1.8477,1.8477,1.8405,1.8435,4949
1773923400000,1.8435,1.846,1.8406,1.8422,4692
1773924300000,1.8422,1.8422,1.8291,1.8312,18007
1773925200000,1.8312,1.8375,1.8227,1.8237,49667
1773926100000,1.8237,1.834,1.8234,1.8288,26742
1773927000000,1.8288,1.8451,1.8264,1.8409,17757
1773927900000,1.8409,1.8443,1.8367,1.8409,6997
1773928800000,1.8409,1.8491,1.8344,1.836,25833
1773929700000,1.836,1.8367,1.8307,1.8321,10096
1773930600000,1.8321,1.8384,1.8303,1.8382,1120
1773931500000,1.8382,1.8433,1.8355,1.8411,2349
1773932400000,1.8411,1.8418,1.8324,1.8345,4130
1773933300000,1.8345,1.8371,1.8232,1.8268,16271
1773934200000,1.8268,1.8341,1.8263,1.8317,8944
1773935100000,1.8317,1.845,1.8287,1.8427,11657
1773936000000,1.8427,1.8513,1.8407,1.8513,36722
1773936900000,1.8513,1.8545,1.8478,1.8513,23774
1773937800000,1.8513,1.8513,1.8416,1.8477,13637
1773938700000,1.8477,1.8477,1.8425,1.8443,7247
1773939600000,1.8443,1.8443,1.8335,1.8335,2893
1773940500000,1.8335,1.8477,1.833,1.8461,4126
1773941400000,1.8461,1.8467,1.8377,1.8377,5909
1773942300000,1.8377,1.8413,1.835,1.8362,5635
1773943200000,1.8362,1.8362,1.8292,1.8327,5067
1773944100000,1.8327,1.8327,1.8273,1.829,4149
1773945000000,1.829,1.8322,1.824,1.8319,3447
1773945900000,1.8319,1.8355,1.8278,1.8352,1462
1773946800000,1.8352,1.8524,1.8333,1.8464,12157
1773947700000,1.8464,1.8518,1.8442,1.8447,1499
1773948600000,1.8447,1.85,1.8399,1.8495,4868
1773949500000,1.8495,1.8495,1.8421,1.8442,10757
1773950400000,1.8442,1.8495,1.8427,1.8442,7666
1773951300000,1.8442,1.8463,1.8431,1.8449,1260
1773952200000,1.8449,1.853,1.8449,1.8471,4984
1773953100000,1.8471,1.848,1.8421,1.8431,3042
1773954000000,1.8431,1.8468,1.8398,1.8401,3722
1773954900000,1.8401,1.8401,1.8314,1.8317,7814
1773955800000,1.8317,1.8391,1.8317,1.8372,14443
1773956700000,1.8372,1.8401,1.8339,1.8401,1688
1773957600000,1.8401,1.841,1.8296,1.8342,9405
1773958500000,1.8342,1.8342,1.8141,1.8176,24055
1773959400000,1.8176,1.8179,1.8031,1.8061,20554
1773960300000,1.8061,1.8085,1.7977,1.8029,33153
1773961200000,1.8029,1.8042,1.7985,1.8021,19279
1773962100000,1.8021,1.8136,1.7989,1.8127,11868
1773963000000,1.8127,1.8129,1.8051,1.8084,24013
1773963900000,1.8084,1.8126,1.8073,1.8099,11563
1773964800000,1.8099,1.8135,1.8085,1.8097,13391
1773965700000,1.8097,1.811,1.8009,1.8032,4527
1773966600000,1.8032,1.8079,1.7997,1.8079,7321
1773967500000,1.8079,1.8108,1.804,1.8065,10462
1773968400000,1.8065,1.8166,1.8065,1.8136,8386
1773969300000,1.8136,1.8136,1.807,1.8099,4899
1773970200000,1.8099,1.8228,1.8099,1.822,3833
1773971100000,1.822,1.822,1.8131,1.8131,3154
1773972000000,1.8131,1.8132,1.8052,1.8101,9946
1773972900000,1.8101,1.8101,1.802,1.8036,5264
1773973800000,1.8036,1.8124,1.8,1.8121,5696
1773974700000,1.8121,1.8132,1.8086,1.8097,6399
1773975600000,1.8097,1.812,1.8076,1.8109,1709
1773976500000,1.8109,1.8162,1.8107,1.8111,2462
1773977400000,1.8111,1.8121,1.8053,1.8054,1144
1773978300000,1.8054,1.8064,1.8015,1.8015,12753
1773979200000,1.8015,1.8023,1.7974,1.8015,5052
1773980100000,1.8015,1.8015,1.7971,1.799,13228
1773981000000,1.799,1.7997,1.7958,1.7973,12298
1773981900000,1.7973,1.8098,1.7973,1.8092,5762
1773982800000,1.8092,1.8202,1.8092,1.8182,8350
1773983700000,1.8182,1.8293,1.8181,1.8182,9807
1773984600000,1.8182,1.8353,1.8159,1.8336,10860
1773985500000,1.8336,1.8338,1.8275,1.8314,10244
1773986400000,1.8314,1.8338,1.8222,1.8338,18075
1773987300000,1.8338,1.8395,1.8301,1.8305,4128
1773988200000,1.8305,1.8305,1.8251,1.8296,7052
1773989100000,1.8296,1.8314,1.8259,1.8259,2236
1773990000000,1.8259,1.8338,1.8194,1.827,8418
1773990900000,1.827,1.8292,1.8241,1.8256,4392
1773991800000,1.8256,1.8347,1.8256,1.8323,16258
1773992700000,1.8323,1.8323,1.8239,1.8248,9522
1773993600000,1.8248,1.8323,1.8228,1.8276,21071
1773994500000,1.8276,1.8276,1.82,1.8251,29189
1773995400000,1.8251,1.8251,1.8197,1.8197,4599
1773996300000,1.8197,1.8203,1.8167,1.8182,7833
1773997200000,1.8182,1.8182,1.8071,1.8071,11484
1773998100000,1.8071,1.8098,1.8041,1.8082,10036
1773999000000,1.8082,1.8165,1.8082,1.8156,8998
1773999900000,1.8156,1.8156,1.811,1.8115,3981
1774000800000,1.8115,1.8117,1.8034,1.8042,5434
1774001700000,1.8042,1.8042,1.7992,1.8016,5132
1774002600000,1.8016,1.8058,1.7995,1.801,6143
1774003500000,1.801,1.8034,1.8001,1.8033,3929
1774004400000,1.8033,1.8104,1.8032,1.8101,1081
1774005300000,1.8101,1.8101,1.8071,1.8072,1026
1774006200000,1.8072,1.8072,1.8007,1.8025,4584
1774007100000,1.8025,1.8132,1.8021,1.8104,3734
1774008000000,1.8104,1.8178,1.8104,1.8121,10361
1774008900000,1.8121,1.8121,1.8047,1.8056,3904
1774009800000,1.8056,1.8056,1.8023,1.8048,7740
1774010700000,1.8048,1.806,1.8027,1.8046,2031
1774011600000,1.8046,1.8096,1.8034,1.8034,1915
1774012500000,1.8034,1.8034,1.8,1.8001,26623
1774013400000,1.8001,1.8069,1.7969,1.8069,33471
1774014300000,1.8069,1.8075,1.7985,1.7993,14158
1774015200000,1.7993,1.8039,1.7968,1.7987,12730
1774016100000,1.7987,1.8056,1.7981,1.8049,54466
1774017000000,1.8049,1.811,1.8046,1.8053,13769
1774017900000,1.8053,1.808,1.8026,1.8028,1351
1774018800000,1.8028,1.8054,1.7983,1.804,6164
1774019700000,1.804,1.8078,1.799,1.799,8946
1774020600000,1.799,1.8031,1.7975,1.7993,1753
1774021500000,1.7993,1.8001,1.7972,1.7985,7602
1774022400000,1.7985,1.799,1.7851,1.786,53008
1774023300000,1.786,1.7959,1.7843,1.7902,18218
1774024200000,1.7902,1.7902,1.7832,1.7879,7849
1774025100000,1.7879,1.7954,1.7872,1.7945,7168
1774026000000,1.7945,1.8056,1.7945,1.8056,9047
1774026900000,1.8056,1.8124,1.8049,1.8123,12719
1774027800000,1.8123,1.8135,1.8004,1.8077,25060
1774028700000,1.8077,1.8182,1.8077,1.8182,4924
1774029600000,1.8182,1.8248,1.8142,1.8248,7614
1774030500000,1.8248,1.8257,1.8125,1.8125,8408
1774031400000,1.8125,1.8125,1.8043,1.8112,3442
1774032300000,1.8112,1.8149,1.8079,1.81,4477
1774033200000,1.81,1.8149,1.8085,1.809,3657
1774034100000,1.809,1.8092,1.8045,1.8045,1723
1774035000000,1.8045,1.8072,1.7993,1.8072,4166
1774035900000,1.8072,1.8162,1.8072,1.8154,4544
1774036800000,1.8154,1.818,1.8118,1.8172,9349
1774037700000,1.8172,1.8172,1.8081,1.8088,3111
1774038600000,1.8088,1.8091,1.8033,1.8053,10930
1774039500000,1.8053,1.8108,1.804,1.8097,6154
1774040400000,1.8097,1.8118,1.8058,1.8085,4197
1774041300000,1.8085,1.821,1.8085,1.8151,3052
1774042200000,1.8151,1.8221,1.8121,1.8121,4123
1774043100000,1.8121,1.8239,1.8121,1.8232,4211
1774044000000,1.8232,1.833,1.8232,1.8284,10823
1774044900000,1.8284,1.8299,1.8233,1.8235,6278
1774045800000,1.8235,1.8235,1.8191,1.8191,3360
1774046700000,1.8191,1.8235,1.8181,1.8235,4115
1774047600000,1.8235,1.8235,1.8151,1.818,8072
1774048500000,1.818,1.8257,1.8158,1.8257,3035
1774049400000,1.8257,1.8336,1.8233,1.8318,11252
1774050300000,1.8318,1.8346,1.8291,1.8327,7517
1774051200000,1.8327,1.8371,1.8293,1.8357,10277
1774052100000,1.8357,1.8389,1.8271,1.8312,21416
1774053000000,1.8312,1.8345,1.8291,1.8306,4502
1774053900000,1.8306,1.8347,1.8298,1.8347,678
1774054800000,1.8347,1.8429,1.8347,1.8416,4600
1774055700000,1.8416,1.8422,1.8371,1.8384,7461
1774056600000,1.8384,1.842,1.8368,1.842,2627
1774057500000,1.842,1.8439,1.839,1.841,5200
1774058400000,1.841,1.8459,1.841,1.8445,14906
1774059300000,1.8445,1.8538,1.8445,1.852,7615
1774060200000,1.852,1.8547,1.8488,1.8497,930
1774061100000,1.8497,1.8497,1.8428,1.8441,3045
1774062000000,1.8441,1.8444,1.8408,1.8413,1796
1774062900000,1.8413,1.8436,1.8405,1.841,929
1774063800000,1.841,1.841,1.8377,1.8396,2986
1774064700000,1.8396,1.8396,1.8358,1.8378,3858
1774065600000,1.8378,1.8396,1.8359,1.8359,1922
1774066500000,1.8359,1.8402,1.8359,1.8381,5878
1774067400000,1.8381,1.8387,1.8338,1.8387,7313
1774068300000,1.8387,1.8387,1.837,1.8385,726
1774069200000,1.8385,1.8409,1.8369,1.8394,6041
1774070100000,1.8394,1.8404,1.8336,1.8347,5579
1774071000000,1.8347,1.8365,1.8345,1.8345,3040
1774071900000,1.8345,1.8345,1.8308,1.8326,4846
1774072800000,1.8326,1.8416,1.8317,1.8409,2019
1774073700000,1.8409,1.8465,1.8406,1.8465,7734
1774074600000,1.8465,1.8541,1.8465,1.8525,12371
1774075500000,1.8525,1.8532,1.8491,1.8491,7273
1774076400000,1.8491,1.8491,1.8443,1.8476,3702
1774077300000,1.8476,1.8541,1.8464,1.8483,3797
1774078200000,1.8483,1.8528,1.8483,1.85,4374
1774079100000,1.85,1.85,1.8482,1.8496,4001
1774080000000,1.8496,1.8526,1.8496,1.8513,4657
1774080900000,1.8513,1.8518,1.8485,1.8485,2969
1774081800000,1.8485,1.8557,1.8485,1.8514,8452
1774082700000,1.8514,1.8532,1.8494,1.8532,2800
1774083600000,1.8532,1.8552,1.8512,1.8526,10338
1774084500000,1.8526,1.8583,1.8498,1.8508,23060
1774085400000,1.8508,1.853,1.8431,1.8431,8666
1774086300000,1.8431,1.8436,1.8404,1.843,4480
1774087200000,1.843,1.8446,1.8411,1.8446,3242
1774088100000,1.8446,1.8446,1.8351,1.8368,8382
1774089000000,1.8368,1.8414,1.8363,1.8414,445
1774089900000,1.8414,1.8421,1.8394,1.8421,4294
1774090800000,1.8421,1.8463,1.8418,1.846,2239
1774091700000,1.846,1.8464,1.8433,1.8433,4260
1774092600000,1.8433,1.8438,1.8335,1.8363,9417
1774093500000,1.8363,1.8365,1.8327,1.8365,904
1774094400000,1.8365,1.8365,1.8337,1.835,3180
1774095300000,1.835,1.8371,1.8349,1.836,3282
1774096200000,1.836,1.8364,1.8348,1.8352,857
1774097100000,1.8352,1.8353,1.8342,1.8353,853
1774098000000,1.8353,1.8374,1.8351,1.8371,6288
1774098900000,1.8371,1.839,1.8368,1.8383,1341
1774099800000,1.8383,1.8429,1.8377,1.8429,5760
1774100700000,1.8429,1.8433,1.8415,1.8415,1473
1774101600000,1.8415,1.845,1.8413,1.8444,3833
1774102500000,1.8444,1.8444,1.8386,1.8386,9417
1774103400000,1.8386,1.8402,1.8365,1.8365,1771
1774104300000,1.8365,1.8365,1.8308,1.8339,5218
1774105200000,1.8339,1.8372,1.8339,1.8365,2110
1774106100000,1.8365,1.8441,1.836,1.8441,3913
1774107000000,1.8441,1.8492,1.8412,1.8412,9269
1774107900000,1.8412,1.8454,1.8412,1.8451,6089
1774108800000,1.8451,1.8456,1.8413,1.8413,5607
1774109700000,1.8413,1.845,1.8413,1.8423,5316
1774110600000,1.8423,1.8459,1.8406,1.8416,5889
1774111500000,1.8416,1.8438,1.8416,1.8429,757
1774112400000,1.8429,1.8459,1.838,1.838,2201
1774113300000,1.838,1.8385,1.8362,1.8381,553
1774114200000,1.8381,1.8407,1.8341,1.8367,10741
1774115100000,1.8367,1.8367,1.8351,1.8363,3779
1774116000000,1.8363,1.8373,1.8349,1.8354,3929
1774116900000,1.8354,1.8361,1.8351,1.8359,843
1774117800000,1.8359,1.8368,1.835,1.8355,2085
1774118700000,1.8355,1.8355,1.8327,1.8327,3748
1774119600000,1.8327,1.8336,1.8316,1.8321,551
1774120500000,1.8321,1.8321,1.8271,1.8299,2570
1774121400000,1.8299,1.8299,1.8274,1.8278,465
1774122300000,1.8278,1.8287,1.8261,1.8279,7922
1774123200000,1.8279,1.8285,1.8261,1.8273,4992
1774124100000,1.8273,1.8285,1.8254,1.8278,5485
1774125000000,1.8278,1.828,1.8268,1.828,6394
1774125900000,1.828,1.8286,1.826,1.8267,2833
1774126800000,1.8267,1.829,1.8242,1.8242,5247
1774127700000,1.8242,1.8244,1.8228,1.8233,5367
1774128600000,1.8233,1.8237,1.8218,1.823,2345
1774129500000,1.823,1.823,1.8201,1.8217,8688
1774130400000,1.8217,1.8224,1.8171,1.8189,9462
1774131300000,1.8189,1.8189,1.815,1.818,9396
1774132200000,1.818,1.8193,1.8143,1.8145,5890
1774133100000,1.8145,1.8165,1.8116,1.8141,10761
1774134000000,1.8141,1.8147,1.8131,1.8142,1772
1774134900000,1.8142,1.8163,1.8136,1.8145,2184
1774135800000,1.8145,1.8145,1.8125,1.8137,2417
1774136700000,1.8137,1.8139,1.7836,1.7906,78981
1774137600000,1.7906,1.7932,1.7707,1.7831,30615
1774138500000,1.7831,1.7916,1.7831,1.7878,4093
1774139400000,1.7878,1.7919,1.7843,1.7863,4902
1774140300000,1.7863,1.7874,1.7784,1.7852,10573
1774141200000,1.7852,1.7888,1.781,1.7838,7799
1774142100000,1.7838,1.7869,1.7817,1.7841,38302
1774143000000,1.7841,1.7883,1.7828,1.7848,7728
1774143900000,1.7848,1.7905,1.7839,1.7905,7169
1774144800000,1.7905,1.7923,1.7876,1.7881,4686
1774145700000,1.7881,1.7988,1.786,1.7969,3582
1774146600000,1.7969,1.7969,1.7908,1.791,1628
1774147500000,1.791,1.7936,1.791,1.793,1000
1774148400000,1.793,1.793,1.7874,1.7921,3184
1774149300000,1.7921,1.7998,1.7902,1.7979,4397
1774150200000,1.7979,1.8,1.7889,1.7889,6417
1774151100000,1.7889,1.7897,1.7835,1.7835,4986
1774152000000,1.7835,1.7904,1.7823,1.7889,5952
1774152900000,1.7889,1.7944,1.7871,1.7887,2986
1774153800000,1.7887,1.7958,1.7887,1.7958,4089
1774154700000,1.7958,1.7958,1.7926,1.7929,96
1774155600000,1.7929,1.7978,1.7927,1.7978,5830
1774156500000,1.7978,1.8008,1.7955,1.7958,10269
1774157400000,1.7958,1.8004,1.7958,1.7992,2467
1774158300000,1.7992,1.8046,1.7989,1.8032,12556
1774159200000,1.8032,1.8032,1.7932,1.7934,3786
1774160100000,1.7934,1.795,1.7927,1.7949,1189
1774161000000,1.7949,1.796,1.792,1.7924,2415
1774161900000,1.7924,1.7924,1.7788,1.7802,55310
1774162800000,1.7802,1.7838,1.7785,1.7823,13485
1774163700000,1.7823,1.7825,1.781,1.7814,1620
1774164600000,1.7814,1.7851,1.7808,1.7832,4742
1774165500000,1.7832,1.784,1.7768,1.7768,3282
1774166400000,1.7768,1.777,1.77,1.7723,4973
1774167300000,1.7723,1.7723,1.7622,1.7667,12255
1774168200000,1.7667,1.7706,1.7657,1.7699,3335
1774169100000,1.7699,1.7701,1.768,1.7698,1758
1774170000000,1.7698,1.7709,1.7684,1.77,2236
1774170900000,1.77,1.77,1.7656,1.7673,5666
1774171800000,1.7673,1.7696,1.7632,1.7674,20555
1774172700000,1.7674,1.7729,1.7674,1.7721,5863
1774173600000,1.7721,1.7725,1.7703,1.7703,2053
1774174500000,1.7703,1.772,1.7679,1.7679,6799
1774175400000,1.7679,1.7691,1.766,1.7671,5039
1774176300000,1.7671,1.7671,1.7654,1.7662,2756
1774177200000,1.7662,1.7684,1.7659,1.7684,1456
1774178100000,1.7684,1.7706,1.7668,1.7696,3791
1774179000000,1.7696,1.7724,1.7688,1.7701,5220
1774179900000,1.7701,1.7713,1.7682,1.7711,1115
1774180800000,1.7711,1.7753,1.77,1.775,5227
1774181700000,1.775,1.7814,1.7739,1.7806,3749
1774182600000,1.7806,1.7917,1.7792,1.7792,137599
1774183500000,1.7792,1.7813,1.7777,1.7803,10883
1774184400000,1.7803,1.7866,1.7803,1.7811,6790
1774185300000,1.7811,1.7811,1.778,1.7783,492
1774186200000,1.7783,1.7783,1.7699,1.7703,7441
1774187100000,1.7703,1.7761,1.7703,1.7761,1242
1774188000000,1.7761,1.7766,1.7721,1.7746,1803
1774188900000,1.7746,1.7813,1.7746,1.7779,9788
1774189800000,1.7779,1.7796,1.7775,1.7781,2770
1774190700000,1.7781,1.7785,1.7757,1.7778,1347
1774191600000,1.7778,1.7846,1.7778,1.7846,2632
1774192500000,1.7846,1.7857,1.7824,1.7829,6293
1774193400000,1.7829,1.7842,1.7813,1.7826,1270
1774194300000,1.7826,1.7933,1.7826,1.7933,2402
1774195200000,1.7933,1.7986,1.7917,1.7984,7646
1774196100000,1.7984,1.7999,1.79,1.7914,3356
1774197000000,1.7914,1.7914,1.7866,1.7884,3818
1774197900000,1.7884,1.7895,1.7867,1.7883,4734
1774198800000,1.7883,1.7883,1.7841,1.7856,6088
1774199700000,1.7856,1.7897,1.7856,1.7874,4591
1774200600000,1.7874,1.7874,1.7839,1.7839,3599
1774201500000,1.7839,1.7846,1.7833,1.7841,952
1774202400000,1.7841,1.7841,1.7825,1.7838,1133
1774203300000,1.7838,1.7838,1.7815,1.7836,2353
1774204200000,1.7836,1.7843,1.7739,1.7788,14071
1774205100000,1.7788,1.7797,1.7773,1.7794,980
1774206000000,1.7794,1.7804,1.7757,1.777,2521
1774206900000,1.777,1.7783,1.7727,1.7729,15001
1774207800000,1.7729,1.7776,1.7714,1.7762,1759
1774208700000,1.7762,1.7791,1.7758,1.776,6267
1774209600000,1.776,1.7788,1.776,1.7769,3726
1774210500000,1.7769,1.778,1.7726,1.7731,1327
1774211400000,1.7731,1.7738,1.7676,1.7728,29530
1774212300000,1.7728,1.7728,1.7676,1.7687,2183
1774213200000,1.7687,1.7711,1.7574,1.7622,53801
1774214100000,1.7622,1.7622,1.7499,1.7622,18586
1774215000000,1.7622,1.7678,1.7573,1.7658,29216
1774215900000,1.7658,1.7664,1.7625,1.765,1714
1774216800000,1.765,1.7678,1.7575,1.759,9602
1774217700000,1.759,1.7726,1.7578,1.7689,5738
1774218600000,1.7689,1.7722,1.7653,1.7654,41353
1774219500000,1.7654,1.7705,1.7654,1.7696,2232
1774220400000,1.7696,1.7745,1.7689,1.7745,5288
1774221300000,1.7745,1.7747,1.7704,1.7709,2367
1774222200000,1.7709,1.7717,1.7693,1.7693,142
1774223100000,1.7693,1.7712,1.766,1.7661,3492
1774224000000,1.7661,1.7729,1.7661,1.7718,6357
1774224900000,1.7718,1.7748,1.7676,1.771,3596
1774225800000,1.771,1.7715,1.7621,1.7708,6741
1774226700000,1.7708,1.7771,1.7708,1.7727,4342
1774227600000,1.7727,1.7762,1.7684,1.7738,2449
1774228500000,1.7738,1.7784,1.7735,1.775,3057
1774229400000,1.775,1.7776,1.7735,1.775,487
1774230300000,1.775,1.7766,1.7732,1.7747,540
1774231200000,1.7747,1.7793,1.7723,1.7728,2094
1774232100000,1.7728,1.7848,1.7727,1.7843,4210
1774233000000,1.7843,1.7843,1.7796,1.7796,1376
1774233900000,1.7796,1.7796,1.7769,1.7772,334
1774234800000,1.7772,1.7875,1.7772,1.782,710
1774235700000,1.782,1.782,1.7773,1.7773,1620
1774236600000,1.7773,1.7779,1.776,1.7766,2608
1774237500000,1.7766,1.7767,1.773,1.7731,7894
1774238400000,1.7731,1.7765,1.7731,1.7761,1484
1774239300000,1.7761,1.7787,1.7761,1.7774,1886
1774240200000,1.7774,1.778,1.7767,1.7778,1465
1774241100000,1.7778,1.7809,1.7775,1.7807,316
1774242000000,1.7807,1.7847,1.7804,1.7832,1089
1774242900000,1.7832,1.7832,1.7773,1.7776,710
1774243800000,1.7776,1.7789,1.7749,1.7767,3395
1774244700000,1.7767,1.7794,1.7737,1.7794,986
1774245600000,1.7794,1.7794,1.7705,1.7718,5932
1774246500000,1.7718,1.7735,1.7709,1.7722,574
1774247400000,1.7722,1.7722,1.7636,1.7648,1627
1774248300000,1.7648,1.767,1.761,1.7664,4432
1774249200000,1.7664,1.7664,1.758,1.7602,3297
1774250100000,1.7602,1.7613,1.7496,1.7525,10014
1774251000000,1.7525,1.7636,1.7513,1.7612,8536
1774251900000,1.7612,1.763,1.7583,1.7583,1358
1774252800000,1.7583,1.7654,1.7583,1.7646,415
1774253700000,1.7646,1.765,1.762,1.765,585
1774254600000,1.765,1.7658,1.7606,1.7611,3192
1774255500000,1.7611,1.7623,1.7591,1.7598,880
1774256400000,1.7598,1.7598,1.757,1.7576,2499
1774257300000,1.7576,1.7624,1.7576,1.7601,1187
1774258200000,1.7601,1.7604,1.7526,1.76,8486
1774259100000,1.76,1.7648,1.76,1.7642,1303
1774260000000,1.7642,1.7723,1.7642,1.7723,8402
1774260900000,1.7723,1.7761,1.7669,1.7673,18841
1774261800000,1.7673,1.7707,1.7673,1.769,12434
1774262700000,1.769,1.7731,1.7684,1.7717,2333
1774263600000,1.7717,1.8279,1.7706,1.8152,342304
1774264500000,1.8152,1.825,1.8091,1.8209,42323
1774265400000,1.8209,1.8346,1.8175,1.8197,42131
1774266300000,1.8197,1.8242,1.8113,1.8145,46028
1774267200000,1.8145,1.8238,1.8096,1.8182,80963
1774268100000,1.8182,1.8265,1.8182,1.8225,1269
1774269000000,1.8225,1.8271,1.8186,1.8271,11162
1774269900000,1.8271,1.83,1.8258,1.8283,2025
1774270800000,1.8283,1.8329,1.8239,1.8239,8773
1774271700000,1.8239,1.8239,1.8218,1.8218,984
1774272600000,1.8218,1.8309,1.8174,1.8294,10151
1774273500000,1.8294,1.8421,1.8289,1.8379,18584
1774274400000,1.8379,1.8397,1.8119,1.8126,76945
1774275300000,1.8126,1.8151,1.8068,1.8071,18214
1774276200000,1.8071,1.811,1.7987,1.7987,13281
1774277100000,1.7987,1.8064,1.7929,1.8064,35044
1774278000000,1.8064,1.8112,1.8046,1.8073,10404
1774278900000,1.8073,1.8073,1.7996,1.7996,12194
1774279800000,1.7996,1.7997,1.7924,1.7935,5243
1774280700000,1.7935,1.795,1.7863,1.7866,6815
1774281600000,1.7866,1.7919,1.7866,1.7869,11100
1774282500000,1.7869,1.7869,1.768,1.7701,34783
1774283400000,1.7701,1.7726,1.7692,1.7704,11509
1774284300000,1.7704,1.7823,1.7704,1.7823,17623
1774285200000,1.7823,1.7859,1.7796,1.7796,4222
1774286100000,1.7796,1.7796,1.7705,1.7716,9314
1774287000000,1.7716,1.7762,1.7627,1.7644,14019
1774287900000,1.7644,1.767,1.7567,1.7574,16996
1774288800000,1.7574,1.7651,1.7488,1.7526,12719
1774289700000,1.7526,1.7647,1.7523,1.7635,70346
1774290600000,1.7635,1.7705,1.755,1.7576,23771
1774291500000,1.7576,1.763,1.7564,1.763,123293
1774292400000,1.763,1.7733,1.7603,1.7705,16380
1774293300000,1.7705,1.7743,1.7664,1.7736,2832
1774294200000,1.7736,1.7736,1.7607,1.7612,7273
1774295100000,1.7612,1.762,1.7572,1.7592,9622
1774296000000,1.7592,1.7663,1.7536,1.7656,31289
1774296900000,1.7656,1.7707,1.765,1.7674,6060
1774297800000,1.7674,1.7795,1.7668,1.7777,8162
1774298700000,1.7777,1.7812,1.776,1.7802,2270
1774299600000,1.7802,1.7838,1.7768,1.7838,6679
1774300500000,1.7838,1.7861,1.7815,1.7818,15073
1774301400000,1.7818,1.7837,1.7758,1.7785,17000
1774302300000,1.7785,1.7935,1.7785,1.7856,8858
1774303200000,1.7856,1.7881,1.7781,1.7821,9211
1774304100000,1.7821,1.7837,1.7808,1.782,3394
1774305000000,1.782,1.782,1.7705,1.7715,17352
1774305900000,1.7715,1.7729,1.7686,1.7729,3010
1774306800000,1.7729,1.7729,1.7689,1.7707,9968
1774307700000,1.7707,1.7809,1.7704,1.7791,6486
1774308600000,1.7791,1.7826,1.7745,1.7824,19534
1774309500000,1.7824,1.7835,1.7803,1.7835,2230
1774310400000,1.7835,1.7868,1.7777,1.7854,23012
1774311300000,1.7854,1.7899,1.7765,1.7768,17202
1774312200000,1.7768,1.7813,1.7687,1.778,73728
1774313100000,1.778,1.7872,1.777,1.7862,57382
1774314000000,1.7862,1.7879,1.7799,1.7861,21083
1774314900000,1.7861,1.7899,1.784,1.7884,20728
1774315800000,1.7884,1.7917,1.787,1.7882,21011
1774316700000,1.7882,1.7882,1.7824,1.7855,33666
1774317600000,1.7855,1.7901,1.7823,1.7887,15491
1774318500000,1.7887,1.7939,1.7835,1.7857,50962
1774319400000,1.7857,1.79,1.7812,1.79,12484
1774320300000,1.79,1.7944,1.7886,1.791,8041
1774321200000,1.791,1.791,1.7792,1.7793,2735
1774322100000,1.7793,1.7793,1.7703,1.7729,5163
1774323000000,1.7729,1.7742,1.7724,1.7735,3122
1774323900000,1.7735,1.7742,1.7685,1.769,3313
1774324800000,1.769,1.7779,1.769,1.775,28156
1774325700000,1.775,1.7799,1.7738,1.7798,14929
1774326600000,1.7798,1.7806,1.7766,1.7784,5107
1774327500000,1.7784,1.7865,1.7784,1.7835,4882
1774328400000,1.7835,1.7835,1.7761,1.7774,3300
1774329300000,1.7774,1.779,1.7743,1.7769,6535
1774330200000,1.7769,1.778,1.7752,1.7778,3284
1774331100000,1.7778,1.7778,1.7686,1.7688,5412
1774332000000,1.7688,1.7739,1.7684,1.7708,26114
1774332900000,1.7708,1.7742,1.7648,1.7742,6651
1774333800000,1.7742,1.7772,1.771,1.771,2197
1774334700000,1.771,1.7783,1.771,1.7783,1772
1774335600000,1.7783,1.7848,1.7756,1.7825,31584
1774336500000,1.7825,1.787,1.78,1.7824,91931
1774337400000,1.7824,1.7856,1.7802,1.7802,6530
1774338300000,1.7802,1.7906,1.7796,1.7888,4348
1774339200000,1.7888,1.7933,1.785,1.7916,4014
1774340100000,1.7916,1.7916,1.7842,1.7873,15660
1774341000000,1.7873,1.7913,1.7864,1.7899,5025
1774341900000,1.7899,1.7899,1.7812,1.7842,7293
1774342800000,1.7842,1.7905,1.783,1.787,19219
1774343700000,1.787,1.788,1.7822,1.7822,5440
1774344600000,1.7822,1.7842,1.7778,1.7826,6928
1774345500000,1.7826,1.7826,1.7737,1.7792,13955
1774346400000,1.7792,1.7792,1.7724,1.7775,12273
1774347300000,1.7775,1.7827,1.7775,1.7784,30188
1774348200000,1.7784,1.7869,1.7784,1.7853,10250
1774349100000,1.7853,1.7853,1.7825,1.7849,4066
1774350000000,1.7849,1.7857,1.7773,1.7825,13808
1774350900000,1.7825,1.7859,1.7799,1.7847,9319
1774351800000,1.7847,1.7886,1.7845,1.7882,7259
1774352700000,1.7882,1.7939,1.7876,1.7897,11777
1774353600000,1.7897,1.7897,1.783,1.7861,6604
1774354500000,1.7861,1.7865,1.7829,1.7865,2466
1774355400000,1.7865,1.7883,1.782,1.782,14069
1774356300000,1.782,1.786,1.7788,1.7834,3867
1774357200000,1.7834,1.784,1.7743,1.7781,10247
1774358100000,1.7781,1.7847,1.7771,1.7838,21162
1774359000000,1.7838,1.7909,1.7797,1.7798,45975
1774359900000,1.7798,1.7833,1.7776,1.7825,25012
1774360800000,1.7825,1.7844,1.7742,1.7766,10522
1774361700000,1.7766,1.7823,1.774,1.7796,4216
1774362600000,1.7796,1.7817,1.7724,1.7773,9785
1774363500000,1.7773,1.7849,1.7724,1.7839,83618
1774364400000,1.7839,1.7885,1.7797,1.7797,13972
1774365300000,1.7797,1.7832,1.777,1.7797,9366
1774366200000,1.7797,1.7797,1.769,1.7701,29742
1774367100000,1.7701,1.7725,1.7652,1.7652,22691
1774368000000,1.7652,1.773,1.7629,1.7711,28492
1774368900000,1.7711,1.7721,1.7648,1.7718,12675
1774369800000,1.7718,1.7718,1.7636,1.7675,23691
1774370700000,1.7675,1.7721,1.7661,1.7689,94093
1774371600000,1.7689,1.7735,1.7651,1.771,23194
1774372500000,1.771,1.7735,1.7703,1.7718,2832
1774373400000,1.7718,1.7756,1.7653,1.7658,17589
1774374300000,1.7658,1.7675,1.7596,1.767,35966
1774375200000,1.767,1.7704,1.7607,1.7646,27038
1774376100000,1.7646,1.766,1.7615,1.763,35691
1774377000000,1.763,1.7697,1.763,1.7651,8257
1774377900000,1.7651,1.7651,1.7629,1.7629,620
1774378800000,1.7629,1.7644,1.7629,1.7642,1080
1774379700000,1.7642,1.7694,1.7642,1.7649,7143
1774380600000,1.7649,1.7671,1.7625,1.7665,1235
1774381500000,1.7665,1.7696,1.7658,1.769,7595
1774382400000,1.769,1.769,1.7622,1.7641,16266
1774383300000,1.7641,1.7826,1.7641,1.7765,18064
1774384200000,1.7765,1.78,1.776,1.7764,6694
1774385100000,1.7764,1.7802,1.7764,1.7765,5186
1774386000000,1.7765,1.7815,1.7757,1.7766,3104
1774386900000,1.7766,1.7789,1.7752,1.7789,3559
1774387800000,1.7789,1.7884,1.7789,1.7858,2826
1774388700000,1.7858,1.7889,1.7858,1.7889,515
1774389600000,1.7889,1.7904,1.7857,1.7884,17724
1774390500000,1.7884,1.7884,1.7822,1.7822,2442
1774391400000,1.7822,1.7822,1.7775,1.7796,5981
1774392300000,1.7796,1.784,1.7796,1.7835,2260
1774393200000,1.7835,1.784,1.7762,1.777,14359
1774394100000,1.777,1.7825,1.7766,1.7815,11358
1774395000000,1.7815,1.7847,1.7807,1.7837,5367
1774395900000,1.7837,1.7866,1.7833,1.7866,918
1774396800000,1.7866,1.7906,1.7844,1.7868,12158
1774397700000,1.7868,1.7917,1.7859,1.7899,7259
1774398600000,1.7899,1.7976,1.7847,1.7961,11888
1774399500000,1.7961,1.7974,1.7905,1.7918,5748
1774400400000,1.7918,1.7993,1.7899,1.7951,10551
1774401300000,1.7951,1.7961,1.7928,1.7934,998
1774402200000,1.7934,1.7934,1.7882,1.7882,3379
1774403100000,1.7882,1.7899,1.7871,1.7899,7108
1774404000000,1.7899,1.7942,1.7889,1.7901,3342
1774404900000,1.7901,1.7921,1.7884,1.7884,2297
1774405800000,1.7884,1.7908,1.7856,1.7908,2141
1774406700000,1.7908,1.7923,1.7892,1.7892,4464
1774407600000,1.7892,1.7929,1.7844,1.7852,6510
1774408500000,1.7852,1.7931,1.7852,1.7927,4627
1774409400000,1.7927,1.7964,1.7927,1.7948,2605
1774410300000,1.7948,1.7967,1.7948,1.7955,4272
1774411200000,1.7955,1.7971,1.7924,1.7956,1556
1774412100000,1.7956,1.7965,1.795,1.796,1244
1774413000000,1.796,1.7988,1.7946,1.7988,2388
1774413900000,1.7988,1.8033,1.7985,1.8025,12354
1774414800000,1.8025,1.8049,1.7995,1.8014,5770
1774415700000,1.8014,1.8014,1.7974,1.7983,7086
1774416600000,1.7983,1.7995,1.7973,1.7986,3225
1774417500000,1.7986,1.7994,1.7921,1.7931,6110
1774418400000,1.7931,1.7944,1.7862,1.7863,8351
1774419300000,1.7863,1.7915,1.7862,1.7906,6308
1774420200000,1.7906,1.7909,1.7866,1.7872,6519
1774421100000,1.7872,1.7931,1.787,1.7871,13482
1774422000000,1.7871,1.7942,1.7871,1.7942,1745
1774422900000,1.7942,1.7942,1.7895,1.7906,3953
1774423800000,1.7906,1.7916,1.7886,1.79,4156
1774424700000,1.79,1.7902,1.7868,1.7892,2604
1774425600000,1.7892,1.7922,1.7888,1.7921,1582
1774426500000,1.7921,1.8031,1.7921,1.8018,14668
1774427400000,1.8018,1.8018,1.7944,1.7963,7597
1774428300000,1.7963,1.7963,1.7875,1.7896,12489
1774429200000,1.7896,1.79,1.7861,1.7881,4722
1774430100000,1.7881,1.789,1.7836,1.785,59979
1774431000000,1.785,1.7885,1.7839,1.7885,26086
1774431900000,1.7885,1.7906,1.7843,1.7905,21223
1774432800000,1.7905,1.795,1.7904,1.7947,3268
1774433700000,1.7947,1.7991,1.7944,1.7961,10921
1774434600000,1.7961,1.7994,1.7961,1.7994,1438
1774435500000,1.7994,1.8003,1.7922,1.7922,20678
1774436400000,1.7922,1.7928,1.7885,1.7899,2596
1774437300000,1.7899,1.794,1.7894,1.794,10128
1774438200000,1.794,1.7992,1.794,1.7973,9461
1774439100000,1.7973,1.798,1.7933,1.7972,4822
1774440000000,1.7972,1.8,1.7965,1.7965,4700
1774440900000,1.7965,1.7987,1.7922,1.796,19888
1774441800000,1.796,1.7968,1.7941,1.7955,1870
1774442700000,1.7955,1.7958,1.789,1.789,48257
1774443600000,1.789,1.7928,1.789,1.7928,11208
1774444500000,1.7928,1.7947,1.7861,1.787,42627
1774445400000,1.787,1.7886,1.7848,1.7857,62985
1774446300000,1.7857,1.7885,1.7747,1.7761,59914
1774447200000,1.7761,1.7812,1.7737,1.7803,11040
1774448100000,1.7803,1.7811,1.7781,1.7798,17536
1774449000000,1.7798,1.7839,1.7798,1.7818,12668
1774449900000,1.7818,1.7829,1.7792,1.7792,7057
1774450800000,1.7792,1.7792,1.7671,1.7708,85063
1774451700000,1.7708,1.7708,1.7636,1.7698,22769
1774452600000,1.7698,1.7702,1.7624,1.7656,24946
1774453500000,1.7656,1.7664,1.7638,1.7646,9654
1774454400000,1.7646,1.7649,1.7591,1.7637,12927
1774455300000,1.7637,1.7728,1.7624,1.7709,24215
1774456200000,1.7709,1.7714,1.7683,1.7694,4920
1774457100000,1.7694,1.7694,1.7597,1.76,3706
1774458000000,1.76,1.7677,1.76,1.7665,16961
1774458900000,1.7665,1.7679,1.7637,1.7671,4449
1774459800000,1.7671,1.7717,1.7671,1.7674,7943
1774460700000,1.7674,1.7675,1.7634,1.7659,1980
1774461600000,1.7659,1.7672,1.7644,1.7654,1610
1774462500000,1.7654,1.7702,1.7647,1.7702,10467
1774463400000,1.7702,1.7728,1.7694,1.7694,3703
1774464300000,1.7694,1.7695,1.7637,1.7662,11469
1774465200000,1.7662,1.7667,1.7636,1.7665,2271
1774466100000,1.7665,1.7697,1.7665,1.7697,10426
1774467000000,1.7697,1.77,1.767,1.7685,23092
1774467900000,1.7685,1.7695,1.767,1.7676,3672
1774468800000,1.7676,1.7685,1.7651,1.7663,1569
1774469700000,1.7663,1.767,1.758,1.7587,9536
1774470600000,1.7587,1.7598,1.7557,1.7595,8249
1774471500000,1.7595,1.7634,1.7595,1.7623,3856
1774472400000,1.7623,1.7653,1.7605,1.7639,5829
1774473300000,1.7639,1.7649,1.7613,1.7615,3274
1774474200000,1.7615,1.763,1.761,1.761,1137
1774475100000,1.761,1.7621,1.7599,1.762,3110
1774476000000,1.762,1.7642,1.7611,1.7634,9890
1774476900000,1.7634,1.7659,1.7628,1.7653,1449
1774477800000,1.7653,1.7754,1.7653,1.7706,9650
1774478700000,1.7706,1.7712,1.7675,1.7689,2883
1774479600000,1.7689,1.7693,1.7647,1.7647,10279
1774480500000,1.7647,1.7667,1.7638,1.7655,3466
1774481400000,1.7655,1.7655,1.7613,1.7618,1972
1774482300000,1.7618,1.7643,1.7618,1.7638,88
1774483200000,1.7638,1.7642,1.762,1.7625,13782
1774484100000,1.7625,1.763,1.7528,1.7559,40895
1774485000000,1.7559,1.7581,1.7538,1.7579,2767
1774485900000,1.7579,1.7621,1.7566,1.7584,19523
1774486800000,1.7584,1.7592,1.756,1.7563,2740
1774487700000,1.7563,1.7563,1.752,1.7527,15548
1774488600000,1.7527,1.7537,1.75,1.751,18013
1774489500000,1.751,1.7523,1.7472,1.7499,24860
1774490400000,1.7499,1.7499,1.7422,1.7435,3414
1774491300000,1.7435,1.7452,1.743,1.7445,2535
1774492200000,1.7445,1.7448,1.7387,1.7413,25795
1774493100000,1.7413,1.7442,1.7413,1.743,2160
1774494000000,1.743,1.7431,1.7408,1.7425,19861
1774494900000,1.7425,1.743,1.7355,1.7357,35129
1774495800000,1.7357,1.7419,1.7357,1.7419,2046
1774496700000,1.7419,1.7419,1.7412,1.7413,1330
1774497600000,1.7413,1.7413,1.7358,1.7365,9483
1774498500000,1.7365,1.7365,1.7305,1.7332,17696
1774499400000,1.7332,1.7333,1.728,1.7295,17939
1774500300000,1.7295,1.7307,1.7285,1.7299,1354
1774501200000,1.7299,1.7313,1.7239,1.7259,9145
1774502100000,1.7259,1.7303,1.725,1.7289,1328
1774503000000,1.7289,1.7304,1.7256,1.7268,10410
1774503900000,1.7268,1.7301,1.7225,1.7241,9893
1774504800000,1.7241,1.7251,1.7187,1.7244,9250
1774505700000,1.7244,1.7248,1.7163,1.7185,6621
1774506600000,1.7185,1.7196,1.7174,1.7187,17023
1774507500000,1.7187,1.7225,1.7166,1.7225,16397
1774508400000,1.7225,1.7253,1.7209,1.7242,1836
1774509300000,1.7242,1.7245,1.721,1.7216,7305
1774510200000,1.7216,1.7241,1.7207,1.7222,5684
1774511100000,1.7222,1.723,1.7211,1.7212,2612
1774512000000,1.7212,1.7225,1.72,1.72,7390
1774512900000,1.72,1.72,1.7158,1.7161,6671
1774513800000,1.7161,1.7183,1.7161,1.7183,7811
1774514700000,1.7183,1.7213,1.717,1.7206,11192
1774515600000,1.7206,1.7206,1.7185,1.7194,3415
1774516500000,1.7194,1.7231,1.7184,1.7231,4635
1774517400000,1.7231,1.7235,1.7121,1.7175,71147
1774518300000,1.7175,1.7209,1.717,1.7199,25289
1774519200000,1.7199,1.72,1.7086,1.709,15454
1774520100000,1.709,1.7124,1.709,1.712,19380
1774521000000,1.712,1.716,1.7115,1.7115,16410
1774521900000,1.7115,1.7125,1.7113,1.7119,2535
1774522800000,1.7119,1.7161,1.7103,1.7117,20223
1774523700000,1.7117,1.7122,1.7071,1.7078,8421
1774524600000,1.7078,1.7109,1.7065,1.7098,9729
1774525500000,1.7098,1.7129,1.7098,1.7112,3939
1774526400000,1.7112,1.7119,1.7094,1.7104,6947
1774527300000,1.7104,1.7133,1.7099,1.7133,2928
1774528200000,1.7133,1.7133,1.7092,1.7094,2635
1774529100000,1.7094,1.7119,1.7094,1.7119,9024
1774530000000,1.7119,1.7163,1.7109,1.7109,4013
1774530900000,1.7109,1.7125,1.7073,1.7084,13748
1774531800000,1.7084,1.7143,1.7076,1.7143,4278
1774532700000,1.7143,1.7219,1.7135,1.7141,21636
1774533600000,1.7141,1.7184,1.7137,1.7174,9924
1774534500000,1.7174,1.72,1.7172,1.7187,5508
1774535400000,1.7187,1.7188,1.7169,1.7169,1567
1774536300000,1.7169,1.7171,1.7132,1.7171,9624
1774537200000,1.7171,1.7171,1.7042,1.705,15614
1774538100000,1.705,1.7055,1.6964,1.7029,76624
1774539000000,1.7029,1.7029,1.6977,1.6994,5443
1774539900000,1.6994,1.6998,1.6958,1.699,6227
1774540800000,1.699,1.705,1.6979,1.6982,22645
1774541700000,1.6982,1.7011,1.6974,1.7002,5466
1774542600000,1.7002,1.7008,1.6963,1.6963,4444
1774543500000,1.6963,1.6964,1.6926,1.6941,12765
1774544400000,1.6941,1.6941,1.6882,1.693,20198
1774545300000,1.693,1.6931,1.6916,1.6924,9310
1774546200000,1.6924,1.6966,1.6924,1.695,3846
1774547100000,1.695,1.695,1.6825,1.6851,10199
1774548000000,1.6851,1.6877,1.6807,1.6873,8570
1774548900000,1.6873,1.6887,1.6822,1.6861,9614
1774549800000,1.6861,1.6871,1.6851,1.6852,4135
1774550700000,1.6852,1.6877,1.6841,1.6841,5983
1774551600000,1.6841,1.6847,1.679,1.6795,27396
1774552500000,1.6795,1.6805,1.6772,1.6777,5025
1774553400000,1.6777,1.6782,1.67,1.6779,65020
1774554300000,1.6779,1.6815,1.6779,1.6805,2339
1774555200000,1.6805,1.6966,1.6738,1.6909,143506
1774556100000,1.6909,1.6963,1.688,1.6905,29916
1774557000000,1.6905,1.6926,1.6892,1.6892,7745
1774557900000,1.6892,1.6892,1.6804,1.6818,8650
1774558800000,1.6818,1.6856,1.6804,1.6814,15093
1774559700000,1.6814,1.686,1.6802,1.686,12921
1774560600000,1.686,1.6895,1.686,1.6892,6044
1774561500000,1.6892,1.69,1.6841,1.6854,12147
1774562400000,1.6854,1.6882,1.6831,1.6831,9949
1774563300000,1.6831,1.6859,1.6794,1.6838,39274
1774564200000,1.6838,1.6866,1.6826,1.686,2961
1774565100000,1.686,1.6911,1.6859,1.6911,9686
1774566000000,1.6911,1.6954,1.6907,1.6909,23292
1774566900000,1.6909,1.6909,1.6864,1.6893,5560
1774567800000,1.6893,1.6899,1.6876,1.6893,4915
1774568700000,1.6893,1.6985,1.6893,1.6965,7074
1774569600000,1.6965,1.7024,1.6957,1.6974,52519
1774570500000,1.6974,1.7033,1.6957,1.7015,22738
1774571400000,1.7015,1.7053,1.6964,1.6969,11896
1774572300000,1.6969,1.7009,1.6952,1.7009,4418
1774573200000,1.7009,1.7052,1.6997,1.7022,6572
1774574100000,1.7022,1.7042,1.7013,1.7042,1277
1774575000000,1.7042,1.7064,1.7042,1.7059,839
1774575900000,1.7059,1.7108,1.7059,1.7095,4011
1774576800000,1.7095,1.7108,1.7068,1.7074,1835
1774577700000,1.7074,1.7084,1.7041,1.7084,7912
1774578600000,1.7084,1.7085,1.7039,1.7039,8060
1774579500000,1.7039,1.7066,1.7039,1.706,2885
1774580400000,1.706,1.706,1.7,1.7,4714
1774581300000,1.7,1.7045,1.6994,1.7045,5209
1774582200000,1.7045,1.7057,1.703,1.7045,1864
1774583100000,1.7045,1.706,1.7035,1.7045,838
1774584000000,1.7045,1.7074,1.6978,1.7074,13660
1774584900000,1.7074,1.7188,1.7074,1.7121,33480
1774585800000,1.7121,1.7144,1.7084,1.7092,19563
1774586700000,1.7092,1.7142,1.708,1.7136,4526
1774587600000,1.7136,1.7147,1.7092,1.7145,10470
1774588500000,1.7145,1.7158,1.7119,1.7135,6222
1774589400000,1.7135,1.7145,1.7108,1.7126,1821
1774590300000,1.7126,1.715,1.7115,1.7147,1598
1774591200000,1.7147,1.7222,1.7147,1.7186,16356
1774592100000,1.7186,1.7197,1.7113,1.7137,9957
1774593000000,1.7137,1.7172,1.7116,1.7161,6771
1774593900000,1.7161,1.7176,1.715,1.717,10359
1774594800000,1.717,1.7194,1.7152,1.7186,5135
1774595700000,1.7186,1.7235,1.7186,1.7232,19934
1774596600000,1.7232,1.724,1.7208,1.7232,6491
1774597500000,1.7232,1.7284,1.7232,1.7273,9137
1774598400000,1.7273,1.7292,1.7259,1.7259,8595
1774599300000,1.7259,1.7259,1.7165,1.717,4421
1774600200000,1.717,1.7182,1.701,1.7073,67878
1774601100000,1.7073,1.7156,1.7033,1.7106,69254
1774602000000,1.7106,1.7113,1.6937,1.6976,39393
1774602900000,1.6976,1.7032,1.6976,1.703,13208
1774603800000,1.703,1.7038,1.6978,1.6978,4626
1774604700000,1.6978,1.6978,1.6928,1.6953,12209
1774605600000,1.6953,1.6982,1.6917,1.6939,14077
1774606500000,1.6939,1.6969,1.6938,1.6956,1138
1774607400000,1.6956,1.6966,1.663,1.6756,233136
1774608300000,1.6756,1.6771,1.6603,1.669,54013
1774609200000,1.669,1.6705,1.6525,1.6641,66307
1774610100000,1.6641,1.6699,1.6641,1.6675,15919
1774611000000,1.6675,1.6733,1.6668,1.6713,16870
1774611900000,1.6713,1.6748,1.6713,1.6722,4090
1774612800000,1.6722,1.6735,1.6671,1.67,6874
1774613700000,1.67,1.672,1.6631,1.6633,11779
1774614600000,1.6633,1.6663,1.6626,1.6655,28468
1774615500000,1.6655,1.674,1.6641,1.6732,9963
1774616400000,1.6732,1.6774,1.6703,1.6719,10000
1774617300000,1.6719,1.6726,1.6684,1.6726,9030
1774618200000,1.6726,1.6787,1.6666,1.6779,22068
1774619100000,1.6779,1.6779,1.6687,1.6697,8729
1774620000000,1.6697,1.6725,1.6653,1.6709,3946
1774620900000,1.6709,1.672,1.6598,1.6614,29670
1774621800000,1.6614,1.6667,1.6609,1.666,5264
1774622700000,1.666,1.6737,1.6645,1.6718,16661
1774623600000,1.6718,1.6748,1.6714,1.6743,6740
1774624500000,1.6743,1.6796,1.6693,1.6745,15257
1774625400000,1.6745,1.6846,1.6742,1.6744,20775
1774626300000,1.6744,1.6753,1.67,1.67,5290
1774627200000,1.67,1.6725,1.6676,1.6701,7869
1774628100000,1.6701,1.6712,1.663,1.6644,10493
1774629000000,1.6644,1.6655,1.6604,1.6645,3447
1774629900000,1.6645,1.6662,1.6612,1.6617,2725
1774630800000,1.6617,1.667,1.6607,1.6663,13549
1774631700000,1.6663,1.6663,1.6612,1.6625,2049
1774632600000,1.6625,1.6653,1.6618,1.6631,8471
1774633500000,1.6631,1.6636,1.6611,1.6629,9500
1774634400000,1.6629,1.6648,1.6614,1.6614,1472
1774635300000,1.6614,1.665,1.6608,1.6634,3065
1774636200000,1.6634,1.6657,1.6626,1.6642,942
1774637100000,1.6642,1.6672,1.6642,1.6667,1760
1774638000000,1.6667,1.6667,1.6649,1.6666,880
1774638900000,1.6666,1.6691,1.6659,1.6684,2182
1774639800000,1.6684,1.6728,1.6684,1.6702,3353
1774640700000,1.6702,1.6702,1.6669,1.6692,1894
1774641600000,1.6692,1.6721,1.6692,1.6702,239
1774642500000,1.6702,1.6717,1.665,1.6663,7136
1774643400000,1.6663,1.6675,1.6658,1.6665,858
1774644300000,1.6665,1.6718,1.6665,1.6718,4702
1774645200000,1.6718,1.6759,1.6709,1.6759,2678
1774646100000,1.6759,1.6759,1.6733,1.6759,2055
1774647000000,1.6759,1.6794,1.6759,1.679,768
1774647900000,1.679,1.6794,1.6773,1.6773,1457
1774648800000,1.6773,1.6792,1.6771,1.6771,1873
1774649700000,1.6771,1.6786,1.6728,1.6728,9732
1774650600000,1.6728,1.6749,1.6715,1.6727,1120
1774651500000,1.6727,1.675,1.6727,1.675,1306
1774652400000,1.675,1.675,1.6705,1.6738,3725
1774653300000,1.6738,1.6738,1.6711,1.6718,1055
1774654200000,1.6718,1.6728,1.6712,1.6716,2607
1774655100000,1.6716,1.6736,1.6712,1.6736,91
1774656000000,1.6736,1.6777,1.6736,1.6763,1373
1774656900000,1.6763,1.6799,1.673,1.6776,29852
1774657800000,1.6776,1.6793,1.6764,1.6768,4564
1774658700000,1.6768,1.6768,1.6679,1.668,3839
1774659600000,1.668,1.668,1.6602,1.6602,1771
1774660500000,1.6602,1.6647,1.6601,1.6633,7486
1774661400000,1.6633,1.6635,1.6538,1.6574,17132
1774662300000,1.6574,1.663,1.6574,1.663,2874
1774663200000,1.663,1.6683,1.6624,1.6658,6858
1774664100000,1.6658,1.6658,1.6626,1.6626,1514
1774665000000,1.6626,1.6626,1.6598,1.6626,6574
1774665900000,1.6626,1.6689,1.6626,1.6674,31034
1774666800000,1.6674,1.6679,1.6654,1.6668,1485
1774667700000,1.6668,1.6712,1.6663,1.6694,10881
1774668600000,1.6694,1.6705,1.6682,1.6682,5133
1774669500000,1.6682,1.6689,1.6675,1.6681,2689
1774670400000,1.6681,1.6691,1.6654,1.6668,1882
1774671300000,1.6668,1.6696,1.6668,1.6677,5816
1774672200000,1.6677,1.6683,1.6613,1.6625,5978
1774673100000,1.6625,1.665,1.6625,1.664,2472
1774674000000,1.664,1.6666,1.6622,1.6666,3064
1774674900000,1.6666,1.6717,1.6666,1.6685,3804
1774675800000,1.6685,1.6697,1.6677,1.6678,758
1774676700000,1.6678,1.6687,1.6677,1.6685,1216
1774677600000,1.6685,1.6719,1.6685,1.6699,11732
1774678500000,1.6699,1.6769,1.6699,1.6736,3632
1774679400000,1.6736,1.6741,1.6712,1.6712,2194
1774680300000,1.6712,1.6733,1.6712,1.6732,463
1774681200000,1.6732,1.6752,1.6731,1.6752,5510
1774682100000,1.6752,1.681,1.6752,1.6801,4006
1774683000000,1.6801,1.6855,1.6801,1.6844,1092
1774683900000,1.6844,1.6857,1.6831,1.6835,1645
1774684800000,1.6835,1.69,1.6835,1.6888,4836
1774685700000,1.6888,1.6892,1.6881,1.6887,548
1774686600000,1.6887,1.6923,1.6887,1.6913,4031
1774687500000,1.6913,1.6951,1.6912,1.695,3945
1774688400000,1.695,1.6977,1.6934,1.6973,3742
1774689300000,1.6973,1.6981,1.6859,1.6859,9526
1774690200000,1.6859,1.6869,1.6765,1.6772,15210
1774691100000,1.6772,1.6833,1.6762,1.6833,2449
1774692000000,1.6833,1.6889,1.6823,1.686,1363
1774692900000,1.686,1.686,1.6775,1.6778,31030
1774693800000,1.6778,1.6778,1.677,1.6772,5423
1774694700000,1.6772,1.681,1.6772,1.681,21644
1774695600000,1.681,1.6811,1.6776,1.6794,7290
1774696500000,1.6794,1.6801,1.6764,1.6773,1532
1774697400000,1.6773,1.6784,1.6773,1.6777,1194
1774698300000,1.6777,1.6792,1.6776,1.6776,697
1774699200000,1.6776,1.6776,1.673,1.6753,4686
1774700100000,1.6753,1.6789,1.6751,1.6752,2326
1774701000000,1.6752,1.6752,1.6671,1.6683,4253
1774701900000,1.6683,1.6696,1.6672,1.6675,2041
1774702800000,1.6675,1.6703,1.6667,1.6703,2130
1774703700000,1.6703,1.6723,1.6693,1.6723,2874
1774704600000,1.6723,1.691,1.6716,1.6866,8382
1774705500000,1.6866,1.6866,1.6809,1.6823,839
1774706400000,1.6823,1.6823,1.6766,1.677,895
1774707300000,1.677,1.6816,1.6755,1.681,1622
1774708200000,1.681,1.6881,1.6772,1.6881,8070
1774709100000,1.6881,1.6884,1.6823,1.6838,3391
1774710000000,1.6838,1.6873,1.6828,1.6871,10620
1774710900000,1.6871,1.6953,1.6859,1.6875,8900
1774711800000,1.6875,1.6882,1.6857,1.6874,388
1774712700000,1.6874,1.6881,1.6841,1.6845,6846
1774713600000,1.6845,1.6889,1.6845,1.6867,6397
1774714500000,1.6867,1.6903,1.6862,1.689,4883
1774715400000,1.689,1.689,1.6858,1.6865,3604
1774716300000,1.6865,1.6865,1.6842,1.686,669
1774717200000,1.686,1.6895,1.6853,1.6856,12283
1774718100000,1.6856,1.6856,1.681,1.6818,2847
1774719000000,1.6818,1.6818,1.6794,1.6809,334
1774719900000,1.6809,1.6829,1.6809,1.6829,50
1774720800000,1.6829,1.6868,1.6829,1.6853,2942
1774721700000,1.6853,1.6853,1.6814,1.6828,784
1774722600000,1.6828,1.6889,1.6828,1.6889,4046
1774723500000,1.6889,1.6891,1.6871,1.6871,1182
1774724400000,1.6871,1.6889,1.6867,1.6867,438
1774725300000,1.6867,1.6867,1.684,1.6848,1074
1774726200000,1.6848,1.6848,1.6817,1.6817,137
1774727100000,1.6817,1.6883,1.6807,1.6832,2194
1774728000000,1.6832,1.6884,1.6823,1.6831,3814
1774728900000,1.6831,1.6838,1.6808,1.6831,1121
1774729800000,1.6831,1.6858,1.6823,1.6823,674
1774730700000,1.6823,1.6823,1.6803,1.6811,96
1774731600000,1.6811,1.6846,1.6807,1.6845,1001
1774732500000,1.6845,1.6854,1.6832,1.6854,280
1774733400000,1.6854,1.6856,1.6845,1.6845,92
1774734300000,1.6845,1.6869,1.6777,1.6789,14864
1774735200000,1.6789,1.6789,1.674,1.6756,1006
1774736100000,1.6756,1.6795,1.6725,1.6782,3267
1774737000000,1.6782,1.679,1.6749,1.675,2089
1774737900000,1.675,1.6771,1.675,1.6753,1908
1774738800000,1.6753,1.676,1.6645,1.6697,17113
1774739700000,1.6697,1.6716,1.6673,1.6706,1063
1774740600000,1.6706,1.6706,1.6647,1.6647,507
1774741500000,1.6647,1.6657,1.6629,1.6645,846
1774742400000,1.6645,1.6672,1.664,1.6651,3983
1774743300000,1.6651,1.6651,1.654,1.6571,6576
1774744200000,1.6571,1.6592,1.6545,1.657,5597
1774745100000,1.657,1.6582,1.6562,1.6562,526
1774746000000,1.6562,1.6654,1.6562,1.6638,20566
1774746900000,1.6638,1.6653,1.6628,1.6628,311
1774747800000,1.6628,1.6628,1.6578,1.6591,2200
1774748700000,1.6591,1.6616,1.6581,1.6604,2914
1774749600000,1.6604,1.6606,1.6562,1.6566,8389
1774750500000,1.6566,1.6601,1.6564,1.6601,2569
1774751400000,1.6601,1.6633,1.6593,1.6633,11747
1774752300000,1.6633,1.6633,1.6606,1.6611,861
1774753200000,1.6611,1.6637,1.6611,1.6621,294
1774754100000,1.6621,1.6703,1.6617,1.6646,7835
1774755000000,1.6646,1.6649,1.6627,1.6643,389
1774755900000,1.6643,1.6643,1.6615,1.6622,1146
1774756800000,1.6622,1.6622,1.6607,1.6607,231
1774757700000,1.6607,1.6607,1.6589,1.66,552
1774758600000,1.66,1.6622,1.6588,1.6622,101
1774759500000,1.6622,1.6638,1.6622,1.6638,680
1774760400000,1.6638,1.6638,1.6618,1.6618,15
1774761300000,1.6618,1.6618,1.6597,1.6597,895
1774762200000,1.6597,1.6635,1.6597,1.6635,366
1774763100000,1.6635,1.6639,1.6611,1.6622,537
1774764000000,1.6622,1.6622,1.66,1.6601,459
1774764900000,1.6601,1.6606,1.6574,1.6592,2192
1774765800000,1.6592,1.6598,1.6586,1.6596,254
1774766700000,1.6596,1.6599,1.6596,1.6596,350
1774767600000,1.6596,1.6596,1.6564,1.6567,1875
1774768500000,1.6567,1.6591,1.656,1.6591,799
1774769400000,1.6591,1.6591,1.6554,1.6566,91
1774770300000,1.6566,1.6586,1.6552,1.6582,517
1774771200000,1.6582,1.6598,1.6545,1.6562,7953
1774772100000,1.6562,1.6598,1.6562,1.6598,879
1774773000000,1.6598,1.6598,1.6591,1.6593,135
1774773900000,1.6593,1.6597,1.6584,1.6594,1568
1774774800000,1.6594,1.6594,1.6575,1.6577,1100
1774775700000,1.6577,1.6588,1.6561,1.6568,613
1774776600000,1.6568,1.6587,1.6556,1.6562,705
1774777500000,1.6562,1.6568,1.6562,1.6566,55
1774778400000,1.6566,1.6566,1.6538,1.6547,7786
1774779300000,1.6547,1.6547,1.6441,1.649,18987
1774780200000,1.649,1.6521,1.6453,1.6515,5592
1774781100000,1.6515,1.6515,1.6482,1.649,1600
1774782000000,1.649,1.6549,1.6488,1.6513,6371
1774782900000,1.6513,1.6518,1.6503,1.6504,775
1774783800000,1.6504,1.6534,1.6504,1.6534,835
1774784700000,1.6534,1.6534,1.6497,1.6498,743
1774785600000,1.6498,1.6503,1.6482,1.6482,1660
1774786500000,1.6482,1.6482,1.6466,1.6479,459
1774787400000,1.6479,1.6479,1.644,1.6458,219
1774788300000,1.6458,1.6493,1.6435,1.6487,2844
1774789200000,1.6487,1.6487,1.6385,1.6415,6968
1774790100000,1.6415,1.644,1.6378,1.6434,8652
1774791000000,1.6434,1.6438,1.6418,1.6425,2668
1774791900000,1.6425,1.6446,1.6395,1.6405,8481
1774792800000,1.6405,1.646,1.6351,1.6424,31091
1774793700000,1.6424,1.6427,1.6401,1.6401,972
1774794600000,1.6401,1.6401,1.6372,1.6376,475
1774795500000,1.6376,1.6392,1.6359,1.6391,3281
1774796400000,1.6391,1.6431,1.6388,1.6399,2521
1774797300000,1.6399,1.6417,1.6365,1.6379,2086
1774798200000,1.6379,1.6423,1.6379,1.641,622
1774799100000,1.641,1.6458,1.641,1.6458,858
1774800000000,1.6458,1.6458,1.6415,1.6423,30879
1774800900000,1.6423,1.6464,1.6412,1.6462,963
1774801800000,1.6462,1.647,1.6434,1.6434,2045
1774802700000,1.6434,1.6436,1.6405,1.6411,524
1774803600000,1.6411,1.6424,1.6395,1.6395,867
1774804500000,1.6395,1.6397,1.6348,1.6365,4839
1774805400000,1.6365,1.6408,1.6353,1.6408,3815
1774806300000,1.6408,1.6413,1.6402,1.6408,302
1774807200000,1.6408,1.6417,1.6381,1.64,3809
1774808100000,1.64,1.6414,1.637,1.639,3536
1774809000000,1.639,1.6454,1.639,1.644,4328
1774809900000,1.644,1.644,1.6418,1.6418,3241
1774810800000,1.6418,1.6418,1.6399,1.6401,663
1774811700000,1.6401,1.6419,1.6391,1.6391,337
1774812600000,1.6391,1.6419,1.6391,1.6395,1054
1774813500000,1.6395,1.6407,1.6395,1.64,79
1774814400000,1.64,1.6444,1.64,1.6441,548
1774815300000,1.6441,1.6497,1.6427,1.6478,807
1774816200000,1.6478,1.648,1.6462,1.6462,172
1774817100000,1.6462,1.6462,1.6432,1.6432,220
1774818000000,1.6432,1.6464,1.6432,1.6458,2807
1774818900000,1.6458,1.6471,1.6449,1.6459,540
1774819800000,1.6459,1.6477,1.6455,1.6467,2011
1774820700000,1.6467,1.6483,1.6467,1.6483,923
1774821600000,1.6483,1.6483,1.639,1.639,3724
1774822500000,1.639,1.643,1.639,1.6425,224
1774823400000,1.6425,1.6425,1.6223,1.6269,19789
1774824300000,1.6269,1.6346,1.6023,1.6306,129097
1774825200000,1.6306,1.6396,1.6279,1.6303,10442
1774826100000,1.6303,1.6303,1.623,1.6278,4019
1774827000000,1.6278,1.6374,1.627,1.6368,6840
1774827900000,1.6368,1.643,1.6345,1.643,4779
1774828800000,1.643,1.6454,1.6374,1.6419,12904
1774829700000,1.6419,1.6672,1.6415,1.6658,20340
1774830600000,1.6658,1.6674,1.6488,1.6496,3099
1774831500000,1.6496,1.6507,1.6432,1.6491,5779
1774832400000,1.6491,1.6566,1.6448,1.6497,2428
1774833300000,1.6497,1.6547,1.6473,1.6532,1756
1774834200000,1.6532,1.6546,1.6516,1.6518,1193
1774835100000,1.6518,1.6587,1.6518,1.6587,2786
1774836000000,1.6587,1.6648,1.6587,1.6631,1184
1774836900000,1.6631,1.6632,1.6602,1.6602,364
1774837800000,1.6602,1.6653,1.6594,1.6653,2535
1774838700000,1.6653,1.6749,1.6653,1.666,7898
1774839600000,1.666,1.6668,1.6621,1.6629,11376
1774840500000,1.6629,1.6668,1.6625,1.6655,414
1774841400000,1.6655,1.6655,1.6625,1.6626,123
1774842300000,1.6626,1.668,1.6626,1.666,4195
1774843200000,1.666,1.6731,1.666,1.6731,5516
1774844100000,1.6731,1.6746,1.6719,1.6746,677
1774845000000,1.6746,1.6762,1.6742,1.6742,3646
1774845900000,1.6742,1.6758,1.672,1.6744,8455
1774846800000,1.6744,1.6774,1.6744,1.6744,4250
1774847700000,1.6744,1.6762,1.673,1.6756,1440
1774848600000,1.6756,1.6756,1.6713,1.672,2823
1774849500000,1.672,1.6726,1.6663,1.6688,14008
1774850400000,1.6688,1.6732,1.6688,1.6711,942
1774851300000,1.6711,1.6723,1.6694,1.6694,249
1774852200000,1.6694,1.6705,1.669,1.6693,821
1774853100000,1.6693,1.6712,1.6693,1.6706,221
1774854000000,1.6706,1.6763,1.6706,1.6743,7176
1774854900000,1.6743,1.6761,1.674,1.6748,1646
1774855800000,1.6748,1.6767,1.6746,1.6762,285
1774856700000,1.6762,1.6853,1.6762,1.6843,2548
1774857600000,1.6843,1.6869,1.6827,1.6863,57086
1774858500000,1.6863,1.6901,1.6848,1.6878,17736
1774859400000,1.6878,1.695,1.6878,1.6902,50730
1774860300000,1.6902,1.6929,1.6861,1.6898,6610
1774861200000,1.6898,1.6905,1.6873,1.6873,3987
1774862100000,1.6873,1.6873,1.6818,1.6823,2266
1774863000000,1.6823,1.6834,1.6788,1.6794,1084
1774863900000,1.6794,1.6794,1.6739,1.6744,2626
1774864800000,1.6744,1.6824,1.6713,1.6824,8627
1774865700000,1.6824,1.6887,1.6824,1.6884,1657
1774866600000,1.6884,1.6884,1.6793,1.6796,1376
1774867500000,1.6796,1.6837,1.6796,1.6828,1588
1774868400000,1.6828,1.6888,1.6806,1.687,9200
1774869300000,1.687,1.699,1.6866,1.687,60157
1774870200000,1.687,1.694,1.687,1.6916,5827
1774871100000,1.6916,1.6916,1.6882,1.6888,5910
1774872000000,1.6888,1.6905,1.6828,1.6838,4999
1774872900000,1.6838,1.6867,1.6838,1.6867,664
1774873800000,1.6867,1.6898,1.6849,1.6856,2459
1774874700000,1.6856,1.687,1.681,1.6822,28856
1774875600000,1.6822,1.686,1.6813,1.6851,10577
1774876500000,1.6851,1.6859,1.6833,1.6845,751
1774877400000,1.6845,1.6864,1.6824,1.6833,499
1774878300000,1.6833,1.6833,1.6788,1.6788,4608
1774879200000,1.6788,1.6809,1.6771,1.6809,1040
1774880100000,1.6809,1.6817,1.6789,1.6789,357
1774881000000,1.6789,1.6789,1.6717,1.6745,12701
1774881900000,1.6745,1.6834,1.6741,1.6828,5839
1774882800000,1.6828,1.6828,1.6767,1.6774,387
1774883700000,1.6774,1.6799,1.6758,1.6799,98
1774884600000,1.6799,1.6874,1.6799,1.6874,249
1774885500000,1.6874,1.6901,1.6851,1.6896,1008
1774886400000,1.6896,1.6955,1.6896,1.6953,15420
1774887300000,1.6953,1.6953,1.6832,1.6843,24778
1774888200000,1.6843,1.6859,1.6839,1.6845,621
1774889100000,1.6845,1.6852,1.683,1.6837,567
1774890000000,1.6837,1.6901,1.6837,1.686,1284
1774890900000,1.686,1.686,1.6769,1.6777,565
1774891800000,1.6777,1.6793,1.6738,1.6765,4891
1774892700000,1.6765,1.6765,1.6698,1.67,3143
1774893600000,1.67,1.6722,1.6677,1.6679,726
1774894500000,1.6679,1.6714,1.6631,1.667,9777
1774895400000,1.667,1.6683,1.6651,1.6675,822
1774896300000,1.6675,1.6675,1.6625,1.6645,8450
1774897200000,1.6645,1.6655,1.6585,1.6601,4381
1774898100000,1.6601,1.6606,1.6589,1.6604,480
1774899000000,1.6604,1.6636,1.6597,1.6617,198
1774899900000,1.6617,1.6637,1.6613,1.6637,80
1774900800000,1.6637,1.6679,1.6637,1.6673,1382
1774901700000,1.6673,1.6676,1.6633,1.665,1279
1774902600000,1.665,1.665,1.6626,1.6637,410
1774903500000,1.6637,1.6673,1.6637,1.6662,1577
1774904400000,1.6662,1.6735,1.6645,1.6713,3751
1774905300000,1.6713,1.6773,1.6704,1.6733,3991
1774906200000,1.6733,1.68,1.6733,1.6775,4615
1774907100000,1.6775,1.6788,1.6715,1.6727,20206
1774908000000,1.6727,1.6755,1.6714,1.6718,799
1774908900000,1.6718,1.672,1.671,1.672,478
1774909800000,1.672,1.672,1.67,1.6712,201
1774910700000,1.6712,1.6712,1.6691,1.6706,393
1774911600000,1.6706,1.6706,1.6621,1.6634,6335
1774912500000,1.6634,1.6675,1.6634,1.6673,1279
1774913400000,1.6673,1.6673,1.6641,1.6641,27
1774914300000,1.6641,1.6641,1.6629,1.6641,489
1774915200000,1.6641,1.6654,1.6635,1.6645,4552
1774916100000,1.6645,1.6681,1.6628,1.6668,3311
1774917000000,1.6668,1.6681,1.6668,1.6681,125
1774917900000,1.6681,1.6749,1.6681,1.6723,1683
1774918800000,1.6723,1.6784,1.6723,1.6765,4626
1774919700000,1.6765,1.6848,1.6765,1.6846,3630
1774920600000,1.6846,1.6929,1.6844,1.6844,7603
1774921500000,1.6844,1.687,1.6815,1.687,1285
1774922400000,1.687,1.6908,1.687,1.69,17689
1774923300000,1.69,1.6925,1.69,1.6918,400
1774924200000,1.6918,1.6933,1.6892,1.6893,6709
1774925100000,1.6893,1.6893,1.6885,1.689,134
1774926000000,1.689,1.689,1.6879,1.6886,418
1774926900000,1.6886,1.6888,1.6839,1.6844,598
1774927800000,1.6844,1.6877,1.6819,1.6824,1342
1774928700000,1.6824,1.6867,1.6824,1.6862,488
1774929600000,1.6862,1.6917,1.6862,1.6901,8479
1774930500000,1.6901,1.6954,1.685,1.685,3309
1774931400000,1.685,1.6886,1.685,1.6854,7205
1774932300000,1.6854,1.6869,1.6836,1.6836,309
1774933200000,1.6836,1.6849,1.6828,1.684,805
1774934100000,1.684,1.6853,1.684,1.6853,4
1774935000000,1.6853,1.6896,1.6848,1.6848,1965
1774935900000,1.6848,1.6923,1.6848,1.6916,1969
1774936800000,1.6916,1.6951,1.6892,1.6929,2629
1774937700000,1.6929,1.6947,1.6913,1.6945,2464
1774938600000,1.6945,1.704,1.6936,1.704,11789
1774939500000,1.704,1.7117,1.703,1.7038,27885
1774940400000,1.7038,1.7052,1.6961,1.6985,4776
1774941300000,1.6985,1.7023,1.6949,1.7011,4559
1774942200000,1.7011,1.7056,1.6991,1.7012,17936
1774943100000,1.7012,1.7059,1.6933,1.6959,29957
1774944000000,1.6959,1.7005,1.6958,1.7005,7090
1774944900000,1.7005,1.707,1.7005,1.7027,3480
1774945800000,1.7027,1.7027,1.694,1.694,6021
1774946700000,1.694,1.6992,1.6897,1.6927,6729
1774947600000,1.6927,1.6969,1.6898,1.6926,13614
1774948500000,1.6926,1.6957,1.6829,1.6852,17268
1774949400000,1.6852,1.6894,1.6819,1.6841,18455
1774950300000,1.6841,1.6841,1.6727,1.676,56019
1774951200000,1.676,1.684,1.6749,1.6834,14600
1774952100000,1.6834,1.684,1.6777,1.678,3850
1774953000000,1.678,1.678,1.6677,1.6689,26487
1774953900000,1.6689,1.6706,1.6672,1.6672,2988
1774954800000,1.6672,1.6772,1.6672,1.6755,11786
1774955700000,1.6755,1.68,1.67,1.6746,11158
1774956600000,1.6746,1.68,1.6741,1.68,4721
1774957500000,1.68,1.68,1.6735,1.6756,8086
1774958400000,1.6756,1.6793,1.672,1.672,2007
1774959300000,1.672,1.6752,1.6718,1.6752,3290
1774960200000,1.6752,1.6775,1.6739,1.6743,2652
1774961100000,1.6743,1.6765,1.6669,1.6704,8231
1774962000000,1.6704,1.6753,1.6704,1.6753,2548
1774962900000,1.6753,1.6753,1.6722,1.6722,107
1774963800000,1.6722,1.682,1.6722,1.6757,32696
1774964700000,1.6757,1.6851,1.6757,1.683,3099
1774965600000,1.683,1.6864,1.676,1.6802,8576
1774966500000,1.6802,1.689,1.6802,1.6857,23171
1774967400000,1.6857,1.6857,1.6791,1.6811,2082
1774968300000,1.6811,1.6811,1.6709,1.6746,9429
1774969200000,1.6746,1.6889,1.6746,1.6889,2758
1774970100000,1.6889,1.6918,1.6851,1.6866,4593
1774971000000,1.6866,1.6928,1.6852,1.6892,5390
1774971900000,1.6892,1.6892,1.6781,1.6786,2010
1774972800000,1.6786,1.6849,1.6775,1.6794,2538
1774973700000,1.6794,1.6833,1.6794,1.6831,151
1774974600000,1.6831,1.6974,1.6827,1.6924,5649
1774975500000,1.6924,1.6957,1.6917,1.6956,2258
1774976400000,1.6956,1.7062,1.694,1.7062,11703
1774977300000,1.7062,1.709,1.7041,1.7044,6820
1774978200000,1.7044,1.7044,1.6927,1.6927,7786
1774979100000,1.6927,1.6946,1.69,1.6923,3733
1774980000000,1.6923,1.701,1.6923,1.7005,874
1774980900000,1.7005,1.7025,1.6955,1.6961,375
1774981800000,1.6961,1.6961,1.6949,1.6957,1861
1774982700000,1.6957,1.6959,1.694,1.6945,2429
1774983600000,1.6945,1.7028,1.6945,1.7028,285
1774984500000,1.7028,1.7028,1.7012,1.7014,2562
1774985400000,1.7014,1.7032,1.7003,1.7032,226
1774986300000,1.7032,1.7045,1.7024,1.7043,1830
1774987200000,1.7043,1.707,1.7036,1.7036,3311
1774988100000,1.7036,1.7064,1.7036,1.7049,1431
1774989000000,1.7049,1.7067,1.7049,1.7058,505
1774989900000,1.7058,1.709,1.7055,1.709,699
1774990800000,1.709,1.709,1.7047,1.7083,1295
1774991700000,1.7083,1.7083,1.7044,1.7061,591
1774992600000,1.7061,1.7084,1.7061,1.7084,577
1774993500000,1.7084,1.7109,1.7055,1.7055,14778
1774994400000,1.7055,1.7057,1.7015,1.704,2182
1774995300000,1.704,1.7048,1.7028,1.7028,55
1774996200000,1.7028,1.7034,1.6992,1.7034,739
1774997100000,1.7034,1.7034,1.6992,1.6992,28
1774998000000,1.6992,1.6992,1.6976,1.6976,4282
1774998900000,1.6976,1.7019,1.6976,1.7,464
1774999800000,1.7,1.7008,1.6971,1.7008,3315
1775000700000,1.7008,1.7062,1.7008,1.7052,1152
1775001600000,1.7052,1.7068,1.7033,1.7054,4304
1775002500000,1.7054,1.7072,1.7027,1.7027,1444
1775003400000,1.7027,1.7045,1.6997,1.7005,521
1775004300000,1.7005,1.7054,1.6996,1.7041,2722
1775005200000,1.7041,1.7064,1.7041,1.7048,946
1775006100000,1.7048,1.7048,1.7019,1.7019,364
1775007000000,1.7019,1.703,1.7006,1.7014,228
1775007900000,1.7014,1.7018,1.6991,1.6991,860
1775008800000,1.6991,1.6991,1.6955,1.6974,2661
1775009700000,1.6974,1.6974,1.6914,1.6914,1164
1775010600000,1.6914,1.6926,1.6914,1.6919,77
1775011500000,1.6919,1.6944,1.6919,1.6942,1666
1775012400000,1.6942,1.7011,1.6939,1.7006,1370
1775013300000,1.7006,1.7006,1.6953,1.6953,149
1775014200000,1.6953,1.6977,1.6953,1.6974,720
1775015100000,1.6974,1.702,1.6974,1.7009,3104
1775016000000,1.7009,1.7036,1.6997,1.6997,2593
1775016900000,1.6997,1.7003,1.6995,1.6995,1609
1775017800000,1.6995,1.7042,1.6995,1.7042,142
1775018700000,1.7042,1.7076,1.7042,1.7043,3771
1775019600000,1.7043,1.7086,1.7027,1.7083,741
1775020500000,1.7083,1.7207,1.7083,1.7187,17974
1775021400000,1.7187,1.7227,1.7187,1.7227,2756
1775022300000,1.7227,1.7244,1.7215,1.7223,1845
1775023200000,1.7223,1.7366,1.7222,1.7361,6130
1775024100000,1.7361,1.7361,1.7294,1.734,9967
1775025000000,1.734,1.7375,1.733,1.7333,2844
1775025900000,1.7333,1.7376,1.7294,1.7333,4022
1775026800000,1.7333,1.7364,1.732,1.7322,2135
1775027700000,1.7322,1.7322,1.7266,1.7283,4680
1775028600000,1.7283,1.7339,1.7283,1.7291,3333
1775029500000,1.7291,1.7291,1.7248,1.7285,3688
1775030400000,1.7285,1.7341,1.7285,1.7337,1148
1775031300000,1.7337,1.7337,1.7287,1.7298,1881
1775032200000,1.7298,1.7368,1.7298,1.7359,1849
1775033100000,1.7359,1.738,1.7297,1.7315,15129
1775034000000,1.7315,1.7315,1.7208,1.7225,4121
1775034900000,1.7225,1.7244,1.7184,1.7215,5666
1775035800000,1.7215,1.7236,1.7187,1.7198,3644
1775036700000,1.7198,1.7321,1.7198,1.7238,27256
1775037600000,1.7238,1.7238,1.7209,1.7229,3830
1775038500000,1.7229,1.7233,1.7208,1.7214,235
1775039400000,1.7214,1.7214,1.7179,1.7202,7466
1775040300000,1.7202,1.7205,1.7063,1.7071,26061
1775041200000,1.7071,1.7073,1.6951,1.6993,23799
1775042100000,1.6993,1.6999,1.691,1.6922,9342
1775043000000,1.6922,1.6978,1.6886,1.6978,8561
1775043900000,1.6978,1.7022,1.6978,1.7006,2339
1775044800000,1.7006,1.7058,1.7001,1.7039,2894
1775045700000,1.7039,1.7056,1.7027,1.7056,1812
1775046600000,1.7056,1.7128,1.7004,1.7125,16978
1775047500000,1.7125,1.7126,1.6982,1.6988,43783
1775048400000,1.6988,1.6988,1.6896,1.6906,4327
1775049300000,1.6906,1.6906,1.6862,1.6895,1639
1775050200000,1.6895,1.6927,1.677,1.6809,15812
1775051100000,1.6809,1.6885,1.6797,1.688,8474
1775052000000,1.688,1.692,1.6863,1.6915,7713
1775052900000,1.6915,1.6935,1.6871,1.6916,1082
1775053800000,1.6916,1.6966,1.6886,1.6924,3150
1775054700000,1.6924,1.6958,1.6924,1.6958,1772
1775055600000,1.6958,1.6958,1.6852,1.6852,16331
1775056500000,1.6852,1.6915,1.6834,1.6915,1342
1775057400000,1.6915,1.6925,1.6881,1.6895,762
1775058300000,1.6895,1.6984,1.6895,1.6981,7335
1775059200000,1.6981,1.6995,1.6942,1.6942,7515
1775060100000,1.6942,1.7004,1.693,1.6981,8536
1775061000000,1.6981,1.704,1.6977,1.7029,14068
1775061900000,1.7029,1.7029,1.6985,1.6991,4590
1775062800000,1.6991,1.7077,1.6991,1.6998,1869
1775063700000,1.6998,1.7013,1.6964,1.6974,2577
1775064600000,1.6974,1.6989,1.6912,1.6989,2995
1775065500000,1.6989,1.7006,1.6941,1.6979,1705
1775066400000,1.6979,1.708,1.6973,1.708,4015
1775067300000,1.708,1.708,1.6964,1.6964,1794
1775068200000,1.6964,1.6964,1.6928,1.6956,717
1775069100000,1.6956,1.6956,1.6905,1.6922,1444
1775070000000,1.6922,1.6929,1.6885,1.6885,3413
1775070900000,1.6885,1.6934,1.6877,1.6924,1227
1775071800000,1.6924,1.6949,1.692,1.6923,550
1775072700000,1.6923,1.6926,1.6896,1.6903,4417
1775073600000,1.6903,1.6913,1.6878,1.6913,1839
1775074500000,1.6913,1.6913,1.6893,1.6906,195
1775075400000,1.6906,1.6917,1.6879,1.688,1704
1775076300000,1.688,1.6892,1.6872,1.6874,859
1775077200000,1.6874,1.689,1.6857,1.6871,4378
1775078100000,1.6871,1.6882,1.684,1.6854,3259
1775079000000,1.6854,1.6854,1.6801,1.6801,7075
1775079900000,1.6801,1.684,1.6801,1.6839,3406
1775080800000,1.6839,1.6839,1.6795,1.6796,2001
1775081700000,1.6796,1.6809,1.6739,1.6739,4398
1775082600000,1.6739,1.678,1.6739,1.6772,381
1775083500000,1.6772,1.6773,1.671,1.6738,6179
1775084400000,1.6738,1.6738,1.6715,1.6729,789
1775085300000,1.6729,1.6729,1.6707,1.6722,714
1775086200000,1.6722,1.6737,1.6674,1.6716,9861
1775087100000,1.6716,1.6739,1.6716,1.6721,4041
1775088000000,1.6721,1.6807,1.6721,1.6796,12819
1775088900000,1.6796,1.6836,1.6788,1.6789,2569
1775089800000,1.6789,1.6856,1.6783,1.6856,2557
1775090700000,1.6856,1.6867,1.6795,1.6811,1092
1775091600000,1.6811,1.6853,1.6678,1.6784,9433
1775092500000,1.6784,1.6784,1.6602,1.6676,4659
1775093400000,1.6676,1.6676,1.6472,1.653,16514
1775094300000,1.653,1.6576,1.6506,1.6565,525
1775095200000,1.6565,1.6568,1.6456,1.6463,9139
1775096100000,1.6463,1.6463,1.6387,1.64,10469
1775097000000,1.64,1.6428,1.6339,1.6341,9333
1775097900000,1.6341,1.6428,1.6341,1.6425,3302
1775098800000,1.6425,1.6425,1.6345,1.6345,2452
1775099700000,1.6345,1.6414,1.631,1.6411,5074
1775100600000,1.6411,1.6448,1.6294,1.6316,13233
1775101500000,1.6316,1.635,1.6284,1.6325,10642
1775102400000,1.6325,1.6355,1.6241,1.6261,20385
1775103300000,1.6261,1.6298,1.6246,1.6284,7224
1775104200000,1.6284,1.6303,1.626,1.628,3535
1775105100000,1.628,1.6281,1.6241,1.6262,4070
1775106000000,1.6262,1.6274,1.6188,1.6246,6550
1775106900000,1.6246,1.6274,1.6227,1.6233,6833
1775107800000,1.6233,1.6297,1.6233,1.6297,8054
1775108700000,1.6297,1.6322,1.6297,1.6312,3685
1775109600000,1.6312,1.6341,1.6296,1.6335,3348
1775110500000,1.6335,1.6396,1.6335,1.6363,9420
1775111400000,1.6363,1.6363,1.6326,1.6348,5327
1775112300000,1.6348,1.6367,1.6335,1.6361,3511
1775113200000,1.6361,1.6391,1.6357,1.6389,2074
1775114100000,1.6389,1.6425,1.6386,1.6403,3103
1775115000000,1.6403,1.6422,1.6389,1.6405,1661
1775115900000,1.6405,1.6438,1.6405,1.6438,874
1775116800000,1.6438,1.645,1.6403,1.6409,1941
1775117700000,1.6409,1.642,1.6383,1.6402,2264
1775118600000,1.6402,1.6402,1.6319,1.6319,12016
1775119500000,1.6319,1.6328,1.6288,1.6312,8931
1775120400000,1.6312,1.6322,1.627,1.6282,7024
1775121300000,1.6282,1.6308,1.6251,1.6263,3011
1775122200000,1.6263,1.628,1.624,1.6258,3303
1775123100000,1.6258,1.6273,1.6247,1.625,5097
1775124000000,1.625,1.6264,1.6202,1.6203,2245
1775124900000,1.6203,1.6218,1.6195,1.6204,5161
1775125800000,1.6204,1.6208,1.6148,1.6163,14068
1775126700000,1.6163,1.6204,1.615,1.6181,4428
1775127600000,1.6181,1.62,1.6157,1.6161,16474
1775128500000,1.6161,1.623,1.614,1.623,5614
1775129400000,1.623,1.6275,1.6225,1.6273,2353
1775130300000,1.6273,1.6299,1.6231,1.6243,1577
1775131200000,1.6243,1.6253,1.6191,1.6213,5342
1775132100000,1.6213,1.6226,1.6185,1.6208,3057
1775133000000,1.6208,1.6214,1.6171,1.6212,3030
1775133900000,1.6212,1.6218,1.6171,1.6191,2149
1775134800000,1.6191,1.6191,1.6116,1.6134,9230
1775135700000,1.6134,1.6189,1.612,1.6182,1458
1775136600000,1.6182,1.6188,1.6116,1.6136,2401
1775137500000,1.6136,1.6167,1.6128,1.6163,10558
1775138400000,1.6163,1.6218,1.6134,1.6205,7312
1775139300000,1.6205,1.6258,1.6185,1.6245,2688
1775140200000,1.6245,1.6438,1.6245,1.6428,21660
1775141100000,1.6428,1.6474,1.6388,1.6456,7847
1775142000000,1.6456,1.6463,1.6394,1.6451,11455
1775142900000,1.6451,1.6461,1.6385,1.6401,5545
1775143800000,1.6401,1.6554,1.6401,1.6552,7580
1775144700000,1.6552,1.6552,1.6502,1.6514,2382
1775145600000,1.6514,1.6535,1.6442,1.6451,3398
1775146500000,1.6451,1.6451,1.6389,1.6399,14603
1775147400000,1.6399,1.6463,1.6375,1.6383,10843
1775148300000,1.6383,1.6399,1.6378,1.6386,668
1775149200000,1.6386,1.6419,1.6386,1.6418,2603
1775150100000,1.6418,1.6518,1.6418,1.6459,2056
1775151000000,1.6459,1.6459,1.6392,1.6416,22132
1775151900000,1.6416,1.6428,1.6355,1.6368,8464
1775152800000,1.6368,1.6405,1.6359,1.638,7449
1775153700000,1.638,1.6414,1.636,1.6381,999
1775154600000,1.6381,1.6441,1.6381,1.6441,764
1775155500000,1.6441,1.6491,1.6437,1.6491,6948
1775156400000,1.6491,1.6491,1.6405,1.6405,3816
1775157300000,1.6405,1.6463,1.6405,1.6461,516
1775158200000,1.6461,1.647,1.6447,1.6447,796
1775159100000,1.6447,1.6494,1.6447,1.6476,1072
1775160000000,1.6476,1.6549,1.6471,1.6525,5485
1775160900000,1.6525,1.6624,1.6525,1.6617,14478
1775161800000,1.6617,1.665,1.6551,1.6605,19273
1775162700000,1.6605,1.6609,1.6572,1.6579,3814
1775163600000,1.6579,1.6638,1.6578,1.6611,7946
1775164500000,1.6611,1.6611,1.6574,1.6583,474
1775165400000,1.6583,1.6673,1.6583,1.667,3733
1775166300000,1.667,1.667,1.6642,1.6658,365
1775167200000,1.6658,1.6658,1.6644,1.6644,180
1775168100000,1.6644,1.6644,1.6588,1.6596,1281
1775169000000,1.6596,1.6615,1.6578,1.6615,579
1775169900000,1.6615,1.6617,1.6597,1.6604,578
1775170800000,1.6604,1.6619,1.6594,1.6605,271
1775171700000,1.6605,1.6623,1.6605,1.6623,601
1775172600000,1.6623,1.6638,1.6604,1.6628,211
1775173500000,1.6628,1.6628,1.6608,1.6619,3425
1775174400000,1.6619,1.6691,1.6619,1.6671,7120
1775175300000,1.6671,1.6702,1.6657,1.6657,3817
1775176200000,1.6657,1.6677,1.6613,1.6617,3755
1775177100000,1.6617,1.6655,1.6617,1.6653,1793
1775178000000,1.6653,1.6697,1.663,1.6657,1070
1775178900000,1.6657,1.669,1.6657,1.6687,785
1775179800000,1.6687,1.6687,1.6638,1.6654,509
1775180700000,1.6654,1.6691,1.6647,1.6675,5299
1775181600000,1.6675,1.6675,1.6644,1.6653,26
1775182500000,1.6653,1.6777,1.6653,1.6762,2847
1775183400000,1.6762,1.6767,1.6708,1.6708,3246
1775184300000,1.6708,1.6793,1.6688,1.6793,4598
1775185200000,1.6793,1.6845,1.679,1.6845,3860
1775186100000,1.6845,1.6845,1.6808,1.6819,2015
1775187000000,1.6819,1.6846,1.6805,1.6842,2460
1775187900000,1.6842,1.6928,1.6842,1.6919,8940
1775188800000,1.6919,1.6993,1.6912,1.6934,11736
1775189700000,1.6934,1.7049,1.6934,1.7039,9037
1775190600000,1.7039,1.7075,1.6935,1.6981,14192
1775191500000,1.6981,1.7112,1.6981,1.7109,6315
1775192400000,1.7109,1.7124,1.7046,1.7121,3654
1775193300000,1.7121,1.7173,1.7073,1.7169,5885
1775194200000,1.7169,1.7274,1.7085,1.7085,13736
1775195100000,1.7085,1.7233,1.7085,1.7121,8277
1775196000000,1.7121,1.7195,1.7121,1.7181,8891
1775196900000,1.7181,1.7197,1.7116,1.7155,11573
1775197800000,1.7155,1.7164,1.7111,1.7149,1747
1775198700000,1.7149,1.7214,1.7149,1.7172,2809
1775199600000,1.7172,1.7181,1.71,1.7103,28016
1775200500000,1.7103,1.7108,1.7042,1.7069,4182
1775201400000,1.7069,1.7135,1.7041,1.7049,1983
1775202300000,1.7049,1.7092,1.704,1.7043,6109
1775203200000,1.7043,1.7121,1.7043,1.7085,4390
1775204100000,1.7085,1.7106,1.7071,1.7071,2498
1775205000000,1.7071,1.7151,1.7071,1.7134,1846
1775205900000,1.7134,1.7134,1.7096,1.7127,516
1775206800000,1.7127,1.713,1.7078,1.7078,7854
1775207700000,1.7078,1.7137,1.7078,1.71,1273
1775208600000,1.71,1.714,1.71,1.714,603
1775209500000,1.714,1.714,1.7116,1.7128,764
1775210400000,1.7128,1.7152,1.7114,1.7114,2349
1775211300000,1.7114,1.7114,1.7075,1.7077,834
1775212200000,1.7077,1.7089,1.7037,1.7037,4067
1775213100000,1.7037,1.7054,1.7014,1.7026,4298
1775214000000,1.7026,1.7061,1.7015,1.7052,1305
1775214900000,1.7052,1.7113,1.7052,1.7083,310
1775215800000,1.7083,1.7137,1.7079,1.7096,5872
1775216700000,1.7096,1.7137,1.7091,1.7104,994
1775217600000,1.7104,1.7128,1.708,1.7085,2858
1775218500000,1.7085,1.7127,1.706,1.7101,10223
1775219400000,1.7101,1.7188,1.703,1.7032,21956
1775220300000,1.7032,1.7092,1.7021,1.7035,42859
1775221200000,1.7035,1.7085,1.7023,1.7023,636
1775222100000,1.7023,1.7023,1.6992,1.7023,597
1775223000000,1.7023,1.7026,1.6941,1.6948,10604
1775223900000,1.6948,1.7002,1.692,1.6981,2954
1775224800000,1.6981,1.6981,1.6931,1.6931,2592
1775225700000,1.6931,1.6967,1.6898,1.696,34156
1775226600000,1.696,1.696,1.6885,1.6908,1756
1775227500000,1.6908,1.6971,1.6908,1.6964,6009
1775228400000,1.6964,1.6992,1.6938,1.6992,15766
1775229300000,1.6992,1.7004,1.6978,1.6984,3650
1775230200000,1.6984,1.7032,1.6979,1.6979,6917
1775231100000,1.6979,1.704,1.6979,1.704,322
1775232000000,1.704,1.708,1.7027,1.7071,6105
1775232900000,1.7071,1.716,1.7071,1.7134,14371
1775233800000,1.7134,1.7145,1.7082,1.7116,1415
1775234700000,1.7116,1.7116,1.7079,1.709,4053
1775235600000,1.709,1.7121,1.7084,1.7104,5331
1775236500000,1.7104,1.7119,1.7093,1.7093,696
1775237400000,1.7093,1.7149,1.7069,1.7069,843
1775238300000,1.7069,1.7069,1.7025,1.705,3191
1775239200000,1.705,1.7061,1.7034,1.7061,3838
1775240100000,1.7061,1.7061,1.7,1.7,1314
1775241000000,1.7,1.7026,1.6999,1.6999,1069
1775241900000,1.6999,1.6999,1.6964,1.6976,2073
1775242800000,1.6976,1.6976,1.6918,1.6921,1063
1775243700000,1.6921,1.6954,1.6905,1.6945,6773
1775244600000,1.6945,1.6949,1.6917,1.6948,2772
1775245500000,1.6948,1.6988,1.6948,1.6988,3252
1775246400000,1.6988,1.7023,1.6975,1.7012,460
1775247300000,1.7012,1.7016,1.6976,1.6981,789
1775248200000,1.6981,1.6998,1.6971,1.6983,2283
1775249100000,1.6983,1.6988,1.6975,1.6975,147
1775250000000,1.6975,1.7017,1.6975,1.7017,325
1775250900000,1.7017,1.702,1.6994,1.7,739
1775251800000,1.7,1.7,1.6966,1.6966,574
1775252700000,1.6966,1.6982,1.6966,1.6982,796
1775253600000,1.6982,1.6982,1.6952,1.6962,10356
1775254500000,1.6962,1.6962,1.6934,1.6941,2421
1775255400000,1.6941,1.6962,1.6941,1.6943,720
1775256300000,1.6943,1.6943,1.6902,1.6902,2096
1775257200000,1.6902,1.6902,1.686,1.686,5032
1775258100000,1.686,1.6897,1.6846,1.6897,2867
1775259000000,1.6897,1.6904,1.6875,1.6881,1451
1775259900000,1.6881,1.6881,1.6864,1.6864,713
1775260800000,1.6864,1.6932,1.6855,1.6896,26059
1775261700000,1.6896,1.6896,1.6832,1.6849,5335
1775262600000,1.6849,1.6863,1.6849,1.6863,288
1775263500000,1.6863,1.6875,1.6818,1.6818,900
1775264400000,1.6818,1.6884,1.6814,1.6858,6803
1775265300000,1.6858,1.6877,1.6852,1.6867,1981
1775266200000,1.6867,1.687,1.6862,1.687,99
1775267100000,1.687,1.687,1.684,1.6851,296
1775268000000,1.6851,1.6851,1.6806,1.6812,583
1775268900000,1.6812,1.6875,1.6787,1.6875,2422
1775269800000,1.6875,1.6887,1.6868,1.6884,868
1775270700000,1.6884,1.6887,1.6843,1.6847,387
1775271600000,1.6847,1.6847,1.6825,1.6825,9
1775272500000,1.6825,1.6916,1.6825,1.6916,3021
1775273400000,1.6916,1.6923,1.6916,1.6923,2014
1775274300000,1.6923,1.6959,1.6923,1.6937,9495
1775275200000,1.6937,1.6943,1.69,1.6929,1806
1775276100000,1.6929,1.6962,1.6929,1.694,233
1775277000000,1.694,1.6989,1.6939,1.6986,4750
1775277900000,1.6986,1.6986,1.696,1.6983,244
1775278800000,1.6983,1.6983,1.6938,1.694,982
1775279700000,1.694,1.6954,1.694,1.6954,983
1775280600000,1.6954,1.6972,1.6929,1.6929,3113
1775281500000,1.6929,1.6965,1.6926,1.6926,224
1775282400000,1.6926,1.6926,1.6855,1.6891,2351
1775283300000,1.6891,1.6943,1.6886,1.6912,8655
1775284200000,1.6912,1.699,1.6912,1.6985,22892
1775285100000,1.6985,1.7008,1.6985,1.6999,3651
1775286000000,1.6999,1.7017,1.6999,1.7017,1496
1775286900000,1.7017,1.7017,1.6948,1.6962,4273
1775287800000,1.6962,1.6974,1.694,1.6974,72
1775288700000,1.6974,1.6989,1.6965,1.6968,75
1775289600000,1.6968,1.6992,1.6968,1.6992,9
1775290500000,1.6992,1.6994,1.6971,1.6983,268
1775291400000,1.6983,1.6983,1.6943,1.6943,359
1775292300000,1.6943,1.6943,1.6916,1.6919,318
1775293200000,1.6919,1.6965,1.6919,1.6949,2976
1775294100000,1.6949,1.6949,1.6912,1.693,495
1775295000000,1.693,1.6958,1.692,1.6957,524
1775295900000,1.6957,1.6973,1.6957,1.6969,397
1775296800000,1.6969,1.6979,1.6953,1.6953,63
1775297700000,1.6953,1.6971,1.6927,1.6928,4043
1775298600000,1.6928,1.6991,1.6928,1.6991,33
1775299500000,1.6991,1.6991,1.6948,1.6948,214
1775300400000,1.6948,1.6967,1.6948,1.6964,441
1775301300000,1.6964,1.6964,1.6962,1.6962,64
1775302200000,1.6962,1.6974,1.695,1.6974,250
1775303100000,1.6974,1.7008,1.6974,1.7008,12740
1775304000000,1.7008,1.7059,1.6996,1.7028,9904
1775304900000,1.7028,1.7033,1.7017,1.7017,267
1775305800000,1.7017,1.7022,1.6933,1.6933,4455
1775306700000,1.6933,1.698,1.6933,1.6971,6476
1775307600000,1.6971,1.6981,1.6971,1.6979,297
1775308500000,1.6979,1.7003,1.6978,1.6999,445
1775309400000,1.6999,1.6999,1.6997,1.6997,71
1775310300000,1.6997,1.6997,1.6941,1.6969,11535
1775311200000,1.6969,1.6969,1.6932,1.6932,580
1775312100000,1.6932,1.6951,1.6931,1.6949,606
1775313000000,1.6949,1.6959,1.6897,1.6959,1508
1775313900000,1.6959,1.7039,1.6959,1.7036,3971
1775314800000,1.7036,1.7063,1.7015,1.7049,11818
1775315700000,1.7049,1.705,1.6987,1.6992,1189
1775316600000,1.6992,1.7027,1.6985,1.7008,569
1775317500000,1.7008,1.7024,1.7003,1.7019,2344
1775318400000,1.7019,1.7072,1.7019,1.7065,1213
1775319300000,1.7065,1.7095,1.704,1.704,2925
1775320200000,1.704,1.7058,1.704,1.7043,224
1775321100000,1.7043,1.7063,1.7003,1.7003,1490
1775322000000,1.7003,1.7127,1.7003,1.7127,1837
1775322900000,1.7127,1.7182,1.7117,1.7163,8454
1775323800000,1.7163,1.7192,1.7134,1.7143,8749
1775324700000,1.7143,1.7144,1.7126,1.7132,86
1775325600000,1.7132,1.7151,1.7116,1.7116,1307
1775326500000,1.7116,1.7153,1.7116,1.7153,1232
1775327400000,1.7153,1.7163,1.7127,1.7131,1657
1775328300000,1.7131,1.7136,1.7111,1.7118,686
1775329200000,1.7118,1.7131,1.7087,1.7099,1735
1775330100000,1.7099,1.7138,1.7052,1.7052,7501
1775331000000,1.7052,1.7054,1.7016,1.704,907
1775331900000,1.704,1.7095,1.704,1.7095,1629
1775332800000,1.7095,1.7095,1.7057,1.7063,265
1775333700000,1.7063,1.7063,1.7033,1.7033,323
1775334600000,1.7033,1.7077,1.7033,1.7056,989
1775335500000,1.7056,1.7056,1.7001,1.7001,4674
1775336400000,1.7001,1.7031,1.6988,1.7024,3027
1775337300000,1.7024,1.7075,1.7024,1.7075,297
1775338200000,1.7075,1.7107,1.7069,1.7107,951
1775339100000,1.7107,1.7107,1.709,1.709,131
1775340000000,1.709,1.7121,1.709,1.7121,4889
1775340900000,1.7121,1.7132,1.7107,1.7107,560
1775341800000,1.7107,1.7107,1.709,1.709,88
1775342700000,1.709,1.711,1.709,1.7107,269
1775343600000,1.7107,1.7107,1.7073,1.7103,588
1775344500000,1.7103,1.7106,1.7092,1.7097,98
1775345400000,1.7097,1.7112,1.7097,1.7109,99
1775346300000,1.7109,1.7114,1.7108,1.7111,106
1775347200000,1.7111,1.7121,1.7084,1.7114,1087
1775348100000,1.7114,1.7175,1.7105,1.7114,10804
1775349000000,1.7114,1.7114,1.7087,1.7087,1468
1775349900000,1.7087,1.7105,1.7085,1.7098,1030
1775350800000,1.7098,1.7125,1.708,1.7099,2779
1775351700000,1.7099,1.7112,1.7082,1.7091,267
1775352600000,1.7091,1.7106,1.7091,1.7106,100
1775353500000,1.7106,1.7106,1.7061,1.7087,364
1775354400000,1.7087,1.7096,1.7076,1.7096,2697
1775355300000,1.7096,1.7173,1.7096,1.7173,1088
1775356200000,1.7173,1.7175,1.7137,1.7137,1500
1775357100000,1.7137,1.7145,1.7106,1.7145,8328
1775358000000,1.7145,1.7176,1.7136,1.7174,3096
1775358900000,1.7174,1.7191,1.7173,1.7184,738
1775359800000,1.7184,1.7184,1.7136,1.7143,515
1775360700000,1.7143,1.7196,1.7143,1.7183,3817
1775361600000,1.7183,1.7223,1.7092,1.7098,10229
1775362500000,1.7098,1.7122,1.7094,1.7118,2170
1775363400000,1.7118,1.7134,1.7111,1.7114,3864
1775364300000,1.7114,1.7114,1.7085,1.7085,1216
1775365200000,1.7085,1.7144,1.7085,1.7144,1372
1775366100000,1.7144,1.7162,1.7144,1.7148,1276
1775367000000,1.7148,1.7169,1.7148,1.7169,1204
1775367900000,1.7169,1.717,1.703,1.7031,8401
1775368800000,1.7031,1.7037,1.6919,1.6927,22566
1775369700000,1.6927,1.6954,1.6916,1.694,2385
1775370600000,1.694,1.6971,1.6929,1.6971,6851
1775371500000,1.6971,1.6985,1.6957,1.6969,304
1775372400000,1.6969,1.6972,1.6917,1.6917,2007
1775373300000,1.6917,1.6925,1.6875,1.6917,1590
1775374200000,1.6917,1.6917,1.6876,1.6876,1190
1775375100000,1.6876,1.6891,1.6862,1.6886,2299
1775376000000,1.6886,1.6887,1.6867,1.6887,204
1775376900000,1.6887,1.6889,1.6843,1.6843,296
1775377800000,1.6843,1.6889,1.6843,1.6889,988
1775378700000,1.6889,1.691,1.6885,1.6897,1539
1775379600000,1.6897,1.6897,1.6863,1.6863,1194
1775380500000,1.6863,1.6863,1.6837,1.6837,4627
1775381400000,1.6837,1.6843,1.6815,1.6843,2783
1775382300000,1.6843,1.6883,1.6842,1.6876,183
1775383200000,1.6876,1.688,1.6822,1.6822,2604
1775384100000,1.6822,1.6829,1.681,1.681,234
1775385000000,1.681,1.69,1.681,1.6867,2931
1775385900000,1.6867,1.6867,1.6839,1.6842,277
1775386800000,1.6842,1.6842,1.6823,1.6838,345
1775387700000,1.6838,1.6848,1.6791,1.6801,2672
1775388600000,1.6801,1.6841,1.6801,1.6836,274
1775389500000,1.6836,1.6851,1.6836,1.6851,712
1775390400000,1.6851,1.6887,1.684,1.6867,2035
1775391300000,1.6867,1.6867,1.683,1.683,770
1775392200000,1.683,1.683,1.6738,1.6742,13357
1775393100000,1.6742,1.6789,1.6727,1.677,1556
1775394000000,1.677,1.6773,1.6746,1.6758,329
1775394900000,1.6758,1.6765,1.675,1.6758,2887
1775395800000,1.6758,1.6794,1.672,1.679,1558
1775396700000,1.679,1.6809,1.6709,1.6772,4278
1775397600000,1.6772,1.6802,1.6752,1.6802,10012
1775398500000,1.6802,1.6827,1.6772,1.6823,9320
1775399400000,1.6823,1.6832,1.6819,1.6832,5254
1775400300000,1.6832,1.6832,1.677,1.677,1060
1775401200000,1.677,1.6791,1.6735,1.6753,1859
1775402100000,1.6753,1.6853,1.6729,1.682,3609
1775403000000,1.682,1.6905,1.6784,1.6809,3562
1775403900000,1.6809,1.6842,1.6809,1.6816,2986
1775404800000,1.6816,1.6843,1.6799,1.6836,390
1775405700000,1.6836,1.6836,1.6792,1.6792,111
1775406600000,1.6792,1.6801,1.6756,1.676,1299
1775407500000,1.676,1.676,1.6671,1.6708,9975
1775408400000,1.6708,1.6725,1.6688,1.6725,7520
1775409300000,1.6725,1.6734,1.6695,1.6725,922
1775410200000,1.6725,1.6725,1.6712,1.6714,2103
1775411100000,1.6714,1.676,1.6714,1.6716,1735
1775412000000,1.6716,1.6716,1.6683,1.6696,2574
1775412900000,1.6696,1.6732,1.6696,1.672,2657
1775413800000,1.672,1.6745,1.672,1.6732,2200
1775414700000,1.6732,1.6732,1.668,1.6692,7633
1775415600000,1.6692,1.6699,1.6679,1.6696,990
1775416500000,1.6696,1.6748,1.6692,1.6746,102
1775417400000,1.6746,1.6746,1.6652,1.6652,468
1775418300000,1.6652,1.6736,1.6652,1.6736,3757
1775419200000,1.6736,1.6736,1.6707,1.671,1013
1775420100000,1.671,1.6717,1.6688,1.6688,1368
1775421000000,1.6688,1.6706,1.6664,1.6672,4543
1775421900000,1.6672,1.6703,1.6672,1.6703,905
1775422800000,1.6703,1.6703,1.664,1.667,1254
1775423700000,1.667,1.667,1.6636,1.6641,2753
1775424600000,1.6641,1.6658,1.6626,1.6637,577
1775425500000,1.6637,1.6736,1.6637,1.668,1301
1775426400000,1.668,1.6714,1.6676,1.6689,1791
1775427300000,1.6689,1.669,1.6671,1.669,1044
1775428200000,1.669,1.678,1.6686,1.6767,3742
1775429100000,1.6767,1.6814,1.6759,1.6796,2131
1775430000000,1.6796,1.6833,1.6787,1.6833,1974
1775430900000,1.6833,1.6936,1.6833,1.69,10839
1775431800000,1.69,1.6984,1.69,1.6903,16542
1775432700000,1.6903,1.6956,1.6903,1.6938,1020
1775433600000,1.6938,1.7064,1.6938,1.7022,11746
1775434500000,1.7022,1.7042,1.6941,1.697,15047
1775435400000,1.697,1.6999,1.6967,1.6998,1069
1775436300000,1.6998,1.7037,1.6994,1.6994,1125
1775437200000,1.6994,1.7011,1.6945,1.6965,1704
1775438100000,1.6965,1.6966,1.6929,1.6966,495
1775439000000,1.6966,1.6966,1.6919,1.6928,1227
1775439900000,1.6928,1.6938,1.6894,1.6904,1983
1775440800000,1.6904,1.705,1.6897,1.7005,16297
1775441700000,1.7005,1.7037,1.6992,1.6999,632
1775442600000,1.6999,1.7046,1.6987,1.6994,1174
1775443500000,1.6994,1.7029,1.6992,1.7029,1771
1775444400000,1.7029,1.7074,1.7029,1.7056,2487
1775445300000,1.7056,1.7063,1.6942,1.6996,25890
1775446200000,1.6996,1.702,1.6992,1.702,721
1775447100000,1.702,1.7022,1.702,1.7022,78
1775448000000,1.7022,1.7042,1.7014,1.7031,331
1775448900000,1.7031,1.7072,1.7031,1.7057,1700
1775449800000,1.7057,1.7094,1.7018,1.7063,1655
1775450700000,1.7063,1.7067,1.7042,1.7058,840
1775451600000,1.7058,1.7092,1.7058,1.7085,618
1775452500000,1.7085,1.7109,1.7062,1.7062,2461
1775453400000,1.7062,1.7085,1.7058,1.7075,6302
1775454300000,1.7075,1.7082,1.7044,1.7064,2143
1775455200000,1.7064,1.7095,1.7045,1.7084,6021
1775456100000,1.7084,1.7092,1.7003,1.703,15354
1775457000000,1.703,1.7139,1.703,1.7105,5388
1775457900000,1.7105,1.719,1.7099,1.7152,14905
1775458800000,1.7152,1.7201,1.7133,1.7201,6264
1775459700000,1.7201,1.7331,1.7201,1.7262,16921
1775460600000,1.7262,1.7333,1.7248,1.7326,916
1775461500000,1.7326,1.7369,1.7271,1.7299,12092
1775462400000,1.7299,1.7354,1.7299,1.735,5467
1775463300000,1.735,1.7479,1.734,1.745,27773
1775464200000,1.745,1.7507,1.7425,1.7482,12530
1775465100000,1.7482,1.7557,1.7435,1.7453,14682
1775466000000,1.7453,1.7468,1.7341,1.7404,18134
1775466900000,1.7404,1.7506,1.7366,1.7417,12924
1775467800000,1.7417,1.7456,1.7335,1.7448,23189
1775468700000,1.7448,1.7481,1.7417,1.7445,9580
1775469600000,1.7445,1.7486,1.7363,1.7378,50378
1775470500000,1.7378,1.7419,1.7369,1.741,16582
1775471400000,1.741,1.7487,1.738,1.7477,5457
1775472300000,1.7477,1.7487,1.7425,1.7445,6622
1775473200000,1.7445,1.7462,1.7425,1.7456,3035
1775474100000,1.7456,1.7488,1.7395,1.7395,11012
1775475000000,1.7395,1.7405,1.7317,1.7369,8792
1775475900000,1.7369,1.7392,1.7369,1.7386,455
1775476800000,1.7386,1.746,1.7386,1.746,2605
1775477700000,1.746,1.7466,1.7456,1.7456,629
1775478600000,1.7456,1.7456,1.7386,1.7395,3455
1775479500000,1.7395,1.7442,1.7387,1.7437,1845
1775480400000,1.7437,1.745,1.7392,1.74,1012
1775481300000,1.74,1.7422,1.7373,1.7382,1806
1775482200000,1.7382,1.7393,1.7298,1.7322,6746
1775483100000,1.7322,1.734,1.727,1.7313,13004
1775484000000,1.7313,1.7359,1.7258,1.7288,9339
1775484900000,1.7288,1.7345,1.7287,1.7308,4643
1775485800000,1.7308,1.7319,1.7199,1.7241,33041
1775486700000,1.7241,1.731,1.7221,1.731,2698
1775487600000,1.731,1.736,1.7242,1.7264,4716
1775488500000,1.7264,1.7265,1.7233,1.724,2434
1775489400000,1.724,1.7252,1.7228,1.7244,2251
1775490300000,1.7244,1.7249,1.7232,1.724,867
1775491200000,1.724,1.7245,1.7203,1.7234,6181
1775492100000,1.7234,1.7234,1.7151,1.7161,11855
1775493000000,1.7161,1.7183,1.716,1.7183,859
1775493900000,1.7183,1.7243,1.7183,1.7207,10692
1775494800000,1.7207,1.7237,1.7179,1.7198,907
1775495700000,1.7198,1.7306,1.7196,1.7305,1716
1775496600000,1.7305,1.7305,1.7217,1.7222,1566
1775497500000,1.7222,1.7231,1.7214,1.7231,315
1775498400000,1.7231,1.7233,1.7193,1.7224,1492
1775499300000,1.7224,1.7234,1.721,1.7222,280
1775500200000,1.7222,1.7229,1.7195,1.7203,680
1775501100000,1.7203,1.7215,1.7201,1.7215,252
1775502000000,1.7215,1.7228,1.7188,1.7205,1384
1775502900000,1.7205,1.7213,1.7157,1.7167,3166
1775503800000,1.7167,1.7167,1.7108,1.7124,9531
1775504700000,1.7124,1.7133,1.7108,1.7131,1930
1775505600000,1.7131,1.7203,1.7113,1.7203,5668
1775506500000,1.7203,1.7203,1.7143,1.7177,1977
1775507400000,1.7177,1.7189,1.716,1.716,2329
1775508300000,1.716,1.7164,1.7144,1.7147,531
1775509200000,1.7147,1.7174,1.7124,1.7174,1544
1775510100000,1.7174,1.718,1.7159,1.718,1594
1775511000000,1.718,1.718,1.7163,1.717,364
1775511900000,1.717,1.7172,1.7151,1.7151,677
1775512800000,1.7151,1.7162,1.7124,1.7162,929
1775513700000,1.7162,1.7185,1.7139,1.7182,6275
1775514600000,1.7182,1.7182,1.711,1.711,626
1775515500000,1.711,1.7131,1.7019,1.7032,3921
1775516400000,1.7032,1.7038,1.6939,1.6998,12297
1775517300000,1.6998,1.6999,1.6959,1.6981,1760
1775518200000,1.6981,1.7036,1.6973,1.7036,2024
1775519100000,1.7036,1.704,1.7003,1.7003,221
1775520000000,1.7003,1.7053,1.6994,1.7042,3350
1775520900000,1.7042,1.7051,1.7026,1.704,2248
1775521800000,1.704,1.704,1.6985,1.6994,1512
1775522700000,1.6994,1.7029,1.6994,1.7016,853
1775523600000,1.7016,1.7016,1.697,1.6987,2413
1775524500000,1.6987,1.7053,1.6987,1.7009,3049
1775525400000,1.7009,1.7009,1.6937,1.6951,4624
1775526300000,1.6951,1.6961,1.6916,1.6932,2177
1775527200000,1.6932,1.6987,1.6892,1.696,11971
1775528100000,1.696,1.6987,1.6958,1.6975,962
1775529000000,1.6975,1.6975,1.6955,1.6959,477
1775529900000,1.6959,1.6961,1.6945,1.6961,2108
1775530800000,1.6961,1.699,1.696,1.6979,744
1775531700000,1.6979,1.6981,1.697,1.6973,188
1775532600000,1.6973,1.699,1.6971,1.6978,1147
1775533500000,1.6978,1.7009,1.6968,1.6968,1268
1775534400000,1.6968,1.6968,1.691,1.6921,2352
1775535300000,1.6921,1.694,1.6905,1.6923,1125
1775536200000,1.6923,1.6964,1.6923,1.6945,227
1775537100000,1.6945,1.6969,1.6944,1.6949,453
1775538000000,1.6949,1.6949,1.6903,1.6927,4122
1775538900000,1.6927,1.6927,1.6864,1.6868,4563
1775539800000,1.6868,1.6883,1.6837,1.6878,2169
1775540700000,1.6878,1.6887,1.6839,1.6852,1241
1775541600000,1.6852,1.6862,1.6848,1.6848,479
1775542500000,1.6848,1.6869,1.6839,1.6859,2890
1775543400000,1.6859,1.6929,1.6845,1.6887,8960
1775544300000,1.6887,1.6909,1.6872,1.6879,1052
1775545200000,1.6879,1.6879,1.6854,1.6864,1568
1775546100000,1.6864,1.6883,1.6845,1.6883,919
1775547000000,1.6883,1.6899,1.6868,1.688,1173
1775547900000,1.688,1.6887,1.6867,1.6867,812
1775548800000,1.6867,1.6881,1.6832,1.684,1853
1775549700000,1.684,1.684,1.6748,1.6768,10934
1775550600000,1.6768,1.68,1.6761,1.6794,4770
1775551500000,1.6794,1.6812,1.6767,1.6778,13972
1775552400000,1.6778,1.6871,1.6755,1.6832,6447
1775553300000,1.6832,1.6871,1.6822,1.6871,4287
1775554200000,1.6871,1.6893,1.6867,1.6887,1651
1775555100000,1.6887,1.6887,1.6859,1.6859,2042
1775556000000,1.6859,1.6893,1.6786,1.6826,16568
1775556900000,1.6826,1.6826,1.6765,1.6793,4715
1775557800000,1.6793,1.682,1.676,1.6765,2005
1775558700000,1.6765,1.6778,1.6745,1.6753,2507
1775559600000,1.6753,1.6811,1.673,1.6779,4536
1775560500000,1.6779,1.6812,1.6779,1.6801,1591
1775561400000,1.6801,1.6821,1.6752,1.6818,3192
1775562300000,1.6818,1.6839,1.6795,1.6837,4314
1775563200000,1.6837,1.6845,1.672,1.6791,8602
1775564100000,1.6791,1.6813,1.6771,1.6813,738
1775565000000,1.6813,1.6813,1.6744,1.6744,4263
1775565900000,1.6744,1.6843,1.6723,1.6839,8962
1775566800000,1.6839,1.6893,1.6839,1.6882,2990
1775567700000,1.6882,1.6921,1.6842,1.6861,14481
1775568600000,1.6861,1.689,1.6829,1.6829,5961
1775569500000,1.6829,1.6829,1.6762,1.6811,7738
1775570400000,1.6811,1.6811,1.6721,1.6762,7313
1775571300000,1.6762,1.6844,1.6749,1.6818,2362
1775572200000,1.6818,1.6823,1.6783,1.6793,904
1775573100000,1.6793,1.6827,1.6754,1.6762,2336
1775574000000,1.6762,1.679,1.6734,1.679,9040
1775574900000,1.679,1.6966,1.679,1.6948,11316
1775575800000,1.6948,1.6948,1.6876,1.6915,9246
1775576700000,1.6915,1.7048,1.6914,1.7013,4776
1775577600000,1.7013,1.7141,1.7013,1.7122,24914
1775578500000,1.7122,1.7163,1.7023,1.7023,14393
1775579400000,1.7023,1.7023,1.6971,1.7016,11578
1775580300000,1.7016,1.7048,1.6997,1.7002,2230
1775581200000,1.7002,1.7038,1.6973,1.7037,2668
1775582100000,1.7037,1.7126,1.7021,1.7073,10075
1775583000000,1.7073,1.7121,1.7056,1.707,5547
1775583900000,1.707,1.7126,1.707,1.7108,1904
1775584800000,1.7108,1.7121,1.7073,1.7077,784
1775585700000,1.7077,1.7153,1.7077,1.7148,1712
1775586600000,1.7148,1.7189,1.7144,1.7186,803
1775587500000,1.7186,1.7217,1.7139,1.7139,9895
1775588400000,1.7139,1.7161,1.7107,1.7144,3157
1775589300000,1.7144,1.7174,1.7135,1.7138,1215
1775590200000,1.7138,1.7138,1.7101,1.7101,98
1775591100000,1.7101,1.7174,1.7101,1.7173,7270
1775592000000,1.7173,1.7216,1.7168,1.7173,1826
1775592900000,1.7173,1.7207,1.7146,1.7207,1088
1775593800000,1.7207,1.7219,1.7188,1.7192,351
1775594700000,1.7192,1.7194,1.717,1.7183,560
1775595600000,1.7183,1.7433,1.7166,1.7388,36554
1775596500000,1.7388,1.7409,1.7355,1.7355,1977
1775597400000,1.7355,1.7437,1.7355,1.7419,1016
1775598300000,1.7419,1.7476,1.7419,1.7446,2775
1775599200000,1.7446,1.7522,1.7392,1.7406,16500
1775600100000,1.7406,1.7453,1.7379,1.7452,10805
1775601000000,1.7452,1.7622,1.7451,1.7533,42456
1775601900000,1.7533,1.7704,1.7531,1.7704,14649
1775602800000,1.7704,1.7767,1.7668,1.7718,12269
1775603700000,1.7718,1.789,1.7718,1.7873,48048
1775604600000,1.7873,1.8009,1.7858,1.7987,9787
1775605500000,1.7987,1.8059,1.7955,1.8037,25706
1775606400000,1.8037,1.8062,1.7962,1.7998,20268
1775607300000,1.7998,1.8007,1.7927,1.7953,10171
1775608200000,1.7953,1.7967,1.7858,1.7864,19177
1775609100000,1.7864,1.7896,1.779,1.7896,10391
1775610000000,1.7896,1.7948,1.7861,1.7908,2334
1775610900000,1.7908,1.8012,1.7896,1.7994,36802
1775611800000,1.7994,1.7994,1.7858,1.7865,4920
1775612700000,1.7865,1.8011,1.7865,1.7966,623
1775613600000,1.7966,1.799,1.796,1.7981,1152
1775614500000,1.7981,1.7993,1.7897,1.7902,7137
1775615400000,1.7902,1.7943,1.7854,1.7932,2195
1775616300000,1.7932,1.7956,1.7903,1.7927,2572
1775617200000,1.7927,1.7977,1.7927,1.7957,1945
1775618100000,1.7957,1.7958,1.7931,1.7942,249
1775619000000,1.7942,1.7947,1.7909,1.7909,1380
1775619900000,1.7909,1.7925,1.7888,1.7924,1013
1775620800000,1.7924,1.797,1.7869,1.7869,18957
1775621700000,1.7869,1.7902,1.7867,1.7902,656
1775622600000,1.7902,1.7906,1.7873,1.7873,2937
1775623500000,1.7873,1.7877,1.7846,1.7846,910
1775624400000,1.7846,1.787,1.7838,1.7863,3601
1775625300000,1.7863,1.7956,1.7863,1.7938,8916
1775626200000,1.7938,1.8037,1.7938,1.7944,26210
1775627100000,1.7944,1.8016,1.7935,1.7936,8866
1775628000000,1.7936,1.8007,1.7905,1.7956,20851
1775628900000,1.7956,1.8012,1.7926,1.8007,7716
1775629800000,1.8007,1.8007,1.7919,1.7971,5237
1775630700000,1.7971,1.7971,1.7909,1.7912,12391
1775631600000,1.7912,1.7933,1.7894,1.7933,1928
1775632500000,1.7933,1.7974,1.7924,1.7971,2146
1775633400000,1.7971,1.7971,1.7877,1.7915,2167
1775634300000,1.7915,1.7938,1.7915,1.7935,300
1775635200000,1.7935,1.7935,1.7897,1.7897,136
1775636100000,1.7897,1.7926,1.7897,1.7906,1395
1775637000000,1.7906,1.7906,1.7856,1.7856,273
1775637900000,1.7856,1.7877,1.7856,1.7866,1521
1775638800000,1.7866,1.787,1.7842,1.7862,3705
1775639700000,1.7862,1.7877,1.7845,1.7845,7590
1775640600000,1.7845,1.7897,1.784,1.784,874
1775641500000,1.784,1.7874,1.7836,1.7852,791
1775642400000,1.7852,1.7901,1.7847,1.7875,26522
1775643300000,1.7875,1.7923,1.7875,1.7916,3333
1775644200000,1.7916,1.7916,1.7875,1.7877,7807
1775645100000,1.7877,1.7898,1.7824,1.7824,885
1775646000000,1.7824,1.783,1.775,1.7827,20623
1775646900000,1.7827,1.7843,1.779,1.7825,3746
1775647800000,1.7825,1.7825,1.7737,1.7764,3459
1775648700000,1.7764,1.7799,1.7754,1.7776,207
1775649600000,1.7776,1.7776,1.7675,1.769,3249
1775650500000,1.769,1.7701,1.763,1.7669,8987
1775651400000,1.7669,1.7685,1.7643,1.7685,2892
1775652300000,1.7685,1.7705,1.7664,1.7664,1135
1775653200000,1.7664,1.783,1.7664,1.7756,16927
1775654100000,1.7756,1.7779,1.7713,1.7737,5051
1775655000000,1.7737,1.7761,1.7673,1.7681,7776
1775655900000,1.7681,1.7694,1.7625,1.7651,7171
1775656800000,1.7651,1.7671,1.7618,1.7652,9288
1775657700000,1.7652,1.7652,1.7615,1.7628,1883
1775658600000,1.7628,1.7628,1.7551,1.7557,8489
1775659500000,1.7557,1.7571,1.7486,1.7522,21172
1775660400000,1.7522,1.7574,1.7517,1.7555,6056
1775661300000,1.7555,1.7715,1.7555,1.7683,3955
1775662200000,1.7683,1.7867,1.7663,1.785,18634
1775663100000,1.785,1.7967,1.785,1.7948,10167
1775664000000,1.7948,1.8004,1.7776,1.7781,20286
1775664900000,1.7781,1.7786,1.7744,1.7748,4145
1775665800000,1.7748,1.7844,1.7748,1.7844,3340
1775666700000,1.7844,1.7876,1.7828,1.7835,10139
1775667600000,1.7835,1.7933,1.7835,1.7893,5680
1775668500000,1.7893,1.7893,1.7852,1.7852,4361
1775669400000,1.7852,1.7875,1.7821,1.7821,315
1775670300000,1.7821,1.7834,1.7818,1.7834,319
1775671200000,1.7834,1.7925,1.7826,1.7917,1322
1775672100000,1.7917,1.7931,1.7876,1.7878,786
1775673000000,1.7878,1.7905,1.7795,1.7825,3164
1775673900000,1.7825,1.7843,1.7776,1.7837,776
1775674800000,1.7837,1.7879,1.7831,1.7868,11944
1775675700000,1.7868,1.7876,1.7851,1.7852,646
1775676600000,1.7852,1.7875,1.78,1.7824,5610
1775677500000,1.7824,1.7865,1.7824,1.7844,3965
1775678400000,1.7844,1.7886,1.7844,1.7847,110
1775679300000,1.7847,1.7847,1.7792,1.7802,1635
1775680200000,1.7802,1.7802,1.7704,1.772,7684
1775681100000,1.772,1.7742,1.7658,1.7686,3766
1775682000000,1.7686,1.7765,1.7686,1.7763,1898
1775682900000,1.7763,1.7884,1.7754,1.7884,48515
1775683800000,1.7884,1.7896,1.7865,1.7896,1881
1775684700000,1.7896,1.7932,1.7828,1.7828,10934
1775685600000,1.7828,1.786,1.7796,1.7796,513
1775686500000,1.7796,1.7845,1.7787,1.7799,6059
1775687400000,1.7799,1.7874,1.777,1.7853,3858
1775688300000,1.7853,1.7875,1.7806,1.7806,1127
1775689200000,1.7806,1.7843,1.7757,1.7839,2552
1775690100000,1.7839,1.7908,1.779,1.779,6057
1775691000000,1.779,1.7795,1.7738,1.7739,2958
1775691900000,1.7739,1.7779,1.7739,1.7759,138
1775692800000,1.7759,1.7877,1.7759,1.7768,31834
1775693700000,1.7768,1.7808,1.7659,1.7687,33396
1775694600000,1.7687,1.769,1.7639,1.7662,1221
1775695500000,1.7662,1.7724,1.7647,1.7722,130
1775696400000,1.7722,1.7723,1.7577,1.7623,2821
1775697300000,1.7623,1.7662,1.7581,1.762,768
1775698200000,1.762,1.7758,1.762,1.7758,4803
1775699100000,1.7758,1.7778,1.7721,1.7761,1102
1775700000000,1.7761,1.7771,1.7757,1.7771,937
1775700900000,1.7771,1.782,1.7771,1.7807,1942
1775701800000,1.7807,1.7864,1.7735,1.7776,3397
1775702700000,1.7776,1.7802,1.7751,1.7802,3518
1775703600000,1.7802,1.7852,1.7784,1.7838,755
1775704500000,1.7838,1.7867,1.7818,1.7833,2745
1775705400000,1.7833,1.7863,1.7833,1.786,577
1775706300000,1.786,1.7883,1.7818,1.7822,4617
1775707200000,1.7822,1.7861,1.7809,1.7861,5503
1775708100000,1.7861,1.7894,1.7854,1.788,6980
1775709000000,1.788,1.7957,1.7866,1.7925,6875
1775709900000,1.7925,1.7925,1.7844,1.7844,3208
1775710800000,1.7844,1.7844,1.7746,1.7782,20946
1775711700000,1.7782,1.7868,1.7782,1.7862,2998
1775712600000,1.7862,1.7925,1.7862,1.7897,1142
1775713500000,1.7897,1.7897,1.787,1.7875,325
1775714400000,1.7875,1.7932,1.7875,1.7928,571
1775715300000,1.7928,1.7928,1.7888,1.7888,165
1775716200000,1.7888,1.7913,1.785,1.7885,23872
1775717100000,1.7885,1.7925,1.7878,1.7925,1463
1775718000000,1.7925,1.7959,1.7913,1.7952,4271
1775718900000,1.7952,1.7952,1.788,1.7884,2441
1775719800000,1.7884,1.7908,1.7859,1.7908,1010
1775720700000,1.7908,1.7931,1.7894,1.7922,1452
1775721600000,1.7922,1.7963,1.7883,1.7942,746
1775722500000,1.7942,1.7942,1.7917,1.7917,5
1775723400000,1.7917,1.8018,1.7917,1.7941,4668
1775724300000,1.7941,1.7975,1.7823,1.7842,3678
1775725200000,1.7842,1.787,1.777,1.787,1221
1775726100000,1.787,1.793,1.787,1.792,2153
1775727000000,1.792,1.7933,1.7907,1.7933,778
1775727900000,1.7933,1.7967,1.7918,1.7948,4773
1775728800000,1.7948,1.7987,1.7922,1.7977,3927
1775729700000,1.7977,1.7977,1.7888,1.789,6010
1775730600000,1.789,1.7901,1.7869,1.7892,1081
1775731500000,1.7892,1.7921,1.787,1.7916,2391
1775732400000,1.7916,1.7916,1.7832,1.7842,792
1775733300000,1.7842,1.787,1.7809,1.7833,5971
1775734200000,1.7833,1.7876,1.777,1.7839,73026
1775735100000,1.7839,1.7852,1.7728,1.7819,65644
1775736000000,1.7819,1.7852,1.7806,1.7807,4290
1775736900000,1.7807,1.7808,1.7755,1.7777,2871
1775737800000,1.7777,1.7818,1.7755,1.7799,25628
1775738700000,1.7799,1.7829,1.7788,1.7788,4402
1775739600000,1.7788,1.7788,1.7741,1.7753,5275
1775740500000,1.7753,1.7778,1.774,1.7778,317
1775741400000,1.7778,1.779,1.7749,1.7752,961
1775742300000,1.7752,1.7887,1.7752,1.7869,3283
1775743200000,1.7869,1.7873,1.7773,1.7814,1156
1775744100000,1.7814,1.7814,1.7724,1.7741,12164
1775745000000,1.7741,1.792,1.7741,1.7908,7730
1775745900000,1.7908,1.7912,1.7851,1.7851,9211
1775746800000,1.7851,1.7873,1.7772,1.7867,5921
1775747700000,1.7867,1.7988,1.7867,1.7941,17320
1775748600000,1.7941,1.825,1.7941,1.8178,49691
1775749500000,1.8178,1.8242,1.8108,1.8108,21327
1775750400000,1.8108,1.8216,1.8108,1.8178,11599
1775751300000,1.8178,1.8178,1.8064,1.8065,3004
1775752200000,1.8065,1.8106,1.8026,1.8075,5163
1775753100000,1.8075,1.8083,1.8016,1.8048,3729
1775754000000,1.8048,1.8072,1.8016,1.8056,6271
1775754900000,1.8056,1.8071,1.7951,1.7974,11510
1775755800000,1.7974,1.8029,1.794,1.8013,2148
1775756700000,1.8013,1.8023,1.7978,1.7981,2579
1775757600000,1.7981,1.7981,1.7893,1.7902,16525
1775758500000,1.7902,1.7947,1.7892,1.7947,1563
1775759400000,1.7947,1.796,1.7911,1.7951,1331
1775760300000,1.7951,1.7975,1.7948,1.7957,439
1775761200000,1.7957,1.8055,1.7931,1.8055,6301
1775762100000,1.8055,1.8061,1.8005,1.8016,6870
1775763000000,1.8016,1.8081,1.8005,1.8079,2920
1775763900000,1.8079,1.8096,1.8043,1.8043,1194
1775764800000,1.8043,1.8043,1.7955,1.7981,28895
1775765700000,1.7981,1.8028,1.7981,1.8028,84
1775766600000,1.8028,1.8084,1.8012,1.8017,11868
1775767500000,1.8017,1.8084,1.8017,1.804,3136
1775768400000,1.804,1.8058,1.8014,1.8054,2168
1775769300000,1.8054,1.8082,1.8048,1.8068,1929
1775770200000,1.8068,1.8105,1.8039,1.8072,2128
1775771100000,1.8072,1.8082,1.8061,1.8067,180
1775772000000,1.8067,1.809,1.8047,1.8085,4040
1775772900000,1.8085,1.8244,1.8085,1.8123,50571
1775773800000,1.8123,1.8145,1.8084,1.8132,10223
1775774700000,1.8132,1.8152,1.8062,1.8082,17969
1775775600000,1.8082,1.812,1.805,1.8065,24882
1775776500000,1.8065,1.8082,1.7992,1.8042,5430
1775777400000,1.8042,1.8042,1.7964,1.799,1626
1775778300000,1.799,1.799,1.7957,1.7972,2048
1775779200000,1.7972,1.8013,1.7896,1.7907,13533
1775780100000,1.7907,1.8064,1.7905,1.8064,25546
1775781000000,1.8064,1.814,1.8056,1.814,6588
1775781900000,1.814,1.814,1.8056,1.8068,18748
1775782800000,1.8068,1.8068,1.8015,1.8044,6724
1775783700000,1.8044,1.8044,1.7963,1.8034,4573
1775784600000,1.8034,1.8176,1.803,1.8155,12541
1775785500000,1.8155,1.8155,1.8117,1.8147,1968
1775786400000,1.8147,1.8187,1.8121,1.8127,8174
1775787300000,1.8127,1.8177,1.8127,1.8139,984
1775788200000,1.8139,1.817,1.8121,1.8135,4131
1775789100000,1.8135,1.8135,1.807,1.809,2331
1775790000000,1.809,1.8135,1.8066,1.8089,2586
1775790900000,1.8089,1.8106,1.808,1.8105,588
1775791800000,1.8105,1.8108,1.8027,1.8098,27116
1775792700000,1.8098,1.8169,1.8065,1.8143,24936
1775793600000,1.8143,1.8208,1.8135,1.8204,3940
1775794500000,1.8204,1.8257,1.819,1.8207,14573
1775795400000,1.8207,1.8231,1.8201,1.8231,4069
1775796300000,1.8231,1.8419,1.8218,1.835,120527
1775797200000,1.835,1.8376,1.8299,1.8365,4130
1775798100000,1.8365,1.8365,1.8272,1.8308,8269
1775799000000,1.8308,1.8372,1.8252,1.8304,3799
1775799900000,1.8304,1.8345,1.8297,1.8331,1302
1775800800000,1.8331,1.8331,1.829,1.8316,4168
1775801700000,1.8316,1.8325,1.8224,1.8242,9526
1775802600000,1.8242,1.8272,1.8211,1.823,6298
1775803500000,1.823,1.823,1.8185,1.8201,1467
1775804400000,1.8201,1.8231,1.8162,1.8209,6329
1775805300000,1.8209,1.821,1.8152,1.8164,10268
1775806200000,1.8164,1.8233,1.8162,1.8211,955
1775807100000,1.8211,1.8236,1.818,1.8221,4272
1775808000000,1.8221,1.8221,1.815,1.8162,11548
1775808900000,1.8162,1.8217,1.8162,1.8199,452
1775809800000,1.8199,1.8271,1.8199,1.8243,8272
1775810700000,1.8243,1.8278,1.8226,1.8256,3579
1775811600000,1.8256,1.8265,1.8129,1.8136,16796
1775812500000,1.8136,1.8211,1.8136,1.8177,7831
1775813400000,1.8177,1.8185,1.8137,1.8137,1313
1775814300000,1.8137,1.8153,1.81,1.8138,4173
1775815200000,1.8138,1.8187,1.8129,1.8169,1761
1775816100000,1.8169,1.8209,1.8154,1.8175,5745
1775817000000,1.8175,1.8217,1.8163,1.8198,19651
1775817900000,1.8198,1.8224,1.8174,1.82,5447
1775818800000,1.82,1.8223,1.8197,1.8219,8083
1775819700000,1.8219,1.8219,1.8206,1.8206,203
1775820600000,1.8206,1.8221,1.8122,1.8141,22402
1775821500000,1.8141,1.8163,1.8115,1.8155,6824
1775822400000,1.8155,1.8271,1.8153,1.8206,27527
1775823300000,1.8206,1.8225,1.8153,1.8208,23350
1775824200000,1.8208,1.8253,1.8152,1.8235,34564
1775825100000,1.8235,1.8301,1.8219,1.8285,2644
1775826000000,1.8285,1.8322,1.8252,1.8309,3959
1775826900000,1.8309,1.8323,1.8271,1.8271,802
1775827800000,1.8271,1.835,1.8262,1.8344,2496
1775828700000,1.8344,1.8384,1.8334,1.8361,10284
1775829600000,1.8361,1.8363,1.8298,1.8354,7282
1775830500000,1.8354,1.844,1.8354,1.8388,42415
1775831400000,1.8388,1.8438,1.8314,1.8383,31626
1775832300000,1.8383,1.8422,1.8375,1.8402,28640
1775833200000,1.8402,1.8437,1.8384,1.8384,1655
1775834100000,1.8384,1.8384,1.8289,1.8289,9505
1775835000000,1.8289,1.832,1.8245,1.8261,3492
1775835900000,1.8261,1.8313,1.8261,1.83,1981
1775836800000,1.83,1.8367,1.8238,1.8238,9083
1775837700000,1.8238,1.8302,1.8221,1.823,5449
1775838600000,1.823,1.825,1.8205,1.8205,2854
1775839500000,1.8205,1.8232,1.8205,1.8216,476
1775840400000,1.8216,1.8226,1.8158,1.8163,11700
1775841300000,1.8163,1.819,1.8161,1.8166,1406
1775842200000,1.8166,1.8181,1.8146,1.8158,1521
1775843100000,1.8158,1.8167,1.814,1.8147,1370
1775844000000,1.8147,1.8157,1.8122,1.8154,2059
1775844900000,1.8154,1.8198,1.8154,1.8164,1614
1775845800000,1.8164,1.819,1.8155,1.8155,1950
1775846700000,1.8155,1.824,1.8155,1.824,7371
1775847600000,1.824,1.8277,1.8227,1.8277,2065
1775848500000,1.8277,1.8277,1.8221,1.8245,2290
1775849400000,1.8245,1.8254,1.8233,1.825,2429
1775850300000,1.825,1.825,1.8209,1.8243,6007
1775851200000,1.8243,1.826,1.8224,1.8242,7581
1775852100000,1.8242,1.8255,1.8206,1.8206,4527
1775853000000,1.8206,1.8228,1.8158,1.8183,28681
1775853900000,1.8183,1.8224,1.8173,1.8216,1938
1775854800000,1.8216,1.8222,1.8054,1.8067,23316
1775855700000,1.8067,1.8097,1.8055,1.8096,2098
1775856600000,1.8096,1.8139,1.809,1.8103,1134
1775857500000,1.8103,1.8103,1.8054,1.8054,1032
1775858400000,1.8054,1.8071,1.8054,1.8062,538
1775859300000,1.8062,1.8092,1.8049,1.8084,4766
1775860200000,1.8084,1.8084,1.802,1.8054,10807
1775861100000,1.8054,1.8074,1.8041,1.8053,7863
1775862000000,1.8053,1.8083,1.8016,1.8016,4309
1775862900000,1.8016,1.8041,1.8015,1.8019,1470
1775863800000,1.8019,1.8041,1.8004,1.8041,2345
1775864700000,1.8041,1.8054,1.8029,1.8043,1657
1775865600000,1.8043,1.8051,1.7969,1.7987,13064
1775866500000,1.7987,1.8036,1.7942,1.7973,10026
1775867400000,1.7973,1.7973,1.7927,1.7927,943
1775868300000,1.7927,1.7971,1.7927,1.797,2550
1775869200000,1.797,1.7972,1.7939,1.7939,675
1775870100000,1.7939,1.7949,1.7913,1.7949,7598
1775871000000,1.7949,1.7995,1.7921,1.7925,9175
1775871900000,1.7925,1.7964,1.7925,1.7955,1535
1775872800000,1.7955,1.7965,1.7946,1.7965,4631
1775873700000,1.7965,1.7965,1.7945,1.7952,1075
1775874600000,1.7952,1.7987,1.7952,1.7969,1767
1775875500000,1.7969,1.7969,1.7936,1.7937,143
1775876400000,1.7937,1.7948,1.792,1.7925,952
1775877300000,1.7925,1.7942,1.7917,1.7936,1550
1775878200000,1.7936,1.7949,1.7916,1.7948,10744
1775879100000,1.7948,1.7949,1.7848,1.7924,44477
1775880000000,1.7924,1.7936,1.7896,1.791,1431
1775880900000,1.791,1.791,1.786,1.7885,1871
1775881800000,1.7885,1.7926,1.7881,1.7914,10439
1775882700000,1.7914,1.7925,1.7913,1.7913,681
1775883600000,1.7913,1.7913,1.7852,1.786,1806
1775884500000,1.786,1.7901,1.7836,1.7901,6278
1775885400000,1.7901,1.7982,1.7901,1.7982,6053
1775886300000,1.7982,1.7982,1.7924,1.7932,668
1775887200000,1.7932,1.7932,1.7856,1.7856,757
1775888100000,1.7856,1.7883,1.7856,1.7878,1249
1775889000000,1.7878,1.7932,1.7878,1.7932,334
1775889900000,1.7932,1.794,1.7932,1.794,96
1775890800000,1.794,1.796,1.7907,1.7913,11899
1775891700000,1.7913,1.7925,1.7886,1.7891,31679
1775892600000,1.7891,1.7919,1.7891,1.7912,681
1775893500000,1.7912,1.7935,1.7908,1.7923,396
1775894400000,1.7923,1.7923,1.7889,1.789,1059
1775895300000,1.789,1.7895,1.7857,1.7895,4961
1775896200000,1.7895,1.7895,1.7858,1.7872,2588
1775897100000,1.7872,1.7872,1.7821,1.7825,10168
1775898000000,1.7825,1.7844,1.7797,1.7839,14815
1775898900000,1.7839,1.7874,1.7815,1.783,6971
1775899800000,1.783,1.7834,1.7789,1.7819,2795
1775900700000,1.7819,1.7837,1.7806,1.7806,855
1775901600000,1.7806,1.7823,1.7752,1.7772,5342
1775902500000,1.7772,1.7786,1.7765,1.7777,2802
1775903400000,1.7777,1.7777,1.7714,1.775,2544
1775904300000,1.775,1.7759,1.7727,1.7736,4827
1775905200000,1.7736,1.7807,1.773,1.7804,8931
1775906100000,1.7804,1.7807,1.7772,1.7772,4631
1775907000000,1.7772,1.7843,1.7772,1.7832,6190
1775907900000,1.7832,1.7849,1.781,1.7842,6482
1775908800000,1.7842,1.7842,1.7801,1.7803,8317
1775909700000,1.7803,1.7803,1.776,1.776,1212
1775910600000,1.776,1.7819,1.776,1.7813,4247
1775911500000,1.7813,1.7822,1.776,1.7762,11760
1775912400000,1.7762,1.7763,1.7659,1.7702,13310
1775913300000,1.7702,1.7734,1.7702,1.7707,6173
1775914200000,1.7707,1.779,1.7697,1.779,1448
1775915100000,1.779,1.78,1.7771,1.7773,3253
1775916000000,1.7773,1.7773,1.7739,1.774,790
1775916900000,1.774,1.774,1.7704,1.7714,5875
1775917800000,1.7714,1.7714,1.7638,1.7646,7508
1775918700000,1.7646,1.7709,1.7627,1.7681,10783
1775919600000,1.7681,1.769,1.7657,1.7657,796
1775920500000,1.7657,1.7688,1.765,1.7662,608
1775921400000,1.7662,1.7691,1.7662,1.7679,3336
1775922300000,1.7679,1.771,1.7679,1.771,469
1775923200000,1.771,1.7721,1.7668,1.7688,7335
1775924100000,1.7688,1.7732,1.768,1.7722,3293
1775925000000,1.7722,1.7839,1.77,1.7806,23326
1775925900000,1.7806,1.7825,1.779,1.7811,3901
1775926800000,1.7811,1.7813,1.7759,1.7771,4307
1775927700000,1.7771,1.7771,1.7708,1.772,9974
1775928600000,1.772,1.7759,1.7716,1.7741,5878
1775929500000,1.7741,1.7741,1.7681,1.7681,7671
1775930400000,1.7681,1.772,1.7656,1.7694,12115
1775931300000,1.7694,1.7736,1.7688,1.7734,1254
1775932200000,1.7734,1.7858,1.7716,1.7819,22031
1775933100000,1.7819,1.7842,1.7774,1.7787,5585
1775934000000,1.7787,1.7858,1.7787,1.7797,19898
1775934900000,1.7797,1.7839,1.7788,1.7805,3423
1775935800000,1.7805,1.7827,1.7783,1.7793,2882
1775936700000,1.7793,1.7807,1.7793,1.7806,3448
1775937600000,1.7806,1.7806,1.7757,1.779,2033
1775938500000,1.779,1.7805,1.7778,1.7802,879
1775939400000,1.7802,1.7802,1.773,1.7785,8809
1775940300000,1.7785,1.7824,1.7785,1.7797,4842
1775941200000,1.7797,1.7813,1.775,1.7806,4904
1775942100000,1.7806,1.7822,1.7805,1.7805,2134
1775943000000,1.7805,1.7823,1.7791,1.7823,86
1775943900000,1.7823,1.7823,1.7795,1.7823,634
1775944800000,1.7823,1.7829,1.78,1.7829,477
1775945700000,1.7829,1.785,1.7816,1.7846,9726
1775946600000,1.7846,1.7846,1.775,1.7793,4043
1775947500000,1.7793,1.7813,1.7753,1.7775,6351
1775948400000,1.7775,1.7775,1.7698,1.7761,7762
1775949300000,1.7761,1.779,1.7746,1.7778,13671
1775950200000,1.7778,1.7778,1.7734,1.7737,2646
1775951100000,1.7737,1.7755,1.7726,1.7746,791
1775952000000,1.7746,1.7758,1.769,1.772,20542
1775952900000,1.772,1.7783,1.7708,1.7758,5563
1775953800000,1.7758,1.78,1.7758,1.7774,11236
1775954700000,1.7774,1.7802,1.7774,1.7787,856
1775955600000,1.7787,1.784,1.7787,1.7805,2145
1775956500000,1.7805,1.7827,1.7783,1.7789,13279
1775957400000,1.7789,1.779,1.751,1.7573,33724
1775958300000,1.7573,1.7615,1.7525,1.7584,7694
1775959200000,1.7584,1.7606,1.7492,1.7574,12717
1775960100000,1.7574,1.7574,1.7499,1.75,2180
1775961000000,1.75,1.7512,1.746,1.7497,20953
1775961900000,1.7497,1.7499,1.7466,1.7487,7009
1775962800000,1.7487,1.7499,1.7463,1.7481,5064
1775963700000,1.7481,1.7481,1.7441,1.7455,2100
1775964600000,1.7455,1.7468,1.7424,1.7455,969
1775965500000,1.7455,1.7466,1.7415,1.7415,838
1775966400000,1.7415,1.7436,1.7404,1.7426,1093
1775967300000,1.7426,1.7426,1.7372,1.7401,14868
1775968200000,1.7401,1.7438,1.7375,1.743,8155
1775969100000,1.743,1.7434,1.7398,1.74,2932
1775970000000,1.74,1.7416,1.7385,1.7385,1013
1775970900000,1.7385,1.7423,1.7327,1.7413,17374
1775971800000,1.7413,1.7458,1.7413,1.7444,5027
1775972700000,1.7444,1.7478,1.7444,1.7468,244
1775973600000,1.7468,1.7471,1.7446,1.7471,1383
1775974500000,1.7471,1.7471,1.7441,1.7441,345
1775975400000,1.7441,1.7465,1.7438,1.7459,1170
1775976300000,1.7459,1.7472,1.7456,1.746,4519
1775977200000,1.746,1.746,1.742,1.742,288
1775978100000,1.742,1.7443,1.7388,1.7443,356
1775979000000,1.7443,1.7443,1.742,1.7439,256
1775979900000,1.7439,1.7453,1.7426,1.7426,4526
1775980800000,1.7426,1.7427,1.7399,1.7416,4462
1775981700000,1.7416,1.7429,1.7406,1.7429,77
1775982600000,1.7429,1.7435,1.7427,1.7434,2681
1775983500000,1.7434,1.7434,1.7393,1.741,1860
1775984400000,1.741,1.7419,1.7398,1.7398,969
1775985300000,1.7398,1.7398,1.7369,1.7381,1379
1775986200000,1.7381,1.7381,1.7372,1.738,601
1775987100000,1.738,1.738,1.7331,1.735,2367
1775988000000,1.735,1.7358,1.721,1.7328,41560
1775988900000,1.7328,1.7339,1.7315,1.7329,1237
1775989800000,1.7329,1.733,1.7298,1.7314,2919
1775990700000,1.7314,1.7314,1.7241,1.7255,8167
1775991600000,1.7255,1.7277,1.7192,1.7277,6693
1775992500000,1.7277,1.728,1.7258,1.7263,4882
1775993400000,1.7263,1.728,1.7263,1.728,1431
1775994300000,1.728,1.729,1.728,1.729,1725
1775995200000,1.729,1.7301,1.726,1.7301,7920
1775996100000,1.7301,1.7307,1.7292,1.7298,1949
1775997000000,1.7298,1.7399,1.729,1.7384,8009
1775997900000,1.7384,1.7402,1.7316,1.7328,10035
1775998800000,1.7328,1.7349,1.7306,1.7311,4064
1775999700000,1.7311,1.7363,1.7306,1.7318,2187
1776000600000,1.7318,1.7318,1.7293,1.7301,511
1776001500000,1.7301,1.7301,1.7253,1.7253,1422
1776002400000,1.7253,1.7255,1.7242,1.725,4759
1776003300000,1.725,1.7279,1.7238,1.7278,10288
1776004200000,1.7278,1.7291,1.7216,1.7232,6639
1776005100000,1.7232,1.7255,1.7229,1.7255,3200
1776006000000,1.7255,1.7255,1.7217,1.7237,1021
1776006900000,1.7237,1.724,1.7166,1.7182,4679
1776007800000,1.7182,1.7253,1.7177,1.7247,2123
1776008700000,1.7247,1.727,1.7238,1.7238,3534
1776009600000,1.7238,1.7238,1.7166,1.7208,6248
1776010500000,1.7208,1.7211,1.7187,1.72,1047
1776011400000,1.72,1.7262,1.7194,1.7261,23897
1776012300000,1.7261,1.7298,1.726,1.7272,2599
1776013200000,1.7272,1.7341,1.7272,1.7341,3253
1776014100000,1.7341,1.735,1.7318,1.735,9685
1776015000000,1.735,1.7404,1.735,1.739,8671
1776015900000,1.739,1.7467,1.7381,1.746,5162
1776016800000,1.746,1.7494,1.7458,1.7476,3821
1776017700000,1.7476,1.7492,1.7432,1.7432,1547
1776018600000,1.7432,1.7459,1.7432,1.7454,2067
1776019500000,1.7454,1.7454,1.7426,1.743,1678
1776020400000,1.743,1.743,1.7412,1.7419,1808
1776021300000,1.7419,1.742,1.7407,1.7416,127
1776022200000,1.7416,1.7416,1.7375,1.7395,2005
1776023100000,1.7395,1.7395,1.736,1.7361,4690
1776024000000,1.7361,1.7386,1.7361,1.737,1569
1776024900000,1.737,1.7378,1.7361,1.7378,693
1776025800000,1.7378,1.7449,1.7377,1.7447,3364
1776026700000,1.7447,1.7447,1.7397,1.7397,1363
1776027600000,1.7397,1.7428,1.7367,1.7379,13042
1776028500000,1.7379,1.7379,1.7362,1.7369,1274
1776029400000,1.7369,1.7405,1.7349,1.7405,8830
1776030300000,1.7405,1.7405,1.7388,1.7394,1610
1776031200000,1.7394,1.7394,1.7282,1.7323,21376
1776032100000,1.7323,1.7329,1.7268,1.7278,13929
1776033000000,1.7278,1.7317,1.7244,1.7286,5048
1776033900000,1.7286,1.7286,1.7248,1.7261,1349
1776034800000,1.7261,1.7264,1.7221,1.7264,1957
1776035700000,1.7264,1.7264,1.7204,1.7222,5761
1776036600000,1.7222,1.7231,1.7205,1.7231,597
1776037500000,1.7231,1.7254,1.7228,1.7228,153
1776038400000,1.7228,1.7277,1.7211,1.7277,4861
1776039300000,1.7277,1.7335,1.7257,1.7335,3971
1776040200000,1.7335,1.7335,1.7261,1.7261,419
1776041100000,1.7261,1.7285,1.7242,1.7281,1993
1776042000000,1.7281,1.7281,1.7267,1.7267,89
1776042900000,1.7267,1.7278,1.7249,1.7249,1477
1776043800000,1.7249,1.7273,1.7228,1.7273,1365
1776044700000,1.7273,1.7337,1.7272,1.7315,2527
1776045600000,1.7315,1.7318,1.7259,1.7271,5301
1776046500000,1.7271,1.7304,1.7262,1.7302,6310
1776047400000,1.7302,1.7302,1.7263,1.7263,525
1776048300000,1.7263,1.7305,1.7263,1.7295,605
1776049200000,1.7295,1.7333,1.7285,1.7316,3115
1776050100000,1.7316,1.7328,1.7291,1.7305,5668
1776051000000,1.7305,1.7305,1.7275,1.7295,1553
1776051900000,1.7295,1.7305,1.7285,1.7305,678
1776052800000,1.7305,1.7355,1.7291,1.7347,5706
1776053700000,1.7347,1.7348,1.7309,1.7315,403
1776054600000,1.7315,1.7315,1.7268,1.7283,8697
1776055500000,1.7283,1.7289,1.7221,1.7251,3304
1776056400000,1.7251,1.7286,1.7225,1.7264,8079
1776057300000,1.7264,1.7275,1.7241,1.7261,1328
1776058200000,1.7261,1.7284,1.7229,1.7284,4117
1776059100000,1.7284,1.7331,1.7277,1.7319,1245
1776060000000,1.7319,1.7372,1.7315,1.7372,891
1776060900000,1.7372,1.7385,1.7329,1.7367,5025
1776061800000,1.7367,1.7367,1.7309,1.7309,735
1776062700000,1.7309,1.7309,1.7293,1.7298,209
1776063600000,1.7298,1.7298,1.725,1.725,4769
1776064500000,1.725,1.725,1.7208,1.7225,1135
1776065400000,1.7225,1.7277,1.7225,1.7243,2284
1776066300000,1.7243,1.7245,1.7213,1.7213,2157
1776067200000,1.7213,1.7213,1.709,1.711,75842
1776068100000,1.711,1.713,1.7097,1.7097,1996
1776069000000,1.7097,1.7121,1.7082,1.7084,2336
1776069900000,1.7084,1.7087,1.7062,1.7084,4769
1776070800000,1.7084,1.7142,1.7081,1.7105,5584
1776071700000,1.7105,1.7127,1.7095,1.711,383
1776072600000,1.711,1.7134,1.7106,1.7133,866
1776073500000,1.7133,1.7203,1.7133,1.7198,10629
1776074400000,1.7198,1.7218,1.7142,1.7148,894
1776075300000,1.7148,1.7237,1.7145,1.7219,6216
1776076200000,1.7219,1.7219,1.7193,1.7218,181
1776077100000,1.7218,1.7263,1.7218,1.7229,2589
1776078000000,1.7229,1.7347,1.7229,1.7298,76783
1776078900000,1.7298,1.734,1.7218,1.7233,21130
1776079800000,1.7233,1.7289,1.7233,1.7275,3213
1776080700000,1.7275,1.7351,1.7239,1.7273,46096
1776081600000,1.7273,1.7273,1.7227,1.7264,5847
1776082500000,1.7264,1.728,1.7215,1.7236,4113
1776083400000,1.7236,1.7339,1.7236,1.7339,1928
1776084300000,1.7339,1.7363,1.7305,1.7362,9529
1776085200000,1.7362,1.7376,1.7336,1.7354,1663
1776086100000,1.7354,1.7399,1.7348,1.7399,6433
1776087000000,1.7399,1.7416,1.7364,1.7405,4173
1776087900000,1.7405,1.7524,1.7396,1.7494,9394
1776088800000,1.7494,1.7531,1.7427,1.7429,6907
1776089700000,1.7429,1.746,1.7387,1.7441,13801
1776090600000,1.7441,1.7503,1.744,1.7503,3833
1776091500000,1.7503,1.7515,1.7389,1.7451,42560
1776092400000,1.7451,1.7477,1.7402,1.7402,9547
1776093300000,1.7402,1.7416,1.7383,1.7383,2372
1776094200000,1.7383,1.7383,1.7272,1.7282,4273
1776095100000,1.7282,1.7294,1.726,1.7281,1801
1776096000000,1.7281,1.7281,1.7188,1.7239,14525
1776096900000,1.7239,1.7244,1.718,1.7191,1872
1776097800000,1.7191,1.7275,1.719,1.7266,10967
1776098700000,1.7266,1.7331,1.7262,1.7315,15311
1776099600000,1.7315,1.7336,1.726,1.7327,3130
1776100500000,1.7327,1.7349,1.7316,1.7325,2919
1776101400000,1.7325,1.7378,1.7325,1.7342,653
1776102300000,1.7342,1.7367,1.7287,1.7307,2906
1776103200000,1.7307,1.7347,1.73,1.73,16865
1776104100000,1.73,1.7335,1.7299,1.7313,1332
1776105000000,1.7313,1.7345,1.7307,1.7314,1198
1776105900000,1.7314,1.7325,1.7262,1.7295,4933
1776106800000,1.7295,1.7315,1.7279,1.7279,460
1776107700000,1.7279,1.7318,1.7279,1.729,2861
1776108600000,1.729,1.7301,1.7231,1.7295,7422
1776109500000,1.7295,1.7375,1.7284,1.7346,26141
1776110400000,1.7346,1.7367,1.7288,1.7307,2275
1776111300000,1.7307,1.7314,1.729,1.729,745
1776112200000,1.729,1.7351,1.7272,1.7348,6623
1776113100000,1.7348,1.7361,1.7323,1.735,10720
1776114000000,1.735,1.7396,1.7309,1.7378,4084
1776114900000,1.7378,1.7439,1.7378,1.7411,8149
1776115800000,1.7411,1.7436,1.7411,1.7436,1078
1776116700000,1.7436,1.7465,1.7434,1.7465,648
1776117600000,1.7465,1.7592,1.7442,1.7556,24127
1776118500000,1.7556,1.7746,1.7554,1.7676,17810
1776119400000,1.7676,1.7764,1.7676,1.7707,7405
1776120300000,1.7707,1.7758,1.7694,1.775,4022
1776121200000,1.775,1.775,1.7693,1.7717,2811
1776122100000,1.7717,1.7879,1.7717,1.7879,8656
1776123000000,1.7879,1.7879,1.7778,1.7794,2546
1776123900000,1.7794,1.7794,1.7772,1.7774,1140
1776124800000,1.7774,1.7827,1.7679,1.7687,12698
1776125700000,1.7687,1.7708,1.759,1.7602,31103
1776126600000,1.7602,1.7626,1.7586,1.7618,770
1776127500000,1.7618,1.7618,1.7589,1.7598,250
1776128400000,1.7598,1.7598,1.7542,1.7548,1109
1776129300000,1.7548,1.7564,1.7541,1.7543,1541
1776130200000,1.7543,1.7633,1.7509,1.7632,3586
1776131100000,1.7632,1.7674,1.756,1.756,6319
1776132000000,1.756,1.757,1.7539,1.7539,7733
1776132900000,1.7539,1.7546,1.7532,1.7546,267
1776133800000,1.7546,1.7546,1.7498,1.7544,555
1776134700000,1.7544,1.7544,1.7521,1.7524,215
1776135600000,1.7524,1.7524,1.7486,1.7486,290
1776136500000,1.7486,1.7516,1.7486,1.7516,60
1776137400000,1.7516,1.7538,1.7516,1.7537,176
1776138300000,1.7537,1.7573,1.7537,1.7567,2991
1776139200000,1.7567,1.7613,1.7553,1.7613,2973
1776140100000,1.7613,1.7613,1.757,1.7586,2878
1776141000000,1.7586,1.7619,1.7572,1.7616,507
1776141900000,1.7616,1.7616,1.7578,1.7581,1333
1776142800000,1.7581,1.7626,1.7578,1.7615,1299
1776143700000,1.7615,1.7615,1.7574,1.758,582
1776144600000,1.758,1.7602,1.757,1.757,7646
1776145500000,1.757,1.7589,1.7521,1.7574,4824
1776146400000,1.7574,1.7604,1.7553,1.7592,5674
1776147300000,1.7592,1.7637,1.7587,1.7637,1731
1776148200000,1.7637,1.7642,1.7605,1.7614,3060
1776149100000,1.7614,1.7627,1.7605,1.7627,1078
1776150000000,1.7627,1.7692,1.7618,1.7659,2343
1776150900000,1.7659,1.7684,1.7616,1.7651,3948
1776151800000,1.7651,1.766,1.7604,1.7637,6408
1776152700000,1.7637,1.7655,1.7616,1.7655,1738
1776153600000,1.7655,1.7664,1.7638,1.7649,1630
1776154500000,1.7649,1.7682,1.7649,1.7676,609
1776155400000,1.7676,1.7717,1.7667,1.77,3375
1776156300000,1.77,1.7734,1.77,1.7703,1129
1776157200000,1.7703,1.7709,1.7646,1.7709,14077
1776158100000,1.7709,1.7709,1.7648,1.7649,3731
1776159000000,1.7649,1.7663,1.7628,1.7646,7838
1776159900000,1.7646,1.7646,1.762,1.7623,7853
1776160800000,1.7623,1.7623,1.7528,1.7552,3387
1776161700000,1.7552,1.7574,1.7515,1.7574,3641
1776162600000,1.7574,1.7603,1.7553,1.7581,7777
1776163500000,1.7581,1.7581,1.7543,1.7557,1338
1776164400000,1.7557,1.7609,1.7545,1.7581,2334
1776165300000,1.7581,1.7581,1.7545,1.755,1326
1776166200000,1.755,1.761,1.7538,1.761,1027
1776167100000,1.761,1.7659,1.761,1.7649,828
1776168000000,1.7649,1.7662,1.7624,1.7655,4750
1776168900000,1.7655,1.7685,1.7646,1.7662,2699
1776169800000,1.7662,1.7662,1.7621,1.7642,1710
1776170700000,1.7642,1.7673,1.7631,1.7659,1006
1776171600000,1.7659,1.7739,1.7659,1.7739,301
1776172500000,1.7739,1.7745,1.7691,1.7716,3777
1776173400000,1.7716,1.7812,1.7716,1.7779,6439
1776174300000,1.7779,1.779,1.7747,1.7768,4752
1776175200000,1.7768,1.781,1.7707,1.778,12665
1776176100000,1.778,1.7783,1.7713,1.7778,5186
1776177000000,1.7778,1.781,1.769,1.7755,21537
1776177900000,1.7755,1.7755,1.767,1.7673,15501
1776178800000,1.7673,1.7705,1.7587,1.7616,11748
1776179700000,1.7616,1.7616,1.7551,1.756,10675
1776180600000,1.756,1.7593,1.7538,1.7538,5239
1776181500000,1.7538,1.7558,1.747,1.7481,36417
1776182400000,1.7481,1.7618,1.7469,1.7583,22555
1776183300000,1.7583,1.7585,1.7525,1.7548,1984
1776184200000,1.7548,1.7603,1.754,1.7584,3487
1776185100000,1.7584,1.7592,1.7539,1.7539,12805
1776186000000,1.7539,1.7588,1.7539,1.7584,2176
1776186900000,1.7584,1.7588,1.7529,1.7529,4186
1776187800000,1.7529,1.7551,1.7492,1.7516,18980
1776188700000,1.7516,1.7532,1.751,1.7517,5694
1776189600000,1.7517,1.7582,1.7517,1.7541,15021
1776190500000,1.7541,1.7541,1.7467,1.7476,1934
1776191400000,1.7476,1.7496,1.7427,1.7459,8678
1776192300000,1.7459,1.7459,1.7339,1.7394,14954
1776193200000,1.7394,1.7447,1.7383,1.7429,648
1776194100000,1.7429,1.7448,1.7387,1.7429,756
1776195000000,1.7429,1.7459,1.7418,1.7427,1125
1776195900000,1.7427,1.7448,1.7427,1.7448,103
1776196800000,1.7448,1.7466,1.7405,1.7413,2897
1776197700000,1.7413,1.7436,1.7406,1.741,398
1776198600000,1.741,1.741,1.7378,1.7396,206
1776199500000,1.7396,1.7414,1.7391,1.7397,1110
1776200400000,1.7397,1.744,1.7397,1.7423,531
1776201300000,1.7423,1.7441,1.7418,1.7429,741
1776202200000,1.7429,1.7469,1.7418,1.7426,12549
1776203100000,1.7426,1.7462,1.7423,1.7452,660
1776204000000,1.7452,1.7488,1.7445,1.7487,1473
1776204900000,1.7487,1.7506,1.7434,1.7434,8240
1776205800000,1.7434,1.7461,1.7421,1.7421,96
1776206700000,1.7421,1.744,1.7402,1.744,1129
1776207600000,1.744,1.744,1.7379,1.7386,2812
1776208500000,1.7386,1.7393,1.7386,1.7393,125
1776209400000,1.7393,1.7439,1.739,1.7439,306
1776210300000,1.7439,1.7461,1.7421,1.7428,2558
1776211200000,1.7428,1.7466,1.7425,1.7431,12736
1776212100000,1.7431,1.7505,1.7423,1.7451,8451
1776213000000,1.7451,1.7469,1.7424,1.7425,822
1776213900000,1.7425,1.7433,1.7405,1.7408,1142
1776214800000,1.7408,1.7429,1.7399,1.7427,209
1776215700000,1.7427,1.7448,1.7427,1.7438,1630
1776216600000,1.7438,1.7475,1.7438,1.7475,802
1776217500000,1.7475,1.7475,1.7438,1.7438,255
1776218400000,1.7438,1.7492,1.7438,1.7492,3632
1776219300000,1.7492,1.7515,1.7473,1.7478,1521
1776220200000,1.7478,1.7478,1.7446,1.7465,1251
1776221100000,1.7465,1.7473,1.7452,1.7467,1164
1776222000000,1.7467,1.7476,1.7413,1.7415,1363
1776222900000,1.7415,1.7473,1.7415,1.7473,490
1776223800000,1.7473,1.7487,1.747,1.7473,1815
1776224700000,1.7473,1.7494,1.7466,1.7474,428
1776225600000,1.7474,1.7534,1.7474,1.7534,3150
1776226500000,1.7534,1.7546,1.7512,1.7542,447
1776227400000,1.7542,1.755,1.7525,1.7542,1506
1776228300000,1.7542,1.7558,1.7528,1.7533,5883
1776229200000,1.7533,1.7569,1.7517,1.7536,3942
1776230100000,1.7536,1.7538,1.7487,1.7487,83
1776231000000,1.7487,1.7487,1.7447,1.7453,1430
1776231900000,1.7453,1.7454,1.7426,1.7447,1294
1776232800000,1.7447,1.7447,1.738,1.7396,6001
1776233700000,1.7396,1.7419,1.7378,1.7407,2538
1776234600000,1.7407,1.7457,1.7407,1.7449,2083
1776235500000,1.7449,1.746,1.7377,1.7383,4716
1776236400000,1.7383,1.7393,1.7371,1.7393,718
1776237300000,1.7393,1.7396,1.7329,1.7358,5574
1776238200000,1.7358,1.7364,1.7325,1.7331,2652
1776239100000,1.7331,1.7331,1.7281,1.7311,18380
1776240000000,1.7311,1.7392,1.7311,1.7392,7534
1776240900000,1.7392,1.7417,1.737,1.7408,3123
1776241800000,1.7408,1.7408,1.7374,1.739,3259
1776242700000,1.739,1.7414,1.7371,1.7378,9231
1776243600000,1.7378,1.7378,1.734,1.7374,4632
1776244500000,1.7374,1.7416,1.7368,1.7416,10696
1776245400000,1.7416,1.7417,1.7388,1.74,5561
1776246300000,1.74,1.7421,1.7395,1.7412,2933
1776247200000,1.7412,1.7479,1.7409,1.7475,3232
1776248100000,1.7475,1.7476,1.7427,1.7434,4024
1776249000000,1.7434,1.7458,1.7414,1.7443,6512
1776249900000,1.7443,1.7485,1.7365,1.7365,14791
1776250800000,1.7365,1.7436,1.7363,1.7432,8452
1776251700000,1.7432,1.7463,1.7406,1.7458,4831
1776252600000,1.7458,1.7479,1.7445,1.7471,5926
1776253500000,1.7471,1.755,1.7471,1.7477,18623
1776254400000,1.7477,1.7503,1.7471,1.7472,7485
1776255300000,1.7472,1.7498,1.7445,1.7498,5115
1776256200000,1.7498,1.7515,1.7476,1.7515,4957
1776257100000,1.7515,1.7523,1.7509,1.7515,814
1776258000000,1.7515,1.7564,1.7515,1.755,7563
1776258900000,1.755,1.7644,1.7532,1.7625,26864
1776259800000,1.7625,1.7633,1.7566,1.7582,7748
1776260700000,1.7582,1.7582,1.7516,1.7551,12182
1776261600000,1.7551,1.7579,1.753,1.7565,4823
1776262500000,1.7565,1.7613,1.7559,1.7579,22722
1776263400000,1.7579,1.7582,1.7539,1.7539,10279
1776264300000,1.7539,1.7615,1.7539,1.76,2704
1776265200000,1.76,1.7634,1.755,1.757,7016
1776266100000,1.757,1.7572,1.7457,1.7457,3404
1776267000000,1.7457,1.7457,1.7344,1.7344,15585
1776267900000,1.7344,1.7366,1.7242,1.7282,21124
1776268800000,1.7282,1.7472,1.7269,1.7448,32460
1776269700000,1.7448,1.7459,1.7388,1.7437,5381
1776270600000,1.7437,1.7533,1.7416,1.7533,13039
1776271500000,1.7533,1.754,1.7477,1.7499,8867
1776272400000,1.7499,1.755,1.7496,1.752,9723
1776273300000,1.752,1.7579,1.7509,1.7579,3077
1776274200000,1.7579,1.7579,1.7486,1.7499,7018
1776275100000,1.7499,1.7529,1.7481,1.7516,16792
1776276000000,1.7516,1.7547,1.7487,1.7524,3661
1776276900000,1.7524,1.7543,1.7504,1.7504,2144
1776277800000,1.7504,1.7519,1.7496,1.7514,1571
1776278700000,1.7514,1.7542,1.7514,1.7538,582
1776279600000,1.7538,1.7554,1.7525,1.7532,3025
1776280500000,1.7532,1.7575,1.7525,1.7575,2820
1776281400000,1.7575,1.7667,1.7563,1.7624,5875
1776282300000,1.7624,1.7645,1.7601,1.7638,1811
1776283200000,1.7638,1.768,1.7622,1.7675,8313
1776284100000,1.7675,1.7702,1.7666,1.7702,5858
1776285000000,1.7702,1.7748,1.765,1.765,4842
1776285900000,1.765,1.7684,1.764,1.7674,3693
1776286800000,1.7674,1.7685,1.7627,1.7627,4399
1776287700000,1.7627,1.7656,1.7584,1.7656,1883
1776288600000,1.7656,1.7685,1.7631,1.7685,40
1776289500000,1.7685,1.7735,1.7685,1.7706,625
1776290400000,1.7706,1.7741,1.7706,1.7721,459
1776291300000,1.7721,1.7722,1.7684,1.7697,958
1776292200000,1.7697,1.771,1.7663,1.7684,2111
1776293100000,1.7684,1.7684,1.7636,1.7636,552
1776294000000,1.7636,1.7652,1.763,1.7632,474
1776294900000,1.7632,1.7632,1.7599,1.7624,1305
1776295800000,1.7624,1.7654,1.7599,1.7599,1736
1776296700000,1.7599,1.7641,1.7599,1.7641,2555
1776297600000,1.7641,1.7653,1.7561,1.7561,4572
1776298500000,1.7561,1.7614,1.7516,1.7555,6863
1776299400000,1.7555,1.7609,1.7548,1.7609,769
1776300300000,1.7609,1.7628,1.7584,1.7628,681
1776301200000,1.7628,1.7638,1.7573,1.7591,1157
1776302100000,1.7591,1.7595,1.7558,1.7565,1612
1776303000000,1.7565,1.762,1.7565,1.7609,932
1776303900000,1.7609,1.7646,1.7609,1.7631,4701
1776304800000,1.7631,1.7731,1.7631,1.7722,1631
1776305700000,1.7722,1.7752,1.7683,1.7727,3710
1776306600000,1.7727,1.7776,1.7711,1.7762,3677
1776307500000,1.7762,1.7782,1.7681,1.7709,7163
1776308400000,1.7709,1.7783,1.7704,1.7756,4462
1776309300000,1.7756,1.7792,1.7751,1.7788,3953
1776310200000,1.7788,1.7823,1.7721,1.7813,5749
1776311100000,1.7813,1.7875,1.7813,1.7875,11798
1776312000000,1.7875,1.7904,1.7856,1.79,6615
1776312900000,1.79,1.7951,1.7891,1.7924,10840
1776313800000,1.7924,1.7985,1.7887,1.7978,2669
1776314700000,1.7978,1.7979,1.7909,1.795,2926
1776315600000,1.795,1.795,1.7862,1.7893,11405
1776316500000,1.7893,1.7963,1.7875,1.7936,2364
1776317400000,1.7936,1.798,1.79,1.7926,5648
1776318300000,1.7926,1.7999,1.7926,1.7929,6490
1776319200000,1.7929,1.7981,1.7929,1.7959,1844
1776320100000,1.7959,1.7974,1.7927,1.7949,2338
1776321000000,1.7949,1.798,1.7898,1.792,1909
1776321900000,1.792,1.7981,1.792,1.798,723
1776322800000,1.798,1.798,1.7931,1.7973,7504
1776323700000,1.7973,1.8037,1.7973,1.8037,4678
1776324600000,1.8037,1.8048,1.7994,1.8015,4564
1776325500000,1.8015,1.8035,1.794,1.7966,6151
1776326400000,1.7966,1.7978,1.7927,1.7938,4161
1776327300000,1.7938,1.7944,1.7913,1.7938,2192
1776328200000,1.7938,1.7938,1.7908,1.7931,1745
1776329100000,1.7931,1.7968,1.7926,1.7941,2414
1776330000000,1.7941,1.7979,1.7922,1.7979,549
1776330900000,1.7979,1.8012,1.7961,1.7962,5753
1776331800000,1.7962,1.7971,1.7915,1.7915,109
1776332700000,1.7915,1.7933,1.7907,1.7907,3227
1776333600000,1.7907,1.7921,1.787,1.7877,3846
1776334500000,1.7877,1.7912,1.7829,1.7912,8535
1776335400000,1.7912,1.7977,1.7891,1.7895,6755
1776336300000,1.7895,1.7895,1.7834,1.7834,702
1776337200000,1.7834,1.7856,1.7807,1.7825,7590
1776338100000,1.7825,1.7855,1.7825,1.7845,226
1776339000000,1.7845,1.7882,1.783,1.7844,3464
1776339900000,1.7844,1.7863,1.7844,1.7855,559
1776340800000,1.7855,1.7987,1.7854,1.7987,3335
1776341700000,1.7987,1.7987,1.7934,1.7946,1677
1776342600000,1.7946,1.795,1.7897,1.7948,5102
1776343500000,1.7948,1.7948,1.7923,1.7939,1462
1776344400000,1.7939,1.8131,1.7939,1.8131,6756
1776345300000,1.8131,1.8179,1.8105,1.8143,10071
1776346200000,1.8143,1.8205,1.8119,1.82,8570
1776347100000,1.82,1.8208,1.7888,1.8013,41545
1776348000000,1.8013,1.8013,1.7913,1.7957,14243
1776348900000,1.7957,1.7957,1.777,1.786,26625
1776349800000,1.786,1.7897,1.7814,1.7831,4285
1776350700000,1.7831,1.7873,1.7819,1.7822,1460
1776351600000,1.7822,1.7987,1.7812,1.7928,12878
1776352500000,1.7928,1.7946,1.7766,1.7782,18621
1776353400000,1.7782,1.7872,1.7709,1.7729,9513
1776354300000,1.7729,1.7792,1.764,1.7668,13412
1776355200000,1.7668,1.7844,1.7668,1.7785,27173
1776356100000,1.7785,1.7877,1.7756,1.7756,5082
1776357000000,1.7756,1.786,1.7721,1.7806,18204
1776357900000,1.7806,1.7816,1.7672,1.7693,3876
1776358800000,1.7693,1.7744,1.7635,1.7656,14985
1776359700000,1.7656,1.7836,1.7656,1.7836,3287
1776360600000,1.7836,1.7844,1.7766,1.7833,7371
1776361500000,1.7833,1.7857,1.7813,1.7823,3160
1776362400000,1.7823,1.7895,1.7823,1.7863,6279
1776363300000,1.7863,1.7902,1.7836,1.7895,2565
1776364200000,1.7895,1.7976,1.7893,1.7952,12515
1776365100000,1.7952,1.8125,1.7952,1.807,7931
1776366000000,1.807,1.8118,1.807,1.8084,5828
1776366900000,1.8084,1.8138,1.8084,1.8128,2892
1776367800000,1.8128,1.8179,1.8094,1.8175,5541
1776368700000,1.8175,1.8194,1.8146,1.8186,2209
1776369600000,1.8186,1.8203,1.8114,1.8124,4918
1776370500000,1.8124,1.8128,1.8062,1.8063,12536
1776371400000,1.8063,1.8089,1.8057,1.808,7199
1776372300000,1.808,1.8084,1.802,1.8038,2309
1776373200000,1.8038,1.807,1.8017,1.8017,936
1776374100000,1.8017,1.8017,1.7881,1.7951,9329
1776375000000,1.7951,1.8044,1.7932,1.7997,2485
1776375900000,1.7997,1.8066,1.7958,1.8059,29960
1776376800000,1.8059,1.8114,1.8039,1.8066,5099
1776377700000,1.8066,1.809,1.8041,1.8046,6437
1776378600000,1.8046,1.806,1.8026,1.8045,1165
1776379500000,1.8045,1.8092,1.804,1.804,710
1776380400000,1.804,1.8079,1.804,1.8057,1855
1776381300000,1.8057,1.8158,1.8043,1.8158,12446
1776382200000,1.8158,1.8158,1.8014,1.8014,2456
1776383100000,1.8014,1.8058,1.7991,1.8058,1031
1776384000000,1.8058,1.8089,1.7994,1.8017,5630
1776384900000,1.8017,1.8098,1.8011,1.8098,8159
1776385800000,1.8098,1.8147,1.8077,1.8121,970
1776386700000,1.8121,1.8152,1.8121,1.8142,1359
1776387600000,1.8142,1.8178,1.8124,1.817,2394
1776388500000,1.817,1.8187,1.8102,1.8112,1260
1776389400000,1.8112,1.8189,1.8041,1.8088,7802
1776390300000,1.8088,1.8088,1.7972,1.8047,4188
1776391200000,1.8047,1.8059,1.8003,1.8011,492
1776392100000,1.8011,1.8026,1.7964,1.7964,1148
1776393000000,1.7964,1.8072,1.7964,1.8053,339
1776393900000,1.8053,1.8108,1.8053,1.8101,3205
1776394800000,1.8101,1.8118,1.8038,1.8038,604
1776395700000,1.8038,1.8089,1.8038,1.8058,4676
1776396600000,1.8058,1.8086,1.8038,1.8045,129
1776397500000,1.8045,1.8063,1.8038,1.8046,489
1776398400000,1.8046,1.806,1.8021,1.8054,5121
1776399300000,1.8054,1.8059,1.8013,1.8013,1969
1776400200000,1.8013,1.8025,1.7959,1.7985,1022
1776401100000,1.7985,1.7985,1.7958,1.7985,849
1776402000000,1.7985,1.7985,1.782,1.7825,2410
1776402900000,1.7825,1.7885,1.7825,1.7828,628
1776403800000,1.7828,1.7858,1.7828,1.7841,1633
1776404700000,1.7841,1.7848,1.7824,1.7826,329
1776405600000,1.7826,1.7893,1.7826,1.7849,10606
1776406500000,1.7849,1.7896,1.7839,1.7896,2012
1776407400000,1.7896,1.7941,1.7879,1.7911,10766
1776408300000,1.7911,1.7959,1.7905,1.7929,6165
1776409200000,1.7929,1.7949,1.7914,1.7914,5999
1776410100000,1.7914,1.7967,1.7879,1.7949,2782
1776411000000,1.7949,1.8001,1.7947,1.7988,494
1776411900000,1.7988,1.8049,1.7982,1.8049,1247
1776412800000,1.8049,1.8064,1.8028,1.8036,3615
1776413700000,1.8036,1.8044,1.7989,1.7997,2094
1776414600000,1.7997,1.8055,1.7997,1.8036,4143
1776415500000,1.8036,1.8076,1.8028,1.8063,4560
1776416400000,1.8063,1.8063,1.7973,1.8016,5256
1776417300000,1.8016,1.815,1.7993,1.8123,7037
1776418200000,1.8123,1.8128,1.8039,1.811,8146
1776419100000,1.811,1.8137,1.8055,1.8119,1195
1776420000000,1.8119,1.8126,1.8063,1.8083,2378
1776420900000,1.8083,1.8096,1.8003,1.8028,4596
1776421800000,1.8028,1.804,1.7989,1.8005,1190
1776422700000,1.8005,1.8062,1.7976,1.8059,8171
1776423600000,1.8059,1.8059,1.8015,1.804,2275
1776424500000,1.804,1.8162,1.804,1.8153,6114
1776425400000,1.8153,1.824,1.8144,1.8144,26957
1776426300000,1.8144,1.8152,1.8102,1.8102,2814
1776427200000,1.8102,1.82,1.8045,1.8194,6420
1776428100000,1.8194,1.8236,1.8165,1.8211,3129
1776429000000,1.8211,1.8231,1.8193,1.8226,1100
1776429900000,1.8226,1.8334,1.8223,1.8307,9843
1776430800000,1.8307,1.8392,1.8281,1.8387,8237
1776431700000,1.8387,1.85,1.8372,1.846,32178
1776432600000,1.846,1.8518,1.8351,1.8518,29316
1776433500000,1.8518,1.8638,1.847,1.8618,11338
1776434400000,1.8618,1.862,1.8472,1.8472,13703
1776435300000,1.8472,1.8495,1.8457,1.8467,4467
1776436200000,1.8467,1.8592,1.8467,1.856,21443
1776437100000,1.856,1.856,1.8443,1.8524,13038
1776438000000,1.8524,1.8524,1.8383,1.8415,20669
1776438900000,1.8415,1.8443,1.8344,1.8344,21059
1776439800000,1.8344,1.8344,1.8194,1.8209,37198
1776440700000,1.8209,1.8246,1.8179,1.8242,5638
1776441600000,1.8242,1.8348,1.8226,1.826,14463
1776442500000,1.826,1.8389,1.8257,1.8341,21456
1776443400000,1.8341,1.847,1.8341,1.8462,2701
1776444300000,1.8462,1.8489,1.8426,1.8439,6622
1776445200000,1.8439,1.8439,1.8377,1.8403,3843
1776446100000,1.8403,1.8451,1.8319,1.8338,8917
1776447000000,1.8338,1.8433,1.8338,1.8415,1636
1776447900000,1.8415,1.8434,1.8327,1.8348,6423
1776448800000,1.8348,1.8348,1.8268,1.8268,2289
1776449700000,1.8268,1.8345,1.8268,1.833,31443
1776450600000,1.833,1.845,1.8326,1.8387,29450
1776451500000,1.8387,1.8411,1.838,1.8411,639
1776452400000,1.8411,1.8419,1.8385,1.8409,2607
1776453300000,1.8409,1.848,1.8408,1.8408,4342
1776454200000,1.8408,1.8423,1.8399,1.8405,845
1776455100000,1.8405,1.8412,1.8392,1.8395,749
1776456000000,1.8395,1.8498,1.8395,1.8498,1793
1776456900000,1.8498,1.8498,1.8443,1.8459,2054
1776457800000,1.8459,1.8478,1.8386,1.8448,8501
1776458700000,1.8448,1.8448,1.8407,1.8408,3080
1776459600000,1.8408,1.8463,1.8408,1.845,998
1776460500000,1.845,1.8506,1.8432,1.8432,1203
1776461400000,1.8432,1.8436,1.8365,1.8424,1836
1776462300000,1.8424,1.8444,1.8401,1.8421,4708
1776463200000,1.8421,1.8447,1.8396,1.8411,2021
1776464100000,1.8411,1.8435,1.84,1.8435,1308
1776465000000,1.8435,1.8471,1.8416,1.8434,2175
1776465900000,1.8434,1.845,1.8431,1.8449,296
1776466800000,1.8449,1.8449,1.8378,1.8378,1479
1776467700000,1.8378,1.8378,1.8289,1.8316,6179
1776468600000,1.8316,1.8337,1.8292,1.8296,9323
1776469500000,1.8296,1.8328,1.8293,1.8297,3351
1776470400000,1.8297,1.8345,1.825,1.8267,5197
1776471300000,1.8267,1.8377,1.8267,1.8377,7748
1776472200000,1.8377,1.8389,1.8317,1.8337,3493
1776473100000,1.8337,1.8355,1.8329,1.8335,518
1776474000000,1.8335,1.8444,1.8335,1.8439,1843
1776474900000,1.8439,1.8451,1.8356,1.8356,1531
1776475800000,1.8356,1.8356,1.8307,1.8323,2176
1776476700000,1.8323,1.8352,1.8299,1.8318,1873
1776477600000,1.8318,1.8318,1.8263,1.8288,661
1776478500000,1.8288,1.8347,1.8288,1.8338,269
1776479400000,1.8338,1.8415,1.8315,1.8383,5865
1776480300000,1.8383,1.8383,1.8343,1.8369,1860
1776481200000,1.8369,1.838,1.8327,1.8371,2350
1776482100000,1.8371,1.8371,1.8324,1.8338,4099
1776483000000,1.8338,1.8364,1.8327,1.8363,1308
1776483900000,1.8363,1.8404,1.8301,1.8317,7416
1776484800000,1.8317,1.8329,1.8283,1.8311,3342
1776485700000,1.8311,1.8311,1.8273,1.8273,1682
1776486600000,1.8273,1.8308,1.8249,1.8256,1951
1776487500000,1.8256,1.8307,1.8245,1.8291,2047
1776488400000,1.8291,1.8352,1.828,1.8352,7723
1776489300000,1.8352,1.8358,1.8317,1.8357,615
1776490200000,1.8357,1.8365,1.8296,1.8316,1048
1776491100000,1.8316,1.8388,1.8303,1.8388,1655
1776492000000,1.8388,1.8407,1.8376,1.8387,1843
1776492900000,1.8387,1.8393,1.835,1.8381,2935
1776493800000,1.8381,1.8499,1.8378,1.8487,6325
1776494700000,1.8487,1.8487,1.8453,1.8455,2096
1776495600000,1.8455,1.8455,1.8425,1.8452,342
1776496500000,1.8452,1.8463,1.843,1.843,1507
1776497400000,1.843,1.8475,1.8421,1.8463,6263
1776498300000,1.8463,1.8464,1.8424,1.8438,1658
1776499200000,1.8438,1.845,1.8402,1.8417,3590
1776500100000,1.8417,1.8451,1.8331,1.8351,14274
1776501000000,1.8351,1.8357,1.8237,1.8264,9898
1776501900000,1.8264,1.828,1.8237,1.828,6591
1776502800000,1.828,1.828,1.8103,1.8187,23270
1776503700000,1.8187,1.8187,1.8103,1.8176,3805
1776504600000,1.8176,1.823,1.8165,1.818,1082
1776505500000,1.818,1.8186,1.8138,1.8138,284
1776506400000,1.8138,1.8138,1.7979,1.804,15855
1776507300000,1.804,1.8092,1.8027,1.8067,15800
1776508200000,1.8067,1.8097,1.8029,1.807,3795
1776509100000,1.807,1.8088,1.8016,1.8027,2934
1776510000000,1.8027,1.8028,1.7931,1.7946,6547
1776510900000,1.7946,1.8005,1.7946,1.8005,3345
1776511800000,1.8005,1.8009,1.7877,1.7907,17051
1776512700000,1.7907,1.7975,1.7891,1.7973,3014
1776513600000,1.7973,1.7988,1.7946,1.7979,8185
1776514500000,1.7979,1.7989,1.796,1.7974,2351
1776515400000,1.7974,1.7974,1.7907,1.794,4977
1776516300000,1.794,1.7985,1.7921,1.7985,1802
1776517200000,1.7985,1.7998,1.7951,1.7951,2834
1776518100000,1.7951,1.7951,1.788,1.7901,5478
1776519000000,1.7901,1.7917,1.7839,1.7917,22368
1776519900000,1.7917,1.7961,1.789,1.7933,2674
1776520800000,1.7933,1.7948,1.7913,1.7926,1100
1776521700000,1.7926,1.7951,1.7888,1.7942,1432
1776522600000,1.7942,1.7967,1.7937,1.7956,1176
1776523500000,1.7956,1.7959,1.7927,1.7927,2552
1776524400000,1.7927,1.7979,1.7927,1.795,8727
1776525300000,1.795,1.7968,1.795,1.7968,259
1776526200000,1.7968,1.7968,1.7932,1.7946,344
1776527100000,1.7946,1.7946,1.7909,1.7918,469
1776528000000,1.7918,1.7937,1.7864,1.7937,2137
1776528900000,1.7937,1.7981,1.7842,1.7919,10363
1776529800000,1.7919,1.7919,1.7894,1.7895,1291
1776530700000,1.7895,1.7907,1.7837,1.7867,3795
1776531600000,1.7867,1.7882,1.783,1.7865,1868
1776532500000,1.7865,1.7907,1.7865,1.7907,975
1776533400000,1.7907,1.7926,1.7897,1.792,520
1776534300000,1.792,1.7959,1.792,1.794,2841
1776535200000,1.794,1.794,1.7888,1.7898,1527
1776536100000,1.7898,1.7913,1.7862,1.7882,863
1776537000000,1.7882,1.7882,1.775,1.7796,21366
1776537900000,1.7796,1.7862,1.775,1.776,2797
1776538800000,1.776,1.7838,1.7756,1.7817,2288
1776539700000,1.7817,1.7836,1.7764,1.7784,1273
1776540600000,1.7784,1.7784,1.7733,1.7764,2567
1776541500000,1.7764,1.7813,1.7752,1.7805,4567
1776542400000,1.7805,1.7812,1.7726,1.7768,4283
1776543300000,1.7768,1.7798,1.7763,1.7794,4103
1776544200000,1.7794,1.7829,1.779,1.7802,12094
1776545100000,1.7802,1.7846,1.7802,1.7841,725
1776546000000,1.7841,1.7861,1.7812,1.7813,974
1776546900000,1.7813,1.785,1.7806,1.783,572
1776547800000,1.783,1.7886,1.783,1.7886,311
1776548700000,1.7886,1.792,1.7872,1.7911,4819
1776549600000,1.7911,1.7927,1.7849,1.7851,2654
1776550500000,1.7851,1.7875,1.7851,1.7862,477
1776551400000,1.7862,1.7874,1.7848,1.7865,656
1776552300000,1.7865,1.7889,1.7865,1.7889,3806
1776553200000,1.7889,1.792,1.787,1.7895,1128
1776554100000,1.7895,1.7908,1.7887,1.7902,733
1776555000000,1.7902,1.7902,1.783,1.7839,3159
1776555900000,1.7839,1.7847,1.7804,1.7811,3915
1776556800000,1.7811,1.7826,1.7797,1.7815,5230
1776557700000,1.7815,1.7815,1.7715,1.7725,10123
1776558600000,1.7725,1.7729,1.7617,1.7645,15117
1776559500000,1.7645,1.7754,1.7645,1.7754,8201
1776560400000,1.7754,1.7795,1.7695,1.7716,5136
1776561300000,1.7716,1.7716,1.7666,1.7666,572
1776562200000,1.7666,1.7678,1.762,1.7671,25597
1776563100000,1.7671,1.7706,1.7671,1.7689,925
1776564000000,1.7689,1.77,1.7657,1.77,1215
1776564900000,1.77,1.7704,1.7632,1.7646,3916
1776565800000,1.7646,1.7729,1.762,1.7718,12565
1776566700000,1.7718,1.7723,1.7655,1.7674,2645
1776567600000,1.7674,1.7735,1.762,1.7735,3955
1776568500000,1.7735,1.7761,1.7729,1.7744,463
1776569400000,1.7744,1.7779,1.773,1.7777,16521
1776570300000,1.7777,1.7777,1.7712,1.7712,10465
1776571200000,1.7712,1.7777,1.7697,1.777,1103
1776572100000,1.777,1.7782,1.7745,1.7764,8712
1776573000000,1.7764,1.7765,1.7678,1.7696,4869
1776573900000,1.7696,1.7734,1.7682,1.7732,1004
1776574800000,1.7732,1.7753,1.7712,1.7712,2152
1776575700000,1.7712,1.7733,1.7704,1.7733,911
1776576600000,1.7733,1.7763,1.7733,1.7763,747
1776577500000,1.7763,1.7763,1.7713,1.7713,502
1776578400000,1.7713,1.7713,1.7642,1.7659,15915
1776579300000,1.7659,1.7716,1.7641,1.771,7694
1776580200000,1.771,1.7733,1.771,1.7722,5962
1776581100000,1.7722,1.7764,1.7722,1.775,834
1776582000000,1.775,1.775,1.7684,1.7693,2231
1776582900000,1.7693,1.7693,1.7559,1.7597,17811
1776583800000,1.7597,1.7686,1.7593,1.7653,21883
1776584700000,1.7653,1.7707,1.764,1.7692,5112
1776585600000,1.7692,1.7732,1.7684,1.7704,4473
1776586500000,1.7704,1.775,1.7704,1.7735,6080
1776587400000,1.7735,1.7735,1.7697,1.7712,2999
1776588300000,1.7712,1.7723,1.769,1.7693,1960
1776589200000,1.7693,1.772,1.7693,1.7702,1769
1776590100000,1.7702,1.7702,1.764,1.7667,2232
1776591000000,1.7667,1.7667,1.7638,1.7638,125
1776591900000,1.7638,1.7654,1.7631,1.7631,14263
1776592800000,1.7631,1.7658,1.7605,1.7658,943
1776593700000,1.7658,1.7658,1.7624,1.7631,661
1776594600000,1.7631,1.7632,1.7577,1.7599,23122
1776595500000,1.7599,1.7631,1.7599,1.7613,2419
1776596400000,1.7613,1.772,1.7613,1.7709,13243
1776597300000,1.7709,1.7739,1.77,1.7708,19285
1776598200000,1.7708,1.7718,1.769,1.7705,1303
1776599100000,1.7705,1.775,1.769,1.7721,7162
1776600000000,1.7721,1.7789,1.7721,1.7789,11521
1776600900000,1.7789,1.7789,1.7766,1.7769,1719
1776601800000,1.7769,1.7769,1.7749,1.7753,902
1776602700000,1.7753,1.7834,1.7753,1.7824,1784
1776603600000,1.7824,1.7871,1.7816,1.7836,5533
1776604500000,1.7836,1.7961,1.7836,1.7897,33065
1776605400000,1.7897,1.7914,1.7854,1.7854,4237
1776606300000,1.7854,1.7859,1.7828,1.7834,684
1776607200000,1.7834,1.7834,1.7785,1.7794,3084
1776608100000,1.7794,1.7849,1.7794,1.7846,2104
1776609000000,1.7846,1.7859,1.7834,1.7855,549
1776609900000,1.7855,1.7938,1.7855,1.7901,4645
1776610800000,1.7901,1.7923,1.7867,1.7867,822
1776611700000,1.7867,1.7867,1.7819,1.783,4505
1776612600000,1.783,1.7839,1.7739,1.7839,2222
1776613500000,1.7839,1.7896,1.7813,1.7896,5617
1776614400000,1.7896,1.7923,1.7871,1.7877,2657
1776615300000,1.7877,1.7921,1.786,1.7887,4246
1776616200000,1.7887,1.7919,1.7866,1.7877,294
1776617100000,1.7877,1.7951,1.7863,1.7863,7073
1776618000000,1.7863,1.7891,1.7814,1.7891,8923
1776618900000,1.7891,1.7906,1.7864,1.7866,2418
1776619800000,1.7866,1.788,1.7764,1.7812,10722
1776620700000,1.7812,1.7827,1.7739,1.7755,3898
1776621600000,1.7755,1.7761,1.7688,1.7738,47106
1776622500000,1.7738,1.7764,1.7707,1.7758,3958
1776623400000,1.7758,1.7763,1.7733,1.7754,2115
1776624300000,1.7754,1.7755,1.7719,1.7738,1549
1776625200000,1.7738,1.7834,1.7738,1.7827,5178
1776626100000,1.7827,1.795,1.7827,1.7924,58691
1776627000000,1.7924,1.7989,1.7895,1.7895,19935
1776627900000,1.7895,1.7931,1.7867,1.7905,5460
1776628800000,1.7905,1.7933,1.7875,1.7911,8694
1776629700000,1.7911,1.7911,1.7802,1.7808,15915
1776630600000,1.7808,1.7827,1.7792,1.7802,4281
1776631500000,1.7802,1.7855,1.7782,1.7822,2337
1776632400000,1.7822,1.7852,1.7807,1.7838,8882
1776633300000,1.7838,1.7842,1.7807,1.7837,911
1776634200000,1.7837,1.7886,1.781,1.7873,20458
1776635100000,1.7873,1.7912,1.7803,1.7835,2871
1776636000000,1.7835,1.7835,1.7601,1.7636,29244
1776636900000,1.7636,1.7636,1.7512,1.7612,24147
1776637800000,1.7612,1.7671,1.7601,1.7644,15858
1776638700000,1.7644,1.7659,1.7549,1.7557,14033
1776639600000,1.7557,1.7563,1.7492,1.7563,6126
1776640500000,1.7563,1.7565,1.7525,1.7547,3811
1776641400000,1.7547,1.7559,1.7513,1.7521,3032
1776642300000,1.7521,1.7553,1.7518,1.7549,2012
1776643200000,1.7549,1.7643,1.7549,1.7623,16352
1776644100000,1.7623,1.7739,1.7599,1.7724,5067
1776645000000,1.7724,1.7745,1.7653,1.7662,5421
1776645900000,1.7662,1.7683,1.7651,1.7683,1737
1776646800000,1.7683,1.7706,1.7659,1.7675,1144
1776647700000,1.7675,1.768,1.765,1.768,380
1776648600000,1.768,1.7738,1.768,1.7713,2901
1776649500000,1.7713,1.7756,1.7711,1.7732,6403
1776650400000,1.7732,1.7732,1.7668,1.767,3269
1776651300000,1.767,1.7733,1.7669,1.7733,1124
1776652200000,1.7733,1.7752,1.7731,1.7752,2856
1776653100000,1.7752,1.778,1.7749,1.7757,934
1776654000000,1.7757,1.7793,1.7723,1.7759,22381
1776654900000,1.7759,1.7784,1.7728,1.7784,1163
1776655800000,1.7784,1.7828,1.7783,1.7812,741
1776656700000,1.7812,1.7812,1.7769,1.7804,2786
1776657600000,1.7804,1.786,1.7786,1.7786,5257
1776658500000,1.7786,1.7786,1.7759,1.7783,528
1776659400000,1.7783,1.7806,1.7766,1.7766,523
1776660300000,1.7766,1.7879,1.7766,1.7877,5651
1776661200000,1.7877,1.79,1.7776,1.78,4607
1776662100000,1.78,1.78,1.7719,1.7721,1355
1776663000000,1.7721,1.7763,1.7698,1.7758,15846
1776663900000,1.7758,1.7786,1.774,1.7786,2230
1776664800000,1.7786,1.7836,1.7717,1.7735,2496
1776665700000,1.7735,1.7759,1.773,1.7753,885
1776666600000,1.7753,1.7873,1.7753,1.7849,2140
1776667500000,1.7849,1.7855,1.7771,1.7787,2085
1776668400000,1.7787,1.7827,1.7773,1.7816,4128
1776669300000,1.7816,1.7963,1.7792,1.792,8499
1776670200000,1.792,1.792,1.7792,1.7793,4279
1776671100000,1.7793,1.7807,1.7758,1.7797,1722
1776672000000,1.7797,1.7805,1.773,1.7755,1543
1776672900000,1.7755,1.7791,1.7735,1.7753,1440
1776673800000,1.7753,1.7775,1.7737,1.7753,978
1776674700000,1.7753,1.7762,1.7717,1.7733,1614
1776675600000,1.7733,1.7773,1.7708,1.7771,2680
1776676500000,1.7771,1.784,1.777,1.7812,2593
1776677400000,1.7812,1.7831,1.7812,1.7816,659
1776678300000,1.7816,1.7842,1.779,1.779,158
1776679200000,1.779,1.7877,1.779,1.7877,840
1776680100000,1.7877,1.7879,1.7848,1.7862,1094
1776681000000,1.7862,1.7862,1.7817,1.7827,2154
1776681900000,1.7827,1.7851,1.7822,1.7823,3705
1776682800000,1.7823,1.7827,1.7782,1.7823,3677
1776683700000,1.7823,1.7831,1.78,1.7824,231
1776684600000,1.7824,1.7824,1.7809,1.7811,103
1776685500000,1.7811,1.7811,1.7782,1.7784,176
1776686400000,1.7784,1.7784,1.7751,1.7762,1232
1776687300000,1.7762,1.7827,1.7756,1.7786,876
1776688200000,1.7786,1.7832,1.7781,1.7832,10231
1776689100000,1.7832,1.7868,1.7832,1.7868,1634
1776690000000,1.7868,1.7914,1.7857,1.7884,8406
1776690900000,1.7884,1.7884,1.7811,1.7822,494
1776691800000,1.7822,1.785,1.7782,1.7844,4028
1776692700000,1.7844,1.7869,1.782,1.7852,950
1776693600000,1.7852,1.7852,1.7804,1.7812,242
1776694500000,1.7812,1.7906,1.7812,1.7872,2565
1776695400000,1.7872,1.7897,1.7807,1.7823,353
1776696300000,1.7823,1.7833,1.7711,1.7752,7493
1776697200000,1.7752,1.7784,1.7707,1.7784,2888
1776698100000,1.7784,1.7956,1.7784,1.7939,28487
1776699000000,1.7939,1.7946,1.7899,1.7931,18497
1776699900000,1.7931,1.8025,1.7926,1.8013,12793
1776700800000,1.8013,1.8063,1.8001,1.804,13915
1776701700000,1.804,1.8162,1.8013,1.8146,6710
1776702600000,1.8146,1.8152,1.7989,1.8049,9092
1776703500000,1.8049,1.8049,1.7961,1.7992,2806
1776704400000,1.7992,1.8074,1.7992,1.8041,8418
1776705300000,1.8041,1.8041,1.8023,1.8023,1053
1776706200000,1.8023,1.8023,1.7947,1.7965,13905
1776707100000,1.7965,1.8022,1.7961,1.8013,3674
1776708000000,1.8013,1.8169,1.8003,1.8096,18534
1776708900000,1.8096,1.8134,1.8086,1.8108,246
1776709800000,1.8108,1.8132,1.8055,1.8107,3018
1776710700000,1.8107,1.8138,1.8094,1.8096,3048
1776711600000,1.8096,1.8096,1.8036,1.8069,2227
1776712500000,1.8069,1.8069,1.8031,1.8038,585
1776713400000,1.8038,1.8044,1.8011,1.8011,499
1776714300000,1.8011,1.8018,1.7978,1.8002,2790
1776715200000,1.8002,1.8002,1.7948,1.7955,11532
1776716100000,1.7955,1.7995,1.7952,1.7981,557
1776717000000,1.7981,1.801,1.7981,1.801,1059
1776717900000,1.801,1.8075,1.8006,1.8048,1810
1776718800000,1.8048,1.8097,1.7995,1.8029,9771
1776719700000,1.8029,1.8064,1.7997,1.8008,1749
1776720600000,1.8008,1.8082,1.8008,1.8034,1066
1776721500000,1.8034,1.8066,1.8017,1.8058,489
1776722400000,1.8058,1.8058,1.8021,1.8028,2765
1776723300000,1.8028,1.8034,1.7996,1.8003,388
1776724200000,1.8003,1.803,1.7969,1.7976,3534
1776725100000,1.7976,1.7983,1.7967,1.7973,1854
1776726000000,1.7973,1.7987,1.7951,1.7959,9734
1776726900000,1.7959,1.7959,1.7926,1.7926,1978
1776727800000,1.7926,1.7947,1.7926,1.7928,1002
1776728700000,1.7928,1.7973,1.7928,1.7973,2539
1776729600000,1.7973,1.8018,1.796,1.796,9182
1776730500000,1.796,1.7993,1.794,1.7947,5867
1776731400000,1.7947,1.7985,1.7944,1.7967,1405
1776732300000,1.7967,1.7997,1.7967,1.7972,3077
1776733200000,1.7972,1.8006,1.7969,1.8003,3152
1776734100000,1.8003,1.8003,1.798,1.7998,1875
1776735000000,1.7998,1.7998,1.7964,1.7974,5819
1776735900000,1.7974,1.8013,1.7964,1.7964,770
1776736800000,1.7964,1.7964,1.7889,1.7913,10001
1776737700000,1.7913,1.7958,1.7903,1.794,3871
1776738600000,1.794,1.7973,1.793,1.7935,4246
1776739500000,1.7935,1.7937,1.7851,1.7911,46256
1776740400000,1.7911,1.7911,1.7859,1.7871,6630
1776741300000,1.7871,1.7903,1.784,1.7896,6509
1776742200000,1.7896,1.7929,1.7884,1.7895,1293
1776743100000,1.7895,1.794,1.7895,1.7911,1908
1776744000000,1.7911,1.7915,1.7892,1.7899,1359
1776744900000,1.7899,1.7922,1.7873,1.7904,2103
1776745800000,1.7904,1.7931,1.7902,1.7923,2763
1776746700000,1.7923,1.7923,1.79,1.7912,4871
1776747600000,1.7912,1.7954,1.7899,1.7932,4654
1776748500000,1.7932,1.7932,1.787,1.7878,10242
1776749400000,1.7878,1.7894,1.7829,1.7881,21095
1776750300000,1.7881,1.7881,1.7862,1.787,549
1776751200000,1.787,1.7874,1.7827,1.7836,2033
1776752100000,1.7836,1.7857,1.7813,1.7814,2833
1776753000000,1.7814,1.7913,1.7811,1.7889,9604
1776753900000,1.7889,1.7889,1.7841,1.7862,1170
1776754800000,1.7862,1.7869,1.7823,1.7845,3389
1776755700000,1.7845,1.7881,1.7837,1.7864,2817
1776756600000,1.7864,1.7904,1.7832,1.7902,11492
1776757500000,1.7902,1.7913,1.7877,1.7878,1755
1776758400000,1.7878,1.7902,1.7862,1.7891,9937
1776759300000,1.7891,1.7918,1.7891,1.7904,1193
1776760200000,1.7904,1.7969,1.7886,1.7957,6462
1776761100000,1.7957,1.8015,1.7916,1.7916,11985
1776762000000,1.7916,1.7936,1.7891,1.7932,3340
1776762900000,1.7932,1.7969,1.7931,1.7932,2477
1776763800000,1.7932,1.8004,1.7932,1.8004,2809
1776764700000,1.8004,1.8014,1.7975,1.7995,6827
1776765600000,1.7995,1.8008,1.7977,1.7992,548
1776766500000,1.7992,1.806,1.7982,1.8051,172721
1776767400000,1.8051,1.8073,1.8039,1.8073,7817
1776768300000,1.8073,1.815,1.8059,1.815,13336
1776769200000,1.815,1.816,1.8063,1.8115,29910
1776770100000,1.8115,1.8152,1.8094,1.8148,4022
1776771000000,1.8148,1.8183,1.8141,1.8151,8090
1776771900000,1.8151,1.8195,1.8151,1.819,3068
1776772800000,1.819,1.8214,1.813,1.8144,20871
1776773700000,1.8144,1.8158,1.812,1.8158,7168
1776774600000,1.8158,1.816,1.8006,1.8046,21559
1776775500000,1.8046,1.812,1.8034,1.8082,3999
1776776400000,1.8082,1.8082,1.7566,1.787,472022
1776777300000,1.787,1.7975,1.787,1.7943,69533
1776778200000,1.7943,1.7973,1.7903,1.7956,39216
1776779100000,1.7956,1.7971,1.7927,1.795,1873
1776780000000,1.795,1.797,1.7874,1.7929,17195
1776780900000,1.7929,1.7997,1.7916,1.799,30367
1776781800000,1.799,1.81,1.799,1.8055,32301
1776782700000,1.8055,1.8068,1.7969,1.801,23981
1776783600000,1.801,1.8097,1.796,1.8097,5971
1776784500000,1.8097,1.8249,1.809,1.8202,107088
1776785400000,1.8202,1.8326,1.8202,1.8309,48711
1776786300000,1.8309,1.8361,1.8174,1.8349,66419
1776787200000,1.8349,1.8438,1.8197,1.8239,61816
1776788100000,1.8239,1.8327,1.8189,1.82,28172
1776789000000,1.82,1.823,1.8178,1.8225,2099
1776789900000,1.8225,1.8254,1.8152,1.817,7492
1776790800000,1.817,1.8194,1.8143,1.8143,4818
1776791700000,1.8143,1.815,1.7976,1.8037,50222
1776792600000,1.8037,1.8174,1.8037,1.8154,23315
1776793500000,1.8154,1.8162,1.8061,1.8062,14447
1776794400000,1.8062,1.8115,1.8062,1.8096,10554
1776795300000,1.8096,1.813,1.8076,1.8106,34431
1776796200000,1.8106,1.8129,1.8086,1.8091,785
1776797100000,1.8091,1.8117,1.8035,1.8106,29704
1776798000000,1.8106,1.8181,1.8106,1.8138,4377
1776798900000,1.8138,1.8182,1.8134,1.8175,1880
1776799800000,1.8175,1.8175,1.7988,1.8009,25670
1776800700000,1.8009,1.8087,1.7997,1.8047,7834
1776801600000,1.8047,1.8217,1.8027,1.8206,92936
1776802500000,1.8206,1.8235,1.8171,1.8171,3566
1776803400000,1.8171,1.824,1.8171,1.8216,3535
1776804300000,1.8216,1.8235,1.8197,1.8197,1288
1776805200000,1.8197,1.8218,1.8151,1.8216,26750
1776806100000,1.8216,1.8296,1.8216,1.8277,3589
1776807000000,1.8277,1.8277,1.8243,1.8243,5482
1776807900000,1.8243,1.8319,1.8228,1.8309,10960
1776808800000,1.8309,1.8338,1.8295,1.8307,12329
1776809700000,1.8307,1.8307,1.8214,1.8222,7603
1776810600000,1.8222,1.8256,1.8182,1.8256,2608
1776811500000,1.8256,1.8256,1.8236,1.8248,2201
1776812400000,1.8248,1.8305,1.8248,1.8294,2562
1776813300000,1.8294,1.8393,1.8291,1.837,25542
1776814200000,1.837,1.8399,1.8344,1.8398,13776
1776815100000,1.8398,1.8454,1.8398,1.8426,4918
1776816000000,1.8426,1.8538,1.8426,1.8509,15302
1776816900000,1.8509,1.8639,1.849,1.8639,17021
1776817800000,1.8639,1.8644,1.8531,1.8565,18992
1776818700000,1.8565,1.8598,1.8526,1.8543,13558
1776819600000,1.8543,1.8609,1.852,1.856,29741
1776820500000,1.856,1.8571,1.8477,1.8477,11014
1776821400000,1.8477,1.8582,1.8477,1.8551,2939
1776822300000,1.8551,1.859,1.8542,1.857,1159
1776823200000,1.857,1.8784,1.855,1.874,22622
1776824100000,1.874,1.8927,1.874,1.8914,28410
1776825000000,1.8914,1.8972,1.876,1.882,37924
1776825900000,1.882,1.892,1.8799,1.8894,4924
1776826800000,1.8894,1.897,1.8894,1.8918,4195
1776827700000,1.8918,1.8925,1.8878,1.8906,1342
1776828600000,1.8906,1.8955,1.8875,1.8938,5391
1776829500000,1.8938,1.9061,1.8924,1.9055,9016
1776830400000,1.9055,1.9129,1.9008,1.9113,30366
1776831300000,1.9113,1.916,1.909,1.9142,9433
1776832200000,1.9142,1.9152,1.9096,1.9112,3525
1776833100000,1.9112,1.9112,1.8966,1.8982,10188
1776834000000,1.8982,1.9048,1.8931,1.9014,28836
1776834900000,1.9014,1.9146,1.8996,1.9039,48458
1776835800000,1.9039,1.9104,1.9039,1.9046,7418
1776836700000,1.9046,1.9156,1.9028,1.9028,14739
1776837600000,1.9028,1.9082,1.9019,1.9033,3611
1776838500000,1.9033,1.9074,1.9032,1.9032,3845
1776839400000,1.9032,1.9045,1.8997,1.8998,1636
1776840300000,1.8998,1.9042,1.8994,1.9024,5379
1776841200000,1.9024,1.9041,1.8952,1.9028,11708
1776842100000,1.9028,1.9028,1.8957,1.8994,8361
1776843000000,1.8994,1.9006,1.8965,1.8977,581
1776843900000,1.8977,1.9008,1.8972,1.899,1406
1776844800000,1.899,1.899,1.8931,1.8944,5907
1776845700000,1.8944,1.8992,1.8942,1.8984,3243
1776846600000,1.8984,1.8989,1.896,1.8968,3948
1776847500000,1.8968,1.8996,1.8932,1.8972,4759
1776848400000,1.8972,1.8984,1.8943,1.8981,6365
1776849300000,1.8981,1.8981,1.8955,1.8969,1585
1776850200000,1.8969,1.9067,1.8965,1.9067,5098
1776851100000,1.9067,1.9067,1.9026,1.9037,4347
1776852000000,1.9037,1.9095,1.9037,1.9057,6706
1776852900000,1.9057,1.9067,1.8976,1.8996,3862
1776853800000,1.8996,1.8996,1.8958,1.8958,1854
1776854700000,1.8958,1.9013,1.8939,1.8956,13231
1776855600000,1.8956,1.899,1.8954,1.8973,864
1776856500000,1.8973,1.8974,1.8903,1.8904,6628
1776857400000,1.8904,1.8933,1.8869,1.8932,18132
1776858300000,1.8932,1.8932,1.8844,1.8852,40999
1776859200000,1.8852,1.8888,1.8823,1.8876,16495
1776860100000,1.8876,1.8886,1.8808,1.8846,54074
1776861000000,1.8846,1.8858,1.8821,1.8825,5284
1776861900000,1.8825,1.8854,1.8789,1.8812,11760
1776862800000,1.8812,1.8887,1.8736,1.8875,9432
1776863700000,1.8875,1.8884,1.8848,1.8872,3492
1776864600000,1.8872,1.8903,1.8838,1.8862,2570
1776865500000,1.8862,1.8868,1.8755,1.8765,5253
1776866400000,1.8765,1.8799,1.8765,1.8799,2531
1776867300000,1.8799,1.8844,1.8732,1.8765,10004
1776868200000,1.8765,1.8808,1.87,1.8729,3886
1776869100000,1.8729,1.8779,1.8729,1.8764,13996
1776870000000,1.8764,1.8805,1.8706,1.8796,15003
1776870900000,1.8796,1.8808,1.8757,1.8784,3251
1776871800000,1.8784,1.8889,1.8784,1.8867,6410
1776872700000,1.8867,1.8981,1.883,1.884,42698
1776873600000,1.884,1.8936,1.8815,1.8922,30068
1776874500000,1.8922,1.8932,1.8859,1.8859,688
1776875400000,1.8859,1.8859,1.8794,1.8822,10234
1776876300000,1.8822,1.8822,1.8724,1.8789,53874
1776877200000,1.8789,1.8898,1.8762,1.8816,19345
1776878100000,1.8816,1.8823,1.8779,1.8813,4987
1776879000000,1.8813,1.8813,1.8736,1.8792,2001
1776879900000,1.8792,1.8868,1.8792,1.8822,102
1776880800000,1.8822,1.8852,1.8806,1.885,624
1776881700000,1.885,1.8859,1.8803,1.8803,573
1776882600000,1.8803,1.8823,1.8767,1.8767,3860
1776883500000,1.8767,1.8789,1.8756,1.8758,488
1776884400000,1.8758,1.8806,1.8735,1.8782,9077
1776885300000,1.8782,1.8794,1.8756,1.8756,755
1776886200000,1.8756,1.8756,1.8641,1.8696,10343
1776887100000,1.8696,1.8732,1.8676,1.8719,5665
1776888000000,1.8719,1.8723,1.8694,1.8716,5855
1776888900000,1.8716,1.8716,1.8667,1.8693,1504
1776889800000,1.8693,1.8703,1.868,1.8696,1693
1776890700000,1.8696,1.8722,1.8683,1.8692,954
1776891600000,1.8692,1.8717,1.8679,1.8717,719
1776892500000,1.8717,1.8733,1.8694,1.8733,1624
1776893400000,1.8733,1.8791,1.8733,1.8786,1741
1776894300000,1.8786,1.8786,1.8757,1.8757,105
1776895200000,1.8757,1.8757,1.8738,1.8738,807
1776896100000,1.8738,1.8738,1.8708,1.8712,3730
1776897000000,1.8712,1.8712,1.869,1.8696,338
1776897900000,1.8696,1.8718,1.8691,1.8692,2541
1776898800000,1.8692,1.872,1.8674,1.872,1715
1776899700000,1.872,1.8724,1.8677,1.8718,8806
1776900600000,1.8718,1.8754,1.8656,1.8662,7183
1776901500000,1.8662,1.8668,1.859,1.8612,9540
1776902400000,1.8612,1.8648,1.8546,1.8556,19323
1776903300000,1.8556,1.8655,1.8464,1.8548,29340
1776904200000,1.8548,1.8602,1.8515,1.8585,2614
1776905100000,1.8585,1.8606,1.8582,1.8585,1237
1776906000000,1.8585,1.8602,1.8533,1.8533,8307
1776906900000,1.8533,1.8538,1.8496,1.8496,535
1776907800000,1.8496,1.8562,1.8475,1.8558,9356
1776908700000,1.8558,1.8579,1.8516,1.8521,11101
1776909600000,1.8521,1.8524,1.8507,1.8507,387
1776910500000,1.8507,1.8523,1.846,1.8462,2991
1776911400000,1.8462,1.8492,1.8431,1.8461,10122
1776912300000,1.8461,1.8497,1.8461,1.8475,356
1776913200000,1.8475,1.8498,1.8429,1.8429,953
1776914100000,1.8429,1.8451,1.8403,1.8421,1366
1776915000000,1.8421,1.8421,1.8351,1.8381,2433
1776915900000,1.8381,1.8401,1.8359,1.8381,6559
1776916800000,1.8381,1.8401,1.8356,1.8401,926
1776917700000,1.8401,1.8414,1.8368,1.8404,2561
1776918600000,1.8404,1.8425,1.8401,1.8413,1828
1776919500000,1.8413,1.8417,1.84,1.8412,298
1776920400000,1.8412,1.8472,1.8412,1.8468,1716
1776921300000,1.8468,1.8498,1.8443,1.8498,1091
1776922200000,1.8498,1.8498,1.8461,1.8481,2587
1776923100000,1.8481,1.8517,1.8452,1.8452,9819
1776924000000,1.8452,1.8503,1.8452,1.8503,3619
1776924900000,1.8503,1.8557,1.8503,1.8552,8999
1776925800000,1.8552,1.8558,1.8528,1.8532,702
1776926700000,1.8532,1.858,1.8526,1.8531,703
1776927600000,1.8531,1.8618,1.8531,1.8604,3180
1776928500000,1.8604,1.8618,1.859,1.8601,1121
1776929400000,1.8601,1.8631,1.8573,1.8585,5783
1776930300000,1.8585,1.8628,1.8585,1.8587,4694
1776931200000,1.8587,1.8591,1.8518,1.8533,5733
1776932100000,1.8533,1.8609,1.8533,1.8566,8755
1776933000000,1.8566,1.8582,1.8525,1.8578,1291
1776933900000,1.8578,1.8614,1.8546,1.8614,8484
1776934800000,1.8614,1.8622,1.8537,1.8541,14294
1776935700000,1.8541,1.8551,1.8508,1.8518,2114
1776936600000,1.8518,1.856,1.8518,1.8522,1300
1776937500000,1.8522,1.8528,1.8463,1.8507,2489
1776938400000,1.8507,1.855,1.844,1.8457,23781
1776939300000,1.8457,1.8486,1.8441,1.8482,1683
1776940200000,1.8482,1.8506,1.8475,1.8479,535
1776941100000,1.8479,1.8479,1.842,1.8464,7839
1776942000000,1.8464,1.852,1.8451,1.8508,1450
1776942900000,1.8508,1.8543,1.8508,1.8543,7348
1776943800000,1.8543,1.8578,1.8536,1.8577,23266
1776944700000,1.8577,1.8583,1.8547,1.8563,10250
1776945600000,1.8563,1.8611,1.8563,1.8587,11678
1776946500000,1.8587,1.8759,1.8571,1.8728,35417
1776947400000,1.8728,1.8806,1.8728,1.8739,9743
1776948300000,1.8739,1.8739,1.8643,1.8645,22307
1776949200000,1.8645,1.8707,1.864,1.8707,2930
1776950100000,1.8707,1.8748,1.8702,1.8716,4377
1776951000000,1.8716,1.8716,1.8672,1.8689,4190
1776951900000,1.8689,1.8692,1.8654,1.8668,5561
1776952800000,1.8668,1.8719,1.8644,1.8693,7005
1776953700000,1.8693,1.8723,1.8638,1.8641,2149
1776954600000,1.8641,1.8705,1.8641,1.869,2013
1776955500000,1.869,1.8767,1.869,1.8767,1735
1776956400000,1.8767,1.8818,1.8751,1.8758,41497
1776957300000,1.8758,1.887,1.8758,1.8841,11221
1776958200000,1.8841,1.8879,1.8811,1.8879,8670
1776959100000,1.8879,1.8901,1.8854,1.8854,3214
1776960000000,1.8854,1.8931,1.883,1.8916,7326
1776960900000,1.8916,1.8922,1.8822,1.8826,4737
1776961800000,1.8826,1.892,1.8822,1.8882,3272
1776962700000,1.8882,1.8903,1.8835,1.8849,5413
1776963600000,1.8849,1.8867,1.8805,1.8861,4143
1776964500000,1.8861,1.8861,1.8789,1.8822,15233
1776965400000,1.8822,1.8822,1.858,1.8605,89298
1776966300000,1.8605,1.8656,1.8545,1.8615,21079
1776967200000,1.8615,1.8696,1.8587,1.8654,9372
1776968100000,1.8654,1.8666,1.8624,1.8654,2802
1776969000000,1.8654,1.8751,1.8654,1.8738,5164
1776969900000,1.8738,1.8738,1.8644,1.8644,4659
1776970800000,1.8644,1.8694,1.8617,1.8666,1861
1776971700000,1.8666,1.8724,1.8664,1.8724,595
1776972600000,1.8724,1.8775,1.8705,1.8718,3680
1776973500000,1.8718,1.8817,1.8718,1.8785,16514
1776974400000,1.8785,1.8821,1.8769,1.8809,4259
1776975300000,1.8809,1.8862,1.8785,1.8845,35883
1776976200000,1.8845,1.8946,1.8845,1.8912,30245
1776977100000,1.8912,1.8937,1.8901,1.8921,7700
1776978000000,1.8921,1.9018,1.8921,1.9002,14310
1776978900000,1.9002,1.9024,1.8971,1.8989,2301
1776979800000,1.8989,1.9105,1.8989,1.9105,3298
1776980700000,1.9105,1.9105,1.8983,1.899,6004
1776981600000,1.899,1.9039,1.8965,1.9017,2192
1776982500000,1.9017,1.9076,1.9017,1.9068,393
1776983400000,1.9068,1.9068,1.9019,1.9042,2574
1776984300000,1.9042,1.91,1.9042,1.9078,10314
1776985200000,1.9078,1.9084,1.9061,1.9076,1483
1776986100000,1.9076,1.9101,1.9059,1.9068,7513
1776987000000,1.9068,1.9138,1.9068,1.9103,9853
1776987900000,1.9103,1.9134,1.908,1.91,5291
1776988800000,1.91,1.9212,1.91,1.9117,14095
1776989700000,1.9117,1.9192,1.9105,1.9155,2575
1776990600000,1.9155,1.9188,1.9137,1.9188,2647
1776991500000,1.9188,1.9257,1.9188,1.9215,15190
1776992400000,1.9215,1.9237,1.9159,1.9174,2081
1776993300000,1.9174,1.9287,1.9158,1.9225,33403
1776994200000,1.9225,1.9262,1.9192,1.9204,16503
1776995100000,1.9204,1.931,1.9204,1.9277,19776
1776996000000,1.9277,1.93,1.924,1.9275,929
1776996900000,1.9275,1.9336,1.924,1.924,11078
1776997800000,1.924,1.9324,1.9216,1.9291,2950
1776998700000,1.9291,1.9334,1.9191,1.9213,7028
1776999600000,1.9213,1.9223,1.9171,1.9171,6293
1777000500000,1.9171,1.9187,1.913,1.9136,9003
1777001400000,1.9136,1.9136,1.9063,1.9131,7767
1777002300000,1.9131,1.92,1.9131,1.9198,2213
1777003200000,1.9198,1.9232,1.9121,1.9158,16579
1777004100000,1.9158,1.9185,1.9138,1.9172,1265
1777005000000,1.9172,1.9228,1.9166,1.9228,2030
1777005900000,1.9228,1.9273,1.9218,1.9232,6762
1777006800000,1.9232,1.924,1.9158,1.9164,7743
1777007700000,1.9164,1.9234,1.9164,1.9184,4005
1777008600000,1.9184,1.9217,1.918,1.9182,2990
1777009500000,1.9182,1.9264,1.9127,1.9206,52918
1777010400000,1.9206,1.9241,1.9185,1.923,4094
1777011300000,1.923,1.9278,1.923,1.9261,1589
1777012200000,1.9261,1.9261,1.9196,1.9196,1842
1777013100000,1.9196,1.9215,1.9158,1.9205,4597
1777014000000,1.9205,1.9242,1.9164,1.9242,11305
1777014900000,1.9242,1.9262,1.922,1.9244,3778
1777015800000,1.9244,1.9276,1.9244,1.9275,479
1777016700000,1.9275,1.9292,1.9243,1.928,3468
1777017600000,1.928,1.9354,1.9263,1.9354,8483
1777018500000,1.9354,1.945,1.9353,1.9359,40293
1777019400000,1.9359,1.9409,1.9326,1.9409,7558
1777020300000,1.9409,1.9448,1.9396,1.941,5586
1777021200000,1.941,1.9443,1.9338,1.9342,6312
1777022100000,1.9342,1.9413,1.9335,1.9342,13919
1777023000000,1.9342,1.9414,1.9342,1.9411,15071
1777023900000,1.9411,1.9415,1.9386,1.9386,2383
1777024800000,1.9386,1.9469,1.937,1.9457,40222
1777025700000,1.9457,1.9505,1.9445,1.9485,15238
1777026600000,1.9485,1.9532,1.9442,1.9525,12895
1777027500000,1.9525,1.9615,1.9525,1.9587,20022
1777028400000,1.9587,1.9693,1.9583,1.9598,18634
1777029300000,1.9598,1.9688,1.959,1.9681,15771
1777030200000,1.9681,1.973,1.9656,1.9656,8587
1777031100000,1.9656,1.9716,1.9627,1.9703,8677
1777032000000,1.9703,1.9714,1.9607,1.9634,39065
1777032900000,1.9634,1.9682,1.9577,1.9628,6888
1777033800000,1.9628,1.9664,1.9603,1.9616,1580
1777034700000,1.9616,1.963,1.9535,1.9548,19783
1777035600000,1.9548,1.9608,1.954,1.9604,15841
1777036500000,1.9604,1.9604,1.9473,1.9531,8759
1777037400000,1.9531,1.955,1.9471,1.9524,2737
1777038300000,1.9524,1.9527,1.9447,1.9462,40466
1777039200000,1.9462,1.9607,1.9444,1.9515,49149
1777040100000,1.9515,1.9566,1.9515,1.9539,550
1777041000000,1.9539,1.9562,1.9519,1.9541,3553
1777041900000,1.9541,1.9586,1.9489,1.9559,6409
1777042800000,1.9559,1.9568,1.9462,1.9518,10287
1777043700000,1.9518,1.9583,1.9483,1.9581,14709
1777044600000,1.9581,1.9714,1.9579,1.9698,26989
1777045500000,1.9698,1.9903,1.9698,1.9902,30306
1777046400000,1.9902,1.9931,1.9806,1.9885,24634
1777047300000,1.9885,1.9885,1.9785,1.9799,38369
1777048200000,1.9799,1.9829,1.9768,1.982,22920
1777049100000,1.982,1.9823,1.9758,1.9807,6604
1777050000000,1.9807,1.983,1.9716,1.9758,10813
1777050900000,1.9758,1.9815,1.9754,1.9777,6627
1777051800000,1.9777,1.9839,1.9753,1.9778,11585
1777052700000,1.9778,1.9832,1.9764,1.977,19695
1777053600000,1.977,1.9848,1.977,1.9811,17081
1777054500000,1.9811,1.9836,1.9758,1.983,5961
1777055400000,1.983,1.9872,1.9821,1.9837,5396
1777056300000,1.9837,1.9861,1.9809,1.9817,3993
1777057200000,1.9817,1.9864,1.9749,1.976,53329
1777058100000,1.976,1.9821,1.976,1.9813,19067
1777059000000,1.9813,1.9885,1.9813,1.9853,45125
1777059900000,1.9853,1.9909,1.9818,1.9882,96580
1777060800000,1.9882,1.9925,1.985,1.9913,936
1777061700000,1.9913,1.9915,1.9761,1.9806,51579
1777062600000,1.9806,1.9868,1.9786,1.9862,3737
1777063500000,1.9862,1.9937,1.9848,1.9907,3173
1777064400000,1.9907,1.9954,1.982,1.982,24283
1777065300000,1.982,1.9823,1.9785,1.9789,8419
1777066200000,1.9789,1.9798,1.9715,1.9782,2908
1777067100000,1.9782,1.9803,1.9756,1.9782,20861
1777068000000,1.9782,1.9782,1.9731,1.9738,7884
1777068900000,1.9738,1.9805,1.973,1.9759,9770
1777069800000,1.9759,1.9784,1.9677,1.975,35862
1777070700000,1.975,1.9762,1.9711,1.9724,6592
1777071600000,1.9724,1.979,1.9707,1.9781,10102
1777072500000,1.9781,1.985,1.978,1.9804,28765
1777073400000,1.9804,1.9871,1.9801,1.9858,7743
1777074300000,1.9858,1.9902,1.983,1.9887,26968
1777075200000,1.9887,2.001,1.9887,1.9968,57365
1777076100000,1.9968,2.002,1.9957,1.9957,6744
1777077000000,1.9957,1.9984,1.992,1.9976,11134
1777077900000,1.9976,2.005,1.9969,2.0048,18837
1777078800000,2.0048,2.0159,2.0045,2.0142,105903
1777079700000,2.0142,2.0198,2.0085,2.0112,21838
1777080600000,2.0112,2.0129,2.0028,2.0106,8583
1777081500000,2.0106,2.0198,2.0102,2.0161,4817
1777082400000,2.0161,2.0186,2.0026,2.0095,12044
1777083300000,2.0095,2.0095,2.0011,2.0053,10320
1777084200000,2.0053,2.0111,2.0036,2.0111,6521
1777085100000,2.0111,2.0184,2.0111,2.0144,6006
1777086000000,2.0144,2.0222,2.0115,2.0141,7695
1777086900000,2.0141,2.0175,2.0133,2.0144,1517
1777087800000,2.0144,2.0233,2.0131,2.0214,5080
1777088700000,2.0214,2.0285,2.0214,2.0269,22647
1777089600000,2.0269,2.0286,2.0163,2.0228,11060
1777090500000,2.0228,2.0232,2.0144,2.0183,5100
1777091400000,2.0183,2.0194,2.0118,2.0162,48458
1777092300000,2.0162,2.0165,2.0125,2.0125,7292
1777093200000,2.0125,2.0151,2.0056,2.013,6706
1777094100000,2.013,2.017,2.01,2.01,3212
1777095000000,2.01,2.0149,2.0097,2.0129,2199
1777095900000,2.0129,2.0158,2.005,2.0067,27050
1777096800000,2.0067,2.0125,2.004,2.0112,9932
1777097700000,2.0112,2.0156,2.0074,2.0082,9980
1777098600000,2.0082,2.0125,2.003,2.0043,1348
1777099500000,2.0043,2.0078,2.0018,2.0018,10817
1777100400000,2.0018,2.0078,1.9973,2.0078,5408
1777101300000,2.0078,2.0197,2.0078,2.0197,4742
1777102200000,2.0197,2.0224,2.012,2.0224,5755
1777103100000,2.0224,2.0248,2.0196,2.0196,7637
1777104000000,2.0196,2.0231,2.0132,2.018,3569
1777104900000,2.018,2.0227,2.0173,2.0215,1248
1777105800000,2.0215,2.0236,2.0187,2.0232,1367
1777106700000,2.0232,2.0263,2.0191,2.0219,5900
1777107600000,2.0219,2.0379,2.0218,2.027,50549
1777108500000,2.027,2.0307,2.0206,2.0206,2957
1777109400000,2.0206,2.0278,2.0206,2.0263,2779
1777110300000,2.0263,2.0288,2.0227,2.0288,3557
1777111200000,2.0288,2.05,2.0281,2.0411,114615
1777112100000,2.0411,2.0463,2.0337,2.0437,35346
1777113000000,2.0437,2.0484,2.0413,2.0474,2545
1777113900000,2.0474,2.0542,2.0464,2.0512,23326
1777114800000,2.0512,2.0512,2.0383,2.0459,8126
1777115700000,2.0459,2.0542,2.042,2.0528,12045
1777116600000,2.0528,2.0528,2.0433,2.0441,5814
1777117500000,2.0441,2.0466,2.0393,2.0457,4581
1777118400000,2.0457,2.0457,2.0346,2.0387,14800
1777119300000,2.0387,2.0469,2.0369,2.0405,3914
1777120200000,2.0405,2.041,2.0362,2.0374,7117
1777121100000,2.0374,2.0435,2.036,2.0391,6068
1777122000000,2.0391,2.0399,2.0331,2.0364,17421
1777122900000,2.0364,2.0386,2.0322,2.0322,3379
1777123800000,2.0322,2.0383,2.0283,2.0363,8487
1777124700000,2.0363,2.0458,2.0363,2.0375,3878
1777125600000,2.0375,2.046,2.0306,2.0452,14416
1777126500000,2.0452,2.0522,2.0374,2.0374,127011
1777127400000,2.0374,2.0442,2.0353,2.0442,10113
1777128300000,2.0442,2.0479,2.0402,2.0416,4125
1777129200000,2.0416,2.0441,2.0385,2.0394,5753
1777130100000,2.0394,2.0428,2.0373,2.0414,9787
1777131000000,2.0414,2.0472,2.0377,2.0471,6484
1777131900000,2.0471,2.0471,2.0346,2.0346,4456
1777132800000,2.0346,2.0383,2.0315,2.0365,3034
1777133700000,2.0365,2.0372,2.0293,2.0316,4653
1777134600000,2.0316,2.038,2.022,2.0221,45992
1777135500000,2.0221,2.0263,2.0186,2.0212,8335
1777136400000,2.0212,2.0265,2.0193,2.023,6433
1777137300000,2.023,2.0262,2.0182,2.0194,5644
1777138200000,2.0194,2.0222,2.0143,2.017,15282
1777139100000,2.017,2.018,2.0124,2.0144,9745
1777140000000,2.0144,2.0233,2.0144,2.016,10979
1777140900000,2.016,2.0222,2.0159,2.0222,1378
1777141800000,2.0222,2.0279,2.0202,2.0222,29416
1777142700000,2.0222,2.0239,2.0183,2.021,24846
1777143600000,2.021,2.0279,2.021,2.0242,24235
1777144500000,2.0242,2.0268,2.0242,2.0244,1284
1777145400000,2.0244,2.0266,2.0227,2.0266,1625
1777146300000,2.0266,2.0329,2.0266,2.0315,19125
1777147200000,2.0315,2.0343,2.0196,2.0243,34219
1777148100000,2.0243,2.0282,2.0206,2.0236,16109
1777149000000,2.0236,2.0289,2.0227,2.0227,11051
1777149900000,2.0227,2.0227,2.018,2.0226,1270
1777150800000,2.0226,2.0234,2.0197,2.0221,5870
1777151700000,2.0221,2.0227,2.0205,2.0205,379
1777152600000,2.0205,2.0205,2.0148,2.0156,2234
1777153500000,2.0156,2.0192,2.0121,2.0121,7591
1777154400000,2.0121,2.019,2.0121,2.0183,5380
1777155300000,2.0183,2.0231,2.0137,2.0231,3247
1777156200000,2.0231,2.0282,2.0231,2.0269,830
1777157100000,2.0269,2.0274,2.0216,2.0228,22062
1777158000000,2.0228,2.0315,2.0185,2.0271,22644
1777158900000,2.0271,2.0273,2.0238,2.025,571
1777159800000,2.025,2.0319,2.0224,2.0302,4200
1777160700000,2.0302,2.0313,2.0266,2.0266,1861
1777161600000,2.0266,2.0266,2.016,2.0166,5991
1777162500000,2.0166,2.0175,2.0132,2.0168,2764
1777163400000,2.0168,2.0175,2.0115,2.0135,1649
1777164300000,2.0135,2.0167,2.0085,2.0125,697
1777165200000,2.0125,2.0144,2.0075,2.0144,5491
1777166100000,2.0144,2.0182,2.012,2.0142,6883
1777167000000,2.0142,2.0168,2.0129,2.0134,1860
1777167900000,2.0134,2.0144,2.0091,2.0111,18709
1777168800000,2.0111,2.022,2.0101,2.0206,31785
1777169700000,2.0206,2.0227,2.0175,2.0227,908
1777170600000,2.0227,2.024,2.0176,2.0194,19772
1777171500000,2.0194,2.0226,2.0184,2.0187,1648
1777172400000,2.0187,2.0208,2.0164,2.0208,917
1777173300000,2.0208,2.0258,2.0157,2.0157,35902
1777174200000,2.0157,2.0179,2.0126,2.0176,12172
1777175100000,2.0176,2.0176,2.0128,2.0153,1137
1777176000000,2.0153,2.0169,2.0125,2.0137,16746
1777176900000,2.0137,2.017,2.0097,2.0107,4732
1777177800000,2.0107,2.0113,2.0082,2.0113,4965
1777178700000,2.0113,2.0193,2.0051,2.0088,8609
1777179600000,2.0088,2.0183,2.003,2.0172,8411
1777180500000,2.0172,2.0215,2.0171,2.0183,8343
1777181400000,2.0183,2.0218,2.0141,2.0148,18317
1777182300000,2.0148,2.0148,2.0096,2.0103,1967
1777183200000,2.0103,2.0163,2.0102,2.0149,1956
1777184100000,2.0149,2.0179,2.0114,2.0178,7761
1777185000000,2.0178,2.02,2.0146,2.02,789
1777185900000,2.02,2.02,2.0113,2.0133,2722
1777186800000,2.0133,2.0148,2.0073,2.0124,4383
1777187700000,2.0124,2.0177,2.0086,2.0167,5021
1777188600000,2.0167,2.0275,2.0163,2.0246,6577
1777189500000,2.0246,2.0264,2.0201,2.0202,2156
1777190400000,2.0202,2.0227,2.0166,2.0198,3477
1777191300000,2.0198,2.0198,2.0169,2.0186,1120
1777192200000,2.0186,2.0204,2.0164,2.0178,1143
1777193100000,2.0178,2.0204,2.0158,2.0158,20478
1777194000000,2.0158,2.0224,2.0149,2.0179,2668
1777194900000,2.0179,2.0207,2.0179,2.0198,502
1777195800000,2.0198,2.0221,2.018,2.0196,6250
1777196700000,2.0196,2.0223,2.0177,2.0194,940
1777197600000,2.0194,2.0286,2.0194,2.0273,17595
1777198500000,2.0273,2.0273,2.0245,2.0256,1223
1777199400000,2.0256,2.0256,2.0218,2.0228,3576
1777200300000,2.0228,2.0228,2.0176,2.019,187
1777201200000,2.019,2.0211,2.0169,2.0206,3756
1777202100000,2.0206,2.0238,2.0203,2.0234,5552
1777203000000,2.0234,2.0269,2.0204,2.022,6220
1777203900000,2.022,2.0243,2.0203,2.0238,1034
1777204800000,2.0238,2.0249,2.0211,2.0211,3489
1777205700000,2.0211,2.0258,2.0211,2.0237,1771
1777206600000,2.0237,2.0249,2.0218,2.0234,2867
1777207500000,2.0234,2.0234,2.0177,2.0201,722
1777208400000,2.0201,2.0269,2.0158,2.0253,27851
1777209300000,2.0253,2.0253,2.0188,2.02,2632
1777210200000,2.02,2.0203,2.0163,2.0174,1188
1777211100000,2.0174,2.0182,2.0128,2.0172,18332
1777212000000,2.0172,2.0198,2.016,2.016,2603
1777212900000,2.016,2.0227,2.0153,2.0187,4345
1777213800000,2.0187,2.0238,2.0187,2.0238,2379
1777214700000,2.0238,2.0348,2.0211,2.0322,33238
1777215600000,2.0322,2.0349,2.0248,2.0302,11130
1777216500000,2.0302,2.0308,2.0291,2.0296,1073
1777217400000,2.0296,2.03,2.0265,2.0265,2024
1777218300000,2.0265,2.0283,2.0242,2.0264,5921
1777219200000,2.0264,2.0264,2.0164,2.0186,10346
1777220100000,2.0186,2.0211,2.0168,2.0187,1193
1777221000000,2.0187,2.0226,2.0187,2.0216,5964
1777221900000,2.0216,2.0216,2.0191,2.0193,1237
1777222800000,2.0193,2.0207,2.0146,2.0178,6533
1777223700000,2.0178,2.0197,2.0161,2.0187,242
1777224600000,2.0187,2.0192,2.0156,2.0177,5465
1777225500000,2.0177,2.0201,2.0148,2.0166,1422
1777226400000,2.0166,2.0186,2.0116,2.0171,854
1777227300000,2.0171,2.0192,2.0142,2.0142,2693
1777228200000,2.0142,2.0162,2.0126,2.0126,1968
1777229100000,2.0126,2.0158,2.0104,2.0106,8328
1777230000000,2.0106,2.0157,2.0106,2.0144,549
1777230900000,2.0144,2.0189,2.0003,2.0054,36346
1777231800000,2.0054,2.0082,2.0043,2.0076,2914
1777232700000,2.0076,2.0081,2.0025,2.0025,868
1777233600000,2.0025,2.0042,1.9989,2.0024,5144
1777234500000,2.0024,2.0074,2.0023,2.0074,3430
1777235400000,2.0074,2.0092,2.0052,2.0052,3357
1777236300000,2.0052,2.0059,2.0004,2.0012,1474
1777237200000,2.0012,2.007,2.0012,2.0059,12612
1777238100000,2.0059,2.0072,2.003,2.0072,2087
1777239000000,2.0072,2.0072,2.0014,2.0026,2245
1777239900000,2.0026,2.0139,1.9942,2.0098,29324
1777240800000,2.0098,2.0133,2.0057,2.0101,1690
1777241700000,2.0101,2.0129,2.0066,2.0091,7541
1777242600000,2.0091,2.0127,2.0066,2.0107,1614
1777243500000,2.0107,2.0116,2.0016,2.003,3428
1777244400000,2.003,2.0032,1.9999,2.0018,2932
1777245300000,2.0018,2.006,2.0004,2.0041,703
1777246200000,2.0041,2.0041,1.9987,2.0011,12459
1777247100000,2.0011,2.0022,1.9965,1.9985,5753
1777248000000,1.9985,2.011,1.9978,2.0068,9736
1777248900000,2.0068,2.0107,2.0034,2.0059,6137
1777249800000,2.0059,2.0075,2.0042,2.0068,675
1777250700000,2.0068,2.0169,2.0061,2.0169,4068
1777251600000,2.0169,2.0251,2.0109,2.0109,14988
1777252500000,2.0109,2.0109,1.9968,1.997,6682
1777253400000,1.997,2.0064,1.997,2.0001,1137
1777254300000,2.0001,2.0049,2.0001,2.0029,4608
1777255200000,2.0029,2.0048,2.001,2.001,2704
1777256100000,2.001,2.003,1.9989,2.0011,1292
1777257000000,2.0011,2.0015,1.9984,1.9984,172
1777257900000,1.9984,2.0049,1.9984,2.0012,3768
1777258800000,2.0012,2.0061,1.9992,2.0061,4380
1777259700000,2.0061,2.0061,1.9987,1.9987,2272
1777260600000,1.9987,1.9987,1.9943,1.9951,1900
1777261500000,1.9951,1.9954,1.9913,1.9924,12300
1777262400000,1.9924,1.9924,1.9847,1.9874,9209
1777263300000,1.9874,1.9879,1.9816,1.9816,7588
1777264200000,1.9816,1.9838,1.9787,1.9787,15877
1777265100000,1.9787,1.9787,1.9723,1.9749,11808
1777266000000,1.9749,1.9749,1.9667,1.9702,9934
1777266900000,1.9702,1.9702,1.9532,1.9544,58328
1777267800000,1.9544,1.9619,1.9507,1.9619,16777
1777268700000,1.9619,1.9619,1.9525,1.9574,5279
1777269600000,1.9574,1.9575,1.9517,1.953,1254
1777270500000,1.953,1.9549,1.9506,1.9516,4413
1777271400000,1.9516,1.9516,1.9461,1.947,9107
1777272300000,1.947,1.9562,1.9456,1.9561,8376
1777273200000,1.9561,1.9561,1.944,1.9488,17047
1777274100000,1.9488,1.95,1.944,1.9479,5960
1777275000000,1.9479,1.9479,1.9423,1.9464,9112
1777275900000,1.9464,1.9536,1.9464,1.9514,2441
1777276800000,1.9514,1.9582,1.9498,1.9582,9032
1777277700000,1.9582,1.9582,1.9521,1.9521,4221
1777278600000,1.9521,1.9521,1.9488,1.9511,598
1777279500000,1.9511,1.9529,1.9489,1.9529,1510
1777280400000,1.9529,1.9563,1.9528,1.9563,17696
1777281300000,1.9563,1.957,1.9554,1.9556,549
1777282200000,1.9556,1.9617,1.9541,1.9587,15013
1777283100000,1.9587,1.9601,1.9565,1.9566,1223
1777284000000,1.9566,1.9691,1.9566,1.9681,27212
1777284900000,1.9681,1.97,1.9643,1.9682,4327
1777285800000,1.9682,1.9809,1.9682,1.9798,16832
1777286700000,1.9798,1.9812,1.9736,1.9749,5608
1777287600000,1.9749,1.9749,1.9692,1.9705,4322
1777288500000,1.9705,1.9705,1.9654,1.9683,1784
1777289400000,1.9683,1.9782,1.9683,1.9746,35375
1777290300000,1.9746,1.9824,1.9746,1.9815,10884
1777291200000,1.9815,1.9836,1.9757,1.9772,6861
1777292100000,1.9772,1.9955,1.9772,1.9894,26312
1777293000000,1.9894,1.9949,1.9894,1.9912,3620
1777293900000,1.9912,1.9968,1.9878,1.9918,12821
1777294800000,1.9918,1.9941,1.9877,1.9937,11052
1777295700000,1.9937,1.9976,1.9934,1.994,5236
1777296600000,1.994,1.994,1.9868,1.9869,8938
1777297500000,1.9869,1.9869,1.9798,1.9857,7469
1777298400000,1.9857,1.9881,1.9787,1.9793,4085
1777299300000,1.9793,1.9839,1.9747,1.9753,29775
1777300200000,1.9753,1.99,1.9753,1.9889,25669
1777301100000,1.9889,1.9889,1.9779,1.9819,6635
1777302000000,1.9819,1.9831,1.9754,1.9816,17347
1777302900000,1.9816,1.9832,1.9714,1.9779,22956
1777303800000,1.9779,1.9869,1.9767,1.9793,9726
1777304700000,1.9793,1.9805,1.9734,1.9769,16308
1777305600000,1.9769,1.9818,1.9715,1.9792,4176
1777306500000,1.9792,1.9869,1.9792,1.9853,17103
1777307400000,1.9853,1.9864,1.9783,1.9786,5215
1777308300000,1.9786,1.9786,1.9756,1.9769,8415
1777309200000,1.9769,1.9847,1.9769,1.982,3949
1777310100000,1.982,1.9837,1.9795,1.9819,4128
1777311000000,1.9819,1.9846,1.9819,1.9838,10273
1777311900000,1.9838,1.9843,1.9816,1.9816,2300
1777312800000,1.9816,1.9847,1.9808,1.9825,3552
1777313700000,1.9825,1.9827,1.9778,1.9787,5665
1777314600000,1.9787,1.9789,1.976,1.9766,3969
1777315500000,1.9766,1.9805,1.9766,1.98,856
1777316400000,1.98,1.9806,1.9778,1.9795,4144
1777317300000,1.9795,1.9802,1.9729,1.9729,4785
1777318200000,1.9729,1.975,1.9708,1.9742,3871
1777319100000,1.9742,1.9761,1.9727,1.9741,307
1777320000000,1.9741,1.9798,1.9741,1.9755,9114
1777320900000,1.9755,1.9756,1.9706,1.972,5873
1777321800000,1.972,1.9773,1.9706,1.9766,352
1777322700000,1.9766,1.9781,1.9752,1.9766,4427
1777323600000,1.9766,1.9805,1.9754,1.9803,6983
1777324500000,1.9803,1.9854,1.9803,1.9833,14431
1777325400000,1.9833,1.9857,1.9827,1.9827,419
1777326300000,1.9827,1.9827,1.9756,1.9775,8848
1777327200000,1.9775,1.9797,1.9742,1.9792,4082
1777328100000,1.9792,1.9793,1.9772,1.9782,2560
1777329000000,1.9782,1.9819,1.9782,1.9809,884
1777329900000,1.9809,1.9848,1.9809,1.9826,2287
1777330800000,1.9826,1.9859,1.9817,1.9854,2570
1777331700000,1.9854,1.9871,1.9833,1.9863,17556
1777332600000,1.9863,1.9871,1.9854,1.9854,5804
1777333500000,1.9854,1.9883,1.981,1.982,33313
1777334400000,1.982,1.9833,1.9761,1.9805,16220
1777335300000,1.9805,1.9818,1.977,1.9773,1250
1777336200000,1.9773,1.9773,1.9734,1.9734,3415
1777337100000,1.9734,1.9737,1.9702,1.9702,2262
1777338000000,1.9702,1.9745,1.9676,1.9712,11650
1777338900000,1.9712,1.9713,1.9692,1.9692,1797
1777339800000,1.9692,1.9707,1.9679,1.9707,1209
1777340700000,1.9707,1.976,1.9707,1.9725,6150
1777341600000,1.9725,1.9747,1.9725,1.9737,493
1777342500000,1.9737,1.9816,1.9737,1.9772,767
1777343400000,1.9772,1.9775,1.9714,1.9727,872
1777344300000,1.9727,1.9727,1.9682,1.9727,6333
1777345200000,1.9727,1.9752,1.9691,1.9711,6100
1777346100000,1.9711,1.9749,1.9691,1.9749,3505
1777347000000,1.9749,1.9837,1.9748,1.9805,46157
1777347900000,1.9805,1.9832,1.9796,1.9832,559
1777348800000,1.9832,1.9832,1.9777,1.9806,12935
1777349700000,1.9806,1.9856,1.9806,1.9829,2007
1777350600000,1.9829,1.9865,1.9829,1.9856,4450
1777351500000,1.9856,1.9871,1.9828,1.983,1670
1777352400000,1.983,1.9838,1.9812,1.9823,1812
1777353300000,1.9823,1.99,1.9823,1.9855,9097
1777354200000,1.9855,1.9857,1.9816,1.9834,5629
1777355100000,1.9834,1.9864,1.983,1.9837,3100
1777356000000,1.9837,1.9863,1.9819,1.9828,15533
1777356900000,1.9828,1.9872,1.9811,1.9811,4775
1777357800000,1.9811,1.9822,1.9743,1.9766,7150
1777358700000,1.9766,1.9825,1.9766,1.9803,1754
1777359600000,1.9803,1.9812,1.9779,1.978,3511
1777360500000,1.978,1.9811,1.974,1.9764,3284
1777361400000,1.9764,1.9818,1.9764,1.9801,503
1777362300000,1.9801,1.9801,1.9745,1.9752,3660
1777363200000,1.9752,1.977,1.9727,1.9728,4333
1777364100000,1.9728,1.9803,1.9724,1.978,7417
1777365000000,1.978,1.9812,1.975,1.9752,1410
1777365900000,1.9752,1.9753,1.9692,1.9699,2913
1777366800000,1.9699,1.9719,1.969,1.9695,6571
1777367700000,1.9695,1.9695,1.966,1.9672,4256
1777368600000,1.9672,1.9672,1.9639,1.9641,2412
1777369500000,1.9641,1.9666,1.9608,1.9628,13262
1777370400000,1.9628,1.9643,1.9607,1.9628,2666
1777371300000,1.9628,1.9647,1.9616,1.9631,1241
1777372200000,1.9631,1.9708,1.9631,1.9686,2837
1777373100000,1.9686,1.9689,1.967,1.9676,795
1777374000000,1.9676,1.9693,1.965,1.965,7784
1777374900000,1.965,1.9657,1.9634,1.9651,2017
1777375800000,1.9651,1.9653,1.9594,1.9607,10355
1777376700000,1.9607,1.9607,1.9526,1.9531,26234
1777377600000,1.9531,1.954,1.947,1.9487,18368
1777378500000,1.9487,1.9531,1.9444,1.9455,25078
1777379400000,1.9455,1.9503,1.9443,1.9484,12293
1777380300000,1.9484,1.9513,1.948,1.9513,6326
1777381200000,1.9513,1.9518,1.9436,1.9452,6896
1777382100000,1.9452,1.9549,1.9449,1.9547,1142
1777383000000,1.9547,1.9564,1.9528,1.9564,57582
1777383900000,1.9564,1.9598,1.9489,1.9496,82553
1777384800000,1.9496,1.9496,1.9407,1.9437,28015
1777385700000,1.9437,1.9437,1.9311,1.9316,27412
1777386600000,1.9316,1.9387,1.9305,1.9378,9041
1777387500000,1.9378,1.941,1.9377,1.9408,4361
1777388400000,1.9408,1.9434,1.9388,1.9388,5408
1777389300000,1.9388,1.9388,1.9365,1.9376,1452
1777390200000,1.9376,1.941,1.9339,1.9366,6233
1777391100000,1.9366,1.9385,1.9355,1.9367,3347
1777392000000,1.9367,1.94,1.9315,1.94,4421
1777392900000,1.94,1.9508,1.94,1.9444,27705
1777393800000,1.9444,1.9444,1.9395,1.9397,1451
1777394700000,1.9397,1.9461,1.9397,1.9443,1101
1777395600000,1.9443,1.9443,1.9409,1.9439,2275
1777396500000,1.9439,1.9439,1.9396,1.9437,916
1777397400000,1.9437,1.9501,1.9437,1.9473,13116
1777398300000,1.9473,1.9481,1.9435,1.9446,2640
1777399200000,1.9446,1.9446,1.9419,1.9436,11133
1777400100000,1.9436,1.9453,1.9426,1.9453,1453
1777401000000,1.9453,1.9454,1.9406,1.9406,379
1777401900000,1.9406,1.9448,1.9405,1.9444,5327
1777402800000,1.9444,1.9451,1.9415,1.9423,537
1777403700000,1.9423,1.9423,1.9401,1.9412,1874
1777404600000,1.9412,1.9486,1.9412,1.9486,4866
1777405500000,1.9486,1.9498,1.946,1.9491,9133
1777406400000,1.9491,1.9535,1.9481,1.9491,13645
1777407300000,1.9491,1.9491,1.9477,1.9487,362
1777408200000,1.9487,1.9502,1.9487,1.949,463
1777409100000,1.949,1.949,1.9448,1.945,747
1777410000000,1.945,1.9555,1.945,1.9552,15450
1777410900000,1.9552,1.956,1.9531,1.9531,608
1777411800000,1.9531,1.9531,1.9519,1.9519,450
1777412700000,1.9519,1.9536,1.9504,1.9536,251
1777413600000,1.9536,1.9547,1.952,1.9529,4965
1777414500000,1.9529,1.9548,1.9523,1.9548,1041
1777415400000,1.9548,1.9581,1.9546,1.9569,2980
1777416300000,1.9569,1.9569,1.9556,1.9567,959
1777417200000,1.9567,1.9569,1.9547,1.9553,1500
1777418100000,1.9553,1.9553,1.9527,1.9527,989
1777419000000,1.9527,1.9528,1.9516,1.9523,500
1777419900000,1.9523,1.9538,1.9516,1.9517,2771
1777420800000,1.9517,1.9642,1.9516,1.9621,58677
1777421700000,1.9621,1.9622,1.958,1.9609,7137
1777422600000,1.9609,1.9648,1.96,1.9648,377
1777423500000,1.9648,1.9658,1.9588,1.9588,2321
1777424400000,1.9588,1.9622,1.9588,1.9616,1980
1777425300000,1.9616,1.9654,1.9616,1.965,1188
1777426200000,1.965,1.9691,1.9631,1.9691,5204
1777427100000,1.9691,1.9743,1.9688,1.9742,4321
1777428000000,1.9742,1.9799,1.9737,1.9793,2562
1777428900000,1.9793,1.9832,1.9784,1.9799,5380
1777429800000,1.9799,1.9799,1.9715,1.9715,15159
1777430700000,1.9715,1.975,1.9697,1.9729,2913
1777431600000,1.9729,1.9818,1.9729,1.9807,8900
1777432500000,1.9807,1.9821,1.9799,1.9818,360
1777433400000,1.9818,1.9845,1.981,1.9827,6392
1777434300000,1.9827,1.9864,1.9814,1.985,2691
1777435200000,1.985,1.9879,1.9846,1.986,1391
1777436100000,1.986,1.9861,1.9806,1.9806,1553
1777437000000,1.9806,1.9858,1.9806,1.9838,1154
1777437900000,1.9838,1.9868,1.9838,1.986,350
1777438800000,1.986,1.986,1.9813,1.9813,1598
1777439700000,1.9813,1.9819,1.9813,1.9818,1724
1777440600000,1.9818,1.9828,1.98,1.9806,1644
1777441500000,1.9806,1.9829,1.9765,1.9775,41894
1777442400000,1.9775,1.9786,1.9756,1.9762,2918
1777443300000,1.9762,1.9762,1.9751,1.9751,524
1777444200000,1.9751,1.9776,1.973,1.973,5557
1777445100000,1.973,1.9738,1.9691,1.9715,18285
1777446000000,1.9715,1.9725,1.9688,1.9698,6739
1777446900000,1.9698,1.9724,1.9663,1.9694,3146
1777447800000,1.9694,1.9736,1.9694,1.9735,902
1777448700000,1.9735,1.9735,1.9665,1.9688,3766
1777449600000,1.9688,1.9688,1.9629,1.9629,3233
1777450500000,1.9629,1.9648,1.9625,1.9626,3063
1777451400000,1.9626,1.9653,1.9595,1.9595,4134
1777452300000,1.9595,1.9626,1.9595,1.9616,171
1777453200000,1.9616,1.9616,1.9559,1.9577,9811
1777454100000,1.9577,1.9607,1.9574,1.9575,4077
1777455000000,1.9575,1.9652,1.9571,1.9621,18659
1777455900000,1.9621,1.97,1.9621,1.9665,4769
1777456800000,1.9665,1.9715,1.9665,1.9672,6179
1777457700000,1.9672,1.9702,1.9662,1.9662,2070
1777458600000,1.9662,1.9671,1.962,1.9651,2160
1777459500000,1.9651,1.9653,1.9618,1.962,872
1777460400000,1.962,1.9632,1.9605,1.9605,6373
1777461300000,1.9605,1.9619,1.9592,1.9611,9034
1777462200000,1.9611,1.9623,1.9566,1.9614,8169
1777463100000,1.9614,1.9631,1.9588,1.9588,3894
1777464000000,1.9588,1.9592,1.948,1.948,6167
1777464900000,1.948,1.9548,1.9478,1.9535,11283
1777465800000,1.9535,1.9569,1.952,1.9552,2055
1777466700000,1.9552,1.9552,1.9507,1.9507,3762
1777467600000,1.9507,1.952,1.9415,1.9423,11427
1777468500000,1.9423,1.9443,1.94,1.9418,6837
1777469400000,1.9418,1.9443,1.9412,1.942,2158
1777470300000,1.942,1.9446,1.9376,1.9446,10246
1777471200000,1.9446,1.9478,1.9415,1.9478,4432
1777472100000,1.9478,1.9511,1.9467,1.9511,13747
1777473000000,1.9511,1.9515,1.9473,1.9473,1949
1777473900000,1.9473,1.9473,1.9423,1.9423,1750
1777474800000,1.9423,1.9423,1.9288,1.929,20739
1777475700000,1.929,1.9315,1.9255,1.9315,10905
1777476600000,1.9315,1.9315,1.9205,1.9225,7144
1777477500000,1.9225,1.9248,1.9203,1.9219,14402
1777478400000,1.9219,1.9263,1.9202,1.924,6716
1777479300000,1.924,1.9251,1.9191,1.923,10363
1777480200000,1.923,1.927,1.9205,1.9215,2485
1777481100000,1.9215,1.9225,1.9179,1.9215,973
1777482000000,1.9215,1.9278,1.9215,1.9277,2228
1777482900000,1.9277,1.9277,1.9241,1.9243,2320
1777483800000,1.9243,1.9265,1.924,1.9265,1834
1777484700000,1.9265,1.9352,1.9265,1.9338,3532
1777485600000,1.9338,1.9359,1.89,1.9017,117838
1777486500000,1.9017,1.909,1.893,1.9002,86708
1777487400000,1.9002,1.9107,1.8944,1.9057,33755
1777488300000,1.9057,1.9142,1.9044,1.9142,4893
1777489200000,1.9142,1.9148,1.9094,1.9133,6550
1777490100000,1.9133,1.9154,1.9121,1.9132,1778
1777491000000,1.9132,1.9133,1.906,1.9133,342
1777491900000,1.9133,1.9135,1.9111,1.9123,1041
1777492800000,1.9123,1.918,1.9116,1.9145,12159
1777493700000,1.9145,1.918,1.9145,1.917,873
1777494600000,1.917,1.9191,1.916,1.916,1631
1777495500000,1.916,1.9174,1.916,1.9166,1576
1777496400000,1.9166,1.919,1.9129,1.9174,36754
1777497300000,1.9174,1.9211,1.9174,1.9205,1137
1777498200000,1.9205,1.9243,1.9205,1.9243,1729
1777499100000,1.9243,1.9252,1.9195,1.9195,12766
1777500000000,1.9195,1.9215,1.9148,1.9215,11717
1777500900000,1.9215,1.9239,1.916,1.916,1809
1777501800000,1.916,1.923,1.916,1.9218,1151
1777502700000,1.9218,1.924,1.9186,1.9186,3572
1777503600000,1.9186,1.9194,1.9151,1.9194,3644
1777504500000,1.9194,1.9195,1.9165,1.918,146
1777505400000,1.918,1.9245,1.918,1.924,491
1777506300000,1.924,1.9273,1.9217,1.9264,17144
1777507200000,1.9264,1.9282,1.9254,1.9254,4225
1777508100000,1.9254,1.926,1.923,1.926,3095
1777509000000,1.926,1.934,1.926,1.9306,27241
1777509900000,1.9306,1.9377,1.9306,1.9369,7200
1777510800000,1.9369,1.9378,1.9332,1.9336,751
1777511700000,1.9336,1.9336,1.9299,1.933,706
1777512600000,1.933,1.938,1.933,1.9349,602
1777513500000,1.9349,1.9356,1.9299,1.9299,3918
1777514400000,1.9299,1.9306,1.9258,1.9294,15567
1777515300000,1.9294,1.9294,1.9217,1.9227,4801
1777516200000,1.9227,1.9227,1.9104,1.9114,7660
1777517100000,1.9114,1.9147,1.907,1.9127,5360
1777518000000,1.9127,1.9127,1.9072,1.9072,3746
1777518900000,1.9072,1.9123,1.9016,1.9117,40068
1777519800000,1.9117,1.9161,1.9107,1.915,3744
1777520700000,1.915,1.9161,1.9135,1.9144,370
1777521600000,1.9144,1.9152,1.9103,1.9127,3763
1777522500000,1.9127,1.9127,1.9081,1.9117,2343
1777523400000,1.9117,1.9117,1.9001,1.9012,5669
1777524300000,1.9012,1.9044,1.8984,1.899,3975
1777525200000,1.899,1.9064,1.899,1.9043,6952
1777526100000,1.9043,1.906,1.8978,1.8999,5156
1777527000000,1.8999,1.9119,1.8999,1.9108,7425
1777527900000,1.9108,1.919,1.9073,1.9073,42563
1777528800000,1.9073,1.9105,1.9046,1.9046,706
1777529700000,1.9046,1.908,1.9045,1.9054,29605
1777530600000,1.9054,1.9133,1.9054,1.9129,2457
1777531500000,1.9129,1.9157,1.9113,1.9134,3983
1777532400000,1.9134,1.9149,1.9127,1.9127,4225
1777533300000,1.9127,1.9129,1.911,1.9128,929
1777534200000,1.9128,1.9141,1.9113,1.9135,2738
1777535100000,1.9135,1.9142,1.91,1.9103,3096
1777536000000,1.9103,1.9128,1.9082,1.9082,5800
1777536900000,1.9082,1.9095,1.9066,1.9085,4083
1777537800000,1.9085,1.9108,1.9075,1.9108,1279
1777538700000,1.9108,1.9108,1.9067,1.9068,593
1777539600000,1.9068,1.9075,1.9044,1.9056,1134
1777540500000,1.9056,1.9099,1.9048,1.9099,1857
1777541400000,1.9099,1.9111,1.909,1.9099,3518
1777542300000,1.9099,1.9109,1.9072,1.9096,3191
1777543200000,1.9096,1.9189,1.9087,1.9118,2130
1777544100000,1.9118,1.9193,1.9101,1.9154,977
1777545000000,1.9154,1.9208,1.9154,1.9162,1239
1777545900000,1.9162,1.9162,1.9138,1.914,1371
1777546800000,1.914,1.9195,1.9127,1.9195,1134
1777547700000,1.9195,1.9218,1.9179,1.9179,935
1777548600000,1.9179,1.9202,1.9151,1.9171,4902
1777549500000,1.9171,1.921,1.9146,1.9192,12688
1777550400000,1.9192,1.9227,1.919,1.9204,3100
1777551300000,1.9204,1.9248,1.9203,1.9203,1520
1777552200000,1.9203,1.921,1.9133,1.9133,5776
1777553100000,1.9133,1.9138,1.9062,1.9068,8073
1777554000000,1.9068,1.9109,1.9062,1.909,2263
1777554900000,1.909,1.9109,1.9082,1.909,1269
1777555800000,1.909,1.9104,1.906,1.9082,4526
1777556700000,1.9082,1.9124,1.905,1.905,2497
1777557600000,1.905,1.9096,1.9048,1.9092,4850
1777558500000,1.9092,1.9092,1.9024,1.9046,4656
1777559400000,1.9046,1.9093,1.9031,1.9033,1448
1777560300000,1.9033,1.9057,1.9011,1.9011,3528
1777561200000,1.9011,1.9053,1.9011,1.9034,3099
1777562100000,1.9034,1.9043,1.9006,1.9013,910
1777563000000,1.9013,1.9045,1.8981,1.9031,4515
1777563900000,1.9031,1.9065,1.901,1.9057,2363
1777564800000,1.9057,1.9061,1.9011,1.906,12395
1777565700000,1.906,1.906,1.8982,1.8985,639
1777566600000,1.8985,1.899,1.896,1.896,1520
1777567500000,1.896,1.8966,1.8899,1.8899,7682
1777568400000,1.8899,1.8926,1.8859,1.8879,6829
1777569300000,1.8879,1.8879,1.8785,1.8825,11808
1777570200000,1.8825,1.8847,1.8814,1.8814,4428
1777571100000,1.8814,1.8824,1.8777,1.8777,2436
1777572000000,1.8777,1.8806,1.875,1.8806,29036
1777572900000,1.8806,1.8856,1.8806,1.8846,2333
1777573800000,1.8846,1.8907,1.8834,1.8906,5483
1777574700000,1.8906,1.8906,1.8865,1.8865,568
1777575600000,1.8865,1.8921,1.8852,1.8872,1958
1777576500000,1.8872,1.8872,1.8793,1.8812,3020
1777577400000,1.8812,1.8844,1.8794,1.882,1324
1777578300000,1.882,1.8821,1.8783,1.879,119
1777579200000,1.879,1.8811,1.8776,1.8809,1901
1777580100000,1.8809,1.8828,1.8804,1.8828,1355
1777581000000,1.8828,1.8828,1.8784,1.8796,7960
1777581900000,1.8796,1.8818,1.8794,1.8798,9291
1777582800000,1.8798,1.8824,1.8774,1.8795,3124
1777583700000,1.8795,1.8795,1.875,1.876,1764
1777584600000,1.876,1.8795,1.876,1.8795,696
1777585500000,1.8795,1.8813,1.8766,1.8766,14226
1777586400000,1.8766,1.8786,1.8763,1.8765,420
1777587300000,1.8765,1.8792,1.8765,1.8774,203
1777588200000,1.8774,1.8804,1.876,1.88,6644
1777589100000,1.88,1.8819,1.88,1.8819,1976
1777590000000,1.8819,1.8827,1.8807,1.8826,1163
1777590900000,1.8826,1.8862,1.8818,1.8862,1157
1777591800000,1.8862,1.8914,1.8858,1.8877,14676
1777592700000,1.8877,1.8899,1.8862,1.8862,866
1777593600000,1.8862,1.8883,1.8779,1.8804,10723
1777594500000,1.8804,1.8813,1.8768,1.8805,2225
1777595400000,1.8805,1.8807,1.8787,1.8807,928
1777596300000,1.8807,1.8807,1.8762,1.878,4473
1777597200000,1.878,1.8838,1.878,1.8836,2533
1777598100000,1.8836,1.8839,1.8819,1.8823,159
1777599000000,1.8823,1.8831,1.8764,1.8806,7987
1777599900000,1.8806,1.8822,1.8799,1.8822,461
1777600800000,1.8822,1.8845,1.8817,1.8834,1644
1777601700000,1.8834,1.8847,1.8831,1.8843,751
1777602600000,1.8843,1.8879,1.8843,1.887,953
1777603500000,1.887,1.8888,1.8869,1.8873,1350
1777604400000,1.8873,1.8873,1.8838,1.8867,878
1777605300000,1.8867,1.9023,1.8867,1.8979,6007
1777606200000,1.8979,1.8993,1.8954,1.8976,1750
1777607100000,1.8976,1.8976,1.8881,1.8881,21325
1777608000000,1.8881,1.8919,1.8867,1.8902,3811
1777608900000,1.8902,1.8911,1.886,1.8863,3857
1777609800000,1.8863,1.8901,1.8859,1.8901,6642
1777610700000,1.8901,1.8937,1.8901,1.8909,5635
1777611600000,1.8909,1.8909,1.8872,1.8898,303
1777612500000,1.8898,1.8898,1.8862,1.8862,165
1777613400000,1.8862,1.8862,1.8846,1.8857,1157
1777614300000,1.8857,1.8857,1.8831,1.8831,1014
1777615200000,1.8831,1.8839,1.8767,1.8783,28607
1777616100000,1.8783,1.8795,1.8778,1.8792,13432
1777617000000,1.8792,1.8805,1.8741,1.8767,7491
1777617900000,1.8767,1.877,1.8724,1.8755,15472
1777618800000,1.8755,1.8765,1.8725,1.8731,2320
1777619700000,1.8731,1.8767,1.8696,1.8704,9281
1777620600000,1.8704,1.8737,1.8702,1.8719,2129
1777621500000,1.8719,1.8752,1.8719,1.8732,1423
1777622400000,1.8732,1.8751,1.8714,1.8738,10734
1777623300000,1.8738,1.8816,1.8738,1.8797,58374
1777624200000,1.8797,1.8829,1.8773,1.8778,41098
1777625100000,1.8778,1.8819,1.877,1.8808,15393
1777626000000,1.8808,1.8829,1.8803,1.8815,10746
1777626900000,1.8815,1.8815,1.8774,1.8807,2293
1777627800000,1.8807,1.8808,1.8786,1.8801,839
1777628700000,1.8801,1.8801,1.8775,1.8775,1406
1777629600000,1.8775,1.8783,1.8703,1.8735,3766
1777630500000,1.8735,1.8743,1.8723,1.8725,2307
1777631400000,1.8725,1.8743,1.8717,1.8743,1354
1777632300000,1.8743,1.8758,1.8736,1.8756,2892
1777633200000,1.8756,1.8781,1.8743,1.8779,728
1777634100000,1.8779,1.8789,1.8735,1.8743,1249
1777635000000,1.8743,1.8755,1.8731,1.8745,916
1777635900000,1.8745,1.878,1.8745,1.878,3135
1777636800000,1.878,1.8839,1.8766,1.8826,4263
1777637700000,1.8826,1.8985,1.8826,1.8977,61289
1777638600000,1.8977,1.9002,1.8941,1.8941,8618
1777639500000,1.8941,1.8941,1.8898,1.8933,3452
1777640400000,1.8933,1.9049,1.8933,1.9018,22505
1777641300000,1.9018,1.9018,1.8964,1.8977,4943
1777642200000,1.8977,1.9019,1.8977,1.9004,3008
1777643100000,1.9004,1.9102,1.9004,1.9092,10289
1777644000000,1.9092,1.9133,1.9026,1.9067,7388
1777644900000,1.9067,1.9111,1.9042,1.91,3870
1777645800000,1.91,1.9101,1.904,1.906,3380
1777646700000,1.906,1.9122,1.9044,1.912,943
1777647600000,1.912,1.912,1.9055,1.9089,13351
1777648500000,1.9089,1.9116,1.9069,1.9115,4083
1777649400000,1.9115,1.9138,1.9092,1.9138,8065
1777650300000,1.9138,1.9139,1.9057,1.9108,40697
1777651200000,1.9108,1.913,1.9053,1.9053,7315
1777652100000,1.9053,1.9078,1.9001,1.9027,21742
1777653000000,1.9027,1.9051,1.9006,1.9046,2826
1777653900000,1.9046,1.9067,1.9029,1.9035,1670
1777654800000,1.9035,1.9038,1.8993,1.9011,2836
1777655700000,1.9011,1.9038,1.9011,1.902,1932
1777656600000,1.902,1.9052,1.9017,1.9052,1991
1777657500000,1.9052,1.9068,1.9039,1.9057,1102
1777658400000,1.9057,1.9057,1.903,1.9034,3179
1777659300000,1.9034,1.9053,1.9026,1.9053,2827
1777660200000,1.9053,1.9089,1.9046,1.9089,1212
1777661100000,1.9089,1.9124,1.9089,1.9124,1475
1777662000000,1.9124,1.9159,1.9111,1.9123,2180
1777662900000,1.9123,1.9123,1.9074,1.9116,5640
1777663800000,1.9116,1.9116,1.9025,1.9025,5392
1777664700000,1.9025,1.9026,1.9001,1.9011,8074
1777665600000,1.9011,1.9026,1.8997,1.8998,681
1777666500000,1.8998,1.8998,1.897,1.8982,353
1777667400000,1.8982,1.8982,1.8916,1.8939,5410
1777668300000,1.8939,1.896,1.8876,1.8914,19592
1777669200000,1.8914,1.8914,1.8874,1.8884,7912
1777670100000,1.8884,1.8969,1.8884,1.8954,13551
1777671000000,1.8954,1.8982,1.8954,1.8957,881
1777671900000,1.8957,1.899,1.8939,1.899,854
1777672800000,1.899,1.9013,1.8971,1.9006,2811
1777673700000,1.9006,1.9025,1.9003,1.9005,453
1777674600000,1.9005,1.9019,1.8953,1.8977,12593
1777675500000,1.8977,1.8977,1.8933,1.8948,421
1777676400000,1.8948,1.8949,1.8921,1.8932,12464
1777677300000,1.8932,1.8944,1.8888,1.8888,2357
1777678200000,1.8888,1.8938,1.8888,1.8938,4782
1777679100000,1.8938,1.8964,1.8938,1.8956,11570
1777680000000,1.8956,1.9026,1.8956,1.9002,1474
1777680900000,1.9002,1.9044,1.8969,1.9011,3118
1777681800000,1.9011,1.9028,1.9005,1.9023,1538
1777682700000,1.9023,1.905,1.9023,1.9035,630
1777683600000,1.9035,1.9047,1.9021,1.9028,975
1777684500000,1.9028,1.9028,1.901,1.9027,782
1777685400000,1.9027,1.9036,1.8997,1.9006,2849
1777686300000,1.9006,1.9006,1.8995,1.8999,320
1777687200000,1.8999,1.9001,1.8949,1.8972,1471
1777688100000,1.8972,1.8972,1.8959,1.8968,268
1777689000000,1.8968,1.9054,1.8961,1.9044,48848
1777689900000,1.9044,1.9046,1.8969,1.8991,12268
1777690800000,1.8991,1.8996,1.8958,1.8961,185
1777691700000,1.8961,1.9,1.8961,1.8989,1573
1777692600000,1.8989,1.8998,1.895,1.8952,1401
1777693500000,1.8952,1.8969,1.893,1.8965,2272
1777694400000,1.8965,1.8965,1.8916,1.893,4135
1777695300000,1.893,1.8944,1.893,1.8941,266
1777696200000,1.8941,1.8966,1.8941,1.8943,850
1777697100000,1.8943,1.8946,1.8921,1.8921,2301
1777698000000,1.8921,1.8956,1.8907,1.8907,7100
1777698900000,1.8907,1.892,1.8892,1.8908,1355
1777699800000,1.8908,1.8935,1.8908,1.8927,546
1777700700000,1.8927,1.8947,1.8887,1.889,6847
1777701600000,1.889,1.891,1.8877,1.8898,462
1777702500000,1.8898,1.8915,1.8888,1.8891,1029
1777703400000,1.8891,1.8906,1.8889,1.8903,678
1777704300000,1.8903,1.8922,1.89,1.8907,3332
1777705200000,1.8907,1.8909,1.8894,1.8909,1703
1777706100000,1.8909,1.8914,1.8897,1.8909,1621
1777707000000,1.8909,1.8909,1.8856,1.886,2802
1777707900000,1.886,1.8867,1.8846,1.886,2161
1777708800000,1.886,1.8868,1.8843,1.8862,1875
1777709700000,1.8862,1.8868,1.8849,1.8861,1320
1777710600000,1.8861,1.8861,1.885,1.8855,4487
1777711500000,1.8855,1.8874,1.8853,1.8866,230
1777712400000,1.8866,1.8919,1.8864,1.8919,1215
1777713300000,1.8919,1.8944,1.8914,1.8914,8510
1777714200000,1.8914,1.894,1.8895,1.8908,1948
1777715100000,1.8908,1.8912,1.8885,1.8889,2495
1777716000000,1.8889,1.8906,1.8889,1.8898,932
1777716900000,1.8898,1.8912,1.889,1.889,1920
1777717800000,1.889,1.8892,1.888,1.889,5221
1777718700000,1.889,1.8901,1.8886,1.8895,2048
1777719600000,1.8895,1.8895,1.8865,1.8865,1940
1777720500000,1.8865,1.8871,1.8846,1.8869,16392
1777721400000,1.8869,1.8869,1.8812,1.8818,3055
1777722300000,1.8818,1.8818,1.8781,1.8781,289
1777723200000,1.8781,1.8813,1.8781,1.8802,3979
1777724100000,1.8802,1.8802,1.871,1.8738,51240
1777725000000,1.8738,1.8738,1.8694,1.8725,5528
1777725900000,1.8725,1.8725,1.862,1.862,108791
1777726800000,1.862,1.8686,1.862,1.8683,12175
1777727700000,1.8683,1.8707,1.8677,1.8704,3271
1777728600000,1.8704,1.8738,1.8694,1.8726,9634
1777729500000,1.8726,1.8754,1.8726,1.8745,5854
1777730400000,1.8745,1.879,1.8745,1.8778,2074
1777731300000,1.8778,1.8829,1.8763,1.8818,6640
1777732200000,1.8818,1.8839,1.8794,1.8807,669
1777733100000,1.8807,1.8856,1.8801,1.8846,2113
1777734000000,1.8846,1.8852,1.8812,1.8852,2285
1777734900000,1.8852,1.889,1.882,1.882,19325
1777735800000,1.882,1.882,1.8784,1.8784,4463
1777736700000,1.8784,1.8823,1.8784,1.8821,612
1777737600000,1.8821,1.8859,1.8821,1.8859,5829
1777738500000,1.8859,1.8912,1.8848,1.8848,2670
1777739400000,1.8848,1.8851,1.8836,1.8847,3958
1777740300000,1.8847,1.8862,1.8843,1.8862,467
1777741200000,1.8862,1.8862,1.8812,1.8839,5255
1777742100000,1.8839,1.8849,1.8818,1.883,890
1777743000000,1.883,1.8841,1.8808,1.8808,2822
1777743900000,1.8808,1.8808,1.8784,1.8787,1153
1777744800000,1.8787,1.879,1.8755,1.8762,7932
1777745700000,1.8762,1.8768,1.8749,1.8751,421
1777746600000,1.8751,1.8774,1.8751,1.8765,1095
1777747500000,1.8765,1.8793,1.8765,1.8784,639
1777748400000,1.8784,1.884,1.8775,1.884,1459
1777749300000,1.884,1.8883,1.8839,1.8873,3222
1777750200000,1.8873,1.8924,1.8868,1.8897,1529
1777751100000,1.8897,1.8897,1.8859,1.8863,1664
1777752000000,1.8863,1.888,1.8858,1.8872,3460
1777752900000,1.8872,1.8875,1.8866,1.8871,622
1777753800000,1.8871,1.8891,1.8867,1.8882,1491
1777754700000,1.8882,1.8889,1.887,1.887,1065
1777755600000,1.887,1.888,1.8854,1.8858,2571
1777756500000,1.8858,1.8892,1.8858,1.8879,1325
1777757400000,1.8879,1.8998,1.8879,1.8931,18536
1777758300000,1.8931,1.8956,1.8911,1.8917,3591
1777759200000,1.8917,1.8952,1.8907,1.8931,1388
1777760100000,1.8931,1.8931,1.8879,1.8885,1680
1777761000000,1.8885,1.8888,1.8875,1.8887,288
1777761900000,1.8887,1.8893,1.8866,1.8876,2333
1777762800000,1.8876,1.8876,1.8836,1.8858,1465
1777763700000,1.8858,1.8858,1.8833,1.8844,133
1777764600000,1.8844,1.885,1.8834,1.8834,606
1777765500000,1.8834,1.8834,1.8798,1.8818,1767
1777766400000,1.8818,1.8822,1.8609,1.8677,26898
1777767300000,1.8677,1.8736,1.8644,1.8725,5388
1777768200000,1.8725,1.8725,1.8668,1.8677,1781
1777769100000,1.8677,1.8687,1.8648,1.8673,2376
1777770000000,1.8673,1.8673,1.8582,1.8631,5971
1777770900000,1.8631,1.8659,1.86,1.8629,2961
1777771800000,1.8629,1.8629,1.8558,1.8559,3809
1777772700000,1.8559,1.8612,1.8559,1.8578,3815
1777773600000,1.8578,1.8579,1.8527,1.8555,8762
1777774500000,1.8555,1.8613,1.8555,1.8595,22324
1777775400000,1.8595,1.8657,1.8595,1.8657,706
1777776300000,1.8657,1.8696,1.8654,1.8696,7969
1777777200000,1.8696,1.8696,1.8655,1.8665,1971
1777778100000,1.8665,1.8665,1.8652,1.8657,1994
1777779000000,1.8657,1.8725,1.8657,1.8713,1035
1777779900000,1.8713,1.8717,1.8695,1.8708,3760
1777780800000,1.8708,1.8708,1.8661,1.8675,2996
1777781700000,1.8675,1.8787,1.8675,1.8757,15783
1777782600000,1.8757,1.8777,1.8757,1.8774,145
1777783500000,1.8774,1.8778,1.8756,1.8766,1972
1777784400000,1.8766,1.8821,1.8766,1.8813,1183
1777785300000,1.8813,1.8825,1.8789,1.8801,1375
1777786200000,1.8801,1.8846,1.8786,1.8829,3787
1777787100000,1.8829,1.8854,1.8825,1.8841,5487
1777788000000,1.8841,1.8861,1.8817,1.8822,3334
1777788900000,1.8822,1.8837,1.8818,1.8822,618
1777789800000,1.8822,1.8861,1.8822,1.8855,1043
1777790700000,1.8855,1.8904,1.8853,1.887,1753
1777791600000,1.887,1.887,1.8848,1.8855,794
1777792500000,1.8855,1.8877,1.8817,1.8868,3204
1777793400000,1.8868,1.8868,1.8855,1.8864,1353
1777794300000,1.8864,1.8877,1.8829,1.8839,10145
1777795200000,1.8839,1.8845,1.8822,1.8842,1941
1777796100000,1.8842,1.8873,1.8837,1.8847,3103
1777797000000,1.8847,1.8857,1.8814,1.8814,12256
1777797900000,1.8814,1.8821,1.8788,1.8789,711
1777798800000,1.8789,1.8792,1.876,1.876,5086
1777799700000,1.876,1.8774,1.8721,1.8756,15231
1777800600000,1.8756,1.8776,1.8734,1.8774,10742
1777801500000,1.8774,1.8774,1.8747,1.8752,319
1777802400000,1.8752,1.8752,1.873,1.873,1591
1777803300000,1.873,1.8758,1.873,1.8747,1062
1777804200000,1.8747,1.876,1.8747,1.8759,909
1777805100000,1.8759,1.8777,1.8713,1.8719,15176
1777806000000,1.8719,1.8808,1.87,1.8795,6914
1777806900000,1.8795,1.8837,1.879,1.8837,7622
1777807800000,1.8837,1.8883,1.8832,1.8857,7534
1777808700000,1.8857,1.8859,1.8833,1.8833,3607
1777809600000,1.8833,1.892,1.8818,1.8912,13168
1777810500000,1.8912,1.8918,1.8884,1.8912,4473
1777811400000,1.8912,1.8917,1.8873,1.8885,1362
1777812300000,1.8885,1.8899,1.8863,1.8863,10916
1777813200000,1.8863,1.8881,1.8853,1.8875,3900
1777814100000,1.8875,1.8875,1.8827,1.8827,4716
1777815000000,1.8827,1.8866,1.8827,1.8836,6202
1777815900000,1.8836,1.8863,1.8826,1.8863,1054
1777816800000,1.8863,1.8863,1.8829,1.8842,1927
1777817700000,1.8842,1.885,1.8822,1.8839,1182
1777818600000,1.8839,1.8844,1.8829,1.8835,288
1777819500000,1.8835,1.8848,1.8831,1.8845,2755
1777820400000,1.8845,1.8867,1.8839,1.8851,666
1777821300000,1.8851,1.8873,1.8838,1.8871,4096
1777822200000,1.8871,1.8912,1.8863,1.8903,6926
1777823100000,1.8903,1.8955,1.889,1.8926,7940
1777824000000,1.8926,1.895,1.8893,1.8903,6046
1777824900000,1.8903,1.8916,1.8883,1.8899,960
1777825800000,1.8899,1.8933,1.8899,1.891,871
1777826700000,1.891,1.891,1.8872,1.8872,1422
1777827600000,1.8872,1.8872,1.8809,1.8842,13528
1777828500000,1.8842,1.8865,1.8842,1.885,4022
1777829400000,1.885,1.8898,1.8826,1.8898,2213
1777830300000,1.8898,1.8898,1.8861,1.8868,2984
1777831200000,1.8868,1.8909,1.8864,1.8887,8486
1777832100000,1.8887,1.8897,1.8852,1.8872,6904
1777833000000,1.8872,1.8897,1.8872,1.8877,1100
1777833900000,1.8877,1.8894,1.8869,1.8874,496
1777834800000,1.8874,1.8881,1.8856,1.8869,2571
1777835700000,1.8869,1.8871,1.8846,1.8863,5196
1777836600000,1.8863,1.8885,1.8861,1.8875,1563
1777837500000,1.8875,1.8889,1.887,1.8878,1029
1777838400000,1.8878,1.8892,1.8873,1.8887,8725
1777839300000,1.8887,1.8907,1.888,1.8905,588
1777840200000,1.8905,1.8926,1.8894,1.8894,2109
1777841100000,1.8894,1.8894,1.8861,1.8871,223
1777842000000,1.8871,1.8884,1.8849,1.8881,7665
1777842900000,1.8881,1.8882,1.8851,1.8859,6003
1777843800000,1.8859,1.8859,1.8741,1.8752,10408
1777844700000,1.8752,1.8795,1.8752,1.8795,273
1777845600000,1.8795,1.8899,1.8795,1.8899,9898
1777846500000,1.8899,1.8899,1.8819,1.8829,10530
1777847400000,1.8829,1.8867,1.8809,1.8867,271
1777848300000,1.8867,1.8868,1.8825,1.8825,390
1777849200000,1.8825,1.8827,1.8787,1.8791,1237
1777850100000,1.8791,1.8791,1.8731,1.8746,3988
1777851000000,1.8746,1.8761,1.8744,1.8755,639
1777851900000,1.8755,1.8755,1.8737,1.8741,2603
1777852800000,1.8741,1.8807,1.8711,1.8775,7573
1777853700000,1.8775,1.8781,1.8757,1.8781,539
1777854600000,1.8781,1.8791,1.8779,1.8791,101
1777855500000,1.8791,1.89,1.879,1.89,3404
1777856400000,1.89,1.89,1.8839,1.8883,1230
1777857300000,1.8883,1.8919,1.8883,1.8905,2552
1777858200000,1.8905,1.8982,1.8905,1.8975,10340
1777859100000,1.8975,1.9123,1.8975,1.9096,72780
1777860000000,1.9096,1.9167,1.9086,1.9104,16462
1777860900000,1.9104,1.9157,1.9095,1.9124,20227
1777861800000,1.9124,1.9166,1.9111,1.9166,17672
1777862700000,1.9166,1.9183,1.9143,1.9175,9221
1777863600000,1.9175,1.9217,1.9163,1.9197,10610
1777864500000,1.9197,1.9221,1.9148,1.9148,5997
1777865400000,1.9148,1.9148,1.9112,1.9131,1808
1777866300000,1.9131,1.9178,1.9129,1.9175,1540
1777867200000,1.9175,1.9198,1.9172,1.9182,4143
1777868100000,1.9182,1.9228,1.9182,1.9186,9059
1777869000000,1.9186,1.921,1.9146,1.9153,17742
1777869900000,1.9153,1.922,1.9143,1.9188,5577
1777870800000,1.9188,1.9188,1.9112,1.9124,20251
1777871700000,1.9124,1.9136,1.9089,1.9114,3127
1777872600000,1.9114,1.9169,1.9114,1.9164,2349
1777873500000,1.9164,1.9173,1.9146,1.9171,1013
1777874400000,1.9171,1.9177,1.911,1.9137,3424
1777875300000,1.9137,1.9137,1.9004,1.9066,25208
1777876200000,1.9066,1.907,1.9066,1.907,203
1777877100000,1.907,1.9111,1.9067,1.9106,372
1777878000000,1.9106,1.9106,1.9036,1.9065,11918
1777878900000,1.9065,1.9088,1.9065,1.907,4668
1777879800000,1.907,1.907,1.9022,1.9033,594
1777880700000,1.9033,1.9051,1.9019,1.9019,2317
1777881600000,1.9019,1.9019,1.8944,1.9002,17906
1777882500000,1.9002,1.9002,1.8919,1.8934,11680
1777883400000,1.8934,1.895,1.8931,1.8937,1295
1777884300000,1.8937,1.9,1.8937,1.8967,97835
1777885200000,1.8967,1.8975,1.8926,1.8926,7340
1777886100000,1.8926,1.8942,1.892,1.8926,278
1777887000000,1.8926,1.9024,1.892,1.9024,87428
1777887900000,1.9024,1.91,1.9016,1.9087,46466
1777888800000,1.9087,1.9089,1.8719,1.8747,289365
1777889700000,1.8747,1.8747,1.8644,1.873,57045
1777890600000,1.873,1.8881,1.8726,1.8844,26223
1777891500000,1.8844,1.8856,1.8815,1.8824,4506
1777892400000,1.8824,1.8839,1.8799,1.8822,3273
1777893300000,1.8822,1.8822,1.8765,1.8765,3634
1777894200000,1.8765,1.8789,1.876,1.8777,925
1777895100000,1.8777,1.8781,1.8752,1.8757,2549
1777896000000,1.8757,1.881,1.8745,1.8785,2942
1777896900000,1.8785,1.8785,1.8758,1.8768,5202
1777897800000,1.8768,1.8772,1.8681,1.8734,16913
1777898700000,1.8734,1.8768,1.8713,1.8753,7851
1777899600000,1.8753,1.8753,1.8683,1.8711,16091
1777900500000,1.8711,1.8766,1.8711,1.8749,6813
1777901400000,1.8749,1.8754,1.872,1.8725,2501
1777902300000,1.8725,1.8729,1.8661,1.8675,6227
1777903200000,1.8675,1.8681,1.8602,1.8678,28405
1777904100000,1.8678,1.8751,1.8678,1.8711,11776
1777905000000,1.8711,1.8743,1.8699,1.8699,9706
1777905900000,1.8699,1.8868,1.8689,1.8809,21703
1777906800000,1.8809,1.8816,1.8725,1.8731,6824
1777907700000,1.8731,1.8756,1.8647,1.8687,29278
1777908600000,1.8687,1.8691,1.865,1.8686,2757
1777909500000,1.8686,1.8765,1.8663,1.8754,6005
1777910400000,1.8754,1.8769,1.8675,1.8675,20523
1777911300000,1.8675,1.8836,1.8675,1.8814,43237
1777912200000,1.8814,1.884,1.8779,1.8829,5302
1777913100000,1.8829,1.8829,1.8771,1.8771,2406
1777914000000,1.8771,1.8832,1.8771,1.8821,1445
1777914900000,1.8821,1.8845,1.8814,1.8829,3421
1777915800000,1.8829,1.8829,1.8782,1.8812,329
1777916700000,1.8812,1.8893,1.8812,1.8855,7926
1777917600000,1.8855,1.8926,1.8855,1.8917,4247
1777918500000,1.8917,1.8917,1.8816,1.8816,3738
1777919400000,1.8816,1.8877,1.8816,1.8877,679
1777920300000,1.8877,1.8894,1.885,1.8876,16190
1777921200000,1.8876,1.888,1.8834,1.8849,4197
1777922100000,1.8849,1.8859,1.8823,1.8828,649
1777923000000,1.8828,1.8842,1.8828,1.8833,166
1777923900000,1.8833,1.8833,1.88,1.882,626
1777924800000,1.882,1.882,1.8803,1.8811,1456
1777925700000,1.8811,1.8829,1.8769,1.8793,3469
1777926600000,1.8793,1.8797,1.877,1.8791,11343
1777927500000,1.8791,1.8815,1.8784,1.8792,1894
1777928400000,1.8792,1.8897,1.8783,1.8864,30542
1777929300000,1.8864,1.8921,1.8847,1.8901,1115
1777930200000,1.8901,1.8911,1.889,1.8895,4665
1777931100000,1.8895,1.8907,1.8895,1.8898,632
1777932000000,1.8898,1.8907,1.887,1.8887,669
1777932900000,1.8887,1.893,1.8851,1.8914,8846
1777933800000,1.8914,1.897,1.8911,1.8911,6600
1777934700000,1.8911,1.8923,1.8911,1.8923,11
1777935600000,1.8923,1.8923,1.8871,1.8894,6044
1777936500000,1.8894,1.8958,1.8889,1.8932,2395
1777937400000,1.8932,1.8932,1.8893,1.8907,447
1777938300000,1.8907,1.8907,1.8872,1.8872,2294
1777939200000,1.8872,1.8922,1.8857,1.892,2751
1777940100000,1.892,1.892,1.8873,1.888,1079
1777941000000,1.888,1.8926,1.888,1.8926,836
1777941900000,1.8926,1.899,1.8921,1.8976,11689
1777942800000,1.8976,1.9061,1.8953,1.9046,44330
1777943700000,1.9046,1.906,1.9018,1.9047,11339
1777944600000,1.9047,1.9114,1.9031,1.9041,56015
1777945500000,1.9041,1.9063,1.9015,1.9015,2788
1777946400000,1.9015,1.9052,1.8987,1.903,760
1777947300000,1.903,1.9075,1.9014,1.9052,1112
1777948200000,1.9052,1.911,1.9052,1.9076,5674
1777949100000,1.9076,1.9076,1.9016,1.9025,414
1777950000000,1.9025,1.9033,1.8997,1.901,315
1777950900000,1.901,1.9054,1.901,1.9048,1084
1777951800000,1.9048,1.9063,1.9025,1.9029,2107
1777952700000,1.9029,1.9038,1.9005,1.9015,2324
1777953600000,1.9015,1.904,1.8987,1.9004,2518
1777954500000,1.9004,1.9053,1.9002,1.904,3987
1777955400000,1.904,1.9051,1.9013,1.9033,1918
1777956300000,1.9033,1.9068,1.901,1.9015,5327
1777957200000,1.9015,1.908,1.9,1.9067,1707
1777958100000,1.9067,1.9128,1.9066,1.9119,2726
1777959000000,1.9119,1.9168,1.9076,1.9076,15531
1777959900000,1.9076,1.912,1.9053,1.9093,1697
1777960800000,1.9093,1.9132,1.9079,1.9132,1618
1777961700000,1.9132,1.9132,1.908,1.9089,1234
1777962600000,1.9089,1.9133,1.9078,1.9098,7165
1777963500000,1.9098,1.9127,1.9085,1.9127,4356
1777964400000,1.9127,1.9137,1.9113,1.9131,625
1777965300000,1.9131,1.9158,1.9121,1.9152,1866
1777966200000,1.9152,1.9196,1.9138,1.9196,5576
1777967100000,1.9196,1.9205,1.912,1.9128,6405
1777968000000,1.9128,1.9159,1.9108,1.914,2721
1777968900000,1.914,1.9147,1.9109,1.9109,715
1777969800000,1.9109,1.9111,1.9066,1.9066,3428
1777970700000,1.9066,1.9071,1.9025,1.9039,8227
1777971600000,1.9039,1.9045,1.896,1.9002,21237
1777972500000,1.9002,1.902,1.8939,1.9016,5190
1777973400000,1.9016,1.9019,1.8913,1.8924,10862
1777974300000,1.8924,1.8973,1.8917,1.8946,7326
1777975200000,1.8946,1.9,1.8911,1.8994,7839
1777976100000,1.8994,1.9026,1.8991,1.9011,1997
1777977000000,1.9011,1.9053,1.9011,1.903,738
1777977900000,1.903,1.9031,1.9015,1.9021,1281
1777978800000,1.9021,1.9033,1.8996,1.8996,420
1777979700000,1.8996,1.9014,1.8966,1.9009,576
1777980600000,1.9009,1.9009,1.8973,1.9001,408
1777981500000,1.9001,1.9001,1.8944,1.8953,2276
1777982400000,1.8953,1.896,1.8927,1.8938,384
1777983300000,1.8938,1.898,1.8928,1.8966,11177
1777984200000,1.8966,1.8999,1.8936,1.8936,8783
1777985100000,1.8936,1.8975,1.8936,1.896,1941
1777986000000,1.896,1.9019,1.8955,1.9002,2701
1777986900000,1.9002,1.9002,1.8927,1.896,9144
1777987800000,1.896,1.896,1.8875,1.8904,6078
1777988700000,1.8904,1.8988,1.8904,1.8988,987
1777989600000,1.8988,1.9038,1.896,1.8961,4354
1777990500000,1.8961,1.9,1.8881,1.8962,9162
1777991400000,1.8962,1.8962,1.8874,1.894,2905
1777992300000,1.894,1.894,1.8906,1.8938,1186
1777993200000,1.8938,1.8938,1.8848,1.8869,2656
1777994100000,1.8869,1.8903,1.8732,1.8768,27365
1777995000000,1.8768,1.8768,1.8645,1.8655,28601
1777995900000,1.8655,1.8744,1.8602,1.863,18246
1777996800000,1.863,1.8698,1.862,1.8673,28909
1777997700000,1.8673,1.8703,1.8537,1.8552,7309
1777998600000,1.8552,1.8552,1.836,1.8411,74745
1777999500000,1.8411,1.8579,1.838,1.8489,143296
1778000400000,1.8489,1.8582,1.8475,1.8575,45732
1778001300000,1.8575,1.8619,1.8554,1.8604,12833
1778002200000,1.8604,1.8643,1.8581,1.8616,5942
1778003100000,1.8616,1.8634,1.857,1.8599,6551
1778004000000,1.8599,1.8679,1.8595,1.8675,13502
1778004900000,1.8675,1.8675,1.8632,1.8638,16433
1778005800000,1.8638,1.865,1.8626,1.8649,1564
1778006700000,1.8649,1.8691,1.8644,1.8654,4025
1778007600000,1.8654,1.8685,1.8654,1.8664,3424
1778008500000,1.8664,1.8708,1.8661,1.8677,6559
1778009400000,1.8677,1.8677,1.8611,1.8626,2708
1778010300000,1.8626,1.864,1.8605,1.8635,3146
1778011200000,1.8635,1.879,1.8635,1.879,44180
1778012100000,1.879,1.8833,1.8763,1.877,26770
1778013000000,1.877,1.8841,1.8763,1.8796,12654
1778013900000,1.8796,1.8863,1.8782,1.8842,7897
1778014800000,1.8842,1.8878,1.8816,1.8853,7052
1778015700000,1.8853,1.888,1.8839,1.8839,9824
1778016600000,1.8839,1.8841,1.8796,1.8828,1601
1778017500000,1.8828,1.8828,1.8794,1.882,3321
1778018400000,1.882,1.8882,1.882,1.8839,707
1778019300000,1.8839,1.8885,1.8839,1.887,3977
1778020200000,1.887,1.8873,1.8769,1.8829,13304
1778021100000,1.8829,1.888,1.8791,1.8821,17732
1778022000000,1.8821,1.8831,1.8771,1.8797,6964
1778022900000,1.8797,1.8799,1.874,1.8745,4038
1778023800000,1.8745,1.8812,1.872,1.8812,3508
1778024700000,1.8812,1.8853,1.8807,1.8807,1541
1778025600000,1.8807,1.8941,1.878,1.8926,47404
1778026500000,1.8926,1.8974,1.8907,1.8949,81982
1778027400000,1.8949,1.9028,1.8949,1.897,29549
1778028300000,1.897,1.9069,1.8937,1.9046,10856
1778029200000,1.9046,1.9101,1.9003,1.908,8999
1778030100000,1.908,1.9101,1.9042,1.9072,2668
1778031000000,1.9072,1.9118,1.905,1.9099,13382
1778031900000,1.9099,1.9183,1.9096,1.9183,13481
1778032800000,1.9183,1.9183,1.906,1.911,6932
1778033700000,1.911,1.911,1.8944,1.8948,6866
1778034600000,1.8948,1.8986,1.8945,1.8972,2494
1778035500000,1.8972,1.9023,1.8972,1.9007,1307
1778036400000,1.9007,1.9051,1.9007,1.9022,6095
1778037300000,1.9022,1.9079,1.8997,1.9054,2968
1778038200000,1.9054,1.9164,1.9046,1.914,4857
1778039100000,1.914,1.922,1.9115,1.9175,29025
1778040000000,1.9175,1.9219,1.9144,1.916,7731
1778040900000,1.916,1.9195,1.9133,1.9164,2067
1778041800000,1.9164,1.9238,1.9163,1.9224,20776
1778042700000,1.9224,1.9276,1.9206,1.9265,18863
1778043600000,1.9265,1.9274,1.9162,1.9162,52550
1778044500000,1.9162,1.9184,1.9127,1.9157,6680
1778045400000,1.9157,1.9168,1.9059,1.9126,5169
1778046300000,1.9126,1.9248,1.9126,1.9222,4473
1778047200000,1.9222,1.9244,1.9192,1.9192,4034
1778048100000,1.9192,1.9195,1.917,1.9183,9151
1778049000000,1.9183,1.9197,1.9157,1.9197,3564
1778049900000,1.9197,1.9251,1.9195,1.9248,2451
1778050800000,1.9248,1.9287,1.9214,1.9274,6820
1778051700000,1.9274,1.9305,1.9267,1.9295,9468
1778052600000,1.9295,1.9323,1.9266,1.9277,5945
1778053500000,1.9277,1.9327,1.9266,1.929,3737
1778054400000,1.929,1.9363,1.929,1.9363,12946
1778055300000,1.9363,1.9458,1.9349,1.9453,2759
1778056200000,1.9453,1.9619,1.9453,1.9561,61228
1778057100000,1.9561,1.9672,1.9554,1.9627,14240
1778058000000,1.9627,1.9692,1.9505,1.9505,19825
1778058900000,1.9505,1.9552,1.9465,1.9473,30764
1778059800000,1.9473,1.9498,1.9413,1.9497,8749
1778060700000,1.9497,1.9533,1.9464,1.9533,3371
1778061600000,1.9533,1.9543,1.9463,1.9469,3496
1778062500000,1.9469,1.95,1.9451,1.9451,4244
1778063400000,1.9451,1.9454,1.9419,1.9426,2954
1778064300000,1.9426,1.9486,1.9421,1.9465,10612
1778065200000,1.9465,1.9493,1.9416,1.9418,12621
1778066100000,1.9418,1.9475,1.9411,1.9462,11587
1778067000000,1.9462,1.9566,1.9462,1.9566,2096
1778067900000,1.9566,1.9575,1.9539,1.9575,1650
1778068800000,1.9575,1.9593,1.9526,1.9526,5628
1778069700000,1.9526,1.9644,1.9526,1.9644,2842
1778070600000,1.9644,1.9658,1.9583,1.9658,7256
1778071500000,1.9658,1.9706,1.9635,1.9671,10422
1778072400000,1.9671,1.9698,1.9593,1.9664,14080
1778073300000,1.9664,1.9695,1.96,1.9626,19138
1778074200000,1.9626,1.9696,1.9604,1.9657,20643
1778075100000,1.9657,1.9659,1.9542,1.957,9335
1778076000000,1.957,1.958,1.934,1.9491,20772
1778076900000,1.9491,1.9578,1.9449,1.9544,17516
1778077800000,1.9544,1.9579,1.9493,1.9514,15807
1778078700000,1.9514,1.9528,1.943,1.9444,2782
1778079600000,1.9444,1.9607,1.94,1.943,16795
1778080500000,1.943,1.9487,1.9282,1.9292,43382
1778081400000,1.9292,1.9312,1.9163,1.9253,49764
1778082300000,1.9253,1.9301,1.916,1.916,16586
1778083200000,1.916,1.9242,1.913,1.9193,22437
1778084100000,1.9193,1.9193,1.8847,1.8856,71181
1778085000000,1.8856,1.9103,1.8856,1.9103,20507
1778085900000,1.9103,1.9152,1.9087,1.9136,28858
1778086800000,1.9136,1.9205,1.9136,1.9205,13452
1778087700000,1.9205,1.924,1.9129,1.9186,8193
1778088600000,1.9186,1.9213,1.9142,1.92,1952
1778089500000,1.92,1.924,1.9192,1.9206,4426
1778090400000,1.9206,1.923,1.9033,1.9083,16446
1778091300000,1.9083,1.9169,1.9074,1.9165,7242
1778092200000,1.9165,1.9165,1.9059,1.9086,23919
1778093100000,1.9086,1.9098,1.9044,1.9052,5358
1778094000000,1.9052,1.911,1.9052,1.9095,2988
1778094900000,1.9095,1.9095,1.905,1.9063,4025
1778095800000,1.9063,1.9153,1.9062,1.9141,3507
1778096700000,1.9141,1.9144,1.9084,1.9111,9979
1778097600000,1.9111,1.9138,1.9053,1.9053,15268
1778098500000,1.9053,1.9064,1.9,1.905,14978
1778099400000,1.905,1.905,1.9003,1.9017,1341
1778100300000,1.9017,1.9029,1.8978,1.9,3526
1778101200000,1.9,1.9032,1.8958,1.8994,12556
1778102100000,1.8994,1.911,1.8994,1.911,1745
1778103000000,1.911,1.9177,1.9105,1.9177,2933
1778103900000,1.9177,1.9179,1.9156,1.9168,658
1778104800000,1.9168,1.9168,1.9067,1.9067,3389
1778105700000,1.9067,1.91,1.9016,1.9025,5178
1778106600000,1.9025,1.9075,1.9025,1.9047,1951
1778107500000,1.9047,1.9053,1.9015,1.9022,854
1778108400000,1.9022,1.9022,1.889,1.8958,6534
1778109300000,1.8958,1.8984,1.8928,1.8984,986
1778110200000,1.8984,1.9016,1.8976,1.9013,1406
1778111100000,1.9013,1.9017,1.8965,1.9012,8017
1778112000000,1.9012,1.9067,1.8957,1.8984,33776
1778112900000,1.8984,1.8998,1.8953,1.8953,1190
1778113800000,1.8953,1.8953,1.8892,1.8918,8392
1778114700000,1.8918,1.8973,1.891,1.8928,6633
1778115600000,1.8928,1.8935,1.8787,1.8877,11419
1778116500000,1.8877,1.8885,1.8774,1.8873,14117
1778117400000,1.8873,1.8884,1.8823,1.8856,1704
1778118300000,1.8856,1.8868,1.8825,1.8843,3299
1778119200000,1.8843,1.8864,1.873,1.8745,36115
1778120100000,1.8745,1.8781,1.8735,1.8741,6365
1778121000000,1.8741,1.8803,1.8728,1.8793,35110
1778121900000,1.8793,1.8852,1.8774,1.8852,15056
1778122800000,1.8852,1.8852,1.881,1.8819,3280
1778123700000,1.8819,1.8841,1.8757,1.8765,4690
1778124600000,1.8765,1.8783,1.8734,1.8783,2403
1778125500000,1.8783,1.8807,1.8707,1.8725,12946
1778126400000,1.8725,1.8842,1.8708,1.8838,7729
1778127300000,1.8838,1.8886,1.8824,1.8878,4843
1778128200000,1.8878,1.8916,1.8838,1.8845,7338
1778129100000,1.8845,1.8871,1.8822,1.8859,10590
1778130000000,1.8859,1.8951,1.8859,1.8917,5407
1778130900000,1.8917,1.8973,1.8917,1.8957,3964
1778131800000,1.8957,1.9062,1.8954,1.9058,9798
1778132700000,1.9058,1.9078,1.9017,1.9075,4818
1778133600000,1.9075,1.9084,1.8982,1.8989,35326
1778134500000,1.8989,1.908,1.8978,1.908,1562
1778135400000,1.908,1.9221,1.9021,1.9221,15604
1778136300000,1.9221,1.9294,1.9192,1.9294,30378
1778137200000,1.9294,1.9294,1.9133,1.9189,28343
1778138100000,1.9189,1.9283,1.9186,1.9239,14724
1778139000000,1.9239,1.9333,1.9221,1.9302,12315
1778139900000,1.9302,1.9387,1.9279,1.9367,37881
1778140800000,1.9367,1.946,1.9359,1.9413,22571
1778141700000,1.9413,1.9427,1.9306,1.9309,19536
1778142600000,1.9309,1.9312,1.9237,1.924,8619
1778143500000,1.924,1.926,1.917,1.9193,7292
1778144400000,1.9193,1.923,1.9144,1.923,5191
1778145300000,1.923,1.9295,1.9213,1.9291,11248
1778146200000,1.9291,1.9311,1.9242,1.925,18105
1778147100000,1.925,1.9291,1.9221,1.9244,40473
1778148000000,1.9244,1.9315,1.9204,1.9288,24127
1778148900000,1.9288,1.9288,1.9137,1.9137,18507
1778149800000,1.9137,1.9235,1.9134,1.9234,15642
1778150700000,1.9234,1.9236,1.9173,1.9186,6012
1778151600000,1.9186,1.9226,1.9149,1.9172,13990
1778152500000,1.9172,1.9195,1.9156,1.9169,6660
1778153400000,1.9169,1.9176,1.9145,1.9148,1766
1778154300000,1.9148,1.9154,1.9059,1.9127,33524
1778155200000,1.9127,1.9228,1.9127,1.9207,9518
1778156100000,1.9207,1.9209,1.9153,1.9169,11177
1778157000000,1.9169,1.9193,1.915,1.9188,9121
1778157900000,1.9188,1.9251,1.9143,1.9251,5498
1778158800000,1.9251,1.9266,1.9196,1.9206,32436
1778159700000,1.9206,1.9252,1.9195,1.9215,16051
1778160600000,1.9215,1.9218,1.9129,1.9158,19292
1778161500000,1.9158,1.917,1.9048,1.9074,16064
1778162400000,1.9074,1.9106,1.904,1.9097,7495
1778163300000,1.9097,1.9157,1.9073,1.9083,8295
1778164200000,1.9083,1.9085,1.8891,1.8996,81426
1778165100000,1.8996,1.9068,1.8958,1.8981,45384
1778166000000,1.8981,1.8992,1.8906,1.892,15622
1778166900000,1.892,1.8939,1.8712,1.8761,131265
1778167800000,1.8761,1.8901,1.8752,1.882,72648
1778168700000,1.882,1.8867,1.8803,1.8821,5909
1778169600000,1.8821,1.8888,1.8816,1.8863,24612
1778170500000,1.8863,1.8904,1.8801,1.8904,2837
1778171400000,1.8904,1.8911,1.8826,1.883,24419
1778172300000,1.883,1.8864,1.8804,1.8849,4961
1778173200000,1.8849,1.8906,1.883,1.8876,3226
1778174100000,1.8876,1.8927,1.8781,1.8808,14865
1778175000000,1.8808,1.8851,1.8782,1.8846,5948
1778175900000,1.8846,1.8879,1.8808,1.8862,16834
1778176800000,1.8862,1.891,1.8822,1.884,26611
1778177700000,1.884,1.8862,1.8837,1.886,854
1778178600000,1.886,1.8901,1.88,1.8802,1735
1778179500000,1.8802,1.8827,1.8744,1.8799,9019
1778180400000,1.8799,1.8811,1.8758,1.8802,2991
1778181300000,1.8802,1.8805,1.876,1.8805,3343
1778182200000,1.8805,1.8965,1.8788,1.8923,22935
1778183100000,1.8923,1.8951,1.884,1.8845,17205
1778184000000,1.8845,1.892,1.8825,1.8894,8303
1778184900000,1.8894,1.8907,1.8851,1.8907,8174
1778185800000,1.8907,1.8907,1.8822,1.8828,13826
1778186700000,1.8828,1.8851,1.8774,1.8779,7248
1778187600000,1.8779,1.879,1.869,1.8774,40119
1778188500000,1.8774,1.8856,1.8742,1.8856,9394
1778189400000,1.8856,1.8884,1.8852,1.8862,37848
1778190300000,1.8862,1.887,1.8845,1.8854,3398
1778191200000,1.8854,1.8854,1.8811,1.8823,2388
1778192100000,1.8823,1.8867,1.882,1.8834,3070
1778193000000,1.8834,1.8837,1.8766,1.8769,13360
1778193900000,1.8769,1.8804,1.8761,1.8795,4972
1778194800000,1.8795,1.8833,1.8782,1.8815,19390
1778195700000,1.8815,1.8858,1.8809,1.884,5248
1778196600000,1.884,1.8872,1.884,1.8861,1925
1778197500000,1.8861,1.8861,1.8837,1.8844,591
1778198400000,1.8844,1.8861,1.8544,1.8658,229564
1778199300000,1.8658,1.8702,1.8634,1.8661,15932
1778200200000,1.8661,1.8666,1.8587,1.8587,9024
1778201100000,1.8587,1.8615,1.8555,1.8598,16792
1778202000000,1.8598,1.8626,1.8569,1.8571,8813
1778202900000,1.8571,1.8585,1.8561,1.8568,436
1778203800000,1.8568,1.8633,1.8543,1.8621,4396
1778204700000,1.8621,1.8624,1.8592,1.8609,2857
1778205600000,1.8609,1.8609,1.8511,1.8588,12170
1778206500000,1.8588,1.8659,1.8508,1.8642,161219
1778207400000,1.8642,1.8689,1.861,1.8628,5451
1778208300000,1.8628,1.8662,1.8623,1.8632,6726
1778209200000,1.8632,1.8687,1.8582,1.8681,4619
1778210100000,1.8681,1.873,1.8673,1.8673,9201
1778211000000,1.8673,1.8719,1.8673,1.8693,2129
1778211900000,1.8693,1.8703,1.8657,1.8663,1304
1778212800000,1.8663,1.8695,1.865,1.8683,2087
1778213700000,1.8683,1.8751,1.8658,1.8742,5281
1778214600000,1.8742,1.8764,1.8714,1.8715,2184
1778215500000,1.8715,1.8736,1.8685,1.871,6120
1778216400000,1.871,1.8756,1.8705,1.8755,5396
1778217300000,1.8755,1.878,1.8692,1.8723,8446
1778218200000,1.8723,1.8766,1.872,1.8766,2042
1778219100000,1.8766,1.8797,1.8753,1.8765,6316
1778220000000,1.8765,1.8769,1.8691,1.8698,9306
1778220900000,1.8698,1.8739,1.8698,1.8698,2474
1778221800000,1.8698,1.8698,1.8646,1.8677,8448
1778222700000,1.8677,1.8678,1.8636,1.8678,1098
1778223600000,1.8678,1.8678,1.8581,1.8623,37328
1778224500000,1.8623,1.8632,1.8568,1.8606,7750
1778225400000,1.8606,1.8704,1.8597,1.8674,6101
1778226300000,1.8674,1.8708,1.8623,1.8692,8813
1778227200000,1.8692,1.8752,1.8683,1.8741,24716
1778228100000,1.8741,1.8754,1.87,1.874,9003
1778229000000,1.874,1.876,1.8729,1.8758,11562
1778229900000,1.8758,1.8764,1.8726,1.8734,9047
1778230800000,1.8734,1.8778,1.8681,1.8762,10140
1778231700000,1.8762,1.8811,1.8748,1.8774,26913
1778232600000,1.8774,1.8779,1.8656,1.8687,7372
1778233500000,1.8687,1.8699,1.8661,1.8697,3032
1778234400000,1.8697,1.8761,1.8664,1.8682,7522
1778235300000,1.8682,1.8682,1.8631,1.8633,1844
1778236200000,1.8633,1.8664,1.8609,1.8637,24847
1778237100000,1.8637,1.8656,1.8611,1.8634,13757
1778238000000,1.8634,1.867,1.8609,1.867,8157
1778238900000,1.867,1.8727,1.8661,1.8719,2168
1778239800000,1.8719,1.8749,1.8694,1.8702,8596
1778240700000,1.8702,1.8787,1.8702,1.8768,16365
1778241600000,1.8768,1.8846,1.8768,1.8823,29394
1778242500000,1.8823,1.883,1.878,1.8791,5940
1778243400000,1.8791,1.8829,1.8766,1.8828,10801
1778244300000,1.8828,1.8828,1.8723,1.8744,16332
1778245200000,1.8744,1.8766,1.8667,1.8671,11447
1778246100000,1.8671,1.8724,1.8667,1.8696,4995
1778247000000,1.8696,1.8696,1.86,1.8661,18223
1778247900000,1.8661,1.8691,1.8652,1.8672,5941
1778248800000,1.8672,1.8722,1.8663,1.8712,2581
1778249700000,1.8712,1.8794,1.871,1.8766,4698
1778250600000,1.8766,1.8809,1.8705,1.8801,35214
1778251500000,1.8801,1.8822,1.8772,1.8801,11879
1778252400000,1.8801,1.8827,1.8759,1.8786,12827
1778253300000,1.8786,1.8859,1.8757,1.8845,8824
1778254200000,1.8845,1.8915,1.8812,1.8915,21121
1778255100000,1.8915,1.9075,1.8906,1.905,17675
1778256000000,1.905,1.9095,1.8992,1.9048,86098
1778256900000,1.9048,1.9057,1.8968,1.8989,22843
1778257800000,1.8989,1.901,1.892,1.8931,19521
1778258700000,1.8931,1.8985,1.8931,1.8977,12777
1778259600000,1.8977,1.9004,1.8929,1.8945,33071
1778260500000,1.8945,1.9017,1.8937,1.9006,9299
1778261400000,1.9006,1.9119,1.9,1.9096,17191
1778262300000,1.9096,1.9249,1.9096,1.9188,73680
1778263200000,1.9188,1.9319,1.9188,1.9264,31167
1778264100000,1.9264,1.9387,1.9264,1.9367,20911
1778265000000,1.9367,1.9399,1.9321,1.9364,27615
1778265900000,1.9364,1.9426,1.9247,1.9247,42330
1778266800000,1.9247,1.9279,1.92,1.9277,21447
1778267700000,1.9277,1.9304,1.9201,1.9256,54483
1778268600000,1.9256,1.9328,1.9256,1.927,5148
1778269500000,1.927,1.9273,1.9195,1.922,5328
1778270400000,1.922,1.9245,1.9188,1.9197,11467
1778271300000,1.9197,1.9326,1.9197,1.9291,26482
1778272200000,1.9291,1.9339,1.9291,1.9299,20758
1778273100000,1.9299,1.933,1.9259,1.9322,6249
1778274000000,1.9322,1.9348,1.9276,1.9333,13748
1778274900000,1.9333,1.9339,1.9292,1.9336,4293
1778275800000,1.9336,1.9475,1.9336,1.947,6895
1778276700000,1.947,1.948,1.9442,1.9472,1978
1778277600000,1.9472,1.9545,1.9472,1.9541,4978
1778278500000,1.9541,1.9583,1.9394,1.9394,38894
1778279400000,1.9394,1.9404,1.937,1.937,4587
1778280300000,1.937,1.9413,1.9344,1.9413,14881
1778281200000,1.9413,1.9467,1.9411,1.9465,961
1778282100000,1.9465,1.9563,1.9461,1.9563,3728
1778283000000,1.9563,1.9571,1.9461,1.9471,13348
1778283900000,1.9471,1.9486,1.9461,1.9485,20338
1778284800000,1.9485,1.9668,1.9468,1.9664,54135
1778285700000,1.9664,1.9835,1.9659,1.9689,65455
1778286600000,1.9689,1.9759,1.9689,1.9746,15872
1778287500000,1.9746,1.9838,1.9731,1.9838,14879
1778288400000,1.9838,1.9873,1.9764,1.9871,12454
1778289300000,1.9871,1.9898,1.9772,1.9772,18250
1778290200000,1.9772,1.9849,1.9771,1.9823,45548
1778291100000,1.9823,1.9898,1.9773,1.9773,15701
1778292000000,1.9773,1.978,1.9714,1.9778,70724
1778292900000,1.9778,1.989,1.9778,1.9878,33915
1778293800000,1.9878,1.9883,1.9824,1.9844,8684
1778294700000,1.9844,1.9875,1.982,1.9861,7619
1778295600000,1.9861,1.9906,1.9835,1.9845,45419
1778296500000,1.9845,1.9888,1.9811,1.9813,7865
1778297400000,1.9813,1.9836,1.9719,1.9739,76178
1778298300000,1.9739,1.979,1.9739,1.9764,1746
1778299200000,1.9764,1.9851,1.9764,1.984,6034
1778300100000,1.984,1.9849,1.9783,1.9803,10044
1778301000000,1.9803,1.9846,1.9785,1.9799,16880
1778301900000,1.9799,1.9818,1.9746,1.9753,8211
1778302800000,1.9753,1.9791,1.9738,1.9775,9859
1778303700000,1.9775,1.9824,1.9761,1.9824,9040
1778304600000,1.9824,1.9874,1.9806,1.9874,3986
1778305500000,1.9874,1.9874,1.9802,1.9815,3595
1778306400000,1.9815,1.9833,1.9788,1.9799,3192
1778307300000,1.9799,1.9799,1.9753,1.9765,5229
1778308200000,1.9765,1.9774,1.9594,1.964,48814
1778309100000,1.964,1.9721,1.9639,1.9702,30108
1778310000000,1.9702,1.9728,1.9661,1.9724,2439
1778310900000,1.9724,1.9778,1.9714,1.9751,8846
1778311800000,1.9751,1.9751,1.9681,1.969,19362
1778312700000,1.969,1.9697,1.9675,1.9675,5734
1778313600000,1.9675,1.975,1.9673,1.9705,5750
1778314500000,1.9705,1.9769,1.9705,1.9769,13560
1778315400000,1.9769,1.9778,1.9746,1.9767,16674
1778316300000,1.9767,1.9773,1.9724,1.9736,22917
1778317200000,1.9736,1.9743,1.9715,1.9737,7477
1778318100000,1.9737,1.9737,1.9675,1.9677,10771
1778319000000,1.9677,1.9709,1.9665,1.9678,1725
1778319900000,1.9678,1.9683,1.962,1.9654,2024
1778320800000,1.9654,1.966,1.9622,1.9632,2460
1778321700000,1.9632,1.9653,1.956,1.9607,34944
1778322600000,1.9607,1.9633,1.9607,1.9622,799
1778323500000,1.9622,1.9643,1.9617,1.9635,3709
1778324400000,1.9635,1.9668,1.9626,1.9664,1231
1778325300000,1.9664,1.9664,1.962,1.9632,518
1778326200000,1.9632,1.9676,1.9632,1.9669,464
1778327100000,1.9669,1.9669,1.9626,1.964,2758
1778328000000,1.964,1.9687,1.9608,1.9638,3243
1778328900000,1.9638,1.9693,1.9612,1.9685,9137
1778329800000,1.9685,1.9685,1.9595,1.9595,4718
1778330700000,1.9595,1.9611,1.9586,1.9611,3050
1778331600000,1.9611,1.9611,1.9582,1.9599,1578
1778332500000,1.9599,1.9599,1.9484,1.9551,16240
1778333400000,1.9551,1.9551,1.946,1.9474,2202
1778334300000,1.9474,1.9517,1.9474,1.9494,1690
1778335200000,1.9494,1.9494,1.943,1.9439,4820
1778336100000,1.9439,1.9449,1.9377,1.9396,6115
1778337000000,1.9396,1.9412,1.9378,1.9407,7550
1778337900000,1.9407,1.9425,1.9395,1.9398,664
1778338800000,1.9398,1.9423,1.9321,1.9325,17307
1778339700000,1.9325,1.9357,1.9309,1.9316,18130
1778340600000,1.9316,1.935,1.9296,1.9302,15069
1778341500000,1.9302,1.9316,1.9277,1.9303,7649
1778342400000,1.9303,1.9339,1.9274,1.933,20251
1778343300000,1.933,1.9367,1.933,1.9337,11811
1778344200000,1.9337,1.934,1.929,1.9294,2919
1778345100000,1.9294,1.931,1.9294,1.9307,576
1778346000000,1.9307,1.9379,1.9307,1.9368,3928
1778346900000,1.9368,1.9384,1.9356,1.9384,718
1778347800000,1.9384,1.9419,1.938,1.9402,15012
1778348700000,1.9402,1.9409,1.9327,1.9358,20313
1778349600000,1.9358,1.9377,1.9358,1.9361,2264
1778350500000,1.9361,1.9405,1.9355,1.9395,3305
1778351400000,1.9395,1.9401,1.937,1.937,2463
1778352300000,1.937,1.9394,1.9368,1.9394,2535
1778353200000,1.9394,1.9419,1.9394,1.941,4120
1778354100000,1.941,1.941,1.938,1.9394,960
1778355000000,1.9394,1.9394,1.9379,1.9391,808
1778355900000,1.9391,1.9392,1.9376,1.9376,2587
1778356800000,1.9376,1.939,1.9348,1.939,612
1778357700000,1.939,1.939,1.9353,1.936,759
1778358600000,1.936,1.9369,1.9354,1.9358,3946
1778359500000,1.9358,1.9359,1.9341,1.9359,5109
1778360400000,1.9359,1.9376,1.9348,1.936,13217
1778361300000,1.936,1.936,1.9346,1.9346,583
1778362200000,1.9346,1.9362,1.9346,1.9362,117
1778363100000,1.9362,1.9362,1.9329,1.9344,6180
1778364000000,1.9344,1.9348,1.9312,1.9316,14558
1778364900000,1.9316,1.9336,1.9316,1.9336,291
1778365800000,1.9336,1.9373,1.9311,1.9373,2017
1778366700000,1.9373,1.9375,1.9333,1.9333,2848
1778367600000,1.9333,1.9353,1.9296,1.9301,3923
1778368500000,1.9301,1.9338,1.9231,1.9319,58965
1778369400000,1.9319,1.9355,1.9312,1.9331,4735
1778370300000,1.9331,1.9368,1.9331,1.9359,6707
1778371200000,1.9359,1.936,1.9119,1.913,68898
1778372100000,1.913,1.9176,1.9027,1.9151,70466
1778373000000,1.9151,1.9167,1.9134,1.9163,8732
1778373900000,1.9163,1.9163,1.91,1.9111,4294
1778374800000,1.9111,1.9116,1.9031,1.9041,4351
1778375700000,1.9041,1.9043,1.895,1.8971,27656
1778376600000,1.8971,1.9012,1.8966,1.8992,10292
1778377500000,1.8992,1.9042,1.8992,1.9037,11090
1778378400000,1.9037,1.9091,1.902,1.9091,2150
1778379300000,1.9091,1.9196,1.9091,1.9185,10507
1778380200000,1.9185,1.9185,1.9149,1.9154,1578
1778381100000,1.9154,1.9182,1.9154,1.9156,285
1778382000000,1.9156,1.9168,1.9129,1.9167,8969
1778382900000,1.9167,1.9167,1.9129,1.9136,371
1778383800000,1.9136,1.919,1.912,1.9166,9646
1778384700000,1.9166,1.9183,1.9123,1.9145,19432
1778385600000,1.9145,1.9178,1.9129,1.9178,4783
1778386500000,1.9178,1.9186,1.9156,1.918,5074
1778387400000,1.918,1.922,1.918,1.9194,11414
1778388300000,1.9194,1.921,1.9184,1.9184,3849
1778389200000,1.9184,1.9213,1.9175,1.921,1901
1778390100000,1.921,1.9319,1.921,1.9289,13851
1778391000000,1.9289,1.9328,1.9279,1.931,16147
1778391900000,1.931,1.931,1.9261,1.9296,8871
1778392800000,1.9296,1.9317,1.9278,1.9278,7116
1778393700000,1.9278,1.9278,1.9234,1.9249,10775
1778394600000,1.9249,1.9283,1.9242,1.9277,4499
1778395500000,1.9277,1.9277,1.924,1.9261,22448
1778396400000,1.9261,1.9268,1.9211,1.924,6857
1778397300000,1.924,1.9292,1.92,1.929,781
1778398200000,1.929,1.9292,1.927,1.9288,413
1778399100000,1.9288,1.9301,1.9239,1.9245,8194
1778400000000,1.9245,1.9341,1.9234,1.9302,4744
1778400900000,1.9302,1.9321,1.9292,1.931,13023
1778401800000,1.931,1.9353,1.931,1.9326,26472
1778402700000,1.9326,1.9337,1.9325,1.933,3648
1778403600000,1.933,1.938,1.933,1.9365,8898
1778404500000,1.9365,1.9383,1.933,1.9382,3092
1778405400000,1.9382,1.9387,1.9362,1.9368,8217
1778406300000,1.9368,1.9389,1.9368,1.9368,606
1778407200000,1.9368,1.9381,1.9327,1.9369,6043
1778408100000,1.9369,1.9425,1.9368,1.9406,16265
1778409000000,1.9406,1.942,1.9384,1.9384,5849
1778409900000,1.9384,1.9427,1.9347,1.9411,10864
1778410800000,1.9411,1.9411,1.9368,1.9368,1225
1778411700000,1.9368,1.9368,1.929,1.9349,8193
1778412600000,1.9349,1.9362,1.932,1.9328,2551
1778413500000,1.9328,1.9328,1.9299,1.9309,14272
1778414400000,1.9309,1.9385,1.9307,1.9351,17796
1778415300000,1.9351,1.9368,1.9351,1.9368,735
1778416200000,1.9368,1.9414,1.9366,1.9409,6542
1778417100000,1.9409,1.9495,1.9409,1.9469,28174
1778418000000,1.9469,1.9513,1.945,1.9484,11009
1778418900000,1.9484,1.9525,1.9471,1.9476,12964
1778419800000,1.9476,1.9476,1.9421,1.9446,15229
1778420700000,1.9446,1.9478,1.9405,1.9434,10527
1778421600000,1.9434,1.9502,1.9434,1.9474,16070
1778422500000,1.9474,1.9474,1.9407,1.9407,16945
1778423400000,1.9407,1.9436,1.9391,1.9412,1378
1778424300000,1.9412,1.9439,1.9383,1.9418,943
1778425200000,1.9418,1.9757,1.9418,1.9742,108733
1778426100000,1.9742,2.0156,1.9714,1.9932,309236
1778427000000,1.9932,2.0058,1.9872,2.0018,47623
1778427900000,2.0018,2.0303,2.0007,2.0238,64482
1778428800000,2.0238,2.0309,2.0057,2.0234,64824
1778429700000,2.0234,2.0462,2.0194,2.046,53631
1778430600000,2.046,2.0488,2.0192,2.021,86811
1778431500000,2.021,2.027,2.0117,2.0141,45130
1778432400000,2.0141,2.0169,2.0039,2.012,74299
1778433300000,2.012,2.0377,2.0073,2.0344,63088
1778434200000,2.0344,2.0378,2.018,2.0205,38227
1778435100000,2.0205,2.0343,2.015,2.0341,96573
1778436000000,2.0341,2.0399,2.0303,2.0305,23435
1778436900000,2.0305,2.0419,2.0305,2.0401,22355
1778437800000,2.0401,2.0417,2.0338,2.0374,40459
1778438700000,2.0374,2.0434,2.0351,2.0397,26219
1778439600000,2.0397,2.0397,2.0292,2.0358,5331
1778440500000,2.0358,2.0481,2.0358,2.0452,7459
1778441400000,2.0452,2.0455,2.0344,2.0405,19601
1778442300000,2.0405,2.043,2.0313,2.0335,34269
1778443200000,2.0335,2.043,2.0279,2.0279,9616
1778444100000,2.0279,2.0289,2.0031,2.0197,104930
1778445000000,2.0197,2.0197,1.9983,1.9994,40031
1778445900000,1.9994,2.0002,1.9666,1.9919,147030
1778446800000,1.9919,1.9954,1.9757,1.9797,38852
1778447700000,1.9797,1.9946,1.9797,1.9946,8112
1778448600000,1.9946,1.9985,1.9936,1.9978,10431
1778449500000,1.9978,2.0084,1.9955,1.9958,17207
1778450400000,1.9958,2.0175,1.9933,2.0052,16471
1778451300000,2.0052,2.0143,2.0052,2.0074,7432
1778452200000,2.0074,2.0186,2.0055,2.0142,4741
1778453100000,2.0142,2.0233,2.0142,2.0207,5656
1778454000000,2.0207,2.0272,2.015,2.0165,12822
1778454900000,2.0165,2.0176,2.0075,2.0116,10230
1778455800000,2.0116,2.0226,2.0105,2.0226,7959
1778456700000,2.0226,2.0226,2.0102,2.011,2676
1778457600000,2.011,2.0244,2.0107,2.0143,31107
1778458500000,2.0143,2.0148,1.9999,2.0026,15229
1778459400000,2.0026,2.0103,1.9985,2.0015,6961
1778460300000,2.0015,2.0052,1.9896,1.999,23671
1778461200000,1.999,2.0175,1.9955,2.0157,16739
1778462100000,2.0157,2.0359,2.0157,2.0311,75295
1778463000000,2.0311,2.0405,2.0258,2.0371,19742
1778463900000,2.0371,2.0372,2.0211,2.0334,19172
1778464800000,2.0334,2.0334,2.0172,2.0182,23466
1778465700000,2.0182,2.0222,2.0038,2.0073,10025
1778466600000,2.0073,2.0133,2.0027,2.0055,15822
1778467500000,2.0055,2.0077,1.993,1.993,25631
1778468400000,1.993,1.9945,1.9774,1.9774,55435
1778469300000,1.9774,1.9841,1.9734,1.9781,15837
1778470200000,1.9781,1.9864,1.9715,1.9841,22137
1778471100000,1.9841,1.9906,1.9836,1.9891,18538
1778472000000,1.9891,1.9891,1.976,1.9805,15174
1778472900000,1.9805,1.9949,1.9805,1.9937,22853
1778473800000,1.9937,2.0009,1.9937,1.9954,9163
1778474700000,1.9954,1.9954,1.9867,1.9867,3516
1778475600000,1.9867,1.9928,1.9856,1.987,6779
1778476500000,1.987,2.0014,1.987,2.0003,3104
1778477400000,2.0003,2.0086,2.0003,2.0045,4312
1778478300000,2.0045,2.0061,2.0018,2.0021,4939
1778479200000,2.0021,2.016,2.002,2.016,12760
1778480100000,2.016,2.0175,2.0097,2.0112,4539
1778481000000,2.0112,2.0119,2.0031,2.006,8359
1778481900000,2.006,2.0101,2.0002,2.009,16011
1778482800000,2.009,2.0152,2.0057,2.0099,4404
1778483700000,2.0099,2.02,2.0087,2.0093,10347
1778484600000,2.0093,2.0108,2.0032,2.0097,12859
1778485500000,2.0097,2.0268,2.0097,2.0268,26677
1778486400000,2.0268,2.028,2.0204,2.0237,28529
1778487300000,2.0237,2.0319,2.0213,2.0265,48162
1778488200000,2.0265,2.0319,2.0237,2.0291,7405
1778489100000,2.0291,2.0392,2.0275,2.0303,36979
1778490000000,2.0303,2.0367,2.0268,2.0333,29933
1778490900000,2.0333,2.0353,2.0263,2.0349,7678
1778491800000,2.0349,2.0483,2.0349,2.0454,21931
1778492700000,2.0454,2.0621,2.0426,2.0614,56637
1778493600000,2.0614,2.0916,2.0603,2.087,197604
1778494500000,2.087,2.105,2.067,2.0749,146562
1778495400000,2.0749,2.0783,2.0496,2.0583,136021
1778496300000,2.0583,2.0671,2.048,2.051,157058
1778497200000,2.051,2.0651,2.0263,2.0334,105699
1778498100000,2.0334,2.0579,2.0334,2.0544,116895
1778499000000,2.0544,2.055,2.0336,2.039,75286
1778499900000,2.039,2.0415,2.0304,2.034,21184
1778500800000,2.034,2.0387,2.0178,2.027,84834
1778501700000,2.027,2.0353,2.0256,2.0296,15809
1778502600000,2.0296,2.0317,2.0202,2.027,15025
1778503500000,2.027,2.0333,2.023,2.023,16495
1778504400000,2.023,2.0316,2.0144,2.019,32039
1778505300000,2.019,2.0235,2.0133,2.0159,7234
1778506200000,2.0159,2.0177,1.996,2.0087,34085
1778507100000,2.0087,2.013,2.0035,2.0035,21376
1778508000000,2.0035,2.0195,2.0035,2.0153,21226
1778508900000,2.0153,2.0153,1.9951,1.9969,31921
1778509800000,1.9969,2.0029,1.9915,1.9979,27034
1778510700000,1.9979,1.9996,1.9846,1.9978,32208
1778511600000,1.9978,1.998,1.988,1.9903,6979
1778512500000,1.9903,2.0073,1.9895,2.0044,20106
1778513400000,2.0044,2.0098,2,2.001,13415
1778514300000,2.001,2.0068,1.9987,2.0052,11813
1778515200000,2.0052,2.0269,2.002,2.0199,40825
1778516100000,2.0199,2.0205,2.0041,2.0051,14003
1778517000000,2.0051,2.0079,1.9993,2,5037
1778517900000,2,2.0067,2,2.0063,7749
1778518800000,2.0063,2.0063,1.9946,2.004,18741
1778519700000,2.004,2.0093,2.0015,2.0093,1593
1778520600000,2.0093,2.0111,2.0048,2.0111,3933
1778521500000,2.0111,2.0156,2.0053,2.0056,4918
1778522400000,2.0056,2.0083,2.0018,2.0021,2615
1778523300000,2.0021,2.0021,1.9939,1.9978,2428
1778524200000,1.9978,2.0014,1.992,1.9946,42010
1778525100000,1.9946,2.0032,1.9929,1.9995,48960
1778526000000,1.9995,2.0057,1.9994,2.0034,4891
1778526900000,2.0034,2.0092,1.9974,2.0084,10120
1778527800000,2.0084,2.0173,2.0084,2.0145,15783
1778528700000,2.0145,2.0165,2.0131,2.0143,1513
1778529600000,2.0143,2.021,2.0117,2.0117,7692
1778530500000,2.0117,2.0144,2.0085,2.0144,14641
1778531400000,2.0144,2.02,2.0124,2.0192,1264
1778532300000,2.0192,2.0212,2.0162,2.0177,16666
1778533200000,2.0177,2.0272,2.0177,2.025,26146
1778534100000,2.025,2.0326,2.0245,2.0325,7755
1778535000000,2.0325,2.0369,2.0297,2.0314,8701
1778535900000,2.0314,2.032,2.0254,2.0266,3080
1778536800000,2.0266,2.0305,2.0208,2.0221,7691
1778537700000,2.0221,2.0233,2.015,2.015,5161
1778538600000,2.015,2.0208,2.015,2.019,1253
1778539500000,2.019,2.0279,2.019,2.0279,1369
1778540400000,2.0279,2.0294,2.0198,2.0203,8003
1778541300000,2.0203,2.0403,2.0173,2.0394,48693
1778542200000,2.0394,2.0492,2.0394,2.0451,21069
1778543100000,2.0451,2.0451,2.0379,2.0423,12540
1778544000000,2.0423,2.0423,2.0223,2.0223,49173
1778544900000,2.0223,2.0306,2.0219,2.0278,4645
1778545800000,2.0278,2.0386,2.0256,2.0345,37210
1778546700000,2.0345,2.0416,2.0345,2.0378,1449
1778547600000,2.0378,2.0392,2.0257,2.0334,20247
1778548500000,2.0334,2.0373,2.0244,2.0286,16482
1778549400000,2.0286,2.0286,2.0051,2.0199,21008
1778550300000,2.0199,2.0211,2.0105,2.0169,7554
1778551200000,2.0169,2.0236,2.0168,2.0224,9673
1778552100000,2.0224,2.0224,2.008,2.0159,3469
1778553000000,2.0159,2.0159,2.0066,2.0094,8822
1778553900000,2.0094,2.0182,2.0081,2.0167,5032
1778554800000,2.0167,2.0228,2.0158,2.0167,6869
1778555700000,2.0167,2.0229,2.0161,2.0161,8720
1778556600000,2.0161,2.026,2.0161,2.026,11064
1778557500000,2.026,2.026,2.0179,2.023,8132
1778558400000,2.023,2.0249,2.0131,2.0131,8234
1778559300000,2.0131,2.0214,2.0131,2.0167,17470
1778560200000,2.0167,2.0208,2.0134,2.0134,3108
1778561100000,2.0134,2.0173,2.0119,2.0154,2714
1778562000000,2.0154,2.0271,2.0154,2.0225,55475
1778562900000,2.0225,2.037,2.02,2.037,35402
1778563800000,2.037,2.046,2.037,2.0458,13342
1778564700000,2.0458,2.055,2.0449,2.0484,26755
1778565600000,2.0484,2.0534,2.0417,2.0506,36706
1778566500000,2.0506,2.061,2.0474,2.0586,28611
1778567400000,2.0586,2.0592,2.0496,2.0543,23908
1778568300000,2.0543,2.0623,2.0526,2.056,14859
1778569200000,2.056,2.0594,2.0387,2.0579,34763
1778570100000,2.0579,2.0692,2.0569,2.06,25947
1778571000000,2.06,2.0607,2.048,2.048,14491
1778571900000,2.048,2.055,2.0466,2.047,20888
1778572800000,2.047,2.0559,2.0429,2.0514,22800
1778573700000,2.0514,2.0585,2.048,2.0536,13600
1778574600000,2.0536,2.0617,2.0468,2.0613,24991
1778575500000,2.0613,2.0714,2.0613,2.0676,24951
1778576400000,2.0676,2.077,2.0572,2.059,31323
1778577300000,2.059,2.059,2.0481,2.0528,19512
1778578200000,2.0528,2.0656,2.0464,2.0602,25993
1778579100000,2.0602,2.0643,2.0563,2.0615,10736
1778580000000,2.0615,2.0779,2.0615,2.0779,29069
1778580900000,2.0779,2.078,2.0656,2.0665,36281
1778581800000,2.0665,2.0689,2.041,2.0451,67692
1778582700000,2.0451,2.0451,2.0303,2.0339,36307
1778583600000,2.0339,2.0419,2.0262,2.0368,57219
1778584500000,2.0368,2.0368,2.0231,2.0283,18100
1778585400000,2.0283,2.0383,2.027,2.0368,58297
1778586300000,2.0368,2.0395,2.0328,2.0356,23077
1778587200000,2.0356,2.0469,2.0286,2.0428,14752
1778588100000,2.0428,2.0496,2.036,2.0409,9131
1778589000000,2.0409,2.0451,2.0165,2.0334,46410
1778589900000,2.0334,2.039,2.0249,2.0249,6804
1778590800000,2.0249,2.0276,2.0028,2.003,33924
1778591700000,2.003,2.0127,2.0007,2.01,8518
1778592600000,2.01,2.012,2.0018,2.0092,26733
1778593500000,2.0092,2.0109,1.9949,1.9988,37935
1778594400000,1.9988,2.0094,1.991,2.0094,22738
1778595300000,2.0094,2.0097,1.9939,1.9982,31312
1778596200000,1.9982,2.002,1.9835,1.9956,36403
1778597100000,1.9956,1.9956,1.978,1.9884,38828
1778598000000,1.9884,1.9941,1.9779,1.9928,12770
1778598900000,1.9928,1.9979,1.9813,1.9827,59896
1778599800000,1.9827,2.0024,1.9827,2.0005,38066
1778600700000,2.0005,2.0171,1.995,2.011,24666
1778601600000,2.011,2.0182,2.0055,2.01,33694
1778602500000,2.01,2.0105,1.9998,2.0099,25549
1778603400000,2.0099,2.0246,2.0081,2.0237,22253
1778604300000,2.0237,2.0289,2.0082,2.0279,33884
1778605200000,2.0279,2.0575,2.0279,2.0574,45181
1778606100000,2.0574,2.0685,2.0496,2.0548,97469
1778607000000,2.0548,2.0746,2.0532,2.0732,72488
1778607900000,2.0732,2.0767,2.0602,2.0697,34514
1778608800000,2.0697,2.0928,2.0693,2.0928,69121
1778609700000,2.0928,2.12,2.0921,2.1165,48884
1778610600000,2.1165,2.1352,2.1072,2.1252,222634
1778611500000,2.1252,2.1253,2.1004,2.1026,90810
1778612400000,2.1026,2.1336,2.1012,2.1318,66725
1778613300000,2.1318,2.1359,2.1188,2.1286,84664
1778614200000,2.1286,2.1443,2.1261,2.1309,90128
1778615100000,2.1309,2.1474,2.1252,2.1451,64804
1778616000000,2.1451,2.1593,2.1352,2.1517,55071
1778616900000,2.1517,2.1778,2.1511,2.1684,55686
1778617800000,2.1684,2.1713,2.1311,2.1368,62930
1778618700000,2.1368,2.1368,2.1143,2.1309,79063
1778619600000,2.1309,2.1325,2.107,2.107,61467
1778620500000,2.107,2.1238,2.1037,2.113,19294
1778621400000,2.113,2.113,2.0951,2.1051,11514
1778622300000,2.1051,2.1051,2.0877,2.1023,34331
1778623200000,2.1023,2.1163,2.1017,2.1122,12412
1778624100000,2.1122,2.122,2.1098,2.1128,11470
1778625000000,2.1128,2.1152,2.105,2.1141,11036
1778625900000,2.1141,2.1168,2.1073,2.1141,20014
1778626800000,2.1141,2.1155,2.1038,2.1038,9702
1778627700000,2.1038,2.1163,2.1035,2.1085,8880
1778628600000,2.1085,2.1139,2.0979,2.1013,11120
1778629500000,2.1013,2.1055,2.0983,2.105,9070
1778630400000,2.105,2.1179,2.0957,2.112,70047
1778631300000,2.112,2.1254,2.105,2.1057,11029
1778632200000,2.1057,2.1238,2.1038,2.1195,23561
1778633100000,2.1195,2.1297,2.1168,2.1295,22748
1778634000000,2.1295,2.1437,2.1258,2.1258,17182
1778634900000,2.1258,2.1358,2.1185,2.131,11816
1778635800000,2.131,2.1492,2.1307,2.1395,29074
1778636700000,2.1395,2.154,2.1372,2.1527,12191
1778637600000,2.1527,2.1617,2.1507,2.1601,34625
1778638500000,2.1601,2.178,2.1598,2.1776,43086
1778639400000,2.1776,2.1888,2.1682,2.1682,56193
1778640300000,2.1682,2.1701,2.1516,2.1639,53339
1778641200000,2.1639,2.1812,2.1521,2.1571,93986
1778642100000,2.1571,2.1592,2.1421,2.1442,40597
1778643000000,2.1442,2.147,2.1333,2.1367,20902
1778643900000,2.1367,2.1478,2.1333,2.1392,26485
1778644800000,2.1392,2.1451,2.1362,2.1385,23696
1778645700000,2.1385,2.1443,2.134,2.1414,26081
1778646600000,2.1414,2.1627,2.1388,2.1551,25601
1778647500000,2.1551,2.1938,2.1551,2.1865,59515
1778648400000,2.1865,2.2169,2.1858,2.1941,79328
1778649300000,2.1941,2.2245,2.1869,2.2204,69435
1778650200000,2.2204,2.2311,2.1727,2.1727,64253
1778651100000,2.1727,2.1727,2.1517,2.1647,58898
1778652000000,2.1647,2.1662,2.14,2.14,60080
1778652900000,2.14,2.1462,2.1303,2.1329,52628
1778653800000,2.1329,2.136,2.1062,2.1142,48781
1778654700000,2.1142,2.1218,2.1115,2.1128,30222
1778655600000,2.1128,2.1239,2.1113,2.1205,27678
1778656500000,2.1205,2.1222,2.1094,2.113,14997
1778657400000,2.113,2.1277,2.1072,2.1232,37900
1778658300000,2.1232,2.1361,2.122,2.1345,21537
1778659200000,2.1345,2.1372,2.1242,2.1284,30779
1778660100000,2.1284,2.137,2.1281,2.1312,20357
1778661000000,2.1312,2.152,2.127,2.1452,10255
1778661900000,2.1452,2.1452,2.1314,2.1344,9107
1778662800000,2.1344,2.1406,2.1218,2.1331,63785
1778663700000,2.1331,2.1452,2.1331,2.1369,9245
1778664600000,2.1369,2.1445,2.1275,2.1391,10716
1778665500000,2.1391,2.15,2.1345,2.15,11292
1778666400000,2.15,2.1609,2.1412,2.1448,59391
1778667300000,2.1448,2.1533,2.138,2.1451,10531
1778668200000,2.1451,2.1681,2.1423,2.1673,27477
1778669100000,2.1673,2.1673,2.1421,2.1427,40198
1778670000000,2.1427,2.148,2.1237,2.126,23768
1778670900000,2.126,2.14,2.1219,2.1344,37921
1778671800000,2.1344,2.1425,2.1167,2.1251,33137
1778672700000,2.1251,2.1268,2.1008,2.1104,19459
1778673600000,2.1104,2.115,2.1051,2.1102,26483
1778674500000,2.1102,2.1102,2.0926,2.1022,30187
1778675400000,2.1022,2.1022,2.0541,2.0757,155857
1778676300000,2.0757,2.0854,2.0699,2.0715,38929
1778677200000,2.0715,2.0807,2.0712,2.0775,19743
1778678100000,2.0775,2.0867,2.077,2.0782,11367
1778679000000,2.0782,2.0844,2.0748,2.0786,62854
1778679900000,2.0786,2.0824,2.054,2.0578,51108
1778680800000,2.0578,2.0658,2.0432,2.0646,57667
1778681700000,2.0646,2.0729,2.0585,2.0715,9146
1778682600000,2.0715,2.073,2.0649,2.0714,12761
1778683500000,2.0714,2.0718,2.0501,2.0521,17895
1778684400000,2.0521,2.0608,2.0467,2.0563,28156
1778685300000,2.0563,2.0593,2.0488,2.0529,12434
1778686200000,2.0529,2.061,2.0469,2.0481,104841
1778687100000,2.0481,2.0586,2.0259,2.0285,122250
1778688000000,2.0285,2.0444,2.0273,2.043,15019
1778688900000,2.043,2.0533,2.0404,2.0448,56625
1778689800000,2.0448,2.0578,2.0438,2.0534,36336
1778690700000,2.0534,2.0575,2.0496,2.0541,10830
1778691600000,2.0541,2.0638,2.054,2.0638,12773
1778692500000,2.0638,2.0662,2.0602,2.0604,8394
1778693400000,2.0604,2.062,2.055,2.0592,7629
1778694300000,2.0592,2.0592,2.0484,2.0515,18022
1778695200000,2.0515,2.0659,2.0498,2.0583,82913
1778696100000,2.0583,2.0655,2.0547,2.065,72125
1778697000000,2.065,2.0697,2.0619,2.0619,10244
1778697900000,2.0619,2.0632,2.0584,2.0615,2320
1778698800000,2.0615,2.0615,2.0487,2.0572,22090
1778699700000,2.0572,2.068,2.0512,2.0661,20461
1778700600000,2.0661,2.0739,2.0661,2.0715,16276
1778701500000,2.0715,2.0743,2.0617,2.0679,8443
1778702400000,2.0679,2.0935,2.0679,2.081,33056
1778703300000,2.081,2.0879,2.0739,2.0742,8207
1778704200000,2.0742,2.0801,2.0703,2.0766,5108
1778705100000,2.0766,2.078,2.069,2.078,7281
1778706000000,2.078,2.0819,2.0562,2.0606,38696
1778706900000,2.0606,2.0606,2.0354,2.0396,32163
1778707800000,2.0396,2.0488,2.0366,2.0484,10023
1778708700000,2.0484,2.0534,2.0476,2.0508,2826
1778709600000,2.0508,2.0579,2.0472,2.0544,3118
1778710500000,2.0544,2.0544,2.0404,2.0418,2414
1778711400000,2.0418,2.0441,2.0379,2.0441,4310
1778712300000,2.0441,2.0447,2.0413,2.0429,5017
1778713200000,2.0429,2.043,2.0338,2.0403,11708
1778714100000,2.0403,2.0409,2.034,2.0364,5671
1778715000000,2.0364,2.043,2.0341,2.0373,53400
1778715900000,2.0373,2.0403,2.0373,2.0383,9878
1778716800000,2.0383,2.0385,2.016,2.0296,173748
1778717700000,2.0296,2.0349,2.0249,2.0255,15203
1778718600000,2.0255,2.0359,2.0255,2.0269,7654
1778719500000,2.0269,2.0362,2.024,2.033,19595
1778720400000,2.033,2.0379,2.0275,2.031,17916
1778721300000,2.031,2.0314,2.0217,2.0247,20154
1778722200000,2.0247,2.0302,2.0227,2.0239,5204
1778723100000,2.0239,2.0279,2.02,2.0264,16955
1778724000000,2.0264,2.0364,2.0257,2.033,16242
1778724900000,2.033,2.0335,2.0246,2.0268,8251
1778725800000,2.0268,2.0328,2.0203,2.0203,6641
1778726700000,2.0203,2.0204,2.0081,2.0112,24067
1778727600000,2.0112,2.0173,2.0049,2.0111,5957
1778728500000,2.0111,2.0111,2.0005,2.0088,10763
1778729400000,2.0088,2.0126,2.0036,2.0058,5668
1778730300000,2.0058,2.0062,1.9982,2.006,8929
1778731200000,2.006,2.0192,2.002,2.0181,3243
1778732100000,2.0181,2.0205,2.0153,2.0183,2280
1778733000000,2.0183,2.0189,2.0107,2.0145,31971
1778733900000,2.0145,2.022,2.013,2.0175,14569
1778734800000,2.0175,2.0179,2.0121,2.0121,4950
1778735700000,2.0121,2.0149,2.0092,2.0136,17558
1778736600000,2.0136,2.0155,2.0103,2.012,10916
1778737500000,2.012,2.019,2.012,2.0159,3763
1778738400000,2.0159,2.0262,2.0137,2.0248,26477
1778739300000,2.0248,2.0342,2.0216,2.024,61340
1778740200000,2.024,2.0267,2.0138,2.0138,19744
1778741100000,2.0138,2.0182,2.0071,2.0078,4278
1778742000000,2.0078,2.0108,1.9997,2,5097
1778742900000,2,2.0019,1.9961,1.9994,3531
1778743800000,1.9994,2.0145,1.9969,2.0106,147536
1778744700000,2.0106,2.0115,2.0038,2.0047,17060
1778745600000,2.0047,2.0068,1.999,2.0037,29841
1778746500000,2.0037,2.0075,2.0016,2.0044,21863
1778747400000,2.0044,2.0128,2.0044,2.0083,13709
1778748300000,2.0083,2.0092,2.0016,2.0092,9750
1778749200000,2.0092,2.0108,2.0069,2.0081,6414
1778750100000,2.0081,2.0165,2.0081,2.0149,10730
1778751000000,2.0149,2.0161,2.0102,2.0113,11889
1778751900000,2.0113,2.0113,2.0041,2.0069,14530
1778752800000,2.0069,2.0075,1.9998,2.0022,9372
1778753700000,2.0022,2.0078,2.0013,2.0067,10325
1778754600000,2.0067,2.0094,2.0019,2.0019,9330
1778755500000,2.0019,2.0125,2.0019,2.0116,7646
1778756400000,2.0116,2.0138,2.0047,2.0047,3411
1778757300000,2.0047,2.0047,1.9999,2.0011,3339
1778758200000,2.0011,2.0043,1.998,2.0041,17120
1778759100000,2.0041,2.0124,2.0027,2.0027,16558
1778760000000,2.0027,2.0042,1.9956,1.9994,5339
1778760900000,1.9994,2.0075,1.9994,2.0067,6002
1778761800000,2.0067,2.0173,2.0065,2.0173,14041
1778762700000,2.0173,2.0262,2.0173,2.0204,16755
1778763600000,2.0204,2.0278,2.0171,2.0226,8339
1778764500000,2.0226,2.0241,2.0181,2.0192,2939
1778765400000,2.0192,2.0231,2.0163,2.0217,10772
1778766300000,2.0217,2.0362,2.0217,2.0294,75187
1778767200000,2.0294,2.035,2.0264,2.0302,8043
1778768100000,2.0302,2.0375,2.0276,2.0333,16530
1778769000000,2.0333,2.0372,2.0242,2.0274,80123
1778769900000,2.0274,2.0459,2.0261,2.0411,59654
1778770800000,2.0411,2.0469,2.0359,2.0408,20309
1778771700000,2.0408,2.0524,2.0408,2.047,14442
1778772600000,2.047,2.0529,2.0429,2.0513,10870
1778773500000,2.0513,2.0623,2.0462,2.0475,34551
1778774400000,2.0475,2.059,2.0473,2.0549,21001
1778775300000,2.0549,2.0672,2.0549,2.0666,5408
1778776200000,2.0666,2.0713,2.0526,2.0544,14611
1778777100000,2.0544,2.0556,2.0356,2.0525,31379
1778778000000,2.0525,2.0574,2.0492,2.0543,8450
1778778900000,2.0543,2.0543,2.0418,2.043,15959
1778779800000,2.043,2.05,2.0387,2.0469,6524
1778780700000,2.0469,2.055,2.0466,2.0506,7138
1778781600000,2.0506,2.0516,2.0438,2.0487,5760
1778782500000,2.0487,2.0577,2.0476,2.0573,5367
1778783400000,2.0573,2.0575,2.0464,2.0509,5757
1778784300000,2.0509,2.0562,2.0509,2.0521,5976
1778785200000,2.0521,2.0554,2.0482,2.0529,4936
1778786100000,2.0529,2.0549,2.0456,2.0471,5957
1778787000000,2.0471,2.0504,2.0446,2.0488,5270
1778787900000,2.0488,2.0522,2.048,2.0487,5254
1778788800000,2.0487,2.0508,2.0419,2.042,6954
1778789700000,2.042,2.0476,2.0332,2.0357,24845
1778790600000,2.0357,2.0365,2.0295,2.0343,16641
1778791500000,2.0343,2.045,2.0331,2.0432,24065
1778792400000,2.0432,2.0468,2.0371,2.04,13249
1778793300000,2.04,2.04,2.0375,2.0392,113
1778794200000,2.0392,2.0487,2.0392,2.0487,4456
1778795100000,2.0487,2.0487,2.045,2.0479,656
1778796000000,2.0479,2.0559,2.0468,2.0559,8504
1778796900000,2.0559,2.056,2.0502,2.0537,6371
1778797800000,2.0537,2.0558,2.0511,2.0524,2301
1778798700000,2.0524,2.0567,2.0507,2.0507,4724
1778799600000,2.0507,2.0548,2.048,2.0528,7973
1778800500000,2.0528,2.0579,2.0498,2.0579,346
1778801400000,2.0579,2.063,2.0485,2.0485,2484
1778802300000,2.0485,2.0485,2.0403,2.044,6301
1778803200000,2.044,2.0458,2.0395,2.0457,21001
1778804100000,2.0457,2.0506,2.0457,2.048,5588
1778805000000,2.048,2.0483,2.0395,2.0403,4730
1778805900000,2.0403,2.0421,2.0362,2.0398,6863
1778806800000,2.0398,2.0419,2.0368,2.0419,2688
1778807700000,2.0419,2.0434,2.0349,2.0349,2835
1778808600000,2.0349,2.0349,2.0267,2.0321,5214
1778809500000,2.0321,2.0335,2.0237,2.0251,10658
1778810400000,2.0251,2.0337,2.0219,2.0243,3777
1778811300000,2.0243,2.0246,2.016,2.017,13544
1778812200000,2.017,2.0245,2.0106,2.0245,3720
1778813100000,2.0245,2.0263,2.0184,2.0263,2888
1778814000000,2.0263,2.0264,2.021,2.022,3882
1778814900000,2.022,2.0239,2.0133,2.0164,16975
1778815800000,2.0164,2.0227,2.0164,2.0209,15335
1778816700000,2.0209,2.0241,2.0199,2.0241,30
1778817600000,2.0241,2.0245,2.0173,2.0231,632
1778818500000,2.0231,2.0231,2.0188,2.0213,215
1778819400000,2.0213,2.0213,2.0155,2.0212,3554
1778820300000,2.0212,2.0212,2.0108,2.0108,3473
1778821200000,2.0108,2.012,2.0062,2.0119,5773
1778822100000,2.0119,2.0133,2.0067,2.0084,2605
1778823000000,2.0084,2.0084,1.979,1.998,261179
1778823900000,1.998,1.998,1.9902,1.9909,37444
1778824800000,1.9909,2.0027,1.9909,2.0021,4402
1778825700000,2.0021,2.0077,2.0007,2.0077,9393
1778826600000,2.0077,2.0098,2.0062,2.0071,6302
1778827500000,2.0071,2.0092,2.0061,2.0074,393
1778828400000,2.0074,2.0095,2.0028,2.0051,9630
1778829300000,2.0051,2.0165,2.0024,2.0133,12702
1778830200000,2.0133,2.0145,2.0031,2.0061,43042
1778831100000,2.0061,2.0125,2.0049,2.0125,18254
1778832000000,2.0125,2.0157,2.0052,2.0107,14551
1778832900000,2.0107,2.0111,2.0012,2.0018,1821
1778833800000,2.0018,2.0081,2.0007,2.0081,11091
1778834700000,2.0081,2.0081,2.0016,2.0033,6770
1778835600000,2.0033,2.0049,1.991,1.999,227399
1778836500000,1.999,1.999,1.9926,1.9971,9346
1778837400000,1.9971,1.9971,1.99,1.9907,7357
1778838300000,1.9907,1.9925,1.9883,1.9894,1494
1778839200000,1.9894,2.0007,1.9894,1.999,17883
1778840100000,1.999,2.0015,1.9954,2.0011,6504
1778841000000,2.0011,2.0042,1.9989,2.0042,3280
1778841900000,2.0042,2.0116,2.0041,2.0072,68120
1778842800000,2.0072,2.0103,1.9982,2.001,4120
1778843700000,2.001,2.006,1.9986,2.0057,4994
1778844600000,2.0057,2.0115,2.0052,2.0084,8304
1778845500000,2.0084,2.0089,2.0028,2.0033,985
1778846400000,2.0033,2.0071,1.9995,2,4564
1778847300000,2,2.0066,1.9981,2.001,5954
1778848200000,2.001,2.0064,1.9977,1.999,5711
1778849100000,1.999,1.9993,1.9949,1.9964,2515
1778850000000,1.9964,1.9998,1.988,1.997,84015
1778850900000,1.997,2.0043,1.994,2.0009,11335
1778851800000,2.0009,2.0015,1.956,1.9614,220716
1778852700000,1.9614,1.967,1.9351,1.9436,55934
1778853600000,1.9436,1.9584,1.9344,1.9584,7213
1778854500000,1.9584,1.9633,1.9533,1.954,4613
1778855400000,1.954,1.96,1.9504,1.9533,15974
1778856300000,1.9533,1.9602,1.9503,1.9602,33656
1778857200000,1.9602,1.9621,1.9526,1.9526,6556
1778858100000,1.9526,1.9526,1.9359,1.9371,7587
1778859000000,1.9371,1.9414,1.9264,1.9293,26113
1778859900000,1.9293,1.936,1.9269,1.936,12279
1778860800000,1.936,1.946,1.9343,1.946,31061
1778861700000,1.946,1.9537,1.9421,1.9482,37962
1778862600000,1.9482,1.9514,1.9461,1.9461,37371
1778863500000,1.9461,1.9466,1.9396,1.9438,3638
1778864400000,1.9438,1.9484,1.9428,1.9458,318
1778865300000,1.9458,1.9496,1.94,1.9496,3229
1778866200000,1.9496,1.9504,1.9447,1.9472,7169
1778867100000,1.9472,1.9515,1.9456,1.9515,2951
1778868000000,1.9515,1.9531,1.9455,1.9462,6517
1778868900000,1.9462,1.9479,1.9387,1.9458,85964
1778869800000,1.9458,1.952,1.9417,1.9492,24950
1778870700000,1.9492,1.9493,1.9443,1.9458,1738
1778871600000,1.9458,1.9458,1.9364,1.9374,2700
1778872500000,1.9374,1.9399,1.9361,1.9382,2439
1778873400000,1.9382,1.9431,1.9363,1.9363,11922
1778874300000,1.9363,1.939,1.9341,1.9354,15673
1778875200000,1.9354,1.9363,1.931,1.9325,6776
1778876100000,1.9325,1.9362,1.9317,1.9362,5967
1778877000000,1.9362,1.9372,1.9301,1.9301,11781
1778877900000,1.9301,1.9339,1.928,1.9332,3825
1778878800000,1.9332,1.9397,1.9329,1.9388,22353
1778879700000,1.9388,1.9399,1.9353,1.9368,3137
1778880600000,1.9368,1.9388,1.9343,1.9344,10694
1778881500000,1.9344,1.9348,1.9171,1.9281,111878
1778882400000,1.9281,1.9352,1.9281,1.9305,3036
1778883300000,1.9305,1.9305,1.9277,1.9279,3719
1778884200000,1.9279,1.9329,1.9279,1.9329,2464
1778885100000,1.9329,1.9344,1.9261,1.9293,7971
1778886000000,1.9293,1.9304,1.9258,1.9258,1214
1778886900000,1.9258,1.927,1.921,1.9238,3141
1778887800000,1.9238,1.9282,1.9236,1.9282,9505
1778888700000,1.9282,1.9282,1.9257,1.926,903
1778889600000,1.926,1.9279,1.9199,1.9268,41379
1778890500000,1.9268,1.9299,1.9252,1.9284,1307
1778891400000,1.9284,1.9324,1.9261,1.9311,7641
1778892300000,1.9311,1.9329,1.9298,1.9302,6555
1778893200000,1.9302,1.9349,1.9302,1.932,3657
1778894100000,1.932,1.9337,1.924,1.924,6778
1778895000000,1.924,1.9266,1.9188,1.923,15770
1778895900000,1.923,1.9296,1.923,1.9266,6265
1778896800000,1.9266,1.9316,1.9266,1.9275,3532
1778897700000,1.9275,1.9298,1.9253,1.9255,2035
1778898600000,1.9255,1.931,1.9246,1.9288,1965
1778899500000,1.9288,1.9333,1.9278,1.9322,1726
1778900400000,1.9322,1.9383,1.9322,1.9363,13598
1778901300000,1.9363,1.9422,1.9362,1.9398,36158
1778902200000,1.9398,1.9398,1.9312,1.9319,7714
1778903100000,1.9319,1.9379,1.9319,1.9367,2550
1778904000000,1.9367,1.9368,1.9295,1.9347,6401
1778904900000,1.9347,1.9383,1.9288,1.9294,14432
1778905800000,1.9294,1.9329,1.9221,1.9317,22620
1778906700000,1.9317,1.935,1.9306,1.935,115047
1778907600000,1.935,1.9414,1.9318,1.9409,6644
1778908500000,1.9409,1.9434,1.9389,1.9425,18128
1778909400000,1.9425,1.9501,1.9368,1.9368,46697
1778910300000,1.9368,1.9448,1.9363,1.9414,6958
1778911200000,1.9414,1.9418,1.9299,1.9314,37429
1778912100000,1.9314,1.9341,1.9269,1.9322,9656
1778913000000,1.9322,1.9404,1.9322,1.9382,65984
1778913900000,1.9382,1.9449,1.9305,1.942,14704
1778914800000,1.942,1.9455,1.9219,1.9239,142129
1778915700000,1.9239,1.9301,1.906,1.9276,73761
1778916600000,1.9276,1.9468,1.9239,1.9458,31289
1778917500000,1.9458,1.9465,1.9368,1.9463,7571
1778918400000,1.9463,1.9618,1.9444,1.9583,50562
1778919300000,1.9583,1.9591,1.9502,1.9555,16906
1778920200000,1.9555,1.9562,1.941,1.9417,17407
1778921100000,1.9417,1.9469,1.9383,1.9407,32293
1778922000000,1.9407,1.9423,1.9156,1.9156,23881
1778922900000,1.9156,1.9246,1.9069,1.9098,77040
1778923800000,1.9098,1.9186,1.9096,1.9186,12708
1778924700000,1.9186,1.9279,1.9145,1.9229,33490
1778925600000,1.9229,1.9243,1.9101,1.9196,11220
1778926500000,1.9196,1.9292,1.9168,1.928,20469
1778927400000,1.928,1.942,1.928,1.9337,20378
1778928300000,1.9337,1.9447,1.9337,1.9436,41477
1778929200000,1.9436,1.9589,1.9436,1.9582,33840
1778930100000,1.9582,1.966,1.9558,1.9593,64918
1778931000000,1.9593,1.9694,1.9565,1.9628,67592
1778931900000,1.9628,1.971,1.9628,1.9701,45655
1778932800000,1.9701,1.9797,1.9658,1.9749,81189
1778933700000,1.9749,1.9794,1.967,1.9753,54060
1778934600000,1.9753,1.9863,1.9753,1.985,42296
1778935500000,1.985,1.9948,1.9838,1.9859,33588
1778936400000,1.9859,1.9926,1.9779,1.9839,46539
1778937300000,1.9839,1.9865,1.959,1.9626,120242
1778938200000,1.9626,1.9848,1.9626,1.9802,42671
1778939100000,1.9802,1.9948,1.9762,1.9948,24329
1778940000000,1.9948,1.9993,1.9873,1.9891,43555
1778940900000,1.9891,2.0037,1.9819,1.9976,43345
1778941800000,1.9976,2.0109,1.9976,1.9984,32361
1778942700000,1.9984,2.0027,1.9916,1.9999,33416
1778943600000,1.9999,2.0058,1.9902,1.9933,39801
1778944500000,1.9933,2.003,1.9931,1.9985,36697
1778945400000,1.9985,2.0005,1.9853,1.9859,65254
1778946300000,1.9859,1.9966,1.9791,1.9953,105881
1778947200000,1.9953,2.0056,1.989,1.989,38160
1778948100000,1.989,1.9974,1.9838,1.9941,45841
1778949000000,1.9941,1.9988,1.9896,1.991,17341
1778949900000,1.991,2.0027,1.991,2.0003,8936
1778950800000,2.0003,2.0065,1.9971,2.0016,29188
1778951700000,2.0016,2.017,2,2.0119,21731
1778952600000,2.0119,2.0119,1.997,1.9994,22704
1778953500000,1.9994,2.0083,1.9994,2.0044,12374
1778954400000,2.0044,2.0103,1.9931,1.996,26740
1778955300000,1.996,2.0028,1.9946,2.0001,11633
1778956200000,2.0001,2.0001,1.9924,1.9977,19319
1778957100000,1.9977,2.0112,1.9977,2.0108,21228
1778958000000,2.0108,2.0212,2.0076,2.0169,24509
1778958900000,2.0169,2.0247,2.0145,2.0166,26666
1778959800000,2.0166,2.0332,2.0152,2.028,57760
1778960700000,2.028,2.0361,2.0275,2.0307,14137
1778961600000,2.0307,2.0389,2.026,2.0334,21084
1778962500000,2.0334,2.0389,2.0242,2.0269,47061
1778963400000,2.0269,2.0303,2.0205,2.0219,25650
1778964300000,2.0219,2.0318,2.0217,2.0289,9175
1778965200000,2.0289,2.0401,2.0277,2.0391,35035
1778966100000,2.0391,2.0459,2.0321,2.0435,25362
1778967000000,2.0435,2.0569,2.0414,2.0462,115710
1778967900000,2.0462,2.0511,2.0457,2.0474,6755
1778968800000,2.0474,2.0504,2.0262,2.0299,26120
1778969700000,2.0299,2.0443,2.0299,2.0403,24290
1778970600000,2.0403,2.046,2.0387,2.0451,21216
1778971500000,2.0451,2.0499,2.0419,2.0421,31510
1778972400000,2.0421,2.0437,2.0316,2.0355,116928
1778973300000,2.0355,2.052,2.0352,2.052,37853
1778974200000,2.052,2.0548,2.0437,2.0494,46025
1778975100000,2.0494,2.0525,2.0365,2.037,29367
1778976000000,2.037,2.0528,2.035,2.0459,66465
1778976900000,2.0459,2.0568,2.0451,2.0518,46791
1778977800000,2.0518,2.053,2.0384,2.0445,27195
1778978700000,2.0445,2.0558,2.0295,2.0376,41897
1778979600000,2.0376,2.0487,2.0304,2.0445,37797
1778980500000,2.0445,2.0445,2.0125,2.0136,78161
1778981400000,2.0136,2.02,2.0039,2.0086,30168
1778982300000,2.0086,2.0171,2.001,2.0059,67947
1778983200000,2.0059,2.016,2.0053,2.0111,35150
1778984100000,2.0111,2.0247,2.0111,2.0189,28028
1778985000000,2.0189,2.024,2.0083,2.0161,29136
1778985900000,2.0161,2.0181,2.0053,2.0154,17414
1778986800000,2.0154,2.0326,2.0106,2.0298,41272
1778987700000,2.0298,2.036,2.0265,2.0359,29609
1778988600000,2.0359,2.0522,2.0314,2.0493,42569
1778989500000,2.0493,2.0634,2.0469,2.0624,53402
1778990400000,2.0624,2.0647,2.0446,2.0541,68708
1778991300000,2.0541,2.0647,2.0453,2.0622,76120
1778992200000,2.0622,2.0721,2.0599,2.0624,54158
1778993100000,2.0624,2.0624,2.0501,2.0533,44177
1778994000000,2.0533,2.0551,2.0423,2.0528,37746
1778994900000,2.0528,2.0562,2.0441,2.0489,18754
1778995800000,2.0489,2.0489,2.0357,2.0361,17225
1778996700000,2.0361,2.0442,2.0296,2.0414,35611
1778997600000,2.0414,2.0509,2.0362,2.0415,80284
1778998500000,2.0415,2.0432,2.0331,2.037,25851
1778999400000,2.037,2.0409,2.0246,2.0311,35078
1779000300000,2.0311,2.0443,2.0301,2.0443,108655
1779001200000,2.0443,2.0481,2.0375,2.0411,48829
1779002100000,2.0411,2.067,2.0404,2.0609,61776
1779003000000,2.0609,2.0785,2.0609,2.0716,71058
1779003900000,2.0716,2.078,2.0675,2.0722,53815
1779004800000,2.0722,2.0799,2.066,2.0789,54406
1779005700000,2.0789,2.0811,2.0711,2.0773,26074
1779006600000,2.0773,2.0847,2.074,2.0808,32116
1779007500000,2.0808,2.0895,2.0794,2.0876,33804
1779008400000,2.0876,2.0982,2.084,2.0949,38815
1779009300000,2.0949,2.1038,2.0913,2.102,66483
1779010200000,2.102,2.102,2.0739,2.0839,78855
1779011100000,2.0839,2.0942,2.0807,2.0926,29487
1779012000000,2.0926,2.1335,2.0857,2.1197,108525
1779012900000,2.1197,2.1266,2.1031,2.1057,58269
1779013800000,2.1057,2.1057,2.0771,2.0879,106029
1779014700000,2.0879,2.0909,2.0763,2.0875,50964
1779015600000,2.0875,2.0961,2.0687,2.0919,159621
1779016500000,2.0919,2.0924,2.0747,2.082,43786
1779017400000,2.082,2.088,2.0761,2.0798,127839
1779018300000,2.0798,2.0875,2.0755,2.0755,18019
1779019200000,2.0755,2.0785,2.0677,2.0725,52846
1779020100000,2.0725,2.0829,2.0684,2.0809,25066
1779021000000,2.0809,2.0854,2.0692,2.0748,22463
1779021900000,2.0748,2.078,2.0618,2.0664,96544
1779022800000,2.0664,2.0679,2.0545,2.056,53270
1779023700000,2.056,2.0651,2.0508,2.0643,51909
1779024600000,2.0643,2.0643,2.0529,2.0592,16324
1779025500000,2.0592,2.0682,2.0592,2.0647,20087
1779026400000,2.0647,2.0687,2.059,2.0677,23244
1779027300000,2.0677,2.0757,2.0614,2.0729,62812
1779028200000,2.0729,2.074,2.0646,2.0731,30374
1779029100000,2.0731,2.0799,2.0723,2.0784,40099
1779030000000,2.0784,2.0792,2.0623,2.0662,63999
1779030900000,2.0662,2.0698,2.0573,2.062,64867
1779031800000,2.062,2.0745,2.0619,2.0696,62709
1779032700000,2.0696,2.0722,2.0631,2.0711,15781
1779033600000,2.0711,2.0713,2.0559,2.0608,20570
1779034500000,2.0608,2.0642,2.0603,2.0616,16162
1779035400000,2.0616,2.0625,2.0523,2.0565,25282
1779036300000,2.0565,2.0575,2.045,2.0465,76013
1779037200000,2.0465,2.053,2.0416,2.0458,90793
1779038100000,2.0458,2.057,2.0458,2.0506,25464
1779039000000,2.0506,2.0506,2.0419,2.0469,3876
1779039900000,2.0469,2.0534,2.0444,2.0532,21512
1779040800000,2.0532,2.06,2.0487,2.0487,8397
1779041700000,2.0487,2.0499,2.0439,2.048,16190
1779042600000,2.048,2.0487,2.0397,2.046,18890
1779043500000,2.046,2.0553,2.046,2.0553,11898
1779044400000,2.0553,2.0666,2.0553,2.065,11172
1779045300000,2.065,2.0709,2.0629,2.0687,23915
1779046200000,2.0687,2.0737,2.062,2.0702,88057
1779047100000,2.0702,2.0702,2.0602,2.0602,2536
1779048000000,2.0602,2.0645,2.0556,2.0576,7622
1779048900000,2.0576,2.0649,2.0551,2.0574,28108
1779049800000,2.0574,2.0648,2.0512,2.0628,32499
1779050700000,2.0628,2.0628,2.0582,2.0618,5542
1779051600000,2.0618,2.0663,2.0594,2.0653,15361
1779052500000,2.0653,2.0654,2.0626,2.0654,4048
1779053400000,2.0654,2.0697,2.0643,2.068,1592
1779054300000,2.068,2.0728,2.0673,2.0673,2898
1779055200000,2.0673,2.0675,2.0542,2.0542,20612
1779056100000,2.0542,2.0574,2.0423,2.0467,9954
1779057000000,2.0467,2.0512,2.0442,2.0494,8334
1779057900000,2.0494,2.0494,2.0429,2.0454,10568
1779058800000,2.0454,2.0456,2.0415,2.043,3959
1779059700000,2.043,2.0479,2.0392,2.0441,16741
1779060600000,2.0441,2.0441,1.986,2.02,179636
1779061500000,2.02,2.0337,2.0152,2.0322,39011
1779062400000,2.0322,2.0322,2.0078,2.0158,11860
1779063300000,2.0158,2.0318,2.0142,2.0279,19852
1779064200000,2.0279,2.0314,2.0205,2.0205,9605
1779065100000,2.0205,2.0255,2.0163,2.0218,22757
1779066000000,2.0218,2.0323,2.0218,2.0244,22966
1779066900000,2.0244,2.0246,2.0121,2.0209,24170
1779067800000,2.0209,2.0235,2.015,2.0153,10507
1779068700000,2.0153,2.0462,2.0055,2.0393,61537
1779069600000,2.0393,2.0626,2.0372,2.0611,53744
1779070500000,2.0611,2.0617,2.0499,2.0529,29924
1779071400000,2.0529,2.058,2.0482,2.0531,12457
1779072300000,2.0531,2.0531,2.0439,2.0492,13583
1779073200000,2.0492,2.0613,2.046,2.046,14044
1779074100000,2.046,2.0575,2.0431,2.0498,8855
1779075000000,2.0498,2.0498,2.0413,2.049,846
1779075900000,2.049,2.049,2.0365,2.0378,8112
1779076800000,2.0378,2.04,2.0309,2.0399,8197
1779077700000,2.0399,2.042,2.0334,2.0358,9114
1779078600000,2.0358,2.0492,2.0291,2.0492,44213
1779079500000,2.0492,2.0756,2.0492,2.0742,36235
1779080400000,2.0742,2.0808,2.0699,2.0758,27956
1779081300000,2.0758,2.0817,2.0671,2.0775,43377
1779082200000,2.0775,2.0807,2.0625,2.0636,32170
1779083100000,2.0636,2.0717,2.0579,2.064,26723
1779084000000,2.064,2.0854,2.0549,2.0652,86245
1779084900000,2.0652,2.0704,2.0482,2.0525,33632
1779085800000,2.0525,2.06,2.0472,2.0573,15510
1779086700000,2.0573,2.0708,2.0573,2.0656,56935
1779087600000,2.0656,2.0709,2.0554,2.0577,16161
1779088500000,2.0577,2.065,2.0445,2.065,25467
1779089400000,2.065,2.0651,2.0512,2.0568,20102
1779090300000,2.0568,2.0599,2.0512,2.0564,20715
1779091200000,2.0564,2.0699,2.0558,2.0591,31733
1779092100000,2.0591,2.0612,2.0514,2.0514,32242
1779093000000,2.0514,2.0516,2.0411,2.045,27062
1779093900000,2.045,2.05,2.042,2.048,9783
1779094800000,2.048,2.0482,2.0376,2.0418,22268
1779095700000,2.0418,2.048,2.0405,2.0431,13798
1779096600000,2.0431,2.0431,2.023,2.0249,33004
1779097500000,2.0249,2.0314,2.0247,2.0285,31712
1779098400000,2.0285,2.035,2.0183,2.0264,22552
1779099300000,2.0264,2.0269,2.0225,2.0251,7299
1779100200000,2.0251,2.0269,2.016,2.0178,17648
1779101100000,2.0178,2.0219,2.017,2.0179,3911
1779102000000,2.0179,2.0234,2.0085,2.0211,20600
1779102900000,2.0211,2.0254,2.018,2.02,12741
1779103800000,2.02,2.0469,2.0172,2.0346,43051
1779104700000,2.0346,2.0354,2.025,2.0271,9490
1779105600000,2.0271,2.0417,2.0232,2.0337,38557
1779106500000,2.0337,2.037,2.027,2.028,18933
1779107400000,2.028,2.0334,2.0251,2.0323,35087
1779108300000,2.0323,2.036,2.028,2.0293,10386
1779109200000,2.0293,2.0325,2.0258,2.0301,23799
1779110100000,2.0301,2.0301,2.0241,2.0262,12367
1779111000000,2.0262,2.031,2.0117,2.024,62183
1779111900000,2.024,2.0402,2.022,2.0334,15390
1779112800000,2.0334,2.0335,2.0227,2.0227,14203
1779113700000,2.0227,2.025,2.0139,2.0157,23243
1779114600000,2.0157,2.027,2.0138,2.0218,44224
1779115500000,2.0218,2.0218,2.0046,2.0079,29691
1779116400000,2.0079,2.0079,1.9947,2.0015,33683
1779117300000,2.0015,2.0015,1.9907,1.9935,13225
1779118200000,1.9935,2.016,1.9833,2.0143,31182
1779119100000,2.0143,2.0259,2.0127,2.0214,30954
1779120000000,2.0214,2.0318,2.0179,2.0249,16426
1779120900000,2.0249,2.0269,2.0102,2.0134,21809
1779121800000,2.0134,2.0183,2.0122,2.0183,1318
1779122700000,2.0183,2.0404,2.0162,2.0383,13987
1779123600000,2.0383,2.0449,2.0301,2.0382,45696
1779124500000,2.0382,2.0448,2.0337,2.0403,123389
1779125400000,2.0403,2.0441,2.031,2.0376,20246
1779126300000,2.0376,2.0502,2.0316,2.0352,43670
1779127200000,2.0352,2.0352,2.0256,2.0324,11431
1779128100000,2.0324,2.0324,2.0141,2.0203,42919
1779129000000,2.0203,2.0217,2.0144,2.0145,19719
1779129900000,2.0145,2.017,2.0046,2.0091,11647
1779130800000,2.0091,2.0484,2.0086,2.0272,38706
1779131700000,2.0272,2.034,2.0234,2.0248,5719
1779132600000,2.0248,2.0325,2.0233,2.0306,8276
1779133500000,2.0306,2.0381,2.0279,2.0347,8016
1779134400000,2.0347,2.0444,2.0334,2.0437,6273
1779135300000,2.0437,2.0437,2.0351,2.0382,19313
1779136200000,2.0382,2.0389,2.03,2.03,29041
1779137100000,2.03,2.03,2.0201,2.0209,22526
1779138000000,2.0209,2.0376,2.0181,2.0343,110753
1779138900000,2.0343,2.0343,2.0282,2.0298,5016
1779139800000,2.0298,2.0425,2.0298,2.0425,30243
1779140700000,2.0425,2.0445,2.041,2.0444,16669
1779141600000,2.0444,2.049,2.0438,2.047,6315
1779142500000,2.047,2.051,2.0442,2.0498,4405
1779143400000,2.0498,2.0498,2.043,2.043,7758
1779144300000,2.043,2.0538,2.0422,2.0538,16326
1779145200000,2.0538,2.06,2.052,2.0579,12662
1779146100000,2.0579,2.0579,2.0524,2.0524,6617
1779147000000,2.0524,2.0739,2.0515,2.0728,15720
1779147900000,2.0728,2.075,2.0664,2.075,1860
1779148800000,2.075,2.0889,2.0722,2.0835,15383
1779149700000,2.0835,2.0911,2.0739,2.0789,21667
1779150600000,2.0789,2.0795,2.0669,2.0674,9384
1779151500000,2.0674,2.0758,2.0664,2.0715,6661
1779152400000,2.0715,2.075,2.0609,2.0612,8148
1779153300000,2.0612,2.0612,2.05,2.0554,9356
1779154200000,2.0554,2.064,2.0512,2.0588,42299
1779155100000,2.0588,2.061,2.0501,2.0501,5023
1779156000000,2.0501,2.0583,2.0432,2.0581,16486
1779156900000,2.0581,2.0581,2.0459,2.0466,42064
1779157800000,2.0466,2.0521,2.0448,2.0486,17902
1779158700000,2.0486,2.0545,2.0457,2.0502,10437
1779159600000,2.0502,2.0585,2.0492,2.0556,3217
1779160500000,2.0556,2.0574,2.0476,2.0527,8721
1779161400000,2.0527,2.0696,2.0527,2.0688,7634
1779162300000,2.0688,2.0688,2.0557,2.0557,23151
1779163200000,2.0557,2.0615,2.0528,2.059,17928
1779164100000,2.059,2.0608,2.0497,2.05,31574
1779165000000,2.05,2.0612,2.0477,2.0612,12233
1779165900000,2.0612,2.0612,2.0547,2.0565,12043
1779166800000,2.0565,2.0646,2.0525,2.0593,17429
1779167700000,2.0593,2.0613,2.0498,2.0545,3067
1779168600000,2.0545,2.0559,2.0487,2.0487,10991
1779169500000,2.0487,2.0539,2.0456,2.0502,13842
1779170400000,2.0502,2.0568,2.0475,2.0568,3208
1779171300000,2.0568,2.0594,2.0545,2.0559,1944
1779172200000,2.0559,2.065,2.0544,2.065,27023
1779173100000,2.065,2.066,2.0568,2.0568,10573
1779174000000,2.0568,2.0568,2.051,2.0519,7429
1779174900000,2.0519,2.0565,2.0481,2.0497,4905
1779175800000,2.0497,2.0763,2.0496,2.0734,137690
1779176700000,2.0734,2.0767,2.0672,2.0721,14086
1779177600000,2.0721,2.0721,2.0593,2.0614,12975
1779178500000,2.0614,2.0648,2.0575,2.0627,10078
1779179400000,2.0627,2.0721,2.0598,2.0657,56351
1779180300000,2.0657,2.0698,2.0623,2.068,43017
1779181200000,2.068,2.0742,2.0673,2.0714,7035
1779182100000,2.0714,2.0714,2.0495,2.0536,47841
1779183000000,2.0536,2.058,2.05,2.058,6014
1779183900000,2.058,2.0623,2.0526,2.0529,6628
1779184800000,2.0529,2.0583,2.0494,2.0527,12428
1779185700000,2.0527,2.0555,2.05,2.0516,3612
1779186600000,2.0516,2.0696,2.0514,2.06,24231
1779187500000,2.06,2.078,2.058,2.077,42222
1779188400000,2.077,2.0803,2.0676,2.0692,22874
1779189300000,2.0692,2.0722,2.056,2.056,8675
1779190200000,2.056,2.059,2.0409,2.0409,26492
1779191100000,2.0409,2.0414,2.0341,2.0341,66659
1779192000000,2.0341,2.0422,2.0318,2.0416,35058
1779192900000,2.0416,2.0416,2.0351,2.0404,9353
1779193800000,2.0404,2.0404,2.0335,2.0344,21894
1779194700000,2.0344,2.0403,2.0341,2.0396,3003
1779195600000,2.0396,2.0449,2.032,2.04,7396
1779196500000,2.04,2.0433,2.031,2.0383,29247
1779197400000,2.0383,2.0493,2.0345,2.0363,8876
1779198300000,2.0363,2.0476,2.0363,2.0388,12411
1779199200000,2.0388,2.044,2.0333,2.0344,24717
1779200100000,2.0344,2.0393,2.028,2.0335,30981
1779201000000,2.0335,2.0335,2.0192,2.0297,43326
1779201900000,2.0297,2.0297,2.0165,2.0248,12241
1779202800000,2.0248,2.0302,2.0187,2.0196,966
1779203700000,2.0196,2.0273,2.0147,2.0273,61098
1779204600000,2.0273,2.0334,2.0273,2.0277,6845
1779205500000,2.0277,2.0358,2.0277,2.03,7107
1779206400000,2.03,2.05,2.03,2.0424,21789
1779207300000,2.0424,2.0504,2.0366,2.0504,30555
1779208200000,2.0504,2.063,2.0461,2.059,64297
1779209100000,2.059,2.08,2.059,2.0756,45858
1779210000000,2.0756,2.0806,2.075,2.0793,31843
1779210900000,2.0793,2.0862,2.0755,2.0782,20595
1779211800000,2.0782,2.0783,2.0638,2.0638,42502
1779212700000,2.0638,2.0704,2.0601,2.0686,63746
1779213600000,2.0686,2.0773,2.0644,2.0773,10592
1779214500000,2.0773,2.0773,2.0585,2.0585,9662
1779215400000,2.0585,2.0657,2.0564,2.063,9032
1779216300000,2.063,2.063,2.0544,2.0544,18765
1779217200000,2.0544,2.0609,2.0536,2.0609,7341
1779218100000,2.0609,2.0609,2.0514,2.0519,7956
1779219000000,2.0519,2.0589,2.0519,2.0555,3372
1779219900000,2.0555,2.0555,2.0435,2.0435,3076
1779220800000,2.0435,2.0573,2.043,2.0564,20204
1779221700000,2.0564,2.0599,2.0564,2.0569,4442
1779222600000,2.0569,2.0598,2.0551,2.0552,1652
1779223500000,2.0552,2.0584,2.0536,2.0584,4449
1779224400000,2.0584,2.0635,2.0521,2.0631,24364
1779225300000,2.0631,2.0631,2.0527,2.0527,1835
1779226200000,2.0527,2.0527,2.0517,2.0521,233
1779227100000,2.0521,2.0521,2.046,2.046,3774
1779228000000,2.046,2.0462,2.0412,2.0443,3075
1779228900000,2.0443,2.045,2.0355,2.0355,26880
1779229800000,2.0355,2.0451,2.0336,2.044,7904
1779230700000,2.044,2.044,2.0389,2.0418,2432
1779231600000,2.0418,2.0476,2.0393,2.0468,2211
1779232500000,2.0468,2.0468,2.0439,2.045,3149
1779233400000,2.045,2.0491,2.0424,2.0424,7131
1779234300000,2.0424,2.0424,2.0381,2.0381,359
1779235200000,2.0381,2.0381,2.0114,2.0129,48984
1779236100000,2.0129,2.0134,2.0029,2.0078,18086
1779237000000,2.0078,2.017,2.0078,2.0119,5278
1779237900000,2.0119,2.0128,2.0047,2.0102,3749
1779238800000,2.0102,2.0202,2.0063,2.0166,6731
1779239700000,2.0166,2.0208,2.0087,2.0087,5062
1779240600000,2.0087,2.0171,2.0087,2.013,916
1779241500000,2.013,2.0229,2.0126,2.0153,4828
1779242400000,2.0153,2.0181,2.0139,2.0161,2566
1779243300000,2.0161,2.0194,2.011,2.0111,850
1779244200000,2.0111,2.0124,2.0009,2.0009,11428
1779245100000,2.0009,2.01,2.0009,2.0067,8466
1779246000000,2.0067,2.0103,2.0032,2.0087,3761
1779246900000,2.0087,2.0125,2.0087,2.0098,2890
1779247800000,2.0098,2.01,2.0003,2.0012,9741
1779248700000,2.0012,2.0045,2.0012,2.0041,12288
1779249600000,2.0041,2.008,2.0022,2.0057,1761
1779250500000,2.0057,2.0069,2.0014,2.0022,3184
1779251400000,2.0022,2.0044,1.997,2.0038,16769
1779252300000,2.0038,2.0038,1.9993,1.9998,977
1779253200000,1.9998,2.0108,1.9949,2.0104,8810
1779254100000,2.0104,2.0125,2.0064,2.0125,4050
1779255000000,2.0125,2.0188,2.0125,2.0169,7765
1779255900000,2.0169,2.0207,2.0133,2.0207,6635
1779256800000,2.0207,2.0228,2.011,2.0136,9894
1779257700000,2.0136,2.0167,2.0117,2.0118,10425
1779258600000,2.0118,2.0123,2.0094,2.0117,3096
1779259500000,2.0117,2.0211,2.0117,2.0192,693
1779260400000,2.0192,2.0192,2.0135,2.0157,1038
1779261300000,2.0157,2.0188,2.0124,2.0176,16033
1779262200000,2.0176,2.02,2.0175,2.0187,4599
1779263100000,2.0187,2.0187,2.0125,2.0125,987
1779264000000,2.0125,2.0155,2.0119,2.0148,4346
1779264900000,2.0148,2.0165,2.0132,2.0165,259
1779265800000,2.0165,2.0216,2.0165,2.0216,12450
1779266700000,2.0216,2.0216,2.0141,2.0153,605
1779267600000,2.0153,2.0153,2.0073,2.0073,5755
1779268500000,2.0073,2.011,2.005,2.0088,12027
1779269400000,2.0088,2.0146,2.0087,2.0143,5100
1779270300000,2.0143,2.0143,2.0013,2.0045,5008
1779271200000,2.0045,2.0072,1.9988,2.0017,8388
1779272100000,2.0017,2.0063,2.0017,2.0063,1667
1779273000000,2.0063,2.0111,2.006,2.0065,2826
1779273900000,2.0065,2.0065,2.0014,2.002,3609
1779274800000,2.002,2.002,1.999,2.0005,7446
1779275700000,2.0005,2.0005,1.9928,1.9928,15826
1779276600000,1.9928,2.0063,1.9913,2.0037,15796
1779277500000,2.0037,2.0037,1.9958,1.9985,481
1779278400000,1.9985,2.0011,1.993,1.9999,4680
1779279300000,1.9999,1.9999,1.9924,1.9964,2417
1779280200000,1.9964,2.0018,1.9953,2.0002,1588
1779281100000,2.0002,2.0052,2.0001,2.0012,3388
1779282000000,2.0012,2.006,1.9962,1.9971,5308
1779282900000,1.9971,1.9992,1.9938,1.9958,3365
1779283800000,1.9958,1.9991,1.9871,1.9991,35508
1779284700000,1.9991,2.0062,1.9949,1.9991,1139
1779285600000,1.9991,2.0059,1.9962,2.0044,4974
1779286500000,2.0044,2.013,2.0037,2.006,13545
1779287400000,2.006,2.0138,2.006,2.0085,16297
1779288300000,2.0085,2.0126,2.0038,2.0126,11236
1779289200000,2.0126,2.0126,2.004,2.006,7091
1779290100000,2.006,2.022,2.006,2.0123,72823
1779291000000,2.0123,2.0188,2.0117,2.0169,4042
1779291900000,2.0169,2.0221,2.0156,2.0192,14657
1779292800000,2.0192,2.0297,2.018,2.028,11066
1779293700000,2.028,2.028,2.0094,2.0114,6313
1779294600000,2.0114,2.0173,2.0085,2.0133,3206
1779295500000,2.0133,2.0133,2.0039,2.0063,9445
1779296400000,2.0063,2.0127,2.0039,2.0114,23157
1779297300000,2.0114,2.0161,2.0091,2.0148,2764
1779298200000,2.0148,2.0148,2.0103,2.0147,2548
1779299100000,2.0147,2.017,2.0114,2.0114,13866
1779300000000,2.0114,2.0114,2.0011,2.0036,20267
1779300900000,2.0036,2.0044,1.9985,2.0044,6401
1779301800000,2.0044,2.0072,1.9993,2.0024,10329
1779302700000,2.0024,2.0085,2.0011,2.0057,8474
1779303600000,2.0057,2.0114,2.0011,2.009,7156
1779304500000,2.009,2.0126,2.0063,2.0095,1346
1779305400000,2.0095,2.0109,2.0068,2.0075,5688
1779306300000,2.0075,2.0075,2.0038,2.0038,413
1779307200000,2.0038,2.0084,1.997,2.0071,5992
1779308100000,2.0071,2.0072,1.9948,2.0003,9875
1779309000000,2.0003,2.0063,1.9973,2.0013,6715
1779309900000,2.0013,2.0032,1.9981,2.0005,11907
1779310800000,2.0005,2.0044,1.9995,2.0022,8764
1779311700000,2.0022,2.0028,1.9983,2.0005,858
1779312600000,2.0005,2.0047,2.0005,2.0034,273
1779313500000,2.0034,2.0038,2.0007,2.0009,423
1779314400000,2.0009,2.0009,1.9802,1.9848,12799
1779315300000,1.9848,1.9848,1.9765,1.9829,12437
1779316200000,1.9829,1.9866,1.9819,1.9866,3159
1779317100000,1.9866,1.9899,1.9845,1.9862,2467
1779318000000,1.9862,1.988,1.9805,1.9843,1840
1779318900000,1.9843,1.9857,1.9792,1.9835,5646
1779319800000,1.9835,1.9878,1.9835,1.9869,3060
1779320700000,1.9869,1.9891,1.9868,1.9886,2708
1779321600000,1.9886,2.0019,1.988,2.0019,32149
1779322500000,2.0019,2.0114,2.0019,2.0086,7943
1779323400000,2.0086,2.0156,2.0063,2.0129,10833
1779324300000,2.0129,2.02,2.0129,2.0156,7838
1779325200000,2.0156,2.0198,2.0116,2.0182,64619
1779326100000,2.0182,2.0257,2.0173,2.0236,10005
1779327000000,2.0236,2.0585,2.0236,2.0394,215692
1779327900000,2.0394,2.0507,2.0394,2.0485,10416
1779328800000,2.0485,2.055,2.0452,2.0482,11530
1779329700000,2.0482,2.0575,2.0441,2.0441,11104
1779330600000,2.0441,2.0443,2.0372,2.0408,12791
1779331500000,2.0408,2.0475,2.0396,2.0473,4201
1779332400000,2.0473,2.051,2.042,2.0492,19624
1779333300000,2.0492,2.0564,2.0457,2.0553,14278
1779334200000,2.0553,2.0553,2.0465,2.0504,12794
1779335100000,2.0504,2.0608,2.0467,2.0585,21828
1779336000000,2.0585,2.0598,2.0531,2.0555,49612
1779336900000,2.0555,2.0606,2.0555,2.0602,13092
1779337800000,2.0602,2.064,2.054,2.0606,21479
1779338700000,2.0606,2.0724,2.0606,2.0699,15269
1779339600000,2.0699,2.0748,2.0688,2.0688,14270
1779340500000,2.0688,2.0743,2.0659,2.0743,8586
1779341400000,2.0743,2.0789,2.0668,2.068,21531
1779342300000,2.068,2.073,2.0602,2.0645,17542
1779343200000,2.0645,2.0762,2.0645,2.0666,8019
1779344100000,2.0666,2.0762,2.0653,2.0734,17453
1779345000000,2.0734,2.0797,2.0708,2.0737,19845
1779345900000,2.0737,2.0762,2.0671,2.0762,7320
1779346800000,2.0762,2.079,2.0701,2.0716,40302
1779347700000,2.0716,2.0716,2.0584,2.0614,12525
1779348600000,2.0614,2.0676,2.0609,2.0669,16627
1779349500000,2.0669,2.0722,2.0653,2.0722,6441
1779350400000,2.0722,2.0811,2.0717,2.0752,14354
1779351300000,2.0752,2.0765,2.066,2.0682,6992
1779352200000,2.0682,2.0726,2.0681,2.0699,3874
1779353100000,2.0699,2.0699,2.0569,2.0673,7592
1779354000000,2.0673,2.0714,2.0597,2.0626,9699
1779354900000,2.0626,2.0755,2.0626,2.0724,13171
1779355800000,2.0724,2.0724,2.0561,2.0607,5214
1779356700000,2.0607,2.0625,2.0551,2.0551,7757
1779357600000,2.0551,2.0608,2.0512,2.0545,16816
1779358500000,2.0545,2.0609,2.0402,2.0418,69581
1779359400000,2.0418,2.0433,2.0339,2.0405,13784
1779360300000,2.0405,2.0405,2.0221,2.027,56883
1779361200000,2.027,2.0292,2.0208,2.0233,16117
1779362100000,2.0233,2.0245,2.0199,2.0217,11398
1779363000000,2.0217,2.0239,2.0182,2.0195,1943
1779363900000,2.0195,2.0229,2.018,2.018,2798
1779364800000,2.018,2.0259,2.018,2.0217,15979
1779365700000,2.0217,2.0271,2.0163,2.0165,18531
1779366600000,2.0165,2.0257,2.013,2.0257,28191
1779367500000,2.0257,2.0262,2.02,2.02,8308
1779368400000,2.02,2.0277,2.0194,2.0266,2220
1779369300000,2.0266,2.0268,2.0244,2.0244,2388
1779370200000,2.0244,2.0271,2.0137,2.0137,9716
1779371100000,2.0137,2.0271,2.0137,2.0227,20272
1779372000000,2.0227,2.0257,2.0187,2.019,4001
1779372900000,2.019,2.019,2.0028,2.0106,10891
1779373800000,2.0106,2.0127,2.006,2.0093,3706
1779374700000,2.0093,2.0123,2.0028,2.0089,6069
1779375600000,2.0089,2.0129,2.0026,2.0089,4991
1779376500000,2.0089,2.0103,1.9995,2.0039,103526
1779377400000,2.0039,2.0059,1.9927,1.9992,29290
1779378300000,1.9992,2.004,1.9942,1.9983,7761
1779379200000,1.9983,2.0121,1.9983,2.0044,15287
1779380100000,2.0044,2.0064,1.9981,1.9986,34011
1779381000000,1.9986,2.0036,1.9986,2.0012,4281
1779381900000,2.0012,2.0012,1.9913,2,28162
1779382800000,2,2.0144,1.9989,2.0106,14731
1779383700000,2.0106,2.0249,2.0086,2.0207,18855
1779384600000,2.0207,2.025,2.0171,2.0227,48616
1779385500000,2.0227,2.0371,2.0178,2.0313,39568
1779386400000,2.0313,2.0365,2.0284,2.0296,15295
1779387300000,2.0296,2.0416,2.0286,2.037,12313
1779388200000,2.037,2.0413,2.0358,2.0408,14571
1779389100000,2.0408,2.0422,2.0219,2.0343,40593
1779390000000,2.0343,2.038,2.0314,2.0356,6919
1779390900000,2.0356,2.0376,2.0319,2.0347,9074
1779391800000,2.0347,2.0424,2.0347,2.0396,3587
1779392700000,2.0396,2.0511,2.0388,2.0494,13424
1779393600000,2.0494,2.0563,2.0465,2.0555,7667
1779394500000,2.0555,2.0593,2.0504,2.0536,15119
1779395400000,2.0536,2.0602,2.047,2.0475,17621
1779396300000,2.0475,2.0537,2.0459,2.0523,5132
1779397200000,2.0523,2.0549,2.044,2.0477,90882
1779398100000,2.0477,2.0546,2.0475,2.0535,7604
1779399000000,2.0535,2.0551,2.0475,2.0475,2325
1779399900000,2.0475,2.0515,2.0475,2.0481,1041
1779400800000,2.0481,2.0527,2.0469,2.0517,1216
1779401700000,2.0517,2.0522,2.0481,2.0522,855
1779402600000,2.0522,2.0579,2.0522,2.0528,2816
1779403500000,2.0528,2.0582,2.0528,2.0568,1979
1779404400000,2.0568,2.0605,2.0482,2.0482,9004
1779405300000,2.0482,2.0503,2.0448,2.0487,4043
1779406200000,2.0487,2.0537,2.0485,2.0515,6084
1779407100000,2.0515,2.055,2.0495,2.0507,6872
1779408000000,2.0507,2.0525,2.0404,2.0405,18534
1779408900000,2.0405,2.0467,2.0356,2.04,22177
1779409800000,2.04,2.0465,2.0378,2.0424,5572
1779410700000,2.0424,2.0471,2.0422,2.0435,31893
1779411600000,2.0435,2.0555,2.0422,2.0555,22711
1779412500000,2.0555,2.0561,2.0509,2.0537,19855
1779413400000,2.0537,2.0537,2.0434,2.0515,9061
1779414300000,2.0515,2.0575,2.0515,2.0575,9395
1779415200000,2.0575,2.064,2.0566,2.0615,12531
1779416100000,2.0615,2.0649,2.0592,2.0633,3602
1779417000000,2.0633,2.0708,2.0615,2.0705,9511
1779417900000,2.0705,2.0753,2.0675,2.0737,12422
1779418800000,2.0737,2.088,2.0736,2.088,49403
1779419700000,2.088,2.1188,2.0871,2.1188,76166
1779420600000,2.1188,2.15,2.1151,2.1309,100011
1779421500000,2.1309,2.1475,2.1284,2.1467,32085
1779422400000,2.1467,2.1591,2.1312,2.1323,47556
1779423300000,2.1323,2.1349,2.1163,2.1195,27829
1779424200000,2.1195,2.1326,2.1195,2.1295,40903
1779425100000,2.1295,2.1303,2.1117,2.126,39108
1779426000000,2.126,2.1408,2.116,2.1374,21811
1779426900000,2.1374,2.1544,2.1374,2.1517,30275
1779427800000,2.1517,2.1635,2.1458,2.1566,58535
1779428700000,2.1566,2.167,2.1477,2.1502,39787
1779429600000,2.1502,2.16,2.1416,2.1599,16404
1779430500000,2.1599,2.163,2.1318,2.1413,33229
1779431400000,2.1413,2.1453,2.1274,2.1383,29215
1779432300000,2.1383,2.1469,2.1314,2.1379,16254
1779433200000,2.1379,2.153,2.1284,2.1496,18979
1779434100000,2.1496,2.1515,2.12,2.126,61203
1779435000000,2.126,2.1338,2.1109,2.131,22033
1779435900000,2.131,2.131,2.125,2.1283,4597
1779436800000,2.1283,2.1319,2.1225,2.1225,13988
1779437700000,2.1225,2.1349,2.1225,2.1346,14584
1779438600000,2.1346,2.1413,2.1176,2.1367,44198
1779439500000,2.1367,2.1477,2.1367,2.1455,9030
1779440400000,2.1455,2.157,2.1368,2.149,24370
1779441300000,2.149,2.1509,2.1373,2.139,6075
1779442200000,2.139,2.1513,2.1353,2.1494,14052
1779443100000,2.1494,2.1515,2.1435,2.1454,8423
1779444000000,2.1454,2.1535,2.1435,2.1532,17766
1779444900000,2.1532,2.1578,2.1438,2.1561,16364
1779445800000,2.1561,2.1654,2.1531,2.1625,33850
1779446700000,2.1625,2.1687,2.1546,2.1583,10126
1779447600000,2.1583,2.1671,2.1515,2.165,18029
1779448500000,2.165,2.1774,2.1566,2.1744,25971
1779449400000,2.1744,2.1885,2.1735,2.1762,39554
1779450300000,2.1762,2.187,2.1745,2.183,12332
1779451200000,2.183,2.1849,2.16,2.16,50809
1779452100000,2.16,2.1622,2.1452,2.1469,38889
1779453000000,2.1469,2.1595,2.1469,2.154,14905
1779453900000,2.154,2.1696,2.153,2.1671,26352
1779454800000,2.1671,2.1687,2.1583,2.1604,18287
1779455700000,2.1604,2.1661,2.1426,2.1436,44679
1779456600000,2.1436,2.1629,2.1383,2.1499,51897
1779457500000,2.1499,2.1549,2.1404,2.1475,17568
1779458400000,2.1475,2.1497,2.1333,2.1469,19234
1779459300000,2.1469,2.1498,2.1322,2.1407,27569
1779460200000,2.1407,2.1407,2.1276,2.1303,18609
1779461100000,2.1303,2.1303,2.119,2.1249,57809
1779462000000,2.1249,2.134,2.1248,2.1282,28907
1779462900000,2.1282,2.139,2.1215,2.1375,20650
1779463800000,2.1375,2.1432,2.135,2.1402,17849
1779464700000,2.1402,2.1488,2.1395,2.1444,6255
1779465600000,2.1444,2.1575,2.1373,2.1455,16485
1779466500000,2.1455,2.1455,2.1297,2.1336,70794
1779467400000,2.1336,2.1412,2.1312,2.1362,8488
1779468300000,2.1362,2.1393,2.1362,2.1364,4349
1779469200000,2.1364,2.1528,2.1364,2.1434,17106
1779470100000,2.1434,2.1543,2.1397,2.1543,11813
1779471000000,2.1543,2.1544,2.1484,2.1532,12667
1779471900000,2.1532,2.1532,2.1379,2.1379,7788
1779472800000,2.1379,2.1393,2.1327,2.1367,17313
1779473700000,2.1367,2.145,2.1367,2.1401,4128
1779474600000,2.1401,2.1401,2.1171,2.1186,30322
1779475500000,2.1186,2.1208,2.0946,2.0971,64074
1779476400000,2.0971,2.105,2.081,2.0901,42974
1779477300000,2.0901,2.0943,2.08,2.0857,22468
1779478200000,2.0857,2.0862,2.055,2.063,83759
1779479100000,2.063,2.0787,2.0611,2.0703,30665
1779480000000,2.0703,2.0775,2.0639,2.0639,6717
1779480900000,2.0639,2.0699,2.0595,2.0699,15286
1779481800000,2.0699,2.0809,2.0555,2.0771,50083
1779482700000,2.0771,2.0863,2.074,2.0853,12285
1779483600000,2.0853,2.0937,2.0853,2.0907,42854
1779484500000,2.0907,2.097,2.0863,2.097,6536
1779485400000,2.097,2.1041,2.0897,2.0897,24923
1779486300000,2.0897,2.0996,2.0854,2.0858,35312
1779487200000,2.0858,2.0886,2.079,2.0885,25236
1779488100000,2.0885,2.0893,2.0774,2.0854,10927
1779489000000,2.0854,2.0872,2.0761,2.0773,5608
1779489900000,2.0773,2.0849,2.0773,2.0825,5380
1779490800000,2.0825,2.092,2.0825,2.092,9966
1779491700000,2.092,2.092,2.0656,2.0677,12471
1779492600000,2.0677,2.0863,2.0676,2.086,11573
1779493500000,2.086,2.086,2.056,2.0687,30605
1779494400000,2.0687,2.0883,2.0605,2.0837,43102
1779495300000,2.0837,2.0884,2.0765,2.083,7430
1779496200000,2.083,2.083,2.0708,2.0798,13166
1779497100000,2.0798,2.0909,2.0781,2.0833,14789
1779498000000,2.0833,2.0986,2.0833,2.0913,35098
1779498900000,2.0913,2.1117,2.0899,2.1013,58840
1779499800000,2.1013,2.1135,2.1013,2.1135,23899
1779500700000,2.1135,2.1162,2.1048,2.1146,29004
1779501600000,2.1146,2.1172,2.1041,2.1091,22548
1779502500000,2.1091,2.1236,2.1091,2.123,16036
1779503400000,2.123,2.133,2.121,2.1246,26156
1779504300000,2.1246,2.1277,2.1201,2.1235,15475
1779505200000,2.1235,2.128,2.1145,2.1267,39975
1779506100000,2.1267,2.1328,2.1227,2.131,11180
1779507000000,2.131,2.1349,2.1216,2.1225,39287
1779507900000,2.1225,2.1245,2.11,2.11,18773
1779508800000,2.11,2.1248,2.107,2.1228,9762
1779509700000,2.1228,2.1228,2.1039,2.1076,6766
1779510600000,2.1076,2.1161,2.1034,2.1088,29118
1779511500000,2.1088,2.1111,2.0964,2.0976,12097
1779512400000,2.0976,2.0985,2.0881,2.0915,12920
1779513300000,2.0915,2.1001,2.0754,2.0807,21515
1779514200000,2.0807,2.0854,2.0748,2.082,12364
1779515100000,2.082,2.082,2.0724,2.0751,7590
1779516000000,2.0751,2.0804,2.0682,2.0776,29629
1779516900000,2.0776,2.0821,2.076,2.076,7066
1779517800000,2.076,2.0805,2.0727,2.0773,8542
1779518700000,2.0773,2.0773,2.0678,2.0713,7376
1779519600000,2.0713,2.0762,2.0666,2.0762,3816
1779520500000,2.0762,2.0762,2.0678,2.0678,3069
1779521400000,2.0678,2.07,2.0576,2.0607,11503
1779522300000,2.0607,2.0637,2.0247,2.0354,164024
1779523200000,2.0354,2.0399,2.0242,2.0315,57274
1779524100000,2.0315,2.0413,2.03,2.036,28494
1779525000000,2.036,2.036,2.0206,2.033,25659
1779525900000,2.033,2.0431,2.033,2.0338,10577
1779526800000,2.0338,2.0397,2.0306,2.0313,19010
1779527700000,2.0313,2.0355,2.0257,2.0355,7132
1779528600000,2.0355,2.036,2.0287,2.03,17109
1779529500000,2.03,2.0326,2.0252,2.0272,15062
1779530400000,2.0272,2.0299,2.0259,2.027,2228
1779531300000,2.027,2.0298,2.0226,2.0245,12761
1779532200000,2.0245,2.0263,2.0216,2.0243,9589
1779533100000,2.0243,2.0251,2.0195,2.0207,3737
1779534000000,2.0207,2.028,2.0207,2.0249,5303
1779534900000,2.0249,2.0311,2.0249,2.0287,1699
1779535800000,2.0287,2.0317,2.0272,2.0279,5003
1779536700000,2.0279,2.0279,2.0152,2.0176,18989
1779537600000,2.0176,2.0216,2.0162,2.0216,2212
1779538500000,2.0216,2.0249,2.0066,2.0106,21098
1779539400000,2.0106,2.0191,2.0089,2.0191,3650
1779540300000,2.0191,2.0272,2.0191,2.0255,5603
1779541200000,2.0255,2.0343,2.0241,2.0323,7668
1779542100000,2.0323,2.0441,2.0323,2.0418,12283
1779543000000,2.0418,2.0523,2.0373,2.0376,35265
1779543900000,2.0376,2.0517,2.0376,2.0517,1348
1779544800000,2.0517,2.057,2.0485,2.052,26469
1779545700000,2.052,2.0548,2.0467,2.0542,12869
1779546600000,2.0542,2.0554,2.0492,2.0515,2546
1779547500000,2.0515,2.0629,2.0483,2.0509,25593
1779548400000,2.0509,2.0629,2.0501,2.0604,42216
1779549300000,2.0604,2.065,2.0553,2.06,12843
1779550200000,2.06,2.0655,2.06,2.0631,4462
1779551100000,2.0631,2.069,2.0631,2.0679,23954
1779552000000,2.0679,2.0717,2.0666,2.0678,18134
1779552900000,2.0678,2.0678,2.0633,2.0633,1396
1779553800000,2.0633,2.077,2.0633,2.0731,21339
1779554700000,2.0731,2.08,2.0691,2.0785,42547
1779555600000,2.0785,2.0794,2.0727,2.0748,10617
1779556500000,2.0748,2.0815,2.0729,2.0745,7694
1779557400000,2.0745,2.0748,2.0627,2.0632,20141
1779558300000,2.0632,2.0632,2.057,2.0595,3086
1779559200000,2.0595,2.0775,2.0588,2.0741,8095
1779560100000,2.0741,2.0875,2.074,2.0874,27115
1779561000000,2.0874,2.0967,2.0844,2.0871,16022
1779561900000,2.0871,2.0932,2.0803,2.0844,7729
1779562800000,2.0844,2.0844,2.0774,2.0796,9447
1779563700000,2.0796,2.091,2.0796,2.0867,3718
1779564600000,2.0867,2.0867,2.0791,2.0791,830
1779565500000,2.0791,2.0837,2.0791,2.0837,1054
1779566400000,2.0837,2.0922,2.0813,2.0847,8942
1779567300000,2.0847,2.0868,2.0829,2.0852,2440
1779568200000,2.0852,2.1364,2.0835,2.1308,96123
1779569100000,2.1308,2.145,2.13,2.1446,15686
1779570000000,2.1446,2.1478,2.1222,2.1255,18320
1779570900000,2.1255,2.133,2.1156,2.117,16596
1779571800000,2.117,2.1302,2.1079,2.1212,6556
1779572700000,2.1212,2.127,2.1168,2.125,6730
1779573600000,2.125,2.1339,2.12,2.1219,5336
1779574500000,2.1219,2.1278,2.1156,2.1181,22303
1779575400000,2.1181,2.119,2.1021,2.1077,15773
1779576300000,2.1077,2.1099,2.1077,2.1084,1319
1779577200000,2.1084,2.1139,2.1049,2.1082,6398
1779578100000,2.1082,2.1127,2.1021,2.1021,5543
1779579000000,2.1021,2.1066,2.1021,2.1043,3499
1779579900000,2.1043,2.1093,2.1017,2.1074,1225
1779580800000,2.1074,2.1102,2.1014,2.1043,11052
1779581700000,2.1043,2.1051,2.1004,2.1051,6381
1779582600000,2.1051,2.1139,2.1044,2.1044,8317
1779583500000,2.1044,2.1083,2.1022,2.1055,7065
1779584400000,2.1055,2.1112,2.1043,2.1062,11242
1779585300000,2.1062,2.1098,2.1038,2.1038,2314
1779586200000,2.1038,2.1082,2.1037,2.1059,3354
1779587100000,2.1059,2.1101,2.1037,2.1101,1515
1779588000000,2.1101,2.1159,2.108,2.1094,6409
1779588900000,2.1094,2.1181,2.108,2.1101,4688
1779589800000,2.1101,2.1101,2.1008,2.1056,32385
1779590700000,2.1056,2.1115,2.1042,2.1042,738
1779591600000,2.1042,2.1058,2.098,2.0984,6650
1779592500000,2.0984,2.1096,2.0984,2.1082,9612
1779593400000,2.1082,2.1127,2.1003,2.1003,265
1779594300000,2.1003,2.1062,2.0996,2.1032,2563
1779595200000,2.1032,2.1084,2.0992,2.1003,13374
1779596100000,2.1003,2.1034,2.0946,2.0967,6838
1779597000000,2.0967,2.0967,2.0923,2.0943,4254
1779597900000,2.0943,2.0957,2.0913,2.092,8297
1779598800000,2.092,2.092,2.0805,2.083,7960
1779599700000,2.083,2.083,2.0699,2.0725,23432
1779600600000,2.0725,2.0799,2.0714,2.0714,5704
1779601500000,2.0714,2.084,2.0714,2.0828,9252
1779602400000,2.0828,2.0861,2.0828,2.0852,6838
1779603300000,2.0852,2.0866,2.0837,2.0849,213
1779604200000,2.0849,2.1033,2.0844,2.1003,24541
1779605100000,2.1003,2.1064,2.0996,2.1032,7860
1779606000000,2.1032,2.1058,2.0981,2.1012,29177
1779606900000,2.1012,2.1012,2.0913,2.0931,729
1779607800000,2.0931,2.0975,2.0931,2.0952,468
1779608700000,2.0952,2.0983,2.0918,2.0981,6200
1779609600000,2.0981,2.1024,2.094,2.0948,7583
1779610500000,2.0948,2.0954,2.0919,2.0923,5775
1779611400000,2.0923,2.1118,2.0923,2.1071,30760
1779612300000,2.1071,2.1188,2.1071,2.1156,36106
1779613200000,2.1156,2.1156,2.108,2.114,7347
1779614100000,2.114,2.1193,2.1132,2.1188,8197
1779615000000,2.1188,2.1299,2.1173,2.1227,20340
1779615900000,2.1227,2.1273,2.115,2.1215,32329
1779616800000,2.1215,2.1227,2.1075,2.1075,6718
1779617700000,2.1075,2.1176,2.1044,2.1084,5237
1779618600000,2.1084,2.1089,2.098,2.1069,8062
1779619500000,2.1069,2.1069,2.0939,2.0983,11460
1779620400000,2.0983,2.1001,2.0932,2.0948,6661
1779621300000,2.0948,2.0964,2.0909,2.0945,9863
1779622200000,2.0945,2.1005,2.0941,2.0968,7188
1779623100000,2.0968,2.1029,2.0947,2.0977,11371
1779624000000,2.0977,2.0997,2.0933,2.0938,3111
1779624900000,2.0938,2.0944,2.0796,2.0823,15195
1779625800000,2.0823,2.0866,2.0822,2.0865,6025
1779626700000,2.0865,2.087,2.0848,2.0853,5808
1779627600000,2.0853,2.0872,2.0794,2.0797,823
1779628500000,2.0797,2.088,2.0782,2.0822,15153
1779629400000,2.0822,2.0867,2.0761,2.0829,6156
1779630300000,2.0829,2.0842,2.0617,2.0711,38468
1779631200000,2.0711,2.0742,2.0504,2.0569,30718
1779632100000,2.0569,2.058,2.0383,2.0464,42699
1779633000000,2.0464,2.0515,2.0452,2.0493,8614
1779633900000,2.0493,2.0534,2.0481,2.0488,12152
1779634800000,2.0488,2.0538,2.0469,2.0535,10402
1779635700000,2.0535,2.0535,2.0459,2.051,5495
1779636600000,2.051,2.0582,2.0504,2.0542,2912
1779637500000,2.0542,2.0559,2.0502,2.0523,6168
1779638400000,2.0523,2.0547,2.0473,2.0517,4764
1779639300000,2.0517,2.0594,2.0507,2.0535,5672
1779640200000,2.0535,2.0535,2.0441,2.0441,5254
1779641100000,2.0441,2.05,2.0435,2.0493,1704
1779642000000,2.0493,2.0496,2.0449,2.0477,1336
1779642900000,2.0477,2.0477,2.0451,2.0465,64
1779643800000,2.0465,2.0533,2.0456,2.052,1840
1779644700000,2.052,2.0531,2.0464,2.0464,538
1779645600000,2.0464,2.0491,2.0398,2.0491,7306
1779646500000,2.0491,2.0504,2.0461,2.0461,8289
1779647400000,2.0461,2.0461,2.0417,2.0419,3314
1779648300000,2.0419,2.0428,2.0364,2.0401,2633
1779649200000,2.0401,2.0446,2.0386,2.0395,2649
1779650100000,2.0395,2.0485,2.0384,2.0392,33631
1779651000000,2.0392,2.0417,2.0381,2.0403,5562
1779651900000,2.0403,2.0438,2.0401,2.0434,2908
1779652800000,2.0434,2.0445,2.0338,2.0348,8752
1779653700000,2.0348,2.0412,2.0331,2.0357,2473
1779654600000,2.0357,2.0404,2.0357,2.0372,6890
1779655500000,2.0372,2.0387,2.0285,2.031,3660
1779656400000,2.031,2.0363,2.0307,2.0349,8715
1779657300000,2.0349,2.0375,2.0173,2.0202,10324
1779658200000,2.0202,2.0251,1.998,2.0055,60724
1779659100000,2.0055,2.0119,1.9984,2.0056,21754
1779660000000,2.0056,2.0547,2.0056,2.0511,42873
1779660900000,2.0511,2.0571,2.0478,2.0546,4366
1779661800000,2.0546,2.0546,2.0414,2.0452,8199
1779662700000,2.0452,2.0499,2.0419,2.0419,1070
1779663600000,2.0419,2.0452,2.0332,2.0403,8404
1779664500000,2.0403,2.0426,2.0357,2.0385,3558
1779665400000,2.0385,2.0517,2.0385,2.0508,5257
1779666300000,2.0508,2.0552,2.0496,2.0531,5374
1779667200000,2.0531,2.0568,2.0489,2.0562,3327
1779668100000,2.0562,2.0615,2.0534,2.0615,7071
1779669000000,2.0615,2.0685,2.058,2.066,10231
1779669900000,2.066,2.0685,2.0583,2.0592,2481
1779670800000,2.0592,2.0605,2.0552,2.0559,4879
1779671700000,2.0559,2.0649,2.0544,2.0619,3393
1779672600000,2.0619,2.066,2.0568,2.0603,7140
1779673500000,2.0603,2.0619,2.0524,2.055,3052
1779674400000,2.055,2.0715,2.0545,2.0648,6367
1779675300000,2.0648,2.0665,2.056,2.0577,13726
1779676200000,2.0577,2.0588,2.0541,2.0566,3359
1779677100000,2.0566,2.0622,2.0549,2.0568,4985
1779678000000,2.0568,2.0589,2.0533,2.0537,471
1779678900000,2.0537,2.0546,2.0517,2.0532,2444
1779679800000,2.0532,2.0604,2.0528,2.0599,150
1779680700000,2.0599,2.0695,2.0587,2.0687,6709
1779681600000,2.0687,2.0754,2.0661,2.0717,5689
1779682500000,2.0717,2.0889,2.0695,2.0867,21293
1779683400000,2.0867,2.0933,2.0867,2.0922,56002
1779684300000,2.0922,2.1003,2.0871,2.0893,15687
1779685200000,2.0893,2.1033,2.0893,2.1012,10422
1779686100000,2.1012,2.1127,2.1012,2.1085,12491
1779687000000,2.1085,2.1407,2.1083,2.139,27150
1779687900000,2.139,2.1437,2.1336,2.1437,19702
1779688800000,2.1437,2.1585,2.1431,2.148,39692
1779689700000,2.148,2.149,2.1345,2.1444,23589
1779690600000,2.1444,2.1745,2.1444,2.1712,25644
1779691500000,2.1712,2.1861,2.1688,2.1741,69285
1779692400000,2.1741,2.187,2.1472,2.1506,57705
1779693300000,2.1506,2.1515,2.128,2.13,36866
1779694200000,2.13,2.1454,2.13,2.142,12957
1779695100000,2.142,2.1446,2.1347,2.1385,6760
1779696000000,2.1385,2.1532,2.1352,2.1495,20349
1779696900000,2.1495,2.1495,2.1404,2.149,8524
1779697800000,2.149,2.1525,2.1461,2.1504,20130
1779698700000,2.1504,2.1557,2.1423,2.1551,9271
1779699600000,2.1551,2.1591,2.1422,2.1451,13360
1779700500000,2.1451,2.1477,2.1385,2.1394,12499
1779701400000,2.1394,2.1411,2.1314,2.132,7432
1779702300000,2.132,2.143,2.132,2.1412,25566
1779703200000,2.1412,2.1482,2.139,2.1408,8908
1779704100000,2.1408,2.1447,2.1365,2.1408,8535
1779705000000,2.1408,2.1408,2.1322,2.1331,5347
1779705900000,2.1331,2.1365,2.1303,2.1351,16743
1779706800000,2.1351,2.1351,2.1212,2.1247,17097
1779707700000,2.1247,2.1333,2.119,2.1325,18301
1779708600000,2.1325,2.1329,2.1241,2.1267,9964
1779709500000,2.1267,2.1279,2.1164,2.1214,20044
1779710400000,2.1214,2.123,2.1126,2.1174,16302
1779711300000,2.1174,2.1233,2.1127,2.122,14374
1779712200000,2.122,2.1341,2.1217,2.1337,8930
1779713100000,2.1337,2.1374,2.129,2.129,8063
1779714000000,2.129,2.1322,2.1245,2.1265,8753
1779714900000,2.1265,2.1291,2.1216,2.1259,3631
1779715800000,2.1259,2.1325,2.1237,2.1277,13662
1779716700000,2.1277,2.1295,2.1231,2.1265,6870
1779717600000,2.1265,2.1394,2.1252,2.1384,25957
1779718500000,2.1384,2.1437,2.1366,2.1387,21829
1779719400000,2.1387,2.1435,2.1346,2.1352,22112
1779720300000,2.1352,2.1423,2.1304,2.1414,23369
1779721200000,2.1414,2.1478,2.1382,2.1445,10214
1779722100000,2.1445,2.1445,2.1232,2.1232,17759
1779723000000,2.1232,2.1334,2.1225,2.1281,14222
1779723900000,2.1281,2.136,2.1281,2.1353,6778
1779724800000,2.1353,2.1363,2.1252,2.1314,17937
1779725700000,2.1314,2.1372,2.1293,2.1342,9677
1779726600000,2.1342,2.16,2.1342,2.1583,39974
1779727500000,2.1583,2.1675,2.1547,2.1557,39279
1779728400000,2.1557,2.157,2.146,2.1558,21996
1779729300000,2.1558,2.1698,2.1496,2.1697,14829
1779730200000,2.1697,2.171,2.1579,2.165,16644
1779731100000,2.165,2.1651,2.1551,2.1591,27854
1779732000000,2.1591,2.1754,2.1591,2.172,17809
1779732900000,2.172,2.1729,2.1562,2.1568,5857
1779733800000,2.1568,2.1568,2.1468,2.1496,27460
1779734700000,2.1496,2.1565,2.1481,2.1482,15925
1779735600000,2.1482,2.1483,2.139,2.1405,18620
1779736500000,2.1405,2.1452,2.137,2.1417,10122
1779737400000,2.1417,2.1417,2.1294,2.1352,6016
1779738300000,2.1352,2.139,2.1342,2.1352,2625
1779739200000,2.1352,2.1502,2.1342,2.1498,3430
1779740100000,2.1498,2.1519,2.1448,2.1459,10353
1779741000000,2.1459,2.1475,2.1304,2.1321,9508
1779741900000,2.1321,2.1386,2.1321,2.1336,2439
1779742800000,2.1336,2.1423,2.1336,2.14,9376
1779743700000,2.14,2.1491,2.1384,2.1491,5740
1779744600000,2.1491,2.1566,2.1477,2.1547,1176
1779745500000,2.1547,2.1547,2.1481,2.1528,4214
1779746400000,2.1528,2.1553,2.1376,2.1376,12621
1779747300000,2.1376,2.1392,2.1325,2.137,4051
1779748200000,2.137,2.137,2.1195,2.1305,9101
1779749100000,2.1305,2.1325,2.1287,2.1297,842
1779750000000,2.1297,2.1325,2.1187,2.1315,23592
1779750900000,2.1315,2.1365,2.1309,2.1362,3771
1779751800000,2.1362,2.1432,2.1361,2.1374,2065
1779752700000,2.1374,2.1374,2.1321,2.1349,3723
1779753600000,2.1349,2.1503,2.1292,2.1503,68595
1779754500000,2.1503,2.1542,2.1445,2.1525,15476
1779755400000,2.1525,2.1559,2.1263,2.1288,8639
1779756300000,2.1288,2.1335,2.1156,2.1299,15150
1779757200000,2.1299,2.13,2.1166,2.129,6658
1779758100000,2.129,2.129,2.1205,2.1263,5748
1779759000000,2.1263,2.129,2.1138,2.1266,14252
1779759900000,2.1266,2.1618,2.1265,2.1586,52593
1779760800000,2.1586,2.1602,2.1452,2.1525,21163
1779761700000,2.1525,2.1681,2.1525,2.1604,5778
1779762600000,2.1604,2.1741,2.1543,2.168,17084
1779763500000,2.168,2.184,2.1638,2.1723,76806
1779764400000,2.1723,2.1761,2.1589,2.1639,23610
1779765300000,2.1639,2.1686,2.1223,2.1376,38019
1779766200000,2.1376,2.1586,2.1355,2.1573,20819
1779767100000,2.1573,2.1804,2.1556,2.1728,52595
1779768000000,2.1728,2.1807,2.1619,2.1699,28262
1779768900000,2.1699,2.1742,2.1566,2.1715,25501
1779769800000,2.1715,2.1727,2.1509,2.1526,18226
1779770700000,2.1526,2.1526,2.1443,2.1486,3977
1779771600000,2.1486,2.153,2.144,2.1471,16573
1779772500000,2.1471,2.1471,2.1338,2.1374,15358
1779773400000,2.1374,2.1499,2.1374,2.1499,5958
1779774300000,2.1499,2.1499,2.1355,2.1355,8510
1779775200000,2.1355,2.1423,2.1302,2.1389,12061
1779776100000,2.1389,2.1403,2.1274,2.1287,9504
1779777000000,2.1287,2.1423,2.1287,2.1404,5576
1779777900000,2.1404,2.1472,2.1363,2.1443,5064
1779778800000,2.1443,2.1538,2.1286,2.1348,37400
1779779700000,2.1348,2.1473,2.1295,2.1417,3810
1779780600000,2.1417,2.1438,2.136,2.1437,6949
1779781500000,2.1437,2.1487,2.1415,2.148,3127
1779782400000,2.148,2.1605,2.1413,2.1557,13112
1779783300000,2.1557,2.1587,2.1472,2.152,16740
1779784200000,2.152,2.1618,2.148,2.161,9342
1779785100000,2.161,2.1657,2.1586,2.1589,1589
1779786000000,2.1589,2.1623,2.1498,2.1623,5186
1779786900000,2.1623,2.1719,2.1575,2.1699,15341
1779787800000,2.1699,2.1732,2.1622,2.1679,12221
1779788700000,2.1679,2.1711,2.1562,2.1652,21452
1779789600000,2.1652,2.1753,2.1598,2.1748,4246
1779790500000,2.1748,2.2082,2.1748,2.206,93859
1779791400000,2.206,2.208,2.1892,2.2,24513
1779792300000,2.2,2.2339,2.1998,2.2326,52663
1779793200000,2.2326,2.2509,2.2196,2.2247,68020
1779794100000,2.2247,2.2322,2.2133,2.2315,45418
1779795000000,2.2315,2.2591,2.2315,2.2591,30423
1779795900000,2.2591,2.2591,2.2338,2.2338,54024
1779796800000,2.2338,2.2343,2.2006,2.213,47521
1779797700000,2.213,2.2161,2.2031,2.2069,17975
1779798600000,2.2069,2.2219,2.2069,2.2193,22753
1779799500000,2.2193,2.22,2.2027,2.2152,21175
1779800400000,2.2152,2.2307,2.213,2.2246,12455
1779801300000,2.2246,2.2415,2.2233,2.2338,11114
1779802200000,2.2338,2.2558,2.2233,2.2482,26833
1779803100000,2.2482,2.262,2.2418,2.2563,31022
1779804000000,2.2563,2.2777,2.2563,2.2772,26696
1779804900000,2.2772,2.2956,2.2661,2.2749,45399
1779805800000,2.2749,2.283,2.228,2.2354,30159
1779806700000,2.2354,2.2463,2.2279,2.2319,47705
1779807600000,2.2319,2.2478,2.2216,2.2395,21517
1779808500000,2.2395,2.251,2.2359,2.2414,14996
1779809400000,2.2414,2.2414,2.2205,2.2318,20463
1779810300000,2.2318,2.2516,2.2279,2.2496,41919
1779811200000,2.2496,2.2585,2.238,2.2548,20694
1779812100000,2.2548,2.262,2.217,2.2184,56500
1779813000000,2.2184,2.2378,2.2139,2.2306,16925
1779813900000,2.2306,2.2497,2.2306,2.2483,14625
1779814800000,2.2483,2.2574,2.2282,2.2282,11414
1779815700000,2.2282,2.2304,2.1899,2.1911,55460
1779816600000,2.1911,2.2081,2.1899,2.1959,30630
1779817500000,2.1959,2.2049,2.1911,2.1964,3868
1779818400000,2.1964,2.2046,2.187,2.1986,13716
1779819300000,2.1986,2.1994,2.1897,2.1921,4209
1779820200000,2.1921,2.1929,2.1765,2.177,17080
1779821100000,2.177,2.1808,2.1677,2.1742,19203
1779822000000,2.1742,2.1887,2.1712,2.1887,50992
1779822900000,2.1887,2.193,2.1839,2.193,7341
1779823800000,2.193,2.193,2.1788,2.1877,4832
1779824700000,2.1877,2.2026,2.1873,2.1931,7950
1779825600000,2.1931,2.2063,2.1931,2.2035,3707
1779826500000,2.2035,2.2105,2.195,2.206,5512
1779827400000,2.206,2.2125,2.2017,2.2125,12086
1779828300000,2.2125,2.2139,2.1926,2.1986,52824
1779829200000,2.1986,2.2011,2.1743,2.1787,10716
1779830100000,2.1787,2.2086,2.1787,2.2086,1893
1779831000000,2.2086,2.2113,2.2035,2.2067,5256
1779831900000,2.2067,2.2129,2.1865,2.1873,3181
1779832800000,2.1873,2.1927,2.1846,2.1846,3350
1779833700000,2.1846,2.2029,2.1843,2.1971,9062
1779834600000,2.1971,2.2006,2.1922,2.2005,6987
1779835500000,2.2005,2.2062,2.1983,2.2039,1668
1779836400000,2.2039,2.2102,2.203,2.2076,6961
1779837300000,2.2076,2.2185,2.2076,2.21,9372
1779838200000,2.21,2.2136,2.21,2.2102,774
1779839100000,2.2102,2.2167,2.2072,2.2163,5421
1779840000000,2.2163,2.2253,2.2021,2.2074,38393
1779840900000,2.2074,2.2306,2.2045,2.2306,25254
1779841800000,2.2306,2.2512,2.2303,2.2424,60187
1779842700000,2.2424,2.2496,2.2347,2.2453,54175
1779843600000,2.2453,2.2573,2.2444,2.2549,25607
1779844500000,2.2549,2.26,2.2355,2.2461,12504
1779845400000,2.2461,2.2532,2.2387,2.2472,20982
1779846300000,2.2472,2.2472,2.2261,2.2262,76836
1779847200000,2.2262,2.2263,2.2121,2.2252,20801
1779848100000,2.2252,2.2352,2.2118,2.2261,13702
1779849000000,2.2261,2.2339,2.2203,2.2228,7467
1779849900000,2.2228,2.2355,2.2228,2.234,5186
1779850800000,2.234,2.2352,2.2149,2.2294,6482
1779851700000,2.2294,2.2306,2.2191,2.2241,9206
1779852600000,2.2241,2.2279,2.2204,2.2212,8006
1779853500000,2.2212,2.2264,2.2199,2.2203,4209
1779854400000,2.2203,2.2218,2.2035,2.2077,7616
1779855300000,2.2077,2.2077,2.187,2.1884,29873
1779856200000,2.1884,2.1917,2.1789,2.1874,13860
1779857100000,2.1874,2.2022,2.1874,2.1973,18339
1779858000000,2.1973,2.2086,2.1948,2.1965,6946
1779858900000,2.1965,2.2098,2.1919,2.209,2972
1779859800000,2.209,2.2205,2.203,2.2061,20538
1779860700000,2.2061,2.2284,2.2061,2.2274,3847
1779861600000,2.2274,2.2342,2.2226,2.2305,6831
1779862500000,2.2305,2.2305,2.2198,2.2236,1335
1779863400000,2.2236,2.2236,2.2133,2.2157,8382
1779864300000,2.2157,2.2347,2.2157,2.2312,18405
1779865200000,2.2312,2.2344,2.2209,2.2298,25131
1779866100000,2.2298,2.2338,2.2248,2.2314,5400
1779867000000,2.2314,2.2414,2.2214,2.2361,26901
1779867900000,2.2361,2.2449,2.2302,2.2369,7015
1779868800000,2.2369,2.2429,2.213,2.213,6427
1779869700000,2.213,2.2279,2.213,2.2185,5214
1779870600000,2.2185,2.2283,2.2171,2.2214,3146
1779871500000,2.2214,2.2214,2.2048,2.2108,7595
1779872400000,2.2108,2.221,2.2089,2.2205,1970
1779873300000,2.2205,2.2278,2.2133,2.2195,15701
1779874200000,2.2195,2.2335,2.2185,2.2272,7570
1779875100000,2.2272,2.2317,2.2251,2.2264,6753
1779876000000,2.2264,2.2388,2.2218,2.2388,8836
1779876900000,2.2388,2.2429,2.2328,2.2391,11620
1779877800000,2.2391,2.2391,2.2233,2.2281,4520
1779878700000,2.2281,2.2322,2.2178,2.2213,2671
1779879600000,2.2213,2.26,2.2213,2.2502,33228
1779880500000,2.2502,2.2552,2.2422,2.2541,10200
1779881400000,2.2541,2.2541,2.2363,2.2371,8463
1779882300000,2.2371,2.2401,2.2023,2.2059,31150
1779883200000,2.2059,2.2141,2.2031,2.2125,10803
1779884100000,2.2125,2.2233,2.2112,2.2222,18619
1779885000000,2.2222,2.2226,2.208,2.2098,3654
1779885900000,2.2098,2.2098,2.1882,2.1882,47339
1779886800000,2.1882,2.1981,2.186,2.1871,26547
1779887700000,2.1871,2.1909,2.1838,2.1882,7987
1779888600000,2.1882,2.1911,2.1697,2.1709,33446
1779889500000,2.1709,2.188,2.1709,2.1877,18334
1779890400000,2.1877,2.1949,2.1755,2.1792,13680
1779891300000,2.1792,2.1884,2.1632,2.1713,19504
1779892200000,2.1713,2.1773,2.1652,2.1765,5417
1779893100000,2.1765,2.2073,2.176,2.2057,29451
1779894000000,2.2057,2.2057,2.1964,2.1992,21488
1779894900000,2.1992,2.2021,2.1931,2.1988,21371
1779895800000,2.1988,2.2035,2.1956,2.1956,3146
1779896700000,2.1956,2.1963,2.1797,2.1815,12247
1779897600000,2.1815,2.1893,2.1781,2.1834,5840
1779898500000,2.1834,2.1834,2.1676,2.1712,11837
1779899400000,2.1712,2.1723,2.161,2.1637,27087
1779900300000,2.1637,2.1675,2.1595,2.1621,14708
1779901200000,2.1621,2.1651,2.147,2.1591,29619
1779902100000,2.1591,2.1699,2.1552,2.1641,13843
1779903000000,2.1641,2.1644,2.1563,2.1603,10617
1779903900000,2.1603,2.1603,2.1504,2.1555,4066
1779904800000,2.1555,2.1573,2.1473,2.1493,30343
1779905700000,2.1493,2.1585,2.1474,2.1491,5912
1779906600000,2.1491,2.1592,2.1416,2.1578,16132
1779907500000,2.1578,2.1663,2.1578,2.1637,22619
1779908400000,2.1637,2.1782,2.1621,2.1771,19184
1779909300000,2.1771,2.1783,2.166,2.1708,12179
1779910200000,2.1708,2.1758,2.1688,2.1688,4480
1779911100000,2.1688,2.169,2.1636,2.1645,8517
1779912000000,2.1645,2.1668,2.1599,2.1663,2324
1779912900000,2.1663,2.1694,2.1562,2.1577,2566
1779913800000,2.1577,2.1589,2.1529,2.1557,3236
1779914700000,2.1557,2.1566,2.1538,2.1547,1617
1779915600000,2.1547,2.1547,2.1469,2.1513,8475
1779916500000,2.1513,2.1513,2.1386,2.1386,9481
1779917400000,2.1386,2.1402,2.1113,2.1241,34513
1779918300000,2.1241,2.1241,2.1077,2.1216,22666
1779919200000,2.1216,2.128,2.1154,2.1175,6326
1779920100000,2.1175,2.1295,2.1118,2.128,41645
1779921000000,2.128,2.1347,2.1248,2.1321,5975
1779921900000,2.1321,2.1321,2.12,2.125,18906
1779922800000,2.125,2.1305,2.119,2.1254,102145
1779923700000,2.1254,2.1299,2.118,2.1181,24002
1779924600000,2.1181,2.1249,2.117,2.1205,2122
1779925500000,2.1205,2.1309,2.1188,2.1293,3651
1779926400000,2.1293,2.1307,2.1212,2.1232,15734
1779927300000,2.1232,2.1304,2.1161,2.1161,9767
1779928200000,2.1161,2.1273,2.1141,2.1273,4169
1779929100000,2.1273,2.1273,2.1185,2.1246,1241
1779930000000,2.1246,2.1251,2.1161,2.1194,3079
1779930900000,2.1194,2.127,2.1122,2.119,9954
1779931800000,2.119,2.1259,2.1169,2.1229,2538
1779932700000,2.1229,2.1289,2.119,2.123,4192
1779933600000,2.123,2.1337,2.123,2.1322,6753
1779934500000,2.1322,2.1364,2.1275,2.1284,3528
1779935400000,2.1284,2.1352,2.1263,2.1327,4102
1779936300000,2.1327,2.1345,2.1285,2.133,3696
1779937200000,2.133,2.1362,2.1184,2.1197,4060
1779938100000,2.1197,2.1214,2.0896,2.1061,63998
1779939000000,2.1061,2.112,2.093,2.0961,23754
1779939900000,2.0961,2.102,2.0844,2.0878,33929
1779940800000,2.0878,2.0932,2.0703,2.078,38141
1779941700000,2.078,2.0808,2.0666,2.079,17968
1779942600000,2.079,2.0914,2.0773,2.0914,27590
1779943500000,2.0914,2.1107,2.0868,2.1035,7351
1779944400000,2.1035,2.1078,2.091,2.0924,25040
1779945300000,2.0924,2.0924,2.0762,2.0762,8641
1779946200000,2.0762,2.0866,2.0762,2.0865,23438
1779947100000,2.0865,2.089,2.0722,2.0776,28080
1779948000000,2.0776,2.0868,2.0774,2.0826,5252
1779948900000,2.0826,2.0838,2.0717,2.0743,9456
1779949800000,2.0743,2.0743,2.0621,2.0652,26119
1779950700000,2.0652,2.0772,2.0652,2.0708,14751
1779951600000,2.0708,2.0777,2.064,2.0743,10265
1779952500000,2.0743,2.0754,2.0714,2.0721,4635
1779953400000,2.0721,2.0772,2.0696,2.0728,2575
1779954300000,2.0728,2.0734,2.0644,2.0721,17969
1779955200000,2.0721,2.0721,2.0581,2.0677,5302
1779956100000,2.0677,2.0711,2.0636,2.065,5310
1779957000000,2.065,2.0743,2.061,2.0642,12547
1779957900000,2.0642,2.0662,2.052,2.052,4648
1779958800000,2.052,2.0621,2.052,2.0549,5119
1779959700000,2.0549,2.0608,2.0543,2.0545,3161
1779960600000,2.0545,2.0602,2.0505,2.0563,9189
1779961500000,2.0563,2.0628,2.0561,2.0572,8879
1779962400000,2.0572,2.0572,2.0454,2.0454,56708
1779963300000,2.0454,2.0455,2.0372,2.0455,5720
1779964200000,2.0455,2.0465,2.0396,2.0399,8817
1779965100000,2.0399,2.0403,2.024,2.024,25247
1779966000000,2.024,2.0248,2.0165,2.0224,17481
1779966900000,2.0224,2.0264,2.0144,2.0251,11960
1779967800000,2.0251,2.0259,2.0146,2.0206,16822
1779968700000,2.0206,2.0272,2.016,2.0255,29758
1779969600000,2.0255,2.0262,2.0155,2.0155,10577
1779970500000,2.0155,2.0187,2.0091,2.0148,10556
1779971400000,2.0148,2.0213,2.0126,2.0193,23758
1779972300000,2.0193,2.0193,2.0157,2.0157,947
1779973200000,2.0157,2.0224,2.0107,2.0112,4444
1779974100000,2.0112,2.0227,2.006,2.022,16504
1779975000000,2.022,2.0261,2.0153,2.0227,17037
1779975900000,2.0227,2.0287,2.0165,2.0165,78257
1779976800000,2.0165,2.0318,2.0027,2.0318,42993
1779977700000,2.0318,2.0432,2.0247,2.0342,48306
1779978600000,2.0342,2.0384,2.021,2.0235,8337
1779979500000,2.0235,2.0303,2.0213,2.0213,9648
1779980400000,2.0213,2.0268,2.0144,2.0185,5663
1779981300000,2.0185,2.0185,2.0101,2.0174,3886
1779982200000,2.0174,2.0253,2.0168,2.022,5623
1779983100000,2.022,2.0268,2.0198,2.0212,3367
1779984000000,2.0212,2.0314,2.0075,2.0314,17105
1779984900000,2.0314,2.0342,2.0238,2.0238,11825
1779985800000,2.0238,2.0256,2.0135,2.018,2801
1779986700000,2.018,2.0205,2.0145,2.0182,3185
1779987600000,2.0182,2.0252,2.0182,2.025,4986
1779988500000,2.025,2.025,2.0158,2.0164,10873
1779989400000,2.0164,2.0282,2.0164,2.0267,1661
1779990300000,2.0267,2.0327,2.0195,2.0223,2561
1779991200000,2.0223,2.0311,2.0211,2.0286,3887
1779992100000,2.0286,2.0317,2.0249,2.0267,1997
1779993000000,2.0267,2.0277,2.0201,2.0273,10438
1779993900000,2.0273,2.033,2.0267,2.0303,1285
1779994800000,2.0303,2.0303,2.0147,2.0178,6753
1779995700000,2.0178,2.0279,2.0174,2.0279,3771
1779996600000,2.0279,2.0303,2.0243,2.0262,1322
1779997500000,2.0262,2.0299,2.0243,2.0246,1950
1779998400000,2.0246,2.0287,2.0217,2.025,7179
1779999300000,2.025,2.0347,2.0239,2.0306,4406
1780000200000,2.0306,2.0441,2.0305,2.0428,4439
1780001100000,2.0428,2.0436,2.0369,2.0369,6951
1780002000000,2.0369,2.0544,2.0353,2.0528,19127
1780002900000,2.0528,2.064,2.0526,2.0598,7910
1780003800000,2.0598,2.0635,2.0587,2.0608,2776
1780004700000,2.0608,2.0637,2.0608,2.0627,1165
1780005600000,2.0627,2.0639,2.046,2.0483,18655
1780006500000,2.0483,2.0483,2.0418,2.0425,5364
1780007400000,2.0425,2.0425,2.036,2.0382,4911
1780008300000,2.0382,2.0539,2.0374,2.0529,17551
1780009200000,2.0529,2.055,2.0488,2.0529,5683
1780010100000,2.0529,2.0627,2.0517,2.0614,16793
1780011000000,2.0614,2.0716,2.0568,2.0663,15926
1780011900000,2.0663,2.0674,2.0581,2.0592,4637
1780012800000,2.0592,2.0726,2.0589,2.0714,7118
1780013700000,2.0714,2.0769,2.0677,2.0758,18975
1780014600000,2.0758,2.0805,2.0681,2.0709,7360
1780015500000,2.0709,2.0767,2.0709,2.0738,5735
1780016400000,2.0738,2.0889,2.0734,2.0841,13447
1780017300000,2.0841,2.0892,2.069,2.0713,7169
1780018200000,2.0713,2.0761,2.0662,2.075,6839
1780019100000,2.075,2.0952,2.075,2.0952,32239
1780020000000,2.0952,2.1074,2.0932,2.0987,20709
1780020900000,2.0987,2.0987,2.0686,2.0696,13395
1780021800000,2.0696,2.079,2.0618,2.0627,15717
1780022700000,2.0627,2.0724,2.05,2.0506,9769
1780023600000,2.0506,2.0627,2.0506,2.0617,3260
1780024500000,2.0617,2.0618,2.0548,2.0595,1796
1780025400000,2.0595,2.0671,2.0595,2.0614,2002
1780026300000,2.0614,2.0614,2.0441,2.0441,5748
1780027200000,2.0441,2.0486,2.0412,2.0431,6367
1780028100000,2.0431,2.0492,2.0407,2.0458,8983
1780029000000,2.0458,2.0571,2.0458,2.0542,9264
1780029900000,2.0542,2.0567,2.0521,2.0567,13422
1780030800000,2.0567,2.0582,2.0526,2.0526,5847
1780031700000,2.0526,2.0554,2.0486,2.0531,7382
1780032600000,2.0531,2.0551,2.0452,2.0515,4708
1780033500000,2.0515,2.0533,2.0489,2.0492,2906
1780034400000,2.0492,2.0612,2.0492,2.0579,8476
1780035300000,2.0579,2.0607,2.0533,2.0539,2681
1780036200000,2.0539,2.0599,2.0505,2.0599,1378
1780037100000,2.0599,2.063,2.0558,2.057,5563
1780038000000,2.057,2.057,2.05,2.0528,2384
1780038900000,2.0528,2.0584,2.0485,2.0581,6631
1780039800000,2.0581,2.0597,2.031,2.0338,31769
1780040700000,2.0338,2.0375,2.023,2.0312,34910
1780041600000,2.0312,2.0367,2.0271,2.0303,1557
1780042500000,2.0303,2.0337,2.0261,2.0261,7875
1780043400000,2.0261,2.0298,2.0206,2.0239,17805
1780044300000,2.0239,2.0241,2.0188,2.021,10084
1780045200000,2.021,2.0303,2.02,2.0254,17640
1780046100000,2.0254,2.0334,2.0254,2.0334,10616
1780047000000,2.0334,2.036,2.0266,2.0305,28739
1780047900000,2.0305,2.0335,2.027,2.0326,5887
1780048800000,2.0326,2.0326,2.0231,2.0231,5512
1780049700000,2.0231,2.0253,2.019,2.0253,17523
1780050600000,2.0253,2.0318,2.0239,2.0287,4176
1780051500000,2.0287,2.0309,2.0256,2.0302,3455
1780052400000,2.0302,2.0302,2.0253,2.0264,3453
1780053300000,2.0264,2.0315,2.0243,2.0252,1831
1780054200000,2.0252,2.0265,2.0212,2.0228,5211
1780055100000,2.0228,2.023,2.0052,2.0133,82332
1780056000000,2.0133,2.0136,1.9984,2.003,27728
1780056900000,2.003,2.0111,2.0021,2.008,15724
1780057800000,2.008,2.0111,1.9989,2.0016,23968
1780058700000,2.0016,2.007,1.9975,2.0027,48931
1780059600000,2.0027,2.0027,1.9883,1.9946,68711
1780060500000,1.9946,1.997,1.9909,1.9945,4957
1780061400000,1.9945,2.0051,1.9874,2.0016,27577
1780062300000,2.0016,2.0063,1.9986,2.0017,13167
1780063200000,2.0017,2.006,1.9977,2.0027,18396
1780064100000,2.0027,2.0031,1.968,1.9847,74838
1780065000000,1.9847,1.9879,1.9737,1.9776,6699
1780065900000,1.9776,2.0028,1.9762,1.9956,78784
1780066800000,1.9956,2.0135,1.9935,2.0073,57863
1780067700000,2.0073,2.0359,2.0073,2.0315,145372
1780068600000,2.0315,2.0411,2.0223,2.0261,53359
1780069500000,2.0261,2.0307,2.023,2.0303,65446
1780070400000,2.0303,2.0341,2.0247,2.0297,11735
1780071300000,2.0297,2.0317,2.0104,2.0145,9780
1780072200000,2.0145,2.0279,2.0145,2.0229,10398
1780073100000,2.0229,2.0242,2.0137,2.0178,5346
1780074000000,2.0178,2.0248,2.0154,2.0248,2999
1780074900000,2.0248,2.0287,2.0214,2.0269,5189
1780075800000,2.0269,2.0341,2.0257,2.0323,5521
1780076700000,2.0323,2.0323,2.0232,2.0286,2432
1780077600000,2.0286,2.0394,2.0266,2.0381,2492
1780078500000,2.0381,2.0406,2.0344,2.0367,18290
1780079400000,2.0367,2.0411,2.0357,2.0411,1918
1780080300000,2.0411,2.0413,2.0313,2.0328,25354
1780081200000,2.0328,2.0363,2.0264,2.0295,6021
1780082100000,2.0295,2.0331,2.0236,2.0325,2442
1780083000000,2.0325,2.0477,2.0325,2.0446,14911
1780083900000,2.0446,2.0495,2.04,2.0442,9853
1780084800000,2.0442,2.0452,2.0308,2.0336,9620
1780085700000,2.0336,2.0396,2.031,2.0396,839
1780086600000,2.0396,2.0447,2.039,2.039,4091
1780087500000,2.039,2.0401,2.0297,2.0335,9664
1780088400000,2.0335,2.0448,2.0296,2.0415,8614
1780089300000,2.0415,2.0415,2.0294,2.0295,2232
1780090200000,2.0295,2.0309,2.022,2.0296,3503
1780091100000,2.0296,2.0298,2.0124,2.0124,1294
1780092000000,2.0124,2.0155,2.0105,2.0145,3684
1780092900000,2.0145,2.0169,2.0115,2.016,196
1780093800000,2.016,2.0167,2.0117,2.0142,8620
1780094700000,2.0142,2.0175,2.0123,2.0142,1215
1780095600000,2.0142,2.0195,2.0142,2.0142,2188
1780096500000,2.0142,2.0147,2.0046,2.0046,5673
1780097400000,2.0046,2.0103,2.0045,2.0054,651
1780098300000,2.0054,2.0137,2.0054,2.0125,1109
1780099200000,2.0125,2.0179,2.009,2.0155,5307
1780100100000,2.0155,2.0252,2.0155,2.02,1261
1780101000000,2.02,2.024,2.0169,2.0214,5526
1780101900000,2.0214,2.0261,2.0213,2.0224,2472
1780102800000,2.0224,2.0237,2.0189,2.0229,1313
1780103700000,2.0229,2.028,2.0206,2.028,4867
1780104600000,2.028,2.0301,2.0219,2.0234,7781
1780105500000,2.0234,2.0316,2.0234,2.0289,4646
1780106400000,2.0289,2.039,2.0289,2.0321,10986
1780107300000,2.0321,2.0364,2.0297,2.0332,3071
1780108200000,2.0332,2.0432,2.0293,2.034,6956
1780109100000,2.034,2.0364,2.0234,2.0364,9709
1780110000000,2.0364,2.0392,2.0328,2.0392,1021
1780110900000,2.0392,2.0405,2.0358,2.0391,5127
1780111800000,2.0391,2.0391,2.0325,2.033,2585
1780112700000,2.033,2.0371,2.0303,2.0303,1601
1780113600000,2.0303,2.032,2.0169,2.0246,8017
1780114500000,2.0246,2.0246,2.0063,2.0063,17215
1780115400000,2.0063,2.0106,2.002,2.0085,12084
1780116300000,2.0085,2.0208,2.0085,2.0203,11209
1780117200000,2.0203,2.0291,2.0156,2.0189,19107
1780118100000,2.0189,2.0247,2.0164,2.0194,987
1780119000000,2.0194,2.0237,2.0192,2.0217,2251
1780119900000,2.0217,2.0299,2.0217,2.0289,3183
1780120800000,2.0289,2.0294,2.0181,2.0181,3938
1780121700000,2.0181,2.0258,2.0168,2.0258,1865
1780122600000,2.0258,2.03,2.0258,2.0296,2111
1780123500000,2.0296,2.0303,2.0271,2.0299,1105
1780124400000,2.0299,2.031,2.0236,2.0263,8968
1780125300000,2.0263,2.0362,2.0263,2.0334,6446
1780126200000,2.0334,2.0334,2.0255,2.0257,898
1780127100000,2.0257,2.0281,2.0248,2.0279,308
1780128000000,2.0279,2.0315,2.0277,2.0302,2653
1780128900000,2.0302,2.0324,2.0268,2.0324,2191
1780129800000,2.0324,2.0334,2.0294,2.0294,2109
1780130700000,2.0294,2.0294,2.0223,2.0231,408
1780131600000,2.0231,2.032,2.0218,2.0319,1277
1780132500000,2.0319,2.036,2.0304,2.036,3849
1780133400000,2.036,2.0373,2.0333,2.0361,1816
1780134300000,2.0361,2.042,2.0358,2.0387,25939
1780135200000,2.0387,2.0387,2.0348,2.0358,3717
1780136100000,2.0358,2.0385,2.0354,2.0354,311
1780137000000,2.0354,2.0366,2.0347,2.0361,688
1780137900000,2.0361,2.0373,2.032,2.0351,598
1780138800000,2.0351,2.0359,2.0313,2.0337,1074
1780139700000,2.0337,2.0349,2.0303,2.0334,1659
1780140600000,2.0334,2.0404,2.0333,2.0404,2547
1780141500000,2.0404,2.0467,2.0398,2.0463,14652
1780142400000,2.0463,2.0527,2.0429,2.0457,15312
1780143300000,2.0457,2.0528,2.0457,2.0489,1715
1780144200000,2.0489,2.0528,2.0486,2.0503,1675
1780145100000,2.0503,2.0524,2.0449,2.0521,3868
1780146000000,2.0521,2.0616,2.0521,2.0585,8977
1780146900000,2.0585,2.0683,2.0568,2.0576,31065
1780147800000,2.0576,2.0576,2.0492,2.0565,4406
1780148700000,2.0565,2.0575,2.0504,2.0575,4053
1780149600000,2.0575,2.0618,2.0546,2.0578,1097
1780150500000,2.0578,2.0579,2.0525,2.055,7190
1780151400000,2.055,2.0557,2.0508,2.0508,991
1780152300000,2.0508,2.0508,2.0432,2.0468,9788
1780153200000,2.0468,2.05,2.043,2.048,1915
1780154100000,2.048,2.048,2.0362,2.0415,52274
1780155000000,2.0415,2.0418,2.0365,2.0398,16628
1780155900000,2.0398,2.0464,2.039,2.039,1525
1780156800000,2.039,2.0494,2.0375,2.0456,6766
1780157700000,2.0456,2.0461,2.0342,2.0357,21067
1780158600000,2.0357,2.0369,2.0317,2.0318,1394
1780159500000,2.0318,2.0353,2.0318,2.0341,2762
1780160400000,2.0341,2.0369,2.0292,2.0325,3491
1780161300000,2.0325,2.0353,2.0318,2.0318,544
1780162200000,2.0318,2.0319,2.0278,2.0319,724
1780163100000,2.0319,2.0371,2.0318,2.0318,2423
1780164000000,2.0318,2.0319,2.0262,2.0271,11968
1780164900000,2.0271,2.0346,2.0271,2.0318,3989
1780165800000,2.0318,2.0358,2.031,2.0358,1002
1780166700000,2.0358,2.0369,2.0333,2.0343,1701
1780167600000,2.0343,2.0388,2.0308,2.0388,9383
1780168500000,2.0388,2.0414,2.0312,2.0312,2753
1780169400000,2.0312,2.0325,2.0252,2.0267,3103
1780170300000,2.0267,2.0338,2.0267,2.0299,1771
1780171200000,2.0299,2.0351,2.0299,2.0347,1356
1780172100000,2.0347,2.0355,2.0314,2.0314,1813
1780173000000,2.0314,2.0322,2.0263,2.0265,1460
1780173900000,2.0265,2.0293,2.0258,2.0278,367
1780174800000,2.0278,2.0344,2.0217,2.0325,22180
1780175700000,2.0325,2.0333,2.0268,2.0306,6753
1780176600000,2.0306,2.0341,2.0268,2.0287,2288
1780177500000,2.0287,2.0296,2.0262,2.0279,558
1780178400000,2.0279,2.0279,2.016,2.0167,26239
1780179300000,2.0167,2.018,2.0124,2.0156,4248
1780180200000,2.0156,2.0162,2.0097,2.0097,10087
1780181100000,2.0097,2.0126,2.0091,2.0118,817
1780182000000,2.0118,2.0139,2.0084,2.0089,3414
1780182900000,2.0089,2.0129,2.0079,2.0091,3118
1780183800000,2.0091,2.0099,2.0061,2.0075,12616
1780184700000,2.0075,2.0174,2.0075,2.016,2067
1780185600000,2.016,2.0191,2.01,2.0114,2522
1780186500000,2.0114,2.017,2.0092,2.0116,9753
1780187400000,2.0116,2.0141,2.0084,2.0103,954
1780188300000,2.0103,2.0175,2.0094,2.0146,9145
1780189200000,2.0146,2.0165,2.012,2.0124,1171
1780190100000,2.0124,2.0219,2.0124,2.0149,13839
1780191000000,2.0149,2.0175,2.0084,2.009,4877
1780191900000,2.009,2.0136,2.0072,2.0128,7531
1780192800000,2.0128,2.0154,2.0102,2.0125,23194
1780193700000,2.0125,2.017,2.0032,2.0032,5159
1780194600000,2.0032,2.0041,1.9963,1.9976,11748
1780195500000,1.9976,2.0037,1.9971,2.0037,2387
1780196400000,2.0037,2.005,1.9992,1.9992,256
1780197300000,1.9992,2.0039,1.9992,2.0039,3395
1780198200000,2.0039,2.0051,1.999,1.9997,236
1780199100000,1.9997,2.003,1.9997,2.0013,541
1780200000000,2.0013,2.002,1.9953,1.9977,1160
1780200900000,1.9977,2.0047,1.9977,2.0047,1899
1780201800000,2.0047,2.009,2.0025,2.0046,1209
1780202700000,2.0046,2.0101,2.0039,2.0095,3399
1780203600000,2.0095,2.0158,2.0074,2.0112,8934
1780204500000,2.0112,2.0131,2.01,2.0117,156
1780205400000,2.0117,2.0125,2.0073,2.0073,1715
1780206300000,2.0073,2.0082,2.004,2.004,2427
1780207200000,2.004,2.0107,2.003,2.0076,16631
1780208100000,2.0076,2.0088,2.0052,2.0052,536
1780209000000,2.0052,2.0068,2.0046,2.0064,2415
1780209900000,2.0064,2.0067,1.9929,1.9962,29209
1780210800000,1.9962,1.9962,1.98,1.9819,62978
1780211700000,1.9819,1.9827,1.9751,1.9791,54744
1780212600000,1.9791,1.9796,1.9727,1.976,8362
1780213500000,1.976,1.9796,1.9757,1.9796,1767
1780214400000,1.9796,1.9826,1.9765,1.9789,6514
1780215300000,1.9789,1.9811,1.9766,1.9794,5025
1780216200000,1.9794,1.9822,1.9778,1.9822,43621
1780217100000,1.9822,1.9832,1.977,1.9785,8854
1780218000000,1.9785,1.9857,1.9743,1.9846,34173
1780218900000,1.9846,1.9896,1.9832,1.9888,8690
1780219800000,1.9888,1.9935,1.9885,1.9897,4251
1780220700000,1.9897,1.9933,1.9847,1.9882,7685
1780221600000,1.9882,1.9932,1.9867,1.9897,5778
1780222500000,1.9897,1.9992,1.9891,1.9973,32702
1780223400000,1.9973,2.0098,1.9958,2.0002,55225
1780224300000,2.0002,2.0004,1.9804,1.9892,43081
1780225200000,1.9892,1.9923,1.9892,1.9898,1457
1780226100000,1.9898,1.9915,1.9869,1.9915,1533
1780227000000,1.9915,1.9915,1.9864,1.9873,4057
1780227900000,1.9873,1.9881,1.9851,1.9878,14453
1780228800000,1.9878,1.9884,1.983,1.988,6873
1780229700000,1.988,1.9934,1.988,1.991,5577
1780230600000,1.991,1.9946,1.991,1.9933,2420
1780231500000,1.9933,1.9947,1.9913,1.9918,3568
1780232400000,1.9918,1.9931,1.9894,1.9929,6802
1780233300000,1.9929,1.9982,1.9929,1.9977,1371
1780234200000,1.9977,1.9978,1.9846,1.9846,7555
1780235100000,1.9846,1.9862,1.9784,1.9801,47576
1780236000000,1.9801,1.9822,1.97,1.9708,11943
1780236900000,1.9708,1.9746,1.9584,1.9633,61780
1780237800000,1.9633,1.9679,1.9605,1.9612,23590
1780238700000,1.9612,1.9641,1.9539,1.958,23283
1780239600000,1.958,1.9618,1.9482,1.9501,25126
1780240500000,1.9501,1.956,1.9476,1.9533,9645
1780241400000,1.9533,1.9541,1.9421,1.9441,14597
1780242300000,1.9441,1.9475,1.9433,1.9442,10897
1780243200000,1.9442,1.952,1.941,1.9426,8569
1780244100000,1.9426,1.9459,1.9374,1.9413,8562
1780245000000,1.9413,1.9414,1.9331,1.9343,19112
1780245900000,1.9343,1.9363,1.9327,1.9355,2519
1780246800000,1.9355,1.9382,1.9293,1.9311,12385
1780247700000,1.9311,1.9327,1.9307,1.9325,3049
1780248600000,1.9325,1.9344,1.9292,1.9318,10574
1780249500000,1.9318,1.9319,1.9265,1.9302,20363
1780250400000,1.9302,1.9339,1.9257,1.9292,24690
1780251300000,1.9292,1.9307,1.9272,1.9306,4269
1780252200000,1.9306,1.935,1.9274,1.9323,29129
1780253100000,1.9323,1.9323,1.9274,1.929,5092
1780254000000,1.929,1.929,1.9236,1.9266,7624
1780254900000,1.9266,1.9297,1.9257,1.9268,24143
1780255800000,1.9268,1.9315,1.9252,1.9286,2151
1780256700000,1.9286,1.9294,1.9224,1.925,129719
1780257600000,1.925,1.9288,1.9226,1.9234,33355
1780258500000,1.9234,1.9315,1.9219,1.9308,28115
1780259400000,1.9308,1.9396,1.9308,1.9337,48394
1780260300000,1.9337,1.9459,1.9329,1.9437,38477
1780261200000,1.9437,1.9476,1.9416,1.9471,10698
1780262100000,1.9471,1.9528,1.9471,1.9501,6655
1780263000000,1.9501,1.955,1.9473,1.9473,3467
1780263900000,1.9473,1.9579,1.9473,1.9508,10872
1780264800000,1.9508,1.9549,1.9416,1.951,9627
1780265700000,1.951,1.9555,1.9477,1.9515,6751
1780266600000,1.9515,1.9571,1.9493,1.9555,1818
1780267500000,1.9555,1.9569,1.9517,1.955,3967
1780268400000,1.955,1.961,1.95,1.951,7414
1780269300000,1.951,1.9545,1.9474,1.9509,7848
1780270200000,1.9509,1.9509,1.9449,1.9473,5515
1780271100000,1.9473,1.9563,1.9473,1.9563,15032
1780272000000,1.9563,1.9643,1.9526,1.9624,12859
1780272900000,1.9624,1.9676,1.9593,1.9676,5041
1780273800000,1.9676,1.9721,1.9636,1.9694,6680
1780274700000,1.9694,1.9746,1.9694,1.9734,2667
1780275600000,1.9734,1.9735,1.9648,1.9691,10555
1780276500000,1.9691,1.9693,1.9589,1.9603,7497
1780277400000,1.9603,1.9622,1.9535,1.9551,17644
1780278300000,1.9551,1.9572,1.9428,1.9452,4581
1780279200000,1.9452,1.9557,1.9373,1.9533,8067
1780280100000,1.9533,1.956,1.95,1.9525,1997
1780281000000,1.9525,1.9627,1.9478,1.962,3117
1780281900000,1.962,1.9672,1.962,1.9664,3402
1780282800000,1.9664,1.9746,1.9659,1.9669,10105
1780283700000,1.9669,1.9752,1.9659,1.9743,3277
1780284600000,1.9743,1.9743,1.9685,1.9705,1065
1780285500000,1.9705,1.9736,1.9685,1.9685,3082
1780286400000,1.9685,1.9732,1.9612,1.9624,3031
1780287300000,1.9624,1.9645,1.9558,1.956,4752
1780288200000,1.956,1.9604,1.9555,1.9598,2940
1780289100000,1.9598,1.9598,1.9491,1.9579,1597
1780290000000,1.9579,1.9579,1.9472,1.9508,25291
1780290900000,1.9508,1.954,1.948,1.9485,3468
