1771111800000,69798.9,69829.9,69743.1,69790,56.9758
1771112700000,69790,69832.7,69741.8,69795.4,85.3387
1771113600000,69795.4,69832.9,69637.7,69650.9,153.187
1771114500000,69650.9,69742,69608.2,69663.6,208.7338
1771115400000,69663.6,69727.4,69588.3,69596.1,126.4415
1771116300000,69596.1,69770.2,69567,69742.9,130.9914
1771117200000,69742.9,69878.5,69720,69878.5,133.1767
1771118100000,69878.5,69878.5,69400,69494.3,471.9859
1771119000000,69494.3,69642.9,69315.8,69381.2,383.4536
1771119900000,69381.2,69694,69360,69682,195.8059
1771120800000,69682,69728,69439.6,69510.7,292.1831
1771121700000,69510.7,69592.3,69366.4,69440,200.3876
1771122600000,69440,69537,69315.1,69483.7,212.8699
1771123500000,69483.7,69547.2,69403,69450.2,74.9656
1771124400000,69450.2,69562.9,69434.5,69434.6,53.6843
1771125300000,69434.6,69555,69414.5,69414.5,44.4421
1771126200000,69414.5,69512.7,69216.8,69336.8,670.7771
1771127100000,69336.8,69965.6,69336.8,69920.3,959.4868
1771128000000,69920.3,70437.5,69919.1,70397.8,1599.7133
1771128900000,70397.8,70489.1,70131.9,70163,564.5224
1771129800000,70163,70345.5,70155.2,70201.5,247.1817
1771130700000,70201.5,70314.6,70069.3,70154.7,241.11
1771131600000,70154.7,70262.5,70096.1,70168.1,194.5469
1771132500000,70168.1,70442.1,70128.1,70291.5,468.483
1771133400000,70291.5,70387.9,70239,70321.8,241.8146
1771134300000,70321.8,70413.4,70227.4,70228.3,239.7175
1771135200000,70228.3,70257.7,70145.7,70194.2,163.303
1771136100000,70194.2,70507.8,70163.2,70343.9,504.5041
1771137000000,70343.9,70500,70322.7,70324,310.3411
1771137900000,70324,70386,70250,70369.5,209.7178
1771138800000,70369.5,70396.8,70265,70380.1,232.3998
1771139700000,70380.1,70847.2,70352.3,70640.8,1273.0578
1771140600000,70640.8,70894,70543.8,70693,732.9445
1771141500000,70693,70777,70640.1,70776.9,294.3412
1771142400000,70776.9,70937.8,70684.5,70695.2,518.4732
1771143300000,70695.2,70787.4,70523.6,70523.6,451.7369
1771144200000,70523.6,70564.5,70135.4,70288.6,934.2262
1771145100000,70288.6,70423.5,70250.5,70402.7,223.9125
1771146000000,70402.7,70630,70339.8,70542.9,329.3116
1771146900000,70542.9,70596.1,70463.9,70594.5,219.8833
1771147800000,70594.5,70594.6,70407,70466.3,168.2787
1771148700000,70466.3,70479,70321.8,70382.5,206.0505
1771149600000,70382.5,70427.7,70170.2,70260.4,325.0464
1771150500000,70260.4,70418,70184.1,70400,241.7415
1771151400000,70400,70418.4,70263.7,70418.4,113.9594
1771152300000,70418.4,70487.2,70379.8,70388.9,198.8517
1771153200000,70388.9,70520,70387,70387,117.6774
1771154100000,70387,70450,70306.3,70352.4,202.7351
1771155000000,70352.4,70352.4,70258.9,70332,214.4365
1771155900000,70332,70359.9,70232.9,70264.8,106.7345
1771156800000,70264.8,70291.1,70125.7,70186.8,450.4918
1771157700000,70186.8,70372,69999.1,70335.1,1130.3379
1771158600000,70335.1,70396.8,70111.5,70229.7,393.5233
1771159500000,70229.7,70229.7,69278.9,69281.9,2281.0568
1771160400000,69281.9,69528.9,69259,69481.2,1302.4604
1771161300000,69481.2,69590.8,68963,69013.6,1441.0812
1771162200000,69013.6,69146,68852,68896.3,1222.7481
1771163100000,68896.3,69039.2,68738,68909.3,787.8118
1771164000000,68909.3,69090.9,68804.2,68934.7,543.8219
1771164900000,68934.7,69069,68922,69062.1,329.3582
1771165800000,69062.1,69196.6,68946.8,69141.4,453.208
1771166700000,69141.4,69166.2,69024.4,69142.9,183.1358
1771167600000,69142.9,69227.7,69075.1,69178.5,336.7502
1771168500000,69178.5,69178.5,68855.5,68861.1,378.0388
1771169400000,68861.1,69051,68850,69050.9,397.665
1771170300000,69050.9,69075.3,68932.4,69070.5,167.9125
1771171200000,69070.5,69070.6,68751.8,68962.8,618.9394
1771172100000,68962.8,69052.6,68853.1,69049.7,358.4188
1771173000000,69049.7,69070.4,68897.3,69008.2,141.7292
1771173900000,69008.2,69059,68980.7,68991.2,154.2728
1771174800000,68991.2,69059.1,68934.6,69034.7,145.3322
1771175700000,69034.7,69034.8,68887,68967.4,152.4298
1771176600000,68967.4,69036.1,68800,68800,252.9881
1771177500000,68800,68803.4,68174.1,68613.7,2457.5065
1771178400000,68613.7,68717.9,68404.6,68662.5,510.9719
1771179300000,68662.5,68781.2,68528.5,68528.5,263.2467
1771180200000,68528.5,68697.4,68357.1,68680.1,922.2456
1771181100000,68680.1,68691,68320.1,68430.3,617.3665
1771182000000,68430.3,68509.9,68055.8,68164.4,1327.3288
1771182900000,68164.4,68539.5,68082.8,68522.7,676.5661
1771183800000,68522.7,68531.5,68180,68216.3,458.3665
1771184700000,68216.3,68416.9,68213.1,68263.1,264.7524
1771185600000,68263.1,68418.8,68101.8,68395,350.2551
1771186500000,68395,68468.2,68272.4,68460.3,231.6858
1771187400000,68460.3,68544.6,68400,68476.6,162.7114
1771188300000,68476.6,68476.6,68366.3,68420,102.5883
1771189200000,68420,68749.9,68420,68712.3,302.584
1771190100000,68712.3,68799.2,68640.5,68770.2,217.5442
1771191000000,68770.2,68930.6,68700.1,68708.8,314.6865
1771191900000,68708.8,68905.5,68680,68826.7,151.4743
1771192800000,68826.7,68937.5,68770.7,68770.8,181.297
1771193700000,68770.8,69021,68769.9,68980.3,174.26
1771194600000,68980.3,69064.1,68932.2,69004,176.9787
1771195500000,69004,69048.3,68885.4,68959.9,156.0992
1771196400000,68959.9,68959.9,68294.5,68459.5,895.4307
1771197300000,68459.5,68648.4,68366,68619.6,342.2778
1771198200000,68619.6,68781.2,68520,68650.5,250.3229
1771199100000,68650.5,68808,68640.5,68799.9,180.3509
1771200000000,68799.9,68979.3,68700.5,68913.3,294.7655
1771200900000,68913.3,69035.3,68740.1,68823.4,248.4257
1771201800000,68823.4,68941,68717.8,68720.4,116.7222
1771202700000,68720.4,68921.5,68667,68816.4,143.1028
1771203600000,68816.4,69018.1,68754.1,68836.1,232.2676
1771204500000,68836.1,68894.3,68629.3,68695.5,202.7173
1771205400000,68695.5,68749.8,68420.1,68559.8,279.5567
1771206300000,68559.8,68646.2,68549,68599.2,144.8326
1771207200000,68599.2,68705.5,68441,68540,105.7292
1771208100000,68540,68550.6,68304,68328.6,215.4764
1771209000000,68328.6,68499.9,68308.8,68436,229.7353
1771209900000,68436,68499,68215,68298,300.7613
1771210800000,68298,68425,68284.6,68361.2,134.1068
1771211700000,68361.2,68392.7,68134.5,68156.7,267.9003
1771212600000,68156.7,68336,68121.3,68329.9,185.2729
1771213500000,68329.9,68448.8,68295.3,68397.8,225.1324
1771214400000,68397.8,68646.3,68389.2,68608.1,478.041
1771215300000,68608.1,68774.8,68592.3,68750.1,334.2749
1771216200000,68750.1,68787.4,68652.4,68667.2,237.5416
1771217100000,68667.2,68863.6,68659.1,68838.8,268.9881
1771218000000,68838.8,68871,68430.1,68438.1,408.3679
1771218900000,68438.1,68497.4,68346.5,68430.4,260.4757
1771219800000,68430.4,68466.7,68258,68317.7,326.2883
1771220700000,68317.7,68409.4,68302.2,68354.3,151.6393
1771221600000,68354.3,68416,68321,68333.5,156.1165
1771222500000,68333.5,68365.6,68198,68324,243.9201
1771223400000,68324,68500,68306,68444.3,252.6772
1771224300000,68444.3,68450.3,68363.6,68422.2,90.0927
1771225200000,68422.2,68591.9,68343.1,68580.1,250.3982
1771226100000,68580.1,68641.8,68509.8,68539.9,162.6431
1771227000000,68539.9,68617.4,68410,68463.7,146.6873
1771227900000,68463.7,68585.9,68463.7,68552.2,101.2437
1771228800000,68552.2,68638.8,68512.1,68513.6,147.2309
1771229700000,68513.6,68711.8,68505.9,68699.7,199.7333
1771230600000,68699.7,68740,68592.8,68733.9,230.4915
1771231500000,68733.9,68773,68643.4,68722.9,218.8962
1771232400000,68722.9,68925,68710,68852.9,428.9645
1771233300000,68852.9,68943.9,68765.5,68928.3,187.5671
1771234200000,68928.3,69024,68837.2,68986.2,414.4939
1771235100000,68986.2,69006.3,68901,68954.7,197.6655
1771236000000,68954.7,68954.7,68844.4,68910,126.5455
1771236900000,68910,68910.1,68650,68756,347.7934
1771237800000,68756,68897.5,68696.4,68745.3,157.4012
1771238700000,68745.3,68801.3,68722.6,68753.7,226.4221
1771239600000,68753.7,68814.3,68425,68477.2,421.2288
1771240500000,68477.2,68649,68300,68621.5,521.4135
1771241400000,68621.5,68678,68517.7,68539.4,192.9538
1771242300000,68539.4,68884.5,68535.8,68770.2,366.0718
1771243200000,68770.2,68946.1,68770.2,68861.5,497.8477
1771244100000,68861.5,69583,68760,69463.4,1456.9541
1771245000000,69463.4,69516,69252.4,69400.9,855.3775
1771245900000,69400.9,69832.4,69325.7,69723.1,1050.2498
1771246800000,69723.1,70090,69579,69620.8,1277.1803
1771247700000,69620.8,69718,68472.9,68578.7,2084.0964
1771248600000,68578.7,68869.5,68225.7,68402,1418.4215
1771249500000,68402,68463.1,68180.2,68364.3,823.0821
1771250400000,68364.3,68525.2,68234,68382.3,652.0703
1771251300000,68382.3,68615,68231.1,68282.5,586.8103
1771252200000,68282.5,68599.9,68259,68480.1,345.2036
1771253100000,68480.1,68690,68250,68390.1,575.5874
1771254000000,68390.1,68571.4,68285.7,68309.9,451.1411
1771254900000,68309.9,68374.8,68191.9,68205,711.417
1771255800000,68205,68231.4,67250.1,67418.4,4103.2289
1771256700000,67418.4,67684.8,67330,67507.2,1007.0767
1771257600000,67507.2,67813.4,67480,67703.4,920.1187
1771258500000,67703.4,67769.3,67541.1,67743.7,335.4209
1771259400000,67743.7,67898.2,67570.1,67895.8,424.7662
1771260300000,67895.8,67939.3,67758.3,67850,430.6492
1771261200000,67850,67949.7,67664.9,67708.9,326.8871
1771262100000,67708.9,67934,67561.6,67890.4,362.0704
1771263000000,67890.4,68036.1,67852.1,67993.6,275.3795
1771263900000,67993.6,67993.6,67860,67908.4,203.1125
1771264800000,67908.4,68130,67873.6,68093.9,332.2037
1771265700000,68093.9,68218.6,68031.2,68089.5,323.5846
1771266600000,68089.5,68098,67930,67963.7,176.7425
1771267500000,67963.7,67997.6,67789,67826.2,256.3622
1771268400000,67826.2,67949.4,67826.2,67949.4,102.4566
1771269300000,67949.4,68012.3,67783,67934.3,178.4461
1771270200000,67934.3,68098.2,67934.3,68060.1,240.4649
1771271100000,68060.1,68081.4,67862.8,67882.1,99.1087
1771272000000,67882.1,67927.7,67789.4,67926.3,154.3963
1771272900000,67926.3,68205,67885.7,68193.1,396.2409
1771273800000,68193.1,68258.8,68066.1,68200,411.638
1771274700000,68200,68551.4,68163.5,68499.9,818.8343
1771275600000,68499.9,68563.2,68389.4,68540.6,433.1684
1771276500000,68540.6,68600,68422.3,68496.7,418.1796
1771277400000,68496.7,68547.6,68420.1,68503.4,258.3675
1771278300000,68503.4,68905,68422.2,68825.7,851.6776
1771279200000,68825.7,68866.5,68643.9,68718.4,540.8833
1771280100000,68718.4,68781.6,68541.5,68575.2,251.8703
1771281000000,68575.2,68692.9,68476.8,68562.9,221.6624
1771281900000,68562.9,68640.7,68472,68554.9,169.609
1771282800000,68554.9,68721.3,68500.4,68699.9,141.1211
1771283700000,68699.9,68800,68605.3,68611.6,125.3265
1771284600000,68611.6,68701.8,68578.9,68643.2,77.4955
1771285500000,68643.2,68952,68643.2,68855.7,477.8385
1771286400000,68855.7,68875,68718.2,68859.6,159.5696
1771287300000,68859.6,68897,68659.5,68840.7,180.421
1771288200000,68840.7,68924.7,68793.3,68836.1,221.9566
1771289100000,68836.1,69026.5,68799.6,68841.7,305.3401
1771290000000,68841.7,68964,68743.6,68892.8,236.2287
1771290900000,68892.8,68923,68798.8,68826.7,151.1847
1771291800000,68826.7,68959.9,68785,68816.4,83.5154
1771292700000,68816.4,68849.9,68526.7,68574.5,298.5439
1771293600000,68574.5,69250.3,68332.3,69089.6,1355.7722
1771294500000,69089.6,69148.7,68956,69010.1,413.2265
1771295400000,69010.1,69042.6,68870.6,68913.2,174.6397
1771296300000,68913.2,69007,68797,68797,180.2098
1771297200000,68797,68822.5,68600,68691.8,366.9354
1771298100000,68691.8,68730,68551.5,68612.4,168.3629
1771299000000,68612.4,68629,68452.2,68537.6,274.6168
1771299900000,68537.6,68551.7,68440,68443.5,166.7809
1771300800000,68443.5,68595.7,68359.9,68550.2,253.4759
1771301700000,68550.2,68681.6,68450,68571.1,172.7344
1771302600000,68571.1,68571.1,68251.8,68396,311.2935
1771303500000,68396,68470.4,68351.6,68451.6,96.3778
1771304400000,68451.6,68479.9,68302.2,68317.8,102.2905
1771305300000,68317.8,68333.9,67903.8,68020.1,941.6895
1771306200000,68020.1,68165.3,67860.1,68128.9,462.9816
1771307100000,68128.9,68251.4,68080,68210.8,232.6105
1771308000000,68210.8,68423.3,68203.8,68340,275.9782
1771308900000,68340,68441.6,68266.6,68401.5,106.3282
1771309800000,68401.5,68494.1,68356.7,68417.6,104.5959
1771310700000,68417.6,68446.5,68369.1,68369.4,63.9843
1771311600000,68369.4,68373.8,68239.3,68285.6,130.2623
1771312500000,68285.6,68357.5,68170,68177.9,116.3322
1771313400000,68177.9,68446.2,68129.8,68380.4,230.2912
1771314300000,68380.4,68444.4,68342.1,68351.4,178.8485
1771315200000,68351.4,68445.8,68336.2,68358.9,95.4203
1771316100000,68358.9,68358.9,68237.3,68261.7,181.7851
1771317000000,68261.7,68323.7,68112,68192.9,196.9604
1771317900000,68192.9,68233,68085.8,68140.7,135.5
1771318800000,68140.7,68277,68028.4,68072.5,228.1219
1771319700000,68072.5,68134.6,67955.5,67998.9,225.2234
1771320600000,67998.9,68073.3,67968.3,68043.2,224.2603
1771321500000,68043.2,68141.1,68015,68096,192.7329
1771322400000,68096,68169.7,68041.2,68101.1,155.754
1771323300000,68101.1,68101.1,67765,67879.1,550.5262
1771324200000,67879.1,67916.3,67722,67751.2,371.1841
1771325100000,67751.2,67828.3,67661.1,67821,253.1878
1771326000000,67821,67888.9,67656.6,67863.3,276.9097
1771326900000,67863.3,67915,67700,67873.2,321.7053
1771327800000,67873.2,67888.2,67707.5,67711.7,152.7871
1771328700000,67711.7,67879.8,67688,67825.3,177.7268
1771329600000,67825.3,68137.1,67801,68043,529.1673
1771330500000,68043,68133.9,67981,68074.8,275.3126
1771331400000,68074.8,68279.3,68058.1,68150,409.2636
1771332300000,68150,68156.9,67817.7,67888.6,589.8714
1771333200000,67888.6,68088.5,67704.5,68068.1,682.6333
1771334100000,68068.1,68331.1,67955.9,68091.4,619.4078
1771335000000,68091.4,68093.1,67921.8,67991.5,275.0696
1771335900000,67991.5,68328.1,67959.5,68103.6,620.6105
1771336800000,68103.6,68306,68019.4,68071.1,378.932
1771337700000,68071.1,68159.3,67950,67992.5,293.3214
1771338600000,67992.5,68227.5,66921.5,67074.1,2853.2037
1771339500000,67074.1,67095.4,66704.2,66853.5,2091.2661
1771340400000,66853.5,67185.1,66783.6,66783.6,1189.7237
1771341300000,66783.6,67143.3,66710,66822,893.5696
1771342200000,66822,66983.5,66577,66983.5,1042.0435
1771343100000,66983.5,67385,66964.3,67363.9,1253.8405
1771344000000,67363.9,67942.1,67290,67708.5,1740.5826
1771344900000,67708.5,67914.3,67476.4,67498.5,664.6956
1771345800000,67498.5,68128.6,67382.7,67667.4,1056.5633
1771346700000,67667.4,67764.6,67465.1,67485.6,516.5545
1771347600000,67485.6,67694.6,67040,67230.3,805.973
1771348500000,67230.3,67439.4,67160,67435.6,400.9444
1771349400000,67435.6,67463.4,66933,66970.2,999.465
1771350300000,66970.2,67279.2,66850,67216.6,457.9841
1771351200000,67216.6,67364.7,67095.9,67320.4,163.7378
1771352100000,67320.4,67790.5,67207.9,67711,784.9544
1771353000000,67711,68099.8,67653.6,67935.3,658.7676
1771353900000,67935.3,68220.1,67811,68055.3,634.9532
1771354800000,68055.3,68164.5,67948.5,68134.6,313.7889
1771355700000,68134.6,68200,67818.5,67843.8,406.2756
1771356600000,67843.8,67960.1,67754,67955.5,307.5585
1771357500000,67955.5,68033.7,67695,67761.4,199.0686
1771358400000,67761.4,67815.4,67510,67570.8,398.5509
1771359300000,67570.8,67763.9,67450,67707.8,564.203
1771360200000,67707.8,67924.5,67503.5,67813.9,486.5691
1771361100000,67813.9,67856.4,67656.1,67718.1,268.7133
1771362000000,67718.1,67861.3,67625.1,67852.3,257.8183
1771362900000,67852.3,67902.9,67537.5,67555.7,171.8463
1771363800000,67555.7,67578,67493.7,67559.9,125.711
1771364700000,67559.9,67652.9,67531.5,67645.2,129.038
1771365600000,67645.2,67657.6,67478.7,67558.4,182.1111
1771366500000,67558.4,67675.2,67489.4,67674.9,253.052
1771367400000,67674.9,67756.4,67582,67590.7,140.5582
1771368300000,67590.7,67615,67467,67493.1,114.2264
1771369200000,67493.1,67530.6,67351.3,67435.5,508.2342
1771370100000,67435.5,67586.3,67400.5,67407,197.067
1771371000000,67407,67505.3,67351.8,67495,125.7052
1771371900000,67495,67550.4,67453.4,67474.5,51.0995
1771372800000,67474.5,67594,67463.5,67585.5,65.7398
1771373700000,67585.5,67592.6,67407.9,67463.3,154.8846
1771374600000,67463.3,67578.3,67419.4,67419.4,135.9063
1771375500000,67419.4,67419.5,67253.5,67265.1,320.8672
1771376400000,67265.1,67343.4,67011.4,67066.6,460.8158
1771377300000,67066.6,67203.9,67010,67015.5,230.1112
1771378200000,67015.5,67165.1,66853.2,67138.4,630.0034
1771379100000,67138.4,67166.7,67025.9,67136.2,246.3134
1771380000000,67136.2,67368.9,67118.4,67244.8,501.6073
1771380900000,67244.8,67295.8,67178.5,67184.6,333.2315
1771381800000,67184.6,67390.6,67172.5,67332.6,280.5777
1771382700000,67332.6,67342.7,67229,67299.9,143.1775
1771383600000,67299.9,67442.6,67299,67383.3,215.0237
1771384500000,67383.3,67520.8,67371.4,67504.7,167.1517
1771385400000,67504.7,67619.7,67473.4,67590.9,257.1932
1771386300000,67590.9,67676.2,67536.7,67587.1,182.45
1771387200000,67587.1,67680,67460.3,67530.3,295.8067
1771388100000,67530.3,67642.5,67521.1,67639.7,170.0335
1771389000000,67639.7,67720.4,67594.8,67658,156.8104
1771389900000,67658,67860.7,67618.9,67788.6,220.3458
1771390800000,67788.6,67853.6,67709.2,67833.6,128.3196
1771391700000,67833.6,67899.9,67639,67693.2,449.2243
1771392600000,67693.2,67725.5,67579,67610.5,214.5838
1771393500000,67610.5,67696.4,67565,67609.8,138.5015
1771394400000,67609.8,67760.3,67572.1,67760.2,180.1276
1771395300000,67760.2,67863.9,67703.3,67836.5,142.1529
1771396200000,67836.5,67927.3,67786.3,67872.6,157.1048
1771397100000,67872.6,67952.6,67778.2,67808.1,153.0933
1771398000000,67808.1,67849.2,67706.5,67720,87.9688
1771398900000,67720,67747.7,67655.6,67711.8,111.7773
1771399800000,67711.8,68077.1,67711.7,68030.7,434.8606
1771400700000,68030.7,68186,67985.9,68077,467.9872
1771401600000,68077,68239,68055.4,68183.1,306.1918
1771402500000,68183.1,68430,68161.4,68239,818.6881
1771403400000,68239,68259.2,68085.7,68130.2,337.0716
1771404300000,68130.2,68179,68019.9,68090.4,401.9545
1771405200000,68090.4,68176.9,67960,68151.6,351.3528
1771406100000,68151.6,68216.4,68110,68110,344.4826
1771407000000,68110,68246.7,68087.3,68241.3,277.3364
1771407900000,68241.3,68241.4,68104.8,68117.6,197.3407
1771408800000,68117.6,68147.6,68037.4,68129.7,122.3959
1771409700000,68129.7,68129.7,67930.4,68005.5,207.469
1771410600000,68005.5,68005.5,67676.8,67745.6,562.3297
1771411500000,67745.6,67817.2,67714,67766.9,334.3967
1771412400000,67766.9,67770.1,67030.4,67352.1,1483.2307
1771413300000,67352.1,67471,67200,67417.5,705.8758
1771414200000,67417.5,67561.2,67379.2,67520.2,394.3413
1771415100000,67520.2,67567.3,67328.5,67340.4,308.5864
1771416000000,67340.4,67663.5,67333.8,67557,386.1708
1771416900000,67557,67616.1,67457.4,67533,154.9603
1771417800000,67533,67554.3,67307.7,67510.9,285.6025
1771418700000,67510.9,67566.7,67414.7,67429.2,202.0124
1771419600000,67429.2,67555.9,67344.6,67505,260.1321
1771420500000,67505,67565.4,67380.1,67449,178.6722
1771421400000,67449,67464.4,67190.6,67263.6,440.9901
1771422300000,67263.6,67299.6,67000,67214.7,776.8063
1771423200000,67214.7,67336.8,67191.4,67257.3,565.6613
1771424100000,67257.3,67277.2,67034.8,67054.9,336.349
1771425000000,67054.9,67311.1,66949.9,67124.6,868.3673
1771425900000,67124.6,67289.4,66684.8,67194.9,1548.4518
1771426800000,67194.9,67529.6,67162.6,67347.3,1316.9947
1771427700000,67347.3,67497.2,67279.1,67288,1196
1771428600000,67288,68322,67265,68077.2,2777.7586
1771429500000,68077.2,68087.1,67583.3,67667.4,1491.1316
1771430400000,67667.4,67679.3,66961.4,67042.1,1594.8565
1771431300000,67042.1,67342.9,66970,67235.8,1047.7854
1771432200000,67235.8,67308.7,67007.8,67202.1,375.4348
1771433100000,67202.1,67248.9,67002.7,67107.1,510.0279
1771434000000,67107.1,67460,67021,67052.2,894.6263
1771434900000,67052.2,67169.9,67024.9,67108.4,573.5816
1771435800000,67108.4,67221.5,67058.2,67075.6,224.3475
1771436700000,67075.6,67208.5,67060,67159.1,231.5639
1771437600000,67159.1,67203.2,67058,67099,138.6694
1771438500000,67099,67149,66607,66848.3,1129.977
1771439400000,66848.3,66916.3,66267,66312.9,1380.9259
1771440300000,66312.9,66521.6,66133,66331.4,1210.2946
1771441200000,66331.4,66593.6,66271.2,66340.1,519.4424
1771442100000,66340.1,66449.7,66072,66247.5,1038.4806
1771443000000,66247.5,66286.7,65830,66130.1,1348.3287
1771443900000,66130.1,66342.5,66024.3,66145.9,1058.8836
1771444800000,66145.9,66330,66102.8,66223,549.7227
1771445700000,66223,66347.2,66122.5,66271,357.9735
1771446600000,66271,66520.8,66263.7,66388.7,853.1816
1771447500000,66388.7,66492.6,66116.2,66241.6,1212.3237
1771448400000,66241.6,66318.2,66033.4,66174.3,480.6168
1771449300000,66174.3,66384.6,66169,66384.5,178.6865
1771450200000,66384.5,66477,66319.2,66405.6,312.8422
1771451100000,66405.6,66439.8,66232.8,66304.9,784.4161
1771452000000,66304.9,66375.9,66200.1,66234.1,148.9996
1771452900000,66234.1,66349.9,66205.2,66287.1,227.4788
1771453800000,66287.1,66440,66287.1,66368.3,148.3695
1771454700000,66368.3,66453.6,66365.7,66387.3,107.9077
1771455600000,66387.3,66431.7,66250,66363.2,207.6244
1771456500000,66363.2,66378.5,66260,66298.1,87.2008
1771457400000,66298.1,66463.5,66298,66443.3,162.4002
1771458300000,66443.3,66482.8,66400,66432.8,103.7247
1771459200000,66432.8,66579.5,66370.2,66388.8,451.3264
1771460100000,66388.8,66517.4,66319.7,66378.8,253.6673
1771461000000,66378.8,66531.5,66330.1,66504.1,155.9249
1771461900000,66504.1,66535.5,66361.7,66422,139.8521
1771462800000,66422,66744,66417.9,66677.5,424.0585
1771463700000,66677.5,66720.9,66504,66676.8,422.974
1771464600000,66676.8,66799.9,66602,66770.1,449.5804
1771465500000,66770.1,66850.3,66719.4,66838,167.7497
1771466400000,66838,66848.9,66722.7,66800,380.2364
1771467300000,66800,66934.7,66777.4,66913.5,290.3641
1771468200000,66913.5,66915.9,66612,66638.6,483.8295
1771469100000,66638.6,66850,66638.6,66813.8,264.9669
1771470000000,66813.8,66865.1,66700,66774,180.8797
1771470900000,66774,66933.2,66774,66932.9,212.5568
1771471800000,66932.9,66933,66820,66884,178.2344
1771472700000,66884,66973.8,66825.4,66951.8,145.3814
1771473600000,66951.8,67048.2,66914.1,66964,364.6035
1771474500000,66964,66964,66823.3,66867.8,239.9988
1771475400000,66867.8,66923.2,66785.8,66793.8,240.0899
1771476300000,66793.8,66856,66735,66776.8,293.601
1771477200000,66776.8,66817.2,66653.2,66746.5,213.68
1771478100000,66746.5,66866.9,66660,66707.5,223.4578
1771479000000,66707.5,66786.5,66684.7,66740.6,152.1698
1771479900000,66740.6,66847.2,66693.5,66844.9,193.6725
1771480800000,66844.9,66975.2,66833.4,66967.5,269.21
1771481700000,66967.5,67187.6,66921.4,67139.5,756.505
1771482600000,67139.5,67272.7,67054.8,67063.8,952.8183
1771483500000,67063.8,67172.3,67059.1,67113.8,257.9379
1771484400000,67113.8,67171.4,66978.5,67100.6,547.3956
1771485300000,67100.6,67231.6,67100.6,67175.1,248.7694
1771486200000,67175.1,67293,67065.3,67149.1,441.4485
1771487100000,67149.1,67184.7,67101,67174.4,153.5276
1771488000000,67174.4,67174.4,66956.4,67024.5,840.6809
1771488900000,67024.5,67077.9,66835.4,66879.2,430.8043
1771489800000,66879.2,66919.5,66753,66895.1,438.4901
1771490700000,66895.1,66950,66800.2,66936.2,223.0745
1771491600000,66936.2,67013.5,66839.8,66994.4,279.8213
1771492500000,66994.4,67154.7,66954.8,67103.7,485.0494
1771493400000,67103.7,67113.6,67004.8,67039.3,253.795
1771494300000,67039.3,67044.2,66720.7,66799.9,580.2791
1771495200000,66799.9,66892.9,66710,66834.8,360.0168
1771496100000,66834.8,66905.6,66824.5,66828.4,101.3988
1771497000000,66828.4,66926.4,66770,66915.5,165.1202
1771497900000,66915.5,66915.5,66725.4,66805.3,204.1877
1771498800000,66805.3,66884.2,66786.1,66884.1,83.1412
1771499700000,66884.1,66900,66806.6,66809.1,113.0605
1771500600000,66809.1,66820.6,66619.5,66632,524.895
1771501500000,66632,66690.6,66435,66458.8,899.4765
1771502400000,66458.8,66550.7,66288,66534.9,640.553
1771503300000,66534.9,66651.5,66454.2,66634.8,482.9872
1771504200000,66634.8,66645.9,66425.2,66575.1,424.8481
1771505100000,66575.1,66600,66462.3,66485.4,145.3587
1771506000000,66485.4,66530.7,66179.1,66354.4,705.9642
1771506900000,66354.4,66385.5,66100.5,66138.8,893.2369
1771507800000,66138.8,66275.9,65886.5,65927.7,1360.6301
1771508700000,65927.7,65968.5,65722.5,65884,1049.8719
1771509600000,65884,66078.9,65801.3,66013.1,667.3016
1771510500000,66013.1,66036.5,65849.1,65949.4,351.7649
1771511400000,65949.4,66319.7,65593,66225.6,1597.5658
1771512300000,66225.6,66646,66066.1,66383.9,1774.3797
1771513200000,66383.9,66736.5,66004.6,66050.1,1492.796
1771514100000,66050.1,66362.2,65931.6,66018.7,951.2233
1771515000000,66018.7,66532.9,65933.1,66446.7,823.4745
1771515900000,66446.7,66576.1,66120.1,66371.2,661.9206
1771516800000,66371.2,66371.2,65858.1,66127.2,701.6972
1771517700000,66127.2,66390,66072.6,66157.6,531.0904
1771518600000,66157.6,66490,66157.5,66384.3,562.541
1771519500000,66384.3,66451.3,66163.8,66266.1,298.2612
1771520400000,66266.1,66660,66234.3,66627.7,382.233
1771521300000,66627.7,67030,66525.3,66588.5,1629.4541
1771522200000,66588.5,66697.3,66450,66577.9,577.4796
1771523100000,66577.9,66641.5,66138.5,66339,892.5735
1771524000000,66339,66628.8,66216.5,66600.7,648.4307
1771524900000,66600.7,66891.8,66447,66871.1,625.6766
1771525800000,66871.1,66998.9,66680.1,66972.6,516.1794
1771526700000,66972.6,67065.1,66855.6,66999.9,537.2231
1771527600000,66999.9,67173.9,66830.4,66872.9,723.3197
1771528500000,66872.9,67051,66812.1,66900.6,411.8782
1771529400000,66900.6,66927,66661,66842.5,429.0882
1771530300000,66842.5,67099.6,66750.1,67016.3,423.3792
1771531200000,67016.3,67090,66905,66946.5,257.0703
1771532100000,66946.5,66960.3,66781.4,66900,180.0802
1771533000000,66900,66999.9,66852,66907,158.3819
1771533900000,66907,67145.7,66907,67109.1,347.9848
1771534800000,67109.1,67132.8,66980,66980,166.7598
1771535700000,66980,67029.2,66947.4,66999,159.8223
1771536600000,66999,67039.3,66914.4,66918.5,86.5871
1771537500000,66918.5,66953.1,66860,66882.2,89.9401
1771538400000,66882.2,66894.1,66725.1,66862.6,392.8934
1771539300000,66862.6,66862.6,66730.5,66730.9,166.5562
1771540200000,66730.9,66818.8,66611.2,66812.5,381.0483
1771541100000,66812.5,66968.8,66724.1,66875.2,243.9663
1771542000000,66875.2,66947.9,66775.1,66812,147.5633
1771542900000,66812,66985.6,66812,66960,154.6434
1771543800000,66960,66960,66869.9,66929.4,77.2008
1771544700000,66929.4,66987.4,66873.8,66962.8,113.6404
1771545600000,66962.8,67185.3,66906.7,67152.7,492.9018
1771546500000,67152.7,67458.7,67105.8,67349.4,1212.6956
1771547400000,67349.4,67349.5,67214.3,67241.8,305.886
1771548300000,67241.8,67262,67168.8,67189.6,218.782
1771549200000,67189.6,67320.7,67179.9,67299.6,173.0698
1771550100000,67299.6,67299.6,67111,67178.4,212.0357
1771551000000,67178.4,67316.1,67153.3,67293.2,106.3479
1771551900000,67293.2,67293.3,67130.2,67236.6,188.5141
1771552800000,67236.6,67311.2,67207.6,67243.9,93.38
1771553700000,67243.9,67263.4,67133.6,67159.6,219.5432
1771554600000,67159.6,67279,67159.5,67267.9,203.7917
1771555500000,67267.9,67290.5,67200,67200,148.6376
1771556400000,67200,67276.6,67199.1,67233.5,50.1554
1771557300000,67233.5,67444.3,67201,67373.6,371.3375
1771558200000,67373.6,67450.1,67263.7,67284.9,390.9484
1771559100000,67284.9,67350,67248.1,67319.9,272.9236
1771560000000,67319.9,67348.7,67208.9,67283.5,475.0915
1771560900000,67283.5,67310,67070.6,67186.4,684.9961
1771561800000,67186.4,67289.8,67130,67264.3,208.8489
1771562700000,67264.3,67264.3,67179,67224.2,100.8785
1771563600000,67224.2,67237.1,67160.2,67210.5,68.183
1771564500000,67210.5,67410.6,67199.8,67365.6,257.5388
1771565400000,67365.6,67918.9,67365.5,67871.1,1991.7901
1771566300000,67871.1,67979,67684.6,67750,924.8162
1771567200000,67750,67856.2,67666.2,67816.6,418.0677
1771568100000,67816.6,67849.8,67630.1,67684.3,283.4921
1771569000000,67684.3,67813.4,67628.4,67716.2,341.9876
1771569900000,67716.2,67857.9,67679.1,67803.1,186.5733
1771570800000,67803.1,67823.8,67730,67782.7,155.4421
1771571700000,67782.7,67952.3,67782.7,67907.7,343.2507
1771572600000,67907.7,67911.3,67819,67838.8,129.3563
1771573500000,67838.8,67895.7,67724.7,67789.9,297.2924
1771574400000,67789.9,67861.5,67758.5,67828.6,125.8812
1771575300000,67828.6,67911.4,67794.9,67824.1,131.21
1771576200000,67824.1,67857,67704.1,67744.6,216.5753
1771577100000,67744.6,67860,67730.2,67834.6,139.9198
1771578000000,67834.6,68171.6,67833.3,68083.7,1307.9095
1771578900000,68083.7,68157,68053.9,68147.9,334.3404
1771579800000,68147.9,68184,68063.8,68087.7,405.2472
1771580700000,68087.7,68182,68080.7,68163,190.1584
1771581600000,68163,68266.8,68037.1,68123.6,688.5587
1771582500000,68123.6,68250.2,68070.4,68203.7,489.6444
1771583400000,68203.7,68239.7,68094.2,68108.4,176.9386
1771584300000,68108.4,68152.8,67770.1,67904.5,1233.0394
1771585200000,67904.5,67937.6,67734,67827.7,530.7765
1771586100000,67827.7,67847.7,67740.4,67838.1,396.2719
1771587000000,67838.1,67856.6,67385,67413.2,1228.7956
1771587900000,67413.2,67576.4,67237.4,67295.7,1330.1045
1771588800000,67295.7,67489,67236.4,67447,820.1733
1771589700000,67447,67501.6,67232.2,67290.8,671.3104
1771590600000,67290.8,67470.9,67273.2,67445.2,374.9645
1771591500000,67445.2,67567.1,67425.1,67510.1,350.9969
1771592400000,67510.1,67514.2,67048.9,67111.5,1724.2944
1771593300000,67111.5,67234.5,66946.8,67176.7,810.3159
1771594200000,67176.7,67182.7,66428,66602,3429.6581
1771595100000,66602,66929.2,66591.9,66787,1331.4886
1771596000000,66787,66993.3,66751.6,66903.3,524.5968
1771596900000,66903.3,67060,66640,66968,902.5224
1771597800000,66968,67312.4,66828,67048,1253.0945
1771598700000,67048,67130.4,66850.3,67048.3,452.246
1771599600000,67048.3,68078.9,66830.1,66858.7,4040.1267
1771600500000,66858.7,67555.7,66511.5,67421.1,2138.63
1771601400000,67421.1,67448.9,66899.7,67193.5,963.8264
1771602300000,67193.5,67648.4,67121.2,67547.3,1168.4106
1771603200000,67547.3,67770.6,67466.8,67698.8,1055.8947
1771604100000,67698.8,67891.2,67263.1,67289.4,1244.0079
1771605000000,67289.4,67506.4,67253.5,67468.4,655.9555
1771605900000,67468.4,67887.3,67452.9,67763.3,615.8434
1771606800000,67763.3,67763.4,67021.1,67041.1,1656.3929
1771607700000,67041.1,67232.8,66981.5,67000.9,886.1588
1771608600000,67000.9,67291.8,66916.4,67208.7,578.6525
1771609500000,67208.7,67671.4,67089,67578.6,1953.5578
1771610400000,67578.6,67757.2,67452,67547.4,506.3446
1771611300000,67547.4,67665.3,67427.1,67631.5,300.5704
1771612200000,67631.5,67977.7,67495.6,67761.7,851.5859
1771613100000,67761.7,67947.8,67645.8,67890.3,604.1332
1771614000000,67890.3,67976.5,67634.5,67675,610.3497
1771614900000,67675,67765.4,67511,67587.7,270.4884
1771615800000,67587.7,67799.7,67513.3,67574.9,219.2923
1771616700000,67574.9,67674.7,67527.6,67611.5,208.5034
1771617600000,67611.5,67795.5,67600,67773.9,147.5914
1771618500000,67773.9,67773.9,67524.1,67540.6,134.9024
1771619400000,67540.6,67695.6,67483,67691.1,260.7307
1771620300000,67691.1,67729.1,67585,67711.6,100.4361
1771621200000,67711.6,67762.5,67593.9,67682.2,184.5979
1771622100000,67682.2,67718.2,67623.9,67710.5,39.5493
1771623000000,67710.5,67800,67661,67719.3,103.2729
1771623900000,67719.3,67792.6,67680.1,67785.1,103.1994
1771624800000,67785.1,67786.1,67604.9,67626,241.0328
1771625700000,67626,67967.6,67626,67900.3,414.3111
1771626600000,67900.3,68094.7,67850,67929,594.4585
1771627500000,67929,68070,67884.5,68041.9,238.2373
1771628400000,68041.9,68216.6,67974,67990.2,480.3506
1771629300000,67990.2,68021.5,67919.9,67960.1,198.7366
1771630200000,67960.1,67999.9,67873.7,67936.5,138.2821
1771631100000,67936.5,67999.9,67922,67977.8,111.3418
1771632000000,67977.8,68013.9,67900,67972.2,125.1797
1771632900000,67972.2,67979,67843.1,67887,129.9823
1771633800000,67887,67911.7,67806.4,67806.5,112.1213
1771634700000,67806.5,67836.1,67733,67801.2,191.4367
1771635600000,67801.2,67893.9,67801.2,67893.8,92.8373
1771636500000,67893.8,67893.8,67821.3,67821.3,44.3755
1771637400000,67821.3,67967.2,67821.3,67938.9,103.8102
1771638300000,67938.9,67967.2,67908.2,67909.9,50.7686
1771639200000,67909.9,67990.7,67870.7,67951,82.7287
1771640100000,67951,68034.9,67941,68027.9,96.3472
1771641000000,68027.9,68065.8,67984,68040,113.8387
1771641900000,68040,68040,67950.9,67966.2,52.331
1771642800000,67966.2,67966.2,67635.9,67728.1,485.5482
1771643700000,67728.1,67791.6,67700.7,67765.2,112.0533
1771644600000,67765.2,67804.5,67500.1,67589.5,495.519
1771645500000,67589.5,67638.3,67552,67635.7,174.9186
1771646400000,67635.7,67668.4,67570,67622.4,303.6756
1771647300000,67622.4,67688.7,67556.4,67684.4,263.4871
1771648200000,67684.4,67731.1,67650.1,67663.6,147.7803
1771649100000,67663.6,67820,67663.6,67785,140.6018
1771650000000,67785,67854.6,67785,67809.3,128.6007
1771650900000,67809.3,67841.8,67786.9,67829.8,79.627
1771651800000,67829.8,67853.3,67751.4,67821.5,140.0325
1771652700000,67821.5,67833.7,67786.2,67823.3,48.7117
1771653600000,67823.3,67891.5,67810.7,67885.7,146.7085
1771654500000,67885.7,67885.8,67834.9,67834.9,49.7888
1771655400000,67834.9,67834.9,67710.2,67746.6,144.8138
1771656300000,67746.6,67759,67717.1,67758.1,91.5057
1771657200000,67758.1,67817,67711.4,67793.1,70.5229
1771658100000,67793.1,67826.9,67793.1,67820.2,34.4772
1771659000000,67820.2,67848.6,67784.7,67799,64.0927
1771659900000,67799,67827.5,67798.1,67817.9,46.7317
1771660800000,67817.9,67870.8,67777,67870.1,92.5307
1771661700000,67870.1,67957.6,67870,67937.9,199.9971
1771662600000,67937.9,67976,67902.4,67960.7,202.4863
1771663500000,67960.7,68042.5,67925,68013.7,200.2555
1771664400000,68013.7,68037.2,67935,67955.9,182.9674
1771665300000,67955.9,68243.5,67955.9,68197.6,755.7113
1771666200000,68197.6,68277,68091,68151.1,705.7592
1771667100000,68151.1,68180.1,68100,68105.9,158.9476
1771668000000,68105.9,68206.9,68105.9,68144.1,359.886
1771668900000,68144.1,68184.9,68108,68155.8,134.1715
1771669800000,68155.8,68199.9,68145.8,68194.6,140.8984
1771670700000,68194.6,68199,68125.1,68174,72.2452
1771671600000,68174,68230,68166.1,68230,231.8666
1771672500000,68230,68241.5,68135,68141,191.5084
1771673400000,68141,68159.8,68043,68057.4,487.4112
1771674300000,68057.4,68093.7,68042,68055.7,243.6459
1771675200000,68055.7,68099,67923,67953.6,367.4535
1771676100000,67953.6,67982.9,67918,67928.9,165.243
1771677000000,67928.9,68008.5,67870.2,67995.1,224.3236
1771677900000,67995.1,68183.7,67995.1,68173.3,408.3222
1771678800000,68173.3,68173.5,68089.9,68112.2,163.5171
1771679700000,68112.2,68221.3,68066.4,68203,236.3206
1771680600000,68203,68209.9,68135,68135,114.7264
1771681500000,68135,68229.9,68128.4,68222.8,204.4945
1771682400000,68222.8,68230,68140,68229.9,204.2392
1771683300000,68229.9,68600,68186.8,68402.4,1968.4416
1771684200000,68402.4,68595.1,68382.9,68495,765.1629
1771685100000,68495,68542.9,68388.7,68405.7,272.8277
1771686000000,68405.7,68479.6,68375.1,68449.5,474.9617
1771686900000,68449.5,68534.8,68408.7,68412.1,314.7645
1771687800000,68412.1,68665,68371.1,68585.8,659.7302
1771688700000,68585.8,68662.2,68546.8,68564.6,335.0497
1771689600000,68564.6,68588.2,68261.8,68319,835.4817
1771690500000,68319,68319,68060,68233.8,944.4534
1771691400000,68233.8,68325.5,68100,68319.1,204.7917
1771692300000,68319.1,68327,68268.4,68287.2,93.4068
1771693200000,68287.2,68316.2,68154.6,68230,158.1593
1771694100000,68230,68287.8,68159.9,68247.4,122.6592
1771695000000,68247.4,68436,68232.4,68393,210.5686
1771695900000,68393,68430.5,68349.9,68398.9,114.2834
1771696800000,68398.9,68412,68340.4,68370.9,107.5756
1771697700000,68370.9,68524.8,68370.9,68455.5,252.5144
1771698600000,68455.5,68550,68455.5,68517.8,201.0194
1771699500000,68517.8,68615.5,68458.1,68537,213.6884
1771700400000,68537,68629.8,68485.5,68548.7,96.9664
1771701300000,68548.7,68590,68502.9,68535.5,54.2293
1771702200000,68535.5,68610,68525.8,68590.3,51.2184
1771703100000,68590.3,68590.4,68484.7,68507.6,67.899
1771704000000,68507.6,68513.7,68442,68457.5,91.736
1771704900000,68457.5,68565.3,68452.4,68524.5,114.9291
1771705800000,68524.5,68535.9,68295.4,68350,336.5039
1771706700000,68350,68382.5,68111.4,68183.1,326.8755
1771707600000,68183.1,68312,68140.7,68256.7,140.5497
1771708500000,68256.7,68343.7,68239.8,68311.4,85.6876
1771709400000,68311.4,68348.3,68248.4,68249.5,51.2413
1771710300000,68249.5,68356.7,68248,68346.4,51.9993
1771711200000,68346.4,68394.1,68185,68220.9,156.453
1771712100000,68220.9,68288,68201,68226.7,70.1089
1771713000000,68226.7,68250.3,67926.4,68064.4,526.2261
1771713900000,68064.4,68145.2,67803.2,67930.1,543.4358
1771714800000,67930.1,67988.6,67901.8,67908.2,256.9618
1771715700000,67908.2,68058.3,67908.2,68038.2,165.3879
1771716600000,68038.2,68084,68024.2,68024.3,92.3641
1771717500000,68024.3,68025.9,67918.3,67935.6,179.2932
1771718400000,67935.6,68002.6,67896.1,67980.2,114.2605
1771719300000,67980.2,68030.4,67752.3,67823,483.0594
1771720200000,67823,67895.6,67805.5,67810,237.8122
1771721100000,67810,67935,67810,67911.6,145.874
1771722000000,67911.6,68047.6,67907.4,68000,229.1839
1771722900000,68000,68082.2,67975.5,68082.1,156.7143
1771723800000,68082.1,68129.4,68007.7,68093.4,228.7826
1771724700000,68093.4,68146.6,68069.6,68129.4,107.4739
1771725600000,68129.4,68199.3,68086.1,68184,157.0867
1771726500000,68184,68184,68020,68020,122.9181
1771727400000,68020,68084.6,67950,67953.6,302.1101
1771728300000,67953.6,68007.2,67830.3,67879.4,316.5008
1771729200000,67879.4,68008,67873,67986.8,163.6077
1771730100000,67986.8,68020.6,67795.9,67936.2,352.203
1771731000000,67936.2,67969.8,67868.9,67958.8,197.8306
1771731900000,67958.8,68047.5,67910.9,68017.8,165.3472
1771732800000,68017.8,68060,68000.3,68039.6,99.0378
1771733700000,68039.6,68040,67937.7,67982.5,94.9573
1771734600000,67982.5,68023.4,67936.6,67960.3,62.7347
1771735500000,67960.3,67985,67946.1,67957.8,59.7989
1771736400000,67957.8,67988.2,67859.4,67888.8,212.5114
1771737300000,67888.8,67941.7,67876.8,67920,69.6657
1771738200000,67920,67925.1,67899.6,67914.1,49.6245
1771739100000,67914.1,67949.8,67852,67949.8,99.3309
1771740000000,67949.8,68029.8,67940.2,68018.4,153.9758
1771740900000,68018.4,68179.9,67991.2,68088.7,287.8388
1771741800000,68088.7,68146,68024.3,68027.7,170.8887
1771742700000,68027.7,68059.9,68007.6,68007.7,108.1972
1771743600000,68007.7,68011.7,67960.3,68010.7,133.1365
1771744500000,68010.7,68016,67977.2,68000.1,83.5198
1771745400000,68000.1,68073.5,67991.2,68063.8,110.9788
1771746300000,68063.8,68063.8,67972.8,67977.6,82.8672
1771747200000,67977.6,67996.5,67952.6,67952.6,110.7705
1771748100000,67952.6,67989.4,67881.6,67936.3,170.7403
1771749000000,67936.3,67967.9,67904.2,67930.5,72.3339
1771749900000,67930.5,67970,67930,67930.1,62.8936
1771750800000,67930.1,68015,67930,68014.9,87.4715
1771751700000,68014.9,68030,67985.9,67997.6,75.6693
1771752600000,67997.6,68023,67957.6,68022.9,62.5176
1771753500000,68022.9,68080,68022.9,68023.7,109.9738
1771754400000,68023.7,68027.3,67982.5,68015.6,109.2664
1771755300000,68015.6,68105,67995.1,68061.9,118.3501
1771756200000,68061.9,68128.8,68039.8,68065,121.9697
1771757100000,68065,68126.9,68063.3,68099.9,101.1559
1771758000000,68099.9,68232.2,68099.9,68184.1,387.9802
1771758900000,68184.1,68222,68165.6,68197.8,120.369
1771759800000,68197.8,68206.3,68119.9,68157.5,106.0748
1771760700000,68157.5,68189.2,68153.1,68189.1,72.931
1771761600000,68189.1,68204.1,67947.9,67984.1,579.9876
1771762500000,67984.1,68066.3,67940.2,68048.1,238.9872
1771763400000,68048.1,68048.1,67859.7,67860.7,392.4793
1771764300000,67860.7,67953.9,67837.9,67898.1,162.0994
1771765200000,67898.1,67996.6,67898,67964.4,154.5832
1771766100000,67964.4,68015.3,67887.5,67898.5,186.2794
1771767000000,67898.5,67939.7,67544.9,67614.8,1608.3667
1771767900000,67614.8,67689.9,67567.6,67629.6,472.8989
1771768800000,67629.6,67648.1,67450,67625,821.8366
1771769700000,67625,67660,67550,67604.6,350.9634
1771770600000,67604.6,67661.5,67360.2,67423.4,552.6349
1771771500000,67423.4,67553.1,67320.9,67424.9,819.8817
1771772400000,67424.9,67473.4,67281.5,67399.1,493.9666
1771773300000,67399.1,67591.9,67319.6,67578.7,489.895
1771774200000,67578.7,67799.7,67521,67763.6,800.5199
1771775100000,67763.6,67792,67641.5,67659.9,302.7826
1771776000000,67659.9,67699.4,67557.7,67559.2,288.0007
1771776900000,67559.2,67617.5,67512.7,67515,381.9442
1771777800000,67515,67556.8,67489.8,67548.6,170.9011
1771778700000,67548.6,67626,67547,67608.3,121.7441
1771779600000,67608.3,67609.9,67506.5,67549,204.8343
1771780500000,67549,67554.1,67467.4,67467.4,219.3126
1771781400000,67467.4,67515.1,67160.2,67243.3,876.8294
1771782300000,67243.3,67385,67243.3,67371.1,314.9188
1771783200000,67371.1,67410,67309.7,67379.7,132.433
1771784100000,67379.7,67445,67302.1,67320.7,115.062
1771785000000,67320.7,67374.4,67292.8,67353.1,48.8156
1771785900000,67353.1,67438.5,67353.1,67406,54.794
1771786800000,67406,67469.6,67382.4,67389.4,53.1163
1771787700000,67389.4,67442.4,67382.8,67414.4,36.437
1771788600000,67414.4,67464.8,67388.1,67463.1,63.7968
1771789500000,67463.1,67463.6,67396.6,67408.5,35.3221
1771790400000,67408.5,67441.4,67340.3,67366,59.0106
1771791300000,67366,67470.9,67366,67430.4,119.633
1771792200000,67430.4,67435.8,67378.1,67388.8,59.3708
1771793100000,67388.8,67473.2,67330.1,67388.5,255.5318
1771794000000,67388.5,67458.4,67388.4,67430,40.8583
1771794900000,67430,67499.4,67430,67442.1,82.4834
1771795800000,67442.1,67613.5,67442.1,67575,241.9852
1771796700000,67575,67625,67561.7,67587.9,127.5122
1771797600000,67587.9,67588,67463,67485.3,242.6517
1771798500000,67485.3,67676.3,67485.3,67573.2,208.5199
1771799400000,67573.2,67693.6,67520,67654.4,338.9469
1771800300000,67654.4,67730.6,67628,67636.5,324.5925
1771801200000,67636.5,67699.4,67459.7,67474.6,235.8782
1771802100000,67474.6,67596.5,67450,67580,209.8515
1771803000000,67580,67580,67459.4,67483.3,107.0978
1771803900000,67483.3,67697.5,67466.6,67615.3,329.3016
1771804800000,67615.3,67661.1,67567.1,67600.6,139.4898
1771805700000,67600.6,67601.1,67374.1,67444.6,275.1516
1771806600000,67444.6,67444.6,67133.7,67165.1,689.5776
1771807500000,67165.1,67165.1,66690,66713.2,1529.7722
1771808400000,66713.2,66713.3,65206.8,65457.6,5443.5306
1771809300000,65457.6,65481.8,64941.3,65025.7,2327.1886
1771810200000,65025.7,65384.8,64981.9,65104.8,1045.0845
1771811100000,65104.8,65146.8,64250.8,64406.7,3937.0306
1771812000000,64406.7,64780,64300,64734.8,1135.6874
1771812900000,64734.8,64795.3,64500,64736.7,520.8724
1771813800000,64736.7,64896.5,64660.4,64822.8,580.356
1771814700000,64822.8,64870.2,64683.8,64765.1,489.9756
1771815600000,64765.1,65059.7,64749.6,64918.9,595.3196
1771816500000,64918.9,64919,64671.9,64749.2,419.7449
1771817400000,64749.2,64994.5,64700,64994.4,323.5211
1771818300000,64994.4,64994.9,64883.7,64917.1,199.9971
1771819200000,64917.1,65018.9,64803,64998.7,464.5579
1771820100000,64998.7,64998.7,64691.5,64754.9,301.7121
1771821000000,64754.9,64799.8,64653,64711.2,230.898
1771821900000,64711.2,64809.8,64688.9,64796.7,116.1564
1771822800000,64796.7,65173,64793,65072.3,768.8269
1771823700000,65072.3,65223,64895,65026.3,809.8914
1771824600000,65026.3,65110,64991.8,65004.1,227.718
1771825500000,65004.1,65069.5,64938.6,65048.6,200.0937
1771826400000,65048.6,65364.6,65008,65339.5,561.2999
1771827300000,65339.5,65438.3,65280.3,65285.7,495.8169
1771828200000,65285.7,65655.2,65261.1,65512,901.867
1771829100000,65512,65783,65500.6,65729.1,700.7672
1771830000000,65729.1,65874.9,65662.9,65754.4,1167.4032
1771830900000,65754.4,65800,65613.1,65656.6,637.085
1771831800000,65656.6,65983.5,65651,65914.1,812.3733
1771832700000,65914.1,65950,65858,65917.3,268.8051
1771833600000,65917.3,65921.4,65666.5,65818,601.3001
1771834500000,65818,65845.3,65562,65650.1,438.3985
1771835400000,65650.1,65701.8,65541.2,65583.9,299.4747
1771836300000,65583.9,65666,65533,65644,424.7886
1771837200000,65644,65800,65643.1,65785.1,276.0186
1771838100000,65785.1,65846.9,65675.9,65810.4,241.9612
1771839000000,65810.4,66303.8,65789.5,66246.6,1472.694
1771839900000,66246.6,66430.7,66208.3,66369.9,708.4793
1771840800000,66369.9,66575.3,66267.2,66279.9,839.8908
1771841700000,66279.9,66470,66230,66323.7,378.3539
1771842600000,66323.7,66346.1,66165.5,66300,269.8466
1771843500000,66300,66375,66211,66284.9,239.4779
1771844400000,66284.9,66352.9,66214.9,66338.8,138.3098
1771845300000,66338.8,66454.3,66275,66284.8,248.8653
1771846200000,66284.8,66292.5,66074.8,66092.7,420.3897
1771847100000,66092.7,66189.6,66074.7,66172.8,208.212
1771848000000,66172.8,66223.5,66123,66183.1,155.954
1771848900000,66183.1,66207,65984.7,66105.3,412.6917
1771849800000,66105.3,66469.1,65852.6,66386.6,946.7557
1771850700000,66386.6,66482.6,66176.8,66243.4,320.4634
1771851600000,66243.4,66352.5,66165.7,66179.3,255.5516
1771852500000,66179.3,66225.8,66085,66191.5,281.8224
1771853400000,66191.5,66394.6,66103.3,66316.2,353.5934
1771854300000,66316.2,66338.8,66061.2,66095.2,487.0058
1771855200000,66095.2,66234.3,66077.6,66214.6,214.3734
1771856100000,66214.6,66220,66007.7,66047.3,299.0676
1771857000000,66047.3,66186,65465.9,65800.1,1700.1984
1771857900000,65800.1,66081.6,65580,65886.1,1083.0012
1771858800000,65886.1,66049.7,65662.9,65922.8,697.2007
1771859700000,65922.8,66233.9,65718,65778.3,839.2189
1771860600000,65778.3,65911.6,65671,65768.8,334.9433
1771861500000,65768.8,65890,65542.8,65625.6,522.6532
1771862400000,65625.6,65661.1,65131.8,65197.8,1203.0945
1771863300000,65197.8,65646.6,65189.1,65599.7,746.184
1771864200000,65599.7,65699.9,65417.9,65546.3,384.8109
1771865100000,65546.3,65575,65260.7,65330.7,435.1811
1771866000000,65330.7,65424.2,65016.7,65056.6,578.0445
1771866900000,65056.6,65154.9,64539.3,64539.3,1995.528
1771867800000,64539.3,64663.9,64301,64439.5,1536.8059
1771868700000,64439.5,64786.4,64114.2,64786.4,1765.7584
1771869600000,64786.4,64842.8,64607.8,64749.9,545.2449
1771870500000,64749.9,64899.9,64575.4,64791.9,375.7555
1771871400000,64791.9,65149.3,64698.7,64861.7,667.2128
1771872300000,64861.7,64865.5,64550,64605.2,376.4558
1771873200000,64605.2,64825.4,64568,64671.9,388.0892
1771874100000,64671.9,64686.1,64315,64439.8,729.1333
1771875000000,64439.8,64525.9,64041.5,64201.9,1597.5981
1771875900000,64201.9,64348.3,64079.3,64274.2,842.4246
1771876800000,64274.2,64360,63882.1,63944.9,971.5278
1771877700000,63944.9,64173.4,63853.6,63979.8,853.9814
1771878600000,63979.8,64312.9,63968.1,64250,370.6606
1771879500000,64250,64468.9,64214.5,64454.6,652.2763
1771880400000,64454.6,64683.6,64432.5,64580,817.5797
1771881300000,64580,64631.2,64488.7,64531.9,189.7615
1771882200000,64531.9,64764.5,64501.1,64624,293.2813
1771883100000,64624,64700,64539.2,64560.5,169.1495
1771884000000,64560.5,64975.5,64534.5,64937.7,631.9027
1771884900000,64937.7,64994.3,64818.4,64915,281.5712
1771885800000,64915,64915,64726,64775.5,167.4032
1771886700000,64775.5,64850,64614,64697.6,233.3149
1771887600000,64697.6,64876.9,64672.1,64834.1,285.1208
1771888500000,64834.1,64874.2,64752.6,64811.7,81.7935
1771889400000,64811.7,64853.7,64566.8,64594.1,237.7023
1771890300000,64594.1,64660.3,64486.8,64627.9,224.7599
1771891200000,64627.9,64868.7,64627.8,64868.6,203.8071
1771892100000,64868.6,64986.9,64767.7,64837.6,270.4396
1771893000000,64837.6,64960.6,64800,64890.3,167.6116
1771893900000,64890.3,64974,64846.2,64909.7,84.2821
1771894800000,64909.7,64909.7,64202,64296.4,971.9647
1771895700000,64296.4,64510,63373.9,64402.7,4227.586
1771896600000,64402.7,64586.6,64035.1,64308.4,809.3177
1771897500000,64308.4,64382.8,64020.1,64128.2,408.9371
1771898400000,64128.2,64295.8,63963.7,64210.4,461.3775
1771899300000,64210.4,64288.8,63985.8,64286,224.5528
1771900200000,64286,64475.4,64083.1,64095.6,445.8423
1771901100000,64095.6,64150.8,64045.2,64080,244.425
1771902000000,64080,64080,63514.4,63652.4,1402.4815
1771902900000,63652.4,63828.8,63539.6,63680,467.8101
1771903800000,63680,63759.3,63601,63650.9,342.7422
1771904700000,63650.9,63661.6,63288,63563.6,1070.3836
1771905600000,63563.6,63610.3,62901,62982.1,1876.3904
1771906500000,62982.1,63355.1,62828,63189.2,1411.6743
1771907400000,63189.2,63332.7,62936.6,63312.7,555.3524
1771908300000,63312.7,63370,63200.3,63344.5,364.3653
1771909200000,63344.5,63526.6,63243.5,63461.8,603.7306
1771910100000,63461.8,63464.9,62665.2,62798.1,1476.8624
1771911000000,62798.1,63035.1,62695.8,62961.3,640.9958
1771911900000,62961.3,63085,62915.3,63074.9,319.0201
1771912800000,63074.9,63200,62861.6,63118.9,489.9712
1771913700000,63118.9,63288,63080.2,63180.3,393.9066
1771914600000,63180.3,63294.7,63140.2,63231.8,281.0456
1771915500000,63231.8,63231.9,62909.2,63057.7,421.7015
1771916400000,63057.7,63342.4,62891.1,63305.5,638.609
1771917300000,63305.5,63321.3,63129,63258.6,300.9559
1771918200000,63258.6,63280,63057.5,63071.7,288.4017
1771919100000,63071.7,63178,62981.9,63170.1,259.4629
1771920000000,63170.1,63250,62981.5,63200.1,345.5473
1771920900000,63200.1,63305.6,63065.9,63284.3,267.2081
1771921800000,63284.3,63411.8,63249.6,63364.4,353.5889
1771922700000,63364.4,63427.4,63316.6,63368.6,271.3253
1771923600000,63368.6,63395.9,63185.2,63262.4,401.4207
1771924500000,63262.4,63285.3,63069,63120.2,343.678
1771925400000,63120.2,63187.8,62908,63129.5,579.5323
1771926300000,63129.5,63240,63023.9,63226.3,263.4982
1771927200000,63226.3,63259.9,63084.7,63193.8,226.9823
1771928100000,63193.8,63285.7,63127.2,63253,127.5919
1771929000000,63253,63279.7,63121.2,63180,160.7282
1771929900000,63180,63349.5,63141,63258.3,249.8699
1771930800000,63258.3,63299.8,63158.4,63173.4,159.468
1771931700000,63173.4,63217.1,63125.9,63153.9,142.8569
1771932600000,63153.9,63227,63030.9,63172.6,387.22
1771933500000,63172.6,63216.8,63127.2,63201.4,191.5224
1771934400000,63201.4,63269.4,63081.8,63232.2,335.3624
1771935300000,63232.2,63319.7,63193.5,63294.8,243.3099
1771936200000,63294.8,63312.8,63058,63092.8,374.8665
1771937100000,63092.8,63109.6,62934,62940,461.7423
1771938000000,62940,63072.5,62854.7,63047.5,414.7179
1771938900000,63047.5,63072.8,62841.4,62892.3,452.2631
1771939800000,62892.3,63075.5,62465.1,62906.3,2368.3137
1771940700000,62906.3,63011.8,62865.6,62879.4,473.2615
1771941600000,62879.4,62996.3,62743,62922.7,784.0767
1771942500000,62922.7,63016.4,62783.2,62974.4,527.905
1771943400000,62974.4,63439.4,62746.1,63309,2427.2302
1771944300000,63309,63817,63241.6,63431.1,2591.0271
1771945200000,63431.1,63640.2,63267.1,63549.5,1263.2271
1771946100000,63549.5,63937.6,63514.2,63891.2,1273.356
1771947000000,63891.2,63951.8,63625.9,63714.5,921.7959
1771947900000,63714.5,63990,63680.3,63937.5,552.4965
1771948800000,63937.5,64389.3,63916.8,64123.1,2074.5956
1771949700000,64123.1,64182.7,63833.7,63915.8,983.5413
1771950600000,63915.8,64095,63648.2,64007.9,1131.9172
1771951500000,64007.9,64267.5,63780.3,64226.2,667.428
1771952400000,64226.2,64498.9,64123.5,64375.4,1253.7897
1771953300000,64375.4,64375.4,64080,64119.7,599.9037
1771954200000,64119.7,64234.3,64064,64064.8,240.6974
1771955100000,64064.8,64225.4,64007,64178.4,238.0917
1771956000000,64178.4,64385,63888.5,63938.2,610.216
1771956900000,63938.2,64319.7,63900,64255.5,382.0364
1771957800000,64255.5,64471.2,64246.2,64332.6,422.0146
1771958700000,64332.6,64462.6,64324.7,64382.8,179.5482
1771959600000,64382.8,64729.8,64217.6,64271.5,904.4097
1771960500000,64271.5,64394.3,64204,64273.8,258.7041
1771961400000,64273.8,64480.1,64256.7,64425.7,200.4815
1771962300000,64425.7,64449.8,64342.2,64396.6,114.0276
1771963200000,64396.6,64442.5,64280.7,64357.6,131.1281
1771964100000,64357.6,64471.9,64351.1,64431.3,126.3813
1771965000000,64431.3,64550.2,64350,64459.8,159.9025
1771965900000,64459.8,64480,64355.9,64434.4,182.5282
1771966800000,64434.4,64434.4,64079.7,64201,360.2891
1771967700000,64201,64206,63776.1,63882.5,665.9499
1771968600000,63882.5,64027.8,63834.6,63976,329.6829
1771969500000,63976,64049.2,63950,64002,248.233
1771970400000,64002,64191.5,63929.8,64183,280.6698
1771971300000,64183,64183.2,64045.7,64102.6,109.9815
1771972200000,64102.6,64149.6,64032.2,64051.5,73.5769
1771973100000,64051.5,64106.6,63946.9,64080,134.0571
1771974000000,64080,64109.5,63810.2,64032.7,624.3148
1771974900000,64032.7,64180.3,64028.2,64141.5,212.6835
1771975800000,64141.5,64210.4,64091.6,64101.3,139.6078
1771976700000,64101.3,64104.2,63980.4,64019.2,153.8461
1771977600000,64019.2,64039,63867.5,63874,182.9961
1771978500000,63874,64020.4,63869.2,63920,134.3335
1771979400000,63920,64238.9,63920,64206,173.6036
1771980300000,64206,64280.5,64098.4,64178,273.579
1771981200000,64178,65902.7,64106,65563.2,3804.5854
1771982100000,65563.2,66285.8,65375.7,65909.8,3603.2523
1771983000000,65909.8,66235.5,65735.9,65774.6,1109.2739
1771983900000,65774.6,66016.9,65742.5,65848.2,524.6063
1771984800000,65848.2,66272.8,65841.5,66190.8,1002.7711
1771985700000,66190.8,66220,65993.2,66073,315.6553
1771986600000,66073,66136,65833.4,65895,480.2637
1771987500000,65895,66005.4,65818.8,65842.4,601.06
1771988400000,65842.4,65917.6,65752,65799.9,439.3594
1771989300000,65799.9,65810,65458.9,65550.1,803.4917
1771990200000,65550.1,65604.1,65339.8,65426.5,519.2451
1771991100000,65426.5,65525.9,65307.9,65356,489.4456
1771992000000,65356,65499.6,65080.2,65403.9,961.2464
1771992900000,65403.9,65593.1,65316.5,65553.2,682.2622
1771993800000,65553.2,65624.9,65495.4,65598.4,230.3868
1771994700000,65598.4,65602,65370,65425.7,238.6729
1771995600000,65425.7,65489.5,65270,65302.6,218.5797
1771996500000,65302.6,65348.4,65134.5,65169.1,403.3703
1771997400000,65169.1,65208.9,64724.4,64810.7,1259.7668
1771998300000,64810.7,64965.2,64735.5,64849.5,509.4962
1771999200000,64849.5,64985.1,64849.5,64962.5,224.2606
1772000100000,64962.5,65097,64880,64990.1,328.2546
1772001000000,64990.1,65088.5,64944.3,65063,189.5679
1772001900000,65063,65069.9,64828.3,64866.1,331.6275
1772002800000,64866.1,65054.5,64740.7,64995.3,363.4669
1772003700000,64995.3,65162.1,64973.6,65084.2,293.6657
1772004600000,65084.2,65164.6,64850,64919.4,334.5701
1772005500000,64919.4,65028.2,64903.9,65008,193.1629
1772006400000,65008,65064.7,64933.7,65000,155.2741
1772007300000,65000,65221.2,64986.5,65162.9,429.7397
1772008200000,65162.9,65435.1,65160,65386.4,560.7913
1772009100000,65386.4,65552,65341.7,65487.6,652.0727
1772010000000,65487.6,65663.8,65419.4,65519.4,635.4521
1772010900000,65519.4,65609.6,65479.5,65529.6,265.3682
1772011800000,65529.6,65537.6,65376.3,65431.5,348.7394
1772012700000,65431.5,65545,65410,65519.3,175.8867
1772013600000,65519.3,65584.7,65439.9,65535.9,205.5244
1772014500000,65535.9,65631.1,65325,65335.1,318.2189
1772015400000,65335.1,65397.3,65310,65392.5,218.9967
1772016300000,65392.5,65481.9,65327.2,65368.8,267.903
1772017200000,65368.8,65368.8,65157.3,65210,497.516
1772018100000,65210,65358.9,65165,65322.9,325.3446
1772019000000,65322.9,65462.4,65300,65399.9,244.3276
1772019900000,65399.9,65423.5,65339.6,65395.9,116.8245
1772020800000,65395.9,65510.3,65287.9,65470.2,392.3097
1772021700000,65470.2,65905.4,65457.3,65743.7,981.0029
1772022600000,65743.7,65855,65713.6,65800.4,295.4523
1772023500000,65800.4,66211.5,65782.4,66040,1368.7139
1772024400000,66040,66262.2,66000.3,66015.2,775.7934
1772025300000,66015.2,66216.4,65986,66149.1,511.2716
1772026200000,66149.1,66383.5,66102.4,66276.2,869.1601
1772027100000,66276.2,66666,66181.8,66205.9,1622.559
1772028000000,66205.9,66453,66169.3,66444.5,750.8294
1772028900000,66444.5,66588.4,66385.4,66539.2,485.2248
1772029800000,66539.2,66762.9,66171.5,66223.3,1694.1739
1772030700000,66223.3,66993.6,66215.5,66934.4,2063.593
1772031600000,66934.4,67225.1,66728.6,66808.4,1911.8778
1772032500000,66808.4,67034.7,66674.7,67033.9,740.8799
1772033400000,67033.9,67495.6,66918.7,67471.6,1941.9478
1772034300000,67471.6,67540.3,67170.5,67359.5,1455.8919
1772035200000,67359.5,67752.7,67359.5,67555.7,1751.4408
1772036100000,67555.7,68062.8,67533,67829,2127.4818
1772037000000,67829,67966.2,67769,67907.3,678.9666
1772037900000,67907.3,68291.9,67907.2,68254.8,1415.553
1772038800000,68254.8,68619,67978.1,68470.2,2718.829
1772039700000,68470.2,68647.6,68230.2,68528.6,1471.0624
1772040600000,68528.6,68740.5,68355.6,68731.7,1241.7932
1772041500000,68731.7,68856.7,68546.2,68625.8,1232.9285
1772042400000,68625.8,68887.9,68338.9,68826.1,1609.0372
1772043300000,68826.1,69470.7,68658.8,69301.5,2604.3253
1772044200000,69301.5,69524,69156.5,69434.3,1457.082
1772045100000,69434.3,69466.1,69218.7,69283.7,651.1361
1772046000000,69283.7,69369.7,68720,68875.3,1319.5281
1772046900000,68875.3,69123.9,68805.2,68935.7,649.9324
1772047800000,68935.7,68969.7,68747,68853.8,295.6721
1772048700000,68853.8,69059.7,68815.1,69004,457.1016
1772049600000,69004,69062.5,68571.4,68602.6,638.5011
1772050500000,68602.6,68834,68602.6,68764.4,224.2047
1772051400000,68764.4,69170,68735.5,69085,584.5301
1772052300000,69085,69338.1,69065,69104,471.7542
1772053200000,69104,69193.6,68875.5,68947.6,443.385
1772054100000,68947.6,69031.8,68749.6,68758.5,258.35
1772055000000,68758.5,69982.9,68721.5,69188.6,3202.9864
1772055900000,69188.6,69188.6,68750.8,68875.6,1176.0109
1772056800000,68875.6,69147.7,68838,69036.1,697.5536
1772057700000,69036.1,69052.4,68791.7,68843,444.6781
1772058600000,68843,68868.1,68236.1,68383.6,1082.3445
1772059500000,68383.6,68487.8,68023,68400.7,948.7305
1772060400000,68400.7,68663.7,68118.9,68480.8,689.5448
1772061300000,68480.8,68485.6,68225,68237.7,290.3561
1772062200000,68237.7,68262.1,67560,67661.6,1527.1445
1772063100000,67661.6,67968.3,67600,67954.6,581.1739
1772064000000,67954.6,68137.6,67686.2,68120.4,675.7971
1772064900000,68120.4,68415,68078.5,68242.9,632.4518
1772065800000,68242.9,68512.2,67918.1,68164.8,710.5702
1772066700000,68164.8,68335.6,68073.6,68291.6,224.0293
1772067600000,68291.6,68675.2,68169.3,68525.4,667.6341
1772068500000,68525.4,68554.7,68323,68348.5,144.3031
1772069400000,68348.5,68517.4,68182,68308.9,257.3067
1772070300000,68308.9,68360.6,68182,68208.4,244.8106
1772071200000,68208.4,68226,67750.2,67824.7,741.978
1772072100000,67824.7,68125,67824.6,67909.4,360.5907
1772073000000,67909.4,68172.2,67902.7,68148.5,284.1684
1772073900000,68148.5,68352.6,68070,68218.5,307.14
1772074800000,68218.5,68346.8,68013.2,68110.6,405.7007
1772075700000,68110.6,68149,68040.9,68064.2,217.494
1772076600000,68064.2,68250.9,68010,68205,182.9843
1772077500000,68205,68287.1,68150,68185.5,137.9601
1772078400000,68185.5,68585.3,68150,68489.3,409.7881
1772079300000,68489.3,68651.4,68382.9,68520,354.4441
1772080200000,68520,68823.4,68506.9,68691.9,600.2672
1772081100000,68691.9,68704.6,68528.6,68528.6,208.7761
1772082000000,68528.6,68532.8,68195,68261,639.7659
1772082900000,68261,68371.2,68080.1,68315.4,537.0564
1772083800000,68315.4,68401,68221,68374.9,207.1937
1772084700000,68374.9,68461.6,68306.9,68407.3,196.4763
1772085600000,68407.3,68488,68250,68422.1,167.1144
1772086500000,68422.1,68422.2,68203.7,68208.4,200.6094
1772087400000,68208.4,68218.9,68083.9,68084,371.8444
1772088300000,68084,68189.7,68024.4,68139.6,219.7671
1772089200000,68139.6,68255.1,68123.1,68197.4,223.028
1772090100000,68197.4,68263.9,68055.8,68144.5,224.3957
1772091000000,68144.5,68160,67950.1,67963.2,337.2765
1772091900000,67963.2,67984.2,67775.1,67795.6,728.2664
1772092800000,67795.6,68019.2,67750,68006.1,483.3144
1772093700000,68006.1,68211.3,67906.1,67992.7,534.6371
1772094600000,67992.7,68106,67891.7,67956.9,387.6046
1772095500000,67956.9,68081.7,67858,67920.6,160.2103
1772096400000,67920.6,68379.4,67900.1,68288.2,580.9401
1772097300000,68288.2,68290.2,68122.5,68147.7,240.141
1772098200000,68147.7,68438.9,68110.5,68363.3,647.8887
1772099100000,68363.3,68606.9,68363.3,68542,597.8108
1772100000000,68542,68686,68457.8,68481.6,490.0788
1772100900000,68481.6,68492.4,68291,68293,415.6615
1772101800000,68293,68423.1,68232.9,68406.4,231.297
1772102700000,68406.4,68413,68210.2,68265.5,229.4487
1772103600000,68265.5,68358,68220.9,68311.4,144.3863
1772104500000,68311.4,68314.2,68106,68119.9,271.521
1772105400000,68119.9,68185.8,68028.5,68046.4,225.2752
1772106300000,68046.4,68058,67945.1,68013.2,406.8439
1772107200000,68013.2,68206.9,67992.8,68165.5,320.5107
1772108100000,68165.5,68266.6,68108.1,68114.9,287.1283
1772109000000,68114.9,68260.7,68037.7,68037.7,235.6817
1772109900000,68037.7,68194.3,67973.7,68139.3,337.5331
1772110800000,68139.3,68180.7,67951.1,67994.4,213.419
1772111700000,67994.4,68138,67903.7,68124.2,359.7159
1772112600000,68124.2,68163.6,67946.3,68053,339.2169
1772113500000,68053,68164.5,67813,67876.1,397.3717
1772114400000,67876.1,68005,67625.6,67958.8,1305.2074
1772115300000,67958.8,68120.9,67778.9,68080.6,409.9401
1772116200000,68080.6,68247.8,67700,67769,1313.2404
1772117100000,67769,67791.6,67235.5,67668.4,2511.2245
1772118000000,67668.4,67710.6,67213.3,67347.1,966.9824
1772118900000,67347.1,67370.4,66821.7,66953.3,2425.1388
1772119800000,66953.3,67451.4,66738.8,67325.6,1652.3627
1772120700000,67325.6,67595.1,67200,67358.2,772.8318
1772121600000,67358.2,67413,67025,67119.4,570.4505
1772122500000,67119.4,67545.5,67083,67421.7,458.2972
1772123400000,67421.7,67430.4,66865.8,67011.3,857.6792
1772124300000,67011.3,67035,66468.2,66618,2503.511
1772125200000,66618,66983.3,66569.3,66861.4,812.9241
1772126100000,66861.4,67022.5,66729,66914.2,354.5965
1772127000000,66914.2,66994.6,66682.1,66717.6,332.8262
1772127900000,66717.6,66831.3,66584.3,66800,416.987
1772128800000,66800,66861.3,66543.7,66742.7,467.4025
1772129700000,66742.7,67021.2,66722.7,66839.5,548.5402
1772130600000,66839.5,67351.1,66815.5,67227.4,1390.3907
1772131500000,67227.4,67330.4,67145.6,67274.6,373.9071
1772132400000,67274.6,67873,67251.7,67471.5,1809.7982
1772133300000,67471.5,67743.9,67455.8,67545.2,489.3138
1772134200000,67545.2,67677.9,67365,67448.8,674.7971
1772135100000,67448.8,67675,67448.8,67553.8,574.2096
1772136000000,67553.8,67794.7,67552.4,67648,379.8608
1772136900000,67648,67799.9,67512.3,67529.2,368.8708
1772137800000,67529.2,67533.2,67276.9,67443.2,785.9697
1772138700000,67443.2,67443.2,67258.5,67389.4,228.7204
1772139600000,67389.4,67426.3,67109.4,67323.7,538.3955
1772140500000,67323.7,67492.9,67293.1,67451.9,223.4973
1772141400000,67451.9,67453.2,67338.2,67408.4,153.3942
1772142300000,67408.4,67550,67367.7,67433,167.9442
1772143200000,67433,67553.1,67376,67513.5,199.1211
1772144100000,67513.5,67526.4,67257.8,67378.6,150.8015
1772145000000,67378.6,67599.9,67371.7,67559.6,136.3888
1772145900000,67559.6,67594.7,67463.2,67536.1,123.7578
1772146800000,67536.1,67536.8,67361.4,67494.4,188.8876
1772147700000,67494.4,67587.3,67416.5,67532.6,112.4105
1772148600000,67532.6,67621,67445.8,67469.9,229.7315
1772149500000,67469.9,67487.7,67382.1,67447.1,134.8822
1772150400000,67447.1,67504.6,67265.3,67323.5,197.8348
1772151300000,67323.5,67361.4,67134.6,67278.8,289.9316
1772152200000,67278.8,67285.4,67015.9,67097.8,453.6055
1772153100000,67097.8,67249.8,66953.5,67196.2,276.7754
1772154000000,67196.2,67208.7,66850,66961.5,549.8026
1772154900000,66961.5,67124,66933.8,67033,246.3539
1772155800000,67033,67274,66986,67124.1,589.4508
1772156700000,67124.1,67358.6,67076.7,67316,336.7562
1772157600000,67316,67448,67278.2,67286.6,358.1325
1772158500000,67286.6,67495.6,67244.9,67374.4,417.3175
1772159400000,67374.4,67502.7,67317.7,67394.7,252.6101
1772160300000,67394.7,67448.5,67225,67229.3,272.2895
1772161200000,67229.3,67258.7,67067.6,67139.9,273.1995
1772162100000,67139.9,67199.9,67048.4,67072.8,153.0522
1772163000000,67072.8,67364.6,67072.8,67354.9,261.0131
1772163900000,67354.9,67681.8,67294.1,67568,457.1356
1772164800000,67568,67952.4,67537,67888.1,1340.1059
1772165700000,67888.1,68194.2,67850,67912.2,966.7469
1772166600000,67912.2,67926.6,67650,67724.8,626.1539
1772167500000,67724.8,67929.6,67646.6,67711.4,467.691
1772168400000,67711.4,67884.6,67680.1,67819.6,238.4458
1772169300000,67819.6,67849.7,67649.4,67762.9,186.9088
1772170200000,67762.9,67833.3,67729.3,67795.7,162.5258
1772171100000,67795.7,67821.9,67627.8,67689.5,175.1174
1772172000000,67689.5,67743.6,67608.9,67620.2,212.629
1772172900000,67620.2,67666.1,67467.5,67566.2,354.4652
1772173800000,67566.2,67734.6,67560,67701.6,319.8113
1772174700000,67701.6,67791,67606,67618.6,262.4718
1772175600000,67618.6,67680.4,67527.9,67612.7,231.8549
1772176500000,67612.7,67625.8,67420.5,67471.3,380.0063
1772177400000,67471.3,67591.5,67420.9,67504.5,374.2926
1772178300000,67504.5,67730.8,67477.2,67649.3,453.4114
1772179200000,67649.3,68016,67618.8,67850,597.1386
1772180100000,67850,67944.8,67817.5,67924.9,244.1298
1772181000000,67924.9,67986,67697.9,67882.8,313.3614
1772181900000,67882.8,68047.4,67844.4,67895.5,387.2372
1772182800000,67895.5,68020,67800,67941.2,390.0855
1772183700000,67941.2,68129.2,67845.2,67990,560.9129
1772184600000,67990,68014.6,67569.2,67578.3,422.2824
1772185500000,67578.3,67578.3,67250.2,67321.4,1186.5966
1772186400000,67321.4,67384.2,66783,66847.7,2093.1762
1772187300000,66847.7,67024.4,66625.6,66754.7,1645.7905
1772188200000,66754.7,66925,66669.1,66783.8,814.2321
1772189100000,66783.8,66811.1,66535.9,66577.5,1040.7471
1772190000000,66577.5,66751.9,66573.6,66675.7,635.5492
1772190900000,66675.7,66676.2,66335.8,66497.2,1684.5762
1772191800000,66497.2,66540.9,65926.3,65968.2,3064.686
1772192700000,65968.2,66156.5,65954,66097.5,1089.674
1772193600000,66097.5,66189,65874.3,65963.1,892.1893
1772194500000,65963.1,66109.9,65865.7,65886.6,901.6077
1772195400000,65886.6,66019,65831.6,65871.6,550.4753
1772196300000,65871.6,65914.1,65714,65904.6,986.1492
1772197200000,65904.6,66140.8,65880.3,66019.5,781.9423
1772198100000,66019.5,66133.4,65894.7,65993.7,462.1489
1772199000000,65993.7,66042.5,65625.3,66007.3,1632.597
1772199900000,66007.3,66326.4,66000.8,66246,1108.2155
1772200800000,66246,66297.1,66111.3,66293.8,422.4257
1772201700000,66293.8,66293.9,65967,66092.7,936.673
1772202600000,66092.7,66292,65762,65849.4,1313.9368
1772203500000,65849.4,65966,65653.5,65857.9,849.9919
1772204400000,65857.9,66216.1,65810.8,66004.1,939.0171
1772205300000,66004.1,66196.6,65864.7,66085.9,448.4298
1772206200000,66085.9,66099.9,65833.3,66045.3,329.0619
1772207100000,66045.3,66289.1,66027.7,66070,441.9436
1772208000000,66070,66097.2,65725.8,65870.5,754.5041
1772208900000,65870.5,66038,65818.7,65967,370.8351
1772209800000,65967,66026,65663.7,65699,577.6758
1772210700000,65699,65779.6,65428.5,65446.9,2031.3325
1772211600000,65446.9,65635,65367,65431.6,1193.8085
1772212500000,65431.6,65519.3,65160,65175.7,1689.2646
1772213400000,65175.7,65500,65050.7,65380.9,1529.6883
1772214300000,65380.9,65726.3,65350,65671,642.5097
1772215200000,65671,65758.5,65477.5,65505.6,610.1133
1772216100000,65505.6,65581.7,65351.2,65546.8,434.5165
1772217000000,65546.8,65647.5,65481.7,65540.9,359.6111
1772217900000,65540.9,65549.8,65193.1,65279.9,541.9776
1772218800000,65279.9,65400.7,65132.1,65255,494.328
1772219700000,65255,65386,65175,65304.9,260.8486
1772220600000,65304.9,65385.9,65209,65260.5,198.6157
1772221500000,65260.5,65430.7,65221.5,65360.2,300.8163
1772222400000,65360.2,65568.6,65357.6,65538.2,305.0741
1772223300000,65538.2,65624.5,65513.8,65545.9,202.7851
1772224200000,65545.9,65629.8,65431.3,65600,192.7113
1772225100000,65600,65639.6,65523.9,65565.4,200.4209
1772226000000,65565.4,65688.5,65462.3,65546.2,255.6134
1772226900000,65546.2,65713.4,65546.2,65671.5,135.7887
1772227800000,65671.5,65686.4,65543,65595,96.7624
1772228700000,65595,65595.1,65354.2,65498.4,277.8552
1772229600000,65498.4,65552.3,65412,65511.9,155.6649
1772230500000,65511.9,65586.7,65409.8,65437.3,171.059
1772231400000,65437.3,65564.2,64875.5,65559.2,1686.8936
1772232300000,65559.2,65643.6,65475.6,65605.1,276.7543
1772233200000,65605.1,65844.9,65514.6,65698.3,440.2875
1772234100000,65698.3,65873.3,65693.7,65854.8,299.636
1772235000000,65854.8,65920,65791.2,65796.6,236.9707
1772235900000,65796.6,65889.1,65796.6,65831.3,312.6779
1772236800000,65831.3,65987.1,65800,65967.7,290.44
1772237700000,65967.7,65987.4,65675,65741,394.7702
1772238600000,65741,65936,65710,65923,158.3279
1772239500000,65923,65959.7,65869.6,65910.6,166.0635
1772240400000,65910.6,65946.4,65792,65832.9,111.3092
1772241300000,65832.9,65938,65790,65806.4,164.0699
1772242200000,65806.4,65826.3,65711.7,65761.7,170.3241
1772243100000,65761.7,65820.9,65717.2,65747.4,71.1724
1772244000000,65747.4,65901.9,65725,65840.7,110.3675
1772244900000,65840.7,65937.7,65840.7,65884.1,101.6203
1772245800000,65884.1,65956,65881.2,65930,109.4622
1772246700000,65930,65987.7,65925,65925,139.2852
1772247600000,65925,65933.3,65818.5,65830.9,184.2544
1772248500000,65830.9,65951.1,65830,65857.9,173.5223
1772249400000,65857.9,65885.8,65714.7,65729.2,307.5499
1772250300000,65729.2,65819.9,65729.2,65762,97.8665
1772251200000,65762,65791.5,65678,65716,151.0137
1772252100000,65716,65780,65596.5,65636.6,361.8212
1772253000000,65636.6,65647.4,65452.5,65616.9,696.1768
1772253900000,65616.9,65673,65573.5,65633.6,118.5921
1772254800000,65633.6,65696.4,65590.6,65693.1,144.8026
1772255700000,65693.1,65700.6,65610.3,65615.6,106.9822
1772256600000,65615.6,65615.6,65465.2,65530,375.3451
1772257500000,65530,65562.8,65466.6,65557,240.8797
1772258400000,65557,65561.2,65417.9,65462.9,267.5282
1772259300000,65462.9,65472.2,64336,64529.4,5717.4047
1772260200000,64529.4,64550,63535.6,64013.3,4319.6883
1772261100000,64013.3,64040,62966.8,63177.8,3327.084
1772262000000,63177.8,63799.1,62987,63728.9,2255.1166
1772262900000,63728.9,63861.3,63318.8,63475.2,2112.135
1772263800000,63475.2,64298,63424.7,64022.5,1954.8537
1772264700000,64022.5,64027.5,63772.9,63788.1,692.927
1772265600000,63788.1,63846.7,63514.5,63590.7,785.4309
1772266500000,63590.7,63773.2,63382.4,63590.9,644.583
1772267400000,63590.9,63730.7,63488.4,63581.5,367.7908
1772268300000,63581.5,63653.4,63371.1,63439,639.6017
1772269200000,63439,63685.1,63325.3,63670.2,586.1416
1772270100000,63670.2,63925.1,63551.9,63801.9,738.8198
1772271000000,63801.9,63801.9,63514.3,63585.7,451.0095
1772271900000,63585.7,63697.4,63500.8,63617.5,408.6677
1772272800000,63617.5,63617.5,63435.3,63530,519.1707
1772273700000,63530,63934.7,63498.2,63801.6,1016.599
1772274600000,63801.6,64008.8,63791.8,63906.8,388.7378
1772275500000,63906.8,63992.3,63837.3,63962.1,224.7889
1772276400000,63962.1,64187.9,63913.3,64039.5,631.8314
1772277300000,64039.5,64262,63980.2,64209.8,453.9252
1772278200000,64209.8,64268.1,63940.1,63970.9,546.7433
1772279100000,63970.9,64038.3,63733.3,63808,649.9584
1772280000000,63808,63939.1,63800,63901,292.2438
1772280900000,63901,64056.9,63901,63971,243.271
1772281800000,63971,64039.5,63940,63980.3,187.0256
1772282700000,63980.3,64012.9,63785.7,63982.9,365.7211
1772283600000,63982.9,64095.4,63866.5,64036.6,275.8724
1772284500000,64036.6,64148.9,63949.4,64001.9,283.0749
1772285400000,64001.9,64069.4,63875.7,64027,415.0832
1772286300000,64027,65185,64027,65067.7,4214.3669
1772287200000,65067.7,65326.8,64720,64787.1,1682.1996
1772288100000,64787.1,64890,64604.1,64759.6,637.2379
1772289000000,64759.6,65133.7,64639.4,64892.7,926.1749
1772289900000,64892.7,64996.3,64228.9,64402.4,1497.3151
1772290800000,64402.4,64568.8,64165.5,64190.1,653.7624
1772291700000,64190.1,64810.3,64190.1,64716.6,712.1878
1772292600000,64716.6,64990.1,64605.2,64793.7,793.312
1772293500000,64793.7,64870.2,64687.6,64800.5,298.1948
1772294400000,64800.5,64933.4,64633.7,64854.5,301.4262
1772295300000,64854.5,64960,64707.7,64895.9,227.47
1772296200000,64895.9,65176,64854.1,65123.9,422.0203
1772297100000,65123.9,65160,64952.4,65053.4,326.4163
1772298000000,65053.4,65074.2,64897.1,64907.9,293.667
1772298900000,64907.9,65097.3,64857.3,65067.6,305.1299
1772299800000,65067.6,65162.1,64864.1,64919.4,304.7695
1772300700000,64919.4,65536.3,64773.8,65401,1000.5923
1772301600000,65401,65426.1,65223.7,65244.3,367.5752
1772302500000,65244.3,65310,65148.5,65151.7,220.9291
1772303400000,65151.7,65780,65151.7,65631.4,1165.6907
1772304300000,65631.4,66141.2,65589.8,65875.1,1285.1538
1772305200000,65875.1,65919,65554.6,65725.2,719.821
1772306100000,65725.2,65779.3,65622.3,65690.6,217.1218
1772307000000,65690.6,66644.9,65679.3,66339.5,1874.3864
1772307900000,66339.5,66619.6,66204.1,66322.7,699.9796
1772308800000,66322.7,66594.7,66145.5,66528.5,540.9004
1772309700000,66528.5,67024.9,66422.3,66715.9,1432.5248
1772310600000,66715.9,66879.4,66575.4,66741,484.5164
1772311500000,66741,67146.2,66727,66919.4,714.9211
1772312400000,66919.4,66950,66365.1,66536.9,964.9602
1772313300000,66536.9,66553.3,66318.9,66436.5,298.8571
1772314200000,66436.5,66997,66361.3,66805.2,708.0861
1772315100000,66805.2,66910.6,66485.4,66682.1,397.0865
1772316000000,66682.1,66964.9,66568.2,66888,423.8679
1772316900000,66888,67088,66834.9,66954.5,444.0717
1772317800000,66954.5,67724,66911.4,67296.3,1619.2393
1772318700000,67296.3,67582.3,67050.7,67076.3,479.8278
1772319600000,67076.3,67177.7,66863.3,66921,336.8539
1772320500000,66921,67025.5,66850,66864.4,185.7225
1772321400000,66864.4,66983.6,66697.7,66848,362.9313
1772322300000,66848,67005.8,66848,66932,241.8378
1772323200000,66932,67094.2,66767.1,66871.7,589.0307
1772324100000,66871.7,66992,66724.1,66740.3,220.2563
1772325000000,66740.3,66795.8,66574,66601,365.186
1772325900000,66601,66840,66601,66751.6,199.7923
1772326800000,66751.6,66760.2,66145.3,66261.6,1046.6509
1772327700000,66261.6,66422.7,66010,66308.4,654.5582
1772328600000,66308.4,66744.2,66251,66590.3,472.4763
1772329500000,66590.3,67665.5,66581,67307,2304.5215
1772330400000,67307,68171.2,67300,67853.9,1956.8298
1772331300000,67853.9,68060.5,67588.2,67722.2,676.3978
1772332200000,67722.2,68062.2,67615.3,68030.9,573.9029
1772333100000,68030.9,68132.9,67570.2,67582.2,796.2349
1772334000000,67582.2,67778.9,67566.1,67692.2,268.1368
1772334900000,67692.2,67724.9,67355,67527.5,503.6136
1772335800000,67527.5,67618.3,67400,67605.5,308.076
1772336700000,67605.5,67667.4,67386.8,67470.5,372.5707
1772337600000,67470.5,67574.9,67220.5,67248.2,405.9752
1772338500000,67248.2,67304.3,67028.4,67287.2,733.7672
1772339400000,67287.2,67398.2,67224.4,67360.2,387.2391
1772340300000,67360.2,67377.6,67257.1,67307.6,145.7256
1772341200000,67307.6,67416,67158.5,67290.1,401.2966
1772342100000,67290.1,67539.9,67283.7,67422.7,246.3435
1772343000000,67422.7,67523,67333.4,67346.8,199.6383
1772343900000,67346.8,67399.6,67232.4,67260.1,211.6026
1772344800000,67260.1,67310,66856.2,67046.8,981.6031
1772345700000,67046.8,67133.3,66930.4,67013.7,361.9397
1772346600000,67013.7,67049.9,66763,66895.7,663.5141
1772347500000,66895.7,66937.2,66742.5,66890,255.3913
1772348400000,66890,67031.6,66755,66983.3,241.4716
1772349300000,66983.3,67045,66917.5,66952.8,159.3701
1772350200000,66952.8,67210.7,66870.5,67065.3,524.4816
1772351100000,67065.3,67138.6,67055,67114,165.3966
1772352000000,67114,67259.3,66880,67239.1,302.1956
1772352900000,67239.1,67261.5,67088.2,67194.3,267.1644
1772353800000,67194.3,67231.7,67101.7,67101.8,986.1259
1772354700000,67101.8,67115.6,66427.2,66532.7,1702.6265
1772355600000,66532.7,66674,66320.4,66558.6,840.3365
1772356500000,66558.6,66742.7,66501.9,66580.6,577.75
1772357400000,66580.6,66621.2,66222.2,66262.2,696.0703
1772358300000,66262.2,66411,66204.4,66378.5,353.5108
1772359200000,66378.5,66523.7,66179.1,66491.4,496.6535
1772360100000,66491.4,66571.6,66402.6,66543.5,228.6183
1772361000000,66543.5,66701.6,66359.3,66367.4,372.8476
1772361900000,66367.4,66498.4,66330.9,66429.9,171.7945
1772362800000,66429.9,66524.1,66408.4,66475.9,145.7576
1772363700000,66475.9,66639.4,66475.9,66521.7,255.8237
1772364600000,66521.7,66545,66335.7,66355.2,248.4694
1772365500000,66355.2,66479.5,66354.7,66437,135.6404
1772366400000,66437,66511.9,66411.9,66481.6,116.142
1772367300000,66481.6,66522,66378.1,66383.3,194.7015
1772368200000,66383.3,66484.6,66210,66454.6,414.3609
1772369100000,66454.6,66469.9,66257,66263.7,204.009
1772370000000,66263.7,66391,66153,66280,287.9939
1772370900000,66280,66383.5,66083.9,66287.8,539.2907
1772371800000,66287.8,66350,66213.3,66319.4,317.9146
1772372700000,66319.4,67353,66314.8,66905.8,3022.5055
1772373600000,66905.8,67279.9,66800,67032.5,983.2459
1772374500000,67032.5,67085,66722.5,66895.4,611.1961
1772375400000,66895.4,67019.4,66720.9,66803.2,458.7753
1772376300000,66803.2,66947.6,66738.7,66819.8,276.6584
1772377200000,66819.8,67087.9,66799.4,67087.6,417.7769
1772378100000,67087.6,67213.5,66957.9,67039.3,668.9547
1772379000000,67039.3,67200,67039.3,67170.7,235.5638
1772379900000,67170.7,67220.6,66785,66816.9,667.5855
1772380800000,66816.9,67008.4,66648,66912.3,744.8029
1772381700000,66912.3,67083.3,66780,66994.1,405.422
1772382600000,66994.1,67037.9,66797.4,66797.5,209.7096
1772383500000,66797.5,66808.7,65784.6,66105.8,3094.3948
1772384400000,66105.8,66197.7,65950.9,66077.3,678.3029
1772385300000,66077.3,66089.9,65675.6,65995.8,1076.4089
1772386200000,65995.8,66103.6,65905.1,65984.6,432.0047
1772387100000,65984.6,66081.9,65901.3,65952.4,436.1997
1772388000000,65952.4,66587.9,65952.4,66362.1,1201.9846
1772388900000,66362.1,66625,66324.5,66385.4,408.7462
1772389800000,66385.4,66422.4,66210,66337.8,370.644
1772390700000,66337.8,66400.2,66214.9,66285.5,156.1923
1772391600000,66285.5,66316,65976.1,66035.6,481.5435
1772392500000,66035.6,66090.3,65915.9,65976.3,290.1877
1772393400000,65976.3,66078.4,65736.8,65790.1,502.7037
1772394300000,65790.1,65978.9,65783.6,65931.1,256.1417
1772395200000,65931.1,65931.1,65340,65423.6,929.006
1772396100000,65423.6,65571.6,65265.2,65265.8,539.3026
1772397000000,65265.8,65330.2,65033.6,65213.6,962.753
1772397900000,65213.6,65371.5,65166,65260.2,373.3667
1772398800000,65260.2,65507.7,65250,65479.6,402.4799
1772399700000,65479.6,65653.8,65442.6,65562.5,409.0127
1772400600000,65562.5,65671.7,65500,65636.3,245.5379
1772401500000,65636.3,65720.2,65544,65630.4,260.9518
1772402400000,65630.4,66500,65483.1,65971.8,1618.4808
1772403300000,65971.8,66158.9,65726.2,65839.6,574.6076
1772404200000,65839.6,65915.7,65100,65368.9,1330.312
1772405100000,65368.9,65379.4,65010.1,65234.2,410.0033
1772406000000,65234.2,66050,65094.8,65773.6,1073.6316
1772406900000,65773.6,65859.5,65576.9,65599.9,357.0259
1772407800000,65599.9,65838.9,65576.9,65714.3,316.7703
1772408700000,65714.3,65840,65627.3,65750.1,204.559
1772409600000,65750.1,66188,65725.7,65951,456.1726
1772410500000,65951,66029.5,65765.5,65904.9,260.3678
1772411400000,65904.9,66613,65898.9,66613,502.5115
1772412300000,66613,66762.8,66423.1,66472.5,955.9765
1772413200000,66472.5,67049.5,66319.3,66891.3,1192.1489
1772414100000,66891.3,66979.8,66451.6,66528.9,612.5066
1772415000000,66528.9,66675.3,66506,66546.9,187.4168
1772415900000,66546.9,66638.4,66375.2,66498.5,289.564
1772416800000,66498.5,66582.4,65844.8,66067,1047.602
1772417700000,66067,66230.2,66000.2,66162.2,494.4874
1772418600000,66162.2,66422.1,66123.4,66291.2,266.5203
1772419500000,66291.2,66370.1,66190.4,66245.6,152.0039
1772420400000,66245.6,66570,66070.7,66454.8,704.0709
1772421300000,66454.8,66842,66424.5,66739.9,634.6878
1772422200000,66739.9,66999.5,66666.8,66848.7,568.9571
1772423100000,66848.7,66988,66771.7,66782.3,296.2945
1772424000000,66782.3,66816.4,66640,66709.6,358.9115
1772424900000,66709.6,66913.2,66632.8,66902.4,422.124
1772425800000,66902.4,66943.3,66728.6,66785.3,264.4197
1772426700000,66785.3,66834.8,66587.1,66829.3,418.2351
1772427600000,66829.3,66866.9,66517.4,66679,352.6081
1772428500000,66679,66797.1,66562.7,66643.6,225.497
1772429400000,66643.6,66962.6,66635.8,66945.6,334.6702
1772430300000,66945.6,66945.6,66645.7,66696.2,294.8714
1772431200000,66696.2,66705.7,66468.6,66570,428.8104
1772432100000,66570,66600,66020.5,66241.3,897.8411
1772433000000,66241.3,66281.9,66155,66237.6,283.1903
1772433900000,66237.6,66240,66027.4,66175.9,229.8482
1772434800000,66175.9,66182.5,65592.2,65668.5,1037.3086
1772435700000,65668.5,65828.4,65515.9,65769.5,637.7981
1772436600000,65769.5,65961.5,65750,65941.8,365.5223
1772437500000,65941.8,65999,65859.8,65988.5,298.4182
1772438400000,65988.5,66036.3,65638.7,66036,707.2205
1772439300000,66036,66088.3,65623.5,65711.4,587.6398
1772440200000,65711.4,65994.3,65700.1,65947.1,393.5915
1772441100000,65947.1,66272.6,65941.3,66252.2,788.5932
1772442000000,66252.2,66463,66168.1,66363.1,698.0674
1772442900000,66363.1,66695.1,66352.2,66367.2,701.1415
1772443800000,66367.2,66509.1,66280.7,66351,509.2088
1772444700000,66351,66351.1,66130.6,66134.1,292.4995
1772445600000,66134.1,66320,66041,66102.8,499.8229
1772446500000,66102.8,66230,66102.7,66219.4,188.8737
1772447400000,66219.4,66352.1,66119.4,66247.8,239.1906
1772448300000,66247.8,66279.3,66100,66279.2,160.4432
1772449200000,66279.2,66279.2,66017.2,66055.6,467.5571
1772450100000,66055.6,66214.6,65986.7,66037.2,449.9685
1772451000000,66037.2,66333.3,65967.5,66259.4,519.2783
1772451900000,66259.4,66443.6,66214.9,66323.8,365.0552
1772452800000,66323.8,66356.6,66215.6,66306.3,165.2297
1772453700000,66306.3,66306.3,66047.4,66095.8,230.8965
1772454600000,66095.8,66116.6,65925.1,65950.1,434.0688
1772455500000,65950.1,66021.2,65873.9,65926.1,321.565
1772456400000,65926.1,65971.2,65735.9,65821.8,431.1428
1772457300000,65821.8,66120.2,65708.7,65774.6,576.2789
1772458200000,65774.6,65903.4,65488,65552.8,990.5586
1772459100000,65552.8,65609,65314.5,65408.3,635.7162
1772460000000,65408.3,65576.1,65222,65512,581.1933
1772460900000,65512,65634.5,65337.2,65552.5,500.9073
1772461800000,65552.5,66634.5,65534.7,66579.6,2973.8242
1772462700000,66579.6,67184.1,66450.7,67128.4,2616.4463
1772463600000,67128.4,68420,66935.2,68391.6,4337.3502
1772464500000,68391.6,68768.7,68232.9,68516.6,2727.611
1772465400000,68516.6,69499,68384.6,69465.8,3290.1722
1772466300000,69465.8,69563.7,68735.9,69083.8,2723.4397
1772467200000,69083.8,69739,68880.2,69610.1,1905.7146
1772468100000,69610.1,69713.1,69220,69329.4,990.5612
1772469000000,69329.4,69840.2,69019.5,69823.1,1788.3256
1772469900000,69823.1,70071,69365.7,69381,2598.1185
1772470800000,69381,69540,69213.7,69369.7,716.5816
1772471700000,69369.7,69505.8,69131.1,69361.2,703.1582
1772472600000,69361.2,69399.9,68755,68797.2,1091.7916
1772473500000,68797.2,69173.9,68745.8,69155.6,1004.4332
1772474400000,69155.6,69158.5,68687.2,69154.8,729.832
1772475300000,69154.8,69163.7,68920.6,69052.8,360.795
1772476200000,69052.8,69246.3,68887.7,69091.2,452.7319
1772477100000,69091.2,69140.6,68782.2,68845,593.3857
1772478000000,68845,68900,68533.3,68713.4,968.6932
1772478900000,68713.4,68935.1,68692.4,68783.4,546.4354
1772479800000,68783.4,69013.7,68685,68740.8,389.6803
1772480700000,68740.8,68972,68722.9,68930.7,222.2778
1772481600000,68930.7,69182,68543,68692.2,687.5039
1772482500000,68692.2,69023.4,68631.7,68908.6,304.1649
1772483400000,68908.6,69176.9,68862.2,69175.2,328.0337
1772484300000,69175.2,69470,69011.6,69061.1,750.5938
1772485200000,69061.1,69258,68953.7,69230.3,314.7148
1772486100000,69230.3,69389.9,69124.9,69373.9,159.4473
1772487000000,69373.9,69410,69285.9,69410,280.4093
1772487900000,69410,69500,69328.2,69367.1,421.3731
1772488800000,69367.1,69450,69115.7,69201.4,350.3208
1772489700000,69201.4,69344,69092.1,69328,233.5368
1772490600000,69328,69400,69252.5,69373.4,231.7611
1772491500000,69373.4,69397.8,69213.9,69396.4,146.6835
1772492400000,69396.4,69445,69173.1,69182.4,225.2673
1772493300000,69182.4,69218.6,68950,68961.9,379.5517
1772494200000,68961.9,68973,68716.6,68760,592.176
1772495100000,68760,68924.8,68700,68788.6,287.8007
1772496000000,68788.6,68972.1,68706.8,68773.5,363.2107
1772496900000,68773.5,68848,68601,68767.2,317.5462
1772497800000,68767.2,69124.8,68648.1,69062.4,434.279
1772498700000,69062.4,69122.3,68864.4,69047.4,211.5282
1772499600000,69047.4,69230.9,68883.2,69087.3,212.4546
1772500500000,69087.3,69102.7,68837.4,68867.4,227.3755
1772501400000,68867.4,69029.2,68709.1,68987.9,317.9903
1772502300000,68987.9,69009.3,68708,68717.6,139.3011
1772503200000,68717.6,68734.3,68359,68566.6,667.1539
1772504100000,68566.6,68612,68173.8,68418,867.7985
1772505000000,68418,68496.4,68337.1,68421.8,249.6639
1772505900000,68421.8,68592.8,68400.5,68474.1,266.4139
1772506800000,68474.1,68511.9,68294.2,68421.3,208.0879
1772507700000,68421.3,68450.7,68188,68389.6,260.3986
1772508600000,68389.6,68512.5,68315.3,68384.5,174.3729
1772509500000,68384.5,68398.5,68271.5,68344,155.5494
1772510400000,68344,68419.2,68292,68335.5,221.7157
1772511300000,68335.5,68379.6,68245.2,68290.8,229.4501
1772512200000,68290.8,68362.5,68130.6,68157.1,386.8949
1772513100000,68157.1,68175.6,68004.5,68092.7,419.0029
1772514000000,68092.7,68367.7,68008.4,68361.4,358.65
1772514900000,68361.4,68537,68277.5,68376.7,696.951
1772515800000,68376.7,68384,68033.3,68047,516.7828
1772516700000,68047,68088.3,67815.4,67909.4,801.7217
1772517600000,67909.4,68005.8,67792.1,67938.2,382.7861
1772518500000,67938.2,67969,67845.6,67867.9,391.9376
1772519400000,67867.9,67977.2,67829.5,67965.9,300.6556
1772520300000,67965.9,68187.9,67760.2,68075.4,767.2524
1772521200000,68075.4,68134.4,67914.1,68130.4,352.7423
1772522100000,68130.4,68240,68041,68212.4,541.5407
1772523000000,68212.4,68212.4,68032.5,68184,236.6012
1772523900000,68184,68223.1,68095.5,68139.7,207.8836
1772524800000,68139.7,68284,67947.1,67975.1,382.4107
1772525700000,67975.1,68075.3,67670,67722.4,980.8326
1772526600000,67722.4,67722.4,67238.4,67312.8,1467.2178
1772527500000,67312.8,67332.9,66863.8,66979.8,1816.9634
1772528400000,66979.8,67166.6,66847.6,67067.3,1000.3839
1772529300000,67067.3,67111,66558,66609.3,1135.4636
1772530200000,66609.3,66686,66287.9,66518.6,1489.5852
1772531100000,66518.6,66646.6,66380,66625,617.315
1772532000000,66625,66634.4,66436.5,66471.1,433.4348
1772532900000,66471.1,66680.3,66417.3,66490.6,378.9477
1772533800000,66490.6,66681.8,66435.3,66681.8,316.2952
1772534700000,66681.8,66990,66677.4,66837.9,1014.3147
1772535600000,66837.9,67048.2,66778.1,66933.9,512.953
1772536500000,66933.9,66974.8,66735.4,66805.4,392.803
1772537400000,66805.4,67067,66791.6,67044.8,450.7732
1772538300000,67044.8,67138.3,66918.9,67003.6,664.7444
1772539200000,67003.6,67943.8,67003.6,67713.7,1828.349
1772540100000,67713.7,67729,67367.7,67548.6,734.0969
1772541000000,67548.6,67558.3,67255.7,67328.4,640.6057
1772541900000,67328.4,67456.2,67222,67360,316.6868
1772542800000,67360,67405.7,66934,66938.2,897.678
1772543700000,66938.2,67164.2,66933.9,67071.2,364.3258
1772544600000,67071.2,67076.7,66814.6,66820,717.2792
1772545500000,66820,66928,66583.5,66893.2,932.8417
1772546400000,66893.2,67224.9,66820.2,67130.6,936.8493
1772547300000,67130.6,67320,66981.9,67087,514.4081
1772548200000,67087,67553.3,66330.6,66424.2,2529.1133
1772549100000,66424.2,66779.9,66106.4,66536.7,1838.6229
1772550000000,66536.7,66866.9,66458.8,66832.7,910.0113
1772550900000,66832.7,66985,66418.2,66785.5,874.6958
1772551800000,66785.5,67800,66778.8,67491,2151.4136
1772552700000,67491,67777.7,67448.3,67689.4,1008.1635
1772553600000,67689.4,68594.6,67616.9,68432.3,2638.7177
1772554500000,68432.3,68969,68220.9,68790.6,1539.3285
1772555400000,68790.6,68790.6,67443.3,67697.7,2704.8479
1772556300000,67697.7,68431.9,67682.2,68133.7,1357.5052
1772557200000,68133.7,68186.9,67582.4,67901.5,1003.5609
1772558100000,67901.5,68244.5,67836.6,68193.1,641.178
1772559000000,68193.1,68196.7,67723.4,68105.7,488.6624
1772559900000,68105.7,68363.8,67962.5,68273.7,680.1601
1772560800000,68273.7,68414.3,67933.2,68039.1,550.6573
1772561700000,68039.1,68559.2,68035.7,68422.6,872.9314
1772562600000,68422.6,68887.8,68381.3,68643,834.0812
1772563500000,68643,68736.7,68495,68585,368.3085
1772564400000,68585,68646.6,68268,68571.9,490.7258
1772565300000,68571.9,68837.2,68431.7,68605.8,520.8875
1772566200000,68605.8,68750,68302.9,68660,837.5203
1772567100000,68660,68703.6,68381.6,68394.6,366.428
1772568000000,68394.6,68466.3,68113,68128.7,386.972
1772568900000,68128.7,68441.9,68092.1,68344.8,510.1741
1772569800000,68344.8,68550,68288.8,68428.7,313.8043
1772570700000,68428.7,68449.9,68041,68221.1,501.0706
1772571600000,68221.1,68221.1,67811.9,68007.5,558.5024
1772572500000,68007.5,68070.2,67781.6,67890,345.4747
1772573400000,67890,68008.9,67845.3,67985.4,304.9636
1772574300000,67985.4,68056.4,67929.5,67972.3,169.5605
1772575200000,67972.3,68488,67972.3,68264.9,745.9947
1772576100000,68264.9,68345.5,68114.3,68207.3,338.9294
1772577000000,68207.3,68360.9,68130.6,68360.4,198.4742
1772577900000,68360.4,68398,68155,68265.1,184.0941
1772578800000,68265.1,68828.1,68203.2,68647.8,1184.3746
1772579700000,68647.8,68673,68393.2,68444.4,349.1128
1772580600000,68444.4,68544,68358.6,68414,177.613
1772581500000,68414,68474.5,68210.9,68291.5,297.6074
1772582400000,68291.5,68291.5,68035.7,68066.3,239.5443
1772583300000,68066.3,68377.7,68066,68255.2,282.977
1772584200000,68255.2,68288.6,67818.8,67926.7,551.3825
1772585100000,67926.7,68217,67926.7,68057.4,255.2106
1772586000000,68057.4,68239.9,68001.2,68083.1,309.2155
1772586900000,68083.1,68306.8,67914.1,68199.5,312.4293
1772587800000,68199.5,68867.5,68161.6,68662.8,1073.2598
1772588700000,68662.8,68670.8,68305.8,68374.9,502.7331
1772589600000,68374.9,68411.3,68137,68183.6,313.0521
1772590500000,68183.6,68265.2,68006.2,68030.3,314.8395
1772591400000,68030.3,68116.8,67927,68093,327.8445
1772592300000,68093,68360,68063.7,68279,361.2049
1772593200000,68279,68312.7,68040.2,68220,320.8192
1772594100000,68220,68344.1,67902.6,67941.1,460.8378
1772595000000,67941.1,67958.8,67360,67537.8,1940.7687
1772595900000,67537.8,67723.3,67406.8,67700.6,378.3641
1772596800000,67700.6,67925,67515.6,67776.8,841.1193
1772597700000,67776.8,67815.2,67480.2,67560,696.102
1772598600000,67560,67668.2,67420,67604.5,308.116
1772599500000,67604.5,67820.4,67564.1,67755.1,286.2472
1772600400000,67755.1,67891.3,67645.2,67887.8,260.0309
1772601300000,67887.8,67929.9,67650,67795.8,295.3186
1772602200000,67795.8,68272.8,67700,68170,588.5214
1772603100000,68170,68351,68077.7,68175.4,462.6889
1772604000000,68175.4,68208.6,68041.3,68152.9,405.0663
1772604900000,68152.9,68176.7,68002.8,68090.6,272.3633
1772605800000,68090.6,68646.7,68090.6,68634.8,651.0952
1772606700000,68634.8,68650,68419,68468.5,323.5998
1772607600000,68468.5,68589.6,68345.5,68365.9,250.0586
1772608500000,68365.9,68736.2,68314.7,68732,422.9892
1772609400000,68732,68955.4,68609.9,68927.5,690.9548
1772610300000,68927.5,69600,68839.2,69457.4,2464.7363
1772611200000,69457.4,69681.6,69318.1,69383.6,1479.6764
1772612100000,69383.6,69383.7,69102.8,69287.1,756.6957
1772613000000,69287.1,69888,69266.4,69853.5,1461.7804
1772613900000,69853.5,71160.7,69852.7,70985.1,6079.4544
1772614800000,70985.1,71271.8,70683.6,71038.1,2240.8685
1772615700000,71038.1,71529.9,71038.1,71281,2042.405
1772616600000,71281,71857.8,71170,71726.1,2575.4035
1772617500000,71726.1,71867.5,71300.4,71477.3,1504.9638
1772618400000,71477.3,71850,71386.5,71608,1024.3206
1772619300000,71608,71659.4,71300.1,71486.1,621.7686
1772620200000,71486.1,71500,71231.6,71269.3,573.4414
1772621100000,71269.3,71427.7,71150.1,71291.1,601.2376
1772622000000,71291.1,71416,71162.1,71382.2,436.4916
1772622900000,71382.2,71450,71164,71184.5,312.6235
1772623800000,71184.5,71275.1,70880,71066.6,1138.1276
1772624700000,71066.6,71193.8,70916.7,71066.1,381.5684
1772625600000,71066.1,71108.5,70781.1,70844.8,503.0103
1772626500000,70844.8,70888,70585,70591.2,895.0737
1772627400000,70591.2,71018.7,70541.9,70934,921.2454
1772628300000,70934,71322.4,70844.5,71303.3,1040.1016
1772629200000,71303.3,71585.9,71233.7,71254.8,1201.4391
1772630100000,71254.8,71391.5,71166.8,71318.1,491.2266
1772631000000,71318.1,71519.1,71206.2,71403,642.9179
1772631900000,71403,71500,71282.2,71438.7,351.4842
1772632800000,71438.7,71794.9,71357.7,71761.6,971.2177
1772633700000,71761.6,71983.3,71531.8,71698.6,1763.3941
1772634600000,71698.6,72612.7,71355.5,71373,5570.408
1772635500000,71373,71766,71245.7,71573,1731.9959
1772636400000,71573,72201,71539,71950.4,2302.1882
1772637300000,71950.4,72958,71918.8,72928.3,2760.6119
1772638200000,72928.3,73075.4,72520,72654.5,2022.5238
1772639100000,72654.5,73438.1,72638.6,73348.3,1971.4666
1772640000000,73348.3,73478.1,72688,72798.8,1836.4354
1772640900000,72798.8,73000,72483,72917.1,902.3054
1772641800000,72917.1,73261.3,72843.5,73090.9,732.0979
1772642700000,73090.9,73414.3,73017.1,73241.3,628.8381
1772643600000,73241.3,73665.3,73120,73490,1397.8265
1772644500000,73490,73715.7,72880.2,73011.5,1433.5804
1772645400000,73011.5,73241.8,73004.3,73089.9,639.7452
1772646300000,73089.9,73358.3,73058.5,73166.4,437.623
1772647200000,73166.4,73365.6,72844.2,72981.2,635.0484
1772648100000,72981.2,73371.1,72964.1,73352.5,464.9185
1772649000000,73352.5,73508.8,73086.6,73458.9,455.9822
1772649900000,73458.9,73653.4,73371.8,73639.4,427.4822
1772650800000,73639.4,73987.8,73511.5,73827.8,1387.7322
1772651700000,73827.8,74031.8,73471.4,73516.6,1018.2929
1772652600000,73516.6,73830,73467.2,73673,397.7184
1772653500000,73673,73738.9,73530.9,73574,222.541
1772654400000,73574,73666.8,73256.6,73382.1,409.6911
1772655300000,73382.1,73546.3,73216.2,73423.5,298.7535
1772656200000,73423.5,73518.5,73258.8,73451.9,215.7501
1772657100000,73451.9,73488,72949,72967.6,595.4228
1772658000000,72967.6,73105.4,72823.8,73005.3,542.7417
1772658900000,73005.3,73178,72904.4,73106.6,294.1323
1772659800000,73106.6,73252.8,73013,73182.5,191.9611
1772660700000,73182.5,73272.1,73113.6,73255.4,137.9599
1772661600000,73255.4,73485,73184.8,73184.8,368.9047
1772662500000,73184.8,73315,73133.5,73212.9,155.6134
1772663400000,73212.9,73264.7,72769.6,72870.2,408.4878
1772664300000,72870.2,72870.3,72583.4,72660,541.3419
1772665200000,72660,72777,72591.8,72677.9,429.5353
1772666100000,72677.9,72834.8,72430,72497.7,665.8342
1772667000000,72497.7,72720.6,72272.6,72708.7,772.5814
1772667900000,72708.7,72786.9,72556.2,72627.7,412.8139
1772668800000,72627.7,72817.3,72503.1,72657.4,402.5318
1772669700000,72657.4,72932.8,72638.3,72774.1,387.4964
1772670600000,72774.1,72962.5,72674.1,72855.2,267.5493
1772671500000,72855.2,72971,72658.8,72711.1,245.055
1772672400000,72711.1,73244.2,72629.7,73077.1,645.1973
1772673300000,73077.1,73190.6,72728,72894.6,370.893
1772674200000,72894.6,72920.3,72531.5,72609.8,317.8476
1772675100000,72609.8,72652.8,72359,72491.9,674.1937
1772676000000,72491.9,72820,72470,72759.3,424.8519
1772676900000,72759.3,72854.3,72610,72669.6,219.5574
1772677800000,72669.6,72669.7,72290,72309.7,410.1112
1772678700000,72309.7,72555.4,72300.4,72458.3,349.5455
1772679600000,72458.3,72720.1,72442.1,72576.8,379.3
1772680500000,72576.8,72631.4,72438.1,72490.6,266.5208
1772681400000,72490.6,72507.4,72296.5,72314.3,250.6019
1772682300000,72314.3,72517.4,72300.1,72458.7,189.3633
1772683200000,72458.7,72671.1,72406.2,72624.7,269.4256
1772684100000,72624.7,72796.3,72529,72761.8,317.4288
1772685000000,72761.8,72923.1,72489.9,72881.7,567.7212
1772685900000,72881.7,73053.2,72650,72778.2,660.8143
1772686800000,72778.2,72880,72671.4,72774.1,221.6996
1772687700000,72774.1,72780.9,72411,72441.9,461.4656
1772688600000,72441.9,72541.5,72315.6,72372.2,579.0999
1772689500000,72372.2,72471.1,72214.6,72369.9,512.8787
1772690400000,72369.9,72417.6,72000.6,72110.6,1165.4489
1772691300000,72110.6,72510,72028.7,72361.3,636.4275
1772692200000,72361.3,72490,72255.8,72382.5,278.8392
1772693100000,72382.5,72634.9,72359,72516.2,451.9348
1772694000000,72516.2,72627,72390,72607.9,239.4985
1772694900000,72607.9,72632.8,72485.1,72491.2,230.6051
1772695800000,72491.2,72491.2,72150.9,72159.2,534.8408
1772696700000,72159.2,72222.8,71730.4,72027.1,1436.3546
1772697600000,72027.1,72050,71752.1,71794.5,576.8284
1772698500000,71794.5,72032.3,71718.4,71801.5,537.4333
1772699400000,71801.5,72179.9,71771,72154.7,622.142
1772700300000,72154.7,72351,72079.9,72305.3,702.912
1772701200000,72305.3,72750,72262.5,72580.3,815.5829
1772702100000,72580.3,72715.9,72444,72656.5,582.314
1772703000000,72656.5,72846.8,72450,72532.8,545.0829
1772703900000,72532.8,72590.4,72374.3,72558.5,360.5123
1772704800000,72558.5,72734.9,72475,72688.8,383.2909
1772705700000,72688.8,73379.1,72625,73125.5,1770.1174
1772706600000,73125.5,73487.9,73117.7,73263.9,939.8444
1772707500000,73263.9,73540.4,73210.7,73350.8,705.441
1772708400000,73350.8,73420,73023.4,73162.5,667.5162
1772709300000,73162.5,73167.9,72876.7,73092,388.2929
1772710200000,73092,73092,72743.4,72810,407.5252
1772711100000,72810,72925.5,72760.3,72885.9,419.3654
1772712000000,72885.9,72990,72634.3,72911.8,553.5366
1772712900000,72911.8,72937.5,72665.9,72782.7,402.6239
1772713800000,72782.7,72917.1,72666.2,72870.8,198.789
1772714700000,72870.8,73030,72850,72858.8,402.4794
1772715600000,72858.8,72907.4,72546.9,72644.6,500.4965
1772716500000,72644.6,72751.5,72300,72488.3,1057.0536
1772717400000,72488.3,72507.4,72155,72486.6,786.9883
1772718300000,72486.6,72662.6,72352.4,72429.5,988.7122
1772719200000,72429.5,72602.3,72283,72574.2,388.4544
1772720100000,72574.2,72591.7,72370.4,72509.5,324.3331
1772721000000,72509.5,72800,71919,71969,1594.7
1772721900000,71969,72737.2,71923,72583,1057.3845
1772722800000,72583,72738.4,71559.2,71759.3,2219.8135
1772723700000,71759.3,71882.6,71210.7,71243.4,1766.4622
1772724600000,71243.4,71636.3,71133.1,71433.5,1435.584
1772725500000,71433.5,71716.4,71271,71624.8,1053.8375
1772726400000,71624.8,71628.1,70766.4,70981.5,2661.3623
1772727300000,70981.5,71110,70795.3,70963.2,889.5595
1772728200000,70963.2,71599,70952.6,71310,1223.365
1772729100000,71310,71392.2,71170.7,71280.2,300.0563
1772730000000,71280.2,71554.4,70987.9,71144,787.6525
1772730900000,71144,71180.5,70854.3,70906.2,548.707
1772731800000,70906.2,71000.4,70694.6,70838.3,686.6985
1772732700000,70838.3,70909.2,70618.7,70681.4,527.8813
1772733600000,70681.4,71032.8,70626.4,71004.5,493.1929
1772734500000,71004.5,71048.8,70754.8,70796.9,262.8616
1772735400000,70796.9,71069.7,70775.1,70926.1,232.0587
1772736300000,70926.1,71000,70791.1,70970.5,237.3617
1772737200000,70970.5,71417,70962.2,71338.2,608.1388
1772738100000,71338.2,71400,71018.7,71076.3,376.9324
1772739000000,71076.3,71142.9,70908.8,70989.5,240.363
1772739900000,70989.5,71099.3,70843.3,70889.5,191.3899
1772740800000,70889.5,71096.7,70811,71072.7,271.7952
1772741700000,71072.7,71327.3,71043.4,71155.8,449.1955
1772742600000,71155.8,71362.7,71093.4,71135.9,260.0246
1772743500000,71135.9,71330.4,71007.2,71210.3,412.2656
1772744400000,71210.3,71327.9,71193,71272.1,125.3326
1772745300000,71272.1,71496.2,71258.4,71485.9,393.491
1772746200000,71485.9,71533.2,71066.7,71161.7,627.2931
1772747100000,71161.7,71294.7,70983.4,71101.8,391.1824
1772748000000,71101.8,71225,71057.3,71136.7,258.0934
1772748900000,71136.7,71261.7,71040.1,71123.9,170.7335
1772749800000,71123.9,71337.7,71112.5,71248.3,162.7661
1772750700000,71248.3,71314,71174.2,71174.2,148.8074
1772751600000,71174.2,71256.2,71145.3,71169.6,157.5639
1772752500000,71169.6,71267.7,71119.7,71186.2,154.3763
1772753400000,71186.2,71196.8,70811.8,70900.1,513.8505
1772754300000,70900.1,70902.7,70738,70853.3,384.8556
1772755200000,70853.3,71027.4,70799.7,70991.1,279.55
1772756100000,70991.1,71010.9,70845,70886.2,172.3476
1772757000000,70886.2,70979.3,70850,70874.1,117.8302
1772757900000,70874.1,70984,70748.1,70956.4,185.7559
1772758800000,70956.4,70995.5,70729.7,70765.6,251.7831
1772759700000,70765.6,70864.8,70342,70432.8,990.4252
1772760600000,70432.8,71138.4,70421.7,71127.2,699.5456
1772761500000,71127.2,71266.7,71042.3,71223.6,458.2242
1772762400000,71223.6,71347.2,71130.9,71291,371.5811
1772763300000,71291,71394.7,70976.7,71302.4,608.4263
1772764200000,71302.4,71321.8,71104.2,71315.4,224.8564
1772765100000,71315.4,71333,71150,71208.1,215.3188
1772766000000,71208.1,71261.1,70989.6,71038.6,180.6723
1772766900000,71038.6,71227.7,70957.1,71143.5,194.022
1772767800000,71143.5,71194.3,71030.1,71056.5,154.7923
1772768700000,71056.5,71122.8,70982.7,71050,138.5038
1772769600000,71050,71089.1,70869,70878,206.6126
1772770500000,70878,70950,70837.9,70843.8,160.1906
1772771400000,70843.8,70938.1,70240.5,70491.8,1419.5879
1772772300000,70491.8,70601.8,70457.8,70592.7,435.1202
1772773200000,70592.7,70644.1,70358.2,70518,585.8896
1772774100000,70518,70618.5,70288.7,70371.4,583.3898
1772775000000,70371.4,70475,70132,70175.7,1007.2662
1772775900000,70175.7,70476.2,70113.8,70403.1,1030.8747
1772776800000,70403.1,70418.9,70238.1,70283.6,313.0096
1772777700000,70283.6,70498.3,70280.4,70397.8,372.7313
1772778600000,70397.8,70661.3,70354.9,70639.1,449.8447
1772779500000,70639.1,70836.1,70561.5,70577.1,477.0736
1772780400000,70577.1,70785.6,70452,70528.8,439.5661
1772781300000,70528.8,70861,70520,70831.6,377.5859
1772782200000,70831.6,71059.9,70817.9,71039.3,860.878
1772783100000,71039.3,71155,71010.2,71031.3,533.7003
1772784000000,71031.3,71042.5,70861.1,70910,390.3887
1772784900000,70910,70964.5,70790.7,70895.6,400.3714
1772785800000,70895.6,70996,70833.8,70879.1,347.346
1772786700000,70879.1,70921.8,70700,70750.9,309.278
1772787600000,70750.9,70781.3,70478.6,70540,508.8974
1772788500000,70540,70576.9,70327,70380,421.0736
1772789400000,70380,70525.7,70269.1,70518.2,525.4117
1772790300000,70518.2,70603.5,70410.8,70530,444.9131
1772791200000,70530,70679.8,70489,70657,246.2221
1772792100000,70657,70776.4,70610,70749.3,365.9101
1772793000000,70749.3,70761.1,70471.1,70541.4,324.0022
1772793900000,70541.4,70587.6,70433.5,70511.1,201.5102
1772794800000,70511.1,70587.6,70388.1,70531.6,403.4113
1772795700000,70531.6,70550,70481.9,70527,83.9623
1772796600000,70527,70615,70321.4,70352.9,268.2754
1772797500000,70352.9,70365.6,70164.3,70186.9,573.1593
1772798400000,70186.9,70205.1,69762,69904.9,1935.6166
1772799300000,69904.9,70178.5,69902.6,69986.8,679.8898
1772800200000,69986.8,70029.7,69668,69738.4,824.1929
1772801100000,69738.4,70049.4,69632.1,69905.7,679.3283
1772802000000,69905.7,70019.9,69882.1,69975.9,382.6045
1772802900000,69975.9,70219.2,69815,70040,522.9068
1772803800000,70040,70320,69724,70059.8,1848.0551
1772804700000,70059.8,70059.8,69186,69203.7,3063.32
1772805600000,69203.7,69263.1,68600,68798.8,3784.0523
1772806500000,68798.8,69079,68697.3,68953.7,1139.4681
1772807400000,68953.7,69070.2,68363.1,68716.1,2466.4954
1772808300000,68716.1,68876.9,68140.1,68384.3,1914.2444
1772809200000,68384.3,68636.9,68292.4,68600.1,1311.5142
1772810100000,68600.1,69007.5,68539,68855.1,1143.0492
1772811000000,68855.1,69084.6,68664.4,68716.8,742.9387
1772811900000,68716.8,68730.7,68274.1,68470.6,1038.8879
1772812800000,68470.6,68772.4,68248.8,68308.2,839.6422
1772813700000,68308.2,68536.6,68184.7,68512.3,832.356
1772814600000,68512.3,68649.6,68314.6,68560,441.9982
1772815500000,68560,68688,68306.7,68423.6,592.4455
1772816400000,68423.6,68625,68372.2,68382,287.0681
1772817300000,68382,68560.3,68161.1,68226.2,756.885
1772818200000,68226.2,68272.9,67715.9,67811.1,1968.6957
1772819100000,67811.1,68028.9,67800,67935,631.5449
1772820000000,67935,68357.1,67920.7,68300.4,645.8358
1772820900000,68300.4,68395,68221.3,68255.4,537.9481
1772821800000,68255.4,68450,68233.1,68407.6,538.8811
1772822700000,68407.6,68442,68124,68147.1,520.0912
1772823600000,68147.1,68409.1,68147.1,68401.6,303.6419
1772824500000,68401.6,68450,68110.6,68190,351.0092
1772825400000,68190,68284.1,68104.5,68114,342.6785
1772826300000,68114,68136,67948.2,68100,781.208
1772827200000,68100,68254.8,67959.4,67978.6,459.4116
1772828100000,67978.6,68111,67738.3,67811.1,755.6102
1772829000000,67811.1,68039,67780,67963.4,435.037
1772829900000,67963.4,68152.4,67949.3,68077.2,541.7617
1772830800000,68077.2,68162.9,68039.7,68121.5,242.6651
1772831700000,68121.5,68144,67900,67978.2,454.5054
1772832600000,67978.2,68210,67940.2,68204.8,263.3658
1772833500000,68204.8,68300,68155.6,68264,393.5333
1772834400000,68264,68333,68235.1,68256.6,196.2976
1772835300000,68256.6,68360.6,68220,68258.8,169.4247
1772836200000,68258.8,68393.1,68194.8,68339.8,232.1507
1772837100000,68339.8,68407.4,68268.7,68291.7,201.3019
1772838000000,68291.7,68314.8,68210.6,68295.4,240.8825
1772838900000,68295.4,68338.6,68270.3,68316.1,128.9542
1772839800000,68316.1,68316.1,68132.2,68205,215.2296
1772840700000,68205,68207.3,68064.9,68088.1,163.257
1772841600000,68088.1,68236.7,68078.5,68185.9,211.6747
1772842500000,68185.9,68225,68082.1,68184.1,172.6631
1772843400000,68184.1,68357.3,68172.4,68259.4,226.8488
1772844300000,68259.4,68323,68250,68250.1,103.2027
1772845200000,68250.1,68330.3,68162.7,68205.6,102.1017
1772846100000,68205.6,68238,68152.8,68197.1,152.7007
1772847000000,68197.1,68245.8,68160.3,68245.8,73.0119
1772847900000,68245.8,68304.6,68221.2,68225,132.014
1772848800000,68225,68273.6,68181.3,68205,93.2234
1772849700000,68205,68239.2,68073.3,68074.4,198.8023
1772850600000,68074.4,68166,68020,68129.3,199.4909
1772851500000,68129.3,68333.9,68127.9,68317.2,254.949
1772852400000,68317.2,68526,68296.2,68488.2,549.7608
1772853300000,68488.2,68488.2,68203.2,68205.1,363.151
1772854200000,68205.1,68236.3,68146.7,68146.7,375.2538
1772855100000,68146.7,68192.6,68074.4,68074.4,239.4803
1772856000000,68074.4,68091.6,67774,67921.4,1003.5729
1772856900000,67921.4,68035.3,67914.4,67998.4,281.4366
1772857800000,67998.4,68124,67945,68111,214.2877
1772858700000,68111,68111,68034.3,68036.1,111.4774
1772859600000,68036.1,68112.1,67933.7,67980.6,228.769
1772860500000,67980.6,68029.9,67880,67996.2,303.4661
1772861400000,67996.2,68072.3,67920,68057,155.7379
1772862300000,68057,68090.8,67951.6,67996.5,156.7777
1772863200000,67996.5,67998.6,67914.4,67929.3,163.6657
1772864100000,67929.3,67964.9,67822.5,67846.2,318.5372
1772865000000,67846.2,67912.2,67718.8,67912.2,545.0525
1772865900000,67912.2,67930.7,67580.7,67668.5,988.6097
1772866800000,67668.5,67680.2,67413.3,67610,1282.7342
1772867700000,67610,67742,67580.2,67701.8,368.2968
1772868600000,67701.8,67773.2,67636.1,67773.2,204.2887
1772869500000,67773.2,67840,67740,67811.6,288.0103
1772870400000,67811.6,67843.7,67740,67843.6,293.1421
1772871300000,67843.6,68018,67843.6,67911.6,589.983
1772872200000,67911.6,67993.6,67852.4,67872.3,203.8779
1772873100000,67872.3,67898.6,67682.9,67772.8,363.1102
1772874000000,67772.8,67952.4,67705.7,67952.4,277.5433
1772874900000,67952.4,68049,67901,67934.4,303.4367
1772875800000,67934.4,68006.9,67911,67942.9,112.2383
1772876700000,67942.9,68011,67937.3,67973.7,95.983
1772877600000,67973.7,68080,67934,68063.3,153.6505
1772878500000,68063.3,68063.4,67886,67946.8,269.9395
1772879400000,67946.8,67979.9,67879.9,67920.7,131.9606
1772880300000,67920.7,67959.8,67841,67856.4,161.2418
1772881200000,67856.4,68188.1,67817.1,68162.5,401.1249
1772882100000,68162.5,68210,68070,68118.6,448.0695
1772883000000,68118.6,68139.4,68027.6,68105.9,184.9229
1772883900000,68105.9,68105.9,67975,67982,148.8851
1772884800000,67982,68056.4,67930.7,67969,173.1622
1772885700000,67969,68043.6,67950.2,67997.9,163.7596
1772886600000,67997.9,68009,67880.4,67900.4,168.0716
1772887500000,67900.4,67996.7,67863.2,67964.3,278.6928
1772888400000,67964.3,68038.9,67900.5,68006.4,209.9782
1772889300000,68006.4,68050.2,67931.8,67964,232.2312
1772890200000,67964,68020.2,67820,67850.5,335.5215
1772891100000,67850.5,67934.4,67833,67897.1,135.9492
1772892000000,67897.1,67901.1,67580.8,67720.9,916.951
1772892900000,67720.9,67804.4,67679,67781.2,336.4096
1772893800000,67781.2,68072.7,67769,67983,663.1552
1772894700000,67983,68055.7,67942.6,67985.1,271.6794
1772895600000,67985.1,67993.6,67893.6,67902,289.0054
1772896500000,67902,67972.8,67817.4,67933.3,280.1309
1772897400000,67933.3,68012.8,67747.7,67797.4,399.3772
1772898300000,67797.4,67889,67736.7,67849.9,337.8272
1772899200000,67849.9,67864,67765.7,67855.9,258.7264
1772900100000,67855.9,67857.9,67714.8,67748.5,216.9061
1772901000000,67748.5,67810,67680,67759.3,167.4527
1772901900000,67759.3,67815.8,67730.9,67767.6,61.3512
1772902800000,67767.6,67843.6,67750.6,67808,115.6604
1772903700000,67808,67917.5,67784,67852.6,183.936
1772904600000,67852.6,67855,67824,67854.7,71.6698
1772905500000,67854.7,67855,67737.3,67760.8,195.6252
1772906400000,67760.8,67760.8,67445.9,67602.5,824.2394
1772907300000,67602.5,67677,67560,67631.2,236.0539
1772908200000,67631.2,67642.7,67462.7,67638,289.7559
1772909100000,67638,67639.8,67531,67542.9,155.1213
1772910000000,67542.9,67551.3,67483.9,67483.9,143.1133
1772910900000,67483.9,67537.3,67135.3,67187.3,2064.0644
1772911800000,67187.3,67324.4,67165,67194.6,474.7435
1772912700000,67194.6,67253.5,66881.7,67046.9,1393.9446
1772913600000,67046.9,67270.3,67036.2,67210.7,338.0493
1772914500000,67210.7,67274.5,67159,67216.3,143.7378
1772915400000,67216.3,67391.9,67216.2,67364.3,322.9652
1772916300000,67364.3,67405,67272.5,67367.6,292.9112
1772917200000,67367.6,67451.9,67309.1,67374.4,387.2649
1772918100000,67374.4,67453,67363.7,67427.2,126.3408
1772919000000,67427.2,67429,67239.8,67338,284.5091
1772919900000,67338,67423.2,67257,67422.4,194.8786
1772920800000,67422.4,67440,67286.8,67297.7,213.771
1772921700000,67297.7,67342,67227.2,67241.5,200.1499
1772922600000,67241.5,67280.4,67062.1,67219.3,420.8583
1772923500000,67219.3,67338.8,67185,67227,225.1878
1772924400000,67227,67349,67152,67299.5,197.5289
1772925300000,67299.5,67374.2,67281.5,67340.5,136.3621
1772926200000,67340.5,67369.9,67278.4,67319.3,146.6295
1772927100000,67319.3,67341.1,67204.4,67236.3,163.5828
1772928000000,67236.3,67435,67236.3,67373.3,211.4983
1772928900000,67373.3,67460,67296.4,67315.1,155.466
1772929800000,67315.1,67336.2,67209.2,67288,159.601
1772930700000,67288,67293.8,67150.3,67166,229.3938
1772931600000,67166,67277.9,67130,67250,190.9727
1772932500000,67250,67294.9,67200,67200,205.327
1772933400000,67200,67288.2,67065.3,67279.1,612.9528
1772934300000,67279.1,67330.7,67262.2,67268.7,192.8756
1772935200000,67268.7,67288.5,67191.1,67288.4,280.7215
1772936100000,67288.4,67320.9,67173.7,67192.1,248.1099
1772937000000,67192.1,67396.3,67088,67361.8,543.7951
1772937900000,67361.8,67361.8,66790.5,66899.5,1461.8039
1772938800000,66899.5,67008.6,66820,66950.4,479.5347
1772939700000,66950.4,67064.4,66950.3,66978.7,214.0522
1772940600000,66978.7,67025.2,66909,66970,237.7972
1772941500000,66970,67048,66960,66977.4,171.8342
1772942400000,66977.4,67051.8,66900.1,66996.5,381.7991
1772943300000,66996.5,67060.7,66945.6,66973.6,153.6196
1772944200000,66973.6,66992.4,66883.9,66924.8,235.1483
1772945100000,66924.8,66934.7,66510,66607.6,1445.6809
1772946000000,66607.6,66961.8,66590,66949.9,591.8357
1772946900000,66949.9,67175.2,66920.1,67094,614.8782
1772947800000,67094,67176,67063.2,67159.6,243.9116
1772948700000,67159.6,67210,67096.7,67112.3,180.719
1772949600000,67112.3,67199.9,67052.6,67065,181.4039
1772950500000,67065,67137.6,67005.3,67021.4,166.6159
1772951400000,67021.4,67120.6,67006.9,67094.2,134.6234
1772952300000,67094.2,67188,67073,67133.1,127.8927
1772953200000,67133.1,67392.9,67115.7,67353.6,802.8785
1772954100000,67353.6,67434.5,67247.4,67320.8,399.7158
1772955000000,67320.8,67335.2,67259.4,67278.9,372.4252
1772955900000,67278.9,67299.9,67222.7,67283.3,248.1531
1772956800000,67283.3,67333.9,67200,67215.4,243.7189
1772957700000,67215.4,67260.4,67122,67241.3,200.2926
1772958600000,67241.3,67526.6,67193.3,67456.7,565.1588
1772959500000,67456.7,67543.4,67403.7,67497.9,417.6886
1772960400000,67497.9,67825.5,67436.2,67735.9,919.6743
1772961300000,67735.9,67877,67671.8,67817.7,727.0817
1772962200000,67817.7,67829.2,67684,67717.2,361.5529
1772963100000,67717.2,67730.2,67653.3,67663.9,271.4571
1772964000000,67663.9,67857.9,67659.7,67850.2,406.2218
1772964900000,67850.2,68170,67822.9,68020.2,1281.4643
1772965800000,68020.2,68046.1,67906.3,67949.5,469.458
1772966700000,67949.5,67949.5,67840.1,67872.9,336.6414
1772967600000,67872.9,67872.9,67417,67531,1034.2811
1772968500000,67531,67708.7,67530,67650.7,417.7795
1772969400000,67650.7,67778.4,67380,67467.5,620.0975
1772970300000,67467.5,67539.9,67400,67490.2,344.6787
1772971200000,67490.2,67629.5,66951.5,67027.8,1676.7596
1772972100000,67027.8,67414.6,66857,67399.2,1331.3398
1772973000000,67399.2,67467.1,67259.7,67389.2,539.2581
1772973900000,67389.2,67389.2,67258.9,67296,313.1509
1772974800000,67296,67408.7,66916.1,66951.5,871.4023
1772975700000,66951.5,67168.4,66782.9,67130.6,1017.1071
1772976600000,67130.6,67132.6,66812.6,67036,627.2062
1772977500000,67036,67283.4,67018.9,67207.6,500.448
1772978400000,67207.6,67371.5,67165.2,67259.1,377.2625
1772979300000,67259.1,67399,67207.4,67231.3,331.7198
1772980200000,67231.3,67359.5,67020.4,67095.6,472.3052
1772981100000,67095.6,67337,67020.5,67310.4,359.0458
1772982000000,67310.4,67349.7,67173.6,67335.3,440.7999
1772982900000,67335.3,67337.7,67112.5,67144.7,281.8357
1772983800000,67144.7,67221.5,67084.1,67134.7,239.1114
1772984700000,67134.7,67207.3,67050.4,67187.1,231.8402
1772985600000,67187.1,67237.8,67054.1,67067.3,210.1248
1772986500000,67067.3,67126.5,67000,67081.7,224.9821
1772987400000,67081.7,67088.4,66804.3,66976.1,562.213
1772988300000,66976.1,66976.1,66766,66843.9,428.517
1772989200000,66843.9,67157.9,66766.1,67113.6,682.8948
1772990100000,67113.6,67138.1,67018,67044.6,247.2293
1772991000000,67044.6,67088.1,66942.9,67030,141.4306
1772991900000,67030,67094.3,66915.2,67024,270.7643
1772992800000,67024,67044.3,66865.5,66887.2,116.1648
1772993700000,66887.2,66967.6,66730.7,66900,347.2151
1772994600000,66900,66960.3,66744.7,66782,176.3
1772995500000,66782,66863.8,66720.7,66786.1,140.4256
1772996400000,66786.1,67060,66751.8,66992.5,295.9847
1772997300000,66992.5,67264.3,66972.5,67177.1,598.6441
1772998200000,67177.1,67352.6,67177.1,67323.8,315.2218
1772999100000,67323.8,67461.2,67241.7,67311.7,396.2576
1773000000000,67311.7,67311.7,67066.7,67072,241.4661
1773000900000,67072,67198.9,67005.8,67005.8,126.0664
1773001800000,67005.8,67491.4,67002.9,67317.6,649.9091
1773002700000,67317.6,67372.7,67160,67200.6,274.8243
1773003600000,67200.6,67242.1,66658.8,66741.1,729.1359
1773004500000,66741.1,66973.9,66741.1,66908.8,362.3118
1773005400000,66908.8,66998,66854.3,66987.2,147.8809
1773006300000,66987.2,67020,66889.4,66984.5,173.2802
1773007200000,66984.5,66985.1,65640,66045.2,5348.1847
1773008100000,66045.2,66150,65556,65883.6,2018.6232
1773009000000,65883.6,66260,65693.1,66024.1,952.5111
1773009900000,66024.1,66282.7,66019.9,66210,563.0685
1773010800000,66210,66413.2,66076.5,66305,719.241
1773011700000,66305,66580.8,66216,66442.7,687.3247
1773012600000,66442.7,66481.9,66078,66083.7,410.1401
1773013500000,66083.7,66198.7,65880.4,65939.9,880.2071
1773014400000,65939.9,66377.9,65905.9,66289,634.5872
1773015300000,66289,66335.3,65780.6,66141.2,729.829
1773016200000,66141.2,66739.8,66141.2,66422.2,998.9941
1773017100000,66422.2,66530,66240.1,66334.8,354.3781
1773018000000,66334.8,66407.9,66080.1,66333.2,458.1966
1773018900000,66333.2,66622,66207,66443.7,480.1946
1773019800000,66443.7,66663.8,66360.2,66588.5,487.3573
1773020700000,66588.5,66605.5,66144.3,66153.5,398.3058
1773021600000,66153.5,66326.3,66019.6,66140.9,423.2263
1773022500000,66140.9,66140.9,65922.9,66090.3,409.0686
1773023400000,66090.3,66546,66058.8,66534.8,624.7376
1773024300000,66534.8,66678.3,66491.6,66501.8,543.7715
1773025200000,66501.8,67427.4,66465.8,67419,2537.9078
1773026100000,67419,67636.1,67065.6,67189.2,1345.6573
1773027000000,67189.2,67350,67028.1,67065.4,459.9766
1773027900000,67065.4,67226.3,67006.7,67164.3,486.4995
1773028800000,67164.3,67256.4,67124.9,67141.6,258.8193
1773029700000,67141.6,67581.8,67132.2,67537.9,660.5535
1773030600000,67537.9,67537.9,67370.5,67467.4,479.2594
1773031500000,67467.4,67490,67064.1,67100.7,627.3488
1773032400000,67100.7,67228.2,67074.1,67125,403.8153
1773033300000,67125,67386.7,67093.3,67355.5,427.6729
1773034200000,67355.5,67949.8,67310.3,67891.2,1725.358
1773035100000,67891.2,68028.2,67767,67872.1,1066.0591
1773036000000,67872.1,67896.5,67546.7,67586.6,588.0476
1773036900000,67586.6,67698.1,67431.4,67465.6,478.2614
1773037800000,67465.6,67521.8,67237.6,67327,549.4846
1773038700000,67327,67351,67200,67229,424.0992
1773039600000,67229,67291.5,67080,67150.9,620.03
1773040500000,67150.9,67266.4,66808.1,67168.1,1065.3361
1773041400000,67168.1,67437,67168.1,67380.1,645.1338
1773042300000,67380.1,67538.5,67329.1,67509.8,353.7311
1773043200000,67509.8,67620,67400.1,67520.4,803.4835
1773044100000,67520.4,67800,67339.2,67769.5,846.6178
1773045000000,67769.5,67847.6,67637.3,67745.7,548.1801
1773045900000,67745.7,67888,67700,67776.9,377.7677
1773046800000,67776.9,67795.4,67521.9,67785.7,497.2782
1773047700000,67785.7,68017.2,67751,67966.5,617.6602
1773048600000,67966.5,68423.7,67859.4,68306.8,1450.9023
1773049500000,68306.8,68400.9,67905.2,67942,938.6761
1773050400000,67942,68054.4,67840,67896.1,544.1913
1773051300000,67896.1,67940,67750,67758.7,409.4484
1773052200000,67758.7,67809.9,67536.1,67638.7,598.9809
1773053100000,67638.7,67662.4,67500.1,67566.4,430.6083
1773054000000,67566.4,67741.4,67534,67662.8,425.2958
1773054900000,67662.8,67691.3,67300,67436.7,710.9147
1773055800000,67436.7,67665,67417.6,67608.6,444.9398
1773056700000,67608.6,67829.2,67537.2,67729.7,464.0575
1773057600000,67729.7,67903.9,67720,67875.1,318.5007
1773058500000,67875.1,68134.5,67835.3,68114.3,649.8551
1773059400000,68114.3,68314.8,67947,68087,1208.894
1773060300000,68087,68182.2,67975,68119.3,340.4203
1773061200000,68119.3,68567,68089.4,68420.7,982.2466
1773062100000,68420.7,68745,68152.8,68732.1,1370.5564
1773063000000,68732.1,69226.1,68686.3,69193,2376.4134
1773063900000,69193,69270,68743.5,68936.4,1917.6061
1773064800000,68936.4,69220.8,68650,68799.7,1447.2003
1773065700000,68799.7,69242.2,68798.9,69112.5,1057.8925
1773066600000,69112.5,69443.8,69051.8,69376.5,1432.7141
1773067500000,69376.5,69390.5,69020.7,69106.1,863.3522
1773068400000,69106.1,69210.6,68923.1,69127.8,702.4129
1773069300000,69127.8,69210.6,68917.8,69040.5,345.9845
1773070200000,69040.5,69140.6,68698.2,68721,799.7955
1773071100000,68721,69034.4,68680.7,68829.3,568.2025
1773072000000,68829.3,69017.7,68707.2,68736.6,483.1804
1773072900000,68736.6,68999.5,68700.7,68928.5,454.4719
1773073800000,68928.5,69087.7,68586.2,69034.9,861.2683
1773074700000,69034.9,69190.4,68843.4,68913.9,448.6891
1773075600000,68913.9,69057.4,68840,68951.4,247.7058
1773076500000,68951.4,69026.9,68554,68583,497.4742
1773077400000,68583,68722,68214.9,68368.4,1173.9061
1773078300000,68368.4,68630,68353.5,68559.8,391.7978
1773079200000,68559.8,68591.9,68200,68400.2,682.1754
1773080100000,68400.2,68638,68377.5,68513.4,345.6883
1773081000000,68513.4,68675.8,68426.6,68449.8,224.9713
1773081900000,68449.8,68501.3,68280,68320,277.8101
1773082800000,68320,68478.8,68320,68362.6,222.8653
1773083700000,68362.6,69328.8,68322.6,69317.7,1522.7058
1773084600000,69317.7,69499,68719,68913.1,1565.647
1773085500000,68913.1,69020.8,68774.7,68943.8,411.4087
1773086400000,68943.8,69106.7,68829.6,68959.9,530.384
1773087300000,68959.9,69037.7,68872.7,68911.3,102.2646
1773088200000,68911.3,68925.2,68760.5,68837.6,220.0687
1773089100000,68837.6,68997.2,68691.7,68911.3,258.3531
1773090000000,68911.3,69114.9,68897.5,68990.1,304.3474
1773090900000,68990.1,68993.3,68786,68801.4,229.4154
1773091800000,68801.4,68967.4,68617,68903.6,274.8921
1773092700000,68903.6,68998.4,68851.4,68879.1,111.943
1773093600000,68879.1,68993.3,68631.9,68778.7,286.2772
1773094500000,68778.7,68832.9,68667,68787.8,128.1919
1773095400000,68787.8,68830.5,68557.1,68695.5,227.6255
1773096300000,68695.5,68722.2,68550.2,68591.6,364.7764
1773097200000,68591.6,68659,68504.2,68613.9,199.4725
1773098100000,68613.9,68615.2,68485.2,68560.5,181.5101
1773099000000,68560.5,68588,68468.2,68505.7,171.5414
1773099900000,68505.7,68523.7,68338.5,68390.1,282.3345
1773100800000,68390.1,68469.4,68347.8,68381.6,340.3278
1773101700000,68381.6,68986.6,68359.5,68938.8,783.6835
1773102600000,68938.8,69164,68849,69143.1,710.8878
1773103500000,69143.1,69250,69016.6,69106.3,612.294
1773104400000,69106.3,69213,69015.9,69065.3,256.1525
1773105300000,69065.3,69112,68806,68929,371.6411
1773106200000,68929,69036.4,68748.2,68935.3,410.1438
1773107100000,68935.3,69352.1,68898.9,69211.9,825.7821
1773108000000,69211.9,69332.1,69055,69187,466.9417
1773108900000,69187,69346,69090.3,69322.5,242.3496
1773109800000,69322.5,70396.7,69322.5,70280.3,3883.8418
1773110700000,70280.3,70550,70200.1,70223.5,1612.714
1773111600000,70223.5,70325,69975.1,70128.2,852.6269
1773112500000,70128.2,70232.1,70050,70077.5,293.0705
1773113400000,70077.5,70086.3,69796,69799.4,492.3073
1773114300000,69799.4,69800,69338.1,69385.5,1263.6209
1773115200000,69385.5,69726.6,69385.5,69684.5,507.3714
1773116100000,69684.5,69783.3,69535.3,69697.1,412.719
1773117000000,69697.1,69978.3,69697.1,69903,404.1814
1773117900000,69903,70088.4,69803.2,70030.9,449.8088
1773118800000,70030.9,70323.8,69972.6,70130.1,697.4778
1773119700000,70130.1,70281,69963.6,69997.3,489.1067
1773120600000,69997.3,70090.7,69872,69878.1,327.5111
1773121500000,69878.1,69944.7,69842.1,69929.8,159.4109
1773122400000,69929.8,69939.3,69780.6,69835,245.6693
1773123300000,69835,70149.9,69703.7,70100,569.3329
1773124200000,70100,70129,69905.1,69927.5,307.3859
1773125100000,69927.5,70018.9,69798.5,69876.7,452.2464
1773126000000,69876.7,70399.9,69785.5,70199.9,1391.5163
1773126900000,70199.9,70495.6,70180,70277.3,732.371
1773127800000,70277.3,70363.4,70245.2,70280.9,376.6659
1773128700000,70280.9,70477.6,70222,70366.2,452.1725
1773129600000,70366.2,70897.9,70321.8,70850.8,2399.6721
1773130500000,70850.8,70941.3,70680.1,70791.3,955.3523
1773131400000,70791.3,71048.3,70791.2,70857.4,1017.3551
1773132300000,70857.4,70858.7,70559.1,70632.3,930.8282
1773133200000,70632.3,70860.7,70595.3,70754.5,729.6939
1773134100000,70754.5,71252.7,70700,71170.3,2078.0169
1773135000000,71170.3,71256.3,70988.4,71020.3,767.7385
1773135900000,71020.3,71055.5,70884.5,71010.1,470.4206
1773136800000,71010.1,71035.9,70794,70841.4,398.671
1773137700000,70841.4,70867,70676.2,70720.3,509.5153
1773138600000,70720.3,70890.4,70625.8,70689,547.7049
1773139500000,70689,70826.6,70622.7,70730.8,258.1373
1773140400000,70730.8,70820.3,70546.7,70570.2,431.1004
1773141300000,70570.2,70710.4,70528.1,70607.7,359.8113
1773142200000,70607.7,70623.9,70480,70535.4,246.6411
1773143100000,70535.4,70666.1,70490,70551,361.8539
1773144000000,70551,70590,70290.2,70377.2,1119.5773
1773144900000,70377.2,70520,70303.5,70339.9,530.4571
1773145800000,70339.9,70433.3,70242,70404.8,350.1398
1773146700000,70404.8,70539.5,70401.8,70477.5,422.3395
1773147600000,70477.5,70721.9,70477.5,70717.4,519.45
1773148500000,70717.4,70864.3,70610.9,70815.6,643.1748
1773149400000,70815.6,70887.9,69671,69875,3210.3268
1773150300000,69875,70242.1,69750,69871.8,1415.9643
1773151200000,69871.8,70115.2,69372,69449,2149.7127
1773152100000,69449,69902,69222.1,69760,1701.452
1773153000000,69760,70448.8,69753.9,70408.7,1527.9479
1773153900000,70408.7,71500,70350,71429.1,3769.967
1773154800000,71429.1,71748.6,71043,71155.5,2898.7744
1773155700000,71155.5,71443.2,70930.8,71297.1,1309.6242
1773156600000,71297.1,71580,70919.2,71073.9,1391.3325
1773157500000,71073.9,71315.8,70850.1,71302.2,986.1188
1773158400000,71302.2,71387.1,70891,71096.8,906.3607
1773159300000,71096.8,71662.5,71082,71328.2,1683.5339
1773160200000,71328.2,71406.4,71132.2,71342.1,666.5637
1773161100000,71342.1,71352.7,71105.8,71223.2,506.4691
1773162000000,71223.2,71414.1,71152.9,71212,466.4016
1773162900000,71212,71325.2,70945,71000.1,683.6857
1773163800000,71000.1,71192.8,70467.4,70653.8,1202.6449
1773164700000,70653.8,70927.7,70515.1,70830,569.0116
1773165600000,70830,70879.8,70318,70329.9,563.4724
1773166500000,70329.9,70544.2,70080,70282.7,1392.4305
1773167400000,70282.7,70411.5,69938.9,70008.9,858.5998
1773168300000,70008.9,70184.9,69835.2,69975.3,814.6841
1773169200000,69975.3,70134.1,69817.1,70022.2,398.6319
1773170100000,70022.2,70259.4,69858.1,69928.4,589.8515
1773171000000,69928.4,70070.1,69670.1,69952.2,556.5167
1773171900000,69952.2,70045.4,69901.5,70002.4,280.4511
1773172800000,70002.4,70219.5,69958.1,70072.9,304.5858
1773173700000,70072.9,70223.4,69960,70201.5,241.4773
1773174600000,70201.5,70335,70162.9,70254.4,370.0343
1773175500000,70254.4,70266,70162.7,70195.4,200.4191
1773176400000,70195.4,70380,70030,70050.2,288.7314
1773177300000,70050.2,70133.7,69879.3,69899.8,283.0166
1773178200000,69899.8,70009.9,69548,69705.3,1046.1282
1773179100000,69705.3,69799.7,69475,69718.9,462.565
1773180000000,69718.9,69832,69408.5,69567.2,661.1743
1773180900000,69567.2,69728,69436.5,69566.1,334.4447
1773181800000,69566.1,69655,69450,69575.1,237.8982
1773182700000,69575.1,69737.3,69541,69666.8,246.2452
1773183600000,69666.8,69826.8,69653.6,69757.6,297.2049
1773184500000,69757.6,69837.8,69656.7,69774.9,306.8471
1773185400000,69774.9,69925,69741.8,69896.5,454.8036
1773186300000,69896.5,69939,69800.1,69911.6,193.4539
1773187200000,69911.6,70050,69712.3,70011.1,451.767
1773188100000,70011.1,70137,69835.3,70012.5,406.4498
1773189000000,70012.5,70013.7,69760,69795.4,262.5379
1773189900000,69795.4,70145.6,69795.4,70006.7,329.8387
1773190800000,70006.7,70111,69940.3,70010.8,344.3302
1773191700000,70010.8,70108.8,69930.2,70048.9,297.1075
1773192600000,70048.9,70059,69842.1,69918.9,270.9185
1773193500000,69918.9,70094.6,69857.4,70034.9,192.1201
1773194400000,70034.9,70080,69950,69960.4,263.0946
1773195300000,69960.4,70010,69881.6,69932.5,340.8735
1773196200000,69932.5,69932.5,69576.5,69660,555.8543
1773197100000,69660,69785.7,69588.1,69779.3,352.665
1773198000000,69779.3,69866.4,69635.8,69662.4,278.6237
1773198900000,69662.4,69686.4,69443.5,69493.3,476.1708
1773199800000,69493.3,69605.2,69479.1,69510.1,294.7558
1773200700000,69510.1,69616.3,69456.9,69521.8,230.0214
1773201600000,69521.8,69642.9,69470,69613.1,248.7821
1773202500000,69613.1,69950,69602.6,69946.6,701.0775
1773203400000,69946.6,69992.9,69880.8,69960.8,523.8195
1773204300000,69960.8,70236.3,69938.1,70088.6,884.3901
1773205200000,70088.6,70171,69955.9,69975,258.9695
1773206100000,69975,69991.8,69838.7,69904.6,237.1035
1773207000000,69904.6,69904.6,69369.6,69499.9,1238.0621
1773207900000,69499.9,69597.9,69443.1,69465.7,544.1052
1773208800000,69465.7,69691.6,69463.7,69680.8,368.8794
1773209700000,69680.8,69786.3,69640.5,69765.9,294.4936
1773210600000,69765.9,69900,69763.4,69789.4,273.3504
1773211500000,69789.4,69971,69680,69907.5,479.7521
1773212400000,69907.5,69989.7,69840,69859.7,208.3798
1773213300000,69859.7,69876.4,69716.2,69744.5,202.4597
1773214200000,69744.5,69748.1,69468,69500.2,516.3915
1773215100000,69500.2,69720,69479.6,69622.1,510.1121
1773216000000,69622.1,69740.2,69555.2,69600.7,279.5913
1773216900000,69600.7,69613.9,69464.4,69464.4,580.2817
1773217800000,69464.4,69752,69464.4,69643.5,634.2755
1773218700000,69643.5,69649.7,69468.7,69619.8,287.2699
1773219600000,69619.8,69634.7,69500,69504.7,230.6677
1773220500000,69504.7,69634.8,69501.1,69501.2,213.5909
1773221400000,69501.2,69604.1,69336,69523.5,782.0332
1773222300000,69523.5,69723.9,69364.1,69435.7,600.5208
1773223200000,69435.7,69504.9,69350.2,69463.9,358.4213
1773224100000,69463.9,69569.9,69403.5,69461.9,308.6876
1773225000000,69461.9,69702.6,69436.9,69648.4,336.3302
1773225900000,69648.4,69671,69541,69582.4,212.7931
1773226800000,69582.4,69646.5,69501,69572.7,351.6393
1773227700000,69572.7,69615.2,69383.8,69424,312.6808
1773228600000,69424,69520,69360.2,69414.6,263.2546
1773229500000,69414.6,69474.3,69076.5,69146.1,1459.3118
1773230400000,69146.1,69224.4,68935.1,69121.5,1289.5295
1773231300000,69121.5,69419,69120.4,69397.6,784.816
1773232200000,69397.6,69741.9,69130.8,69216.7,2358.7624
1773233100000,69216.7,69367.8,69112.2,69317.1,501.4418
1773234000000,69317.1,69952.8,69294,69815.2,1394.9668
1773234900000,69815.2,70354,69764,70172.2,2300.588
1773235800000,70172.2,71069.1,70162.7,70400,3784.936
1773236700000,70400,70531.3,69737.7,70135.9,2608.3716
1773237600000,70135.9,70768.6,69920,70179.2,2564.9079
1773238500000,70179.2,70656.8,70127,70611.3,1219.8045
1773239400000,70611.3,70916.4,70387.8,70796.7,1312.7325
1773240300000,70796.7,70934.3,70450.5,70529.3,904.949
1773241200000,70529.3,70604.3,69937.1,70106.8,1522.4887
1773242100000,70106.8,70450.4,69990,70159.4,851.175
1773243000000,70159.4,70250,69633.1,70019.2,1920.1163
1773243900000,70019.2,70301.2,69832.3,70196,669.9873
1773244800000,70196,70444.8,70117.5,70412.5,817.1232
1773245700000,70412.5,70565.9,70226.6,70423.5,714.303
1773246600000,70423.5,70750,70408.9,70712.9,1092.5518
1773247500000,70712.9,70797.6,70455.7,70533.7,862.2768
1773248400000,70533.7,70980.6,70515.7,70827.3,947.4444
1773249300000,70827.3,71280.7,70807.1,71209.5,1967.2201
1773250200000,71209.5,71315,70467.2,70789.2,2204.7427
1773251100000,70789.2,70928.3,70590,70739.6,521.5152
1773252000000,70739.6,70839.3,70598.6,70709.6,417.4485
1773252900000,70709.6,70869.6,70571.7,70667.9,489.4808
1773253800000,70667.9,70712.8,70363.4,70469.2,570.1595
1773254700000,70469.2,70745.5,70386.1,70580,345.8761
1773255600000,70580,70598.4,70348.1,70428.2,432.2733
1773256500000,70428.2,70535.3,70337.5,70490.1,293.8824
1773257400000,70490.1,70707.2,70430.8,70636.7,347.4557
1773258300000,70636.7,70689.3,70531.3,70603,195.9133
1773259200000,70603,70610,70390.2,70394,245.9233
1773260100000,70394,70480,70350.1,70402.8,296.1725
1773261000000,70402.8,70532.2,70394.4,70507.1,225.1585
1773261900000,70507.1,70665,70416.4,70592.5,314.6087
1773262800000,70592.5,70747.3,70452.5,70503.7,408.1496
1773263700000,70503.7,70560,70468.2,70515.1,151.3362
1773264600000,70515.1,70644.1,70506.8,70506.8,192.8803
1773265500000,70506.8,70742,70502.6,70707.1,162.889
1773266400000,70707.1,70914.8,70617.3,70763.1,469.634
1773267300000,70763.1,70764.5,70416.6,70454.2,388.7508
1773268200000,70454.2,70494.7,70232.9,70323.4,639.1901
1773269100000,70323.4,70460.1,70181.9,70331.1,429.5168
1773270000000,70331.1,70473.7,70311.3,70412.7,208.4287
1773270900000,70412.7,70417.9,70268.9,70328.4,284.4875
1773271800000,70328.4,70378.3,70169.7,70208.1,449.9583
1773272700000,70208.1,70257.2,70076,70149.7,341.3894
1773273600000,70149.7,70278,70089.3,70225.6,316.4403
1773274500000,70225.6,70318.6,70135.2,70210.1,302.5879
1773275400000,70210.1,70310,70101.1,70240,165.4765
1773276300000,70240,70255.4,70149.7,70179.3,102.8905
1773277200000,70179.3,70189.3,69835.4,69874.1,782.1911
1773278100000,69874.1,69957.1,69837.8,69868.2,270.0069
1773279000000,69868.2,69951.9,69736.9,69932,483.0047
1773279900000,69932,69969.5,69720,69810,500.6763
1773280800000,69810,69850,69713.2,69752,359.3422
1773281700000,69752,69794.6,69471.3,69570,813.2974
1773282600000,69570,69591.3,69320,69430.1,750.1912
1773283500000,69430.1,69462,69178.7,69251.4,692.0943
1773284400000,69251.4,69401.3,69204.2,69331.6,440.6671
1773285300000,69331.6,69466.7,69326,69384.5,339.0007
1773286200000,69384.5,69593.7,69359.7,69527,586.7358
1773287100000,69527,69531,69241.9,69414.8,546.2675
1773288000000,69414.8,69645.8,69408.4,69552.2,388.2036
1773288900000,69552.2,69578.3,69417.4,69446.8,179.1192
1773289800000,69446.8,69449.9,69252.7,69354.7,313.9227
1773290700000,69354.7,69385.4,69269.1,69344,202.408
1773291600000,69344,69445.4,69292.7,69321.3,168.3051
1773292500000,69321.3,69377.2,69180,69230.7,396.9447
1773293400000,69230.7,69529.8,69227.2,69477.6,411.8892
1773294300000,69477.6,69492.2,69366.2,69441.3,217.5629
1773295200000,69441.3,69453.1,69326.1,69424.6,197.7447
1773296100000,69424.6,69536.1,69380,69512.2,380.8671
1773297000000,69512.2,69526.8,69365.3,69456.5,221.4483
1773297900000,69456.5,69489,69400,69475,172.9369
1773298800000,69475,69507,69380,69467.3,211.8599
1773299700000,69467.3,69617.6,69458.9,69574.8,387.6726
1773300600000,69574.8,69733.3,69569.7,69647.2,701.3382
1773301500000,69647.2,69815.2,69647.2,69788.1,563.0679
1773302400000,69788.1,69885.7,69677.1,69731,564.1044
1773303300000,69731,70086.3,69710,69772.4,1149.3755
1773304200000,69772.4,69877.7,69664,69788.6,367.0265
1773305100000,69788.6,69877,69736.1,69875.8,276.273
1773306000000,69875.8,69886.9,69648.6,69743.8,407.1291
1773306900000,69743.8,69743.8,69524.2,69658.8,395.1494
1773307800000,69658.8,70299.9,69656.7,70243.3,758.4124
1773308700000,70243.3,70369.8,69826.2,69920.1,1054.9501
1773309600000,69920.1,70027.6,69797.2,69930,471.8604
1773310500000,69930,70173.6,69913.3,70113.8,522.731
1773311400000,70113.8,70423.1,70100,70341.4,924.2018
1773312300000,70341.4,70484.7,70211.5,70377.2,1154.1025
1773313200000,70377.2,70513.7,70330,70370.1,625.6876
1773314100000,70370.1,70595,70336.3,70504.5,745.4384
1773315000000,70504.5,70706.6,70433.9,70636.3,961.9738
1773315900000,70636.3,70766.3,70361,70383.3,752.7521
1773316800000,70383.3,70422,70231,70332.9,787.9637
1773317700000,70332.9,70447.1,70285.6,70385.2,470.8373
1773318600000,70385.2,70440.6,70246.7,70430,340.7489
1773319500000,70430,70582.6,70304,70347.8,478.063
1773320400000,70347.8,70496.8,70305,70375.2,322.0282
1773321300000,70375.2,70390,69951.9,70073.5,1661.8232
1773322200000,70073.5,70426.6,69891.2,70040.8,1488.7727
1773323100000,70040.8,70116.6,69637.8,69935.1,2165.4485
1773324000000,69935.1,70377,69920.8,70341.9,1386.1623
1773324900000,70341.9,70622.1,69869.4,69907.8,1884.2221
1773325800000,69907.8,69965,69340,69554.2,2693.6719
1773326700000,69554.2,69733.1,69305,69554.6,1353.7413
1773327600000,69554.6,69736.6,69428.7,69712.7,836.7155
1773328500000,69712.7,70392.7,69659.1,70249.7,1865.3787
1773329400000,70249.7,70530,70098.2,70330.9,1099.5954
1773330300000,70330.9,70456,70181.7,70288,928.5656
1773331200000,70288,70450,69854,70089.8,1280.7817
1773332100000,70089.8,70529,70001.5,70016.3,1150.3691
1773333000000,70016.3,70425.4,69987.5,70331.8,1090.0832
1773333900000,70331.8,70472.8,70194.6,70332.9,551.7484
1773334800000,70332.9,70499.7,70294.4,70384.1,523.0632
1773335700000,70384.1,70472.7,70150,70254.7,402.8307
1773336600000,70254.7,70402,70226.6,70323.6,424.8313
1773337500000,70323.6,70375.5,70026.3,70167.5,656.1601
1773338400000,70167.5,70264.8,70032.8,70160.9,377.347
1773339300000,70160.9,70234.7,69834,69988.8,716.9781
1773340200000,69988.8,70069.9,69834.8,69888,307.1138
1773341100000,69888,69913.9,69762.6,69787.7,311.0701
1773342000000,69787.7,69920,69726.1,69894.5,327.0804
1773342900000,69894.5,70185,69893.5,70173.7,718.7844
1773343800000,70173.7,70318.2,70163,70263,597.3356
1773344700000,70263,70510.9,70217.1,70390.3,746.6436
1773345600000,70390.3,70519.5,70304,70349.9,323.8109
1773346500000,70349.9,70378.7,70223.4,70268,497.056
1773347400000,70268,70268,70093,70093.6,325.8859
1773348300000,70093.6,70205.6,70073.1,70128,227.4827
1773349200000,70128,70439.4,70128,70358.4,269.13
1773350100000,70358.4,70378.1,70218.9,70255.7,105.7624
1773351000000,70255.7,70265.5,70160,70242.1,127.6135
1773351900000,70242.1,70349,70191.8,70240.9,152.5015
1773352800000,70240.9,70275.9,70131,70175.4,245.996
1773353700000,70175.4,70253.3,70080,70150,192.4691
1773354600000,70150,70198.9,70001.1,70030.7,194.8962
1773355500000,70030.7,70150,69976.6,70134.4,253.378
1773356400000,70134.4,70459.1,70119,70429.1,787.4671
1773357300000,70429.1,70706.2,70424.1,70497,893.2649
1773358200000,70497,70626.8,70423.2,70585.2,283.8815
1773359100000,70585.2,70621.9,70434.2,70481.7,244.7903
1773360000000,70481.7,71077.9,70348.1,71077.8,1569.5965
1773360900000,71077.8,71726.5,71064,71442,2729.2203
1773361800000,71442,71966.5,71437.4,71470,2552.0636
1773362700000,71470,71512,71192.1,71437.5,1143.8264
1773363600000,71437.5,71663,71430.3,71552.4,915.8267
1773364500000,71552.4,71720,71418.1,71480.1,493.4795
1773365400000,71480.1,71671.4,71237,71564.9,715.4543
1773366300000,71564.9,71658.9,71512.1,71625,453.95
1773367200000,71625,71654.2,71460,71510.4,234.3945
1773368100000,71510.4,71576.7,71377.9,71418.8,213.1535
1773369000000,71418.8,71450,71112.3,71138,792.6289
1773369900000,71138,71243.2,71008.4,71113.5,689.4114
1773370800000,71113.5,71239,71061,71141,332.5312
1773371700000,71141,71262.6,71050,71071.6,258.673
1773372600000,71071.6,71165.1,70919.9,71118.7,613.462
1773373500000,71118.7,71480,71101.1,71370.1,623.9655
1773374400000,71370.1,71458.9,71310,71331,239.3176
1773375300000,71331,71332.8,71204.9,71281.7,307.9198
1773376200000,71281.7,71381,71234.9,71364.4,223.7978
1773377100000,71364.4,71398.7,71261.9,71349.8,259.3665
1773378000000,71349.8,71398.5,71204.7,71238.7,263.6519
1773378900000,71238.7,71411.7,71224.5,71380.2,257.4139
1773379800000,71380.2,71585.1,71375.3,71560.6,577.4643
1773380700000,71560.6,71598.1,71431.4,71509.2,416.831
1773381600000,71509.2,71557.9,71411.9,71430.3,247.0937
1773382500000,71430.3,71467.5,71169.5,71203.8,515.3571
1773383400000,71203.8,71307.4,71138.5,71222.7,816.0429
1773384300000,71222.7,71356.3,71163,71307.3,641.4633
1773385200000,71307.3,71469.8,71200.1,71390,649.4208
1773386100000,71390,71548.6,71365,71472.8,254.4732
1773387000000,71472.8,71551.6,71340.8,71539.1,560.0531
1773387900000,71539.1,71637.5,71490.4,71584.8,467.8566
1773388800000,71584.8,71614.7,71349,71433,382.9458
1773389700000,71433,71564.2,71397.8,71548.3,249.0161
1773390600000,71548.3,72139.2,71541.2,71893.8,2426.3791
1773391500000,71893.8,71915.2,71668.2,71783.3,872.6069
1773392400000,71783.3,71939.8,71705.8,71725.9,581.2991
1773393300000,71725.9,71797.6,71548.5,71780.3,567.5236
1773394200000,71780.3,71899.8,71750,71835.8,451.138
1773395100000,71835.8,72069.3,71802.6,71969.7,623.4033
1773396000000,71969.7,72244.8,71957.4,72219.9,1003.8217
1773396900000,72219.9,72488,72211.2,72313.3,1499.9622
1773397800000,72313.3,72544.1,72277.8,72449,1082.4946
1773398700000,72449,72540,72315.3,72413.9,701.3355
1773399600000,72413.9,72485.1,72186.8,72254,667.5043
1773400500000,72254,72444,72251.5,72283.6,274.0239
1773401400000,72283.6,72322.3,72200,72266.2,304.3009
1773402300000,72266.2,72307.6,72155.7,72180.3,258.6923
1773403200000,72180.3,72410.4,72156,72372.6,414.9987
1773404100000,72372.6,72467.4,72283.1,72366.2,327.2536
1773405000000,72366.2,72600,72276.3,72303.2,823.6938
1773405900000,72303.2,72844,72287.2,72730.5,2109.6342
1773406800000,72730.5,72885,72636,72749.8,891.6019
1773407700000,72749.8,73286.4,72663.8,72986,3134.263
1773408600000,72986,73297.9,72717.6,73229.9,2314.1014
1773409500000,73229.9,73555,73193.3,73335.1,2457.9121
1773410400000,73335.1,73572.9,73226.9,73460,1814.4242
1773411300000,73460,73850,73297.6,73678.3,2262.6552
1773412200000,73678.3,73850.5,72876.8,72884,2787.8205
1773413100000,72884,72937.7,72312.8,72349.6,2937.2345
1773414000000,72349.6,72664.7,72136.5,72615.8,2166.0929
1773414900000,72615.8,72796,72429.3,72442.6,1067.2108
1773415800000,72442.6,72566.5,71850.3,71958.1,1952.8893
1773416700000,71958.1,72220,71701,71791.9,1891.8868
1773417600000,71791.9,71906,71536.1,71691.9,1788.0726
1773418500000,71691.9,71735.8,71129.9,71357.3,2735.9695
1773419400000,71357.3,71849.1,71348.5,71798.1,1754.2708
1773420300000,71798.1,72066.4,71719.2,71840.6,1141.4461
1773421200000,71840.6,72109.5,71831.7,72079.4,579.7664
1773422100000,72079.4,72215.8,71559,71624.9,1324.6667
1773423000000,71624.9,71657.8,71017.4,71167.1,1505.2294
1773423900000,71167.1,71251.9,70870,70999.4,1714.0821
1773424800000,70999.4,71217.8,70900,71187.1,993.9343
1773425700000,71187.1,71220,70807.4,71166.5,970.4715
1773426600000,71166.5,71322.2,71137.7,71200,432.8638
1773427500000,71200,71210.6,70972,71023.9,433.0118
1773428400000,71023.9,71255.8,70964.8,71190.1,410.841
1773429300000,71190.1,71278.5,70989,71054.6,413.3838
1773430200000,71054.6,71178.7,71004.3,71113.1,398.6271
1773431100000,71113.1,71232.2,71050.1,71149.2,477.7958
1773432000000,71149.2,71333,71113.1,71316.4,344.8095
1773432900000,71316.4,71438.6,71223.8,71270.6,457.0935
1773433800000,71270.6,71315.8,71238.2,71287.5,152.8989
1773434700000,71287.5,71436.7,71236.5,71317.7,385.484
1773435600000,71317.7,71451.9,71317.7,71372.2,267.1817
1773436500000,71372.2,71390.5,71104.7,71135.7,237.3938
1773437400000,71135.7,71274.6,71024,71088.4,385.0805
1773438300000,71088.4,71209.1,71068.2,71068.3,144.235
1773439200000,71068.3,71157,70648,70815.3,1210.802
1773440100000,70815.3,70818.3,70610.1,70642.3,736.4208
1773441000000,70642.3,70748.9,70530,70693.4,577.538
1773441900000,70693.4,70794,70650,70794,226.3099
1773442800000,70794,70798.9,70670.3,70785.8,305.0953
1773443700000,70785.8,70977.5,70770,70866.9,361.8449
1773444600000,70866.9,70935.4,70828.9,70913.7,168.7955
1773445500000,70913.7,70964.2,70874,70900,238.3908
1773446400000,70900,70900,70713.3,70866.9,302.8395
1773447300000,70866.9,70931.1,70755,70891.3,227.3918
1773448200000,70891.3,70902.6,70535,70547.1,480.0404
1773449100000,70547.1,70689.5,70530,70605.1,423.0225
1773450000000,70605.1,70744.5,70605,70666.4,298.5788
1773450900000,70666.4,70787.5,70666.4,70757.1,152.8757
1773451800000,70757.1,70811,70456.6,70789.2,980.6176
1773452700000,70789.2,70882.3,70782.4,70802.8,341.0254
1773453600000,70802.8,70878,70751.8,70831.6,153.9541
1773454500000,70831.6,70847,70755.4,70780.1,104.3525
1773455400000,70780.1,70815.5,70708.4,70746.2,149.1118
1773456300000,70746.2,70848.7,70709,70760.4,266.852
1773457200000,70760.4,70984.4,70760.3,70974.9,399.3653
1773458100000,70974.9,71099.8,70930.2,71013.4,500.8188
1773459000000,71013.4,71167.3,71013.3,71117.6,336.635
1773459900000,71117.6,71123.9,71022,71048.9,133.7235
1773460800000,71048.9,71190,71032,71166.8,306.3887
1773461700000,71166.8,71184.6,71066.8,71167.9,189.5723
1773462600000,71167.9,71288,71095.2,71254.5,341.3007
1773463500000,71254.5,71276.7,70997,71013.6,445.9131
1773464400000,71013.6,71100,70956.8,71080.8,346.0649
1773465300000,71080.8,71125.9,71026.1,71089,182.1244
1773466200000,71089,71090,70880.4,70973.6,407.3661
1773467100000,70973.6,71024,70950,70988.2,115.1473
1773468000000,70988.2,70988.2,70850,70889,282.2807
1773468900000,70889,70895.2,70651,70680,729.5943
1773469800000,70680,70713.5,70278,70430.5,1219.4875
1773470700000,70430.5,70663.1,70383.6,70595.5,607.7027
1773471600000,70595.5,70701.9,70561.4,70672.6,310.3839
1773472500000,70672.6,70675.5,70516.6,70662.8,305.8004
1773473400000,70662.8,70710,70446.6,70510,474.7485
1773474300000,70510,70594,70448.9,70571.2,326.3104
1773475200000,70571.2,70683.1,70535.9,70672.8,235.1386
1773476100000,70672.8,70685.9,70557.5,70646.6,383.1651
1773477000000,70646.6,70656.2,70518.4,70525.1,137.8006
1773477900000,70525.1,70564.7,70500.4,70554.2,129.0546
1773478800000,70554.2,70679,70522.9,70663.8,150.8373
1773479700000,70663.8,70700,70589.5,70655.4,200.3993
1773480600000,70655.4,70655.4,70522.5,70587.9,242.8042
1773481500000,70587.9,70587.9,70358.8,70479,362.7765
1773482400000,70479,70532.6,70436.5,70513,174.1168
1773483300000,70513,70513.1,70382.7,70436.5,163.3621
1773484200000,70436.5,70511.6,70347.9,70480,229.9109
1773485100000,70480,70543,70479.9,70532.2,118.8138
1773486000000,70532.2,70666.7,70518.5,70637,224.5588
1773486900000,70637,70683.8,70614.1,70637.4,149.1267
1773487800000,70637.4,70707.8,70591,70664.3,175.2623
1773488700000,70664.3,70777,70660,70707,240.9731
1773489600000,70707,70809.9,70661.4,70718.5,295.5002
1773490500000,70718.5,70738.9,70672.6,70682.8,108.8135
1773491400000,70682.8,70711.2,70572.7,70603.6,273.7966
1773492300000,70603.6,70746.5,70603.6,70737.3,214.0926
1773493200000,70737.3,70747.5,70675.4,70727.7,158.6572
1773494100000,70727.7,70898.7,70727.7,70879.6,457.2511
1773495000000,70879.6,70886.2,70823.4,70835,181.5722
1773495900000,70835,70879.2,70757,70821.5,190.5026
1773496800000,70821.5,70927.3,70686.1,70706.4,392.5893
1773497700000,70706.4,70785.7,70665,70785.6,127.499
1773498600000,70785.6,70804.3,70542.4,70569.9,304.6429
1773499500000,70569.9,70635.6,70543.1,70564.3,216.5044
1773500400000,70564.3,70689.3,70520,70620.4,234.7189
1773501300000,70620.4,70695.7,70588.9,70630.6,210.5032
1773502200000,70630.6,70630.6,70456.1,70500.1,353.9657
1773503100000,70500.1,70581.4,70489.2,70552.7,85.089
1773504000000,70552.7,70618.5,70465,70547.7,294.4843
1773504900000,70547.7,70628.7,70537.6,70628.6,72.5118
1773505800000,70628.6,70662,70601.8,70617.5,76.7727
1773506700000,70617.5,70676.9,70559.7,70636.6,85.7028
1773507600000,70636.6,70660,70603,70659.9,59.2675
1773508500000,70659.9,70705.9,70639.1,70703.6,106.9709
1773509400000,70703.6,70704.8,70604.1,70638,70.5411
1773510300000,70638,70638.1,70550,70587.1,99.4016
1773511200000,70587.1,70587.1,70527.7,70545.6,90.2688
1773512100000,70545.6,70600.9,70524.8,70585,62.6628
1773513000000,70585,70644.7,70585,70615.7,73.512
1773513900000,70615.7,70670.6,70602.7,70628.2,60.336
1773514800000,70628.2,70668.2,70557.8,70658.4,99.2692
1773515700000,70658.4,70680,70625.7,70644.4,32.8471
1773516600000,70644.4,70693.8,70605.8,70693.7,41.0265
1773517500000,70693.7,70705,70655.8,70667.5,36.2123
1773518400000,70667.5,70680.5,70613.6,70655.9,39.0912
1773519300000,70655.9,70726.1,70652.2,70700,86.0933
1773520200000,70700,70832.9,70695.8,70808.4,184.9497
1773521100000,70808.4,70824.1,70761.6,70769.5,87.9224
1773522000000,70769.5,70769.5,70626,70626,159.3747
1773522900000,70626,70687.9,70626,70655.7,73.8848
1773523800000,70655.7,70725.8,70639.6,70702.5,72.1502
1773524700000,70702.5,70790.7,70668.9,70771.3,79.0816
1773525600000,70771.3,70773,70677.4,70677.5,103.9076
1773526500000,70677.5,70742.5,70675.4,70702.4,80.1737
1773527400000,70702.4,70773.2,70696.4,70719.9,47.0753
1773528300000,70719.9,70719.9,70663.6,70681.3,53.9765
1773529200000,70681.3,71075.6,70670.9,70974.1,771.1583
1773530100000,70974.1,71027.5,70870.5,70994.4,218.9371
1773531000000,70994.4,71197.6,70986.4,71142,429.0903
1773531900000,71142,71218,71063.2,71176.1,323.7554
1773532800000,71176.1,71177.9,70989,71047.4,258.543
1773533700000,71047.4,71176,70963.8,71028.2,312.3116
1773534600000,71028.2,71082.1,70931.7,71039.2,178.2343
1773535500000,71039.2,71039.9,70925,70949.8,83.4786
1773536400000,70949.8,71004.9,70828.5,70917.4,205.9086
1773537300000,70917.4,70971.7,70870,70902.5,91.701
1773538200000,70902.5,70919,70816.8,70895.9,164.6964
1773539100000,70895.9,71007.7,70854.3,70960,173.3652
1773540000000,70960,71360.1,70960,71267.2,725.3772
1773540900000,71267.2,71309.1,71158,71234,325.3858
1773541800000,71234,71385.1,71122.4,71384.2,379.2384
1773542700000,71384.2,71598.6,71326.9,71411.7,997.241
1773543600000,71411.7,71495.4,71371.4,71416.3,300.8203
1773544500000,71416.3,71430.6,71282.7,71299.1,382.6468
1773545400000,71299.1,71400,71193.2,71298.4,515.3776
1773546300000,71298.4,71328.4,71230,71322.9,156.563
1773547200000,71322.9,71590,71283.9,71552.3,508.3753
1773548100000,71552.3,71629.9,71464.1,71493.6,388.3784
1773549000000,71493.6,71549.1,71413.8,71549,200.0355
1773549900000,71549,71549,71455.6,71545,186.1739
1773550800000,71545,71545,71430.9,71502.5,150.6096
1773551700000,71502.5,71777,71481.1,71599.8,667.2634
1773552600000,71599.8,71661,71539,71603.4,229.8002
1773553500000,71603.4,71620.7,71440.7,71453.2,309.9787
1773554400000,71453.2,71550,71441.6,71526.1,247.5977
1773555300000,71526.1,71548.5,71420,71427.7,236.7049
1773556200000,71427.7,71432.6,71352.8,71381.5,292.2409
1773557100000,71381.5,71447.6,71370,71414.8,167.1424
1773558000000,71414.8,71616.5,71391.5,71571,361.4431
1773558900000,71571,71628,71524,71526.8,259.1881
1773559800000,71526.8,71526.8,71410.4,71410.4,193.0656
1773560700000,71410.4,71437.5,71370.1,71426.5,203.4055
1773561600000,71426.5,71598.9,71420.1,71557.4,300.7841
1773562500000,71557.4,71653.7,71506.4,71543.9,291.3452
1773563400000,71543.9,71546.6,71456,71536.8,151.3276
1773564300000,71536.8,71679.9,71536.8,71679.4,242.3556
1773565200000,71679.4,71870,71675.1,71777.4,1208.0972
1773566100000,71777.4,71907.9,71755.5,71807,495.7963
1773567000000,71807,71832,71682,71709.9,340.7978
1773567900000,71709.9,71802,71668.3,71752.1,210.887
1773568800000,71752.1,71804.5,71677,71769.1,230.5155
1773569700000,71769.1,71876.9,71751.3,71819.6,149.4184
1773570600000,71819.6,71824,71750,71788.1,103.2069
1773571500000,71788.1,71790.5,71733.1,71740.5,126.0775
1773572400000,71740.5,71744.8,71652.4,71668.8,224.6145
1773573300000,71668.8,71775,71615,71659.9,249.7409
1773574200000,71659.9,71729.9,71622.9,71713,166.692
1773575100000,71713,71853.6,71691.9,71800,259.6769
1773576000000,71800,71800.1,71657.2,71667.7,273.0693
1773576900000,71667.7,71724.7,71625.1,71672.5,186.1892
1773577800000,71672.5,71697.3,71513.2,71531.9,342.9245
1773578700000,71531.9,71630.4,71528.7,71577.5,257.1118
1773579600000,71577.5,71648.7,71231.2,71406.7,920.7697
1773580500000,71406.7,71507.5,71227.8,71490.1,592.2132
1773581400000,71490.1,71541.6,71243.1,71413.4,639.9791
1773582300000,71413.4,71584.6,71351.5,71568.7,286.7145
1773583200000,71568.7,71592.6,71486.9,71543.1,262.1119
1773584100000,71543.1,71543.1,71364,71420.2,330.722
1773585000000,71420.2,71455,71304.3,71455,237.3339
1773585900000,71455,71587.3,71392.4,71586.8,260.4533
1773586800000,71586.8,71588.2,71461.4,71505.4,202.2617
1773587700000,71505.4,71570,71420,71437.2,204.6287
1773588600000,71437.2,71509.9,71371.8,71450.4,186.0454
1773589500000,71450.4,71482.8,71425.5,71442.3,82.1321
1773590400000,71442.3,71555,71410.8,71524.1,125.4131
1773591300000,71524.1,71525,71277.3,71360,372.6886
1773592200000,71360,71469.3,71288.4,71406.1,285.8597
1773593100000,71406.1,71431.6,71300.1,71401.2,182.542
1773594000000,71401.2,71479.2,71370.1,71444.9,104.5057
1773594900000,71444.9,71513.9,71413,71473,92.3668
1773595800000,71473,71514.2,71435.9,71488.9,95.1879
1773596700000,71488.9,71959.9,71479.2,71783.1,1192.0295
1773597600000,71783.1,71850,71657.4,71684.3,298.9049
1773598500000,71684.3,71749.9,71644.4,71688.5,184.4837
1773599400000,71688.5,71798.9,71650,71653.9,117.6777
1773600300000,71653.9,71672,71277,71345.6,585.1661
1773601200000,71345.6,71499.9,71294.4,71446.2,290.5194
1773602100000,71446.2,71509.8,71381.8,71480,106.1544
1773603000000,71480,71543,71414.3,71450.6,110.2735
1773603900000,71450.6,71527.8,71419.4,71514,82.3282
1773604800000,71514,71521,71459.2,71499.8,59.5967
1773605700000,71499.8,71540.8,71390.4,71452.1,131.2717
1773606600000,71452.1,71892,71452.1,71804.6,627.3953
1773607500000,71804.6,71858.3,71680,71687.5,238.6373
1773608400000,71687.5,71716.4,71589,71604.4,147.9967
1773609300000,71604.4,71774.4,71604.3,71727.3,179.5851
1773610200000,71727.3,72178.9,71727.3,72075.6,1237.4744
1773611100000,72075.6,72199.5,71972.5,72073.8,337.6934
1773612000000,72073.8,72288,71727.1,71764.2,1334.3645
1773612900000,71764.2,71937.5,71670.9,71894.1,556.047
1773613800000,71894.1,72469.7,71894,72349.4,1441.7967
1773614700000,72349.4,73086.3,72349.3,72700,2882.7182
1773615600000,72700,73199.9,72695.3,72953.1,1521.4576
1773616500000,72953.1,73088.4,72423,72442.7,1344.2747
1773617400000,72442.7,72720.2,72367.4,72664.8,769.4217
1773618300000,72664.8,72783.7,72509.8,72769.5,602.6639
1773619200000,72769.5,72973.5,72664.9,72670.2,698.4038
1773620100000,72670.2,72831.8,72454.7,72469.1,588.3742
1773621000000,72469.1,72641.5,72410.6,72481.1,445.5763
1773621900000,72481.1,72627.2,72477.1,72494.1,331.7865
1773622800000,72494.1,72589.4,72230,72285.2,599.4552
1773623700000,72285.2,72660,72285.1,72613.6,319.7498
1773624600000,72613.6,72623.5,72431.4,72558.4,239.5202
1773625500000,72558.4,72822.6,72545.1,72720,294.7341
1773626400000,72720,72820,72628.5,72652.6,262.3271
1773627300000,72652.6,72706.3,72349.8,72415.1,502.9881
1773628200000,72415.1,72449.3,72333.3,72406.9,167.1603
1773629100000,72406.9,72566.1,72381.1,72481.3,185.6972
1773630000000,72481.3,72556.2,72396.3,72488.3,182.0823
1773630900000,72488.3,72849.4,72450.2,72819.9,520.2376
1773631800000,72819.9,74299.2,72814,73738.3,5956.5688
1773632700000,73738.3,73856.3,73502.8,73526.9,956.471
1773633600000,73526.9,73759.2,73526.8,73647.8,769.1622
1773634500000,73647.8,74037,73540.1,73564.4,1138.9989
1773635400000,73564.4,73785.1,73561.6,73586,446.2138
1773636300000,73586,74428.2,73551.5,73786.5,1953.7614
1773637200000,73786.5,74049,73685.8,73817,1095.3656
1773638100000,73817,73936.1,73740.5,73866,348.6943
1773639000000,73866,74063.4,73670,74005.9,525.1101
1773639900000,74005.9,74211.9,73949,74155.7,963.0881
1773640800000,74155.7,74155.7,73559.1,73667,917.1043
1773641700000,73667,73792.3,73649.8,73672.7,497.8821
1773642600000,73672.7,73822.6,73656.2,73779.5,271.7506
1773643500000,73779.5,73808,73666,73666,260.4261
1773644400000,73666,73880.4,73614.9,73808.4,386.6626
1773645300000,73808.4,73811,73654.4,73795,318.9772
1773646200000,73795,73833.6,73408.8,73439,698.9905
1773647100000,73439,73492.6,73336.6,73417.7,465.0578
1773648000000,73417.7,73736.4,73417.7,73465.7,692.5837
1773648900000,73465.7,73523.8,73311.8,73313.5,525.044
1773649800000,73313.5,73332.3,72848.7,72856.8,1356.0228
1773650700000,72856.8,73161.1,72846,73095.4,1040.9961
1773651600000,73095.4,73175.3,73021.3,73091.7,242.7827
1773652500000,73091.7,73256.3,73091.7,73242.8,306.5781
1773653400000,73242.8,73260.3,73133.6,73167.9,308.1799
1773654300000,73167.9,73318.3,73161.2,73230,318.0729
1773655200000,73230,73450,73230,73310.5,506.9909
1773656100000,73310.5,73482.1,73259.5,73411.2,498.257
1773657000000,73411.2,73411.3,73154.3,73232.6,309.8797
1773657900000,73232.6,73749,73200,73743,1306.8242
1773658800000,73743,73811,73560,73565.8,817.3008
1773659700000,73565.8,73710.2,73490.8,73509,328.6709
1773660600000,73509,73618,73457.8,73573.1,217.4719
1773661500000,73573.1,73630.5,73479.4,73508.9,192.9213
1773662400000,73508.9,73759,73410.1,73550.1,595.4286
1773663300000,73550.1,73848.2,73437.3,73824.3,837.0485
1773664200000,73824.3,74000.9,73710.8,73761.4,1132.4138
1773665100000,73761.4,73835.4,73670.8,73819.1,415.051
1773666000000,73819.1,73969,73788.7,73920,394.9857
1773666900000,73920,73940.2,73734.1,73854.9,382.1083
1773667800000,73854.9,74484,73788,74040.7,2610.4521
1773668700000,74040.7,74350,73816.9,74065,1317.8369
1773669600000,74065,74416.6,73910.5,74243.7,1255.8342
1773670500000,74243.7,74321,73544.4,73567.2,1183.3531
1773671400000,73567.2,73593.8,72948.7,73100.6,2891.4197
1773672300000,73100.6,73549.7,72962.9,73515.1,1167.1439
1773673200000,73515.1,73752.9,73276.3,73632.5,1156.2937
1773674100000,73632.5,73877.9,73511.8,73795.4,979.3265
1773675000000,73795.4,73998.5,73451.6,73506.1,741.6367
1773675900000,73506.1,73573,73142.3,73235.2,697.7531
1773676800000,73235.2,73475.1,73110,73296.1,554.5506
1773677700000,73296.1,73460.1,73289.9,73378,370.8414
1773678600000,73378,73638.3,73285.1,73621.9,464.9541
1773679500000,73621.9,73868.8,73560.5,73719,822.0766
1773680400000,73719,73911,73650,73797.5,515.7347
1773681300000,73797.5,73853.6,73628.9,73648.8,322.8905
1773682200000,73648.8,73933.4,73605.3,73851.4,671.4508
1773683100000,73851.4,74065.4,73721.6,73905.8,739.2187
1773684000000,73905.8,74307.6,73863.9,74172.8,960.129
1773684900000,74172.8,74275.4,74062.8,74217.6,985.2242
1773685800000,74217.6,74330,73974.7,74167.3,660.3754
1773686700000,74167.3,74172,73800.6,73877.1,555.758
1773687600000,73877.1,74390.2,73735,74130.1,757.6025
1773688500000,74130.1,74230.7,73920.5,74077.6,287.8353
1773689400000,74077.6,74217.3,74067.9,74111.9,275.2578
1773690300000,74111.9,74119.3,73802.6,73929.7,433.8358
1773691200000,73929.7,73951,73821.3,73869.9,177.265
1773692100000,73869.9,74037,73844,73936.9,99.3336
1773693000000,73936.9,74080,73936.9,74004.2,156.8325
1773693900000,74004.2,74209.3,74004,74193.2,222.6323
1773694800000,74193.2,74500,74100.8,74322,1037.2045
1773695700000,74322,74440.3,74157,74237.5,551.1864
1773696600000,74237.5,74766,74205.2,74402.1,1366.7229
1773697500000,74402.1,74585.9,74317.2,74360.6,397.9233
1773698400000,74360.6,74860,74333.8,74833.1,934.8309
1773699300000,74833.1,74850,74531.3,74610.1,858.3379
1773700200000,74610.1,74742.8,74571.1,74719.8,301.7178
1773701100000,74719.8,74831.8,74625,74726.9,569.991
1773702000000,74726.9,74726.9,74200,74355.1,1117.5837
1773702900000,74355.1,74570,74355.1,74568.8,372.6726
1773703800000,74568.8,74850,74551.1,74830.6,604.2846
1773704700000,74830.6,74877.7,74631.6,74837.8,431.727
1773705600000,74837.8,75434,74566.1,75367.4,2792.0935
1773706500000,75367.4,75489.6,74792.1,75049.1,1407.6127
1773707400000,75049.1,75209.7,74871.8,74953.3,512.6266
1773708300000,74953.3,75280,74874.4,75280,324.5652
1773709200000,75280,75943.4,75030.5,75798.2,2355.5693
1773710100000,75798.2,75943.4,75570.2,75887.9,1036.0865
1773711000000,75887.9,75974.9,75457.6,75632.4,1182.9082
1773711900000,75632.4,75733,75416.8,75576,398.871
1773712800000,75576,75637.8,75084.3,75208.4,1017.6363
1773713700000,75208.4,75241,75071.8,75131.1,375.8073
1773714600000,75131.1,75430,75080,75355.9,408.9624
1773715500000,75355.9,75380,75100,75159.1,415.899
1773716400000,75159.1,75293.5,74874.9,74910.1,577.2422
1773717300000,74910.1,74976.9,74705,74791.1,655.1501
1773718200000,74791.1,74805.9,74306.3,74396.4,1492.935
1773719100000,74396.4,74497.8,74230,74430.3,1135.3644
1773720000000,74430.3,74646.3,74396.8,74644.7,736.5305
1773720900000,74644.7,74652.1,74260,74396,862.4897
1773721800000,74396,74473.4,73933.6,74041.9,1565.6678
1773722700000,74041.9,74266.9,74014.6,74210.4,431.8547
1773723600000,74210.4,74360,74065,74256.1,582.782
1773724500000,74256.1,74396.5,74180,74384,341.5841
1773725400000,74384,74444,73851.7,73907.3,917.4563
1773726300000,73907.3,74078.2,73737.3,74004.9,920.439
1773727200000,74004.9,74141.2,73850.7,74119.6,475.5362
1773728100000,74119.6,74245.3,74050,74187.9,361.4015
1773729000000,74187.9,74250,73948.7,73975.8,445.2708
1773729900000,73975.8,74067.1,73927.7,74056.1,880.8964
1773730800000,74056.1,74331.5,74034.2,74293.7,324.1364
1773731700000,74293.7,74430.6,74285.8,74370.2,435.0313
1773732600000,74370.2,74375.7,74269.5,74364.8,347.4198
1773733500000,74364.8,74364.8,74192,74223.9,231.8417
1773734400000,74223.9,74432.8,74112.6,74194.9,439.2115
1773735300000,74194.9,74371.4,74073.2,74279.9,221.4746
1773736200000,74279.9,74406.7,74135,74364.3,309.5238
1773737100000,74364.3,74393.9,74100,74161.8,311.1218
1773738000000,74161.8,74230,73988,74017.5,478.8122
1773738900000,74017.5,74374.7,73960,74275.5,699.7864
1773739800000,74275.5,74297.6,74101.2,74153.2,289.3021
1773740700000,74153.2,74153.2,73792.7,73903.4,990.2752
1773741600000,73903.4,73934.2,73514.7,73649.9,1674.0853
1773742500000,73649.9,73808.9,73537.1,73720.1,426.9584
1773743400000,73720.1,73764.7,73556.7,73708,527.0011
1773744300000,73708,73749.9,73611.2,73702.9,189.5616
1773745200000,73702.9,73954.8,73650,73898.2,500.4531
1773746100000,73898.2,74041.8,73844.1,73973,447.7644
1773747000000,73973,74092.2,73905,74076,424.4904
1773747900000,74076,74189.1,73973.2,73987.9,362.6203
1773748800000,73987.9,74144.2,73968.8,74020.5,253.2059
1773749700000,74020.5,74111.5,73733,73755.8,581.0294
1773750600000,73755.8,73880,73650,73802.4,449.3573
1773751500000,73802.4,73802.4,73627.7,73707.5,377.8545
1773752400000,73707.5,73806.4,73650,73806.3,237.2875
1773753300000,73806.3,73844.7,73621.9,73669.8,273.6544
1773754200000,73669.8,74140.2,73642.1,73681.4,1736.0483
1773755100000,73681.4,73844.9,73322.9,73581.7,1588.7304
1773756000000,73581.7,73769.1,73388.5,73682.6,895.9115
1773756900000,73682.6,73899.1,73486.7,73851,538.1556
1773757800000,73851,74255.7,73850.6,74202.1,1360.5705
1773758700000,74202.1,74377.7,74055,74343.6,896.746
1773759600000,74343.6,74850,74054,74074.9,2659.8203
1773760500000,74074.9,74256.8,73933.8,74009.6,729.8472
1773761400000,74009.6,74122,73624.8,73860,797.9601
1773762300000,73860,74026,73682.4,73873.9,386.2157
1773763200000,73873.9,74122.5,73820.2,73932,360.5136
1773764100000,73932,74313.5,73912,74170.4,971.6918
1773765000000,74170.4,74203.8,73946.3,74100,387.1082
1773765900000,74100,74225.4,73973.8,74127.9,197.159
1773766800000,74127.9,74270.9,73972.2,74175.3,729.135
1773767700000,74175.3,74422.1,74128.8,74255.2,643.1507
1773768600000,74255.2,74451.2,74180.2,74394.6,306.9674
1773769500000,74394.6,74566,74328,74487.7,490.5416
1773770400000,74487.7,74644,74411.1,74553.8,497.8107
1773771300000,74553.8,74620,74340.1,74378,406.0048
1773772200000,74378,74688.8,74371.7,74581.5,381.1108
1773773100000,74581.5,74740.2,74527,74642.3,313.801
1773774000000,74642.3,74766.7,74600.1,74700.8,239.0275
1773774900000,74700.8,74766.1,74484.2,74591.6,359.7366
1773775800000,74591.6,74743.8,74480.8,74632,458.5867
1773776700000,74632,74655.7,74388.9,74471.5,424.3112
1773777600000,74471.5,74480,74326.2,74333.2,331.5283
1773778500000,74333.2,74655.7,74333.1,74618.4,256.0771
1773779400000,74618.4,74618.5,74465,74514,186.1981
1773780300000,74514,74547,74450,74472.8,72.9435
1773781200000,74472.8,74757.1,74423,74673,182.18
1773782100000,74673,74687.3,74523.3,74523.3,155.0273
1773783000000,74523.3,74766.6,74457.9,74699.7,310.1101
1773783900000,74699.7,74750,74612.6,74650.4,100.0932
1773784800000,74650.4,74738,74524.8,74547.8,191.1445
1773785700000,74547.8,74561.9,74333.2,74333.2,317.7243
1773786600000,74333.2,74353.1,73884.8,74126.3,1151.4996
1773787500000,74126.3,74316.3,74097.1,74269.1,293.0316
1773788400000,74269.1,74370.4,74176.2,74288.8,193.259
1773789300000,74288.8,74295.5,74047.2,74154.3,220.8485
1773790200000,74154.3,74154.3,73877.3,73907.4,348.3224
1773791100000,73907.4,74026,73829.3,73868.1,420.09
1773792000000,73868.1,74030,73777,73953.9,390.9149
1773792900000,73953.9,73980.4,73625.6,73736.1,525.3328
1773793800000,73736.1,73766.5,73481.4,73680.8,643.7717
1773794700000,73680.8,73846.2,73680.8,73818.2,313.7289
1773795600000,73818.2,73950,73774.6,73868.1,353.8964
1773796500000,73868.1,74012.2,73810,73970.4,178.0318
1773797400000,73970.4,74170.7,73970.3,74100.4,544.8897
1773798300000,74100.4,74179.4,73969.7,74035.7,192.026
1773799200000,74035.7,74255,74009.9,74239.6,235.7433
1773800100000,74239.6,74258.7,74132.7,74182.8,177.3215
1773801000000,74182.8,74381.4,74155.8,74369.9,312.2051
1773801900000,74369.9,74438,74284.2,74294.8,285.734
1773802800000,74294.8,74363,74207.5,74229.2,251.8774
1773803700000,74229.2,74592.7,74227,74485.1,573.8519
1773804600000,74485.1,74638,74404,74448.3,466.664
1773805500000,74448.3,74482.5,74361.5,74412.1,218.1238
1773806400000,74412.1,74455.7,74350.8,74393.5,199.4288
1773807300000,74393.5,74399.6,74207.9,74218.7,269.3691
1773808200000,74218.7,74221.1,74132.5,74196,303.3026
1773809100000,74196,74231.1,74096,74131.5,171.9923
1773810000000,74131.5,74268,74106.5,74239.9,353.2144
1773810900000,74239.9,74249.9,74006.9,74031.1,225.0757
1773811800000,74031.1,74119,73943.6,73962.2,303.5207
1773812700000,73962.2,74024.7,73799.6,73915.9,638.4947
1773813600000,73915.9,74067.9,73903.7,74055.2,355.2611
1773814500000,74055.2,74196.5,73991.1,74137.2,324.8321
1773815400000,74137.2,74180.9,73962.8,74014.2,393.1046
1773816300000,74014.2,74075.3,73900,73915.2,190.1315
1773817200000,73915.2,73961.9,73825.4,73949,287.3388
1773818100000,73949,73956,73770.4,73809.1,308.4232
1773819000000,73809.1,73809.1,73669.6,73680.1,397.4993
1773819900000,73680.1,73879.2,73650.7,73849.3,312.2972
1773820800000,73849.3,73990.4,73822.9,73977.3,279.6849
1773821700000,73977.3,74040.8,73927.1,74003,306.5163
1773822600000,74003,74067.9,73929.1,74042.1,244.7289
1773823500000,74042.1,74085.3,73974.3,74010.6,197.4549
1773824400000,74010.6,74158.1,74000,74124,185.9439
1773825300000,74124,74188,74070,74117.7,141.4437
1773826200000,74117.7,74241,74095.1,74201.9,204.8761
1773827100000,74201.9,74240.6,74071.8,74136.3,265.5416
1773828000000,74136.3,74220,74047.2,74206.9,268.5592
1773828900000,74206.9,74206.9,74120.9,74139.9,91.2785
1773829800000,74139.9,74174,73821,73842.3,485.6555
1773830700000,73842.3,73907.1,73755.1,73895.7,402.8826
1773831600000,73895.7,74032,73686.1,73911.4,483.7018
1773832500000,73911.4,73977.7,73515.6,73563.2,716.4959
1773833400000,73563.2,73572.9,72746.2,73079,4254.3009
1773834300000,73079,73106.1,72846.9,72909.7,1092.1192
1773835200000,72909.7,72946.3,72621.9,72720,1168.7613
1773836100000,72720,72857.8,72656.4,72789.2,759.3218
1773837000000,72789.2,72789.2,72274.6,72396.1,2198.3082
1773837900000,72396.1,72464,72222.7,72330.1,890.879
1773838800000,72330.1,72421.2,72082.3,72395.8,1263.1366
1773839700000,72395.8,72520.8,72261.9,72445.4,574.1048
1773840600000,72445.4,72525.3,72185.8,72298.4,999.259
1773841500000,72298.4,72345.1,71937,72100.6,2191.7931
1773842400000,72100.6,72187.4,71808.1,71840.5,1547.4496
1773843300000,71840.5,71995.2,71575,71622.7,1648.8966
1773844200000,71622.7,71826.9,71443,71461.6,1572.1964
1773845100000,71461.6,71585.9,71061.6,71157.7,2027.4671
1773846000000,71157.7,71443,70820,71046.3,3479.7821
1773846900000,71046.3,71319.9,70993.4,71270.5,1166.7507
1773847800000,71270.5,71460,71191.3,71337.5,882.6365
1773848700000,71337.5,71517.9,71184.6,71444.9,920.1175
1773849600000,71444.9,71544,71150.7,71220,771.8979
1773850500000,71220,71309.9,71060,71203.4,639.9887
1773851400000,71203.4,71274.6,71011.6,71260.6,565.3659
1773852300000,71260.6,71430.2,71230.2,71296.8,613.5893
1773853200000,71296.8,71363,71167.2,71257.8,491.8815
1773854100000,71257.8,71490,71166.8,71455.2,763.5056
1773855000000,71455.2,71689.6,71312.8,71558.8,720.9151
1773855900000,71558.8,71724.2,71529.4,71559.8,559.4307
1773856800000,71559.8,71978.1,71551.4,71846.3,1451.612
1773857700000,71846.3,71846.3,71527.2,71652.5,830.064
1773858600000,71652.5,71827.7,71435.7,71584.4,595.1184
1773859500000,71584.4,71584.4,70914.7,71065.5,1529.2279
1773860400000,71065.5,71387.5,71045.6,71303.5,684.0609
1773861300000,71303.5,71465.4,71174,71251.3,434.3333
1773862200000,71251.3,71327.2,70962.9,71033.3,567.7329
1773863100000,71033.3,71123.5,70888,71033.4,562.4587
1773864000000,71033.4,71033.4,70461.1,70715.7,2008.362
1773864900000,70715.7,71016.4,70700,70950,752.4464
1773865800000,70950,71288.8,70918.1,71135.5,1050.9047
1773866700000,71135.5,71299.9,71091.4,71179.3,314.6426
1773867600000,71179.3,71409.6,71149.6,71250,368.9335
1773868500000,71250,71342,71208.7,71215.4,250.6182
1773869400000,71215.4,71375.4,71128.1,71298.1,253.7889
1773870300000,71298.1,71344.8,71227.6,71229.2,195.8867
1773871200000,71229.2,71241.2,70915.3,70965.2,633.3889
1773872100000,70965.2,71096.4,70934.8,71063.4,372.3006
1773873000000,71063.4,71092.6,70911.8,71030.3,283.7257
1773873900000,71030.3,71125.2,70989,71123.9,255.4858
1773874800000,71123.9,71239.3,71035,71127.4,364.7775
1773875700000,71127.4,71192.2,71043.6,71177.1,265.4538
1773876600000,71177.1,71320,71177,71241.7,312.9427
1773877500000,71241.7,71338.1,71181.3,71216.2,398.4481
1773878400000,71216.2,71281.8,71054.6,71157.2,414.0048
1773879300000,71157.2,71288.4,71062.1,71269.7,249.4402
1773880200000,71269.7,71271.4,71005.8,71030,393.4105
1773881100000,71030,71093.1,70949.4,70976.3,354.9824
1773882000000,70976.3,71087.7,70937.5,70976.3,341.4928
1773882900000,70976.3,71056.2,70929,71044.6,271.6914
1773883800000,71044.6,71145.4,70983.1,71118.3,404.8454
1773884700000,71118.3,71164.5,71059.1,71085.5,178.0834
1773885600000,71085.5,71200.9,70869.7,71151.7,453.9711
1773886500000,71151.7,71224.4,71107,71224.3,479.3777
1773887400000,71224.3,71230.8,71135.9,71175.1,267.4281
1773888300000,71175.1,71193.5,71007.7,71029.9,273.5484
1773889200000,71029.9,71208,71027.1,71160,344.0134
1773890100000,71160,71600,71150.4,71466.1,909.0124
1773891000000,71466.1,71512.7,71207.9,71220.1,584.3346
1773891900000,71220.1,71287.1,71172,71182.8,295.2811
1773892800000,71182.8,71182.9,70700,70842,1019.5604
1773893700000,70842,70918.2,70648,70712.1,684.3208
1773894600000,70712.1,70814,70622.9,70764.4,657.7518
1773895500000,70764.4,70866.6,70708.8,70798.8,235.9893
1773896400000,70798.8,70888,70725.8,70788.1,286.3475
1773897300000,70788.1,70865.5,70650,70668.4,258.4181
1773898200000,70668.4,70854.9,70622.2,70754.1,271.7205
1773899100000,70754.1,70832.8,70689.6,70800.7,182.3817
1773900000000,70800.7,70959.8,70700,70842.3,409.8327
1773900900000,70842.3,70911.3,70664.2,70696,646.177
1773901800000,70696,70730,70510.7,70688.6,692.8498
1773902700000,70688.6,70704.9,70471,70555.3,625.0559
1773903600000,70555.3,70576.5,69936.4,69958,3343.5549
1773904500000,69958,70011.5,69446.9,69783.4,4001.5439
1773905400000,69783.4,70210.2,69760.6,70061,1284.457
1773906300000,70061,70276.1,69971.7,70156.6,853.8816
1773907200000,70156.6,70268.9,70070.1,70138,637.4982
1773908100000,70138,70205.4,70028.3,70033.7,495.1886
1773909000000,70033.7,70138,69865,69987.1,967.0355
1773909900000,69987.1,70100,69902.3,69958.6,411.4897
1773910800000,69958.6,70140.1,69947.9,69998.9,704.9937
1773911700000,69998.9,70450,69970.3,70225.5,1188.9141
1773912600000,70225.5,70432.5,70073.4,70417.9,615.7314
1773913500000,70417.9,70530.1,70381.6,70466.8,898.3722
1773914400000,70466.8,70499,70358.9,70380.6,379.367
1773915300000,70380.6,70469.1,70339.3,70371.4,317.4481
1773916200000,70371.4,70380,70150,70187.5,503.191
1773917100000,70187.5,70242.1,70079,70096.1,354.8369
1773918000000,70096.1,70233.2,70027.8,70105,384.5318
1773918900000,70105,70203.8,70083.3,70162.1,193.3698
1773919800000,70162.1,70214.9,69961.5,69989.3,357.2884
1773920700000,69989.3,70032.3,69871,69918,517.6263
1773921600000,69918,69918.1,69586.9,69770.2,1590.3112
1773922500000,69770.2,69782.2,69520,69582.8,792.7951
1773923400000,69582.8,69735,69513,69608.1,453.2537
1773924300000,69608.1,69640.1,69064.8,69267.4,2103.8962
1773925200000,69267.4,69420.6,69044.2,69064.1,1711.0372
1773926100000,69064.1,69497.2,69051.7,69308.6,1094.0887
1773927000000,69308.6,69802,69204.2,69676.4,1343.787
1773927900000,69676.4,70057.8,69512.6,69878.4,1454.5861
1773928800000,69878.4,70143,69463.5,69478.1,1473.941
1773929700000,69478.1,69528.6,69093,69133.2,1173.603
1773930600000,69133.2,69337.5,69062.5,69254.8,875.7026
1773931500000,69254.8,69555,69168,69451.6,817.2046
1773932400000,69451.6,69898.3,69416.2,69670.2,851.4132
1773933300000,69670.2,69785.2,69170.1,69170.1,917.3584
1773934200000,69170.1,69356.2,68860.6,68868,1753.1833
1773935100000,68868,69518.7,68753.1,69377.8,1930.0281
1773936000000,69377.8,69509.9,69175,69310,837.9512
1773936900000,69310,69564,69138.5,69494.2,774.7752
1773937800000,69494.2,69624.1,69224.7,69482.4,435.0519
1773938700000,69482.4,69509.6,69250.7,69426.3,292.992
1773939600000,69426.3,69460.1,69085.5,69190.9,554.2659
1773940500000,69190.9,69702.6,69151.5,69631.2,935.0558
1773941400000,69631.2,69735.4,69459.2,69547.7,390.9351
1773942300000,69547.7,69949.8,69513.1,69819.7,782.1419
1773943200000,69819.7,69898.3,69685.2,69797.1,371.5837
1773944100000,69797.1,69881,69585.7,69622.2,263.6227
1773945000000,69622.2,69721,69564.3,69681,275.9719
1773945900000,69681,69821.7,69541.4,69780.8,240.6872
1773946800000,69780.8,70537,69762.4,70320.7,1645.4121
1773947700000,70320.7,70560,70194.4,70244.2,1147.3903
1773948600000,70244.2,70461.2,70127.7,70405.7,533.5336
1773949500000,70405.7,70405.7,70138.5,70228.6,270.4205
1773950400000,70228.6,70290.8,70157.5,70255,185.765
1773951300000,70255,70442.5,70255,70300.1,267.6388
1773952200000,70300.1,70659.6,70279.6,70475,380.6096
1773953100000,70475,70498.6,70392.7,70446.1,146.5376
1773954000000,70446.1,70661.7,70423,70652.7,268.9017
1773954900000,70652.7,70652.7,70474.9,70511.9,235.6774
1773955800000,70511.9,70554.3,70391,70422.3,310.8401
1773956700000,70422.3,70507.5,70335.7,70374.8,218.1348
1773957600000,70374.8,70473.7,70251.1,70402.2,486.2373
1773958500000,70402.2,70413.8,70321,70339,96.9654
1773959400000,70339,70339,69915.2,70032.7,740.7924
1773960300000,70032.7,70154.4,69970.4,70154.4,266.2206
1773961200000,70154.4,70257.1,70139.5,70158.3,204.1322
1773962100000,70158.3,70158.4,69936.6,70114.5,277.5058
1773963000000,70114.5,70156.9,69659.8,69814.1,919.4158
1773963900000,69814.1,69942.6,69769,69889.2,253.8348
1773964800000,69889.2,70099.3,69800,70045.6,441.8887
1773965700000,70045.6,70141.2,69903.9,70073.6,255.5283
1773966600000,70073.6,70231.1,70014.2,70189.5,318.2262
1773967500000,70189.5,70281.1,70129.5,70169.8,216.1492
1773968400000,70169.8,70426,70153.9,70369.2,406.1585
1773969300000,70369.2,70417.5,70305.5,70362.1,379.0048
1773970200000,70362.1,70555,70361.8,70543.9,360.8997
1773971100000,70543.9,70550.2,70343.2,70369.6,220.1082
1773972000000,70369.6,70457,70275.1,70319.9,240.0476
1773972900000,70319.9,70319.9,70140.7,70208.8,318.3183
1773973800000,70208.8,70256.7,70045,70239.2,333.2497
1773974700000,70239.2,70492.1,70191,70379.1,309.1338
1773975600000,70379.1,70468,70341.9,70376.4,176.6617
1773976500000,70376.4,70630,70367.1,70630,260.7481
1773977400000,70630,70779.1,70534,70577.8,672.2498
1773978300000,70577.8,70750,70531.2,70695.6,567.9533
1773979200000,70695.6,70930,70658.4,70888.8,614.3644
1773980100000,70888.8,70891,70784.6,70885,255.7923
1773981000000,70885,70889.9,70514,70565.8,711.8717
1773981900000,70565.8,70763.5,70539.1,70742,324.3129
1773982800000,70742,70833.6,70691.4,70808.3,332.2042
1773983700000,70808.3,70830,70571.9,70591.7,208.3557
1773984600000,70591.7,70693.8,70530.7,70664.8,157.1188
1773985500000,70664.8,70680,70459.7,70567,250.4918
1773986400000,70567,70615,70461.3,70500,262.3797
1773987300000,70500,70500,70361,70456,358.5265
1773988200000,70456,70500,70301.8,70428,314.0633
1773989100000,70428,70502,70393.5,70463,153.8512
1773990000000,70463,70463,70171.3,70248.8,583.6425
1773990900000,70248.8,70529.2,70228.1,70419.4,318.1428
1773991800000,70419.4,70824,70384.1,70821.5,647.2485
1773992700000,70821.5,70899,70778.1,70811.2,416.8121
1773993600000,70811.2,71330,70759,71233.1,1653.2169
1773994500000,71233.1,71250,71113,71200,644.7954
1773995400000,71200,71200,71050,71072.6,456.4405
1773996300000,71072.6,71122,70969.2,71000,265.8963
1773997200000,71000,71000,70800,70804.3,455.0928
1773998100000,70804.3,70824,70371,70472,1194.6274
1773999000000,70472,70698.1,70472,70598.9,557.8283
1773999900000,70598.9,70601.1,70435.5,70547.6,342.469
1774000800000,70547.6,70566.3,70253.2,70332.8,684.4169
1774001700000,70332.8,70417.1,70180,70292.6,609.918
1774002600000,70292.6,70646.4,70270.5,70496.5,657.9778
1774003500000,70496.5,70618.2,70487.9,70580,285.8552
1774004400000,70580,70774.8,70528.2,70738,386.0841
1774005300000,70738,70738,70569.4,70673,217.6271
1774006200000,70673,70685.7,70270,70363.1,673.0419
1774007100000,70363.1,70449.9,70266.4,70444.6,300.7873
1774008000000,70444.6,70648.6,70366.9,70531.8,455.4201
1774008900000,70531.8,70616,70381.1,70405.9,245.8461
1774009800000,70405.9,70429.2,70208,70326.8,793.1235
1774010700000,70326.8,70343.1,70227,70305.8,220.4935
1774011600000,70305.8,70426.1,70201.3,70289.9,397.9962
1774012500000,70289.9,70582,70285.8,70472.2,565.006
1774013400000,70472.2,70480.2,69810.9,70297.7,2401.7018
1774014300000,70297.7,70370.3,69754.3,69827.8,1229.0917
1774015200000,69827.8,70066,69630.1,69784.4,1458.3724
1774016100000,69784.4,69956.8,69555.5,69911.7,1435.8442
1774017000000,69911.7,70236.8,69911.7,69939.8,1349.4779
1774017900000,69939.8,70084,69613.6,69702.1,1005.9817
1774018800000,69702.1,69850.7,69437.4,69737.9,1137.9907
1774019700000,69737.9,69975.1,69555.1,69788.9,868.495
1774020600000,69788.9,69963.9,69713.9,69877.2,542.9056
1774021500000,69877.2,69975,69730,69833.1,343.1685
1774022400000,69833.1,70055.2,69819.4,69958.4,448.164
1774023300000,69958.4,70068,69850,69990.4,375.8626
1774024200000,69990.4,69995.9,69646.8,69737.9,358.8314
1774025100000,69737.9,69859,69568.7,69800.8,344.9148
1774026000000,69800.8,69935.1,69655.5,69774.8,351.3351
1774026900000,69774.8,69859.8,69600.2,69621.8,346.1071
1774027800000,69621.8,69665.3,69352,69540.9,884.6581
1774028700000,69540.9,69995,69529.7,69964.4,511.3698
1774029600000,69964.4,70043,69860,69934,447.716
1774030500000,69934,69990,69611.4,69635.1,587.1654
1774031400000,69635.1,69761.6,69487.1,69663.7,586.5443
1774032300000,69663.7,69869,69643.9,69734.8,442.3403
1774033200000,69734.8,69877.7,69657,69842.9,331.9046
1774034100000,69842.9,69949.2,69744,69844.8,303.3042
1774035000000,69844.8,69985,69632.5,69966.1,392.4344
1774035900000,69966.1,70155.4,69869.4,70147.6,527.2627
1774036800000,70147.6,70227.7,70038.1,70170,378.6552
1774037700000,70170,70170.6,69913,69940.6,225.1366
1774038600000,69940.6,69957,69716.9,69889.3,443.2347
1774039500000,69889.3,70060.2,69869.9,70022.5,331.2291
1774040400000,70022.5,70130,69907.5,70098.4,121.2281
1774041300000,70098.4,70570.1,70079.4,70471.4,957.5379
1774042200000,70471.4,70730.7,70339.1,70379.4,496.3505
1774043100000,70379.4,70570,70366.8,70507.2,117.8258
1774044000000,70507.2,70894.7,70494.2,70773.1,720.7569
1774044900000,70773.1,70842,70653.4,70656.1,428.4793
1774045800000,70656.1,70738.1,70585.2,70663.8,244.6634
1774046700000,70663.8,70800,70626.1,70736.3,353.3476
1774047600000,70736.3,70742.1,70470,70488.8,253.3265
1774048500000,70488.8,70531.1,70388,70452.1,337.229
1774049400000,70452.1,70514.6,70428.7,70500,166.195
1774050300000,70500,70570.5,70433.5,70474.8,106.0365
1774051200000,70474.8,70568.5,70434.4,70558,255.84
1774052100000,70558,70795.1,70543,70625.6,437.6335
1774053000000,70625.6,70649.9,70550,70564.2,81.589
1774053900000,70564.2,70698.3,70533,70656,107.6133
1774054800000,70656,70734.8,70612.1,70643.8,115.5302
1774055700000,70643.8,70649.9,70538,70571.5,106.498
1774056600000,70571.5,70620.2,70469.7,70488.9,164.8723
1774057500000,70488.9,70549.9,70432.3,70437.7,213.5036
1774058400000,70437.7,70485.5,70408.6,70456.4,230.4875
1774059300000,70456.4,70666.7,70456.4,70609.1,220.233
1774060200000,70609.1,70706,70541.2,70677.4,229.3153
1774061100000,70677.4,70757,70654.4,70701,201.2329
1774062000000,70701,70753.7,70632.1,70666.8,159.6672
1774062900000,70666.8,70688.7,70625.3,70670.5,96.3824
1774063800000,70670.5,70670.5,70591.2,70611.6,90.0808
1774064700000,70611.6,70666.5,70591,70635.8,68.0651
1774065600000,70635.8,70755.8,70635.8,70719.7,156.9336
1774066500000,70719.7,70783,70685.8,70715.3,192.6268
1774067400000,70715.3,70715.3,70585,70599.8,169.2687
1774068300000,70599.8,70630.8,70586.2,70605.1,125.2985
1774069200000,70605.1,70669,70594,70607,95.5564
1774070100000,70607,70758,70600,70738.9,318.2203
1774071000000,70738.9,70793,70675,70736.9,354.2652
1774071900000,70736.9,70736.9,70645.6,70670,71.9966
1774072800000,70670,70714.2,70660,70690.8,89.1336
1774073700000,70690.8,70780,70676.6,70767.5,481.4127
1774074600000,70767.5,70783.9,70707,70747.2,206.9033
1774075500000,70747.2,70765.7,70715.1,70735.2,74.3683
1774076400000,70735.2,70755.1,70694.7,70704.9,117.5646
1774077300000,70704.9,70849.8,70704.9,70848.3,399.5279
1774078200000,70848.3,70848.3,70721,70721.1,226.2414
1774079100000,70721.1,70729.4,70639.5,70685.5,188.481
1774080000000,70685.5,70727.4,70660.2,70668,100.0927
1774080900000,70668,70686.2,70486,70488.7,362.8138
1774081800000,70488.7,70604.3,70452,70576.5,243.5146
1774082700000,70576.5,70607,70533.7,70563.3,99.0049
1774083600000,70563.3,70708.8,70537.8,70692,236.2593
1774084500000,70692,70693.7,70549.5,70552.1,121.6437
1774085400000,70552.1,70668,70542.2,70607.3,144.7203
1774086300000,70607.3,70641.6,70601.7,70634.5,54.2679
1774087200000,70634.5,70669,70567.5,70603.6,89.2162
1774088100000,70603.6,70609.1,70516.4,70541.6,132.2767
1774089000000,70541.6,70595,70541.5,70557.9,60.0465
1774089900000,70557.9,70580.3,70532.5,70574.9,53.9101
1774090800000,70574.9,70579.7,70536,70536.1,57.2199
1774091700000,70536.1,70580,70529.2,70572,114.2494
1774092600000,70572,70615.6,70535.7,70605.6,109.3711
1774093500000,70605.6,70619.8,70578.8,70618.8,96.7074
1774094400000,70618.8,70699.4,70618.8,70698.3,163.0166
1774095300000,70698.3,70772.5,70654.2,70746.1,227.0787
1774096200000,70746.1,70751.2,70677.8,70722.2,122.7545
1774097100000,70722.2,70728,70670.1,70677.7,101.8733
1774098000000,70677.7,70735.6,70661.4,70709.5,94.5801
1774098900000,70709.5,70779.5,70682.3,70698.4,103.5109
1774099800000,70698.4,70759.1,70683.8,70685.3,61.6838
1774100700000,70685.3,70730,70675.9,70701.1,123.981
1774101600000,70701.1,71070,70701.1,70993,1030.0714
1774102500000,70993,71035.3,70884.9,70893.9,425.7692
1774103400000,70893.9,70982.3,70891,70903,173.0396
1774104300000,70903,70903.1,70555,70595.5,1031.2536
1774105200000,70595.5,70629.2,70531.5,70613.6,365.4292
1774106100000,70613.6,70640.6,70420.8,70640.6,548.3315
1774107000000,70640.6,70731.9,70569.4,70597.7,258.7875
1774107900000,70597.7,70649,70590.8,70591.2,88.8806
1774108800000,70591.2,70622.1,70524.2,70527.4,128.0357
1774109700000,70527.4,70600,70293.2,70386.1,674.5789
1774110600000,70386.1,70445,70291,70341.1,415.7284
1774111500000,70341.1,70399.5,70212,70273.8,331.6569
1774112400000,70273.8,70340.4,70152.5,70240.1,354.6638
1774113300000,70240.1,70371.9,70212,70329.4,281.767
1774114200000,70329.4,70392.8,70326.5,70363.5,97.489
1774115100000,70363.5,70386.7,70241.2,70276.1,98.4593
1774116000000,70276.1,70354.6,70254.7,70346.2,153.4064
1774116900000,70346.2,70411.1,70319.1,70377.4,106.5193
1774117800000,70377.4,70498.5,70375.9,70450.8,129.4653
1774118700000,70450.8,70450.9,70348,70356.9,94.2874
1774119600000,70356.9,70411.7,70356.9,70395.7,91.1529
1774120500000,70395.7,70413,70362,70381,93.3394
1774121400000,70381,70394.8,70288,70315,111.5948
1774122300000,70315,70362,70306,70360.2,63.8268
1774123200000,70360.2,70403.4,70326.3,70365.1,68.2752
1774124100000,70365.1,70445,70329.3,70419.9,61.5704
1774125000000,70419.9,70455.6,70402,70422.9,99.9809
1774125900000,70422.9,70475,70404.7,70427.4,236.1829
1774126800000,70427.4,70480.9,70325,70333.8,171.0249
1774127700000,70333.8,70362.6,70317,70323.1,114.8443
1774128600000,70323.1,70359.5,70304,70312.1,75.5907
1774129500000,70312.1,70336.8,70233.1,70319.2,75.1124
1774130400000,70319.2,70355,70233,70284.6,113.2387
1774131300000,70284.6,70306,70250.4,70258.9,85.6196
1774132200000,70258.9,70343,70231.7,70267.6,119.2838
1774133100000,70267.6,70280,70232,70251.9,106.7205
1774134000000,70251.9,70263.3,70090,70118.1,318.2798
1774134900000,70118.1,70188,70080,70089,218.3396
1774135800000,70089,70169.3,70078,70127.3,255.0467
1774136700000,70127.3,70127.4,68516.5,68885.1,4960.973
1774137600000,68885.1,68918.1,68188,68656,2776.3836
1774138500000,68656,69050.6,68618.4,68866.5,1062.3946
1774139400000,68866.5,69125,68866.5,69038.4,1176.7273
1774140300000,69038.4,69106.4,68717.4,68906.1,833.6729
1774141200000,68906.1,69061.9,68805.7,68935.9,741.4163
1774142100000,68935.9,69057.1,68867.1,68989.7,266.4788
1774143000000,68989.7,69041.3,68729.7,68805.9,586.4597
1774143900000,68805.9,68953.2,68805.9,68929,178.3661
1774144800000,68929,69040,68906.7,69010.3,175.0083
1774145700000,69010.3,69393,68928,69320,645.56
1774146600000,69320,69327.8,69151.1,69197.4,474.006
1774147500000,69197.4,69327.6,69163,69238.9,249.1141
1774148400000,69238.9,69312.1,69053.1,69270.4,432.1731
1774149300000,69270.4,69506.7,69205.6,69396.3,492.7801
1774150200000,69396.3,69553.6,69277,69320.1,645.8553
1774151100000,69320.1,69324.7,69219.3,69304.7,222.5656
1774152000000,69304.7,69452,69269.5,69408.2,432.2131
1774152900000,69408.2,69498.7,69181.1,69228.1,408.8169
1774153800000,69228.1,69336.4,69170.8,69307.9,231.4054
1774154700000,69307.9,69365.3,69260,69312.7,215.2727
1774155600000,69312.7,69317.9,69172.3,69190.8,261.6744
1774156500000,69190.8,69234.9,69123.1,69134.1,165.5898
1774157400000,69134.1,69199.2,69105,69163.5,159.7936
1774158300000,69163.5,69221,69105.2,69113,118.9039
1774159200000,69113,69142.7,69025.9,69097.2,284.7349
1774160100000,69097.2,69200,69046.2,69199.9,182.8791
1774161000000,69199.9,69207.1,69133.3,69164.3,109.8619
1774161900000,69164.3,69166.8,69112.8,69128,92.8748
1774162800000,69128,69217.2,69079.3,69114.1,145.0399
1774163700000,69114.1,69168.8,69106.4,69143.1,71.1957
1774164600000,69143.1,69147.6,68864,68907.2,447.4445
1774165500000,68907.2,69054,68837.7,68883.8,466.1884
1774166400000,68883.8,68956.5,68672,68956.5,821.9112
1774167300000,68956.5,68956.5,68500.1,68588.9,1025.2811
1774168200000,68588.9,68756,68522.1,68705.1,571.5156
1774169100000,68705.1,68796.5,68652.8,68763.4,282.8455
1774170000000,68763.4,68841.4,68716,68831,243.5793
1774170900000,68831,68873.2,68540.4,68613.9,453.7964
1774171800000,68613.9,68793.1,68603.1,68739.6,237.8564
1774172700000,68739.6,68812,68717.3,68785.9,249.4935
1774173600000,68785.9,68810,68638.5,68707.9,133.2985
1774174500000,68707.9,68708.6,68616.2,68693.1,126.043
1774175400000,68693.1,68733.9,68551,68584.1,281.9257
1774176300000,68584.1,68654.1,68538.1,68610.1,198.5545
1774177200000,68610.1,68655.8,68522.3,68620.1,149.0908
1774178100000,68620.1,68653.4,68323.3,68385,801.126
1774179000000,68385,68477.4,68241,68370.8,782.9046
1774179900000,68370.8,68389,68045,68181.8,1250.7523
1774180800000,68181.8,68309.8,68160,68279.9,477.9847
1774181700000,68279.9,68731,68277.7,68624.1,1105.9094
1774182600000,68624.1,68640,68551.4,68566.6,260.3806
1774183500000,68566.6,68662.8,68520.8,68616.7,298.0797
1774184400000,68616.7,68924.7,68616.7,68777.8,948.6629
1774185300000,68777.8,68830,68712,68769.1,228.1005
1774186200000,68769.1,68815.5,68503,68593.6,436.2837
1774187100000,68593.6,68722.3,68559,68664.9,245.6992
1774188000000,68664.9,68780,68493.7,68742.3,396.5961
1774188900000,68742.3,68871.8,68685.1,68811.2,582.6331
1774189800000,68811.2,68887.9,68743.8,68803.1,266.1591
1774190700000,68803.1,68803.1,68608.2,68679.8,289.3957
1774191600000,68679.8,68909.3,68679.8,68867.2,448.8284
1774192500000,68867.2,68980.7,68770.2,68865.1,562.0629
1774193400000,68865.1,68878.9,68671,68776.7,272.09
1774194300000,68776.7,68822.5,68718,68816,134.7718
1774195200000,68816,68857,68729.3,68759.8,165.7115
1774196100000,68759.8,68785,68641.3,68676.1,207.7803
1774197000000,68676.1,68744.9,68624.5,68698.8,139.1728
1774197900000,68698.8,68820,68698.7,68765.6,81.543
1774198800000,68765.6,68805,68701,68791.6,74.6629
1774199700000,68791.6,68820,68724.9,68777,97.0381
1774200600000,68777,68799.9,68638.7,68641.9,216.0566
1774201500000,68641.9,68711.8,68634.6,68634.6,77.4345
1774202400000,68634.6,68688.2,68551,68688.2,183.2663
1774203300000,68688.2,68707.5,68625.1,68663.9,89.2398
1774204200000,68663.9,68712,68290,68433.8,745.3196
1774205100000,68433.8,68592,68403.7,68580.2,130.5395
1774206000000,68580.2,68595.7,68222.9,68297.1,488.7595
1774206900000,68297.1,68362.3,68241.1,68249.9,264.7351
1774207800000,68249.9,68389.5,68184,68353.7,382.5178
1774208700000,68353.7,68374.3,68100.2,68167.1,641.2924
1774209600000,68167.1,68339.3,68167,68299.9,305.6579
1774210500000,68299.9,68473.2,68239,68289.1,199.4974
1774211400000,68289.1,68338.9,68152.6,68330,180.8962
1774212300000,68330,68330,68025.1,68136.8,383.5318
1774213200000,68136.8,68194.8,67517.6,67744.9,2304.5304
1774214100000,67744.9,67833,67310,67764.8,1723.4833
1774215000000,67764.8,67949.9,67633.2,67836.4,636.1528
1774215900000,67836.4,67863.3,67717.3,67863.3,205.8439
1774216800000,67863.3,68107,67520.5,67870.9,884.1327
1774217700000,67870.9,68331,67821,68220.7,971.8138
1774218600000,68220.7,68300,68061,68092,380.4032
1774219500000,68092,68366.6,68091.9,68301,236.6562
1774220400000,68301,68437,68157.2,68286.7,470.0787
1774221300000,68286.7,68307.3,68050.9,68066.2,429.0957
1774222200000,68066.2,68127,67952,68090,298.2909
1774223100000,68090,68110,67803,67825.1,419.3033
1774224000000,67825.1,68090,67735.4,67919.6,631.6574
1774224900000,67919.6,68128.1,67756.7,67958.7,318.8328
1774225800000,67958.7,67970.9,67411.7,67650.1,906.1323
1774226700000,67650.1,67850,67580.6,67638.5,357.6792
1774227600000,67638.5,67910.9,67501.4,67806.1,436.2052
1774228500000,67806.1,68090.9,67806.1,68052.9,578.2719
1774229400000,68052.9,68123.9,67929.4,68015,235.1343
1774230300000,68015,68096,67866,67871.9,260.7693
1774231200000,67871.9,68049,67800,67812.5,214.9382
1774232100000,67812.5,68319.7,67758.8,68230.4,484.8257
1774233000000,68230.4,68364.2,68163.7,68197.2,365.6713
1774233900000,68197.2,68293.9,68129.5,68273.2,322.723
1774234800000,68273.2,68559.5,68186.2,68203.1,673.4102
1774235700000,68203.1,68243.4,68135,68171,249.4921
1774236600000,68171,68197.4,68067.8,68172.5,167.09
1774237500000,68172.5,68197.2,68025.4,68039.6,145.2695
1774238400000,68039.6,68186,68011.8,68135.9,213.2461
1774239300000,68135.9,68196.1,68077.4,68196.1,106.1368
1774240200000,68196.1,68340,68185,68227.9,274.8701
1774241100000,68227.9,68516.3,68227.9,68502.7,404.9964
1774242000000,68502.7,68767.7,68502,68723.7,769.5588
1774242900000,68723.7,68836.5,68621.6,68655.6,464.2876
1774243800000,68655.6,68801.4,68544,68579,391.645
1774244700000,68579,68879.5,68532,68866.1,703.1054
1774245600000,68866.1,68866.1,68528,68569.3,500.5258
1774246500000,68569.3,68650,68468,68540.3,298.4439
1774247400000,68540.3,68540.3,67655.6,67789,1512.0635
1774248300000,67789,67921.1,67655.4,67843.1,888.9766
1774249200000,67843.1,67969.8,67466.8,67907.2,1365.0605
1774250100000,67907.2,67964,67617,67776.1,532.0958
1774251000000,67776.1,68300,67738.9,68291.4,1020.7817
1774251900000,68291.4,68420.8,68249.2,68300,908.1231
1774252800000,68300,68649.7,68300,68619.5,629.0274
1774253700000,68619.5,68671.1,68405.6,68431.4,412.0567
1774254600000,68431.4,68619,68364.5,68502,454.8487
1774255500000,68502,68525,68287.2,68400.1,366.4172
1774256400000,68400.1,68434,68176,68247.4,449.6466
1774257300000,68247.4,68326.9,68109.8,68218.1,332.8951
1774258200000,68218.1,68218.1,67876.9,68108.9,744.4634
1774259100000,68108.9,68302,68102.1,68302,255.453
1774260000000,68302,68684.6,68263,68564.1,747.1139
1774260900000,68564.1,68587,68368.7,68423.3,362.833
1774261800000,68423.3,68450.4,68254.4,68380.1,246.8043
1774262700000,68380.1,68540,68330,68508.1,309.4276
1774263600000,68508.1,71492.2,68501.5,70919.7,12390.1425
1774264500000,70919.7,71219.9,70247.3,70669.9,2525.4792
1774265400000,70669.9,71188.1,70353,70632.7,1735.9184
1774266300000,70632.7,70668.9,70015.1,70084,1669.3306
1774267200000,70084,70246,69627.5,69951,2162.8184
1774268100000,69951,70476.1,69920.9,70303.6,1096.8384
1774269000000,70303.6,70746,70132,70677.6,1591.9796
1774269900000,70677.6,70844,70536.7,70705.6,1019.1259
1774270800000,70705.6,70874.8,70556,70708.5,727.7374
1774271700000,70708.5,70878.8,70708.5,70774.2,429.5393
1774272600000,70774.2,71380,70620,71176.1,1825.6389
1774273500000,71176.1,71559.1,70978.3,71445.1,1763.3394
1774274400000,71445.1,71766,71350,71479,1786.8551
1774275300000,71479,71688,71255,71303.1,863.1284
1774276200000,71303.1,71499.8,71174,71340.2,777.2697
1774277100000,71340.2,71469,71081,71406.9,702.1026
1774278000000,71406.9,71620,71320,71327.1,497.1811
1774278900000,71327.1,71355.1,70824.2,70858,1140.6696
1774279800000,70858,70914.9,70540.1,70625,1032.7636
1774280700000,70625,70820.4,70066,70098,2253.7988
1774281600000,70098,70521.9,70094.2,70487,1342.5884
1774282500000,70487,70529.9,70178.4,70182,857.7143
1774283400000,70182,70485.8,70110,70434,564.3238
1774284300000,70434,70731.3,70394.1,70536.1,915.4288
1774285200000,70536.1,70709.9,70441.1,70594,320.2628
1774286100000,70594,70632,70325,70501.3,281.3419
1774287000000,70501.3,71059.2,70487.7,70847,1360.7869
1774287900000,70847,71089.1,70832.6,71050.1,276.6282
1774288800000,71050.1,71140,70876.8,70933,450.7676
1774289700000,70933,71013.9,70840,70847.9,292.4689
1774290600000,70847.9,71134.5,70847.9,71013.9,213.8108
1774291500000,71013.9,71167.6,70934.2,71033.7,319.4912
1774292400000,71033.7,71221.7,70835.8,70895.6,719.9262
1774293300000,70895.6,71048.9,70771.8,70996,193.5609
1774294200000,70996,71031.4,70815.4,70870.1,157.9635
1774295100000,70870.1,70963,70610,70639.7,482.2706
1774296000000,70639.7,70765.6,70520,70763,520.6008
1774296900000,70763,70791.9,70705.5,70767.5,112.2415
1774297800000,70767.5,70954.7,70750.4,70904.7,188.369
1774298700000,70904.7,70925,70828.9,70876.3,112.0864
1774299600000,70876.3,70953.4,70783,70787.8,121.3583
1774300500000,70787.8,70887.8,70787.8,70858.2,103.2823
1774301400000,70858.2,70973,70835,70903.3,155.365
1774302300000,70903.3,70947.4,70787.2,70816.4,180.0337
1774303200000,70816.4,70858.9,70520.7,70685,493.9766
1774304100000,70685,70693.2,70569.4,70600,166.9383
1774305000000,70600,70685.4,70474.9,70685.4,288.3969
1774305900000,70685.4,70769.7,70636.6,70743.7,149.8595
1774306800000,70743.7,70773.8,70513,70514,189.9075
1774307700000,70514,70675.2,70366,70675.2,463.4428
1774308600000,70675.2,70776.2,70585.6,70735.1,183.3721
1774309500000,70735.1,70969.6,70686.4,70864,375.6664
1774310400000,70864,71066,70739,70742.6,512.1991
1774311300000,70742.6,70797.3,70622.5,70687.4,320.5205
1774312200000,70687.4,70709,70386.5,70556.1,442.5747
1774313100000,70556.1,70784.1,70550.2,70647.9,172.2048
1774314000000,70647.9,70683.2,70472.3,70532.9,228.2555
1774314900000,70532.9,70845,70466.6,70796.9,266.1412
1774315800000,70796.9,70843,70253.1,70361.3,729.3759
1774316700000,70361.3,70545,70360,70482.2,269.7969
1774317600000,70482.2,70666.1,70403.1,70428.3,280.8467
1774318500000,70428.3,70604.4,70388,70530.1,194.4504
1774319400000,70530.1,70611,70334.7,70498,303.8338
1774320300000,70498,70578.6,70400,70418.5,252.0607
1774321200000,70418.5,70518,70370,70474.5,295.6825
1774322100000,70474.5,70565.1,70450,70514,183.3929
1774323000000,70514,70534,70401.2,70458.9,142.4348
1774323900000,70458.9,70537.6,70417.1,70514.2,132.4762
1774324800000,70514.2,70722.5,70485.7,70608.1,472.2071
1774325700000,70608.1,70630.5,70500,70500,314.1396
1774326600000,70500,70500.1,70273,70310.1,590.0249
1774327500000,70310.1,70430.9,70215.2,70347.9,443.9839
1774328400000,70347.9,70350,70132.6,70135.1,611.9157
1774329300000,70135.1,70318.8,70085.9,70152.1,356.4041
1774330200000,70152.1,70346.3,70124,70298,246.0914
1774331100000,70298,70350.9,70223.8,70252.4,216.7517
1774332000000,70252.4,70377,70220,70331.2,187.3742
1774332900000,70331.2,70428.6,70293.2,70349.9,361.2257
1774333800000,70349.9,70479,70349.9,70438.7,243.2378
1774334700000,70438.7,70545.3,70400,70509.2,235.7783
1774335600000,70509.2,70893.4,70451.6,70798,1009.9615
1774336500000,70798,70985,70748.2,70892.5,1098.2565
1774337400000,70892.5,70933.8,70785,70879.9,677.4444
1774338300000,70879.9,71383.7,70798.2,71259.3,1100.9762
1774339200000,71259.3,71317.1,71037.5,71099.9,616.6892
1774340100000,71099.9,71102.4,70818.2,70883.9,632.2991
1774341000000,70883.9,71050,70813.6,71034.2,432.0149
1774341900000,71034.2,71075,70841.3,70932.6,327.9908
1774342800000,70932.6,71002.7,70833.8,70837,211.3854
1774343700000,70837,71013.2,70812.2,70980.1,341.6856
1774344600000,70980.1,71211.3,70940,71206.8,335.2923
1774345500000,71206.8,71341.8,71118,71290.4,451.3703
1774346400000,71290.4,71298.2,71184.4,71222.8,304.998
1774347300000,71222.8,71224.9,71070.4,71076.9,253.6641
1774348200000,71076.9,71243.2,71051,71210,307.8051
1774349100000,71210,71249.8,71113,71236.2,223.5379
1774350000000,71236.2,71236.4,70938,71075.2,606.7141
1774350900000,71075.2,71092.3,70912.5,71029.1,255.4399
1774351800000,71029.1,71294.7,70998,71202.8,443.1588
1774352700000,71202.8,71284,70984,71117,411.1112
1774353600000,71117,71145.3,70938.1,71030,275.4131
1774354500000,71030,71078.1,70960,71052.9,203.6729
1774355400000,71052.9,71053,70823,70863.8,652.4924
1774356300000,70863.8,71000,70840,70927.5,184.343
1774357200000,70927.5,71029.7,70600,70791.9,993.468
1774358100000,70791.9,70830,70530.2,70578,976.9991
1774359000000,70578,70756.6,70223.8,70286.1,1678.9899
1774359900000,70286.1,70414.9,69941.1,70069.9,2535.1788
1774360800000,70069.9,70432.5,69700,69830,2301.1729
1774361700000,69830,70062,69760.4,69969.5,1450.3162
1774362600000,69969.5,70113.7,69734.3,69820.3,1121.7263
1774363500000,69820.3,70038.7,69460.9,69850,3406.267
1774364400000,69850,70032.2,69819.1,69928.1,760.4118
1774365300000,69928.1,70245.2,69882.3,69997,1157.9829
1774366200000,69997,70138,69735.2,70019.8,1040.5667
1774367100000,70019.8,70168.3,69828,69842,580.6237
1774368000000,69842,69916.1,69764,69887.9,379.9225
1774368900000,69887.9,69979,69616.8,69774,737.3707
1774369800000,69774,69821,69300,69541.5,1690.5544
1774370700000,69541.5,69598.9,69388.8,69449.9,553.0064
1774371600000,69449.9,69485.8,69100,69209.9,1468.9381
1774372500000,69209.9,69286.3,69071.5,69153.9,666.752
1774373400000,69153.9,69309.5,68870.8,68918.2,1114.9584
1774374300000,68918.2,69235,68888.1,69211,736.5859
1774375200000,69211,69358.4,69142.3,69335.1,529.8252
1774376100000,69335.1,69478.2,69243.2,69390.2,525.7717
1774377000000,69390.2,69726.4,69342.5,69495.1,822.3629
1774377900000,69495.1,69544,69383.6,69397,303.0122
1774378800000,69397,69615.6,69394.3,69614,254.5891
1774379700000,69614,69674.9,69489.1,69510.9,226.6963
1774380600000,69510.9,69510.9,69325.7,69413.5,289.3574
1774381500000,69413.5,69413.5,69240.9,69342.9,284.4783
1774382400000,69342.9,69389,69262,69389,200.3527
1774383300000,69389,70264.2,69389,69975,1561.3916
1774384200000,69975,70178.7,69926.5,70024.6,830.8343
1774385100000,70024.6,70212,69870.1,70066.5,477.5032
1774386000000,70066.5,70190.7,69900.1,69960.1,430.5678
1774386900000,69960.1,70076.5,69857,70022.3,339.8131
1774387800000,70022.3,70381.7,70000.2,70242.9,474.59
1774388700000,70242.9,70361.1,70165.5,70293.8,361.5682
1774389600000,70293.8,70552,70174,70502.6,762.2296
1774390500000,70502.6,70509.9,70158.2,70202.8,449.0413
1774391400000,70202.8,70283,70092.4,70248.4,306.1203
1774392300000,70248.4,70357,70205.1,70272.9,346.507
1774393200000,70272.9,70549.4,70228,70501.2,571.155
1774394100000,70501.2,70730,70464,70711,725.707
1774395000000,70711,70796.5,70620,70620,462.8825
1774395900000,70620,70658.2,70500,70522.1,212.8413
1774396800000,70522.1,70723.3,70486.5,70689,273.8195
1774397700000,70689,70697,70524.9,70633.1,198.1438
1774398600000,70633.1,71012.8,70424.1,70889.8,1034.539
1774399500000,70889.8,70958.7,70743.6,70798.4,395.3767
1774400400000,70798.4,70944.4,70669.2,70765.9,484.7802
1774401300000,70765.9,70815.5,70655.5,70725.9,620.8614
1774402200000,70725.9,70778.7,70580.7,70703.2,622.6964
1774403100000,70703.2,70790.3,70636.6,70638.9,337.0602
1774404000000,70638.9,70678.7,70509.9,70570.7,382.0983
1774404900000,70570.7,70632.8,70485,70561.8,313.279
1774405800000,70561.8,70730,70480,70659,247.0114
1774406700000,70659,70709,70458,70492,214.2567
1774407600000,70492,70538.9,70373.5,70459.3,418.8838
1774408500000,70459.3,70524.2,70366,70496.2,338.9704
1774409400000,70496.2,70781,70496.2,70710.4,439.3269
1774410300000,70710.4,70770.5,70672.6,70685,224.6981
1774411200000,70685,70869.4,70663.3,70808.8,294.05
1774412100000,70808.8,70913.9,70743,70831,288.4041
1774413000000,70831,70850.9,70690.9,70733,290.4491
1774413900000,70733,70954.2,70695.4,70936.9,225.3953
1774414800000,70936.9,71311,70900.1,71198.6,1723.259
1774415700000,71198.6,71219.9,71049,71160,448.4925
1774416600000,71160,71219,71070,71186,281.0783
1774417500000,71186,71207,71032.4,71080.1,254.0159
1774418400000,71080.1,71123.9,70969.3,71039.9,400.6727
1774419300000,71039.9,71224,71039.8,71189.3,274.503
1774420200000,71189.3,71219.6,71120,71154.9,258.8212
1774421100000,71154.9,71190,70941.1,70953,357.3558
1774422000000,70953,71112,70908,71103.9,301.114
1774422900000,71103.9,71109,71007,71028,201.0243
1774423800000,71028,71235.6,71000,71022.9,366.5438
1774424700000,71022.9,71045.9,70843.9,70893.5,491.9589
1774425600000,70893.5,70978.2,70755.5,70773.4,444.7286
1774426500000,70773.4,71210,70773.3,71150.1,582.8698
1774427400000,71150.1,71475,71143,71441.3,1303.9944
1774428300000,71441.3,71441.4,71178.2,71203.9,409.7326
1774429200000,71203.9,71339,71178.7,71287.6,357.1826
1774430100000,71287.6,71360.8,71129.3,71225.9,300.0301
1774431000000,71225.9,71285,71184.9,71223.1,139.753
1774431900000,71223.1,71387.9,71056.4,71299.5,508.8588
1774432800000,71299.5,71416.7,71253.1,71383,282.1466
1774433700000,71383,71450,71330.1,71363.9,233.7778
1774434600000,71363.9,71394,71277.7,71393.9,157.6019
1774435500000,71393.9,71631.9,71393.9,71458.1,812.3927
1774436400000,71458.1,71579,71427.1,71555,254.3204
1774437300000,71555,71890,71555,71828.6,1303.2142
1774438200000,71828.6,72000,71726.8,71774,1761.0281
1774439100000,71774,71777.6,71490,71643.1,722.2322
1774440000000,71643.1,71813.4,71637.4,71709.5,504.1441
1774440900000,71709.5,71718.1,71075.8,71307.5,1781.193
1774441800000,71307.5,71445,71150,71324.3,706.6255
1774442700000,71324.3,71932,71244.8,71683,1187.6432
1774443600000,71683,71829.9,71598.1,71674.9,726.2924
1774444500000,71674.9,71682.6,71540.8,71587.4,344.6324
1774445400000,71587.4,71927.7,71578.1,71688.6,1030.472
1774446300000,71688.6,71787,71459.6,71537.5,700.7231
1774447200000,71537.5,71656.4,71262.1,71360.7,1294.4575
1774448100000,71360.7,71500,71230,71335.3,732.2209
1774449000000,71335.3,71527.6,71271.3,71329.7,495.9362
1774449900000,71329.7,71413.7,71177.5,71202,351.4436
1774450800000,71202,71276,70668.2,70790.1,1939.1015
1774451700000,70790.1,70999,70535.8,70991.4,2323.817
1774452600000,70991.4,71064.5,70780.2,70853,719.468
1774453500000,70853,70928.7,70741.5,70800,359.0617
1774454400000,70800,70961.5,70692.3,70843,434.874
1774455300000,70843,71741,70793.4,71474.3,2390.3383
1774456200000,71474.3,71612,71353.1,71437,798.3407
1774457100000,71437,71452.5,71219.3,71288.5,437.0603
1774458000000,71288.5,71366.1,71071.6,71121.2,388.2713
1774458900000,71121.2,71176.2,70923.2,71042,691.4758
1774459800000,71042,71047.9,70802.5,70884.8,421.2274
1774460700000,70884.8,70950,70685,70750.1,541.8045
1774461600000,70750.1,70917.7,70717,70899,388.9701
1774462500000,70899,71125,70897,70938,388.0594
1774463400000,70938,70982,70755.1,70813.8,200.3451
1774464300000,70813.8,70949.1,70644.1,70791,291.918
1774465200000,70791,70982.7,70743.3,70822.9,235.5792
1774466100000,70822.9,70963.4,70794.5,70932.1,170.658
1774467000000,70932.1,71065,70833.2,70915,237.9783
1774467900000,70915,70971.9,70750.2,70861.6,205.4979
1774468800000,70861.6,70882.4,70647.5,70711.4,463.3602
1774469700000,70711.4,70782.1,70604.2,70687,269.0368
1774470600000,70687,70917.8,70671.3,70917.7,369.6887
1774471500000,70917.7,71027.6,70860.2,70969.9,432.8081
1774472400000,70969.9,71164.2,70920,71132.7,419.6577
1774473300000,71132.7,71150.7,70920.2,70950,339.7899
1774474200000,70950,71076.6,70927.9,71031.4,164.0352
1774475100000,71031.4,71079,70937.2,70999,178.5732
1774476000000,70999,71107.9,70930,70962.7,206.2547
1774476900000,70962.7,71057.5,70910.3,71008.6,149.5103
1774477800000,71008.6,71585.6,70998.5,71349.1,974.3479
1774478700000,71349.1,71433.1,71285,71340,255.1151
1774479600000,71340,71413.3,71283.4,71287.9,261.7282
1774480500000,71287.9,71401,71203.5,71329.9,290.5099
1774481400000,71329.9,71348,71161.2,71191.2,209.7543
1774482300000,71191.2,71356.2,71146.3,71302,168.9744
1774483200000,71302,71345.9,71160,71222,225.8233
1774484100000,71222,71352,71197.2,71266.1,249.6066
1774485000000,71266.1,71372,71245.3,71323.3,205.8346
1774485900000,71323.3,71421.1,71101.2,71275,401.6476
1774486800000,71275,71343.7,71163.1,71238,219.7541
1774487700000,71238,71364.1,71125,71290.4,197.5227
1774488600000,71290.4,71330,71208,71225.4,112.2777
1774489500000,71225.4,71267,71159,71217.9,119.6344
1774490400000,71217.9,71265.6,71021.7,71064,255.2913
1774491300000,71064,71068.6,70843.2,70864,892.1448
1774492200000,70864,70876.9,70650,70840.9,1016.9339
1774493100000,70840.9,70894,70807.1,70860.6,154.2408
1774494000000,70860.6,70952.1,70729,70946.9,272.6058
1774494900000,70946.9,70947,70655.8,70689,297.8375
1774495800000,70689,70878.8,70686,70835.4,244.5962
1774496700000,70835.4,70882,70768.1,70879.3,194.6384
1774497600000,70879.3,70882,70707.9,70723.5,164.6524
1774498500000,70723.5,70840,70686.7,70839.9,143.6792
1774499400000,70839.9,70865.6,70799.2,70813.5,113.6089
1774500300000,70813.5,70853.4,70734.1,70742.7,119.5474
1774501200000,70742.7,70774.7,70418.7,70531.6,1169.709
1774502100000,70531.6,70617.9,70477.3,70547,342.1134
1774503000000,70547,70596.8,70255,70283,661.0336
1774503900000,70283,70350,69907.1,69993,1845.6303
1774504800000,69993,70084.1,69827,70050.1,1471.065
1774505700000,70050.1,70117.3,69880,70037.1,535.9404
1774506600000,70037.1,70076.5,69953.9,69967,293.984
1774507500000,69967,70132.9,69967,70066.1,308.7151
1774508400000,70066.1,70144,69990,70014,385.2034
1774509300000,70014,70069,69861.2,69940.2,434.9818
1774510200000,69940.2,70076.5,69712,70034.5,868.7931
1774511100000,70034.5,70129.4,70020,70057.6,290.982
1774512000000,70057.6,70097,69860,69900.2,351.366
1774512900000,69900.2,69983.6,69789.4,69800,514.7694
1774513800000,69800,69926,69775,69907.1,515.3306
1774514700000,69907.1,70026.5,69863.8,69996.7,576.539
1774515600000,69996.7,70118,69900.2,70008.9,550.6406
1774516500000,70008.9,70019.6,69850.1,69994.2,540.7701
1774517400000,69994.2,69994.2,69401,69486.9,2769.3679
1774518300000,69486.9,69598,69352.4,69550.5,675.2214
1774519200000,69550.5,69614.8,69469.2,69557.6,367.8852
1774520100000,69557.6,69706.6,69555.1,69625.1,407.249
1774521000000,69625.1,69635.6,69473.2,69517.9,268.0472
1774521900000,69517.9,69548.7,69431.6,69490.6,406.2943
1774522800000,69490.6,69633,69403,69533.8,504.232
1774523700000,69533.8,69554.8,69157.2,69292.9,1325.0329
1774524600000,69292.9,69436.5,69282,69366.6,668.2045
1774525500000,69366.6,69408.9,69236,69243,360.3121
1774526400000,69243,69386,69194,69348.9,721.7423
1774527300000,69348.9,69407.1,69300,69393.5,315.0292
1774528200000,69393.5,69439.4,69216.8,69338.8,362.675
1774529100000,69338.8,69439.8,69338.8,69410.9,260.6179
1774530000000,69410.9,69514.6,69392,69459.9,411.2764
1774530900000,69459.9,69505.3,69346,69371.8,309.3416
1774531800000,69371.8,69537.9,69177.2,69526.2,898.0167
1774532700000,69526.2,69850.6,69455.5,69616.9,2130.7101
1774533600000,69616.9,69808.7,69491.4,69578.9,729.4082
1774534500000,69578.9,69688,69370,69579.9,602.9826
1774535400000,69579.9,69749.1,69463.9,69482.1,533.1763
1774536300000,69482.1,69538.1,69215,69448,785.0171
1774537200000,69448,69471.8,68876,68916.4,2371.3305
1774538100000,68916.4,69060,68577.6,68999.9,2234.8628
1774539000000,68999.9,69046,68875.1,68962.9,578.3974
1774539900000,68962.9,69199,68951.5,69056.1,657.4426
1774540800000,69056.1,69056.1,68909.4,68999,601.8164
1774541700000,68999,69039.8,68803,68854.3,899.0438
1774542600000,68854.3,68972.4,68777.6,68890.7,448.4824
1774543500000,68890.7,68953.8,68820.1,68900,179.6734
1774544400000,68900,69019,68876,68888.4,233.3886
1774545300000,68888.4,69065.5,68878.8,69065.5,192.3523
1774546200000,69065.5,69138.4,68903.4,68922.5,332.2873
1774547100000,68922.5,68928.6,68335.8,68459.9,1666.4307
1774548000000,68459.9,68580.5,68261.8,68432.2,931.5143
1774548900000,68432.2,68432.2,68117.1,68170,1044.5769
1774549800000,68170,68329,68155.7,68300.1,366.3088
1774550700000,68300.1,68471,68277,68461.1,362.0196
1774551600000,68461.1,68493.6,68359.5,68420.9,191.2762
1774552500000,68420.9,68554.6,68349,68407.9,225.279
1774553400000,68407.9,68649.1,68325,68597,358.6292
1774554300000,68597,68650,68465,68504.5,268.7093
1774555200000,68504.5,69466,68395.6,69158,2083.3814
1774556100000,69158,69316.1,69027.7,69141.9,575.2636
1774557000000,69141.9,69271.6,69046,69130.4,282.1238
1774557900000,69130.4,69174,68890.7,68972.3,349.2632
1774558800000,68972.3,68980.7,68837.5,68880.5,343.0114
1774559700000,68880.5,69193.3,68851,69055,373.5644
1774560600000,69055,69101.4,68934,68993.8,243.7236
1774561500000,68993.8,68994,68873.7,68884.5,142.3309
1774562400000,68884.5,69000,68828,68929.2,245.1696
1774563300000,68929.2,68950.2,68555,68715.7,482.9648
1774564200000,68715.7,68800,68671.7,68768.3,236.8158
1774565100000,68768.3,68861.9,68738,68861.9,156.9873
1774566000000,68861.9,68972.7,68752.3,68788,316.0836
1774566900000,68788,68822,68603,68708.7,269.5856
1774567800000,68708.7,68759.7,68620.3,68723.1,268.9474
1774568700000,68723.1,68817,68702.7,68791.9,146.5903
1774569600000,68791.9,68939.9,68677.3,68907.1,341.3406
1774570500000,68907.1,68930.3,68693.1,68693.1,223.7973
1774571400000,68693.1,68759.4,68488.5,68679.1,479.3268
1774572300000,68679.1,68759.3,68563,68747.8,219.1885
1774573200000,68747.8,68858.3,68664.1,68835.9,185.5788
1774574100000,68835.9,68923.2,68797,68880.6,218.5267
1774575000000,68880.6,68911.9,68812,68869.1,160.8881
1774575900000,68869.1,69039.5,68840,69023,364.471
1774576800000,69023,69145,69013,69025,256.0532
1774577700000,69025,69025,68921,68994.6,158.8627
1774578600000,68994.6,69048,68828.1,68887.1,259.9126
1774579500000,68887.1,68952,68841,68873.5,113.0108
1774580400000,68873.5,68893,68634,68721.6,513.0124
1774581300000,68721.6,68814.7,68691,68804.5,136.9432
1774582200000,68804.5,68882.7,68768.4,68836.1,208.0298
1774583100000,68836.1,68840.8,68731,68735.9,96.9047
1774584000000,68735.9,68766,68250.2,68374.9,1435.2642
1774584900000,68374.9,68535,68350.7,68499.5,623.2549
1774585800000,68499.5,68589,68468.6,68548.9,213.239
1774586700000,68548.9,68600,68530,68542,161.114
1774587600000,68542,68791,68515.8,68774.8,347.3329
1774588500000,68774.8,68830,68551.9,68560.4,381.5986
1774589400000,68560.4,68673.8,68469.6,68567.1,273.0065
1774590300000,68567.1,68599.9,68523,68592,146.1721
1774591200000,68592,68723.8,68533.1,68715.2,144.5093
1774592100000,68715.2,68814.7,68678,68755.8,177.8544
1774593000000,68755.8,68798.8,68695.7,68702.6,188.0365
1774593900000,68702.6,68702.6,68606.6,68623.1,128.1021
1774594800000,68623.1,68880,68568,68820.2,359.983
1774595700000,68820.2,68929.1,68771,68890.4,367.0181
1774596600000,68890.4,68913,68492.4,68565,620.1149
1774597500000,68565,68606.5,68413.9,68504,473.0724
1774598400000,68504,68597,68419.3,68433.1,392.8418
1774599300000,68433.1,68501.3,68187.5,68206.5,1445.7922
1774600200000,68206.5,68276.7,67564.4,67800.1,3334.6716
1774601100000,67800.1,68050,67737.1,67880.4,911.5548
1774602000000,67880.4,67911,67500,67726.6,1647.1976
1774602900000,67726.6,67924.3,67713.8,67910,577.3674
1774603800000,67910,67910,67675.7,67693,593.7466
1774604700000,67693,67850,67641.4,67661.2,427.053
1774605600000,67661.2,67745.9,67574.7,67631.8,525.3877
1774606500000,67631.8,67751.7,67621.9,67739,282.9265
1774607400000,67739,67745.4,66762.4,66865.1,4139.586
1774608300000,66865.1,66916.6,66259.5,66470.1,3089.8224
1774609200000,66470.1,66598.1,66164.6,66590,1666.1491
1774610100000,66590,66731.3,66567.2,66690.5,970.2498
1774611000000,66690.5,66752.9,66613.6,66733.9,507.5525
1774611900000,66733.9,66826.5,66640.8,66673.9,698.0427
1774612800000,66673.9,66750.7,66564.1,66612,721.1485
1774613700000,66612,66689.9,66461.5,66500.1,920.7079
1774614600000,66500.1,66612,66387.2,66590.9,717.1555
1774615500000,66590.9,66659.8,66450,66587.3,446.3428
1774616400000,66587.3,66700,66484.1,66501,404.3915
1774617300000,66501,66689.7,66451.1,66665,434.5806
1774618200000,66665,66696.4,66098.9,66471.8,2367.503
1774619100000,66471.8,66542.4,65933.3,66154.9,1757.6106
1774620000000,66154.9,66375,66061.2,66321.2,908.0109
1774620900000,66321.2,66345.4,65677.9,65700,2468.3649
1774621800000,65700,65966,65691,65870.9,1173.6319
1774622700000,65870.9,66219.2,65742.5,66164.2,1176.608
1774623600000,66164.2,66273.4,66062.2,66211.6,892.8335
1774624500000,66211.6,66440.3,65938,66306.7,1330.4114
1774625400000,66306.7,66630.9,66260.3,66376.2,1240.1068
1774626300000,66376.2,66442,66069.2,66090,977.089
1774627200000,66090,66094,65760.1,65945.1,1276.8354
1774628100000,65945.1,66076,65785,65934,866.7331
1774629000000,65934,66014.7,65784.5,65998,526.5309
1774629900000,65998,66160,65817.3,65952.1,627.6089
1774630800000,65952.1,66266.5,65907.4,66187.3,962.0851
1774631700000,66187.3,66258,65836.8,65836.8,1027.1472
1774632600000,65836.8,65902,65560,65597.1,1120.7319
1774633500000,65597.1,65717.2,65567.7,65606,1069.1298
1774634400000,65606,65767,65562.8,65595.9,621.6138
1774635300000,65595.9,65832.8,65506.1,65737.1,610.0981
1774636200000,65737.1,65849.8,65702,65779.3,455.2962
1774637100000,65779.3,65933.3,65763,65810,308.9654
1774638000000,65810,65831.5,65673.6,65749.2,250.0044
1774638900000,65749.2,65917.3,65710,65900,517.3134
1774639800000,65900,66017.8,65834.4,65897.9,394.573
1774640700000,65897.9,66134.9,65846.3,66011.6,857.5132
1774641600000,66011.6,66133,65967.9,65970.7,439.6048
1774642500000,65970.7,66059.5,65774.4,65866.7,364.0931
1774643400000,65866.7,65927.4,65791.9,65867,230.8678
1774644300000,65867,66069,65852,65989.3,222.7161
1774645200000,65989.3,66158.2,65978,66120,253.7409
1774646100000,66120,66147,66071.4,66122,230.2508
1774647000000,66122,66147.2,66008.7,66092.7,152.2929
1774647900000,66092.7,66110,66000,66051.8,186.9138
1774648800000,66051.8,66061,65920,65976.6,180.7421
1774649700000,65976.6,65996.2,65908.2,65983.1,138.2229
1774650600000,65983.1,66032.1,65880.9,66012.9,183.8961
1774651500000,66012.9,66049.8,65983,65991.1,223.4718
1774652400000,65991.1,66074.3,65936.1,66063.9,119.9864
1774653300000,66063.9,66199.9,66040,66157,230.7682
1774654200000,66157,66258.6,66126,66248.9,174.3447
1774655100000,66248.9,66389.5,66248.9,66370.7,450.7622
1774656000000,66370.7,66440,66251.5,66274,372.6038
1774656900000,66274,66365.3,66273.9,66338,122.7152
1774657800000,66338,66484.9,66338,66460.1,372.069
1774658700000,66460.1,66464,66378,66396.5,114.3418
1774659600000,66396.5,66399,66073.5,66120.1,504.4615
1774660500000,66120.1,66254,66105.4,66186,224.0256
1774661400000,66186,66254.2,66015.7,66109.9,316.391
1774662300000,66109.9,66159.9,66072,66145.9,262.6281
1774663200000,66145.9,66223.1,66117.1,66163.3,149.2933
1774664100000,66163.3,66195.7,65982.3,66017.5,556.2078
1774665000000,66017.5,66041.4,65890.9,66006.3,326.8202
1774665900000,66006.3,66036.3,65943.4,66023,173.6558
1774666800000,66023,66126.8,66023,66095,123.9958
1774667700000,66095,66153.1,66095,66133,130.2162
1774668600000,66133,66211,66109.1,66203.6,152.3717
1774669500000,66203.6,66212,66145.7,66202.4,144.556
1774670400000,66202.4,66202.4,66071,66085.8,188.6629
1774671300000,66085.8,66269,66085.7,66240,262.6229
1774672200000,66240,66261.1,66207.7,66248.4,161.3402
1774673100000,66248.4,66272.7,66198.2,66253.5,99.4527
1774674000000,66253.5,66266.9,66164.2,66218,104.6896
1774674900000,66218,66360,66188,66309,175.3096
1774675800000,66309,66334.7,66249.1,66298,114.7662
1774676700000,66298,66333.3,66281.6,66313.9,142.9635
1774677600000,66313.9,66382.1,66265.8,66332.9,259.2484
1774678500000,66332.9,66469.4,66326,66431.1,333.4635
1774679400000,66431.1,66446,66387,66394.8,166.6244
1774680300000,66394.8,66420,66319,66355,183.2483
1774681200000,66355,66425.5,66344.7,66403.1,105.2334
1774682100000,66403.1,66455.7,66400,66428.4,138.255
1774683000000,66428.4,66428.5,66398.3,66407.6,142.7288
1774683900000,66407.6,66541,66407.6,66526.2,418.0389
1774684800000,66526.2,66531.4,66441.6,66471.4,258.229
1774685700000,66471.4,66529,66460.5,66515,110.2578
1774686600000,66515,66526,66385,66385,130.7297
1774687500000,66385,66429.9,66355.9,66376.8,239.6758
1774688400000,66376.8,66376.8,66271.4,66318,213.9787
1774689300000,66318,66364.5,66253.2,66317.7,204.5499
1774690200000,66317.7,66324,66219.1,66226.2,162.7638
1774691100000,66226.2,66287.4,66204.4,66272,133.8663
1774692000000,66272,66379.5,66252.1,66283,149.65
1774692900000,66283,66312.5,66115.6,66132.9,282.5932
1774693800000,66132.9,66194.8,66081.5,66156.9,206.3848
1774694700000,66156.9,66205.7,66139.1,66185.1,132.7873
1774695600000,66185.1,66257.5,66165,66224.7,116.9974
1774696500000,66224.7,66285,66198.6,66285,117.1686
1774697400000,66285,66302.6,66260.1,66284.8,91.0065
1774698300000,66284.8,66324.7,66264.5,66287,104.4244
1774699200000,66287,66378.3,66197,66370.1,186.7123
1774700100000,66370.1,66500,66370,66405.1,424.851
1774701000000,66405.1,66405.1,66238.1,66328,213.1651
1774701900000,66328,66426.5,66313,66413.8,247.4654
1774702800000,66413.8,66481.7,66386.7,66436.7,262.0284
1774703700000,66436.7,66458.7,66363.1,66432.9,154.6963
1774704600000,66432.9,67128,66416.5,66890.9,2311.1014
1774705500000,66890.9,66977.7,66728.1,66802.6,651.5945
1774706400000,66802.6,66881.5,66700,66744.6,345.0526
1774707300000,66744.6,66816.8,66674.9,66774.8,208.566
1774708200000,66774.8,66917.8,66661.1,66849.7,324.8057
1774709100000,66849.7,66937.3,66625,66711.8,514.5494
1774710000000,66711.8,66864,66676.7,66844.8,204.9139
1774710900000,66844.8,67275.3,66823.2,66989.6,1946.1947
1774711800000,66989.6,67115.9,66934.2,67012.4,410.3966
1774712700000,67012.4,67027,66890.7,66980.1,234.629
1774713600000,66980.1,67062.2,66881.2,66996.5,270.1546
1774714500000,66996.5,67061.6,66989.8,67036.6,194.0702
1774715400000,67036.6,67036.6,66852.8,66865.2,237.5464
1774716300000,66865.2,66904,66808.4,66889.7,224.1168
1774717200000,66889.7,66970.8,66837.2,66884.3,265.9187
1774718100000,66884.3,66884.3,66719.3,66740,255.6547
1774719000000,66740,66884.4,66650.1,66772.3,425.7448
1774719900000,66772.3,66844.6,66727.7,66806.2,135.9233
1774720800000,66806.2,66905,66806,66903.4,169.1987
1774721700000,66903.4,66908,66832.9,66843.5,65.4968
1774722600000,66843.5,66917.6,66795.2,66914.2,138.2823
1774723500000,66914.2,66914.2,66841.9,66870.6,79.2522
1774724400000,66870.6,66917.7,66761,66808.1,117.7832
1774725300000,66808.1,66835.8,66778,66825,56.9279
1774726200000,66825,66866,66790.6,66790.6,60.9978
1774727100000,66790.6,66878.4,66789.3,66878.3,58.5467
1774728000000,66878.3,66975,66873.6,66964.8,171.148
1774728900000,66964.8,66974,66862.1,66879.8,173.821
1774729800000,66879.8,66966.3,66869,66874,71.0338
1774730700000,66874,66933.2,66874,66881.2,57.5933
1774731600000,66881.2,66889,66750,66794.8,176.1083
1774732500000,66794.8,66817,66766.3,66812,67.0642
1774733400000,66812,66849.9,66766.8,66821.4,52.4163
1774734300000,66821.4,66821.4,66500,66642.9,510.9338
1774735200000,66642.9,66689.6,66555.9,66561.4,174.1685
1774736100000,66561.4,66750,66555.5,66739,209.934
1774737000000,66739,66749.9,66659.1,66662.6,72.5793
1774737900000,66662.6,66739.7,66653.7,66717.8,116.3726
1774738800000,66717.8,66717.8,66237.1,66358,774.3085
1774739700000,66358,66406.2,66237.7,66355.1,453.9343
1774740600000,66355.1,66450,66344,66353.8,202.8544
1774741500000,66353.8,66382,66277,66330,185.2718
1774742400000,66330,66441,66320,66376.3,178.8343
1774743300000,66376.3,66443.5,66244,66358.1,273.0431
1774744200000,66358.1,66435.2,66321.1,66360.4,111.2539
1774745100000,66360.4,66470,66352.8,66446,158.0444
1774746000000,66446,66566.1,66442,66517.5,293.3359
1774746900000,66517.5,66590.4,66479.5,66523.4,261.9378
1774747800000,66523.4,66524.6,66347,66436.9,162.0632
1774748700000,66436.9,66569.7,66386.9,66536,207.8662
1774749600000,66536,66622.3,66501,66607.2,204.1491
1774750500000,66607.2,66674.9,66548.6,66618.2,307.5566
1774751400000,66618.2,66719.3,66540.1,66676.9,253.4581
1774752300000,66676.9,66820.7,66651.1,66777.6,404.8944
1774753200000,66777.6,66782,66722.7,66764.1,160.5756
1774754100000,66764.1,67102.3,66727.9,66935,809.859
1774755000000,66935,66972.9,66869.8,66886.9,166.8661
1774755900000,66886.9,66919.9,66823.2,66871.1,249.5094
1774756800000,66871.1,66904,66805.2,66876.1,182.337
1774757700000,66876.1,66876.1,66720.1,66783.1,204.1685
1774758600000,66783.1,66816,66731.8,66758.5,124.6265
1774759500000,66758.5,66766.7,66663.6,66699.3,252.5023
1774760400000,66699.3,66717.6,66631.2,66654.4,171.7453
1774761300000,66654.4,66720,66561.7,66600,329.6587
1774762200000,66600,66646,66564,66639.8,96.7864
1774763100000,66639.8,66797.1,66595.5,66740,329.4086
1774764000000,66740,66841.8,66738,66786.9,180.4286
1774764900000,66786.9,66837.8,66593.5,66659.9,229.1787
1774765800000,66659.9,66690,66626,66642.1,97.1245
1774766700000,66642.1,66741.9,66620,66700.1,114.9384
1774767600000,66700.1,66700.1,66508.2,66558.1,325.5526
1774768500000,66558.1,66647,66549.6,66646.9,104.3812
1774769400000,66646.9,66681.9,66576,66605.1,67.4223
1774770300000,66605.1,66720,66566.2,66630.1,152.7743
1774771200000,66630.1,66723,66580,66615.1,100.117
1774772100000,66615.1,66644.7,66556.7,66643,86.107
1774773000000,66643,66742.6,66642.9,66703.2,105.0279
1774773900000,66703.2,66716.3,66660,66684,69.1006
1774774800000,66684,66738.4,66551,66654.9,174.2788
1774775700000,66654.9,66688,66595.4,66638.2,88.4359
1774776600000,66638.2,66662.2,66497.6,66542.9,247.9705
1774777500000,66542.9,66606,66542.9,66593.1,54.4656
1774778400000,66593.1,66593.1,66465,66510,266.6146
1774779300000,66510,66523,66400,66433.7,273.5388
1774780200000,66433.7,66517.6,66370,66509.9,253.3215
1774781100000,66509.9,66543.6,66463.2,66471.6,152.0495
1774782000000,66471.6,66839.1,66471.5,66738,541.7149
1774782900000,66738,66820,66697.3,66798.1,342.2057
1774783800000,66798.1,66886.1,66730,66863,318.3797
1774784700000,66863,66982,66767.3,66775.5,383.3505
1774785600000,66775.5,66820.5,66726,66729.4,191.7353
1774786500000,66729.4,66791.5,66686.4,66746,179.2972
1774787400000,66746,66775,66655.8,66703.9,198.626
1774788300000,66703.9,66844.1,66686.6,66814.8,251.9153
1774789200000,66814.8,66842,66483.5,66569,740.5365
1774790100000,66569,66677.4,66524,66596.9,317.604
1774791000000,66596.9,66650,66567.6,66633.9,164.6239
1774791900000,66633.9,66651.9,66507.1,66545.9,151.2516
1774792800000,66545.9,66772.4,66420,66633.1,587.8725
1774793700000,66633.1,66658,66478.5,66504.3,196.0247
1774794600000,66504.3,66585.6,66471,66543.4,149.2443
1774795500000,66543.4,66564.5,66472,66560.3,140.8134
1774796400000,66560.3,66725.9,66480.7,66567.5,637.4366
1774797300000,66567.5,66639,66289.1,66393.7,569.7528
1774798200000,66393.7,66437.9,66292.4,66427.9,420.3249
1774799100000,66427.9,66514.8,66389.3,66500,233.9253
1774800000000,66500,66531.7,66409.3,66415.7,166.2007
1774800900000,66415.7,66638.1,66400,66591,319.2088
1774801800000,66591,66591,66500,66500,150.7207
1774802700000,66500,66540.9,66449.2,66469.4,134.6019
1774803600000,66469.4,66521,66362.8,66386.4,173.9153
1774804500000,66386.4,66386.5,66115.5,66231.1,755.6176
1774805400000,66231.1,66393.6,66204.9,66359,463.3661
1774806300000,66359,66410,66314.1,66352.5,153.1108
1774807200000,66352.5,66386,66288.9,66368,78.5554
1774808100000,66368,66439,66325.4,66366,124.7898
1774809000000,66366,66527,66360.6,66397,203.2304
1774809900000,66397,66434.4,66357.2,66396,63.9128
1774810800000,66396,66419.9,66352.1,66409.8,59.93
1774811700000,66409.8,66450.9,66365,66393,141.7759
1774812600000,66393,66450,66314.5,66360.7,129.2451
1774813500000,66360.7,66402.5,66291.3,66318.6,157.9511
1774814400000,66318.6,66481.9,66316,66428,191.0703
1774815300000,66428,66771.7,66428,66674.9,793.168
1774816200000,66674.9,66688.2,66551.8,66557.4,229.4197
1774817100000,66557.4,66600.4,66530.2,66578.1,88.5639
1774818000000,66578.1,66652.9,66470.4,66519.9,152.1587
1774818900000,66519.9,66645.4,66495.6,66621,186.8739
1774819800000,66621,66671.7,66571.3,66610.1,186.6555
1774820700000,66610.1,66725.8,66610,66677.1,176.9117
1774821600000,66677.1,66684.3,66189,66275,976.7627
1774822500000,66275,66464.4,66236.9,66354,371.712
1774823400000,66354,66399.9,65600,65648,2270.7481
1774824300000,65648,65934.6,64936.8,65818.8,4469.9199
1774825200000,65818.8,66349,65811.4,66064.3,1451.2757
1774826100000,66064.3,66279.4,65905,65969.1,998.1546
1774827000000,65969.1,66063.2,65829.2,65996.6,688.6987
1774827900000,65996.6,66146.2,65845.7,65980,534.8763
1774828800000,65980,66053.9,65756.2,65818.9,535.4993
1774829700000,65818.9,67047.9,65764.1,66542.5,3396.3464
1774830600000,66542.5,66710.6,66151.9,66298,817.3194
1774831500000,66298,66390.1,66072.4,66254.4,719.6071
1774832400000,66254.4,66541.9,66249.6,66372.8,744.7126
1774833300000,66372.8,66635.9,66286.7,66566.3,404.671
1774834200000,66566.3,66713.5,66495,66635.3,431.1533
1774835100000,66635.3,66825.8,66570.1,66619.9,628.9893
1774836000000,66619.9,66835,66535.6,66805.4,416.783
1774836900000,66805.4,66888,66650,66720.7,384.4447
1774837800000,66720.7,67026.2,66557.3,67015,747.471
1774838700000,67015,67437,66961,67088.4,2575.8556
1774839600000,67088.4,67116.4,66939.1,66981.2,379.9116
1774840500000,66981.2,67269,66968,67208.9,513.9848
1774841400000,67208.9,67250,67103.1,67170.9,349.1165
1774842300000,67170.9,67300,67089,67141,288.8563
1774843200000,67141,67481.3,67131,67392.3,915.5262
1774844100000,67392.3,67627.1,67340,67413.3,1208.8761
1774845000000,67413.3,67533.7,67343.9,67384.1,710.8678
1774845900000,67384.1,67623.1,67384,67581.9,535.2954
1774846800000,67581.9,67777,67541.1,67609,1124.5107
1774847700000,67609,67690,67551.4,67622.2,338.1082
1774848600000,67622.2,67666,67416.1,67457.6,454.0149
1774849500000,67457.6,67525,67393.6,67451.1,291.9315
1774850400000,67451.1,67550,67375.7,67402.5,236.0301
1774851300000,67402.5,67425,67227.5,67282,616.0798
1774852200000,67282,67363.5,67239.3,67331.2,230.2861
1774853100000,67331.2,67398.8,67260,67265,334.1503
1774854000000,67265,67427.2,67187.3,67345.1,311.4022
1774854900000,67345.1,67393.3,67258.7,67297.7,171.1481
1774855800000,67297.7,67391.5,67250.9,67276.9,259.1853
1774856700000,67276.9,67600,67262.2,67594.1,617.7726
1774857600000,67594.1,67881,67571,67857,1519.4968
1774858500000,67857,67878,67690,67718.9,578.8564
1774859400000,67718.9,67911,67690,67715.3,523.2257
1774860300000,67715.3,67777,67613.2,67632.5,492.7905
1774861200000,67632.5,67662,67533.1,67541.9,364.2659
1774862100000,67541.9,67628.1,67464,67478.8,559.9485
1774863000000,67478.8,67530.6,67415.1,67520.5,278.6703
1774863900000,67520.5,67567.2,67427.4,67459.5,223.2182
1774864800000,67459.5,67465.7,67361,67404.1,241.0495
1774865700000,67404.1,67460.8,67375.9,67383.5,170.9304
1774866600000,67383.5,67403.6,67315.5,67401,198.8218
1774867500000,67401,67490.1,67383.2,67459,293.2057
1774868400000,67459,67565.9,67453.4,67563,371.429
1774869300000,67563,67994.8,67501,67651,1140.677
1774870200000,67651,67720.7,67467.6,67566.6,544.1778
1774871100000,67566.6,67705.5,67545,67645.1,275.7746
1774872000000,67645.1,67846.4,67620,67810.1,456.6178
1774872900000,67810.1,67950,67759.7,67819.5,652.6271
1774873800000,67819.5,67927.6,67773.2,67840.1,405.9151
1774874700000,67840.1,67910,67794,67857,216.8859
1774875600000,67857,67931,67781.2,67867.9,548.43
1774876500000,67867.9,68159.8,67827.7,67831.8,1531.8672
1774877400000,67831.8,68011.4,67656.3,67668.7,1353.9752
1774878300000,67668.7,67798,67400.6,67487.8,917.3933
1774879200000,67487.8,67720,67424.5,67635.4,700.7693
1774880100000,67635.4,67662.2,67193.8,67272.3,954.2776
1774881000000,67272.3,67371.2,67072.5,67092.5,1139.4258
1774881900000,67092.5,67846.4,67049.9,67767,1362.3846
1774882800000,67767,67874.7,67525.7,67530.2,775.546
1774883700000,67530.2,67575,67361.1,67490.5,619.6832
1774884600000,67490.5,67872.8,67424.1,67714.2,679.6019
1774885500000,67714.2,67764.3,67559,67593.2,432.1733
1774886400000,67593.2,67617.9,67310,67409.9,477.7748
1774887300000,67409.9,67447.9,67251.5,67316.1,325.411
1774888200000,67316.1,67482.3,67278.2,67345.4,275.6304
1774889100000,67345.4,67413.3,67192,67328.9,317.1688
1774890000000,67328.9,67439.6,67142.8,67156.4,324.5111
1774890900000,67156.4,67166.3,66612.9,66783.9,1517.406
1774891800000,66783.9,66934.5,66718.6,66919.6,694.9986
1774892700000,66919.6,66967.9,66752.4,66800,286.0775
1774893600000,66800,66895.3,66670.5,66784.8,319.8797
1774894500000,66784.8,66832.5,66552.4,66674.5,514.3857
1774895400000,66674.5,66795,66548.3,66708.1,210.1817
1774896300000,66708.1,66764.5,66464.4,66617.8,475.6211
1774897200000,66617.8,66639.7,66258.6,66399,712.8889
1774898100000,66399,66430.8,66194.5,66280.4,457.1038
1774899000000,66280.4,66378.5,66214.9,66308.6,266.7038
1774899900000,66308.6,66551.9,66255.8,66518.6,403.9984
1774900800000,66518.6,66667,66495.9,66564,336.1021
1774901700000,66564,66642.4,66513.9,66623.2,159.4995
1774902600000,66623.2,66648,66519.4,66632.6,150.4321
1774903500000,66632.6,66643.6,66576,66617.9,85.1502
1774904400000,66617.9,66770.9,66550.6,66751.7,292.4908
1774905300000,66751.7,66960,66736.5,66822.1,422.8931
1774906200000,66822.1,66953.4,66785,66895.3,190.4256
1774907100000,66895.3,66918.9,66756.8,66771.3,192.9525
1774908000000,66771.3,66965.9,66668.7,66738.6,242.7243
1774908900000,66738.6,66870.8,66688.8,66784.6,158.6194
1774909800000,66784.6,66835,66710,66799.1,121.001
1774910700000,66799.1,66809,66645.9,66743.7,178.8124
1774911600000,66743.7,66755.5,66370.6,66518.1,579.2781
1774912500000,66518.1,66696.4,66489.5,66674.3,261.293
1774913400000,66674.3,66744,66620.5,66729.3,181.0732
1774914300000,66729.3,66765,66679.2,66765,137.8981
1774915200000,66765,66797.8,66526.8,66620.1,282.7191
1774916100000,66620.1,66794.7,66508.9,66784.1,269.0819
1774917000000,66784.1,66924.2,66736.5,66920,434.0107
1774917900000,66920,67286.4,66910.7,67179.9,1221.8054
1774918800000,67179.9,67260.6,67019.2,67200,364.0356
1774919700000,67200,67864.7,67199.9,67749.9,1564.4864
1774920600000,67749.9,68380,67700,67904.9,2605.6349
1774921500000,67904.9,68025.3,67783.6,67902.8,605.1105
1774922400000,67902.8,67953.4,67741,67890.9,347.8423
1774923300000,67890.9,68071.4,67882,68018.9,327.0662
1774924200000,68018.9,68030,67809.6,67951.4,301.5246
1774925100000,67951.4,68060,67868.9,67918.5,229.704
1774926000000,67918.5,67982.5,67776,67890.9,274.3037
1774926900000,67890.9,67934,67776,67811.9,190.5578
1774927800000,67811.9,67908,67614,67704.5,500.4182
1774928700000,67704.5,67735.4,67614.1,67676.7,271.9647
1774929600000,67676.7,67759.9,67530.6,67637.4,565.3955
1774930500000,67637.4,67850.1,67461,67566.9,1003.6342
1774931400000,67566.9,67636,67490,67568.9,347.0309
1774932300000,67568.9,67664.2,67480.1,67513.5,282.2969
1774933200000,67513.5,67595.8,67367.8,67395.5,335.6373
1774934100000,67395.5,67638.7,67366.3,67600.1,422.724
1774935000000,67600.1,67695.9,67530.3,67645.2,301.7266
1774935900000,67645.2,67750,67629.5,67654.5,178.9374
1774936800000,67654.5,67683.5,67438,67450.5,332.2134
1774937700000,67450.5,67488.7,67302.8,67383.9,406.0056
1774938600000,67383.9,67462.3,67320.7,67385.2,280.7002
1774939500000,67385.2,67522.9,67385.1,67472.3,206.3333
1774940400000,67472.3,67500,67205.8,67278.6,363.8233
1774941300000,67278.6,67299.7,67067.9,67270,1122.7704
1774942200000,67270,67357.4,67183.9,67306.6,401.3904
1774943100000,67306.6,67419.9,67290,67348.9,471.5771
1774944000000,67348.9,67486.3,67211.6,67329.4,325.8094
1774944900000,67329.4,67432.9,67260.6,67291.3,287.5272
1774945800000,67291.3,67294.2,66780.3,66825.6,1442.8626
1774946700000,66825.6,66912.9,66661,66750.1,889.6571
1774947600000,66750.1,66899.9,66553.4,66666.8,997.0074
1774948500000,66666.8,66687,66314.4,66410.9,1107.0372
1774949400000,66410.9,66502.9,66368.6,66486,457.8231
1774950300000,66486,66493.8,65956.8,66110.7,1588.54
1774951200000,66110.7,66368,66074,66349.2,867.5629
1774952100000,66349.2,66444,66319,66355.5,523.1503
1774953000000,66355.5,66403,66188,66250.1,598.1222
1774953900000,66250.1,66445.7,66220,66336.6,365.7872
1774954800000,66336.6,66561.6,66208.1,66550.4,856.1603
1774955700000,66550.4,66857.8,66503.8,66617.1,1455.6917
1774956600000,66617.1,66805,66603.7,66699.9,537.5709
1774957500000,66699.9,66700,66534.3,66660.3,416.835
1774958400000,66660.3,66767.7,66541.5,66544.7,450.1383
1774959300000,66544.7,66799.9,66483.1,66765.7,551.5757
1774960200000,66765.7,66926.3,66693.7,66875.5,548.4613
1774961100000,66875.5,66895,66620,66621.2,477.9379
1774962000000,66621.2,66811,66621,66794,274.5393
1774962900000,66794,66928.6,66725,66772.2,289.3249
1774963800000,66772.2,67178.4,66701,66939.6,1270.1154
1774964700000,66939.6,67387.9,66939.6,67260.6,1301.1293
1774965600000,67260.6,67527.6,67073.3,67304,1127.4352
1774966500000,67304,67742.5,67288.3,67700,1528.5918
1774967400000,67700,67725,67050,67186.6,1079.5711
1774968300000,67186.6,67189.3,66386.1,66558,2230.9603
1774969200000,66558,67259.6,66557.9,67210,1455.7939
1774970100000,67210,67256,66855.9,66926,1156.3174
1774971000000,66926,67126,66823.6,66905.4,700.9258
1774971900000,66905.4,67026.6,66651.4,66697.1,474.0833
1774972800000,66697.1,66968.8,66697.1,66897.6,452.6949
1774973700000,66897.6,67175.9,66879.7,67056.6,468.7391
1774974600000,67056.6,67989.6,66922.6,67740,2063.3033
1774975500000,67740,67860.5,67452.5,67638.1,1157.5898
1774976400000,67638.1,68465.8,67538.1,68423.2,2284.5811
1774977300000,68423.2,68558,67942.9,67990.7,1703.1935
1774978200000,67990.7,68082.2,67575,67679,891.9105
1774979100000,67679,67740,67353,67489.6,711.6721
1774980000000,67489.6,67764,67489.6,67739.2,519.7006
1774980900000,67739.2,67922.6,67586.3,67740,565.7215
1774981800000,67740,67850.7,67602.3,67783.4,200.2679
1774982700000,67783.4,67905.7,67704.2,67807.8,177.6354
1774983600000,67807.8,67997,67795.3,67946.3,372.6703
1774984500000,67946.3,67993.6,67815,67837.5,264.8051
1774985400000,67837.5,67899.4,67667,67794.1,204.1122
1774986300000,67794.1,67929.3,67687.6,67798.1,223.2532
1774987200000,67798.1,68179.1,67789.3,68105.1,606.7727
1774988100000,68105.1,68131,67900.4,67964.1,352.0015
1774989000000,67964.1,68089.9,67904.9,68012.8,138.3129
1774989900000,68012.8,68231.4,67980.4,68224.9,293.1046
1774990800000,68224.9,68225,67909.9,67972.2,232.9888
1774991700000,67972.2,68023.5,67842.9,67993.6,369.9931
1774992600000,67993.6,68144.8,67986,68124.9,198.3192
1774993500000,68124.9,68380.7,68115.6,68234.9,449.0028
1774994400000,68234.9,68305,68010.7,68167.4,269.4961
1774995300000,68167.4,68252.5,68049.1,68074.9,224.442
1774996200000,68074.9,68214.3,67909.9,68137.7,273.5207
1774997100000,68137.7,68184.9,68058.6,68141,231.0891
1774998000000,68141,68253.6,68046.6,68181.1,238.4621
1774998900000,68181.1,68333,68135.5,68219.4,286.8243
1774999800000,68219.4,68322.4,68193.6,68267.2,151.2284
1775000700000,68267.2,68298.5,68165.3,68237.4,171.3258
1775001600000,68237.4,68237.4,67982.1,68003.4,278.9677
1775002500000,68003.4,68180.2,67866.7,67961.8,433.7339
1775003400000,67961.8,68025.2,67804.9,68025.2,303.4167
1775004300000,68025.2,68319,67987,68289.5,369.8684
1775005200000,68289.5,68319.6,68103.1,68224.7,341.6711
1775006100000,68224.7,68224.8,67982.5,68002.8,374.2965
1775007000000,68002.8,68056,67757,67920.8,500.5346
1775007900000,67920.8,67925.5,67716.8,67741.7,357.0794
1775008800000,67741.7,67869.4,67662.2,67802.2,397.2664
1775009700000,67802.2,67874.5,67561,67598.5,348.1907
1775010600000,67598.5,67689.9,67537.1,67616.2,310.7674
1775011500000,67616.2,67706.9,67559.4,67633.4,288.8581
1775012400000,67633.4,68075.6,67633.4,67950.1,513.6023
1775013300000,67950.1,67996.5,67884.3,67934.2,197.8324
1775014200000,67934.2,68056.8,67881.1,68027.9,197.8254
1775015100000,68027.9,68222,68027.9,68129.2,512.7291
1775016000000,68129.2,68228,67965,68041.4,562.9289
1775016900000,68041.4,68194,68002.7,68119.9,502.4797
1775017800000,68119.9,68243.3,68063.9,68184.9,215.6379
1775018700000,68184.9,68455.8,68164.5,68266.5,554.5658
1775019600000,68266.5,68397,68112.9,68368,393.7902
1775020500000,68368,68727.6,68318.2,68552.2,1399.3601
1775021400000,68552.2,68623.9,68428.5,68467.6,562.9563
1775022300000,68467.6,68525,68404.8,68414.8,364.053
1775023200000,68414.8,68680,68414.8,68615,413.5998
1775024100000,68615,68864.3,68575,68823.9,1044.4788
1775025000000,68823.9,69200,68760,69181.3,1601.7395
1775025900000,69181.3,69210,68982,69064.9,1034.5489
1775026800000,69064.9,69288,69064.9,69130.9,605.896
1775027700000,69130.9,69150.2,68807.3,68861.6,950.536
1775028600000,68861.6,68958.7,68812.9,68857,427.8497
1775029500000,68857,68885.4,68630.7,68650.4,643.1058
1775030400000,68650.4,68746.4,68469.5,68489.7,969.9715
1775031300000,68489.7,68712,68422.4,68709,791.3386
1775032200000,68709,68820,68682,68744.6,327.4763
1775033100000,68744.6,68765,68526,68631.4,394.0329
1775034000000,68631.4,68698.6,68401.1,68459,765.4332
1775034900000,68459,68525.9,68353.2,68519.7,432.4622
1775035800000,68519.7,68583.2,68366,68442.4,317.7667
1775036700000,68442.4,68661,68442.4,68607.2,445.9165
1775037600000,68607.2,68630.1,68465.5,68473.5,423.068
1775038500000,68473.5,68600,68451.3,68488.9,412.8709
1775039400000,68488.9,68546.3,68372.1,68466.2,351.5581
1775040300000,68466.2,68599.8,68400,68543.4,234.7095
1775041200000,68543.4,68630,68469.4,68584.9,186.4939
1775042100000,68584.9,68611.6,68471.5,68521.8,194.2555
1775043000000,68521.8,68600,68500,68571.9,205.6966
1775043900000,68571.9,68711.3,68554,68672.6,390.3922
1775044800000,68672.6,68690.3,68441,68545.6,494.4181
1775045700000,68545.6,68633.8,68471.5,68485.5,313.8926
1775046600000,68485.5,68731.1,68219.6,68642.5,1231.8464
1775047500000,68642.5,68799,68307,68366.2,938.82
1775048400000,68366.2,68420.3,68125,68398.1,974.7378
1775049300000,68398.1,68569,68392.6,68526.5,356.2822
1775050200000,68526.5,68653.9,67875.2,68077.2,1524.0815
1775051100000,68077.2,68271.1,67884.9,68089.3,1021.9296
1775052000000,68089.3,68262.8,68020,68231.3,394.3508
1775052900000,68231.3,68489.5,68192.8,68485.3,771.0725
1775053800000,68485.3,68613.9,68215,68373.9,714.8066
1775054700000,68373.9,68649.9,68319.5,68563,934.9178
1775055600000,68563,68629,68423,68454.3,686.1254
1775056500000,68454.3,68870,68387,68711.5,1055.0517
1775057400000,68711.5,68834,68626.1,68720.2,505.0942
1775058300000,68720.2,68930.2,68720.1,68875.4,476.9291
1775059200000,68875.4,68898.4,68605.2,68630.8,634.4151
1775060100000,68630.8,68906.7,68563.4,68830.5,458.4652
1775061000000,68830.5,68974.4,68671.9,68900,707.1343
1775061900000,68900,68912.2,68767.1,68775,242.6248
1775062800000,68775,69133.4,68680,68705.2,864.6749
1775063700000,68705.2,68755.8,68450.7,68491.6,630.1326
1775064600000,68491.6,68508,68256,68396.3,684.5787
1775065500000,68396.3,68406.9,68207.6,68226.7,351.565
1775066400000,68226.7,68260.1,67904,68045,884.9385
1775067300000,68045,68133.7,67950,68055.5,339.6056
1775068200000,68055.5,68288,68003.8,68189.6,397.4968
1775069100000,68189.6,68197.7,67969.3,68047,478.3289
1775070000000,68047,68199,68023.6,68024.3,324.4116
1775070900000,68024.3,68243.8,67988.8,68240.5,211.5705
1775071800000,68240.5,68260.3,68028.3,68121.3,208.464
1775072700000,68121.3,68250.6,68072.2,68143.2,405.4902
1775073600000,68143.2,68163.5,67976,68045,293.2823
1775074500000,68045,68112.7,67986.1,68016.9,184.5593
1775075400000,68016.9,68153.1,67925.1,68145.4,183.6428
1775076300000,68145.4,68218.2,68112.3,68155,143.6474
1775077200000,68155,68348.4,68131.5,68258.4,298.6651
1775078100000,68258.4,68500,68239.5,68400,290.3552
1775079000000,68400,68480,68279,68311.4,251.6733
1775079900000,68311.4,68440.2,68226.7,68321.4,158.8513
1775080800000,68321.4,68321.4,68105,68178.6,210.4713
1775081700000,68178.6,68231.4,68030.8,68149.4,246.008
1775082600000,68149.4,68274.1,68097.3,68206.3,194.9682
1775083500000,68206.3,68230.6,68032.7,68084.6,167.7796
1775084400000,68084.6,68215,68084.6,68159.8,175.5667
1775085300000,68159.8,68159.8,68050,68087.9,147.0119
1775086200000,68087.9,68146.3,67955.6,68072.5,269.3303
1775087100000,68072.5,68140.4,68023.5,68086.4,129.0029
1775088000000,68086.4,68203.9,68013.3,68178.4,181.8288
1775088900000,68178.4,68240.8,68101.5,68180.9,140.1324
1775089800000,68180.9,68497.8,68164.5,68496.3,512.6788
1775090700000,68496.3,68621.8,68393,68563.6,524.8453
1775091600000,68563.6,68568.1,67553.3,68104.5,2675.1969
1775092500000,68104.5,68111.6,67222.3,67540.6,2881.4498
1775093400000,67540.6,67550,67081.4,67144.2,1412.9391
1775094300000,67144.2,67375.7,67008.3,67325.6,854.5069
1775095200000,67325.6,67325.6,66812,66831.4,1121.8023
1775096100000,66831.4,66983,66737.1,66875.3,723.5569
1775097000000,66875.3,67017.9,66600,66686.9,897.6722
1775097900000,66686.9,66929,66668.8,66829.2,520.033
1775098800000,66829.2,66940.1,66716.7,66728.1,482.9479
1775099700000,66728.1,66870,66608,66836.4,501.1042
1775100600000,66836.4,66855.7,66459.3,66578,669.7769
1775101500000,66578,66625.2,66480.5,66550.1,478.0602
1775102400000,66550.1,66625.4,66470,66505.1,478.1847
1775103300000,66505.1,66600,66345.3,66392.8,770.4802
1775104200000,66392.8,66429,66181.8,66260.3,815.3966
1775105100000,66260.3,66363.1,66234.9,66302.1,504.6102
1775106000000,66302.1,66457.7,66274.7,66358,548.5013
1775106900000,66358,66466.3,66326.9,66455.9,327.9678
1775107800000,66455.9,66600,66370.4,66559.8,576.9713
1775108700000,66559.8,66626.1,66439.9,66563.1,437.2987
1775109600000,66563.1,66595,66531.1,66550.5,220.1644
1775110500000,66550.5,66793.5,66543,66610.1,713.773
1775111400000,66610.1,66668.2,66521,66521,268.7881
1775112300000,66521,66662.9,66521,66656.8,161.3399
1775113200000,66656.8,66687.6,66524.7,66547.3,216.8864
1775114100000,66547.3,66685.6,66547.3,66650,154.5367
1775115000000,66650,66859.9,66648,66829.1,405.8993
1775115900000,66829.1,66913.2,66821.1,66890.9,308.7457
1775116800000,66890.9,66890.9,66689.2,66749.9,407.9736
1775117700000,66749.9,66750,66560.2,66653.1,425.6557
1775118600000,66653.1,66710.8,66464.1,66474.9,893.9676
1775119500000,66474.9,66528,66362,66415.4,558.1986
1775120400000,66415.4,66455.2,66244.9,66394.6,607.023
1775121300000,66394.6,66482.6,66329.2,66447.6,341.704
1775122200000,66447.6,66482.9,66362.6,66401.5,278.6585
1775123100000,66401.5,66447,66330.1,66430.7,227.7163
1775124000000,66430.7,66470.3,66186.5,66231,483.371
1775124900000,66231,66354.3,66199.3,66336.7,233.9074
1775125800000,66336.7,66465.7,66323.4,66443.9,256.5798
1775126700000,66443.9,66470,66390.1,66426.1,134.7028
1775127600000,66426.1,66450,66222.4,66255.5,354.0467
1775128500000,66255.5,66440,66114,66416.7,936.2699
1775129400000,66416.7,66444,66284,66296.7,198.7585
1775130300000,66296.7,66355.4,66141,66183.2,358.243
1775131200000,66183.2,66211.3,66015,66140,956.92
1775132100000,66140,66152.5,65920.6,66118.4,1062.0673
1775133000000,66118.4,66188.6,66070,66183.5,326.5403
1775133900000,66183.5,66220,65980,66018.9,528.0452
1775134800000,66018.9,66140.8,65925,65976.1,641.8306
1775135700000,65976.1,66163.2,65851,66116.9,794.0614
1775136600000,66116.9,66211.2,65657.7,65828.1,1774.8248
1775137500000,65828.1,66249.1,65800,66235,1044.3101
1775138400000,66235,66408.8,66127.5,66359.5,977.5489
1775139300000,66359.5,66458.3,66164.6,66219.9,772.0522
1775140200000,66219.9,67027.9,66216.6,67016,2988.1175
1775141100000,67016,67075.7,66626,66824.3,1441.3826
1775142000000,66824.3,66942.2,66660,66863.6,823.748
1775142900000,66863.6,66873.5,66603.1,66808.5,573.4989
1775143800000,66808.5,66962.7,66660.7,66894.2,494.8871
1775144700000,66894.2,66912.7,66701.7,66812.1,270.428
1775145600000,66812.1,66926.8,66766.9,66865.4,282.7584
1775146500000,66865.4,66929,66716.8,66841.7,274.5628
1775147400000,66841.7,67270.9,66812.2,67126.5,1355.7614
1775148300000,67126.5,67220,67041.2,67051.1,387.5231
1775149200000,67051.1,67157.6,66814.7,67127,458.2962
1775150100000,67127,67393.5,67122,67199.5,967.1465
1775151000000,67199.5,67226.5,66889.6,66955.1,1021.5895
1775151900000,66955.1,66958.2,66605.2,66646.4,882.4924
1775152800000,66646.4,66760.5,66553.7,66672.7,654.8564
1775153700000,66672.7,66807.5,66580,66596.4,335.6795
1775154600000,66596.4,66780.1,66596.4,66717.5,129.8138
1775155500000,66717.5,67040,66692.8,66941.5,472.5093
1775156400000,66941.5,67075,66902.9,67022.6,406.3623
1775157300000,67022.6,67070.5,66891,66996.2,209.879
1775158200000,66996.2,67026.1,66836.7,66931.2,276.4224
1775159100000,66931.2,67023,66880,66944.4,238.2513
1775160000000,66944.4,66944.4,66754.7,66856.3,284.9424
1775160900000,66856.3,67026,66844,67010,204.136
1775161800000,67010,67068.9,66916.5,66999.8,134.579
1775162700000,66999.8,67018.3,66898.5,66909.5,171.9095
1775163600000,66909.5,66982.7,66680,66786.9,352.7276
1775164500000,66786.9,66901.1,66762,66800.1,150.8735
1775165400000,66800.1,66846.1,66728.2,66737.2,88.4382
1775166300000,66737.2,66911.2,66737.2,66908.7,90.0679
1775167200000,66908.7,66982.3,66860.5,66865,119.7828
1775168100000,66865,66962.8,66787.9,66870.1,139.2557
1775169000000,66870.1,66975.8,66870.1,66946.1,106.6374
1775169900000,66946.1,67005.1,66879.2,66952.8,187.7469
1775170800000,66952.8,67065,66882.4,66916.5,235.5143
1775171700000,66916.5,67006.5,66893.1,66903,132.308
1775172600000,66903,66930.9,66846.9,66847.6,126.5651
1775173500000,66847.6,66874.5,66820.6,66865.6,78.8948
1775174400000,66865.6,66970,66745.8,66835.4,245.2871
1775175300000,66835.4,66931,66762,66789,203.0886
1775176200000,66789,66883.2,66734.6,66769.3,187.8418
1775177100000,66769.3,66769.3,66668,66754.6,263.9583
1775178000000,66754.6,66812.1,66696.6,66789.7,158.6046
1775178900000,66789.7,66871.6,66706.8,66830.3,214.9644
1775179800000,66830.3,66872,66431.6,66536.1,761.0775
1775180700000,66536.1,66594.1,66458.5,66594,372.4113
1775181600000,66594,66594,66369.7,66470.4,503.6068
1775182500000,66470.4,66713.5,66404,66423,411.5487
1775183400000,66423,66480.9,66241,66310,593.0748
1775184300000,66310,66525,66280.1,66500.5,241.4616
1775185200000,66500.5,66635,66455.6,66621.5,359.8996
1775186100000,66621.5,66689.8,66577,66601.4,532.2595
1775187000000,66601.4,66670,66501.1,66570.5,312.7353
1775187900000,66570.5,66605,66517.1,66551.5,127.5119
1775188800000,66551.5,66628.3,66524.8,66603.6,92.4405
1775189700000,66603.6,66666,66505,66505,96.3381
1775190600000,66505,66579,66469,66545,137.7812
1775191500000,66545,66648,66528.1,66579.3,147.1007
1775192400000,66579.3,66642,66558.7,66558.7,71.7953
1775193300000,66558.7,66562.7,66381.1,66546.6,255.2033
1775194200000,66546.6,66782.6,66546.6,66741.1,408.4681
1775195100000,66741.1,66741.1,66490,66582.3,291.7644
1775196000000,66582.3,66639.7,66524.3,66639.2,179.8412
1775196900000,66639.2,66666,66570.3,66600.9,92.9579
1775197800000,66600.9,66748,66550,66705.2,307.5305
1775198700000,66705.2,66769.1,66680.6,66764.4,226.8065
1775199600000,66764.4,66883,66726.5,66795.4,576.4171
1775200500000,66795.4,66916.7,66770,66916.6,246.3953
1775201400000,66916.6,67241,66891.6,67049.9,1157.0697
1775202300000,67049.9,67096.9,66975,67014.8,380.4402
1775203200000,67014.8,67281.9,67001.4,67141,870.4866
1775204100000,67141,67193,67019.2,67025.2,313.6995
1775205000000,67025.2,67090,66867.9,66899.1,621.5266
1775205900000,66899.1,66975,66863.3,66937,223.6698
1775206800000,66937,66980.5,66847.1,66864.4,278.9552
1775207700000,66864.4,66890,66718.9,66792.6,415.9818
1775208600000,66792.6,66894.1,66755.2,66867.5,213.9705
1775209500000,66867.5,66875.1,66768.6,66829.5,112.4562
1775210400000,66829.5,66829.6,66740,66791.2,113.2638
1775211300000,66791.2,66839.6,66728.3,66728.4,97.0158
1775212200000,66728.4,66763,66643.8,66749.5,386.2783
1775213100000,66749.5,66859.9,66749.5,66841.2,209.385
1775214000000,66841.2,66895.2,66788.4,66820.3,178.6736
1775214900000,66820.3,66926,66802,66902.6,264.8475
1775215800000,66902.6,67019.9,66880,66966,294.6014
1775216700000,66966,67004,66910.6,66981.9,160.8061
1775217600000,66981.9,67019.4,66900.1,66978.5,218.4004
1775218500000,66978.5,67124.3,66907.8,67085.8,321.5337
1775219400000,67085.8,67345.6,66756.8,66832.1,1888.3603
1775220300000,66832.1,66871,66600.9,66689.8,526.8655
1775221200000,66689.8,66700,66514,66636.6,524.7587
1775222100000,66636.6,66698.7,66561.7,66649.4,333.0529
1775223000000,66649.4,66650.5,66542.4,66568.1,267.7725
1775223900000,66568.1,66654.9,66466.9,66638.1,614.3053
1775224800000,66638.1,66768.8,66594.1,66746.5,381.1741
1775225700000,66746.5,66960,66683.4,66872.8,464.4685
1775226600000,66872.8,66896.9,66768.3,66768.3,256.556
1775227500000,66768.3,66950,66768.3,66891.6,222.5487
1775228400000,66891.6,66991,66872.5,66924.2,244.7406
1775229300000,66924.2,66924.2,66828.1,66895,223.4758
1775230200000,66895,66950,66800,66826.5,189.2005
1775231100000,66826.5,66848.8,66780,66802.9,154.1452
1775232000000,66802.9,66888.8,66788.6,66875,115.693
1775232900000,66875,66962.4,66838.2,66949.1,100.7919
1775233800000,66949.1,66985.5,66891.2,66937.5,205.4916
1775234700000,66937.5,67036,66903.9,66967.2,244.4217
1775235600000,66967.2,67031.2,66917.9,66917.9,371.9201
1775236500000,66917.9,66925,66719.1,66832,395.9429
1775237400000,66832,66912.9,66812,66854.5,128.268
1775238300000,66854.5,66862,66767.6,66803.6,87.8771
1775239200000,66803.6,66827.5,66737.6,66799.1,109.7893
1775240100000,66799.1,66889.4,66775.3,66834.5,63.468
1775241000000,66834.5,66877.9,66792.7,66814.7,37.3774
1775241900000,66814.7,66816.5,66757.9,66773.6,48.6279
1775242800000,66773.6,66819.8,66727,66743.9,90.7838
1775243700000,66743.9,66808.5,66738.5,66754.4,58.1945
1775244600000,66754.4,66818.1,66739,66814,57.1791
1775245500000,66814,66871.7,66813.9,66850,74.0206
1775246400000,66850,66875.5,66807.7,66861.4,145.2611
1775247300000,66861.4,66871.5,66828.7,66842.9,42.5719
1775248200000,66842.9,66880,66813.1,66845,65.6384
1775249100000,66845,66867.7,66790.3,66791.3,29.1057
1775250000000,66791.3,66900,66784.3,66871.4,143.4653
1775250900000,66871.4,66898.8,66835.1,66852.4,78.8141
1775251800000,66852.4,66905.6,66839.5,66900.5,91.7996
1775252700000,66900.5,66938.8,66860,66923.2,156.9673
1775253600000,66923.2,66939.5,66807.7,66834,115.35
1775254500000,66834,66899.8,66830,66882.8,74.4561
1775255400000,66882.8,66926.7,66867.5,66891.1,41.5372
1775256300000,66891.1,66900.5,66810.6,66850.4,65.7426
1775257200000,66850.4,66876.9,66815,66840.8,51.5155
1775258100000,66840.8,66852.1,66797.6,66825.1,110.4652
1775259000000,66825.1,66890.2,66795,66834.5,119.9078
1775259900000,66834.5,66925.6,66834.5,66925.5,84.6298
1775260800000,66925.5,66925.6,66833.5,66867,61.5223
1775261700000,66867,66925,66851.6,66875.9,38.2287
1775262600000,66875.9,66925,66870.4,66900.5,34.3403
1775263500000,66900.5,66900.5,66851,66857.7,44.0343
1775264400000,66857.7,66888.8,66812.4,66813.2,65.0958
1775265300000,66813.2,66854.1,66800.1,66803.3,100.528
1775266200000,66803.3,66832.4,66789,66794.5,82.9541
1775267100000,66794.5,66820,66790.3,66816.1,37.4292
1775268000000,66816.1,66884,66791,66810,75.3963
1775268900000,66810,66810,66780,66798.4,62.7949
1775269800000,66798.4,66847.3,66790,66790,39.5184
1775270700000,66790,66810.6,66771.1,66808.7,45.8703
1775271600000,66808.7,66867.5,66808.6,66855.6,43.0124
1775272500000,66855.6,66855.7,66808,66812.3,29.2106
1775273400000,66812.3,66824.8,66800,66809.4,25.3436
1775274300000,66809.4,66830,66789,66797.1,43.7771
1775275200000,66797.1,66817.3,66757.1,66768.4,49.6228
1775276100000,66768.4,66825.5,66738.5,66825.1,97.5178
1775277000000,66825.1,66831.1,66806.6,66821.1,22.7035
1775277900000,66821.1,66837,66810,66822.8,67.0453
1775278800000,66822.8,66857.5,66815.9,66823.1,85.0517
1775279700000,66823.1,66866.6,66806.3,66840.8,76.5342
1775280600000,66840.8,66898.9,66837,66861.5,92.095
1775281500000,66861.5,66883.1,66856.5,66870.4,51.0067
1775282400000,66870.4,66927.6,66870.4,66917.4,102.0368
1775283300000,66917.4,66927,66869,66913.8,85.7021
1775284200000,66913.8,66920.8,66879.4,66918.5,72.8043
1775285100000,66918.5,67016,66918.4,66967.3,305.7099
1775286000000,66967.3,66993.8,66945.5,66956.8,115.6126
1775286900000,66956.8,66972.7,66894.5,66920.4,155.0247
1775287800000,66920.4,66963.3,66919.1,66920.7,71.3676
1775288700000,66920.7,67008.1,66910,66976.2,115.3977
1775289600000,66976.2,67013.8,66950,66960.1,118.9316
1775290500000,66960.1,67028.4,66958.1,67006.7,102.6267
1775291400000,67006.7,67006.7,66920,66935.6,81.0307
1775292300000,66935.6,66938,66870,66900,103.9088
1775293200000,66900,66953,66873.8,66940.3,102.6666
1775294100000,66940.3,66952.3,66899.7,66933.5,280.9976
1775295000000,66933.5,66943.6,66914.4,66915.5,49.4878
1775295900000,66915.5,66943.2,66915.4,66942.5,58.0049
1775296800000,66942.5,66974.3,66869,66871.5,144.4053
1775297700000,66871.5,66905,66870.8,66896.1,100.1153
1775298600000,66896.1,67015,66881.2,66996.6,132.4836
1775299500000,66996.6,67135.5,66988,67124.7,505.453
1775300400000,67124.7,67189.7,67101.9,67119.7,398.0065
1775301300000,67119.7,67119.8,67058.2,67079.9,131.4742
1775302200000,67079.9,67108.3,67032.8,67096.9,233.9194
1775303100000,67096.9,67115,67057.8,67114.9,125.6265
1775304000000,67114.9,67141.2,67034.5,67073.5,235.0466
1775304900000,67073.5,67098.5,67056,67065.6,60.4308
1775305800000,67065.6,67085.5,67014,67017.4,137.2158
1775306700000,67017.4,67073.5,67017.3,67053,85.8389
1775307600000,67053,67064.3,67036.4,67062.9,46.5645
1775308500000,67062.9,67095,67044.6,67068.8,79.608
1775309400000,67068.8,67248.4,67053,67191.9,513.9635
1775310300000,67191.9,67199.3,67128.1,67154.1,220.9356
1775311200000,67154.1,67177.4,67144.1,67156.5,122.9148
1775312100000,67156.5,67166.1,67138.8,67138.8,107.8012
1775313000000,67138.8,67138.8,66972.3,67058.8,483.2482
1775313900000,67058.8,67167,67056.8,67166,179.6906
1775314800000,67166,67529.8,67133.5,67336.4,1249.7307
1775315700000,67336.4,67434.2,67255,67286.9,586.8321
1775316600000,67286.9,67310,67225.4,67287.1,262.4219
1775317500000,67287.1,67360.7,67255,67347.1,221.5217
1775318400000,67347.1,67360.8,67293.9,67302.1,367.2236
1775319300000,67302.1,67443.9,67285.6,67400,240.8761
1775320200000,67400,67483.1,67340.3,67479.7,541.9389
1775321100000,67479.7,67483.5,67310,67327.8,337.9702
1775322000000,67327.8,67338.6,67243,67338.2,354.3572
1775322900000,67338.2,67376,67306.5,67350.3,161.378
1775323800000,67350.3,67360.7,67282.2,67282.2,102.0277
1775324700000,67282.2,67310.6,67275.6,67297,67.8999
1775325600000,67297,67306.5,67244,67292.2,127.318
1775326500000,67292.2,67338.6,67288.8,67288.8,50.3958
1775327400000,67288.8,67292.2,67246,67246,94.6379
1775328300000,67246,67289.4,67222,67251.7,78.0993
1775329200000,67251.7,67463,67251.7,67457.1,223.9139
1775330100000,67457.1,67517.4,67319,67323.3,252.5386
1775331000000,67323.3,67332.3,67243.3,67263.3,116.1331
1775331900000,67263.3,67291.1,67232.7,67252,90.0127
1775332800000,67252,67253.8,67141.2,67193.1,273.08
1775333700000,67193.1,67240,67193,67228.2,54.2502
1775334600000,67228.2,67254.8,67212,67222.7,88.8161
1775335500000,67222.7,67260.6,67213,67228.9,24.6071
1775336400000,67228.9,67252.5,67175,67196.5,63.2247
1775337300000,67196.5,67240,67196.5,67234,34.5945
1775338200000,67234,67288,67222.5,67268.9,90.9338
1775339100000,67268.9,67432.9,67268.8,67318,158.3587
1775340000000,67318,67351,67293,67347.1,76.4616
1775340900000,67347.1,67409.2,67335.3,67379.5,134.8337
1775341800000,67379.5,67424.6,67340.7,67424.5,104.425
1775342700000,67424.5,67428.9,67326.6,67361.6,68.1507
1775343600000,67361.6,67364,67288.8,67315.3,87.3321
1775344500000,67315.3,67322.1,67262.4,67262.4,62.1853
1775345400000,67262.4,67287,67225,67286.3,87.894
1775346300000,67286.3,67288.9,67220.1,67263,309.3923
1775347200000,67263,67270,67193.7,67218.4,99.3466
1775348100000,67218.4,67242.4,67196,67222.6,95.1982
1775349000000,67222.6,67236,67200,67204.7,92.7016
1775349900000,67204.7,67227,67122.4,67171.4,140.1557
1775350800000,67171.4,67194.5,67073,67150,394.4033
1775351700000,67150,67150.1,67085.9,67091.4,105.7327
1775352600000,67091.4,67096.3,67042.4,67059.4,155.153
1775353500000,67059.4,67082.3,67050.6,67056.4,76.5213
1775354400000,67056.4,67056.4,66917.8,66963.7,513.3899
1775355300000,66963.7,67131,66950,67093.1,232.5019
1775356200000,67093.1,67144,67081.5,67097.5,90.7468
1775357100000,67097.5,67145.6,67092,67140.1,48.7628
1775358000000,67140.1,67159.9,67115.6,67154.8,73.7094
1775358900000,67154.8,67154.9,67095.2,67117.8,39.4497
1775359800000,67117.8,67117.8,67056,67110.6,88.0358
1775360700000,67110.6,67110.6,67083.3,67108,32.628
1775361600000,67108,67108,67035.8,67057.8,66.6045
1775362500000,67057.8,67163.7,67044.6,67151.8,61.1032
1775363400000,67151.8,67158,67100.1,67100.1,57.0101
1775364300000,67100.1,67115.4,67053.6,67066.5,60.3574
1775365200000,67066.5,67126,67058.5,67075.6,46.0669
1775366100000,67075.6,67097.2,67020,67050.2,82.2097
1775367000000,67050.2,67073.9,67022.7,67057.7,118.3606
1775367900000,67057.7,67070,66850,66899.9,367.5116
1775368800000,66899.9,66920.1,66593.7,66626.7,1204.3543
1775369700000,66626.7,66760.3,66573.8,66729,724.5753
1775370600000,66729,66821.4,66728.9,66793.5,327.2454
1775371500000,66793.5,66832.3,66764.9,66770.8,173.3665
1775372400000,66770.8,66877.8,66770.7,66868.5,200.7774
1775373300000,66868.5,66881.3,66762.3,66785.1,240.7524
1775374200000,66785.1,66785.1,66685.1,66737.6,229.2584
1775375100000,66737.6,66797,66707,66787.5,146.1222
1775376000000,66787.5,66849.8,66781.5,66826.9,176.4055
1775376900000,66826.9,66870,66820,66834.5,131.1398
1775377800000,66834.5,66854.2,66794.5,66816.9,98.0671
1775378700000,66816.9,66914.7,66816.9,66892.7,150.0017
1775379600000,66892.7,66953,66859.2,66888,209.0646
1775380500000,66888,66990.8,66887.9,66973,220.9224
1775381400000,66973,66990,66930.2,66988.5,88.6963
1775382300000,66988.5,67013.2,66973.1,66991.4,114.1598
1775383200000,66991.4,66999.4,66925.5,66930.5,146.2799
1775384100000,66930.5,66957.5,66929,66957.4,115.8437
1775385000000,66957.4,67116,66948.3,67051.4,370.9228
1775385900000,67051.4,67051.4,66974.2,67008.9,100.7003
1775386800000,67008.9,67050,66993.4,67016.3,106.2024
1775387700000,67016.3,67054,66956.1,66973.1,108.1752
1775388600000,66973.1,66983.3,66931.1,66959.9,82.2552
1775389500000,66959.9,66970,66942.5,66968.9,43.282
1775390400000,66968.9,66968.9,66864.6,66874.3,238.7751
1775391300000,66874.3,66907.8,66850.7,66852.4,122.1982
1775392200000,66852.4,66864.1,66658.8,66715.8,771.9881
1775393100000,66715.8,66775.4,66656,66757.8,332.6721
1775394000000,66757.8,66828.4,66724.6,66727.3,250.7452
1775394900000,66727.3,66833,66674.2,66676,323.1281
1775395800000,66676,66824.5,66670,66800.6,220.4847
1775396700000,66800.6,66898.1,66800.5,66865.5,296.6747
1775397600000,66865.5,66943.5,66821,66851.8,399.1957
1775398500000,66851.8,66893.1,66785.4,66882.1,297.2099
1775399400000,66882.1,66946.5,66861.4,66921.4,117.124
1775400300000,66921.4,66927.5,66889,66902.5,166.3046
1775401200000,66902.5,66945,66804.4,66914.9,327.4953
1775402100000,66914.9,67549.4,66914.9,67470,1937.8082
1775403000000,67470,67837.1,67286.3,67407.6,2628.4015
1775403900000,67407.6,67426,67231.2,67273.1,572.9803
1775404800000,67273.1,67369.4,67235.6,67275.7,244.0954
1775405700000,67275.7,67362.7,67275.6,67292.5,456.3977
1775406600000,67292.5,67388,67234.5,67296.5,316.0907
1775407500000,67296.5,67296.6,67150,67179.8,300.8998
1775408400000,67179.8,67280,67157.6,67262,201.0911
1775409300000,67262,67320.2,67157.9,67311.5,169.9272
1775410200000,67311.5,67376.7,67273,67326.8,383.473
1775411100000,67326.8,67374.1,67269.5,67342.6,343.9286
1775412000000,67342.6,67348.5,67239.7,67280.3,220.4196
1775412900000,67280.3,67316.4,67246,67274.9,61.5041
1775413800000,67274.9,67433.4,67274.9,67391.6,301.6467
1775414700000,67391.6,67428.7,67350.9,67380,76.3214
1775415600000,67380,67396,67334.2,67378.9,81.9358
1775416500000,67378.9,67535.6,67364,67435.4,583.1956
1775417400000,67435.4,67440.3,67254.5,67277.6,165.4014
1775418300000,67277.6,67332.3,67248.8,67332.3,73.6022
1775419200000,67332.3,67385.9,67300,67350.9,77.5408
1775420100000,67350.9,67465.5,67340.3,67446.8,59.4357
1775421000000,67446.8,67674,67432.6,67519,751.2246
1775421900000,67519,67638.5,67500.9,67624.7,256.2937
1775422800000,67624.7,67624.8,67383.3,67486.2,356.3887
1775423700000,67486.2,67511.1,67372.7,67446.4,186.919
1775424600000,67446.4,67496.7,67384.5,67467.5,62.629
1775425500000,67467.5,67652.2,67436.8,67520.3,179.9944
1775426400000,67520.3,67772.8,67420,67493,910.476
1775427300000,67493,67571,67300.6,67402.3,401.5564
1775428200000,67402.3,67953.3,67374.2,67927.3,1347.4352
1775429100000,67927.3,68340.1,67920,68306.5,2431.5936
1775430000000,68306.5,68569,68220.4,68568.9,1527.7585
1775430900000,68568.9,68943.7,68562.3,68760.4,2053.1603
1775431800000,68760.4,69097.7,68749,68912,1497.0873
1775432700000,68912,69021.4,68854.8,68988,600.3609
1775433600000,68988,69573.2,68987.9,69194.8,3738.1122
1775434500000,69194.8,69311.5,69026.5,69134.5,518.1535
1775435400000,69134.5,69399.4,69060,69265.1,560.9463
1775436300000,69265.1,69299,69020,69030,401.1935
1775437200000,69030,69090.4,68800,68801.7,1112.5766
1775438100000,68801.7,68959.8,68785.7,68944,715.6131
1775439000000,68944,68944.1,68756.7,68761.7,346.351
1775439900000,68761.7,68833.2,68750,68775.3,278.0663
1775440800000,68775.3,69293.9,68740,69073,925.5252
1775441700000,69073,69270.8,69060,69197.5,488.1813
1775442600000,69197.5,69373,69141,69180.1,499.0135
1775443500000,69180.1,69265,69157.6,69167.6,219.9153
1775444400000,69167.6,69219.2,69074.1,69088,275.3605
1775445300000,69088,69173.5,69022,69142.6,303.8513
1775446200000,69142.6,69197.3,69038.1,69084.4,129.1396
1775447100000,69084.4,69112.5,69024,69086,211.36
1775448000000,69086,69164.1,68958.4,69031.4,368.1863
1775448900000,69031.4,69037.5,68932,68960,189.43
1775449800000,68960,69174.1,68959,69135.1,322.7069
1775450700000,69135.1,69171.1,69072,69095,164.5345
1775451600000,69095,69140,69071.5,69125.4,131.2809
1775452500000,69125.4,69180,69040.3,69134.1,296.0734
1775453400000,69134.1,69200,69120,69180,199.4931
1775454300000,69180,69197,69103.2,69157.1,131.2768
1775455200000,69157.1,69320,69056.6,69265.2,431.1296
1775456100000,69265.2,69265.2,68760.1,68802.6,799.1667
1775457000000,68802.6,68939.2,68789,68889.8,404.6865
1775457900000,68889.8,69066,68881.4,68936.9,541.3776
1775458800000,68936.9,68953,68781.4,68863.5,321.6464
1775459700000,68863.5,69066.5,68863.5,69035,414.9069
1775460600000,69035,69101.5,68923.9,68944.4,305.3629
1775461500000,68944.4,69181.4,68909,69078.7,347.5845
1775462400000,69078.7,69202.1,69038.6,69127.7,174.6344
1775463300000,69127.7,69214.2,69075.9,69185.3,266.8928
1775464200000,69185.3,69316,69160.8,69253.2,507.6558
1775465100000,69253.2,69274.2,69163.7,69174,262.3476
1775466000000,69174,69728,69165.3,69588.2,1960.8938
1775466900000,69588.2,70250,69582.6,69893.8,3490.454
1775467800000,69893.8,69940.7,69672.6,69811.3,809.9016
1775468700000,69811.3,69855,69648.6,69689.4,374.4828
1775469600000,69689.4,69811.7,69677,69775.5,310.6175
1775470500000,69775.5,69825.1,69694,69724.6,232.4362
1775471400000,69724.6,69936.2,69711.1,69841.9,302.3536
1775472300000,69841.9,69842,69652,69726.9,493.9373
1775473200000,69726.9,69727,69625,69629.2,244.1742
1775474100000,69629.2,69677.5,69520,69579,346.2711
1775475000000,69579,69668,69523.9,69607.4,273.23
1775475900000,69607.4,69673,69520.6,69575.8,176.2753
1775476800000,69575.8,69595.6,69406.8,69438.3,527.3996
1775477700000,69438.3,69496.1,69380.6,69425,508.5339
1775478600000,69425,69506.7,69346.2,69456.3,418.5051
1775479500000,69456.3,69503.2,69287.2,69331.4,515.0436
1775480400000,69331.4,69421.7,69330,69374.7,224.6086
1775481300000,69374.7,69452.7,69290.9,69436.9,284.9227
1775482200000,69436.9,69518.9,69193,69286.5,1028.6757
1775483100000,69286.5,69459.3,69220.9,69395.7,401.7308
1775484000000,69395.7,69618.4,69103.7,69316,1161.1169
1775484900000,69316,69609.2,69309.5,69511.7,819.0067
1775485800000,69511.7,69777.7,69270,69417.2,1519.6577
1775486700000,69417.2,69660,69251,69612.2,602.1143
1775487600000,69612.2,69758.3,69484.4,69659.8,658.203
1775488500000,69659.8,69730.9,69555,69698.9,346.0465
1775489400000,69698.9,69824.1,69611.4,69778.9,379.9442
1775490300000,69778.9,69933.4,69738.9,69919.8,513.0369
1775491200000,69919.8,70074,69805.4,70027.6,660.9154
1775492100000,70027.6,70054.8,69845.4,69858.7,351.2638
1775493000000,69858.7,70076.9,69794.3,70076.9,414.0454
1775493900000,70076.9,70321.4,69728.6,69743.5,1672.8999
1775494800000,69743.5,69769.7,69261.5,69296.8,1522.9688
1775495700000,69296.8,69541.4,69230,69487.7,772.3398
1775496600000,69487.7,69599.1,69387.8,69417.9,382.6878
1775497500000,69417.9,69561.3,69366.1,69525.1,209.0594
1775498400000,69525.1,69737.5,69426,69700.6,480.5222
1775499300000,69700.6,69919.8,69666.5,69810.1,423.0725
1775500200000,69810.1,69891.9,69689.7,69728.5,338.3225
1775501100000,69728.5,69863,69652.9,69841.7,222.3287
1775502000000,69841.7,69841.7,69530.6,69684.6,411.6783
1775502900000,69684.6,69849.9,69680.3,69792.7,196.8542
1775503800000,69792.7,69837.1,69625,69710.6,224.654
1775504700000,69710.6,69721.5,69622,69694.3,208.104
1775505600000,69694.3,69718.9,69571.2,69712.5,169.5444
1775506500000,69712.5,69924.7,69710.8,69905.7,213.0177
1775507400000,69905.7,69929,69838,69851.7,102.3712
1775508300000,69851.7,69883.3,69764,69774.2,133.6031
1775509200000,69774.2,69776.3,69631.2,69678.9,267.8561
1775510100000,69678.9,69718.7,69602.1,69610.7,99.0304
1775511000000,69610.7,69619.4,69385.1,69388.6,290.1243
1775511900000,69388.6,69524.2,69388.6,69462.4,178.8406
1775512800000,69462.4,69539.5,69353.5,69502,233.8002
1775513700000,69502,69502.1,69272.5,69327.2,286.3244
1775514600000,69327.2,69327.2,69150.9,69188.2,462.5003
1775515500000,69188.2,69188.2,68765.4,68765.5,1477.6387
1775516400000,68765.5,68782.7,68266.1,68559.6,2415.6779
1775517300000,68559.6,68650.3,68457,68498.9,542.5924
1775518200000,68498.9,68832.3,68451.6,68752.9,589.7222
1775519100000,68752.9,68882.5,68746.1,68813.9,312.6706
1775520000000,68813.9,69097.6,68764.6,68915.1,796.7964
1775520900000,68915.1,69035,68836.4,68900.5,304.9716
1775521800000,68900.5,69016.9,68689.6,68742.2,527.1656
1775522700000,68742.2,68871.6,68705.5,68739.3,232.7223
1775523600000,68739.3,68739.3,68507.9,68558.3,546.2795
1775524500000,68558.3,68873.9,68558.3,68690.2,481.3942
1775525400000,68690.2,68771.8,68558.5,68599.6,289.2394
1775526300000,68599.6,68616,68309.8,68367.3,591.2706
1775527200000,68367.3,68467.4,68240.6,68395.6,499.0478
1775528100000,68395.6,68550,68382.5,68542.1,296.3059
1775529000000,68542.1,68694.3,68471.1,68584.5,293.3232
1775529900000,68584.5,68662.8,68516.1,68639.2,225.3764
1775530800000,68639.2,68721.7,68588.2,68648.6,161.3484
1775531700000,68648.6,68765.8,68623,68747.8,207.6389
1775532600000,68747.8,68785.8,68689.4,68766.9,269.5085
1775533500000,68766.9,68766.9,68700.1,68744.3,175.3344
1775534400000,68744.3,68758.6,68595.1,68636.8,288.584
1775535300000,68636.8,68657.7,68509.7,68568.9,202.6096
1775536200000,68568.9,68847.7,68568.9,68823.4,360.3256
1775537100000,68823.4,68954.2,68797.6,68818.9,300.425
1775538000000,68818.9,68834.2,68758.4,68769.8,141.9001
1775538900000,68769.8,68800,68655.8,68665.9,199.6323
1775539800000,68665.9,68725.1,68610.5,68612.5,126.5642
1775540700000,68612.5,68664,68580.6,68627.2,298.4332
1775541600000,68627.2,68630.5,68458,68491.5,287.1504
1775542500000,68491.5,68555.9,68410,68542.2,307.5336
1775543400000,68542.2,68557.1,68444.7,68526,149.7688
1775544300000,68526,68585,68470.8,68542.2,177.3798
1775545200000,68542.2,68550.7,68470,68527.5,107.009
1775546100000,68527.5,68630,68473.7,68550.2,164.4241
1775547000000,68550.2,68684.3,68550.2,68649,143.3182
1775547900000,68649,68655,68578.5,68584.8,140.555
1775548800000,68584.8,68814.7,68570,68702.2,383.8824
1775549700000,68702.2,68843.8,68630,68726.8,327.8528
1775550600000,68726.8,68932.7,68724.1,68881.1,290.0483
1775551500000,68881.1,68957.7,68850.4,68906.9,353.7481
1775552400000,68906.9,69231.2,68900,69072.1,840.917
1775553300000,69072.1,69119,68955.8,69021.8,360.8443
1775554200000,69021.8,69214.2,69011.6,69142.9,393.0823
1775555100000,69142.9,69165.6,69080,69111.4,156.8497
1775556000000,69111.4,69165.6,68796.2,68871.7,1060.0213
1775556900000,68871.7,68979,68625.6,68703.7,985.0615
1775557800000,68703.7,68746.7,68422.3,68441.5,898.3937
1775558700000,68441.5,68451.5,68161.9,68202.9,1332.0709
1775559600000,68202.9,68323.2,68036.2,68314.6,1204.5897
1775560500000,68314.6,68387.1,68227.6,68344.6,514.4254
1775561400000,68344.6,68432.7,68257.8,68382.6,396.6962
1775562300000,68382.6,68409,68295.4,68313.4,171.4671
1775563200000,68313.4,68450,68046.1,68243.1,1093.9694
1775564100000,68243.1,68430.6,68170.3,68406,479.8094
1775565000000,68406,68446.2,68254.8,68291.9,355.3526
1775565900000,68291.9,68581.4,68209.7,68368.6,742.1183
1775566800000,68368.6,68629.4,68354.7,68589.3,671.1936
1775567700000,68589.3,68605.2,68424.6,68455.1,456.2289
1775568600000,68455.1,68577,68264.3,68309.4,578.5431
1775569500000,68309.4,68434.5,68167.1,68206.5,740.2815
1775570400000,68206.5,68238.1,67767.6,67859.7,2278.7744
1775571300000,67859.7,68135.3,67731.5,68118.6,1235.7773
1775572200000,68118.6,68200,67959.7,67966,481.2618
1775573100000,67966,68200,67820.5,67827.5,510.8895
1775574000000,67827.5,67959.7,67700.3,67864.8,816.8118
1775574900000,67864.8,68182.3,67860.4,68155.3,643.0384
1775575800000,68155.3,68188,68033.9,68050.1,353.9975
1775576700000,68050.1,68246.6,68043.4,68136,395.3776
1775577600000,68136,68430,68060.9,68119,717.2355
1775578500000,68119,68355.6,68050,68352.3,588.7546
1775579400000,68352.3,68357.1,68245.9,68294.6,233.6168
1775580300000,68294.6,68365.7,68170,68203.8,305.2783
1775581200000,68203.8,68326.2,68170,68270,250.4213
1775582100000,68270,68375,68160,68373.9,229.3931
1775583000000,68373.9,68976.1,68373.9,68653.9,1633.7375
1775583900000,68653.9,68789,68632.5,68663.4,330.6729
1775584800000,68663.4,68737.5,68571.4,68605.3,254.8796
1775585700000,68605.3,68645.5,68521,68609.8,266.5379
1775586600000,68609.8,68701.5,68419.8,68490.9,278.7753
1775587500000,68490.9,68490.9,68312.3,68408.6,323.9406
1775588400000,68408.6,68463.5,68320.9,68423.9,185.3114
1775589300000,68423.9,68800,68423.9,68546.3,492.4442
1775590200000,68546.3,68554,68425.3,68483.3,290.8146
1775591100000,68483.3,69067.8,68458.8,68976,1553.7396
1775592000000,68976,69528,68976,69400.7,1462.3567
1775592900000,69400.7,69467.7,69239.1,69326.1,373.8321
1775593800000,69326.1,69385,69176.1,69261,268.4023
1775594700000,69261,69286.7,69135.1,69284.1,214.0638
1775595600000,69284.1,70255.4,69268.9,69968.1,3598.9093
1775596500000,69968.1,70015.3,69470.4,69567.1,1055.5282
1775597400000,69567.1,69888,69567,69888,921.7395
1775598300000,69888,70089.5,69805.8,69898.2,775.4575
1775599200000,69898.2,70567.5,69898.2,70264.9,1956.0383
1775600100000,70264.9,70449.7,70156.5,70389,586.4092
1775601000000,70389,71283.5,70385.7,70724.3,3731.7472
1775601900000,70724.3,71508.2,70709.7,71487,1763.3226
1775602800000,71487,71714,71161.3,71451.9,1933.5642
1775603700000,71451.9,72744.8,71280.1,72744.7,4508.9285
1775604600000,72744.7,72757.8,71888.1,71992,1945.7085
1775605500000,71992,72218.5,71857.9,71900,885.3287
1775606400000,71900,72088,71760.6,71938.1,938.8073
1775607300000,71938.1,72067.3,71823.5,71899.9,398.8478
1775608200000,71899.9,71986.5,71704.5,71811.8,511.1698
1775609100000,71811.8,71822,71514.1,71680.8,594.2693
1775610000000,71680.8,71738.7,71462.2,71660,363.2502
1775610900000,71660,71670,71422,71453.2,350.065
1775611800000,71453.2,71557.6,71429.6,71450.5,414.306
1775612700000,71450.5,71570,71422,71457.1,388.245
1775613600000,71457.1,71708.6,71355,71697.9,560.3362
1775614500000,71697.9,71706.9,71383.2,71435.9,353.8287
1775615400000,71435.9,71464.8,71211.2,71293,657.4145
1775616300000,71293,71380.1,71273.7,71340.3,218.5785
1775617200000,71340.3,71426.2,71261,71272.9,230.0284
1775618100000,71272.9,71460,71245.3,71451.2,194.6629
1775619000000,71451.2,71451.2,71325.1,71339.9,168.9327
1775619900000,71339.9,71339.9,71263.3,71269.5,177.0057
1775620800000,71269.5,71527.2,71264,71494.4,561.2548
1775621700000,71494.4,71573,71455,71540,299.284
1775622600000,71540,71659.9,71503,71582.3,266.9942
1775623500000,71582.3,71656.8,71515.8,71537.1,212.5527
1775624400000,71537.1,71655,71523.2,71644.8,247.8565
1775625300000,71644.8,71775,71608.6,71685.4,301.5606
1775626200000,71685.4,71743.1,71636.6,71681.4,334.6932
1775627100000,71681.4,71821.6,71616.5,71708.7,259.7133
1775628000000,71708.7,71840.9,71554.5,71776.6,333.7051
1775628900000,71776.6,71930.4,71707,71832.5,527.1548
1775629800000,71832.5,71837.4,71735.2,71790.3,173.4929
1775630700000,71790.3,71797.5,71690,71701.8,198.1607
1775631600000,71701.8,71775.2,71606.4,71729.8,393.5237
1775632500000,71729.8,71877.7,71680,71785.6,371.3375
1775633400000,71785.6,71785.6,71601.1,71619.9,257.002
1775634300000,71619.9,71619.9,71556,71612.6,209.0477
1775635200000,71612.6,71794.7,71612.6,71683.3,310.5739
1775636100000,71683.3,71781,71654,71723.7,183.0361
1775637000000,71723.7,71806.5,71615,71704.4,196.2308
1775637900000,71704.4,71782.6,71669.1,71774.6,158.046
1775638800000,71774.6,71952.7,71774.6,71795.4,527.8987
1775639700000,71795.4,71848,71650,71650,202.5368
1775640600000,71650,71721.6,71559.6,71563.7,269.8381
1775641500000,71563.7,71686,71560.5,71660,201.8785
1775642400000,71660,71777.4,71560.5,71586.6,270.5132
1775643300000,71586.6,71659.8,71563,71617.7,171.3093
1775644200000,71617.7,71625.6,71413.1,71522.6,481.7994
1775645100000,71522.6,71557,71432.2,71445.1,181.9185
1775646000000,71445.1,71634.1,71411.1,71606.4,293.2613
1775646900000,71606.4,71650.9,71500.3,71631.6,309.5528
1775647800000,71631.6,71631.6,71353.8,71490.6,340.8515
1775648700000,71490.6,71701.2,71450.7,71652,534.8603
1775649600000,71652,71821.2,71652,71806.6,349.7768
1775650500000,71806.6,71828.6,71538.4,71739.6,497.3668
1775651400000,71739.6,71920,71702.2,71906.4,579.2601
1775652300000,71906.4,72168,71851.5,72029.4,1453.3413
1775653200000,72029.4,72755,72029.4,72581.3,2995.9308
1775654100000,72581.3,72850,72364,72446.7,1588.748
1775655000000,72446.7,72574,71618.7,71630,3552.1715
1775655900000,71630,71938.8,71459.6,71547.7,1504.4254
1775656800000,71547.7,71717.7,71257.2,71467.3,1177.5018
1775657700000,71467.3,71608.5,71303.5,71413.9,592.1512
1775658600000,71413.9,71470,70875.1,71050.1,2398.5973
1775659500000,71050.1,71150,70666.7,70877.3,1714.0218
1775660400000,70877.3,71080,70792.9,71070.9,855.7268
1775661300000,71070.9,71209.6,71020,71150,734.4295
1775662200000,71150,71290,71062.7,71163,564.8924
1775663100000,71163,71334.9,71157.3,71270.2,440.1572
1775664000000,71270.2,71398.9,71225.2,71294.5,659.229
1775664900000,71294.5,71460,71221.7,71357.4,504.1351
1775665800000,71357.4,71444,71205,71414.2,380.8425
1775666700000,71414.2,71660,71380.4,71560,797.9795
1775667600000,71560,71775.2,71544,71740,587.21
1775668500000,71740,71740.1,71449.7,71600.4,463.7141
1775669400000,71600.4,71941.8,71590.4,71811.5,876.3508
1775670300000,71811.5,71890,71773.5,71846,265.957
1775671200000,71846,71851.5,71602.7,71670.1,379.481
1775672100000,71670.1,71730.6,71260,71350.1,862.2894
1775673000000,71350.1,71570,71226.7,71260.9,444.676
1775673900000,71260.9,71320.4,71034.8,71069.1,671.792
1775674800000,71069.1,71241.6,70978,71235,451.8476
1775675700000,71235,71258.4,71089.8,71090.1,160.2562
1775676600000,71090.1,71318.5,71025.1,71268.4,339.8436
1775677500000,71268.4,71339.9,71221,71284.2,177.5652
1775678400000,71284.2,71419.8,71270.1,71405,212.9326
1775679300000,71405,71456.5,71334,71406.9,98.9831
1775680200000,71406.9,71411.4,71245.7,71266.9,99.2519
1775681100000,71266.9,71345.6,71240,71344.1,98.6439
1775682000000,71344.1,71558.7,71296.1,71479.3,236.0438
1775682900000,71479.3,71720,71479.3,71632.7,343.4335
1775683800000,71632.7,71682.5,71505.7,71510.6,245.0759
1775684700000,71510.6,71610,71479.3,71518.2,65.5819
1775685600000,71518.2,71540.1,71353.6,71413.5,211.6165
1775686500000,71413.5,71450,71113.5,71136.1,474.4902
1775687400000,71136.1,71338.1,71062.5,71207.1,322.3485
1775688300000,71207.1,71251.3,71030.1,71030.1,288.0016
1775689200000,71030.1,71144.8,70862,71133,643.7719
1775690100000,71133,71178,70875,70991.3,226.9108
1775691000000,70991.3,71097.4,70920,71049.1,194.5577
1775691900000,71049.1,71143,71032.6,71042.8,146.206
1775692800000,71042.8,71105.3,70947.8,70967.6,213.7053
1775693700000,70967.6,70981.9,70843,70892.7,359.7259
1775694600000,70892.7,70911.9,70724.3,70780,601.9439
1775695500000,70780,70855.6,70620,70776.3,754.9037
1775696400000,70776.3,70855.4,70430.7,70640.6,1058.1018
1775697300000,70640.6,70653.4,70428.2,70590.9,395.2244
1775698200000,70590.9,70821.8,70561.5,70732.1,365.2315
1775699100000,70732.1,70936.1,70667.8,70897.4,326.0716
1775700000000,70897.4,70997.4,70790.6,70801.9,242.5811
1775700900000,70801.9,71036.8,70775.1,70990.2,206.8711
1775701800000,70990.2,71075.2,70877.1,71011.7,253.6295
1775702700000,71011.7,71176.2,70958.8,71028.9,367.6114
1775703600000,71028.9,71095,70907.4,70952,249.212
1775704500000,70952,70973,70828.7,70878.6,154.8516
1775705400000,70878.6,70956.3,70835,70874.2,179.5301
1775706300000,70874.2,71018.4,70812.5,70957.8,246.0904
1775707200000,70957.8,70981.1,70850,70874.7,136.714
1775708100000,70874.7,70899.9,70759.2,70812.6,201.7608
1775709000000,70812.6,70900.8,70810.4,70832.3,138.1711
1775709900000,70832.3,70871.2,70700.6,70754.1,285.5068
1775710800000,70754.1,70839,70664.2,70839,197.6282
1775711700000,70839,70972,70815.4,70944,289.1887
1775712600000,70944,71058.8,70926,71009.9,392.8511
1775713500000,71009.9,71010,70880,70959.3,176.1678
1775714400000,70959.3,71052,70959.3,70980.6,212.9726
1775715300000,70980.6,70980.7,70800,70830.2,246.1706
1775716200000,70830.2,70944.9,70780.1,70905.9,198.4606
1775717100000,70905.9,70994.5,70870,70994.5,112.6588
1775718000000,70994.5,71087.8,70967.5,71048,254.6054
1775718900000,71048,71048,70936.5,70955,138.9304
1775719800000,70955,71047.6,70913.6,70978.1,194.5556
1775720700000,70978.1,71000,70925,70943.8,186.3487
1775721600000,70943.8,70978.1,70817.8,70917.8,203.7251
1775722500000,70917.8,70990.4,70859,70947.8,108.6386
1775723400000,70947.8,71334.9,70947.8,71304.9,594.1961
1775724300000,71304.9,71358.5,71172.4,71224.1,436.6292
1775725200000,71224.1,71306.9,71074.9,71297.9,375.5102
1775726100000,71297.9,71510.6,71183.9,71249.2,665.2326
1775727000000,71249.2,71318.1,71158.1,71243.9,170.9019
1775727900000,71243.9,71551,71240.6,71497,603.7507
1775728800000,71497,71500,71303.6,71338.7,356.5697
1775729700000,71338.7,71456.2,71333.3,71363.5,234.4681
1775730600000,71363.5,71410.2,71317,71373.9,159.6623
1775731500000,71373.9,71430.5,71236,71236,336.821
1775732400000,71236,71317.2,71148,71159.5,333.6495
1775733300000,71159.5,71202.7,71014.3,71045.8,778.1294
1775734200000,71045.8,71182.9,71045.7,71136,318.7322
1775735100000,71136,71192.3,71100,71114.5,177.1974
1775736000000,71114.5,71216.6,71114.5,71165,213.8841
1775736900000,71165,71299.7,71000,71235.2,492.4867
1775737800000,71235.2,71265,71090.9,71174.9,399.7261
1775738700000,71174.9,71265,71061.1,71251.2,206.8812
1775739600000,71251.2,71332.8,71066.9,71079.2,355.9587
1775740500000,71079.2,71116.8,71026.7,71074.7,246.259
1775741400000,71074.7,71133,70750.3,70863.3,1495.2471
1775742300000,70863.3,70879.7,70585,70767.7,1193.414
1775743200000,70767.7,70821.4,70612,70757.4,583.0032
1775744100000,70757.4,70800,70477.4,70609.1,708.332
1775745000000,70609.1,70885.9,70567.7,70860.1,693.7258
1775745900000,70860.1,71236.9,70860,71083.6,1259.5421
1775746800000,71083.6,71339,70891,71302.7,784.4061
1775747700000,71302.7,71615.1,71294.6,71305.8,1440.8535
1775748600000,71305.8,72222,71239.3,72036.4,3908.4752
1775749500000,72036.4,72329.9,72001.4,72099.9,1970.0912
1775750400000,72099.9,72380,72034.2,72130.4,1415.3551
1775751300000,72130.4,72350,72012.4,72016.4,798.7356
1775752200000,72016.4,72025.6,71714.7,71927.8,1108.3496
1775753100000,71927.8,72047.3,71661.3,72045.1,813.9009
1775754000000,72045.1,72487.3,72025.5,72437.7,1693.5811
1775754900000,72437.7,72522.4,72176.6,72298.9,925.5661
1775755800000,72298.9,72473.5,72050.7,72376.4,876.6301
1775756700000,72376.4,72435,72210.9,72308.4,309.6774
1775757600000,72308.4,72337.5,71808.6,71853.6,853.2956
1775758500000,71853.6,71958,71722.3,71865.3,743.2022
1775759400000,71865.3,71917.3,71686.4,71812,549.352
1775760300000,71812,71876.5,71700,71847.3,265.8853
1775761200000,71847.3,72098.9,71789.5,71994.2,507.0124
1775762100000,71994.2,72051,71700,71777.5,391.1055
1775763000000,71777.5,72128.3,71764.9,72071.4,486.9419
1775763900000,72071.4,72262,71956.2,72052.1,679.5679
1775764800000,72052.1,72146.8,71932.9,72135.4,551.0255
1775765700000,72135.4,72305.3,72118,72249.9,445.1272
1775766600000,72249.9,72411,72206.2,72373.3,399.012
1775767500000,72373.3,72373.5,72238.1,72367.9,216.8278
1775768400000,72367.9,72666.5,72143.4,72293.1,1022.8949
1775769300000,72293.1,72316.2,72098.5,72132.1,261.3562
1775770200000,72132.1,72423.8,72096.2,72408.8,347.8174
1775771100000,72408.8,72429.5,72183.6,72223,159.8603
1775772000000,72223,72484.4,72202.3,72460.1,232.7659
1775772900000,72460.1,73121,72449.2,72583.1,2202.2602
1775773800000,72583.1,72590.4,72247.4,72273.6,586.6907
1775774700000,72273.6,72424,71894.2,71898.9,926.4665
1775775600000,71898.9,71988.9,71701.7,71766.2,939.8014
1775776500000,71766.2,71876.5,71533.3,71741.6,952.5331
1775777400000,71741.6,71816.5,71578.6,71728.1,491.764
1775778300000,71728.1,71790.1,71650,71745.1,267.7249
1775779200000,71745.1,71864.4,71666,71777.7,361.4745
1775780100000,71777.7,71812.5,71540.8,71797.1,422.8585
1775781000000,71797.1,71932.1,71753.4,71892.1,255.9026
1775781900000,71892.1,71993.5,71824.9,71929.9,234.1348
1775782800000,71929.9,72043.1,71780,71959.9,259.1226
1775783700000,71959.9,72010.3,71625.4,71833.9,375.6931
1775784600000,71833.9,72349.9,71812.2,72264.8,801.3617
1775785500000,72264.8,72320.8,72105.4,72122.7,475.9087
1775786400000,72122.7,72250,72076.7,72190.9,241.6465
1775787300000,72190.9,72226,72125.2,72133.5,136.4236
1775788200000,72133.5,72186.1,72083,72114.8,97.8685
1775789100000,72114.8,72114.9,71874.7,71920.4,450.6807
1775790000000,71920.4,71985,71800,71819.7,284.734
1775790900000,71819.7,71899.1,71770,71770.1,143.7646
1775791800000,71770.1,71928.4,71770,71879.4,169.105
1775792700000,71879.4,71919.9,71800,71829.3,126.8555
1775793600000,71829.3,71928.2,71828,71829.6,120.5298
1775794500000,71829.6,71911.8,71817.1,71830.1,146.3046
1775795400000,71830.1,71878.3,71784.1,71867.4,175.3168
1775796300000,71867.4,72185.2,71850,72086.7,954.7919
1775797200000,72086.7,72135.1,71971.7,72027.8,182.1808
1775798100000,72027.8,72242.2,71981.1,72186.9,271.4498
1775799000000,72186.9,72228.2,72113,72120,173.4178
1775799900000,72120,72180,72047.7,72093.3,121.1562
1775800800000,72093.3,72149,72018.9,72104.7,107.7287
1775801700000,72104.7,72104.8,71910,71935,206.9305
1775802600000,71935,71986.8,71833.6,71909,250.2726
1775803500000,71909,71961.2,71733.6,71775.7,563.3896
1775804400000,71775.7,71813,71678,71682.1,298.6876
1775805300000,71682.1,71744.4,71666.5,71692.6,171.3828
1775806200000,71692.6,71748.8,71610,71628.7,240.5316
1775807100000,71628.7,71660.6,71391.9,71454,751.982
1775808000000,71454,71645.4,71400,71572.2,738.4903
1775808900000,71572.2,71661,71499,71610.2,278.2116
1775809800000,71610.2,71730,71580.3,71671.7,211.9612
1775810700000,71671.7,71685.4,71460.3,71572.8,367.375
1775811600000,71572.8,71670.3,71558.5,71669,273.9329
1775812500000,71669,71824.9,71657.6,71734.7,375.1657
1775813400000,71734.7,71845.6,71715.5,71773,244.0982
1775814300000,71773,71807.7,71701.1,71742,158.2331
1775815200000,71742,71781.2,71675.7,71781.2,153.6358
1775816100000,71781.2,71785,71671,71696.4,163.6828
1775817000000,71696.4,71802.5,71688,71765.3,226.3333
1775817900000,71765.3,71898.7,71750.5,71865.1,313.9071
1775818800000,71865.1,72130.4,71860.1,72092.2,839.0738
1775819700000,72092.2,72182.7,72055.1,72174.9,604.0194
1775820600000,72174.9,72229,72090.9,72141.2,407.1551
1775821500000,72141.2,72211.2,72055.1,72082.2,419.0967
1775822400000,72082.2,72167.1,72048,72048,258.8552
1775823300000,72048,72290.8,71963.6,72124.1,1161.8252
1775824200000,72124.1,72425.7,72000,72271,1760.4375
1775825100000,72271,72368,72154.2,72219.5,323.384
1775826000000,72219.5,72230.4,72143,72173.5,439.7541
1775826900000,72173.5,72262.9,72115.9,72258.8,227.5165
1775827800000,72258.8,72384.4,71866,72028.3,1179.0815
1775828700000,72028.3,72340.8,72017,72285.4,910.1077
1775829600000,72285.4,72730,72206.1,72662.5,1742.8388
1775830500000,72662.5,73030,72577.2,72917,2546.4903
1775831400000,72917,73100,72672.7,72802.6,1570.2803
1775832300000,72802.6,72920,72643.7,72859.6,695.5548
1775833200000,72859.6,73068.4,72784.1,72961.5,580.4946
1775834100000,72961.5,73255.3,72705,72727,1610.0687
1775835000000,72727,72790.4,72530,72686.3,1067.9224
1775835900000,72686.3,72717,72280.8,72406.9,1071.7224
1775836800000,72406.9,72664,72333.1,72647.5,656.5345
1775837700000,72647.5,72768,72529,72724.1,690.7812
1775838600000,72724.1,72762.6,72544.2,72675,278.5955
1775839500000,72675,73017.8,72654.6,72949,623.925
1775840400000,72949,72960,72752.3,72813.2,532.9153
1775841300000,72813.2,72986.9,72756.3,72923.6,284.759
1775842200000,72923.6,72923.6,72749.3,72874,253.6374
1775843100000,72874,73100,72871.6,73072.6,492.8316
1775844000000,73072.6,73092.5,72830.2,73039.9,339.6776
1775844900000,73039.9,73132.6,72831,72939.6,400.118
1775845800000,72939.6,72978.7,72870,72899,207.4755
1775846700000,72899,73067.3,72886.6,73053.2,213.3479
1775847600000,73053.2,73200,73019.3,73125,532.6978
1775848500000,73125,73141.8,72925.3,72948.3,290.0558
1775849400000,72948.3,72969.8,72850,72904.9,286.4987
1775850300000,72904.9,73222,72848.9,73179.5,502.8351
1775851200000,73179.5,73220,73077.4,73181.7,412.3778
1775852100000,73181.7,73230,73075.5,73195,376.0282
1775853000000,73195,73415.9,72970.1,73184.4,1302.6523
1775853900000,73184.4,73367.8,73090.2,73300.9,445.9117
1775854800000,73300.9,73309.2,72963.7,73018.9,400.2984
1775855700000,73018.9,73129.2,73001.1,73039.4,232.5168
1775856600000,73039.4,73056.6,72881,73004.2,221.1654
1775857500000,73004.2,73163.8,72987,73144.5,258.3654
1775858400000,73144.5,73197.7,73042,73101.3,211.8608
1775859300000,73101.3,73150.9,72947.3,72961.2,315.0979
1775860200000,72961.2,72979,72661.3,72809.7,738.6515
1775861100000,72809.7,72859.6,72785,72826.2,216.6554
1775862000000,72826.2,72848.9,72734,72830,200.4254
1775862900000,72830,72898,72762.9,72850.1,161.0364
1775863800000,72850.1,72887.2,72790,72863.6,122.0698
1775864700000,72863.6,72921.9,72857.1,72913.8,78.7932
1775865600000,72913.8,72913.8,72770,72820.5,174.4281
1775866500000,72820.5,72866.3,72770.1,72857.9,162.0902
1775867400000,72857.9,72896.8,72792.6,72813,114.6238
1775868300000,72813,72813.1,72740.2,72788,130.6527
1775869200000,72788,72800,72721.2,72761.4,135.3306
1775870100000,72761.4,72834.9,72630,72791.8,497.5999
1775871000000,72791.8,72900,72780,72815.6,177.3147
1775871900000,72815.6,72959.7,72812.3,72908.3,203.6136
1775872800000,72908.3,72958.2,72864.1,72914.9,118.4004
1775873700000,72914.9,73002.3,72914.8,72950.7,170.5427
1775874600000,72950.7,73054.9,72931.8,72952.1,274.9679
1775875500000,72952.1,72952.1,72874.7,72922,126.2449
1775876400000,72922,73033,72921.7,72995.2,240.4739
1775877300000,72995.2,73011.7,72950,72950.1,69.7366
1775878200000,72950.1,72987.7,72882.7,72928.4,93.3853
1775879100000,72928.4,72943,72777,72827.5,213.3443
1775880000000,72827.5,72916.8,72761.3,72790.9,247.5996
1775880900000,72790.9,72801.6,72635,72690.2,277.959
1775881800000,72690.2,72785.9,72690.2,72764.6,103.2115
1775882700000,72764.6,72790,72723.7,72773.9,57.4591
1775883600000,72773.9,72795.1,72657.6,72670.9,133.7261
1775884500000,72670.9,72770,72635,72770,162.4751
1775885400000,72770,72801.6,72759.6,72759.6,106.6495
1775886300000,72759.6,72759.6,72671.7,72680.9,100.8557
1775887200000,72680.9,72680.9,72568,72640,260.33
1775888100000,72640,72698.5,72590,72655.9,124.8884
1775889000000,72655.9,72722,72651.5,72688.7,233.7257
1775889900000,72688.7,72741.4,72672.8,72731,91.2862
1775890800000,72731,72740.7,72698.4,72718.4,73.3494
1775891700000,72718.4,72794.9,72718.2,72766.5,171.2873
1775892600000,72766.5,72785.8,72703.6,72703.6,73.4531
1775893500000,72703.6,72713.7,72636,72713.7,170.1014
1775894400000,72713.7,72757.7,72677.1,72735.6,118.2159
1775895300000,72735.6,72770,72697.5,72706.1,128.8696
1775896200000,72706.1,72729,72651,72706.9,130.5835
1775897100000,72706.9,72715.5,72605,72633,128.0714
1775898000000,72633,72653.7,72591.1,72643.8,173.3535
1775898900000,72643.8,72871,72643.8,72828.1,485.8357
1775899800000,72828.1,72828.1,72720.4,72791.8,140.7844
1775900700000,72791.8,72883,72791.7,72876,152.9194
1775901600000,72876,72885,72750.3,72779.7,128.0376
1775902500000,72779.7,72849.5,72737.9,72830,114.7994
1775903400000,72830,72835.4,72735,72745.1,112.9252
1775904300000,72745.1,72813,72733,72803.6,96.5931
1775905200000,72803.6,72851.4,72780.3,72824.6,107.8066
1775906100000,72824.6,72844.3,72785.5,72788.8,64.491
1775907000000,72788.8,72817,72785,72816.8,50.4699
1775907900000,72816.8,72878,72802,72871.9,119.0363
1775908800000,72871.9,72908.4,72844.8,72882.9,215.1346
1775909700000,72882.9,72910.9,72768,72823.2,149.9739
1775910600000,72823.2,72930,72806.6,72920.5,118.8557
1775911500000,72920.5,72948,72880,72897,173.6074
1775912400000,72897,72897,72477.7,72566.4,1324.4463
1775913300000,72566.4,72745,72566.3,72577.7,438.1842
1775914200000,72577.7,72687.5,72540,72629.3,220.8277
1775915100000,72629.3,72669.4,72599.3,72620.9,144.4088
1775916000000,72620.9,72696.4,72577.8,72667.7,142.9674
1775916900000,72667.7,72736.4,72662.8,72673.7,136.7428
1775917800000,72673.7,72685,72568,72617,216.2612
1775918700000,72617,72699.1,72603.2,72661.9,146.0174
1775919600000,72661.9,72700,72639.6,72674.8,63.9978
1775920500000,72674.8,72868,72656.1,72722,307.0164
1775921400000,72722,72777,72722,72734.4,119.6888
1775922300000,72734.4,72840,72710.1,72823,255.1295
1775923200000,72823,72849.7,72778.3,72846,196.9001
1775924100000,72846,72904.6,72815,72845.2,174.2893
1775925000000,72845.2,73200,72823.5,73081.2,1018.1402
1775925900000,73081.2,73170.1,72991,72998,435.7594
1775926800000,72998,73020.8,72959.3,72968.6,185.8627
1775927700000,72968.6,73070.5,72906.9,73048.9,240.0465
1775928600000,73048.9,73135,73048.9,73112.4,283.5779
1775929500000,73112.4,73130,73019.5,73059.8,147.8453
1775930400000,73059.8,73078.3,72992.8,73078.3,106.4236
1775931300000,73078.3,73229.2,73078.2,73158.4,246.3578
1775932200000,73158.4,73719.1,73152,73429.8,2562.8996
1775933100000,73429.8,73600,73389.8,73514.5,499.1808
1775934000000,73514.5,73777.3,73445,73530.3,1132.2309
1775934900000,73530.3,73623.8,73417.7,73585.7,626.6495
1775935800000,73585.7,73772.6,73585.7,73652.9,629.0855
1775936700000,73652.9,73653,73562.9,73642.7,228.1049
1775937600000,73642.7,73654.5,73453,73453,346.7665
1775938500000,73453,73509.2,73364.9,73379.9,504.8402
1775939400000,73379.9,73386.4,73187.2,73322,688.3715
1775940300000,73322,73405,73251.8,73256.2,149.5625
1775941200000,73256.2,73398,73162.6,73377.5,222.4398
1775942100000,73377.5,73405,73277.2,73310.3,223.9645
1775943000000,73310.3,73438,73280,73393.1,177.1401
1775943900000,73393.1,73512.9,73365.4,73392.8,264.0759
1775944800000,73392.8,73510,73330.7,73468,250.1447
1775945700000,73468,73534.3,73360.7,73413.8,176.3497
1775946600000,73413.8,73427.1,73196.3,73290.7,321.2401
1775947500000,73290.7,73351.7,73222.3,73335.6,196.1405
1775948400000,73335.6,73335.7,72865.9,73011.8,830.0323
1775949300000,73011.8,73181.7,73000,73095.3,225.9365
1775950200000,73095.3,73133.6,73033,73033,192.0247
1775951100000,73033,73077.3,72965.6,73012.9,176.0932
1775952000000,73012.9,73039.8,72816.5,72967.8,527.8453
1775952900000,72967.8,73077.2,72897.1,73039.4,225.1401
1775953800000,73039.4,73081.6,72942.6,72983.2,146.4996
1775954700000,72983.2,73062,72977.1,73041.5,127.3995
1775955600000,73041.5,73098.2,72938.9,73042.4,153.1741
1775956500000,73042.4,73053.7,72953.5,72982.5,191.1513
1775957400000,72982.5,72984.2,71503,71691.7,4380.8958
1775958300000,71691.7,71691.7,71270,71609.8,2511.1736
1775959200000,71609.8,71839,71310,71747.2,1468.4458
1775960100000,71747.2,71962.9,71636.8,71740.1,826.7366
1775961000000,71740.1,71894.8,71737.4,71853.5,351.7949
1775961900000,71853.5,71868.5,71724,71731.1,201.3506
1775962800000,71731.1,71828,71601,71713.3,460.1572
1775963700000,71713.3,71743.2,71581,71694.9,342.1375
1775964600000,71694.9,71726.6,71550.3,71636.4,378.8282
1775965500000,71636.4,71674.2,71561.1,71561.1,246.4971
1775966400000,71561.1,71657.8,71485,71568.4,299.2806
1775967300000,71568.4,71611.5,71450,71488.1,226.926
1775968200000,71488.1,71564.3,71459,71535.5,120.0598
1775969100000,71535.5,71549,71405.8,71437.6,353.3078
1775970000000,71437.6,71548.9,71389.9,71485.5,299.694
1775970900000,71485.5,71648,71452,71642.1,210.842
1775971800000,71642.1,71693.9,71583.9,71618.4,256.2908
1775972700000,71618.4,71750.6,71610.8,71669.8,225.387
1775973600000,71669.8,71730.3,71650.3,71711.7,173.189
1775974500000,71711.7,71711.8,71628.1,71675,142.405
1775975400000,71675,71675,71611.2,71622.7,98.624
1775976300000,71622.7,71657.9,71604,71620.5,89.7198
1775977200000,71620.5,71646.2,71551.7,71592.2,199.2661
1775978100000,71592.2,71618,71567.8,71593.5,55.8094
1775979000000,71593.5,71712.1,71588.5,71712.1,135.773
1775979900000,71712.1,71719,71637.2,71637.2,233.0177
1775980800000,71637.2,71667.9,71600.1,71615.5,200.6021
1775981700000,71615.5,71682.9,71606,71667,116.867
1775982600000,71667,71769.4,71640.9,71692.4,448.4942
1775983500000,71692.4,71692.4,71550.1,71592.5,392.6869
1775984400000,71592.5,71597.5,71509.1,71562.9,232.7315
1775985300000,71562.9,71594.9,71553.1,71559.8,116.0576
1775986200000,71559.8,71600,71532,71544.8,154.1938
1775987100000,71544.8,71559.8,71486,71505,245.9622
1775988000000,71505,71661,71473.7,71596.4,222.5868
1775988900000,71596.4,71634.2,71580,71580,143.947
1775989800000,71580,71580.1,71480.4,71491.2,184.59
1775990700000,71491.2,71497.8,71321.6,71423.1,585.2828
1775991600000,71423.1,71518,71400,71490.4,260.4364
1775992500000,71490.4,71514.9,71450.1,71491.7,123.6928
1775993400000,71491.7,71500,71388,71420.1,137.1951
1775994300000,71420.1,71450,71405,71446.1,84.6984
1775995200000,71446.1,71446.1,71310.9,71370.9,319.4373
1775996100000,71370.9,71424.8,71353.6,71382,188.7688
1775997000000,71382,71479.6,71303.6,71455.3,317.0368
1775997900000,71455.3,71456,71030.6,71048,1644.7697
1775998800000,71048,71121.5,70878.4,70963.2,1636.7215
1775999700000,70963.2,71086.7,70963.1,71022,353.4962
1776000600000,71022,71073,70911,70958.7,362.5469
1776001500000,70958.7,70992.4,70832.7,70869.7,440.4534
1776002400000,70869.7,71000,70841,70964.1,322.1818
1776003300000,70964.1,71070,70958.7,71052,354.6164
1776004200000,71052,71064.6,70740.4,70828.9,660.1844
1776005100000,70828.9,70857,70666,70722.9,784.1325
1776006000000,70722.9,70819.4,70714.1,70810.4,285.9868
1776006900000,70810.4,70826.7,70693,70693.1,316.508
1776007800000,70693.1,70876,70575,70854.4,691.7484
1776008700000,70854.4,70909.8,70825.2,70864.3,235.2224
1776009600000,70864.3,70937.7,70817,70907.3,291.4551
1776010500000,70907.3,70925.5,70789.3,70898.1,173.6663
1776011400000,70898.1,70916.5,70810.1,70854.1,105.0958
1776012300000,70854.1,70912.2,70800,70906.6,96.6796
1776013200000,70906.6,70980,70869.9,70869.9,207.7158
1776014100000,70869.9,70977.4,70864.1,70965.3,108.0866
1776015000000,70965.3,70996.6,70922,70990,178.995
1776015900000,70990,71196,70898.3,71112.9,622.7743
1776016800000,71112.9,71149.8,71023.6,71145.9,248.7238
1776017700000,71145.9,71194.7,71030.6,71052.4,162.6536
1776018600000,71052.4,71172.7,71052.3,71086.5,146.1475
1776019500000,71086.5,71135.5,71076,71099.3,81.6992
1776020400000,71099.3,71196,71096.5,71105.5,161.3898
1776021300000,71105.5,71140.3,71094,71136.3,46.0114
1776022200000,71136.3,71136.4,71052,71081,52.4627
1776023100000,71081,71096.8,71047.3,71060.9,142.991
1776024000000,71060.9,71080.5,70954.3,70991.9,211.6027
1776024900000,70991.9,71045.7,70922.8,71029.2,174.8541
1776025800000,71029.2,71420,71029.1,71294.1,716.1479
1776026700000,71294.1,71350.1,71193.3,71314.7,462.6318
1776027600000,71314.7,71433.4,71133,71196.7,916.2886
1776028500000,71196.7,71307,71191.1,71279.8,347.6499
1776029400000,71279.8,71338.4,71200,71286.2,146.7068
1776030300000,71286.2,71349.3,71181,71337.9,169.0192
1776031200000,71337.9,71346.7,70652.1,70925.1,2031.0159
1776032100000,70925.1,70940.9,70500,70641.5,841.4552
1776033000000,70641.5,70902.1,70455.8,70793.9,1123.3195
1776033900000,70793.9,70910,70756.1,70882.6,219.3609
1776034800000,70882.6,70882.9,70600,70600,351.4025
1776035700000,70600,70742,70566.9,70690.1,202.1706
1776036600000,70690.1,70707,70540,70707,208.9375
1776037500000,70707,70772,70564.4,70714.3,196.0608
1776038400000,70714.3,70896,70588,70891,328.8659
1776039300000,70891,71070,70806.4,70956,338.9344
1776040200000,70956,71110,70922.4,71034,249.9456
1776041100000,71034,71240,70989,71140.6,373.5393
1776042000000,71140.6,71205,71077.7,71107.9,225.6257
1776042900000,71107.9,71141.9,71031.5,71073.5,376.3681
1776043800000,71073.5,71179.8,71000.1,71116.8,259.0428
1776044700000,71116.8,71204.4,71091,71170.3,139.595
1776045600000,71170.3,71234,70951.9,70979.1,325.0538
1776046500000,70979.1,71239.5,70978.5,71197.3,234.7041
1776047400000,71197.3,71261.1,71012.6,71014.1,246.0743
1776048300000,71014.1,71061.7,70966.2,71056.7,142.1079
1776049200000,71056.7,71095.9,70963.5,71036.8,171.5022
1776050100000,71036.8,71139.2,70974.4,71005.2,125.4727
1776051000000,71005.2,71036.7,70889.8,70952.9,216.3885
1776051900000,70952.9,70982.9,70900,70958,73.745
1776052800000,70958,70981.3,70878,70934.9,108.9941
1776053700000,70934.9,71023.9,70889.4,71005.2,163.3667
1776054600000,71005.2,71120.8,70988.2,71000.2,243.4102
1776055500000,71000.2,71000.3,70827,70871,205.9027
1776056400000,70871,70900.9,70766,70800,287.1105
1776057300000,70800,70853.8,70736,70836.2,127.597
1776058200000,70836.2,70840.9,70650,70727.5,243.4288
1776059100000,70727.5,70868,70727.5,70859.3,186.4728
1776060000000,70859.3,70992.4,70856,70983.7,260.5139
1776060900000,70983.7,71060,70950.9,71004.6,196.507
1776061800000,71004.6,71033.2,70974.2,71025.9,163.3813
1776062700000,71025.9,71088.4,70992.2,71005.3,148.0908
1776063600000,71005.3,71053.8,70863.8,70876.3,238.9685
1776064500000,70876.3,70885,70660,70692.1,573.7187
1776065400000,70692.1,70789,70668.3,70750,340.4047
1776066300000,70750,70825.8,70741.6,70795,194.2219
1776067200000,70795,70848.8,70680.2,70702.4,217.6035
1776068100000,70702.4,70800.3,70600.7,70738.7,398.7135
1776069000000,70738.7,70744.4,70572.1,70580.9,317.4092
1776069900000,70580.9,70674.9,70542.3,70657.6,250.326
1776070800000,70657.6,70888,70657.6,70689.5,473.273
1776071700000,70689.5,70794,70650.7,70767.3,146.8063
1776072600000,70767.3,70806.7,70731.9,70763.2,90.9932
1776073500000,70763.2,70783.7,70722.2,70770,82.8735
1776074400000,70770,70820,70724.6,70800,157.9996
1776075300000,70800,70800,70685.5,70736,253.7267
1776076200000,70736,70814.9,70659.3,70744.2,171.7477
1776077100000,70744.2,70783.1,70682.2,70733.2,93.0726
1776078000000,70733.2,70854,70715.6,70847.8,253.4285
1776078900000,70847.8,70878.9,70815.7,70840.8,106.5503
1776079800000,70840.8,70925.9,70777.3,70912.6,246.1769
1776080700000,70912.6,70966.4,70884.4,70895.7,235.7009
1776081600000,70895.7,71036.8,70813.8,70938.1,529.8105
1776082500000,70938.1,70959.2,70830.2,70830.2,170.9377
1776083400000,70830.2,70885.9,70733,70806.1,296.8687
1776084300000,70806.1,71194.9,70806.1,71040.9,1042.2519
1776085200000,71040.9,71172.6,71040.9,71172.6,456.6084
1776086100000,71172.6,71245.4,71072.7,71150.6,571.9101
1776087000000,71150.6,71194,70781.6,70998.2,1557.8265
1776087900000,70998.2,71674,70917.9,71617.2,3104.8196
1776088800000,71617.2,71731.4,71413,71571.7,1490.3983
1776089700000,71571.7,71686.7,71317.1,71596.9,1206.2996
1776090600000,71596.9,71960,71554,71938.4,1420.0763
1776091500000,71938.4,72355,71828.6,72339.9,2858.195
1776092400000,72339.9,72417,71860.7,71900.7,2331.1867
1776093300000,71900.7,71969.9,71800,71899.2,615.6453
1776094200000,71899.2,71899.2,71606.1,71795,1035.899
1776095100000,71795,71886.7,71680,71822.2,358.4695
1776096000000,71822.2,72009.9,71629.9,71985.7,916.7299
1776096900000,71985.7,72230,71874.7,72196.8,977.9501
1776097800000,72196.8,72326,72122,72252.7,934.5191
1776098700000,72252.7,72395.6,72014.4,72156.5,843.3982
1776099600000,72156.5,72380,72072.4,72241.3,481.7352
1776100500000,72241.3,72396,72219.9,72396,353.3324
1776101400000,72396,72555,72324.3,72398.1,895.2386
1776102300000,72398.1,72452,72005.3,72099.9,895.6287
1776103200000,72099.9,72174.8,72045,72144.4,335.6121
1776104100000,72144.4,72233.9,72000,72124.9,363.3225
1776105000000,72124.9,72387,72122.7,72290,293.7614
1776105900000,72290,72419.7,72255,72382.7,199.3472
1776106800000,72382.7,72387.1,72250,72274.8,191.9868
1776107700000,72274.8,72865.7,72274.8,72803.8,2132.1906
1776108600000,72803.8,73135.2,72776.6,72962.7,1845.7576
1776109500000,72962.7,73441.4,72962.7,73270.1,1739.6794
1776110400000,73270.1,73356.1,72989,73014.5,1027.3565
1776111300000,73014.5,73117,72965.2,73059.7,472.6256
1776112200000,73059.7,73240.7,73018.4,73175,657.1701
1776113100000,73175,73208.8,73030.1,73101,263.3674
1776114000000,73101,73270,73023.4,73180.8,262.5189
1776114900000,73180.8,73245.8,73073.5,73079.9,217.0442
1776115800000,73079.9,73338,73063.7,73224.6,235.8978
1776116700000,73224.6,73257.6,73137.5,73137.9,165.2634
1776117600000,73137.9,73891.6,73125.4,73713.6,1640.6
1776118500000,73713.6,74444,73709.4,74103.7,3221.9669
1776119400000,74103.7,74332.7,74030.6,74221.6,947.3616
1776120300000,74221.6,74739.7,74113.2,74591.2,2256.8905
1776121200000,74591.2,74905.7,74405.6,74620,1252.6263
1776122100000,74620,74771.7,74488,74684.5,751.3281
1776123000000,74684.5,74848.9,74500,74514.9,1320.6779
1776123900000,74514.9,74560.7,74350,74374.9,963.0427
1776124800000,74374.9,74480.6,74203,74282.5,521.1153
1776125700000,74282.5,74424.8,74166.8,74222.8,401.4584
1776126600000,74222.8,74404,74102.5,74374.9,427.3902
1776127500000,74374.9,74384.1,74059.1,74120,538.3509
1776128400000,74120,74266,73898,74255.2,602.8344
1776129300000,74255.2,74352.4,74172.1,74253,487.3496
1776130200000,74253,74287,74189.1,74281,152.9175
1776131100000,74281,74395,74276.3,74339.1,265.9807
1776132000000,74339.1,74447.9,74311.2,74444.9,292.8305
1776132900000,74444.9,74542.4,74344,74344.1,413.6293
1776133800000,74344.1,74418.2,74235.4,74385.7,326.3708
1776134700000,74385.7,74385.7,74262.4,74287.6,133.8124
1776135600000,74287.6,74365.1,74237.1,74298.3,158.3224
1776136500000,74298.3,74320.4,74188.7,74238.6,245.0167
1776137400000,74238.6,74448,74225.2,74423.7,284.7414
1776138300000,74423.7,74440.9,74350.3,74400.2,150.0563
1776139200000,74400.2,74450,74333.4,74422.9,148.7356
1776140100000,74422.9,74458.9,74382.1,74453.5,242.3038
1776141000000,74453.5,74470.5,74314.6,74340.5,151.0931
1776141900000,74340.5,74399.9,74306,74349.9,184.4206
1776142800000,74349.9,74349.9,74262.2,74295.6,137.1046
1776143700000,74295.6,74398.9,74260,74303,168.488
1776144600000,74303,74314.9,74235,74251.9,197.5893
1776145500000,74251.9,74252,74110.3,74168.5,334.2298
1776146400000,74168.5,74310,74168.4,74284.5,308.6527
1776147300000,74284.5,74405,74261.2,74337.1,200.4964
1776148200000,74337.1,74412.5,74309.5,74341.2,162.1637
1776149100000,74341.2,74520,74328,74480,303.6939
1776150000000,74480,74920.6,74385.4,74731.6,1613.6793
1776150900000,74731.6,74750,74560,74623.5,477.5687
1776151800000,74623.5,74643.8,74446.1,74456.7,495.777
1776152700000,74456.7,74519.7,74423.6,74500,233.6166
1776153600000,74500,74561.7,74410,74496.2,275.7525
1776154500000,74496.2,74597,74450,74592,183.0324
1776155400000,74592,74860,74576.1,74598.4,709.198
1776156300000,74598.4,74795.7,74550,74704.1,421.7569
1776157200000,74704.1,74746.7,74598.1,74746.5,617.863
1776158100000,74746.5,74780,74569.7,74627.8,291.8023
1776159000000,74627.8,74650,74450,74455.5,516.9356
1776159900000,74455.5,74496.3,74385,74458.7,303.7385
1776160800000,74458.7,74513.7,74400,74501.6,157.2073
1776161700000,74501.6,74542,74440.5,74509.9,168.4573
1776162600000,74509.9,74558,74296.8,74303.9,400.4558
1776163500000,74303.9,74387.4,74280.2,74296.3,276.4539
1776164400000,74296.3,74397.2,74258.2,74346,164.1781
1776165300000,74346,74412.1,74300.9,74309.2,144.8082
1776166200000,74309.2,74357.8,74270,74274.1,224.105
1776167100000,74274.1,74407.2,74257,74328.5,320.8086
1776168000000,74328.5,74391.4,74235.1,74261.9,335.2816
1776168900000,74261.9,74366,74225.5,74244.1,294.8373
1776169800000,74244.1,74357.2,74242.9,74257.7,319.2047
1776170700000,74257.7,74463.4,74256,74409.1,282.0815
1776171600000,74409.1,74573.4,74357.2,74528,537.2697
1776172500000,74528,74683,74446.5,74446.5,607.4799
1776173400000,74446.5,75188,74446.5,75121.4,2784.0138
1776174300000,75121.4,75468.8,75003.5,75457.1,2414.2169
1776175200000,75457.1,75569.9,75262.7,75500,1607.5507
1776176100000,75500,75798,75430,75788.2,1661.0413
1776177000000,75788.2,75985.5,75167.7,75309.4,3199.8492
1776177900000,75309.4,75341.9,74940.1,74946.7,1372.4474
1776178800000,74946.7,75069.3,74500,74692.5,1937.1203
1776179700000,74692.5,74888.1,74634.2,74748.4,1060.2713
1776180600000,74748.4,75265.2,74725.4,75221.6,1163.1598
1776181500000,75221.6,75390.3,75108.9,75257.2,721.5988
1776182400000,75257.2,75636.4,75243.1,75420.1,1156.9661
1776183300000,75420.1,75437.3,75123.2,75186.3,778.3758
1776184200000,75186.3,75222.4,75029,75142.8,460.2646
1776185100000,75142.8,75171,74451.4,74582,1398.8815
1776186000000,74582,74759.6,74520,74734,614.6791
1776186900000,74734,74897.6,74566.9,74566.9,452.8551
1776187800000,74566.9,74632.8,74185.1,74492.2,1275.3303
1776188700000,74492.2,74712.9,74479.8,74688,591.1848
1776189600000,74688,74753,74546,74615,282.7506
1776190500000,74615,74692.4,74380.7,74453.1,389.2281
1776191400000,74453.1,74515.2,74089.4,74231.1,746.5879
1776192300000,74231.1,74286,73763.8,74039.1,1471.2109
1776193200000,74039.1,74347.2,74001,74200,623.9027
1776194100000,74200,74308.7,73813.6,74108,480.8699
1776195000000,74108,74225.1,73978.1,74065.3,488.5052
1776195900000,74065.3,74217.6,74030.2,74169.9,348.7604
1776196800000,74169.9,74379,74160.5,74356,385.9218
1776197700000,74356,74372.9,74057.4,74134,211.6215
1776198600000,74134,74226,74070,74199.9,115.3079
1776199500000,74199.9,74257.7,73959.8,74049,535.9151
1776200400000,74049,74250,74048.7,74150.1,163.3111
1776201300000,74150.1,74150.1,73999.6,74079.6,96.9887
1776202200000,74079.6,74107.1,73900,73972,178.8913
1776203100000,73972,74279.4,73936.6,74228.7,203.0286
1776204000000,74228.7,74330.9,74089,74262.1,403.4703
1776204900000,74262.1,74262.1,73857.9,73870.8,489.5459
1776205800000,73870.8,74049.9,73747.9,73933.4,573.0468
1776206700000,73933.4,74087.4,73928.9,73983.2,209.388
1776207600000,73983.2,74124.2,73958.5,74064.3,151.6786
1776208500000,74064.3,74187,74004.7,74074.8,249.979
1776209400000,74074.8,74173.9,74000.1,74095.2,389.3963
1776210300000,74095.2,74199.8,74000,74103.7,282.3194
1776211200000,74103.7,74647.5,74081,74509.9,2854.7496
1776212100000,74509.9,74600,74352.8,74550,406.9185
1776213000000,74550,74566.1,74400,74512.1,214.0569
1776213900000,74512.1,74567.8,74392.1,74524.4,223.1478
1776214800000,74524.4,74728.7,74465.9,74716.6,452.5273
1776215700000,74716.6,74750,74548,74639.9,294.6621
1776216600000,74639.9,74666,74460,74593.9,273.5708
1776217500000,74593.9,74717.9,74531.4,74573,279.6594
1776218400000,74573,74662.1,74485.7,74507.5,117.5176
1776219300000,74507.5,74559.7,74294,74315.8,324.4463
1776220200000,74315.8,74321.2,74146,74247,398.0884
1776221100000,74247,74320,74158.1,74283.1,348.4698
1776222000000,74283.1,74297.5,74181,74188.1,148.3617
1776222900000,74188.1,74340,74142,74258.9,166.1283
1776223800000,74258.9,74307.3,74168.5,74207,128.5055
1776224700000,74207,74333,74189.1,74304,123.3452
1776225600000,74304,74418.4,74298.8,74309.2,387.8687
1776226500000,74309.2,74369.9,74263.3,74279.6,115.9247
1776227400000,74279.6,74382,74229.9,74300.2,214.8567
1776228300000,74300.2,74319.2,74223.5,74298.1,164.172
1776229200000,74298.1,74404.6,74156.7,74165.7,296.5285
1776230100000,74165.7,74202.4,73952.8,73979.4,684.8395
1776231000000,73979.4,74009.2,73830,73919.8,656.0267
1776231900000,73919.8,74020.3,73872.6,73988.1,366.1096
1776232800000,73988.1,74025.2,73900,73910.9,237.9019
1776233700000,73910.9,73998.2,73880.4,73892.6,179.7885
1776234600000,73892.6,73980.7,73860.1,73977,193.2342
1776235500000,73977,73995,73835,73863.1,167.7993
1776236400000,73863.1,73986.1,73803,73882.5,378.6804
1776237300000,73882.5,73882.5,73525,73680.8,1479.7954
1776238200000,73680.8,73688.8,73538.7,73569.5,439.6057
1776239100000,73569.5,73753.3,73467,73706.1,1183.6402
1776240000000,73706.1,73828,73650,73816.9,390.6208
1776240900000,73816.9,73964.7,73810.9,73962.5,304.0156
1776241800000,73962.5,74133.3,73938,74068.5,563.8773
1776242700000,74068.5,74156.7,73999.7,74078.9,510.6789
1776243600000,74078.9,74151.9,73930.3,73997.7,393.8743
1776244500000,73997.7,74050,73894.7,73920.4,254.486
1776245400000,73920.4,73979.5,73873.6,73936.1,179.3199
1776246300000,73936.1,74005.1,73888.4,73974.1,184.7849
1776247200000,73974.1,74148.1,73944,74084.7,334.1722
1776248100000,74084.7,74088.2,73856.6,73873.6,349.9559
1776249000000,73873.6,74025.4,73755,74025.4,455.9107
1776249900000,74025.4,74228,73795.6,73832.1,805.9068
1776250800000,73832.1,74064.9,73832,73988.2,393.4405
1776251700000,73988.2,73990.9,73884.4,73925.9,172.9688
1776252600000,73925.9,74031.3,73910,74015,104.0403
1776253500000,74015,74222,73990,74166.4,791.1883
1776254400000,74166.4,74200,74007,74164.3,581.2158
1776255300000,74164.3,74226.9,74075.4,74140.8,308.7833
1776256200000,74140.8,74447.3,74140.8,74300,983.3376
1776257100000,74300,74327.4,74227.2,74227.2,370.7855
1776258000000,74227.2,74320.7,74134.6,74278,305.7864
1776258900000,74278,74398.7,74203.5,74350.1,335.8716
1776259800000,74350.1,74380,73810.1,73841.3,1512.2495
1776260700000,73841.3,74094.4,73773.1,74019.9,770.3178
1776261600000,74019.9,74120.5,73789,74114.5,616.5968
1776262500000,74114.5,74473.4,74094.5,74389.2,1391.1539
1776263400000,74389.2,74431.2,73875,73933.1,1116.7695
1776264300000,73933.1,74229.4,73916.4,74116.8,369.3608
1776265200000,74116.8,74272.7,73933.9,74225.5,599.8715
1776266100000,74225.5,74265,73945.7,73997.2,325.2325
1776267000000,73997.2,73997.2,73522,73813.9,2141.586
1776267900000,73813.9,73960,73689.2,73803.1,627.8262
1776268800000,73803.1,73991,73719,73984,338.6072
1776269700000,73984,74144.4,73938.4,74057.4,519.4824
1776270600000,74057.4,74130,73821,73861.2,432.2371
1776271500000,73861.2,73996.6,73779.4,73903.8,416.1081
1776272400000,73903.8,74079.9,73875.4,73996.5,357.9159
1776273300000,73996.5,74200,73915.7,74083,369.943
1776274200000,74083,74162.9,73873.7,73942.1,497.8512
1776275100000,73942.1,74126,73900,74100,436.0823
1776276000000,74100,74269,74030,74245.3,478.1686
1776276900000,74245.3,74328.1,74128,74160.2,366.3423
1776277800000,74160.2,74287.8,74149.3,74268.1,215.6999
1776278700000,74268.1,74363.5,74239.2,74348.7,239.9211
1776279600000,74348.7,74663.3,74313.4,74599.6,852.5523
1776280500000,74599.6,74676.6,74521.6,74676.6,255.588
1776281400000,74676.6,75241.5,74676,75028,1862.8865
1776282300000,75028,75097.1,74890,74962,545.518
1776283200000,74962,74997.4,74560,74623.7,967.9256
1776284100000,74623.7,74741,74466.2,74730.4,526.8986
1776285000000,74730.4,74876.4,74589.6,74703,436.1033
1776285900000,74703,74839.1,74685.6,74797.8,196.2663
1776286800000,74797.8,74820,74678,74684.2,128.937
1776287700000,74684.2,74684.2,74536.3,74596.5,205.2989
1776288600000,74596.5,74775.2,74503.7,74680.6,322.0392
1776289500000,74680.6,74791.2,74663.3,74701.9,110.5932
1776290400000,74701.9,75136.3,74694.3,75005.2,864.3648
1776291300000,75005.2,75018.1,74857.2,74945.4,326.7064
1776292200000,74945.4,75400,74868.8,75016.1,909.6158
1776293100000,75016.1,75167.4,74860.1,74926.8,445.1574
1776294000000,74926.8,74926.8,74653,74709.8,754.4836
1776294900000,74709.8,74724.4,74602,74696.9,294.2588
1776295800000,74696.9,74742.8,74573.3,74622.9,300.5523
1776296700000,74622.9,74819,74609.8,74772.1,169.546
1776297600000,74772.1,74789.9,74558,74558,266.1991
1776298500000,74558,74618.9,74384,74560,544.9894
1776299400000,74560,74840.1,74560,74724.1,417.3163
1776300300000,74724.1,74808,74637.8,74762.1,172.2574
1776301200000,74762.1,74766.9,74408.4,74528.2,331.1284
1776302100000,74528.2,74647.5,74470.8,74572.2,181.5199
1776303000000,74572.2,74666,74530,74643.4,109.2294
1776303900000,74643.4,74668,74520.9,74610.7,198.0597
1776304800000,74610.7,74718.3,74554.3,74629.7,202.8198
1776305700000,74629.7,74867.7,74564.3,74848.3,292.4164
1776306600000,74848.3,75183.6,74848.2,75145.1,751.5021
1776307500000,75145.1,75221.4,74750.6,74836,961.9159
1776308400000,74836,75078,74821.3,74898.9,536.5531
1776309300000,74898.9,75116.1,74898.9,74985,180.0701
1776310200000,74985,74999.9,74900,74927.6,121.3244
1776311100000,74927.6,74943,74815.7,74842.9,186.7537
1776312000000,74842.9,74969.1,74785.9,74892.8,233.5264
1776312900000,74892.8,74929,74824.6,74878.6,146.4884
1776313800000,74878.6,75129.8,74821.9,75050,504.2168
1776314700000,75050,75050.8,74668.9,74893.4,563.8505
1776315600000,74893.4,74965.3,74851,74869.4,207.0051
1776316500000,74869.4,75066,74845.9,75020,176.4727
1776317400000,75020,75089,74967,75006.8,182.3712
1776318300000,75006.8,75026.4,74965,75000,107.716
1776319200000,75000,75070,74958.6,74966.5,164.0509
1776320100000,74966.5,75036.3,74948.5,74976.6,181.4591
1776321000000,74976.6,74991,74806.8,74897.1,302.3773
1776321900000,74897.1,74995.3,74860,74984.2,138.6131
1776322800000,74984.2,75036.2,74844.2,74871.2,193.9204
1776323700000,74871.2,74898.1,74810,74858.1,143.4385
1776324600000,74858.1,74863,74784.6,74816.2,280.7689
1776325500000,74816.2,74818.5,74591.3,74666.1,718.3132
1776326400000,74666.1,74713.5,74466.6,74488.1,830.5124
1776327300000,74488.1,74694.2,74481.9,74654.8,907.2208
1776328200000,74654.8,74688.7,74512,74632.7,464.6649
1776329100000,74632.7,74695.8,74601.7,74633.3,219.2622
1776330000000,74633.3,74714.1,74584.5,74704,190.752
1776330900000,74704,74856.4,74704,74781.7,490.2183
1776331800000,74781.7,74794.4,74648,74660.4,329.1631
1776332700000,74660.4,74682.1,74550.5,74553.8,291.4157
1776333600000,74553.8,74613.6,74350,74381.3,790.5441
1776334500000,74381.3,74486.9,74268.4,74420.1,490.2538
1776335400000,74420.1,74474.6,74333.8,74351.8,261.7242
1776336300000,74351.8,74373.4,74238.9,74274.8,532.1065
1776337200000,74274.8,74343.6,74246,74283.7,237.5395
1776338100000,74283.7,74359.4,74250,74338.6,353.8181
1776339000000,74338.6,74441.3,74309.3,74410.8,1016.0696
1776339900000,74410.8,74543.6,74385.3,74526.8,363.3255
1776340800000,74526.8,74829,74526,74706.6,1039.0551
1776341700000,74706.6,74765.7,74624,74672.2,203.0719
1776342600000,74672.2,74700,74555.7,74618.1,223.128
1776343500000,74618.1,74620.6,74540.5,74579.8,215.7956
1776344400000,74579.8,74799.7,74542.2,74784.3,389.111
1776345300000,74784.3,74976.6,74745.8,74929.2,1325.2817
1776346200000,74929.2,74973.5,74430.9,74562.7,1457.0095
1776347100000,74562.7,74569,73218,73753,5571.7502
1776348000000,73753,73934.9,73547.8,73790.9,1458.1216
1776348900000,73790.9,73864.7,73382.6,73742.3,1800.3281
1776349800000,73742.3,74015.7,73731,73937.4,882.3135
1776350700000,73937.4,74149.9,73810.4,73936.2,868.7351
1776351600000,73936.2,74412,73896.1,74269.5,1269.443
1776352500000,74269.5,74392.2,74146.5,74152.1,667.3165
1776353400000,74152.1,74854.9,74128.3,74519.6,1892.2222
1776354300000,74519.6,74753.5,74410.5,74659.4,642.5374
1776355200000,74659.4,74900,74602.1,74621.9,737.2335
1776356100000,74621.9,74838.2,74526.6,74531.3,551.7425
1776357000000,74531.3,74600,74173.4,74295.4,1266.6451
1776357900000,74295.4,74387.4,74021.7,74137.7,754.173
1776358800000,74137.7,74173.9,73925.8,73926.9,496.7228
1776359700000,73926.9,74247.6,73873.6,74181.1,714.4469
1776360600000,74181.1,74380,74062.2,74340.2,512.952
1776361500000,74340.2,74407.9,74159,74303.9,336.6108
1776362400000,74303.9,74512.3,74200,74379.7,541.7098
1776363300000,74379.7,74458.5,74239.6,74371.2,361.5311
1776364200000,74371.2,74558.7,74326,74544.1,280.2269
1776365100000,74544.1,75077.9,74544.1,74999.8,1735.927
1776366000000,74999.8,75064.3,74687.7,74787.2,817.3535
1776366900000,74787.2,75032.5,74746.6,74972.9,437.3088
1776367800000,74972.9,75276,74921.2,75190,810.795
1776368700000,75190,75375.5,75168,75301.3,725.0808
1776369600000,75301.3,75513,75191.1,75369.8,1048.955
1776370500000,75369.8,75390,75052.6,75146.9,357.8002
1776371400000,75146.9,75149.1,74952,75039.7,328.7767
1776372300000,75039.7,75209.9,74995.6,75182.3,375.8513
1776373200000,75182.3,75240.3,75089.3,75093,218.5859
1776374100000,75093,75123.4,74737.8,74882.6,717.3041
1776375000000,74882.6,74957.5,74800,74900,248.4321
1776375900000,74900,74975.4,74850.2,74894.1,157.6961
1776376800000,74894.1,75080,74894.1,74934.3,367.4139
1776377700000,74934.3,74952.9,74780.1,74884.2,313.3802
1776378600000,74884.2,74949.5,74841.2,74874.1,208.6528
1776379500000,74874.1,74930.7,74786.5,74830.3,105.4721
1776380400000,74830.3,74983,74792,74944.2,180.9103
1776381300000,74944.2,75080,74863.6,74982.8,178.7766
1776382200000,74982.8,75138.8,74965.9,75093,279.5554
1776383100000,75093,75123,74997,75100,200.2088
1776384000000,75100,75111.4,74900,74918.8,265.7741
1776384900000,74918.8,74958.5,74840.3,74953.7,175.5343
1776385800000,74953.7,75064.7,74903.7,74909.8,160.5618
1776386700000,74909.8,74946,74861.4,74894.8,266.3436
1776387600000,74894.8,74990.5,74826.9,74850,187.1608
1776388500000,74850,74889.7,74551.1,74703.4,748.6005
1776389400000,74703.4,74778.2,74607.6,74675.3,244.2574
1776390300000,74675.3,74794,74511,74690.9,517.8674
1776391200000,74690.9,74763.1,74590,74669,274.0982
1776392100000,74669,74685.7,74550,74550.1,202.1013
1776393000000,74550.1,74699.5,74478,74621.7,335.1591
1776393900000,74621.7,74663.9,74573.7,74662.2,107.263
1776394800000,74662.2,74667,74557.5,74642,178.5241
1776395700000,74642,74730,74634.6,74692.8,166.7048
1776396600000,74692.8,74792.8,74626.1,74730.8,191.7251
1776397500000,74730.8,74769.6,74560,74569.9,142.0219
1776398400000,74569.9,74641.2,74541.6,74630,194.7252
1776399300000,74630,74749.5,74629.9,74708.9,119.0213
1776400200000,74708.9,74815,74691.1,74765.5,234.8574
1776401100000,74765.5,74788.8,74700,74739.4,133.6273
1776402000000,74739.4,74761.5,74505.4,74585,1005.2818
1776402900000,74585,74708,74562.4,74624.7,227.9164
1776403800000,74624.7,74656.3,74567,74611.7,138.5219
1776404700000,74611.7,74691.5,74588.5,74600,126.7409
1776405600000,74600,74742.5,74550.2,74717.9,209.2336
1776406500000,74717.9,74770,74691,74766.4,157.5953
1776407400000,74766.4,74827,74714.4,74811,185.7774
1776408300000,74811,74900,74777.1,74895.4,219.6194
1776409200000,74895.4,75055.4,74891.4,74989.9,582.5066
1776410100000,74989.9,74989.9,74895.4,74933,185.9057
1776411000000,74933,74975,74884.3,74975,160.5212
1776411900000,74975,75045.3,74902.2,75038.2,462.9165
1776412800000,75038.2,75130,74956.4,75012.7,534.004
1776413700000,75012.7,75112,74947.2,75059.5,232.647
1776414600000,75059.5,75377,75042.7,75292.3,1125.0341
1776415500000,75292.3,75850,75230,75730.7,2711.6791
1776416400000,75730.7,75888,75562.8,75865.1,1178.7072
1776417300000,75865.1,76333,75673.8,76236,1997.4617
1776418200000,76236,76286.8,75470,75706.9,2160.5443
1776419100000,75706.9,75857.8,75619.6,75731,598.9276
1776420000000,75731,75849.7,75556.9,75577.1,572.9827
1776420900000,75577.1,75687.1,75177,75182.5,1106.5904
1776421800000,75182.5,75317.2,75043.4,75138.1,1279.6058
1776422700000,75138.1,75257.1,75050,75227.8,322.5016
1776423600000,75227.8,75358,75193,75263,330.0702
1776424500000,75263,75440.8,75257.6,75416,352.0174
1776425400000,75416,75529.6,75334,75334.4,308.9362
1776426300000,75334.4,75569.7,75323,75547.9,332.8293
1776427200000,75547.9,75673.1,75485.1,75639.9,420.3345
1776428100000,75639.9,75943.5,75571.2,75722,1149.6947
1776429000000,75722,75870.8,75601.8,75706.3,721.0558
1776429900000,75706.3,76220.9,75680.2,76175.2,3518.0665
1776430800000,76175.2,76867.3,75996.3,76861.2,3711.6677
1776431700000,76861.2,76940,76356.6,76527.3,2452.1187
1776432600000,76527.3,76877.4,76052.4,76829.8,3140.9071
1776433500000,76829.8,77350,76569.4,77277,3294.8998
1776434400000,77277,77479.5,76934.5,77017.5,2103.473
1776435300000,77017.5,77666.6,77004.5,77379,1918.9498
1776436200000,77379,77980,77379,77912.1,2376.9444
1776437100000,77912.1,77979.3,77608,77816.5,1735.0403
1776438000000,77816.5,77893.2,77500,77753,1024.6081
1776438900000,77753,77916.5,77596.9,77661,847.2708
1776439800000,77661,77777.7,77370.6,77445.2,923.8328
1776440700000,77445.2,77808.6,77370,77706.7,905.6624
1776441600000,77706.7,77970.2,77625.4,77795.9,787.0366
1776442500000,77795.9,78283,77723.8,78078.2,1780.5528
1776443400000,78078.2,78208,77886.5,78006.8,761.5055
1776444300000,78006.8,78019.4,77707.9,77789.3,580.1998
1776445200000,77789.3,77849.9,77238.1,77437.8,1144.7445
1776446100000,77437.8,77530,77028.9,77182.3,1257.8552
1776447000000,77182.3,77484.8,77182.3,77400,693.9666
1776447900000,77400,77600,77365,77454,443.8391
1776448800000,77454,77510.1,77034.2,77093,611.1285
1776449700000,77093,77312.1,77033,77145,416.0639
1776450600000,77145,77335.9,77087.1,77320.7,277.8234
1776451500000,77320.7,77324.8,77022.7,77108.6,283.1105
1776452400000,77108.6,77213.2,76931.9,77179.4,649.8029
1776453300000,77179.4,77337,77179.4,77215.3,576.759
1776454200000,77215.3,77349.7,77150,77291.9,240.4996
1776455100000,77291.9,77422.9,77163.9,77338.4,339.8105
1776456000000,77338.4,77549.4,77291.2,77460.7,406.5541
1776456900000,77460.7,77460.7,77295.7,77312.2,157.4515
1776457800000,77312.2,77337.3,77099,77190.7,248.6394
1776458700000,77190.7,77300,77140.3,77274.9,111.5959
1776459600000,77274.9,77360,77260,77328.2,90.2082
1776460500000,77328.2,77440.2,77222.2,77384.8,153.6704
1776461400000,77384.8,77389.4,77220.7,77362.3,135.557
1776462300000,77362.3,77441.9,77317.9,77387.8,100.0288
1776463200000,77387.8,77463,77329.3,77363.3,168.294
1776464100000,77363.3,77402.8,77253.3,77334.9,204.0436
1776465000000,77334.9,77428.2,77278,77359.1,144.8692
1776465900000,77359.1,77389.4,77211.6,77244.9,131.5765
1776466800000,77244.9,77255.9,77109.5,77145.2,236.8713
1776467700000,77145.2,77147.2,76849,76996.5,644.6795
1776468600000,76996.5,77077.5,76934.2,76986.7,453.9281
1776469500000,76986.7,77096.5,76986.7,77014.1,147.5251
1776470400000,77014.1,77135,76980,77039.2,354.362
1776471300000,77039.2,77177.7,77039.2,77165.4,106.476
1776472200000,77165.4,77199.9,76955.6,76959.2,288.7794
1776473100000,76959.2,77158.7,76925,77116.1,158.231
1776474000000,77116.1,77268.4,77058,77252.7,198.0622
1776474900000,77252.7,77275,77216.4,77238,189.1388
1776475800000,77238,77246.4,77141.5,77141.6,261.9372
1776476700000,77141.6,77254.4,77076,77163,281.2064
1776477600000,77163,77243.8,77075.1,77242.7,187.0209
1776478500000,77242.7,77375.8,77233.5,77266.8,250.1973
1776479400000,77266.8,77347.6,77212,77271.7,144.6409
1776480300000,77271.7,77286.5,77221,77235.8,143.7638
1776481200000,77235.8,77244.6,77171.9,77205,67.4077
1776482100000,77205,77207.8,77099,77131.6,178.7171
1776483000000,77131.6,77149.7,77055.3,77109,168.2466
1776483900000,77109,77157.6,76910.7,76959.9,447.7641
1776484800000,76959.9,77049.7,76905,77027.2,233.2232
1776485700000,77027.2,77027.2,76878.9,76939.8,287.6247
1776486600000,76939.8,77032.7,76822.9,76933.9,441.0969
1776487500000,76933.9,77110.4,76933.9,77058.2,258.552
1776488400000,77058.2,77218,77053.4,77149.5,252.2506
1776489300000,77149.5,77168.1,77086.4,77094.5,260.4463
1776490200000,77094.5,77140.6,77058.7,77100.5,116.6595
1776491100000,77100.5,77102.1,77070,77081.3,31.6611
1776492000000,77081.3,77169.8,77048.9,77117.8,134.0719
1776492900000,77117.8,77127,77000,77035.5,101.4645
1776493800000,77035.5,77092.2,77029.1,77090,101.8151
1776494700000,77090,77118.9,77052.4,77076.3,118.8511
1776495600000,77076.3,77083.3,77016,77021,66.3094
1776496500000,77021,77049.9,76993.8,77038.6,102.6271
1776497400000,77038.6,77046.7,76926.5,76987.7,175.4452
1776498300000,76987.7,76987.7,76842.1,76950.3,287.1534
1776499200000,76950.3,76999.1,76753.1,76753.1,392.6899
1776500100000,76753.1,76816.7,76588,76639.1,1612.5776
1776501000000,76639.1,76712,76450,76509.2,827.2101
1776501900000,76509.2,76748,76493.4,76690.7,566.7981
1776502800000,76690.7,76690.7,76402.3,76498,623.8422
1776503700000,76498,76536.9,76367.4,76531.9,590.4437
1776504600000,76531.9,76633.4,76511.6,76583,205.3461
1776505500000,76583,76656.9,76479.3,76553.3,258.8476
1776506400000,76553.3,76553.3,76160.1,76256.9,1451.9855
1776507300000,76256.9,76350.7,76239.7,76287.1,317.9986
1776508200000,76287.1,76287.1,76171.2,76181,411.0261
1776509100000,76181,76239.5,76076.3,76150,706.9643
1776510000000,76150,76150,75859,75907.9,1336.7566
1776510900000,75907.9,76059.8,75887.7,76034.7,489.0968
1776511800000,76034.7,76125.6,75714.4,75806.5,1055.4838
1776512700000,75806.5,76056.8,75750,75998.1,658.8328
1776513600000,75998.1,76184.7,75998,76164,589.0796
1776514500000,76164,76265.8,76082.6,76096.6,317.4491
1776515400000,76096.6,76181.2,76001,76138,258.2433
1776516300000,76138,76225,76137.9,76163.5,226.9072
1776517200000,76163.5,76170.1,76091.8,76122.2,117.4015
1776518100000,76122.2,76175.7,76014,76047.4,331.5413
1776519000000,76047.4,76059.7,75735.7,75907.1,714.1479
1776519900000,75907.1,76133.8,75854.2,76081.4,521.4729
1776520800000,76081.4,76140.7,76037.5,76135,170.9792
1776521700000,76135,76150,75933,76099.3,209.2245
1776522600000,76099.3,76250,76099.2,76154,406.5352
1776523500000,76154,76219,76117.5,76212.1,150.3794
1776524400000,76212.1,76340.3,76084.1,76170.9,452.0481
1776525300000,76170.9,76228.9,76091.1,76160.5,128.7645
1776526200000,76160.5,76193.7,76082.6,76082.6,89.2884
1776527100000,76082.6,76154.7,75938.3,76118.8,238.7712
1776528000000,76118.8,76175.7,75982.1,76152.3,234.573
1776528900000,76152.3,76152.3,75618.3,76043.1,1459.4045
1776529800000,76043.1,76094.4,75945.5,75951.1,251.3908
1776530700000,75951.1,75978.9,75818.2,75896.8,360.3913
1776531600000,75896.8,75922.3,75731,75789.7,399.682
1776532500000,75789.7,75856.8,75750,75808.1,203.1553
1776533400000,75808.1,75853.7,75804.7,75831.5,144.7803
1776534300000,75831.5,75855,75779.8,75779.9,135.9488
1776535200000,75779.9,75800,75636.3,75756,276.4
1776536100000,75756,75756.1,75555,75617.6,571.1432
1776537000000,75617.6,75636.5,75372.4,75533.3,969.611
1776537900000,75533.3,75687.4,75492.4,75601.3,442.2756
1776538800000,75601.3,75749.2,75573,75709.6,490.6744
1776539700000,75709.6,75760,75575.6,75648.5,95.8394
1776540600000,75648.5,75657,75533.8,75550.3,91.6523
1776541500000,75550.3,75639,75529,75605.4,236.9266
1776542400000,75605.4,75673.5,75556.5,75658.1,108.5122
1776543300000,75658.1,75739,75620.2,75667.2,160.3278
1776544200000,75667.2,75753.4,75656.6,75750.6,170.3235
1776545100000,75750.6,75799.9,75683,75707.9,153.5645
1776546000000,75707.9,75798.3,75666,75681.5,220.5678
1776546900000,75681.5,75709.9,75553.2,75691.5,185.4211
1776547800000,75691.5,75706.1,75616,75685.8,81.5776
1776548700000,75685.8,75781.4,75685.8,75777.3,94.2853
1776549600000,75777.3,75777.3,75571.8,75572.1,142.2323
1776550500000,75572.1,75679.1,75564.4,75673.9,55.5279
1776551400000,75673.9,75781.5,75673.9,75742.6,183.0608
1776552300000,75742.6,75839,75731.4,75771.4,156.049
1776553200000,75771.4,75850,75763.9,75779.8,150.6733
1776554100000,75779.8,75810,75760.6,75771.2,93.8563
1776555000000,75771.2,75771.2,75655.1,75711.7,174.2946
1776555900000,75711.7,75729.5,75656.6,75656.6,57.6524
1776556800000,75656.6,75809,75643,75738,123.9776
1776557700000,75738,75738,75532,75577.7,255.6577
1776558600000,75577.7,75611.1,75511,75533,123.1687
1776559500000,75533,75649.9,75526.9,75634,132.9016
1776560400000,75634,75753.1,75573.3,75635.2,261.149
1776561300000,75635.2,75635.2,75500.2,75504.2,168.5905
1776562200000,75504.2,75543.5,75415,75503.7,247.4749
1776563100000,75503.7,75600,75503.7,75574.3,142.3108
1776564000000,75574.3,75596.5,75535.3,75595.7,83.4988
1776564900000,75595.7,75648,75350.1,75451,423.9527
1776565800000,75451,75685,75400.7,75603.3,249.1111
1776566700000,75603.3,75650,75455,75455.1,218.4045
1776567600000,75455.1,75510.5,75313.8,75499.2,446.5436
1776568500000,75499.2,75523,75425.5,75490.5,206.3587
1776569400000,75490.5,75573.6,75448.6,75557.5,103.4876
1776570300000,75557.5,75604.6,75470,75475.7,196.6415
1776571200000,75475.7,75699,75474.1,75657.5,238.1499
1776572100000,75657.5,75742.6,75619.2,75640.1,214.9599
1776573000000,75640.1,75644.2,75370,75504.1,440.1507
1776573900000,75504.1,75676.8,75471,75630.5,205.3149
1776574800000,75630.5,75656.3,75481.5,75512.2,288.5345
1776575700000,75512.2,75533,75473.6,75524.6,83.9109
1776576600000,75524.6,75633.5,75524.5,75561,113.5587
1776577500000,75561,75563.2,75497,75512,109.4082
1776578400000,75512,75512.1,75355,75358.5,394.1198
1776579300000,75358.5,75406.8,75251.4,75368.7,623.0218
1776580200000,75368.7,75450,75368.7,75387,147.0292
1776581100000,75387,75395.4,75332.4,75369,124.6518
1776582000000,75369,75369,75188,75204.7,509.952
1776582900000,75204.7,75204.8,74832.8,74944.4,1625.1636
1776583800000,74944.4,75197.3,74944.4,75147,780.9552
1776584700000,75147,75258.9,75102,75205.3,418.8144
1776585600000,75205.3,75249,75133,75230.7,236.3344
1776586500000,75230.7,75264.7,75099.8,75099.8,263.4781
1776587400000,75099.8,75225.8,75034.5,75194,267.3541
1776588300000,75194,75238.2,75136,75222.1,239.9499
1776589200000,75222.1,75238.2,75129.1,75137.9,217.4193
1776590100000,75137.9,75154,74920.8,75054.4,364.6531
1776591000000,75054.4,75142.5,75022.3,75026.5,216.3501
1776591900000,75026.5,75026.5,74880,74984.8,305.5182
1776592800000,74984.8,75057.3,74900,75000,260.0032
1776593700000,75000,75085.8,74959.6,75054.5,193.7859
1776594600000,75054.5,75074.2,75018,75061.1,118.8354
1776595500000,75061.1,75210.9,75016.9,75184,450.6995
1776596400000,75184,75424.2,75178,75381.9,790.7507
1776597300000,75381.9,75510,75303.7,75336,563.1988
1776598200000,75336,75495.3,75331.1,75477.2,267.1222
1776599100000,75477.2,75597.2,75456.1,75560.1,387.169
1776600000000,75560.1,75638.5,75466.2,75638.5,590.5476
1776600900000,75638.5,75665.6,75462.1,75470.7,411.8878
1776601800000,75470.7,75508.5,75383.6,75459.9,227.9048
1776602700000,75459.9,75651,75419.3,75532,398.7356
1776603600000,75532,75732.8,75511.8,75723.5,483.4486
1776604500000,75723.5,76215.7,75685,76008.7,2024.6872
1776605400000,76008.7,76074.2,75892.3,75994.7,544.6974
1776606300000,75994.7,75994.7,75822.9,75882.8,362.0206
1776607200000,75882.8,75975,75630,75753.9,811.33
1776608100000,75753.9,76000,75717.1,75922.4,394.8587
1776609000000,75922.4,75950.4,75753.2,75939.4,284.6531
1776609900000,75939.4,76107.5,75901.8,75980.2,378.9093
1776610800000,75980.2,76000,75823.5,75968.3,247.6967
1776611700000,75968.3,76119.5,75846.3,75920.5,303.2068
1776612600000,75920.5,75943.6,75339.7,75680,1466.5098
1776613500000,75680,75837.8,75644,75811.7,435.2624
1776614400000,75811.7,75816.9,75583.8,75628.8,337.4405
1776615300000,75628.8,75724.6,75502.2,75532.6,329.0803
1776616200000,75532.6,75666.4,75460.5,75524.5,273.0725
1776617100000,75524.5,75603.9,75262,75344.8,764.3791
1776618000000,75344.8,75349.5,74963.4,75225.6,1223.0964
1776618900000,75225.6,75343.7,75123.3,75237.1,239.0859
1776619800000,75237.1,75322,75039.7,75141.4,264.2528
1776620700000,75141.4,75177.7,74588,74747.9,1698.896
1776621600000,74747.9,74866.8,74626.2,74792.4,673.3422
1776622500000,74792.4,74831.6,74555,74768.4,522.42
1776623400000,74768.4,74781.8,74609.1,74670.3,480.5774
1776624300000,74670.3,74763,74569,74736.6,309.4999
1776625200000,74736.6,74946.6,74736.6,74914.3,399.6562
1776626100000,74914.3,74998.6,74801.3,74911.7,266.2933
1776627000000,74911.7,75039.8,74890.1,74920.1,161.4696
1776627900000,74920.1,74988.4,74851.1,74922.2,89.5056
1776628800000,74922.2,74926.8,74650.4,74765.1,363.4975
1776629700000,74765.1,74765.3,74601,74722,258.3497
1776630600000,74722,74833.2,74400,74500,460.752
1776631500000,74500,74687.5,74372.1,74595.7,676.5387
1776632400000,74595.7,74711.4,74531,74647.1,267.474
1776633300000,74647.1,74734.5,74535.3,74710.1,142.3346
1776634200000,74710.1,74776.8,74676.8,74702.6,112.4861
1776635100000,74702.6,74762,74300.1,74381.2,548.7926
1776636000000,74381.2,74383.9,73760.1,73981.7,3202.8052
1776636900000,73981.7,74033.2,73723.3,73907,943.1156
1776637800000,73907,74149.6,73881,74107.6,451.454
1776638700000,74107.6,74166.6,73975.4,74007.8,264.4829
1776639600000,74007.8,74021.9,73782.7,73995.5,425.1982
1776640500000,73995.5,73995.5,73761.2,73853.1,379.3554
1776641400000,73853.1,73932.6,73790.7,73868.4,285.6349
1776642300000,73868.4,73961.8,73757.3,73768.3,212.3348
1776643200000,73768.3,74164.1,73670,74008.8,1335.2947
1776644100000,74008.8,74250,74008.8,74195.4,440.5499
1776645000000,74195.4,74242,74115,74144.6,234.1514
1776645900000,74144.6,74323.8,74130,74240.8,330.8125
1776646800000,74240.8,74331,74200,74330,318.6166
1776647700000,74330,74330,74181.3,74261.1,239.8966
1776648600000,74261.1,74673.7,74261,74650.1,670.9061
1776649500000,74650.1,74729.5,74515.2,74558.2,439.1535
1776650400000,74558.2,74594.5,74306,74358.7,331.8205
1776651300000,74358.7,74447.6,74262.9,74413.8,290.8189
1776652200000,74413.8,74493.5,74370,74484.5,208.6394
1776653100000,74484.5,74484.6,74373.6,74373.6,113.823
1776654000000,74373.6,74464.1,74316.3,74461.5,131.2749
1776654900000,74461.5,74545.5,74360.1,74476.9,460.3538
1776655800000,74476.9,74544,74410.7,74535.3,104.7816
1776656700000,74535.3,74603.5,74512,74598.6,190.9472
1776657600000,74598.6,74601.9,74467,74471.9,178.6774
1776658500000,74471.9,74489.8,74398.6,74471.4,110.6774
1776659400000,74471.4,74484.9,74400,74431.7,91.5184
1776660300000,74431.7,74576.4,74431.7,74524,119.2105
1776661200000,74524,74524,74225,74319.1,591.8228
1776662100000,74319.1,74319.1,74083.9,74103.7,318.602
1776663000000,74103.7,74193.7,74071.6,74091.6,218.0696
1776663900000,74091.6,74272.6,74063,74236.4,144.8959
1776664800000,74236.4,74405.4,74225.2,74266.2,248.4283
1776665700000,74266.2,74373.2,74211.1,74307.5,118.3972
1776666600000,74307.5,74866.5,74307.5,74747.6,830.8196
1776667500000,74747.6,74790.6,74614,74757.4,462.1741
1776668400000,74757.4,74830,74651.7,74761.4,245.8629
1776669300000,74761.4,75532.8,74682,75176,2358.3424
1776670200000,75176,75209.2,74792.9,74901.1,763.0259
1776671100000,74901.1,74981.7,74620.2,74791.6,716.589
1776672000000,74791.6,74833.9,74610,74785.8,720.9042
1776672900000,74785.8,74966.3,74666.7,74785.9,870.338
1776673800000,74785.9,74899.9,74704.5,74784.2,232.0695
1776674700000,74784.2,74821.4,74572.9,74683.1,455.9565
1776675600000,74683.1,75049,74651.5,74994.2,625.2053
1776676500000,74994.2,75111.1,74950,74988.9,359.8601
1776677400000,74988.9,75160,74933,75117.6,204.5612
1776678300000,75117.6,75194.8,74972.8,75024.8,278.3732
1776679200000,75024.8,75305,75024.8,75291.8,441.0065
1776680100000,75291.8,75364.5,75213.7,75253.2,371.5236
1776681000000,75253.2,75253.2,75102,75134.5,334.9165
1776681900000,75134.5,75152.5,74957.2,74989.1,244.1783
1776682800000,74989.1,75139.1,74902.1,75130.2,294.4941
1776683700000,75130.2,75225,75010,75118.9,213.6097
1776684600000,75118.9,75241.2,75026.5,75174.7,214.9821
1776685500000,75174.7,75236.7,75100,75146.2,178.5444
1776686400000,75146.2,75357.8,75027.6,75305.9,429.6605
1776687300000,75305.9,75611.1,75242.6,75366.5,931.4403
1776688200000,75366.5,75411.9,75000,75170.7,808.8518
1776689100000,75170.7,75344.3,75170.7,75245.4,371.0811
1776690000000,75245.4,75315.7,75080,75176.1,422.5656
1776690900000,75176.1,75228.3,74945.2,75157,679.5322
1776691800000,75157,75384.6,74805.8,75182.7,1074.8727
1776692700000,75182.7,75282.7,74923.1,75223.5,628.3317
1776693600000,75223.5,75255,74990,75034.7,474.6738
1776694500000,75034.7,75753.4,74992,75520.1,1523.2798
1776695400000,75520.1,75626,75151.2,75279.5,850.4068
1776696300000,75279.5,75398.4,74865.6,74990.3,1418.0645
1776697200000,74990.3,75041.8,74640.1,75022.3,1248.3078
1776698100000,75022.3,75734.1,74992.5,75703.7,1677.0686
1776699000000,75703.7,75703.7,75467.5,75535,687.6585
1776699900000,75535,75684.6,75485,75666,450.4079
1776700800000,75666,75673.5,75357.1,75370.9,405.4255
1776701700000,75370.9,75476.8,75269.6,75313.1,449.584
1776702600000,75313.1,75525.9,75262,75435.6,315.8659
1776703500000,75435.6,75516.1,75241.5,75298.3,203.892
1776704400000,75298.3,75642.7,75240,75594,477.7129
1776705300000,75594,75825,75550,75665,573.1675
1776706200000,75665,75799.8,75555,75703.8,285.1074
1776707100000,75703.8,75937.8,75641.3,75848.9,482.0784
1776708000000,75848.9,76266.5,75848.9,76226.6,2155.0248
1776708900000,76226.6,76275.5,76036.6,76055.7,608.4777
1776709800000,76055.7,76227.4,75941.6,76114,499.8548
1776710700000,76114,76400,76043.1,76375.9,906.352
1776711600000,76375.9,76425,76236.8,76288.6,683.2352
1776712500000,76288.6,76288.7,76114,76145,416.6565
1776713400000,76145,76205,76088.4,76197.5,210.6126
1776714300000,76197.5,76278.7,76152.5,76238,273.1852
1776715200000,76238,76312.7,76060.1,76275,324.1646
1776716100000,76275,76532.4,76235,76262.6,640.2811
1776717000000,76262.6,76262.7,76150.4,76189.9,259.4455
1776717900000,76189.9,76255.8,76179.1,76218.1,188.8707
1776718800000,76218.1,76310.1,75841.1,75949.2,631.2267
1776719700000,75949.2,75993.7,75801.8,75879.8,188.8447
1776720600000,75879.8,75900,75726.3,75832.2,214.4156
1776721500000,75832.2,75922,75806.2,75900.1,87.1312
1776722400000,75900.1,76103.9,75900,76015.1,228.8109
1776723300000,76015.1,76057.8,75851,75872.3,114.2906
1776724200000,75872.3,76030.3,75846.7,75942.6,165.132
1776725100000,75942.6,75946,75868.7,75920.1,67.3554
1776726000000,75920.1,75920.1,75668.7,75709.1,491.4674
1776726900000,75709.1,75716.8,75563.1,75616.1,355.3841
1776727800000,75616.1,75766.2,75585.5,75730.1,107.3419
1776728700000,75730.1,75844.1,75703,75786.9,162.4412
1776729600000,75786.9,75883.2,75645.3,75819.9,271.1819
1776730500000,75819.9,75887.4,75757.4,75857,166.6146
1776731400000,75857,75949,75806.7,75827.7,265.5835
1776732300000,75827.7,76051.8,75827.7,76044.3,322.9225
1776733200000,76044.3,76211,75977,76081.8,380.8013
1776734100000,76081.8,76098.9,75941,76079.9,176.5318
1776735000000,76079.9,76182.7,75936.1,76026.9,269.6474
1776735900000,76026.9,76027,75800,75880,308.5927
1776736800000,75880,75886,75665.5,75677.6,396.2406
1776737700000,75677.6,75750,75642.4,75680.7,282.2267
1776738600000,75680.7,75764,75550,75563,297.2526
1776739500000,75563,75629.7,75522.1,75540.1,217.4162
1776740400000,75540.1,75591.9,75444,75521.1,404.8242
1776741300000,75521.1,75624.7,75460,75588.8,302.5069
1776742200000,75588.8,75679.9,75442.8,75513.3,375.6438
1776743100000,75513.3,75684.4,75504.5,75673.7,155.3387
1776744000000,75673.7,75724,75567.1,75567.1,221.2247
1776744900000,75567.1,75672.3,75553.1,75585.8,186.8139
1776745800000,75585.8,75689.9,75578.7,75672.4,103.7997
1776746700000,75672.4,75783.5,75646.5,75769.8,244.276
1776747600000,75769.8,75928.6,75760.3,75858.9,321.7485
1776748500000,75858.9,75942,75805,75858,234.1429
1776749400000,75858,75858.1,75781,75798.3,131.3329
1776750300000,75798.3,75798.3,75732,75760.1,125.5467
1776751200000,75760.1,75770.6,75681,75737.7,116.1544
1776752100000,75737.7,75758,75656,75716.4,116.3502
1776753000000,75716.4,76090.4,75714,75952,590.3411
1776753900000,75952,76000.3,75921.9,75928.4,137.7608
1776754800000,75928.4,75942.4,75770,75915.6,273.4132
1776755700000,75915.6,76270,75895.8,76143.4,862.1236
1776756600000,76143.4,76260.8,75989,76153.5,615.5748
1776757500000,76153.5,76260.7,76045,76050,240.3754
1776758400000,76050,76174.8,76027.3,76094.4,210.4398
1776759300000,76094.4,76342.9,76075,76301.5,500.4465
1776760200000,76301.5,76463,76206.5,76411.5,402.07
1776761100000,76411.5,76877.1,76378,76465.8,2020.0323
1776762000000,76465.8,76543.6,76310.6,76435.9,437.6217
1776762900000,76435.9,76494.3,76150.1,76206.9,542.7858
1776763800000,76206.9,76287.2,76101.4,76264,690.8616
1776764700000,76264,76353.2,76205.3,76324.8,244.3177
1776765600000,76324.8,76466.2,76313.2,76392.1,292.5576
1776766500000,76392.1,76530.8,76318.8,76470.4,372.679
1776767400000,76470.4,76575,76425.5,76523.9,266.8129
1776768300000,76523.9,76833.7,76499.8,76696.1,1204.8941
1776769200000,76696.1,76709.1,76290.3,76361.8,1042.3335
1776770100000,76361.8,76686.3,76295,76631.9,457.8709
1776771000000,76631.9,76643.2,76414.3,76439.5,410.22
1776771900000,76439.5,76457.9,76372.7,76404.2,279.4746
1776772800000,76404.2,76461,76212,76212,465.829
1776773700000,76212,76347.9,76200.4,76340,342.2235
1776774600000,76340,76490,75670,75794.1,2249.0704
1776775500000,75794.1,76038.2,75702.2,75976.6,995.8916
1776776400000,75976.6,76047,75855.1,75954.1,379.288
1776777300000,75954.1,76103,75931,75989.1,367.5186
1776778200000,75989.1,76155.1,75700,75968.9,1239.5086
1776779100000,75968.9,76025.7,75727.3,75867.6,821.7358
1776780000000,75867.6,75893.6,75651,75804.5,686.9558
1776780900000,75804.5,76270.3,75804.5,76082.9,1474.316
1776781800000,76082.9,76555,76068.4,76419.5,1074.5259
1776782700000,76419.5,76435.7,75568.9,75629,1801.0358
1776783600000,75629,75815,75349.1,75732.6,1438.1014
1776784500000,75732.6,75944,75538.3,75653.2,714.9552
1776785400000,75653.2,75789.5,75484,75660.2,418.7618
1776786300000,75660.2,75815.4,75580.1,75803,640.6163
1776787200000,75803,75975.7,75781.6,75927.5,1120.8189
1776788100000,75927.5,75961.6,75801.6,75832.5,714.4341
1776789000000,75832.5,76166.4,75806.8,75862.7,834.9476
1776789900000,75862.7,76020.4,75725,75746,388.926
1776790800000,75746,75794.9,75395.4,75511.4,1010.8211
1776791700000,75511.4,75522,75010.1,75300.3,1885.6499
1776792600000,75300.3,75895.7,75240.7,75735,1209.906
1776793500000,75735,75796.7,75467.4,75519.2,620.4628
1776794400000,75519.2,75612.4,75451.9,75555.2,249.0832
1776795300000,75555.2,75636,75337.7,75435.2,531.8144
1776796200000,75435.2,75565.3,75431.1,75491.3,144.2155
1776797100000,75491.3,75618,75275,75577.3,491.6901
1776798000000,75577.3,75770.6,75522,75570.8,525.203
1776798900000,75570.8,75888,75504.3,75741,469.9536
1776799800000,75741,75753.1,74780,74830.9,1718.1684
1776800700000,74830.9,75071.2,74783.5,74996.9,767.1918
1776801600000,74996.9,75579.4,74946.3,75542.3,1528.8757
1776802500000,75542.3,75748.9,75410.5,75616.1,611.2802
1776803400000,75616.1,75827.4,75616.1,75628,344.91
1776804300000,75628,75739.2,75534.8,75652.5,210.8902
1776805200000,75652.5,75738.6,75495.4,75539.6,218.4914
1776806100000,75539.6,75644,75503.2,75540.5,146.4973
1776807000000,75540.5,75599.7,75418,75418,106.48
1776807900000,75418,75557,75410.5,75508.1,95.3045
1776808800000,75508.1,75567,75441.6,75508.7,127.7144
1776809700000,75508.7,75508.7,75253.1,75333,317.1926
1776810600000,75333,75512.8,75260.1,75489.4,241.5189
1776811500000,75489.4,75613.4,75453.9,75605.6,325.3821
1776812400000,75605.6,75825,75582,75739.8,337.0707
1776813300000,75739.8,75839.9,75703.6,75746.2,323.4443
1776814200000,75746.2,76088,75735.3,76044,607.7148
1776815100000,76044,76388,76035,76290.9,1065.9615
1776816000000,76290.9,76475,76270.3,76379.3,747.2313
1776816900000,76379.3,76411,76217.3,76236,271.773
1776817800000,76236,76368.5,76176.6,76306.8,268.0169
1776818700000,76306.8,76339,76207.7,76333,297.3394
1776819600000,76333,76385.9,76242.6,76355.7,194.9716
1776820500000,76355.7,76355.8,76106,76122.5,329.1152
1776821400000,76122.5,76242.8,76100.5,76216.9,126.2886
1776822300000,76216.9,76320.6,76167.5,76265.3,168.2284
1776823200000,76265.3,76844.5,76184.1,76697.9,1226.4956
1776824100000,76697.9,77222,76697.9,77200.7,2125.3853
1776825000000,77200.7,77320,77030,77208,924.9396
1776825900000,77208,77604.2,77090.9,77558,1529.151
1776826800000,77558,77694,77409.4,77554.2,1024.8723
1776827700000,77554.2,77554.2,77351.9,77480.6,653.8994
1776828600000,77480.6,77535.9,77363.7,77529.9,443.4659
1776829500000,77529.9,77570.5,77448.2,77476.2,466.5262
1776830400000,77476.2,77588.3,77434.6,77441.6,372.9773
1776831300000,77441.6,77473.3,77315,77462,295.6891
1776832200000,77462,77661.4,77431.4,77515.8,324.9865
1776833100000,77515.8,77542.8,77404.4,77470.2,294.2399
1776834000000,77470.2,77545,77400.3,77494.7,213.5369
1776834900000,77494.7,78423.1,77479.2,78199.9,4252.0091
1776835800000,78199.9,78305.8,77949,78069,1320.0694
1776836700000,78069,78157,77910,77933,992.8115
1776837600000,77933,77968,77843.4,77903,524.9406
1776838500000,77903,77990.2,77862.2,77913.5,367.339
1776839400000,77913.5,77961.9,77843.3,77914,306.3859
1776840300000,77914,77967.3,77872.5,77958.7,238.6542
1776841200000,77958.7,78070,77912.4,78049.8,290.7096
1776842100000,78049.8,78057.2,77761.6,77841,456.8312
1776843000000,77841,78018.9,77788,78018.8,334.6395
1776843900000,78018.8,78055.6,77922.1,77965.4,425.7111
1776844800000,77965.4,78129.5,77965.3,78098,337.5231
1776845700000,78098,78157.1,77909.4,77909.4,568.793
1776846600000,77909.4,77972,77875.1,77881.6,310.3392
1776847500000,77881.6,78015.1,77881.5,77954.9,248.7263
1776848400000,77954.9,78044.7,77895,77989.9,208.8019
1776849300000,77989.9,78100.2,77901.9,78098.2,227.488
1776850200000,78098.2,78139.8,77993.4,78089.5,366.4308
1776851100000,78089.5,78089.5,77923,77953.2,350.6132
1776852000000,77953.2,78004.8,77890.3,77983.9,260.7498
1776852900000,77983.9,78027.3,77915.7,78009.5,197.9653
1776853800000,78009.5,78127.9,78009.3,78068.2,264.0268
1776854700000,78068.2,78120,78017.1,78101.5,181.6229
1776855600000,78101.5,78250.9,78035.9,78100.1,701.7291
1776856500000,78100.1,78263.2,78100,78263.1,367.8932
1776857400000,78263.1,78358,78120,78159.9,468.5783
1776858300000,78159.9,78271.9,78159.9,78244.2,259.267
1776859200000,78244.2,78413,78170,78370.5,704.5978
1776860100000,78370.5,78475.4,78085.9,78122.4,831.0504
1776861000000,78122.4,78222,78052,78133.2,375.2226
1776861900000,78133.2,78276.2,78120,78177.1,288.7168
1776862800000,78177.1,78403.8,78105.1,78318,664.2363
1776863700000,78318,78452.4,78289.2,78404.7,559.9706
1776864600000,78404.7,78633.8,78221,78550,1750.6085
1776865500000,78550,78782,78466,78780,1530.5839
1776866400000,78780,79026.2,78632.4,79000.1,2064.6499
1776867300000,79000.1,79135.3,78714.1,78946.4,1663.713
1776868200000,78946.4,78980,78516.5,78646.2,1354.0153
1776869100000,78646.2,79047.8,78628.4,78980,684.6417
1776870000000,78980,79075,78800,78902.9,700.6541
1776870900000,78902.9,79060,78778.5,79005.2,669.8042
1776871800000,79005.2,79270,78946,79220.1,1274.4184
1776872700000,79220.1,79350,79158.2,79221.6,881.2732
1776873600000,79221.6,79415.3,79076.2,79139.7,1126.8216
1776874500000,79139.7,79154.4,78826.1,78880.5,801.5707
1776875400000,78880.5,78979.2,78717.9,78760.4,712.9505
1776876300000,78760.4,78800,78576.7,78691.7,920.9938
1776877200000,78691.7,78979,78691.6,78930,526.0208
1776878100000,78930,78952.9,78650.3,78785.8,263.0661
1776879000000,78785.8,78846.2,78702.1,78762.2,149.7366
1776879900000,78762.2,78957.2,78651.9,78854,278.5363
1776880800000,78854,78941.4,78777,78909.4,260.3322
1776881700000,78909.4,78945.1,78830,78850.5,137.7668
1776882600000,78850.5,78963.8,78800.9,78907,199.4442
1776883500000,78907,79118.1,78901.9,78976.7,350.463
1776884400000,78976.7,78992,78650,78808,564.4059
1776885300000,78808,79022.7,78778.5,78974.7,311.6983
1776886200000,78974.7,79011.2,78726.3,78805.6,241.2782
1776887100000,78805.6,78916.5,78731.1,78792.6,261.5989
1776888000000,78792.6,78871.6,78695,78702,369.6949
1776888900000,78702,78716.1,78427.3,78546.7,557.6558
1776889800000,78546.7,78575.5,78431.9,78461.9,379.6514
1776890700000,78461.9,78477.8,78355.6,78392.7,292.4658
1776891600000,78392.7,78566.6,78372.1,78543,262.4522
1776892500000,78543,78558.5,78506.7,78534,95.8754
1776893400000,78534,78706.5,78533.9,78706.1,159.9008
1776894300000,78706.1,78784.5,78661.3,78710.8,151.8696
1776895200000,78710.8,78783,78645.1,78718.6,125.1545
1776896100000,78718.6,78721.3,78480,78492.2,251.8323
1776897000000,78492.2,78560.6,78426.3,78455.1,162.3361
1776897900000,78455.1,78588.8,78406.4,78559.6,191.71
1776898800000,78559.6,78565.5,78402.7,78516.5,125.1952
1776899700000,78516.5,78539.7,78152,78296.2,494.1613
1776900600000,78296.2,78296.2,78165.6,78212.5,186.7547
1776901500000,78212.5,78273.3,78103.6,78141.5,240.741
1776902400000,78141.5,78358.3,77850,77850,1082.5254
1776903300000,77850,78438.9,77535.5,78405.4,1952.5666
1776904200000,78405.4,78557.6,78265.6,78383.6,528.7948
1776905100000,78383.6,78424.8,78226.8,78389.9,294.5155
1776906000000,78389.9,78426.3,78189,78228.3,255.1482
1776906900000,78228.3,78235.9,78020,78051.2,415.9766
1776907800000,78051.2,78350,78026.5,78252,305.0769
1776908700000,78252,78393.8,78180.9,78315.5,176.3508
1776909600000,78315.5,78319.6,78117,78117,187.6877
1776910500000,78117,78177.7,77943.3,77995.1,392.3619
1776911400000,77995.1,78081.7,77721.3,77832.3,593.9667
1776912300000,77832.3,77985.8,77724.5,77898.8,405.6412
1776913200000,77898.8,77990,77680.7,77680.7,317.7635
1776914100000,77680.7,77712.6,77588.1,77656.9,565.5029
1776915000000,77656.9,77685.1,77400.9,77596,980.2897
1776915900000,77596,77740.1,77510.3,77712.1,402.7097
1776916800000,77712.1,77847.3,77640,77819.9,340.8771
1776917700000,77819.9,77890.3,77711,77760.9,304.7268
1776918600000,77760.9,77879.7,77760.5,77831.8,227.8903
1776919500000,77831.8,77916.7,77794.1,77876.4,197.4802
1776920400000,77876.4,77986.9,77858,77948,392.2617
1776921300000,77948,77970.6,77840.4,77855.8,234.0941
1776922200000,77855.8,77864.7,77732.2,77829.9,367.1266
1776923100000,77829.9,78071.4,77827,77995,453.9372
1776924000000,77995,78242.9,77994.9,78158.9,466.9529
1776924900000,78158.9,78296,78114,78239.1,523.7598
1776925800000,78239.1,78306.1,78100.3,78134,287.1882
1776926700000,78134,78198.3,78050.1,78168.5,248.2961
1776927600000,78168.5,78209.9,78082.2,78099.7,221.7177
1776928500000,78099.7,78149.6,78068.3,78114.4,219.1744
1776929400000,78114.4,78137.3,77987.6,78052.8,257.3988
1776930300000,78052.8,78109.1,77935.2,78013.6,512.8267
1776931200000,78013.6,78141.9,77868.6,78067.4,592.2208
1776932100000,78067.4,78089.7,77917.3,77942.4,255.2328
1776933000000,77942.4,77947.4,77682.8,77702.7,549.6559
1776933900000,77702.7,77859,77689.4,77826,345.4498
1776934800000,77826,77826,77405,77547.3,1059.6636
1776935700000,77547.3,77678,77485,77590.3,632.568
1776936600000,77590.3,77732.2,77590.3,77689,334.4621
1776937500000,77689,77710,77506.9,77614.7,251.4347
1776938400000,77614.7,77680,77133,77186.4,2040.4401
1776939300000,77186.4,77360.4,77170.5,77359.2,680.3295
1776940200000,77359.2,77418.3,77305.4,77344.9,274.4054
1776941100000,77344.9,77445.3,77253.6,77373.1,315.5716
1776942000000,77373.1,77469,77321.4,77361,290.2553
1776942900000,77361,77472.2,77354.8,77438.8,210.7799
1776943800000,77438.8,77563.6,77352.5,77554.4,372.3841
1776944700000,77554.4,77719.7,77551.1,77660,981.6039
1776945600000,77660,77850,77660,77683.7,608.2712
1776946500000,77683.7,77733,77566.3,77731.8,433.8072
1776947400000,77731.8,77833,77676.1,77721.1,320.9114
1776948300000,77721.1,77830,77482.1,77830,758.1697
1776949200000,77830,77880,77593,77625.1,414.9129
1776950100000,77625.1,77685.6,77543.1,77559,348.9419
1776951000000,77559,77659.1,77483.9,77503.8,502.2401
1776951900000,77503.8,77635.7,77348,77493.9,682.8143
1776952800000,77493.9,77620,77379.2,77485.1,390.488
1776953700000,77485.1,77935.3,77441.1,77697.7,821.6839
1776954600000,77697.7,77943.3,77697.7,77858.7,677.2043
1776955500000,77858.7,78168.8,77809.2,78139.3,1156.8996
1776956400000,78139.3,78155.8,77934,78067.1,526.0476
1776957300000,78067.1,78632.8,78024.2,78342.6,2232.4572
1776958200000,78342.6,78542,78258,78433.2,727.5294
1776959100000,78433.2,78433.3,78210.2,78328.3,511.2317
1776960000000,78328.3,78467.1,78242.9,78255.5,334.2256
1776960900000,78255.5,78395,78183.2,78241,278.0618
1776961800000,78241,78413.5,78221,78277.6,290.9202
1776962700000,78277.6,78317.4,77974.5,78044.9,508.0199
1776963600000,78044.9,78134.3,77622.4,77793.7,1265.256
1776964500000,77793.7,77810.1,77508.6,77544.5,1073.2203
1776965400000,77544.5,77682,76923,77141.5,2573.053
1776966300000,77141.5,77777,76906.2,77713.3,1917.6179
1776967200000,77713.3,78105.7,77687.9,77918.3,1836.6664
1776968100000,77918.3,78011.8,77779,77859,520.9566
1776969000000,77859,78072.2,77859,77980,342.4334
1776969900000,77980,78009.8,77621.9,77626.1,500.1271
1776970800000,77626.1,77728.7,77555,77657.2,512.7566
1776971700000,77657.2,77850,77657.2,77805.2,307.8966
1776972600000,77805.2,77847.2,77596.2,77601.1,220.7941
1776973500000,77601.1,77776.9,77546.3,77671.7,556.3266
1776974400000,77671.7,77871.9,77594.2,77755.3,326.5184
1776975300000,77755.3,77787.2,77636.1,77699.2,370.4501
1776976200000,77699.2,78015,77675.5,77952.8,449.7736
1776977100000,77952.8,77988.4,77800.9,77839.8,130.7113
1776978000000,77839.8,77874.1,77781.8,77838.4,164.7954
1776978900000,77838.4,77880.2,77744.3,77880.2,177.3925
1776979800000,77880.2,78031.1,77875.9,78019.5,240
1776980700000,78019.5,78019.5,77814,77814.1,98.1729
1776981600000,77814.1,78148.3,77814.1,78014.2,462.2262
1776982500000,78014.2,78226.6,77993.1,78125.5,391.3729
1776983400000,78125.5,78274,78125.5,78274,243.3377
1776984300000,78274,78295.6,78155.5,78188,199.7173
1776985200000,78188,78195.1,78037,78044.9,215.2905
1776986100000,78044.9,78109.3,77983,78097.5,293.389
1776987000000,78097.5,78236.5,78086.4,78206,168.4845
1776987900000,78206,78258.8,78172.2,78211.9,103.5077
1776988800000,78211.9,78300,78114.4,78251.9,236.5235
1776989700000,78251.9,78425.8,78200,78359.8,577.9073
1776990600000,78359.8,78449,78320.5,78330.3,245.8801
1776991500000,78330.3,78422.7,78272,78369.5,276.0181
1776992400000,78369.5,78375.9,78026,78112.8,444.217
1776993300000,78112.8,78135.2,77955,77988.1,383.8502
1776994200000,77988.1,78100,77905,78002.2,217.1371
1776995100000,78002.2,78425.7,77983.6,78374.1,675.8402
1776996000000,78374.1,78545.9,78250,78346.4,521.1093
1776996900000,78346.4,78358.8,78200.2,78218.7,189.8515
1776997800000,78218.7,78367.6,78213,78367.5,175.8444
1776998700000,78367.5,78389.9,78027.9,78080.5,404.462
1776999600000,78080.5,78141.8,78030.3,78095.9,219.4534
1777000500000,78095.9,78095.9,77625.4,77710.1,988.2987
1777001400000,77710.1,77710.6,77510.8,77609.5,833.982
1777002300000,77609.5,77709.4,77595.3,77697.1,243.9767
1777003200000,77697.1,77707.8,77640.4,77688.8,217.5642
1777004100000,77688.8,77832.8,77566.3,77566.7,302.6225
1777005000000,77566.7,77634.4,77415,77606.8,484.3681
1777005900000,77606.8,77714.2,77570,77637.6,184.8284
1777006800000,77637.6,77662.3,77515.5,77524.2,146.1635
1777007700000,77524.2,77634.1,77414.1,77606.5,272.2821
1777008600000,77606.5,77723.4,77606.5,77669.6,243.8266
1777009500000,77669.6,78025.7,77669.6,77913.2,867.6824
1777010400000,77913.2,77942.6,77850.3,77901.8,172.6819
1777011300000,77901.8,77926,77768.7,77793.5,233.3184
1777012200000,77793.5,77850,77715.7,77773.5,465.8553
1777013100000,77773.5,77877.8,77743,77744.5,111.2543
1777014000000,77744.5,77816.3,77705.8,77719.7,102.1952
1777014900000,77719.7,77738.4,77607.5,77687.1,196.5592
1777015800000,77687.1,77704.2,77583.4,77619.1,440.0544
1777016700000,77619.1,77711.6,77513.7,77627.6,273.9872
1777017600000,77627.6,77673.1,77542.3,77660.3,365.9229
1777018500000,77660.3,77978.1,77660.3,77827.5,629.7326
1777019400000,77827.5,77827.5,77700,77714,247.8472
1777020300000,77714,77844.5,77714,77752.3,134.9544
1777021200000,77752.3,77767.5,77355.2,77490,727.7668
1777022100000,77490,77586.3,77427.5,77463.4,345.6807
1777023000000,77463.4,77550,77390,77550,242.0163
1777023900000,77550,77550,77451,77503.4,200.793
1777024800000,77503.4,77508.7,77419.2,77487.5,209.2173
1777025700000,77487.5,77727.8,77487.4,77652.1,385.331
1777026600000,77652.1,77674.4,77581.8,77615,167.3859
1777027500000,77615,77759.8,77573.6,77716.4,222.8576
1777028400000,77716.4,78263.3,77715.7,78174.9,1569.6628
1777029300000,78174.9,78289.7,78062.2,78289.6,718.7612
1777030200000,78289.6,78345.8,78187.9,78253.3,538.3898
1777031100000,78253.3,78253.4,78132.5,78194.5,366.1467
1777032000000,78194.5,78277.9,78134.3,78265.5,374.1204
1777032900000,78265.5,78314.2,78150,78233,297.2888
1777033800000,78233,78240,78117.4,78145.3,241.5948
1777034700000,78145.3,78234.4,77912.3,78223.1,770.7115
1777035600000,78223.1,78437.9,78223,78310,796.2205
1777036500000,78310,78355,78100.1,78120.3,350.8052
1777037400000,78120.3,78250,78000.1,78138.2,859.1905
1777038300000,78138.2,78208.8,77860.8,78045.8,845.0741
1777039200000,78045.8,78045.8,77747.1,77833.1,915.4196
1777040100000,77833.1,77979.2,77633.4,77662.7,628.8246
1777041000000,77662.7,77974.8,77641.4,77933.9,930.3407
1777041900000,77933.9,78016.2,77833,77983.7,320.0414
1777042800000,77983.7,77996.9,77525.8,77691.4,1279.7872
1777043700000,77691.4,77841.9,77650,77787.1,292.3426
1777044600000,77787.1,77974.6,77668.5,77948,433.4951
1777045500000,77948,78195.4,77880,78008.8,762.2756
1777046400000,78008.8,78031.9,77752,77752.1,460.4601
1777047300000,77752.1,77758.1,77600,77690.9,574.7833
1777048200000,77690.9,77871.7,77543,77675.1,343.4693
1777049100000,77675.1,77757,77588,77735.3,275.607
1777050000000,77735.3,77742.5,77575,77719.8,398.8431
1777050900000,77719.8,77721.3,77555,77637.3,267.1264
1777051800000,77637.3,77682.3,77450,77563.4,720.211
1777052700000,77563.4,77799.7,77533,77651.9,610.3883
1777053600000,77651.9,77691.2,77492.5,77496.4,585.9311
1777054500000,77496.4,77520.1,77321.1,77469.4,507.0945
1777055400000,77469.4,77605.7,77450,77544.5,188.8414
1777056300000,77544.5,77595,77513.7,77585.1,154.7638
1777057200000,77585.1,77711.9,77538.8,77571.1,228.1881
1777058100000,77571.1,77647.8,77490.9,77540.3,87.0714
1777059000000,77540.3,77626.8,77524.1,77588.1,103.546
1777059900000,77588.1,77610,77507.1,77598.2,105.7605
1777060800000,77598.2,77609.6,77499.5,77599.9,150.114
1777061700000,77599.9,77617.3,77416.3,77498.1,101.8849
1777062600000,77498.1,77629.9,77498,77586.5,91.9142
1777063500000,77586.5,77733,77586.5,77690.9,136.8561
1777064400000,77690.9,77727.8,77545.7,77548,155.0007
1777065300000,77548,77621.7,77534.5,77588.6,162.2789
1777066200000,77588.6,77602.7,77513.6,77517.2,105.7118
1777067100000,77517.2,77557,77496.3,77496.4,61.5685
1777068000000,77496.4,77566.8,77473.6,77562.4,173.4909
1777068900000,77562.4,77583.1,77502.7,77507.1,61.3843
1777069800000,77507.1,77507.1,77221.5,77245.8,730.5917
1777070700000,77245.8,77360.2,77245.8,77305.5,428.3844
1777071600000,77305.5,77383.6,77305,77352.8,213.1004
1777072500000,77352.8,77388.6,77305,77373.3,159.551
1777073400000,77373.3,77426.7,77361.1,77405,208.7427
1777074300000,77405,77416.3,77377,77412,105.7953
1777075200000,77412,77460.7,77373,77388.1,166.9138
1777076100000,77388.1,77406.1,77280.2,77290.1,157.646
1777077000000,77290.1,77395.9,77290.1,77349.4,89.8964
1777077900000,77349.4,77430.4,77344.7,77430.4,76.0946
1777078800000,77430.4,77485.4,77403.7,77476.2,117.9899
1777079700000,77476.2,77517.3,77437.7,77454,205.7094
1777080600000,77454,77526.5,77453.9,77526.1,85.9565
1777081500000,77526.1,77585.3,77500.1,77500.1,107.7863
1777082400000,77500.1,77600,77461.3,77505,300.5102
1777083300000,77505,77610.2,77491.4,77596.4,152.154
1777084200000,77596.4,77620,77575.1,77586,104.7275
1777085100000,77586,77594,77554.9,77575,43.8419
1777086000000,77575,77650.6,77508.3,77543.5,222.3664
1777086900000,77543.5,77563,77504.3,77519.4,55.1586
1777087800000,77519.4,77643.5,77519.4,77631.9,119.2964
1777088700000,77631.9,77675.3,77594.8,77624.9,475.3239
1777089600000,77624.9,77665.4,77583.7,77632.2,92.765
1777090500000,77632.2,77649,77596.7,77605,42.4003
1777091400000,77605,77610,77560.2,77573,51.7936
1777092300000,77573,77600,77565.6,77585,61.9863
1777093200000,77585,77585,77447,77471.4,269.5219
1777094100000,77471.4,77503.2,77455,77455.1,51.2559
1777095000000,77455.1,77521.9,77455.1,77496.2,72.7407
1777095900000,77496.2,77518.6,77473.3,77480.4,86.3088
1777096800000,77480.4,77529,77480.4,77513.7,71.0927
1777097700000,77513.7,77513.7,77449.4,77450.5,51.5372
1777098600000,77450.5,77524.6,77450.5,77484.1,41.966
1777099500000,77484.1,77548.4,77469,77469,150.8901
1777100400000,77469,77469,77416,77451.2,157.3646
1777101300000,77451.2,77507.4,77442.6,77507.4,93.5024
1777102200000,77507.4,77535.3,77476.3,77491.1,106.1303
1777103100000,77491.1,77521.1,77457.5,77457.6,112.8543
1777104000000,77457.6,77547.9,77446.1,77520,95.3301
1777104900000,77520,77546.6,77503,77532.1,76.8766
1777105800000,77532.1,77624,77532.1,77599.9,281.3435
1777106700000,77599.9,77605.4,77576.1,77605.4,136.8563
1777107600000,77605.4,77624.2,77567,77584.3,59.2714
1777108500000,77584.3,77599.1,77550,77550.1,71.4585
1777109400000,77550.1,77731.9,77550,77693,245.7115
1777110300000,77693,77738,77670,77674.8,332.8142
1777111200000,77674.8,77759.7,77674.8,77722.4,226.5444
1777112100000,77722.4,77808.8,77717.8,77786,250.1492
1777113000000,77786,77847,77731.8,77770.8,300.8119
1777113900000,77770.8,77786.9,77737.2,77752,183.2412
1777114800000,77752,77752,77694.2,77702.3,152.6973
1777115700000,77702.3,77715.8,77597.2,77632,191.1057
1777116600000,77632,77645,77583.6,77596.4,275.1451
1777117500000,77596.4,77662.5,77566.5,77649.7,161.7057
1777118400000,77649.7,77677.1,77584.9,77648.4,109.629
1777119300000,77648.4,77674,77567.9,77568,138.2521
1777120200000,77568,77577.4,77504,77520.9,193.6858
1777121100000,77520.9,77546.4,77504.2,77522.8,129.1866
1777122000000,77522.8,77605.8,77522.6,77605.7,105.6892
1777122900000,77605.7,77605.8,77564.1,77579.9,65.2593
1777123800000,77579.9,77636.7,77562.6,77636.6,59.8192
1777124700000,77636.6,77673.3,77607.1,77643.7,137.5799
1777125600000,77643.7,77716.4,77594,77656.9,135.0731
1777126500000,77656.9,77699,77616.6,77684.4,75.7439
1777127400000,77684.4,77709.4,77668.9,77690.9,118.7814
1777128300000,77690.9,77719.2,77605.9,77617.9,161.9123
1777129200000,77617.9,77646,77603.1,77630.9,78.4411
1777130100000,77630.9,77680,77630.9,77667.2,45.0695
1777131000000,77667.2,77683.9,77623,77623,54.6248
1777131900000,77623,77623.1,77260,77287.5,1143.7491
1777132800000,77287.5,77415.1,77250.3,77408,418.674
1777133700000,77408,77418.6,77287.1,77361.9,203.8619
1777134600000,77361.9,77390,77095,77334.2,629.051
1777135500000,77334.2,77377.7,77302.6,77368.1,148.988
1777136400000,77368.1,77368.1,77310.6,77314.9,123.1111
1777137300000,77314.9,77377,77261.2,77289,205.7258
1777138200000,77289,77300.6,77212.3,77268.8,169.2491
1777139100000,77268.8,77268.8,77171.4,77213.4,163.0392
1777140000000,77213.4,77288,77175.6,77251.2,128.3256
1777140900000,77251.2,77289.8,77219.6,77284.6,88.0712
1777141800000,77284.6,77352.3,77267.4,77267.4,161.1845
1777142700000,77267.4,77321.4,77250,77261.9,67.6452
1777143600000,77261.9,77294.1,77237.3,77293,76.9856
1777144500000,77293,77312,77208.8,77218.9,70.7934
1777145400000,77218.9,77226.1,77146.9,77153.3,139.9475
1777146300000,77153.3,77300,77153.3,77285.5,119.5583
1777147200000,77285.5,77345.5,77268.3,77312,105.5775
1777148100000,77312,77389,77307.7,77383.7,106.8135
1777149000000,77383.7,77383.8,77354.2,77360,39.0313
1777149900000,77360,77442.9,77360,77436.3,166.3857
1777150800000,77436.3,77492.3,77436.2,77459.2,174.5484
1777151700000,77459.2,77483.3,77441.9,77477.1,72.7561
1777152600000,77477.1,77480.1,77374.7,77429.3,63.864
1777153500000,77429.3,77490.8,77418.3,77490.7,52.6598
1777154400000,77490.7,77522,77453.4,77468.1,82.4496
1777155300000,77468.1,77547.8,77457.8,77520,110.9986
1777156200000,77520,77610.9,77520,77551.3,364.3754
1777157100000,77551.3,77551.3,77488,77514.2,99.0395
1777158000000,77514.2,77568.5,77477.2,77540.3,111.0234
1777158900000,77540.3,77558.8,77513.5,77546.6,52.3481
1777159800000,77546.6,77604.1,77530.9,77562,91.7881
1777160700000,77562,77576.7,77550.5,77576.7,45.6424
1777161600000,77576.7,77585.8,77473.6,77506.8,167.2778
1777162500000,77506.8,77506.8,77423.9,77429.3,132.7492
1777163400000,77429.3,77514.2,77403.3,77506.2,77.0454
1777164300000,77506.2,77552,77411.2,77457.6,88.48
1777165200000,77457.6,77486.6,77443.6,77465,97.7797
1777166100000,77465,77529.5,77450,77467,97.5589
1777167000000,77467,77521.4,77461.5,77519.1,40.2008
1777167900000,77519.1,77519.1,77407.4,77417.7,48.6848
1777168800000,77417.7,77530.5,77410.9,77530.5,50.7164
1777169700000,77530.5,77550,77475.1,77517.6,65.1027
1777170600000,77517.6,77544.7,77477.2,77477.3,51.1875
1777171500000,77477.3,77482.3,77434.2,77479.8,54.4388
1777172400000,77479.8,77485,77437.8,77485,43.1362
1777173300000,77485,77505.2,77377,77382.3,129.5433
1777174200000,77382.3,77395.3,77284.1,77344.6,264.473
1777175100000,77344.6,77385.8,77322.2,77355,149.0032
1777176000000,77355,77456.7,77335.6,77432.7,123.3256
1777176900000,77432.7,77459.6,77423,77431.2,51.5931
1777177800000,77431.2,77485.1,77383.7,77471.5,51.6171
1777178700000,77471.5,77778.9,77471.5,77724.8,970.3179
1777179600000,77724.8,78113.3,77672,78088.9,912.977
1777180500000,78088.9,78157.1,77980.2,78054.1,1035.3721
1777181400000,78054.1,78149,77980,78001,239.2491
1777182300000,78001,78018.3,77932.8,77935.6,273.2913
1777183200000,77935.6,77999,77935.6,77967.5,125.111
1777184100000,77967.5,77976.6,77873.1,77905.4,306.3309
1777185000000,77905.4,78000,77880.2,77969.9,101.0076
1777185900000,77969.9,77972.2,77856.1,77961,185.2745
1777186800000,77961,77980,77941.7,77960,130.306
1777187700000,77960,77993.1,77941.6,77953,103.5389
1777188600000,77953,77954,77917,77931.1,65.3063
1777189500000,77931.1,78080,77931.1,78054.9,186.2183
1777190400000,78054.9,78091.5,77998.2,78033.3,356.3069
1777191300000,78033.3,78048,77980,78038.9,142.0781
1777192200000,78038.9,78183.6,77975.9,77998.3,540.8984
1777193100000,77998.3,78009.9,77972.7,77983.4,154.8524
1777194000000,77983.4,77983.4,77927,77972.2,239.314
1777194900000,77972.2,78011.4,77939,77966.1,79.7283
1777195800000,77966.1,77966.1,77879.1,77926.8,185.4333
1777196700000,77926.8,77964.5,77900,77964.4,65.0379
1777197600000,77964.4,78007.8,77904.7,77987.4,259.2169
1777198500000,77987.4,78003.6,77958.8,77966,80.742
1777199400000,77966,77972.6,77924,77940,48.4457
1777200300000,77940,77961.7,77915,77956.2,85.103
1777201200000,77956.2,78048.2,77956.1,78000,132.1337
1777202100000,78000,78107.5,77989.6,78079.9,146.2025
1777203000000,78079.9,78095.6,78019,78027.5,145.6511
1777203900000,78027.5,78081.6,78000,78043.1,68.6861
1777204800000,78043.1,78057.3,77926,77930,109.0295
1777205700000,77930,77973.9,77913.3,77930.4,110.2811
1777206600000,77930.4,77944.3,77902,77902,130.9368
1777207500000,77902,77902.1,77722.6,77786.1,557.8968
1777208400000,77786.1,77888.5,77746.8,77858,231.9173
1777209300000,77858,77895,77764.5,77829.3,120.5033
1777210200000,77829.3,77945,77829.3,77940,372.5036
1777211100000,77940,77945,77864.8,77927.3,113.3749
1777212000000,77927.3,77927.3,77830.5,77911.5,90.5851
1777212900000,77911.5,78123,77884.9,78019.1,461.4653
1777213800000,78019.1,78088,77957.1,78006.7,194.3819
1777214700000,78006.7,78105.8,77945,78046.5,243.3767
1777215600000,78046.5,78082.1,77979.6,78043.7,147.3018
1777216500000,78043.7,78081.9,77950,78058.9,168.0041
1777217400000,78058.9,78068.6,77972.7,77999.1,98.9436
1777218300000,77999.1,78014.4,77950,78005.7,46.1957
1777219200000,78005.7,78025,77950.4,77964.6,107.2674
1777220100000,77964.6,78005.6,77964.5,77999.2,33.6529
1777221000000,77999.2,78042.8,77950.3,77950.4,105.514
1777221900000,77950.4,77992.1,77882.9,77883,97.3341
1777222800000,77883,77976.6,77804,77972.6,199.6262
1777223700000,77972.6,78008.6,77935.1,77970.3,52.8833
1777224600000,77970.3,77984.3,77913,77973,72.5515
1777225500000,77973,78013.9,77957.2,77974.8,98.3341
1777226400000,77974.8,78117.1,77950,78051,324.0875
1777227300000,78051,78310,78024,78130.3,1202.9105
1777228200000,78130.3,78185.3,78090,78163.2,145.1731
1777229100000,78163.2,78247.2,78137.9,78229.3,259.5842
1777230000000,78229.3,78390,78132.3,78345.5,666.5963
1777230900000,78345.5,78464.6,77967.7,78142.4,1321.4995
1777231800000,78142.4,78178.7,78000.7,78138.4,279.8016
1777232700000,78138.4,78240,78127.1,78181.3,106.8956
1777233600000,78181.3,78217.7,78133.2,78133.2,131.4501
1777234500000,78133.2,78191.6,78105.3,78178,152.4091
1777235400000,78178,78342.5,78178,78235.7,338.1684
1777236300000,78235.7,78308.6,78134.7,78144.3,154.1703
1777237200000,78144.3,78243,78138.7,78192.7,53.5858
1777238100000,78192.7,78231.9,78135,78147.3,83.1366
1777239000000,78147.3,78147.3,77907,77942.9,428.7186
1777239900000,77942.9,78889,77800,78366.9,2265.9432
1777240800000,78366.9,78542.5,78312.1,78516.8,723.6692
1777241700000,78516.8,78815.8,78450.1,78474.3,693.5383
1777242600000,78474.3,78474.3,77916.5,78240.7,916.6262
1777243500000,78240.7,78398.4,78215.3,78274.9,287.79
1777244400000,78274.9,78360.6,78216,78311.1,368.4869
1777245300000,78311.1,78424.6,78100.1,78100.1,357.4588
1777246200000,78100.1,78575.3,77996.8,78558.9,1005.1519
1777247100000,78558.9,78858.4,78544.2,78611.8,744.219
1777248000000,78611.8,78832.9,78515.4,78542,772.4643
1777248900000,78542,78613.5,78350,78443.6,421.1736
1777249800000,78443.6,78793.8,78362.6,78769.8,333.1731
1777250700000,78769.8,79435.5,78731.2,79279.4,2208.5909
1777251600000,79279.4,79459,79069.4,79095,1703.8521
1777252500000,79095,79095,78682.7,78870.2,1020.2849
1777253400000,78870.2,79131.5,78807,79016,531.9235
1777254300000,79016,79342.9,79016,79240.5,865.274
1777255200000,79240.5,79270.9,79036.7,79141.9,286.2514
1777256100000,79141.9,79220.5,78989,79083.5,389.6593
1777257000000,79083.5,79210,79000,79037.1,359.8254
1777257900000,79037.1,79165.3,79025.7,79085,148.4671
1777258800000,79085,79214.2,79027.6,79164.6,358.3253
1777259700000,79164.6,79230,79125.3,79202.6,320.3756
1777260600000,79202.6,79276,79128.3,79200,198.9169
1777261500000,79200,79212,79033.3,79064,312.241
1777262400000,79064,79090.5,78960,79013.8,346.0532
1777263300000,79013.8,79089.2,78966.8,79085.1,155.3557
1777264200000,79085.1,79125.3,78990,79027.9,322.3335
1777265100000,79027.9,79047.8,78831.7,78886.6,360.7975
1777266000000,78886.6,78903.3,78358.9,78372.8,1400.3067
1777266900000,78372.8,78385.6,77771.6,77803.1,3196.0672
1777267800000,77803.1,77850,77539.6,77777.1,1586.8445
1777268700000,77777.1,77845,77712.2,77759.9,681.8221
1777269600000,77759.9,77789,77636.5,77701.1,445.2934
1777270500000,77701.1,77850,77665.5,77705,472.5825
1777271400000,77705,77705.1,77424.9,77594.4,787.492
1777272300000,77594.4,77720,77586.8,77680,257.7813
1777273200000,77680,77713.7,77538.7,77617.7,260.8588
1777274100000,77617.7,77712,77538.9,77659.3,250.7032
1777275000000,77659.3,77660,77557.9,77648.4,143.912
1777275900000,77648.4,77712.6,77574.5,77574.5,227.2926
1777276800000,77574.5,77698.1,77559.1,77610,170.2546
1777277700000,77610,77667.2,77536.1,77545.6,206.5541
1777278600000,77545.6,77642.5,77516.8,77590.3,156.4931
1777279500000,77590.3,77791.8,77590.2,77775,672.541
1777280400000,77775,77824.4,77750,77816,198.8188
1777281300000,77816,77818.4,77670,77744,202.3902
1777282200000,77744,77937,77723,77915.9,673.6046
1777283100000,77915.9,77956.3,77862.5,77867.7,212.003
1777284000000,77867.7,77914.1,77766.2,77785.9,270.7655
1777284900000,77785.9,77802.6,77750.1,77777.3,109.4962
1777285800000,77777.3,77896.5,77761.2,77841,123.9786
1777286700000,77841,77870.6,77809.9,77810,70.5759
1777287600000,77810,77847.8,77696.2,77742.3,188.7525
1777288500000,77742.3,77853,77709.1,77822.2,161.3278
1777289400000,77822.2,77852.8,77742,77771.5,81.8208
1777290300000,77771.5,77820,77746.1,77805.4,57.7787
1777291200000,77805.4,77835.1,77693.3,77793,180.0247
1777292100000,77793,77825.3,77670,77712.7,157.4048
1777293000000,77712.7,77745.5,77609.5,77711,251.3413
1777293900000,77711,77744.3,77582.6,77634,256.2887
1777294800000,77634,77742.6,77601.1,77674,368.5977
1777295700000,77674,77759.8,77608,77676.1,266.2393
1777296600000,77676.1,77928.1,77589.4,77813,753.7099
1777297500000,77813,77821.9,77527,77711.5,880.9825
1777298400000,77711.5,77890.8,77634,77824.4,678.7996
1777299300000,77824.4,77886,77780.8,77843.4,394.9463
1777300200000,77843.4,78187.9,77803.2,78139.2,1498.4126
1777301100000,78139.2,78237.7,77750,77780.5,1028.5891
1777302000000,77780.5,77793.3,77250,77340.1,2231.4392
1777302900000,77340.1,77340.4,76513.8,76826.9,4589.9526
1777303800000,76826.9,77067.5,76800,77011.8,1121.3697
1777304700000,77011.8,77019.9,76702.6,76764.1,695.5194
1777305600000,76764.1,76826.8,76617.8,76747.2,793.1717
1777306500000,76747.2,76839.9,76701.4,76718.3,295.9654
1777307400000,76718.3,76792,76568,76569.8,411.606
1777308300000,76569.8,76668.1,76522,76591.9,352.1487
1777309200000,76591.9,76773.6,76590,76671,317.4549
1777310100000,76671,76859.1,76604.6,76805.1,697.2431
1777311000000,76805.1,76903.4,76728.8,76831.6,545.2686
1777311900000,76831.6,76862.8,76669.3,76710.8,314.3245
1777312800000,76710.8,76787.5,76651.8,76719.9,218.8486
1777313700000,76719.9,76823.9,76634.6,76664.2,151.2351
1777314600000,76664.2,76744,76639.6,76736.7,149.302
1777315500000,76736.7,76868.2,76700.6,76794.6,150.38
1777316400000,76794.6,76866.9,76692.1,76844.6,134.5263
1777317300000,76844.6,76862.2,76577.6,76581.3,165.7531
1777318200000,76581.3,76744.7,76414.5,76741.5,953.6615
1777319100000,76741.5,76844.5,76713.9,76844.5,162.8823
1777320000000,76844.5,76966.8,76791.8,76862.8,349.6594
1777320900000,76862.8,76961.4,76862.8,76957.7,90.5716
1777321800000,76957.7,77034.8,76913.9,76947.3,212.2957
1777322700000,76947.3,76968.5,76896.8,76914.6,163.9377
1777323600000,76914.6,76914.6,76788.5,76850,116.0772
1777324500000,76850,76905.4,76806.6,76863.4,71.0381
1777325400000,76863.4,76945,76835.3,76858.6,72.4708
1777326300000,76858.6,76910,76741.3,76741.3,207.8712
1777327200000,76741.3,76870.9,76723.2,76813.1,248.178
1777328100000,76813.1,76941.1,76807.9,76929.6,352.3643
1777329000000,76929.6,77005,76911.3,76958.9,224.3259
1777329900000,76958.9,77041.5,76958.9,77026,170.4439
1777330800000,77026,77044,76966.4,76993.4,130.3276
1777331700000,76993.4,77179,76993.4,77085.7,475.9998
1777332600000,77085.7,77262.3,77084.5,77259.7,371.3824
1777333500000,77259.7,77400,77244.1,77324.5,542.5713
1777334400000,77324.5,77395,77220.8,77275.2,320.4904
1777335300000,77275.2,77395.9,77180,77186.7,244.0977
1777336200000,77186.7,77436.3,77169.6,77356.6,307.129
1777337100000,77356.6,77425,77242.1,77333.1,239.8886
1777338000000,77333.1,77355,77277,77300,95.8417
1777338900000,77300,77300.1,77150.4,77193.7,232.7754
1777339800000,77193.7,77193.7,77041.7,77059.6,324.4943
1777340700000,77059.6,77094.5,76981.6,77049.3,222.6576
1777341600000,77049.3,77184.5,77002.9,77116.9,207.4012
1777342500000,77116.9,77180.4,76951.4,76960.8,265.3324
1777343400000,76960.8,76992.6,76622.5,76666.2,620.0643
1777344300000,76666.2,76868.3,76638.9,76847.1,580.2801
1777345200000,76847.1,76857.8,76627.3,76725.3,917.4975
1777346100000,76725.3,76763.2,76668,76727.3,230.2787
1777347000000,76727.3,76805.9,76714.8,76751.3,113.6782
1777347900000,76751.3,76799.9,76740,76771.3,119.0608
1777348800000,76771.3,76842,76733.4,76842,119.7446
1777349700000,76842,76899.6,76652.3,76754.5,301.4763
1777350600000,76754.5,76844.8,76702.7,76791.9,157.3525
1777351500000,76791.9,76916.4,76791.9,76845.6,243.9581
1777352400000,76845.6,77010,76845.6,76917.5,259.7322
1777353300000,76917.5,77121,76868.5,77024.1,270.5926
1777354200000,77024.1,77036.1,76759.6,76816.1,331.8518
1777355100000,76816.1,76934.9,76814.9,76841.2,131.2761
1777356000000,76841.2,76987.9,76841.1,76955.6,278.0671
1777356900000,76955.6,76955.6,76785.4,76866.4,211.0796
1777357800000,76866.4,76904.5,76532.4,76564.1,702.3161
1777358700000,76564.1,76717.2,76540,76664.1,318.7121
1777359600000,76664.1,76679.3,76513,76513,338.4674
1777360500000,76513,76636.3,76364,76611.2,838.3939
1777361400000,76611.2,76844,76591.2,76810,639.6179
1777362300000,76810,76889.1,76730.8,76835,415.3426
1777363200000,76835,76852,76740.8,76806.9,150.0337
1777364100000,76806.9,76935.5,76801.2,76935.5,301.5309
1777365000000,76935.5,76961.6,76750,76777.9,639.7602
1777365900000,76777.9,76835.2,76704.7,76819.3,226.6519
1777366800000,76819.3,76826.8,76753.1,76793.2,132.0134
1777367700000,76793.2,76799.7,76671,76750.4,127.5486
1777368600000,76750.4,76750.4,76600.9,76620.8,214.0296
1777369500000,76620.8,76626.7,76451.7,76559.2,426.7674
1777370400000,76559.2,76665.2,76475.6,76490,298.5423
1777371300000,76490,76546,76438.7,76485.5,291.4465
1777372200000,76485.5,76592.7,76485.4,76586.1,134.5209
1777373100000,76586.1,76598,76525.8,76581.8,101.8124
1777374000000,76581.8,76609.6,76400.3,76422.9,387.0093
1777374900000,76422.9,76450,76222.6,76309.8,942.4166
1777375800000,76309.8,76316.6,76115.7,76263.4,978.625
1777376700000,76263.4,76269.3,76098.7,76204.9,560.2429
1777377600000,76204.9,76288,76149.4,76248.3,356.7141
1777378500000,76248.3,76339.9,76142.1,76199.4,627.712
1777379400000,76199.4,76297.6,76143.2,76286.3,379.611
1777380300000,76286.3,76396.2,76262.5,76350,402.2517
1777381200000,76350,76350,75921.6,76115.9,1228.8541
1777382100000,76115.9,76235.6,75999.5,76161.5,618.3906
1777383000000,76161.5,76330,76033.1,76235.6,821.5516
1777383900000,76235.6,76381,75997.3,76162.7,778.9848
1777384800000,76162.7,76173.9,75975,76044.8,262.6078
1777385700000,76044.8,76058.6,75732,75800.2,1474.4285
1777386600000,75800.2,75887.7,75612.9,75834,1601.0069
1777387500000,75834,75923.1,75663.7,75923.1,594.7671
1777388400000,75923.1,76046.7,75804.2,75957.9,648.3829
1777389300000,75957.9,76035,75913.8,75991.7,257.7883
1777390200000,75991.7,76033,75850.1,75905.5,299.4716
1777391100000,75905.5,76060.3,75888,76030.9,213.7587
1777392000000,76030.9,76073.7,75926,75987.7,192.9965
1777392900000,75987.7,76005.8,75914.7,75930,130.7978
1777393800000,75930,75987.8,75854,75892.2,134.7381
1777394700000,75892.2,76219.9,75860,76099.5,505.8899
1777395600000,76099.5,76196,75964,76006.5,259.2331
1777396500000,76006.5,76114.1,75926.2,76061.3,171.5421
1777397400000,76061.3,76238.6,76061.3,76153.6,402.603
1777398300000,76153.6,76187.5,76080.6,76153.5,118.4971
1777399200000,76153.5,76235,76095,76102.9,196.1963
1777400100000,76102.9,76266.3,76102.9,76200,233.2942
1777401000000,76200,76215.5,76128.8,76128.8,105.7847
1777401900000,76128.8,76220,76111.1,76203.2,91.9506
1777402800000,76203.2,76203.2,76050,76057.1,142.8238
1777403700000,76057.1,76146.9,76031.2,76140.7,114.9955
1777404600000,76140.7,76297.6,76105.6,76286,167.4702
1777405500000,76286,76350,76228.6,76292.3,347.3273
1777406400000,76292.3,76419,76290.9,76366,355.4464
1777407300000,76366,76371.1,76295.3,76330.9,119.5769
1777408200000,76330.9,76400,76315.2,76380.8,70.861
1777409100000,76380.8,76436.7,76375.9,76428,133.7794
1777410000000,76428,76448.4,76293.4,76324.5,349.0875
1777410900000,76324.5,76341.8,76250,76263.1,188.8153
1777411800000,76263.1,76374.6,76263,76275.5,130.7364
1777412700000,76275.5,76375.6,76225,76321.3,99.583
1777413600000,76321.3,76403,76285.2,76324.6,173.687
1777414500000,76324.6,76337.5,76277.4,76293.1,81.018
1777415400000,76293.1,76329,76250,76252,72.3355
1777416300000,76252,76252.7,76171.6,76204.4,82.2533
1777417200000,76204.4,76305,76150,76305,120.2561
1777418100000,76305,76325,76220.6,76240.2,50.8137
1777419000000,76240.2,76265.5,76205.6,76259,46.8773
1777419900000,76259,76328,76258.9,76300.1,77.1341
1777420800000,76300.1,76348.2,76256.9,76287.5,147.1695
1777421700000,76287.5,76308.5,76228,76273.7,82.2169
1777422600000,76273.7,76380,76243.6,76359.5,114.22
1777423500000,76359.5,76520,76339.6,76464.5,461.2203
1777424400000,76464.5,76494,76259.7,76315.6,283.394
1777425300000,76315.6,76361.2,76166.8,76183.9,377.755
1777426200000,76183.9,76371,76133.2,76363.8,186.5502
1777427100000,76363.8,76633.5,76342.2,76530.1,839.3485
1777428000000,76530.1,76617.3,76465.8,76507.1,311.1985
1777428900000,76507.1,76522.9,76414.3,76417.1,118.1252
1777429800000,76417.1,76431.3,76356.6,76391.3,256.5661
1777430700000,76391.3,76483.6,76381.6,76483.6,77.5754
1777431600000,76483.6,76577.8,76467.5,76577.8,157.7302
1777432500000,76577.8,76859.4,76577.7,76835.3,938.1832
1777433400000,76835.3,77080,76750,77025.2,989.1806
1777434300000,77025.2,77040,76890.8,76949.9,288.5094
1777435200000,76949.9,76967.5,76832,76880,215.8521
1777436100000,76880,77021.5,76880,76993.8,259.5431
1777437000000,76993.8,77412,76967.8,77262.1,1752.2364
1777437900000,77262.1,77317.9,77191.6,77217.2,542.8011
1777438800000,77217.2,77254.6,77143.9,77170.5,321.7601
1777439700000,77170.5,77220,77139,77220,168.37
1777440600000,77220,77256.9,77161,77189.9,193.6856
1777441500000,77189.9,77277.3,77189.9,77238.8,259.8843
1777442400000,77238.8,77281.5,77138.6,77173.1,333.1786
1777443300000,77173.1,77175,77028.8,77040.3,385.822
1777444200000,77040.3,77063.8,76966.9,76967,310.7481
1777445100000,76967,77017,76885.4,76974.1,610.3404
1777446000000,76974.1,77047.4,76953.5,77043.7,246.9344
1777446900000,77043.7,77058.8,76981.1,77009.1,148.9409
1777447800000,77009.1,77139,77009.1,77076.6,347.0169
1777448700000,77076.6,77076.7,76962.1,76999.8,187.3961
1777449600000,76999.8,77038.3,76933.3,76980.8,159.771
1777450500000,76980.8,77107.4,76969.6,77052.1,161.1269
1777451400000,77052.1,77052.1,76913.7,77013.7,143.4925
1777452300000,77013.7,77026.3,76977.5,76998,121.666
1777453200000,76998,77026.8,76916,77016.8,159.1073
1777454100000,77016.8,77094.4,77003,77078.8,144.6418
1777455000000,77078.8,77243.2,77075,77200.9,390.5477
1777455900000,77200.9,77750,77193.2,77595.9,2154.4031
1777456800000,77595.9,77759.9,77588,77667.9,547.1336
1777457700000,77667.9,77864.1,77652.6,77834.3,555.2105
1777458600000,77834.3,77847,77510,77513.8,617.9724
1777459500000,77513.8,77615,77504.9,77566.4,202.1891
1777460400000,77566.4,77627.9,77464.1,77527.6,326.4476
1777461300000,77527.6,77551.1,77433,77461.9,198.875
1777462200000,77461.9,77627.6,77452.2,77525.7,225.0187
1777463100000,77525.7,77638.8,77494.3,77543.5,162.3671
1777464000000,77543.5,77555.8,77250,77278.4,690.5543
1777464900000,77278.4,77381.8,76935.8,77109.5,1517.0991
1777465800000,77109.5,77141.5,76950,77122.4,529.9384
1777466700000,77122.4,77181.6,77092.2,77102.4,302.2974
1777467600000,77102.4,77173.4,77029.3,77139.7,181.5341
1777468500000,77139.7,77212.7,76822,76894,778.9462
1777469400000,76894,76894,76530,76530.1,1587.6942
1777470300000,76530.1,76847,76374.4,76747.5,1227.8457
1777471200000,76747.5,76756.8,76502.9,76562.6,750.9706
1777472100000,76562.6,76743.2,76483.5,76689.5,352.3795
1777473000000,76689.5,76842.9,76550,76574.1,591.6631
1777473900000,76574.1,76629.8,76454.8,76541.2,380.9929
1777474800000,76541.2,76610.2,76097.5,76226.7,1337.7031
1777475700000,76226.7,76346.4,76161.2,76205.8,567.552
1777476600000,76205.8,76313.7,75940.2,75958.2,930.3397
1777477500000,75958.2,76010,75675.8,75901.9,1436.8469
1777478400000,75901.9,76116,75815,76003.8,655.4189
1777479300000,76003.8,76093.4,75650.3,75815.7,1176.827
1777480200000,75815.7,75892.6,75700.3,75864.6,452.9516
1777481100000,75864.6,75887.8,75678,75783.4,268.5884
1777482000000,75783.4,75988,75783.3,75906.1,358.5522
1777482900000,75906.1,76096.3,75772.7,75866.7,462.8805
1777483800000,75866.7,75993.6,75855,75993.6,180.197
1777484700000,75993.6,76157.9,75906,76152.7,366.1119
1777485600000,76152.7,76230.1,74904,75162.9,3443.5495
1777486500000,75162.9,75364.5,75049,75120.6,949.9098
1777487400000,75120.6,75333,74911.2,75207.7,923.8535
1777488300000,75207.7,75488,75188.5,75478.1,576.6295
1777489200000,75478.1,75549,75336.6,75533.1,341.7413
1777490100000,75533.1,75574,75418.9,75492.7,305.1407
1777491000000,75492.7,75492.8,75264.8,75398.3,252.7999
1777491900000,75398.3,75537.4,75395.1,75531,219.6752
1777492800000,75531,75694.9,75455,75496.1,1058.5972
1777493700000,75496.1,75661.5,75488,75647.3,175.6234
1777494600000,75647.3,75829.3,75550.4,75735.8,516.9128
1777495500000,75735.8,75823.8,75629,75640.1,275.1962
1777496400000,75640.1,75818.3,75571,75757.1,209.3026
1777497300000,75757.1,75873.3,75757.1,75794,218.8863
1777498200000,75794,75942.8,75758,75910.1,168.6231
1777499100000,75910.1,76068.3,75893,75893,321.5115
1777500000000,75893,75943.1,75805.9,75937.8,195.9384
1777500900000,75937.8,75977,75783.3,75808.8,173.6251
1777501800000,75808.8,75939.8,75808.4,75936.8,84.8789
1777502700000,75936.8,75936.9,75855.4,75893,82.875
1777503600000,75893,75959.6,75823,75949.9,125.4601
1777504500000,75949.9,75953.2,75634.2,75736.6,331.3921
1777505400000,75736.6,75838,75736,75832,193.8734
1777506300000,75832,75851.4,75736.4,75753.7,87.6609
1777507200000,75753.7,75834.8,75673.8,75683,184.1127
1777508100000,75683,75788.8,75618,75788.7,188.3279
1777509000000,75788.7,76150,75788.7,76062.2,568.2676
1777509900000,76062.2,76316.6,76062.2,76207.9,654.0628
1777510800000,76207.9,76342.4,76142.1,76192.5,303.0867
1777511700000,76192.5,76377.4,76140,76314.9,220.7738
1777512600000,76314.9,76376.8,76190.5,76302.5,284.3362
1777513500000,76302.5,76441.1,76175.9,76196.9,504.5879
1777514400000,76196.9,76315.6,76196.9,76276.3,239.1231
1777515300000,76276.3,76303.7,76062.3,76086.2,340.8705
1777516200000,76086.2,76086.3,75447,75580,1528.5206
1777517100000,75580,75724.4,75514.2,75662.1,504.3343
1777518000000,75662.1,75828.3,75620.4,75791,369.6088
1777518900000,75791,75872.7,75729.1,75845.2,238.6265
1777519800000,75845.2,75948,75800.8,75908.7,175.2755
1777520700000,75908.7,75949.9,75859.4,75885,157.2873
1777521600000,75885,75927.9,75657.5,75751.6,303.1178
1777522500000,75751.6,75771.6,75625,75638.6,178.1853
1777523400000,75638.6,75652.3,75358.3,75382.7,601.5248
1777524300000,75382.7,75512.4,75379.7,75455.9,363.9478
1777525200000,75455.9,75594.9,75434.6,75576.9,247.9008
1777526100000,75576.9,75594.5,75265.6,75395,471.605
1777527000000,75395,75725.4,75395,75674.9,453.3637
1777527900000,75674.9,75700,75559.9,75569.9,321.5738
1777528800000,75569.9,75654.2,75540.1,75561.4,152.2185
1777529700000,75561.4,75665.2,75561.3,75648.5,243.985
1777530600000,75648.5,75835.8,75648.5,75709.9,305.0599
1777531500000,75709.9,75758.6,75671.1,75720.9,101.986
1777532400000,75720.9,75812.9,75680.8,75777.1,176.81
1777533300000,75777.1,75867.1,75740.7,75853.4,154.927
1777534200000,75853.4,76045.3,75853.3,76043.5,418.9229
1777535100000,76043.5,76143.8,76027,76123.8,502.7879
1777536000000,76123.8,76169,76027,76045.9,342.8845
1777536900000,76045.9,76121.5,75977.9,76036.8,264.629
1777537800000,76036.8,76104.6,76007.3,76093,100.3252
1777538700000,76093,76106.2,76008,76019.3,166.4958
1777539600000,76019.3,76068,75979.9,76045.2,132.1508
1777540500000,76045.2,76187.9,75965.8,76186,415.1507
1777541400000,76186,76310.5,76036,76036.1,414.1251
1777542300000,76036.1,76161,76035.1,76060.3,134.8957
1777543200000,76060.3,76129.9,75998.7,76005.8,137.4405
1777544100000,76005.8,76034.1,75935.3,75940,208.5764
1777545000000,75940,76082.7,75940,76006.2,258.7537
1777545900000,76006.2,76035.6,75956.3,75992.5,79.89
1777546800000,75992.5,76220.9,75992.5,76108,307.9676
1777547700000,76108,76156.6,76050,76070.1,91.1873
1777548600000,76070.1,76098.2,75849.9,75890.5,404.9339
1777549500000,75890.5,76059.5,75831.7,76025.6,323.5233
1777550400000,76025.6,76133.8,76002.6,76105.3,162.2198
1777551300000,76105.3,76331,76098.3,76290.6,527.9399
1777552200000,76290.6,76365.2,76196.2,76196.3,397.8159
1777553100000,76196.3,76362.1,76195,76254.2,235.3453
1777554000000,76254.2,76317.5,76208.9,76265.2,318.9639
1777554900000,76265.2,76299.9,76110.7,76146,231.5934
1777555800000,76146,76599.7,76060.6,76580,1276.1388
1777556700000,76580,76631.3,76356.6,76368.3,731.1497
1777557600000,76368.3,76543.5,76229.9,76319,543.5222
1777558500000,76319,76328,76042.1,76310.1,709.3801
1777559400000,76310.1,76517.7,76162.5,76299.6,624.043
1777560300000,76299.6,76429.4,76220.8,76256.9,340.4964
1777561200000,76256.9,76400,76110.9,76388.1,298.3784
1777562100000,76388.1,76463,76324.1,76463,213.0949
1777563000000,76463,76613.7,76322.8,76424.4,545.4094
1777563900000,76424.4,76488,76280,76421.4,205.7206
1777564800000,76421.4,76449.4,76309,76428.1,241.9809
1777565700000,76428.1,76428.1,76246,76313.7,155.5669
1777566600000,76313.7,76377,76274.2,76302.1,96.0156
1777567500000,76302.1,76339.8,76175.7,76214.3,159.6315
1777568400000,76214.3,76285.8,76161.4,76173.2,196.321
1777569300000,76173.2,76173.2,76061,76103.9,242.0623
1777570200000,76103.9,76227.2,76093,76118.4,154.034
1777571100000,76118.4,76256.9,76118.3,76200.2,115.426
1777572000000,76200.2,76332.8,76200,76223.1,145.4518
1777572900000,76223.1,76436.4,76223,76240.2,196.7124
1777573800000,76240.2,76366,76156.2,76349.7,141.5799
1777574700000,76349.7,76429.6,76300.5,76300.6,86.4374
1777575600000,76300.6,76446.8,76263.4,76404.8,244.4695
1777576500000,76404.8,76463.4,76369.8,76427.6,65.4123
1777577400000,76427.6,76466.6,76369,76393.5,100.2113
1777578300000,76393.5,76418,76322.7,76361.6,126.4464
1777579200000,76361.6,76431,76310,76402.2,101.16
1777580100000,76402.2,76520.1,76264.9,76423.8,189.5104
1777581000000,76423.8,76493.8,76392.8,76471.6,91.2758
1777581900000,76471.6,76525.8,76441.2,76451.4,93.7823
1777582800000,76451.4,76492.8,76406.9,76449,59.8436
1777583700000,76449,76449,76281.9,76296.2,142.0453
1777584600000,76296.2,76417.1,76296.2,76347.4,70.5853
1777585500000,76347.4,76347.4,76185.6,76200.1,110.3989
1777586400000,76200.1,76325.7,76192.2,76325.7,105.6375
1777587300000,76325.7,76405.9,76315.3,76390.1,54.2384
1777588200000,76390.1,76401,76230,76292.4,70.1653
1777589100000,76292.4,76334,76161.8,76199.4,66.6451
1777590000000,76199.4,76281.8,76178.2,76263.8,91.8335
1777590900000,76263.8,76298.4,76245,76292.9,67.0059
1777591800000,76292.9,76342.7,76274.1,76284.4,65.9975
1777592700000,76284.4,76342.8,76257.4,76305.7,71.0968
1777593600000,76305.7,76466.6,76271.1,76428.2,178.5382
1777594500000,76428.2,76530,76422.1,76482.5,122.8621
1777595400000,76482.5,76514.8,76405.4,76484.8,178.0387
1777596300000,76484.8,76550.3,76351.1,76417.1,133.5308
1777597200000,76417.1,76547.4,76396.6,76515.5,103.1952
1777598100000,76515.5,76580,76477.5,76496.4,166.8434
1777599000000,76496.4,76596.8,76480.5,76575.2,96.1142
1777599900000,76575.2,76726.6,76567.7,76639.4,570.8224
1777600800000,76639.4,76699.8,76566.5,76624.7,165.3467
1777601700000,76624.7,76678.8,76550,76578.5,102.652
1777602600000,76578.5,76590,76512.9,76540.3,83.8874
1777603500000,76540.3,76572.9,76486,76549.9,97.105
1777604400000,76549.9,76655,76503.9,76650.8,174.7019
1777605300000,76650.8,77400,76650.8,77143.8,2529.7135
1777606200000,77143.8,77243.5,77023,77104.9,566.9229
1777607100000,77104.9,77159.8,77023,77076.7,341.4948
1777608000000,77076.7,77135,77020.1,77062.9,184.2743
1777608900000,77062.9,77154.3,76901.8,76974,785.5052
1777609800000,76974,77047,76951.9,77042.1,166.4265
1777610700000,77042.1,77060,76988.5,76994.2,184.2245
1777611600000,76994.2,77144,76980.4,77090.3,146.7842
1777612500000,77090.3,77098.2,77011.2,77034.1,111.2126
1777613400000,77034.1,77082.2,77012.8,77082.2,115.8664
1777614300000,77082.2,77123,77068.9,77122.9,138.2134
1777615200000,77122.9,77123,77035.6,77089.1,140.6437
1777616100000,77089.1,77123,77064.8,77103,150.9298
1777617000000,77103,77120,76907.9,77018.5,277.7309
1777617900000,77018.5,77072.7,76805.2,76951.3,441.3241
1777618800000,76951.3,77050,76915.2,76998,212.3366
1777619700000,76998,77065.3,76947,76962.1,246.1809
1777620600000,76962.1,77015,76917.2,76959.8,152.3658
1777621500000,76959.8,77107.7,76959.8,77092.9,181.1863
1777622400000,77092.9,77217.3,77000.5,77211.2,449.1844
1777623300000,77211.2,77463.1,77183.3,77390,1159.025
1777624200000,77390,77419.9,77307.6,77318.9,385.5871
1777625100000,77318.9,77331.9,77302.5,77320.2,131.347
1777626000000,77320.2,77338,77218.3,77284.6,382.8849
1777626900000,77284.6,77332,77244.5,77294.3,152.6551
1777627800000,77294.3,77294.3,77215,77226,175.3799
1777628700000,77226,77228.5,77150,77228.5,178.5421
1777629600000,77228.5,77228.5,77100,77118,182.1618
1777630500000,77118,77389,77118,77303.1,407.8873
1777631400000,77303.1,77325.2,77203,77203.1,102.4261
1777632300000,77203.1,77270.8,77203,77253.3,66.7394
1777633200000,77253.3,77287.9,77213.2,77278.2,96.9325
1777634100000,77278.2,77550,77260.3,77328.4,837.3924
1777635000000,77328.4,77375.1,77298,77359,140.9844
1777635900000,77359,77415,77289.4,77409,112.9283
1777636800000,77409,77635,77350.1,77502.2,618.9433
1777637700000,77502.2,77750,77486.9,77703.6,1071.5684
1777638600000,77703.6,78138,77697.8,77902.1,2588.8661
1777639500000,77902.1,77997.7,77836.5,77840.5,500.3714
1777640400000,77840.5,78395.5,77840.5,78300,2171.1775
1777641300000,78300,78352.7,78177,78236,1135.5036
1777642200000,78236,78488,78080.1,78205.1,1996.5186
1777643100000,78205.1,78880,78120,78688.6,2352.7646
1777644000000,78688.6,78835.4,78526.3,78622.8,1004.8626
1777644900000,78622.8,78661.5,78126.9,78227.9,1255.6353
1777645800000,78227.9,78258.2,77997.9,78144.9,857.2608
1777646700000,78144.9,78402.3,78101,78306.9,488.288
1777647600000,78306.9,78427.7,78130,78407.6,561.6673
1777648500000,78407.6,78555.5,78365.1,78489.9,463.1018
1777649400000,78489.9,78702.7,78472.4,78608.2,694.951
1777650300000,78608.2,78634,78125,78388.8,1053.6862
1777651200000,78388.8,78636.6,78337,78337,586.8092
1777652100000,78337,78431,78112.8,78286.4,776.5155
1777653000000,78286.4,78340,78118.4,78233.7,416.4407
1777653900000,78233.7,78312.6,78121,78166.7,330.598
1777654800000,78166.7,78282.8,78073,78282.8,223.429
1777655700000,78282.8,78303.8,78137.1,78200,173.0654
1777656600000,78200,78518.2,78143.4,78400,411.7997
1777657500000,78400,78548.3,78367.1,78502.9,219.4131
1777658400000,78502.9,78595.9,78422.9,78476.6,256.6608
1777659300000,78476.6,78584.1,78426.5,78546.2,165.1172
1777660200000,78546.2,78546.2,78367.2,78386.7,219.9758
1777661100000,78386.7,78468.2,78322.7,78383.4,92.3946
1777662000000,78383.4,78494.9,78360.3,78438.9,67.4652
1777662900000,78438.9,78455.8,78292.2,78363.4,166.5226
1777663800000,78363.4,78372.7,78265,78287.7,142.4494
1777664700000,78287.7,78416.7,78282.8,78309.9,89.1088
1777665600000,78309.9,78375.3,78242.4,78246.6,107.0823
1777666500000,78246.6,78259.3,78040.1,78103.5,383.1101
1777667400000,78103.5,78135.9,77901.1,77945.3,379.8866
1777668300000,77945.3,77988.2,77709.8,77834.4,599.4313
1777669200000,77834.4,77944.4,77811.8,77918.1,218.8564
1777670100000,77918.1,78026.7,77884.2,77975.4,159.9701
1777671000000,77975.4,78147.3,77970.7,78081.8,272.2461
1777671900000,78081.8,78160.5,78068.2,78160.5,64.3673
1777672800000,78160.5,78274.6,78160.5,78234.8,181.0192
1777673700000,78234.8,78369.9,78234.8,78294.9,164.1138
1777674600000,78294.9,78320,78173.3,78220.9,76.9543
1777675500000,78220.9,78220.9,78090,78104.3,126.2104
1777676400000,78104.3,78147.5,78055,78069.8,143.1797
1777677300000,78069.8,78101.1,77982.2,78000.3,114.6826
1777678200000,78000.3,78100,78000,78060.7,80.6304
1777679100000,78060.7,78211,78060.6,78189.7,139.1651
1777680000000,78189.7,78256,78148.3,78156.4,118.3982
1777680900000,78156.4,78320,78114,78228.4,128.4384
1777681800000,78228.4,78300,78198,78281.9,89.577
1777682700000,78281.9,78354.7,78239.7,78299.9,116.2711
1777683600000,78299.9,78352.9,78244,78332.6,171.2949
1777684500000,78332.6,78332.7,78257.6,78300,77.8876
1777685400000,78300,78402.6,78274.7,78331.1,142.0791
1777686300000,78331.1,78331.1,78251.4,78300,133.6628
1777687200000,78300,78316.7,78234.1,78246.2,69.9185
1777688100000,78246.2,78297,78208.1,78219.9,62.2688
1777689000000,78219.9,78359.2,78211.9,78322.4,116.1368
1777689900000,78322.4,78495.2,78313.8,78317.5,228.2509
1777690800000,78317.5,78349.6,78196.5,78231.1,139.3363
1777691700000,78231.1,78371.7,78196,78345.1,93.6831
1777692600000,78345.1,78489,78325.1,78355.4,116.997
1777693500000,78355.4,78433.8,78319.9,78372,125.749
1777694400000,78372,78416,78224.3,78256.1,213.7179
1777695300000,78256.1,78264.4,78216.4,78235.7,91.6546
1777696200000,78235.7,78254.1,78135.1,78187.7,166.5525
1777697100000,78187.7,78196.2,78063.3,78144.5,264.1746
1777698000000,78144.5,78153.4,78020.9,78056.7,214.3653
1777698900000,78056.7,78093.6,77988,78072.4,202.2589
1777699800000,78072.4,78172.6,78072.3,78158.2,203.578
1777700700000,78158.2,78205,78145.2,78145.3,112.5256
1777701600000,78145.3,78250.8,78145.2,78150,124.4226
1777702500000,78150,78188.9,78104.4,78112,77.1849
1777703400000,78112,78199,78110,78193.1,59.5811
1777704300000,78193.1,78345.4,78193.1,78290,259.0798
1777705200000,78290,78314.4,78266.1,78282.6,105.0093
1777706100000,78282.6,78305,78273.3,78280,74.952
1777707000000,78280,78287.1,78179.5,78196.8,92.4489
1777707900000,78196.8,78215.8,78170,78189.4,64.671
1777708800000,78189.4,78229.3,78120.5,78224.3,216.4078
1777709700000,78224.3,78257.3,78196.2,78241.6,83.7202
1777710600000,78241.6,78312,78241.5,78290.1,169.8912
1777711500000,78290.1,78320,78251.2,78280.7,120.8439
1777712400000,78280.7,78295,78256.7,78267.1,51.7883
1777713300000,78267.1,78311.6,78267.1,78270.3,47.2839
1777714200000,78270.3,78363.5,78175,78274.4,274.0635
1777715100000,78274.4,78288,78246.6,78254.6,51.4759
1777716000000,78254.6,78283.7,78222.1,78254.9,151.4654
1777716900000,78254.9,78270.6,78192.8,78214.4,75.0106
1777717800000,78214.4,78233.5,78183.3,78212.8,59.835
1777718700000,78212.8,78236.1,78189.9,78209.8,92.968
1777719600000,78209.8,78209.8,78123,78137.3,181.5551
1777720500000,78137.3,78200,78135,78178.5,110.5996
1777721400000,78178.5,78178.6,78085.3,78140.6,109.8453
1777722300000,78140.6,78140.7,78059.6,78108.9,135.2769
1777723200000,78108.9,78131.7,78068.1,78104.1,104.716
1777724100000,78104.1,78230,78104,78214,183.8083
1777725000000,78214,78231.7,78152.5,78193.1,139.1055
1777725900000,78193.1,78193.1,78146.6,78174.9,48.1757
1777726800000,78174.9,78400,78174.9,78349.9,413.4368
1777727700000,78349.9,78349.9,78265.7,78266.7,102.9359
1777728600000,78266.7,78332.2,78266.6,78327.6,84.5089
1777729500000,78327.6,78362.1,78282.4,78327.7,83.9896
1777730400000,78327.7,78359.9,78275.3,78275.4,92.538
1777731300000,78275.4,78473.4,78275,78383.3,176.7454
1777732200000,78383.3,78424.3,78337.6,78359.6,107.4724
1777733100000,78359.6,78447.1,78359.6,78381.8,76.6608
1777734000000,78381.8,78448.3,78378.1,78395.6,51.9084
1777734900000,78395.6,78395.6,78319.6,78336.4,95.6551
1777735800000,78336.4,78408.4,78330,78400.1,72.0374
1777736700000,78400.1,78447.2,78370.8,78445.5,80.6399
1777737600000,78445.5,78530.7,78417.4,78504.2,318.8162
1777738500000,78504.2,78569.5,78459.1,78468.8,254.9493
1777739400000,78468.8,78468.8,78386.3,78386.3,113.8878
1777740300000,78386.3,78459.2,78386.3,78416.8,54.2572
1777741200000,78416.8,78421.2,78373.1,78392.8,55.0797
1777742100000,78392.8,78414.1,78374.6,78389.9,23.9757
1777743000000,78389.9,78447,78383.6,78383.7,84.3863
1777743900000,78383.7,78393,78326,78360.9,130.2542
1777744800000,78360.9,78360.9,78270.5,78276.2,124.0762
1777745700000,78276.2,78359.9,78268.2,78354.2,156.2125
1777746600000,78354.2,78416.5,78354.1,78372.1,37.5236
1777747500000,78372.1,78458.3,78370.7,78424.3,50.4509
1777748400000,78424.3,78473.4,78401.4,78431.7,59.9898
1777749300000,78431.7,78438.8,78401.3,78413.4,37.0835
1777750200000,78413.4,78486.4,78404.4,78456.7,37.8771
1777751100000,78456.7,78458.2,78415.7,78447.4,27.2503
1777752000000,78447.4,78447.5,78391.1,78393.9,63.523
1777752900000,78393.9,78400.4,78380.4,78388.9,39.1142
1777753800000,78388.9,78437.3,78387.8,78394.8,53.3569
1777754700000,78394.8,78416.3,78373,78410.2,36.9618
1777755600000,78410.2,78479.1,78402.7,78402.8,127.2228
1777756500000,78402.8,78460.1,78400.1,78457.1,64.1596
1777757400000,78457.1,79176.3,78457,78773.7,2103.8031
1777758300000,78773.7,78878,78682.4,78692.8,441.4978
1777759200000,78692.8,78772.3,78621.5,78739.7,258.5971
1777760100000,78739.7,78746.4,78567,78593.3,180.4618
1777761000000,78593.3,78718.6,78587.9,78623,353.4901
1777761900000,78623,78844.3,78623,78794.6,303.5175
1777762800000,78794.6,78794.7,78647.2,78698.7,100.972
1777763700000,78698.7,78772.2,78683.8,78769.9,96.0267
1777764600000,78769.9,78791.6,78650.5,78650.6,131.8312
1777765500000,78650.6,78675.4,78592.2,78654.2,126.7028
1777766400000,78654.2,78729,78507.5,78538.8,276.1595
1777767300000,78538.8,78604.8,78444.6,78598.4,329.1981
1777768200000,78598.4,78648.3,78577.4,78599.8,89.4279
1777769100000,78599.8,78616,78450.5,78510.5,203.6965
1777770000000,78510.5,78510.5,78214,78327.3,557.2871
1777770900000,78327.3,78358.8,78176.8,78247.8,313.1068
1777771800000,78247.8,78247.8,78108.1,78198,241.9933
1777772700000,78198,78253.5,78180,78205.1,145.1006
1777773600000,78205.1,78272.2,78074.6,78156,543.1555
1777774500000,78156,78166.6,78062.8,78070,365.5014
1777775400000,78070,78136.6,78068.3,78080.1,145.208
1777776300000,78080.1,78163.4,78076,78134.4,145.0862
1777777200000,78134.4,78152,78090.5,78092.8,145.7613
1777778100000,78092.8,78109,78063.3,78069,150.8326
1777779000000,78069,78177,78069,78093.2,118.483
1777779900000,78093.2,78180,78093.2,78158.3,100.4768
1777780800000,78158.3,78168.9,78070.6,78107.8,162.117
1777781700000,78107.8,78198.9,78106.8,78184.5,108.5267
1777782600000,78184.5,78198.9,78143.5,78147.6,105.7181
1777783500000,78147.6,78157.4,78103.1,78130,69.3698
1777784400000,78130,78224.9,78120.5,78204.4,100.2884
1777785300000,78204.4,78213.9,78179.9,78180.1,41.7726
1777786200000,78180.1,78194.1,78165.3,78165.3,43.0403
1777787100000,78165.3,78217.2,78159.9,78205,34.4242
1777788000000,78205,78205.1,78105.9,78105.9,174.495
1777788900000,78105.9,78122,78038.2,78069.3,192.3534
1777789800000,78069.3,78133.5,78069.3,78109,94.0721
1777790700000,78109,78321,78108.9,78251.1,345.1708
1777791600000,78251.1,78407.1,78251,78309.2,359.0744
1777792500000,78309.2,78407.1,78297.5,78366.1,182.1551
1777793400000,78366.1,78404.5,78335.5,78335.5,188.297
1777794300000,78335.5,78361,78314.9,78323,180.1128
1777795200000,78323,78463,78322.9,78409.5,269.4173
1777796100000,78409.5,78442.7,78373.1,78379.5,245.6573
1777797000000,78379.5,78408.3,78343.1,78405.9,105.6999
1777797900000,78405.9,78425.3,78345.2,78345.2,70.6508
1777798800000,78345.2,78409.9,78306.6,78365.3,149.101
1777799700000,78365.3,78489.5,78359.8,78457.9,217.496
1777800600000,78457.9,78583.8,78411.9,78474.1,337.6719
1777801500000,78474.1,78519.4,78448,78496.6,131.1566
1777802400000,78496.6,78499.4,78390,78457,81.9829
1777803300000,78457,78461,78390.5,78390.6,63.7489
1777804200000,78390.6,78439.9,78390.5,78410.1,78.3759
1777805100000,78410.1,78410.1,78367.6,78368.7,80.4696
1777806000000,78368.7,78520,78343.4,78481.4,252.0172
1777806900000,78481.4,78495.9,78458.6,78472.2,49.1592
1777807800000,78472.2,78725,78472.2,78675.7,511.3531
1777808700000,78675.7,78813,78600.9,78622.7,674.0665
1777809600000,78622.7,78842.4,78622.6,78810.3,418.5653
1777810500000,78810.3,78823.7,78710,78733.3,239.3538
1777811400000,78733.3,78764.4,78647.9,78747.3,310.8088
1777812300000,78747.3,78798.5,78677.1,78710.9,116.3891
1777813200000,78710.9,78732.1,78670,78707.9,132.8791
1777814100000,78707.9,78708,78551.4,78603.4,297.8936
1777815000000,78603.4,78667.5,78546.5,78583.2,191.6597
1777815900000,78583.2,78663.2,78570,78634.9,126.1355
1777816800000,78634.9,78751.4,78626,78694.3,213.4847
1777817700000,78694.3,78729.6,78575.8,78653.7,166.4104
1777818600000,78653.7,78686.4,78630,78675.7,77.5785
1777819500000,78675.7,78749.1,78620.4,78700.1,187.3546
1777820400000,78700.1,78784.2,78686.2,78700.3,230.9616
1777821300000,78700.3,78738.4,78679.1,78728.6,75.8988
1777822200000,78728.6,78770.2,78622,78652.9,295.8775
1777823100000,78652.9,78675,78586,78629,117.7983
1777824000000,78629,78661.7,78575.2,78584.6,114.775
1777824900000,78584.6,78630.6,78554.3,78627,96.746
1777825800000,78627,78749.2,78626.9,78685.6,133.4305
1777826700000,78685.6,78700,78616.4,78628.7,53.7848
1777827600000,78628.7,78689,78518.1,78652.1,224.0708
1777828500000,78652.1,78766,78652.1,78689.2,214.4359
1777829400000,78689.2,78792.5,78683.4,78765.7,146.4392
1777830300000,78765.7,78765.7,78680.4,78690,96.6524
1777831200000,78690,78705,78622.7,78629.2,122.2908
1777832100000,78629.2,78720,78581.9,78690.1,103.345
1777833000000,78690.1,78690.1,78638.2,78644.3,54.0414
1777833900000,78644.3,78722.4,78642.8,78700,41.3791
1777834800000,78700,78727.5,78655.2,78672.4,46.551
1777835700000,78672.4,78684.9,78636,78642.3,52.5987
1777836600000,78642.3,78816.6,78642.2,78766.5,202.5898
1777837500000,78766.5,78788.3,78721.6,78730,134.6459
1777838400000,78730,78765.2,78690,78703.2,58.6449
1777839300000,78703.2,78978.7,78691.2,78882,639.8933
1777840200000,78882,79251.2,78860.6,78968.7,1201.0954
1777841100000,78968.7,78978.5,78796.8,78883.9,234.4112
1777842000000,78883.9,79030.1,78816.3,78969.9,294.8952
1777842900000,78969.9,78975.8,78875.8,78876.3,105.0998
1777843800000,78876.3,78894.5,78622,78666.5,284.6352
1777844700000,78666.5,78811.8,78608.8,78792.9,259.9185
1777845600000,78792.9,79350,78792.9,79229.8,1146.7193
1777846500000,79229.8,79412.3,78922,79042.2,960.5261
1777847400000,79042.2,79285,78942.9,79230.9,246.0455
1777848300000,79230.9,79343,79113.6,79132.2,260.2299
1777849200000,79132.2,79249.9,79003,79037.2,328.2765
1777850100000,79037.2,79049.3,78563.9,78613.8,628.4704
1777851000000,78613.8,78694.7,78541.3,78550.5,422.0273
1777851900000,78550.5,78558.7,78439.5,78529.4,481.6432
1777852800000,78529.4,78529.4,78368.5,78466.1,433.1573
1777853700000,78466.1,78487.6,78237.2,78316.1,592.5131
1777854600000,78316.1,78413.7,78290.3,78358.4,244.1916
1777855500000,78358.4,78526.1,78358.4,78508.6,325.0723
1777856400000,78508.6,78550,78362.5,78413.3,292.4567
1777857300000,78413.3,78576.9,78378,78566.6,253.6843
1777858200000,78566.6,79119.5,78555.5,78751,1132.9552
1777859100000,78751,79829,78750.9,79745.4,3399.1837
1777860000000,79745.4,80165.8,79500.6,79898.3,2456.5061
1777860900000,79898.3,79912.5,79574.1,79667.9,711.5313
1777861800000,79667.9,80297.7,79667.9,80114,1570.2508
1777862700000,80114,80387.8,79975.3,80123,1030.9854
1777863600000,80123,80414.2,79915.1,80326.9,1055.1178
1777864500000,80326.9,80333,80001.4,80068.2,593.9368
1777865400000,80068.2,80099,79864.2,79952.1,396.7724
1777866300000,79952.1,80275.6,79917,80269.7,502.1322
1777867200000,80269.7,80437.7,80263.4,80379.2,651.2225
1777868100000,80379.2,80580.2,80185,80293.6,1397.4568
1777869000000,80293.6,80385.7,80238.9,80292,321.39
1777869900000,80292,80344.3,80180,80280,450.7261
1777870800000,80280,80350,80059.8,80097.7,607.8136
1777871700000,80097.7,80107.1,79901.4,79950,485.8717
1777872600000,79950,80066.3,79915,80037.2,287.9584
1777873500000,80037.2,80037.3,79948.1,79976.6,103.0901
1777874400000,79976.6,80005.4,79859.3,79861,246.3895
1777875300000,79861,79864.4,79441.2,79661.2,1042.0866
1777876200000,79661.2,79735,79600,79718.9,367.5797
1777877100000,79718.9,79935,79718.9,79823.7,515.5186
1777878000000,79823.7,79903,79761.9,79852.3,226.9495
1777878900000,79852.3,79882.5,79778.6,79809.4,121.002
1777879800000,79809.4,79831,79644.1,79815.8,340.3649
1777880700000,79815.8,79864.3,79631.7,79663,376.3067
1777881600000,79663,79756.9,79550,79756.9,400.5817
1777882500000,79756.9,79771,79582.9,79697.7,528.0273
1777883400000,79697.7,79741.7,79653.2,79673.4,131.3777
1777884300000,79673.4,79727.8,79580,79669.9,203.1913
1777885200000,79669.9,79752.9,79602,79688.7,231.3632
1777886100000,79688.7,79790,79682.6,79690.3,237.9204
1777887000000,79690.3,79850,79651.5,79819.5,324.4646
1777887900000,79819.5,79892.9,79755.1,79793.7,190.4842
1777888800000,79793.7,79842.3,78560,78717.2,3841.1262
1777889700000,78717.2,78734,78161.3,78471.8,3688.4064
1777890600000,78471.8,79000,78415.8,78888.9,2098.2337
1777891500000,78888.9,79067.6,78785.6,78896,934.3377
1777892400000,78896,79048.5,78852.6,79002,665.9352
1777893300000,79002,79085.9,78870.1,78909.9,452.9793
1777894200000,78909.9,78910,78660.8,78696.5,546.838
1777895100000,78696.5,78826.9,78688.8,78756.4,230.0123
1777896000000,78756.4,78812.5,78670.3,78765.9,340.3066
1777896900000,78765.9,78989.7,78708,78924.3,438.9669
1777897800000,78924.3,78957.8,78806.2,78948.3,205.161
1777898700000,78948.3,78974.9,78806,78808.3,156.5621
1777899600000,78808.3,78956,78520,78873.7,1049.6988
1777900500000,78873.7,79029.8,78853,78920.1,502.3928
1777901400000,78920.1,79083.9,78800.5,78825.2,689.5512
1777902300000,78825.2,78910,78685.1,78750.1,422.2516
1777903200000,78750.1,78953.6,78450,78917,1017.3465
1777904100000,78917,79360,78900,79196,1365.6166
1777905000000,79196,79541,79180,79484.9,1153.8123
1777905900000,79484.9,80528.8,79484.9,80165.9,3832.2022
1777906800000,80165.9,80330,79880,80061.9,1903.9532
1777907700000,80061.9,80184.1,79265,79658.6,2716.1331
1777908600000,79658.6,79888,79427.6,79867.4,890.9048
1777909500000,79867.4,80095.8,79507,79979.2,1097.2324
1777910400000,79979.2,80036.5,79592.3,79671.9,825.7438
1777911300000,79671.9,80358.2,79568,80195.2,1168.5838
1777912200000,80195.2,80315.4,80100,80223,494.1306
1777913100000,80223,80269.1,79913.8,79970.3,531.1035
1777914000000,79970.3,80405,79963.6,80328.7,567.6254
1777914900000,80328.7,80462.9,80310,80384.6,555.5488
1777915800000,80384.6,80400,80203,80223,281.7366
1777916700000,80223,80744.4,80203.9,80339.2,1603.2353
1777917600000,80339.2,80391.9,80208,80328,470.2074
1777918500000,80328,80328,80100,80209.8,394.9602
1777919400000,80209.8,80263.4,80100.4,80130,254.6427
1777920300000,80130,80132.2,79989,80069.9,234.6247
1777921200000,80069.9,80098.9,79895,80041.7,255.3196
1777922100000,80041.7,80051.4,79844.3,79873.6,173.3183
1777923000000,79873.6,79964,79838.7,79946.6,104.045
1777923900000,79946.6,80060.4,79911.6,80011.7,250.0248
1777924800000,80011.7,80087.8,79913.5,80087.2,108.9909
1777925700000,80087.2,80117.4,79869.5,79979.6,146.6127
1777926600000,79979.6,79990.6,79839.1,79871.2,109.3679
1777927500000,79871.2,79968.7,79854.2,79888.2,83.4998
1777928400000,79888.2,80128.5,79888.2,80073.9,292.3555
1777929300000,80073.9,80255,80025.8,80161,311.5919
1777930200000,80161,80255.6,80160.9,80198.8,104.0251
1777931100000,80198.8,80353,80198.5,80215.3,198.0411
1777932000000,80215.3,80357.5,80188.6,80313.9,127.9622
1777932900000,80313.9,80359.4,80217.3,80221.7,98.4513
1777933800000,80221.7,80226.2,80066.1,80072.4,170.1957
1777934700000,80072.4,80160,80007.6,80021.6,114.56
1777935600000,80021.6,80021.6,79858.4,79891.3,150.8517
1777936500000,79891.3,79936.1,79831,79925.4,183.6177
1777937400000,79925.4,79925.4,79711.3,79727.6,282.3162
1777938300000,79727.6,79835.8,79718,79826.5,170.3993
1777939200000,79826.5,79972.4,79761.9,79910.2,363.3695
1777940100000,79910.2,79925.6,79813.2,79813.2,59.5208
1777941000000,79813.2,80097.2,79813.2,80040.7,212.5031
1777941900000,80040.7,80141.9,79988.9,80126.8,226.9233
1777942800000,80126.8,80214.1,80032.7,80154.5,186.3796
1777943700000,80154.5,80248.2,80139.6,80218.7,129.6577
1777944600000,80218.7,80286,80121.9,80203.8,202.3332
1777945500000,80203.8,80343.5,80203.8,80308.2,223.7535
1777946400000,80308.2,80482.3,80248.7,80410.2,502.7571
1777947300000,80410.2,80493.2,80327.3,80418,267.7882
1777948200000,80418,80780.6,80400,80764.8,986.5064
1777949100000,80764.8,80868.1,80456.4,80507.1,849.3697
1777950000000,80507.1,80687.4,80383.9,80629.4,487.1002
1777950900000,80629.4,80816.8,80580.7,80745.9,425.5813
1777951800000,80745.9,81045,80700.1,80874,1147.7175
1777952700000,80874,80900,80764.8,80832.2,287.3462
1777953600000,80832.2,80935,80723.7,80752.1,414.8117
1777954500000,80752.1,80866.9,80733,80741.8,404.7859
1777955400000,80741.8,80798.9,80663.5,80708.4,236.0149
1777956300000,80708.4,80888,80669.9,80839.5,389.9332
1777957200000,80839.5,80900,80771.4,80826.4,380.584
1777958100000,80826.4,81145.4,80820,80996.4,865.2444
1777959000000,80996.4,81275,80952.8,80983.2,1012.982
1777959900000,80983.2,81020.8,80859.5,80912.4,476.3409
1777960800000,80912.4,80952.6,80831,80893.9,394.0165
1777961700000,80893.9,80915.1,80745,80760.5,284.4232
1777962600000,80760.5,80828.9,80738.6,80751.6,248.0409
1777963500000,80751.6,80924.5,80751.6,80918.3,254.9628
1777964400000,80918.3,80966.9,80838,80935.5,220.0313
1777965300000,80935.5,81037.8,80912.4,80986.7,313.6581
1777966200000,80986.7,81090,80958,80963.4,364.8804
1777967100000,80963.4,80985.4,80782,80805.9,558.9012
1777968000000,80805.9,80842,80777.4,80806.1,234.6882
1777968900000,80806.1,80833.6,80750.6,80793.7,147.2561
1777969800000,80793.7,80817.4,80665,80693.4,273.4833
1777970700000,80693.4,80788,80693.4,80764.5,153.4273
1777971600000,80764.5,80764.5,80608.4,80608.4,432.347
1777972500000,80608.4,80634.1,80541.1,80600.8,285.2681
1777973400000,80600.8,80652.5,80506.8,80533.6,275.8129
1777974300000,80533.6,80562,80463.4,80537.4,182.5697
1777975200000,80537.4,80667.7,80476.8,80628,224.7219
1777976100000,80628,80706,80628,80695.4,275.1731
1777977000000,80695.4,80790,80688,80773.1,328.2775
1777977900000,80773.1,80788.9,80675.8,80782.2,272.1454
1777978800000,80782.2,80934.9,80731.1,80895.5,431.0242
1777979700000,80895.5,80930.5,80762.6,80898,383.6724
1777980600000,80898,81060.3,80884.3,80987.6,627.4317
1777981500000,80987.6,81016.9,80814,80966.7,348.3674
1777982400000,80966.7,81090,80876.8,81049.2,273.9706
1777983300000,81049.2,81198.9,81005.7,81166.9,531.6059
1777984200000,81166.9,81261,81120,81257.4,460.382
1777985100000,81257.4,81263.6,81136.4,81221.4,303.7365
1777986000000,81221.4,81633.5,81210.1,81573.9,2129.7658
1777986900000,81573.9,81665,81352.6,81404.3,1226.2602
1777987800000,81404.3,81481.5,81140,81351.2,1004.4384
1777988700000,81351.2,81612,81125.1,81270.4,882.508
1777989600000,81270.4,81379.4,81024.6,81040.2,795.602
1777990500000,81040.2,81400,80871.8,81344.8,1462.977
1777991400000,81344.8,81450,81064,81179.1,679.5013
1777992300000,81179.1,81340,81057.2,81269.9,347.1102
1777993200000,81269.9,81609.9,81167.1,81505.3,949.2653
1777994100000,81505.3,81626,81459.2,81553.1,571.549
1777995000000,81553.1,81616.1,81484.9,81571.2,451.698
1777995900000,81571.2,81645.7,81458.1,81478.8,370.0135
1777996800000,81478.8,81563.1,81370.6,81398.1,405.424
1777997700000,81398.1,81497,81268.3,81360.2,283.1745
1777998600000,81360.2,81360.2,80995.7,81024.1,923.7755
1777999500000,81024.1,81250,81007.6,81248,725.6804
1778000400000,81248,81333,81140.1,81282.7,293.6816
1778001300000,81282.7,81422.6,81256.4,81364.8,455.1492
1778002200000,81364.8,81364.8,81209.3,81251.5,174.6171
1778003100000,81251.5,81309.3,81196.8,81219.9,156.1632
1778004000000,81219.9,81558,81219.9,81513,652.8603
1778004900000,81513,81531,81369.6,81402.6,283.4689
1778005800000,81402.6,81487.4,81366.6,81460.5,155.9808
1778006700000,81460.5,81510.8,81366,81464.9,112.5276
1778007600000,81464.9,81467.6,81347.8,81417.8,175.8545
1778008500000,81417.8,81533,81370.9,81475.4,238.1549
1778009400000,81475.4,81617.1,81456.9,81604.2,275.4251
1778010300000,81604.2,81635.7,81466.1,81549,337.6196
1778011200000,81549,81741.1,81457.7,81644.8,905.1913
1778012100000,81644.8,81644.8,81491.7,81508.7,227.1326
1778013000000,81508.7,81690,81490,81602.1,419.964
1778013900000,81602.1,81625.3,81515.2,81601.5,194.0088
1778014800000,81601.5,81752.1,81536.5,81536.5,472.5201
1778015700000,81536.5,81607.2,81391.9,81423.2,296.9855
1778016600000,81423.2,81423.2,81261.7,81316.6,422.3679
1778017500000,81316.6,81458.2,81290.5,81365,191.2429
1778018400000,81365,81561.2,81298,81335.7,333.7271
1778019300000,81335.7,81486.9,81270,81396.9,257.6211
1778020200000,81396.9,81396.9,80759,80980,1093.7863
1778021100000,80980,81323.2,80935.2,81071.7,970.2388
1778022000000,81071.7,81187,80994.3,81180,566.4804
1778022900000,81180,81180,80838.8,80843.3,271.4399
1778023800000,80843.3,80935.1,80740,80884.1,437.9302
1778024700000,80884.1,80946.8,80840.3,80867.9,228.0838
1778025600000,80867.9,81207.3,80843.9,81110,642.9182
1778026500000,81110,81229.2,80875,80875,362.3144
1778027400000,80875,81000,80855.5,80856.7,186.6931
1778028300000,80856.7,81031.7,80666.5,80985.8,530.7922
1778029200000,80985.8,81129.1,80942.5,81118.7,305.7792
1778030100000,81118.7,81302.5,81118.7,81194.8,433.6383
1778031000000,81194.8,81296.7,81188,81264.8,122.1298
1778031900000,81264.8,81500,81264.8,81381.5,763.8789
1778032800000,81381.5,81388,81196.6,81275.9,263.0381
1778033700000,81275.9,81275.9,81080,81091.2,201.1902
1778034600000,81091.2,81216.8,80987.1,81156.6,292.9938
1778035500000,81156.6,81343.5,81148.9,81314.4,347.9162
1778036400000,81314.4,81416.7,81301.8,81348.3,234.5005
1778037300000,81348.3,81711.4,81311.8,81562.8,690.3014
1778038200000,81562.8,81649,81471.5,81495.6,377.1495
1778039100000,81495.6,81587,81416.4,81530.6,277.0807
1778040000000,81530.6,81590,81455.4,81534.5,251.7523
1778040900000,81534.5,81550,81377,81382.1,231.4951
1778041800000,81382.1,81388.4,81280,81342.4,336.5003
1778042700000,81342.4,81445.7,81212.6,81277.6,297.1821
1778043600000,81277.6,81292.3,81190.6,81221.9,180.4979
1778044500000,81221.9,81266.6,81177,81210.4,189.0452
1778045400000,81210.4,81210.4,81008,81126.7,485.5535
1778046300000,81126.7,81289.6,81125,81283.8,376.7688
1778047200000,81283.8,81358.9,81181,81216.1,448.1177
1778048100000,81216.1,81359.5,81159.9,81325.6,175.4937
1778049000000,81325.6,81425.9,81294.8,81425.9,235.0168
1778049900000,81425.9,81477.8,81408.1,81433,222.1759
1778050800000,81433,81580.8,81420.5,81420.5,328.1773
1778051700000,81420.5,81559,81415.3,81505.5,177.0861
1778052600000,81505.5,81505.5,81351.9,81378.2,183.0005
1778053500000,81378.2,81423.2,81269,81329.5,168.0246
1778054400000,81329.5,81596.3,81281.5,81506.4,339.5743
1778055300000,81506.4,81544.4,81451.5,81529.8,106.7419
1778056200000,81529.8,81874.9,81529.7,81661.1,1217.96
1778057100000,81661.1,81960,81570.6,81900,1355.124
1778058000000,81900,81923.3,81715,81763.6,633.6124
1778058900000,81763.6,81818,81630.7,81726.7,299.7048
1778059800000,81726.7,82037.9,81712.7,81979.6,1132.6406
1778060700000,81979.6,81979.6,81714.3,81948,599.5497
1778061600000,81948,82108.4,81900.5,81990.3,711.0935
1778062500000,81990.3,82218.4,81952.6,82141,990.3159
1778063400000,82141,82250.2,82106.2,82200,658.1631
1778064300000,82200,82347.9,82086,82235.1,712.8253
1778065200000,82235.1,82452.5,82210.4,82374.2,1170.4981
1778066100000,82374.2,82799,82365.9,82632.4,1925.6035
1778067000000,82632.4,82710,82444.3,82444.3,944.8976
1778067900000,82444.3,82544,82428.6,82477,615.4232
1778068800000,82477,82499,82137.1,82150.1,1004.0542
1778069700000,82150.1,82441.2,82140,82343.6,433.196
1778070600000,82343.6,82392.6,82255.9,82308.2,174.7272
1778071500000,82308.2,82384,82090.3,82186.5,515.9114
1778072400000,82186.5,82186.5,81785.9,82071.4,1258.8328
1778073300000,82071.4,82125.1,81837.7,81907.5,771.3942
1778074200000,81907.5,82021.4,81732,81884.1,843.3811
1778075100000,81884.1,81890,81567,81632.1,1003.2799
1778076000000,81632.1,81660,81101,81422,1983.1
1778076900000,81422,81741,81288,81581.7,1188.8706
1778077800000,81581.7,81849.7,81570.5,81849.7,1029.1703
1778078700000,81849.7,81959.1,81445.6,81480.5,896.9516
1778079600000,81480.5,81580.9,81288,81372.4,1033.1361
1778080500000,81372.4,81792.3,81372.4,81619.9,571.9105
1778081400000,81619.9,81704.1,81440,81588.5,456.76
1778082300000,81588.5,81736.5,81588.4,81659.2,360.9169
1778083200000,81659.2,81853.8,81540,81717.6,607.7613
1778084100000,81717.6,81798,81465.1,81465.1,495.8512
1778085000000,81465.1,81657,81381.5,81641.8,415.7223
1778085900000,81641.8,81761,81522.4,81576.1,447.4883
1778086800000,81576.1,81665.4,81492.1,81626.4,110.8315
1778087700000,81626.4,81626.4,81363.2,81424.4,277.0264
1778088600000,81424.4,81509.1,81411.4,81499.9,96.8506
1778089500000,81499.9,81509.9,81340.4,81410.7,267.9995
1778090400000,81410.7,81459.9,81219,81443.3,240.7751
1778091300000,81443.3,81519.7,81417.2,81428.8,122.2085
1778092200000,81428.8,81478.8,81250,81336.3,215.0693
1778093100000,81336.3,81395.1,81250,81311.4,143.3363
1778094000000,81311.4,81385.2,81168,81208.6,183.799
1778094900000,81208.6,81354.2,81140.5,81288,200.6319
1778095800000,81288,81443.6,81210.2,81390.7,157.2511
1778096700000,81390.7,81472,81365.4,81413.9,200.4498
1778097600000,81413.9,81610,81413.9,81594,268.9047
1778098500000,81594,81663.2,81513.2,81513.2,182.6098
1778099400000,81513.2,81521.8,81250.1,81315.5,202.7532
1778100300000,81315.5,81391.1,81260.8,81381.5,163.9868
1778101200000,81381.5,81466.1,81255,81334.6,142.4574
1778102100000,81334.6,81414.7,81334.6,81408,65.326
1778103000000,81408,81577.8,81389.1,81526.7,148.0403
1778103900000,81526.7,81585.1,81475.3,81498.7,65.2803
1778104800000,81498.7,81505.9,81306.9,81336.4,155.4674
1778105700000,81336.4,81348.3,81200,81210.3,170.416
1778106600000,81210.3,81300,81205.7,81280.9,112.8588
1778107500000,81280.9,81372.9,81220,81300,80.761
1778108400000,81300,81300.1,80943.3,81192.1,960.0121
1778109300000,81192.1,81359,81181.3,81346.2,191.6636
1778110200000,81346.2,81373.1,81273.1,81312.9,147.592
1778111100000,81312.9,81403.8,81287,81396.3,104.1868
1778112000000,81396.3,81450.9,81320.7,81391.2,158.731
1778112900000,81391.2,81391.6,81178.3,81178.3,180.248
1778113800000,81178.3,81200,80923.5,80989.5,412.1569
1778114700000,80989.5,81101.1,80933.4,80975.7,352.782
1778115600000,80975.7,81125.4,80760,81114.7,702.0178
1778116500000,81114.7,81195,80937.1,81184.1,332.1636
1778117400000,81184.1,81259.1,81099.2,81243.8,320.5152
1778118300000,81243.8,81245.8,81091.2,81130.2,186.3761
1778119200000,81130.2,81147.8,80876.6,80901.8,313.735
1778120100000,80901.8,80976.1,80839.6,80876.6,372.1506
1778121000000,80876.6,81012.7,80850,80932.9,645.4828
1778121900000,80932.9,81113.9,80924.2,81082.9,233.8613
1778122800000,81082.9,81082.9,80977.4,80983.9,180.132
1778123700000,80983.9,81033.2,80823.9,80934.1,205.2692
1778124600000,80934.1,80972.9,80863.3,80953,108.5578
1778125500000,80953,80976.6,80790.5,80802.4,229.5688
1778126400000,80802.4,80871.8,80681,80834,432.522
1778127300000,80834,80949,80808.3,80897.1,225.0998
1778128200000,80897.1,80949.5,80822.6,80849.1,122.8205
1778129100000,80849.1,80951.8,80849.1,80946.8,136.9204
1778130000000,80946.8,81142,80935.1,81082.4,390.0965
1778130900000,81082.4,81128.1,81016.7,81072.9,239.8045
1778131800000,81072.9,81122.4,81009.5,81051.4,183.9392
1778132700000,81051.4,81058.5,80962.8,81058.5,112.5922
1778133600000,81058.5,81058.5,80851.6,80860.1,352.8351
1778134500000,80860.1,80998.7,80860,80998.7,148.5072
1778135400000,80998.7,81351,80998.7,81339.5,572.7674
1778136300000,81339.5,81413.9,81260,81407.9,483.7995
1778137200000,81407.9,81629.9,81351.2,81624.1,721.4338
1778138100000,81624.1,81669.9,81505.9,81519.9,661.4281
1778139000000,81519.9,81666.6,81502.1,81550,282.0967
1778139900000,81550,81560,81425.1,81471.5,269.8006
1778140800000,81471.5,81552.9,81400,81464.3,207.2288
1778141700000,81464.3,81475,81280.3,81380.4,360.0958
1778142600000,81380.4,81448.1,81201,81207.8,365.1895
1778143500000,81207.8,81280,81151.8,81193,219.0161
1778144400000,81193,81200.5,81059.6,81137.7,269.0611
1778145300000,81137.7,81184,80936,81000,338.5436
1778146200000,81000,81072.4,80802.8,80863,563.0746
1778147100000,80863,80939.1,80855.4,80900,334.9622
1778148000000,80900,81137.9,80775.9,80855.2,1218.7297
1778148900000,80855.2,80913.3,80504,80587.4,1053.4893
1778149800000,80587.4,80873,80587.3,80860.8,603.014
1778150700000,80860.8,80896,80782.1,80815.9,200.7074
1778151600000,80815.9,81025.9,80706.5,80906.7,835.5831
1778152500000,80906.7,80950,80821.4,80850,197.2725
1778153400000,80850,80960.4,80850,80940,115.6171
1778154300000,80940,80942.7,80750,80832,191.2755
1778155200000,80832,81062.6,80800.5,81050.5,343.8414
1778156100000,81050.5,81070.7,80930.7,81026,262.2293
1778157000000,81026,81052,80962.3,81034.8,152.5171
1778157900000,81034.8,81148.3,80972.8,81117.7,265.3921
1778158800000,81117.7,81123.2,80856.6,80891.1,303.9401
1778159700000,80891.1,81108,80815.8,80914.4,368.566
1778160600000,80914.4,80925.9,80525.9,80530.2,1029.3972
1778161500000,80530.2,80607.4,80217.7,80478,2399.1316
1778162400000,80478,80657,80327.3,80627.9,1340.6688
1778163300000,80627.9,80650,80358.4,80381.7,652.7976
1778164200000,80381.7,80414.4,80014.1,80116.8,1621.1756
1778165100000,80116.8,80285.4,80100.1,80137,716.0334
1778166000000,80137,80260.3,80030.8,80131.2,862.1868
1778166900000,80131.2,80184,79669,79829.7,2584.7856
1778167800000,79829.7,80034,79767.2,79940,945.137
1778168700000,79940,80037,79824.8,79869.3,482.0024
1778169600000,79869.3,79929.1,79675.8,79808.7,1035.7381
1778170500000,79808.7,79980,79687.4,79957.3,627.3356
1778171400000,79957.3,79988,79736.7,79868.1,359.7776
1778172300000,79868.1,79920.5,79721.5,79771.1,262.729
1778173200000,79771.1,79905,79750,79862.9,206.2937
1778174100000,79862.9,79915.1,79455,79662.1,1484.62
1778175000000,79662.1,79886.4,79630,79847,457.7758
1778175900000,79847,80099.9,79804.8,80063.1,616.4833
1778176800000,80063.1,80190,80050,80127.4,508.4074
1778177700000,80127.4,80170,80090.1,80090.1,120.6271
1778178600000,80090.1,80225.7,80031.1,80094,317.7446
1778179500000,80094,80236.9,79965,80165,475.0932
1778180400000,80165,80165,80020.3,80130.9,152.2021
1778181300000,80130.9,80160,79889.3,79929.3,247.7188
1778182200000,79929.3,80148,79929.3,80097.4,93.4376
1778183100000,80097.4,80180,79964,80110.2,305.7921
1778184000000,80110.2,80340.7,80100.1,80100.1,287.0009
1778184900000,80100.1,80148.6,80054,80131.9,62.7909
1778185800000,80131.9,80131.9,79860,79931.1,319.3129
1778186700000,79931.1,79975.1,79809.1,79839.9,131.3559
1778187600000,79839.9,79857.6,79601.5,79745.2,420.946
1778188500000,79745.2,79879.5,79675.4,79879,218.0586
1778189400000,79879,79894.9,79728.4,79728.4,149.4426
1778190300000,79728.4,79811.9,79676.4,79684.5,106.0551
1778191200000,79684.5,79805.2,79538,79771.5,551.9677
1778192100000,79771.5,79945,79771.5,79860.1,277.0773
1778193000000,79860.1,79906.2,79700.1,79791.9,250.7964
1778193900000,79791.9,79910.1,79779.1,79873.4,118.9059
1778194800000,79873.4,79976.4,79843.3,79915.2,158.0737
1778195700000,79915.2,79957.2,79825,79906.4,86.7697
1778196600000,79906.4,79979.9,79874.3,79977.3,101.8016
1778197500000,79977.3,80032,79963.4,79971.2,147.8787
1778198400000,79971.2,80064.2,79964.2,80040.7,159.8496
1778199300000,80040.7,80099,79943.3,79980.3,215.1848
1778200200000,79980.3,80002.5,79867.3,79878.9,198.6558
1778201100000,79878.9,79878.9,79683,79797.2,195.1157
1778202000000,79797.2,79858.6,79651,79663.3,157.5851
1778202900000,79663.3,79755.9,79565,79710.6,248.4977
1778203800000,79710.6,79788.9,79663,79743.6,143.0166
1778204700000,79743.6,79806.3,79688,79701,74.2615
1778205600000,79701,79719.2,79480.3,79582.3,692.1325
1778206500000,79582.3,79591.4,79294.2,79447.3,1168.2081
1778207400000,79447.3,79630,79411,79490.7,373.7057
1778208300000,79490.7,79587.6,79405.5,79447.9,193.8332
1778209200000,79447.9,79455.1,79124.8,79437.4,1275.9357
1778210100000,79437.4,79592,79432.2,79544.6,321.2082
1778211000000,79544.6,79614.3,79544.5,79609.9,180.4245
1778211900000,79609.9,79635.5,79522.4,79543.5,118.221
1778212800000,79543.5,79690.3,79536.8,79690.2,205.2047
1778213700000,79690.2,79723.4,79633.9,79696.1,174.4331
1778214600000,79696.1,79698.5,79510.5,79528.7,182.4252
1778215500000,79528.7,79642.7,79528.6,79625.3,95.9594
1778216400000,79625.3,79634,79566,79607.6,288.4607
1778217300000,79607.6,79631.1,79564.6,79597.2,221.5056
1778218200000,79597.2,79723.5,79586,79717,235.379
1778219100000,79717,79754.3,79565,79565.1,232.9633
1778220000000,79565.1,79591.3,79416.7,79571.4,334.337
1778220900000,79571.4,79620,79517.9,79519.4,102.8023
1778221800000,79519.4,79570.8,79378.3,79514,237.8385
1778222700000,79514,79532.4,79450,79491.1,231.9447
1778223600000,79491.1,79491.1,79270,79291.5,551.0355
1778224500000,79291.5,79366.2,79230,79327.2,403.0027
1778225400000,79327.2,79565.6,79327.1,79539.1,461.2592
1778226300000,79539.1,79698,79531,79647.4,481.9305
1778227200000,79647.4,79713.9,79634.3,79691.8,318.7547
1778228100000,79691.8,79751.5,79666,79720.9,318.3347
1778229000000,79720.9,79850.1,79712,79847.8,320.3991
1778229900000,79847.8,79964.2,79847,79854.9,505.7084
1778230800000,79854.9,79969.3,79793.4,79950,406.5821
1778231700000,79950,80036.2,79869.9,79881.5,611.7621
1778232600000,79881.5,79911.2,79809.6,79823.2,228.2214
1778233500000,79823.2,79864.4,79759.8,79840,353.9604
1778234400000,79840,79992,79738,79777,400.0345
1778235300000,79777,79894,79777,79859.9,136.1667
1778236200000,79859.9,80133,79859.9,80123,450.1385
1778237100000,80123,80238.9,80090.4,80170.1,598.9649
1778238000000,80170.1,80289.7,80152,80191.9,505.2799
1778238900000,80191.9,80275.6,80136.1,80257.3,213.2411
1778239800000,80257.3,80288.4,80090.4,80099.9,239.6418
1778240700000,80099.9,80234,80099.9,80178.6,216.9218
1778241600000,80178.6,80267.2,80088.3,80234.5,329.3018
1778242500000,80234.5,80276.9,80205.1,80276.8,249.7193
1778243400000,80276.8,80490,80132.4,80179.5,861.3422
1778244300000,80179.5,80179.5,79917.7,79984,703.6905
1778245200000,79984,80048.6,79594.4,79643.1,1169.877
1778246100000,79643.1,79770.3,79556.3,79565,656.8436
1778247000000,79565,79788,79532.3,79561.5,945.1758
1778247900000,79561.5,79646.9,79508,79609.1,421.5939
1778248800000,79609.1,79963.7,79609,79894.9,859.0378
1778249700000,79894.9,80412.4,79858.9,80029.6,1780.5495
1778250600000,80029.6,80243,79750,80185.5,774.5885
1778251500000,80185.5,80265,80047.8,80112.2,300.4847
1778252400000,80112.2,80166.6,79822.5,79857.4,379.9693
1778253300000,79857.4,79885.8,79589.8,79678.8,562.0264
1778254200000,79678.8,80007.5,79591.4,79935.9,435.2176
1778255100000,79935.9,80165,79933,80123.7,561.5725
1778256000000,80123.7,80159.2,79926.1,79930.1,366.2489
1778256900000,79930.1,80020.1,79878.1,79909.3,181.3577
1778257800000,79909.3,79916.9,79703.3,79753.7,543.3229
1778258700000,79753.7,79847.1,79726.1,79768.9,247.3449
1778259600000,79768.9,79928.6,79701.8,79829.9,323.644
1778260500000,79829.9,80019,79816,79965.9,482.238
1778261400000,79965.9,80234.8,79965.9,80102.7,629.6617
1778262300000,80102.7,80217.4,79942.9,80035.9,263.0707
1778263200000,80035.9,80230,80033.4,80162.1,381.6366
1778264100000,80162.1,80260,80120,80196.2,420.5233
1778265000000,80196.2,80240.1,80064,80107.5,452.2088
1778265900000,80107.5,80250.3,80035.4,80046.2,729.2194
1778266800000,80046.2,80046.6,79900,80017.7,317.5506
1778267700000,80017.7,80093,79962.2,79988.8,194.6267
1778268600000,79988.8,80094,79979.1,80064.1,101.5508
1778269500000,80064.1,80147.7,80024.6,80139.3,113.9433
1778270400000,80139.3,80196.1,80100,80190.6,122.0889
1778271300000,80190.6,80253,80142.6,80212.3,192.1833
1778272200000,80212.3,80213.9,80109.2,80199,94.034
1778273100000,80199,80230.8,80042,80097.1,122.8154
1778274000000,80097.1,80150,80068.2,80111.5,85.2279
1778274900000,80111.5,80195,80111.5,80153.1,102.699
1778275800000,80153.1,80229,80119.5,80201.4,125.9987
1778276700000,80201.4,80226.2,80133,80226.1,91.2757
1778277600000,80226.1,80350,80192.5,80349.9,322.3343
1778278500000,80349.9,80369.1,80244,80306.7,176.6823
1778279400000,80306.7,80330.1,80242.6,80275.9,91.6237
1778280300000,80275.9,80308.9,80228,80228.8,54.2674
1778281200000,80228.8,80250,80174,80174,118.4203
1778282100000,80174,80207.1,80100.5,80155.5,126.8899
1778283000000,80155.5,80155.5,80065.8,80082.5,118.129
1778283900000,80082.5,80159.1,80082.5,80155.1,41.2349
1778284800000,80155.1,80167.7,80083.9,80124.6,109.6527
1778285700000,80124.6,80170.9,80087.3,80111.8,60.0357
1778286600000,80111.8,80179.9,80111.8,80156.4,59.0349
1778287500000,80156.4,80200,80156,80200,65.5852
1778288400000,80200,80308.2,80181.6,80289.8,271.7451
1778289300000,80289.8,80310.7,80206.4,80229.3,208.9235
1778290200000,80229.3,80365,80229.3,80347.8,285.4307
1778291100000,80347.8,80409.1,80291.2,80291.3,298.2134
1778292000000,80291.3,80435.1,80291.3,80406,206.2914
1778292900000,80406,80424.6,80350,80395.1,109.9857
1778293800000,80395.1,80445.6,80346,80359.6,105.0078
1778294700000,80359.6,80399.8,80336.2,80385.3,98.7548
1778295600000,80385.3,80440,80333.3,80400.1,124.043
1778296500000,80400.1,80520,80360.3,80392.5,257.4573
1778297400000,80392.5,80392.6,80272.9,80313.1,171.8047
1778298300000,80313.1,80359.3,80300.9,80348,69.6701
1778299200000,80348,80635,80348,80524.8,484.9224
1778300100000,80524.8,80524.9,80406.6,80434.2,137.8543
1778301000000,80434.2,80438.1,80361.5,80368.7,99.034
1778301900000,80368.7,80430.4,80334.1,80354.6,133.1983
1778302800000,80354.6,80379,80312.7,80341.4,328.5276
1778303700000,80341.4,80440.1,80328,80403.9,138.8151
1778304600000,80403.9,80453.6,80380.1,80439.5,124.0604
1778305500000,80439.5,80439.6,80339.4,80342.2,64.7503
1778306400000,80342.2,80393.5,80339.6,80383.7,60.7478
1778307300000,80383.7,80383.8,80259.6,80278.8,173.3748
1778308200000,80278.8,80320.2,80168,80176.5,314.8337
1778309100000,80176.5,80253.6,80160.8,80215.7,267.7445
1778310000000,80215.7,80220,80090,80146.9,316.5291
1778310900000,80146.9,80262.7,80146.9,80208,225.7386
1778311800000,80208,80238,80145.1,80202.4,100.7929
1778312700000,80202.4,80202.4,80135.5,80185.1,138.0427
1778313600000,80185.1,80370.2,80176,80351.5,315.8148
1778314500000,80351.5,80374.4,80340.2,80366.9,116.372
1778315400000,80366.9,80404.3,80335.6,80386,279.1
1778316300000,80386,80390,80356.5,80367.9,66.5672
1778317200000,80367.9,80372.3,80292,80302.1,106.2542
1778318100000,80302.1,80302.1,80190.1,80217.9,161.1161
1778319000000,80217.9,80240,80191.5,80197.9,147.8827
1778319900000,80197.9,80209.5,80167,80193,74.5397
1778320800000,80193,80213.9,80126,80175.5,172.6669
1778321700000,80175.5,80215.2,80146.1,80165,93.5255
1778322600000,80165,80306.8,80164.9,80281.9,92.4399
1778323500000,80281.9,80281.9,80215.7,80223.9,43.5276
1778324400000,80223.9,80298.3,80210.1,80277.9,55.8023
1778325300000,80277.9,80328,80271.6,80298.7,72.3087
1778326200000,80298.7,80312.1,80281.7,80292.4,177.852
1778327100000,80292.4,80321.2,80292.4,80298.3,42.8877
1778328000000,80298.3,80329.6,80256.5,80266.6,50.6687
1778328900000,80266.6,80365.2,80220.4,80365.2,127.7442
1778329800000,80365.2,80365.2,80287.1,80312.6,82.4396
1778330700000,80312.6,80366.8,80306.5,80356.8,68.081
1778331600000,80356.8,80368,80329.7,80364,68.7811
1778332500000,80364,80368,80300.8,80307.8,69.1855
1778333400000,80307.8,80333.8,80270,80291.6,55.0895
1778334300000,80291.6,80350,80291.2,80349.9,48.3514
1778335200000,80349.9,80380,80303.7,80340.6,119.2443
1778336100000,80340.6,80345.2,80199.2,80275.7,208.9214
1778337000000,80275.7,80300,80205.4,80289.6,118.9549
1778337900000,80289.6,80330.4,80210.3,80283.8,98.092
1778338800000,80283.8,80304.3,80184.4,80256.1,125.8804
1778339700000,80256.1,80368.7,80256.1,80365.8,154.0225
1778340600000,80365.8,80565.6,80365.7,80434.3,554.086
1778341500000,80434.3,80528.8,80434.3,80478.9,192.8821
1778342400000,80478.9,80572,80435,80528.7,232.336
1778343300000,80528.7,80750,80528.7,80606.7,924.4796
1778344200000,80606.7,80606.8,80544.3,80593,204.3655
1778345100000,80593,80606.7,80552.5,80576.8,188.153
1778346000000,80576.8,80780,80576.7,80699.2,308.1864
1778346900000,80699.2,80796.7,80643.7,80784.7,331.7307
1778347800000,80784.7,80888,80779,80779,626.3584
1778348700000,80779,80796,80684.7,80771.1,215.7899
1778349600000,80771.1,80827.4,80739,80781.8,181.488
1778350500000,80781.8,81013.3,80764,81003.2,734.6057
1778351400000,81003.2,81036.2,80851.4,80862.6,420.8813
1778352300000,80862.6,80880,80815,80868.2,88.1366
1778353200000,80868.2,80891.1,80830,80853.9,112.1378
1778354100000,80853.9,80875.2,80738.6,80789.2,154.2019
1778355000000,80789.2,80809.6,80753,80801.8,68.9234
1778355900000,80801.8,80920.3,80784.5,80899.5,135.4138
1778356800000,80899.5,80900,80788.7,80788.7,110.5793
1778357700000,80788.7,80799,80725.1,80751.8,60.6659
1778358600000,80751.8,80773.9,80692.4,80761,112.6997
1778359500000,80761,80779,80747.9,80761.9,73.8384
1778360400000,80761.9,80855,80761.9,80817.7,85.8685
1778361300000,80817.7,80838.3,80734.9,80771.2,66.2976
1778362200000,80771.2,80773,80706,80706,53.5603
1778363100000,80706,80770.2,80704.1,80735.6,67.7034
1778364000000,80735.6,80755.8,80682.9,80707.9,117.2999
1778364900000,80707.9,80741,80702.2,80716,49.1003
1778365800000,80716,80782,80625.2,80767.4,154.6811
1778366700000,80767.4,80767.4,80695.2,80727.5,81.2351
1778367600000,80727.5,80800,80654.3,80686.1,140.7509
1778368500000,80686.1,80686.2,80612,80623.8,72.1586
1778369400000,80623.8,80645.9,80580,80610.5,109.7841
1778370300000,80610.5,80651.6,80609.5,80626.5,51.6797
1778371200000,80626.5,80686.1,80581,80663,213.4843
1778372100000,80663,80737.3,80660,80670.5,198.7839
1778373000000,80670.5,80730.5,80619.3,80692,178.5632
1778373900000,80692,80708.1,80584.7,80640.6,77.8024
1778374800000,80640.6,80640.6,80544.9,80595.8,154.733
1778375700000,80595.8,80623.9,80535.8,80562,116.0242
1778376600000,80562,80607.6,80533.5,80593.1,84.9735
1778377500000,80593.1,80655.2,80584,80644.9,95.5454
1778378400000,80644.9,80645,80576,80592.4,77.7502
1778379300000,80592.4,80723.7,80592.4,80700.7,94.7256
1778380200000,80700.7,80750,80668.8,80720.2,87.4013
1778381100000,80720.2,80764,80673.9,80751.3,82.8171
1778382000000,80751.3,80803.1,80723.9,80750,99.891
1778382900000,80750,80753.9,80706.9,80717.2,51.1399
1778383800000,80717.2,80859.4,80670.3,80770.5,208.7928
1778384700000,80770.5,80809.7,80740.9,80741,108.3188
1778385600000,80741,80766.7,80718.7,80746.1,56.356
1778386500000,80746.1,80772.9,80728,80765.1,44.4082
1778387400000,80765.1,80809.9,80730.1,80730.1,47.4245
1778388300000,80730.1,80750,80696.8,80721.2,53.3715
1778389200000,80721.2,80731.8,80686,80731.8,55.2645
1778390100000,80731.8,80777,80720,80730.2,72.2038
1778391000000,80730.2,80764.8,80690,80690,97.4716
1778391900000,80690,80720,80640,80654.1,113.1839
1778392800000,80654.1,80697.6,80652.4,80675.7,92.6049
1778393700000,80675.7,80680,80617.4,80617.5,71.7382
1778394600000,80617.5,80690.3,80617.4,80672.6,143.6707
1778395500000,80672.6,80716.7,80666,80695.5,41.8879
1778396400000,80695.5,80756,80690.4,80690.5,75.8847
1778397300000,80690.5,80760,80681.5,80741,77.4833
1778398200000,80741,80750.9,80727.8,80746,36.9112
1778399100000,80746,80763.5,80691,80699.6,134.9678
1778400000000,80699.6,80777.7,80680,80731.1,95.7728
1778400900000,80731.1,80867.5,80716.8,80839,285.8706
1778401800000,80839,80877.2,80768,80793.9,134.5474
1778402700000,80793.9,80817.9,80785,80799.1,140.6386
1778403600000,80799.1,80881.9,80799.1,80816.7,130.2651
1778404500000,80816.7,80834,80784.6,80789.8,46.2084
1778405400000,80789.8,80800,80718.3,80721.7,104.5472
1778406300000,80721.7,80770.3,80721.7,80770.2,63.774
1778407200000,80770.2,80816,80666.2,80692.1,239.6021
1778408100000,80692.1,80780.7,80652.2,80779.3,135.0138
1778409000000,80779.3,80800,80733.2,80762.8,55.4058
1778409900000,80762.8,80850,80755.4,80841.6,81.6138
1778410800000,80841.6,80946,80831.9,80876,242.2234
1778411700000,80876,80893.1,80711,80770,192.8038
1778412600000,80770,80803.6,80755.6,80796,66.9892
1778413500000,80796,80828.2,80767.8,80789.5,77.4506
1778414400000,80789.5,80834,80746.2,80823.4,87.0095
1778415300000,80823.4,80900,80808.5,80889.9,98.8253
1778416200000,80889.9,80899.9,80831.4,80888.9,79.7883
1778417100000,80888.9,80912.9,80859.9,80890,59.0883
1778418000000,80890,80905,80830,80886.3,77.0209
1778418900000,80886.3,80966,80860.3,80940,207.5884
1778419800000,80940,80962,80887.8,80937,222.4301
1778420700000,80937,80942,80889.6,80933.5,95.8271
1778421600000,80933.5,80950,80869.8,80890.1,68.4824
1778422500000,80890.1,80890.1,80845,80877.6,86.6702
1778423400000,80877.6,80947.4,80838,80855.8,96.8422
1778424300000,80855.8,80964,80766.2,80942.4,291.1861
1778425200000,80942.4,81093.2,80891.3,80997.6,526.5413
1778426100000,80997.6,80997.6,80923,80923,87.3401
1778427000000,80923,81170.5,80909.8,81099,543.7226
1778427900000,81099,81397.7,81083.3,81364,1756.1664
1778428800000,81364,81459.2,81310,81421.9,651.7024
1778429700000,81421.9,81435,81209,81217,428.622
1778430600000,81217,81272.6,81130.4,81200,491.8146
1778431500000,81200,81329,81173,81328.9,198.5051
1778432400000,81328.9,81382.5,81165,81297.9,300.7176
1778433300000,81297.9,81377.9,81236.8,81341.4,187.58
1778434200000,81341.4,81362.2,81239.5,81334.5,137.8771
1778435100000,81334.5,81546.2,81291,81429.9,921.6813
1778436000000,81429.9,81455.9,81355.2,81404.9,169.0812
1778436900000,81404.9,81405,81280.2,81317.9,171.1465
1778437800000,81317.9,81378.9,81201.2,81215.4,202.1358
1778438700000,81215.4,81250,81189,81227.3,113.7275
1778439600000,81227.3,81341.6,81100.7,81313.4,321.2226
1778440500000,81313.4,81439,81308.1,81438.9,213.6827
1778441400000,81438.9,81439,81344,81384,66.9105
1778442300000,81384,81389.7,81283.5,81389.6,76.3089
1778443200000,81389.6,81412.5,81123.2,81141.5,251.1659
1778444100000,81141.5,81182.6,81000,81101.2,434.7078
1778445000000,81101.2,81101.3,80756,80756,605.3735
1778445900000,80756,80756.1,80222,80694.1,2408.98
1778446800000,80694.1,80912.6,80526.3,80617.2,652.7897
1778447700000,80617.2,80844.7,80601.7,80792.2,355.6135
1778448600000,80792.2,80896.4,80717.1,80787,391.8023
1778449500000,80787,80872.1,80667.9,80678.1,194.8976
1778450400000,80678.1,81390,80621.3,81275.5,1489.0263
1778451300000,81275.5,81680,81164.2,81450,1415.6615
1778452200000,81450,82080,81413.1,81843.6,2112.5884
1778453100000,81843.6,82149.7,81782.1,81999.9,958.2691
1778454000000,81999.9,82405.7,81999.9,82354.1,1545.3791
1778454900000,82354.1,82435.2,82152.9,82183.3,676.0621
1778455800000,82183.3,82367.4,82150.1,82338,321.9881
1778456700000,82338,82361.9,82030,82163.1,413.9293
1778457600000,82163.1,82342.5,81819.2,81827.5,702.241
1778458500000,81827.5,81827.5,81338.9,81635.4,1229.3955
1778459400000,81635.4,81790.9,81453,81543.5,407.894
1778460300000,81543.5,81605,81239,81429.8,945.779
1778461200000,81429.8,81558.1,81242,81468.6,389.0007
1778462100000,81468.6,81720.3,81420.9,81584.9,389.2484
1778463000000,81584.9,81646.7,81430,81454,262.43
1778463900000,81454,81553.9,81360,81469.8,177.7707
1778464800000,81469.8,81533.9,81322.5,81373.6,195.7193
1778465700000,81373.6,81373.6,81109.1,81206.5,728.4163
1778466600000,81206.5,81256.5,81087.3,81179.3,325.2434
1778467500000,81179.3,81238.4,81139,81146.4,176.5161
1778468400000,81146.4,81162.4,80569,80584.6,1399.9743
1778469300000,80584.6,80695.9,80524.2,80580.1,1108.2903
1778470200000,80580.1,80714.4,80496.6,80706.1,775.5758
1778471100000,80706.1,80760.1,80666,80716.1,298.7524
1778472000000,80716.1,80743.9,80625,80640.2,304.1472
1778472900000,80640.2,80770,80640.1,80737.8,251.8744
1778473800000,80737.8,80799.7,80702,80798.4,233.9454
1778474700000,80798.4,80860,80710.5,80800.1,224.5051
1778475600000,80800.1,80879.5,80784.4,80817.3,258.7855
1778476500000,80817.3,80939.8,80817.3,80939.7,188.9231
1778477400000,80939.7,80952.2,80760.9,80760.9,300.995
1778478300000,80760.9,80831.4,80728,80813.6,255.9916
1778479200000,80813.6,80970.4,80765,80880.3,175.8009
1778480100000,80880.3,81024,80800,80953.1,270.0049
1778481000000,80953.1,80992.5,80767,80792.1,349.2383
1778481900000,80792.1,80840,80722,80794.1,166.8012
1778482800000,80794.1,80808,80661,80717.5,341.9154
1778483700000,80717.5,80804,80660,80701.1,122.8214
1778484600000,80701.1,80735,80630,80683,163.4649
1778485500000,80683,80760.9,80664,80707.3,135.0276
1778486400000,80707.3,80743.9,80620,80720.3,376.721
1778487300000,80720.3,80760,80610,80610,163.8293
1778488200000,80610,80816,80585.2,80797.1,367.5774
1778489100000,80797.1,80829,80690,80720.8,143.2707
1778490000000,80720.8,80890,80715.7,80889.9,188.8169
1778490900000,80889.9,80919.8,80859,80881,115.4408
1778491800000,80881,80908.8,80813.4,80875.6,119.3163
1778492700000,80875.6,80960,80863,80925.6,138.3775
1778493600000,80925.6,81065.7,80911.7,80990.9,400.502
1778494500000,80990.9,81158.3,80976.6,81139.7,307.0993
1778495400000,81139.7,81169,80947.2,81026.2,300.7104
1778496300000,81026.2,81056.2,80884.5,80901.1,241.3804
1778497200000,80901.1,80984.7,80860,80920,180.222
1778498100000,80920,81118,80920,81060,223.5425
1778499000000,81060,81136.7,81060,81110,119.5728
1778499900000,81110,81159.5,81055.3,81159.5,180.4489
1778500800000,81159.5,81208,81026,81051.3,327.4067
1778501700000,81051.3,81300,81030.1,81262.8,327.9604
1778502600000,81262.8,81312.5,81106.6,81123.3,323.804
1778503500000,81123.3,81181.4,80985.1,81017.5,275.7784
1778504400000,81017.5,81250.9,81010.6,81245.9,217.4249
1778505300000,81245.9,81291,81095,81111.1,201.4165
1778506200000,81111.1,81216.6,80715.5,81038.1,1214.134
1778507100000,81038.1,81081.7,80900,81027.1,425.0726
1778508000000,81027.1,81213.9,81027.1,81097.1,379.7186
1778508900000,81097.1,81133.2,80695.3,80708.1,394.9238
1778509800000,80708.1,80870.5,80411.1,80759.6,1734.1518
1778510700000,80759.6,80938.8,80674.4,80917.9,496.0479
1778511600000,80917.9,81050.3,80791.6,80972.8,500.7435
1778512500000,80972.8,81394.7,80902.9,81299.1,967.1069
1778513400000,81299.1,81395.7,81163.7,81182.7,469.9903
1778514300000,81182.7,81420.5,81155.4,81397.9,459.2239
1778515200000,81397.9,81756,81297.3,81747.5,1321.7162
1778516100000,81747.5,81829.7,81624,81724,774.2266
1778517000000,81724,81863.5,81497,81531.6,887.9446
1778517900000,81531.6,81709.3,81510.6,81520,319.0237
1778518800000,81520,81582,81312.7,81468.9,510.834
1778519700000,81468.9,81626.6,81460,81589.9,210.9655
1778520600000,81589.9,81988.3,81540.8,81920,568.8693
1778521500000,81920,82024.2,81837.6,81888.6,489.8778
1778522400000,81888.6,82051.9,81851.6,81914.9,415.4606
1778523300000,81914.9,82005,81781,81981.4,294.4961
1778524200000,81981.4,82088,81893,81897.9,284.1964
1778525100000,81897.9,82033,81773.3,81809.5,296.6418
1778526000000,81809.5,81920.5,81680,81868.7,323.1875
1778526900000,81868.7,82035.2,81772.8,81848.3,337.0515
1778527800000,81848.3,82047.7,81794.7,81948.1,266.2875
1778528700000,81948.1,81978.1,81874,81915.9,212.6849
1778529600000,81915.9,82040.5,81795,81863.8,466.876
1778530500000,81863.8,81918.5,81804.3,81853.4,138.9727
1778531400000,81853.4,81868.2,81700,81774.5,243.6969
1778532300000,81774.5,81877.1,81750.7,81771.2,154.6179
1778533200000,81771.2,81842.2,81625.3,81679.9,190.087
1778534100000,81679.9,81707.2,81587.9,81588.2,192.9643
1778535000000,81588.2,81723,81545.8,81680.2,200.2106
1778535900000,81680.2,81853.8,81616.7,81776.6,181.1057
1778536800000,81776.6,81922,81753.5,81792.3,225.6686
1778537700000,81792.3,81879.9,81680.1,81688.3,271.0166
1778538600000,81688.3,81763.2,81688.3,81736,119.762
1778539500000,81736,81877,81711.6,81781.5,148.7024
1778540400000,81781.5,81781.6,81634,81683.9,216.6636
1778541300000,81683.9,81688.8,81545.2,81581.2,157.6861
1778542200000,81581.2,81778.8,81567.8,81733.2,151.0238
1778543100000,81733.2,81743.8,81680.5,81689.3,215.0155
1778544000000,81689.3,81742.5,81560,81562.8,170.9375
1778544900000,81562.8,81629.3,81466.7,81515,246.2688
1778545800000,81515,81605.3,81430,81442,207.9867
1778546700000,81442,81549.9,81442,81504,283.5357
1778547600000,81504,81577,81338.4,81353.9,425.6116
1778548500000,81353.9,81432.6,81224.7,81338.8,779.0664
1778549400000,81338.8,81338.9,80675.9,81040.7,2087.8693
1778550300000,81040.7,81282.7,80978.1,81157.8,829.9737
1778551200000,81157.8,81300,81119.4,81274.9,347.66
1778552100000,81274.9,81275,81050.4,81225.8,238.3969
1778553000000,81225.8,81241,81062.6,81102.4,220.3194
1778553900000,81102.4,81248.9,81102.4,81224.3,96.7802
1778554800000,81224.3,81260,81150.8,81187.1,77.6547
1778555700000,81187.1,81205.8,81110.1,81135.3,107.8286
1778556600000,81135.3,81186.8,81123.7,81160.1,88.3394
1778557500000,81160.1,81160.1,80979.9,81027.2,353.6749
1778558400000,81027.2,81048,80970.8,80971.9,306.0633
1778559300000,80971.9,81194.6,80966.8,81185,342.5158
1778560200000,81185,81255,81172.4,81219.7,138.2486
1778561100000,81219.7,81268.9,81180,81196.8,178.9957
1778562000000,81196.8,81257,81165.7,81202.4,190.0683
1778562900000,81202.4,81266.8,81195.3,81256.2,124.4966
1778563800000,81256.2,81276.8,81154.2,81221.1,157.0594
1778564700000,81221.1,81250.2,81185,81189.4,60.2277
1778565600000,81189.4,81238.5,81147.6,81230.6,173.6371
1778566500000,81230.6,81277,81188,81188.1,97.3663
1778567400000,81188.1,81192.7,81044,81065.3,252.6337
1778568300000,81065.3,81094.4,80970.8,80988.2,265.996
1778569200000,80988.2,81073,80850,81039.9,558.6172
1778570100000,81039.9,81106.5,80855,80990.9,483.1173
1778571000000,80990.9,81061.3,80900,80909,539.3604
1778571900000,80909,80938.3,80772,80820,597.556
1778572800000,80820,80898.5,80762.2,80788.8,283.6045
1778573700000,80788.8,80909.4,80727.4,80837.5,344.8559
1778574600000,80837.5,80936.8,80816.9,80927.5,169.645
1778575500000,80927.5,80940,80805.9,80815,138.0291
1778576400000,80815,80869,80733,80748.1,239.2394
1778577300000,80748.1,80775.2,80684.9,80709.2,345.1763
1778578200000,80709.2,80940,80709.2,80893.5,297.3406
1778579100000,80893.5,80922.2,80782.4,80810.5,173.5261
1778580000000,80810.5,80817.3,80750,80777.1,151.2116
1778580900000,80777.1,80801.5,80643.8,80698.5,411.1685
1778581800000,80698.5,80721.3,80601.4,80656.8,340.6252
1778582700000,80656.8,80681.6,80550.1,80647.8,348.9057
1778583600000,80647.8,80675.8,80500,80559.6,556.4346
1778584500000,80559.6,80628.4,80481.3,80612,652.1975
1778585400000,80612,80708.6,80612,80708,294.2441
1778586300000,80708,80757.9,80681.1,80752.7,233.5216
1778587200000,80752.7,80829.2,80667.7,80805.5,334.3508
1778588100000,80805.5,80822.9,80715.8,80787.4,285.7289
1778589000000,80787.4,80977,80587.8,80821.2,1177.1918
1778589900000,80821.2,80945,80821,80842.6,204.6386
1778590800000,80842.6,80893.4,80758,80758,219.4904
1778591700000,80758,80778,80588.4,80620,415.1713
1778592600000,80620,80794.9,80552.2,80739,1110.0059
1778593500000,80739,80846.9,80358.1,80432,1456.3029
1778594400000,80432,80687.6,80355.8,80673.7,852.3226
1778595300000,80673.7,80811.4,80515.7,80609.8,548.4391
1778596200000,80609.8,80849,80369.6,80751.1,994.7004
1778597100000,80751.1,80751.1,80436,80508.3,549.6695
1778598000000,80508.3,80630,80390.7,80573.7,582.793
1778598900000,80573.7,80573.7,80155,80184.7,1470.2126
1778599800000,80184.7,80438.6,80184.7,80331.3,582.6164
1778600700000,80331.3,80409,80239.7,80300.1,435.8392
1778601600000,80300.1,80387.6,80164,80345.4,638.3068
1778602500000,80345.4,80374,80175.3,80256.3,560.158
1778603400000,80256.3,80304.1,80170.4,80220.1,283.8908
1778604300000,80220.1,80250,79805.9,79965.4,2007.3968
1778605200000,79965.4,80169,79913.4,80169,630.6188
1778606100000,80169,80416.5,80169,80394,721.9121
1778607000000,80394,80483,80381.7,80476.7,348.8711
1778607900000,80476.7,80559.1,80425.5,80485.5,246.0145
1778608800000,80485.5,80515.2,80385,80500,421.0026
1778609700000,80500,80543.3,80428.6,80464.3,194.2685
1778610600000,80464.3,80647.7,80457.9,80621.4,260.8123
1778611500000,80621.4,80719.7,80575.1,80632.2,347.6078
1778612400000,80632.2,80794.9,80632.2,80768.1,282.1034
1778613300000,80768.1,80795.8,80670,80670,166.2468
1778614200000,80670,80765,80670,80704,131.5824
1778615100000,80704,80827,80703.6,80789,189.171
1778616000000,80789,80841,80687.5,80719.5,272.9553
1778616900000,80719.5,80771.7,80701.7,80764,89.9173
1778617800000,80764,80764,80592.4,80663.3,196.9435
1778618700000,80663.3,80664.9,80588.9,80644.3,96.7189
1778619600000,80644.3,80690.1,80626.2,80649.7,146.5609
1778620500000,80649.7,80682.6,80575.3,80609.4,93.7109
1778621400000,80609.4,80615.3,80488.5,80534.5,175.8191
1778622300000,80534.5,80555.3,80441.3,80532.9,124.5554
1778623200000,80532.9,80748.6,80532.9,80577.9,305.3873
1778624100000,80577.9,80650,80564.8,80606.5,116.4012
1778625000000,80606.5,80670.7,80567.7,80611.4,74.3561
1778625900000,80611.4,80676,80593,80609.9,59.6163
1778626800000,80609.9,80673,80530.2,80565.2,145.684
1778627700000,80565.2,80628.3,80552.1,80618.3,82.7983
1778628600000,80618.3,80619,80450,80471.5,249.0685
1778629500000,80471.5,80492.8,80400,80459.9,308.7664
1778630400000,80459.9,80503.4,80363,80426.7,317.4769
1778631300000,80426.7,80715,80416.8,80609.9,287.3512
1778632200000,80609.9,80730,80588.2,80695.9,191.3427
1778633100000,80695.9,80700,80569,80666.2,119.8818
1778634000000,80666.2,80956.3,80632.3,80911.8,573.0443
1778634900000,80911.8,81083.3,80817,81017.7,775.9363
1778635800000,81017.7,81111.3,80980.6,81059,440.1027
1778636700000,81059,81145,80926.4,80948,284.1817
1778637600000,80948,81042.4,80883.3,81013.8,204.1731
1778638500000,81013.8,81232.2,80980,81074.7,554.5101
1778639400000,81074.7,81091,80961.9,81011,181.2309
1778640300000,81011,81040.9,80959.1,81000,153.6743
1778641200000,81000,81038.2,80935.4,80963.1,132.2366
1778642100000,80963.1,81050,80930,81038.9,122.7826
1778643000000,81038.9,81145.3,80900,81140,890.2442
1778643900000,81140,81244,81125,81199.9,372.4516
1778644800000,81199.9,81205.9,81089.4,81121.4,173.6649
1778645700000,81121.4,81160.1,81065.4,81149.9,247.4834
1778646600000,81149.9,81225.7,81128,81142.7,315.1755
1778647500000,81142.7,81198.9,81120.6,81185.9,111.2602
1778648400000,81185.9,81187.9,81110.5,81114.7,127.8726
1778649300000,81114.7,81114.7,81037.2,81068.6,215.5956
1778650200000,81068.6,81084,80962.1,80974.2,234.3428
1778651100000,80974.2,81034.5,80943,80967.5,184.8594
1778652000000,80967.5,81050,80942,81049.9,147.2038
1778652900000,81049.9,81105.2,80986.7,81059.1,218.4417
1778653800000,81059.1,81070.1,80977,81011.7,95.1068
1778654700000,81011.7,81011.7,80918.9,80937.4,174.7272
1778655600000,80937.4,80980,80937.3,80965.1,167.1255
1778656500000,80965.1,81000,80854.6,80879,289.3638
1778657400000,80879,80934,80855,80917.9,292.6374
1778658300000,80917.9,80991.9,80895.2,80976,117.1334
1778659200000,80976,81025,80919.6,80975.6,324.5974
1778660100000,80975.6,81076.2,80975.5,80994.8,448.7659
1778661000000,80994.8,81133.8,80900.3,81110,521.625
1778661900000,81110,81163.6,81089,81150,254.2726
1778662800000,81150,81280,81126.8,81190,516.6976
1778663700000,81190,81202.5,81091.5,81120.9,194.6825
1778664600000,81120.9,81256.1,81120.8,81195,456.636
1778665500000,81195,81250,81190.9,81249.9,95.2974
1778666400000,81249.9,81260,81062,81070,242.4692
1778667300000,81070,81118.9,80941,80941.1,374.1205
1778668200000,80941.1,81010.2,80785.2,80820.7,682.9428
1778669100000,80820.7,80859.1,80777.3,80780,506.9749
1778670000000,80780,80825.9,80545,80545,1070.2414
1778670900000,80545,80667.2,80506.4,80551,590.0003
1778671800000,80551,80666.5,80536.2,80664.8,235.2979
1778672700000,80664.8,80680,80471,80485,448.1749
1778673600000,80485,80575.7,80432.3,80510.6,600.6801
1778674500000,80510.6,80542.3,80150,80338.2,1456.3909
1778675400000,80338.2,80338.2,79825.8,80149.6,3383.1183
1778676300000,80149.6,80262,80115.2,80180.4,727.8965
1778677200000,80180.4,80327.8,80172.5,80283,505.7028
1778678100000,80283,80316.2,80114.8,80120.5,375.0465
1778679000000,80120.5,80197,79751.2,79828.5,2305.1093
1778679900000,79828.5,79828.5,79557,79633,2351.0009
1778680800000,79633,79768.4,79454,79703.1,1565.8685
1778681700000,79703.1,79883.1,79650,79841.3,658.0425
1778682600000,79841.3,79849.2,79687.3,79688.2,346.3538
1778683500000,79688.2,79794.9,79634.4,79740.1,346.3762
1778684400000,79740.1,79840,79400,79421.9,1134.0053
1778685300000,79421.9,79467.9,79238,79273.6,1157.6146
1778686200000,79273.6,79340.9,79218.5,79250.1,640.7247
1778687100000,79250.1,79254,78780.4,78830.1,2444.4952
1778688000000,78830.1,79030.3,78755.1,78929.4,1458.6963
1778688900000,78929.4,79063.7,78852.4,79053,696.9151
1778689800000,79053,79160,79031.5,79138.2,644.4515
1778690700000,79138.2,79226,79073,79106.7,431.6328
1778691600000,79106.7,79232.4,79106.7,79228,362.2534
1778692500000,79228,79378.1,79083.6,79334.8,493.4235
1778693400000,79334.8,79432,79315.6,79426.6,259.786
1778694300000,79426.6,79555,79388.8,79504,497.8121
1778695200000,79504,79610,79504,79598,437.1386
1778696100000,79598,79789.6,79541.7,79748.4,852.9095
1778697000000,79748.4,79783.7,79618.3,79618.3,345.3356
1778697900000,79618.3,79654.9,79528.3,79568.3,248.5704
1778698800000,79568.3,79594.1,79443.1,79483.9,257.6819
1778699700000,79483.9,79520.5,79364.4,79471.4,235.883
1778700600000,79471.4,79579.5,79424,79485,223.3405
1778701500000,79485,79619.4,79454.4,79616.6,161.9916
1778702400000,79616.6,79725,79600,79611.1,208.9987
1778703300000,79611.1,79697,79588.5,79588.6,101.4178
1778704200000,79588.6,79709.4,79588.5,79692,92.2267
1778705100000,79692,79735.4,79641.4,79671.9,250.6599
1778706000000,79671.9,79671.9,79300.4,79413.2,356.5433
1778706900000,79413.2,79413.8,79352.7,79387.7,219.5712
1778707800000,79387.7,79471.7,79385,79440,86.4111
1778708700000,79440,79488,79339.4,79363.9,166.7479
1778709600000,79363.9,79412,79185,79373.1,392.8325
1778710500000,79373.1,79373.1,79231.5,79284,124.8831
1778711400000,79284,79374.9,79200,79368.4,146.7825
1778712300000,79368.4,79437,79363.2,79387.9,150.3962
1778713200000,79387.9,79467,79313.9,79339.6,172.5472
1778714100000,79339.6,79400,79243.4,79312.7,162.2155
1778715000000,79312.7,79338,79214.2,79273.3,168.64
1778715900000,79273.3,79281.4,79190,79281.4,108.7314
1778716800000,79281.4,79499,79266,79499,334.8898
1778717700000,79499,79556.2,79405.9,79422.6,222.2818
1778718600000,79422.6,79608,79422.6,79608,225.9589
1778719500000,79608,79648.7,79515.9,79536.2,204.1809
1778720400000,79536.2,79650,79507.8,79577.4,276.7329
1778721300000,79577.4,79600,79467.1,79507.6,183.0611
1778722200000,79507.6,79555.5,79368,79449.3,264.7728
1778723100000,79449.3,79645.1,79396.4,79560,302.4002
1778724000000,79560,79644,79543.3,79546.5,219.8176
1778724900000,79546.5,79624.5,79520,79619.8,163.3193
1778725800000,79619.8,79619.8,79507.3,79560.8,185.0237
1778726700000,79560.8,79563.1,79180.1,79331.9,549.8075
1778727600000,79331.9,79422.9,79110.1,79239.3,561.8124
1778728500000,79239.3,79327,78940,79284.9,900.9323
1778729400000,79284.9,79369,79130,79166,356.2713
1778730300000,79166,79167.6,78865.6,79012.1,749.9488
1778731200000,79012.1,79225,78936.7,79224.9,336.5708
1778732100000,79224.9,79332.2,79212.2,79282.4,234.012
1778733000000,79282.4,79350,79266.8,79345.1,200.6271
1778733900000,79345.1,79440.3,79291.8,79408.2,269.4317
1778734800000,79408.2,79440.8,79358.3,79369.7,173.1059
1778735700000,79369.7,79580.9,79338,79560.9,335.0922
1778736600000,79560.9,79733.7,79560.9,79664,559.3731
1778737500000,79664,79950.3,79664,79767.7,944.9801
1778738400000,79767.7,79903.9,79765,79875,282.8915
1778739300000,79875,79877,79774.1,79774.1,179.1219
1778740200000,79774.1,79833.3,79715.5,79828.8,288.0107
1778741100000,79828.8,79832.8,79751.9,79757.6,144.1648
1778742000000,79757.6,79817.7,79673,79699.9,326.941
1778742900000,79699.9,79796,79653.1,79741,310.2808
1778743800000,79741,79887.8,79741,79856,538.3999
1778744700000,79856,79863.3,79683.3,79690,253.4985
1778745600000,79690,79839.5,79583,79793.2,759.8349
1778746500000,79793.2,79820,79670,79732.8,280.2889
1778747400000,79732.8,79888,79732.8,79847.1,635.5089
1778748300000,79847.1,79853.9,79744,79774.8,130.6664
1778749200000,79774.8,79868.6,79768,79792.5,243.6039
1778750100000,79792.5,79801.9,79688,79695.3,197.1228
1778751000000,79695.3,79702,79550,79632,394.6224
1778751900000,79632,79632,79534,79600.1,203.0112
1778752800000,79600.1,79708.1,79525,79586.8,528.7201
1778753700000,79586.8,79722,79586.8,79655.5,311.3158
1778754600000,79655.5,79655.6,79371.2,79420,519.7484
1778755500000,79420,79600,79419.9,79533,190.4797
1778756400000,79533,79573.9,79457.7,79457.7,164.4708
1778757300000,79457.7,79520,79216.7,79318.7,419.2982
1778758200000,79318.7,79361.1,79233.2,79242.1,257.6478
1778759100000,79242.1,79295.6,79193.8,79214.8,214.4582
1778760000000,79214.8,79373.2,79200,79328.3,257.7661
1778760900000,79328.3,79424,79251.2,79392.1,179.6815
1778761800000,79392.1,79650,79364.5,79650,515.9849
1778762700000,79650,79747.5,79631.7,79731.5,428.3372
1778763600000,79731.5,79851.4,79675.7,79845.5,473.3603
1778764500000,79845.5,80024,79717.3,79906.6,1147.1882
1778765400000,79906.6,79937.4,79637.7,79814.2,788.4492
1778766300000,79814.2,80010,79608.3,79654.4,693.0766
1778767200000,79654.4,79935.7,79519,79917.9,1105.7816
1778768100000,79917.9,80199.9,79907.9,80099.9,1730.658
1778769000000,80099.9,80329.9,80039.9,80287.9,1332.1894
1778769900000,80287.9,80961,80287.9,80908.6,3482.8036
1778770800000,80908.6,81116.9,80753.4,80929.9,2208.0318
1778771700000,80929.9,81079.4,80845,80935,790.02
1778772600000,80935,81021,80743,80959.9,865.4468
1778773500000,80959.9,81270,80942.1,81232.5,1254.4531
1778774400000,81232.5,81546.1,81232.5,81496,2297.7962
1778775300000,81496,81529.8,81323.5,81488.9,1113.1664
1778776200000,81488.9,81571.6,81277.6,81441.7,1162.2111
1778777100000,81441.7,81850,81005,81829.2,2142.9779
1778778000000,81829.2,81998.4,81640.8,81662.1,1924.8928
1778778900000,81662.1,81663.7,81221,81422.1,1561.6429
1778779800000,81422.1,81681,81382.9,81597.1,924.9338
1778780700000,81597.1,81748.2,81597.1,81628.1,621.6197
1778781600000,81628.1,81800,81421.8,81798.1,1020.5852
1778782500000,81798.1,81900,81691.9,81806.2,991.9909
1778783400000,81806.2,81823.8,81433.6,81479.8,1628.6929
1778784300000,81479.8,81588.8,81377.8,81521.1,439.5505
1778785200000,81521.1,81660.4,81480,81495.8,388.6572
1778786100000,81495.8,81580,81265.1,81289.7,600.6891
1778787000000,81289.7,81433.8,81282.4,81392,349.6649
1778787900000,81392,81433.2,81319.8,81372.6,295.7392
1778788800000,81372.6,81541,81300.6,81300.6,230.5632
1778789700000,81300.6,81365,81180,81235.4,326.6798
1778790600000,81235.4,81261.9,81120,81201.6,250.4296
1778791500000,81201.6,81426.3,81201.6,81377.1,231.8581
1778792400000,81377.1,81438.9,81280,81288,161.1907
1778793300000,81288,81420.2,81220.1,81377,139.0005
1778794200000,81377,81482,81371,81415.6,114.4992
1778795100000,81415.6,81418.5,81323.4,81350.1,109.5114
1778796000000,81350.1,81469.8,81290,81469.8,197.3288
1778796900000,81469.8,81469.8,81365.2,81408.7,88.0118
1778797800000,81408.7,81495.6,81397.5,81469.9,139.3407
1778798700000,81469.9,81520,81379.5,81414.8,147.0328
1778799600000,81414.8,81414.9,81136.4,81216.7,336.8021
1778800500000,81216.7,81344.8,81151,81328.2,141.3406
1778801400000,81328.2,81328.3,81172.3,81178.7,98.389
1778802300000,81178.7,81178.7,81012,81056.6,514.1806
1778803200000,81056.6,81440.6,81024.2,81440.6,352.8117
1778804100000,81440.6,81453.8,81315.2,81419.3,208.3343
1778805000000,81419.3,81631.1,81220.2,81298.2,594.2241
1778805900000,81298.2,81543,81298.2,81471,217.8081
1778806800000,81471,81573.6,81455.6,81490,172.1176
1778807700000,81490,81549.5,81335.2,81335.2,224.215
1778808600000,81335.2,81438.4,81164.8,81347.5,437.0188
1778809500000,81347.5,81347.6,81070,81096.9,311.7348
1778810400000,81096.9,81159.5,80835.9,80909,1248.3382
1778811300000,80909,81002.7,80830,80874.3,511.2647
1778812200000,80874.3,81098.6,80716,81060,902.0377
1778813100000,81060,81317.8,81059.9,81262.6,640.9079
1778814000000,81262.6,81310,81100,81191.4,301.3804
1778814900000,81191.4,81229.9,81124.8,81220.1,197.9416
1778815800000,81220.1,81220.1,80888.9,80955.4,608.9599
1778816700000,80955.4,81078.3,80938,81030.3,207.749
1778817600000,81030.3,81069,80921.1,81000.8,164.1137
1778818500000,81000.8,81039.7,80862.1,80869.6,354.0313
1778819400000,80869.6,81002.9,80845,80887,239.4214
1778820300000,80887,80915.4,80661.1,80692.1,498.2782
1778821200000,80692.1,80820.5,80609.2,80791.8,550.67
1778822100000,80791.8,80850.9,80736,80769.8,318.0369
1778823000000,80769.8,80792.4,80279.1,80444.1,1877.7174
1778823900000,80444.1,80540,80288,80332,546.342
1778824800000,80332,80446.2,80290,80390,443.5496
1778825700000,80390,80499.9,80286.6,80499.8,457.7559
1778826600000,80499.8,80611,80477,80568,437.653
1778827500000,80568,80606.8,80522.4,80553.4,271.9043
1778828400000,80553.4,80757.3,80529.5,80742.5,438.769
1778829300000,80742.5,80975,80676.1,80877.9,968.7328
1778830200000,80877.9,80878,80694.3,80786.4,758.0403
1778831100000,80786.4,80846,80742.2,80785.6,198.0785
1778832000000,80785.6,80799.9,80627.3,80700,431.4099
1778832900000,80700,80700,80488,80503.3,488.8721
1778833800000,80503.3,80683.5,80376.4,80650.2,574.342
1778834700000,80650.2,80654.9,80521.8,80614,242.0548
1778835600000,80614,80646.1,80513.2,80540.4,192.3078
1778836500000,80540.4,80546.9,80411,80542.2,381.1273
1778837400000,80542.2,80611,80385.1,80387.2,286.0171
1778838300000,80387.2,80471.7,80312,80453.9,359.8482
1778839200000,80453.9,80566.3,80369.2,80554,341.4726
1778840100000,80554,80557.6,80457.5,80473.7,126.6634
1778841000000,80473.7,80534.6,80409.3,80499.3,150.3066
1778841900000,80499.3,80743.3,80484.9,80681.8,469.4648
1778842800000,80681.8,80720.9,80555,80640,174.4538
1778843700000,80640,80680,80550.7,80591.3,131.8899
1778844600000,80591.3,80617.3,80549.3,80605.1,148.9891
1778845500000,80605.1,80675.4,80553.3,80589.9,189.7474
1778846400000,80589.9,80605,80360,80369.8,577.908
1778847300000,80369.8,80547.2,80334,80499.4,249.0117
1778848200000,80499.4,80521,80350.2,80360.1,706.5168
1778849100000,80360.1,80408.9,80279,80349.8,372.0383
1778850000000,80349.8,80349.8,80027.3,80098.5,1134.6416
1778850900000,80098.5,80169.3,79963.1,79976,658.6165
1778851800000,79976,79978.8,79063,79113,4392.5253
1778852700000,79113,79261,78650.1,78731.5,3628.3249
1778853600000,78731.5,79326.9,78600.7,79226.9,2448.9262
1778854500000,79226.9,79291.5,78975,79050.7,918.1879
1778855400000,79050.7,79259.9,78964.5,79189.7,579.4755
1778856300000,79189.7,79277,78925.3,79122.4,621.1227
1778857200000,79122.4,79300,79049.1,79206.4,744.1616
1778858100000,79206.4,79417.5,79085.4,79115.1,1199.733
1778859000000,79115.1,79206,79070,79074.2,520.2673
1778859900000,79074.2,79226,79000,79130.7,245.882
1778860800000,79130.7,79233.4,79106.8,79174.2,197.3074
1778861700000,79174.2,79304.5,79113,79296.4,281.2204
1778862600000,79296.4,79370,79232.3,79256.1,229.2855
1778863500000,79256.1,79320,79120.1,79275.9,202.5022
1778864400000,79275.9,79334.2,79205,79238.2,180.0509
1778865300000,79238.2,79436.5,79200,79350,414.3279
1778866200000,79350,79479,79343.8,79377,285.7861
1778867100000,79377,79486,79347,79438.4,125.0144
1778868000000,79438.4,79540.5,79404.3,79454,289.2459
1778868900000,79454,79468.2,79200,79257.1,409.2735
1778869800000,79257.1,79300,79147.7,79268.9,808.8675
1778870700000,79268.9,79317,79180.5,79251,146.6883
1778871600000,79251,79272.2,79029.6,79059.2,322.9147
1778872500000,79059.2,79145,79059.2,79101,160.3196
1778873400000,79101,79175.5,79062.8,79098.8,164.4688
1778874300000,79098.8,79166.8,79082.1,79109.2,129.1924
1778875200000,79109.2,79199.9,79051.3,79122.5,152.121
1778876100000,79122.5,79153.3,79050,79149.9,104.8561
1778877000000,79149.9,79174.9,79050.8,79063.6,98.003
1778877900000,79063.6,79105.2,78966.5,79100.4,206.3631
1778878800000,79100.4,79171.2,79080.2,79164,82.9881
1778879700000,79164,79181.7,79093.1,79100.3,71.042
1778880600000,79100.3,79129.2,79055.4,79111.2,100.1143
1778881500000,79111.2,79129.4,78880,78953.9,292.0667
1778882400000,78953.9,79076.9,78949.4,79045.9,92.5471
1778883300000,79045.9,79070.9,78980,79065.2,62.4271
1778884200000,79065.2,79131.9,79032.1,79106,82.6268
1778885100000,79106,79130,79067.6,79088.9,65.8944
1778886000000,79088.9,79130,79072.8,79087.4,56.6299
1778886900000,79087.4,79147.8,79056,79091.8,138.1688
1778887800000,79091.8,79119.4,79056.9,79118.8,64.1108
1778888700000,79118.8,79118.8,79077.8,79087.6,90.5301
1778889600000,79087.6,79180.1,79058.1,79162,155.9784
1778890500000,79162,79193.3,79139.6,79169.6,83.1731
1778891400000,79169.6,79210,79142.4,79143,72.7768
1778892300000,79143,79160.3,79057.4,79095,91.1116
1778893200000,79095,79128.8,79063.2,79126.5,67.386
1778894100000,79126.5,79150.7,79010,79017.4,103.7759
1778895000000,79017.4,79054.3,78991.7,79012.2,94.8039
1778895900000,79012.2,79171,79012.1,79148.4,107.0296
1778896800000,79148.4,79188.8,79087,79181.9,89.1822
1778897700000,79181.9,79190,79123.8,79133.4,48.5325
1778898600000,79133.4,79133.4,79056.1,79074.1,127.3318
1778899500000,79074.1,79137.8,79061,79131.1,38.0607
1778900400000,79131.1,79172.7,79114.7,79147.5,79.5062
1778901300000,79147.5,79166.6,79135.2,79166.5,123.2429
1778902200000,79166.5,79166.6,79055.2,79055.3,96.6437
1778903100000,79055.3,79110.6,79040,79060.7,79.7756
1778904000000,79060.7,79116.3,79030,79060,96.5581
1778904900000,79060,79082.2,79026.2,79026.2,56.851
1778905800000,79026.2,79033.6,78830.5,78979.4,464.0847
1778906700000,78979.4,79021,78943.7,79021,95.3217
1778907600000,79021,79022.4,78908.7,79018,89.1307
1778908500000,79018,79018.1,79000.8,79007.3,44.8208
1778909400000,79007.3,79022.3,78920.1,78982.1,135.8021
1778910300000,78982.1,79012.8,78943.3,79012.8,68.6209
1778911200000,79012.8,79032.3,78900,78913,82.8122
1778912100000,78913,78913,78767.8,78808.7,468.2018
1778913000000,78808.7,78879.8,78714.3,78724,390.6816
1778913900000,78724,78765.7,78423,78624.6,1711.8179
1778914800000,78624.6,78624.6,78088,78230.3,2085.7387
1778915700000,78230.3,78490,78016.5,78436.1,1871.2803
1778916600000,78436.1,78547.1,78322.2,78480.1,814.1576
1778917500000,78480.1,78493,78316,78350,381.6754
1778918400000,78350,78450,78311.1,78395.7,284.3427
1778919300000,78395.7,78412.9,78350,78387.9,154.0224
1778920200000,78387.9,78522.3,78371.5,78449.9,254.1705
1778921100000,78449.9,78450,78352,78400,181.2228
1778922000000,78400,78422.1,78220,78240,374.6638
1778922900000,78240,78254.8,77860,78040.1,2414.2205
1778923800000,78040.1,78175.6,78020,78106.1,428.0543
1778924700000,78106.1,78195,77984.5,78069.4,362.362
1778925600000,78069.4,78095.6,77795.1,77900.1,1088.5
1778926500000,77900.1,77954.4,77625.8,77763.4,774.5412
1778927400000,77763.4,77980,77750,77894.7,538.8736
1778928300000,77894.7,77987.6,77872.4,77961.7,194.5464
1778929200000,77961.7,78103.5,77961.6,78074.1,716.4013
1778930100000,78074.1,78150,78050.8,78129.5,263.8132
1778931000000,78129.5,78185.8,78090,78150.8,208.3094
1778931900000,78150.8,78162.5,78058.5,78070,160.9754
1778932800000,78070,78121.6,78019.7,78070.8,297.576
1778933700000,78070.8,78070.8,77910,77979.9,333.3289
1778934600000,77979.9,78072.5,77979.9,78058.1,164.6539
1778935500000,78058.1,78110,77993,77993.1,171.7635
1778936400000,77993.1,78003.3,77880,77892.4,295.1554
1778937300000,77892.4,77979,77853.3,77951.6,312.2148
1778938200000,77951.6,77973,77821.9,77902,249.2676
1778939100000,77902,78011.3,77883.6,78011.2,198.222
1778940000000,78011.2,78048,77880,77951.1,227.3353
1778940900000,77951.1,78061.1,77895.3,77987.8,248.3777
1778941800000,77987.8,78222.6,77987.8,78215.7,391.528
1778942700000,78215.7,78339,78083.6,78114.9,603.3519
1778943600000,78114.9,78219,78057.6,78109.7,353.1788
1778944500000,78109.7,78185.1,78069.2,78113.4,188.3496
1778945400000,78113.4,78219.9,78113.4,78200.1,158.2788
1778946300000,78200.1,78277,78190.9,78218.3,149.3722
1778947200000,78218.3,78355.6,78169.1,78224.8,367.8646
1778948100000,78224.8,78324.2,78195,78267.6,121.3785
1778949000000,78267.6,78299.8,78100,78134.7,221.4475
1778949900000,78134.7,78210,78130.4,78187.7,142.5082
1778950800000,78187.7,78259.9,78179.1,78250.2,103.4134
1778951700000,78250.2,78300,78204.9,78269,83.8682
1778952600000,78269,78306.7,78249,78253.8,109.2995
1778953500000,78253.8,78284.7,78182.9,78182.9,80.289
1778954400000,78182.9,78237.6,78155,78181.4,134.0535
1778955300000,78181.4,78200,78131.4,78188.8,99.4247
1778956200000,78188.8,78261.5,78166,78238.2,135.3072
1778957100000,78238.2,78317.1,78210.1,78219.2,159.861
1778958000000,78219.2,78253.9,78189.8,78222.6,34.6705
1778958900000,78222.6,78284.5,78205.7,78261.7,37.1644
1778959800000,78261.7,78280,78240,78248.4,37.451
1778960700000,78248.4,78288.3,78203.2,78241.9,54.513
1778961600000,78241.9,78284.4,78241.5,78276.7,44.7255
1778962500000,78276.7,78310,78261.1,78261.1,64.1121
1778963400000,78261.1,78266.8,78182.8,78209.9,63.2857
1778964300000,78209.9,78255.9,78191.4,78236,65.5958
1778965200000,78236,78295.4,78210.9,78285.2,66.0297
1778966100000,78285.2,78285.2,78210.4,78254.8,88.7839
1778967000000,78254.8,78273.5,78191.5,78269.3,68.9571
1778967900000,78269.3,78284.2,78230,78248.6,40.7318
1778968800000,78248.6,78264,78152,78218.1,87.6084
1778969700000,78218.1,78260.9,78218.1,78241.1,43.1723
1778970600000,78241.1,78257.1,78199.8,78199.9,35.2964
1778971500000,78199.9,78208.1,78161,78161,40.2309
1778972400000,78161,78183.6,78132.3,78170.3,58.5318
1778973300000,78170.3,78250,78170.3,78206.9,45.3049
1778974200000,78206.9,78234.6,78182.4,78199,51.3678
1778975100000,78199,78214.8,78101.2,78121.7,109.2297
1778976000000,78121.7,78228,78121.7,78170,139.3988
1778976900000,78170,78200.2,78115.2,78175.6,70.9871
1778977800000,78175.6,78208.8,78101,78116.6,67.7308
1778978700000,78116.6,78137,77777.5,77927.9,639.6652
1778979600000,77927.9,78094.1,77794.3,78029.1,660.3425
1778980500000,78029.1,78070.3,77884.6,77960.2,221.506
1778981400000,77960.2,77980.7,77700,77767.1,546.4588
1778982300000,77767.1,77857.1,77702.5,77702.5,219.1338
1778983200000,77702.5,77916.8,77700,77844.8,391.4079
1778984100000,77844.8,77909,77811.9,77876.8,216.019
1778985000000,77876.8,77911.2,77827.2,77888.1,114.7784
1778985900000,77888.1,77907.8,77825.6,77870.1,142.3887
1778986800000,77870.1,77990,77862.3,77942.9,132.5985
1778987700000,77942.9,77991.5,77935.1,77981,89.4962
1778988600000,77981,78040,77951.6,78008,333.212
1778989500000,78008,78064,77967.4,77992.6,62.9115
1778990400000,77992.6,78063.8,77970.6,78025.5,101.1848
1778991300000,78025.5,78122.4,78025.4,78061.7,171.416
1778992200000,78061.7,78171,78023.9,78149,136.5182
1778993100000,78149,78175,78120,78125.6,142.751
1778994000000,78125.6,78295.2,78109.8,78210.3,321.9643
1778994900000,78210.3,78225,78142.9,78146.6,100.9188
1778995800000,78146.6,78180,78120,78126.5,97.1257
1778996700000,78126.5,78157.5,78076.9,78096,122.7291
1778997600000,78096,78178,78095.9,78158.3,56.9155
1778998500000,78158.3,78174,77982.4,78050,161.9399
1778999400000,78050,78096.9,78006.8,78011.8,62.9881
1779000300000,78011.8,78077.6,78011.8,78077.6,49.0715
1779001200000,78077.6,78086.5,78040,78062.4,47.3927
1779002100000,78062.4,78118.6,78022.2,78088.2,72.8656
1779003000000,78088.2,78177.9,78073,78120,112.3668
1779003900000,78120,78168,78119.9,78149.7,56.3346
1779004800000,78149.7,78166.3,78113.7,78114.3,148.6129
1779005700000,78114.3,78123.2,78031,78041.1,165.5072
1779006600000,78041.1,78084,78000.7,78077.3,81.3194
1779007500000,78077.3,78077.3,78039.2,78062.2,47.6942
1779008400000,78062.2,78115.9,78050,78100.1,48.7758
1779009300000,78100.1,78128,78065.6,78118.8,103.9109
1779010200000,78118.8,78118.8,78060,78093.8,39.2584
1779011100000,78093.8,78270.9,78093.7,78221.4,269.2986
1779012000000,78221.4,78507.8,78213.8,78409.3,821.1583
1779012900000,78409.3,78569.9,78369.1,78490,507.3916
1779013800000,78490,78510,78390,78444.8,270.6172
1779014700000,78444.8,78451.7,78392,78433.5,200.417
1779015600000,78433.5,78445,78323.3,78328.6,207.4556
1779016500000,78328.6,78351.8,78269.2,78308.9,253.5788
1779017400000,78308.9,78400,78261,78373.9,140.0131
1779018300000,78373.9,78435.7,78344,78380,117.1667
1779019200000,78380,78422,78333.3,78359.1,125.4341
1779020100000,78359.1,78410,78315.3,78399.1,100.9417
1779021000000,78399.1,78529.1,78382.5,78450,218.6126
1779021900000,78450,78469.2,78289.5,78330.1,148.5093
1779022800000,78330.1,78330.1,78224.3,78224.3,284.4024
1779023700000,78224.3,78260.5,78135.3,78260.5,309.8953
1779024600000,78260.5,78313.2,78200.1,78227.7,139.9301
1779025500000,78227.7,78257.9,78141.5,78170.8,130.6366
1779026400000,78170.8,78181.6,78022,78036.5,421.4748
1779027300000,78036.5,78087.8,77800,78001.7,1038.6913
1779028200000,78001.7,78043.4,77914.7,77973,178.1646
1779029100000,77973,78062.3,77973,78016.2,159.4681
1779030000000,78016.2,78089,77968.2,78057.1,170.2741
1779030900000,78057.1,78057.1,77879.5,77960,230.6206
1779031800000,77960,78029.5,77939.6,78000,125.3012
1779032700000,78000,78036,77974,78013.2,64.7804
1779033600000,78013.2,78103.9,78012.3,78033.8,115.6318
1779034500000,78033.8,78116.5,78011.4,78112.9,90.1829
1779035400000,78112.9,78160,78077.2,78137,119.2363
1779036300000,78137,78137.1,77992,77999.9,188.7774
1779037200000,77999.9,78023.1,77851,77887.3,319.0234
1779038100000,77887.3,77959.7,77816.4,77949.8,176.9819
1779039000000,77949.8,78018,77867,78017.9,137.7873
1779039900000,78017.9,78064.9,77988.8,78054.5,111.528
1779040800000,78054.5,78217.9,78036.9,78093.8,257.8979
1779041700000,78093.8,78115.8,77971.4,78097.4,2298.8549
1779042600000,78097.4,78148.5,78080.5,78092.1,4415.0026
1779043500000,78092.1,78246.5,78083.5,78233,153.2309
1779044400000,78233,78265.6,78192,78230.1,573.3481
1779045300000,78230.1,78270,78190.3,78194.6,185.6387
1779046200000,78194.6,78392,78180.2,78345.3,182.3093
1779047100000,78345.3,78447.4,78318,78379.3,369.7181
1779048000000,78379.3,78412.6,78290.7,78306.8,156.1005
1779048900000,78306.8,78317.9,78214.3,78260,229.7626
1779049800000,78260,78342.8,78208.4,78255.1,217.2807
1779050700000,78255.1,78271,78234.1,78234.2,36.2883
1779051600000,78234.2,78270.7,78203.2,78270.7,119.1111
1779052500000,78270.7,78410,78235.5,78402,219.5196
1779053400000,78402,78457.3,78330.1,78396.3,381.4867
1779054300000,78396.3,78430,78357.2,78371,216.7724
1779055200000,78371,78380.6,77920,78094.1,1076.5345
1779056100000,78094.1,78126.1,77916.3,77961.1,376.8261
1779057000000,77961.1,78105.1,77916.9,78022.2,168.8177
1779057900000,78022.2,78022.2,77786,77973.7,475.7362
1779058800000,77973.7,77980.8,77729,77825.1,389.7071
1779059700000,77825.1,77948.6,77651,77804.4,596.2134
1779060600000,77804.4,77870.8,76685.3,77223.1,5283.1771
1779061500000,77223.1,77514.2,77088,77424.3,1507.5852
1779062400000,77424.3,77449.8,76880,77179.9,1511.7414
1779063300000,77179.9,77307.3,77056,77118.7,563.9035
1779064200000,77118.7,77190.3,76920.5,76986.4,583.4619
1779065100000,76986.4,77199.5,76920.8,77180.2,993.3764
1779066000000,77180.2,77262.9,77028.4,77028.4,871.1371
1779066900000,77028.4,77044.3,76808.9,76870.1,1204.7473
1779067800000,76870.1,76908.2,76735.6,76813,803.1655
1779068700000,76813,77138.2,76716.4,77094.1,865.9311
1779069600000,77094.1,77196.8,77025,77142.1,668.7113
1779070500000,77142.1,77147.1,76926.4,77016.9,317.6503
1779071400000,77016.9,77028.3,76811,76855.5,562.8762
1779072300000,76855.5,76913.6,76676.4,76812.6,676.0761
1779073200000,76812.6,76995.6,76812.6,76852.4,525.8264
1779074100000,76852.4,76980.4,76820,76939.2,198.6299
1779075000000,76939.2,77000,76788.3,76984.1,230.0361
1779075900000,76984.1,76995.7,76867.5,76909.2,175.1675
1779076800000,76909.2,77025,76902.8,76998.9,376.016
1779077700000,76998.9,77014.5,76756,76800,583.9119
1779078600000,76800,76982,76760,76974.9,343.7815
1779079500000,76974.9,77046.9,76883.2,77016,375.2299
1779080400000,77016,77060,76972.6,77011,186.4383
1779081300000,77011,77040.6,76903.6,77008.7,212.4801
1779082200000,77008.7,77049.1,76858.2,76877.3,198.0431
1779083100000,76877.3,76957,76860.2,76893.1,254.3407
1779084000000,76893.1,76931.8,76555,76861.5,1435.461
1779084900000,76861.5,76955.1,76670,76705.5,472.52
1779085800000,76705.5,76825.6,76626.5,76808.4,344.7684
1779086700000,76808.4,76932.8,76808.4,76896.7,249.7877
1779087600000,76896.7,76964.5,76850,76929,472.3738
1779088500000,76929,77050,76740.1,77013.4,510.4396
1779089400000,77013.4,77060,76901.1,76941.6,226.0325
1779090300000,76941.6,77072.6,76941.6,77044.7,328.0653
1779091200000,77044.7,77170,76982.4,77012.2,703.4901
1779092100000,77012.2,77049.2,76938.5,76958.3,288.7956
1779093000000,76958.3,76975.1,76860,76927,258.4316
1779093900000,76927,77010,76873,77010,177.0263
1779094800000,77010,77030,76855,76880.1,192.4163
1779095700000,76880.1,76960,76870.3,76942.1,97.457
1779096600000,76942.1,77000,76878.2,76925.9,153.8046
1779097500000,76925.9,76970,76884,76910.4,157.2517
1779098400000,76910.4,76933,76752.1,76753.8,409.3224
1779099300000,76753.8,76810,76688.4,76800.2,296.2307
1779100200000,76800.2,76837,76745.5,76796.8,186.3516
1779101100000,76796.8,76876.6,76747.9,76747.9,167.5962
1779102000000,76747.9,76770.8,76641.5,76739.3,250.6855
1779102900000,76739.3,76852.1,76733.2,76790.1,167.7622
1779103800000,76790.1,77388,76755.4,77331.9,1192.0137
1779104700000,77331.9,77348.2,77187,77265,599.3586
1779105600000,77265,77461,77254.7,77407.9,923.6741
1779106500000,77407.9,77530,77270,77316.5,894.4868
1779107400000,77316.5,77700,77270,77696.7,1044.297
1779108300000,77696.7,77765,77555,77614.6,614.3032
1779109200000,77614.6,77618.1,77428.6,77461.6,486.8924
1779110100000,77461.6,77466.7,77250.1,77250.1,427.9975
1779111000000,77250.1,77263.7,76710.8,76789.4,2217.0522
1779111900000,76789.4,77128.7,76661.2,76920,1280.506
1779112800000,76920,76933,76650,76674,1046.9181
1779113700000,76674,76812.6,76388,76622.8,2828.4767
1779114600000,76622.8,76696.5,76200,76458,2276.1835
1779115500000,76458,76478.8,76283.9,76373.2,669.7891
1779116400000,76373.2,76418,76066,76265.6,1608.6878
1779117300000,76265.6,76291.9,76040.5,76070.8,1281.6367
1779118200000,76070.8,76342,76010,76298.2,796.735
1779119100000,76298.2,76470.8,76256.9,76398.6,668.8988
1779120000000,76398.6,76575,76223.7,76489.2,612.6477
1779120900000,76489.2,76641.9,76193.2,76260.1,660.6207
1779121800000,76260.1,76520,76210,76442.1,280.3365
1779122700000,76442.1,76524.9,76375.9,76392.7,432.9968
1779123600000,76392.7,76619.8,76343,76539.9,462.2989
1779124500000,76539.9,76677,76539.8,76643.3,523.8664
1779125400000,76643.3,76659.9,76521.4,76639.9,277.5109
1779126300000,76639.9,76735,76614.7,76680.1,458.1539
1779127200000,76680.1,76680.1,76400.1,76419,236.3895
1779128100000,76419,76434.4,76112.6,76327.7,819.3214
1779129000000,76327.7,76395.2,76236.2,76300,294.3849
1779129900000,76300,76367.5,76190,76221.2,277.9545
1779130800000,76221.2,76898.4,76200,76594.1,1589.7445
1779131700000,76594.1,76692,76512.5,76603.6,304.0151
1779132600000,76603.6,76886.2,76580.6,76864.8,359.7127
1779133500000,76864.8,76982,76798.5,76896,635.5813
1779134400000,76896,77044.5,76840,77019.6,392.3967
1779135300000,77019.6,77134.9,77010,77102,558.2832
1779136200000,77102,77153,76930.1,76937.9,273.2862
1779137100000,76937.9,77018,76850.5,76872.9,339.7671
1779138000000,76872.9,76989.9,76757.7,76879.9,319.1168
1779138900000,76879.9,77047.6,76879.9,76993,149.2664
1779139800000,76993,77149,76931,76989,238.4423
1779140700000,76989,77095.8,76938.4,77060.2,116.5081
1779141600000,77060.2,77134.2,77002.2,77100.1,183.8162
1779142500000,77100.1,77197.9,77052,77103.8,287.8027
1779143400000,77103.8,77129.8,76990,77009.6,236.7986
1779144300000,77009.6,77046.1,76880.9,77038.2,307.8981
1779145200000,77038.2,77127.1,77020.7,77036.1,187.4335
1779146100000,77036.1,77044.5,76980,76988.1,114.8557
1779147000000,76988.1,77083,76944.5,77076.7,142.8052
1779147900000,77076.7,77076.7,76900,76958.9,163.4211
1779148800000,76958.9,77120,76904.6,77075.2,476.6495
1779149700000,77075.2,77379.4,77050.1,77177.6,615.3134
1779150600000,77177.6,77230,77080.2,77143.1,189.1499
1779151500000,77143.1,77275,77101.9,77101.9,177.6562
1779152400000,77101.9,77115.5,77000.7,77082.9,295.9363
1779153300000,77082.9,77090,76666,76732.7,760.8835
1779154200000,76732.7,76900,76640,76824.3,468.144
1779155100000,76824.3,76832.8,76625.9,76628.8,204.4472
1779156000000,76628.8,76696.3,76441.1,76687.4,519.5801
1779156900000,76687.4,76977.5,76633.7,76791.9,408.7048
1779157800000,76791.9,76818,76695.7,76722.3,172.1405
1779158700000,76722.3,76755.6,76572.4,76580,193.4932
1779159600000,76580,76747.6,76553.1,76744.7,200.4444
1779160500000,76744.7,76839.5,76652.1,76718.8,239.998
1779161400000,76718.8,76820,76718.8,76819.9,97.1955
1779162300000,76819.9,76835.9,76728.2,76752.8,149.7289
1779163200000,76752.8,76913.1,76691,76857.9,307.1146
1779164100000,76857.9,76857.9,76658.5,76700,171.2588
1779165000000,76700,76876.8,76700,76850.6,112.9143
1779165900000,76850.6,76909,76830,76892,132.7721
1779166800000,76892,76913.1,76800,76835.5,104.6257
1779167700000,76835.5,76835.5,76600.4,76789.5,433.0316
1779168600000,76789.5,76970.8,76733.6,76878.3,239.9213
1779169500000,76878.3,76949.9,76836,76871,103.1713
1779170400000,76871,76988,76850,76953,312.0621
1779171300000,76953,77009.9,76902.7,76976.7,144.8161
1779172200000,76976.7,77064.3,76904.1,77041.9,200.831
1779173100000,77041.9,77057.4,76951.2,76988,305.8494
1779174000000,76988,77100,76930,77099.9,326.8176
1779174900000,77099.9,77226.9,77068,77104.7,877.919
1779175800000,77104.7,77240,77095.9,77220,316.2581
1779176700000,77220,77240.8,77175.2,77194.2,184.951
1779177600000,77194.2,77216.6,77010,77075,269.4792
1779178500000,77075,77154.4,76923.4,77028.8,415.6913
1779179400000,77028.8,77281.6,76971.3,77140,819.6922
1779180300000,77140,77177.1,77001.9,77009.3,247.9866
1779181200000,77009.3,77030.7,76954.7,76987.2,208.395
1779182100000,76987.2,76987.2,76694,76732.7,883.9123
1779183000000,76732.7,76821.2,76666.2,76765.9,331.8108
1779183900000,76765.9,76808,76708,76780.1,185.7013
1779184800000,76780.1,76846.4,76724.4,76772.3,195.273
1779185700000,76772.3,76803.6,76713.1,76802.4,153.9452
1779186600000,76802.4,76954.2,76715.4,76720.4,462.721
1779187500000,76720.4,77069.8,76666,77008.4,502.2808
1779188400000,77008.4,77044.4,76940,76960,209.3163
1779189300000,76960,76990,76814,76846.1,289.7353
1779190200000,76846.1,76860,76589.5,76631,384.9576
1779191100000,76631,76736.3,76631,76680.1,260.0592
1779192000000,76680.1,76766.8,76611.2,76756.8,226.5859
1779192900000,76756.8,76825,76728.5,76818.2,169.7029
1779193800000,76818.2,76920,76810,76873.7,255.7996
1779194700000,76873.7,76949.7,76851.1,76905.9,190.4337
1779195600000,76905.9,76943.1,76711.1,76793.7,375.2422
1779196500000,76793.7,76814.3,76562.5,76574.9,602.2167
1779197400000,76574.9,77024.5,76558.9,76698.6,1253.4349
1779198300000,76698.6,77000,76685.2,76843.9,495.7811
1779199200000,76843.9,76980,76588,76588,775.1443
1779200100000,76588,76623,76266.7,76421.6,1639.4197
1779201000000,76421.6,76562.3,76229,76440.1,898.0225
1779201900000,76440.1,76458.9,76115,76373,1178.0695
1779202800000,76373,76583,76310.8,76580,1224.2315
1779203700000,76580,76668,76386,76486.3,652.5374
1779204600000,76486.3,76666,76426.9,76464.7,366.1473
1779205500000,76464.7,76563,76400.1,76505.7,233.8385
1779206400000,76505.7,76568.4,76386.4,76453.8,293.4542
1779207300000,76453.8,76600,76450,76598.1,223.1584
1779208200000,76598.1,76774.7,76596.8,76774.6,761.8308
1779209100000,76774.6,76900,76721.7,76870.8,571.7847
1779210000000,76870.8,76947.4,76840.8,76930,306.0924
1779210900000,76930,76995.3,76854.5,76855.2,517.3478
1779211800000,76855.2,76987.5,76724,76883,556.434
1779212700000,76883,76883.1,76729.2,76825.2,185.1818
1779213600000,76825.2,76920,76768,76890.1,139.5464
1779214500000,76890.1,76920,76736.8,76749.8,269.9495
1779215400000,76749.8,76835.1,76709,76814.4,190.5707
1779216300000,76814.4,76869.1,76742.9,76775.8,154.3088
1779217200000,76775.8,77032.1,76775.8,77028.3,299.3504
1779218100000,77028.3,77048.4,76735,76779.1,431.7859
1779219000000,76779.1,76880,76756,76841.1,164.9908
1779219900000,76841.1,76858.5,76742.8,76788.1,153.459
1779220800000,76788.1,76921,76788,76918.9,148.4221
1779221700000,76918.9,76924.7,76862.6,76892.2,226.8203
1779222600000,76892.2,76950,76890.4,76898.7,183.4771
1779223500000,76898.7,77001,76898.7,76984.4,115.0855
1779224400000,76984.4,76998.5,76938,76976.7,77.5501
1779225300000,76976.7,77009,76940,76961.8,103.8714
1779226200000,76961.8,77000,76961.7,76990.3,70.0122
1779227100000,76990.3,77000,76940,76945.6,82.1797
1779228000000,76945.6,76945.6,76758,76760.1,396.2227
1779228900000,76760.1,76760.1,76613.1,76645.8,454.3057
1779229800000,76645.8,76767.4,76620,76729.4,155.7558
1779230700000,76729.4,76738.1,76676.1,76687.4,52.4111
1779231600000,76687.4,76820,76640,76780,103.6779
1779232500000,76780,76875.7,76775.8,76875.7,108.6381
1779233400000,76875.7,76950,76857.7,76877.1,159.1057
1779234300000,76877.1,76889.6,76783.5,76803.8,82.9293
1779235200000,76803.8,76869,76518,76548,407.0131
1779236100000,76548,76672.4,76480,76672.4,338.1159
1779237000000,76672.4,76829.9,76601.3,76699.7,200.4961
1779237900000,76699.7,76763.1,76662.7,76763.1,124.6208
1779238800000,76763.1,76888.8,76685.2,76843.7,270.2655
1779239700000,76843.7,76860,76539,76557,294.7749
1779240600000,76557,76680,76510,76573.4,337.3279
1779241500000,76573.4,76900,76542.1,76786.9,481.7298
1779242400000,76786.9,76826.7,76722.9,76779.9,162.9691
1779243300000,76779.9,76882,76742,76742.1,198.1314
1779244200000,76742.1,76742.1,76576,76590,461.3292
1779245100000,76590,76686.7,76571.4,76659.4,96.5717
1779246000000,76659.4,76659.4,76580,76617,118.6622
1779246900000,76617,76800,76592.5,76775.3,164.4693
1779247800000,76775.3,76775.3,76702.2,76720.8,72.8828
1779248700000,76720.8,76737.6,76689.4,76693.6,74.3844
1779249600000,76693.6,76807,76693.6,76793.7,100.1698
1779250500000,76793.7,76799.7,76740,76740.2,87.277
1779251400000,76740.2,76763.4,76660,76712.8,141.8543
1779252300000,76712.8,76789.3,76712.7,76752.7,70.2972
1779253200000,76752.7,77251.2,76752.7,77196.5,1439.2098
1779254100000,77196.5,77208,77090.1,77136.3,308.1512
1779255000000,77136.3,77293.1,77112,77112,420.0522
1779255900000,77112,77185,77112,77161,123.2992
1779256800000,77161,77217.1,77150.1,77196,214.5346
1779257700000,77196,77329.3,77196,77249.9,347.3904
1779258600000,77249.9,77275,77206.8,77275,164.9778
1779259500000,77275,77377.7,77240,77369.9,348.759
1779260400000,77369.9,77378,77271.9,77343.1,244.7015
1779261300000,77343.1,77433,77282.6,77355.9,266.7276
1779262200000,77355.9,77366,77291,77330.1,159.4441
1779263100000,77330.1,77330.1,77193.2,77240.5,323.5139
1779264000000,77240.5,77298.7,77205.9,77238.6,255.5375
1779264900000,77238.6,77260,77163.3,77244.4,173.8282
1779265800000,77244.4,77600,77244.4,77489.8,844.3599
1779266700000,77489.8,77506,77406.8,77416.6,261.245
1779267600000,77416.6,77445,77355.2,77385.3,212.4923
1779268500000,77385.3,77460,77323.7,77453.7,187.7976
1779269400000,77453.7,77506,77447.2,77470,201.1902
1779270300000,77470,77483.8,77403.9,77445.9,145.2826
1779271200000,77445.9,77570,77445.9,77569.7,239.1653
1779272100000,77569.7,77615.5,77520.1,77582.5,235.5544
1779273000000,77582.5,77633.7,77474.3,77509.9,244.6196
1779273900000,77509.9,77549.1,77471.8,77471.8,119.3666
1779274800000,77471.8,77525.7,77430,77438.8,112.549
1779275700000,77438.8,77465.2,77416.7,77424.7,163.1551
1779276600000,77424.7,77445.4,77292,77347.9,337.0837
1779277500000,77347.9,77378,77277.5,77344.9,208.148
1779278400000,77344.9,77440.5,77320,77409.1,172.7269
1779279300000,77409.1,77496.4,77330.8,77459.3,186.388
1779280200000,77459.3,77515,77455.8,77492.9,123.1447
1779281100000,77492.9,77714.9,77492.8,77585.2,434.0173
1779282000000,77585.2,77614.8,77415,77434.6,290.7729
1779282900000,77434.6,77452.4,77240.6,77269.9,425.1509
1779283800000,77269.9,77310,76930,77056,1380.1334
1779284700000,77056,77340,77022.4,77180,816.4053
1779285600000,77180,77249.3,76856.8,77087.7,1062.0548
1779286500000,77087.7,77548.8,77087.7,77388.7,1286.2705
1779287400000,77388.7,77486.9,77249.6,77375,446.912
1779288300000,77375,77541.6,77351.3,77420,490.7696
1779289200000,77420,77450.2,77278,77298,290.578
1779290100000,77298,77849.9,77298,77530.4,2082.3836
1779291000000,77530.4,77618,77334.6,77420.1,366.2083
1779291900000,77420.1,77575.2,77340.5,77429.9,393.6011
1779292800000,77429.9,77539,77400.7,77460.8,196.5258
1779293700000,77460.8,77460.8,76984.3,77063.1,981.2795
1779294600000,77063.1,77340.2,77004.1,77309.9,591.1761
1779295500000,77309.9,77340,77220,77311.5,200.0252
1779296400000,77311.5,77431.2,77202.6,77369.1,341.9354
1779297300000,77369.1,77618,77320,77540.1,323.2221
1779298200000,77540.1,77688.7,77476.1,77636,333.1927
1779299100000,77636,77682,77498.4,77542.5,290.6978
1779300000000,77542.5,77573.4,77444.1,77447.4,215.0226
1779300900000,77447.4,77605,77400.4,77476.6,243.8407
1779301800000,77476.6,77525.1,77426.1,77450,127.5671
1779302700000,77450,77459.9,77351.2,77383.5,181.3586
1779303600000,77383.5,77443.1,77312.7,77378.3,152.0584
1779304500000,77378.3,77537,77340,77536.9,150.5481
1779305400000,77536.9,77628,77502.8,77599.9,217.2362
1779306300000,77599.9,77676.3,77563.2,77637.9,268.3567
1779307200000,77637.9,77722.1,77542.6,77720.2,341.4423
1779308100000,77720.2,77720.2,77442.1,77659.8,670.892
1779309000000,77659.8,77714.8,77564.2,77652.4,179.4257
1779309900000,77652.4,77736.1,77642.9,77680.1,106.0859
1779310800000,77680.1,77739,77600.7,77722.5,146.2004
1779311700000,77722.5,77737.4,77566.7,77580.1,96.244
1779312600000,77580.1,77623.3,77552.1,77596.3,78.7249
1779313500000,77596.3,77630,77475,77475.1,85.5407
1779314400000,77475.1,77475.1,77258.1,77341,259.9642
1779315300000,77341,77420,77191.2,77407.5,244.8412
1779316200000,77407.5,77469.9,77350,77413,86.8739
1779317100000,77413,77479,77408.2,77479,91.2108
1779318000000,77479,77479,77370.1,77422.7,104.9447
1779318900000,77422.7,77426.8,77350,77360,78.2714
1779319800000,77360,77455,77360,77446.2,55.229
1779320700000,77446.2,77530,77427.7,77519.4,91.3983
1779321600000,77519.4,77659,77481,77633.5,227.3386
1779322500000,77633.5,77700,77568.3,77699.9,190.3012
1779323400000,77699.9,77712.2,77661.7,77698.9,177.4866
1779324300000,77698.9,78044,77698.8,77923.9,1986.145
1779325200000,77923.9,78088,77886.8,78087.4,572.1228
1779326100000,78087.4,78149.4,77780,77839.9,927.7374
1779327000000,77839.9,77934.7,77770.3,77847.8,269.3298
1779327900000,77847.8,77930,77759,77816.4,169.9592
1779328800000,77816.4,77870,77780,77836.4,130.7791
1779329700000,77836.4,78054.7,77822.8,77994.4,550.0381
1779330600000,77994.4,78028,77946.9,77973.3,242.8666
1779331500000,77973.3,77980,77905.9,77910.2,109.9583
1779332400000,77910.2,77964.8,77880,77905.5,244.7643
1779333300000,77905.5,77993.3,77860.1,77992.7,205.478
1779334200000,77992.7,77992.7,77947.5,77970.3,116.1617
1779335100000,77970.3,78053,77960,78029.4,300.8424
1779336000000,78029.4,78122,77922.6,77933.4,920.6516
1779336900000,77933.4,77990.5,77929,77983,202.0022
1779337800000,77983,77988.8,77921.3,77933,252.8117
1779338700000,77933,78000,77932.9,77988.9,85.7609
1779339600000,77988.9,78100,77841.3,77863.6,976.3957
1779340500000,77863.6,77907.2,77822,77827,185.2252
1779341400000,77827,77869.8,77801.7,77814.6,257.2802
1779342300000,77814.6,77820.1,77659.9,77785.8,558.8235
1779343200000,77785.8,77834.2,77695.8,77731.3,265.6424
1779344100000,77731.3,77828,77676,77747,402.539
1779345000000,77747,77787.2,77600.9,77640.7,227.1951
1779345900000,77640.7,77640.8,77483.2,77587.9,534.9969
1779346800000,77587.9,77660,77535.5,77570.6,284.7508
1779347700000,77570.6,77586.5,77500,77574.4,266.2206
1779348600000,77574.4,77693,77574.3,77692.9,226.6131
1779349500000,77692.9,77876.5,77688.2,77853.5,528.0635
1779350400000,77853.5,78185,77853.5,78098.2,1554.7872
1779351300000,78098.2,78140,77900.1,78013.3,808.786
1779352200000,78013.3,78014,77850,77891.5,203.2134
1779353100000,77891.5,77926,77851.6,77890,174.9232
1779354000000,77890,77951.7,77855,77899,130.3705
1779354900000,77899,77921.3,77880.9,77893.8,94.1636
1779355800000,77893.8,77907.7,77632,77656,428.3332
1779356700000,77656,77683.3,77603.5,77603.5,383.6849
1779357600000,77603.5,77648.4,77579.3,77603.8,186.4524
1779358500000,77603.8,77657.4,77150,77352.9,1169.1904
1779359400000,77352.9,77421,77177.8,77330.6,579.9239
1779360300000,77330.6,77345,77162.8,77180.5,396.8233
1779361200000,77180.5,77321,77038,77280.1,1119.6391
1779362100000,77280.1,77349,77241.8,77293.7,234.1794
1779363000000,77293.7,77350,77186,77228.3,160.6564
1779363900000,77228.3,77232.3,77151,77159.9,145.9518
1779364800000,77159.9,77250,77130,77164.5,216.8072
1779365700000,77164.5,77196.5,77062.9,77081,245.6772
1779366600000,77081,77300,77041.2,77216,570.8575
1779367500000,77216,77340,77216,77252.9,195.85
1779368400000,77252.9,77330,77214.1,77232.8,259.94
1779369300000,77232.8,77287.7,77177.1,77285.2,608.8127
1779370200000,77285.2,77299,76693.2,76735,2244.8608
1779371100000,76735,77166.7,76721.1,77093.8,1119.748
1779372000000,77093.8,77219.1,77011,77060.1,665.3887
1779372900000,77060.1,77067.7,76766,77025.5,692.1893
1779373800000,77025.5,77166.7,76911.9,76955.3,409.4093
1779374700000,76955.3,77010,76855,76950,264.4779
1779375600000,76950,77213.1,76867,77120.1,464.0102
1779376500000,77120.1,77295,77090,77238.9,438.8507
1779377400000,77238.9,77256.8,77039.2,77185.8,277.9103
1779378300000,77185.8,77380.8,77131,77230,476.963
1779379200000,77230,77321,77184.7,77256.5,545.3808
1779380100000,77256.5,77265.7,77085.1,77156,192.1823
1779381000000,77156,77267.6,76993.2,77035.7,257.3058
1779381900000,77035.7,77170,76970.6,77169.9,213.2472
1779382800000,77169.9,77546,77150,77490,852.5127
1779383700000,77490,77977,77466.2,77942.3,2087.2117
1779384600000,77942.3,78019,77823,77859.9,633.5579
1779385500000,77859.9,78063,77755.7,77835,567.6449
1779386400000,77835,77894.7,77588.6,77669.6,712.8217
1779387300000,77669.6,77869,77600,77702.3,328.1744
1779388200000,77702.3,77777.9,77680.7,77717.7,139.45
1779389100000,77717.7,77726.1,77200,77357.1,1129.4561
1779390000000,77357.1,77562,77335.1,77499.9,347.2852
1779390900000,77499.9,77572.9,77481.8,77511.4,198.8039
1779391800000,77511.4,77620,77511.4,77594.5,172.0741
1779392700000,77594.5,77770,77575.5,77656.2,521.3609
1779393600000,77656.2,77710,77630.7,77676.4,128.2222
1779394500000,77676.4,77700,77650.2,77665.7,74.157
1779395400000,77665.7,77769.6,77606.1,77660.4,102.6837
1779396300000,77660.4,77774.2,77620,77674.5,125.9996
1779397200000,77674.5,77777,77674.4,77739.9,129.8193
1779398100000,77739.9,77782.7,77730,77782.6,99.8913
1779399000000,77782.6,77782.7,77664.9,77683.4,125.1346
1779399900000,77683.4,77687.8,77610.3,77639.9,106.2283
1779400800000,77639.9,77720,77580,77622.2,159.2766
1779401700000,77622.2,77662.9,77564.5,77662.8,92.4837
1779402600000,77662.8,77686.8,77522.1,77610.1,170.2408
1779403500000,77610.1,77634.6,77572.3,77595,96.2652
1779404400000,77595,77688.5,77527.4,77527.4,188.1928
1779405300000,77527.4,77627.8,77499.2,77613.4,116.3737
1779406200000,77613.4,77715.7,77596.8,77670.2,366.7623
1779407100000,77670.2,77709,77574.6,77584.4,146.7335
1779408000000,77584.4,77606.5,77406.3,77406.3,275.2711
1779408900000,77406.3,77517.8,77379.5,77443.7,172.1598
1779409800000,77443.7,77530.4,77355.8,77431.7,102.8849
1779410700000,77431.7,77479.3,77338.3,77343.1,113.0753
1779411600000,77343.1,77494.7,77290,77485.7,358.3465
1779412500000,77485.7,77508,77411.3,77430,166.0767
1779413400000,77430,77489.6,77320,77489.5,187.4836
1779414300000,77489.5,77636.7,77489.5,77577,237.7113
1779415200000,77577,77679.9,77577,77633.1,192.0195
1779416100000,77633.1,77701,77580,77629.9,150.2448
1779417000000,77629.9,77668.1,77577,77594.4,69.9908
1779417900000,77594.4,77675.1,77562,77641.1,222.1749
1779418800000,77641.1,77746.5,77641,77679.4,113.9304
1779419700000,77679.4,77768.5,77645.5,77768.5,133.5151
1779420600000,77768.5,77770,77712.7,77747.8,103.8325
1779421500000,77747.8,77777,77710,77737.6,84.4222
1779422400000,77737.6,77850,77737.6,77831.4,475.9444
1779423300000,77831.4,77857.7,77730.3,77756.9,163.4531
1779424200000,77756.9,77760,77644.9,77650.5,118.3491
1779425100000,77650.5,77658.9,77595,77617.6,181.9169
1779426000000,77617.6,77683,77559.7,77641.3,165.617
1779426900000,77641.3,77657.7,77533.3,77567.7,147.8426
1779427800000,77567.7,77600,77488.5,77546.5,207.832
1779428700000,77546.5,77630,77417.3,77447.4,156.8979
1779429600000,77447.4,77490,77391.3,77451.4,378.8218
1779430500000,77451.4,77451.5,77377.8,77422.9,162.3109
1779431400000,77422.9,77444,77365.6,77435.6,298.8762
1779432300000,77435.6,77478.5,77320,77384.9,243.7445
1779433200000,77384.9,77389.9,77237,77340.1,561.6426
1779434100000,77340.1,77493,77340,77471.1,220.2067
1779435000000,77471.1,77511.2,77400.2,77435.1,141.7332
1779435900000,77435.1,77435.1,77360.6,77366.6,106.5627
1779436800000,77366.6,77426.1,77325,77368.7,284.2205
1779437700000,77368.7,77506,77368.7,77458.2,131.4
1779438600000,77458.2,77467,77176,77294.9,754.1126
1779439500000,77294.9,77329.6,77219.3,77234,326.9041
1779440400000,77234,77264.3,77163.1,77180.7,300.2507
1779441300000,77180.7,77286.3,77164.4,77234.5,306.4804
1779442200000,77234.5,77300,77175.7,77289.2,137.6035
1779443100000,77289.2,77336.1,77233.8,77273.9,179.9397
1779444000000,77273.9,77320,77255.8,77281.1,95.5001
1779444900000,77281.1,77327.7,77231,77310.1,63.8041
1779445800000,77310.1,77336.9,77272.2,77305.6,67.5753
1779446700000,77305.6,77307.6,77250,77286.6,180.1146
1779447600000,77286.6,77333.6,77263.4,77269.8,82.0542
1779448500000,77269.8,77326.9,77139.3,77288.6,510.6683
1779449400000,77288.6,77325.1,77273.7,77318.6,170.5601
1779450300000,77318.6,77402,77290.5,77401.9,469.8515
1779451200000,77401.9,77545.4,77364.7,77502.6,509.3412
1779452100000,77502.6,77558.4,77380.5,77401.8,312.1041
1779453000000,77401.8,77442.7,77370.1,77401.9,149.3033
1779453900000,77401.9,77505,77401.9,77498.7,126.4036
1779454800000,77498.7,77527.5,77434.1,77467.4,156.6376
1779455700000,77467.4,77504.5,77274.4,77274.4,252.3903
1779456600000,77274.4,77346.4,77086.1,77180.7,1137.5654
1779457500000,77180.7,77277.9,77120,77263.3,304.7593
1779458400000,77263.3,77263.3,76935.1,77044.9,1259.9565
1779459300000,77044.9,77087.4,76750,76834.9,1863.4625
1779460200000,76834.9,76841.5,76758.8,76807.5,812.3582
1779461100000,76807.5,76842.4,76723.4,76752,551.9732
1779462000000,76752,76947.7,76628.5,76760,1353.0957
1779462900000,76760,76889.3,76550,76889.3,1054.4263
1779463800000,76889.3,77012.3,76633.3,76699.9,781.5604
1779464700000,76699.9,76811,76644,76772.1,231.8288
1779465600000,76772.1,76885.5,76750,76862.2,267.5444
1779466500000,76862.2,76929,76787.9,76916.5,199.2385
1779467400000,76916.5,76962.7,76845.6,76874.2,151.0827
1779468300000,76874.2,76981.3,76870,76924,192.1118
1779469200000,76924,76997.8,76869.5,76934.8,136.835
1779470100000,76934.8,77049.9,76743.5,77032.3,610.6251
1779471000000,77032.3,77077,76890,76940.5,255.89
1779471900000,76940.5,76950.5,76733,76733,361.6655
1779472800000,76733,76793.6,76666.7,76793.6,587.0902
1779473700000,76793.6,76875,76771.8,76779.9,196.0084
1779474600000,76779.9,76788.8,76554.1,76558.2,662.8073
1779475500000,76558.2,76558.2,76066,76501.6,3500.4982
1779476400000,76501.6,76549.9,76165,76206.2,1033.0782
1779477300000,76206.2,76370,76146.2,76220.6,542.8373
1779478200000,76220.6,76240,75600.7,75770.6,4709.0123
1779479100000,75770.6,75903.2,75640.1,75819.5,1216.5441
1779480000000,75819.5,75975.2,75782.6,75877.5,899.4334
1779480900000,75877.5,75941,75839.4,75924.3,473.4289
1779481800000,75924.3,75924.6,75780,75890.1,508.7635
1779482700000,75890.1,76047.5,75851.4,75940,444.2525
1779483600000,75940,75993.3,75910,75950.1,181.7054
1779484500000,75950.1,76000,75930,75997,113.5326
1779485400000,75997,76051,75890,75949.3,166.9972
1779486300000,75949.3,76029.9,75930.5,75941.2,121.0715
1779487200000,75941.2,75945,75804.4,75873,259.9244
1779488100000,75873,75873,75721,75756.7,300.2597
1779489000000,75756.7,75840,75510,75618.4,1042.7488
1779489900000,75618.4,75726,75599.2,75702.4,246.9791
1779490800000,75702.4,75844.7,75702.4,75827.7,232.1776
1779491700000,75827.7,75836.4,75650,75650,207.6394
1779492600000,75650,75789.3,75619.5,75772,214.7225
1779493500000,75772,75772,75320,75513.8,1272.1406
1779494400000,75513.8,75610.7,75391,75436.7,517.4184
1779495300000,75436.7,75497,75375,75459,398.5789
1779496200000,75459,75469.1,75188,75258.6,1382.6144
1779497100000,75258.6,75390,75252.5,75338.7,367.2995
1779498000000,75338.7,75480,75338.7,75387.4,320.6285
1779498900000,75387.4,75469.9,75340,75446.9,107.612
1779499800000,75446.9,75483.4,75377.4,75427.2,116.1266
1779500700000,75427.2,75468.8,75321.7,75459.9,204.538
1779501600000,75459.9,75512.2,75385.2,75443.2,235.5634
1779502500000,75443.2,75515.2,75441.5,75446.1,281.799
1779503400000,75446.1,75495.6,75432.4,75461.3,191.4692
1779504300000,75461.3,75555,75461.3,75542.4,172.4989
1779505200000,75542.4,75585,75530,75584.9,117.3619
1779506100000,75584.9,75596,75554.2,75564.9,154.3912
1779507000000,75564.9,75633.8,75560.1,75624.6,134.6192
1779507900000,75624.6,75629.6,75590,75600,148.0392
1779508800000,75600,75610,75587.3,75599.7,114.0479
1779509700000,75599.7,75599.8,75522.7,75556.1,127.1375
1779510600000,75556.1,75620.2,75474,75474,272.3834
1779511500000,75474,75501.7,75473.7,75501.6,99.5933
1779512400000,75501.6,75519.9,75480,75485.1,90.7802
1779513300000,75485.1,75513.4,75440.1,75451.6,124.361
1779514200000,75451.6,75485,75443.1,75484.9,82.5971
1779515100000,75484.9,75490,75441.1,75453.2,118.9107
1779516000000,75453.2,75469.6,75435.9,75436.8,51.3083
1779516900000,75436.8,75461,75414.6,75421.6,85.2404
1779517800000,75421.6,75457.7,75377.2,75413.2,159.2648
1779518700000,75413.2,75417,75355.4,75369.3,174.6104
1779519600000,75369.3,75409.5,75220.1,75328.1,496.9543
1779520500000,75328.1,75328.1,75180.6,75259.9,536.2659
1779521400000,75259.9,75321.2,75123.1,75262.4,715.8368
1779522300000,75262.4,75262.5,74204.7,74563,6191.3507
1779523200000,74563,74673.2,74455.5,74619.9,1104.8853
1779524100000,74619.9,74711,74560,74569.2,652.3651
1779525000000,74569.2,74584.8,74306.1,74421.4,1252.9852
1779525900000,74421.4,74644,74381.2,74644,761.3303
1779526800000,74644,74655.1,74580,74618.8,427.0069
1779527700000,74618.8,74645,74618.8,74643.5,133.9445
1779528600000,74643.5,74712.1,74620,74693.5,422.1001
1779529500000,74693.5,74714.6,74608.1,74614.3,232.5736
1779530400000,74614.3,74702,74614.2,74701.9,138.9821
1779531300000,74701.9,74717,74672.4,74702.7,114.706
1779532200000,74702.7,74751.5,74685.4,74730.2,232.3755
1779533100000,74730.2,74745.5,74659.7,74674.9,144.5384
1779534000000,74674.9,74774,74668.7,74753,272.327
1779534900000,74753,74829,74753,74811.4,229.6301
1779535800000,74811.4,74811.4,74746.6,74754.2,306.6321
1779536700000,74754.2,74789.6,74747.9,74753.3,105.4284
1779537600000,74753.3,74755.3,74656.6,74679.3,198.7
1779538500000,74679.3,74712.4,74616,74700,305.6318
1779539400000,74700,74730,74680,74692.1,168.4305
1779540300000,74692.1,74715.3,74684.4,74715.2,77.1672
1779541200000,74715.2,74961.7,74715.2,74895.3,566.0628
1779542100000,74895.3,75006.5,74895.2,74949.9,456.4828
1779543000000,74949.9,74999.9,74824.6,74900,348.7403
1779543900000,74900,75214.2,74899.9,75173.5,1239.8229
1779544800000,75173.5,75200,75060,75160,453.8272
1779545700000,75160,75299.9,75150,75276.8,617.3998
1779546600000,75276.8,75435,75243.8,75420,1115.5713
1779547500000,75420,75655.5,75355,75490,1257.4694
1779548400000,75490,75600,75424.3,75589.3,816.897
1779549300000,75589.3,75633.7,75469,75492,558.2177
1779550200000,75492,75497.9,75352.6,75457.9,752.278
1779551100000,75457.9,75507.3,75431.6,75478,303.8058
1779552000000,75478,75594.2,75477.5,75481.7,223.823
1779552900000,75481.7,75506.9,75361.4,75430.2,245.0245
1779553800000,75430.2,75517.4,75425.3,75450.1,137.1302
1779554700000,75450.1,75499,75375,75394,208.8942
1779555600000,75394,75474,75380.1,75414.5,149.6542
1779556500000,75414.5,75464.2,75370,75432.3,126.9956
1779557400000,75432.3,75454.8,75370,75379.9,155.9721
1779558300000,75379.9,75470,75308.4,75444.2,286.3905
1779559200000,75444.2,75781.3,75420,75650.1,847.026
1779560100000,75650.1,75888,75604.9,75789,1168.7836
1779561000000,75789,75975.2,75768,75850.3,849.6003
1779561900000,75850.3,75863.4,75719,75807.7,247.6931
1779562800000,75807.7,75838.6,75734.8,75758.6,420.2253
1779563700000,75758.6,75973.1,75758.6,75923.9,361.263
1779564600000,75923.9,75940,75837.4,75889.9,94.9793
1779565500000,75889.9,75970,75852.6,75942.9,118.7936
1779566400000,75942.9,76120,75901.5,76039.9,1188.215
1779567300000,76039.9,76149.4,75950,75950.1,675.2039
1779568200000,75950.1,76888,75910.9,76797.2,3713.1484
1779569100000,76797.2,77259.4,76643.9,77232.9,2203.5661
1779570000000,77232.9,77365.4,76830.1,76918.5,2049.6048
1779570900000,76918.5,77050,76678.6,76690.7,1358.1172
1779571800000,76690.7,76882.9,76475.1,76656.5,912.5832
1779572700000,76656.5,76777.1,76520.5,76766.9,387.209
1779573600000,76766.9,76846.6,76600,76609.4,366.7613
1779574500000,76609.4,76659.1,76490.2,76503.1,318.5692
1779575400000,76503.1,76565.1,76340.6,76506.8,508.6625
1779576300000,76506.8,76567.9,76443.6,76537.1,211.4193
1779577200000,76537.1,76740,76482.7,76625.1,390.8669
1779578100000,76625.1,76718.3,76532.3,76590.1,338.8389
1779579000000,76590.1,76715.4,76590.1,76660.6,390.1724
1779579900000,76660.6,76780,76630.1,76701.4,208.3838
1779580800000,76701.4,76749,76600.4,76643,316.4141
1779581700000,76643,76698,76580.2,76647.4,294.3613
1779582600000,76647.4,76775,76647.4,76698.7,266.0238
1779583500000,76698.7,76880,76684.3,76796.9,412.305
1779584400000,76796.9,76846,76701,76745.2,146.9851
1779585300000,76745.2,76875.1,76738.5,76852.6,178.7823
1779586200000,76852.6,76870,76776.8,76787,409.5527
1779587100000,76787,76849,76749.4,76842.1,204.9396
1779588000000,76842.1,76870.8,76797.3,76869.9,103.4686
1779588900000,76869.9,76920,76658,76703.1,368.5494
1779589800000,76703.1,76803.9,76703.1,76783,185.795
1779590700000,76783,76810.4,76771,76775.8,96.9642
1779591600000,76775.8,76967.9,76744.7,76877.8,333.3956
1779592500000,76877.8,76880.8,76818.9,76863,105.1094
1779593400000,76863,76864.3,76684.1,76712,266.5265
1779594300000,76712,76765.3,76690,76696.5,188.7958
1779595200000,76696.5,76809.5,76696.5,76794,150.5085
1779596100000,76794,76798.1,76709.6,76717.2,68.2057
1779597000000,76717.2,76738.6,76684,76734.9,144.8735
1779597900000,76734.9,76771.8,76685.8,76734.2,82.7675
1779598800000,76734.2,76734.3,76675.1,76694.3,79.523
1779599700000,76694.3,76694.4,76623.6,76657.3,177.9281
1779600600000,76657.3,76679.7,76598.7,76598.7,145.09
1779601500000,76598.7,76819.4,76598.7,76768.4,260.2509
1779602400000,76768.4,76818.5,76758,76797.8,95.1638
1779603300000,76797.8,76797.9,76672,76692.2,142.2712
1779604200000,76692.2,76772.6,76687,76771.5,66.727
1779605100000,76771.5,77022,76750,76941.5,633.3431
1779606000000,76941.5,76973.4,76846.4,76846.5,239.347
1779606900000,76846.5,76865.1,76818.8,76851,136.626
1779607800000,76851,76870,76801,76839.2,126.434
1779608700000,76839.2,76839.3,76736.8,76761.2,145.5052
1779609600000,76761.2,76782.8,76684.8,76700,132.9503
1779610500000,76700,76809.4,76699.9,76769.4,103.7073
1779611400000,76769.4,76815,76746.1,76757.3,101.9098
1779612300000,76757.3,76794.3,76753.3,76792.9,56.3508
1779613200000,76792.9,76863.9,76770.9,76856.3,105.8421
1779614100000,76856.3,76940,76849.1,76909.2,239.8515
1779615000000,76909.2,77000,76863,76940.1,212.207
1779615900000,76940.1,76979,76925.3,76979,87.5612
1779616800000,76979,76986.8,76875.6,76898.1,168.901
1779617700000,76898.1,77488,76886.3,77186.2,1491.7334
1779618600000,77186.2,77188.8,77034.9,77150,449.2396
1779619500000,77150,77161.3,77071.8,77145.2,242.4354
1779620400000,77145.2,77310.6,77140,77258.4,355.4933
1779621300000,77258.4,77307,77206.8,77243.3,299.0722
1779622200000,77243.3,77286.7,77168,77208.6,159.8779
1779623100000,77208.6,77280,77182.2,77273.9,175.9158
1779624000000,77273.9,77286.2,77119.9,77167.4,315.8839
1779624900000,77167.4,77167.5,77005,77028.3,333.3943
1779625800000,77028.3,77084.6,76998.3,77084.5,145.0004
1779626700000,77084.5,77084.6,77037.1,77072.7,81.0512
1779627600000,77072.7,77080.3,76950,77006.4,154.1086
1779628500000,77006.4,77079.9,76902.5,76916.5,175.8205
1779629400000,76916.5,76979,76831,76944.4,354.8966
1779630300000,76944.4,76968.6,76641,76761.2,591.9512
1779631200000,76761.2,76805.8,76388.1,76477.9,1705.5644
1779632100000,76477.9,76530,76155.5,76380.9,1943.6172
1779633000000,76380.9,76524.8,76370,76436.8,756.2967
1779633900000,76436.8,76486,76355,76434.8,167.7052
1779634800000,76434.8,76519.7,76400,76480.8,186.6179
1779635700000,76480.8,76510,76394.5,76418.3,205.2538
1779636600000,76418.3,76477.7,76401.9,76426.4,103.8526
1779637500000,76426.4,76453.4,76327.2,76342.9,294.7703
1779638400000,76342.9,76666.7,76342.9,76576.9,678.0159
1779639300000,76576.9,76710,76520,76560,507.5698
1779640200000,76560,76566.3,76402.4,76479.9,200.4764
1779641100000,76479.9,76668.6,76479.9,76641.7,226.4455
1779642000000,76641.7,76707.4,76581.9,76603,266.0132
1779642900000,76603,76630,76525.3,76584,254.833
1779643800000,76584,76695.1,76551.1,76669.9,168.4744
1779644700000,76669.9,76766,76650.5,76660.1,392.7682
1779645600000,76660.1,76738.9,76579.8,76705,277.5523
1779646500000,76705,76757.7,76637.7,76650,177.0032
1779647400000,76650,76679.9,76567.9,76605.9,98.2322
1779648300000,76605.9,76650.7,76554.6,76630.1,130.9554
1779649200000,76630.1,76710,76600,76600.1,46.3769
1779650100000,76600.1,76717.2,76570,76625,138.7931
1779651000000,76625,76700,76604.5,76673.6,93.375
1779651900000,76673.6,76750.9,76673.5,76735.5,54.0574
1779652800000,76735.5,76763.6,76615.4,76650.1,149.6636
1779653700000,76650.1,76686.7,76554.6,76644,131.8122
1779654600000,76644,76680.7,76605.4,76646.3,89.4587
1779655500000,76646.3,76690,76580.5,76629.9,96.3505
1779656400000,76629.9,76716.5,76610,76686.6,127.7978
1779657300000,76686.6,76689.8,76428.7,76490,144.3146
1779658200000,76490,76538.6,76009,76101.6,2212.6304
1779659100000,76101.6,76241.5,76050.8,76099,671.7442
1779660000000,76099,76991.7,76079.6,76948.1,2326.4181
1779660900000,76948.1,76948.1,76780,76809,347.041
1779661800000,76809,76934,76630,76755,339.8594
1779662700000,76755,76977.7,76752.1,76770,476.349
1779663600000,76770,76937.8,76769.9,76929.9,299.2979
1779664500000,76929.9,76992,76770,76823.2,386.1225
1779665400000,76823.2,77188,76809.2,77161.5,962.8168
1779666300000,77161.5,77161.5,77012.4,77030,262.5048
1779667200000,77030,77173.2,77030,77153.7,518.0258
1779668100000,77153.7,77227.8,77085.1,77177.5,299.13
1779669000000,77177.5,77228,77080,77080,269.3114
1779669900000,77080,77260.4,77045.7,77115.7,274.2609
1779670800000,77115.7,77162.4,76958.1,77144.6,521.204
1779671700000,77144.6,77212.7,77100.1,77137.6,254.168
1779672600000,77137.6,77170,77052.3,77086.7,146.1453
1779673500000,77086.7,77139.9,76867.5,76899.9,498.5682
1779674400000,76899.9,77450,76899.9,77357.2,988.084
1779675300000,77357.2,77357.2,76980.5,77100,400.2443
1779676200000,77100,77139.4,77014.2,77125.4,135.8948
1779677100000,77125.4,77136.2,77042,77062.9,132.3321
1779678000000,77062.9,77125.8,77016.6,77049.9,132.8911
1779678900000,77049.9,77110,77017.1,77044.3,102.2055
1779679800000,77044.3,77083.1,76971.5,77030.3,173.4119
1779680700000,77030.3,77030.3,76955.9,76978.8,142.568
1779681600000,76978.8,77034,76953.2,76984.4,155.3667
1779682500000,76984.4,77128,76940,77128,124.9786
1779683400000,77128,77208,77083.3,77207.9,200.2515
1779684300000,77207.9,77410,77200,77345.3,502.7903
1779685200000,77345.3,77399.9,77270.1,77374.2,532.8704
1779686100000,77374.2,77425.3,77310.1,77350.1,319.8691
1779687000000,77350.1,77450,77344.8,77413.1,345.8331
1779687900000,77413.1,77413.2,77340,77358,112.1266
1779688800000,77358,77599,77264,77282.3,1053.2771
1779689700000,77282.3,77303.7,77168.7,77226,425.3314
1779690600000,77226,77383,77226,77362.1,249.0594
1779691500000,77362.1,77478.3,77350.8,77377.4,188.7776
1779692400000,77377.4,77478,77254,77279.9,223.4243
1779693300000,77279.9,77310,77127,77170.1,312.7862
1779694200000,77170.1,77297.3,77155,77272.4,207.0701
1779695100000,77272.4,77366.5,77260,77362.3,161.1941
1779696000000,77362.3,77369.1,77230.3,77250,197.6588
1779696900000,77250,77325,77250,77276.8,103.01
1779697800000,77276.8,77344.3,77272,77304.9,106.4563
1779698700000,77304.9,77424.2,77279.9,77411.1,148.5362
1779699600000,77411.1,77469,77380.1,77420.6,326.7786
1779700500000,77420.6,77500,77377.9,77475.3,214.1768
1779701400000,77475.3,77663.1,77465.5,77547.2,786.159
1779702300000,77547.2,77627,77519.1,77554.7,216.4262
1779703200000,77554.7,77589.9,77510.5,77584.9,185.1846
1779704100000,77584.9,77637.9,77471,77495.6,298.8152
1779705000000,77495.6,77540,77461.8,77472,181.0176
1779705900000,77472,77515,77434.7,77490.1,188.8521
1779706800000,77490.1,77490.1,77361.1,77405.4,325.4544
1779707700000,77405.4,77405.4,77358.1,77365.2,169.6119
1779708600000,77365.2,77475.7,77365.1,77424,163.3848
1779709500000,77424,77460,77280,77309.9,240.1126
1779710400000,77309.9,77325.3,77231.4,77310.1,422.3865
1779711300000,77310.1,77378.2,77270,77350.8,218.6827
1779712200000,77350.8,77379.9,77294.4,77315,133.4914
1779713100000,77315,77393.8,77250,77314.5,179.0445
1779714000000,77314.5,77416.4,77270,77282.5,182.8805
1779714900000,77282.5,77325.5,77231.2,77288.9,150.4711
1779715800000,77288.9,77320,77250,77305,120.9472
1779716700000,77305,77316,77260,77298,96.9666
1779717600000,77298,77491.8,77266,77430.9,545.4937
1779718500000,77430.9,77585.1,77430.9,77578.7,581.9882
1779719400000,77578.7,77578.7,77504,77534.7,312.549
1779720300000,77534.7,77743.1,77534.6,77675.3,759.6325
1779721200000,77675.3,77872,77640,77662.3,1006.4351
1779722100000,77662.3,77709,77550,77557.4,452.5639
1779723000000,77557.4,77640,77529.4,77619.9,224.3286
1779723900000,77619.9,77620,77512,77585.1,205.5021
1779724800000,77585.1,77605,77458.1,77470.5,166.2722
1779725700000,77470.5,77593,77460,77540.1,316.1357
1779726600000,77540.1,77643.8,77533.7,77643.8,141.8752
1779727500000,77643.8,77777,77620.9,77690,378.0469
1779728400000,77690,77767.2,77633.4,77641.4,263.0022
1779729300000,77641.4,77641.5,77540.6,77609.5,162.1187
1779730200000,77609.5,77616.1,77523.1,77539.7,93.8481
1779731100000,77539.7,77548.4,77503,77513.1,67.6027
1779732000000,77513.1,77619,77500.1,77592.2,94.6878
1779732900000,77592.2,77618,77552.7,77598.9,70.0775
1779733800000,77598.9,77599,77535.3,77569.2,42.0122
1779734700000,77569.2,77583,77500.7,77500.7,62.8776
1779735600000,77500.7,77505.7,77361.3,77449.9,273.086
1779736500000,77449.9,77480,77398.1,77473.5,94.4075
1779737400000,77473.5,77477.5,77304,77366.4,215.5144
1779738300000,77366.4,77422.8,77345.2,77392.3,168.5082
1779739200000,77392.3,77437.6,77369.7,77392.1,88.2038
1779740100000,77392.1,77459.7,77380.1,77381.4,87.1809
1779741000000,77381.4,77426.5,77160.1,77225.9,475.1514
1779741900000,77225.9,77307.8,77207.3,77233.3,173.3411
1779742800000,77233.3,77328.9,77233.3,77328.8,86.1539
1779743700000,77328.8,77328.8,77237.3,77314.9,63.0792
1779744600000,77314.9,77330,77234.9,77264.9,111.3709
1779745500000,77264.9,77357.3,77260,77333.7,107.904
1779746400000,77333.7,77414.3,77240,77367.6,226.5971
1779747300000,77367.6,77396.2,77232.3,77260,106.2984
1779748200000,77260,77260,76979.3,77149.9,684.8868
1779749100000,77149.9,77209.1,77078.5,77078.5,105.3894
1779750000000,77078.5,77259.1,77029.5,77248.8,153.916
1779750900000,77248.8,77290,77211.2,77244,116.9899
1779751800000,77244,77324.5,77220,77294,96.3122
1779752700000,77294,77336.4,77250,77280.1,81.6932
1779753600000,77280.1,77312.3,77173,77194.2,197.3837
1779754500000,77194.2,77214.4,77040,77085.3,274.1455
1779755400000,77085.3,77166.9,76783.5,76836.8,771.8744
1779756300000,76836.8,76895.5,76531.2,76754.6,1681.5431
1779757200000,76754.6,76845,76589,76808.8,652.777
1779758100000,76808.8,76857.1,76700,76760.9,287.9192
1779759000000,76760.9,76760.9,76555.6,76641.3,325.0014
1779759900000,76641.3,76760,76620.2,76722.1,357.5142
1779760800000,76722.1,76784.8,76591.7,76733.1,334.7442
1779761700000,76733.1,76748.8,76623.4,76640.4,191.9015
1779762600000,76640.4,76705.4,76558,76560.5,157.6746
1779763500000,76560.5,76650,76471,76629.9,338.2273
1779764400000,76629.9,76630,76525.5,76529.1,247.674
1779765300000,76529.1,76578.2,76434,76549.9,285.5454
1779766200000,76549.9,76680,76520.1,76616.8,308.5712
1779767100000,76616.8,76640.5,76593.6,76629.4,144.076
1779768000000,76629.4,76676.3,76585,76633.8,162.8025
1779768900000,76633.8,76719.9,76565.9,76698.4,421.9941
1779769800000,76698.4,76755,76698.4,76741.6,254.6165
1779770700000,76741.6,76787.8,76713.2,76714.5,123.7761
1779771600000,76714.5,76816.8,76680,76775.2,221.2715
1779772500000,76775.2,76859.9,76775.1,76833.9,175.5804
1779773400000,76833.9,76959,76822.5,76878.6,299.464
1779774300000,76878.6,76888,76810.4,76884.3,113.7505
1779775200000,76884.3,76884.3,76791.9,76839.5,133.014
1779776100000,76839.5,76870.6,76730,76802.4,173.5916
1779777000000,76802.4,77026.7,76796,76939.9,435.4408
1779777900000,76939.9,76940,76860.2,76860.2,194.8621
1779778800000,76860.2,76881,76616,76646.3,385.3485
1779779700000,76646.3,76679.9,76558,76667.1,413.9494
1779780600000,76667.1,76667.1,76569.9,76610.1,193.7957
1779781500000,76610.1,76729.5,76610,76683.3,158.7406
1779782400000,76683.3,76779,76651,76750.9,234.1247
1779783300000,76750.9,76787,76682.7,76766.6,312.0185
1779784200000,76766.6,76820,76710.5,76794.1,140.8526
1779785100000,76794.1,76799.9,76680.9,76688.6,171.6462
1779786000000,76688.6,76709.9,76622,76646.1,164.194
1779786900000,76646.1,76769.9,76603.3,76699.5,316.5305
1779787800000,76699.5,76750,76621.9,76649.1,137.5353
1779788700000,76649.1,76670,76605,76635.9,140.5429
1779789600000,76635.9,76687.7,76528.1,76684.8,223.7677
1779790500000,76684.8,77240,76684.8,77200,1349.0904
1779791400000,77200,77541,77131.6,77476.6,1623.6625
1779792300000,77476.6,77595.6,77370,77400.6,760.0568
1779793200000,77400.6,77475,77230,77235,522.0544
1779794100000,77235,77327.7,77182.4,77200.1,387.2385
1779795000000,77200.1,77286.6,77141,77193.9,301.9582
1779795900000,77193.9,77250,77150,77155.1,168.5515
1779796800000,77155.1,77200,76843.7,77020.3,1058.1568
1779797700000,77020.3,77069.8,76920,76990,315.9804
1779798600000,76990,77089.9,76933.9,77067.6,254.6625
1779799500000,77067.6,77112.7,77031,77099.9,237.0964
1779800400000,77099.9,77119.9,77012.4,77056.5,184.1617
1779801300000,77056.5,77056.5,76755,76767,901.0664
1779802200000,76767,76980.5,76644.9,76871.4,1227.4473
1779803100000,76871.4,77435.8,76871.4,77200,1571.3028
1779804000000,77200,77383,77105.5,77383,437.2695
1779804900000,77383,78049.1,77332.9,77914.7,2925.8647
1779805800000,77914.7,77955.8,76677,76787.3,3430.4716
1779806700000,76787.3,77173.1,76679.2,76874,1591.9654
1779807600000,76874,76998.3,76650,76937.5,1086.6516
1779808500000,76937.5,76956.7,76506.3,76618.1,735.7576
1779809400000,76618.1,76668.3,76307.8,76499.8,2001.2037
1779810300000,76499.8,76519.5,76230,76475.4,1108.4967
1779811200000,76475.4,76488.7,76166.4,76300,808.2304
1779812100000,76300,76541.2,76270.1,76510,577.7214
1779813000000,76510,76688.2,76475.6,76510.3,799.313
1779813900000,76510.3,76577.8,76371.2,76533.3,431.3102
1779814800000,76533.3,76623.8,76438,76450,166.1943
1779815700000,76450,76459.4,76013.5,76034.4,1632.9653
1779816600000,76034.4,76042,75810.8,75999.3,1914.6862
1779817500000,75999.3,76124.9,75866.6,75900.2,735.7815
1779818400000,75900.2,75999.9,75821.4,75991.9,584.8035
1779819300000,75991.9,76249.5,75977.2,76067.7,686.7113
1779820200000,76067.7,76110,75857.1,75880,250.4915
1779821100000,75880,75980,75737.6,75810,552.1162
1779822000000,75810,75910,75800,75825.3,318.7966
1779822900000,75825.3,75909,75770,75894.4,455.7352
1779823800000,75894.4,76032.7,75855.4,75992.6,287.115
1779824700000,75992.6,76073.7,75958.9,76026.7,234.1646
1779825600000,76026.7,76095.2,76003.4,76084.2,215.1477
1779826500000,76084.2,76130,75980,76126.2,285.4349
1779827400000,76126.2,76150,75946,76041.1,177.2861
1779828300000,76041.1,76090,76038,76077.8,84.5209
1779829200000,76077.8,76087,75810.1,75862,336.4911
1779830100000,75862,76024.8,75851.9,76014.5,150.0513
1779831000000,76014.5,76047,75940,75965.9,122.3407
1779831900000,75965.9,76010,75824.5,75859.1,89.972
1779832800000,75859.1,75970.7,75655,75759.7,595.0524
1779833700000,75759.7,75810,75706.6,75757.9,170.2078
1779834600000,75757.9,75837.3,75731,75765.7,220.4367
1779835500000,75765.7,75765.7,75630.1,75720,320.9235
1779836400000,75720,75904.7,75720,75860.5,315.1043
1779837300000,75860.5,75913.5,75833.1,75877.7,184.7264
1779838200000,75877.7,75965.5,75860,75919.9,103.1123
1779839100000,75919.9,75935.1,75863.3,75897.8,98.6739
1779840000000,75897.8,75996.4,75885.6,75954.1,238.2023
1779840900000,75954.1,75954.1,75850,75900.6,158.5641
1779841800000,75900.6,76018.7,75864.4,75936.2,184.3093
1779842700000,75936.2,76063,75924.3,76050,341.4937
1779843600000,76050,76088,75983.2,76051.3,218.0053
1779844500000,76051.3,76051.4,75784.9,75840.6,469.6067
1779845400000,75840.6,75894.7,75794.8,75830.2,215.2162
1779846300000,75830.2,75950,75811.4,75839.8,244.6413
1779847200000,75839.8,75865.9,75733,75782.2,262.5514
1779848100000,75782.2,75805.5,75630,75728,417.6742
1779849000000,75728,75805.6,75668,75705.5,117.0331
1779849900000,75705.5,75844.3,75700,75842.2,113.6211
1779850800000,75842.2,75933.2,75802.1,75860.1,208.7689
1779851700000,75860.1,75866,75772.2,75815.3,146.4871
1779852600000,75815.3,75834.9,75702.7,75733.8,101.8441
1779853500000,75733.8,75740,75545.2,75625.9,771.6782
1779854400000,75625.9,75673.8,75585.5,75592.8,229.6867
1779855300000,75592.8,75595,75454.7,75470.1,653.0538
1779856200000,75470.1,75477.9,75254.8,75310,1133.0413
1779857100000,75310,75567.5,75310,75537.7,699.7012
1779858000000,75537.7,75604.8,75537.6,75590.2,183.8921
1779858900000,75590.2,75669.5,75550.1,75630,254.1472
1779859800000,75630,75686.4,75545.9,75597.2,228.5581
1779860700000,75597.2,75713.1,75586.2,75668.4,220.6975
1779861600000,75668.4,75765,75650.1,75701.8,236.7688
1779862500000,75701.8,75711.7,75650,75703.6,183.1576
1779863400000,75703.6,75787.8,75682.2,75787.7,137.8941
1779864300000,75787.7,75870.9,75774.7,75800,238.8222
1779865200000,75800,75851.5,75725,75749.9,309.0902
1779866100000,75749.9,75833.1,75720,75827,165.2181
1779867000000,75827,75932.2,75810,75843.4,321.6429
1779867900000,75843.4,75937.2,75843.4,75932.3,153.188
1779868800000,75932.3,75968,75850.5,75879.7,297.6492
1779869700000,75879.7,76033,75847,76003.9,386.6606
1779870600000,76003.9,76003.9,75910.3,75930,284.6444
1779871500000,75930,75950,75800,75832,315.7514
1779872400000,75832,75839.3,75697.8,75710.9,425.7857
1779873300000,75710.9,75813.1,75664.6,75778.8,232.7955
1779874200000,75778.8,75935,75762.3,75888,296.5648
1779875100000,75888,75906.5,75820.4,75871.1,199.7662
1779876000000,75871.1,75911.5,75834,75911.4,143.4478
1779876900000,75911.4,76001.5,75900.5,75953.7,271.1669
1779877800000,75953.7,75977.5,75829.1,75865,203.5399
1779878700000,75865,75907,75844.9,75860.3,173.1014
1779879600000,75860.3,75961.4,75832.4,75918.9,189.4817
1779880500000,75918.9,75989.9,75874.6,75874.6,207.0616
1779881400000,75874.6,75878.7,75752.5,75794.7,250.2678
1779882300000,75794.7,75794.8,75720,75730,164.8791
1779883200000,75730,75742.8,75562.8,75590,525.8629
1779884100000,75590,76139,75530,75907.7,1474.0186
1779885000000,75907.7,75960.5,75789,75893.7,455.2183
1779885900000,75893.7,75893.7,75651.2,75651.3,508.7884
1779886800000,75651.3,75736.1,75360.5,75410.8,1027.5171
1779887700000,75410.8,75455.3,75156.7,75160.8,1437.1411
1779888600000,75160.8,75297.1,74837,74904.4,2735.0283
1779889500000,74904.4,75079.2,74842.6,75055.9,1305.0327
1779890400000,75055.9,75257.2,74928.2,74991.3,1123.9727
1779891300000,74991.3,75156.7,74730,74856.6,1046.9908
1779892200000,74856.6,75115.8,74781.1,75049,924.8999
1779893100000,75049,75138.2,74980,75010,323.5189
1779894000000,75010,75130,74951.8,75097.4,449.4387
1779894900000,75097.4,75386.2,75072,75326,839.0307
1779895800000,75326,75484,75130,75179.3,899.5223
1779896700000,75179.3,75396,75168.6,75296.8,397.0072
1779897600000,75296.8,75380,75171,75257.2,349.5349
1779898500000,75257.2,75275.9,75008.5,75063.3,530.4842
1779899400000,75063.3,75132.8,74956.5,75114.3,396.4104
1779900300000,75114.3,75296.1,75086,75275.9,255.5195
1779901200000,75275.9,75327.6,74922.9,74942,771.6559
1779902100000,74942,75051.7,74864.9,74967.2,908.3324
1779903000000,74967.2,75009.4,74814.1,74868.8,427.7648
1779903900000,74868.8,74940,74637.7,74828.2,685.4904
1779904800000,74828.2,74912,74612,74700,593.0869
1779905700000,74700,74890,74666.1,74873.2,431.961
1779906600000,74873.2,74970.7,74850,74947.5,339.2607
1779907500000,74947.5,75010.2,74917.3,75000,172.8345
1779908400000,75000,75038,74934.2,75017.1,249.516
1779909300000,75017.1,75055,74943.5,75009.2,155.1706
1779910200000,75009.2,75079,74940,74979.9,338.0517
1779911100000,74979.9,75045.3,74915.7,75034.2,185.7189
1779912000000,75034.2,75283.2,75020.1,75271.1,803.7366
1779912900000,75271.1,75388,75233.3,75244.9,336.4609
1779913800000,75244.9,75259.5,75180.1,75224.2,110.6629
1779914700000,75224.2,75259.9,75205,75240.1,91.0575
1779915600000,75240.1,75240.1,75114.6,75136.1,141.3305
1779916500000,75136.1,75180,75066.1,75066.1,118.8147
1779917400000,75066.1,75077.5,74400,74591.6,1455.4212
1779918300000,74591.6,74591.6,74311,74444.9,1498.5531
1779919200000,74444.9,74747.3,74283.4,74372.7,1306.9095
1779920100000,74372.7,74627.5,74236.8,74573.1,595.6815
1779921000000,74573.1,74639.9,74453.4,74598,350.7124
1779921900000,74598,74630.1,74388.2,74399.4,277.7756
1779922800000,74399.4,74450,74333.3,74425.2,266.0105
1779923700000,74425.2,74549.9,74208.1,74278.7,745.4542
1779924600000,74278.7,74379.1,74232.2,74350.8,355.3316
1779925500000,74350.8,74459.9,74280,74420,369.6463
1779926400000,74420,74560,74400.1,74406.2,392.5184
1779927300000,74406.2,74545,74340,74452.9,246.2865
1779928200000,74452.9,74550,74446.2,74544.9,141.5662
1779929100000,74544.9,74555.7,74422.5,74543.5,162.8531
1779930000000,74543.5,74565.5,74420,74450,113.1774
1779930900000,74450,74516.9,74123,74257.9,1228.6872
1779931800000,74257.9,74380.9,74132.6,74243.6,542.4112
1779932700000,74243.6,74356.8,74224.1,74317.2,218.644
1779933600000,74317.2,74382.8,74210,74331.3,202.5359
1779934500000,74331.3,74357.6,74144.1,74189.5,360.597
1779935400000,74189.5,74270.5,74077.7,74233.8,446.5294
1779936300000,74233.8,74339.9,74210,74260.2,180.4076
1779937200000,74260.2,74353.5,74100,74183.8,348.4509
1779938100000,74183.8,74210,73404.6,73716.1,4073.8952
1779939000000,73716.1,73759.5,73324.7,73405.9,2420.824
1779939900000,73405.9,73545.8,73038.4,73232.9,2878.5743
1779940800000,73232.9,73232.9,72700,73056.9,3092.6427
1779941700000,73056.9,73099,72783.3,72977.9,1154.9955
1779942600000,72977.9,73177,72921.1,73155.4,626.6493
1779943500000,73155.4,73165.7,73060,73151.5,273.6924
1779944400000,73151.5,73151.5,72953.2,72995.8,328.0105
1779945300000,72995.8,73011.6,72893.3,72924,361.074
1779946200000,72924,73043.8,72893.4,73007,298.6251
1779947100000,73007,73043.6,72879.4,72961.2,249.2713
1779948000000,72961.2,73008.6,72929.1,72967.9,203.6568
1779948900000,72967.9,73004.6,72840,72910,432.7935
1779949800000,72910,72928.1,72732.9,72889.6,433.7559
1779950700000,72889.6,73189.9,72889.5,73175.1,723.3418
1779951600000,73175.1,73210,73122.3,73189.5,316.1101
1779952500000,73189.5,73310.2,73189.5,73230.6,392.7893
1779953400000,73230.6,73490.1,73230.6,73460,588.2964
1779954300000,73460,73475.7,73355,73460.1,276.6616
1779955200000,73460.1,73476.3,73311,73419.9,280.9255
1779956100000,73419.9,73420,73190.1,73239.9,437.34
1779957000000,73239.9,73280,73175.6,73259,303.6217
1779957900000,73259,73356.5,73196.3,73286.9,487.7404
1779958800000,73286.9,73368,73225.1,73279.5,214.6192
1779959700000,73279.5,73387.5,73269,73373.9,175.0594
1779960600000,73373.9,73483.2,73330.5,73461,525.6072
1779961500000,73461,73535,73460,73512.9,462.658
1779962400000,73512.9,73597.3,73466.1,73549.8,285.4393
1779963300000,73549.8,73553.3,73313.7,73399.3,349.8182
1779964200000,73399.3,73485,73373.7,73479.1,130.2118
1779965100000,73479.1,73573.1,73342.9,73367.8,318.1386
1779966000000,73367.8,73432.9,73308.3,73409.6,332.5566
1779966900000,73409.6,73428.7,73302,73329.6,133.6952
1779967800000,73329.6,73450,73280,73450,124.2294
1779968700000,73450,73504.2,73397.4,73473.7,159.4603
1779969600000,73473.7,73490,73366,73366,155.2944
1779970500000,73366,73385.8,73208.3,73348,436.5113
1779971400000,73348,73521.9,73320,73451.7,517.2492
1779972300000,73451.7,73560.7,73444.3,73491.2,265.5289
1779973200000,73491.2,73545,73299.8,73303.7,351.0201
1779974100000,73303.7,73303.8,72931.7,73130.9,1244.7404
1779975000000,73130.9,73138.3,72739.1,72756.9,1522.5976
1779975900000,72756.9,73061,72756.9,72990.4,1102.6233
1779976800000,72990.4,73321.8,72550.1,73290.9,3088.6526
1779977700000,73290.9,73552,72860,72944.6,2177.4223
1779978600000,72944.6,73031.1,72765,72830.5,1307.0265
1779979500000,72830.5,73018,72661.4,72997.9,1121.4671
1779980400000,72997.9,73150,72824.4,72840,816.1001
1779981300000,72840,72948.7,72660.2,72937.4,768.4698
1779982200000,72937.4,72994.9,72804.8,72994.9,331.7386
1779983100000,72994.9,73047.1,72859.3,72902.3,449.8099
1779984000000,72902.3,73150,72701.9,73074.6,950.1264
1779984900000,73074.6,73290.3,73020,73124.2,617.9873
1779985800000,73124.2,73330.9,73124.2,73329.2,283.0147
1779986700000,73329.2,73421,73250,73417.6,533.2547
1779987600000,73417.6,73474,73286.1,73455.9,438.3233
1779988500000,73455.9,73460,73277,73329.9,359.844
1779989400000,73329.9,73501.6,73300.5,73434.6,286.4075
1779990300000,73434.6,73700,73434.5,73512.2,931.243
1779991200000,73512.2,73700,73488.8,73600.1,553.0233
1779992100000,73600.1,73704.7,73542,73552.3,335.439
1779993000000,73552.3,73649,73540,73574.1,151.0135
1779993900000,73574.1,73699,73540.1,73624,149.9517
1779994800000,73624,73624,73412.5,73444.8,295.0067
1779995700000,73444.8,73530,73390,73530,174.6209
1779996600000,73530,73565.6,73385,73404.3,248.7494
1779997500000,73404.3,73491.9,73343.6,73387.2,387.5664
1779998400000,73387.2,73519.9,73203.3,73410,759.3824
1779999300000,73410,73637.5,73400,73621.6,252.3937
1780000200000,73621.6,73689.4,73580,73665.4,214.4568
1780001100000,73665.4,73665.4,73536.8,73547,215.0625
1780002000000,73547,73687.8,73521,73663.8,148.0858
1780002900000,73663.8,73704.7,73640,73658.9,322.0254
1780003800000,73658.9,73888,73655.9,73871.9,648.9495
1780004700000,73871.9,73871.9,73757,73783.5,179.0091
1780005600000,73783.5,73914.2,73652.4,73679.9,404.3977
1780006500000,73679.9,73687.8,73567.4,73579.7,227.7687
1780007400000,73579.7,73585.5,73456.1,73464.2,199.7345
1780008300000,73464.2,73565.7,73413,73440,170.2446
1780009200000,73440,73563,73439.9,73563,145.2861
1780010100000,73563,73666,73533.1,73655,100.0532
1780011000000,73655,73687.5,73510,73572.6,166.2127
1780011900000,73572.6,73615.4,73500,73590.1,99.6097
1780012800000,73590.1,73762.3,73590,73719.9,284.2548
1780013700000,73719.9,73830.1,73654,73749.9,259.8281
1780014600000,73749.9,73832.5,73718.9,73821.8,160.5094
1780015500000,73821.8,73821.8,73652.8,73690,108.0995
1780016400000,73690,73844,73689.9,73754.5,230.1482
1780017300000,73754.5,73775.1,73540.2,73566.1,519.0333
1780018200000,73566.1,73566.1,73450,73498.3,218.7473
1780019100000,73498.3,73599.6,73431.9,73553.4,231.8005
1780020000000,73553.4,73611.4,73519.3,73596.7,172.2854
1780020900000,73596.7,73620,73326.7,73348.6,338.1756
1780021800000,73348.6,73455.5,73290,73313.8,352.9685
1780022700000,73313.8,73378.9,73144.4,73190,562.5216
1780023600000,73190,73429.5,73190,73419.5,523.0235
1780024500000,73419.5,73419.5,73354.8,73361.7,98.0778
1780025400000,73361.7,73414.8,73280.9,73334.1,124.6482
1780026300000,73334.1,73334.7,73226.6,73264.9,114.2003
1780027200000,73264.9,73346.4,73175,73199.7,264.8488
1780028100000,73199.7,73349.8,73199.7,73333.3,140.8497
1780029000000,73333.3,73412.9,73317.8,73378.5,157.2412
1780029900000,73378.5,73480,73370,73468.1,152.2041
1780030800000,73468.1,73616.4,73464,73566.3,337.8675
1780031700000,73566.3,73574.2,73492.5,73550.1,149.2499
1780032600000,73550.1,73550.1,73458,73475.7,94.6831
1780033500000,73475.7,73685.6,73470.4,73660,458.3544
1780034400000,73660,73679.9,73590.6,73660,158.8153
1780035300000,73660,73897.5,73659.9,73730.1,480.6032
1780036200000,73730.1,73730.1,73626.9,73663.7,130.2577
1780037100000,73663.7,73773.1,73663.5,73746.9,92.2638
1780038000000,73746.9,73783.6,73718.2,73776.7,143.3906
1780038900000,73776.7,73786.3,73706.8,73730,145.0934
1780039800000,73730,73730,73353.6,73367.8,508.5836
1780040700000,73367.8,73500,73340,73485.8,297.4092
1780041600000,73485.8,73691.2,73471.1,73674.4,305.9312
1780042500000,73674.4,73792,73660,73742.1,231.6181
1780043400000,73742.1,73786.3,73680,73770,154.532
1780044300000,73770,73774.4,73585.7,73619.9,178.0709
1780045200000,73619.9,73831.6,73609.9,73779.3,233.7019
1780046100000,73779.3,73862.7,73770,73844.1,282.694
1780047000000,73844.1,73845,73778.1,73789.9,124.281
1780047900000,73789.9,73789.9,73670.7,73701.5,153.85
1780048800000,73701.5,73701.6,73634.3,73666,112.6212
1780049700000,73666,73666,73574.8,73594.6,142.4919
1780050600000,73594.6,73701.6,73536.3,73570.7,231.3214
1780051500000,73570.7,73657.9,73555,73599,156.0137
1780052400000,73599,73647.2,73555.6,73612.5,87.836
1780053300000,73612.5,73665.5,73515,73535.3,82.9179
1780054200000,73535.3,73554,73444.9,73450.8,190.3691
1780055100000,73450.8,73486.6,73300.6,73444.1,378.4782
1780056000000,73444.1,73444.1,73300,73331,227.0379
1780056900000,73331,73386.2,73277,73299.4,270.9136
1780057800000,73299.4,73309.1,73192.7,73244.9,585.9
1780058700000,73244.9,73347.8,73173.4,73264.1,397.8441
1780059600000,73264.1,73271.3,73046,73099.1,807.1733
1780060500000,73099.1,73111,72935.5,73038.2,618.1825
1780061400000,73038.2,73283.9,72864.2,73239.9,1199.2021
1780062300000,73239.9,73329.4,73030.8,73120.8,685.7771
1780063200000,73120.8,73179,72868.6,72988.7,1253.7788
1780064100000,72988.7,73053.8,72476.5,72700.1,2960.2246
1780065000000,72700.1,72878.3,72550,72631.9,1424.0971
1780065900000,72631.9,73171.7,72580.9,73066.5,2449.5859
1780066800000,73066.5,73728,72975.3,73659,3183.9692
1780067700000,73659,73718.6,73425,73623,1251.3293
1780068600000,73623,74161.5,73620,73777.3,3188.4885
1780069500000,73777.3,73836.5,73661,73768,726.6646
1780070400000,73768,73980,73741,73912.8,556.9598
1780071300000,73912.8,73933.4,73505.6,73605.1,834.1854
1780072200000,73605.1,74064.9,73595.5,74037.6,1281.8805
1780073100000,74037.6,74086.9,73873.1,74005.3,622.6246
1780074000000,74005.3,74255,73888.3,74200,891.2184
1780074900000,74200,74287,74105,74182,1315.5798
1780075800000,74182,74285.6,74158.1,74169.5,507.1598
1780076700000,74169.5,74169.5,73874.6,73942.2,478.4458
1780077600000,73942.2,74026.2,73900,74001.6,220.0579
1780078500000,74001.6,74007.3,73692,73752.5,790.0459
1780079400000,73752.5,73818.4,73720,73758,181.5948
1780080300000,73758,73758.1,73145.6,73344.9,1971.1581
1780081200000,73344.9,73479.9,73258,73397.4,343.3153
1780082100000,73397.4,73421.8,73206.6,73304.8,257.7075
1780083000000,73304.8,73700,73304.8,73656.1,554.7411
1780083900000,73656.1,73691.7,73481.2,73491,232.5176
1780084800000,73491,73655,73479.1,73624.8,146.4829
1780085700000,73624.8,73723.5,73562,73678.6,197.1494
1780086600000,73678.6,73733.3,73655.9,73670,62.1113
1780087500000,73670,73720.9,73583.7,73646.3,127.0431
1780088400000,73646.3,73829.1,73612.1,73773.6,162.0067
1780089300000,73773.6,73786.8,73507.2,73507.3,191.8886
1780090200000,73507.3,73583.8,73438.2,73579.9,128.1721
1780091100000,73579.9,73596.9,73375,73385.1,118.9284
1780092000000,73385.1,73467,73344.7,73374.8,251.5299
1780092900000,73374.8,73551.5,73374.8,73496.6,170.3346
1780093800000,73496.6,73528.5,73412,73438.5,334.9804
1780094700000,73438.5,73507.1,73372.8,73455.1,221.2601
1780095600000,73455.1,73487,73361.8,73380,96.4239
1780096500000,73380,73445,73284,73351.2,224.5786
1780097400000,73351.2,73410,73290,73403.9,120.4949
1780098300000,73403.9,73478.2,73374.7,73436.5,103.8157
1780099200000,73436.5,73498.8,73400.2,73460,79.3974
1780100100000,73460,73526.2,73437.8,73437.8,117.7092
1780101000000,73437.8,73498,73375.1,73495,72.1646
1780101900000,73495,73557.3,73471.4,73471.4,311.0724
1780102800000,73471.4,73584,73443,73550,209.9751
1780103700000,73550,73627.1,73523,73602,106.0867
1780104600000,73602,73638.9,73563,73576.4,152.4908
1780105500000,73576.4,73635,73558,73635,86.2743
1780106400000,73635,73682.9,73631.8,73644.1,100.3855
1780107300000,73644.1,73663,73581.1,73601.9,69.5905
1780108200000,73601.9,73700,73601.8,73680.4,123.689
1780109100000,73680.4,73755,73670,73755,176.3612
1780110000000,73755,73763.5,73690.4,73733.4,78.2009
1780110900000,73733.4,73733.4,73637.2,73637.2,150.4386
1780111800000,73637.2,73637.2,73503.9,73513.4,248.757
1780112700000,73513.4,73565.8,73490,73499.1,86.9803
1780113600000,73499.1,73549.9,73322.8,73465.8,212.1636
1780114500000,73465.8,73465.8,73266,73313.9,204.8401
1780115400000,73313.9,73326.6,73170,73290,490.4677
1780116300000,73290,73379.4,73263,73373.9,260.4625
1780117200000,73373.9,73599.3,73314.7,73476.2,541.7179
1780118100000,73476.2,73520,73474.3,73484.3,172.2142
1780119000000,73484.3,73550,73484.3,73547.5,393.7747
1780119900000,73547.5,73619.1,73547.4,73567,176.9637
1780120800000,73567,73583.1,73490,73504,560.9344
1780121700000,73504,73588,73503,73577.3,129.351
1780122600000,73577.3,73675.1,73577.3,73620,376.8656
1780123500000,73620,73621.9,73517.2,73541.5,122.3014
1780124400000,73541.5,73556.2,73486.9,73497.4,138.3825
1780125300000,73497.4,73543.3,73492,73520,40.1226
1780126200000,73520,73543.7,73442.3,73453.5,165.0498
1780127100000,73453.5,73514,73450,73514,53.9177
1780128000000,73514,73520,73489.7,73520,43.7216
1780128900000,73520,73520,73471.7,73511.7,71.121
1780129800000,73511.7,73519.2,73476.7,73483.8,56.0041
1780130700000,73483.8,73499,73465,73485,103.2842
1780131600000,73485,73513.3,73463,73509.9,109.5943
1780132500000,73509.9,73544,73490.4,73529.3,64.0035
1780133400000,73529.3,73545,73513.8,73532.6,61.9195
1780134300000,73532.6,73574.9,73530,73566,116.6256
1780135200000,73566,73622.7,73547.8,73590.8,96.9959
1780136100000,73590.8,73647.7,73579.1,73592,150.7048
1780137000000,73592,73613.8,73581.3,73604.1,83.5591
1780137900000,73604.1,73624,73566,73614.4,55.1752
1780138800000,73614.4,73617.2,73576.2,73580.8,61.4951
1780139700000,73580.8,73589,73521.5,73549.1,191.3004
1780140600000,73549.1,73600,73549.1,73590,36.0756
1780141500000,73590,73590,73542.2,73563,54.8878
1780142400000,73563,73580.9,73555.7,73569.4,77.678
1780143300000,73569.4,73647.1,73569.3,73613.8,80.1675
1780144200000,73613.8,73687.2,73607.6,73643.3,81.4989
1780145100000,73643.3,73662,73619,73659.7,104.698
1780146000000,73659.7,73746.1,73659.7,73700.3,202.1721
1780146900000,73700.3,73800,73670,73731.6,251.9215
1780147800000,73731.6,73736.6,73629.3,73709.1,149.9761
1780148700000,73709.1,73799,73703.8,73789.9,136.2652
1780149600000,73789.9,73970,73774.4,73895.9,617.4229
1780150500000,73895.9,74013.7,73840,73998.3,362.7935
1780151400000,73998.3,74060,73951.3,73951.9,433.7538
1780152300000,73951.9,73983.9,73868.8,73890,232.473
1780153200000,73890,74000,73830.2,73988.3,225.8856
1780154100000,73988.3,73999.4,73800.1,73899.6,317.0229
1780155000000,73899.6,73908,73795.4,73832.9,215.7664
1780155900000,73832.9,73937.7,73832.9,73885,163.8337
1780156800000,73885,73937,73834.3,73926.4,173.2308
1780157700000,73926.4,73939.4,73852.2,73865,65.8337
1780158600000,73865,73940.2,73857,73916.9,82.7309
1780159500000,73916.9,73940.1,73865,73896.6,45.8878
1780160400000,73896.6,73907.5,73834,73874.9,83.7554
1780161300000,73874.9,73988,73859.8,73891.5,166.7789
1780162200000,73891.5,73909.6,73767,73909.6,182.2476
1780163100000,73909.6,73980,73909.6,73975,103.0404
1780164000000,73975,73990,73957.8,73975.1,47.8069
1780164900000,73975.1,74071,73903.6,73935.5,223.51
1780165800000,73935.5,74050,73914.1,74050,65.5191
1780166700000,74050,74088,73958.6,73996.5,231.0743
1780167600000,73996.5,74000,73957,73997.8,76.8142
1780168500000,73997.8,74029.8,73948.3,73955.3,66.5836
1780169400000,73955.3,74000,73930,73982.5,97.7447
1780170300000,73982.5,74029.6,73966.2,73966.3,64.9689
1780171200000,73966.3,73978.1,73887.6,73917,76.5698
1780172100000,73917,73934.2,73910,73921.7,36.0052
1780173000000,73921.7,73933,73881.4,73885.1,216.2941
1780173900000,73885.1,73940,73881.3,73933.9,108.8599
1780174800000,73933.9,73952.8,73919.4,73943.6,59.0104
1780175700000,73943.6,73967,73936,73946.4,67.7158
1780176600000,73946.4,74015.9,73917.6,73948.8,75.6386
1780177500000,73948.8,73981.2,73885.1,73949.3,125.9962
1780178400000,73949.3,73949.3,73790,73861,258.2464
1780179300000,73861,73894.7,73813.2,73865.1,83.5281
1780180200000,73865.1,73865.2,73750.1,73768.1,111.2248
1780181100000,73768.1,73852.6,73768,73839.1,85.161
1780182000000,73839.1,73950,73800,73810,203.4657
1780182900000,73810,73849.4,73782.4,73815,126.7079
1780183800000,73815,73815,73740.2,73766.6,128.4411
1780184700000,73766.6,73850,73765.2,73849.9,42.1579
1780185600000,73849.9,73899.9,73809.7,73842.1,138.8972
1780186500000,73842.1,73994.2,73840,73933,127.6021
1780187400000,73933,73982,73895.1,73908.5,105.7913
1780188300000,73908.5,74001.2,73875.1,73994.6,125.9523
1780189200000,73994.6,74148.3,73981,74104.9,404.6739
1780190100000,74104.9,74238,74050,74062.1,540.2951
1780191000000,74062.1,74181.5,74023,74023.1,380.7488
1780191900000,74023.1,74100,74009,74012.4,190.103
1780192800000,74012.4,74127.9,74006,74125.6,84.897
1780193700000,74125.6,74212.2,73922,73924.9,289.0938
1780194600000,73924.9,73990.7,73840.4,73932.8,196.2801
1780195500000,73932.8,74071.2,73900,74049.4,211.927
1780196400000,74049.4,74125.5,74022.3,74118,146.9203
1780197300000,74118,74184,74077.8,74165.9,118.199
1780198200000,74165.9,74174,74086.1,74126.9,98.8031
1780199100000,74126.9,74150,74093.9,74101.5,58.3615
1780200000000,74101.5,74127.6,74070,74070,54.1539
1780200900000,74070,74177.6,74052.4,74139,95.0948
1780201800000,74139,74170.6,74103.9,74155,73.9969
1780202700000,74155,74181.9,74118,74136.7,54.5343
1780203600000,74136.7,74172.9,74118,74133.1,78.0651
1780204500000,74133.1,74156.3,74084.6,74123.3,66.9412
1780205400000,74123.3,74141,74042.8,74068.1,73.1425
1780206300000,74068.1,74068.1,74010.8,74021.3,76.0787
1780207200000,74021.3,74022.4,73951.1,73970,127.2196
1780208100000,73970,74009.6,73958,73984.1,86.3447
1780209000000,73984.1,74073.3,73979.3,74025,58.4324
1780209900000,74025,74043.5,74013.1,74013.1,38.5775
1780210800000,74013.1,74013.1,73914.9,73927.8,130.4184
1780211700000,73927.8,73932.3,73850.1,73857.1,193.4683
1780212600000,73857.1,73871.5,73793.7,73824.9,248.1706
1780213500000,73824.9,73879.3,73818.4,73830.3,146.6842
1780214400000,73830.3,73939,73830.3,73876.3,337.9378
1780215300000,73876.3,73949.9,73876.2,73947.3,119.2121
1780216200000,73947.3,73947.4,73825,73860.5,128.0608
1780217100000,73860.5,73946.4,73820,73910.9,155.3173
1780218000000,73910.9,73913.8,73838.3,73866,104.4495
1780218900000,73866,73950.9,73858,73931.9,85.3146
1780219800000,73931.9,73997,73907,73943,230.9584
1780220700000,73943,73974.1,73775,73815.1,175.0008
1780221600000,73815.1,73838.1,73777.6,73826.5,143.1915
1780222500000,73826.5,73826.5,73680.7,73776.1,366.3322
1780223400000,73776.1,73815.2,73771.9,73811.9,80.5001
1780224300000,73811.9,73870,73770.9,73867.2,127.0651
1780225200000,73867.2,73915.2,73863.8,73876.1,81.4366
1780226100000,73876.1,73940,73865.9,73940,63.3263
1780227000000,73940,73940,73886.3,73924.2,85.7713
1780227900000,73924.2,73946.3,73878.8,73914.1,75.0979
1780228800000,73914.1,73956.3,73832.9,73886.3,99.6936
1780229700000,73886.3,73970.9,73886.3,73910,124.3115
1780230600000,73910,73955,73871.1,73955,66.6356
1780231500000,73955,73959.3,73860.8,73892.5,69.6486
1780232400000,73892.5,73926,73846,73915.2,57.5873
1780233300000,73915.2,73996.3,73899.4,73929.5,127.4186
1780234200000,73929.5,73943.4,73850,73868,69.2127
1780235100000,73868,73874.6,73777,73840,150.0799
1780236000000,73840,73840,73642,73698.3,461.3845
1780236900000,73698.3,73758.9,73467.1,73566,1410.2343
1780237800000,73566,73716.7,73554.1,73585.3,422.312
1780238700000,73585.3,73674.8,73556.2,73574.8,173.813
1780239600000,73574.8,73656.4,73554,73650.5,212.3769
1780240500000,73650.5,73755,73625,73709.9,302.6069
1780241400000,73709.9,73723.5,73582.5,73612.3,200.2257
1780242300000,73612.3,73658.9,73612.2,73633.4,221.4116
1780243200000,73633.4,73711.3,73581.2,73593.8,442.5309
1780244100000,73593.8,73606,73492.1,73580.1,270.6523
1780245000000,73580.1,73580.1,73363.1,73473.2,566.9012
1780245900000,73473.2,73520,73411.1,73506.4,162.1963
1780246800000,73506.4,73537.6,73422.3,73498,243.4731
1780247700000,73498,73574.7,73498,73574.7,108.59
1780248600000,73574.7,73696.3,73574.6,73696.3,164.415
1780249500000,73696.3,73713.6,73651.2,73686.1,114.2873
1780250400000,73686.1,73686.2,73587.6,73623.1,85.7952
1780251300000,73623.1,73651.5,73578.8,73602.1,55.9207
1780252200000,73602.1,73688.2,73593,73610.1,70.6184
1780253100000,73610.1,73614.9,73550,73581.1,66.0197
1780254000000,73581.1,73628.8,73557,73563.9,90.1186
1780254900000,73563.9,73590,73420,73500,127.4444
1780255800000,73500,73520,73423.6,73493.7,97.1259
1780256700000,73493.7,73549.3,73490,73528.6,71.1619
1780257600000,73528.6,73675,73528.6,73661.7,280.0271
1780258500000,73661.7,73728.7,73630.9,73658,70.2605
1780259400000,73658,73695.3,73640.5,73661,55.5016
1780260300000,73661,73735,73661,73715.8,47.2988
1780261200000,73715.8,73732.8,73651.8,73652.5,77.5943
1780262100000,73652.5,73714.9,73595.2,73620,87.9747
1780263000000,73620,73719,73598.4,73716.1,97.7863
1780263900000,73716.1,73900,73716,73865,563.1714
1780264800000,73865,73942.6,73644.2,73888.5,270.0635
1780265700000,73888.5,73970,73773.3,73858,255.9085
1780266600000,73858,73969.3,73839.7,73875.8,230.0778
1780267500000,73875.8,73975,73875.8,73918.7,116.6568
1780268400000,73918.7,74170.5,73900.1,73900.1,1232.4904
1780269300000,73900.1,73934.8,73755,73793.3,222.7174
1780270200000,73793.3,73802.9,73461.9,73548.4,662.3217
1780271100000,73548.4,73685,73529.2,73643.8,178.6696
1780272000000,73643.8,73850,73614.7,73772.5,393.2373
1780272900000,73772.5,73936.5,73682,73926.8,253.8712
1780273800000,73926.8,74058,73790.9,73902.3,366.3573
1780274700000,73902.3,73985.9,73829.3,73848,172.234
1780275600000,73848,73884.6,73533,73537,464.0895
1780276500000,73537,73626,73537,73573.1,819.2664
1780277400000,73573.1,73630.3,73435.1,73463.4,312.1562
1780278300000,73463.4,73551.7,73239.2,73271,691.5319
1780279200000,73271,73548.2,73180,73516.1,586.1312
1780280100000,73516.1,73531,73419.7,73505.9,206.8591
1780281000000,73505.9,73859.8,73440.1,73749.2,542.0818
1780281900000,73749.2,73835,73707.3,73758.5,311.6135
1780282800000,73758.5,73984,73758.5,73854.2,601.2771
1780283700000,73854.2,73945,73765,73883.6,301.0215
1780284600000,73883.6,73950,73761,73822.3,224.6918
1780285500000,73822.3,73881.4,73695.6,73731.5,232.1635
1780286400000,73731.5,73807.6,73551.5,73567.9,325.0954
1780287300000,73567.9,73587.8,73367.5,73376,591.7414
1780288200000,73376,73469.9,73374,73457.8,286.2382
1780289100000,73457.8,73566.6,73316,73502,283.5592
1780290000000,73502,73514,73421,73499.9,170.679
1780290900000,73499.9,73510.7,73314.1,73314.2,191.97
1780291800000,73314.2,73405,73293.4,73397.9,189.8903
1780292700000,73397.9,73446,73304,73325.3,171.2841
1780293600000,73325.3,73348.5,73212,73266.1,323.6119
1780294500000,73266.1,73304.2,73117,73164.6,538.8628
1780295400000,73164.6,73212.5,72970,72986.5,683.301
1780296300000,72986.5,73186.4,72935,73112.2,1239.5523
1780297200000,73112.2,73178,73017.8,73093.4,261.4987
1780298100000,73093.4,73115,72918.4,72960.8,506.9576
1780299000000,72960.8,72978,72837.8,72937,981.6109
1780299900000,72937,72942,72670.4,72785.3,1217.9288
1780300800000,72785.3,72835.2,72763.5,72800.1,393.3243
1780301700000,72800.1,72828,72612.4,72720.3,680.7502
1780302600000,72720.3,72828,72590,72743.6,917.4164
1780303500000,72743.6,72908.5,72743.6,72885.1,376.4435
1780304400000,72885.1,73004.2,72885.1,72948.3,405.3394
1780305300000,72948.3,73078.1,72914.8,72983.7,512.1074
1780306200000,72983.7,73030,72889.3,72924.5,199.9963
1780307100000,72924.5,72985.8,72791,72868.5,785.1774
1780308000000,72868.5,72886.8,72757.7,72763.5,352.3412
1780308900000,72763.5,72790,72650,72692.2,424.5831
1780309800000,72692.2,72775,72561.7,72687.9,481.9433
1780310700000,72687.9,72781.6,72687.9,72731.8,272.9267
1780311600000,72731.8,72748.5,72640.9,72665,225.3326
1780312500000,72665,72726.5,72633.1,72654.1,188.318
1780313400000,72654.1,72727,72589,72708.4,721.5785
1780314300000,72708.4,72763.7,72250.7,72472.1,2157.9815
1780315200000,72472.1,72595.1,71866.5,72043,4336.4153
1780316100000,72043,72295,72020.1,72219,1302.1298
1780317000000,72219,72317.5,72176,72259.3,415.8253
1780317900000,72259.3,72288.1,72093.1,72211.3,389.3617
1780318800000,72211.3,72233.5,71720,71839.1,2055.677
1780319700000,71839.1,72032,71735,71813.5,1049.5382
1780320600000,71813.5,72042,71553.5,71590.9,1978.6682
1780321500000,71590.9,72128.5,71361.7,71712.3,3681.3809
1780322400000,71712.3,71887.6,71517,71670.2,1462.5898
1780323300000,71670.2,71739.9,71478,71534.4,1244.1995
1780324200000,71534.4,71599.3,71417.6,71491.5,984.8867
1780325100000,71491.5,71623.8,71420,71570,705.2699
1780326000000,71570,71682,71440,71516.9,838.9315
1780326900000,71516.9,71537,71066,71077.1,2347.7839
1780327800000,71077.1,71492.6,71070.7,71276.8,1759.0081
1780328700000,71276.8,71300,71075.2,71128.5,843.9237
1780329600000,71128.5,71200,70675,70879.4,3364.9222
1780330500000,70879.4,71094.1,70816,71091.1,960.8368
1780331400000,71091.1,71409.2,71035.6,71341.3,1433.6035
1780332300000,71341.3,71607.6,71339.2,71550.3,1216.6496
1780333200000,71550.3,71622,71456,71576.2,664.3744
1780334100000,71576.2,71735,71450,71716.4,492.4437
1780335000000,71716.4,71773.8,71510.1,71707.5,1270.3473
1780335900000,71707.5,71786.3,71600,71625,396.5237
1780336800000,71625,71679.9,71440.5,71460.5,313.4024
1780337700000,71460.5,71538.1,71355,71538,324.8697
1780338600000,71538,71666.7,71485.2,71485.2,229.655
1780339500000,71485.2,71543,71370.3,71475.4,297.8467
1780340400000,71475.4,71480.1,71386.9,71415,133.761
1780341300000,71415,71605,71360.3,71604.3,254.2335
1780342200000,71604.3,71650,71510,71616.5,353.3586
1780343100000,71616.5,71616.6,71475.5,71576,391.4903
1780344000000,71576,71576.1,71495,71556.2,97.8447
1780344900000,71556.2,71671.9,71501,71580,437.1678
1780345800000,71580,71649,71545.9,71567.9,86.1192
1780346700000,71567.9,71587.4,71388,71422.5,183.4319
1780347600000,71422.5,71426.6,71123,71192.6,534.9309
1780348500000,71192.6,71210,71042,71127.7,464.8556
1780349400000,71127.7,71137.4,70907.7,70990.2,360.7874
1780350300000,70990.2,71105.8,70940.7,71011.8,286.2889
1780351200000,71011.8,71018.6,70805,70955.4,443.9236
1780352100000,70955.4,71317.1,70951.2,71264.1,448.834
1780353000000,71264.1,71340,71057.2,71120.2,222.8148
1780353900000,71120.2,71441.8,71120.2,71387.7,306.3758
1780354800000,71387.7,71436.7,71300,71347.9,197.1005
1780355700000,71347.9,71459.4,71220.4,71220.4,320.722
1780356600000,71220.4,71571.1,71206.1,71494.4,528.951
1780357500000,71494.4,71539.5,71354.3,71398.4,376.1104
1780358400000,71398.4,71404.3,71234.3,71257.3,303.6668
1780359300000,71257.3,71289.9,71133,71214.6,212.0732
1780360200000,71214.6,71287.1,71070.4,71164.5,262.3133
1780361100000,71164.5,71288.4,71131.1,71274.9,126.2147
1780362000000,71274.9,71363.6,71210.1,71351.7,221.7582
1780362900000,71351.7,71360,71182,71190.6,255.3915
1780363800000,71190.6,71207.5,70777,70941,1158.1988
1780364700000,70941,70941,70557.6,70628.4,1585.2332
1780365600000,70628.4,70712.3,70080.1,70335.4,3140.8202
1780366500000,70335.4,70814.4,70150,70790.1,1256.1708
1780367400000,70790.1,70865,70561,70585,547.5492
1780368300000,70585,70839.9,70565.1,70839.9,419.2695
1780369200000,70839.9,71028.9,70787.4,70893.8,626.0243
1780370100000,70893.8,70994.5,70801.7,70945,469.4624
1780371000000,70945,70993.6,70891.7,70979.9,154.6029
1780371900000,70979.9,70998.6,70920,70930.5,289.5446
1780372800000,70930.5,70988,70688.9,70742.1,332.759
1780373700000,70742.1,71000,70742.1,70950,484.1891
1780374600000,70950,71025.6,70898.4,70995.4,177.0204
1780375500000,70995.4,70995.4,70734.4,70788,287.2326
1780376400000,70788,70824.9,70560,70783.3,366.4584
1780377300000,70783.3,70795.3,70563,70578.5,176.5228
1780378200000,70578.5,70703.4,70402.6,70506.1,697.7934
1780379100000,70506.1,70511,70232.5,70249.4,1554.3797
1780380000000,70249.4,70429.4,70204.6,70291,462.7131
1780380900000,70291,70386.3,70200.9,70354.8,447.8909
1780381800000,70354.8,70413.3,70233.6,70239.1,410.1229
1780382700000,70239.1,70326,69922.8,70092,2141.0047
1780383600000,70092,70147.5,69710.1,70034.9,1811.9497
1780384500000,70034.9,70255,69817.6,69897.4,1302.4789
1780385400000,69897.4,70237.9,69883.1,70194.5,597.534
1780386300000,70194.5,70198,70050.9,70095.9,259.6452
1780387200000,70095.9,70159.9,69950,70039.5,380.8552
1780388100000,70039.5,70073.7,69850.2,70006.4,551.9637
1780389000000,70006.4,70073.7,69840,69849.4,265.8023
1780389900000,69849.4,69927.2,69667,69805.3,672.5845
1780390800000,69805.3,69835.6,69470,69542.8,1450.2756
1780391700000,69542.8,69611.6,69302.1,69377.6,1069.2699
1780392600000,69377.6,69548.5,69340,69471.7,716.7374
1780393500000,69471.7,69511.2,69356.3,69404.9,410.3531
1780394400000,69404.9,69739.8,69330.4,69636,787.7411
1780395300000,69636,69708,69493.7,69620.1,441.4574
1780396200000,69620.1,69655.8,69421.5,69456,409.3816
1780397100000,69456,69684.4,69455.9,69630,358.5267
1780398000000,69630,69645.7,69475,69537.9,273.0981
1780398900000,69537.9,69550,69405.2,69477.2,217.5373
1780399800000,69477.2,69518.7,69383.2,69453.6,401.9416
1780400700000,69453.6,69596.1,69442,69442.3,230.2987
1780401600000,69442.3,69528,69228.1,69329.5,1006.9121
1780402500000,69329.5,69422.5,69215.9,69271.5,683.3686
1780403400000,69271.5,69271.6,69060,69197.7,1824.7472
1780404300000,69197.7,69240,68970.5,68994.9,1271.5436
1780405200000,68994.9,69160,68871.3,68890,2188.149
1780406100000,68890,69084.7,68850,69004.1,886.2735
1780407000000,69004.1,69084.7,68737.7,68866.6,1313.6373
1780407900000,68866.6,68967.1,68737,68791.9,837.0199
1780408800000,68791.9,68815.3,68274,68558.2,3128.3773
1780409700000,68558.2,68565,67574.3,67860.2,5156.2006
1780410600000,67860.2,68255.5,67830.5,68000,1972.1231
1780411500000,68000,68256,67952.1,67996.5,1072.5165
1780412400000,67996.5,68075,67790,67826.9,1277.1835
1780413300000,67826.9,67831.1,67333.3,67420.1,2582.9873
1780414200000,67420.1,67476.9,67040,67249.1,2545.1496
1780415100000,67249.1,67473.3,67077,67269.9,1134.3514
1780416000000,67269.9,67950,67194.9,67909.6,2393.2434
1780416900000,67909.6,68121.1,67756.1,67832.4,2043.8009
1780417800000,67832.4,67846.2,67509,67602.1,1082.9564
1780418700000,67602.1,67814.3,67376,67391.5,822.9441
1780419600000,67391.5,67609.4,67350,67479.8,735.8008
1780420500000,67479.8,67791.4,67432.8,67711.8,665.873
1780421400000,67711.8,67827.2,67450.1,67466.6,525.863
1780422300000,67466.6,67499.9,67360,67467.2,464.8837
1780423200000,67467.2,67637.3,67466.1,67580.6,361.7731
1780424100000,67580.6,67600,67268,67282.4,622.0895
1780425000000,67282.4,67345.7,67179.5,67282.6,826.3252
1780425900000,67282.6,67346.4,67100,67317.6,447.2509
1780426800000,67317.6,67418.1,67198,67330,475.228
1780427700000,67330,67343.8,66902,66948.3,1727.7903
1780428600000,66948.3,66997,66380,66898.8,3087.3999
1780429500000,66898.8,67477.5,66840,67288.3,1572.4663
1780430400000,67288.3,67458.6,67045.3,67350.1,758.2704
1780431300000,67350.1,67366.7,66877,66922.2,562.6687
1780432200000,66922.2,67323.1,66909.5,67279.1,441.3999
1780433100000,67279.1,67663,67269.4,67554.8,742.8534
1780434000000,67554.8,67783.9,67374.3,67444.2,771.7322
1780434900000,67444.2,67890,67433.4,67859.9,521.2226
1780435800000,67859.9,67899.4,67675.6,67706.4,239.6215
1780436700000,67706.4,67710.2,67478.9,67535.1,255.9928
1780437600000,67535.1,67535.1,67172.8,67195.7,514.856
1780438500000,67195.7,67415.9,66900.9,67260.1,856.6067
1780439400000,67260.1,67286.1,66765,66920.1,1076.3488
1780440300000,66920.1,66920.1,66206.1,66359.9,2311.4003
1780441200000,66359.9,66666,66164.8,66666,1675.5745
1780442100000,66666,66749.1,66158.5,66417.8,1247.2644
1780443000000,66417.8,66700,66213.3,66689.2,1311.593
1780443900000,66689.2,66846.1,66630.3,66725.6,714.1116
1780444800000,66725.6,66887,66608.6,66793.9,834.652
1780445700000,66793.9,67093.2,66729.2,66742.8,581.1787
1780446600000,66742.8,67175,66668.6,67038.9,546.688
1780447500000,67038.9,67118.6,66900,66900.2,289.7051
1780448400000,66900.2,66916.4,66632.7,66797.8,480.7831
1780449300000,66797.8,67013.1,66770.3,66984.9,591.3961
1780450200000,66984.9,67023.1,66431,66480,758.5502
1780451100000,66480,66998.1,66466.4,66880,526.556
1780452000000,66880,66894.3,66690,66788,301.8676
1780452900000,66788,66914,66607.6,66623.6,271.7841
1780453800000,66623.6,66824.3,66571.9,66712.1,244.555
1780454700000,66712.1,66791.9,66550.7,66583.8,257.0734
1780455600000,66583.8,66633.3,66356.4,66495.1,723.8402
1780456500000,66495.1,66599.1,66053.1,66122.9,990.7168
1780457400000,66122.9,66239.4,65700.4,65719,1800.1964
1780458300000,65719,65959.5,65373.4,65823.5,2372.0429
1780459200000,65823.5,66581.5,65800,66310.3,1702.3808
1780460100000,66310.3,66594.5,66284,66553.5,867.6874
1780461000000,66553.5,66553.5,66284,66405.7,921.4328
1780461900000,66405.7,66484.4,66234.7,66438.8,393.4732
1780462800000,66438.8,67230.4,66438.8,67102.5,2121.2397
1780463700000,67102.5,67257.1,66944.9,67064.7,580.6157
1780464600000,67064.7,67064.7,66733.7,66984,858.1534
1780465500000,66984,67362,66984,67290,1044.8446
1780466400000,67290,67345,67054.2,67125.1,632.8305
1780467300000,67125.1,67323.8,67109.2,67210.5,380.2194
1780468200000,67210.5,67482.5,67150,67286.6,1018.1099
1780469100000,67286.6,67300,66921.4,66952.7,989.044
1780470000000,66952.7,67123.6,66835.9,67041.4,589.9696
1780470900000,67041.4,67312.7,66993,67159.5,578.4743
