1770931800000,0.07337,0.07359,0.07327,0.07332,236810
1770932700000,0.07332,0.07339,0.07321,0.07334,157169
1770933600000,0.07334,0.07378,0.07329,0.07342,1698534
1770934500000,0.07342,0.07371,0.07335,0.07371,371880
1770935400000,0.07371,0.07421,0.07367,0.07417,444959
1770936300000,0.07417,0.0744,0.07397,0.07425,566010
1770937200000,0.07425,0.07449,0.07409,0.07431,1849539
1770938100000,0.07431,0.07468,0.07427,0.07458,814237
1770939000000,0.07458,0.07468,0.07445,0.07468,468755
1770939900000,0.07468,0.07487,0.07457,0.0748,1572113
1770940800000,0.0748,0.07541,0.07473,0.07494,1846827
1770941700000,0.07494,0.07515,0.07463,0.07466,463135
1770942600000,0.07466,0.07469,0.07434,0.0744,399942
1770943500000,0.0744,0.07451,0.07404,0.07437,1308024
1770944400000,0.07437,0.0744,0.07414,0.07414,461917
1770945300000,0.07414,0.0742,0.07366,0.07394,712651
1770946200000,0.07394,0.07448,0.07392,0.07419,543287
1770947100000,0.07419,0.0743,0.07396,0.07417,363124
1770948000000,0.07417,0.07454,0.07415,0.07454,461568
1770948900000,0.07454,0.07462,0.07426,0.07431,404580
1770949800000,0.07431,0.07431,0.0739,0.07415,694750
1770950700000,0.07415,0.0742,0.07407,0.07417,382946
1770951600000,0.07417,0.07422,0.07387,0.07387,796963
1770952500000,0.07387,0.07413,0.07384,0.07413,307412
1770953400000,0.07413,0.07445,0.07407,0.07407,866898
1770954300000,0.07407,0.07407,0.07384,0.07401,497775
1770955200000,0.07401,0.0741,0.07382,0.07403,522622
1770956100000,0.07403,0.07414,0.0738,0.07384,409982
1770957000000,0.07384,0.07394,0.07373,0.07377,235689
1770957900000,0.07377,0.07392,0.07373,0.07374,482178
1770958800000,0.07374,0.07399,0.0736,0.07395,878160
1770959700000,0.07395,0.07402,0.07381,0.07389,639867
1770960600000,0.07389,0.07428,0.07386,0.07421,1073187
1770961500000,0.07421,0.07427,0.07399,0.07415,505165
1770962400000,0.07415,0.07437,0.07415,0.07418,402015
1770963300000,0.07418,0.07437,0.07396,0.07396,452278
1770964200000,0.07396,0.07437,0.07383,0.07437,495617
1770965100000,0.07437,0.07484,0.07433,0.0748,858488
1770966000000,0.0748,0.0751,0.07478,0.07499,1397423
1770966900000,0.07499,0.07583,0.07499,0.07526,1899291
1770967800000,0.07526,0.07531,0.07476,0.07481,1372388
1770968700000,0.07481,0.07489,0.07469,0.07484,520671
1770969600000,0.07484,0.07512,0.07454,0.07499,901122
1770970500000,0.07499,0.07544,0.07498,0.07543,856106
1770971400000,0.07543,0.07567,0.07534,0.07547,1285011
1770972300000,0.07547,0.07552,0.07527,0.07536,758786
1770973200000,0.07536,0.07547,0.07525,0.07538,511553
1770974100000,0.07538,0.07576,0.07535,0.07576,665423
1770975000000,0.07576,0.07628,0.07576,0.07577,1339654
1770975900000,0.07577,0.07577,0.07552,0.07559,648918
1770976800000,0.07559,0.07572,0.07552,0.07566,668043
1770977700000,0.07566,0.07578,0.07556,0.07577,304974
1770978600000,0.07577,0.07614,0.07569,0.07572,1141750
1770979500000,0.07572,0.07581,0.0756,0.07564,834097
1770980400000,0.07564,0.07567,0.07513,0.07525,780831
1770981300000,0.07525,0.07549,0.07523,0.07543,353989
1770982200000,0.07543,0.07546,0.07512,0.07519,655105
1770983100000,0.07519,0.07546,0.07508,0.07545,577744
1770984000000,0.07545,0.07545,0.07501,0.07511,386605
1770984900000,0.07511,0.07518,0.07497,0.0751,228836
1770985800000,0.0751,0.0751,0.0748,0.0749,511247
1770986700000,0.0749,0.07502,0.07482,0.07488,184621
1770987600000,0.07488,0.07502,0.07465,0.07482,271244
1770988500000,0.07482,0.07514,0.07482,0.07501,747167
1770989400000,0.07501,0.07524,0.07462,0.07477,1641956
1770990300000,0.07477,0.07484,0.07447,0.07471,603422
1770991200000,0.07471,0.07478,0.0744,0.07442,1487163
1770992100000,0.07442,0.07467,0.07442,0.07463,323546
1770993000000,0.07463,0.07516,0.07442,0.07476,1936009
1770993900000,0.07476,0.07522,0.07476,0.07488,1308267
1770994800000,0.07488,0.07554,0.07487,0.0753,2177051
1770995700000,0.0753,0.07614,0.07507,0.07608,1517121
1770996600000,0.07608,0.07637,0.07529,0.07536,3311834
1770997500000,0.07536,0.07544,0.07462,0.0749,1777670
1770998400000,0.0749,0.07531,0.07479,0.07515,1062848
1770999300000,0.07515,0.07562,0.07515,0.07557,1015424
1771000200000,0.07557,0.07609,0.07557,0.07604,1257690
1771001100000,0.07604,0.07614,0.07576,0.07601,489097
1771002000000,0.07601,0.07606,0.07572,0.07605,962822
1771002900000,0.07605,0.07626,0.07594,0.07606,1235016
1771003800000,0.07606,0.07606,0.07587,0.07587,351350
1771004700000,0.07587,0.07593,0.07566,0.07588,437376
1771005600000,0.07588,0.07598,0.07566,0.07579,313844
1771006500000,0.07579,0.07602,0.07572,0.07587,149825
1771007400000,0.07587,0.07614,0.07587,0.076,293454
1771008300000,0.076,0.07618,0.07598,0.07608,556252
1771009200000,0.07608,0.07633,0.07608,0.07617,284041
1771010100000,0.07617,0.07636,0.07606,0.07619,411946
1771011000000,0.07619,0.07619,0.07597,0.07602,342503
1771011900000,0.07602,0.07619,0.07602,0.07615,238581
1771012800000,0.07615,0.0762,0.07607,0.0761,157441
1771013700000,0.0761,0.07631,0.076,0.07628,282137
1771014600000,0.07628,0.07645,0.07627,0.07639,457223
1771015500000,0.07639,0.07649,0.07627,0.07632,181059
1771016400000,0.07632,0.07643,0.07631,0.07633,394531
1771017300000,0.07633,0.07634,0.07616,0.07617,171815
1771018200000,0.07617,0.07636,0.0761,0.07634,172205
1771019100000,0.07634,0.07641,0.07627,0.07639,200630
1771020000000,0.07639,0.07648,0.07615,0.07616,334581
1771020900000,0.07616,0.07626,0.07614,0.07617,203990
1771021800000,0.07617,0.07621,0.07562,0.07567,660911
1771022700000,0.07567,0.07582,0.07563,0.07571,449635
1771023600000,0.07571,0.07579,0.07564,0.07575,317423
1771024500000,0.07575,0.07587,0.07564,0.07577,319247
1771025400000,0.07577,0.07585,0.07572,0.07574,155148
1771026300000,0.07574,0.07585,0.07572,0.07574,170741
1771027200000,0.07574,0.07589,0.07569,0.07573,414495
1771028100000,0.07573,0.0758,0.07556,0.07567,483351
1771029000000,0.07567,0.0759,0.0756,0.0759,288100
1771029900000,0.0759,0.07605,0.07588,0.07593,219304
1771030800000,0.07593,0.07594,0.07571,0.07572,131072
1771031700000,0.07572,0.07585,0.07554,0.07565,635631
1771032600000,0.07565,0.07579,0.07561,0.07572,309497
1771033500000,0.07572,0.07576,0.07566,0.0757,264667
1771034400000,0.0757,0.0758,0.07559,0.0758,270347
1771035300000,0.0758,0.07583,0.07561,0.07566,476603
1771036200000,0.07566,0.07577,0.0756,0.07567,220058
1771037100000,0.07567,0.07568,0.07556,0.07567,184314
1771038000000,0.07567,0.07567,0.07557,0.07558,204318
1771038900000,0.07558,0.0756,0.07534,0.0756,454236
1771039800000,0.0756,0.07585,0.07551,0.07576,223903
1771040700000,0.07576,0.07594,0.07574,0.0759,129722
1771041600000,0.0759,0.07591,0.07567,0.07572,90011
1771042500000,0.07572,0.07577,0.07562,0.07577,64189
1771043400000,0.07577,0.07577,0.07562,0.07575,312912
1771044300000,0.07575,0.0758,0.07561,0.07564,105355
1771045200000,0.07564,0.07577,0.07546,0.07568,183558
1771046100000,0.07568,0.07576,0.07557,0.07557,191273
1771047000000,0.07557,0.07557,0.07543,0.07544,90154
1771047900000,0.07544,0.07547,0.07534,0.07534,61430
1771048800000,0.07534,0.07534,0.07483,0.07492,803013
1771049700000,0.07492,0.07504,0.07488,0.07501,174346
1771050600000,0.07501,0.07503,0.07489,0.07492,549477
1771051500000,0.07492,0.07507,0.07492,0.07504,72832
1771052400000,0.07504,0.07517,0.07497,0.07504,271411
1771053300000,0.07504,0.07513,0.07501,0.07509,178785
1771054200000,0.07509,0.07526,0.07507,0.07526,595836
1771055100000,0.07526,0.07526,0.07486,0.07497,1219508
1771056000000,0.07497,0.07548,0.07492,0.07548,909073
1771056900000,0.07548,0.07557,0.07536,0.07546,1130711
1771057800000,0.07546,0.07578,0.07542,0.07571,539464
1771058700000,0.07571,0.07587,0.07556,0.07578,529394
1771059600000,0.07578,0.07579,0.07565,0.07567,196741
1771060500000,0.07567,0.07568,0.07557,0.07565,165174
1771061400000,0.07565,0.0759,0.0756,0.07587,252949
1771062300000,0.07587,0.07597,0.07582,0.07583,245507
1771063200000,0.07583,0.07583,0.0756,0.07572,290437
1771064100000,0.07572,0.07586,0.0757,0.0757,199503
1771065000000,0.0757,0.07585,0.0757,0.07583,245648
1771065900000,0.07583,0.07587,0.07578,0.07587,125095
1771066800000,0.07587,0.07628,0.07587,0.07621,600124
1771067700000,0.07621,0.07694,0.07621,0.07685,1363321
1771068600000,0.07685,0.07716,0.07677,0.07705,944915
1771069500000,0.07705,0.07742,0.07702,0.07724,690887
1771070400000,0.07724,0.07731,0.07706,0.07728,760311
1771071300000,0.07728,0.07747,0.07707,0.07732,1599988
1771072200000,0.07732,0.07735,0.07698,0.07722,1138946
1771073100000,0.07722,0.0773,0.07686,0.07707,850676
1771074000000,0.07707,0.07707,0.0766,0.07676,1128059
1771074900000,0.07676,0.07686,0.07638,0.07638,538478
1771075800000,0.07638,0.07683,0.07638,0.07668,809006
1771076700000,0.07668,0.07699,0.07668,0.07681,232964
1771077600000,0.07681,0.07698,0.07673,0.07689,461549
1771078500000,0.07689,0.07705,0.07686,0.07691,301949
1771079400000,0.07691,0.07746,0.07691,0.07736,2199312
1771080300000,0.07736,0.0776,0.07734,0.07745,451318
1771081200000,0.07745,0.07745,0.07694,0.07697,766946
1771082100000,0.07697,0.07719,0.07692,0.07698,348533
1771083000000,0.07698,0.07723,0.07693,0.07715,647702
1771083900000,0.07715,0.07731,0.07705,0.07729,545337
1771084800000,0.07729,0.07738,0.0771,0.07732,1011091
1771085700000,0.07732,0.07745,0.07716,0.07726,436887
1771086600000,0.07726,0.07799,0.07705,0.07788,2460972
1771087500000,0.07788,0.07813,0.07771,0.07802,557716
1771088400000,0.07802,0.07809,0.07782,0.07809,292206
1771089300000,0.07809,0.07848,0.07808,0.07841,933000
1771090200000,0.07841,0.07847,0.07793,0.07815,585410
1771091100000,0.07815,0.07818,0.07801,0.07804,335149
1771092000000,0.07804,0.0782,0.07795,0.0781,755533
1771092900000,0.0781,0.07834,0.07804,0.07816,560800
1771093800000,0.07816,0.0782,0.07805,0.07805,242108
1771094700000,0.07805,0.07826,0.07805,0.07821,319700
1771095600000,0.07821,0.07838,0.07816,0.07816,363885
1771096500000,0.07816,0.07847,0.07791,0.07846,746579
1771097400000,0.07846,0.07859,0.07834,0.07845,185307
1771098300000,0.07845,0.07859,0.07839,0.07839,173472
1771099200000,0.07839,0.07846,0.07794,0.07795,689849
1771100100000,0.07795,0.07813,0.07768,0.07795,1526420
1771101000000,0.07795,0.07799,0.07783,0.07795,1063806
1771101900000,0.07795,0.07823,0.07795,0.07823,270156
1771102800000,0.07823,0.07865,0.07822,0.07846,2112257
1771103700000,0.07846,0.07846,0.07809,0.07809,610602
1771104600000,0.07809,0.07812,0.07763,0.07788,1054157
1771105500000,0.07788,0.07794,0.07772,0.0778,1168947
1771106400000,0.0778,0.0782,0.07774,0.07805,436713
1771107300000,0.07805,0.0781,0.07791,0.0781,167204
1771108200000,0.0781,0.07858,0.07808,0.07852,388708
1771109100000,0.07852,0.07867,0.07836,0.07852,681517
1771110000000,0.07852,0.07852,0.07834,0.07847,363137
1771110900000,0.07847,0.0785,0.07796,0.07806,690414
1771111800000,0.07806,0.07815,0.07795,0.07806,258462
1771112700000,0.07806,0.07815,0.078,0.078,846107
1771113600000,0.078,0.07823,0.07772,0.07778,1256736
1771114500000,0.07778,0.078,0.07776,0.07781,369199
1771115400000,0.07781,0.07783,0.07764,0.07764,1018279
1771116300000,0.07764,0.07784,0.07753,0.07774,435851
1771117200000,0.07774,0.07805,0.07774,0.07804,777680
1771118100000,0.07804,0.07804,0.07744,0.07753,741606
1771119000000,0.07753,0.0778,0.07744,0.07761,421202
1771119900000,0.07761,0.07796,0.0776,0.07795,243899
1771120800000,0.07795,0.07803,0.07757,0.07762,879406
1771121700000,0.07762,0.07775,0.07745,0.07746,507862
1771122600000,0.07746,0.07763,0.07716,0.07757,658331
1771123500000,0.07757,0.07772,0.07745,0.07762,253803
1771124400000,0.07762,0.07763,0.07738,0.07738,943003
1771125300000,0.07738,0.07745,0.07725,0.07726,314766
1771126200000,0.07726,0.07728,0.07655,0.0768,1773406
1771127100000,0.0768,0.07754,0.0768,0.07751,1286545
1771128000000,0.07751,0.07839,0.07751,0.07831,1931554
1771128900000,0.07831,0.07846,0.07762,0.07762,1505860
1771129800000,0.07762,0.07797,0.07762,0.07791,591936
1771130700000,0.07791,0.07826,0.07786,0.07802,301419
1771131600000,0.07802,0.07821,0.07794,0.07815,327593
1771132500000,0.07815,0.07849,0.07815,0.07843,310256
1771133400000,0.07843,0.0785,0.07826,0.0785,287730
1771134300000,0.0785,0.07857,0.07836,0.07844,482643
1771135200000,0.07844,0.07852,0.07823,0.07852,405131
1771136100000,0.07852,0.07859,0.07833,0.07833,450173
1771137000000,0.07833,0.07836,0.07809,0.07809,329984
1771137900000,0.07809,0.07809,0.0778,0.078,396318
1771138800000,0.078,0.07825,0.07797,0.07825,297400
1771139700000,0.07825,0.07844,0.07819,0.07819,239090
1771140600000,0.07819,0.07857,0.07819,0.07835,257272
1771141500000,0.07835,0.07845,0.07827,0.07841,280321
1771142400000,0.07841,0.07882,0.07841,0.07856,1078766
1771143300000,0.07856,0.07861,0.07818,0.07818,563324
1771144200000,0.07818,0.07824,0.07749,0.07759,2960030
1771145100000,0.07759,0.07798,0.07749,0.07794,1197933
1771146000000,0.07794,0.07834,0.0778,0.07823,693653
1771146900000,0.07823,0.07826,0.078,0.07802,646981
1771147800000,0.07802,0.07814,0.07762,0.07788,642221
1771148700000,0.07788,0.07797,0.07771,0.07788,387075
1771149600000,0.07788,0.07788,0.07727,0.07737,836119
1771150500000,0.07737,0.07748,0.07713,0.07727,1122939
1771151400000,0.07727,0.07737,0.07697,0.07722,653808
1771152300000,0.07722,0.07749,0.07722,0.07733,875614
1771153200000,0.07733,0.07741,0.07724,0.07729,264775
1771154100000,0.07729,0.07747,0.0771,0.07716,349438
1771155000000,0.07716,0.07722,0.07704,0.07714,292703
1771155900000,0.07714,0.07714,0.07691,0.07703,364056
1771156800000,0.07703,0.07711,0.07643,0.07657,1915697
1771157700000,0.07657,0.07692,0.0765,0.07681,1912128
1771158600000,0.07681,0.07687,0.07641,0.07669,1115613
1771159500000,0.07669,0.07669,0.07536,0.07536,4572069
1771160400000,0.07536,0.07594,0.07536,0.07584,1579729
1771161300000,0.07584,0.07609,0.07555,0.07556,1056574
1771162200000,0.07556,0.07566,0.07516,0.07522,2220599
1771163100000,0.07522,0.07537,0.07466,0.0749,2848403
1771164000000,0.0749,0.07516,0.07486,0.07502,899650
1771164900000,0.07502,0.07528,0.07502,0.07512,711937
1771165800000,0.07512,0.07558,0.07512,0.07551,697114
1771166700000,0.07551,0.07554,0.07538,0.07544,620981
1771167600000,0.07544,0.07565,0.0754,0.07562,556392
1771168500000,0.07562,0.07562,0.07547,0.07547,187582
1771169400000,0.07547,0.07553,0.0753,0.07552,445540
1771170300000,0.07552,0.07571,0.07541,0.07567,250700
1771171200000,0.07567,0.07567,0.07473,0.07523,3409111
1771172100000,0.07523,0.07536,0.07488,0.07509,1016888
1771173000000,0.07509,0.0751,0.07485,0.07494,446857
1771173900000,0.07494,0.07512,0.07494,0.07512,362070
1771174800000,0.07512,0.07515,0.07486,0.07493,446331
1771175700000,0.07493,0.07494,0.07471,0.07475,349747
1771176600000,0.07475,0.07499,0.0746,0.07465,1564265
1771177500000,0.07465,0.07465,0.07386,0.07449,3001571
1771178400000,0.07449,0.07455,0.0741,0.07442,655052
1771179300000,0.07442,0.07468,0.07428,0.07432,387302
1771180200000,0.07432,0.0744,0.07407,0.07436,821906
1771181100000,0.07436,0.07442,0.07402,0.07421,744310
1771182000000,0.07421,0.07431,0.07385,0.07409,1348101
1771182900000,0.07409,0.07467,0.074,0.07459,1432385
1771183800000,0.07459,0.07459,0.074,0.07413,657166
1771184700000,0.07413,0.07435,0.07413,0.07421,231918
1771185600000,0.07421,0.07458,0.07403,0.07458,613730
1771186500000,0.07458,0.07473,0.07433,0.07469,247188
1771187400000,0.07469,0.07491,0.07466,0.07481,588140
1771188300000,0.07481,0.07487,0.07473,0.07476,210429
1771189200000,0.07476,0.07514,0.07476,0.07508,1890160
1771190100000,0.07508,0.07516,0.07495,0.07499,617254
1771191000000,0.07499,0.07524,0.07499,0.07499,318156
1771191900000,0.07499,0.07507,0.07492,0.07504,118526
1771192800000,0.07504,0.07515,0.07489,0.07511,401180
1771193700000,0.07511,0.07528,0.07507,0.07527,114920
1771194600000,0.07527,0.07543,0.07522,0.07526,222124
1771195500000,0.07526,0.07527,0.07515,0.07515,437051
1771196400000,0.07515,0.07517,0.0747,0.07497,543909
1771197300000,0.07497,0.0752,0.07484,0.0752,1194989
1771198200000,0.0752,0.07542,0.07514,0.07532,678584
1771199100000,0.07532,0.07541,0.07528,0.0754,139431
1771200000000,0.0754,0.07569,0.07519,0.0756,512604
1771200900000,0.0756,0.07586,0.0753,0.07532,291570
1771201800000,0.07532,0.07565,0.07532,0.07537,214184
1771202700000,0.07537,0.07572,0.07531,0.07558,1084096
1771203600000,0.07558,0.07573,0.07538,0.07545,424786
1771204500000,0.07545,0.07549,0.07512,0.07525,452637
1771205400000,0.07525,0.07534,0.07498,0.07515,157866
1771206300000,0.07515,0.07528,0.07515,0.0752,188284
1771207200000,0.0752,0.07543,0.07519,0.07533,130673
1771208100000,0.07533,0.07546,0.07526,0.07531,147327
1771209000000,0.07531,0.07544,0.07524,0.07524,154562
1771209900000,0.07524,0.07534,0.07506,0.07514,207675
1771210800000,0.07514,0.07523,0.07512,0.07516,127657
1771211700000,0.07516,0.07525,0.07505,0.07516,421002
1771212600000,0.07516,0.07527,0.07516,0.07527,110712
1771213500000,0.07527,0.07541,0.07522,0.07541,116980
1771214400000,0.07541,0.07592,0.07537,0.07581,212660
1771215300000,0.07581,0.07606,0.07571,0.07593,484789
1771216200000,0.07593,0.07594,0.07563,0.07563,119052
1771217100000,0.07563,0.07596,0.07563,0.07596,471426
1771218000000,0.07596,0.07605,0.07514,0.07524,1027408
1771218900000,0.07524,0.07524,0.0749,0.075,725910
1771219800000,0.075,0.07506,0.07465,0.0747,1605900
1771220700000,0.0747,0.07489,0.0747,0.07489,372203
1771221600000,0.07489,0.07497,0.07472,0.07472,492687
1771222500000,0.07472,0.07484,0.0746,0.07481,364625
1771223400000,0.07481,0.07515,0.07481,0.07512,591953
1771224300000,0.07512,0.07512,0.07482,0.07483,439640
1771225200000,0.07483,0.07483,0.07458,0.07477,184072
1771226100000,0.07477,0.07489,0.0746,0.07463,376246
1771227000000,0.07463,0.07476,0.07423,0.07435,671949
1771227900000,0.07435,0.07452,0.07435,0.07444,52888
1771228800000,0.07444,0.07454,0.0743,0.07434,152588
1771229700000,0.07434,0.07466,0.07434,0.07455,119719
1771230600000,0.07455,0.07461,0.0744,0.07445,103865
1771231500000,0.07445,0.07452,0.07437,0.07438,970809
1771232400000,0.07438,0.07493,0.07438,0.07469,450667
1771233300000,0.07469,0.07494,0.07461,0.07491,519245
1771234200000,0.07491,0.07507,0.0748,0.07489,327383
1771235100000,0.07489,0.07489,0.07477,0.07486,83577
1771236000000,0.07486,0.07489,0.07464,0.07488,365380
1771236900000,0.07488,0.07508,0.07465,0.0749,917891
1771237800000,0.0749,0.07493,0.07464,0.07472,445849
1771238700000,0.07472,0.07475,0.07453,0.07453,428932
1771239600000,0.07453,0.07464,0.07406,0.07414,962151
1771240500000,0.07414,0.07421,0.07359,0.07419,1694741
1771241400000,0.07419,0.07419,0.07404,0.07406,246668
1771242300000,0.07406,0.07451,0.07406,0.07439,244569
1771243200000,0.07439,0.0744,0.07423,0.07434,164863
1771244100000,0.07434,0.07511,0.07417,0.07505,1319684
1771245000000,0.07505,0.07539,0.07482,0.07529,1174179
1771245900000,0.07529,0.07573,0.07518,0.07568,1391226
1771246800000,0.07568,0.07602,0.07557,0.07557,817200
1771247700000,0.07557,0.0757,0.07454,0.07485,1599304
1771248600000,0.07485,0.07507,0.07448,0.07476,1566210
1771249500000,0.07476,0.07481,0.07423,0.07441,777047
1771250400000,0.07441,0.07476,0.07436,0.07455,483990
1771251300000,0.07455,0.07476,0.07418,0.07427,1094457
1771252200000,0.07427,0.0749,0.07424,0.07484,1447258
1771253100000,0.07484,0.07511,0.07468,0.07477,725411
1771254000000,0.07477,0.07511,0.07465,0.07466,590262
1771254900000,0.07466,0.07474,0.07454,0.07467,329827
1771255800000,0.07467,0.07467,0.07364,0.07392,2443755
1771256700000,0.07392,0.07417,0.07382,0.07402,471447
1771257600000,0.07402,0.07465,0.07395,0.07453,726269
1771258500000,0.07453,0.07455,0.07427,0.07447,295247
1771259400000,0.07447,0.07449,0.07398,0.07446,1131492
1771260300000,0.07446,0.07452,0.07431,0.07446,1055936
1771261200000,0.07446,0.07455,0.07408,0.07418,348394
1771262100000,0.07418,0.07432,0.07393,0.07428,191008
1771263000000,0.07428,0.07451,0.07428,0.07435,508558
1771263900000,0.07435,0.07435,0.07419,0.07424,260418
1771264800000,0.07424,0.07441,0.07424,0.07434,313309
1771265700000,0.07434,0.07453,0.0743,0.0743,146679
1771266600000,0.0743,0.07443,0.0743,0.07435,119859
1771267500000,0.07435,0.07441,0.07423,0.07424,170673
1771268400000,0.07424,0.07432,0.07424,0.07429,74469
1771269300000,0.07429,0.0745,0.07413,0.07447,326945
1771270200000,0.07447,0.07466,0.07439,0.07466,199780
1771271100000,0.07466,0.07467,0.07452,0.07452,159408
1771272000000,0.07452,0.07453,0.07432,0.07445,142784
1771272900000,0.07445,0.07487,0.07445,0.07487,686993
1771273800000,0.07487,0.07501,0.07483,0.0749,383552
1771274700000,0.0749,0.07543,0.0749,0.07532,959517
1771275600000,0.07532,0.07554,0.07518,0.07554,182496
1771276500000,0.07554,0.0757,0.07545,0.07548,329628
1771277400000,0.07548,0.07565,0.07547,0.07559,154750
1771278300000,0.07559,0.07601,0.07558,0.076,573631
1771279200000,0.076,0.07612,0.0759,0.07605,393047
1771280100000,0.07605,0.07607,0.07573,0.07574,43633
1771281000000,0.07574,0.07583,0.0756,0.07572,1175742
1771281900000,0.07572,0.07587,0.07564,0.07587,177338
1771282800000,0.07587,0.07607,0.07576,0.07605,604523
1771283700000,0.07605,0.07621,0.07594,0.07594,555849
1771284600000,0.07594,0.07615,0.07592,0.07597,361254
1771285500000,0.07597,0.07639,0.07597,0.07636,430908
1771286400000,0.07636,0.0768,0.07591,0.07625,1192163
1771287300000,0.07625,0.07628,0.07604,0.07621,643123
1771288200000,0.07621,0.07632,0.07613,0.07624,203873
1771289100000,0.07624,0.07637,0.07619,0.07621,74895
1771290000000,0.07621,0.07634,0.07602,0.07618,184150
1771290900000,0.07618,0.07625,0.07609,0.07611,111121
1771291800000,0.07611,0.07612,0.07568,0.07576,271117
1771292700000,0.07576,0.07585,0.07554,0.07556,217161
1771293600000,0.07556,0.07614,0.07529,0.07595,654358
1771294500000,0.07595,0.07603,0.07582,0.07587,351108
1771295400000,0.07587,0.07593,0.0758,0.07591,60090
1771296300000,0.07591,0.07605,0.0759,0.0759,179704
1771297200000,0.0759,0.0759,0.07552,0.07558,327457
1771298100000,0.07558,0.07566,0.07547,0.07566,147552
1771299000000,0.07566,0.07566,0.07549,0.07556,138087
1771299900000,0.07556,0.07562,0.07552,0.07553,116893
1771300800000,0.07553,0.07555,0.07541,0.07551,118328
1771301700000,0.07551,0.07569,0.07542,0.07552,325765
1771302600000,0.07552,0.07554,0.07515,0.07549,747488
1771303500000,0.07549,0.07559,0.07549,0.07556,66949
1771304400000,0.07556,0.07561,0.07544,0.07544,208168
1771305300000,0.07544,0.07545,0.07492,0.07499,1039912
1771306200000,0.07499,0.0752,0.07476,0.07518,749210
1771307100000,0.07518,0.07525,0.07512,0.07512,87243
1771308000000,0.07512,0.07543,0.07512,0.07536,103528
1771308900000,0.07536,0.07552,0.07529,0.07548,93366
1771309800000,0.07548,0.07548,0.07528,0.07529,110146
1771310700000,0.07529,0.07534,0.07526,0.07531,112342
1771311600000,0.07531,0.07534,0.07509,0.07516,31194
1771312500000,0.07516,0.07519,0.07497,0.07501,32329
1771313400000,0.07501,0.07525,0.07495,0.07519,247975
1771314300000,0.07519,0.07528,0.07516,0.0752,108219
1771315200000,0.0752,0.07524,0.07508,0.07513,492376
1771316100000,0.07513,0.07515,0.07496,0.07498,191093
1771317000000,0.07498,0.07498,0.07475,0.07489,547290
1771317900000,0.07489,0.07491,0.07465,0.07472,314219
1771318800000,0.07472,0.07476,0.07446,0.07446,252007
1771319700000,0.07446,0.07456,0.07444,0.07447,131017
1771320600000,0.07447,0.07453,0.07438,0.07444,123666
1771321500000,0.07444,0.07461,0.07444,0.07455,85310
1771322400000,0.07455,0.07462,0.07445,0.07445,182603
1771323300000,0.07445,0.07445,0.07417,0.07417,570242
1771324200000,0.07417,0.07435,0.07417,0.07435,45958
1771325100000,0.07435,0.07442,0.07435,0.07436,42775
1771326000000,0.07436,0.07453,0.07427,0.07448,237323
1771326900000,0.07448,0.07455,0.07437,0.07453,376110
1771327800000,0.07453,0.07465,0.07439,0.07444,512534
1771328700000,0.07444,0.07452,0.0744,0.07452,109517
1771329600000,0.07452,0.07496,0.0745,0.07482,470949
1771330500000,0.07482,0.07482,0.0746,0.0747,277539
1771331400000,0.0747,0.07475,0.07462,0.07468,121283
1771332300000,0.07468,0.07468,0.07421,0.07428,275500
1771333200000,0.07428,0.07464,0.07416,0.07459,324786
1771334100000,0.07459,0.0749,0.0745,0.07457,344587
1771335000000,0.07457,0.07457,0.07433,0.07439,100503
1771335900000,0.07439,0.07492,0.07439,0.07458,556545
1771336800000,0.07458,0.07483,0.07451,0.07456,177630
1771337700000,0.07456,0.07463,0.07451,0.07451,368419
1771338600000,0.07451,0.07482,0.07382,0.074,1603454
1771339500000,0.074,0.07403,0.07349,0.07377,1529105
1771340400000,0.07377,0.07422,0.07371,0.07396,1286773
1771341300000,0.07396,0.07421,0.0736,0.0737,532917
1771342200000,0.0737,0.07393,0.07343,0.07386,1290092
1771343100000,0.07386,0.07418,0.07386,0.07404,650783
1771344000000,0.07404,0.07484,0.07395,0.07465,1672043
1771344900000,0.07465,0.07486,0.07438,0.07438,543700
1771345800000,0.07438,0.07511,0.0743,0.07484,547336
1771346700000,0.07484,0.07486,0.0743,0.07435,512587
1771347600000,0.07435,0.07441,0.07372,0.07392,1123364
1771348500000,0.07392,0.07435,0.07389,0.07435,584172
1771349400000,0.07435,0.07437,0.07364,0.0737,1796337
1771350300000,0.0737,0.07401,0.07353,0.07395,782546
1771351200000,0.07395,0.07416,0.07391,0.07416,178968
1771352100000,0.07416,0.07479,0.074,0.07477,678817
1771353000000,0.07477,0.07513,0.07465,0.07497,567711
1771353900000,0.07497,0.07514,0.07477,0.07495,589855
1771354800000,0.07495,0.07497,0.0748,0.07493,315922
1771355700000,0.07493,0.07496,0.07454,0.07458,428167
1771356600000,0.07458,0.07469,0.07445,0.07463,521544
1771357500000,0.07463,0.07472,0.07445,0.07455,281263
1771358400000,0.07455,0.07463,0.0743,0.07435,151045
1771359300000,0.07435,0.07443,0.07427,0.07442,623240
1771360200000,0.07442,0.07467,0.07417,0.07458,205973
1771361100000,0.07458,0.07458,0.07441,0.07445,443380
1771362000000,0.07445,0.07468,0.07437,0.07468,117062
1771362900000,0.07468,0.07468,0.07444,0.07445,31743
1771363800000,0.07445,0.07449,0.07441,0.07444,208089
1771364700000,0.07444,0.07457,0.07443,0.07457,186413
1771365600000,0.07457,0.07457,0.07448,0.07448,127167
1771366500000,0.07448,0.0745,0.0744,0.07442,78940
1771367400000,0.07442,0.07466,0.07442,0.07464,103834
1771368300000,0.07464,0.07467,0.07431,0.07431,419845
1771369200000,0.07431,0.07431,0.07418,0.07431,360447
1771370100000,0.07431,0.07448,0.0743,0.07439,106037
1771371000000,0.07439,0.07439,0.07418,0.07419,154783
1771371900000,0.07419,0.07432,0.07416,0.07432,163890
1771372800000,0.07432,0.07438,0.07427,0.07435,155174
1771373700000,0.07435,0.07435,0.0741,0.07414,159957
1771374600000,0.07414,0.07419,0.07411,0.07413,94116
1771375500000,0.07413,0.07413,0.07383,0.07386,485609
1771376400000,0.07386,0.07396,0.07371,0.07377,342784
1771377300000,0.07377,0.07417,0.07377,0.0741,469011
1771378200000,0.0741,0.07415,0.07396,0.07409,168227
1771379100000,0.07409,0.07416,0.07395,0.07404,203988
1771380000000,0.07404,0.07442,0.07404,0.07428,298456
1771380900000,0.07428,0.07436,0.07424,0.07425,56133
1771381800000,0.07425,0.07448,0.07418,0.07448,386485
1771382700000,0.07448,0.07448,0.0742,0.0742,103660
1771383600000,0.0742,0.07435,0.07414,0.07435,192556
1771384500000,0.07435,0.07453,0.07435,0.07449,133751
1771385400000,0.07449,0.07454,0.07445,0.07453,223718
1771386300000,0.07453,0.07471,0.07452,0.0746,79647
1771387200000,0.0746,0.07462,0.0744,0.07441,204483
1771388100000,0.07441,0.07453,0.07438,0.07438,98703
1771389000000,0.07438,0.07444,0.07438,0.07444,131558
1771389900000,0.07444,0.07464,0.07439,0.07439,136778
1771390800000,0.07439,0.07448,0.07438,0.07448,80518
1771391700000,0.07448,0.07457,0.07441,0.07441,124404
1771392600000,0.07441,0.07455,0.07439,0.07447,181661
1771393500000,0.07447,0.07467,0.07446,0.0746,113475
1771394400000,0.0746,0.07468,0.07456,0.07463,694788
1771395300000,0.07463,0.07464,0.07449,0.0746,99322
1771396200000,0.0746,0.07477,0.0746,0.07469,258628
1771397100000,0.07469,0.07477,0.07455,0.07455,112823
1771398000000,0.07455,0.07467,0.0744,0.0745,327324
1771398900000,0.0745,0.07451,0.07433,0.07448,393221
1771399800000,0.07448,0.07501,0.07448,0.07496,432591
1771400700000,0.07496,0.07507,0.07488,0.07499,398139
1771401600000,0.07499,0.07508,0.07492,0.07502,225880
1771402500000,0.07502,0.07554,0.07502,0.07536,835895
1771403400000,0.07536,0.07538,0.07515,0.07516,1297130
1771404300000,0.07516,0.07518,0.07507,0.07509,152341
1771405200000,0.07509,0.07519,0.07508,0.07517,216489
1771406100000,0.07517,0.07517,0.07507,0.07508,85778
1771407000000,0.07508,0.07531,0.07508,0.07531,519047
1771407900000,0.07531,0.07531,0.07517,0.0752,125257
1771408800000,0.0752,0.07531,0.0751,0.07522,565170
1771409700000,0.07522,0.07522,0.07476,0.07488,902514
1771410600000,0.07488,0.07488,0.0745,0.07455,354035
1771411500000,0.07455,0.07464,0.07452,0.07458,111613
1771412400000,0.07458,0.07459,0.07411,0.07434,695812
1771413300000,0.07434,0.0746,0.07428,0.07452,535648
1771414200000,0.07452,0.07467,0.07448,0.07459,93889
1771415100000,0.07459,0.07467,0.0744,0.0744,92953
1771416000000,0.0744,0.07464,0.07439,0.07453,168261
1771416900000,0.07453,0.07453,0.07434,0.07437,395819
1771417800000,0.07437,0.07438,0.0741,0.07438,390177
1771418700000,0.07438,0.07449,0.07426,0.07426,110620
1771419600000,0.07426,0.07428,0.074,0.07411,115894
1771420500000,0.07411,0.07418,0.07398,0.07412,251973
1771421400000,0.07412,0.07415,0.07382,0.07391,414413
1771422300000,0.07391,0.07391,0.07357,0.07377,756201
1771423200000,0.07377,0.0739,0.07375,0.0739,254263
1771424100000,0.0739,0.0739,0.07356,0.07356,534055
1771425000000,0.07356,0.07405,0.07345,0.07373,1587311
1771425900000,0.07373,0.07396,0.07321,0.07381,1716742
1771426800000,0.07381,0.07429,0.07379,0.07406,463116
1771427700000,0.07406,0.07422,0.07403,0.07408,169543
1771428600000,0.07408,0.07478,0.07402,0.07457,1125938
1771429500000,0.07457,0.07457,0.07412,0.07417,374089
1771430400000,0.07417,0.07419,0.0736,0.07367,713592
1771431300000,0.07367,0.07383,0.07364,0.07381,292429
1771432200000,0.07381,0.07381,0.07359,0.07373,282798
1771433100000,0.07373,0.07374,0.07344,0.07352,533950
1771434000000,0.07352,0.07403,0.07341,0.07355,1596540
1771434900000,0.07355,0.07363,0.07345,0.07345,329931
1771435800000,0.07345,0.07351,0.07324,0.07332,809518
1771436700000,0.07332,0.07343,0.07324,0.07324,216102
1771437600000,0.07324,0.07334,0.07324,0.07332,219330
1771438500000,0.07332,0.07334,0.07274,0.07305,1996107
1771439400000,0.07305,0.07324,0.07264,0.07272,611692
1771440300000,0.07272,0.07287,0.0726,0.07267,1270463
1771441200000,0.07267,0.07288,0.07257,0.07262,383107
1771442100000,0.07262,0.07267,0.07246,0.07265,633387
1771443000000,0.07265,0.07266,0.07227,0.07255,1627311
1771443900000,0.07255,0.07273,0.07243,0.07263,537813
1771444800000,0.07263,0.07274,0.0725,0.07251,264563
1771445700000,0.07251,0.07251,0.07232,0.07241,388202
1771446600000,0.07241,0.07295,0.0724,0.07291,1270915
1771447500000,0.07291,0.07309,0.07255,0.07255,426429
1771448400000,0.07255,0.07266,0.07243,0.07255,686931
1771449300000,0.07255,0.07269,0.07253,0.07269,205184
1771450200000,0.07269,0.07274,0.07262,0.07266,190964
1771451100000,0.07266,0.07266,0.07239,0.07254,424289
1771452000000,0.07254,0.07266,0.07229,0.07247,413816
1771452900000,0.07247,0.07252,0.0724,0.07252,58276
1771453800000,0.07252,0.07277,0.07252,0.07266,301587
1771454700000,0.07266,0.07267,0.07245,0.07246,251093
1771455600000,0.07246,0.07246,0.07233,0.07243,597529
1771456500000,0.07243,0.0725,0.07228,0.07233,643342
1771457400000,0.07233,0.0725,0.07233,0.0725,517396
1771458300000,0.0725,0.07269,0.07247,0.07268,1283683
1771459200000,0.07268,0.07272,0.07259,0.07259,313717
1771460100000,0.07259,0.07274,0.07248,0.07249,102299
1771461000000,0.07249,0.07253,0.07241,0.07253,213151
1771461900000,0.07253,0.07259,0.07219,0.07223,381232
1771462800000,0.07223,0.0725,0.07211,0.07245,1642529
1771463700000,0.07245,0.07245,0.07204,0.07231,576667
1771464600000,0.07231,0.07244,0.07214,0.07241,264857
1771465500000,0.07241,0.07246,0.07235,0.07245,199772
1771466400000,0.07245,0.07262,0.07245,0.07261,207712
1771467300000,0.07261,0.07276,0.07261,0.07266,527214
1771468200000,0.07266,0.07266,0.07225,0.07225,393292
1771469100000,0.07225,0.07259,0.07225,0.07257,120760
1771470000000,0.07257,0.07257,0.07236,0.07238,338886
1771470900000,0.07238,0.07256,0.07237,0.07256,156888
1771471800000,0.07256,0.07256,0.07234,0.07239,416819
1771472700000,0.07239,0.07257,0.07234,0.07256,231481
1771473600000,0.07256,0.0727,0.07253,0.0726,416559
1771474500000,0.0726,0.07264,0.07254,0.0726,114777
1771475400000,0.0726,0.07286,0.0726,0.07277,549934
1771476300000,0.07277,0.07278,0.07253,0.07253,217174
1771477200000,0.07253,0.07262,0.07243,0.07258,281495
1771478100000,0.07258,0.07264,0.07212,0.07218,945687
1771479000000,0.07218,0.07234,0.07214,0.07229,344475
1771479900000,0.07229,0.07243,0.07218,0.07232,831429
1771480800000,0.07232,0.07247,0.07227,0.07238,447411
1771481700000,0.07238,0.07259,0.07226,0.07259,319207
1771482600000,0.07259,0.07273,0.07243,0.07244,305655
1771483500000,0.07244,0.0725,0.0724,0.07248,279138
1771484400000,0.07248,0.0725,0.07226,0.07244,378952
1771485300000,0.07244,0.0726,0.07235,0.07252,307610
1771486200000,0.07252,0.07268,0.07233,0.07237,455181
1771487100000,0.07237,0.07249,0.07231,0.07238,126596
1771488000000,0.07238,0.07244,0.07223,0.07223,262442
1771488900000,0.07223,0.07226,0.07202,0.07206,429693
1771489800000,0.07206,0.07206,0.07165,0.07194,1278699
1771490700000,0.07194,0.072,0.07184,0.07199,293156
1771491600000,0.07199,0.07211,0.07188,0.07209,524954
1771492500000,0.07209,0.07236,0.07204,0.07231,426872
1771493400000,0.07231,0.07232,0.07214,0.07222,179079
1771494300000,0.07222,0.07222,0.0717,0.07175,906227
1771495200000,0.07175,0.07183,0.07149,0.07176,765823
1771496100000,0.07176,0.07197,0.07176,0.07187,140233
1771497000000,0.07187,0.07194,0.07173,0.07191,243007
1771497900000,0.07191,0.07191,0.07156,0.07161,279189
1771498800000,0.07161,0.07162,0.07154,0.07161,251719
1771499700000,0.07161,0.07165,0.0715,0.07152,316930
1771500600000,0.07152,0.07155,0.07128,0.07145,735348
1771501500000,0.07145,0.07146,0.07119,0.0713,425728
1771502400000,0.0713,0.07146,0.07125,0.07137,582309
1771503300000,0.07137,0.07147,0.07125,0.07145,676126
1771504200000,0.07145,0.07148,0.0713,0.07137,402938
1771505100000,0.07137,0.0714,0.07116,0.07125,423136
1771506000000,0.07125,0.07127,0.07082,0.07106,1989731
1771506900000,0.07106,0.07112,0.07072,0.07072,1179136
1771507800000,0.07072,0.07087,0.07033,0.07039,2317010
1771508700000,0.07039,0.07077,0.07028,0.07067,730901
1771509600000,0.07067,0.07086,0.07056,0.07069,641121
1771510500000,0.07069,0.0707,0.07045,0.07064,450657
1771511400000,0.07064,0.07079,0.07024,0.07061,2340013
1771512300000,0.07061,0.07094,0.07038,0.07053,903003
1771513200000,0.07053,0.07083,0.06993,0.07008,2355489
1771514100000,0.07008,0.07044,0.06997,0.0701,1343663
1771515000000,0.0701,0.07046,0.06999,0.07031,626843
1771515900000,0.07031,0.07039,0.06979,0.07003,1052897
1771516800000,0.07003,0.07003,0.06945,0.06992,1173256
1771517700000,0.06992,0.0703,0.06958,0.06969,1483690
1771518600000,0.06969,0.07009,0.06969,0.06991,384317
1771519500000,0.06991,0.06991,0.06949,0.06965,447007
1771520400000,0.06965,0.06984,0.0695,0.06984,562977
1771521300000,0.06984,0.07029,0.06967,0.06971,1347329
1771522200000,0.06971,0.06971,0.06945,0.06955,579136
1771523100000,0.06955,0.06957,0.06919,0.06945,869812
1771524000000,0.06945,0.06988,0.06942,0.06988,664017
1771524900000,0.06988,0.07036,0.06971,0.07032,911904
1771525800000,0.07032,0.07058,0.07021,0.07054,628977
1771526700000,0.07054,0.07066,0.07034,0.07043,718291
1771527600000,0.07043,0.07055,0.07022,0.07022,1033588
1771528500000,0.07022,0.07031,0.06999,0.07,631223
1771529400000,0.07,0.07004,0.06979,0.07001,406150
1771530300000,0.07001,0.07034,0.06994,0.07021,535409
1771531200000,0.07021,0.07021,0.06995,0.07001,863543
1771532100000,0.07001,0.07003,0.06978,0.06985,172390
1771533000000,0.06985,0.06997,0.06974,0.06974,256587
1771533900000,0.06974,0.07008,0.06974,0.06987,524726
1771534800000,0.06987,0.06992,0.0697,0.06977,413271
1771535700000,0.06977,0.06982,0.06966,0.06966,186795
1771536600000,0.06966,0.06977,0.06962,0.06975,84711
1771537500000,0.06975,0.06976,0.06958,0.06965,169922
1771538400000,0.06965,0.06973,0.06957,0.06973,297917
1771539300000,0.06973,0.06974,0.06956,0.0696,179527
1771540200000,0.0696,0.0696,0.06935,0.06953,401906
1771541100000,0.06953,0.07,0.06953,0.07,321596
1771542000000,0.07,0.0701,0.06993,0.07005,322103
1771542900000,0.07005,0.07025,0.07005,0.07016,133823
1771543800000,0.07016,0.0702,0.07007,0.07007,181696
1771544700000,0.07007,0.07025,0.07006,0.07025,265855
1771545600000,0.07025,0.07026,0.06999,0.07016,498923
1771546500000,0.07016,0.07064,0.07008,0.0706,862896
1771547400000,0.0706,0.07067,0.07051,0.07054,327125
1771548300000,0.07054,0.07074,0.07051,0.07064,434084
1771549200000,0.07064,0.07077,0.07062,0.07076,573403
1771550100000,0.07076,0.07077,0.07049,0.07059,1038682
1771551000000,0.07059,0.07083,0.07059,0.07075,204032
1771551900000,0.07075,0.07075,0.07059,0.07075,275535
1771552800000,0.07075,0.07088,0.07069,0.07069,243802
1771553700000,0.07069,0.07069,0.0705,0.07056,230350
1771554600000,0.07056,0.07064,0.07055,0.07057,70090
1771555500000,0.07057,0.0706,0.07033,0.07049,647230
1771556400000,0.07049,0.07065,0.07046,0.0706,358210
1771557300000,0.0706,0.07082,0.07053,0.07072,221356
1771558200000,0.07072,0.07082,0.0706,0.07068,594901
1771559100000,0.07068,0.07074,0.07063,0.07063,146497
1771560000000,0.07063,0.07064,0.07043,0.07048,350288
1771560900000,0.07048,0.07055,0.07008,0.07023,439442
1771561800000,0.07023,0.07061,0.0702,0.07059,662128
1771562700000,0.07059,0.0706,0.07037,0.07045,1025333
1771563600000,0.07045,0.07046,0.07018,0.07027,230236
1771564500000,0.07027,0.0704,0.07013,0.07039,399119
1771565400000,0.07039,0.07102,0.07039,0.07093,1140167
1771566300000,0.07093,0.07113,0.07087,0.0709,247342
1771567200000,0.0709,0.07097,0.07082,0.07088,411201
1771568100000,0.07088,0.071,0.07086,0.07091,196163
1771569000000,0.07091,0.07113,0.07088,0.07097,304301
1771569900000,0.07097,0.07109,0.07096,0.07107,208737
1771570800000,0.07107,0.07108,0.07088,0.07097,598068
1771571700000,0.07097,0.07107,0.07092,0.07094,143441
1771572600000,0.07094,0.07098,0.0707,0.07077,412872
1771573500000,0.07077,0.07088,0.07062,0.07076,320253
1771574400000,0.07076,0.07079,0.07064,0.07064,272968
1771575300000,0.07064,0.07064,0.07048,0.07056,298214
1771576200000,0.07056,0.07063,0.0705,0.07051,772891
1771577100000,0.07051,0.07059,0.07041,0.07048,773698
1771578000000,0.07048,0.07072,0.07046,0.07059,1520404
1771578900000,0.07059,0.07074,0.07058,0.0706,313837
1771579800000,0.0706,0.07063,0.0705,0.07059,742590
1771580700000,0.07059,0.07064,0.07054,0.07056,189449
1771581600000,0.07056,0.07075,0.07048,0.07073,588542
1771582500000,0.07073,0.07082,0.07049,0.07053,1097579
1771583400000,0.07053,0.07068,0.07031,0.07054,1219230
1771584300000,0.07054,0.07054,0.07034,0.07043,1239085
1771585200000,0.07043,0.07056,0.07041,0.07045,568676
1771586100000,0.07045,0.07051,0.07035,0.07049,520104
1771587000000,0.07049,0.07054,0.0704,0.07041,398638
1771587900000,0.07041,0.07066,0.07037,0.07056,680079
1771588800000,0.07056,0.07056,0.07034,0.07042,375344
1771589700000,0.07042,0.07046,0.07017,0.07024,546463
1771590600000,0.07024,0.07033,0.07016,0.07027,306094
1771591500000,0.07027,0.07048,0.07018,0.07032,2524299
1771592400000,0.07032,0.07035,0.06966,0.06992,3782571
1771593300000,0.06992,0.06997,0.06966,0.06984,527279
1771594200000,0.06984,0.06984,0.06896,0.06916,4061039
1771595100000,0.06916,0.0697,0.06916,0.06939,1223105
1771596000000,0.06939,0.06963,0.06931,0.06953,596041
1771596900000,0.06953,0.06997,0.06946,0.06986,779423
1771597800000,0.06986,0.07052,0.06976,0.07044,2076292
1771598700000,0.07044,0.07044,0.07013,0.07018,1336981
1771599600000,0.07018,0.07151,0.07018,0.07047,3913707
1771600500000,0.07047,0.07139,0.07021,0.0713,1300035
1771601400000,0.0713,0.07146,0.07083,0.07103,1203199
1771602300000,0.07103,0.07182,0.071,0.07182,2265947
1771603200000,0.07182,0.07225,0.07176,0.0719,1392071
1771604100000,0.0719,0.07218,0.07148,0.07148,2603870
1771605000000,0.07148,0.07148,0.07113,0.07122,1758795
1771605900000,0.07122,0.07182,0.07119,0.0717,942553
1771606800000,0.0717,0.0717,0.07063,0.07063,1597473
1771607700000,0.07063,0.07077,0.07045,0.07067,604302
1771608600000,0.07067,0.07113,0.07055,0.07106,528694
1771609500000,0.07106,0.0718,0.07103,0.07179,2414951
1771610400000,0.07179,0.07187,0.07159,0.07159,718233
1771611300000,0.07159,0.07161,0.07131,0.07151,439231
1771612200000,0.07151,0.07189,0.07113,0.07144,1813828
1771613100000,0.07144,0.07167,0.07129,0.07149,969000
1771614000000,0.07149,0.07161,0.07121,0.07123,837795
1771614900000,0.07123,0.07134,0.07106,0.07111,689506
1771615800000,0.07111,0.07157,0.07111,0.07112,642033
1771616700000,0.07112,0.07133,0.07112,0.07133,215953
1771617600000,0.07133,0.0715,0.0713,0.07147,321677
1771618500000,0.07147,0.07147,0.07107,0.07108,262577
1771619400000,0.07108,0.0714,0.07102,0.0714,310197
1771620300000,0.0714,0.07146,0.07125,0.07138,361947
1771621200000,0.07138,0.07156,0.07128,0.07134,647481
1771622100000,0.07134,0.07141,0.07127,0.07132,97687
1771623000000,0.07132,0.07135,0.07123,0.07134,576861
1771623900000,0.07134,0.07135,0.07124,0.07133,143201
1771624800000,0.07133,0.07133,0.07118,0.07121,153048
1771625700000,0.07121,0.0715,0.07114,0.07148,568426
1771626600000,0.07148,0.07158,0.07146,0.07151,129588
1771627500000,0.07151,0.0717,0.07149,0.07167,370817
1771628400000,0.07167,0.07178,0.07157,0.07157,228461
1771629300000,0.07157,0.07157,0.07145,0.0715,257171
1771630200000,0.0715,0.07154,0.07135,0.07141,140171
1771631100000,0.07141,0.07158,0.07141,0.07153,76618
1771632000000,0.07153,0.07158,0.07144,0.07147,201575
1771632900000,0.07147,0.07147,0.07142,0.07142,37419
1771633800000,0.07142,0.07146,0.07126,0.07129,231236
1771634700000,0.07129,0.07129,0.07107,0.0711,307865
1771635600000,0.0711,0.07118,0.07106,0.07108,372797
1771636500000,0.07108,0.07117,0.07105,0.07117,158419
1771637400000,0.07117,0.07144,0.07116,0.07142,201981
1771638300000,0.07142,0.07152,0.07139,0.07148,207556
1771639200000,0.07148,0.0716,0.07137,0.07144,280887
1771640100000,0.07144,0.07153,0.07138,0.07152,112038
1771641000000,0.07152,0.07177,0.07146,0.07151,208715
1771641900000,0.07151,0.07154,0.07141,0.07149,104435
1771642800000,0.07149,0.07151,0.07124,0.0714,361956
1771643700000,0.0714,0.07142,0.07126,0.07139,201599
1771644600000,0.07139,0.07149,0.07121,0.07123,346033
1771645500000,0.07123,0.07143,0.07123,0.07141,218623
1771646400000,0.07141,0.0715,0.07135,0.07142,328671
1771647300000,0.07142,0.07148,0.07128,0.07132,197800
1771648200000,0.07132,0.07135,0.07118,0.07118,229643
1771649100000,0.07118,0.07133,0.07115,0.07131,65937
1771650000000,0.07131,0.07134,0.07118,0.07126,358948
1771650900000,0.07126,0.0714,0.07123,0.07128,119899
1771651800000,0.07128,0.07138,0.07116,0.07126,158360
1771652700000,0.07126,0.07126,0.07106,0.07106,96675
1771653600000,0.07106,0.07115,0.071,0.07107,279964
1771654500000,0.07107,0.07108,0.07102,0.07108,233321
1771655400000,0.07108,0.07108,0.0706,0.07069,476907
1771656300000,0.07069,0.07084,0.07057,0.07082,102026
1771657200000,0.07082,0.07093,0.07079,0.0709,148157
1771658100000,0.0709,0.07091,0.07075,0.07079,241481
1771659000000,0.07079,0.07087,0.07068,0.07083,190522
1771659900000,0.07083,0.0709,0.07077,0.07079,177982
1771660800000,0.07079,0.07091,0.07078,0.07086,153775
1771661700000,0.07086,0.07099,0.07079,0.07096,219385
1771662600000,0.07096,0.07103,0.07085,0.07102,453405
1771663500000,0.07102,0.0713,0.07095,0.07123,437854
1771664400000,0.07123,0.07133,0.07117,0.07122,304889
1771665300000,0.07122,0.07175,0.07122,0.07167,884327
1771666200000,0.07167,0.07173,0.07161,0.07162,316169
1771667100000,0.07162,0.07172,0.07147,0.0715,184811
1771668000000,0.0715,0.07164,0.07148,0.07159,221609
1771668900000,0.07159,0.07169,0.07154,0.07157,184746
1771669800000,0.07157,0.07172,0.07149,0.07149,340863
1771670700000,0.07149,0.0715,0.0713,0.07143,303123
1771671600000,0.07143,0.0716,0.07139,0.07142,373233
1771672500000,0.07142,0.07152,0.07136,0.07137,167745
1771673400000,0.07137,0.07137,0.07122,0.07122,287597
1771674300000,0.07122,0.07133,0.07122,0.07129,144048
1771675200000,0.07129,0.07138,0.07126,0.07128,150940
1771676100000,0.07128,0.07139,0.07118,0.07118,259131
1771677000000,0.07118,0.07121,0.07108,0.07114,130551
1771677900000,0.07114,0.07132,0.0711,0.07132,264118
1771678800000,0.07132,0.07139,0.07124,0.07124,187255
1771679700000,0.07124,0.07139,0.07119,0.07134,294096
1771680600000,0.07134,0.07149,0.07131,0.07138,356705
1771681500000,0.07138,0.0717,0.07138,0.0717,261352
1771682400000,0.0717,0.07177,0.07159,0.07159,350250
1771683300000,0.07159,0.07189,0.07146,0.0716,1129410
1771684200000,0.0716,0.07178,0.07155,0.07177,359601
1771685100000,0.07177,0.07177,0.07145,0.07146,318038
1771686000000,0.07146,0.07155,0.07133,0.07133,226362
1771686900000,0.07133,0.07143,0.07124,0.07124,338497
1771687800000,0.07124,0.07159,0.07115,0.07155,452148
1771688700000,0.07155,0.07157,0.07139,0.07139,152527
1771689600000,0.07139,0.07139,0.07083,0.0711,809870
1771690500000,0.0711,0.0711,0.07069,0.07089,892770
1771691400000,0.07089,0.071,0.07076,0.07095,347670
1771692300000,0.07095,0.07096,0.07084,0.07084,92202
1771693200000,0.07084,0.07088,0.07069,0.07075,298377
1771694100000,0.07075,0.07076,0.07061,0.07069,331200
1771695000000,0.07069,0.071,0.07065,0.071,933109
1771695900000,0.071,0.071,0.07089,0.07092,199214
1771696800000,0.07092,0.07108,0.07082,0.07082,277916
1771697700000,0.07082,0.07098,0.0708,0.07088,261665
1771698600000,0.07088,0.07106,0.07088,0.07099,150088
1771699500000,0.07099,0.0712,0.07095,0.07114,497179
1771700400000,0.07114,0.07116,0.07108,0.07113,167397
1771701300000,0.07113,0.07117,0.07107,0.07109,53683
1771702200000,0.07109,0.07109,0.07097,0.07097,54829
1771703100000,0.07097,0.07099,0.0708,0.07095,197233
1771704000000,0.07095,0.07095,0.07079,0.07083,189730
1771704900000,0.07083,0.07095,0.07082,0.07094,178258
1771705800000,0.07094,0.07098,0.07065,0.07074,242734
1771706700000,0.07074,0.07084,0.07052,0.07055,788157
1771707600000,0.07055,0.07066,0.0705,0.07062,426871
1771708500000,0.07062,0.07086,0.07061,0.07079,155024
1771709400000,0.07079,0.07087,0.07075,0.07075,203036
1771710300000,0.07075,0.07102,0.07075,0.07089,1121711
1771711200000,0.07089,0.07089,0.07065,0.07074,107510
1771712100000,0.07074,0.07081,0.07074,0.07075,146643
1771713000000,0.07075,0.07076,0.07057,0.07062,157089
1771713900000,0.07062,0.0707,0.07047,0.07053,271357
1771714800000,0.07053,0.07056,0.07036,0.07037,718218
1771715700000,0.07037,0.07056,0.07036,0.07047,284453
1771716600000,0.07047,0.07048,0.07044,0.07045,8585
1771717500000,0.07045,0.0705,0.07037,0.0704,297436
1771718400000,0.0704,0.07046,0.07025,0.07032,527083
1771719300000,0.07032,0.07038,0.07017,0.0702,624982
1771720200000,0.0702,0.07029,0.07008,0.07012,790039
1771721100000,0.07012,0.0703,0.07012,0.07029,126465
1771722000000,0.07029,0.07041,0.07029,0.07036,108023
1771722900000,0.07036,0.07039,0.07028,0.0703,171247
1771723800000,0.0703,0.07039,0.07028,0.07037,130486
1771724700000,0.07037,0.07046,0.07032,0.07036,229809
1771725600000,0.07036,0.07048,0.07026,0.07045,233303
1771726500000,0.07045,0.07052,0.07022,0.07024,146707
1771727400000,0.07024,0.07035,0.07013,0.07016,448029
1771728300000,0.07016,0.07025,0.06997,0.06998,1516530
1771729200000,0.06998,0.07014,0.06997,0.07008,521447
1771730100000,0.07008,0.07008,0.06957,0.06998,3065013
1771731000000,0.06998,0.0701,0.06994,0.07007,285289
1771731900000,0.07007,0.07027,0.07007,0.07018,269295
1771732800000,0.07018,0.07032,0.07015,0.0703,214753
1771733700000,0.0703,0.0703,0.07017,0.07019,163037
1771734600000,0.07019,0.07025,0.07012,0.07012,130985
1771735500000,0.07012,0.07018,0.07006,0.07007,81392
1771736400000,0.07007,0.07009,0.06998,0.07,160410
1771737300000,0.07,0.07,0.06986,0.07,624764
1771738200000,0.07,0.07,0.06985,0.06985,52559
1771739100000,0.06985,0.06986,0.06974,0.06984,187398
1771740000000,0.06984,0.06988,0.06978,0.06986,241670
1771740900000,0.06986,0.07009,0.0698,0.0699,733833
1771741800000,0.0699,0.06996,0.06981,0.06983,325571
1771742700000,0.06983,0.0699,0.0698,0.0699,74349
1771743600000,0.0699,0.0699,0.06979,0.0699,249555
1771744500000,0.0699,0.07003,0.06988,0.06999,426081
1771745400000,0.06999,0.07004,0.06992,0.06999,139014
1771746300000,0.06999,0.06999,0.06985,0.0699,347407
1771747200000,0.0699,0.06991,0.06983,0.06983,64226
1771748100000,0.06983,0.06987,0.06971,0.06971,218241
1771749000000,0.06971,0.06978,0.0696,0.06978,1390519
1771749900000,0.06978,0.0698,0.0697,0.0698,50964
1771750800000,0.0698,0.07004,0.06975,0.07004,700228
1771751700000,0.07004,0.07023,0.07004,0.0701,817044
1771752600000,0.0701,0.0701,0.07004,0.0701,91391
1771753500000,0.0701,0.07022,0.07009,0.07022,86315
1771754400000,0.07022,0.07032,0.07019,0.07032,138152
1771755300000,0.07032,0.07034,0.07027,0.0703,95615
1771756200000,0.0703,0.07036,0.07025,0.07025,133082
1771757100000,0.07025,0.07026,0.07017,0.07026,238603
1771758000000,0.07026,0.07026,0.07017,0.07022,127716
1771758900000,0.07022,0.07046,0.07022,0.07043,542525
1771759800000,0.07043,0.07047,0.07015,0.07024,1552247
1771760700000,0.07024,0.07027,0.07018,0.07018,122811
1771761600000,0.07018,0.0702,0.06969,0.06973,736226
1771762500000,0.06973,0.06977,0.06954,0.06972,691208
1771763400000,0.06972,0.06977,0.06952,0.06956,327349
1771764300000,0.06956,0.06966,0.06952,0.0696,226423
1771765200000,0.0696,0.0696,0.06925,0.0694,1096397
1771766100000,0.0694,0.06951,0.06937,0.06941,334331
1771767000000,0.06941,0.06946,0.06903,0.06909,1641352
1771767900000,0.06909,0.06921,0.06905,0.0692,304309
1771768800000,0.0692,0.06927,0.06906,0.06919,452917
1771769700000,0.06919,0.06919,0.06892,0.06906,884789
1771770600000,0.06906,0.06919,0.06874,0.06878,1138833
1771771500000,0.06878,0.0688,0.06844,0.06854,1989440
1771772400000,0.06854,0.06857,0.06842,0.06855,445618
1771773300000,0.06855,0.06889,0.06845,0.06886,240987
1771774200000,0.06886,0.06902,0.06883,0.06899,768879
1771775100000,0.06899,0.06899,0.06886,0.06889,61425
1771776000000,0.06889,0.06889,0.06868,0.06868,243024
1771776900000,0.06868,0.06885,0.06868,0.06876,265748
1771777800000,0.06876,0.06876,0.06864,0.06874,79809
1771778700000,0.06874,0.06888,0.06863,0.06888,520524
1771779600000,0.06888,0.06912,0.06888,0.06892,472651
1771780500000,0.06892,0.06899,0.06885,0.06899,124267
1771781400000,0.06899,0.06899,0.06852,0.06864,951517
1771782300000,0.06864,0.06882,0.06864,0.06882,285049
1771783200000,0.06882,0.06882,0.06861,0.0687,237936
1771784100000,0.0687,0.06876,0.06857,0.06862,132123
1771785000000,0.06862,0.06871,0.06856,0.0687,154885
1771785900000,0.0687,0.06879,0.06858,0.0686,454127
1771786800000,0.0686,0.06865,0.0684,0.06851,709915
1771787700000,0.06851,0.06873,0.06848,0.06849,543235
1771788600000,0.06849,0.06864,0.06846,0.06847,128327
1771789500000,0.06847,0.06863,0.06846,0.06863,655823
1771790400000,0.06863,0.06863,0.06843,0.06845,375213
1771791300000,0.06845,0.06861,0.06845,0.06856,267489
1771792200000,0.06856,0.06859,0.06849,0.06856,172118
1771793100000,0.06856,0.06859,0.06812,0.06832,934888
1771794000000,0.06832,0.0685,0.06832,0.0685,340131
1771794900000,0.0685,0.06852,0.06827,0.06831,391929
1771795800000,0.06831,0.06859,0.06824,0.06859,567429
1771796700000,0.06859,0.06868,0.06857,0.06864,665844
1771797600000,0.06864,0.06864,0.06837,0.06842,587064
1771798500000,0.06842,0.06871,0.06842,0.06865,90659
1771799400000,0.06865,0.06888,0.06862,0.06888,540306
1771800300000,0.06888,0.06893,0.06884,0.0689,218844
1771801200000,0.0689,0.06902,0.06874,0.06875,572631
1771802100000,0.06875,0.06888,0.06859,0.06888,1076917
1771803000000,0.06888,0.06888,0.06863,0.06863,233156
1771803900000,0.06863,0.06891,0.06863,0.06882,498903
1771804800000,0.06882,0.06888,0.06873,0.06876,175648
1771805700000,0.06876,0.06876,0.06836,0.06846,391127
1771806600000,0.06846,0.06847,0.06824,0.06831,561317
1771807500000,0.06831,0.06848,0.06787,0.06795,2063540
1771808400000,0.06795,0.06798,0.06647,0.06686,11677371
1771809300000,0.06686,0.06686,0.0661,0.06644,4583141
1771810200000,0.06644,0.06677,0.06634,0.06652,1561505
1771811100000,0.06652,0.06662,0.06601,0.06604,4066122
1771812000000,0.06604,0.06641,0.06594,0.06627,1938186
1771812900000,0.06627,0.06637,0.06611,0.06631,600673
1771813800000,0.06631,0.06647,0.0663,0.06636,792121
1771814700000,0.06636,0.06656,0.06635,0.06648,563205
1771815600000,0.06648,0.06675,0.06645,0.06664,750813
1771816500000,0.06664,0.06664,0.06619,0.06619,1004663
1771817400000,0.06619,0.06631,0.06612,0.06626,849805
1771818300000,0.06626,0.0663,0.06611,0.06612,582745
1771819200000,0.06612,0.06637,0.06605,0.06633,1448636
1771820100000,0.06633,0.06633,0.06611,0.06614,1049417
1771821000000,0.06614,0.06619,0.06598,0.06608,771948
1771821900000,0.06608,0.0663,0.06608,0.0663,197443
1771822800000,0.0663,0.06672,0.06624,0.06665,820089
1771823700000,0.06665,0.06697,0.06662,0.06678,1137653
1771824600000,0.06678,0.06689,0.06676,0.06686,323858
1771825500000,0.06686,0.0669,0.06668,0.06668,1344368
1771826400000,0.06668,0.06746,0.06666,0.06741,477740
1771827300000,0.06741,0.06753,0.06725,0.06732,365992
1771828200000,0.06732,0.06741,0.06724,0.06731,389287
1771829100000,0.06731,0.0675,0.06731,0.06741,393853
1771830000000,0.06741,0.06749,0.06736,0.06748,409086
1771830900000,0.06748,0.06757,0.0674,0.06757,355715
1771831800000,0.06757,0.06778,0.06745,0.06758,689461
1771832700000,0.06758,0.06762,0.06753,0.06757,351482
1771833600000,0.06757,0.06757,0.06732,0.0675,373242
1771834500000,0.0675,0.06752,0.06728,0.06729,182375
1771835400000,0.06729,0.0673,0.06701,0.06701,800628
1771836300000,0.06701,0.06703,0.06689,0.06702,741184
1771837200000,0.06702,0.06726,0.06702,0.06724,361887
1771838100000,0.06724,0.06725,0.06704,0.06715,235990
1771839000000,0.06715,0.068,0.06715,0.0678,2747568
1771839900000,0.0678,0.06803,0.06774,0.06796,896395
1771840800000,0.06796,0.06815,0.06787,0.06789,575408
1771841700000,0.06789,0.06809,0.06789,0.06803,188017
1771842600000,0.06803,0.06804,0.06779,0.06792,1599206
1771843500000,0.06792,0.06793,0.06781,0.06784,145699
1771844400000,0.06784,0.06796,0.06784,0.06796,72335
1771845300000,0.06796,0.06817,0.06794,0.06808,1046569
1771846200000,0.06808,0.06808,0.06791,0.06791,104036
1771847100000,0.06791,0.06794,0.06785,0.06794,429612
1771848000000,0.06794,0.06811,0.06792,0.06806,307017
1771848900000,0.06806,0.06806,0.06791,0.06802,293791
1771849800000,0.06802,0.06871,0.06788,0.06862,1704737
1771850700000,0.06862,0.06872,0.06845,0.06851,800763
1771851600000,0.06851,0.06852,0.06837,0.06837,444596
1771852500000,0.06837,0.06837,0.06822,0.06831,493687
1771853400000,0.06831,0.06839,0.06812,0.06827,694015
1771854300000,0.06827,0.06836,0.06802,0.06803,878119
1771855200000,0.06803,0.06814,0.068,0.06806,403169
1771856100000,0.06806,0.06806,0.06757,0.06763,1040740
1771857000000,0.06763,0.068,0.06725,0.06766,2464448
1771857900000,0.06766,0.06787,0.06747,0.06747,1957066
1771858800000,0.06747,0.06765,0.06714,0.06727,1558487
1771859700000,0.06727,0.0676,0.06701,0.06701,1153619
1771860600000,0.06701,0.06724,0.067,0.06718,1044433
1771861500000,0.06718,0.0672,0.06684,0.06688,1128214
1771862400000,0.06688,0.0669,0.06647,0.06654,2782067
1771863300000,0.06654,0.06722,0.06654,0.0671,1390023
1771864200000,0.0671,0.0672,0.06684,0.06695,917068
1771865100000,0.06695,0.06695,0.06662,0.06667,647564
1771866000000,0.06667,0.06688,0.06642,0.06645,858629
1771866900000,0.06645,0.06662,0.0661,0.0661,1967027
1771867800000,0.0661,0.06617,0.06567,0.06595,2970664
1771868700000,0.06595,0.0663,0.06549,0.0663,1436454
1771869600000,0.0663,0.06669,0.06618,0.06664,1906737
1771870500000,0.06664,0.06667,0.06642,0.06662,1512759
1771871400000,0.06662,0.06716,0.06653,0.06691,907230
1771872300000,0.06691,0.06691,0.06641,0.06647,820560
1771873200000,0.06647,0.06654,0.06634,0.06634,917708
1771874100000,0.06634,0.06641,0.0661,0.0662,893026
1771875000000,0.0662,0.06642,0.06609,0.06631,1290601
1771875900000,0.06631,0.06638,0.06601,0.06623,904072
1771876800000,0.06623,0.06634,0.06605,0.0661,1008915
1771877700000,0.0661,0.06626,0.06596,0.06598,864498
1771878600000,0.06598,0.06637,0.06598,0.0662,754696
1771879500000,0.0662,0.06653,0.0662,0.06648,1007743
1771880400000,0.06648,0.06668,0.06647,0.06666,841008
1771881300000,0.06666,0.06667,0.06633,0.06635,871230
1771882200000,0.06635,0.0667,0.06633,0.06652,548889
1771883100000,0.06652,0.06665,0.06648,0.06654,201238
1771884000000,0.06654,0.06693,0.06648,0.06683,696936
1771884900000,0.06683,0.06693,0.0668,0.06683,206449
1771885800000,0.06683,0.06688,0.06671,0.06671,389731
1771886700000,0.06671,0.06681,0.06646,0.06648,596736
1771887600000,0.06648,0.06682,0.06647,0.06675,563174
1771888500000,0.06675,0.06675,0.06663,0.06663,245801
1771889400000,0.06663,0.06674,0.06632,0.06641,675829
1771890300000,0.06641,0.06661,0.06641,0.06655,590055
1771891200000,0.06655,0.06687,0.06653,0.06685,813384
1771892100000,0.06685,0.06704,0.06684,0.06696,648312
1771893000000,0.06696,0.06716,0.06693,0.06712,497825
1771893900000,0.06712,0.06725,0.06709,0.06721,333186
1771894800000,0.06721,0.06721,0.06653,0.06655,1167926
1771895700000,0.06655,0.06706,0.06564,0.06697,9068986
1771896600000,0.06697,0.0672,0.06675,0.06696,1731896
1771897500000,0.06696,0.06713,0.06677,0.06683,1383066
1771898400000,0.06683,0.06692,0.06664,0.06676,1360367
1771899300000,0.06676,0.06685,0.06659,0.06685,797135
1771900200000,0.06685,0.06711,0.06675,0.06675,829732
1771901100000,0.06675,0.06684,0.06667,0.06676,644853
1771902000000,0.06676,0.06676,0.06633,0.06642,1794312
1771902900000,0.06642,0.0665,0.06613,0.06618,1136066
1771903800000,0.06618,0.06635,0.06604,0.06604,945731
1771904700000,0.06604,0.06616,0.06588,0.0661,836968
1771905600000,0.0661,0.06621,0.06577,0.06577,1281385
1771906500000,0.06577,0.06625,0.06563,0.06601,1384964
1771907400000,0.06601,0.06602,0.06568,0.06585,839510
1771908300000,0.06585,0.06591,0.06573,0.06578,315726
1771909200000,0.06578,0.06601,0.06578,0.06587,545587
1771910100000,0.06587,0.06587,0.06524,0.06532,2311656
1771911000000,0.06532,0.06556,0.06526,0.06549,628492
1771911900000,0.06549,0.06561,0.06548,0.0656,254225
1771912800000,0.0656,0.06571,0.06543,0.06547,575820
1771913700000,0.06547,0.0658,0.06547,0.06563,345270
1771914600000,0.06563,0.06569,0.06552,0.06552,649000
1771915500000,0.06552,0.06554,0.0651,0.06521,1296219
1771916400000,0.06521,0.06562,0.06513,0.06558,1007163
1771917300000,0.06558,0.06558,0.06533,0.06548,507238
1771918200000,0.06548,0.06548,0.06497,0.06507,1180833
1771919100000,0.06507,0.06511,0.06485,0.06505,1588961
1771920000000,0.06505,0.06507,0.06465,0.06481,1650542
1771920900000,0.06481,0.06528,0.06477,0.06518,461303
1771921800000,0.06518,0.06543,0.06516,0.06532,739669
1771922700000,0.06532,0.06537,0.06527,0.06527,352405
1771923600000,0.06527,0.06527,0.06502,0.06508,730029
1771924500000,0.06508,0.06513,0.06472,0.06475,403946
1771925400000,0.06475,0.06505,0.06455,0.06502,753413
1771926300000,0.06502,0.06523,0.0649,0.06496,926460
1771927200000,0.06496,0.06503,0.06474,0.06488,810287
1771928100000,0.06488,0.06501,0.06479,0.06483,318372
1771929000000,0.06483,0.06487,0.06473,0.06484,555297
1771929900000,0.06484,0.06501,0.06478,0.06486,373572
1771930800000,0.06486,0.06498,0.06476,0.0648,331647
1771931700000,0.0648,0.06497,0.0648,0.0649,267551
1771932600000,0.0649,0.06497,0.0648,0.06492,563422
1771933500000,0.06492,0.06496,0.06487,0.06493,221859
1771934400000,0.06493,0.06514,0.06484,0.0651,928936
1771935300000,0.0651,0.06516,0.06497,0.06516,169475
1771936200000,0.06516,0.06528,0.06497,0.06497,526204
1771937100000,0.06497,0.0651,0.06494,0.06504,494386
1771938000000,0.06504,0.06514,0.06491,0.06508,950370
1771938900000,0.06508,0.06508,0.06489,0.0649,615401
1771939800000,0.0649,0.06532,0.0646,0.06524,2256031
1771940700000,0.06524,0.06526,0.06506,0.06509,328458
1771941600000,0.06509,0.06509,0.06488,0.06489,1276442
1771942500000,0.06489,0.06498,0.06472,0.06477,783227
1771943400000,0.06477,0.06535,0.0644,0.06525,3516631
1771944300000,0.06525,0.06583,0.06517,0.06535,4886765
1771945200000,0.06535,0.06563,0.06509,0.06562,1736981
1771946100000,0.06562,0.06611,0.06562,0.06607,1628440
1771947000000,0.06607,0.06611,0.06566,0.06569,646286
1771947900000,0.06569,0.06578,0.06548,0.06568,557858
1771948800000,0.06568,0.06634,0.06567,0.06622,1585354
1771949700000,0.06622,0.06628,0.06585,0.06593,716154
1771950600000,0.06593,0.06609,0.06558,0.06591,1493810
1771951500000,0.06591,0.06616,0.06555,0.06614,1138771
1771952400000,0.06614,0.06617,0.06597,0.06613,1452349
1771953300000,0.06613,0.06613,0.06588,0.06591,1916659
1771954200000,0.06591,0.06595,0.06578,0.06583,753933
1771955100000,0.06583,0.06591,0.06568,0.06578,854265
1771956000000,0.06578,0.06599,0.06549,0.06553,924750
1771956900000,0.06553,0.06586,0.06549,0.06575,506622
1771957800000,0.06575,0.06591,0.06574,0.06575,1037738
1771958700000,0.06575,0.06585,0.06575,0.06583,271585
1771959600000,0.06583,0.06598,0.06568,0.06568,1032160
1771960500000,0.06568,0.06571,0.06554,0.06564,408402
1771961400000,0.06564,0.06594,0.06564,0.06593,895020
1771962300000,0.06593,0.06594,0.06586,0.06586,429165
1771963200000,0.06586,0.06595,0.06585,0.06593,850181
1771964100000,0.06593,0.06621,0.06593,0.06609,533351
1771965000000,0.06609,0.06621,0.06601,0.0661,405635
1771965900000,0.0661,0.0661,0.06594,0.06598,338605
1771966800000,0.06598,0.06598,0.06564,0.06576,1172765
1771967700000,0.06576,0.06576,0.06547,0.06559,865416
1771968600000,0.06559,0.0657,0.06557,0.06566,764111
1771969500000,0.06566,0.0657,0.06558,0.06565,503042
1771970400000,0.06565,0.06604,0.06558,0.06598,749639
1771971300000,0.06598,0.06598,0.06578,0.06586,353473
1771972200000,0.06586,0.06593,0.06575,0.06593,553985
1771973100000,0.06593,0.0661,0.06578,0.06601,370852
1771974000000,0.06601,0.06602,0.06569,0.06596,743050
1771974900000,0.06596,0.06604,0.06586,0.06604,596752
1771975800000,0.06604,0.06613,0.06597,0.06597,464012
1771976700000,0.06597,0.06597,0.06582,0.06582,144763
1771977600000,0.06582,0.06594,0.06566,0.06592,1091450
1771978500000,0.06592,0.066,0.06576,0.06582,448555
1771979400000,0.06582,0.06623,0.06582,0.06622,1119888
1771980300000,0.06622,0.06628,0.06608,0.06624,585827
1771981200000,0.06624,0.06787,0.06624,0.06774,5071892
1771982100000,0.06774,0.06849,0.06754,0.06802,4278993
1771983000000,0.06802,0.06814,0.06771,0.06772,1682860
1771983900000,0.06772,0.06794,0.06763,0.06774,768212
1771984800000,0.06774,0.0684,0.06769,0.06837,3614701
1771985700000,0.06837,0.06849,0.0681,0.06812,951038
1771986600000,0.06812,0.0682,0.06779,0.0679,910319
1771987500000,0.0679,0.06793,0.06775,0.06784,792129
1771988400000,0.06784,0.06789,0.06738,0.06744,1215704
1771989300000,0.06744,0.06744,0.06698,0.06707,1126374
1771990200000,0.06707,0.06715,0.06696,0.06702,707363
1771991100000,0.06702,0.06707,0.06683,0.06689,560983
1771992000000,0.06689,0.06702,0.06658,0.06688,1106025
1771992900000,0.06688,0.06695,0.06667,0.06693,1515351
1771993800000,0.06693,0.06736,0.06693,0.06729,365086
1771994700000,0.06729,0.06737,0.0672,0.06722,606227
1771995600000,0.06722,0.06729,0.06717,0.0672,564460
1771996500000,0.0672,0.06736,0.06691,0.06733,1019427
1771997400000,0.06733,0.06756,0.06656,0.06678,3761577
1771998300000,0.06678,0.06697,0.06667,0.06686,435084
1771999200000,0.06686,0.06713,0.06686,0.06706,508986
1772000100000,0.06706,0.06714,0.0668,0.06705,594627
1772001000000,0.06705,0.06726,0.06697,0.06717,470410
1772001900000,0.06717,0.06717,0.06677,0.06692,478035
1772002800000,0.06692,0.0672,0.06689,0.06714,609173
1772003700000,0.06714,0.06736,0.06708,0.06723,495173
1772004600000,0.06723,0.06748,0.06714,0.06715,722416
1772005500000,0.06715,0.06734,0.06715,0.06726,336662
1772006400000,0.06726,0.06738,0.06722,0.06733,663873
1772007300000,0.06733,0.06791,0.06728,0.06778,2022501
1772008200000,0.06778,0.06806,0.06775,0.06796,1017585
1772009100000,0.06796,0.06821,0.06796,0.06817,673936
1772010000000,0.06817,0.06844,0.06809,0.06828,646308
1772010900000,0.06828,0.06828,0.06793,0.06804,1453809
1772011800000,0.06804,0.06806,0.06785,0.06785,412311
1772012700000,0.06785,0.06796,0.06782,0.06792,396268
1772013600000,0.06792,0.06807,0.06787,0.06807,576923
1772014500000,0.06807,0.06808,0.06787,0.06796,622139
1772015400000,0.06796,0.06814,0.06793,0.06809,489767
1772016300000,0.06809,0.06816,0.068,0.06802,524194
1772017200000,0.06802,0.06811,0.0679,0.06806,871984
1772018100000,0.06806,0.06847,0.06804,0.06839,1432381
1772019000000,0.06839,0.06859,0.06835,0.06852,870395
1772019900000,0.06852,0.06879,0.06845,0.06871,1399158
1772020800000,0.06871,0.06898,0.06863,0.06869,1449597
1772021700000,0.06869,0.06908,0.06845,0.06885,1195995
1772022600000,0.06885,0.06902,0.06882,0.06884,645848
1772023500000,0.06884,0.06938,0.06884,0.06913,2566945
1772024400000,0.06913,0.06971,0.06912,0.0696,2987808
1772025300000,0.0696,0.07008,0.06956,0.07008,1777940
1772026200000,0.07008,0.07022,0.06962,0.0697,1281218
1772027100000,0.0697,0.0699,0.06945,0.06946,946648
1772028000000,0.06946,0.07002,0.06946,0.07,1607625
1772028900000,0.07,0.07031,0.06994,0.07019,608464
1772029800000,0.07019,0.07028,0.06983,0.06996,2199965
1772030700000,0.06996,0.07095,0.06996,0.07088,2820891
1772031600000,0.07088,0.0711,0.07048,0.07057,2200353
1772032500000,0.07057,0.07081,0.06983,0.07018,4955098
1772033400000,0.07018,0.07089,0.07017,0.07083,2161501
1772034300000,0.07083,0.07089,0.07057,0.07071,2334205
1772035200000,0.07071,0.07131,0.07071,0.07109,3928227
1772036100000,0.07109,0.07143,0.07097,0.07134,1333238
1772037000000,0.07134,0.0716,0.07123,0.07132,1891131
1772037900000,0.07132,0.07178,0.07132,0.07162,1366827
1772038800000,0.07162,0.07182,0.07136,0.07175,1395304
1772039700000,0.07175,0.07221,0.07175,0.07218,1082790
1772040600000,0.07218,0.07225,0.07204,0.07216,509466
1772041500000,0.07216,0.07226,0.07205,0.07212,467983
1772042400000,0.07212,0.07221,0.07181,0.07221,620971
1772043300000,0.07221,0.07244,0.07201,0.07237,650838
1772044200000,0.07237,0.07245,0.07221,0.07229,682749
1772045100000,0.07229,0.07229,0.07185,0.07191,370159
1772046000000,0.07191,0.07191,0.07137,0.07162,895280
1772046900000,0.07162,0.07197,0.07162,0.07187,186271
1772047800000,0.07187,0.07197,0.07179,0.07188,172746
1772048700000,0.07188,0.07224,0.07187,0.07223,530424
1772049600000,0.07223,0.07262,0.07209,0.07221,1576802
1772050500000,0.07221,0.07261,0.07218,0.07253,967755
1772051400000,0.07253,0.07301,0.0725,0.0729,1448157
1772052300000,0.0729,0.07306,0.07287,0.07295,651159
1772053200000,0.07295,0.07309,0.07256,0.07264,648806
1772054100000,0.07264,0.07272,0.07245,0.07247,712381
1772055000000,0.07247,0.07373,0.07242,0.07293,4243787
1772055900000,0.07293,0.07307,0.07273,0.07296,1007212
1772056800000,0.07296,0.07333,0.07296,0.07314,738139
1772057700000,0.07314,0.07324,0.07289,0.0729,590300
1772058600000,0.0729,0.0729,0.07214,0.07217,571919
1772059500000,0.07217,0.07236,0.07178,0.07207,694819
1772060400000,0.07207,0.0723,0.07183,0.0722,564756
1772061300000,0.0722,0.0722,0.07147,0.07147,782656
1772062200000,0.07147,0.07147,0.07054,0.07058,1519050
1772063100000,0.07058,0.07125,0.07055,0.07121,1094734
1772064000000,0.07121,0.07128,0.0709,0.07101,874650
1772064900000,0.07101,0.07164,0.07101,0.07147,1788905
1772065800000,0.07147,0.07165,0.07095,0.07137,1085822
1772066700000,0.07137,0.07159,0.07117,0.07156,386918
1772067600000,0.07156,0.0719,0.07145,0.07167,1512440
1772068500000,0.07167,0.07169,0.07126,0.07127,363743
1772069400000,0.07127,0.07158,0.07117,0.07125,789274
1772070300000,0.07125,0.07133,0.07111,0.07113,1291764
1772071200000,0.07113,0.07113,0.07059,0.07068,922678
1772072100000,0.07068,0.07113,0.07068,0.07078,288490
1772073000000,0.07078,0.07109,0.07078,0.07109,192090
1772073900000,0.07109,0.07112,0.07089,0.07106,210561
1772074800000,0.07106,0.07116,0.07076,0.07091,647840
1772075700000,0.07091,0.07095,0.07082,0.07091,201471
1772076600000,0.07091,0.07109,0.07088,0.07103,345506
1772077500000,0.07103,0.07108,0.07096,0.07102,202040
1772078400000,0.07102,0.07138,0.07094,0.07102,1033743
1772079300000,0.07102,0.07122,0.07078,0.07097,488871
1772080200000,0.07097,0.07146,0.07094,0.07128,840668
1772081100000,0.07128,0.07141,0.07118,0.07128,790676
1772082000000,0.07128,0.07128,0.07058,0.07075,825456
1772082900000,0.07075,0.07088,0.07044,0.0708,649069
1772083800000,0.0708,0.0708,0.07054,0.07079,132064
1772084700000,0.07079,0.0709,0.07071,0.07075,304603
1772085600000,0.07075,0.07115,0.07065,0.07093,1345819
1772086500000,0.07093,0.07093,0.07062,0.07062,226373
1772087400000,0.07062,0.07066,0.07052,0.07057,387101
1772088300000,0.07057,0.07068,0.07053,0.07064,251189
1772089200000,0.07064,0.07082,0.07058,0.07081,511334
1772090100000,0.07081,0.07081,0.07061,0.07061,184566
1772091000000,0.07061,0.07067,0.07038,0.07049,692688
1772091900000,0.07049,0.07063,0.07038,0.07049,620012
1772092800000,0.07049,0.07072,0.07046,0.07062,528497
1772093700000,0.07062,0.07096,0.07052,0.07078,604056
1772094600000,0.07078,0.0708,0.07054,0.07061,483977
1772095500000,0.07061,0.07072,0.07045,0.07047,337186
1772096400000,0.07047,0.0713,0.0704,0.07112,1305289
1772097300000,0.07112,0.07124,0.07109,0.07112,454970
1772098200000,0.07112,0.07151,0.07112,0.07148,991215
1772099100000,0.07148,0.07157,0.07126,0.07139,311553
1772100000000,0.07139,0.07143,0.07103,0.07103,292264
1772100900000,0.07103,0.07105,0.07086,0.07087,663842
1772101800000,0.07087,0.07097,0.07075,0.07084,302184
1772102700000,0.07084,0.07084,0.07052,0.07075,737097
1772103600000,0.07075,0.07083,0.07066,0.07071,908452
1772104500000,0.07071,0.07073,0.07058,0.07066,417818
1772105400000,0.07066,0.0708,0.07063,0.07075,245676
1772106300000,0.07075,0.07075,0.07056,0.07066,330356
1772107200000,0.07066,0.07084,0.07066,0.0708,859942
1772108100000,0.0708,0.07089,0.07069,0.07089,310696
1772109000000,0.07089,0.07105,0.07066,0.07066,963812
1772109900000,0.07066,0.07125,0.07066,0.07113,423516
1772110800000,0.07113,0.07129,0.0709,0.07091,608370
1772111700000,0.07091,0.07113,0.07087,0.07113,432143
1772112600000,0.07113,0.07113,0.07087,0.07097,623199
1772113500000,0.07097,0.07109,0.07075,0.07087,579803
1772114400000,0.07087,0.07104,0.07064,0.07096,978204
1772115300000,0.07096,0.07097,0.07068,0.07075,500605
1772116200000,0.07075,0.07105,0.07033,0.07064,2510710
1772117100000,0.07064,0.07079,0.07025,0.07062,1867334
1772118000000,0.07062,0.07072,0.07034,0.07049,1550919
1772118900000,0.07049,0.07054,0.06997,0.07015,2297027
1772119800000,0.07015,0.07061,0.06984,0.07045,1838857
1772120700000,0.07045,0.07066,0.07029,0.0705,903787
1772121600000,0.0705,0.0706,0.07006,0.0701,675965
1772122500000,0.0701,0.0704,0.07003,0.07025,599779
1772123400000,0.07025,0.07027,0.06955,0.06972,1314281
1772124300000,0.06972,0.06973,0.06888,0.06909,3168359
1772125200000,0.06909,0.06954,0.06899,0.06928,951200
1772126100000,0.06928,0.06953,0.06917,0.06928,471251
1772127000000,0.06928,0.0694,0.06905,0.06917,459167
1772127900000,0.06917,0.06923,0.06903,0.06917,494820
1772128800000,0.06917,0.06928,0.06898,0.06918,488938
1772129700000,0.06918,0.06946,0.06916,0.06921,656496
1772130600000,0.06921,0.06987,0.06917,0.06968,1610998
1772131500000,0.06968,0.06991,0.06967,0.06989,435113
1772132400000,0.06989,0.07063,0.06989,0.07027,2555071
1772133300000,0.07027,0.07052,0.07025,0.07034,520505
1772134200000,0.07034,0.07052,0.07026,0.0703,551948
1772135100000,0.0703,0.0705,0.07029,0.07037,1279352
1772136000000,0.07037,0.07067,0.0703,0.07043,940196
1772136900000,0.07043,0.07051,0.07025,0.07029,173350
1772137800000,0.07029,0.07029,0.07,0.07012,278869
1772138700000,0.07012,0.07016,0.06997,0.07007,405957
1772139600000,0.07007,0.07008,0.0697,0.06997,1833275
1772140500000,0.06997,0.07013,0.06997,0.07013,90786
1772141400000,0.07013,0.07016,0.07,0.07012,174626
1772142300000,0.07012,0.07019,0.07005,0.07012,186264
1772143200000,0.07012,0.07017,0.07002,0.07013,134612
1772144100000,0.07013,0.07013,0.06992,0.07001,144574
1772145000000,0.07001,0.07019,0.06998,0.07012,181671
1772145900000,0.07012,0.07024,0.07006,0.07024,65381
1772146800000,0.07024,0.07038,0.07009,0.07038,251220
1772147700000,0.07038,0.07048,0.07022,0.07038,384717
1772148600000,0.07038,0.0705,0.07033,0.07033,120701
1772149500000,0.07033,0.07038,0.07031,0.07036,78373
1772150400000,0.07036,0.07051,0.07031,0.07042,303045
1772151300000,0.07042,0.07042,0.07003,0.07011,384344
1772152200000,0.07011,0.07013,0.0698,0.06993,462582
1772153100000,0.06993,0.07014,0.06983,0.07002,108547
1772154000000,0.07002,0.07003,0.06977,0.06993,213053
1772154900000,0.06993,0.0701,0.06989,0.07002,190200
1772155800000,0.07002,0.07022,0.06997,0.0701,256081
1772156700000,0.0701,0.07029,0.07005,0.07029,228057
1772157600000,0.07029,0.07036,0.07023,0.07032,96154
1772158500000,0.07032,0.07053,0.07026,0.07034,306778
1772159400000,0.07034,0.07053,0.07028,0.0703,196541
1772160300000,0.0703,0.07053,0.07022,0.07022,86391
1772161200000,0.07022,0.07024,0.07001,0.07013,174328
1772162100000,0.07013,0.07023,0.07013,0.0702,103398
1772163000000,0.0702,0.07055,0.07019,0.0705,289656
1772163900000,0.0705,0.07084,0.07039,0.0707,734733
1772164800000,0.0707,0.07122,0.0707,0.07119,583593
1772165700000,0.07119,0.07142,0.07112,0.07115,538537
1772166600000,0.07115,0.07122,0.0709,0.07091,280985
1772167500000,0.07091,0.07122,0.07088,0.07105,307573
1772168400000,0.07105,0.07127,0.07105,0.07123,248801
1772169300000,0.07123,0.07128,0.07102,0.07122,609870
1772170200000,0.07122,0.07143,0.07122,0.07139,234065
1772171100000,0.07139,0.07143,0.07114,0.07119,388846
1772172000000,0.07119,0.07122,0.07114,0.07117,86922
1772172900000,0.07117,0.07117,0.07094,0.07104,308151
1772173800000,0.07104,0.07136,0.07102,0.07132,182280
1772174700000,0.07132,0.07153,0.07128,0.07128,467832
1772175600000,0.07128,0.07143,0.07112,0.07132,287908
1772176500000,0.07132,0.07132,0.0711,0.07111,113705
1772177400000,0.07111,0.07129,0.07101,0.07123,593775
1772178300000,0.07123,0.07162,0.07123,0.07141,227844
1772179200000,0.07141,0.07189,0.07141,0.0718,199902
1772180100000,0.0718,0.07191,0.07175,0.07186,138344
1772181000000,0.07186,0.07203,0.07157,0.07176,268534
1772181900000,0.07176,0.07196,0.0716,0.0719,314373
1772182800000,0.0719,0.07193,0.07172,0.07178,258040
1772183700000,0.07178,0.07187,0.07158,0.07165,218232
1772184600000,0.07165,0.07175,0.07146,0.07147,61715
1772185500000,0.07147,0.07147,0.07113,0.07128,652860
1772186400000,0.07128,0.07132,0.07052,0.07052,1473347
1772187300000,0.07052,0.07087,0.0705,0.07062,1079815
1772188200000,0.07062,0.07091,0.07059,0.07071,596806
1772189100000,0.07071,0.07077,0.07013,0.07022,836206
1772190000000,0.07022,0.07037,0.07019,0.07025,234574
1772190900000,0.07025,0.07027,0.0699,0.07002,1121115
1772191800000,0.07002,0.07019,0.06937,0.0694,1130954
1772192700000,0.0694,0.06965,0.06935,0.0694,492436
1772193600000,0.0694,0.0695,0.06922,0.06931,324730
1772194500000,0.06931,0.06953,0.06918,0.06925,432152
1772195400000,0.06925,0.06934,0.06902,0.06913,452834
1772196300000,0.06913,0.06934,0.06897,0.06934,560673
1772197200000,0.06934,0.06965,0.06934,0.0695,316272
1772198100000,0.0695,0.06959,0.06928,0.06934,357273
1772199000000,0.06934,0.06936,0.06879,0.06934,2999430
1772199900000,0.06934,0.06954,0.06928,0.06941,297763
1772200800000,0.06941,0.06946,0.06927,0.06937,126473
1772201700000,0.06937,0.06937,0.06888,0.06895,301937
1772202600000,0.06895,0.06949,0.06895,0.06922,761443
1772203500000,0.06922,0.06922,0.06885,0.06889,684381
1772204400000,0.06889,0.06933,0.06887,0.06899,622696
1772205300000,0.06899,0.06922,0.06885,0.0691,293529
1772206200000,0.0691,0.06912,0.06871,0.069,379135
1772207100000,0.069,0.06941,0.069,0.06932,496503
1772208000000,0.06932,0.06932,0.06875,0.06895,793308
1772208900000,0.06895,0.06919,0.06892,0.06903,479092
1772209800000,0.06903,0.06903,0.06866,0.06875,589079
1772210700000,0.06875,0.06881,0.06843,0.06848,1167104
1772211600000,0.06848,0.06866,0.06839,0.06839,378377
1772212500000,0.06839,0.06854,0.06834,0.06841,350131
1772213400000,0.06841,0.06885,0.06831,0.06868,765435
1772214300000,0.06868,0.06914,0.06856,0.06911,773847
1772215200000,0.06911,0.06911,0.06876,0.06876,336075
1772216100000,0.06876,0.06894,0.06864,0.06892,167903
1772217000000,0.06892,0.06905,0.06888,0.06896,226667
1772217900000,0.06896,0.06896,0.06864,0.06868,152416
1772218800000,0.06868,0.06868,0.06839,0.06853,194841
1772219700000,0.06853,0.06863,0.06841,0.0685,355291
1772220600000,0.0685,0.06852,0.06822,0.06827,307931
1772221500000,0.06827,0.06854,0.06827,0.06849,251866
1772222400000,0.06849,0.06869,0.06847,0.06867,456738
1772223300000,0.06867,0.06873,0.0686,0.06861,131943
1772224200000,0.06861,0.06867,0.06854,0.06857,192040
1772225100000,0.06857,0.06864,0.0685,0.06855,196512
1772226000000,0.06855,0.06875,0.06849,0.0686,253670
1772226900000,0.0686,0.06874,0.06859,0.06866,97818
1772227800000,0.06866,0.06866,0.0685,0.06855,197948
1772228700000,0.06855,0.06858,0.06837,0.06855,271083
1772229600000,0.06855,0.06862,0.06837,0.0684,117292
1772230500000,0.0684,0.06853,0.06813,0.06817,546517
1772231400000,0.06817,0.06837,0.06764,0.06833,1437629
1772232300000,0.06833,0.06844,0.06833,0.0684,183676
1772233200000,0.0684,0.06877,0.0684,0.06863,495219
1772234100000,0.06863,0.06886,0.06863,0.06881,263427
1772235000000,0.06881,0.06888,0.06877,0.06877,185867
1772235900000,0.06877,0.06889,0.06877,0.06886,77163
1772236800000,0.06886,0.06899,0.06878,0.06899,226393
1772237700000,0.06899,0.06914,0.06884,0.06899,1180521
1772238600000,0.06899,0.06927,0.06899,0.06925,168121
1772239500000,0.06925,0.06943,0.06923,0.06943,1207509
1772240400000,0.06943,0.06945,0.06929,0.0693,274364
1772241300000,0.0693,0.06936,0.06919,0.06919,136174
1772242200000,0.06919,0.06922,0.06906,0.06921,170377
1772243100000,0.06921,0.06934,0.06909,0.06909,173681
1772244000000,0.06909,0.06916,0.06899,0.06914,176190
1772244900000,0.06914,0.0693,0.06913,0.0693,145087
1772245800000,0.0693,0.06939,0.0693,0.06931,117041
1772246700000,0.06931,0.06943,0.06929,0.06929,133565
1772247600000,0.06929,0.06952,0.06928,0.06949,281932
1772248500000,0.06949,0.06949,0.06938,0.06943,241307
1772249400000,0.06943,0.06943,0.06918,0.0692,324988
1772250300000,0.0692,0.0693,0.06912,0.06912,306952
1772251200000,0.06912,0.06917,0.06898,0.06907,262406
1772252100000,0.06907,0.06926,0.06901,0.06907,392161
1772253000000,0.06907,0.06922,0.06884,0.06904,766721
1772253900000,0.06904,0.06904,0.06897,0.06897,157537
1772254800000,0.06897,0.069,0.06891,0.069,51791
1772255700000,0.069,0.069,0.06875,0.06875,313972
1772256600000,0.06875,0.06878,0.06852,0.06858,550069
1772257500000,0.06858,0.06865,0.06852,0.06865,274657
1772258400000,0.06865,0.06866,0.06842,0.06846,949581
1772259300000,0.06846,0.06855,0.06734,0.06761,4149273
1772260200000,0.06761,0.06768,0.06646,0.06676,6043573
1772261100000,0.06676,0.06682,0.06561,0.06578,3391951
1772262000000,0.06578,0.06629,0.06544,0.06614,3312762
1772262900000,0.06614,0.0663,0.06541,0.06556,664757
1772263800000,0.06556,0.0668,0.0655,0.06671,1767318
1772264700000,0.06671,0.06671,0.06585,0.06586,653020
1772265600000,0.06586,0.06588,0.06534,0.06534,1353335
1772266500000,0.06534,0.06559,0.06504,0.06516,1393043
1772267400000,0.06516,0.06524,0.06494,0.06494,595190
1772268300000,0.06494,0.06503,0.06466,0.06477,807312
1772269200000,0.06477,0.06486,0.06432,0.06475,1108684
1772270100000,0.06475,0.06496,0.06448,0.06491,788585
1772271000000,0.06491,0.06491,0.06459,0.06462,613528
1772271900000,0.06462,0.06464,0.06433,0.06442,702315
1772272800000,0.06442,0.06443,0.06386,0.064,1851103
1772273700000,0.064,0.06443,0.06392,0.06419,660707
1772274600000,0.06419,0.06459,0.06416,0.06432,254893
1772275500000,0.06432,0.06432,0.06386,0.06389,1170255
1772276400000,0.06389,0.06414,0.06382,0.06395,1252205
1772277300000,0.06395,0.06446,0.06392,0.06439,228492
1772278200000,0.06439,0.06452,0.06403,0.06403,541930
1772279100000,0.06403,0.06419,0.06381,0.06381,367828
1772280000000,0.06381,0.06382,0.06303,0.06342,2899381
1772280900000,0.06342,0.06354,0.06336,0.06341,160213
1772281800000,0.06341,0.06351,0.06334,0.06346,386888
1772282700000,0.06346,0.06364,0.06325,0.06357,242010
1772283600000,0.06357,0.06379,0.06351,0.06361,304856
1772284500000,0.06361,0.06392,0.06335,0.06342,1136748
1772285400000,0.06342,0.06356,0.0633,0.06356,539104
1772286300000,0.06356,0.06498,0.06356,0.0649,2553944
1772287200000,0.0649,0.0652,0.06451,0.06487,831642
1772288100000,0.06487,0.06525,0.06481,0.06515,280604
1772289000000,0.06515,0.06551,0.06487,0.06539,741310
1772289900000,0.06539,0.0655,0.06437,0.06456,1580988
1772290800000,0.06456,0.0646,0.06402,0.06402,260141
1772291700000,0.06402,0.06482,0.06402,0.06473,1777991
1772292600000,0.06473,0.06493,0.06445,0.06448,297338
1772293500000,0.06448,0.06452,0.06421,0.06421,251534
1772294400000,0.06421,0.06421,0.06381,0.06392,753208
1772295300000,0.06392,0.06392,0.06322,0.06325,481800
1772296200000,0.06325,0.0644,0.06302,0.06383,4850574
1772297100000,0.06383,0.06418,0.06357,0.06418,455078
1772298000000,0.06418,0.06426,0.06392,0.06403,617618
1772298900000,0.06403,0.06414,0.06379,0.06399,176307
1772299800000,0.06399,0.06412,0.06363,0.06377,1378744
1772300700000,0.06377,0.06452,0.06365,0.06439,1165666
1772301600000,0.06439,0.06448,0.06408,0.06416,567384
1772302500000,0.06416,0.06429,0.06398,0.06419,110228
1772303400000,0.06419,0.06532,0.06416,0.06519,979236
1772304300000,0.06519,0.06579,0.06514,0.06534,414959
1772305200000,0.06534,0.0654,0.06495,0.0651,201852
1772306100000,0.0651,0.06523,0.06498,0.06523,248650
1772307000000,0.06523,0.06657,0.06516,0.06611,1890543
1772307900000,0.06611,0.06662,0.06607,0.06621,790335
1772308800000,0.06621,0.06681,0.06606,0.0667,210471
1772309700000,0.0667,0.06732,0.06661,0.06718,968811
1772310600000,0.06718,0.06761,0.06687,0.06709,2033766
1772311500000,0.06709,0.06789,0.06709,0.06778,1061292
1772312400000,0.06778,0.06781,0.06692,0.06716,616402
1772313300000,0.06716,0.06721,0.06689,0.06707,735440
1772314200000,0.06707,0.0677,0.06698,0.06754,1542430
1772315100000,0.06754,0.06779,0.06748,0.06758,486752
1772316000000,0.06758,0.06795,0.06758,0.06794,235348
1772316900000,0.06794,0.06822,0.0678,0.06814,785452
1772317800000,0.06814,0.06877,0.0681,0.06854,627830
1772318700000,0.06854,0.06881,0.06851,0.06852,255657
1772319600000,0.06852,0.06871,0.06842,0.06842,716699
1772320500000,0.06842,0.06863,0.06841,0.06854,192360
1772321400000,0.06854,0.06857,0.06814,0.06842,842945
1772322300000,0.06842,0.06865,0.06837,0.06865,183451
1772323200000,0.06865,0.06879,0.06819,0.06823,436369
1772324100000,0.06823,0.06825,0.06769,0.06772,394233
1772325000000,0.06772,0.06779,0.06745,0.06773,253889
1772325900000,0.06773,0.06786,0.06768,0.0678,137875
1772326800000,0.0678,0.0678,0.06727,0.06741,1026919
1772327700000,0.06741,0.06773,0.06717,0.06768,508338
1772328600000,0.06768,0.06839,0.0675,0.06828,567862
1772329500000,0.06828,0.06947,0.06828,0.06914,1237284
1772330400000,0.06914,0.07008,0.06914,0.06992,1046068
1772331300000,0.06992,0.07014,0.06955,0.06986,253556
1772332200000,0.06986,0.07017,0.06967,0.07017,131552
1772333100000,0.07017,0.07017,0.06977,0.06985,1360664
1772334000000,0.06985,0.07019,0.0698,0.06981,173543
1772334900000,0.06981,0.06981,0.06937,0.06954,410689
1772335800000,0.06954,0.06954,0.06932,0.06945,190339
1772336700000,0.06945,0.06948,0.06913,0.06936,204354
1772337600000,0.06936,0.06957,0.0692,0.0692,324707
1772338500000,0.0692,0.06921,0.06871,0.06911,507259
1772339400000,0.06911,0.06946,0.06911,0.06946,54575
1772340300000,0.06946,0.06946,0.06924,0.0693,11724
1772341200000,0.0693,0.06957,0.06927,0.06942,181082
1772342100000,0.06942,0.06952,0.06931,0.06942,99159
1772343000000,0.06942,0.0695,0.06933,0.06939,71664
1772343900000,0.06939,0.06945,0.0693,0.06941,38915
1772344800000,0.06941,0.06941,0.06876,0.06904,431551
1772345700000,0.06904,0.06908,0.06892,0.06893,305290
1772346600000,0.06893,0.06897,0.06868,0.06886,233991
1772347500000,0.06886,0.06902,0.06866,0.06899,242217
1772348400000,0.06899,0.06929,0.06893,0.06925,102689
1772349300000,0.06925,0.0693,0.06901,0.06909,171557
1772350200000,0.06909,0.06964,0.069,0.06963,405524
1772351100000,0.06963,0.06975,0.06956,0.06961,154255
1772352000000,0.06961,0.0699,0.06959,0.0699,149427
1772352900000,0.0699,0.07011,0.0698,0.07003,318542
1772353800000,0.07003,0.07035,0.07002,0.07022,493772
1772354700000,0.07022,0.0703,0.06893,0.0691,3864505
1772355600000,0.0691,0.06927,0.06872,0.06891,955953
1772356500000,0.06891,0.06914,0.06884,0.06903,266625
1772357400000,0.06903,0.06903,0.06863,0.06875,328048
1772358300000,0.06875,0.06887,0.06868,0.06884,241269
1772359200000,0.06884,0.06903,0.0686,0.06897,318309
1772360100000,0.06897,0.06897,0.06841,0.0687,265574
1772361000000,0.0687,0.06891,0.06867,0.06872,44386
1772361900000,0.06872,0.06895,0.06871,0.06874,125654
1772362800000,0.06874,0.06891,0.06874,0.06889,7696
1772363700000,0.06889,0.06903,0.06889,0.06903,22998
1772364600000,0.06903,0.06903,0.06863,0.06863,194637
1772365500000,0.06863,0.06883,0.06863,0.06872,105193
1772366400000,0.06872,0.06874,0.06853,0.06853,442382
1772367300000,0.06853,0.06877,0.06849,0.06867,80309
1772368200000,0.06867,0.06874,0.0683,0.06848,327660
1772369100000,0.06848,0.06848,0.06818,0.06822,175268
1772370000000,0.06822,0.06828,0.06805,0.06827,164336
1772370900000,0.06827,0.06829,0.06784,0.06811,342158
1772371800000,0.06811,0.06811,0.06791,0.06791,131016
1772372700000,0.06791,0.06932,0.06791,0.06911,2121282
1772373600000,0.06911,0.0697,0.06893,0.06945,633052
1772374500000,0.06945,0.06956,0.06907,0.06911,154325
1772375400000,0.06911,0.06939,0.06872,0.06884,451551
1772376300000,0.06884,0.06892,0.06868,0.0688,151779
1772377200000,0.0688,0.0689,0.06859,0.06887,175100
1772378100000,0.06887,0.06905,0.0687,0.06879,917999
1772379000000,0.06879,0.06912,0.06879,0.06899,285341
1772379900000,0.06899,0.06914,0.06862,0.06862,443161
1772380800000,0.06862,0.06911,0.06842,0.06892,249654
1772381700000,0.06892,0.06907,0.06867,0.06898,147333
1772382600000,0.06898,0.06909,0.06879,0.06879,246209
1772383500000,0.06879,0.06879,0.0678,0.06829,1348787
1772384400000,0.06829,0.06837,0.06813,0.06825,671668
1772385300000,0.06825,0.06825,0.0676,0.06797,399582
1772386200000,0.06797,0.06801,0.06785,0.06795,256478
1772387100000,0.06795,0.06797,0.0677,0.0677,644457
1772388000000,0.0677,0.06869,0.0677,0.06857,1567488
1772388900000,0.06857,0.06887,0.06855,0.06856,477015
1772389800000,0.06856,0.06862,0.06828,0.06852,135407
1772390700000,0.06852,0.06859,0.06834,0.06834,542754
1772391600000,0.06834,0.06839,0.06802,0.06804,554925
1772392500000,0.06804,0.06804,0.06766,0.06773,271728
1772393400000,0.06773,0.06803,0.06745,0.06753,1391242
1772394300000,0.06753,0.06764,0.06734,0.06746,780710
1772395200000,0.06746,0.06752,0.06686,0.06688,1304319
1772396100000,0.06688,0.067,0.06668,0.06668,154278
1772397000000,0.06668,0.06682,0.06654,0.06668,1123851
1772397900000,0.06668,0.06691,0.06662,0.06675,723081
1772398800000,0.06675,0.06693,0.06669,0.06692,592383
1772399700000,0.06692,0.06746,0.06683,0.0674,398078
1772400600000,0.0674,0.06749,0.06724,0.0673,362621
1772401500000,0.0673,0.0674,0.06723,0.06736,75937
1772402400000,0.06736,0.06841,0.06731,0.06808,3172916
1772403300000,0.06808,0.06833,0.0679,0.06802,1529406
1772404200000,0.06802,0.06802,0.06752,0.06801,80248
1772405100000,0.06801,0.06801,0.0676,0.0676,90472
1772406000000,0.0676,0.06859,0.06751,0.06851,490147
1772406900000,0.06851,0.06851,0.068,0.068,294207
1772407800000,0.068,0.06857,0.068,0.06854,636818
1772408700000,0.06854,0.06863,0.06837,0.06855,165085
1772409600000,0.06855,0.06878,0.06834,0.06858,664558
1772410500000,0.06858,0.06882,0.06836,0.06859,177251
1772411400000,0.06859,0.06923,0.06859,0.06923,197310
1772412300000,0.06923,0.06934,0.06884,0.06914,235377
1772413200000,0.06914,0.06966,0.06893,0.0696,229676
1772414100000,0.0696,0.06965,0.06898,0.06904,203347
1772415000000,0.06904,0.06924,0.06904,0.06915,237151
1772415900000,0.06915,0.06923,0.06897,0.06911,258189
1772416800000,0.06911,0.06926,0.06852,0.06876,618626
1772417700000,0.06876,0.06904,0.06867,0.06893,138154
1772418600000,0.06893,0.06916,0.06891,0.06896,150888
1772419500000,0.06896,0.0691,0.06893,0.0691,228594
1772420400000,0.0691,0.06918,0.06873,0.06916,619609
1772421300000,0.06916,0.06962,0.06911,0.06956,562543
1772422200000,0.06956,0.06972,0.0694,0.06963,519131
1772423100000,0.06963,0.06976,0.06958,0.06958,119239
1772424000000,0.06958,0.06974,0.06958,0.06969,265239
1772424900000,0.06969,0.06989,0.06957,0.06979,174194
1772425800000,0.06979,0.06994,0.0697,0.06971,223754
1772426700000,0.06971,0.06974,0.06942,0.0695,450911
1772427600000,0.0695,0.06959,0.06908,0.06928,354466
1772428500000,0.06928,0.06937,0.0691,0.06924,686157
1772429400000,0.06924,0.06956,0.06921,0.06956,409799
1772430300000,0.06956,0.06956,0.0691,0.06912,188091
1772431200000,0.06912,0.06918,0.06892,0.06898,258565
1772432100000,0.06898,0.06904,0.06853,0.06884,1211241
1772433000000,0.06884,0.06898,0.06876,0.06889,653152
1772433900000,0.06889,0.06899,0.06877,0.06895,531913
1772434800000,0.06895,0.06895,0.06832,0.06848,1535049
1772435700000,0.06848,0.06857,0.06822,0.06848,1276540
1772436600000,0.06848,0.06868,0.06844,0.06863,553146
1772437500000,0.06863,0.06864,0.06854,0.0686,198786
1772438400000,0.0686,0.0686,0.06796,0.06857,2210455
1772439300000,0.06857,0.06857,0.06782,0.0679,600691
1772440200000,0.0679,0.06816,0.06785,0.06813,1443479
1772441100000,0.06813,0.06861,0.06811,0.06861,744869
1772442000000,0.06861,0.06881,0.0684,0.06868,349174
1772442900000,0.06868,0.06901,0.06866,0.06866,809808
1772443800000,0.06866,0.06879,0.06856,0.06863,396491
1772444700000,0.06863,0.06863,0.06839,0.06839,139939
1772445600000,0.06839,0.06853,0.06819,0.06826,340419
1772446500000,0.06826,0.06833,0.06815,0.06831,161201
1772447400000,0.06831,0.06842,0.06826,0.06834,130165
1772448300000,0.06834,0.06847,0.0682,0.06847,90303
1772449200000,0.06847,0.06847,0.06823,0.06839,239001
1772450100000,0.06839,0.0686,0.06833,0.06838,393269
1772451000000,0.06838,0.06868,0.06838,0.06865,169709
1772451900000,0.06865,0.06886,0.06864,0.06872,293864
1772452800000,0.06872,0.06899,0.06868,0.06894,471971
1772453700000,0.06894,0.06894,0.06857,0.06865,377377
1772454600000,0.06865,0.06866,0.06846,0.0685,329619
1772455500000,0.0685,0.06863,0.06845,0.06847,112956
1772456400000,0.06847,0.06847,0.068,0.068,373413
1772457300000,0.068,0.06836,0.06794,0.06806,699266
1772458200000,0.06806,0.0683,0.06796,0.0681,377684
1772459100000,0.0681,0.0681,0.06794,0.068,171680
1772460000000,0.068,0.06806,0.06774,0.06797,1059765
1772460900000,0.06797,0.06809,0.06767,0.06789,735913
1772461800000,0.06789,0.06933,0.06787,0.0693,1356958
1772462700000,0.0693,0.07021,0.06914,0.07019,1239164
1772463600000,0.07019,0.07114,0.06993,0.07103,1175548
1772464500000,0.07103,0.0712,0.07074,0.07084,650100
1772465400000,0.07084,0.07129,0.07052,0.07123,983287
1772466300000,0.07123,0.07124,0.07051,0.0708,608139
1772467200000,0.0708,0.07134,0.0708,0.07119,1218614
1772468100000,0.07119,0.07133,0.07092,0.07094,531761
1772469000000,0.07094,0.07133,0.07044,0.07127,780043
1772469900000,0.07127,0.07146,0.07058,0.07058,637797
1772470800000,0.07058,0.07076,0.07042,0.07044,188400
1772471700000,0.07044,0.07048,0.07004,0.0701,773143
1772472600000,0.0701,0.0701,0.06932,0.06934,565192
1772473500000,0.06934,0.06977,0.0693,0.06965,185839
1772474400000,0.06965,0.06972,0.06922,0.06946,205222
1772475300000,0.06946,0.06946,0.06881,0.0689,1530583
1772476200000,0.0689,0.06924,0.06864,0.06924,696706
1772477100000,0.06924,0.06944,0.06905,0.06919,1147136
1772478000000,0.06919,0.06923,0.06885,0.06912,941603
1772478900000,0.06912,0.06951,0.06912,0.06942,733799
1772479800000,0.06942,0.06975,0.06936,0.06952,274870
1772480700000,0.06952,0.06973,0.06948,0.06967,559131
1772481600000,0.06967,0.0699,0.06904,0.06927,554465
1772482500000,0.06927,0.06953,0.06924,0.0694,165066
1772483400000,0.0694,0.0694,0.06918,0.06931,89722
1772484300000,0.06931,0.0694,0.06924,0.06927,152134
1772485200000,0.06927,0.06936,0.06898,0.06923,563526
1772486100000,0.06923,0.06932,0.06908,0.0693,79986
1772487000000,0.0693,0.06944,0.06921,0.06944,253496
1772487900000,0.06944,0.06948,0.06933,0.06937,343737
1772488800000,0.06937,0.06976,0.06937,0.06954,433699
1772489700000,0.06954,0.06986,0.06946,0.0698,64474
1772490600000,0.0698,0.06993,0.06957,0.06957,99092
1772491500000,0.06957,0.06976,0.06957,0.06961,80594
1772492400000,0.06961,0.06963,0.06927,0.0694,293359
1772493300000,0.0694,0.0694,0.06905,0.06907,1033766
1772494200000,0.06907,0.06908,0.06881,0.06893,591961
1772495100000,0.06893,0.06904,0.06893,0.06903,172978
1772496000000,0.06903,0.06916,0.06894,0.06912,261345
1772496900000,0.06912,0.06929,0.06872,0.0688,208850
1772497800000,0.0688,0.06923,0.06872,0.06918,452872
1772498700000,0.06918,0.06918,0.06878,0.06898,89864
1772499600000,0.06898,0.06925,0.06876,0.06918,65071
1772500500000,0.06918,0.06918,0.06888,0.06888,217332
1772501400000,0.06888,0.06907,0.06872,0.069,120394
1772502300000,0.069,0.06901,0.06879,0.06879,355137
1772503200000,0.06879,0.06879,0.06848,0.0686,799048
1772504100000,0.0686,0.06862,0.06826,0.06851,747144
1772505000000,0.06851,0.06878,0.06851,0.0687,140845
1772505900000,0.0687,0.06891,0.06867,0.06871,153501
1772506800000,0.06871,0.06875,0.06844,0.06858,121592
1772507700000,0.06858,0.06858,0.06829,0.06849,91379
1772508600000,0.06849,0.06875,0.06849,0.0687,80318
1772509500000,0.0687,0.06873,0.06865,0.06871,26924
1772510400000,0.06871,0.06877,0.06846,0.06863,124227
1772511300000,0.06863,0.06865,0.06841,0.06841,165907
1772512200000,0.06841,0.06846,0.06825,0.06834,160913
1772513100000,0.06834,0.06837,0.06819,0.06829,98353
1772514000000,0.06829,0.06849,0.06815,0.06849,515036
1772514900000,0.06849,0.06875,0.06849,0.0686,152442
1772515800000,0.0686,0.0686,0.06817,0.0683,392277
1772516700000,0.0683,0.0683,0.068,0.0682,293659
1772517600000,0.0682,0.06834,0.06817,0.06828,34375
1772518500000,0.06828,0.06831,0.06818,0.06827,116997
1772519400000,0.06827,0.06855,0.06822,0.06851,245206
1772520300000,0.06851,0.06876,0.06839,0.06859,172373
1772521200000,0.06859,0.0688,0.0685,0.06877,343192
1772522100000,0.06877,0.06901,0.06877,0.06897,150956
1772523000000,0.06897,0.06908,0.0689,0.06901,219290
1772523900000,0.06901,0.06906,0.06882,0.06882,196427
1772524800000,0.06882,0.06883,0.06833,0.06835,526065
1772525700000,0.06835,0.06852,0.06784,0.06805,1418135
1772526600000,0.06805,0.06805,0.06755,0.0676,691273
1772527500000,0.0676,0.06764,0.06728,0.06738,1224556
1772528400000,0.06738,0.06765,0.06731,0.06758,570233
1772529300000,0.06758,0.06758,0.06694,0.06703,1391966
1772530200000,0.06703,0.06719,0.0668,0.06689,806558
1772531100000,0.06689,0.06689,0.06669,0.06674,311710
1772532000000,0.06674,0.06676,0.06651,0.06655,330199
1772532900000,0.06655,0.06671,0.06643,0.0665,398043
1772533800000,0.0665,0.06674,0.06647,0.06674,114275
1772534700000,0.06674,0.067,0.0667,0.06683,357714
1772535600000,0.06683,0.0671,0.06683,0.06687,674353
1772536500000,0.06687,0.06689,0.06662,0.06668,102077
1772537400000,0.06668,0.06682,0.0665,0.06674,125704
1772538300000,0.06674,0.06681,0.06669,0.06671,30405
1772539200000,0.06671,0.06739,0.06668,0.06712,1021390
1772540100000,0.06712,0.06712,0.06684,0.06698,91576
1772541000000,0.06698,0.06698,0.06664,0.06664,249222
1772541900000,0.06664,0.06674,0.06658,0.06671,132092
1772542800000,0.06671,0.06673,0.06634,0.06643,215835
1772543700000,0.06643,0.06649,0.06623,0.0663,271001
1772544600000,0.0663,0.06634,0.06604,0.06604,459376
1772545500000,0.06604,0.06605,0.06588,0.06597,338414
1772546400000,0.06597,0.06619,0.06584,0.06592,198417
1772547300000,0.06592,0.06606,0.06552,0.06563,752223
1772548200000,0.06563,0.06619,0.06544,0.06553,379659
1772549100000,0.06553,0.06623,0.06536,0.06584,789881
1772550000000,0.06584,0.06634,0.06584,0.06629,732604
1772550900000,0.06629,0.06641,0.06596,0.0661,212401
1772551800000,0.0661,0.06677,0.06607,0.06644,155559
1772552700000,0.06644,0.06683,0.06644,0.06661,263205
1772553600000,0.06661,0.06735,0.0665,0.06732,689878
1772554500000,0.06732,0.06792,0.06729,0.06746,868213
1772555400000,0.06746,0.06747,0.06657,0.06674,389789
1772556300000,0.06674,0.06776,0.06674,0.06745,336892
1772557200000,0.06745,0.06745,0.06685,0.06731,301638
1772558100000,0.06731,0.06764,0.06712,0.06752,178741
1772559000000,0.06752,0.06775,0.06731,0.06764,183613
1772559900000,0.06764,0.06789,0.06747,0.06764,402179
1772560800000,0.06764,0.06773,0.06729,0.06734,306599
1772561700000,0.06734,0.06778,0.06734,0.0676,187285
1772562600000,0.0676,0.06783,0.06728,0.06728,212785
1772563500000,0.06728,0.06739,0.06708,0.06711,119543
1772564400000,0.06711,0.06723,0.06695,0.06721,118831
1772565300000,0.06721,0.06757,0.06708,0.06739,193433
1772566200000,0.06739,0.06762,0.06723,0.06746,228127
1772567100000,0.06746,0.06788,0.0674,0.06751,215485
1772568000000,0.06751,0.06757,0.06713,0.06713,113529
1772568900000,0.06713,0.06725,0.06711,0.06725,52646
1772569800000,0.06725,0.06745,0.06718,0.06725,360519
1772570700000,0.06725,0.06725,0.06696,0.0671,152646
1772571600000,0.0671,0.06715,0.06698,0.067,109842
1772572500000,0.067,0.06712,0.06686,0.06703,277414
1772573400000,0.06703,0.06716,0.06703,0.06711,57188
1772574300000,0.06711,0.06741,0.06707,0.06735,70786
1772575200000,0.06735,0.0677,0.06728,0.06749,385466
1772576100000,0.06749,0.06767,0.06734,0.06762,10934
1772577000000,0.06762,0.06796,0.06762,0.06794,41045
1772577900000,0.06794,0.06794,0.06749,0.06749,86840
1772578800000,0.06749,0.06794,0.06739,0.06781,272432
1772579700000,0.06781,0.06785,0.06765,0.06766,99395
1772580600000,0.06766,0.06781,0.06759,0.06774,38224
1772581500000,0.06774,0.06774,0.06757,0.06758,32890
1772582400000,0.06758,0.06768,0.06745,0.06768,147376
1772583300000,0.06768,0.06818,0.06768,0.06794,532981
1772584200000,0.06794,0.06796,0.06726,0.06728,179778
1772585100000,0.06728,0.0678,0.06728,0.0676,274827
1772586000000,0.0676,0.06779,0.06749,0.06767,115046
1772586900000,0.06767,0.06794,0.06751,0.06794,69640
1772587800000,0.06794,0.06812,0.06781,0.068,977795
1772588700000,0.068,0.068,0.0678,0.06785,167148
1772589600000,0.06785,0.06787,0.06757,0.06779,55018
1772590500000,0.06779,0.0678,0.06759,0.06759,19770
1772591400000,0.06759,0.0678,0.06758,0.06778,32432
1772592300000,0.06778,0.06798,0.06772,0.06796,22528
1772593200000,0.06796,0.06796,0.06768,0.06784,48769
1772594100000,0.06784,0.06795,0.06735,0.06735,167026
1772595000000,0.06735,0.06735,0.06683,0.06685,602352
1772595900000,0.06685,0.06714,0.06678,0.06713,300692
1772596800000,0.06713,0.06717,0.06684,0.06702,111987
1772597700000,0.06702,0.06702,0.06664,0.0667,246439
1772598600000,0.0667,0.0668,0.06654,0.0668,217919
1772599500000,0.0668,0.06706,0.06677,0.06706,104253
1772600400000,0.06706,0.0671,0.06689,0.06708,413134
1772601300000,0.06708,0.06713,0.06679,0.06683,129488
1772602200000,0.06683,0.06731,0.06674,0.0672,147205
1772603100000,0.0672,0.06728,0.0671,0.06711,191598
1772604000000,0.06711,0.06711,0.06681,0.06691,311142
1772604900000,0.06691,0.06691,0.06668,0.06673,67855
1772605800000,0.06673,0.06739,0.06673,0.06739,246085
1772606700000,0.06739,0.0674,0.0671,0.0671,65523
1772607600000,0.0671,0.06723,0.06697,0.06703,98714
1772608500000,0.06703,0.06733,0.067,0.06733,56337
1772609400000,0.06733,0.0674,0.06726,0.06734,36307
1772610300000,0.06734,0.06767,0.06729,0.06745,120429
1772611200000,0.06745,0.06764,0.06731,0.06744,516880
1772612100000,0.06744,0.06748,0.06723,0.06742,47950
1772613000000,0.06742,0.06792,0.0674,0.06787,176667
1772613900000,0.06787,0.06865,0.06787,0.06854,2478295
1772614800000,0.06854,0.0687,0.06821,0.06859,645625
1772615700000,0.06859,0.06879,0.06841,0.06848,378837
1772616600000,0.06848,0.06889,0.06835,0.06878,999328
1772617500000,0.06878,0.06916,0.0687,0.06903,798723
1772618400000,0.06903,0.06912,0.06878,0.06887,213903
1772619300000,0.06887,0.0689,0.06854,0.06855,325183
1772620200000,0.06855,0.06861,0.06832,0.06835,460537
1772621100000,0.06835,0.06865,0.06834,0.06862,165050
1772622000000,0.06862,0.06902,0.06862,0.0689,256639
1772622900000,0.0689,0.06903,0.06885,0.06888,66016
1772623800000,0.06888,0.06896,0.06846,0.06854,748253
1772624700000,0.06854,0.06891,0.06851,0.06881,174786
1772625600000,0.06881,0.06895,0.06858,0.06865,112318
1772626500000,0.06865,0.06865,0.06839,0.06852,153121
1772627400000,0.06852,0.06865,0.06822,0.06862,202582
1772628300000,0.06862,0.06886,0.06854,0.06882,302281
1772629200000,0.06882,0.06917,0.06879,0.06907,159844
1772630100000,0.06907,0.06924,0.06904,0.06919,40199
1772631000000,0.06919,0.06923,0.06907,0.06913,135201
1772631900000,0.06913,0.06938,0.06909,0.06936,189936
1772632800000,0.06936,0.07019,0.06924,0.07012,1994677
1772633700000,0.07012,0.07012,0.06951,0.06966,484437
1772634600000,0.06966,0.07038,0.06949,0.06954,1107129
1772635500000,0.06954,0.06971,0.06938,0.06945,648392
1772636400000,0.06945,0.07007,0.06945,0.06964,1125982
1772637300000,0.06964,0.07051,0.06964,0.07046,285521
1772638200000,0.07046,0.07059,0.07028,0.07034,653472
1772639100000,0.07034,0.07112,0.07034,0.07105,992770
1772640000000,0.07105,0.07126,0.07074,0.07078,1423683
1772640900000,0.07078,0.07094,0.07038,0.07072,358338
1772641800000,0.07072,0.07098,0.07066,0.07069,733316
1772642700000,0.07069,0.07069,0.07041,0.07041,377915
1772643600000,0.07041,0.07051,0.07025,0.07035,104262
1772644500000,0.07035,0.07041,0.06978,0.06984,457156
1772645400000,0.06984,0.07018,0.06984,0.07017,299255
1772646300000,0.07017,0.07035,0.07017,0.07028,154276
1772647200000,0.07028,0.07057,0.07015,0.07017,470745
1772648100000,0.07017,0.07054,0.07017,0.07054,365479
1772649000000,0.07054,0.07054,0.07014,0.07034,284753
1772649900000,0.07034,0.07068,0.07034,0.07068,132080
1772650800000,0.07068,0.07098,0.07053,0.07091,1299428
1772651700000,0.07091,0.07122,0.07076,0.07083,874323
1772652600000,0.07083,0.07097,0.07072,0.07089,139951
1772653500000,0.07089,0.07095,0.07069,0.07073,366265
1772654400000,0.07073,0.07073,0.0703,0.07041,198612
1772655300000,0.07041,0.07059,0.07032,0.07043,55315
1772656200000,0.07043,0.07047,0.07029,0.07032,54933
1772657100000,0.07032,0.07037,0.07022,0.07027,356024
1772658000000,0.07027,0.07034,0.07007,0.07015,413283
1772658900000,0.07015,0.07021,0.07003,0.07012,106596
1772659800000,0.07012,0.07031,0.07007,0.07022,87597
1772660700000,0.07022,0.07026,0.0702,0.07025,8041
1772661600000,0.07025,0.07063,0.07025,0.07056,276374
1772662500000,0.07056,0.07079,0.07052,0.07066,51175
1772663400000,0.07066,0.07066,0.07,0.07,965539
1772664300000,0.07,0.07009,0.06954,0.06977,1033100
1772665200000,0.06977,0.06985,0.06965,0.06965,60251
1772666100000,0.06965,0.06971,0.06923,0.06958,737706
1772667000000,0.06958,0.06998,0.06942,0.06994,626463
1772667900000,0.06994,0.06998,0.06984,0.06991,119745
1772668800000,0.06991,0.06991,0.06937,0.06947,493521
1772669700000,0.06947,0.06961,0.06931,0.06939,380602
1772670600000,0.06939,0.06944,0.06929,0.06942,105790
1772671500000,0.06942,0.06951,0.06911,0.06924,553038
1772672400000,0.06924,0.06961,0.06914,0.0695,193357
1772673300000,0.0695,0.0695,0.06907,0.06914,85349
1772674200000,0.06914,0.06915,0.06885,0.0689,384675
1772675100000,0.0689,0.06891,0.06875,0.06884,377916
1772676000000,0.06884,0.06927,0.06884,0.06927,755538
1772676900000,0.06927,0.0693,0.06917,0.06922,73508
1772677800000,0.06922,0.06922,0.06887,0.06891,188926
1772678700000,0.06891,0.0691,0.06888,0.06896,89733
1772679600000,0.06896,0.06899,0.06877,0.06879,292963
1772680500000,0.06879,0.06881,0.06866,0.06871,135892
1772681400000,0.06871,0.06871,0.0686,0.06862,240154
1772682300000,0.06862,0.06876,0.06854,0.06862,189504
1772683200000,0.06862,0.06883,0.06861,0.0687,87624
1772684100000,0.0687,0.0687,0.06857,0.06868,272112
1772685000000,0.06868,0.06887,0.06843,0.06886,239335
1772685900000,0.06886,0.06898,0.06858,0.06863,607059
1772686800000,0.06863,0.06873,0.06862,0.06867,122772
1772687700000,0.06867,0.06867,0.06835,0.06839,375107
1772688600000,0.06839,0.06842,0.06808,0.06816,413583
1772689500000,0.06816,0.0682,0.06809,0.06814,104338
1772690400000,0.06814,0.06823,0.06793,0.06798,593039
1772691300000,0.06798,0.06824,0.06785,0.06806,415765
1772692200000,0.06806,0.06817,0.06796,0.06804,634511
1772693100000,0.06804,0.06833,0.06803,0.06824,534357
1772694000000,0.06824,0.06832,0.06816,0.06818,239746
1772694900000,0.06818,0.06821,0.06805,0.06808,119022
1772695800000,0.06808,0.06808,0.06768,0.0677,768804
1772696700000,0.0677,0.06775,0.06741,0.06753,861792
1772697600000,0.06753,0.06762,0.06744,0.0675,398825
1772698500000,0.0675,0.06762,0.06745,0.06752,512548
1772699400000,0.06752,0.06764,0.06727,0.06762,1764408
1772700300000,0.06762,0.06775,0.06757,0.06775,398580
1772701200000,0.06775,0.06824,0.06772,0.06809,957631
1772702100000,0.06809,0.06825,0.06801,0.06818,399487
1772703000000,0.06818,0.06837,0.06808,0.0682,1528753
1772703900000,0.0682,0.06837,0.06818,0.06835,117274
1772704800000,0.06835,0.06842,0.06826,0.06837,384075
1772705700000,0.06837,0.06874,0.06832,0.0686,397958
1772706600000,0.0686,0.06897,0.06859,0.06889,1149064
1772707500000,0.06889,0.06932,0.06885,0.06913,673375
1772708400000,0.06913,0.06919,0.06886,0.06891,1751551
1772709300000,0.06891,0.06902,0.06877,0.06898,369199
1772710200000,0.06898,0.06898,0.06852,0.06859,1074028
1772711100000,0.06859,0.06878,0.06859,0.06869,325119
1772712000000,0.06869,0.06876,0.06852,0.0687,453812
1772712900000,0.0687,0.06875,0.06848,0.06864,420226
1772713800000,0.06864,0.06869,0.06853,0.06864,142202
1772714700000,0.06864,0.06888,0.06862,0.06874,416161
1772715600000,0.06874,0.06876,0.06832,0.06835,1014737
1772716500000,0.06835,0.06845,0.0681,0.06828,627871
1772717400000,0.06828,0.06829,0.06781,0.06824,2528280
1772718300000,0.06824,0.06848,0.0682,0.06828,1137326
1772719200000,0.06828,0.06858,0.06825,0.06855,638006
1772720100000,0.06855,0.06859,0.06834,0.06855,148817
1772721000000,0.06855,0.06901,0.06831,0.06832,821504
1772721900000,0.06832,0.06905,0.0683,0.06893,321579
1772722800000,0.06893,0.06897,0.06795,0.06809,2636743
1772723700000,0.06809,0.0681,0.06764,0.06764,385374
1772724600000,0.06764,0.0681,0.06752,0.06781,921614
1772725500000,0.06781,0.06787,0.06746,0.06754,648176
1772726400000,0.06754,0.06754,0.06648,0.06669,3693159
1772727300000,0.06669,0.06702,0.06668,0.06698,434814
1772728200000,0.06698,0.06751,0.06692,0.06733,260655
1772729100000,0.06733,0.0674,0.06724,0.06731,136602
1772730000000,0.06731,0.06768,0.06708,0.06718,1181360
1772730900000,0.06718,0.06718,0.06696,0.067,243186
1772731800000,0.067,0.06707,0.06673,0.067,139194
1772732700000,0.067,0.067,0.06674,0.06674,320494
1772733600000,0.06674,0.06694,0.06654,0.06693,640174
1772734500000,0.06693,0.0671,0.06684,0.06686,153862
1772735400000,0.06686,0.06711,0.06686,0.06707,65682
1772736300000,0.06707,0.06721,0.06707,0.06716,50768
1772737200000,0.06716,0.06799,0.06716,0.06799,530866
1772738100000,0.06799,0.06823,0.06782,0.06794,590552
1772739000000,0.06794,0.06802,0.0676,0.06771,135873
1772739900000,0.06771,0.06781,0.06757,0.06763,76106
1772740800000,0.06763,0.06797,0.06748,0.06796,196264
1772741700000,0.06796,0.06822,0.06795,0.06807,244229
1772742600000,0.06807,0.0683,0.06799,0.06799,195695
1772743500000,0.06799,0.06807,0.06778,0.06797,92409
1772744400000,0.06797,0.06818,0.06797,0.06801,108146
1772745300000,0.06801,0.0682,0.06799,0.06818,163931
1772746200000,0.06818,0.0682,0.06757,0.06765,274600
1772747100000,0.06765,0.06776,0.0675,0.06757,65215
1772748000000,0.06757,0.06761,0.06733,0.06743,223781
1772748900000,0.06743,0.06749,0.06731,0.06736,26769
1772749800000,0.06736,0.0676,0.06736,0.06758,45696
1772750700000,0.06758,0.06761,0.06746,0.06746,37139
1772751600000,0.06746,0.06746,0.06734,0.06737,464252
1772752500000,0.06737,0.06756,0.06737,0.06751,26718
1772753400000,0.06751,0.06751,0.06727,0.06732,109143
1772754300000,0.06732,0.06747,0.0673,0.06747,123907
1772755200000,0.06747,0.06772,0.06746,0.06765,61104
1772756100000,0.06765,0.06765,0.06743,0.06745,175072
1772757000000,0.06745,0.06768,0.06745,0.06768,27462
1772757900000,0.06768,0.06769,0.06735,0.06737,120788
1772758800000,0.06737,0.06741,0.0673,0.06734,69816
1772759700000,0.06734,0.06744,0.06716,0.06719,113599
1772760600000,0.06719,0.06787,0.06719,0.06783,184117
1772761500000,0.06783,0.06791,0.06771,0.06791,27000
1772762400000,0.06791,0.06805,0.06781,0.06801,58764
1772763300000,0.06801,0.06812,0.06783,0.0681,79726
1772764200000,0.0681,0.06829,0.06804,0.06828,157867
1772765100000,0.06828,0.06828,0.0681,0.06817,118728
1772766000000,0.06817,0.06833,0.06813,0.06815,56358
1772766900000,0.06815,0.06855,0.06809,0.06841,165492
1772767800000,0.06841,0.06846,0.06838,0.06846,25236
1772768700000,0.06846,0.06879,0.06846,0.06878,441407
1772769600000,0.06878,0.0689,0.06865,0.06872,248351
1772770500000,0.06872,0.06894,0.06872,0.0688,64495
1772771400000,0.0688,0.06897,0.06842,0.06859,253336
1772772300000,0.06859,0.06896,0.06856,0.0689,64266
1772773200000,0.0689,0.06895,0.06863,0.06882,90671
1772774100000,0.06882,0.06895,0.06872,0.06879,96026
1772775000000,0.06879,0.06879,0.06842,0.06851,321578
1772775900000,0.06851,0.06887,0.06837,0.06884,336090
1772776800000,0.06884,0.06905,0.06878,0.06898,85605
1772777700000,0.06898,0.06914,0.06888,0.0691,314600
1772778600000,0.0691,0.06936,0.0691,0.06928,497714
1772779500000,0.06928,0.06958,0.06928,0.06952,235909
1772780400000,0.06952,0.06965,0.06933,0.06957,319047
1772781300000,0.06957,0.07002,0.0695,0.06995,652787
1772782200000,0.06995,0.07011,0.06988,0.06996,131835
1772783100000,0.06996,0.07034,0.06996,0.07014,398186
1772784000000,0.07014,0.07027,0.06993,0.07008,736496
1772784900000,0.07008,0.0701,0.06977,0.06982,236731
1772785800000,0.06982,0.06983,0.06946,0.0695,215086
1772786700000,0.0695,0.06958,0.06942,0.06948,245835
1772787600000,0.06948,0.06948,0.06903,0.0691,368292
1772788500000,0.0691,0.0691,0.06865,0.06875,763680
1772789400000,0.06875,0.06878,0.06863,0.06872,88511
1772790300000,0.06872,0.06881,0.06858,0.06866,128629
1772791200000,0.06866,0.06894,0.06864,0.06889,93611
1772792100000,0.06889,0.06902,0.06886,0.06894,75956
1772793000000,0.06894,0.06903,0.06879,0.06887,168630
1772793900000,0.06887,0.06887,0.06857,0.06862,157804
1772794800000,0.06862,0.06883,0.06857,0.06877,129184
1772795700000,0.06877,0.06877,0.06851,0.06855,110646
1772796600000,0.06855,0.06855,0.06813,0.0682,164388
1772797500000,0.0682,0.0682,0.06804,0.06812,773688
1772798400000,0.06812,0.06812,0.06748,0.06754,915612
1772799300000,0.06754,0.06789,0.06745,0.06784,415714
1772800200000,0.06784,0.0679,0.0672,0.06732,552232
1772801100000,0.06732,0.06777,0.06724,0.06769,355588
1772802000000,0.06769,0.06784,0.06767,0.06777,278452
1772802900000,0.06777,0.06784,0.06749,0.06772,46785
1772803800000,0.06772,0.06814,0.06727,0.0679,4025274
1772804700000,0.0679,0.06791,0.06696,0.06699,880122
1772805600000,0.06699,0.06718,0.06623,0.06646,3552243
1772806500000,0.06646,0.0667,0.06633,0.06651,324683
1772807400000,0.06651,0.06668,0.06574,0.0662,1284269
1772808300000,0.0662,0.06631,0.06557,0.06587,1145979
1772809200000,0.06587,0.06632,0.06581,0.06622,1604087
1772810100000,0.06622,0.06649,0.06617,0.06627,965107
1772811000000,0.06627,0.06682,0.06626,0.06662,301274
1772811900000,0.06662,0.06662,0.06611,0.06633,138973
1772812800000,0.06633,0.06647,0.06606,0.06634,634814
1772813700000,0.06634,0.06676,0.06634,0.06665,156202
1772814600000,0.06665,0.06672,0.06647,0.0665,73115
1772815500000,0.0665,0.06653,0.06608,0.0662,102209
1772816400000,0.0662,0.0662,0.06588,0.06588,384770
1772817300000,0.06588,0.06608,0.06567,0.06597,652021
1772818200000,0.06597,0.06597,0.06541,0.06548,872207
1772819100000,0.06548,0.06577,0.06548,0.0656,323585
1772820000000,0.0656,0.06621,0.06555,0.06617,193169
1772820900000,0.06617,0.06622,0.06612,0.06614,25509
1772821800000,0.06614,0.06638,0.06614,0.06638,85786
1772822700000,0.06638,0.06649,0.06615,0.06616,394223
1772823600000,0.06616,0.06644,0.06615,0.06643,41043
1772824500000,0.06643,0.06658,0.06622,0.06624,344041
1772825400000,0.06624,0.06624,0.06608,0.06615,170363
1772826300000,0.06615,0.06615,0.06591,0.06603,580978
1772827200000,0.06603,0.06631,0.06602,0.06616,402171
1772828100000,0.06616,0.06624,0.06587,0.06587,115102
1772829000000,0.06587,0.06617,0.06587,0.06609,162302
1772829900000,0.06609,0.06619,0.06606,0.06612,135978
1772830800000,0.06612,0.06621,0.06608,0.06612,79766
1772831700000,0.06612,0.06616,0.06601,0.06612,328115
1772832600000,0.06612,0.06629,0.06612,0.06626,343908
1772833500000,0.06626,0.06634,0.06625,0.06634,80302
1772834400000,0.06634,0.06636,0.06624,0.06624,93081
1772835300000,0.06624,0.06632,0.06617,0.06632,98802
1772836200000,0.06632,0.06632,0.06623,0.06629,123425
1772837100000,0.06629,0.06636,0.06629,0.06636,25939
1772838000000,0.06636,0.06636,0.06628,0.06628,23707
1772838900000,0.06628,0.06629,0.06626,0.06626,120723
1772839800000,0.06626,0.06626,0.06618,0.06618,84703
1772840700000,0.06618,0.06621,0.06617,0.06618,71142
1772841600000,0.06618,0.0663,0.06618,0.0663,150111
1772842500000,0.0663,0.0663,0.06606,0.06615,66164
1772843400000,0.06615,0.06642,0.06605,0.06605,690523
1772844300000,0.06605,0.06605,0.06594,0.06603,93135
1772845200000,0.06603,0.06603,0.06575,0.06575,217592
1772846100000,0.06575,0.0658,0.06575,0.06577,11356
1772847000000,0.06577,0.06585,0.06577,0.06584,27048
1772847900000,0.06584,0.06591,0.0658,0.0658,7657
1772848800000,0.0658,0.06589,0.06578,0.06584,33899
1772849700000,0.06584,0.06612,0.06582,0.06591,184167
1772850600000,0.06591,0.06614,0.06578,0.06614,439510
1772851500000,0.06614,0.06624,0.06608,0.06622,111439
1772852400000,0.06622,0.06664,0.06617,0.06664,330513
1772853300000,0.06664,0.0667,0.06637,0.06637,435664
1772854200000,0.06637,0.06642,0.06623,0.06638,540191
1772855100000,0.06638,0.06649,0.06638,0.0664,118499
1772856000000,0.0664,0.0664,0.0658,0.06589,838576
1772856900000,0.06589,0.06603,0.06589,0.06603,50546
1772857800000,0.06603,0.06633,0.06603,0.06621,114859
1772858700000,0.06621,0.06626,0.06601,0.06601,115026
1772859600000,0.06601,0.06601,0.06584,0.06587,149183
1772860500000,0.06587,0.06616,0.06587,0.06616,387072
1772861400000,0.06616,0.06616,0.06595,0.06604,39534
1772862300000,0.06604,0.06619,0.06604,0.06619,117642
1772863200000,0.06619,0.06619,0.06594,0.06594,71295
1772864100000,0.06594,0.06596,0.06581,0.06583,25315
1772865000000,0.06583,0.06589,0.06571,0.06576,114006
1772865900000,0.06576,0.0658,0.06561,0.06564,206866
1772866800000,0.06564,0.06576,0.06547,0.06574,344439
1772867700000,0.06574,0.06574,0.06564,0.06567,32728
1772868600000,0.06567,0.06581,0.06567,0.06581,55532
1772869500000,0.06581,0.06594,0.06581,0.06591,45104
1772870400000,0.06591,0.06591,0.06581,0.06588,332312
1772871300000,0.06588,0.06592,0.06581,0.06586,62526
1772872200000,0.06586,0.06591,0.06576,0.06582,131780
1772873100000,0.06582,0.06582,0.06542,0.06546,729605
1772874000000,0.06546,0.06554,0.0653,0.06554,1030361
1772874900000,0.06554,0.0657,0.06554,0.06559,138390
1772875800000,0.06559,0.06579,0.06559,0.06579,230701
1772876700000,0.06579,0.06591,0.06579,0.06589,107534
1772877600000,0.06589,0.06614,0.06583,0.06601,127530
1772878500000,0.06601,0.06602,0.06589,0.06591,246730
1772879400000,0.06591,0.06599,0.06587,0.06598,39336
1772880300000,0.06598,0.06599,0.06582,0.06585,126144
1772881200000,0.06585,0.06594,0.06559,0.06593,282966
1772882100000,0.06593,0.06593,0.06581,0.06585,225489
1772883000000,0.06585,0.06585,0.0657,0.06574,106401
1772883900000,0.06574,0.06579,0.06569,0.06572,9753
1772884800000,0.06572,0.06572,0.06555,0.0656,290228
1772885700000,0.0656,0.06574,0.06559,0.06568,26862
1772886600000,0.06568,0.06571,0.06555,0.06556,26554
1772887500000,0.06556,0.06557,0.06543,0.06554,56480
1772888400000,0.06554,0.0656,0.06542,0.06549,117703
1772889300000,0.06549,0.06566,0.06546,0.06562,459830
1772890200000,0.06562,0.06584,0.06561,0.06578,199766
1772891100000,0.06578,0.06578,0.06564,0.06567,28175
1772892000000,0.06567,0.06569,0.06509,0.0654,1889659
1772892900000,0.0654,0.06546,0.06533,0.06545,455398
1772893800000,0.06545,0.06587,0.06542,0.06566,425421
1772894700000,0.06566,0.06566,0.06535,0.06541,351928
1772895600000,0.06541,0.06541,0.06525,0.06534,223508
1772896500000,0.06534,0.06539,0.06513,0.06516,513359
1772897400000,0.06516,0.06524,0.06481,0.06502,1159817
1772898300000,0.06502,0.06517,0.06495,0.06517,436337
1772899200000,0.06517,0.06524,0.06509,0.06523,180777
1772900100000,0.06523,0.06523,0.065,0.06505,149934
1772901000000,0.06505,0.0651,0.06493,0.06498,45777
1772901900000,0.06498,0.0652,0.06496,0.0652,53806
1772902800000,0.0652,0.06536,0.06518,0.06532,83633
1772903700000,0.06532,0.06541,0.06524,0.06531,334305
1772904600000,0.06531,0.06537,0.06531,0.06536,255852
1772905500000,0.06536,0.06538,0.06523,0.06524,253099
1772906400000,0.06524,0.06541,0.06484,0.06491,2613596
1772907300000,0.06491,0.06495,0.06476,0.06495,380478
1772908200000,0.06495,0.06495,0.06485,0.06494,75934
1772909100000,0.06494,0.06495,0.0649,0.06492,109211
1772910000000,0.06492,0.06492,0.06475,0.06478,451863
1772910900000,0.06478,0.06483,0.06462,0.06471,239120
1772911800000,0.06471,0.06492,0.06471,0.06492,100505
1772912700000,0.06492,0.06492,0.0645,0.06471,1007171
1772913600000,0.06471,0.06491,0.06471,0.06488,206898
1772914500000,0.06488,0.06489,0.06473,0.06477,105047
1772915400000,0.06477,0.06497,0.06468,0.06497,121835
1772916300000,0.06497,0.06497,0.06459,0.06467,277763
1772917200000,0.06467,0.06484,0.06466,0.06474,58132
1772918100000,0.06474,0.06485,0.06468,0.06484,37142
1772919000000,0.06484,0.06484,0.06453,0.06466,157596
1772919900000,0.06466,0.06473,0.06457,0.06473,85695
1772920800000,0.06473,0.06473,0.06438,0.06442,868415
1772921700000,0.06442,0.06443,0.06403,0.06426,1558518
1772922600000,0.06426,0.06431,0.06406,0.06431,367521
1772923500000,0.06431,0.06435,0.06411,0.06417,130965
1772924400000,0.06417,0.06427,0.06414,0.06423,116787
1772925300000,0.06423,0.06438,0.06423,0.06437,69826
1772926200000,0.06437,0.06451,0.06437,0.06442,897467
1772927100000,0.06442,0.06464,0.06442,0.06462,127170
1772928000000,0.06462,0.06484,0.06459,0.06484,36768
1772928900000,0.06484,0.06484,0.06447,0.06447,226511
1772929800000,0.06447,0.06447,0.06415,0.06423,525431
1772930700000,0.06423,0.06424,0.06405,0.06419,151862
1772931600000,0.06419,0.06421,0.06401,0.06419,283842
1772932500000,0.06419,0.06431,0.06419,0.06423,73730
1772933400000,0.06423,0.0644,0.06409,0.0644,389499
1772934300000,0.0644,0.06456,0.0644,0.06451,228353
1772935200000,0.06451,0.06452,0.06426,0.06434,100487
1772936100000,0.06434,0.0644,0.06418,0.06419,61474
1772937000000,0.06419,0.06445,0.06401,0.06445,721998
1772937900000,0.06445,0.06445,0.06368,0.06378,1295953
1772938800000,0.06378,0.06385,0.06372,0.06384,237789
1772939700000,0.06384,0.06411,0.06384,0.06409,38604
1772940600000,0.06409,0.06411,0.06395,0.06401,225754
1772941500000,0.06401,0.06406,0.06395,0.06395,105695
1772942400000,0.06395,0.06399,0.06368,0.06372,207367
1772943300000,0.06372,0.0638,0.06372,0.06376,21581
1772944200000,0.06376,0.06376,0.0636,0.06364,118668
1772945100000,0.06364,0.06364,0.06337,0.06362,670909
1772946000000,0.06362,0.06387,0.06362,0.06387,208369
1772946900000,0.06387,0.06412,0.06382,0.06404,297271
1772947800000,0.06404,0.06409,0.06397,0.06403,163222
1772948700000,0.06403,0.06414,0.06389,0.06392,346154
1772949600000,0.06392,0.06393,0.06365,0.06365,127228
1772950500000,0.06365,0.06365,0.06345,0.06346,142533
1772951400000,0.06346,0.06364,0.06342,0.0636,112291
1772952300000,0.0636,0.06378,0.0636,0.06368,486444
1772953200000,0.06368,0.06403,0.06357,0.06403,419162
1772954100000,0.06403,0.0642,0.06397,0.06411,179421
1772955000000,0.06411,0.06415,0.06408,0.06415,79782
1772955900000,0.06415,0.06415,0.064,0.06406,166034
1772956800000,0.06406,0.06406,0.06361,0.06361,221315
1772957700000,0.06361,0.06361,0.06328,0.06356,842467
1772958600000,0.06356,0.06405,0.06356,0.06405,220551
1772959500000,0.06405,0.06408,0.06392,0.06408,56772
1772960400000,0.06408,0.06425,0.06396,0.06425,77843
1772961300000,0.06425,0.0646,0.06425,0.06453,153185
1772962200000,0.06453,0.06457,0.06446,0.06457,486415
1772963100000,0.06457,0.06461,0.06443,0.06443,136812
1772964000000,0.06443,0.06484,0.06442,0.06466,1245408
1772964900000,0.06466,0.06522,0.06466,0.06499,528141
1772965800000,0.06499,0.06502,0.06471,0.06471,75614
1772966700000,0.06471,0.06484,0.06468,0.0648,159251
1772967600000,0.0648,0.0648,0.06407,0.06428,979854
1772968500000,0.06428,0.06451,0.06428,0.06446,60263
1772969400000,0.06446,0.06463,0.06416,0.06426,182967
1772970300000,0.06426,0.06443,0.06421,0.06439,118636
1772971200000,0.06439,0.06441,0.06376,0.06381,257209
1772972100000,0.06381,0.06453,0.06361,0.06452,278878
1772973000000,0.06452,0.06473,0.06441,0.06445,595509
1772973900000,0.06445,0.06445,0.06423,0.06424,134664
1772974800000,0.06424,0.06426,0.06363,0.06364,377067
1772975700000,0.06364,0.06386,0.06343,0.06381,726341
1772976600000,0.06381,0.06385,0.06359,0.06383,94368
1772977500000,0.06383,0.06418,0.06382,0.06408,257667
1772978400000,0.06408,0.06414,0.06391,0.06395,80529
1772979300000,0.06395,0.0641,0.06371,0.06371,118315
1772980200000,0.06371,0.064,0.06363,0.06364,70280
1772981100000,0.06364,0.06377,0.0636,0.06368,72073
1772982000000,0.06368,0.06369,0.06345,0.06352,300056
1772982900000,0.06352,0.06352,0.06318,0.06329,200624
1772983800000,0.06329,0.06339,0.06324,0.06326,460841
1772984700000,0.06326,0.06342,0.06315,0.06335,239699
1772985600000,0.06335,0.06344,0.06305,0.06313,476445
1772986500000,0.06313,0.06327,0.06298,0.06317,648982
1772987400000,0.06317,0.0633,0.06293,0.0633,911800
1772988300000,0.0633,0.0633,0.06309,0.06327,689783
1772989200000,0.06327,0.06366,0.06324,0.06335,1274436
1772990100000,0.06335,0.06347,0.06327,0.06328,388024
1772991000000,0.06328,0.06345,0.06322,0.06327,618387
1772991900000,0.06327,0.0634,0.06314,0.06322,370887
1772992800000,0.06322,0.06328,0.06267,0.06279,3581462
1772993700000,0.06279,0.06305,0.06272,0.06299,458246
1772994600000,0.06299,0.06314,0.0629,0.06294,606723
1772995500000,0.06294,0.06308,0.06291,0.06308,329506
1772996400000,0.06308,0.06357,0.06302,0.06348,875372
1772997300000,0.06348,0.06403,0.06347,0.06387,851670
1772998200000,0.06387,0.06393,0.06371,0.06391,793220
1772999100000,0.06391,0.06404,0.06373,0.06383,481191
1773000000000,0.06383,0.06387,0.06356,0.06357,666448
1773000900000,0.06357,0.06371,0.06341,0.0635,549419
1773001800000,0.0635,0.06406,0.06349,0.06386,879237
1773002700000,0.06386,0.06386,0.06356,0.06356,537554
1773003600000,0.06356,0.06358,0.06316,0.06327,1421866
1773004500000,0.06327,0.06348,0.06325,0.06345,598542
1773005400000,0.06345,0.06357,0.0634,0.06349,169210
1773006300000,0.06349,0.06359,0.0634,0.06351,267210
1773007200000,0.06351,0.06352,0.06229,0.06284,3593187
1773008100000,0.06284,0.06301,0.06218,0.06286,3890547
1773009000000,0.06286,0.06331,0.06248,0.06298,1820785
1773009900000,0.06298,0.06332,0.06297,0.06313,1190610
1773010800000,0.06313,0.06339,0.06298,0.06317,1595018
1773011700000,0.06317,0.06331,0.06303,0.06318,761073
1773012600000,0.06318,0.06323,0.06266,0.06275,699100
1773013500000,0.06275,0.0629,0.06258,0.06273,1971557
1773014400000,0.06273,0.06292,0.06265,0.06285,1383071
1773015300000,0.06285,0.0629,0.06208,0.06253,1235052
1773016200000,0.06253,0.0632,0.06253,0.06275,281348
1773017100000,0.06275,0.06303,0.06275,0.06289,128768
1773018000000,0.06289,0.06292,0.06241,0.06281,354503
1773018900000,0.06281,0.0634,0.06279,0.06324,391151
1773019800000,0.06324,0.06359,0.0631,0.0635,630606
1773020700000,0.0635,0.06352,0.06283,0.06286,261584
1773021600000,0.06286,0.06319,0.06264,0.06299,112219
1773022500000,0.06299,0.06299,0.06268,0.06272,184090
1773023400000,0.06272,0.0634,0.06262,0.06335,252630
1773024300000,0.06335,0.06348,0.06311,0.06311,335434
1773025200000,0.06311,0.06395,0.06303,0.06373,1670640
1773026100000,0.06373,0.064,0.06329,0.06341,730069
1773027000000,0.06341,0.06343,0.06276,0.06279,179723
1773027900000,0.06279,0.06295,0.06268,0.06295,127229
1773028800000,0.06295,0.06312,0.06289,0.06305,56276
1773029700000,0.06305,0.0635,0.06301,0.06346,136434
1773030600000,0.06346,0.06346,0.06319,0.06325,59975
1773031500000,0.06325,0.06336,0.06291,0.06294,258274
1773032400000,0.06294,0.06302,0.06274,0.06281,219656
1773033300000,0.06281,0.06335,0.06281,0.06326,88300
1773034200000,0.06326,0.06373,0.06311,0.06351,688602
1773035100000,0.06351,0.06391,0.06351,0.06368,390631
1773036000000,0.06368,0.06379,0.06359,0.06367,424719
1773036900000,0.06367,0.06376,0.06355,0.06368,95666
1773037800000,0.06368,0.06368,0.06319,0.06321,100688
1773038700000,0.06321,0.06321,0.06287,0.06289,231885
1773039600000,0.06289,0.06289,0.06254,0.06258,272663
1773040500000,0.06258,0.06266,0.06213,0.06233,322989
1773041400000,0.06233,0.06253,0.06229,0.06249,432488
1773042300000,0.06249,0.06254,0.06228,0.06239,130284
1773043200000,0.06239,0.06256,0.06222,0.0624,446312
1773044100000,0.0624,0.06276,0.0622,0.0627,317735
1773045000000,0.0627,0.06274,0.06245,0.06254,288029
1773045900000,0.06254,0.06273,0.06248,0.06261,185515
1773046800000,0.06261,0.06265,0.06225,0.06265,478740
1773047700000,0.06265,0.06283,0.06263,0.06267,820510
1773048600000,0.06267,0.06322,0.06246,0.06314,626138
1773049500000,0.06314,0.06322,0.06263,0.06268,332184
1773050400000,0.06268,0.06283,0.06264,0.06272,276953
1773051300000,0.06272,0.06273,0.06256,0.06266,108151
1773052200000,0.06266,0.06266,0.06219,0.06226,623646
1773053100000,0.06226,0.06232,0.06216,0.06229,103227
1773054000000,0.06229,0.06243,0.06223,0.06229,1734364
1773054900000,0.06229,0.06229,0.06174,0.06181,1344181
1773055800000,0.06181,0.06208,0.06181,0.06204,464584
1773056700000,0.06204,0.06211,0.06145,0.06155,2326455
1773057600000,0.06155,0.06175,0.06137,0.06175,1193324
1773058500000,0.06175,0.06183,0.06164,0.0618,522522
1773059400000,0.0618,0.06196,0.06151,0.06167,1727770
1773060300000,0.06167,0.0617,0.06152,0.06163,248053
1773061200000,0.06163,0.06212,0.06161,0.06201,423036
1773062100000,0.06201,0.06204,0.06144,0.06196,623215
1773063000000,0.06196,0.06209,0.06145,0.06195,788211
1773063900000,0.06195,0.0623,0.06173,0.06204,1135117
1773064800000,0.06204,0.06223,0.06167,0.06186,795122
1773065700000,0.06186,0.06246,0.06186,0.06225,846555
1773066600000,0.06225,0.0626,0.06224,0.06238,4111536
1773067500000,0.06238,0.06245,0.06203,0.06227,693207
1773068400000,0.06227,0.06238,0.06154,0.0617,2253756
1773069300000,0.0617,0.06172,0.06117,0.06155,1779232
1773070200000,0.06155,0.06175,0.06131,0.06153,591108
1773071100000,0.06153,0.06186,0.0615,0.06159,1151416
1773072000000,0.06159,0.06194,0.06143,0.06175,1396170
1773072900000,0.06175,0.06227,0.06162,0.06186,1008859
1773073800000,0.06186,0.06186,0.06135,0.06148,519050
1773074700000,0.06148,0.06158,0.06109,0.06149,770472
1773075600000,0.06149,0.06226,0.06149,0.06216,2097202
1773076500000,0.06216,0.06239,0.06189,0.06193,1114862
1773077400000,0.06193,0.06225,0.06191,0.06194,641804
1773078300000,0.06194,0.06205,0.06164,0.06167,592170
1773079200000,0.06167,0.0618,0.06132,0.06154,885361
1773080100000,0.06154,0.06166,0.06143,0.06166,817931
1773081000000,0.06166,0.06193,0.06166,0.06177,563802
1773081900000,0.06177,0.06188,0.06161,0.06187,510520
1773082800000,0.06187,0.06213,0.06179,0.06187,1607144
1773083700000,0.06187,0.06322,0.06184,0.06322,2216502
1773084600000,0.06322,0.06349,0.06265,0.06269,1321927
1773085500000,0.06269,0.06283,0.06237,0.06283,376703
1773086400000,0.06283,0.06294,0.06265,0.06278,520231
1773087300000,0.06278,0.06306,0.06253,0.06269,1330362
1773088200000,0.06269,0.06278,0.0625,0.06271,334735
1773089100000,0.06271,0.06336,0.0626,0.06318,395192
1773090000000,0.06318,0.06416,0.06314,0.06414,1310807
1773090900000,0.06414,0.06442,0.06391,0.06403,617178
1773091800000,0.06403,0.06533,0.06397,0.06491,4093571
1773092700000,0.06491,0.0653,0.06485,0.06503,372611
1773093600000,0.06503,0.0651,0.06431,0.06465,1050498
1773094500000,0.06465,0.06515,0.06465,0.06497,147607
1773095400000,0.06497,0.06497,0.06435,0.06456,218949
1773096300000,0.06456,0.06456,0.06354,0.06359,1044275
1773097200000,0.06359,0.06411,0.06352,0.06406,638838
1773098100000,0.06406,0.06417,0.0637,0.06397,189613
1773099000000,0.06397,0.0641,0.06381,0.06404,218114
1773099900000,0.06404,0.06404,0.06366,0.06403,159013
1773100800000,0.06403,0.06458,0.06398,0.06431,1380982
1773101700000,0.06431,0.06541,0.06429,0.06534,1220471
1773102600000,0.06534,0.06547,0.06475,0.06503,1118230
1773103500000,0.06503,0.06548,0.06491,0.0653,654638
1773104400000,0.0653,0.06563,0.06506,0.06553,449793
1773105300000,0.06553,0.06555,0.06502,0.06516,174408
1773106200000,0.06516,0.06519,0.06479,0.06485,841101
1773107100000,0.06485,0.06551,0.06478,0.06534,410775
1773108000000,0.06534,0.0656,0.06516,0.06555,400248
1773108900000,0.06555,0.0661,0.06548,0.06604,774990
1773109800000,0.06604,0.06656,0.06581,0.06635,2280956
1773110700000,0.06635,0.06648,0.06596,0.0661,520282
1773111600000,0.0661,0.06634,0.06599,0.06632,290214
1773112500000,0.06632,0.06635,0.06617,0.06632,201609
1773113400000,0.06632,0.06636,0.06589,0.06593,338071
1773114300000,0.06593,0.06595,0.06538,0.06553,741109
1773115200000,0.06553,0.06559,0.06523,0.0653,499162
1773116100000,0.0653,0.06535,0.06495,0.06531,567333
1773117000000,0.06531,0.06532,0.06513,0.06524,150749
1773117900000,0.06524,0.06563,0.06511,0.06555,616398
1773118800000,0.06555,0.06585,0.06547,0.0656,153097
1773119700000,0.0656,0.0656,0.06521,0.06522,243009
1773120600000,0.06522,0.06526,0.06508,0.06525,161002
1773121500000,0.06525,0.06526,0.06515,0.06515,327824
1773122400000,0.06515,0.06515,0.06475,0.06483,800893
1773123300000,0.06483,0.06483,0.06441,0.06451,608169
1773124200000,0.06451,0.06453,0.06432,0.06443,189260
1773125100000,0.06443,0.06458,0.06429,0.06454,693553
1773126000000,0.06454,0.06463,0.0644,0.06454,569647
1773126900000,0.06454,0.06454,0.0644,0.06443,78735
1773127800000,0.06443,0.06457,0.06443,0.0645,156667
1773128700000,0.0645,0.0646,0.06439,0.06442,132562
1773129600000,0.06442,0.06539,0.06442,0.06532,430592
1773130500000,0.06532,0.06542,0.0646,0.06468,1351530
1773131400000,0.06468,0.06546,0.06467,0.06542,980075
1773132300000,0.06542,0.06542,0.06492,0.06501,670146
1773133200000,0.06501,0.06527,0.06501,0.06524,316206
1773134100000,0.06524,0.06588,0.06524,0.06585,438709
1773135000000,0.06585,0.06586,0.06566,0.06566,204734
1773135900000,0.06566,0.06566,0.06551,0.06557,106570
1773136800000,0.06557,0.0657,0.0655,0.06564,220798
1773137700000,0.06564,0.06567,0.06545,0.06562,198099
1773138600000,0.06562,0.06581,0.06557,0.06561,244405
1773139500000,0.06561,0.06593,0.06553,0.06565,247281
1773140400000,0.06565,0.06565,0.06524,0.06542,217256
1773141300000,0.06542,0.06562,0.06542,0.06542,110190
1773142200000,0.06542,0.06564,0.06542,0.06558,71519
1773143100000,0.06558,0.06573,0.0654,0.06561,403431
1773144000000,0.06561,0.06575,0.0653,0.06539,184908
1773144900000,0.06539,0.06539,0.06502,0.06503,578800
1773145800000,0.06503,0.06504,0.06474,0.06477,786444
1773146700000,0.06477,0.06483,0.06461,0.06468,920687
1773147600000,0.06468,0.06515,0.06468,0.06504,555405
1773148500000,0.06504,0.06557,0.06502,0.0654,535862
1773149400000,0.0654,0.06543,0.06452,0.06489,1783258
1773150300000,0.06489,0.06541,0.06473,0.06516,776407
1773151200000,0.06516,0.06517,0.0642,0.06422,1451296
1773152100000,0.06422,0.06466,0.06405,0.06455,1389489
1773153000000,0.06455,0.06529,0.06439,0.06515,2127019
1773153900000,0.06515,0.06611,0.06511,0.06607,942711
1773154800000,0.06607,0.06634,0.06567,0.06579,1950424
1773155700000,0.06579,0.06579,0.06537,0.06548,125953
1773156600000,0.06548,0.06581,0.06531,0.06564,839951
1773157500000,0.06564,0.06599,0.06542,0.06599,427649
1773158400000,0.06599,0.06616,0.06581,0.06597,478650
1773159300000,0.06597,0.06649,0.06597,0.06622,2282829
1773160200000,0.06622,0.06654,0.06622,0.06653,520338
1773161100000,0.06653,0.06672,0.06628,0.06638,480840
1773162000000,0.06638,0.06653,0.06618,0.06623,847027
1773162900000,0.06623,0.06638,0.0658,0.06599,1043043
1773163800000,0.06599,0.06633,0.06557,0.06573,974517
1773164700000,0.06573,0.06597,0.06552,0.06574,937259
1773165600000,0.06574,0.06578,0.06512,0.06513,403006
1773166500000,0.06513,0.06528,0.06476,0.06519,2983661
1773167400000,0.06519,0.06534,0.06479,0.06487,576444
1773168300000,0.06487,0.06493,0.06459,0.06481,530033
1773169200000,0.06481,0.06524,0.06479,0.06499,359435
1773170100000,0.06499,0.06514,0.06459,0.06472,318503
1773171000000,0.06472,0.0651,0.06461,0.06502,139749
1773171900000,0.06502,0.06506,0.06474,0.06488,218679
1773172800000,0.06488,0.06527,0.06485,0.06499,856264
1773173700000,0.06499,0.06511,0.06487,0.06511,87085
1773174600000,0.06511,0.06519,0.06484,0.06496,538609
1773175500000,0.06496,0.06497,0.06482,0.06483,96058
1773176400000,0.06483,0.06496,0.06462,0.06462,132608
1773177300000,0.06462,0.06467,0.0645,0.06458,691106
1773178200000,0.06458,0.06465,0.06427,0.06432,1474305
1773179100000,0.06432,0.06434,0.06406,0.06416,803316
1773180000000,0.06416,0.06429,0.06385,0.06398,609647
1773180900000,0.06398,0.0643,0.06391,0.06425,69983
1773181800000,0.06425,0.06425,0.06392,0.064,370413
1773182700000,0.064,0.06406,0.06374,0.06376,612883
1773183600000,0.06376,0.064,0.06371,0.06374,733931
1773184500000,0.06374,0.06385,0.06373,0.06383,357848
1773185400000,0.06383,0.06389,0.06373,0.06373,90929
1773186300000,0.06373,0.06373,0.06351,0.06368,163341
1773187200000,0.06368,0.06377,0.06347,0.06362,589505
1773188100000,0.06362,0.06384,0.06362,0.06383,435987
1773189000000,0.06383,0.0639,0.06336,0.06336,583665
1773189900000,0.06336,0.06371,0.06332,0.06358,427800
1773190800000,0.06358,0.06365,0.06311,0.06314,823550
1773191700000,0.06314,0.06344,0.06284,0.06344,1656331
1773192600000,0.06344,0.06344,0.06267,0.06272,1213816
1773193500000,0.06272,0.06302,0.06258,0.06292,1353444
1773194400000,0.06292,0.06298,0.06253,0.06253,867152
1773195300000,0.06253,0.06261,0.06218,0.06235,2259803
1773196200000,0.06235,0.06247,0.06215,0.06218,621224
1773197100000,0.06218,0.06243,0.06195,0.06243,1630183
1773198000000,0.06243,0.06256,0.06226,0.06231,354736
1773198900000,0.06231,0.0625,0.06223,0.06224,571508
1773199800000,0.06224,0.06271,0.06224,0.06262,279088
1773200700000,0.06262,0.06278,0.06252,0.06271,356932
1773201600000,0.06271,0.06274,0.06257,0.06258,130857
1773202500000,0.06258,0.06309,0.06247,0.063,484858
1773203400000,0.063,0.06322,0.063,0.06316,753769
1773204300000,0.06316,0.06317,0.0627,0.06302,697053
1773205200000,0.06302,0.06309,0.0627,0.06284,308231
1773206100000,0.06284,0.06284,0.06254,0.06254,166499
1773207000000,0.06254,0.06254,0.06205,0.06218,1779261
1773207900000,0.06218,0.06232,0.06212,0.06223,1008755
1773208800000,0.06223,0.06233,0.06207,0.0623,1081259
1773209700000,0.0623,0.0623,0.06209,0.06221,307363
1773210600000,0.06221,0.0624,0.06217,0.06218,847280
1773211500000,0.06218,0.06245,0.06212,0.06229,119469
1773212400000,0.06229,0.06232,0.06219,0.06219,196851
1773213300000,0.06219,0.06232,0.06214,0.06228,243792
1773214200000,0.06228,0.06231,0.06187,0.06199,1573571
1773215100000,0.06199,0.06217,0.06199,0.06211,343007
1773216000000,0.06211,0.06211,0.06192,0.06205,713392
1773216900000,0.06205,0.0622,0.06184,0.06192,823925
1773217800000,0.06192,0.06206,0.06187,0.06198,228451
1773218700000,0.06198,0.06198,0.06178,0.06193,506757
1773219600000,0.06193,0.06203,0.06186,0.06197,305080
1773220500000,0.06197,0.06215,0.06197,0.0621,363245
1773221400000,0.0621,0.06226,0.06203,0.0622,523714
1773222300000,0.0622,0.06234,0.06215,0.06234,479866
1773223200000,0.06234,0.06254,0.06227,0.06235,1350264
1773224100000,0.06235,0.06383,0.06228,0.06356,9390776
1773225000000,0.06356,0.06411,0.06343,0.06402,3752140
1773225900000,0.06402,0.06404,0.06206,0.06246,4662869
1773226800000,0.06246,0.06278,0.06226,0.06254,1028792
1773227700000,0.06254,0.06258,0.06236,0.0624,236982
1773228600000,0.0624,0.06252,0.06206,0.06214,664181
1773229500000,0.06214,0.0623,0.06198,0.06212,1865418
1773230400000,0.06212,0.06229,0.06196,0.06225,630359
1773231300000,0.06225,0.06235,0.0621,0.06233,622407
1773232200000,0.06233,0.0627,0.06225,0.06255,2827667
1773233100000,0.06255,0.06269,0.0625,0.06263,392074
1773234000000,0.06263,0.06319,0.06261,0.06318,510880
1773234900000,0.06318,0.06346,0.06301,0.06307,894234
1773235800000,0.06307,0.06378,0.06306,0.06307,1184677
1773236700000,0.06307,0.06309,0.06216,0.0626,3636489
1773237600000,0.0626,0.06309,0.06252,0.06276,1499053
1773238500000,0.06276,0.06319,0.06273,0.06318,456331
1773239400000,0.06318,0.06348,0.06289,0.0634,583924
1773240300000,0.0634,0.0635,0.06293,0.06295,210143
1773241200000,0.06295,0.06302,0.06218,0.06238,723200
1773242100000,0.06238,0.06261,0.06223,0.06238,514244
1773243000000,0.06238,0.06238,0.06165,0.06188,1875547
1773243900000,0.06188,0.06217,0.06169,0.06208,307050
1773244800000,0.06208,0.06224,0.06192,0.06218,677384
1773245700000,0.06218,0.06253,0.06216,0.06246,417355
1773246600000,0.06246,0.06314,0.06234,0.06312,1642427
1773247500000,0.06312,0.06337,0.0629,0.06306,930495
1773248400000,0.06306,0.06358,0.0628,0.06287,1079162
1773249300000,0.06287,0.06319,0.06284,0.06303,362920
1773250200000,0.06303,0.06306,0.06204,0.06238,2700363
1773251100000,0.06238,0.0626,0.06233,0.06258,282161
1773252000000,0.06258,0.06281,0.06257,0.06281,664562
1773252900000,0.06281,0.06302,0.06267,0.06274,656636
1773253800000,0.06274,0.06293,0.06261,0.06278,266160
1773254700000,0.06278,0.06314,0.06273,0.06312,184298
1773255600000,0.06312,0.06312,0.06284,0.063,257654
1773256500000,0.063,0.06306,0.06287,0.06295,217012
1773257400000,0.06295,0.06317,0.06277,0.06314,430140
1773258300000,0.06314,0.06315,0.06283,0.06289,461338
1773259200000,0.06289,0.06301,0.06259,0.06271,835372
1773260100000,0.06271,0.06287,0.06268,0.06268,146016
1773261000000,0.06268,0.06276,0.06256,0.06264,244919
1773261900000,0.06264,0.06291,0.06252,0.06285,487525
1773262800000,0.06285,0.06319,0.06269,0.063,1264653
1773263700000,0.063,0.06315,0.06293,0.06298,161895
1773264600000,0.06298,0.06326,0.06298,0.0631,412131
1773265500000,0.0631,0.06334,0.06305,0.06313,516762
1773266400000,0.06313,0.06328,0.06278,0.0631,808797
1773267300000,0.0631,0.0631,0.06276,0.06276,109668
1773268200000,0.06276,0.06286,0.06265,0.06265,482554
1773269100000,0.06265,0.06282,0.06253,0.06273,495120
1773270000000,0.06273,0.06314,0.06273,0.063,1582277
1773270900000,0.063,0.06305,0.06281,0.06288,211246
1773271800000,0.06288,0.06293,0.06269,0.06269,309946
1773272700000,0.06269,0.06284,0.06257,0.06277,245841
1773273600000,0.06277,0.0629,0.06266,0.0627,86522
1773274500000,0.0627,0.06298,0.06256,0.06292,613824
1773275400000,0.06292,0.06322,0.06288,0.06309,257229
1773276300000,0.06309,0.06334,0.06309,0.06319,1261345
1773277200000,0.06319,0.06324,0.06271,0.06288,872073
1773278100000,0.06288,0.06301,0.06281,0.06282,41930
1773279000000,0.06282,0.06282,0.06243,0.06259,460606
1773279900000,0.06259,0.06274,0.06258,0.06273,152442
1773280800000,0.06273,0.06341,0.06259,0.06334,1078848
1773281700000,0.06334,0.06334,0.06287,0.06289,591482
1773282600000,0.06289,0.06289,0.0626,0.06272,237473
1773283500000,0.06272,0.06282,0.06225,0.06225,810017
1773284400000,0.06225,0.06242,0.06223,0.0624,3091365
1773285300000,0.0624,0.06274,0.06232,0.06238,1381065
1773286200000,0.06238,0.06272,0.06235,0.06246,142309
1773287100000,0.06246,0.06246,0.06212,0.06225,414002
1773288000000,0.06225,0.06235,0.06218,0.06228,157538
1773288900000,0.06228,0.06235,0.06208,0.06209,150106
1773289800000,0.06209,0.06209,0.0619,0.06202,818801
1773290700000,0.06202,0.06212,0.06198,0.06205,148185
1773291600000,0.06205,0.06222,0.06198,0.06209,71596
1773292500000,0.06209,0.06212,0.06181,0.06183,567840
1773293400000,0.06183,0.06201,0.06183,0.062,190723
1773294300000,0.062,0.06211,0.06189,0.06211,365054
1773295200000,0.06211,0.0623,0.06207,0.06229,38066
1773296100000,0.06229,0.06235,0.06217,0.06223,268722
1773297000000,0.06223,0.06246,0.06223,0.06246,112853
1773297900000,0.06246,0.06273,0.06246,0.06258,232739
1773298800000,0.06258,0.06265,0.06236,0.06252,314302
1773299700000,0.06252,0.06267,0.06249,0.06256,92435
1773300600000,0.06256,0.06291,0.06256,0.06276,128722
1773301500000,0.06276,0.06283,0.06268,0.06278,343877
1773302400000,0.06278,0.06282,0.06254,0.06267,322504
1773303300000,0.06267,0.06309,0.06265,0.06284,718794
1773304200000,0.06284,0.06297,0.06266,0.06271,66805
1773305100000,0.06271,0.06299,0.06271,0.06297,234176
1773306000000,0.06297,0.06298,0.06272,0.06276,97709
1773306900000,0.06276,0.06281,0.06261,0.06281,24928
1773307800000,0.06281,0.06309,0.06242,0.06305,212232
1773308700000,0.06305,0.06308,0.06276,0.06292,212629
1773309600000,0.06292,0.06308,0.0629,0.06296,602027
1773310500000,0.06296,0.06332,0.06296,0.06312,167039
1773311400000,0.06312,0.0633,0.06298,0.06324,253361
1773312300000,0.06324,0.06327,0.06307,0.06307,189222
1773313200000,0.06307,0.06321,0.06289,0.06313,123177
1773314100000,0.06313,0.06325,0.06293,0.06293,182865
1773315000000,0.06293,0.06319,0.06293,0.06299,691111
1773315900000,0.06299,0.06307,0.06277,0.06295,462622
1773316800000,0.06295,0.06321,0.06285,0.06321,171506
1773317700000,0.06321,0.06348,0.06319,0.06348,134285
1773318600000,0.06348,0.06348,0.06324,0.06334,230034
1773319500000,0.06334,0.06366,0.06334,0.06344,215939
1773320400000,0.06344,0.06373,0.06327,0.06361,852831
1773321300000,0.06361,0.06372,0.06338,0.06344,1296360
1773322200000,0.06344,0.0637,0.06301,0.06333,862000
1773323100000,0.06333,0.06333,0.06272,0.06305,381892
1773324000000,0.06305,0.06339,0.06305,0.06319,227259
1773324900000,0.06319,0.06347,0.06266,0.06271,654455
1773325800000,0.06271,0.06281,0.06222,0.06253,1411534
1773326700000,0.06253,0.06284,0.06249,0.06276,620810
1773327600000,0.06276,0.06295,0.06247,0.06277,245870
1773328500000,0.06277,0.06317,0.06256,0.06301,373514
1773329400000,0.06301,0.06326,0.06292,0.06304,320578
1773330300000,0.06304,0.06319,0.06281,0.06288,344853
1773331200000,0.06288,0.06288,0.06236,0.06261,392895
1773332100000,0.06261,0.06317,0.06261,0.0628,258284
1773333000000,0.0628,0.06307,0.0627,0.06305,52460
1773333900000,0.06305,0.06312,0.06287,0.06302,202546
1773334800000,0.06302,0.06324,0.06297,0.06319,182005
1773335700000,0.06319,0.06321,0.06285,0.06285,301577
1773336600000,0.06285,0.0632,0.06285,0.06303,73947
1773337500000,0.06303,0.06309,0.06276,0.06294,375717
1773338400000,0.06294,0.06343,0.06287,0.06308,826083
1773339300000,0.06308,0.06318,0.06283,0.06305,396340
1773340200000,0.06305,0.06321,0.06297,0.06311,250883
1773341100000,0.06311,0.06324,0.06306,0.06316,184143
1773342000000,0.06316,0.06334,0.06299,0.06304,78867
1773342900000,0.06304,0.06373,0.06304,0.06365,622618
1773343800000,0.06365,0.06388,0.06362,0.06378,416592
1773344700000,0.06378,0.06407,0.06371,0.06397,1194597
1773345600000,0.06397,0.06414,0.06382,0.06405,667036
1773346500000,0.06405,0.06421,0.06372,0.06409,391998
1773347400000,0.06409,0.06409,0.06368,0.06381,212823
1773348300000,0.06381,0.06381,0.0636,0.06374,287947
1773349200000,0.06374,0.0641,0.06374,0.06401,401716
1773350100000,0.06401,0.06418,0.06401,0.06414,107394
1773351000000,0.06414,0.06429,0.06406,0.06427,259692
1773351900000,0.06427,0.06462,0.06419,0.06457,573854
1773352800000,0.06457,0.06496,0.06449,0.06491,677378
1773353700000,0.06491,0.06498,0.06468,0.06477,488221
1773354600000,0.06477,0.065,0.06474,0.06495,599198
1773355500000,0.06495,0.06506,0.06463,0.06504,684025
1773356400000,0.06504,0.06583,0.06504,0.06573,1853821
1773357300000,0.06573,0.06588,0.06542,0.06566,595843
1773358200000,0.06566,0.06576,0.06531,0.06555,503179
1773359100000,0.06555,0.06577,0.0653,0.06572,710200
1773360000000,0.06572,0.06584,0.06533,0.06566,995761
1773360900000,0.06566,0.06655,0.06566,0.06646,1021444
1773361800000,0.06646,0.06683,0.06601,0.06601,1592755
1773362700000,0.06601,0.06601,0.0655,0.0657,878688
1773363600000,0.0657,0.06597,0.06548,0.06553,367098
1773364500000,0.06553,0.06612,0.06553,0.06567,267972
1773365400000,0.06567,0.06598,0.06549,0.06597,183686
1773366300000,0.06597,0.06599,0.06578,0.06596,328203
1773367200000,0.06596,0.066,0.0656,0.06566,193237
1773368100000,0.06566,0.06571,0.06544,0.06545,153544
1773369000000,0.06545,0.06548,0.06518,0.06525,375725
1773369900000,0.06525,0.06536,0.06507,0.06536,169956
1773370800000,0.06536,0.06577,0.06536,0.06566,485289
1773371700000,0.06566,0.0659,0.06564,0.06564,37892
1773372600000,0.06564,0.06583,0.06556,0.06556,267344
1773373500000,0.06556,0.06646,0.06544,0.06629,454216
1773374400000,0.06629,0.06658,0.06608,0.0664,309046
1773375300000,0.0664,0.06643,0.06618,0.06623,99354
1773376200000,0.06623,0.06633,0.06602,0.06614,260791
1773377100000,0.06614,0.06628,0.06612,0.06627,70676
1773378000000,0.06627,0.0664,0.0661,0.06615,144513
1773378900000,0.06615,0.0664,0.06614,0.06614,116019
1773379800000,0.06614,0.0664,0.06612,0.06636,288148
1773380700000,0.06636,0.06636,0.06606,0.0661,223498
1773381600000,0.0661,0.06643,0.06609,0.06627,158016
1773382500000,0.06627,0.06637,0.06604,0.06612,374501
1773383400000,0.06612,0.06622,0.06596,0.0661,339419
1773384300000,0.0661,0.06633,0.06591,0.0662,117321
1773385200000,0.0662,0.06667,0.06613,0.06657,309729
1773386100000,0.06657,0.06675,0.06652,0.06671,243436
1773387000000,0.06671,0.06687,0.06669,0.0668,425678
1773387900000,0.0668,0.06696,0.06668,0.06686,578321
1773388800000,0.06686,0.06704,0.06656,0.06673,418824
1773389700000,0.06673,0.06691,0.06655,0.06661,356158
1773390600000,0.06661,0.06709,0.06661,0.06689,551377
1773391500000,0.06689,0.06689,0.06652,0.06679,262272
1773392400000,0.06679,0.06699,0.06661,0.06686,220589
1773393300000,0.06686,0.06687,0.06652,0.06673,316874
1773394200000,0.06673,0.06696,0.0667,0.0669,357236
1773395100000,0.0669,0.0672,0.06689,0.0672,340813
1773396000000,0.0672,0.06769,0.0671,0.06731,1789452
1773396900000,0.06731,0.06748,0.06713,0.06724,389215
1773397800000,0.06724,0.06724,0.06696,0.06696,174090
1773398700000,0.06696,0.06733,0.0669,0.067,918641
1773399600000,0.067,0.067,0.06675,0.06676,203749
1773400500000,0.06676,0.06677,0.06658,0.06658,237144
1773401400000,0.06658,0.06669,0.06643,0.06666,922829
1773402300000,0.06666,0.06666,0.06642,0.06655,472473
1773403200000,0.06655,0.06687,0.0665,0.06683,898605
1773404100000,0.06683,0.06691,0.06662,0.06662,560517
1773405000000,0.06662,0.06686,0.06662,0.06681,270756
1773405900000,0.06681,0.06728,0.06681,0.06715,234154
1773406800000,0.06715,0.06721,0.06696,0.06714,342891
1773407700000,0.06714,0.06792,0.06705,0.0674,1966811
1773408600000,0.0674,0.06747,0.06705,0.06741,544832
1773409500000,0.06741,0.0676,0.0671,0.06737,394735
1773410400000,0.06737,0.06797,0.06721,0.06791,1827253
1773411300000,0.06791,0.069,0.06751,0.06765,9805040
1773412200000,0.06765,0.06773,0.06738,0.0674,763707
1773413100000,0.0674,0.06774,0.06733,0.06762,881627
1773414000000,0.06762,0.06811,0.06746,0.06794,1425729
1773414900000,0.06794,0.06818,0.06786,0.06788,559751
1773415800000,0.06788,0.06824,0.06737,0.06747,1636939
1773416700000,0.06747,0.06797,0.06743,0.06752,953499
1773417600000,0.06752,0.06799,0.06752,0.06787,720051
1773418500000,0.06787,0.06787,0.06714,0.06738,354335
1773419400000,0.06738,0.06776,0.06738,0.06769,226642
1773420300000,0.06769,0.06783,0.06758,0.06764,825326
1773421200000,0.06764,0.06783,0.06744,0.06778,99431
1773422100000,0.06778,0.06811,0.0673,0.06741,833893
1773423000000,0.06741,0.06757,0.06719,0.06741,441027
1773423900000,0.06741,0.06741,0.06672,0.06685,1085167
1773424800000,0.06685,0.06734,0.06685,0.06728,229712
1773425700000,0.06728,0.06728,0.06667,0.06693,295878
1773426600000,0.06693,0.06718,0.0669,0.067,420588
1773427500000,0.067,0.06704,0.06689,0.0669,183883
1773428400000,0.0669,0.06723,0.06685,0.06723,39841
1773429300000,0.06723,0.06732,0.06693,0.06693,59384
1773430200000,0.06693,0.06705,0.06688,0.06689,136052
1773431100000,0.06689,0.06702,0.06672,0.06676,450322
1773432000000,0.06676,0.06679,0.06663,0.06676,134519
1773432900000,0.06676,0.06688,0.06667,0.06668,138519
1773433800000,0.06668,0.06668,0.06629,0.06639,872821
1773434700000,0.06639,0.06664,0.06635,0.0666,151382
1773435600000,0.0666,0.06689,0.0666,0.06689,184393
1773436500000,0.06689,0.06689,0.0665,0.06651,55766
1773437400000,0.06651,0.06651,0.06611,0.0663,677161
1773438300000,0.0663,0.0665,0.0663,0.06643,86401
1773439200000,0.06643,0.06643,0.06583,0.06606,575191
1773440100000,0.06606,0.06606,0.06567,0.06575,475271
1773441000000,0.06575,0.06584,0.0656,0.06577,179657
1773441900000,0.06577,0.06591,0.06557,0.06591,378249
1773442800000,0.06591,0.06598,0.06585,0.06598,175612
1773443700000,0.06598,0.06618,0.06589,0.06612,235726
1773444600000,0.06612,0.06643,0.0661,0.06633,113740
1773445500000,0.06633,0.06642,0.06628,0.06628,110637
1773446400000,0.06628,0.06639,0.0661,0.06628,168101
1773447300000,0.06628,0.06667,0.06601,0.06657,308932
1773448200000,0.06657,0.06662,0.06598,0.06598,692818
1773449100000,0.06598,0.06616,0.06577,0.06577,461724
1773450000000,0.06577,0.06577,0.06555,0.0656,404168
1773450900000,0.0656,0.0661,0.0656,0.06609,576637
1773451800000,0.06609,0.06616,0.0657,0.06602,385788
1773452700000,0.06602,0.06616,0.06602,0.06613,118324
1773453600000,0.06613,0.06614,0.06594,0.06605,75139
1773454500000,0.06605,0.06606,0.06592,0.066,196873
1773455400000,0.066,0.06611,0.06582,0.06608,111974
1773456300000,0.06608,0.06651,0.06608,0.06631,526610
1773457200000,0.06631,0.0667,0.06628,0.06652,382441
1773458100000,0.06652,0.06657,0.0664,0.0665,110739
1773459000000,0.0665,0.06678,0.0665,0.0667,858224
1773459900000,0.0667,0.06705,0.06648,0.06692,2207091
1773460800000,0.06692,0.06727,0.06678,0.06705,1596018
1773461700000,0.06705,0.06706,0.06668,0.0669,250099
1773462600000,0.0669,0.06701,0.06676,0.06699,111923
1773463500000,0.06699,0.06705,0.06675,0.0669,847402
1773464400000,0.0669,0.06694,0.0666,0.06678,231164
1773465300000,0.06678,0.06694,0.06671,0.06676,786148
1773466200000,0.06676,0.06685,0.06642,0.06647,544309
1773467100000,0.06647,0.06655,0.06638,0.06646,39585
1773468000000,0.06646,0.06646,0.0661,0.06619,206245
1773468900000,0.06619,0.06621,0.06518,0.06553,3768663
1773469800000,0.06553,0.06562,0.06508,0.06527,636425
1773470700000,0.06527,0.06567,0.06525,0.06565,217450
1773471600000,0.06565,0.06584,0.06563,0.06584,89780
1773472500000,0.06584,0.06596,0.06583,0.06596,68019
1773473400000,0.06596,0.06596,0.06568,0.06576,111952
1773474300000,0.06576,0.06576,0.06563,0.06571,88817
1773475200000,0.06571,0.06589,0.06567,0.06589,52197
1773476100000,0.06589,0.06596,0.06575,0.06588,142230
1773477000000,0.06588,0.06594,0.06585,0.06585,24929
1773477900000,0.06585,0.06595,0.06585,0.06588,52382
1773478800000,0.06588,0.0661,0.06588,0.06608,66483
1773479700000,0.06608,0.06608,0.06587,0.06606,83723
1773480600000,0.06606,0.06611,0.06591,0.06605,545956
1773481500000,0.06605,0.06605,0.06567,0.06588,299298
1773482400000,0.06588,0.06598,0.06573,0.06574,177710
1773483300000,0.06574,0.06578,0.06559,0.06565,191350
1773484200000,0.06565,0.06567,0.06554,0.06562,147121
1773485100000,0.06562,0.06564,0.06555,0.0656,335005
1773486000000,0.0656,0.06604,0.0656,0.06592,53611
1773486900000,0.06592,0.06619,0.06592,0.06616,132485
1773487800000,0.06616,0.06638,0.06615,0.06631,84327
1773488700000,0.06631,0.0664,0.06612,0.06612,30470
1773489600000,0.06612,0.06612,0.06576,0.06585,199099
1773490500000,0.06585,0.06597,0.06582,0.06582,173146
1773491400000,0.06582,0.06586,0.0656,0.0656,189805
1773492300000,0.0656,0.0658,0.0656,0.0658,107757
1773493200000,0.0658,0.06582,0.06571,0.06578,145263
1773494100000,0.06578,0.06598,0.06578,0.06598,73634
1773495000000,0.06598,0.06625,0.06598,0.06616,744866
1773495900000,0.06616,0.06617,0.06604,0.06615,42943
1773496800000,0.06615,0.06637,0.06615,0.06619,115622
1773497700000,0.06619,0.06632,0.06619,0.06632,68320
1773498600000,0.06632,0.06637,0.0658,0.06581,546267
1773499500000,0.06581,0.06593,0.06581,0.06581,76090
1773500400000,0.06581,0.06598,0.06574,0.0659,77384
1773501300000,0.0659,0.0659,0.06576,0.06584,65417
1773502200000,0.06584,0.06588,0.06575,0.06586,69265
1773503100000,0.06586,0.06602,0.06586,0.06601,101854
1773504000000,0.06601,0.06601,0.06561,0.06581,513589
1773504900000,0.06581,0.06601,0.06581,0.06599,52868
1773505800000,0.06599,0.06614,0.06599,0.06613,54248
1773506700000,0.06613,0.06617,0.06607,0.06611,43381
1773507600000,0.06611,0.06611,0.066,0.06601,27714
1773508500000,0.06601,0.06601,0.06587,0.06592,42095
1773509400000,0.06592,0.06592,0.0657,0.06575,729560
1773510300000,0.06575,0.06578,0.06563,0.06572,113136
1773511200000,0.06572,0.06572,0.06556,0.06562,137317
1773512100000,0.06562,0.06562,0.06553,0.06555,44764
1773513000000,0.06555,0.06575,0.06555,0.06566,36797
1773513900000,0.06566,0.06577,0.06566,0.06576,112309
1773514800000,0.06576,0.0658,0.06559,0.06577,80192
1773515700000,0.06577,0.0658,0.06569,0.06569,348173
1773516600000,0.06569,0.06569,0.06561,0.06568,24631
1773517500000,0.06568,0.0657,0.06562,0.06562,27864
1773518400000,0.06562,0.0657,0.06557,0.06564,157747
1773519300000,0.06564,0.06566,0.06555,0.06557,55624
1773520200000,0.06557,0.06567,0.06555,0.06567,36784
1773521100000,0.06567,0.06569,0.06556,0.06561,105552
1773522000000,0.06561,0.06561,0.06542,0.06553,129558
1773522900000,0.06553,0.06559,0.06553,0.06556,5061
1773523800000,0.06556,0.06559,0.06537,0.06558,188765
1773524700000,0.06558,0.06589,0.06558,0.06578,171720
1773525600000,0.06578,0.06592,0.06571,0.06587,128484
1773526500000,0.06587,0.06593,0.06582,0.06592,161072
1773527400000,0.06592,0.06608,0.06592,0.06608,41454
1773528300000,0.06608,0.06608,0.06598,0.06603,83449
1773529200000,0.06603,0.06648,0.06601,0.06632,276169
1773530100000,0.06632,0.06633,0.06611,0.06628,25325
1773531000000,0.06628,0.06645,0.06628,0.06643,25315
1773531900000,0.06643,0.06652,0.06639,0.0665,91425
1773532800000,0.0665,0.06652,0.06624,0.06628,87061
1773533700000,0.06628,0.06628,0.06594,0.066,341205
1773534600000,0.066,0.066,0.06573,0.0659,168470
1773535500000,0.0659,0.0659,0.06576,0.06583,146759
1773536400000,0.06583,0.06593,0.06578,0.06593,60673
1773537300000,0.06593,0.06622,0.06593,0.06614,46122
1773538200000,0.06614,0.06647,0.06614,0.06642,180971
1773539100000,0.06642,0.06654,0.06639,0.06645,103009
1773540000000,0.06645,0.06676,0.06642,0.06662,82564
1773540900000,0.06662,0.06662,0.06647,0.0665,71218
1773541800000,0.0665,0.06664,0.06626,0.06661,141815
1773542700000,0.06661,0.06684,0.06661,0.06681,53185
1773543600000,0.06681,0.06684,0.06669,0.06682,36919
1773544500000,0.06682,0.06682,0.06646,0.06646,351044
1773545400000,0.06646,0.06646,0.06621,0.06626,283752
1773546300000,0.06626,0.06641,0.06619,0.0664,58873
1773547200000,0.0664,0.06652,0.06638,0.06649,18605
1773548100000,0.06649,0.06649,0.06617,0.06617,16527
1773549000000,0.06617,0.06631,0.06607,0.06628,85499
1773549900000,0.06628,0.06633,0.06622,0.0663,120031
1773550800000,0.0663,0.0663,0.06612,0.06615,32596
1773551700000,0.06615,0.06653,0.06611,0.06615,978353
1773552600000,0.06615,0.06625,0.06608,0.06609,270536
1773553500000,0.06609,0.06613,0.06601,0.06601,59679
1773554400000,0.06601,0.06611,0.06594,0.066,37809
1773555300000,0.066,0.0661,0.06597,0.06597,39092
1773556200000,0.06597,0.06597,0.06569,0.0657,349289
1773557100000,0.0657,0.06589,0.0657,0.06586,39399
1773558000000,0.06586,0.06611,0.0658,0.06604,146247
1773558900000,0.06604,0.06604,0.06591,0.06598,81633
1773559800000,0.06598,0.06598,0.06591,0.06596,40701
1773560700000,0.06596,0.06611,0.0659,0.06606,110692
1773561600000,0.06606,0.06627,0.06604,0.06618,458087
1773562500000,0.06618,0.0662,0.06605,0.06608,196282
1773563400000,0.06608,0.06619,0.06606,0.06619,110745
1773564300000,0.06619,0.06631,0.06619,0.06631,509494
1773565200000,0.06631,0.06666,0.06631,0.06651,672328
1773566100000,0.06651,0.06662,0.06649,0.06649,237586
1773567000000,0.06649,0.06655,0.06643,0.06645,52482
1773567900000,0.06645,0.06646,0.06632,0.06636,157381
1773568800000,0.06636,0.06663,0.06636,0.06663,100957
1773569700000,0.06663,0.06677,0.0666,0.06661,337444
1773570600000,0.06661,0.06671,0.06656,0.06671,114218
1773571500000,0.06671,0.06678,0.06664,0.06678,60333
1773572400000,0.06678,0.06682,0.06672,0.06682,84143
1773573300000,0.06682,0.06695,0.06676,0.06691,228893
1773574200000,0.06691,0.06716,0.06691,0.06716,233592
1773575100000,0.06716,0.06732,0.06705,0.06728,415494
1773576000000,0.06728,0.06737,0.06716,0.06727,258285
1773576900000,0.06727,0.06742,0.06707,0.06739,240174
1773577800000,0.06739,0.06744,0.06732,0.06733,162756
1773578700000,0.06733,0.06746,0.06727,0.06733,164125
1773579600000,0.06733,0.06735,0.0666,0.06683,402339
1773580500000,0.06683,0.06703,0.06651,0.06693,289828
1773581400000,0.06693,0.06702,0.06645,0.06673,705443
1773582300000,0.06673,0.06686,0.06667,0.06686,107642
1773583200000,0.06686,0.06695,0.06676,0.06687,238955
1773584100000,0.06687,0.06687,0.0667,0.06682,163764
1773585000000,0.06682,0.06696,0.06675,0.06688,467389
1773585900000,0.06688,0.06695,0.06674,0.06691,342613
1773586800000,0.06691,0.06691,0.06667,0.0667,332123
1773587700000,0.0667,0.06674,0.06661,0.06661,31723
1773588600000,0.06661,0.06661,0.06627,0.06642,661079
1773589500000,0.06642,0.06644,0.06631,0.06637,555866
1773590400000,0.06637,0.06653,0.06628,0.06653,712170
1773591300000,0.06653,0.06658,0.06624,0.06657,536676
1773592200000,0.06657,0.06667,0.06646,0.06655,166517
1773593100000,0.06655,0.0666,0.06638,0.06644,110417
1773594000000,0.06644,0.06675,0.06644,0.06672,367582
1773594900000,0.06672,0.06691,0.06668,0.06683,295591
1773595800000,0.06683,0.06689,0.06672,0.06683,92019
1773596700000,0.06683,0.06721,0.06671,0.06707,572984
1773597600000,0.06707,0.06716,0.067,0.06715,288579
1773598500000,0.06715,0.0672,0.06706,0.0671,95304
1773599400000,0.0671,0.0674,0.0671,0.06726,210051
1773600300000,0.06726,0.06726,0.06682,0.0669,796503
1773601200000,0.0669,0.06708,0.06683,0.06708,130328
1773602100000,0.06708,0.06737,0.06694,0.06733,788858
1773603000000,0.06733,0.06749,0.06722,0.06733,146944
1773603900000,0.06733,0.06741,0.06728,0.06734,90153
1773604800000,0.06734,0.06739,0.06722,0.06734,374625
1773605700000,0.06734,0.06736,0.0671,0.06725,158369
1773606600000,0.06725,0.06762,0.06725,0.06744,633035
1773607500000,0.06744,0.06744,0.0673,0.06734,84189
1773608400000,0.06734,0.06734,0.06721,0.06721,137016
1773609300000,0.06721,0.0677,0.06721,0.06743,98896
1773610200000,0.06743,0.06776,0.06743,0.06765,272255
1773611100000,0.06765,0.0677,0.06746,0.06763,80209
1773612000000,0.06763,0.06775,0.06728,0.06731,402731
1773612900000,0.06731,0.06733,0.06712,0.06723,354697
1773613800000,0.06723,0.06785,0.06723,0.0677,955448
1773614700000,0.0677,0.06799,0.0677,0.06791,578801
1773615600000,0.06791,0.06797,0.06763,0.06763,579886
1773616500000,0.06763,0.0677,0.06712,0.06719,563184
1773617400000,0.06719,0.06754,0.06711,0.06748,946052
1773618300000,0.06748,0.06775,0.06746,0.06774,51627
1773619200000,0.06774,0.06784,0.06755,0.06756,520444
1773620100000,0.06756,0.06763,0.06718,0.06718,337686
1773621000000,0.06718,0.06727,0.06713,0.0672,178356
1773621900000,0.0672,0.06741,0.06718,0.06736,366071
1773622800000,0.06736,0.06741,0.06726,0.06727,82189
1773623700000,0.06727,0.06766,0.06717,0.06742,171700
1773624600000,0.06742,0.06747,0.06722,0.06742,47256
1773625500000,0.06742,0.0678,0.06742,0.0677,375899
1773626400000,0.0677,0.06785,0.06767,0.06767,176956
1773627300000,0.06767,0.06776,0.0672,0.06721,87184
1773628200000,0.06721,0.06753,0.06721,0.06748,90584
1773629100000,0.06748,0.06773,0.06748,0.0677,67691
1773630000000,0.0677,0.06812,0.06758,0.06792,563102
1773630900000,0.06792,0.06816,0.06781,0.06796,625693
1773631800000,0.06796,0.06853,0.06796,0.06824,1842655
1773632700000,0.06824,0.06831,0.06804,0.06821,458388
1773633600000,0.06821,0.06832,0.06818,0.06829,194973
1773634500000,0.06829,0.06838,0.0676,0.0677,1057327
1773635400000,0.0677,0.06779,0.06752,0.06766,1071761
1773636300000,0.06766,0.06837,0.06766,0.0682,1085724
1773637200000,0.0682,0.06828,0.06799,0.06828,403638
1773638100000,0.06828,0.06828,0.06806,0.06815,186072
1773639000000,0.06815,0.06819,0.06793,0.06815,253363
1773639900000,0.06815,0.06899,0.06813,0.06846,3315290
1773640800000,0.06846,0.0685,0.06796,0.06805,273670
1773641700000,0.06805,0.06854,0.06805,0.06835,172197
1773642600000,0.06835,0.06851,0.0682,0.06849,113317
1773643500000,0.06849,0.06853,0.06836,0.06836,144658
1773644400000,0.06836,0.0687,0.06836,0.0687,185004
1773645300000,0.0687,0.06891,0.0686,0.06881,919493
1773646200000,0.06881,0.06901,0.06879,0.06894,780409
1773647100000,0.06894,0.06904,0.06879,0.0688,679827
1773648000000,0.0688,0.06936,0.0688,0.06909,562615
1773648900000,0.06909,0.06909,0.06865,0.06866,238121
1773649800000,0.06866,0.06866,0.06794,0.06794,1775660
1773650700000,0.06794,0.06854,0.06794,0.06825,556777
1773651600000,0.06825,0.06839,0.06809,0.06827,798291
1773652500000,0.06827,0.06839,0.06821,0.0683,111446
1773653400000,0.0683,0.06837,0.06819,0.06829,98550
1773654300000,0.06829,0.06843,0.06829,0.06834,75845
1773655200000,0.06834,0.06844,0.0682,0.06824,316424
1773656100000,0.06824,0.06847,0.06824,0.06841,201982
1773657000000,0.06841,0.06841,0.06812,0.06822,294594
1773657900000,0.06822,0.06854,0.06817,0.06854,418384
1773658800000,0.06854,0.06854,0.06827,0.06827,427186
1773659700000,0.06827,0.06835,0.06813,0.06813,134909
1773660600000,0.06813,0.0682,0.06807,0.06815,375309
1773661500000,0.06815,0.06825,0.06813,0.06813,134272
1773662400000,0.06813,0.06845,0.06804,0.06823,429608
1773663300000,0.06823,0.06852,0.0681,0.06842,1031466
1773664200000,0.06842,0.06849,0.06829,0.06846,487115
1773665100000,0.06846,0.06867,0.06843,0.06859,188273
1773666000000,0.06859,0.06861,0.06842,0.06851,284095
1773666900000,0.06851,0.06892,0.06851,0.06873,382512
1773667800000,0.06873,0.06909,0.06852,0.06862,857697
1773668700000,0.06862,0.06896,0.06862,0.06876,572992
1773669600000,0.06876,0.06907,0.06872,0.06884,605068
1773670500000,0.06884,0.06889,0.06822,0.06822,762824
1773671400000,0.06822,0.0683,0.06775,0.06802,1739409
1773672300000,0.06802,0.0685,0.06792,0.06846,434091
1773673200000,0.06846,0.06849,0.06827,0.06833,383813
1773674100000,0.06833,0.06864,0.06812,0.06857,224565
1773675000000,0.06857,0.06888,0.06837,0.06853,740655
1773675900000,0.06853,0.06867,0.06835,0.06846,275538
1773676800000,0.06846,0.06865,0.06834,0.06858,283872
1773677700000,0.06858,0.06885,0.06858,0.06878,113903
1773678600000,0.06878,0.06903,0.06869,0.06898,183772
1773679500000,0.06898,0.06908,0.06881,0.06897,356708
1773680400000,0.06897,0.06924,0.06897,0.06921,716786
1773681300000,0.06921,0.06926,0.06904,0.06906,366469
1773682200000,0.06906,0.06931,0.06896,0.06915,1049749
1773683100000,0.06915,0.06919,0.06894,0.069,250762
1773684000000,0.069,0.06906,0.06883,0.06893,220819
1773684900000,0.06893,0.06929,0.06893,0.06921,255565
1773685800000,0.06921,0.06922,0.06883,0.06892,368710
1773686700000,0.06892,0.06899,0.06877,0.06884,125588
1773687600000,0.06884,0.06935,0.06872,0.06916,256298
1773688500000,0.06916,0.06928,0.06901,0.06911,90762
1773689400000,0.06911,0.06927,0.06909,0.06919,106670
1773690300000,0.06919,0.06919,0.06895,0.06915,117863
1773691200000,0.06915,0.06951,0.06911,0.06946,942185
1773692100000,0.06946,0.06977,0.06936,0.06951,1443504
1773693000000,0.06951,0.06955,0.06943,0.06951,148565
1773693900000,0.06951,0.06958,0.06942,0.06953,803936
1773694800000,0.06953,0.0697,0.0694,0.06959,605261
1773695700000,0.06959,0.06972,0.06941,0.06941,762198
1773696600000,0.06941,0.06987,0.06923,0.06965,2656848
1773697500000,0.06965,0.06979,0.06958,0.06963,401197
1773698400000,0.06963,0.06997,0.06961,0.06992,747636
1773699300000,0.06992,0.07001,0.06962,0.06992,588418
1773700200000,0.06992,0.07003,0.06986,0.06998,370868
1773701100000,0.06998,0.0701,0.06992,0.07003,312308
1773702000000,0.07003,0.07003,0.06961,0.06988,1324203
1773702900000,0.06988,0.06999,0.06977,0.06999,429113
1773703800000,0.06999,0.07026,0.06998,0.07026,407778
1773704700000,0.07026,0.07029,0.06984,0.0701,379705
1773705600000,0.0701,0.07026,0.06984,0.07016,406584
1773706500000,0.07016,0.07021,0.06951,0.06997,1330276
1773707400000,0.06997,0.07016,0.0697,0.06973,703051
1773708300000,0.06973,0.06982,0.0696,0.06975,337699
1773709200000,0.06975,0.07015,0.06955,0.07001,658833
1773710100000,0.07001,0.07004,0.06968,0.06989,199376
1773711000000,0.06989,0.06991,0.06956,0.0696,679631
1773711900000,0.0696,0.06974,0.06943,0.06958,903460
1773712800000,0.06958,0.06962,0.06927,0.0694,498421
1773713700000,0.0694,0.06947,0.0693,0.0693,225088
1773714600000,0.0693,0.06974,0.0693,0.0697,246062
1773715500000,0.0697,0.06977,0.06939,0.06939,280110
1773716400000,0.06939,0.0694,0.06908,0.06914,469078
1773717300000,0.06914,0.06921,0.06895,0.06912,513533
1773718200000,0.06912,0.06912,0.06869,0.06873,702308
1773719100000,0.06873,0.06888,0.06868,0.06888,293659
1773720000000,0.06888,0.06895,0.06873,0.06883,100945
1773720900000,0.06883,0.06884,0.06841,0.06852,966183
1773721800000,0.06852,0.06855,0.06808,0.06832,545661
1773722700000,0.06832,0.06856,0.06832,0.06851,403169
1773723600000,0.06851,0.06858,0.06836,0.06855,250014
1773724500000,0.06855,0.06856,0.06839,0.06854,180244
1773725400000,0.06854,0.06859,0.06819,0.06822,218398
1773726300000,0.06822,0.06854,0.06813,0.06842,788354
1773727200000,0.06842,0.06849,0.06816,0.06847,80847
1773728100000,0.06847,0.06864,0.06844,0.06855,27113
1773729000000,0.06855,0.06867,0.06826,0.0683,300711
1773729900000,0.0683,0.06835,0.06828,0.06833,101854
1773730800000,0.06833,0.06852,0.06832,0.0685,94488
1773731700000,0.0685,0.06869,0.06849,0.06858,99315
1773732600000,0.06858,0.06858,0.06837,0.06844,150008
1773733500000,0.06844,0.06848,0.06834,0.06834,125878
1773734400000,0.06834,0.06853,0.06825,0.06837,128483
1773735300000,0.06837,0.06865,0.06835,0.06861,166202
1773736200000,0.06861,0.06878,0.06856,0.0687,199897
1773737100000,0.0687,0.0687,0.06824,0.06835,352115
1773738000000,0.06835,0.06844,0.06821,0.06831,235290
1773738900000,0.06831,0.06878,0.0683,0.06869,394448
1773739800000,0.06869,0.06871,0.06841,0.06846,193891
1773740700000,0.06846,0.06858,0.06836,0.06845,320714
1773741600000,0.06845,0.06851,0.06821,0.06841,147547
1773742500000,0.06841,0.06844,0.06826,0.06833,100273
1773743400000,0.06833,0.06838,0.06821,0.06838,404464
1773744300000,0.06838,0.06846,0.06832,0.06846,73110
1773745200000,0.06846,0.06867,0.06843,0.06866,75366
1773746100000,0.06866,0.06877,0.06864,0.0687,173510
1773747000000,0.0687,0.06875,0.06856,0.06874,79428
1773747900000,0.06874,0.06881,0.0685,0.06861,78581
1773748800000,0.06861,0.06872,0.06856,0.06865,206146
1773749700000,0.06865,0.0688,0.06833,0.06837,145002
1773750600000,0.06837,0.06837,0.06797,0.06822,481243
1773751500000,0.06822,0.06822,0.06806,0.06814,298748
1773752400000,0.06814,0.06824,0.06809,0.06816,91340
1773753300000,0.06816,0.06823,0.06812,0.06821,93324
1773754200000,0.06821,0.06853,0.06813,0.06819,890127
1773755100000,0.06819,0.06825,0.06791,0.06822,624572
1773756000000,0.06822,0.06846,0.06804,0.06846,236297
1773756900000,0.06846,0.06864,0.06826,0.06858,365541
1773757800000,0.06858,0.06878,0.06858,0.06863,179013
1773758700000,0.06863,0.06877,0.06852,0.06877,50948
1773759600000,0.06877,0.06907,0.06854,0.06863,110888
1773760500000,0.06863,0.0689,0.06863,0.0689,319713
1773761400000,0.0689,0.06893,0.06837,0.06845,143990
1773762300000,0.06845,0.06882,0.06845,0.06875,133354
1773763200000,0.06875,0.06891,0.06873,0.06881,124884
1773764100000,0.06881,0.06901,0.06874,0.06879,159557
1773765000000,0.06879,0.0688,0.06847,0.06868,414479
1773765900000,0.06868,0.06885,0.06855,0.06877,48921
1773766800000,0.06877,0.069,0.06877,0.06896,98647
1773767700000,0.06896,0.06916,0.06888,0.06893,111002
1773768600000,0.06893,0.06898,0.0688,0.06896,48191
1773769500000,0.06896,0.06907,0.06893,0.06898,74153
1773770400000,0.06898,0.06911,0.0689,0.06901,69107
1773771300000,0.06901,0.06908,0.06888,0.06892,273531
1773772200000,0.06892,0.06914,0.06892,0.06911,43103
1773773100000,0.06911,0.06921,0.06908,0.06919,617078
1773774000000,0.06919,0.06924,0.069,0.06908,157580
1773774900000,0.06908,0.06909,0.06892,0.06898,107602
1773775800000,0.06898,0.06916,0.06894,0.06904,120346
1773776700000,0.06904,0.06905,0.06872,0.06872,246456
1773777600000,0.06872,0.06877,0.06864,0.06865,121664
1773778500000,0.06865,0.06897,0.06865,0.06897,40970
1773779400000,0.06897,0.06902,0.06892,0.06897,82277
1773780300000,0.06897,0.06903,0.06893,0.06899,299384
1773781200000,0.06899,0.06931,0.06892,0.06919,286957
1773782100000,0.06919,0.06928,0.06913,0.06913,95459
1773783000000,0.06913,0.06923,0.06909,0.06921,79639
1773783900000,0.06921,0.06921,0.06906,0.06906,21345
1773784800000,0.06906,0.06931,0.06906,0.06912,121357
1773785700000,0.06912,0.06915,0.06901,0.06901,200289
1773786600000,0.06901,0.06901,0.06869,0.06891,154908
1773787500000,0.06891,0.06912,0.06891,0.06912,18725
1773788400000,0.06912,0.06915,0.06902,0.06913,64747
1773789300000,0.06913,0.06913,0.06886,0.06893,75088
1773790200000,0.06893,0.06897,0.06875,0.06875,54330
1773791100000,0.06875,0.06884,0.06875,0.06875,18169
1773792000000,0.06875,0.06886,0.06856,0.06863,417779
1773792900000,0.06863,0.06868,0.06839,0.06857,516654
1773793800000,0.06857,0.06858,0.06838,0.06857,181319
1773794700000,0.06857,0.06883,0.06857,0.06882,64056
1773795600000,0.06882,0.06909,0.06882,0.06892,243034
1773796500000,0.06892,0.06898,0.06888,0.06897,52867
1773797400000,0.06897,0.06908,0.06884,0.06898,234205
1773798300000,0.06898,0.06898,0.06886,0.06887,29708
1773799200000,0.06887,0.06916,0.06881,0.06908,164395
1773800100000,0.06908,0.06914,0.06898,0.06898,102423
1773801000000,0.06898,0.06926,0.06898,0.06916,211140
1773801900000,0.06916,0.06919,0.06898,0.069,331009
1773802800000,0.069,0.06915,0.069,0.06909,586867
1773803700000,0.06909,0.0696,0.06909,0.06952,299400
1773804600000,0.06952,0.06957,0.06931,0.06934,143793
1773805500000,0.06934,0.06942,0.06929,0.06934,283622
1773806400000,0.06934,0.06937,0.06921,0.06921,30597
1773807300000,0.06921,0.06926,0.06904,0.06904,107340
1773808200000,0.06904,0.06906,0.06893,0.06897,165742
1773809100000,0.06897,0.06916,0.06897,0.06914,80115
1773810000000,0.06914,0.06963,0.06913,0.06953,264448
1773810900000,0.06953,0.06959,0.06929,0.0693,71084
1773811800000,0.0693,0.06934,0.06914,0.06915,360230
1773812700000,0.06915,0.06922,0.0689,0.06898,159969
1773813600000,0.06898,0.06911,0.06891,0.06904,144885
1773814500000,0.06904,0.0692,0.06894,0.06918,293547
1773815400000,0.06918,0.06918,0.06873,0.06875,213530
1773816300000,0.06875,0.06882,0.06866,0.0687,167448
1773817200000,0.0687,0.0687,0.06844,0.06858,585013
1773818100000,0.06858,0.06858,0.06831,0.06836,498952
1773819000000,0.06836,0.06863,0.06834,0.06843,206937
1773819900000,0.06843,0.06869,0.06843,0.06868,107011
1773820800000,0.06868,0.06898,0.06868,0.06883,148981
1773821700000,0.06883,0.06885,0.0687,0.06876,145445
1773822600000,0.06876,0.06876,0.06855,0.06856,375924
1773823500000,0.06856,0.06865,0.06843,0.06852,509948
1773824400000,0.06852,0.06853,0.06826,0.06843,746901
1773825300000,0.06843,0.06857,0.06837,0.06847,1326879
1773826200000,0.06847,0.06859,0.06847,0.06848,116724
1773827100000,0.06848,0.0685,0.06831,0.06845,173222
1773828000000,0.06845,0.06847,0.06831,0.06845,72180
1773828900000,0.06845,0.06845,0.06832,0.06837,45815
1773829800000,0.06837,0.06837,0.06819,0.06822,145608
1773830700000,0.06822,0.06837,0.06817,0.06828,213464
1773831600000,0.06828,0.06839,0.06807,0.06825,174440
1773832500000,0.06825,0.06831,0.06769,0.06771,542567
1773833400000,0.06771,0.0678,0.06655,0.06704,3188646
1773834300000,0.06704,0.06704,0.06666,0.06675,2295889
1773835200000,0.06675,0.06677,0.0659,0.06618,1704619
1773836100000,0.06618,0.06641,0.06607,0.06615,1485147
1773837000000,0.06615,0.06615,0.06545,0.06581,2336701
1773837900000,0.06581,0.06581,0.0655,0.06565,897722
1773838800000,0.06565,0.06588,0.06535,0.06587,391611
1773839700000,0.06587,0.06587,0.06552,0.06574,230148
1773840600000,0.06574,0.06613,0.06567,0.06575,321978
1773841500000,0.06575,0.06594,0.06573,0.06579,95468
1773842400000,0.06579,0.06592,0.06562,0.06573,308215
1773843300000,0.06573,0.06579,0.06546,0.06552,406363
1773844200000,0.06552,0.06572,0.06532,0.0654,1585559
1773845100000,0.0654,0.06568,0.06526,0.06536,488640
1773846000000,0.06536,0.06545,0.06472,0.06511,3381673
1773846900000,0.06511,0.06545,0.06503,0.06505,1278749
1773847800000,0.06505,0.06519,0.0649,0.06495,652108
1773848700000,0.06495,0.06516,0.0649,0.06499,475913
1773849600000,0.06499,0.06507,0.0648,0.06485,430142
1773850500000,0.06485,0.06492,0.06459,0.0647,1045902
1773851400000,0.0647,0.06489,0.0645,0.06469,931508
1773852300000,0.06469,0.06491,0.06468,0.06477,232308
1773853200000,0.06477,0.06477,0.06449,0.06455,250624
1773854100000,0.06455,0.065,0.06447,0.06496,304981
1773855000000,0.06496,0.06557,0.06492,0.06538,331803
1773855900000,0.06538,0.06546,0.06527,0.06533,421909
1773856800000,0.06533,0.06575,0.06529,0.06566,729444
1773857700000,0.06566,0.06566,0.06528,0.06534,154766
1773858600000,0.06534,0.06555,0.0653,0.06545,236015
1773859500000,0.06545,0.06545,0.06486,0.06501,602350
1773860400000,0.06501,0.06533,0.06501,0.06515,321419
1773861300000,0.06515,0.06528,0.06505,0.06506,84788
1773862200000,0.06506,0.06514,0.06501,0.06507,80560
1773863100000,0.06507,0.0651,0.06496,0.06502,340534
1773864000000,0.06502,0.06502,0.06442,0.06487,966791
1773864900000,0.06487,0.06501,0.0648,0.06491,759304
1773865800000,0.06491,0.06512,0.06485,0.06507,117921
1773866700000,0.06507,0.06523,0.06501,0.06512,182375
1773867600000,0.06512,0.06534,0.065,0.06523,292345
1773868500000,0.06523,0.06542,0.06523,0.06536,142802
1773869400000,0.06536,0.06536,0.06517,0.06536,164925
1773870300000,0.06536,0.06536,0.06526,0.06531,147519
1773871200000,0.06531,0.06531,0.065,0.06508,355097
1773872100000,0.06508,0.06525,0.06508,0.06517,135167
1773873000000,0.06517,0.06522,0.06509,0.06512,67813
1773873900000,0.06512,0.06523,0.06512,0.06521,116502
1773874800000,0.06521,0.06521,0.06507,0.06512,47145
1773875700000,0.06512,0.06512,0.065,0.06502,57387
1773876600000,0.06502,0.06508,0.06488,0.06488,309601
1773877500000,0.06488,0.0649,0.0647,0.06474,250181
1773878400000,0.06474,0.06496,0.06459,0.0648,426226
1773879300000,0.0648,0.06482,0.06466,0.06482,260906
1773880200000,0.06482,0.06482,0.06455,0.0646,439085
1773881100000,0.0646,0.06463,0.06425,0.0643,1528323
1773882000000,0.0643,0.06449,0.06414,0.06424,1954965
1773882900000,0.06424,0.06436,0.06419,0.06436,305433
1773883800000,0.06436,0.06449,0.06427,0.06449,209480
1773884700000,0.06449,0.06449,0.06439,0.0644,67151
1773885600000,0.0644,0.06465,0.06421,0.0646,959583
1773886500000,0.0646,0.06466,0.06446,0.0645,287939
1773887400000,0.0645,0.06457,0.06444,0.06455,32999
1773888300000,0.06455,0.06459,0.06445,0.06445,258673
1773889200000,0.06445,0.06469,0.06445,0.06469,192617
1773890100000,0.06469,0.06519,0.06467,0.06513,455917
1773891000000,0.06513,0.06515,0.06464,0.06469,1253404
1773891900000,0.06469,0.06479,0.06464,0.06475,117255
1773892800000,0.06475,0.06486,0.06466,0.06475,208952
1773893700000,0.06475,0.06481,0.06467,0.06469,101200
1773894600000,0.06469,0.06487,0.06469,0.06484,66011
1773895500000,0.06484,0.06485,0.06469,0.06469,114897
1773896400000,0.06469,0.06482,0.06465,0.06477,113628
1773897300000,0.06477,0.06494,0.06467,0.06469,276659
1773898200000,0.06469,0.06477,0.06459,0.06472,101538
1773899100000,0.06472,0.06476,0.06469,0.06473,23271
1773900000000,0.06473,0.0648,0.06457,0.06477,455473
1773900900000,0.06477,0.0648,0.06469,0.06471,91690
1773901800000,0.06471,0.06482,0.06457,0.06479,94558
1773902700000,0.06479,0.06492,0.06465,0.06466,237853
1773903600000,0.06466,0.06472,0.06423,0.06426,1073488
1773904500000,0.06426,0.06433,0.06371,0.06399,2222444
1773905400000,0.06399,0.06451,0.06392,0.06433,258228
1773906300000,0.06433,0.06438,0.06417,0.06418,234023
1773907200000,0.06418,0.06435,0.06408,0.06409,148648
1773908100000,0.06409,0.06413,0.06387,0.06388,208016
1773909000000,0.06388,0.06422,0.0638,0.06406,415897
1773909900000,0.06406,0.06417,0.06394,0.06397,179648
1773910800000,0.06397,0.06411,0.06393,0.06399,606989
1773911700000,0.06399,0.06437,0.06396,0.06411,442029
1773912600000,0.06411,0.06431,0.0641,0.06427,114058
1773913500000,0.06427,0.06443,0.06422,0.06431,659371
1773914400000,0.06431,0.06437,0.06422,0.06429,89528
1773915300000,0.06429,0.06435,0.0642,0.0642,124939
1773916200000,0.0642,0.0642,0.06399,0.06407,245669
1773917100000,0.06407,0.06412,0.06394,0.06394,309674
1773918000000,0.06394,0.06406,0.0639,0.06398,357198
1773918900000,0.06398,0.06401,0.06389,0.06397,74382
1773919800000,0.06397,0.06403,0.0638,0.06387,357738
1773920700000,0.06387,0.06392,0.0638,0.06386,221622
1773921600000,0.06386,0.064,0.06373,0.06399,577891
1773922500000,0.06399,0.06399,0.06376,0.06381,145777
1773923400000,0.06381,0.06383,0.06371,0.06378,403133
1773924300000,0.06378,0.06378,0.06337,0.06354,1602799
1773925200000,0.06354,0.06371,0.06326,0.06328,1346263
1773926100000,0.06328,0.06353,0.06307,0.06311,2207038
1773927000000,0.06311,0.06371,0.06303,0.06358,817948
1773927900000,0.06358,0.06379,0.06351,0.06356,477521
1773928800000,0.06356,0.06377,0.0633,0.0633,326675
1773929700000,0.0633,0.06335,0.06309,0.06311,341245
1773930600000,0.06311,0.06338,0.06311,0.06334,368378
1773931500000,0.06334,0.0635,0.06326,0.06329,243797
1773932400000,0.06329,0.06329,0.06282,0.06297,715417
1773933300000,0.06297,0.06303,0.06255,0.06263,879212
1773934200000,0.06263,0.0628,0.06259,0.0626,367913
1773935100000,0.0626,0.06312,0.06254,0.06305,599681
1773936000000,0.06305,0.06305,0.06284,0.06286,574986
1773936900000,0.06286,0.06303,0.06285,0.0629,420610
1773937800000,0.0629,0.06297,0.06277,0.06295,79214
1773938700000,0.06295,0.06306,0.06289,0.06302,158293
1773939600000,0.06302,0.0631,0.06297,0.06305,118895
1773940500000,0.06305,0.06366,0.06303,0.06355,426080
1773941400000,0.06355,0.0636,0.0633,0.06344,218571
1773942300000,0.06344,0.06389,0.06344,0.06362,420681
1773943200000,0.06362,0.06366,0.06337,0.06349,95409
1773944100000,0.06349,0.06354,0.06337,0.06338,67600
1773945000000,0.06338,0.06339,0.06317,0.06321,103360
1773945900000,0.06321,0.06333,0.06314,0.06327,64382
1773946800000,0.06327,0.0637,0.06327,0.0634,152732
1773947700000,0.0634,0.06369,0.0634,0.0634,86821
1773948600000,0.0634,0.0634,0.06316,0.06337,144960
1773949500000,0.06337,0.06337,0.06321,0.06329,31286
1773950400000,0.06329,0.06337,0.06325,0.06337,182208
1773951300000,0.06337,0.06354,0.06337,0.06344,75791
1773952200000,0.06344,0.0637,0.06344,0.06348,135187
1773953100000,0.06348,0.06351,0.06342,0.06347,61278
1773954000000,0.06347,0.06379,0.06345,0.06378,397447
1773954900000,0.06378,0.06378,0.06369,0.06369,21505
1773955800000,0.06369,0.06374,0.06369,0.06372,99318
1773956700000,0.06372,0.06384,0.06365,0.06375,136230
1773957600000,0.06375,0.06387,0.06369,0.06383,286393
1773958500000,0.06383,0.06386,0.06377,0.06386,124571
1773959400000,0.06386,0.06386,0.06357,0.06363,306077
1773960300000,0.06363,0.06381,0.06363,0.06381,76643
1773961200000,0.06381,0.06399,0.06381,0.06396,86693
1773962100000,0.06396,0.06396,0.06381,0.06393,97075
1773963000000,0.06393,0.06399,0.06373,0.06381,176747
1773963900000,0.06381,0.06399,0.06378,0.06395,73895
1773964800000,0.06395,0.06402,0.06385,0.06396,118060
1773965700000,0.06396,0.06412,0.06388,0.06401,248864
1773966600000,0.06401,0.06418,0.06401,0.06408,96767
1773967500000,0.06408,0.06414,0.06397,0.06404,66826
1773968400000,0.06404,0.06412,0.06399,0.06399,116045
1773969300000,0.06399,0.0641,0.06398,0.064,93762
1773970200000,0.064,0.06428,0.064,0.06428,260712
1773971100000,0.06428,0.06428,0.0641,0.0641,62001
1773972000000,0.0641,0.06415,0.06403,0.06415,60357
1773972900000,0.06415,0.06415,0.06391,0.06393,173677
1773973800000,0.06393,0.06397,0.06371,0.06392,381890
1773974700000,0.06392,0.06398,0.06386,0.0639,631496
1773975600000,0.0639,0.06399,0.0639,0.06399,94296
1773976500000,0.06399,0.06414,0.06398,0.06414,62678
1773977400000,0.06414,0.06424,0.06401,0.06401,110342
1773978300000,0.06401,0.06413,0.06399,0.0641,456495
1773979200000,0.0641,0.06431,0.06406,0.06431,47433
1773980100000,0.06431,0.06431,0.06422,0.06422,134317
1773981000000,0.06422,0.06429,0.06394,0.06395,289557
1773981900000,0.06395,0.06433,0.06394,0.06432,83425
1773982800000,0.06432,0.06451,0.06425,0.06449,96103
1773983700000,0.06449,0.06463,0.0643,0.0643,483521
1773984600000,0.0643,0.06447,0.06418,0.06447,58682
1773985500000,0.06447,0.06453,0.06425,0.06425,40062
1773986400000,0.06425,0.06427,0.06418,0.06424,79943
1773987300000,0.06424,0.06432,0.06413,0.06414,88982
1773988200000,0.06414,0.06417,0.06391,0.06399,65337
1773989100000,0.06399,0.06401,0.06384,0.0639,95520
1773990000000,0.0639,0.0639,0.06346,0.06356,171931
1773990900000,0.06356,0.06372,0.06343,0.06365,266967
1773991800000,0.06365,0.06394,0.06362,0.06389,161193
1773992700000,0.06389,0.0639,0.06376,0.0639,349414
1773993600000,0.0639,0.06425,0.06382,0.06412,255168
1773994500000,0.06412,0.06412,0.06393,0.06393,116652
1773995400000,0.06393,0.06398,0.06381,0.06393,108439
1773996300000,0.06393,0.06394,0.06388,0.06391,22114
1773997200000,0.06391,0.06391,0.06377,0.06391,119089
1773998100000,0.06391,0.06391,0.06355,0.06374,1109051
1773999000000,0.06374,0.06418,0.06374,0.06413,734549
1773999900000,0.06413,0.06413,0.06389,0.06389,477452
1774000800000,0.06389,0.06398,0.06381,0.06383,317732
1774001700000,0.06383,0.06391,0.06378,0.06389,140866
1774002600000,0.06389,0.0642,0.06385,0.06407,235575
1774003500000,0.06407,0.06414,0.06407,0.06412,20724
1774004400000,0.06412,0.06444,0.06412,0.06441,347956
1774005300000,0.06441,0.06441,0.06412,0.06413,87780
1774006200000,0.06413,0.06413,0.06386,0.06388,309837
1774007100000,0.06388,0.06401,0.06384,0.06398,54196
1774008000000,0.06398,0.06422,0.06398,0.06414,515808
1774008900000,0.06414,0.06414,0.06389,0.0639,66637
1774009800000,0.0639,0.0639,0.06372,0.06374,71697
1774010700000,0.06374,0.06378,0.06368,0.06369,22912
1774011600000,0.06369,0.06381,0.06361,0.06362,186578
1774012500000,0.06362,0.06384,0.06355,0.06361,274006
1774013400000,0.06361,0.06378,0.06324,0.06371,964040
1774014300000,0.06371,0.06371,0.06321,0.06333,1157653
1774015200000,0.06333,0.06359,0.06314,0.06331,491375
1774016100000,0.06331,0.06352,0.0631,0.06341,951700
1774017000000,0.06341,0.06374,0.06341,0.06345,392586
1774017900000,0.06345,0.0635,0.06311,0.06324,747916
1774018800000,0.06324,0.06335,0.06284,0.06308,1427103
1774019700000,0.06308,0.06334,0.06296,0.0631,1043613
1774020600000,0.0631,0.06324,0.06303,0.06324,357742
1774021500000,0.06324,0.06324,0.0631,0.06322,17088
1774022400000,0.06322,0.06333,0.0632,0.06331,328740
1774023300000,0.06331,0.06347,0.06323,0.0634,36902
1774024200000,0.0634,0.0634,0.06313,0.06329,54217
1774025100000,0.06329,0.06351,0.0632,0.0635,33929
1774026000000,0.0635,0.0635,0.06331,0.06343,225943
1774026900000,0.06343,0.06351,0.0634,0.06342,278394
1774027800000,0.06342,0.06342,0.06304,0.06327,275856
1774028700000,0.06327,0.06359,0.06326,0.06356,990803
1774029600000,0.06356,0.06359,0.06347,0.0635,996526
1774030500000,0.0635,0.0635,0.06298,0.06301,800064
1774031400000,0.06301,0.06303,0.06257,0.06279,902819
1774032300000,0.06279,0.06302,0.06275,0.06286,253268
1774033200000,0.06286,0.06307,0.06286,0.06299,22004
1774034100000,0.06299,0.06312,0.06295,0.06301,217568
1774035000000,0.06301,0.06306,0.06266,0.06296,745835
1774035900000,0.06296,0.06311,0.06293,0.06311,104894
1774036800000,0.06311,0.06318,0.06305,0.06311,606029
1774037700000,0.06311,0.06311,0.06289,0.06289,119741
1774038600000,0.06289,0.06294,0.06278,0.06287,103809
1774039500000,0.06287,0.06306,0.06287,0.06304,34060
1774040400000,0.06304,0.06304,0.06275,0.06275,84613
1774041300000,0.06275,0.06326,0.06275,0.06315,344208
1774042200000,0.06315,0.06355,0.06315,0.06316,103863
1774043100000,0.06316,0.06331,0.06316,0.06331,61515
1774044000000,0.06331,0.06366,0.06331,0.06355,335129
1774044900000,0.06355,0.06371,0.0635,0.0635,327726
1774045800000,0.0635,0.06352,0.06343,0.06344,128125
1774046700000,0.06344,0.06354,0.06335,0.06346,65274
1774047600000,0.06346,0.06348,0.06325,0.06327,154709
1774048500000,0.06327,0.06347,0.06326,0.06347,164909
1774049400000,0.06347,0.06358,0.06341,0.06346,163307
1774050300000,0.06346,0.06354,0.06344,0.06346,76644
1774051200000,0.06346,0.06362,0.06341,0.06353,132739
1774052100000,0.06353,0.06363,0.0635,0.06359,50442
1774053000000,0.06359,0.06359,0.06349,0.06349,25068
1774053900000,0.06349,0.06355,0.06349,0.06355,22803
1774054800000,0.06355,0.06374,0.06355,0.0637,30517
1774055700000,0.0637,0.0637,0.06357,0.06357,108547
1774056600000,0.06357,0.0636,0.06346,0.06351,93595
1774057500000,0.06351,0.06351,0.06344,0.06345,21310
1774058400000,0.06345,0.06345,0.06326,0.06326,37710
1774059300000,0.06326,0.06345,0.06325,0.06345,14901
1774060200000,0.06345,0.06361,0.06344,0.06356,41983
1774061100000,0.06356,0.06359,0.06349,0.06353,49229
1774062000000,0.06353,0.0637,0.06349,0.0637,254666
1774062900000,0.0637,0.0637,0.0636,0.06363,116881
1774063800000,0.06363,0.06363,0.06355,0.06362,36968
1774064700000,0.06362,0.06372,0.0636,0.06368,303952
1774065600000,0.06368,0.06398,0.06368,0.06384,375485
1774066500000,0.06384,0.06397,0.06384,0.06391,132803
1774067400000,0.06391,0.06391,0.06377,0.06379,62702
1774068300000,0.06379,0.06379,0.06347,0.06348,372466
1774069200000,0.06348,0.06369,0.06348,0.06361,271388
1774070100000,0.06361,0.06367,0.06361,0.06364,4140
1774071000000,0.06364,0.06386,0.06364,0.06373,234872
1774071900000,0.06373,0.06373,0.06358,0.06361,269095
1774072800000,0.06361,0.06361,0.06351,0.06355,72521
1774073700000,0.06355,0.06363,0.06355,0.06363,19383
1774074600000,0.06363,0.06366,0.06361,0.06364,51507
1774075500000,0.06364,0.06364,0.06352,0.06352,34613
1774076400000,0.06352,0.06352,0.06329,0.06334,483662
1774077300000,0.06334,0.06357,0.06334,0.06352,175718
1774078200000,0.06352,0.06352,0.06337,0.06338,5607
1774079100000,0.06338,0.06338,0.06321,0.06325,64417
1774080000000,0.06325,0.06326,0.06302,0.06319,774539
1774080900000,0.06319,0.06319,0.06305,0.06307,138178
1774081800000,0.06307,0.06317,0.06305,0.06317,91771
1774082700000,0.06317,0.06325,0.06314,0.06315,93740
1774083600000,0.06315,0.06317,0.06297,0.06297,215914
1774084500000,0.06297,0.06297,0.06285,0.06291,442833
1774085400000,0.06291,0.06291,0.0628,0.06282,53292
1774086300000,0.06282,0.06294,0.06281,0.06294,824395
1774087200000,0.06294,0.06303,0.06288,0.06294,45527
1774088100000,0.06294,0.06306,0.06284,0.06306,366291
1774089000000,0.06306,0.06325,0.06305,0.06316,357091
1774089900000,0.06316,0.06319,0.06311,0.06317,211771
1774090800000,0.06317,0.06325,0.06315,0.06315,38364
1774091700000,0.06315,0.06321,0.06311,0.06321,15120
1774092600000,0.06321,0.06322,0.06309,0.06313,515801
1774093500000,0.06313,0.06313,0.06304,0.06312,170743
1774094400000,0.06312,0.06329,0.06306,0.06318,595001
1774095300000,0.06318,0.0632,0.06308,0.06309,239934
1774096200000,0.06309,0.06311,0.06298,0.06307,30459
1774097100000,0.06307,0.06308,0.06297,0.06298,65651
1774098000000,0.06298,0.06298,0.06292,0.06296,75726
1774098900000,0.06296,0.06301,0.06296,0.06296,18006
1774099800000,0.06296,0.06296,0.06293,0.06293,7635
1774100700000,0.06293,0.06303,0.06293,0.06303,317
1774101600000,0.06303,0.06338,0.06302,0.06331,319124
1774102500000,0.06331,0.06337,0.0632,0.06321,250229
1774103400000,0.06321,0.06325,0.06311,0.06316,22416
1774104300000,0.06316,0.06316,0.06276,0.06284,436639
1774105200000,0.06284,0.06298,0.06282,0.06294,92060
1774106100000,0.06294,0.06307,0.06283,0.06305,193330
1774107000000,0.06305,0.06324,0.06305,0.06317,88319
1774107900000,0.06317,0.06325,0.06316,0.06324,23255
1774108800000,0.06324,0.06329,0.06314,0.06318,135597
1774109700000,0.06318,0.06322,0.06298,0.06308,458905
1774110600000,0.06308,0.06316,0.06298,0.06299,40576
1774111500000,0.06299,0.0631,0.06293,0.06295,61271
1774112400000,0.06295,0.06297,0.06288,0.06295,67167
1774113300000,0.06295,0.06298,0.0629,0.06296,83059
1774114200000,0.06296,0.0631,0.06296,0.06305,27873
1774115100000,0.06305,0.0631,0.06302,0.06302,176281
1774116000000,0.06302,0.06302,0.06293,0.06302,120737
1774116900000,0.06302,0.06314,0.06302,0.06314,25318
1774117800000,0.06314,0.0632,0.06311,0.06319,25990
1774118700000,0.06319,0.06319,0.06301,0.06304,290528
1774119600000,0.06304,0.0631,0.063,0.06305,18733
1774120500000,0.06305,0.06306,0.06294,0.06302,62129
1774121400000,0.06302,0.06302,0.06291,0.06291,35782
1774122300000,0.06291,0.06301,0.06291,0.06299,9252
1774123200000,0.06299,0.06312,0.06299,0.06311,21801
1774124100000,0.06311,0.06321,0.06298,0.06298,264594
1774125000000,0.06298,0.06305,0.06298,0.06303,95738
1774125900000,0.06303,0.06317,0.06303,0.06314,104958
1774126800000,0.06314,0.06314,0.06289,0.06301,620215
1774127700000,0.06301,0.06301,0.06299,0.06301,1214
1774128600000,0.06301,0.06301,0.06291,0.06291,2268
1774129500000,0.06291,0.06293,0.06287,0.06293,12024
1774130400000,0.06293,0.06293,0.06276,0.0628,431985
1774131300000,0.0628,0.06288,0.06277,0.06277,132807
1774132200000,0.06277,0.0629,0.06275,0.0629,39746
1774133100000,0.0629,0.0629,0.06276,0.06277,59596
1774134000000,0.06277,0.0628,0.06267,0.06278,424694
1774134900000,0.06278,0.06283,0.06275,0.06276,29289
1774135800000,0.06276,0.06286,0.06275,0.06286,67187
1774136700000,0.06286,0.06286,0.06136,0.06173,5037097
1774137600000,0.06173,0.06173,0.06076,0.06124,4700455
1774138500000,0.06124,0.06169,0.0612,0.06157,528266
1774139400000,0.06157,0.06174,0.06152,0.06168,86737
1774140300000,0.06168,0.06178,0.06136,0.06151,148973
1774141200000,0.06151,0.06169,0.06124,0.0614,484375
1774142100000,0.0614,0.06147,0.06115,0.0612,72418
1774143000000,0.0612,0.06126,0.06097,0.06114,176696
1774143900000,0.06114,0.06143,0.06114,0.06143,53366
1774144800000,0.06143,0.06159,0.06143,0.06152,62546
1774145700000,0.06152,0.06203,0.06145,0.06194,121095
1774146600000,0.06194,0.06195,0.06168,0.06169,126834
1774147500000,0.06169,0.06188,0.06166,0.06176,108676
1774148400000,0.06176,0.06176,0.0616,0.0617,40354
1774149300000,0.0617,0.06212,0.06169,0.06202,143089
1774150200000,0.06202,0.06218,0.06185,0.06191,1044184
1774151100000,0.06191,0.06191,0.06177,0.0618,112811
1774152000000,0.0618,0.06209,0.06175,0.06209,67660
1774152900000,0.06209,0.06222,0.06183,0.06185,292830
1774153800000,0.06185,0.06215,0.06179,0.0619,437519
1774154700000,0.0619,0.0619,0.06171,0.06175,154068
1774155600000,0.06175,0.06182,0.06165,0.06173,58249
1774156500000,0.06173,0.0618,0.06165,0.06168,102305
1774157400000,0.06168,0.0617,0.06159,0.06164,207719
1774158300000,0.06164,0.06166,0.06159,0.06159,13230
1774159200000,0.06159,0.06159,0.06143,0.06145,349957
1774160100000,0.06145,0.06149,0.06119,0.06137,477289
1774161000000,0.06137,0.06137,0.06119,0.06123,71472
1774161900000,0.06123,0.06144,0.06123,0.06141,51936
1774162800000,0.06141,0.06153,0.06141,0.06145,86459
1774163700000,0.06145,0.06145,0.06125,0.0613,45339
1774164600000,0.0613,0.0613,0.06109,0.06109,173244
1774165500000,0.06109,0.06117,0.06095,0.06095,98996
1774166400000,0.06095,0.06101,0.06072,0.061,1860506
1774167300000,0.061,0.061,0.06046,0.06066,1040505
1774168200000,0.06066,0.06092,0.06061,0.06088,142548
1774169100000,0.06088,0.06095,0.06078,0.06092,227221
1774170000000,0.06092,0.06098,0.06086,0.06091,535142
1774170900000,0.06091,0.06096,0.06043,0.06052,1758228
1774171800000,0.06052,0.0606,0.06038,0.06056,379135
1774172700000,0.06056,0.06064,0.0605,0.0606,467633
1774173600000,0.0606,0.06062,0.0603,0.06039,594108
1774174500000,0.06039,0.06039,0.06024,0.06029,498522
1774175400000,0.06029,0.06037,0.06016,0.0602,95411
1774176300000,0.0602,0.06023,0.06016,0.06018,601494
1774177200000,0.06018,0.06029,0.0601,0.06017,518208
1774178100000,0.06017,0.06027,0.06005,0.06008,528233
1774179000000,0.06008,0.06023,0.06006,0.06023,531302
1774179900000,0.06023,0.06023,0.05984,0.06002,2628850
1774180800000,0.06002,0.06012,0.06,0.06003,641709
1774181700000,0.06003,0.06039,0.06,0.06029,771727
1774182600000,0.06029,0.06033,0.06026,0.06028,61968
1774183500000,0.06028,0.06032,0.06017,0.0602,381592
1774184400000,0.0602,0.06037,0.06014,0.06021,203854
1774185300000,0.06021,0.06023,0.06014,0.06023,95097
1774186200000,0.06023,0.0603,0.06006,0.0601,116759
1774187100000,0.0601,0.06015,0.06004,0.06008,57321
1774188000000,0.06008,0.06016,0.05966,0.05988,2045496
1774188900000,0.05988,0.05999,0.05978,0.05987,131413
1774189800000,0.05987,0.05995,0.05979,0.05992,563464
1774190700000,0.05992,0.05992,0.05981,0.05984,117687
1774191600000,0.05984,0.06022,0.05984,0.06017,438129
1774192500000,0.06017,0.06022,0.06,0.06004,212225
1774193400000,0.06004,0.06004,0.05984,0.05991,770640
1774194300000,0.05991,0.06002,0.05985,0.05993,42258
1774195200000,0.05993,0.06003,0.05982,0.05999,202354
1774196100000,0.05999,0.06002,0.0599,0.0599,67250
1774197000000,0.0599,0.05997,0.05983,0.05983,28437
1774197900000,0.05983,0.05997,0.05983,0.05987,151514
1774198800000,0.05987,0.05991,0.05978,0.05986,179807
1774199700000,0.05986,0.05992,0.05983,0.05988,44339
1774200600000,0.05988,0.05988,0.05976,0.05981,341990
1774201500000,0.05981,0.0599,0.05979,0.05986,63585
1774202400000,0.05986,0.0599,0.05976,0.05988,229382
1774203300000,0.05988,0.05989,0.05982,0.05983,356043
1774204200000,0.05983,0.05992,0.05941,0.0596,1207400
1774205100000,0.0596,0.05966,0.05949,0.05958,580675
1774206000000,0.05958,0.05961,0.05928,0.05935,525075
1774206900000,0.05935,0.05938,0.05921,0.05922,606428
1774207800000,0.05922,0.05957,0.05916,0.05956,115046
1774208700000,0.05956,0.05961,0.05947,0.05956,121127
1774209600000,0.05956,0.05982,0.05956,0.05971,323983
1774210500000,0.05971,0.05988,0.05969,0.05969,67624
1774211400000,0.05969,0.05975,0.0596,0.05969,94601
1774212300000,0.05969,0.05969,0.05954,0.05961,83237
1774213200000,0.05961,0.05967,0.05915,0.05933,860827
1774214100000,0.05933,0.05933,0.05867,0.05913,1845861
1774215000000,0.05913,0.05928,0.05889,0.05922,97846
1774215900000,0.05922,0.05929,0.05902,0.05925,494726
1774216800000,0.05925,0.05928,0.05893,0.05904,195157
1774217700000,0.05904,0.05973,0.05903,0.05963,374957
1774218600000,0.05963,0.05972,0.0594,0.05941,43554
1774219500000,0.05941,0.05961,0.05941,0.05958,95369
1774220400000,0.05958,0.05962,0.05935,0.05958,122657
1774221300000,0.05958,0.05961,0.05941,0.05941,282357
1774222200000,0.05941,0.05942,0.05926,0.05932,453190
1774223100000,0.05932,0.05932,0.0591,0.05912,88235
1774224000000,0.05912,0.05959,0.05912,0.05959,1054931
1774224900000,0.05959,0.05969,0.05943,0.05955,165230
1774225800000,0.05955,0.0596,0.05926,0.0596,380548
1774226700000,0.0596,0.05988,0.0596,0.05978,119394
1774227600000,0.05978,0.06014,0.05963,0.05998,296964
1774228500000,0.05998,0.06011,0.05997,0.06003,212982
1774229400000,0.06003,0.06008,0.05992,0.06004,141448
1774230300000,0.06004,0.06008,0.05976,0.05976,62206
1774231200000,0.05976,0.05987,0.05964,0.05964,45841
1774232100000,0.05964,0.06018,0.05961,0.06013,65490
1774233000000,0.06013,0.06015,0.05997,0.06002,206102
1774233900000,0.06002,0.06002,0.05991,0.05991,60920
1774234800000,0.05991,0.06019,0.05991,0.05997,50181
1774235700000,0.05997,0.06016,0.05997,0.06015,311924
1774236600000,0.06015,0.06025,0.06009,0.06025,128441
1774237500000,0.06025,0.06027,0.06014,0.06014,799573
1774238400000,0.06014,0.06041,0.06014,0.0604,628500
1774239300000,0.0604,0.06042,0.0603,0.06039,58296
1774240200000,0.06039,0.06047,0.06039,0.06041,48031
1774241100000,0.06041,0.06066,0.0604,0.06066,171755
1774242000000,0.06066,0.06066,0.06057,0.06062,31578
1774242900000,0.06062,0.06066,0.06052,0.06052,34251
1774243800000,0.06052,0.06052,0.06027,0.06029,374892
1774244700000,0.06029,0.06043,0.06025,0.06043,100941
1774245600000,0.06043,0.06043,0.06006,0.06006,137784
1774246500000,0.06006,0.06017,0.06,0.06001,114521
1774247400000,0.06001,0.06001,0.05942,0.05955,376021
1774248300000,0.05955,0.05968,0.05937,0.05957,196497
1774249200000,0.05957,0.05957,0.05912,0.0593,835189
1774250100000,0.0593,0.05932,0.0588,0.05895,226407
1774251000000,0.05895,0.05928,0.05892,0.05912,108154
1774251900000,0.05912,0.05922,0.05907,0.05908,288043
1774252800000,0.05908,0.05936,0.05907,0.05933,445481
1774253700000,0.05933,0.05933,0.05919,0.05919,53239
1774254600000,0.05919,0.05926,0.05906,0.05906,287031
1774255500000,0.05906,0.05907,0.05874,0.05879,276544
1774256400000,0.05879,0.05879,0.05856,0.05867,1958241
1774257300000,0.05867,0.05879,0.05862,0.05872,258206
1774258200000,0.05872,0.05881,0.05834,0.05876,1333960
1774259100000,0.05876,0.05916,0.05876,0.05913,84822
1774260000000,0.05913,0.05958,0.05913,0.05946,837539
1774260900000,0.05946,0.05949,0.05921,0.05924,97856
1774261800000,0.05924,0.05927,0.05901,0.05909,173136
1774262700000,0.05909,0.05917,0.05895,0.05913,147385
1774263600000,0.05913,0.06194,0.05908,0.06135,6294080
1774264500000,0.06135,0.06186,0.06097,0.06138,639294
1774265400000,0.06138,0.06185,0.06129,0.06136,715476
1774266300000,0.06136,0.06136,0.06072,0.06079,749944
1774267200000,0.06079,0.06123,0.06069,0.06101,657244
1774268100000,0.06101,0.06124,0.06092,0.06108,69652
1774269000000,0.06108,0.06129,0.06078,0.06117,742495
1774269900000,0.06117,0.06123,0.061,0.06103,59789
1774270800000,0.06103,0.0612,0.06086,0.06092,106133
1774271700000,0.06092,0.06092,0.06052,0.06064,3918232
1774272600000,0.06064,0.06103,0.06047,0.06091,744709
1774273500000,0.06091,0.06126,0.06083,0.0611,398854
1774274400000,0.0611,0.06135,0.06096,0.06108,276474
1774275300000,0.06108,0.06127,0.06085,0.06085,302897
1774276200000,0.06085,0.06105,0.06085,0.06092,157798
1774277100000,0.06092,0.06098,0.06074,0.06096,65035
1774278000000,0.06096,0.0613,0.06087,0.06116,307625
1774278900000,0.06116,0.06116,0.06064,0.06075,946626
1774279800000,0.06075,0.06075,0.06002,0.06019,509855
1774280700000,0.06019,0.06035,0.0598,0.0598,451668
1774281600000,0.0598,0.06039,0.0598,0.06021,941698
1774282500000,0.06021,0.06021,0.05958,0.05969,824926
1774283400000,0.05969,0.05997,0.05952,0.05984,424552
1774284300000,0.05984,0.06001,0.05967,0.05984,304093
1774285200000,0.05984,0.05992,0.05976,0.05976,121909
1774286100000,0.05976,0.05976,0.05941,0.05954,722523
1774287000000,0.05954,0.0599,0.05948,0.05973,693504
1774287900000,0.05973,0.05987,0.05968,0.05981,128081
1774288800000,0.05981,0.05996,0.05963,0.05974,822351
1774289700000,0.05974,0.0598,0.05969,0.05973,19186
1774290600000,0.05973,0.05985,0.05973,0.0598,88760
1774291500000,0.0598,0.05993,0.05975,0.05987,204232
1774292400000,0.05987,0.06024,0.05972,0.05982,1798523
1774293300000,0.05982,0.06002,0.05968,0.06002,156183
1774294200000,0.06002,0.06007,0.05981,0.05987,159858
1774295100000,0.05987,0.05995,0.05976,0.05978,122864
1774296000000,0.05978,0.05981,0.05952,0.05975,238225
1774296900000,0.05975,0.05996,0.05975,0.05988,1664333
1774297800000,0.05988,0.06053,0.05988,0.06053,1520502
1774298700000,0.06053,0.06053,0.06032,0.06036,108410
1774299600000,0.06036,0.06051,0.06013,0.06015,46544
1774300500000,0.06015,0.06038,0.06015,0.06036,231675
1774301400000,0.06036,0.0606,0.06036,0.06053,99924
1774302300000,0.06053,0.06062,0.06046,0.06056,125025
1774303200000,0.06056,0.06056,0.06019,0.06026,433564
1774304100000,0.06026,0.06026,0.0601,0.06017,353453
1774305000000,0.06017,0.06017,0.05993,0.06005,418978
1774305900000,0.06005,0.06011,0.05995,0.05998,292483
1774306800000,0.05998,0.05999,0.05955,0.05976,240737
1774307700000,0.05976,0.06017,0.05971,0.06017,206912
1774308600000,0.06017,0.06045,0.06003,0.06044,211340
1774309500000,0.06044,0.06063,0.06034,0.06042,1187235
1774310400000,0.06042,0.06066,0.06036,0.06042,356386
1774311300000,0.06042,0.06046,0.06015,0.06015,147057
1774312200000,0.06015,0.06029,0.05996,0.06017,750436
1774313100000,0.06017,0.06032,0.06011,0.0602,20962
1774314000000,0.0602,0.0602,0.05986,0.0599,493147
1774314900000,0.0599,0.05998,0.05981,0.05994,167686
1774315800000,0.05994,0.05994,0.05955,0.05956,172992
1774316700000,0.05956,0.05983,0.05956,0.05982,650003
1774317600000,0.05982,0.06009,0.05967,0.05972,303312
1774318500000,0.05972,0.05999,0.0597,0.05999,323697
1774319400000,0.05999,0.06015,0.0598,0.05995,177500
1774320300000,0.05995,0.06002,0.05971,0.05978,537234
1774321200000,0.05978,0.05992,0.0597,0.0597,277043
1774322100000,0.0597,0.05992,0.0597,0.05991,272796
1774323000000,0.05991,0.06009,0.05985,0.06008,83190
1774323900000,0.06008,0.0602,0.06004,0.0602,41582
1774324800000,0.0602,0.06031,0.06017,0.0603,74177
1774325700000,0.0603,0.0603,0.06014,0.06017,201096
1774326600000,0.06017,0.06018,0.05994,0.05998,218791
1774327500000,0.05998,0.06006,0.05989,0.06003,28827
1774328400000,0.06003,0.06007,0.05982,0.0599,79676
1774329300000,0.0599,0.06015,0.0599,0.06003,237675
1774330200000,0.06003,0.06025,0.06003,0.06025,45547
1774331100000,0.06025,0.06033,0.06018,0.06023,25011
1774332000000,0.06023,0.06027,0.06011,0.06013,12203
1774332900000,0.06013,0.06016,0.05995,0.05999,173854
1774333800000,0.05999,0.06011,0.05999,0.06009,511895
1774334700000,0.06009,0.06026,0.06009,0.06025,178546
1774335600000,0.06025,0.06063,0.06023,0.06057,231642
1774336500000,0.06057,0.06069,0.06049,0.06069,43919
1774337400000,0.06069,0.06079,0.06063,0.06071,262765
1774338300000,0.06071,0.06107,0.06069,0.06097,584814
1774339200000,0.06097,0.06111,0.06093,0.06098,91507
1774340100000,0.06098,0.06098,0.06077,0.06089,275551
1774341000000,0.06089,0.0612,0.06086,0.0612,207174
1774341900000,0.0612,0.0616,0.0612,0.06127,1346231
1774342800000,0.06127,0.06142,0.06109,0.06123,285112
1774343700000,0.06123,0.06136,0.0611,0.06132,85247
1774344600000,0.06132,0.06132,0.06114,0.06121,29094
1774345500000,0.06121,0.06123,0.06101,0.06104,120007
1774346400000,0.06104,0.06106,0.0608,0.06091,36484
1774347300000,0.06091,0.06133,0.06088,0.061,1232114
1774348200000,0.061,0.06107,0.06091,0.06107,102715
1774349100000,0.06107,0.06113,0.06103,0.06113,104152
1774350000000,0.06113,0.06113,0.06076,0.06082,348086
1774350900000,0.06082,0.06089,0.0607,0.06082,150287
1774351800000,0.06082,0.06087,0.06072,0.06081,129576
1774352700000,0.06081,0.06086,0.06066,0.06076,167169
1774353600000,0.06076,0.06081,0.06057,0.06073,821871
1774354500000,0.06073,0.06073,0.06056,0.06066,123093
1774355400000,0.06066,0.06074,0.06054,0.06073,346974
1774356300000,0.06073,0.06073,0.0606,0.0606,70453
1774357200000,0.0606,0.06078,0.06058,0.06065,255676
1774358100000,0.06065,0.06075,0.06063,0.06074,98576
1774359000000,0.06074,0.06094,0.05995,0.06015,3404399
1774359900000,0.06015,0.06026,0.06003,0.0601,282219
1774360800000,0.0601,0.06035,0.05992,0.06003,614974
1774361700000,0.06003,0.06023,0.05996,0.06012,729843
1774362600000,0.06012,0.06019,0.05984,0.05993,213575
1774363500000,0.05993,0.06028,0.05974,0.06014,1177926
1774364400000,0.06014,0.06023,0.06002,0.06005,100125
1774365300000,0.06005,0.06029,0.06002,0.06011,248453
1774366200000,0.06011,0.06018,0.05993,0.06001,135982
1774367100000,0.06001,0.06006,0.05994,0.05994,81488
1774368000000,0.05994,0.06005,0.05985,0.06001,101584
1774368900000,0.06001,0.06006,0.05986,0.05991,139545
1774369800000,0.05991,0.05991,0.0597,0.05975,462905
1774370700000,0.05975,0.05986,0.05973,0.05977,44081
1774371600000,0.05977,0.05977,0.05935,0.05957,559515
1774372500000,0.05957,0.05962,0.05946,0.05948,120595
1774373400000,0.05948,0.05964,0.05919,0.0592,226643
1774374300000,0.0592,0.05936,0.05916,0.05932,1023440
1774375200000,0.05932,0.05938,0.05922,0.05928,121997
1774376100000,0.05928,0.05941,0.05914,0.05932,271315
1774377000000,0.05932,0.05969,0.05932,0.05951,410039
1774377900000,0.05951,0.05952,0.05936,0.05943,228532
1774378800000,0.05943,0.05957,0.05943,0.05955,72441
1774379700000,0.05955,0.05967,0.05945,0.05945,80978
1774380600000,0.05945,0.05945,0.05928,0.05933,104812
1774381500000,0.05933,0.05933,0.0592,0.05923,82207
1774382400000,0.05923,0.05927,0.05916,0.05922,317096
1774383300000,0.05922,0.06009,0.05922,0.05995,1263856
1774384200000,0.05995,0.06031,0.05993,0.0601,696117
1774385100000,0.0601,0.0604,0.0601,0.06038,252142
1774386000000,0.06038,0.06062,0.06031,0.06046,1215646
1774386900000,0.06046,0.06046,0.06013,0.06025,148667
1774387800000,0.06025,0.06064,0.06023,0.0605,394415
1774388700000,0.0605,0.0606,0.06041,0.06046,42759
1774389600000,0.06046,0.06066,0.06045,0.0606,253355
1774390500000,0.0606,0.0606,0.06045,0.06045,127267
1774391400000,0.06045,0.06055,0.06036,0.06046,125437
1774392300000,0.06046,0.06052,0.06043,0.06047,62913
1774393200000,0.06047,0.06068,0.06047,0.06066,104618
1774394100000,0.06066,0.06081,0.06066,0.0608,384708
1774395000000,0.0608,0.06081,0.0606,0.06068,318336
1774395900000,0.06068,0.06081,0.06068,0.06075,23094
1774396800000,0.06075,0.06089,0.06071,0.06079,154265
1774397700000,0.06079,0.06079,0.06059,0.0606,136123
1774398600000,0.0606,0.06091,0.06042,0.0609,432700
1774399500000,0.0609,0.06096,0.06068,0.06068,66951
1774400400000,0.06068,0.06069,0.06049,0.06064,201631
1774401300000,0.06064,0.06077,0.06054,0.06068,199924
1774402200000,0.06068,0.06091,0.06064,0.06089,68997
1774403100000,0.06089,0.06089,0.06072,0.06074,104883
1774404000000,0.06074,0.06085,0.0606,0.06076,65360
1774404900000,0.06076,0.06085,0.06072,0.0608,6538
1774405800000,0.0608,0.0608,0.0607,0.06076,115086
1774406700000,0.06076,0.06083,0.06055,0.06055,115871
1774407600000,0.06055,0.06061,0.06038,0.06046,162224
1774408500000,0.06046,0.06063,0.0604,0.06063,36953
1774409400000,0.06063,0.06091,0.06063,0.06086,127310
1774410300000,0.06086,0.06095,0.0608,0.0608,128026
1774411200000,0.0608,0.06089,0.06078,0.06081,73542
1774412100000,0.06081,0.06091,0.06078,0.0609,36061
1774413000000,0.0609,0.0609,0.06077,0.06077,91371
1774413900000,0.06077,0.06098,0.06075,0.06097,41038
1774414800000,0.06097,0.06116,0.06084,0.06099,559818
1774415700000,0.06099,0.06099,0.06075,0.06078,232346
1774416600000,0.06078,0.06087,0.06075,0.06087,117503
1774417500000,0.06087,0.0609,0.06079,0.0608,47604
1774418400000,0.0608,0.06085,0.06075,0.06075,169644
1774419300000,0.06075,0.06089,0.06073,0.06089,285350
1774420200000,0.06089,0.0609,0.06075,0.0608,170825
1774421100000,0.0608,0.06091,0.06075,0.06079,618555
1774422000000,0.06079,0.06099,0.06079,0.06099,290183
1774422900000,0.06099,0.06116,0.06099,0.06102,100725
1774423800000,0.06102,0.06134,0.06102,0.06118,200252
1774424700000,0.06118,0.06118,0.061,0.06109,108751
1774425600000,0.06109,0.0615,0.06109,0.06135,155082
1774426500000,0.06135,0.06187,0.06134,0.06164,310454
1774427400000,0.06164,0.06188,0.06159,0.06181,1007601
1774428300000,0.06181,0.06181,0.06149,0.06149,187200
1774429200000,0.06149,0.0618,0.06143,0.06162,737792
1774430100000,0.06162,0.06168,0.06135,0.06136,94150
1774431000000,0.06136,0.06157,0.06135,0.06157,147246
1774431900000,0.06157,0.06166,0.06148,0.06157,77255
1774432800000,0.06157,0.06167,0.06138,0.06152,869488
1774433700000,0.06152,0.0616,0.06148,0.0616,195490
1774434600000,0.0616,0.06165,0.06153,0.06153,45189
1774435500000,0.06153,0.06172,0.06153,0.06165,282405
1774436400000,0.06165,0.06173,0.06154,0.06162,159896
1774437300000,0.06162,0.06181,0.06162,0.06175,458991
1774438200000,0.06175,0.06187,0.06157,0.06162,716399
1774439100000,0.06162,0.06166,0.06141,0.06153,325991
1774440000000,0.06153,0.06171,0.06153,0.0616,138636
1774440900000,0.0616,0.06171,0.06132,0.06147,1071602
1774441800000,0.06147,0.06148,0.06124,0.06125,200652
1774442700000,0.06125,0.06138,0.0609,0.06109,1038103
1774443600000,0.06109,0.06115,0.06103,0.06115,74439
1774444500000,0.06115,0.06129,0.06096,0.06122,239490
1774445400000,0.06122,0.0614,0.06103,0.06107,247190
1774446300000,0.06107,0.06118,0.06086,0.06113,720343
1774447200000,0.06113,0.06113,0.06077,0.06092,383872
1774448100000,0.06092,0.06101,0.06079,0.06079,186686
1774449000000,0.06079,0.06083,0.06072,0.06081,39421
1774449900000,0.06081,0.06098,0.06076,0.06089,1252673
1774450800000,0.06089,0.06107,0.06078,0.06083,252707
1774451700000,0.06083,0.06083,0.0605,0.06073,416215
1774452600000,0.06073,0.06076,0.06051,0.06056,94402
1774453500000,0.06056,0.06079,0.06055,0.06075,103456
1774454400000,0.06075,0.06083,0.06067,0.06075,49298
1774455300000,0.06075,0.06129,0.06067,0.0611,1029549
1774456200000,0.0611,0.06116,0.06097,0.06114,152074
1774457100000,0.06114,0.06114,0.06084,0.06085,181439
1774458000000,0.06085,0.06105,0.06085,0.06099,77636
1774458900000,0.06099,0.06111,0.06091,0.06106,105693
1774459800000,0.06106,0.06106,0.06091,0.06096,115265
1774460700000,0.06096,0.06099,0.06083,0.06087,63127
1774461600000,0.06087,0.06091,0.06075,0.06077,64126
1774462500000,0.06077,0.061,0.06077,0.06098,95312
1774463400000,0.06098,0.06104,0.06079,0.0608,86023
1774464300000,0.0608,0.06086,0.06063,0.06078,132047
1774465200000,0.06078,0.06087,0.06071,0.06084,65319
1774466100000,0.06084,0.06088,0.06083,0.06086,8383
1774467000000,0.06086,0.06098,0.06086,0.06097,100815
1774467900000,0.06097,0.06097,0.0608,0.06087,8648
1774468800000,0.06087,0.06089,0.06079,0.06082,67977
1774469700000,0.06082,0.06088,0.06055,0.06059,159333
1774470600000,0.06059,0.0607,0.06047,0.0607,539083
1774471500000,0.0607,0.06075,0.06068,0.06071,138991
1774472400000,0.06071,0.0609,0.06062,0.0609,160450
1774473300000,0.0609,0.06099,0.06077,0.06077,363891
1774474200000,0.06077,0.06093,0.06076,0.06087,70851
1774475100000,0.06087,0.06097,0.06084,0.06097,92570
1774476000000,0.06097,0.06112,0.06091,0.06103,608740
1774476900000,0.06103,0.06118,0.06101,0.06101,190528
1774477800000,0.06101,0.06133,0.06101,0.0612,229179
1774478700000,0.0612,0.06126,0.06112,0.06123,52802
1774479600000,0.06123,0.06126,0.06119,0.0612,55798
1774480500000,0.0612,0.06125,0.06118,0.06124,136178
1774481400000,0.06124,0.06124,0.06112,0.06119,44268
1774482300000,0.06119,0.06129,0.06116,0.06128,63829
1774483200000,0.06128,0.0613,0.06108,0.0611,174789
1774484100000,0.0611,0.06126,0.0611,0.06116,19444
1774485000000,0.06116,0.06116,0.06106,0.06113,69017
1774485900000,0.06113,0.06124,0.06108,0.06118,41238
1774486800000,0.06118,0.06122,0.06109,0.06112,25454
1774487700000,0.06112,0.06119,0.06105,0.06119,514299
1774488600000,0.06119,0.06126,0.06102,0.06102,132586
1774489500000,0.06102,0.06102,0.0609,0.0609,46264
1774490400000,0.0609,0.06093,0.06059,0.06061,106332
1774491300000,0.06061,0.06062,0.06045,0.06051,297293
1774492200000,0.06051,0.06051,0.06019,0.06028,1390444
1774493100000,0.06028,0.06052,0.06028,0.0605,215377
1774494000000,0.0605,0.06058,0.06042,0.06058,152467
1774494900000,0.06058,0.06058,0.06009,0.06011,511536
1774495800000,0.06011,0.06022,0.06011,0.06018,79789
1774496700000,0.06018,0.06023,0.06017,0.06023,39038
1774497600000,0.06023,0.06023,0.06008,0.06013,166609
1774498500000,0.06013,0.06016,0.0601,0.06014,50697
1774499400000,0.06014,0.06014,0.06004,0.06011,128399
1774500300000,0.06011,0.06011,0.05994,0.06002,464053
1774501200000,0.06002,0.06002,0.05972,0.05978,404721
1774502100000,0.05978,0.05989,0.05968,0.05978,52100
1774503000000,0.05978,0.05986,0.0596,0.0596,117109
1774503900000,0.0596,0.05971,0.05945,0.05954,193713
1774504800000,0.05954,0.05971,0.0595,0.05969,319582
1774505700000,0.05969,0.05975,0.05925,0.05941,1301581
1774506600000,0.05941,0.05948,0.0592,0.05932,999723
1774507500000,0.05932,0.05946,0.0593,0.05939,360510
1774508400000,0.05939,0.05963,0.05938,0.05956,87537
1774509300000,0.05956,0.05958,0.05939,0.0595,383202
1774510200000,0.0595,0.05972,0.05948,0.05966,308254
1774511100000,0.05966,0.05989,0.05966,0.0598,693158
1774512000000,0.0598,0.0598,0.05949,0.05949,522264
1774512900000,0.05949,0.05949,0.0593,0.05932,68386
1774513800000,0.05932,0.05949,0.05911,0.0593,1900761
1774514700000,0.0593,0.05937,0.05925,0.05936,136728
1774515600000,0.05936,0.05951,0.05925,0.05947,431603
1774516500000,0.05947,0.05959,0.05933,0.05953,363386
1774517400000,0.05953,0.05953,0.0586,0.05899,6878934
1774518300000,0.05899,0.05907,0.05891,0.05903,450269
1774519200000,0.05903,0.05903,0.05861,0.05877,1375686
1774520100000,0.05877,0.059,0.05877,0.059,525791
1774521000000,0.059,0.059,0.05884,0.05886,88366
1774521900000,0.05886,0.05894,0.05886,0.05893,130357
1774522800000,0.05893,0.05899,0.05879,0.05892,315555
1774523700000,0.05892,0.05897,0.05884,0.05891,266279
1774524600000,0.05891,0.05897,0.05864,0.05886,107942
1774525500000,0.05886,0.05896,0.05886,0.05891,124226
1774526400000,0.05891,0.05893,0.05878,0.05885,1250391
1774527300000,0.05885,0.05914,0.05885,0.0591,992421
1774528200000,0.0591,0.05915,0.05905,0.05914,499795
1774529100000,0.05914,0.05918,0.05896,0.05901,1046241
1774530000000,0.05901,0.05905,0.05897,0.05901,181372
1774530900000,0.05901,0.05905,0.0589,0.05893,131878
1774531800000,0.05893,0.05917,0.05885,0.05917,546732
1774532700000,0.05917,0.05954,0.05917,0.05926,441915
1774533600000,0.05926,0.0594,0.05916,0.05923,153335
1774534500000,0.05923,0.05931,0.05909,0.05926,264486
1774535400000,0.05926,0.05941,0.05924,0.05924,83632
1774536300000,0.05924,0.05926,0.059,0.05907,450974
1774537200000,0.05907,0.05907,0.05842,0.05856,2284616
1774538100000,0.05856,0.05874,0.05842,0.05852,1294487
1774539000000,0.05852,0.05853,0.058,0.05834,4210872
1774539900000,0.05834,0.05846,0.05819,0.05824,3382378
1774540800000,0.05824,0.05834,0.05819,0.05828,697894
1774541700000,0.05828,0.05846,0.05821,0.05832,479786
1774542600000,0.05832,0.0585,0.05832,0.0585,701819
1774543500000,0.0585,0.0585,0.0583,0.05836,236432
1774544400000,0.05836,0.05856,0.0583,0.05848,435001
1774545300000,0.05848,0.0585,0.05842,0.05844,294685
1774546200000,0.05844,0.0586,0.05844,0.0586,296587
1774547100000,0.0586,0.0586,0.05831,0.05844,528869
1774548000000,0.05844,0.05848,0.05821,0.05832,580670
1774548900000,0.05832,0.05832,0.05801,0.05809,1053958
1774549800000,0.05809,0.05821,0.05807,0.05821,90679
1774550700000,0.05821,0.05838,0.05815,0.05835,512742
1774551600000,0.05835,0.05835,0.05819,0.05827,95831
1774552500000,0.05827,0.05831,0.05786,0.05804,1440830
1774553400000,0.05804,0.05822,0.05804,0.05816,210956
1774554300000,0.05816,0.05821,0.05808,0.05808,51967
1774555200000,0.05808,0.05884,0.05786,0.05861,2291326
1774556100000,0.05861,0.05893,0.05855,0.05878,595792
1774557000000,0.05878,0.05891,0.05874,0.05889,84558
1774557900000,0.05889,0.05891,0.05863,0.05869,666479
1774558800000,0.05869,0.05874,0.05848,0.05862,211858
1774559700000,0.05862,0.059,0.05862,0.05894,91057
1774560600000,0.05894,0.05912,0.05889,0.05889,221895
1774561500000,0.05889,0.05894,0.05882,0.05882,46300
1774562400000,0.05882,0.05882,0.05863,0.05867,78794
1774563300000,0.05867,0.05871,0.05843,0.05857,143385
1774564200000,0.05857,0.05871,0.05857,0.05865,209667
1774565100000,0.05865,0.0588,0.05861,0.05874,763652
1774566000000,0.05874,0.05887,0.05867,0.05874,320752
1774566900000,0.05874,0.05877,0.05869,0.0587,69966
1774567800000,0.0587,0.05883,0.05867,0.05877,382218
1774568700000,0.05877,0.0589,0.05877,0.05883,94305
1774569600000,0.05883,0.05886,0.05875,0.05878,112303
1774570500000,0.05878,0.05886,0.05874,0.05877,49118
1774571400000,0.05877,0.05892,0.05874,0.05877,186517
1774572300000,0.05877,0.05877,0.05865,0.05875,153825
1774573200000,0.05875,0.0588,0.05861,0.05872,42452
1774574100000,0.05872,0.05891,0.05872,0.05891,21759
1774575000000,0.05891,0.05892,0.05881,0.05888,160153
1774575900000,0.05888,0.05896,0.05888,0.05892,58286
1774576800000,0.05892,0.05904,0.05891,0.05892,83028
1774577700000,0.05892,0.05893,0.05886,0.05891,84808
1774578600000,0.05891,0.05905,0.05889,0.05889,8940
1774579500000,0.05889,0.0589,0.05871,0.05872,244743
1774580400000,0.05872,0.05875,0.05813,0.05816,910145
1774581300000,0.05816,0.05823,0.05811,0.05823,175207
1774582200000,0.05823,0.05842,0.05823,0.05837,87879
1774583100000,0.05837,0.05837,0.0583,0.05833,58326
1774584000000,0.05833,0.05833,0.05788,0.05799,2418807
1774584900000,0.05799,0.05808,0.05781,0.05789,810397
1774585800000,0.05789,0.05789,0.05763,0.05776,2877404
1774586700000,0.05776,0.05784,0.05767,0.05783,194788
1774587600000,0.05783,0.05813,0.05781,0.05808,75480
1774588500000,0.05808,0.05811,0.05768,0.05774,1061845
1774589400000,0.05774,0.05792,0.0577,0.05782,272515
1774590300000,0.05782,0.05794,0.05778,0.05793,203754
1774591200000,0.05793,0.05801,0.05787,0.05796,86908
1774592100000,0.05796,0.05796,0.05776,0.05789,153679
1774593000000,0.05789,0.05796,0.05785,0.05786,142736
1774593900000,0.05786,0.05795,0.0578,0.05789,22857
1774594800000,0.05789,0.05791,0.05767,0.05774,158461
1774595700000,0.05774,0.05786,0.05767,0.0578,48418
1774596600000,0.0578,0.05785,0.05775,0.05783,388877
1774597500000,0.05783,0.05788,0.05772,0.05788,572474
1774598400000,0.05788,0.05806,0.0578,0.05782,369899
1774599300000,0.05782,0.05782,0.05769,0.05769,46306
1774600200000,0.05769,0.05776,0.05672,0.05704,3751808
1774601100000,0.05704,0.05739,0.05693,0.05717,554300
1774602000000,0.05717,0.05717,0.05631,0.05638,2807910
1774602900000,0.05638,0.0567,0.05635,0.05666,371658
1774603800000,0.05666,0.05672,0.05652,0.05656,440080
1774604700000,0.05656,0.05666,0.05649,0.05659,570998
1774605600000,0.05659,0.05666,0.05643,0.0566,154084
1774606500000,0.0566,0.05685,0.0566,0.05682,409699
1774607400000,0.05682,0.05686,0.05571,0.05602,5134797
1774608300000,0.05602,0.05615,0.05547,0.05593,3394526
1774609200000,0.05593,0.05616,0.05581,0.05601,2174518
1774610100000,0.05601,0.05624,0.05601,0.05605,879874
1774611000000,0.05605,0.05618,0.05605,0.05611,591817
1774611900000,0.05611,0.05618,0.05602,0.05611,214645
1774612800000,0.05611,0.05611,0.05587,0.05598,686301
1774613700000,0.05598,0.05613,0.05596,0.05602,335567
1774614600000,0.05602,0.05607,0.05593,0.05607,294473
1774615500000,0.05607,0.05623,0.05598,0.05623,1570332
1774616400000,0.05623,0.05636,0.05607,0.05611,2259139
1774617300000,0.05611,0.05634,0.05611,0.05621,2237419
1774618200000,0.05621,0.05632,0.05576,0.05626,3121009
1774619100000,0.05626,0.0563,0.056,0.0561,723806
1774620000000,0.0561,0.0564,0.05607,0.0564,1324292
1774620900000,0.0564,0.0564,0.0559,0.05593,302118
1774621800000,0.05593,0.05608,0.05591,0.05601,242373
1774622700000,0.05601,0.05609,0.05591,0.05603,270306
1774623600000,0.05603,0.05618,0.05597,0.05618,314855
1774624500000,0.05618,0.05624,0.05578,0.05599,899626
1774625400000,0.05599,0.05623,0.05593,0.05599,176052
1774626300000,0.05599,0.05619,0.05579,0.0558,238029
1774627200000,0.0558,0.05585,0.05557,0.05579,1437102
1774628100000,0.05579,0.05584,0.05563,0.05563,355009
1774629000000,0.05563,0.0557,0.05518,0.05546,4425045
1774629900000,0.05546,0.05556,0.05537,0.05538,198490
1774630800000,0.05538,0.0557,0.05536,0.05561,534298
1774631700000,0.05561,0.05568,0.05526,0.05528,570052
1774632600000,0.05528,0.05549,0.05524,0.0553,98915
1774633500000,0.0553,0.05538,0.05502,0.05518,517100
1774634400000,0.05518,0.05518,0.05499,0.05499,523395
1774635300000,0.05499,0.05513,0.05472,0.05494,4640851
1774636200000,0.05494,0.05498,0.05476,0.05486,392548
1774637100000,0.05486,0.0549,0.05482,0.05482,98343
1774638000000,0.05482,0.05482,0.05465,0.05481,773276
1774638900000,0.05481,0.05498,0.05481,0.05486,38481
1774639800000,0.05486,0.05497,0.0548,0.05482,276686
1774640700000,0.05482,0.05503,0.05482,0.05496,388384
1774641600000,0.05496,0.05507,0.05489,0.05501,585071
1774642500000,0.05501,0.05504,0.05479,0.05484,148996
1774643400000,0.05484,0.05485,0.05473,0.05481,69868
1774644300000,0.05481,0.05486,0.05471,0.05482,127958
1774645200000,0.05482,0.05492,0.0548,0.05491,190508
1774646100000,0.05491,0.05492,0.05485,0.05487,14445
1774647000000,0.05487,0.05495,0.05485,0.05488,21754
1774647900000,0.05488,0.05488,0.05469,0.0547,88462
1774648800000,0.0547,0.05471,0.05451,0.05454,536510
1774649700000,0.05454,0.05457,0.05431,0.0545,3921791
1774650600000,0.0545,0.05464,0.05448,0.05464,163891
1774651500000,0.05464,0.05476,0.05463,0.05476,70462
1774652400000,0.05476,0.05481,0.05471,0.05477,178316
1774653300000,0.05477,0.05477,0.05451,0.05458,294712
1774654200000,0.05458,0.05469,0.05454,0.05467,225384
1774655100000,0.05467,0.0548,0.05467,0.05472,129936
1774656000000,0.05472,0.05476,0.05461,0.05471,234236
1774656900000,0.05471,0.0548,0.05469,0.0548,83628
1774657800000,0.0548,0.0549,0.0548,0.05487,38787
1774658700000,0.05487,0.05487,0.05472,0.05474,114411
1774659600000,0.05474,0.05474,0.05401,0.05406,1224596
1774660500000,0.05406,0.0543,0.05406,0.05413,408155
1774661400000,0.05413,0.05419,0.05379,0.0538,4549127
1774662300000,0.0538,0.054,0.0538,0.05394,238380
1774663200000,0.05394,0.05418,0.05393,0.05393,220270
1774664100000,0.05393,0.05399,0.05375,0.0538,163732
1774665000000,0.0538,0.05386,0.05367,0.0538,461148
1774665900000,0.0538,0.0538,0.05365,0.05369,340327
1774666800000,0.05369,0.05375,0.05366,0.05372,133046
1774667700000,0.05372,0.05395,0.05372,0.05394,272176
1774668600000,0.05394,0.05418,0.05394,0.05402,86587
1774669500000,0.05402,0.05403,0.05394,0.05398,240821
1774670400000,0.05398,0.05406,0.05392,0.05406,332785
1774671300000,0.05406,0.05423,0.05397,0.05419,185914
1774672200000,0.05419,0.05427,0.05412,0.05415,55653
1774673100000,0.05415,0.05421,0.05414,0.05416,297053
1774674000000,0.05416,0.05418,0.05406,0.05409,54157
1774674900000,0.05409,0.05422,0.05406,0.05417,76366
1774675800000,0.05417,0.05429,0.05416,0.05429,167385
1774676700000,0.05429,0.05433,0.05425,0.0543,124577
1774677600000,0.0543,0.05438,0.05428,0.05433,173667
1774678500000,0.05433,0.0546,0.05433,0.05458,710612
1774679400000,0.05458,0.05458,0.05446,0.05446,101916
1774680300000,0.05446,0.05452,0.05443,0.05451,222146
1774681200000,0.05451,0.05475,0.05451,0.05473,101905
1774682100000,0.05473,0.05481,0.05473,0.05473,93988
1774683000000,0.05473,0.05477,0.0547,0.05473,157438
1774683900000,0.05473,0.05476,0.05465,0.05475,136900
1774684800000,0.05475,0.05496,0.05475,0.05492,233125
1774685700000,0.05492,0.05508,0.05492,0.05495,153601
1774686600000,0.05495,0.05497,0.05484,0.05486,156366
1774687500000,0.05486,0.05486,0.05477,0.05478,79393
1774688400000,0.05478,0.05478,0.05459,0.05469,202790
1774689300000,0.05469,0.05482,0.05459,0.05479,35289
1774690200000,0.05479,0.0548,0.05459,0.05462,114240
1774691100000,0.05462,0.05465,0.05452,0.05461,38992
1774692000000,0.05461,0.05476,0.05457,0.05461,150097
1774692900000,0.05461,0.05461,0.05433,0.05436,273636
1774693800000,0.05436,0.05441,0.05432,0.05438,113551
1774694700000,0.05438,0.05456,0.05438,0.05452,252380
1774695600000,0.05452,0.05452,0.05439,0.05442,161977
1774696500000,0.05442,0.05446,0.05438,0.05444,97323
1774697400000,0.05444,0.05465,0.05443,0.0546,634256
1774698300000,0.0546,0.05467,0.05458,0.0546,258139
1774699200000,0.0546,0.05464,0.05455,0.05463,192935
1774700100000,0.05463,0.05479,0.05462,0.05464,240723
1774701000000,0.05464,0.05464,0.05435,0.05436,253167
1774701900000,0.05436,0.05449,0.05435,0.05443,196955
1774702800000,0.05443,0.05449,0.05435,0.05448,166716
1774703700000,0.05448,0.05459,0.05447,0.05458,104811
1774704600000,0.05458,0.05528,0.05458,0.05508,1565673
1774705500000,0.05508,0.05508,0.05474,0.05494,1274240
1774706400000,0.05494,0.05494,0.0547,0.0547,347210
1774707300000,0.0547,0.05476,0.0546,0.05472,96490
1774708200000,0.05472,0.05472,0.05457,0.0547,204571
1774709100000,0.0547,0.0547,0.05444,0.05451,200153
1774710000000,0.05451,0.05466,0.05448,0.05466,134580
1774710900000,0.05466,0.05503,0.05466,0.05473,1695911
1774711800000,0.05473,0.05478,0.05463,0.05475,141760
1774712700000,0.05475,0.05478,0.05454,0.05461,268496
1774713600000,0.05461,0.05476,0.05461,0.05473,145302
1774714500000,0.05473,0.05487,0.05473,0.0548,186931
1774715400000,0.0548,0.05495,0.05478,0.05488,552532
1774716300000,0.05488,0.05494,0.05484,0.05494,184382
1774717200000,0.05494,0.05502,0.05484,0.05487,150435
1774718100000,0.05487,0.05487,0.0548,0.05485,249990
1774719000000,0.05485,0.05486,0.05474,0.05475,142250
1774719900000,0.05475,0.05484,0.05467,0.05483,12595
1774720800000,0.05483,0.05488,0.05477,0.05488,61990
1774721700000,0.05488,0.05488,0.05481,0.05482,47284
1774722600000,0.05482,0.05484,0.0548,0.05481,21796
1774723500000,0.05481,0.05485,0.05469,0.05469,143027
1774724400000,0.05469,0.05472,0.05456,0.05459,222508
1774725300000,0.05459,0.05463,0.05457,0.05463,6233
1774726200000,0.05463,0.05463,0.05449,0.05449,48267
1774727100000,0.05449,0.05462,0.05449,0.05461,48264
1774728000000,0.05461,0.05482,0.05461,0.0548,765531
1774728900000,0.0548,0.05483,0.05475,0.05478,324310
1774729800000,0.05478,0.05478,0.05465,0.05465,75301
1774730700000,0.05465,0.05477,0.05465,0.05475,179079
1774731600000,0.05475,0.05475,0.05461,0.05463,1132753
1774732500000,0.05463,0.05463,0.05453,0.05456,49651
1774733400000,0.05456,0.05456,0.05448,0.05451,73321
1774734300000,0.05451,0.05451,0.0541,0.05421,1725804
1774735200000,0.05421,0.05427,0.05409,0.05409,523098
1774736100000,0.05409,0.05425,0.05406,0.0542,123493
1774737000000,0.0542,0.0542,0.05413,0.05414,42458
1774737900000,0.05414,0.0542,0.05413,0.05417,142115
1774738800000,0.05417,0.0542,0.05333,0.05363,4034996
1774739700000,0.05363,0.05372,0.05348,0.05367,382535
1774740600000,0.05367,0.05372,0.05346,0.05346,311908
1774741500000,0.05346,0.0535,0.05326,0.0534,2580906
1774742400000,0.0534,0.05358,0.05336,0.05345,432805
1774743300000,0.05345,0.05347,0.05317,0.05341,1761548
1774744200000,0.05341,0.05344,0.05315,0.05319,324808
1774745100000,0.05319,0.05359,0.05317,0.05358,430316
1774746000000,0.05358,0.05381,0.05358,0.05379,362769
1774746900000,0.05379,0.05383,0.05373,0.05379,215534
1774747800000,0.05379,0.05384,0.05371,0.05382,137992
1774748700000,0.05382,0.05385,0.05367,0.0537,172035
1774749600000,0.0537,0.05378,0.05367,0.05373,279548
1774750500000,0.05373,0.05373,0.05365,0.05366,14803
1774751400000,0.05366,0.05374,0.05361,0.05368,80341
1774752300000,0.05368,0.05376,0.05361,0.0537,109328
1774753200000,0.0537,0.05382,0.05365,0.05365,47955
1774754100000,0.05365,0.054,0.05365,0.05395,564230
1774755000000,0.05395,0.05395,0.05378,0.05379,426373
1774755900000,0.05379,0.05387,0.05379,0.05386,506600
1774756800000,0.05386,0.05389,0.05382,0.05382,21202
1774757700000,0.05382,0.05382,0.05364,0.05374,408785
1774758600000,0.05374,0.05387,0.05374,0.05381,38689
1774759500000,0.05381,0.05383,0.05377,0.05379,19471
1774760400000,0.05379,0.05379,0.05365,0.05368,31296
1774761300000,0.05368,0.05376,0.05358,0.0536,280054
1774762200000,0.0536,0.05362,0.05355,0.05358,14764
1774763100000,0.05358,0.05381,0.05358,0.05377,584366
1774764000000,0.05377,0.05382,0.05372,0.05378,236013
1774764900000,0.05378,0.05383,0.05372,0.05376,213605
1774765800000,0.05376,0.05397,0.05376,0.05397,61870
1774766700000,0.05397,0.05416,0.05391,0.05407,146368
1774767600000,0.05407,0.05407,0.05384,0.05395,70408
1774768500000,0.05395,0.05395,0.05374,0.05391,88672
1774769400000,0.05391,0.05391,0.05377,0.05377,37353
1774770300000,0.05377,0.05383,0.0537,0.05381,182020
1774771200000,0.05381,0.05381,0.05354,0.05357,129259
1774772100000,0.05357,0.0537,0.05357,0.05369,128246
1774773000000,0.05369,0.05376,0.05365,0.05365,31844
1774773900000,0.05365,0.05377,0.05363,0.05377,162900
1774774800000,0.05377,0.05391,0.05377,0.05381,794225
1774775700000,0.05381,0.0539,0.05381,0.0539,60232
1774776600000,0.0539,0.05394,0.05377,0.0538,169403
1774777500000,0.0538,0.05381,0.05373,0.05376,42812
1774778400000,0.05376,0.05376,0.05354,0.05358,39492
1774779300000,0.05358,0.05358,0.0534,0.0534,64183
1774780200000,0.0534,0.05341,0.05329,0.05341,424304
1774781100000,0.05341,0.05351,0.05339,0.05351,81400
1774782000000,0.05351,0.05382,0.05351,0.05377,192649
1774782900000,0.05377,0.0538,0.05365,0.05368,76688
1774783800000,0.05368,0.05379,0.05366,0.05377,73652
1774784700000,0.05377,0.05384,0.05375,0.0538,271823
1774785600000,0.0538,0.05386,0.05375,0.0538,247999
1774786500000,0.0538,0.0538,0.05362,0.05373,76952
1774787400000,0.05373,0.05377,0.05348,0.05348,83286
1774788300000,0.05348,0.05367,0.05346,0.05367,217662
1774789200000,0.05367,0.05369,0.05326,0.05334,511581
1774790100000,0.05334,0.05349,0.05326,0.05346,200585
1774791000000,0.05346,0.05357,0.05346,0.05352,79008
1774791900000,0.05352,0.05353,0.05331,0.05333,327045
1774792800000,0.05333,0.05354,0.05309,0.05334,1697543
1774793700000,0.05334,0.05337,0.05321,0.05332,87154
1774794600000,0.05332,0.05337,0.05318,0.05332,314212
1774795500000,0.05332,0.05332,0.05314,0.05321,601016
1774796400000,0.05321,0.05336,0.0532,0.05332,307225
1774797300000,0.05332,0.05337,0.05286,0.05309,3108939
1774798200000,0.05309,0.05313,0.05301,0.05307,376454
1774799100000,0.05307,0.05324,0.05307,0.05321,58408
1774800000000,0.05321,0.05321,0.0529,0.05293,751226
1774800900000,0.05293,0.05334,0.05291,0.05326,296652
1774801800000,0.05326,0.05326,0.0531,0.0531,24830
1774802700000,0.0531,0.05312,0.05304,0.05308,38283
1774803600000,0.05308,0.05324,0.05294,0.05299,945296
1774804500000,0.05299,0.05302,0.05274,0.05285,2340142
1774805400000,0.05285,0.05293,0.05269,0.05293,1344761
1774806300000,0.05293,0.05296,0.05278,0.05295,164014
1774807200000,0.05295,0.05296,0.05279,0.05296,37814
1774808100000,0.05296,0.05304,0.05268,0.05278,1129261
1774809000000,0.05278,0.05299,0.05278,0.05289,235084
1774809900000,0.05289,0.05291,0.05274,0.05274,154242
1774810800000,0.05274,0.05274,0.05252,0.05262,575584
1774811700000,0.05262,0.05273,0.05253,0.05254,2063513
1774812600000,0.05254,0.05261,0.05231,0.05238,1262709
1774813500000,0.05238,0.05248,0.05238,0.05245,122270
1774814400000,0.05245,0.05263,0.05242,0.05253,244906
1774815300000,0.05253,0.05262,0.0524,0.05246,2347625
1774816200000,0.05246,0.05247,0.05239,0.05243,69768
1774817100000,0.05243,0.05246,0.05219,0.05235,356024
1774818000000,0.05235,0.05243,0.05223,0.0524,320947
1774818900000,0.0524,0.05243,0.05238,0.05239,44605
1774819800000,0.05239,0.05253,0.05239,0.05251,999460
1774820700000,0.05251,0.05257,0.0525,0.05256,410803
1774821600000,0.05256,0.05256,0.05182,0.05197,2713422
1774822500000,0.05197,0.05205,0.05195,0.05204,335734
1774823400000,0.05204,0.05204,0.05156,0.05175,1315718
1774824300000,0.05175,0.05191,0.05085,0.05184,4012386
1774825200000,0.05184,0.05223,0.05173,0.05189,865774
1774826100000,0.05189,0.05199,0.05174,0.05174,88055
1774827000000,0.05174,0.05194,0.05163,0.05185,980720
1774827900000,0.05185,0.05195,0.05171,0.05182,543404
1774828800000,0.05182,0.05188,0.05161,0.0517,238323
1774829700000,0.0517,0.05245,0.05165,0.0522,1617904
1774830600000,0.0522,0.05229,0.05168,0.05171,50767
1774831500000,0.05171,0.05191,0.05163,0.05187,524640
1774832400000,0.05187,0.05198,0.05171,0.05176,322778
1774833300000,0.05176,0.05208,0.05176,0.052,317624
1774834200000,0.052,0.05222,0.05191,0.05201,419200
1774835100000,0.05201,0.05227,0.05201,0.05227,143438
1774836000000,0.05227,0.05282,0.05227,0.05266,118012
1774836900000,0.05266,0.05293,0.05264,0.05293,245817
1774837800000,0.05293,0.05332,0.05287,0.05332,293819
1774838700000,0.05332,0.05374,0.05328,0.0533,370282
1774839600000,0.0533,0.05371,0.0533,0.05335,1991866
1774840500000,0.05335,0.05389,0.05335,0.05389,442832
1774841400000,0.05389,0.05393,0.05352,0.05357,512027
1774842300000,0.05357,0.05393,0.05355,0.05372,300264
1774843200000,0.05372,0.05387,0.05367,0.05377,110585
1774844100000,0.05377,0.05386,0.05369,0.05369,70470
1774845000000,0.05369,0.05375,0.05355,0.05358,99925
1774845900000,0.05358,0.05373,0.05355,0.05371,35371
1774846800000,0.05371,0.05374,0.05341,0.05341,293017
1774847700000,0.05341,0.05347,0.05326,0.05326,62176
1774848600000,0.05326,0.05327,0.05312,0.05312,237809
1774849500000,0.05312,0.05315,0.05299,0.05306,137300
1774850400000,0.05306,0.0533,0.05302,0.05305,528169
1774851300000,0.05305,0.05305,0.05284,0.05291,198602
1774852200000,0.05291,0.05299,0.05288,0.05298,104545
1774853100000,0.05298,0.05334,0.05298,0.05328,152063
1774854000000,0.05328,0.05342,0.0532,0.05329,135679
1774854900000,0.05329,0.05336,0.05319,0.05319,54812
1774855800000,0.05319,0.05329,0.05312,0.05322,209995
1774856700000,0.05322,0.05362,0.05316,0.05358,424917
1774857600000,0.05358,0.05371,0.05349,0.05367,754418
1774858500000,0.05367,0.05375,0.0536,0.05365,370466
1774859400000,0.05365,0.05394,0.05359,0.05379,881709
1774860300000,0.05379,0.05379,0.05366,0.05366,60842
1774861200000,0.05366,0.0537,0.0534,0.0534,241451
1774862100000,0.0534,0.0534,0.05326,0.05331,305696
1774863000000,0.05331,0.05331,0.05308,0.05311,353142
1774863900000,0.05311,0.05314,0.05292,0.05298,1722613
1774864800000,0.05298,0.05312,0.05295,0.05306,128375
1774865700000,0.05306,0.05313,0.053,0.05307,72381
1774866600000,0.05307,0.05314,0.05307,0.05308,89879
1774867500000,0.05308,0.0533,0.05308,0.0533,105340
1774868400000,0.0533,0.05349,0.05323,0.05349,463144
1774869300000,0.05349,0.05382,0.05326,0.05334,3706328
1774870200000,0.05334,0.05343,0.05322,0.05339,369726
1774871100000,0.05339,0.05343,0.05333,0.05338,86978
1774872000000,0.05338,0.05367,0.05338,0.05358,413484
1774872900000,0.05358,0.05361,0.0534,0.05344,105794
1774873800000,0.05344,0.05354,0.05339,0.05339,109103
1774874700000,0.05339,0.05363,0.05339,0.05361,109114
1774875600000,0.05361,0.05376,0.05361,0.05372,231008
1774876500000,0.05372,0.05378,0.0536,0.0536,256341
1774877400000,0.0536,0.05367,0.05314,0.05319,679616
1774878300000,0.05319,0.05328,0.053,0.05315,1748098
1774879200000,0.05315,0.05334,0.05313,0.05323,128303
1774880100000,0.05323,0.05323,0.05292,0.05298,260733
1774881000000,0.05298,0.05308,0.05268,0.05272,837110
1774881900000,0.05272,0.05314,0.05268,0.05307,331567
1774882800000,0.05307,0.05307,0.05272,0.05272,143117
1774883700000,0.05272,0.05281,0.05267,0.0528,93662
1774884600000,0.0528,0.05302,0.05275,0.05301,164779
1774885500000,0.05301,0.05301,0.05274,0.05274,184330
1774886400000,0.05274,0.05276,0.05259,0.05266,1363412
1774887300000,0.05266,0.05274,0.05258,0.05266,404407
1774888200000,0.05266,0.05273,0.05261,0.05263,329565
1774889100000,0.05263,0.0527,0.0523,0.0523,1469311
1774890000000,0.0523,0.05247,0.05227,0.05238,179760
1774890900000,0.05238,0.05239,0.05194,0.05214,489951
1774891800000,0.05214,0.05217,0.05189,0.05202,116314
1774892700000,0.05202,0.05204,0.05179,0.05195,499653
1774893600000,0.05195,0.05197,0.05173,0.05179,284312
1774894500000,0.05179,0.05182,0.05133,0.05144,764707
1774895400000,0.05144,0.05151,0.0514,0.05147,252289
1774896300000,0.05147,0.05147,0.05066,0.05093,3609538
1774897200000,0.05093,0.05112,0.05084,0.05107,820192
1774898100000,0.05107,0.05112,0.0508,0.05096,263534
1774899000000,0.05096,0.05116,0.05096,0.05107,187492
1774899900000,0.05107,0.05138,0.05106,0.05134,1196743
1774900800000,0.05134,0.05156,0.05129,0.05154,257483
1774901700000,0.05154,0.05157,0.0514,0.0514,89473
1774902600000,0.0514,0.0514,0.05111,0.05128,729470
1774903500000,0.05128,0.05141,0.05126,0.05139,151367
1774904400000,0.05139,0.052,0.05133,0.05196,672267
1774905300000,0.05196,0.05211,0.05188,0.05198,353139
1774906200000,0.05198,0.0524,0.05194,0.05222,882425
1774907100000,0.05222,0.05222,0.05198,0.052,131500
1774908000000,0.052,0.05207,0.05182,0.05192,52219
1774908900000,0.05192,0.05216,0.05189,0.05191,40973
1774909800000,0.05191,0.05207,0.05186,0.05205,197788
1774910700000,0.05205,0.05209,0.05185,0.05185,167205
1774911600000,0.05185,0.05186,0.05104,0.05109,911663
1774912500000,0.05109,0.05125,0.05102,0.0511,301937
1774913400000,0.0511,0.05127,0.05101,0.05124,169127
1774914300000,0.05124,0.05131,0.05113,0.05131,268746
1774915200000,0.05131,0.05145,0.05112,0.05123,180488
1774916100000,0.05123,0.05131,0.05118,0.05129,288234
1774917000000,0.05129,0.0513,0.05114,0.05129,159506
1774917900000,0.05129,0.05176,0.05129,0.05156,518287
1774918800000,0.05156,0.0519,0.05156,0.05175,244279
1774919700000,0.05175,0.0522,0.05173,0.0522,262701
1774920600000,0.0522,0.05271,0.05212,0.05212,1285395
1774921500000,0.05212,0.05221,0.05196,0.05218,175112
1774922400000,0.05218,0.05228,0.05207,0.05219,196362
1774923300000,0.05219,0.05229,0.05216,0.0522,273820
1774924200000,0.0522,0.05223,0.05204,0.05213,155824
1774925100000,0.05213,0.05213,0.05192,0.05202,347312
1774926000000,0.05202,0.05202,0.05168,0.05168,157079
1774926900000,0.05168,0.05171,0.05142,0.05158,1137400
1774927800000,0.05158,0.05161,0.05143,0.05146,101180
1774928700000,0.05146,0.05161,0.05146,0.05158,384159
1774929600000,0.05158,0.05186,0.05158,0.05176,344958
1774930500000,0.05176,0.05188,0.05157,0.05157,122841
1774931400000,0.05157,0.05167,0.05152,0.05162,207107
1774932300000,0.05162,0.05176,0.05162,0.05168,887389
1774933200000,0.05168,0.05179,0.05147,0.05147,188570
1774934100000,0.05147,0.05161,0.05147,0.05161,64663
1774935000000,0.05161,0.05162,0.05126,0.0513,1205147
1774935900000,0.0513,0.05151,0.0513,0.05148,365654
1774936800000,0.05148,0.05148,0.05139,0.0514,188204
1774937700000,0.0514,0.05141,0.05123,0.05127,135088
1774938600000,0.05127,0.05133,0.0512,0.05131,656713
1774939500000,0.05131,0.05155,0.05128,0.05146,780643
1774940400000,0.05146,0.05146,0.05117,0.05121,96800
1774941300000,0.05121,0.05121,0.05109,0.05119,491670
1774942200000,0.05119,0.0513,0.05105,0.05126,462953
1774943100000,0.05126,0.05145,0.05126,0.05145,195314
1774944000000,0.05145,0.05157,0.05137,0.05141,429607
1774944900000,0.05141,0.05164,0.0514,0.0515,57971
1774945800000,0.0515,0.05156,0.05084,0.05095,1745419
1774946700000,0.05095,0.05112,0.05069,0.05078,4346824
1774947600000,0.05078,0.05096,0.05075,0.0509,465539
1774948500000,0.0509,0.05095,0.05057,0.05081,3211594
1774949400000,0.05081,0.05089,0.05076,0.05077,156725
1774950300000,0.05077,0.0508,0.05033,0.05055,5489981
1774951200000,0.05055,0.05075,0.0505,0.05057,3016254
1774952100000,0.05057,0.05058,0.05039,0.05044,435965
1774953000000,0.05044,0.05047,0.05031,0.05038,852911
1774953900000,0.05038,0.05048,0.05017,0.05019,364753
1774954800000,0.05019,0.05042,0.04999,0.05034,1981531
1774955700000,0.05034,0.0504,0.05015,0.05022,940895
1774956600000,0.05022,0.05029,0.05012,0.05025,136090
1774957500000,0.05025,0.05042,0.05016,0.05042,218971
1774958400000,0.05042,0.0506,0.05026,0.05026,1077588
1774959300000,0.05026,0.05036,0.05014,0.05035,948081
1774960200000,0.05035,0.05036,0.05018,0.05018,304197
1774961100000,0.05018,0.05021,0.05005,0.05008,373687
1774962000000,0.05008,0.05008,0.0496,0.04972,3109547
1774962900000,0.04972,0.04993,0.04962,0.04986,985968
1774963800000,0.04986,0.0502,0.04983,0.04996,986965
1774964700000,0.04996,0.05022,0.04996,0.05001,875920
1774965600000,0.05001,0.05001,0.04964,0.04973,661327
1774966500000,0.04973,0.04987,0.04951,0.04976,2412026
1774967400000,0.04976,0.0498,0.04911,0.04933,1185724
1774968300000,0.04933,0.04933,0.04875,0.04882,3100605
1774969200000,0.04882,0.04925,0.04882,0.04919,833850
1774970100000,0.04919,0.04928,0.04879,0.04879,630472
1774971000000,0.04879,0.04895,0.04859,0.0488,520700
1774971900000,0.0488,0.04885,0.04838,0.04845,983587
1774972800000,0.04845,0.04863,0.04834,0.04856,503247
1774973700000,0.04856,0.04865,0.04846,0.04854,351912
1774974600000,0.04854,0.0492,0.04851,0.04879,2585646
1774975500000,0.04879,0.04902,0.04864,0.04902,1427572
1774976400000,0.04902,0.04987,0.04902,0.04987,2676110
1774977300000,0.04987,0.05009,0.0494,0.0494,1641711
1774978200000,0.0494,0.0494,0.04877,0.04884,1388234
1774979100000,0.04884,0.04908,0.04878,0.04895,1257868
1774980000000,0.04895,0.04925,0.04891,0.04925,648783
1774980900000,0.04925,0.04943,0.04911,0.04928,611284
1774981800000,0.04928,0.04963,0.04925,0.04954,909843
1774982700000,0.04954,0.0497,0.04951,0.0497,195526
1774983600000,0.0497,0.04989,0.04961,0.04962,1251214
1774984500000,0.04962,0.04968,0.04944,0.04946,309320
1774985400000,0.04946,0.04988,0.04946,0.04988,931500
1774986300000,0.04988,0.05023,0.04988,0.05013,542449
1774987200000,0.05013,0.05048,0.04999,0.05047,471612
1774988100000,0.05047,0.05068,0.05039,0.05068,494440
1774989000000,0.05068,0.0507,0.05023,0.05042,548524
1774989900000,0.05042,0.05082,0.05042,0.0508,219866
1774990800000,0.0508,0.05083,0.05046,0.05064,626330
1774991700000,0.05064,0.05074,0.05054,0.05062,216168
1774992600000,0.05062,0.05066,0.05043,0.05047,168164
1774993500000,0.05047,0.05055,0.05022,0.05026,550388
1774994400000,0.05026,0.05033,0.04979,0.05008,1355859
1774995300000,0.05008,0.05037,0.05005,0.05013,260038
1774996200000,0.05013,0.05013,0.04971,0.04987,466055
1774997100000,0.04987,0.04995,0.04981,0.04983,223511
1774998000000,0.04983,0.04994,0.04976,0.0498,182268
1774998900000,0.0498,0.04992,0.04974,0.04992,115120
1774999800000,0.04992,0.04992,0.04982,0.04989,119589
1775000700000,0.04989,0.04992,0.04977,0.04989,225662
1775001600000,0.04989,0.05042,0.04979,0.0504,1964025
1775002500000,0.0504,0.05123,0.05024,0.05076,2836857
1775003400000,0.05076,0.05136,0.05056,0.05132,1718284
1775004300000,0.05132,0.05146,0.05078,0.05126,2236307
1775005200000,0.05126,0.05137,0.05086,0.05101,841236
1775006100000,0.05101,0.05134,0.05101,0.05104,613307
1775007000000,0.05104,0.05104,0.05051,0.05081,1153927
1775007900000,0.05081,0.05089,0.05038,0.05043,1642744
1775008800000,0.05043,0.05065,0.05037,0.05065,253455
1775009700000,0.05065,0.05097,0.05058,0.05082,304307
1775010600000,0.05082,0.05106,0.05074,0.05093,453765
1775011500000,0.05093,0.05111,0.05085,0.05091,867109
1775012400000,0.05091,0.05189,0.05088,0.05169,1962074
1775013300000,0.05169,0.05174,0.05128,0.05143,660659
1775014200000,0.05143,0.0516,0.05122,0.05152,163251
1775015100000,0.05152,0.05167,0.05123,0.05127,657692
1775016000000,0.05127,0.05185,0.05126,0.05145,1213021
1775016900000,0.05145,0.05198,0.05143,0.05174,397897
1775017800000,0.05174,0.0521,0.0516,0.05193,232187
1775018700000,0.05193,0.05206,0.0518,0.05201,522197
1775019600000,0.05201,0.05274,0.05197,0.05268,1366677
1775020500000,0.05268,0.05348,0.05268,0.05341,1669467
1775021400000,0.05341,0.05368,0.05323,0.05331,2776060
1775022300000,0.05331,0.05339,0.05296,0.05328,1539877
1775023200000,0.05328,0.05468,0.05328,0.05429,1864194
1775024100000,0.05429,0.05506,0.05424,0.05482,2089471
1775025000000,0.05482,0.05546,0.05468,0.05522,2667901
1775025900000,0.05522,0.05525,0.05438,0.05463,1698671
1775026800000,0.05463,0.05555,0.05463,0.05526,1252094
1775027700000,0.05526,0.05596,0.05487,0.05584,4439855
1775028600000,0.05584,0.05697,0.05584,0.05697,3519981
1775029500000,0.05697,0.05697,0.05524,0.05578,4823834
1775030400000,0.05578,0.05619,0.05537,0.05548,2094142
1775031300000,0.05548,0.05551,0.05488,0.05498,1556711
1775032200000,0.05498,0.0551,0.05471,0.05502,2761134
1775033100000,0.05502,0.0552,0.05457,0.05481,1873599
1775034000000,0.05481,0.05512,0.05467,0.05496,1830662
1775034900000,0.05496,0.05568,0.05496,0.05562,1611291
1775035800000,0.05562,0.05592,0.05547,0.05566,1492399
1775036700000,0.05566,0.05613,0.05533,0.05569,1214886
1775037600000,0.05569,0.05685,0.05569,0.05669,1312722
1775038500000,0.05669,0.05678,0.05555,0.0557,2091536
1775039400000,0.0557,0.0557,0.05494,0.05494,1001871
1775040300000,0.05494,0.05506,0.05459,0.05506,1453712
1775041200000,0.05506,0.05529,0.05501,0.05526,390368
1775042100000,0.05526,0.05526,0.05475,0.05494,402304
1775043000000,0.05494,0.05494,0.05454,0.05463,1093013
1775043900000,0.05463,0.05513,0.05463,0.05496,1236006
1775044800000,0.05496,0.05534,0.05476,0.05534,1296026
1775045700000,0.05534,0.0559,0.05531,0.05562,1111616
1775046600000,0.05562,0.05571,0.055,0.05565,2298619
1775047500000,0.05565,0.05566,0.0552,0.05536,1224280
1775048400000,0.05536,0.05552,0.055,0.05511,596253
1775049300000,0.05511,0.05571,0.05511,0.0557,510256
1775050200000,0.0557,0.05572,0.05504,0.05506,1194328
1775051100000,0.05506,0.05548,0.05496,0.05528,870877
1775052000000,0.05528,0.05603,0.05525,0.0559,1497723
1775052900000,0.0559,0.05614,0.05528,0.05529,1197593
1775053800000,0.05529,0.05541,0.05478,0.05482,623167
1775054700000,0.05482,0.05499,0.05463,0.0547,997704
1775055600000,0.0547,0.05479,0.05423,0.05438,1867611
1775056500000,0.05438,0.05465,0.05412,0.05443,662860
1775057400000,0.05443,0.05475,0.05431,0.05442,904716
1775058300000,0.05442,0.05449,0.05427,0.05433,478545
1775059200000,0.05433,0.05433,0.05379,0.05383,1568344
1775060100000,0.05383,0.05458,0.05383,0.05442,996400
1775061000000,0.05442,0.05448,0.05406,0.05408,790658
1775061900000,0.05408,0.05428,0.05401,0.05428,141840
1775062800000,0.05428,0.05447,0.054,0.05406,919180
1775063700000,0.05406,0.05421,0.05388,0.054,498129
1775064600000,0.054,0.05413,0.05387,0.05395,731505
1775065500000,0.05395,0.05405,0.0537,0.05395,713459
1775066400000,0.05395,0.05398,0.05367,0.05377,495331
1775067300000,0.05377,0.05384,0.05358,0.05366,830538
1775068200000,0.05366,0.05382,0.05362,0.05368,236368
1775069100000,0.05368,0.0537,0.05354,0.05357,342148
1775070000000,0.05357,0.05361,0.05346,0.05353,656599
1775070900000,0.05353,0.05399,0.05353,0.05397,246568
1775071800000,0.05397,0.05418,0.05393,0.05406,365889
1775072700000,0.05406,0.05411,0.05393,0.05394,198403
1775073600000,0.05394,0.05401,0.05377,0.05385,265925
1775074500000,0.05385,0.05395,0.05371,0.05376,112905
1775075400000,0.05376,0.05388,0.05365,0.05377,782677
1775076300000,0.05377,0.054,0.05376,0.05389,750564
1775077200000,0.05389,0.05434,0.05387,0.05419,1650412
1775078100000,0.05419,0.05434,0.05407,0.05433,245053
1775079000000,0.05433,0.05453,0.05415,0.05431,1546025
1775079900000,0.05431,0.0545,0.05416,0.05449,117138
1775080800000,0.05449,0.05449,0.05407,0.05419,241833
1775081700000,0.05419,0.05425,0.05397,0.05406,482040
1775082600000,0.05406,0.05407,0.05367,0.05381,511949
1775083500000,0.05381,0.05404,0.05379,0.0539,352432
1775084400000,0.0539,0.05414,0.05377,0.05385,987872
1775085300000,0.05385,0.05409,0.05372,0.05409,404181
1775086200000,0.05409,0.05412,0.05376,0.05376,779827
1775087100000,0.05376,0.05407,0.05376,0.05407,444340
1775088000000,0.05407,0.05432,0.05363,0.05383,1428002
1775088900000,0.05383,0.05399,0.05328,0.05366,1180518
1775089800000,0.05366,0.05417,0.05359,0.05417,543057
1775090700000,0.05417,0.05426,0.05385,0.05405,441104
1775091600000,0.05405,0.05436,0.05377,0.05402,1503241
1775092500000,0.05402,0.05402,0.05278,0.05309,3569683
1775093400000,0.05309,0.05323,0.05277,0.05282,1582820
1775094300000,0.05282,0.05301,0.05256,0.05294,750486
1775095200000,0.05294,0.05294,0.05241,0.05252,2891515
1775096100000,0.05252,0.05264,0.05229,0.0525,3321282
1775097000000,0.0525,0.05264,0.05226,0.05226,1270654
1775097900000,0.05226,0.05265,0.05225,0.05262,607113
1775098800000,0.05262,0.05269,0.0525,0.0525,485570
1775099700000,0.0525,0.05257,0.05234,0.05257,283244
1775100600000,0.05257,0.05298,0.05234,0.05252,850746
1775101500000,0.05252,0.05255,0.05244,0.05249,111595
1775102400000,0.05249,0.05256,0.05238,0.05247,304291
1775103300000,0.05247,0.05264,0.05243,0.05249,176863
1775104200000,0.05249,0.05258,0.05242,0.05244,213774
1775105100000,0.05244,0.05268,0.05239,0.05266,263007
1775106000000,0.05266,0.05288,0.05246,0.05258,426365
1775106900000,0.05258,0.05267,0.05252,0.05256,773990
1775107800000,0.05256,0.05281,0.05253,0.0527,317545
1775108700000,0.0527,0.05277,0.05244,0.05267,421433
1775109600000,0.05267,0.05292,0.05267,0.05288,233626
1775110500000,0.05288,0.05309,0.05284,0.05292,481812
1775111400000,0.05292,0.05292,0.05273,0.05286,210179
1775112300000,0.05286,0.0531,0.05286,0.05304,304487
1775113200000,0.05304,0.05304,0.05266,0.05269,393200
1775114100000,0.05269,0.05288,0.0524,0.05245,623329
1775115000000,0.05245,0.05252,0.05214,0.05235,1152223
1775115900000,0.05235,0.05247,0.0523,0.05244,421226
1775116800000,0.05244,0.05249,0.05227,0.0523,287990
1775117700000,0.0523,0.05232,0.05208,0.05227,735261
1775118600000,0.05227,0.05232,0.05191,0.05198,1755663
1775119500000,0.05198,0.05208,0.05196,0.05208,520640
1775120400000,0.05208,0.0521,0.05186,0.05203,427387
1775121300000,0.05203,0.05214,0.05189,0.05193,73863
1775122200000,0.05193,0.05197,0.05172,0.05178,1580366
1775123100000,0.05178,0.05201,0.05175,0.05201,807278
1775124000000,0.05201,0.05202,0.05168,0.05185,733599
1775124900000,0.05185,0.0519,0.05176,0.0519,360582
1775125800000,0.0519,0.05202,0.05183,0.0519,431601
1775126700000,0.0519,0.05197,0.0519,0.05192,27921
1775127600000,0.05192,0.05192,0.05162,0.05169,634735
1775128500000,0.05169,0.05198,0.05153,0.05196,678780
1775129400000,0.05196,0.05199,0.05175,0.05182,642085
1775130300000,0.05182,0.05182,0.05163,0.05168,402846
1775131200000,0.05168,0.0518,0.0516,0.05175,588835
1775132100000,0.05175,0.0519,0.0517,0.05187,241364
1775133000000,0.05187,0.05205,0.05183,0.05204,74663
1775133900000,0.05204,0.05204,0.05171,0.05172,556767
1775134800000,0.05172,0.05174,0.05136,0.05136,921318
1775135700000,0.05136,0.0515,0.05128,0.05142,658417
1775136600000,0.05142,0.05146,0.05116,0.05127,1320502
1775137500000,0.05127,0.0514,0.05116,0.05128,445565
1775138400000,0.05128,0.05144,0.0512,0.05137,340176
1775139300000,0.05137,0.05146,0.05124,0.05133,303929
1775140200000,0.05133,0.05203,0.05133,0.052,1232603
1775141100000,0.052,0.05207,0.0517,0.05195,568194
1775142000000,0.05195,0.05199,0.05183,0.05189,332549
1775142900000,0.05189,0.05189,0.05148,0.05165,803194
1775143800000,0.05165,0.05205,0.05165,0.05204,513396
1775144700000,0.05204,0.05204,0.05164,0.05167,216015
1775145600000,0.05167,0.05168,0.05144,0.05147,672643
1775146500000,0.05147,0.05153,0.05137,0.05151,229686
1775147400000,0.05151,0.05178,0.05148,0.05148,1111756
1775148300000,0.05148,0.05153,0.05122,0.05129,577196
1775149200000,0.05129,0.05145,0.051,0.05143,343702
1775150100000,0.05143,0.05158,0.05135,0.05136,618911
1775151000000,0.05136,0.05136,0.05098,0.05109,431502
1775151900000,0.05109,0.05109,0.05079,0.05081,315961
1775152800000,0.05081,0.05107,0.05078,0.051,364075
1775153700000,0.051,0.05109,0.0507,0.05079,1012199
1775154600000,0.05079,0.05093,0.05079,0.05088,160417
1775155500000,0.05088,0.05094,0.05077,0.05077,351526
1775156400000,0.05077,0.05085,0.05073,0.05078,218417
1775157300000,0.05078,0.05091,0.05073,0.0508,171135
1775158200000,0.0508,0.05098,0.05071,0.05094,355586
1775159100000,0.05094,0.05125,0.0509,0.05121,530527
1775160000000,0.05121,0.05149,0.05103,0.05135,598527
1775160900000,0.05135,0.05145,0.05126,0.05145,119699
1775161800000,0.05145,0.05151,0.05119,0.05132,1395663
1775162700000,0.05132,0.05135,0.05123,0.05126,130058
1775163600000,0.05126,0.05127,0.05098,0.05113,603108
1775164500000,0.05113,0.05114,0.05098,0.05099,97569
1775165400000,0.05099,0.05103,0.05078,0.05078,498306
1775166300000,0.05078,0.05096,0.05077,0.05088,78924
1775167200000,0.05088,0.05097,0.05082,0.05087,510645
1775168100000,0.05087,0.0509,0.05076,0.05083,284516
1775169000000,0.05083,0.05098,0.05079,0.05098,392021
1775169900000,0.05098,0.05101,0.05096,0.05097,27069
1775170800000,0.05097,0.05125,0.05094,0.05111,1560488
1775171700000,0.05111,0.05131,0.05109,0.05111,795169
1775172600000,0.05111,0.05141,0.0511,0.05125,2005000
1775173500000,0.05125,0.05131,0.05121,0.0513,238445
1775174400000,0.0513,0.0516,0.05128,0.05151,2152723
1775175300000,0.05151,0.05163,0.05117,0.05117,294782
1775176200000,0.05117,0.05118,0.05092,0.05094,1223573
1775177100000,0.05094,0.05125,0.05091,0.05125,245406
1775178000000,0.05125,0.05134,0.05112,0.05115,249327
1775178900000,0.05115,0.05128,0.05111,0.05124,210194
1775179800000,0.05124,0.05126,0.05096,0.05101,538847
1775180700000,0.05101,0.05151,0.05097,0.05142,439671
1775181600000,0.05142,0.0517,0.05133,0.05168,294937
1775182500000,0.05168,0.05196,0.05157,0.05157,526233
1775183400000,0.05157,0.05164,0.05144,0.0515,253840
1775184300000,0.0515,0.05193,0.0515,0.05184,634074
1775185200000,0.05184,0.05197,0.05171,0.05178,1122839
1775186100000,0.05178,0.05211,0.05176,0.05209,441332
1775187000000,0.05209,0.05239,0.05209,0.0523,2131740
1775187900000,0.0523,0.05235,0.05197,0.05197,189984
1775188800000,0.05197,0.05212,0.05187,0.05203,347254
1775189700000,0.05203,0.05214,0.052,0.05214,171018
1775190600000,0.05214,0.05236,0.05209,0.05236,299303
1775191500000,0.05236,0.05255,0.05234,0.05246,416055
1775192400000,0.05246,0.05266,0.05237,0.05259,613405
1775193300000,0.05259,0.05275,0.05243,0.05275,438295
1775194200000,0.05275,0.05299,0.05271,0.05298,1281107
1775195100000,0.05298,0.05311,0.05293,0.05295,473107
1775196000000,0.05295,0.05322,0.05286,0.05321,336181
1775196900000,0.05321,0.05349,0.05305,0.05339,544257
1775197800000,0.05339,0.05363,0.05333,0.05362,855329
1775198700000,0.05362,0.0538,0.05356,0.0536,1671637
1775199600000,0.0536,0.05371,0.05326,0.05363,831493
1775200500000,0.05363,0.05363,0.05319,0.05323,388056
1775201400000,0.05323,0.05346,0.05309,0.05346,537168
1775202300000,0.05346,0.05351,0.05316,0.05348,481863
1775203200000,0.05348,0.05354,0.05333,0.05344,417956
1775204100000,0.05344,0.05346,0.0532,0.05325,728102
1775205000000,0.05325,0.05384,0.05325,0.05382,2191103
1775205900000,0.05382,0.05382,0.05348,0.05352,462565
1775206800000,0.05352,0.05383,0.05341,0.05376,2239294
1775207700000,0.05376,0.05391,0.05366,0.05376,496901
1775208600000,0.05376,0.05387,0.05351,0.05386,773656
1775209500000,0.05386,0.0539,0.05378,0.05389,595540
1775210400000,0.05389,0.05422,0.05387,0.05419,3401417
1775211300000,0.05419,0.05424,0.05395,0.05395,479779
1775212200000,0.05395,0.05407,0.05364,0.05403,1417049
1775213100000,0.05403,0.05422,0.05395,0.05412,326223
1775214000000,0.05412,0.05416,0.05373,0.05382,809416
1775214900000,0.05382,0.05382,0.05358,0.05366,655168
1775215800000,0.05366,0.05369,0.05339,0.0534,322685
1775216700000,0.0534,0.05364,0.0534,0.05361,171773
1775217600000,0.05361,0.05363,0.05337,0.05356,915455
1775218500000,0.05356,0.05368,0.05334,0.05335,598046
1775219400000,0.05335,0.0538,0.05313,0.05321,4045171
1775220300000,0.05321,0.05345,0.05306,0.0534,663474
1775221200000,0.0534,0.05355,0.05334,0.0535,464163
1775222100000,0.0535,0.0537,0.05341,0.05353,850941
1775223000000,0.05353,0.05354,0.05334,0.05338,332033
1775223900000,0.05338,0.05348,0.05325,0.05348,325533
1775224800000,0.05348,0.05407,0.05341,0.05381,725220
1775225700000,0.05381,0.05391,0.05361,0.05385,276022
1775226600000,0.05385,0.05386,0.05359,0.05386,309840
1775227500000,0.05386,0.05401,0.05381,0.05384,145281
1775228400000,0.05384,0.05413,0.0537,0.05402,523109
1775229300000,0.05402,0.05414,0.05391,0.054,696797
1775230200000,0.054,0.05408,0.05387,0.05387,522017
1775231100000,0.05387,0.05477,0.05377,0.05469,8517483
1775232000000,0.05469,0.05489,0.05442,0.05483,4793310
1775232900000,0.05483,0.05501,0.05462,0.05481,1240677
1775233800000,0.05481,0.05526,0.05478,0.05526,603315
1775234700000,0.05526,0.05562,0.05516,0.05561,7580184
1775235600000,0.05561,0.05632,0.05551,0.05617,6906808
1775236500000,0.05617,0.05624,0.05512,0.05516,6823220
1775237400000,0.05516,0.05526,0.05478,0.05484,6038433
1775238300000,0.05484,0.0551,0.05464,0.05501,1987469
1775239200000,0.05501,0.05523,0.05476,0.05514,2847963
1775240100000,0.05514,0.05517,0.05454,0.05463,2997510
1775241000000,0.05463,0.05467,0.05453,0.05462,1047951
1775241900000,0.05462,0.05479,0.05454,0.05466,1149408
1775242800000,0.05466,0.05472,0.05429,0.05439,1122954
1775243700000,0.05439,0.05454,0.05436,0.0545,473835
1775244600000,0.0545,0.05483,0.05448,0.05483,887389
1775245500000,0.05483,0.05497,0.05472,0.05479,695799
1775246400000,0.05479,0.05505,0.05476,0.05494,751625
1775247300000,0.05494,0.05514,0.05492,0.05509,530187
1775248200000,0.05509,0.05513,0.0548,0.05485,803026
1775249100000,0.05485,0.05499,0.05481,0.05499,139253
1775250000000,0.05499,0.05506,0.05479,0.05501,482301
1775250900000,0.05501,0.05501,0.05487,0.05487,41243
1775251800000,0.05487,0.05498,0.05472,0.05498,163861
1775252700000,0.05498,0.05498,0.05475,0.05483,224728
1775253600000,0.05483,0.05485,0.05456,0.0546,450637
1775254500000,0.0546,0.05467,0.05449,0.05457,217206
1775255400000,0.05457,0.05458,0.05427,0.05434,1465311
1775256300000,0.05434,0.05442,0.05422,0.05435,538062
1775257200000,0.05435,0.05435,0.05414,0.05429,648690
1775258100000,0.05429,0.05433,0.05418,0.05424,290539
1775259000000,0.05424,0.05445,0.0542,0.0543,407198
1775259900000,0.0543,0.05444,0.0543,0.05436,262516
1775260800000,0.05436,0.05436,0.05405,0.0541,175032
1775261700000,0.0541,0.05422,0.05398,0.05422,260259
1775262600000,0.05422,0.05422,0.054,0.05401,759455
1775263500000,0.05401,0.0541,0.05396,0.0541,100012
1775264400000,0.0541,0.05418,0.05391,0.05391,194128
1775265300000,0.05391,0.05414,0.05391,0.05406,490738
1775266200000,0.05406,0.05412,0.05387,0.05389,712776
1775267100000,0.05389,0.05421,0.05389,0.0542,74393
1775268000000,0.0542,0.0543,0.054,0.05403,1120753
1775268900000,0.05403,0.05405,0.05395,0.05403,149412
1775269800000,0.05403,0.05409,0.05401,0.05406,385607
1775270700000,0.05406,0.05406,0.05391,0.054,50131
1775271600000,0.054,0.054,0.0539,0.05396,45938
1775272500000,0.05396,0.05396,0.05385,0.05389,583691
1775273400000,0.05389,0.05403,0.05389,0.05403,45288
1775274300000,0.05403,0.05409,0.05401,0.05409,53191
1775275200000,0.05409,0.05456,0.05403,0.0545,555474
1775276100000,0.0545,0.05475,0.0545,0.05475,847706
1775277000000,0.05475,0.05503,0.05474,0.0549,1601250
1775277900000,0.0549,0.05498,0.05455,0.05462,817649
1775278800000,0.05462,0.05464,0.05428,0.05428,577166
1775279700000,0.05428,0.05432,0.05398,0.05404,2285271
1775280600000,0.05404,0.05413,0.05387,0.0539,1051692
1775281500000,0.0539,0.05402,0.05387,0.05392,359449
1775282400000,0.05392,0.05399,0.05383,0.05398,200901
1775283300000,0.05398,0.05412,0.05395,0.05402,223945
1775284200000,0.05402,0.05436,0.05402,0.05429,213923
1775285100000,0.05429,0.05432,0.05422,0.0543,259382
1775286000000,0.0543,0.0543,0.05413,0.05418,93605
1775286900000,0.05418,0.05425,0.05411,0.05414,128518
1775287800000,0.05414,0.05414,0.05403,0.05406,222063
1775288700000,0.05406,0.05416,0.05404,0.05414,167502
1775289600000,0.05414,0.0542,0.05405,0.0542,49012
1775290500000,0.0542,0.05431,0.0542,0.05431,90130
1775291400000,0.05431,0.05436,0.05423,0.05428,166694
1775292300000,0.05428,0.05435,0.05424,0.05425,136797
1775293200000,0.05425,0.05432,0.0539,0.0539,1184214
1775294100000,0.0539,0.05401,0.05378,0.05397,675828
1775295000000,0.05397,0.054,0.05388,0.05391,481702
1775295900000,0.05391,0.05393,0.0538,0.0538,43901
1775296800000,0.0538,0.05418,0.05377,0.05395,1066168
1775297700000,0.05395,0.05402,0.05388,0.05399,89793
1775298600000,0.05399,0.05413,0.05398,0.05412,152676
1775299500000,0.05412,0.05412,0.05392,0.05408,204234
1775300400000,0.05408,0.05411,0.05393,0.05403,273768
1775301300000,0.05403,0.05403,0.05391,0.05395,78670
1775302200000,0.05395,0.05395,0.05386,0.05393,58479
1775303100000,0.05393,0.05408,0.05393,0.05402,458422
1775304000000,0.05402,0.05408,0.05391,0.05405,129628
1775304900000,0.05405,0.05411,0.05402,0.05406,251216
1775305800000,0.05406,0.0541,0.05399,0.05399,156645
1775306700000,0.05399,0.05404,0.05399,0.05403,22701
1775307600000,0.05403,0.05403,0.05392,0.05392,130096
1775308500000,0.05392,0.05392,0.05382,0.05385,154986
1775309400000,0.05385,0.05389,0.05372,0.05378,188358
1775310300000,0.05378,0.05382,0.05367,0.05378,462085
1775311200000,0.05378,0.05382,0.05372,0.05379,204066
1775312100000,0.05379,0.05379,0.05375,0.05375,20358
1775313000000,0.05375,0.05376,0.0535,0.05371,1559107
1775313900000,0.05371,0.05399,0.0537,0.05394,487167
1775314800000,0.05394,0.05395,0.05376,0.0538,819432
1775315700000,0.0538,0.05383,0.05358,0.05364,123237
1775316600000,0.05364,0.05367,0.05355,0.05365,193531
1775317500000,0.05365,0.05365,0.05358,0.05358,184515
1775318400000,0.05358,0.0537,0.05354,0.05357,1615110
1775319300000,0.05357,0.05365,0.05349,0.0536,133299
1775320200000,0.0536,0.05365,0.05352,0.05352,164433
1775321100000,0.05352,0.05357,0.05341,0.05341,237746
1775322000000,0.05341,0.0535,0.05316,0.0534,3191959
1775322900000,0.0534,0.05365,0.05339,0.0536,107997
1775323800000,0.0536,0.05366,0.05349,0.05366,175404
1775324700000,0.05366,0.05373,0.05342,0.05346,1345440
1775325600000,0.05346,0.05357,0.05338,0.05345,263787
1775326500000,0.05345,0.05357,0.05345,0.05352,223245
1775327400000,0.05352,0.05352,0.05346,0.05352,138665
1775328300000,0.05352,0.05352,0.05339,0.05344,153916
1775329200000,0.05344,0.05385,0.05344,0.05385,947006
1775330100000,0.05385,0.05388,0.05362,0.0537,657984
1775331000000,0.0537,0.0537,0.05359,0.05363,154132
1775331900000,0.05363,0.05372,0.05363,0.05368,120166
1775332800000,0.05368,0.05368,0.05352,0.05356,362957
1775333700000,0.05356,0.05364,0.05355,0.05357,99069
1775334600000,0.05357,0.05363,0.05352,0.05352,112929
1775335500000,0.05352,0.05364,0.05352,0.05364,270768
1775336400000,0.05364,0.05376,0.05363,0.0537,228281
1775337300000,0.0537,0.05386,0.0537,0.05384,448057
1775338200000,0.05384,0.05391,0.05381,0.05381,114887
1775339100000,0.05381,0.05389,0.05378,0.05379,55425
1775340000000,0.05379,0.05403,0.05379,0.05403,979388
1775340900000,0.05403,0.05403,0.05389,0.054,145724
1775341800000,0.054,0.05402,0.05392,0.05402,210187
1775342700000,0.05402,0.05402,0.05393,0.05394,60666
1775343600000,0.05394,0.054,0.05392,0.05399,293076
1775344500000,0.05399,0.05413,0.05399,0.05401,192816
1775345400000,0.05401,0.05409,0.05401,0.05406,157495
1775346300000,0.05406,0.05424,0.05401,0.05407,736029
1775347200000,0.05407,0.05407,0.0538,0.0538,1131900
1775348100000,0.0538,0.05385,0.05378,0.05385,160736
1775349000000,0.05385,0.05394,0.05373,0.05392,1972245
1775349900000,0.05392,0.05412,0.05388,0.05397,1237097
1775350800000,0.05397,0.05399,0.05369,0.05372,1056134
1775351700000,0.05372,0.05372,0.05355,0.05356,178308
1775352600000,0.05356,0.05356,0.05348,0.05349,238186
1775353500000,0.05349,0.05349,0.05339,0.05341,180521
1775354400000,0.05341,0.05347,0.05329,0.0533,936430
1775355300000,0.0533,0.05346,0.0533,0.0534,665433
1775356200000,0.0534,0.05347,0.05337,0.05343,132159
1775357100000,0.05343,0.05343,0.05331,0.05336,57958
1775358000000,0.05336,0.05353,0.05336,0.05342,77594
1775358900000,0.05342,0.05348,0.0534,0.05347,111185
1775359800000,0.05347,0.05347,0.05324,0.05327,96977
1775360700000,0.05327,0.05331,0.05318,0.05324,338541
1775361600000,0.05324,0.05327,0.0532,0.05324,135381
1775362500000,0.05324,0.05325,0.05315,0.05323,127657
1775363400000,0.05323,0.05327,0.05316,0.05316,136479
1775364300000,0.05316,0.05318,0.05303,0.05307,882502
1775365200000,0.05307,0.05322,0.05307,0.05313,93433
1775366100000,0.05313,0.05315,0.05295,0.05296,497095
1775367000000,0.05296,0.053,0.05291,0.05298,567541
1775367900000,0.05298,0.05299,0.05277,0.05291,1212531
1775368800000,0.05291,0.05291,0.05257,0.05261,2493082
1775369700000,0.05261,0.05275,0.05253,0.05275,836197
1775370600000,0.05275,0.05283,0.05256,0.05256,360284
1775371500000,0.05256,0.05263,0.05254,0.05254,842096
1775372400000,0.05254,0.05259,0.05245,0.05247,1035695
1775373300000,0.05247,0.05248,0.05238,0.05247,147744
1775374200000,0.05247,0.05253,0.05233,0.05234,579639
1775375100000,0.05234,0.05248,0.05234,0.05243,64516
1775376000000,0.05243,0.05247,0.05232,0.05247,160674
1775376900000,0.05247,0.05257,0.05247,0.05249,142809
1775377800000,0.05249,0.05258,0.05249,0.05258,48235
1775378700000,0.05258,0.05263,0.0525,0.05251,90467
1775379600000,0.05251,0.05252,0.05241,0.05247,176354
1775380500000,0.05247,0.05256,0.05247,0.0525,434461
1775381400000,0.0525,0.05265,0.05245,0.05265,122397
1775382300000,0.05265,0.05265,0.05253,0.05253,300564
1775383200000,0.05253,0.05256,0.0524,0.0524,77391
1775384100000,0.0524,0.05241,0.05223,0.05225,90119
1775385000000,0.05225,0.05245,0.05217,0.05229,226239
1775385900000,0.05229,0.05229,0.05214,0.05214,109369
1775386800000,0.05214,0.05219,0.0521,0.05215,132456
1775387700000,0.05215,0.05216,0.05198,0.052,621856
1775388600000,0.052,0.05211,0.05198,0.0521,244896
1775389500000,0.0521,0.05215,0.05206,0.05207,69770
1775390400000,0.05207,0.05209,0.05189,0.05191,210814
1775391300000,0.05191,0.05191,0.05173,0.05174,334995
1775392200000,0.05174,0.05174,0.05151,0.05152,780009
1775393100000,0.05152,0.05185,0.05148,0.05185,574651
1775394000000,0.05185,0.05198,0.05179,0.05179,568177
1775394900000,0.05179,0.05192,0.05174,0.05174,53251
1775395800000,0.05174,0.05194,0.05174,0.05191,122794
1775396700000,0.05191,0.05202,0.05187,0.05201,135580
1775397600000,0.05201,0.05205,0.05191,0.05191,195821
1775398500000,0.05191,0.05207,0.05188,0.052,489007
1775399400000,0.052,0.05208,0.05199,0.05206,170763
1775400300000,0.05206,0.05206,0.05185,0.05189,320725
1775401200000,0.05189,0.05192,0.05182,0.05188,339380
1775402100000,0.05188,0.05228,0.05181,0.05215,372290
1775403000000,0.05215,0.05244,0.05205,0.05214,634809
1775403900000,0.05214,0.05215,0.05197,0.05197,462766
1775404800000,0.05197,0.05209,0.05196,0.05202,144151
1775405700000,0.05202,0.05202,0.05188,0.05194,204171
1775406600000,0.05194,0.05201,0.05188,0.05189,177573
1775407500000,0.05189,0.0519,0.05175,0.05176,300432
1775408400000,0.05176,0.05195,0.05174,0.05183,295705
1775409300000,0.05183,0.05189,0.05173,0.05187,69830
1775410200000,0.05187,0.05212,0.05187,0.05212,315509
1775411100000,0.05212,0.05213,0.05205,0.05205,60787
1775412000000,0.05205,0.05207,0.0519,0.05196,141667
1775412900000,0.05196,0.05196,0.05184,0.05187,193281
1775413800000,0.05187,0.05209,0.05187,0.05201,218642
1775414700000,0.05201,0.05201,0.05192,0.05195,72240
1775415600000,0.05195,0.05214,0.05195,0.05214,148937
1775416500000,0.05214,0.05228,0.05213,0.05219,235332
1775417400000,0.05219,0.05225,0.05202,0.05206,722347
1775418300000,0.05206,0.05219,0.05206,0.05218,20317
1775419200000,0.05218,0.05232,0.05216,0.05229,276659
1775420100000,0.05229,0.05242,0.05229,0.0524,459022
1775421000000,0.0524,0.05252,0.05236,0.05238,821328
1775421900000,0.05238,0.05241,0.05232,0.05237,39775
1775422800000,0.05237,0.05255,0.05237,0.0525,364072
1775423700000,0.0525,0.0525,0.05222,0.05226,76871
1775424600000,0.05226,0.05236,0.05225,0.05236,26472
1775425500000,0.05236,0.05266,0.05236,0.05248,289586
1775426400000,0.05248,0.05261,0.05234,0.0526,257897
1775427300000,0.0526,0.0527,0.05238,0.05244,701445
1775428200000,0.05244,0.05279,0.05244,0.05272,506538
1775429100000,0.05272,0.053,0.05271,0.05296,400359
1775430000000,0.05296,0.05313,0.05288,0.05313,793060
1775430900000,0.05313,0.05358,0.05313,0.0535,1564730
1775431800000,0.0535,0.05383,0.0535,0.05361,420940
1775432700000,0.05361,0.0538,0.05361,0.0538,270552
1775433600000,0.0538,0.05413,0.0538,0.05396,922147
1775434500000,0.05396,0.05403,0.05364,0.05384,209884
1775435400000,0.05384,0.05399,0.05376,0.05398,761700
1775436300000,0.05398,0.0541,0.05381,0.05381,198223
1775437200000,0.05381,0.05384,0.05342,0.05342,301812
1775438100000,0.05342,0.05348,0.05324,0.05347,166744
1775439000000,0.05347,0.05381,0.05347,0.05381,197341
1775439900000,0.05381,0.05394,0.05375,0.05376,538239
1775440800000,0.05376,0.0544,0.05373,0.05425,997628
1775441700000,0.05425,0.05436,0.05413,0.0543,586623
1775442600000,0.0543,0.05442,0.05423,0.05424,813687
1775443500000,0.05424,0.05432,0.05409,0.05425,86074
1775444400000,0.05425,0.05431,0.05405,0.05405,790803
1775445300000,0.05405,0.05409,0.0538,0.05389,1128387
1775446200000,0.05389,0.054,0.05386,0.05399,135837
1775447100000,0.05399,0.05401,0.05389,0.054,167370
1775448000000,0.054,0.05403,0.0538,0.05392,386178
1775448900000,0.05392,0.05394,0.05383,0.05393,328170
1775449800000,0.05393,0.05425,0.05391,0.05417,147237
1775450700000,0.05417,0.05417,0.05395,0.05398,92620
1775451600000,0.05398,0.05398,0.05384,0.05389,270676
1775452500000,0.05389,0.05394,0.0538,0.0538,45192
1775453400000,0.0538,0.05382,0.05375,0.05381,92938
1775454300000,0.05381,0.05387,0.05378,0.0538,63918
1775455200000,0.0538,0.05393,0.05365,0.05393,465980
1775456100000,0.05393,0.05393,0.05359,0.05362,419253
1775457000000,0.05362,0.05391,0.05361,0.05381,365755
1775457900000,0.05381,0.05399,0.0538,0.05389,877541
1775458800000,0.05389,0.05389,0.05368,0.05372,140761
1775459700000,0.05372,0.05378,0.05357,0.05359,1331316
1775460600000,0.05359,0.05364,0.05355,0.05357,71866
1775461500000,0.05357,0.05392,0.05356,0.05384,210005
1775462400000,0.05384,0.05405,0.05384,0.05404,904025
1775463300000,0.05404,0.05414,0.05391,0.0541,287849
1775464200000,0.0541,0.05424,0.05407,0.05415,445088
1775465100000,0.05415,0.05415,0.05379,0.05386,1997312
1775466000000,0.05386,0.05421,0.05386,0.05414,1473984
1775466900000,0.05414,0.05458,0.05408,0.05432,1032585
1775467800000,0.05432,0.0546,0.05421,0.05453,820284
1775468700000,0.05453,0.05468,0.05448,0.0546,885046
1775469600000,0.0546,0.05477,0.05455,0.05477,688558
1775470500000,0.05477,0.0548,0.05459,0.05467,294908
1775471400000,0.05467,0.05505,0.05467,0.055,2595478
1775472300000,0.055,0.05503,0.05472,0.05484,558925
1775473200000,0.05484,0.05486,0.05465,0.05484,242006
1775474100000,0.05484,0.05484,0.0547,0.05471,288795
1775475000000,0.05471,0.05478,0.05455,0.0546,219645
1775475900000,0.0546,0.05468,0.05455,0.05456,300136
1775476800000,0.05456,0.0547,0.05453,0.05464,283304
1775477700000,0.05464,0.05473,0.05459,0.05461,985639
1775478600000,0.05461,0.05461,0.05448,0.05451,173185
1775479500000,0.05451,0.0546,0.05444,0.05455,288844
1775480400000,0.05455,0.05466,0.05448,0.05464,136746
1775481300000,0.05464,0.05465,0.0544,0.05445,90254
1775482200000,0.05445,0.05456,0.05423,0.05434,1132310
1775483100000,0.05434,0.05442,0.05431,0.05438,118972
1775484000000,0.05438,0.05456,0.05426,0.05456,1047647
1775484900000,0.05456,0.05468,0.05448,0.05456,350432
1775485800000,0.05456,0.05462,0.0542,0.05441,1025369
1775486700000,0.05441,0.05459,0.05429,0.05459,430418
1775487600000,0.05459,0.05473,0.05443,0.0545,727747
1775488500000,0.0545,0.05462,0.05438,0.05462,421627
1775489400000,0.05462,0.05483,0.05462,0.05471,1170895
1775490300000,0.05471,0.05496,0.05465,0.05491,2443586
1775491200000,0.05491,0.05491,0.05471,0.05486,1359914
1775492100000,0.05486,0.0549,0.05472,0.05474,514335
1775493000000,0.05474,0.05483,0.05471,0.05483,579386
1775493900000,0.05483,0.0549,0.05446,0.05464,3023488
1775494800000,0.05464,0.05464,0.05424,0.05427,1612789
1775495700000,0.05427,0.05464,0.05424,0.05446,558419
1775496600000,0.05446,0.05447,0.05413,0.0542,1130078
1775497500000,0.0542,0.05422,0.05406,0.0542,449326
1775498400000,0.0542,0.0544,0.05407,0.0543,2682660
1775499300000,0.0543,0.05432,0.05416,0.05431,739997
1775500200000,0.05431,0.05431,0.05413,0.05418,94685
1775501100000,0.05418,0.0542,0.05413,0.0542,45055
1775502000000,0.0542,0.05439,0.05419,0.05423,392575
1775502900000,0.05423,0.05423,0.05414,0.05418,41201
1775503800000,0.05418,0.05418,0.05399,0.05408,1065372
1775504700000,0.05408,0.05411,0.054,0.05411,84208
1775505600000,0.05411,0.05412,0.05402,0.05402,41520
1775506500000,0.05402,0.0543,0.05402,0.0543,360647
1775507400000,0.0543,0.05432,0.05422,0.05432,95942
1775508300000,0.05432,0.05432,0.05419,0.05419,36209
1775509200000,0.05419,0.0543,0.05413,0.05428,448512
1775510100000,0.05428,0.05428,0.05421,0.05424,188769
1775511000000,0.05424,0.05429,0.05404,0.05405,5032666
1775511900000,0.05405,0.05433,0.05398,0.05429,7400267
1775512800000,0.05429,0.05431,0.05409,0.05428,11371421
1775513700000,0.05428,0.05431,0.05417,0.05422,5707199
1775514600000,0.05422,0.05422,0.05395,0.05396,216281
1775515500000,0.05396,0.05396,0.05358,0.05362,1292426
1775516400000,0.05362,0.05363,0.05328,0.05347,1555460
1775517300000,0.05347,0.05347,0.05318,0.0532,1294692
1775518200000,0.0532,0.05347,0.05308,0.05347,1022690
1775519100000,0.05347,0.05351,0.05336,0.05337,89524
1775520000000,0.05337,0.0536,0.05329,0.05347,1328056
1775520900000,0.05347,0.05357,0.05333,0.05342,269805
1775521800000,0.05342,0.05354,0.0533,0.05337,148912
1775522700000,0.05337,0.05347,0.05333,0.05337,247760
1775523600000,0.05337,0.05337,0.05318,0.05326,1131155
1775524500000,0.05326,0.05356,0.05326,0.0534,295061
1775525400000,0.0534,0.0534,0.05313,0.05325,208820
1775526300000,0.05325,0.05325,0.05293,0.05302,1507890
1775527200000,0.05302,0.05308,0.05291,0.05305,507691
1775528100000,0.05305,0.05328,0.05302,0.05324,168977
1775529000000,0.05324,0.0533,0.05318,0.05328,42178
1775529900000,0.05328,0.05328,0.05304,0.05312,119263
1775530800000,0.05312,0.05328,0.05312,0.05317,112626
1775531700000,0.05317,0.05326,0.05317,0.05321,102783
1775532600000,0.05321,0.05324,0.05313,0.05317,90830
1775533500000,0.05317,0.05318,0.05309,0.0531,60017
1775534400000,0.0531,0.05313,0.05284,0.05285,735036
1775535300000,0.05285,0.05295,0.05285,0.05292,86662
1775536200000,0.05292,0.05306,0.05291,0.05303,44947
1775537100000,0.05303,0.05313,0.05301,0.05303,96287
1775538000000,0.05303,0.05311,0.05294,0.0531,159517
1775538900000,0.0531,0.05314,0.05293,0.05293,126164
1775539800000,0.05293,0.05295,0.05277,0.05277,107618
1775540700000,0.05277,0.05285,0.0527,0.05276,398493
1775541600000,0.05276,0.05278,0.05263,0.05265,161812
1775542500000,0.05265,0.05266,0.05259,0.05261,99546
1775543400000,0.05261,0.05268,0.0526,0.05266,306610
1775544300000,0.05266,0.05272,0.0526,0.0526,303937
1775545200000,0.0526,0.05261,0.05252,0.05261,394132
1775546100000,0.05261,0.05266,0.05254,0.05263,928506
1775547000000,0.05263,0.05278,0.05263,0.05269,385332
1775547900000,0.05269,0.05272,0.05265,0.05269,253073
1775548800000,0.05269,0.05285,0.05252,0.05262,1529776
1775549700000,0.05262,0.05268,0.05257,0.05259,284043
1775550600000,0.05259,0.05268,0.05259,0.05268,77881
1775551500000,0.05268,0.05274,0.0526,0.05266,67626
1775552400000,0.05266,0.05301,0.05265,0.05286,267790
1775553300000,0.05286,0.05286,0.05274,0.05281,268122
1775554200000,0.05281,0.05291,0.0527,0.05272,239434
1775555100000,0.05272,0.05272,0.05257,0.05258,819600
1775556000000,0.05258,0.05264,0.05234,0.05243,1492544
1775556900000,0.05243,0.05246,0.05209,0.0522,3402882
1775557800000,0.0522,0.05239,0.05217,0.0522,416686
1775558700000,0.0522,0.05224,0.05204,0.05212,905519
1775559600000,0.05212,0.05217,0.05202,0.05202,412674
1775560500000,0.05202,0.05213,0.05199,0.0521,535592
1775561400000,0.0521,0.0522,0.05204,0.05218,383748
1775562300000,0.05218,0.05223,0.05206,0.05222,938947
1775563200000,0.05222,0.05237,0.05188,0.05218,2700093
1775564100000,0.05218,0.05224,0.05208,0.05222,791559
1775565000000,0.05222,0.05229,0.05208,0.05208,141896
1775565900000,0.05208,0.05233,0.05205,0.05223,994685
1775566800000,0.05223,0.05247,0.05222,0.05239,1145411
1775567700000,0.05239,0.05239,0.05219,0.05221,251137
1775568600000,0.05221,0.05241,0.05221,0.05236,167160
1775569500000,0.05236,0.05245,0.05232,0.05236,219030
1775570400000,0.05236,0.05238,0.05221,0.05227,341893
1775571300000,0.05227,0.05262,0.05223,0.05261,653913
1775572200000,0.05261,0.05261,0.0524,0.05244,802806
1775573100000,0.05244,0.05261,0.05236,0.05236,125868
1775574000000,0.05236,0.05248,0.05228,0.0523,676123
1775574900000,0.0523,0.05258,0.0523,0.05251,920550
1775575800000,0.05251,0.05265,0.05251,0.05255,421541
1775576700000,0.05255,0.05257,0.05244,0.05248,205974
1775577600000,0.05248,0.0526,0.05242,0.05248,121247
1775578500000,0.05248,0.0526,0.05238,0.05258,195808
1775579400000,0.05258,0.05269,0.05251,0.05252,139970
1775580300000,0.05252,0.05256,0.05243,0.05256,115191
1775581200000,0.05256,0.05275,0.05256,0.05258,634425
1775582100000,0.05258,0.05287,0.05258,0.05282,107570
1775583000000,0.05282,0.05339,0.05282,0.05332,799327
1775583900000,0.05332,0.05339,0.05326,0.05331,276722
1775584800000,0.05331,0.05344,0.05325,0.05339,189201
1775585700000,0.05339,0.0535,0.05324,0.05324,805339
1775586600000,0.05324,0.05324,0.05288,0.05294,242112
1775587500000,0.05294,0.05297,0.05275,0.05297,209476
1775588400000,0.05297,0.05326,0.05297,0.05325,191282
1775589300000,0.05325,0.05349,0.05325,0.05345,127803
1775590200000,0.05345,0.05349,0.05333,0.05346,150308
1775591100000,0.05346,0.05415,0.05346,0.0541,1742885
1775592000000,0.0541,0.05424,0.05398,0.05423,326517
1775592900000,0.05423,0.05443,0.05412,0.05426,449136
1775593800000,0.05426,0.05433,0.05405,0.05406,253179
1775594700000,0.05406,0.05412,0.05396,0.05412,146365
1775595600000,0.05412,0.05471,0.05412,0.05463,1462055
1775596500000,0.05463,0.05472,0.05439,0.05441,213940
1775597400000,0.05441,0.05487,0.05441,0.05487,141674
1775598300000,0.05487,0.05517,0.05487,0.05516,422599
1775599200000,0.05516,0.05543,0.05512,0.05538,964253
1775600100000,0.05538,0.05545,0.05515,0.05518,358736
1775601000000,0.05518,0.05585,0.0551,0.05559,2894909
1775601900000,0.05559,0.05625,0.0555,0.05623,981642
1775602800000,0.05623,0.05646,0.05597,0.05613,1067464
1775603700000,0.05613,0.05645,0.05594,0.05645,1098542
1775604600000,0.05645,0.05652,0.05628,0.05648,702338
1775605500000,0.05648,0.05659,0.05622,0.05627,1954029
1775606400000,0.05627,0.05648,0.05611,0.05644,825065
1775607300000,0.05644,0.05644,0.05614,0.05623,332812
1775608200000,0.05623,0.05623,0.05599,0.05601,481327
1775609100000,0.05601,0.05621,0.05589,0.0562,245445
1775610000000,0.0562,0.05624,0.05604,0.05615,273532
1775610900000,0.05615,0.05634,0.05615,0.05616,138149
1775611800000,0.05616,0.05628,0.05609,0.05623,115796
1775612700000,0.05623,0.05652,0.05616,0.05646,687704
1775613600000,0.05646,0.05689,0.05646,0.0567,1037627
1775614500000,0.0567,0.05673,0.05645,0.05649,345517
1775615400000,0.05649,0.0565,0.0563,0.05634,218557
1775616300000,0.05634,0.05647,0.05621,0.05621,459311
1775617200000,0.05621,0.05671,0.05621,0.05666,1714727
1775618100000,0.05666,0.05684,0.05652,0.05684,321866
1775619000000,0.05684,0.05693,0.05672,0.05686,213451
1775619900000,0.05686,0.05695,0.05673,0.05676,154435
1775620800000,0.05676,0.05692,0.05663,0.0567,1569576
1775621700000,0.0567,0.0567,0.05657,0.05666,93508
1775622600000,0.05666,0.05695,0.05657,0.0568,305936
1775623500000,0.0568,0.05698,0.05673,0.05673,574745
1775624400000,0.05673,0.05682,0.05671,0.05682,297583
1775625300000,0.05682,0.05697,0.05682,0.05694,59888
1775626200000,0.05694,0.0573,0.05687,0.05724,1676805
1775627100000,0.05724,0.05749,0.05724,0.05733,1422425
1775628000000,0.05733,0.05739,0.05698,0.05711,882419
1775628900000,0.05711,0.05735,0.05709,0.05726,556030
1775629800000,0.05726,0.05726,0.05685,0.05685,1213373
1775630700000,0.05685,0.05706,0.05682,0.05706,280243
1775631600000,0.05706,0.05737,0.05697,0.05731,1201118
1775632500000,0.05731,0.05753,0.05727,0.05735,857399
1775633400000,0.05735,0.05752,0.05714,0.05745,770163
1775634300000,0.05745,0.05758,0.05744,0.05746,379065
1775635200000,0.05746,0.05769,0.05723,0.05768,1386515
1775636100000,0.05768,0.05783,0.05765,0.05783,778584
1775637000000,0.05783,0.058,0.05773,0.0579,1243289
1775637900000,0.0579,0.058,0.05786,0.05791,633916
1775638800000,0.05791,0.05799,0.05776,0.05788,1195381
1775639700000,0.05788,0.05804,0.05773,0.05773,476689
1775640600000,0.05773,0.05794,0.05773,0.05791,318737
1775641500000,0.05791,0.05791,0.05756,0.05757,661383
1775642400000,0.05757,0.05762,0.05743,0.05746,459799
1775643300000,0.05746,0.05773,0.05746,0.05758,161747
1775644200000,0.05758,0.05758,0.05713,0.05722,1682467
1775645100000,0.05722,0.05735,0.05716,0.05718,326161
1775646000000,0.05718,0.05743,0.05714,0.05743,125735
1775646900000,0.05743,0.05754,0.05729,0.05748,333020
1775647800000,0.05748,0.05766,0.05731,0.0576,792218
1775648700000,0.0576,0.0581,0.05759,0.05803,920682
1775649600000,0.05803,0.05811,0.05787,0.05802,926528
1775650500000,0.05802,0.05805,0.0575,0.05765,642962
1775651400000,0.05765,0.05765,0.05715,0.05732,1501813
1775652300000,0.05732,0.05747,0.05719,0.05747,888006
1775653200000,0.05747,0.05769,0.05741,0.05762,379543
1775654100000,0.05762,0.0577,0.05754,0.05756,185527
1775655000000,0.05756,0.05777,0.05752,0.05754,548916
1775655900000,0.05754,0.05769,0.05725,0.05731,603007
1775656800000,0.05731,0.05731,0.05669,0.05685,2699247
1775657700000,0.05685,0.05689,0.05658,0.05664,1312378
1775658600000,0.05664,0.05665,0.05607,0.05616,1565884
1775659500000,0.05616,0.05621,0.05587,0.0561,969426
1775660400000,0.0561,0.0563,0.05604,0.05614,290094
1775661300000,0.05614,0.05645,0.05614,0.0563,883745
1775662200000,0.0563,0.05674,0.05623,0.05666,387347
1775663100000,0.05666,0.05684,0.05663,0.05679,156966
1775664000000,0.05679,0.05682,0.05653,0.05675,278872
1775664900000,0.05675,0.05696,0.05658,0.05658,259998
1775665800000,0.05658,0.05658,0.0565,0.0565,162874
1775666700000,0.0565,0.05665,0.05648,0.0565,243265
1775667600000,0.0565,0.05718,0.0565,0.05711,453968
1775668500000,0.05711,0.05711,0.05668,0.05669,237084
1775669400000,0.05669,0.05683,0.05653,0.05669,178432
1775670300000,0.05669,0.05673,0.05663,0.05669,283826
1775671200000,0.05669,0.05669,0.05634,0.05642,427309
1775672100000,0.05642,0.05642,0.05612,0.05612,988054
1775673000000,0.05612,0.05621,0.05581,0.05583,865634
1775673900000,0.05583,0.05592,0.05563,0.05563,938196
1775674800000,0.05563,0.0557,0.0555,0.05555,1564924
1775675700000,0.05555,0.05556,0.05536,0.0554,948326
1775676600000,0.0554,0.0557,0.05536,0.05564,420869
1775677500000,0.05564,0.05567,0.05557,0.05563,38749
1775678400000,0.05563,0.05596,0.05563,0.05574,559678
1775679300000,0.05574,0.05576,0.0556,0.05561,90274
1775680200000,0.05561,0.05561,0.05541,0.05555,348691
1775681100000,0.05555,0.05557,0.0555,0.05555,101724
1775682000000,0.05555,0.0558,0.05555,0.05572,139884
1775682900000,0.05572,0.05605,0.05572,0.05604,280667
1775683800000,0.05604,0.05617,0.05597,0.05606,336322
1775684700000,0.05606,0.05619,0.05603,0.05607,342139
1775685600000,0.05607,0.05608,0.05592,0.05596,296644
1775686500000,0.05596,0.05601,0.05565,0.05569,2214666
1775687400000,0.05569,0.05596,0.05568,0.05581,493634
1775688300000,0.05581,0.05582,0.05552,0.05554,113914
1775689200000,0.05554,0.05554,0.05495,0.05514,2047657
1775690100000,0.05514,0.05524,0.0548,0.0549,328741
1775691000000,0.0549,0.05507,0.05484,0.05493,284963
1775691900000,0.05493,0.05498,0.05482,0.05487,112380
1775692800000,0.05487,0.05487,0.05468,0.0547,713329
1775693700000,0.0547,0.05471,0.0545,0.0545,129733
1775694600000,0.0545,0.05454,0.05433,0.05445,277787
1775695500000,0.05445,0.05488,0.05444,0.05483,706533
1775696400000,0.05483,0.05488,0.05455,0.05466,395638
1775697300000,0.05466,0.05466,0.05441,0.05441,82227
1775698200000,0.05441,0.05468,0.05431,0.05442,430496
1775699100000,0.05442,0.05455,0.0544,0.05454,241336
1775700000000,0.05454,0.05463,0.05439,0.05439,196696
1775700900000,0.05439,0.05461,0.05439,0.05456,70673
1775701800000,0.05456,0.05456,0.05444,0.05454,267878
1775702700000,0.05454,0.05465,0.05454,0.05462,9705
1775703600000,0.05462,0.05471,0.05455,0.05467,118258
1775704500000,0.05467,0.05491,0.05467,0.05484,171854
1775705400000,0.05484,0.05494,0.05484,0.05488,169165
1775706300000,0.05488,0.05495,0.05479,0.05479,59632
1775707200000,0.05479,0.05479,0.05466,0.0547,189096
1775708100000,0.0547,0.05489,0.0547,0.05486,65757
1775709000000,0.05486,0.05521,0.05486,0.05504,715455
1775709900000,0.05504,0.05507,0.05498,0.05498,478555
1775710800000,0.05498,0.05503,0.05486,0.05498,82118
1775711700000,0.05498,0.05509,0.05496,0.05509,87225
1775712600000,0.05509,0.0553,0.05509,0.05516,1579629
1775713500000,0.05516,0.05516,0.05475,0.0548,594402
1775714400000,0.0548,0.05518,0.0548,0.05518,147959
1775715300000,0.05518,0.05518,0.05494,0.05497,231583
1775716200000,0.05497,0.0553,0.05496,0.0553,246237
1775717100000,0.0553,0.0553,0.05509,0.05522,221732
1775718000000,0.05522,0.05527,0.05499,0.05502,307604
1775718900000,0.05502,0.05502,0.05478,0.05478,251434
1775719800000,0.05478,0.05488,0.05474,0.05483,720380
1775720700000,0.05483,0.05504,0.05483,0.05504,320254
1775721600000,0.05504,0.05521,0.05494,0.0552,888467
1775722500000,0.0552,0.05522,0.05508,0.05514,284434
1775723400000,0.05514,0.05535,0.05504,0.05512,171417
1775724300000,0.05512,0.05518,0.055,0.05509,220842
1775725200000,0.05509,0.05509,0.05473,0.05487,916018
1775726100000,0.05487,0.05504,0.05487,0.05499,517837
1775727000000,0.05499,0.05508,0.05499,0.05508,185150
1775727900000,0.05508,0.05524,0.05504,0.05509,370413
1775728800000,0.05509,0.05511,0.05498,0.05511,88744
1775729700000,0.05511,0.05518,0.05509,0.05514,297508
1775730600000,0.05514,0.05529,0.05508,0.05523,580084
1775731500000,0.05523,0.05531,0.05513,0.05521,201491
1775732400000,0.05521,0.05521,0.05497,0.05499,253227
1775733300000,0.05499,0.05499,0.05466,0.0547,1269145
1775734200000,0.0547,0.05475,0.05459,0.05461,1056964
1775735100000,0.05461,0.05462,0.05448,0.05449,172271
1775736000000,0.05449,0.05465,0.05449,0.05456,191994
1775736900000,0.05456,0.05456,0.05439,0.05452,451378
1775737800000,0.05452,0.05468,0.05442,0.05467,504478
1775738700000,0.05467,0.05473,0.0546,0.05468,399573
1775739600000,0.05468,0.05468,0.05458,0.05461,148445
1775740500000,0.05461,0.05463,0.05452,0.05459,518942
1775741400000,0.05459,0.05471,0.05445,0.05454,522064
1775742300000,0.05454,0.05471,0.05452,0.05459,374027
1775743200000,0.05459,0.05468,0.05445,0.05466,388800
1775744100000,0.05466,0.05466,0.05438,0.05441,232486
1775745000000,0.05441,0.0547,0.05441,0.0547,128457
1775745900000,0.0547,0.05513,0.0547,0.0551,1551612
1775746800000,0.0551,0.05539,0.05499,0.05539,504243
1775747700000,0.05539,0.05576,0.05536,0.05544,773602
1775748600000,0.05544,0.05621,0.05538,0.05609,1205296
1775749500000,0.05609,0.05637,0.05592,0.05594,842679
1775750400000,0.05594,0.05633,0.05592,0.05615,1542109
1775751300000,0.05615,0.05626,0.0559,0.05594,223131
1775752200000,0.05594,0.05594,0.05563,0.05581,358122
1775753100000,0.05581,0.05593,0.05571,0.05582,191276
1775754000000,0.05582,0.05611,0.05581,0.05603,392875
1775754900000,0.05603,0.05609,0.05583,0.05587,1493864
1775755800000,0.05587,0.0561,0.05569,0.05604,242077
1775756700000,0.05604,0.05607,0.05589,0.05592,246949
1775757600000,0.05592,0.05596,0.05559,0.05563,288461
1775758500000,0.05563,0.05579,0.05558,0.05578,113679
1775759400000,0.05578,0.05578,0.05564,0.05577,94644
1775760300000,0.05577,0.05588,0.05576,0.05588,1177553
1775761200000,0.05588,0.05615,0.05584,0.05603,139471
1775762100000,0.05603,0.05603,0.05562,0.05567,1023353
1775763000000,0.05567,0.05585,0.05556,0.05585,315696
1775763900000,0.05585,0.05597,0.05572,0.05572,59178
1775764800000,0.05572,0.05599,0.05572,0.05597,311897
1775765700000,0.05597,0.05614,0.05594,0.05614,1686155
1775766600000,0.05614,0.05614,0.05594,0.05596,464655
1775767500000,0.05596,0.05605,0.05588,0.05596,297549
1775768400000,0.05596,0.05625,0.05587,0.05615,656754
1775769300000,0.05615,0.05621,0.05594,0.05602,476975
1775770200000,0.05602,0.05626,0.05597,0.05622,293608
1775771100000,0.05622,0.0563,0.05607,0.05611,481809
1775772000000,0.05611,0.0563,0.05611,0.0563,93141
1775772900000,0.0563,0.05681,0.0563,0.05637,2159998
1775773800000,0.05637,0.05639,0.05624,0.05626,200592
1775774700000,0.05626,0.05626,0.0559,0.05591,715382
1775775600000,0.05591,0.05592,0.05572,0.05574,343004
1775776500000,0.05574,0.05596,0.05559,0.05585,225439
1775777400000,0.05585,0.056,0.05562,0.05593,432552
1775778300000,0.05593,0.05607,0.05582,0.05596,480237
1775779200000,0.05596,0.05636,0.0559,0.05635,1559439
1775780100000,0.05635,0.05645,0.05601,0.0564,672126
1775781000000,0.0564,0.05681,0.05623,0.05655,748495
1775781900000,0.05655,0.05678,0.05646,0.05655,780046
1775782800000,0.05655,0.05695,0.05641,0.05692,749125
1775783700000,0.05692,0.05735,0.05674,0.05723,1427985
1775784600000,0.05723,0.0579,0.0572,0.05744,1771555
1775785500000,0.05744,0.0575,0.05712,0.0575,521542
1775786400000,0.0575,0.05757,0.05703,0.05714,1031305
1775787300000,0.05714,0.05724,0.05692,0.05696,482210
1775788200000,0.05696,0.05744,0.0569,0.05744,1434329
1775789100000,0.05744,0.0576,0.05731,0.05739,232252
1775790000000,0.05739,0.05745,0.05692,0.05692,651408
1775790900000,0.05692,0.05713,0.05664,0.05667,282961
1775791800000,0.05667,0.05672,0.05641,0.05662,732306
1775792700000,0.05662,0.05668,0.05645,0.05645,299899
1775793600000,0.05645,0.05664,0.05637,0.05664,730921
1775794500000,0.05664,0.05696,0.05664,0.05683,2187137
1775795400000,0.05683,0.05708,0.05673,0.05686,1103690
1775796300000,0.05686,0.05715,0.05683,0.05711,530005
1775797200000,0.05711,0.05723,0.05694,0.05717,522683
1775798100000,0.05717,0.05717,0.05689,0.05708,2072525
1775799000000,0.05708,0.05711,0.0569,0.0569,598924
1775799900000,0.0569,0.057,0.05684,0.05689,250935
1775800800000,0.05689,0.05689,0.05668,0.05689,1353760
1775801700000,0.05689,0.05689,0.05652,0.05652,715758
1775802600000,0.05652,0.05658,0.05632,0.05638,850582
1775803500000,0.05638,0.05664,0.05618,0.05663,379576
1775804400000,0.05663,0.05665,0.05641,0.05644,138991
1775805300000,0.05644,0.05645,0.05628,0.05631,194320
1775806200000,0.05631,0.05668,0.05631,0.05668,365652
1775807100000,0.05668,0.05682,0.05649,0.05649,1518846
1775808000000,0.05649,0.05649,0.05627,0.0563,475913
1775808900000,0.0563,0.0564,0.05624,0.05638,54318
1775809800000,0.05638,0.05672,0.05637,0.05642,223235
1775810700000,0.05642,0.05659,0.05632,0.05638,253775
1775811600000,0.05638,0.05687,0.05637,0.05669,1091223
1775812500000,0.05669,0.05684,0.05664,0.05673,427202
1775813400000,0.05673,0.05673,0.0565,0.05665,318756
1775814300000,0.05665,0.05665,0.05648,0.05652,86183
1775815200000,0.05652,0.05652,0.05614,0.05615,328183
1775816100000,0.05615,0.0562,0.05611,0.05613,292523
1775817000000,0.05613,0.05622,0.05602,0.05602,154978
1775817900000,0.05602,0.05606,0.05573,0.05577,757919
1775818800000,0.05577,0.05609,0.05577,0.05602,385713
1775819700000,0.05602,0.05604,0.05568,0.05585,1678351
1775820600000,0.05585,0.05594,0.05581,0.05581,94523
1775821500000,0.05581,0.05592,0.05579,0.05585,272303
1775822400000,0.05585,0.05619,0.05583,0.05613,516022
1775823300000,0.05613,0.05622,0.05587,0.0561,1927417
1775824200000,0.0561,0.05645,0.05591,0.05637,1249873
1775825100000,0.05637,0.05647,0.05628,0.05628,758484
1775826000000,0.05628,0.0563,0.05619,0.05627,579244
1775826900000,0.05627,0.05644,0.05624,0.05626,231047
1775827800000,0.05626,0.05632,0.05597,0.05617,663715
1775828700000,0.05617,0.05633,0.05611,0.05624,133947
1775829600000,0.05624,0.05624,0.05594,0.0562,331184
1775830500000,0.0562,0.05673,0.0562,0.05652,2028010
1775831400000,0.05652,0.05679,0.05652,0.0566,724326
1775832300000,0.0566,0.05679,0.05652,0.05679,209295
1775833200000,0.05679,0.05705,0.05672,0.05694,844744
1775834100000,0.05694,0.05712,0.05682,0.05688,188091
1775835000000,0.05688,0.05721,0.05671,0.05704,6769619
1775835900000,0.05704,0.05704,0.05675,0.05681,351786
1775836800000,0.05681,0.05699,0.05681,0.05698,455661
1775837700000,0.05698,0.05713,0.05694,0.05704,395777
1775838600000,0.05704,0.05708,0.05668,0.05668,126443
1775839500000,0.05668,0.05681,0.05666,0.05673,82034
1775840400000,0.05673,0.05673,0.05656,0.05658,217929
1775841300000,0.05658,0.05667,0.05652,0.05652,187712
1775842200000,0.05652,0.05658,0.05633,0.05644,334411
1775843100000,0.05644,0.05663,0.05643,0.05663,326448
1775844000000,0.05663,0.05665,0.05639,0.05657,2121109
1775844900000,0.05657,0.05673,0.05656,0.05673,250531
1775845800000,0.05673,0.05683,0.05669,0.0567,40305
1775846700000,0.0567,0.057,0.0567,0.057,165099
1775847600000,0.057,0.05718,0.05695,0.05709,222981
1775848500000,0.05709,0.05709,0.0569,0.0569,112443
1775849400000,0.0569,0.05697,0.05681,0.05697,115449
1775850300000,0.05697,0.05714,0.05686,0.05712,37409
1775851200000,0.05712,0.05717,0.05704,0.05714,158160
1775852100000,0.05714,0.05714,0.057,0.05703,223910
1775853000000,0.05703,0.0571,0.05665,0.05671,262904
1775853900000,0.05671,0.05698,0.05665,0.05693,160052
1775854800000,0.05693,0.05693,0.05667,0.05673,310221
1775855700000,0.05673,0.05682,0.05667,0.05682,95737
1775856600000,0.05682,0.05683,0.05662,0.0567,284517
1775857500000,0.0567,0.05675,0.0566,0.05675,188858
1775858400000,0.05675,0.05675,0.05668,0.05672,32761
1775859300000,0.05672,0.05673,0.05654,0.05661,397264
1775860200000,0.05661,0.05668,0.05643,0.05649,236637
1775861100000,0.05649,0.05657,0.05649,0.05657,147913
1775862000000,0.05657,0.05658,0.05637,0.05637,234676
1775862900000,0.05637,0.0565,0.05635,0.05644,121540
1775863800000,0.05644,0.05648,0.05637,0.05639,89847
1775864700000,0.05639,0.05641,0.05636,0.0564,105185
1775865600000,0.0564,0.0564,0.05615,0.05616,731918
1775866500000,0.05616,0.05618,0.05607,0.05618,27434
1775867400000,0.05618,0.0562,0.05603,0.05605,167607
1775868300000,0.05605,0.05608,0.05596,0.05603,367624
1775869200000,0.05603,0.05608,0.05591,0.05591,81499
1775870100000,0.05591,0.05591,0.05575,0.05581,206797
1775871000000,0.05581,0.05596,0.05581,0.05591,64508
1775871900000,0.05591,0.05619,0.05591,0.05599,159894
1775872800000,0.05599,0.05602,0.05581,0.05602,417498
1775873700000,0.05602,0.05611,0.05599,0.05599,392318
1775874600000,0.05599,0.05607,0.05591,0.05593,288180
1775875500000,0.05593,0.05593,0.05581,0.05586,228456
1775876400000,0.05586,0.05642,0.05584,0.0564,195213
1775877300000,0.0564,0.05655,0.0564,0.05649,111403
1775878200000,0.05649,0.0565,0.0561,0.05614,138601
1775879100000,0.05614,0.05614,0.05573,0.05577,344911
1775880000000,0.05577,0.05597,0.05573,0.05583,158308
1775880900000,0.05583,0.05584,0.05576,0.05583,169942
1775881800000,0.05583,0.05584,0.05576,0.0558,530462
1775882700000,0.0558,0.0558,0.05563,0.05563,215196
1775883600000,0.05563,0.05582,0.05547,0.05547,970929
1775884500000,0.05547,0.0556,0.05539,0.05553,697568
1775885400000,0.05553,0.05573,0.05553,0.05564,110344
1775886300000,0.05564,0.05564,0.0554,0.0554,405860
1775887200000,0.0554,0.0554,0.05516,0.05519,1590201
1775888100000,0.05519,0.05527,0.05519,0.05526,284942
1775889000000,0.05526,0.05547,0.05524,0.05547,506832
1775889900000,0.05547,0.05555,0.05542,0.05542,257347
1775890800000,0.05542,0.05555,0.05541,0.05547,102076
1775891700000,0.05547,0.05553,0.0554,0.05552,341023
1775892600000,0.05552,0.05563,0.05552,0.05552,154675
1775893500000,0.05552,0.05553,0.05549,0.05551,34055
1775894400000,0.05551,0.05555,0.05543,0.05554,300023
1775895300000,0.05554,0.05555,0.05551,0.05552,53616
1775896200000,0.05552,0.05559,0.05549,0.05556,101606
1775897100000,0.05556,0.0556,0.05548,0.05552,238828
1775898000000,0.05552,0.05556,0.05543,0.05543,121542
1775898900000,0.05543,0.05565,0.05543,0.05545,364430
1775899800000,0.05545,0.05545,0.0553,0.05536,217030
1775900700000,0.05536,0.05545,0.05536,0.05543,285374
1775901600000,0.05543,0.05551,0.05524,0.05531,92988
1775902500000,0.05531,0.05538,0.05529,0.05535,32343
1775903400000,0.05535,0.05535,0.05524,0.05529,434256
1775904300000,0.05529,0.05544,0.05528,0.05536,278972
1775905200000,0.05536,0.0554,0.05526,0.05537,168104
1775906100000,0.05537,0.05537,0.05532,0.05534,185388
1775907000000,0.05534,0.05543,0.05534,0.05543,190266
1775907900000,0.05543,0.05551,0.05543,0.05544,98651
1775908800000,0.05544,0.05555,0.0554,0.05554,392184
1775909700000,0.05554,0.05555,0.05538,0.05541,89700
1775910600000,0.05541,0.05557,0.0554,0.05557,318749
1775911500000,0.05557,0.05561,0.05551,0.05551,72081
1775912400000,0.05551,0.05555,0.0553,0.05536,433949
1775913300000,0.05536,0.05548,0.05534,0.0554,187655
1775914200000,0.0554,0.05554,0.05529,0.0555,106448
1775915100000,0.0555,0.05565,0.0555,0.05562,125523
1775916000000,0.05562,0.05579,0.05562,0.05573,96824
1775916900000,0.05573,0.05573,0.0556,0.05564,49229
1775917800000,0.05564,0.05565,0.05555,0.05558,177348
1775918700000,0.05558,0.05566,0.05558,0.05565,46875
1775919600000,0.05565,0.05575,0.05562,0.05575,140429
1775920500000,0.05575,0.05601,0.05572,0.05576,288269
1775921400000,0.05576,0.05579,0.05563,0.05567,33434
1775922300000,0.05567,0.05578,0.05567,0.05577,281415
1775923200000,0.05577,0.05596,0.0557,0.05595,547178
1775924100000,0.05595,0.05609,0.05595,0.05609,221212
1775925000000,0.05609,0.05649,0.05606,0.05643,522299
1775925900000,0.05643,0.05646,0.05633,0.05635,309061
1775926800000,0.05635,0.05638,0.05613,0.0562,402999
1775927700000,0.0562,0.05623,0.05611,0.0562,83694
1775928600000,0.0562,0.05646,0.05614,0.05644,95325
1775929500000,0.05644,0.05654,0.0563,0.0563,279089
1775930400000,0.0563,0.0563,0.05612,0.05612,126191
1775931300000,0.05612,0.05637,0.05612,0.05632,1876272
1775932200000,0.05632,0.05683,0.0563,0.05671,2730822
1775933100000,0.05671,0.05682,0.05654,0.05664,103826
1775934000000,0.05664,0.05684,0.05662,0.05669,175641
1775934900000,0.05669,0.05688,0.05669,0.05688,270225
1775935800000,0.05688,0.05704,0.05687,0.05699,314231
1775936700000,0.05699,0.05699,0.05695,0.05695,102694
1775937600000,0.05695,0.05701,0.05668,0.05676,372001
1775938500000,0.05676,0.05676,0.05656,0.05656,413192
1775939400000,0.05656,0.05663,0.05633,0.05645,285831
1775940300000,0.05645,0.05665,0.05644,0.05652,579722
1775941200000,0.05652,0.05652,0.05627,0.05632,489243
1775942100000,0.05632,0.05641,0.05618,0.0562,154171
1775943000000,0.0562,0.05645,0.0562,0.05645,138845
1775943900000,0.05645,0.0565,0.05635,0.05635,31446
1775944800000,0.05635,0.05644,0.05629,0.0564,45166
1775945700000,0.0564,0.05656,0.0564,0.05642,244310
1775946600000,0.05642,0.05642,0.05601,0.05604,1259435
1775947500000,0.05604,0.05608,0.05593,0.05606,705110
1775948400000,0.05606,0.05606,0.05567,0.05581,194743
1775949300000,0.05581,0.05607,0.05581,0.056,598259
1775950200000,0.056,0.056,0.0559,0.0559,258326
1775951100000,0.0559,0.05594,0.05588,0.05594,75625
1775952000000,0.05594,0.05595,0.05577,0.05579,604949
1775952900000,0.05579,0.05588,0.05577,0.05588,158331
1775953800000,0.05588,0.05596,0.05585,0.05592,80183
1775954700000,0.05592,0.05614,0.05592,0.05613,59523
1775955600000,0.05613,0.05622,0.05601,0.05601,161024
1775956500000,0.05601,0.05607,0.05597,0.05606,161826
1775957400000,0.05606,0.05608,0.05478,0.05491,4505875
1775958300000,0.05491,0.05495,0.05444,0.05447,1387539
1775959200000,0.05447,0.05453,0.05413,0.05445,1606486
1775960100000,0.05445,0.05456,0.05419,0.0543,354201
1775961000000,0.0543,0.05449,0.05424,0.05446,208918
1775961900000,0.05446,0.05468,0.05442,0.05461,203382
1775962800000,0.05461,0.05477,0.05448,0.05451,243058
1775963700000,0.05451,0.05459,0.0545,0.05452,127480
1775964600000,0.05452,0.05461,0.05437,0.05456,123149
1775965500000,0.05456,0.05456,0.05445,0.05449,127013
1775966400000,0.05449,0.05449,0.05433,0.0544,326564
1775967300000,0.0544,0.05445,0.05428,0.05441,221591
1775968200000,0.05441,0.05449,0.05434,0.05434,219831
1775969100000,0.05434,0.05434,0.05423,0.05427,204990
1775970000000,0.05427,0.05427,0.05412,0.05416,247569
1775970900000,0.05416,0.05433,0.05412,0.0543,81799
1775971800000,0.0543,0.05437,0.05427,0.05427,375338
1775972700000,0.05427,0.05434,0.05418,0.05433,183813
1775973600000,0.05433,0.05436,0.05427,0.05434,72669
1775974500000,0.05434,0.05434,0.05423,0.05428,161553
1775975400000,0.05428,0.05428,0.05405,0.05412,346681
1775976300000,0.05412,0.05412,0.05395,0.05399,157488
1775977200000,0.05399,0.05404,0.05389,0.0539,193825
1775978100000,0.0539,0.05403,0.0539,0.05396,95928
1775979000000,0.05396,0.05402,0.05396,0.05399,20658
1775979900000,0.05399,0.05409,0.05396,0.05408,327578
1775980800000,0.05408,0.0542,0.05406,0.05416,636514
1775981700000,0.05416,0.05426,0.05413,0.0542,403381
1775982600000,0.0542,0.05423,0.05416,0.05417,30155
1775983500000,0.05417,0.05417,0.05404,0.05406,801918
1775984400000,0.05406,0.05411,0.05397,0.05411,288364
1775985300000,0.05411,0.05412,0.05405,0.05405,128556
1775986200000,0.05405,0.0541,0.05404,0.05404,345628
1775987100000,0.05404,0.05405,0.05397,0.05399,174814
1775988000000,0.05399,0.05413,0.05398,0.05408,267892
1775988900000,0.05408,0.05409,0.05406,0.05406,72538
1775989800000,0.05406,0.05414,0.05403,0.05408,82387
1775990700000,0.05408,0.05408,0.05371,0.05385,1571550
1775991600000,0.05385,0.05404,0.05375,0.05403,609784
1775992500000,0.05403,0.05403,0.05392,0.05394,81548
1775993400000,0.05394,0.05401,0.05394,0.054,71750
1775994300000,0.054,0.05404,0.05397,0.05403,78272
1775995200000,0.05403,0.05437,0.05401,0.05434,825525
1775996100000,0.05434,0.05434,0.05415,0.05415,57160
1775997000000,0.05415,0.05444,0.05408,0.0544,362383
1775997900000,0.0544,0.05442,0.05403,0.05403,291684
1775998800000,0.05403,0.05415,0.05389,0.05396,1227978
1775999700000,0.05396,0.05401,0.05392,0.05396,348192
1776000600000,0.05396,0.05396,0.05362,0.05371,402281
1776001500000,0.05371,0.05375,0.05357,0.05357,245359
1776002400000,0.05357,0.05372,0.05357,0.0537,69952
1776003300000,0.0537,0.05384,0.05366,0.05377,370356
1776004200000,0.05377,0.05381,0.05366,0.05366,126079
1776005100000,0.05366,0.05375,0.05355,0.05365,812280
1776006000000,0.05365,0.05365,0.05348,0.05356,169655
1776006900000,0.05356,0.05356,0.05342,0.05345,738878
1776007800000,0.05345,0.05354,0.05332,0.0535,329768
1776008700000,0.0535,0.05354,0.05347,0.0535,93295
1776009600000,0.0535,0.05364,0.05345,0.05353,144526
1776010500000,0.05353,0.05354,0.05341,0.05354,101831
1776011400000,0.05354,0.0536,0.05344,0.05351,84675
1776012300000,0.05351,0.05367,0.05351,0.05361,207569
1776013200000,0.05361,0.05383,0.05361,0.0538,218769
1776014100000,0.0538,0.0538,0.0537,0.05371,58102
1776015000000,0.05371,0.05384,0.05369,0.05384,50899
1776015900000,0.05384,0.05415,0.0538,0.054,2630720
1776016800000,0.054,0.05413,0.05395,0.05402,281444
1776017700000,0.05402,0.0541,0.05392,0.05392,129433
1776018600000,0.05392,0.05402,0.05388,0.05402,148246
1776019500000,0.05402,0.05402,0.05388,0.05388,312462
1776020400000,0.05388,0.05401,0.05383,0.05395,434166
1776021300000,0.05395,0.05395,0.05387,0.05387,33400
1776022200000,0.05387,0.05387,0.05367,0.05373,474001
1776023100000,0.05373,0.05373,0.05366,0.05366,52326
1776024000000,0.05366,0.05383,0.05366,0.05369,99520
1776024900000,0.05369,0.05369,0.05359,0.05367,187259
1776025800000,0.05367,0.05411,0.05367,0.05407,648413
1776026700000,0.05407,0.05414,0.05394,0.054,232911
1776027600000,0.054,0.05404,0.05382,0.05383,217595
1776028500000,0.05383,0.05388,0.05382,0.05384,99323
1776029400000,0.05384,0.05392,0.05377,0.05386,410970
1776030300000,0.05386,0.05386,0.05374,0.05374,70239
1776031200000,0.05374,0.05386,0.0533,0.05359,921617
1776032100000,0.05359,0.05361,0.05334,0.05341,367062
1776033000000,0.05341,0.05363,0.05327,0.05349,410914
1776033900000,0.05349,0.05353,0.05342,0.05342,80979
1776034800000,0.05342,0.05348,0.0533,0.05335,44114
1776035700000,0.05335,0.05344,0.05332,0.05344,74760
1776036600000,0.05344,0.05344,0.05325,0.05331,712647
1776037500000,0.05331,0.05339,0.05328,0.05334,361236
1776038400000,0.05334,0.05359,0.05329,0.05358,188086
1776039300000,0.05358,0.05378,0.05354,0.05374,197448
1776040200000,0.05374,0.05382,0.05362,0.05362,168305
1776041100000,0.05362,0.05374,0.05359,0.05364,124537
1776042000000,0.05364,0.05371,0.05359,0.05369,152488
1776042900000,0.05369,0.0538,0.05366,0.05374,184041
1776043800000,0.05374,0.05388,0.0537,0.05383,105005
1776044700000,0.05383,0.05389,0.05382,0.05387,52619
1776045600000,0.05387,0.05389,0.05375,0.05376,233829
1776046500000,0.05376,0.054,0.05375,0.05386,67353
1776047400000,0.05386,0.05391,0.05372,0.0538,68526
1776048300000,0.0538,0.0538,0.05375,0.05376,33755
1776049200000,0.05376,0.05395,0.05376,0.05395,190386
1776050100000,0.05395,0.05395,0.05377,0.05377,118128
1776051000000,0.05377,0.0538,0.05368,0.05374,128768
1776051900000,0.05374,0.05378,0.05374,0.05375,12733
1776052800000,0.05375,0.05378,0.05368,0.05378,82342
1776053700000,0.05378,0.0538,0.05371,0.05379,45471
1776054600000,0.05379,0.05397,0.05377,0.05393,157227
1776055500000,0.05393,0.05393,0.05368,0.05369,243961
1776056400000,0.05369,0.05388,0.05366,0.05384,1979293
1776057300000,0.05384,0.05397,0.05378,0.0539,346991
1776058200000,0.0539,0.0539,0.05371,0.05383,521012
1776059100000,0.05383,0.05414,0.05383,0.05414,261649
1776060000000,0.05414,0.0546,0.05414,0.05438,570753
1776060900000,0.05438,0.05466,0.05438,0.05447,138811
1776061800000,0.05447,0.05447,0.05422,0.05439,234678
1776062700000,0.05439,0.05456,0.05434,0.0544,428215
1776063600000,0.0544,0.0544,0.05413,0.05416,107593
1776064500000,0.05416,0.05417,0.05373,0.05386,538850
1776065400000,0.05386,0.05405,0.05386,0.05398,612234
1776066300000,0.05398,0.05434,0.05394,0.05427,590148
1776067200000,0.05427,0.05441,0.05417,0.05426,250315
1776068100000,0.05426,0.05426,0.05406,0.05414,284794
1776069000000,0.05414,0.05414,0.05382,0.05383,617604
1776069900000,0.05383,0.05391,0.05374,0.0539,100044
1776070800000,0.0539,0.05426,0.0539,0.05417,283099
1776071700000,0.05417,0.05445,0.05416,0.05442,710871
1776072600000,0.05442,0.05445,0.05405,0.05419,1283534
1776073500000,0.05419,0.05442,0.05419,0.05422,372756
1776074400000,0.05422,0.05431,0.05422,0.05425,93869
1776075300000,0.05425,0.05431,0.05414,0.05414,124166
1776076200000,0.05414,0.05431,0.05402,0.05428,367957
1776077100000,0.05428,0.05441,0.05425,0.05428,168490
1776078000000,0.05428,0.05453,0.05427,0.05442,768735
1776078900000,0.05442,0.05446,0.05439,0.05445,524112
1776079800000,0.05445,0.05467,0.05445,0.05465,601570
1776080700000,0.05465,0.05472,0.05456,0.05456,475840
1776081600000,0.05456,0.05459,0.0544,0.05455,702483
1776082500000,0.05455,0.05457,0.05438,0.05438,274547
1776083400000,0.05438,0.05469,0.05431,0.05469,190760
1776084300000,0.05469,0.05503,0.05465,0.05482,885035
1776085200000,0.05482,0.05495,0.05469,0.05488,374647
1776086100000,0.05488,0.05511,0.05477,0.05489,289059
1776087000000,0.05489,0.05489,0.05445,0.05458,515391
1776087900000,0.05458,0.05515,0.05447,0.05508,1604198
1776088800000,0.05508,0.05517,0.05477,0.05491,740692
1776089700000,0.05491,0.0551,0.0549,0.05506,277579
1776090600000,0.05506,0.0553,0.05498,0.05518,532361
1776091500000,0.05518,0.05523,0.05493,0.05518,575197
1776092400000,0.05518,0.0552,0.05489,0.05497,299561
1776093300000,0.05497,0.05498,0.05483,0.0549,254743
1776094200000,0.0549,0.0549,0.05447,0.0545,454578
1776095100000,0.0545,0.05458,0.05448,0.05457,141999
1776096000000,0.05457,0.05467,0.05438,0.05467,346149
1776096900000,0.05467,0.05486,0.0546,0.05486,286797
1776097800000,0.05486,0.05496,0.05471,0.05488,450982
1776098700000,0.05488,0.05497,0.05475,0.0548,430739
1776099600000,0.0548,0.05484,0.05463,0.05478,552938
1776100500000,0.05478,0.05493,0.05467,0.05493,221045
1776101400000,0.05493,0.05513,0.05485,0.05488,252706
1776102300000,0.05488,0.05488,0.05456,0.05459,275605
1776103200000,0.05459,0.05461,0.05451,0.05455,308469
1776104100000,0.05455,0.05462,0.05441,0.05454,269259
1776105000000,0.05454,0.05467,0.05454,0.05461,77065
1776105900000,0.05461,0.05471,0.05456,0.05471,33877
1776106800000,0.05471,0.05476,0.05468,0.05473,155101
1776107700000,0.05473,0.05512,0.05473,0.05506,534783
1776108600000,0.05506,0.05526,0.05506,0.05517,541399
1776109500000,0.05517,0.05539,0.05514,0.05532,477881
1776110400000,0.05532,0.05535,0.05492,0.05492,248895
1776111300000,0.05492,0.05493,0.05478,0.05486,334223
1776112200000,0.05486,0.05495,0.05483,0.05493,290661
1776113100000,0.05493,0.05493,0.05468,0.05473,352655
1776114000000,0.05473,0.05484,0.05465,0.05483,181700
1776114900000,0.05483,0.05504,0.05481,0.05504,293320
1776115800000,0.05504,0.05511,0.05497,0.05502,185073
1776116700000,0.05502,0.05512,0.05502,0.05505,198463
1776117600000,0.05505,0.05561,0.05505,0.05551,958287
1776118500000,0.05551,0.05608,0.05545,0.05607,1071605
1776119400000,0.05607,0.05631,0.05599,0.05629,905965
1776120300000,0.05629,0.05663,0.05621,0.05651,450401
1776121200000,0.05651,0.05653,0.05631,0.05642,265353
1776122100000,0.05642,0.05676,0.05618,0.05672,2065946
1776123000000,0.05672,0.05672,0.05648,0.05651,1418787
1776123900000,0.05651,0.05657,0.05645,0.05645,569002
1776124800000,0.05645,0.05656,0.05617,0.05618,463064
1776125700000,0.05618,0.05624,0.05608,0.05613,123579
1776126600000,0.05613,0.05615,0.05601,0.05607,178870
1776127500000,0.05607,0.05607,0.05578,0.0558,288602
1776128400000,0.0558,0.05602,0.05568,0.056,324362
1776129300000,0.056,0.05601,0.0558,0.05584,96265
1776130200000,0.05584,0.05589,0.05574,0.05589,80286
1776131100000,0.05589,0.05597,0.05586,0.05586,85596
1776132000000,0.05586,0.05586,0.05577,0.05578,140732
1776132900000,0.05578,0.05588,0.05573,0.05575,292874
1776133800000,0.05575,0.05585,0.05569,0.05582,188876
1776134700000,0.05582,0.05582,0.05568,0.05577,171816
1776135600000,0.05577,0.05581,0.05571,0.05574,153178
1776136500000,0.05574,0.05586,0.05574,0.05583,52420
1776137400000,0.05583,0.05588,0.05576,0.05579,56150
1776138300000,0.05579,0.05579,0.05567,0.05571,163472
1776139200000,0.05571,0.05571,0.05558,0.05565,446872
1776140100000,0.05565,0.05571,0.05565,0.05569,127353
1776141000000,0.05569,0.05578,0.05554,0.05554,571666
1776141900000,0.05554,0.05559,0.0555,0.05558,122085
1776142800000,0.05558,0.05567,0.05554,0.05566,177222
1776143700000,0.05566,0.05566,0.05553,0.05553,84267
1776144600000,0.05553,0.05576,0.05553,0.05559,734605
1776145500000,0.05559,0.05559,0.05542,0.05548,1568823
1776146400000,0.05548,0.05557,0.05547,0.05547,164272
1776147300000,0.05547,0.05563,0.05547,0.05558,427743
1776148200000,0.05558,0.05572,0.05554,0.05561,226287
1776149100000,0.05561,0.05571,0.05561,0.05565,210587
1776150000000,0.05565,0.05584,0.0556,0.05565,152654
1776150900000,0.05565,0.05565,0.05547,0.05551,161265
1776151800000,0.05551,0.05565,0.05548,0.05558,81390
1776152700000,0.05558,0.05565,0.0554,0.05544,308550
1776153600000,0.05544,0.05557,0.05544,0.05552,50843
1776154500000,0.05552,0.05562,0.05545,0.05556,1539549
1776155400000,0.05556,0.05571,0.05556,0.05566,577461
1776156300000,0.05566,0.05582,0.05564,0.05572,64570
1776157200000,0.05572,0.05583,0.05568,0.05569,452808
1776158100000,0.05569,0.05578,0.05561,0.05561,86222
1776159000000,0.05561,0.05569,0.05553,0.05557,71710
1776159900000,0.05557,0.05574,0.05557,0.05574,40890
1776160800000,0.05574,0.05579,0.05572,0.05572,103586
1776161700000,0.05572,0.05572,0.05562,0.05562,69608
1776162600000,0.05562,0.05562,0.05543,0.0555,254675
1776163500000,0.0555,0.05554,0.05531,0.05531,176088
1776164400000,0.05531,0.0554,0.05509,0.05516,720785
1776165300000,0.05516,0.05518,0.05506,0.05509,185735
1776166200000,0.05509,0.05519,0.05508,0.05512,132692
1776167100000,0.05512,0.05521,0.05508,0.05521,75351
1776168000000,0.05521,0.05528,0.05516,0.05523,154920
1776168900000,0.05523,0.0553,0.05519,0.05519,185826
1776169800000,0.05519,0.05523,0.05506,0.05511,137049
1776170700000,0.05511,0.05525,0.0551,0.05525,80094
1776171600000,0.05525,0.05546,0.05525,0.05535,363522
1776172500000,0.05535,0.05558,0.05526,0.0553,483345
1776173400000,0.0553,0.05579,0.0553,0.05579,456456
1776174300000,0.05579,0.05599,0.05573,0.05598,288898
1776175200000,0.05598,0.05603,0.05547,0.05574,394320
1776176100000,0.05574,0.05581,0.05558,0.05581,264285
1776177000000,0.05581,0.05601,0.05549,0.05558,964815
1776177900000,0.05558,0.05568,0.05547,0.05547,323921
1776178800000,0.05547,0.05565,0.0551,0.05522,909250
1776179700000,0.05522,0.05522,0.05498,0.055,921259
1776180600000,0.055,0.05534,0.055,0.05527,319186
1776181500000,0.05527,0.05534,0.05515,0.05528,229706
1776182400000,0.05528,0.05558,0.0552,0.05535,513628
1776183300000,0.05535,0.05535,0.05503,0.05513,348036
1776184200000,0.05513,0.05518,0.05507,0.0551,151997
1776185100000,0.0551,0.05515,0.05494,0.05507,290418
1776186000000,0.05507,0.05523,0.05503,0.05516,435033
1776186900000,0.05516,0.05528,0.05509,0.05509,288018
1776187800000,0.05509,0.05512,0.05483,0.05495,297796
1776188700000,0.05495,0.05502,0.05488,0.05502,159172
1776189600000,0.05502,0.05512,0.05493,0.05493,27660
1776190500000,0.05493,0.05493,0.05457,0.05463,2450189
1776191400000,0.05463,0.05467,0.05447,0.0545,513962
1776192300000,0.0545,0.05455,0.05415,0.05425,629468
1776193200000,0.05425,0.05459,0.05421,0.05455,155980
1776194100000,0.05455,0.05455,0.05401,0.05439,2105279
1776195000000,0.05439,0.05446,0.05431,0.05442,219748
1776195900000,0.05442,0.05457,0.0544,0.05457,74686
1776196800000,0.05457,0.05468,0.05452,0.05459,253610
1776197700000,0.05459,0.05461,0.05436,0.05436,35930
1776198600000,0.05436,0.05445,0.05432,0.05443,230066
1776199500000,0.05443,0.05445,0.05425,0.05431,79733
1776200400000,0.05431,0.05454,0.05431,0.05441,249355
1776201300000,0.05441,0.05445,0.05438,0.05439,49774
1776202200000,0.05439,0.05454,0.05422,0.05433,1208422
1776203100000,0.05433,0.0545,0.05427,0.05448,180646
1776204000000,0.05448,0.05454,0.05439,0.0545,283133
1776204900000,0.0545,0.0545,0.05424,0.05424,57827
1776205800000,0.05424,0.05432,0.05418,0.0542,105062
1776206700000,0.0542,0.05436,0.0542,0.05435,70108
1776207600000,0.05435,0.05438,0.0543,0.05433,131711
1776208500000,0.05433,0.05444,0.05432,0.05442,257519
1776209400000,0.05442,0.05454,0.05434,0.05447,287640
1776210300000,0.05447,0.05449,0.05436,0.05439,233356
1776211200000,0.05439,0.05457,0.05438,0.05443,715410
1776212100000,0.05443,0.05443,0.05424,0.05427,366892
1776213000000,0.05427,0.05435,0.05416,0.05435,100838
1776213900000,0.05435,0.05442,0.05425,0.05428,56770
1776214800000,0.05428,0.05453,0.05424,0.05453,65718
1776215700000,0.05453,0.05454,0.0544,0.05452,331650
1776216600000,0.05452,0.05466,0.05449,0.05464,118771
1776217500000,0.05464,0.05467,0.05453,0.05455,89848
1776218400000,0.05455,0.05465,0.05443,0.05443,247831
1776219300000,0.05443,0.05443,0.05425,0.05425,152738
1776220200000,0.05425,0.05435,0.05416,0.05432,81472
1776221100000,0.05432,0.05432,0.05415,0.05432,56837
1776222000000,0.05432,0.05437,0.05418,0.05418,76656
1776222900000,0.05418,0.05432,0.05417,0.05428,24389
1776223800000,0.05428,0.05428,0.05415,0.05417,36913
1776224700000,0.05417,0.05424,0.05414,0.05417,104658
1776225600000,0.05417,0.05432,0.05412,0.05425,205797
1776226500000,0.05425,0.05435,0.0542,0.05434,101260
1776227400000,0.05434,0.0546,0.05434,0.0544,533594
1776228300000,0.0544,0.05457,0.05438,0.05455,218421
1776229200000,0.05455,0.0547,0.05449,0.0545,300515
1776230100000,0.0545,0.05461,0.05437,0.05438,99542
1776231000000,0.05438,0.05438,0.05408,0.05421,265265
1776231900000,0.05421,0.05423,0.05413,0.05413,45804
1776232800000,0.05413,0.05415,0.05393,0.05399,746447
1776233700000,0.05399,0.05399,0.05376,0.05382,699691
1776234600000,0.05382,0.0539,0.05378,0.05388,374228
1776235500000,0.05388,0.0539,0.0537,0.05375,1331682
1776236400000,0.05375,0.05385,0.05369,0.05384,155203
1776237300000,0.05384,0.05384,0.05364,0.05378,190848
1776238200000,0.05378,0.05387,0.05365,0.05369,46571
1776239100000,0.05369,0.05377,0.05365,0.05376,130479
1776240000000,0.05376,0.05383,0.05371,0.05383,337750
1776240900000,0.05383,0.05412,0.05383,0.05395,175867
1776241800000,0.05395,0.05414,0.05394,0.05402,588992
1776242700000,0.05402,0.05402,0.05386,0.05386,186504
1776243600000,0.05386,0.05402,0.05372,0.0539,200996
1776244500000,0.0539,0.05402,0.05376,0.05378,54352
1776245400000,0.05378,0.05389,0.05376,0.05378,77524
1776246300000,0.05378,0.05387,0.0537,0.05384,148761
1776247200000,0.05384,0.05402,0.05379,0.05395,79028
1776248100000,0.05395,0.05395,0.05372,0.05372,26474
1776249000000,0.05372,0.05387,0.05356,0.05387,334429
1776249900000,0.05387,0.0541,0.05378,0.05378,452149
1776250800000,0.05378,0.05401,0.05364,0.05399,1894243
1776251700000,0.05399,0.05404,0.05396,0.05403,92392
1776252600000,0.05403,0.05424,0.05401,0.05421,586628
1776253500000,0.05421,0.05442,0.05416,0.05419,1016758
1776254400000,0.05419,0.0542,0.05409,0.05414,105208
1776255300000,0.05414,0.05431,0.05407,0.05431,15208
1776256200000,0.05431,0.05448,0.05431,0.05448,249605
1776257100000,0.05448,0.05448,0.0544,0.0544,56189
1776258000000,0.0544,0.0545,0.0543,0.05438,155893
1776258900000,0.05438,0.05438,0.05424,0.05424,40363
1776259800000,0.05424,0.05426,0.05396,0.05399,410201
1776260700000,0.05399,0.05413,0.05397,0.05407,40020
1776261600000,0.05407,0.05407,0.05384,0.05397,164831
1776262500000,0.05397,0.05421,0.05393,0.05414,234574
1776263400000,0.05414,0.0542,0.05402,0.05405,478454
1776264300000,0.05405,0.05447,0.05405,0.05446,115846
1776265200000,0.05446,0.0545,0.05407,0.05433,556969
1776266100000,0.05433,0.05435,0.05408,0.05418,247329
1776267000000,0.05418,0.05428,0.05391,0.05426,252857
1776267900000,0.05426,0.05439,0.05424,0.0543,136340
1776268800000,0.0543,0.05464,0.05428,0.05464,433299
1776269700000,0.05464,0.05472,0.05456,0.05469,431366
1776270600000,0.05469,0.05514,0.05464,0.05512,306479
1776271500000,0.05512,0.05528,0.05493,0.05503,449731
1776272400000,0.05503,0.05542,0.05503,0.05541,404176
1776273300000,0.05541,0.05578,0.05535,0.05571,230421
1776274200000,0.05571,0.05577,0.05554,0.05559,257693
1776275100000,0.05559,0.05579,0.05542,0.05565,345883
1776276000000,0.05565,0.05579,0.05546,0.0557,150818
1776276900000,0.0557,0.05578,0.05547,0.0555,52971
1776277800000,0.0555,0.05568,0.05549,0.05561,51357
1776278700000,0.05561,0.05567,0.05556,0.05567,37051
1776279600000,0.05567,0.05582,0.05552,0.05577,138349
1776280500000,0.05577,0.05588,0.05571,0.05587,199284
1776281400000,0.05587,0.05635,0.05587,0.05619,478406
1776282300000,0.05619,0.05629,0.05609,0.05624,181176
1776283200000,0.05624,0.05628,0.05596,0.05601,381530
1776284100000,0.05601,0.05601,0.05586,0.05597,682752
1776285000000,0.05597,0.05621,0.05597,0.056,78692
1776285900000,0.056,0.05609,0.05595,0.056,51171
1776286800000,0.056,0.05602,0.05576,0.05577,377284
1776287700000,0.05577,0.05577,0.05565,0.05567,41071
1776288600000,0.05567,0.0561,0.05567,0.05609,145803
1776289500000,0.05609,0.05621,0.05605,0.05619,58104
1776290400000,0.05619,0.05637,0.05611,0.05618,158993
1776291300000,0.05618,0.05618,0.05589,0.05593,325760
1776292200000,0.05593,0.05648,0.05591,0.05615,442532
1776293100000,0.05615,0.05636,0.0561,0.0561,571129
1776294000000,0.0561,0.0561,0.05591,0.05593,466285
1776294900000,0.05593,0.05593,0.05576,0.05576,309518
1776295800000,0.05576,0.05587,0.05569,0.05571,79395
1776296700000,0.05571,0.056,0.05571,0.056,198610
1776297600000,0.056,0.05609,0.05572,0.05572,112625
1776298500000,0.05572,0.05577,0.05562,0.0557,199256
1776299400000,0.0557,0.05608,0.0557,0.05601,38664
1776300300000,0.05601,0.05601,0.05586,0.05594,56678
1776301200000,0.05594,0.05594,0.05565,0.05589,258524
1776302100000,0.05589,0.05593,0.05563,0.05566,101967
1776303000000,0.05566,0.0558,0.05566,0.0558,119891
1776303900000,0.0558,0.05583,0.05565,0.05571,75169
1776304800000,0.05571,0.05609,0.05571,0.05609,415138
1776305700000,0.05609,0.05609,0.05578,0.05607,357421
1776306600000,0.05607,0.05628,0.05607,0.05619,69278
1776307500000,0.05619,0.05626,0.05593,0.05607,195692
1776308400000,0.05607,0.05636,0.056,0.05628,230535
1776309300000,0.05628,0.05641,0.05626,0.05637,258316
1776310200000,0.05637,0.0564,0.05612,0.05636,229088
1776311100000,0.05636,0.05643,0.05627,0.05635,186837
1776312000000,0.05635,0.05662,0.05623,0.0565,138500
1776312900000,0.0565,0.05658,0.05634,0.05656,244983
1776313800000,0.05656,0.05672,0.05652,0.05667,254730
1776314700000,0.05667,0.05668,0.05642,0.05659,423449
1776315600000,0.05659,0.05662,0.05633,0.0564,197246
1776316500000,0.0564,0.05681,0.0564,0.05675,1642693
1776317400000,0.05675,0.05696,0.0567,0.05684,122760
1776318300000,0.05684,0.05695,0.0568,0.05691,38908
1776319200000,0.05691,0.05721,0.05691,0.05708,508251
1776320100000,0.05708,0.05713,0.05692,0.05694,138980
1776321000000,0.05694,0.05695,0.05662,0.05668,668044
1776321900000,0.05668,0.05689,0.05668,0.05689,79823
1776322800000,0.05689,0.0571,0.05688,0.05706,220714
1776323700000,0.05706,0.0571,0.05701,0.05701,143033
1776324600000,0.05701,0.05721,0.05701,0.05717,261758
1776325500000,0.05717,0.05717,0.05689,0.05694,947607
1776326400000,0.05694,0.05702,0.05681,0.05682,355872
1776327300000,0.05682,0.05705,0.05682,0.05691,86636
1776328200000,0.05691,0.05703,0.05685,0.05687,496464
1776329100000,0.05687,0.05702,0.05687,0.05688,246745
1776330000000,0.05688,0.0569,0.0567,0.0569,594695
1776330900000,0.0569,0.05701,0.0568,0.05682,143594
1776331800000,0.05682,0.05686,0.05672,0.05672,486409
1776332700000,0.05672,0.05679,0.0567,0.0567,150258
1776333600000,0.0567,0.05684,0.05659,0.05659,374079
1776334500000,0.05659,0.05669,0.05646,0.05663,342919
1776335400000,0.05663,0.05687,0.05663,0.05683,342093
1776336300000,0.05683,0.05683,0.05669,0.05669,44605
1776337200000,0.05669,0.05669,0.05646,0.0565,148140
1776338100000,0.0565,0.05661,0.05646,0.05653,292096
1776339000000,0.05653,0.05678,0.05653,0.05666,431595
1776339900000,0.05666,0.05683,0.05666,0.05681,36705
1776340800000,0.05681,0.05732,0.05681,0.05724,2205907
1776341700000,0.05724,0.05725,0.05704,0.05705,372491
1776342600000,0.05705,0.05707,0.05692,0.05706,52222
1776343500000,0.05706,0.05709,0.05695,0.05707,410399
1776344400000,0.05707,0.05754,0.05701,0.05752,234078
1776345300000,0.05752,0.05779,0.05752,0.05763,809595
1776346200000,0.05763,0.05764,0.05742,0.05756,589379
1776347100000,0.05756,0.05757,0.05639,0.05684,2521533
1776348000000,0.05684,0.05684,0.05651,0.0566,299401
1776348900000,0.0566,0.05665,0.05613,0.05638,1302035
1776349800000,0.05638,0.05667,0.05636,0.05651,421812
1776350700000,0.05651,0.05684,0.0565,0.05683,769574
1776351600000,0.05683,0.05727,0.05679,0.05706,489105
1776352500000,0.05706,0.05725,0.05694,0.05694,633732
1776353400000,0.05694,0.05764,0.0569,0.05764,451514
1776354300000,0.05764,0.05777,0.05749,0.05777,124075
1776355200000,0.05777,0.05797,0.05757,0.05758,467418
1776356100000,0.05758,0.05782,0.0575,0.0575,310618
1776357000000,0.0575,0.05765,0.05723,0.05736,1391849
1776357900000,0.05736,0.05748,0.05708,0.05741,395670
1776358800000,0.05741,0.05754,0.0573,0.0573,187889
1776359700000,0.0573,0.05765,0.05727,0.05764,528832
1776360600000,0.05764,0.05778,0.05746,0.05776,413054
1776361500000,0.05776,0.05788,0.05769,0.05788,338975
1776362400000,0.05788,0.058,0.05764,0.05774,597688
1776363300000,0.05774,0.05792,0.05774,0.05784,236567
1776364200000,0.05784,0.05815,0.05769,0.05799,613290
1776365100000,0.05799,0.05852,0.05799,0.05849,604800
1776366000000,0.05849,0.05862,0.05844,0.05861,180527
1776366900000,0.05861,0.05867,0.05847,0.05858,125800
1776367800000,0.05858,0.05901,0.0585,0.059,545816
1776368700000,0.059,0.05923,0.05897,0.05923,271128
1776369600000,0.05923,0.05931,0.05905,0.05917,757523
1776370500000,0.05917,0.05918,0.05873,0.0589,224621
1776371400000,0.0589,0.05892,0.05852,0.0586,1220823
1776372300000,0.0586,0.0587,0.05852,0.0587,90302
1776373200000,0.0587,0.05883,0.05862,0.05876,370030
1776374100000,0.05876,0.05876,0.05818,0.05827,189295
1776375000000,0.05827,0.0585,0.05821,0.0584,61844
1776375900000,0.0584,0.0586,0.05829,0.05859,187735
1776376800000,0.05859,0.05881,0.05859,0.05859,30856
1776377700000,0.05859,0.05862,0.05844,0.05858,60889
1776378600000,0.05858,0.05874,0.05854,0.05872,130299
1776379500000,0.05872,0.05885,0.05868,0.05868,69473
1776380400000,0.05868,0.05871,0.0585,0.05856,160636
1776381300000,0.05856,0.05879,0.05849,0.05876,108042
1776382200000,0.05876,0.05886,0.05873,0.05882,204243
1776383100000,0.05882,0.05882,0.05874,0.05876,23117
1776384000000,0.05876,0.0588,0.0584,0.0584,99738
1776384900000,0.0584,0.05867,0.0584,0.05852,215170
1776385800000,0.05852,0.05864,0.05846,0.05858,189300
1776386700000,0.05858,0.05861,0.05846,0.05854,86262
1776387600000,0.05854,0.05854,0.05842,0.05847,30296
1776388500000,0.05847,0.05847,0.05808,0.05819,1020886
1776389400000,0.05819,0.05851,0.05805,0.05818,160927
1776390300000,0.05818,0.0585,0.05802,0.05842,483289
1776391200000,0.05842,0.05849,0.05827,0.05827,219480
1776392100000,0.05827,0.05827,0.05784,0.0579,133689
1776393000000,0.0579,0.05809,0.0578,0.05798,203470
1776393900000,0.05798,0.05806,0.05786,0.05788,63995
1776394800000,0.05788,0.05803,0.05786,0.05796,92131
1776395700000,0.05796,0.05797,0.05785,0.05787,31533
1776396600000,0.05787,0.05797,0.05778,0.05795,78658
1776397500000,0.05795,0.05799,0.05783,0.05783,110234
1776398400000,0.05783,0.05789,0.05773,0.05779,415961
1776399300000,0.05779,0.05786,0.05776,0.05776,120222
1776400200000,0.05776,0.05783,0.05771,0.0578,110892
1776401100000,0.0578,0.0578,0.0577,0.05776,266137
1776402000000,0.05776,0.05776,0.0573,0.05731,391794
1776402900000,0.05731,0.05743,0.05723,0.05723,56489
1776403800000,0.05723,0.05726,0.05701,0.05702,257065
1776404700000,0.05702,0.05703,0.05695,0.05699,139207
1776405600000,0.05699,0.05719,0.05699,0.05719,181865
1776406500000,0.05719,0.05732,0.05714,0.05732,143136
1776407400000,0.05732,0.05744,0.05727,0.05744,390626
1776408300000,0.05744,0.05758,0.05743,0.05756,414572
1776409200000,0.05756,0.05777,0.05756,0.0577,263723
1776410100000,0.0577,0.05783,0.05765,0.0578,138600
1776411000000,0.0578,0.05798,0.05779,0.05792,15848
1776411900000,0.05792,0.05794,0.05776,0.05786,46930
1776412800000,0.05786,0.05808,0.05778,0.05802,196404
1776413700000,0.05802,0.0581,0.05785,0.05789,359971
1776414600000,0.05789,0.05809,0.05787,0.05795,208950
1776415500000,0.05795,0.0583,0.05794,0.05807,641190
1776416400000,0.05807,0.05812,0.05789,0.05812,261707
1776417300000,0.05812,0.05852,0.05798,0.0585,1156636
1776418200000,0.0585,0.0585,0.05801,0.05821,372692
1776419100000,0.05821,0.05842,0.0581,0.05841,159790
1776420000000,0.05841,0.05855,0.05806,0.05813,337376
1776420900000,0.05813,0.05815,0.05778,0.05781,456078
1776421800000,0.05781,0.05781,0.05743,0.05745,647736
1776422700000,0.05745,0.05766,0.05743,0.05763,93908
1776423600000,0.05763,0.05783,0.0576,0.05778,72776
1776424500000,0.05778,0.05826,0.05778,0.05826,422688
1776425400000,0.05826,0.05835,0.05824,0.05827,133010
1776426300000,0.05827,0.05839,0.05814,0.05818,136764
1776427200000,0.05818,0.05858,0.05805,0.05858,288017
1776428100000,0.05858,0.05877,0.05845,0.05865,531325
1776429000000,0.05865,0.05877,0.05817,0.05823,1029616
1776429900000,0.05823,0.05907,0.05815,0.05905,1287501
1776430800000,0.05905,0.05943,0.05891,0.05941,600867
1776431700000,0.05941,0.0599,0.05941,0.05978,611825
1776432600000,0.05978,0.06003,0.05934,0.05992,1102107
1776433500000,0.05992,0.05997,0.0596,0.05985,970813
1776434400000,0.05985,0.06004,0.05969,0.05978,459824
1776435300000,0.05978,0.05996,0.05969,0.0597,1752556
1776436200000,0.0597,0.0601,0.0597,0.05979,421938
1776437100000,0.05979,0.06022,0.05979,0.06011,731392
1776438000000,0.06011,0.0602,0.05974,0.05995,637212
1776438900000,0.05995,0.06,0.05971,0.05974,310520
1776439800000,0.05974,0.05994,0.05948,0.05948,387767
1776440700000,0.05948,0.05986,0.05946,0.05982,409723
1776441600000,0.05982,0.06001,0.05974,0.05974,540452
1776442500000,0.05974,0.06,0.05974,0.05996,776142
1776443400000,0.05996,0.06011,0.05993,0.06005,96961
1776444300000,0.06005,0.06021,0.05998,0.06002,140898
1776445200000,0.06002,0.06003,0.05969,0.0598,1026265
1776446100000,0.0598,0.06001,0.05925,0.05939,1894952
1776447000000,0.05939,0.0597,0.05939,0.05957,115983
1776447900000,0.05957,0.05973,0.05938,0.05938,274285
1776448800000,0.05938,0.05943,0.05901,0.05904,250069
1776449700000,0.05904,0.05927,0.05891,0.05915,289835
1776450600000,0.05915,0.05934,0.05903,0.05934,258060
1776451500000,0.05934,0.05934,0.05915,0.05915,73644
1776452400000,0.05915,0.0593,0.05911,0.05923,60743
1776453300000,0.05923,0.05961,0.05923,0.05939,226639
1776454200000,0.05939,0.05968,0.05939,0.05962,62910
1776455100000,0.05962,0.05962,0.05933,0.05933,101848
1776456000000,0.05933,0.05944,0.05929,0.05933,64424
1776456900000,0.05933,0.05933,0.05912,0.05913,54341
1776457800000,0.05913,0.05913,0.0588,0.05893,226050
1776458700000,0.05893,0.05902,0.05887,0.05902,108159
1776459600000,0.05902,0.05922,0.05902,0.05909,514222
1776460500000,0.05909,0.05931,0.05896,0.05912,121490
1776461400000,0.05912,0.05916,0.05885,0.05907,147944
1776462300000,0.05907,0.05911,0.05899,0.05911,327533
1776463200000,0.05911,0.05911,0.05892,0.05899,105387
1776464100000,0.05899,0.05902,0.05881,0.05898,176012
1776465000000,0.05898,0.0591,0.0589,0.05895,480435
1776465900000,0.05895,0.05903,0.05893,0.05893,101547
1776466800000,0.05893,0.05893,0.05872,0.05872,220693
1776467700000,0.05872,0.05874,0.05838,0.05851,196722
1776468600000,0.05851,0.05854,0.05835,0.05839,92942
1776469500000,0.05839,0.05853,0.05837,0.05841,362741
1776470400000,0.05841,0.05841,0.05799,0.05799,623966
1776471300000,0.05799,0.05835,0.05798,0.05835,109483
1776472200000,0.05835,0.05839,0.05804,0.05804,212825
1776473100000,0.05804,0.05809,0.05796,0.05801,194285
1776474000000,0.05801,0.05838,0.05801,0.05837,168494
1776474900000,0.05837,0.05844,0.05814,0.05815,309771
1776475800000,0.05815,0.05815,0.0578,0.05783,188209
1776476700000,0.05783,0.05797,0.0578,0.05793,672738
1776477600000,0.05793,0.05793,0.05771,0.05776,118081
1776478500000,0.05776,0.05794,0.05774,0.05786,45133
1776479400000,0.05786,0.05802,0.05771,0.05795,501260
1776480300000,0.05795,0.05799,0.05789,0.05795,44910
1776481200000,0.05795,0.05796,0.05782,0.05782,43584
1776482100000,0.05782,0.05794,0.05781,0.05789,74604
1776483000000,0.05789,0.05804,0.05788,0.05804,24778
1776483900000,0.05804,0.05816,0.05776,0.05781,548173
1776484800000,0.05781,0.05811,0.0578,0.05811,186241
1776485700000,0.05811,0.05827,0.05794,0.05795,1376245
1776486600000,0.05795,0.058,0.05783,0.05783,121774
1776487500000,0.05783,0.05804,0.05783,0.0579,80120
1776488400000,0.0579,0.0583,0.05788,0.05824,192301
1776489300000,0.05824,0.05825,0.05811,0.05815,228877
1776490200000,0.05815,0.05826,0.05805,0.0581,145980
1776491100000,0.0581,0.05818,0.05807,0.05814,65700
1776492000000,0.05814,0.05825,0.05808,0.05808,203570
1776492900000,0.05808,0.0581,0.05792,0.05809,70468
1776493800000,0.05809,0.05848,0.05801,0.05845,802292
1776494700000,0.05845,0.05848,0.0583,0.05835,171659
1776495600000,0.05835,0.05844,0.05829,0.05835,65105
1776496500000,0.05835,0.05845,0.05823,0.05823,150390
1776497400000,0.05823,0.05832,0.05823,0.05832,41797
1776498300000,0.05832,0.05832,0.05817,0.05823,93351
1776499200000,0.05823,0.05826,0.058,0.05801,167243
1776500100000,0.05801,0.05801,0.05759,0.05767,2494794
1776501000000,0.05767,0.05777,0.05725,0.05737,717446
1776501900000,0.05737,0.05756,0.05732,0.0575,421648
1776502800000,0.0575,0.05757,0.05714,0.05729,344828
1776503700000,0.05729,0.05747,0.05712,0.05747,288161
1776504600000,0.05747,0.05771,0.05747,0.05752,642535
1776505500000,0.05752,0.05755,0.05735,0.05735,118977
1776506400000,0.05735,0.05735,0.05671,0.05688,1075686
1776507300000,0.05688,0.05698,0.05685,0.05686,201426
1776508200000,0.05686,0.057,0.05678,0.05687,345534
1776509100000,0.05687,0.0569,0.05668,0.05677,401105
1776510000000,0.05677,0.05677,0.05641,0.0565,949062
1776510900000,0.0565,0.05657,0.05644,0.05655,392363
1776511800000,0.05655,0.05661,0.05614,0.05622,607895
1776512700000,0.05622,0.05662,0.05622,0.0565,505539
1776513600000,0.0565,0.05669,0.05645,0.05659,744746
1776514500000,0.05659,0.05659,0.05644,0.05645,542858
1776515400000,0.05645,0.05651,0.0563,0.05644,927779
1776516300000,0.05644,0.05669,0.05642,0.05669,90832
1776517200000,0.05669,0.05672,0.05655,0.05655,187518
1776518100000,0.05655,0.05656,0.0563,0.05637,346088
1776519000000,0.05637,0.05638,0.05611,0.05625,1470031
1776519900000,0.05625,0.05654,0.05625,0.05651,91410
1776520800000,0.05651,0.05651,0.05645,0.05651,65178
1776521700000,0.05651,0.05662,0.05641,0.05659,99405
1776522600000,0.05659,0.05666,0.05658,0.05658,85545
1776523500000,0.05658,0.05664,0.05647,0.05655,711961
1776524400000,0.05655,0.05673,0.05653,0.05664,157280
1776525300000,0.05664,0.05675,0.05664,0.05667,261221
1776526200000,0.05667,0.05672,0.05655,0.05667,306965
1776527100000,0.05667,0.05668,0.05651,0.05665,171363
1776528000000,0.05665,0.05665,0.05645,0.05662,205843
1776528900000,0.05662,0.05677,0.05632,0.05665,990525
1776529800000,0.05665,0.05665,0.05643,0.05643,273400
1776530700000,0.05643,0.05643,0.05619,0.05626,2438092
1776531600000,0.05626,0.05628,0.05608,0.05618,813852
1776532500000,0.05618,0.05642,0.05618,0.05639,329141
1776533400000,0.05639,0.05647,0.05639,0.05643,46915
1776534300000,0.05643,0.05643,0.05625,0.05625,96208
1776535200000,0.05625,0.05632,0.05613,0.05622,523296
1776536100000,0.05622,0.05624,0.05601,0.05602,146900
1776537000000,0.05602,0.05604,0.05577,0.05588,502821
1776537900000,0.05588,0.05609,0.0558,0.05583,521452
1776538800000,0.05583,0.05616,0.05582,0.05612,169793
1776539700000,0.05612,0.05614,0.05598,0.05607,171271
1776540600000,0.05607,0.05607,0.05587,0.05594,832565
1776541500000,0.05594,0.056,0.05588,0.05596,86135
1776542400000,0.05596,0.05598,0.0558,0.0559,97456
1776543300000,0.0559,0.05604,0.0559,0.05595,117304
1776544200000,0.05595,0.056,0.05587,0.05598,134871
1776545100000,0.05598,0.05611,0.05597,0.05605,73723
1776546000000,0.05605,0.05613,0.056,0.0561,96151
1776546900000,0.0561,0.0561,0.056,0.05606,13498
1776547800000,0.05606,0.05614,0.05606,0.05614,21119
1776548700000,0.05614,0.05614,0.05605,0.05614,15967
1776549600000,0.05614,0.05616,0.05595,0.056,324150
1776550500000,0.056,0.05612,0.05599,0.05612,66033
1776551400000,0.05612,0.0562,0.0561,0.05613,70981
1776552300000,0.05613,0.05621,0.05613,0.05619,61823
1776553200000,0.05619,0.05631,0.05617,0.05617,299114
1776554100000,0.05617,0.05617,0.056,0.056,11827
1776555000000,0.056,0.056,0.05589,0.05596,149941
1776555900000,0.05596,0.056,0.0559,0.05591,251597
1776556800000,0.05591,0.05591,0.0558,0.05582,69400
1776557700000,0.05582,0.05582,0.0555,0.05554,495722
1776558600000,0.05554,0.05557,0.05542,0.05547,86061
1776559500000,0.05547,0.05576,0.05547,0.05576,34530
1776560400000,0.05576,0.05592,0.05572,0.05575,160652
1776561300000,0.05575,0.05577,0.0555,0.05552,130876
1776562200000,0.05552,0.05552,0.05538,0.05544,59337
1776563100000,0.05544,0.0555,0.05537,0.05549,44415
1776564000000,0.05549,0.05549,0.05532,0.05545,111656
1776564900000,0.05545,0.05545,0.05504,0.05512,503143
1776565800000,0.05512,0.05544,0.05509,0.05538,172680
1776566700000,0.05538,0.05541,0.05517,0.05525,123497
1776567600000,0.05525,0.05549,0.05507,0.05549,101690
1776568500000,0.05549,0.05555,0.05544,0.05548,108963
1776569400000,0.05548,0.05552,0.0554,0.05551,85952
1776570300000,0.05551,0.05553,0.05533,0.05533,84161
1776571200000,0.05533,0.05564,0.05529,0.05554,266747
1776572100000,0.05554,0.0556,0.05543,0.05546,78713
1776573000000,0.05546,0.05548,0.0551,0.05521,671459
1776573900000,0.05521,0.05541,0.0552,0.05537,47980
1776574800000,0.05537,0.05545,0.05534,0.05537,96532
1776575700000,0.05537,0.0554,0.0553,0.05537,92578
1776576600000,0.05537,0.05557,0.05537,0.05539,87254
1776577500000,0.05539,0.0554,0.0552,0.0552,101476
1776578400000,0.0552,0.0552,0.05508,0.05512,220084
1776579300000,0.05512,0.05532,0.05505,0.05526,145353
1776580200000,0.05526,0.05544,0.05526,0.05533,193361
1776581100000,0.05533,0.05541,0.05529,0.05534,19601
1776582000000,0.05534,0.05537,0.05521,0.05524,144677
1776582900000,0.05524,0.05524,0.05491,0.05499,2069750
1776583800000,0.05499,0.05525,0.05497,0.05514,817119
1776584700000,0.05514,0.05517,0.0551,0.05512,69118
1776585600000,0.05512,0.05523,0.0551,0.05517,163797
1776586500000,0.05517,0.05527,0.05517,0.05521,147757
1776587400000,0.05521,0.05522,0.05514,0.05522,95395
1776588300000,0.05522,0.05522,0.05511,0.05516,358065
1776589200000,0.05516,0.05521,0.05516,0.05518,22596
1776590100000,0.05518,0.05518,0.05484,0.05498,366603
1776591000000,0.05498,0.05511,0.05494,0.05501,99104
1776591900000,0.05501,0.05504,0.0549,0.05497,341625
1776592800000,0.05497,0.05497,0.05483,0.05486,257304
1776593700000,0.05486,0.05492,0.05482,0.05491,31524
1776594600000,0.05491,0.05497,0.05486,0.05497,55643
1776595500000,0.05497,0.05504,0.0549,0.05497,18034
1776596400000,0.05497,0.05536,0.05497,0.05528,339388
1776597300000,0.05528,0.05542,0.05525,0.05526,202079
1776598200000,0.05526,0.05534,0.05521,0.0553,63710
1776599100000,0.0553,0.05538,0.05529,0.05538,575402
1776600000000,0.05538,0.05543,0.05531,0.05541,215180
1776600900000,0.05541,0.0555,0.05535,0.05538,277480
1776601800000,0.05538,0.05547,0.05532,0.05542,253534
1776602700000,0.05542,0.05564,0.05542,0.05556,277422
1776603600000,0.05556,0.05572,0.05553,0.05568,263435
1776604500000,0.05568,0.05599,0.05565,0.05579,1644870
1776605400000,0.05579,0.05589,0.0557,0.05576,675337
1776606300000,0.05576,0.05577,0.05558,0.05559,175868
1776607200000,0.05559,0.05562,0.0554,0.05551,302445
1776608100000,0.05551,0.05588,0.05551,0.05584,643513
1776609000000,0.05584,0.05598,0.05573,0.05597,159937
1776609900000,0.05597,0.0561,0.05597,0.05597,515900
1776610800000,0.05597,0.05602,0.05578,0.0558,1170106
1776611700000,0.0558,0.05582,0.05563,0.0557,176094
1776612600000,0.0557,0.0557,0.05532,0.05556,556653
1776613500000,0.05556,0.05593,0.05553,0.05593,405845
1776614400000,0.05593,0.05593,0.05565,0.05568,141990
1776615300000,0.05568,0.05573,0.05545,0.05546,212317
1776616200000,0.05546,0.05559,0.05542,0.05547,109594
1776617100000,0.05547,0.05559,0.05534,0.05538,79215
1776618000000,0.05538,0.05539,0.05517,0.05534,415984
1776618900000,0.05534,0.05541,0.05524,0.05532,83218
1776619800000,0.05532,0.05538,0.05506,0.05521,151461
1776620700000,0.05521,0.05526,0.05493,0.05495,246319
1776621600000,0.05495,0.05508,0.05478,0.05488,270086
1776622500000,0.05488,0.05509,0.05484,0.05505,400373
1776623400000,0.05505,0.05508,0.05496,0.05497,99354
1776624300000,0.05497,0.05505,0.05491,0.05505,64824
1776625200000,0.05505,0.05534,0.05505,0.05528,77884
1776626100000,0.05528,0.05545,0.05526,0.05527,426162
1776627000000,0.05527,0.05552,0.05527,0.05543,54175
1776627900000,0.05543,0.05546,0.05538,0.05543,58968
1776628800000,0.05543,0.05543,0.05507,0.05515,272235
1776629700000,0.05515,0.05519,0.05502,0.05519,465126
1776630600000,0.05519,0.05525,0.05492,0.05492,116144
1776631500000,0.05492,0.05514,0.0549,0.05506,253359
1776632400000,0.05506,0.05511,0.05495,0.05508,448053
1776633300000,0.05508,0.05508,0.05491,0.05501,106372
1776634200000,0.05501,0.05509,0.05501,0.05509,37121
1776635100000,0.05509,0.05509,0.05472,0.05481,257526
1776636000000,0.05481,0.05481,0.05436,0.05436,1372049
1776636900000,0.05436,0.05439,0.05396,0.05425,1489684
1776637800000,0.05425,0.05445,0.05417,0.05436,195659
1776638700000,0.05436,0.05439,0.05425,0.05425,136191
1776639600000,0.05425,0.05425,0.05393,0.05403,458604
1776640500000,0.05403,0.05412,0.05395,0.05404,270551
1776641400000,0.05404,0.0541,0.05397,0.05401,36575
1776642300000,0.05401,0.05409,0.05401,0.05404,195499
1776643200000,0.05404,0.05438,0.05403,0.05418,1253979
1776644100000,0.05418,0.05452,0.05418,0.05446,131681
1776645000000,0.05446,0.0545,0.05432,0.05435,64846
1776645900000,0.05435,0.05448,0.05433,0.05446,24364
1776646800000,0.05446,0.05461,0.05446,0.05456,1325755
1776647700000,0.05456,0.05456,0.05446,0.05453,78710
1776648600000,0.05453,0.05479,0.05453,0.05473,257559
1776649500000,0.05473,0.05476,0.05462,0.05464,134371
1776650400000,0.05464,0.05467,0.0545,0.05451,72964
1776651300000,0.05451,0.05476,0.05441,0.05476,142840
1776652200000,0.05476,0.0549,0.05475,0.05481,132695
1776653100000,0.05481,0.05484,0.05462,0.0547,506304
1776654000000,0.0547,0.05477,0.05469,0.05476,42172
1776654900000,0.05476,0.05477,0.05465,0.05473,71290
1776655800000,0.05473,0.05486,0.05473,0.05483,50799
1776656700000,0.05483,0.05494,0.05482,0.05491,24932
1776657600000,0.05491,0.05498,0.05481,0.05486,201654
1776658500000,0.05486,0.05494,0.05481,0.05494,24595
1776659400000,0.05494,0.05496,0.0549,0.05491,675505
1776660300000,0.05491,0.05498,0.05491,0.05492,506677
1776661200000,0.05492,0.05492,0.05449,0.05462,1297353
1776662100000,0.05462,0.05463,0.05442,0.05445,38299
1776663000000,0.05445,0.05453,0.0544,0.05446,48419
1776663900000,0.05446,0.05461,0.05436,0.0545,138518
1776664800000,0.0545,0.05465,0.05447,0.05454,116257
1776665700000,0.05454,0.05462,0.05452,0.05462,113633
1776666600000,0.05462,0.05505,0.0546,0.05493,477546
1776667500000,0.05493,0.05493,0.05478,0.05486,508246
1776668400000,0.05486,0.05493,0.05482,0.05493,118668
1776669300000,0.05493,0.05548,0.0549,0.05537,887992
1776670200000,0.05537,0.05542,0.05508,0.05512,652246
1776671100000,0.05512,0.05517,0.05489,0.05506,295807
1776672000000,0.05506,0.05509,0.05491,0.05503,228293
1776672900000,0.05503,0.05514,0.05492,0.05499,282814
1776673800000,0.05499,0.05509,0.05498,0.05501,132520
1776674700000,0.05501,0.05506,0.05489,0.05493,173704
1776675600000,0.05493,0.0553,0.05491,0.0553,600794
1776676500000,0.0553,0.05545,0.05522,0.05531,476334
1776677400000,0.05531,0.05546,0.05531,0.05546,195565
1776678300000,0.05546,0.05548,0.05531,0.05535,151434
1776679200000,0.05535,0.05552,0.05532,0.0555,298840
1776680100000,0.0555,0.05557,0.05545,0.0555,227261
1776681000000,0.0555,0.0555,0.05534,0.05544,546378
1776681900000,0.05544,0.0555,0.05536,0.05537,141459
1776682800000,0.05537,0.05544,0.05525,0.05544,214793
1776683700000,0.05544,0.05549,0.05527,0.05533,159225
1776684600000,0.05533,0.05542,0.05527,0.05541,256432
1776685500000,0.05541,0.05545,0.05534,0.05544,254011
1776686400000,0.05544,0.05554,0.05531,0.05554,194977
1776687300000,0.05554,0.05571,0.05552,0.05553,346523
1776688200000,0.05553,0.05559,0.05536,0.0555,228634
1776689100000,0.0555,0.05567,0.05548,0.05562,206639
1776690000000,0.05562,0.05569,0.05547,0.05562,2181610
1776690900000,0.05562,0.05562,0.05544,0.05555,353728
1776691800000,0.05555,0.05563,0.05531,0.05553,1997362
1776692700000,0.05553,0.05574,0.05541,0.05568,758648
1776693600000,0.05568,0.05571,0.05553,0.05566,208435
1776694500000,0.05566,0.056,0.05563,0.05569,783730
1776695400000,0.05569,0.05589,0.0555,0.05566,503768
1776696300000,0.05566,0.05576,0.05522,0.05542,1116796
1776697200000,0.05542,0.05547,0.0551,0.05532,531338
1776698100000,0.05532,0.05582,0.05532,0.0558,266248
1776699000000,0.0558,0.0558,0.05563,0.05563,337323
1776699900000,0.05563,0.05569,0.05554,0.05569,665180
1776700800000,0.05569,0.0557,0.05554,0.05557,222442
1776701700000,0.05557,0.05569,0.05549,0.05563,477861
1776702600000,0.05563,0.0557,0.05554,0.0557,112478
1776703500000,0.0557,0.05575,0.05556,0.05566,480425
1776704400000,0.05566,0.05593,0.05564,0.05591,403562
1776705300000,0.05591,0.05602,0.05588,0.05596,117506
1776706200000,0.05596,0.05602,0.05583,0.056,368185
1776707100000,0.056,0.05615,0.05599,0.05614,268711
1776708000000,0.05614,0.0565,0.05612,0.05642,407816
1776708900000,0.05642,0.05658,0.05641,0.05653,690428
1776709800000,0.05653,0.05663,0.05639,0.05657,477159
1776710700000,0.05657,0.05667,0.05649,0.0565,356394
1776711600000,0.0565,0.05653,0.05625,0.05625,407270
1776712500000,0.05625,0.05626,0.05616,0.05618,299741
1776713400000,0.05618,0.05632,0.05613,0.05613,240288
1776714300000,0.05613,0.05619,0.05605,0.05619,147134
1776715200000,0.05619,0.05625,0.05606,0.05614,187920
1776716100000,0.05614,0.05631,0.05609,0.0562,620549
1776717000000,0.0562,0.05628,0.05614,0.05622,69535
1776717900000,0.05622,0.05648,0.05622,0.05637,551271
1776718800000,0.05637,0.05654,0.05613,0.05616,714875
1776719700000,0.05616,0.05619,0.05606,0.05615,207106
1776720600000,0.05615,0.05625,0.05605,0.05622,80137
1776721500000,0.05622,0.05633,0.05619,0.05633,14997
1776722400000,0.05633,0.05633,0.05617,0.05617,73499
1776723300000,0.05617,0.05619,0.05606,0.0561,22001
1776724200000,0.0561,0.05614,0.05594,0.05602,450141
1776725100000,0.05602,0.05604,0.05596,0.05604,140694
1776726000000,0.05604,0.05604,0.05577,0.05582,189582
1776726900000,0.05582,0.05591,0.05574,0.05574,117425
1776727800000,0.05574,0.05585,0.05572,0.05582,49036
1776728700000,0.05582,0.05587,0.0558,0.05583,86647
1776729600000,0.05583,0.05597,0.05583,0.05585,88885
1776730500000,0.05585,0.05591,0.05581,0.05586,50416
1776731400000,0.05586,0.05597,0.05585,0.05593,148884
1776732300000,0.05593,0.05612,0.05593,0.0561,182641
1776733200000,0.0561,0.05628,0.05605,0.05625,118611
1776734100000,0.05625,0.05631,0.0562,0.05631,184279
1776735000000,0.05631,0.05641,0.05625,0.05628,366799
1776735900000,0.05628,0.05634,0.0561,0.0561,199275
1776736800000,0.0561,0.0561,0.0559,0.05591,281292
1776737700000,0.05591,0.05595,0.05586,0.05592,343372
1776738600000,0.05592,0.05596,0.05584,0.05584,175386
1776739500000,0.05584,0.05587,0.05579,0.05579,69055
1776740400000,0.05579,0.05581,0.05566,0.0557,841973
1776741300000,0.0557,0.05591,0.05563,0.05591,415376
1776742200000,0.05591,0.05596,0.0557,0.05573,31106
1776743100000,0.05573,0.05587,0.05573,0.05576,63889
1776744000000,0.05576,0.05581,0.05571,0.05572,201644
1776744900000,0.05572,0.05584,0.05565,0.05579,377835
1776745800000,0.05579,0.05585,0.05575,0.05583,208253
1776746700000,0.05583,0.05592,0.05581,0.05592,269074
1776747600000,0.05592,0.0562,0.05592,0.05604,392772
1776748500000,0.05604,0.0562,0.05603,0.05604,270633
1776749400000,0.05604,0.05609,0.05599,0.05603,200148
1776750300000,0.05603,0.05603,0.05596,0.05598,101976
1776751200000,0.05598,0.056,0.05591,0.05593,119874
1776752100000,0.05593,0.05598,0.0558,0.05584,131809
1776753000000,0.05584,0.0562,0.05575,0.05607,520484
1776753900000,0.05607,0.05608,0.05601,0.05602,78798
1776754800000,0.05602,0.05602,0.05582,0.05597,116021
1776755700000,0.05597,0.0562,0.0559,0.05609,590159
1776756600000,0.05609,0.05615,0.05593,0.05611,181901
1776757500000,0.05611,0.05613,0.05599,0.05601,119833
1776758400000,0.05601,0.05612,0.05595,0.05596,104020
1776759300000,0.05596,0.05618,0.05596,0.05611,329260
1776760200000,0.05611,0.05615,0.05595,0.05615,770456
1776761100000,0.05615,0.05642,0.05603,0.05604,265842
1776762000000,0.05604,0.05606,0.05595,0.056,318113
1776762900000,0.056,0.0561,0.056,0.05604,36980
1776763800000,0.05604,0.05613,0.05596,0.05613,198642
1776764700000,0.05613,0.05624,0.05613,0.05618,702927
1776765600000,0.05618,0.05631,0.05613,0.05628,338330
1776766500000,0.05628,0.05632,0.05626,0.05629,137976
1776767400000,0.05629,0.05644,0.05628,0.05641,177544
1776768300000,0.05641,0.05661,0.0564,0.0566,118832
1776769200000,0.0566,0.0566,0.0563,0.0564,909292
1776770100000,0.0564,0.05663,0.05633,0.0566,2097534
1776771000000,0.0566,0.05677,0.0566,0.05664,2438369
1776771900000,0.05664,0.05667,0.05657,0.05666,146224
1776772800000,0.05666,0.05666,0.05648,0.05648,323149
1776773700000,0.05648,0.05655,0.0564,0.05655,177396
1776774600000,0.05655,0.05655,0.05591,0.05603,4425060
1776775500000,0.05603,0.05627,0.05595,0.05623,383040
1776776400000,0.05623,0.05623,0.05605,0.05613,113656
1776777300000,0.05613,0.05623,0.05607,0.05611,155473
1776778200000,0.05611,0.05612,0.0559,0.05603,592642
1776779100000,0.05603,0.05612,0.05599,0.05606,127034
1776780000000,0.05606,0.05612,0.05589,0.056,163735
1776780900000,0.056,0.05638,0.056,0.0563,367902
1776781800000,0.0563,0.05674,0.05625,0.05658,2407318
1776782700000,0.05658,0.05663,0.05606,0.05619,2179774
1776783600000,0.05619,0.05636,0.05608,0.05631,471508
1776784500000,0.05631,0.05658,0.05616,0.05626,459053
1776785400000,0.05626,0.05664,0.05613,0.05658,522405
1776786300000,0.05658,0.05668,0.05651,0.05653,427973
1776787200000,0.05653,0.05671,0.05643,0.05648,698725
1776788100000,0.05648,0.0566,0.05636,0.05648,75293
1776789000000,0.05648,0.05655,0.05633,0.05644,242271
1776789900000,0.05644,0.05653,0.05621,0.05623,211368
1776790800000,0.05623,0.05633,0.0561,0.05618,170901
1776791700000,0.05618,0.05618,0.05582,0.05589,895335
1776792600000,0.05589,0.05647,0.05589,0.05638,772264
1776793500000,0.05638,0.05638,0.05614,0.05617,68625
1776794400000,0.05617,0.05617,0.05607,0.05609,57050
1776795300000,0.05609,0.05622,0.0559,0.05594,737768
1776796200000,0.05594,0.05606,0.05594,0.05597,89784
1776797100000,0.05597,0.05614,0.05582,0.05614,443854
1776798000000,0.05614,0.05635,0.05612,0.05616,138687
1776798900000,0.05616,0.05646,0.0561,0.05643,211172
1776799800000,0.05643,0.05643,0.05567,0.05567,526315
1776800700000,0.05567,0.05592,0.05567,0.05584,580328
1776801600000,0.05584,0.0564,0.05581,0.0564,2005642
1776802500000,0.0564,0.05658,0.05636,0.05648,688041
1776803400000,0.05648,0.05665,0.05632,0.05636,109224
1776804300000,0.05636,0.05656,0.05629,0.0565,322857
1776805200000,0.0565,0.05656,0.0563,0.05636,328371
1776806100000,0.05636,0.05658,0.05635,0.0565,216213
1776807000000,0.0565,0.05652,0.05631,0.05634,278577
1776807900000,0.05634,0.05655,0.05634,0.05655,215354
1776808800000,0.05655,0.05672,0.0565,0.05666,255117
1776809700000,0.05666,0.05668,0.0564,0.0564,258930
1776810600000,0.0564,0.05687,0.05632,0.05677,348275
1776811500000,0.05677,0.05692,0.05674,0.05688,374187
1776812400000,0.05688,0.05696,0.05682,0.05694,159808
1776813300000,0.05694,0.05717,0.05694,0.0571,243456
1776814200000,0.0571,0.05728,0.05709,0.05725,63952
1776815100000,0.05725,0.05752,0.05725,0.05752,307654
1776816000000,0.05752,0.05768,0.05743,0.05755,551318
1776816900000,0.05755,0.0578,0.05748,0.05775,602328
1776817800000,0.05775,0.05796,0.0577,0.05796,431531
1776818700000,0.05796,0.05801,0.05757,0.05764,281446
1776819600000,0.05764,0.05774,0.05736,0.05736,273964
1776820500000,0.05736,0.05741,0.05712,0.05721,571398
1776821400000,0.05721,0.05746,0.05712,0.05744,138880
1776822300000,0.05744,0.05778,0.05726,0.05778,662869
1776823200000,0.05778,0.05825,0.05773,0.05816,760082
1776824100000,0.05816,0.05881,0.05815,0.0588,1067306
1776825000000,0.0588,0.05919,0.05877,0.05913,2369197
1776825900000,0.05913,0.05915,0.05882,0.05894,596723
1776826800000,0.05894,0.05952,0.05894,0.05925,2667845
1776827700000,0.05925,0.05987,0.05925,0.05981,583594
1776828600000,0.05981,0.06009,0.05968,0.06007,586393
1776829500000,0.06007,0.06047,0.0598,0.06047,1253711
1776830400000,0.06047,0.06125,0.06047,0.06106,4611434
1776831300000,0.06106,0.06171,0.06072,0.06149,2084991
1776832200000,0.06149,0.06263,0.06149,0.0626,1921419
1776833100000,0.0626,0.06262,0.06205,0.06256,2484537
1776834000000,0.06256,0.06291,0.0623,0.06268,2061727
1776834900000,0.06268,0.06397,0.06268,0.06355,9081989
1776835800000,0.06355,0.06369,0.06209,0.06209,2761266
1776836700000,0.06209,0.06212,0.06136,0.06152,2702690
1776837600000,0.06152,0.06212,0.06133,0.06137,1218056
1776838500000,0.06137,0.06156,0.06102,0.06134,794519
1776839400000,0.06134,0.06144,0.06096,0.06142,2621108
1776840300000,0.06142,0.0615,0.06092,0.06101,644107
1776841200000,0.06101,0.06155,0.06079,0.0615,604348
1776842100000,0.0615,0.0615,0.06111,0.06135,600305
1776843000000,0.06135,0.06142,0.06063,0.06113,1684947
1776843900000,0.06113,0.06116,0.06075,0.06078,859418
1776844800000,0.06078,0.06112,0.06067,0.06099,818701
1776845700000,0.06099,0.06151,0.06082,0.0615,1125790
1776846600000,0.0615,0.06178,0.06115,0.06139,2275394
1776847500000,0.06139,0.06148,0.06098,0.06108,6497924
1776848400000,0.06108,0.0613,0.06089,0.06124,8025424
1776849300000,0.06124,0.06175,0.06123,0.06162,772542
1776850200000,0.06162,0.06218,0.06162,0.06217,1318025
1776851100000,0.06217,0.06244,0.0621,0.0623,1810806
1776852000000,0.0623,0.06242,0.06179,0.06186,1419973
1776852900000,0.06186,0.06221,0.06177,0.06202,1102586
1776853800000,0.06202,0.06202,0.06173,0.06193,316385
1776854700000,0.06193,0.06209,0.06179,0.06208,627308
1776855600000,0.06208,0.06229,0.06169,0.06193,465872
1776856500000,0.06193,0.062,0.06141,0.06159,488375
1776857400000,0.06159,0.06167,0.06138,0.06151,730946
1776858300000,0.06151,0.06165,0.06131,0.06142,690626
1776859200000,0.06142,0.06192,0.06131,0.06191,318593
1776860100000,0.06191,0.06191,0.06124,0.06129,1141379
1776861000000,0.06129,0.06135,0.06112,0.06121,598797
1776861900000,0.06121,0.06131,0.06113,0.06113,477523
1776862800000,0.06113,0.06135,0.06101,0.06129,868727
1776863700000,0.06129,0.06142,0.06116,0.06127,345829
1776864600000,0.06127,0.06144,0.06095,0.06106,1181675
1776865500000,0.06106,0.06143,0.06103,0.06142,603928
1776866400000,0.06142,0.06156,0.06141,0.06147,521962
1776867300000,0.06147,0.06177,0.06141,0.06153,1636806
1776868200000,0.06153,0.0617,0.06132,0.06141,480572
1776869100000,0.06141,0.06176,0.06141,0.06172,393864
1776870000000,0.06172,0.06185,0.0616,0.06171,515547
1776870900000,0.06171,0.06202,0.06164,0.06195,1085168
1776871800000,0.06195,0.0626,0.06182,0.06242,1641127
1776872700000,0.06242,0.06281,0.06238,0.06251,1992907
1776873600000,0.06251,0.06339,0.06244,0.06339,3485080
1776874500000,0.06339,0.0634,0.0628,0.06293,991815
1776875400000,0.06293,0.0632,0.0625,0.06269,2847357
1776876300000,0.06269,0.06305,0.06251,0.06303,1328440
1776877200000,0.06303,0.06353,0.06302,0.06349,1120288
1776878100000,0.06349,0.06351,0.06301,0.06307,1257887
1776879000000,0.06307,0.06317,0.06266,0.06292,872287
1776879900000,0.06292,0.06315,0.06279,0.06292,193351
1776880800000,0.06292,0.06295,0.06256,0.06257,2347490
1776881700000,0.06257,0.06272,0.06242,0.0626,956763
1776882600000,0.0626,0.06265,0.06242,0.0625,270546
1776883500000,0.0625,0.0628,0.06246,0.06256,2717730
1776884400000,0.06256,0.06257,0.06228,0.06249,168757
1776885300000,0.06249,0.06265,0.06222,0.06227,171083
1776886200000,0.06227,0.06227,0.06177,0.06181,668689
1776887100000,0.06181,0.06203,0.06174,0.06197,362655
1776888000000,0.06197,0.06207,0.06187,0.06195,218113
1776888900000,0.06195,0.06198,0.0617,0.06196,291916
1776889800000,0.06196,0.06198,0.06175,0.06184,260317
1776890700000,0.06184,0.062,0.06176,0.06186,224524
1776891600000,0.06186,0.06205,0.06186,0.06189,929550
1776892500000,0.06189,0.06189,0.0616,0.06172,471996
1776893400000,0.06172,0.06195,0.06166,0.0619,183669
1776894300000,0.0619,0.06209,0.0619,0.06194,144663
1776895200000,0.06194,0.06194,0.06165,0.06176,539333
1776896100000,0.06176,0.06176,0.06138,0.06138,549115
1776897000000,0.06138,0.06152,0.06128,0.06138,473271
1776897900000,0.06138,0.06139,0.06132,0.06139,90712
1776898800000,0.06139,0.06139,0.06122,0.06134,311355
1776899700000,0.06134,0.06134,0.06102,0.06109,595351
1776900600000,0.06109,0.06114,0.06094,0.06099,316606
1776901500000,0.06099,0.06108,0.06096,0.06099,320483
1776902400000,0.06099,0.06142,0.06068,0.0607,2617816
1776903300000,0.0607,0.06151,0.06054,0.06147,3124696
1776904200000,0.06147,0.06187,0.06138,0.06174,2148615
1776905100000,0.06174,0.06198,0.06155,0.06177,890307
1776906000000,0.06177,0.06198,0.06159,0.06178,1390815
1776906900000,0.06178,0.06186,0.06118,0.06136,1377958
1776907800000,0.06136,0.06158,0.06104,0.06116,3390719
1776908700000,0.06116,0.06169,0.06116,0.06145,485836
1776909600000,0.06145,0.0616,0.06115,0.06148,1195369
1776910500000,0.06148,0.06151,0.06094,0.06095,725589
1776911400000,0.06095,0.06096,0.06067,0.06081,1228415
1776912300000,0.06081,0.061,0.0607,0.0607,194668
1776913200000,0.0607,0.0609,0.06059,0.06071,347722
1776914100000,0.06071,0.06078,0.06042,0.06048,1023715
1776915000000,0.06048,0.06049,0.06014,0.06019,2182074
1776915900000,0.06019,0.06055,0.06019,0.06054,906914
1776916800000,0.06054,0.06082,0.06047,0.06071,1247488
1776917700000,0.06071,0.06071,0.06041,0.06049,3128737
1776918600000,0.06049,0.0608,0.06045,0.06075,268688
1776919500000,0.06075,0.06083,0.06059,0.06063,253101
1776920400000,0.06063,0.06075,0.06062,0.06066,1898332
1776921300000,0.06066,0.06081,0.06061,0.06069,124009
1776922200000,0.06069,0.0607,0.06035,0.06065,491772
1776923100000,0.06065,0.06091,0.06064,0.06074,1026506
1776924000000,0.06074,0.06111,0.06074,0.06105,380546
1776924900000,0.06105,0.06107,0.06085,0.06094,498303
1776925800000,0.06094,0.06119,0.06094,0.06104,243526
1776926700000,0.06104,0.06124,0.06092,0.06124,492423
1776927600000,0.06124,0.06144,0.06116,0.06131,561620
1776928500000,0.06131,0.0614,0.0612,0.06131,435781
1776929400000,0.06131,0.06148,0.06128,0.06147,1428819
1776930300000,0.06147,0.06147,0.06117,0.06134,745775
1776931200000,0.06134,0.0615,0.06129,0.0614,1225335
1776932100000,0.0614,0.06157,0.06138,0.06148,541669
1776933000000,0.06148,0.06156,0.06137,0.06151,571787
1776933900000,0.06151,0.06178,0.06151,0.06166,1592210
1776934800000,0.06166,0.06166,0.06083,0.06093,2278059
1776935700000,0.06093,0.06104,0.06072,0.06084,815621
1776936600000,0.06084,0.06099,0.06068,0.06094,716568
1776937500000,0.06094,0.06094,0.06047,0.06081,760321
1776938400000,0.06081,0.06081,0.06038,0.06045,1486464
1776939300000,0.06045,0.06055,0.0603,0.0605,1298267
1776940200000,0.0605,0.06054,0.06035,0.06037,327243
1776941100000,0.06037,0.06044,0.06026,0.06026,733959
1776942000000,0.06026,0.06034,0.06014,0.06034,661088
1776942900000,0.06034,0.06049,0.06026,0.06049,405299
1776943800000,0.06049,0.06053,0.06028,0.06047,524480
1776944700000,0.06047,0.06063,0.06043,0.06046,665335
1776945600000,0.06046,0.06069,0.0603,0.06032,399707
1776946500000,0.06032,0.06044,0.06025,0.0604,96947
1776947400000,0.0604,0.06063,0.0604,0.06049,1245128
1776948300000,0.06049,0.06054,0.06024,0.06038,2003327
1776949200000,0.06038,0.06044,0.06009,0.06017,344113
1776950100000,0.06017,0.06072,0.06016,0.06069,817267
1776951000000,0.06069,0.06086,0.0605,0.06052,496979
1776951900000,0.06052,0.0607,0.06052,0.06055,245280
1776952800000,0.06055,0.06055,0.0603,0.06042,157555
1776953700000,0.06042,0.06098,0.06042,0.06073,749517
1776954600000,0.06073,0.06096,0.06073,0.06087,98123
1776955500000,0.06087,0.06113,0.06087,0.06109,566152
1776956400000,0.06109,0.06137,0.06105,0.06127,487844
1776957300000,0.06127,0.0619,0.06121,0.06158,1738031
1776958200000,0.06158,0.06165,0.0614,0.06155,289827
1776959100000,0.06155,0.06169,0.06135,0.06144,140709
1776960000000,0.06144,0.06144,0.06127,0.06134,362444
1776960900000,0.06134,0.06168,0.06134,0.06147,257613
1776961800000,0.06147,0.06159,0.06136,0.06154,237381
1776962700000,0.06154,0.06157,0.06125,0.06146,433338
1776963600000,0.06146,0.06159,0.06121,0.06147,697732
1776964500000,0.06147,0.06148,0.06115,0.06116,235268
1776965400000,0.06116,0.06121,0.06055,0.06069,756159
1776966300000,0.06069,0.06106,0.0604,0.06099,1659940
1776967200000,0.06099,0.0612,0.06098,0.06108,172607
1776968100000,0.06108,0.06122,0.06096,0.06099,840238
1776969000000,0.06099,0.0612,0.06096,0.061,389248
1776969900000,0.061,0.06101,0.06055,0.06056,417513
1776970800000,0.06056,0.06078,0.06051,0.06078,145356
1776971700000,0.06078,0.06093,0.06078,0.06078,48828
1776972600000,0.06078,0.06085,0.06055,0.06055,74041
1776973500000,0.06055,0.06068,0.06035,0.06059,876238
1776974400000,0.06059,0.06086,0.06059,0.06073,513411
1776975300000,0.06073,0.06077,0.06056,0.06066,887171
1776976200000,0.06066,0.06101,0.06063,0.06097,167046
1776977100000,0.06097,0.0611,0.06096,0.0611,301987
1776978000000,0.0611,0.0612,0.061,0.061,231329
1776978900000,0.061,0.06118,0.06096,0.06108,20836
1776979800000,0.06108,0.06131,0.06108,0.06127,47897
1776980700000,0.06127,0.06132,0.06119,0.0612,245602
1776981600000,0.0612,0.06158,0.0612,0.06157,235035
1776982500000,0.06157,0.06165,0.06134,0.06134,268002
1776983400000,0.06134,0.06154,0.06122,0.06148,62064
1776984300000,0.06148,0.06165,0.06144,0.06154,120333
1776985200000,0.06154,0.06154,0.06139,0.06143,146816
1776986100000,0.06143,0.06179,0.06143,0.0617,329866
1776987000000,0.0617,0.06226,0.06168,0.06226,2249790
1776987900000,0.06226,0.06232,0.0619,0.06195,560833
1776988800000,0.06195,0.06231,0.06191,0.06215,364522
1776989700000,0.06215,0.06225,0.06185,0.06213,447112
1776990600000,0.06213,0.06251,0.06213,0.06232,388042
1776991500000,0.06232,0.0628,0.06232,0.06257,424367
1776992400000,0.06257,0.0628,0.06245,0.06277,481399
1776993300000,0.06277,0.06289,0.06239,0.06239,581183
1776994200000,0.06239,0.06292,0.06226,0.06263,396054
1776995100000,0.06263,0.06304,0.06258,0.06276,187319
1776996000000,0.06276,0.06292,0.06256,0.06261,539294
1776996900000,0.06261,0.06285,0.06243,0.0625,2113670
1776997800000,0.0625,0.06254,0.06241,0.06249,322675
1776998700000,0.06249,0.06253,0.06217,0.06237,347018
1776999600000,0.06237,0.06237,0.06208,0.0622,138330
1777000500000,0.0622,0.06238,0.06164,0.06179,2664223
1777001400000,0.06179,0.06183,0.06135,0.06145,1218721
1777002300000,0.06145,0.06187,0.06145,0.06186,391533
1777003200000,0.06186,0.06193,0.06168,0.06184,178064
1777004100000,0.06184,0.06185,0.06167,0.06173,158234
1777005000000,0.06173,0.06197,0.06166,0.06193,227328
1777005900000,0.06193,0.06197,0.06186,0.06187,245977
1777006800000,0.06187,0.06194,0.06161,0.06161,433497
1777007700000,0.06161,0.06166,0.06148,0.06159,227083
1777008600000,0.06159,0.06205,0.06156,0.06183,496778
1777009500000,0.06183,0.06217,0.06183,0.0621,677995
1777010400000,0.0621,0.06217,0.06195,0.06217,255264
1777011300000,0.06217,0.06226,0.06177,0.06184,228358
1777012200000,0.06184,0.06188,0.06166,0.06179,518785
1777013100000,0.06179,0.06191,0.06171,0.06171,883993
1777014000000,0.06171,0.06187,0.0617,0.06187,170082
1777014900000,0.06187,0.06193,0.0617,0.06173,298987
1777015800000,0.06173,0.06219,0.06173,0.06205,337000
1777016700000,0.06205,0.06238,0.06205,0.06235,162095
1777017600000,0.06235,0.06251,0.06221,0.06243,411186
1777018500000,0.06243,0.06294,0.06243,0.06281,1249853
1777019400000,0.06281,0.06288,0.06246,0.06258,518883
1777020300000,0.06258,0.06262,0.06229,0.06238,322544
1777021200000,0.06238,0.0624,0.06187,0.06201,404278
1777022100000,0.06201,0.06218,0.06201,0.06213,261819
1777023000000,0.06213,0.06236,0.06211,0.06236,347624
1777023900000,0.06236,0.0624,0.0622,0.06227,116481
1777024800000,0.06227,0.0623,0.06192,0.06202,287343
1777025700000,0.06202,0.0624,0.06191,0.06233,86299
1777026600000,0.06233,0.06254,0.06208,0.06253,409125
1777027500000,0.06253,0.06284,0.06244,0.06252,366074
1777028400000,0.06252,0.06293,0.0625,0.06284,579451
1777029300000,0.06284,0.06303,0.06272,0.06283,449685
1777030200000,0.06283,0.06313,0.0628,0.0628,522055
1777031100000,0.0628,0.0628,0.06247,0.06257,526113
1777032000000,0.06257,0.06285,0.06254,0.06277,263079
1777032900000,0.06277,0.06283,0.06246,0.06266,72272
1777033800000,0.06266,0.06287,0.06253,0.06279,68534
1777034700000,0.06279,0.06284,0.06254,0.0626,368433
1777035600000,0.0626,0.06278,0.06244,0.06274,87239
1777036500000,0.06274,0.06301,0.06248,0.06261,497315
1777037400000,0.06261,0.06273,0.06248,0.06273,185949
1777038300000,0.06273,0.06273,0.06226,0.0624,574782
1777039200000,0.0624,0.0624,0.06216,0.06216,208804
1777040100000,0.06216,0.0623,0.06193,0.06195,190751
1777041000000,0.06195,0.06245,0.06195,0.0623,301831
1777041900000,0.0623,0.06236,0.06212,0.06212,203647
1777042800000,0.06212,0.06216,0.06163,0.06191,302110
1777043700000,0.06191,0.06201,0.06172,0.06201,212201
1777044600000,0.06201,0.06215,0.06193,0.06208,751574
1777045500000,0.06208,0.06222,0.06201,0.06218,229796
1777046400000,0.06218,0.06221,0.06207,0.06207,93711
1777047300000,0.06207,0.06207,0.06164,0.06167,273855
1777048200000,0.06167,0.06186,0.06157,0.06165,69781
1777049100000,0.06165,0.06187,0.06163,0.06187,154242
1777050000000,0.06187,0.06208,0.06185,0.06208,216876
1777050900000,0.06208,0.06208,0.06184,0.06196,64020
1777051800000,0.06196,0.06196,0.06155,0.0617,198718
1777052700000,0.0617,0.06191,0.0617,0.06172,200367
1777053600000,0.06172,0.06181,0.06165,0.06167,44302
1777054500000,0.06167,0.0617,0.0615,0.06166,157394
1777055400000,0.06166,0.06183,0.06166,0.06172,154028
1777056300000,0.06172,0.06184,0.06164,0.06164,20090
1777057200000,0.06164,0.06188,0.06164,0.0617,124493
1777058100000,0.0617,0.06174,0.06167,0.06173,89338
1777059000000,0.06173,0.06184,0.06152,0.06164,218395
1777059900000,0.06164,0.06187,0.06158,0.06181,110561
1777060800000,0.06181,0.06197,0.06178,0.0618,343112
1777061700000,0.0618,0.06182,0.06152,0.06163,210690
1777062600000,0.06163,0.06199,0.06162,0.06196,87710
1777063500000,0.06196,0.062,0.06185,0.06198,46041
1777064400000,0.06198,0.06208,0.0617,0.0617,370074
1777065300000,0.0617,0.06182,0.06163,0.06175,113066
1777066200000,0.06175,0.06175,0.06157,0.06174,107036
1777067100000,0.06174,0.06189,0.06163,0.0618,74088
1777068000000,0.0618,0.06185,0.06158,0.06166,50486
1777068900000,0.06166,0.06169,0.06159,0.06159,12366
1777069800000,0.06159,0.06159,0.06096,0.06125,4205787
1777070700000,0.06125,0.06131,0.06118,0.06125,306205
1777071600000,0.06125,0.06132,0.0612,0.0613,80156
1777072500000,0.0613,0.06146,0.06126,0.06146,138417
1777073400000,0.06146,0.06149,0.06141,0.06147,127831
1777074300000,0.06147,0.06147,0.06127,0.06129,307821
1777075200000,0.06129,0.06137,0.06113,0.06113,71373
1777076100000,0.06113,0.06114,0.06096,0.06106,208881
1777077000000,0.06106,0.06128,0.06095,0.0612,558314
1777077900000,0.0612,0.06142,0.0612,0.06141,161590
1777078800000,0.06141,0.06149,0.06133,0.06146,386893
1777079700000,0.06146,0.06162,0.06146,0.06162,272911
1777080600000,0.06162,0.06166,0.06159,0.0616,84753
1777081500000,0.0616,0.06186,0.06154,0.0616,111690
1777082400000,0.0616,0.06185,0.06152,0.06182,377553
1777083300000,0.06182,0.06194,0.06173,0.06194,109837
1777084200000,0.06194,0.06219,0.06194,0.06194,690882
1777085100000,0.06194,0.06203,0.06193,0.06193,61472
1777086000000,0.06193,0.06215,0.06193,0.06211,116075
1777086900000,0.06211,0.06218,0.06203,0.0621,125977
1777087800000,0.0621,0.06229,0.0621,0.06226,88664
1777088700000,0.06226,0.06244,0.06225,0.06244,233913
1777089600000,0.06244,0.06249,0.0623,0.06232,118390
1777090500000,0.06232,0.06233,0.06218,0.06219,85039
1777091400000,0.06219,0.06219,0.06207,0.06207,125662
1777092300000,0.06207,0.06209,0.06193,0.06194,146964
1777093200000,0.06194,0.06194,0.06166,0.06177,757690
1777094100000,0.06177,0.0619,0.06176,0.06185,49928
1777095000000,0.06185,0.06215,0.06181,0.06213,56911
1777095900000,0.06213,0.06216,0.06202,0.06205,27244
1777096800000,0.06205,0.06236,0.06205,0.06228,113100
1777097700000,0.06228,0.06249,0.06207,0.06211,80362
1777098600000,0.06211,0.06234,0.06208,0.06217,119640
1777099500000,0.06217,0.06222,0.06203,0.06208,164501
1777100400000,0.06208,0.06212,0.06197,0.06211,131411
1777101300000,0.06211,0.06212,0.06203,0.0621,128566
1777102200000,0.0621,0.06217,0.06204,0.06206,40818
1777103100000,0.06206,0.0622,0.06202,0.06217,224665
1777104000000,0.06217,0.06246,0.06217,0.06245,191191
1777104900000,0.06245,0.06254,0.06242,0.06247,206120
1777105800000,0.06247,0.06256,0.06235,0.06242,110100
1777106700000,0.06242,0.06257,0.06237,0.06256,162534
1777107600000,0.06256,0.06268,0.06246,0.06264,266163
1777108500000,0.06264,0.06351,0.06264,0.06286,2911970
1777109400000,0.06286,0.06304,0.06283,0.06286,800430
1777110300000,0.06286,0.06298,0.06268,0.06288,306626
1777111200000,0.06288,0.06291,0.06263,0.06267,700708
1777112100000,0.06267,0.06267,0.06255,0.06256,317174
1777113000000,0.06256,0.06263,0.06252,0.06257,114012
1777113900000,0.06257,0.06276,0.0625,0.06252,127061
1777114800000,0.06252,0.06252,0.06225,0.06225,514827
1777115700000,0.06225,0.06227,0.0617,0.06198,1543403
1777116600000,0.06198,0.06198,0.06182,0.06191,239211
1777117500000,0.06191,0.06201,0.0617,0.06192,391672
1777118400000,0.06192,0.06194,0.06183,0.0619,238025
1777119300000,0.0619,0.06201,0.0618,0.06181,301221
1777120200000,0.06181,0.06188,0.06165,0.06165,370696
1777121100000,0.06165,0.06181,0.06165,0.06173,44100
1777122000000,0.06173,0.06187,0.06171,0.06187,129260
1777122900000,0.06187,0.06194,0.0618,0.06187,95893
1777123800000,0.06187,0.06193,0.06182,0.06186,96781
1777124700000,0.06186,0.06186,0.06167,0.0617,1246649
1777125600000,0.0617,0.0617,0.06145,0.06145,205307
1777126500000,0.06145,0.0616,0.06145,0.06157,49608
1777127400000,0.06157,0.06168,0.06156,0.06167,159370
1777128300000,0.06167,0.06167,0.06129,0.06137,1308046
1777129200000,0.06137,0.06149,0.06131,0.06142,220347
1777130100000,0.06142,0.06148,0.06142,0.06144,28682
1777131000000,0.06144,0.06148,0.06137,0.06148,35999
1777131900000,0.06148,0.06148,0.06109,0.06119,460305
1777132800000,0.06119,0.06138,0.06107,0.06112,436888
1777133700000,0.06112,0.06114,0.06083,0.06087,468990
1777134600000,0.06087,0.0609,0.0605,0.06077,521172
1777135500000,0.06077,0.06083,0.06064,0.06067,116367
1777136400000,0.06067,0.06068,0.06029,0.06042,1105063
1777137300000,0.06042,0.06056,0.06034,0.06034,1557702
1777138200000,0.06034,0.06046,0.0603,0.06041,275116
1777139100000,0.06041,0.06042,0.0603,0.0603,270843
1777140000000,0.0603,0.06047,0.06027,0.06036,346153
1777140900000,0.06036,0.06047,0.06036,0.0604,43440
1777141800000,0.0604,0.06058,0.0604,0.06052,85964
1777142700000,0.06052,0.06056,0.06037,0.0604,64248
1777143600000,0.0604,0.06047,0.06037,0.06045,84080
1777144500000,0.06045,0.06045,0.06026,0.06026,136374
1777145400000,0.06026,0.06034,0.0602,0.0603,187103
1777146300000,0.0603,0.06037,0.06024,0.06032,48063
1777147200000,0.06032,0.06042,0.06023,0.06039,437450
1777148100000,0.06039,0.0605,0.06035,0.06036,263096
1777149000000,0.06036,0.0604,0.06028,0.06035,292497
1777149900000,0.06035,0.06047,0.06034,0.06044,39709
1777150800000,0.06044,0.06055,0.06044,0.06048,525751
1777151700000,0.06048,0.0605,0.06039,0.06043,54378
1777152600000,0.06043,0.06052,0.0604,0.06046,75876
1777153500000,0.06046,0.06052,0.06046,0.06051,8585
1777154400000,0.06051,0.06068,0.06043,0.0605,1912146
1777155300000,0.0605,0.0606,0.0605,0.06056,1800089
1777156200000,0.06056,0.06067,0.06056,0.06067,276949
1777157100000,0.06067,0.06067,0.06049,0.06052,74265
1777158000000,0.06052,0.06059,0.06046,0.06053,327388
1777158900000,0.06053,0.06059,0.06047,0.06055,158353
1777159800000,0.06055,0.06079,0.06054,0.06068,600444
1777160700000,0.06068,0.06074,0.0606,0.06069,43644
1777161600000,0.06069,0.06069,0.06038,0.0604,450436
1777162500000,0.0604,0.0604,0.06004,0.06013,870892
1777163400000,0.06013,0.0602,0.06002,0.06013,196812
1777164300000,0.06013,0.06019,0.05962,0.05988,3732087
1777165200000,0.05988,0.06001,0.05984,0.05996,423212
1777166100000,0.05996,0.06015,0.05992,0.06,72372
1777167000000,0.06,0.06,0.05987,0.0599,164710
1777167900000,0.0599,0.0599,0.05969,0.05976,132403
1777168800000,0.05976,0.06021,0.05973,0.06014,444206
1777169700000,0.06014,0.06014,0.05981,0.05994,1031770
1777170600000,0.05994,0.06001,0.05986,0.05986,42746
1777171500000,0.05986,0.05989,0.05983,0.05989,19722
1777172400000,0.05989,0.05994,0.05983,0.05989,57499
1777173300000,0.05989,0.05997,0.05983,0.05983,79243
1777174200000,0.05983,0.05983,0.0597,0.05979,95333
1777175100000,0.05979,0.06004,0.05979,0.06,162390
1777176000000,0.06,0.06006,0.05994,0.06001,492661
1777176900000,0.06001,0.06003,0.05994,0.05994,79578
1777177800000,0.05994,0.06012,0.0599,0.06005,202142
1777178700000,0.06005,0.06027,0.06005,0.06015,267521
1777179600000,0.06015,0.06042,0.06001,0.06042,624818
1777180500000,0.06042,0.06047,0.06033,0.0604,310472
1777181400000,0.0604,0.06043,0.06026,0.06027,91389
1777182300000,0.06027,0.06035,0.06018,0.06035,114300
1777183200000,0.06035,0.06044,0.06035,0.06043,32442
1777184100000,0.06043,0.06049,0.06036,0.06048,26185
1777185000000,0.06048,0.06057,0.06041,0.06056,139731
1777185900000,0.06056,0.06056,0.06046,0.06051,55987
1777186800000,0.06051,0.06059,0.06051,0.06059,81083
1777187700000,0.06059,0.0607,0.06059,0.06068,115919
1777188600000,0.06068,0.06075,0.06068,0.06073,80594
1777189500000,0.06073,0.06082,0.06069,0.06079,994447
1777190400000,0.06079,0.06081,0.06068,0.06079,136895
1777191300000,0.06079,0.06079,0.06058,0.06067,412304
1777192200000,0.06067,0.06082,0.06065,0.06067,190555
1777193100000,0.06067,0.0607,0.06064,0.0607,221587
1777194000000,0.0607,0.06093,0.0607,0.06093,159312
1777194900000,0.06093,0.06113,0.06092,0.06102,677150
1777195800000,0.06102,0.06109,0.06098,0.06106,282478
1777196700000,0.06106,0.06113,0.06105,0.06111,164275
1777197600000,0.06111,0.06134,0.06097,0.06132,997622
1777198500000,0.06132,0.06138,0.06119,0.06123,450864
1777199400000,0.06123,0.06139,0.06116,0.06128,266374
1777200300000,0.06128,0.0614,0.06128,0.06137,688529
1777201200000,0.06137,0.0616,0.06137,0.06158,384330
1777202100000,0.06158,0.06187,0.0615,0.06187,627823
1777203000000,0.06187,0.06241,0.06175,0.06219,1282947
1777203900000,0.06219,0.06269,0.06219,0.06257,847951
1777204800000,0.06257,0.06274,0.06231,0.06245,610307
1777205700000,0.06245,0.06285,0.06245,0.06251,539961
1777206600000,0.06251,0.06251,0.06198,0.062,758588
1777207500000,0.062,0.062,0.06143,0.06176,2549910
1777208400000,0.06176,0.0619,0.06138,0.06179,1905596
1777209300000,0.06179,0.06185,0.06171,0.06181,325831
1777210200000,0.06181,0.06189,0.06169,0.0617,707858
1777211100000,0.0617,0.06173,0.06147,0.06153,219392
1777212000000,0.06153,0.06174,0.06153,0.0616,300613
1777212900000,0.0616,0.06244,0.0616,0.06237,1003261
1777213800000,0.06237,0.06274,0.0622,0.06262,1183629
1777214700000,0.06262,0.06355,0.06249,0.06351,859664
1777215600000,0.06351,0.06351,0.063,0.06345,1430283
1777216500000,0.06345,0.06403,0.06344,0.06403,1743094
1777217400000,0.06403,0.06418,0.06374,0.0638,1315213
1777218300000,0.0638,0.06391,0.06356,0.06375,635778
1777219200000,0.06375,0.06394,0.06337,0.06374,600618
1777220100000,0.06374,0.06434,0.06366,0.06417,620176
1777221000000,0.06417,0.06466,0.064,0.06401,1981062
1777221900000,0.06401,0.06435,0.06388,0.06405,2099465
1777222800000,0.06405,0.06408,0.06342,0.06348,1442753
1777223700000,0.06348,0.06362,0.06324,0.06341,1150299
1777224600000,0.06341,0.06346,0.06295,0.06298,1650907
1777225500000,0.06298,0.06326,0.06298,0.06309,638913
1777226400000,0.06309,0.06315,0.06297,0.06302,285462
1777227300000,0.06302,0.06314,0.06298,0.06302,335169
1777228200000,0.06302,0.06316,0.06287,0.06302,781634
1777229100000,0.06302,0.06302,0.06288,0.06295,76866
1777230000000,0.06295,0.0631,0.06291,0.06307,176077
1777230900000,0.06307,0.06333,0.06262,0.06277,1573222
1777231800000,0.06277,0.06285,0.06261,0.06266,409009
1777232700000,0.06266,0.06268,0.0625,0.06258,316104
1777233600000,0.06258,0.06265,0.06247,0.0626,187526
1777234500000,0.0626,0.06277,0.06256,0.06275,134302
1777235400000,0.06275,0.06302,0.06273,0.06285,226162
1777236300000,0.06285,0.06289,0.06257,0.06262,111476
1777237200000,0.06262,0.06264,0.06255,0.06261,148297
1777238100000,0.06261,0.06264,0.06248,0.06254,54613
1777239000000,0.06254,0.06254,0.06193,0.06195,680002
1777239900000,0.06195,0.06242,0.06181,0.06227,1966512
1777240800000,0.06227,0.06249,0.06222,0.0623,1305354
1777241700000,0.0623,0.06254,0.06226,0.0624,865763
1777242600000,0.0624,0.0624,0.06207,0.0624,535903
1777243500000,0.0624,0.0625,0.06236,0.06241,225768
1777244400000,0.06241,0.0625,0.06233,0.06243,258971
1777245300000,0.06243,0.06252,0.06232,0.06241,170509
1777246200000,0.06241,0.06251,0.06222,0.06248,111296
1777247100000,0.06248,0.06261,0.06227,0.06234,344880
1777248000000,0.06234,0.06246,0.06222,0.06224,118316
1777248900000,0.06224,0.06237,0.06186,0.06191,493705
1777249800000,0.06191,0.06247,0.06186,0.06247,696415
1777250700000,0.06247,0.06289,0.06233,0.06287,619344
1777251600000,0.06287,0.06303,0.06267,0.06272,793807
1777252500000,0.06272,0.06282,0.06259,0.06274,547801
1777253400000,0.06274,0.06314,0.06274,0.06312,492721
1777254300000,0.06312,0.06332,0.06307,0.06332,785704
1777255200000,0.06332,0.06337,0.06282,0.06285,425364
1777256100000,0.06285,0.06306,0.06282,0.06306,74938
1777257000000,0.06306,0.06322,0.06296,0.0632,431309
1777257900000,0.0632,0.06357,0.0632,0.06354,1021563
1777258800000,0.06354,0.06361,0.06335,0.06342,446513
1777259700000,0.06342,0.06343,0.06331,0.06333,295061
1777260600000,0.06333,0.06335,0.06302,0.06312,222102
1777261500000,0.06312,0.06318,0.06297,0.06297,226810
1777262400000,0.06297,0.06303,0.06284,0.06296,158669
1777263300000,0.06296,0.06297,0.06285,0.06295,139041
1777264200000,0.06295,0.06303,0.06276,0.06298,697431
1777265100000,0.06298,0.06305,0.06277,0.06286,196165
1777266000000,0.06286,0.06293,0.06226,0.06226,1298867
1777266900000,0.06226,0.06226,0.06124,0.06124,4338092
1777267800000,0.06124,0.06127,0.06066,0.06094,3185676
1777268700000,0.06094,0.06119,0.06074,0.06108,628735
1777269600000,0.06108,0.06108,0.06075,0.06089,187613
1777270500000,0.06089,0.06097,0.06073,0.06081,435769
1777271400000,0.06081,0.06084,0.06042,0.06084,578097
1777272300000,0.06084,0.061,0.06065,0.06076,237565
1777273200000,0.06076,0.0608,0.06046,0.06053,391690
1777274100000,0.06053,0.06062,0.06051,0.06057,27756
1777275000000,0.06057,0.06057,0.06042,0.06054,77245
1777275900000,0.06054,0.06058,0.06042,0.06043,198264
1777276800000,0.06043,0.06046,0.06,0.06039,2369679
1777277700000,0.06039,0.06042,0.0602,0.0602,723379
1777278600000,0.0602,0.06023,0.06007,0.06008,1163846
1777279500000,0.06008,0.06023,0.06008,0.0602,655678
1777280400000,0.0602,0.06041,0.0602,0.06041,285591
1777281300000,0.06041,0.06047,0.06031,0.06037,373055
1777282200000,0.06037,0.06061,0.06037,0.06059,576029
1777283100000,0.06059,0.06059,0.0604,0.0604,120152
1777284000000,0.0604,0.0605,0.06038,0.06044,162280
1777284900000,0.06044,0.06044,0.06024,0.06024,217294
1777285800000,0.06024,0.06044,0.06019,0.06037,3253582
1777286700000,0.06037,0.06045,0.06027,0.06027,1964240
1777287600000,0.06027,0.06032,0.06019,0.06027,1729157
1777288500000,0.06027,0.06051,0.06027,0.06044,490072
1777289400000,0.06044,0.06054,0.06042,0.06043,369967
1777290300000,0.06043,0.06058,0.06042,0.06057,403325
1777291200000,0.06057,0.0607,0.06046,0.06067,525983
1777292100000,0.06067,0.06085,0.06064,0.06078,2154577
1777293000000,0.06078,0.06083,0.06045,0.06051,1287692
1777293900000,0.06051,0.06062,0.06041,0.06041,715044
1777294800000,0.06041,0.06053,0.06035,0.06043,270675
1777295700000,0.06043,0.06058,0.06038,0.06047,623795
1777296600000,0.06047,0.06065,0.0604,0.06055,569971
1777297500000,0.06055,0.06057,0.06022,0.0604,633896
1777298400000,0.0604,0.06067,0.06039,0.06062,473559
1777299300000,0.06062,0.06073,0.06053,0.06065,296620
1777300200000,0.06065,0.06108,0.0606,0.06107,3431463
1777301100000,0.06107,0.06112,0.06068,0.06074,1478883
1777302000000,0.06074,0.0608,0.06018,0.06019,3606037
1777302900000,0.06019,0.06022,0.05947,0.0598,5643545
1777303800000,0.0598,0.0601,0.05978,0.0599,2079380
1777304700000,0.0599,0.05992,0.05956,0.05971,1308429
1777305600000,0.05971,0.05987,0.05956,0.05986,164670
1777306500000,0.05986,0.06007,0.05981,0.05981,412978
1777307400000,0.05981,0.0599,0.05971,0.05971,196488
1777308300000,0.05971,0.05981,0.05971,0.05979,51821
1777309200000,0.05979,0.06009,0.05979,0.05993,1085951
1777310100000,0.05993,0.06017,0.05985,0.06013,397787
1777311000000,0.06013,0.06018,0.05997,0.06017,127012
1777311900000,0.06017,0.06017,0.05996,0.06,154481
1777312800000,0.06,0.06,0.05972,0.05977,141814
1777313700000,0.05977,0.0599,0.05962,0.05962,315080
1777314600000,0.05962,0.05975,0.0596,0.05967,455915
1777315500000,0.05967,0.0598,0.05967,0.0597,523326
1777316400000,0.0597,0.05978,0.05953,0.05967,1101312
1777317300000,0.05967,0.05967,0.05929,0.05929,2016824
1777318200000,0.05929,0.05948,0.05922,0.05943,663888
1777319100000,0.05943,0.05959,0.05939,0.05947,407581
1777320000000,0.05947,0.05971,0.05947,0.05958,458599
1777320900000,0.05958,0.05967,0.05958,0.05962,49245
1777321800000,0.05962,0.05979,0.05962,0.05977,433974
1777322700000,0.05977,0.05977,0.05961,0.05961,280183
1777323600000,0.05961,0.05971,0.0595,0.0597,404349
1777324500000,0.0597,0.05989,0.05967,0.05985,102015
1777325400000,0.05985,0.06017,0.05985,0.06003,145827
1777326300000,0.06003,0.06003,0.05975,0.05976,33269
1777327200000,0.05976,0.06006,0.05976,0.05993,86039
1777328100000,0.05993,0.06004,0.05992,0.06004,162079
1777329000000,0.06004,0.06018,0.05995,0.06001,929406
1777329900000,0.06001,0.06015,0.06,0.06014,278298
1777330800000,0.06014,0.06032,0.06013,0.06021,545981
1777331700000,0.06021,0.06045,0.06015,0.06044,3123787
1777332600000,0.06044,0.06055,0.06041,0.06053,154580
1777333500000,0.06053,0.06063,0.06042,0.06051,191857
1777334400000,0.06051,0.06051,0.0602,0.06028,562104
1777335300000,0.06028,0.0603,0.06007,0.0601,383103
1777336200000,0.0601,0.06033,0.06008,0.06025,543138
1777337100000,0.06025,0.06037,0.06021,0.06028,482335
1777338000000,0.06028,0.06028,0.06004,0.06012,167695
1777338900000,0.06012,0.06012,0.05988,0.05994,467256
1777339800000,0.05994,0.05995,0.05979,0.05986,264628
1777340700000,0.05986,0.06001,0.05985,0.05985,80037
1777341600000,0.05985,0.05996,0.05971,0.05984,480300
1777342500000,0.05984,0.05996,0.05964,0.05965,920218
1777343400000,0.05965,0.05965,0.05923,0.05923,882033
1777344300000,0.05923,0.05963,0.05916,0.05961,582903
1777345200000,0.05961,0.05961,0.0594,0.05948,218588
1777346100000,0.05948,0.05967,0.05946,0.05957,1461080
1777347000000,0.05957,0.05972,0.05957,0.05965,30047
1777347900000,0.05965,0.05989,0.05965,0.05984,53503
1777348800000,0.05984,0.05994,0.05978,0.05994,128065
1777349700000,0.05994,0.06001,0.05976,0.05982,1186352
1777350600000,0.05982,0.05986,0.05967,0.05978,245075
1777351500000,0.05978,0.05981,0.05972,0.05973,421825
1777352400000,0.05973,0.05992,0.05972,0.05982,315130
1777353300000,0.05982,0.05995,0.0598,0.05985,255199
1777354200000,0.05985,0.05985,0.05968,0.0597,128910
1777355100000,0.0597,0.05971,0.05955,0.05959,187906
1777356000000,0.05959,0.05974,0.05959,0.05973,41225
1777356900000,0.05973,0.05973,0.05943,0.0595,150168
1777357800000,0.0595,0.05957,0.05906,0.05913,1024184
1777358700000,0.05913,0.05931,0.0591,0.05923,818552
1777359600000,0.05923,0.05924,0.05907,0.05909,90690
1777360500000,0.05909,0.05913,0.05892,0.05906,764199
1777361400000,0.05906,0.05939,0.05906,0.05931,176012
1777362300000,0.05931,0.05944,0.05928,0.05944,531464
1777363200000,0.05944,0.05952,0.05937,0.05947,139842
1777364100000,0.05947,0.05986,0.05947,0.05966,288278
1777365000000,0.05966,0.05989,0.05966,0.05969,830932
1777365900000,0.05969,0.05973,0.05958,0.05972,207272
1777366800000,0.05972,0.05979,0.05961,0.05974,103869
1777367700000,0.05974,0.05984,0.05967,0.05978,194187
1777368600000,0.05978,0.05987,0.05975,0.05979,78693
1777369500000,0.05979,0.05982,0.05949,0.0597,605803
1777370400000,0.0597,0.06001,0.0597,0.05988,388996
1777371300000,0.05988,0.05992,0.05978,0.0599,425967
1777372200000,0.0599,0.06002,0.05986,0.05994,508484
1777373100000,0.05994,0.05994,0.05979,0.05987,405409
1777374000000,0.05987,0.05989,0.05968,0.0597,246715
1777374900000,0.0597,0.0597,0.05943,0.05949,687512
1777375800000,0.05949,0.05957,0.05936,0.05943,589796
1777376700000,0.05943,0.05948,0.05926,0.05932,583373
1777377600000,0.05932,0.05947,0.05932,0.05945,266289
1777378500000,0.05945,0.05951,0.05923,0.0593,1369501
1777379400000,0.0593,0.05951,0.05922,0.05951,1002786
1777380300000,0.05951,0.05974,0.05951,0.05958,224685
1777381200000,0.05958,0.05962,0.05924,0.0593,432399
1777382100000,0.0593,0.05957,0.05926,0.05953,478811
1777383000000,0.05953,0.05955,0.05933,0.05955,389651
1777383900000,0.05955,0.05974,0.05923,0.05944,1804759
1777384800000,0.05944,0.05944,0.05911,0.05916,331074
1777385700000,0.05916,0.05917,0.05898,0.05908,465358
1777386600000,0.05908,0.05916,0.05894,0.05914,399057
1777387500000,0.05914,0.05927,0.05903,0.05926,317266
1777388400000,0.05926,0.05934,0.05915,0.0592,57765
1777389300000,0.0592,0.05922,0.05887,0.05895,707755
1777390200000,0.05895,0.05895,0.05865,0.05882,772740
1777391100000,0.05882,0.0589,0.05875,0.0589,584574
1777392000000,0.0589,0.05896,0.05882,0.0589,173971
1777392900000,0.0589,0.05911,0.05885,0.05908,225919
1777393800000,0.05908,0.05908,0.05889,0.05892,371608
1777394700000,0.05892,0.05913,0.05888,0.05905,169363
1777395600000,0.05905,0.05916,0.05899,0.05911,158987
1777396500000,0.05911,0.05911,0.05899,0.05909,62439
1777397400000,0.05909,0.05934,0.05907,0.05907,305012
1777398300000,0.05907,0.05915,0.059,0.05905,263070
1777399200000,0.05905,0.05916,0.05901,0.05916,81029
1777400100000,0.05916,0.05932,0.05916,0.05928,129752
1777401000000,0.05928,0.05931,0.05915,0.05915,364493
1777401900000,0.05915,0.05947,0.05913,0.05941,730500
1777402800000,0.05941,0.05949,0.05924,0.05931,767909
1777403700000,0.05931,0.05931,0.05913,0.05914,971264
1777404600000,0.05914,0.05932,0.05912,0.05932,153863
1777405500000,0.05932,0.05941,0.05929,0.05939,305620
1777406400000,0.05939,0.05949,0.05929,0.05929,412691
1777407300000,0.05929,0.0593,0.05916,0.05918,20745
1777408200000,0.05918,0.05929,0.05917,0.05923,37282
1777409100000,0.05923,0.05928,0.05921,0.05925,21861
1777410000000,0.05925,0.05932,0.05916,0.05924,241628
1777410900000,0.05924,0.05924,0.05909,0.05909,129208
1777411800000,0.05909,0.05909,0.05895,0.05895,731039
1777412700000,0.05895,0.05902,0.05886,0.05892,663350
1777413600000,0.05892,0.0591,0.05886,0.05895,154019
1777414500000,0.05895,0.05909,0.05894,0.05909,14548
1777415400000,0.05909,0.05936,0.05902,0.05933,494858
1777416300000,0.05933,0.05938,0.0592,0.05921,144217
1777417200000,0.05921,0.05923,0.05911,0.05913,15735
1777418100000,0.05913,0.05918,0.05892,0.05898,582954
1777419000000,0.05898,0.05906,0.05893,0.05906,690936
1777419900000,0.05906,0.05916,0.05906,0.05915,120392
1777420800000,0.05915,0.05922,0.05906,0.05918,114156
1777421700000,0.05918,0.0592,0.059,0.05917,115422
1777422600000,0.05917,0.05935,0.05914,0.05935,69034
1777423500000,0.05935,0.05946,0.05932,0.05934,335496
1777424400000,0.05934,0.05934,0.05914,0.05917,344138
1777425300000,0.05917,0.0592,0.0589,0.0589,865951
1777426200000,0.0589,0.05896,0.05873,0.05894,801626
1777427100000,0.05894,0.05923,0.05892,0.05908,139164
1777428000000,0.05908,0.05925,0.05903,0.05903,938899
1777428900000,0.05903,0.05914,0.05899,0.05911,175583
1777429800000,0.05911,0.05911,0.05893,0.05898,363383
1777430700000,0.05898,0.0592,0.0589,0.05909,55987
1777431600000,0.05909,0.05927,0.05909,0.05919,82946
1777432500000,0.05919,0.05949,0.05919,0.05936,230655
1777433400000,0.05936,0.05958,0.05933,0.05953,435007
1777434300000,0.05953,0.05954,0.0594,0.05953,526028
1777435200000,0.05953,0.05953,0.05938,0.05952,1087539
1777436100000,0.05952,0.05956,0.05941,0.05943,92416
1777437000000,0.05943,0.05982,0.05941,0.05973,457277
1777437900000,0.05973,0.05995,0.05967,0.05976,2146171
1777438800000,0.05976,0.05976,0.05957,0.05962,160625
1777439700000,0.05962,0.05992,0.05962,0.05989,1616104
1777440600000,0.05989,0.05995,0.0598,0.0598,31309
1777441500000,0.0598,0.05992,0.05967,0.05971,598135
1777442400000,0.05971,0.05977,0.05965,0.05969,202226
1777443300000,0.05969,0.05971,0.0596,0.05968,256017
1777444200000,0.05968,0.05974,0.05947,0.05951,131122
1777445100000,0.05951,0.05958,0.05943,0.05958,306618
1777446000000,0.05958,0.0596,0.05945,0.05947,141706
1777446900000,0.05947,0.05959,0.05947,0.05951,157857
1777447800000,0.05951,0.05963,0.0595,0.05954,323708
1777448700000,0.05954,0.05954,0.05927,0.05927,262794
1777449600000,0.05927,0.05936,0.05916,0.05922,420359
1777450500000,0.05922,0.05928,0.05914,0.05923,246498
1777451400000,0.05923,0.05923,0.05903,0.05916,320964
1777452300000,0.05916,0.05924,0.05911,0.0592,486552
1777453200000,0.0592,0.0592,0.05901,0.05906,200133
1777454100000,0.05906,0.0593,0.05906,0.05926,243922
1777455000000,0.05926,0.05955,0.05924,0.0594,281968
1777455900000,0.0594,0.06009,0.0594,0.05988,1707881
1777456800000,0.05988,0.06003,0.05982,0.05992,517235
1777457700000,0.05992,0.06,0.05986,0.05997,278933
1777458600000,0.05997,0.06002,0.05956,0.05962,3736013
1777459500000,0.05962,0.05968,0.05956,0.05966,1033345
1777460400000,0.05966,0.05977,0.05953,0.05962,569876
1777461300000,0.05962,0.05966,0.05937,0.05938,326265
1777462200000,0.05938,0.05947,0.0592,0.05924,508053
1777463100000,0.05924,0.05936,0.05923,0.05924,511467
1777464000000,0.05924,0.05924,0.0586,0.05864,2111660
1777464900000,0.05864,0.05881,0.05851,0.05857,1749365
1777465800000,0.05857,0.05876,0.05845,0.05874,2242443
1777466700000,0.05874,0.0589,0.05871,0.05885,446081
1777467600000,0.05885,0.05889,0.05856,0.05875,723542
1777468500000,0.05875,0.05875,0.05844,0.0585,674918
1777469400000,0.0585,0.05855,0.05812,0.05815,1400504
1777470300000,0.05815,0.05848,0.05815,0.05844,1155965
1777471200000,0.05844,0.05844,0.05807,0.05821,305437
1777472100000,0.05821,0.05851,0.05817,0.05845,249236
1777473000000,0.05845,0.05853,0.05833,0.05834,812516
1777473900000,0.05834,0.05834,0.05812,0.05813,220822
1777474800000,0.05813,0.0582,0.05772,0.05782,1542262
1777475700000,0.05782,0.05797,0.05778,0.05793,195587
1777476600000,0.05793,0.05801,0.05765,0.05769,986708
1777477500000,0.05769,0.05787,0.05769,0.05779,922826
1777478400000,0.05779,0.05792,0.05772,0.05781,183502
1777479300000,0.05781,0.05783,0.05758,0.05774,277286
1777480200000,0.05774,0.05778,0.05752,0.05767,194768
1777481100000,0.05767,0.05767,0.05756,0.05758,120655
1777482000000,0.05758,0.05773,0.05758,0.05764,150064
1777482900000,0.05764,0.05786,0.0575,0.05762,269657
1777483800000,0.05762,0.05771,0.05758,0.05765,118825
1777484700000,0.05765,0.05771,0.05755,0.05771,77031
1777485600000,0.05771,0.05777,0.05644,0.05675,2594941
1777486500000,0.05675,0.05693,0.05652,0.05664,1307762
1777487400000,0.05664,0.05686,0.05647,0.05682,984067
1777488300000,0.05682,0.05707,0.05677,0.05707,266985
1777489200000,0.05707,0.05713,0.05695,0.05713,310826
1777490100000,0.05713,0.05716,0.05706,0.0571,17993
1777491000000,0.0571,0.0571,0.05689,0.05703,39615
1777491900000,0.05703,0.0571,0.05697,0.05699,58106
1777492800000,0.05699,0.05731,0.05699,0.05705,471273
1777493700000,0.05705,0.0573,0.05705,0.0573,173853
1777494600000,0.0573,0.05743,0.05727,0.05736,255200
1777495500000,0.05736,0.05743,0.05729,0.05732,183814
1777496400000,0.05732,0.05739,0.05721,0.05739,309611
1777497300000,0.05739,0.05778,0.05738,0.05774,2038539
1777498200000,0.05774,0.05791,0.05773,0.05789,264716
1777499100000,0.05789,0.05797,0.0576,0.0576,218432
1777500000000,0.0576,0.05772,0.0576,0.05771,39921
1777500900000,0.05771,0.0578,0.05767,0.0577,123828
1777501800000,0.0577,0.05776,0.05765,0.05773,137951
1777502700000,0.05773,0.05775,0.05764,0.05768,58071
1777503600000,0.05768,0.05774,0.05757,0.05769,239657
1777504500000,0.05769,0.05769,0.0575,0.05756,515088
1777505400000,0.05756,0.05773,0.05755,0.05773,30280
1777506300000,0.05773,0.05778,0.05761,0.05765,208662
1777507200000,0.05765,0.05781,0.05765,0.05773,41181
1777508100000,0.05773,0.05773,0.05763,0.05766,27228
1777509000000,0.05766,0.05803,0.05766,0.05789,1330381
1777509900000,0.05789,0.05815,0.05789,0.05808,349865
1777510800000,0.05808,0.05815,0.05801,0.05807,86392
1777511700000,0.05807,0.05823,0.05798,0.05816,556570
1777512600000,0.05816,0.05825,0.05815,0.0582,21757
1777513500000,0.0582,0.05834,0.05817,0.05818,302546
1777514400000,0.05818,0.05829,0.05814,0.05829,160416
1777515300000,0.05829,0.05831,0.05813,0.0582,198245
1777516200000,0.0582,0.0582,0.05746,0.05747,1551336
1777517100000,0.05747,0.05775,0.05738,0.0577,497695
1777518000000,0.0577,0.0577,0.05759,0.05764,43881
1777518900000,0.05764,0.05784,0.05759,0.05784,167749
1777519800000,0.05784,0.05797,0.05778,0.05787,117580
1777520700000,0.05787,0.0579,0.05785,0.0579,152574
1777521600000,0.0579,0.0579,0.05763,0.05774,243101
1777522500000,0.05774,0.0578,0.05766,0.05778,211633
1777523400000,0.05778,0.05778,0.05732,0.05733,1140422
1777524300000,0.05733,0.05744,0.05732,0.05733,117819
1777525200000,0.05733,0.05755,0.05732,0.05754,278374
1777526100000,0.05754,0.05754,0.05711,0.05718,249810
1777527000000,0.05718,0.05742,0.05718,0.05741,206634
1777527900000,0.05741,0.05741,0.0572,0.05721,97459
1777528800000,0.05721,0.05727,0.05714,0.05715,225760
1777529700000,0.05715,0.05722,0.05711,0.05715,118134
1777530600000,0.05715,0.05742,0.05715,0.05732,192100
1777531500000,0.05732,0.05743,0.05731,0.05734,363463
1777532400000,0.05734,0.05746,0.05734,0.0574,138581
1777533300000,0.0574,0.0574,0.05728,0.05731,232739
1777534200000,0.05731,0.05741,0.05728,0.05738,277297
1777535100000,0.05738,0.05755,0.05734,0.05755,459092
1777536000000,0.05755,0.05762,0.05745,0.05748,361109
1777536900000,0.05748,0.05748,0.05733,0.05738,165539
1777537800000,0.05738,0.05738,0.05731,0.05736,135870
1777538700000,0.05736,0.05738,0.05729,0.05731,108099
1777539600000,0.05731,0.05737,0.05724,0.05728,64440
1777540500000,0.05728,0.05761,0.05727,0.05758,187852
1777541400000,0.05758,0.05781,0.05756,0.05756,276027
1777542300000,0.05756,0.05757,0.05744,0.05745,28240
1777543200000,0.05745,0.05749,0.05736,0.05736,20959
1777544100000,0.05736,0.05736,0.05719,0.05719,288331
1777545000000,0.05719,0.05739,0.05719,0.05725,36044
1777545900000,0.05725,0.05731,0.05723,0.05723,31445
1777546800000,0.05723,0.05759,0.05722,0.05759,644987
1777547700000,0.05759,0.05765,0.05756,0.05759,398393
1777548600000,0.05759,0.0576,0.05733,0.05741,315525
1777549500000,0.05741,0.05748,0.05729,0.05748,196195
1777550400000,0.05748,0.05754,0.05732,0.0574,166067
1777551300000,0.0574,0.05757,0.0574,0.05743,62041
1777552200000,0.05743,0.05752,0.05736,0.05736,79976
1777553100000,0.05736,0.05738,0.05724,0.05729,76737
1777554000000,0.05729,0.05735,0.05729,0.0573,34675
1777554900000,0.0573,0.05733,0.05713,0.05719,41836
1777555800000,0.05719,0.05739,0.05698,0.05739,964580
1777556700000,0.05739,0.05741,0.05714,0.05718,115191
1777557600000,0.05718,0.05728,0.05704,0.05713,781412
1777558500000,0.05713,0.05713,0.0568,0.05701,1471649
1777559400000,0.05701,0.05721,0.05685,0.05691,133114
1777560300000,0.05691,0.057,0.05684,0.05688,102052
1777561200000,0.05688,0.057,0.05678,0.05692,343609
1777562100000,0.05692,0.05692,0.05666,0.0569,377467
1777563000000,0.0569,0.05716,0.05686,0.05687,133630
1777563900000,0.05687,0.05717,0.05683,0.05706,83452
1777564800000,0.05706,0.05716,0.05695,0.05705,295950
1777565700000,0.05705,0.05705,0.05687,0.05687,51520
1777566600000,0.05687,0.05704,0.05687,0.05701,35035
1777567500000,0.05701,0.05711,0.05684,0.05691,101434
1777568400000,0.05691,0.05698,0.0569,0.05693,27728
1777569300000,0.05693,0.05702,0.05682,0.05702,214066
1777570200000,0.05702,0.05725,0.05702,0.05702,203278
1777571100000,0.05702,0.05716,0.05702,0.05716,39181
1777572000000,0.05716,0.05728,0.05706,0.05707,86837
1777572900000,0.05707,0.05722,0.05704,0.05705,62783
1777573800000,0.05705,0.05722,0.05703,0.05717,57719
1777574700000,0.05717,0.05724,0.0571,0.0571,67862
1777575600000,0.0571,0.05731,0.05706,0.05727,118556
1777576500000,0.05727,0.05727,0.05715,0.05724,98245
1777577400000,0.05724,0.05724,0.05716,0.05717,11650
1777578300000,0.05717,0.05717,0.05704,0.05705,11641
1777579200000,0.05705,0.05714,0.05696,0.05714,76309
1777580100000,0.05714,0.05717,0.05709,0.05711,16649
1777581000000,0.05711,0.05719,0.05707,0.05715,127988
1777581900000,0.05715,0.05715,0.05707,0.05708,40490
1777582800000,0.05708,0.0572,0.05707,0.0572,180112
1777583700000,0.0572,0.0572,0.05709,0.05709,22229
1777584600000,0.05709,0.05716,0.05703,0.05716,8327
1777585500000,0.05716,0.05716,0.05695,0.05702,610516
1777586400000,0.05702,0.05707,0.05689,0.05703,158723
1777587300000,0.05703,0.05708,0.05702,0.05703,67305
1777588200000,0.05703,0.05708,0.05688,0.0569,126400
1777589100000,0.0569,0.05701,0.0569,0.05692,34804
1777590000000,0.05692,0.05707,0.05692,0.05701,31843
1777590900000,0.05701,0.05708,0.05701,0.05708,5505
1777591800000,0.05708,0.05718,0.05708,0.05713,62836
1777592700000,0.05713,0.05725,0.05713,0.0572,215563
1777593600000,0.0572,0.05743,0.0572,0.05728,280167
1777594500000,0.05728,0.0574,0.05728,0.05732,131758
1777595400000,0.05732,0.05732,0.05721,0.05723,155488
1777596300000,0.05723,0.05738,0.05712,0.05714,115045
1777597200000,0.05714,0.05736,0.05714,0.05732,217924
1777598100000,0.05732,0.05739,0.05728,0.05732,31189
1777599000000,0.05732,0.05741,0.05724,0.05739,56975
1777599900000,0.05739,0.05752,0.05739,0.05745,49383
1777600800000,0.05745,0.05747,0.05736,0.05744,143196
1777601700000,0.05744,0.05744,0.05727,0.0573,268203
1777602600000,0.0573,0.05732,0.05716,0.05728,45416
1777603500000,0.05728,0.05738,0.05726,0.05729,60461
1777604400000,0.05729,0.05738,0.05717,0.05735,124319
1777605300000,0.05735,0.05777,0.05734,0.05768,932540
1777606200000,0.05768,0.05777,0.05758,0.0577,125181
1777607100000,0.0577,0.0577,0.05748,0.05751,212958
1777608000000,0.05751,0.0577,0.05751,0.05766,142201
1777608900000,0.05766,0.05771,0.05744,0.05744,120778
1777609800000,0.05744,0.0577,0.05744,0.0577,25292
1777610700000,0.0577,0.05783,0.05767,0.05771,260581
1777611600000,0.05771,0.05792,0.05768,0.0579,39733
1777612500000,0.0579,0.0579,0.0578,0.05789,157477
1777613400000,0.05789,0.05789,0.0577,0.05779,78055
1777614300000,0.05779,0.05779,0.05769,0.05774,52723
1777615200000,0.05774,0.05774,0.05768,0.05772,12075
1777616100000,0.05772,0.05775,0.05763,0.05763,80318
1777617000000,0.05763,0.05766,0.05746,0.05751,222405
1777617900000,0.05751,0.05757,0.05741,0.05748,145807
1777618800000,0.05748,0.05754,0.05747,0.0575,29734
1777619700000,0.0575,0.05757,0.05739,0.05743,112767
1777620600000,0.05743,0.05755,0.0574,0.05751,25772
1777621500000,0.05751,0.05772,0.05751,0.05771,341763
1777622400000,0.05771,0.05778,0.0577,0.05773,77151
1777623300000,0.05773,0.05789,0.05773,0.05777,44600
1777624200000,0.05777,0.05777,0.05766,0.05766,64438
1777625100000,0.05766,0.0577,0.05764,0.05764,21017
1777626000000,0.05764,0.05764,0.05755,0.05757,53604
1777626900000,0.05757,0.05759,0.05747,0.05748,45338
1777627800000,0.05748,0.05748,0.0572,0.0573,450191
1777628700000,0.0573,0.05731,0.05709,0.05723,339031
1777629600000,0.05723,0.05727,0.05698,0.05709,540510
1777630500000,0.05709,0.05727,0.05709,0.05727,95862
1777631400000,0.05727,0.05727,0.05709,0.05716,41880
1777632300000,0.05716,0.05727,0.05716,0.05727,18332
1777633200000,0.05727,0.05729,0.05725,0.05729,17191
1777634100000,0.05729,0.0574,0.05724,0.05724,91363
1777635000000,0.05724,0.05729,0.05719,0.05719,63095
1777635900000,0.05719,0.05734,0.05718,0.05734,65982
1777636800000,0.05734,0.05756,0.05731,0.05749,370767
1777637700000,0.05749,0.05781,0.05748,0.05762,1502430
1777638600000,0.05762,0.05787,0.05762,0.05767,426101
1777639500000,0.05767,0.05778,0.05762,0.05765,337777
1777640400000,0.05765,0.05797,0.05765,0.05785,751531
1777641300000,0.05785,0.05802,0.05784,0.05788,585665
1777642200000,0.05788,0.05811,0.05782,0.05794,262221
1777643100000,0.05794,0.05823,0.05793,0.0582,692199
1777644000000,0.0582,0.05832,0.05805,0.05816,1774323
1777644900000,0.05816,0.05825,0.05803,0.05805,322903
1777645800000,0.05805,0.05805,0.05774,0.0579,655808
1777646700000,0.0579,0.05811,0.05783,0.05806,764823
1777647600000,0.05806,0.05806,0.05778,0.05785,419971
1777648500000,0.05785,0.05803,0.05785,0.05801,142077
1777649400000,0.05801,0.05825,0.05801,0.0581,614046
1777650300000,0.0581,0.0581,0.05765,0.05792,900215
1777651200000,0.05792,0.05808,0.05791,0.05791,2067095
1777652100000,0.05791,0.05792,0.05772,0.05784,290459
1777653000000,0.05784,0.05788,0.05764,0.05786,487874
1777653900000,0.05786,0.05801,0.05782,0.05789,88146
1777654800000,0.05789,0.0579,0.05774,0.05789,32572
1777655700000,0.05789,0.05795,0.05782,0.05782,66637
1777656600000,0.05782,0.05797,0.05778,0.05788,70707
1777657500000,0.05788,0.05799,0.05781,0.05799,39383
1777658400000,0.05799,0.05799,0.0579,0.05797,124230
1777659300000,0.05797,0.05802,0.05783,0.05799,108705
1777660200000,0.05799,0.05804,0.05795,0.05803,33377
1777661100000,0.05803,0.05805,0.05794,0.05796,40982
1777662000000,0.05796,0.05806,0.0579,0.05803,47215
1777662900000,0.05803,0.05807,0.05795,0.05804,23801
1777663800000,0.05804,0.05804,0.05791,0.05791,64231
1777664700000,0.05791,0.05794,0.05788,0.05788,24824
1777665600000,0.05788,0.05792,0.05787,0.05791,25283
1777666500000,0.05791,0.05794,0.05781,0.05789,224256
1777667400000,0.05789,0.0579,0.05777,0.05779,247789
1777668300000,0.05779,0.05792,0.05763,0.05778,379537
1777669200000,0.05778,0.05782,0.0576,0.05765,76620
1777670100000,0.05765,0.05774,0.05765,0.0577,131018
1777671000000,0.0577,0.05795,0.0577,0.05786,130888
1777671900000,0.05786,0.05789,0.05782,0.05786,49719
1777672800000,0.05786,0.058,0.05785,0.05798,179407
1777673700000,0.05798,0.05807,0.05796,0.05799,28484
1777674600000,0.05799,0.05799,0.05784,0.0579,76355
1777675500000,0.0579,0.0579,0.05772,0.05775,74208
1777676400000,0.05775,0.05781,0.05769,0.05773,169228
1777677300000,0.05773,0.05778,0.0576,0.05761,153777
1777678200000,0.05761,0.05779,0.05761,0.05779,52366
1777679100000,0.05779,0.05782,0.05775,0.05776,84553
1777680000000,0.05776,0.05786,0.05776,0.05785,40197
1777680900000,0.05785,0.05801,0.05784,0.05785,174692
1777681800000,0.05785,0.05794,0.05783,0.05794,42321
1777682700000,0.05794,0.05808,0.05793,0.05796,90305
1777683600000,0.05796,0.05801,0.05793,0.05801,35555
1777684500000,0.05801,0.05801,0.05798,0.05798,3559
1777685400000,0.05798,0.05814,0.05798,0.05802,52354
1777686300000,0.05802,0.05802,0.05788,0.05788,73816
1777687200000,0.05788,0.05794,0.0578,0.05784,169680
1777688100000,0.05784,0.05784,0.05774,0.05775,11713
1777689000000,0.05775,0.0578,0.05772,0.05772,76675
1777689900000,0.05772,0.05781,0.0577,0.05779,32062
1777690800000,0.05779,0.05779,0.05762,0.05769,56785
1777691700000,0.05769,0.05782,0.05766,0.0578,19795
1777692600000,0.0578,0.05789,0.05777,0.05779,54060
1777693500000,0.05779,0.05793,0.05775,0.05793,95522
1777694400000,0.05793,0.05798,0.05784,0.05789,97713
1777695300000,0.05789,0.058,0.0578,0.05783,289356
1777696200000,0.05783,0.05791,0.05778,0.05783,50177
1777697100000,0.05783,0.05783,0.05767,0.05767,94140
1777698000000,0.05767,0.05775,0.05746,0.05747,684390
1777698900000,0.05747,0.05754,0.05743,0.05754,265166
1777699800000,0.05754,0.05757,0.05746,0.05751,100759
1777700700000,0.05751,0.05755,0.05744,0.05744,193516
1777701600000,0.05744,0.05755,0.05744,0.05752,138178
1777702500000,0.05752,0.05752,0.05751,0.05751,1693
1777703400000,0.05751,0.05753,0.05746,0.05747,157052
1777704300000,0.05747,0.05767,0.05747,0.05767,151512
1777705200000,0.05767,0.05767,0.05755,0.05762,27945
1777706100000,0.05762,0.0577,0.05762,0.0577,25392
1777707000000,0.0577,0.0577,0.05755,0.05755,131324
1777707900000,0.05755,0.05762,0.05755,0.05762,26337
1777708800000,0.05762,0.05767,0.0576,0.05767,5615
1777709700000,0.05767,0.05767,0.05755,0.05759,21293
1777710600000,0.05759,0.05782,0.05759,0.05782,98876
1777711500000,0.05782,0.058,0.05782,0.05795,180628
1777712400000,0.05795,0.05808,0.05794,0.05803,112210
1777713300000,0.05803,0.05817,0.05803,0.0581,34359
1777714200000,0.0581,0.05822,0.05807,0.05808,169508
1777715100000,0.05808,0.05816,0.05808,0.05816,7208
1777716000000,0.05816,0.0582,0.05813,0.05814,47481
1777716900000,0.05814,0.05823,0.05814,0.05817,94976
1777717800000,0.05817,0.05817,0.05808,0.0581,48657
1777718700000,0.0581,0.05811,0.05797,0.05798,2155168
1777719600000,0.05798,0.05798,0.05781,0.05785,157875
1777720500000,0.05785,0.05797,0.05778,0.0579,426803
1777721400000,0.0579,0.0579,0.05771,0.05776,508804
1777722300000,0.05776,0.05784,0.05772,0.05784,28382
1777723200000,0.05784,0.05787,0.05772,0.05772,238196
1777724100000,0.05772,0.05793,0.05772,0.05793,215680
1777725000000,0.05793,0.05803,0.05784,0.05799,393914
1777725900000,0.05799,0.05802,0.05788,0.05788,95637
1777726800000,0.05788,0.05808,0.05788,0.05807,138912
1777727700000,0.05807,0.05807,0.05798,0.05798,66262
1777728600000,0.05798,0.05803,0.05795,0.05801,185198
1777729500000,0.05801,0.05824,0.05801,0.05817,205432
1777730400000,0.05817,0.05823,0.05812,0.0582,135149
1777731300000,0.0582,0.0585,0.0582,0.0585,383460
1777732200000,0.0585,0.05852,0.05844,0.05847,119484
1777733100000,0.05847,0.05859,0.05846,0.05847,456964
1777734000000,0.05847,0.05849,0.05838,0.05844,105147
1777734900000,0.05844,0.05846,0.05831,0.05841,115480
1777735800000,0.05841,0.05866,0.05835,0.05864,224637
1777736700000,0.05864,0.05867,0.05846,0.0586,2028740
1777737600000,0.0586,0.05867,0.05855,0.05856,822425
1777738500000,0.05856,0.05866,0.05848,0.05857,505545
1777739400000,0.05857,0.05868,0.0585,0.05865,189557
1777740300000,0.05865,0.05873,0.05855,0.05867,73658
1777741200000,0.05867,0.0587,0.05862,0.05869,28741
1777742100000,0.05869,0.0587,0.05846,0.0585,258408
1777743000000,0.0585,0.05862,0.05837,0.05838,87458
1777743900000,0.05838,0.0584,0.05832,0.05835,85644
1777744800000,0.05835,0.05836,0.05824,0.0583,97150
1777745700000,0.0583,0.05848,0.0583,0.05848,69309
1777746600000,0.05848,0.05866,0.05848,0.05865,54987
1777747500000,0.05865,0.05876,0.05864,0.05864,235860
1777748400000,0.05864,0.05881,0.05863,0.05881,48733
1777749300000,0.05881,0.05887,0.05876,0.05876,265318
1777750200000,0.05876,0.05894,0.05875,0.05887,30151
1777751100000,0.05887,0.05892,0.05885,0.05892,23873
1777752000000,0.05892,0.05893,0.05883,0.05883,27141
1777752900000,0.05883,0.05895,0.05883,0.05895,180280
1777753800000,0.05895,0.05921,0.05894,0.05919,558147
1777754700000,0.05919,0.05919,0.05906,0.05906,65279
1777755600000,0.05906,0.05912,0.059,0.05902,195278
1777756500000,0.05902,0.05918,0.059,0.05918,224729
1777757400000,0.05918,0.05953,0.05913,0.05934,1157644
1777758300000,0.05934,0.05951,0.0593,0.05934,771060
1777759200000,0.05934,0.05957,0.05934,0.05939,207657
1777760100000,0.05939,0.05944,0.05918,0.05922,121342
1777761000000,0.05922,0.05927,0.05913,0.05918,178353
1777761900000,0.05918,0.05934,0.05915,0.05934,45390
1777762800000,0.05934,0.05934,0.05914,0.05926,34109
1777763700000,0.05926,0.05927,0.05914,0.05922,113789
1777764600000,0.05922,0.05935,0.05918,0.05922,85997
1777765500000,0.05922,0.05922,0.05901,0.05914,237930
1777766400000,0.05914,0.05922,0.05897,0.05901,81903
1777767300000,0.05901,0.05911,0.05893,0.05911,93597
1777768200000,0.05911,0.05913,0.05888,0.05888,42846
1777769100000,0.05888,0.05889,0.05873,0.05886,104411
1777770000000,0.05886,0.05886,0.05836,0.05845,1115810
1777770900000,0.05845,0.05846,0.05829,0.0584,221449
1777771800000,0.0584,0.0584,0.05812,0.05816,68260
1777772700000,0.05816,0.05816,0.05798,0.05801,151624
1777773600000,0.05801,0.05808,0.05783,0.05793,498546
1777774500000,0.05793,0.05801,0.05786,0.05786,470406
1777775400000,0.05786,0.05797,0.05786,0.05795,11004
1777776300000,0.05795,0.05801,0.05793,0.05796,152330
1777777200000,0.05796,0.05796,0.0578,0.05792,627105
1777778100000,0.05792,0.05795,0.05787,0.05788,7311
1777779000000,0.05788,0.05806,0.05788,0.05795,127211
1777779900000,0.05795,0.058,0.05794,0.05797,9231
1777780800000,0.05797,0.05798,0.05785,0.0579,532914
1777781700000,0.0579,0.05805,0.05786,0.05805,77599
1777782600000,0.05805,0.05807,0.05804,0.05805,26340
1777783500000,0.05805,0.05807,0.0579,0.05794,439273
1777784400000,0.05794,0.05811,0.05794,0.05801,426832
1777785300000,0.05801,0.0581,0.05801,0.05802,160090
1777786200000,0.05802,0.05807,0.05777,0.05778,464178
1777787100000,0.05778,0.05792,0.05777,0.05792,40851
1777788000000,0.05792,0.05792,0.0578,0.05782,71663
1777788900000,0.05782,0.05782,0.05768,0.05768,33208
1777789800000,0.05768,0.05774,0.05765,0.05774,116357
1777790700000,0.05774,0.05797,0.0577,0.05781,142968
1777791600000,0.05781,0.058,0.05774,0.05787,110878
1777792500000,0.05787,0.05811,0.05787,0.05807,173773
1777793400000,0.05807,0.05812,0.05799,0.05807,70237
1777794300000,0.05807,0.05814,0.05793,0.05793,192339
1777795200000,0.05793,0.05815,0.05792,0.05807,179089
1777796100000,0.05807,0.05811,0.05799,0.05799,65658
1777797000000,0.05799,0.05804,0.05785,0.0579,278751
1777797900000,0.0579,0.05795,0.05782,0.05783,180620
1777798800000,0.05783,0.05786,0.05777,0.05782,184333
1777799700000,0.05782,0.05798,0.05776,0.05789,146329
1777800600000,0.05789,0.05822,0.05784,0.05814,434296
1777801500000,0.05814,0.05815,0.05807,0.0581,159768
1777802400000,0.0581,0.05813,0.05792,0.05804,190700
1777803300000,0.05804,0.05805,0.05798,0.058,19463
1777804200000,0.058,0.05806,0.05792,0.05795,411398
1777805100000,0.05795,0.05795,0.05781,0.05784,87033
1777806000000,0.05784,0.05801,0.05767,0.05799,584918
1777806900000,0.05799,0.05799,0.05786,0.05794,158270
1777807800000,0.05794,0.05832,0.05794,0.05821,365078
1777808700000,0.05821,0.0584,0.05818,0.05818,781722
1777809600000,0.05818,0.05859,0.05816,0.05854,649063
1777810500000,0.05854,0.05861,0.05846,0.0585,339063
1777811400000,0.0585,0.05853,0.05837,0.05842,231781
1777812300000,0.05842,0.05843,0.05824,0.05827,354606
1777813200000,0.05827,0.05831,0.05823,0.05823,30751
1777814100000,0.05823,0.05827,0.05813,0.05813,311614
1777815000000,0.05813,0.05831,0.05808,0.05808,179395
1777815900000,0.05808,0.05819,0.05808,0.0581,233154
1777816800000,0.0581,0.05821,0.0581,0.05816,38306
1777817700000,0.05816,0.05825,0.05813,0.05821,127951
1777818600000,0.05821,0.05821,0.05816,0.05817,4951
1777819500000,0.05817,0.05833,0.05815,0.05826,102338
1777820400000,0.05826,0.0584,0.05826,0.05838,127131
1777821300000,0.05838,0.05839,0.05833,0.05838,33222
1777822200000,0.05838,0.05842,0.05822,0.05823,59331
1777823100000,0.05823,0.05826,0.05819,0.05821,14420
1777824000000,0.05821,0.0583,0.05807,0.0581,110269
1777824900000,0.0581,0.05815,0.05806,0.05811,18550
1777825800000,0.05811,0.05835,0.05811,0.05829,95415
1777826700000,0.05829,0.05834,0.05827,0.05827,19574
1777827600000,0.05827,0.05829,0.05803,0.05829,55816
1777828500000,0.05829,0.0585,0.05829,0.05849,75697
1777829400000,0.05849,0.05851,0.05836,0.05836,133731
1777830300000,0.05836,0.05838,0.05829,0.05832,102485
1777831200000,0.05832,0.05834,0.05825,0.05826,103702
1777832100000,0.05826,0.05833,0.05823,0.05832,23567
1777833000000,0.05832,0.05832,0.05821,0.05824,140776
1777833900000,0.05824,0.05841,0.05823,0.05831,150132
1777834800000,0.05831,0.05835,0.05822,0.05823,230544
1777835700000,0.05823,0.05825,0.0582,0.05823,42040
1777836600000,0.05823,0.0585,0.05823,0.0585,73309
1777837500000,0.0585,0.05851,0.05838,0.05838,39083
1777838400000,0.05838,0.05853,0.05838,0.05848,34812
1777839300000,0.05848,0.05868,0.05842,0.05856,150640
1777840200000,0.05856,0.05883,0.05856,0.05856,399322
1777841100000,0.05856,0.05856,0.0584,0.05846,148874
1777842000000,0.05846,0.05867,0.05838,0.05867,187739
1777842900000,0.05867,0.05867,0.05841,0.05842,50197
1777843800000,0.05842,0.05854,0.05813,0.05818,139602
1777844700000,0.05818,0.0583,0.05813,0.0583,479065
1777845600000,0.0583,0.0589,0.0583,0.05883,472753
1777846500000,0.05883,0.05901,0.05859,0.05871,563465
1777847400000,0.05871,0.05893,0.05871,0.05893,160970
1777848300000,0.05893,0.05896,0.05881,0.05892,174276
1777849200000,0.05892,0.05899,0.05881,0.05889,335820
1777850100000,0.05889,0.05891,0.0586,0.05866,572150
1777851000000,0.05866,0.05871,0.05858,0.0586,117826
1777851900000,0.0586,0.0586,0.05851,0.05856,109555
1777852800000,0.05856,0.05856,0.05824,0.05827,335800
1777853700000,0.05827,0.0584,0.05812,0.05826,447273
1777854600000,0.05826,0.05843,0.05823,0.05834,130617
1777855500000,0.05834,0.05891,0.05834,0.05891,144713
1777856400000,0.05891,0.05892,0.05862,0.05869,149744
1777857300000,0.05869,0.05871,0.05847,0.05859,368302
1777858200000,0.05859,0.05914,0.05859,0.05892,743597
1777859100000,0.05892,0.05969,0.05889,0.05961,2186299
1777860000000,0.05961,0.06003,0.05961,0.0599,1403889
1777860900000,0.0599,0.06005,0.05977,0.05993,806352
1777861800000,0.05993,0.06014,0.05993,0.06007,800306
1777862700000,0.06007,0.06021,0.05995,0.06017,909124
1777863600000,0.06017,0.0602,0.05988,0.05998,414234
1777864500000,0.05998,0.06005,0.05972,0.05973,1083339
1777865400000,0.05973,0.05981,0.05961,0.05968,231844
1777866300000,0.05968,0.05986,0.05965,0.05982,302226
1777867200000,0.05982,0.06013,0.05982,0.06007,459893
1777868100000,0.06007,0.06037,0.06007,0.0603,248286
1777869000000,0.0603,0.06033,0.06017,0.06017,156108
1777869900000,0.06017,0.06019,0.06001,0.06006,127939
1777870800000,0.06006,0.06009,0.05979,0.05989,351909
1777871700000,0.05989,0.05989,0.05962,0.05963,193667
1777872600000,0.05963,0.05997,0.05962,0.05993,434169
1777873500000,0.05993,0.06012,0.05993,0.06012,101455
1777874400000,0.06012,0.06012,0.05986,0.05997,378036
1777875300000,0.05997,0.05997,0.05948,0.05961,1359776
1777876200000,0.05961,0.05974,0.05959,0.05969,488067
1777877100000,0.05969,0.05999,0.05968,0.05982,97007
1777878000000,0.05982,0.05982,0.05963,0.05972,115016
1777878900000,0.05972,0.05972,0.05945,0.05945,112215
1777879800000,0.05945,0.05949,0.05937,0.05943,302968
1777880700000,0.05943,0.05954,0.05941,0.05941,44170
1777881600000,0.05941,0.05949,0.0592,0.05949,409832
1777882500000,0.05949,0.0595,0.05934,0.05935,77803
1777883400000,0.05935,0.05952,0.05935,0.05941,737617
1777884300000,0.05941,0.05953,0.0594,0.0594,167897
1777885200000,0.0594,0.05956,0.0593,0.05954,251284
1777886100000,0.05954,0.05954,0.0593,0.0593,54568
1777887000000,0.0593,0.05979,0.05924,0.05977,53442
1777887900000,0.05977,0.05992,0.05968,0.05987,431723
1777888800000,0.05987,0.05991,0.05827,0.05848,3128405
1777889700000,0.05848,0.05848,0.05805,0.0583,1665510
1777890600000,0.0583,0.05888,0.05827,0.05868,2094270
1777891500000,0.05868,0.05875,0.05849,0.05859,474892
1777892400000,0.05859,0.05873,0.05853,0.05871,489115
1777893300000,0.05871,0.0588,0.05851,0.05854,861433
1777894200000,0.05854,0.05869,0.0585,0.05855,470675
1777895100000,0.05855,0.05875,0.05849,0.05871,475739
1777896000000,0.05871,0.05887,0.05861,0.05887,480251
1777896900000,0.05887,0.05907,0.05879,0.05895,357348
1777897800000,0.05895,0.05898,0.05883,0.05897,73656
1777898700000,0.05897,0.05897,0.05868,0.05868,40847
1777899600000,0.05868,0.05868,0.05837,0.05861,895532
1777900500000,0.05861,0.05883,0.05861,0.0587,189148
1777901400000,0.0587,0.05892,0.0587,0.05878,150448
1777902300000,0.05878,0.05893,0.0587,0.05874,293938
1777903200000,0.05874,0.05894,0.05843,0.0589,751607
1777904100000,0.0589,0.05923,0.05889,0.05912,230556
1777905000000,0.05912,0.05936,0.05907,0.05924,189708
1777905900000,0.05924,0.05978,0.0592,0.05965,763849
1777906800000,0.05965,0.05972,0.05947,0.05948,335078
1777907700000,0.05948,0.0597,0.05914,0.05933,1057450
1777908600000,0.05933,0.05939,0.05905,0.05919,288603
1777909500000,0.05919,0.05925,0.05878,0.05912,1215031
1777910400000,0.05912,0.05921,0.05879,0.05888,865969
1777911300000,0.05888,0.05934,0.05883,0.05912,319735
1777912200000,0.05912,0.05912,0.059,0.05909,406453
1777913100000,0.05909,0.05909,0.05887,0.05889,300613
1777914000000,0.05889,0.05923,0.05889,0.05914,117016
1777914900000,0.05914,0.05926,0.05911,0.05923,193417
1777915800000,0.05923,0.05926,0.05907,0.05926,114170
1777916700000,0.05926,0.05958,0.05916,0.05941,265475
1777917600000,0.05941,0.05952,0.05937,0.05943,162227
1777918500000,0.05943,0.05943,0.05905,0.05912,90660
1777919400000,0.05912,0.05925,0.0591,0.05917,181382
1777920300000,0.05917,0.05931,0.05916,0.05929,103359
1777921200000,0.05929,0.05936,0.05912,0.05914,1158029
1777922100000,0.05914,0.05917,0.05899,0.05903,9560
1777923000000,0.05903,0.05903,0.05875,0.05883,787819
1777923900000,0.05883,0.05894,0.05871,0.05885,464413
1777924800000,0.05885,0.05885,0.05869,0.05874,66667
1777925700000,0.05874,0.05879,0.05858,0.05871,149028
1777926600000,0.05871,0.05874,0.05849,0.05856,131261
1777927500000,0.05856,0.05865,0.05852,0.05858,566952
1777928400000,0.05858,0.05858,0.0583,0.0585,566469
1777929300000,0.0585,0.05879,0.05847,0.05875,43701
1777930200000,0.05875,0.05879,0.05873,0.05876,46031
1777931100000,0.05876,0.05901,0.05876,0.0589,134253
1777932000000,0.0589,0.05908,0.0589,0.05897,61382
1777932900000,0.05897,0.05907,0.05875,0.05882,460346
1777933800000,0.05882,0.05882,0.05868,0.05868,374509
1777934700000,0.05868,0.05874,0.05859,0.05859,409196
1777935600000,0.05859,0.05859,0.05846,0.05846,32784
1777936500000,0.05846,0.0586,0.05846,0.05856,144631
1777937400000,0.05856,0.05856,0.05831,0.05836,736360
1777938300000,0.05836,0.05852,0.05836,0.05852,42435
1777939200000,0.05852,0.05859,0.05846,0.05851,51408
1777940100000,0.05851,0.05851,0.05838,0.05838,20423
1777941000000,0.05838,0.0586,0.05838,0.0586,45313
1777941900000,0.0586,0.05864,0.05854,0.05864,38127
1777942800000,0.05864,0.0588,0.05854,0.05875,72811
1777943700000,0.05875,0.0588,0.05858,0.05867,348031
1777944600000,0.05867,0.05887,0.05858,0.0588,92156
1777945500000,0.0588,0.05897,0.0588,0.05889,329724
1777946400000,0.05889,0.0591,0.05885,0.05902,107768
1777947300000,0.05902,0.0592,0.05901,0.05909,157394
1777948200000,0.05909,0.05918,0.05899,0.05902,198302
1777949100000,0.05902,0.05907,0.05882,0.05893,157806
1777950000000,0.05893,0.05898,0.05882,0.05892,25008
1777950900000,0.05892,0.05923,0.05892,0.05923,249734
1777951800000,0.05923,0.05946,0.0592,0.05934,189325
1777952700000,0.05934,0.05939,0.05928,0.05936,36646
1777953600000,0.05936,0.05939,0.05919,0.05928,135108
1777954500000,0.05928,0.05935,0.05922,0.05924,64426
1777955400000,0.05924,0.05924,0.05904,0.05912,124862
1777956300000,0.05912,0.05923,0.059,0.059,40997
1777957200000,0.059,0.05924,0.05898,0.05917,70910
1777958100000,0.05917,0.0593,0.05913,0.05924,279139
1777959000000,0.05924,0.05947,0.05917,0.0592,222884
1777959900000,0.0592,0.0594,0.05912,0.05932,278364
1777960800000,0.05932,0.05947,0.05925,0.05947,246249
1777961700000,0.05947,0.05947,0.05907,0.05913,462922
1777962600000,0.05913,0.05913,0.05905,0.05906,65183
1777963500000,0.05906,0.05936,0.05903,0.05936,58695
1777964400000,0.05936,0.0595,0.05932,0.05942,467418
1777965300000,0.05942,0.0596,0.05939,0.05959,310860
1777966200000,0.05959,0.05972,0.05956,0.05966,278551
1777967100000,0.05966,0.05969,0.05936,0.05944,886297
1777968000000,0.05944,0.0596,0.05942,0.05948,1710060
1777968900000,0.05948,0.0595,0.05933,0.05946,776788
1777969800000,0.05946,0.0596,0.0594,0.0594,484230
1777970700000,0.0594,0.0596,0.05936,0.0596,403523
1777971600000,0.0596,0.0596,0.05946,0.05947,277667
1777972500000,0.05947,0.05966,0.05947,0.05966,199532
1777973400000,0.05966,0.05972,0.05945,0.05947,310683
1777974300000,0.05947,0.0596,0.05941,0.05947,408747
1777975200000,0.05947,0.05972,0.05945,0.05963,642761
1777976100000,0.05963,0.05985,0.05963,0.05975,163055
1777977000000,0.05975,0.06005,0.05975,0.05997,345524
1777977900000,0.05997,0.06006,0.05991,0.06006,149089
1777978800000,0.06006,0.06008,0.05984,0.05987,698538
1777979700000,0.05987,0.05999,0.05962,0.05999,65747
1777980600000,0.05999,0.05999,0.05974,0.05989,705658
1777981500000,0.05989,0.05991,0.05957,0.05972,218718
1777982400000,0.05972,0.05995,0.05965,0.05983,164453
1777983300000,0.05983,0.05995,0.05973,0.05991,327566
1777984200000,0.05991,0.06002,0.05991,0.05994,660420
1777985100000,0.05994,0.05997,0.05989,0.05997,489890
1777986000000,0.05997,0.06015,0.05996,0.06013,436495
1777986900000,0.06013,0.06014,0.0597,0.05978,502641
1777987800000,0.05978,0.0598,0.05953,0.05962,530543
1777988700000,0.05962,0.05996,0.05962,0.05984,413010
1777989600000,0.05984,0.06,0.0597,0.0597,1207277
1777990500000,0.0597,0.05983,0.05941,0.05978,913527
1777991400000,0.05978,0.05978,0.05923,0.05944,539854
1777992300000,0.05944,0.05949,0.05928,0.05948,239240
1777993200000,0.05948,0.05972,0.0594,0.05958,149628
1777994100000,0.05958,0.05969,0.05944,0.05944,1424045
1777995000000,0.05944,0.05962,0.05944,0.05958,201268
1777995900000,0.05958,0.05972,0.05955,0.05955,41049
1777996800000,0.05955,0.05965,0.05953,0.0596,220660
1777997700000,0.0596,0.05963,0.05936,0.05942,112042
1777998600000,0.05942,0.05942,0.05898,0.059,707388
1777999500000,0.059,0.05916,0.059,0.05915,425669
1778000400000,0.05915,0.05916,0.05894,0.05902,227383
1778001300000,0.05902,0.05925,0.05901,0.05915,481280
1778002200000,0.05915,0.05915,0.05898,0.05902,30923
1778003100000,0.05902,0.05911,0.05901,0.05911,18653
1778004000000,0.05911,0.05926,0.05911,0.05924,650723
1778004900000,0.05924,0.05924,0.05913,0.05915,131326
1778005800000,0.05915,0.05916,0.05911,0.05914,145883
1778006700000,0.05914,0.05932,0.05914,0.05921,89573
1778007600000,0.05921,0.05926,0.05909,0.05909,97032
1778008500000,0.05909,0.0593,0.05904,0.0593,182619
1778009400000,0.0593,0.05941,0.05925,0.05939,340710
1778010300000,0.05939,0.05946,0.05931,0.05946,214741
1778011200000,0.05946,0.05984,0.05946,0.05979,601762
1778012100000,0.05979,0.06002,0.05968,0.05983,638944
1778013000000,0.05983,0.0601,0.05983,0.06001,1251423
1778013900000,0.06001,0.06013,0.05993,0.05999,195029
1778014800000,0.05999,0.06019,0.05992,0.06001,608616
1778015700000,0.06001,0.0601,0.05984,0.05984,276760
1778016600000,0.05984,0.0599,0.05964,0.0598,1811744
1778017500000,0.0598,0.05995,0.05973,0.05975,317257
1778018400000,0.05975,0.05991,0.05966,0.05967,162233
1778019300000,0.05967,0.05981,0.05961,0.05972,307231
1778020200000,0.05972,0.05972,0.0592,0.05938,998200
1778021100000,0.05938,0.05966,0.05929,0.05946,2283232
1778022000000,0.05946,0.05966,0.05935,0.05966,576466
1778022900000,0.05966,0.05977,0.0594,0.0594,282380
1778023800000,0.0594,0.05944,0.05921,0.05941,483533
1778024700000,0.05941,0.05958,0.05939,0.05957,240963
1778025600000,0.05957,0.0598,0.05956,0.05974,622331
1778026500000,0.05974,0.05981,0.05936,0.05942,433778
1778027400000,0.05942,0.05953,0.05938,0.05938,114867
1778028300000,0.05938,0.05968,0.05925,0.05961,669817
1778029200000,0.05961,0.05981,0.05953,0.05975,272451
1778030100000,0.05975,0.06004,0.05975,0.05987,305715
1778031000000,0.05987,0.06014,0.05987,0.06014,132471
1778031900000,0.06014,0.06044,0.06013,0.06027,689405
1778032800000,0.06027,0.06056,0.06027,0.06036,903574
1778033700000,0.06036,0.06036,0.05983,0.0599,320805
1778034600000,0.0599,0.05995,0.05979,0.05985,160665
1778035500000,0.05985,0.06012,0.05985,0.06006,133672
1778036400000,0.06006,0.0603,0.06,0.06002,902412
1778037300000,0.06002,0.06042,0.05998,0.06042,234604
1778038200000,0.06042,0.06067,0.06041,0.06051,228746
1778039100000,0.06051,0.06062,0.0604,0.06058,99678
1778040000000,0.06058,0.06067,0.06043,0.06061,246232
1778040900000,0.06061,0.06061,0.06016,0.06016,663060
1778041800000,0.06016,0.0602,0.05997,0.0602,670380
1778042700000,0.0602,0.06037,0.06009,0.06024,861773
1778043600000,0.06024,0.06028,0.0601,0.06016,369018
1778044500000,0.06016,0.06037,0.06002,0.06037,204575
1778045400000,0.06037,0.06041,0.05995,0.06028,447839
1778046300000,0.06028,0.06056,0.06025,0.06055,44232
1778047200000,0.06055,0.06066,0.06029,0.06048,1466129
1778048100000,0.06048,0.06048,0.06029,0.06044,114799
1778049000000,0.06044,0.06063,0.06033,0.0606,235018
1778049900000,0.0606,0.0607,0.06053,0.06067,314647
1778050800000,0.06067,0.06083,0.0606,0.0606,225244
1778051700000,0.0606,0.06092,0.06056,0.06087,429553
1778052600000,0.06087,0.06087,0.06071,0.06085,119243
1778053500000,0.06085,0.06094,0.06076,0.06083,100482
1778054400000,0.06083,0.06104,0.06081,0.06096,407109
1778055300000,0.06096,0.06123,0.06096,0.06118,185919
1778056200000,0.06118,0.06141,0.06117,0.06138,631736
1778057100000,0.06138,0.06172,0.06137,0.0616,1179629
1778058000000,0.0616,0.06173,0.0615,0.0616,647194
1778058900000,0.0616,0.06178,0.0616,0.06165,248353
1778059800000,0.06165,0.062,0.06165,0.06198,1312406
1778060700000,0.06198,0.0621,0.06195,0.06201,772115
1778061600000,0.06201,0.06207,0.06194,0.062,267080
1778062500000,0.062,0.06203,0.06182,0.06183,581957
1778063400000,0.06183,0.0619,0.06177,0.06181,164429
1778064300000,0.06181,0.06198,0.0618,0.06198,409842
1778065200000,0.06198,0.06198,0.06183,0.06187,197069
1778066100000,0.06187,0.06207,0.06181,0.062,259732
1778067000000,0.062,0.06213,0.06187,0.06194,855856
1778067900000,0.06194,0.06199,0.06184,0.06188,438346
1778068800000,0.06188,0.06203,0.0617,0.06173,1394803
1778069700000,0.06173,0.06185,0.06157,0.06183,1048499
1778070600000,0.06183,0.06192,0.0618,0.0619,151376
1778071500000,0.0619,0.06209,0.06183,0.06196,483094
1778072400000,0.06196,0.06197,0.06113,0.06133,1058891
1778073300000,0.06133,0.06149,0.06101,0.06109,651376
1778074200000,0.06109,0.06124,0.06093,0.06103,389057
1778075100000,0.06103,0.06105,0.06052,0.0607,1499916
1778076000000,0.0607,0.0607,0.05986,0.06038,1761130
1778076900000,0.06038,0.0606,0.06023,0.06046,151100
1778077800000,0.06046,0.06079,0.06046,0.06076,311273
1778078700000,0.06076,0.06088,0.06059,0.06059,470384
1778079600000,0.06059,0.06087,0.06054,0.06066,339523
1778080500000,0.06066,0.06105,0.06066,0.06089,365190
1778081400000,0.06089,0.0611,0.06079,0.06108,1054095
1778082300000,0.06108,0.06139,0.06108,0.06132,295347
1778083200000,0.06132,0.06158,0.06116,0.06146,311354
1778084100000,0.06146,0.06156,0.06099,0.06107,1300243
1778085000000,0.06107,0.06152,0.06094,0.06151,887028
1778085900000,0.06151,0.0617,0.06134,0.06137,360674
1778086800000,0.06137,0.06165,0.06137,0.06158,465102
1778087700000,0.06158,0.06161,0.06115,0.06133,435206
1778088600000,0.06133,0.06135,0.06109,0.06118,780741
1778089500000,0.06118,0.06122,0.06094,0.06102,277406
1778090400000,0.06102,0.0612,0.06076,0.06106,440477
1778091300000,0.06106,0.06119,0.06104,0.06105,177573
1778092200000,0.06105,0.06105,0.06079,0.061,231948
1778093100000,0.061,0.06107,0.06087,0.06087,96549
1778094000000,0.06087,0.06109,0.06078,0.06078,178990
1778094900000,0.06078,0.0609,0.06066,0.0608,69614
1778095800000,0.0608,0.06103,0.06075,0.06095,363494
1778096700000,0.06095,0.06128,0.06093,0.06121,96351
1778097600000,0.06121,0.06163,0.06121,0.06163,308938
1778098500000,0.06163,0.06166,0.06138,0.06139,470573
1778099400000,0.06139,0.06143,0.06099,0.06099,306799
1778100300000,0.06099,0.06112,0.06087,0.06112,72418
1778101200000,0.06112,0.06125,0.06094,0.06102,577442
1778102100000,0.06102,0.06138,0.06102,0.06138,82059
1778103000000,0.06138,0.06183,0.06138,0.06172,264830
1778103900000,0.06172,0.06189,0.06164,0.06178,1408314
1778104800000,0.06178,0.06178,0.06144,0.06149,231424
1778105700000,0.06149,0.06149,0.06115,0.06115,102604
1778106600000,0.06115,0.06141,0.06115,0.06141,190287
1778107500000,0.06141,0.06143,0.06129,0.06136,48391
1778108400000,0.06136,0.06136,0.06085,0.06119,810328
1778109300000,0.06119,0.06141,0.06112,0.06137,234408
1778110200000,0.06137,0.0616,0.06137,0.0615,288684
1778111100000,0.0615,0.06156,0.06144,0.06147,1481060
1778112000000,0.06147,0.06162,0.06136,0.06146,1454830
1778112900000,0.06146,0.06166,0.06107,0.06107,533516
1778113800000,0.06107,0.06114,0.06072,0.06085,588137
1778114700000,0.06085,0.06106,0.06079,0.0609,705562
1778115600000,0.0609,0.06091,0.05962,0.06034,2675934
1778116500000,0.06034,0.06047,0.06002,0.06045,1351019
1778117400000,0.06045,0.06051,0.06011,0.06023,836361
1778118300000,0.06023,0.06029,0.06014,0.06023,385881
1778119200000,0.06023,0.06026,0.05988,0.05994,401168
1778120100000,0.05994,0.05996,0.05982,0.05985,269030
1778121000000,0.05985,0.05997,0.05975,0.05989,759338
1778121900000,0.05989,0.06014,0.05987,0.06009,391535
1778122800000,0.06009,0.06029,0.06009,0.06024,155986
1778123700000,0.06024,0.06031,0.06002,0.06012,949185
1778124600000,0.06012,0.06019,0.06001,0.06019,271441
1778125500000,0.06019,0.0603,0.06002,0.06002,618990
1778126400000,0.06002,0.06033,0.05992,0.06028,2151011
1778127300000,0.06028,0.0605,0.06028,0.06043,1441825
1778128200000,0.06043,0.06066,0.06034,0.06042,1175167
1778129100000,0.06042,0.06072,0.0604,0.06072,390593
1778130000000,0.06072,0.06114,0.06072,0.06102,849469
1778130900000,0.06102,0.06105,0.06083,0.06097,503800
1778131800000,0.06097,0.06112,0.06097,0.06112,235694
1778132700000,0.06112,0.06122,0.06098,0.06122,1079367
1778133600000,0.06122,0.06122,0.06062,0.06062,1166615
1778134500000,0.06062,0.06077,0.06061,0.06077,294304
1778135400000,0.06077,0.06134,0.06077,0.06128,387032
1778136300000,0.06128,0.06153,0.06116,0.06153,282002
1778137200000,0.06153,0.06168,0.0614,0.06168,1284680
1778138100000,0.06168,0.06188,0.06166,0.06169,1463437
1778139000000,0.06169,0.06189,0.06162,0.06182,232876
1778139900000,0.06182,0.0619,0.06169,0.06188,332371
1778140800000,0.06188,0.0619,0.06171,0.06179,468134
1778141700000,0.06179,0.06184,0.06151,0.06176,948962
1778142600000,0.06176,0.06186,0.06159,0.06172,347239
1778143500000,0.06172,0.06194,0.06161,0.06161,1153486
1778144400000,0.06161,0.0617,0.06134,0.06165,1618011
1778145300000,0.06165,0.06167,0.06128,0.06134,1290190
1778146200000,0.06134,0.06142,0.06111,0.06115,1139159
1778147100000,0.06115,0.06122,0.06102,0.06103,168370
1778148000000,0.06103,0.06119,0.06081,0.06091,415933
1778148900000,0.06091,0.06103,0.06054,0.0606,462863
1778149800000,0.0606,0.06109,0.0606,0.06109,288460
1778150700000,0.06109,0.06115,0.06095,0.06099,717709
1778151600000,0.06099,0.06135,0.06092,0.06126,426010
1778152500000,0.06126,0.06137,0.06114,0.06119,56886
1778153400000,0.06119,0.06137,0.06116,0.06131,83511
1778154300000,0.06131,0.06131,0.06101,0.06127,111952
1778155200000,0.06127,0.06168,0.06123,0.06162,149261
1778156100000,0.06162,0.06174,0.06158,0.06162,509690
1778157000000,0.06162,0.06195,0.0616,0.06191,806182
1778157900000,0.06191,0.06214,0.06167,0.06214,1279257
1778158800000,0.06214,0.0622,0.06182,0.06182,861365
1778159700000,0.06182,0.06213,0.06175,0.0618,1485246
1778160600000,0.0618,0.06181,0.06122,0.06122,1402892
1778161500000,0.06122,0.06133,0.06088,0.06114,1612677
1778162400000,0.06114,0.06129,0.06086,0.06125,886195
1778163300000,0.06125,0.0613,0.06083,0.06089,2193027
1778164200000,0.06089,0.0609,0.06012,0.06038,3026396
1778165100000,0.06038,0.06066,0.06029,0.06045,352639
1778166000000,0.06045,0.06063,0.06031,0.06049,173110
1778166900000,0.06049,0.06066,0.05985,0.06,907261
1778167800000,0.06,0.06053,0.06,0.0604,977017
1778168700000,0.0604,0.06046,0.06014,0.06015,898509
1778169600000,0.06015,0.06034,0.0601,0.06023,702303
1778170500000,0.06023,0.06072,0.06002,0.06069,567482
1778171400000,0.06069,0.06072,0.06039,0.0606,220932
1778172300000,0.0606,0.06071,0.06035,0.06046,55248
1778173200000,0.06046,0.06071,0.06042,0.0607,514717
1778174100000,0.0607,0.06081,0.06008,0.06023,1130779
1778175000000,0.06023,0.06042,0.06013,0.06039,341451
1778175900000,0.06039,0.06072,0.06025,0.06072,1117560
1778176800000,0.06072,0.06088,0.06071,0.06079,820581
1778177700000,0.06079,0.06094,0.06079,0.06093,436919
1778178600000,0.06093,0.06122,0.06078,0.06078,1547858
1778179500000,0.06078,0.0609,0.06054,0.0607,687815
1778180400000,0.0607,0.06078,0.0605,0.06074,241610
1778181300000,0.06074,0.06079,0.06043,0.0605,320010
1778182200000,0.0605,0.06104,0.0605,0.06086,239256
1778183100000,0.06086,0.06104,0.0606,0.06062,1145635
1778184000000,0.06062,0.06114,0.06062,0.0609,1146107
1778184900000,0.0609,0.06096,0.06078,0.06095,217565
1778185800000,0.06095,0.06095,0.06047,0.06059,858750
1778186700000,0.06059,0.06066,0.06036,0.06037,83502
1778187600000,0.06037,0.06038,0.06005,0.06024,618517
1778188500000,0.06024,0.06048,0.06011,0.06043,653180
1778189400000,0.06043,0.06063,0.06043,0.06052,182738
1778190300000,0.06052,0.06053,0.06025,0.06026,174910
1778191200000,0.06026,0.06032,0.06002,0.0603,335704
1778192100000,0.0603,0.0605,0.06028,0.06035,304595
1778193000000,0.06035,0.06038,0.06014,0.06018,938626
1778193900000,0.06018,0.0604,0.06018,0.06035,183947
1778194800000,0.06035,0.06055,0.0603,0.06048,154026
1778195700000,0.06048,0.06064,0.06041,0.0605,202665
1778196600000,0.0605,0.06072,0.06049,0.06072,260606
1778197500000,0.06072,0.06075,0.06069,0.0607,49444
1778198400000,0.0607,0.06091,0.06066,0.06085,348537
1778199300000,0.06085,0.06099,0.06075,0.06076,497082
1778200200000,0.06076,0.06083,0.06059,0.06059,53155
1778201100000,0.06059,0.06068,0.06039,0.06068,150287
1778202000000,0.06068,0.06075,0.06036,0.0604,221687
1778202900000,0.0604,0.06056,0.06027,0.06048,188323
1778203800000,0.06048,0.0606,0.06045,0.06055,224998
1778204700000,0.06055,0.06071,0.06049,0.06061,865327
1778205600000,0.06061,0.06061,0.0602,0.06036,1093420
1778206500000,0.06036,0.06044,0.05999,0.06044,440915
1778207400000,0.06044,0.06072,0.0604,0.06064,705646
1778208300000,0.06064,0.06095,0.06064,0.06068,631137
1778209200000,0.06068,0.06069,0.0602,0.06062,433513
1778210100000,0.06062,0.06105,0.06062,0.06096,971706
1778211000000,0.06096,0.06115,0.06096,0.06114,1051376
1778211900000,0.06114,0.06119,0.06097,0.06097,279119
1778212800000,0.06097,0.06124,0.06095,0.0612,450832
1778213700000,0.0612,0.06142,0.06112,0.06142,610524
1778214600000,0.06142,0.06144,0.06103,0.0611,244306
1778215500000,0.0611,0.06132,0.06104,0.06131,528344
1778216400000,0.06131,0.06157,0.06131,0.06151,420708
1778217300000,0.06151,0.06164,0.06135,0.06141,655715
1778218200000,0.06141,0.0616,0.06138,0.0616,240629
1778219100000,0.0616,0.06161,0.06131,0.06131,333622
1778220000000,0.06131,0.06134,0.06084,0.06109,2179084
1778220900000,0.06109,0.06135,0.06104,0.06105,286139
1778221800000,0.06105,0.06123,0.0608,0.06118,439346
1778222700000,0.06118,0.06118,0.06092,0.06107,107698
1778223600000,0.06107,0.06107,0.0607,0.0607,651547
1778224500000,0.0607,0.06101,0.0607,0.06083,241640
1778225400000,0.06083,0.06136,0.06083,0.06131,263204
1778226300000,0.06131,0.06161,0.06131,0.06159,228676
1778227200000,0.06159,0.06193,0.06156,0.06193,516638
1778228100000,0.06193,0.06201,0.06165,0.06178,637186
1778229000000,0.06178,0.06204,0.0617,0.06203,817406
1778229900000,0.06203,0.06226,0.06186,0.06186,581741
1778230800000,0.06186,0.06225,0.06167,0.06225,800506
1778231700000,0.06225,0.06261,0.06221,0.06229,1688669
1778232600000,0.06229,0.06234,0.06203,0.06205,909864
1778233500000,0.06205,0.06222,0.06185,0.06217,266776
1778234400000,0.06217,0.06246,0.062,0.06212,505962
1778235300000,0.06212,0.0623,0.06207,0.06225,362914
1778236200000,0.06225,0.06259,0.06225,0.06252,256218
1778237100000,0.06252,0.06254,0.06225,0.06225,389289
1778238000000,0.06225,0.06239,0.06209,0.06218,199344
1778238900000,0.06218,0.06243,0.06209,0.06218,639385
1778239800000,0.06218,0.06243,0.06217,0.06225,1001006
1778240700000,0.06225,0.06253,0.06222,0.06235,367701
1778241600000,0.06235,0.06249,0.06211,0.06224,297708
1778242500000,0.06224,0.06227,0.06214,0.06215,106515
1778243400000,0.06215,0.06233,0.06185,0.06198,820898
1778244300000,0.06198,0.06208,0.06177,0.06192,662071
1778245200000,0.06192,0.06201,0.06141,0.06151,613323
1778246100000,0.06151,0.06168,0.0613,0.06132,370835
1778247000000,0.06132,0.06146,0.061,0.06118,2762355
1778247900000,0.06118,0.06155,0.06118,0.06151,254573
1778248800000,0.06151,0.06191,0.06149,0.06178,480363
1778249700000,0.06178,0.06232,0.06178,0.06218,527091
1778250600000,0.06218,0.06271,0.06179,0.06266,966690
1778251500000,0.06266,0.06278,0.06248,0.06254,628180
1778252400000,0.06254,0.06266,0.0623,0.06241,432573
1778253300000,0.06241,0.06243,0.06188,0.06204,881634
1778254200000,0.06204,0.06265,0.06202,0.06259,473478
1778255100000,0.06259,0.06311,0.06257,0.06304,351293
1778256000000,0.06304,0.06345,0.06304,0.06345,1096329
1778256900000,0.06345,0.064,0.06336,0.06375,1441974
1778257800000,0.06375,0.06414,0.06368,0.06408,1238440
1778258700000,0.06408,0.06415,0.06389,0.06401,749692
1778259600000,0.06401,0.06429,0.06367,0.06375,508189
1778260500000,0.06375,0.06405,0.06374,0.06396,351480
1778261400000,0.06396,0.06437,0.06395,0.06405,1246718
1778262300000,0.06405,0.06442,0.06391,0.06394,1599409
1778263200000,0.06394,0.06469,0.06394,0.06459,2362364
1778264100000,0.06459,0.06502,0.06454,0.06482,2773460
1778265000000,0.06482,0.06484,0.06464,0.06467,1598085
1778265900000,0.06467,0.06478,0.06442,0.06442,348602
1778266800000,0.06442,0.06458,0.06415,0.06458,496079
1778267700000,0.06458,0.06476,0.06439,0.06446,414315
1778268600000,0.06446,0.06471,0.06432,0.06433,442255
1778269500000,0.06433,0.06444,0.0642,0.06444,517240
1778270400000,0.06444,0.06475,0.06444,0.06463,521856
1778271300000,0.06463,0.06495,0.06452,0.06488,635568
1778272200000,0.06488,0.06489,0.06467,0.06481,144149
1778273100000,0.06481,0.06491,0.0646,0.06483,503597
1778274000000,0.06483,0.06515,0.06475,0.06486,1144250
1778274900000,0.06486,0.06524,0.06486,0.06512,305362
1778275800000,0.06512,0.06541,0.06512,0.0654,518937
1778276700000,0.0654,0.06578,0.0654,0.0657,821009
1778277600000,0.0657,0.06607,0.06564,0.06607,571626
1778278500000,0.06607,0.06615,0.06565,0.06593,493032
1778279400000,0.06593,0.06614,0.06574,0.06594,347044
1778280300000,0.06594,0.06601,0.06551,0.06553,765833
1778281200000,0.06553,0.06556,0.06531,0.06539,442028
1778282100000,0.06539,0.06553,0.06523,0.06543,335309
1778283000000,0.06543,0.06543,0.0649,0.065,815409
1778283900000,0.065,0.06539,0.065,0.06539,351111
1778284800000,0.06539,0.06568,0.06524,0.06541,854727
1778285700000,0.06541,0.06677,0.06541,0.0666,3601855
1778286600000,0.0666,0.06714,0.06648,0.06695,1832659
1778287500000,0.06695,0.06749,0.06656,0.067,4282460
1778288400000,0.067,0.06751,0.06671,0.06749,3913636
1778289300000,0.06749,0.0675,0.06686,0.067,1199509
1778290200000,0.067,0.06787,0.067,0.06784,1262129
1778291100000,0.06784,0.06816,0.06776,0.0678,1875383
1778292000000,0.0678,0.06839,0.06772,0.06825,1723250
1778292900000,0.06825,0.0684,0.0681,0.06837,626184
1778293800000,0.06837,0.06856,0.06819,0.06825,958039
1778294700000,0.06825,0.06848,0.06796,0.06833,2801518
1778295600000,0.06833,0.06863,0.06805,0.06853,1597033
1778296500000,0.06853,0.06859,0.06798,0.06799,1529852
1778297400000,0.06799,0.06821,0.06789,0.06808,1233582
1778298300000,0.06808,0.06864,0.06801,0.06855,512823
1778299200000,0.06855,0.06908,0.06851,0.0689,1388989
1778300100000,0.0689,0.06932,0.06874,0.06882,1716769
1778301000000,0.06882,0.06896,0.06814,0.06818,2925339
1778301900000,0.06818,0.06829,0.06784,0.06802,1787927
1778302800000,0.06802,0.0682,0.06791,0.06795,2346888
1778303700000,0.06795,0.06823,0.06795,0.0681,665353
1778304600000,0.0681,0.06831,0.06798,0.06817,412443
1778305500000,0.06817,0.06817,0.06794,0.06799,1418762
1778306400000,0.06799,0.0681,0.06793,0.06805,908598
1778307300000,0.06805,0.06805,0.06713,0.0673,3187601
1778308200000,0.0673,0.06742,0.06667,0.06684,2333128
1778309100000,0.06684,0.06699,0.06675,0.06691,1060510
1778310000000,0.06691,0.06715,0.06678,0.06708,1194801
1778310900000,0.06708,0.06739,0.06699,0.06722,1333297
1778311800000,0.06722,0.06737,0.06718,0.06726,598847
1778312700000,0.06726,0.06733,0.06688,0.06698,1590931
1778313600000,0.06698,0.06761,0.06689,0.06747,2092404
1778314500000,0.06747,0.06747,0.06722,0.06731,298786
1778315400000,0.06731,0.06771,0.06731,0.0677,718493
1778316300000,0.0677,0.06778,0.06756,0.06756,1022083
1778317200000,0.06756,0.06764,0.0672,0.06727,1020304
1778318100000,0.06727,0.06727,0.06641,0.06648,2812137
1778319000000,0.06648,0.06657,0.06635,0.06643,566023
1778319900000,0.06643,0.06652,0.06632,0.06635,792261
1778320800000,0.06635,0.06641,0.06616,0.06626,890248
1778321700000,0.06626,0.06633,0.06611,0.06625,574717
1778322600000,0.06625,0.06649,0.06617,0.06634,263133
1778323500000,0.06634,0.0665,0.0663,0.0665,210630
1778324400000,0.0665,0.06675,0.0665,0.06667,279142
1778325300000,0.06667,0.06684,0.0666,0.06675,118188
1778326200000,0.06675,0.0669,0.06675,0.06684,447124
1778327100000,0.06684,0.06692,0.0667,0.06682,247694
1778328000000,0.06682,0.06692,0.06674,0.06682,512046
1778328900000,0.06682,0.06706,0.06663,0.067,2107691
1778329800000,0.067,0.06707,0.06649,0.06657,1651619
1778330700000,0.06657,0.06687,0.06657,0.06681,972577
1778331600000,0.06681,0.06685,0.06658,0.06685,919336
1778332500000,0.06685,0.06692,0.06643,0.06662,471297
1778333400000,0.06662,0.06691,0.06652,0.0666,902150
1778334300000,0.0666,0.06689,0.0666,0.06684,542938
1778335200000,0.06684,0.06691,0.06671,0.06686,197154
1778336100000,0.06686,0.0669,0.06641,0.0665,495031
1778337000000,0.0665,0.06666,0.06626,0.06665,581955
1778337900000,0.06665,0.06712,0.06662,0.06702,1629351
1778338800000,0.06702,0.06731,0.06691,0.0672,2108769
1778339700000,0.0672,0.06769,0.06706,0.06755,2659827
1778340600000,0.06755,0.06797,0.06755,0.06783,1143328
1778341500000,0.06783,0.06799,0.06778,0.06798,479652
1778342400000,0.06798,0.06803,0.06757,0.06794,2354118
1778343300000,0.06794,0.06842,0.06778,0.06778,2366665
1778344200000,0.06778,0.06792,0.06772,0.06785,886449
1778345100000,0.06785,0.06842,0.06784,0.06834,288015
1778346000000,0.06834,0.0688,0.06834,0.06871,1223339
1778346900000,0.06871,0.06972,0.06871,0.06959,1964836
1778347800000,0.06959,0.07002,0.06942,0.06977,1934089
1778348700000,0.06977,0.06977,0.06903,0.06914,1299062
1778349600000,0.06914,0.06924,0.06885,0.06905,452869
1778350500000,0.06905,0.06938,0.06886,0.06899,1137689
1778351400000,0.06899,0.06911,0.06863,0.0687,894984
1778352300000,0.0687,0.0687,0.06845,0.06859,640229
1778353200000,0.06859,0.06863,0.0684,0.0684,313445
1778354100000,0.0684,0.06843,0.06825,0.06837,1222738
1778355000000,0.06837,0.06864,0.06836,0.06863,610717
1778355900000,0.06863,0.0688,0.0685,0.06853,174930
1778356800000,0.06853,0.06893,0.06853,0.06886,1224219
1778357700000,0.06886,0.06895,0.06861,0.06872,297272
1778358600000,0.06872,0.06875,0.06836,0.06859,596275
1778359500000,0.06859,0.06893,0.06849,0.06885,389698
1778360400000,0.06885,0.06923,0.06879,0.06908,299368
1778361300000,0.06908,0.06924,0.06894,0.06902,201949
1778362200000,0.06902,0.0693,0.06895,0.06919,221887
1778363100000,0.06919,0.06939,0.06912,0.06912,283091
1778364000000,0.06912,0.06957,0.06907,0.06957,782198
1778364900000,0.06957,0.07002,0.06956,0.06987,644607
1778365800000,0.06987,0.07044,0.0697,0.0704,829289
1778366700000,0.0704,0.07053,0.07026,0.07053,835734
1778367600000,0.07053,0.0712,0.07052,0.07099,3495984
1778368500000,0.07099,0.07111,0.07043,0.0707,938849
1778369400000,0.0707,0.07089,0.07014,0.07017,1586058
1778370300000,0.07017,0.07069,0.07001,0.07042,1338783
1778371200000,0.07042,0.07049,0.06962,0.0697,2768487
1778372100000,0.0697,0.07026,0.0695,0.06966,1028509
1778373000000,0.06966,0.07039,0.06952,0.06975,1156096
1778373900000,0.06975,0.06978,0.06915,0.06923,767261
1778374800000,0.06923,0.06924,0.06858,0.06874,2297719
1778375700000,0.06874,0.06901,0.06827,0.06859,2507440
1778376600000,0.06859,0.06876,0.0685,0.06862,810441
1778377500000,0.06862,0.06885,0.06833,0.06847,462667
1778378400000,0.06847,0.06881,0.06817,0.06879,716551
1778379300000,0.06879,0.06904,0.0687,0.06894,647023
1778380200000,0.06894,0.06925,0.0688,0.06924,664966
1778381100000,0.06924,0.06934,0.06904,0.06904,1271894
1778382000000,0.06904,0.06946,0.06904,0.06945,1675241
1778382900000,0.06945,0.06949,0.06895,0.06916,803188
1778383800000,0.06916,0.0695,0.06905,0.06923,504671
1778384700000,0.06923,0.06942,0.06904,0.06912,543735
1778385600000,0.06912,0.06922,0.06889,0.06895,478642
1778386500000,0.06895,0.06912,0.06878,0.06895,725785
1778387400000,0.06895,0.06905,0.06873,0.06873,892362
1778388300000,0.06873,0.06878,0.06858,0.0686,589675
1778389200000,0.0686,0.06867,0.06844,0.06864,565408
1778390100000,0.06864,0.06885,0.0686,0.0686,107647
1778391000000,0.0686,0.0687,0.06837,0.06852,353347
1778391900000,0.06852,0.06865,0.06843,0.06857,418422
1778392800000,0.06857,0.06868,0.06838,0.06845,226359
1778393700000,0.06845,0.0685,0.06825,0.06834,70897
1778394600000,0.06834,0.06834,0.06811,0.06815,789511
1778395500000,0.06815,0.06822,0.06804,0.06809,442636
1778396400000,0.06809,0.06819,0.0678,0.06786,1707396
1778397300000,0.06786,0.06835,0.06786,0.06822,1026279
1778398200000,0.06822,0.06837,0.06818,0.06825,216272
1778399100000,0.06825,0.06827,0.06765,0.06787,719179
1778400000000,0.06787,0.06834,0.06774,0.06811,892350
1778400900000,0.06811,0.0684,0.06811,0.06839,714287
1778401800000,0.06839,0.06854,0.06828,0.06831,418850
1778402700000,0.06831,0.06863,0.06828,0.06851,2077879
1778403600000,0.06851,0.06872,0.06828,0.06842,1620895
1778404500000,0.06842,0.06864,0.06837,0.06852,350368
1778405400000,0.06852,0.06853,0.06826,0.06833,301267
1778406300000,0.06833,0.06858,0.06833,0.06836,1144904
1778407200000,0.06836,0.06837,0.06795,0.06806,1127246
1778408100000,0.06806,0.06862,0.06803,0.06846,353942
1778409000000,0.06846,0.06854,0.06832,0.06832,212583
1778409900000,0.06832,0.0688,0.0683,0.06875,1052784
1778410800000,0.06875,0.06926,0.06867,0.06926,1134809
1778411700000,0.06926,0.06926,0.06864,0.06874,1024170
1778412600000,0.06874,0.06877,0.06841,0.06848,1075907
1778413500000,0.06848,0.0687,0.06848,0.06861,754813
1778414400000,0.06861,0.06868,0.06824,0.06837,518702
1778415300000,0.06837,0.06839,0.06822,0.06831,673070
1778416200000,0.06831,0.06833,0.06816,0.06829,649802
1778417100000,0.06829,0.06833,0.06819,0.06822,164779
1778418000000,0.06822,0.06827,0.06793,0.06822,1076666
1778418900000,0.06822,0.06854,0.06819,0.06847,979826
1778419800000,0.06847,0.06878,0.06838,0.06876,614633
1778420700000,0.06876,0.06893,0.06874,0.06878,332811
1778421600000,0.06878,0.06894,0.06859,0.06863,2605871
1778422500000,0.06863,0.06867,0.06847,0.06857,225549
1778423400000,0.06857,0.06875,0.0685,0.06851,158998
1778424300000,0.06851,0.0687,0.06833,0.06855,584870
1778425200000,0.06855,0.069,0.06855,0.06897,625693
1778426100000,0.06897,0.06929,0.06893,0.06928,873475
1778427000000,0.06928,0.07022,0.06928,0.07012,4181217
1778427900000,0.07012,0.0705,0.0701,0.07044,1130876
1778428800000,0.07044,0.07088,0.0701,0.07088,1435816
1778429700000,0.07088,0.07192,0.07066,0.07192,3212006
1778430600000,0.07192,0.07234,0.07167,0.07193,2796662
1778431500000,0.07193,0.07337,0.07186,0.07328,3345718
1778432400000,0.07328,0.07411,0.07303,0.07409,4763601
1778433300000,0.07409,0.07483,0.07382,0.07475,4931318
1778434200000,0.07475,0.07505,0.07345,0.0735,2585705
1778435100000,0.0735,0.07358,0.07281,0.07348,3838958
1778436000000,0.07348,0.07355,0.07293,0.07317,1971969
1778436900000,0.07317,0.07406,0.07298,0.07394,1508418
1778437800000,0.07394,0.07661,0.07394,0.07608,6479051
1778438700000,0.07608,0.07773,0.07606,0.07747,5927232
1778439600000,0.07747,0.07776,0.07611,0.07716,7385230
1778440500000,0.07716,0.07877,0.07709,0.07795,5729003
1778441400000,0.07795,0.0798,0.07754,0.07969,5982860
1778442300000,0.07969,0.07969,0.07691,0.07718,5627760
1778443200000,0.07718,0.07769,0.07659,0.07692,3178393
1778444100000,0.07692,0.0771,0.07614,0.0771,3001681
1778445000000,0.0771,0.0771,0.0757,0.07617,2164151
1778445900000,0.07617,0.07619,0.07473,0.07551,5846042
1778446800000,0.07551,0.07579,0.07456,0.07482,3018314
1778447700000,0.07482,0.07517,0.07428,0.07512,548897
1778448600000,0.07512,0.07617,0.07512,0.07595,1261497
1778449500000,0.07595,0.07667,0.07572,0.07576,1219419
1778450400000,0.07576,0.07635,0.07513,0.07537,3119797
1778451300000,0.07537,0.0765,0.07524,0.07603,3462930
1778452200000,0.07603,0.07651,0.07565,0.07623,2895377
1778453100000,0.07623,0.07685,0.07623,0.07654,3301471
1778454000000,0.07654,0.07687,0.07593,0.07609,2835696
1778454900000,0.07609,0.0764,0.07571,0.07633,1841161
1778455800000,0.07633,0.0766,0.0761,0.0765,1834257
1778456700000,0.0765,0.07653,0.07566,0.07578,2082238
1778457600000,0.07578,0.07607,0.07476,0.07497,1680323
1778458500000,0.07497,0.07506,0.07443,0.07488,2889451
1778459400000,0.07488,0.07577,0.07464,0.07486,1497309
1778460300000,0.07486,0.07486,0.0739,0.07425,3205144
1778461200000,0.07425,0.07435,0.07357,0.07397,2076684
1778462100000,0.07397,0.07484,0.07388,0.07454,1158112
1778463000000,0.07454,0.07505,0.07418,0.0745,966572
1778463900000,0.0745,0.07468,0.0742,0.07448,856370
1778464800000,0.07448,0.07463,0.07368,0.07375,1011660
1778465700000,0.07375,0.07381,0.07333,0.07356,914541
1778466600000,0.07356,0.0736,0.07317,0.07353,649377
1778467500000,0.07353,0.07377,0.07344,0.07344,696755
1778468400000,0.07344,0.07349,0.07283,0.07283,857015
1778469300000,0.07283,0.0734,0.07274,0.07337,1407084
1778470200000,0.07337,0.07362,0.07309,0.07319,1243783
1778471100000,0.07319,0.07366,0.07319,0.07361,1406426
1778472000000,0.07361,0.07363,0.07277,0.07314,2236090
1778472900000,0.07314,0.07348,0.07306,0.0733,1451167
1778473800000,0.0733,0.07409,0.07324,0.07395,1558782
1778474700000,0.07395,0.07423,0.07367,0.07416,1077584
1778475600000,0.07416,0.07478,0.07404,0.07422,3349495
1778476500000,0.07422,0.07577,0.07419,0.07572,4547704
1778477400000,0.07572,0.0759,0.07538,0.07551,2733017
1778478300000,0.07551,0.0762,0.07538,0.076,2344217
1778479200000,0.076,0.07725,0.07592,0.07693,3744941
1778480100000,0.07693,0.07741,0.07624,0.07645,7691774
1778481000000,0.07645,0.0768,0.07506,0.0756,4242108
1778481900000,0.0756,0.07596,0.07519,0.07582,1702430
1778482800000,0.07582,0.07582,0.07478,0.07533,2444051
1778483700000,0.07533,0.07534,0.07469,0.07491,1527078
1778484600000,0.07491,0.07514,0.07455,0.07481,1484284
1778485500000,0.07481,0.07495,0.07451,0.07481,1226386
1778486400000,0.07481,0.07521,0.07452,0.07478,1635065
1778487300000,0.07478,0.07501,0.0741,0.0741,2034422
1778488200000,0.0741,0.07571,0.07404,0.07564,2422595
1778489100000,0.07564,0.07567,0.07519,0.07528,1989477
1778490000000,0.07528,0.07536,0.07459,0.07485,3185683
1778490900000,0.07485,0.07489,0.07415,0.07425,1585696
1778491800000,0.07425,0.07458,0.07395,0.07414,1246874
1778492700000,0.07414,0.07437,0.07403,0.07413,1126299
1778493600000,0.07413,0.07472,0.07398,0.07436,1345155
1778494500000,0.07436,0.07467,0.0743,0.07442,1726886
1778495400000,0.07442,0.07459,0.07398,0.07455,1252157
1778496300000,0.07455,0.07466,0.07412,0.07425,745157
1778497200000,0.07425,0.07466,0.07414,0.07454,666669
1778498100000,0.07454,0.07487,0.07446,0.07472,967604
1778499000000,0.07472,0.07525,0.07458,0.07511,3826486
1778499900000,0.07511,0.07559,0.07492,0.07554,1829551
1778500800000,0.07554,0.07594,0.07467,0.07487,1838031
1778501700000,0.07487,0.07626,0.07475,0.07604,2631767
1778502600000,0.07604,0.07678,0.07592,0.07612,3109749
1778503500000,0.07612,0.07612,0.0753,0.07531,1737578
1778504400000,0.07531,0.0763,0.07512,0.07607,1774551
1778505300000,0.07607,0.07682,0.07591,0.07602,3205204
1778506200000,0.07602,0.07614,0.07419,0.07469,4165339
1778507100000,0.07469,0.07505,0.07442,0.07483,986004
1778508000000,0.07483,0.07649,0.07483,0.07648,2845534
1778508900000,0.07648,0.07652,0.07435,0.07437,5977799
1778509800000,0.07437,0.07456,0.07366,0.0738,3630715
1778510700000,0.0738,0.07389,0.07334,0.07355,3072857
1778511600000,0.07355,0.0742,0.07318,0.074,1697952
1778512500000,0.074,0.07467,0.0737,0.07435,1673801
1778513400000,0.07435,0.07488,0.07431,0.07465,1180950
1778514300000,0.07465,0.0752,0.0746,0.07515,1359834
1778515200000,0.07515,0.07614,0.07497,0.07526,2000107
1778516100000,0.07526,0.07535,0.07443,0.07456,1095041
1778517000000,0.07456,0.07483,0.07416,0.07421,1369579
1778517900000,0.07421,0.07465,0.07419,0.07449,833967
1778518800000,0.07449,0.07454,0.07399,0.07453,905377
1778519700000,0.07453,0.07499,0.07446,0.07469,1914618
1778520600000,0.07469,0.07502,0.0745,0.07495,1597897
1778521500000,0.07495,0.07544,0.07482,0.07512,1972951
1778522400000,0.07512,0.07554,0.07495,0.07501,971372
1778523300000,0.07501,0.07526,0.07467,0.07513,1106455
1778524200000,0.07513,0.0755,0.07491,0.07495,1049226
1778525100000,0.07495,0.0756,0.07494,0.07502,1246722
1778526000000,0.07502,0.07536,0.07461,0.07515,457185
1778526900000,0.07515,0.07534,0.07481,0.07521,553547
1778527800000,0.07521,0.07558,0.07518,0.07525,762664
1778528700000,0.07525,0.07525,0.07474,0.07503,641414
1778529600000,0.07503,0.07551,0.07478,0.07497,1958086
1778530500000,0.07497,0.07504,0.07457,0.07463,1045554
1778531400000,0.07463,0.07496,0.07452,0.0749,934363
1778532300000,0.0749,0.07497,0.07473,0.07483,1204802
1778533200000,0.07483,0.07544,0.07475,0.07527,835700
1778534100000,0.07527,0.07527,0.07486,0.07501,141580
1778535000000,0.07501,0.07513,0.07478,0.07478,55501
1778535900000,0.07478,0.07501,0.07476,0.07499,120864
1778536800000,0.07499,0.07516,0.07486,0.07516,238032
1778537700000,0.07516,0.07533,0.07508,0.07524,461395
1778538600000,0.07524,0.07559,0.07505,0.07554,671623
1778539500000,0.07554,0.07591,0.0755,0.07568,1310073
1778540400000,0.07568,0.07621,0.07565,0.07618,2522602
1778541300000,0.07618,0.07665,0.07618,0.07626,2955407
1778542200000,0.07626,0.07667,0.076,0.07629,2064856
1778543100000,0.07629,0.07643,0.0759,0.0759,1113726
1778544000000,0.0759,0.07631,0.07551,0.07591,2516883
1778544900000,0.07591,0.0762,0.07516,0.07564,2565966
1778545800000,0.07564,0.07658,0.07563,0.07635,2071953
1778546700000,0.07635,0.07703,0.07631,0.07692,2303865
1778547600000,0.07692,0.07719,0.07541,0.0755,3177481
1778548500000,0.0755,0.07562,0.07464,0.07464,2540709
1778549400000,0.07464,0.0749,0.07324,0.07377,4848041
1778550300000,0.07377,0.07403,0.07335,0.07338,2603968
1778551200000,0.07338,0.07403,0.07332,0.0737,1117510
1778552100000,0.0737,0.07375,0.07302,0.07369,1342069
1778553000000,0.07369,0.07379,0.07337,0.0734,1274211
1778553900000,0.0734,0.07422,0.07339,0.07399,1702083
1778554800000,0.07399,0.0744,0.07386,0.07414,1687936
1778555700000,0.07414,0.07431,0.07374,0.07384,785582
1778556600000,0.07384,0.07424,0.07383,0.07404,133563
1778557500000,0.07404,0.07404,0.07328,0.07352,2090293
1778558400000,0.07352,0.0738,0.07333,0.07355,1331326
1778559300000,0.07355,0.07382,0.07343,0.0735,553921
1778560200000,0.0735,0.07377,0.07344,0.07369,896924
1778561100000,0.07369,0.07424,0.07369,0.074,1418426
1778562000000,0.074,0.07435,0.07389,0.07394,642809
1778562900000,0.07394,0.0743,0.07373,0.07409,547724
1778563800000,0.07409,0.07453,0.07404,0.07426,1874401
1778564700000,0.07426,0.07462,0.07424,0.07435,1080910
1778565600000,0.07435,0.07464,0.07426,0.07463,1256059
1778566500000,0.07463,0.07463,0.07418,0.07418,823720
1778567400000,0.07418,0.0743,0.07345,0.0736,3513101
1778568300000,0.0736,0.07369,0.0733,0.07336,470174
1778569200000,0.07336,0.07339,0.07234,0.07299,2405305
1778570100000,0.07299,0.07309,0.07274,0.07275,865469
1778571000000,0.07275,0.07295,0.07247,0.07254,1033476
1778571900000,0.07254,0.07264,0.07217,0.07243,1729315
1778572800000,0.07243,0.07254,0.07219,0.07219,259524
1778573700000,0.07219,0.07224,0.0718,0.072,1019092
1778574600000,0.072,0.07208,0.07191,0.07208,343760
1778575500000,0.07208,0.07217,0.07175,0.07179,1079224
1778576400000,0.07179,0.07202,0.07141,0.07163,693206
1778577300000,0.07163,0.07181,0.07138,0.07155,1126795
1778578200000,0.07155,0.07196,0.07154,0.07186,1446913
1778579100000,0.07186,0.07193,0.07159,0.07167,606681
1778580000000,0.07167,0.07178,0.0716,0.07163,274838
1778580900000,0.07163,0.07176,0.07144,0.07148,2306721
1778581800000,0.07148,0.07159,0.07126,0.07143,2356303
1778582700000,0.07143,0.07149,0.0713,0.0714,325906
1778583600000,0.0714,0.07164,0.07124,0.07134,1201194
1778584500000,0.07134,0.07134,0.07092,0.0712,2627459
1778585400000,0.0712,0.07136,0.07116,0.07133,296044
1778586300000,0.07133,0.07155,0.07118,0.07143,1924961
1778587200000,0.07143,0.07154,0.0711,0.0715,620491
1778588100000,0.0715,0.07151,0.07131,0.07148,489562
1778589000000,0.07148,0.07222,0.07108,0.07199,4071047
1778589900000,0.07199,0.07203,0.0718,0.0718,612305
1778590800000,0.0718,0.07215,0.0718,0.07189,305581
1778591700000,0.07189,0.07194,0.07167,0.07168,507662
1778592600000,0.07168,0.0718,0.07143,0.07173,304466
1778593500000,0.07173,0.07189,0.07079,0.07094,1720696
1778594400000,0.07094,0.07122,0.07065,0.07122,1547694
1778595300000,0.07122,0.07127,0.07034,0.07059,765396
1778596200000,0.07059,0.07081,0.06998,0.0705,2879226
1778597100000,0.0705,0.07055,0.06993,0.07007,1543274
1778598000000,0.07007,0.07025,0.0699,0.07005,610624
1778598900000,0.07005,0.07005,0.06909,0.06914,1873977
1778599800000,0.06914,0.06971,0.06914,0.06958,340287
1778600700000,0.06958,0.06972,0.0694,0.06942,2095227
1778601600000,0.06942,0.06982,0.06925,0.06961,471166
1778602500000,0.06961,0.06962,0.0694,0.06947,190434
1778603400000,0.06947,0.06955,0.06936,0.06947,48288
1778604300000,0.06947,0.06954,0.06878,0.06914,2057872
1778605200000,0.06914,0.06961,0.06914,0.06961,784513
1778606100000,0.06961,0.06994,0.06958,0.06971,683629
1778607000000,0.06971,0.06987,0.06961,0.06987,414706
1778607900000,0.06987,0.06988,0.06966,0.0698,132190
1778608800000,0.0698,0.06982,0.0696,0.06975,454085
1778609700000,0.06975,0.06992,0.06975,0.06979,538937
1778610600000,0.06979,0.07029,0.06979,0.07025,517762
1778611500000,0.07025,0.07034,0.07004,0.07004,512808
1778612400000,0.07004,0.0706,0.07003,0.07052,1427260
1778613300000,0.07052,0.07054,0.07021,0.07022,328497
1778614200000,0.07022,0.07064,0.07019,0.07035,265641
1778615100000,0.07035,0.07054,0.07034,0.07039,851521
1778616000000,0.07039,0.07042,0.0702,0.07028,227265
1778616900000,0.07028,0.07044,0.07024,0.07031,100128
1778617800000,0.07031,0.07038,0.07009,0.07019,80179
1778618700000,0.07019,0.07035,0.07019,0.0703,77322
1778619600000,0.0703,0.07037,0.07005,0.07014,654095
1778620500000,0.07014,0.07024,0.07008,0.07015,140297
1778621400000,0.07015,0.0704,0.07002,0.07039,884255
1778622300000,0.07039,0.07039,0.07023,0.07033,195362
1778623200000,0.07033,0.07073,0.07033,0.0704,1141942
1778624100000,0.0704,0.07053,0.07036,0.07042,141139
1778625000000,0.07042,0.07042,0.07024,0.07031,247805
1778625900000,0.07031,0.07035,0.07024,0.07026,54867
1778626800000,0.07026,0.07034,0.07007,0.07007,90810
1778627700000,0.07007,0.07016,0.07006,0.07006,114023
1778628600000,0.07006,0.07006,0.06935,0.0694,1797999
1778629500000,0.0694,0.06952,0.06939,0.06942,77222
1778630400000,0.06942,0.06955,0.06918,0.06949,1246116
1778631300000,0.06949,0.06989,0.06946,0.06977,452232
1778632200000,0.06977,0.07001,0.06977,0.06982,819721
1778633100000,0.06982,0.06996,0.06967,0.06982,188644
1778634000000,0.06982,0.07007,0.06973,0.06973,411284
1778634900000,0.06973,0.06998,0.06972,0.06993,940953
1778635800000,0.06993,0.07046,0.06993,0.07046,1029384
1778636700000,0.07046,0.07058,0.07028,0.07029,530295
1778637600000,0.07029,0.07043,0.07016,0.07038,85261
1778638500000,0.07038,0.07059,0.07019,0.07037,973731
1778639400000,0.07037,0.07047,0.07031,0.07034,1014112
1778640300000,0.07034,0.07036,0.0701,0.07019,764807
1778641200000,0.07019,0.07019,0.06997,0.06999,188558
1778642100000,0.06999,0.07032,0.06999,0.07029,267474
1778643000000,0.07029,0.07065,0.07027,0.0705,443988
1778643900000,0.0705,0.07063,0.0704,0.07054,242965
1778644800000,0.07054,0.07072,0.07045,0.07056,628982
1778645700000,0.07056,0.07063,0.07037,0.07044,357732
1778646600000,0.07044,0.07074,0.07044,0.07051,407871
1778647500000,0.07051,0.07071,0.07043,0.0706,288222
1778648400000,0.0706,0.07063,0.0705,0.07058,221896
1778649300000,0.07058,0.07058,0.0702,0.07021,125734
1778650200000,0.07021,0.07023,0.0698,0.06984,517113
1778651100000,0.06984,0.07012,0.06974,0.07009,331196
1778652000000,0.07009,0.07046,0.06996,0.07032,893852
1778652900000,0.07032,0.07069,0.07032,0.07069,733577
1778653800000,0.07069,0.07086,0.07054,0.07057,700635
1778654700000,0.07057,0.07062,0.07028,0.07033,820131
1778655600000,0.07033,0.0709,0.07024,0.07079,811371
1778656500000,0.07079,0.071,0.07061,0.07068,1045788
1778657400000,0.07068,0.07086,0.07058,0.07074,601427
1778658300000,0.07074,0.07082,0.07055,0.07072,820845
1778659200000,0.07072,0.07085,0.07041,0.0705,617052
1778660100000,0.0705,0.07057,0.07034,0.07039,515919
1778661000000,0.07039,0.07076,0.07021,0.07066,395423
1778661900000,0.07066,0.07066,0.0704,0.07049,1097526
1778662800000,0.07049,0.0708,0.07042,0.07047,625182
1778663700000,0.07047,0.07073,0.0704,0.07051,627068
1778664600000,0.07051,0.07091,0.07051,0.07077,789644
1778665500000,0.07077,0.07085,0.07059,0.07073,1385239
1778666400000,0.07073,0.07077,0.07027,0.07035,930306
1778667300000,0.07035,0.07042,0.06993,0.07004,1070002
1778668200000,0.07004,0.07004,0.06964,0.06969,1590837
1778669100000,0.06969,0.06984,0.06964,0.0698,451807
1778670000000,0.0698,0.06983,0.06952,0.06962,655759
1778670900000,0.06962,0.0698,0.06953,0.06955,97267
1778671800000,0.06955,0.06971,0.0695,0.06964,1276222
1778672700000,0.06964,0.06964,0.06908,0.06911,2389664
1778673600000,0.06911,0.06915,0.06864,0.06885,2836919
1778674500000,0.06885,0.069,0.06843,0.06869,1255725
1778675400000,0.06869,0.06869,0.06752,0.06798,4080378
1778676300000,0.06798,0.06826,0.06791,0.06824,1532970
1778677200000,0.06824,0.06846,0.06822,0.06837,106473
1778678100000,0.06837,0.06842,0.06803,0.06804,219572
1778679000000,0.06804,0.06816,0.06757,0.06767,1585968
1778679900000,0.06767,0.06767,0.06702,0.06712,2769052
1778680800000,0.06712,0.06737,0.06675,0.06735,2408921
1778681700000,0.06735,0.06748,0.06721,0.06742,744542
1778682600000,0.06742,0.06746,0.06704,0.06704,238243
1778683500000,0.06704,0.06707,0.0669,0.06699,258601
1778684400000,0.06699,0.06715,0.06657,0.06671,1708039
1778685300000,0.06671,0.06676,0.06631,0.06646,1920936
1778686200000,0.06646,0.06662,0.06633,0.06662,565300
1778687100000,0.06662,0.06662,0.06589,0.06603,1859381
1778688000000,0.06603,0.06642,0.06599,0.06632,712231
1778688900000,0.06632,0.0666,0.06627,0.06656,331823
1778689800000,0.06656,0.06682,0.06652,0.06678,512189
1778690700000,0.06678,0.06681,0.06663,0.06666,238900
1778691600000,0.06666,0.06686,0.06665,0.06669,238898
1778692500000,0.06669,0.06681,0.06652,0.06664,282406
1778693400000,0.06664,0.06666,0.06645,0.06666,91598
1778694300000,0.06666,0.06685,0.06661,0.06681,706326
1778695200000,0.06681,0.06714,0.0668,0.0671,762519
1778696100000,0.0671,0.06724,0.06696,0.06717,398339
1778697000000,0.06717,0.0672,0.06699,0.06708,656900
1778697900000,0.06708,0.06708,0.06684,0.06689,80773
1778698800000,0.06689,0.06691,0.06648,0.06659,141330
1778699700000,0.06659,0.06666,0.0665,0.06663,79340
1778700600000,0.06663,0.06691,0.06663,0.06684,283497
1778701500000,0.06684,0.06699,0.06672,0.06691,613414
1778702400000,0.06691,0.06728,0.06691,0.06718,581426
1778703300000,0.06718,0.06731,0.06711,0.06718,80549
1778704200000,0.06718,0.06724,0.067,0.06705,845559
1778705100000,0.06705,0.06718,0.06702,0.06718,28923
1778706000000,0.06718,0.06721,0.06676,0.06694,1758736
1778706900000,0.06694,0.06694,0.06662,0.06663,336540
1778707800000,0.06663,0.06677,0.06663,0.06669,106594
1778708700000,0.06669,0.06677,0.06658,0.06663,122701
1778709600000,0.06663,0.06673,0.06644,0.06661,459266
1778710500000,0.06661,0.06662,0.06651,0.06653,135116
1778711400000,0.06653,0.06667,0.06641,0.06659,385105
1778712300000,0.06659,0.06668,0.06647,0.06657,234131
1778713200000,0.06657,0.06682,0.06657,0.06676,108283
1778714100000,0.06676,0.06676,0.06655,0.06662,28877
1778715000000,0.06662,0.06672,0.06662,0.06667,50088
1778715900000,0.06667,0.0668,0.06664,0.06677,134938
1778716800000,0.06677,0.06715,0.06669,0.06703,660503
1778717700000,0.06703,0.06715,0.06675,0.06687,557335
1778718600000,0.06687,0.06711,0.06687,0.06695,299767
1778719500000,0.06695,0.0671,0.06687,0.06691,33981
1778720400000,0.06691,0.06696,0.06671,0.06677,310566
1778721300000,0.06677,0.06691,0.06669,0.06678,18354
1778722200000,0.06678,0.06683,0.06666,0.06671,574639
1778723100000,0.06671,0.06682,0.06665,0.06675,34153
1778724000000,0.06675,0.06684,0.0667,0.0667,150430
1778724900000,0.0667,0.06677,0.06662,0.06677,182007
1778725800000,0.06677,0.06677,0.06649,0.0665,351339
1778726700000,0.0665,0.0665,0.066,0.06615,1397029
1778727600000,0.06615,0.06632,0.06586,0.06611,1115498
1778728500000,0.06611,0.06613,0.06572,0.06609,988775
1778729400000,0.06609,0.06609,0.06572,0.06579,1544731
1778730300000,0.06579,0.06584,0.06556,0.06574,766687
1778731200000,0.06574,0.06625,0.06574,0.06617,586193
1778732100000,0.06617,0.06628,0.0661,0.06613,111971
1778733000000,0.06613,0.06629,0.06608,0.0662,214891
1778733900000,0.0662,0.06647,0.0662,0.06643,1069885
1778734800000,0.06643,0.06651,0.06635,0.06635,143193
1778735700000,0.06635,0.06654,0.06631,0.06654,80653
1778736600000,0.06654,0.06672,0.06652,0.06661,377880
1778737500000,0.06661,0.06673,0.06657,0.06664,187053
1778738400000,0.06664,0.06677,0.0665,0.06674,222021
1778739300000,0.06674,0.06674,0.06665,0.06668,47354
1778740200000,0.06668,0.06668,0.06647,0.06654,189394
1778741100000,0.06654,0.06658,0.06646,0.06646,110756
1778742000000,0.06646,0.06661,0.0663,0.06633,450564
1778742900000,0.06633,0.06643,0.06627,0.06637,40745
1778743800000,0.06637,0.06657,0.06637,0.06646,175029
1778744700000,0.06646,0.06649,0.0663,0.06632,850906
1778745600000,0.06632,0.06638,0.06608,0.06622,1141713
1778746500000,0.06622,0.06628,0.06611,0.06625,72673
1778747400000,0.06625,0.0666,0.06624,0.06653,1747084
1778748300000,0.06653,0.06653,0.06625,0.06635,152450
1778749200000,0.06635,0.06636,0.06615,0.06617,1035103
1778750100000,0.06617,0.06627,0.06616,0.06623,26056
1778751000000,0.06623,0.06623,0.0661,0.06619,232603
1778751900000,0.06619,0.06624,0.0661,0.06611,204525
1778752800000,0.06611,0.0663,0.06586,0.06609,1392800
1778753700000,0.06609,0.06626,0.06603,0.06618,728351
1778754600000,0.06618,0.06631,0.06603,0.06605,201645
1778755500000,0.06605,0.0664,0.06605,0.06628,202554
1778756400000,0.06628,0.06629,0.06595,0.06595,273422
1778757300000,0.06595,0.06599,0.06568,0.0657,2491179
1778758200000,0.0657,0.0658,0.06554,0.06557,795395
1778759100000,0.06557,0.06571,0.06549,0.06553,268974
1778760000000,0.06553,0.06579,0.06549,0.06579,295725
1778760900000,0.06579,0.06585,0.06566,0.06581,116168
1778761800000,0.06581,0.06633,0.06576,0.06607,772103
1778762700000,0.06607,0.0664,0.06607,0.06624,409600
1778763600000,0.06624,0.06643,0.0662,0.06643,2156590
1778764500000,0.06643,0.06659,0.06625,0.06641,466179
1778765400000,0.06641,0.06656,0.06621,0.06651,649407
1778766300000,0.06651,0.06666,0.06623,0.06623,645746
1778767200000,0.06623,0.06654,0.06618,0.06648,270407
1778768100000,0.06648,0.06702,0.06647,0.06697,1233639
1778769000000,0.06697,0.06715,0.06691,0.06711,716596
1778769900000,0.06711,0.06741,0.0671,0.06726,3063755
1778770800000,0.06726,0.06743,0.0671,0.0673,797202
1778771700000,0.0673,0.06756,0.06714,0.06735,820216
1778772600000,0.06735,0.06742,0.06702,0.06722,2165924
1778773500000,0.06722,0.06753,0.06722,0.06747,822808
1778774400000,0.06747,0.06763,0.06735,0.06755,1665405
1778775300000,0.06755,0.06759,0.06729,0.06732,2358037
1778776200000,0.06732,0.06737,0.06707,0.06731,321246
1778777100000,0.06731,0.06741,0.06674,0.06741,1018411
1778778000000,0.06741,0.06766,0.06732,0.0675,904959
1778778900000,0.0675,0.06754,0.0672,0.06721,733170
1778779800000,0.06721,0.0677,0.06721,0.06763,352421
1778780700000,0.06763,0.06778,0.06758,0.06758,599260
1778781600000,0.06758,0.06787,0.06728,0.06785,798322
1778782500000,0.06785,0.06818,0.06773,0.06818,1093605
1778783400000,0.06818,0.06818,0.06764,0.06782,661861
1778784300000,0.06782,0.06833,0.06782,0.06817,1166939
1778785200000,0.06817,0.06838,0.06806,0.06806,198149
1778786100000,0.06806,0.06816,0.06777,0.06777,497828
1778787000000,0.06777,0.0679,0.06752,0.06753,1180929
1778787900000,0.06753,0.06773,0.06744,0.06768,774826
1778788800000,0.06768,0.06778,0.06737,0.06738,362528
1778789700000,0.06738,0.06751,0.06714,0.06719,199785
1778790600000,0.06719,0.06727,0.06696,0.06713,678574
1778791500000,0.06713,0.06737,0.06713,0.06735,114411
1778792400000,0.06735,0.06744,0.067,0.06701,487997
1778793300000,0.06701,0.06727,0.06689,0.06724,160996
1778794200000,0.06724,0.06733,0.06717,0.06726,25247
1778795100000,0.06726,0.06726,0.06707,0.06723,269636
1778796000000,0.06723,0.06743,0.06705,0.06743,282095
1778796900000,0.06743,0.06744,0.06734,0.06736,87605
1778797800000,0.06736,0.06757,0.06736,0.06744,67388
1778798700000,0.06744,0.06749,0.06714,0.06727,950879
1778799600000,0.06727,0.06727,0.06697,0.06714,309241
1778800500000,0.06714,0.06737,0.06712,0.06735,64851
1778801400000,0.06735,0.06735,0.06714,0.06721,106204
1778802300000,0.06721,0.06727,0.06696,0.06708,181334
1778803200000,0.06708,0.06746,0.06704,0.06746,97854
1778804100000,0.06746,0.0675,0.06729,0.06733,133505
1778805000000,0.06733,0.06743,0.06701,0.06705,191496
1778805900000,0.06705,0.06733,0.06705,0.06733,71973
1778806800000,0.06733,0.06747,0.06725,0.06733,86923
1778807700000,0.06733,0.06746,0.06729,0.0673,60863
1778808600000,0.0673,0.0673,0.06684,0.06714,455148
1778809500000,0.06714,0.06714,0.06678,0.06681,670841
1778810400000,0.06681,0.067,0.06668,0.06677,678671
1778811300000,0.06677,0.0669,0.06661,0.0667,232483
1778812200000,0.0667,0.06701,0.06655,0.06697,351904
1778813100000,0.06697,0.0673,0.06694,0.06722,741539
1778814000000,0.06722,0.06722,0.067,0.06716,81482
1778814900000,0.06716,0.06733,0.0671,0.06733,27111
1778815800000,0.06733,0.06735,0.06699,0.067,1422905
1778816700000,0.067,0.06717,0.06696,0.06712,64464
1778817600000,0.06712,0.06712,0.06687,0.067,576768
1778818500000,0.067,0.0671,0.06675,0.06678,243681
1778819400000,0.06678,0.06693,0.06668,0.06687,69493
1778820300000,0.06687,0.06687,0.0665,0.06654,231766
1778821200000,0.06654,0.06672,0.06644,0.06672,622711
1778822100000,0.06672,0.06682,0.06666,0.06669,164413
1778823000000,0.06669,0.06669,0.06589,0.06612,2057683
1778823900000,0.06612,0.06612,0.06572,0.06584,339450
1778824800000,0.06584,0.0661,0.06573,0.06604,181931
1778825700000,0.06604,0.06617,0.06593,0.06616,147812
1778826600000,0.06616,0.06629,0.06609,0.06624,113940
1778827500000,0.06624,0.06635,0.06618,0.06632,1849834
1778828400000,0.06632,0.0665,0.06621,0.0665,397520
1778829300000,0.0665,0.06672,0.06634,0.06671,435397
1778830200000,0.06671,0.06671,0.0663,0.06641,137464
1778831100000,0.06641,0.06646,0.06636,0.0664,73251
1778832000000,0.0664,0.0664,0.06604,0.06608,860867
1778832900000,0.06608,0.06608,0.06586,0.06592,137964
1778833800000,0.06592,0.06619,0.06578,0.06619,307696
1778834700000,0.06619,0.06619,0.06597,0.066,374986
1778835600000,0.066,0.06607,0.06587,0.06592,881494
1778836500000,0.06592,0.06593,0.06574,0.06593,213689
1778837400000,0.06593,0.06593,0.06571,0.06571,152814
1778838300000,0.06571,0.06586,0.06567,0.0658,182033
1778839200000,0.0658,0.06595,0.06571,0.06578,1810025
1778840100000,0.06578,0.06579,0.06556,0.06577,483419
1778841000000,0.06577,0.06609,0.06577,0.06607,379152
1778841900000,0.06607,0.06645,0.06607,0.06628,630922
1778842800000,0.06628,0.06633,0.06592,0.06595,202576
1778843700000,0.06595,0.06599,0.06583,0.06589,34527
1778844600000,0.06589,0.06595,0.06577,0.06577,12423
1778845500000,0.06577,0.06579,0.0656,0.06567,119883
1778846400000,0.06567,0.06584,0.06524,0.06568,2926387
1778847300000,0.06568,0.06597,0.06565,0.06571,846605
1778848200000,0.06571,0.06594,0.06559,0.06586,1946993
1778849100000,0.06586,0.06593,0.06565,0.06568,753099
1778850000000,0.06568,0.06568,0.06524,0.06539,693433
1778850900000,0.06539,0.06552,0.06531,0.06535,169737
1778851800000,0.06535,0.06537,0.06403,0.06407,12116604
1778852700000,0.06407,0.0642,0.06325,0.06348,3335011
1778853600000,0.06348,0.06381,0.06325,0.06374,1565486
1778854500000,0.06374,0.06397,0.06337,0.0634,166915
1778855400000,0.0634,0.06368,0.0634,0.06346,424114
1778856300000,0.06346,0.06363,0.06335,0.06356,398945
1778857200000,0.06356,0.06367,0.06338,0.06355,235939
1778858100000,0.06355,0.06367,0.06336,0.06339,353207
1778859000000,0.06339,0.06352,0.06313,0.06318,680982
1778859900000,0.06318,0.06345,0.06316,0.06344,478144
1778860800000,0.06344,0.06349,0.06316,0.06321,509901
1778861700000,0.06321,0.06367,0.06306,0.06366,9414827
1778862600000,0.06366,0.06387,0.06366,0.06378,488448
1778863500000,0.06378,0.06388,0.06358,0.06387,283033
1778864400000,0.06387,0.06413,0.06372,0.06381,1027898
1778865300000,0.06381,0.06406,0.06377,0.06399,334450
1778866200000,0.06399,0.06422,0.06398,0.06402,562836
1778867100000,0.06402,0.06402,0.06382,0.06386,359303
1778868000000,0.06386,0.06412,0.06386,0.06412,199209
1778868900000,0.06412,0.06412,0.06374,0.06397,271614
1778869800000,0.06397,0.06404,0.0638,0.06402,118875
1778870700000,0.06402,0.06412,0.06393,0.06403,117917
1778871600000,0.06403,0.06403,0.06378,0.06388,103523
1778872500000,0.06388,0.064,0.06387,0.06398,61449
1778873400000,0.06398,0.06414,0.0639,0.0639,95787
1778874300000,0.0639,0.06398,0.06381,0.06384,108060
1778875200000,0.06384,0.06386,0.06353,0.06369,132204
1778876100000,0.06369,0.06387,0.06357,0.06387,236969
1778877000000,0.06387,0.06389,0.06359,0.06359,460940
1778877900000,0.06359,0.06363,0.06347,0.06358,88005
1778878800000,0.06358,0.06386,0.06358,0.0638,543506
1778879700000,0.0638,0.06385,0.06368,0.06368,63688
1778880600000,0.06368,0.06376,0.06359,0.06376,80890
1778881500000,0.06376,0.0638,0.06343,0.06351,230304
1778882400000,0.06351,0.0637,0.06351,0.06359,210745
1778883300000,0.06359,0.06365,0.06354,0.0636,120836
1778884200000,0.0636,0.06364,0.06345,0.0636,247219
1778885100000,0.0636,0.0637,0.0636,0.06364,122983
1778886000000,0.06364,0.06371,0.06364,0.06369,23729
1778886900000,0.06369,0.06374,0.06361,0.06363,20090
1778887800000,0.06363,0.06363,0.06345,0.06355,73720
1778888700000,0.06355,0.06358,0.06351,0.06357,58078
1778889600000,0.06357,0.06381,0.06346,0.06376,140705
1778890500000,0.06376,0.06378,0.06365,0.06372,110937
1778891400000,0.06372,0.06379,0.0636,0.06376,72675
1778892300000,0.06376,0.06376,0.0635,0.06353,235961
1778893200000,0.06353,0.06353,0.06336,0.06339,139862
1778894100000,0.06339,0.06352,0.06332,0.06334,544073
1778895000000,0.06334,0.06341,0.06324,0.06327,42709
1778895900000,0.06327,0.06348,0.06327,0.06348,144106
1778896800000,0.06348,0.06348,0.06334,0.06334,73309
1778897700000,0.06334,0.0634,0.06332,0.06336,22060
1778898600000,0.06336,0.06336,0.06323,0.06331,37950
1778899500000,0.06331,0.0634,0.06327,0.0634,23826
1778900400000,0.0634,0.06356,0.0634,0.06353,407461
1778901300000,0.06353,0.06361,0.06353,0.06354,37098
1778902200000,0.06354,0.06354,0.06344,0.06347,19844
1778903100000,0.06347,0.06347,0.06338,0.06343,56294
1778904000000,0.06343,0.06343,0.06326,0.06326,101106
1778904900000,0.06326,0.06328,0.06306,0.06317,289283
1778905800000,0.06317,0.06321,0.06231,0.06275,11680080
1778906700000,0.06275,0.06285,0.06271,0.06285,204607
1778907600000,0.06285,0.06296,0.06277,0.06289,216750
1778908500000,0.06289,0.06312,0.06289,0.06304,522303
1778909400000,0.06304,0.06307,0.06288,0.06294,304284
1778910300000,0.06294,0.06298,0.06274,0.06279,115927
1778911200000,0.06279,0.06282,0.06238,0.06248,336527
1778912100000,0.06248,0.06257,0.06236,0.0625,649771
1778913000000,0.0625,0.06265,0.0624,0.06242,255770
1778913900000,0.06242,0.06251,0.06215,0.06243,906582
1778914800000,0.06243,0.06243,0.06155,0.06172,1369704
1778915700000,0.06172,0.0619,0.0614,0.06188,628435
1778916600000,0.06188,0.06219,0.06176,0.06219,433200
1778917500000,0.06219,0.0622,0.0619,0.06194,80942
1778918400000,0.06194,0.06217,0.06192,0.06217,529612
1778919300000,0.06217,0.06221,0.06212,0.06218,42125
1778920200000,0.06218,0.06225,0.06209,0.06215,55941
1778921100000,0.06215,0.06215,0.06197,0.06198,145906
1778922000000,0.06198,0.06198,0.06163,0.06163,250579
1778922900000,0.06163,0.06163,0.06096,0.06118,3177749
1778923800000,0.06118,0.06157,0.06116,0.06143,783694
1778924700000,0.06143,0.0615,0.0612,0.06122,113623
1778925600000,0.06122,0.06128,0.06091,0.0612,639860
1778926500000,0.0612,0.06126,0.06097,0.0611,427810
1778927400000,0.0611,0.0613,0.06104,0.06105,196686
1778928300000,0.06105,0.06128,0.06105,0.06128,94075
1778929200000,0.06128,0.06153,0.06127,0.06148,134830
1778930100000,0.06148,0.06166,0.06148,0.06153,98200
1778931000000,0.06153,0.0617,0.06153,0.06169,60482
1778931900000,0.06169,0.06174,0.06167,0.06167,305542
1778932800000,0.06167,0.0618,0.06158,0.0617,373877
1778933700000,0.0617,0.06183,0.06153,0.06156,266452
1778934600000,0.06156,0.06182,0.06156,0.06179,22925
1778935500000,0.06179,0.06187,0.06175,0.06178,151521
1778936400000,0.06178,0.06183,0.06154,0.06176,121938
1778937300000,0.06176,0.06194,0.06174,0.06186,325713
1778938200000,0.06186,0.06195,0.06174,0.06187,2377704
1778939100000,0.06187,0.06187,0.06172,0.06175,263937
1778940000000,0.06175,0.06191,0.06156,0.06191,717252
1778940900000,0.06191,0.06204,0.06184,0.0619,292320
1778941800000,0.0619,0.06217,0.0619,0.06216,853056
1778942700000,0.06216,0.06238,0.06206,0.06212,451947
1778943600000,0.06212,0.06229,0.06212,0.06219,85324
1778944500000,0.06219,0.06241,0.06219,0.06232,172170
1778945400000,0.06232,0.06253,0.06232,0.06253,140424
1778946300000,0.06253,0.06253,0.06238,0.06246,286651
1778947200000,0.06246,0.06272,0.06244,0.06248,600602
1778948100000,0.06248,0.06263,0.06246,0.06254,394227
1778949000000,0.06254,0.06256,0.0623,0.06233,292251
1778949900000,0.06233,0.06246,0.06233,0.0624,74357
1778950800000,0.0624,0.06251,0.0624,0.06249,20532
1778951700000,0.06249,0.06265,0.06246,0.06262,74701
1778952600000,0.06262,0.06278,0.06262,0.06268,519713
1778953500000,0.06268,0.0628,0.06264,0.06266,237184
1778954400000,0.06266,0.06271,0.06263,0.06264,315057
1778955300000,0.06264,0.06267,0.06242,0.06242,215769
1778956200000,0.06242,0.06264,0.06242,0.06255,61488
1778957100000,0.06255,0.06268,0.06248,0.06253,99005
1778958000000,0.06253,0.06261,0.06252,0.06257,24104
1778958900000,0.06257,0.06262,0.0625,0.06262,132337
1778959800000,0.06262,0.06262,0.06253,0.06254,70659
1778960700000,0.06254,0.06262,0.06251,0.06254,21936
1778961600000,0.06254,0.06259,0.06247,0.06251,324909
1778962500000,0.06251,0.06254,0.06249,0.06251,83008
1778963400000,0.06251,0.06251,0.06236,0.06239,33549
1778964300000,0.06239,0.06254,0.06239,0.06245,17315
1778965200000,0.06245,0.06258,0.06242,0.06255,470403
1778966100000,0.06255,0.06255,0.0624,0.06241,87807
1778967000000,0.06241,0.0625,0.06241,0.06243,100454
1778967900000,0.06243,0.06249,0.06243,0.06243,132808
1778968800000,0.06243,0.06245,0.06224,0.06234,181046
1778969700000,0.06234,0.06247,0.06234,0.06246,120759
1778970600000,0.06246,0.06246,0.06237,0.06243,16518
1778971500000,0.06243,0.06252,0.06243,0.06246,93465
1778972400000,0.06246,0.06248,0.06238,0.06244,37374
1778973300000,0.06244,0.06261,0.06244,0.06258,352516
1778974200000,0.06258,0.06271,0.06258,0.06269,242053
1778975100000,0.06269,0.06276,0.06254,0.06258,63910
1778976000000,0.06258,0.06277,0.06254,0.06266,231590
1778976900000,0.06266,0.06275,0.0625,0.06258,308340
1778977800000,0.06258,0.0626,0.0624,0.06241,33772
1778978700000,0.06241,0.06246,0.06215,0.06229,367175
1778979600000,0.06229,0.06242,0.06204,0.06237,718965
1778980500000,0.06237,0.06237,0.0619,0.06204,806374
1778981400000,0.06204,0.06207,0.06178,0.06186,315613
1778982300000,0.06186,0.062,0.06182,0.06182,212824
1778983200000,0.06182,0.06221,0.06182,0.06207,293045
1778984100000,0.06207,0.06213,0.06195,0.06201,295334
1778985000000,0.06201,0.06214,0.06197,0.06202,367736
1778985900000,0.06202,0.06203,0.06193,0.06203,315034
1778986800000,0.06203,0.06227,0.06203,0.0622,353142
1778987700000,0.0622,0.06228,0.06213,0.06228,174423
1778988600000,0.06228,0.06249,0.06227,0.06248,110217
1778989500000,0.06248,0.06262,0.06247,0.06247,58035
1778990400000,0.06247,0.06268,0.06241,0.06264,264260
1778991300000,0.06264,0.06303,0.06264,0.06291,489279
1778992200000,0.06291,0.06298,0.0628,0.06297,300453
1778993100000,0.06297,0.06299,0.0629,0.06294,83627
1778994000000,0.06294,0.06327,0.06294,0.06303,1331822
1778994900000,0.06303,0.06305,0.0629,0.0629,160676
1778995800000,0.0629,0.06304,0.06278,0.06304,156741
1778996700000,0.06304,0.06317,0.06304,0.06305,62462
1778997600000,0.06305,0.06326,0.06305,0.06324,156271
1778998500000,0.06324,0.06328,0.06293,0.06304,506234
1778999400000,0.06304,0.06329,0.06304,0.06312,130953
1779000300000,0.06312,0.06312,0.06303,0.06311,148396
1779001200000,0.06311,0.06319,0.06302,0.06307,215146
1779002100000,0.06307,0.06334,0.06307,0.06333,140153
1779003000000,0.06333,0.06349,0.0633,0.06343,293561
1779003900000,0.06343,0.06348,0.06338,0.06342,71131
1779004800000,0.06342,0.06342,0.06322,0.06327,452571
1779005700000,0.06327,0.06329,0.06305,0.06307,221463
1779006600000,0.06307,0.0631,0.06295,0.06301,161111
1779007500000,0.06301,0.06312,0.06294,0.06304,24226
1779008400000,0.06304,0.06314,0.06296,0.06311,105508
1779009300000,0.06311,0.0633,0.06311,0.06327,320803
1779010200000,0.06327,0.06327,0.06317,0.06317,15968
1779011100000,0.06317,0.06329,0.06316,0.06326,477005
1779012000000,0.06326,0.06351,0.06323,0.06342,206490
1779012900000,0.06342,0.06359,0.06337,0.06351,989843
1779013800000,0.06351,0.06357,0.06343,0.06356,162185
1779014700000,0.06356,0.06357,0.06324,0.06329,133530
1779015600000,0.06329,0.06329,0.06305,0.06317,151366
1779016500000,0.06317,0.0632,0.06311,0.0632,129875
1779017400000,0.0632,0.06326,0.06307,0.06311,284430
1779018300000,0.06311,0.06313,0.06297,0.06302,439092
1779019200000,0.06302,0.06317,0.06299,0.06313,592838
1779020100000,0.06313,0.06333,0.06311,0.06321,386849
1779021000000,0.06321,0.06321,0.06305,0.06305,62142
1779021900000,0.06305,0.06311,0.06291,0.06294,218311
1779022800000,0.06294,0.06295,0.06265,0.06267,492160
1779023700000,0.06267,0.06271,0.06256,0.06271,217127
1779024600000,0.06271,0.06277,0.06269,0.06269,135841
1779025500000,0.06269,0.06285,0.06269,0.06282,253579
1779026400000,0.06282,0.06286,0.06252,0.06257,704684
1779027300000,0.06257,0.06271,0.06231,0.06266,644505
1779028200000,0.06266,0.06271,0.06244,0.06249,264086
1779029100000,0.06249,0.06264,0.06249,0.06254,75462
1779030000000,0.06254,0.06259,0.06248,0.06254,83054
1779030900000,0.06254,0.06254,0.06231,0.06243,112275
1779031800000,0.06243,0.06254,0.06234,0.06243,102689
1779032700000,0.06243,0.06249,0.06239,0.06242,125721
1779033600000,0.06242,0.06261,0.06242,0.0625,458937
1779034500000,0.0625,0.06258,0.06247,0.06257,54013
1779035400000,0.06257,0.0626,0.06254,0.06258,78767
1779036300000,0.06258,0.06258,0.06221,0.06228,4110872
1779037200000,0.06228,0.06233,0.06217,0.06222,936405
1779038100000,0.06222,0.06227,0.06212,0.06225,148483
1779039000000,0.06225,0.06227,0.06206,0.06221,209445
1779039900000,0.06221,0.06239,0.06221,0.06237,155134
1779040800000,0.06237,0.06244,0.06222,0.06222,97518
1779041700000,0.06222,0.06224,0.06205,0.0622,47955
1779042600000,0.0622,0.06226,0.06214,0.06214,108963
1779043500000,0.06214,0.0624,0.0621,0.0624,76844
1779044400000,0.0624,0.06253,0.0624,0.06248,70402
1779045300000,0.06248,0.06253,0.06245,0.06246,35349
1779046200000,0.06246,0.06266,0.06244,0.0626,104300
1779047100000,0.0626,0.0626,0.06245,0.06245,141552
1779048000000,0.06245,0.06252,0.06242,0.06242,94104
1779048900000,0.06242,0.06244,0.06227,0.06233,143347
1779049800000,0.06233,0.06241,0.06225,0.06234,199267
1779050700000,0.06234,0.06243,0.06233,0.0624,320388
1779051600000,0.0624,0.0624,0.06222,0.06233,776588
1779052500000,0.06233,0.06255,0.0623,0.06254,100724
1779053400000,0.06254,0.06262,0.06249,0.06253,63642
1779054300000,0.06253,0.0626,0.06241,0.0626,223504
1779055200000,0.0626,0.0626,0.06207,0.06223,216220
1779056100000,0.06223,0.06224,0.06188,0.06201,740017
1779057000000,0.06201,0.0621,0.06189,0.06201,102046
1779057900000,0.06201,0.06203,0.06177,0.06192,138830
1779058800000,0.06192,0.06192,0.06173,0.06177,207404
1779059700000,0.06177,0.06178,0.0615,0.06161,777517
1779060600000,0.06161,0.06169,0.05984,0.06052,12692147
1779061500000,0.06052,0.06124,0.06052,0.06116,4736539
1779062400000,0.06116,0.06116,0.0605,0.06075,1487059
1779063300000,0.06075,0.06098,0.06071,0.06073,1568423
1779064200000,0.06073,0.06085,0.06056,0.0608,389746
1779065100000,0.0608,0.06113,0.06072,0.06113,305679
1779066000000,0.06113,0.06126,0.06102,0.06103,1163968
1779066900000,0.06103,0.06103,0.06074,0.06085,508738
1779067800000,0.06085,0.06099,0.06076,0.06076,543539
1779068700000,0.06076,0.06109,0.06063,0.06107,415175
1779069600000,0.06107,0.06139,0.06092,0.06138,359779
1779070500000,0.06138,0.0614,0.06108,0.06122,216482
1779071400000,0.06122,0.06129,0.06092,0.06105,1089963
1779072300000,0.06105,0.06115,0.06097,0.06108,158762
1779073200000,0.06108,0.0614,0.06108,0.06114,413758
1779074100000,0.06114,0.06119,0.06097,0.06108,433109
1779075000000,0.06108,0.06108,0.0608,0.061,244376
1779075900000,0.061,0.061,0.06073,0.06082,266192
1779076800000,0.06082,0.06097,0.06077,0.06088,178789
1779077700000,0.06088,0.0609,0.06062,0.06075,295106
1779078600000,0.06075,0.06098,0.06064,0.06088,179863
1779079500000,0.06088,0.06096,0.06077,0.06088,367517
1779080400000,0.06088,0.06094,0.06079,0.06088,178383
1779081300000,0.06088,0.06088,0.06065,0.06077,262060
1779082200000,0.06077,0.06082,0.06045,0.06053,465046
1779083100000,0.06053,0.06063,0.0605,0.0605,125658
1779084000000,0.0605,0.06073,0.06012,0.06032,3454621
1779084900000,0.06032,0.06043,0.05996,0.06014,1942135
1779085800000,0.06014,0.06029,0.06001,0.06024,364215
1779086700000,0.06024,0.06035,0.06018,0.06022,96332
1779087600000,0.06022,0.06042,0.06002,0.06009,310238
1779088500000,0.06009,0.0604,0.05988,0.0603,281790
1779089400000,0.0603,0.06035,0.06007,0.06007,108810
1779090300000,0.06007,0.06031,0.06007,0.0603,531620
1779091200000,0.0603,0.06065,0.06027,0.06045,2126428
1779092100000,0.06045,0.06049,0.06037,0.06043,299576
1779093000000,0.06043,0.06044,0.06022,0.06027,133819
1779093900000,0.06027,0.06044,0.06027,0.06043,176221
1779094800000,0.06043,0.06044,0.05996,0.06013,531979
1779095700000,0.06013,0.06018,0.06008,0.06008,15309
1779096600000,0.06008,0.0602,0.06005,0.06013,155137
1779097500000,0.06013,0.06018,0.06008,0.06009,33898
1779098400000,0.06009,0.06009,0.05981,0.05992,554999
1779099300000,0.05992,0.05997,0.05973,0.05987,580624
1779100200000,0.05987,0.05995,0.0598,0.05983,304596
1779101100000,0.05983,0.06,0.05983,0.05984,271752
1779102000000,0.05984,0.05989,0.05965,0.05978,575225
1779102900000,0.05978,0.0599,0.05972,0.05986,330127
1779103800000,0.05986,0.06065,0.05979,0.06052,727772
1779104700000,0.06052,0.06052,0.0602,0.0604,2056326
1779105600000,0.0604,0.06063,0.06036,0.06052,544998
1779106500000,0.06052,0.06073,0.06043,0.06055,826999
1779107400000,0.06055,0.06094,0.06055,0.06088,471178
1779108300000,0.06088,0.061,0.06075,0.06084,143649
1779109200000,0.06084,0.06084,0.06053,0.06071,104468
1779110100000,0.06071,0.06071,0.06054,0.06057,224272
1779111000000,0.06057,0.06057,0.06011,0.0603,1010522
1779111900000,0.0603,0.06066,0.06019,0.06057,668019
1779112800000,0.06057,0.06057,0.06027,0.06031,449791
1779113700000,0.06031,0.06039,0.06,0.06005,977439
1779114600000,0.06005,0.06016,0.05982,0.06007,745147
1779115500000,0.06007,0.06007,0.05942,0.05964,2536851
1779116400000,0.05964,0.05987,0.05942,0.05977,977251
1779117300000,0.05977,0.05977,0.05933,0.05936,710936
1779118200000,0.05936,0.05986,0.05934,0.05978,580514
1779119100000,0.05978,0.05996,0.05974,0.05976,289105
1779120000000,0.05976,0.06007,0.05965,0.06006,1037604
1779120900000,0.06006,0.06013,0.05983,0.0599,848519
1779121800000,0.0599,0.06016,0.05983,0.06013,244693
1779122700000,0.06013,0.06024,0.0601,0.0601,286005
1779123600000,0.0601,0.06036,0.06004,0.06007,189574
1779124500000,0.06007,0.06042,0.06007,0.06036,3649296
1779125400000,0.06036,0.06053,0.06035,0.06053,371314
1779126300000,0.06053,0.06054,0.06033,0.06033,204882
1779127200000,0.06033,0.06038,0.05998,0.06003,254670
1779128100000,0.06003,0.06003,0.05957,0.05972,432237
1779129000000,0.05972,0.05982,0.05965,0.05977,260019
1779129900000,0.05977,0.05984,0.05948,0.05955,539380
1779130800000,0.05955,0.06046,0.05952,0.0602,1021650
1779131700000,0.0602,0.06037,0.0602,0.06028,1127407
1779132600000,0.06028,0.06061,0.06028,0.06058,2259395
1779133500000,0.06058,0.06079,0.06056,0.06067,163048
1779134400000,0.06067,0.06091,0.06065,0.06086,147474
1779135300000,0.06086,0.06089,0.06069,0.06082,433609
1779136200000,0.06082,0.06085,0.06058,0.06064,259054
1779137100000,0.06064,0.06064,0.06037,0.06053,380576
1779138000000,0.06053,0.06077,0.06043,0.0607,527632
1779138900000,0.0607,0.06091,0.0607,0.06087,132847
1779139800000,0.06087,0.06134,0.06086,0.06117,2092032
1779140700000,0.06117,0.06117,0.061,0.06106,851509
1779141600000,0.06106,0.06123,0.06101,0.0612,945578
1779142500000,0.0612,0.06134,0.06119,0.0613,176359
1779143400000,0.0613,0.06138,0.06113,0.06117,816944
1779144300000,0.06117,0.06124,0.061,0.06124,558548
1779145200000,0.06124,0.06138,0.0612,0.06137,109482
1779146100000,0.06137,0.06137,0.06124,0.06132,105506
1779147000000,0.06132,0.06149,0.06125,0.06146,69593
1779147900000,0.06146,0.06146,0.06124,0.0614,154841
1779148800000,0.0614,0.06154,0.06135,0.06147,228233
1779149700000,0.06147,0.06166,0.06145,0.06157,286145
1779150600000,0.06157,0.06162,0.06137,0.06145,252732
1779151500000,0.06145,0.06161,0.06144,0.06146,45454
1779152400000,0.06146,0.06146,0.06123,0.06132,485023
1779153300000,0.06132,0.06134,0.06094,0.06106,2357257
1779154200000,0.06106,0.06133,0.06095,0.06133,843806
1779155100000,0.06133,0.06133,0.06102,0.06106,334754
1779156000000,0.06106,0.06106,0.06081,0.06103,193630
1779156900000,0.06103,0.06137,0.06095,0.06107,566227
1779157800000,0.06107,0.06107,0.06082,0.06091,378390
1779158700000,0.06091,0.061,0.0608,0.06082,119102
1779159600000,0.06082,0.06098,0.06076,0.06094,170043
1779160500000,0.06094,0.06112,0.06094,0.06097,44179
1779161400000,0.06097,0.06116,0.06097,0.06116,161069
1779162300000,0.06116,0.06118,0.06105,0.06107,670100
1779163200000,0.06107,0.06127,0.06097,0.06121,180633
1779164100000,0.06121,0.06121,0.06091,0.06092,165381
1779165000000,0.06092,0.06112,0.06089,0.06108,160210
1779165900000,0.06108,0.06124,0.06108,0.06121,151959
1779166800000,0.06121,0.06126,0.06094,0.06094,134384
1779167700000,0.06094,0.06098,0.06061,0.06086,478686
1779168600000,0.06086,0.0611,0.06082,0.06097,272912
1779169500000,0.06097,0.06112,0.06089,0.06098,135977
1779170400000,0.06098,0.06121,0.06089,0.06118,200481
1779171300000,0.06118,0.06129,0.06106,0.06119,249513
1779172200000,0.06119,0.0613,0.06107,0.0613,336862
1779173100000,0.0613,0.0613,0.06117,0.06119,141870
1779174000000,0.06119,0.06125,0.06106,0.06117,133605
1779174900000,0.06117,0.0612,0.06098,0.06099,154001
1779175800000,0.06099,0.06132,0.06099,0.06132,1055248
1779176700000,0.06132,0.06143,0.06127,0.06129,127890
1779177600000,0.06129,0.06132,0.06079,0.06083,2075491
1779178500000,0.06083,0.06097,0.06066,0.06082,350626
1779179400000,0.06082,0.06121,0.06082,0.06105,42718
1779180300000,0.06105,0.06105,0.06086,0.06086,47571
1779181200000,0.06086,0.0609,0.06076,0.06085,107599
1779182100000,0.06085,0.06085,0.06033,0.06044,3125653
1779183000000,0.06044,0.06066,0.06037,0.06066,298671
1779183900000,0.06066,0.06079,0.06057,0.06075,560534
1779184800000,0.06075,0.06077,0.0606,0.0606,379262
1779185700000,0.0606,0.06063,0.06056,0.06061,138978
1779186600000,0.06061,0.06084,0.06038,0.0604,680763
1779187500000,0.0604,0.06071,0.06037,0.06069,346310
1779188400000,0.06069,0.06069,0.06052,0.06052,100894
1779189300000,0.06052,0.06053,0.0604,0.06052,102200
1779190200000,0.06052,0.06057,0.06019,0.06021,570129
1779191100000,0.06021,0.06031,0.0602,0.06026,274924
1779192000000,0.06026,0.06043,0.06016,0.06043,185901
1779192900000,0.06043,0.0605,0.06034,0.06036,172335
1779193800000,0.06036,0.06049,0.06036,0.06046,174491
1779194700000,0.06046,0.06056,0.06039,0.06053,85338
1779195600000,0.06053,0.06063,0.06037,0.0605,104192
1779196500000,0.0605,0.06052,0.06029,0.06035,158207
1779197400000,0.06035,0.06072,0.06029,0.06038,1299631
1779198300000,0.06038,0.06083,0.06038,0.06057,696330
1779199200000,0.06057,0.06074,0.0603,0.0603,440259
1779200100000,0.0603,0.06035,0.05999,0.06033,1176143
1779201000000,0.06033,0.06033,0.06003,0.06013,178010
1779201900000,0.06013,0.06013,0.05977,0.06005,665259
1779202800000,0.06005,0.06022,0.05996,0.06011,256137
1779203700000,0.06011,0.06021,0.05983,0.05985,313916
1779204600000,0.05985,0.06023,0.05985,0.06017,156652
1779205500000,0.06017,0.0602,0.06004,0.06009,203277
1779206400000,0.06009,0.06019,0.05994,0.06001,111198
1779207300000,0.06001,0.06015,0.06001,0.06015,31633
1779208200000,0.06015,0.06029,0.06015,0.06024,169797
1779209100000,0.06024,0.06038,0.06017,0.06037,80502
1779210000000,0.06037,0.06044,0.0603,0.06039,133003
1779210900000,0.06039,0.0605,0.06027,0.06027,167807
1779211800000,0.06027,0.06029,0.06004,0.0602,182051
1779212700000,0.0602,0.06021,0.06002,0.06021,171820
1779213600000,0.06021,0.0603,0.06006,0.06026,115831
1779214500000,0.06026,0.06026,0.05999,0.06004,134457
1779215400000,0.06004,0.06018,0.05995,0.06011,70987
1779216300000,0.06011,0.06015,0.05999,0.06,98679
1779217200000,0.06,0.06027,0.06,0.06022,53002
1779218100000,0.06022,0.06023,0.05995,0.05997,392299
1779219000000,0.05997,0.0601,0.05992,0.06003,201048
1779219900000,0.06003,0.06003,0.05991,0.05999,49237
1779220800000,0.05999,0.06014,0.05996,0.06014,48175
1779221700000,0.06014,0.06014,0.06002,0.06002,128274
1779222600000,0.06002,0.06004,0.05997,0.06,399828
1779223500000,0.06,0.06017,0.05997,0.06015,111741
1779224400000,0.06015,0.06018,0.05996,0.06011,143801
1779225300000,0.06011,0.06014,0.06003,0.06003,192696
1779226200000,0.06003,0.06003,0.05998,0.05998,142130
1779227100000,0.05998,0.05998,0.05985,0.05989,71254
1779228000000,0.05989,0.05989,0.05971,0.05971,129400
1779228900000,0.05971,0.05973,0.05954,0.05958,338413
1779229800000,0.05958,0.05962,0.05946,0.05954,338050
1779230700000,0.05954,0.05958,0.0595,0.05956,177259
1779231600000,0.05956,0.05974,0.05945,0.05968,133671
1779232500000,0.05968,0.05976,0.05968,0.05974,123414
1779233400000,0.05974,0.05985,0.05971,0.05971,27927
1779234300000,0.05971,0.05976,0.05963,0.05965,22690
1779235200000,0.05965,0.0598,0.05947,0.05947,158582
1779236100000,0.05947,0.05951,0.05933,0.0595,133049
1779237000000,0.0595,0.05972,0.05943,0.05946,129522
1779237900000,0.05946,0.0596,0.05946,0.05956,661679
1779238800000,0.05956,0.05979,0.05953,0.05974,246631
1779239700000,0.05974,0.05974,0.05934,0.05938,170786
1779240600000,0.05938,0.05962,0.05937,0.05954,62774
1779241500000,0.05954,0.05995,0.05954,0.05991,81433
1779242400000,0.05991,0.06002,0.05984,0.05984,71732
1779243300000,0.05984,0.06001,0.05976,0.05976,237392
1779244200000,0.05976,0.05992,0.05969,0.05969,344897
1779245100000,0.05969,0.05974,0.05962,0.0597,29656
1779246000000,0.0597,0.05977,0.05954,0.05977,404722
1779246900000,0.05977,0.06003,0.05977,0.06002,225882
1779247800000,0.06002,0.06002,0.05988,0.05988,153614
1779248700000,0.05988,0.05988,0.05981,0.05984,219143
1779249600000,0.05984,0.06002,0.05983,0.06001,208004
1779250500000,0.06001,0.06005,0.05989,0.0599,240661
1779251400000,0.0599,0.05994,0.05972,0.05981,365898
1779252300000,0.05981,0.06003,0.05977,0.06003,33864
1779253200000,0.06003,0.06045,0.06002,0.06039,605423
1779254100000,0.06039,0.06045,0.06029,0.06037,101983
1779255000000,0.06037,0.06066,0.06037,0.06057,312185
1779255900000,0.06057,0.06059,0.06051,0.06051,51714
1779256800000,0.06051,0.06071,0.06051,0.06069,100022
1779257700000,0.06069,0.06077,0.06062,0.06063,439347
1779258600000,0.06063,0.06067,0.06055,0.06065,84224
1779259500000,0.06065,0.06091,0.06065,0.0608,196414
1779260400000,0.0608,0.0608,0.06058,0.0606,616901
1779261300000,0.0606,0.06074,0.06055,0.06073,763567
1779262200000,0.06073,0.06074,0.06071,0.06071,10171
1779263100000,0.06071,0.06071,0.06043,0.06049,59331
1779264000000,0.06049,0.06077,0.06049,0.06077,305358
1779264900000,0.06077,0.06077,0.06058,0.06061,415590
1779265800000,0.06061,0.06097,0.06061,0.06088,217191
1779266700000,0.06088,0.06088,0.06074,0.06074,75649
1779267600000,0.06074,0.06076,0.06066,0.0607,51751
1779268500000,0.0607,0.06084,0.0606,0.06084,25830
1779269400000,0.06084,0.0609,0.0608,0.06089,18778
1779270300000,0.06089,0.06089,0.06065,0.06066,32100
1779271200000,0.06066,0.06077,0.06061,0.06066,89011
1779272100000,0.06066,0.0608,0.06065,0.0608,97018
1779273000000,0.0608,0.06099,0.06075,0.06075,430327
1779273900000,0.06075,0.06084,0.06072,0.06079,36875
1779274800000,0.06079,0.06087,0.06072,0.06079,158093
1779275700000,0.06079,0.06087,0.06069,0.06069,63409
1779276600000,0.06069,0.06081,0.06067,0.0607,219449
1779277500000,0.0607,0.06071,0.0605,0.0606,536397
1779278400000,0.0606,0.06076,0.06057,0.06063,147839
1779279300000,0.06063,0.06071,0.0605,0.06071,196654
1779280200000,0.06071,0.06091,0.06069,0.06087,368489
1779281100000,0.06087,0.06105,0.06085,0.06085,440232
1779282000000,0.06085,0.06105,0.06078,0.06083,1870691
1779282900000,0.06083,0.06083,0.06048,0.06051,339927
1779283800000,0.06051,0.06057,0.06013,0.06044,1118250
1779284700000,0.06044,0.0606,0.06028,0.0605,354927
1779285600000,0.0605,0.06082,0.06036,0.0607,534848
1779286500000,0.0607,0.06108,0.0607,0.06101,236068
1779287400000,0.06101,0.06119,0.06085,0.06096,253407
1779288300000,0.06096,0.06116,0.06093,0.06106,287790
1779289200000,0.06106,0.06106,0.06074,0.06074,628873
1779290100000,0.06074,0.06138,0.06074,0.06116,932290
1779291000000,0.06116,0.06138,0.0611,0.06128,580913
1779291900000,0.06128,0.06147,0.06112,0.06122,403895
1779292800000,0.06122,0.06144,0.06122,0.06139,247336
1779293700000,0.06139,0.06139,0.06091,0.06104,1529526
1779294600000,0.06104,0.06144,0.061,0.06138,209842
1779295500000,0.06138,0.06146,0.06111,0.06125,309834
1779296400000,0.06125,0.0615,0.06119,0.06141,661080
1779297300000,0.06141,0.06161,0.06126,0.06158,439914
1779298200000,0.06158,0.06172,0.06141,0.0615,1680894
1779299100000,0.0615,0.06154,0.06125,0.06125,118520
1779300000000,0.06125,0.06134,0.06113,0.06124,1013649
1779300900000,0.06124,0.06131,0.06095,0.06109,1397176
1779301800000,0.06109,0.06113,0.06098,0.06101,181495
1779302700000,0.06101,0.06104,0.06089,0.06104,169998
1779303600000,0.06104,0.06112,0.06091,0.0611,353508
1779304500000,0.0611,0.06145,0.06106,0.06144,359686
1779305400000,0.06144,0.06151,0.06137,0.06144,292572
1779306300000,0.06144,0.06144,0.06123,0.0614,8878
1779307200000,0.0614,0.06148,0.06116,0.06148,72833
1779308100000,0.06148,0.06149,0.06109,0.0614,819064
1779309000000,0.0614,0.06145,0.06124,0.06143,29654
1779309900000,0.06143,0.06151,0.06139,0.0615,190004
1779310800000,0.0615,0.06165,0.06139,0.06154,359915
1779311700000,0.06154,0.06154,0.0613,0.0613,35355
1779312600000,0.0613,0.06146,0.06123,0.06132,61342
1779313500000,0.06132,0.06134,0.06119,0.06119,20864
1779314400000,0.06119,0.06119,0.06092,0.06098,355925
1779315300000,0.06098,0.0611,0.06073,0.06107,342240
1779316200000,0.06107,0.0611,0.06093,0.06094,266179
1779317100000,0.06094,0.06114,0.06094,0.06105,3236
1779318000000,0.06105,0.06107,0.06094,0.06094,67240
1779318900000,0.06094,0.061,0.06083,0.06092,26996
1779319800000,0.06092,0.06106,0.0609,0.06097,100987
1779320700000,0.06097,0.0611,0.06097,0.0611,14639
1779321600000,0.0611,0.06129,0.06106,0.06127,127505
1779322500000,0.06127,0.06137,0.06117,0.06137,835166
1779323400000,0.06137,0.06156,0.06137,0.06155,47017
1779324300000,0.06155,0.06186,0.06153,0.06183,1033731
1779325200000,0.06183,0.06192,0.06171,0.06192,372496
1779326100000,0.06192,0.06199,0.06159,0.0617,529785
1779327000000,0.0617,0.06185,0.06162,0.06183,162368
1779327900000,0.06183,0.06191,0.06172,0.06191,62255
1779328800000,0.06191,0.06201,0.06186,0.06201,98013
1779329700000,0.06201,0.06226,0.06198,0.06217,995073
1779330600000,0.06217,0.06224,0.06208,0.06209,268678
1779331500000,0.06209,0.0622,0.06196,0.06201,455949
1779332400000,0.06201,0.06215,0.06198,0.06215,247963
1779333300000,0.06215,0.06234,0.06199,0.06227,149644
1779334200000,0.06227,0.0624,0.06227,0.06237,168734
1779335100000,0.06237,0.06248,0.0623,0.06241,216250
1779336000000,0.06241,0.06256,0.06226,0.06229,375231
1779336900000,0.06229,0.0625,0.06223,0.06241,383971
1779337800000,0.06241,0.06248,0.06225,0.0624,283867
1779338700000,0.0624,0.06252,0.06235,0.06245,343536
1779339600000,0.06245,0.06259,0.06234,0.06234,250843
1779340500000,0.06234,0.0624,0.06217,0.06219,1802576
1779341400000,0.06219,0.06219,0.06199,0.062,480843
1779342300000,0.062,0.06203,0.06174,0.06194,782628
1779343200000,0.06194,0.06195,0.06179,0.06187,211914
1779344100000,0.06187,0.06213,0.06184,0.062,527790
1779345000000,0.062,0.06213,0.06179,0.06183,616288
1779345900000,0.06183,0.06183,0.06173,0.0618,337238
1779346800000,0.0618,0.06204,0.0618,0.06192,167354
1779347700000,0.06192,0.06192,0.06172,0.06172,388119
1779348600000,0.06172,0.06211,0.06172,0.06211,30010
1779349500000,0.06211,0.06223,0.06205,0.06205,226689
1779350400000,0.06205,0.06261,0.06205,0.06261,608952
1779351300000,0.06261,0.06267,0.06244,0.06267,437683
1779352200000,0.06267,0.06271,0.06245,0.06251,396881
1779353100000,0.06251,0.06253,0.06238,0.06247,147773
1779354000000,0.06247,0.06255,0.06238,0.0625,215287
1779354900000,0.0625,0.0625,0.06234,0.06234,7048
1779355800000,0.06234,0.06234,0.06194,0.0621,92464
1779356700000,0.0621,0.06215,0.06195,0.06195,267540
1779357600000,0.06195,0.06204,0.06194,0.062,71039
1779358500000,0.062,0.06209,0.06135,0.06143,1120517
1779359400000,0.06143,0.06162,0.06121,0.0615,595190
1779360300000,0.0615,0.06152,0.06131,0.06133,275937
1779361200000,0.06133,0.06146,0.06105,0.06139,891270
1779362100000,0.06139,0.0615,0.06136,0.06141,424028
1779363000000,0.06141,0.06149,0.06121,0.06122,359880
1779363900000,0.06122,0.06133,0.06119,0.0612,452255
1779364800000,0.0612,0.06133,0.06114,0.0612,738486
1779365700000,0.0612,0.06128,0.0611,0.0611,407167
1779366600000,0.0611,0.06146,0.06099,0.06135,733346
1779367500000,0.06135,0.06144,0.06129,0.06129,56424
1779368400000,0.06129,0.06151,0.06127,0.06143,128092
1779369300000,0.06143,0.06162,0.06141,0.06162,54034
1779370200000,0.06162,0.06162,0.061,0.06103,846992
1779371100000,0.06103,0.06169,0.06103,0.06148,703688
1779372000000,0.06148,0.0617,0.06148,0.06161,336776
1779372900000,0.06161,0.06162,0.06116,0.06144,246155
1779373800000,0.06144,0.06174,0.06129,0.0613,150810
1779374700000,0.0613,0.06152,0.06129,0.06152,1647405
1779375600000,0.06152,0.06199,0.0614,0.0619,437711
1779376500000,0.0619,0.06234,0.06184,0.06232,740630
1779377400000,0.06232,0.06239,0.06191,0.06198,335396
1779378300000,0.06198,0.0622,0.0619,0.06196,430432
1779379200000,0.06196,0.06214,0.06184,0.06192,218614
1779380100000,0.06192,0.06195,0.06165,0.06171,176632
1779381000000,0.06171,0.06207,0.06171,0.06188,36965
1779381900000,0.06188,0.062,0.06174,0.062,29762
1779382800000,0.062,0.06245,0.06199,0.06236,231842
1779383700000,0.06236,0.06304,0.06236,0.06296,6837889
1779384600000,0.06296,0.06313,0.06288,0.06312,2624572
1779385500000,0.06312,0.06351,0.063,0.06319,929859
1779386400000,0.06319,0.06326,0.0629,0.06318,158456
1779387300000,0.06318,0.06358,0.06305,0.06345,950857
1779388200000,0.06345,0.06363,0.06334,0.0636,268689
1779389100000,0.0636,0.06361,0.06261,0.06294,1596134
1779390000000,0.06294,0.06329,0.06292,0.06319,391446
1779390900000,0.06319,0.06325,0.06301,0.06304,227433
1779391800000,0.06304,0.06346,0.06304,0.06343,245104
1779392700000,0.06343,0.06373,0.06337,0.06357,367610
1779393600000,0.06357,0.06368,0.06345,0.06365,114263
1779394500000,0.06365,0.06373,0.06356,0.06369,157568
1779395400000,0.06369,0.06416,0.06364,0.06416,696236
1779396300000,0.06416,0.06437,0.06404,0.06428,1086060
1779397200000,0.06428,0.06447,0.064,0.06408,602803
1779398100000,0.06408,0.06418,0.06406,0.06415,66662
1779399000000,0.06415,0.06415,0.06377,0.06377,18418
1779399900000,0.06377,0.0638,0.06353,0.06353,216529
1779400800000,0.06353,0.06358,0.06318,0.06342,360935
1779401700000,0.06342,0.06359,0.06336,0.06359,195822
1779402600000,0.06359,0.06365,0.06327,0.06346,178217
1779403500000,0.06346,0.06351,0.06339,0.06341,22338
1779404400000,0.06341,0.06362,0.06327,0.06327,78215
1779405300000,0.06327,0.06337,0.06316,0.06332,29426
1779406200000,0.06332,0.06366,0.06331,0.06347,159760
1779407100000,0.06347,0.06352,0.06333,0.06341,411765
1779408000000,0.06341,0.06345,0.06298,0.06301,3748886
1779408900000,0.06301,0.0631,0.06285,0.06285,303863
1779409800000,0.06285,0.06307,0.06284,0.06286,126063
1779410700000,0.06286,0.06292,0.06276,0.06276,152383
1779411600000,0.06276,0.06306,0.06274,0.06306,65312
1779412500000,0.06306,0.0631,0.06284,0.0629,110472
1779413400000,0.0629,0.06305,0.06264,0.06286,226783
1779414300000,0.06286,0.06306,0.06286,0.06301,201961
1779415200000,0.06301,0.06347,0.06301,0.06342,1153978
1779416100000,0.06342,0.06349,0.06321,0.06327,339189
1779417000000,0.06327,0.06338,0.06313,0.06333,212018
1779417900000,0.06333,0.0635,0.06324,0.06339,247723
1779418800000,0.06339,0.06358,0.06337,0.06348,122038
1779419700000,0.06348,0.0637,0.06342,0.06365,283408
1779420600000,0.06365,0.06373,0.06354,0.06357,552479
1779421500000,0.06357,0.06369,0.06352,0.06368,86321
1779422400000,0.06368,0.06389,0.06368,0.06389,180565
1779423300000,0.06389,0.06394,0.06377,0.06384,222037
1779424200000,0.06384,0.06395,0.06371,0.06371,70011
1779425100000,0.06371,0.0638,0.06343,0.0638,241440
1779426000000,0.0638,0.06402,0.06372,0.06402,187657
1779426900000,0.06402,0.06412,0.06373,0.06375,53742
1779427800000,0.06375,0.06387,0.06349,0.06366,103187
1779428700000,0.06366,0.06401,0.06359,0.06383,221938
1779429600000,0.06383,0.0639,0.06373,0.06389,344722
1779430500000,0.06389,0.06395,0.06358,0.06369,354106
1779431400000,0.06369,0.06369,0.06327,0.06339,591984
1779432300000,0.06339,0.06359,0.0633,0.0633,868970
1779433200000,0.0633,0.0633,0.06304,0.0631,712544
1779434100000,0.0631,0.06361,0.0631,0.06358,269955
1779435000000,0.06358,0.06386,0.06346,0.06382,179584
1779435900000,0.06382,0.06395,0.06369,0.06369,345900
1779436800000,0.06369,0.06406,0.06369,0.06405,468164
1779437700000,0.06405,0.06426,0.06398,0.06426,411409
1779438600000,0.06426,0.06434,0.06354,0.06373,627512
1779439500000,0.06373,0.0641,0.06373,0.06401,138001
1779440400000,0.06401,0.06433,0.06393,0.06421,208780
1779441300000,0.06421,0.06452,0.0642,0.06433,540122
1779442200000,0.06433,0.06442,0.0638,0.06398,525957
1779443100000,0.06398,0.0643,0.06394,0.06412,271264
1779444000000,0.06412,0.06422,0.06391,0.06414,447292
1779444900000,0.06414,0.06426,0.06388,0.06426,198926
1779445800000,0.06426,0.06457,0.06421,0.06457,261931
1779446700000,0.06457,0.06457,0.06418,0.06418,180662
1779447600000,0.06418,0.06453,0.06408,0.06437,547222
1779448500000,0.06437,0.06437,0.06389,0.06401,475307
1779449400000,0.06401,0.06433,0.06401,0.06427,309202
1779450300000,0.06427,0.06469,0.06424,0.06466,613568
1779451200000,0.06466,0.06478,0.06443,0.06458,498701
1779452100000,0.06458,0.06473,0.0644,0.06441,491004
1779453000000,0.06441,0.06481,0.06432,0.06469,675803
1779453900000,0.06469,0.06502,0.06469,0.06502,477899
1779454800000,0.06502,0.06518,0.06489,0.06504,707325
1779455700000,0.06504,0.06516,0.06471,0.06471,420311
1779456600000,0.06471,0.06478,0.06423,0.0645,1695015
1779457500000,0.0645,0.0646,0.06411,0.06429,382114
1779458400000,0.06429,0.06431,0.06366,0.06398,948251
1779459300000,0.06398,0.06405,0.06335,0.06369,2032246
1779460200000,0.06369,0.06376,0.06357,0.06365,583730
1779461100000,0.06365,0.06365,0.06331,0.06336,433218
1779462000000,0.06336,0.06359,0.06315,0.06317,430923
1779462900000,0.06317,0.06363,0.06311,0.06363,595900
1779463800000,0.06363,0.06386,0.06337,0.06346,112487
1779464700000,0.06346,0.06371,0.06338,0.06365,16810
1779465600000,0.06365,0.06389,0.06354,0.06379,208008
1779466500000,0.06379,0.06381,0.06351,0.06361,419032
1779467400000,0.06361,0.06388,0.06354,0.06363,115992
1779468300000,0.06363,0.06402,0.06363,0.06398,407763
1779469200000,0.06398,0.06418,0.06394,0.06404,222263
1779470100000,0.06404,0.06412,0.0636,0.06409,923390
1779471000000,0.06409,0.06418,0.06391,0.0641,194772
1779471900000,0.0641,0.0641,0.06359,0.06359,162690
1779472800000,0.06359,0.06362,0.06324,0.06347,725635
1779473700000,0.06347,0.06364,0.06335,0.06336,134890
1779474600000,0.06336,0.06341,0.0627,0.0627,1446559
1779475500000,0.0627,0.06276,0.06198,0.06251,1508677
1779476400000,0.06251,0.06258,0.06175,0.06203,887560
1779477300000,0.06203,0.06216,0.06178,0.06185,755075
1779478200000,0.06185,0.0619,0.06092,0.06124,6003017
1779479100000,0.06124,0.0617,0.06114,0.06147,2062559
1779480000000,0.06147,0.06177,0.0614,0.06164,510359
1779480900000,0.06164,0.06178,0.06158,0.06178,284392
1779481800000,0.06178,0.06184,0.0615,0.06184,472304
1779482700000,0.06184,0.062,0.06171,0.062,308447
1779483600000,0.062,0.06201,0.06185,0.06194,450017
1779484500000,0.06194,0.06207,0.0619,0.06205,144094
1779485400000,0.06205,0.06212,0.06192,0.06192,84788
1779486300000,0.06192,0.06208,0.06183,0.06183,114385
1779487200000,0.06183,0.06188,0.0617,0.06177,18012
1779488100000,0.06177,0.0618,0.06154,0.06154,176451
1779489000000,0.06154,0.06167,0.06124,0.06134,2699110
1779489900000,0.06134,0.06145,0.06134,0.06138,116005
1779490800000,0.06138,0.0616,0.06138,0.06154,414311
1779491700000,0.06154,0.06158,0.0611,0.06111,145053
1779492600000,0.06111,0.06124,0.06105,0.06122,365481
1779493500000,0.06122,0.06122,0.06039,0.06072,11499754
1779494400000,0.06072,0.06082,0.06045,0.06055,1180560
1779495300000,0.06055,0.06063,0.0605,0.0606,392311
1779496200000,0.0606,0.06063,0.06024,0.06046,801593
1779497100000,0.06046,0.06077,0.06046,0.06075,263052
1779498000000,0.06075,0.06088,0.06045,0.06047,597923
1779498900000,0.06047,0.06074,0.06042,0.0607,406509
1779499800000,0.0607,0.06085,0.0607,0.06077,96159
1779500700000,0.06077,0.06084,0.0607,0.06078,36313
1779501600000,0.06078,0.06092,0.06078,0.06081,305834
1779502500000,0.06081,0.06092,0.06081,0.06088,247361
1779503400000,0.06088,0.0609,0.06072,0.06086,1193128
1779504300000,0.06086,0.06095,0.06086,0.06091,87373
1779505200000,0.06091,0.061,0.06091,0.06098,59699
1779506100000,0.06098,0.06106,0.06097,0.06099,78836
1779507000000,0.06099,0.06112,0.06099,0.06101,85482
1779507900000,0.06101,0.06102,0.0609,0.0609,68474
1779508800000,0.0609,0.06097,0.06086,0.06089,98834
1779509700000,0.06089,0.06089,0.06066,0.06076,471679
1779510600000,0.06076,0.06088,0.0606,0.0606,187655
1779511500000,0.0606,0.06063,0.06053,0.06053,379788
1779512400000,0.06053,0.06059,0.06048,0.06051,280890
1779513300000,0.06051,0.06054,0.06015,0.06019,703909
1779514200000,0.06019,0.06035,0.0601,0.06032,2185324
1779515100000,0.06032,0.06032,0.06017,0.0602,362783
1779516000000,0.0602,0.06027,0.06016,0.06022,194755
1779516900000,0.06022,0.06028,0.0599,0.05997,5202046
1779517800000,0.05997,0.06002,0.05986,0.05992,361827
1779518700000,0.05992,0.05993,0.0597,0.05985,1172660
1779519600000,0.05985,0.05996,0.05957,0.05971,1141113
1779520500000,0.05971,0.05972,0.05956,0.05965,1041355
1779521400000,0.05965,0.05975,0.0595,0.05955,429976
1779522300000,0.05955,0.05955,0.05801,0.05873,14193497
1779523200000,0.05873,0.05874,0.05841,0.05869,1241455
1779524100000,0.05869,0.05873,0.05854,0.05854,753889
1779525000000,0.05854,0.05854,0.05826,0.0584,277967
1779525900000,0.0584,0.05873,0.0584,0.05869,444629
1779526800000,0.05869,0.05883,0.0586,0.0586,891434
1779527700000,0.0586,0.05865,0.05856,0.05865,67054
1779528600000,0.05865,0.05892,0.05865,0.05886,928648
1779529500000,0.05886,0.05904,0.05884,0.05894,554034
1779530400000,0.05894,0.05905,0.05888,0.05905,262130
1779531300000,0.05905,0.05908,0.05899,0.05901,90899
1779532200000,0.05901,0.05912,0.05901,0.05905,59395
1779533100000,0.05905,0.05905,0.0589,0.059,117825
1779534000000,0.059,0.05907,0.05897,0.05902,87983
1779534900000,0.05902,0.05904,0.05899,0.05899,9992
1779535800000,0.05899,0.059,0.05888,0.05888,54148
1779536700000,0.05888,0.0589,0.0588,0.05883,28034
1779537600000,0.05883,0.05883,0.05869,0.05874,257417
1779538500000,0.05874,0.05878,0.05862,0.0587,150187
1779539400000,0.0587,0.05899,0.0587,0.05891,302672
1779540300000,0.05891,0.05911,0.05891,0.05906,167272
1779541200000,0.05906,0.05936,0.05906,0.05931,250880
1779542100000,0.05931,0.05955,0.05931,0.05955,492636
1779543000000,0.05955,0.05962,0.0592,0.05943,1051002
1779543900000,0.05943,0.05966,0.05942,0.05954,538430
1779544800000,0.05954,0.05969,0.0594,0.05964,436714
1779545700000,0.05964,0.05965,0.05951,0.05958,244961
1779546600000,0.05958,0.0598,0.05954,0.05973,236687
1779547500000,0.05973,0.06015,0.05973,0.06004,722881
1779548400000,0.06004,0.06041,0.06002,0.06041,1823943
1779549300000,0.06041,0.06048,0.06031,0.06031,2721791
1779550200000,0.06031,0.06037,0.06021,0.06025,516842
1779551100000,0.06025,0.06048,0.06025,0.0604,167244
1779552000000,0.0604,0.06056,0.0604,0.06047,790478
1779552900000,0.06047,0.06058,0.06037,0.06044,326038
1779553800000,0.06044,0.06079,0.06042,0.06069,788930
1779554700000,0.06069,0.06082,0.06066,0.06071,174135
1779555600000,0.06071,0.06086,0.06057,0.0608,461073
1779556500000,0.0608,0.06095,0.06071,0.06094,292015
1779557400000,0.06094,0.06103,0.06063,0.06064,716708
1779558300000,0.06064,0.06067,0.06051,0.06063,200367
1779559200000,0.06063,0.06111,0.06058,0.06111,640527
1779560100000,0.06111,0.06133,0.06108,0.06126,433196
1779561000000,0.06126,0.06161,0.06126,0.06156,639307
1779561900000,0.06156,0.06156,0.06118,0.06123,676142
1779562800000,0.06123,0.06123,0.06102,0.06118,356019
1779563700000,0.06118,0.06145,0.06118,0.06138,463817
1779564600000,0.06138,0.06144,0.06122,0.06127,109099
1779565500000,0.06127,0.06138,0.06125,0.06134,120472
1779566400000,0.06134,0.06145,0.06117,0.06126,580015
1779567300000,0.06126,0.06132,0.06113,0.06113,286222
1779568200000,0.06113,0.06274,0.06103,0.0627,6339692
1779569100000,0.0627,0.06306,0.0625,0.06306,1225286
1779570000000,0.06306,0.06316,0.06241,0.06264,5067342
1779570900000,0.06264,0.06281,0.06253,0.06256,1216523
1779571800000,0.06256,0.06259,0.0622,0.06229,1084422
1779572700000,0.06229,0.06235,0.06199,0.06232,132265
1779573600000,0.06232,0.06256,0.06222,0.06229,525313
1779574500000,0.06229,0.06229,0.06198,0.06201,394322
1779575400000,0.06201,0.06201,0.0615,0.06177,717260
1779576300000,0.06177,0.06186,0.06172,0.06177,940203
1779577200000,0.06177,0.06186,0.06161,0.06171,628522
1779578100000,0.06171,0.06174,0.0615,0.06158,62639
1779579000000,0.06158,0.06175,0.06158,0.0616,147672
1779579900000,0.0616,0.06174,0.06157,0.06163,36917
1779580800000,0.06163,0.06179,0.06154,0.06156,363272
1779581700000,0.06156,0.06166,0.06153,0.06166,77244
1779582600000,0.06166,0.06206,0.06166,0.0619,1276600
1779583500000,0.0619,0.06205,0.06187,0.06201,389831
1779584400000,0.06201,0.06212,0.06192,0.06193,58942
1779585300000,0.06193,0.06202,0.06187,0.06188,34867
1779586200000,0.06188,0.06211,0.06188,0.06192,392343
1779587100000,0.06192,0.062,0.0618,0.06185,101701
1779588000000,0.06185,0.06193,0.06167,0.06191,398836
1779588900000,0.06191,0.06191,0.0615,0.06156,268296
1779589800000,0.06156,0.06165,0.06141,0.06165,337258
1779590700000,0.06165,0.06182,0.06165,0.06178,150987
1779591600000,0.06178,0.06198,0.06169,0.0617,416566
1779592500000,0.0617,0.06173,0.06162,0.06167,67209
1779593400000,0.06167,0.06167,0.06137,0.06143,121744
1779594300000,0.06143,0.06165,0.06143,0.0615,3050650
1779595200000,0.0615,0.06174,0.0615,0.06164,444599
1779596100000,0.06164,0.06167,0.06157,0.06158,123793
1779597000000,0.06158,0.06169,0.06154,0.06163,180662
1779597900000,0.06163,0.06163,0.06152,0.06152,79154
1779598800000,0.06152,0.06152,0.06125,0.06134,178019
1779599700000,0.06134,0.06134,0.06107,0.06118,198343
1779600600000,0.06118,0.06131,0.06111,0.06111,305200
1779601500000,0.06111,0.06141,0.06111,0.06134,253101
1779602400000,0.06134,0.06152,0.06134,0.0615,56087
1779603300000,0.0615,0.0615,0.06124,0.06124,246603
1779604200000,0.06124,0.0614,0.06118,0.0614,84510
1779605100000,0.0614,0.06174,0.0614,0.06167,369494
1779606000000,0.06167,0.06176,0.06156,0.06156,224146
1779606900000,0.06156,0.06156,0.06145,0.06154,310312
1779607800000,0.06154,0.06166,0.0615,0.06156,181418
1779608700000,0.06156,0.06156,0.06141,0.06148,278345
1779609600000,0.06148,0.06149,0.06135,0.06146,285399
1779610500000,0.06146,0.06165,0.06144,0.06159,226892
1779611400000,0.06159,0.06186,0.06158,0.06175,377193
1779612300000,0.06175,0.06187,0.06168,0.06187,325850
1779613200000,0.06187,0.06192,0.06177,0.06192,40015
1779614100000,0.06192,0.06202,0.06186,0.06198,301469
1779615000000,0.06198,0.06212,0.06193,0.06203,248192
1779615900000,0.06203,0.06204,0.06196,0.062,183669
1779616800000,0.062,0.062,0.06169,0.06171,349961
1779617700000,0.06171,0.06215,0.06171,0.06188,491734
1779618600000,0.06188,0.06189,0.06169,0.06172,182007
1779619500000,0.06172,0.06172,0.0616,0.06165,232431
1779620400000,0.06165,0.06179,0.06165,0.06172,209118
1779621300000,0.06172,0.06174,0.06154,0.06161,305293
1779622200000,0.06161,0.0617,0.06156,0.06157,157223
1779623100000,0.06157,0.06183,0.06154,0.06168,2431669
1779624000000,0.06168,0.06171,0.06157,0.06159,134379
1779624900000,0.06159,0.0616,0.06125,0.06131,248268
1779625800000,0.06131,0.06138,0.06117,0.06138,206825
1779626700000,0.06138,0.06141,0.06131,0.06139,296844
1779627600000,0.06139,0.06143,0.0613,0.06136,64018
1779628500000,0.06136,0.06146,0.0612,0.0612,191091
1779629400000,0.0612,0.0613,0.06113,0.06125,375511
1779630300000,0.06125,0.0613,0.06078,0.06092,1214761
1779631200000,0.06092,0.06101,0.06041,0.06057,1300941
1779632100000,0.06057,0.06062,0.06,0.06046,5064044
1779633000000,0.06046,0.06064,0.06043,0.06061,518334
1779633900000,0.06061,0.06072,0.06058,0.06064,360163
1779634800000,0.06064,0.06078,0.06062,0.06076,762836
1779635700000,0.06076,0.0608,0.06068,0.06074,160600
1779636600000,0.06074,0.06079,0.06072,0.06074,47771
1779637500000,0.06074,0.0608,0.06065,0.06066,591292
1779638400000,0.06066,0.06096,0.06065,0.06091,337249
1779639300000,0.06091,0.06103,0.06074,0.06078,145650
1779640200000,0.06078,0.06084,0.06066,0.06077,118013
1779641100000,0.06077,0.06093,0.06076,0.06093,188994
1779642000000,0.06093,0.06103,0.06092,0.06096,105804
1779642900000,0.06096,0.06102,0.06094,0.06102,119327
1779643800000,0.06102,0.06108,0.06093,0.06102,92875
1779644700000,0.06102,0.0611,0.06102,0.06103,46366
1779645600000,0.06103,0.06116,0.06093,0.06111,333680
1779646500000,0.06111,0.06112,0.06095,0.061,231851
1779647400000,0.061,0.061,0.06084,0.06086,186416
1779648300000,0.06086,0.06087,0.06077,0.06084,158550
1779649200000,0.06084,0.061,0.06083,0.06083,108436
1779650100000,0.06083,0.06088,0.06066,0.06069,375583
1779651000000,0.06069,0.06081,0.06068,0.06081,136336
1779651900000,0.06081,0.06089,0.0608,0.06083,83646
1779652800000,0.06083,0.06086,0.0606,0.06075,307999
1779653700000,0.06075,0.06075,0.06058,0.06063,132418
1779654600000,0.06063,0.0608,0.06044,0.06058,10506230
1779655500000,0.06058,0.06066,0.06043,0.06043,486731
1779656400000,0.06043,0.06063,0.06043,0.06063,269594
1779657300000,0.06063,0.06063,0.06015,0.06023,820588
1779658200000,0.06023,0.06023,0.05955,0.0596,4830842
1779659100000,0.0596,0.05984,0.05956,0.05973,596622
1779660000000,0.05973,0.0607,0.05973,0.06061,602729
1779660900000,0.06061,0.06068,0.06056,0.06059,286429
1779661800000,0.06059,0.06067,0.06038,0.06041,135757
1779662700000,0.06041,0.06064,0.06041,0.06044,77521
1779663600000,0.06044,0.06061,0.06044,0.0606,88036
1779664500000,0.0606,0.06062,0.06046,0.06052,88501
1779665400000,0.06052,0.06096,0.06052,0.06092,254183
1779666300000,0.06092,0.06092,0.06076,0.06076,312859
1779667200000,0.06076,0.061,0.06076,0.06097,220010
1779668100000,0.06097,0.06108,0.06095,0.06108,85076
1779669000000,0.06108,0.0611,0.061,0.06102,114252
1779669900000,0.06102,0.0611,0.06086,0.06089,88287
1779670800000,0.06089,0.06097,0.06074,0.06097,362874
1779671700000,0.06097,0.0611,0.06097,0.06103,123970
1779672600000,0.06103,0.06111,0.06093,0.06093,134221
1779673500000,0.06093,0.06096,0.06047,0.06053,255980
1779674400000,0.06053,0.06114,0.06053,0.06105,243544
1779675300000,0.06105,0.06105,0.0607,0.06083,335715
1779676200000,0.06083,0.0609,0.06066,0.0607,75886
1779677100000,0.0607,0.06078,0.06067,0.0607,120161
1779678000000,0.0607,0.06078,0.06056,0.06057,106650
1779678900000,0.06057,0.06066,0.06054,0.0606,680756
1779679800000,0.0606,0.06065,0.06051,0.06064,396815
1779680700000,0.06064,0.06081,0.06056,0.06074,405446
1779681600000,0.06074,0.06092,0.06074,0.06079,179121
1779682500000,0.06079,0.06102,0.0607,0.06102,76611
1779683400000,0.06102,0.06128,0.06102,0.06127,1389728
1779684300000,0.06127,0.06153,0.06124,0.06146,884466
1779685200000,0.06146,0.06172,0.06143,0.06161,302525
1779686100000,0.06161,0.06166,0.06153,0.06154,111768
1779687000000,0.06154,0.06183,0.06154,0.06183,102185
1779687900000,0.06183,0.06189,0.06175,0.06181,1053988
1779688800000,0.06181,0.06219,0.0618,0.06185,357244
1779689700000,0.06185,0.06187,0.06158,0.06167,128137
1779690600000,0.06167,0.06191,0.06167,0.06183,37623
1779691500000,0.06183,0.06198,0.06183,0.06194,101381
1779692400000,0.06194,0.06221,0.06194,0.06199,137561
1779693300000,0.06199,0.0621,0.06173,0.06173,330227
1779694200000,0.06173,0.06192,0.06171,0.06181,402571
1779695100000,0.06181,0.06209,0.06178,0.062,283831
1779696000000,0.062,0.06212,0.06197,0.06198,96765
1779696900000,0.06198,0.06198,0.0619,0.06193,45453
1779697800000,0.06193,0.06211,0.06192,0.06197,138533
1779698700000,0.06197,0.06209,0.06192,0.06201,344176
1779699600000,0.06201,0.06206,0.06187,0.06187,323924
1779700500000,0.06187,0.06192,0.06177,0.06187,1151328
1779701400000,0.06187,0.06197,0.06183,0.06191,192396
1779702300000,0.06191,0.06191,0.06183,0.06183,191626
1779703200000,0.06183,0.06196,0.06179,0.06195,29948
1779704100000,0.06195,0.0622,0.06195,0.06212,150364
1779705000000,0.06212,0.06218,0.06205,0.06206,51842
1779705900000,0.06206,0.06211,0.06195,0.06211,289440
1779706800000,0.06211,0.06212,0.06201,0.06203,126167
1779707700000,0.06203,0.06207,0.06196,0.06201,52474
1779708600000,0.06201,0.06201,0.06176,0.06176,259030
1779709500000,0.06176,0.06185,0.0616,0.06163,128029
1779710400000,0.06163,0.06176,0.06147,0.06176,648330
1779711300000,0.06176,0.06188,0.0617,0.06185,323942
1779712200000,0.06185,0.06192,0.06184,0.0619,154222
1779713100000,0.0619,0.06208,0.06187,0.06202,239309
1779714000000,0.06202,0.06206,0.06185,0.06191,47368
1779714900000,0.06191,0.06199,0.06185,0.06185,119045
1779715800000,0.06185,0.06194,0.06183,0.06192,93058
1779716700000,0.06192,0.0622,0.0619,0.06217,195477
1779717600000,0.06217,0.06251,0.06212,0.06244,936109
1779718500000,0.06244,0.06266,0.06239,0.06263,492456
1779719400000,0.06263,0.06266,0.06237,0.06242,232435
1779720300000,0.06242,0.06263,0.0624,0.06263,431829
1779721200000,0.06263,0.06285,0.0626,0.06263,375954
1779722100000,0.06263,0.06263,0.0623,0.06244,623961
1779723000000,0.06244,0.06256,0.06232,0.06254,92565
1779723900000,0.06254,0.06257,0.06227,0.06255,2998153
1779724800000,0.06255,0.06258,0.06243,0.06252,355668
1779725700000,0.06252,0.06266,0.06248,0.06254,163607
1779726600000,0.06254,0.06286,0.06252,0.06285,258439
1779727500000,0.06285,0.06306,0.06281,0.063,341975
1779728400000,0.063,0.06305,0.06287,0.06288,189967
1779729300000,0.06288,0.06288,0.06266,0.06278,187232
1779730200000,0.06278,0.0629,0.06267,0.06269,217634
1779731100000,0.06269,0.06269,0.06247,0.06257,92634
1779732000000,0.06257,0.06283,0.06257,0.06276,211898
1779732900000,0.06276,0.06297,0.06272,0.06293,214311
1779733800000,0.06293,0.06294,0.06266,0.0627,474174
1779734700000,0.0627,0.06279,0.06251,0.06255,374685
1779735600000,0.06255,0.06255,0.06229,0.06245,475246
1779736500000,0.06245,0.06261,0.06238,0.06261,241445
1779737400000,0.06261,0.06265,0.0623,0.06238,174128
1779738300000,0.06238,0.0625,0.06238,0.06245,31313
1779739200000,0.06245,0.06265,0.06245,0.06261,149771
1779740100000,0.06261,0.06271,0.06245,0.06245,96389
1779741000000,0.06245,0.06249,0.06197,0.06212,687751
1779741900000,0.06212,0.06226,0.06208,0.06216,104292
1779742800000,0.06216,0.06232,0.06216,0.06222,136266
1779743700000,0.06222,0.06224,0.06205,0.06224,109163
1779744600000,0.06224,0.06228,0.06216,0.06221,204667
1779745500000,0.06221,0.06241,0.06211,0.06241,145968
1779746400000,0.06241,0.06241,0.0622,0.06238,251602
1779747300000,0.06238,0.0624,0.06216,0.06219,100962
1779748200000,0.06219,0.06219,0.06166,0.06192,2028278
1779749100000,0.06192,0.06204,0.06172,0.06172,270876
1779750000000,0.06172,0.06198,0.06165,0.06187,61652
1779750900000,0.06187,0.06196,0.06176,0.06193,33432
1779751800000,0.06193,0.06205,0.06182,0.06182,89385
1779752700000,0.06182,0.06189,0.06175,0.06189,19124
1779753600000,0.06189,0.06189,0.06166,0.06179,1273167
1779754500000,0.06179,0.06181,0.06136,0.06153,501590
1779755400000,0.06153,0.06153,0.06106,0.06111,3526036
1779756300000,0.06111,0.06124,0.06087,0.06121,2007030
1779757200000,0.06121,0.06126,0.06089,0.06126,1771811
1779758100000,0.06126,0.06129,0.06094,0.06109,3644254
1779759000000,0.06109,0.06109,0.06071,0.06089,1479498
1779759900000,0.06089,0.06112,0.06084,0.06105,244298
1779760800000,0.06105,0.0612,0.0609,0.06118,348081
1779761700000,0.06118,0.06122,0.061,0.06109,282479
1779762600000,0.06109,0.06126,0.06101,0.06115,620816
1779763500000,0.06115,0.0613,0.06111,0.06111,316333
1779764400000,0.06111,0.06122,0.06103,0.06114,432872
1779765300000,0.06114,0.06131,0.06113,0.06119,192368
1779766200000,0.06119,0.06151,0.06119,0.06147,300147
1779767100000,0.06147,0.06195,0.06146,0.06191,2796340
1779768000000,0.06191,0.06217,0.06186,0.06209,1332338
1779768900000,0.06209,0.06305,0.06209,0.06296,2711985
1779769800000,0.06296,0.06319,0.06286,0.06319,592854
1779770700000,0.06319,0.06322,0.06276,0.06304,3400081
1779771600000,0.06304,0.06304,0.06257,0.06259,743736
1779772500000,0.06259,0.06344,0.06259,0.0634,1009425
1779773400000,0.0634,0.06378,0.06334,0.06361,1612966
1779774300000,0.06361,0.06361,0.06307,0.0636,2449448
1779775200000,0.0636,0.0637,0.06339,0.06349,2134831
1779776100000,0.06349,0.06352,0.06308,0.0633,1354736
1779777000000,0.0633,0.06401,0.0633,0.06379,946495
1779777900000,0.06379,0.064,0.06364,0.06364,1118240
1779778800000,0.06364,0.06384,0.06275,0.06278,2208334
1779779700000,0.06278,0.06333,0.06266,0.06322,1003404
1779780600000,0.06322,0.06341,0.06302,0.0633,3946686
1779781500000,0.0633,0.06381,0.06325,0.0638,1291226
1779782400000,0.0638,0.06409,0.06375,0.06398,692559
1779783300000,0.06398,0.06418,0.06383,0.06409,2411022
1779784200000,0.06409,0.06416,0.06374,0.06411,512167
1779785100000,0.06411,0.06411,0.0634,0.06349,3203099
1779786000000,0.06349,0.0635,0.06316,0.06339,750002
1779786900000,0.06339,0.06364,0.06312,0.06337,737605
1779787800000,0.06337,0.06343,0.06295,0.0631,639818
1779788700000,0.0631,0.06326,0.06299,0.06318,1024136
1779789600000,0.06318,0.0635,0.0631,0.06345,222276
1779790500000,0.06345,0.06436,0.06345,0.06429,824062
1779791400000,0.06429,0.0646,0.06426,0.06426,2043438
1779792300000,0.06426,0.06468,0.06417,0.06449,1714047
1779793200000,0.06449,0.06468,0.06431,0.06435,3410569
1779794100000,0.06435,0.06439,0.06411,0.06432,519631
1779795000000,0.06432,0.06457,0.06417,0.06439,1104345
1779795900000,0.06439,0.06486,0.06433,0.06462,1625247
1779796800000,0.06462,0.06488,0.06412,0.06461,3791574
1779797700000,0.06461,0.06484,0.06459,0.06484,572103
1779798600000,0.06484,0.06504,0.06469,0.06495,2029538
1779799500000,0.06495,0.06553,0.06493,0.06552,1762961
1779800400000,0.06552,0.06585,0.0653,0.06582,469185
1779801300000,0.06582,0.066,0.06544,0.06548,1702229
1779802200000,0.06548,0.0657,0.06486,0.06561,1817933
1779803100000,0.06561,0.06617,0.06542,0.06571,1379579
1779804000000,0.06571,0.06607,0.06552,0.06575,1831068
1779804900000,0.06575,0.0664,0.06575,0.06628,1632486
1779805800000,0.06628,0.0666,0.0659,0.06612,1601342
1779806700000,0.06612,0.06652,0.06601,0.06641,2393513
1779807600000,0.06641,0.06662,0.06534,0.06577,1477098
1779808500000,0.06577,0.06584,0.06491,0.06508,1150657
1779809400000,0.06508,0.0653,0.06463,0.0652,1807962
1779810300000,0.0652,0.06585,0.06474,0.06585,2487484
1779811200000,0.06585,0.0659,0.065,0.06546,1527532
1779812100000,0.06546,0.06603,0.06541,0.06589,709024
1779813000000,0.06589,0.06605,0.06531,0.06566,1587963
1779813900000,0.06566,0.06573,0.06527,0.06545,1118533
1779814800000,0.06545,0.06575,0.06503,0.06509,614337
1779815700000,0.06509,0.06512,0.0641,0.0641,2281317
1779816600000,0.0641,0.0643,0.06375,0.06416,1492143
1779817500000,0.06416,0.06453,0.06405,0.06444,695778
1779818400000,0.06444,0.06484,0.0644,0.06478,263494
1779819300000,0.06478,0.06534,0.06475,0.06505,1748645
1779820200000,0.06505,0.06508,0.06438,0.06451,1595248
1779821100000,0.06451,0.06486,0.06451,0.06462,2207331
1779822000000,0.06462,0.06487,0.06438,0.06438,287896
1779822900000,0.06438,0.06453,0.06429,0.06452,449465
1779823800000,0.06452,0.065,0.06446,0.065,47154
1779824700000,0.065,0.06557,0.06488,0.06541,663885
1779825600000,0.06541,0.06585,0.06539,0.0658,562167
1779826500000,0.0658,0.06604,0.06555,0.06603,1788242
1779827400000,0.06603,0.06604,0.06533,0.06557,1180468
1779828300000,0.06557,0.0657,0.06527,0.06551,697653
1779829200000,0.06551,0.06571,0.06502,0.06509,886222
1779830100000,0.06509,0.0658,0.06504,0.06579,679781
1779831000000,0.06579,0.06645,0.06579,0.06645,359636
1779831900000,0.06645,0.06652,0.06547,0.06558,1809822
1779832800000,0.06558,0.06596,0.06547,0.06573,1655250
1779833700000,0.06573,0.06586,0.06543,0.06583,585769
1779834600000,0.06583,0.06636,0.06582,0.0662,2273118
1779835500000,0.0662,0.06621,0.06559,0.06576,1779754
1779836400000,0.06576,0.06657,0.06575,0.06639,1519530
1779837300000,0.06639,0.06643,0.06604,0.06623,936275
1779838200000,0.06623,0.06646,0.0661,0.06626,598205
1779839100000,0.06626,0.06626,0.06575,0.06584,470459
1779840000000,0.06584,0.06681,0.0658,0.06678,2833579
1779840900000,0.06678,0.06678,0.06617,0.0667,1142259
1779841800000,0.0667,0.06724,0.06661,0.067,1153359
1779842700000,0.067,0.06793,0.06691,0.06789,3626539
1779843600000,0.06789,0.06847,0.06774,0.06847,4369583
1779844500000,0.06847,0.06869,0.06797,0.0685,1589733
1779845400000,0.0685,0.0687,0.06738,0.06771,3371710
1779846300000,0.06771,0.06821,0.06691,0.06705,2136883
1779847200000,0.06705,0.06729,0.06661,0.06716,1726847
1779848100000,0.06716,0.06716,0.06622,0.06657,1659483
1779849000000,0.06657,0.06664,0.06624,0.0663,828837
1779849900000,0.0663,0.06667,0.066,0.06667,678238
1779850800000,0.06667,0.06752,0.0665,0.0675,1188215
1779851700000,0.0675,0.0678,0.06739,0.0678,797245
1779852600000,0.0678,0.06821,0.06762,0.06775,1070269
1779853500000,0.06775,0.068,0.06732,0.06739,1057141
1779854400000,0.06739,0.06775,0.06725,0.06762,1575570
1779855300000,0.06762,0.06778,0.06708,0.06746,1356681
1779856200000,0.06746,0.06793,0.06696,0.06763,2233511
1779857100000,0.06763,0.0692,0.06763,0.06903,3262653
1779858000000,0.06903,0.06934,0.06858,0.06881,2090848
1779858900000,0.06881,0.06974,0.06869,0.06955,1333393
1779859800000,0.06955,0.06996,0.06935,0.0697,2821485
1779860700000,0.0697,0.07066,0.06969,0.07048,3362978
1779861600000,0.07048,0.07142,0.07043,0.07103,5584809
1779862500000,0.07103,0.07185,0.07093,0.07173,4875405
1779863400000,0.07173,0.07203,0.07071,0.07101,7864110
1779864300000,0.07101,0.072,0.07096,0.07188,3151611
1779865200000,0.07188,0.07258,0.07132,0.07149,4483593
1779866100000,0.07149,0.0718,0.07112,0.07154,1934266
1779867000000,0.07154,0.07194,0.07101,0.07185,2497380
1779867900000,0.07185,0.07238,0.07112,0.07238,2287788
1779868800000,0.07238,0.0725,0.0713,0.0713,2856715
1779869700000,0.0713,0.07172,0.07115,0.07154,2447751
1779870600000,0.07154,0.07215,0.07128,0.07137,2482831
1779871500000,0.07137,0.0716,0.0708,0.07132,1423364
1779872400000,0.07132,0.07139,0.07061,0.07117,1540825
1779873300000,0.07117,0.07238,0.07113,0.07202,1562304
1779874200000,0.07202,0.07316,0.07202,0.07263,4101049
1779875100000,0.07263,0.0728,0.07115,0.07122,3348174
1779876000000,0.07122,0.07125,0.07026,0.07049,2897733
1779876900000,0.07049,0.07089,0.0704,0.0706,1261241
1779877800000,0.0706,0.07113,0.07054,0.07104,2068075
1779878700000,0.07104,0.07121,0.0708,0.07113,782509
1779879600000,0.07113,0.07213,0.0711,0.07191,1530171
1779880500000,0.07191,0.07257,0.07191,0.07227,2046788
1779881400000,0.07227,0.07276,0.07206,0.07247,1606998
1779882300000,0.07247,0.07286,0.07193,0.07204,2249240
1779883200000,0.07204,0.07222,0.07062,0.07088,2831047
1779884100000,0.07088,0.07123,0.07042,0.07091,2019500
1779885000000,0.07091,0.07118,0.07043,0.07067,1051785
1779885900000,0.07067,0.0707,0.07003,0.07023,4808088
1779886800000,0.07023,0.07032,0.06915,0.06938,3894164
1779887700000,0.06938,0.06973,0.06906,0.06917,1030416
1779888600000,0.06917,0.06955,0.06866,0.06877,5352985
1779889500000,0.06877,0.06939,0.06867,0.06937,1869840
1779890400000,0.06937,0.06976,0.06915,0.06939,1841142
1779891300000,0.06939,0.0694,0.06833,0.0685,1301943
1779892200000,0.0685,0.06866,0.06818,0.0686,1386277
1779893100000,0.0686,0.06914,0.0686,0.06909,618444
1779894000000,0.06909,0.0693,0.06887,0.06927,813114
1779894900000,0.06927,0.07045,0.06927,0.07032,2427444
1779895800000,0.07032,0.07065,0.07016,0.07021,691358
1779896700000,0.07021,0.07031,0.06954,0.06976,542896
1779897600000,0.06976,0.07035,0.06976,0.07012,881844
1779898500000,0.07012,0.07015,0.06931,0.0695,676744
1779899400000,0.0695,0.06951,0.06871,0.06897,4878675
1779900300000,0.06897,0.06925,0.06888,0.06925,1180090
1779901200000,0.06925,0.0693,0.06824,0.06832,2332787
1779902100000,0.06832,0.06871,0.06808,0.06866,1787010
1779903000000,0.06866,0.06866,0.06799,0.06809,1367874
1779903900000,0.06809,0.06822,0.06774,0.06815,2661529
1779904800000,0.06815,0.06815,0.06776,0.06791,814851
1779905700000,0.06791,0.06845,0.06784,0.06824,1987746
1779906600000,0.06824,0.06855,0.06813,0.06852,430575
1779907500000,0.06852,0.06913,0.0684,0.06894,1128234
1779908400000,0.06894,0.06932,0.06893,0.06932,2133825
1779909300000,0.06932,0.06953,0.06913,0.06942,638419
1779910200000,0.06942,0.06976,0.06927,0.06935,695605
1779911100000,0.06935,0.06953,0.0691,0.0693,257631
1779912000000,0.0693,0.06938,0.06903,0.06919,766516
1779912900000,0.06919,0.06952,0.06879,0.06888,995585
1779913800000,0.06888,0.06905,0.06869,0.06902,357701
1779914700000,0.06902,0.06909,0.06892,0.06893,165945
1779915600000,0.06893,0.0692,0.0688,0.06908,606411
1779916500000,0.06908,0.06908,0.06851,0.06854,318749
1779917400000,0.06854,0.06854,0.06684,0.06721,9561181
1779918300000,0.06721,0.06746,0.0669,0.06743,978227
1779919200000,0.06743,0.06756,0.06659,0.06673,1699609
1779920100000,0.06673,0.06706,0.0666,0.06702,386780
1779921000000,0.06702,0.06725,0.06683,0.06698,1431008
1779921900000,0.06698,0.06698,0.06642,0.06642,690928
1779922800000,0.06642,0.06661,0.06631,0.06643,588171
1779923700000,0.06643,0.06656,0.06616,0.06622,476825
1779924600000,0.06622,0.06659,0.06621,0.06632,224883
1779925500000,0.06632,0.06644,0.06602,0.06604,621608
1779926400000,0.06604,0.0668,0.06589,0.06649,1446234
1779927300000,0.06649,0.06694,0.06646,0.0668,1122978
1779928200000,0.0668,0.06717,0.06669,0.06717,1153951
1779929100000,0.06717,0.06777,0.06713,0.06768,1873711
1779930000000,0.06768,0.06817,0.06758,0.06804,1663685
1779930900000,0.06804,0.06819,0.06733,0.06789,1559825
1779931800000,0.06789,0.06837,0.06745,0.06799,1086950
1779932700000,0.06799,0.06856,0.06799,0.06845,1837816
1779933600000,0.06845,0.06904,0.06827,0.06894,1059836
1779934500000,0.06894,0.06909,0.06821,0.06899,1374790
1779935400000,0.06899,0.06914,0.06833,0.06903,844902
1779936300000,0.06903,0.06946,0.06896,0.06915,664581
1779937200000,0.06915,0.06944,0.06868,0.06914,766614
1779938100000,0.06914,0.06929,0.06782,0.06837,3159443
1779939000000,0.06837,0.06843,0.06745,0.06754,1821956
1779939900000,0.06754,0.0682,0.06689,0.06738,3228698
1779940800000,0.06738,0.06767,0.06682,0.06691,2030480
1779941700000,0.06691,0.06701,0.06576,0.06599,4227360
1779942600000,0.06599,0.06759,0.06593,0.06757,3586924
1779943500000,0.06757,0.06766,0.06684,0.06766,1970438
1779944400000,0.06766,0.06824,0.06689,0.06715,2089260
1779945300000,0.06715,0.06729,0.06661,0.0669,1895171
1779946200000,0.0669,0.06811,0.06685,0.06806,956136
1779947100000,0.06806,0.06814,0.06732,0.06781,1184618
1779948000000,0.06781,0.06813,0.06719,0.06738,778769
1779948900000,0.06738,0.06808,0.06713,0.06808,706008
1779949800000,0.06808,0.06813,0.06728,0.06773,717076
1779950700000,0.06773,0.06846,0.06771,0.06787,1634392
1779951600000,0.06787,0.06833,0.06751,0.06795,1581690
1779952500000,0.06795,0.06894,0.06795,0.06876,2250641
1779953400000,0.06876,0.06903,0.06849,0.06857,1201201
1779954300000,0.06857,0.06867,0.0682,0.06864,959417
1779955200000,0.06864,0.06897,0.06823,0.06897,796571
1779956100000,0.06897,0.06898,0.0682,0.0682,458005
1779957000000,0.0682,0.0686,0.06799,0.06816,1891096
1779957900000,0.06816,0.0683,0.06773,0.06795,1649941
1779958800000,0.06795,0.06832,0.06756,0.06781,673485
1779959700000,0.06781,0.06824,0.06764,0.06791,640190
1779960600000,0.06791,0.06837,0.06755,0.06812,973179
1779961500000,0.06812,0.06888,0.06812,0.06888,575797
1779962400000,0.06888,0.06906,0.06844,0.06847,903342
1779963300000,0.06847,0.06873,0.0674,0.06786,1159728
1779964200000,0.06786,0.06802,0.0673,0.06756,1001998
1779965100000,0.06756,0.06771,0.06661,0.06668,1352261
1779966000000,0.06668,0.06682,0.06633,0.06654,1179363
1779966900000,0.06654,0.06703,0.06646,0.06687,1494084
1779967800000,0.06687,0.06736,0.06681,0.06734,626593
1779968700000,0.06734,0.06806,0.06734,0.068,1271051
1779969600000,0.068,0.06842,0.0677,0.06782,1892035
1779970500000,0.06782,0.06792,0.06738,0.06773,1236758
1779971400000,0.06773,0.06879,0.06771,0.06858,3922947
1779972300000,0.06858,0.06913,0.06857,0.06897,2219193
1779973200000,0.06897,0.0692,0.06762,0.06784,1703290
1779974100000,0.06784,0.0681,0.06728,0.06803,2289256
1779975000000,0.06803,0.0683,0.06748,0.06786,2358025
1779975900000,0.06786,0.06803,0.06704,0.06723,1792290
1779976800000,0.06723,0.0681,0.06655,0.0681,4447432
1779977700000,0.0681,0.06878,0.0675,0.06777,1780406
1779978600000,0.06777,0.06848,0.06757,0.06808,835675
1779979500000,0.06808,0.06847,0.06767,0.06808,894400
1779980400000,0.06808,0.06854,0.0677,0.0677,619749
1779981300000,0.0677,0.0686,0.06724,0.0686,1809930
1779982200000,0.0686,0.06905,0.06827,0.06898,967216
1779983100000,0.06898,0.06933,0.0685,0.0686,1381770
1779984000000,0.0686,0.0686,0.0675,0.0681,2739540
1779984900000,0.0681,0.0682,0.06775,0.06806,670467
1779985800000,0.06806,0.06925,0.06799,0.06925,1460867
1779986700000,0.06925,0.07015,0.06925,0.06974,2558572
1779987600000,0.06974,0.07066,0.0696,0.07033,1294388
1779988500000,0.07033,0.07034,0.06969,0.06997,543293
1779989400000,0.06997,0.07094,0.0698,0.07078,1461909
1779990300000,0.07078,0.07115,0.07021,0.07068,1007264
1779991200000,0.07068,0.0712,0.07051,0.07067,1214948
1779992100000,0.07067,0.07082,0.07025,0.0704,1465630
1779993000000,0.0704,0.07042,0.06975,0.06999,720470
1779993900000,0.06999,0.07046,0.06993,0.07022,433733
1779994800000,0.07022,0.07032,0.06974,0.07014,517509
1779995700000,0.07014,0.07043,0.06983,0.07015,358992
1779996600000,0.07015,0.0702,0.06967,0.06976,151636
1779997500000,0.06976,0.06996,0.06933,0.06945,968851
1779998400000,0.06945,0.0696,0.06887,0.06906,1455087
1779999300000,0.06906,0.0697,0.06903,0.06939,745777
1780000200000,0.06939,0.07006,0.06932,0.07003,1116069
1780001100000,0.07003,0.07004,0.06945,0.06958,676684
1780002000000,0.06958,0.06966,0.06915,0.06953,1414458
1780002900000,0.06953,0.06962,0.06904,0.06909,232449
1780003800000,0.06909,0.06925,0.06872,0.0688,474621
1780004700000,0.0688,0.06893,0.06873,0.06882,283603
1780005600000,0.06882,0.06895,0.06859,0.0687,1047324
1780006500000,0.0687,0.06876,0.06822,0.06822,1548640
1780007400000,0.06822,0.06834,0.06785,0.06789,573298
1780008300000,0.06789,0.06836,0.06787,0.0681,555368
1780009200000,0.0681,0.06823,0.06791,0.06823,404183
1780010100000,0.06823,0.0684,0.06807,0.06814,496348
1780011000000,0.06814,0.06815,0.06774,0.06795,1314602
1780011900000,0.06795,0.0681,0.06769,0.06784,776719
1780012800000,0.06784,0.0682,0.06784,0.06819,1341168
1780013700000,0.06819,0.06834,0.0679,0.06794,2426631
1780014600000,0.06794,0.06824,0.06782,0.0681,340098
1780015500000,0.0681,0.06813,0.06743,0.06768,1503808
1780016400000,0.06768,0.0679,0.06755,0.06771,557275
1780017300000,0.06771,0.06777,0.06716,0.06734,1269671
1780018200000,0.06734,0.06744,0.06695,0.06728,1285805
1780019100000,0.06728,0.06728,0.0668,0.06694,852401
1780020000000,0.06694,0.06715,0.0668,0.0668,307523
1780020900000,0.0668,0.0669,0.06605,0.06613,2597563
1780021800000,0.06613,0.06623,0.06571,0.06582,1721302
1780022700000,0.06582,0.06602,0.06527,0.06539,2480923
1780023600000,0.06539,0.06635,0.06531,0.06626,3171015
1780024500000,0.06626,0.0664,0.0661,0.0663,684080
1780025400000,0.0663,0.06654,0.06611,0.06622,1227173
1780026300000,0.06622,0.06622,0.06572,0.06585,891987
1780027200000,0.06585,0.06612,0.06537,0.06537,1105516
1780028100000,0.06537,0.06622,0.06531,0.06603,1143389
1780029000000,0.06603,0.06638,0.06603,0.0662,700726
1780029900000,0.0662,0.06641,0.06596,0.06621,522263
1780030800000,0.06621,0.06649,0.06612,0.06627,799888
1780031700000,0.06627,0.0664,0.06596,0.06619,1035711
1780032600000,0.06619,0.06619,0.06567,0.06598,622175
1780033500000,0.06598,0.06641,0.06598,0.06618,638013
1780034400000,0.06618,0.06643,0.06595,0.0664,816864
1780035300000,0.0664,0.06693,0.06628,0.06657,1314434
1780036200000,0.06657,0.06662,0.06636,0.06651,700399
1780037100000,0.06651,0.06704,0.06651,0.06693,1145095
1780038000000,0.06693,0.06711,0.06686,0.06688,739596
1780038900000,0.06688,0.06724,0.06669,0.06686,880562
1780039800000,0.06686,0.06686,0.06605,0.06606,1369963
1780040700000,0.06606,0.06666,0.06606,0.06666,705585
1780041600000,0.06666,0.0669,0.06652,0.0669,666925
1780042500000,0.0669,0.06779,0.0668,0.06755,3083429
1780043400000,0.06755,0.06776,0.06724,0.06766,598762
1780044300000,0.06766,0.0681,0.06764,0.068,807769
1780045200000,0.068,0.06819,0.06743,0.06797,1598591
1780046100000,0.06797,0.06848,0.06783,0.06814,760659
1780047000000,0.06814,0.06816,0.06758,0.06781,546914
1780047900000,0.06781,0.06781,0.06757,0.0676,328989
1780048800000,0.0676,0.0678,0.06743,0.06765,518626
1780049700000,0.06765,0.06765,0.06709,0.06714,663626
1780050600000,0.06714,0.06737,0.06689,0.06718,903835
1780051500000,0.06718,0.06734,0.067,0.06705,196433
1780052400000,0.06705,0.06716,0.0669,0.06714,571536
1780053300000,0.06714,0.06714,0.06691,0.06704,277945
1780054200000,0.06704,0.06707,0.06645,0.06659,1366666
1780055100000,0.06659,0.06659,0.06586,0.06613,1249729
1780056000000,0.06613,0.06618,0.06573,0.06588,1563988
1780056900000,0.06588,0.06601,0.06568,0.06573,495518
1780057800000,0.06573,0.06587,0.06516,0.06529,2023029
1780058700000,0.06529,0.06536,0.06484,0.06487,1467431
1780059600000,0.06487,0.06487,0.06365,0.06399,10009964
1780060500000,0.06399,0.06417,0.06365,0.06368,940780
1780061400000,0.06368,0.0639,0.06342,0.06378,2720482
1780062300000,0.06378,0.06394,0.06349,0.06352,1358831
1780063200000,0.06352,0.06379,0.0633,0.06356,1581545
1780064100000,0.06356,0.06367,0.06267,0.06355,5504196
1780065000000,0.06355,0.0636,0.06278,0.06295,2451997
1780065900000,0.06295,0.064,0.06287,0.06353,3565036
1780066800000,0.06353,0.0647,0.06346,0.06464,3352983
1780067700000,0.06464,0.06535,0.0644,0.06523,2132306
1780068600000,0.06523,0.06603,0.06523,0.06534,2196464
1780069500000,0.06534,0.06587,0.0652,0.06587,1687912
1780070400000,0.06587,0.06644,0.06568,0.06612,884249
1780071300000,0.06612,0.06625,0.06531,0.0656,809401
1780072200000,0.0656,0.06684,0.06557,0.06684,1302706
1780073100000,0.06684,0.06691,0.06651,0.06667,1059871
1780074000000,0.06667,0.06747,0.0665,0.06726,692006
1780074900000,0.06726,0.06727,0.06689,0.06724,546678
1780075800000,0.06724,0.06751,0.0671,0.0671,624003
1780076700000,0.0671,0.0671,0.06663,0.0668,1024175
1780077600000,0.0668,0.067,0.06652,0.06696,573682
1780078500000,0.06696,0.067,0.06631,0.06631,735748
1780079400000,0.06631,0.0664,0.0658,0.06617,1425973
1780080300000,0.06617,0.06623,0.06507,0.06551,1619180
1780081200000,0.06551,0.06553,0.06509,0.06513,295458
1780082100000,0.06513,0.06514,0.06478,0.06502,365848
1780083000000,0.06502,0.0657,0.06501,0.06551,1407084
1780083900000,0.06551,0.06558,0.06524,0.06529,564729
1780084800000,0.06529,0.06562,0.0651,0.06548,859726
1780085700000,0.06548,0.06563,0.0654,0.06559,128773
1780086600000,0.06559,0.06574,0.0655,0.0656,342742
1780087500000,0.0656,0.06567,0.06506,0.06535,207595
1780088400000,0.06535,0.06572,0.06518,0.06567,390072
1780089300000,0.06567,0.06567,0.06502,0.06503,319745
1780090200000,0.06503,0.0655,0.0649,0.06547,347125
1780091100000,0.06547,0.06548,0.06469,0.06476,470847
1780092000000,0.06476,0.06506,0.06467,0.06484,942248
1780092900000,0.06484,0.06508,0.06479,0.06491,360868
1780093800000,0.06491,0.06498,0.0647,0.06478,136903
1780094700000,0.06478,0.06543,0.06478,0.06532,714966
1780095600000,0.06532,0.06572,0.06526,0.06542,526331
1780096500000,0.06542,0.06569,0.06532,0.06566,400780
1780097400000,0.06566,0.06577,0.06548,0.06577,485176
1780098300000,0.06577,0.06607,0.06559,0.066,1571540
1780099200000,0.066,0.0675,0.06588,0.0673,2106356
1780100100000,0.0673,0.06797,0.0672,0.06797,1778022
1780101000000,0.06797,0.0685,0.0677,0.06839,1374232
1780101900000,0.06839,0.06923,0.06832,0.06907,2886186
1780102800000,0.06907,0.06915,0.06747,0.06747,2832623
1780103700000,0.06747,0.06773,0.06735,0.06741,803532
1780104600000,0.06741,0.06788,0.06732,0.06743,999244
1780105500000,0.06743,0.06817,0.06742,0.06813,798373
1780106400000,0.06813,0.06863,0.06811,0.06832,979533
1780107300000,0.06832,0.06856,0.0677,0.06779,1151147
1780108200000,0.06779,0.0682,0.06774,0.06807,651013
1780109100000,0.06807,0.0681,0.06766,0.06778,674183
1780110000000,0.06778,0.06778,0.06736,0.06761,674726
1780110900000,0.06761,0.0677,0.06728,0.06765,465245
1780111800000,0.06765,0.06774,0.06708,0.06721,653640
1780112700000,0.06721,0.06757,0.0671,0.0675,894090
1780113600000,0.0675,0.06768,0.06674,0.06697,1081308
1780114500000,0.06697,0.06697,0.06555,0.06562,5686400
1780115400000,0.06562,0.06569,0.06535,0.06569,718079
1780116300000,0.06569,0.06609,0.06564,0.06601,944446
1780117200000,0.06601,0.06641,0.06578,0.06638,1220004
1780118100000,0.06638,0.0664,0.06596,0.06596,2229353
1780119000000,0.06596,0.06612,0.06584,0.06595,928809
1780119900000,0.06595,0.06619,0.06591,0.06606,806624
1780120800000,0.06606,0.06622,0.06568,0.06569,472950
1780121700000,0.06569,0.06577,0.06535,0.06561,1074646
1780122600000,0.06561,0.06577,0.06553,0.06564,535475
1780123500000,0.06564,0.06565,0.06518,0.06537,608225
1780124400000,0.06537,0.06543,0.06519,0.06529,260229
1780125300000,0.06529,0.06529,0.06497,0.06524,575918
1780126200000,0.06524,0.06526,0.06479,0.0649,607421
1780127100000,0.0649,0.06499,0.06482,0.06497,449541
1780128000000,0.06497,0.06512,0.06479,0.06479,428484
1780128900000,0.06479,0.06501,0.06468,0.06497,833331
1780129800000,0.06497,0.06514,0.06496,0.06502,293480
1780130700000,0.06502,0.06502,0.06474,0.06475,160958
1780131600000,0.06475,0.06507,0.06475,0.06505,1123001
1780132500000,0.06505,0.06519,0.06493,0.06515,1144633
1780133400000,0.06515,0.06515,0.06464,0.0647,383049
1780134300000,0.0647,0.06497,0.06455,0.06486,1447088
1780135200000,0.06486,0.06499,0.06467,0.06491,288675
1780136100000,0.06491,0.06542,0.0649,0.06535,1236347
1780137000000,0.06535,0.06558,0.06529,0.06555,797736
1780137900000,0.06555,0.06568,0.06546,0.06562,876723
1780138800000,0.06562,0.06568,0.06541,0.06553,522052
1780139700000,0.06553,0.06572,0.06524,0.06569,722121
1780140600000,0.06569,0.06599,0.06568,0.0657,508914
1780141500000,0.0657,0.06588,0.06561,0.06561,324700
1780142400000,0.06561,0.06596,0.06561,0.0658,441705
1780143300000,0.0658,0.06596,0.06559,0.06587,465195
1780144200000,0.06587,0.066,0.06573,0.06575,270340
1780145100000,0.06575,0.06601,0.0657,0.06598,246928
1780146000000,0.06598,0.06645,0.06593,0.06641,834134
1780146900000,0.06641,0.06651,0.06609,0.06619,362403
1780147800000,0.06619,0.06623,0.06578,0.06623,467279
1780148700000,0.06623,0.06744,0.0662,0.06731,2737039
1780149600000,0.06731,0.06807,0.06727,0.0677,1458116
1780150500000,0.0677,0.06806,0.06745,0.06762,2321001
1780151400000,0.06762,0.06768,0.06727,0.06729,2500421
1780152300000,0.06729,0.06752,0.06719,0.06752,748560
1780153200000,0.06752,0.06767,0.06703,0.06759,763975
1780154100000,0.06759,0.06802,0.06743,0.06788,502865
1780155000000,0.06788,0.06803,0.06678,0.06696,1799537
1780155900000,0.06696,0.06737,0.06692,0.06707,991987
1780156800000,0.06707,0.06711,0.06673,0.06711,330367
1780157700000,0.06711,0.06721,0.06676,0.06691,397181
1780158600000,0.06691,0.06714,0.06679,0.06697,275172
1780159500000,0.06697,0.06711,0.06675,0.06691,353067
1780160400000,0.06691,0.06691,0.06665,0.0668,542117
1780161300000,0.0668,0.06697,0.06657,0.06661,563438
1780162200000,0.06661,0.06685,0.06637,0.0667,408479
1780163100000,0.0667,0.0669,0.0666,0.06684,413527
1780164000000,0.06684,0.06733,0.06671,0.06733,1462816
1780164900000,0.06733,0.06769,0.06732,0.06749,614804
1780165800000,0.06749,0.06787,0.0674,0.06786,440240
1780166700000,0.06786,0.06805,0.06769,0.06769,1199105
1780167600000,0.06769,0.06778,0.06745,0.06749,432391
1780168500000,0.06749,0.06793,0.0674,0.06744,434000
1780169400000,0.06744,0.06744,0.06704,0.06717,502806
1780170300000,0.06717,0.06742,0.06705,0.06726,797055
1780171200000,0.06726,0.06727,0.06699,0.06713,485932
1780172100000,0.06713,0.06728,0.06708,0.06714,118850
1780173000000,0.06714,0.06722,0.06693,0.06699,173843
1780173900000,0.06699,0.06706,0.06692,0.06695,190526
1780174800000,0.06695,0.06762,0.06676,0.06742,2550748
1780175700000,0.06742,0.06752,0.06725,0.06735,167416
1780176600000,0.06735,0.06735,0.06694,0.06694,578941
1780177500000,0.06694,0.06694,0.0667,0.06673,256871
1780178400000,0.06673,0.06674,0.06592,0.06628,1402266
1780179300000,0.06628,0.06648,0.06598,0.06617,707947
1780180200000,0.06617,0.06618,0.06583,0.06584,567130
1780181100000,0.06584,0.06631,0.06577,0.06631,671640
1780182000000,0.06631,0.06638,0.0659,0.06592,391867
1780182900000,0.06592,0.06626,0.0659,0.066,211448
1780183800000,0.066,0.066,0.06576,0.06592,253874
1780184700000,0.06592,0.06633,0.06592,0.06628,261637
1780185600000,0.06628,0.06651,0.06586,0.0659,937758
1780186500000,0.0659,0.06618,0.06588,0.06612,600065
1780187400000,0.06612,0.06614,0.06566,0.06601,413728
1780188300000,0.06601,0.06609,0.06584,0.06587,460337
1780189200000,0.06587,0.06615,0.06573,0.06578,311211
1780190100000,0.06578,0.06619,0.06578,0.06587,493626
1780191000000,0.06587,0.0661,0.06569,0.0658,665755
1780191900000,0.0658,0.06594,0.06569,0.06577,215665
1780192800000,0.06577,0.06612,0.06576,0.06603,554812
1780193700000,0.06603,0.06603,0.06549,0.06551,1620807
1780194600000,0.06551,0.06568,0.06542,0.06558,816431
1780195500000,0.06558,0.06586,0.06552,0.06573,321446
1780196400000,0.06573,0.06608,0.06573,0.06605,853904
1780197300000,0.06605,0.06616,0.06591,0.06601,343024
1780198200000,0.06601,0.06626,0.06593,0.06617,270465
1780199100000,0.06617,0.06623,0.06598,0.06616,784208
1780200000000,0.06616,0.06628,0.06607,0.06626,422068
1780200900000,0.06626,0.06684,0.06626,0.06684,629000
1780201800000,0.06684,0.06709,0.0668,0.06709,467916
1780202700000,0.06709,0.06752,0.06704,0.0674,906676
1780203600000,0.0674,0.06761,0.06734,0.06744,1037549
1780204500000,0.06744,0.06768,0.06731,0.06766,472049
1780205400000,0.06766,0.06828,0.06752,0.06754,1083326
1780206300000,0.06754,0.06762,0.06734,0.06739,895017
1780207200000,0.06739,0.06739,0.06683,0.06718,564187
1780208100000,0.06718,0.06753,0.06695,0.06705,1036065
1780209000000,0.06705,0.0672,0.06696,0.06707,322892
1780209900000,0.06707,0.06727,0.06679,0.06692,332495
1780210800000,0.06692,0.06692,0.06622,0.06641,579857
1780211700000,0.06641,0.06672,0.06603,0.06613,1285125
1780212600000,0.06613,0.06628,0.06592,0.06605,648781
1780213500000,0.06605,0.06611,0.06593,0.06609,979618
1780214400000,0.06609,0.06642,0.06608,0.0663,548470
1780215300000,0.0663,0.06646,0.06621,0.06625,370212
1780216200000,0.06625,0.0665,0.06616,0.0662,742759
1780217100000,0.0662,0.06625,0.06578,0.06611,895121
1780218000000,0.06611,0.06627,0.066,0.06624,283086
1780218900000,0.06624,0.06671,0.06619,0.0667,374135
1780219800000,0.0667,0.06747,0.0667,0.06727,1625128
1780220700000,0.06727,0.06745,0.06672,0.06683,798622
1780221600000,0.06683,0.06694,0.06654,0.06659,348849
1780222500000,0.06659,0.06673,0.06608,0.0662,903005
1780223400000,0.0662,0.06645,0.0662,0.06639,302833
1780224300000,0.06639,0.06743,0.06632,0.06737,699816
1780225200000,0.06737,0.06824,0.06737,0.06824,1072116
1780226100000,0.06824,0.0686,0.06747,0.06824,1110388
1780227000000,0.06824,0.06824,0.06777,0.06781,613058
1780227900000,0.06781,0.06806,0.06768,0.06802,566266
1780228800000,0.06802,0.06822,0.06748,0.06822,871844
1780229700000,0.06822,0.06873,0.06822,0.06863,916370
1780230600000,0.06863,0.06927,0.06863,0.06908,1192777
1780231500000,0.06908,0.06911,0.06786,0.06823,1377903
1780232400000,0.06823,0.06849,0.06786,0.06832,2072118
1780233300000,0.06832,0.06882,0.06832,0.06852,633544
1780234200000,0.06852,0.06874,0.06797,0.06807,584401
1780235100000,0.06807,0.06814,0.06774,0.0678,1153542
1780236000000,0.0678,0.06785,0.06705,0.06715,2031955
1780236900000,0.06715,0.06737,0.06593,0.06603,3907057
1780237800000,0.06603,0.0663,0.06564,0.06596,1873306
1780238700000,0.06596,0.06621,0.06585,0.06603,583014
1780239600000,0.06603,0.06631,0.06596,0.06611,359118
1780240500000,0.06611,0.06685,0.06603,0.06658,768299
1780241400000,0.06658,0.06662,0.06598,0.06611,667390
1780242300000,0.06611,0.06632,0.06586,0.0659,1504619
1780243200000,0.0659,0.06617,0.06566,0.06573,574452
1780244100000,0.06573,0.06576,0.06528,0.06557,2237672
1780245000000,0.06557,0.06557,0.06512,0.06524,1744276
1780245900000,0.06524,0.06534,0.06514,0.06524,277837
1780246800000,0.06524,0.06551,0.06512,0.06517,917252
1780247700000,0.06517,0.06562,0.06517,0.06552,482438
1780248600000,0.06552,0.06581,0.06552,0.06575,149029
1780249500000,0.06575,0.06588,0.0656,0.0656,247044
1780250400000,0.0656,0.06569,0.06542,0.06554,432557
1780251300000,0.06554,0.0658,0.06548,0.06575,324181
1780252200000,0.06575,0.06595,0.06572,0.06589,95683
1780253100000,0.06589,0.06592,0.06572,0.06577,549727
1780254000000,0.06577,0.06594,0.0655,0.06555,691416
1780254900000,0.06555,0.06555,0.06521,0.06527,540461
1780255800000,0.06527,0.06559,0.06506,0.06555,2447061
1780256700000,0.06555,0.06585,0.06555,0.06575,124376
1780257600000,0.06575,0.06609,0.06575,0.06585,865994
1780258500000,0.06585,0.06615,0.06585,0.06615,387612
1780259400000,0.06615,0.06641,0.06606,0.06634,477838
1780260300000,0.06634,0.0672,0.06634,0.06717,401314
1780261200000,0.06717,0.06775,0.06712,0.06763,1652745
1780262100000,0.06763,0.0681,0.0675,0.06756,1746143
1780263000000,0.06756,0.0681,0.06727,0.0681,1363070
1780263900000,0.0681,0.06845,0.06762,0.06778,1406644
1780264800000,0.06778,0.06822,0.06713,0.06822,3315162
1780265700000,0.06822,0.06851,0.06777,0.0684,758076
1780266600000,0.0684,0.06892,0.06831,0.0686,1993553
1780267500000,0.0686,0.0686,0.0681,0.06839,1956851
1780268400000,0.06839,0.06907,0.06815,0.06815,1885873
1780269300000,0.06815,0.06833,0.06787,0.06805,2108875
1780270200000,0.06805,0.06806,0.06752,0.06785,509132
1780271100000,0.06785,0.0681,0.06775,0.06802,1004476
1780272000000,0.06802,0.06893,0.06768,0.06893,4903321
1780272900000,0.06893,0.06912,0.06834,0.06902,1101109
1780273800000,0.06902,0.06914,0.06837,0.06848,1647836
1780274700000,0.06848,0.06867,0.06824,0.0683,2006210
1780275600000,0.0683,0.06835,0.06772,0.0679,1477675
1780276500000,0.0679,0.0679,0.0674,0.06763,837653
1780277400000,0.06763,0.06787,0.06709,0.06731,952016
1780278300000,0.06731,0.06754,0.06679,0.06689,3599196
1780279200000,0.06689,0.06826,0.06676,0.06815,2293587
1780280100000,0.06815,0.06862,0.06786,0.06853,2329879
1780281000000,0.06853,0.06903,0.06818,0.06886,4056403
1780281900000,0.06886,0.06908,0.06862,0.0687,375539
1780282800000,0.0687,0.06917,0.06855,0.06886,476450
1780283700000,0.06886,0.06916,0.0687,0.06904,663595
1780284600000,0.06904,0.0691,0.06849,0.06854,452430
1780285500000,0.06854,0.06866,0.06814,0.0683,2965105
1780286400000,0.0683,0.06851,0.06752,0.06782,10615047
1780287300000,0.06782,0.06783,0.06724,0.06727,211076
1780288200000,0.06727,0.06761,0.06726,0.06746,633414
1780289100000,0.06746,0.0675,0.06702,0.0674,512782
1780290000000,0.0674,0.06746,0.067,0.0673,381670
1780290900000,0.0673,0.0676,0.067,0.06712,360464
