18:37:52 | 📊 Paper Mode
18:37:54 | ✅ Connected | 802 futures markets
18:37:54 | 📊 Bitget Fees: Maker 0.02% | Taker 0.06%
18:37:54 | 📊 Market type: PERPETUAL FUTURES (swap) — verified
18:37:54 | 📋 Limit Orders: ENABLED (offset 0.1%)
18:37:54 | 📂 Loaded state: $252.81 | 3 positions | available $150.75 (locked $102.06)
18:37:54 | 📐 RISK @ $252.81: monthly dial 15% = $37.92/month  |  per-trade risk 0.341% = $0.86  |  break-even win rate 73% at the measured 0.36 payoff [C482]
18:37:54 |    today's loss limit is 25% of what the month has left, fixed at midnight (C482)
 
  ================================================================================================
  OMEGA C483  PAPER  Bitget perps
  23 Sep 2026   18:37
  start $252.81  risk dial 15%/month
  ================================================================================================
 
  RISK FRAME -------------------------------------------------------------------------------------
  EQUITY    $252.81  802 markets
  MONTH     dial 15% = $37.92 this month  used $0.00
  DAY       limit $9.48  25% of what the month has left, fixed at midnight
  RISK      0.341% = $0.86/trade  trades/day NO CAP
  EDGE      -0.0258 blended  25W 62L realised
  NEED      73% win at 0.36 payoff
  ------------------------------------------------------------------------------------------------
 
18:37:54 |    🔒 C378 stop level $0.11118 recorded (paper — C377 enforces it in-process) [C397 tick-legal]
18:37:54 |    🔒 C378 stop level $0.05746 recorded (paper — C377 enforces it in-process) [C397 tick-legal]
18:37:54 |    🔒 C378 stop level $10.963 recorded (paper — C377 enforces it in-process) [C397 tick-legal]
18:37:54 |    (legacy Flask page not installed — the dashboard is the control panel)
18:37:54 | 🌐 Remote control on http://0.0.0.0:8138 — TOKEN REQUIRED
18:37:54 |    📱 Same WiFi: http://10.0.0.160:8138/?t=<your token>
18:37:54 |    🌍 Internet: put a Cloudflare Tunnel in front of this port.
18:37:54 |        See deploy/DEPLOY.md — one command, no open ports, free.
18:37:54 | ============================================================
18:37:54 | 🤖 OMEGA V60 — INFORMATION ENGINE (C466)
18:37:54 |    🧪 C364 PAPER=LIVE PARITY — costs modelled in paper:
18:37:54 |       • entries: post-only, REJECTED if the limit would cross (mirrors C363 live)
18:37:54 |       • market fills: lift the ASK / hit the BID — never the last price
18:37:54 |       • exit fee: taker on current notional
18:37:54 |       • funding: charged per 8h settlement crossed
18:37:54 |       NOT modelled: partial fills, API outages, queue position.
18:37:54 | ============================================================
18:37:54 | 🔒 Score floor reset: 0.32 (single mode — HP retired at C403-3)
18:37:54 | 🧮 C458 EDGE STATE — what the ledger permits today:
18:37:54 |    realised 3W/17L → shrunk base rate 0.325; fair odds for a 2.00R target are 0.333
18:37:54 |    blended edge -0.0258  (prior +0.0467 x0.60 + realised -0.1346 x0.40 (n=20; anchored on realised payoff 0.36 (5W/14L in R) (break-even wr 0.734 vs realised 0.325 = e -0.4086) x extrapolation shrink 0.33 to T 1.41R))
18:37:54 |    ⚠️ THE EDGE IS NOT POSITIVE, so the E≥0 floor admits nothing and the gate is CORRECTLY shut. This is not a fault and it is not a quiet tape.
18:37:54 |    → C458-17 exploration will take up to 4 MINIMUM-SIZE trades/day after 10 empty scans, purely to rebuild the sample. Worst case ≈ $0.60/day.
18:37:54 |    → C458-16's rung is what reverses it: a trade that peaks at the rung and returns books a small WIN instead of a full loss, which RAISES the base rate, which opens this gate on its own. The loop runs the right way round for the first time.
18:37:55 | 📋 Version history: see CHANGELOG.md (auto-updated each revision)
18:37:55 | ============================================================
18:37:55 | 📊 ARCHITECTURE — what is actually running:
18:37:55 |   1 SCANNER    756 markets → volume floor → top 30 by liveliness
18:37:55 |   2 ENTRY      11 signal components → one score; only 3 hard vetoes
18:37:55 |                (can't pay fees / no room to stop / not tradeable).
18:37:55 |                Everything else is a weighted penalty [C403-5].
18:37:55 |                EXPECTANCY GATE [C404/C405]: R = proj×√t ÷ stop,
18:37:55 |                E = p(R×0.60)−(1−p); E must clear 0 AND the live percentile bar.
18:37:55 |                TRADES/DAY [C467]: NO CAP. No count target, no hard cap, no per-scan limit. 2/pair still applies (that is concentration, not pace).
18:37:55 |                What refuses a trade now: the three hard vetoes only — can't pay fees, no room to stop, not tradeable. E<0 is a PENALTY while p has no measured skill [C467].
18:37:55 |   3 MONITOR    SPLIT LOOP [C397]: prices every 0.8s (stop, floors);
18:37:55 |                OHLCV/DRI every 20s; regime every 90s, AFTER positions.
18:37:55 |   4 EXIT       4 questions: HARD STOP · THESIS DEAD (C399 retention)
18:37:55 |                · PROFIT FLOOR (C397 runner floor binds) · TIME.
18:37:55 |                Loss patience is BOUNDED at 1.35× the soft limit [C404-2].
18:37:55 |   SESSIONS     when each market DISCOVERS its price, in IST (US is currently on EDT):
18:37:55 |                crypto        24/7        · metals+energy  Globex ~24/5
18:37:55 |                US equity     19:00–01:30 IST  (a NIGHT session from India)
18:37:55 |                index futures Globex ~24/5 (SP500/NDX100 are futures, not cash)
18:37:55 |                Korea (KRX)   05:30–12:00 IST · HK  07:00–13:30 IST (lunch 09:30–10:30)
18:37:55 |                ● OPEN  crypto        24/7
18:37:55 |                ○ shut  us_equity     US cash closed
18:37:55 |                ● OPEN  index_future  Globex index
18:37:55 |                ● OPEN  metal         Globex
18:37:55 |                ○ shut  korea_equity  KRX closed
18:37:55 |                ○ shut  hk_equity     HKEX closed
18:37:55 |   UNIVERSE     crypto + 294 RWA perps (stocks/metals/energy/ETFs),
18:37:55 |                session-gated; leverage scaled to each instrument's own ATR;
18:37:55 |                fee burden inside E. ONE POOL, no per-class quota [C409].
18:37:55 |                WHY: crypto alive 39.3% of bars, ANY asset alive 59.8%
18:37:55 |                (+20.5pp). Cross-class aliveness corr +0.04/+0.14 vs
18:37:55 |                crypto's OWN internal factor corr +0.925 — real diversification.
18:37:55 |   EDGES        C398 capitulation tilt (down-side only, +4.67pp measured)
18:37:55 |                C396 session tilt · C401 taker-flow (instrumented)
18:37:55 |                C403-7 flow term ±10% on direction
18:37:55 |   RETIRED      HP phase ladder (C403-3: 5 incident classes, 0 benefit)
18:37:55 |                Guardian + C329 (C403-4: 4 controllers, none knew the risk)
18:37:55 |                per-symbol learning (C403-2: needs ~10 months of trades)
18:37:55 |                DSI+DRI divergence / DRI HARD (C399: unreachable by construction)
18:37:55 | ============================================================
18:37:55 | ============================================================
18:37:55 | ✅ DRI SYSTEM (11 components, renormalised to exactly 1.0 [C400]):
18:37:55 |    Threshold: 0.3 | Hard: 0.5
18:37:55 |    Weights: Mom=0.18 Tech=0.16 Vol=0.11
18:37:55 |    ML=0.04 Wave=0.04 OFI=0.06
18:37:55 |    Fund=0.05 MTF=0.06 RVS=0.07
18:37:55 |    PA=0.15(dyn→0.45) Time=0.10 — nominal sum 1.02, rescaled to 1.00 at runtime [C400: was 1.113]
18:37:55 |    DSI = 6 of those 11 (Mom/Vol/Tech/ML/Wave/MTF, sum 0.59) inverted, Hurst-modulated, now unit-scaled [C400]
18:37:55 |    READ THEM AS: DRI negative = reversal thesis STRONG; DRI→0 = thesis DYING. DSI positive = sustainable; DSI→0 = spent.
18:37:55 |    Updates: every 20s (15m candles do not move faster; prices stay on the 0.8s leg)
18:37:55 | ============================================================
18:37:55 | 📋 CONFIGURATION:
18:37:55 |    💰 Equity: $252.81 | Available: $150.75
18:37:55 |    📊 Position Sizing: Dynamic allocation, min $5.0 | 3-5 positions
18:37:55 |    🎲 Leverage: 1x-10x  (single mode — HP retired, C403-3)
18:37:55 |    📋 Limit Orders: ON | Maker 0.02% Taker 0.06%
18:37:55 |    🎚️ Loss control: monthly risk dial 15% — today may lose 25% of what the month has left (C482)
18:37:55 |    🛡️ Session drawdown breaker: off | Guardian: report only (C482)
18:37:55 |    ⏱️ Prices 0.8s | DRI 20s | Summary 480s | Min age 15min
18:37:55 |    🧠 Shared learning ON (Markov chains, calibration). Per-symbol memory OFF [C403-2].
18:37:55 | ============================================================
18:37:55 | 📊 MODE: NORMAL
18:37:55 |    Normal start: $250.00
18:37:55 | ============================================================
18:37:55 | 💡 Press Ctrl+C to stop safely
18:37:55 | ============================================================
18:37:55 | 🔄 Monitoring thread started — SPLIT LOOP [C397]: FAST leg every 0.8s (prices in PARALLEL → hard stop, trailing floor, peak floor, capture floor); SLOW leg every 20s (OHLCV/DRI) and 90s (BTC/ETH regime, AFTER positions are checked, never before)
18:37:55 | ⚠️ C58: Cache empty — forcing scan refresh
18:37:55 | ━━━━━━━━━━━━━━━━━━━━━━━━━━━━━━━━━━━━━━━━━━━━━━━━━━
18:37:55 | 📋 STEP 1: SCREENING — Scanning all futures markets
18:37:55 | ━━━━━━━━━━━━━━━━━━━━━━━━━━━━━━━━━━━━━━━━━━━━━━━━━━
18:37:55 |    🛡 牛来: trail held OFF — target $0.097328 not reached yet (+1.2%). Banking early is the worst-paying exit there is [C415]
18:37:56 |    📊 C451-2 funding cross-section: 802 pairs, median +0.0050%, p90 +0.0100% — crowding is now read against the BOARD, not against a fixed number [throttled 30min]
18:37:56 | 🔍 Scanning 802 markets for lively pairs...
18:37:56 |    🕒 C408: RWA held out this scan — us_equity×312 · hk_equity×8 · korea_equity×3  (they print 24/7 but only inform in session)
18:37:56 | 📊 327 pairs meet volume threshold ($750,000 relative)
18:37:56 |    🧮 C424 phase-2 caps ADD per desk: crypto 125/317 · energy 3/3 · index_future 2/2 · metal 5/5 = 135 (a global cap let a busy desk crowd out a quiet one; C417 already ruled that comparison meaningless) [throttled 15min]
18:38:02 |    🗂 C417 DESKS — each market scanned on its own terms:
18:38:02 |         ● crypto       universe  465  floor $   300k  passed  125  analysing  60
18:38:02 |         ○ us_equity    US cash closed
18:38:02 |         ● index_future universe    3  floor $   300k  passed    2  analysing   2
18:38:02 |         ● metal        universe    8  floor $   850k  passed    5  analysing   5
18:38:02 |         ● energy       universe    3  floor $  2091k  passed    3  analysing   3
18:38:02 |         ○ korea_equity KRX closed
18:38:02 |         ○ hk_equity    HKEX closed
18:38:02 |         → 70 pairs into Step 3 across 4 open markets (one budget each, they ADD — a second market never shrinks the first)
18:38:02 | 🏆 Top 70 pairs (PREDICTIVE: freshness + projected + geometric)
18:38:02 |    1. BTC/USDT:USDT: Live=0.791 V=$2629.8M Chg=-0.9% Proj=+0.04 Geo=+0.089
18:38:02 |    2. ETH/USDT:USDT: Live=0.966 V=$1831.6M Chg=-1.7% Proj=+0.24 Geo=+0.089
18:38:02 |    3. XRP/USDT:USDT: Live=0.721 V=$484.1M Chg=+1.0% Proj=+0.11 Geo=+0.185
18:38:02 |    4. ZEC/USDT:USDT: Live=0.753 V=$255.9M Chg=+6.7% Proj=+0.16 Geo=+0.061
18:38:02 |    5. SOL/USDT:USDT: Live=0.529 V=$237.1M Chg=-1.1% Proj=-0.04 Geo=+0.038
18:38:02 |    6. BCH/USDT:USDT: Live=1.016 V=$105.8M Chg=+11.8% Proj=+0.48 Geo=+0.045
18:38:02 |    7. XAU/USDT:USDT: Live=0.925 V=$119.6M Chg=-0.7% Proj=+0.40 Geo=-0.010
18:38:02 |    8. DOGE/USDT:USDT: Live=0.548 V=$128.7M Chg=-1.2% Proj=+0.03 Geo=+0.113
18:38:02 |    9. MUBARAK/USDT:USDT: Live=0.530 V=$94.4M Chg=-20.2% Proj=+0.03 Geo=+0.180
18:38:02 |    10. PEPE/USDT:USDT: Live=0.546 V=$72.1M Chg=-4.7% Proj=+0.05 Geo=+0.178
18:38:02 |    11. NEAR/USDT:USDT: Live=0.662 V=$105.6M Chg=+1.9% Proj=+0.17 Geo=+0.167
18:38:02 |    12. HYPE/USDT:USDT: Live=0.765 V=$83.2M Chg=-1.4% Proj=+0.28 Geo=+0.105
18:38:02 |    13. CL/USDT:USDT: Live=0.485 V=$69.1M Chg=+1.1% Proj=+0.01 Geo=+0.058
18:38:02 |    14. UNI/USDT:USDT: Live=0.533 V=$87.2M Chg=+0.4% Proj=+0.06 Geo=+0.213
18:38:02 |    15. LINK/USDT:USDT: Live=0.794 V=$29.3M Chg=-3.5% Proj=+0.34 Geo=+0.105
18:38:02 |    16. XAG/USDT:USDT: Live=0.443 V=$44.7M Chg=-1.1% Proj=+0.00 Geo=-0.016
18:38:02 |    17. AVAX/USDT:USDT: Live=0.783 V=$37.8M Chg=-2.8% Proj=+0.34 Geo=+0.114
18:38:02 |    18. TAO/USDT:USDT: Live=0.625 V=$23.7M Chg=-5.7% Proj=+0.19 Geo=+0.089
18:38:02 |    19. PUMP/USDT:USDT: Live=0.611 V=$17.5M Chg=-9.6% Proj=+0.18 Geo=+0.176
18:38:02 |    20. ENA/USDT:USDT: Live=0.629 V=$43.1M Chg=-1.6% Proj=+0.20 Geo=+0.020
18:38:02 |    21. BZ/USDT:USDT: Live=0.685 V=$20.9M Chg=+1.9% Proj=+0.26 Geo=+0.034
18:38:02 |    22. ARB/USDT:USDT: Live=0.729 V=$36.8M Chg=+3.8% Proj=+0.31 Geo=+0.132
18:38:02 |    23. NIL/USDT:USDT: Live=0.864 V=$30.9M Chg=+12.6% Proj=+0.45 Geo=+0.099
18:38:02 |    24. BNB/USDT:USDT: Live=0.741 V=$18.6M Chg=-1.7% Proj=+0.33 Geo=+0.104
18:38:02 |    25. APT/USDT:USDT: Live=0.567 V=$13.4M Chg=+7.5% Proj=+0.18 Geo=-0.022
18:38:02 |    26. COTI/USDT:USDT: Live=0.707 V=$4.4M Chg=+15.6% Proj=+0.32 Geo=+0.168
18:38:02 |    27. MET/USDT:USDT: Live=0.597 V=$7.0M Chg=+28.0% Proj=+0.22 Geo=+0.220
18:38:02 |    28. ONE/USDT:USDT: Live=0.650 V=$15.7M Chg=-19.6% Proj=+0.27 Geo=+0.094
18:38:02 |    29. RENDER/USDT:USDT: Live=0.600 V=$5.9M Chg=-5.3% Proj=+0.23 Geo=+0.163
18:38:02 |    30. ZRO/USDT:USDT: Live=0.551 V=$6.0M Chg=+16.7% Proj=+0.19 Geo=+0.086
18:38:02 |    31. HBAR/USDT:USDT: Live=0.620 V=$19.8M Chg=-1.3% Proj=+0.26 Geo=+0.175
18:38:02 |    32. LTC/USDT:USDT: Live=0.784 V=$24.7M Chg=-0.0% Proj=+0.42 Geo=+0.079
18:38:02 |    33. MARSCOIN/USDT:USDT: Live=0.549 V=$21.3M Chg=-2.1% Proj=+0.19 Geo=+0.085
18:38:02 |    34. XLM/USDT:USDT: Live=0.531 V=$20.4M Chg=-0.8% Proj=+0.17 Geo=+0.170
18:38:02 |    35. FARTCOIN/USDT:USDT: Live=0.624 V=$13.8M Chg=-4.7% Proj=+0.27 Geo=+0.168
18:38:02 |    36. CRV/USDT:USDT: Live=0.661 V=$5.8M Chg=-5.0% Proj=+0.31 Geo=+0.126
18:38:02 |    37. PAXG/USDT:USDT: Live=0.798 V=$11.2M Chg=-0.7% Proj=+0.45 Geo=+0.038
18:38:02 |    38. INJ/USDT:USDT: Live=0.627 V=$12.5M Chg=+3.1% Proj=+0.28 Geo=+0.077
18:38:02 |    39. NATGAS/USDT:USDT: Live=0.713 V=$4.6M Chg=+5.8% Proj=+0.37 Geo=-0.022
18:38:02 |    40. ASTER/USDT:USDT: Live=0.684 V=$5.5M Chg=-3.4% Proj=+0.34 Geo=+0.133
18:38:02 |    41. ZETA/USDT:USDT: Live=0.540 V=$5.9M Chg=-7.7% Proj=+0.20 Geo=+0.133
18:38:02 |    42. XAUT/USDT:USDT: Live=0.716 V=$8.5M Chg=-0.7% Proj=+0.38 Geo=+0.032
18:38:02 |    43. USELESS/USDT:USDT: Live=0.520 V=$13.2M Chg=+0.4% Proj=+0.20 Geo=+0.024
18:38:02 |    44. TRX/USDT:USDT: Live=0.819 V=$3.1M Chg=-1.2% Proj=+0.51 Geo=+0.057
18:38:02 |    45. SENT/USDT:USDT: Live=0.765 V=$0.9M Chg=+24.0% Proj=+0.45 Geo=+0.082
18:38:02 |    46. BGB/USDT:USDT: Live=0.543 V=$3.9M Chg=-2.6% Proj=+0.23 Geo=+0.131
18:38:02 |    47. FIGHT/USDT:USDT: Live=0.870 V=$1.8M Chg=+38.5% Proj=+0.57 Geo=+0.196
18:38:02 |    48. SEI/USDT:USDT: Live=0.601 V=$7.1M Chg=-1.6% Proj=+0.30 Geo=-0.030
18:38:02 |    49. APE/USDT:USDT: Live=0.828 V=$3.1M Chg=+8.2% Proj=+0.53 Geo=+0.061
18:38:02 |    50. RAY/USDT:USDT: Live=0.606 V=$3.5M Chg=+6.1% Proj=+0.32 Geo=+0.216
18:38:02 |    51. ZEST/USDT:USDT: Live=0.542 V=$1.1M Chg=+22.4% Proj=+0.26 Geo=+0.191
18:38:02 |    52. 牛来/USDT:USDT: Live=0.511 V=$5.3M Chg=-5.0% Proj=+0.24 Geo=+0.166
18:38:02 |    53. ICP/USDT:USDT: Live=0.676 V=$4.6M Chg=+3.1% Proj=+0.40 Geo=+0.012
18:38:02 |    54. GRT/USDT:USDT: Live=0.775 V=$1.2M Chg=+13.3% Proj=+0.51 Geo=+0.015
18:38:02 |    55. 0G/USDT:USDT: Live=0.509 V=$1.7M Chg=+11.8% Proj=+0.24 Geo=-0.010
18:38:02 |    56. SPX/USDT:USDT: Live=0.401 V=$2.1M Chg=-8.5% Proj=+0.13 Geo=+0.203
18:38:02 |    57. ACE/USDT:USDT: Live=0.772 V=$1.7M Chg=+9.5% Proj=+0.51 Geo=+0.096
18:38:02 |    58. GRASS/USDT:USDT: Live=0.510 V=$2.6M Chg=+6.6% Proj=+0.25 Geo=+0.075
18:38:02 |    59. MAGMA/USDT:USDT: Live=0.706 V=$1.2M Chg=+9.0% Proj=+0.46 Geo=+0.203
18:38:02 |    60. BEAT/USDT:USDT: Live=0.870 V=$1.7M Chg=+8.1% Proj=+0.63 Geo=+0.141
18:38:02 |    61. JUP/USDT:USDT: Live=0.708 V=$3.6M Chg=+1.2% Proj=+0.47 Geo=+0.001
18:38:02 |    62. US/USDT:USDT: Live=0.550 V=$0.7M Chg=+13.2% Proj=+0.32 Geo=+0.006
18:38:02 |    63. KMNO/USDT:USDT: Live=0.559 V=$0.7M Chg=+11.7% Proj=+0.33 Geo=+0.061
18:38:02 |    64. B2/USDT:USDT: Live=0.505 V=$3.3M Chg=-7.2% Proj=+0.28 Geo=+0.178
18:38:02 |    65. KAS/USDT:USDT: Live=0.614 V=$1.2M Chg=-3.2% Proj=+0.39 Geo=-0.001
18:38:02 |    66. GRVT/USDT:USDT: Live=0.545 V=$0.7M Chg=+4.1% Proj=+0.32 Geo=+0.075
18:38:02 |    67. BLESS/USDT:USDT: Live=0.580 V=$1.1M Chg=+8.1% Proj=+0.36 Geo=+0.094
18:38:02 |    68. GPS/USDT:USDT: Live=0.514 V=$0.7M Chg=+10.0% Proj=+0.30 Geo=+0.142
18:38:02 |    69. NDX100/USDT:USDT: Live=-0.123 V=$0.9M Chg=+0.6% Proj=-0.32 Geo=-0.015
18:38:02 |    70. COPPER/USDT:USDT: Live=0.134 V=$0.9M Chg=-0.6% Proj=-0.02 Geo=+0.091
18:38:02 |    🪞 C266 board-parity (top movers vs screen): FIGHT +39%[#47] | ALLO +31%[Live=0.42<cut] | MET +28%[#27] | SENT +24%[#45] | ZEST +22%[#51]
18:38:02 |    🔬 BTC geo: slope=+0.046 pure=+0.043
18:38:02 |    🔬 ETH geo: slope=+0.048 harm=+0.008 pure=+0.033
18:38:02 |    🔬 XRP geo: slope=+0.126 harm=+0.006 pure=+0.053
18:38:02 | 📦 OHLCV cache: 135 pairs cached for quick_scan
18:38:02 |    📰 C421-4: coin-name table loaded (15166 symbols) — the news layer can now resolve mid-caps the 24-entry typed map never held
18:38:02 |    📰 C421-4: news layer now covering 60 screened pairs; 50 have a resolvable coin name from venue metadata (the old typed map held 24 majors and the query asked only about bitcoin/ethereum)
18:38:02 | ━━━━━━━━━━━━━━━━━━━━━━━━━━━━━━━━━━━━━━━━━━━━━━━━━━
18:38:02 | 📋 STEP 2: MARKET ANALYSIS — News, Bias, Coherence
18:38:02 | ━━━━━━━━━━━━━━━━━━━━━━━━━━━━━━━━━━━━━━━━━━━━━━━━━━
18:38:03 |    🌍 C270 macro: NDX/SPX z=+0.72 gold z=-0.99 tone x1.00 sess w=1.00 -> tilt +0.071 | R -0.54->-0.47
18:38:03 | ✅ C79 RESULTANT: 1h=-0.57 4h=-0.50 12h=-0.60 R=-0.47 mag=0.47
18:38:14 |    🛡 KERNEL: trail held OFF — target $0.050966 not reached yet (+1.4%). Banking early is the worst-paying exit there is [C415]
18:38:17 | 📰 News: 35 articles | Market sentiment: 🔵 +0.58
18:38:17 | 📰 News: 35 articles | 🔵 +0.58
18:38:17 | 📈 Market: 🔻BEARISH (blend=-0.19 R=-0.47) | 1h=-0.57 4h=-0.50 12h=-0.60 align=+0.31 macro=✓
18:38:17 | 📊 Regime: MIXED (0.36) | DFA=0.60 Ent=0.89 GARCH=0.0014
18:38:17 | 🎲 RegimeMarkov: state=TD → next most-likely TD (P=0.86, persist=0.86, conf=0.84, n=253) | calib[1148]: acc=0.84 brier=0.056
18:38:17 | 🎲 PairMarkov: calib[19447]: acc=1.00 brier=0.000 (baseline 0.160)
18:38:17 | 🎲 FamilyMarkov: calib[2150/120]: acc=1.00 brier=0.005 (base 0.020) skill=+75.9% [need +5%] EARNED [C342]
18:38:17 | 🎲 IchiMarkov: calib[19233/200]: acc=0.83 brier=0.128 (base 0.153) skill=+16.1% [need +5%] EARNED [C343]
18:38:17 | 🧮 S3-EV: calib[119]: acc=0.33 brier=0.332 (baseline 0.250)
18:38:17 | 🌊 Market coherence: 53% long (31↑ vs 28↓)
18:38:18 | 💰 Taker flow: 🔵 +0.17 (BTC=+0.32 ETH=+0.02)
18:38:18 | ━━━━━━━━━━━━━━━━━━━━━━━━━━━━━━━━━━━━━━━━━━━━━━━━━━
18:38:18 | 📋 STEP 3: PREDICTIVE ANALYSIS — Scoring each pair
18:38:18 | ━━━━━━━━━━━━━━━━━━━━━━━━━━━━━━━━━━━━━━━━━━━━━━━━━━
18:38:38 |    📚 PairProfiles: 429 pairs in persistent baseline (135/135 mature this scan)
18:38:38 |    ------------------------------------
18:38:38 |    🧬 BTC: breadth 4/6 → conviction 0.41 | cat=majors/W-1.00(member) meanrev×1.40 | Sq=-0.03 fund=+0.004% OI=$2970.9M CVD=-0.12 ofi=-0.20 book=+0.19
18:38:38 |    🌍 C396 session tilt: Europe (13h UTC) → entry score ×1.12 [measured 55.9% Europe vs 46.5% Asia barrier-win]
18:38:38 |    📰 BTC: news long sig=0.30 score=+0.08
18:38:38 |    🎯 BTC: target 0.5%→0.6% — regime TD persisting 0.86 on an earned ledger (acc 0.84); room-to-structure defers to the trend [C340]
18:38:38 |    ☁️ BTC: ichimoku B- persisting 0.91 WITH the short → score ×1.04 (earned ledger) [C343]
18:38:38 |    ⚡ BTC: short news-tech conflict — score×0.70 (news long sig=0.30)
18:38:38 | 🔗 BTC: short capped — 3/3 already short (max 3)
18:38:38 |    ------------------------------------
18:38:38 |    🧬 ETH: breadth 3/6 → conviction 0.68 | cat=majors/W-0.99(member) meanrev×1.40 | Sq=-0.04 fund=+0.006% OI=$2111.1M CVD=-0.28 ofi=-0.06 book=+0.13
18:38:38 |    🧭 C403 flow term: takers are -0.72 AGAINST this long → score ×0.928
18:38:38 |    📰 ETH: news long sig=0.30 score=+0.22
18:38:38 |    ☁️ ETH: ichimoku B- persisting 0.91 AGAINST the long → score ×0.96 (earned ledger) [C343]
18:38:38 |    🚫 ETH: counter-trend BLOCK — dir long vs market R=-0.19 AND orderliness 0.10<0.33 (noisy). Long-into-trend is ~45%% barrier-win; no orderliness to justify it [C386]
18:38:39 |    ------------------------------------
18:38:39 |    🧬 XRP: breadth 4/6 → conviction 0.42 | cat=l1/W-0.99(member) momentum×0.75 | Sq=-0.06 fund=+0.010% OI=$275.0M CVD=-0.30 ofi=+0.12 book=+0.10
18:38:39 |    · XRP: news ~market score=+0.06 (no coin-specific articles)
18:38:39 |    🛑 XRP: SHORT at RSI 23 (oversold, stretched) → brake 17%
18:38:39 |    🎢→✅ XRP: parabola RESOLVED (bounce age 34c, unwound 8.8 ATR) → short allowed, penalty 15%
18:38:39 |    🧭 C436 direction probability: no source has earned skill — base rate (unchanged behaviour)
18:38:39 |    🧪 C420-5: S3 probability skill -32.8% over 119 scored trades (brier 0.332 vs baseline 0.250) → claims kept at ×0.00; p 0.65→0.33. NOT EARNED — p is the base rate [throttled 15min]
18:38:39 |    🧊 C455-3: expectancy reference carried over from the previous session — 13 candidates, bar at the 99th percentile. The first scan can now RANK instead of waving everything through at the floor.
18:38:39 |    ⚖️ C467: XRP E=-0.105R is below the +0.000R bar, but the probability feeding E has NO measured skill (Brier skill ≤ 0), so E does not get a veto — score taxed 5% instead and the other gates decide. The veto returns automatically when p starts beating a coin flip [C467, throttled 10min]
18:38:39 |    🎯 XRP: target 1.0%→1.8% — regime TD persisting 0.86 on an earned ledger (acc 0.84); room-to-structure defers to the trend [C340]
18:38:39 |    ☁️ XRP: ichimoku B- persisting 0.91 WITH the short → score ×1.04 (earned ledger) [C343]
18:38:39 |    ⚠️ XRP: short into bullish rejection candle at RSI 23 (counter-signal) -> conviction x0.85
18:38:39 |    ⚡ XRP: short wick rejection #1 → score×0.75
18:38:39 | 🔗 XRP: short capped — 3/3 already short (max 3)
18:38:40 |    ------------------------------------
18:38:40 |    🧬 ZEC: breadth 5/6 → conviction 0.73 | cat=privacy/W-0.88(member) meanrev×1.40 | Sq=-0.05 fund=+0.008% OI=$177.6M CVD=+0.14 ofi=+0.01 book=-0.27
18:38:40 |    📰 ZEC: news long sig=0.30 score=+0.14
18:38:40 |    🎢 ZEC: long BLOCKED — broken-parabola bounce (day range 10×ATR, 2.7 ATR below the day high) → post-blow-off distribution risk
18:38:40 |       ⚖️ parabola → score ×0.82 (penalty, not a veto — must still clear the bar) [C403]
18:38:40 |    🛑 ZEC: projection 0.18% < 0.50% (ATR-relative) + MA-fan not accelerating (ma_fan=+0.00) → blocked
18:38:40 |    ------------------------------------
18:38:40 |    🧬 SOL: breadth 2/5 → conviction 0.44 | cat=solana_eco/W-0.78(member) momentum×0.91 | Sq=-0.03 fund=+0.005% OI=$461.7M CVD=-0.28 ofi=+0.04 book=+0.22
18:38:40 |    📄 SOL: news long sig=0.12 score=+0.12
18:38:40 |    ☁️ SOL: ichimoku B- persisting 0.91 AGAINST the long → score ×0.96 (earned ledger) [C343]
18:38:40 |    🚫 SOL: counter-trend BLOCK — dir long vs market R=-0.19 AND orderliness 0.12<0.33 (noisy). Long-into-trend is ~45%% barrier-win; no orderliness to justify it [C386]
18:38:40 |    ------------------------------------
18:38:40 |    🧬 BCH: breadth 4/6 → conviction 0.57 | cat=l1/W+0.92(member) meanrev×0.71 | Sq=-0.04 fund=+0.007% OI=$26.7M CVD=-0.30 ofi=+0.01 book=-0.22
18:38:40 |    🧬 BCH: own-history vol 2.01% vs baseline 0.83% (×2.42) → abnormal-wild conviction ×0.95 [C286-2]
18:38:40 |    📄 BCH: news long sig=0.10 score=+0.08
18:38:41 |    🚫 BCH: counter-trend BLOCK — dir long vs market R=-0.19 AND orderliness 0.11<0.33 (noisy). Long-into-trend is ~45%% barrier-win; no orderliness to justify it [C386]
18:38:41 |    ------------------------------------
18:38:41 |    🧬 XAU: breadth 4/5 → conviction 0.83 | cat=calm/W-0.93(regime) meanrev×1.26 | Sq=-0.08 fund=+0.011% OI=$75.4M CVD=-0.38 ofi=-0.22 book=+0.25
18:38:41 |    📄 XAU: news long sig=0.10 score=+0.17
18:38:41 |    ☁️ XAU: ichimoku B- persisting 0.91 AGAINST the long → score ×0.96 (earned ledger) [C343]
18:38:41 |    🚫 XAU: counter-trend BLOCK — dir long vs market R=-0.19 AND orderliness 0.22<0.33 (noisy). Long-into-trend is ~45%% barrier-win; no orderliness to justify it [C386]
18:38:41 |    ------------------------------------
18:38:41 |    🧬 DOGE: breadth 3/6 → conviction 0.39 | cat=meme/W-0.01(member) meanrev×0.85 | Sq=-0.02 fund=+0.003% OI=$150.6M CVD=-0.23 ofi=-0.40 book=-0.01
18:38:41 |    · DOGE: news ~market score=+0.06 (no coin-specific articles)
18:38:41 |    ☁️ DOGE: ichimoku B- persisting 0.91 AGAINST the long → score ×0.96 (earned ledger) [C343]
18:38:41 |    🚫 DOGE: counter-trend BLOCK — dir long vs market R=-0.19 AND orderliness 0.07<0.33 (noisy). Long-into-trend is ~45%% barrier-win; no orderliness to justify it [C386]
18:38:42 |    ------------------------------------
18:38:42 |    🧬 MUBARAK: breadth 4/5 → conviction 0.86 | cat=wild/W+1.00(regime) meanrev×0.72 | Sq=-0.13 fund=+0.019% OI=$4.0M CVD=-0.18 ofi=-0.13 book=-0.26
18:38:42 |    🧬 MUBARAK: own-history vol 4.52% vs baseline 2.17% (×2.08) → abnormal-wild conviction ×0.97 [C286-2]
18:38:42 |    · MUBARAK: news ~market score=+0.06 (no coin-specific articles)
18:38:42 |    🛑 MUBARAK: SHORT at RSI 20 (oversold, stretched) → brake 23%
18:38:42 |    🎯 MUBARAK: target 5.0%→12.3% — regime TD persisting 0.86 on an earned ledger (acc 0.84); room-to-structure defers to the trend [C340]
18:38:42 |    ☁️ MUBARAK: ichimoku B- persisting 0.91 WITH the short → score ×1.04 (earned ledger) [C343]
18:38:42 | 🔗 MUBARAK: short capped — 3/3 already short (max 3)
18:38:42 |    🛡 AVAX: trail held OFF — target $9.7155 not reached yet (+1.1%). Banking early is the worst-paying exit there is [C415]
18:38:43 |    ------------------------------------
18:38:43 |    🧬 PEPE: breadth 2/6 → conviction 0.37 | cat=meme/W-0.26(member) meanrev×0.91 | Sq=-0.08 fund=+0.012% OI=$39.1M CVD=-0.21 ofi=+0.09
18:38:43 |    📰 PEPE: news long sig=0.30 score=+0.25
18:38:43 |    🛑 PEPE: SHORT at RSI 28 (oversold, stretched) → brake 5%
18:38:43 |    🎢→✅ PEPE: parabola RESOLVED (bounce age 2c, unwound 0.8 ATR, extreme re-touched) → short allowed, penalty 15%
18:38:43 |    🎯 PEPE: target 2.1%→3.0% — regime TD persisting 0.86 on an earned ledger (acc 0.84); room-to-structure defers to the trend [C340]
18:38:43 |    ☁️ PEPE: ichimoku B- persisting 0.91 WITH the short → score ×1.04 (earned ledger) [C343]
18:38:43 |    ⚡ PEPE: short news-tech conflict — score×0.70 (news long sig=0.30)
18:38:43 | 🔗 PEPE: short capped — 3/3 already short (max 3)
18:38:43 |    ------------------------------------
18:38:43 |    🧬 NEAR: breadth 6/6 → conviction 1.00 | cat=ai/W+0.42(member) momentum×1.23 | Sq=-0.06 fund=+0.010% OI=$79.2M CVD=+0.06 ofi=+0.32 book=-0.13
18:38:43 |    🧬 NEAR: own-history vol 1.99% vs baseline 1.13% (×1.76) → abnormal-wild conviction ×0.99 [C286-2]
18:38:43 |    📰 NEAR: news long sig=0.30 score=+0.04
18:38:44 |    ☁️ NEAR: ichimoku A+ persisting 0.78 WITH the long → score ×1.02 (earned ledger) [C343]
18:38:44 |    🚫 NEAR: counter-trend BLOCK — dir long vs market R=-0.19 AND orderliness 0.15<0.33 (noisy). Long-into-trend is ~45%% barrier-win; no orderliness to justify it [C386]
18:38:44 |    ------------------------------------
18:38:44 |    🧬 HYPE: breadth 3/5 → conviction 0.41 | cat=defi/W-0.79(member) meanrev×1.19 | Sq=-0.00 fund=+0.001% OI=$225.5M CVD=-0.14 ofi=+0.01 book=-0.23
18:38:44 |    📄 HYPE: news neutral sig=0.12 score=+0.00
18:38:44 |    🛑 HYPE: SHORT at RSI 28 (oversold, stretched) → brake 3%
18:38:44 |    🎢→✅ HYPE: parabola RESOLVED (bounce age 31c, unwound 6.6 ATR) → short allowed, penalty 15%
18:38:44 |    🎯 HYPE: target 0.7%→1.3% — regime TD persisting 0.86 on an earned ledger (acc 0.84); room-to-structure defers to the trend [C340]
18:38:44 |    ☁️ HYPE: ichimoku B- persisting 0.91 WITH the short → score ×1.04 (earned ledger) [C343]
18:38:44 |    ⚠️ HYPE: short into bullish rejection candle at RSI 28 (counter-signal) -> conviction x0.85
18:38:44 |    ⚡ HYPE: short wick rejection #1 → score×0.75
18:38:44 | 🔗 HYPE: short capped — 3/3 already short (max 3)
18:38:44 |    ------------------------------------
18:38:44 |    🧬 CL: breadth 5/5 → conviction 1.00 | cat=calm/W-0.84(regime) meanrev×1.24 | Sq=+0.01 fund=-0.001% OI=$36.9M CVD=-0.05 ofi=-0.22 book=+0.29
18:38:44 |    · CL: news ~market score=+0.06 (no coin-specific articles)
18:38:44 |    🛑 CL: LONG at RSI 73 (overbought, stretched) → brake 7%
18:38:44 |    🎢→✅ CL: parabola RESOLVED (pullback age 69c, recovered 6.6 ATR) → long allowed, penalty 15%
18:38:44 |    ⚡ CL: projection 0.46% modest + MA-fan compressing (ma_fan=+0.03) → penalty 20%
18:38:45 |    ☁️ CL: ichimoku A+ persisting 0.78 WITH the long → score ×1.02 (earned ledger) [C343]
18:38:45 |    ⚠️ CL: long into bearish rejection candle at RSI 73 (counter-signal) -> conviction x0.85
18:38:45 |    ⚡ CL: long wick rejection #1 → score×0.75
18:38:45 |    🚫 CL: counter-trend BLOCK — dir long vs market R=-0.19 AND orderliness 0.16<0.33 (noisy). Long-into-trend is ~45%% barrier-win; no orderliness to justify it [C386]
18:38:45 |    ------------------------------------
18:38:45 |    🧬 UNI: breadth 4/6 → conviction 0.63 | cat=defi/W+0.88(member) meanrev×0.74 | Sq=-0.06 fund=+0.010% OI=$38.3M CVD=+0.37 ofi=-0.16 book=-0.21
18:38:45 |    📄 UNI: news long sig=0.12 score=+0.06
18:38:45 |    🛑 UNI: SHORT at RSI 25 (oversold, stretched) → brake 12%
18:38:45 |    🎢→✅ UNI: parabola RESOLVED (bounce age 39c, unwound 8.7 ATR) → short allowed, penalty 15%
18:38:45 |    🎯 UNI: target 2.2%→4.0% — regime TD persisting 0.86 on an earned ledger (acc 0.84); room-to-structure defers to the trend [C340]
18:38:45 |    ☁️ UNI: ichimoku B- persisting 0.91 WITH the short → score ×1.04 (earned ledger) [C343]
18:38:45 |    ⚠️ UNI: short into bullish rejection candle at RSI 25 (counter-signal) -> conviction x0.85
18:38:45 |    ⚡ UNI: short wick rejection #1 → score×0.75
18:38:45 | 🔗 UNI: short capped — 3/3 already short (max 3)
18:38:46 |    ------------------------------------
18:38:46 |    🧬 LINK: breadth 3/6 → conviction 0.66 | cat=defi/W-0.44(member) trend×1.10 | Sq=-0.06 fund=+0.010% OI=$53.5M CVD=-0.29 ofi=+0.02 book=-0.14
18:38:46 |    📄 LINK: news long sig=0.12 score=+0.06
18:38:46 |    🛑 LINK: SHORT at RSI 27 (oversold, stretched) → brake 7%
18:38:46 |    🎯 LINK: target 0.4%→1.8% — regime TD persisting 0.86 on an earned ledger (acc 0.84); room-to-structure defers to the trend [C340]
18:38:46 |    ☁️ LINK: ichimoku B- persisting 0.91 WITH the short → score ×1.04 (earned ledger) [C343]
18:38:46 |    ⚠️ LINK: short into bullish rejection candle at RSI 27 (counter-signal) -> conviction x0.85
18:38:46 |    ⚡ LINK: short wick rejection #1 → score×0.75
18:38:46 | 🔗 LINK: short capped — 3/3 already short (max 3)
18:38:46 |    ------------------------------------
18:38:46 |    🧬 XAG: breadth 2/6 → conviction 0.29 | cat=calm/W-0.86(regime) meanrev×1.24 | Sq=-0.10 fund=+0.014% OI=$24.4M CVD=-0.21 ofi=-0.04 book=-0.22
18:38:46 |    · XAG: news ~market score=+0.06 (no coin-specific articles)
18:38:46 |    🎢→✅ XAG: parabola RESOLVED (bounce age 3c, unwound 0.0 ATR, extreme re-touched) → short allowed, penalty 15%
18:38:47 |    🎯 XAG: target 0.6%→0.7% — regime TD persisting 0.86 on an earned ledger (acc 0.84); room-to-structure defers to the trend [C340]
18:38:47 |    ☁️ XAG: ichimoku B- persisting 0.91 WITH the short → score ×1.04 (earned ledger) [C343]
18:38:47 | 🔗 XAG: short capped — 3/3 already short (max 3)
18:38:47 |    ------------------------------------
18:38:47 |    🧬 AVAX: breadth 6/6 → conviction 1.00 | cat=l1/W-0.43(member) trend×1.12 | Sq=-0.04 fund=+0.006% OI=$31.0M CVD=-0.44 ofi=-0.14 book=+0.07
18:38:47 |    🧬 AVAX: own-history vol 1.25% vs baseline 0.71% (×1.76) → abnormal-wild conviction ×0.99 [C286-2]
18:38:47 |    · AVAX: news ~market score=+0.06 (no coin-specific articles)
18:38:48 |    🎯 AVAX: target 1.9%→3.4% — regime TD persisting 0.86 on an earned ledger (acc 0.84); room-to-structure defers to the trend [C340]
18:38:48 |    🛑 AVAX: short MICRO-EXHAUSTION (3/3 signals) → blocked
18:38:48 |    ------------------------------------
18:38:48 |    🧬 TAO: breadth 4/6 → conviction 0.63 | cat=ai/W+0.04(member) momentum×1.12 | Sq=-0.03 fund=+0.005% OI=$35.0M CVD=-0.29 ofi=+0.02 book=-0.16
18:38:48 |    📄 TAO: news long sig=0.12 score=+0.10
18:38:48 |    🚫 TAO: counter-trend BLOCK — dir long vs market R=-0.19 AND orderliness 0.10<0.33 (noisy). Long-into-trend is ~45%% barrier-win; no orderliness to justify it [C386]
18:38:49 |    ------------------------------------
18:38:49 |    🧬 PUMP: breadth 5/6 → conviction 0.88 | cat=mid/W-0.02(regime) meanrev×1.00 | Sq=-0.03 fund=+0.005% OI=$16.7M CVD=-0.44 ofi=-0.11 book=+0.23
18:38:49 |    · PUMP: news ~market score=+0.06 (no coin-specific articles)
18:38:49 |    🛑 PUMP: SHORT at RSI 20 (oversold, stretched) → brake 22%
18:38:49 |    🎯 PUMP: target 1.4%→2.8% — regime TD persisting 0.86 on an earned ledger (acc 0.84); room-to-structure defers to the trend [C340]
18:38:49 |    ☁️ PUMP: ichimoku B- persisting 0.91 WITH the short → score ×1.04 (earned ledger) [C343]
18:38:49 | 🔗 PUMP: short capped — 3/3 already short (max 3)
18:38:49 |    ------------------------------------
18:38:49 |    🧬 ENA: breadth 2/5 → conviction 0.28 | cat=defi/W-0.07(member) trend×1.08 | Sq=-0.01 fund=+0.002% OI=$47.0M CVD=-0.60 ofi=-0.31 book=-0.17
18:38:49 |    📄 ENA: news long sig=0.12 score=+0.06
18:38:49 |    🛑 ENA: projection 0.18% < 0.50% (ATR-relative) + MA-fan not accelerating (ma_fan=+0.00) → blocked
18:38:50 |    ------------------------------------
18:38:50 |    🧬 BZ: breadth 4/5 → conviction 0.78 | cat=calm/W-0.85(regime) meanrev×1.24 | Sq=+0.00 fund=-0.001% OI=$28.2M CVD=-0.57 ofi=-0.01 book=+0.20
18:38:50 |    · BZ: news ~market score=+0.06 (no coin-specific articles)
18:38:50 |    ⚡ BZ: projection 0.52% modest + MA-fan compressing (ma_fan=+0.02) → penalty 20%
18:38:50 |    🛑 BZ: long target 0.1% too small + room 5% → blocked
18:38:50 |    ------------------------------------
18:38:50 |    🧬 ARB: breadth 5/6 → conviction 0.89 | cat=l2/W+0.08(member) momentum×1.10 | Sq=-0.04 fund=+0.007% OI=$22.1M CVD=-0.29 ofi=-0.01 book=+0.05
18:38:50 |    · ARB: news ~market score=+0.06 (no coin-specific articles)
18:38:50 |    🛑 ARB: SHORT at RSI 26 (oversold, stretched) → brake 9%
18:38:50 |    🎢→✅ ARB: parabola RESOLVED (bounce age 38c, unwound 7.2 ATR) → short allowed, penalty 15%
18:38:51 |    🎯 ARB: target 2.1%→3.7% — regime TD persisting 0.86 on an earned ledger (acc 0.84); room-to-structure defers to the trend [C340]
18:38:51 |    ☁️ ARB: ichimoku B- persisting 0.91 WITH the short → score ×1.04 (earned ledger) [C343]
18:38:51 | 🔗 ARB: short capped — 3/3 already short (max 3)
18:38:51 |    ------------------------------------
18:38:51 |    🧬 NIL: breadth 5/6 → conviction 0.93 | cat=wild/W+1.00(regime) meanrev×0.72 | Sq=-0.03 fund=+0.005% OI=$2.7M CVD=-0.59 ofi=-0.07 book=-0.30
18:38:51 |    🧬 NIL: own-history vol 3.10% vs baseline 1.73% (×1.80) → abnormal-wild conviction ×0.99 [C286-2]
18:38:51 |    · NIL: news ~market score=+0.06 (no coin-specific articles)
18:38:51 |    🎢→⚖️ NIL: C292 stands down — parabola BROKEN (range 15×ATR, 7.2 ATR off the day extreme): the 24h 'trend' already failed structurally; counter-trend entry re-enters the TURNING path [C299]
18:38:51 |    ⚡ NIL: 24h=+12.6% but 1h=+0.0% (TURNING) → penalty 25%
18:38:51 |    🎢→✅ NIL: parabola RESOLVED (bounce age 27c, unwound 7.2 ATR) → short allowed, penalty 15%
18:38:52 |    🎯 NIL: target 3.4%→8.5% — regime TD persisting 0.86 on an earned ledger (acc 0.84); room-to-structure defers to the trend [C340]
18:38:52 |    ☁️ NIL: ichimoku B- persisting 0.91 WITH the short → score ×1.04 (earned ledger) [C343]
18:38:52 | 🔗 NIL: short capped — 3/3 already short (max 3)
18:38:52 |    ------------------------------------
18:38:52 |    🧬 BNB: breadth 4/6 → conviction 0.74 | cat=majors/W-0.70(member) meanrev×1.33 | Sq=-0.06 fund=+0.009% OI=$74.7M CVD=-0.60 ofi=-0.37 book=-0.19
18:38:52 |    📄 BNB: news long sig=0.12 score=+0.07
18:38:52 |    🎯 BNB: target 0.4%→1.0% — regime TD persisting 0.86 on an earned ledger (acc 0.84); room-to-structure defers to the trend [C340]
18:38:52 |    ☁️ BNB: ichimoku B- persisting 0.91 WITH the short → score ×1.04 (earned ledger) [C343]
18:38:52 |    ⚠️ BNB: short into bullish rejection candle at RSI 31 (counter-signal) -> conviction x0.85
18:38:52 |    ⚡ BNB: short wick rejection #1 → score×0.75
18:38:52 | 🔗 BNB: short capped — 3/3 already short (max 3)
18:38:53 |    ------------------------------------
18:38:53 |    🧬 APT: breadth 4/6 → conviction 0.61 | cat=l1/W-0.01(member) trend×1.10 | Sq=-0.06 fund=+0.010% OI=$8.9M CVD=+0.28 ofi=-0.17 book=-0.14
18:38:53 |    · APT: news ~market score=+0.06 (no coin-specific articles)
18:38:53 |    🎢 APT: long BLOCKED — broken-parabola bounce (day range 12×ATR, 2.2 ATR below the day high) → post-blow-off distribution risk
18:38:53 |       ⚖️ parabola → score ×0.82 (penalty, not a veto — must still clear the bar) [C403]
18:38:53 |    ☁️ APT: ichimoku B- persisting 0.91 AGAINST the long → score ×0.96 (earned ledger) [C343]
18:38:53 |    🚫 APT: counter-trend BLOCK — dir long vs market R=-0.19 AND orderliness 0.17<0.33 (noisy). Long-into-trend is ~45%% barrier-win; no orderliness to justify it [C386]
18:38:53 |    ------------------------------------
18:38:53 |    🧬 COTI: breadth 6/6 → conviction 1.00 | cat=wild/W+0.54(regime) meanrev×0.85 | Sq=+0.97 fund=-0.264% OI=$4.1M CVD=-0.01 ofi=+0.06 book=+0.21
18:38:53 |    · COTI: news ~market score=+0.06 (no coin-specific articles)
18:38:54 |    ☁️ COTI: ichimoku A+ persisting 0.78 WITH the long → score ×1.02 (earned ledger) [C343]
18:38:54 |    🚫 COTI: counter-trend BLOCK — dir long vs market R=-0.19 AND orderliness 0.07<0.33 (noisy). Long-into-trend is ~45%% barrier-win; no orderliness to justify it [C386]
18:38:54 |    ------------------------------------
18:38:54 |    🧬 MET: breadth 2/6 → conviction 0.59 | cat=wild/W+0.90(regime) meanrev×0.75 | Sq=-0.03 fund=+0.005% OI=$1.2M CVD=-0.57 ofi=-0.01 book=-0.29
18:38:54 |    🧬 MET: own-history vol 3.68% vs baseline 1.43% (×2.58) → abnormal-wild conviction ×0.94 [C286-2]
18:38:54 |    · MET: news ~market score=+0.06 (no coin-specific articles)
18:38:54 |    🚫 MET: short vs 24h=+28.0% — 1h flat but PROJECTION +0.22 confirms the trend CONTINUES (not turning) → counter-trend blocked [C292]
18:38:54 |    ------------------------------------
18:38:54 |    🧬 ONE: breadth 5/6 → conviction 0.90 | cat=wild/W+0.99(regime) meanrev×0.72 | Sq=+0.95 fund=-0.223% OI=$1.9M CVD=+0.30 ofi=-0.14 book=+0.27
18:38:54 |    📰 ONE: news long sig=0.50 score=+0.32
18:38:55 |    🎯 ONE: target 3.5%→8.8% — regime TD persisting 0.86 on an earned ledger (acc 0.84); room-to-structure defers to the trend [C340]
18:38:55 |    🛑 ONE: short blocked — significant long news (sig=0.50 score=+0.32)
18:38:55 |    ------------------------------------
18:38:55 |    🧬 RENDER: breadth 4/6 → conviction 0.61 | cat=depin/W-0.01(member) flow×1.07 | Sq=-0.03 fund=+0.005% OI=$9.5M CVD=-0.27 ofi=+0.05 book=-0.13
18:38:55 |    📄 RENDER: news long sig=0.12 score=+0.10
18:38:55 |    🛑 RENDER: SHORT at RSI 23 (oversold, stretched) → brake 15%
18:38:56 |    🎯 RENDER: target 1.3%→2.3% — regime TD persisting 0.86 on an earned ledger (acc 0.84); room-to-structure defers to the trend [C340]
18:38:56 |    ☁️ RENDER: ichimoku B- persisting 0.91 WITH the short → score ×1.04 (earned ledger) [C343]
18:38:56 |    ⚠️ RENDER: short into bullish rejection candle at RSI 23 (counter-signal) -> conviction x0.85
18:38:56 |    ⚡ RENDER: short wick rejection #1 → score×0.75
18:38:56 | 🔗 RENDER: short capped — 3/3 already short (max 3)
18:38:56 |    ------------------------------------
18:38:56 |    🧬 ZRO: breadth 4/6 → conviction 0.64 | cat=l2/W+0.79(member) momentum×1.29 | Sq=-0.03 fund=+0.005% OI=$3.5M CVD=-0.29 ofi=+0.21 book=-0.04
18:38:56 |    · ZRO: news ~market score=+0.06 (no coin-specific articles)
18:38:56 |    ☁️ ZRO: ichimoku A+ persisting 0.78 WITH the long → score ×1.02 (earned ledger) [C343]
18:38:56 |    🚫 ZRO: counter-trend BLOCK — dir long vs market R=-0.19 AND orderliness 0.13<0.33 (noisy). Long-into-trend is ~45%% barrier-win; no orderliness to justify it [C386]
18:38:56 |    ------------------------------------
18:38:56 |    🧬 HBAR: breadth 5/6 → conviction 0.76 | cat=l1/W+0.04(member) trend×1.10 | Sq=-0.06 fund=+0.010% OI=$18.0M CVD=-0.30 ofi=-0.32
18:38:56 |    · HBAR: news ~market score=+0.06 (no coin-specific articles)
18:38:56 |    🛑 HBAR: SHORT at RSI 12 (oversold, stretched) → brake 40%
18:38:57 |    🎯 HBAR: target 1.1%→2.0% — regime TD persisting 0.86 on an earned ledger (acc 0.84); room-to-structure defers to the trend [C340]
18:38:57 |    ☁️ HBAR: ichimoku B- persisting 0.91 WITH the short → score ×1.04 (earned ledger) [C343]
18:38:57 | 🔗 HBAR: short capped — 3/3 already short (max 3)
18:38:57 |    ------------------------------------
18:38:57 |    🧬 LTC: breadth 3/5 → conviction 0.48 | cat=l1/W-0.07(member) trend×1.10 | Sq=-0.06 fund=+0.010% OI=$30.6M CVD=-0.29 ofi=-0.21 book=-0.23
18:38:57 |    · LTC: news ~market score=+0.06 (no coin-specific articles)
18:38:57 |    🎢→✅ LTC: parabola RESOLVED (bounce age 24c, unwound 5.2 ATR) → short allowed, penalty 15%
18:38:57 |    🎯 LTC: target 1.4%→2.0% — regime TD persisting 0.86 on an earned ledger (acc 0.84); room-to-structure defers to the trend [C340]
18:38:57 |    ☁️ LTC: ichimoku B- persisting 0.91 WITH the short → score ×1.04 (earned ledger) [C343]
18:38:57 | 🔗 LTC: short capped — 3/3 already short (max 3)
18:38:58 |    ------------------------------------
18:38:58 |    🧬 MARSCOIN: breadth 5/5 → conviction 1.00 | cat=wild/W+0.98(regime) meanrev×0.73 | Sq=-0.21 fund=+0.027% OI=$2.8M CVD=-0.27 ofi=+0.11 book=-0.07
18:38:58 |    🧬 MARSCOIN: own-history vol 1.81% vs baseline 2.88% (×0.63) → coiled conviction ×1.01 [C286-2]
18:38:58 |    · MARSCOIN: news ~market score=+0.06 (no coin-specific articles)
18:38:58 |    🛑 MARSCOIN: SHORT at RSI 21 (oversold, stretched) → brake 20%
18:38:58 |    🎢→✅ MARSCOIN: parabola RESOLVED (bounce age 39c, unwound 8.5 ATR) → short allowed, penalty 15%
18:38:58 |    🎯 MARSCOIN: target 2.7%→4.9% — regime TD persisting 0.86 on an earned ledger (acc 0.84); room-to-structure defers to the trend [C340]
18:38:58 |    ☁️ MARSCOIN: ichimoku B- persisting 0.91 WITH the short → score ×1.04 (earned ledger) [C343]
18:38:58 | 🔗 MARSCOIN: short capped — 3/3 already short (max 3)
18:38:59 |    ------------------------------------
18:38:59 |    🧬 XLM: breadth 3/6 → conviction 0.35 | cat=l1/W-0.46(member) trend×1.13 | Sq=-0.06 fund=+0.010% OI=$26.4M CVD=-0.26 ofi=-0.11 book=-0.16
18:38:59 |    · XLM: news ~market score=+0.06 (no coin-specific articles)
18:38:59 |    🛑 XLM: SHORT at RSI 18 (oversold, stretched) → brake 26%
18:38:59 |    🎢→✅ XLM: parabola RESOLVED (bounce age 32c, unwound 8.7 ATR) → short allowed, penalty 15%
18:38:59 |    🎯 XLM: target 0.9%→1.7% — regime TD persisting 0.86 on an earned ledger (acc 0.84); room-to-structure defers to the trend [C340]
18:38:59 |    ☁️ XLM: ichimoku B- persisting 0.91 WITH the short → score ×1.04 (earned ledger) [C343]
18:38:59 | 🔗 XLM: short capped — 3/3 already short (max 3)
18:38:59 |    ------------------------------------
18:38:59 |    🧬 FARTCOIN: breadth 5/6 → conviction 0.93 | cat=meme/W+0.75(member) momentum×1.37 | Sq=-0.06 fund=+0.008% OI=$13.2M CVD=-0.29 ofi=+0.03 book=+0.01
18:38:59 |    · FARTCOIN: news ~market score=+0.06 (no coin-specific articles)
18:38:59 |    🛑 FARTCOIN: SHORT at RSI 26 (oversold, stretched) → brake 9%
18:38:59 |    🎢→✅ FARTCOIN: parabola RESOLVED (bounce age 46c, unwound 8.2 ATR) → short allowed, penalty 15%
18:39:00 |    🎯 FARTCOIN: target 2.0%→3.6% — regime TD persisting 0.86 on an earned ledger (acc 0.84); room-to-structure defers to the trend [C340]
18:39:00 |    ☁️ FARTCOIN: ichimoku B- persisting 0.91 WITH the short → score ×1.04 (earned ledger) [C343]
18:39:00 | 🔗 FARTCOIN: short capped — 3/3 already short (max 3)
18:39:00 |    ------------------------------------
18:39:00 |    🧬 CRV: breadth 3/6 → conviction 0.48 | cat=defi/W-0.03(member) trend×1.08 | Sq=-0.06 fund=+0.010% OI=$6.3M CVD=-0.28 ofi=+0.26 book=-0.19
18:39:00 |    📄 CRV: news long sig=0.12 score=+0.06
18:39:00 |    🛑 CRV: SHORT at RSI 26 (oversold, stretched) → brake 10%
18:39:00 |    🎯 CRV: target 1.4%→2.5% — regime TD persisting 0.86 on an earned ledger (acc 0.84); room-to-structure defers to the trend [C340]
18:39:00 |    ☁️ CRV: ichimoku B- persisting 0.91 WITH the short → score ×1.04 (earned ledger) [C343]
18:39:00 |    ⚠️ CRV: short into bullish rejection candle at RSI 26 (counter-signal) -> conviction x0.85
18:39:00 |    ⚡ CRV: short wick rejection #1 → score×0.75
18:39:00 | 🔗 CRV: short capped — 3/3 already short (max 3)
18:39:00 |    ------------------------------------
18:39:00 |    🧬 PAXG: breadth 4/4 → conviction 1.00 | cat=calm/W-0.87(regime) meanrev×1.25 | Sq=-0.03 fund=+0.005% OI=$9.2M CVD=-0.29 ofi=-0.22 book=+0.30
18:39:00 |    · PAXG: news ~market score=+0.06 (no coin-specific articles)
18:39:00 |    🛑 PAXG: projection 0.18% < 0.25% (ATR-relative) + MA-fan not accelerating (ma_fan=+0.00) → blocked
18:39:01 |    ------------------------------------
18:39:01 |    🧬 INJ: breadth 4/6 → conviction 0.71 | cat=l1/W+0.32(member) meanrev×0.88 | Sq=-0.06 fund=+0.010% OI=$15.1M CVD=-0.41 ofi=+0.18 book=+0.12
18:39:01 |    · INJ: news ~market score=+0.06 (no coin-specific articles)
18:39:01 |    🛡 C373: 牛来 capture held — +1.43% is 0.50R, floor 48.00% (1.0R); 62/120min into horizon [throttled 5min]
18:39:01 |    🛡 C373: KERNEL capture held — +1.63% is 0.63R, floor 48.00% (1.0R); 62/120min into horizon [throttled 5min]
18:39:01 |    🛡 C373: AVAX capture held — +1.30% is 0.51R, floor 48.00% (1.0R); 50/120min into horizon [throttled 5min]
18:39:01 |    🏁 C467: the day is 1.68% against its 0.68% target — noted, and trading CONTINUES. Only a loss can end a day now; a good one is left to run.
18:39:01 |    🛑 INJ: long structural exhaustion (3% room) → blocked
18:39:01 |    ------------------------------------
18:39:01 |    🧬 NATGAS: breadth 4/6 → conviction 0.85 | cat=calm/W-0.69(regime) meanrev×1.19 | Sq=-0.21 fund=+0.028% OI=$10.2M CVD=+0.01 ofi=+0.05 book=+0.25
18:39:01 |    🧬 NATGAS: own-history vol 0.49% vs baseline 0.29% (×1.73) → abnormal-wild conviction ×0.99 [C286-2]
18:39:01 |    · NATGAS: news ~market score=+0.06 (no coin-specific articles)
18:39:01 |    🎢→✅ NATGAS: parabola RESOLVED (pullback age 0c, recovered 0.4 ATR, extreme re-touched) → long allowed, penalty 15%
18:39:01 |    ⚡ NATGAS: projection 0.47% modest + MA-fan compressing (ma_fan=+0.01) → penalty 20%
18:39:02 |    ⚡ NATGAS: long wick rejection #1 → score×0.75
18:39:02 | ⚖️ NATGAS: long vs R=-0.67 counter-trend → score ×0.85 (penalty, not a veto — it still must clear the bar) [C403]
18:39:02 |    🚫 NATGAS: counter-trend BLOCK — dir long vs market R=-0.19 AND orderliness 0.27<0.33 (noisy). Long-into-trend is ~45%% barrier-win; no orderliness to justify it [C386]
18:39:02 |    ------------------------------------
18:39:02 |    🧬 ASTER: breadth 5/6 → conviction 0.75 | cat=calm/W-0.60(regime) meanrev×1.17 | Sq=-0.03 fund=+0.005% OI=$17.6M CVD=-0.22 ofi=+0.08 book=-0.07
18:39:02 |    · ASTER: news ~market score=+0.06 (no coin-specific articles)
18:39:02 |    🛑 ASTER: SHORT at RSI 22 (oversold, stretched) → brake 17%
18:39:02 |    📏 ASTER: projection 2.04% is 3.4× this pair's own 15m ATR (0.59%) — capped to 1.78% before R. A forecast beyond 3 ATR in one candle is a broken reading, not an opportunity [C420-3a, throttled 15min]
18:39:02 |    🎯 ASTER: target 0.9%→1.6% — regime TD persisting 0.86 on an earned ledger (acc 0.84); room-to-structure defers to the trend [C340]
18:39:02 |    ☁️ ASTER: ichimoku B- persisting 0.91 WITH the short → score ×1.04 (earned ledger) [C343]
18:39:02 |    🛑 ASTER: short into CAPITULATION/BLOW-OFF -- climactic bullish rejection (vol-spike) vs RSI 22 -> reversal imminent, continuation blocked
18:39:03 |    ------------------------------------
18:39:03 |    🧬 ZETA: breadth 3/6 → conviction 0.49 | cat=mid/W+0.16(regime) meanrev×0.96 | Sq=-0.01 fund=+0.002% OI=$1.8M CVD=-0.29 ofi=+0.07 book=-0.25
18:39:03 |    · ZETA: news ~market score=+0.06 (no coin-specific articles)
18:39:03 |    🎢→✅ ZETA: parabola RESOLVED (bounce age 1c, unwound 0.9 ATR, extreme re-touched) → short allowed, penalty 15%
18:39:03 |    🎯 ZETA: target 1.4%→2.0% — regime TD persisting 0.86 on an earned ledger (acc 0.84); room-to-structure defers to the trend [C340]
18:39:03 |    ☁️ ZETA: ichimoku B- persisting 0.91 WITH the short → score ×1.04 (earned ledger) [C343]
18:39:03 | 🔗 ZETA: short capped — 3/3 already short (max 3)
18:39:04 |    ------------------------------------
18:39:04 |    🧬 XAUT: breadth 4/5 → conviction 0.85 | cat=calm/W-0.92(regime) meanrev×1.26 | Sq=+0.00 fund=-0.001% OI=$24.3M CVD=-0.17 ofi=+0.11 book=+0.30
18:39:04 |    · XAUT: news ~market score=+0.06 (no coin-specific articles)
18:39:04 |    🛑 XAUT: long opposes the latched DOWN-trend (R was -0.67 0min ago; now -0.67, 4h -0.63) — one weak print is a blip, not a turn [C339]
18:39:04 |    ------------------------------------
18:39:04 |    🧬 USELESS: breadth 5/6 → conviction 0.79 | cat=wild/W+0.92(regime) meanrev×0.74 | Sq=-0.17 fund=+0.025% OI=$6.3M CVD=-0.29 ofi=-0.12 book=+0.04
18:39:04 |    🧬 USELESS: own-history vol 1.33% vs baseline 2.11% (×0.63) → coiled conviction ×1.01 [C286-2]
18:39:04 |    · USELESS: news ~market score=+0.06 (no coin-specific articles)
18:39:04 |    🎢→✅ USELESS: parabola RESOLVED (bounce age 33c, unwound 9.0 ATR) → short allowed, penalty 15%
18:39:04 |    🎯 USELESS: target 2.0%→3.6% — regime TD persisting 0.86 on an earned ledger (acc 0.84); room-to-structure defers to the trend [C340]
18:39:04 |    ☁️ USELESS: ichimoku B- persisting 0.91 WITH the short → score ×1.04 (earned ledger) [C343]
18:39:04 |    ⚠️ USELESS: short into bullish rejection candle at RSI 40 (counter-signal) -> conviction x0.85
18:39:04 |    ⚡ USELESS: short wick rejection #1 → score×0.75
18:39:04 | 🔗 USELESS: short capped — 3/3 already short (max 3)
18:39:05 |    ------------------------------------
18:39:05 |    🧬 TRX: breadth 4/5 → conviction 0.73 | cat=l1/W-0.80(member) momentum×0.82 | Sq=-0.04 fund=+0.006% OI=$9.3M CVD=-0.52 ofi=-0.03 book=-0.08
18:39:05 |    🩸 C398 capitulation tilt: 0.09 ATR off its own 12h low → short score ×0.940 [+4.67pp measured, down-side only by design]
18:39:05 |    · TRX: news ~market score=+0.06 (no coin-specific articles)
18:39:05 |    🎢→✅ TRX: parabola RESOLVED (bounce age 38c, unwound 8.2 ATR) → short allowed, penalty 15%
18:39:05 |    🔓 TRX: short near extreme but WITH trend (R=-0.67) → breakout, not blocked
18:39:05 |    ☁️ TRX: ichimoku B- persisting 0.91 WITH the short → score ×1.04 (earned ledger) [C343]
18:39:05 | 🔗 TRX: short capped — 3/3 already short (max 3)
18:39:05 |    ------------------------------------
18:39:05 |    🧬 SENT: breadth 5/6 → conviction 0.90 | cat=wild/W+0.72(regime) meanrev×0.80 | Sq=-0.03 fund=+0.005% OI=$1.4M CVD=+0.17 ofi=-0.09 book=-0.28
18:39:05 |    · SENT: news ~market score=+0.06 (no coin-specific articles)
18:39:06 |    ☁️ SENT: ichimoku A+ persisting 0.78 WITH the long → score ×1.02 (earned ledger) [C343]
18:39:06 | ⚖️ SENT: long vs R=-0.67 counter-trend → score ×0.85 (penalty, not a veto — it still must clear the bar) [C403]
18:39:06 |    🚫 SENT: counter-trend BLOCK — dir long vs market R=-0.19 AND orderliness 0.21<0.33 (noisy). Long-into-trend is ~45%% barrier-win; no orderliness to justify it [C386]
18:39:06 |    ------------------------------------
18:39:06 |    🧬 BGB: breadth 4/6 → conviction 0.53 | cat=calm/W-0.89(regime) meanrev×1.25 | Sq=-0.06 fund=+0.010% OI=$23.9M CVD=-0.60 ofi=-0.02 book=-0.16
18:39:06 |    · BGB: news ~market score=+0.06 (no coin-specific articles)
18:39:06 |    🛑 BGB: SHORT at RSI 23 (oversold, stretched) → brake 15%
18:39:06 |    🎢→✅ BGB: parabola RESOLVED (bounce age 1c, unwound 0.3 ATR, extreme re-touched) → short allowed, penalty 15%
18:39:06 |    🎯 BGB: target 0.6%→0.9% — regime TD persisting 0.86 on an earned ledger (acc 0.84); room-to-structure defers to the trend [C340]
18:39:06 |    ☁️ BGB: ichimoku B- persisting 0.91 WITH the short → score ×1.04 (earned ledger) [C343]
18:39:06 | 🔗 BGB: short capped — 3/3 already short (max 3)
18:39:07 |    ------------------------------------
18:39:07 |    🧬 FIGHT: breadth 4/6 → conviction 0.64 | cat=wild/W+0.98(regime) meanrev×0.73 | Sq=-0.44 fund=+0.095% OI=$1.6M CVD=-0.19 ofi=-0.26 book=+0.20
18:39:07 |    🧬 FIGHT: own-history vol 5.21% vs baseline 1.38% (×3.76) → abnormal-wild conviction ×0.90 [C286-2]
18:39:07 |    · FIGHT: news ~market score=+0.06 (no coin-specific articles)
18:39:07 |    🛑 FIGHT: LONG at RSI 72 (overbought, stretched) → brake 4%
18:39:07 |    🎢→✅ FIGHT: parabola RESOLVED (pullback age 1c, recovered 0.5 ATR, extreme re-touched) → long allowed, penalty 15%
18:39:07 |    ☁️ FIGHT: ichimoku A+ persisting 0.78 WITH the long → score ×1.02 (earned ledger) [C343]
18:39:07 |    ⚠️ FIGHT: long into bearish rejection candle at RSI 72 (counter-signal) -> conviction x0.85
18:39:07 |    ⚡ FIGHT: long wick rejection #1 → score×0.75
18:39:07 | ⚖️ FIGHT: long vs R=-0.67 counter-trend → score ×0.85 (penalty, not a veto — it still must clear the bar) [C403]
18:39:07 |    🚫 FIGHT: counter-trend BLOCK — dir long vs market R=-0.19 AND orderliness 0.29<0.33 (noisy). Long-into-trend is ~45%% barrier-win; no orderliness to justify it [C386]
18:39:08 |    ------------------------------------
18:39:08 |    🧬 SEI: breadth 5/6 → conviction 0.72 | cat=l1/W+0.01(member) trend×1.10 | Sq=-0.06 fund=+0.010% OI=$9.6M CVD=-0.58 ofi=+0.31 book=+0.06
18:39:08 |    · SEI: news ~market score=+0.06 (no coin-specific articles)
18:39:08 |    🛑 SEI: projection 0.28% < 0.46% (ATR-relative) + MA-fan not accelerating (ma_fan=-0.01) → blocked
18:39:08 |    ------------------------------------
18:39:08 |    🧬 APE: breadth 5/6 → conviction 0.91 | cat=gaming/W+0.82(member) meanrev×0.85 | Sq=-0.07 fund=+0.010% OI=$2.3M CVD=-0.18 ofi=+0.06 book=-0.00
18:39:08 |    · APE: news ~market score=+0.06 (no coin-specific articles)
18:39:08 |    🎢 APE: long BLOCKED — broken-parabola bounce (day range 14×ATR, 2.2 ATR below the day high) → post-blow-off distribution risk
18:39:08 |       ⚖️ parabola → score ×0.82 (penalty, not a veto — must still clear the bar) [C403]
18:39:08 |    ☁️ APE: ichimoku A+ persisting 0.78 WITH the long → score ×1.02 (earned ledger) [C343]
18:39:08 | ⚖️ APE: long vs R=-0.67 counter-trend → score ×0.85 (penalty, not a veto — it still must clear the bar) [C403]
18:39:08 |    🚫 APE: counter-trend BLOCK — dir long vs market R=-0.19 AND orderliness 0.06<0.33 (noisy). Long-into-trend is ~45%% barrier-win; no orderliness to justify it [C386]
18:39:09 |    ------------------------------------
18:39:09 |    🧬 RAY: breadth 3/5 → conviction 0.72 | cat=solana_eco/W-0.21(member) momentum×1.07 | Sq=-0.03 fund=+0.005% OI=$2.9M CVD=+0.54 ofi=+0.06 book=-0.08
18:39:09 |    📄 RAY: news long sig=0.12 score=+0.06
18:39:09 |    🛑 RAY: LONG at RSI 79 (overbought, stretched) → brake 20%
18:39:09 |    ☁️ RAY: ichimoku A+ persisting 0.78 WITH the long → score ×1.02 (earned ledger) [C343]
18:39:09 | ⚖️ RAY: long vs R=-0.67 counter-trend → score ×0.85 (penalty, not a veto — it still must clear the bar) [C403]
18:39:09 |    🚫 RAY: counter-trend BLOCK — dir long vs market R=-0.19 AND orderliness 0.17<0.33 (noisy). Long-into-trend is ~45%% barrier-win; no orderliness to justify it [C386]
18:39:10 |    ------------------------------------
18:39:10 |    🧬 ZEST: breadth 4/6 → conviction 0.66 | cat=wild/W+0.92(regime) meanrev×0.74 | Sq=-0.14 fund=+0.017% OI=$1.2M CVD=+0.37 ofi=+0.16 book=-0.03
18:39:10 |    · ZEST: news ~market score=+0.06 (no coin-specific articles)
18:39:10 |    🚫 ZEST: short vs 24h=+22.4% — 1h flat but PROJECTION +0.26 confirms the trend CONTINUES (not turning) → counter-trend blocked [C292]
18:39:10 |    ------------------------------------
18:39:10 |    🧬 牛来: breadth 5/6 → conviction 0.90 | cat=wild/W+0.79(regime) meanrev×0.78 | Sq=-0.30 fund=+0.041% OI=$1.8M CVD=-0.60 ofi=+0.19 book=-0.05
18:39:10 |    🧬 牛来: own-history vol 1.26% vs baseline 2.13% (×0.59) → coiled conviction ×1.02 [C286-2]
18:39:10 |    · 牛来: news ~market score=+0.06 (no coin-specific articles)
18:39:10 |    🛑 牛来: SHORT at RSI 27 (oversold, stretched) → brake 6%
18:39:10 |    🎢→✅ 牛来: parabola RESOLVED (bounce age 38c, unwound 11.6 ATR) → short allowed, penalty 15%
18:39:10 |    🎯 牛来: target 1.9%→3.4% — regime TD persisting 0.86 on an earned ledger (acc 0.84); room-to-structure defers to the trend [C340]
18:39:10 |    ☁️ 牛来: ichimoku B- persisting 0.91 WITH the short → score ×1.04 (earned ledger) [C343]
18:39:10 | 🔗 牛来: short capped — 3/3 already short (max 3)
18:39:11 |    ------------------------------------
18:39:11 |    🧬 ICP: breadth 3/5 → conviction 0.63 | cat=l1/W+0.04(member) trend×1.10 | Sq=-0.07 fund=+0.010% OI=$7.9M CVD=+0.30 ofi=-0.21 book=-0.24
18:39:11 |    · ICP: news ~market score=+0.06 (no coin-specific articles)
18:39:11 |    🎯 ICP: target 1.7%→3.4% — regime TD persisting 0.86 on an earned ledger (acc 0.84); room-to-structure defers to the trend [C340]
18:39:11 |    🛑 ICP: short CAPITULATION REJECTION (wick+vol) → blocked
18:39:11 |    ------------------------------------
18:39:11 |    🧬 GRT: breadth 2/5 → conviction 0.33 | cat=ai/W+0.17(member) momentum×1.16 | Sq=-0.05 fund=+0.008% OI=$2.7M CVD=-0.60 ofi=+0.27 book=+0.23
18:39:11 |    📄 GRT: news long sig=0.12 score=+0.10
18:39:11 |    🎢→✅ GRT: parabola RESOLVED (pullback age 0c, recovered 0.4 ATR, extreme re-touched) → long allowed, penalty 15%
18:39:11 | ⚖️ GRT: long vs R=-0.67 counter-trend → score ×0.85 (penalty, not a veto — it still must clear the bar) [C403]
18:39:11 |    🚫 GRT: counter-trend BLOCK — dir long vs market R=-0.19 AND orderliness 0.16<0.33 (noisy). Long-into-trend is ~45%% barrier-win; no orderliness to justify it [C386]
18:39:12 |    ------------------------------------
18:39:12 |    🧬 0G: breadth 5/6 → conviction 0.84 | cat=mid/W-0.03(regime) meanrev×1.01 | Sq=-0.03 fund=+0.005% OI=$2.2M CVD=+0.23 ofi=+0.11 book=-0.20
18:39:12 |    🧬 0G: own-history vol 1.76% vs baseline 0.96% (×1.84) → abnormal-wild conviction ×0.99 [C286-2]
18:39:12 |    · 0G: news ~market score=+0.06 (no coin-specific articles)
18:39:12 |    🚫 0G: short vs 24h=+11.8% — 1h flat but PROJECTION +0.24 confirms the trend CONTINUES (not turning) → counter-trend blocked [C292]
18:39:12 |    ------------------------------------
18:39:12 |    🧬 SPX: breadth 2/6 → conviction 0.35 | cat=mid/W+0.13(regime) meanrev×0.96 | Sq=-0.03 fund=+0.005% OI=$2.6M CVD=-0.59 ofi=-0.01 book=-0.16
18:39:12 |    · SPX: news ~market score=+0.06 (no coin-specific articles)
18:39:12 |    🎢→✅ SPX: parabola RESOLVED (bounce age 0c, unwound 0.2 ATR, extreme re-touched) → short allowed, penalty 15%
18:39:12 |    ☁️ SPX: ichimoku B- persisting 0.91 WITH the short → score ×1.04 (earned ledger) [C343]
18:39:13 | 🔗 SPX: short capped — 3/3 already short (max 3)
18:39:13 |    ------------------------------------
18:39:13 |    🧬 ACE: breadth 6/6 → conviction 1.00 | cat=calm/W-0.62(regime) meanrev×1.18 | Sq=-0.07 fund=+0.010% OI=$1.9M CVD=-0.11 ofi=+0.09 book=-0.12
18:39:13 |    · ACE: news ~market score=+0.06 (no coin-specific articles)
18:39:13 |    🛑 ACE: LONG at RSI 72 (overbought, stretched) → brake 5%
18:39:13 |    🛑 ACE: long structural exhaustion (1% room) → blocked
18:39:13 |    🔓 C382 OVERRIDE ACE: no_structural_room waived — score 0.990 conf 0.860 clear the bar, and that gate family was refuted at 158k observations (1 this session)
18:39:13 |    ☁️ ACE: ichimoku A+ persisting 0.78 WITH the long → score ×1.02 (earned ledger) [C343]
18:39:13 | ⚖️ ACE: long vs R=-0.67 counter-trend → score ×0.85 (penalty, not a veto — it still must clear the bar) [C403]
18:39:13 |    🚫 ACE: counter-trend BLOCK — dir long vs market R=-0.19 AND orderliness 0.23<0.33 (noisy). Long-into-trend is ~45%% barrier-win; no orderliness to justify it [C386]
18:39:14 |    ------------------------------------
18:39:14 |    🧬 GRASS: breadth 5/6 → conviction 0.78 | cat=depin/W+0.44(member) flow×1.15 | Sq=-0.03 fund=+0.005% OI=$5.3M CVD=-0.56 ofi=+0.32 book=-0.29
18:39:14 |    · GRASS: news ~market score=+0.06 (no coin-specific articles)
18:39:14 |    🎢 GRASS: long BLOCKED — broken-parabola bounce (day range 10×ATR, 1.6 ATR below the day high) → post-blow-off distribution risk
18:39:14 |       ⚖️ parabola → score ×0.82 (penalty, not a veto — must still clear the bar) [C403]
18:39:14 | ⚖️ GRASS: long vs R=-0.67 counter-trend → score ×0.85 (penalty, not a veto — it still must clear the bar) [C403]
18:39:14 |    🚫 GRASS: counter-trend BLOCK — dir long vs market R=-0.19 AND orderliness 0.24<0.33 (noisy). Long-into-trend is ~45%% barrier-win; no orderliness to justify it [C386]
18:39:14 |    ------------------------------------
18:39:14 |    🧬 MAGMA: breadth 2/6 → conviction 0.45 | cat=mid/W-0.00(regime) momentum×1.00 | Sq=-0.07 fund=+0.008% OI=$2.7M CVD=+0.17 ofi=-0.11 book=+0.01
18:39:14 |    · MAGMA: news ~market score=+0.06 (no coin-specific articles)
18:39:15 |    ☁️ MAGMA: ichimoku A+ persisting 0.78 WITH the long → score ×1.02 (earned ledger) [C343]
18:39:15 | ⚖️ MAGMA: long vs R=-0.67 counter-trend → score ×0.85 (penalty, not a veto — it still must clear the bar) [C403]
18:39:15 |    🚫 MAGMA: counter-trend BLOCK — dir long vs market R=-0.19 AND orderliness 0.05<0.33 (noisy). Long-into-trend is ~45%% barrier-win; no orderliness to justify it [C386]
18:39:15 |    ------------------------------------
18:39:15 |    🧬 BEAT: breadth 3/5 → conviction 0.70 | cat=mid/W+0.06(regime) meanrev×0.98 | Sq=-0.08 fund=+0.011% OI=$1.4M CVD=+0.60 ofi=-0.05 book=-0.11
18:39:15 |    · BEAT: news ~market score=+0.06 (no coin-specific articles)
18:39:15 |    🎢→✅ BEAT: parabola RESOLVED (pullback age 0c, recovered 0.5 ATR, extreme re-touched) → long allowed, penalty 15%
18:39:15 |    ⚡ BEAT: projection 0.64% modest + MA-fan compressing (ma_fan=+0.06) → penalty 20%
18:39:15 |    ☁️ BEAT: ichimoku A+ persisting 0.78 WITH the long → score ×1.02 (earned ledger) [C343]
18:39:15 | ⚖️ BEAT: long vs R=-0.67 counter-trend → score ×0.85 (penalty, not a veto — it still must clear the bar) [C403]
18:39:15 |    🚫 BEAT: counter-trend BLOCK — dir long vs market R=-0.19 AND orderliness 0.23<0.33 (noisy). Long-into-trend is ~45%% barrier-win; no orderliness to justify it [C386]
18:39:16 |    ------------------------------------
18:39:16 |    🧬 JUP: breadth 6/6 → conviction 1.00 | cat=solana_eco/W-0.44(member) trend×1.05 | Sq=-0.03 fund=+0.005% OI=$6.4M CVD=-0.29 ofi=+0.00 book=-0.08
18:39:16 |    📄 JUP: news long sig=0.12 score=+0.06
18:39:16 |    ☁️ JUP: ichimoku A+ persisting 0.78 WITH the long → score ×1.02 (earned ledger) [C343]
18:39:16 | ⚖️ JUP: long vs R=-0.67 counter-trend → score ×0.85 (penalty, not a veto — it still must clear the bar) [C403]
18:39:16 |    🚫 JUP: counter-trend BLOCK — dir long vs market R=-0.19 AND orderliness 0.28<0.33 (noisy). Long-into-trend is ~45%% barrier-win; no orderliness to justify it [C386]
18:39:16 |    ------------------------------------
18:39:16 |    🧬 US: breadth 4/6 → conviction 0.74 | cat=wild/W+0.81(regime) meanrev×0.78 | Sq=-0.04 fund=+0.005% OI=$4.8M CVD=+0.32 ofi=-0.27 book=+0.05
18:39:16 |    · US: news ~market score=+0.06 (no coin-specific articles)
18:39:16 |    🚫 US: short vs 24h=+13.2% — 1h flat but PROJECTION +0.32 confirms the trend CONTINUES (not turning) → counter-trend blocked [C292]
18:39:17 |    ------------------------------------
18:39:17 |    🧬 KMNO: breadth 6/6 → conviction 1.00 | cat=solana_eco/W+0.05(member) momentum×1.14 | Sq=-0.03 fund=+0.005% OI=$0.7M CVD=-0.24 ofi=+0.20 book=+0.25
18:39:17 |    📄 KMNO: news long sig=0.12 score=+0.10
18:39:17 |    ☁️ KMNO: ichimoku A+ persisting 0.78 WITH the long → score ×1.02 (earned ledger) [C343]
18:39:17 | ⚖️ KMNO: long vs R=-0.67 counter-trend → score ×0.85 (penalty, not a veto — it still must clear the bar) [C403]
18:39:17 |    🚫 KMNO: counter-trend BLOCK — dir long vs market R=-0.19 AND orderliness 0.32<0.33 (noisy). Long-into-trend is ~45%% barrier-win; no orderliness to justify it [C386]
18:39:18 |    ------------------------------------
18:39:18 |    🧬 B2: breadth 3/5 → conviction 0.69 | cat=wild/W+1.00(regime) meanrev×0.72 | Sq=-0.10 fund=+0.014% OI=$2.7M CVD=+0.15 ofi=-0.19 book=+0.05
18:39:18 |    · B2: news ~market score=+0.06 (no coin-specific articles)
18:39:18 |    ☁️ B2: ichimoku A+ persisting 0.78 AGAINST the short → score ×0.98 (earned ledger) [C343]
18:39:18 | 🔗 B2: short capped — 3/3 already short (max 3)
18:39:18 |    ------------------------------------
18:39:18 |    🧬 KAS: breadth 3/6 → conviction 0.48 | cat=l1/W-0.40(member) trend×1.12 | Sq=-0.03 fund=+0.005% OI=$11.2M CVD=+0.60 ofi=+0.28 book=-0.26
18:39:18 |    · KAS: news ~market score=+0.06 (no coin-specific articles)
18:39:18 |    🛑 KAS: SHORT at RSI 28 (oversold, stretched) → brake 4%
18:39:19 |    🎯 KAS: target 1.1%→1.9% — regime TD persisting 0.86 on an earned ledger (acc 0.84); room-to-structure defers to the trend [C340]
18:39:19 |    ⏳ KAS: short ABSORPTION at extreme (real_cvd=+0.60 opposes, RSI=28) → wait for CVD flip or retrace
18:39:19 |    ------------------------------------
18:39:19 |    🧬 GRVT: breadth 4/6 → conviction 0.62 | cat=calm/W-0.45(regime) meanrev×1.12 | Sq=-0.05 fund=+0.007% OI=$0.7M CVD=-0.20 ofi=-0.06 book=-0.00
18:39:19 |    · GRVT: news ~market score=+0.06 (no coin-specific articles)
18:39:19 |    ☁️ GRVT: ichimoku A+ persisting 0.78 WITH the long → score ×1.02 (earned ledger) [C343]
18:39:19 | ⚖️ GRVT: long vs R=-0.67 counter-trend → score ×0.85 (penalty, not a veto — it still must clear the bar) [C403]
18:39:19 |    🚫 GRVT: counter-trend BLOCK — dir long vs market R=-0.19 AND orderliness 0.09<0.33 (noisy). Long-into-trend is ~45%% barrier-win; no orderliness to justify it [C386]
18:39:20 |    ------------------------------------
18:39:20 |    🧬 BLESS: breadth 6/6 → conviction 1.00 | cat=mid/W+0.06(regime) meanrev×0.98 | Sq=-0.04 fund=+0.005% OI=$3.0M CVD=-0.60 ofi=-0.02 book=-0.28
18:39:20 |    · BLESS: news ~market score=+0.06 (no coin-specific articles)
18:39:20 |    ☁️ BLESS: ichimoku A+ persisting 0.78 WITH the long → score ×1.02 (earned ledger) [C343]
18:39:20 | ⚖️ BLESS: long vs R=-0.67 counter-trend → score ×0.85 (penalty, not a veto — it still must clear the bar) [C403]
18:39:20 |    🚫 BLESS: counter-trend BLOCK — dir long vs market R=-0.19 AND orderliness 0.15<0.33 (noisy). Long-into-trend is ~45%% barrier-win; no orderliness to justify it [C386]
18:39:21 |    ------------------------------------
18:39:21 |    🧬 GPS: breadth 3/5 → conviction 0.60 | cat=mid/W-0.09(regime) meanrev×1.02 | Sq=-0.09 fund=+0.011% OI=$1.1M CVD=-0.24 ofi=-0.36 book=+0.14
18:39:21 |    · GPS: news ~market score=+0.06 (no coin-specific articles)
18:39:21 |    🎯 GPS: target 1.7%→3.1% — regime TD persisting 0.86 on an earned ledger (acc 0.84); room-to-structure defers to the trend [C340]
18:39:21 |    ☁️ GPS: ichimoku B- persisting 0.91 WITH the short → score ×1.04 (earned ledger) [C343]
18:39:21 | 🔗 GPS: short capped — 3/3 already short (max 3)
18:39:21 |    ------------------------------------
18:39:21 |    🧬 NDX100: breadth 4/6 → conviction 0.92 | cat=mid/W+0.26(regime) meanrev×0.93 | Sq=+0.00 fund=+0.000% OI=$2.7M CVD=-0.29 ofi=+0.21 book=+0.27
18:39:21 |    · NDX100: news ~market score=+0.06 (no coin-specific articles)
18:39:22 |    💸 C467 fee floor: NDX100 expects 0.10R of reward against a 0.13R round trip — it cannot pay its own fees 1.25x over. This is the one hard veto here that contains no forecast [throttled 10min]
18:39:22 |    ------------------------------------
18:39:22 |    🧬 COPPER: breadth 5/6 → conviction 0.64 | cat=calm/W-0.80(regime) meanrev×1.22 | Sq=+0.00 fund=+0.000% OI=$3.5M CVD=+0.05 ofi=-0.01 book=-0.30
18:39:22 |    · COPPER: news ~market score=+0.06 (no coin-specific articles)
18:39:22 |    ☁️ COPPER: ichimoku B- persisting 0.91 WITH the short → score ×1.04 (earned ledger) [C343]
18:39:22 |    ⚠️ COPPER: short into bullish rejection candle at RSI 29 (counter-signal) -> conviction x0.85
18:39:22 |    ⚡ COPPER: short wick rejection #1 → score×0.75
18:39:22 | 🔗 COPPER: short capped — 3/3 already short (max 3)
18:39:22 | 📊 Step 3 result: 70 analyzed → 0 passed | corr_cap=28, ct_noisy_block=25, flat_projection=4, micro_exhaustion=1, poor_reward_risk=1, proj_confirms_trend=4, news_tech_conflict=1, no_structural_room=1, capitulation=2, regime_blip=1, absorption_at_extreme=1, fee_floor=1
18:39:22 |    📌 Nearest miss: 牛来 score=0.961 conf=0.615 quality=0.592/0.26 reason=corr_cap
18:39:22 |    🧾 Miss-flow: dir=short CVD=-0.60 OIdiv=n/a ofi=+0.19 book=-0.05 blend=-0.19 R=-0.67
18:39:22 |    📊 Top signals: rsi_v=+27.41 | perm_=+0.95 | short=-0.89 | vwdi=-0.74 | rqa_d=+0.69 | kalma=-0.69
18:39:22 |    🎯 Dir: short | Agreement: 18/33 (55%)
18:44:20 |    🛡 C373: 牛来 capture held — +1.43% is 0.50R, floor 48.00% (1.0R); 67/120min into horizon [throttled 5min]
18:44:20 |    🛡 C373: KERNEL capture held — +2.16% is 0.84R, floor 48.00% (1.0R); 67/120min into horizon [throttled 5min]
18:44:20 |    🛡 C373: AVAX capture held — +1.39% is 0.54R, floor 48.00% (1.0R); 55/120min into horizon [throttled 5min]
18:44:24 | 📋 STEP 1: Using cached 70 pairs (381s old, refresh at 480s)
18:44:24 | ━━━━━━━━━━━━━━━━━━━━━━━━━━━━━━━━━━━━━━━━━━━━━━━━━━
18:44:24 | 📋 STEP 2: MARKET ANALYSIS — News, Bias, Coherence
18:44:24 | ━━━━━━━━━━━━━━━━━━━━━━━━━━━━━━━━━━━━━━━━━━━━━━━━━━
18:44:25 |    🌍 C270 macro: NDX/SPX z=+0.72 gold z=-0.99 tone x1.00 sess w=1.00 -> tilt +0.071 | R -0.54->-0.47
18:44:25 | ✅ C79 RESULTANT: 1h=-0.57 4h=-0.50 12h=-0.60 R=-0.47 mag=0.47
18:44:25 | 📰 News: 35 articles | 🔵 +0.58
18:44:25 | 📈 Market: 🔻BEARISH (blend=-0.19 R=-0.47) | 1h=-0.57 4h=-0.50 12h=-0.60 align=+0.31 macro=✓
18:44:25 | 📊 Regime: MIXED (0.54) | DFA=0.60 Ent=0.89 GARCH=0.0014
18:44:25 | 🎲 RegimeMarkov: state=TD → next most-likely TD (P=0.86, persist=0.86, conf=0.84, n=254) | calib[1149]: acc=0.84 brier=0.056
18:44:25 | 🎲 PairMarkov: calib[19447]: acc=1.00 brier=0.000 (baseline 0.160)
18:44:25 | 🎲 FamilyMarkov: calib[2150/120]: acc=1.00 brier=0.005 (base 0.020) skill=+75.9% [need +5%] EARNED [C342]
18:44:25 | 🎲 IchiMarkov: calib[19233/200]: acc=0.83 brier=0.128 (base 0.153) skill=+16.1% [need +5%] EARNED [C343]
18:44:25 | 🧮 S3-EV: calib[119]: acc=0.33 brier=0.332 (baseline 0.250)
18:44:25 | 🌊 Market coherence: 53% long (31↑ vs 28↓)
18:44:26 | 💰 Taker flow: 🔵 +0.22 (BTC=+0.36 ETH=+0.07)
18:44:26 | ━━━━━━━━━━━━━━━━━━━━━━━━━━━━━━━━━━━━━━━━━━━━━━━━━━
18:44:26 | 📋 STEP 3: PREDICTIVE ANALYSIS — Scoring each pair
18:44:26 | ━━━━━━━━━━━━━━━━━━━━━━━━━━━━━━━━━━━━━━━━━━━━━━━━━━
18:44:41 | 🌐 Market breadth -0.29 (OVERSOLD-heavy, 70 pairs) — fresh entries in that direction get a late-move brake
 
  18:45  up 0h08m  scan 1 ------------------------------------------------------------------------
  EQUITY    $254.05  unreal $+1.24
  OPEN      3 pos $102.06 (40%)  free $150.75
  ------------------------------------------------------------------------------------------------
  PAIR     SIDE       ENTRY      MARK    MOVE     P&L   AGE  THESIS
  牛来       SHORT   0.108840  0.107660  +1.08%   +0.32 1h08m  + 20% left
  KERNEL   SHORT   0.056370  0.055450  +1.63%   +0.54 1h08m  + 20% left
  AVAX     SHORT    10.7570   10.6330  +1.15%   +0.38   56m  + 36% left
  ------------------------------------------------------------------------------------------------
  SESSION   $+1.24 +0.49%
  DAY       real $-2.17  limit $9.48 (3.72%)  23% used
            ######....................
  MONTH     dial 15%  used $0.00 of $37.92  from $252.81
  RECORD    no closed trades yet this run
  LIFETIME  87tr 25W 62L 29%  $+2.81
  FEES      no fills yet this run
  SCAN      802 > 70 > 0 passed  top 牛来 0.96 (corr_cap)  1 scan, 70 analysed
  MARKET    MIXED  bias -0.19  breadth -0.29  taker flow +0.15
  NEWS      35 articles  + tone +0.58  ONE +0.32  PEPE +0.25  ETH +0.22
  MOVERS    FIGHT +39% #47  ALLO +31% cut  MET +28% #27  SENT +24% #45
  ------------------------------------------------------------------------------------------------
 
18:45:53 | 
18:45:53 | ============================================================
18:45:53 | 📊 POSITION SUMMARY (8-MIN UPDATE)
18:45:53 | 💰 Equity: $252.81 | Unrealized: $+1.24
18:45:53 | 💵 Available: $150.75 | Locked: $102.06
18:45:53 | 📈 Session: $+1.24 (+0.5%)
18:45:53 | 🎯 Win Rate: Overall 29% | Session 0% | Open 100%
18:45:53 | ============================================================
18:45:53 | 🔵 SHORT 牛来
18:45:53 |    💰 Margin: $31.78 | Lev: 1x | Age: 69min
18:45:53 |    📊 Entry: $0.108840 → Now: $0.107660
18:45:53 |    📈 Move: +1.08% | PnL: $+0.32 (+1.1%)
18:45:53 |    🎲 牛来 DRI: -0.148→ Δb=-0.029 | DSI: +0.061 Δb=-0.239 📉 μ=-0.50 | 🟠 thesis 20% left (DRI 124% / DSI 20%)
18:45:53 |    📊 Mom=-0.11, Vol=-0.00, Tec=-0.09, Ml=0.06, Wav=-0.05, Ofi=0.38, Fun=-0.67
18:45:53 |       Mul=-1.00, Pri=-0.30, Tim=0.00, Rvs=0.25, _hu=0.52, _ds=0.16
18:45:53 |    🎯 Strategy: momentum | Conf: 0.678 | TF: 1h (hold≥10m)
18:45:53 |    📊 Flow(mkt): L/S=1.3 R=-0.15 taker=+0.07
18:45:53 |    📈 OI: neutral Δ=+0.0%
18:45:53 |    🫧 牛来 FLOW [C401]: taker support +0.447 (entry +0.563, -0.116) 🟢 (instrumented, no exit wired)
18:45:53 |    📋 Limit Order Entry
18:45:53 |    📈 Peak PnL: +1.5%
18:45:53 | 
18:45:53 | 🔵 SHORT KERNEL
18:45:53 |    💰 Margin: $34.98 | Lev: 1x | Age: 69min
18:45:53 |    📊 Entry: $0.056370 → Now: $0.055450
18:45:53 |    📈 Move: +1.63% | PnL: $+0.53 (+1.6%)
18:45:53 |    🎲 KERNEL DRI: -0.111→ Δb=-0.004 | DSI: +0.065 Δb=-0.258 📉 μ=-0.31 | 🟠 thesis 20% left (DRI 104% / DSI 20%)
18:45:53 |    📊 Mom=-0.12, Vol=-0.01, Tec=-0.09, Ml=0.04, Wav=-0.02, Ofi=0.49, Fun=0.67
18:45:53 |       Mul=-1.00, Pri=-0.48, Tim=0.00, Rvs=0.15, _hu=0.68, _ds=0.18
18:45:53 |    🎯 Strategy: trend_following | Conf: 0.677 | TF: 1h (hold≥10m)
18:45:53 |    📊 Flow(mkt): L/S=1.1 R=-0.04 taker=+0.02
18:45:54 |    📈 OI: neutral Δ=+0.0%
18:45:54 |    🫧 KERNEL FLOW [C401]: taker support +0.271 (entry +0.172, +0.099) 🟢 (instrumented, no exit wired)
18:45:54 |    📋 Limit Order Entry
18:45:54 |    📈 Peak PnL: +2.2%
18:45:54 | 
18:45:54 | 🔵 SHORT AVAX
18:45:54 |    💰 Margin: $35.30 | Lev: 1x | Age: 57min
18:45:54 |    📊 Entry: $10.7570 → Now: $10.6330
18:45:54 |    📈 Move: +1.15% | PnL: $+0.37 (+1.2%)
18:45:54 |    🎲 AVAX DRI: -0.080→ Δb=+0.134 | DSI: +0.127 Δb=-0.224 ➡️ μ=-0.07 | 🟢 thesis 36% left (DRI 37% / DSI 36%)
18:45:54 |    📊 Mom=-0.12, Vol=-0.01, Tec=-0.06, Ml=0.20, Wav=-0.05, Ofi=-0.27, Fun=0.32
18:45:54 |       Mul=-0.76, Pri=-0.36, Tim=0.00, Rvs=0.33, _hu=0.54, _ds=0.12
18:45:54 |    🎯 Strategy: trend_following | Conf: 0.865 | TF: 1h (hold≥10m)
18:45:57 |    📊 Flow(mkt): L/S=1.2 R=-0.14 taker=+0.07
18:45:57 |    📈 OI: neutral Δ=+0.0%
18:45:58 |    🫧 AVAX FLOW [C401]: taker support +0.373 (entry +0.387, -0.014) 🟢 (instrumented, no exit wired)
18:45:58 |    📋 Limit Order Entry
18:45:58 |    📈 Peak PnL: +1.4%
18:45:58 | 
18:45:58 | ============================================================
18:45:58 | 🔻 Day: -0.85% realised (loss limit $9.48, 23% used · dial 15%/month) [C483]
18:45:58 | ============================================================
18:45:58 | 
18:46:02 | ⚡ FLASH: AVAX Δ=+0.25% DRI=-0.080
18:47:01 | 📝 Paper LIMIT: 牛来 buy @$0.107770
18:47:01 | 📉 FILL: 牛来 BUY @$0.107770 | paper=True
18:47:01 |    🎯 C462-6 MAKER half filled 牛来 @$0.107770 — saved ~0.04% of the half notional (1 this session)
18:47:01 | ============================================================
18:47:01 | ✂️ WIN-PARTIAL: 牛来/USDT:USDT | DSI_SUSTENANCE_DECAY: DSI peak=+0.161→now=+0.000 decay=100% PnL=+1.0%(0.7PRU) peak_loss=31%
18:47:01 |    📊 SHORT half | Entry: $0.108840 → Fill: $0.107770
18:47:01 |    📈 Price Move: +0.98% | PnL%: +0.98%
18:47:01 |    💰 Half Net PnL: $+0.15 (fees $0.006) | remainder $15.89 rides as a floored runner — floor +0.49% ratchets with the peak [C338]
  -> 18:47  HALF   牛来 SHORT @0.107770  +0.98% $+0.15
       win half banked  maker  $15.89 rides on
18:47:01 | ============================================================
18:47:28 | ⚡ FLASH: AVAX Δ=+0.35% DRI=-0.079
18:49:41 | ━━━━━━━━━━━━━━━━━━━━━━━━━━━━━━━━━━━━━━━━━━━━━━━━━━
18:49:41 | 📋 STEP 1: SCREENING — Scanning all futures markets
18:49:41 | ━━━━━━━━━━━━━━━━━━━━━━━━━━━━━━━━━━━━━━━━━━━━━━━━━━
18:49:42 | 🔍 Scanning 802 markets for lively pairs...
18:49:42 |    🕒 C408: RWA held out this scan — us_equity×312 · hk_equity×8 · korea_equity×3  (they print 24/7 but only inform in session)
18:49:42 | 📊 329 pairs meet volume threshold ($750,000 relative)
18:49:48 |    🗂 C417 DESKS — each market scanned on its own terms:
18:49:48 |         ● crypto       universe  465  floor $   300k  passed  125  analysing  60
18:49:48 |         ○ us_equity    US cash closed
18:49:48 |         ● index_future universe    3  floor $   300k  passed    2  analysing   2
18:49:48 |         ● metal        universe    8  floor $   852k  passed    5  analysing   5
18:49:48 |         ● energy       universe    3  floor $  2063k  passed    3  analysing   3
18:49:48 |         ○ korea_equity KRX closed
18:49:48 |         ○ hk_equity    HKEX closed
18:49:48 |         → 70 pairs into Step 3 across 4 open markets (one budget each, they ADD — a second market never shrinks the first)
18:49:48 | 🏆 Top 70 pairs (PREDICTIVE: freshness + projected + geometric)
18:49:48 |    1. BTC/USDT:USDT: Live=0.820 V=$2639.3M Chg=-0.6% Proj=+0.07 Geo=+0.099
18:49:48 |    2. ETH/USDT:USDT: Live=1.108 V=$1844.1M Chg=-1.5% Proj=+0.38 Geo=+0.112
18:49:48 |    3. XRP/USDT:USDT: Live=0.694 V=$485.8M Chg=+1.1% Proj=+0.08 Geo=+0.208
18:49:48 |    4. SOL/USDT:USDT: Live=0.752 V=$240.7M Chg=-0.8% Proj=+0.19 Geo=+0.085
18:49:48 |    5. BCH/USDT:USDT: Live=0.799 V=$103.9M Chg=+11.6% Proj=+0.26 Geo=+0.030
18:49:48 |    6. XAU/USDT:USDT: Live=0.797 V=$119.5M Chg=-0.8% Proj=+0.27 Geo=-0.042
18:49:48 |    7. DOGE/USDT:USDT: Live=0.733 V=$130.5M Chg=-1.0% Proj=+0.22 Geo=+0.119
18:49:48 |    8. NEAR/USDT:USDT: Live=0.813 V=$105.9M Chg=+3.0% Proj=+0.31 Geo=+0.210
18:49:48 |    9. MUBARAK/USDT:USDT: Live=0.581 V=$93.9M Chg=-21.1% Proj=+0.08 Geo=+0.180
18:49:48 |    10. PEPE/USDT:USDT: Live=0.557 V=$72.1M Chg=-4.5% Proj=+0.06 Geo=+0.190
18:49:48 |    11. CL/USDT:USDT: Live=0.530 V=$69.5M Chg=+1.4% Proj=+0.05 Geo=+0.047
18:49:48 |    12. HYPE/USDT:USDT: Live=0.617 V=$83.1M Chg=-0.7% Proj=+0.14 Geo=+0.140
18:49:48 |    13. UNI/USDT:USDT: Live=0.803 V=$85.5M Chg=+2.6% Proj=+0.33 Geo=+0.227
18:49:48 |    14. SUI/USDT:USDT: Live=0.625 V=$60.6M Chg=-1.7% Proj=+0.16 Geo=+0.057
18:49:48 |    15. LINK/USDT:USDT: Live=1.007 V=$29.9M Chg=-3.1% Proj=+0.56 Geo=+0.173
18:49:48 |    16. XAG/USDT:USDT: Live=0.532 V=$44.5M Chg=-1.3% Proj=+0.09 Geo=-0.012
18:49:48 |    17. ADA/USDT:USDT: Live=0.831 V=$51.3M Chg=-1.4% Proj=+0.39 Geo=+0.187
18:49:48 |    18. BZ/USDT:USDT: Live=0.702 V=$20.6M Chg=+2.3% Proj=+0.27 Geo=+0.039
18:49:48 |    19. PUMP/USDT:USDT: Live=0.746 V=$17.5M Chg=-8.3% Proj=+0.31 Geo=+0.215
18:49:48 |    20. TAO/USDT:USDT: Live=0.573 V=$23.4M Chg=-5.0% Proj=+0.15 Geo=+0.118
18:49:48 |    21. ARB/USDT:USDT: Live=1.086 V=$37.3M Chg=+4.5% Proj=+0.66 Geo=+0.234
18:49:48 |    22. TRUMP/USDT:USDT: Live=0.722 V=$26.0M Chg=-2.9% Proj=+0.31 Geo=+0.259
18:49:48 |    23. ENA/USDT:USDT: Live=0.774 V=$43.2M Chg=-0.3% Proj=+0.36 Geo=+0.030
18:49:48 |    24. NIL/USDT:USDT: Live=0.946 V=$31.2M Chg=+11.4% Proj=+0.53 Geo=+0.123
18:49:48 |    25. BNB/USDT:USDT: Live=0.547 V=$19.2M Chg=-1.5% Proj=+0.14 Geo=+0.123
18:49:48 |    26. COTI/USDT:USDT: Live=0.796 V=$4.5M Chg=+18.5% Proj=+0.40 Geo=+0.150
18:49:48 |    27. WLD/USDT:USDT: Live=0.681 V=$22.4M Chg=-2.2% Proj=+0.29 Geo=+0.043
18:49:48 |    28. HBAR/USDT:USDT: Live=0.928 V=$20.1M Chg=-2.7% Proj=+0.54 Geo=+0.214
18:49:48 |    29. WIF/USDT:USDT: Live=0.677 V=$9.1M Chg=-8.1% Proj=+0.29 Geo=+0.193
18:49:48 |    30. APT/USDT:USDT: Live=0.603 V=$13.6M Chg=+6.7% Proj=+0.22 Geo=+0.040
18:49:48 |    31. PONS/USDT:USDT: Live=0.616 V=$17.4M Chg=+7.6% Proj=+0.23 Geo=+0.135
18:49:48 |    32. TIA/USDT:USDT: Live=0.577 V=$11.5M Chg=+10.6% Proj=+0.21 Geo=+0.188
18:49:48 |    33. PAXG/USDT:USDT: Live=0.633 V=$11.2M Chg=-0.8% Proj=+0.27 Geo=-0.040
18:49:48 |    34. XLM/USDT:USDT: Live=0.708 V=$20.3M Chg=-0.9% Proj=+0.35 Geo=+0.195
18:49:48 |    35. RENDER/USDT:USDT: Live=0.664 V=$5.8M Chg=-5.3% Proj=+0.30 Geo=+0.202
18:49:48 |    36. CRV/USDT:USDT: Live=0.904 V=$6.3M Chg=-5.4% Proj=+0.54 Geo=+0.215
18:49:48 |    37. FARTCOIN/USDT:USDT: Live=0.668 V=$13.9M Chg=-4.0% Proj=+0.32 Geo=+0.218
18:49:48 |    38. DOT/USDT:USDT: Live=0.743 V=$13.2M Chg=-2.3% Proj=+0.39 Geo=+0.145
18:49:48 |    39. AAVE/USDT:USDT: Live=0.804 V=$17.0M Chg=+1.1% Proj=+0.46 Geo=+0.147
18:49:48 |    40. NATGAS/USDT:USDT: Live=0.292 V=$4.6M Chg=+5.8% Proj=-0.05 Geo=-0.072
18:49:48 |    41. XAUT/USDT:USDT: Live=0.404 V=$8.5M Chg=-0.8% Proj=+0.06 Geo=-0.038
18:49:48 |    42. 龙虾/USDT:USDT: Live=0.712 V=$13.5M Chg=-13.0% Proj=+0.37 Geo=+0.193
18:49:48 |    43. FIL/USDT:USDT: Live=0.559 V=$15.6M Chg=-0.6% Proj=+0.22 Geo=+0.044
18:49:48 |    44. ZETA/USDT:USDT: Live=0.643 V=$5.9M Chg=-7.4% Proj=+0.31 Geo=+0.160
18:49:48 |    45. ASTER/USDT:USDT: Live=0.794 V=$5.4M Chg=-2.8% Proj=+0.47 Geo=+0.162
18:49:48 |    46. RAY/USDT:USDT: Live=0.547 V=$3.5M Chg=+7.8% Proj=+0.23 Geo=+0.210
18:49:48 |    47. SHIB/USDT:USDT: Live=0.605 V=$9.0M Chg=-1.5% Proj=+0.29 Geo=+0.189
18:49:48 |    48. SENT/USDT:USDT: Live=0.771 V=$1.0M Chg=+23.7% Proj=+0.46 Geo=+0.087
18:49:48 |    49. APE/USDT:USDT: Live=0.705 V=$3.1M Chg=+9.2% Proj=+0.40 Geo=-0.014
18:49:48 |    50. FIGHT/USDT:USDT: Live=0.797 V=$1.9M Chg=+38.1% Proj=+0.49 Geo=+0.183
18:49:48 |    51. SEI/USDT:USDT: Live=0.638 V=$7.1M Chg=-1.7% Proj=+0.34 Geo=+0.005
18:49:48 |    52. CHR/USDT:USDT: Live=0.618 V=$5.1M Chg=+17.2% Proj=+0.32 Geo=+0.143
18:49:48 |    53. KERNEL/USDT:USDT: Live=0.759 V=$5.0M Chg=-5.8% Proj=+0.47 Geo=+0.136
18:49:48 |    54. ICP/USDT:USDT: Live=0.750 V=$4.8M Chg=+3.9% Proj=+0.46 Geo=+0.072
18:49:48 |    55. GRT/USDT:USDT: Live=0.804 V=$1.2M Chg=+14.5% Proj=+0.52 Geo=+0.027
18:49:48 |    56. TRX/USDT:USDT: Live=0.734 V=$2.9M Chg=-0.9% Proj=+0.45 Geo=+0.058
18:49:48 |    57. ACE/USDT:USDT: Live=0.829 V=$1.7M Chg=+12.1% Proj=+0.54 Geo=+0.154
18:49:48 |    58. SPX/USDT:USDT: Live=0.381 V=$2.1M Chg=-9.3% Proj=+0.10 Geo=+0.172
18:49:48 |    59. STX/USDT:USDT: Live=0.800 V=$1.5M Chg=-7.8% Proj=+0.53 Geo=+0.185
18:49:48 |    60. MAGMA/USDT:USDT: Live=0.830 V=$1.2M Chg=+9.7% Proj=+0.58 Geo=+0.217
18:49:48 |    61. BEAT/USDT:USDT: Live=0.716 V=$1.7M Chg=+8.9% Proj=+0.47 Geo=+0.037
18:49:48 |    62. JUP/USDT:USDT: Live=0.660 V=$3.7M Chg=+1.5% Proj=+0.41 Geo=-0.056
18:49:48 |    63. FLOKI/USDT:USDT: Live=0.535 V=$2.4M Chg=-3.1% Proj=+0.29 Geo=+0.242
18:49:48 |    64. GRASS/USDT:USDT: Live=0.580 V=$2.5M Chg=+5.0% Proj=+0.34 Geo=+0.064
18:49:48 |    65. KAS/USDT:USDT: Live=0.550 V=$1.2M Chg=-3.4% Proj=+0.32 Geo=+0.108
18:49:48 |    66. ATOM/USDT:USDT: Live=0.538 V=$2.1M Chg=+2.8% Proj=+0.32 Geo=-0.035
18:49:48 |    67. GPS/USDT:USDT: Live=0.547 V=$0.7M Chg=+10.5% Proj=+0.33 Geo=+0.126
18:49:48 |    68. ZEST/USDT:USDT: Live=0.730 V=$1.2M Chg=+14.6% Proj=+0.51 Geo=+0.161
18:49:48 |    69. NDX100/USDT:USDT: Live=-0.140 V=$0.9M Chg=+0.5% Proj=-0.33 Geo=-0.021
18:49:48 |    70. COPPER/USDT:USDT: Live=-0.017 V=$0.9M Chg=-1.0% Proj=-0.20 Geo=+0.111
18:49:48 |    🪞 C266 board-parity (top movers vs screen): FIGHT +38%[#50] | ALLO +31%[Live=0.47<cut] | MET +30%[Live=0.52<cut] | SENT +24%[#48] | ONE -22%[Live=0.50<cut]
18:49:48 |    🔬 BTC geo: slope=+0.052 pure=+0.047
18:49:48 |    🔬 ETH geo: slope=+0.074 rough=-0.010 harm=+0.004 pure=+0.043
18:49:48 |    🔬 XRP geo: slope=+0.137 harm=+0.016 pure=+0.055
18:49:48 | 📦 OHLCV cache: 138 pairs cached for quick_scan
18:49:48 | ━━━━━━━━━━━━━━━━━━━━━━━━━━━━━━━━━━━━━━━━━━━━━━━━━━
18:49:48 | 📋 STEP 2: MARKET ANALYSIS — News, Bias, Coherence
18:49:48 | ━━━━━━━━━━━━━━━━━━━━━━━━━━━━━━━━━━━━━━━━━━━━━━━━━━
18:49:49 |    🌍 C270 macro: NDX/SPX z=+0.77 gold z=-0.93 tone x1.00 sess w=1.00 -> tilt +0.076 | R -0.75->-0.67
18:49:49 | ✅ C79 RESULTANT: 1h=-0.65 4h=-0.75 12h=-0.78 R=-0.67 mag=0.67
18:49:49 | 📰 News: 35 articles | 🔵 +0.58
18:49:49 | 📈 Market: 🔻BEARISH (blend=-0.35 R=-0.67) | 1h=-0.65 4h=-0.75 12h=-0.78 align=+0.53 macro=✓
18:49:49 | 📊 Regime: MIXED (0.52) | DFA=0.44 Ent=0.88 GARCH=0.0014
18:49:49 | 🎲 RegimeMarkov: state=TD → next most-likely TD (P=0.86, persist=0.86, conf=0.84, n=255) | calib[1150]: acc=0.84 brier=0.056
18:49:49 | 🎲 PairMarkov: calib[19447]: acc=1.00 brier=0.000 (baseline 0.160)
18:49:49 | 🎲 FamilyMarkov: calib[2150/120]: acc=1.00 brier=0.005 (base 0.020) skill=+75.9% [need +5%] EARNED [C342]
18:49:49 | 🎲 IchiMarkov: calib[19233/200]: acc=0.83 brier=0.128 (base 0.153) skill=+16.1% [need +5%] EARNED [C343]
18:49:49 | 🧮 S3-EV: calib[119]: acc=0.33 brier=0.332 (baseline 0.250)
18:49:49 | 🌊 Market coherence: 50% short (29↑ vs 29↓)
18:49:50 | 💰 Taker flow: 🔵 +0.14 (BTC=+0.14 ETH=+0.15)
18:49:50 | ━━━━━━━━━━━━━━━━━━━━━━━━━━━━━━━━━━━━━━━━━━━━━━━━━━
18:49:50 | 📋 STEP 3: PREDICTIVE ANALYSIS — Scoring each pair
18:49:50 | ━━━━━━━━━━━━━━━━━━━━━━━━━━━━━━━━━━━━━━━━━━━━━━━━━━
18:49:50 |    🛡 C373: KERNEL capture held — +0.92% is 0.36R, floor 48.00% (1.0R); 73/120min into horizon [throttled 5min]
18:49:50 |    🛡 C373: AVAX capture held — +1.23% is 0.48R, floor 48.00% (1.0R); 61/120min into horizon [throttled 5min]
18:50:09 |    📚 PairProfiles: 429 pairs in persistent baseline (138/138 mature this scan)
18:50:09 |    ------------------------------------
18:50:09 |    🧬 BTC: breadth 3/5 → conviction 0.64 | cat=majors/W-0.88(member) meanrev×1.40 | Sq=-0.03 fund=+0.004% OI=$2981.3M CVD=-0.60 ofi=+0.09 book=+0.06
18:50:09 |    🌍 C396 session tilt: Europe (13h UTC) → entry score ×1.12 [measured 55.9% Europe vs 46.5% Asia barrier-win]
18:50:09 |    📰 BTC: news long sig=0.30 score=+0.08
18:50:09 |    🎯 BTC: target 0.5%→0.6% — regime TD persisting 0.86 on an earned ledger (acc 0.84); room-to-structure defers to the trend [C340]
18:50:09 |    ☁️ BTC: ichimoku B- persisting 0.91 WITH the short → score ×1.04 (earned ledger) [C343]
18:50:09 |    ⚡ BTC: short news-tech conflict — score×0.70 (news long sig=0.30)
18:50:09 | 🔗 BTC: short capped — 3/3 already short (max 3)
18:50:09 |    ------------------------------------
18:50:09 |    🧬 ETH: breadth 5/6 → conviction 0.82 | cat=majors/W-0.83(member) meanrev×1.40 | Sq=-0.04 fund=+0.006% OI=$2111.7M CVD=-0.28 ofi=-0.11 book=-0.09
18:50:09 |    📰 ETH: news long sig=0.30 score=+0.22
18:50:09 |    🛑 ETH: SHORT at RSI 26 (oversold, stretched) → brake 9%
18:50:09 |    ⚖️ C467: ETH E=-0.154R is below the +0.000R bar, but the probability feeding E has NO measured skill (Brier skill ≤ 0), so E does not get a veto — score taxed 8% instead and the other gates decide. The veto returns automatically when p starts beating a coin flip [C467, throttled 10min]
18:50:09 |    🎯 ETH: target 0.5%→1.0% — regime TD persisting 0.86 on an earned ledger (acc 0.84); room-to-structure defers to the trend [C340]
18:50:09 |    ☁️ ETH: ichimoku B- persisting 0.91 WITH the short → score ×1.04 (earned ledger) [C343]
18:50:09 |    ⚡ ETH: short news-tech conflict — score×0.70 (news long sig=0.30)
18:50:09 | 🔗 ETH: short capped — 3/3 already short (max 3)
18:50:10 |    ------------------------------------
18:50:10 |    🧬 XRP: breadth 5/6 → conviction 0.74 | cat=l1/W-0.77(member) momentum×0.78 | Sq=-0.06 fund=+0.010% OI=$276.3M CVD=-0.22 ofi=-0.20 book=-0.14
18:50:10 |    · XRP: news ~market score=+0.06 (no coin-specific articles)
18:50:10 |    🛑 XRP: SHORT at RSI 22 (oversold, stretched) → brake 19%
18:50:10 |    🎢→✅ XRP: parabola RESOLVED (bounce age 35c, unwound 8.9 ATR) → short allowed, penalty 15%
18:50:10 |    🎯 XRP: target 1.0%→1.9% — regime TD persisting 0.86 on an earned ledger (acc 0.84); room-to-structure defers to the trend [C340]
18:50:10 |    ☁️ XRP: ichimoku B- persisting 0.91 WITH the short → score ×1.04 (earned ledger) [C343]
18:50:10 |    ⚠️ XRP: short into bullish rejection candle at RSI 22 (counter-signal) -> conviction x0.85
18:50:10 |    ⚡ XRP: short wick rejection #2 → score×0.75
18:50:10 | 🔗 XRP: short capped — 3/3 already short (max 3)
18:50:11 |    ------------------------------------
18:50:11 |    🧬 SOL: breadth 5/6 → conviction 0.83 | cat=solana_eco/W-0.42(member) trend×1.05 | Sq=-0.03 fund=+0.005% OI=$462.9M CVD=+0.32 ofi=-0.40 book=-0.01
18:50:11 |    🧭 C403 flow term: takers are -0.21 AGAINST this short → score ×0.979
18:50:11 |    📄 SOL: news long sig=0.12 score=+0.12
18:50:11 |    🎯 SOL: target 0.7%→1.3% — regime TD persisting 0.86 on an earned ledger (acc 0.84); room-to-structure defers to the trend [C340]
18:50:11 |    ☁️ SOL: ichimoku B- persisting 0.91 WITH the short → score ×1.04 (earned ledger) [C343]
18:50:11 | 🔗 SOL: short capped — 3/3 already short (max 3)
18:50:11 |    ------------------------------------
18:50:11 |    🧬 BCH: breadth 3/6 → conviction 0.69 | cat=l1/W+0.22(member) meanrev×0.90 | Sq=-0.04 fund=+0.007% OI=$26.5M CVD=+0.29 ofi=+0.22 book=+0.06
18:50:11 |    🧬 BCH: own-history vol 2.11% vs baseline 0.80% (×2.63) → abnormal-wild conviction ×0.94 [C286-2]
18:50:11 |    📄 BCH: news long sig=0.10 score=+0.08
18:50:11 |    🎢 BCH: long BLOCKED — broken-parabola bounce (day range 9×ATR, 1.9 ATR below the day high) → post-blow-off distribution risk
18:50:11 |       ⚖️ parabola → score ×0.82 (penalty, not a veto — must still clear the bar) [C403]
18:50:12 |    ☁️ BCH: ichimoku B- persisting 0.91 AGAINST the long → score ×0.96 (earned ledger) [C343]
18:50:12 | ⚖️ BCH: long vs R=-0.67 counter-trend → score ×0.85 (penalty, not a veto — it still must clear the bar) [C403]
18:50:12 |    🚫 BCH: counter-trend BLOCK — dir long vs market R=-0.35 AND orderliness 0.09<0.33 (noisy). Long-into-trend is ~45%% barrier-win; no orderliness to justify it [C386]
18:50:12 |    ------------------------------------
18:50:12 |    🧬 XAU: breadth 4/6 → conviction 0.72 | cat=calm/W-0.53(regime) meanrev×1.15 | Sq=-0.08 fund=+0.011% OI=$75.4M CVD=-0.28 ofi=+0.16 book=-0.18
18:50:12 |    📄 XAU: news long sig=0.10 score=+0.17
18:50:12 |    ⚡ XAU: projection 0.40% modest + MA-fan compressing (ma_fan=-0.02) → penalty 20%
18:50:12 |    🧭 C439: earned chains put p at 0.20 against a base of 0.33 — they DISAGREE with this long → score ×0.969 (bounded, same treatment C342/C343 give a dissenting chain) [throttled 15min]
18:50:12 |    🛑 XAU: long opposes the latched DOWN-trend (R was -0.82 2min ago; now -0.67, 4h -0.83) — one weak print is a blip, not a turn [C339]
18:50:13 |    ------------------------------------
18:50:13 |    🧬 DOGE: breadth 5/6 → conviction 0.81 | cat=meme/W-0.03(member) meanrev×0.86 | Sq=-0.02 fund=+0.003% OI=$150.0M CVD=+0.01 ofi=+0.22 book=+0.21
18:50:13 |    · DOGE: news ~market score=+0.06 (no coin-specific articles)
18:50:13 |    🎯 DOGE: target 0.9%→1.6% — regime TD persisting 0.86 on an earned ledger (acc 0.84); room-to-structure defers to the trend [C340]
18:50:13 |    ⏳ DOGE: short LATE-LEG at extreme (room 5%) + forward signals object (F=+0.02, worst=-0.41) → blocked
18:50:14 |    ------------------------------------
18:50:14 |    🧬 NEAR: breadth 2/6 → conviction 0.33 | cat=ai/W+0.53(member) momentum×1.24 | Sq=-0.06 fund=+0.010% OI=$79.4M CVD=+0.18 ofi=+0.14 book=-0.04
18:50:14 |    🧬 NEAR: own-history vol 2.09% vs baseline 1.17% (×1.79) → abnormal-wild conviction ×0.99 [C286-2]
18:50:14 |    📰 NEAR: news long sig=0.30 score=+0.04
18:50:14 |    🎢→✅ NEAR: parabola RESOLVED (pullback age 0c, recovered 0.1 ATR, extreme re-touched) → long allowed, penalty 15%
18:50:14 |    ☁️ NEAR: ichimoku A+ persisting 0.78 WITH the long → score ×1.02 (earned ledger) [C343]
18:50:14 | ⚖️ NEAR: long vs R=-0.67 counter-trend → score ×0.85 (penalty, not a veto — it still must clear the bar) [C403]
18:50:14 |    🚫 NEAR: counter-trend BLOCK — dir long vs market R=-0.35 AND orderliness 0.17<0.33 (noisy). Long-into-trend is ~45%% barrier-win; no orderliness to justify it [C386]
18:50:14 |    ------------------------------------
18:50:14 |    🧬 MUBARAK: breadth 4/5 → conviction 0.79 | cat=wild/W+1.00(regime) meanrev×0.72 | Sq=-0.14 fund=+0.019% OI=$4.0M CVD=-0.56 ofi=-0.10 book=+0.08
18:50:15 |    · MUBARAK: news ~market score=+0.06 (no coin-specific articles)
18:50:15 |    🛑 MUBARAK: SHORT at RSI 23 (oversold, stretched) → brake 16%
18:50:15 |    🎯 MUBARAK: target 4.7%→11.5% — regime TD persisting 0.86 on an earned ledger (acc 0.84); room-to-structure defers to the trend [C340]
18:50:15 |    ☁️ MUBARAK: ichimoku B- persisting 0.91 WITH the short → score ×1.04 (earned ledger) [C343]
18:50:15 | 🔗 MUBARAK: short capped — 3/3 already short (max 3)
18:50:15 |    ------------------------------------
18:50:15 |    🧬 PEPE: breadth 5/6 → conviction 0.86 | cat=meme/W-0.46(member) pattern×1.05 | Sq=-0.08 fund=+0.012% OI=$39.3M CVD=+0.22 ofi=+0.02 book=+0.30
18:50:15 |    📰 PEPE: news long sig=0.30 score=+0.25
18:50:15 |    🛑 PEPE: SHORT at RSI 27 (oversold, stretched) → brake 8%
18:50:16 |    🎯 PEPE: target 1.4%→3.0% — regime TD persisting 0.86 on an earned ledger (acc 0.84); room-to-structure defers to the trend [C340]
18:50:16 |    ☁️ PEPE: ichimoku B- persisting 0.91 WITH the short → score ×1.04 (earned ledger) [C343]
18:50:16 |    ⚡ PEPE: short news-tech conflict — score×0.70 (news long sig=0.30)
18:50:16 | 🔗 PEPE: short capped — 3/3 already short (max 3)
18:50:16 |    ------------------------------------
18:50:16 |    🧬 CL: breadth 5/5 → conviction 1.00 | cat=mid/W-0.27(regime) meanrev×1.08 | Sq=+0.01 fund=-0.001% OI=$35.9M CVD=-0.21 ofi=-0.21 book=-0.30
18:50:16 |    · CL: news ~market score=+0.06 (no coin-specific articles)
18:50:16 |    🛑 CL: LONG at RSI 71 (overbought, stretched) → brake 3%
18:50:16 |    🎢→✅ CL: parabola RESOLVED (pullback age 70c, recovered 6.5 ATR) → long allowed, penalty 15%
18:50:16 |    ⚡ CL: projection 0.38% modest + MA-fan compressing (ma_fan=+0.11) → penalty 20%
18:50:16 |    ☁️ CL: ichimoku A+ persisting 0.78 WITH the long → score ×1.02 (earned ledger) [C343]
18:50:16 |    ⚠️ CL: long into bearish rejection candle at RSI 71 (counter-signal) -> conviction x0.85
18:50:16 |    ⚡ CL: long wick rejection #2 → score×0.75
18:50:16 | ⚖️ CL: long vs R=-0.67 counter-trend → score ×0.85 (penalty, not a veto — it still must clear the bar) [C403]
18:50:16 |    🚫 CL: counter-trend BLOCK — dir long vs market R=-0.35 AND orderliness 0.16<0.33 (noisy). Long-into-trend is ~45%% barrier-win; no orderliness to justify it [C386]
18:50:17 |    ------------------------------------
18:50:17 |    🧬 HYPE: breadth 5/6 → conviction 0.83 | cat=defi/W-0.76(member) meanrev×1.21 | Sq=-0.00 fund=+0.001% OI=$225.9M CVD=-0.59 ofi=-0.17 book=-0.28
18:50:17 |    📄 HYPE: news neutral sig=0.12 score=+0.00
18:50:17 |    🛑 HYPE: SHORT at RSI 26 (oversold, stretched) → brake 8%
18:50:17 |    🎢→✅ HYPE: parabola RESOLVED (bounce age 32c, unwound 7.5 ATR) → short allowed, penalty 15%
18:50:17 |    🎯 HYPE: target 0.7%→1.4% — regime TD persisting 0.86 on an earned ledger (acc 0.84); room-to-structure defers to the trend [C340]
18:50:17 |    ☁️ HYPE: ichimoku B- persisting 0.91 WITH the short → score ×1.04 (earned ledger) [C343]
18:50:17 | 🔗 HYPE: short capped — 3/3 already short (max 3)
18:50:17 |    ------------------------------------
18:50:17 |    🧬 UNI: breadth 5/6 → conviction 0.92 | cat=defi/W+0.88(member) meanrev×0.75 | Sq=-0.06 fund=+0.010% OI=$38.0M CVD=-0.24 ofi=-0.06 book=+0.29
18:50:17 |    📄 UNI: news long sig=0.12 score=+0.06
18:50:17 |    🛑 UNI: SHORT at RSI 22 (oversold, stretched) → brake 17%
18:50:17 |    🎢→✅ UNI: parabola RESOLVED (bounce age 40c, unwound 9.5 ATR) → short allowed, penalty 15%
18:50:18 |    🎯 UNI: target 2.3%→4.2% — regime TD persisting 0.86 on an earned ledger (acc 0.84); room-to-structure defers to the trend [C340]
18:50:18 |    ☁️ UNI: ichimoku B- persisting 0.91 WITH the short → score ×1.04 (earned ledger) [C343]
18:50:18 | 🔗 UNI: short capped — 3/3 already short (max 3)
18:50:18 |    ------------------------------------
18:50:18 |    🧬 SUI: breadth 4/6 → conviction 0.72 | cat=l1/W-0.59(member) momentum×0.83 | Sq=-0.04 fund=+0.007% OI=$65.8M CVD=+0.02 ofi=-0.15 book=+0.23
18:50:18 |    · SUI: news ~market score=+0.06 (no coin-specific articles)
18:50:19 |    🎯 SUI: target 1.3%→2.4% — regime TD persisting 0.86 on an earned ledger (acc 0.84); room-to-structure defers to the trend [C340]
18:50:19 |    ⏳ SUI: short LATE-LEG at extreme (room 8%) + forward signals object (F=-0.02, worst=-0.38) → blocked
18:50:19 |    ------------------------------------
18:50:19 |    🧬 LINK: breadth 5/6 → conviction 0.83 | cat=defi/W-0.75(member) meanrev×1.22 | Sq=-0.06 fund=+0.010% OI=$53.9M CVD=+0.20 ofi=-0.37 book=-0.07
18:50:19 |    📄 LINK: news long sig=0.12 score=+0.06
18:50:19 |    🛑 LINK: SHORT at RSI 25 (oversold, stretched) → brake 12%
18:50:19 |    🎯 LINK: target 1.1%→1.9% — regime TD persisting 0.86 on an earned ledger (acc 0.84); room-to-structure defers to the trend [C340]
18:50:19 |    ☁️ LINK: ichimoku B- persisting 0.91 WITH the short → score ×1.04 (earned ledger) [C343]
18:50:19 | 🔗 LINK: short capped — 3/3 already short (max 3)
18:50:20 |    ------------------------------------
18:50:20 |    🧬 XAG: breadth 5/6 → conviction 0.66 | cat=calm/W-0.75(regime) meanrev×1.22 | Sq=-0.10 fund=+0.014% OI=$24.4M CVD=-0.44 ofi=-0.00 book=-0.12
18:50:20 |    · XAG: news ~market score=+0.06 (no coin-specific articles)
18:50:20 |    🎯 XAG: target 0.5%→0.8% — regime TD persisting 0.86 on an earned ledger (acc 0.84); room-to-structure defers to the trend [C340]
18:50:20 |    ☁️ XAG: ichimoku B- persisting 0.91 WITH the short → score ×1.04 (earned ledger) [C343]
18:50:20 | 🔗 XAG: short capped — 3/3 already short (max 3)
18:50:20 |    ------------------------------------
18:50:20 |    🧬 ADA: breadth 4/6 → conviction 0.67 | cat=l1/W-0.60(member) momentum×0.83 | Sq=-0.07 fund=+0.010% OI=$66.1M CVD=-0.00 ofi=-0.05 book=-0.26
18:50:20 |    📰 ADA: news long sig=0.30 score=+0.25
18:50:20 |    🛑 ADA: SHORT at RSI 22 (oversold, stretched) → brake 17%
18:50:21 |    🎯 ADA: target 1.2%→2.3% — regime TD persisting 0.86 on an earned ledger (acc 0.84); room-to-structure defers to the trend [C340]
18:50:21 |    ⏳ ADA: short LATE-LEG at extreme (room 5%) + forward signals object (F=+0.02, worst=-0.41) → blocked
18:50:21 |    ------------------------------------
18:50:21 |    🧬 BZ: breadth 4/5 → conviction 0.89 | cat=mid/W-0.32(regime) meanrev×1.09 | Sq=+0.00 fund=-0.001% OI=$28.2M CVD=-0.28 ofi=+0.02 book=-0.28
18:50:21 |    · BZ: news ~market score=+0.06 (no coin-specific articles)
18:50:21 |    ⚡ BZ: projection 0.36% modest + MA-fan compressing (ma_fan=+0.02) → penalty 20%
18:50:22 |    ☁️ BZ: ichimoku A+ persisting 0.78 WITH the long → score ×1.02 (earned ledger) [C343]
18:50:22 |    ⚠️ BZ: long into bearish rejection candle at RSI 67 (counter-signal) -> conviction x0.85
18:50:22 |    ⚡ BZ: long wick rejection #1 → score×0.75
18:50:22 | ⚖️ BZ: long vs R=-0.67 counter-trend → score ×0.85 (penalty, not a veto — it still must clear the bar) [C403]
18:50:22 |    🚫 BZ: counter-trend BLOCK — dir long vs market R=-0.35 AND orderliness 0.11<0.33 (noisy). Long-into-trend is ~45%% barrier-win; no orderliness to justify it [C386]
18:50:22 |    ------------------------------------
18:50:22 |    🧬 PUMP: breadth 5/6 → conviction 0.87 | cat=calm/W-0.43(regime) meanrev×1.15 | Sq=-0.03 fund=+0.005% OI=$16.8M CVD=+0.27 ofi=-0.17 book=+0.04
18:50:22 |    · PUMP: news ~market score=+0.06 (no coin-specific articles)
18:50:22 |    🛑 PUMP: SHORT at RSI 19 (oversold, stretched) → brake 25%
18:50:22 |    🎯 PUMP: target 1.6%→2.8% — regime TD persisting 0.86 on an earned ledger (acc 0.84); room-to-structure defers to the trend [C340]
18:50:22 |    ☁️ PUMP: ichimoku B- persisting 0.91 WITH the short → score ×1.04 (earned ledger) [C343]
18:50:22 | 🔗 PUMP: short capped — 3/3 already short (max 3)
18:50:23 |    ------------------------------------
18:50:23 |    🧬 TAO: breadth 3/6 → conviction 0.54 | cat=ai/W-0.36(member) pattern×1.08 | Sq=-0.03 fund=+0.005% OI=$35.0M CVD=+0.26 ofi=-0.12 book=+0.04
18:50:23 |    📄 TAO: news long sig=0.12 score=+0.10
18:50:23 |    🎢→✅ TAO: parabola RESOLVED (bounce age 2c, unwound 2.1 ATR, extreme re-touched) → short allowed, penalty 15%
18:50:23 |    🎯 TAO: target 1.8%→3.0% — regime TD persisting 0.86 on an earned ledger (acc 0.84); room-to-structure defers to the trend [C340]
18:50:23 |    ☁️ TAO: ichimoku B- persisting 0.91 WITH the short → score ×1.04 (earned ledger) [C343]
18:50:23 | 🔗 TAO: short capped — 3/3 already short (max 3)
18:50:23 |    ------------------------------------
18:50:23 |    🧬 ARB: breadth 5/6 → conviction 0.92 | cat=l2/W+0.26(member) meanrev×0.87 | Sq=-0.04 fund=+0.007% OI=$21.9M CVD=+0.28 ofi=-0.16 book=-0.11
18:50:23 |    · ARB: news ~market score=+0.06 (no coin-specific articles)
18:50:23 |    🛑 ARB: SHORT at RSI 22 (oversold, stretched) → brake 19%
18:50:23 |    🎢→✅ ARB: parabola RESOLVED (bounce age 39c, unwound 8.0 ATR) → short allowed, penalty 15%
18:50:23 |    🎯 ARB: target 2.2%→4.0% — regime TD persisting 0.86 on an earned ledger (acc 0.84); room-to-structure defers to the trend [C340]
18:50:23 |    ☁️ ARB: ichimoku B- persisting 0.91 WITH the short → score ×1.04 (earned ledger) [C343]
18:50:23 | 🔗 ARB: short capped — 3/3 already short (max 3)
18:50:24 |    ------------------------------------
18:50:24 |    🧬 TRUMP: breadth 4/6 → conviction 0.71 | cat=meme/W-0.41(member) pattern×1.05 | Sq=-0.03 fund=+0.004% OI=$15.7M CVD=+0.27 ofi=-0.01 book=-0.18
18:50:24 |    📄 TRUMP: news long sig=0.10 score=+0.06
18:50:24 |    🛑 TRUMP: SHORT at RSI 18 (oversold, stretched) → brake 27%
18:50:24 |    🔓 TRUMP: short near extreme but WITH trend (R=-0.67) → breakout, not blocked
18:50:24 |    🎯 TRUMP: target 1.4%→2.5% — regime TD persisting 0.86 on an earned ledger (acc 0.84); room-to-structure defers to the trend [C340]
18:50:24 |    ⏳ TRUMP: short LATE-LEG at extreme (room 4%) + forward signals object (F=-0.06, worst=-0.38) → blocked
18:50:25 |    ------------------------------------
18:50:25 |    🧬 ENA: breadth 4/6 → conviction 0.65 | cat=defi/W-0.22(member) trend×1.09 | Sq=-0.01 fund=+0.002% OI=$47.3M CVD=+0.60 ofi=-0.06 book=+0.06
18:50:25 |    📄 ENA: news long sig=0.12 score=+0.06
18:50:25 |    🎢→✅ ENA: parabola RESOLVED (bounce age 55c, unwound 3.9 ATR) → short allowed, penalty 15%
18:50:25 |    🎯 ENA: target 0.9%→3.6% — regime TD persisting 0.86 on an earned ledger (acc 0.84); room-to-structure defers to the trend [C340]
18:50:25 |    ☁️ ENA: ichimoku B- persisting 0.91 WITH the short → score ×1.04 (earned ledger) [C343]
18:50:25 | 🔗 ENA: short capped — 3/3 already short (max 3)
18:50:25 |    ------------------------------------
18:50:25 |    🧬 NIL: breadth 5/6 → conviction 0.90 | cat=wild/W+1.00(regime) meanrev×0.72 | Sq=-0.04 fund=+0.005% OI=$2.6M CVD=-0.37 ofi=-0.04 book=-0.23
18:50:25 |    🧬 NIL: own-history vol 3.42% vs baseline 1.93% (×1.77) → abnormal-wild conviction ×0.99 [C286-2]
18:50:25 |    · NIL: news ~market score=+0.06 (no coin-specific articles)
18:50:25 |    🎢→⚖️ NIL: C292 stands down — parabola BROKEN (range 14×ATR, 8.2 ATR off the day extreme): the 24h 'trend' already failed structurally; counter-trend entry re-enters the TURNING path [C299]
18:50:25 |    ⚡ NIL: 24h=+11.4% but 1h=+0.0% (TURNING) → penalty 23%
18:50:25 |    🎢→✅ NIL: parabola RESOLVED (bounce age 28c, unwound 8.2 ATR) → short allowed, penalty 15%
18:50:26 |    🎯 NIL: target 3.8%→9.3% — regime TD persisting 0.86 on an earned ledger (acc 0.84); room-to-structure defers to the trend [C340]
18:50:26 |    ☁️ NIL: ichimoku B- persisting 0.91 WITH the short → score ×1.04 (earned ledger) [C343]
18:50:26 | 🔗 NIL: short capped — 3/3 already short (max 3)
18:50:26 |    ------------------------------------
18:50:26 |    🧬 BNB: breadth 5/6 → conviction 0.80 | cat=majors/W-0.78(member) meanrev×1.39 | Sq=-0.06 fund=+0.009% OI=$74.5M CVD=-0.55 ofi=-0.15 book=+0.21
18:50:26 |    🩸 C398 capitulation tilt: 0.08 ATR off its own 12h low → short score ×0.940 [+4.67pp measured, down-side only by design]
18:50:26 |    📄 BNB: news long sig=0.12 score=+0.07
18:50:26 |    🔓 BNB: short near extreme but WITH trend (R=-0.67) → breakout, not blocked
18:50:26 |    🎯 BNB: target 0.5%→1.0% — regime TD persisting 0.86 on an earned ledger (acc 0.84); room-to-structure defers to the trend [C340]
18:50:26 |    ☁️ BNB: ichimoku B- persisting 0.91 WITH the short → score ×1.04 (earned ledger) [C343]
18:50:26 | 🔗 BNB: short capped — 3/3 already short (max 3)
18:50:27 |    ------------------------------------
18:50:27 |    🧬 COTI: breadth 6/6 → conviction 1.00 | cat=wild/W+0.75(regime) meanrev×0.79 | Sq=+0.97 fund=-0.264% OI=$4.3M CVD=+0.53 ofi=-0.03 book=-0.18
18:50:27 |    · COTI: news ~market score=+0.06 (no coin-specific articles)
18:50:27 |    🛑 COTI: long structural exhaustion (0% room) → blocked
18:50:27 |    🔓 C382 OVERRIDE COTI: no_structural_room waived — score 1.069 conf 0.894 clear the bar, and that gate family was refuted at 158k observations (2 this session)
18:50:27 |    ☁️ COTI: ichimoku A+ persisting 0.78 WITH the long → score ×1.02 (earned ledger) [C343]
18:50:27 | ⚖️ COTI: long vs R=-0.67 counter-trend → score ×0.85 (penalty, not a veto — it still must clear the bar) [C403]
18:50:27 |    🚫 COTI: counter-trend BLOCK — dir long vs market R=-0.35 AND orderliness 0.07<0.33 (noisy). Long-into-trend is ~45%% barrier-win; no orderliness to justify it [C386]
18:50:28 |    ------------------------------------
18:50:28 |    🧬 WLD: breadth 4/6 → conviction 0.69 | cat=ai/W-0.44(member) pattern×1.08 | Sq=-0.06 fund=+0.009% OI=$30.5M CVD=+0.27 ofi=-0.40 book=-0.19
18:50:28 |    📄 WLD: news long sig=0.12 score=+0.10
18:50:28 |    🎯 WLD: target 1.6%→2.9% — regime TD persisting 0.86 on an earned ledger (acc 0.84); room-to-structure defers to the trend [C340]
18:50:28 |    ⏳ WLD: short LATE-LEG at extreme (room 9%) + forward signals object (F=+0.04, worst=-0.27) → blocked
18:50:28 |    ------------------------------------
18:50:28 |    🧬 HBAR: breadth 5/6 → conviction 0.87 | cat=l1/W-0.24(member) trend×1.11 | Sq=-0.06 fund=+0.010% OI=$17.8M CVD=-0.44 ofi=-0.08 book=-0.01
18:50:28 |    · HBAR: news ~market score=+0.06 (no coin-specific articles)
18:50:28 |    🛑 HBAR: SHORT at RSI 10 (oversold, stretched) → brake 45%
18:50:29 |    🎯 HBAR: target 1.2%→2.1% — regime TD persisting 0.86 on an earned ledger (acc 0.84); room-to-structure defers to the trend [C340]
18:50:29 |    ☁️ HBAR: ichimoku B- persisting 0.91 WITH the short → score ×1.04 (earned ledger) [C343]
18:50:29 | 🔗 HBAR: short capped — 3/3 already short (max 3)
18:50:29 |    ------------------------------------
18:50:29 |    🧬 WIF: breadth 5/6 → conviction 0.91 | cat=solana_eco/W+0.48(member) momentum×1.23 | Sq=-0.03 fund=+0.005% OI=$7.5M CVD=+0.29 ofi=-0.24 book=+0.00
18:50:29 |    📄 WIF: news long sig=0.12 score=+0.10
18:50:29 |    🛑 WIF: SHORT at RSI 26 (oversold, stretched) → brake 9%
18:50:29 |    🔓 WIF: short near extreme but WITH trend (R=-0.67) → breakout, not blocked
18:50:29 |    🎯 WIF: target 1.6%→3.0% — regime TD persisting 0.86 on an earned ledger (acc 0.84); room-to-structure defers to the trend [C340]
18:50:29 |    ☁️ WIF: ichimoku B- persisting 0.91 WITH the short → score ×1.04 (earned ledger) [C343]
18:50:29 | 🔗 WIF: short capped — 3/3 already short (max 3)
18:50:30 |    ------------------------------------
18:50:30 |    🧬 APT: breadth 5/6 → conviction 0.85 | cat=l1/W+0.01(member) trend×1.10 | Sq=-0.06 fund=+0.010% OI=$8.7M CVD=-0.26 ofi=+0.16 book=-0.10
18:50:30 |    · APT: news ~market score=+0.06 (no coin-specific articles)
18:50:30 |    🔓 APT: short near extreme but WITH trend (R=-0.67) → breakout, not blocked
18:50:30 |    🎯 APT: target 2.0%→3.6% — regime TD persisting 0.86 on an earned ledger (acc 0.84); room-to-structure defers to the trend [C340]
18:50:30 |    ☁️ APT: ichimoku B- persisting 0.91 WITH the short → score ×1.04 (earned ledger) [C343]
18:50:30 | 🔗 APT: short capped — 3/3 already short (max 3)
18:50:31 |    ------------------------------------
18:50:31 |    🧬 PONS: breadth 5/6 → conviction 0.84 | cat=wild/W+0.49(regime) meanrev×0.87 | Sq=-0.12 fund=+0.016% OI=$4.9M CVD=-0.21 ofi=+0.02 book=-0.27
18:50:31 |    · PONS: news ~market score=+0.06 (no coin-specific articles)
18:50:31 |    🎯 PONS: target 3.9%→4.5% — regime TD persisting 0.86 on an earned ledger (acc 0.84); room-to-structure defers to the trend [C340]
18:50:31 | 🔗 PONS: short capped — 3/3 already short (max 3)
18:50:31 |    ------------------------------------
18:50:31 |    🧬 TIA: breadth 4/6 → conviction 0.84 | cat=l1/W+0.69(member) meanrev×0.78 | Sq=-0.03 fund=+0.005% OI=$5.2M CVD=-0.42 ofi=-0.14 book=+0.08
18:50:31 |    · TIA: news ~market score=+0.06 (no coin-specific articles)
18:50:31 |    🎢→⚖️ TIA: C292 stands down — parabola BROKEN (range 11×ATR, 3.6 ATR off the day extreme): the 24h 'trend' already failed structurally; counter-trend entry re-enters the TURNING path [C299]
18:50:31 |    ⚡ TIA: 24h=+10.6% but 1h=+0.0% (TURNING) → penalty 21%
18:50:31 |    🛑 TIA: SHORT at RSI 23 (oversold, stretched) → brake 15%
18:50:32 |    🎯 TIA: target 3.0%→5.6% — regime TD persisting 0.86 on an earned ledger (acc 0.84); room-to-structure defers to the trend [C340]
18:50:32 |    ⏳ TIA: short LATE-LEG at extreme (room 5%) + forward signals object (F=+0.01, worst=-0.38) → blocked
18:50:32 |    ------------------------------------
18:50:32 |    🧬 PAXG: breadth 3/6 → conviction 0.57 | cat=calm/W-0.74(regime) meanrev×1.21 | Sq=-0.03 fund=+0.005% OI=$9.2M CVD=+0.02 ofi=-0.40 book=+0.30
18:50:32 |    · PAXG: news ~market score=+0.06 (no coin-specific articles)
18:50:32 |    ⚡ PAXG: projection 0.40% modest + MA-fan compressing (ma_fan=-0.01) → penalty 20%
18:50:32 |    🛑 PAXG: long opposes the latched DOWN-trend (R was -0.82 2min ago; now -0.67, 4h -0.83) — one weak print is a blip, not a turn [C339]
18:50:33 |    ------------------------------------
18:50:33 |    🧬 XLM: breadth 4/6 → conviction 0.67 | cat=l1/W-0.59(member) momentum×0.83 | Sq=-0.07 fund=+0.010% OI=$26.5M CVD=+0.23 ofi=-0.08 book=-0.24
18:50:33 |    · XLM: news ~market score=+0.06 (no coin-specific articles)
18:50:33 |    🛑 XLM: SHORT at RSI 17 (oversold, stretched) → brake 29%
18:50:33 |    🎢→✅ XLM: parabola RESOLVED (bounce age 33c, unwound 9.5 ATR) → short allowed, penalty 15%
18:50:33 |    🔓 XLM: short near extreme but WITH trend (R=-0.67) → breakout, not blocked
18:50:33 |    🎯 XLM: target 1.0%→1.7% — regime TD persisting 0.86 on an earned ledger (acc 0.84); room-to-structure defers to the trend [C340]
18:50:33 |    ⏳ XLM: short LATE-LEG at extreme (room 4%) + forward signals object (F=-0.09, worst=-0.38) → blocked
18:50:34 |    ------------------------------------
18:50:34 |    🧬 RENDER: breadth 4/6 → conviction 0.71 | cat=depin/W-0.46(member) momentum×0.87 | Sq=-0.03 fund=+0.005% OI=$9.5M CVD=+0.47 ofi=-0.40 book=-0.08
18:50:34 |    📄 RENDER: news long sig=0.12 score=+0.10
18:50:34 |    🛑 RENDER: SHORT at RSI 20 (oversold, stretched) → brake 23%
18:50:34 |    🔓 RENDER: short near extreme but WITH trend (R=-0.67) → breakout, not blocked
18:50:34 |    🎯 RENDER: target 1.4%→2.5% — regime TD persisting 0.86 on an earned ledger (acc 0.84); room-to-structure defers to the trend [C340]
18:50:34 |    ⏳ RENDER: short ABSORPTION at extreme (real_cvd=+0.47 opposes, RSI=20) → wait for CVD flip or retrace
18:50:34 |    ------------------------------------
18:50:34 |    🧬 CRV: breadth 5/6 → conviction 0.92 | cat=defi/W-0.29(member) trend×1.09 | Sq=-0.06 fund=+0.010% OI=$5.9M CVD=-0.25 ofi=-0.06 book=-0.23
18:50:34 |    📄 CRV: news long sig=0.12 score=+0.06
18:50:34 |    🛑 CRV: SHORT at RSI 24 (oversold, stretched) → brake 14%
18:50:35 |    🎯 CRV: target 1.5%→2.7% — regime TD persisting 0.86 on an earned ledger (acc 0.84); room-to-structure defers to the trend [C340]
18:50:35 |    ☁️ CRV: ichimoku B- persisting 0.91 WITH the short → score ×1.04 (earned ledger) [C343]
18:50:35 | 🔗 CRV: short capped — 3/3 already short (max 3)
18:50:35 |    ------------------------------------
18:50:35 |    🧬 FARTCOIN: breadth 5/6 → conviction 0.94 | cat=meme/W+0.62(member) momentum×1.29 | Sq=-0.06 fund=+0.008% OI=$13.4M CVD=-0.29 ofi=-0.08 book=+0.28
18:50:35 |    · FARTCOIN: news ~market score=+0.06 (no coin-specific articles)
18:50:35 |    🛑 FARTCOIN: SHORT at RSI 21 (oversold, stretched) → brake 20%
18:50:35 |    🎯 FARTCOIN: target 2.2%→4.0% — regime TD persisting 0.86 on an earned ledger (acc 0.84); room-to-structure defers to the trend [C340]
18:50:35 |    ☁️ FARTCOIN: ichimoku B- persisting 0.91 WITH the short → score ×1.04 (earned ledger) [C343]
18:50:35 | 🔗 FARTCOIN: short capped — 3/3 already short (max 3)
18:50:36 |    ------------------------------------
18:50:36 |    🧬 DOT: breadth 5/6 → conviction 0.84 | cat=l1/W-0.60(member) momentum×0.84 | Sq=-0.06 fund=+0.010% OI=$22.5M CVD=+0.38 ofi=-0.02 book=-0.18
18:50:36 |    · DOT: news ~market score=+0.06 (no coin-specific articles)
18:50:36 |    🎯 DOT: target 1.0%→1.8% — regime TD persisting 0.86 on an earned ledger (acc 0.84); room-to-structure defers to the trend [C340]
18:50:36 |    ☁️ DOT: ichimoku B- persisting 0.91 WITH the short → score ×1.04 (earned ledger) [C343]
18:50:36 | 🔗 DOT: short capped — 3/3 already short (max 3)
18:50:36 |    ------------------------------------
18:50:36 |    🧬 AAVE: breadth 5/6 → conviction 0.87 | cat=defi/W-0.41(member) momentum×0.88 | Sq=-0.05 fund=+0.008% OI=$30.1M CVD=-0.58 ofi=-0.11 book=+0.29
18:50:36 |    📄 AAVE: news long sig=0.12 score=+0.06
18:50:36 |    🎢→✅ AAVE: parabola RESOLVED (bounce age 25c, unwound 6.9 ATR) → short allowed, penalty 15%
18:50:37 |    🎯 AAVE: target 1.5%→2.6% — regime TD persisting 0.86 on an earned ledger (acc 0.84); room-to-structure defers to the trend [C340]
18:50:37 |    ☁️ AAVE: ichimoku B- persisting 0.91 WITH the short → score ×1.04 (earned ledger) [C343]
18:50:37 | 🔗 AAVE: short capped — 3/3 already short (max 3)
18:50:37 |    ------------------------------------
18:50:37 |    🧬 NATGAS: breadth 3/5 → conviction 0.63 | cat=calm/W-0.38(regime) meanrev×1.11 | Sq=-0.20 fund=+0.028% OI=$10.2M CVD=-0.17 ofi=+0.01 book=+0.25
18:50:37 |    🧬 NATGAS: own-history vol 0.52% vs baseline 0.29% (×1.79) → abnormal-wild conviction ×0.99 [C286-2]
18:50:37 |    · NATGAS: news ~market score=+0.06 (no coin-specific articles)
18:50:37 |    🎯 NATGAS: target 0.8%→1.4% — regime TD persisting 0.86 on an earned ledger (acc 0.84); room-to-structure defers to the trend [C340]
18:50:37 | 🔗 NATGAS: short capped — 3/3 already short (max 3)
18:50:38 |    ------------------------------------
18:50:38 |    🧬 XAUT: breadth 3/5 → conviction 0.66 | cat=calm/W-0.84(regime) meanrev×1.24 | Sq=+0.00 fund=-0.001% OI=$24.2M CVD=-0.55 ofi=-0.24 book=+0.30
18:50:38 |    · XAUT: news ~market score=+0.06 (no coin-specific articles)
18:50:38 |    ☁️ XAUT: ichimoku B- persisting 0.91 WITH the short → score ×1.04 (earned ledger) [C343]
18:50:38 | 🔗 XAUT: short capped — 3/3 already short (max 3)
18:50:39 |    ------------------------------------
18:50:39 |    🧬 龙虾: breadth 3/6 → conviction 0.53 | cat=wild/W+1.00(regime) meanrev×0.72 | Sq=-0.20 fund=+0.030% OI=$44.3M CVD=+0.21 ofi=+0.24
18:50:39 |    · 龙虾: news ~market score=+0.06 (no coin-specific articles)
18:50:39 |    🎢→✅ 龙虾: parabola RESOLVED (bounce age 28c, unwound 12.8 ATR) → short allowed, penalty 15%
18:50:39 |    🎯 龙虾: target 4.2%→9.9% — regime TD persisting 0.86 on an earned ledger (acc 0.84); room-to-structure defers to the trend [C340]
18:50:39 |    ☁️ 龙虾: ichimoku B- persisting 0.91 WITH the short → score ×1.04 (earned ledger) [C343]
18:50:39 | 🔗 龙虾: short capped — 3/3 already short (max 3)
18:50:39 |    ------------------------------------
18:50:39 |    🧬 FIL: breadth 4/6 → conviction 0.71 | cat=depin/W-0.13(member) trend×1.07 | Sq=-0.04 fund=+0.007% OI=$11.1M CVD=+0.29 ofi=+0.29 book=-0.14
18:50:39 |    · FIL: news ~market score=+0.06 (no coin-specific articles)
18:50:39 |    🎢→✅ FIL: parabola RESOLVED (bounce age 38c, unwound 4.8 ATR) → short allowed, penalty 15%
18:50:40 |    🎯 FIL: target 1.5%→2.7% — regime TD persisting 0.86 on an earned ledger (acc 0.84); room-to-structure defers to the trend [C340]
18:50:40 |    ☁️ FIL: ichimoku B- persisting 0.91 WITH the short → score ×1.04 (earned ledger) [C343]
18:50:40 | 🔗 FIL: short capped — 3/3 already short (max 3)
18:50:40 |    ------------------------------------
18:50:40 |    🧬 ZETA: breadth 3/5 → conviction 0.67 | cat=mid/W+0.03(regime) momentum×0.98 | Sq=-0.01 fund=+0.002% OI=$1.8M CVD=-0.05 ofi=-0.20 book=-0.30
18:50:40 |    · ZETA: news ~market score=+0.06 (no coin-specific articles)
18:50:40 |    🎢→✅ ZETA: parabola RESOLVED (bounce age 2c, unwound 1.1 ATR, extreme re-touched) → short allowed, penalty 15%
18:50:40 |    🎯 ZETA: target 1.3%→2.0% — regime TD persisting 0.86 on an earned ledger (acc 0.84); room-to-structure defers to the trend [C340]
18:50:40 |    ☁️ ZETA: ichimoku B- persisting 0.91 WITH the short → score ×1.04 (earned ledger) [C343]
18:50:40 |    ⚠️ ZETA: short into bullish rejection candle at RSI 36 (counter-signal) -> conviction x0.85
18:50:40 |    ⚡ ZETA: short wick rejection #1 → score×0.75
18:50:40 | 🔗 ZETA: short capped — 3/3 already short (max 3)
18:50:41 |    ------------------------------------
18:50:41 |    🧬 ASTER: breadth 4/6 → conviction 0.55 | cat=calm/W-0.70(regime) meanrev×1.23 | Sq=-0.03 fund=+0.005% OI=$17.7M CVD=+0.60 ofi=-0.19 book=+0.03
18:50:41 |    · ASTER: news ~market score=+0.06 (no coin-specific articles)
18:50:41 |    🛑 ASTER: SHORT at RSI 22 (oversold, stretched) → brake 18%
18:50:41 |    🎯 ASTER: target 0.9%→1.6% — regime TD persisting 0.86 on an earned ledger (acc 0.84); room-to-structure defers to the trend [C340]
18:50:41 |    ⏳ ASTER: short ABSORPTION at extreme (real_cvd=+0.60 opposes, RSI=22) → wait for CVD flip or retrace
18:50:41 |    📉 ASTER: SEVERE absorption -- would-be LONG tgt 2.7% vs stop ~0.8% = R:R 3.22 (C202: tracking missed-reversal edge)
18:50:41 |    ------------------------------------
18:50:41 |    🧬 RAY: breadth 4/5 → conviction 0.77 | cat=solana_eco/W-0.15(member) flow×1.06 | Sq=-0.03 fund=+0.005% OI=$2.9M CVD=+0.23 ofi=+0.37 book=-0.15
18:50:41 |    📄 RAY: news long sig=0.12 score=+0.06
18:50:41 |    🛑 RAY: LONG at RSI 77 (overbought, stretched) → brake 17%
18:50:42 |    ☁️ RAY: ichimoku A+ persisting 0.78 WITH the long → score ×1.02 (earned ledger) [C343]
18:50:42 | ⚖️ RAY: long vs R=-0.67 counter-trend → score ×0.85 (penalty, not a veto — it still must clear the bar) [C403]
18:50:42 |    🚫 RAY: counter-trend BLOCK — dir long vs market R=-0.35 AND orderliness 0.17<0.33 (noisy). Long-into-trend is ~45%% barrier-win; no orderliness to justify it [C386]
18:50:42 |    ------------------------------------
18:50:42 |    🧬 SHIB: breadth 4/6 → conviction 0.69 | cat=meme/W-0.71(member) momentum×0.90 | Sq=-0.07 fund=+0.010% OI=$11.6M CVD=+0.54 ofi=-0.12 book=-0.28
18:50:42 |    · SHIB: news ~market score=+0.06 (no coin-specific articles)
18:50:42 |    🛑 SHIB: SHORT at RSI 22 (oversold, stretched) → brake 18%
18:50:42 |    🎯 SHIB: target 1.0%→1.9% — regime TD persisting 0.86 on an earned ledger (acc 0.84); room-to-structure defers to the trend [C340]
18:50:42 |    ⏳ SHIB: short ABSORPTION at extreme (real_cvd=+0.54 opposes, RSI=22) → wait for CVD flip or retrace
18:50:43 |    ------------------------------------
18:50:43 |    🧬 SENT: breadth 4/5 → conviction 0.81 | cat=wild/W+0.72(regime) meanrev×0.80 | Sq=-0.03 fund=+0.005% OI=$1.4M CVD=-0.11 ofi=-0.11 book=-0.29
18:50:43 |    · SENT: news ~market score=+0.06 (no coin-specific articles)
18:50:43 |    ☁️ SENT: ichimoku A+ persisting 0.78 WITH the long → score ×1.02 (earned ledger) [C343]
18:50:43 | ⚖️ SENT: long vs R=-0.67 counter-trend → score ×0.85 (penalty, not a veto — it still must clear the bar) [C403]
18:50:43 |    🚫 SENT: counter-trend BLOCK — dir long vs market R=-0.35 AND orderliness 0.20<0.33 (noisy). Long-into-trend is ~45%% barrier-win; no orderliness to justify it [C386]
18:50:43 |    ------------------------------------
18:50:43 |    🧬 APE: breadth 3/6 → conviction 0.56 | cat=gaming/W+0.65(member) flow×1.11 | Sq=-0.07 fund=+0.010% OI=$2.3M CVD=-0.09 ofi=+0.05 book=-0.20
18:50:43 |    · APE: news ~market score=+0.06 (no coin-specific articles)
18:50:43 |    🎢 APE: long BLOCKED — broken-parabola bounce (day range 13×ATR, 2.8 ATR below the day high) → post-blow-off distribution risk
18:50:43 |       ⚖️ parabola → score ×0.82 (penalty, not a veto — must still clear the bar) [C403]
18:50:43 |    🛑 APE: projection 0.24% < 0.50% (ATR-relative) + MA-fan not accelerating (ma_fan=+0.00) → blocked
18:50:44 |    ------------------------------------
18:50:44 |    🧬 FIGHT: breadth 4/6 → conviction 0.64 | cat=wild/W+0.99(regime) meanrev×0.72 | Sq=-0.53 fund=+0.095% OI=$1.7M CVD=+0.47 ofi=+0.28 book=+0.26
18:50:44 |    🧬 FIGHT: own-history vol 5.28% vs baseline 1.41% (×3.73) → abnormal-wild conviction ×0.90 [C286-2]
18:50:44 |    · FIGHT: news ~market score=+0.06 (no coin-specific articles)
18:50:44 |    🛑 FIGHT: LONG at RSI 73 (overbought, stretched) → brake 6%
18:50:44 |    🎢→✅ FIGHT: parabola RESOLVED (pullback age 2c, recovered 0.8 ATR, extreme re-touched) → long allowed, penalty 15%
18:50:44 |    ☁️ FIGHT: ichimoku A+ persisting 0.78 WITH the long → score ×1.02 (earned ledger) [C343]
18:50:44 | ⚖️ FIGHT: long vs R=-0.67 counter-trend → score ×0.85 (penalty, not a veto — it still must clear the bar) [C403]
18:50:44 |    🚫 FIGHT: counter-trend BLOCK — dir long vs market R=-0.35 AND orderliness 0.29<0.33 (noisy). Long-into-trend is ~45%% barrier-win; no orderliness to justify it [C386]
18:50:44 |    ------------------------------------
18:50:44 |    🧬 SEI: breadth 3/5 → conviction 0.62 | cat=l1/W-0.29(member) trend×1.12 | Sq=-0.06 fund=+0.010% OI=$9.7M CVD=+0.60 ofi=-0.40 book=-0.04
18:50:44 |    · SEI: news ~market score=+0.06 (no coin-specific articles)
18:50:45 |    🛑 SEI: long opposes the latched DOWN-trend (R was -0.82 2min ago; now -0.67, 4h -0.83) — one weak print is a blip, not a turn [C339]
18:50:45 |    ------------------------------------
18:50:45 |    🧬 CHR: breadth 4/6 → conviction 0.78 | cat=wild/W+1.00(regime) meanrev×0.72 | Sq=-0.06 fund=+0.010% OI=$0.4M CVD=+0.21 ofi=+0.22 book=+0.13
18:50:45 |    · CHR: news ~market score=+0.06 (no coin-specific articles)
18:50:45 |    🎢→⚖️ CHR: C292 stands down — parabola BROKEN (range 18×ATR, 10.0 ATR off the day extreme): the 24h 'trend' already failed structurally; counter-trend entry re-enters the TURNING path [C299]
18:50:45 |    ⚡ CHR: 24h=+17.2% but 1h=+0.0% (TURNING) → penalty 30%
18:50:45 |    🎢→✅ CHR: parabola RESOLVED (bounce age 80c, unwound 10.0 ATR) → short allowed, penalty 15%
18:50:45 |    🎯 CHR: target 3.0%→7.6% — regime TD persisting 0.86 on an earned ledger (acc 0.84); room-to-structure defers to the trend [C340]
18:50:45 |    ⏳ CHR: short LATE-LEG at extreme (room 5%) + forward signals object (F=-0.09, worst=-0.41) → blocked
18:50:46 |    ------------------------------------
18:50:46 |    🧬 KERNEL: breadth 4/6 → conviction 0.74 | cat=wild/W+0.71(regime) meanrev×0.80 | Sq=+1.00 fund=-0.725% OI=$0.8M CVD=-0.09 ofi=-0.02 book=-0.12
18:50:46 |    · KERNEL: news ~market score=+0.06 (no coin-specific articles)
18:50:46 |    🎯 KERNEL: target 1.7%→3.0% — regime TD persisting 0.86 on an earned ledger (acc 0.84); room-to-structure defers to the trend [C340]
18:50:46 |    ⏳ KERNEL: short LATE-LEG at extreme (room 6%) + forward signals object (F=-0.01, worst=-0.47) → blocked
18:50:46 |    🔓 C382 OVERRIDE KERNEL: late_leg_no_forward waived — score 1.019 conf 0.688 clear the bar, and that gate family was refuted at 158k observations (3 this session)
18:50:46 |    ☁️ KERNEL: ichimoku B- persisting 0.91 WITH the short → score ×1.04 (earned ledger) [C343]
18:50:46 | 🔗 KERNEL: short capped — 3/3 already short (max 3)
18:50:47 |    ------------------------------------
18:50:47 |    🧬 ICP: breadth 5/6 → conviction 0.78 | cat=l1/W-0.27(member) trend×1.11 | Sq=-0.07 fund=+0.010% OI=$8.0M CVD=-0.22 ofi=-0.15 book=+0.04
18:50:47 |    🧬 ICP: own-history vol 1.31% vs baseline 0.77% (×1.71) → abnormal-wild conviction ×0.99 [C286-2]
18:50:47 |    · ICP: news ~market score=+0.06 (no coin-specific articles)
18:50:47 |    🎢→✅ ICP: parabola RESOLVED (pullback age 1c, recovered 1.4 ATR, extreme re-touched) → long allowed, penalty 15%
18:50:47 | ⚖️ ICP: long vs R=-0.67 counter-trend → score ×0.85 (penalty, not a veto — it still must clear the bar) [C403]
18:50:47 |    🚫 ICP: counter-trend BLOCK — dir long vs market R=-0.35 AND orderliness 0.12<0.33 (noisy). Long-into-trend is ~45%% barrier-win; no orderliness to justify it [C386]
18:50:47 |    ------------------------------------
18:50:47 |    🧬 GRT: breadth 5/6 → conviction 0.77 | cat=ai/W-0.03(member) pattern×1.10 | Sq=-0.05 fund=+0.008% OI=$2.8M CVD=-0.02 ofi=+0.27 book=+0.21
18:50:47 |    📄 GRT: news long sig=0.12 score=+0.10
18:50:47 |    🛑 GRT: projection 0.04% < 0.50% (ATR-relative) + MA-fan not accelerating (ma_fan=+0.12) → blocked
18:50:48 |    ------------------------------------
18:50:48 |    🧬 TRX: breadth 3/5 → conviction 0.50 | cat=l1/W-0.73(member) momentum×0.82 | Sq=-0.04 fund=+0.006% OI=$9.3M CVD=-0.23 ofi=-0.12 book=-0.22
18:50:48 |    · TRX: news ~market score=+0.06 (no coin-specific articles)
18:50:48 |    🎢→✅ TRX: parabola RESOLVED (bounce age 39c, unwound 9.2 ATR) → short allowed, penalty 15%
18:50:48 |    ☁️ TRX: ichimoku B- persisting 0.91 WITH the short → score ×1.04 (earned ledger) [C343]
18:50:48 | 🔗 TRX: short capped — 3/3 already short (max 3)
18:50:48 |    ------------------------------------
18:50:48 |    🧬 ACE: breadth 6/6 → conviction 1.00 | cat=mid/W+0.05(regime) meanrev×0.99 | Sq=-0.07 fund=+0.010% OI=$1.9M CVD=+0.14 ofi=+0.11 book=+0.12
18:50:48 |    · ACE: news ~market score=+0.06 (no coin-specific articles)
18:50:48 |    🛑 ACE: LONG at RSI 72 (overbought, stretched) → brake 4%
18:50:49 |    🛑 ACE: long structural exhaustion (2% room) → blocked
18:50:49 |    🔓 C382 OVERRIDE ACE: no_structural_room waived — score 1.075 conf 0.868 clear the bar, and that gate family was refuted at 158k observations (4 this session)
18:50:49 |    ☁️ ACE: ichimoku A+ persisting 0.78 WITH the long → score ×1.02 (earned ledger) [C343]
18:50:49 | ⚖️ ACE: long vs R=-0.67 counter-trend → score ×0.85 (penalty, not a veto — it still must clear the bar) [C403]
18:50:49 |    🚫 ACE: counter-trend BLOCK — dir long vs market R=-0.35 AND orderliness 0.23<0.33 (noisy). Long-into-trend is ~45%% barrier-win; no orderliness to justify it [C386]
18:50:49 |    ------------------------------------
18:50:49 |    🧬 SPX: breadth 3/6 → conviction 0.69 | cat=mid/W+0.12(regime) meanrev×0.98 | Sq=-0.03 fund=+0.005% OI=$2.6M CVD=-0.09 ofi=-0.38 book=+0.05
18:50:49 |    · SPX: news ~market score=+0.06 (no coin-specific articles)
18:50:49 |    🎢→✅ SPX: parabola RESOLVED (bounce age 1c, unwound 1.0 ATR, extreme re-touched) → short allowed, penalty 15%
18:50:49 |    🎯 SPX: target 2.6%→3.4% — regime TD persisting 0.86 on an earned ledger (acc 0.84); room-to-structure defers to the trend [C340]
18:50:49 |    ☁️ SPX: ichimoku B- persisting 0.91 WITH the short → score ×1.04 (earned ledger) [C343]
18:50:49 | 🔗 SPX: short capped — 3/3 already short (max 3)
18:50:50 |    ------------------------------------
18:50:50 |    🧬 STX: breadth 5/6 → conviction 0.88 | cat=calm/W-0.39(regime) meanrev×1.13 | Sq=-0.05 fund=+0.009% OI=$4.5M CVD=-0.29 ofi=-0.13 book=-0.02
18:50:50 |    · STX: news ~market score=+0.06 (no coin-specific articles)
18:50:50 |    🛑 STX: SHORT at RSI 23 (oversold, stretched) → brake 15%
18:50:50 |    🎯 STX: target 1.1%→2.1% — regime TD persisting 0.86 on an earned ledger (acc 0.84); room-to-structure defers to the trend [C340]
18:50:50 |    ☁️ STX: ichimoku B- persisting 0.91 WITH the short → score ×1.04 (earned ledger) [C343]
18:50:50 | 🔗 STX: short capped — 3/3 already short (max 3)
18:50:51 |    ------------------------------------
18:50:51 |    🧬 MAGMA: breadth 4/6 → conviction 0.71 | cat=wild/W+0.44(regime) meanrev×0.88 | Sq=-0.06 fund=+0.008% OI=$2.7M CVD=+0.07 ofi=-0.22 book=+0.02
18:50:51 |    · MAGMA: news ~market score=+0.06 (no coin-specific articles)
18:50:51 |    🛑 MAGMA: LONG at RSI 72 (overbought, stretched) → brake 4%
18:50:51 |    ⚡ MAGMA: projection 0.56% modest + MA-fan compressing (ma_fan=+0.08) → penalty 20%
18:50:51 |    ☁️ MAGMA: ichimoku A+ persisting 0.78 WITH the long → score ×1.02 (earned ledger) [C343]
18:50:51 | ⚖️ MAGMA: long vs R=-0.67 counter-trend → score ×0.85 (penalty, not a veto — it still must clear the bar) [C403]
18:50:51 |    🚫 MAGMA: counter-trend BLOCK — dir long vs market R=-0.35 AND orderliness 0.05<0.33 (noisy). Long-into-trend is ~45%% barrier-win; no orderliness to justify it [C386]
18:50:51 |    ------------------------------------
18:50:51 |    🧬 BEAT: breadth 3/6 → conviction 0.50 | cat=mid/W+0.23(regime) meanrev×0.94 | Sq=-0.09 fund=+0.011% OI=$1.4M CVD=+0.14 ofi=+0.06 book=+0.01
18:50:51 |    · BEAT: news ~market score=+0.06 (no coin-specific articles)
18:50:52 |    🎯 BEAT: target 2.0%→3.7% — regime TD persisting 0.86 on an earned ledger (acc 0.84); room-to-structure defers to the trend [C340]
18:50:52 | 🔗 BEAT: short capped — 3/3 already short (max 3)
18:50:52 |    ------------------------------------
18:50:52 |    🧬 JUP: breadth 2/6 → conviction 0.58 | cat=solana_eco/W-0.37(member) trend×1.04 | Sq=-0.03 fund=+0.005% OI=$6.4M CVD=-0.45 ofi=+0.24 book=-0.07
18:50:52 |    📄 JUP: news long sig=0.12 score=+0.06
18:50:52 |    🛑 JUP: projection 0.26% < 0.50% (ATR-relative) + MA-fan not accelerating (ma_fan=+0.03) → blocked
18:50:52 |    ------------------------------------
18:50:52 |    🧬 FLOKI: breadth 5/6 → conviction 0.91 | cat=meme/W-0.35(member) pattern×1.06 | Sq=-0.06 fund=+0.010% OI=$2.0M CVD=-0.29 ofi=-0.28 book=+0.23
18:50:52 |    · FLOKI: news ~market score=+0.06 (no coin-specific articles)
18:50:52 |    🛑 FLOKI: SHORT at RSI 21 (oversold, stretched) → brake 21%
18:50:53 |    🔓 FLOKI: short near extreme but WITH trend (R=-0.67) → breakout, not blocked
18:50:53 |    🎯 FLOKI: target 1.5%→2.7% — regime TD persisting 0.86 on an earned ledger (acc 0.84); room-to-structure defers to the trend [C340]
18:50:53 |    ☁️ FLOKI: ichimoku B- persisting 0.91 WITH the short → score ×1.04 (earned ledger) [C343]
18:50:53 | 🔗 FLOKI: short capped — 3/3 already short (max 3)
18:50:53 |    ------------------------------------
18:50:53 |    🧬 GRASS: breadth 2/6 → conviction 0.38 | cat=depin/W+0.46(member) meanrev×0.86 | Sq=-0.03 fund=+0.005% OI=$5.3M CVD=+0.60 ofi=-0.11 book=-0.27
18:50:53 |    · GRASS: news ~market score=+0.06 (no coin-specific articles)
18:50:53 |    🎯 GRASS: target 2.8%→4.5% — regime TD persisting 0.86 on an earned ledger (acc 0.84); room-to-structure defers to the trend [C340]
18:50:53 |    ☁️ GRASS: ichimoku B- persisting 0.91 WITH the short → score ×1.04 (earned ledger) [C343]
18:50:53 | 🔗 GRASS: short capped — 3/3 already short (max 3)
18:50:53 |    ------------------------------------
18:50:53 |    🧬 KAS: breadth 4/6 → conviction 0.71 | cat=l1/W-0.62(member) momentum×0.83 | Sq=-0.03 fund=+0.005% OI=$11.2M CVD=-0.60 ofi=-0.01 book=-0.23
18:50:53 |    · KAS: news ~market score=+0.06 (no coin-specific articles)
18:50:53 |    🛑 KAS: SHORT at RSI 27 (oversold, stretched) → brake 7%
18:50:54 |    🔓 KAS: short near extreme but WITH trend (R=-0.67) → breakout, not blocked
18:50:54 |    🎯 KAS: target 1.1%→2.0% — regime TD persisting 0.86 on an earned ledger (acc 0.84); room-to-structure defers to the trend [C340]
18:50:54 |    ☁️ KAS: ichimoku B- persisting 0.91 WITH the short → score ×1.04 (earned ledger) [C343]
18:50:54 | 🔗 KAS: short capped — 3/3 already short (max 3)
18:50:54 |    ------------------------------------
18:50:54 |    🧬 ATOM: breadth 5/6 → conviction 0.79 | cat=l1/W-0.34(member) trend×1.12 | Sq=-0.05 fund=+0.008% OI=$6.7M CVD=-0.56 ofi=+0.39
18:50:54 |    · ATOM: news ~market score=+0.06 (no coin-specific articles)
18:50:54 |    🎢 ATOM: long BLOCKED — broken-parabola bounce (day range 11×ATR, 4.1 ATR below the day high) → post-blow-off distribution risk
18:50:54 |       ⚖️ parabola → score ×0.82 (penalty, not a veto — must still clear the bar) [C403]
18:50:54 |    ☁️ ATOM: ichimoku B- persisting 0.91 AGAINST the long → score ×0.96 (earned ledger) [C343]
18:50:54 | ⚖️ ATOM: long vs R=-0.82 counter-trend → score ×0.85 (penalty, not a veto — it still must clear the bar) [C403]
18:50:54 |    🚫 ATOM: counter-trend BLOCK — dir long vs market R=-0.35 AND orderliness 0.12<0.33 (noisy). Long-into-trend is ~45%% barrier-win; no orderliness to justify it [C386]
18:50:55 |    ------------------------------------
18:50:55 |    🧬 GPS: breadth 5/6 → conviction 0.88 | cat=mid/W+0.24(regime) meanrev×0.94 | Sq=-0.09 fund=+0.011% OI=$1.1M CVD=+0.06 ofi=+0.23 book=+0.11
18:50:55 |    · GPS: news ~market score=+0.06 (no coin-specific articles)
18:50:55 |    🎢 GPS: long BLOCKED — broken-parabola bounce (day range 16×ATR, 3.2 ATR below the day high) → post-blow-off distribution risk
18:50:55 |       ⚖️ parabola → score ×0.82 (penalty, not a veto — must still clear the bar) [C403]
18:50:55 |    ☁️ GPS: ichimoku B- persisting 0.91 AGAINST the long → score ×0.96 (earned ledger) [C343]
18:50:55 | ⚖️ GPS: long vs R=-0.82 counter-trend → score ×0.85 (penalty, not a veto — it still must clear the bar) [C403]
18:50:55 |    🚫 GPS: counter-trend BLOCK — dir long vs market R=-0.35 AND orderliness 0.07<0.33 (noisy). Long-into-trend is ~45%% barrier-win; no orderliness to justify it [C386]
18:50:55 |    ------------------------------------
18:50:55 |    🧬 ZEST: breadth 5/6 → conviction 0.90 | cat=wild/W+0.97(regime) meanrev×0.74 | Sq=-0.14 fund=+0.017% OI=$1.1M CVD=-0.14 ofi=+0.11 book=-0.04
18:50:55 |    🧬 ZEST: own-history vol 2.63% vs baseline 1.52% (×1.73) → abnormal-wild conviction ×0.99 [C286-2]
18:50:55 |    · ZEST: news ~market score=+0.06 (no coin-specific articles)
18:50:55 |    🎢→⚖️ ZEST: C292 stands down — parabola BROKEN (range 11×ATR, 5.3 ATR off the day extreme): the 24h 'trend' already failed structurally; counter-trend entry re-enters the TURNING path [C299]
18:50:55 |    ⚡ ZEST: 24h=+14.6% but 1h=+0.0% (TURNING) → penalty 29%
18:50:55 |    🛑 ZEST: SHORT at RSI 18 (oversold, stretched) → brake 28%
18:50:55 |    🎢 ZEST: short BLOCKED — broken-parabola bounce (day range 11×ATR, 4.5 ATR above the day low) → post-capitulation squeeze risk
18:50:55 |       ⚖️ parabola → score ×0.82 (penalty, not a veto — must still clear the bar) [C403]
18:50:56 |    🎯 ZEST: target 3.0%→7.2% — regime TD persisting 0.86 on an earned ledger (acc 0.84); room-to-structure defers to the trend [C340]
18:50:56 | 🔗 ZEST: short capped — 3/3 already short (max 3)
18:50:56 | 🎯 TRAILING_TP: 牛来 peak=+1.5% floor=+0.7% now=+0.7% [C397 runner floor]
18:50:56 |    ------------------------------------
18:50:56 |    🧬 NDX100: breadth 2/6 → conviction 0.61 | cat=wild/W+0.60(regime) meanrev×0.84 | Sq=+0.00 fund=+0.000% OI=$2.7M CVD=-0.29 ofi=+0.31 book=+0.30
18:50:56 |    · NDX100: news ~market score=+0.06 (no coin-specific articles)
18:50:56 |    ☁️ NDX100: ichimoku B- persisting 0.91 WITH the short → score ×1.04 (earned ledger) [C343]
18:50:56 | 🔗 NDX100: short capped — 3/3 already short (max 3)
18:50:56 | 📝 Paper LIMIT: 牛来 buy @$0.107970
18:50:56 | 📉 FILL: 牛来 BUY @$0.107970 | paper=True
18:50:56 |    🎯 C376 MAKER exit filled 牛来 @$0.107970 — saved ~0.04%% of notional (1 this session)
18:50:56 |    ✂️ C482-A split trade: banked $+0.15 + remainder $+0.12 = whole idea $+0.27 — every record below uses the whole idea
18:50:56 | ============================================================
18:50:56 | ✅ WIN: 牛来/USDT:USDT | TRAILING_TP: peak=+1.5% floor=+0.7% now=+0.7% [C397 runner floor]
18:50:56 |    📊 SHORT | Entry: $0.108840 → Exit: $0.107970
18:50:56 |    🧮 C443 exit index: 0.07 at close (spent) — banked +0.87%, peaked +1.49% [recorded for scoring]
18:50:56 |    📐 C422-3 capture: banked +0.87% of the +1.49% peak (59%) | gave back 0.21R | session: CAPTURE 59% over 1 trades that peaked, mean giveback 0.21R over all 1 [instrumented only]
18:50:56 |    📈 Price Move: +0.80% | PnL%: +0.89%
18:50:56 |    💰 Net PnL: $+0.27
  << 18:50  CLOSE  牛来 SHORT @0.107970  +0.80% $+0.27  WIN
       held 1h13m  TRAILING_TP: peak=+1.5%   kept 54% of a +1.49% peak  +0.28R  maker
18:50:56 |    💸 Fees: Entry $0.003 + Exit $0.003 = $0.013
18:50:56 |    ⏱️  Duration: 73.7min
18:50:56 |    🎲 Final DRI: -0.137 | Threshold: 0.391
18:50:56 |    📊 DRI Components:
18:50:56 |       Momentum: -0.096
18:50:56 |       Volume: -0.002
18:50:56 |       Technical: -0.098
18:50:56 |       Ml: 0.058
18:50:56 |       Wavefunction: -0.049
18:50:56 |       Ofi: -0.199
18:50:56 |       Funding: -0.675
18:50:56 |       Multi_tf: -0.740
18:50:56 |       Price_action: -0.370
18:50:56 |       Time_pressure: 0.000
18:50:56 |       Rvs: 0.248
18:50:56 |       _hurst: 0.519
18:50:56 |       _dsi: 0.132
18:50:56 |    🎯 Strategy: momentum | Leverage: 1x
18:50:56 |    📊 Flow(proxy): L/S 1h=1.3 4h=1.1 12h=1.4 | R=-0.10 taker=+0.11
18:50:56 |    📈 OI: neutral Δ=+0.0%
18:50:56 |    📋 Limit Order (Maker fees)
18:50:56 | ============================================================
18:50:57 |    ------------------------------------
18:50:57 |    🧬 COPPER: breadth 3/5 → conviction 0.61 | cat=calm/W-0.62(regime) meanrev×1.17 | Sq=+0.00 fund=+0.000% OI=$3.5M CVD=-0.60 ofi=-0.12 book=-0.29
18:50:57 |    · COPPER: news ~market score=+0.06 (no coin-specific articles)
18:50:57 |    🔓 COPPER: short near extreme but WITH trend (R=-0.82) → breakout, not blocked
18:50:57 |    ☁️ COPPER: ichimoku B- persisting 0.91 WITH the short → score ×1.04 (earned ledger) [C343]
18:50:57 | 🔗 COPPER: short capped — 3/3 already short (max 3)
18:50:57 | 📊 Step 3 result: 70 analyzed → 0 passed | corr_cap=40, ct_noisy_block=13, regime_blip=3, late_leg_no_forward=8, absorption_at_extreme=3, flat_projection=3
18:50:57 |    📌 Nearest miss: KERNEL score=1.114 (pre-pen 1.27) conf=0.700 quality=0.779/0.26 reason=corr_cap
18:50:57 |    🧾 Miss-flow: dir=short CVD=-0.09 OIdiv=n/a ofi=-0.02 book=-0.12 blend=-0.35 R=-0.82
18:50:57 |    📊 Top signals: rsi_v=+29.03 | short=-1.00 | perm_=+0.96 | kalma=-0.86 | catal=-0.80 | vwdi=-0.80
18:50:57 |    🎯 Dir: short | Agreement: 21/36 (58%)
18:51:24 | ⚡ FLASH: AVAX Δ=+0.33% DRI=-0.073
18:51:24 | 📝 Paper LIMIT: AVAX buy @$10.6440
18:51:24 | 📉 FILL: AVAX BUY @$10.6440 | paper=True
18:51:24 |    🎯 C462-6 MAKER half filled AVAX @$10.6440 — saved ~0.04% of the half notional (2 this session)
18:51:24 | ============================================================
18:51:24 | ✂️ WIN-PARTIAL: AVAX/USDT:USDT | DSI_SUSTENANCE_DECAY: DSI peak=+0.134→now=+0.047 decay=65% PnL=+0.9%(0.6PRU) peak_loss=36%
18:51:24 |    📊 SHORT half | Entry: $10.7570 → Fill: $10.6440
18:51:24 |    📈 Price Move: +1.05% | PnL%: +1.05%
18:51:24 |    💰 Half Net PnL: $+0.18 (fees $0.007) | remainder $17.65 rides as a floored runner — floor +0.40% ratchets with the peak [C338]
  -> 18:51  HALF   AVAX SHORT @10.6440  +1.05% $+0.18
       win half banked  maker  $17.65 rides on
18:51:24 | ============================================================
18:51:54 | 🎯 EXIT SIGNAL: AVAX/USDT:USDT - REL_DSI+DRI DIVERGE: dsi_d=-0.256 dri_d=+0.142 thresh=0.13 shift=0.7 μ=-0.27
18:51:54 |    💸 C376 taker exit AVAX: not a profit-taking exit — a stop must always be able to cross [throttled 5min]
18:51:54 |    💸 C364 market fill crossed the book: AVAX buy @$10.6370 (1.41bp worse than mid, src=book)
18:51:54 | 📉 FILL: AVAX BUY @$10.6370 | paper=True
18:51:54 |    ✂️ C482-A split trade: banked $+0.18 + remainder $+0.18 = whole idea $+0.36 — every record below uses the whole idea
18:51:54 | ============================================================
18:51:54 | ✅ WIN: AVAX/USDT:USDT | REL_DSI+DRI DIVERGE: dsi_d=-0.256 dri_d=+0.142 thresh=0.13 shift=0.7 μ=-0.27
18:51:54 |    📊 SHORT | Entry: $10.7570 → Exit: $10.6370
18:51:54 |    🧮 C443 exit index: 0.27 at close (spent) — banked +1.06%, peaked +1.43% [recorded for scoring]
18:51:54 |    📐 C422-3 capture: banked +1.06% of the +1.43% peak (74%) | gave back 0.14R | session: CAPTURE 66% over 2 trades that peaked, mean giveback 0.18R over all 2 [instrumented only]
18:51:54 |    📈 Price Move: +1.12% | PnL%: +1.08%
18:51:54 |    💰 Net PnL: $+0.36
  << 18:51  CLOSE  AVAX SHORT @10.6370  +1.12% $+0.36  WIN
       held 1h02m  REL_DSI+DRI DIVERGE: dsi  kept 78% of a +1.43% peak  +0.44R  TAKER
18:51:54 |    💸 Fees: Entry $0.004 + Exit $0.010 = $0.021
18:51:54 |    ⏱️  Duration: 62.7min
18:51:54 |    🎲 Final DRI: -0.072 | Threshold: 0.390
18:51:54 |    📊 DRI Components:
18:51:54 |       Momentum: -0.104
18:51:54 |       Volume: -0.011
18:51:54 |       Technical: -0.069
18:51:54 |       Ml: 0.179
18:51:54 |       Wavefunction: -0.056
18:51:54 |       Ofi: -0.105
18:51:54 |       Funding: 0.310
18:51:54 |       Multi_tf: -0.700
18:51:54 |       Price_action: -0.280
18:51:54 |       Time_pressure: 0.000
18:51:54 |       Rvs: 0.535
18:51:54 |       _hurst: 0.454
18:51:54 |       _dsi: 0.112
18:51:54 |    🎯 Strategy: trend_following | Leverage: 1x
18:51:54 |    📊 Flow(proxy): L/S 1h=1.3 4h=1.1 12h=1.4 | R=-0.10 taker=+0.11
18:51:55 |    📈 OI: neutral Δ=+0.0%
18:51:55 |    📋 Limit Order (Maker fees)
18:51:55 | ============================================================
18:53:15 |    🛡 KERNEL: trail held OFF — target $0.050966 not reached yet (+0.7%). Banking early is the worst-paying exit there is [C415]
 
 
  18:53  up 0h16m  scan 2 ------------------------------------------------------------------------
  EQUITY    $253.68  unreal $+0.24
  OPEN      1 pos $34.98 (14%)  free $218.46
  ------------------------------------------------------------------------------------------------
  PAIR     SIDE       ENTRY      MARK    MOVE     P&L   AGE  THESIS
  KERNEL   SHORT   0.056370  0.055940  +0.76%   +0.24 1h16m  + 0% left
  ------------------------------------------------------------------------------------------------
  SESSION   $+0.87 +0.35%  peak $254.05  dd 0.15%
  DAY       real $-1.54  limit $9.48 (3.72%)  16% used
            ####......................
  MONTH     dial 15%  used $0.00 of $37.92  from $252.81
  RECORD    2 closed  2W 0L  win 100%  avg $+0.32/tr  best $+0.36  worst $+0.27
  LIFETIME  89tr 27W 62L 30%  $+3.44
  FEES      $0.02  mk3/tk1  0.008% of eq
  SCAN      802 > 70 > 0 passed  top KERNEL 1.11 (corr_cap)  2 scans, 140 analysed
  MARKET    MIXED  bias -0.35  breadth +0.00  taker flow +0.26
  NEWS      35 articles  + tone +0.58  ONE +0.32  PEPE +0.25  ETH +0.22
  MOVERS    FIGHT +38% #50  ALLO +31% cut  MET +30% cut  SENT +24% #48
  TAPE      + +
  ------------------------------------------------------------------------------------------------
 
18:53:58 | 
18:53:58 | ============================================================
18:53:58 | 📊 POSITION SUMMARY (8-MIN UPDATE)
18:53:58 | 💰 Equity: $253.44 | Unrealized: $+0.24
18:53:58 | 💵 Available: $218.46 | Locked: $34.98
18:53:58 | 📈 Session: $+0.87 (+0.3%)
18:53:58 | 🎯 Win Rate: Overall 30% | Session 100% | Open 100%
18:53:58 | ============================================================
18:53:58 | 🔵 SHORT KERNEL
18:53:58 |    💰 Margin: $34.98 | Lev: 1x | Age: 77min
18:53:58 |    📊 Entry: $0.056370 → Now: $0.055940
18:53:58 |    📈 Move: +0.76% | PnL: $+0.24 (+0.8%)
18:53:58 |    🎲 KERNEL DRI: -0.057→ Δb=+0.050 | DSI: +0.001 Δb=-0.322 ➡️ μ=-0.13 | 🔴 thesis 0% left (DRI 53% / DSI 0%)
18:53:58 |    📊 Mom=-0.08, Vol=-0.01, Tec=-0.12, Ml=0.04, Wav=-0.01, Ofi=0.64, Fun=0.67
18:53:58 |       Mul=-0.74, Pri=-0.25, Tim=0.00, Rvs=0.15, _hu=0.68, _ds=0.14
18:53:58 |    🎯 Strategy: trend_following | Conf: 0.677 | TF: 1h (hold≥10m)
18:53:58 |    📊 Flow(mkt): L/S=1.1 R=-0.05 taker=+0.03
18:53:58 |    📈 OI: neutral Δ=+0.0%
18:53:58 |    🫧 KERNEL FLOW [C401]: taker support -0.039 (entry +0.172, -0.211) 🟠 (instrumented, no exit wired)
18:53:58 |    📋 Limit Order Entry
18:53:58 |    📈 Peak PnL: +2.2%
18:53:58 | 
18:53:58 | ============================================================
18:53:58 | 🔻 Day: -0.60% realised (loss limit $9.48, 16% used · dial 15%/month) [C483]
18:53:58 | ============================================================
18:53:58 | 
18:54:58 |    🛡 C373: KERNEL capture held — +0.87% is 0.34R, floor 48.00% (1.0R); 78/120min into horizon [throttled 5min]
18:55:58 | 📋 STEP 1: Using cached 70 pairs (369s old, refresh at 480s)
18:55:58 | ━━━━━━━━━━━━━━━━━━━━━━━━━━━━━━━━━━━━━━━━━━━━━━━━━━
18:55:58 | 📋 STEP 2: MARKET ANALYSIS — News, Bias, Coherence
18:55:58 | ━━━━━━━━━━━━━━━━━━━━━━━━━━━━━━━━━━━━━━━━━━━━━━━━━━
18:55:59 |    🌍 C270 macro: NDX/SPX z=+0.76 gold z=-0.56 tone x1.00 sess w=1.00 -> tilt +0.076 | R -0.75->-0.67
18:55:59 | ✅ C79 RESULTANT: 1h=-0.65 4h=-0.75 12h=-0.78 R=-0.67 mag=0.67
18:55:59 | 📰 News: 35 articles | 🔵 +0.58
18:55:59 | 📈 Market: 🔻BEARISH (blend=-0.35 R=-0.67) | 1h=-0.65 4h=-0.75 12h=-0.78 align=+0.53 macro=✓
18:55:59 | 📊 Regime: MIXED (0.52) | DFA=0.44 Ent=0.88 GARCH=0.0014
18:55:59 | 🎲 RegimeMarkov: state=TD → next most-likely TD (P=0.86, persist=0.86, conf=0.84, n=256) | calib[1151]: acc=0.84 brier=0.056
18:55:59 | 🎲 PairMarkov: calib[19484]: acc=1.00 brier=0.000 (baseline 0.160)
18:55:59 | 🎲 FamilyMarkov: calib[2158/120]: acc=1.00 brier=0.005 (base 0.020) skill=+76.0% [need +5%] EARNED [C342]
18:55:59 | 🎲 IchiMarkov: calib[19270/200]: acc=0.83 brier=0.128 (base 0.153) skill=+16.2% [need +5%] EARNED [C343]
18:55:59 | 🧮 S3-EV: calib[119]: acc=0.33 brier=0.332 (baseline 0.250)
18:55:59 | 🌊 Market coherence: 50% short (29↑ vs 29↓)
18:56:00 | 💰 Taker flow: 🔵 +0.14 (BTC=+0.24 ETH=+0.04)
18:56:00 | ━━━━━━━━━━━━━━━━━━━━━━━━━━━━━━━━━━━━━━━━━━━━━━━━━━
18:56:00 | 📋 STEP 3: PREDICTIVE ANALYSIS — Scoring each pair
18:56:00 | ━━━━━━━━━━━━━━━━━━━━━━━━━━━━━━━━━━━━━━━━━━━━━━━━━━
18:56:14 | 🌐 Market breadth -0.43 (OVERSOLD-heavy, 70 pairs) — fresh entries in that direction get a late-move brake
18:58:21 | ⚡ FLASH: KERNEL Δ=+0.32% DRI=-0.050
19:00:05 |    🛡 C373: KERNEL capture held — +1.08% is 0.42R, floor 48.00% (1.0R); 83/120min into horizon [throttled 5min]
19:01:14 | ━━━━━━━━━━━━━━━━━━━━━━━━━━━━━━━━━━━━━━━━━━━━━━━━━━
19:01:14 | 📋 STEP 1: SCREENING — Scanning all futures markets
19:01:14 | ━━━━━━━━━━━━━━━━━━━━━━━━━━━━━━━━━━━━━━━━━━━━━━━━━━
19:01:15 | 🔍 Scanning 802 markets for lively pairs...
19:01:15 |    🕒 C408: RWA held out this scan — us_equity×312 · hk_equity×8 · korea_equity×3  (they print 24/7 but only inform in session)
19:01:15 | 📊 327 pairs meet volume threshold ($750,000 relative)
19:01:15 |    🧮 C424 phase-2 caps ADD per desk: crypto 125/317 · energy 3/3 · index_future 2/2 · metal 5/5 = 135 (a global cap let a busy desk crowd out a quiet one; C417 already ruled that comparison meaningless) [throttled 15min]
19:01:21 |    🗂 C417 DESKS — each market scanned on its own terms:
19:01:21 |         ● crypto       universe  465  floor $   300k  passed  125  analysing  60
19:01:21 |         ○ us_equity    US cash closed
19:01:21 |         ● index_future universe    3  floor $   300k  passed    2  analysing   2
19:01:21 |         ● metal        universe    8  floor $   858k  passed    5  analysing   5
19:01:21 |         ● energy       universe    3  floor $  2058k  passed    3  analysing   3
19:01:21 |         ○ korea_equity KRX closed
19:01:21 |         ○ hk_equity    HKEX closed
19:01:21 |         → 70 pairs into Step 3 across 4 open markets (one budget each, they ADD — a second market never shrinks the first)
19:01:21 | 🏆 Top 70 pairs (PREDICTIVE: freshness + projected + geometric)
19:01:21 |    1. BTC/USDT:USDT: Live=0.776 V=$2609.5M Chg=-0.4% Proj=+0.03 Geo=+0.056
19:01:21 |    2. ETH/USDT:USDT: Live=0.827 V=$1821.5M Chg=-1.2% Proj=+0.10 Geo=+0.082
19:01:21 |    3. XRP/USDT:USDT: Live=0.800 V=$483.8M Chg=+1.5% Proj=+0.18 Geo=+0.161
19:01:21 |    4. SOL/USDT:USDT: Live=0.683 V=$238.3M Chg=-0.4% Proj=+0.12 Geo=+0.023
19:01:21 |    5. BCH/USDT:USDT: Live=0.856 V=$102.6M Chg=+13.0% Proj=+0.31 Geo=+0.058
19:01:21 |    6. XAU/USDT:USDT: Live=0.883 V=$119.6M Chg=-0.6% Proj=+0.36 Geo=-0.047
19:01:21 |    7. DOGE/USDT:USDT: Live=0.790 V=$129.0M Chg=-0.7% Proj=+0.28 Geo=+0.031
19:01:21 |    8. MUBARAK/USDT:USDT: Live=0.582 V=$93.3M Chg=-22.4% Proj=+0.08 Geo=+0.180
19:01:21 |    9. NEAR/USDT:USDT: Live=0.672 V=$105.9M Chg=+1.9% Proj=+0.18 Geo=+0.076
19:01:21 |    10. UNI/USDT:USDT: Live=0.910 V=$83.8M Chg=+5.0% Proj=+0.43 Geo=+0.227
19:01:21 |    11. CL/USDT:USDT: Live=0.810 V=$69.4M Chg=+0.8% Proj=+0.34 Geo=+0.092
19:01:21 |    12. HYPE/USDT:USDT: Live=0.783 V=$80.7M Chg=-0.1% Proj=+0.32 Geo=+0.118
19:01:21 |    13. SUI/USDT:USDT: Live=0.791 V=$60.4M Chg=-1.0% Proj=+0.34 Geo=+0.086
19:01:21 |    14. AVAX/USDT:USDT: Live=0.540 V=$37.7M Chg=-3.4% Proj=+0.10 Geo=+0.177
19:01:21 |    15. XAG/USDT:USDT: Live=0.530 V=$44.4M Chg=-0.7% Proj=+0.10 Geo=+0.001
19:01:21 |    16. ADA/USDT:USDT: Live=0.865 V=$49.4M Chg=-0.5% Proj=+0.44 Geo=+0.175
19:01:21 |    17. LINK/USDT:USDT: Live=0.882 V=$29.8M Chg=-2.4% Proj=+0.45 Geo=+0.143
19:01:21 |    18. PUMP/USDT:USDT: Live=0.802 V=$17.6M Chg=-7.4% Proj=+0.38 Geo=+0.211
19:01:21 |    19. ARB/USDT:USDT: Live=0.750 V=$37.1M Chg=+4.3% Proj=+0.33 Geo=+0.250
19:01:21 |    20. ALLO/USDT:USDT: Live=0.632 V=$5.5M Chg=+33.7% Proj=+0.22 Geo=+0.120
19:01:21 |    21. ENA/USDT:USDT: Live=0.533 V=$42.9M Chg=+0.1% Proj=+0.12 Geo=+0.041
19:01:21 |    22. NIL/USDT:USDT: Live=0.876 V=$31.2M Chg=+10.4% Proj=+0.47 Geo=+0.156
19:01:21 |    23. BZ/USDT:USDT: Live=0.704 V=$20.6M Chg=+1.7% Proj=+0.30 Geo=+0.066
19:01:21 |    24. TRUMP/USDT:USDT: Live=0.735 V=$24.9M Chg=-2.2% Proj=+0.34 Geo=+0.236
19:01:21 |    25. BNB/USDT:USDT: Live=0.596 V=$19.0M Chg=-1.1% Proj=+0.21 Geo=+0.059
19:01:21 |    26. APT/USDT:USDT: Live=0.737 V=$13.5M Chg=+6.9% Proj=+0.36 Geo=+0.026
19:01:21 |    27. WLD/USDT:USDT: Live=0.681 V=$22.2M Chg=-1.8% Proj=+0.30 Geo=+0.051
19:01:21 |    28. HBAR/USDT:USDT: Live=0.905 V=$19.9M Chg=-2.3% Proj=+0.53 Geo=+0.217
19:01:21 |    29. ONDO/USDT:USDT: Live=0.645 V=$22.2M Chg=-0.7% Proj=+0.28 Geo=+0.026
19:01:21 |    30. ZRO/USDT:USDT: Live=0.613 V=$6.0M Chg=+16.4% Proj=+0.25 Geo=+0.052
19:01:21 |    31. WIF/USDT:USDT: Live=0.634 V=$8.6M Chg=-6.1% Proj=+0.28 Geo=+0.076
19:01:21 |    32. MARSCOIN/USDT:USDT: Live=0.574 V=$21.3M Chg=-1.1% Proj=+0.22 Geo=+0.117
19:01:21 |    33. XLM/USDT:USDT: Live=0.787 V=$19.6M Chg=-0.7% Proj=+0.43 Geo=+0.181
19:01:21 |    34. COTI/USDT:USDT: Live=0.885 V=$4.8M Chg=+14.4% Proj=+0.53 Geo=+0.123
19:01:21 |    35. DOT/USDT:USDT: Live=0.693 V=$13.3M Chg=-2.6% Proj=+0.34 Geo=+0.091
19:01:21 |    36. AAVE/USDT:USDT: Live=0.782 V=$17.0M Chg=+1.4% Proj=+0.43 Geo=+0.122
19:01:21 |    37. FARTCOIN/USDT:USDT: Live=0.660 V=$13.9M Chg=-3.8% Proj=+0.31 Geo=+0.212
19:01:21 |    38. CRV/USDT:USDT: Live=1.012 V=$6.5M Chg=-4.7% Proj=+0.67 Geo=+0.219
19:01:21 |    39. PAXG/USDT:USDT: Live=0.600 V=$11.4M Chg=-0.5% Proj=+0.26 Geo=-0.011
19:01:21 |    40. 龙虾/USDT:USDT: Live=0.615 V=$13.5M Chg=-12.3% Proj=+0.28 Geo=+0.196
19:01:21 |    41. NATGAS/USDT:USDT: Live=0.473 V=$4.7M Chg=+5.2% Proj=+0.14 Geo=-0.061
19:01:21 |    42. RAY/USDT:USDT: Live=0.757 V=$3.6M Chg=+10.1% Proj=+0.43 Geo=+0.229
19:01:21 |    43. XAUT/USDT:USDT: Live=0.657 V=$8.6M Chg=-0.5% Proj=+0.34 Geo=-0.015
19:01:21 |    44. BTW/USDT:USDT: Live=0.544 V=$3.2M Chg=+10.2% Proj=+0.23 Geo=-0.003
19:01:21 |    45. SENT/USDT:USDT: Live=0.833 V=$1.0M Chg=+24.9% Proj=+0.52 Geo=+0.146
19:01:21 |    46. SHIB/USDT:USDT: Live=0.551 V=$8.9M Chg=-1.0% Proj=+0.25 Geo=+0.148
19:01:21 |    47. ASTER/USDT:USDT: Live=0.666 V=$5.3M Chg=-2.1% Proj=+0.37 Geo=+0.159
19:01:21 |    48. KERNEL/USDT:USDT: Live=0.617 V=$5.0M Chg=-6.5% Proj=+0.32 Geo=+0.069
19:01:21 |    49. SEI/USDT:USDT: Live=0.703 V=$7.1M Chg=-1.4% Proj=+0.41 Geo=+0.078
19:01:21 |    50. CHR/USDT:USDT: Live=0.550 V=$5.1M Chg=+17.1% Proj=+0.26 Geo=+0.157
19:01:21 |    51. PYTH/USDT:USDT: Live=0.559 V=$6.2M Chg=+5.3% Proj=+0.27 Geo=+0.017
19:01:21 |    52. PENDLE/USDT:USDT: Live=0.561 V=$3.2M Chg=-4.0% Proj=+0.27 Geo=+0.022
19:01:21 |    53. ICP/USDT:USDT: Live=0.637 V=$4.8M Chg=+4.0% Proj=+0.35 Geo=+0.038
19:01:21 |    54. ACE/USDT:USDT: Live=0.922 V=$1.7M Chg=+13.1% Proj=+0.63 Geo=+0.184
19:01:21 |    55. MINA/USDT:USDT: Live=0.650 V=$5.5M Chg=+5.0% Proj=+0.36 Geo=+0.165
19:01:21 |    56. GRT/USDT:USDT: Live=0.639 V=$1.2M Chg=+14.7% Proj=+0.36 Geo=+0.025
19:01:21 |    57. TRX/USDT:USDT: Live=0.624 V=$2.9M Chg=-0.8% Proj=+0.35 Geo=+0.040
19:01:21 |    58. ZEST/USDT:USDT: Live=0.745 V=$1.2M Chg=+20.9% Proj=+0.48 Geo=+0.130
19:01:21 |    59. JUP/USDT:USDT: Live=0.676 V=$3.7M Chg=+2.2% Proj=+0.41 Geo=+0.024
19:01:21 |    60. TUT/USDT:USDT: Live=0.613 V=$2.9M Chg=+6.1% Proj=+0.36 Geo=+0.108
19:01:21 |    61. STX/USDT:USDT: Live=0.783 V=$1.5M Chg=-7.5% Proj=+0.53 Geo=+0.178
19:01:21 |    62. GRASS/USDT:USDT: Live=0.617 V=$2.5M Chg=+6.9% Proj=+0.36 Geo=-0.068
19:01:21 |    63. SPX/USDT:USDT: Live=0.472 V=$2.2M Chg=-6.6% Proj=+0.22 Geo=+0.145
19:01:21 |    64. MAGMA/USDT:USDT: Live=0.778 V=$1.2M Chg=+10.0% Proj=+0.53 Geo=+0.202
19:01:21 |    65. ORCA/USDT:USDT: Live=0.671 V=$0.7M Chg=+6.0% Proj=+0.44 Geo=-0.007
19:01:21 |    66. KAITO/USDT:USDT: Live=0.592 V=$3.2M Chg=+1.8% Proj=+0.37 Geo=+0.055
19:01:21 |    67. VVV/USDT:USDT: Live=0.603 V=$2.7M Chg=+2.5% Proj=+0.38 Geo=-0.053
19:01:21 |    68. GPS/USDT:USDT: Live=0.539 V=$0.7M Chg=+10.6% Proj=+0.32 Geo=+0.120
19:01:21 |    69. NDX100/USDT:USDT: Live=-0.268 V=$0.9M Chg=+0.4% Proj=-0.46 Geo=-0.045
19:01:21 |    70. COPPER/USDT:USDT: Live=-0.020 V=$0.9M Chg=-0.7% Proj=-0.18 Geo=+0.102
19:01:21 |    🪞 C266 board-parity (top movers vs screen): ALLO +34%[#20] | MET +31%[Live=0.45<cut] | FIGHT +30%[Live=0.47<cut] | SENT +25%[#45] | ONE -22%[Live=0.44<cut]
19:01:21 |    🔬 BTC geo: slope=+0.037 rough=-0.021 pure=+0.039
19:01:21 |    🔬 ETH geo: slope=+0.058 rough=-0.021 harm=+0.005 pure=+0.040
19:01:21 |    🔬 XRP geo: slope=+0.115 pure=+0.046
19:01:21 | 📦 OHLCV cache: 145 pairs cached for quick_scan
19:01:21 | ━━━━━━━━━━━━━━━━━━━━━━━━━━━━━━━━━━━━━━━━━━━━━━━━━━
19:01:21 | 📋 STEP 2: MARKET ANALYSIS — News, Bias, Coherence
19:01:21 | ━━━━━━━━━━━━━━━━━━━━━━━━━━━━━━━━━━━━━━━━━━━━━━━━━━
19:01:22 |    🌍 C270 macro: NDX/SPX z=-0.08 gold z=+0.01 tone x1.00 sess w=1.00 -> tilt -0.008 | R -0.55->-0.56
19:01:22 | ✅ C79 RESULTANT: 1h=-0.19 4h=-0.57 12h=-0.69 R=-0.56 mag=0.56
19:01:22 | 🌗 C264 MTS INVERTED: β̂=+0.37 — momentum decays toward present (1h weakest); with-R entries damped, counter-R block relaxes
19:01:22 | 📰 News: 35 articles | 🔵 +0.58
19:01:22 | 📈 Market: 🔻BEARISH (blend=-0.25 R=-0.56) | 1h=-0.19 4h=-0.57 12h=-0.69 align=+0.21 macro=✓
19:01:22 | 📊 Regime: MIXED (0.47) | DFA=0.47 Ent=0.89 GARCH=0.0015
19:01:22 | 🎲 RegimeMarkov: state=TD → next most-likely TD (P=0.87, persist=0.87, conf=0.84, n=257) | calib[1152]: acc=0.84 brier=0.056
19:01:22 | 🎲 PairMarkov: calib[19484]: acc=1.00 brier=0.000 (baseline 0.160)
19:01:22 | 🎲 FamilyMarkov: calib[2158/120]: acc=1.00 brier=0.005 (base 0.020) skill=+76.0% [need +5%] EARNED [C342]
19:01:22 | 🎲 IchiMarkov: calib[19270/200]: acc=0.83 brier=0.128 (base 0.153) skill=+16.2% [need +5%] EARNED [C343]
19:01:22 | 🧮 S3-EV: calib[119]: acc=0.33 brier=0.332 (baseline 0.250)
19:01:22 | 🌊 Market coherence: 58% long (31↑ vs 22↓)
19:01:24 | 💰 Taker flow: 🔸 +0.04 (BTC=-0.21 ETH=+0.28)
19:01:24 | ━━━━━━━━━━━━━━━━━━━━━━━━━━━━━━━━━━━━━━━━━━━━━━━━━━
19:01:24 | 📋 STEP 3: PREDICTIVE ANALYSIS — Scoring each pair
19:01:24 | ━━━━━━━━━━━━━━━━━━━━━━━━━━━━━━━━━━━━━━━━━━━━━━━━━━
19:01:44 |    📚 PairProfiles: 429 pairs in persistent baseline (145/145 mature this scan)
19:01:44 |    ------------------------------------
19:01:44 |    🧬 BTC: breadth 4/5 → conviction 0.79 | cat=majors/W-1.00(member) meanrev×1.40 | Sq=-0.03 fund=+0.004% OI=$2986.0M CVD=+0.60 ofi=+0.31 book=+0.21
19:01:44 |    🌍 C396 session tilt: Europe (13h UTC) → entry score ×1.12 [measured 55.9% Europe vs 46.5% Asia barrier-win]
19:01:44 |    📰 BTC: news long sig=0.30 score=+0.08
19:01:44 |    🛑 BTC: long opposes the latched DOWN-trend (R was -0.59 1min ago; now -0.56, 4h -0.62) — one weak print is a blip, not a turn [C339]
19:01:44 |    ------------------------------------
19:01:44 |    🧬 ETH: breadth 4/6 → conviction 0.78 | cat=majors/W-0.99(member) meanrev×1.40 | Sq=-0.04 fund=+0.006% OI=$2116.3M CVD=+0.16 ofi=-0.40 book=+0.30
19:01:44 |    🧭 C403 flow term: takers are -0.24 AGAINST this short → score ×0.976
19:01:44 |    📰 ETH: news long sig=0.30 score=+0.22
19:01:44 |    🧭 C436 direction probability: 1 earned source(s): ichi[B-] 0.91x0.31(skill +8%) → p 0.35→0.85
19:01:44 |    🧪 C420-5: S3 probability skill -32.8% over 119 scored trades (brier 0.332 vs baseline 0.250) → claims kept at ×0.00; p 0.63→0.85. NOT EARNED — p is the base rate [throttled 15min]
19:01:44 |    ⚖️ C467: ETH E=-0.130R is below the +0.000R bar, but the probability feeding E has NO measured skill (Brier skill ≤ 0), so E does not get a veto — score taxed 6% instead and the other gates decide. The veto returns automatically when p starts beating a coin flip [C467, throttled 10min]
19:01:44 |    🎯 ETH: target 0.3%→1.0% — regime TD persisting 0.87 on an earned ledger (acc 0.84); room-to-structure defers to the trend [C340]
19:01:44 |    ☁️ ETH: ichimoku B- persisting 0.91 WITH the short → score ×1.04 (earned ledger) [C343]
19:01:44 |    ⚡ ETH: short news-tech conflict — score×0.70 (news long sig=0.30)
19:01:44 |    🌗 ETH: short rides a STALE R-leg (β̂=+0.37) → damp ×0.80
19:01:44 |    ❌ ETH: short scr=0.04 conf=0.38 → low score (<0.42)
19:01:45 |    ------------------------------------
19:01:45 |    🧬 XRP: breadth 2/5 → conviction 0.42 | cat=l1/W-0.98(member) momentum×0.74 | Sq=-0.06 fund=+0.010% OI=$279.2M CVD=-0.46 ofi=+0.15 book=-0.20
19:01:45 |    · XRP: news ~market score=+0.06 (no coin-specific articles)
19:01:45 |    🎢→✅ XRP: parabola RESOLVED (bounce age 36c, unwound 7.9 ATR) → short allowed, penalty 15%
19:01:45 |    🎯 XRP: target 1.1%→1.9% — regime TD persisting 0.87 on an earned ledger (acc 0.84); room-to-structure defers to the trend [C340]
19:01:45 |    ☁️ XRP: ichimoku B- persisting 0.91 WITH the short → score ×1.04 (earned ledger) [C343]
19:01:45 |    🌗 XRP: short rides a STALE R-leg (β̂=+0.37) → damp ×0.80
19:01:45 |    ❌ XRP: short scr=0.05 conf=0.40 → low score (<0.42)
19:01:46 |    ------------------------------------
19:01:46 |    🧬 SOL: breadth 3/5 → conviction 0.58 | cat=solana_eco/W-0.55(member) trend×1.05 | Sq=-0.03 fund=+0.005% OI=$464.1M CVD=-0.48 ofi=+0.14 book=-0.13
19:01:46 |    📄 SOL: news long sig=0.12 score=+0.12
19:01:46 |    🎢→✅ SOL: parabola RESOLVED (bounce age 36c, unwound 5.5 ATR, extreme re-touched) → short allowed, penalty 15%
19:01:46 |    🎯 SOL: target 0.7%→1.3% — regime TD persisting 0.87 on an earned ledger (acc 0.84); room-to-structure defers to the trend [C340]
19:01:46 |    ☁️ SOL: ichimoku B- persisting 0.91 WITH the short → score ×1.04 (earned ledger) [C343]
19:01:46 |    🌗 SOL: short rides a STALE R-leg (β̂=+0.37) → damp ×0.80
19:01:46 |    ❌ SOL: short scr=0.05 conf=0.44 → low score (<0.42)
19:01:47 |    ------------------------------------
19:01:47 |    🧬 BCH: breadth 4/6 → conviction 0.69 | cat=l1/W+0.03(member) trend×1.10 | Sq=-0.04 fund=+0.007% OI=$26.2M CVD=-0.28 ofi=-0.01 book=+0.17
19:01:47 |    🧬 BCH: own-history vol 2.08% vs baseline 0.78% (×2.68) → abnormal-wild conviction ×0.93 [C286-2]
19:01:47 |    📄 BCH: news long sig=0.10 score=+0.08
19:01:47 |    🎢 BCH: long BLOCKED — broken-parabola bounce (day range 9×ATR, 1.6 ATR below the day high) → post-blow-off distribution risk
19:01:47 |       ⚖️ parabola → score ×0.82 (penalty, not a veto — must still clear the bar) [C403]
19:01:47 |    ⚡ BCH: long wick rejection #1 → score×0.75
19:01:47 | ⚖️ BCH: long vs R=-0.56 ALLOWED — C264 term-structure inverted (β̂=+0.37, trend stale) → with-derivative, penalty 15% not block
19:01:47 |    🚫 BCH: counter-trend BLOCK — dir long vs market R=-0.25 AND orderliness 0.08<0.33 (noisy). Long-into-trend is ~45%% barrier-win; no orderliness to justify it [C386]
19:01:47 |    ------------------------------------
19:01:47 |    🧬 XAU: breadth 4/6 → conviction 0.67 | cat=calm/W-0.66(regime) meanrev×1.18 | Sq=-0.08 fund=+0.011% OI=$75.2M CVD=-0.48 ofi=-0.33 book=-0.24
19:01:47 |    📄 XAU: news long sig=0.10 score=+0.17
19:01:47 |    🛑 XAU: long opposes the latched DOWN-trend (R was -0.59 1min ago; now -0.56, 4h -0.62) — one weak print is a blip, not a turn [C339]
19:01:48 |    ------------------------------------
19:01:48 |    🧬 DOGE: breadth 3/5 → conviction 0.58 | cat=meme/W-0.19(member) meanrev×0.89 | Sq=-0.02 fund=+0.003% OI=$150.9M CVD=+0.20 ofi=+0.22 book=+0.11
19:01:48 |    · DOGE: news ~market score=+0.06 (no coin-specific articles)
19:01:48 |    🎢→✅ DOGE: parabola RESOLVED (bounce age 42c, unwound 8.4 ATR, extreme re-touched) → short allowed, penalty 15%
19:01:48 |    🎯 DOGE: target 0.7%→1.7% — regime TD persisting 0.87 on an earned ledger (acc 0.84); room-to-structure defers to the trend [C340]
19:01:48 |    ☁️ DOGE: ichimoku B- persisting 0.91 WITH the short → score ×1.04 (earned ledger) [C343]
19:01:48 |    🌗 DOGE: short rides a STALE R-leg (β̂=+0.37) → damp ×0.80
19:01:48 |    ❌ DOGE: short scr=0.02 conf=0.36 → low score (<0.42)
19:01:49 |    ------------------------------------
19:01:49 |    🧬 MUBARAK: breadth 2/5 → conviction 0.57 | cat=wild/W+0.94(regime) meanrev×0.74 | Sq=-0.13 fund=+0.019% OI=$4.0M CVD=+0.13 ofi=-0.03 book=+0.08
19:01:49 |    · MUBARAK: news ~market score=+0.06 (no coin-specific articles)
19:01:49 |    🎯 MUBARAK: target 5.3%→9.8% — regime TD persisting 0.87 on an earned ledger (acc 0.84); room-to-structure defers to the trend [C340]
19:01:49 |    ☁️ MUBARAK: ichimoku B- persisting 0.91 WITH the short → score ×1.04 (earned ledger) [C343]
19:01:49 |    🌗 MUBARAK: short rides a STALE R-leg (β̂=+0.37) → damp ×0.80
19:01:49 |    🧮 MUBARAK: S3 P[pair15m·reg4h·score]=0.64 R=1.10 EV=+0.32PRU → bar ×1.00 [C302]
19:01:49 |    🛰️ MUBARAK: C199 order-flow weakening short (OI=neutral, CVD=+0.18) → ×0.75
19:01:50 |    ------------------------------------
19:01:50 |    🧬 NEAR: breadth 3/6 → conviction 0.50 | cat=ai/W+0.30(member) momentum×1.19 | Sq=-0.06 fund=+0.010% OI=$79.2M CVD=+0.21 ofi=-0.40 book=-0.04
19:01:50 |    🧬 NEAR: own-history vol 2.04% vs baseline 1.15% (×1.77) → abnormal-wild conviction ×0.99 [C286-2]
19:01:50 |    📰 NEAR: news long sig=0.30 score=+0.04
19:01:50 |    🎯 NEAR: target 4.1%→5.6% — regime TD persisting 0.87 on an earned ledger (acc 0.84); room-to-structure defers to the trend [C340]
19:01:50 |    ☁️ NEAR: ichimoku A+ persisting 0.78 AGAINST the short → score ×0.98 (earned ledger) [C343]
19:01:50 |    ⚡ NEAR: short news-tech conflict — score×0.70 (news long sig=0.30)
19:01:50 |    🌗 NEAR: short rides a STALE R-leg (β̂=+0.37) → damp ×0.80
19:01:50 |    ❌ NEAR: short scr=0.10 conf=0.17 → low confidence
19:01:51 |    ------------------------------------
19:01:51 |    🧬 UNI: breadth 3/5 → conviction 0.72 | cat=defi/W+0.87(member) meanrev×0.74 | Sq=-0.06 fund=+0.010% OI=$38.2M CVD=+0.29 ofi=-0.34 book=+0.29
19:01:51 |    📄 UNI: news long sig=0.12 score=+0.06
19:01:51 |    🛑 UNI: SHORT at RSI 26 (oversold, stretched) → brake 8%
19:01:51 |    🎢→✅ UNI: parabola RESOLVED (bounce age 41c, unwound 9.2 ATR) → short allowed, penalty 15%
19:01:51 |    🎯 UNI: target 2.3%→4.3% — regime TD persisting 0.87 on an earned ledger (acc 0.84); room-to-structure defers to the trend [C340]
19:01:51 |    ☁️ UNI: ichimoku B- persisting 0.91 WITH the short → score ×1.04 (earned ledger) [C343]
19:01:51 |    🌗 UNI: short rides a STALE R-leg (β̂=+0.37) → damp ×0.80
19:01:51 |    🛰️ UNI: C199 order-flow weakening short (OI=neutral, CVD=+0.79) → ×0.75
19:01:51 |    ❌ UNI: short scr=0.24 conf=0.44 → low score (<0.46)
19:01:51 |    ⚖️ C462-7 UNI: penalties 0.53→0.24 (×0.46) vs bar 0.46 — the stack decided
19:01:51 |    ------------------------------------
19:01:51 |    🧬 CL: breadth 6/6 → conviction 1.00 | cat=calm/W-0.59(regime) meanrev×1.17 | Sq=+0.01 fund=-0.001% OI=$36.1M CVD=-0.31 ofi=-0.14 book=-0.29
19:01:51 |    · CL: news ~market score=+0.06 (no coin-specific articles)
19:01:51 |    🛑 CL: LONG at RSI 74 (overbought, stretched) → brake 10%
19:01:51 |    🎢→✅ CL: parabola RESOLVED (pullback age 71c, recovered 6.7 ATR) → long allowed, penalty 15%
19:01:51 |    📏 CL: projection 1.54% is 3.6× this pair's own 15m ATR (0.42%) — capped to 1.27% before R. A forecast beyond 3 ATR in one candle is a broken reading, not an opportunity [C420-3a, throttled 15min]
19:01:52 |    🛑 CL: long target 0.1% too small + room 7% → blocked
19:01:52 |    ------------------------------------
19:01:52 |    🧬 HYPE: breadth 3/5 → conviction 0.65 | cat=defi/W-0.42(member) trend×1.10 | Sq=-0.00 fund=+0.001% OI=$227.0M CVD=-0.24 ofi=+0.07 book=-0.29
19:01:52 |    📄 HYPE: news neutral sig=0.12 score=+0.00
19:01:52 |    🛑 HYPE: projection 0.20% < 0.27% (ATR-relative) + MA-fan not accelerating (ma_fan=-0.03) → blocked
19:01:53 |    ------------------------------------
19:01:53 |    🧬 SUI: breadth 3/5 → conviction 0.61 | cat=l1/W-0.33(member) trend×1.12 | Sq=-0.04 fund=+0.007% OI=$66.1M CVD=-0.60 ofi=-0.05 book=+0.17
19:01:53 |    · SUI: news ~market score=+0.06 (no coin-specific articles)
19:01:53 |    🎯 SUI: target 1.2%→2.5% — regime TD persisting 0.87 on an earned ledger (acc 0.84); room-to-structure defers to the trend [C340]
19:01:53 |    ☁️ SUI: ichimoku B- persisting 0.91 WITH the short → score ×1.04 (earned ledger) [C343]
19:01:53 |    🌗 SUI: short rides a STALE R-leg (β̂=+0.37) → damp ×0.80
19:01:53 |    ❌ SUI: short scr=0.23 conf=0.49 → low score (<0.42)
19:01:53 |    ------------------------------------
19:01:53 |    🧬 AVAX: breadth 4/6 → conviction 0.63 | cat=l1/W-0.29(member) trend×1.12 | Sq=-0.04 fund=+0.006% OI=$31.3M CVD=+0.58 ofi=+0.01 book=-0.21
19:01:53 |    🧬 AVAX: own-history vol 1.30% vs baseline 0.74% (×1.76) → abnormal-wild conviction ×0.99 [C286-2]
19:01:53 |    · AVAX: news ~market score=+0.06 (no coin-specific articles)
19:01:53 |    🛑 AVAX: SHORT at RSI 27 (oversold, stretched) → brake 6%
19:01:54 |    🎯 AVAX: target 2.0%→3.6% — regime TD persisting 0.87 on an earned ledger (acc 0.84); room-to-structure defers to the trend [C340]
19:01:54 |    ⏳ AVAX: short ABSORPTION at extreme (real_cvd=+0.58 opposes, RSI=27) → wait for CVD flip or retrace
19:01:54 |    🔓 C382 OVERRIDE AVAX: absorption_at_extreme waived — score 0.884 conf 0.721 clear the bar, and that gate family was refuted at 158k observations (5 this session)
19:01:54 |    ☁️ AVAX: ichimoku B- persisting 0.91 WITH the short → score ×1.04 (earned ledger) [C343]
19:01:54 |    🌗 AVAX: short rides a STALE R-leg (β̂=+0.37) → damp ×0.80
19:01:54 |    🛰️ AVAX: C199 order-flow weakening short (OI=neutral, CVD=+0.57) → ×0.75
19:01:58 |    🚫 AVAX: short BLOCKED — its OWN real CVD is +0.58, i.e. -0.58 AGAINST this trade (proxy R=-0.16 was too weak to see it). Buying what aggressive sellers are dumping [C414]
19:01:59 |    ------------------------------------
19:01:59 |    🧬 XAG: breadth 1/5 → conviction 0.19 | cat=calm/W-0.91(regime) meanrev×1.26 | Sq=-0.10 fund=+0.014% OI=$24.4M CVD=-0.44 ofi=-0.02 book=-0.12
19:01:59 |    · XAG: news ~market score=+0.06 (no coin-specific articles)
19:01:59 |    🎢→✅ XAG: parabola RESOLVED (bounce age 1c, unwound 0.3 ATR, extreme re-touched) → short allowed, penalty 15%
19:01:59 |    🎯 XAG: target 0.8%→0.8% — regime TD persisting 0.87 on an earned ledger (acc 0.84); room-to-structure defers to the trend [C340]
19:01:59 |    ☁️ XAG: ichimoku B- persisting 0.91 WITH the short → score ×1.04 (earned ledger) [C343]
19:01:59 |    🌗 XAG: short rides a STALE R-leg (β̂=+0.37) → damp ×0.80
19:01:59 |    ❌ XAG: short scr=0.02 conf=0.36 → low score (<0.42)
19:01:59 |    ------------------------------------
19:01:59 |    🧬 ADA: breadth 4/6 → conviction 0.66 | cat=l1/W-0.50(member) trend×1.13 | Sq=-0.06 fund=+0.010% OI=$66.3M CVD=+0.21 ofi=-0.07 book=+0.05
19:01:59 |    📰 ADA: news long sig=0.30 score=+0.25
19:02:00 |    🎯 ADA: target 0.8%→2.3% — regime TD persisting 0.87 on an earned ledger (acc 0.84); room-to-structure defers to the trend [C340]
19:02:00 |    ☁️ ADA: ichimoku B- persisting 0.91 WITH the short → score ×1.04 (earned ledger) [C343]
19:02:00 |    ⚡ ADA: short news-tech conflict — score×0.70 (news long sig=0.30)
19:02:00 |    🌗 ADA: short rides a STALE R-leg (β̂=+0.37) → damp ×0.80
19:02:00 |    ❌ ADA: short scr=0.24 conf=0.41 → low score (<0.42)
19:02:01 |    ------------------------------------
19:02:01 |    🧬 LINK: breadth 3/5 → conviction 0.63 | cat=defi/W-0.64(member) meanrev×1.15 | Sq=-0.06 fund=+0.010% OI=$54.1M CVD=+0.29 ofi=-0.15 book=-0.29
19:02:01 |    📄 LINK: news long sig=0.12 score=+0.06
19:02:01 |    🎯 LINK: target 0.9%→1.9% — regime TD persisting 0.87 on an earned ledger (acc 0.84); room-to-structure defers to the trend [C340]
19:02:01 |    ☁️ LINK: ichimoku B- persisting 0.91 WITH the short → score ×1.04 (earned ledger) [C343]
19:02:01 |    🌗 LINK: short rides a STALE R-leg (β̂=+0.37) → damp ×0.80
19:02:01 |    ❌ LINK: short scr=0.12 conf=0.46 → low score (<0.42)
19:02:01 |    ------------------------------------
19:02:01 |    🧬 PUMP: breadth 4/6 → conviction 0.51 | cat=mid/W-0.15(regime) meanrev×1.04 | Sq=-0.03 fund=+0.005% OI=$17.0M CVD=+0.28 ofi=-0.10 book=+0.01
19:02:01 |    · PUMP: news ~market score=+0.06 (no coin-specific articles)
19:02:01 |    🛑 PUMP: SHORT at RSI 27 (oversold, stretched) → brake 6%
19:02:01 |    🎯 PUMP: target 1.4%→3.0% — regime TD persisting 0.87 on an earned ledger (acc 0.84); room-to-structure defers to the trend [C340]
19:02:01 |    ☁️ PUMP: ichimoku B- persisting 0.91 WITH the short → score ×1.04 (earned ledger) [C343]
19:02:01 |    🌗 PUMP: short rides a STALE R-leg (β̂=+0.37) → damp ×0.80
19:02:02 |    🛰️ PUMP: C199 order-flow weakening short (OI=neutral, CVD=+0.65) → ×0.75
19:02:02 |    ❌ PUMP: short scr=0.46 conf=0.54 → low quality (0.25<0.27)
19:02:02 |    ------------------------------------
19:02:02 |    🧬 ARB: breadth 4/6 → conviction 0.71 | cat=l2/W+0.52(member) momentum×1.22 | Sq=-0.04 fund=+0.007% OI=$22.0M CVD=+0.41 ofi=-0.11 book=-0.08
19:02:02 |    · ARB: news ~market score=+0.06 (no coin-specific articles)
19:02:02 |    🛑 ARB: SHORT at RSI 25 (oversold, stretched) → brake 10%
19:02:02 |    🎢→✅ ARB: parabola RESOLVED (bounce age 40c, unwound 8.1 ATR) → short allowed, penalty 15%
19:02:03 |    🎯 ARB: target 2.1%→3.9% — regime TD persisting 0.87 on an earned ledger (acc 0.84); room-to-structure defers to the trend [C340]
19:02:03 |    ⏳ ARB: short ABSORPTION at extreme (real_cvd=+0.41 opposes, RSI=25) → wait for CVD flip or retrace
19:02:03 |    ------------------------------------
19:02:03 |    🧬 ALLO: breadth 5/6 → conviction 0.89 | cat=ai/W+0.93(member) momentum×1.37 | Sq=-0.03 fund=+0.005% OI=$3.1M CVD=+0.22 ofi=-0.13 book=+0.23
19:02:03 |    🧬 ALLO: own-history vol 3.23% vs baseline 1.33% (×2.43) → abnormal-wild conviction ×0.95 [C286-2]
19:02:03 |    📄 ALLO: news long sig=0.12 score=+0.10
19:02:03 |    ☁️ ALLO: ichimoku A+ persisting 0.78 WITH the long → score ×1.02 (earned ledger) [C343]
19:02:03 | ⚖️ ALLO: long vs R=-0.56 ALLOWED — C264 term-structure inverted (β̂=+0.37, trend stale) → with-derivative, penalty 15% not block
19:02:03 |    ⚡ ALLO: soft counter-trend penalty 14% (dir=long vs R=-0.25) — orderliness 0.48 buys a pass [C386]
19:02:08 |    📊 ALLO flow(proxy): L/S 1h=1.0 4h=1.1 12h=1.1 | R=-0.05 taker=+0.01 SM=-0.05
19:02:08 |    📈 ALLO OI: neutral Δ=+0.0% str=+0.00
19:02:08 |    📏 ALLO: long at 96% of its own 24h range → extension penalty 11% (measured: that third wins ~47% vs ~54% at the other end, 4/4 out-of-sample) [C455-4]
19:02:08 |    🎛️ ALLO: ATR 3.23% → implied 1x band (that band wins 40.0% vs 58.1% at 0.50-0.67% ATR over 2,388 closed trades, 4/4 out-of-sample) → penalty 12% [C457-2]
19:02:08 | ⚡ ALLO: long already moved +33.7% but vol RISING → penalty 30%
19:02:08 |    ❌ ALLO: long post-penalty quality 0.17 < 0.20
19:02:09 |    ------------------------------------
19:02:09 |    🧬 ENA: breadth 2/6 → conviction 0.41 | cat=defi/W-0.15(member) trend×1.08 | Sq=-0.01 fund=+0.002% OI=$47.5M CVD=-0.00 ofi=-0.06 book=-0.23
19:02:09 |    📄 ENA: news long sig=0.12 score=+0.06
19:02:10 |    🛑 ENA: long opposes the latched DOWN-trend (R was -0.59 1min ago; now -0.56, 4h -0.62) — one weak print is a blip, not a turn [C339]
19:02:10 |    ------------------------------------
19:02:10 |    🧬 NIL: breadth 4/5 → conviction 0.86 | cat=wild/W+1.00(regime) meanrev×0.72 | Sq=-0.03 fund=+0.005% OI=$2.7M CVD=+0.18 ofi=+0.23 book=-0.07
19:02:10 |    · NIL: news ~market score=+0.06 (no coin-specific articles)
19:02:10 |    🎢→⚖️ NIL: C292 stands down — parabola BROKEN (range 14×ATR, 8.0 ATR off the day extreme): the 24h 'trend' already failed structurally; counter-trend entry re-enters the TURNING path [C299]
19:02:10 |    ⚡ NIL: 24h=+10.4% but 1h=+0.0% (TURNING) → penalty 21%
19:02:10 |    🎢→✅ NIL: parabola RESOLVED (bounce age 29c, unwound 8.0 ATR) → short allowed, penalty 15%
19:02:11 |    🎯 NIL: target 3.7%→9.2% — regime TD persisting 0.87 on an earned ledger (acc 0.84); room-to-structure defers to the trend [C340]
19:02:11 |    ☁️ NIL: ichimoku B- persisting 0.91 WITH the short → score ×1.04 (earned ledger) [C343]
19:02:11 |    🌗 NIL: short rides a STALE R-leg (β̂=+0.37) → damp ×0.80
19:02:11 |    ⚖️ NIL: penalty-stack floor lift → 0.36 (40% of pre-pen 0.89) [C284: base✓ proj✓]
19:02:11 |    ❌ NIL: short scr=0.36 conf=0.38 → low score (<0.36)
19:02:11 |    ⚖️ C462-7 NIL: penalties 0.89→0.36 (×0.40) vs bar 0.36 — the stack decided
19:02:11 |    ------------------------------------
19:02:11 |    🧬 BZ: breadth 5/5 → conviction 1.00 | cat=calm/W-0.62(regime) meanrev×1.17 | Sq=+0.00 fund=-0.001% OI=$28.3M CVD=+0.24 ofi=+0.02 book=-0.08
19:02:11 |    · BZ: news ~market score=+0.06 (no coin-specific articles)
19:02:12 |    🛑 BZ: long target 0.1% too small + room 6% → blocked
19:02:12 |    ------------------------------------
19:02:12 |    🧬 TRUMP: breadth 4/6 → conviction 0.70 | cat=meme/W-0.17(member) meanrev×0.89 | Sq=-0.03 fund=+0.004% OI=$15.7M CVD=+0.49 ofi=+0.05 book=+0.10
19:02:12 |    📄 TRUMP: news long sig=0.10 score=+0.06
19:02:12 |    🛑 TRUMP: SHORT at RSI 25 (oversold, stretched) → brake 10%
19:02:13 |    🎯 TRUMP: target 1.4%→2.5% — regime TD persisting 0.87 on an earned ledger (acc 0.84); room-to-structure defers to the trend [C340]
19:02:13 |    ⏳ TRUMP: short ABSORPTION at extreme (real_cvd=+0.49 opposes, RSI=25) → wait for CVD flip or retrace
19:02:13 |    ------------------------------------
19:02:13 |    🧬 BNB: breadth 4/5 → conviction 0.81 | cat=majors/W-0.64(member) meanrev×1.31 | Sq=-0.06 fund=+0.009% OI=$74.8M CVD=+0.24 ofi=-0.12 book=+0.15
19:02:13 |    📄 BNB: news long sig=0.12 score=+0.07
19:02:13 |    🛑 BNB: long opposes the latched DOWN-trend (R was -0.59 1min ago; now -0.56, 4h -0.62) — one weak print is a blip, not a turn [C339]
19:02:14 |    ------------------------------------
19:02:14 |    🧬 APT: breadth 4/6 → conviction 0.69 | cat=l1/W-0.12(member) trend×1.11 | Sq=-0.06 fund=+0.010% OI=$8.8M CVD=+0.10 ofi=+0.33 book=-0.12
19:02:14 |    · APT: news ~market score=+0.06 (no coin-specific articles)
19:02:14 |    🎯 APT: target 0.7%→3.6% — regime TD persisting 0.87 on an earned ledger (acc 0.84); room-to-structure defers to the trend [C340]
19:02:14 |    ☁️ APT: ichimoku B- persisting 0.91 WITH the short → score ×1.04 (earned ledger) [C343]
19:02:14 |    🌗 APT: short rides a STALE R-leg (β̂=+0.37) → damp ×0.80
19:02:14 |    ❌ APT: short scr=0.05 conf=0.22 → low confidence
19:02:15 |    ------------------------------------
19:02:15 |    🧬 WLD: breadth 4/6 → conviction 0.68 | cat=ai/W-0.16(member) pattern×1.09 | Sq=-0.06 fund=+0.009% OI=$30.5M CVD=+0.26 ofi=+0.00 book=-0.21
19:02:15 |    📄 WLD: news long sig=0.12 score=+0.10
19:02:15 |    🎯 WLD: target 1.6%→2.9% — regime TD persisting 0.87 on an earned ledger (acc 0.84); room-to-structure defers to the trend [C340]
19:02:15 |    ☁️ WLD: ichimoku B- persisting 0.91 WITH the short → score ×1.04 (earned ledger) [C343]
19:02:15 |    🌗 WLD: short rides a STALE R-leg (β̂=+0.37) → damp ×0.80
19:02:16 |    🛰️ WLD: C199 order-flow weakening short (OI=neutral, CVD=+0.52) → ×0.75
19:02:16 |    ❌ WLD: short scr=0.30 conf=0.48 → low score (<0.37)
19:02:16 |    ⚖️ C462-7 WLD: penalties 0.66→0.30 (×0.46) vs bar 0.37 — the stack decided
19:02:16 |    ------------------------------------
19:02:16 |    🧬 HBAR: breadth 4/6 → conviction 0.60 | cat=l1/W-0.22(member) trend×1.11 | Sq=-0.06 fund=+0.010% OI=$17.8M CVD=+0.60 ofi=-0.06
19:02:16 |    · HBAR: news ~market score=+0.06 (no coin-specific articles)
19:02:16 |    🛑 HBAR: SHORT at RSI 13 (oversold, stretched) → brake 38%
19:02:16 |    🎯 HBAR: target 1.1%→2.1% — regime TD persisting 0.87 on an earned ledger (acc 0.84); room-to-structure defers to the trend [C340]
19:02:16 |    ⏳ HBAR: short ABSORPTION at extreme (real_cvd=+0.60 opposes, RSI=13) → wait for CVD flip or retrace
19:02:16 |    📉 HBAR: SEVERE absorption -- would-be LONG tgt 4.6% vs stop ~0.6% = R:R 7.67 (C202: tracking missed-reversal edge)
19:02:17 |    ------------------------------------
19:02:17 |    🧬 ONDO: breadth 4/6 → conviction 0.63 | cat=rwa/W-0.33(member) meanrev×1.09 | Sq=-0.03 fund=+0.005% OI=$25.5M CVD=+0.23 ofi=-0.16 book=-0.29
19:02:17 |    📄 ONDO: news long sig=0.24 score=+0.15
19:02:17 |    🎢→✅ ONDO: parabola RESOLVED (bounce age 38c, unwound 4.4 ATR) → short allowed, penalty 15%
19:02:17 |    🎯 ONDO: target 0.8%→2.5% — regime TD persisting 0.87 on an earned ledger (acc 0.84); room-to-structure defers to the trend [C340]
19:02:17 |    ☁️ ONDO: ichimoku B- persisting 0.91 WITH the short → score ×1.04 (earned ledger) [C343]
19:02:17 |    🌗 ONDO: short rides a STALE R-leg (β̂=+0.37) → damp ×0.80
19:02:17 |    ❌ ONDO: short scr=0.12 conf=0.49 → low score (<0.42)
19:02:18 |    ------------------------------------
19:02:18 |    🧬 ZRO: breadth 2/6 → conviction 0.47 | cat=l2/W+0.86(member) momentum×1.30 | Sq=-0.03 fund=+0.005% OI=$3.6M CVD=-0.29 ofi=+0.00 book=+0.25
19:02:18 |    · ZRO: news ~market score=+0.06 (no coin-specific articles)
19:02:18 |    🚫 ZRO: short vs 24h=+16.4% — 1h flat but PROJECTION +0.25 confirms the trend CONTINUES (not turning) → counter-trend blocked [C292]
19:02:19 |    ------------------------------------
19:02:19 |    🧬 WIF: breadth 6/6 → conviction 1.00 | cat=solana_eco/W+0.38(member) momentum×1.22 | Sq=-0.03 fund=+0.005% OI=$7.5M CVD=-0.09 ofi=+0.29
19:02:19 |    📄 WIF: news long sig=0.12 score=+0.10
19:02:19 |    🛑 WIF: long opposes the latched DOWN-trend (R was -0.59 0min ago; now -0.59, 4h -0.62) — one weak print is a blip, not a turn [C339]
19:02:20 |    ------------------------------------
19:02:20 |    🧬 MARSCOIN: breadth 4/6 → conviction 0.69 | cat=wild/W+0.98(regime) meanrev×0.73 | Sq=-0.21 fund=+0.027% OI=$2.7M CVD=+0.28 ofi=-0.17 book=-0.14
19:02:20 |    🧬 MARSCOIN: own-history vol 1.78% vs baseline 2.85% (×0.62) → coiled conviction ×1.01 [C286-2]
19:02:20 |    · MARSCOIN: news ~market score=+0.06 (no coin-specific articles)
19:02:20 |    🎢→✅ MARSCOIN: parabola RESOLVED (bounce age 41c, unwound 8.9 ATR) → short allowed, penalty 15%
19:02:20 |    🎯 MARSCOIN: target 2.4%→4.9% — regime TD persisting 0.87 on an earned ledger (acc 0.84); room-to-structure defers to the trend [C340]
19:02:20 |    ☁️ MARSCOIN: ichimoku B- persisting 0.91 WITH the short → score ×1.04 (earned ledger) [C343]
19:02:20 |    🌗 MARSCOIN: short rides a STALE R-leg (β̂=+0.37) → damp ×0.80
19:02:20 |    🛰️ MARSCOIN: C199 order-flow weakening short (OI=neutral, CVD=+0.18) → ×0.75
19:02:20 |    ❌ MARSCOIN: short scr=0.48 conf=0.47 → low quality (0.23<0.27)
19:02:21 |    ------------------------------------
19:02:21 |    🧬 XLM: breadth 4/6 → conviction 0.63 | cat=l1/W-0.25(member) trend×1.11 | Sq=-0.07 fund=+0.010% OI=$26.5M CVD=-0.53 ofi=-0.24 book=-0.20
19:02:21 |    · XLM: news ~market score=+0.06 (no coin-specific articles)
19:02:21 |    🛑 XLM: SHORT at RSI 25 (oversold, stretched) → brake 11%
19:02:21 |    🎢→✅ XLM: parabola RESOLVED (bounce age 34c, unwound 9.0 ATR) → short allowed, penalty 15%
19:02:21 |    🎯 XLM: target 0.5%→1.7% — regime TD persisting 0.87 on an earned ledger (acc 0.84); room-to-structure defers to the trend [C340]
19:02:21 |    ☁️ XLM: ichimoku B- persisting 0.91 WITH the short → score ×1.04 (earned ledger) [C343]
19:02:21 |    🌗 XLM: short rides a STALE R-leg (β̂=+0.37) → damp ×0.80
19:02:21 |    ❌ XLM: short scr=0.06 conf=0.43 → low score (<0.42)
19:02:22 |    ------------------------------------
19:02:22 |    🧬 COTI: breadth 4/6 → conviction 0.68 | cat=wild/W+0.55(regime) meanrev×0.85 | Sq=+0.97 fund=-0.264% OI=$4.1M CVD=-0.17 ofi=-0.04 book=-0.05
19:02:22 |    · COTI: news ~market score=+0.06 (no coin-specific articles)
19:02:22 |    🎢→✅ COTI: parabola RESOLVED (pullback age 0c, recovered 0.0 ATR, extreme re-touched) → long allowed, penalty 15%
19:02:23 |    ☁️ COTI: ichimoku A+ persisting 0.78 WITH the long → score ×1.02 (earned ledger) [C343]
19:02:23 | ⚖️ COTI: long vs R=-0.59 ALLOWED — C264 term-structure inverted (β̂=+0.37, trend stale) → with-derivative, penalty 15% not block
19:02:23 |    🚫 COTI: counter-trend BLOCK — dir long vs market R=-0.25 AND orderliness 0.06<0.33 (noisy). Long-into-trend is ~45%% barrier-win; no orderliness to justify it [C386]
19:02:23 |    ------------------------------------
19:02:23 |    🧬 DOT: breadth 4/5 → conviction 0.82 | cat=l1/W-0.37(member) trend×1.12 | Sq=-0.06 fund=+0.010% OI=$22.6M CVD=-0.26 ofi=-0.05 book=+0.14
19:02:23 |    · DOT: news ~market score=+0.06 (no coin-specific articles)
19:02:24 |    🎯 DOT: target 0.8%→1.8% — regime TD persisting 0.87 on an earned ledger (acc 0.84); room-to-structure defers to the trend [C340]
19:02:24 |    ☁️ DOT: ichimoku B- persisting 0.91 WITH the short → score ×1.04 (earned ledger) [C343]
19:02:24 |    🌗 DOT: short rides a STALE R-leg (β̂=+0.37) → damp ×0.80
19:02:24 |    ❌ DOT: short scr=0.42 conf=0.52 → low quality (0.22<0.28)
19:02:24 |    ------------------------------------
19:02:24 |    🧬 AAVE: breadth 4/6 → conviction 0.65 | cat=defi/W-0.20(member) trend×1.09 | Sq=-0.05 fund=+0.008% OI=$30.2M CVD=+0.24 ofi=+0.40 book=+0.02
19:02:24 |    📄 AAVE: news long sig=0.12 score=+0.06
19:02:24 |    🎢→✅ AAVE: parabola RESOLVED (bounce age 26c, unwound 6.1 ATR) → short allowed, penalty 15%
19:02:25 |    🎯 AAVE: target 1.0%→2.7% — regime TD persisting 0.87 on an earned ledger (acc 0.84); room-to-structure defers to the trend [C340]
19:02:25 |    ☁️ AAVE: ichimoku B- persisting 0.91 WITH the short → score ×1.04 (earned ledger) [C343]
19:02:25 |    🌗 AAVE: short rides a STALE R-leg (β̂=+0.37) → damp ×0.80
19:02:25 |    🛰️ AAVE: C199 order-flow weakening short (OI=neutral, CVD=+0.43) → ×0.75
19:02:25 |    ❌ AAVE: short scr=0.42 conf=0.52 → low quality (0.22<0.30)
19:02:26 |    ------------------------------------
19:02:26 |    🧬 FARTCOIN: breadth 3/6 → conviction 0.60 | cat=meme/W+0.53(member) momentum×1.29 | Sq=-0.05 fund=+0.008% OI=$13.3M CVD=-0.60 ofi=+0.06 book=-0.05
19:02:26 |    · FARTCOIN: news ~market score=+0.06 (no coin-specific articles)
19:02:26 |    🎢→✅ FARTCOIN: parabola RESOLVED (bounce age 48c, unwound 8.0 ATR) → short allowed, penalty 15%
19:02:26 |    🎯 FARTCOIN: target 1.8%→4.0% — regime TD persisting 0.87 on an earned ledger (acc 0.84); room-to-structure defers to the trend [C340]
19:02:26 |    ☁️ FARTCOIN: ichimoku B- persisting 0.91 WITH the short → score ×1.04 (earned ledger) [C343]
19:02:26 |    🌗 FARTCOIN: short rides a STALE R-leg (β̂=+0.37) → damp ×0.80
19:02:27 |    ------------------------------------
19:02:27 |    🧬 CRV: breadth 4/6 → conviction 0.55 | cat=defi/W-0.04(member) trend×1.08 | Sq=-0.06 fund=+0.010% OI=$5.9M CVD=+0.60 ofi=-0.06 book=+0.19
19:02:27 |    📄 CRV: news long sig=0.12 score=+0.06
19:02:27 |    🛑 CRV: SHORT at RSI 27 (oversold, stretched) → brake 6%
19:02:28 |    🎯 CRV: target 1.6%→2.9% — regime TD persisting 0.87 on an earned ledger (acc 0.84); room-to-structure defers to the trend [C340]
19:02:28 |    ⏳ CRV: short ABSORPTION at extreme (real_cvd=+0.60 opposes, RSI=27) → wait for CVD flip or retrace
19:02:28 |    ------------------------------------
19:02:28 |    🧬 PAXG: breadth 4/5 → conviction 0.85 | cat=calm/W-0.87(regime) meanrev×1.25 | Sq=-0.03 fund=+0.005% OI=$9.2M CVD=+0.02 ofi=+0.16 book=+0.30
19:02:28 |    · PAXG: news ~market score=+0.06 (no coin-specific articles)
19:02:28 |    🛑 PAXG: long opposes the latched DOWN-trend (R was -0.59 0min ago; now -0.59, 4h -0.62) — one weak print is a blip, not a turn [C339]
19:02:28 |    ------------------------------------
19:02:28 |    🧬 龙虾: breadth 4/6 → conviction 0.77 | cat=wild/W+1.00(regime) meanrev×0.72 | Sq=-0.19 fund=+0.030% OI=$45.0M CVD=-0.52 ofi=+0.29 book=+0.21
19:02:28 |    · 龙虾: news ~market score=+0.06 (no coin-specific articles)
19:02:28 |    🎢→✅ 龙虾: parabola RESOLVED (bounce age 29c, unwound 14.1 ATR) → short allowed, penalty 15%
19:02:29 |    🎯 龙虾: target 3.7%→9.2% — regime TD persisting 0.87 on an earned ledger (acc 0.84); room-to-structure defers to the trend [C340]
19:02:29 |    ☁️ 龙虾: ichimoku B- persisting 0.91 WITH the short → score ×1.04 (earned ledger) [C343]
19:02:29 |    ⚡ 龙虾: short wick rejection #1 → score×0.75
19:02:29 |    🌗 龙虾: short rides a STALE R-leg (β̂=+0.37) → damp ×0.80
19:02:29 |    ❌ 龙虾: short scr=0.16 conf=0.30 → low confidence
19:02:29 |    ------------------------------------
19:02:29 |    🧬 NATGAS: breadth 4/6 → conviction 0.71 | cat=calm/W-0.65(regime) meanrev×1.18 | Sq=-0.21 fund=+0.028% OI=$10.2M CVD=+0.11 ofi=-0.01 book=+0.00
19:02:29 |    🧬 NATGAS: own-history vol 0.56% vs baseline 0.29% (×1.89) → abnormal-wild conviction ×0.98 [C286-2]
19:02:29 |    · NATGAS: news ~market score=+0.06 (no coin-specific articles)
19:02:30 |    🎯 NATGAS: target 0.8%→1.5% — regime TD persisting 0.87 on an earned ledger (acc 0.84); room-to-structure defers to the trend [C340]
19:02:30 |    🌗 NATGAS: short rides a STALE R-leg (β̂=+0.37) → damp ×0.80
19:02:30 |    🚫 NATGAS: floor lift DENIED (C284: base<0.60, base 0.13) — score stays 0.05
19:02:30 |    ❌ NATGAS: short scr=0.05 conf=0.35 → low score (<0.42)
19:02:30 |    ------------------------------------
19:02:30 |    🧬 RAY: breadth 6/6 → conviction 1.00 | cat=solana_eco/W+0.34(member) momentum×1.22 | Sq=-0.04 fund=+0.005% OI=$3.0M CVD=-0.22 ofi=+0.03 book=+0.09
19:02:30 |    📄 RAY: news long sig=0.12 score=+0.06
19:02:30 |    🛑 RAY: LONG at RSI 81 (overbought, stretched) → brake 25%
19:02:31 |    ☁️ RAY: ichimoku A+ persisting 0.78 WITH the long → score ×1.02 (earned ledger) [C343]
19:02:31 | ⚖️ RAY: long vs R=-0.59 ALLOWED — C264 term-structure inverted (β̂=+0.37, trend stale) → with-derivative, penalty 15% not block
19:02:31 |    🚫 RAY: counter-trend BLOCK — dir long vs market R=-0.25 AND orderliness 0.17<0.33 (noisy). Long-into-trend is ~45%% barrier-win; no orderliness to justify it [C386]
19:02:31 |    ------------------------------------
19:02:31 |    🧬 XAUT: breadth 3/5 → conviction 0.70 | cat=calm/W-0.92(regime) meanrev×1.26 | Sq=+0.00 fund=-0.001% OI=$24.2M CVD=-0.55 ofi=+0.01 book=+0.27
19:02:31 |    · XAUT: news ~market score=+0.06 (no coin-specific articles)
19:02:31 |    🛑 XAUT: long opposes the latched DOWN-trend (R was -0.59 0min ago; now -0.59, 4h -0.62) — one weak print is a blip, not a turn [C339]
19:02:32 |    ------------------------------------
19:02:32 |    🧬 BTW: breadth 5/6 → conviction 0.88 | cat=wild/W+0.89(regime) meanrev×0.75 | Sq=-0.10 fund=+0.012% OI=$30.2M CVD=-0.16 ofi=+0.00 book=-0.16
19:02:32 |    · BTW: news ~market score=+0.06 (no coin-specific articles)
19:02:32 |    ☁️ BTW: ichimoku A+ persisting 0.78 WITH the long → score ×1.02 (earned ledger) [C343]
19:02:32 | ⚖️ BTW: long vs R=-0.59 ALLOWED — C264 term-structure inverted (β̂=+0.37, trend stale) → with-derivative, penalty 15% not block
19:02:32 |    🚫 BTW: counter-trend BLOCK — dir long vs market R=-0.25 AND orderliness 0.10<0.33 (noisy). Long-into-trend is ~45%% barrier-win; no orderliness to justify it [C386]
19:02:33 |    ------------------------------------
19:02:33 |    🧬 SENT: breadth 5/6 → conviction 0.89 | cat=wild/W+0.59(regime) meanrev×0.84 | Sq=-0.03 fund=+0.005% OI=$1.4M CVD=+0.08 ofi=+0.01 book=+0.05
19:02:33 |    · SENT: news ~market score=+0.06 (no coin-specific articles)
19:02:33 |    🛑 SENT: LONG at RSI 72 (overbought, stretched) → brake 4%
19:02:33 |    🛑 SENT: long structural exhaustion (3% room) → blocked
19:02:33 |    🔓 C382 OVERRIDE SENT: no_structural_room waived — score 0.993 conf 0.894 clear the bar, and that gate family was refuted at 158k observations (6 this session)
19:02:33 |    ☁️ SENT: ichimoku A+ persisting 0.78 WITH the long → score ×1.02 (earned ledger) [C343]
19:02:33 | ⚖️ SENT: long vs R=-0.59 ALLOWED — C264 term-structure inverted (β̂=+0.37, trend stale) → with-derivative, penalty 15% not block
19:02:33 |    🚫 SENT: counter-trend BLOCK — dir long vs market R=-0.25 AND orderliness 0.19<0.33 (noisy). Long-into-trend is ~45%% barrier-win; no orderliness to justify it [C386]
19:02:33 |    ------------------------------------
19:02:33 |    🧬 SHIB: breadth 3/5 → conviction 0.72 | cat=meme/W-0.63(member) trend×1.06 | Sq=-0.07 fund=+0.010% OI=$11.6M CVD=+0.60 ofi=-0.20 book=+0.13
19:02:33 |    · SHIB: news ~market score=+0.06 (no coin-specific articles)
19:02:33 |    🛑 SHIB: projection 0.24% < 0.35% (ATR-relative) + MA-fan not accelerating (ma_fan=-0.04) → blocked
19:02:34 |    ------------------------------------
19:02:34 |    🧬 ASTER: breadth 2/6 → conviction 0.40 | cat=calm/W-0.54(regime) meanrev×1.15 | Sq=-0.03 fund=+0.005% OI=$17.7M CVD=+0.42 ofi=-0.30 book=+0.29
19:02:34 |    · ASTER: news ~market score=+0.06 (no coin-specific articles)
19:02:34 |    🛑 ASTER: long opposes the latched DOWN-trend (R was -0.59 0min ago; now -0.59, 4h -0.62) — one weak print is a blip, not a turn [C339]
19:02:35 |    ------------------------------------
19:02:35 |    🧬 KERNEL: breadth 5/6 → conviction 0.83 | cat=wild/W+0.79(regime) meanrev×0.78 | Sq=+1.00 fund=-0.725% OI=$0.8M CVD=-0.29 ofi=-0.40 book=-0.18
19:02:35 |    · KERNEL: news ~market score=+0.06 (no coin-specific articles)
19:02:35 |    🎯 KERNEL: target 1.4%→3.0% — regime TD persisting 0.87 on an earned ledger (acc 0.84); room-to-structure defers to the trend [C340]
19:02:35 |    ☁️ KERNEL: ichimoku B- persisting 0.91 WITH the short → score ×1.04 (earned ledger) [C343]
19:02:35 |    🌗 KERNEL: short rides a STALE R-leg (β̂=+0.37) → damp ×0.80
19:02:35 |    📊 KERNEL flow(proxy): L/S 1h=1.0 4h=1.1 12h=1.1 | R=-0.05 taker=+0.01 SM=-0.05
19:02:36 |    📈 KERNEL OI: capitulation Δ=-2.6% str=+0.25
19:02:36 |    📏 KERNEL: short at 10% of its own 24h range → extension penalty 10% (measured: that third wins ~47% vs ~54% at the other end, 4/4 out-of-sample) [C455-4]
19:02:36 |    ⚖️ KERNEL: penalty-stack floor 0.57→0.75 (base 1.26) [C367: base✓ proj✓]
19:02:36 |    🛑 KERNEL: big projection 2.0% needs agreement ≥58% but only 56% → blocked (reward-conviction coupling)
19:02:36 |    ------------------------------------
19:02:36 |    🧬 SEI: breadth 3/5 → conviction 0.74 | cat=l1/W-0.27(member) trend×1.11 | Sq=-0.06 fund=+0.010% OI=$9.7M CVD=+0.60 ofi=-0.01 book=+0.09
19:02:36 |    · SEI: news ~market score=+0.06 (no coin-specific articles)
19:02:36 |    🛑 SEI: projection 0.24% < 0.47% (ATR-relative) + MA-fan not accelerating (ma_fan=+0.00) → blocked
19:02:37 |    ------------------------------------
19:02:37 |    🧬 CHR: breadth 5/6 → conviction 0.88 | cat=wild/W+1.00(regime) meanrev×0.72 | Sq=-0.06 fund=+0.010% OI=$0.5M CVD=-0.37 ofi=-0.29
19:02:37 |    · CHR: news ~market score=+0.06 (no coin-specific articles)
19:02:37 |    🎢→⚖️ CHR: C292 stands down — parabola BROKEN (range 18×ATR, 10.1 ATR off the day extreme): the 24h 'trend' already failed structurally; counter-trend entry re-enters the TURNING path [C299]
19:02:37 |    ⚡ CHR: 24h=+17.1% but 1h=+0.0% (TURNING) → penalty 30%
19:02:37 |    🎢→✅ CHR: parabola RESOLVED (bounce age 81c, unwound 10.1 ATR) → short allowed, penalty 15%
19:02:37 |    🧮→🛡️ KERNEL: thesis still reads P=0.67 (age 0min, freshness 1.00) → stagnant floor -1.25→-1.60 PRU (hard stop unchanged) [C321/C325]
19:02:37 |    🎯 CHR: target 3.0%→7.3% — regime TD persisting 0.87 on an earned ledger (acc 0.84); room-to-structure defers to the trend [C340]
19:02:37 |    ☁️ CHR: ichimoku B- persisting 0.91 WITH the short → score ×1.04 (earned ledger) [C343]
19:02:37 |    🌗 CHR: short rides a STALE R-leg (β̂=+0.37) → damp ×0.80
19:02:37 |    ⚖️ CHR: penalty-stack floor lift → 0.23 (40% of pre-pen 0.58) [C284: base✓ proj✓]
19:02:37 |    ❌ CHR: short scr=0.23 conf=0.44 → low score (<0.38)
19:02:37 |    ⚖️ C462-7 CHR: penalties 0.58→0.23 (×0.40) vs bar 0.38 — the stack decided
19:02:38 |    ------------------------------------
19:02:38 |    🧬 PYTH: breadth 4/6 → conviction 0.65 | cat=solana_eco/W+0.83(member) momentum×1.34 | Sq=-0.03 fund=+0.005% OI=$3.1M CVD=-0.12 ofi=-0.05 book=+0.10
19:02:38 |    📄 PYTH: news long sig=0.12 score=+0.10
19:02:38 |    🎢→✅ PYTH: parabola RESOLVED (bounce age 93c, unwound 9.4 ATR) → short allowed, penalty 15%
19:02:38 |    🎯 PYTH: target 1.4%→3.6% — regime TD persisting 0.87 on an earned ledger (acc 0.84); room-to-structure defers to the trend [C340]
19:02:38 |    ☁️ PYTH: ichimoku B- persisting 0.91 WITH the short → score ×1.04 (earned ledger) [C343]
19:02:38 |    🌗 PYTH: short rides a STALE R-leg (β̂=+0.37) → damp ×0.80
19:02:38 |    🚫 PYTH: floor lift DENIED (C284: base<0.60, base 0.17) — score stays 0.06
19:02:38 |    ❌ PYTH: short scr=0.06 conf=0.34 → low score (<0.42)
19:02:38 |    ------------------------------------
19:02:38 |    🧬 PENDLE: breadth 4/6 → conviction 0.74 | cat=defi/W-0.09(member) trend×1.08 | Sq=-0.06 fund=+0.010% OI=$4.0M CVD=+0.01 ofi=-0.22 book=+0.27
19:02:38 |    📄 PENDLE: news long sig=0.12 score=+0.06
19:02:39 |    🎯 PENDLE: target 0.3%→2.9% — regime TD persisting 0.87 on an earned ledger (acc 0.84); room-to-structure defers to the trend [C340]
19:02:39 |    ☁️ PENDLE: ichimoku B- persisting 0.91 WITH the short → score ×1.04 (earned ledger) [C343]
19:02:39 |    🌗 PENDLE: short rides a STALE R-leg (β̂=+0.37) → damp ×0.80
19:02:39 |    ❌ PENDLE: short scr=0.22 conf=0.52 → low score (<0.43)
19:02:39 |    ------------------------------------
19:02:39 |    🧬 ICP: breadth 3/6 → conviction 0.53 | cat=l1/W-0.07(member) trend×1.10 | Sq=-0.06 fund=+0.010% OI=$7.9M CVD=-0.17 ofi=-0.26 book=+0.15
19:02:39 |    🧬 ICP: own-history vol 1.33% vs baseline 0.78% (×1.71) → abnormal-wild conviction ×0.99 [C286-2]
19:02:39 |    · ICP: news ~market score=+0.06 (no coin-specific articles)
19:02:40 |    🎯 ICP: target 2.3%→3.6% — regime TD persisting 0.87 on an earned ledger (acc 0.84); room-to-structure defers to the trend [C340]
19:02:40 |    🌗 ICP: short rides a STALE R-leg (β̂=+0.37) → damp ×0.80
19:02:40 |    ❌ ICP: short scr=0.01 conf=0.26 → low confidence
19:02:40 |    ------------------------------------
19:02:40 |    🧬 ACE: breadth 5/6 → conviction 0.81 | cat=mid/W+0.10(regime) meanrev×0.97 | Sq=-0.06 fund=+0.010% OI=$1.9M CVD=-0.12 ofi=+0.07 book=+0.28
19:02:40 |    · ACE: news ~market score=+0.06 (no coin-specific articles)
19:02:40 |    🛑 ACE: LONG at RSI 76 (overbought, stretched) → brake 14%
19:02:40 |    ☁️ ACE: ichimoku A+ persisting 0.78 WITH the long → score ×1.02 (earned ledger) [C343]
19:02:40 | ⚖️ ACE: long vs R=-0.59 ALLOWED — C264 term-structure inverted (β̂=+0.37, trend stale) → with-derivative, penalty 15% not block
19:02:40 |    🚫 ACE: counter-trend BLOCK — dir long vs market R=-0.25 AND orderliness 0.23<0.33 (noisy). Long-into-trend is ~45%% barrier-win; no orderliness to justify it [C386]
19:02:41 |    ------------------------------------
19:02:41 |    🧬 MINA: breadth 5/6 → conviction 0.80 | cat=wild/W+0.83(regime) meanrev×0.77 | Sq=+0.18 fund=-0.022% OI=$2.1M CVD=-0.60 ofi=+0.40 book=+0.17
19:02:41 |    🧬 MINA: own-history vol 1.07% vs baseline 1.61% (×0.66) → coiled conviction ×1.01 [C286-2]
19:02:41 |    · MINA: news ~market score=+0.06 (no coin-specific articles)
19:02:41 |    🎢→✅ MINA: parabola RESOLVED (bounce age 79c, unwound 8.2 ATR) → short allowed, penalty 15%
19:02:41 |    🎯 MINA: target 1.6%→2.9% — regime TD persisting 0.87 on an earned ledger (acc 0.84); room-to-structure defers to the trend [C340]
19:02:41 |    ☁️ MINA: ichimoku B- persisting 0.91 WITH the short → score ×1.04 (earned ledger) [C343]
19:02:41 |    🌗 MINA: short rides a STALE R-leg (β̂=+0.37) → damp ×0.80
19:02:41 |    ❌ MINA: short scr=0.18 conf=0.29 → low confidence
19:02:42 |    ------------------------------------
19:02:42 |    🧬 GRT: breadth 5/6 → conviction 0.84 | cat=ai/W-0.23(member) pattern×1.09 | Sq=-0.05 fund=+0.008% OI=$2.8M CVD=+0.25 ofi=+0.33 book=-0.18
19:02:42 |    📄 GRT: news long sig=0.12 score=+0.10
19:02:42 |    ☁️ GRT: ichimoku A+ persisting 0.78 WITH the long → score ×1.02 (earned ledger) [C343]
19:02:42 | ⚖️ GRT: long vs R=-0.59 ALLOWED — C264 term-structure inverted (β̂=+0.37, trend stale) → with-derivative, penalty 15% not block
19:02:42 |    🚫 GRT: counter-trend BLOCK — dir long vs market R=-0.25 AND orderliness 0.17<0.33 (noisy). Long-into-trend is ~45%% barrier-win; no orderliness to justify it [C386]
19:02:42 |    ------------------------------------
19:02:42 |    🧬 TRX: breadth 4/5 → conviction 0.83 | cat=l1/W-0.80(member) momentum×0.82 | Sq=-0.04 fund=+0.006% OI=$9.3M CVD=+0.08 ofi=-0.14 book=-0.13
19:02:42 |    · TRX: news ~market score=+0.06 (no coin-specific articles)
19:02:42 |    🛑 TRX: long opposes the latched DOWN-trend (R was -0.59 0min ago; now -0.59, 4h -0.62) — one weak print is a blip, not a turn [C339]
19:02:43 |    ------------------------------------
19:02:43 |    🧬 ZEST: breadth 5/6 → conviction 0.91 | cat=wild/W+0.99(regime) meanrev×0.72 | Sq=-0.14 fund=+0.017% OI=$1.2M CVD=-0.03 ofi=-0.01
19:02:43 |    · ZEST: news ~market score=+0.06 (no coin-specific articles)
19:02:43 |    🎢→⚖️ ZEST: C292 stands down — parabola BROKEN (range 11×ATR, 3.6 ATR off the day extreme): the 24h 'trend' already failed structurally; counter-trend entry re-enters the TURNING path [C299]
19:02:43 |    ⚡ ZEST: 24h=+20.9% but 1h=+0.0% (TURNING) → penalty 30%
19:02:43 |    🎯 ZEST: target 4.6%→7.1% — regime TD persisting 0.87 on an earned ledger (acc 0.84); room-to-structure defers to the trend [C340]
19:02:43 |    🌗 ZEST: short rides a STALE R-leg (β̂=+0.37) → damp ×0.80
19:02:43 |    🚫 ZEST: floor lift DENIED (C284: base<0.60, base 0.44) — score stays 0.16
19:02:43 |    ❌ ZEST: short scr=0.16 conf=0.49 → low score (<0.42)
19:02:43 |    ⚖️ C462-7 ZEST: penalties 0.44→0.16 (×0.37) vs bar 0.42 — the stack decided
19:02:44 |    ------------------------------------
19:02:44 |    🧬 JUP: breadth 4/5 → conviction 0.96 | cat=solana_eco/W-0.25(member) flow×1.06 | Sq=-0.03 fund=+0.005% OI=$6.4M CVD=+0.27 ofi=-0.15 book=+0.29
19:02:44 |    📄 JUP: news long sig=0.12 score=+0.06
19:02:44 |    🛑 JUP: projection 0.31% < 0.50% (ATR-relative) + MA-fan not accelerating (ma_fan=+0.03) → blocked
19:02:44 |    ------------------------------------
19:02:44 |    🧬 TUT: breadth 5/6 → conviction 0.89 | cat=mid/W+0.28(regime) meanrev×0.93 | Sq=-0.03 fund=+0.005% OI=$7.1M CVD=-0.21 ofi=-0.18 book=+0.07
19:02:44 |    · TUT: news ~market score=+0.06 (no coin-specific articles)
19:02:44 |    🎢→✅ TUT: parabola RESOLVED (pullback age 30c, recovered 4.2 ATR) → long allowed, penalty 15%
19:02:45 | ⚖️ TUT: long vs R=-0.59 ALLOWED — C264 term-structure inverted (β̂=+0.37, trend stale) → with-derivative, penalty 15% not block
19:02:45 |    🚫 TUT: counter-trend BLOCK — dir long vs market R=-0.25 AND orderliness 0.13<0.33 (noisy). Long-into-trend is ~45%% barrier-win; no orderliness to justify it [C386]
19:02:45 |    ------------------------------------
19:02:45 |    🧬 STX: breadth 4/6 → conviction 0.72 | cat=mid/W-0.28(regime) meanrev×1.08 | Sq=-0.05 fund=+0.009% OI=$4.5M CVD=-0.27 ofi=-0.07 book=+0.28
19:02:45 |    · STX: news ~market score=+0.06 (no coin-specific articles)
19:02:45 |    🎢→✅ STX: parabola RESOLVED (bounce age 0c, unwound 0.2 ATR, extreme re-touched) → short allowed, penalty 15%
19:02:45 |    🎯 STX: target 1.4%→2.1% — regime TD persisting 0.87 on an earned ledger (acc 0.84); room-to-structure defers to the trend [C340]
19:02:45 |    ☁️ STX: ichimoku B- persisting 0.91 WITH the short → score ×1.04 (earned ledger) [C343]
19:02:45 |    🌗 STX: short rides a STALE R-leg (β̂=+0.37) → damp ×0.80
19:02:46 |    ------------------------------------
19:02:46 |    🧬 GRASS: breadth 6/6 → conviction 1.00 | cat=depin/W+0.41(member) flow×1.14 | Sq=-0.03 fund=+0.005% OI=$5.3M CVD=+0.10 ofi=-0.30 book=-0.13
19:02:46 |    · GRASS: news ~market score=+0.06 (no coin-specific articles)
19:02:46 |    🎢 GRASS: long BLOCKED — broken-parabola bounce (day range 10×ATR, 2.7 ATR below the day high) → post-blow-off distribution risk
19:02:46 |       ⚖️ parabola → score ×0.82 (penalty, not a veto — must still clear the bar) [C403]
19:02:46 |    🛑 GRASS: projection 0.26% < 0.50% (ATR-relative) + MA-fan not accelerating (ma_fan=+0.00) → blocked
19:02:46 |    ------------------------------------
19:02:46 |    🧬 SPX: breadth 4/6 → conviction 0.69 | cat=mid/W+0.25(regime) meanrev×0.93 | Sq=-0.03 fund=+0.005% OI=$2.7M CVD=+0.29 ofi=-0.15 book=-0.29
19:02:46 |    · SPX: news ~market score=+0.06 (no coin-specific articles)
19:02:47 |    🛑 SPX: long opposes the latched DOWN-trend (R was -0.59 0min ago; now -0.59, 4h -0.62) — one weak print is a blip, not a turn [C339]
19:02:47 |    ------------------------------------
19:02:47 |    🧬 MAGMA: breadth 5/6 → conviction 0.84 | cat=wild/W+0.68(regime) meanrev×0.81 | Sq=-0.06 fund=+0.008% OI=$2.7M CVD=+0.13 ofi=-0.32 book=+0.16
19:02:47 |    · MAGMA: news ~market score=+0.06 (no coin-specific articles)
19:02:47 |    🛑 MAGMA: LONG at RSI 73 (overbought, stretched) → brake 8%
19:02:48 |    ☁️ MAGMA: ichimoku A+ persisting 0.79 WITH the long → score ×1.02 (earned ledger) [C343]
19:02:48 | ⚖️ MAGMA: long vs R=-0.59 ALLOWED — C264 term-structure inverted (β̂=+0.37, trend stale) → with-derivative, penalty 15% not block
19:02:48 |    🚫 MAGMA: counter-trend BLOCK — dir long vs market R=-0.25 AND orderliness 0.05<0.33 (noisy). Long-into-trend is ~45%% barrier-win; no orderliness to justify it [C386]
19:02:48 |    ------------------------------------
19:02:48 |    🧬 ORCA: breadth 6/6 → conviction 1.00 | cat=solana_eco/W-0.61(member) trend×1.06 | Sq=-0.03 fund=+0.005% OI=$0.9M CVD=+0.42 ofi=-0.07 book=+0.28
19:02:48 |    📄 ORCA: news long sig=0.12 score=+0.10
19:02:49 |    ☁️ ORCA: ichimoku A+ persisting 0.79 WITH the long → score ×1.02 (earned ledger) [C343]
19:02:49 | ⚖️ ORCA: long vs R=-0.59 ALLOWED — C264 term-structure inverted (β̂=+0.37, trend stale) → with-derivative, penalty 15% not block
19:02:49 |    🚫 ORCA: counter-trend BLOCK — dir long vs market R=-0.25 AND orderliness 0.29<0.33 (noisy). Long-into-trend is ~45%% barrier-win; no orderliness to justify it [C386]
19:02:49 |    ------------------------------------
19:02:49 |    🧬 KAITO: breadth 4/6 → conviction 0.71 | cat=mid/W-0.09(regime) meanrev×1.03 | Sq=-0.04 fund=+0.005% OI=$4.4M CVD=+0.47 ofi=-0.08 book=-0.00
19:02:49 |    · KAITO: news ~market score=+0.06 (no coin-specific articles)
19:02:50 |    🎯 KAITO: target 1.3%→2.8% — regime TD persisting 0.87 on an earned ledger (acc 0.84); room-to-structure defers to the trend [C340]
19:02:50 |    ☁️ KAITO: ichimoku B- persisting 0.91 WITH the short → score ×1.04 (earned ledger) [C343]
19:02:50 |    🌗 KAITO: short rides a STALE R-leg (β̂=+0.37) → damp ×0.80
19:02:50 |    🚫 KAITO: floor lift DENIED (C284: base<0.60, base 0.29) — score stays 0.11
19:02:50 |    ❌ KAITO: short scr=0.11 conf=0.46 → low score (<0.42)
19:02:50 |    ------------------------------------
19:02:50 |    🧬 VVV: breadth 5/6 → conviction 0.76 | cat=mid/W+0.28(regime) meanrev×0.92 | Sq=-0.03 fund=+0.005% OI=$5.6M CVD=+0.03 ofi=+0.28 book=+0.11
19:02:50 |    · VVV: news ~market score=+0.06 (no coin-specific articles)
19:02:50 |    🛑 VVV: long opposes the latched DOWN-trend (R was -0.59 1min ago; now -0.59, 4h -0.62) — one weak print is a blip, not a turn [C339]
19:02:51 |    ------------------------------------
19:02:51 |    🧬 GPS: breadth 4/6 → conviction 0.57 | cat=mid/W+0.19(regime) meanrev×0.95 | Sq=-0.08 fund=+0.011% OI=$1.1M CVD=+0.24 ofi=-0.35 book=+0.08
19:02:51 |    · GPS: news ~market score=+0.06 (no coin-specific articles)
19:02:51 |    🎢 GPS: long BLOCKED — broken-parabola bounce (day range 18×ATR, 3.8 ATR below the day high) → post-blow-off distribution risk
19:02:51 |       ⚖️ parabola → score ×0.82 (penalty, not a veto — must still clear the bar) [C403]
19:02:51 |    ☁️ GPS: ichimoku B- persisting 0.91 AGAINST the long → score ×0.96 (earned ledger) [C343]
19:02:51 | ⚖️ GPS: long vs R=-0.59 ALLOWED — C264 term-structure inverted (β̂=+0.37, trend stale) → with-derivative, penalty 15% not block
19:02:51 |    🚫 GPS: counter-trend BLOCK — dir long vs market R=-0.25 AND orderliness 0.06<0.33 (noisy). Long-into-trend is ~45%% barrier-win; no orderliness to justify it [C386]
19:02:52 |    ------------------------------------
19:02:52 |    🧬 NDX100: breadth 3/5 → conviction 0.53 | cat=wild/W+0.46(regime) meanrev×0.87 | Sq=+0.00 fund=+0.000% OI=$2.7M CVD=-0.29 ofi=+0.20 book=+0.28
19:02:52 |    · NDX100: news ~market score=+0.06 (no coin-specific articles)
19:02:52 |    🎢 NDX100: long BLOCKED — broken-parabola bounce (day range 11×ATR, 4.3 ATR below the day high) → post-blow-off distribution risk
19:02:52 |       ⚖️ parabola → score ×0.82 (penalty, not a veto — must still clear the bar) [C403]
19:02:52 |    ☁️ NDX100: ichimoku B- persisting 0.91 AGAINST the long → score ×0.96 (earned ledger) [C343]
19:02:52 | ⚖️ NDX100: long vs R=-0.59 ALLOWED — C264 term-structure inverted (β̂=+0.37, trend stale) → with-derivative, penalty 15% not block
19:02:52 |    🚫 NDX100: counter-trend BLOCK — dir long vs market R=-0.25 AND orderliness 0.11<0.33 (noisy). Long-into-trend is ~45%% barrier-win; no orderliness to justify it [C386]
19:02:52 |    ------------------------------------
19:02:52 |    🧬 COPPER: breadth 2/5 → conviction 0.49 | cat=calm/W-0.86(regime) meanrev×1.25 | Sq=-0.00 fund=+0.000% OI=$3.5M CVD=-0.60 ofi=-0.02 book=-0.20
19:02:52 |    · COPPER: news ~market score=+0.06 (no coin-specific articles)
19:02:52 |    ☁️ COPPER: ichimoku B- persisting 0.91 WITH the short → score ×1.04 (earned ledger) [C343]
19:02:52 |    ⚠️ COPPER: short into bullish rejection candle at RSI 38 (counter-signal) -> conviction x0.85
19:02:52 |    ⚡ COPPER: short wick rejection #1 → score×0.75
19:02:52 |    🌗 COPPER: short rides a STALE R-leg (β̂=+0.37) → damp ×0.80
19:02:52 |    ❌ COPPER: short scr=0.02 conf=0.31 → low score (<0.42)
19:02:52 | 📊 Step 3 result: 70 analyzed → 0 passed | low_confidence=5, low_score=20, mtf_disagree=3, regime_blip=11, ct_noisy_block=12, poor_reward_risk=2, flat_projection=5, flow_veto=1, low_quality=4, absorption_at_extreme=4, post_penalty_quality=1, proj_confirms_trend=1, reward_conviction=1
19:02:52 |    📌 Nearest miss: KERNEL score=0.755 (pre-pen 1.26) conf=0.522 quality=0.394/0.26 reason=reward_conviction needs 58%
19:02:52 |    📊 Top signals: rsi_v=+41.99 | perm_=+0.97 | vwdi=-0.80 | short=-0.65 | kalma=-0.65 | rqa_d=+0.61
19:02:52 |    🎯 Dir: short | Agreement: 21/34 (62%)
 
  19:02  up 0h25m  scan 3 ------------------------------------------------------------------------
  EQUITY    $253.78  unreal $+0.34
  OPEN      1 pos $34.98 (14%)  free $218.46
  ------------------------------------------------------------------------------------------------
  PAIR     SIDE       ENTRY      MARK    MOVE     P&L   AGE  THESIS
  KERNEL   SHORT   0.056370  0.055780  +1.05%   +0.34 1h25m  + 0% left
  ------------------------------------------------------------------------------------------------
  SESSION   $+0.97 +0.39%  peak $254.05  dd 0.11%
  CURVE     =+=+++
  DAY       real $-1.54  limit $9.48 (3.72%)  16% used
            ####......................
  MONTH     dial 15%  used $0.00 of $37.92  from $252.81
  RECORD    2 closed  2W 0L  win 100%  avg $+0.32/tr  best $+0.36  worst $+0.27
  LIFETIME  89tr 27W 62L 30%  $+3.44
  FEES      $0.02  mk3/tk1  0.008% of eq
  SCAN      802 > 70 > 0 passed  top KERNEL 0.75 (reward_conviction )  3 scans, 210 analysed
  MARKET    MIXED  bias -0.25  breadth +0.00  taker flow -0.02
  NEWS      35 articles  + tone +0.58  ONE +0.32  PEPE +0.25  ADA +0.25
  MOVERS    ALLO +34% #20  MET +31% cut  FIGHT +30% cut  SENT +25% #45
  TAPE      + +
  ------------------------------------------------------------------------------------------------
 
19:02:52 | 
19:02:52 | ============================================================
19:02:52 | 📊 POSITION SUMMARY (8-MIN UPDATE)
19:02:52 | 💰 Equity: $253.44 | Unrealized: $+0.34
19:02:52 | 💵 Available: $218.46 | Locked: $34.98
19:02:52 | 📈 Session: $+0.97 (+0.4%)
19:02:52 | 🎯 Win Rate: Overall 30% | Session 100% | Open 100%
19:02:52 | ============================================================
19:02:52 | 🔵 SHORT KERNEL
19:02:52 |    💰 Margin: $34.98 | Lev: 1x | Age: 86min
19:02:52 |    📊 Entry: $0.056370 → Now: $0.055780
19:02:52 |    📈 Move: +1.05% | PnL: $+0.33 (+1.0%)
19:02:52 |    🎲 KERNEL DRI: -0.072→ Δb=+0.035 | DSI: +0.000 Δb=-0.323 ➡️ μ=+0.06 | 🔴 thesis 0% left (DRI 67% / DSI 0%)
19:02:52 |    📊 Mom=-0.08, Vol=-0.00, Tec=-0.12, Ml=0.00, Wav=-0.00, Ofi=-0.52, Fun=0.67
19:02:52 |       Mul=-0.60, Pri=-0.29, Tim=0.00, Rvs=0.00, _hu=0.75, _ds=0.14
19:02:52 |    🎯 Strategy: trend_following | Conf: 0.677 | TF: 1h (hold≥10m)
19:02:52 |    📊 Flow(mkt): L/S=1.0 R=-0.05 taker=+0.01
19:02:53 |    📈 OI: neutral Δ=-2.6%
19:02:53 |    🫧 KERNEL FLOW [C401]: taker support +0.877 (entry +0.172, +0.705) 🟢 (instrumented, no exit wired)
19:02:53 |    📋 Limit Order Entry
19:02:53 |    📈 Peak PnL: +2.2%
19:02:53 | 
19:02:53 | ============================================================
19:02:53 | 🔻 Day: -0.60% realised (loss limit $9.48, 16% used · dial 15%/month) [C483]
19:02:53 | ============================================================
19:02:53 | 
19:05:05 |    🛡 C373: KERNEL capture held — +1.17% is 0.45R, floor 48.00% (1.0R); 88/120min into horizon [throttled 5min]
19:07:53 | 📋 STEP 1: Using cached 70 pairs (392s old, refresh at 480s)
19:07:53 | ━━━━━━━━━━━━━━━━━━━━━━━━━━━━━━━━━━━━━━━━━━━━━━━━━━
19:07:53 | 📋 STEP 2: MARKET ANALYSIS — News, Bias, Coherence
19:07:53 | ━━━━━━━━━━━━━━━━━━━━━━━━━━━━━━━━━━━━━━━━━━━━━━━━━━
19:07:54 |    🌍 C270 macro: NDX/SPX z=-0.08 gold z=-0.37 tone x1.00 sess w=1.00 -> tilt -0.008 | R -0.55->-0.56
19:07:54 | ✅ C79 RESULTANT: 1h=-0.19 4h=-0.57 12h=-0.69 R=-0.56 mag=0.56
19:07:54 | 🌗 C264 MTS INVERTED: β̂=+0.37 — momentum decays toward present (1h weakest); with-R entries damped, counter-R block relaxes
19:07:54 | 📰 News: 35 articles | 🔵 +0.58
19:07:54 | 📈 Market: 🔻BEARISH (blend=-0.25 R=-0.56) | 1h=-0.19 4h=-0.57 12h=-0.69 align=+0.21 macro=✓
19:07:54 | 📊 Regime: MIXED (0.47) | DFA=0.47 Ent=0.89 GARCH=0.0015
19:07:54 | 🎲 RegimeMarkov: state=TD → next most-likely TD (P=0.87, persist=0.87, conf=0.84, n=258) | calib[1153]: acc=0.84 brier=0.056
19:07:54 | 🎲 PairMarkov: calib[19518]: acc=1.00 brier=0.000 (baseline 0.160)
19:07:54 | 🎲 FamilyMarkov: calib[2165/120]: acc=1.00 brier=0.005 (base 0.020) skill=+76.1% [need +5%] EARNED [C342]
19:07:54 | 🎲 IchiMarkov: calib[19304/200]: acc=0.83 brier=0.128 (base 0.153) skill=+16.3% [need +5%] EARNED [C343]
19:07:54 | 🧮 S3-EV: calib[119]: acc=0.33 brier=0.332 (baseline 0.250)
19:07:54 | 🌊 Market coherence: 58% long (31↑ vs 22↓)
19:07:56 | 💰 Taker flow: 🔻 -0.31 (BTC=-0.20 ETH=-0.42)
19:07:56 | ━━━━━━━━━━━━━━━━━━━━━━━━━━━━━━━━━━━━━━━━━━━━━━━━━━
19:07:56 | 📋 STEP 3: PREDICTIVE ANALYSIS — Scoring each pair
19:07:56 | ━━━━━━━━━━━━━━━━━━━━━━━━━━━━━━━━━━━━━━━━━━━━━━━━━━
19:08:11 | 🌐 Market breadth -0.20 (OVERSOLD-heavy, 70 pairs) — fresh entries in that direction get a late-move brake
19:08:20 |    🛡 KERNEL: trail held OFF — target $0.050966 not reached yet (+0.8%). Banking early is the worst-paying exit there is [C415]
19:09:15 |    🏁 C467: the day is 1.48% against its 0.68% target — noted, and trading CONTINUES. Only a loss can end a day now; a good one is left to run.
19:10:17 |    🛡 C373: KERNEL capture held — +0.82% is 0.32R, floor 48.00% (1.0R); 93/120min into horizon [throttled 5min]
 
  19:10  up 0h33m  scan 3 ------------------------------------------------------------------------
  EQUITY    $253.61  unreal $+0.17
  OPEN      1 pos $34.98 (14%)  free $218.46
  ------------------------------------------------------------------------------------------------
  PAIR     SIDE       ENTRY      MARK    MOVE     P&L   AGE  THESIS
  KERNEL   SHORT   0.056370  0.056050  +0.57%   +0.17 1h33m  + 0% left
  ------------------------------------------------------------------------------------------------
  SESSION   $+0.80 +0.32%  peak $254.05  dd 0.17%
  CURVE     =+=++++
  DAY       real $-1.54  limit $9.48 (3.72%)  16% used
            ####......................
  MONTH     dial 15%  used $0.00 of $37.92  from $252.81
  RECORD    2 closed  2W 0L  win 100%  avg $+0.32/tr  best $+0.36  worst $+0.27
  LIFETIME  89tr 27W 62L 30%  $+3.44
  FEES      $0.02  mk3/tk1  0.008% of eq
  SCAN      802 > 70 > 0 passed  top KERNEL 0.75 (reward_conviction )  3 scans, 210 analysed
  MARKET    MIXED  bias -0.25  breadth -0.20  taker flow -0.60
  NEWS      35 articles  + tone +0.58  ONE +0.32  PEPE +0.25  ADA +0.25
  MOVERS    ALLO +34% #20  MET +31% cut  FIGHT +30% cut  SENT +25% #45
  TAPE      + +
  ------------------------------------------------------------------------------------------------
 
19:10:54 | 
19:10:54 | ============================================================
19:10:54 | 📊 POSITION SUMMARY (8-MIN UPDATE)
19:10:54 | 💰 Equity: $253.44 | Unrealized: $+0.17
19:10:54 | 💵 Available: $218.46 | Locked: $34.98
19:10:54 | 📈 Session: $+0.80 (+0.3%)
19:10:54 | 🎯 Win Rate: Overall 30% | Session 100% | Open 100%
19:10:54 | ============================================================
19:10:54 | 🔵 SHORT KERNEL
19:10:54 |    💰 Margin: $34.98 | Lev: 1x | Age: 94min
19:10:54 |    📊 Entry: $0.056370 → Now: $0.056050
19:10:54 |    📈 Move: +0.57% | PnL: $+0.17 (+0.6%)
19:10:54 |    🎲 KERNEL DRI: -0.089↗ Δb=+0.018 | DSI: +0.000 Δb=-0.323 ➡️ μ=-0.12 | 🔴 thesis 0% left (DRI 83% / DSI 0%)
19:10:54 |    📊 Mom=-0.09, Vol=-0.00, Tec=-0.13, Ml=0.06, Wav=0.01, Ofi=0.41, Fun=0.67
19:10:54 |       Mul=-0.44, Pri=-0.22, Tim=0.00, Rvs=0.00, _hu=0.75, _ds=0.12
19:10:54 |    🎯 Strategy: trend_following | Conf: 0.677 | TF: 1h (hold≥10m)
19:10:54 |    📊 Flow(mkt): L/S=1.1 R=-0.07 taker=-0.05
19:10:54 |    📈 OI: neutral Δ=-0.1%
19:10:54 |    🫧 KERNEL FLOW [C401]: taker support +0.031 (entry +0.172, -0.141) 🟠 (instrumented, no exit wired)
19:10:54 |    📋 Limit Order Entry
19:10:54 |    📈 Peak PnL: +2.2%
19:10:54 | 
19:10:54 | ============================================================
19:10:54 | 🔻 Day: -0.60% realised (loss limit $9.48, 16% used · dial 15%/month) [C483]
19:10:54 | ============================================================
19:10:54 | 
19:13:12 | ━━━━━━━━━━━━━━━━━━━━━━━━━━━━━━━━━━━━━━━━━━━━━━━━━━
19:13:12 | 📋 STEP 1: SCREENING — Scanning all futures markets
19:13:12 | ━━━━━━━━━━━━━━━━━━━━━━━━━━━━━━━━━━━━━━━━━━━━━━━━━━
19:13:15 |    🔄 C425 market list refreshed: 805 perps | NEW: POLYMARKET, URNM, WBD (was loaded once at connect and frozen for the session)
19:13:15 |    📊 C451-2 funding cross-section: 805 pairs, median +0.0050%, p90 +0.0100% — crowding is now read against the BOARD, not against a fixed number [throttled 30min]
19:13:15 | 🔍 Scanning 805 markets for lively pairs...
19:13:15 |    🕒 C408: RWA held out this scan — us_equity×315 · hk_equity×8 · korea_equity×3  (they print 24/7 but only inform in session)
19:13:15 | 📊 328 pairs meet volume threshold ($750,000 relative)
19:13:21 |    🗂 C417 DESKS — each market scanned on its own terms:
19:13:21 |         ● crypto       universe  465  floor $   300k  passed  125  analysing  60
19:13:21 |         ○ us_equity    US cash closed
19:13:21 |         ● index_future universe    3  floor $   300k  passed    2  analysing   2
19:13:21 |         ● metal        universe    8  floor $   893k  passed    5  analysing   5
19:13:21 |         ● energy       universe    3  floor $  2045k  passed    3  analysing   3
19:13:21 |         ○ korea_equity KRX closed
19:13:21 |         ○ hk_equity    HKEX closed
19:13:21 |         → 70 pairs into Step 3 across 4 open markets (one budget each, they ADD — a second market never shrinks the first)
19:13:21 | 🏆 Top 70 pairs (PREDICTIVE: freshness + projected + geometric)
19:13:21 |    1. BTC/USDT:USDT: Live=0.776 V=$2620.6M Chg=-0.2% Proj=+0.03 Geo=+0.056
19:13:21 |    2. ETH/USDT:USDT: Live=0.826 V=$1804.7M Chg=-1.2% Proj=+0.10 Geo=+0.082
19:13:21 |    3. XRP/USDT:USDT: Live=0.797 V=$481.6M Chg=+1.3% Proj=+0.18 Geo=+0.161
19:13:21 |    4. SOL/USDT:USDT: Live=0.680 V=$237.9M Chg=-0.4% Proj=+0.12 Geo=+0.023
19:13:21 |    5. BCH/USDT:USDT: Live=0.852 V=$100.6M Chg=+13.3% Proj=+0.31 Geo=+0.058
19:13:21 |    6. XAU/USDT:USDT: Live=0.904 V=$125.3M Chg=-1.2% Proj=+0.36 Geo=-0.047
19:13:21 |    7. NEAR/USDT:USDT: Live=0.692 V=$107.1M Chg=+5.3% Proj=+0.18 Geo=+0.076
19:13:21 |    8. DOGE/USDT:USDT: Live=0.785 V=$127.7M Chg=-0.3% Proj=+0.28 Geo=+0.031
19:13:21 |    9. MUBARAK/USDT:USDT: Live=0.580 V=$92.8M Chg=-23.6% Proj=+0.08 Geo=+0.180
19:13:21 |    10. UNI/USDT:USDT: Live=0.909 V=$83.0M Chg=+5.4% Proj=+0.43 Geo=+0.227
19:13:21 |    11. CL/USDT:USDT: Live=0.825 V=$69.1M Chg=+1.5% Proj=+0.34 Geo=+0.092
19:13:21 |    12. HYPE/USDT:USDT: Live=0.782 V=$81.1M Chg=+0.1% Proj=+0.32 Geo=+0.118
19:13:21 |    13. XAG/USDT:USDT: Live=0.551 V=$44.7M Chg=-1.8% Proj=+0.10 Geo=+0.001
19:13:21 |    14. SUI/USDT:USDT: Live=0.782 V=$60.5M Chg=-0.5% Proj=+0.34 Geo=+0.086
19:13:21 |    15. AVAX/USDT:USDT: Live=0.532 V=$37.7M Chg=-3.0% Proj=+0.10 Geo=+0.177
19:13:21 |    16. ADA/USDT:USDT: Live=0.870 V=$49.4M Chg=-1.0% Proj=+0.44 Geo=+0.175
19:13:21 |    17. LINK/USDT:USDT: Live=0.877 V=$30.3M Chg=-2.3% Proj=+0.45 Geo=+0.143
19:13:21 |    18. ARB/USDT:USDT: Live=0.753 V=$36.7M Chg=+5.5% Proj=+0.33 Geo=+0.250
19:13:21 |    19. BZ/USDT:USDT: Live=0.717 V=$20.4M Chg=+2.4% Proj=+0.30 Geo=+0.066
19:13:21 |    20. ENA/USDT:USDT: Live=0.536 V=$42.9M Chg=+0.4% Proj=+0.12 Geo=+0.041
19:13:21 |    21. ALLO/USDT:USDT: Live=0.635 V=$5.8M Chg=+36.1% Proj=+0.22 Geo=+0.120
19:13:21 |    22. PUMP/USDT:USDT: Live=0.789 V=$17.2M Chg=-6.8% Proj=+0.38 Geo=+0.211
19:13:21 |    23. NIL/USDT:USDT: Live=0.873 V=$31.1M Chg=+10.0% Proj=+0.47 Geo=+0.156
19:13:21 |    24. TRUMP/USDT:USDT: Live=0.729 V=$24.7M Chg=-2.0% Proj=+0.34 Geo=+0.236
19:13:21 |    25. APT/USDT:USDT: Live=0.738 V=$13.6M Chg=+7.4% Proj=+0.36 Geo=+0.026
19:13:21 |    26. PAXG/USDT:USDT: Live=0.637 V=$11.8M Chg=-1.2% Proj=+0.26 Geo=-0.011
19:13:21 |    27. BNB/USDT:USDT: Live=0.585 V=$19.0M Chg=-0.9% Proj=+0.21 Geo=+0.059
19:13:21 |    28. WLD/USDT:USDT: Live=0.677 V=$22.1M Chg=-1.6% Proj=+0.30 Geo=+0.051
19:13:21 |    29. ZRO/USDT:USDT: Live=0.628 V=$6.0M Chg=+19.6% Proj=+0.25 Geo=+0.052
19:13:21 |    30. HBAR/USDT:USDT: Live=0.898 V=$20.2M Chg=-1.9% Proj=+0.53 Geo=+0.217
19:13:21 |    31. ONDO/USDT:USDT: Live=0.641 V=$22.2M Chg=-0.5% Proj=+0.28 Geo=+0.026
19:13:21 |    32. XAUT/USDT:USDT: Live=0.693 V=$8.9M Chg=-1.2% Proj=+0.34 Geo=-0.015
19:13:21 |    33. COTI/USDT:USDT: Live=0.890 V=$4.8M Chg=+15.8% Proj=+0.53 Geo=+0.123
19:13:21 |    34. MARSCOIN/USDT:USDT: Live=0.570 V=$20.9M Chg=-0.7% Proj=+0.22 Geo=+0.117
19:13:21 |    35. AAVE/USDT:USDT: Live=0.785 V=$17.2M Chg=+1.7% Proj=+0.43 Geo=+0.122
19:13:21 |    36. XLM/USDT:USDT: Live=0.778 V=$18.8M Chg=-0.3% Proj=+0.43 Geo=+0.181
19:13:21 |    37. FARTCOIN/USDT:USDT: Live=0.653 V=$14.2M Chg=-3.0% Proj=+0.31 Geo=+0.212
19:13:21 |    38. WIF/USDT:USDT: Live=0.617 V=$8.5M Chg=-5.3% Proj=+0.28 Geo=+0.076
19:13:21 |    39. DOT/USDT:USDT: Live=0.678 V=$13.3M Chg=-1.7% Proj=+0.34 Geo=+0.091
19:13:21 |    40. RAY/USDT:USDT: Live=0.764 V=$3.7M Chg=+12.0% Proj=+0.43 Geo=+0.229
19:13:21 |    41. 龙虾/USDT:USDT: Live=0.610 V=$13.5M Chg=-11.3% Proj=+0.28 Geo=+0.196
19:13:21 |    42. CRV/USDT:USDT: Live=0.984 V=$6.5M Chg=-3.5% Proj=+0.67 Geo=+0.219
19:13:21 |    43. BTW/USDT:USDT: Live=0.535 V=$3.2M Chg=+10.2% Proj=+0.23 Geo=-0.003
19:13:21 |    44. SENT/USDT:USDT: Live=0.819 V=$1.0M Chg=+25.4% Proj=+0.52 Geo=+0.146
19:13:21 |    45. ICP/USDT:USDT: Live=0.649 V=$4.8M Chg=+5.1% Proj=+0.35 Geo=+0.038
19:13:21 |    46. NATGAS/USDT:USDT: Live=0.436 V=$4.7M Chg=+3.3% Proj=+0.14 Geo=-0.061
19:13:21 |    47. MINA/USDT:USDT: Live=0.659 V=$5.5M Chg=+6.5% Proj=+0.36 Geo=+0.165
19:13:21 |    48. ACE/USDT:USDT: Live=0.926 V=$1.9M Chg=+15.6% Proj=+0.63 Geo=+0.184
19:13:21 |    49. CHR/USDT:USDT: Live=0.547 V=$5.2M Chg=+17.3% Proj=+0.26 Geo=+0.157
19:13:21 |    50. PYTH/USDT:USDT: Live=0.558 V=$6.3M Chg=+5.5% Proj=+0.27 Geo=+0.017
19:13:21 |    51. SHIB/USDT:USDT: Live=0.537 V=$8.9M Chg=-0.4% Proj=+0.25 Geo=+0.148
19:13:21 |    52. KERNEL/USDT:USDT: Live=0.608 V=$4.9M Chg=-6.0% Proj=+0.32 Geo=+0.069
19:13:21 |    53. SEI/USDT:USDT: Live=0.692 V=$7.1M Chg=-1.1% Proj=+0.41 Geo=+0.078
19:13:21 |    54. ASTER/USDT:USDT: Live=0.644 V=$5.2M Chg=-1.4% Proj=+0.37 Geo=+0.159
19:13:21 |    55. JUP/USDT:USDT: Live=0.684 V=$3.7M Chg=+2.7% Proj=+0.41 Geo=+0.024
19:13:21 |    56. TUT/USDT:USDT: Live=0.623 V=$2.9M Chg=+7.5% Proj=+0.36 Geo=+0.108
19:13:21 |    57. GRASS/USDT:USDT: Live=0.625 V=$2.5M Chg=+8.1% Proj=+0.36 Geo=-0.068
19:13:21 |    58. GRT/USDT:USDT: Live=0.618 V=$1.2M Chg=+13.7% Proj=+0.36 Geo=+0.025
19:13:21 |    59. MAGMA/USDT:USDT: Live=0.786 V=$1.3M Chg=+11.7% Proj=+0.53 Geo=+0.202
19:13:21 |    60. PENDLE/USDT:USDT: Live=0.515 V=$3.2M Chg=-2.2% Proj=+0.27 Geo=+0.022
19:13:21 |    61. ZEST/USDT:USDT: Live=0.723 V=$1.2M Chg=+17.3% Proj=+0.48 Geo=+0.130
19:13:21 |    62. SPX/USDT:USDT: Live=0.464 V=$2.2M Chg=-6.5% Proj=+0.22 Geo=+0.145
19:13:21 |    63. STX/USDT:USDT: Live=0.762 V=$1.5M Chg=-6.7% Proj=+0.53 Geo=+0.178
19:13:21 |    64. ORCA/USDT:USDT: Live=0.669 V=$0.7M Chg=+6.3% Proj=+0.44 Geo=-0.007
19:13:21 |    65. KAITO/USDT:USDT: Live=0.587 V=$3.2M Chg=+1.7% Proj=+0.37 Geo=+0.055
19:13:21 |    66. SYN/USDT:USDT: Live=0.512 V=$1.4M Chg=-10.0% Proj=+0.29 Geo=+0.112
19:13:21 |    67. ATOM/USDT:USDT: Live=0.548 V=$2.1M Chg=+3.0% Proj=+0.33 Geo=-0.021
19:13:21 |    68. AXS/USDT:USDT: Live=0.513 V=$1.4M Chg=+5.0% Proj=+0.29 Geo=+0.094
19:13:21 |    69. COPPER/USDT:USDT: Live=0.011 V=$0.9M Chg=-1.3% Proj=-0.18 Geo=+0.102
19:13:21 |    70. NDX100/USDT:USDT: Live=-0.339 V=$0.9M Chg=+0.1% Proj=-0.46 Geo=-0.045
19:13:21 |    🪞 C266 board-parity (top movers vs screen): ALLO +36%[#21] | MET +32%[Live=0.44<cut] | FIGHT +27%[Live=0.45<cut] | SENT +25%[#44] | MUBARAK -24%[#9]
19:13:21 |    🔬 BTC geo: slope=+0.037 rough=-0.021 pure=+0.039
19:13:21 |    🔬 ETH geo: slope=+0.058 rough=-0.021 harm=+0.005 pure=+0.040
19:13:21 |    🔬 XRP geo: slope=+0.115 pure=+0.046
19:13:21 | 📦 OHLCV cache: 152 pairs cached for quick_scan
19:13:21 |    📰 C421-4: news layer now covering 60 screened pairs; 52 have a resolvable coin name from venue metadata (the old typed map held 24 majors and the query asked only about bitcoin/ethereum)
19:13:21 | ━━━━━━━━━━━━━━━━━━━━━━━━━━━━━━━━━━━━━━━━━━━━━━━━━━
19:13:21 | 📋 STEP 2: MARKET ANALYSIS — News, Bias, Coherence
19:13:21 | ━━━━━━━━━━━━━━━━━━━━━━━━━━━━━━━━━━━━━━━━━━━━━━━━━━
19:13:23 |    🌍 C270 macro: NDX/SPX z=-0.89 gold z=-0.76 tone x1.00 sess w=1.00 -> tilt -0.089 | R -0.55->-0.64
19:13:23 | ✅ C79 RESULTANT: 1h=-0.19 4h=-0.57 12h=-0.69 R=-0.64 mag=0.64
19:13:23 | 🌗 C264 MTS INVERTED: β̂=+0.32 — momentum decays toward present (1h weakest); with-R entries damped, counter-R block relaxes
19:13:24 | 📰 News: 65 articles | Market sentiment: 🔵 +0.54
19:13:24 | 📰 News: 65 articles | 🔵 +0.54
19:13:24 | 📈 Market: 🔻BEARISH (blend=-0.30 R=-0.64) | 1h=-0.19 4h=-0.57 12h=-0.69 align=+0.21 macro=✓
19:13:24 | 📊 Regime: MIXED (0.47) | DFA=0.47 Ent=0.89 GARCH=0.0015
19:13:24 | 🎲 RegimeMarkov: state=TD → next most-likely TD (P=0.87, persist=0.87, conf=0.84, n=259) | calib[1154]: acc=0.84 brier=0.056
19:13:24 | 🎲 PairMarkov: calib[19518]: acc=1.00 brier=0.000 (baseline 0.160)
19:13:24 | 🎲 FamilyMarkov: calib[2165/120]: acc=1.00 brier=0.005 (base 0.020) skill=+76.1% [need +5%] EARNED [C342]
19:13:24 | 🎲 IchiMarkov: calib[19304/200]: acc=0.83 brier=0.128 (base 0.153) skill=+16.3% [need +5%] EARNED [C343]
19:13:24 | 🧮 S3-EV: calib[119]: acc=0.33 brier=0.332 (baseline 0.250)
19:13:24 | 🌊 Market coherence: 56% long (32↑ vs 25↓)
19:13:25 | 💰 Taker flow: 🔻 -0.13 (BTC=-0.20 ETH=-0.06)
19:13:25 | ━━━━━━━━━━━━━━━━━━━━━━━━━━━━━━━━━━━━━━━━━━━━━━━━━━
19:13:25 | 📋 STEP 3: PREDICTIVE ANALYSIS — Scoring each pair
19:13:25 | ━━━━━━━━━━━━━━━━━━━━━━━━━━━━━━━━━━━━━━━━━━━━━━━━━━
19:13:43 |    📚 PairProfiles: 429 pairs in persistent baseline (152/152 mature this scan)
19:13:43 |    ------------------------------------
19:13:43 |    🧬 SYN: breadth 3/6 → conviction 0.59 | cat=defi/W+0.18(member) flow×1.08 | Sq=-0.03 fund=+0.005% OI=$1.2M CVD=-0.27 ofi=-0.10 book=-0.15
19:13:43 |    🌍 C396 session tilt: Europe (13h UTC) → entry score ×1.12 [measured 55.9% Europe vs 46.5% Asia barrier-win]
19:13:43 |    📄 SYN: news long sig=0.12 score=+0.06
19:13:44 |    ⚖️ C467: SYN E=-0.050R is below the +0.000R bar, but the probability feeding E has NO measured skill (Brier skill ≤ 0), so E does not get a veto — score taxed 3% instead and the other gates decide. The veto returns automatically when p starts beating a coin flip [C467, throttled 10min]
19:13:44 |    🛑 SYN: long opposes the latched DOWN-trend (R was -0.59 1min ago; now -0.64, 4h -0.62) — one weak print is a blip, not a turn [C339]
19:13:44 |    ------------------------------------
19:13:44 |    🧬 ATOM: breadth 3/6 → conviction 0.45 | cat=l1/W-0.37(member) trend×1.12 | Sq=-0.06 fund=+0.008% OI=$6.7M CVD=-0.49 ofi=+0.40 book=+0.11
19:13:44 |    · ATOM: news ~market score=+0.06 (no coin-specific articles)
19:13:45 |    🎯 ATOM: target 1.6%→2.1% — regime TD persisting 0.87 on an earned ledger (acc 0.84); room-to-structure defers to the trend [C340]
19:13:45 |    🌗 ATOM: short rides a STALE R-leg (β̂=+0.32) → damp ×0.88
19:13:45 |    ❌ ATOM: short scr=0.06 conf=0.24 → low confidence
19:13:45 |    ------------------------------------
19:13:45 |    🧬 AXS: breadth 4/6 → conviction 0.52 | cat=gaming/W-0.22(member) meanrev×1.17 | Sq=-0.03 fund=+0.005% OI=$3.3M CVD=+0.43 ofi=+0.08 book=-0.01
19:13:45 |    🧭 C403 flow term: takers are -0.32 AGAINST this short → score ×0.968
19:13:45 |    · AXS: news ~market score=+0.06 (no coin-specific articles)
19:13:45 |    🎯 AXS: target 0.7%→2.2% — regime TD persisting 0.87 on an earned ledger (acc 0.84); room-to-structure defers to the trend [C340]
19:13:45 |    ☁️ AXS: ichimoku B- persisting 0.91 WITH the short → score ×1.04 (earned ledger) [C343]
19:13:45 |    🌗 AXS: short rides a STALE R-leg (β̂=+0.32) → damp ×0.88
19:13:45 |    ❌ AXS: short scr=0.02 conf=0.33 → low score (<0.42)
19:13:45 | 📊 Step 3 result: 3 analyzed (+67 cached this 15m candle) → 0 passed | low_confidence=6, low_score=21, mtf_disagree=3, regime_blip=10, ct_noisy_block=11, poor_reward_risk=2, flat_projection=5, flow_veto=1, absorption_at_extreme=4, post_penalty_quality=1, low_quality=4, proj_confirms_trend=1, reward_conviction=1
19:13:45 |    📌 Nearest miss: ATOM score=0.064 (pre-pen 0.16) conf=0.239 quality=0.015/0.26 reason=confidence 0.239 < 0.3
19:13:45 |    📊 Top signals: rsi_v=+55.15 | perm_=+0.97 | capit=-0.50 | calcu=+0.50 | real_=-0.49 | hurst=+0.48
19:13:45 |    🎯 Dir: short | Agreement: 11/28 (39%)
19:15:17 |    🛡 C373: KERNEL capture held — +0.73% is 0.28R, floor 48.00% (1.0R); 98/120min into horizon [throttled 5min]
