17:35:30 | 📐 C369 DAILY BUDGET @ $50.00  [provisional — recomputed after state load]
17:35:30 |    smallest orderable trade risks 0.300% of equity
17:35:30 |    day-end barrier +/-0.91% (= 20% declared monthly drawdown / 22) — NOT a daily earnings goal; expected daily return +0.182% at a 60% DAILY win rate → +4.08%/month [C426-2]
17:35:30 |    target 0.91%/day — ONE budget, single mode (HP ladder retired, C403-3); day ends on the cap
17:35:30 |    day cap 0.91%  |  per-trade risk 0.455%  |  break-even WR 50.0% AT 1:1 PAYOFF — no R-denominated payoff measured yet, so the honest break-even is the 1:1 figure above and nothing better [C406/C463-10]
17:35:30 |    projected month: +0.00% @50%WR  +4.08% @60%WR  +8.31% @70%WR
17:35:30 |    ceiling: even a PERFECT month cannot exceed 22.03% at this target
17:35:30 | 📊 Paper Mode
17:35:35 | ✅ Connected | 802 futures markets
17:35:35 | 📊 Bitget Fees: Maker 0.02% | Taker 0.06%
17:35:35 | 📊 Market type: PERPETUAL FUTURES (swap) — verified
17:35:35 | 📋 Limit Orders: ENABLED (offset 0.1%)
17:35:35 | 📂 Loaded state: $252.81 | 0 positions | available $252.81 (locked $0.00)
17:35:35 | 📐 C369 DAILY BUDGET @ $252.81
17:35:35 |    smallest orderable trade risks 0.059% of equity
17:35:35 |    day-end barrier +/-0.68% (= 15% declared monthly drawdown / 22) — NOT a daily earnings goal; expected daily return +0.136% at a 60% DAILY win rate → +3.04%/month [C426-2]
17:35:35 |    target 0.68%/day — ONE budget, single mode (HP ladder retired, C403-3); day ends on the cap
17:35:35 |    day cap 0.68%  |  per-trade risk 0.341%  |  break-even WR 50.0% AT 1:1 PAYOFF — at the measured 0.36 payoff (5W/5L in R) it is 73%, which is the number that matters [C406/C463-10]
17:35:35 |    projected month: +0.00% @50%WR  +3.04% @60%WR  +6.17% @70%WR
17:35:35 |    ceiling: even a PERFECT month cannot exceed 16.12% at this target
 
  ================================================================================================
  OMEGA C482  PAPER  Bitget perps
  23 Sep 2026   17:35
  start $252.81  day -0.68% loss
  ================================================================================================
 
17:35:35 | ⚠️ Flask not available - web dashboard disabled
17:35:35 | 🌐 Remote control on http://0.0.0.0:8138 — TOKEN REQUIRED
17:35:35 |    📱 Same WiFi: http://10.0.0.160:8138/?t=<your token>
17:35:35 |    🌍 Internet: put a Cloudflare Tunnel in front of this port.
17:35:35 |        See deploy/DEPLOY.md — one command, no open ports, free.
17:35:35 | ============================================================
17:35:35 | 🤖 OMEGA V60 — INFORMATION ENGINE (C466)
17:35:35 |    🧪 C364 PAPER=LIVE PARITY — costs modelled in paper:
17:35:35 |       • entries: post-only, REJECTED if the limit would cross (mirrors C363 live)
17:35:35 |       • market fills: lift the ASK / hit the BID — never the last price
17:35:35 |       • exit fee: taker on current notional
17:35:35 |       • funding: charged per 8h settlement crossed
17:35:35 |       NOT modelled: partial fills, API outages, queue position.
17:35:35 | ============================================================
17:35:35 | 🧮 EVAL WINDOW W2: 22/100 trades completed so far — PAYOFF BUILD (C284: winners ride, weak lifts blocked)
17:35:35 | 🔒 Score floor reset: 0.32 (single mode — HP retired at C403-3)
17:35:35 | 🧮 C458 EDGE STATE — what the ledger permits today:
17:35:35 |    realised 3W/17L → shrunk base rate 0.325; fair odds for a 2.00R target are 0.333
17:35:35 |    blended edge -0.0258  (prior +0.0467 x0.60 + realised -0.1346 x0.40 (n=20; anchored on realised payoff 0.36 (5W/14L in R) (break-even wr 0.734 vs realised 0.325 = e -0.4086) x extrapolation shrink 0.33 to T 1.41R))
17:35:35 |    ⚠️ THE EDGE IS NOT POSITIVE, so the E≥0 floor admits nothing and the gate is CORRECTLY shut. This is not a fault and it is not a quiet tape.
17:35:35 |    → C458-17 exploration will take up to 4 MINIMUM-SIZE trades/day after 10 empty scans, purely to rebuild the sample. Worst case ≈ $0.60/day.
17:35:35 |    → C458-16's rung is what reverses it: a trade that peaks at the rung and returns books a small WIN instead of a full loss, which RAISES the base rate, which opens this gate on its own. The loop runs the right way round for the first time.
17:35:35 | 📋 Version history: see CHANGELOG.md (auto-updated each revision)
17:35:35 | ============================================================
17:35:35 | 📊 ARCHITECTURE — what is actually running:
17:35:35 |   1 SCANNER    756 markets → volume floor → top 30 by liveliness
17:35:35 |   2 ENTRY      11 signal components → one score; only 3 hard vetoes
17:35:35 |                (can't pay fees / no room to stop / not tradeable).
17:35:35 |                Everything else is a weighted penalty [C403-5].
17:35:35 |                EXPECTANCY GATE [C404/C405]: R = proj×√t ÷ stop,
17:35:35 |                E = p(R×0.60)−(1−p); E must clear 0 AND the live percentile bar.
17:35:35 |                TRADES/DAY [C467]: NO CAP. No count target, no hard cap, no per-scan limit. 2/pair still applies (that is concentration, not pace).
17:35:35 |                What refuses a trade now: the three hard vetoes only — can't pay fees, no room to stop, not tradeable. E<0 is a PENALTY while p has no measured skill [C467].
17:35:35 |   3 MONITOR    SPLIT LOOP [C397]: prices every 0.8s (stop, floors);
17:35:35 |                OHLCV/DRI every 20s; regime every 90s, AFTER positions.
17:35:35 |   4 EXIT       4 questions: HARD STOP · THESIS DEAD (C399 retention)
17:35:35 |                · PROFIT FLOOR (C397 runner floor binds) · TIME.
17:35:35 |                Loss patience is BOUNDED at 1.35× the soft limit [C404-2].
17:35:35 |   SESSIONS     when each market DISCOVERS its price, in IST (US is currently on EDT):
17:35:35 |                crypto        24/7        · metals+energy  Globex ~24/5
17:35:35 |                US equity     19:00–01:30 IST  (a NIGHT session from India)
17:35:35 |                index futures Globex ~24/5 (SP500/NDX100 are futures, not cash)
17:35:35 |                Korea (KRX)   05:30–12:00 IST · HK  07:00–13:30 IST (lunch 09:30–10:30)
17:35:35 |                ● OPEN  crypto        24/7
17:35:35 |                ○ shut  us_equity     US cash closed
17:35:35 |                ● OPEN  index_future  Globex index
17:35:35 |                ● OPEN  metal         Globex
17:35:35 |                ○ shut  korea_equity  KRX closed
17:35:35 |                ○ shut  hk_equity     HKEX closed
17:35:35 |   UNIVERSE     crypto + 294 RWA perps (stocks/metals/energy/ETFs),
17:35:35 |                session-gated; leverage scaled to each instrument's own ATR;
17:35:35 |                fee burden inside E. ONE POOL, no per-class quota [C409].
17:35:35 |                WHY: crypto alive 39.3% of bars, ANY asset alive 59.8%
17:35:35 |                (+20.5pp). Cross-class aliveness corr +0.04/+0.14 vs
17:35:35 |                crypto's OWN internal factor corr +0.925 — real diversification.
17:35:35 |   EDGES        C398 capitulation tilt (down-side only, +4.67pp measured)
17:35:35 |                C396 session tilt · C401 taker-flow (instrumented)
17:35:35 |                C403-7 flow term ±10% on direction
17:35:35 |   RETIRED      HP phase ladder (C403-3: 5 incident classes, 0 benefit)
17:35:35 |                Guardian + C329 (C403-4: 4 controllers, none knew the risk)
17:35:35 |                per-symbol learning (C403-2: needs ~10 months of trades)
17:35:35 |                DSI+DRI divergence / DRI HARD (C399: unreachable by construction)
17:35:35 | ============================================================
17:35:35 | ============================================================
17:35:35 | ✅ DRI SYSTEM (11 components, renormalised to exactly 1.0 [C400]):
17:35:35 |    Threshold: 0.3 | Hard: 0.5
17:35:35 |    Weights: Mom=0.18 Tech=0.16 Vol=0.11
17:35:35 |    ML=0.04 Wave=0.04 OFI=0.06
17:35:35 |    Fund=0.05 MTF=0.06 RVS=0.07
17:35:35 |    PA=0.15(dyn→0.45) Time=0.10 — nominal sum 1.02, rescaled to 1.00 at runtime [C400: was 1.113]
17:35:35 |    DSI = 6 of those 11 (Mom/Vol/Tech/ML/Wave/MTF, sum 0.59) inverted, Hurst-modulated, now unit-scaled [C400]
17:35:35 |    READ THEM AS: DRI negative = reversal thesis STRONG; DRI→0 = thesis DYING. DSI positive = sustainable; DSI→0 = spent.
17:35:35 |    Updates: every 20s (15m candles do not move faster; prices stay on the 0.8s leg)
17:35:35 | ============================================================
17:35:35 | 📋 CONFIGURATION:
17:35:35 |    💰 Equity: $252.81 | Available: $252.81
17:35:35 |    📊 Position Sizing: Dynamic allocation, min $5.0 | 3-5 positions
17:35:35 |    🎲 Leverage: 1x-10x  (single mode — HP retired, C403-3)
17:35:35 |    📋 Limit Orders: ON | Maker 0.02% Taker 0.06%
17:35:35 |    🎯 Day target: 0.682% (one budget, governed by the day cap — no phase ladder)
17:35:35 |    🛡️ Drawdown: Warn -2.0% | Pause -3.0% | Stop -5.0% | Emergency -20.0%
17:35:35 |    ⏱️ Prices 0.8s | DRI 20s | Summary 480s | Min age 15min
17:35:35 |    🧠 Shared learning ON (Markov chains, calibration). Per-symbol memory OFF [C403-2].
17:35:35 | ============================================================
17:35:35 | 📊 MODE: NORMAL
17:35:35 |    Normal start: $250.00
17:35:35 | ============================================================
17:35:35 | 💡 Press Ctrl+C to stop safely
17:35:35 | ============================================================
17:35:35 | 🔄 Monitoring thread started — SPLIT LOOP [C397]: FAST leg every 0.8s (prices in PARALLEL → hard stop, trailing floor, peak floor, capture floor); SLOW leg every 20s (OHLCV/DRI) and 90s (BTC/ETH regime, AFTER positions are checked, never before)
17:35:35 |    📅 C482 month anchor 2026-09: $252.81 (budget 15% = $37.92)
17:35:35 | ⚠️ C58: Cache empty — forcing scan refresh
17:35:35 | ━━━━━━━━━━━━━━━━━━━━━━━━━━━━━━━━━━━━━━━━━━━━━━━━━━
17:35:35 | 📋 STEP 1: SCREENING — Scanning all futures markets
17:35:35 | ━━━━━━━━━━━━━━━━━━━━━━━━━━━━━━━━━━━━━━━━━━━━━━━━━━
17:35:36 |    📊 C451-2 funding cross-section: 802 pairs, median +0.0050%, p90 +0.0100% — crowding is now read against the BOARD, not against a fixed number [throttled 30min]
17:35:36 | 🔍 Scanning 802 markets for lively pairs...
17:35:36 |    🕒 C408: RWA held out this scan — us_equity×312 · hk_equity×8 · korea_equity×3  (they print 24/7 but only inform in session)
17:35:36 | 📊 329 pairs meet volume threshold ($750,000 relative)
17:35:36 |    🧮 C424 phase-2 caps ADD per desk: crypto 125/319 · energy 3/3 · index_future 2/2 · metal 5/5 = 135 (a global cap let a busy desk crowd out a quiet one; C417 already ruled that comparison meaningless) [throttled 15min]
17:35:42 |    🗂 C417 DESKS — each market scanned on its own terms:
17:35:42 |         ● crypto       universe  465  floor $   300k  passed  125  analysing  60
17:35:42 |         ○ us_equity    US cash closed
17:35:42 |         ● index_future universe    3  floor $   300k  passed    2  analysing   2
17:35:42 |         ● metal        universe    8  floor $   893k  passed    5  analysing   5
17:35:42 |         ● energy       universe    3  floor $  2152k  passed    3  analysing   3
17:35:42 |         ○ korea_equity KRX closed
17:35:42 |         ○ hk_equity    HKEX closed
17:35:42 |         → 70 pairs into Step 3 across 4 open markets (one budget each, they ADD — a second market never shrinks the first)
17:35:42 | 🏆 Top 70 pairs (PREDICTIVE: freshness + projected + geometric)
17:35:42 |    1. BTC/USDT:USDT: Live=1.096 V=$2593.5M Chg=-0.5% Proj=+0.35 Geo=+0.095
17:35:42 |    2. ETH/USDT:USDT: Live=1.070 V=$1841.9M Chg=-0.7% Proj=+0.35 Geo=+0.096
17:35:42 |    3. XRP/USDT:USDT: Live=1.095 V=$482.1M Chg=+1.8% Proj=+0.48 Geo=+0.226
17:35:42 |    4. ZEC/USDT:USDT: Live=0.600 V=$260.9M Chg=+5.6% Proj=+0.01 Geo=-0.056
17:35:42 |    5. SOL/USDT:USDT: Live=1.067 V=$233.4M Chg=-0.4% Proj=+0.51 Geo=+0.100
17:35:42 |    6. DOGE/USDT:USDT: Live=0.615 V=$130.3M Chg=+1.4% Proj=+0.10 Geo=+0.149
17:35:42 |    7. XAU/USDT:USDT: Live=0.937 V=$114.5M Chg=-0.3% Proj=+0.43 Geo=+0.044
17:35:42 |    8. MUBARAK/USDT:USDT: Live=0.828 V=$97.5M Chg=-17.4% Proj=+0.33 Geo=+0.228
17:35:42 |    9. NEAR/USDT:USDT: Live=0.935 V=$99.2M Chg=+1.6% Proj=+0.44 Geo=+0.115
17:35:42 |    10. PEPE/USDT:USDT: Live=1.004 V=$72.7M Chg=-3.8% Proj=+0.51 Geo=+0.204
17:35:42 |    11. HYPE/USDT:USDT: Live=0.871 V=$85.4M Chg=-0.5% Proj=+0.39 Geo=+0.145
17:35:42 |    12. CL/USDT:USDT: Live=0.815 V=$70.3M Chg=+0.6% Proj=+0.35 Geo=+0.020
17:35:42 |    13. ADA/USDT:USDT: Live=0.844 V=$51.7M Chg=+1.5% Proj=+0.40 Geo=+0.149
17:35:42 |    14. SUI/USDT:USDT: Live=0.780 V=$60.2M Chg=-0.3% Proj=+0.34 Geo=+0.007
17:35:42 |    15. ARB/USDT:USDT: Live=0.827 V=$37.0M Chg=+7.6% Proj=+0.39 Geo=+0.140
17:35:42 |    16. XAG/USDT:USDT: Live=0.844 V=$46.8M Chg=-0.9% Proj=+0.41 Geo=+0.097
17:35:42 |    17. PUMP/USDT:USDT: Live=0.870 V=$17.5M Chg=-9.0% Proj=+0.44 Geo=+0.189
17:35:42 |    18. TAO/USDT:USDT: Live=0.925 V=$24.9M Chg=-4.9% Proj=+0.50 Geo=+0.190
17:35:42 |    19. BZ/USDT:USDT: Live=0.725 V=$21.5M Chg=+1.9% Proj=+0.30 Geo=+0.013
17:35:42 |    20. ENA/USDT:USDT: Live=0.744 V=$42.9M Chg=+0.8% Proj=+0.32 Geo=+0.075
17:35:42 |    21. LINK/USDT:USDT: Live=0.757 V=$29.6M Chg=-1.6% Proj=+0.34 Geo=+0.092
17:35:42 |    22. MET/USDT:USDT: Live=0.675 V=$5.9M Chg=+37.0% Proj=+0.26 Geo=+0.242
17:35:42 |    23. ZRO/USDT:USDT: Live=0.734 V=$6.1M Chg=+24.1% Proj=+0.33 Geo=+0.181
17:35:42 |    24. LTC/USDT:USDT: Live=0.805 V=$25.0M Chg=+2.5% Proj=+0.40 Geo=+0.154
17:35:42 |    25. PONS/USDT:USDT: Live=0.862 V=$17.0M Chg=+10.0% Proj=+0.47 Geo=+0.199
17:35:42 |    26. TRUMP/USDT:USDT: Live=0.607 V=$28.1M Chg=+0.4% Proj=+0.23 Geo=+0.225
17:35:42 |    27. XLM/USDT:USDT: Live=0.560 V=$20.4M Chg=+1.8% Proj=+0.18 Geo=+0.185
17:35:42 |    28. AAVE/USDT:USDT: Live=0.679 V=$16.2M Chg=+3.9% Proj=+0.30 Geo=+0.054
17:35:42 |    29. FIL/USDT:USDT: Live=0.820 V=$16.6M Chg=+3.0% Proj=+0.45 Geo=+0.057
17:35:42 |    30. ONE/USDT:USDT: Live=0.573 V=$16.3M Chg=-14.8% Proj=+0.21 Geo=+0.107
17:35:42 |    31. NATGAS/USDT:USDT: Live=0.815 V=$4.4M Chg=+7.1% Proj=+0.45 Geo=+0.141
17:35:42 |    32. ETC/USDT:USDT: Live=0.600 V=$8.9M Chg=+7.0% Proj=+0.24 Geo=-0.013
17:35:42 |    33. HBAR/USDT:USDT: Live=0.907 V=$19.6M Chg=+0.9% Proj=+0.55 Geo=+0.219
17:35:42 |    34. 1000BONK/USDT:USDT: Live=0.766 V=$9.5M Chg=+11.6% Proj=+0.41 Geo=+0.101
17:35:42 |    35. WIF/USDT:USDT: Live=0.633 V=$11.4M Chg=-5.7% Proj=+0.29 Geo=+0.139
17:35:42 |    36. KERNEL/USDT:USDT: Live=0.618 V=$5.9M Chg=-9.1% Proj=+0.28 Geo=+0.125
17:35:42 |    37. LSK/USDT:USDT: Live=0.828 V=$7.9M Chg=-7.2% Proj=+0.49 Geo=+0.097
17:35:42 |    38. USELESS/USDT:USDT: Live=0.715 V=$13.5M Chg=+2.1% Proj=+0.39 Geo=+0.059
17:35:42 |    39. XMR/USDT:USDT: Live=0.790 V=$6.5M Chg=-2.3% Proj=+0.47 Geo=+0.081
17:35:42 |    40. ZEST/USDT:USDT: Live=0.606 V=$1.0M Chg=+29.8% Proj=+0.29 Geo=+0.189
17:35:42 |    41. ICP/USDT:USDT: Live=0.912 V=$3.9M Chg=+6.7% Proj=+0.60 Geo=+0.186
17:35:42 |    42. ZETA/USDT:USDT: Live=0.766 V=$6.2M Chg=-5.8% Proj=+0.45 Geo=+0.060
17:35:42 |    43. PAXG/USDT:USDT: Live=0.797 V=$10.6M Chg=-0.3% Proj=+0.48 Geo=+0.052
17:35:42 |    44. BGB/USDT:USDT: Live=0.997 V=$3.8M Chg=-2.4% Proj=+0.69 Geo=+0.143
17:35:42 |    45. XAUT/USDT:USDT: Live=0.810 V=$8.9M Chg=-0.3% Proj=+0.51 Geo=+0.076
17:35:42 |    46. APE/USDT:USDT: Live=0.662 V=$3.0M Chg=+9.7% Proj=+0.36 Geo=+0.029
17:35:42 |    47. SKY/USDT:USDT: Live=0.602 V=$2.5M Chg=+9.5% Proj=+0.30 Geo=-0.009
17:35:42 |    48. FIGHT/USDT:USDT: Live=1.035 V=$1.0M Chg=+44.6% Proj=+0.74 Geo=+0.187
17:35:42 |    49. RAY/USDT:USDT: Live=0.914 V=$3.4M Chg=+6.8% Proj=+0.62 Geo=+0.228
17:35:42 |    50. FOLKS/USDT:USDT: Live=0.639 V=$7.1M Chg=+12.3% Proj=+0.34 Geo=+0.194
17:35:42 |    51. FET/USDT:USDT: Live=0.607 V=$7.2M Chg=-1.7% Proj=+0.31 Geo=+0.083
17:35:42 |    52. RENDER/USDT:USDT: Live=0.685 V=$6.2M Chg=-1.7% Proj=+0.40 Geo=+0.146
17:35:42 |    53. XPL/USDT:USDT: Live=0.601 V=$6.6M Chg=+1.9% Proj=+0.32 Geo=+0.067
17:35:42 |    54. BEAT/USDT:USDT: Live=0.747 V=$1.6M Chg=+10.5% Proj=+0.47 Geo=+0.117
17:35:42 |    55. ASTER/USDT:USDT: Live=0.665 V=$5.3M Chg=-1.3% Proj=+0.39 Geo=+0.136
17:35:42 |    56. 牛来/USDT:USDT: Live=0.623 V=$5.4M Chg=-5.1% Proj=+0.35 Geo=+0.116
17:35:42 |    57. FORM/USDT:USDT: Live=0.572 V=$2.4M Chg=-8.2% Proj=+0.30 Geo=+0.046
17:35:42 |    58. FLOCK/USDT:USDT: Live=0.619 V=$5.8M Chg=-3.6% Proj=+0.35 Geo=+0.272
17:35:42 |    59. ZAMA/USDT:USDT: Live=0.576 V=$3.6M Chg=+7.3% Proj=+0.32 Geo=+0.019
17:35:42 |    60. SPX/USDT:USDT: Live=0.391 V=$2.1M Chg=-7.1% Proj=+0.14 Geo=+0.224
17:35:42 |    61. ZEN/USDT:USDT: Live=0.604 V=$3.0M Chg=+4.0% Proj=+0.36 Geo=-0.033
17:35:42 |    62. LDO/USDT:USDT: Live=0.666 V=$3.7M Chg=+2.0% Proj=+0.43 Geo=+0.078
17:35:42 |    63. CAKE/USDT:USDT: Live=0.647 V=$2.3M Chg=+4.0% Proj=+0.41 Geo=+0.061
17:35:42 |    64. CHZ/USDT:USDT: Live=0.603 V=$1.3M Chg=+6.9% Proj=+0.37 Geo=+0.038
17:35:42 |    65. PROM/USDT:USDT: Live=0.614 V=$1.3M Chg=+12.0% Proj=+0.38 Geo=+0.034
17:35:42 |    66. BLESS/USDT:USDT: Live=0.741 V=$1.1M Chg=+8.2% Proj=+0.51 Geo=+0.082
17:35:42 |    67. CAP/USDT:USDT: Live=0.634 V=$0.5M Chg=+7.3% Proj=+0.41 Geo=+0.064
17:35:42 |    68. VTHO/USDT:USDT: Live=0.640 V=$1.7M Chg=+4.5% Proj=+0.42 Geo=-0.010
17:35:42 |    69. NDX100/USDT:USDT: Live=0.039 V=$1.0M Chg=+0.4% Proj=-0.14 Geo=-0.006
17:35:42 |    70. COPPER/USDT:USDT: Live=0.165 V=$0.9M Chg=-0.6% Proj=+0.01 Geo=-0.005
17:35:42 |    🪞 C266 board-parity (top movers vs screen): FIGHT +45%[#48] | MET +37%[#22] | ALLO +30%[Live=0.52<cut] | ZEST +30%[#40] | BCH +27%[Live=0.44<cut]
17:35:42 |    🔬 BTC geo: slope=+0.048 pure=+0.047
17:35:42 |    🔬 ETH geo: slope=+0.044 rough=-0.036 harm=+0.048 pure=+0.040
17:35:42 |    🔬 XRP geo: slope=+0.134 harm=+0.030 pure=+0.061
17:35:42 | 📦 OHLCV cache: 135 pairs cached for quick_scan
17:35:42 |    📰 C421-4: coin-name table loaded (15166 symbols) — the news layer can now resolve mid-caps the 24-entry typed map never held
17:35:42 |    📰 C421-4: news layer now covering 60 screened pairs; 50 have a resolvable coin name from venue metadata (the old typed map held 24 majors and the query asked only about bitcoin/ethereum)
17:35:42 | ━━━━━━━━━━━━━━━━━━━━━━━━━━━━━━━━━━━━━━━━━━━━━━━━━━
17:35:42 | 📋 STEP 2: MARKET ANALYSIS — News, Bias, Coherence
17:35:42 | ━━━━━━━━━━━━━━━━━━━━━━━━━━━━━━━━━━━━━━━━━━━━━━━━━━
17:35:44 |    🌍 C270 macro: NDX/SPX z=-0.61 gold z=-0.00 tone x1.00 sess w=0.93 -> tilt -0.057 | R -0.55->-0.61
17:35:44 | ✅ C79 RESULTANT: 1h=-0.82 4h=-0.56 12h=-0.42 R=-0.61 mag=0.61
17:35:45 | 📰 News: 64 articles | Market sentiment: 🔵 +0.40
17:35:45 | 📰 News: 64 articles | 🔵 +0.40
17:35:45 | 📈 Market: 🔻BEARISH (blend=-0.29 R=-0.61) | 1h=-0.82 4h=-0.56 12h=-0.42 align=+0.34 macro=✓
17:35:45 | 📊 Regime: MIXED (0.39) | DFA=0.64 Ent=0.90 GARCH=0.0015
17:35:45 | 🎲 RegimeMarkov: state=TD → next most-likely TD (P=0.86, persist=0.86, conf=0.83, n=243) | calib[1137]: acc=0.84 brier=0.056
17:35:45 | 🎲 PairMarkov: calib[19334]: acc=1.00 brier=0.000 (baseline 0.160)
17:35:45 | 🎲 FamilyMarkov: calib[2150/120]: acc=1.00 brier=0.005 (base 0.020) skill=+75.9% [need +5%] EARNED [C342]
17:35:45 | 🎲 IchiMarkov: calib[19120/200]: acc=0.83 brier=0.128 (base 0.153) skill=+16.1% [need +5%] EARNED [C343]
17:35:45 | 🧮 S3-EV: calib[119]: acc=0.33 brier=0.332 (baseline 0.250)
17:35:45 | 🌊 Market coherence: 65% long (36↑ vs 19↓)
17:35:46 | 💰 Taker flow: 🔸 -0.05 (BTC=-0.13 ETH=+0.03)
17:35:46 | ━━━━━━━━━━━━━━━━━━━━━━━━━━━━━━━━━━━━━━━━━━━━━━━━━━
17:35:46 | 📋 STEP 3: PREDICTIVE ANALYSIS — Scoring each pair
17:35:46 | ━━━━━━━━━━━━━━━━━━━━━━━━━━━━━━━━━━━━━━━━━━━━━━━━━━
17:36:03 |    📚 PairProfiles: 429 pairs in persistent baseline (135/135 mature this scan)
17:36:03 |    ------------------------------------
17:36:03 |    🧬 BTC: breadth 3/5 → conviction 0.77 | cat=majors/W-1.00(member) meanrev×1.40 | Sq=-0.03 fund=+0.004% OI=$2988.1M CVD=+0.57 ofi=+0.40 book=+0.18
17:36:03 |    🌍 C396 session tilt: Europe (12h UTC) → entry score ×1.12 [measured 55.9% Europe vs 46.5% Asia barrier-win]
17:36:03 |    📰 BTC: news long sig=0.50 score=+0.07
17:36:03 |    🛑 BTC: projection 0.20% < 0.25% (ATR-relative) + MA-fan not accelerating (ma_fan=-0.06) → blocked
17:36:03 |    ------------------------------------
17:36:03 |    🧬 ETH: breadth 4/6 → conviction 0.74 | cat=majors/W-0.99(member) meanrev×1.40 | Sq=-0.04 fund=+0.006% OI=$2125.1M CVD=-0.16 ofi=+0.20 book=-0.06
17:36:03 |    🧭 C403 flow term: takers are -0.24 AGAINST this long → score ×0.976
17:36:03 |    📰 ETH: news long sig=0.50 score=+0.41
17:36:03 |    🛑 ETH: projection 0.24% < 0.25% (ATR-relative) + MA-fan not accelerating (ma_fan=-0.06) → blocked
17:36:04 |    ------------------------------------
17:36:04 |    🧬 XRP: breadth 4/6 → conviction 0.59 | cat=l1/W-0.98(member) momentum×0.74 | Sq=-0.06 fund=+0.010% OI=$275.1M CVD=-0.01 ofi=-0.20 book=+0.25
17:36:04 |    · XRP: news ~market score=+0.04 (no coin-specific articles)
17:36:04 |    🛑 XRP: SHORT at RSI 21 (oversold, stretched) → brake 21%
17:36:04 |    🎢→✅ XRP: parabola RESOLVED (bounce age 30c, unwound 8.0 ATR) → short allowed, penalty 15%
17:36:04 |    📏 XRP: projection 2.72% is 3.9× this pair's own 15m ATR (0.70%) — capped to 2.10% before R. A forecast beyond 3 ATR in one candle is a broken reading, not an opportunity [C420-3a, throttled 15min]
17:36:04 |    🧭 C436 direction probability: no source has earned skill — base rate (unchanged behaviour)
17:36:04 |    🧪 C420-5: S3 probability skill -32.8% over 119 scored trades (brier 0.332 vs baseline 0.250) → claims kept at ×0.00; p 0.70→0.33. NOT EARNED — p is the base rate [throttled 15min]
17:36:04 |    🧊 C455-3: expectancy reference carried over from the previous session — 15 candidates, bar at the 99th percentile. The first scan can now RANK instead of waving everything through at the floor.
17:36:04 |    ⚖️ C467: XRP E=-0.103R is below the +0.000R bar, but the probability feeding E has NO measured skill (Brier skill ≤ 0), so E does not get a veto — score taxed 5% instead and the other gates decide. The veto returns automatically when p starts beating a coin flip [C467, throttled 10min]
17:36:04 |    🎯 XRP: target 1.0%→1.9% — regime TD persisting 0.86 on an earned ledger (acc 0.84); room-to-structure defers to the trend [C340]
17:36:04 |    ☁️ XRP: ichimoku B- persisting 0.91 WITH the short → score ×1.04 (earned ledger) [C343]
17:36:05 |    ❌ XRP: short scr=0.28 conf=0.62 → low score (<0.42)
17:36:05 |    ------------------------------------
17:36:05 |    🧬 ZEC: breadth 3/6 → conviction 0.41 | cat=privacy/W-0.86(member) meanrev×1.40 | Sq=-0.05 fund=+0.008% OI=$177.7M CVD=+0.42 ofi=-0.06 book=+0.27
17:36:05 |    📰 ZEC: news long sig=0.50 score=+0.18
17:36:05 |    🎢→✅ ZEC: parabola RESOLVED (pullback age 1c, recovered 0.4 ATR, extreme re-touched) → long allowed, penalty 15%
17:36:06 |    ⚡ ZEC: long wick rejection #1 → score×0.75
17:36:06 | ⚖️ ZEC: long vs R=-0.61 counter-trend → score ×0.85 (penalty, not a veto — it still must clear the bar) [C403]
17:36:06 |    🚫 ZEC: counter-trend BLOCK — dir long vs market R=-0.29 AND orderliness 0.19<0.33 (noisy). Long-into-trend is ~45%% barrier-win; no orderliness to justify it [C386]
17:36:06 |    ------------------------------------
17:36:06 |    🧬 SOL: breadth 3/5 → conviction 0.70 | cat=solana_eco/W-0.76(member) momentum×0.91 | Sq=-0.03 fund=+0.005% OI=$464.2M CVD=+0.29 ofi=+0.40 book=+0.17
17:36:06 |    📄 SOL: news long sig=0.12 score=+0.12
17:36:06 |    ⚡ SOL: projection 0.31% modest + MA-fan compressing (ma_fan=-0.02) → penalty 20%
17:36:06 |    ☁️ SOL: ichimoku B- persisting 0.91 AGAINST the long → score ×0.96 (earned ledger) [C343]
17:36:06 | ⚖️ SOL: long vs R=-0.61 counter-trend → score ×0.85 (penalty, not a veto — it still must clear the bar) [C403]
17:36:06 |    🚫 SOL: counter-trend BLOCK — dir long vs market R=-0.29 AND orderliness 0.12<0.33 (noisy). Long-into-trend is ~45%% barrier-win; no orderliness to justify it [C386]
17:36:07 |    ------------------------------------
17:36:07 |    🧬 DOGE: breadth 4/6 → conviction 0.60 | cat=meme/W-0.02(member) meanrev×0.85 | Sq=-0.02 fund=+0.003% OI=$148.1M CVD=+0.03 ofi=+0.38 book=-0.25
17:36:07 |    📰 DOGE: news neutral sig=0.30 score=+0.00
17:36:07 |    🛑 DOGE: SHORT at RSI 28 (oversold, stretched) → brake 4%
17:36:07 |    🎢→✅ DOGE: parabola RESOLVED (bounce age 36c, unwound 8.2 ATR) → short allowed, penalty 15%
17:36:07 |    🎯 DOGE: target 0.6%→1.7% — regime TD persisting 0.86 on an earned ledger (acc 0.84); room-to-structure defers to the trend [C340]
17:36:07 |    ☁️ DOGE: ichimoku B- persisting 0.91 WITH the short → score ×1.04 (earned ledger) [C343]
17:36:07 |    ❌ DOGE: short scr=0.09 conf=0.61 → low score (<0.42)
17:36:07 |    ------------------------------------
17:36:07 |    🧬 XAU: breadth 3/5 → conviction 0.79 | cat=calm/W-0.93(regime) meanrev×1.26 | Sq=-0.08 fund=+0.011% OI=$72.1M CVD=+0.05 ofi=+0.24 book=+0.08
17:36:07 |    · XAU: news ~market score=+0.04 (no coin-specific articles)
17:36:07 |    🛑 XAU: projection 0.11% < 0.25% (ATR-relative) + MA-fan not accelerating (ma_fan=-0.03) → blocked
17:36:08 |    ------------------------------------
17:36:08 |    🧬 MUBARAK: breadth 4/6 → conviction 0.72 | cat=wild/W+1.00(regime) meanrev×0.72 | Sq=-0.14 fund=+0.019% OI=$4.1M CVD=-0.60 ofi=+0.06 book=+0.09
17:36:08 |    🧬 MUBARAK: own-history vol 4.88% vs baseline 1.76% (×2.77) → abnormal-wild conviction ×0.93 [C286-2]
17:36:08 |    · MUBARAK: news ~market score=+0.04 (no coin-specific articles)
17:36:08 |    🛑 MUBARAK: SHORT at RSI 20 (oversold, stretched) → brake 22%
17:36:08 |    🎯 MUBARAK: target 6.1%→13.2% — regime TD persisting 0.86 on an earned ledger (acc 0.84); room-to-structure defers to the trend [C340]
17:36:08 |    ☁️ MUBARAK: ichimoku B- persisting 0.91 WITH the short → score ×1.04 (earned ledger) [C343]
17:36:08 |    🧮 MUBARAK: S3 P[pair15m·reg4h·score]=0.68 R=1.04 EV=+0.37PRU → bar ×1.00 [C302]
17:36:10 |    📊 MUBARA flow(own): L/S 1h=0.6 4h=1.0 12h=0.8 | R=+0.10 taker=-0.00 SM=+0.60
17:36:10 |    📈 MUBARA OI: neutral Δ=+0.0% str=+0.00
17:36:10 |    📏 MUBARAK: short at 10% of its own 24h range → extension penalty 10% (measured: that third wins ~47% vs ~54% at the other end, 4/4 out-of-sample) [C455-4]
17:36:10 |    🎛️ MUBARAK: ATR 4.88% → implied 1x band (that band wins 40.0% vs 58.1% at 0.50-0.67% ATR over 2,388 closed trades, 4/4 out-of-sample) → penalty 12% [C457-2]
17:36:10 | ⚡ MUBARAK: short already moved -17.4% but vol RISING → penalty 30%
17:36:10 |    🚫 MUBARAK: penalty-stack floor DENIED [C367: proj-dead] — score stays 0.43 (base 0.95); the stack is the evidence, not an error to be corrected
17:36:10 |    🛑 MUBARAK: LOW AGREEMENT 54% < 55% (mixed, macro-aligned) → blocked
17:36:10 |    ------------------------------------
17:36:10 |    🧬 NEAR: breadth 6/6 → conviction 1.00 | cat=ai/W+0.36(member) momentum×1.21 | Sq=-0.06 fund=+0.010% OI=$79.3M CVD=+0.27 ofi=+0.08 book=-0.11
17:36:10 |    🧬 NEAR: own-history vol 1.99% vs baseline 1.08% (×1.83) → abnormal-wild conviction ×0.99 [C286-2]
17:36:10 |    📰 NEAR: news long sig=0.50 score=+0.17
17:36:11 |    ☁️ NEAR: ichimoku A+ persisting 0.78 WITH the long → score ×1.02 (earned ledger) [C343]
17:36:11 | ⚖️ NEAR: long vs R=-0.61 counter-trend → score ×0.85 (penalty, not a veto — it still must clear the bar) [C403]
17:36:11 |    🚫 NEAR: counter-trend BLOCK — dir long vs market R=-0.29 AND orderliness 0.15<0.33 (noisy). Long-into-trend is ~45%% barrier-win; no orderliness to justify it [C386]
17:36:11 |    ------------------------------------
17:36:11 |    🧬 PEPE: breadth 5/6 → conviction 0.81 | cat=meme/W-0.22(member) meanrev×0.90 | Sq=-0.08 fund=+0.012% OI=$39.2M CVD=+0.24 ofi=+0.05 book=+0.21
17:36:11 |    📰 PEPE: news long sig=0.50 score=+0.53
17:36:11 |    🛑 PEPE: SHORT at RSI 21 (oversold, stretched) → brake 20%
17:36:11 |    🎢→✅ PEPE: parabola RESOLVED (bounce age 0c, unwound 0.1 ATR, extreme re-touched) → short allowed, penalty 15%
17:36:12 |    🎯 PEPE: target 1.8%→2.8% — regime TD persisting 0.86 on an earned ledger (acc 0.84); room-to-structure defers to the trend [C340]
17:36:12 |    ☁️ PEPE: ichimoku B- persisting 0.91 WITH the short → score ×1.04 (earned ledger) [C343]
17:36:12 |    🛑 PEPE: short blocked — significant long news (sig=0.50 score=+0.53)
17:36:12 |    ------------------------------------
17:36:12 |    🧬 HYPE: breadth 3/6 → conviction 0.43 | cat=defi/W-0.77(member) meanrev×1.19 | Sq=-0.00 fund=+0.001% OI=$226.5M CVD=+0.15 ofi=-0.07 book=+0.01
17:36:12 |    📰 HYPE: news long sig=0.30 score=+0.35
17:36:12 |    🎢→✅ HYPE: parabola RESOLVED (bounce age 27c, unwound 6.5 ATR) → short allowed, penalty 15%
17:36:12 |    🎯 HYPE: target 0.7%→1.3% — regime TD persisting 0.86 on an earned ledger (acc 0.84); room-to-structure defers to the trend [C340]
17:36:12 |    ☁️ HYPE: ichimoku B- persisting 0.91 WITH the short → score ×1.04 (earned ledger) [C343]
17:36:12 |    ⚡ HYPE: short news-tech conflict — score×0.70 (news long sig=0.30)
17:36:12 |    ❌ HYPE: short scr=0.02 conf=0.49 → low score (<0.42)
17:36:13 |    ------------------------------------
17:36:13 |    🧬 CL: breadth 4/5 → conviction 0.83 | cat=calm/W-0.83(regime) meanrev×1.24 | Sq=+0.01 fund=-0.001% OI=$35.8M CVD=+0.29 ofi=+0.21 book=+0.09
17:36:13 |    · CL: news ~market score=+0.04 (no coin-specific articles)
17:36:13 |    🎢→✅ CL: parabola RESOLVED (pullback age 65c, recovered 5.6 ATR) → long allowed, penalty 15%
17:36:13 |    ☁️ CL: ichimoku A+ persisting 0.78 WITH the long → score ×1.02 (earned ledger) [C343]
17:36:13 | ⚖️ CL: long vs R=-0.61 counter-trend → score ×0.85 (penalty, not a veto — it still must clear the bar) [C403]
17:36:13 |    🚫 CL: counter-trend BLOCK — dir long vs market R=-0.29 AND orderliness 0.13<0.33 (noisy). Long-into-trend is ~45%% barrier-win; no orderliness to justify it [C386]
17:36:13 |    ------------------------------------
17:36:13 |    🧬 ADA: breadth 4/6 → conviction 0.64 | cat=l1/W-0.33(member) trend×1.12 | Sq=-0.06 fund=+0.010% OI=$66.9M CVD=+0.60 ofi=-0.10 book=-0.07
17:36:13 |    · ADA: news ~market score=+0.04 (no coin-specific articles)
17:36:13 |    🎢→✅ ADA: parabola RESOLVED (bounce age 29c, unwound 5.4 ATR) → short allowed, penalty 15%
17:36:14 |    🎯 ADA: target 1.3%→2.3% — regime TD persisting 0.86 on an earned ledger (acc 0.84); room-to-structure defers to the trend [C340]
17:36:14 |    ⏳ ADA: short ABSORPTION at extreme (real_cvd=+0.60 opposes, RSI=32) → wait for CVD flip or retrace
17:36:14 |    ------------------------------------
17:36:14 |    🧬 SUI: breadth 3/5 → conviction 0.69 | cat=l1/W-0.27(member) trend×1.11 | Sq=-0.04 fund=+0.007% OI=$66.4M CVD=-0.29 ofi=+0.11 book=-0.24
17:36:14 |    · SUI: news ~market score=+0.04 (no coin-specific articles)
17:36:14 |    🛑 SUI: projection 0.27% < 0.46% (ATR-relative) + MA-fan not accelerating (ma_fan=-0.02) → blocked
17:36:15 |    ------------------------------------
17:36:15 |    🧬 ARB: breadth 4/6 → conviction 0.64 | cat=l2/W+0.08(member) momentum×1.10 | Sq=-0.04 fund=+0.007% OI=$22.6M CVD=-0.19 ofi=-0.03 book=-0.02
17:36:15 |    · ARB: news ~market score=+0.04 (no coin-specific articles)
17:36:15 |    🎯 ARB: target 1.9%→3.5% — regime TD persisting 0.86 on an earned ledger (acc 0.84); room-to-structure defers to the trend [C340]
17:36:15 |    ☁️ ARB: ichimoku B- persisting 0.91 WITH the short → score ×1.04 (earned ledger) [C343]
17:36:15 |    ❌ ARB: short scr=0.09 conf=0.39 → low score (<0.42)
17:36:15 |    ------------------------------------
17:36:15 |    🧬 XAG: breadth 2/5 → conviction 0.59 | cat=calm/W-0.85(regime) meanrev×1.24 | Sq=-0.10 fund=+0.014% OI=$24.2M CVD=-0.46 ofi=-0.04 book=+0.20
17:36:15 |    · XAG: news ~market score=+0.04 (no coin-specific articles)
17:36:15 |    ☁️ XAG: ichimoku B- persisting 0.91 AGAINST the long → score ×0.96 (earned ledger) [C343]
17:36:15 | ⚖️ XAG: long vs R=-0.61 counter-trend → score ×0.85 (penalty, not a veto — it still must clear the bar) [C403]
17:36:15 |    🚫 XAG: counter-trend BLOCK — dir long vs market R=-0.29 AND orderliness 0.12<0.33 (noisy). Long-into-trend is ~45%% barrier-win; no orderliness to justify it [C386]
17:36:16 |    ------------------------------------
17:36:16 |    🧬 PUMP: breadth 6/6 → conviction 1.00 | cat=mid/W+0.04(regime) meanrev×0.99 | Sq=-0.03 fund=+0.005% OI=$17.0M CVD=+0.11 ofi=-0.22 book=-0.11
17:36:16 |    · PUMP: news ~market score=+0.04 (no coin-specific articles)
17:36:16 |    🛑 PUMP: SHORT at RSI 25 (oversold, stretched) → brake 10%
17:36:16 |    🎯 PUMP: target 1.5%→2.8% — regime TD persisting 0.86 on an earned ledger (acc 0.84); room-to-structure defers to the trend [C340]
17:36:16 |    ☁️ PUMP: ichimoku B- persisting 0.91 WITH the short → score ×1.04 (earned ledger) [C343]
17:36:16 |    🛰️ PUMP: C199 order-flow weakening short (OI=neutral, CVD=+0.15) → ×0.75
17:36:20 |    📊 PUMP flow(proxy): L/S 1h=1.3 4h=1.3 12h=1.4 | R=-0.23 taker=+0.01 SM=-0.57
17:36:20 |    📈 PUMP OI: neutral Δ=+0.0% str=+0.00
17:36:20 |    📏 PUMP: short at 4% of its own 24h range → extension penalty 11% (measured: that third wins ~47% vs ~54% at the other end, 4/4 out-of-sample) [C455-4]
17:36:20 | ⚡ PUMP: short already moved -9.0% → penalty 40%
17:36:20 |    ❌ PUMP: short post-penalty quality 0.18 < 0.20
17:36:21 |    ------------------------------------
17:36:21 |    🧬 TAO: breadth 5/6 → conviction 0.87 | cat=ai/W+0.03(member) momentum×1.12 | Sq=-0.03 fund=+0.005% OI=$34.5M CVD=+0.08 ofi=+0.34 book=+0.30
17:36:21 |    📄 TAO: news long sig=0.12 score=+0.10
17:36:21 |    🛑 TAO: SHORT at RSI 27 (oversold, stretched) → brake 7%
17:36:21 |    🎢→✅ TAO: parabola RESOLVED (bounce age 0c, unwound 0.0 ATR, extreme re-touched) → short allowed, penalty 15%
17:36:21 |    🎯 TAO: target 1.6%→2.5% — regime TD persisting 0.86 on an earned ledger (acc 0.84); room-to-structure defers to the trend [C340]
17:36:21 |    ☁️ TAO: ichimoku B- persisting 0.91 WITH the short → score ×1.04 (earned ledger) [C343]
17:36:24 |    📊 TAO flow(proxy): L/S 1h=1.3 4h=1.3 12h=1.4 | R=-0.26 taker=-0.04 SM=-0.60
17:36:24 |    📈 TAO OI: neutral Δ=+0.0% str=+0.00
17:36:24 |    📏 TAO: short at 18% of its own 24h range → extension penalty 8% (measured: that third wins ~47% vs ~54% at the other end, 4/4 out-of-sample) [C455-4]
17:36:24 |    🛑 TAO: LOW AGREEMENT 50% < 55% (mixed, macro-aligned) → blocked
17:36:25 |    ------------------------------------
17:36:25 |    🧬 BZ: breadth 5/5 → conviction 1.00 | cat=calm/W-0.85(regime) meanrev×1.24 | Sq=+0.00 fund=-0.001% OI=$28.1M CVD=-0.19 ofi=+0.05 book=+0.11
17:36:25 |    · BZ: news ~market score=+0.04 (no coin-specific articles)
17:36:25 |    ⚡ BZ: projection 0.77% modest + MA-fan compressing (ma_fan=+0.08) → penalty 20%
17:36:25 |    🛑 BZ: long target 0.2% too small + room 8% → blocked
17:36:25 |    ------------------------------------
17:36:25 |    🧬 ENA: breadth 3/6 → conviction 0.65 | cat=defi/W-0.06(member) trend×1.08 | Sq=-0.01 fund=+0.002% OI=$46.7M CVD=+0.60 ofi=+0.11 book=+0.12
17:36:25 |    📄 ENA: news long sig=0.12 score=+0.04
17:36:25 |    ⚡ ENA: projection 0.58% modest + MA-fan compressing (ma_fan=-0.06) → penalty 20%
17:36:26 |    ☁️ ENA: ichimoku B- persisting 0.91 AGAINST the long → score ×0.96 (earned ledger) [C343]
17:36:26 | ⚖️ ENA: long vs R=-0.61 counter-trend → score ×0.85 (penalty, not a veto — it still must clear the bar) [C403]
17:36:26 |    🚫 ENA: counter-trend BLOCK — dir long vs market R=-0.29 AND orderliness 0.17<0.33 (noisy). Long-into-trend is ~45%% barrier-win; no orderliness to justify it [C386]
17:36:26 |    ------------------------------------
17:36:26 |    🧬 LINK: breadth 3/5 → conviction 0.63 | cat=defi/W-0.45(member) trend×1.10 | Sq=-0.06 fund=+0.010% OI=$54.5M CVD=+0.60 ofi=-0.10 book=+0.05
17:36:26 |    📄 LINK: news long sig=0.12 score=+0.04
17:36:26 |    🎯 LINK: target 0.7%→1.8% — regime TD persisting 0.86 on an earned ledger (acc 0.84); room-to-structure defers to the trend [C340]
17:36:26 |    ☁️ LINK: ichimoku B- persisting 0.91 WITH the short → score ×1.04 (earned ledger) [C343]
17:36:26 |    ❌ LINK: short scr=0.17 conf=0.66 → low score (<0.42)
17:36:27 |    ------------------------------------
17:36:27 |    🧬 MET: breadth 4/6 → conviction 0.75 | cat=wild/W+0.85(regime) meanrev×0.76 | Sq=-0.03 fund=+0.005% OI=$1.5M CVD=-0.18 ofi=-0.03 book=+0.23
17:36:27 |    🧬 MET: own-history vol 3.46% vs baseline 1.01% (×3.43) → abnormal-wild conviction ×0.90 [C286-2]
17:36:27 |    📰 MET: news long sig=0.30 score=+0.50
17:36:27 |    🛑 MET: LONG at RSI 81 (overbought, stretched) → brake 24%
17:36:27 |    ☁️ MET: ichimoku A+ persisting 0.78 WITH the long → score ×1.02 (earned ledger) [C343]
17:36:27 |    ⚠️ MET: long into bearish rejection candle at RSI 81 (counter-signal) -> conviction x0.85
17:36:27 |    ⚡ MET: long wick rejection #1 → score×0.75
17:36:27 | ⚖️ MET: long vs R=-0.61 counter-trend → score ×0.85 (penalty, not a veto — it still must clear the bar) [C403]
17:36:27 |    🚫 MET: counter-trend BLOCK — dir long vs market R=-0.29 AND orderliness 0.28<0.33 (noisy). Long-into-trend is ~45%% barrier-win; no orderliness to justify it [C386]
17:36:27 |    ------------------------------------
17:36:27 |    🧬 ZRO: breadth 4/6 → conviction 0.62 | cat=l2/W+0.79(member) momentum×1.29 | Sq=-0.03 fund=+0.005% OI=$3.7M CVD=-0.25 ofi=+0.24 book=+0.16
17:36:27 |    · ZRO: news ~market score=+0.04 (no coin-specific articles)
17:36:28 |    ☁️ ZRO: ichimoku A+ persisting 0.78 WITH the long → score ×1.02 (earned ledger) [C343]
17:36:28 | ⚖️ ZRO: long vs R=-0.61 counter-trend → score ×0.85 (penalty, not a veto — it still must clear the bar) [C403]
17:36:28 |    🚫 ZRO: counter-trend BLOCK — dir long vs market R=-0.29 AND orderliness 0.14<0.33 (noisy). Long-into-trend is ~45%% barrier-win; no orderliness to justify it [C386]
17:36:28 |    ------------------------------------
17:36:28 |    🧬 LTC: breadth 3/5 → conviction 0.67 | cat=l1/W-0.13(member) trend×1.11 | Sq=-0.06 fund=+0.010% OI=$30.4M CVD=-0.12 ofi=-0.06 book=-0.12
17:36:28 |    · LTC: news ~market score=+0.04 (no coin-specific articles)
17:36:28 |    🎢 LTC: long BLOCKED — broken-parabola bounce (day range 10×ATR, 4.8 ATR below the day high) → post-blow-off distribution risk
17:36:28 |       ⚖️ parabola → score ×0.82 (penalty, not a veto — must still clear the bar) [C403]
17:36:28 |    ☁️ LTC: ichimoku B- persisting 0.91 AGAINST the long → score ×0.96 (earned ledger) [C343]
17:36:28 | ⚖️ LTC: long vs R=-0.61 counter-trend → score ×0.85 (penalty, not a veto — it still must clear the bar) [C403]
17:36:28 |    🚫 LTC: counter-trend BLOCK — dir long vs market R=-0.29 AND orderliness 0.02<0.33 (noisy). Long-into-trend is ~45%% barrier-win; no orderliness to justify it [C386]
17:36:29 |    ------------------------------------
17:36:29 |    🧬 PONS: breadth 5/5 → conviction 1.00 | cat=wild/W+0.69(regime) meanrev×0.81 | Sq=-0.12 fund=+0.016% OI=$5.2M CVD=-0.01 ofi=+0.29 book=-0.08
17:36:29 |    🧬 PONS: own-history vol 1.51% vs baseline 2.30% (×0.66) → coiled conviction ×1.01 [C286-2]
17:36:29 |    · PONS: news ~market score=+0.04 (no coin-specific articles)
17:36:29 |    🛑 PONS: LONG at RSI 72 (overbought, stretched) → brake 5%
17:36:29 |    🎢→✅ PONS: parabola RESOLVED (pullback age 12c, recovered 4.3 ATR) → long allowed, penalty 15%
17:36:29 |    ☁️ PONS: ichimoku A+ persisting 0.78 WITH the long → score ×1.02 (earned ledger) [C343]
17:36:29 |    ⚠️ PONS: long into bearish rejection candle at RSI 72 (counter-signal) -> conviction x0.85
17:36:29 |    ⚡ PONS: long wick rejection #1 → score×0.75
17:36:29 | ⚖️ PONS: long vs R=-0.61 counter-trend → score ×0.85 (penalty, not a veto — it still must clear the bar) [C403]
17:36:29 |    🚫 PONS: counter-trend BLOCK — dir long vs market R=-0.29 AND orderliness 0.06<0.33 (noisy). Long-into-trend is ~45%% barrier-win; no orderliness to justify it [C386]
17:36:30 |    ------------------------------------
17:36:30 |    🧬 TRUMP: breadth 4/6 → conviction 0.63 | cat=meme/W-0.12(member) meanrev×0.88 | Sq=-0.03 fund=+0.004% OI=$15.7M CVD=+0.20 ofi=-0.01 book=-0.18
17:36:30 |    📄 TRUMP: news neutral sig=0.10 score=+0.03
17:36:30 |    🛑 TRUMP: SHORT at RSI 26 (oversold, stretched) → brake 8%
17:36:30 |    🎢→✅ TRUMP: parabola RESOLVED (bounce age 20c, unwound 5.4 ATR) → short allowed, penalty 15%
17:36:30 |    🎯 TRUMP: target 1.5%→2.7% — regime TD persisting 0.86 on an earned ledger (acc 0.84); room-to-structure defers to the trend [C340]
17:36:30 |    ☁️ TRUMP: ichimoku B- persisting 0.91 WITH the short → score ×1.04 (earned ledger) [C343]
17:36:30 |    🛰️ TRUMP: C199 order-flow weakening short (OI=neutral, CVD=+0.31) → ×0.75
17:36:30 |    ❌ TRUMP: short scr=0.27 conf=0.71 → low score (<0.44)
17:36:31 |    ------------------------------------
17:36:31 |    🧬 XLM: breadth 4/6 → conviction 0.55 | cat=l1/W-0.42(member) trend×1.12 | Sq=-0.07 fund=+0.010% OI=$26.6M CVD=-0.14 ofi=-0.06
17:36:31 |    · XLM: news ~market score=+0.04 (no coin-specific articles)
17:36:31 |    🛑 XLM: SHORT at RSI 25 (oversold, stretched) → brake 11%
17:36:31 |    🎢→✅ XLM: parabola RESOLVED (bounce age 28c, unwound 7.0 ATR) → short allowed, penalty 15%
17:36:31 |    🎯 XLM: target 1.0%→1.9% — regime TD persisting 0.86 on an earned ledger (acc 0.84); room-to-structure defers to the trend [C340]
17:36:31 |    ☁️ XLM: ichimoku B- persisting 0.91 WITH the short → score ×1.04 (earned ledger) [C343]
17:36:31 |    ❌ XLM: short scr=0.06 conf=0.49 → low score (<0.42)
17:36:31 |    ------------------------------------
17:36:31 |    🧬 AAVE: breadth 5/6 → conviction 0.84 | cat=defi/W-0.03(member) trend×1.08 | Sq=-0.05 fund=+0.008% OI=$30.9M CVD=-0.29 ofi=+0.10 book=-0.20
17:36:31 |    📰 AAVE: news neutral sig=0.30 score=+0.00
17:36:32 |    🎯 AAVE: target 1.1%→2.7% — regime TD persisting 0.86 on an earned ledger (acc 0.84); room-to-structure defers to the trend [C340]
17:36:32 |    ☁️ AAVE: ichimoku B- persisting 0.91 WITH the short → score ×1.04 (earned ledger) [C343]
17:36:32 |    ❌ AAVE: short scr=0.17 conf=0.62 → low score (<0.44)
17:36:32 |    ------------------------------------
17:36:32 |    🧬 FIL: breadth 4/6 → conviction 0.67 | cat=depin/W+0.26(member) flow×1.12 | Sq=-0.04 fund=+0.007% OI=$11.3M CVD=+0.30 ofi=+0.12 book=-0.26
17:36:32 |    · FIL: news ~market score=+0.04 (no coin-specific articles)
17:36:32 |    🎢 FIL: long BLOCKED — broken-parabola bounce (day range 9×ATR, 3.7 ATR below the day high) → post-blow-off distribution risk
17:36:32 |       ⚖️ parabola → score ×0.82 (penalty, not a veto — must still clear the bar) [C403]
17:36:32 |    ☁️ FIL: ichimoku B- persisting 0.91 AGAINST the long → score ×0.96 (earned ledger) [C343]
17:36:32 |    ⚡ FIL: long wick rejection #1 → score×0.75
17:36:32 | ⚖️ FIL: long vs R=-0.61 counter-trend → score ×0.85 (penalty, not a veto — it still must clear the bar) [C403]
17:36:32 |    🚫 FIL: counter-trend BLOCK — dir long vs market R=-0.29 AND orderliness 0.19<0.33 (noisy). Long-into-trend is ~45%% barrier-win; no orderliness to justify it [C386]
17:36:33 |    ------------------------------------
17:36:33 |    🧬 ONE: breadth 2/6 → conviction 0.46 | cat=wild/W+0.99(regime) meanrev×0.73 | Sq=+0.95 fund=-0.223% OI=$1.8M CVD=+0.29 ofi=-0.10 book=+0.25
17:36:33 |    🧬 ONE: own-history vol 3.81% vs baseline 1.99% (×1.92) → abnormal-wild conviction ×0.98 [C286-2]
17:36:33 |    · ONE: news ~market score=+0.04 (no coin-specific articles)
17:36:33 |    ⚡ ONE: 24h=-14.8% but 1h=+0.0% (TURNING) → penalty 30%
17:36:33 |    🛑 ONE: projection 0.30% < 0.50% (ATR-relative) + MA-fan not accelerating (ma_fan=+0.00) → blocked
17:36:33 |    ------------------------------------
17:36:33 |    🧬 NATGAS: breadth 6/6 → conviction 1.00 | cat=calm/W-0.74(regime) meanrev×1.21 | Sq=-0.20 fund=+0.028% OI=$10.3M CVD=-0.14 ofi=+0.05 book=+0.26
17:36:33 |    · NATGAS: news ~market score=+0.04 (no coin-specific articles)
17:36:33 |    ⚡ NATGAS: projection 0.33% modest + MA-fan compressing (ma_fan=+0.03) → penalty 20%
17:36:34 |    🛑 NATGAS: long target 0.1% too small + room 8% → blocked
17:36:34 |    ------------------------------------
17:36:34 |    🧬 ETC: breadth 6/6 → conviction 1.00 | cat=wild/W+0.49(regime) meanrev×0.86 | Sq=-0.07 fund=+0.010% OI=$10.1M CVD=-0.27 ofi=+0.16 book=+0.22
17:36:34 |    · ETC: news ~market score=+0.04 (no coin-specific articles)
17:36:34 |    🎯 ETC: target 1.8%→3.2% — regime TD persisting 0.86 on an earned ledger (acc 0.84); room-to-structure defers to the trend [C340]
17:36:34 |    ☁️ ETC: ichimoku B- persisting 0.91 WITH the short → score ×1.04 (earned ledger) [C343]
17:36:34 |    ❌ ETC: short scr=0.18 conf=0.47 → low score (<0.45)
17:36:35 |    ------------------------------------
17:36:35 |    🧬 HBAR: breadth 4/6 → conviction 0.61 | cat=l1/W+0.03(member) trend×1.10 | Sq=-0.07 fund=+0.010% OI=$18.0M CVD=+0.05 ofi=+0.26 book=+0.26
17:36:35 |    · HBAR: news ~market score=+0.04 (no coin-specific articles)
17:36:35 |    🛑 HBAR: SHORT at RSI 20 (oversold, stretched) → brake 22%
17:36:35 |    🎢→✅ HBAR: parabola RESOLVED (bounce age 36c, unwound 8.6 ATR) → short allowed, penalty 15%
17:36:35 |    🎯 HBAR: target 1.1%→2.0% — regime TD persisting 0.86 on an earned ledger (acc 0.84); room-to-structure defers to the trend [C340]
17:36:35 |    ☁️ HBAR: ichimoku B- persisting 0.91 WITH the short → score ×1.04 (earned ledger) [C343]
17:36:35 |    ❌ HBAR: short scr=0.20 conf=0.52 → low score (<0.42)
17:36:35 |    ------------------------------------
17:36:35 |    🧬 1000BONK: breadth 6/6 → conviction 1.00 | cat=wild/W+0.88(regime) meanrev×0.75 | Sq=-0.03 fund=+0.005% OI=$5.0M CVD=-0.14 ofi=-0.03 book=-0.27
17:36:35 |    🧬 1000BONK: own-history vol 2.69% vs baseline 0.88% (×3.08) → abnormal-wild conviction ×0.91 [C286-2]
17:36:35 |    · 1000BONK: news ~market score=+0.04 (no coin-specific articles)
17:36:35 |    🎢→⚖️ 1000BONK: C292 stands down — parabola BROKEN (range 9×ATR, 3.8 ATR off the day extreme): the 24h 'trend' already failed structurally; counter-trend entry re-enters the TURNING path [C299]
17:36:35 |    ⚡ 1000BONK: 24h=+11.6% but 1h=+0.0% (TURNING) → penalty 23%
17:36:36 |    🎯 1000BONK: target 3.0%→7.3% — regime TD persisting 0.86 on an earned ledger (acc 0.84); room-to-structure defers to the trend [C340]
17:36:36 |    ☁️ 1000BONK: ichimoku B- persisting 0.91 WITH the short → score ×1.04 (earned ledger) [C343]
17:36:36 |    ------------------------------------
17:36:36 |    🧬 WIF: breadth 4/6 → conviction 0.70 | cat=solana_eco/W+0.67(member) momentum×1.31 | Sq=-0.03 fund=+0.005% OI=$7.5M CVD=+0.33 ofi=+0.13 book=-0.13
17:36:36 |    📄 WIF: news long sig=0.12 score=+0.08
17:36:37 |    🎯 WIF: target 1.7%→3.2% — regime TD persisting 0.86 on an earned ledger (acc 0.84); room-to-structure defers to the trend [C340]
17:36:37 |    ☁️ WIF: ichimoku B- persisting 0.91 WITH the short → score ×1.04 (earned ledger) [C343]
17:36:37 |    🛰️ WIF: C199 order-flow weakening short (OI=neutral, CVD=+0.22) → ×0.75
17:36:41 |    📊 WIF flow(proxy): L/S 1h=1.3 4h=1.3 12h=1.4 | R=-0.23 taker=-0.03 SM=-0.55
17:36:41 |    📈 WIF OI: neutral Δ=+0.0% str=+0.00
17:36:41 |    📏 WIF: short at 6% of its own 24h range → extension penalty 11% (measured: that third wins ~47% vs ~54% at the other end, 4/4 out-of-sample) [C455-4]
17:36:41 |    ❌ WIF: short post-penalty quality 0.18 < 0.20
17:36:41 |    ------------------------------------
17:36:41 |    🧬 KERNEL: breadth 4/5 → conviction 0.72 | cat=mid/W+0.24(regime) meanrev×0.94 | Sq=+0.99 fund=-0.725% OI=$0.9M CVD=-0.12 ofi=-0.21 book=-0.15
17:36:41 |    🧬 KERNEL: own-history vol 1.30% vs baseline 0.70% (×1.87) → abnormal-wild conviction ×0.98 [C286-2]
17:36:41 |    📄 KERNEL: news short sig=0.10 score=-0.08
17:36:41 |    🎯 KERNEL: target 2.0%→3.5% — regime TD persisting 0.86 on an earned ledger (acc 0.84); room-to-structure defers to the trend [C340]
17:36:41 |    ☁️ KERNEL: ichimoku B- persisting 0.91 WITH the short → score ×1.04 (earned ledger) [C343]
17:36:41 |    🧮 KERNEL: S3 P[pair15m·reg4h·score]=0.67 R=1.08 EV=+0.30PRU → bar ×1.00 [C302]
17:36:44 |    📊 KERNEL flow(proxy): L/S 1h=1.1 4h=1.1 12h=1.1 | R=-0.04 taker=-0.01 SM=-0.11
17:36:44 |    📈 KERNEL OI: neutral Δ=+0.0% str=+0.00
17:36:44 |    📏 KERNEL: short at 13% of its own 24h range → extension penalty 9% (measured: that third wins ~47% vs ~54% at the other end, 4/4 out-of-sample) [C455-4]
17:36:44 | ⚡ KERNEL: short already moved -9.1% → penalty 40%
17:36:44 |    ⚖️ KERNEL: penalty-stack floor 0.38→0.51 (base 0.84) [C367: base✓ proj✓]
17:36:44 |    ✅ KERNEL  S s=0.38 c=0.65 p=-1.0% lx1.12 📄S0.1
17:36:44 |       🌊 real-CVD: delta=-0.17 accel=+0.44 → N51=-0.12
17:36:45 |    ------------------------------------
17:36:45 |    🧬 LSK: breadth 2/6 → conviction 0.33 | cat=mid/W+0.31(regime) meanrev×0.91 | Sq=+0.35 fund=-0.044% OI=$2.3M CVD=+0.28 ofi=-0.04 book=-0.00
17:36:45 |    · LSK: news ~market score=+0.04 (no coin-specific articles)
17:36:45 |    🎢 LSK: short BLOCKED — broken-parabola bounce (day range 8×ATR, 2.3 ATR above the day low) → post-capitulation squeeze risk
17:36:45 |       ⚖️ parabola → score ×0.82 (penalty, not a veto — must still clear the bar) [C403]
17:36:45 |    🎯 LSK: target 2.0%→4.6% — regime TD persisting 0.86 on an earned ledger (acc 0.84); room-to-structure defers to the trend [C340]
17:36:45 |    🛑 LSK: short CAPITULATION REJECTION (wick+vol) → blocked
17:36:46 |    ------------------------------------
17:36:46 |    🧬 USELESS: breadth 4/6 → conviction 0.68 | cat=wild/W+0.93(regime) meanrev×0.74 | Sq=-0.18 fund=+0.025% OI=$6.2M CVD=+0.18 ofi=-0.01 book=-0.11
17:36:46 |    · USELESS: news ~market score=+0.04 (no coin-specific articles)
17:36:46 |    🎢→✅ USELESS: parabola RESOLVED (bounce age 29c, unwound 7.7 ATR) → short allowed, penalty 15%
17:36:46 |    🎯 USELESS: target 2.3%→4.1% — regime TD persisting 0.86 on an earned ledger (acc 0.84); room-to-structure defers to the trend [C340]
17:36:46 |    ☁️ USELESS: ichimoku B- persisting 0.91 WITH the short → score ×1.04 (earned ledger) [C343]
17:36:46 |    ❌ USELESS: short scr=0.17 conf=0.43 → low score (<0.42)
17:36:46 |    ------------------------------------
17:36:46 |    🧬 XMR: breadth 4/5 → conviction 0.74 | cat=privacy/W-0.62(member) meanrev×1.32 | Sq=-0.37 fund=+0.052% OI=$8.8M CVD=-0.37 ofi=+0.00
17:36:46 |    📄 XMR: news long sig=0.12 score=+0.07
17:36:46 |    🎢→✅ XMR: parabola RESOLVED (bounce age 0c, unwound 0.2 ATR, extreme re-touched) → short allowed, penalty 15%
17:36:47 |    🎯 XMR: target 1.1%→1.6% — regime TD persisting 0.86 on an earned ledger (acc 0.84); room-to-structure defers to the trend [C340]
17:36:47 |    ☁️ XMR: ichimoku B- persisting 0.91 WITH the short → score ×1.04 (earned ledger) [C343]
17:36:47 |    ❌ XMR: short scr=0.37 conf=0.62 → low score (<0.42)
17:36:47 |    ------------------------------------
17:36:47 |    🧬 ZEST: breadth 6/6 → conviction 1.00 | cat=wild/W+0.92(regime) meanrev×0.74 | Sq=-0.12 fund=+0.017% OI=$1.3M CVD=+0.06 ofi=-0.01 book=+0.14
17:36:47 |    🧬 ZEST: own-history vol 2.22% vs baseline 0.90% (×2.46) → abnormal-wild conviction ×0.95 [C286-2]
17:36:47 |    · ZEST: news ~market score=+0.04 (no coin-specific articles)
17:36:47 |    🛑 ZEST: LONG at RSI 75 (overbought, stretched) → brake 11%
17:36:48 |    ☁️ ZEST: ichimoku A+ persisting 0.78 WITH the long → score ×1.02 (earned ledger) [C343]
17:36:48 | ⚖️ ZEST: long vs R=-0.61 counter-trend → score ×0.85 (penalty, not a veto — it still must clear the bar) [C403]
17:36:48 |    🚫 ZEST: counter-trend BLOCK — dir long vs market R=-0.29 AND orderliness 0.06<0.33 (noisy). Long-into-trend is ~45%% barrier-win; no orderliness to justify it [C386]
17:36:48 |    ------------------------------------
17:36:48 |    🧬 ICP: breadth 6/6 → conviction 1.00 | cat=l1/W-0.07(member) trend×1.10 | Sq=-0.06 fund=+0.010% OI=$8.1M CVD=-0.14 ofi=+0.05 book=-0.02
17:36:48 |    🧬 ICP: own-history vol 1.12% vs baseline 0.66% (×1.69) → abnormal-wild conviction ×0.99 [C286-2]
17:36:48 |    · ICP: news ~market score=+0.04 (no coin-specific articles)
17:36:48 |    🛑 ICP: LONG at RSI 78 (overbought, stretched) → brake 18%
17:36:48 |    ☁️ ICP: ichimoku A+ persisting 0.78 WITH the long → score ×1.02 (earned ledger) [C343]
17:36:48 | ⚖️ ICP: long vs R=-0.61 counter-trend → score ×0.85 (penalty, not a veto — it still must clear the bar) [C403]
17:36:48 |    🚫 ICP: counter-trend BLOCK — dir long vs market R=-0.29 AND orderliness 0.13<0.33 (noisy). Long-into-trend is ~45%% barrier-win; no orderliness to justify it [C386]
17:36:49 |    ------------------------------------
17:36:49 |    🧬 ZETA: breadth 4/6 → conviction 0.60 | cat=mid/W+0.24(regime) meanrev×0.93 | Sq=-0.02 fund=+0.002% OI=$1.7M CVD=+0.06 ofi=+0.05 book=+0.08
17:36:49 |    · ZETA: news ~market score=+0.04 (no coin-specific articles)
17:36:49 |    🛑 ZETA: SHORT at RSI 28 (oversold, stretched) → brake 5%
17:36:49 |    🎯 ZETA: target 1.1%→2.1% — regime TD persisting 0.86 on an earned ledger (acc 0.84); room-to-structure defers to the trend [C340]
17:36:49 |    ☁️ ZETA: ichimoku B- persisting 0.91 WITH the short → score ×1.04 (earned ledger) [C343]
17:36:50 |    ❌ ZETA: short scr=0.33 conf=0.65 → low score (<0.42)
17:36:50 |    ------------------------------------
17:36:50 |    🧬 PAXG: breadth 3/6 → conviction 0.65 | cat=calm/W-0.86(regime) meanrev×1.24 | Sq=-0.03 fund=+0.005% OI=$9.2M CVD=-0.51 ofi=-0.18 book=+0.27
17:36:50 |    · PAXG: news ~market score=+0.04 (no coin-specific articles)
17:36:50 |    ☁️ PAXG: ichimoku B- persisting 0.91 AGAINST the long → score ×0.96 (earned ledger) [C343]
17:36:50 | ⚖️ PAXG: long vs R=-0.61 counter-trend → score ×0.85 (penalty, not a veto — it still must clear the bar) [C403]
17:36:50 |    🚫 PAXG: counter-trend BLOCK — dir long vs market R=-0.29 AND orderliness 0.22<0.33 (noisy). Long-into-trend is ~45%% barrier-win; no orderliness to justify it [C386]
17:36:50 |    ------------------------------------
17:36:50 |    🧬 BGB: breadth 5/6 → conviction 0.83 | cat=calm/W-0.87(regime) meanrev×1.25 | Sq=-0.06 fund=+0.010% OI=$23.7M CVD=-0.28 ofi=-0.01 book=+0.16
17:36:50 |    🩸 C398 capitulation tilt: 0.06 ATR off its own 12h low → short score ×0.940 [+4.67pp measured, down-side only by design]
17:36:50 |    · BGB: news ~market score=+0.04 (no coin-specific articles)
17:36:50 |    🛑 BGB: SHORT at RSI 6 (oversold, stretched) → brake 45%
17:36:51 |    🔓 BGB: short near extreme but WITH trend (R=-0.61) → breakout, not blocked
17:36:51 |    🎯 BGB: target 0.5%→0.9% — regime TD persisting 0.86 on an earned ledger (acc 0.84); room-to-structure defers to the trend [C340]
17:36:51 |    ☁️ BGB: ichimoku B- persisting 0.91 WITH the short → score ×1.04 (earned ledger) [C343]
17:36:51 |    ❌ BGB: short scr=0.19 conf=0.53 → low score (<0.42)
17:36:51 |    ------------------------------------
17:36:51 |    🧬 XAUT: breadth 4/6 → conviction 0.81 | cat=calm/W-0.91(regime) meanrev×1.25 | Sq=+0.00 fund=-0.001% OI=$24.3M CVD=+0.46 ofi=-0.09 book=+0.30
17:36:51 |    · XAUT: news ~market score=+0.04 (no coin-specific articles)
17:36:51 |    ☁️ XAUT: ichimoku B- persisting 0.91 AGAINST the long → score ×0.96 (earned ledger) [C343]
17:36:51 | ⚖️ XAUT: long vs R=-0.61 counter-trend → score ×0.85 (penalty, not a veto — it still must clear the bar) [C403]
17:36:51 |    🚫 XAUT: counter-trend BLOCK — dir long vs market R=-0.29 AND orderliness 0.18<0.33 (noisy). Long-into-trend is ~45%% barrier-win; no orderliness to justify it [C386]
17:36:52 |    ------------------------------------
17:36:52 |    🧬 APE: breadth 3/6 → conviction 0.39 | cat=gaming/W+0.82(member) meanrev×0.85 | Sq=-0.07 fund=+0.010% OI=$2.3M CVD=+0.53 ofi=-0.07 book=+0.30
17:36:52 |    · APE: news ~market score=+0.04 (no coin-specific articles)
17:36:52 |    🎯 APE: target 2.0%→2.6% — regime TD persisting 0.86 on an earned ledger (acc 0.84); room-to-structure defers to the trend [C340]
17:36:52 |    ❌ APE: short scr=0.00 conf=0.25 → low confidence
17:36:52 |    ------------------------------------
17:36:52 |    🧬 SKY: breadth 4/6 → conviction 0.65 | cat=defi/W-0.27(member) trend×1.09 | Sq=-0.03 fund=+0.005% OI=$3.0M CVD=+0.20 ofi=+0.07 book=-0.21
17:36:52 |    🧬 SKY: own-history vol 1.33% vs baseline 0.54% (×2.45) → abnormal-wild conviction ×0.95 [C286-2]
17:36:52 |    📄 SKY: news long sig=0.12 score=+0.04
17:36:52 |    🎢→✅ SKY: parabola RESOLVED (pullback age 1c, recovered 1.6 ATR, extreme re-touched) → long allowed, penalty 15%
17:36:52 |    🛑 SKY: long CAPITULATION REJECTION (wick+vol) → blocked
17:36:53 |    ------------------------------------
17:36:53 |    🧬 FIGHT: breadth 3/5 → conviction 0.61 | cat=wild/W+0.98(regime) meanrev×0.73 | Sq=-0.57 fund=+0.095% OI=$1.7M CVD=+0.27 ofi=+0.06 book=+0.10
17:36:53 |    🧬 FIGHT: own-history vol 3.06% vs baseline 1.16% (×2.64) → abnormal-wild conviction ×0.93 [C286-2]
17:36:53 |    · FIGHT: news ~market score=+0.04 (no coin-specific articles)
17:36:53 |    🛑 FIGHT: LONG at RSI 96 (overbought, stretched) → brake 45%
17:36:53 |    ☁️ FIGHT: ichimoku A+ persisting 0.78 WITH the long → score ×1.02 (earned ledger) [C343]
17:36:53 |    🛑 FIGHT: long into CAPITULATION/BLOW-OFF -- climactic bearish rejection (vol-spike) vs RSI 96 -> reversal imminent, continuation blocked
17:36:53 |    ------------------------------------
17:36:53 |    🧬 RAY: breadth 4/5 → conviction 0.81 | cat=solana_eco/W-0.15(member) momentum×1.08 | Sq=-0.03 fund=+0.005% OI=$2.9M CVD=-0.37 ofi=+0.15 book=+0.22
17:36:53 |    📄 RAY: news long sig=0.12 score=+0.04
17:36:53 |    🛑 RAY: LONG at RSI 87 (overbought, stretched) → brake 39%
17:36:54 |    ☁️ RAY: ichimoku A+ persisting 0.78 WITH the long → score ×1.02 (earned ledger) [C343]
17:36:54 |    ⚠️ RAY: long into bearish rejection candle at RSI 87 (counter-signal) -> conviction x0.85
17:36:54 |    ⚡ RAY: long wick rejection #1 → score×0.75
17:36:54 | ⚖️ RAY: long vs R=-0.61 counter-trend → score ×0.85 (penalty, not a veto — it still must clear the bar) [C403]
17:36:54 |    🚫 RAY: counter-trend BLOCK — dir long vs market R=-0.29 AND orderliness 0.15<0.33 (noisy). Long-into-trend is ~45%% barrier-win; no orderliness to justify it [C386]
17:36:54 |    ------------------------------------
17:36:54 |    🧬 FOLKS: breadth 4/6 → conviction 0.73 | cat=wild/W+1.00(regime) meanrev×0.72 | Sq=-0.11 fund=+0.014% OI=$1.4M CVD=+0.25 ofi=-0.13
17:36:54 |    · FOLKS: news ~market score=+0.04 (no coin-specific articles)
17:36:54 |    🎢→⚖️ FOLKS: C292 stands down — parabola BROKEN (range 44×ATR, 29.7 ATR off the day extreme): the 24h 'trend' already failed structurally; counter-trend entry re-enters the TURNING path [C299]
17:36:54 |    ⚡ FOLKS: 24h=+12.3% but 1h=+0.0% (TURNING) → penalty 25%
17:36:54 |    🎢→✅ FOLKS: parabola RESOLVED (bounce age 46c, unwound 29.6 ATR) → short allowed, penalty 15%
17:36:54 |    🎯 FOLKS: target 1.9%→3.4% — regime TD persisting 0.86 on an earned ledger (acc 0.84); room-to-structure defers to the trend [C340]
17:36:54 |    ☁️ FOLKS: ichimoku B- persisting 0.91 WITH the short → score ×1.04 (earned ledger) [C343]
17:36:54 |    ⚠️ FOLKS: short into bullish rejection candle at RSI 33 (counter-signal) -> conviction x0.85
17:36:54 |    ⚡ FOLKS: short wick rejection #1 → score×0.75
17:36:54 |    ❌ FOLKS: short scr=0.08 conf=0.38 → low score (<0.46)
17:36:55 |    ------------------------------------
17:36:55 |    🧬 FET: breadth 3/6 → conviction 0.66 | cat=ai/W+0.27(member) momentum×1.19 | Sq=-0.09 fund=+0.013% OI=$15.6M CVD=+0.26 ofi=-0.03 book=+0.26
17:36:55 |    📰 FET: news long sig=0.30 score=+0.44
17:36:55 |    🎢→✅ FET: parabola RESOLVED (bounce age 20c, unwound 4.5 ATR) → short allowed, penalty 15%
17:36:55 |    🎯 FET: target 1.2%→2.8% — regime TD persisting 0.86 on an earned ledger (acc 0.84); room-to-structure defers to the trend [C340]
17:36:55 |    ☁️ FET: ichimoku B- persisting 0.91 WITH the short → score ×1.04 (earned ledger) [C343]
17:36:55 |    ⚡ FET: short news-tech conflict — score×0.70 (news long sig=0.30)
17:36:55 |    ❌ FET: short scr=0.02 conf=0.37 → low score (<0.42)
17:36:56 |    ------------------------------------
17:36:56 |    🧬 RENDER: breadth 4/6 → conviction 0.68 | cat=depin/W+0.01(member) flow×1.08 | Sq=-0.03 fund=+0.005% OI=$9.5M CVD=+0.15 ofi=-0.20 book=+0.17
17:36:56 |    📄 RENDER: news long sig=0.12 score=+0.10
17:36:56 |    🎢→✅ RENDER: parabola RESOLVED (bounce age 0c, unwound 0.2 ATR, extreme re-touched) → short allowed, penalty 15%
17:36:56 |    🎯 RENDER: target 1.6%→2.4% — regime TD persisting 0.86 on an earned ledger (acc 0.84); room-to-structure defers to the trend [C340]
17:36:56 |    ☁️ RENDER: ichimoku B- persisting 0.91 WITH the short → score ×1.04 (earned ledger) [C343]
17:36:56 |    🛰️ RENDER: C199 order-flow weakening short (OI=neutral, CVD=+0.22) → ×0.75
17:36:56 |    ❌ RENDER: short scr=0.37 conf=0.69 → low score (<0.43)
17:36:56 |    ⚖️ C462-7 RENDER: penalties 0.50→0.37 (×0.75) vs bar 0.43 — the stack decided
17:36:57 |    ------------------------------------
17:36:57 |    🧬 XPL: breadth 5/6 → conviction 0.85 | cat=mid/W+0.05(regime) meanrev×0.99 | Sq=-0.03 fund=+0.005% OI=$8.9M CVD=-0.22 ofi=+0.27 book=+0.27
17:36:57 |    · XPL: news ~market score=+0.04 (no coin-specific articles)
17:36:57 |    🎯 XPL: target 1.8%→3.3% — regime TD persisting 0.86 on an earned ledger (acc 0.84); room-to-structure defers to the trend [C340]
17:36:57 |    ☁️ XPL: ichimoku B- persisting 0.91 WITH the short → score ×1.04 (earned ledger) [C343]
17:36:57 |    ❌ XPL: short scr=0.30 conf=0.59 → low score (<0.42)
17:36:57 |    ⚖️ C462-7 XPL: penalties 0.48→0.30 (×0.62) vs bar 0.42 — the stack decided
17:36:58 |    ------------------------------------
17:36:58 |    🧬 BEAT: breadth 5/6 → conviction 0.85 | cat=mid/W-0.00(regime) meanrev×1.00 | Sq=-0.08 fund=+0.011% OI=$1.4M CVD=+0.27 ofi=+0.01 book=-0.28
17:36:58 |    · BEAT: news ~market score=+0.04 (no coin-specific articles)
17:36:58 |    🛑 BEAT: projection 0.11% < 0.50% (ATR-relative) + MA-fan not accelerating (ma_fan=+0.03) → blocked
17:36:58 |    ------------------------------------
17:36:58 |    🧬 ASTER: breadth 2/5 → conviction 0.36 | cat=calm/W-0.54(regime) meanrev×1.15 | Sq=-0.03 fund=+0.005% OI=$17.7M CVD=-0.04 ofi=-0.37 book=+0.29
17:36:58 |    · ASTER: news ~market score=+0.04 (no coin-specific articles)
17:36:58 |    🎢→✅ ASTER: parabola RESOLVED (bounce age 34c, unwound 5.9 ATR, extreme re-touched) → short allowed, penalty 15%
17:36:59 |    🎯 ASTER: target 0.7%→1.6% — regime TD persisting 0.86 on an earned ledger (acc 0.84); room-to-structure defers to the trend [C340]
17:36:59 |    ☁️ ASTER: ichimoku B- persisting 0.91 WITH the short → score ×1.04 (earned ledger) [C343]
17:36:59 |    ❌ ASTER: short scr=0.00 conf=0.56 → low score (<0.42)
17:36:59 |    ------------------------------------
17:36:59 |    🧬 牛来: breadth 6/6 → conviction 1.00 | cat=wild/W+0.81(regime) meanrev×0.77 | Sq=-0.32 fund=+0.041% OI=$1.8M CVD=-0.27 ofi=-0.03 book=-0.28
17:36:59 |    🧬 牛来: own-history vol 1.45% vs baseline 2.70% (×0.54) → coiled conviction ×1.02 [C286-2]
17:36:59 |    · 牛来: news ~market score=+0.04 (no coin-specific articles)
17:36:59 |    🎢→✅ 牛来: parabola RESOLVED (bounce age 34c, unwound 8.9 ATR) → short allowed, penalty 15%
17:36:59 |    🎯 牛来: target 2.2%→3.9% — regime TD persisting 0.86 on an earned ledger (acc 0.84); room-to-structure defers to the trend [C340]
17:36:59 |    ☁️ 牛来: ichimoku B- persisting 0.91 WITH the short → score ×1.04 (earned ledger) [C343]
17:37:02 |    📊 牛来 flow(proxy): L/S 1h=1.3 4h=1.3 12h=1.3 | R=-0.20 taker=-0.03 SM=-0.49
17:37:03 |    📈 牛来 OI: neutral Δ=+0.0% str=+0.00
17:37:03 |    ✅ 牛来      S s=0.62 c=0.65 p=-1.0% lx1.12
17:37:03 |       🌊 real-CVD: delta=-0.56 accel=+0.22 → N51=-0.27
17:37:03 |    ------------------------------------
17:37:03 |    🧬 FORM: breadth 5/6 → conviction 0.80 | cat=mid/W+0.06(regime) meanrev×0.99 | Sq=-0.03 fund=+0.005% OI=$1.1M CVD=-0.43 ofi=+0.14 book=+0.30
17:37:03 |    · FORM: news ~market score=+0.04 (no coin-specific articles)
17:37:03 |    🎢→✅ FORM: parabola RESOLVED (bounce age 35c, unwound 8.0 ATR) → short allowed, penalty 15%
17:37:03 |    🎯 FORM: target 0.3%→2.5% — regime TD persisting 0.86 on an earned ledger (acc 0.84); room-to-structure defers to the trend [C340]
17:37:03 |    ☁️ FORM: ichimoku B- persisting 0.91 WITH the short → score ×1.04 (earned ledger) [C343]
17:37:03 |    ❌ FORM: short scr=0.49 conf=0.54 → low quality (0.26<0.27)
17:37:04 |    ------------------------------------
17:37:04 |    🧬 FLOCK: breadth 4/6 → conviction 0.69 | cat=wild/W+0.91(regime) meanrev×0.74 | Sq=-0.04 fund=+0.005% OI=$1.3M CVD=-0.27 ofi=-0.18 book=+0.00
17:37:04 |    · FLOCK: news ~market score=+0.04 (no coin-specific articles)
17:37:04 |    🎯 FLOCK: target 1.8%→3.3% — regime TD persisting 0.86 on an earned ledger (acc 0.84); room-to-structure defers to the trend [C340]
17:37:04 |    ☁️ FLOCK: ichimoku B- persisting 0.91 WITH the short → score ×1.04 (earned ledger) [C343]
17:37:08 |    📊 FLOCK flow(proxy): L/S 1h=1.1 4h=1.1 12h=1.2 | R=-0.10 taker=-0.01 SM=-0.27
17:37:08 |    📈 FLOCK OI: neutral Δ=+0.0% str=+0.00
17:37:08 |    📏 FLOCK: short at 7% of its own 24h range → extension penalty 10% (measured: that third wins ~47% vs ~54% at the other end, 4/4 out-of-sample) [C455-4]
17:37:08 |    🛑 FLOCK: LOW AGREEMENT 51% < 55% (mixed, macro-aligned) → blocked
17:37:08 |    ------------------------------------
17:37:08 |    🧬 ZAMA: breadth 4/6 → conviction 0.72 | cat=wild/W+0.83(regime) meanrev×0.77 | Sq=-0.03 fund=+0.005% OI=$4.8M CVD=-0.28 ofi=+0.29 book=-0.21
17:37:08 |    · ZAMA: news ~market score=+0.04 (no coin-specific articles)
17:37:08 |    🎢 ZAMA: long BLOCKED — broken-parabola bounce (day range 17×ATR, 6.6 ATR below the day high) → post-blow-off distribution risk
17:37:08 |       ⚖️ parabola → score ×0.82 (penalty, not a veto — must still clear the bar) [C403]
17:37:09 |    ☁️ ZAMA: ichimoku B- persisting 0.91 AGAINST the long → score ×0.96 (earned ledger) [C343]
17:37:09 |    🛑 ZAMA: long CAPITULATION REJECTION (wick+vol) → blocked
17:37:09 |    ------------------------------------
17:37:09 |    🧬 SPX: breadth 3/6 → conviction 0.54 | cat=mid/W+0.14(regime) meanrev×0.96 | Sq=-0.03 fund=+0.005% OI=$2.6M CVD=-0.52 ofi=-0.07 book=+0.14
17:37:09 |    · SPX: news ~market score=+0.04 (no coin-specific articles)
17:37:09 |    🛑 SPX: SHORT at RSI 19 (oversold, stretched) → brake 24%
17:37:09 |    🎢→✅ SPX: parabola RESOLVED (bounce age 0c, unwound 0.0 ATR, extreme re-touched) → short allowed, penalty 15%
17:37:09 |    🎯 SPX: target 2.1%→3.2% — regime TD persisting 0.86 on an earned ledger (acc 0.84); room-to-structure defers to the trend [C340]
17:37:09 |    ☁️ SPX: ichimoku B- persisting 0.91 WITH the short → score ×1.04 (earned ledger) [C343]
17:37:09 |    ❌ SPX: short scr=0.09 conf=0.24 → low confidence
17:37:10 |    ------------------------------------
17:37:10 |    🧬 ZEN: breadth 5/6 → conviction 0.76 | cat=privacy/W+0.03(member) meanrev×1.12 | Sq=-0.07 fund=+0.010% OI=$3.0M CVD=-0.60 ofi=-0.40 book=-0.15
17:37:10 |    📄 ZEN: news long sig=0.12 score=+0.07
17:37:10 |    🎯 ZEN: target 1.5%→2.5% — regime TD persisting 0.86 on an earned ledger (acc 0.84); room-to-structure defers to the trend [C340]
17:37:10 |    ❌ ZEN: short scr=0.23 conf=0.45 → low score (<0.43)
17:37:10 |    ------------------------------------
17:37:10 |    🧬 LDO: breadth 4/6 → conviction 0.66 | cat=defi/W-0.03(member) trend×1.08 | Sq=-0.03 fund=+0.006% OI=$3.2M CVD=+0.18 ofi=+0.03 book=+0.01
17:37:10 |    📄 LDO: news long sig=0.12 score=+0.04
17:37:11 |    🎯 LDO: target 1.2%→2.7% — regime TD persisting 0.86 on an earned ledger (acc 0.84); room-to-structure defers to the trend [C340]
17:37:11 |    ☁️ LDO: ichimoku B- persisting 0.91 WITH the short → score ×1.04 (earned ledger) [C343]
17:37:11 |    ❌ LDO: short scr=0.03 conf=0.57 → low score (<0.42)
17:37:11 |    ------------------------------------
17:37:11 |    🧬 CAKE: breadth 4/6 → conviction 0.47 | cat=defi/W-0.05(member) trend×1.08 | Sq=-0.03 fund=+0.005% OI=$2.5M CVD=+0.07 ofi=-0.40 book=+0.15
17:37:11 |    📄 CAKE: news long sig=0.12 score=+0.04
17:37:11 |    🎢 CAKE: long BLOCKED — broken-parabola bounce (day range 14×ATR, 6.2 ATR below the day high) → post-blow-off distribution risk
17:37:11 |       ⚖️ parabola → score ×0.82 (penalty, not a veto — must still clear the bar) [C403]
17:37:11 |    🛑 CAKE: projection 0.26% < 0.33% (ATR-relative) + MA-fan not accelerating (ma_fan=+0.00) → blocked
17:37:12 |    ------------------------------------
17:37:12 |    🧬 CHZ: breadth 1/5 → conviction 0.22 | cat=calm/W-0.34(regime) meanrev×1.10 | Sq=-0.07 fund=+0.010% OI=$4.0M CVD=+0.12 ofi=-0.01 book=+0.21
17:37:12 |    · CHZ: news ~market score=+0.04 (no coin-specific articles)
17:37:12 |    🎯 CHZ: target 0.8%→2.0% — regime TD persisting 0.86 on an earned ledger (acc 0.84); room-to-structure defers to the trend [C340]
17:37:12 |    ☁️ CHZ: ichimoku B- persisting 0.91 WITH the short → score ×1.04 (earned ledger) [C343]
17:37:12 |    ❌ CHZ: short scr=0.00 conf=0.35 → low score (<0.42)
17:37:12 |    ------------------------------------
17:37:12 |    🧬 PROM: breadth 6/6 → conviction 1.00 | cat=wild/W+0.83(regime) meanrev×0.77 | Sq=-0.12 fund=+0.016% OI=$4.5M CVD=-0.28 ofi=-0.10 book=+0.06
17:37:12 |    🧬 PROM: own-history vol 0.91% vs baseline 1.38% (×0.66) → coiled conviction ×1.01 [C286-2]
17:37:12 |    · PROM: news ~market score=+0.04 (no coin-specific articles)
17:37:12 |    ⚡ PROM: projection 0.75% modest + MA-fan compressing (ma_fan=+0.04) → penalty 20%
17:37:13 |    ☁️ PROM: ichimoku A+ persisting 0.78 WITH the long → score ×1.02 (earned ledger) [C343]
17:37:13 | ⚖️ PROM: long vs R=-0.61 counter-trend → score ×0.85 (penalty, not a veto — it still must clear the bar) [C403]
17:37:13 |    🚫 PROM: counter-trend BLOCK — dir long vs market R=-0.29 AND orderliness 0.13<0.33 (noisy). Long-into-trend is ~45%% barrier-win; no orderliness to justify it [C386]
17:37:13 |    ------------------------------------
17:37:13 |    🧬 BLESS: breadth 5/6 → conviction 0.79 | cat=mid/W-0.03(regime) meanrev×1.01 | Sq=-0.04 fund=+0.005% OI=$3.0M CVD=-0.06 ofi=+0.00 book=-0.24
17:37:13 |    · BLESS: news ~market score=+0.04 (no coin-specific articles)
17:37:13 |    🛑 BLESS: long structural exhaustion (1% room) → blocked
17:37:13 |    🔓 C382 OVERRIDE BLESS: no_structural_room waived — score 0.704 conf 0.852 clear the bar, and that gate family was refuted at 158k observations (1 this session)
17:37:13 |    ☁️ BLESS: ichimoku A+ persisting 0.78 WITH the long → score ×1.02 (earned ledger) [C343]
17:37:13 | ⚖️ BLESS: long vs R=-0.61 counter-trend → score ×0.85 (penalty, not a veto — it still must clear the bar) [C403]
17:37:13 |    🚫 BLESS: counter-trend BLOCK — dir long vs market R=-0.29 AND orderliness 0.14<0.33 (noisy). Long-into-trend is ~45%% barrier-win; no orderliness to justify it [C386]
17:37:14 |    ------------------------------------
17:37:14 |    🧬 CAP: breadth 6/6 → conviction 1.00 | cat=calm/W-0.68(regime) meanrev×1.19 | Sq=-0.04 fund=+0.005% OI=$1.0M CVD=-0.15 ofi=-0.01 book=-0.01
17:37:14 |    · CAP: news ~market score=+0.04 (no coin-specific articles)
17:37:14 |    🛑 CAP: long structural exhaustion (0% room) → blocked
17:37:14 |    🔓 C382 OVERRIDE CAP: no_structural_room waived — score 0.816 conf 0.827 clear the bar, and that gate family was refuted at 158k observations (2 this session)
17:37:14 |    ☁️ CAP: ichimoku A+ persisting 0.78 WITH the long → score ×1.02 (earned ledger) [C343]
17:37:14 | ⚖️ CAP: long vs R=-0.61 counter-trend → score ×0.85 (penalty, not a veto — it still must clear the bar) [C403]
17:37:14 |    🚫 CAP: counter-trend BLOCK — dir long vs market R=-0.29 AND orderliness 0.05<0.33 (noisy). Long-into-trend is ~45%% barrier-win; no orderliness to justify it [C386]
17:37:15 |    ------------------------------------
17:37:15 |    🧬 VTHO: breadth 1/5 → conviction 0.20 | cat=calm/W-0.50(regime) meanrev×1.15 | Sq=+0.32 fund=-0.040% OI=$1.3M CVD=+0.32 ofi=-0.06 book=-0.00
17:37:15 |    🧬 VTHO: own-history vol 0.66% vs baseline 1.11% (×0.60) → coiled conviction ×1.01 [C286-2]
17:37:15 |    · VTHO: news ~market score=+0.04 (no coin-specific articles)
17:37:15 |    🎢→✅ VTHO: parabola RESOLVED (bounce age 39c, unwound 8.1 ATR) → short allowed, penalty 15%
17:37:15 |    ------------------------------------
17:37:15 |    🧬 NDX100: breadth 2/5 → conviction 0.47 | cat=mid/W+0.15(regime) meanrev×0.96 | Sq=+0.00 fund=+0.000% OI=$2.7M CVD=-0.29 ofi=+0.10 book=+0.25
17:37:15 |    · NDX100: news ~market score=+0.04 (no coin-specific articles)
17:37:15 |    ☁️ NDX100: ichimoku B- persisting 0.91 WITH the short → score ×1.04 (earned ledger) [C343]
17:37:15 |    ❌ NDX100: short scr=0.04 conf=0.69 → low score (<0.42)
17:37:15 |    ------------------------------------
17:37:15 |    🧬 COPPER: breadth 3/5 → conviction 0.58 | cat=calm/W-0.80(regime) meanrev×1.22 | Sq=+0.00 fund=+0.000% OI=$3.5M CVD=-0.04 ofi=-0.12 book=-0.15
17:37:15 |    · COPPER: news ~market score=+0.04 (no coin-specific articles)
17:37:15 |    🛑 COPPER: SHORT at RSI 28 (oversold, stretched) → brake 6%
17:37:16 |    🔓 COPPER: short near extreme but WITH trend (R=-0.61) → breakout, not blocked
17:37:16 |    ☁️ COPPER: ichimoku B- persisting 0.91 WITH the short → score ×1.04 (earned ledger) [C343]
17:37:16 |    ❌ COPPER: short scr=0.07 conf=0.65 → low score (<0.42)
17:37:16 | 📊 Step 3 result: 70 analyzed → 2 viable → Step 4 DRI/DSI
17:37:16 |    ⚡ C430-2 warm start: 2 candidates had price, book and candles primed in parallel with the remaining Step 3 scoring — Step 4/5 now read them from cache instead of fetching one symbol at a time. Ranking and allocation are unchanged.
17:37:16 |    🧿 C464 info overlay: 2 candidate(s) tilted on [flow 70, fund 70, news 70] — strongest 牛来 +0.34 ×1.051 {'flow': 0.786, 'fund': -0.929, 'news': 0.143}
17:37:16 | ━━━━━━━━━━━━━━━━━━━━━━━━━━━━━━━━━━━━━━━━━━━━━━━━━━
17:37:16 | 📋 STEP 4: DRI/DSI RANKING — 2 candidates
17:37:16 | ━━━━━━━━━━━━━━━━━━━━━━━━━━━━━━━━━━━━━━━━━━━━━━━━━━
17:37:16 | 🔬 Computing unified DRI/DSI on 2 candidates
17:37:16 |    1. 牛来: Rank=0.333 DRI=-0.119 DSI=+0.300 Scr=0.620 Agr=65% MQ=0.65 News=+0.04 Stg=mid Cat=wild/W+0.81(regime) Sq=-0.32 Macro=↓73%
17:37:16 |    2. KERNEL: Rank=0.302 DRI=-0.107 DSI=+0.323 Scr=0.505 Agr=62% MQ=0.80 News=-0.08 Stg=mid Cat=mid/W+0.24(regime) Sq=+0.99 Macro=↓79%
17:37:16 |    🎯 Kelly-Conv-Vol: base=0.55 conv=0.77(s=0.56) vol_adj=0.73(atr=1.4%) → max=$63.20
17:37:16 |    💰 $126.40 kept as reserve (max-per-trade cap enforced)
17:37:16 | 🌊 First scan — up to 3 positions (C69 diversification)
17:37:16 | ━━━━━━━━━━━━━━━━━━━━━━━━━━━━━━━━━━━━━━━━━━━━━━━━━━
17:37:16 | 📋 STEP 5: TRADE SELECTION — 2 candidates
17:37:16 | ━━━━━━━━━━━━━━━━━━━━━━━━━━━━━━━━━━━━━━━━━━━━━━━━━━
17:37:16 |    牛来/USDT:USDT: Score=0.620, Dir=short, Margin=$63.20
17:37:16 |    KERNEL/USDT:USDT: Score=0.505, Dir=short, Margin=$63.20
17:37:16 |    🔸 牛来: FEEDBACK NEUTRAL — conv=-0.0060 candle=+0.000% vol=-0.9
17:37:16 |    🧮 牛来: S3 RECORD P=0.679 R=0.84 EV=+0.171PRU κ=0.43 T=0.00 [C322/C335]
17:37:16 |    ⚖️ C61 ATR-cap: lev 5→1 (ATR=1.44% × 5x = PRU 7.2% > 2.0%)
17:37:16 |    🎲 C378 odds-size: orderliness 0.16 -> risk x0.80 ($0.686)
17:37:16 |    🧮 C260 budget-fit: est stop $1.36 > share $0.69 (60% of $7.31 day budget) → margin $63.20→$31.78 (stop=$0.69)
17:37:16 |    💰 C461: 牛来 would have CROSSED (C297 regime-urgent) — resting as maker instead. Crossing costs 4bp against a measured gross edge of 1.7bp [throttled 10min]
17:37:16 |    📍 C279/C397 passive limit @ $0.10884 (anchored to book; ask $0.10884, mkt $0.1088)
17:37:17 | 📝 Paper LIMIT: 牛来 sell @$0.108840
17:37:17 | 📉 FILL: 牛来 SELL @$0.108840 | paper=True
17:37:17 |    🫧 牛来 FLOW baseline [C401]: taker delta -0.563 | OI 1,779,383 — INSTRUMENTED ONLY, no exit is wired to this yet
17:37:17 |    🔒 C378 stop level $0.11118 recorded (paper — C377 enforces it in-process) [C397 tick-legal]
17:37:17 |    🎯 牛来: target floor 2.80R = 10.58% (p=0.68 fee=0.022R wr 0.33 n=20 [C420-4]) — computed, not fixed [C416]
17:37:17 |    🎯 Planned target: $0.097328 (+10.6%)
17:37:17 |    📐 PRU: 1.50% | EQI: 0.278 | ATR: 1.45%
17:37:17 | ────────────────────────────────────────
17:37:17 | 📊 OPEN: 牛来 SHORT @$0.10884
  >> 17:37  OPEN   牛来 SHORT @0.108840  x1 $31.78
       target +10.6%  stop -2.2%  entry score 0.62  maker
17:37:17 |    🧮 EVAL TRADE #23/100 (window W2)
17:37:17 |    Leverage: 1x | Margin: $31.78 | Conf: 0.678
17:37:17 |    Strategy: momentum | Score: 0.620
17:37:17 |    🎲 牛来 Entry DRI: -0.119 | DSI: +0.300 (locked baselines — C399 measures every later reading against these)
17:37:17 |    🔮 Trend: MID | Proj: -1.0% | Prob: 66% | Hold: ~60min
17:37:17 | ────────────────────────────────────────
17:37:17 |    📊 Top signals: rsi_value=+35.30 | perm_entropy=+0.95 | vwdi=-0.75 | micro_exhaustion=-0.67 | rqa_det=+0.63 | kalman_momentum=-0.55
17:37:17 |    🎯 Dir: short | Agreement: 22/38 (58%)
17:37:17 |    🔸 KERNEL: FEEDBACK NEUTRAL — conv=+0.0063 candle=-0.035% vol=-1.0
17:37:18 |    🧮 KERNEL: S3 RECORD P=0.666 R=1.08 EV=+0.300PRU κ=0.43 T=0.00 [C322/C335]
17:37:18 |    ⚖️ C61 ATR-cap: lev 4→1 (ATR=1.29% × 4x = PRU 5.2% > 2.0%)
17:37:18 |    🛡️ KERNEL: C313 open-stop reservation $0.69 held back → $6.62 of $9.48 free
17:37:18 |    🎲 C378 odds-size: orderliness 0.15 -> risk x0.79 ($0.679)
17:37:18 |    🧮 C260 budget-fit: est stop $1.23 > share $0.68 (60% of $6.62 day budget) → margin $63.20→$34.98 (stop=$0.68)
17:37:18 |    📍 C279/C397 passive limit @ $0.05637 (anchored to book; ask $0.05637, mkt $0.05636)
17:37:19 | 📝 Paper LIMIT: KERNEL sell @$0.056370
17:37:19 | 📉 FILL: KERNEL SELL @$0.056370 | paper=True
17:37:19 |    🫧 KERNEL FLOW baseline [C401]: taker delta -0.172 | OI 859,491 — INSTRUMENTED ONLY, no exit is wired to this yet
17:37:19 |    🔒 C378 stop level $0.05746 recorded (paper — C377 enforces it in-process) [C397 tick-legal]
17:37:19 |    🎯 KERNEL: target floor 2.83R = 9.59% (p=0.67 fee=0.029R wr 0.33 n=20 [C420-4]) — computed, not fixed [C416]
17:37:19 |    🎯 Planned target: $0.050966 (+9.6%)
17:37:19 |    📐 PRU: 1.50% | EQI: 0.233 | ATR: 1.30%
17:37:19 | ────────────────────────────────────────
17:37:19 | 📊 OPEN: KERNEL SHORT @$0.05637
  >> 17:37  OPEN   KERNEL SHORT @0.056370  x1 $34.98
       target +9.6%  stop -1.9%  entry score 0.51  maker
17:37:19 |    🧮 EVAL TRADE #24/100 (window W2)
17:37:19 |    Leverage: 1x | Margin: $34.98 | Conf: 0.677
17:37:19 |    Strategy: trend_following | Score: 0.505
17:37:19 |    🎲 KERNEL Entry DRI: -0.107 | DSI: +0.323 (locked baselines — C399 measures every later reading against these)
17:37:19 |    🔮 Trend: MID | Proj: -1.0% | Prob: 68% | Hold: ~60min
17:37:19 | ────────────────────────────────────────
17:37:19 |    📊 Top signals: rsi_value=+32.95 | perm_entropy=+0.96 | hurst=+0.69 | short_term=-0.51 | capitulation=-0.50 | rqa_det=+0.50
17:37:19 |    🎯 Dir: short | Agreement: 22/36 (61%)
17:37:32 |    🛡 C373: 牛来 capture held — +0.04% is 0.01R, floor 48.00% (1.0R); 0/120min into horizon [throttled 5min]
17:37:32 |    🛡 C373: KERNEL capture held — +0.02% is 0.01R, floor 48.00% (1.0R); 0/120min into horizon [throttled 5min]
17:37:32 |    🏁 C467: the day is 1.11% against its 0.68% target — noted, and trading CONTINUES. Only a loss can end a day now; a good one is left to run.
17:37:32 | 🔄 C92 REGIME SHIFT: regime mixed→trending
17:38:22 | 📐 C369 DAILY BUDGET @ $252.81
17:38:22 |    smallest orderable trade risks 0.059% of equity
17:38:22 |    day-end barrier +/-0.68% (= 15% declared monthly drawdown / 22) — NOT a daily earnings goal; expected daily return +0.136% at a 60% DAILY win rate → +3.04%/month [C426-2]
17:38:22 |    target 0.68%/day — ONE budget, single mode (HP ladder retired, C403-3); day ends on the cap
17:38:22 |    day cap 0.68%  |  per-trade risk 0.341%  |  break-even WR 50.0% AT 1:1 PAYOFF — at the measured 0.36 payoff (5W/5L in R) it is 73%, which is the number that matters [C406/C463-10]
17:38:22 |    projected month: +0.00% @50%WR  +3.04% @60%WR  +6.17% @70%WR
17:38:22 |    ceiling: even a PERFECT month cannot exceed 16.12% at this target
17:38:22 | 🎚️ C482 MONTHLY RISK DIAL 15% -> 15% (control panel). Month budget $37.92, used $0.00; today may lose $9.48; per-trade risk 0.341%
17:42:19 | 📋 STEP 1: Using cached 70 pairs (397s old, refresh at 480s)
17:42:19 | ━━━━━━━━━━━━━━━━━━━━━━━━━━━━━━━━━━━━━━━━━━━━━━━━━━
17:42:19 | 📋 STEP 2: MARKET ANALYSIS — News, Bias, Coherence
17:42:19 | ━━━━━━━━━━━━━━━━━━━━━━━━━━━━━━━━━━━━━━━━━━━━━━━━━━
17:42:21 |    🌍 C270 macro: NDX/SPX z=-0.61 gold z=+0.38 tone x1.25 sess w=0.94 -> tilt -0.072 | R -0.55->-0.63
17:42:21 | ✅ C79 RESULTANT: 1h=-0.82 4h=-0.56 12h=-0.42 R=-0.63 mag=0.63
17:42:21 | 📰 News: 64 articles | 🔵 +0.40
17:42:21 | 📈 Market: 🔻BEARISH (blend=-0.30 R=-0.63) | 1h=-0.82 4h=-0.56 12h=-0.42 align=+0.34 macro=✓
17:42:21 | 📊 Regime: TRENDING (0.59) | DFA=0.64 Ent=0.90 GARCH=0.0015
17:42:21 | 🎲 RegimeMarkov: state=TD → next most-likely TD (P=0.86, persist=0.86, conf=0.83, n=244) | calib[1138]: acc=0.84 brier=0.056
17:42:21 | 🎲 PairMarkov: calib[19334]: acc=1.00 brier=0.000 (baseline 0.160)
17:42:21 | 🎲 FamilyMarkov: calib[2150/120]: acc=1.00 brier=0.005 (base 0.020) skill=+75.9% [need +5%] EARNED [C342]
17:42:21 | 🎲 IchiMarkov: calib[19120/200]: acc=0.83 brier=0.128 (base 0.153) skill=+16.1% [need +5%] EARNED [C343]
17:42:21 | 🧮 S3-EV: calib[119]: acc=0.33 brier=0.332 (baseline 0.250)
17:42:21 | 🌊 Market coherence: 65% long (36↑ vs 19↓)
17:42:22 | 💰 Taker flow: 🔵 +0.23 (BTC=+0.02 ETH=+0.43)
17:42:22 | ━━━━━━━━━━━━━━━━━━━━━━━━━━━━━━━━━━━━━━━━━━━━━━━━━━
17:42:22 | 📋 STEP 3: PREDICTIVE ANALYSIS — Scoring each pair
17:42:22 | ━━━━━━━━━━━━━━━━━━━━━━━━━━━━━━━━━━━━━━━━━━━━━━━━━━
17:42:35 | 🌐 Market breadth -0.27 (OVERSOLD-heavy, 70 pairs) — fresh entries in that direction get a late-move brake
17:42:36 |    📄 KERNEL: news short sig=0.10 score=-0.08
17:42:36 |    🎯 KERNEL: target 2.0%→3.5% — regime TD persisting 0.86 on an earned ledger (acc 0.84); room-to-structure defers to the trend [C340]
17:42:36 |    ☁️ KERNEL: ichimoku B- persisting 0.91 WITH the short → score ×1.04 (earned ledger) [C343]
17:42:36 |    📊 KERNEL flow(proxy): L/S 1h=1.1 4h=1.1 12h=1.1 | R=-0.04 taker=+0.02
17:42:36 |    📈 KERNEL OI: neutral Δ=+0.3% str=+0.00
17:42:36 |    📏 KERNEL: short at 13% of its own 24h range → extension penalty 9% (measured: that third wins ~47% vs ~54% at the other end, 4/4 out-of-sample) [C455-4]
17:42:36 | ⚡ KERNEL: short already moved -9.1% → penalty 40%
17:42:36 |    ⚖️ KERNEL: penalty-stack floor 0.36→0.48 (base 0.80) [C367: base✓ proj✓]
17:42:36 |    ✅ KERNEL  S s=0.36 c=0.57 p=-1.0% lx1.12 📄S0.1
17:42:36 |       🌊 real-CVD: delta=-0.17 accel=+0.44 → N51=-0.12
17:42:37 |    · 牛来: news ~market score=+0.04 (no coin-specific articles)
17:42:37 |    🎢→✅ 牛来: parabola RESOLVED (bounce age 34c, unwound 8.9 ATR) → short allowed, penalty 15%
17:42:37 |    🎯 牛来: target 2.2%→3.9% — regime TD persisting 0.86 on an earned ledger (acc 0.84); room-to-structure defers to the trend [C340]
17:42:37 |    ☁️ 牛来: ichimoku B- persisting 0.91 WITH the short → score ×1.04 (earned ledger) [C343]
17:42:37 |    📊 牛来 flow(proxy): L/S 1h=1.3 4h=1.3 12h=1.3 | R=-0.14 taker=+0.11 SM=-0.49
17:42:37 |    📈 牛来 OI: neutral Δ=+0.1% str=+0.00
17:42:37 |    ⚖️ 牛来: penalty-stack floor 0.45→0.46 (base 0.77) [C367: base✓ proj✓]
17:42:37 |    ✅ 牛来      S s=0.45 c=0.62 p=-1.0% lx1.12
17:42:37 |       🌊 real-CVD: delta=-0.56 accel=+0.22 → N51=-0.27
17:42:37 | 📊 Step 3 result: 2 analyzed (+68 cached) → 2 viable → Step 4 DRI/DSI
17:42:38 |    ⚡ C430-2 warm start: 2 candidates had price, book and candles primed in parallel with the remaining Step 3 scoring — Step 4/5 now read them from cache instead of fetching one symbol at a time. Ranking and allocation are unchanged.
17:42:38 |    🧿 C464 info overlay: 2 candidate(s) tilted on [flow 70, fund 70, news 70] — strongest 牛来 +0.34 ×1.051 {'flow': 0.786, 'fund': -0.929, 'news': 0.143}
17:42:38 | ━━━━━━━━━━━━━━━━━━━━━━━━━━━━━━━━━━━━━━━━━━━━━━━━━━
17:42:38 | 📋 STEP 4: DRI/DSI RANKING — 2 candidates
17:42:38 | ━━━━━━━━━━━━━━━━━━━━━━━━━━━━━━━━━━━━━━━━━━━━━━━━━━
17:42:38 | 🔬 Computing unified DRI/DSI on 2 candidates
17:42:38 |    1. KERNEL: Rank=0.292 DRI=-0.107 DSI=+0.315 Scr=0.482 Agr=62% MQ=0.80 News=-0.08 Stg=mid Cat=mid/W+0.24(regime) Sq=+0.99 Macro=↓79%
17:42:38 |    2. 牛来: Rank=0.285 DRI=-0.119 DSI=+0.297 Scr=0.464 Agr=65% MQ=0.65 News=+0.04 Stg=mid Cat=wild/W+0.81(regime) Sq=-0.32 Macro=↓73%
17:42:38 |    🎯 Kelly-Conv-Vol: base=0.55 conv=0.62(s=0.47) vol_adj=0.73(atr=1.4%) → max=$46.16
17:42:38 |    💰 $93.73 kept as reserve (max-per-trade cap enforced)
17:42:38 | ━━━━━━━━━━━━━━━━━━━━━━━━━━━━━━━━━━━━━━━━━━━━━━━━━━
17:42:38 | 📋 STEP 5: TRADE SELECTION — 2 candidates
17:42:38 | ━━━━━━━━━━━━━━━━━━━━━━━━━━━━━━━━━━━━━━━━━━━━━━━━━━
17:42:38 |    KERNEL/USDT:USDT: Score=0.482, Dir=short, Margin=$46.16
17:42:38 |    牛来/USDT:USDT: Score=0.464, Dir=short, Margin=$46.16
17:42:38 |    🔸 KERNEL: FEEDBACK NEUTRAL — conv=-0.0108 candle=+0.018% vol=-0.9
17:42:38 |    🛑 KERNEL: NOT A NEW BET — adds only -0.09 independent positions to the 1.54 already held. Same opinion, second fee [C418]
17:42:38 |    🔸 牛来: FEEDBACK CAUTION — conv=-0.0838 → margin -17% (not blocking)
17:42:38 |    🔸 牛来: FEEDBACK NEUTRAL — conv=-0.0838 candle=+0.394% vol=-0.6
17:42:38 |    🛑 牛来: NOT A NEW BET — adds only -0.09 independent positions to the 1.54 already held. Same opinion, second fee [C418]
17:42:47 |    🧮→🛡️ KERNEL: thesis still reads P=0.66 (age 0min, freshness 1.00) → stagnant floor -1.25→-1.60 PRU (hard stop unchanged) [C321/C325]
17:43:02 |    🧮→🛡️ 牛来: thesis still reads P=0.67 (age 0min, freshness 1.00) → stagnant floor -1.25→-1.60 PRU (hard stop unchanged) [C321/C325]
17:43:16 |    🛡 C373: KERNEL capture held — +0.14% is 0.05R, floor 48.00% (1.0R); 6/120min into horizon [throttled 5min]
 
 
  17:43  up 0h08m  scan 2 ------------------------------------------------------------------------
  EQUITY    $252.53  unreal $-0.28
  OPEN      2 pos $66.76 (26%)  free $186.05
  ------------------------------------------------------------------------------------------------
  PAIR     SIDE       ENTRY      MARK    MOVE     P&L   AGE  THESIS
  牛来       SHORT   0.108840  0.109730  -0.82%   -0.29    6m  - 50% left
  KERNEL   SHORT   0.056370  0.056320  +0.09%   +0.00    6m  + 52% left
  ------------------------------------------------------------------------------------------------
  SESSION   $-0.28 -0.11%  peak $252.81  dd 0.11%
  DAY       real $-2.17  limit $9.48 (3.72%)  23% used
            ######....................
  MONTH     dial 15%  used $0.00 of $37.92  from $252.81
  RECORD    no closed trades yet this run
  LIFETIME  87tr 25W 62L 29%  $+2.81
  FEES      $0.01  mk2/tk0  0.005% of eq
  SCAN      802 > 2 > 2 passed  top KERNEL 0.48 (viable)  2 scans, 72 analysed
  MARKET    TRENDING  bias -0.30  breadth -0.27  taker flow +0.23
  NEWS      64 articles  + tone +0.40  PEPE +0.53  MET +0.50  FET +0.44
  INFO      2 tilted  flow/fund/news on 70
  MOVERS    FIGHT +45% #48  MET +37% #22  ALLO +30% cut  ZEST +30% #40
  ------------------------------------------------------------------------------------------------
 
17:43:31 | 
17:43:31 | ============================================================
17:43:31 | 📊 POSITION SUMMARY (8-MIN UPDATE)
17:43:31 | 💰 Equity: $252.81 | Unrealized: $-0.28
17:43:31 | 💵 Available: $186.05 | Locked: $66.76
17:43:31 | 📈 Session: $-0.28 (-0.1%)
17:43:31 | 🎯 Win Rate: Overall 29% | Session 0% | Open 50%
17:43:31 | ============================================================
17:43:31 | 🔻 SHORT 牛来
17:43:31 |    💰 Margin: $31.78 | Lev: 1x | Age: 6min
17:43:31 |    📊 Entry: $0.108840 → Now: $0.109730
17:43:31 |    📈 Move: -0.82% | PnL: $-0.29 (-0.8%)
17:43:31 |    🎲 牛来 DRI: -0.110→ Δb=+0.009 | DSI: +0.151 Δb=-0.149 📉 μ=-0.22 | 🟢 thesis 50% left (DRI 93% / DSI 50%)
17:43:31 |    📊 Mom=-0.08, Vol=-0.00, Tec=-0.12, Ml=-0.02, Wav=-0.03, Ofi=-0.21, Fun=-0.67
17:43:31 |       Mul=-0.90, Pri=0.09, Tim=0.00, Rvs=0.00, _hu=0.44, _ds=0.15
17:43:31 |    🎯 Strategy: momentum | Conf: 0.678 | TF: 1h (hold≥10m)
17:43:33 |    📊 Flow(mkt): L/S=1.3 R=-0.13 taker=+0.11
17:43:34 |    📈 OI: neutral Δ=+0.1%
17:43:34 |    🫧 牛来 FLOW [C401]: taker support +0.475 (entry +0.563, -0.089) 🟢 (instrumented, no exit wired)
17:43:34 |    📋 Limit Order Entry
17:43:34 | 
17:43:34 | 🔸 SHORT KERNEL
17:43:34 |    💰 Margin: $34.98 | Lev: 1x | Age: 6min
17:43:34 |    📊 Entry: $0.056370 → Now: $0.056320
17:43:34 |    📈 Move: +0.09% | PnL: $+0.00 (+0.1%)
17:43:34 |    🎲 KERNEL DRI: -0.058↗ Δb=+0.049 | DSI: +0.168 Δb=-0.155 📉 μ=-0.34 | 🟢 thesis 52% left (DRI 54% / DSI 52%)
17:43:34 |    📊 Mom=-0.08, Vol=0.00, Tec=-0.13, Ml=0.08, Wav=0.00, Ofi=0.33, Fun=0.67
17:43:34 |       Mul=-0.90, Pri=0.01, Tim=0.00, Rvs=0.00, _hu=0.69, _ds=0.16
17:43:34 |    🎯 Strategy: trend_following | Conf: 0.677 | TF: 1h (hold≥10m)
17:43:34 |    📊 Flow(mkt): L/S=1.1 R=-0.04 taker=+0.02
17:43:34 |    📈 OI: neutral Δ=+0.2%
17:43:34 |    🫧 KERNEL FLOW [C401]: taker support -0.208 (entry +0.172, -0.380) 🔴 (instrumented, no exit wired)
17:43:34 |    📋 Limit Order Entry
17:43:34 | 
17:43:34 | ============================================================
17:43:34 | 🔵 Day: +1.0% (barrier ±0.68%, not a target — expected 0.14%/day) [C429-3]
17:43:34 | ============================================================
17:43:34 | 
17:47:41 | ━━━━━━━━━━━━━━━━━━━━━━━━━━━━━━━━━━━━━━━━━━━━━━━━━━
17:47:41 | 📋 STEP 1: SCREENING — Scanning all futures markets
17:47:41 | ━━━━━━━━━━━━━━━━━━━━━━━━━━━━━━━━━━━━━━━━━━━━━━━━━━
17:47:41 | 🔍 Scanning 802 markets for lively pairs...
17:47:43 |    🕒 C408: RWA held out this scan — us_equity×312 · hk_equity×8 · korea_equity×3  (they print 24/7 but only inform in session)
17:47:43 | 📊 330 pairs meet volume threshold ($750,000 relative)
17:47:49 |    🗂 C417 DESKS — each market scanned on its own terms:
17:47:49 |         ● crypto       universe  465  floor $   300k  passed  125  analysing  60
17:47:49 |         ○ us_equity    US cash closed
17:47:49 |         ● index_future universe    3  floor $   300k  passed    2  analysing   2
17:47:49 |         ● metal        universe    8  floor $   890k  passed    5  analysing   5
17:47:49 |         ● energy       universe    3  floor $  2111k  passed    3  analysing   3
17:47:49 |         ○ korea_equity KRX closed
17:47:49 |         ○ hk_equity    HKEX closed
17:47:49 |         → 70 pairs into Step 3 across 4 open markets (one budget each, they ADD — a second market never shrinks the first)
17:47:49 | 🏆 Top 70 pairs (PREDICTIVE: freshness + projected + geometric)
17:47:49 |    1. BTC/USDT:USDT: Live=1.102 V=$2605.1M Chg=-0.6% Proj=+0.35 Geo=+0.101
17:47:49 |    2. ETH/USDT:USDT: Live=1.062 V=$1834.7M Chg=-0.8% Proj=+0.34 Geo=+0.087
17:47:49 |    3. XRP/USDT:USDT: Live=1.088 V=$483.1M Chg=+1.9% Proj=+0.47 Geo=+0.218
17:47:49 |    4. ZEC/USDT:USDT: Live=0.625 V=$261.2M Chg=+5.5% Proj=+0.04 Geo=-0.060
17:47:49 |    5. BCH/USDT:USDT: Live=0.681 V=$113.8M Chg=+27.2% Proj=+0.12 Geo=+0.043
17:47:49 |    6. SOL/USDT:USDT: Live=0.957 V=$234.6M Chg=-0.2% Proj=+0.40 Geo=+0.093
17:47:49 |    7. DOGE/USDT:USDT: Live=0.772 V=$130.1M Chg=+1.8% Proj=+0.25 Geo=+0.153
17:47:49 |    8. NEAR/USDT:USDT: Live=1.142 V=$101.2M Chg=+3.5% Proj=+0.64 Geo=+0.150
17:47:49 |    9. XAU/USDT:USDT: Live=1.008 V=$114.7M Chg=-0.2% Proj=+0.51 Geo=+0.019
17:47:49 |    10. PEPE/USDT:USDT: Live=0.909 V=$72.5M Chg=-3.0% Proj=+0.43 Geo=+0.198
17:47:49 |    11. HYPE/USDT:USDT: Live=1.014 V=$85.6M Chg=-0.2% Proj=+0.54 Geo=+0.153
17:47:49 |    12. CL/USDT:USDT: Live=0.696 V=$69.6M Chg=-0.2% Proj=+0.24 Geo=+0.012
17:47:49 |    13. ADA/USDT:USDT: Live=0.863 V=$51.7M Chg=+1.9% Proj=+0.41 Geo=+0.164
17:47:49 |    14. SUI/USDT:USDT: Live=0.726 V=$59.9M Chg=+0.2% Proj=+0.29 Geo=+0.035
17:47:49 |    15. ARB/USDT:USDT: Live=0.652 V=$37.0M Chg=+8.3% Proj=+0.21 Geo=+0.113
17:47:49 |    16. TAO/USDT:USDT: Live=1.167 V=$24.6M Chg=-5.5% Proj=+0.74 Geo=+0.187
17:47:49 |    17. ENA/USDT:USDT: Live=0.942 V=$43.0M Chg=+1.7% Proj=+0.51 Geo=+0.084
17:47:49 |    18. XAG/USDT:USDT: Live=1.018 V=$46.5M Chg=-0.5% Proj=+0.59 Geo=+0.119
17:47:49 |    19. PUMP/USDT:USDT: Live=0.858 V=$17.4M Chg=-8.5% Proj=+0.44 Geo=+0.206
17:47:49 |    20. APT/USDT:USDT: Live=0.647 V=$13.7M Chg=+10.8% Proj=+0.23 Geo=-0.048
17:47:49 |    21. LTC/USDT:USDT: Live=0.890 V=$25.4M Chg=+2.7% Proj=+0.49 Geo=+0.176
17:47:49 |    22. AVAX/USDT:USDT: Live=0.830 V=$37.3M Chg=+0.3% Proj=+0.43 Geo=+0.056
17:47:49 |    23. LINK/USDT:USDT: Live=0.676 V=$29.4M Chg=-1.1% Proj=+0.27 Geo=+0.105
17:47:49 |    24. BZ/USDT:USDT: Live=0.698 V=$21.1M Chg=+1.3% Proj=+0.30 Geo=+0.011
17:47:49 |    25. TIA/USDT:USDT: Live=0.714 V=$11.3M Chg=+16.0% Proj=+0.32 Geo=+0.038
17:47:49 |    26. ZRO/USDT:USDT: Live=0.676 V=$6.1M Chg=+22.2% Proj=+0.29 Geo=+0.040
17:47:49 |    27. PONS/USDT:USDT: Live=0.844 V=$17.2M Chg=+8.8% Proj=+0.46 Geo=+0.211
17:47:49 |    28. FIL/USDT:USDT: Live=0.988 V=$16.4M Chg=+3.7% Proj=+0.61 Geo=+0.117
17:47:49 |    29. AAVE/USDT:USDT: Live=0.697 V=$16.2M Chg=+4.3% Proj=+0.32 Geo=+0.070
17:47:49 |    30. ONE/USDT:USDT: Live=0.711 V=$16.0M Chg=-20.2% Proj=+0.33 Geo=+0.155
17:47:49 |    31. XLM/USDT:USDT: Live=0.724 V=$20.3M Chg=+1.9% Proj=+0.35 Geo=+0.198
17:47:49 |    32. BNB/USDT:USDT: Live=0.700 V=$18.7M Chg=-0.8% Proj=+0.33 Geo=+0.079
17:47:49 |    33. ETC/USDT:USDT: Live=0.638 V=$9.0M Chg=+7.5% Proj=+0.27 Geo=+0.023
17:47:49 |    34. HBAR/USDT:USDT: Live=0.900 V=$19.5M Chg=+1.2% Proj=+0.54 Geo=+0.209
17:47:49 |    35. NATGAS/USDT:USDT: Live=0.968 V=$4.5M Chg=+6.7% Proj=+0.62 Geo=+0.147
17:47:49 |    36. 1000BONK/USDT:USDT: Live=0.708 V=$9.5M Chg=+11.4% Proj=+0.36 Geo=+0.127
17:47:49 |    37. KERNEL/USDT:USDT: Live=0.717 V=$5.8M Chg=-9.2% Proj=+0.38 Geo=+0.128
17:47:49 |    38. WIF/USDT:USDT: Live=0.661 V=$11.3M Chg=-5.0% Proj=+0.32 Geo=+0.174
17:47:49 |    39. VIRTUAL/USDT:USDT: Live=0.694 V=$6.9M Chg=+5.1% Proj=+0.36 Geo=+0.009
17:47:49 |    40. USELESS/USDT:USDT: Live=0.710 V=$13.4M Chg=+2.6% Proj=+0.38 Geo=+0.052
17:47:49 |    41. FARTCOIN/USDT:USDT: Live=0.654 V=$13.7M Chg=-1.1% Proj=+0.33 Geo=+0.150
17:47:49 |    42. LSK/USDT:USDT: Live=0.932 V=$7.9M Chg=-5.5% Proj=+0.61 Geo=+0.120
17:47:49 |    43. ICP/USDT:USDT: Live=0.881 V=$4.0M Chg=+6.8% Proj=+0.57 Geo=+0.155
17:47:49 |    44. XMR/USDT:USDT: Live=0.791 V=$6.3M Chg=-2.3% Proj=+0.48 Geo=+0.068
17:47:49 |    45. ZETA/USDT:USDT: Live=0.824 V=$6.2M Chg=-5.8% Proj=+0.51 Geo=+0.021
17:47:49 |    46. PAXG/USDT:USDT: Live=0.807 V=$10.8M Chg=-0.2% Proj=+0.50 Geo=+0.008
17:47:49 |    47. FIGHT/USDT:USDT: Live=0.859 V=$1.2M Chg=+47.4% Proj=+0.55 Geo=+0.181
17:47:49 |    48. APE/USDT:USDT: Live=0.638 V=$3.0M Chg=+10.1% Proj=+0.33 Geo=+0.025
17:47:49 |    49. RENDER/USDT:USDT: Live=0.712 V=$6.1M Chg=-2.3% Proj=+0.41 Geo=+0.163
17:47:49 |    50. BGB/USDT:USDT: Live=0.886 V=$3.9M Chg=-2.3% Proj=+0.59 Geo=+0.140
17:47:49 |    51. XAUT/USDT:USDT: Live=0.738 V=$8.9M Chg=-0.2% Proj=+0.44 Geo=+0.014
17:47:49 |    52. FOLKS/USDT:USDT: Live=0.719 V=$7.1M Chg=+12.4% Proj=+0.43 Geo=+0.175
17:47:49 |    53. BEAT/USDT:USDT: Live=0.769 V=$1.6M Chg=+11.9% Proj=+0.48 Geo=+0.133
17:47:49 |    54. FET/USDT:USDT: Live=0.632 V=$7.1M Chg=-1.3% Proj=+0.35 Geo=+0.096
17:47:49 |    55. RAY/USDT:USDT: Live=0.890 V=$3.4M Chg=+6.3% Proj=+0.61 Geo=+0.216
17:47:49 |    56. ZEST/USDT:USDT: Live=0.700 V=$1.1M Chg=+24.1% Proj=+0.42 Geo=+0.170
17:47:49 |    57. ZAMA/USDT:USDT: Live=0.641 V=$3.6M Chg=+10.8% Proj=+0.36 Geo=-0.048
17:47:49 |    58. 牛来/USDT:USDT: Live=0.773 V=$5.4M Chg=-4.8% Proj=+0.50 Geo=+0.110
17:47:49 |    59. KAITO/USDT:USDT: Live=0.673 V=$3.2M Chg=+4.7% Proj=+0.40 Geo=-0.027
17:47:49 |    60. ZEN/USDT:USDT: Live=0.713 V=$3.1M Chg=+5.1% Proj=+0.45 Geo=-0.036
17:47:49 |    61. FORM/USDT:USDT: Live=0.646 V=$2.3M Chg=-7.2% Proj=+0.39 Geo=+0.038
17:47:49 |    62. US/USDT:USDT: Live=0.663 V=$0.7M Chg=+18.4% Proj=+0.42 Geo=+0.065
17:47:49 |    63. CHZ/USDT:USDT: Live=0.626 V=$1.3M Chg=+7.7% Proj=+0.38 Geo=+0.032
17:47:49 |    64. LDO/USDT:USDT: Live=0.678 V=$3.7M Chg=+2.5% Proj=+0.43 Geo=+0.085
17:47:49 |    65. CAKE/USDT:USDT: Live=0.640 V=$2.3M Chg=+4.2% Proj=+0.40 Geo=+0.051
17:47:49 |    66. BLESS/USDT:USDT: Live=0.747 V=$1.1M Chg=+8.9% Proj=+0.51 Geo=+0.082
17:47:49 |    67. SPX/USDT:USDT: Live=0.393 V=$2.1M Chg=-5.7% Proj=+0.17 Geo=+0.216
17:47:49 |    68. CAP/USDT:USDT: Live=0.725 V=$0.5M Chg=+9.0% Proj=+0.50 Geo=+0.088
17:47:49 |    69. NDX100/USDT:USDT: Live=-0.076 V=$1.0M Chg=+0.4% Proj=-0.24 Geo=-0.013
17:47:49 |    70. COPPER/USDT:USDT: Live=0.382 V=$0.9M Chg=-0.5% Proj=+0.25 Geo=+0.048
17:47:49 |    🪞 C266 board-parity (top movers vs screen): FIGHT +47%[#47] | MET +37%[Live=0.57<cut] | ALLO +33%[Live=0.53<cut] | BCH +27%[#5] | ZEST +24%[#56]
17:47:49 |    🔬 BTC geo: slope=+0.063 rough=-0.011 pure=+0.049
17:47:49 |    🔬 ETH geo: slope=+0.062 rough=-0.037 harm=+0.023 pure=+0.040
17:47:49 |    🔬 XRP geo: slope=+0.152 harm=+0.003 pure=+0.063
17:47:49 | 📦 OHLCV cache: 141 pairs cached for quick_scan
17:47:49 | ━━━━━━━━━━━━━━━━━━━━━━━━━━━━━━━━━━━━━━━━━━━━━━━━━━
17:47:49 | 📋 STEP 2: MARKET ANALYSIS — News, Bias, Coherence
17:47:49 | ━━━━━━━━━━━━━━━━━━━━━━━━━━━━━━━━━━━━━━━━━━━━━━━━━━
17:47:51 |    🌍 C270 macro: NDX/SPX z=+0.11 gold z=+0.98 tone x1.00 sess w=0.95 -> tilt +0.010 | R -0.70->-0.69
17:47:51 | ✅ C79 RESULTANT: 1h=-0.84 4h=-0.73 12h=-0.57 R=-0.69 mag=0.69
17:47:51 | 📰 News: 64 articles | 🔵 +0.40
17:47:51 | 📈 Market: 🔻BEARISH (blend=-0.34 R=-0.69) | 1h=-0.84 4h=-0.73 12h=-0.57 align=+0.50 macro=✓
17:47:51 | 📊 Regime: TRENDING (0.53) | DFA=0.46 Ent=0.91 GARCH=0.0016
17:47:51 | 🎲 RegimeMarkov: state=TD → next most-likely TD (P=0.86, persist=0.86, conf=0.83, n=244) | calib[1139]: acc=0.84 brier=0.056
17:47:51 | 🎲 PairMarkov: calib[19336]: acc=1.00 brier=0.000 (baseline 0.160)
17:47:51 | 🎲 FamilyMarkov: calib[2150/120]: acc=1.00 brier=0.005 (base 0.020) skill=+75.9% [need +5%] EARNED [C342]
17:47:51 | 🎲 IchiMarkov: calib[19122/200]: acc=0.83 brier=0.128 (base 0.153) skill=+16.1% [need +5%] EARNED [C343]
17:47:51 | 🧮 S3-EV: calib[119]: acc=0.33 brier=0.332 (baseline 0.250)
17:47:51 | 🌊 Market coherence: 70% long (39↑ vs 17↓)
17:47:52 | 💰 Taker flow: 🔸 -0.08 (BTC=-0.16 ETH=+0.01)
17:47:52 | ━━━━━━━━━━━━━━━━━━━━━━━━━━━━━━━━━━━━━━━━━━━━━━━━━━
17:47:52 | 📋 STEP 3: PREDICTIVE ANALYSIS — Scoring each pair
17:47:52 | ━━━━━━━━━━━━━━━━━━━━━━━━━━━━━━━━━━━━━━━━━━━━━━━━━━
17:48:03 |    🛡 C373: 牛来 capture held — +0.15% is 0.05R, floor 48.00% (1.0R); 11/120min into horizon [throttled 5min]
17:48:10 |    📚 PairProfiles: 429 pairs in persistent baseline (141/141 mature this scan)
17:48:10 |    ------------------------------------
17:48:10 |    🧬 BTC: breadth 2/5 → conviction 0.50 | cat=majors/W-0.91(member) trend×1.37 | Sq=-0.03 fund=+0.004% OI=$2981.5M CVD=-0.28 ofi=+0.27 book=+0.29
17:48:10 |    🌍 C396 session tilt: Europe (12h UTC) → entry score ×1.12 [measured 55.9% Europe vs 46.5% Asia barrier-win]
17:48:10 |    📰 BTC: news long sig=0.50 score=+0.07
17:48:10 |    🛑 BTC: SHORT at RSI 27 (oversold, stretched) → brake 7%
17:48:10 |    ⚖️ C467: BTC E=-0.179R is below the +0.000R bar, but the probability feeding E has NO measured skill (Brier skill ≤ 0), so E does not get a veto — score taxed 9% instead and the other gates decide. The veto returns automatically when p starts beating a coin flip [C467, throttled 10min]
17:48:10 |    🎯 BTC: target 0.5%→0.6% — regime TD persisting 0.86 on an earned ledger (acc 0.84); room-to-structure defers to the trend [C340]
17:48:10 |    ☁️ BTC: ichimoku B- persisting 0.91 WITH the short → score ×1.04 (earned ledger) [C343]
17:48:10 |    ⚡ BTC: short news-tech conflict — score×0.70 (news long sig=0.50)
17:48:10 |    ❌ BTC: short scr=0.11 conf=0.44 → low score (<0.42)
17:48:11 |    ------------------------------------
17:48:11 |    🧬 ETH: breadth 3/6 → conviction 0.48 | cat=majors/W-0.86(member) trend×1.36 | Sq=-0.04 fund=+0.006% OI=$2118.9M CVD=+0.53 ofi=+0.09 book=+0.23
17:48:11 |    📰 ETH: news long sig=0.50 score=+0.41
17:48:11 |    ⚡ ETH: projection 0.54% modest + MA-fan compressing (ma_fan=-0.07) → penalty 20%
17:48:11 |    🛑 ETH: long opposes the latched DOWN-trend (R was -0.75 1min ago; now -0.69, 4h -0.78) — one weak print is a blip, not a turn [C339]
17:48:11 |    ------------------------------------
17:48:11 |    🧬 XRP: breadth 5/6 → conviction 0.88 | cat=l1/W-0.79(member) trend×1.37 | Sq=-0.06 fund=+0.010% OI=$275.1M CVD=+0.13 ofi=-0.02 book=+0.21
17:48:11 |    · XRP: news ~market score=+0.04 (no coin-specific articles)
17:48:11 |    🛑 XRP: SHORT at RSI 18 (oversold, stretched) → brake 26%
17:48:11 |    🎢→✅ XRP: parabola RESOLVED (bounce age 31c, unwound 8.3 ATR) → short allowed, penalty 15%
17:48:12 |    🎯 XRP: target 1.1%→2.0% — regime TD persisting 0.86 on an earned ledger (acc 0.84); room-to-structure defers to the trend [C340]
17:48:12 |    ☁️ XRP: ichimoku B- persisting 0.91 WITH the short → score ×1.04 (earned ledger) [C343]
17:48:13 |    🛰️ XRP: C199 order-flow weakening short (OI=neutral, CVD=+0.18) → ×0.75
17:48:13 |    ❌ XRP: short scr=0.26 conf=0.58 → low score (<0.42)
17:48:13 |    ------------------------------------
17:48:13 |    🧬 ZEC: breadth 5/6 → conviction 0.95 | cat=privacy/W-0.21(member) trend×1.21 | Sq=-0.05 fund=+0.008% OI=$177.5M CVD=+0.05 ofi=+0.38 book=-0.30
17:48:13 |    📰 ZEC: news long sig=0.50 score=+0.18
17:48:13 |    🎢→✅ ZEC: parabola RESOLVED (pullback age 0c, recovered 1.1 ATR, extreme re-touched) → long allowed, penalty 15%
17:48:13 |    ⚡ ZEC: projection 0.79% modest + MA-fan compressing (ma_fan=+0.01) → penalty 20%
17:48:13 | ⚖️ ZEC: long vs R=-0.69 counter-trend → score ×0.85 (penalty, not a veto — it still must clear the bar) [C403]
17:48:13 |    🚫 ZEC: counter-trend BLOCK — dir long vs market R=-0.34 AND orderliness 0.19<0.33 (noisy). Long-into-trend is ~45%% barrier-win; no orderliness to justify it [C386]
17:48:14 |    ------------------------------------
17:48:14 |    🧬 BCH: breadth 5/6 → conviction 0.84 | cat=l1/W+0.21(member) meanrev×0.68 | Sq=-0.05 fund=+0.007% OI=$25.7M CVD=+0.09 ofi=-0.36 book=-0.01
17:48:14 |    🧬 BCH: own-history vol 2.08% vs baseline 0.73% (×2.84) → abnormal-wild conviction ×0.92 [C286-2]
17:48:14 |    📄 BCH: news long sig=0.10 score=+0.08
17:48:14 |    ⚡ BCH: 24h=+27.2% but 1h=+0.0% (TURNING) → penalty 30%
17:48:14 |    🎯 BCH: target 3.0%→5.6% — regime TD persisting 0.86 on an earned ledger (acc 0.84); room-to-structure defers to the trend [C340]
17:48:14 |    ⚠️ BCH: short into bullish rejection candle at RSI 36 (counter-signal) -> conviction x0.85
17:48:14 |    🛑 BCH: short CAPITULATION REJECTION (wick+vol) → blocked
17:48:15 |    ------------------------------------
17:48:15 |    🧬 SOL: breadth 3/5 → conviction 0.57 | cat=solana_eco/W-0.42(member) trend×1.26 | Sq=-0.03 fund=+0.005% OI=$463.6M CVD=+0.48 ofi=+0.16 book=+0.28
17:48:15 |    📄 SOL: news long sig=0.12 score=+0.12
17:48:15 |    ⚡ SOL: projection 0.42% modest + MA-fan compressing (ma_fan=-0.09) → penalty 20%
17:48:15 |    🧭 C439: earned chains put p at 0.20 against a base of 0.33 — they DISAGREE with this long → score ×0.969 (bounded, same treatment C342/C343 give a dissenting chain) [throttled 15min]
17:48:15 |    🛑 SOL: long opposes the latched DOWN-trend (R was -0.75 1min ago; now -0.69, 4h -0.78) — one weak print is a blip, not a turn [C339]
17:48:15 |    ------------------------------------
17:48:15 |    🧬 DOGE: breadth 1/5 → conviction 0.22 | cat=meme/W-0.04(member) meanrev×0.64 | Sq=-0.02 fund=+0.003% OI=$147.9M CVD=-0.02 ofi=+0.13 book=-0.19
17:48:15 |    📰 DOGE: news neutral sig=0.30 score=+0.00
17:48:15 |    ⚡ DOGE: projection 0.42% modest + MA-fan compressing (ma_fan=-0.13) → penalty 20%
17:48:16 |    🛑 DOGE: long opposes the latched DOWN-trend (R was -0.75 1min ago; now -0.69, 4h -0.78) — one weak print is a blip, not a turn [C339]
17:48:16 |    ------------------------------------
17:48:16 |    🧬 NEAR: breadth 6/6 → conviction 1.00 | cat=ai/W+0.64(member) meanrev×0.60 | Sq=-0.06 fund=+0.010% OI=$80.7M CVD=+0.14 ofi=+0.27 book=+0.10
17:48:16 |    🧬 NEAR: own-history vol 2.01% vs baseline 1.13% (×1.78) → abnormal-wild conviction ×0.99 [C286-2]
17:48:16 |    📰 NEAR: news long sig=0.50 score=+0.17
17:48:17 |    ☁️ NEAR: ichimoku A+ persisting 0.78 WITH the long → score ×1.02 (earned ledger) [C343]
17:48:17 | ⚖️ NEAR: long vs R=-0.69 counter-trend → score ×0.85 (penalty, not a veto — it still must clear the bar) [C403]
17:48:17 |    🚫 NEAR: counter-trend BLOCK — dir long vs market R=-0.34 AND orderliness 0.15<0.33 (noisy). Long-into-trend is ~45%% barrier-win; no orderliness to justify it [C386]
17:48:17 |    ------------------------------------
17:48:17 |    🧬 XAU: breadth 5/5 → conviction 1.00 | cat=calm/W-0.89(regime) trend×1.25 | Sq=-0.08 fund=+0.011% OI=$72.0M CVD=-0.20 ofi=-0.04 book=+0.22
17:48:17 |    🧭 C403 flow term: takers are -0.32 AGAINST this long → score ×0.968
17:48:17 |    · XAU: news ~market score=+0.04 (no coin-specific articles)
17:48:17 |    ⚡ XAU: projection 0.26% modest + MA-fan compressing (ma_fan=-0.01) → penalty 20%
17:48:17 | ⚖️ XAU: long vs R=-0.69 counter-trend → score ×0.85 (penalty, not a veto — it still must clear the bar) [C403]
17:48:17 |    🚫 XAU: counter-trend BLOCK — dir long vs market R=-0.34 AND orderliness 0.23<0.33 (noisy). Long-into-trend is ~45%% barrier-win; no orderliness to justify it [C386]
17:48:18 |    ------------------------------------
17:48:18 |    🧬 PEPE: breadth 6/6 → conviction 1.00 | cat=meme/W-0.45(member) meanrev×0.74 | Sq=-0.08 fund=+0.012% OI=$39.5M CVD=-0.15 ofi=+0.22 book=+0.02
17:48:18 |    📰 PEPE: news long sig=0.50 score=+0.53
17:48:18 |    🛑 PEPE: SHORT at RSI 20 (oversold, stretched) → brake 23%
17:48:18 |    🎯 PEPE: target 1.6%→3.0% — regime TD persisting 0.86 on an earned ledger (acc 0.84); room-to-structure defers to the trend [C340]
17:48:18 |    ☁️ PEPE: ichimoku B- persisting 0.91 WITH the short → score ×1.04 (earned ledger) [C343]
17:48:18 |    ⚠️ PEPE: short into bullish rejection candle at RSI 20 (counter-signal) -> conviction x0.85
17:48:18 |    🛑 PEPE: short blocked — significant long news (sig=0.50 score=+0.53)
17:48:18 |    ------------------------------------
17:48:18 |    🧬 HYPE: breadth 3/6 → conviction 0.57 | cat=defi/W-0.79(member) trend×1.34 | Sq=-0.00 fund=+0.001% OI=$226.5M CVD=-0.09 ofi=+0.07 book=+0.29
17:48:18 |    📰 HYPE: news long sig=0.30 score=+0.35
17:48:18 |    ⚡ HYPE: projection 0.78% modest + MA-fan compressing (ma_fan=-0.11) → penalty 20%
17:48:19 |    🛑 HYPE: long opposes the latched DOWN-trend (R was -0.75 1min ago; now -0.69, 4h -0.78) — one weak print is a blip, not a turn [C339]
17:48:19 |    ------------------------------------
17:48:19 |    🧬 CL: breadth 1/5 → conviction 0.19 | cat=mid/W-0.15(regime) meanrev×0.78 | Sq=+0.01 fund=-0.001% OI=$35.9M CVD=-0.44 ofi=-0.12 book=+0.11
17:48:19 |    · CL: news ~market score=+0.04 (no coin-specific articles)
17:48:20 |    ☁️ CL: ichimoku A+ persisting 0.78 AGAINST the short → score ×0.98 (earned ledger) [C343]
17:48:20 |    ⚡ CL: short wick rejection #1 → score×0.75
17:48:20 |    ❌ CL: short scr=0.04 conf=0.26 → low confidence
17:48:20 |    ------------------------------------
17:48:20 |    🧬 ADA: breadth 4/6 → conviction 0.64 | cat=l1/W-0.59(member) trend×1.36 | Sq=-0.06 fund=+0.010% OI=$66.8M CVD=-0.09 ofi=-0.06 book=+0.30
17:48:20 |    · ADA: news ~market score=+0.04 (no coin-specific articles)
17:48:20 |    🛑 ADA: SHORT at RSI 27 (oversold, stretched) → brake 6%
17:48:20 |    🎢→✅ ADA: parabola RESOLVED (bounce age 30c, unwound 5.5 ATR) → short allowed, penalty 15%
17:48:21 |    🎯 ADA: target 1.3%→2.4% — regime TD persisting 0.86 on an earned ledger (acc 0.84); room-to-structure defers to the trend [C340]
17:48:21 |    ☁️ ADA: ichimoku B- persisting 0.91 WITH the short → score ×1.04 (earned ledger) [C343]
17:48:21 |    ⚠️ ADA: short into bullish rejection candle at RSI 27 (counter-signal) -> conviction x0.85
17:48:21 |    ⚡ ADA: short wick rejection #1 → score×0.75
17:48:21 |    ❌ ADA: short scr=0.08 conf=0.45 → low score (<0.42)
17:48:21 |    ------------------------------------
17:48:21 |    🧬 SUI: breadth 3/5 → conviction 0.59 | cat=l1/W-0.59(member) trend×1.36 | Sq=-0.04 fund=+0.007% OI=$66.4M CVD=+0.29 ofi=+0.17 book=+0.26
17:48:21 |    · SUI: news ~market score=+0.04 (no coin-specific articles)
17:48:21 |    🛑 SUI: long opposes the latched DOWN-trend (R was -0.75 1min ago; now -0.69, 4h -0.78) — one weak print is a blip, not a turn [C339]
17:48:22 |    ------------------------------------
17:48:22 |    🧬 ARB: breadth 2/6 → conviction 0.29 | cat=l2/W+0.25(member) meanrev×0.66 | Sq=-0.04 fund=+0.007% OI=$22.5M CVD=-0.25 ofi=+0.08 book=+0.15
17:48:22 |    · ARB: news ~market score=+0.04 (no coin-specific articles)
17:48:22 |    🎢 ARB: long BLOCKED — broken-parabola bounce (day range 17×ATR, 6.8 ATR below the day high) → post-blow-off distribution risk
17:48:22 |       ⚖️ parabola → score ×0.82 (penalty, not a veto — must still clear the bar) [C403]
17:48:22 |    ☁️ ARB: ichimoku B- persisting 0.91 AGAINST the long → score ×0.96 (earned ledger) [C343]
17:48:22 | ⚖️ ARB: long vs R=-0.69 counter-trend → score ×0.85 (penalty, not a veto — it still must clear the bar) [C403]
17:48:22 |    🚫 ARB: counter-trend BLOCK — dir long vs market R=-0.34 AND orderliness 0.23<0.33 (noisy). Long-into-trend is ~45%% barrier-win; no orderliness to justify it [C386]
17:48:22 |    ------------------------------------
17:48:22 |    🧬 TAO: breadth 4/6 → conviction 0.69 | cat=ai/W-0.33(member) trend×1.28 | Sq=-0.03 fund=+0.005% OI=$34.7M CVD=-0.60 ofi=+0.40 book=+0.28
17:48:22 |    📄 TAO: news long sig=0.12 score=+0.10
17:48:22 |    🛑 TAO: SHORT at RSI 28 (oversold, stretched) → brake 5%
17:48:22 |    🎢→✅ TAO: parabola RESOLVED (bounce age 0c, unwound 0.3 ATR, extreme re-touched) → short allowed, penalty 15%
17:48:23 |    🎯 TAO: target 1.6%→2.6% — regime TD persisting 0.86 on an earned ledger (acc 0.84); room-to-structure defers to the trend [C340]
17:48:23 |    ☁️ TAO: ichimoku B- persisting 0.91 WITH the short → score ×1.04 (earned ledger) [C343]
17:48:23 |    ⚠️ TAO: short into bullish rejection candle at RSI 28 (counter-signal) -> conviction x0.85
17:48:23 |    ⚡ TAO: short wick rejection #1 → score×0.75
17:48:23 |    ❌ TAO: short scr=0.45 conf=0.44 → low quality (0.20<0.30)
17:48:23 |    ------------------------------------
17:48:23 |    🧬 ENA: breadth 2/6 → conviction 0.31 | cat=defi/W-0.16(member) trend×1.30 | Sq=-0.01 fund=+0.002% OI=$47.0M CVD=+0.27 ofi=-0.03
17:48:23 |    📄 ENA: news long sig=0.12 score=+0.04
17:48:23 |    🛑 ENA: projection 0.24% < 0.50% (ATR-relative) + MA-fan not accelerating (ma_fan=-0.21) → blocked
17:48:24 |    ------------------------------------
17:48:24 |    🧬 XAG: breadth 4/5 → conviction 0.77 | cat=calm/W-0.76(regime) trend×1.25 | Sq=-0.10 fund=+0.014% OI=$24.2M CVD=+0.00 ofi=-0.03 book=-0.24
17:48:24 |    · XAG: news ~market score=+0.04 (no coin-specific articles)
17:48:24 |    🛑 XAG: long opposes the latched DOWN-trend (R was -0.75 1min ago; now -0.69, 4h -0.78) — one weak print is a blip, not a turn [C339]
17:48:24 |    ------------------------------------
17:48:24 |    🧬 PUMP: breadth 6/6 → conviction 1.00 | cat=calm/W-0.40(regime) trend×1.22 | Sq=-0.03 fund=+0.005% OI=$17.0M CVD=+0.08 ofi=+0.15 book=+0.08
17:48:24 |    · PUMP: news ~market score=+0.04 (no coin-specific articles)
17:48:24 |    🛑 PUMP: SHORT at RSI 18 (oversold, stretched) → brake 28%
17:48:24 |    🔓 PUMP: short near extreme but WITH trend (R=-0.69) → breakout, not blocked
17:48:24 |    🎯 PUMP: target 1.6%→2.8% — regime TD persisting 0.86 on an earned ledger (acc 0.84); room-to-structure defers to the trend [C340]
17:48:24 |    ⏳ PUMP: short LATE-LEG at extreme (room 4%) + forward signals object (F=-0.21, worst=-1.00) → blocked
17:48:25 |    ------------------------------------
17:48:25 |    🧬 APT: breadth 5/6 → conviction 0.88 | cat=l1/W+0.05(member) trend×1.32 | Sq=-0.06 fund=+0.010% OI=$9.1M CVD=+0.49 ofi=+0.28 book=+0.06
17:48:25 |    · APT: news ~market score=+0.04 (no coin-specific articles)
17:48:25 |    🎢 APT: long BLOCKED — broken-parabola bounce (day range 11×ATR, 2.1 ATR below the day high) → post-blow-off distribution risk
17:48:25 |       ⚖️ parabola → score ×0.82 (penalty, not a veto — must still clear the bar) [C403]
17:48:25 |    ☁️ APT: ichimoku B- persisting 0.91 AGAINST the long → score ×0.96 (earned ledger) [C343]
17:48:25 | ⚖️ APT: long vs R=-0.69 counter-trend → score ×0.85 (penalty, not a veto — it still must clear the bar) [C403]
17:48:25 |    🚫 APT: counter-trend BLOCK — dir long vs market R=-0.34 AND orderliness 0.16<0.33 (noisy). Long-into-trend is ~45%% barrier-win; no orderliness to justify it [C386]
17:48:26 |    ------------------------------------
17:48:26 |    🧬 LTC: breadth 4/6 → conviction 0.72 | cat=l1/W-0.39(member) trend×1.35 | Sq=-0.06 fund=+0.010% OI=$30.9M CVD=-0.14 ofi=+0.06 book=+0.21
17:48:26 |    · LTC: news ~market score=+0.04 (no coin-specific articles)
17:48:26 |    🛑 LTC: SHORT at RSI 27 (oversold, stretched) → brake 7%
17:48:26 |    🎢→✅ LTC: parabola RESOLVED (bounce age 21c, unwound 5.3 ATR) → short allowed, penalty 15%
17:48:26 |    🎯 LTC: target 1.3%→2.3% — regime TD persisting 0.86 on an earned ledger (acc 0.84); room-to-structure defers to the trend [C340]
17:48:26 |    ☁️ LTC: ichimoku B- persisting 0.91 WITH the short → score ×1.04 (earned ledger) [C343]
17:48:26 |    ❌ LTC: short scr=0.10 conf=0.56 → low score (<0.42)
17:48:26 |    ------------------------------------
17:48:26 |    🧬 AVAX: breadth 5/6 → conviction 0.90 | cat=l1/W-0.34(member) trend×1.34 | Sq=-0.04 fund=+0.006% OI=$31.4M CVD=-0.49 ofi=+0.19 book=-0.02
17:48:26 |    🧬 AVAX: own-history vol 1.29% vs baseline 0.61% (×2.13) → abnormal-wild conviction ×0.97 [C286-2]
17:48:26 |    · AVAX: news ~market score=+0.04 (no coin-specific articles)
17:48:27 |    🎯 AVAX: target 1.9%→3.5% — regime TD persisting 0.86 on an earned ledger (acc 0.84); room-to-structure defers to the trend [C340]
17:48:27 |    🧮 AVAX: S3 P[pair15m·reg4h·score]=0.69 R=1.15 EV=+0.41PRU → bar ×1.00 [C302]
17:48:30 |    📊 AVAX flow(proxy): L/S 1h=1.2 4h=1.2 12h=1.3 | R=-0.16 taker=-0.03 SM=-0.38
17:48:30 |    📈 AVAX OI: neutral Δ=+0.0% str=+0.00
17:48:30 |    📏 AVAX: short at 15% of its own 24h range → extension penalty 8% (measured: that third wins ~47% vs ~54% at the other end, 4/4 out-of-sample) [C455-4]
17:48:30 |    ✅ AVAX    S s=1.34 c=0.83 p=-2.6% lx1.33
17:48:30 |       🌊 real-CVD: delta=-0.39 accel=-0.68 → N51=-0.49
17:48:31 |    ------------------------------------
17:48:31 |    🧬 LINK: breadth 5/6 → conviction 0.78 | cat=defi/W-0.77(member) trend×1.34 | Sq=-0.06 fund=+0.010% OI=$54.4M CVD=+0.51 ofi=+0.07 book=+0.27
17:48:31 |    📄 LINK: news long sig=0.12 score=+0.04
17:48:31 |    🎯 LINK: target 1.0%→1.9% — regime TD persisting 0.86 on an earned ledger (acc 0.84); room-to-structure defers to the trend [C340]
17:48:31 |    ⏳ LINK: short ABSORPTION at extreme (real_cvd=+0.51 opposes, RSI=32) → wait for CVD flip or retrace
17:48:32 |    ------------------------------------
17:48:32 |    🧬 BZ: breadth 4/5 → conviction 0.86 | cat=mid/W-0.23(regime) trend×1.21 | Sq=+0.00 fund=-0.001% OI=$28.2M CVD=-0.14 ofi=+0.06 book=+0.17
17:48:32 |    · BZ: news ~market score=+0.04 (no coin-specific articles)
17:48:32 |    ⚡ BZ: projection 0.41% modest + MA-fan compressing (ma_fan=+0.10) → penalty 20%
17:48:32 |    ☁️ BZ: ichimoku A+ persisting 0.78 WITH the long → score ×1.02 (earned ledger) [C343]
17:48:32 | ⚖️ BZ: long vs R=-0.69 counter-trend → score ×0.85 (penalty, not a veto — it still must clear the bar) [C403]
17:48:32 |    🚫 BZ: counter-trend BLOCK — dir long vs market R=-0.34 AND orderliness 0.09<0.33 (noisy). Long-into-trend is ~45%% barrier-win; no orderliness to justify it [C386]
17:48:32 |    ------------------------------------
17:48:32 |    🧬 TIA: breadth 4/6 → conviction 0.81 | cat=l1/W+0.79(member) meanrev×0.60 | Sq=-0.03 fund=+0.005% OI=$5.2M CVD=-0.22 ofi=+0.10
17:48:32 |    🧬 TIA: own-history vol 2.08% vs baseline 0.93% (×2.23) → abnormal-wild conviction ×0.96 [C286-2]
17:48:32 |    · TIA: news ~market score=+0.04 (no coin-specific articles)
17:48:32 |    🚫 TIA: short vs 24h=+16.0% — 1h flat but PROJECTION +0.32 confirms the trend CONTINUES (not turning) → counter-trend blocked [C292]
17:48:33 |    ------------------------------------
17:48:33 |    🧬 ZRO: breadth 2/6 → conviction 0.61 | cat=l2/W+0.91(member) meanrev×0.60 | Sq=-0.03 fund=+0.005% OI=$3.6M CVD=+0.25 ofi=+0.22 book=-0.04
17:48:33 |    · ZRO: news ~market score=+0.04 (no coin-specific articles)
17:48:33 |    🚫 ZRO: short vs 24h=+22.2% — 1h flat but PROJECTION +0.29 confirms the trend CONTINUES (not turning) → counter-trend blocked [C292]
17:48:33 |    ------------------------------------
17:48:33 |    🧬 PONS: breadth 2/6 → conviction 0.36 | cat=wild/W+0.63(regime) meanrev×0.63 | Sq=-0.12 fund=+0.016% OI=$5.0M CVD=+0.00 ofi=-0.01 book=-0.03
17:48:33 |    · PONS: news ~market score=+0.04 (no coin-specific articles)
17:48:33 |    🎢→✅ PONS: parabola RESOLVED (pullback age 13c, recovered 3.3 ATR) → long allowed, penalty 15%
17:48:34 |    ☁️ PONS: ichimoku A+ persisting 0.78 WITH the long → score ×1.02 (earned ledger) [C343]
17:48:34 | ⚖️ PONS: long vs R=-0.69 counter-trend → score ×0.85 (penalty, not a veto — it still must clear the bar) [C403]
17:48:34 |    🚫 PONS: counter-trend BLOCK — dir long vs market R=-0.34 AND orderliness 0.07<0.33 (noisy). Long-into-trend is ~45%% barrier-win; no orderliness to justify it [C386]
17:48:34 |    ------------------------------------
17:48:34 |    🧬 FIL: breadth 2/6 → conviction 0.46 | cat=depin/W-0.04(member) trend×1.27 | Sq=-0.04 fund=+0.007% OI=$11.2M CVD=-0.16 ofi=-0.01 book=-0.08
17:48:34 |    · FIL: news ~market score=+0.04 (no coin-specific articles)
17:48:34 |    🎢 FIL: long BLOCKED — broken-parabola bounce (day range 8×ATR, 3.4 ATR below the day high) → post-blow-off distribution risk
17:48:34 |       ⚖️ parabola → score ×0.82 (penalty, not a veto — must still clear the bar) [C403]
17:48:34 |    🛑 FIL: projection 0.37% < 0.50% (ATR-relative) + MA-fan not accelerating (ma_fan=-0.08) → blocked
17:48:34 |    ------------------------------------
17:48:34 |    🧬 AAVE: breadth 5/6 → conviction 0.87 | cat=defi/W-0.37(member) trend×1.31 | Sq=-0.05 fund=+0.008% OI=$30.9M CVD=-0.01 ofi=+0.14 book=-0.29
17:48:34 |    📰 AAVE: news neutral sig=0.30 score=+0.00
17:48:34 |    🎢→✅ AAVE: parabola RESOLVED (bounce age 21c, unwound 5.1 ATR) → short allowed, penalty 15%
17:48:35 |    🎯 AAVE: target 1.6%→2.8% — regime TD persisting 0.86 on an earned ledger (acc 0.84); room-to-structure defers to the trend [C340]
17:48:35 |    ☁️ AAVE: ichimoku B- persisting 0.91 WITH the short → score ×1.04 (earned ledger) [C343]
17:48:35 |    ❌ AAVE: short scr=0.23 conf=0.52 → low score (<0.42)
17:48:35 |    ------------------------------------
17:48:35 |    🧬 ONE: breadth 2/6 → conviction 0.22 | cat=wild/W+1.00(regime) meanrev×0.60 | Sq=+0.95 fund=-0.223% OI=$1.8M CVD=-0.51 ofi=+0.12 book=+0.00
17:48:35 |    🧬 ONE: own-history vol 3.98% vs baseline 2.13% (×1.87) → abnormal-wild conviction ×0.98 [C286-2]
17:48:35 |    · ONE: news ~market score=+0.04 (no coin-specific articles)
17:48:35 |    ⚡ ONE: 24h=-20.2% but 1h=+0.0% (TURNING) → penalty 30%
17:48:35 |    🛑 ONE: long opposes the latched DOWN-trend (R was -0.75 1min ago; now -0.69, 4h -0.78) — one weak print is a blip, not a turn [C339]
17:48:36 |    ------------------------------------
17:48:36 |    🧬 XLM: breadth 5/6 → conviction 0.84 | cat=l1/W-0.56(member) trend×1.36 | Sq=-0.06 fund=+0.010% OI=$26.6M CVD=-0.32 ofi=-0.01 book=-0.10
17:48:36 |    · XLM: news ~market score=+0.04 (no coin-specific articles)
17:48:36 |    🛑 XLM: SHORT at RSI 24 (oversold, stretched) → brake 14%
17:48:36 |    🎢→✅ XLM: parabola RESOLVED (bounce age 29c, unwound 7.3 ATR) → short allowed, penalty 15%
17:48:37 |    🎯 XLM: target 1.1%→1.9% — regime TD persisting 0.86 on an earned ledger (acc 0.84); room-to-structure defers to the trend [C340]
17:48:37 |    ☁️ XLM: ichimoku B- persisting 0.91 WITH the short → score ×1.04 (earned ledger) [C343]
17:48:37 |    ⚠️ XLM: short into bullish rejection candle at RSI 24 (counter-signal) -> conviction x0.85
17:48:37 |    ⚡ XLM: short wick rejection #1 → score×0.75
17:48:37 |    ❌ XLM: short scr=0.06 conf=0.37 → low score (<0.42)
17:48:37 |    ------------------------------------
17:48:37 |    🧬 BNB: breadth 5/6 → conviction 0.79 | cat=majors/W-0.81(member) trend×1.36 | Sq=-0.06 fund=+0.009% OI=$75.1M CVD=-0.33 ofi=-0.24 book=+0.16
17:48:37 |    📄 BNB: news long sig=0.12 score=+0.06
17:48:37 |    🛑 BNB: SHORT at RSI 28 (oversold, stretched) → brake 5%
17:48:37 |    🎯 BNB: target 0.6%→1.1% — regime TD persisting 0.86 on an earned ledger (acc 0.84); room-to-structure defers to the trend [C340]
17:48:37 |    ☁️ BNB: ichimoku B- persisting 0.91 WITH the short → score ×1.04 (earned ledger) [C343]
17:48:37 |    🛑 BNB: short into CAPITULATION/BLOW-OFF -- climactic bullish rejection (vol-spike) vs RSI 28 -> reversal imminent, continuation blocked
17:48:38 |    ------------------------------------
17:48:38 |    🧬 ETC: breadth 5/6 → conviction 0.86 | cat=mid/W+0.18(regime) meanrev×0.73 | Sq=-0.07 fund=+0.010% OI=$10.1M CVD=+0.03 ofi=+0.05 book=+0.06
17:48:38 |    · ETC: news ~market score=+0.04 (no coin-specific articles)
17:48:38 |    🎯 ETC: target 1.7%→3.1% — regime TD persisting 0.86 on an earned ledger (acc 0.84); room-to-structure defers to the trend [C340]
17:48:38 |    ☁️ ETC: ichimoku B- persisting 0.91 WITH the short → score ×1.04 (earned ledger) [C343]
17:48:38 |    ⚠️ ETC: short into bullish rejection candle at RSI 33 (counter-signal) -> conviction x0.85
17:48:38 |    ⚡ ETC: short wick rejection #1 → score×0.75
17:48:38 |    ❌ ETC: short scr=0.08 conf=0.30 → low confidence
17:48:38 |    ------------------------------------
17:48:38 |    🧬 HBAR: breadth 5/6 → conviction 0.84 | cat=l1/W-0.14(member) trend×1.33 | Sq=-0.06 fund=+0.010% OI=$18.0M CVD=+0.00 ofi=-0.34
17:48:38 |    · HBAR: news ~market score=+0.04 (no coin-specific articles)
17:48:38 |    🛑 HBAR: SHORT at RSI 14 (oversold, stretched) → brake 36%
17:48:38 |    🎢→✅ HBAR: parabola RESOLVED (bounce age 37c, unwound 8.9 ATR) → short allowed, penalty 15%
17:48:39 |    🎯 HBAR: target 1.1%→2.1% — regime TD persisting 0.86 on an earned ledger (acc 0.84); room-to-structure defers to the trend [C340]
17:48:39 |    ☁️ HBAR: ichimoku B- persisting 0.91 WITH the short → score ×1.04 (earned ledger) [C343]
17:48:39 |    ❌ HBAR: short scr=0.26 conf=0.54 → low score (<0.42)
17:48:39 |    ------------------------------------
17:48:39 |    🧬 NATGAS: breadth 1/5 → conviction 0.28 | cat=calm/W-0.38(regime) trend×1.22 | Sq=-0.20 fund=+0.028% OI=$10.3M CVD=-0.01 ofi=-0.08 book=+0.16
17:48:39 |    🧬 NATGAS: own-history vol 0.41% vs baseline 0.24% (×1.71) → abnormal-wild conviction ×0.99 [C286-2]
17:48:39 |    · NATGAS: news ~market score=+0.04 (no coin-specific articles)
17:48:40 |    ☁️ NATGAS: ichimoku A+ persisting 0.78 AGAINST the short → score ×0.98 (earned ledger) [C343]
17:48:40 |    ❌ NATGAS: short scr=0.09 conf=0.16 → low confidence
17:48:40 |    ------------------------------------
17:48:40 |    🧬 1000BONK: breadth 6/6 → conviction 1.00 | cat=wild/W+0.84(regime) meanrev×0.60 | Sq=-0.03 fund=+0.005% OI=$5.0M CVD=+0.28 ofi=-0.11 book=+0.07
17:48:40 |    🧬 1000BONK: own-history vol 2.62% vs baseline 0.98% (×2.68) → abnormal-wild conviction ×0.93 [C286-2]
17:48:40 |    · 1000BONK: news ~market score=+0.04 (no coin-specific articles)
17:48:40 |    🎢→⚖️ 1000BONK: C292 stands down — parabola BROKEN (range 9×ATR, 4.1 ATR off the day extreme): the 24h 'trend' already failed structurally; counter-trend entry re-enters the TURNING path [C299]
17:48:40 |    ⚡ 1000BONK: 24h=+11.4% but 1h=+0.0% (TURNING) → penalty 23%
17:48:40 |    🛑 1000BONK: SHORT at RSI 26 (oversold, stretched) → brake 8%
17:48:40 |    🎯 1000BONK: target 3.0%→7.1% — regime TD persisting 0.86 on an earned ledger (acc 0.84); room-to-structure defers to the trend [C340]
17:48:40 |    ☁️ 1000BONK: ichimoku B- persisting 0.91 WITH the short → score ×1.04 (earned ledger) [C343]
17:48:40 |    ⚠️ 1000BONK: short into bullish rejection candle at RSI 26 (counter-signal) -> conviction x0.85
17:48:41 |    🛑 1000BONK: short MICRO-EXHAUSTION (3/3 signals) → blocked
17:48:41 |    ------------------------------------
17:48:41 |    🧬 KERNEL: breadth 4/6 → conviction 0.57 | cat=wild/W+0.82(regime) meanrev×0.60 | Sq=+1.00 fund=-0.725% OI=$0.8M CVD=-0.26 ofi=+0.18
17:48:41 |    📄 KERNEL: news short sig=0.10 score=-0.08
17:48:41 |    🛡 C373: KERNEL capture held — +0.16% is 0.06R, floor 48.00% (1.0R); 11/120min into horizon [throttled 5min]
17:48:41 |    🎯 KERNEL: target 1.7%→3.1% — regime TD persisting 0.86 on an earned ledger (acc 0.84); room-to-structure defers to the trend [C340]
17:48:41 |    ☁️ KERNEL: ichimoku B- persisting 0.91 WITH the short → score ×1.04 (earned ledger) [C343]
17:48:41 |    ⚠️ KERNEL: short into bullish rejection candle at RSI 40 (counter-signal) -> conviction x0.85
17:48:41 |    🛑 KERNEL: short CAPITULATION REJECTION (wick+vol) → blocked
17:48:42 |    ------------------------------------
17:48:42 |    🧬 WIF: breadth 5/6 → conviction 0.92 | cat=solana_eco/W+0.63(member) meanrev×0.60 | Sq=-0.03 fund=+0.005% OI=$7.5M CVD=-0.23 ofi=-0.29 book=+0.06
17:48:42 |    📄 WIF: news long sig=0.12 score=+0.08
17:48:42 |    🛑 WIF: SHORT at RSI 28 (oversold, stretched) → brake 4%
17:48:42 |    🎯 WIF: target 1.9%→3.4% — regime TD persisting 0.86 on an earned ledger (acc 0.84); room-to-structure defers to the trend [C340]
17:48:42 |    ☁️ WIF: ichimoku B- persisting 0.91 WITH the short → score ×1.04 (earned ledger) [C343]
17:48:42 |    🧮 WIF: S3 P[pair15m·reg4h·score]=0.67 R=1.10 EV=+0.32PRU → bar ×1.00 [C302]
17:48:46 |    📊 WIF flow(proxy): L/S 1h=1.3 4h=1.3 12h=1.4 | R=-0.24 taker=-0.05 SM=-0.56
17:48:46 |    📈 WIF OI: neutral Δ=-0.0% str=+0.00
17:48:46 |    📏 WIF: short at 3% of its own 24h range → extension penalty 11% (measured: that third wins ~47% vs ~54% at the other end, 4/4 out-of-sample) [C455-4]
17:48:46 |    ⚖️ WIF: penalty-stack floor 0.52→0.52 (base 0.87) [C367: base✓ proj✓]
17:48:46 |    🛑 WIF: LOW AGREEMENT 49% < 53% (trending, macro-aligned) → blocked
17:48:47 |    ------------------------------------
17:48:47 |    🧬 VIRTUAL: breadth 3/5 → conviction 0.63 | cat=ai/W-0.39(member) trend×1.28 | Sq=-0.03 fund=+0.005% OI=$6.8M CVD=-0.21 ofi=+0.14 book=+0.26
17:48:47 |    📄 VIRTUAL: news long sig=0.12 score=+0.10
17:48:47 |    ☁️ VIRTUAL: ichimoku A+ persisting 0.78 WITH the long → score ×1.02 (earned ledger) [C343]
17:48:47 | ⚖️ VIRTUAL: long vs R=-0.69 counter-trend → score ×0.85 (penalty, not a veto — it still must clear the bar) [C403]
17:48:47 |    🚫 VIRTUAL: counter-trend BLOCK — dir long vs market R=-0.34 AND orderliness 0.22<0.33 (noisy). Long-into-trend is ~45%% barrier-win; no orderliness to justify it [C386]
17:48:47 |    ------------------------------------
17:48:47 |    🧬 USELESS: breadth 4/6 → conviction 0.66 | cat=wild/W+0.95(regime) meanrev×0.60 | Sq=-0.19 fund=+0.025% OI=$6.2M CVD=-0.22 ofi=-0.07 book=-0.29
17:48:47 |    · USELESS: news ~market score=+0.04 (no coin-specific articles)
17:48:47 |    🎢→✅ USELESS: parabola RESOLVED (bounce age 30c, unwound 7.7 ATR) → short allowed, penalty 15%
17:48:48 |    🎯 USELESS: target 1.4%→4.0% — regime TD persisting 0.86 on an earned ledger (acc 0.84); room-to-structure defers to the trend [C340]
17:48:48 |    ☁️ USELESS: ichimoku B- persisting 0.91 WITH the short → score ×1.04 (earned ledger) [C343]
17:48:48 |    ⚠️ USELESS: short into bullish rejection candle at RSI 42 (counter-signal) -> conviction x0.85
17:48:48 |    ⚡ USELESS: short wick rejection #1 → score×0.75
17:48:48 |    ❌ USELESS: short scr=0.11 conf=0.36 → low score (<0.42)
17:48:48 |    ------------------------------------
17:48:48 |    🧬 FARTCOIN: breadth 6/6 → conviction 1.00 | cat=meme/W+0.70(member) meanrev×0.60 | Sq=-0.06 fund=+0.008% OI=$13.4M CVD=-0.28 ofi=+0.13 book=-0.25
17:48:48 |    · FARTCOIN: news ~market score=+0.04 (no coin-specific articles)
17:48:48 |    🛑 FARTCOIN: SHORT at RSI 25 (oversold, stretched) → brake 12%
17:48:48 |    🎢→✅ FARTCOIN: parabola RESOLVED (bounce age 43c, unwound 7.0 ATR) → short allowed, penalty 15%
17:48:49 |    🎯 FARTCOIN: target 2.2%→4.0% — regime TD persisting 0.86 on an earned ledger (acc 0.84); room-to-structure defers to the trend [C340]
17:48:49 |    ☁️ FARTCOIN: ichimoku B- persisting 0.91 WITH the short → score ×1.04 (earned ledger) [C343]
17:48:52 |    📊 FARTCO flow(proxy): L/S 1h=1.3 4h=1.3 12h=1.4 | R=-0.22 taker=-0.04 SM=-0.51
17:48:52 |    📈 FARTCO OI: neutral Δ=+0.0% str=+0.00
17:48:52 |    ✅ FARTCOI S s=0.66 c=0.61 p=-1.6% lx1.15
17:48:52 |       🌊 real-CVD: delta=-0.64 accel=+0.24 → N51=-0.28
17:48:53 |    ------------------------------------
17:48:53 |    🧬 LSK: breadth 3/6 → conviction 0.36 | cat=wild/W+0.53(regime) meanrev×0.64 | Sq=+0.35 fund=-0.044% OI=$2.4M CVD=-0.20 ofi=-0.08 book=-0.15
17:48:53 |    · LSK: news ~market score=+0.04 (no coin-specific articles)
17:48:53 |    🛑 LSK: long opposes the latched DOWN-trend (R was -0.75 1min ago; now -0.69, 4h -0.78) — one weak print is a blip, not a turn [C339]
17:48:53 |    ------------------------------------
17:48:53 |    🧬 ICP: breadth 5/6 → conviction 0.90 | cat=l1/W-0.34(member) trend×1.34 | Sq=-0.07 fund=+0.010% OI=$8.1M CVD=-0.23 ofi=-0.07 book=-0.18
17:48:53 |    🧬 ICP: own-history vol 1.20% vs baseline 0.68% (×1.77) → abnormal-wild conviction ×0.99 [C286-2]
17:48:53 |    · ICP: news ~market score=+0.04 (no coin-specific articles)
17:48:54 |    ☁️ ICP: ichimoku A+ persisting 0.78 WITH the long → score ×1.02 (earned ledger) [C343]
17:48:54 | ⚖️ ICP: long vs R=-0.69 counter-trend → score ×0.85 (penalty, not a veto — it still must clear the bar) [C403]
17:48:54 |    🚫 ICP: counter-trend BLOCK — dir long vs market R=-0.34 AND orderliness 0.14<0.33 (noisy). Long-into-trend is ~45%% barrier-win; no orderliness to justify it [C386]
17:48:54 |    ------------------------------------
17:48:54 |    🧬 XMR: breadth 5/6 → conviction 0.72 | cat=privacy/W-0.59(member) trend×1.24 | Sq=-0.34 fund=+0.052% OI=$8.8M CVD=-0.30 ofi=-0.04 book=-0.21
17:48:54 |    📄 XMR: news long sig=0.12 score=+0.07
17:48:54 |    🎢→✅ XMR: parabola RESOLVED (bounce age 0c, unwound 0.4 ATR, extreme re-touched) → short allowed, penalty 15%
17:48:54 |    🎯 XMR: target 1.2%→1.6% — regime TD persisting 0.86 on an earned ledger (acc 0.84); room-to-structure defers to the trend [C340]
17:48:54 |    ☁️ XMR: ichimoku B- persisting 0.91 WITH the short → score ×1.04 (earned ledger) [C343]
17:48:54 |    ⚠️ XMR: short into bullish rejection candle at RSI 40 (counter-signal) -> conviction x0.85
17:48:55 |    ⚡ XMR: short wick rejection #1 → score×0.75
17:48:55 |    ❌ XMR: short scr=0.12 conf=0.34 → low score (<0.42)
17:48:55 |    ------------------------------------
17:48:55 |    🧬 ZETA: breadth 4/6 → conviction 0.63 | cat=mid/W+0.15(regime) meanrev×0.73 | Sq=-0.01 fund=+0.002% OI=$1.8M CVD=-0.34 ofi=+0.00 book=-0.25
17:48:55 |    · ZETA: news ~market score=+0.04 (no coin-specific articles)
17:48:55 |    🎯 ZETA: target 1.1%→2.1% — regime TD persisting 0.86 on an earned ledger (acc 0.84); room-to-structure defers to the trend [C340]
17:48:55 |    ☁️ ZETA: ichimoku B- persisting 0.91 WITH the short → score ×1.04 (earned ledger) [C343]
17:48:55 |    ⚠️ ZETA: short into bullish rejection candle at RSI 33 (counter-signal) -> conviction x0.85
17:48:55 |    ⚡ ZETA: short wick rejection #1 → score×0.75
17:48:55 |    ❌ ZETA: short scr=0.13 conf=0.42 → low score (<0.42)
17:48:56 |    ------------------------------------
17:48:56 |    🧬 PAXG: breadth 4/6 → conviction 0.69 | cat=calm/W-0.77(regime) trend×1.25 | Sq=-0.03 fund=+0.005% OI=$9.2M CVD=-0.14 ofi=-0.40 book=+0.30
17:48:56 |    · PAXG: news ~market score=+0.04 (no coin-specific articles)
17:48:56 |    ⚡ PAXG: projection 0.26% modest + MA-fan compressing (ma_fan=-0.01) → penalty 20%
17:48:56 | ⚖️ PAXG: long vs R=-0.69 counter-trend → score ×0.85 (penalty, not a veto — it still must clear the bar) [C403]
17:48:56 |    🚫 PAXG: counter-trend BLOCK — dir long vs market R=-0.34 AND orderliness 0.22<0.33 (noisy). Long-into-trend is ~45%% barrier-win; no orderliness to justify it [C386]
17:48:56 |    ------------------------------------
17:48:56 |    🧬 FIGHT: breadth 3/5 → conviction 0.60 | cat=wild/W+1.00(regime) meanrev×0.60 | Sq=-0.41 fund=+0.095% OI=$1.7M CVD=-0.28 ofi=+0.06 book=-0.00
17:48:56 |    🧬 FIGHT: own-history vol 3.90% vs baseline 1.19% (×3.27) → abnormal-wild conviction ×0.90 [C286-2]
17:48:56 |    · FIGHT: news ~market score=+0.04 (no coin-specific articles)
17:48:56 |    🛑 FIGHT: LONG at RSI 91 (overbought, stretched) → brake 45%
17:48:56 |    🎢→✅ FIGHT: parabola RESOLVED (pullback age 0c, recovered 0.0 ATR, extreme re-touched) → long allowed, penalty 15%
17:48:57 |    ☁️ FIGHT: ichimoku A+ persisting 0.78 WITH the long → score ×1.02 (earned ledger) [C343]
17:48:57 |    🛑 FIGHT: long into CAPITULATION/BLOW-OFF -- climactic bearish rejection (vol-spike) vs RSI 91 -> reversal imminent, continuation blocked
17:48:57 |    ------------------------------------
17:48:57 |    🧬 APE: breadth 2/6 → conviction 0.45 | cat=gaming/W+0.70(member) meanrev×0.67 | Sq=-0.07 fund=+0.010% OI=$2.3M CVD=+0.28 ofi=-0.06 book=-0.11
17:48:57 |    · APE: news ~market score=+0.04 (no coin-specific articles)
17:48:57 |    🎢 APE: long BLOCKED — broken-parabola bounce (day range 14×ATR, 3.4 ATR below the day high) → post-blow-off distribution risk
17:48:57 |       ⚖️ parabola → score ×0.82 (penalty, not a veto — must still clear the bar) [C403]
17:48:58 | ⚖️ APE: long vs R=-0.69 counter-trend → score ×0.85 (penalty, not a veto — it still must clear the bar) [C403]
17:48:58 |    🚫 APE: counter-trend BLOCK — dir long vs market R=-0.34 AND orderliness 0.07<0.33 (noisy). Long-into-trend is ~45%% barrier-win; no orderliness to justify it [C386]
17:48:58 |    ------------------------------------
17:48:58 |    🧬 RENDER: breadth 4/6 → conviction 0.67 | cat=depin/W-0.39(member) trend×1.30 | Sq=-0.03 fund=+0.005% OI=$9.6M CVD=-0.60 ofi=+0.40 book=+0.15
17:48:58 |    📄 RENDER: news long sig=0.12 score=+0.10
17:48:58 |    🎯 RENDER: target 1.4%→2.6% — regime TD persisting 0.86 on an earned ledger (acc 0.84); room-to-structure defers to the trend [C340]
17:48:58 |    ☁️ RENDER: ichimoku B- persisting 0.91 WITH the short → score ×1.04 (earned ledger) [C343]
17:48:58 |    🛑 RENDER: short into CAPITULATION/BLOW-OFF -- climactic bullish rejection (vol-spike) vs RSI 30 -> reversal imminent, continuation blocked
17:48:59 |    ------------------------------------
17:48:59 |    🧬 BGB: breadth 4/6 → conviction 0.62 | cat=calm/W-0.80(regime) trend×1.25 | Sq=-0.06 fund=+0.010% OI=$23.7M CVD=+0.27 ofi=+0.03 book=+0.15
17:48:59 |    🩸 C398 capitulation tilt: 0.13 ATR off its own 12h low → short score ×0.940 [+4.67pp measured, down-side only by design]
17:48:59 |    · BGB: news ~market score=+0.04 (no coin-specific articles)
17:48:59 |    🛑 BGB: SHORT at RSI 5 (oversold, stretched) → brake 45%
17:48:59 |    🔓 BGB: short near extreme but WITH trend (R=-0.69) → breakout, not blocked
17:48:59 |    🎯 BGB: target 0.5%→0.9% — regime TD persisting 0.86 on an earned ledger (acc 0.84); room-to-structure defers to the trend [C340]
17:48:59 |    ⏳ BGB: short LATE-LEG at extreme (room 2%) + forward signals object (F=+0.04, worst=-0.41) → blocked
17:49:00 |    ------------------------------------
17:49:00 |    🧬 XAUT: breadth 4/5 → conviction 0.83 | cat=calm/W-0.85(regime) trend×1.25 | Sq=+0.00 fund=-0.001% OI=$24.3M CVD=-0.04 ofi=-0.09 book=+0.30
17:49:00 |    · XAUT: news ~market score=+0.04 (no coin-specific articles)
17:49:00 |    🛑 XAUT: projection 0.20% < 0.25% (ATR-relative) + MA-fan not accelerating (ma_fan=-0.01) → blocked
17:49:00 |    ------------------------------------
17:49:00 |    🧬 FOLKS: breadth 5/6 → conviction 0.89 | cat=wild/W+1.00(regime) meanrev×0.60 | Sq=-0.11 fund=+0.014% OI=$1.4M CVD=-0.05 ofi=-0.30 book=-0.10
17:49:00 |    · FOLKS: news ~market score=+0.04 (no coin-specific articles)
17:49:00 |    🎢→⚖️ FOLKS: C292 stands down — parabola BROKEN (range 42×ATR, 29.1 ATR off the day extreme): the 24h 'trend' already failed structurally; counter-trend entry re-enters the TURNING path [C299]
17:49:00 |    ⚡ FOLKS: 24h=+12.4% but 1h=+0.0% (TURNING) → penalty 25%
17:49:00 |    🎢→✅ FOLKS: parabola RESOLVED (bounce age 47c, unwound 29.1 ATR) → short allowed, penalty 15%
17:49:01 |    🎯 FOLKS: target 2.0%→3.5% — regime TD persisting 0.86 on an earned ledger (acc 0.84); room-to-structure defers to the trend [C340]
17:49:01 |    ☁️ FOLKS: ichimoku B- persisting 0.91 WITH the short → score ×1.04 (earned ledger) [C343]
17:49:01 |    ⚠️ FOLKS: short into bullish rejection candle at RSI 33 (counter-signal) -> conviction x0.85
17:49:01 |    ⚡ FOLKS: short wick rejection #2 → score×0.75
17:49:01 |    ❌ FOLKS: short scr=0.08 conf=0.33 → low score (<0.42)
17:49:01 |    ------------------------------------
17:49:01 |    🧬 BEAT: breadth 5/6 → conviction 0.77 | cat=mid/W+0.26(regime) meanrev×0.70 | Sq=-0.08 fund=+0.011% OI=$1.4M CVD=-0.39 ofi=-0.03 book=+0.23
17:49:01 |    · BEAT: news ~market score=+0.04 (no coin-specific articles)
17:49:01 |    ☁️ BEAT: ichimoku A+ persisting 0.78 WITH the long → score ×1.02 (earned ledger) [C343]
17:49:01 |    ⚠️ BEAT: long into bearish rejection candle at RSI 63 (counter-signal) -> conviction x0.85
17:49:01 |    🛑 BEAT: long CAPITULATION REJECTION (wick+vol) → blocked
17:49:02 |    ------------------------------------
17:49:02 |    🧬 FET: breadth 2/6 → conviction 0.29 | cat=ai/W-0.06(member) meanrev×0.71 | Sq=-0.08 fund=+0.013% OI=$15.6M CVD=-0.12 ofi=+0.06 book=-0.00
17:49:02 |    📰 FET: news long sig=0.30 score=+0.44
17:49:02 |    🛑 FET: long opposes the latched DOWN-trend (R was -0.75 2min ago; now -0.69, 4h -0.78) — one weak print is a blip, not a turn [C339]
17:49:03 |    ------------------------------------
17:49:03 |    🧬 RAY: breadth 3/5 → conviction 0.62 | cat=solana_eco/W-0.06(member) meanrev×0.69 | Sq=-0.03 fund=+0.005% OI=$2.8M CVD=-0.29 ofi=-0.05 book=+0.10
17:49:03 |    📄 RAY: news long sig=0.12 score=+0.04
17:49:03 |    🛑 RAY: LONG at RSI 79 (overbought, stretched) → brake 21%
17:49:03 |    ☁️ RAY: ichimoku A+ persisting 0.78 WITH the long → score ×1.02 (earned ledger) [C343]
17:49:03 | ⚖️ RAY: long vs R=-0.69 counter-trend → score ×0.85 (penalty, not a veto — it still must clear the bar) [C403]
17:49:03 |    🚫 RAY: counter-trend BLOCK — dir long vs market R=-0.34 AND orderliness 0.16<0.33 (noisy). Long-into-trend is ~45%% barrier-win; no orderliness to justify it [C386]
17:49:04 |    ------------------------------------
17:49:04 |    🧬 ZEST: breadth 4/6 → conviction 0.80 | cat=wild/W+0.97(regime) meanrev×0.60 | Sq=-0.14 fund=+0.017% OI=$1.2M CVD=+0.05 ofi=-0.25 book=-0.26
17:49:04 |    🧬 ZEST: own-history vol 2.36% vs baseline 1.02% (×2.32) → abnormal-wild conviction ×0.96 [C286-2]
17:49:04 |    · ZEST: news ~market score=+0.04 (no coin-specific articles)
17:49:04 |    🛑 ZEST: LONG at RSI 73 (overbought, stretched) → brake 8%
17:49:04 |    🛑 ZEST: projection 0.31% < 0.50% (ATR-relative) + MA-fan not accelerating (ma_fan=+0.08) → blocked
17:49:04 |    ------------------------------------
17:49:04 |    🧬 ZAMA: breadth 5/6 → conviction 0.88 | cat=wild/W+0.90(regime) meanrev×0.60 | Sq=-0.03 fund=+0.005% OI=$4.9M CVD=+0.24 ofi=+0.19 book=+0.02
17:49:04 |    · ZAMA: news ~market score=+0.04 (no coin-specific articles)
17:49:04 |    🎢 ZAMA: long BLOCKED — broken-parabola bounce (day range 18×ATR, 6.4 ATR below the day high) → post-blow-off distribution risk
17:49:04 |       ⚖️ parabola → score ×0.82 (penalty, not a veto — must still clear the bar) [C403]
17:49:04 |    ☁️ ZAMA: ichimoku B- persisting 0.91 AGAINST the long → score ×0.96 (earned ledger) [C343]
17:49:04 | ⚖️ ZAMA: long vs R=-0.69 counter-trend → score ×0.85 (penalty, not a veto — it still must clear the bar) [C403]
17:49:04 |    🚫 ZAMA: counter-trend BLOCK — dir long vs market R=-0.34 AND orderliness 0.19<0.33 (noisy). Long-into-trend is ~45%% barrier-win; no orderliness to justify it [C386]
17:49:05 |    ------------------------------------
17:49:05 |    🧬 牛来: breadth 2/6 → conviction 0.38 | cat=wild/W+0.95(regime) meanrev×0.60 | Sq=-0.27 fund=+0.041% OI=$1.8M CVD=-0.13 ofi=+0.04 book=-0.28
17:49:05 |    🧬 牛来: own-history vol 1.42% vs baseline 2.59% (×0.55) → coiled conviction ×1.02 [C286-2]
17:49:05 |    · 牛来: news ~market score=+0.04 (no coin-specific articles)
17:49:05 |    ☁️ 牛来: ichimoku B- persisting 0.91 AGAINST the long → score ×0.96 (earned ledger) [C343]
17:49:05 | ⚖️ 牛来: long vs R=-0.69 counter-trend → score ×0.85 (penalty, not a veto — it still must clear the bar) [C403]
17:49:05 |    🚫 牛来: counter-trend BLOCK — dir long vs market R=-0.34 AND orderliness 0.17<0.33 (noisy). Long-into-trend is ~45%% barrier-win; no orderliness to justify it [C386]
17:49:05 |    ------------------------------------
17:49:05 |    🧬 KAITO: breadth 3/6 → conviction 0.47 | cat=calm/W-0.35(regime) trend×1.22 | Sq=-0.04 fund=+0.005% OI=$4.5M CVD=+0.22 ofi=-0.04 book=+0.24
17:49:05 |    · KAITO: news ~market score=+0.04 (no coin-specific articles)
17:49:05 |    🎢 KAITO: long BLOCKED — broken-parabola bounce (day range 10×ATR, 4.1 ATR below the day high) → post-blow-off distribution risk
17:49:05 |       ⚖️ parabola → score ×0.82 (penalty, not a veto — must still clear the bar) [C403]
17:49:06 | ⚖️ KAITO: long vs R=-0.69 counter-trend → score ×0.85 (penalty, not a veto — it still must clear the bar) [C403]
17:49:06 |    🚫 KAITO: counter-trend BLOCK — dir long vs market R=-0.34 AND orderliness 0.25<0.33 (noisy). Long-into-trend is ~45%% barrier-win; no orderliness to justify it [C386]
17:49:06 |    ------------------------------------
17:49:06 |    🧬 ZEN: breadth 5/6 → conviction 0.86 | cat=privacy/W+0.04(member) trend×1.20 | Sq=-0.07 fund=+0.010% OI=$3.0M CVD=-0.19 ofi=-0.09 book=+0.01
17:49:06 |    📄 ZEN: news long sig=0.12 score=+0.07
17:49:06 |    🎢 ZEN: long BLOCKED — broken-parabola bounce (day range 12×ATR, 3.0 ATR below the day high) → post-blow-off distribution risk
17:49:06 |       ⚖️ parabola → score ×0.82 (penalty, not a veto — must still clear the bar) [C403]
17:49:06 |    ☁️ ZEN: ichimoku A+ persisting 0.78 WITH the long → score ×1.02 (earned ledger) [C343]
17:49:06 | ⚖️ ZEN: long vs R=-0.69 counter-trend → score ×0.85 (penalty, not a veto — it still must clear the bar) [C403]
17:49:06 |    🚫 ZEN: counter-trend BLOCK — dir long vs market R=-0.34 AND orderliness 0.13<0.33 (noisy). Long-into-trend is ~45%% barrier-win; no orderliness to justify it [C386]
17:49:07 |    ------------------------------------
17:49:07 |    🧬 FORM: breadth 4/6 → conviction 0.62 | cat=mid/W+0.19(regime) meanrev×0.73 | Sq=-0.03 fund=+0.005% OI=$1.1M CVD=-0.19 ofi=-0.09 book=+0.16
17:49:07 |    · FORM: news ~market score=+0.04 (no coin-specific articles)
17:49:07 |    🛑 FORM: projection 0.42% < 0.50% (ATR-relative) + MA-fan not accelerating (ma_fan=-0.09) → blocked
17:49:07 |    ------------------------------------
17:49:07 |    🧬 US: breadth 6/6 → conviction 1.00 | cat=wild/W+0.97(regime) meanrev×0.60 | Sq=-0.04 fund=+0.005% OI=$4.8M CVD=+0.03 ofi=-0.05 book=-0.01
17:49:07 |    · US: news ~market score=+0.04 (no coin-specific articles)
17:49:08 |    ☁️ US: ichimoku A+ persisting 0.78 WITH the long → score ×1.02 (earned ledger) [C343]
17:49:08 | ⚖️ US: long vs R=-0.69 counter-trend → score ×0.85 (penalty, not a veto — it still must clear the bar) [C403]
17:49:08 |    🚫 US: counter-trend BLOCK — dir long vs market R=-0.34 AND orderliness 0.11<0.33 (noisy). Long-into-trend is ~45%% barrier-win; no orderliness to justify it [C386]
17:49:08 |    ------------------------------------
17:49:08 |    🧬 CHZ: breadth 2/5 → conviction 0.57 | cat=calm/W-0.49(regime) trend×1.23 | Sq=-0.06 fund=+0.010% OI=$4.0M CVD=+0.01 ofi=-0.03 book=+0.27
17:49:08 |    · CHZ: news ~market score=+0.04 (no coin-specific articles)
17:49:08 |    🎢 CHZ: long BLOCKED — broken-parabola bounce (day range 13×ATR, 3.6 ATR below the day high) → post-blow-off distribution risk
17:49:08 |       ⚖️ parabola → score ×0.82 (penalty, not a veto — must still clear the bar) [C403]
17:49:08 |    ⚡ CHZ: projection 0.50% modest + MA-fan compressing (ma_fan=-0.08) → penalty 20%
17:49:08 |    ☁️ CHZ: ichimoku B- persisting 0.91 AGAINST the long → score ×0.96 (earned ledger) [C343]
17:49:08 | ⚖️ CHZ: long vs R=-0.69 counter-trend → score ×0.85 (penalty, not a veto — it still must clear the bar) [C403]
17:49:08 |    🚫 CHZ: counter-trend BLOCK — dir long vs market R=-0.34 AND orderliness 0.30<0.33 (noisy). Long-into-trend is ~45%% barrier-win; no orderliness to justify it [C386]
17:49:09 |    ------------------------------------
17:49:09 |    🧬 LDO: breadth 4/6 → conviction 0.75 | cat=defi/W-0.36(member) trend×1.31 | Sq=-0.03 fund=+0.006% OI=$3.2M CVD=+0.04 ofi=-0.24 book=-0.30
17:49:09 |    📄 LDO: news long sig=0.12 score=+0.04
17:49:09 |    🎯 LDO: target 1.1%→2.8% — regime TD persisting 0.86 on an earned ledger (acc 0.84); room-to-structure defers to the trend [C340]
17:49:09 |    ☁️ LDO: ichimoku B- persisting 0.91 WITH the short → score ×1.04 (earned ledger) [C343]
17:49:09 |    ⚠️ LDO: short into bullish rejection candle at RSI 35 (counter-signal) -> conviction x0.85
17:49:09 |    ⚡ LDO: short wick rejection #1 → score×0.75
17:49:09 |    ❌ LDO: short scr=0.01 conf=0.27 → low confidence
17:49:10 |    ------------------------------------
17:49:10 |    🧬 CAKE: breadth 3/5 → conviction 0.63 | cat=defi/W-0.21(member) trend×1.30 | Sq=-0.04 fund=+0.005% OI=$2.5M CVD=+0.60 ofi=-0.40 book=+0.22
17:49:10 |    📄 CAKE: news long sig=0.12 score=+0.04
17:49:10 |    🎢 CAKE: long BLOCKED — broken-parabola bounce (day range 14×ATR, 6.0 ATR below the day high) → post-blow-off distribution risk
17:49:10 |       ⚖️ parabola → score ×0.82 (penalty, not a veto — must still clear the bar) [C403]
17:49:10 |    🛑 CAKE: projection 0.24% < 0.35% (ATR-relative) + MA-fan not accelerating (ma_fan=-0.10) → blocked
17:49:10 |    ------------------------------------
17:49:10 |    🧬 BLESS: breadth 5/6 → conviction 0.76 | cat=mid/W+0.03(regime) meanrev×0.76 | Sq=-0.04 fund=+0.005% OI=$3.0M CVD=-0.13 ofi=-0.11 book=+0.25
17:49:10 |    · BLESS: news ~market score=+0.04 (no coin-specific articles)
17:49:11 |    ☁️ BLESS: ichimoku A+ persisting 0.78 WITH the long → score ×1.02 (earned ledger) [C343]
17:49:11 |    ⚠️ BLESS: long into bearish rejection candle at RSI 57 (counter-signal) -> conviction x0.85
17:49:11 |    🛑 BLESS: long CAPITULATION REJECTION (wick+vol) → blocked
17:49:11 |    ------------------------------------
17:49:11 |    🧬 SPX: breadth 2/6 → conviction 0.43 | cat=mid/W+0.22(regime) meanrev×0.71 | Sq=-0.03 fund=+0.005% OI=$2.6M CVD=+0.21 ofi=+0.10 book=-0.07
17:49:11 |    · SPX: news ~market score=+0.04 (no coin-specific articles)
17:49:11 |    🛑 SPX: SHORT at RSI 24 (oversold, stretched) → brake 14%
17:49:11 |    🎢→✅ SPX: parabola RESOLVED (bounce age 0c, unwound 0.3 ATR, extreme re-touched) → short allowed, penalty 15%
17:49:11 |    🎯 SPX: target 2.7%→3.4% — regime TD persisting 0.86 on an earned ledger (acc 0.84); room-to-structure defers to the trend [C340]
17:49:11 |    ☁️ SPX: ichimoku B- persisting 0.91 WITH the short → score ×1.04 (earned ledger) [C343]
17:49:11 |    ❌ SPX: short scr=0.12 conf=0.34 → low score (<0.42)
17:49:12 |    ------------------------------------
17:49:12 |    🧬 CAP: breadth 6/6 → conviction 1.00 | cat=calm/W-0.44(regime) trend×1.23 | Sq=-0.03 fund=+0.005% OI=$1.1M CVD=+0.27 ofi=+0.24 book=-0.01
17:49:12 |    · CAP: news ~market score=+0.04 (no coin-specific articles)
17:49:12 | ⚡ FLASH: KERNEL Δ=+0.27% DRI=-0.046
17:49:12 |    ☁️ CAP: ichimoku A+ persisting 0.78 WITH the long → score ×1.02 (earned ledger) [C343]
17:49:12 | ⚖️ CAP: long vs R=-0.69 counter-trend → score ×0.85 (penalty, not a veto — it still must clear the bar) [C403]
17:49:12 |    🚫 CAP: counter-trend BLOCK — dir long vs market R=-0.34 AND orderliness 0.06<0.33 (noisy). Long-into-trend is ~45%% barrier-win; no orderliness to justify it [C386]
17:49:12 |    ------------------------------------
17:49:12 |    🧬 NDX100: breadth 3/5 → conviction 0.72 | cat=wild/W+0.47(regime) meanrev×0.66 | Sq=+0.00 fund=+0.000% OI=$2.7M CVD=-0.29 ofi=+0.04 book=+0.22
17:49:12 |    · NDX100: news ~market score=+0.04 (no coin-specific articles)
17:49:12 |    ☁️ NDX100: ichimoku B- persisting 0.91 WITH the short → score ×1.04 (earned ledger) [C343]
17:49:12 |    ❌ NDX100: short scr=0.06 conf=0.60 → low score (<0.42)
17:49:13 |    ------------------------------------
17:49:13 |    🧬 COPPER: breadth 3/5 → conviction 0.89 | cat=calm/W-0.68(regime) trend×1.24 | Sq=-0.00 fund=+0.000% OI=$3.5M CVD=+0.24 ofi=-0.06 book=-0.11
17:49:13 |    · COPPER: news ~market score=+0.04 (no coin-specific articles)
17:49:13 |    🛑 COPPER: long opposes the latched DOWN-trend (R was -0.75 0min ago; now -0.75, 4h -0.78) — one weak print is a blip, not a turn [C339]
17:49:13 | 📊 Step 3 result: 70 analyzed → 2 viable → Step 4 DRI/DSI
17:49:13 |    ⚡ C430-2 warm start: 2 candidates had price, book and candles primed in parallel with the remaining Step 3 scoring — Step 4/5 now read them from cache instead of fetching one symbol at a time. Ranking and allocation are unchanged.
17:49:13 |    🧿 C464 info overlay: 2 candidate(s) tilted on [flow 79, fund 79, news 79] — strongest FARTCOIN +0.45 ×1.068 {'flow': 0.81, 'fund': -0.253, 'news': 0.165}
17:49:13 | ━━━━━━━━━━━━━━━━━━━━━━━━━━━━━━━━━━━━━━━━━━━━━━━━━━
17:49:13 | 📋 STEP 4: DRI/DSI RANKING — 2 candidates
17:49:13 | ━━━━━━━━━━━━━━━━━━━━━━━━━━━━━━━━━━━━━━━━━━━━━━━━━━
17:49:13 | 🔬 Computing unified DRI/DSI on 2 candidates
17:49:13 |    1. AVAX: Rank=0.617 DRI=-0.214 DSI=+0.351 Scr=1.335 Agr=66% MQ=0.80 News=+0.04 Stg=mid Cat=l1/W-0.34(member) Sq=-0.04 Macro=↓100%
17:49:13 |    2. FARTCOIN: Rank=0.335 DRI=-0.082 DSI=+0.313 Scr=0.655 Agr=57% MQ=0.80 News=+0.04 Stg=mid Cat=meme/W+0.70(member) Sq=-0.06 Macro=↓100%
17:49:13 |    🎯 Kelly-Conv-Vol: base=0.55 conv=1.00(s=1.00) vol_adj=0.72(atr=1.4%) → max=$46.51
17:49:13 |    💰 $93.02 kept as reserve (max-per-trade cap enforced)
17:49:13 | ━━━━━━━━━━━━━━━━━━━━━━━━━━━━━━━━━━━━━━━━━━━━━━━━━━
17:49:13 | 📋 STEP 5: TRADE SELECTION — 2 candidates
17:49:13 | ━━━━━━━━━━━━━━━━━━━━━━━━━━━━━━━━━━━━━━━━━━━━━━━━━━
17:49:13 |    AVAX/USDT:USDT: Score=1.335, Dir=short, Margin=$46.51
17:49:13 |    FARTCOIN/USDT:USDT: Score=0.655, Dir=short, Margin=$46.51
17:49:13 |    🔸 AVAX: FEEDBACK NEUTRAL — conv=+0.0080 candle=+0.000% vol=+0.8
17:49:14 |    🧮 AVAX: S3 RECORD P=0.695 R=1.15 EV=+0.412PRU κ=0.43 T=0.00 [C322/C335]
17:49:14 |    ⚖️ C61 ATR-cap: lev 6→1 (ATR=1.28% × 6x = PRU 7.7% > 2.0%)
17:49:14 |    🛡️ AVAX: C313 open-stop reservation $1.36 held back → $5.95 of $9.48 free
17:49:14 |    🎲 C378 odds-size: orderliness 0.14 -> risk x0.79 ($0.677)
17:49:14 |    🧮 C260 budget-fit: est stop $0.89 > share $0.68 (60% of $5.95 day budget) → margin $46.51→$35.30 (stop=$0.68)
17:49:15 |    💰 C461: AVAX would have CROSSED (C297 regime-urgent) — resting as maker instead. Crossing costs 4bp against a measured gross edge of 1.7bp [throttled 10min]
17:49:15 |    📍 C279/C397 passive limit @ $10.757 (anchored to book; ask $10.757, mkt $10.758)
17:49:15 | 📝 Paper LIMIT: AVAX sell @$10.7570
17:49:15 | 📉 FILL: AVAX SELL @$10.7570 | paper=True
17:49:15 |    🫧 AVAX FLOW baseline [C401]: taker delta -0.387 | OI 31,444,437 — INSTRUMENTED ONLY, no exit is wired to this yet
17:49:15 |    🔒 C378 stop level $10.963 recorded (paper — C377 enforces it in-process) [C397 tick-legal]
17:49:15 |    📐 C227 stop ATR widened 1.29%→1.33% (swing-aware, matches leverage)
17:49:15 |    🎯 AVAX: target floor 2.81R = 9.68% (p=0.69 fee=0.024R wr 0.33 n=20 [C420-4]) — computed, not fixed [C416]
17:49:15 |    🎯 Planned target: $9.7155 (+9.7%)
17:49:15 |    📐 PRU: 1.50% | EQI: 0.800 | ATR: 1.33%
17:49:15 | ────────────────────────────────────────
17:49:15 | 📊 OPEN: AVAX SHORT @$10.757
  >> 17:49  OPEN   AVAX SHORT @10.7570  x1 $35.30
       target +9.7%  stop -1.9%  entry score 1.34  maker
17:49:15 |    🧮 EVAL TRADE #25/100 (window W2)
17:49:15 |    Leverage: 1x | Margin: $35.30 | Conf: 0.865
17:49:15 |    Strategy: trend_following | Score: 1.335
17:49:15 |    🎲 AVAX Entry DRI: -0.214 | DSI: +0.351 (locked baselines — C399 measures every later reading against these)
17:49:15 |    🔮 Trend: MID | Proj: -2.6% | Prob: 70% | Hold: ~19min
17:49:15 | ────────────────────────────────────────
17:49:15 |    📊 Top signals: rsi_value=+36.24 | short_term=-1.00 | perm_entropy=+0.96 | kalman_momentum=-0.95 | catalyst=-0.80 | vwdi=-0.80
17:49:15 |    🎯 Dir: short | Agreement: 22/35 (63%)
17:49:15 |    🔸 FARTCOIN: FEEDBACK NEUTRAL — conv=+0.0195 candle=-0.051% vol=-1.0
17:49:15 |    🛑 FARTCOIN: EFFECTIVE-BET CAP — the book already carries 1.92 independent bets and this would make 2.11 (cap 2.0) [C418]
17:49:43 |    🛡 C373: AVAX capture held — +0.14% is 0.05R, floor 48.00% (1.0R); 0/120min into horizon [throttled 5min]
17:51:15 | ⚡ FLASH: AVAX Δ=+0.23% DRI=-0.019
 
 
  17:51  up 0h16m  scan 3 ------------------------------------------------------------------------
  EQUITY    $252.73  unreal $-0.08
  OPEN      3 pos $102.06 (40%)  free $150.75
  ------------------------------------------------------------------------------------------------
  PAIR     SIDE       ENTRY      MARK    MOVE     P&L   AGE  THESIS
  牛来       SHORT   0.108840  0.108720  +0.11%   +0.01   14m  + 52% left
  KERNEL   SHORT   0.056370  0.056400  -0.05%   -0.05   14m  - 44% left
  AVAX     SHORT    10.7570   10.7620  -0.05%   -0.04    2m  - 9% left
  ------------------------------------------------------------------------------------------------
  SESSION   $-0.08 -0.03%  peak $252.81  dd 0.03%
  DAY       real $-2.17  limit $9.48 (3.72%)  23% used
            ######....................
  MONTH     dial 15%  used $0.00 of $37.92  from $252.81
  RECORD    no closed trades yet this run
  LIFETIME  87tr 25W 62L 29%  $+2.81
  FEES      $0.02  mk3/tk0  0.008% of eq
  SCAN      802 > 70 > 2 passed  top AVAX 1.34 (viable)  3 scans, 142 analysed
  MARKET    TRENDING  bias -0.34  breadth +0.00  taker flow +0.35
  NEWS      64 articles  + tone +0.40  PEPE +0.53  MET +0.50  FET +0.44
  INFO      2 tilted  flow/fund/news on 79
  MOVERS    FIGHT +47% #47  MET +37% cut  ALLO +33% cut  BCH +27% #5
  ------------------------------------------------------------------------------------------------
 
17:51:36 | 
17:51:36 | ============================================================
17:51:36 | 📊 POSITION SUMMARY (8-MIN UPDATE)
17:51:36 | 💰 Equity: $252.81 | Unrealized: $-0.08
17:51:36 | 💵 Available: $150.75 | Locked: $102.06
17:51:36 | 📈 Session: $-0.08 (-0.0%)
17:51:36 | 🎯 Win Rate: Overall 29% | Session 0% | Open 33%
17:51:36 | ============================================================
17:51:36 | 🔸 SHORT 牛来
17:51:36 |    💰 Margin: $31.78 | Lev: 1x | Age: 14min
17:51:36 |    📊 Entry: $0.108840 → Now: $0.108720
17:51:36 |    📈 Move: +0.11% | PnL: $+0.01 (+0.1%)
17:51:36 |    🎲 牛来 DRI: -0.115→ Δb=+0.004 | DSI: +0.155 Δb=-0.145 ➡️ μ=+0.09 | 🟢 thesis 52% left (DRI 97% / DSI 52%)
17:51:36 |    📊 Mom=-0.06, Vol=0.00, Tec=-0.12, Ml=-0.10, Wav=-0.02, Ofi=0.01, Fun=-0.67
17:51:36 |       Mul=-1.00, Pri=-0.05, Tim=0.00, Rvs=0.00, _hu=0.56, _ds=0.17
17:51:36 |    🎯 Strategy: momentum | Conf: 0.678 | TF: 1h (hold≥10m)
17:51:36 |    📊 Flow(mkt): L/S=1.2 R=-0.19 taker=+0.09
17:51:36 |    📈 OI: neutral Δ=-0.2%
17:51:36 |    🫧 牛来 FLOW [C401]: taker support +0.182 (entry +0.563, -0.382) 🟢 (instrumented, no exit wired)
17:51:36 |    📋 Limit Order Entry
17:51:36 | 
17:51:36 | 🔻 SHORT KERNEL
17:51:36 |    💰 Margin: $34.98 | Lev: 1x | Age: 14min
17:51:36 |    📊 Entry: $0.056370 → Now: $0.056400
17:51:36 |    📈 Move: -0.05% | PnL: $-0.05 (-0.1%)
17:51:36 |    🎲 KERNEL DRI: -0.047→ Δb=+0.060 | DSI: +0.162 Δb=-0.161 ➡️ μ=+0.11 | 🟢 thesis 44% left (DRI 44% / DSI 50%)
17:51:36 |    📊 Mom=-0.05, Vol=0.00, Tec=-0.14, Ml=0.02, Wav=-0.01, Ofi=0.01, Fun=0.67
17:51:36 |       Mul=-0.90, Pri=0.01, Tim=0.00, Rvs=0.15, _hu=0.72, _ds=0.16
17:51:36 |    🎯 Strategy: trend_following | Conf: 0.677 | TF: 1h (hold≥10m)
17:51:36 |    📊 Flow(mkt): L/S=1.1 R=-0.04 taker=+0.02
17:51:37 |    📈 OI: neutral Δ=+0.4%
17:51:37 |    🫧 KERNEL FLOW [C401]: taker support +0.137 (entry +0.172, -0.035) 🟢 (instrumented, no exit wired)
17:51:37 |    📋 Limit Order Entry
17:51:37 | 
17:51:37 | 🔻 SHORT AVAX
17:51:37 |    💰 Margin: $35.30 | Lev: 1x | Age: 2min
17:51:37 |    📊 Entry: $10.7570 → Now: $10.7620
17:51:37 |    📈 Move: -0.05% | PnL: $-0.04 (-0.0%)
17:51:37 |    🎲 AVAX DRI: -0.019→ Δb=+0.195 | DSI: +0.113 Δb=-0.238 ➡️ μ=+0.00 | 🔴 thesis 9% left (DRI 9% / DSI 32%)
17:51:37 |    📊 Mom=-0.08, Vol=-0.02, Tec=-0.04, Ml=0.09, Wav=0.01, Ofi=0.33, Fun=0.67
17:51:37 |       Mul=-0.50, Pri=0.01, Tim=0.00, Rvs=0.15, _hu=0.62, _ds=0.09
17:51:37 |    🎯 Strategy: trend_following | Conf: 0.865 | TF: 1h (hold≥10m)
17:51:41 |    📊 Flow(mkt): L/S=1.2 R=-0.14 taker=+0.08
17:51:42 |    📈 OI: neutral Δ=-0.0%
17:51:42 |    🫧 AVAX FLOW [C401]: taker support -0.426 (entry +0.387, -0.813) 🔴 (instrumented, no exit wired)
17:51:42 |    📋 Limit Order Entry
17:51:42 | 
17:51:42 | ============================================================
17:51:42 | 🔵 Day: +1.1% (barrier ±0.68%, not a target — expected 0.14%/day) [C429-3]
17:51:42 | ============================================================
17:51:42 | 
17:54:17 | 📋 STEP 1: Using cached 70 pairs (387s old, refresh at 480s)
17:54:17 | ━━━━━━━━━━━━━━━━━━━━━━━━━━━━━━━━━━━━━━━━━━━━━━━━━━
17:54:17 | 📋 STEP 2: MARKET ANALYSIS — News, Bias, Coherence
17:54:17 | ━━━━━━━━━━━━━━━━━━━━━━━━━━━━━━━━━━━━━━━━━━━━━━━━━━
17:54:18 |    🌍 C270 macro: NDX/SPX z=-0.45 gold z=+0.96 tone x1.25 sess w=0.96 -> tilt -0.054 | R -0.70->-0.75
17:54:20 | ✅ C79 RESULTANT: 1h=-0.84 4h=-0.73 12h=-0.57 R=-0.75 mag=0.75
17:54:20 | 📰 News: 64 articles | 🔵 +0.40
17:54:20 | 📈 Market: 🔻BEARISH (blend=-0.38 R=-0.75) | 1h=-0.84 4h=-0.73 12h=-0.57 align=+0.50 macro=✓
17:54:20 | 📊 Regime: TRENDING (0.53) | DFA=0.46 Ent=0.91 GARCH=0.0016
17:54:20 | 🎲 RegimeMarkov: state=TD → next most-likely TD (P=0.86, persist=0.86, conf=0.83, n=245) | calib[1140]: acc=0.84 brier=0.056
17:54:20 | 🎲 PairMarkov: calib[19371]: acc=1.00 brier=0.000 (baseline 0.160)
17:54:20 | 🎲 FamilyMarkov: calib[2156/120]: acc=1.00 brier=0.005 (base 0.020) skill=+76.0% [need +5%] EARNED [C342]
17:54:20 | 🎲 IchiMarkov: calib[19157/200]: acc=0.83 brier=0.128 (base 0.153) skill=+16.1% [need +5%] EARNED [C343]
17:54:20 | 🧮 S3-EV: calib[119]: acc=0.33 brier=0.332 (baseline 0.250)
17:54:20 | 🌊 Market coherence: 70% long (39↑ vs 17↓)
17:54:21 | 💰 Taker flow: 🔵 +0.22 (BTC=+0.09 ETH=+0.36)
17:54:21 | ━━━━━━━━━━━━━━━━━━━━━━━━━━━━━━━━━━━━━━━━━━━━━━━━━━
17:54:21 | 📋 STEP 3: PREDICTIVE ANALYSIS — Scoring each pair
17:54:21 | ━━━━━━━━━━━━━━━━━━━━━━━━━━━━━━━━━━━━━━━━━━━━━━━━━━
17:54:36 | ⚡ FLASH: AVAX Δ=+0.19% DRI=-0.009
17:54:36 | 🌐 Market breadth -0.34 (OVERSOLD-heavy, 70 pairs) — fresh entries in that direction get a late-move brake
17:54:36 |    · AVAX: news ~market score=+0.04 (no coin-specific articles)
17:54:36 |    🌐 AVAX: SHORT into broad-OVERSOLD tape (breadth -0.34) → fresh-short brake 5%
17:54:36 |    🧭 C436 direction probability: 1 earned source(s): ichi[B+] 0.54x0.31(skill +8%) → p 0.33→0.54
17:54:36 |    🧪 C420-5: S3 probability skill -32.8% over 119 scored trades (brier 0.332 vs baseline 0.250) → claims kept at ×0.00; p 0.70→0.54. NOT EARNED — p is the base rate [throttled 15min]
17:54:37 |    🎯 AVAX: target 1.9%→3.5% — regime TD persisting 0.86 on an earned ledger (acc 0.84); room-to-structure defers to the trend [C340]
17:54:37 | 🔗 AVAX: short capped — 3/3 already short (max 3)
17:54:37 |    · FARTCOIN: news ~market score=+0.04 (no coin-specific articles)
17:54:37 |    🛑 FARTCOIN: SHORT at RSI 25 (oversold, stretched) → brake 12%
17:54:37 |    🎢→✅ FARTCOIN: parabola RESOLVED (bounce age 43c, unwound 7.0 ATR) → short allowed, penalty 15%
17:54:37 |    🌐 FARTCOIN: SHORT into broad-OVERSOLD tape (breadth -0.34) → fresh-short brake 5%
17:54:37 |    🎯 FARTCOIN: target 2.2%→4.0% — regime TD persisting 0.86 on an earned ledger (acc 0.84); room-to-structure defers to the trend [C340]
17:54:37 |    ☁️ FARTCOIN: ichimoku B- persisting 0.91 WITH the short → score ×1.04 (earned ledger) [C343]
17:54:37 | 🔗 FARTCOIN: short capped — 3/3 already short (max 3)
17:54:37 | 📊 Step 3 result: 2 analyzed (+68 cached this 15m candle) → 0 passed | low_confidence=4, low_score=13, regime_blip=10, ct_noisy_block=19, capitulation=7, news_tech_conflict=1, low_quality=1, flat_projection=6, late_leg_no_forward=2, corr_cap=2, absorption_at_extreme=1, proj_confirms_trend=2, micro_exhaustion=1, low_agreement=1
17:54:37 |    📌 Nearest miss: AVAX score=1.773 conf=0.928 quality=1.646/0.26 reason=corr_cap
17:54:37 |    🧾 Miss-flow: dir=short CVD=-0.49 OIdiv=n/a ofi=+0.19 book=-0.02 blend=-0.38 R=-0.75
17:54:37 |    📊 Top signals: rsi_v=+36.24 | short=-1.00 | perm_=+0.96 | kalma=-0.95 | catal=-0.80 | vwdi=-0.80
17:54:37 |    🎯 Dir: short | Agreement: 19/29 (66%)
17:54:40 |    🛡 C373: 牛来 capture held — +0.24% is 0.08R, floor 48.00% (1.0R); 17/120min into horizon [throttled 5min]
17:54:40 |    🛡 C373: KERNEL capture held — +0.14% is 0.05R, floor 48.00% (1.0R); 17/120min into horizon [throttled 5min]
17:55:23 | ⚡ FLASH: AVAX Δ=+0.30% DRI=-0.008
17:59:38 | ━━━━━━━━━━━━━━━━━━━━━━━━━━━━━━━━━━━━━━━━━━━━━━━━━━
17:59:38 | 📋 STEP 1: SCREENING — Scanning all futures markets
17:59:38 | ━━━━━━━━━━━━━━━━━━━━━━━━━━━━━━━━━━━━━━━━━━━━━━━━━━
17:59:39 | 🔍 Scanning 802 markets for lively pairs...
17:59:40 |    🕒 C408: RWA held out this scan — us_equity×312 · hk_equity×8 · korea_equity×3  (they print 24/7 but only inform in session)
17:59:40 | 📊 329 pairs meet volume threshold ($750,000 relative)
17:59:40 |    🧮 C424 phase-2 caps ADD per desk: crypto 125/319 · energy 3/3 · index_future 2/2 · metal 5/5 = 135 (a global cap let a busy desk crowd out a quiet one; C417 already ruled that comparison meaningless) [throttled 15min]
17:59:47 |    🗂 C417 DESKS — each market scanned on its own terms:
17:59:47 |         ● crypto       universe  465  floor $   300k  passed  125  analysing  60
17:59:47 |         ○ us_equity    US cash closed
17:59:47 |         ● index_future universe    3  floor $   300k  passed    2  analysing   2
17:59:47 |         ● metal        universe    8  floor $   875k  passed    5  analysing   5
17:59:47 |         ● energy       universe    3  floor $  2124k  passed    3  analysing   3
17:59:47 |         ○ korea_equity KRX closed
17:59:47 |         ○ hk_equity    HKEX closed
17:59:47 |         → 70 pairs into Step 3 across 4 open markets (one budget each, they ADD — a second market never shrinks the first)
17:59:47 | 🏆 Top 70 pairs (PREDICTIVE: freshness + projected + geometric)
17:59:47 |    1. BTC/USDT:USDT: Live=1.102 V=$2628.8M Chg=-0.7% Proj=+0.35 Geo=+0.101
17:59:47 |    2. ETH/USDT:USDT: Live=1.063 V=$1868.3M Chg=-1.0% Proj=+0.34 Geo=+0.087
17:59:47 |    3. XRP/USDT:USDT: Live=1.087 V=$484.4M Chg=+1.7% Proj=+0.47 Geo=+0.218
17:59:47 |    4. ZEC/USDT:USDT: Live=0.628 V=$260.3M Chg=+6.1% Proj=+0.04 Geo=-0.060
17:59:47 |    5. BCH/USDT:USDT: Live=0.683 V=$114.7M Chg=+27.1% Proj=+0.12 Geo=+0.043
17:59:47 |    6. SOL/USDT:USDT: Live=0.960 V=$234.8M Chg=-0.4% Proj=+0.40 Geo=+0.093
17:59:47 |    7. DOGE/USDT:USDT: Live=0.770 V=$130.6M Chg=+1.3% Proj=+0.25 Geo=+0.153
17:59:47 |    8. XAU/USDT:USDT: Live=1.024 V=$114.1M Chg=-0.6% Proj=+0.51 Geo=+0.019
17:59:47 |    9. NEAR/USDT:USDT: Live=1.135 V=$101.7M Chg=+2.3% Proj=+0.64 Geo=+0.150
17:59:47 |    10. PEPE/USDT:USDT: Live=0.910 V=$72.5M Chg=-3.1% Proj=+0.43 Geo=+0.198
17:59:47 |    11. HYPE/USDT:USDT: Live=1.024 V=$84.4M Chg=-0.8% Proj=+0.54 Geo=+0.153
17:59:47 |    12. CL/USDT:USDT: Live=0.699 V=$69.6M Chg=+0.3% Proj=+0.24 Geo=+0.012
17:59:47 |    13. SUI/USDT:USDT: Live=0.736 V=$59.8M Chg=-0.8% Proj=+0.29 Geo=+0.035
17:59:47 |    14. ADA/USDT:USDT: Live=0.856 V=$51.4M Chg=+1.3% Proj=+0.41 Geo=+0.164
17:59:47 |    15. ARB/USDT:USDT: Live=0.653 V=$37.3M Chg=+8.3% Proj=+0.21 Geo=+0.113
17:59:47 |    16. XAG/USDT:USDT: Live=1.027 V=$45.8M Chg=-1.0% Proj=+0.59 Geo=+0.119
17:59:47 |    17. PUMP/USDT:USDT: Live=0.867 V=$17.3M Chg=-9.0% Proj=+0.44 Geo=+0.206
17:59:47 |    18. ENA/USDT:USDT: Live=0.944 V=$43.4M Chg=+1.8% Proj=+0.51 Geo=+0.084
17:59:47 |    19. TAO/USDT:USDT: Live=1.168 V=$24.3M Chg=-5.5% Proj=+0.74 Geo=+0.187
17:59:47 |    20. APT/USDT:USDT: Live=0.649 V=$13.7M Chg=+10.5% Proj=+0.23 Geo=-0.048
17:59:47 |    21. LTC/USDT:USDT: Live=0.897 V=$25.3M Chg=+3.0% Proj=+0.49 Geo=+0.176
17:59:47 |    22. BZ/USDT:USDT: Live=0.712 V=$21.2M Chg=+1.6% Proj=+0.30 Geo=+0.011
17:59:47 |    23. LINK/USDT:USDT: Live=0.683 V=$29.4M Chg=-1.4% Proj=+0.27 Geo=+0.105
17:59:47 |    24. AVAX/USDT:USDT: Live=0.833 V=$37.5M Chg=-0.5% Proj=+0.43 Geo=+0.056
17:59:47 |    25. TIA/USDT:USDT: Live=0.713 V=$11.4M Chg=+15.4% Proj=+0.32 Geo=+0.038
17:59:47 |    26. PONS/USDT:USDT: Live=0.850 V=$17.3M Chg=+9.6% Proj=+0.46 Geo=+0.211
17:59:47 |    27. ZRO/USDT:USDT: Live=0.678 V=$6.1M Chg=+21.1% Proj=+0.29 Geo=+0.040
17:59:47 |    28. BNB/USDT:USDT: Live=0.712 V=$18.7M Chg=-1.1% Proj=+0.33 Geo=+0.079
17:59:47 |    29. ONE/USDT:USDT: Live=0.713 V=$15.8M Chg=-20.8% Proj=+0.33 Geo=+0.155
17:59:47 |    30. FIL/USDT:USDT: Live=0.983 V=$16.4M Chg=+3.3% Proj=+0.61 Geo=+0.117
17:59:47 |    31. ETC/USDT:USDT: Live=0.646 V=$9.0M Chg=+7.5% Proj=+0.27 Geo=+0.023
17:59:47 |    32. AAVE/USDT:USDT: Live=0.690 V=$16.2M Chg=+3.5% Proj=+0.32 Geo=+0.070
17:59:47 |    33. XLM/USDT:USDT: Live=0.718 V=$20.4M Chg=+1.4% Proj=+0.35 Geo=+0.198
17:59:47 |    34. 1000BONK/USDT:USDT: Live=0.717 V=$9.5M Chg=+11.8% Proj=+0.36 Geo=+0.127
17:59:47 |    35. HBAR/USDT:USDT: Live=0.897 V=$19.5M Chg=+1.0% Proj=+0.54 Geo=+0.209
17:59:47 |    36. WIF/USDT:USDT: Live=0.683 V=$10.9M Chg=-8.0% Proj=+0.32 Geo=+0.174
17:59:47 |    37. NATGAS/USDT:USDT: Live=0.968 V=$4.5M Chg=+6.5% Proj=+0.62 Geo=+0.147
17:59:47 |    38. PAXG/USDT:USDT: Live=0.835 V=$10.9M Chg=-0.5% Proj=+0.50 Geo=+0.008
17:59:47 |    39. LSK/USDT:USDT: Live=0.942 V=$7.9M Chg=-6.4% Proj=+0.61 Geo=+0.120
17:59:47 |    40. FARTCOIN/USDT:USDT: Live=0.662 V=$13.7M Chg=-2.0% Proj=+0.33 Geo=+0.150
17:59:47 |    41. USELESS/USDT:USDT: Live=0.710 V=$13.4M Chg=+2.6% Proj=+0.38 Geo=+0.052
17:59:47 |    42. RENDER/USDT:USDT: Live=0.736 V=$5.9M Chg=-3.5% Proj=+0.41 Geo=+0.163
17:59:47 |    43. KERNEL/USDT:USDT: Live=0.700 V=$5.6M Chg=-7.7% Proj=+0.38 Geo=+0.128
17:59:47 |    44. XAUT/USDT:USDT: Live=0.764 V=$8.7M Chg=-0.5% Proj=+0.44 Geo=+0.014
17:59:47 |    45. VIRTUAL/USDT:USDT: Live=0.678 V=$6.9M Chg=+3.9% Proj=+0.36 Geo=+0.009
17:59:47 |    46. ZETA/USDT:USDT: Live=0.829 V=$6.2M Chg=-6.1% Proj=+0.51 Geo=+0.021
17:59:47 |    47. APE/USDT:USDT: Live=0.647 V=$3.0M Chg=+10.3% Proj=+0.33 Geo=+0.025
17:59:47 |    48. FET/USDT:USDT: Live=0.655 V=$7.0M Chg=-2.6% Proj=+0.35 Geo=+0.096
17:59:47 |    49. XMR/USDT:USDT: Live=0.784 V=$6.3M Chg=-2.0% Proj=+0.48 Geo=+0.068
17:59:47 |    50. ICP/USDT:USDT: Live=0.869 V=$4.1M Chg=+5.9% Proj=+0.57 Geo=+0.155
17:59:47 |    51. BGB/USDT:USDT: Live=0.894 V=$3.9M Chg=-2.5% Proj=+0.59 Geo=+0.140
17:59:47 |    52. FIGHT/USDT:USDT: Live=0.848 V=$1.4M Chg=+43.0% Proj=+0.55 Geo=+0.181
17:59:47 |    53. BEAT/USDT:USDT: Live=0.779 V=$1.7M Chg=+13.0% Proj=+0.48 Geo=+0.133
17:59:47 |    54. FOLKS/USDT:USDT: Live=0.717 V=$7.1M Chg=+11.4% Proj=+0.43 Geo=+0.175
17:59:47 |    55. RAY/USDT:USDT: Live=0.893 V=$3.4M Chg=+6.3% Proj=+0.61 Geo=+0.216
17:59:47 |    56. 牛来/USDT:USDT: Live=0.782 V=$5.4M Chg=-5.9% Proj=+0.50 Geo=+0.110
17:59:47 |    57. US/USDT:USDT: Live=0.688 V=$0.7M Chg=+19.7% Proj=+0.42 Geo=+0.065
17:59:47 |    58. KAITO/USDT:USDT: Live=0.674 V=$3.2M Chg=+4.6% Proj=+0.40 Geo=-0.027
17:59:47 |    59. ZAMA/USDT:USDT: Live=0.630 V=$3.6M Chg=+9.0% Proj=+0.36 Geo=-0.048
17:59:47 |    60. ZEST/USDT:USDT: Live=0.686 V=$1.1M Chg=+21.6% Proj=+0.42 Geo=+0.170
17:59:47 |    61. FORM/USDT:USDT: Live=0.642 V=$2.3M Chg=-6.9% Proj=+0.39 Geo=+0.038
17:59:47 |    62. BLESS/USDT:USDT: Live=0.765 V=$1.1M Chg=+10.7% Proj=+0.51 Geo=+0.082
17:59:47 |    63. ZEN/USDT:USDT: Live=0.706 V=$3.1M Chg=+4.5% Proj=+0.45 Geo=-0.036
17:59:47 |    64. SPX/USDT:USDT: Live=0.416 V=$2.1M Chg=-7.4% Proj=+0.17 Geo=+0.216
17:59:47 |    65. LDO/USDT:USDT: Live=0.674 V=$3.7M Chg=+2.2% Proj=+0.43 Geo=+0.085
17:59:47 |    66. CAKE/USDT:USDT: Live=0.641 V=$2.3M Chg=+4.1% Proj=+0.40 Geo=+0.051
17:59:47 |    67. ORCA/USDT:USDT: Live=0.631 V=$0.7M Chg=+5.5% Proj=+0.40 Geo=+0.046
17:59:47 |    68. 哈基米/USDT:USDT: Live=0.672 V=$1.4M Chg=-11.7% Proj=+0.44 Geo=+0.108
17:59:47 |    69. NDX100/USDT:USDT: Live=-0.052 V=$1.0M Chg=+0.5% Proj=-0.24 Geo=-0.013
17:59:47 |    70. COPPER/USDT:USDT: Live=0.402 V=$0.9M Chg=-0.7% Proj=+0.25 Geo=+0.048
17:59:47 |    🪞 C266 board-parity (top movers vs screen): FIGHT +43%[#52] | ALLO +32%[Live=0.53<cut] | MET +30%[Live=0.54<cut] | BCH +27%[#5] | SENT +23%[Live=0.60<cut]
17:59:47 |    🔬 BTC geo: slope=+0.063 rough=-0.011 pure=+0.049
17:59:47 |    🔬 ETH geo: slope=+0.062 rough=-0.037 harm=+0.023 pure=+0.040
17:59:47 |    🔬 XRP geo: slope=+0.152 harm=+0.003 pure=+0.063
17:59:47 | 📦 OHLCV cache: 145 pairs cached for quick_scan
17:59:47 | ━━━━━━━━━━━━━━━━━━━━━━━━━━━━━━━━━━━━━━━━━━━━━━━━━━
17:59:47 | 📋 STEP 2: MARKET ANALYSIS — News, Bias, Coherence
17:59:47 | ━━━━━━━━━━━━━━━━━━━━━━━━━━━━━━━━━━━━━━━━━━━━━━━━━━
17:59:48 |    🌍 C270 macro: NDX/SPX z=-0.16 gold z=+0.85 tone x1.25 sess w=0.96 -> tilt -0.019 | R -0.70->-0.72
17:59:50 | ✅ C79 RESULTANT: 1h=-0.84 4h=-0.73 12h=-0.57 R=-0.72 mag=0.72
17:59:50 | 📰 News: 64 articles | 🔵 +0.40
17:59:50 | 📈 Market: 🔻BEARISH (blend=-0.37 R=-0.72) | 1h=-0.84 4h=-0.73 12h=-0.57 align=+0.50 macro=✓
17:59:50 | 📊 Regime: TRENDING (0.51) | DFA=0.46 Ent=0.91 GARCH=0.0016
17:59:50 | 🎲 RegimeMarkov: state=TD → next most-likely TD (P=0.86, persist=0.86, conf=0.83, n=246) | calib[1141]: acc=0.84 brier=0.056
17:59:50 | 🎲 PairMarkov: calib[19373]: acc=1.00 brier=0.000 (baseline 0.160)
17:59:50 | 🎲 FamilyMarkov: calib[2156/120]: acc=1.00 brier=0.005 (base 0.020) skill=+76.0% [need +5%] EARNED [C342]
17:59:50 | 🎲 IchiMarkov: calib[19159/200]: acc=0.83 brier=0.128 (base 0.153) skill=+16.1% [need +5%] EARNED [C343]
17:59:50 | 🧮 S3-EV: calib[119]: acc=0.33 brier=0.332 (baseline 0.250)
17:59:50 | 🌊 Market coherence: 66% long (38↑ vs 20↓)
17:59:51 | 💰 Taker flow: 🔵 +0.27 (BTC=+0.27 ETH=+0.26)
17:59:51 | ━━━━━━━━━━━━━━━━━━━━━━━━━━━━━━━━━━━━━━━━━━━━━━━━━━
17:59:51 | 📋 STEP 3: PREDICTIVE ANALYSIS — Scoring each pair
17:59:51 | ━━━━━━━━━━━━━━━━━━━━━━━━━━━━━━━━━━━━━━━━━━━━━━━━━━
18:00:11 |    📚 PairProfiles: 429 pairs in persistent baseline (145/145 mature this scan)
18:00:11 |    ------------------------------------
18:00:11 |    🧬 BTC: breadth 3/5 → conviction 0.77 | cat=majors/W-0.91(member) trend×1.37 | Sq=-0.03 fund=+0.004% OI=$2976.8M CVD=+0.27 ofi=+0.40 book=+0.03
18:00:11 |    🌍 C396 session tilt: Europe (12h UTC) → entry score ×1.12 [measured 55.9% Europe vs 46.5% Asia barrier-win]
18:00:11 |    📰 BTC: news long sig=0.50 score=+0.07
18:00:11 |    📏 BTC: projection 0.91% is 3.0× this pair's own 15m ATR (0.30%) — capped to 0.90% before R. A forecast beyond 3 ATR in one candle is a broken reading, not an opportunity [C420-3a, throttled 15min]
18:00:11 |    ⚖️ C467: BTC E=-0.179R is below the +0.000R bar, but the probability feeding E has NO measured skill (Brier skill ≤ 0), so E does not get a veto — score taxed 9% instead and the other gates decide. The veto returns automatically when p starts beating a coin flip [C467, throttled 10min]
18:00:11 |    🛑 BTC: long opposes the latched DOWN-trend (R was -0.75 1min ago; now -0.72, 4h -0.78) — one weak print is a blip, not a turn [C339]
18:00:12 |    ------------------------------------
18:00:12 |    🧬 ETH: breadth 5/6 → conviction 0.99 | cat=majors/W-0.86(member) trend×1.36 | Sq=-0.04 fund=+0.006% OI=$2111.1M CVD=+0.34 ofi=-0.17 book=-0.26
18:00:12 |    📰 ETH: news long sig=0.50 score=+0.41
18:00:12 |    ⚡ ETH: projection 0.31% modest + MA-fan compressing (ma_fan=-0.08) → penalty 20%
18:00:12 |    🛑 ETH: long opposes the latched DOWN-trend (R was -0.75 1min ago; now -0.72, 4h -0.78) — one weak print is a blip, not a turn [C339]
18:00:13 |    ------------------------------------
18:00:13 |    🧬 XRP: breadth 4/6 → conviction 0.51 | cat=l1/W-0.79(member) trend×1.37 | Sq=-0.06 fund=+0.010% OI=$276.4M CVD=+0.18 ofi=+0.01 book=-0.03
18:00:13 |    🧭 C403 flow term: takers are -0.28 AGAINST this short → score ×0.972
18:00:13 |    · XRP: news ~market score=+0.04 (no coin-specific articles)
18:00:13 |    🛑 XRP: SHORT at RSI 25 (oversold, stretched) → brake 11%
18:00:13 |    🎢→✅ XRP: parabola RESOLVED (bounce age 32c, unwound 8.7 ATR) → short allowed, penalty 15%
18:00:13 |    🎯 XRP: target 1.0%→1.8% — regime TD persisting 0.86 on an earned ledger (acc 0.84); room-to-structure defers to the trend [C340]
18:00:13 |    ☁️ XRP: ichimoku B- persisting 0.91 WITH the short → score ×1.04 (earned ledger) [C343]
18:00:13 | 🔗 XRP: short capped — 3/3 already short (max 3)
18:00:14 |    ------------------------------------
18:00:14 |    🧬 ZEC: breadth 5/6 → conviction 0.83 | cat=privacy/W-0.22(member) trend×1.21 | Sq=-0.05 fund=+0.008% OI=$178.2M CVD=-0.14 ofi=-0.32 book=+0.30
18:00:14 |    📰 ZEC: news long sig=0.50 score=+0.18
18:00:14 |    🎢→✅ ZEC: parabola RESOLVED (pullback age 1c, recovered 1.2 ATR, extreme re-touched) → long allowed, penalty 15%
18:00:14 | ⚖️ ZEC: long vs R=-0.72 counter-trend → score ×0.85 (penalty, not a veto — it still must clear the bar) [C403]
18:00:14 |    🚫 ZEC: counter-trend BLOCK — dir long vs market R=-0.37 AND orderliness 0.20<0.33 (noisy). Long-into-trend is ~45%% barrier-win; no orderliness to justify it [C386]
18:00:15 |    ------------------------------------
18:00:15 |    🧬 BCH: breadth 5/6 → conviction 0.88 | cat=l1/W+0.19(member) meanrev×0.68 | Sq=-0.04 fund=+0.007% OI=$25.4M CVD=-0.27 ofi=-0.38 book=-0.16
18:00:15 |    🧬 BCH: own-history vol 1.97% vs baseline 0.71% (×2.75) → abnormal-wild conviction ×0.93 [C286-2]
18:00:15 |    📄 BCH: news long sig=0.10 score=+0.08
18:00:15 |    ⚡ BCH: 24h=+27.1% but 1h=+0.0% (TURNING) → penalty 30%
18:00:15 |    🎯 BCH: target 2.9%→5.3% — regime TD persisting 0.86 on an earned ledger (acc 0.84); room-to-structure defers to the trend [C340]
18:00:15 |    ⚠️ BCH: short into bullish rejection candle at RSI 40 (counter-signal) -> conviction x0.85
18:00:15 |    ⚡ BCH: short wick rejection #2 → score×0.75
18:00:15 | 🔗 BCH: short capped — 3/3 already short (max 3)
18:00:16 |    ------------------------------------
18:00:16 |    🧬 SOL: breadth 2/5 → conviction 0.55 | cat=solana_eco/W-0.43(member) trend×1.26 | Sq=-0.03 fund=+0.005% OI=$464.5M CVD=-0.28 ofi=+0.13 book=-0.27
18:00:16 |    📄 SOL: news long sig=0.12 score=+0.12
18:00:16 |    🛑 SOL: long opposes the latched DOWN-trend (R was -0.75 1min ago; now -0.72, 4h -0.78) — one weak print is a blip, not a turn [C339]
18:00:17 |    ------------------------------------
18:00:17 |    🧬 DOGE: breadth 3/5 → conviction 0.79 | cat=meme/W-0.06(member) meanrev×0.65 | Sq=-0.02 fund=+0.003% OI=$147.8M CVD=+0.36 ofi=-0.28 book=+0.19
18:00:17 |    📰 DOGE: news neutral sig=0.30 score=+0.00
18:00:17 |    🛑 DOGE: long opposes the latched DOWN-trend (R was -0.75 1min ago; now -0.72, 4h -0.78) — one weak print is a blip, not a turn [C339]
18:00:18 |    ------------------------------------
18:00:18 |    🧬 XAU: breadth 3/5 → conviction 0.69 | cat=calm/W-0.59(regime) trend×1.24 | Sq=-0.08 fund=+0.011% OI=$72.1M CVD=+0.60 ofi=+0.07 book=+0.16
18:00:18 |    · XAU: news ~market score=+0.04 (no coin-specific articles)
18:00:18 |    🛑 XAU: projection 0.10% < 0.25% (ATR-relative) + MA-fan not accelerating (ma_fan=-0.02) → blocked
18:00:18 |    ------------------------------------
18:00:18 |    🧬 NEAR: breadth 5/6 → conviction 0.90 | cat=ai/W+0.47(member) meanrev×0.60 | Sq=-0.06 fund=+0.010% OI=$80.4M CVD=-0.33 ofi=+0.40 book=+0.02
18:00:18 |    🧬 NEAR: own-history vol 2.00% vs baseline 1.12% (×1.79) → abnormal-wild conviction ×0.99 [C286-2]
18:00:18 |    📰 NEAR: news long sig=0.50 score=+0.17
18:00:19 |    ☁️ NEAR: ichimoku A+ persisting 0.78 WITH the long → score ×1.02 (earned ledger) [C343]
18:00:19 |    ⚠️ NEAR: long into bearish rejection candle at RSI 66 (counter-signal) -> conviction x0.85
18:00:19 |    ⚡ NEAR: long wick rejection #1 → score×0.75
18:00:19 | ⚖️ NEAR: long vs R=-0.72 counter-trend → score ×0.85 (penalty, not a veto — it still must clear the bar) [C403]
18:00:19 |    🚫 NEAR: counter-trend BLOCK — dir long vs market R=-0.37 AND orderliness 0.13<0.33 (noisy). Long-into-trend is ~45%% barrier-win; no orderliness to justify it [C386]
18:00:20 |    ------------------------------------
18:00:20 |    🧬 PEPE: breadth 1/6 → conviction 0.27 | cat=meme/W+0.31(member) meanrev×0.60 | Sq=-0.08 fund=+0.012% OI=$39.8M CVD=-0.22 ofi=-0.12 book=+0.07
18:00:20 |    📰 PEPE: news long sig=0.50 score=+0.53
18:00:20 |    🎢→✅ PEPE: parabola RESOLVED (bounce age 0c, unwound 0.5 ATR, extreme re-touched) → short allowed, penalty 15%
18:00:20 |    🎯 PEPE: target 2.5%→3.0% — regime TD persisting 0.86 on an earned ledger (acc 0.84); room-to-structure defers to the trend [C340]
18:00:20 |    ☁️ PEPE: ichimoku B- persisting 0.91 WITH the short → score ×1.04 (earned ledger) [C343]
18:00:20 |    🛑 PEPE: short blocked — significant long news (sig=0.50 score=+0.53)
18:00:21 |    ------------------------------------
18:00:21 |    🧬 HYPE: breadth 3/6 → conviction 0.31 | cat=defi/W-0.80(member) trend×1.34 | Sq=-0.00 fund=+0.001% OI=$226.3M CVD=+0.20 ofi=-0.40 book=-0.29
18:00:21 |    📰 HYPE: news long sig=0.30 score=+0.35
18:00:21 |    🛑 HYPE: long opposes the latched DOWN-trend (R was -0.75 1min ago; now -0.72, 4h -0.78) — one weak print is a blip, not a turn [C339]
18:00:21 |    ------------------------------------
18:00:21 |    🧬 CL: breadth 4/5 → conviction 0.80 | cat=mid/W-0.16(regime) meanrev×0.78 | Sq=+0.01 fund=-0.001% OI=$35.9M CVD=+0.60 ofi=+0.06 book=+0.30
18:00:21 |    · CL: news ~market score=+0.04 (no coin-specific articles)
18:00:21 |    🎢→✅ CL: parabola RESOLVED (pullback age 67c, recovered 5.4 ATR) → long allowed, penalty 15%
18:00:21 |    ☁️ CL: ichimoku A+ persisting 0.78 WITH the long → score ×1.02 (earned ledger) [C343]
18:00:21 |    ⚠️ CL: long into bearish rejection candle at RSI 66 (counter-signal) -> conviction x0.85
18:00:21 |    ⚡ CL: long wick rejection #1 → score×0.75
18:00:21 | ⚖️ CL: long vs R=-0.72 counter-trend → score ×0.85 (penalty, not a veto — it still must clear the bar) [C403]
18:00:21 |    🚫 CL: counter-trend BLOCK — dir long vs market R=-0.37 AND orderliness 0.15<0.33 (noisy). Long-into-trend is ~45%% barrier-win; no orderliness to justify it [C386]
18:00:22 |    ------------------------------------
18:00:22 |    🧬 SUI: breadth 4/5 → conviction 0.78 | cat=l1/W-0.60(member) trend×1.36 | Sq=-0.04 fund=+0.007% OI=$66.3M CVD=+0.60 ofi=+0.02 book=+0.23
18:00:22 |    · SUI: news ~market score=+0.04 (no coin-specific articles)
18:00:22 |    ⚡ SUI: projection 0.62% modest + MA-fan compressing (ma_fan=-0.03) → penalty 20%
18:00:22 |    🛑 SUI: long opposes the latched DOWN-trend (R was -0.75 1min ago; now -0.72, 4h -0.78) — one weak print is a blip, not a turn [C339]
18:00:23 |    ------------------------------------
18:00:23 |    🧬 ADA: breadth 3/6 → conviction 0.70 | cat=l1/W-0.59(member) trend×1.36 | Sq=-0.06 fund=+0.010% OI=$66.9M CVD=+0.60 ofi=-0.07 book=+0.23
18:00:23 |    · ADA: news ~market score=+0.04 (no coin-specific articles)
18:00:23 |    🛑 ADA: long opposes the latched DOWN-trend (R was -0.75 1min ago; now -0.72, 4h -0.78) — one weak print is a blip, not a turn [C339]
18:00:24 |    ------------------------------------
18:00:24 |    🧬 ARB: breadth 3/6 → conviction 0.61 | cat=l2/W+0.24(member) meanrev×0.66 | Sq=-0.04 fund=+0.007% OI=$22.7M CVD=-0.53 ofi=+0.05 book=+0.20
18:00:24 |    · ARB: news ~market score=+0.04 (no coin-specific articles)
18:00:24 |    🎢 ARB: long BLOCKED — broken-parabola bounce (day range 17×ATR, 6.4 ATR below the day high) → post-blow-off distribution risk
18:00:24 |       ⚖️ parabola → score ×0.82 (penalty, not a veto — must still clear the bar) [C403]
18:00:24 |    🛑 ARB: projection 0.46% < 0.50% (ATR-relative) + MA-fan not accelerating (ma_fan=-0.06) → blocked
18:00:24 |    🛡 C373: 牛来 capture held — +0.20% is 0.07R, floor 48.00% (1.0R); 23/120min into horizon [throttled 5min]
18:00:24 |    🛡 C373: KERNEL capture held — +0.35% is 0.14R, floor 48.00% (1.0R); 23/120min into horizon [throttled 5min]
18:00:24 |    ------------------------------------
18:00:24 |    🧬 XAG: breadth 4/5 → conviction 0.70 | cat=calm/W-0.77(regime) trend×1.25 | Sq=-0.10 fund=+0.014% OI=$24.1M CVD=-0.27 ofi=-0.03 book=-0.29
18:00:24 |    · XAG: news ~market score=+0.04 (no coin-specific articles)
18:00:24 |    🎯 XAG: target 0.3%→0.7% — regime TD persisting 0.86 on an earned ledger (acc 0.84); room-to-structure defers to the trend [C340]
18:00:24 |    ☁️ XAG: ichimoku B- persisting 0.91 WITH the short → score ×1.04 (earned ledger) [C343]
18:00:24 | 🔗 XAG: short capped — 3/3 already short (max 3)
18:00:26 |    ------------------------------------
18:00:26 |    🧬 PUMP: breadth 5/6 → conviction 0.83 | cat=calm/W-0.41(regime) trend×1.22 | Sq=-0.03 fund=+0.005% OI=$16.9M CVD=-0.10 ofi=-0.21 book=+0.07
18:00:26 |    · PUMP: news ~market score=+0.04 (no coin-specific articles)
18:00:26 |    🛑 PUMP: SHORT at RSI 20 (oversold, stretched) → brake 24%
18:00:26 |    🔓 PUMP: short near extreme but WITH trend (R=-0.72) → breakout, not blocked
18:00:26 |    🎯 PUMP: target 1.5%→2.6% — regime TD persisting 0.86 on an earned ledger (acc 0.84); room-to-structure defers to the trend [C340]
18:00:26 |    ☁️ PUMP: ichimoku B- persisting 0.91 WITH the short → score ×1.04 (earned ledger) [C343]
18:00:26 | 🔗 PUMP: short capped — 3/3 already short (max 3)
18:00:27 |    ------------------------------------
18:00:27 |    🧬 ENA: breadth 4/6 → conviction 0.73 | cat=defi/W-0.17(member) trend×1.30 | Sq=-0.01 fund=+0.002% OI=$47.5M CVD=-0.23 ofi=+0.40 book=+0.12
18:00:27 |    📄 ENA: news long sig=0.12 score=+0.04
18:00:27 |    🛑 ENA: long opposes the latched DOWN-trend (R was -0.75 1min ago; now -0.72, 4h -0.78) — one weak print is a blip, not a turn [C339]
18:00:28 |    ------------------------------------
18:00:28 |    🧬 TAO: breadth 4/6 → conviction 0.54 | cat=ai/W-0.34(member) trend×1.28 | Sq=-0.03 fund=+0.005% OI=$34.9M CVD=+0.37 ofi=+0.30 book=-0.29
18:00:28 |    📄 TAO: news long sig=0.12 score=+0.10
18:00:28 |    🛑 TAO: long opposes the latched DOWN-trend (R was -0.75 1min ago; now -0.72, 4h -0.78) — one weak print is a blip, not a turn [C339]
18:00:29 |    ------------------------------------
18:00:29 |    🧬 APT: breadth 5/6 → conviction 0.87 | cat=l1/W+0.04(member) trend×1.32 | Sq=-0.06 fund=+0.010% OI=$9.0M CVD=+0.05 ofi=-0.05
18:00:29 |    · APT: news ~market score=+0.04 (no coin-specific articles)
18:00:29 |    🎢 APT: long BLOCKED — broken-parabola bounce (day range 12×ATR, 2.0 ATR below the day high) → post-blow-off distribution risk
18:00:29 |       ⚖️ parabola → score ×0.82 (penalty, not a veto — must still clear the bar) [C403]
18:00:30 | ⚖️ APT: long vs R=-0.72 counter-trend → score ×0.85 (penalty, not a veto — it still must clear the bar) [C403]
18:00:30 |    🚫 APT: counter-trend BLOCK — dir long vs market R=-0.37 AND orderliness 0.17<0.33 (noisy). Long-into-trend is ~45%% barrier-win; no orderliness to justify it [C386]
18:00:31 |    ------------------------------------
18:00:31 |    🧬 LTC: breadth 3/6 → conviction 0.58 | cat=l1/W-0.40(member) trend×1.35 | Sq=-0.06 fund=+0.010% OI=$31.1M CVD=-0.29 ofi=+0.12 book=+0.04
18:00:31 |    · LTC: news ~market score=+0.04 (no coin-specific articles)
18:00:31 |    🎢→✅ LTC: parabola RESOLVED (bounce age 22c, unwound 5.3 ATR) → short allowed, penalty 15%
18:00:31 |    🎯 LTC: target 1.2%→2.1% — regime TD persisting 0.86 on an earned ledger (acc 0.84); room-to-structure defers to the trend [C340]
18:00:31 |    ☁️ LTC: ichimoku B- persisting 0.91 WITH the short → score ×1.04 (earned ledger) [C343]
18:00:31 | 🔗 LTC: short capped — 3/3 already short (max 3)
18:00:32 |    ------------------------------------
18:00:32 |    🧬 BZ: breadth 3/5 → conviction 0.72 | cat=mid/W-0.25(regime) trend×1.21 | Sq=+0.00 fund=-0.001% OI=$28.2M CVD=-0.51 ofi=-0.01 book=-0.25
18:00:32 |    · BZ: news ~market score=+0.04 (no coin-specific articles)
18:00:32 |    ☁️ BZ: ichimoku A+ persisting 0.78 AGAINST the short → score ×0.98 (earned ledger) [C343]
18:00:32 | 🔗 BZ: short capped — 3/3 already short (max 3)
18:00:33 |    ------------------------------------
18:00:33 |    🧬 LINK: breadth 3/5 → conviction 0.55 | cat=defi/W-0.77(member) trend×1.34 | Sq=-0.06 fund=+0.010% OI=$54.5M CVD=+0.05 ofi=-0.32 book=-0.19
18:00:33 |    📄 LINK: news long sig=0.12 score=+0.04
18:00:33 |    🎯 LINK: target 0.5%→1.8% — regime TD persisting 0.86 on an earned ledger (acc 0.84); room-to-structure defers to the trend [C340]
18:00:33 |    ☁️ LINK: ichimoku B- persisting 0.91 WITH the short → score ×1.04 (earned ledger) [C343]
18:00:33 |    ⚠️ LINK: short into bullish rejection candle at RSI 38 (counter-signal) -> conviction x0.85
18:00:33 |    ⚡ LINK: short wick rejection #1 → score×0.75
18:00:33 | 🔗 LINK: short capped — 3/3 already short (max 3)
18:00:33 |    ------------------------------------
18:00:33 |    🧬 AVAX: breadth 5/6 → conviction 0.85 | cat=l1/W-0.35(member) trend×1.34 | Sq=-0.04 fund=+0.006% OI=$31.5M CVD=+0.20 ofi=+0.17 book=-0.24
18:00:33 |    🧬 AVAX: own-history vol 1.28% vs baseline 0.64% (×2.02) → abnormal-wild conviction ×0.97 [C286-2]
18:00:33 |    · AVAX: news ~market score=+0.04 (no coin-specific articles)
18:00:34 |    🎯 AVAX: target 1.9%→3.5% — regime TD persisting 0.86 on an earned ledger (acc 0.84); room-to-structure defers to the trend [C340]
18:00:34 |    ⚠️ AVAX: short into bullish rejection candle at RSI 38 (counter-signal) -> conviction x0.85
18:00:34 |    ⚡ AVAX: short wick rejection #1 → score×0.75
18:00:34 | 🔗 AVAX: short capped — 3/3 already short (max 3)
18:00:34 |    ------------------------------------
18:00:34 |    🧬 TIA: breadth 3/6 → conviction 0.59 | cat=l1/W+0.79(member) meanrev×0.60 | Sq=-0.03 fund=+0.005% OI=$5.2M CVD=+0.29 ofi=-0.19 book=+0.19
18:00:34 |    🧬 TIA: own-history vol 2.01% vs baseline 1.01% (×2.00) → abnormal-wild conviction ×0.97 [C286-2]
18:00:34 |    · TIA: news ~market score=+0.04 (no coin-specific articles)
18:00:34 |    🚫 TIA: short vs 24h=+15.4% — 1h flat but PROJECTION +0.32 confirms the trend CONTINUES (not turning) → counter-trend blocked [C292]
18:00:35 |    ------------------------------------
18:00:35 |    🧬 PONS: breadth 3/6 → conviction 0.69 | cat=wild/W+0.63(regime) meanrev×0.63 | Sq=-0.12 fund=+0.016% OI=$5.1M CVD=-0.38 ofi=-0.06 book=-0.30
18:00:35 |    · PONS: news ~market score=+0.04 (no coin-specific articles)
18:00:35 |    🎢→✅ PONS: parabola RESOLVED (pullback age 14c, recovered 3.6 ATR) → long allowed, penalty 15%
18:00:36 |    ☁️ PONS: ichimoku A+ persisting 0.78 WITH the long → score ×1.02 (earned ledger) [C343]
18:00:36 |    ⚠️ PONS: long into bearish rejection candle at RSI 65 (counter-signal) -> conviction x0.85
18:00:36 |    ⚡ PONS: long wick rejection #1 → score×0.75
18:00:36 | ⚖️ PONS: long vs R=-0.72 counter-trend → score ×0.85 (penalty, not a veto — it still must clear the bar) [C403]
18:00:36 |    🚫 PONS: counter-trend BLOCK — dir long vs market R=-0.37 AND orderliness 0.06<0.33 (noisy). Long-into-trend is ~45%% barrier-win; no orderliness to justify it [C386]
18:00:36 |    ------------------------------------
18:00:36 |    🧬 ZRO: breadth 1/6 → conviction 0.41 | cat=l2/W+0.91(member) meanrev×0.60 | Sq=-0.03 fund=+0.005% OI=$3.6M CVD=-0.08 ofi=+0.12 book=+0.15
18:00:36 |    · ZRO: news ~market score=+0.04 (no coin-specific articles)
18:00:36 |    🚫 ZRO: short vs 24h=+21.1% — 1h flat but PROJECTION +0.29 confirms the trend CONTINUES (not turning) → counter-trend blocked [C292]
18:00:37 |    ------------------------------------
18:00:37 |    🧬 BNB: breadth 1/5 → conviction 0.21 | cat=majors/W-0.82(member) trend×1.36 | Sq=-0.06 fund=+0.009% OI=$75.1M CVD=+0.22 ofi=-0.22 book=+0.16
18:00:37 |    📄 BNB: news long sig=0.12 score=+0.06
18:00:37 |    🛑 BNB: long opposes the latched DOWN-trend (R was -0.75 1min ago; now -0.72, 4h -0.78) — one weak print is a blip, not a turn [C339]
18:00:38 |    ------------------------------------
18:00:38 |    🧬 ONE: breadth 5/6 → conviction 0.88 | cat=wild/W+1.00(regime) meanrev×0.60 | Sq=+0.95 fund=-0.223% OI=$1.8M CVD=-0.16 ofi=-0.01 book=+0.11
18:00:38 |    · ONE: news ~market score=+0.04 (no coin-specific articles)
18:00:38 |    🎢 ONE: short BLOCKED — broken-parabola bounce (day range 15×ATR, 1.8 ATR above the day low) → post-capitulation squeeze risk
18:00:38 |       ⚖️ parabola → score ×0.82 (penalty, not a veto — must still clear the bar) [C403]
18:00:39 |    🎯 ONE: target 6.3%→9.4% — regime TD persisting 0.86 on an earned ledger (acc 0.84); room-to-structure defers to the trend [C340]
18:00:39 |    ☁️ ONE: ichimoku A+ persisting 0.78 AGAINST the short → score ×0.98 (earned ledger) [C343]
18:00:39 | 🔗 ONE: short capped — 3/3 already short (max 3)
18:00:39 |    ------------------------------------
18:00:39 |    🧬 FIL: breadth 3/6 → conviction 0.30 | cat=depin/W-0.05(member) trend×1.28 | Sq=-0.04 fund=+0.007% OI=$11.3M CVD=-0.07 ofi=+0.16 book=+0.17
18:00:39 |    · FIL: news ~market score=+0.04 (no coin-specific articles)
18:00:39 |    🎢 FIL: long BLOCKED — broken-parabola bounce (day range 9×ATR, 3.7 ATR below the day high) → post-blow-off distribution risk
18:00:39 |       ⚖️ parabola → score ×0.82 (penalty, not a veto — must still clear the bar) [C403]
18:00:39 |    ☁️ FIL: ichimoku B- persisting 0.91 AGAINST the long → score ×0.96 (earned ledger) [C343]
18:00:39 |    ⚡ FIL: long wick rejection #1 → score×0.75
18:00:39 | ⚖️ FIL: long vs R=-0.72 counter-trend → score ×0.85 (penalty, not a veto — it still must clear the bar) [C403]
18:00:39 |    🚫 FIL: counter-trend BLOCK — dir long vs market R=-0.37 AND orderliness 0.19<0.33 (noisy). Long-into-trend is ~45%% barrier-win; no orderliness to justify it [C386]
18:00:40 |    ------------------------------------
18:00:40 |    🧬 ETC: breadth 3/5 → conviction 0.50 | cat=mid/W+0.17(regime) meanrev×0.73 | Sq=-0.07 fund=+0.010% OI=$10.2M CVD=+0.19 ofi=-0.11 book=+0.16
18:00:40 |    · ETC: news ~market score=+0.04 (no coin-specific articles)
18:00:40 |    🎯 ETC: target 1.1%→2.9% — regime TD persisting 0.86 on an earned ledger (acc 0.84); room-to-structure defers to the trend [C340]
18:00:40 |    ☁️ ETC: ichimoku B- persisting 0.91 WITH the short → score ×1.04 (earned ledger) [C343]
18:00:40 | 🔗 ETC: short capped — 3/3 already short (max 3)
18:00:41 |    ------------------------------------
18:00:41 |    🧬 AAVE: breadth 5/6 → conviction 0.78 | cat=defi/W-0.38(member) trend×1.31 | Sq=-0.05 fund=+0.008% OI=$30.9M CVD=+0.21 ofi=+0.17 book=-0.16
18:00:41 |    📰 AAVE: news neutral sig=0.30 score=+0.00
18:00:41 |    🎢→✅ AAVE: parabola RESOLVED (bounce age 22c, unwound 5.8 ATR) → short allowed, penalty 15%
18:00:41 |    🎯 AAVE: target 1.4%→2.6% — regime TD persisting 0.86 on an earned ledger (acc 0.84); room-to-structure defers to the trend [C340]
18:00:41 |    ☁️ AAVE: ichimoku B- persisting 0.91 WITH the short → score ×1.04 (earned ledger) [C343]
18:00:41 | 🔗 AAVE: short capped — 3/3 already short (max 3)
18:00:42 |    ------------------------------------
18:00:42 |    🧬 XLM: breadth 5/6 → conviction 0.75 | cat=l1/W-0.57(member) trend×1.36 | Sq=-0.07 fund=+0.010% OI=$26.6M CVD=-0.30 ofi=+0.31 book=+0.02
18:00:42 |    · XLM: news ~market score=+0.04 (no coin-specific articles)
18:00:42 |    🎢→✅ XLM: parabola RESOLVED (bounce age 30c, unwound 8.4 ATR) → short allowed, penalty 15%
18:00:42 |    🎯 XLM: target 1.0%→1.7% — regime TD persisting 0.86 on an earned ledger (acc 0.84); room-to-structure defers to the trend [C340]
18:00:42 |    ☁️ XLM: ichimoku B- persisting 0.91 WITH the short → score ×1.04 (earned ledger) [C343]
18:00:42 | 🔗 XLM: short capped — 3/3 already short (max 3)
18:00:43 |    ------------------------------------
18:00:43 |    🧬 1000BONK: breadth 3/6 → conviction 0.60 | cat=wild/W+0.84(regime) meanrev×0.60 | Sq=-0.03 fund=+0.005% OI=$5.0M CVD=+0.09 ofi=-0.03 book=+0.14
18:00:43 |    🧬 1000BONK: own-history vol 2.53% vs baseline 1.07% (×2.37) → abnormal-wild conviction ×0.95 [C286-2]
18:00:43 |    · 1000BONK: news ~market score=+0.04 (no coin-specific articles)
18:00:43 |    🎢→⚖️ 1000BONK: C292 stands down — parabola BROKEN (range 9×ATR, 3.7 ATR off the day extreme): the 24h 'trend' already failed structurally; counter-trend entry re-enters the TURNING path [C299]
18:00:43 |    ⚡ 1000BONK: 24h=+11.8% but 1h=+0.0% (TURNING) → penalty 24%
18:00:43 |    🎯 1000BONK: target 3.0%→6.9% — regime TD persisting 0.86 on an earned ledger (acc 0.84); room-to-structure defers to the trend [C340]
18:00:43 |    ☁️ 1000BONK: ichimoku B- persisting 0.91 WITH the short → score ×1.04 (earned ledger) [C343]
18:00:43 | 🔗 1000BONK: short capped — 3/3 already short (max 3)
18:00:44 |    ------------------------------------
18:00:44 |    🧬 HBAR: breadth 4/6 → conviction 0.60 | cat=l1/W-0.15(member) trend×1.33 | Sq=-0.06 fund=+0.010% OI=$18.0M CVD=-0.18 ofi=-0.36 book=-0.28
18:00:44 |    · HBAR: news ~market score=+0.04 (no coin-specific articles)
18:00:44 |    🛑 HBAR: SHORT at RSI 16 (oversold, stretched) → brake 31%
18:00:44 |    🎯 HBAR: target 1.1%→1.9% — regime TD persisting 0.86 on an earned ledger (acc 0.84); room-to-structure defers to the trend [C340]
18:00:44 |    ☁️ HBAR: ichimoku B- persisting 0.91 WITH the short → score ×1.04 (earned ledger) [C343]
18:00:44 | 🔗 HBAR: short capped — 3/3 already short (max 3)
18:00:45 |    ------------------------------------
18:00:45 |    🧬 WIF: breadth 4/6 → conviction 0.68 | cat=solana_eco/W+0.62(member) meanrev×0.60 | Sq=-0.03 fund=+0.005% OI=$7.5M CVD=-0.60 ofi=-0.01 book=-0.20
18:00:45 |    📄 WIF: news long sig=0.12 score=+0.08
18:00:45 |    🎯 WIF: target 1.8%→3.2% — regime TD persisting 0.86 on an earned ledger (acc 0.84); room-to-structure defers to the trend [C340]
18:00:45 |    ☁️ WIF: ichimoku B- persisting 0.91 WITH the short → score ×1.04 (earned ledger) [C343]
18:00:45 | 🔗 WIF: short capped — 3/3 already short (max 3)
18:00:46 |    ------------------------------------
18:00:46 |    🧬 NATGAS: breadth 3/5 → conviction 0.54 | cat=calm/W-0.40(regime) trend×1.22 | Sq=-0.20 fund=+0.028% OI=$10.3M CVD=+0.16 ofi=-0.11 book=+0.00
18:00:46 |    🧬 NATGAS: own-history vol 0.44% vs baseline 0.25% (×1.75) → abnormal-wild conviction ×0.99 [C286-2]
18:00:46 |    · NATGAS: news ~market score=+0.04 (no coin-specific articles)
18:00:46 |    ☁️ NATGAS: ichimoku A+ persisting 0.78 AGAINST the short → score ×0.98 (earned ledger) [C343]
18:00:46 | 🔗 NATGAS: short capped — 3/3 already short (max 3)
18:00:47 |    ------------------------------------
18:00:47 |    🧬 PAXG: breadth 4/6 → conviction 0.65 | cat=calm/W-0.78(regime) trend×1.25 | Sq=-0.03 fund=+0.005% OI=$9.2M CVD=-0.10 ofi=-0.01 book=+0.29
18:00:47 |    · PAXG: news ~market score=+0.04 (no coin-specific articles)
18:00:47 |    🛑 PAXG: long opposes the latched DOWN-trend (R was -0.75 1min ago; now -0.72, 4h -0.78) — one weak print is a blip, not a turn [C339]
18:00:48 |    ------------------------------------
18:00:48 |    🧬 LSK: breadth 3/6 → conviction 0.68 | cat=wild/W+0.53(regime) meanrev×0.64 | Sq=+0.35 fund=-0.044% OI=$2.4M CVD=-0.09 ofi=+0.01 book=-0.23
18:00:48 |    · LSK: news ~market score=+0.04 (no coin-specific articles)
18:00:48 |    🎯 LSK: target 3.0%→4.8% — regime TD persisting 0.86 on an earned ledger (acc 0.84); room-to-structure defers to the trend [C340]
18:00:48 |    ☁️ LSK: ichimoku A+ persisting 0.78 AGAINST the short → score ×0.98 (earned ledger) [C343]
18:00:48 | 🔗 LSK: short capped — 3/3 already short (max 3)
18:00:49 |    ------------------------------------
18:00:49 |    🧬 FARTCOIN: breadth 5/6 → conviction 0.85 | cat=meme/W+0.70(member) meanrev×0.60 | Sq=-0.06 fund=+0.008% OI=$13.5M CVD=-0.29 ofi=-0.01 book=-0.09
18:00:49 |    · FARTCOIN: news ~market score=+0.04 (no coin-specific articles)
18:00:49 |    🎢→✅ FARTCOIN: parabola RESOLVED (bounce age 44c, unwound 7.5 ATR) → short allowed, penalty 15%
18:00:49 |    🎯 FARTCOIN: target 2.1%→3.7% — regime TD persisting 0.86 on an earned ledger (acc 0.84); room-to-structure defers to the trend [C340]
18:00:49 |    ☁️ FARTCOIN: ichimoku B- persisting 0.91 WITH the short → score ×1.04 (earned ledger) [C343]
18:00:49 |    ⚠️ FARTCOIN: short into bullish rejection candle at RSI 34 (counter-signal) -> conviction x0.85
18:00:49 |    ⚡ FARTCOIN: short wick rejection #1 → score×0.75
18:00:49 | 🔗 FARTCOIN: short capped — 3/3 already short (max 3)
18:00:50 |    ------------------------------------
18:00:50 |    🧬 USELESS: breadth 4/6 → conviction 0.63 | cat=wild/W+0.95(regime) meanrev×0.60 | Sq=-0.19 fund=+0.025% OI=$6.2M CVD=+0.28 ofi=-0.36 book=+0.22
18:00:50 |    🧬 USELESS: own-history vol 1.39% vs baseline 2.15% (×0.65) → coiled conviction ×1.01 [C286-2]
18:00:50 |    · USELESS: news ~market score=+0.04 (no coin-specific articles)
18:00:50 |    🎢→✅ USELESS: parabola RESOLVED (bounce age 31c, unwound 8.0 ATR) → short allowed, penalty 15%
18:00:51 |    🎯 USELESS: target 1.7%→3.8% — regime TD persisting 0.86 on an earned ledger (acc 0.84); room-to-structure defers to the trend [C340]
18:00:51 |    ☁️ USELESS: ichimoku B- persisting 0.91 WITH the short → score ×1.04 (earned ledger) [C343]
18:00:51 | 🔗 USELESS: short capped — 3/3 already short (max 3)
18:00:52 |    ------------------------------------
18:00:52 |    🧬 RENDER: breadth 4/6 → conviction 0.66 | cat=depin/W-0.40(member) trend×1.30 | Sq=-0.03 fund=+0.005% OI=$9.5M CVD=+0.56 ofi=-0.15 book=-0.09
18:00:52 |    📄 RENDER: news long sig=0.12 score=+0.10
18:00:52 |    🎯 RENDER: target 1.1%→2.3% — regime TD persisting 0.86 on an earned ledger (acc 0.84); room-to-structure defers to the trend [C340]
18:00:52 |    ☁️ RENDER: ichimoku B- persisting 0.91 WITH the short → score ×1.04 (earned ledger) [C343]
18:00:52 | 🔗 RENDER: short capped — 3/3 already short (max 3)
18:00:53 |    ------------------------------------
18:00:53 |    🧬 KERNEL: breadth 5/6 → conviction 0.80 | cat=wild/W+0.82(regime) meanrev×0.60 | Sq=+1.00 fund=-0.725% OI=$0.8M CVD=-0.60 ofi=-0.09
18:00:53 |    📄 KERNEL: news short sig=0.10 score=-0.08
18:00:53 |    🎯 KERNEL: target 1.6%→2.9% — regime TD persisting 0.86 on an earned ledger (acc 0.84); room-to-structure defers to the trend [C340]
18:00:53 |    ☁️ KERNEL: ichimoku B- persisting 0.91 WITH the short → score ×1.04 (earned ledger) [C343]
18:00:53 | 🔗 KERNEL: short capped — 3/3 already short (max 3)
18:00:54 |    ------------------------------------
18:00:54 |    🧬 XAUT: breadth 4/5 → conviction 0.70 | cat=calm/W-0.86(regime) trend×1.25 | Sq=+0.00 fund=-0.001% OI=$24.3M CVD=+0.60 ofi=-0.16 book=+0.29
18:00:54 |    · XAUT: news ~market score=+0.04 (no coin-specific articles)
18:00:54 |    🛑 XAUT: long opposes the latched DOWN-trend (R was -0.75 1min ago; now -0.72, 4h -0.78) — one weak print is a blip, not a turn [C339]
18:00:54 |    ------------------------------------
18:00:54 |    🧬 VIRTUAL: breadth 1/6 → conviction 0.20 | cat=ai/W-0.40(member) trend×1.28 | Sq=-0.03 fund=+0.005% OI=$6.8M CVD=-0.59 ofi=-0.03 book=+0.21
18:00:54 |    📄 VIRTUAL: news long sig=0.12 score=+0.10
18:00:54 |    🎯 VIRTUAL: target 1.1%→3.1% — regime TD persisting 0.86 on an earned ledger (acc 0.84); room-to-structure defers to the trend [C340]
18:00:54 | 🔗 VIRTUAL: short capped — 3/3 already short (max 3)
18:00:55 |    ------------------------------------
18:00:55 |    🧬 ZETA: breadth 2/5 → conviction 0.57 | cat=mid/W+0.14(regime) meanrev×0.73 | Sq=-0.02 fund=+0.002% OI=$1.8M CVD=+0.29 ofi=+0.15 book=+0.27
18:00:55 |    · ZETA: news ~market score=+0.04 (no coin-specific articles)
18:00:55 |    🛑 ZETA: long opposes the latched DOWN-trend (R was -0.75 1min ago; now -0.72, 4h -0.78) — one weak print is a blip, not a turn [C339]
18:00:56 |    ------------------------------------
18:00:56 |    🧬 APE: breadth 5/6 → conviction 0.91 | cat=gaming/W+0.69(member) meanrev×0.67 | Sq=-0.07 fund=+0.010% OI=$2.3M CVD=+0.40 ofi=+0.01 book=-0.29
18:00:56 |    · APE: news ~market score=+0.04 (no coin-specific articles)
18:00:56 |    🎢 APE: long BLOCKED — broken-parabola bounce (day range 15×ATR, 2.9 ATR below the day high) → post-blow-off distribution risk
18:00:56 |       ⚖️ parabola → score ×0.82 (penalty, not a veto — must still clear the bar) [C403]
18:00:56 |    🛑 APE: projection 0.40% < 0.48% (ATR-relative) + MA-fan not accelerating (ma_fan=+0.00) → blocked
18:00:57 |    ------------------------------------
18:00:57 |    🧬 FET: breadth 4/6 → conviction 0.69 | cat=ai/W-0.07(member) meanrev×0.71 | Sq=-0.09 fund=+0.013% OI=$15.6M CVD=-0.23 ofi=+0.02 book=-0.28
18:00:57 |    📰 FET: news long sig=0.30 score=+0.44
18:00:57 |    🛑 FET: projection 0.20% < 0.50% (ATR-relative) + MA-fan not accelerating (ma_fan=-0.04) → blocked
18:00:58 |    ------------------------------------
18:00:58 |    🧬 XMR: breadth 4/6 → conviction 0.58 | cat=privacy/W-0.60(member) trend×1.24 | Sq=-0.36 fund=+0.052% OI=$8.8M CVD=-0.57 ofi=+0.40 book=+0.30
18:00:58 |    📄 XMR: news long sig=0.12 score=+0.07
18:00:58 |    ⚡ XMR: projection 0.47% modest + MA-fan compressing (ma_fan=-0.04) → penalty 20%
18:00:58 |    🛑 XMR: long opposes the latched DOWN-trend (R was -0.75 2min ago; now -0.72, 4h -0.78) — one weak print is a blip, not a turn [C339]
18:00:59 |    ------------------------------------
18:00:59 |    🧬 ICP: breadth 5/6 → conviction 0.96 | cat=l1/W-0.35(member) trend×1.34 | Sq=-0.07 fund=+0.010% OI=$8.1M CVD=+0.60 ofi=-0.23 book=+0.06
18:00:59 |    🧬 ICP: own-history vol 1.21% vs baseline 0.69% (×1.75) → abnormal-wild conviction ×0.99 [C286-2]
18:00:59 |    · ICP: news ~market score=+0.04 (no coin-specific articles)
18:00:59 |    🎢→✅ ICP: parabola RESOLVED (pullback age 0c, recovered 0.0 ATR, extreme re-touched) → long allowed, penalty 15%
18:00:59 |    ☁️ ICP: ichimoku A+ persisting 0.78 WITH the long → score ×1.02 (earned ledger) [C343]
18:00:59 | ⚖️ ICP: long vs R=-0.72 counter-trend → score ×0.85 (penalty, not a veto — it still must clear the bar) [C403]
18:00:59 |    🚫 ICP: counter-trend BLOCK — dir long vs market R=-0.37 AND orderliness 0.14<0.33 (noisy). Long-into-trend is ~45%% barrier-win; no orderliness to justify it [C386]
18:01:00 |    ------------------------------------
18:01:00 |    🧬 BGB: breadth 4/6 → conviction 0.64 | cat=calm/W-0.81(regime) trend×1.25 | Sq=-0.06 fund=+0.010% OI=$23.8M CVD=+0.01 ofi=-0.12 book=+0.15
18:01:00 |    · BGB: news ~market score=+0.04 (no coin-specific articles)
18:01:00 |    🛑 BGB: SHORT at RSI 17 (oversold, stretched) → brake 30%
18:01:00 |    🎯 BGB: target 0.5%→0.9% — regime TD persisting 0.86 on an earned ledger (acc 0.84); room-to-structure defers to the trend [C340]
18:01:00 |    ☁️ BGB: ichimoku B- persisting 0.91 WITH the short → score ×1.04 (earned ledger) [C343]
18:01:00 | 🔗 BGB: short capped — 3/3 already short (max 3)
18:01:01 |    ------------------------------------
18:01:01 |    🧬 FIGHT: breadth 4/6 → conviction 0.74 | cat=wild/W+1.00(regime) meanrev×0.60 | Sq=-0.55 fund=+0.095% OI=$1.6M CVD=-0.27 ofi=+0.06
18:01:01 |    🧬 FIGHT: own-history vol 4.60% vs baseline 1.22% (×3.76) → abnormal-wild conviction ×0.90 [C286-2]
18:01:01 |    · FIGHT: news ~market score=+0.04 (no coin-specific articles)
18:01:01 |    🛑 FIGHT: LONG at RSI 77 (overbought, stretched) → brake 16%
18:01:01 |    🎢→✅ FIGHT: parabola RESOLVED (pullback age 0c, recovered 0.4 ATR, extreme re-touched) → long allowed, penalty 15%
18:01:01 |    ☁️ FIGHT: ichimoku A+ persisting 0.78 WITH the long → score ×1.02 (earned ledger) [C343]
18:01:01 | ⚖️ FIGHT: long vs R=-0.72 counter-trend → score ×0.85 (penalty, not a veto — it still must clear the bar) [C403]
18:01:01 |    🚫 FIGHT: counter-trend BLOCK — dir long vs market R=-0.37 AND orderliness 0.30<0.33 (noisy). Long-into-trend is ~45%% barrier-win; no orderliness to justify it [C386]
18:01:02 |    ------------------------------------
18:01:02 |    🧬 BEAT: breadth 6/6 → conviction 1.00 | cat=mid/W+0.25(regime) meanrev×0.70 | Sq=-0.08 fund=+0.011% OI=$1.4M CVD=+0.27 ofi=-0.00 book=+0.08
18:01:02 |    · BEAT: news ~market score=+0.04 (no coin-specific articles)
18:01:02 |    🛑 BEAT: long structural exhaustion (0% room) → blocked
18:01:03 |    ------------------------------------
18:01:03 |    🧬 FOLKS: breadth 5/6 → conviction 0.90 | cat=wild/W+1.00(regime) meanrev×0.60 | Sq=-0.10 fund=+0.014% OI=$1.4M CVD=+0.59 ofi=-0.04
18:01:03 |    · FOLKS: news ~market score=+0.04 (no coin-specific articles)
18:01:03 |    🎢→⚖️ FOLKS: C292 stands down — parabola BROKEN (range 43×ATR, 30.4 ATR off the day extreme): the 24h 'trend' already failed structurally; counter-trend entry re-enters the TURNING path [C299]
18:01:03 |    ⚡ FOLKS: 24h=+11.4% but 1h=+0.0% (TURNING) → penalty 23%
18:01:03 |    🎢→✅ FOLKS: parabola RESOLVED (bounce age 48c, unwound 30.4 ATR) → short allowed, penalty 15%
18:01:03 |    🎯 FOLKS: target 1.9%→3.4% — regime TD persisting 0.86 on an earned ledger (acc 0.84); room-to-structure defers to the trend [C340]
18:01:03 |    ☁️ FOLKS: ichimoku B- persisting 0.91 WITH the short → score ×1.04 (earned ledger) [C343]
18:01:03 |    ⚠️ FOLKS: short into bullish rejection candle at RSI 35 (counter-signal) -> conviction x0.85
18:01:03 |    ⚡ FOLKS: short wick rejection #2 → score×0.75
18:01:03 | 🔗 FOLKS: short capped — 3/3 already short (max 3)
18:01:04 |    ------------------------------------
18:01:04 |    🧬 RAY: breadth 3/5 → conviction 0.68 | cat=solana_eco/W-0.07(member) meanrev×0.69 | Sq=-0.03 fund=+0.005% OI=$2.8M CVD=+0.28 ofi=+0.16 book=+0.22
18:01:04 |    📄 RAY: news long sig=0.12 score=+0.04
18:01:04 |    🛑 RAY: LONG at RSI 85 (overbought, stretched) → brake 35%
18:01:04 |    🎢→✅ RAY: parabola RESOLVED (pullback age 0c, recovered 0.4 ATR, extreme re-touched) → long allowed, penalty 15%
18:01:04 |    ☁️ RAY: ichimoku A+ persisting 0.78 WITH the long → score ×1.02 (earned ledger) [C343]
18:01:04 |    ⚠️ RAY: long into bearish rejection candle at RSI 85 (counter-signal) -> conviction x0.85
18:01:04 |    ⚡ RAY: long wick rejection #1 → score×0.75
18:01:04 | ⚖️ RAY: long vs R=-0.72 counter-trend → score ×0.85 (penalty, not a veto — it still must clear the bar) [C403]
18:01:04 |    🚫 RAY: counter-trend BLOCK — dir long vs market R=-0.37 AND orderliness 0.16<0.33 (noisy). Long-into-trend is ~45%% barrier-win; no orderliness to justify it [C386]
18:01:05 |    ------------------------------------
18:01:05 |    🧬 牛来: breadth 5/6 → conviction 0.88 | cat=wild/W+0.95(regime) meanrev×0.60 | Sq=-0.31 fund=+0.041% OI=$1.8M CVD=-0.03 ofi=-0.14 book=+0.28
18:01:05 |    🧬 牛来: own-history vol 1.34% vs baseline 2.49% (×0.54) → coiled conviction ×1.02 [C286-2]
18:01:05 |    · 牛来: news ~market score=+0.04 (no coin-specific articles)
18:01:05 |    🎢→✅ 牛来: parabola RESOLVED (bounce age 36c, unwound 10.6 ATR) → short allowed, penalty 15%
18:01:05 |    🎯 牛来: target 2.0%→3.6% — regime TD persisting 0.86 on an earned ledger (acc 0.84); room-to-structure defers to the trend [C340]
18:01:05 |    ☁️ 牛来: ichimoku B- persisting 0.91 WITH the short → score ×1.04 (earned ledger) [C343]
18:01:05 | 🔗 牛来: short capped — 3/3 already short (max 3)
18:01:06 |    ------------------------------------
18:01:06 |    🧬 US: breadth 5/6 → conviction 0.92 | cat=wild/W+0.97(regime) meanrev×0.60 | Sq=-0.04 fund=+0.005% OI=$4.9M CVD=-0.33 ofi=-0.04 book=-0.24
18:01:06 |    · US: news ~market score=+0.04 (no coin-specific articles)
18:01:07 |    ☁️ US: ichimoku A+ persisting 0.78 WITH the long → score ×1.02 (earned ledger) [C343]
18:01:07 | ⚖️ US: long vs R=-0.72 counter-trend → score ×0.85 (penalty, not a veto — it still must clear the bar) [C403]
18:01:07 |    🚫 US: counter-trend BLOCK — dir long vs market R=-0.37 AND orderliness 0.13<0.33 (noisy). Long-into-trend is ~45%% barrier-win; no orderliness to justify it [C386]
18:01:08 |    ------------------------------------
18:01:08 |    🧬 KAITO: breadth 4/5 → conviction 0.68 | cat=calm/W-0.36(regime) trend×1.22 | Sq=-0.04 fund=+0.005% OI=$4.5M CVD=-0.39 ofi=+0.06 book=-0.21
18:01:08 |    · KAITO: news ~market score=+0.04 (no coin-specific articles)
18:01:08 |    🎢 KAITO: long BLOCKED — broken-parabola bounce (day range 11×ATR, 3.8 ATR below the day high) → post-blow-off distribution risk
18:01:08 |       ⚖️ parabola → score ×0.82 (penalty, not a veto — must still clear the bar) [C403]
18:01:08 |    ⚡ KAITO: projection 0.59% modest + MA-fan compressing (ma_fan=-0.15) → penalty 20%
18:01:08 | ⚖️ KAITO: long vs R=-0.72 counter-trend → score ×0.85 (penalty, not a veto — it still must clear the bar) [C403]
18:01:08 |    🚫 KAITO: counter-trend BLOCK — dir long vs market R=-0.37 AND orderliness 0.26<0.33 (noisy). Long-into-trend is ~45%% barrier-win; no orderliness to justify it [C386]
18:01:09 |    ------------------------------------
18:01:09 |    🧬 ZAMA: breadth 6/6 → conviction 1.00 | cat=wild/W+0.90(regime) meanrev×0.60 | Sq=-0.03 fund=+0.005% OI=$4.8M CVD=-0.60 ofi=-0.29
18:01:09 |    · ZAMA: news ~market score=+0.04 (no coin-specific articles)
18:01:09 |    🎢 ZAMA: long BLOCKED — broken-parabola bounce (day range 18×ATR, 6.3 ATR below the day high) → post-blow-off distribution risk
18:01:09 |       ⚖️ parabola → score ×0.82 (penalty, not a veto — must still clear the bar) [C403]
18:01:09 |    ☁️ ZAMA: ichimoku B- persisting 0.91 AGAINST the long → score ×0.96 (earned ledger) [C343]
18:01:09 |    ⚠️ ZAMA: long into bearish rejection candle at RSI 71 (counter-signal) -> conviction x0.85
18:01:09 |    ⚡ ZAMA: long wick rejection #1 → score×0.75
18:01:09 | ⚖️ ZAMA: long vs R=-0.72 counter-trend → score ×0.85 (penalty, not a veto — it still must clear the bar) [C403]
18:01:09 |    🚫 ZAMA: counter-trend BLOCK — dir long vs market R=-0.37 AND orderliness 0.21<0.33 (noisy). Long-into-trend is ~45%% barrier-win; no orderliness to justify it [C386]
18:01:10 |    ------------------------------------
18:01:10 |    🧬 ZEST: breadth 2/6 → conviction 0.27 | cat=wild/W+0.97(regime) meanrev×0.60 | Sq=-0.13 fund=+0.017% OI=$1.2M CVD=-0.42 ofi=+0.14 book=-0.29
18:01:10 |    🧬 ZEST: own-history vol 2.13% vs baseline 1.12% (×1.90) → abnormal-wild conviction ×0.98 [C286-2]
18:01:10 |    · ZEST: news ~market score=+0.04 (no coin-specific articles)
18:01:10 |    🎢→✅ ZEST: parabola RESOLVED (pullback age 0c, recovered 0.2 ATR, extreme re-touched) → long allowed, penalty 15%
18:01:10 |    ☁️ ZEST: ichimoku A+ persisting 0.78 WITH the long → score ×1.02 (earned ledger) [C343]
18:01:10 | ⚖️ ZEST: long vs R=-0.72 counter-trend → score ×0.85 (penalty, not a veto — it still must clear the bar) [C403]
18:01:10 |    🚫 ZEST: counter-trend BLOCK — dir long vs market R=-0.37 AND orderliness 0.06<0.33 (noisy). Long-into-trend is ~45%% barrier-win; no orderliness to justify it [C386]
18:01:11 |    ------------------------------------
18:01:11 |    🧬 FORM: breadth 2/5 → conviction 0.37 | cat=mid/W+0.18(regime) meanrev×0.73 | Sq=-0.03 fund=+0.005% OI=$1.1M CVD=-0.14 ofi=-0.03 book=+0.10
18:01:11 |    · FORM: news ~market score=+0.04 (no coin-specific articles)
18:01:11 |    🛑 FORM: long opposes the latched DOWN-trend (R was -0.75 2min ago; now -0.72, 4h -0.78) — one weak print is a blip, not a turn [C339]
18:01:12 |    ------------------------------------
18:01:12 |    🧬 BLESS: breadth 6/6 → conviction 1.00 | cat=mid/W+0.02(regime) meanrev×0.76 | Sq=-0.04 fund=+0.005% OI=$3.0M CVD=-0.58 ofi=+0.06 book=+0.13
18:01:12 |    · BLESS: news ~market score=+0.04 (no coin-specific articles)
18:01:13 |    ☁️ BLESS: ichimoku A+ persisting 0.78 WITH the long → score ×1.02 (earned ledger) [C343]
18:01:13 | ⚖️ BLESS: long vs R=-0.72 counter-trend → score ×0.85 (penalty, not a veto — it still must clear the bar) [C403]
18:01:13 |    🚫 BLESS: counter-trend BLOCK — dir long vs market R=-0.37 AND orderliness 0.14<0.33 (noisy). Long-into-trend is ~45%% barrier-win; no orderliness to justify it [C386]
18:01:13 |    ------------------------------------
18:01:13 |    🧬 ZEN: breadth 5/6 → conviction 0.69 | cat=privacy/W+0.03(member) trend×1.20 | Sq=-0.07 fund=+0.010% OI=$3.0M CVD=-0.50 ofi=+0.40 book=+0.09
18:01:13 |    📄 ZEN: news long sig=0.12 score=+0.07
18:01:13 |    🎢 ZEN: long BLOCKED — broken-parabola bounce (day range 12×ATR, 3.5 ATR below the day high) → post-blow-off distribution risk
18:01:13 |       ⚖️ parabola → score ×0.82 (penalty, not a veto — must still clear the bar) [C403]
18:01:14 |    ☁️ ZEN: ichimoku A+ persisting 0.78 WITH the long → score ×1.02 (earned ledger) [C343]
18:01:14 | ⚖️ ZEN: long vs R=-0.72 counter-trend → score ×0.85 (penalty, not a veto — it still must clear the bar) [C403]
18:01:14 |    🚫 ZEN: counter-trend BLOCK — dir long vs market R=-0.37 AND orderliness 0.13<0.33 (noisy). Long-into-trend is ~45%% barrier-win; no orderliness to justify it [C386]
18:01:14 | ⚡ FLASH: AVAX Δ=+0.24% DRI=-0.015
18:01:14 |    ------------------------------------
18:01:14 |    🧬 SPX: breadth 3/6 → conviction 0.53 | cat=mid/W+0.21(regime) meanrev×0.72 | Sq=-0.03 fund=+0.005% OI=$2.6M CVD=-0.14 ofi=-0.06 book=-0.21
18:01:14 |    · SPX: news ~market score=+0.04 (no coin-specific articles)
18:01:14 |    🎢→✅ SPX: parabola RESOLVED (bounce age 0c, unwound 0.3 ATR, extreme re-touched) → short allowed, penalty 15%
18:01:15 |    🎯 SPX: target 2.9%→3.2% — regime TD persisting 0.86 on an earned ledger (acc 0.84); room-to-structure defers to the trend [C340]
18:01:15 |    ☁️ SPX: ichimoku B- persisting 0.91 WITH the short → score ×1.04 (earned ledger) [C343]
18:01:15 | 🔗 SPX: short capped — 3/3 already short (max 3)
18:01:15 |    ------------------------------------
18:01:15 |    🧬 LDO: breadth 2/6 → conviction 0.26 | cat=defi/W-0.37(member) trend×1.31 | Sq=-0.04 fund=+0.006% OI=$3.2M CVD=+0.02 ofi=+0.30 book=+0.06
18:01:15 |    📄 LDO: news long sig=0.12 score=+0.04
18:01:16 | ⚡ 1H REGIME SHOCK: -0.84→+0.03 (Δ=+0.87) — 30min guard, counter-UP entries blocked
18:01:16 |    🎯 LDO: target 1.1%→2.4% — regime TD persisting 0.86 on an earned ledger (acc 0.84); room-to-structure defers to the trend [C340]
18:01:16 |    ⚡ LDO: short opposes 1H REGIME SHOCK (UP-swing, 30min left) → blocked
18:01:16 |    ------------------------------------
18:01:16 |    🧬 CAKE: breadth 3/5 → conviction 0.72 | cat=defi/W-0.22(member) trend×1.30 | Sq=-0.03 fund=+0.005% OI=$2.5M CVD=+0.29 ofi=-0.32 book=+0.18
18:01:16 |    📄 CAKE: news long sig=0.12 score=+0.04
18:01:16 |    🎯 CAKE: target 0.6%→1.5% — regime TD persisting 0.86 on an earned ledger (acc 0.84); room-to-structure defers to the trend [C340]
18:01:16 |    ⚡ CAKE: short opposes 1H REGIME SHOCK (UP-swing, 30min left) → blocked
18:01:17 |    ------------------------------------
18:01:17 |    🧬 ORCA: breadth 5/6 → conviction 0.76 | cat=solana_eco/W-0.66(member) trend×1.27 | Sq=-0.03 fund=+0.005% OI=$0.8M CVD=-0.17 ofi=-0.14 book=-0.08
18:01:17 |    📄 ORCA: news long sig=0.12 score=+0.08
18:01:18 |    ☁️ ORCA: ichimoku A+ persisting 0.78 WITH the long → score ×1.02 (earned ledger) [C343]
18:01:18 | ⚖️ ORCA: long vs R=-0.66 counter-trend → score ×0.85 (penalty, not a veto — it still must clear the bar) [C403]
18:01:18 |    🚫 ORCA: counter-trend BLOCK — dir long vs market R=-0.37 AND orderliness 0.33<0.33 (noisy). Long-into-trend is ~45%% barrier-win; no orderliness to justify it [C386]
18:01:19 |    ------------------------------------
18:01:19 |    🧬 哈基米: breadth 4/6 → conviction 0.69 | cat=wild/W+0.95(regime) meanrev×0.60 | Sq=-0.31 fund=+0.048% OI=$0.3M CVD=+0.32 ofi=-0.04 book=-0.28
18:01:19 |    · 哈基米: news ~market score=+0.04 (no coin-specific articles)
18:01:19 |    💸 C467 fee floor: 哈基米 expects 0.02R of reward against a 0.03R round trip — it cannot pay its own fees 1.25x over. This is the one hard veto here that contains no forecast [throttled 10min]
18:01:20 |    ------------------------------------
18:01:20 |    🧬 NDX100: breadth 5/6 → conviction 0.79 | cat=wild/W+0.44(regime) meanrev×0.66 | Sq=+0.00 fund=+0.000% OI=$2.7M CVD=-0.29 ofi=+0.10 book=+0.23
18:01:20 |    · NDX100: news ~market score=+0.04 (no coin-specific articles)
18:01:20 |    🎢 NDX100: long BLOCKED — broken-parabola bounce (day range 9×ATR, 4.3 ATR below the day high) → post-blow-off distribution risk
18:01:20 |       ⚖️ parabola → score ×0.82 (penalty, not a veto — must still clear the bar) [C403]
18:01:20 |    ☁️ NDX100: ichimoku B- persisting 0.91 AGAINST the long → score ×0.96 (earned ledger) [C343]
18:01:20 | ⚖️ NDX100: long vs R=-0.66 counter-trend → score ×0.85 (penalty, not a veto — it still must clear the bar) [C403]
18:01:20 |    🚫 NDX100: counter-trend BLOCK — dir long vs market R=-0.37 AND orderliness 0.11<0.33 (noisy). Long-into-trend is ~45%% barrier-win; no orderliness to justify it [C386]
18:01:21 |    ------------------------------------
18:01:21 |    🧬 COPPER: breadth 2/5 → conviction 0.47 | cat=calm/W-0.69(regime) trend×1.24 | Sq=-0.00 fund=+0.000% OI=$3.5M CVD=+0.24 ofi=-0.05 book=-0.29
18:01:21 |    · COPPER: news ~market score=+0.04 (no coin-specific articles)
18:01:21 |    🎢→✅ COPPER: parabola RESOLVED (bounce age 1c, unwound 0.8 ATR, extreme re-touched) → short allowed, penalty 15%
18:01:21 |    🎯 COPPER: target 0.2%→0.4% — regime TD persisting 0.86 on an earned ledger (acc 0.84); room-to-structure defers to the trend [C340]
18:01:21 |    ⚡ COPPER: short opposes 1H REGIME SHOCK (UP-swing, 30min left) → blocked
18:01:21 | 📊 Step 3 result: 70 analyzed → 0 passed | regime_blip=15, corr_cap=26, ct_noisy_block=17, flat_projection=4, news_tech_conflict=1, proj_confirms_trend=2, no_structural_room=1, h1_regime_shock=3, fee_floor=1
18:01:21 |    📌 Nearest miss: 牛来 score=1.043 conf=0.672 quality=0.700/0.26 reason=corr_cap
18:01:21 |    🧾 Miss-flow: dir=short CVD=-0.03 OIdiv=n/a ofi=-0.14 book=+0.28 blend=-0.37 R=-0.66
18:01:21 |    📊 Top signals: rsi_v=+41.12 | perm_=+0.95 | vwdi=-0.80 | diver=+0.65 | rqa_d=+0.62 | kalma=-0.60
18:01:21 |    🎯 Dir: short | Agreement: 18/32 (56%)
 
  18:01  up 0h25m  scan 5 ------------------------------------------------------------------------
  EQUITY    $252.80  unreal $-0.01
  OPEN      3 pos $102.06 (40%)  free $150.75
  ------------------------------------------------------------------------------------------------
  PAIR     SIDE       ENTRY      MARK    MOVE     P&L   AGE  THESIS
  牛来       SHORT   0.108840  0.108570  +0.25%   +0.05   24m  + 54% left
  KERNEL   SHORT   0.056370  0.056100  +0.48%   +0.14   24m  + 42% left
  AVAX     SHORT    10.7570   10.8110  -0.50%   -0.21   12m  - 7% left
  ------------------------------------------------------------------------------------------------
  SESSION   $-0.01 -0.00%  peak $252.81
  DAY       real $-2.17  limit $9.48 (3.72%)  23% used
            ######....................
  MONTH     dial 15%  used $0.00 of $37.92  from $252.81
  RECORD    no closed trades yet this run
  LIFETIME  87tr 25W 62L 29%  $+2.81
  FEES      $0.02  mk3/tk0  0.008% of eq
  SCAN      802 > 70 > 0 passed  top 牛来 1.04 (corr_cap)  5 scans, 214 analysed
  MARKET    TRENDING  bias -0.37  breadth +0.00  taker flow -0.00
  NEWS      64 articles  + tone +0.40  PEPE +0.53  MET +0.50  FET +0.44
  INFO      2 tilted  flow/fund/news on 79
  MOVERS    FIGHT +43% #52  ALLO +32% cut  MET +30% cut  BCH +27% #5
  ------------------------------------------------------------------------------------------------
 
18:01:22 | 
18:01:22 | ============================================================
18:01:22 | 📊 POSITION SUMMARY (8-MIN UPDATE)
18:01:22 | 💰 Equity: $252.81 | Unrealized: $-0.01
18:01:22 | 💵 Available: $150.75 | Locked: $102.06
18:01:22 | 📈 Session: $-0.01 (-0.0%)
18:01:22 | 🎯 Win Rate: Overall 29% | Session 0% | Open 67%
18:01:22 | ============================================================
18:01:22 | 🔵 SHORT 牛来
18:01:22 |    💰 Margin: $31.78 | Lev: 1x | Age: 24min
18:01:22 |    📊 Entry: $0.108840 → Now: $0.108570
18:01:22 |    📈 Move: +0.25% | PnL: $+0.05 (+0.2%)
18:01:22 |    🎲 牛来 DRI: -0.131→ Δb=-0.012 | DSI: +0.161 Δb=-0.139 ➡️ μ=+0.07 | 🟢 thesis 54% left (DRI 110% / DSI 54%)
18:01:22 |    📊 Mom=-0.08, Vol=-0.00, Tec=-0.10, Ml=-0.03, Wav=-0.03, Ofi=0.09, Fun=-0.67
18:01:22 |       Mul=-1.00, Pri=-0.04, Tim=0.00, Rvs=0.00, _hu=0.55, _ds=0.16
18:01:22 |    🎯 Strategy: momentum | Conf: 0.678 | TF: 1h (hold≥10m)
18:01:22 |    📊 Flow(mkt): L/S=1.2 R=-0.20 taker=+0.00
18:01:22 |    📈 OI: neutral Δ=+0.4%
18:01:22 |    🫧 牛来 FLOW [C401]: taker support -0.284 (entry +0.563, -0.848) 🔴 (instrumented, no exit wired)
18:01:22 |    📋 Limit Order Entry
18:01:22 | 
18:01:22 | 🔵 SHORT KERNEL
18:01:22 |    💰 Margin: $34.98 | Lev: 1x | Age: 24min
18:01:22 |    📊 Entry: $0.056370 → Now: $0.056100
18:01:22 |    📈 Move: +0.48% | PnL: $+0.14 (+0.5%)
18:01:22 |    🎲 KERNEL DRI: -0.045→ Δb=+0.062 | DSI: +0.150 Δb=-0.173 ➡️ μ=-0.00 | 🟢 thesis 42% left (DRI 42% / DSI 46%)
18:01:22 |    📊 Mom=-0.06, Vol=0.00, Tec=-0.12, Ml=0.04, Wav=-0.01, Ofi=-0.31, Fun=0.67
18:01:22 |       Mul=-1.00, Pri=-0.07, Tim=0.00, Rvs=0.00, _hu=0.74, _ds=0.17
18:01:22 |    🎯 Strategy: trend_following | Conf: 0.677 | TF: 1h (hold≥10m)
18:01:22 |    📊 Flow(mkt): L/S=1.1 R=-0.04 taker=+0.00
18:01:23 |    📈 OI: neutral Δ=+0.2%
18:01:23 |    🫧 KERNEL FLOW [C401]: taker support +0.653 (entry +0.172, +0.481) 🟢 (instrumented, no exit wired)
18:01:23 |    📋 Limit Order Entry
18:01:23 | 
18:01:23 | 🔻 SHORT AVAX
18:01:23 |    💰 Margin: $35.30 | Lev: 1x | Age: 12min
18:01:23 |    📊 Entry: $10.7570 → Now: $10.8110
18:01:23 |    📈 Move: -0.50% | PnL: $-0.21 (-0.5%)
18:01:23 |    🎲 AVAX DRI: -0.015→ Δb=+0.199 | DSI: +0.099 Δb=-0.252 📉 μ=-0.26 | 🔴 thesis 7% left (DRI 7% / DSI 28%)
18:01:23 |    📊 Mom=-0.08, Vol=-0.02, Tec=-0.05, Ml=0.14, Wav=-0.02, Ofi=0.00, Fun=0.44
18:01:23 |       Mul=-0.86, Pri=0.04, Tim=0.00, Rvs=0.00, _hu=0.64, _ds=0.13
18:01:23 |    🎯 Strategy: trend_following | Conf: 0.865 | TF: 1h (hold≥10m)
18:01:23 |    📊 Flow(mkt): L/S=1.2 R=-0.15 taker=+0.10
18:01:23 |    📈 OI: neutral Δ=+0.1%
18:01:24 |    🫧 AVAX FLOW [C401]: taker support -0.864 (entry +0.387, -1.251) 🔴 (instrumented, no exit wired)
18:01:24 |    📋 Limit Order Entry
18:01:24 | 
18:01:24 | ============================================================
18:01:24 | 🔵 Day: +1.1% (barrier ±0.68%, not a target — expected 0.14%/day) [C429-3]
18:01:24 | ============================================================
18:01:24 | 
18:02:01 | ⚡ FLASH: AVAX Δ=+0.19% DRI=-0.013
18:06:04 |    🛡 C373: KERNEL capture held — +0.34% is 0.13R, floor 48.00% (1.0R); 29/120min into horizon [throttled 5min]
18:06:21 | 📋 STEP 1: Using cached 70 pairs (394s old, refresh at 480s)
18:06:21 |    📰 C421-4: news layer now covering 60 screened pairs; 49 have a resolvable coin name from venue metadata (the old typed map held 24 majors and the query asked only about bitcoin/ethereum)
18:06:21 | ━━━━━━━━━━━━━━━━━━━━━━━━━━━━━━━━━━━━━━━━━━━━━━━━━━
18:06:21 | 📋 STEP 2: MARKET ANALYSIS — News, Bias, Coherence
18:06:21 | ━━━━━━━━━━━━━━━━━━━━━━━━━━━━━━━━━━━━━━━━━━━━━━━━━━
18:06:23 |    🌍 C270 macro: NDX/SPX z=+0.60 gold z=+0.73 tone x0.80 sess w=0.97 -> tilt +0.047 | R -0.57->-0.52
18:06:23 | ✅ C79 RESULTANT: 1h=+0.02 4h=-0.72 12h=-0.59 R=-0.52 mag=0.52
18:06:23 | 🌗 C264 MTS INVERTED: β̂=+0.50 — momentum decays toward present (1h weakest); with-R entries damped, counter-R block relaxes
18:06:24 | 📰 News: 65 articles | Market sentiment: 🔵 +0.43
18:06:24 | 📰 News: 65 articles | 🔵 +0.43
18:06:24 | 📈 Market: 🔻BEARISH (blend=-0.24 R=-0.52) | 1h=+0.02 4h=-0.72 12h=-0.59 align=+0.13 macro=✓
18:06:24 | 📊 Regime: TRENDING (0.57) | DFA=0.64 Ent=0.91 GARCH=0.0016
18:06:24 | 🎲 RegimeMarkov: state=TD → next most-likely TD (P=0.86, persist=0.86, conf=0.83, n=247) | calib[1142]: acc=0.84 brier=0.056
18:06:24 | 🎲 PairMarkov: calib[19415]: acc=1.00 brier=0.000 (baseline 0.160)
18:06:24 | 🎲 FamilyMarkov: calib[2161/120]: acc=1.00 brier=0.005 (base 0.020) skill=+76.1% [need +5%] EARNED [C342]
18:06:24 | 🎲 IchiMarkov: calib[19201/200]: acc=0.83 brier=0.128 (base 0.153) skill=+16.2% [need +5%] EARNED [C343]
18:06:24 | 🧮 S3-EV: calib[119]: acc=0.33 brier=0.332 (baseline 0.250)
18:06:24 | 🌊 Market coherence: 66% long (38↑ vs 20↓)
18:06:25 | 💰 Taker flow: 🔵 +0.10 (BTC=+0.24 ETH=-0.03)
18:06:25 | ━━━━━━━━━━━━━━━━━━━━━━━━━━━━━━━━━━━━━━━━━━━━━━━━━━
18:06:25 | 📋 STEP 3: PREDICTIVE ANALYSIS — Scoring each pair
18:06:25 | ━━━━━━━━━━━━━━━━━━━━━━━━━━━━━━━━━━━━━━━━━━━━━━━━━━
18:07:02 |    🛡 C373: 牛来 capture held — +0.30% is 0.11R, floor 48.00% (1.0R); 30/120min into horizon [throttled 5min]
18:07:02 |    🛡 C373: AVAX capture held — +0.14% is 0.05R, floor 48.00% (1.0R); 18/120min into horizon [throttled 5min]
18:07:45 |    🏁 C467: the day is 1.12% against its 0.68% target — noted, and trading CONTINUES. Only a loss can end a day now; a good one is left to run.
 
  18:09  up 0h33m  scan 5 ------------------------------------------------------------------------
  EQUITY    $252.69  unreal $-0.12
  OPEN      3 pos $102.06 (40%)  free $150.75
  ------------------------------------------------------------------------------------------------
  PAIR     SIDE       ENTRY      MARK    MOVE     P&L   AGE  THESIS
  牛来       SHORT   0.108840  0.109180  -0.31%   -0.12   32m  - 49% left
  KERNEL   SHORT   0.056370  0.056340  +0.05%   -0.01   32m  - 51% left
  AVAX     SHORT    10.7570   10.7430  +0.13%   +0.02   20m  + 15% left
  ------------------------------------------------------------------------------------------------
  SESSION   $-0.12 -0.05%  peak $252.81  dd 0.05%
  DAY       real $-2.17  limit $9.48 (3.72%)  23% used
            ######....................
  MONTH     dial 15%  used $0.00 of $37.92  from $252.81
  RECORD    no closed trades yet this run
  LIFETIME  87tr 25W 62L 29%  $+2.81
  FEES      $0.02  mk3/tk0  0.008% of eq
  SCAN      802 > 70 > 0 passed  top 牛来 1.04 (corr_cap)  5 scans, 214 analysed
  MARKET    TRENDING  bias -0.24  breadth -0.09  taker flow +0.17
  NEWS      65 articles  + tone +0.43  PEPE +0.53  MET +0.50  FET +0.44
  INFO      2 tilted  flow/fund/news on 79
  MOVERS    FIGHT +43% #52  ALLO +32% cut  MET +30% cut  BCH +27% #5
  ------------------------------------------------------------------------------------------------
 
18:09:25 | 
18:09:25 | ============================================================
18:09:25 | 📊 POSITION SUMMARY (8-MIN UPDATE)
18:09:25 | 💰 Equity: $252.81 | Unrealized: $-0.12
18:09:25 | 💵 Available: $150.75 | Locked: $102.06
18:09:25 | 📈 Session: $-0.12 (-0.0%)
18:09:25 | 🎯 Win Rate: Overall 29% | Session 0% | Open 67%
18:09:25 | ============================================================
18:09:25 | 🔻 SHORT 牛来
18:09:25 |    💰 Margin: $31.78 | Lev: 1x | Age: 32min
18:09:25 |    📊 Entry: $0.108840 → Now: $0.109180
18:09:25 |    📈 Move: -0.31% | PnL: $-0.13 (-0.3%)
18:09:25 |    🎲 牛来 DRI: -0.125→ Δb=-0.006 | DSI: +0.147 Δb=-0.153 ➡️ μ=-0.14 | 🟢 thesis 49% left (DRI 105% / DSI 49%)
18:09:25 |    📊 Mom=-0.07, Vol=-0.00, Tec=-0.12, Ml=-0.01, Wav=-0.03, Ofi=-0.28, Fun=-0.67
18:09:25 |       Mul=-0.74, Pri=0.02, Tim=0.00, Rvs=0.00, _hu=0.55, _ds=0.14
18:09:25 |    🎯 Strategy: momentum | Conf: 0.678 | TF: 1h (hold≥10m)
18:09:25 |    📊 Flow(mkt): L/S=1.2 R=-0.19 taker=+0.05
18:09:26 |    📈 OI: neutral Δ=-0.8%
18:09:26 |    🫧 牛来 FLOW [C401]: taker support -0.300 (entry +0.563, -0.864) 🔴 (instrumented, no exit wired)
18:09:26 |    📋 Limit Order Entry
18:09:26 | 
18:09:26 | 🔸 SHORT KERNEL
18:09:26 |    💰 Margin: $34.98 | Lev: 1x | Age: 32min
18:09:26 |    📊 Entry: $0.056370 → Now: $0.056340
18:09:26 |    📈 Move: +0.05% | PnL: $-0.01 (+0.1%)
18:09:26 |    🎲 KERNEL DRI: -0.057→ Δb=+0.050 | DSI: +0.164 Δb=-0.159 ➡️ μ=+0.08 | 🟢 thesis 51% left (DRI 53% / DSI 51%)
18:09:26 |    📊 Mom=-0.07, Vol=0.00, Tec=-0.12, Ml=-0.04, Wav=-0.01, Ofi=-0.09, Fun=0.67
18:09:26 |       Mul=-0.90, Pri=-0.01, Tim=0.00, Rvs=0.00, _hu=0.74, _ds=0.17
18:09:26 |    🎯 Strategy: trend_following | Conf: 0.677 | TF: 1h (hold≥10m)
18:09:26 |    📊 Flow(mkt): L/S=1.1 R=-0.04 taker=+0.01
18:09:26 |    📈 OI: neutral Δ=+0.1%
18:09:27 |    🫧 KERNEL FLOW [C401]: taker support +0.499 (entry +0.172, +0.327) 🟢 (instrumented, no exit wired)
18:09:27 |    📋 Limit Order Entry
18:09:27 | 
18:09:27 | 🔸 SHORT AVAX
18:09:27 |    💰 Margin: $35.30 | Lev: 1x | Age: 20min
18:09:27 |    📊 Entry: $10.7570 → Now: $10.7430
18:09:27 |    📈 Move: +0.13% | PnL: $+0.02 (+0.1%)
18:09:27 |    🎲 AVAX DRI: -0.033→ Δb=+0.181 | DSI: +0.111 Δb=-0.240 ➡️ μ=+0.19 | 🟠 thesis 15% left (DRI 15% / DSI 32%)
18:09:27 |    📊 Mom=-0.08, Vol=-0.02, Tec=-0.05, Ml=0.13, Wav=-0.01, Ofi=0.17, Fun=0.41
18:09:27 |       Mul=-0.86, Pri=-0.02, Tim=0.00, Rvs=0.00, _hu=0.64, _ds=0.13
18:09:27 |    🎯 Strategy: trend_following | Conf: 0.865 | TF: 1h (hold≥10m)
18:09:27 |    📊 Flow(mkt): L/S=1.2 R=-0.15 taker=+0.00
18:09:27 |    📈 OI: neutral Δ=-0.2%
18:09:27 |    🫧 AVAX FLOW [C401]: taker support +0.210 (entry +0.387, -0.176) 🟢 (instrumented, no exit wired)
18:09:27 |    📋 Limit Order Entry
18:09:27 | 
18:09:27 | ============================================================
18:09:27 | 🔵 Day: +1.1% (barrier ±0.68%, not a target — expected 0.14%/day) [C429-3]
18:09:27 | ============================================================
18:09:27 | 
18:11:41 | ━━━━━━━━━━━━━━━━━━━━━━━━━━━━━━━━━━━━━━━━━━━━━━━━━━
18:11:41 | 📋 STEP 1: SCREENING — Scanning all futures markets
18:11:41 | ━━━━━━━━━━━━━━━━━━━━━━━━━━━━━━━━━━━━━━━━━━━━━━━━━━
18:11:45 |    🛡 C373: KERNEL capture held — +0.32% is 0.12R, floor 48.00% (1.0R); 34/120min into horizon [throttled 5min]
18:11:45 |    📊 C451-2 funding cross-section: 802 pairs, median +0.0050%, p90 +0.0100% — crowding is now read against the BOARD, not against a fixed number [throttled 30min]
18:11:45 | 🔍 Scanning 802 markets for lively pairs...
18:11:45 |    🕒 C408: RWA held out this scan — us_equity×312 · hk_equity×8 · korea_equity×3  (they print 24/7 but only inform in session)
18:11:45 | 📊 328 pairs meet volume threshold ($750,000 relative)
18:11:51 |    🗂 C417 DESKS — each market scanned on its own terms:
18:11:51 |         ● crypto       universe  465  floor $   300k  passed  125  analysing  60
18:11:51 |         ○ us_equity    US cash closed
18:11:51 |         ● index_future universe    3  floor $   300k  passed    2  analysing   2
18:11:51 |         ● metal        universe    8  floor $   866k  passed    5  analysing   5
18:11:51 |         ● energy       universe    3  floor $  2132k  passed    3  analysing   3
18:11:51 |         ○ korea_equity KRX closed
18:11:51 |         ○ hk_equity    HKEX closed
18:11:51 |         → 70 pairs into Step 3 across 4 open markets (one budget each, they ADD — a second market never shrinks the first)
18:11:51 | 🏆 Top 70 pairs (PREDICTIVE: freshness + projected + geometric)
18:11:51 |    1. BTC/USDT:USDT: Live=1.080 V=$2630.5M Chg=-0.6% Proj=+0.33 Geo=+0.079
18:11:51 |    2. ETH/USDT:USDT: Live=1.139 V=$1865.9M Chg=-0.9% Proj=+0.41 Geo=+0.064
18:11:51 |    3. XRP/USDT:USDT: Live=0.885 V=$482.9M Chg=+1.8% Proj=+0.27 Geo=+0.196
18:11:51 |    4. ZEC/USDT:USDT: Live=0.630 V=$259.9M Chg=+7.1% Proj=+0.04 Geo=-0.063
18:11:51 |    5. SOL/USDT:USDT: Live=0.658 V=$235.0M Chg=-0.2% Proj=+0.10 Geo=+0.034
18:11:51 |    6. BCH/USDT:USDT: Live=0.648 V=$109.4M Chg=+17.8% Proj=+0.10 Geo=+0.020
18:11:51 |    7. XAU/USDT:USDT: Live=0.868 V=$116.8M Chg=-0.9% Proj=+0.34 Geo=+0.030
18:11:51 |    8. DOGE/USDT:USDT: Live=0.610 V=$130.3M Chg=+1.1% Proj=+0.10 Geo=+0.097
18:11:51 |    9. NEAR/USDT:USDT: Live=1.070 V=$102.3M Chg=+3.9% Proj=+0.57 Geo=+0.175
18:11:51 |    10. HYPE/USDT:USDT: Live=0.964 V=$83.8M Chg=-0.7% Proj=+0.49 Geo=+0.137
18:11:51 |    11. PEPE/USDT:USDT: Live=0.557 V=$72.3M Chg=-2.5% Proj=+0.08 Geo=+0.162
18:11:51 |    12. CL/USDT:USDT: Live=0.583 V=$69.5M Chg=+0.6% Proj=+0.12 Geo=+0.020
18:11:51 |    13. XAG/USDT:USDT: Live=0.661 V=$45.5M Chg=-1.4% Proj=+0.22 Geo=+0.047
18:11:51 |    14. ADA/USDT:USDT: Live=0.751 V=$51.7M Chg=+1.2% Proj=+0.31 Geo=+0.140
18:11:51 |    15. SUI/USDT:USDT: Live=0.600 V=$60.6M Chg=-0.0% Proj=+0.16 Geo=-0.009
18:11:51 |    16. NIL/USDT:USDT: Live=0.717 V=$30.5M Chg=+20.9% Proj=+0.28 Geo=+0.180
18:11:51 |    17. ENA/USDT:USDT: Live=0.826 V=$43.3M Chg=+2.0% Proj=+0.39 Geo=+0.064
18:11:51 |    18. APT/USDT:USDT: Live=0.736 V=$13.8M Chg=+11.2% Proj=+0.31 Geo=-0.018
18:11:51 |    19. PENGU/USDT:USDT: Live=0.578 V=$22.9M Chg=+12.6% Proj=+0.16 Geo=+0.184
18:11:51 |    20. LINK/USDT:USDT: Live=0.513 V=$30.4M Chg=-1.6% Proj=+0.10 Geo=+0.078
18:11:51 |    21. BZ/USDT:USDT: Live=0.823 V=$21.3M Chg=+1.6% Proj=+0.41 Geo=+0.024
18:11:51 |    22. AVAX/USDT:USDT: Live=0.875 V=$37.8M Chg=-0.6% Proj=+0.47 Geo=+0.057
18:11:51 |    23. TAO/USDT:USDT: Live=0.988 V=$24.0M Chg=-3.5% Proj=+0.58 Geo=+0.234
18:11:51 |    24. LTC/USDT:USDT: Live=0.923 V=$25.3M Chg=+2.3% Proj=+0.52 Geo=+0.110
18:11:51 |    25. PONS/USDT:USDT: Live=0.815 V=$17.3M Chg=+10.0% Proj=+0.42 Geo=+0.174
18:11:51 |    26. ZRO/USDT:USDT: Live=0.670 V=$6.1M Chg=+21.0% Proj=+0.28 Geo=+0.131
18:11:51 |    27. BNB/USDT:USDT: Live=0.812 V=$18.5M Chg=-1.0% Proj=+0.44 Geo=+0.085
18:11:51 |    28. ETC/USDT:USDT: Live=0.523 V=$9.1M Chg=+7.2% Proj=+0.15 Geo=-0.024
18:11:51 |    29. ONE/USDT:USDT: Live=0.528 V=$15.7M Chg=-21.7% Proj=+0.15 Geo=+0.171
18:11:51 |    30. TRUMP/USDT:USDT: Live=0.572 V=$28.2M Chg=+0.1% Proj=+0.20 Geo=+0.175
18:11:51 |    31. XLM/USDT:USDT: Live=0.797 V=$20.4M Chg=+1.2% Proj=+0.43 Geo=+0.180
18:11:51 |    32. FIL/USDT:USDT: Live=0.601 V=$16.0M Chg=+2.3% Proj=+0.24 Geo=+0.011
18:11:51 |    33. MET/USDT:USDT: Live=0.653 V=$6.8M Chg=+25.6% Proj=+0.29 Geo=+0.244
18:11:51 |    34. COTI/USDT:USDT: Live=0.599 V=$4.3M Chg=+14.8% Proj=+0.24 Geo=+0.191
18:11:51 |    35. PAXG/USDT:USDT: Live=0.725 V=$11.1M Chg=-0.8% Proj=+0.37 Geo=-0.021
18:11:51 |    36. WIF/USDT:USDT: Live=0.676 V=$10.8M Chg=-7.5% Proj=+0.32 Geo=+0.153
18:11:51 |    37. HBAR/USDT:USDT: Live=0.677 V=$19.5M Chg=+0.2% Proj=+0.33 Geo=+0.179
18:11:51 |    38. NATGAS/USDT:USDT: Live=0.881 V=$4.5M Chg=+6.3% Proj=+0.54 Geo=+0.116
18:11:51 |    39. XAUT/USDT:USDT: Live=0.687 V=$8.7M Chg=-0.8% Proj=+0.35 Geo=+0.017
18:11:51 |    40. LSK/USDT:USDT: Live=0.701 V=$7.9M Chg=-6.5% Proj=+0.37 Geo=+0.058
18:11:51 |    41. RENDER/USDT:USDT: Live=0.820 V=$5.9M Chg=-3.6% Proj=+0.49 Geo=+0.144
18:11:51 |    42. APE/USDT:USDT: Live=0.513 V=$3.1M Chg=+11.1% Proj=+0.19 Geo=-0.062
18:11:51 |    43. ZETA/USDT:USDT: Live=0.881 V=$6.1M Chg=-6.8% Proj=+0.56 Geo=+0.069
18:11:51 |    44. FARTCOIN/USDT:USDT: Live=0.567 V=$13.7M Chg=-0.6% Proj=+0.25 Geo=+0.147
18:11:51 |    45. VIRTUAL/USDT:USDT: Live=0.629 V=$6.9M Chg=+4.1% Proj=+0.31 Geo=-0.041
18:11:51 |    46. KERNEL/USDT:USDT: Live=0.786 V=$5.4M Chg=-6.7% Proj=+0.48 Geo=+0.147
18:11:51 |    47. XMR/USDT:USDT: Live=0.527 V=$6.1M Chg=-2.0% Proj=+0.22 Geo=+0.024
18:11:51 |    48. BGB/USDT:USDT: Live=0.862 V=$3.9M Chg=-2.3% Proj=+0.57 Geo=+0.116
18:11:51 |    49. SKY/USDT:USDT: Live=0.554 V=$2.5M Chg=+9.3% Proj=+0.26 Geo=-0.011
18:11:51 |    50. FIGHT/USDT:USDT: Live=0.917 V=$1.6M Chg=+39.3% Proj=+0.63 Geo=+0.181
18:11:51 |    51. ICP/USDT:USDT: Live=0.889 V=$4.1M Chg=+4.8% Proj=+0.60 Geo=+0.192
18:11:51 |    52. SENT/USDT:USDT: Live=0.616 V=$0.8M Chg=+23.9% Proj=+0.33 Geo=+0.022
18:11:51 |    53. GRT/USDT:USDT: Live=0.635 V=$1.1M Chg=+15.3% Proj=+0.35 Geo=+0.074
18:11:51 |    54. RAY/USDT:USDT: Live=0.835 V=$3.4M Chg=+5.8% Proj=+0.56 Geo=+0.225
18:11:51 |    55. BEAT/USDT:USDT: Live=0.787 V=$1.7M Chg=+11.8% Proj=+0.51 Geo=+0.180
18:11:51 |    56. ZAMA/USDT:USDT: Live=0.587 V=$3.6M Chg=+9.9% Proj=+0.31 Geo=+0.004
18:11:51 |    57. ZEN/USDT:USDT: Live=0.604 V=$3.1M Chg=+5.0% Proj=+0.35 Geo=-0.004
18:11:51 |    58. 牛来/USDT:USDT: Live=0.613 V=$5.3M Chg=-2.8% Proj=+0.35 Geo=+0.105
18:11:51 |    59. 0G/USDT:USDT: Live=0.553 V=$1.7M Chg=+11.1% Proj=+0.30 Geo=-0.028
18:11:51 |    60. FLOCK/USDT:USDT: Live=0.548 V=$5.6M Chg=+0.9% Proj=+0.30 Geo=+0.281
18:11:51 |    61. US/USDT:USDT: Live=0.688 V=$0.7M Chg=+16.7% Proj=+0.44 Geo=+0.032
18:11:51 |    62. ATOM/USDT:USDT: Live=0.545 V=$2.2M Chg=+3.9% Proj=+0.30 Geo=+0.051
18:11:51 |    63. SPX/USDT:USDT: Live=0.206 V=$2.1M Chg=-6.7% Proj=-0.03 Geo=+0.196
18:11:51 |    64. MAGMA/USDT:USDT: Live=0.644 V=$1.2M Chg=+9.3% Proj=+0.41 Geo=+0.107
18:11:51 |    65. ZEST/USDT:USDT: Live=0.620 V=$1.1M Chg=+17.8% Proj=+0.39 Geo=+0.136
18:11:51 |    66. BLESS/USDT:USDT: Live=0.664 V=$1.1M Chg=+9.8% Proj=+0.43 Geo=+0.104
18:11:51 |    67. PROM/USDT:USDT: Live=0.505 V=$1.3M Chg=+11.7% Proj=+0.28 Geo=+0.012
18:11:51 |    68. GRVT/USDT:USDT: Live=0.534 V=$0.7M Chg=+4.6% Proj=+0.31 Geo=+0.115
18:11:51 |    69. NDX100/USDT:USDT: Live=-0.033 V=$1.0M Chg=+0.5% Proj=-0.22 Geo=+0.013
18:11:51 |    70. COPPER/USDT:USDT: Live=0.398 V=$0.9M Chg=-0.9% Proj=+0.23 Geo=+0.105
18:11:51 |    🪞 C266 board-parity (top movers vs screen): FIGHT +39%[#50] | ALLO +33%[Live=0.44<cut] | MET +26%[#33] | SENT +24%[#52] | CHR +23%[Live=0.37<cut]
18:11:51 |    🔬 BTC geo: slope=+0.039 pure=+0.040
18:11:51 |    🔬 ETH geo: slope=+0.038 rough=-0.016 harm=+0.015 pure=+0.028
18:11:51 |    🔬 XRP geo: slope=+0.138 pure=+0.059
18:11:51 | 📦 OHLCV cache: 147 pairs cached for quick_scan
18:11:51 | ━━━━━━━━━━━━━━━━━━━━━━━━━━━━━━━━━━━━━━━━━━━━━━━━━━
18:11:51 | 📋 STEP 2: MARKET ANALYSIS — News, Bias, Coherence
18:11:51 | ━━━━━━━━━━━━━━━━━━━━━━━━━━━━━━━━━━━━━━━━━━━━━━━━━━
18:11:52 |    🌍 C270 macro: NDX/SPX z=+0.58 gold z=+0.40 tone x0.80 sess w=0.98 -> tilt +0.045 | R -0.57->-0.52
18:11:52 | ✅ C79 RESULTANT: 1h=+0.02 4h=-0.72 12h=-0.59 R=-0.52 mag=0.52
18:11:52 | 🌗 C264 MTS INVERTED: β̂=+0.50 — momentum decays toward present (1h weakest); with-R entries damped, counter-R block relaxes
18:11:52 | 📰 News: 65 articles | 🔵 +0.43
18:11:52 | 📈 Market: 🔻BEARISH (blend=-0.23 R=-0.52) | 1h=+0.02 4h=-0.72 12h=-0.59 align=+0.13 macro=✓
18:11:52 | 📊 Regime: TRENDING (0.59) | DFA=0.64 Ent=0.89 GARCH=0.0015
18:11:52 | 🎲 RegimeMarkov: state=TD → next most-likely TD (P=0.86, persist=0.86, conf=0.83, n=248) | calib[1143]: acc=0.84 brier=0.056
18:11:52 | 🎲 PairMarkov: calib[19415]: acc=1.00 brier=0.000 (baseline 0.160)
18:11:52 | 🎲 FamilyMarkov: calib[2161/120]: acc=1.00 brier=0.005 (base 0.020) skill=+76.1% [need +5%] EARNED [C342]
18:11:52 | 🎲 IchiMarkov: calib[19201/200]: acc=0.83 brier=0.128 (base 0.153) skill=+16.2% [need +5%] EARNED [C343]
18:11:52 | 🧮 S3-EV: calib[119]: acc=0.33 brier=0.332 (baseline 0.250)
18:11:52 | 🌊 Market coherence: 72% long (39↑ vs 15↓)
18:11:54 | 💰 Taker flow: 🔸 -0.09 (BTC=-0.07 ETH=-0.10)
18:11:54 | ━━━━━━━━━━━━━━━━━━━━━━━━━━━━━━━━━━━━━━━━━━━━━━━━━━
18:11:54 | 📋 STEP 3: PREDICTIVE ANALYSIS — Scoring each pair
18:11:54 | ━━━━━━━━━━━━━━━━━━━━━━━━━━━━━━━━━━━━━━━━━━━━━━━━━━
18:12:14 |    📚 PairProfiles: 429 pairs in persistent baseline (147/147 mature this scan)
18:12:14 |    ------------------------------------
18:12:14 |    🧬 NIL: breadth 6/6 → conviction 1.00 | cat=wild/W+0.82(regime) meanrev×0.60 | Sq=-0.03 fund=+0.005% OI=$3.1M CVD=-0.58 ofi=-0.16 book=-0.08
18:12:14 |    🌍 C396 session tilt: Europe (12h UTC) → entry score ×1.12 [measured 55.9% Europe vs 46.5% Asia barrier-win]
18:12:14 |    🧭 C403 flow term: takers are -0.58 AGAINST this long → score ×0.942
18:12:14 |    · NIL: news ~market score=+0.04 (no coin-specific articles)
18:12:14 |    🎢 NIL: long BLOCKED — broken-parabola bounce (day range 20×ATR, 6.3 ATR below the day high) → post-blow-off distribution risk
18:12:14 |       ⚖️ parabola → score ×0.82 (penalty, not a veto — must still clear the bar) [C403]
18:12:14 |    🧭 C436 direction probability: no source has earned skill — base rate (unchanged behaviour)
18:12:14 |    🧪 C420-5: S3 probability skill -32.8% over 119 scored trades (brier 0.332 vs baseline 0.250) → claims kept at ×0.00; p 0.63→0.33. NOT EARNED — p is the base rate [throttled 15min]
18:12:15 |    ⚖️ C467: NIL E=-0.063R is below the +0.000R bar, but the probability feeding E has NO measured skill (Brier skill ≤ 0), so E does not get a veto — score taxed 3% instead and the other gates decide. The veto returns automatically when p starts beating a coin flip [C467, throttled 10min]
18:12:15 |    ☁️ NIL: ichimoku B- persisting 0.91 AGAINST the long → score ×0.96 (earned ledger) [C343]
18:12:15 | ⚖️ NIL: long vs R=-0.52 ALLOWED — C264 term-structure inverted (β̂=+0.50, trend stale) → with-derivative, penalty 15% not block
18:12:15 |    🚫 NIL: counter-trend BLOCK — dir long vs market R=-0.23 AND orderliness 0.16<0.33 (noisy). Long-into-trend is ~45%% barrier-win; no orderliness to justify it [C386]
18:12:15 |    ------------------------------------
18:12:15 |    🧬 PENGU: breadth 5/6 → conviction 0.89 | cat=wild/W+0.62(regime) meanrev×0.62 | Sq=-0.03 fund=+0.005% OI=$8.8M CVD=-0.29 ofi=-0.16 book=-0.28
18:12:15 |    🧬 PENGU: own-history vol 2.00% vs baseline 1.16% (×1.72) → abnormal-wild conviction ×0.99 [C286-2]
18:12:15 |    · PENGU: news ~market score=+0.04 (no coin-specific articles)
18:12:15 |    ⚡ PENGU: 24h=+12.6% but 1h=+0.0% (TURNING) → penalty 25%
18:12:15 |    🛑 PENGU: SHORT at RSI 21 (oversold, stretched) → brake 21%
18:12:15 |    🎯 PENGU: target 3.0%→5.5% — regime TD persisting 0.86 on an earned ledger (acc 0.84); room-to-structure defers to the trend [C340]
18:12:15 |    ⚡ PENGU: short opposes 1H REGIME SHOCK (UP-swing, 19min left) → blocked
18:12:16 |    ------------------------------------
18:12:16 |    🧬 TRUMP: breadth 4/6 → conviction 0.58 | cat=meme/W-0.06(member) meanrev×0.65 | Sq=-0.03 fund=+0.004% OI=$15.8M CVD=-0.41 ofi=-0.01 book=+0.22
18:12:16 |    📄 TRUMP: news short sig=0.10 score=-0.03
18:12:16 |    🎯 TRUMP: target 1.4%→2.5% — regime TD persisting 0.86 on an earned ledger (acc 0.84); room-to-structure defers to the trend [C340]
18:12:16 |    ⚡ TRUMP: short opposes 1H REGIME SHOCK (UP-swing, 19min left) → blocked
18:12:16 |    ------------------------------------
18:12:16 |    🧬 MET: breadth 2/6 → conviction 0.31 | cat=wild/W+0.97(regime) meanrev×0.60 | Sq=-0.03 fund=+0.005% OI=$1.3M CVD=+0.56 ofi=-0.00 book=+0.25
18:12:16 |    🧬 MET: own-history vol 3.65% vs baseline 1.28% (×2.85) → abnormal-wild conviction ×0.92 [C286-2]
18:12:16 |    · MET: news ~market score=+0.04 (no coin-specific articles)
18:12:17 |    ☁️ MET: ichimoku A+ persisting 0.78 WITH the long → score ×1.02 (earned ledger) [C343]
18:12:17 | ⚖️ MET: long vs R=-0.52 ALLOWED — C264 term-structure inverted (β̂=+0.50, trend stale) → with-derivative, penalty 15% not block
18:12:17 |    🚫 MET: counter-trend BLOCK — dir long vs market R=-0.23 AND orderliness 0.24<0.33 (noisy). Long-into-trend is ~45%% barrier-win; no orderliness to justify it [C386]
18:12:17 |    ------------------------------------
18:12:17 |    🧬 COTI: breadth 4/5 → conviction 0.82 | cat=wild/W+0.53(regime) meanrev×0.64 | Sq=+0.97 fund=-0.264% OI=$4.0M CVD=-0.34 ofi=+0.01 book=-0.20
18:12:17 |    · COTI: news ~market score=+0.04 (no coin-specific articles)
18:12:18 |    ☁️ COTI: ichimoku A+ persisting 0.78 WITH the long → score ×1.02 (earned ledger) [C343]
18:12:18 |    ⚠️ COTI: long into bearish rejection candle at RSI 65 (counter-signal) -> conviction x0.85
18:12:18 |    ⚡ COTI: long wick rejection #1 → score×0.75
18:12:18 | ⚖️ COTI: long vs R=-0.52 ALLOWED — C264 term-structure inverted (β̂=+0.50, trend stale) → with-derivative, penalty 15% not block
18:12:18 |    🚫 COTI: counter-trend BLOCK — dir long vs market R=-0.23 AND orderliness 0.07<0.33 (noisy). Long-into-trend is ~45%% barrier-win; no orderliness to justify it [C386]
18:12:18 |    ------------------------------------
18:12:18 |    🧬 SKY: breadth 6/6 → conviction 1.00 | cat=defi/W-0.32(member) trend×1.31 | Sq=-0.03 fund=+0.005% OI=$3.0M CVD=-0.08 ofi=-0.40 book=-0.25
18:12:18 |    🧬 SKY: own-history vol 1.35% vs baseline 0.62% (×2.16) → abnormal-wild conviction ×0.96 [C286-2]
18:12:18 |    📄 SKY: news long sig=0.12 score=+0.04
18:12:18 |    🎢 SKY: long BLOCKED — broken-parabola bounce (day range 10×ATR, 1.9 ATR below the day high) → post-blow-off distribution risk
18:12:18 |       ⚖️ parabola → score ×0.82 (penalty, not a veto — must still clear the bar) [C403]
18:12:18 |    ☁️ SKY: ichimoku B- persisting 0.91 AGAINST the long → score ×0.96 (earned ledger) [C343]
18:12:18 | ⚖️ SKY: long vs R=-0.52 ALLOWED — C264 term-structure inverted (β̂=+0.50, trend stale) → with-derivative, penalty 15% not block
18:12:18 |    🚫 SKY: counter-trend BLOCK — dir long vs market R=-0.23 AND orderliness 0.16<0.33 (noisy). Long-into-trend is ~45%% barrier-win; no orderliness to justify it [C386]
18:12:19 |    ------------------------------------
18:12:19 |    🧬 SENT: breadth 5/6 → conviction 0.90 | cat=wild/W+0.48(regime) meanrev×0.65 | Sq=-0.03 fund=+0.005% OI=$1.3M CVD=+0.06 ofi=+0.07 book=+0.00
18:12:19 |    🧬 SENT: own-history vol 1.49% vs baseline 0.81% (×1.84) → abnormal-wild conviction ×0.98 [C286-2]
18:12:19 |    · SENT: news ~market score=+0.04 (no coin-specific articles)
18:12:19 | ⚖️ SENT: long vs R=-0.52 ALLOWED — C264 term-structure inverted (β̂=+0.50, trend stale) → with-derivative, penalty 15% not block
18:12:19 |    🚫 SENT: counter-trend BLOCK — dir long vs market R=-0.23 AND orderliness 0.24<0.33 (noisy). Long-into-trend is ~45%% barrier-win; no orderliness to justify it [C386]
18:12:20 |    ------------------------------------
18:12:20 |    🧬 GRT: breadth 4/6 → conviction 0.71 | cat=ai/W-0.25(member) trend×1.28 | Sq=-0.05 fund=+0.008% OI=$2.8M CVD=-0.23 ofi=-0.12 book=-0.21
18:12:20 |    📄 GRT: news long sig=0.12 score=+0.10
18:12:20 |    ☁️ GRT: ichimoku A+ persisting 0.78 WITH the long → score ×1.02 (earned ledger) [C343]
18:12:20 |    ⚠️ GRT: long into bearish rejection candle at RSI 65 (counter-signal) -> conviction x0.85
18:12:20 |    🛑 GRT: long CAPITULATION REJECTION (wick+vol) → blocked
18:12:20 |    ------------------------------------
18:12:20 |    🧬 0G: breadth 5/6 → conviction 0.90 | cat=mid/W+0.17(regime) meanrev×0.71 | Sq=-0.04 fund=+0.005% OI=$2.2M CVD=+0.07 ofi=+0.17 book=+0.23
18:12:20 |    🧬 0G: own-history vol 1.84% vs baseline 0.91% (×2.03) → abnormal-wild conviction ×0.97 [C286-2]
18:12:20 |    · 0G: news ~market score=+0.04 (no coin-specific articles)
18:12:20 |    🎢→⚖️ 0G: C292 stands down — parabola BROKEN (range 10×ATR, 3.3 ATR off the day extreme): the 24h 'trend' already failed structurally; counter-trend entry re-enters the TURNING path [C299]
18:12:20 |    ⚡ 0G: 24h=+11.1% but 1h=+0.0% (TURNING) → penalty 22%
18:12:21 |    🎯 0G: target 2.8%→5.0% — regime TD persisting 0.86 on an earned ledger (acc 0.84); room-to-structure defers to the trend [C340]
18:12:21 |    ⚡ 0G: short opposes 1H REGIME SHOCK (UP-swing, 19min left) → blocked
18:12:21 |    ------------------------------------
18:12:21 |    🧬 FLOCK: breadth 5/6 → conviction 0.82 | cat=wild/W+0.91(regime) meanrev×0.60 | Sq=-0.04 fund=+0.005% OI=$1.3M CVD=-0.03 ofi=+0.22 book=-0.00
18:12:21 |    🧬 FLOCK: own-history vol 1.09% vs baseline 1.77% (×0.62) → coiled conviction ×1.01 [C286-2]
18:12:21 |    · FLOCK: news ~market score=+0.04 (no coin-specific articles)
18:12:22 |    💸 C467 fee floor: FLOCK expects 0.02R of reward against a 0.04R round trip — it cannot pay its own fees 1.25x over. This is the one hard veto here that contains no forecast [throttled 10min]
18:12:22 |    ------------------------------------
18:12:22 |    🧬 ATOM: breadth 3/5 → conviction 0.56 | cat=l1/W-0.19(member) trend×1.33 | Sq=-0.05 fund=+0.008% OI=$6.7M CVD=+0.27 ofi=-0.40 book=-0.10
18:12:22 |    · ATOM: news ~market score=+0.04 (no coin-specific articles)
18:12:22 |    🎢 ATOM: long BLOCKED — broken-parabola bounce (day range 12×ATR, 4.7 ATR below the day high) → post-blow-off distribution risk
18:12:22 |       ⚖️ parabola → score ×0.82 (penalty, not a veto — must still clear the bar) [C403]
18:12:22 |    ⚡ ATOM: projection 0.46% modest + MA-fan compressing (ma_fan=-0.02) → penalty 20%
18:12:22 |    ☁️ ATOM: ichimoku B- persisting 0.91 AGAINST the long → score ×0.96 (earned ledger) [C343]
18:12:22 | ⚖️ ATOM: long vs R=-0.52 ALLOWED — C264 term-structure inverted (β̂=+0.50, trend stale) → with-derivative, penalty 15% not block
18:12:22 |    🚫 ATOM: counter-trend BLOCK — dir long vs market R=-0.23 AND orderliness 0.12<0.33 (noisy). Long-into-trend is ~45%% barrier-win; no orderliness to justify it [C386]
18:12:23 |    ------------------------------------
18:12:23 |    🧬 MAGMA: breadth 4/6 → conviction 0.80 | cat=wild/W+0.73(regime) meanrev×0.60 | Sq=-0.07 fund=+0.008% OI=$2.7M CVD=+0.56 ofi=-0.29 book=+0.14
18:12:23 |    🧬 MAGMA: own-history vol 1.06% vs baseline 1.68% (×0.63) → coiled conviction ×1.01 [C286-2]
18:12:23 |    · MAGMA: news ~market score=+0.04 (no coin-specific articles)
18:12:23 |    🛑 MAGMA: LONG at RSI 74 (overbought, stretched) → brake 10%
18:12:23 |    ☁️ MAGMA: ichimoku A+ persisting 0.78 WITH the long → score ×1.02 (earned ledger) [C343]
18:12:23 | ⚖️ MAGMA: long vs R=-0.52 ALLOWED — C264 term-structure inverted (β̂=+0.50, trend stale) → with-derivative, penalty 15% not block
18:12:23 |    🚫 MAGMA: counter-trend BLOCK — dir long vs market R=-0.23 AND orderliness 0.06<0.33 (noisy). Long-into-trend is ~45%% barrier-win; no orderliness to justify it [C386]
18:12:24 |    ------------------------------------
18:12:24 |    🧬 PROM: breadth 4/5 → conviction 0.80 | cat=wild/W+0.88(regime) meanrev×0.60 | Sq=-0.12 fund=+0.016% OI=$4.5M CVD=+0.28 ofi=-0.19 book=+0.06
18:12:24 |    · PROM: news ~market score=+0.04 (no coin-specific articles)
18:12:24 |    🚫 PROM: short vs 24h=+11.7% — 1h flat but PROJECTION +0.28 confirms the trend CONTINUES (not turning) → counter-trend blocked [C292]
18:12:24 |    ------------------------------------
18:12:24 |    🧬 GRVT: breadth 5/6 → conviction 0.85 | cat=calm/W-0.41(regime) trend×1.22 | Sq=-0.05 fund=+0.007% OI=$0.7M CVD=-0.46 ofi=-0.05
18:12:24 |    · GRVT: news ~market score=+0.04 (no coin-specific articles)
18:12:25 |    ☁️ GRVT: ichimoku A+ persisting 0.78 WITH the long → score ×1.02 (earned ledger) [C343]
18:12:25 | ⚖️ GRVT: long vs R=-0.52 ALLOWED — C264 term-structure inverted (β̂=+0.50, trend stale) → with-derivative, penalty 15% not block
18:12:25 |    🚫 GRVT: counter-trend BLOCK — dir long vs market R=-0.23 AND orderliness 0.11<0.33 (noisy). Long-into-trend is ~45%% barrier-win; no orderliness to justify it [C386]
18:12:25 | 📊 Step 3 result: 14 analyzed (+56 cached this 15m candle) → 0 passed | regime_blip=14, corr_cap=21, ct_noisy_block=23, flat_projection=2, news_tech_conflict=1, h1_regime_shock=4, proj_confirms_trend=2, capitulation=1, no_structural_room=1, fee_floor=1
18:12:25 |    📌 Nearest miss: 0G score=0.558 conf=0.570 quality=0.318/0.26 reason=h1_regime_shock
18:12:25 |    📊 Top signals: rsi_v=+45.05 | kalma=-0.99 | perm_=+0.94 | vwdi=-0.80 | rqa_d=+0.78 | hurst=+0.63
18:12:25 |    🎯 Dir: short | Agreement: 16/31 (52%)
18:12:42 |    🛡 C373: AVAX capture held — +0.09% is 0.04R, floor 48.00% (1.0R); 23/120min into horizon [throttled 5min]
18:13:35 |    🛡 C373: 牛来 capture held — +0.07% is 0.03R, floor 48.00% (1.0R); 36/120min into horizon [throttled 5min]
18:16:26 | ⚡ FLASH: KERNEL Δ=+0.25% DRI=-0.051
18:16:40 | ⚡ FLASH: AVAX Δ=+0.31% DRI=-0.039
18:17:26 | 📋 STEP 1: Using cached 70 pairs (334s old, refresh at 480s)
18:17:26 | ━━━━━━━━━━━━━━━━━━━━━━━━━━━━━━━━━━━━━━━━━━━━━━━━━━
18:17:26 | 📋 STEP 2: MARKET ANALYSIS — News, Bias, Coherence
18:17:26 | ━━━━━━━━━━━━━━━━━━━━━━━━━━━━━━━━━━━━━━━━━━━━━━━━━━
18:17:27 |    🌍 C270 macro: NDX/SPX z=+0.49 gold z=-0.49 tone x1.00 sess w=0.98 -> tilt +0.048 | R -0.55->-0.51
18:17:27 | ✅ C79 RESULTANT: 1h=+0.07 4h=-0.69 12h=-0.62 R=-0.51 mag=0.51
18:17:27 | 🌗 C264 MTS INVERTED: β̂=+0.57 — momentum decays toward present (1h weakest); with-R entries damped, counter-R block relaxes
18:17:27 | 📰 News: 65 articles | 🔵 +0.43
18:17:27 | 📈 Market: 🔻BEARISH (blend=-0.22 R=-0.51) | 1h=+0.07 4h=-0.69 12h=-0.62 align=+0.11 macro=✓
18:17:27 | 📊 Regime: TRENDING (0.58) | DFA=0.62 Ent=0.89 GARCH=0.0015
18:17:27 | 🎲 RegimeMarkov: state=TD → next most-likely TD (P=0.86, persist=0.86, conf=0.83, n=249) | calib[1144]: acc=0.84 brier=0.056
18:17:27 | 🎲 PairMarkov: calib[19417]: acc=1.00 brier=0.000 (baseline 0.160)
18:17:27 | 🎲 FamilyMarkov: calib[2162/120]: acc=1.00 brier=0.005 (base 0.020) skill=+76.1% [need +5%] EARNED [C342]
18:17:27 | 🎲 IchiMarkov: calib[19203/200]: acc=0.83 brier=0.128 (base 0.153) skill=+16.2% [need +5%] EARNED [C343]
18:17:27 | 🧮 S3-EV: calib[119]: acc=0.33 brier=0.332 (baseline 0.250)
18:17:27 | 🌊 Market coherence: 72% long (39↑ vs 15↓)
18:17:28 | 💰 Taker flow: 🔻 -0.15 (BTC=-0.25 ETH=-0.05)
18:17:28 | ━━━━━━━━━━━━━━━━━━━━━━━━━━━━━━━━━━━━━━━━━━━━━━━━━━
18:17:28 | 📋 STEP 3: PREDICTIVE ANALYSIS — Scoring each pair
18:17:28 | ━━━━━━━━━━━━━━━━━━━━━━━━━━━━━━━━━━━━━━━━━━━━━━━━━━
18:17:47 |    📚 PairProfiles: 429 pairs in persistent baseline (147/147 mature this scan)
18:17:47 |    ------------------------------------
18:17:47 |    🧬 BTC: breadth 2/5 → conviction 0.46 | cat=majors/W-0.99(member) trend×1.37 | Sq=-0.03 fund=+0.004% OI=$2977.5M CVD=+0.60 ofi=-0.03 OIdiv=+0.13 book=-0.19
18:17:47 |    📰 BTC: news long sig=0.50 score=+0.06
18:17:47 |    🎯 BTC: target 0.2%→0.6% — regime TD persisting 0.86 on an earned ledger (acc 0.84); room-to-structure defers to the trend [C340]
18:17:47 |    ⚡ BTC: short opposes 1H REGIME SHOCK (UP-swing, 13min left) → blocked
18:17:48 |    ------------------------------------
18:17:48 |    🧬 ETH: breadth 4/6 → conviction 0.64 | cat=majors/W-0.99(member) trend×1.37 | Sq=-0.04 fund=+0.006% OI=$2115.2M CVD=-0.28 ofi=+0.11 OIdiv=+0.18 book=-0.09
18:17:48 |    📰 ETH: news long sig=0.50 score=+0.10
18:17:48 |    🛑 ETH: long opposes the latched DOWN-trend (R was -0.66 0min ago; now -0.66, 4h -0.81) — one weak print is a blip, not a turn [C339]
18:17:48 |    ------------------------------------
18:17:48 |    🧬 XRP: breadth 4/6 → conviction 0.49 | cat=l1/W-0.98(member) trend×1.38 | Sq=-0.06 fund=+0.010% OI=$277.5M CVD=+0.60 ofi=-0.17 OIdiv=-0.51 book=-0.20
18:17:48 |    · XRP: news ~market score=+0.04 (no coin-specific articles)
18:17:48 |    🛑 XRP: SHORT at RSI 22 (oversold, stretched) → brake 18%
18:17:48 |    🎢→✅ XRP: parabola RESOLVED (bounce age 33c, unwound 8.9 ATR) → short allowed, penalty 15%
18:17:48 |    🎯 XRP: target 1.0%→1.8% — regime TD persisting 0.86 on an earned ledger (acc 0.84); room-to-structure defers to the trend [C340]
18:17:48 |    ⚡ XRP: short opposes 1H REGIME SHOCK (UP-swing, 13min left) → blocked
18:17:49 |    ------------------------------------
18:17:49 |    🧬 ZEC: breadth 5/6 → conviction 0.84 | cat=privacy/W-0.81(member) trend×1.25 | Sq=-0.06 fund=+0.008% OI=$178.8M CVD=+0.35 ofi=-0.23 OIdiv=+0.45 book=+0.23
18:17:49 |    📰 ZEC: news long sig=0.50 score=+0.26
18:17:49 |    🎢→✅ ZEC: parabola RESOLVED (pullback age 2c, recovered 1.3 ATR, extreme re-touched) → long allowed, penalty 15%
18:17:49 |    ⚠️ ZEC: long into bearish rejection candle at RSI 58 (counter-signal) -> conviction x0.85
18:17:49 |    ⚡ ZEC: long wick rejection #1 → score×0.75
18:17:49 | ⚖️ ZEC: long vs R=-0.66 ALLOWED — C264 term-structure inverted (β̂=+0.57, trend stale) → with-derivative, penalty 15% not block
18:17:49 |    🚫 ZEC: counter-trend BLOCK — dir long vs market R=-0.22 AND orderliness 0.22<0.33 (noisy). Long-into-trend is ~45%% barrier-win; no orderliness to justify it [C386]
18:17:50 |    ------------------------------------
18:17:50 |    🧬 SOL: breadth 3/5 → conviction 0.47 | cat=solana_eco/W-0.56(member) trend×1.26 | Sq=-0.03 fund=+0.005% OI=$464.5M CVD=+0.28 ofi=+0.40 OIdiv=-0.06 book=+0.28
18:17:50 |    📄 SOL: news long sig=0.12 score=+0.12
18:17:50 |    🎯 SOL: target 0.4%→1.1% — regime TD persisting 0.86 on an earned ledger (acc 0.84); room-to-structure defers to the trend [C340]
18:17:50 |    ⚡ SOL: short opposes 1H REGIME SHOCK (UP-swing, 13min left) → blocked
18:17:50 |    ------------------------------------
18:17:50 |    🧬 BCH: breadth 3/5 → conviction 0.61 | cat=l1/W+0.01(member) trend×1.32 | Sq=-0.04 fund=+0.007% OI=$26.0M CVD=+0.22 ofi=+0.40 book=-0.20
18:17:50 |    🧬 BCH: own-history vol 1.98% vs baseline 0.69% (×2.89) → abnormal-wild conviction ×0.92 [C286-2]
18:17:50 |    📄 BCH: news long sig=0.10 score=+0.08
18:17:50 |    ⚡ BCH: 24h=+17.8% but 1h=+0.0% (TURNING) → penalty 30%
18:17:51 |    🎯 BCH: target 2.8%→5.4% — regime TD persisting 0.86 on an earned ledger (acc 0.84); room-to-structure defers to the trend [C340]
18:17:51 |    ⚡ BCH: short opposes 1H REGIME SHOCK (UP-swing, 13min left) → blocked
18:17:51 |    ------------------------------------
18:17:51 |    🧬 XAU: breadth 3/6 → conviction 0.58 | cat=calm/W-0.66(regime) trend×1.24 | Sq=-0.08 fund=+0.011% OI=$73.9M CVD=+0.34 ofi=+0.18 OIdiv=-0.52 book=+0.09
18:17:51 |    · XAU: news ~market score=+0.04 (no coin-specific articles)
18:17:51 |    ⚡ XAU: projection 0.26% modest + MA-fan compressing (ma_fan=-0.01) → penalty 20%
18:17:52 |    🛑 XAU: long opposes the latched DOWN-trend (R was -0.66 0min ago; now -0.66, 4h -0.81) — one weak print is a blip, not a turn [C339]
18:17:52 |    ------------------------------------
18:17:52 |    🧬 DOGE: breadth 4/6 → conviction 0.75 | cat=meme/W-0.21(member) meanrev×0.67 | Sq=-0.02 fund=+0.003% OI=$147.9M CVD=+0.27 ofi=+0.09 OIdiv=-0.04 book=-0.06
18:17:52 |    · DOGE: news ~market score=+0.04 (no coin-specific articles)
18:17:52 |    🧭 C439: earned chains put p at 0.20 against a base of 0.33 — they DISAGREE with this long → score ×0.969 (bounded, same treatment C342/C343 give a dissenting chain) [throttled 15min]
18:17:53 |    🛑 DOGE: long opposes the latched DOWN-trend (R was -0.66 0min ago; now -0.66, 4h -0.81) — one weak print is a blip, not a turn [C339]
18:17:53 |    ------------------------------------
18:17:53 |    🧬 NEAR: breadth 6/6 → conviction 1.00 | cat=ai/W+0.31(member) meanrev×0.62 | Sq=-0.06 fund=+0.010% OI=$80.2M CVD=+0.57 ofi=-0.02 OIdiv=+0.34 book=+0.05
18:17:53 |    🧬 NEAR: own-history vol 1.98% vs baseline 1.10% (×1.80) → abnormal-wild conviction ×0.99 [C286-2]
18:17:53 |    📰 NEAR: news long sig=0.30 score=+0.12
18:17:53 |    ☁️ NEAR: ichimoku A+ persisting 0.78 WITH the long → score ×1.02 (earned ledger) [C343]
18:17:53 |    ⚠️ NEAR: long into bearish rejection candle at RSI 61 (counter-signal) -> conviction x0.85
18:17:53 |    ⚡ NEAR: long wick rejection #1 → score×0.75
18:17:53 | ⚖️ NEAR: long vs R=-0.66 ALLOWED — C264 term-structure inverted (β̂=+0.57, trend stale) → with-derivative, penalty 15% not block
18:17:53 |    🚫 NEAR: counter-trend BLOCK — dir long vs market R=-0.22 AND orderliness 0.13<0.33 (noisy). Long-into-trend is ~45%% barrier-win; no orderliness to justify it [C386]
18:17:54 |    ------------------------------------
18:17:54 |    🧬 HYPE: breadth 4/5 → conviction 0.79 | cat=defi/W-0.42(member) trend×1.32 | Sq=-0.00 fund=+0.001% OI=$225.8M CVD=+0.03 ofi=+0.14 OIdiv=+0.12 book=-0.18
18:17:54 |    🩸 C398 capitulation tilt: 0.15 ATR off its own 12h low → short score ×0.940 [+4.67pp measured, down-side only by design]
18:17:54 |    📄 HYPE: news long sig=0.12 score=+0.04
18:17:54 |    🛑 HYPE: SHORT at RSI 24 (oversold, stretched) → brake 13%
18:17:54 |    🎢→✅ HYPE: parabola RESOLVED (bounce age 30c, unwound 7.2 ATR) → short allowed, penalty 15%
18:17:54 |    🛑 HYPE: short structural exhaustion (3% room) → blocked
18:17:55 |    ------------------------------------
18:17:55 |    🧬 PEPE: breadth 2/6 → conviction 0.46 | cat=meme/W+0.15(member) meanrev×0.61 | Sq=-0.08 fund=+0.012% OI=$39.7M CVD=-0.28 ofi=-0.06 OIdiv=+0.60 book=+0.28
18:17:55 |    📰 PEPE: news neutral sig=0.50 score=+0.08
18:17:55 |    🎢→✅ PEPE: parabola RESOLVED (bounce age 1c, unwound 0.6 ATR, extreme re-touched) → short allowed, penalty 15%
18:17:55 |    🎯 PEPE: target 2.4%→3.0% — regime TD persisting 0.86 on an earned ledger (acc 0.84); room-to-structure defers to the trend [C340]
18:17:55 |    ⚡ PEPE: short opposes 1H REGIME SHOCK (UP-swing, 13min left) → blocked
18:17:56 |    ------------------------------------
18:17:56 |    🧬 CL: breadth 4/5 → conviction 0.71 | cat=calm/W-0.62(regime) trend×1.24 | Sq=+0.01 fund=-0.001% OI=$36.4M CVD=-0.59 ofi=+0.30 OIdiv=+0.51 book=-0.25
18:17:56 |    · CL: news ~market score=+0.04 (no coin-specific articles)
18:17:56 |    🎢→✅ CL: parabola RESOLVED (pullback age 68c, recovered 6.3 ATR) → long allowed, penalty 15%
18:17:56 |    ⚡ CL: projection 0.28% modest + MA-fan compressing (ma_fan=+0.11) → penalty 20%
18:17:56 |    🛑 CL: long structural exhaustion (2% room) → blocked
18:17:57 |    ------------------------------------
18:17:57 |    🧬 XAG: breadth 4/5 → conviction 0.73 | cat=calm/W-0.51(regime) trend×1.23 | Sq=-0.10 fund=+0.014% OI=$24.2M CVD=+0.11 ofi=-0.14 OIdiv=-0.13 book=+0.10
18:17:57 |    · XAG: news ~market score=+0.04 (no coin-specific articles)
18:17:57 |    🎯 XAG: target 0.3%→0.7% — regime TD persisting 0.86 on an earned ledger (acc 0.84); room-to-structure defers to the trend [C340]
18:17:57 |    ⚡ XAG: short opposes 1H REGIME SHOCK (UP-swing, 13min left) → blocked
18:17:58 |    ------------------------------------
18:17:58 |    🧬 ADA: breadth 4/6 → conviction 0.59 | cat=l1/W-0.28(member) trend×1.34 | Sq=-0.07 fund=+0.010% OI=$67.0M CVD=-0.25 ofi=-0.11 OIdiv=-0.24 book=+0.13
18:17:58 |    · ADA: news ~market score=+0.04 (no coin-specific articles)
18:17:58 |    🎢→✅ ADA: parabola RESOLVED (bounce age 32c, unwound 6.2 ATR) → short allowed, penalty 15%
18:17:58 |    🎯 ADA: target 0.8%→2.2% — regime TD persisting 0.86 on an earned ledger (acc 0.84); room-to-structure defers to the trend [C340]
18:17:58 |    ⚡ ADA: short opposes 1H REGIME SHOCK (UP-swing, 13min left) → blocked
18:17:58 |    ------------------------------------
18:17:58 |    🧬 SUI: breadth 4/5 → conviction 0.76 | cat=l1/W-0.23(member) trend×1.33 | Sq=-0.04 fund=+0.007% OI=$66.4M CVD=+0.19 ofi=-0.05 OIdiv=-0.01 book=-0.11
18:17:58 |    · SUI: news ~market score=+0.04 (no coin-specific articles)
18:17:58 |    ⚡ SUI: projection 0.60% modest + MA-fan compressing (ma_fan=-0.02) → penalty 20%
18:17:58 |    🛑 SUI: long opposes the latched DOWN-trend (R was -0.66 0min ago; now -0.66, 4h -0.81) — one weak print is a blip, not a turn [C339]
18:17:59 |    ------------------------------------
18:17:59 |    🧬 NIL: breadth 6/6 → conviction 1.00 | cat=wild/W+0.81(regime) meanrev×0.60 | Sq=-0.03 fund=+0.005% OI=$3.1M CVD=+0.54 ofi=+0.24 book=+0.10
18:17:59 |    · NIL: news ~market score=+0.04 (no coin-specific articles)
18:17:59 |    🎢 NIL: long BLOCKED — broken-parabola bounce (day range 20×ATR, 6.2 ATR below the day high) → post-blow-off distribution risk
18:17:59 |       ⚖️ parabola → score ×0.82 (penalty, not a veto — must still clear the bar) [C403]
18:18:00 |    ☁️ NIL: ichimoku B- persisting 0.91 AGAINST the long → score ×0.96 (earned ledger) [C343]
18:18:00 | ⚖️ NIL: long vs R=-0.66 ALLOWED — C264 term-structure inverted (β̂=+0.57, trend stale) → with-derivative, penalty 15% not block
18:18:00 |    🚫 NIL: counter-trend BLOCK — dir long vs market R=-0.22 AND orderliness 0.18<0.33 (noisy). Long-into-trend is ~45%% barrier-win; no orderliness to justify it [C386]
18:18:00 |    ------------------------------------
18:18:00 |    🧬 ENA: breadth 5/6 → conviction 0.88 | cat=defi/W-0.09(member) trend×1.30 | Sq=-0.01 fund=+0.002% OI=$47.3M CVD=+0.29 ofi=-0.31 OIdiv=+0.58 book=+0.12
18:18:00 |    📄 ENA: news long sig=0.12 score=+0.04
18:18:01 |    🛑 ENA: long opposes the latched DOWN-trend (R was -0.66 0min ago; now -0.66, 4h -0.81) — one weak print is a blip, not a turn [C339]
18:18:02 |    ------------------------------------
18:18:02 |    🧬 APT: breadth 5/6 → conviction 0.82 | cat=l1/W-0.20(member) trend×1.33 | Sq=-0.06 fund=+0.010% OI=$9.0M CVD=-0.60 ofi=-0.04 book=-0.27
18:18:02 |    · APT: news ~market score=+0.04 (no coin-specific articles)
18:18:02 |    🎢 APT: long BLOCKED — broken-parabola bounce (day range 12×ATR, 1.8 ATR below the day high) → post-blow-off distribution risk
18:18:02 |       ⚖️ parabola → score ×0.82 (penalty, not a veto — must still clear the bar) [C403]
18:18:03 |    ⚠️ APT: long into bearish rejection candle at RSI 63 (counter-signal) -> conviction x0.85
18:18:03 |    ⚡ APT: long wick rejection #1 → score×0.75
18:18:03 | ⚖️ APT: long vs R=-0.66 ALLOWED — C264 term-structure inverted (β̂=+0.57, trend stale) → with-derivative, penalty 15% not block
18:18:03 |    🚫 APT: counter-trend BLOCK — dir long vs market R=-0.22 AND orderliness 0.19<0.33 (noisy). Long-into-trend is ~45%% barrier-win; no orderliness to justify it [C386]
18:18:04 |    ------------------------------------
18:18:04 |    🧬 PENGU: breadth 4/6 → conviction 0.64 | cat=wild/W+0.59(regime) meanrev×0.63 | Sq=-0.03 fund=+0.005% OI=$8.8M CVD=-0.09 ofi=-0.15 book=-0.29
18:18:04 |    · PENGU: news ~market score=+0.04 (no coin-specific articles)
18:18:04 |    ⚡ PENGU: 24h=+12.6% but 1h=+0.0% (TURNING) → penalty 25%
18:18:04 |    🛑 PENGU: SHORT at RSI 21 (oversold, stretched) → brake 19%
18:18:05 |    ------------------------------------
18:18:05 |    🧬 LINK: breadth 4/5 → conviction 0.86 | cat=defi/W-0.67(member) trend×1.33 | Sq=-0.06 fund=+0.010% OI=$54.2M CVD=-0.60 ofi=-0.07 OIdiv=+0.17 book=-0.26
18:18:05 |    📄 LINK: news long sig=0.12 score=+0.04
18:18:05 |    🎯 LINK: target 0.4%→1.8% — regime TD persisting 0.86 on an earned ledger (acc 0.84); room-to-structure defers to the trend [C340]
18:18:05 |    ⚡ LINK: short opposes 1H REGIME SHOCK (UP-swing, 13min left) → blocked
18:18:06 |    ------------------------------------
18:18:06 |    🧬 BZ: breadth 3/5 → conviction 0.66 | cat=calm/W-0.56(regime) trend×1.23 | Sq=+0.00 fund=-0.001% OI=$28.2M CVD=+0.17 ofi=+0.06 OIdiv=+0.11 book=+0.15
18:18:06 |    · BZ: news ~market score=+0.04 (no coin-specific articles)
18:18:06 |    🛑 BZ: long target 0.1% too small + room 7% → blocked
18:18:07 |    ------------------------------------
18:18:07 |    🧬 AVAX: breadth 6/6 → conviction 1.00 | cat=l1/W-0.25(member) trend×1.34 | Sq=-0.04 fund=+0.006% OI=$31.4M CVD=+0.57 ofi=-0.27 book=+0.27
18:18:07 |    🧬 AVAX: own-history vol 1.28% vs baseline 0.69% (×1.86) → abnormal-wild conviction ×0.98 [C286-2]
18:18:07 |    · AVAX: news ~market score=+0.04 (no coin-specific articles)
18:18:07 |    🛑 AVAX: short structural exhaustion (4% room) → blocked
18:18:07 |    🔓 C382 OVERRIDE AVAX: no_structural_room waived — score 0.997 conf 0.697 clear the bar, and that gate family was refuted at 158k observations (3 this session)
18:18:07 |    🎯 AVAX: target 1.9%→3.5% — regime TD persisting 0.86 on an earned ledger (acc 0.84); room-to-structure defers to the trend [C340]
18:18:07 |    ⚡ AVAX: short opposes 1H REGIME SHOCK (UP-swing, 13min left) → blocked
18:18:08 |    ------------------------------------
18:18:08 |    🧬 TAO: breadth 4/6 → conviction 0.62 | cat=ai/W-0.28(member) trend×1.28 | Sq=-0.03 fund=+0.005% OI=$35.3M CVD=-0.28 ofi=+0.15 OIdiv=+0.60 book=+0.28
18:18:08 |    📄 TAO: news long sig=0.12 score=+0.10
18:18:08 |    🛑 TAO: long opposes the latched DOWN-trend (R was -0.66 1min ago; now -0.66, 4h -0.81) — one weak print is a blip, not a turn [C339]
18:18:09 |    ------------------------------------
18:18:09 |    🧬 LTC: breadth 3/5 → conviction 0.58 | cat=l1/W-0.40(member) trend×1.35 | Sq=-0.07 fund=+0.010% OI=$31.2M CVD=-0.29 ofi=-0.36 OIdiv=-0.60 book=+0.25
18:18:09 |    · LTC: news ~market score=+0.04 (no coin-specific articles)
18:18:09 |    🎢→✅ LTC: parabola RESOLVED (bounce age 23c, unwound 5.4 ATR) → short allowed, penalty 15%
18:18:09 |    🎯 LTC: target 1.2%→2.1% — regime TD persisting 0.86 on an earned ledger (acc 0.84); room-to-structure defers to the trend [C340]
18:18:09 |    ⚡ LTC: short opposes 1H REGIME SHOCK (UP-swing, 13min left) → blocked
18:18:11 |    ------------------------------------
18:18:11 |    🧬 PONS: breadth 4/6 → conviction 0.71 | cat=wild/W+0.56(regime) meanrev×0.63 | Sq=-0.12 fund=+0.016% OI=$5.1M CVD=-0.34 ofi=-0.35 OIdiv=+0.17 book=+0.14
18:18:11 |    · PONS: news ~market score=+0.04 (no coin-specific articles)
18:18:11 |    🎢→✅ PONS: parabola RESOLVED (pullback age 15c, recovered 4.0 ATR) → long allowed, penalty 15%
18:18:11 |    ⚡ PONS: projection 0.64% modest + MA-fan compressing (ma_fan=+0.08) → penalty 20%
18:18:11 |    ☁️ PONS: ichimoku A+ persisting 0.78 WITH the long → score ×1.02 (earned ledger) [C343]
18:18:11 |    ⚠️ PONS: long into bearish rejection candle at RSI 63 (counter-signal) -> conviction x0.85
18:18:11 |    ⚡ PONS: long wick rejection #1 → score×0.75
18:18:11 | ⚖️ PONS: long vs R=-0.66 ALLOWED — C264 term-structure inverted (β̂=+0.57, trend stale) → with-derivative, penalty 15% not block
18:18:11 |    🚫 PONS: counter-trend BLOCK — dir long vs market R=-0.22 AND orderliness 0.07<0.33 (noisy). Long-into-trend is ~45%% barrier-win; no orderliness to justify it [C386]
18:18:12 |    ------------------------------------
18:18:12 |    🧬 ZRO: breadth 5/6 → conviction 0.88 | cat=l2/W+0.87(member) meanrev×0.60 | Sq=-0.03 fund=+0.005% OI=$3.6M CVD=+0.38 ofi=+0.21 OIdiv=-0.09 book=+0.16
18:18:12 |    · ZRO: news ~market score=+0.04 (no coin-specific articles)
18:18:13 |    ☁️ ZRO: ichimoku A+ persisting 0.78 WITH the long → score ×1.02 (earned ledger) [C343]
18:18:13 | ⚖️ ZRO: long vs R=-0.66 ALLOWED — C264 term-structure inverted (β̂=+0.57, trend stale) → with-derivative, penalty 15% not block
18:18:13 |    🚫 ZRO: counter-trend BLOCK — dir long vs market R=-0.22 AND orderliness 0.15<0.33 (noisy). Long-into-trend is ~45%% barrier-win; no orderliness to justify it [C386]
18:18:13 |    ------------------------------------
18:18:13 |    🧬 BNB: breadth 3/5 → conviction 0.52 | cat=majors/W-0.66(member) trend×1.35 | Sq=-0.06 fund=+0.009% OI=$75.2M CVD=-0.14 ofi=-0.22 book=+0.28
18:18:13 |    📄 BNB: news long sig=0.12 score=+0.07
18:18:13 |    🛑 BNB: long opposes the latched DOWN-trend (R was -0.66 1min ago; now -0.66, 4h -0.81) — one weak print is a blip, not a turn [C339]
18:18:14 |    ------------------------------------
18:18:14 |    🧬 ETC: breadth 5/6 → conviction 0.92 | cat=mid/W+0.16(regime) meanrev×0.72 | Sq=-0.07 fund=+0.010% OI=$10.3M CVD=-0.25 ofi=-0.02 OIdiv=+0.60 book=+0.29
18:18:14 |    · ETC: news ~market score=+0.04 (no coin-specific articles)
18:18:14 |    🎢 ETC: long BLOCKED — broken-parabola bounce (day range 10×ATR, 2.3 ATR below the day high) → post-blow-off distribution risk
18:18:14 |       ⚖️ parabola → score ×0.82 (penalty, not a veto — must still clear the bar) [C403]
18:18:14 | ⚖️ ETC: long vs R=-0.66 ALLOWED — C264 term-structure inverted (β̂=+0.57, trend stale) → with-derivative, penalty 15% not block
18:18:14 |    🚫 ETC: counter-trend BLOCK — dir long vs market R=-0.22 AND orderliness 0.06<0.33 (noisy). Long-into-trend is ~45%% barrier-win; no orderliness to justify it [C386]
18:18:15 |    ------------------------------------
18:18:15 |    🧬 ONE: breadth 4/6 → conviction 0.83 | cat=wild/W+1.00(regime) meanrev×0.60 | Sq=+0.95 fund=-0.223% OI=$1.8M CVD=-0.25 ofi=-0.09 OIdiv=+0.08 book=-0.25
18:18:15 |    📰 ONE: news long sig=0.30 score=+0.13
18:18:15 |    🎯 ONE: target 4.1%→8.9% — regime TD persisting 0.86 on an earned ledger (acc 0.84); room-to-structure defers to the trend [C340]
18:18:15 |    ⚡ ONE: short opposes 1H REGIME SHOCK (UP-swing, 13min left) → blocked
18:18:16 |    ------------------------------------
18:18:16 |    🧬 TRUMP: breadth 4/6 → conviction 0.61 | cat=meme/W-0.09(member) meanrev×0.65 | Sq=-0.03 fund=+0.004% OI=$15.8M CVD=-0.29 ofi=-0.11 book=-0.19
18:18:16 |    📄 TRUMP: news short sig=0.10 score=-0.03
18:18:16 |    🛑 TRUMP: SHORT at RSI 26 (oversold, stretched) → brake 9%
18:18:16 |    🎯 TRUMP: target 0.8%→2.5% — regime TD persisting 0.86 on an earned ledger (acc 0.84); room-to-structure defers to the trend [C340]
18:18:16 |    ⚡ TRUMP: short opposes 1H REGIME SHOCK (UP-swing, 13min left) → blocked
18:18:17 |    ------------------------------------
18:18:17 |    🧬 XLM: breadth 3/6 → conviction 0.32 | cat=l1/W-0.24(member) trend×1.34 | Sq=-0.07 fund=+0.010% OI=$26.7M CVD=+0.49 ofi=+0.10 OIdiv=-0.03 book=-0.28
18:18:17 |    · XLM: news ~market score=+0.04 (no coin-specific articles)
18:18:17 |    🛑 XLM: SHORT at RSI 22 (oversold, stretched) → brake 19%
18:18:17 |    🎢→✅ XLM: parabola RESOLVED (bounce age 31c, unwound 8.8 ATR) → short allowed, penalty 15%
18:18:17 |    🛑 XLM: short target 0.2% too small + room 6% → blocked
18:18:18 |    ------------------------------------
18:18:18 |    🧬 FIL: breadth 3/5 → conviction 0.46 | cat=depin/W-0.23(member) trend×1.29 | Sq=-0.04 fund=+0.007% OI=$11.3M CVD=-0.29 ofi=+0.13 OIdiv=-0.01 book=+0.08
18:18:18 |    · FIL: news ~market score=+0.04 (no coin-specific articles)
18:18:18 |    🎢 FIL: long BLOCKED — broken-parabola bounce (day range 9×ATR, 3.8 ATR below the day high) → post-blow-off distribution risk
18:18:18 |       ⚖️ parabola → score ×0.82 (penalty, not a veto — must still clear the bar) [C403]
18:18:18 |    ⚡ FIL: projection 0.48% modest + MA-fan compressing (ma_fan=-0.10) → penalty 20%
18:18:18 |    ☁️ FIL: ichimoku B- persisting 0.91 AGAINST the long → score ×0.96 (earned ledger) [C343]
18:18:18 |    ⚡ FIL: long wick rejection #1 → score×0.75
18:18:18 | ⚖️ FIL: long vs R=-0.66 ALLOWED — C264 term-structure inverted (β̂=+0.57, trend stale) → with-derivative, penalty 15% not block
18:18:18 |    🚫 FIL: counter-trend BLOCK — dir long vs market R=-0.22 AND orderliness 0.21<0.33 (noisy). Long-into-trend is ~45%% barrier-win; no orderliness to justify it [C386]
18:18:19 |    ------------------------------------
18:18:19 |    🧬 MET: breadth 3/6 → conviction 0.69 | cat=wild/W+0.96(regime) meanrev×0.60 | Sq=-0.03 fund=+0.005% OI=$1.3M CVD=+0.23 ofi=-0.04 book=+0.15
18:18:19 |    🧬 MET: own-history vol 3.91% vs baseline 1.36% (×2.89) → abnormal-wild conviction ×0.92 [C286-2]
18:18:19 |    · MET: news ~market score=+0.04 (no coin-specific articles)
18:18:19 |    🚫 MET: short vs 24h=+25.6% — 1h flat but PROJECTION +0.29 confirms the trend CONTINUES (not turning) → counter-trend blocked [C292]
18:18:20 |    ------------------------------------
18:18:20 |    🧬 COTI: breadth 6/6 → conviction 1.00 | cat=wild/W+0.50(regime) meanrev×0.65 | Sq=+0.97 fund=-0.264% OI=$4.0M CVD=-0.14 ofi=+0.00 book=-0.27
18:18:20 |    · COTI: news ~market score=+0.04 (no coin-specific articles)
18:18:20 |    ☁️ COTI: ichimoku A+ persisting 0.78 WITH the long → score ×1.02 (earned ledger) [C343]
18:18:20 | ⚖️ COTI: long vs R=-0.66 ALLOWED — C264 term-structure inverted (β̂=+0.57, trend stale) → with-derivative, penalty 15% not block
18:18:20 |    🚫 COTI: counter-trend BLOCK — dir long vs market R=-0.22 AND orderliness 0.07<0.33 (noisy). Long-into-trend is ~45%% barrier-win; no orderliness to justify it [C386]
18:18:20 |    ------------------------------------
18:18:20 |    🧬 PAXG: breadth 3/6 → conviction 0.59 | cat=calm/W-0.87(regime) trend×1.25 | Sq=-0.03 fund=+0.005% OI=$9.2M CVD=+0.11 ofi=-0.39 OIdiv=+0.02 book=+0.29
18:18:20 |    · PAXG: news ~market score=+0.04 (no coin-specific articles)
18:18:20 |    ⚡ PAXG: projection 0.26% modest + MA-fan compressing (ma_fan=-0.00) → penalty 20%
18:18:21 |    🛑 PAXG: long opposes the latched DOWN-trend (R was -0.66 1min ago; now -0.66, 4h -0.81) — one weak print is a blip, not a turn [C339]
18:18:22 |    ------------------------------------
18:18:22 |    🧬 WIF: breadth 3/6 → conviction 0.52 | cat=solana_eco/W+0.55(member) meanrev×0.60 | Sq=-0.03 fund=+0.005% OI=$7.5M CVD=-0.29 ofi=-0.17 OIdiv=-0.07 book=-0.25
18:18:22 |    📄 WIF: news long sig=0.12 score=+0.08
18:18:22 |    🎯 WIF: target 1.7%→3.1% — regime TD persisting 0.86 on an earned ledger (acc 0.84); room-to-structure defers to the trend [C340]
18:18:22 |    ⚡ WIF: short opposes 1H REGIME SHOCK (UP-swing, 13min left) → blocked
18:18:23 |    ------------------------------------
18:18:23 |    🧬 HBAR: breadth 5/6 → conviction 0.88 | cat=l1/W-0.25(member) trend×1.34 | Sq=-0.07 fund=+0.010% OI=$18.0M CVD=-0.23 ofi=+0.19 OIdiv=+0.06
18:18:23 |    · HBAR: news ~market score=+0.04 (no coin-specific articles)
18:18:23 |    🛑 HBAR: SHORT at RSI 17 (oversold, stretched) → brake 30%
18:18:23 |    🛑 HBAR: short structural exhaustion (1% room) → blocked
18:18:24 |    ------------------------------------
18:18:24 |    🧬 NATGAS: breadth 2/5 → conviction 0.44 | cat=calm/W-0.58(regime) trend×1.23 | Sq=-0.20 fund=+0.028% OI=$10.2M CVD=+0.15 ofi=+0.02 OIdiv=+0.21 book=-0.02
18:18:24 |    🧬 NATGAS: own-history vol 0.48% vs baseline 0.27% (×1.81) → abnormal-wild conviction ×0.99 [C286-2]
18:18:24 |    · NATGAS: news ~market score=+0.04 (no coin-specific articles)
18:18:24 |    🎢→✅ NATGAS: parabola RESOLVED (pullback age 0c, recovered 0.0 ATR, extreme re-touched) → long allowed, penalty 15%
18:18:25 | ⚖️ NATGAS: long vs R=-0.66 ALLOWED — C264 term-structure inverted (β̂=+0.57, trend stale) → with-derivative, penalty 15% not block
18:18:25 |    🚫 NATGAS: counter-trend BLOCK — dir long vs market R=-0.22 AND orderliness 0.29<0.33 (noisy). Long-into-trend is ~45%% barrier-win; no orderliness to justify it [C386]
18:18:26 |    ------------------------------------
18:18:26 |    🧬 XAUT: breadth 3/6 → conviction 0.58 | cat=calm/W-0.92(regime) trend×1.26 | Sq=+0.00 fund=-0.001% OI=$24.4M CVD=+0.24 ofi=-0.05 OIdiv=-0.26 book=+0.26
18:18:26 |    · XAUT: news ~market score=+0.04 (no coin-specific articles)
18:18:26 |    🛑 XAUT: long opposes the latched DOWN-trend (R was -0.66 1min ago; now -0.66, 4h -0.81) — one weak print is a blip, not a turn [C339]
18:18:26 |    ------------------------------------
18:18:26 |    🧬 LSK: breadth 3/6 → conviction 0.57 | cat=mid/W+0.12(regime) meanrev×0.73 | Sq=+0.35 fund=-0.044% OI=$2.3M CVD=+0.19 ofi=-0.03 OIdiv=-0.11 book=+0.08
18:18:26 |    · LSK: news ~market score=+0.04 (no coin-specific articles)
18:18:27 |    🎯 LSK: target 2.9%→4.9% — regime TD persisting 0.86 on an earned ledger (acc 0.84); room-to-structure defers to the trend [C340]
18:18:27 |    ⚡ LSK: short opposes 1H REGIME SHOCK (UP-swing, 13min left) → blocked
18:18:28 |    ------------------------------------
18:18:28 |    🧬 RENDER: breadth 3/6 → conviction 0.50 | cat=depin/W-0.27(member) trend×1.29 | Sq=-0.03 fund=+0.005% OI=$9.6M CVD=-0.60 ofi=+0.02 OIdiv=-0.26 book=-0.29
18:18:28 |    📄 RENDER: news long sig=0.12 score=+0.10
18:18:28 |    🎯 RENDER: target 1.1%→2.3% — regime TD persisting 0.86 on an earned ledger (acc 0.84); room-to-structure defers to the trend [C340]
18:18:28 |    ⚡ RENDER: short opposes 1H REGIME SHOCK (UP-swing, 13min left) → blocked
18:18:29 |    🛡 C373: AVAX capture held — +0.05% is 0.02R, floor 48.00% (1.0R); 29/120min into horizon [throttled 5min]
18:18:29 |    ------------------------------------
18:18:29 |    🧬 APE: breadth 5/6 → conviction 0.82 | cat=gaming/W+0.33(member) meanrev×0.75 | Sq=-0.07 fund=+0.010% OI=$2.3M CVD=-0.16 ofi=+0.03 OIdiv=+0.60 book=+0.15
18:18:29 |    · APE: news ~market score=+0.04 (no coin-specific articles)
18:18:29 |    🎢 APE: long BLOCKED — broken-parabola bounce (day range 14×ATR, 1.6 ATR below the day high) → post-blow-off distribution risk
18:18:29 |       ⚖️ parabola → score ×0.82 (penalty, not a veto — must still clear the bar) [C403]
18:18:30 |    ☁️ APE: ichimoku A+ persisting 0.78 WITH the long → score ×1.02 (earned ledger) [C343]
18:18:30 |    ⚠️ APE: long into bearish rejection candle at RSI 63 (counter-signal) -> conviction x0.85
18:18:30 |    🛑 APE: long CAPITULATION REJECTION (wick+vol) → blocked
18:18:30 |    ------------------------------------
18:18:30 |    🧬 ZETA: breadth 2/5 → conviction 0.40 | cat=mid/W-0.09(regime) meanrev×0.77 | Sq=-0.01 fund=+0.002% OI=$1.8M CVD=-0.08 ofi=+0.26 OIdiv=+0.60 book=+0.03
18:18:30 |    · ZETA: news ~market score=+0.04 (no coin-specific articles)
18:18:30 |    🎢→✅ ZETA: parabola RESOLVED (bounce age 0c, unwound 1.2 ATR, extreme re-touched) → short allowed, penalty 15%
18:18:30 |    🎯 ZETA: target 1.2%→2.1% — regime TD persisting 0.86 on an earned ledger (acc 0.84); room-to-structure defers to the trend [C340]
18:18:30 |    ⚡ ZETA: short opposes 1H REGIME SHOCK (UP-swing, 13min left) → blocked
18:18:31 |    ------------------------------------
18:18:31 |    🧬 FARTCOIN: breadth 4/6 → conviction 0.81 | cat=meme/W+0.55(member) meanrev×0.60 | Sq=-0.06 fund=+0.008% OI=$13.5M CVD=-0.43 ofi=+0.04 book=+0.19
18:18:31 |    · FARTCOIN: news ~market score=+0.04 (no coin-specific articles)
18:18:31 |    🛑 FARTCOIN: long opposes the latched DOWN-trend (R was -0.66 1min ago; now -0.66, 4h -0.81) — one weak print is a blip, not a turn [C339]
18:18:32 |    ------------------------------------
18:18:32 |    🧬 VIRTUAL: breadth 4/5 → conviction 0.78 | cat=ai/W-0.31(member) trend×1.28 | Sq=-0.04 fund=+0.005% OI=$6.9M CVD=-0.24 ofi=+0.12 book=+0.15
18:18:32 |    📄 VIRTUAL: news long sig=0.12 score=+0.10
18:18:32 |    🎢 VIRTUAL: long BLOCKED — broken-parabola bounce (day range 8×ATR, 2.3 ATR below the day high) → post-blow-off distribution risk
18:18:32 |       ⚖️ parabola → score ×0.82 (penalty, not a veto — must still clear the bar) [C403]
18:18:32 |    ⚡ VIRTUAL: long wick rejection #1 → score×0.75
18:18:32 | ⚖️ VIRTUAL: long vs R=-0.66 ALLOWED — C264 term-structure inverted (β̂=+0.57, trend stale) → with-derivative, penalty 15% not block
18:18:32 |    🚫 VIRTUAL: counter-trend BLOCK — dir long vs market R=-0.22 AND orderliness 0.23<0.33 (noisy). Long-into-trend is ~45%% barrier-win; no orderliness to justify it [C386]
18:18:33 |    ------------------------------------
18:18:33 |    🧬 KERNEL: breadth 3/6 → conviction 0.37 | cat=wild/W+0.80(regime) meanrev×0.60 | Sq=+0.98 fund=-0.725% OI=$0.9M CVD=+0.42 ofi=-0.38 OIdiv=+0.11
18:18:33 |    📄 KERNEL: news short sig=0.10 score=-0.08
18:18:33 |    🎢→✅ KERNEL: parabola RESOLVED (bounce age 36c, unwound 6.6 ATR) → short allowed, penalty 15%
18:18:33 |    🎯 KERNEL: target 0.9%→2.7% — regime TD persisting 0.86 on an earned ledger (acc 0.84); room-to-structure defers to the trend [C340]
18:18:33 |    ⚡ KERNEL: short opposes 1H REGIME SHOCK (UP-swing, 13min left) → blocked
18:18:34 |    ------------------------------------
18:18:34 |    🧬 XMR: breadth 3/6 → conviction 0.62 | cat=privacy/W-0.71(member) trend×1.24 | Sq=-0.36 fund=+0.052% OI=$8.8M CVD=+0.29 ofi=-0.00 OIdiv=+0.14 book=-0.28
18:18:34 |    📄 XMR: news long sig=0.12 score=+0.08
18:18:34 |    🎢→✅ XMR: parabola RESOLVED (bounce age 0c, unwound 0.4 ATR, extreme re-touched) → short allowed, penalty 15%
18:18:34 |    🎯 XMR: target 1.5%→1.6% — regime TD persisting 0.86 on an earned ledger (acc 0.84); room-to-structure defers to the trend [C340]
18:18:34 |    ⚡ XMR: short opposes 1H REGIME SHOCK (UP-swing, 13min left) → blocked
18:18:35 |    ------------------------------------
18:18:35 |    🧬 BGB: breadth 3/5 → conviction 0.64 | cat=calm/W-0.68(regime) trend×1.24 | Sq=-0.06 fund=+0.010% OI=$23.9M CVD=+0.06 ofi=+0.09 OIdiv=+0.58 book=-0.23
18:18:35 |    · BGB: news ~market score=+0.04 (no coin-specific articles)
18:18:35 |    🛑 BGB: SHORT at RSI 21 (oversold, stretched) → brake 19%
18:18:35 |    🎢→✅ BGB: parabola RESOLVED (bounce age 0c, unwound 0.3 ATR, extreme re-touched) → short allowed, penalty 15%
18:18:35 |    🎯 BGB: target 0.6%→1.0% — regime TD persisting 0.86 on an earned ledger (acc 0.84); room-to-structure defers to the trend [C340]
18:18:35 |    ⚡ BGB: short opposes 1H REGIME SHOCK (UP-swing, 13min left) → blocked
18:18:35 |    ------------------------------------
18:18:35 |    🧬 SKY: breadth 5/6 → conviction 0.88 | cat=defi/W-0.34(member) trend×1.31 | Sq=-0.03 fund=+0.005% OI=$3.0M CVD=+0.52 ofi=+0.40 book=-0.03
18:18:35 |    🧬 SKY: own-history vol 1.31% vs baseline 0.65% (×2.03) → abnormal-wild conviction ×0.97 [C286-2]
18:18:36 |    📄 SKY: news long sig=0.12 score=+0.04
18:18:36 |    🎢 SKY: long BLOCKED — broken-parabola bounce (day range 10×ATR, 1.9 ATR below the day high) → post-blow-off distribution risk
18:18:36 |       ⚖️ parabola → score ×0.82 (penalty, not a veto — must still clear the bar) [C403]
18:18:36 | ⚖️ SKY: long vs R=-0.66 ALLOWED — C264 term-structure inverted (β̂=+0.57, trend stale) → with-derivative, penalty 15% not block
18:18:36 |    🚫 SKY: counter-trend BLOCK — dir long vs market R=-0.22 AND orderliness 0.18<0.33 (noisy). Long-into-trend is ~45%% barrier-win; no orderliness to justify it [C386]
18:18:36 |    ------------------------------------
18:18:36 |    🧬 FIGHT: breadth 5/6 → conviction 0.84 | cat=wild/W+1.00(regime) meanrev×0.60 | Sq=-0.61 fund=+0.095% OI=$1.7M CVD=+0.35 ofi=+0.12 OIdiv=+0.23 book=+0.00
18:18:36 |    🧬 FIGHT: own-history vol 5.02% vs baseline 1.29% (×3.90) → abnormal-wild conviction ×0.90 [C286-2]
18:18:36 |    · FIGHT: news ~market score=+0.04 (no coin-specific articles)
18:18:36 |    🎢→✅ FIGHT: parabola RESOLVED (pullback age 0c, recovered 0.2 ATR, extreme re-touched) → long allowed, penalty 15%
18:18:37 |    ☁️ FIGHT: ichimoku A+ persisting 0.78 WITH the long → score ×1.02 (earned ledger) [C343]
18:18:37 | ⚖️ FIGHT: long vs R=-0.66 ALLOWED — C264 term-structure inverted (β̂=+0.57, trend stale) → with-derivative, penalty 15% not block
18:18:37 |    🚫 FIGHT: counter-trend BLOCK — dir long vs market R=-0.22 AND orderliness 0.30<0.33 (noisy). Long-into-trend is ~45%% barrier-win; no orderliness to justify it [C386]
18:18:37 |    ------------------------------------
18:18:37 |    🧬 ICP: breadth 4/6 → conviction 0.70 | cat=l1/W-0.15(member) trend×1.33 | Sq=-0.07 fund=+0.010% OI=$8.0M CVD=-0.06 ofi=-0.01 OIdiv=+0.32 book=+0.16
18:18:37 |    🧬 ICP: own-history vol 1.23% vs baseline 0.72% (×1.70) → abnormal-wild conviction ×0.99 [C286-2]
18:18:37 |    · ICP: news ~market score=+0.04 (no coin-specific articles)
18:18:38 |    🎯 ICP: target 2.1%→3.3% — regime TD persisting 0.86 on an earned ledger (acc 0.84); room-to-structure defers to the trend [C340]
18:18:38 |    ⚡ ICP: short opposes 1H REGIME SHOCK (UP-swing, 13min left) → blocked
18:18:38 |    ------------------------------------
18:18:38 |    🧬 SENT: breadth 5/5 → conviction 1.00 | cat=wild/W+0.46(regime) meanrev×0.66 | Sq=-0.03 fund=+0.005% OI=$1.3M CVD=-0.25 ofi=-0.23 book=+0.05
18:18:38 |    🧬 SENT: own-history vol 1.51% vs baseline 0.86% (×1.75) → abnormal-wild conviction ×0.99 [C286-2]
18:18:38 |    · SENT: news ~market score=+0.04 (no coin-specific articles)
18:18:39 | ⚖️ SENT: long vs R=-0.66 ALLOWED — C264 term-structure inverted (β̂=+0.57, trend stale) → with-derivative, penalty 15% not block
18:18:39 |    🚫 SENT: counter-trend BLOCK — dir long vs market R=-0.22 AND orderliness 0.23<0.33 (noisy). Long-into-trend is ~45%% barrier-win; no orderliness to justify it [C386]
18:18:39 |    ------------------------------------
18:18:39 |    🧬 GRT: breadth 5/6 → conviction 0.79 | cat=ai/W-0.27(member) trend×1.28 | Sq=-0.05 fund=+0.008% OI=$2.8M CVD=+0.46 ofi=-0.11 book=-0.17
18:18:39 |    📄 GRT: news long sig=0.12 score=+0.10
18:18:39 |    ☁️ GRT: ichimoku A+ persisting 0.78 WITH the long → score ×1.02 (earned ledger) [C343]
18:18:39 |    ⚡ GRT: long wick rejection #2 → score×0.75
18:18:39 | ⚖️ GRT: long vs R=-0.66 ALLOWED — C264 term-structure inverted (β̂=+0.57, trend stale) → with-derivative, penalty 15% not block
18:18:39 |    🚫 GRT: counter-trend BLOCK — dir long vs market R=-0.22 AND orderliness 0.18<0.33 (noisy). Long-into-trend is ~45%% barrier-win; no orderliness to justify it [C386]
18:18:40 |    ------------------------------------
18:18:40 |    🧬 RAY: breadth 2/5 → conviction 0.35 | cat=solana_eco/W+0.24(member) meanrev×0.62 | Sq=-0.03 fund=+0.005% OI=$2.9M CVD=-0.28 ofi=+0.05 OIdiv=-0.07 book=+0.22
18:18:40 |    📄 RAY: news long sig=0.12 score=+0.04
18:18:40 |    🛑 RAY: LONG at RSI 77 (overbought, stretched) → brake 15%
18:18:40 |    🎢→✅ RAY: parabola RESOLVED (pullback age 0c, recovered 0.3 ATR, extreme re-touched) → long allowed, penalty 15%
18:18:40 |    ☁️ RAY: ichimoku A+ persisting 0.78 WITH the long → score ×1.02 (earned ledger) [C343]
18:18:40 | ⚖️ RAY: long vs R=-0.66 ALLOWED — C264 term-structure inverted (β̂=+0.57, trend stale) → with-derivative, penalty 15% not block
18:18:40 |    🚫 RAY: counter-trend BLOCK — dir long vs market R=-0.22 AND orderliness 0.17<0.33 (noisy). Long-into-trend is ~45%% barrier-win; no orderliness to justify it [C386]
18:18:41 |    ------------------------------------
18:18:41 |    🧬 BEAT: breadth 4/6 → conviction 0.78 | cat=mid/W-0.02(regime) meanrev×0.76 | Sq=-0.08 fund=+0.011% OI=$1.4M CVD=-0.18 ofi=-0.00 OIdiv=+0.03 book=+0.00
18:18:41 |    · BEAT: news ~market score=+0.04 (no coin-specific articles)
18:18:41 |    ☁️ BEAT: ichimoku A+ persisting 0.78 WITH the long → score ×1.02 (earned ledger) [C343]
18:18:41 | ⚖️ BEAT: long vs R=-0.66 ALLOWED — C264 term-structure inverted (β̂=+0.57, trend stale) → with-derivative, penalty 15% not block
18:18:41 |    🚫 BEAT: counter-trend BLOCK — dir long vs market R=-0.22 AND orderliness 0.22<0.33 (noisy). Long-into-trend is ~45%% barrier-win; no orderliness to justify it [C386]
18:18:42 |    ------------------------------------
18:18:42 |    🧬 ZAMA: breadth 5/6 → conviction 0.92 | cat=wild/W+0.82(regime) meanrev×0.60 | Sq=-0.03 fund=+0.005% OI=$4.8M CVD=-0.28 ofi=+0.34 OIdiv=+0.23
18:18:42 |    · ZAMA: news ~market score=+0.04 (no coin-specific articles)
18:18:42 |    🎢 ZAMA: long BLOCKED — broken-parabola bounce (day range 19×ATR, 6.6 ATR below the day high) → post-blow-off distribution risk
18:18:42 |       ⚖️ parabola → score ×0.82 (penalty, not a veto — must still clear the bar) [C403]
18:18:42 |    🛑 ZAMA: long MICRO-EXHAUSTION (3/3 signals) → blocked
18:18:43 |    ------------------------------------
18:18:43 |    🧬 ZEN: breadth 5/6 → conviction 0.88 | cat=privacy/W+0.07(member) trend×1.20 | Sq=-0.07 fund=+0.010% OI=$3.0M CVD=-0.24 ofi=+0.40 OIdiv=+0.29 book=+0.15
18:18:43 |    📄 ZEN: news long sig=0.12 score=+0.08
18:18:43 |    🎢 ZEN: long BLOCKED — broken-parabola bounce (day range 12×ATR, 3.1 ATR below the day high) → post-blow-off distribution risk
18:18:43 |       ⚖️ parabola → score ×0.82 (penalty, not a veto — must still clear the bar) [C403]
18:18:43 |    ☁️ ZEN: ichimoku A+ persisting 0.78 WITH the long → score ×1.02 (earned ledger) [C343]
18:18:43 |    ⚠️ ZEN: long into bearish rejection candle at RSI 65 (counter-signal) -> conviction x0.85
18:18:43 |    ⚡ ZEN: long wick rejection #1 → score×0.75
18:18:43 | ⚖️ ZEN: long vs R=-0.66 ALLOWED — C264 term-structure inverted (β̂=+0.57, trend stale) → with-derivative, penalty 15% not block
18:18:43 |    🚫 ZEN: counter-trend BLOCK — dir long vs market R=-0.22 AND orderliness 0.13<0.33 (noisy). Long-into-trend is ~45%% barrier-win; no orderliness to justify it [C386]
18:18:44 |    ------------------------------------
18:18:44 |    🧬 牛来: breadth 4/6 → conviction 0.72 | cat=wild/W+0.90(regime) meanrev×0.60 | Sq=-0.30 fund=+0.041% OI=$1.8M CVD=-0.43 ofi=-0.05 OIdiv=+0.10 book=+0.13
18:18:44 |    🧬 牛来: own-history vol 1.27% vs baseline 2.32% (×0.55) → coiled conviction ×1.02 [C286-2]
18:18:44 |    · 牛来: news ~market score=+0.04 (no coin-specific articles)
18:18:44 |    🎢→✅ 牛来: parabola RESOLVED (bounce age 37c, unwound 11.0 ATR) → short allowed, penalty 15%
18:18:44 |    🎯 牛来: target 1.9%→3.4% — regime TD persisting 0.86 on an earned ledger (acc 0.84); room-to-structure defers to the trend [C340]
18:18:44 |    ⚡ 牛来: short opposes 1H REGIME SHOCK (UP-swing, 13min left) → blocked
18:18:44 |    ------------------------------------
18:18:44 |    🧬 0G: breadth 4/6 → conviction 0.78 | cat=mid/W+0.15(regime) meanrev×0.72 | Sq=-0.04 fund=+0.005% OI=$2.2M CVD=-0.40 ofi=+0.19 book=-0.15
18:18:44 |    🧬 0G: own-history vol 1.79% vs baseline 0.92% (×1.95) → abnormal-wild conviction ×0.98 [C286-2]
18:18:44 |    · 0G: news ~market score=+0.04 (no coin-specific articles)
18:18:44 |    🎢→⚖️ 0G: C292 stands down — parabola BROKEN (range 10×ATR, 3.2 ATR off the day extreme): the 24h 'trend' already failed structurally; counter-trend entry re-enters the TURNING path [C299]
18:18:44 |    ⚡ 0G: 24h=+11.1% but 1h=+0.0% (TURNING) → penalty 22%
18:18:45 |    🎯 0G: target 2.7%→4.9% — regime TD persisting 0.86 on an earned ledger (acc 0.84); room-to-structure defers to the trend [C340]
18:18:45 |    ⚡ 0G: short opposes 1H REGIME SHOCK (UP-swing, 13min left) → blocked
18:18:45 |    ------------------------------------
18:18:45 |    🧬 FLOCK: breadth 3/6 → conviction 0.53 | cat=wild/W+0.90(regime) meanrev×0.60 | Sq=-0.04 fund=+0.005% OI=$1.3M CVD=+0.04 ofi=-0.14 book=-0.18
18:18:45 |    🧬 FLOCK: own-history vol 1.08% vs baseline 1.79% (×0.61) → coiled conviction ×1.01 [C286-2]
18:18:45 |    · FLOCK: news ~market score=+0.04 (no coin-specific articles)
18:18:46 |    🎯 FLOCK: target 1.6%→3.0% — regime TD persisting 0.86 on an earned ledger (acc 0.84); room-to-structure defers to the trend [C340]
18:18:46 |    ⚡ FLOCK: short opposes 1H REGIME SHOCK (UP-swing, 12min left) → blocked
18:18:46 |    ------------------------------------
18:18:46 |    🧬 US: breadth 5/6 → conviction 0.79 | cat=wild/W+0.89(regime) meanrev×0.60 | Sq=-0.04 fund=+0.005% OI=$4.8M CVD=-0.20 ofi=-0.32 book=+0.00
18:18:46 |    · US: news ~market score=+0.04 (no coin-specific articles)
18:18:47 |    ☁️ US: ichimoku A+ persisting 0.78 WITH the long → score ×1.02 (earned ledger) [C343]
18:18:47 | ⚖️ US: long vs R=-0.66 ALLOWED — C264 term-structure inverted (β̂=+0.57, trend stale) → with-derivative, penalty 15% not block
18:18:47 |    🚫 US: counter-trend BLOCK — dir long vs market R=-0.22 AND orderliness 0.11<0.33 (noisy). Long-into-trend is ~45%% barrier-win; no orderliness to justify it [C386]
18:18:48 |    ------------------------------------
18:18:48 |    🧬 ATOM: breadth 6/6 → conviction 1.00 | cat=l1/W-0.21(member) trend×1.33 | Sq=-0.05 fund=+0.008% OI=$6.7M CVD=-0.20 ofi=+0.03 book=-0.03
18:18:48 |    · ATOM: news ~market score=+0.04 (no coin-specific articles)
18:18:48 |    🎢 ATOM: long BLOCKED — broken-parabola bounce (day range 11×ATR, 3.4 ATR below the day high) → post-blow-off distribution risk
18:18:48 |       ⚖️ parabola → score ×0.82 (penalty, not a veto — must still clear the bar) [C403]
18:18:48 |    📏 ATOM: projection 2.60% is 3.5× this pair's own 15m ATR (0.73%) — capped to 2.20% before R. A forecast beyond 3 ATR in one candle is a broken reading, not an opportunity [C420-3a, throttled 15min]
18:18:48 | ⚖️ ATOM: long vs R=-0.66 ALLOWED — C264 term-structure inverted (β̂=+0.57, trend stale) → with-derivative, penalty 15% not block
18:18:48 |    🚫 ATOM: counter-trend BLOCK — dir long vs market R=-0.22 AND orderliness 0.14<0.33 (noisy). Long-into-trend is ~45%% barrier-win; no orderliness to justify it [C386]
18:18:49 |    ------------------------------------
18:18:49 |    🧬 SPX: breadth 2/6 → conviction 0.32 | cat=mid/W+0.14(regime) meanrev×0.72 | Sq=-0.03 fund=+0.005% OI=$2.6M CVD=+0.09 ofi=-0.18 OIdiv=+0.09 book=+0.29
18:18:49 |    · SPX: news ~market score=+0.04 (no coin-specific articles)
18:18:49 |    🎢→✅ SPX: parabola RESOLVED (bounce age 0c, unwound 0.6 ATR, extreme re-touched) → short allowed, penalty 15%
18:18:49 |    🎯 SPX: target 3.1%→3.2% — regime TD persisting 0.86 on an earned ledger (acc 0.84); room-to-structure defers to the trend [C340]
18:18:49 |    ⚡ SPX: short opposes 1H REGIME SHOCK (UP-swing, 12min left) → blocked
18:18:50 |    ------------------------------------
18:18:50 |    🧬 MAGMA: breadth 5/6 → conviction 0.89 | cat=wild/W+0.71(regime) meanrev×0.60 | Sq=-0.06 fund=+0.008% OI=$2.7M CVD=+0.06 ofi=-0.03 book=-0.02
18:18:50 |    🧬 MAGMA: own-history vol 1.06% vs baseline 1.62% (×0.66) → coiled conviction ×1.01 [C286-2]
18:18:50 |    · MAGMA: news ~market score=+0.04 (no coin-specific articles)
18:18:50 |    🛑 MAGMA: LONG at RSI 77 (overbought, stretched) → brake 15%
18:18:50 |    🛑 MAGMA: long structural exhaustion (3% room) → blocked
18:18:50 |    ------------------------------------
18:18:51 |    🧬 ZEST: breadth 4/6 → conviction 0.71 | cat=wild/W+0.97(regime) meanrev×0.60 | Sq=-0.14 fund=+0.017% OI=$1.2M CVD=-0.01 ofi=+0.21 OIdiv=+0.20 book=-0.25
18:18:51 |    · ZEST: news ~market score=+0.04 (no coin-specific articles)
18:18:51 |    🎢→✅ ZEST: parabola RESOLVED (pullback age 0c, recovered 0.3 ATR, extreme re-touched) → long allowed, penalty 15%
18:18:51 |    ☁️ ZEST: ichimoku A+ persisting 0.78 WITH the long → score ×1.02 (earned ledger) [C343]
18:18:51 |    ⚡ ZEST: long wick rejection #1 → score×0.75
18:18:51 | ⚖️ ZEST: long vs R=-0.66 ALLOWED — C264 term-structure inverted (β̂=+0.57, trend stale) → with-derivative, penalty 15% not block
18:18:51 |    🚫 ZEST: counter-trend BLOCK — dir long vs market R=-0.22 AND orderliness 0.05<0.33 (noisy). Long-into-trend is ~45%% barrier-win; no orderliness to justify it [C386]
18:18:51 |    ------------------------------------
18:18:51 |    🧬 BLESS: breadth 6/6 → conviction 1.00 | cat=mid/W+0.15(regime) meanrev×0.72 | Sq=-0.04 fund=+0.005% OI=$3.0M CVD=-0.27 ofi=-0.10 OIdiv=+0.42 book=-0.00
18:18:51 |    🧬 BLESS: own-history vol 1.70% vs baseline 0.98% (×1.74) → abnormal-wild conviction ×0.99 [C286-2]
18:18:51 |    · BLESS: news ~market score=+0.04 (no coin-specific articles)
18:18:51 |    🎢→✅ BLESS: parabola RESOLVED (pullback age 0c, recovered 0.0 ATR, extreme re-touched) → long allowed, penalty 15%
18:18:52 |    ☁️ BLESS: ichimoku A+ persisting 0.78 WITH the long → score ×1.02 (earned ledger) [C343]
18:18:52 |    ⚠️ BLESS: long into bearish rejection candle at RSI 60 (counter-signal) -> conviction x0.85
18:18:52 |    ⚡ BLESS: long wick rejection #1 → score×0.75
18:18:52 | ⚖️ BLESS: long vs R=-0.66 ALLOWED — C264 term-structure inverted (β̂=+0.57, trend stale) → with-derivative, penalty 15% not block
18:18:52 |    🚫 BLESS: counter-trend BLOCK — dir long vs market R=-0.22 AND orderliness 0.15<0.33 (noisy). Long-into-trend is ~45%% barrier-win; no orderliness to justify it [C386]
18:18:52 |    ------------------------------------
18:18:52 |    🧬 PROM: breadth 3/6 → conviction 0.61 | cat=wild/W+0.87(regime) meanrev×0.60 | Sq=-0.11 fund=+0.016% OI=$4.5M CVD=+0.05 ofi=-0.05 book=+0.24
18:18:52 |    · PROM: news ~market score=+0.04 (no coin-specific articles)
18:18:52 |    🚫 PROM: short vs 24h=+11.7% — 1h flat but PROJECTION +0.28 confirms the trend CONTINUES (not turning) → counter-trend blocked [C292]
18:18:53 |    ------------------------------------
18:18:53 |    🧬 GRVT: breadth 4/6 → conviction 0.75 | cat=calm/W-0.42(regime) trend×1.23 | Sq=-0.05 fund=+0.007% OI=$0.7M CVD=-0.50 ofi=-0.24 book=+0.29
18:18:53 |    · GRVT: news ~market score=+0.04 (no coin-specific articles)
18:18:53 |    ☁️ GRVT: ichimoku A+ persisting 0.78 WITH the long → score ×1.02 (earned ledger) [C343]
18:18:53 | ⚖️ GRVT: long vs R=-0.66 ALLOWED — C264 term-structure inverted (β̂=+0.57, trend stale) → with-derivative, penalty 15% not block
18:18:53 |    🚫 GRVT: counter-trend BLOCK — dir long vs market R=-0.22 AND orderliness 0.10<0.33 (noisy). Long-into-trend is ~45%% barrier-win; no orderliness to justify it [C386]
18:18:54 |    ------------------------------------
18:18:54 |    🧬 NDX100: breadth 3/5 → conviction 0.57 | cat=wild/W+0.34(regime) meanrev×0.68 | Sq=+0.00 fund=+0.000% OI=$2.7M CVD=-0.29 ofi=+0.16 OIdiv=-0.32 book=+0.30
18:18:54 |    · NDX100: news ~market score=+0.04 (no coin-specific articles)
18:18:54 |    🎢 NDX100: long BLOCKED — broken-parabola bounce (day range 9×ATR, 3.6 ATR below the day high) → post-blow-off distribution risk
18:18:54 |       ⚖️ parabola → score ×0.82 (penalty, not a veto — must still clear the bar) [C403]
18:18:54 |    ☁️ NDX100: ichimoku B- persisting 0.91 AGAINST the long → score ×0.96 (earned ledger) [C343]
18:18:54 | ⚖️ NDX100: long vs R=-0.66 ALLOWED — C264 term-structure inverted (β̂=+0.57, trend stale) → with-derivative, penalty 15% not block
18:18:54 |    🚫 NDX100: counter-trend BLOCK — dir long vs market R=-0.22 AND orderliness 0.10<0.33 (noisy). Long-into-trend is ~45%% barrier-win; no orderliness to justify it [C386]
18:18:55 |    ------------------------------------
18:18:55 |    🧬 COPPER: breadth 2/5 → conviction 0.42 | cat=calm/W-0.88(regime) trend×1.25 | Sq=+0.00 fund=+0.000% OI=$3.5M CVD=+0.19 ofi=-0.05 book=+0.25
18:18:55 |    · COPPER: news ~market score=+0.04 (no coin-specific articles)
18:18:55 |    🛑 COPPER: SHORT at RSI 27 (oversold, stretched) → brake 6%
18:18:55 |    🛑 COPPER: short structural exhaustion (0% room) → blocked
18:18:55 | 📊 Step 3 result: 70 analyzed → 0 passed | h1_regime_shock=24, regime_blip=10, ct_noisy_block=24, no_structural_room=5, fee_floor=1, poor_reward_risk=2, proj_confirms_trend=2, capitulation=1, micro_exhaustion=1
18:18:55 |    📌 Nearest miss: AVAX score=0.997 conf=0.697 quality=0.695/0.26 reason=h1_regime_shock
18:18:55 |    🧾 Miss-flow: dir=short CVD=+0.57 OIdiv=n/a ofi=-0.27 book=+0.27 blend=-0.22 R=-0.66
18:18:55 |    📊 Top signals: rsi_v=+32.98 | kalma=-0.98 | perm_=+0.95 | vwdi=-0.80 | hurst=+0.72 | short=-0.70
18:18:55 |    🎯 Dir: short | Agreement: 20/34 (59%)
 
  18:18  up 0h43m  scan 7 ------------------------------------------------------------------------
  EQUITY    $252.79  unreal $-0.02
  OPEN      3 pos $102.06 (40%)  free $150.75
  ------------------------------------------------------------------------------------------------
  PAIR     SIDE       ENTRY      MARK    MOVE     P&L   AGE  THESIS
  牛来       SHORT   0.108840  0.108410  +0.40%   +0.10   41m  + 41% left
  KERNEL   SHORT   0.056370  0.056460  -0.16%   -0.08   41m  - 48% left
  AVAX     SHORT    10.7570   10.7580  -0.01%   -0.03   29m  - 22% left
  ------------------------------------------------------------------------------------------------
  SESSION   $-0.02 -0.01%  peak $252.81  dd 0.01%
  CURVE     +=++++
  DAY       real $-2.17  limit $9.48 (3.72%)  23% used
            ######....................
  MONTH     dial 15%  used $0.00 of $37.92  from $252.81
  RECORD    no closed trades yet this run
  LIFETIME  87tr 25W 62L 29%  $+2.81
  FEES      $0.02  mk3/tk0  0.008% of eq
  SCAN      802 > 70 > 0 passed  top AVAX 1.00 (h1_regime_shock)  7 scans, 298 analysed
  MARKET    TRENDING  bias -0.22  breadth +0.07  taker flow -0.26
  NEWS      65 articles  + tone +0.43  PEPE +0.53  FET +0.44  ETH +0.41
  INFO      2 tilted  flow/fund/news on 79
  MOVERS    FIGHT +39% #50  ALLO +33% cut  MET +26% #33  SENT +24% #52
  ------------------------------------------------------------------------------------------------
 
18:18:56 | 
18:18:56 | ============================================================
18:18:56 | 📊 POSITION SUMMARY (8-MIN UPDATE)
18:18:56 | 💰 Equity: $252.81 | Unrealized: $-0.02
18:18:56 | 💵 Available: $150.75 | Locked: $102.06
18:18:56 | 📈 Session: $-0.02 (-0.0%)
18:18:56 | 🎯 Win Rate: Overall 29% | Session 0% | Open 33%
18:18:56 | ============================================================
18:18:56 | 🔵 SHORT 牛来
18:18:56 |    💰 Margin: $31.78 | Lev: 1x | Age: 42min
18:18:56 |    📊 Entry: $0.108840 → Now: $0.108410
18:18:56 |    📈 Move: +0.40% | PnL: $+0.10 (+0.4%)
18:18:56 |    🎲 牛来 DRI: -0.108→ Δb=+0.011 | DSI: +0.122 Δb=-0.178 ➡️ μ=-0.01 | 🟢 thesis 41% left (DRI 91% / DSI 41%)
18:18:56 |    📊 Mom=-0.06, Vol=-0.00, Tec=-0.11, Ml=0.08, Wav=-0.05, Ofi=-0.09, Fun=-0.67
18:18:56 |       Mul=-0.70, Pri=-0.07, Tim=0.00, Rvs=0.00, _hu=0.57, _ds=0.12
18:18:56 |    🎯 Strategy: momentum | Conf: 0.678 | TF: 1h (hold≥10m)
18:18:56 |    📊 Flow(mkt): L/S=1.2 R=-0.24 taker=-0.07
18:18:56 |    📈 OI: neutral Δ=+0.0%
18:18:56 |    🫧 牛来 FLOW [C401]: taker support +0.313 (entry +0.563, -0.250) 🟢 (instrumented, no exit wired)
18:18:56 |    📋 Limit Order Entry
18:18:56 | 
18:18:56 | 🔻 SHORT KERNEL
18:18:56 |    💰 Margin: $34.98 | Lev: 1x | Age: 42min
18:18:56 |    📊 Entry: $0.056370 → Now: $0.056460
18:18:56 |    📈 Move: -0.16% | PnL: $-0.08 (-0.2%)
18:18:56 |    🎲 KERNEL DRI: -0.056↘ Δb=+0.051 | DSI: +0.157 Δb=-0.166 ➡️ μ=+0.04 | 🟢 thesis 48% left (DRI 52% / DSI 48%)
18:18:56 |    📊 Mom=-0.04, Vol=0.00, Tec=-0.14, Ml=-0.06, Wav=0.00, Ofi=-0.63, Fun=0.67
18:18:56 |       Mul=-0.74, Pri=0.05, Tim=0.00, Rvs=0.00, _hu=0.68, _ds=0.14
18:18:56 |    🎯 Strategy: trend_following | Conf: 0.677 | TF: 1h (hold≥10m)
18:18:56 |    📊 Flow(mkt): L/S=1.1 R=-0.07 taker=-0.02
18:18:57 |    📈 OI: neutral Δ=-0.1%
18:18:57 |    🫧 KERNEL FLOW [C401]: taker support -0.289 (entry +0.172, -0.461) 🔴 (instrumented, no exit wired)
18:18:57 |    📋 Limit Order Entry
18:18:57 | 
18:18:57 | 🔻 SHORT AVAX
18:18:57 |    💰 Margin: $35.30 | Lev: 1x | Age: 30min
18:18:57 |    📊 Entry: $10.7570 → Now: $10.7580
18:18:57 |    📈 Move: -0.01% | PnL: $-0.03 (-0.0%)
18:18:57 |    🎲 AVAX DRI: -0.047→ Δb=+0.167 | DSI: +0.111 Δb=-0.240 ➡️ μ=-0.01 | 🟠 thesis 22% left (DRI 22% / DSI 32%)
18:18:57 |    📊 Mom=-0.10, Vol=-0.02, Tec=-0.06, Ml=0.14, Wav=-0.02, Ofi=-0.69, Fun=0.38
18:18:57 |       Mul=-0.76, Pri=-0.02, Tim=0.00, Rvs=0.00, _hu=0.63, _ds=0.13
18:18:57 |    🎯 Strategy: trend_following | Conf: 0.865 | TF: 1h (hold≥10m)
18:19:00 |    📊 Flow(mkt): L/S=1.2 R=-0.19 taker=-0.05
18:19:01 |    📈 OI: neutral Δ=+0.5%
18:19:01 |    🫧 AVAX FLOW [C401]: taker support -0.423 (entry +0.387, -0.810) 🔴 (instrumented, no exit wired)
18:19:01 |    📋 Limit Order Entry
18:19:01 | 
18:19:01 | ============================================================
18:19:01 | 🔵 Day: +1.1% (barrier ±0.68%, not a target — expected 0.14%/day) [C429-3]
18:19:01 | ============================================================
18:19:01 | 
18:19:14 |    🛡 C373: 牛来 capture held — +0.31% is 0.11R, floor 48.00% (1.0R); 42/120min into horizon [throttled 5min]
18:19:58 |    🛡 C373: KERNEL capture held — +0.02% is 0.01R, floor 48.00% (1.0R); 43/120min into horizon [throttled 5min]
18:21:36 |    🛡 牛来: trail held OFF — target $0.097328 not reached yet (+1.0%). Banking early is the worst-paying exit there is [C415]
18:23:51 |    🛡 C373: AVAX capture held — +0.24% is 0.09R, floor 48.00% (1.0R); 35/120min into horizon [throttled 5min]
18:23:56 | ━━━━━━━━━━━━━━━━━━━━━━━━━━━━━━━━━━━━━━━━━━━━━━━━━━
18:23:56 | 📋 STEP 1: SCREENING — Scanning all futures markets
18:23:56 | ━━━━━━━━━━━━━━━━━━━━━━━━━━━━━━━━━━━━━━━━━━━━━━━━━━
18:23:56 | 🔍 Scanning 802 markets for lively pairs...
18:23:59 |    🕒 C408: RWA held out this scan — us_equity×312 · hk_equity×8 · korea_equity×3  (they print 24/7 but only inform in session)
18:23:59 | 📊 329 pairs meet volume threshold ($750,000 relative)
18:23:59 |    🧮 C424 phase-2 caps ADD per desk: crypto 125/319 · energy 3/3 · index_future 2/2 · metal 5/5 = 135 (a global cap let a busy desk crowd out a quiet one; C417 already ruled that comparison meaningless) [throttled 15min]
18:24:05 |    🗂 C417 DESKS — each market scanned on its own terms:
18:24:05 |         ● crypto       universe  465  floor $   300k  passed  125  analysing  60
18:24:05 |         ○ us_equity    US cash closed
18:24:05 |         ● index_future universe    3  floor $   300k  passed    2  analysing   2
18:24:05 |         ● metal        universe    8  floor $   876k  passed    5  analysing   5
18:24:05 |         ● energy       universe    3  floor $  2128k  passed    3  analysing   3
18:24:05 |         ○ korea_equity KRX closed
18:24:05 |         ○ hk_equity    HKEX closed
18:24:05 |         → 70 pairs into Step 3 across 4 open markets (one budget each, they ADD — a second market never shrinks the first)
18:24:05 |    🔁 C298 retention: +FARTCOIN (selected recently, rank slipped → kept in analysis)
18:24:05 | 🏆 Top 71 pairs (PREDICTIVE: freshness + projected + geometric)
18:24:05 |    1. BTC/USDT:USDT: Live=0.991 V=$2632.9M Chg=-0.6% Proj=+0.24 Geo=+0.090
18:24:05 |    2. ETH/USDT:USDT: Live=1.058 V=$1858.7M Chg=-1.2% Proj=+0.33 Geo=+0.082
18:24:05 |    3. XRP/USDT:USDT: Live=0.915 V=$482.4M Chg=+1.6% Proj=+0.30 Geo=+0.197
18:24:05 |    4. ZEC/USDT:USDT: Live=0.716 V=$258.5M Chg=+6.4% Proj=+0.13 Geo=+0.047
18:24:05 |    5. SOL/USDT:USDT: Live=0.521 V=$236.0M Chg=-0.5% Proj=-0.04 Geo=+0.041
18:24:05 |    6. BCH/USDT:USDT: Live=0.673 V=$108.9M Chg=+18.9% Proj=+0.12 Geo=-0.064
18:24:05 |    7. XAU/USDT:USDT: Live=0.986 V=$118.5M Chg=-0.7% Proj=+0.46 Geo=-0.028
18:24:05 |    8. DOGE/USDT:USDT: Live=0.598 V=$129.9M Chg=+0.3% Proj=+0.09 Geo=+0.093
18:24:05 |    9. NEAR/USDT:USDT: Live=1.065 V=$102.7M Chg=+2.5% Proj=+0.57 Geo=+0.179
18:24:05 |    10. PEPE/USDT:USDT: Live=0.523 V=$72.0M Chg=-3.3% Proj=+0.04 Geo=+0.170
18:24:05 |    11. HYPE/USDT:USDT: Live=0.895 V=$83.5M Chg=-1.0% Proj=+0.41 Geo=+0.132
18:24:05 |    12. UNI/USDT:USDT: Live=0.623 V=$91.9M Chg=+0.3% Proj=+0.15 Geo=+0.219
18:24:05 |    13. CL/USDT:USDT: Live=0.474 V=$70.3M Chg=+0.9% Proj=+0.00 Geo=+0.053
18:24:05 |    14. XAG/USDT:USDT: Live=0.358 V=$45.6M Chg=-1.2% Proj=-0.08 Geo=+0.045
18:24:05 |    15. ADA/USDT:USDT: Live=0.686 V=$51.4M Chg=+0.7% Proj=+0.25 Geo=+0.152
18:24:05 |    16. NIL/USDT:USDT: Live=0.893 V=$30.3M Chg=+19.6% Proj=+0.46 Geo=+0.211
18:24:05 |    17. ARB/USDT:USDT: Live=0.627 V=$37.1M Chg=+5.8% Proj=+0.20 Geo=+0.100
18:24:05 |    18. LINK/USDT:USDT: Live=0.846 V=$30.5M Chg=-2.0% Proj=+0.42 Geo=+0.093
18:24:05 |    19. TAO/USDT:USDT: Live=0.662 V=$23.8M Chg=-4.3% Proj=+0.25 Geo=+0.147
18:24:05 |    20. PUMP/USDT:USDT: Live=0.695 V=$17.5M Chg=-8.1% Proj=+0.28 Geo=+0.181
18:24:05 |    21. APT/USDT:USDT: Live=0.734 V=$13.8M Chg=+9.8% Proj=+0.32 Geo=-0.007
18:24:05 |    22. AVAX/USDT:USDT: Live=0.897 V=$37.9M Chg=-0.7% Proj=+0.49 Geo=+0.097
18:24:05 |    23. ENA/USDT:USDT: Live=0.744 V=$43.2M Chg=+0.0% Proj=+0.33 Geo=+0.003
18:24:05 |    24. BZ/USDT:USDT: Live=0.640 V=$21.3M Chg=+1.6% Proj=+0.23 Geo=+0.040
18:24:05 |    25. PENGU/USDT:USDT: Live=0.572 V=$22.7M Chg=+11.5% Proj=+0.16 Geo=+0.182
18:24:05 |    26. LTC/USDT:USDT: Live=0.917 V=$25.4M Chg=+2.1% Proj=+0.52 Geo=+0.107
18:24:05 |    27. TRUMP/USDT:USDT: Live=0.669 V=$27.9M Chg=-1.3% Proj=+0.28 Geo=+0.176
18:24:05 |    28. BNB/USDT:USDT: Live=0.738 V=$18.4M Chg=-1.4% Proj=+0.34 Geo=+0.095
18:24:05 |    29. PONS/USDT:USDT: Live=0.806 V=$17.3M Chg=+9.4% Proj=+0.42 Geo=+0.168
18:24:05 |    30. MET/USDT:USDT: Live=0.664 V=$6.9M Chg=+30.1% Proj=+0.28 Geo=+0.182
18:24:05 |    31. ZRO/USDT:USDT: Live=0.559 V=$6.1M Chg=+19.2% Proj=+0.18 Geo=+0.080
18:24:05 |    32. ONE/USDT:USDT: Live=0.525 V=$15.7M Chg=-22.1% Proj=+0.15 Geo=+0.066
18:24:05 |    33. WIF/USDT:USDT: Live=0.549 V=$10.6M Chg=-9.4% Proj=+0.18 Geo=+0.162
18:24:05 |    34. XLM/USDT:USDT: Live=0.717 V=$20.3M Chg=+0.9% Proj=+0.36 Geo=+0.175
18:24:05 |    35. PAXG/USDT:USDT: Live=0.823 V=$11.2M Chg=-0.7% Proj=+0.47 Geo=-0.017
18:24:05 |    36. HBAR/USDT:USDT: Live=0.530 V=$19.7M Chg=-0.1% Proj=+0.18 Geo=+0.182
18:24:05 |    37. LSK/USDT:USDT: Live=0.644 V=$7.9M Chg=-7.5% Proj=+0.30 Geo=+0.101
18:24:05 |    38. RENDER/USDT:USDT: Live=0.592 V=$5.9M Chg=-4.4% Proj=+0.25 Geo=+0.150
18:24:05 |    39. NATGAS/USDT:USDT: Live=0.861 V=$4.5M Chg=+6.0% Proj=+0.52 Geo=+0.049
18:24:05 |    40. ZETA/USDT:USDT: Live=0.773 V=$6.0M Chg=-7.9% Proj=+0.44 Geo=+0.048
18:24:05 |    41. XAUT/USDT:USDT: Live=0.595 V=$8.8M Chg=-0.7% Proj=+0.26 Geo=-0.019
18:24:05 |    42. CRV/USDT:USDT: Live=0.514 V=$5.6M Chg=-3.8% Proj=+0.19 Geo=+0.111
18:24:05 |    43. AKE/USDT:USDT: Live=0.522 V=$12.8M Chg=-2.3% Proj=+0.20 Geo=+0.222
18:24:05 |    44. USELESS/USDT:USDT: Live=0.516 V=$13.3M Chg=+0.4% Proj=+0.20 Geo=+0.020
18:24:05 |    45. APE/USDT:USDT: Live=0.681 V=$3.1M Chg=+9.9% Proj=+0.37 Geo=-0.040
18:24:05 |    46. VIRTUAL/USDT:USDT: Live=0.564 V=$6.8M Chg=+3.0% Proj=+0.26 Geo=+0.009
18:24:05 |    47. TRX/USDT:USDT: Live=0.758 V=$3.2M Chg=-1.2% Proj=+0.45 Geo=+0.044
18:24:05 |    48. BGB/USDT:USDT: Live=0.825 V=$3.9M Chg=-2.2% Proj=+0.53 Geo=+0.122
18:24:05 |    49. FIGHT/USDT:USDT: Live=1.104 V=$1.7M Chg=+38.7% Proj=+0.81 Geo=+0.261
18:24:05 |    50. SENT/USDT:USDT: Live=0.619 V=$0.8M Chg=+23.1% Proj=+0.34 Geo=+0.025
18:24:05 |    51. RAY/USDT:USDT: Live=0.641 V=$3.5M Chg=+5.7% Proj=+0.36 Geo=+0.211
18:24:05 |    52. 牛来/USDT:USDT: Live=0.624 V=$5.3M Chg=-4.1% Proj=+0.36 Geo=+0.107
18:24:05 |    53. ICP/USDT:USDT: Live=0.748 V=$4.5M Chg=+3.0% Proj=+0.48 Geo=+0.071
18:24:05 |    54. ACE/USDT:USDT: Live=0.689 V=$1.6M Chg=+9.3% Proj=+0.43 Geo=+0.076
18:24:05 |    55. GRT/USDT:USDT: Live=0.632 V=$1.2M Chg=+13.3% Proj=+0.37 Geo=+0.041
18:24:05 |    56. JUP/USDT:USDT: Live=0.673 V=$3.5M Chg=+2.3% Proj=+0.41 Geo=+0.005
18:24:05 |    57. BEAT/USDT:USDT: Live=0.726 V=$1.7M Chg=+9.9% Proj=+0.47 Geo=+0.140
18:24:05 |    58. SPX/USDT:USDT: Live=0.412 V=$2.1M Chg=-7.1% Proj=+0.17 Geo=+0.235
18:24:05 |    59. ATOM/USDT:USDT: Live=0.537 V=$2.1M Chg=+4.1% Proj=+0.29 Geo=-0.058
18:24:05 |    60. MAGMA/USDT:USDT: Live=0.592 V=$1.2M Chg=+9.0% Proj=+0.36 Geo=+0.156
18:24:05 |    61. BLESS/USDT:USDT: Live=0.658 V=$1.1M Chg=+9.7% Proj=+0.43 Geo=+0.096
18:24:05 |    62. ORCA/USDT:USDT: Live=0.672 V=$0.7M Chg=+5.8% Proj=+0.44 Geo=+0.053
18:24:05 |    63. ZEST/USDT:USDT: Live=0.629 V=$1.1M Chg=+16.2% Proj=+0.40 Geo=+0.154
18:24:05 |    64. KMNO/USDT:USDT: Live=0.560 V=$0.7M Chg=+12.0% Proj=+0.34 Geo=+0.027
18:24:05 |    65. B2/USDT:USDT: Live=0.601 V=$3.3M Chg=-5.9% Proj=+0.38 Geo=+0.180
18:24:05 |    66. RE/USDT:USDT: Live=0.557 V=$1.3M Chg=+4.6% Proj=+0.34 Geo=+0.006
18:24:05 |    67. GRVT/USDT:USDT: Live=0.545 V=$0.7M Chg=+4.2% Proj=+0.33 Geo=+0.078
18:24:05 |    68. GPS/USDT:USDT: Live=0.531 V=$0.7M Chg=+10.7% Proj=+0.32 Geo=+0.166
18:24:05 |    69. NDX100/USDT:USDT: Live=-0.215 V=$1.0M Chg=+0.6% Proj=-0.42 Geo=-0.007
18:24:05 |    70. COPPER/USDT:USDT: Live=0.130 V=$0.9M Chg=-0.9% Proj=-0.04 Geo=+0.069
18:24:05 |    71. FARTCOIN/USDT:USDT: Live=0.485 V=$13.8M Chg=-1.6% Proj=+0.16 Geo=+0.156
18:24:05 |    🪞 C266 board-parity (top movers vs screen): FIGHT +39%[#49] | ALLO +33%[Live=0.42<cut] | MET +30%[#30] | SENT +23%[#50] | ONE -22%[#32]
18:24:05 |    🔬 BTC geo: slope=+0.046 pure=+0.044
18:24:05 |    🔬 ETH geo: slope=+0.044 rough=-0.002 harm=+0.008 pure=+0.032
18:24:05 |    🔬 XRP geo: slope=+0.139 pure=+0.059
18:24:05 | 📦 OHLCV cache: 151 pairs cached for quick_scan
18:24:05 | ━━━━━━━━━━━━━━━━━━━━━━━━━━━━━━━━━━━━━━━━━━━━━━━━━━
18:24:05 | 📋 STEP 2: MARKET ANALYSIS — News, Bias, Coherence
18:24:05 | ━━━━━━━━━━━━━━━━━━━━━━━━━━━━━━━━━━━━━━━━━━━━━━━━━━
18:24:06 |    🌍 C270 macro: NDX/SPX z=+0.81 gold z=-0.70 tone x1.00 sess w=0.99 -> tilt +0.080 | R -0.55->-0.47
18:24:06 | ✅ C79 RESULTANT: 1h=+0.07 4h=-0.69 12h=-0.62 R=-0.47 mag=0.47
18:24:06 | 🌗 C264 MTS INVERTED: β̂=+0.61 — momentum decays toward present (1h weakest); with-R entries damped, counter-R block relaxes
18:24:06 | 📰 News: 65 articles | 🔵 +0.43
18:24:06 | 📈 Market: 🔻BEARISH (blend=-0.21 R=-0.47) | 1h=+0.07 4h=-0.69 12h=-0.62 align=+0.11 macro=✓
18:24:06 | 📊 Regime: TRENDING (0.56) | DFA=0.62 Ent=0.89 GARCH=0.0015
18:24:06 | 🎲 RegimeMarkov: state=TD → next most-likely TD (P=0.86, persist=0.86, conf=0.83, n=250) | calib[1145]: acc=0.84 brier=0.056
18:24:06 | 🎲 PairMarkov: calib[19443]: acc=1.00 brier=0.000 (baseline 0.160)
18:24:06 | 🎲 FamilyMarkov: calib[2165/120]: acc=1.00 brier=0.005 (base 0.020) skill=+76.1% [need +5%] EARNED [C342]
18:24:06 | 🎲 IchiMarkov: calib[19229/200]: acc=0.83 brier=0.128 (base 0.153) skill=+16.1% [need +5%] EARNED [C343]
18:24:06 | 🧮 S3-EV: calib[119]: acc=0.33 brier=0.332 (baseline 0.250)
18:24:06 | 🌊 Market coherence: 61% long (33↑ vs 21↓)
18:24:07 | 💰 Taker flow: 🔵 +0.20 (BTC=+0.21 ETH=+0.19)
18:24:07 | ━━━━━━━━━━━━━━━━━━━━━━━━━━━━━━━━━━━━━━━━━━━━━━━━━━
18:24:07 | 📋 STEP 3: PREDICTIVE ANALYSIS — Scoring each pair
18:24:07 | ━━━━━━━━━━━━━━━━━━━━━━━━━━━━━━━━━━━━━━━━━━━━━━━━━━
18:24:22 | 🌐 Market breadth -0.23 (OVERSOLD-heavy, 70 pairs) — fresh entries in that direction get a late-move brake
18:24:27 |    📚 PairProfiles: 429 pairs in persistent baseline (151/151 mature this scan)
18:24:27 |    ------------------------------------
18:24:27 |    🧬 UNI: breadth 5/6 → conviction 0.85 | cat=defi/W-0.01(member) trend×1.29 | Sq=-0.06 fund=+0.010% OI=$38.4M CVD=+0.60 ofi=+0.09 book=+0.23
18:24:27 |    🌍 C396 session tilt: Europe (12h UTC) → entry score ×1.12 [measured 55.9% Europe vs 46.5% Asia barrier-win]
18:24:27 |    🧭 C403 flow term: takers are -0.67 AGAINST this short → score ×0.933
18:24:27 |    📄 UNI: news long sig=0.12 score=+0.04
18:24:27 |    🛑 UNI: SHORT at RSI 23 (oversold, stretched) → brake 16%
18:24:27 |    🎢→✅ UNI: parabola RESOLVED (bounce age 38c, unwound 9.0 ATR) → short allowed, penalty 15%
18:24:28 |    ⚖️ C467: UNI E=-0.073R is below the +0.000R bar, but the probability feeding E has NO measured skill (Brier skill ≤ 0), so E does not get a veto — score taxed 4% instead and the other gates decide. The veto returns automatically when p starts beating a coin flip [C467, throttled 10min]
18:24:28 |    🎯 UNI: target 2.2%→4.0% — regime TD persisting 0.86 on an earned ledger (acc 0.84); room-to-structure defers to the trend [C340]
18:24:28 |    ⚡ UNI: short opposes 1H REGIME SHOCK (UP-swing, 7min left) → blocked
18:24:28 |    ------------------------------------
18:24:28 |    🧬 ARB: breadth 5/6 → conviction 0.88 | cat=l2/W+0.49(member) meanrev×0.60 | Sq=-0.04 fund=+0.007% OI=$22.3M CVD=-0.60 ofi=-0.00 OIdiv=+0.16 book=-0.07
18:24:28 |    · ARB: news ~market score=+0.04 (no coin-specific articles)
18:24:28 |    🎯 ARB: target 2.0%→3.6% — regime TD persisting 0.86 on an earned ledger (acc 0.84); room-to-structure defers to the trend [C340]
18:24:28 |    ⚡ ARB: short opposes 1H REGIME SHOCK (UP-swing, 7min left) → blocked
18:24:29 |    ------------------------------------
18:24:29 |    🧬 PUMP: breadth 4/6 → conviction 0.60 | cat=mid/W+0.16(regime) meanrev×0.72 | Sq=-0.03 fund=+0.005% OI=$16.8M CVD=+0.16 ofi=+0.01 OIdiv=-0.29 book=-0.08
18:24:29 |    · PUMP: news ~market score=+0.04 (no coin-specific articles)
18:24:29 |    🛑 PUMP: SHORT at RSI 20 (oversold, stretched) → brake 12% [capitulation-flow confirmed → halved]
18:24:29 |    🎢→✅ PUMP: parabola RESOLVED (bounce age 0c, unwound 0.0 ATR, extreme re-touched) → short allowed, penalty 15%
18:24:29 |    🎯 PUMP: target 0.8%→2.8% — regime TD persisting 0.86 on an earned ledger (acc 0.84); room-to-structure defers to the trend [C340]
18:24:29 |    ⚡ PUMP: short opposes 1H REGIME SHOCK (UP-swing, 7min left) → blocked
18:24:29 |    ------------------------------------
18:24:29 |    🧬 CRV: breadth 4/6 → conviction 0.73 | cat=defi/W-0.02(member) trend×1.29 | Sq=-0.07 fund=+0.010% OI=$6.5M CVD=-0.29 ofi=+0.04 book=-0.05
18:24:29 |    📄 CRV: news long sig=0.12 score=+0.04
18:24:30 |    🛑 CRV: long opposes the latched DOWN-trend (R was -0.66 1min ago; now -0.47, 4h -0.81) — one weak print is a blip, not a turn [C339]
18:24:30 |    ------------------------------------
18:24:30 |    🧬 AKE: breadth 5/6 → conviction 0.87 | cat=wild/W+1.00(regime) meanrev×0.60 | Sq=-0.06 fund=+0.008% OI=$2.3M CVD=-0.60 ofi=+0.13 book=+0.23
18:24:30 |    · AKE: news ~market score=+0.04 (no coin-specific articles)
18:24:30 |    🛑 AKE: LONG at RSI 82 (overbought, stretched) → brake 26%
18:24:31 |    ☁️ AKE: ichimoku A+ persisting 0.78 WITH the long → score ×1.02 (earned ledger) [C343]
18:24:31 |    🚫 AKE: counter-trend BLOCK — dir long vs market R=-0.21 AND orderliness 0.01<0.33 (noisy). Long-into-trend is ~45%% barrier-win; no orderliness to justify it [C386]
18:24:31 |    ------------------------------------
18:24:31 |    🧬 USELESS: breadth 5/6 → conviction 0.83 | cat=wild/W+0.89(regime) meanrev×0.60 | Sq=-0.17 fund=+0.025% OI=$6.2M CVD=-0.24 ofi=-0.24 OIdiv=+0.22 book=+0.17
18:24:31 |    🧬 USELESS: own-history vol 1.33% vs baseline 2.12% (×0.63) → coiled conviction ×1.01 [C286-2]
18:24:31 |    · USELESS: news ~market score=+0.04 (no coin-specific articles)
18:24:31 |    🎢→✅ USELESS: parabola RESOLVED (bounce age 32c, unwound 8.8 ATR) → short allowed, penalty 15%
18:24:31 |    🎯 USELESS: target 1.2%→3.6% — regime TD persisting 0.86 on an earned ledger (acc 0.84); room-to-structure defers to the trend [C340]
18:24:31 |    ⚡ USELESS: short opposes 1H REGIME SHOCK (UP-swing, 7min left) → blocked
18:24:31 |    ------------------------------------
18:24:31 |    🧬 TRX: breadth 5/6 → conviction 0.78 | cat=l1/W-0.76(member) trend×1.37 | Sq=-0.04 fund=+0.006% OI=$9.3M CVD=-0.20 ofi=-0.18 book=-0.25
18:24:31 |    📰 TRX: news long sig=0.30 score=+0.13
18:24:31 |    🎢→✅ TRX: parabola RESOLVED (bounce age 37c, unwound 8.1 ATR) → short allowed, penalty 15%
18:24:32 |    🛑 TRX: short target 0.0% too small + room 9% → blocked
18:24:32 |    ------------------------------------
18:24:32 |    🧬 ACE: breadth 6/6 → conviction 1.00 | cat=mid/W-0.05(regime) meanrev×0.76 | Sq=-0.06 fund=+0.010% OI=$1.8M CVD=-0.13 ofi=+0.07 book=+0.19
18:24:32 |    · ACE: news ~market score=+0.04 (no coin-specific articles)
18:24:32 |    ☁️ ACE: ichimoku A+ persisting 0.78 WITH the long → score ×1.02 (earned ledger) [C343]
18:24:32 |    🚫 ACE: counter-trend BLOCK — dir long vs market R=-0.21 AND orderliness 0.23<0.33 (noisy). Long-into-trend is ~45%% barrier-win; no orderliness to justify it [C386]
18:24:33 |    ------------------------------------
18:24:33 |    🧬 JUP: breadth 5/6 → conviction 0.93 | cat=solana_eco/W-0.23(member) meanrev×0.71 | Sq=-0.03 fund=+0.005% OI=$6.3M CVD=-0.06 ofi=-0.11 book=-0.28
18:24:33 |    📄 JUP: news long sig=0.12 score=+0.04
18:24:33 |    🛑 JUP: long structural exhaustion (4% room) → blocked
18:24:33 |    🔓 C382 OVERRIDE JUP: no_structural_room waived — score 0.903 conf 0.879 clear the bar, and that gate family was refuted at 158k observations (4 this session)
18:24:33 |    ☁️ JUP: ichimoku A+ persisting 0.78 WITH the long → score ×1.02 (earned ledger) [C343]
18:24:33 |    🚫 JUP: counter-trend BLOCK — dir long vs market R=-0.21 AND orderliness 0.30<0.33 (noisy). Long-into-trend is ~45%% barrier-win; no orderliness to justify it [C386]
18:24:33 |    ------------------------------------
18:24:33 |    🧬 ORCA: breadth 4/6 → conviction 0.69 | cat=solana_eco/W-0.47(member) trend×1.26 | Sq=-0.03 fund=+0.005% OI=$0.8M CVD=+0.34 ofi=-0.12 book=+0.28
18:24:33 |    📄 ORCA: news long sig=0.12 score=+0.08
18:24:34 |    ☁️ ORCA: ichimoku A+ persisting 0.78 WITH the long → score ×1.02 (earned ledger) [C343]
18:24:34 |    ⚠️ ORCA: long into bearish rejection candle at RSI 57 (counter-signal) -> conviction x0.85
18:24:34 |    🛑 ORCA: long CAPITULATION REJECTION (wick+vol) → blocked
18:24:34 |    ------------------------------------
18:24:34 |    🧬 KMNO: breadth 5/6 → conviction 0.91 | cat=solana_eco/W+0.34(member) momentum×1.40 | Sq=-0.03 fund=+0.005% OI=$0.7M CVD=-0.27 ofi=+0.04 book=-0.23
18:24:34 |    📄 KMNO: news long sig=0.12 score=+0.08
18:24:35 |    ☁️ KMNO: ichimoku A+ persisting 0.78 WITH the long → score ×1.02 (earned ledger) [C343]
18:24:35 |    ⚡ KMNO: soft counter-trend penalty 12% (dir=long vs R=-0.21) — orderliness 0.34 buys a pass [C386]
18:24:35 |    ⚖️ KMNO: penalty-stack floor lift → 0.36 (40% of pre-pen 0.89) [C284: base✓ proj✓]
18:24:35 |    🛰️ KMNO: C199 order-flow weakening long (OI=neutral, CVD=-0.58) → ×0.75
18:24:35 |    ❌ KMNO: long scr=0.27 conf=0.52 → low score (<0.35)
18:24:35 |    ⚖️ C462-7 KMNO: penalties 0.89→0.27 (×0.30) vs bar 0.35 — the stack decided
18:24:35 |    ------------------------------------
18:24:35 |    🧬 B2: breadth 2/5 → conviction 0.58 | cat=wild/W+1.00(regime) meanrev×0.60 | Sq=-0.11 fund=+0.014% OI=$2.7M CVD=+0.17 ofi=+0.08 book=-0.08
18:24:35 |    🧬 B2: own-history vol 3.55% vs baseline 1.86% (×1.90) → abnormal-wild conviction ×0.98 [C286-2]
18:24:35 |    · B2: news ~market score=+0.04 (no coin-specific articles)
18:24:35 |    ⚡ B2: short opposes 1H REGIME SHOCK (UP-swing, 7min left) → blocked
18:24:36 |    ------------------------------------
18:24:36 |    🧬 RE: breadth 6/6 → conviction 1.00 | cat=mid/W-0.03(regime) meanrev×0.76 | Sq=-0.03 fund=+0.005% OI=$2.1M CVD=-0.01 ofi=+0.10 book=-0.01
18:24:36 |    · RE: news ~market score=+0.04 (no coin-specific articles)
18:24:36 |    🚫 RE: counter-trend BLOCK — dir long vs market R=-0.21 AND orderliness 0.15<0.33 (noisy). Long-into-trend is ~45%% barrier-win; no orderliness to justify it [C386]
18:24:37 |    ------------------------------------
18:24:37 |    🧬 GPS: breadth 4/5 → conviction 0.86 | cat=mid/W-0.19(regime) trend×1.21 | Sq=-0.09 fund=+0.011% OI=$1.1M CVD=-0.04 ofi=-0.22 book=+0.27
18:24:37 |    · GPS: news ~market score=+0.04 (no coin-specific articles)
18:24:37 |    🎢→⚖️ GPS: C292 stands down — parabola BROKEN (range 13×ATR, 3.6 ATR off the day extreme): the 24h 'trend' already failed structurally; counter-trend entry re-enters the TURNING path [C299]
18:24:37 |    ⚡ GPS: 24h=+10.7% but 1h=+0.0% (TURNING) → penalty 21%
18:24:37 |    🎯 GPS: target 1.7%→3.1% — regime TD persisting 0.86 on an earned ledger (acc 0.84); room-to-structure defers to the trend [C340]
18:24:37 |    ⚡ GPS: short opposes 1H REGIME SHOCK (UP-swing, 7min left) → blocked
18:24:37 | 📊 Step 3 result: 14 analyzed (+57 cached this 15m candle) → 0 passed | low_score=1, h1_regime_shock=26, regime_blip=10, ct_noisy_block=22, no_structural_room=5, poor_reward_risk=3, fee_floor=1, proj_confirms_trend=1, capitulation=2
18:24:37 |    📌 Nearest miss: PUMP score=0.713 conf=0.437 quality=0.312/0.26 reason=h1_regime_shock
18:24:37 |    📊 Top signals: rsi_v=+19.54 | capit=+1.00 | perm_=+0.96 | vwdi=-0.80 | rqa_d=+0.71 | hurst=+0.62
18:24:37 |    🎯 Dir: short | Agreement: 15/32 (47%)
18:24:47 |    🛡 C373: 牛来 capture held — +0.89% is 0.31R, floor 48.00% (1.0R); 48/120min into horizon [throttled 5min]
18:25:35 |    🛡 C373: KERNEL capture held — +0.27% is 0.10R, floor 48.00% (1.0R); 48/120min into horizon [throttled 5min]
 
  18:27  up 0h51m  scan 8 ------------------------------------------------------------------------
  EQUITY    $253.08  unreal $+0.27
  OPEN      3 pos $102.06 (40%)  free $150.75
  ------------------------------------------------------------------------------------------------
  PAIR     SIDE       ENTRY      MARK    MOVE     P&L   AGE  THESIS
  牛来       SHORT   0.108840  0.108020  +0.75%   +0.21   49m  + 43% left
  KERNEL   SHORT   0.056370  0.056240  +0.23%   +0.05   49m  + 30% left
  AVAX     SHORT    10.7570   10.7460  +0.10%   +0.01   37m  + 32% left
  ------------------------------------------------------------------------------------------------
  SESSION   $+0.27 +0.11%
  CURVE     ======+
  DAY       real $-2.17  limit $9.48 (3.72%)  23% used
            ######....................
  MONTH     dial 15%  used $0.00 of $37.92  from $252.81
  RECORD    no closed trades yet this run
  LIFETIME  87tr 25W 62L 29%  $+2.81
  FEES      $0.02  mk3/tk0  0.008% of eq
  SCAN      802 > 14 > 0 passed  top PUMP 0.71 (h1_regime_shock)  8 scans, 312 analysed
  MARKET    TRENDING  bias -0.21  breadth -0.23  taker flow +0.15
  NEWS      65 articles  + tone +0.43  FET +0.44  ZEC +0.26  ONE +0.13
  INFO      2 tilted  flow/fund/news on 79
  MOVERS    FIGHT +39% #49  ALLO +33% cut  MET +30% #30  SENT +23% #50
  ------------------------------------------------------------------------------------------------
 
18:27:01 | 
18:27:01 | ============================================================
18:27:01 | 📊 POSITION SUMMARY (8-MIN UPDATE)
18:27:01 | 💰 Equity: $252.81 | Unrealized: $+0.27
18:27:01 | 💵 Available: $150.75 | Locked: $102.06
18:27:01 | 📈 Session: $+0.27 (+0.1%)
18:27:01 | 🎯 Win Rate: Overall 29% | Session 0% | Open 100%
18:27:01 | ============================================================
18:27:01 | 🔵 SHORT 牛来
18:27:01 |    💰 Margin: $31.78 | Lev: 1x | Age: 50min
18:27:01 |    📊 Entry: $0.108840 → Now: $0.108020
18:27:01 |    📈 Move: +0.75% | PnL: $+0.21 (+0.8%)
18:27:01 |    🎲 牛来 DRI: -0.122→ Δb=-0.003 | DSI: +0.129 Δb=-0.171 ➡️ μ=+0.08 | 🟢 thesis 43% left (DRI 103% / DSI 43%)
18:27:01 |    📊 Mom=-0.09, Vol=-0.00, Tec=-0.09, Ml=0.02, Wav=-0.05, Ofi=0.51, Fun=-0.67
18:27:01 |       Mul=-0.90, Pri=-0.16, Tim=0.00, Rvs=0.00, _hu=0.57, _ds=0.15
18:27:01 |    🎯 Strategy: momentum | Conf: 0.678 | TF: 1h (hold≥10m)
18:27:01 |    📊 Flow(mkt): L/S=1.3 R=-0.20 taker=+0.05
18:27:01 |    📈 OI: neutral Δ=+0.4%
18:27:02 |    🫧 牛来 FLOW [C401]: taker support +0.035 (entry +0.563, -0.528) 🟠 (instrumented, no exit wired)
18:27:02 |    📋 Limit Order Entry
18:27:02 |    📈 Peak PnL: +1.1%
18:27:02 | 
18:27:02 | 🔵 SHORT KERNEL
18:27:02 |    💰 Margin: $34.98 | Lev: 1x | Age: 50min
18:27:02 |    📊 Entry: $0.056370 → Now: $0.056240
18:27:02 |    📈 Move: +0.23% | PnL: $+0.05 (+0.2%)
18:27:02 |    🎲 KERNEL DRI: -0.033→ Δb=+0.074 | DSI: +0.135 Δb=-0.188 ➡️ μ=-0.19 | 🟠 thesis 30% left (DRI 30% / DSI 42%)
18:27:02 |    📊 Mom=-0.04, Vol=0.00, Tec=-0.14, Ml=-0.09, Wav=0.01, Ofi=0.51, Fun=0.67
18:27:02 |       Mul=-0.44, Pri=-0.05, Tim=0.00, Rvs=0.00, _hu=0.68, _ds=0.11
18:27:02 |    🎯 Strategy: trend_following | Conf: 0.677 | TF: 1h (hold≥10m)
18:27:02 |    📊 Flow(mkt): L/S=1.1 R=-0.06 taker=+0.01
18:27:02 |    📈 OI: neutral Δ=+0.1%
18:27:02 |    🫧 KERNEL FLOW [C401]: taker support +0.315 (entry +0.172, +0.143) 🟢 (instrumented, no exit wired)
18:27:02 |    📋 Limit Order Entry
18:27:02 | 
18:27:02 | 🔸 SHORT AVAX
18:27:02 |    💰 Margin: $35.30 | Lev: 1x | Age: 38min
18:27:02 |    📊 Entry: $10.7570 → Now: $10.7460
18:27:02 |    📈 Move: +0.10% | PnL: $+0.01 (+0.1%)
18:27:02 |    🎲 AVAX DRI: -0.069→ Δb=+0.145 | DSI: +0.124 Δb=-0.227 ➡️ μ=+0.13 | 🟠 thesis 32% left (DRI 32% / DSI 35%)
18:27:02 |    📊 Mom=-0.08, Vol=-0.01, Tec=-0.07, Ml=0.21, Wav=-0.03, Ofi=-0.28, Fun=0.36
18:27:02 |       Mul=-0.76, Pri=-0.05, Tim=0.00, Rvs=0.00, _hu=0.63, _ds=0.12
18:27:02 |    🎯 Strategy: trend_following | Conf: 0.865 | TF: 1h (hold≥10m)
18:27:02 |    📊 Flow(mkt): L/S=1.2 R=-0.16 taker=+0.04
18:27:03 |    📈 OI: neutral Δ=+0.0%
18:27:03 |    🫧 AVAX FLOW [C401]: taker support +0.197 (entry +0.387, -0.190) 🟢 (instrumented, no exit wired)
18:27:03 |    📋 Limit Order Entry
18:27:03 | 
18:27:03 | ============================================================
18:27:03 | 🔵 Day: +1.2% (barrier ±0.68%, not a target — expected 0.14%/day) [C429-3]
18:27:03 | ============================================================
18:27:03 | 
18:29:23 |    🛡 C373: AVAX capture held — +0.18% is 0.07R, floor 48.00% (1.0R); 40/120min into horizon [throttled 5min]
18:29:37 | 📋 STEP 1: Using cached 71 pairs (332s old, refresh at 480s)
18:29:37 | ━━━━━━━━━━━━━━━━━━━━━━━━━━━━━━━━━━━━━━━━━━━━━━━━━━
18:29:37 | 📋 STEP 2: MARKET ANALYSIS — News, Bias, Coherence
18:29:37 | ━━━━━━━━━━━━━━━━━━━━━━━━━━━━━━━━━━━━━━━━━━━━━━━━━━
18:29:38 |    🌍 C270 macro: NDX/SPX z=+0.60 gold z=+0.06 tone x1.00 sess w=0.99 -> tilt +0.060 | R -0.55->-0.49
18:29:38 | ✅ C79 RESULTANT: 1h=+0.07 4h=-0.69 12h=-0.62 R=-0.49 mag=0.49
18:29:38 | 🌗 C264 MTS INVERTED: β̂=+0.58 — momentum decays toward present (1h weakest); with-R entries damped, counter-R block relaxes
18:29:38 | 📰 News: 65 articles | 🔵 +0.43
18:29:38 | 📈 Market: 🔻BEARISH (blend=-0.22 R=-0.49) | 1h=+0.07 4h=-0.69 12h=-0.62 align=+0.11 macro=✓
18:29:38 | 📊 Regime: TRENDING (0.56) | DFA=0.62 Ent=0.89 GARCH=0.0015
18:29:38 | 🎲 RegimeMarkov: state=TD → next most-likely TD (P=0.86, persist=0.86, conf=0.84, n=251) | calib[1146]: acc=0.84 brier=0.056
18:29:38 | 🎲 PairMarkov: calib[19444]: acc=1.00 brier=0.000 (baseline 0.160)
18:29:38 | 🎲 FamilyMarkov: calib[2166/120]: acc=1.00 brier=0.005 (base 0.020) skill=+76.1% [need +5%] EARNED [C342]
18:29:38 | 🎲 IchiMarkov: calib[19230/200]: acc=0.83 brier=0.128 (base 0.153) skill=+16.1% [need +5%] EARNED [C343]
18:29:38 | 🧮 S3-EV: calib[119]: acc=0.33 brier=0.332 (baseline 0.250)
18:29:38 | 🌊 Market coherence: 61% long (33↑ vs 21↓)
18:29:39 | 💰 Taker flow: 🔵 +0.10 (BTC=+0.17 ETH=+0.04)
18:29:39 | ━━━━━━━━━━━━━━━━━━━━━━━━━━━━━━━━━━━━━━━━━━━━━━━━━━
18:29:39 | 📋 STEP 3: PREDICTIVE ANALYSIS — Scoring each pair
18:29:39 | ━━━━━━━━━━━━━━━━━━━━━━━━━━━━━━━━━━━━━━━━━━━━━━━━━━
18:29:53 | 🌐 Market breadth -0.29 (OVERSOLD-heavy, 14 pairs) — fresh entries in that direction get a late-move brake
18:30:21 |    🛡 C373: 牛来 capture held — +0.70% is 0.24R, floor 48.00% (1.0R); 53/120min into horizon [throttled 5min]
18:30:21 | ⚡ 1H REGIME SHOCK: +0.07→-0.71 (Δ=-0.77) — 30min guard, counter-DOWN entries blocked
18:31:07 |    🛡 C373: KERNEL capture held — +0.34% is 0.13R, floor 48.00% (1.0R); 54/120min into horizon [throttled 5min]
18:34:36 |    🛡 KERNEL: trail held OFF — target $0.050966 not reached yet (+1.0%). Banking early is the worst-paying exit there is [C415]
18:34:58 | ━━━━━━━━━━━━━━━━━━━━━━━━━━━━━━━━━━━━━━━━━━━━━━━━━━
18:34:58 | 📋 STEP 1: SCREENING — Scanning all futures markets
18:34:58 | ━━━━━━━━━━━━━━━━━━━━━━━━━━━━━━━━━━━━━━━━━━━━━━━━━━
18:34:59 | 🔍 Scanning 802 markets for lively pairs...
18:34:59 |    🕒 C408: RWA held out this scan — us_equity×312 · hk_equity×8 · korea_equity×3  (they print 24/7 but only inform in session)
18:34:59 | 📊 327 pairs meet volume threshold ($750,000 relative)
18:35:07 |    🗂 C417 DESKS — each market scanned on its own terms:
18:35:07 |         ● crypto       universe  465  floor $   300k  passed  125  analysing  60
18:35:07 |         ○ us_equity    US cash closed
18:35:07 |         ● index_future universe    3  floor $   300k  passed    2  analysing   2
18:35:07 |         ● metal        universe    8  floor $   870k  passed    5  analysing   5
18:35:07 |         ● energy       universe    3  floor $  2109k  passed    3  analysing   3
18:35:07 |         ○ korea_equity KRX closed
18:35:07 |         ○ hk_equity    HKEX closed
18:35:07 |         → 70 pairs into Step 3 across 4 open markets (one budget each, they ADD — a second market never shrinks the first)
18:35:07 | 🏆 Top 70 pairs (PREDICTIVE: freshness + projected + geometric)
18:35:07 |    1. BTC/USDT:USDT: Live=0.791 V=$2632.4M Chg=-0.8% Proj=+0.04 Geo=+0.089
18:35:07 |    2. ETH/USDT:USDT: Live=0.966 V=$1829.2M Chg=-1.6% Proj=+0.24 Geo=+0.089
18:35:07 |    3. XRP/USDT:USDT: Live=0.722 V=$483.6M Chg=+1.3% Proj=+0.11 Geo=+0.185
18:35:07 |    4. ZEC/USDT:USDT: Live=0.755 V=$256.2M Chg=+6.9% Proj=+0.16 Geo=+0.061
18:35:07 |    5. SOL/USDT:USDT: Live=0.523 V=$236.0M Chg=-0.7% Proj=-0.04 Geo=+0.038
18:35:07 |    6. BCH/USDT:USDT: Live=1.020 V=$106.4M Chg=+12.4% Proj=+0.48 Geo=+0.045
18:35:07 |    7. XAU/USDT:USDT: Live=0.926 V=$120.0M Chg=-0.7% Proj=+0.40 Geo=-0.010
18:35:07 |    8. DOGE/USDT:USDT: Live=0.545 V=$127.7M Chg=-1.0% Proj=+0.03 Geo=+0.113
18:35:07 |    9. MUBARAK/USDT:USDT: Live=0.531 V=$94.4M Chg=-20.0% Proj=+0.03 Geo=+0.180
18:35:07 |    10. PEPE/USDT:USDT: Live=0.547 V=$72.0M Chg=-4.6% Proj=+0.05 Geo=+0.178
18:35:07 |    11. NEAR/USDT:USDT: Live=0.659 V=$104.5M Chg=+1.4% Proj=+0.17 Geo=+0.167
18:35:07 |    12. HYPE/USDT:USDT: Live=0.764 V=$83.9M Chg=-1.3% Proj=+0.28 Geo=+0.105
18:35:07 |    13. CL/USDT:USDT: Live=0.487 V=$69.6M Chg=+1.2% Proj=+0.01 Geo=+0.058
18:35:07 |    14. UNI/USDT:USDT: Live=0.533 V=$87.9M Chg=+0.2% Proj=+0.06 Geo=+0.213
18:35:07 |    15. LINK/USDT:USDT: Live=0.800 V=$29.2M Chg=-3.6% Proj=+0.34 Geo=+0.105
18:35:07 |    16. XAG/USDT:USDT: Live=0.446 V=$45.0M Chg=-1.2% Proj=+0.00 Geo=-0.016
18:35:07 |    17. PUMP/USDT:USDT: Live=0.608 V=$17.6M Chg=-9.2% Proj=+0.18 Geo=+0.176
18:35:07 |    18. AVAX/USDT:USDT: Live=0.774 V=$37.8M Chg=-2.0% Proj=+0.34 Geo=+0.114
18:35:07 |    19. TAO/USDT:USDT: Live=0.616 V=$23.8M Chg=-4.9% Proj=+0.19 Geo=+0.089
18:35:07 |    20. ARB/USDT:USDT: Live=0.735 V=$36.8M Chg=+4.7% Proj=+0.31 Geo=+0.132
18:35:07 |    21. ENA/USDT:USDT: Live=0.621 V=$43.0M Chg=-0.9% Proj=+0.20 Geo=+0.020
18:35:07 |    22. BZ/USDT:USDT: Live=0.685 V=$21.1M Chg=+1.9% Proj=+0.26 Geo=+0.034
18:35:07 |    23. NIL/USDT:USDT: Live=0.865 V=$30.7M Chg=+12.9% Proj=+0.45 Geo=+0.099
18:35:07 |    24. BNB/USDT:USDT: Live=0.742 V=$18.6M Chg=-1.7% Proj=+0.33 Geo=+0.104
18:35:07 |    25. APT/USDT:USDT: Live=0.573 V=$13.5M Chg=+7.8% Proj=+0.18 Geo=-0.022
18:35:07 |    26. COTI/USDT:USDT: Live=0.705 V=$4.4M Chg=+15.4% Proj=+0.32 Geo=+0.168
18:35:07 |    27. MET/USDT:USDT: Live=0.603 V=$7.0M Chg=+28.7% Proj=+0.22 Geo=+0.220
18:35:07 |    28. ONE/USDT:USDT: Live=0.656 V=$15.7M Chg=-22.1% Proj=+0.27 Geo=+0.094
18:35:07 |    29. LTC/USDT:USDT: Live=0.787 V=$24.6M Chg=+0.3% Proj=+0.42 Geo=+0.079
18:35:07 |    30. RENDER/USDT:USDT: Live=0.599 V=$5.9M Chg=-5.1% Proj=+0.23 Geo=+0.163
18:35:07 |    31. HBAR/USDT:USDT: Live=0.616 V=$19.7M Chg=-1.0% Proj=+0.26 Geo=+0.175
18:35:07 |    32. ZRO/USDT:USDT: Live=0.547 V=$6.0M Chg=+15.7% Proj=+0.19 Geo=+0.086
18:35:07 |    33. MARSCOIN/USDT:USDT: Live=0.543 V=$21.3M Chg=-1.0% Proj=+0.19 Geo=+0.085
18:35:07 |    34. PAXG/USDT:USDT: Live=0.803 V=$11.4M Chg=-0.7% Proj=+0.45 Geo=+0.038
18:35:07 |    35. XLM/USDT:USDT: Live=0.523 V=$20.3M Chg=-0.3% Proj=+0.17 Geo=+0.170
18:35:07 |    36. INJ/USDT:USDT: Live=0.630 V=$12.5M Chg=+3.3% Proj=+0.28 Geo=+0.077
18:35:07 |    37. NATGAS/USDT:USDT: Live=0.715 V=$4.6M Chg=+5.9% Proj=+0.37 Geo=-0.022
18:35:07 |    38. FARTCOIN/USDT:USDT: Live=0.615 V=$13.8M Chg=-3.5% Proj=+0.27 Geo=+0.168
18:35:07 |    39. CRV/USDT:USDT: Live=0.647 V=$5.6M Chg=-4.4% Proj=+0.31 Geo=+0.126
18:35:07 |    40. ZETA/USDT:USDT: Live=0.541 V=$5.9M Chg=-7.7% Proj=+0.20 Geo=+0.133
18:35:07 |    41. XAUT/USDT:USDT: Live=0.719 V=$8.7M Chg=-0.7% Proj=+0.38 Geo=+0.032
18:35:07 |    42. ASTER/USDT:USDT: Live=0.679 V=$5.5M Chg=-3.2% Proj=+0.34 Geo=+0.133
18:35:07 |    43. USELESS/USDT:USDT: Live=0.517 V=$13.2M Chg=-0.1% Proj=+0.20 Geo=+0.024
18:35:07 |    44. BGB/USDT:USDT: Live=0.543 V=$3.9M Chg=-2.5% Proj=+0.23 Geo=+0.131
18:35:07 |    45. TRX/USDT:USDT: Live=0.818 V=$3.1M Chg=-1.2% Proj=+0.51 Geo=+0.057
18:35:07 |    46. FIGHT/USDT:USDT: Live=0.875 V=$1.8M Chg=+39.0% Proj=+0.57 Geo=+0.196
18:35:07 |    47. SEI/USDT:USDT: Live=0.605 V=$7.0M Chg=-1.8% Proj=+0.30 Geo=-0.030
18:35:07 |    48. SENT/USDT:USDT: Live=0.750 V=$0.9M Chg=+22.3% Proj=+0.45 Geo=+0.082
18:35:07 |    49. APE/USDT:USDT: Live=0.829 V=$3.1M Chg=+8.3% Proj=+0.53 Geo=+0.061
18:35:07 |    50. RAY/USDT:USDT: Live=0.608 V=$3.5M Chg=+6.1% Proj=+0.32 Geo=+0.216
18:35:07 |    51. ZEST/USDT:USDT: Live=0.544 V=$1.1M Chg=+22.3% Proj=+0.26 Geo=+0.191
18:35:07 |    52. 牛来/USDT:USDT: Live=0.508 V=$5.3M Chg=-4.5% Proj=+0.24 Geo=+0.166
18:35:07 |    53. ICP/USDT:USDT: Live=0.675 V=$4.6M Chg=+3.0% Proj=+0.40 Geo=+0.012
18:35:07 |    54. SPX/USDT:USDT: Live=0.400 V=$2.1M Chg=-8.2% Proj=+0.13 Geo=+0.203
18:35:07 |    55. GRT/USDT:USDT: Live=0.771 V=$1.2M Chg=+12.8% Proj=+0.51 Geo=+0.015
18:35:07 |    56. 0G/USDT:USDT: Live=0.506 V=$1.7M Chg=+11.3% Proj=+0.24 Geo=-0.010
18:35:07 |    57. ACE/USDT:USDT: Live=0.767 V=$1.6M Chg=+8.9% Proj=+0.51 Geo=+0.096
18:35:07 |    58. JUP/USDT:USDT: Live=0.732 V=$3.6M Chg=+2.1% Proj=+0.47 Geo=+0.001
18:35:07 |    59. ZEN/USDT:USDT: Live=0.508 V=$3.1M Chg=+4.7% Proj=+0.25 Geo=-0.002
18:35:07 |    60. GRASS/USDT:USDT: Live=0.510 V=$2.6M Chg=+6.4% Proj=+0.25 Geo=+0.075
18:35:07 |    61. MAGMA/USDT:USDT: Live=0.710 V=$1.2M Chg=+9.1% Proj=+0.46 Geo=+0.203
18:35:07 |    62. BEAT/USDT:USDT: Live=0.873 V=$1.7M Chg=+8.2% Proj=+0.63 Geo=+0.141
18:35:07 |    63. KAS/USDT:USDT: Live=0.626 V=$1.2M Chg=-3.5% Proj=+0.39 Geo=-0.001
18:35:07 |    64. US/USDT:USDT: Live=0.544 V=$0.7M Chg=+12.6% Proj=+0.32 Geo=+0.006
18:35:07 |    65. KMNO/USDT:USDT: Live=0.558 V=$0.7M Chg=+11.4% Proj=+0.33 Geo=+0.061
18:35:07 |    66. GRVT/USDT:USDT: Live=0.550 V=$0.7M Chg=+4.1% Proj=+0.32 Geo=+0.075
18:35:07 |    67. BLESS/USDT:USDT: Live=0.586 V=$1.1M Chg=+8.4% Proj=+0.36 Geo=+0.094
18:35:07 |    68. GPS/USDT:USDT: Live=0.521 V=$0.7M Chg=+10.2% Proj=+0.30 Geo=+0.142
18:35:07 |    69. NDX100/USDT:USDT: Live=-0.121 V=$0.9M Chg=+0.6% Proj=-0.32 Geo=-0.015
18:35:07 |    70. COPPER/USDT:USDT: Live=0.142 V=$0.9M Chg=-0.7% Proj=-0.02 Geo=+0.091
18:35:07 |    🪞 C266 board-parity (top movers vs screen): FIGHT +39%[#46] | ALLO +31%[Live=0.42<cut] | MET +29%[#27] | SENT +22%[#48] | ZEST +22%[#51]
18:35:07 |    🔬 BTC geo: slope=+0.046 pure=+0.043
18:35:07 |    🔬 ETH geo: slope=+0.048 harm=+0.008 pure=+0.033
18:35:07 |    🔬 XRP geo: slope=+0.126 harm=+0.006 pure=+0.053
18:35:07 | 📦 OHLCV cache: 157 pairs cached for quick_scan
18:35:07 | ━━━━━━━━━━━━━━━━━━━━━━━━━━━━━━━━━━━━━━━━━━━━━━━━━━
18:35:07 | 📋 STEP 2: MARKET ANALYSIS — News, Bias, Coherence
18:35:07 | ━━━━━━━━━━━━━━━━━━━━━━━━━━━━━━━━━━━━━━━━━━━━━━━━━━
18:35:07 |    🛡 C373: AVAX capture held — +0.99% is 0.39R, floor 48.00% (1.0R); 46/120min into horizon [throttled 5min]
18:35:08 |    🌍 C270 macro: NDX/SPX z=+0.72 gold z=-0.98 tone x1.00 sess w=0.99 -> tilt +0.071 | R -0.54->-0.47
18:35:08 | ✅ C79 RESULTANT: 1h=-0.57 4h=-0.50 12h=-0.60 R=-0.47 mag=0.47
18:35:08 | 📰 News: 65 articles | 🔵 +0.43
18:35:08 | 📈 Market: 🔻BEARISH (blend=-0.22 R=-0.47) | 1h=-0.57 4h=-0.50 12h=-0.60 align=+0.31 macro=✓
18:35:08 | 📊 Regime: TRENDING (0.54) | DFA=0.60 Ent=0.89 GARCH=0.0014
18:35:08 | 🎲 RegimeMarkov: state=TD → next most-likely TD (P=0.86, persist=0.86, conf=0.84, n=252) | calib[1147]: acc=0.84 brier=0.056
18:35:08 | 🎲 PairMarkov: calib[19444]: acc=1.00 brier=0.000 (baseline 0.160)
18:35:08 | 🎲 FamilyMarkov: calib[2166/120]: acc=1.00 brier=0.005 (base 0.020) skill=+76.1% [need +5%] EARNED [C342]
18:35:08 | 🎲 IchiMarkov: calib[19230/200]: acc=0.83 brier=0.128 (base 0.153) skill=+16.1% [need +5%] EARNED [C343]
18:35:08 | 🧮 S3-EV: calib[119]: acc=0.33 brier=0.332 (baseline 0.250)
18:35:08 | 🌊 Market coherence: 59% long (33↑ vs 23↓)
18:35:09 | 💰 Taker flow: 🔵 +0.12 (BTC=+0.27 ETH=-0.03)
18:35:09 | ━━━━━━━━━━━━━━━━━━━━━━━━━━━━━━━━━━━━━━━━━━━━━━━━━━
18:35:09 | 📋 STEP 3: PREDICTIVE ANALYSIS — Scoring each pair
18:35:09 | ━━━━━━━━━━━━━━━━━━━━━━━━━━━━━━━━━━━━━━━━━━━━━━━━━━
18:35:30 |    📚 PairProfiles: 429 pairs in persistent baseline (157/157 mature this scan)
18:35:30 |    ------------------------------------
18:35:30 |    🧬 BTC: breadth 3/6 → conviction 0.43 | cat=majors/W-1.00(member) trend×1.37 | Sq=-0.03 fund=+0.004% OI=$2975.4M CVD=-0.49 ofi=+0.09 OIdiv=+0.16 book=-0.15
18:35:30 |    🌍 C396 session tilt: Europe (13h UTC) → entry score ×1.12 [measured 55.9% Europe vs 46.5% Asia barrier-win]
18:35:30 |    📰 BTC: news long sig=0.50 score=+0.06
18:35:30 |    🎯 BTC: target 0.5%→0.6% — regime TD persisting 0.86 on an earned ledger (acc 0.84); room-to-structure defers to the trend [C340]
18:35:30 |    ☁️ BTC: ichimoku B- persisting 0.91 WITH the short → score ×1.04 (earned ledger) [C343]
18:35:30 |    ⚡ BTC: short news-tech conflict — score×0.70 (news long sig=0.50)
18:35:30 | 🔗 BTC: short capped — 3/3 already short (max 3)
18:35:31 |    ------------------------------------
18:35:31 |    🧬 ETH: breadth 4/6 → conviction 0.62 | cat=majors/W-1.00(member) trend×1.37 | Sq=-0.04 fund=+0.006% OI=$2111.7M CVD=-0.30 ofi=+0.11 OIdiv=+0.23 book=+0.03
18:35:31 |    🧭 C403 flow term: takers are -0.98 AGAINST this long → score ×0.902
18:35:31 |    📰 ETH: news long sig=0.50 score=+0.10
18:35:31 |    🛑 ETH: long opposes the latched DOWN-trend (R was -0.67 1min ago; now -0.47, 4h -0.63) — one weak print is a blip, not a turn [C339]
18:35:31 |    ------------------------------------
18:35:31 |    🧬 XRP: breadth 4/6 → conviction 0.49 | cat=l1/W-0.99(member) trend×1.39 | Sq=-0.06 fund=+0.010% OI=$275.9M CVD=-0.25 ofi=-0.07 OIdiv=-0.18 book=+0.29
18:35:31 |    · XRP: news ~market score=+0.04 (no coin-specific articles)
18:35:31 |    🛑 XRP: SHORT at RSI 23 (oversold, stretched) → brake 17%
18:35:31 |    🎢→✅ XRP: parabola RESOLVED (bounce age 34c, unwound 8.8 ATR) → short allowed, penalty 15%
18:35:31 |    🧭 C436 direction probability: 1 earned source(s): ichi[B-] 0.91x0.31(skill +8%) → p 0.33→0.85
18:35:31 |    🧪 C420-5: S3 probability skill -32.8% over 119 scored trades (brier 0.332 vs baseline 0.250) → claims kept at ×0.00; p 0.65→0.85. NOT EARNED — p is the base rate [throttled 15min]
18:35:32 |    ⚖️ C467: XRP E=-0.105R is below the +0.000R bar, but the probability feeding E has NO measured skill (Brier skill ≤ 0), so E does not get a veto — score taxed 5% instead and the other gates decide. The veto returns automatically when p starts beating a coin flip [C467, throttled 10min]
18:35:32 |    🎯 XRP: target 1.0%→1.8% — regime TD persisting 0.86 on an earned ledger (acc 0.84); room-to-structure defers to the trend [C340]
18:35:32 |    ☁️ XRP: ichimoku B- persisting 0.91 WITH the short → score ×1.04 (earned ledger) [C343]
18:35:32 |    ⚠️ XRP: short into bullish rejection candle at RSI 23 (counter-signal) -> conviction x0.85
18:35:32 |    ⚡ XRP: short wick rejection #1 → score×0.75
18:35:32 | 🔗 XRP: short capped — 3/3 already short (max 3)
18:35:32 |    ------------------------------------
18:35:32 |    🧬 ZEC: breadth 1/6 → conviction 0.23 | cat=privacy/W-0.88(member) trend×1.25 | Sq=-0.05 fund=+0.008% OI=$178.3M CVD=-0.60 ofi=-0.31 OIdiv=+0.29 book=-0.30
18:35:32 |    📰 ZEC: news long sig=0.50 score=+0.26
18:35:33 |    🎯 ZEC: target 1.4%→3.3% — regime TD persisting 0.86 on an earned ledger (acc 0.84); room-to-structure defers to the trend [C340]
18:35:33 |    🧠 ZEC: memory — conviction rising +0.09 over 4 scans → score ×1.06 [C352]
18:35:33 |    ⚡ ZEC: short news-tech conflict — score×0.70 (news long sig=0.50)
18:35:33 | 🔗 ZEC: short capped — 3/3 already short (max 3)
18:35:33 |    ------------------------------------
18:35:33 |    🧬 SOL: breadth 3/6 → conviction 0.39 | cat=solana_eco/W-0.74(member) trend×1.28 | Sq=-0.03 fund=+0.005% OI=$463.5M CVD=-0.28 ofi=-0.18 OIdiv=+0.06 book=+0.16
18:35:33 |    📄 SOL: news long sig=0.12 score=+0.12
18:35:33 |    🛑 SOL: long opposes the latched DOWN-trend (R was -0.67 1min ago; now -0.47, 4h -0.63) — one weak print is a blip, not a turn [C339]
18:35:34 |    ------------------------------------
18:35:34 |    🧬 BCH: breadth 4/6 → conviction 0.56 | cat=l1/W-0.28(member) trend×1.34 | Sq=-0.04 fund=+0.007% OI=$27.1M CVD=-0.27 ofi=+0.02 OIdiv=+0.60 book=+0.28
18:35:34 |    🧬 BCH: own-history vol 2.01% vs baseline 0.66% (×3.03) → abnormal-wild conviction ×0.91 [C286-2]
18:35:34 |    📄 BCH: news long sig=0.10 score=+0.08
18:35:34 |    ⚡ BCH: long opposes 1H REGIME SHOCK (DOWN-swing, 25min left) → blocked
18:35:35 |    ------------------------------------
18:35:35 |    🧬 XAU: breadth 5/6 → conviction 0.97 | cat=calm/W-0.83(regime) trend×1.25 | Sq=-0.08 fund=+0.011% OI=$75.5M CVD=+0.19 ofi=+0.24 book=-0.06
18:35:35 |    · XAU: news ~market score=+0.04 (no coin-specific articles)
18:35:35 |    🛑 XAU: long opposes the latched DOWN-trend (R was -0.67 1min ago; now -0.47, 4h -0.63) — one weak print is a blip, not a turn [C339]
18:35:35 |    ------------------------------------
18:35:35 |    🧬 DOGE: breadth 4/6 → conviction 0.59 | cat=meme/W-0.47(member) meanrev×0.72 | Sq=-0.02 fund=+0.003% OI=$146.7M CVD=-0.30 ofi=+0.40 OIdiv=-0.20 book=+0.28
18:35:35 |    · DOGE: news ~market score=+0.04 (no coin-specific articles)
18:35:35 |    🛑 DOGE: long opposes the latched DOWN-trend (R was -0.67 1min ago; now -0.47, 4h -0.63) — one weak print is a blip, not a turn [C339]
18:35:35 |    ------------------------------------
18:35:35 |    🧬 MUBARAK: breadth 4/5 → conviction 0.89 | cat=wild/W+0.93(regime) meanrev×0.60 | Sq=-0.13 fund=+0.019% OI=$4.0M CVD=+0.27 ofi=+0.15 book=+0.13
18:35:35 |    🧬 MUBARAK: own-history vol 4.52% vs baseline 1.76% (×2.57) → abnormal-wild conviction ×0.94 [C286-2]
18:35:35 |    · MUBARAK: news ~market score=+0.04 (no coin-specific articles)
18:35:35 |    🛑 MUBARAK: SHORT at RSI 20 (oversold, stretched) → brake 23%
18:35:36 |    🎯 MUBARAK: target 5.0%→12.3% — regime TD persisting 0.86 on an earned ledger (acc 0.84); room-to-structure defers to the trend [C340]
18:35:36 |    ☁️ MUBARAK: ichimoku B- persisting 0.91 WITH the short → score ×1.04 (earned ledger) [C343]
18:35:36 | 🔗 MUBARAK: short capped — 3/3 already short (max 3)
18:35:36 |    ------------------------------------
18:35:36 |    🧬 PEPE: breadth 2/6 → conviction 0.43 | cat=meme/W-0.09(member) meanrev×0.65 | Sq=-0.08 fund=+0.012% OI=$39.3M CVD=-0.30 ofi=+0.10 OIdiv=+0.16
18:35:36 |    📰 PEPE: news neutral sig=0.50 score=+0.08
18:35:36 |    🛑 PEPE: SHORT at RSI 28 (oversold, stretched) → brake 5%
18:35:36 |    🎢→✅ PEPE: parabola RESOLVED (bounce age 2c, unwound 0.8 ATR, extreme re-touched) → short allowed, penalty 15%
18:35:37 |    🎯 PEPE: target 2.1%→3.0% — regime TD persisting 0.86 on an earned ledger (acc 0.84); room-to-structure defers to the trend [C340]
18:35:37 |    ☁️ PEPE: ichimoku B- persisting 0.91 WITH the short → score ×1.04 (earned ledger) [C343]
18:35:37 | 🔗 PEPE: short capped — 3/3 already short (max 3)
18:35:37 |    ------------------------------------
18:35:37 |    🧬 NEAR: breadth 6/6 → conviction 1.00 | cat=ai/W+0.18(member) meanrev×0.65 | Sq=-0.06 fund=+0.010% OI=$79.4M CVD=-0.58 ofi=+0.28 OIdiv=+0.02 book=-0.28
18:35:37 |    🧬 NEAR: own-history vol 1.99% vs baseline 1.09% (×1.83) → abnormal-wild conviction ×0.99 [C286-2]
18:35:37 |    📰 NEAR: news long sig=0.30 score=+0.12
18:35:38 |    ⚡ NEAR: long opposes 1H REGIME SHOCK (DOWN-swing, 25min left) → blocked
18:35:38 |    ------------------------------------
18:35:38 |    🧬 HYPE: breadth 3/5 → conviction 0.47 | cat=defi/W-0.62(member) trend×1.33 | Sq=-0.00 fund=+0.001% OI=$225.7M CVD=-0.29 ofi=-0.03 OIdiv=+0.12 book=-0.15
18:35:38 |    📄 HYPE: news long sig=0.12 score=+0.04
18:35:38 |    🛑 HYPE: SHORT at RSI 28 (oversold, stretched) → brake 3%
18:35:38 |    🎢→✅ HYPE: parabola RESOLVED (bounce age 31c, unwound 6.6 ATR) → short allowed, penalty 15%
18:35:38 |    🎯 HYPE: target 0.7%→1.3% — regime TD persisting 0.86 on an earned ledger (acc 0.84); room-to-structure defers to the trend [C340]
18:35:38 |    ☁️ HYPE: ichimoku B- persisting 0.91 WITH the short → score ×1.04 (earned ledger) [C343]
18:35:38 |    ⚠️ HYPE: short into bullish rejection candle at RSI 28 (counter-signal) -> conviction x0.85
18:35:38 |    ⚡ HYPE: short wick rejection #1 → score×0.75
18:35:38 | 🔗 HYPE: short capped — 3/3 already short (max 3)
18:35:39 |    ------------------------------------
18:35:39 |    🧬 CL: breadth 5/5 → conviction 1.00 | cat=calm/W-0.80(regime) trend×1.25 | Sq=+0.01 fund=-0.001% OI=$36.9M CVD=-0.22 ofi=-0.19 OIdiv=+0.60 book=-0.11
18:35:39 |    · CL: news ~market score=+0.04 (no coin-specific articles)
18:35:39 |    🛑 CL: LONG at RSI 73 (overbought, stretched) → brake 7%
18:35:39 |    🎢→✅ CL: parabola RESOLVED (pullback age 69c, recovered 6.6 ATR) → long allowed, penalty 15%
18:35:39 |    ⚡ CL: projection 0.46% modest + MA-fan compressing (ma_fan=+0.03) → penalty 20%
18:35:39 |    ⚡ CL: long opposes 1H REGIME SHOCK (DOWN-swing, 25min left) → blocked
18:35:39 |    ------------------------------------
18:35:39 |    🧬 UNI: breadth 4/6 → conviction 0.56 | cat=defi/W+0.09(member) meanrev×0.71 | Sq=-0.06 fund=+0.010% OI=$38.3M CVD=+0.03 ofi=-0.00 book=-0.20
18:35:39 |    📄 UNI: news long sig=0.12 score=+0.04
18:35:39 |    🛑 UNI: SHORT at RSI 25 (oversold, stretched) → brake 12%
18:35:39 |    🎢→✅ UNI: parabola RESOLVED (bounce age 39c, unwound 8.7 ATR) → short allowed, penalty 15%
18:35:40 |    🎯 UNI: target 2.2%→4.0% — regime TD persisting 0.86 on an earned ledger (acc 0.84); room-to-structure defers to the trend [C340]
18:35:40 |    ☁️ UNI: ichimoku B- persisting 0.91 WITH the short → score ×1.04 (earned ledger) [C343]
18:35:40 |    ⚠️ UNI: short into bullish rejection candle at RSI 25 (counter-signal) -> conviction x0.85
18:35:40 |    ⚡ UNI: short wick rejection #1 → score×0.75
18:35:40 | 🔗 UNI: short capped — 3/3 already short (max 3)
18:35:40 |    ------------------------------------
18:35:40 |    🧬 LINK: breadth 3/6 → conviction 0.68 | cat=defi/W-0.63(member) trend×1.33 | Sq=-0.06 fund=+0.010% OI=$53.7M CVD=-0.29 ofi=+0.05 OIdiv=+0.30 book=+0.13
18:35:40 |    📄 LINK: news long sig=0.12 score=+0.04
18:35:40 |    🛑 LINK: SHORT at RSI 27 (oversold, stretched) → brake 7%
18:35:41 |    🎯 LINK: target 0.4%→1.8% — regime TD persisting 0.86 on an earned ledger (acc 0.84); room-to-structure defers to the trend [C340]
18:35:41 |    ☁️ LINK: ichimoku B- persisting 0.91 WITH the short → score ×1.04 (earned ledger) [C343]
18:35:41 |    ⚠️ LINK: short into bullish rejection candle at RSI 27 (counter-signal) -> conviction x0.85
18:35:41 |    ⚡ LINK: short wick rejection #1 → score×0.75
18:35:41 | 🔗 LINK: short capped — 3/3 already short (max 3)
18:35:41 |    ------------------------------------
18:35:41 |    🧬 XAG: breadth 1/6 → conviction 0.13 | cat=calm/W-0.74(regime) trend×1.24 | Sq=-0.10 fund=+0.014% OI=$24.3M CVD=-0.02 ofi=+0.04 OIdiv=+0.49 book=-0.18
18:35:41 |    · XAG: news ~market score=+0.04 (no coin-specific articles)
18:35:41 |    🎢→✅ XAG: parabola RESOLVED (bounce age 3c, unwound 0.0 ATR, extreme re-touched) → short allowed, penalty 15%
18:35:41 |    🎯 XAG: target 0.6%→0.7% — regime TD persisting 0.86 on an earned ledger (acc 0.84); room-to-structure defers to the trend [C340]
18:35:41 |    ☁️ XAG: ichimoku B- persisting 0.91 WITH the short → score ×1.04 (earned ledger) [C343]
18:35:41 | 🔗 XAG: short capped — 3/3 already short (max 3)
18:35:42 |    ------------------------------------
18:35:42 |    🧬 PUMP: breadth 5/6 → conviction 0.92 | cat=mid/W+0.30(regime) meanrev×0.69 | Sq=-0.03 fund=+0.005% OI=$16.7M CVD=-0.24 ofi=+0.03 OIdiv=+0.34 book=-0.16
18:35:42 |    · PUMP: news ~market score=+0.04 (no coin-specific articles)
18:35:42 |    🛑 PUMP: SHORT at RSI 20 (oversold, stretched) → brake 22%
18:35:42 |    🎯 PUMP: target 1.4%→2.8% — regime TD persisting 0.86 on an earned ledger (acc 0.84); room-to-structure defers to the trend [C340]
18:35:42 |    ☁️ PUMP: ichimoku B- persisting 0.91 WITH the short → score ×1.04 (earned ledger) [C343]
18:35:42 | 🔗 PUMP: short capped — 3/3 already short (max 3)
18:35:43 |    ------------------------------------
18:35:43 |    🧬 AVAX: breadth 5/6 → conviction 0.78 | cat=l1/W-0.42(member) trend×1.35 | Sq=-0.04 fund=+0.006% OI=$31.2M CVD=-0.29 ofi=-0.15 OIdiv=+0.22 book=-0.12
18:35:43 |    🧬 AVAX: own-history vol 1.25% vs baseline 0.69% (×1.81) → abnormal-wild conviction ×0.99 [C286-2]
18:35:43 |    · AVAX: news ~market score=+0.04 (no coin-specific articles)
18:35:43 |    🎯 AVAX: target 1.9%→3.4% — regime TD persisting 0.86 on an earned ledger (acc 0.84); room-to-structure defers to the trend [C340]
18:35:43 |    🛑 AVAX: short MICRO-EXHAUSTION (3/3 signals) → blocked
18:35:43 |    ------------------------------------
18:35:43 |    🧬 TAO: breadth 4/6 → conviction 0.54 | cat=ai/W-0.39(member) trend×1.28 | Sq=-0.03 fund=+0.005% OI=$35.0M CVD=-0.60 ofi=-0.04 OIdiv=+0.60 book=+0.09
18:35:43 |    📄 TAO: news long sig=0.12 score=+0.10
18:35:43 |    🧭 C439: earned chains put p at 0.20 against a base of 0.33 — they DISAGREE with this long → score ×0.969 (bounded, same treatment C342/C343 give a dissenting chain) [throttled 15min]
18:35:44 |    🛑 TAO: long opposes the latched DOWN-trend (R was -0.67 1min ago; now -0.47, 4h -0.63) — one weak print is a blip, not a turn [C339]
18:35:44 |    ------------------------------------
18:35:44 |    🧬 ARB: breadth 5/6 → conviction 0.94 | cat=l2/W+0.61(member) meanrev×0.60 | Sq=-0.04 fund=+0.007% OI=$22.3M CVD=-0.60 ofi=-0.02 OIdiv=+0.20 book=-0.15
18:35:44 |    · ARB: news ~market score=+0.04 (no coin-specific articles)
18:35:44 |    🛑 ARB: SHORT at RSI 26 (oversold, stretched) → brake 9%
18:35:44 |    🎢→✅ ARB: parabola RESOLVED (bounce age 38c, unwound 7.2 ATR) → short allowed, penalty 15%
18:35:45 |    🎯 ARB: target 2.1%→3.7% — regime TD persisting 0.86 on an earned ledger (acc 0.84); room-to-structure defers to the trend [C340]
18:35:45 |    ☁️ ARB: ichimoku B- persisting 0.91 WITH the short → score ×1.04 (earned ledger) [C343]
18:35:45 | 🔗 ARB: short capped — 3/3 already short (max 3)
18:35:45 |    ------------------------------------
18:35:45 |    🧬 ENA: breadth 3/5 → conviction 0.58 | cat=defi/W+0.29(member) meanrev×0.67 | Sq=-0.01 fund=+0.002% OI=$47.3M CVD=-0.25 ofi=-0.34 OIdiv=+0.53 book=+0.12
18:35:45 |    📄 ENA: news long sig=0.12 score=+0.04
18:35:45 |    🛑 ENA: projection 0.18% < 0.50% (ATR-relative) + MA-fan not accelerating (ma_fan=+0.00) → blocked
18:35:46 |    ------------------------------------
18:35:46 |    🧬 BZ: breadth 4/5 → conviction 0.84 | cat=calm/W-0.74(regime) trend×1.24 | Sq=+0.00 fund=-0.001% OI=$28.2M CVD=-0.07 ofi=+0.01 OIdiv=+0.21 book=+0.20
18:35:46 |    · BZ: news ~market score=+0.04 (no coin-specific articles)
18:35:46 |    ⚡ BZ: projection 0.52% modest + MA-fan compressing (ma_fan=+0.02) → penalty 20%
18:35:46 |    🛑 BZ: long target 0.1% too small + room 5% → blocked
18:35:46 |    ------------------------------------
18:35:46 |    🧬 NIL: breadth 5/6 → conviction 0.94 | cat=wild/W+0.76(regime) meanrev×0.60 | Sq=-0.04 fund=+0.005% OI=$2.7M CVD=+0.47 ofi=-0.00 book=-0.18
18:35:46 |    🧬 NIL: own-history vol 3.10% vs baseline 1.50% (×2.07) → abnormal-wild conviction ×0.97 [C286-2]
18:35:46 |    · NIL: news ~market score=+0.04 (no coin-specific articles)
18:35:46 |    🎢→⚖️ NIL: C292 stands down — parabola BROKEN (range 15×ATR, 7.2 ATR off the day extreme): the 24h 'trend' already failed structurally; counter-trend entry re-enters the TURNING path [C299]
18:35:46 |    ⚡ NIL: 24h=+12.9% but 1h=+0.0% (TURNING) → penalty 26%
18:35:46 |    🎢→✅ NIL: parabola RESOLVED (bounce age 27c, unwound 7.2 ATR) → short allowed, penalty 15%
18:35:47 |    🎯 NIL: target 3.4%→8.5% — regime TD persisting 0.86 on an earned ledger (acc 0.84); room-to-structure defers to the trend [C340]
18:35:47 |    ☁️ NIL: ichimoku B- persisting 0.91 WITH the short → score ×1.04 (earned ledger) [C343]
18:35:47 | 🔗 NIL: short capped — 3/3 already short (max 3)
18:35:47 |    ------------------------------------
18:35:47 |    🧬 BNB: breadth 4/6 → conviction 0.80 | cat=majors/W-0.59(member) trend×1.35 | Sq=-0.06 fund=+0.009% OI=$74.8M CVD=-0.37 ofi=-0.05 OIdiv=+0.11 book=-0.22
18:35:47 |    📄 BNB: news long sig=0.12 score=+0.07
18:35:47 |    🎯 BNB: target 0.4%→1.0% — regime TD persisting 0.86 on an earned ledger (acc 0.84); room-to-structure defers to the trend [C340]
18:35:47 |    ☁️ BNB: ichimoku B- persisting 0.91 WITH the short → score ×1.04 (earned ledger) [C343]
18:35:47 |    ⚠️ BNB: short into bullish rejection candle at RSI 31 (counter-signal) -> conviction x0.85
18:35:47 |    ⚡ BNB: short wick rejection #1 → score×0.75
18:35:47 | 🔗 BNB: short capped — 3/3 already short (max 3)
18:35:48 |    ------------------------------------
18:35:48 |    🧬 APT: breadth 3/6 → conviction 0.37 | cat=l1/W-0.14(member) trend×1.33 | Sq=-0.06 fund=+0.010% OI=$8.9M CVD=-0.59 ofi=-0.20 OIdiv=-0.29 book=-0.17
18:35:48 |    · APT: news ~market score=+0.04 (no coin-specific articles)
18:35:48 |    🎢 APT: long BLOCKED — broken-parabola bounce (day range 12×ATR, 2.2 ATR below the day high) → post-blow-off distribution risk
18:35:48 |       ⚖️ parabola → score ×0.82 (penalty, not a veto — must still clear the bar) [C403]
18:35:48 |    ⚡ APT: long opposes 1H REGIME SHOCK (DOWN-swing, 25min left) → blocked
18:35:49 |    ------------------------------------
18:35:49 |    🧬 COTI: breadth 6/6 → conviction 1.00 | cat=wild/W+0.90(regime) meanrev×0.60 | Sq=+0.89 fund=-0.264% OI=$4.1M CVD=+0.51 ofi=-0.01 book=+0.27
18:35:49 |    · COTI: news ~market score=+0.04 (no coin-specific articles)
18:35:49 |    ⚡ COTI: long opposes 1H REGIME SHOCK (DOWN-swing, 25min left) → blocked
18:35:50 |    ------------------------------------
18:35:50 |    🧬 MET: breadth 2/6 → conviction 0.63 | cat=wild/W+0.74(regime) meanrev×0.60 | Sq=-0.03 fund=+0.005% OI=$1.3M CVD=-0.18 ofi=-0.02 OIdiv=+0.30 book=-0.20
18:35:50 |    🧬 MET: own-history vol 3.68% vs baseline 1.36% (×2.71) → abnormal-wild conviction ×0.93 [C286-2]
18:35:50 |    · MET: news ~market score=+0.04 (no coin-specific articles)
18:35:50 |    🚫 MET: short vs 24h=+28.7% — 1h flat but PROJECTION +0.22 confirms the trend CONTINUES (not turning) → counter-trend blocked [C292]
18:35:50 |    🛡 AVAX: trail held OFF — target $9.7155 not reached yet (+0.9%). Banking early is the worst-paying exit there is [C415]
18:35:50 |    ------------------------------------
18:35:50 |    🧬 ONE: breadth 5/6 → conviction 0.93 | cat=wild/W+1.00(regime) meanrev×0.60 | Sq=+0.95 fund=-0.223% OI=$1.8M CVD=+0.55 ofi=+0.10 OIdiv=-0.48 book=+0.09
18:35:50 |    📰 ONE: news long sig=0.30 score=+0.13
18:35:50 |    🎯 ONE: target 3.5%→8.8% — regime TD persisting 0.86 on an earned ledger (acc 0.84); room-to-structure defers to the trend [C340]
18:35:50 |    ⚡ ONE: short news-tech conflict — score×0.70 (news long sig=0.30)
18:35:50 | 🔗 ONE: short capped — 3/3 already short (max 3)
18:35:51 |    ------------------------------------
18:35:51 |    🧬 LTC: breadth 3/5 → conviction 0.50 | cat=l1/W-0.35(member) trend×1.34 | Sq=-0.06 fund=+0.010% OI=$30.8M CVD=+0.12 ofi=+0.01 OIdiv=-0.46 book=-0.05
18:35:51 |    · LTC: news ~market score=+0.04 (no coin-specific articles)
18:35:51 |    🎢→✅ LTC: parabola RESOLVED (bounce age 24c, unwound 5.2 ATR) → short allowed, penalty 15%
18:35:51 |    🎯 LTC: target 1.4%→2.0% — regime TD persisting 0.86 on an earned ledger (acc 0.84); room-to-structure defers to the trend [C340]
18:35:51 |    ☁️ LTC: ichimoku B- persisting 0.91 WITH the short → score ×1.04 (earned ledger) [C343]
18:35:51 | 🔗 LTC: short capped — 3/3 already short (max 3)
18:35:52 |    ------------------------------------
18:35:52 |    🧬 RENDER: breadth 4/6 → conviction 0.69 | cat=depin/W-0.26(member) trend×1.29 | Sq=-0.03 fund=+0.005% OI=$9.5M CVD=-0.32 ofi=+0.40 OIdiv=+0.04 book=-0.27
18:35:52 |    📄 RENDER: news long sig=0.12 score=+0.10
18:35:52 |    🛑 RENDER: SHORT at RSI 23 (oversold, stretched) → brake 15%
18:35:52 |    🎯 RENDER: target 1.3%→2.3% — regime TD persisting 0.86 on an earned ledger (acc 0.84); room-to-structure defers to the trend [C340]
18:35:52 |    ☁️ RENDER: ichimoku B- persisting 0.91 WITH the short → score ×1.04 (earned ledger) [C343]
18:35:52 |    ⚠️ RENDER: short into bullish rejection candle at RSI 23 (counter-signal) -> conviction x0.85
18:35:52 |    ⚡ RENDER: short wick rejection #1 → score×0.75
18:35:52 | 🔗 RENDER: short capped — 3/3 already short (max 3)
18:35:52 |    ------------------------------------
18:35:52 |    🧬 HBAR: breadth 5/6 → conviction 0.75 | cat=l1/W+0.33(member) meanrev×0.65 | Sq=-0.07 fund=+0.010% OI=$18.1M CVD=-0.60 ofi=-0.08 OIdiv=-0.23 book=-0.05
18:35:52 |    · HBAR: news ~market score=+0.04 (no coin-specific articles)
18:35:52 |    🛑 HBAR: SHORT at RSI 12 (oversold, stretched) → brake 20% [capitulation-flow confirmed → halved]
18:35:53 |    🎯 HBAR: target 1.1%→2.0% — regime TD persisting 0.86 on an earned ledger (acc 0.84); room-to-structure defers to the trend [C340]
18:35:53 |    ☁️ HBAR: ichimoku B- persisting 0.91 WITH the short → score ×1.04 (earned ledger) [C343]
18:35:53 | 🔗 HBAR: short capped — 3/3 already short (max 3)
18:35:53 |    ------------------------------------
18:35:53 |    🧬 ZRO: breadth 4/6 → conviction 0.62 | cat=l2/W+0.90(member) meanrev×0.60 | Sq=-0.03 fund=+0.005% OI=$3.6M CVD=-0.16 ofi=-0.20 OIdiv=+0.29 book=+0.06
18:35:53 |    · ZRO: news ~market score=+0.04 (no coin-specific articles)
18:35:53 |    ⚡ ZRO: long opposes 1H REGIME SHOCK (DOWN-swing, 24min left) → blocked
18:35:54 |    ------------------------------------
18:35:54 |    🧬 MARSCOIN: breadth 5/5 → conviction 1.00 | cat=wild/W+0.98(regime) meanrev×0.60 | Sq=-0.19 fund=+0.027% OI=$2.8M CVD=+0.18 ofi=-0.22 book=+0.04
18:35:54 |    🧬 MARSCOIN: own-history vol 1.81% vs baseline 2.89% (×0.63) → coiled conviction ×1.01 [C286-2]
18:35:54 |    · MARSCOIN: news ~market score=+0.04 (no coin-specific articles)
18:35:54 |    🛑 MARSCOIN: SHORT at RSI 21 (oversold, stretched) → brake 20%
18:35:54 |    🎢→✅ MARSCOIN: parabola RESOLVED (bounce age 39c, unwound 8.5 ATR) → short allowed, penalty 15%
18:35:54 |    🎯 MARSCOIN: target 2.7%→4.9% — regime TD persisting 0.86 on an earned ledger (acc 0.84); room-to-structure defers to the trend [C340]
18:35:54 |    ☁️ MARSCOIN: ichimoku B- persisting 0.91 WITH the short → score ×1.04 (earned ledger) [C343]
18:35:54 | 🔗 MARSCOIN: short capped — 3/3 already short (max 3)
18:35:54 |    ------------------------------------
18:35:54 |    🧬 PAXG: breadth 4/5 → conviction 0.97 | cat=calm/W-0.74(regime) trend×1.24 | Sq=-0.03 fund=+0.005% OI=$9.2M CVD=-0.07 ofi=-0.08 OIdiv=-0.02 book=+0.30
18:35:54 |    · PAXG: news ~market score=+0.04 (no coin-specific articles)
18:35:54 |    🛑 PAXG: projection 0.18% < 0.25% (ATR-relative) + MA-fan not accelerating (ma_fan=+0.00) → blocked
18:35:55 |    ------------------------------------
18:35:55 |    🧬 XLM: breadth 3/6 → conviction 0.41 | cat=l1/W-0.25(member) trend×1.34 | Sq=-0.07 fund=+0.010% OI=$26.4M CVD=+0.12 ofi=-0.02 OIdiv=+0.19 book=-0.04
18:35:55 |    · XLM: news ~market score=+0.04 (no coin-specific articles)
18:35:55 |    🛑 XLM: SHORT at RSI 18 (oversold, stretched) → brake 26%
18:35:55 |    🎢→✅ XLM: parabola RESOLVED (bounce age 32c, unwound 8.7 ATR) → short allowed, penalty 15%
18:35:55 |    🎯 XLM: target 0.9%→1.7% — regime TD persisting 0.86 on an earned ledger (acc 0.84); room-to-structure defers to the trend [C340]
18:35:55 |    ☁️ XLM: ichimoku B- persisting 0.91 WITH the short → score ×1.04 (earned ledger) [C343]
18:35:55 | 🔗 XLM: short capped — 3/3 already short (max 3)
18:35:55 |    ------------------------------------
18:35:55 |    🧬 INJ: breadth 5/6 → conviction 0.90 | cat=l1/W+0.71(member) meanrev×0.60 | Sq=-0.06 fund=+0.010% OI=$15.2M CVD=+0.52 ofi=-0.06 book=+0.17
18:35:55 |    · INJ: news ~market score=+0.04 (no coin-specific articles)
18:35:56 |    🛑 INJ: long structural exhaustion (3% room) → blocked
18:35:56 |    ------------------------------------
18:35:56 |    🧬 NATGAS: breadth 4/6 → conviction 0.83 | cat=calm/W-0.51(regime) trend×1.23 | Sq=-0.21 fund=+0.028% OI=$10.2M CVD=+0.18 ofi=-0.07 OIdiv=+0.22 book=-0.19
18:35:56 |    🧬 NATGAS: own-history vol 0.49% vs baseline 0.28% (×1.76) → abnormal-wild conviction ×0.99 [C286-2]
18:35:56 |    · NATGAS: news ~market score=+0.04 (no coin-specific articles)
18:35:56 |    🎢→✅ NATGAS: parabola RESOLVED (pullback age 0c, recovered 0.4 ATR, extreme re-touched) → long allowed, penalty 15%
18:35:56 |    ⚡ NATGAS: projection 0.47% modest + MA-fan compressing (ma_fan=+0.01) → penalty 20%
18:35:57 |    ⚡ NATGAS: long opposes 1H REGIME SHOCK (DOWN-swing, 24min left) → blocked
18:35:57 |    ------------------------------------
18:35:57 |    🧬 FARTCOIN: breadth 5/6 → conviction 0.94 | cat=meme/W+0.83(member) meanrev×0.60 | Sq=-0.06 fund=+0.008% OI=$13.3M CVD=-0.07 ofi=+0.03 OIdiv=+0.08 book=+0.03
18:35:57 |    · FARTCOIN: news ~market score=+0.04 (no coin-specific articles)
18:35:57 |    🛑 FARTCOIN: SHORT at RSI 26 (oversold, stretched) → brake 9%
18:35:57 |    🎢→✅ FARTCOIN: parabola RESOLVED (bounce age 46c, unwound 8.2 ATR) → short allowed, penalty 15%
18:35:57 |    🎯 FARTCOIN: target 2.0%→3.6% — regime TD persisting 0.86 on an earned ledger (acc 0.84); room-to-structure defers to the trend [C340]
18:35:57 |    ☁️ FARTCOIN: ichimoku B- persisting 0.91 WITH the short → score ×1.04 (earned ledger) [C343]
18:35:57 | 🔗 FARTCOIN: short capped — 3/3 already short (max 3)
18:35:58 |    ------------------------------------
18:35:58 |    🧬 CRV: breadth 3/6 → conviction 0.53 | cat=defi/W-0.20(member) trend×1.30 | Sq=-0.06 fund=+0.010% OI=$6.5M CVD=+0.27 ofi=-0.21 book=-0.29
18:35:58 |    📄 CRV: news long sig=0.12 score=+0.04
18:35:58 |    🛑 CRV: SHORT at RSI 26 (oversold, stretched) → brake 10%
18:35:58 |    🎯 CRV: target 1.4%→2.5% — regime TD persisting 0.86 on an earned ledger (acc 0.84); room-to-structure defers to the trend [C340]
18:35:58 |    ☁️ CRV: ichimoku B- persisting 0.91 WITH the short → score ×1.04 (earned ledger) [C343]
18:35:58 |    ⚠️ CRV: short into bullish rejection candle at RSI 26 (counter-signal) -> conviction x0.85
18:35:58 |    ⚡ CRV: short wick rejection #1 → score×0.75
18:35:58 | 🔗 CRV: short capped — 3/3 already short (max 3)
18:35:58 |    ------------------------------------
18:35:58 |    🧬 ZETA: breadth 3/6 → conviction 0.55 | cat=wild/W+0.48(regime) meanrev×0.65 | Sq=-0.01 fund=+0.002% OI=$1.8M CVD=-0.60 ofi=-0.06 OIdiv=+0.57 book=-0.27
18:35:58 |    · ZETA: news ~market score=+0.04 (no coin-specific articles)
18:35:58 |    🎢→✅ ZETA: parabola RESOLVED (bounce age 1c, unwound 0.9 ATR, extreme re-touched) → short allowed, penalty 15%
18:35:58 |    🎯 ZETA: target 1.4%→2.0% — regime TD persisting 0.86 on an earned ledger (acc 0.84); room-to-structure defers to the trend [C340]
18:35:58 |    ☁️ ZETA: ichimoku B- persisting 0.91 WITH the short → score ×1.04 (earned ledger) [C343]
18:35:58 | 🔗 ZETA: short capped — 3/3 already short (max 3)
18:35:59 |    ------------------------------------
18:35:59 |    🧬 XAUT: breadth 4/6 → conviction 0.83 | cat=calm/W-0.83(regime) trend×1.25 | Sq=+0.00 fund=-0.001% OI=$24.4M CVD=+0.17 ofi=-0.16 book=+0.27
18:35:59 |    · XAUT: news ~market score=+0.04 (no coin-specific articles)
18:35:59 |    🛑 XAUT: long opposes the latched DOWN-trend (R was -0.67 2min ago; now -0.47, 4h -0.63) — one weak print is a blip, not a turn [C339]
18:35:59 |    ------------------------------------
18:35:59 |    🧬 ASTER: breadth 5/6 → conviction 0.81 | cat=calm/W-0.59(regime) trend×1.24 | Sq=-0.03 fund=+0.005% OI=$17.5M CVD=-0.17 ofi=-0.15 book=-0.28
18:35:59 |    · ASTER: news ~market score=+0.04 (no coin-specific articles)
18:35:59 |    🛑 ASTER: SHORT at RSI 22 (oversold, stretched) → brake 17%
18:35:59 |    📏 ASTER: projection 2.04% is 3.4× this pair's own 15m ATR (0.59%) — capped to 1.78% before R. A forecast beyond 3 ATR in one candle is a broken reading, not an opportunity [C420-3a, throttled 15min]
18:36:00 |    🎯 ASTER: target 0.9%→1.6% — regime TD persisting 0.86 on an earned ledger (acc 0.84); room-to-structure defers to the trend [C340]
18:36:00 |    ☁️ ASTER: ichimoku B- persisting 0.91 WITH the short → score ×1.04 (earned ledger) [C343]
18:36:00 |    🛑 ASTER: short into CAPITULATION/BLOW-OFF -- climactic bullish rejection (vol-spike) vs RSI 22 -> reversal imminent, continuation blocked
18:36:00 |    ------------------------------------
18:36:00 |    🧬 USELESS: breadth 5/6 → conviction 0.85 | cat=wild/W+0.97(regime) meanrev×0.60 | Sq=-0.18 fund=+0.025% OI=$6.2M CVD=-0.47 ofi=-0.29 OIdiv=+0.11 book=+0.13
18:36:00 |    🧬 USELESS: own-history vol 1.33% vs baseline 2.11% (×0.63) → coiled conviction ×1.01 [C286-2]
18:36:00 |    · USELESS: news ~market score=+0.04 (no coin-specific articles)
18:36:00 |    🎢→✅ USELESS: parabola RESOLVED (bounce age 33c, unwound 9.0 ATR) → short allowed, penalty 15%
18:36:01 |    🎯 USELESS: target 2.0%→3.6% — regime TD persisting 0.86 on an earned ledger (acc 0.84); room-to-structure defers to the trend [C340]
18:36:01 |    ☁️ USELESS: ichimoku B- persisting 0.91 WITH the short → score ×1.04 (earned ledger) [C343]
18:36:01 |    ⚠️ USELESS: short into bullish rejection candle at RSI 40 (counter-signal) -> conviction x0.85
18:36:01 |    ⚡ USELESS: short wick rejection #1 → score×0.75
18:36:01 | 🔗 USELESS: short capped — 3/3 already short (max 3)
18:36:01 |    ------------------------------------
18:36:01 |    🧬 BGB: breadth 4/6 → conviction 0.58 | cat=calm/W-0.84(regime) trend×1.25 | Sq=-0.06 fund=+0.010% OI=$23.9M CVD=-0.33 ofi=+0.10 OIdiv=+0.53 book=+0.18
18:36:01 |    · BGB: news ~market score=+0.04 (no coin-specific articles)
18:36:01 |    🛑 BGB: SHORT at RSI 23 (oversold, stretched) → brake 15%
18:36:01 |    🎢→✅ BGB: parabola RESOLVED (bounce age 1c, unwound 0.3 ATR, extreme re-touched) → short allowed, penalty 15%
18:36:01 |    🎯 BGB: target 0.6%→0.9% — regime TD persisting 0.86 on an earned ledger (acc 0.84); room-to-structure defers to the trend [C340]
18:36:01 |    ☁️ BGB: ichimoku B- persisting 0.91 WITH the short → score ×1.04 (earned ledger) [C343]
18:36:01 | 🔗 BGB: short capped — 3/3 already short (max 3)
18:36:02 |    ------------------------------------
18:36:02 |    🧬 TRX: breadth 4/5 → conviction 0.80 | cat=l1/W-0.85(member) trend×1.38 | Sq=-0.04 fund=+0.006% OI=$9.3M CVD=+0.27 ofi=-0.37 book=-0.28
18:36:02 |    🩸 C398 capitulation tilt: 0.09 ATR off its own 12h low → short score ×0.940 [+4.67pp measured, down-side only by design]
18:36:02 |    📰 TRX: news long sig=0.30 score=+0.13
18:36:02 |    🎢→✅ TRX: parabola RESOLVED (bounce age 38c, unwound 8.2 ATR) → short allowed, penalty 15%
18:36:02 |    🔓 TRX: short near extreme but WITH trend (R=-0.47) → breakout, not blocked
18:36:02 |    ☁️ TRX: ichimoku B- persisting 0.91 WITH the short → score ×1.04 (earned ledger) [C343]
18:36:02 |    ⚡ TRX: short news-tech conflict — score×0.70 (news long sig=0.30)
18:36:02 | 🔗 TRX: short capped — 3/3 already short (max 3)
18:36:02 |    ------------------------------------
18:36:02 |    🧬 FIGHT: breadth 4/6 → conviction 0.65 | cat=wild/W+0.99(regime) meanrev×0.60 | Sq=-0.43 fund=+0.095% OI=$1.7M CVD=-0.23 ofi=+0.09 OIdiv=+0.26 book=+0.26
18:36:02 |    🧬 FIGHT: own-history vol 5.21% vs baseline 1.35% (×3.85) → abnormal-wild conviction ×0.90 [C286-2]
18:36:02 |    · FIGHT: news ~market score=+0.04 (no coin-specific articles)
18:36:02 |    🛑 FIGHT: LONG at RSI 72 (overbought, stretched) → brake 4%
18:36:02 |    🎢→✅ FIGHT: parabola RESOLVED (pullback age 1c, recovered 0.5 ATR, extreme re-touched) → long allowed, penalty 15%
18:36:03 |    ⚡ FIGHT: long opposes 1H REGIME SHOCK (DOWN-swing, 24min left) → blocked
18:36:03 |    ------------------------------------
18:36:03 |    🧬 SEI: breadth 5/6 → conviction 0.70 | cat=l1/W-0.16(member) trend×1.33 | Sq=-0.06 fund=+0.010% OI=$9.7M CVD=-0.56 ofi=-0.33 book=+0.06
18:36:03 |    · SEI: news ~market score=+0.04 (no coin-specific articles)
18:36:03 |    🛑 SEI: projection 0.28% < 0.46% (ATR-relative) + MA-fan not accelerating (ma_fan=-0.01) → blocked
18:36:04 |    ------------------------------------
18:36:04 |    🧬 SENT: breadth 5/6 → conviction 0.91 | cat=wild/W+0.80(regime) meanrev×0.60 | Sq=-0.03 fund=+0.005% OI=$1.4M CVD=+0.21 ofi=-0.14 book=-0.01
18:36:04 |    · SENT: news ~market score=+0.04 (no coin-specific articles)
18:36:04 |    ⚡ SENT: long opposes 1H REGIME SHOCK (DOWN-swing, 24min left) → blocked
18:36:04 |    ------------------------------------
18:36:04 |    🧬 APE: breadth 5/6 → conviction 0.93 | cat=gaming/W+0.72(member) meanrev×0.66 | Sq=-0.07 fund=+0.010% OI=$2.3M CVD=-0.23 ofi=-0.02 OIdiv=+0.60 book=-0.02
18:36:04 |    · APE: news ~market score=+0.04 (no coin-specific articles)
18:36:04 |    🎢 APE: long BLOCKED — broken-parabola bounce (day range 14×ATR, 2.2 ATR below the day high) → post-blow-off distribution risk
18:36:04 |       ⚖️ parabola → score ×0.82 (penalty, not a veto — must still clear the bar) [C403]
18:36:05 |    ⚡ APE: long opposes 1H REGIME SHOCK (DOWN-swing, 24min left) → blocked
18:36:05 |    ------------------------------------
18:36:05 |    🧬 RAY: breadth 4/5 → conviction 0.82 | cat=solana_eco/W+0.24(member) meanrev×0.62 | Sq=-0.03 fund=+0.005% OI=$2.9M CVD=-0.25 ofi=+0.07 OIdiv=-0.13 book=+0.12
18:36:05 |    📄 RAY: news long sig=0.12 score=+0.04
18:36:05 |    🛑 RAY: LONG at RSI 79 (overbought, stretched) → brake 20%
18:36:05 |    ⚡ RAY: long opposes 1H REGIME SHOCK (DOWN-swing, 24min left) → blocked
18:36:06 |    ------------------------------------
18:36:06 |    🧬 ZEST: breadth 4/6 → conviction 0.66 | cat=wild/W+0.96(regime) meanrev×0.60 | Sq=-0.13 fund=+0.017% OI=$1.2M CVD=-0.14 ofi=-0.07 OIdiv=+0.35 book=+0.05
18:36:06 |    · ZEST: news ~market score=+0.04 (no coin-specific articles)
18:36:06 |    🚫 ZEST: short vs 24h=+22.3% — 1h flat but PROJECTION +0.26 confirms the trend CONTINUES (not turning) → counter-trend blocked [C292]
18:36:06 |    ------------------------------------
18:36:06 |    🧬 牛来: breadth 5/6 → conviction 0.94 | cat=wild/W+0.88(regime) meanrev×0.60 | Sq=-0.28 fund=+0.041% OI=$1.8M CVD=-0.52 ofi=+0.30 OIdiv=+0.25 book=-0.02
18:36:06 |    🧬 牛来: own-history vol 1.26% vs baseline 2.19% (×0.57) → coiled conviction ×1.02 [C286-2]
18:36:06 |    · 牛来: news ~market score=+0.04 (no coin-specific articles)
18:36:06 |    🛑 牛来: SHORT at RSI 27 (oversold, stretched) → brake 6%
18:36:06 |    🎢→✅ 牛来: parabola RESOLVED (bounce age 38c, unwound 11.6 ATR) → short allowed, penalty 15%
18:36:06 |    🎯 牛来: target 1.9%→3.4% — regime TD persisting 0.86 on an earned ledger (acc 0.84); room-to-structure defers to the trend [C340]
18:36:06 |    ☁️ 牛来: ichimoku B- persisting 0.91 WITH the short → score ×1.04 (earned ledger) [C343]
18:36:06 | 🔗 牛来: short capped — 3/3 already short (max 3)
18:36:07 |    ------------------------------------
18:36:07 |    🧬 ICP: breadth 2/5 → conviction 0.46 | cat=l1/W-0.22(member) trend×1.33 | Sq=-0.07 fund=+0.010% OI=$7.9M CVD=-0.26 ofi=-0.26 OIdiv=+0.39 book=-0.05
18:36:07 |    🧬 ICP: own-history vol 1.26% vs baseline 0.75% (×1.68) → abnormal-wild conviction ×0.99 [C286-2]
18:36:07 |    · ICP: news ~market score=+0.04 (no coin-specific articles)
18:36:07 |    🎯 ICP: target 1.7%→3.4% — regime TD persisting 0.86 on an earned ledger (acc 0.84); room-to-structure defers to the trend [C340]
18:36:07 |    🛑 ICP: short CAPITULATION REJECTION (wick+vol) → blocked
18:36:08 |    🛡 C373: 牛来 capture held — +1.41% is 0.49R, floor 48.00% (1.0R); 59/120min into horizon [throttled 5min]
18:36:08 |    🛡 C373: KERNEL capture held — +1.40% is 0.54R, floor 48.00% (1.0R); 59/120min into horizon [throttled 5min]
18:36:08 |    ------------------------------------
18:36:08 |    🧬 SPX: breadth 2/6 → conviction 0.42 | cat=wild/W+0.62(regime) meanrev×0.62 | Sq=-0.03 fund=+0.005% OI=$2.6M CVD=-0.59 ofi=-0.33 OIdiv=+0.46 book=-0.21
18:36:08 |    · SPX: news ~market score=+0.04 (no coin-specific articles)
18:36:08 |    🎢→✅ SPX: parabola RESOLVED (bounce age 0c, unwound 0.2 ATR, extreme re-touched) → short allowed, penalty 15%
18:36:08 |    ☁️ SPX: ichimoku B- persisting 0.91 WITH the short → score ×1.04 (earned ledger) [C343]
18:36:08 | 🔗 SPX: short capped — 3/3 already short (max 3)
18:36:08 |    ------------------------------------
18:36:08 |    🧬 GRT: breadth 2/5 → conviction 0.29 | cat=ai/W+0.41(member) momentum×1.40 | Sq=-0.05 fund=+0.008% OI=$2.7M CVD=-0.28 ofi=-0.31
18:36:08 |    📄 GRT: news long sig=0.12 score=+0.10
18:36:08 |    🎢→✅ GRT: parabola RESOLVED (pullback age 0c, recovered 0.4 ATR, extreme re-touched) → long allowed, penalty 15%
18:36:08 |    ⚡ GRT: long opposes 1H REGIME SHOCK (DOWN-swing, 24min left) → blocked
18:36:09 |    ------------------------------------
18:36:09 |    🧬 0G: breadth 5/6 → conviction 0.84 | cat=wild/W+0.39(regime) meanrev×0.67 | Sq=-0.03 fund=+0.005% OI=$2.2M CVD=+0.27 ofi=-0.08 book=+0.23
18:36:09 |    🧬 0G: own-history vol 1.76% vs baseline 0.95% (×1.86) → abnormal-wild conviction ×0.98 [C286-2]
18:36:09 |    · 0G: news ~market score=+0.04 (no coin-specific articles)
18:36:09 |    🚫 0G: short vs 24h=+11.3% — 1h flat but PROJECTION +0.24 confirms the trend CONTINUES (not turning) → counter-trend blocked [C292]
18:36:09 |    ------------------------------------
18:36:09 |    🧬 ACE: breadth 6/6 → conviction 1.00 | cat=mid/W+0.02(regime) meanrev×0.75 | Sq=-0.07 fund=+0.010% OI=$1.8M CVD=-0.38 ofi=+0.04 book=+0.24
18:36:09 |    · ACE: news ~market score=+0.04 (no coin-specific articles)
18:36:09 |    🛑 ACE: LONG at RSI 72 (overbought, stretched) → brake 5%
18:36:10 |    🛑 ACE: long structural exhaustion (1% room) → blocked
18:36:10 |    🔓 C382 OVERRIDE ACE: no_structural_room waived — score 1.069 conf 0.880 clear the bar, and that gate family was refuted at 158k observations (5 this session)
18:36:10 |    ⚡ ACE: long opposes 1H REGIME SHOCK (DOWN-swing, 24min left) → blocked
18:36:10 |    ------------------------------------
18:36:10 |    🧬 JUP: breadth 6/6 → conviction 1.00 | cat=solana_eco/W-0.20(member) meanrev×0.70 | Sq=-0.03 fund=+0.005% OI=$6.5M CVD=+0.22 ofi=+0.15 book=+0.09
18:36:10 |    📄 JUP: news long sig=0.12 score=+0.04
18:36:10 |    ⚡ JUP: long opposes 1H REGIME SHOCK (DOWN-swing, 24min left) → blocked
18:36:11 |    ------------------------------------
18:36:11 |    🧬 ZEN: breadth 5/6 → conviction 0.76 | cat=privacy/W+0.53(member) meanrev×0.72 | Sq=-0.07 fund=+0.010% OI=$3.0M CVD=-0.51 ofi=-0.07 OIdiv=+0.17 book=-0.22
18:36:11 |    📄 ZEN: news long sig=0.12 score=+0.08
18:36:11 |    🎢 ZEN: long BLOCKED — broken-parabola bounce (day range 12×ATR, 3.0 ATR below the day high) → post-blow-off distribution risk
18:36:11 |       ⚖️ parabola → score ×0.82 (penalty, not a veto — must still clear the bar) [C403]
18:36:11 |    ⚡ ZEN: long opposes 1H REGIME SHOCK (DOWN-swing, 24min left) → blocked
18:36:12 |    ------------------------------------
18:36:12 |    🧬 GRASS: breadth 6/6 → conviction 1.00 | cat=depin/W+0.58(member) meanrev×0.61 | Sq=-0.03 fund=+0.005% OI=$5.3M CVD=-0.27 ofi=-0.01 book=+0.17
18:36:12 |    · GRASS: news ~market score=+0.04 (no coin-specific articles)
18:36:12 |    🎢 GRASS: long BLOCKED — broken-parabola bounce (day range 10×ATR, 1.6 ATR below the day high) → post-blow-off distribution risk
18:36:12 |       ⚖️ parabola → score ×0.82 (penalty, not a veto — must still clear the bar) [C403]
18:36:12 |    ⚡ GRASS: long opposes 1H REGIME SHOCK (DOWN-swing, 24min left) → blocked
18:36:12 |    ------------------------------------
18:36:12 |    🧬 MAGMA: breadth 2/6 → conviction 0.42 | cat=mid/W+0.05(regime) meanrev×0.74 | Sq=-0.07 fund=+0.008% OI=$2.7M CVD=+0.14 ofi=-0.11 book=+0.04
18:36:12 |    · MAGMA: news ~market score=+0.04 (no coin-specific articles)
18:36:13 |    ⚡ MAGMA: long opposes 1H REGIME SHOCK (DOWN-swing, 24min left) → blocked
18:36:13 |    ------------------------------------
18:36:13 |    🧬 BEAT: breadth 3/5 → conviction 0.67 | cat=mid/W+0.25(regime) meanrev×0.70 | Sq=-0.08 fund=+0.011% OI=$1.4M CVD=+0.33 ofi=+0.01 OIdiv=+0.21 book=-0.26
18:36:13 |    · BEAT: news ~market score=+0.04 (no coin-specific articles)
18:36:13 |    🎢→✅ BEAT: parabola RESOLVED (pullback age 0c, recovered 0.5 ATR, extreme re-touched) → long allowed, penalty 15%
18:36:13 |    ⚡ BEAT: projection 0.64% modest + MA-fan compressing (ma_fan=+0.06) → penalty 20%
18:36:13 |    ⚡ BEAT: long opposes 1H REGIME SHOCK (DOWN-swing, 24min left) → blocked
18:36:14 |    ------------------------------------
18:36:14 |    🧬 KAS: breadth 4/6 → conviction 0.75 | cat=l1/W-0.52(member) trend×1.35 | Sq=-0.03 fund=+0.005% OI=$11.2M CVD=-0.17 ofi=-0.19 book=+0.00
18:36:14 |    · KAS: news ~market score=+0.04 (no coin-specific articles)
18:36:14 |    🛑 KAS: SHORT at RSI 28 (oversold, stretched) → brake 4%
18:36:14 |    🎯 KAS: target 1.1%→1.9% — regime TD persisting 0.86 on an earned ledger (acc 0.84); room-to-structure defers to the trend [C340]
18:36:14 |    ☁️ KAS: ichimoku B- persisting 0.91 WITH the short → score ×1.04 (earned ledger) [C343]
18:36:14 | 🔗 KAS: short capped — 3/3 already short (max 3)
18:36:14 |    ------------------------------------
18:36:14 |    🧬 US: breadth 3/6 → conviction 0.48 | cat=wild/W+0.95(regime) meanrev×0.60 | Sq=-0.04 fund=+0.005% OI=$4.7M CVD=+0.12 ofi=-0.12 OIdiv=+0.29 book=+0.22
18:36:14 |    · US: news ~market score=+0.04 (no coin-specific articles)
18:36:14 |    🚫 US: short vs 24h=+12.6% — 1h flat but PROJECTION +0.32 confirms the trend CONTINUES (not turning) → counter-trend blocked [C292]
18:36:15 |    ------------------------------------
18:36:15 |    🧬 KMNO: breadth 6/6 → conviction 1.00 | cat=solana_eco/W+0.37(member) meanrev×0.60 | Sq=-0.03 fund=+0.005% OI=$0.7M CVD=-0.27 ofi=-0.11 book=-0.01
18:36:15 |    📄 KMNO: news long sig=0.12 score=+0.08
18:36:15 |    ⚡ KMNO: long opposes 1H REGIME SHOCK (DOWN-swing, 24min left) → blocked
18:36:15 |    ------------------------------------
18:36:15 |    🧬 GRVT: breadth 4/6 → conviction 0.68 | cat=calm/W-0.63(regime) trend×1.24 | Sq=-0.05 fund=+0.007% OI=$0.7M CVD=-0.20 ofi=-0.13 book=-0.00
18:36:15 |    · GRVT: news ~market score=+0.04 (no coin-specific articles)
18:36:16 |    ⚡ GRVT: long opposes 1H REGIME SHOCK (DOWN-swing, 24min left) → blocked
18:36:16 |    ------------------------------------
18:36:16 |    🧬 BLESS: breadth 6/6 → conviction 1.00 | cat=wild/W+0.49(regime) meanrev×0.65 | Sq=-0.04 fund=+0.005% OI=$3.0M CVD=+0.25 ofi=-0.18 OIdiv=+0.20 book=-0.04
18:36:16 |    · BLESS: news ~market score=+0.04 (no coin-specific articles)
18:36:16 |    ⚡ BLESS: long opposes 1H REGIME SHOCK (DOWN-swing, 24min left) → blocked
18:36:17 |    ------------------------------------
18:36:17 |    🧬 GPS: breadth 3/5 → conviction 0.56 | cat=calm/W-0.46(regime) trend×1.23 | Sq=-0.09 fund=+0.011% OI=$1.1M CVD=-0.06 ofi=-0.38 book=+0.28
18:36:17 |    · GPS: news ~market score=+0.04 (no coin-specific articles)
18:36:17 |    🎢→⚖️ GPS: C292 stands down — parabola BROKEN (range 13×ATR, 3.4 ATR off the day extreme): the 24h 'trend' already failed structurally; counter-trend entry re-enters the TURNING path [C299]
18:36:17 |    ⚡ GPS: 24h=+10.2% but 1h=+0.0% (TURNING) → penalty 20%
18:36:17 |    🎯 GPS: target 1.7%→3.1% — regime TD persisting 0.86 on an earned ledger (acc 0.84); room-to-structure defers to the trend [C340]
18:36:17 |    ☁️ GPS: ichimoku B- persisting 0.91 WITH the short → score ×1.04 (earned ledger) [C343]
18:36:17 | 🔗 GPS: short capped — 3/3 already short (max 3)
18:36:18 |    ------------------------------------
18:36:18 |    🧬 NDX100: breadth 4/6 → conviction 0.90 | cat=mid/W+0.31(regime) meanrev×0.68 | Sq=+0.00 fund=+0.000% OI=$2.7M CVD=-0.29 ofi=+0.19 OIdiv=-0.30 book=+0.28
18:36:18 |    · NDX100: news ~market score=+0.04 (no coin-specific articles)
18:36:18 |    💸 C467 fee floor: NDX100 expects 0.10R of reward against a 0.13R round trip — it cannot pay its own fees 1.25x over. This is the one hard veto here that contains no forecast [throttled 10min]
18:36:18 |    ------------------------------------
18:36:18 |    🧬 COPPER: breadth 5/6 → conviction 0.72 | cat=calm/W-0.74(regime) trend×1.24 | Sq=+0.00 fund=+0.000% OI=$3.5M CVD=+0.06 ofi=+0.00 OIdiv=-0.10 book=+0.20
18:36:18 |    · COPPER: news ~market score=+0.04 (no coin-specific articles)
18:36:18 |    ☁️ COPPER: ichimoku B- persisting 0.91 WITH the short → score ×1.04 (earned ledger) [C343]
18:36:18 |    ⚠️ COPPER: short into bullish rejection candle at RSI 29 (counter-signal) -> conviction x0.85
18:36:18 |    ⚡ COPPER: short wick rejection #1 → score×0.75
18:36:18 | 🔗 COPPER: short capped — 3/3 already short (max 3)
18:36:18 | 📊 Step 3 result: 70 analyzed → 0 passed | corr_cap=30, regime_blip=6, h1_regime_shock=21, micro_exhaustion=1, flat_projection=3, poor_reward_risk=1, proj_confirms_trend=4, no_structural_room=1, capitulation=2, fee_floor=1
18:36:18 |    📌 Nearest miss: ACE score=1.069 conf=0.880 quality=0.940/0.26 reason=h1_regime_shock
18:36:18 |    🧾 Miss-flow: dir=long CVD=-0.38 OIdiv=n/a ofi=+0.04 book=+0.24 blend=-0.22 R=-0.67
18:36:18 |    📊 Top signals: rsi_v=+72.02 | short=+1.00 | kalma=+0.99 | perm_=+0.93 | vwdi=+0.80 | rqa_d=+0.61
18:36:18 |    🎯 Dir: long | Agreement: 28/34 (82%)
 
  18:36  up 1h00m  scan 9 ------------------------------------------------------------------------
  EQUITY    $253.98  unreal $+1.17
  OPEN      3 pos $102.06 (40%)  free $150.75
  ------------------------------------------------------------------------------------------------
  PAIR     SIDE       ENTRY      MARK    MOVE     P&L   AGE  THESIS
  牛来       SHORT   0.108840  0.107300  +1.41%   +0.42   59m  + 51% left
  KERNEL   SHORT   0.056370  0.055580  +1.40%   +0.46   59m  + 48% left
  AVAX     SHORT    10.7570   10.6620  +0.88%   +0.28   47m  + 30% left
  ------------------------------------------------------------------------------------------------
  SESSION   $+1.17 +0.46%
  CURVE     =======+
  DAY       real $-2.17  limit $9.48 (3.72%)  23% used
            ######....................
  MONTH     dial 15%  used $0.00 of $37.92  from $252.81
  RECORD    no closed trades yet this run
  LIFETIME  87tr 25W 62L 29%  $+2.81
  FEES      $0.02  mk3/tk0  0.008% of eq
  SCAN      802 > 70 > 0 passed  top ACE 1.07 (h1_regime_shock)  9 scans, 382 analysed
  MARKET    TRENDING  bias -0.22  breadth +0.00  taker flow +0.20
  NEWS      65 articles  + tone +0.43  FET +0.44  ZEC +0.26  ONE +0.13
  INFO      2 tilted  flow/fund/news on 79
  MOVERS    FIGHT +39% #46  ALLO +31% cut  MET +29% #27  SENT +22% #48
  ------------------------------------------------------------------------------------------------
 
18:36:19 | 
18:36:19 | ============================================================
18:36:19 | 📊 POSITION SUMMARY (8-MIN UPDATE)
18:36:19 | 💰 Equity: $252.81 | Unrealized: $+1.17
18:36:19 | 💵 Available: $150.75 | Locked: $102.06
18:36:19 | 📈 Session: $+1.17 (+0.5%)
18:36:19 | 🎯 Win Rate: Overall 29% | Session 0% | Open 100%
18:36:19 | ============================================================
18:36:19 | 🔵 SHORT 牛来
18:36:19 |    💰 Margin: $31.78 | Lev: 1x | Age: 59min
18:36:19 |    📊 Entry: $0.108840 → Now: $0.107300
18:36:19 |    📈 Move: +1.41% | PnL: $+0.42 (+1.4%)
18:36:19 |    🎲 牛来 DRI: -0.147↘ Δb=-0.028 | DSI: +0.154 Δb=-0.146 ➡️ μ=+0.15 | 🟢 thesis 51% left (DRI 124% / DSI 51%)
18:36:19 |    📊 Mom=-0.11, Vol=-0.00, Tec=-0.09, Ml=0.04, Wav=-0.05, Ofi=-0.28, Fun=-0.67
18:36:19 |       Mul=-1.00, Pri=-0.37, Tim=0.00, Rvs=0.10, _hu=0.51, _ds=0.16
18:36:19 |    🎯 Strategy: momentum | Conf: 0.678 | TF: 1h (hold≥10m)
18:36:19 |    📊 Flow(mkt): L/S=1.1 R=-0.07 taker=+0.10
18:36:19 |    📈 OI: neutral Δ=-0.0%
18:36:19 |    🫧 牛来 FLOW [C401]: taker support +0.440 (entry +0.563, -0.124) 🟢 (instrumented, no exit wired)
18:36:19 |    📋 Limit Order Entry
18:36:19 |    📈 Peak PnL: +1.4%
18:36:19 | 
18:36:19 | 🔵 SHORT KERNEL
18:36:19 |    💰 Margin: $34.98 | Lev: 1x | Age: 59min
18:36:19 |    📊 Entry: $0.056370 → Now: $0.055580
18:36:19 |    📈 Move: +1.40% | PnL: $+0.46 (+1.4%)
18:36:19 |    🎲 KERNEL DRI: -0.073↘ Δb=+0.034 | DSI: +0.154 Δb=-0.169 📈 μ=+0.30 | 🟢 thesis 48% left (DRI 68% / DSI 48%)
18:36:19 |    📊 Mom=-0.09, Vol=0.00, Tec=-0.11, Ml=-0.00, Wav=0.01, Ofi=-0.03, Fun=0.67
18:36:19 |       Mul=-1.00, Pri=-0.30, Tim=0.00, Rvs=0.08, _hu=0.61, _ds=0.17
18:36:19 |    🎯 Strategy: trend_following | Conf: 0.677 | TF: 1h (hold≥10m)
18:36:19 |    📊 Flow(mkt): L/S=1.0 R=-0.03 taker=+0.02
18:36:20 |    📈 OI: bearish_buildup Δ=+1.2%
18:36:20 | 
============================================================
🛑 Signal 15 — saving logs...
============================================================
18:36:20 |    📋 Limit Order Entry
18:36:20 |    📈 Peak PnL: +1.4%
18:36:20 | 
18:36:20 | 🔵 SHORT AVAX
18:36:20 |    💰 Margin: $35.30 | Lev: 1x | Age: 47min
18:36:20 |    📊 Entry: $10.7570 → Now: $10.6620
18:36:20 |    📈 Move: +0.88% | PnL: $+0.28 (+0.9%)
18:36:20 |    🎲 AVAX DRI: -0.063→ Δb=+0.151 | DSI: +0.126 Δb=-0.225 ➡️ μ=-0.05 | 🟠 thesis 30% left (DRI 30% / DSI 36%)
18:36:20 |    📊 Mom=-0.10, Vol=-0.01, Tec=-0.06, Ml=0.16, Wav=-0.03, Ofi=-0.14, Fun=0.32
18:36:20 |       Mul=-0.86, Pri=-0.21, Tim=0.00, Rvs=0.33, _hu=0.54, _ds=0.13
18:36:20 |    🎯 Strategy: trend_following | Conf: 0.865 | TF: 1h (hold≥10m)
18:36:20 |    📊 Flow(mkt): L/S=1.1 R=-0.10 taker=+0.08
18:36:21 |    📈 OI: neutral Δ=-0.2%
18:36:21 |    🫧 AVAX FLOW [C401]: taker support +0.039 (entry +0.387, -0.348) 🟠 (instrumented, no exit wired)
18:36:21 |    📋 Limit Order Entry
18:36:21 |    📈 Peak PnL: +0.9%
18:36:21 | 
18:36:21 | ============================================================
18:36:21 | 🔵 Day: +1.6% (barrier ±0.68%, not a target — expected 0.14%/day) [C429-3]
18:36:21 | ============================================================
18:36:21 | 
18:36:57 |    🛡 牛来: trail held OFF — target $0.097328 not reached yet (+1.4%). Banking early is the worst-paying exit there is [C415]
18:37:46 |    🏁 C467: the day is 1.60% against its 0.68% target — noted, and trading CONTINUES. Only a loss can end a day now; a good one is left to run.
