
  ================================================================================================
  OMEGA C535  PAPER  Binance perps
  05 Oct 2026   18:47
  start $499.67 realised  risk dial 20%/month
  ================================================================================================

  RISK FRAME -------------------------------------------------------------------------------------
  EQUITY    $499.67 realised  737 markets
  MONTH     dial 20% = $100.00 this month
            used $0.33 realised (the guard counts MARKED equity once prices load)
  BOOK      daily trend + momentum + carry, rebalanced 00:05 UTC
            month guard on MARKED equity (open P&L counts)  intraday scanner idle
  ------------------------------------------------------------------------------------------------



  18:55  up 0h08m  daily book --------------------------------------------------------------------
  PLAN      $996.01 of $1,000.00 ($-3.99)  after tax on net profit $996.01
            Delta vs Pi42 funding gap $996.01  paper
  BELOW     experiments, not your money
  EQUITY    $501.70  unreal $+2.03
  OPEN      no intraday positions  book holds 9 (BOOK row)  free $439.00 after open P&L
  SHADOW    intraday M1 $508.21 (+1.70%)  M1g $513.07 (+2.67%)  4d paper only
  CARRY     $499.01 (-0.16%)  8 held  paper only
  SPOT      $250.32 (+0.13%)  5 held  18% invested  cash earns 6.90%  paper pot
  SAVINGS   idle $313.61 (62%)  at 6.90% +$0.25 so far  ~$1.80/month  paper
  BFUSD     wallet $501.75 at 7.66%  +$0.34 so far  ~$3.20/month  vs Savings $1.80  paper
  DELTA     $502.61 (+0.52%)  9 held  fees $0.20  funding $+0.13
            paper experiment: the book on Delta
  XVENUE    $995.21 (-0.48%)  10 pairs  funding $+2.27  fees $4.87  paper, Delta vs Pi42
  BOOK      9 pos gross $318.84 (0.64x)  open $+2.03  funding $-0.08  vol 27% top 20
            rebal 2026-10-05
  CONTEXT   since 01 Oct $+1.70 (+0.34%) in 4.4d  normal -2.4% to +4.2%  top 48%: normal
  RULE      C2 N2+N3 + range vol (GK)  forward test (paper)
  TOURNEY   4d from 2026-10-01  base -0.52%  N2 -0.66%  N3 +0.20%  N2+N3 +0.11%  +K4 +0.41%
            +GK* +0.27%  +K4+GK +0.60%  +GK+DD +0.53%  +GK+XA +1.53%
  DATA      on time  prices 33s  funding booked  book today  shadow 13:00  carry today
            spot pot today
  SESSION   $-0.37 -0.07%  peak $502.07  dd 0.07%
  MONTH     book guard $0.00 of $100.00 used  on marked equity  from $500.00  dial 20%
            ..........................
  RECORD    book closed 3  2W 1L  net $-0.09  fees and funding in
  FEES      no fills yet this run (the book trades at 00:05 UTC)
  ------------------------------------------------------------------------------------------------



  19:03  up 0h16m  daily book --------------------------------------------------------------------
  PLAN      $996.07 of $1,000.00 ($-3.93)  after tax on net profit $996.07
            Delta vs Pi42 funding gap $996.07  paper
  BELOW     experiments, not your money
  EQUITY    $501.76  unreal $+2.09
  OPEN      no intraday positions  book holds 9 (BOOK row)  free $439.06 after open P&L
  SHADOW    intraday M1 $508.21 (+1.70%)  M1g $513.07 (+2.67%)  4d paper only
  CARRY     $499.01 (-0.16%)  8 held  paper only
  SPOT      $250.27 (+0.11%)  5 held  18% invested  cash earns 6.90%  paper pot
  SAVINGS   idle $313.61 (62%)  at 6.90% +$0.25 so far  ~$1.80/month  paper
  BFUSD     wallet $501.74 at 7.66%  +$0.34 so far  ~$3.20/month  vs Savings $1.80  paper
  DELTA     $502.61 (+0.52%)  9 held  fees $0.20  funding $+0.13
            paper experiment: the book on Delta
  XVENUE    $995.21 (-0.48%)  10 pairs  funding $+2.27  fees $4.87  paper, Delta vs Pi42
  BOOK      9 pos gross $318.50 (0.64x)  open $+2.09  funding $-0.08  vol 27% top 20
            rebal 2026-10-05
  CONTEXT   since 01 Oct $+1.76 (+0.35%) in 4.4d  normal -2.4% to +4.2%  top 47%: normal
  RULE      C2 N2+N3 + range vol (GK)  forward test (paper)
  TOURNEY   4d from 2026-10-01  base -0.52%  N2 -0.66%  N3 +0.20%  N2+N3 +0.11%  +K4 +0.41%
            +GK* +0.27%  +K4+GK +0.60%  +GK+DD +0.53%  +GK+XA +1.53%
  DATA      on time  prices 26s  funding booked  book today  shadow 13:00  carry today
            spot pot today
  SESSION   $-0.31 -0.06%  peak $502.07  dd 0.06%
  MONTH     book guard $0.00 of $100.00 used  on marked equity  from $500.00  dial 20%
            ..........................
  RECORD    book closed 3  2W 1L  net $-0.09  fees and funding in
  FEES      no fills yet this run (the book trades at 00:05 UTC)
  ------------------------------------------------------------------------------------------------



  19:11  up 0h24m  daily book --------------------------------------------------------------------
  PLAN      $996.05 of $1,000.00 ($-3.95)  after tax on net profit $996.05
            Delta vs Pi42 funding gap $996.05  paper
  BELOW     experiments, not your money
  EQUITY    $501.86  unreal $+2.19
  OPEN      no intraday positions  book holds 9 (BOOK row)  free $439.16 after open P&L
  SHADOW    intraday M1 $508.21 (+1.70%)  M1g $513.07 (+2.67%)  4d paper only
  CARRY     $499.01 (-0.16%)  8 held  paper only
  SPOT      $250.21 (+0.08%)  5 held  18% invested  cash earns 6.90%  paper pot
  SAVINGS   idle $313.75 (62%)  at 6.90% +$0.25 so far  ~$1.80/month  paper
  BFUSD     wallet $501.93 at 7.66%  +$0.35 so far  ~$3.20/month  vs Savings $1.80  paper
  DELTA     $502.58 (+0.52%)  9 held  fees $0.20  funding $+0.13
            paper experiment: the book on Delta
  XVENUE    $995.21 (-0.48%)  10 pairs  funding $+2.27  fees $4.87  paper, Delta vs Pi42
  BOOK      9 pos gross $318.47 (0.64x)  open $+2.19  funding $-0.08  vol 27% top 20
            rebal 2026-10-05
  CONTEXT   since 01 Oct $+1.86 (+0.37%) in 4.4d  normal -2.4% to +4.2%  top 47%: normal
  RULE      C2 N2+N3 + range vol (GK)  forward test (paper)
  TOURNEY   4d from 2026-10-01  base -0.52%  N2 -0.66%  N3 +0.20%  N2+N3 +0.11%  +K4 +0.41%
            +GK* +0.27%  +K4+GK +0.60%  +GK+DD +0.53%  +GK+XA +1.53%
  DATA      on time  prices 20s  funding booked  book today  shadow 13:00  carry today
            spot pot today
  SESSION   $-0.21 -0.04%  peak $502.07  dd 0.04%
  MONTH     book guard $0.00 of $100.00 used  on marked equity  from $500.00  dial 20%
            ..........................
  RECORD    book closed 3  2W 1L  net $-0.09  fees and funding in
  FEES      no fills yet this run (the book trades at 00:05 UTC)
  ------------------------------------------------------------------------------------------------



  19:19  up 0h32m  daily book --------------------------------------------------------------------
  PLAN      $995.84 of $1,000.00 ($-4.16)  after tax on net profit $995.84
            Delta vs Pi42 funding gap $995.84  paper
  BELOW     experiments, not your money
  EQUITY    $502.17  unreal $+2.50
  OPEN      no intraday positions  book holds 9 (BOOK row)  free $439.47 after open P&L
  SHADOW    intraday M1 $508.21 (+1.70%)  M1g $513.07 (+2.67%)  4d paper only
  CARRY     $499.01 (-0.16%)  8 held  paper only
  SPOT      $250.36 (+0.14%)  5 held  18% invested  cash earns 6.90%  paper pot
  SAVINGS   idle $313.83 (62%)  at 6.90% +$0.25 so far  ~$1.80/month  paper
  BFUSD     wallet $502.04 at 7.66%  +$0.35 so far  ~$3.20/month  vs Savings $1.80  paper
  DELTA     $502.99 (+0.60%)  9 held  fees $0.20  funding $+0.13
            paper experiment: the book on Delta
  XVENUE    $995.21 (-0.48%)  10 pairs  funding $+2.27  fees $4.87  paper, Delta vs Pi42
  BOOK      9 pos gross $319.57 (0.64x)  open $+2.50  funding $-0.08  vol 27% top 20
            rebal 2026-10-05
  CONTEXT   since 01 Oct $+2.17 (+0.43%) in 4.4d  normal -2.4% to +4.2%  top 46%: normal
  RULE      C2 N2+N3 + range vol (GK)  forward test (paper)
  TOURNEY   4d from 2026-10-01  base -0.52%  N2 -0.66%  N3 +0.20%  N2+N3 +0.11%  +K4 +0.41%
            +GK* +0.27%  +K4+GK +0.60%  +GK+DD +0.53%  +GK+XA +1.53%
  DATA      on time  prices 14s  funding booked  book today  shadow 13:00  carry today
            spot pot today
  SESSION   $+0.10 +0.02%
  MONTH     book guard $0.00 of $100.00 used  on marked equity  from $500.00  dial 20%
            ..........................
  RECORD    book closed 3  2W 1L  net $-0.09  fees and funding in
  FEES      no fills yet this run (the book trades at 00:05 UTC)
  ------------------------------------------------------------------------------------------------



  19:27  up 0h40m  daily book --------------------------------------------------------------------
  PLAN      $996.23 of $1,000.00 ($-3.77)  after tax on net profit $996.23
            Delta vs Pi42 funding gap $996.23  paper
  BELOW     experiments, not your money
  EQUITY    $502.17  unreal $+2.50
  OPEN      no intraday positions  book holds 9 (BOOK row)  free $439.47 after open P&L
  SHADOW    intraday M1 $508.21 (+1.70%)  M1g $513.07 (+2.67%)  4d paper only
  CARRY     $499.01 (-0.16%)  8 held  paper only
  SPOT      $250.37 (+0.15%)  5 held  18% invested  cash earns 6.90%  paper pot
  SAVINGS   idle $313.95 (62%)  at 6.90% +$0.25 so far  ~$1.80/month  paper
  BFUSD     wallet $502.20 at 7.66%  +$0.35 so far  ~$3.21/month  vs Savings $1.80  paper
  DELTA     $503.11 (+0.62%)  9 held  fees $0.20  funding $+0.13
            paper experiment: the book on Delta
  XVENUE    $995.21 (-0.48%)  10 pairs  funding $+2.27  fees $4.87  paper, Delta vs Pi42
  BOOK      9 pos gross $319.67 (0.64x)  open $+2.50  funding $-0.08  vol 27% top 20
            rebal 2026-10-05
  CONTEXT   since 01 Oct $+2.17 (+0.43%) in 4.4d  normal -2.4% to +4.2%  top 46%: normal
  RULE      C2 N2+N3 + range vol (GK)  forward test (paper)
  TOURNEY   4d from 2026-10-01  base -0.52%  N2 -0.66%  N3 +0.20%  N2+N3 +0.11%  +K4 +0.41%
            +GK* +0.27%  +K4+GK +0.60%  +GK+DD +0.53%  +GK+XA +1.53%
  DATA      on time  prices 7s  funding booked  book today  shadow 13:00  carry today
            spot pot today
  SESSION   $+0.10 +0.02%
  CURVE     +===++
  MONTH     book guard $0.00 of $100.00 used  on marked equity  from $500.00  dial 20%
            ..........................
  RECORD    book closed 3  2W 1L  net $-0.09  fees and funding in
  FEES      no fills yet this run (the book trades at 00:05 UTC)
  ------------------------------------------------------------------------------------------------



  19:35  up 0h48m  daily book --------------------------------------------------------------------
  PLAN      $995.95 of $1,000.00 ($-4.05)  after tax on net profit $995.95
            Delta vs Pi42 funding gap $995.95  paper
  BELOW     experiments, not your money
  EQUITY    $502.24  unreal $+2.57
  OPEN      no intraday positions  book holds 9 (BOOK row)  free $439.54 after open P&L
  SHADOW    intraday M1 $507.67 (+1.59%)  M1g $512.76 (+2.61%)  4d paper only
  CARRY     $499.01 (-0.16%)  8 held  paper only
  SPOT      $250.33 (+0.13%)  5 held  18% invested  cash earns 6.90%  paper pot
  SAVINGS   idle $313.99 (62%)  at 6.90% +$0.25 so far  ~$1.80/month  paper
  BFUSD     wallet $502.25 at 7.66%  +$0.35 so far  ~$3.21/month  vs Savings $1.80  paper
  DELTA     $503.20 (+0.64%)  9 held  fees $0.20  funding $+0.13
            paper experiment: the book on Delta
  XVENUE    $995.21 (-0.48%)  10 pairs  funding $+2.27  fees $4.87  paper, Delta vs Pi42
  BOOK      9 pos gross $319.29 (0.64x)  open $+2.57  funding $-0.08  vol 27% top 20
            rebal 2026-10-05
  CONTEXT   since 01 Oct $+2.24 (+0.45%) in 4.4d  normal -2.4% to +4.2%  top 46%: normal
  RULE      C2 N2+N3 + range vol (GK)  forward test (paper)
  TOURNEY   4d from 2026-10-01  base -0.52%  N2 -0.66%  N3 +0.20%  N2+N3 +0.11%  +K4 +0.41%
            +GK* +0.27%  +K4+GK +0.60%  +GK+DD +0.53%  +GK+XA +1.53%
  DATA      on time  prices 1s  funding booked  book today  shadow 14:00  carry today
            spot pot today
  SESSION   $+0.17 +0.03%
  CURVE     +===+++
  MONTH     book guard $0.00 of $100.00 used  on marked equity  from $500.00  dial 20%
            ..........................
  RECORD    book closed 3  2W 1L  net $-0.09  fees and funding in
  FEES      no fills yet this run (the book trades at 00:05 UTC)
  ------------------------------------------------------------------------------------------------



  19:43  up 0h56m  daily book --------------------------------------------------------------------
  PLAN      $996.05 of $1,000.00 ($-3.95)  after tax on net profit $996.05
            Delta vs Pi42 funding gap $996.05  paper
  BELOW     experiments, not your money
  EQUITY    $502.58  unreal $+2.91
  OPEN      no intraday positions  book holds 9 (BOOK row)  free $439.88 after open P&L
  SHADOW    intraday M1 $507.67 (+1.59%)  M1g $512.76 (+2.61%)  4d paper only
  CARRY     $499.01 (-0.16%)  8 held  paper only
  SPOT      $250.49 (+0.20%)  5 held  18% invested  cash earns 6.90%  paper pot
  SAVINGS   idle $314.29 (62%)  at 6.90% +$0.25 so far  ~$1.81/month  paper
  BFUSD     wallet $502.65 at 7.66%  +$0.35 so far  ~$3.21/month  vs Savings $1.81  paper
  DELTA     $503.41 (+0.68%)  9 held  fees $0.20  funding $+0.13
            paper experiment: the book on Delta
  XVENUE    $995.21 (-0.48%)  10 pairs  funding $+2.27  fees $4.87  paper, Delta vs Pi42
  BOOK      9 pos gross $320.38 (0.64x)  open $+2.91  funding $-0.08  vol 27% top 20
            rebal 2026-10-05
  CONTEXT   since 01 Oct $+2.58 (+0.52%) in 4.4d  normal -2.4% to +4.2%  top 45%: normal
  RULE      C2 N2+N3 + range vol (GK)  forward test (paper)
  TOURNEY   4d from 2026-10-01  base -0.52%  N2 -0.66%  N3 +0.20%  N2+N3 +0.11%  +K4 +0.41%
            +GK* +0.27%  +K4+GK +0.60%  +GK+DD +0.53%  +GK+XA +1.53%
  DATA      on time  prices 38s  funding booked  book today  shadow 14:00  carry today
            spot pot today
  SESSION   $+0.51 +0.10%
  CURVE     ====++++
  MONTH     book guard $0.00 of $100.00 used  on marked equity  from $500.00  dial 20%
            ..........................
  RECORD    book closed 3  2W 1L  net $-0.09  fees and funding in
  FEES      no fills yet this run (the book trades at 00:05 UTC)
  ------------------------------------------------------------------------------------------------



  19:51  up 1h04m  daily book --------------------------------------------------------------------
  PLAN      $996.16 of $1,000.00 ($-3.84)  after tax on net profit $996.16
            Delta vs Pi42 funding gap $996.16  paper
  BELOW     experiments, not your money
  EQUITY    $502.44  unreal $+2.77
  OPEN      no intraday positions  book holds 9 (BOOK row)  free $439.74 after open P&L
  SHADOW    intraday M1 $507.67 (+1.59%)  M1g $512.76 (+2.61%)  4d paper only
  CARRY     $499.01 (-0.16%)  8 held  paper only
  SPOT      $250.36 (+0.14%)  5 held  18% invested  cash earns 6.90%  paper pot
  SAVINGS   idle $314.19 (62%)  at 6.90% +$0.25 so far  ~$1.81/month  paper
  BFUSD     wallet $502.52 at 7.66%  +$0.35 so far  ~$3.21/month  vs Savings $1.81  paper
  DELTA     $503.56 (+0.71%)  9 held  fees $0.20  funding $+0.13
            paper experiment: the book on Delta
  XVENUE    $995.21 (-0.48%)  10 pairs  funding $+2.27  fees $4.87  paper, Delta vs Pi42
  BOOK      9 pos gross $319.10 (0.64x)  open $+2.77  funding $-0.08  vol 27% top 20
            rebal 2026-10-05
  CONTEXT   since 01 Oct $+2.44 (+0.49%) in 4.4d  normal -2.4% to +4.2%  top 45%: normal
  RULE      C2 N2+N3 + range vol (GK)  forward test (paper)
  TOURNEY   4d from 2026-10-01  base -0.52%  N2 -0.66%  N3 +0.20%  N2+N3 +0.11%  +K4 +0.41%
            +GK* +0.27%  +K4+GK +0.60%  +GK+DD +0.53%  +GK+XA +1.53%
  DATA      on time  prices 27s  funding booked  book today  shadow 14:00  carry today
            spot pot today
  SESSION   $+0.37 +0.07%  peak $502.58  dd 0.03%
  CURVE     ====+++++
  MONTH     book guard $0.00 of $100.00 used  on marked equity  from $500.00  dial 20%
            ..........................
  RECORD    book closed 3  2W 1L  net $-0.09  fees and funding in
  FEES      no fills yet this run (the book trades at 00:05 UTC)
  ------------------------------------------------------------------------------------------------



  19:59  up 1h12m  daily book --------------------------------------------------------------------
  PLAN      $996.06 of $1,000.00 ($-3.94)  after tax on net profit $996.06
            Delta vs Pi42 funding gap $996.06  paper
  BELOW     experiments, not your money
  EQUITY    $502.57  unreal $+2.90
  OPEN      no intraday positions  book holds 9 (BOOK row)  free $439.87 after open P&L
  SHADOW    intraday M1 $507.67 (+1.59%)  M1g $512.76 (+2.61%)  4d paper only
  CARRY     $499.01 (-0.16%)  8 held  paper only
  SPOT      $250.24 (+0.10%)  5 held  18% invested  cash earns 6.90%  paper pot
  SAVINGS   idle $314.16 (62%)  at 6.90% +$0.25 so far  ~$1.81/month  paper
  BFUSD     wallet $502.48 at 7.66%  +$0.35 so far  ~$3.21/month  vs Savings $1.81  paper
  DELTA     $503.28 (+0.66%)  9 held  fees $0.20  funding $+0.13
            paper experiment: the book on Delta
  XVENUE    $995.21 (-0.48%)  10 pairs  funding $+2.27  fees $4.87  paper, Delta vs Pi42
  BOOK      9 pos gross $318.60 (0.63x)  open $+2.90  funding $-0.08  vol 27% top 20
            rebal 2026-10-05
  CONTEXT   since 01 Oct $+2.57 (+0.51%) in 4.5d  normal -2.4% to +4.2%  top 45%: normal
  RULE      C2 N2+N3 + range vol (GK)  forward test (paper)
  TOURNEY   4d from 2026-10-01  base -0.52%  N2 -0.66%  N3 +0.20%  N2+N3 +0.11%  +K4 +0.41%
            +GK* +0.27%  +K4+GK +0.60%  +GK+DD +0.53%  +GK+XA +1.53%
  DATA      on time  prices 22s  funding booked  book today  shadow 14:00  carry today
            spot pot today
  SESSION   $+0.50 +0.10%  peak $502.58
  CURVE     ====++++++
  MONTH     book guard $0.00 of $100.00 used  on marked equity  from $500.00  dial 20%
            ..........................
  RECORD    book closed 3  2W 1L  net $-0.09  fees and funding in
  FEES      no fills yet this run (the book trades at 00:05 UTC)
  ------------------------------------------------------------------------------------------------



  20:07  up 1h20m  daily book --------------------------------------------------------------------
  PLAN      $996.66 of $1,000.00 ($-3.34)  after tax on net profit $996.66
            Delta vs Pi42 funding gap $996.66  paper
  BELOW     experiments, not your money
  EQUITY    $501.91  unreal $+2.24
  OPEN      no intraday positions  book holds 9 (BOOK row)  free $439.21 after open P&L
  SHADOW    intraday M1 $507.67 (+1.59%)  M1g $512.76 (+2.61%)  4d paper only
  CARRY     $499.01 (-0.16%)  8 held  paper only
  SPOT      $249.96 (-0.02%)  5 held  18% invested  cash earns 6.90%  paper pot
  SAVINGS   idle $313.65 (62%)  at 6.90% +$0.25 so far  ~$1.80/month  paper
  BFUSD     wallet $501.80 at 7.66%  +$0.35 so far  ~$3.20/month  vs Savings $1.80  paper
  DELTA     $502.98 (+0.60%)  9 held  fees $0.20  funding $+0.13
            paper experiment: the book on Delta
  XVENUE    $995.21 (-0.48%)  10 pairs  funding $+2.27  fees $4.87  paper, Delta vs Pi42
  BOOK      9 pos gross $316.55 (0.63x)  open $+2.24  funding $-0.08  vol 27% top 20
            rebal 2026-10-05
  CONTEXT   since 01 Oct $+1.91 (+0.38%) in 4.5d  normal -2.4% to +4.2%  top 47%: normal
  RULE      C2 N2+N3 + range vol (GK)  forward test (paper)
  TOURNEY   4d from 2026-10-01  base -0.52%  N2 -0.66%  N3 +0.20%  N2+N3 +0.11%  +K4 +0.41%
            +GK* +0.27%  +K4+GK +0.60%  +GK+DD +0.53%  +GK+XA +1.53%
  DATA      on time  prices 15s  funding booked  book today  shadow 14:00  carry today
            spot pot today
  SESSION   $-0.16 -0.03%  peak $502.58  dd 0.13%
  CURVE     ====++++++=
  MONTH     book guard $0.00 of $100.00 used  on marked equity  from $500.00  dial 20%
            ..........................
  RECORD    book closed 3  2W 1L  net $-0.09  fees and funding in
  FEES      no fills yet this run (the book trades at 00:05 UTC)
  ------------------------------------------------------------------------------------------------



  20:15  up 1h28m  daily book --------------------------------------------------------------------
  PLAN      $996.22 of $1,000.00 ($-3.78)  after tax on net profit $996.22
            Delta vs Pi42 funding gap $996.22  paper
  BELOW     experiments, not your money
  EQUITY    $501.73  unreal $+2.06
  OPEN      no intraday positions  book holds 9 (BOOK row)  free $439.03 after open P&L
  SHADOW    intraday M1 $507.67 (+1.59%)  M1g $512.76 (+2.61%)  4d paper only
  CARRY     $499.01 (-0.16%)  8 held  paper only
  SPOT      $250.04 (+0.02%)  5 held  18% invested  cash earns 6.90%  paper pot
  SAVINGS   idle $313.73 (62%)  at 6.90% +$0.25 so far  ~$1.80/month  paper
  BFUSD     wallet $501.90 at 7.66%  +$0.35 so far  ~$3.20/month  vs Savings $1.80  paper
  DELTA     $502.76 (+0.55%)  9 held  fees $0.20  funding $+0.13
            paper experiment: the book on Delta
  XVENUE    $995.21 (-0.48%)  10 pairs  funding $+2.27  fees $4.87  paper, Delta vs Pi42
  BOOK      9 pos gross $315.96 (0.63x)  open $+2.06  funding $-0.08  vol 27% top 20
            rebal 2026-10-05
  CONTEXT   since 01 Oct $+1.73 (+0.35%) in 4.5d  normal -2.4% to +4.2%  top 48%: normal
  RULE      C2 N2+N3 + range vol (GK)  forward test (paper)
  TOURNEY   4d from 2026-10-01  base -0.52%  N2 -0.66%  N3 +0.20%  N2+N3 +0.11%  +K4 +0.41%
            +GK* +0.27%  +K4+GK +0.60%  +GK+DD +0.53%  +GK+XA +1.53%
  DATA      on time  prices 9s  funding booked  book today  shadow 14:00  carry today
            spot pot today
  SESSION   $-0.34 -0.07%  peak $502.58  dd 0.17%
  CURVE     ====++++++==
  MONTH     book guard $0.00 of $100.00 used  on marked equity  from $500.00  dial 20%
            ..........................
  RECORD    book closed 3  2W 1L  net $-0.09  fees and funding in
  FEES      no fills yet this run (the book trades at 00:05 UTC)
  ------------------------------------------------------------------------------------------------



  20:23  up 1h36m  daily book --------------------------------------------------------------------
  PLAN      $996.24 of $1,000.00 ($-3.76)  after tax on net profit $996.24
            Delta vs Pi42 funding gap $996.24  paper
  BELOW     experiments, not your money
  EQUITY    $501.58  unreal $+1.91
  OPEN      no intraday positions  book holds 9 (BOOK row)  free $438.88 after open P&L
  SHADOW    intraday M1 $507.67 (+1.59%)  M1g $512.76 (+2.61%)  4d paper only
  CARRY     $499.01 (-0.16%)  8 held  paper only
  SPOT      $249.94 (-0.03%)  5 held  18% invested  cash earns 6.90%  paper pot
  SAVINGS   idle $313.46 (62%)  at 6.90% +$0.26 so far  ~$1.80/month  paper
  BFUSD     wallet $501.54 at 7.66%  +$0.35 so far  ~$3.20/month  vs Savings $1.80  paper
  DELTA     $502.26 (+0.45%)  9 held  fees $0.20  funding $+0.13
            paper experiment: the book on Delta
  XVENUE    $995.21 (-0.48%)  10 pairs  funding $+2.27  fees $4.87  paper, Delta vs Pi42
  BOOK      9 pos gross $315.69 (0.63x)  open $+1.91  funding $-0.08  vol 27% top 20
            rebal 2026-10-05
  CONTEXT   since 01 Oct $+1.58 (+0.32%) in 4.5d  normal -2.4% to +4.2%  top 48%: normal
  RULE      C2 N2+N3 + range vol (GK)  forward test (paper)
  TOURNEY   4d from 2026-10-01  base -0.52%  N2 -0.66%  N3 +0.20%  N2+N3 +0.11%  +K4 +0.41%
            +GK* +0.27%  +K4+GK +0.60%  +GK+DD +0.53%  +GK+XA +1.53%
  DATA      on time  prices 2s  funding booked  book today  shadow 14:00  carry today
            spot pot today
  SESSION   $-0.49 -0.10%  peak $502.58  dd 0.20%
  CURVE     ====++++++===
  MONTH     book guard $0.00 of $100.00 used  on marked equity  from $500.00  dial 20%
            ..........................
  RECORD    book closed 3  2W 1L  net $-0.09  fees and funding in
  FEES      no fills yet this run (the book trades at 00:05 UTC)
  ------------------------------------------------------------------------------------------------



  20:31  up 1h44m  daily book --------------------------------------------------------------------
  PLAN      $996.37 of $1,000.00 ($-3.63)  after tax on net profit $996.37
            Delta vs Pi42 funding gap $996.37  paper
  BELOW     experiments, not your money
  EQUITY    $501.56  unreal $+1.89
  OPEN      no intraday positions  book holds 9 (BOOK row)  free $438.86 after open P&L
  SHADOW    intraday M1 $507.67 (+1.59%)  M1g $512.76 (+2.61%)  4d paper only
  CARRY     $499.01 (-0.16%)  8 held  paper only
  SPOT      $249.91 (-0.03%)  5 held  18% invested  cash earns 6.90%  paper pot
  SAVINGS   idle $313.47 (62%)  at 6.90% +$0.26 so far  ~$1.80/month  paper
  BFUSD     wallet $501.56 at 7.66%  +$0.35 so far  ~$3.20/month  vs Savings $1.80  paper
  DELTA     $502.57 (+0.51%)  9 held  fees $0.20  funding $+0.13
            paper experiment: the book on Delta
  XVENUE    $995.21 (-0.48%)  10 pairs  funding $+2.27  fees $4.87  paper, Delta vs Pi42
  BOOK      9 pos gross $315.29 (0.63x)  open $+1.89  funding $-0.08  vol 27% top 20
            rebal 2026-10-05
  CONTEXT   since 01 Oct $+1.56 (+0.31%) in 4.5d  normal -2.4% to +4.2%  top 48%: normal
  RULE      C2 N2+N3 + range vol (GK)  forward test (paper)
  TOURNEY   4d from 2026-10-01  base -0.52%  N2 -0.66%  N3 +0.20%  N2+N3 +0.11%  +K4 +0.41%
            +GK* +0.27%  +K4+GK +0.60%  +GK+DD +0.53%  +GK+XA +1.53%
  DATA      on time  prices 37s  funding booked  book today  shadow 14:00  carry today
            spot pot today
  SESSION   $-0.51 -0.10%  peak $502.58  dd 0.20%
  CURVE     ====++++++====
  MONTH     book guard $0.00 of $100.00 used  on marked equity  from $500.00  dial 20%
            ..........................
  RECORD    book closed 3  2W 1L  net $-0.09  fees and funding in
  FEES      no fills yet this run (the book trades at 00:05 UTC)
  ------------------------------------------------------------------------------------------------



  20:39  up 1h52m  daily book --------------------------------------------------------------------
  PLAN      $995.73 of $1,000.00 ($-4.27)  after tax on net profit $995.73
            Delta vs Pi42 funding gap $995.73  paper
  BELOW     experiments, not your money
  EQUITY    $501.85  unreal $+2.18
  OPEN      no intraday positions  book holds 9 (BOOK row)  free $439.15 after open P&L
  SHADOW    intraday M1 $507.44 (+1.55%)  M1g $512.66 (+2.59%)  4d paper only
  CARRY     $499.01 (-0.16%)  8 held  paper only
  SPOT      $250.00 (+0.00%)  5 held  18% invested  cash earns 6.90%  paper pot
  SAVINGS   idle $313.69 (62%)  at 6.90% +$0.26 so far  ~$1.80/month  paper
  BFUSD     wallet $501.85 at 7.66%  +$0.35 so far  ~$3.20/month  vs Savings $1.80  paper
  DELTA     $502.75 (+0.55%)  9 held  fees $0.20  funding $+0.13
            paper experiment: the book on Delta
  XVENUE    $995.21 (-0.48%)  10 pairs  funding $+2.27  fees $4.87  paper, Delta vs Pi42
  BOOK      9 pos gross $316.24 (0.63x)  open $+2.18  funding $-0.08  vol 27% top 20
            rebal 2026-10-05
  CONTEXT   since 01 Oct $+1.85 (+0.37%) in 4.5d  normal -2.4% to +4.2%  top 47%: normal
  RULE      C2 N2+N3 + range vol (GK)  forward test (paper)
  TOURNEY   4d from 2026-10-01  base -0.52%  N2 -0.66%  N3 +0.20%  N2+N3 +0.11%  +K4 +0.41%
            +GK* +0.27%  +K4+GK +0.60%  +GK+DD +0.53%  +GK+XA +1.53%
  DATA      on time  prices 30s  funding booked  book today  shadow 15:00  carry today
            spot pot today
  SESSION   $-0.22 -0.04%  peak $502.58  dd 0.15%
  CURVE     ====++++++=====
  MONTH     book guard $0.00 of $100.00 used  on marked equity  from $500.00  dial 20%
            ..........................
  RECORD    book closed 3  2W 1L  net $-0.09  fees and funding in
  FEES      no fills yet this run (the book trades at 00:05 UTC)
  ------------------------------------------------------------------------------------------------



  20:47  up 2h00m  daily book --------------------------------------------------------------------
  PLAN      $996.02 of $1,000.00 ($-3.98)  after tax on net profit $996.02
            Delta vs Pi42 funding gap $996.02  paper
  BELOW     experiments, not your money
  EQUITY    $501.95  unreal $+2.28
  OPEN      no intraday positions  book holds 9 (BOOK row)  free $439.25 after open P&L
  SHADOW    intraday M1 $507.44 (+1.55%)  M1g $512.66 (+2.59%)  4d paper only
  CARRY     $499.01 (-0.16%)  8 held  paper only
  SPOT      $249.97 (-0.01%)  5 held  18% invested  cash earns 6.90%  paper pot
  SAVINGS   idle $313.76 (62%)  at 6.90% +$0.26 so far  ~$1.80/month  paper
  BFUSD     wallet $501.95 at 7.66%  +$0.35 so far  ~$3.20/month  vs Savings $1.80  paper
  DELTA     $502.44 (+0.49%)  9 held  fees $0.20  funding $+0.13
            paper experiment: the book on Delta
  XVENUE    $995.21 (-0.48%)  10 pairs  funding $+2.27  fees $4.87  paper, Delta vs Pi42
  BOOK      9 pos gross $316.35 (0.63x)  open $+2.28  funding $-0.08  vol 27% top 20
            rebal 2026-10-05
  CONTEXT   since 01 Oct $+1.95 (+0.39%) in 4.5d  normal -2.4% to +4.2%  top 47%: normal
  RULE      C2 N2+N3 + range vol (GK)  forward test (paper)
  TOURNEY   4d from 2026-10-01  base -0.52%  N2 -0.66%  N3 +0.20%  N2+N3 +0.11%  +K4 +0.41%
            +GK* +0.27%  +K4+GK +0.60%  +GK+DD +0.53%  +GK+XA +1.53%
  DATA      on time  prices 24s  funding booked  book today  shadow 15:00  carry today
            spot pot today
  SESSION   $-0.12 -0.02%  peak $502.58  dd 0.13%
  CURVE     ====++++++======
  MONTH     book guard $0.00 of $100.00 used  on marked equity  from $500.00  dial 20%
            ..........................
  RECORD    book closed 3  2W 1L  net $-0.09  fees and funding in
  FEES      no fills yet this run (the book trades at 00:05 UTC)
  ------------------------------------------------------------------------------------------------



  20:55  up 2h08m  daily book --------------------------------------------------------------------
  PLAN      $995.96 of $1,000.00 ($-4.04)  after tax on net profit $995.96
            Delta vs Pi42 funding gap $995.96  paper
  BELOW     experiments, not your money
  EQUITY    $501.84  unreal $+2.17
  OPEN      no intraday positions  book holds 9 (BOOK row)  free $439.14 after open P&L
  SHADOW    intraday M1 $507.44 (+1.55%)  M1g $512.66 (+2.59%)  4d paper only
  CARRY     $499.01 (-0.16%)  8 held  paper only
  SPOT      $249.97 (-0.01%)  5 held  18% invested  cash earns 6.90%  paper pot
  SAVINGS   idle $313.68 (62%)  at 6.90% +$0.26 so far  ~$1.80/month  paper
  BFUSD     wallet $501.84 at 7.66%  +$0.35 so far  ~$3.20/month  vs Savings $1.80  paper
  DELTA     $502.59 (+0.52%)  9 held  fees $0.20  funding $+0.13
            paper experiment: the book on Delta
  XVENUE    $995.21 (-0.48%)  10 pairs  funding $+2.27  fees $4.87  paper, Delta vs Pi42
  BOOK      9 pos gross $316.15 (0.63x)  open $+2.17  funding $-0.08  vol 27% top 20
            rebal 2026-10-05
  CONTEXT   since 01 Oct $+1.84 (+0.37%) in 4.5d  normal -2.4% to +4.2%  top 47%: normal
  RULE      C2 N2+N3 + range vol (GK)  forward test (paper)
  TOURNEY   4d from 2026-10-01  base -0.52%  N2 -0.66%  N3 +0.20%  N2+N3 +0.11%  +K4 +0.41%
            +GK* +0.27%  +K4+GK +0.60%  +GK+DD +0.53%  +GK+XA +1.53%
  DATA      on time  prices 19s  funding booked  book today  shadow 15:00  carry today
            spot pot today
  SESSION   $-0.23 -0.05%  peak $502.58  dd 0.15%
  CURVE     ====++++++=======
  MONTH     book guard $0.00 of $100.00 used  on marked equity  from $500.00  dial 20%
            ..........................
  RECORD    book closed 3  2W 1L  net $-0.09  fees and funding in
  FEES      no fills yet this run (the book trades at 00:05 UTC)
  ------------------------------------------------------------------------------------------------



  21:03  up 2h16m  daily book --------------------------------------------------------------------
  PLAN      $996.22 of $1,000.00 ($-3.78)  after tax on net profit $996.22
            Delta vs Pi42 funding gap $996.22  paper
  BELOW     experiments, not your money
  EQUITY    $501.80  unreal $+2.13
  OPEN      no intraday positions  book holds 9 (BOOK row)  free $439.10 after open P&L
  SHADOW    intraday M1 $507.44 (+1.55%)  M1g $512.66 (+2.59%)  4d paper only
  CARRY     $499.01 (-0.16%)  8 held  paper only
  SPOT      $249.76 (-0.09%)  5 held  18% invested  cash earns 6.90%  paper pot
  SAVINGS   idle $313.65 (62%)  at 6.90% +$0.26 so far  ~$1.80/month  paper
  BFUSD     wallet $501.80 at 7.66%  +$0.35 so far  ~$3.20/month  vs Savings $1.80  paper
  DELTA     $502.66 (+0.53%)  9 held  fees $0.20  funding $+0.13
            paper experiment: the book on Delta
  XVENUE    $995.21 (-0.48%)  10 pairs  funding $+2.27  fees $4.87  paper, Delta vs Pi42
  BOOK      9 pos gross $314.97 (0.63x)  open $+2.13  funding $-0.08  vol 27% top 20
            rebal 2026-10-05
  CONTEXT   since 01 Oct $+1.80 (+0.36%) in 4.5d  normal -2.4% to +4.3%  top 47%: normal
  RULE      C2 N2+N3 + range vol (GK)  forward test (paper)
  TOURNEY   4d from 2026-10-01  base -0.52%  N2 -0.66%  N3 +0.20%  N2+N3 +0.11%  +K4 +0.41%
            +GK* +0.27%  +K4+GK +0.60%  +GK+DD +0.53%  +GK+XA +1.53%
  DATA      on time  prices 12s  funding booked  book today  shadow 15:00  carry today
            spot pot today
  SESSION   $-0.27 -0.05%  peak $502.58  dd 0.16%
  CURVE     ====++++++========
  MONTH     book guard $0.00 of $100.00 used  on marked equity  from $500.00  dial 20%
            ..........................
  RECORD    book closed 3  2W 1L  net $-0.09  fees and funding in
  FEES      no fills yet this run (the book trades at 00:05 UTC)
  ------------------------------------------------------------------------------------------------



  21:11  up 2h24m  daily book --------------------------------------------------------------------
  PLAN      $995.58 of $1,000.00 ($-4.42)  after tax on net profit $995.58
            Delta vs Pi42 funding gap $995.58  paper
  BELOW     experiments, not your money
  EQUITY    $501.87  unreal $+2.20
  OPEN      no intraday positions  book holds 9 (BOOK row)  free $439.17 after open P&L
  SHADOW    intraday M1 $507.44 (+1.55%)  M1g $512.66 (+2.59%)  4d paper only
  CARRY     $499.01 (-0.16%)  8 held  paper only
  SPOT      $249.78 (-0.09%)  5 held  18% invested  cash earns 6.90%  paper pot
  SAVINGS   idle $313.70 (62%)  at 6.90% +$0.26 so far  ~$1.80/month  paper
  BFUSD     wallet $501.87 at 7.66%  +$0.35 so far  ~$3.20/month  vs Savings $1.80  paper
  DELTA     $502.88 (+0.58%)  9 held  fees $0.20  funding $+0.13
            paper experiment: the book on Delta
  XVENUE    $995.21 (-0.48%)  10 pairs  funding $+2.27  fees $4.87  paper, Delta vs Pi42
  BOOK      9 pos gross $315.20 (0.63x)  open $+2.20  funding $-0.08  vol 27% top 20
            rebal 2026-10-05
  CONTEXT   since 01 Oct $+1.87 (+0.37%) in 4.5d  normal -2.4% to +4.3%  top 47%: normal
  RULE      C2 N2+N3 + range vol (GK)  forward test (paper)
  TOURNEY   4d from 2026-10-01  base -0.52%  N2 -0.66%  N3 +0.20%  N2+N3 +0.11%  +K4 +0.41%
            +GK* +0.27%  +K4+GK +0.60%  +GK+DD +0.53%  +GK+XA +1.53%
  DATA      on time  prices 5s  funding booked  book today  shadow 15:00  carry today
            spot pot today
  SESSION   $-0.20 -0.04%  peak $502.58  dd 0.14%
  CURVE     ====++++++=========
  MONTH     book guard $0.00 of $100.00 used  on marked equity  from $500.00  dial 20%
            ..........................
  RECORD    book closed 3  2W 1L  net $-0.09  fees and funding in
  FEES      no fills yet this run (the book trades at 00:05 UTC)
  ------------------------------------------------------------------------------------------------



  21:19  up 2h32m  daily book --------------------------------------------------------------------
  PLAN      $996.32 of $1,000.00 ($-3.68)  after tax on net profit $996.32
            Delta vs Pi42 funding gap $996.32  paper
  BELOW     experiments, not your money
  EQUITY    $502.06  unreal $+2.39
  OPEN      no intraday positions  book holds 9 (BOOK row)  free $439.36 after open P&L
  SHADOW    intraday M1 $507.44 (+1.55%)  M1g $512.66 (+2.59%)  4d paper only
  CARRY     $499.01 (-0.16%)  8 held  paper only
  SPOT      $249.75 (-0.10%)  5 held  18% invested  cash earns 6.90%  paper pot
  SAVINGS   idle $313.84 (62%)  at 6.90% +$0.26 so far  ~$1.80/month  paper
  BFUSD     wallet $502.06 at 7.66%  +$0.35 so far  ~$3.20/month  vs Savings $1.80  paper
  DELTA     $502.98 (+0.60%)  9 held  fees $0.20  funding $+0.13
            paper experiment: the book on Delta
  XVENUE    $995.21 (-0.48%)  10 pairs  funding $+2.27  fees $4.87  paper, Delta vs Pi42
  BOOK      9 pos gross $315.33 (0.63x)  open $+2.39  funding $-0.08  vol 27% top 20
            rebal 2026-10-05
  CONTEXT   since 01 Oct $+2.06 (+0.41%) in 4.5d  normal -2.4% to +4.3%  top 47%: normal
  RULE      C2 N2+N3 + range vol (GK)  forward test (paper)
  TOURNEY   4d from 2026-10-01  base -0.52%  N2 -0.66%  N3 +0.20%  N2+N3 +0.11%  +K4 +0.41%
            +GK* +0.27%  +K4+GK +0.60%  +GK+DD +0.53%  +GK+XA +1.53%
  DATA      on time  prices 38s  funding booked  book today  shadow 15:00  carry today
            spot pot today
  SESSION   $-0.01 -0.00%  peak $502.58  dd 0.10%
  CURVE     ====++++++==========
  MONTH     book guard $0.00 of $100.00 used  on marked equity  from $500.00  dial 20%
            ..........................
  RECORD    book closed 3  2W 1L  net $-0.09  fees and funding in
  FEES      no fills yet this run (the book trades at 00:05 UTC)
  ------------------------------------------------------------------------------------------------



  21:27  up 2h40m  daily book --------------------------------------------------------------------
  PLAN      $996.05 of $1,000.00 ($-3.95)  after tax on net profit $996.05
            Delta vs Pi42 funding gap $996.05  paper
  BELOW     experiments, not your money
  EQUITY    $501.83  unreal $+2.16
  OPEN      no intraday positions  book holds 9 (BOOK row)  free $439.13 after open P&L
  SHADOW    intraday M1 $507.44 (+1.55%)  M1g $512.66 (+2.59%)  4d paper only
  CARRY     $499.01 (-0.16%)  8 held  paper only
  SPOT      $249.73 (-0.11%)  5 held  18% invested  cash earns 6.90%  paper pot
  SAVINGS   idle $313.66 (62%)  at 6.90% +$0.26 so far  ~$1.80/month  paper
  BFUSD     wallet $501.82 at 7.66%  +$0.36 so far  ~$3.20/month  vs Savings $1.80  paper
  DELTA     $502.71 (+0.54%)  9 held  fees $0.20  funding $+0.13
            paper experiment: the book on Delta
  XVENUE    $995.21 (-0.48%)  10 pairs  funding $+2.27  fees $4.87  paper, Delta vs Pi42
  BOOK      9 pos gross $314.98 (0.63x)  open $+2.16  funding $-0.08  vol 27% top 20
            rebal 2026-10-05
  CONTEXT   since 01 Oct $+1.83 (+0.37%) in 4.5d  normal -2.5% to +4.3%  top 47%: normal
  RULE      C2 N2+N3 + range vol (GK)  forward test (paper)
  TOURNEY   4d from 2026-10-01  base -0.52%  N2 -0.66%  N3 +0.20%  N2+N3 +0.11%  +K4 +0.41%
            +GK* +0.27%  +K4+GK +0.60%  +GK+DD +0.53%  +GK+XA +1.53%
  DATA      on time  prices 31s  funding booked  book today  shadow 15:00  carry today
            spot pot today
  SESSION   $-0.24 -0.05%  peak $502.58  dd 0.15%
  CURVE     ====++++++===========
  MONTH     book guard $0.00 of $100.00 used  on marked equity  from $500.00  dial 20%
            ..........................
  RECORD    book closed 3  2W 1L  net $-0.09  fees and funding in
  FEES      no fills yet this run (the book trades at 00:05 UTC)
  ------------------------------------------------------------------------------------------------



  21:35  up 2h48m  daily book --------------------------------------------------------------------
  PLAN      $996.31 of $1,000.00 ($-3.69)  after tax on net profit $996.31
            Delta vs Pi42 funding gap $996.31  paper
  BELOW     experiments, not your money
  EQUITY    $501.86  unreal $+2.18
  OPEN      no intraday positions  book holds 9 (BOOK row)  free $439.16 after open P&L
  SHADOW    intraday M1 $507.40 (+1.54%)  M1g $512.88 (+2.64%)  4d paper only
  CARRY     $499.01 (-0.16%)  8 held  paper only
  SPOT      $249.67 (-0.13%)  5 held  18% invested  cash earns 6.90%  paper pot
  SAVINGS   idle $313.59 (62%)  at 6.90% +$0.26 so far  ~$1.80/month  paper
  BFUSD     wallet $501.72 at 7.66%  +$0.36 so far  ~$3.20/month  vs Savings $1.80  paper
  DELTA     $502.70 (+0.54%)  9 held  fees $0.20  funding $+0.16
            paper experiment: the book on Delta
  XVENUE    $995.21 (-0.48%)  10 pairs  funding $+2.27  fees $4.87  paper, Delta vs Pi42
  BOOK      9 pos gross $314.78 (0.63x)  open $+2.18  funding $-0.08  vol 27% top 20
            rebal 2026-10-05
  CONTEXT   since 01 Oct $+1.86 (+0.37%) in 4.5d  normal -2.5% to +4.3%  top 47%: normal
  RULE      C2 N2+N3 + range vol (GK)  forward test (paper)
  TOURNEY   4d from 2026-10-01  base -0.52%  N2 -0.66%  N3 +0.20%  N2+N3 +0.11%  +K4 +0.41%
            +GK* +0.27%  +K4+GK +0.60%  +GK+DD +0.53%  +GK+XA +1.53%
  DATA      on time  prices 22s  funding booked  book today  shadow 16:00  carry today
            spot pot today
  SESSION   $-0.21 -0.04%  peak $502.58  dd 0.14%
  CURVE     ====++++++============
  MONTH     book guard $0.00 of $100.00 used  on marked equity  from $500.00  dial 20%
            ..........................
  RECORD    book closed 3  2W 1L  net $-0.09  fees and funding in
  FEES      no fills yet this run (the book trades at 00:05 UTC)
  ------------------------------------------------------------------------------------------------



  21:43  up 2h56m  daily book --------------------------------------------------------------------
  PLAN      $996.42 of $1,000.00 ($-3.58)  after tax on net profit $996.42
            Delta vs Pi42 funding gap $996.42  paper
  BELOW     experiments, not your money
  EQUITY    $501.66  unreal $+1.98
  OPEN      no intraday positions  book holds 9 (BOOK row)  free $438.96 after open P&L
  SHADOW    intraday M1 $507.40 (+1.54%)  M1g $512.88 (+2.64%)  4d paper only
  CARRY     $499.01 (-0.16%)  8 held  paper only
  SPOT      $249.75 (-0.10%)  5 held  18% invested  cash earns 6.90%  paper pot
  SAVINGS   idle $313.58 (62%)  at 6.90% +$0.26 so far  ~$1.80/month  paper
  BFUSD     wallet $501.71 at 7.66%  +$0.36 so far  ~$3.20/month  vs Savings $1.80  paper
  DELTA     $502.58 (+0.52%)  9 held  fees $0.20  funding $+0.16
            paper experiment: the book on Delta
  XVENUE    $995.21 (-0.48%)  10 pairs  funding $+2.27  fees $4.87  paper, Delta vs Pi42
  BOOK      9 pos gross $314.88 (0.63x)  open $+1.98  funding $-0.08  vol 27% top 20
            rebal 2026-10-05
  CONTEXT   since 01 Oct $+1.66 (+0.33%) in 4.5d  normal -2.5% to +4.3%  top 48%: normal
  RULE      C2 N2+N3 + range vol (GK)  forward test (paper)
  TOURNEY   4d from 2026-10-01  base -0.52%  N2 -0.66%  N3 +0.20%  N2+N3 +0.11%  +K4 +0.41%
            +GK* +0.27%  +K4+GK +0.60%  +GK+DD +0.53%  +GK+XA +1.53%
  DATA      on time  prices 14s  funding booked  book today  shadow 16:00  carry today
            spot pot today
  SESSION   $-0.41 -0.08%  peak $502.58  dd 0.18%
  CURVE     ====++++++=============
  MONTH     book guard $0.00 of $100.00 used  on marked equity  from $500.00  dial 20%
            ..........................
  RECORD    book closed 3  2W 1L  net $-0.09  fees and funding in
  FEES      no fills yet this run (the book trades at 00:05 UTC)
  ------------------------------------------------------------------------------------------------



  21:51  up 3h04m  daily book --------------------------------------------------------------------
  PLAN      $996.63 of $1,000.00 ($-3.37)  after tax on net profit $996.63
            Delta vs Pi42 funding gap $996.63  paper
  BELOW     experiments, not your money
  EQUITY    $501.49  unreal $+1.81
  OPEN      no intraday positions  book holds 9 (BOOK row)  free $438.79 after open P&L
  SHADOW    intraday M1 $507.40 (+1.54%)  M1g $512.88 (+2.64%)  4d paper only
  CARRY     $499.01 (-0.16%)  8 held  paper only
  SPOT      $249.60 (-0.16%)  5 held  18% invested  cash earns 6.90%  paper pot
  SAVINGS   idle $313.41 (62%)  at 6.90% +$0.26 so far  ~$1.80/month  paper
  BFUSD     wallet $501.48 at 7.66%  +$0.36 so far  ~$3.20/month  vs Savings $1.80  paper
  DELTA     $502.28 (+0.46%)  9 held  fees $0.20  funding $+0.16
            paper experiment: the book on Delta
  XVENUE    $995.21 (-0.48%)  10 pairs  funding $+2.27  fees $4.87  paper, Delta vs Pi42
  BOOK      9 pos gross $314.18 (0.63x)  open $+1.81  funding $-0.08  vol 27% top 20
            rebal 2026-10-05
  CONTEXT   since 01 Oct $+1.49 (+0.30%) in 4.5d  normal -2.5% to +4.3%  top 48%: normal
  RULE      C2 N2+N3 + range vol (GK)  forward test (paper)
  TOURNEY   4d from 2026-10-01  base -0.52%  N2 -0.66%  N3 +0.20%  N2+N3 +0.11%  +K4 +0.41%
            +GK* +0.27%  +K4+GK +0.60%  +GK+DD +0.53%  +GK+XA +1.53%
  DATA      on time  prices 7s  funding booked  book today  shadow 16:00  carry today
            spot pot today
  SESSION   $-0.58 -0.12%  peak $502.58  dd 0.22%
  CURVE     +===++++++=========+====
  MONTH     book guard $0.00 of $100.00 used  on marked equity  from $500.00  dial 20%
            ..........................
  RECORD    book closed 3  2W 1L  net $-0.09  fees and funding in
  FEES      no fills yet this run (the book trades at 00:05 UTC)
  ------------------------------------------------------------------------------------------------



  21:59  up 3h12m  daily book --------------------------------------------------------------------
  PLAN      $996.22 of $1,000.00 ($-3.78)  after tax on net profit $996.22
            Delta vs Pi42 funding gap $996.22  paper
  BELOW     experiments, not your money
  EQUITY    $501.72  unreal $+2.04
  OPEN      no intraday positions  book holds 9 (BOOK row)  free $439.02 after open P&L
  SHADOW    intraday M1 $507.40 (+1.54%)  M1g $512.88 (+2.64%)  4d paper only
  CARRY     $499.01 (-0.16%)  8 held  paper only
  SPOT      $249.62 (-0.15%)  5 held  18% invested  cash earns 6.90%  paper pot
  SAVINGS   idle $313.59 (62%)  at 6.90% +$0.26 so far  ~$1.80/month  paper
  BFUSD     wallet $501.72 at 7.66%  +$0.36 so far  ~$3.20/month  vs Savings $1.80  paper
  DELTA     $502.20 (+0.44%)  9 held  fees $0.20  funding $+0.16
            paper experiment: the book on Delta
  XVENUE    $995.21 (-0.48%)  10 pairs  funding $+2.27  fees $4.87  paper, Delta vs Pi42
  BOOK      9 pos gross $313.73 (0.62x)  open $+2.04  funding $-0.08  vol 27% top 20
            rebal 2026-10-05
  CONTEXT   since 01 Oct $+1.72 (+0.34%) in 4.5d  normal -2.5% to +4.3%  top 48%: normal
  RULE      C2 N2+N3 + range vol (GK)  forward test (paper)
  TOURNEY   4d from 2026-10-01  base -0.52%  N2 -0.66%  N3 +0.20%  N2+N3 +0.11%  +K4 +0.41%
            +GK* +0.27%  +K4+GK +0.60%  +GK+DD +0.53%  +GK+XA +1.53%
  DATA      on time  prices 2s  funding booked  book today  shadow 16:00  carry today
            spot pot today
  SESSION   $-0.35 -0.07%  peak $502.58  dd 0.17%
  CURVE     +===++++++=========+=====
  MONTH     book guard $0.00 of $100.00 used  on marked equity  from $500.00  dial 20%
            ..........................
  RECORD    book closed 3  2W 1L  net $-0.09  fees and funding in
  FEES      no fills yet this run (the book trades at 00:05 UTC)
  ------------------------------------------------------------------------------------------------



  22:07  up 3h20m  daily book --------------------------------------------------------------------
  PLAN      $996.49 of $1,000.00 ($-3.51)  after tax on net profit $996.49
            Delta vs Pi42 funding gap $996.49  paper
  BELOW     experiments, not your money
  EQUITY    $502.12  unreal $+2.44
  OPEN      no intraday positions  book holds 9 (BOOK row)  free $439.42 after open P&L
  SHADOW    intraday M1 $507.40 (+1.54%)  M1g $512.88 (+2.64%)  4d paper only
  CARRY     $499.01 (-0.16%)  8 held  paper only
  SPOT      $249.71 (-0.12%)  5 held  18% invested  cash earns 6.90%  paper pot
  SAVINGS   idle $313.89 (62%)  at 6.90% +$0.26 so far  ~$1.80/month  paper
  BFUSD     wallet $502.12 at 7.66%  +$0.36 so far  ~$3.21/month  vs Savings $1.80  paper
  DELTA     $502.98 (+0.60%)  9 held  fees $0.20  funding $+0.16
            paper experiment: the book on Delta
  XVENUE    $995.21 (-0.48%)  10 pairs  funding $+2.27  fees $4.87  paper, Delta vs Pi42
  BOOK      9 pos gross $314.78 (0.63x)  open $+2.44  funding $-0.08  vol 27% top 20
            rebal 2026-10-05
  CONTEXT   since 01 Oct $+2.12 (+0.42%) in 4.5d  normal -2.5% to +4.3%  top 46%: normal
  RULE      C2 N2+N3 + range vol (GK)  forward test (paper)
  TOURNEY   4d from 2026-10-01  base -0.52%  N2 -0.66%  N3 +0.20%  N2+N3 +0.11%  +K4 +0.41%
            +GK* +0.27%  +K4+GK +0.60%  +GK+DD +0.53%  +GK+XA +1.53%
  DATA      on time  prices 35s  funding booked  book today  shadow 16:00  carry today
            spot pot today
  SESSION   $+0.05 +0.01%  peak $502.58  dd 0.09%
  CURVE     +===++++++=========+=====+
  MONTH     book guard $0.00 of $100.00 used  on marked equity  from $500.00  dial 20%
            ..........................
  RECORD    book closed 3  2W 1L  net $-0.09  fees and funding in
  FEES      no fills yet this run (the book trades at 00:05 UTC)
  ------------------------------------------------------------------------------------------------



  22:15  up 3h28m  daily book --------------------------------------------------------------------
  PLAN      $996.49 of $1,000.00 ($-3.51)  after tax on net profit $996.49
            Delta vs Pi42 funding gap $996.49  paper
  BELOW     experiments, not your money
  EQUITY    $502.06  unreal $+2.38
  OPEN      no intraday positions  book holds 9 (BOOK row)  free $439.36 after open P&L
  SHADOW    intraday M1 $507.40 (+1.54%)  M1g $512.88 (+2.64%)  4d paper only
  CARRY     $499.01 (-0.16%)  8 held  paper only
  SPOT      $249.68 (-0.13%)  5 held  18% invested  cash earns 6.90%  paper pot
  SAVINGS   idle $313.83 (62%)  at 6.90% +$0.26 so far  ~$1.80/month  paper
  BFUSD     wallet $502.04 at 7.66%  +$0.36 so far  ~$3.20/month  vs Savings $1.80  paper
  DELTA     $502.93 (+0.59%)  9 held  fees $0.20  funding $+0.16
            paper experiment: the book on Delta
  XVENUE    $995.21 (-0.48%)  10 pairs  funding $+2.27  fees $4.87  paper, Delta vs Pi42
  BOOK      9 pos gross $314.48 (0.63x)  open $+2.38  funding $-0.08  vol 27% top 20
            rebal 2026-10-05
  CONTEXT   since 01 Oct $+2.06 (+0.41%) in 4.5d  normal -2.5% to +4.3%  top 47%: normal
  RULE      C2 N2+N3 + range vol (GK)  forward test (paper)
  TOURNEY   4d from 2026-10-01  base -0.52%  N2 -0.66%  N3 +0.20%  N2+N3 +0.11%  +K4 +0.41%
            +GK* +0.27%  +K4+GK +0.60%  +GK+DD +0.53%  +GK+XA +1.53%
  DATA      on time  prices 28s  funding booked  book today  shadow 16:00  carry today
            spot pot today
  SESSION   $-0.01 -0.00%  peak $502.58  dd 0.10%
  CURVE     +===++++++=========+=====++
  MONTH     book guard $0.00 of $100.00 used  on marked equity  from $500.00  dial 20%
            ..........................
  RECORD    book closed 3  2W 1L  net $-0.09  fees and funding in
  FEES      no fills yet this run (the book trades at 00:05 UTC)
  ------------------------------------------------------------------------------------------------



  22:23  up 3h36m  daily book --------------------------------------------------------------------
  PLAN      $996.29 of $1,000.00 ($-3.71)  after tax on net profit $996.29
            Delta vs Pi42 funding gap $996.29  paper
  BELOW     experiments, not your money
  EQUITY    $502.17  unreal $+2.49
  OPEN      no intraday positions  book holds 9 (BOOK row)  free $439.47 after open P&L
  SHADOW    intraday M1 $507.40 (+1.54%)  M1g $512.88 (+2.64%)  4d paper only
  CARRY     $499.01 (-0.16%)  8 held  paper only
  SPOT      $249.77 (-0.09%)  5 held  18% invested  cash earns 6.90%  paper pot
  SAVINGS   idle $313.95 (62%)  at 6.90% +$0.26 so far  ~$1.80/month  paper
  BFUSD     wallet $502.20 at 7.66%  +$0.36 so far  ~$3.21/month  vs Savings $1.80  paper
  DELTA     $503.04 (+0.61%)  9 held  fees $0.20  funding $+0.16
            paper experiment: the book on Delta
  XVENUE    $995.21 (-0.48%)  10 pairs  funding $+2.27  fees $4.87  paper, Delta vs Pi42
  BOOK      9 pos gross $314.91 (0.63x)  open $+2.49  funding $-0.08  vol 27% top 20
            rebal 2026-10-05
  CONTEXT   since 01 Oct $+2.17 (+0.43%) in 4.5d  normal -2.5% to +4.3%  top 46%: normal
  RULE      C2 N2+N3 + range vol (GK)  forward test (paper)
  TOURNEY   4d from 2026-10-01  base -0.52%  N2 -0.66%  N3 +0.20%  N2+N3 +0.11%  +K4 +0.41%
            +GK* +0.27%  +K4+GK +0.60%  +GK+DD +0.53%  +GK+XA +1.53%
  DATA      on time  prices 22s  funding booked  book today  shadow 16:00  carry today
            spot pot today
  SESSION   $+0.10 +0.02%  peak $502.58  dd 0.08%
  CURVE     +===++++++=========+=====+++
  MONTH     book guard $0.00 of $100.00 used  on marked equity  from $500.00  dial 20%
            ..........................
  RECORD    book closed 3  2W 1L  net $-0.09  fees and funding in
  FEES      no fills yet this run (the book trades at 00:05 UTC)
  ------------------------------------------------------------------------------------------------



  22:31  up 3h44m  daily book --------------------------------------------------------------------
  PLAN      $996.31 of $1,000.00 ($-3.69)  after tax on net profit $996.31
            Delta vs Pi42 funding gap $996.31  paper
  BELOW     experiments, not your money
  EQUITY    $502.06  unreal $+2.38
  OPEN      no intraday positions  book holds 9 (BOOK row)  free $439.36 after open P&L
  SHADOW    intraday M1 $507.40 (+1.54%)  M1g $512.88 (+2.64%)  4d paper only
  CARRY     $499.01 (-0.16%)  8 held  paper only
  SPOT      $249.76 (-0.09%)  5 held  18% invested  cash earns 6.90%  paper pot
  SAVINGS   idle $313.84 (62%)  at 6.90% +$0.26 so far  ~$1.80/month  paper
  BFUSD     wallet $502.05 at 7.66%  +$0.36 so far  ~$3.20/month  vs Savings $1.80  paper
  DELTA     $502.82 (+0.56%)  9 held  fees $0.20  funding $+0.16
            paper experiment: the book on Delta
  XVENUE    $995.21 (-0.48%)  10 pairs  funding $+2.27  fees $4.87  paper, Delta vs Pi42
  BOOK      9 pos gross $314.85 (0.63x)  open $+2.38  funding $-0.08  vol 27% top 20
            rebal 2026-10-05
  CONTEXT   since 01 Oct $+2.06 (+0.41%) in 4.5d  normal -2.5% to +4.3%  top 47%: normal
  RULE      C2 N2+N3 + range vol (GK)  forward test (paper)
  TOURNEY   4d from 2026-10-01  base -0.52%  N2 -0.66%  N3 +0.20%  N2+N3 +0.11%  +K4 +0.41%
            +GK* +0.27%  +K4+GK +0.60%  +GK+DD +0.53%  +GK+XA +1.53%
  DATA      on time  prices 14s  funding booked  book today  shadow 16:00  carry today
            spot pot today
  SESSION   $-0.01 -0.00%  peak $502.58  dd 0.10%
  CURVE     +===++++++=========+=====++++
  MONTH     book guard $0.00 of $100.00 used  on marked equity  from $500.00  dial 20%
            ..........................
  RECORD    book closed 3  2W 1L  net $-0.09  fees and funding in
  FEES      no fills yet this run (the book trades at 00:05 UTC)
  ------------------------------------------------------------------------------------------------



  22:39  up 3h52m  daily book --------------------------------------------------------------------
  PLAN      $996.86 of $1,000.00 ($-3.14)  after tax on net profit $996.86
            Delta vs Pi42 funding gap $996.86  paper
  BELOW     experiments, not your money
  EQUITY    $501.88  unreal $+2.20
  OPEN      no intraday positions  book holds 9 (BOOK row)  free $439.18 after open P&L
  SHADOW    intraday M1 $508.46 (+1.75%)  M1g $514.01 (+2.86%)  4d paper only
  CARRY     $499.01 (-0.16%)  8 held  paper only
  SPOT      $249.72 (-0.11%)  5 held  18% invested  cash earns 6.90%  paper pot
  SAVINGS   idle $313.75 (62%)  at 6.90% +$0.26 so far  ~$1.80/month  paper
  BFUSD     wallet $501.93 at 7.66%  +$0.36 so far  ~$3.20/month  vs Savings $1.80  paper
  DELTA     $502.77 (+0.55%)  9 held  fees $0.20  funding $+0.16
            paper experiment: the book on Delta
  XVENUE    $995.21 (-0.48%)  10 pairs  funding $+2.27  fees $4.87  paper, Delta vs Pi42
  BOOK      9 pos gross $314.10 (0.63x)  open $+2.20  funding $-0.08  vol 27% top 20
            rebal 2026-10-05
  CONTEXT   since 01 Oct $+1.88 (+0.38%) in 4.6d  normal -2.5% to +4.3%  top 47%: normal
  RULE      C2 N2+N3 + range vol (GK)  forward test (paper)
  TOURNEY   4d from 2026-10-01  base -0.52%  N2 -0.66%  N3 +0.20%  N2+N3 +0.11%  +K4 +0.41%
            +GK* +0.27%  +K4+GK +0.60%  +GK+DD +0.53%  +GK+XA +1.53%
  DATA      on time  prices 6s  funding booked  book today  shadow 17:00  carry today
            spot pot today
  SESSION   $-0.19 -0.04%  peak $502.58  dd 0.14%
  CURVE     +===++++++=========+=====++++=
  MONTH     book guard $0.00 of $100.00 used  on marked equity  from $500.00  dial 20%
            ..........................
  RECORD    book closed 3  2W 1L  net $-0.09  fees and funding in
  FEES      no fills yet this run (the book trades at 00:05 UTC)
  ------------------------------------------------------------------------------------------------



  22:47  up 4h00m  daily book --------------------------------------------------------------------
  PLAN      $996.24 of $1,000.00 ($-3.76)  after tax on net profit $996.24
            Delta vs Pi42 funding gap $996.24  paper
  BELOW     experiments, not your money
  EQUITY    $501.97  unreal $+2.29
  OPEN      no intraday positions  book holds 9 (BOOK row)  free $439.27 after open P&L
  SHADOW    intraday M1 $508.46 (+1.75%)  M1g $514.01 (+2.86%)  4d paper only
  CARRY     $499.01 (-0.16%)  8 held  paper only
  SPOT      $249.78 (-0.09%)  5 held  18% invested  cash earns 6.90%  paper pot
  SAVINGS   idle $313.75 (62%)  at 6.90% +$0.26 so far  ~$1.80/month  paper
  BFUSD     wallet $501.93 at 7.66%  +$0.36 so far  ~$3.20/month  vs Savings $1.80  paper
  DELTA     $502.75 (+0.55%)  9 held  fees $0.20  funding $+0.16
            paper experiment: the book on Delta
  XVENUE    $995.21 (-0.48%)  10 pairs  funding $+2.27  fees $4.87  paper, Delta vs Pi42
  BOOK      9 pos gross $314.81 (0.63x)  open $+2.29  funding $-0.08  vol 27% top 20
            rebal 2026-10-05
  CONTEXT   since 01 Oct $+1.97 (+0.39%) in 4.6d  normal -2.5% to +4.3%  top 47%: normal
  RULE      C2 N2+N3 + range vol (GK)  forward test (paper)
  TOURNEY   4d from 2026-10-01  base -0.52%  N2 -0.66%  N3 +0.20%  N2+N3 +0.11%  +K4 +0.41%
            +GK* +0.27%  +K4+GK +0.60%  +GK+DD +0.53%  +GK+XA +1.53%
  DATA      on time  prices 0s  funding booked  book today  shadow 17:00  carry today
            spot pot today
  SESSION   $-0.10 -0.02%  peak $502.58  dd 0.12%
  CURVE     +===++++++=========+=====++++==
  MONTH     book guard $0.00 of $100.00 used  on marked equity  from $500.00  dial 20%
            ..........................
  RECORD    book closed 3  2W 1L  net $-0.09  fees and funding in
  FEES      no fills yet this run (the book trades at 00:05 UTC)
  ------------------------------------------------------------------------------------------------



  22:55  up 4h08m  daily book --------------------------------------------------------------------
  PLAN      $996.28 of $1,000.00 ($-3.72)  after tax on net profit $996.28
            Delta vs Pi42 funding gap $996.28  paper
  BELOW     experiments, not your money
  EQUITY    $502.07  unreal $+2.39
  OPEN      no intraday positions  book holds 9 (BOOK row)  free $439.37 after open P&L
  SHADOW    intraday M1 $508.46 (+1.75%)  M1g $514.01 (+2.86%)  4d paper only
  CARRY     $499.01 (-0.16%)  8 held  paper only
  SPOT      $249.79 (-0.08%)  5 held  18% invested  cash earns 6.90%  paper pot
  SAVINGS   idle $313.85 (62%)  at 6.90% +$0.26 so far  ~$1.80/month  paper
  BFUSD     wallet $502.07 at 7.66%  +$0.36 so far  ~$3.20/month  vs Savings $1.80  paper
  DELTA     $502.81 (+0.56%)  9 held  fees $0.20  funding $+0.16
            paper experiment: the book on Delta
  XVENUE    $995.21 (-0.48%)  10 pairs  funding $+2.27  fees $4.87  paper, Delta vs Pi42
  BOOK      9 pos gross $315.12 (0.63x)  open $+2.39  funding $-0.08  vol 27% top 20
            rebal 2026-10-05
  CONTEXT   since 01 Oct $+2.07 (+0.41%) in 4.6d  normal -2.5% to +4.3%  top 47%: normal
  RULE      C2 N2+N3 + range vol (GK)  forward test (paper)
  TOURNEY   4d from 2026-10-01  base -0.52%  N2 -0.66%  N3 +0.20%  N2+N3 +0.11%  +K4 +0.41%
            +GK* +0.27%  +K4+GK +0.60%  +GK+DD +0.53%  +GK+XA +1.53%
  DATA      on time  prices 32s  funding booked  book today  shadow 17:00  carry today
            spot pot today
  SESSION   $+0.00 +0.00%  peak $502.58  dd 0.10%
  CURVE     +===++++++=========+=====++++==+
  MONTH     book guard $0.00 of $100.00 used  on marked equity  from $500.00  dial 20%
            ..........................
  RECORD    book closed 3  2W 1L  net $-0.09  fees and funding in
  FEES      no fills yet this run (the book trades at 00:05 UTC)
  ------------------------------------------------------------------------------------------------



  23:03  up 4h16m  daily book --------------------------------------------------------------------
  PLAN      $996.51 of $1,000.00 ($-3.49)  after tax on net profit $996.51
            Delta vs Pi42 funding gap $996.51  paper
  BELOW     experiments, not your money
  EQUITY    $502.00  unreal $+2.32
  OPEN      no intraday positions  book holds 9 (BOOK row)  free $439.30 after open P&L
  SHADOW    intraday M1 $508.46 (+1.75%)  M1g $514.01 (+2.86%)  4d paper only
  CARRY     $499.01 (-0.16%)  8 held  paper only
  SPOT      $249.73 (-0.11%)  5 held  18% invested  cash earns 6.90%  paper pot
  SAVINGS   idle $313.80 (62%)  at 6.90% +$0.26 so far  ~$1.80/month  paper
  BFUSD     wallet $502.00 at 7.66%  +$0.36 so far  ~$3.20/month  vs Savings $1.80  paper
  DELTA     $502.85 (+0.57%)  9 held  fees $0.20  funding $+0.16
            paper experiment: the book on Delta
  XVENUE    $995.21 (-0.48%)  10 pairs  funding $+2.27  fees $4.87  paper, Delta vs Pi42
  BOOK      9 pos gross $314.75 (0.63x)  open $+2.32  funding $-0.08  vol 27% top 20
            rebal 2026-10-05
  CONTEXT   since 01 Oct $+2.00 (+0.40%) in 4.6d  normal -2.5% to +4.3%  top 47%: normal
  RULE      C2 N2+N3 + range vol (GK)  forward test (paper)
  TOURNEY   4d from 2026-10-01  base -0.52%  N2 -0.66%  N3 +0.20%  N2+N3 +0.11%  +K4 +0.41%
            +GK* +0.27%  +K4+GK +0.60%  +GK+DD +0.53%  +GK+XA +1.53%
  DATA      on time  prices 27s  funding booked  book today  shadow 17:00  carry today
            spot pot today
  SESSION   $-0.07 -0.01%  peak $502.58  dd 0.12%
  CURVE     +===++++++=========+=====++++==+=
  MONTH     book guard $0.00 of $100.00 used  on marked equity  from $500.00  dial 20%
            ..........................
  RECORD    book closed 3  2W 1L  net $-0.09  fees and funding in
  FEES      no fills yet this run (the book trades at 00:05 UTC)
  ------------------------------------------------------------------------------------------------



  23:11  up 4h24m  daily book --------------------------------------------------------------------
  PLAN      $996.04 of $1,000.00 ($-3.96)  after tax on net profit $996.04
            Delta vs Pi42 funding gap $996.04  paper
  BELOW     experiments, not your money
  EQUITY    $502.19  unreal $+2.51
  OPEN      no intraday positions  book holds 9 (BOOK row)  free $439.49 after open P&L
  SHADOW    intraday M1 $508.46 (+1.75%)  M1g $514.01 (+2.86%)  4d paper only
  CARRY     $499.01 (-0.16%)  8 held  paper only
  SPOT      $249.77 (-0.09%)  5 held  18% invested  cash earns 6.90%  paper pot
  SAVINGS   idle $313.94 (62%)  at 6.90% +$0.26 so far  ~$1.80/month  paper
  BFUSD     wallet $502.19 at 7.66%  +$0.36 so far  ~$3.21/month  vs Savings $1.80  paper
  DELTA     $502.96 (+0.59%)  9 held  fees $0.20  funding $+0.16
            paper experiment: the book on Delta
  XVENUE    $995.21 (-0.48%)  10 pairs  funding $+2.27  fees $4.87  paper, Delta vs Pi42
  BOOK      9 pos gross $315.13 (0.63x)  open $+2.51  funding $-0.08  vol 27% top 20
            rebal 2026-10-05
  CONTEXT   since 01 Oct $+2.19 (+0.44%) in 4.6d  normal -2.5% to +4.3%  top 46%: normal
  RULE      C2 N2+N3 + range vol (GK)  forward test (paper)
  TOURNEY   4d from 2026-10-01  base -0.52%  N2 -0.66%  N3 +0.20%  N2+N3 +0.11%  +K4 +0.41%
            +GK* +0.27%  +K4+GK +0.60%  +GK+DD +0.53%  +GK+XA +1.53%
  DATA      on time  prices 19s  funding booked  book today  shadow 17:00  carry today
            spot pot today
  SESSION   $+0.12 +0.02%  peak $502.58  dd 0.08%
  CURVE     +===++++++=========+=====++++==+=+
  MONTH     book guard $0.00 of $100.00 used  on marked equity  from $500.00  dial 20%
            ..........................
  RECORD    book closed 3  2W 1L  net $-0.09  fees and funding in
  FEES      no fills yet this run (the book trades at 00:05 UTC)
  ------------------------------------------------------------------------------------------------



  23:19  up 4h32m  daily book --------------------------------------------------------------------
  PLAN      $996.09 of $1,000.00 ($-3.91)  after tax on net profit $996.09
            Delta vs Pi42 funding gap $996.09  paper
  BELOW     experiments, not your money
  EQUITY    $502.20  unreal $+2.52
  OPEN      no intraday positions  book holds 9 (BOOK row)  free $439.50 after open P&L
  SHADOW    intraday M1 $508.46 (+1.75%)  M1g $514.01 (+2.86%)  4d paper only
  CARRY     $499.01 (-0.16%)  8 held  paper only
  SPOT      $249.75 (-0.10%)  5 held  18% invested  cash earns 6.90%  paper pot
  SAVINGS   idle $313.95 (62%)  at 6.90% +$0.26 so far  ~$1.80/month  paper
  BFUSD     wallet $502.20 at 7.66%  +$0.36 so far  ~$3.21/month  vs Savings $1.80  paper
  DELTA     $503.04 (+0.61%)  9 held  fees $0.20  funding $+0.16
            paper experiment: the book on Delta
  XVENUE    $995.21 (-0.48%)  10 pairs  funding $+2.27  fees $4.87  paper, Delta vs Pi42
  BOOK      9 pos gross $315.11 (0.63x)  open $+2.52  funding $-0.08  vol 27% top 20
            rebal 2026-10-05
  CONTEXT   since 01 Oct $+2.20 (+0.44%) in 4.6d  normal -2.5% to +4.3%  top 46%: normal
  RULE      C2 N2+N3 + range vol (GK)  forward test (paper)
  TOURNEY   4d from 2026-10-01  base -0.52%  N2 -0.66%  N3 +0.20%  N2+N3 +0.11%  +K4 +0.41%
            +GK* +0.27%  +K4+GK +0.60%  +GK+DD +0.53%  +GK+XA +1.53%
  DATA      on time  prices 14s  funding booked  book today  shadow 17:00  carry today
            spot pot today
  SESSION   $+0.13 +0.03%  peak $502.58  dd 0.08%
  CURVE     +===++++++=========+=====++++==+=++
  MONTH     book guard $0.00 of $100.00 used  on marked equity  from $500.00  dial 20%
            ..........................
  RECORD    book closed 3  2W 1L  net $-0.09  fees and funding in
  FEES      no fills yet this run (the book trades at 00:05 UTC)
  ------------------------------------------------------------------------------------------------



  23:27  up 4h40m  daily book --------------------------------------------------------------------
  PLAN      $996.32 of $1,000.00 ($-3.68)  after tax on net profit $996.32
            Delta vs Pi42 funding gap $996.32  paper
  BELOW     experiments, not your money
  EQUITY    $502.47  unreal $+2.79
  OPEN      no intraday positions  book holds 9 (BOOK row)  free $439.77 after open P&L
  SHADOW    intraday M1 $508.46 (+1.75%)  M1g $514.01 (+2.86%)  4d paper only
  CARRY     $499.01 (-0.16%)  8 held  paper only
  SPOT      $249.80 (-0.08%)  5 held  18% invested  cash earns 6.90%  paper pot
  SAVINGS   idle $314.15 (62%)  at 6.90% +$0.26 so far  ~$1.81/month  paper
  BFUSD     wallet $502.47 at 7.66%  +$0.36 so far  ~$3.21/month  vs Savings $1.81  paper
  DELTA     $503.25 (+0.65%)  9 held  fees $0.20  funding $+0.16
            paper experiment: the book on Delta
  XVENUE    $995.21 (-0.48%)  10 pairs  funding $+2.27  fees $4.87  paper, Delta vs Pi42
  BOOK      9 pos gross $315.54 (0.63x)  open $+2.79  funding $-0.08  vol 27% top 20
            rebal 2026-10-05
  CONTEXT   since 01 Oct $+2.47 (+0.49%) in 4.6d  normal -2.5% to +4.3%  top 46%: normal
  RULE      C2 N2+N3 + range vol (GK)  forward test (paper)
  TOURNEY   4d from 2026-10-01  base -0.52%  N2 -0.66%  N3 +0.20%  N2+N3 +0.11%  +K4 +0.41%
            +GK* +0.27%  +K4+GK +0.60%  +GK+DD +0.53%  +GK+XA +1.53%
  DATA      on time  prices 6s  funding booked  book today  shadow 17:00  carry today
            spot pot today
  SESSION   $+0.40 +0.08%  peak $502.58  dd 0.02%
  CURVE     +===++++++=========+=====++++==+=+++
  MONTH     book guard $0.00 of $100.00 used  on marked equity  from $500.00  dial 20%
            ..........................
  RECORD    book closed 3  2W 1L  net $-0.09  fees and funding in
  FEES      no fills yet this run (the book trades at 00:05 UTC)
  ------------------------------------------------------------------------------------------------



  23:35  up 4h48m  daily book --------------------------------------------------------------------
  PLAN      $996.26 of $1,000.00 ($-3.74)  after tax on net profit $996.26
            Delta vs Pi42 funding gap $996.26  paper
  BELOW     experiments, not your money
  EQUITY    $502.49  unreal $+2.81
  OPEN      no intraday positions  book holds 9 (BOOK row)  free $439.79 after open P&L
  SHADOW    intraday M1 $509.54 (+1.97%)  M1g $514.79 (+3.02%)  4d paper only
  CARRY     $499.01 (-0.16%)  8 held  paper only
  SPOT      $249.82 (-0.07%)  5 held  18% invested  cash earns 6.90%  paper pot
  SAVINGS   idle $314.18 (62%)  at 6.90% +$0.26 so far  ~$1.81/month  paper
  BFUSD     wallet $502.50 at 7.66%  +$0.36 so far  ~$3.21/month  vs Savings $1.81  paper
  DELTA     $503.36 (+0.67%)  9 held  fees $0.20  funding $+0.16
            paper experiment: the book on Delta
  XVENUE    $995.21 (-0.48%)  10 pairs  funding $+2.27  fees $4.87  paper, Delta vs Pi42
  BOOK      9 pos gross $315.60 (0.63x)  open $+2.81  funding $-0.08  vol 27% top 20
            rebal 2026-10-05
  CONTEXT   since 01 Oct $+2.49 (+0.50%) in 4.6d  normal -2.5% to +4.3%  top 45%: normal
  RULE      C2 N2+N3 + range vol (GK)  forward test (paper)
  TOURNEY   4d from 2026-10-01  base -0.52%  N2 -0.66%  N3 +0.20%  N2+N3 +0.11%  +K4 +0.41%
            +GK* +0.27%  +K4+GK +0.60%  +GK+DD +0.53%  +GK+XA +1.53%
  DATA      on time  prices 38s  funding booked  book today  shadow 18:00  carry today
            spot pot today
  SESSION   $+0.42 +0.08%  peak $502.58  dd 0.02%
  CURVE     +===++++++=========+=====++++==+=++++
  MONTH     book guard $0.00 of $100.00 used  on marked equity  from $500.00  dial 20%
            ..........................
  RECORD    book closed 3  2W 1L  net $-0.09  fees and funding in
  FEES      no fills yet this run (the book trades at 00:05 UTC)
  ------------------------------------------------------------------------------------------------



  23:43  up 4h56m  daily book --------------------------------------------------------------------
  PLAN      $996.47 of $1,000.00 ($-3.53)  after tax on net profit $996.47
            Delta vs Pi42 funding gap $996.47  paper
  BELOW     experiments, not your money
  EQUITY    $502.62  unreal $+2.94
  OPEN      no intraday positions  book holds 9 (BOOK row)  free $439.92 after open P&L
  SHADOW    intraday M1 $509.54 (+1.97%)  M1g $514.79 (+3.02%)  4d paper only
  CARRY     $499.01 (-0.16%)  8 held  paper only
  SPOT      $249.82 (-0.07%)  5 held  18% invested  cash earns 6.90%  paper pot
  SAVINGS   idle $314.24 (62%)  at 6.90% +$0.26 so far  ~$1.81/month  paper
  BFUSD     wallet $502.58 at 7.66%  +$0.37 so far  ~$3.21/month  vs Savings $1.81  paper
  DELTA     $503.35 (+0.67%)  9 held  fees $0.20  funding $+0.16
            paper experiment: the book on Delta
  XVENUE    $995.21 (-0.48%)  10 pairs  funding $+2.27  fees $4.87  paper, Delta vs Pi42
  BOOK      9 pos gross $315.59 (0.63x)  open $+2.94  funding $-0.08  vol 27% top 20
            rebal 2026-10-05
  CONTEXT   since 01 Oct $+2.62 (+0.52%) in 4.6d  normal -2.5% to +4.3%  top 45%: normal
  RULE      C2 N2+N3 + range vol (GK)  forward test (paper)
  TOURNEY   4d from 2026-10-01  base -0.52%  N2 -0.66%  N3 +0.20%  N2+N3 +0.11%  +K4 +0.41%
            +GK* +0.27%  +K4+GK +0.60%  +GK+DD +0.53%  +GK+XA +1.53%
  DATA      on time  prices 30s  funding booked  book today  shadow 18:00  carry today
            spot pot today
  SESSION   $+0.55 +0.11%
  CURVE     +===++++++=========+=====++++==+=+++++
  MONTH     book guard $0.00 of $100.00 used  on marked equity  from $500.00  dial 20%
            ..........................
  RECORD    book closed 3  2W 1L  net $-0.09  fees and funding in
  FEES      no fills yet this run (the book trades at 00:05 UTC)
  ------------------------------------------------------------------------------------------------



  23:51  up 5h04m  daily book --------------------------------------------------------------------
  PLAN      $996.36 of $1,000.00 ($-3.64)  after tax on net profit $996.36
            Delta vs Pi42 funding gap $996.36  paper
  BELOW     experiments, not your money
  EQUITY    $502.73  unreal $+3.05
  OPEN      no intraday positions  book holds 9 (BOOK row)  free $440.03 after open P&L
  SHADOW    intraday M1 $509.54 (+1.97%)  M1g $514.79 (+3.02%)  4d paper only
  CARRY     $499.01 (-0.16%)  8 held  paper only
  SPOT      $249.88 (-0.05%)  5 held  18% invested  cash earns 6.90%  paper pot
  SAVINGS   idle $314.35 (62%)  at 6.90% +$0.26 so far  ~$1.81/month  paper
  BFUSD     wallet $502.73 at 7.66%  +$0.37 so far  ~$3.21/month  vs Savings $1.81  paper
  DELTA     $503.56 (+0.71%)  9 held  fees $0.20  funding $+0.16
            paper experiment: the book on Delta
  XVENUE    $995.21 (-0.48%)  10 pairs  funding $+2.27  fees $4.87  paper, Delta vs Pi42
  BOOK      9 pos gross $316.28 (0.63x)  open $+3.05  funding $-0.08  vol 27% top 20
            rebal 2026-10-05
  CONTEXT   since 01 Oct $+2.73 (+0.55%) in 4.6d  normal -2.5% to +4.3%  top 45%: normal
  RULE      C2 N2+N3 + range vol (GK)  forward test (paper)
  TOURNEY   4d from 2026-10-01  base -0.52%  N2 -0.66%  N3 +0.20%  N2+N3 +0.11%  +K4 +0.41%
            +GK* +0.27%  +K4+GK +0.60%  +GK+DD +0.53%  +GK+XA +1.53%
  DATA      on time  prices 25s  funding booked  book today  shadow 18:00  carry today
            spot pot today
  SESSION   $+0.66 +0.13%
  CURVE     ====++++++===============+=+=====++++++
  MONTH     book guard $0.00 of $100.00 used  on marked equity  from $500.00  dial 20%
            ..........................
  RECORD    book closed 3  2W 1L  net $-0.09  fees and funding in
  FEES      no fills yet this run (the book trades at 00:05 UTC)
  ------------------------------------------------------------------------------------------------



  23:59  up 5h12m  daily book --------------------------------------------------------------------
  PLAN      $996.28 of $1,000.00 ($-3.72)  after tax on net profit $996.28
            Delta vs Pi42 funding gap $996.28  paper
  BELOW     experiments, not your money
  EQUITY    $502.67  unreal $+2.99
  OPEN      no intraday positions  book holds 9 (BOOK row)  free $439.97 after open P&L
  SHADOW    intraday M1 $509.54 (+1.97%)  M1g $514.79 (+3.02%)  4d paper only
  CARRY     $499.01 (-0.16%)  8 held  paper only
  SPOT      $249.87 (-0.05%)  5 held  18% invested  cash earns 6.90%  paper pot
  SAVINGS   idle $314.33 (62%)  at 6.90% +$0.26 so far  ~$1.81/month  paper
  BFUSD     wallet $502.71 at 7.66%  +$0.37 so far  ~$3.21/month  vs Savings $1.81  paper
  DELTA     $503.44 (+0.69%)  9 held  fees $0.20  funding $+0.16
            paper experiment: the book on Delta
  XVENUE    $995.21 (-0.48%)  10 pairs  funding $+2.27  fees $4.87  paper, Delta vs Pi42
  BOOK      9 pos gross $315.94 (0.63x)  open $+2.99  funding $-0.08  vol 27% top 20
            rebal 2026-10-05
  CONTEXT   since 01 Oct $+2.67 (+0.53%) in 4.6d  normal -2.5% to +4.3%  top 45%: normal
  RULE      C2 N2+N3 + range vol (GK)  forward test (paper)
  TOURNEY   4d from 2026-10-01  base -0.52%  N2 -0.66%  N3 +0.20%  N2+N3 +0.11%  +K4 +0.41%
            +GK* +0.27%  +K4+GK +0.60%  +GK+DD +0.53%  +GK+XA +1.53%
  DATA      on time  prices 18s  funding booked  book today  shadow 18:00  carry today
            spot pot today
  SESSION   $+0.60 +0.12%  peak $502.73  dd 0.01%
  CURVE     ====++++++===============+=+=====+++++++
  MONTH     book guard $0.00 of $100.00 used  on marked equity  from $500.00  dial 20%
            ..........................
  RECORD    book closed 3  2W 1L  net $-0.09  fees and funding in
  FEES      no fills yet this run (the book trades at 00:05 UTC)
  ------------------------------------------------------------------------------------------------



  00:07  up 5h20m  daily book --------------------------------------------------------------------
  PLAN      $996.23 of $1,000.00 ($-3.77)  after tax on net profit $996.23
            Delta vs Pi42 funding gap $996.23  paper
  BELOW     experiments, not your money
  EQUITY    $502.66  unreal $+2.98
  OPEN      no intraday positions  book holds 9 (BOOK row)  free $439.96 after open P&L
  SHADOW    intraday M1 $509.54 (+1.97%)  M1g $514.79 (+3.02%)  4d paper only
  CARRY     $499.01 (-0.16%)  8 held  paper only
  SPOT      $249.86 (-0.06%)  5 held  18% invested  cash earns 6.90%  paper pot
  SAVINGS   idle $314.32 (62%)  at 6.90% +$0.26 so far  ~$1.81/month  paper
  BFUSD     wallet $502.69 at 7.66%  +$0.37 so far  ~$3.21/month  vs Savings $1.81  paper
  DELTA     $503.51 (+0.70%)  9 held  fees $0.20  funding $+0.16
            paper experiment: the book on Delta
  XVENUE    $995.21 (-0.48%)  10 pairs  funding $+2.27  fees $4.87  paper, Delta vs Pi42
  BOOK      9 pos gross $316.12 (0.63x)  open $+2.98  funding $-0.08  vol 27% top 20
            rebal 2026-10-05
  CONTEXT   since 01 Oct $+2.66 (+0.53%) in 4.6d  normal -2.5% to +4.3%  top 45%: normal
  RULE      C2 N2+N3 + range vol (GK)  forward test (paper)
  TOURNEY   4d from 2026-10-01  base -0.52%  N2 -0.66%  N3 +0.20%  N2+N3 +0.11%  +K4 +0.41%
            +GK* +0.27%  +K4+GK +0.60%  +GK+DD +0.53%  +GK+XA +1.53%
  DATA      on time  prices 11s  funding booked  book today  shadow 18:00  carry today
            spot pot today
  SESSION   $+0.59 +0.12%  peak $502.73  dd 0.01%
  CURVE     ====++++++===============+=+=====++++++++
  MONTH     book guard $0.00 of $100.00 used  on marked equity  from $500.00  dial 20%
            ..........................
  RECORD    book closed 3  2W 1L  net $-0.09  fees and funding in
  FEES      no fills yet this run (the book trades at 00:05 UTC)
  ------------------------------------------------------------------------------------------------



  00:16  up 5h28m  daily book --------------------------------------------------------------------
  PLAN      $996.11 of $1,000.00 ($-3.89)  after tax on net profit $996.11
            Delta vs Pi42 funding gap $996.11  paper
  BELOW     experiments, not your money
  EQUITY    $503.00  unreal $+3.32
  OPEN      no intraday positions  book holds 9 (BOOK row)  free $440.30 after open P&L
  SHADOW    intraday M1 $509.54 (+1.97%)  M1g $514.79 (+3.02%)  4d paper only
  CARRY     $499.01 (-0.16%)  8 held  paper only
  SPOT      $249.86 (-0.06%)  5 held  18% invested  cash earns 6.90%  paper pot
  SAVINGS   idle $314.53 (62%)  at 6.90% +$0.26 so far  ~$1.81/month  paper
  BFUSD     wallet $502.97 at 7.66%  +$0.37 so far  ~$3.21/month  vs Savings $1.81  paper
  DELTA     $503.66 (+0.73%)  9 held  fees $0.20  funding $+0.16
            paper experiment: the book on Delta
  XVENUE    $995.21 (-0.48%)  10 pairs  funding $+2.27  fees $4.87  paper, Delta vs Pi42
  BOOK      9 pos gross $316.20 (0.63x)  open $+3.32  funding $-0.08  vol 27% top 20
            rebal 2026-10-05
  CONTEXT   since 01 Oct $+3.00 (+0.60%) in 4.6d  normal -2.5% to +4.3%  top 44%: normal
  RULE      C2 N2+N3 + range vol (GK)  forward test (paper)
  TOURNEY   4d from 2026-10-01  base -0.52%  N2 -0.66%  N3 +0.20%  N2+N3 +0.11%  +K4 +0.41%
            +GK* +0.27%  +K4+GK +0.60%  +GK+DD +0.53%  +GK+XA +1.53%
  DATA      on time  prices 4s  funding booked  book today  shadow 18:00  carry today
            spot pot today
  SESSION   $+0.93 +0.19%
  CURVE     =======+++=========================+++++++
  MONTH     book guard $0.00 of $100.00 used  on marked equity  from $500.00  dial 20%
            ..........................
  RECORD    book closed 3  2W 1L  net $-0.09  fees and funding in
  FEES      no fills yet this run (the book trades at 00:05 UTC)
  ------------------------------------------------------------------------------------------------



  00:24  up 5h36m  daily book --------------------------------------------------------------------
  PLAN      $996.26 of $1,000.00 ($-3.74)  after tax on net profit $996.26
            Delta vs Pi42 funding gap $996.26  paper
  BELOW     experiments, not your money
  EQUITY    $502.83  unreal $+3.15
  OPEN      no intraday positions  book holds 9 (BOOK row)  free $440.13 after open P&L
  SHADOW    intraday M1 $509.54 (+1.97%)  M1g $514.79 (+3.02%)  4d paper only
  CARRY     $499.01 (-0.16%)  8 held  paper only
  SPOT      $249.87 (-0.05%)  5 held  18% invested  cash earns 6.90%  paper pot
  SAVINGS   idle $314.42 (62%)  at 6.90% +$0.27 so far  ~$1.81/month  paper
  BFUSD     wallet $502.83 at 7.66%  +$0.37 so far  ~$3.21/month  vs Savings $1.81  paper
  DELTA     $503.69 (+0.74%)  9 held  fees $0.20  funding $+0.16
            paper experiment: the book on Delta
  XVENUE    $995.21 (-0.48%)  10 pairs  funding $+2.27  fees $4.87  paper, Delta vs Pi42
  BOOK      9 pos gross $316.10 (0.63x)  open $+3.15  funding $-0.08  vol 27% top 20
            rebal 2026-10-05
  CONTEXT   since 01 Oct $+2.83 (+0.57%) in 4.6d  normal -2.5% to +4.3%  top 44%: normal
  RULE      C2 N2+N3 + range vol (GK)  forward test (paper)
  TOURNEY   4d from 2026-10-01  base -0.52%  N2 -0.66%  N3 +0.20%  N2+N3 +0.11%  +K4 +0.41%
            +GK* +0.27%  +K4+GK +0.60%  +GK+DD +0.53%  +GK+XA +1.53%
  DATA      on time  prices 37s  funding booked  book today  shadow 18:00  carry today
            spot pot today
  SESSION   $+0.76 +0.15%  peak $503.00  dd 0.03%
  CURVE     =======+++=========================++++++++
  MONTH     book guard $0.00 of $100.00 used  on marked equity  from $500.00  dial 20%
            ..........................
  RECORD    book closed 3  2W 1L  net $-0.09  fees and funding in
  FEES      no fills yet this run (the book trades at 00:05 UTC)
  ------------------------------------------------------------------------------------------------



  00:32  up 5h44m  daily book --------------------------------------------------------------------
  PLAN      $996.23 of $1,000.00 ($-3.77)  after tax on net profit $996.23
            Delta vs Pi42 funding gap $996.23  paper
  BELOW     experiments, not your money
  EQUITY    $503.03  unreal $+3.35
  OPEN      no intraday positions  book holds 9 (BOOK row)  free $440.33 after open P&L
  SHADOW    intraday M1 $509.54 (+1.97%)  M1g $514.79 (+3.02%)  4d paper only
  CARRY     $499.01 (-0.16%)  8 held  paper only
  SPOT      $249.89 (-0.04%)  5 held  18% invested  cash earns 6.90%  paper pot
  SAVINGS   idle $314.57 (62%)  at 6.90% +$0.27 so far  ~$1.81/month  paper
  BFUSD     wallet $503.03 at 7.66%  +$0.37 so far  ~$3.21/month  vs Savings $1.81  paper
  DELTA     $503.64 (+0.73%)  9 held  fees $0.20  funding $+0.16
            paper experiment: the book on Delta
  XVENUE    $995.21 (-0.48%)  10 pairs  funding $+2.27  fees $4.87  paper, Delta vs Pi42
  BOOK      9 pos gross $316.61 (0.63x)  open $+3.35  funding $-0.08  vol 27% top 20
            rebal 2026-10-05
  CONTEXT   since 01 Oct $+3.03 (+0.61%) in 4.6d  normal -2.5% to +4.4%  top 44%: normal
  RULE      C2 N2+N3 + range vol (GK)  forward test (paper)
  TOURNEY   4d from 2026-10-01  base -0.52%  N2 -0.66%  N3 +0.20%  N2+N3 +0.11%  +K4 +0.41%
            +GK* +0.27%  +K4+GK +0.60%  +GK+DD +0.53%  +GK+XA +1.53%
  DATA      on time  prices 30s  funding booked  book today  shadow 18:00  carry today
            spot pot today
  SESSION   $+0.96 +0.19%
  CURVE     =======+++=========================+++++++++
  MONTH     book guard $0.00 of $100.00 used  on marked equity  from $500.00  dial 20%
            ..........................
  RECORD    book closed 3  2W 1L  net $-0.09  fees and funding in
  FEES      no fills yet this run (the book trades at 00:05 UTC)
  ------------------------------------------------------------------------------------------------



  00:40  up 5h52m  daily book --------------------------------------------------------------------
  PLAN      $995.91 of $1,000.00 ($-4.09)  after tax on net profit $995.91
            Delta vs Pi42 funding gap $995.91  paper
  BELOW     experiments, not your money
  EQUITY    $502.88  unreal $+3.20
  OPEN      no intraday positions  book holds 9 (BOOK row)  free $440.18 after open P&L
  SHADOW    intraday M1 $509.38 (+1.93%)  M1g $514.45 (+2.95%)  4d paper only
  CARRY     $499.01 (-0.16%)  8 held  paper only
  SPOT      $249.85 (-0.06%)  5 held  18% invested  cash earns 6.90%  paper pot
  SAVINGS   idle $314.46 (62%)  at 6.90% +$0.27 so far  ~$1.81/month  paper
  BFUSD     wallet $502.88 at 7.66%  +$0.37 so far  ~$3.21/month  vs Savings $1.81  paper
  DELTA     $503.75 (+0.75%)  9 held  fees $0.20  funding $+0.16
            paper experiment: the book on Delta
  XVENUE    $995.21 (-0.48%)  10 pairs  funding $+2.27  fees $4.87  paper, Delta vs Pi42
  BOOK      9 pos gross $316.30 (0.63x)  open $+3.20  funding $-0.08  vol 27% top 20
            rebal 2026-10-05
  CONTEXT   since 01 Oct $+2.88 (+0.58%) in 4.6d  normal -2.5% to +4.4%  top 44%: normal
  RULE      C2 N2+N3 + range vol (GK)  forward test (paper)
  TOURNEY   4d from 2026-10-01  base -0.52%  N2 -0.66%  N3 +0.20%  N2+N3 +0.11%  +K4 +0.41%
            +GK* +0.27%  +K4+GK +0.60%  +GK+DD +0.53%  +GK+XA +1.53%
  DATA      on time  prices 23s  funding booked  book today  shadow 19:00  carry today
            spot pot today
  SESSION   $+0.81 +0.16%  peak $503.03  dd 0.03%
  CURVE     =======+++=========================++++++++++
  MONTH     book guard $0.00 of $100.00 used  on marked equity  from $500.00  dial 20%
            ..........................
  RECORD    book closed 3  2W 1L  net $-0.09  fees and funding in
  FEES      no fills yet this run (the book trades at 00:05 UTC)
  ------------------------------------------------------------------------------------------------



  00:48  up 6h00m  daily book --------------------------------------------------------------------
  PLAN      $996.46 of $1,000.00 ($-3.54)  after tax on net profit $996.46
            Delta vs Pi42 funding gap $996.46  paper
  BELOW     experiments, not your money
  EQUITY    $502.86  unreal $+3.18
  OPEN      no intraday positions  book holds 9 (BOOK row)  free $440.16 after open P&L
  SHADOW    intraday M1 $509.38 (+1.93%)  M1g $514.45 (+2.95%)  4d paper only
  CARRY     $499.01 (-0.16%)  8 held  paper only
  SPOT      $249.89 (-0.05%)  5 held  18% invested  cash earns 6.88%  paper pot
  SAVINGS   idle $314.45 (62%)  at 6.88% +$0.27 so far  ~$1.80/month  paper
  BFUSD     wallet $502.86 at 7.66%  +$0.37 so far  ~$3.21/month  vs Savings $1.80  paper
  DELTA     $503.69 (+0.74%)  9 held  fees $0.20  funding $+0.16
            paper experiment: the book on Delta
  XVENUE    $995.21 (-0.48%)  10 pairs  funding $+2.27  fees $4.87  paper, Delta vs Pi42
  BOOK      9 pos gross $316.66 (0.63x)  open $+3.18  funding $-0.08  vol 27% top 20
            rebal 2026-10-05
  CONTEXT   since 01 Oct $+2.86 (+0.57%) in 4.7d  normal -2.5% to +4.4%  top 44%: normal
  RULE      C2 N2+N3 + range vol (GK)  forward test (paper)
  TOURNEY   4d from 2026-10-01  base -0.52%  N2 -0.66%  N3 +0.20%  N2+N3 +0.11%  +K4 +0.41%
            +GK* +0.27%  +K4+GK +0.60%  +GK+DD +0.53%  +GK+XA +1.53%
  DATA      on time  prices 17s  funding booked  book today  shadow 19:00  carry today
            spot pot today
  SESSION   $+0.79 +0.16%  peak $503.03  dd 0.03%
  CURVE     =======+++=========================+++++++++++
  MONTH     book guard $0.00 of $100.00 used  on marked equity  from $500.00  dial 20%
            ..........................
  RECORD    book closed 3  2W 1L  net $-0.09  fees and funding in
  FEES      no fills yet this run (the book trades at 00:05 UTC)
  ------------------------------------------------------------------------------------------------



  00:56  up 6h08m  daily book --------------------------------------------------------------------
  PLAN      $996.24 of $1,000.00 ($-3.76)  after tax on net profit $996.24
            Delta vs Pi42 funding gap $996.24  paper
  BELOW     experiments, not your money
  EQUITY    $502.92  unreal $+3.24
  OPEN      no intraday positions  book holds 9 (BOOK row)  free $440.22 after open P&L
  SHADOW    intraday M1 $509.38 (+1.93%)  M1g $514.45 (+2.95%)  4d paper only
  CARRY     $499.01 (-0.16%)  8 held  paper only
  SPOT      $249.95 (-0.02%)  5 held  18% invested  cash earns 6.88%  paper pot
  SAVINGS   idle $314.49 (62%)  at 6.88% +$0.27 so far  ~$1.80/month  paper
  BFUSD     wallet $502.92 at 7.66%  +$0.37 so far  ~$3.21/month  vs Savings $1.80  paper
  DELTA     $503.67 (+0.73%)  9 held  fees $0.20  funding $+0.16
            paper experiment: the book on Delta
  XVENUE    $995.21 (-0.48%)  10 pairs  funding $+2.27  fees $4.87  paper, Delta vs Pi42
  BOOK      9 pos gross $317.33 (0.63x)  open $+3.24  funding $-0.08  vol 27% top 20
            rebal 2026-10-05
  CONTEXT   since 01 Oct $+2.92 (+0.58%) in 4.7d  normal -2.5% to +4.4%  top 44%: normal
  RULE      C2 N2+N3 + range vol (GK)  forward test (paper)
  TOURNEY   4d from 2026-10-01  base -0.52%  N2 -0.66%  N3 +0.20%  N2+N3 +0.11%  +K4 +0.41%
            +GK* +0.27%  +K4+GK +0.60%  +GK+DD +0.53%  +GK+XA +1.53%
  DATA      on time  prices 10s  funding booked  book today  shadow 19:00  carry today
            spot pot today
  SESSION   $+0.85 +0.17%  peak $503.03  dd 0.02%
  CURVE     =======+++=========================++++++++++++
  MONTH     book guard $0.00 of $100.00 used  on marked equity  from $500.00  dial 20%
            ..........................
  RECORD    book closed 3  2W 1L  net $-0.09  fees and funding in
  FEES      no fills yet this run (the book trades at 00:05 UTC)
  ------------------------------------------------------------------------------------------------



  01:04  up 6h16m  daily book --------------------------------------------------------------------
  PLAN      $996.42 of $1,000.00 ($-3.58)  after tax on net profit $996.42
            Delta vs Pi42 funding gap $996.42  paper
  BELOW     experiments, not your money
  EQUITY    $502.80  unreal $+3.12
  OPEN      no intraday positions  book holds 9 (BOOK row)  free $440.10 after open P&L
  SHADOW    intraday M1 $509.38 (+1.93%)  M1g $514.45 (+2.95%)  4d paper only
  CARRY     $499.01 (-0.16%)  8 held  paper only
  SPOT      $249.95 (-0.02%)  5 held  18% invested  cash earns 6.88%  paper pot
  SAVINGS   idle $314.36 (62%)  at 6.88% +$0.27 so far  ~$1.80/month  paper
  BFUSD     wallet $502.75 at 7.66%  +$0.37 so far  ~$3.21/month  vs Savings $1.80  paper
  DELTA     $503.48 (+0.70%)  9 held  fees $0.20  funding $+0.16
            paper experiment: the book on Delta
  XVENUE    $995.21 (-0.48%)  10 pairs  funding $+2.27  fees $4.87  paper, Delta vs Pi42
  BOOK      9 pos gross $317.39 (0.63x)  open $+3.12  funding $-0.08  vol 27% top 20
            rebal 2026-10-05
  CONTEXT   since 01 Oct $+2.80 (+0.56%) in 4.7d  normal -2.5% to +4.4%  top 45%: normal
  RULE      C2 N2+N3 + range vol (GK)  forward test (paper)
  TOURNEY   4d from 2026-10-01  base -0.52%  N2 -0.66%  N3 +0.20%  N2+N3 +0.11%  +K4 +0.41%
            +GK* +0.27%  +K4+GK +0.60%  +GK+DD +0.53%  +GK+XA +1.53%
  DATA      on time  prices 2s  funding booked  book today  shadow 19:00  carry today
            spot pot today
  SESSION   $+0.73 +0.15%  peak $503.03  dd 0.05%
  CURVE     =======+++=========================+++++++++++++
  MONTH     book guard $0.00 of $100.00 used  on marked equity  from $500.00  dial 20%
            ..........................
  RECORD    book closed 3  2W 1L  net $-0.09  fees and funding in
  FEES      no fills yet this run (the book trades at 00:05 UTC)
  ------------------------------------------------------------------------------------------------



  01:12  up 6h24m  daily book --------------------------------------------------------------------
  PLAN      $996.43 of $1,000.00 ($-3.57)  after tax on net profit $996.43
            Delta vs Pi42 funding gap $996.43  paper
  BELOW     experiments, not your money
  EQUITY    $502.68  unreal $+3.00
  OPEN      no intraday positions  book holds 9 (BOOK row)  free $439.98 after open P&L
  SHADOW    intraday M1 $509.38 (+1.93%)  M1g $514.45 (+2.95%)  4d paper only
  CARRY     $499.01 (-0.16%)  8 held  paper only
  SPOT      $249.91 (-0.03%)  5 held  18% invested  cash earns 6.88%  paper pot
  SAVINGS   idle $314.31 (62%)  at 6.88% +$0.27 so far  ~$1.80/month  paper
  BFUSD     wallet $502.68 at 7.66%  +$0.37 so far  ~$3.21/month  vs Savings $1.80  paper
  DELTA     $503.49 (+0.70%)  9 held  fees $0.20  funding $+0.16
            paper experiment: the book on Delta
  XVENUE    $995.21 (-0.48%)  10 pairs  funding $+2.27  fees $4.87  paper, Delta vs Pi42
  BOOK      9 pos gross $317.06 (0.63x)  open $+3.00  funding $-0.08  vol 27% top 20
            rebal 2026-10-05
  CONTEXT   since 01 Oct $+2.68 (+0.54%) in 4.7d  normal -2.5% to +4.4%  top 45%: normal
  RULE      C2 N2+N3 + range vol (GK)  forward test (paper)
  TOURNEY   4d from 2026-10-01  base -0.52%  N2 -0.66%  N3 +0.20%  N2+N3 +0.11%  +K4 +0.41%
            +GK* +0.27%  +K4+GK +0.60%  +GK+DD +0.53%  +GK+XA +1.53%
  DATA      on time  prices 38s  funding booked  book today  shadow 19:00  carry today
            spot pot today
  SESSION   $+0.61 +0.12%  peak $503.03  dd 0.07%
  CURVE     =======+++=========================++++++++++++++
  MONTH     book guard $0.00 of $100.00 used  on marked equity  from $500.00  dial 20%
            ..........................
  RECORD    book closed 3  2W 1L  net $-0.09  fees and funding in
  FEES      no fills yet this run (the book trades at 00:05 UTC)
  ------------------------------------------------------------------------------------------------



  01:20  up 6h32m  daily book --------------------------------------------------------------------
  PLAN      $996.37 of $1,000.00 ($-3.63)  after tax on net profit $996.37
            Delta vs Pi42 funding gap $996.37  paper
  BELOW     experiments, not your money
  EQUITY    $502.68  unreal $+3.00
  OPEN      no intraday positions  book holds 9 (BOOK row)  free $439.98 after open P&L
  SHADOW    intraday M1 $509.38 (+1.93%)  M1g $514.45 (+2.95%)  4d paper only
  CARRY     $499.01 (-0.16%)  8 held  paper only
  SPOT      $249.90 (-0.04%)  5 held  18% invested  cash earns 6.88%  paper pot
  SAVINGS   idle $314.31 (62%)  at 6.88% +$0.27 so far  ~$1.80/month  paper
  BFUSD     wallet $502.72 at 7.66%  +$0.37 so far  ~$3.21/month  vs Savings $1.80  paper
  DELTA     $503.49 (+0.70%)  9 held  fees $0.20  funding $+0.16
            paper experiment: the book on Delta
  XVENUE    $995.21 (-0.48%)  10 pairs  funding $+2.27  fees $4.87  paper, Delta vs Pi42
  BOOK      9 pos gross $316.80 (0.63x)  open $+3.00  funding $-0.08  vol 27% top 20
            rebal 2026-10-05
  CONTEXT   since 01 Oct $+2.68 (+0.54%) in 4.7d  normal -2.5% to +4.4%  top 45%: normal
  RULE      C2 N2+N3 + range vol (GK)  forward test (paper)
  TOURNEY   4d from 2026-10-01  base -0.52%  N2 -0.66%  N3 +0.20%  N2+N3 +0.11%  +K4 +0.41%
            +GK* +0.27%  +K4+GK +0.60%  +GK+DD +0.53%  +GK+XA +1.53%
  DATA      on time  prices 32s  funding booked  book today  shadow 19:00  carry today
            spot pot today
  SESSION   $+0.61 +0.12%  peak $503.03  dd 0.07%
  CURVE     =======+++=========================+++++++++++++++
  MONTH     book guard $0.00 of $100.00 used  on marked equity  from $500.00  dial 20%
            ..........................
  RECORD    book closed 3  2W 1L  net $-0.09  fees and funding in
  FEES      no fills yet this run (the book trades at 00:05 UTC)
  ------------------------------------------------------------------------------------------------



  01:28  up 6h40m  daily book --------------------------------------------------------------------
  PLAN      $996.48 of $1,000.00 ($-3.52)  after tax on net profit $996.48
            Delta vs Pi42 funding gap $996.48  paper
  BELOW     experiments, not your money
  EQUITY    $502.60  unreal $+2.92
  OPEN      no intraday positions  book holds 9 (BOOK row)  free $439.90 after open P&L
  SHADOW    intraday M1 $509.38 (+1.93%)  M1g $514.45 (+2.95%)  4d paper only
  CARRY     $499.01 (-0.16%)  8 held  paper only
  SPOT      $249.91 (-0.04%)  5 held  18% invested  cash earns 6.88%  paper pot
  SAVINGS   idle $314.26 (62%)  at 6.88% +$0.27 so far  ~$1.80/month  paper
  BFUSD     wallet $502.62 at 7.66%  +$0.37 so far  ~$3.21/month  vs Savings $1.80  paper
  DELTA     $503.40 (+0.68%)  9 held  fees $0.20  funding $+0.16
            paper experiment: the book on Delta
  XVENUE    $995.21 (-0.48%)  10 pairs  funding $+2.27  fees $4.87  paper, Delta vs Pi42
  BOOK      9 pos gross $317.04 (0.63x)  open $+2.92  funding $-0.08  vol 27% top 20
            rebal 2026-10-05
  CONTEXT   since 01 Oct $+2.60 (+0.52%) in 4.7d  normal -2.5% to +4.4%  top 45%: normal
  RULE      C2 N2+N3 + range vol (GK)  forward test (paper)
  TOURNEY   4d from 2026-10-01  base -0.52%  N2 -0.66%  N3 +0.20%  N2+N3 +0.11%  +K4 +0.41%
            +GK* +0.27%  +K4+GK +0.60%  +GK+DD +0.53%  +GK+XA +1.53%
  DATA      on time  prices 26s  funding booked  book today  shadow 19:00  carry today
            spot pot today
  SESSION   $+0.53 +0.11%  peak $503.03  dd 0.09%
  CURVE     =======+++=========================++++++++++++++++
  MONTH     book guard $0.00 of $100.00 used  on marked equity  from $500.00  dial 20%
            ..........................
  RECORD    book closed 3  2W 1L  net $-0.09  fees and funding in
  FEES      no fills yet this run (the book trades at 00:05 UTC)
  ------------------------------------------------------------------------------------------------



  01:36  up 6h48m  daily book --------------------------------------------------------------------
  PLAN      $996.70 of $1,000.00 ($-3.30)  after tax on net profit $996.70
            Delta vs Pi42 funding gap $996.70  paper
  BELOW     experiments, not your money
  EQUITY    $502.89  unreal $+3.21
  OPEN      no intraday positions  book holds 9 (BOOK row)  free $440.19 after open P&L
  SHADOW    intraday M1 $510.27 (+2.11%)  M1g $514.89 (+3.04%)  4d paper only
  CARRY     $499.01 (-0.16%)  8 held  paper only
  SPOT      $249.94 (-0.02%)  5 held  18% invested  cash earns 6.88%  paper pot
  SAVINGS   idle $314.50 (62%)  at 6.88% +$0.27 so far  ~$1.80/month  paper
  BFUSD     wallet $502.93 at 7.66%  +$0.37 so far  ~$3.21/month  vs Savings $1.80  paper
  DELTA     $503.71 (+0.74%)  9 held  fees $0.20  funding $+0.16
            paper experiment: the book on Delta
  XVENUE    $995.21 (-0.48%)  10 pairs  funding $+2.27  fees $4.87  paper, Delta vs Pi42
  BOOK      9 pos gross $317.81 (0.63x)  open $+3.21  funding $-0.08  vol 27% top 20
            rebal 2026-10-05
  CONTEXT   since 01 Oct $+2.89 (+0.58%) in 4.7d  normal -2.5% to +4.4%  top 44%: normal
  RULE      C2 N2+N3 + range vol (GK)  forward test (paper)
  TOURNEY   4d from 2026-10-01  base -0.52%  N2 -0.66%  N3 +0.20%  N2+N3 +0.11%  +K4 +0.41%
            +GK* +0.27%  +K4+GK +0.60%  +GK+DD +0.53%  +GK+XA +1.53%
  DATA      on time  prices 21s  funding booked  book today  shadow 20:00  carry today
            spot pot today
  SESSION   $+0.82 +0.16%  peak $503.03  dd 0.03%
  CURVE     =======+++=========================+++++++++++++++++
  MONTH     book guard $0.00 of $100.00 used  on marked equity  from $500.00  dial 20%
            ..........................
  RECORD    book closed 3  2W 1L  net $-0.09  fees and funding in
  FEES      no fills yet this run (the book trades at 00:05 UTC)
  ------------------------------------------------------------------------------------------------



  01:44  up 6h56m  daily book --------------------------------------------------------------------
  PLAN      $996.69 of $1,000.00 ($-3.31)  after tax on net profit $996.69
            Delta vs Pi42 funding gap $996.69  paper
  BELOW     experiments, not your money
  EQUITY    $503.00  unreal $+3.32
  OPEN      no intraday positions  book holds 9 (BOOK row)  free $440.30 after open P&L
  SHADOW    intraday M1 $510.27 (+2.11%)  M1g $514.89 (+3.04%)  4d paper only
  CARRY     $499.01 (-0.16%)  8 held  paper only
  SPOT      $249.96 (-0.02%)  5 held  18% invested  cash earns 6.88%  paper pot
  SAVINGS   idle $314.57 (62%)  at 6.88% +$0.27 so far  ~$1.80/month  paper
  BFUSD     wallet $503.03 at 7.66%  +$0.37 so far  ~$3.21/month  vs Savings $1.80  paper
  DELTA     $503.80 (+0.76%)  9 held  fees $0.20  funding $+0.16
            paper experiment: the book on Delta
  XVENUE    $995.21 (-0.48%)  10 pairs  funding $+2.27  fees $4.87  paper, Delta vs Pi42
  BOOK      9 pos gross $318.15 (0.63x)  open $+3.32  funding $-0.08  vol 27% top 20
            rebal 2026-10-05
  CONTEXT   since 01 Oct $+3.00 (+0.60%) in 4.7d  normal -2.5% to +4.4%  top 44%: normal
  RULE      C2 N2+N3 + range vol (GK)  forward test (paper)
  TOURNEY   4d from 2026-10-01  base -0.52%  N2 -0.66%  N3 +0.20%  N2+N3 +0.11%  +K4 +0.41%
            +GK* +0.27%  +K4+GK +0.60%  +GK+DD +0.53%  +GK+XA +1.53%
  DATA      on time  prices 15s  funding booked  book today  shadow 20:00  carry today
            spot pot today
  SESSION   $+0.93 +0.19%  peak $503.03  dd 0.01%
  CURVE     =======+++=========================++++++++++++++++++
  MONTH     book guard $0.00 of $100.00 used  on marked equity  from $500.00  dial 20%
            ..........................
  RECORD    book closed 3  2W 1L  net $-0.09  fees and funding in
  FEES      no fills yet this run (the book trades at 00:05 UTC)
  ------------------------------------------------------------------------------------------------



  01:52  up 7h04m  daily book --------------------------------------------------------------------
  PLAN      $996.57 of $1,000.00 ($-3.43)  after tax on net profit $996.57
            Delta vs Pi42 funding gap $996.57  paper
  BELOW     experiments, not your money
  EQUITY    $503.09  unreal $+3.41
  OPEN      no intraday positions  book holds 9 (BOOK row)  free $440.39 after open P&L
  SHADOW    intraday M1 $510.27 (+2.11%)  M1g $514.89 (+3.04%)  4d paper only
  CARRY     $499.01 (-0.16%)  8 held  paper only
  SPOT      $250.04 (+0.02%)  5 held  18% invested  cash earns 6.88%  paper pot
  SAVINGS   idle $314.62 (62%)  at 6.88% +$0.27 so far  ~$1.80/month  paper
  BFUSD     wallet $503.09 at 7.66%  +$0.37 so far  ~$3.21/month  vs Savings $1.80  paper
  DELTA     $503.91 (+0.78%)  9 held  fees $0.20  funding $+0.16
            paper experiment: the book on Delta
  XVENUE    $995.21 (-0.48%)  10 pairs  funding $+2.27  fees $4.87  paper, Delta vs Pi42
  BOOK      9 pos gross $318.78 (0.63x)  open $+3.40  funding $-0.08  vol 27% top 20
            rebal 2026-10-05
  CONTEXT   since 01 Oct $+3.09 (+0.62%) in 4.7d  normal -2.5% to +4.4%  top 44%: normal
  RULE      C2 N2+N3 + range vol (GK)  forward test (paper)
  TOURNEY   4d from 2026-10-01  base -0.52%  N2 -0.66%  N3 +0.20%  N2+N3 +0.11%  +K4 +0.41%
            +GK* +0.27%  +K4+GK +0.60%  +GK+DD +0.53%  +GK+XA +1.53%
  DATA      on time  prices 9s  funding booked  book today  shadow 20:00  carry today
            spot pot today
  SESSION   $+1.02 +0.20%
  CURVE     =======+++=========================+++++++++++++++++++
  MONTH     book guard $0.00 of $100.00 used  on marked equity  from $500.00  dial 20%
            ..........................
  RECORD    book closed 3  2W 1L  net $-0.09  fees and funding in
  FEES      no fills yet this run (the book trades at 00:05 UTC)
  ------------------------------------------------------------------------------------------------



  02:00  up 7h12m  daily book --------------------------------------------------------------------
  PLAN      $996.43 of $1,000.00 ($-3.57)  after tax on net profit $996.43
            Delta vs Pi42 funding gap $996.43  paper
  BELOW     experiments, not your money
  EQUITY    $502.98  unreal $+3.30
  OPEN      no intraday positions  book holds 9 (BOOK row)  free $440.28 after open P&L
  SHADOW    intraday M1 $510.27 (+2.11%)  M1g $514.89 (+3.04%)  4d paper only
  CARRY     $499.01 (-0.16%)  8 held  paper only
  SPOT      $250.02 (+0.01%)  5 held  18% invested  cash earns 6.88%  paper pot
  SAVINGS   idle $314.53 (62%)  at 6.88% +$0.27 so far  ~$1.80/month  paper
  BFUSD     wallet $502.97 at 7.66%  +$0.38 so far  ~$3.21/month  vs Savings $1.80  paper
  DELTA     $503.80 (+0.76%)  9 held  fees $0.20  funding $+0.16
            paper experiment: the book on Delta
  XVENUE    $995.21 (-0.48%)  10 pairs  funding $+2.27  fees $4.87  paper, Delta vs Pi42
  BOOK      9 pos gross $318.43 (0.63x)  open $+3.30  funding $-0.08  vol 27% top 20
            rebal 2026-10-05
  CONTEXT   since 01 Oct $+2.98 (+0.60%) in 4.7d  normal -2.5% to +4.4%  top 44%: normal
  RULE      C2 N2+N3 + range vol (GK)  forward test (paper)
  TOURNEY   4d from 2026-10-01  base -0.52%  N2 -0.66%  N3 +0.20%  N2+N3 +0.11%  +K4 +0.41%
            +GK* +0.27%  +K4+GK +0.60%  +GK+DD +0.53%  +GK+XA +1.53%
  DATA      on time  prices 2s  funding booked  book today  shadow 20:00  carry today
            spot pot today
  SESSION   $+0.91 +0.18%  peak $503.09  dd 0.02%
  CURVE     =======+++=========================++++++++++++++++++++
  MONTH     book guard $0.00 of $100.00 used  on marked equity  from $500.00  dial 20%
            ..........................
  RECORD    book closed 3  2W 1L  net $-0.09  fees and funding in
  FEES      no fills yet this run (the book trades at 00:05 UTC)
  ------------------------------------------------------------------------------------------------



  02:08  up 7h20m  daily book --------------------------------------------------------------------
  PLAN      $996.61 of $1,000.00 ($-3.39)  after tax on net profit $996.61
            Delta vs Pi42 funding gap $996.61  paper
  BELOW     experiments, not your money
  EQUITY    $503.16  unreal $+3.48
  OPEN      no intraday positions  book holds 9 (BOOK row)  free $440.46 after open P&L
  SHADOW    intraday M1 $510.27 (+2.11%)  M1g $514.89 (+3.04%)  4d paper only
  CARRY     $499.01 (-0.16%)  8 held  paper only
  SPOT      $250.06 (+0.02%)  5 held  18% invested  cash earns 6.88%  paper pot
  SAVINGS   idle $314.75 (62%)  at 6.88% +$0.27 so far  ~$1.80/month  paper
  BFUSD     wallet $503.27 at 7.66%  +$0.38 so far  ~$3.21/month  vs Savings $1.80  paper
  DELTA     $503.87 (+0.77%)  9 held  fees $0.20  funding $+0.16
            paper experiment: the book on Delta
  XVENUE    $995.21 (-0.48%)  10 pairs  funding $+2.27  fees $4.87  paper, Delta vs Pi42
  BOOK      9 pos gross $318.97 (0.63x)  open $+3.48  funding $-0.08  vol 27% top 20
            rebal 2026-10-05
  CONTEXT   since 01 Oct $+3.16 (+0.63%) in 4.7d  normal -2.5% to +4.4%  top 44%: normal
  RULE      C2 N2+N3 + range vol (GK)  forward test (paper)
  TOURNEY   4d from 2026-10-01  base -0.52%  N2 -0.66%  N3 +0.20%  N2+N3 +0.11%  +K4 +0.41%
            +GK* +0.27%  +K4+GK +0.60%  +GK+DD +0.53%  +GK+XA +1.53%
  DATA      on time  prices 35s  funding booked  book today  shadow 20:00  carry today
            spot pot today
  SESSION   $+1.09 +0.22%
  CURVE     =======+++=========================+++++++++++++++++++++
  MONTH     book guard $0.00 of $100.00 used  on marked equity  from $500.00  dial 20%
            ..........................
  RECORD    book closed 3  2W 1L  net $-0.09  fees and funding in
  FEES      no fills yet this run (the book trades at 00:05 UTC)
  ------------------------------------------------------------------------------------------------



  02:16  up 7h28m  daily book --------------------------------------------------------------------
  PLAN      $996.22 of $1,000.00 ($-3.78)  after tax on net profit $996.22
            Delta vs Pi42 funding gap $996.22  paper
  BELOW     experiments, not your money
  EQUITY    $503.23  unreal $+3.55
  OPEN      no intraday positions  book holds 9 (BOOK row)  free $440.53 after open P&L
  SHADOW    intraday M1 $510.27 (+2.11%)  M1g $514.89 (+3.04%)  4d paper only
  CARRY     $499.01 (-0.16%)  8 held  paper only
  SPOT      $250.04 (+0.02%)  5 held  18% invested  cash earns 6.88%  paper pot
  SAVINGS   idle $314.74 (62%)  at 6.88% +$0.27 so far  ~$1.80/month  paper
  BFUSD     wallet $503.25 at 7.66%  +$0.38 so far  ~$3.21/month  vs Savings $1.80  paper
  DELTA     $504.07 (+0.81%)  9 held  fees $0.20  funding $+0.16
            paper experiment: the book on Delta
  XVENUE    $995.21 (-0.48%)  10 pairs  funding $+2.27  fees $4.87  paper, Delta vs Pi42
  BOOK      9 pos gross $319.09 (0.63x)  open $+3.55  funding $-0.08  vol 27% top 20
            rebal 2026-10-05
  CONTEXT   since 01 Oct $+3.23 (+0.65%) in 4.7d  normal -2.5% to +4.4%  top 44%: normal
  RULE      C2 N2+N3 + range vol (GK)  forward test (paper)
  TOURNEY   4d from 2026-10-01  base -0.52%  N2 -0.66%  N3 +0.20%  N2+N3 +0.11%  +K4 +0.41%
            +GK* +0.27%  +K4+GK +0.60%  +GK+DD +0.53%  +GK+XA +1.53%
  DATA      on time  prices 35s  funding booked  book today  shadow 20:00  carry today
            spot pot today
  SESSION   $+1.16 +0.23%
  CURVE     =======+++=========================++++++++++++++++++++++
  MONTH     book guard $0.00 of $100.00 used  on marked equity  from $500.00  dial 20%
            ..........................
  RECORD    book closed 3  2W 1L  net $-0.09  fees and funding in
  FEES      no fills yet this run (the book trades at 00:05 UTC)
  ------------------------------------------------------------------------------------------------



  02:24  up 7h36m  daily book --------------------------------------------------------------------
  PLAN      $996.77 of $1,000.00 ($-3.23)  after tax on net profit $996.77
            Delta vs Pi42 funding gap $996.77  paper
  BELOW     experiments, not your money
  EQUITY    $503.38  unreal $+3.70
  OPEN      no intraday positions  book holds 9 (BOOK row)  free $440.68 after open P&L
  SHADOW    intraday M1 $510.27 (+2.11%)  M1g $514.89 (+3.04%)  4d paper only
  CARRY     $499.01 (-0.16%)  8 held  paper only
  SPOT      $250.06 (+0.03%)  5 held  18% invested  cash earns 6.88%  paper pot
  SAVINGS   idle $314.87 (62%)  at 6.88% +$0.27 so far  ~$1.80/month  paper
  BFUSD     wallet $503.42 at 7.66%  +$0.38 so far  ~$3.21/month  vs Savings $1.80  paper
  DELTA     $504.25 (+0.85%)  9 held  fees $0.20  funding $+0.16
            paper experiment: the book on Delta
  XVENUE    $995.21 (-0.48%)  10 pairs  funding $+2.27  fees $4.87  paper, Delta vs Pi42
  BOOK      9 pos gross $319.00 (0.63x)  open $+3.70  funding $-0.08  vol 27% top 20
            rebal 2026-10-05
  CONTEXT   since 01 Oct $+3.38 (+0.68%) in 4.7d  normal -2.5% to +4.4%  top 43%: normal
  RULE      C2 N2+N3 + range vol (GK)  forward test (paper)
  TOURNEY   4d from 2026-10-01  base -0.52%  N2 -0.66%  N3 +0.20%  N2+N3 +0.11%  +K4 +0.41%
            +GK* +0.27%  +K4+GK +0.60%  +GK+DD +0.53%  +GK+XA +1.53%
  DATA      on time  prices 21s  funding booked  book today  shadow 20:00  carry today
            spot pot today
  SESSION   $+1.31 +0.26%
  CURVE     =======+++=========================+++++++++++++++++++++++
  MONTH     book guard $0.00 of $100.00 used  on marked equity  from $500.00  dial 20%
            ..........................
  RECORD    book closed 3  2W 1L  net $-0.09  fees and funding in
  FEES      no fills yet this run (the book trades at 00:05 UTC)
  ------------------------------------------------------------------------------------------------



  02:32  up 7h44m  daily book --------------------------------------------------------------------
  PLAN      $996.50 of $1,000.00 ($-3.50)  after tax on net profit $996.50
            Delta vs Pi42 funding gap $996.50  paper
  BELOW     experiments, not your money
  EQUITY    $503.38  unreal $+3.70
  OPEN      no intraday positions  book holds 9 (BOOK row)  free $440.68 after open P&L
  SHADOW    intraday M1 $510.27 (+2.11%)  M1g $514.89 (+3.04%)  4d paper only
  CARRY     $499.01 (-0.16%)  8 held  paper only
  SPOT      $250.03 (+0.01%)  5 held  18% invested  cash earns 6.88%  paper pot
  SAVINGS   idle $314.89 (62%)  at 6.88% +$0.27 so far  ~$1.80/month  paper
  BFUSD     wallet $503.45 at 7.66%  +$0.38 so far  ~$3.21/month  vs Savings $1.80  paper
  DELTA     $504.33 (+0.87%)  9 held  fees $0.20  funding $+0.16
            paper experiment: the book on Delta
  XVENUE    $995.21 (-0.48%)  10 pairs  funding $+2.27  fees $4.87  paper, Delta vs Pi42
  BOOK      9 pos gross $318.76 (0.63x)  open $+3.70  funding $-0.08  vol 27% top 20
            rebal 2026-10-05
  CONTEXT   since 01 Oct $+3.38 (+0.68%) in 4.7d  normal -2.5% to +4.4%  top 43%: normal
  RULE      C2 N2+N3 + range vol (GK)  forward test (paper)
  TOURNEY   4d from 2026-10-01  base -0.52%  N2 -0.66%  N3 +0.20%  N2+N3 +0.11%  +K4 +0.41%
            +GK* +0.27%  +K4+GK +0.60%  +GK+DD +0.53%  +GK+XA +1.53%
  DATA      on time  prices 14s  funding booked  book today  shadow 20:00  carry today
            spot pot today
  SESSION   $+1.31 +0.26%
  CURVE     =======+++=========================++++++++++++++++++++++++
  MONTH     book guard $0.00 of $100.00 used  on marked equity  from $500.00  dial 20%
            ..........................
  RECORD    book closed 3  2W 1L  net $-0.09  fees and funding in
  FEES      no fills yet this run (the book trades at 00:05 UTC)
  ------------------------------------------------------------------------------------------------



  02:40  up 7h52m  daily book --------------------------------------------------------------------
  PLAN      $996.87 of $1,000.00 ($-3.13)  after tax on net profit $996.87
            Delta vs Pi42 funding gap $996.87  paper
  BELOW     experiments, not your money
  EQUITY    $503.37  unreal $+3.69
  OPEN      no intraday positions  book holds 9 (BOOK row)  free $440.67 after open P&L
  SHADOW    intraday M1 $510.34 (+2.13%)  M1g $514.89 (+3.04%)  4d paper only
  CARRY     $499.01 (-0.16%)  8 held  paper only
  SPOT      $250.04 (+0.02%)  5 held  18% invested  cash earns 6.88%  paper pot
  SAVINGS   idle $314.89 (62%)  at 6.88% +$0.27 so far  ~$1.80/month  paper
  BFUSD     wallet $503.45 at 7.66%  +$0.38 so far  ~$3.21/month  vs Savings $1.80  paper
  DELTA     $504.30 (+0.86%)  9 held  fees $0.20  funding $+0.16
            paper experiment: the book on Delta
  XVENUE    $995.21 (-0.48%)  10 pairs  funding $+2.27  fees $4.87  paper, Delta vs Pi42
  BOOK      9 pos gross $318.85 (0.63x)  open $+3.69  funding $-0.08  vol 27% top 20
            rebal 2026-10-05
  CONTEXT   since 01 Oct $+3.37 (+0.67%) in 4.7d  normal -2.5% to +4.4%  top 43%: normal
  RULE      C2 N2+N3 + range vol (GK)  forward test (paper)
  TOURNEY   4d from 2026-10-01  base -0.52%  N2 -0.66%  N3 +0.20%  N2+N3 +0.11%  +K4 +0.41%
            +GK* +0.27%  +K4+GK +0.60%  +GK+DD +0.53%  +GK+XA +1.53%
  DATA      on time  prices 7s  funding booked  book today  shadow 21:00  carry today
            spot pot today
  SESSION   $+1.30 +0.26%  peak $503.38
  CURVE     =======+++=========================+++++++++++++++++++++++++
  MONTH     book guard $0.00 of $100.00 used  on marked equity  from $500.00  dial 20%
            ..........................
  RECORD    book closed 3  2W 1L  net $-0.09  fees and funding in
  FEES      no fills yet this run (the book trades at 00:05 UTC)
  ------------------------------------------------------------------------------------------------



  02:48  up 8h00m  daily book --------------------------------------------------------------------
  PLAN      $996.69 of $1,000.00 ($-3.31)  after tax on net profit $996.69
            Delta vs Pi42 funding gap $996.69  paper
  BELOW     experiments, not your money
  EQUITY    $503.32  unreal $+3.64
  OPEN      no intraday positions  book holds 9 (BOOK row)  free $440.62 after open P&L
  SHADOW    intraday M1 $510.34 (+2.13%)  M1g $514.89 (+3.04%)  4d paper only
  CARRY     $499.01 (-0.16%)  8 held  paper only
  SPOT      $250.03 (+0.01%)  5 held  18% invested  cash earns 6.88%  paper pot
  SAVINGS   idle $314.83 (62%)  at 6.88% +$0.27 so far  ~$1.80/month  paper
  BFUSD     wallet $503.37 at 7.66%  +$0.38 so far  ~$3.21/month  vs Savings $1.80  paper
  DELTA     $504.13 (+0.83%)  9 held  fees $0.20  funding $+0.16
            paper experiment: the book on Delta
  XVENUE    $995.21 (-0.48%)  10 pairs  funding $+2.27  fees $4.87  paper, Delta vs Pi42
  BOOK      9 pos gross $318.68 (0.63x)  open $+3.64  funding $-0.08  vol 27% top 20
            rebal 2026-10-05
  CONTEXT   since 01 Oct $+3.32 (+0.66%) in 4.7d  normal -2.5% to +4.4%  top 43%: normal
  RULE      C2 N2+N3 + range vol (GK)  forward test (paper)
  TOURNEY   4d from 2026-10-01  base -0.52%  N2 -0.66%  N3 +0.20%  N2+N3 +0.11%  +K4 +0.41%
            +GK* +0.27%  +K4+GK +0.60%  +GK+DD +0.53%  +GK+XA +1.53%
  DATA      on time  prices 1s  funding booked  book today  shadow 21:00  carry today
            spot pot today
  SESSION   $+1.25 +0.25%  peak $503.38  dd 0.01%
  CURVE     =======+++=========================++++++++++++++++++++++++++
  MONTH     book guard $0.00 of $100.00 used  on marked equity  from $500.00  dial 20%
            ..........................
  RECORD    book closed 3  2W 1L  net $-0.09  fees and funding in
  FEES      no fills yet this run (the book trades at 00:05 UTC)
  ------------------------------------------------------------------------------------------------



  02:56  up 8h08m  daily book --------------------------------------------------------------------
  PLAN      $996.62 of $1,000.00 ($-3.38)  after tax on net profit $996.62
            Delta vs Pi42 funding gap $996.62  paper
  BELOW     experiments, not your money
  EQUITY    $503.54  unreal $+3.86
  OPEN      no intraday positions  book holds 9 (BOOK row)  free $440.84 after open P&L
  SHADOW    intraday M1 $510.34 (+2.13%)  M1g $514.89 (+3.04%)  4d paper only
  CARRY     $499.01 (-0.16%)  8 held  paper only
  SPOT      $250.05 (+0.02%)  5 held  18% invested  cash earns 6.88%  paper pot
  SAVINGS   idle $314.96 (62%)  at 6.88% +$0.27 so far  ~$1.80/month  paper
  BFUSD     wallet $503.54 at 7.66%  +$0.38 so far  ~$3.21/month  vs Savings $1.80  paper
  DELTA     $504.37 (+0.87%)  9 held  fees $0.20  funding $+0.16
            paper experiment: the book on Delta
  XVENUE    $995.21 (-0.48%)  10 pairs  funding $+2.27  fees $4.87  paper, Delta vs Pi42
  BOOK      9 pos gross $318.82 (0.63x)  open $+3.86  funding $-0.08  vol 27% top 20
            rebal 2026-10-05
  CONTEXT   since 01 Oct $+3.54 (+0.71%) in 4.7d  normal -2.5% to +4.4%  top 43%: normal
  RULE      C2 N2+N3 + range vol (GK)  forward test (paper)
  TOURNEY   4d from 2026-10-01  base -0.52%  N2 -0.66%  N3 +0.20%  N2+N3 +0.11%  +K4 +0.41%
            +GK* +0.27%  +K4+GK +0.60%  +GK+DD +0.53%  +GK+XA +1.53%
  DATA      on time  prices 34s  funding booked  book today  shadow 21:00  carry today
            spot pot today
  SESSION   $+1.47 +0.29%
  CURVE     =======+=+===========================+++++++++++++++++++++++++
  MONTH     book guard $0.00 of $100.00 used  on marked equity  from $500.00  dial 20%
            ..........................
  RECORD    book closed 3  2W 1L  net $-0.09  fees and funding in
  FEES      no fills yet this run (the book trades at 00:05 UTC)
  ------------------------------------------------------------------------------------------------



  03:04  up 8h16m  daily book --------------------------------------------------------------------
  PLAN      $996.54 of $1,000.00 ($-3.46)  after tax on net profit $996.54
            Delta vs Pi42 funding gap $996.54  paper
  BELOW     experiments, not your money
  EQUITY    $503.68  unreal $+4.00
  OPEN      no intraday positions  book holds 9 (BOOK row)  free $440.98 after open P&L
  SHADOW    intraday M1 $510.34 (+2.13%)  M1g $514.89 (+3.04%)  4d paper only
  CARRY     $499.01 (-0.16%)  8 held  paper only
  SPOT      $250.06 (+0.02%)  5 held  18% invested  cash earns 6.88%  paper pot
  SAVINGS   idle $315.06 (63%)  at 6.88% +$0.27 so far  ~$1.81/month  paper
  BFUSD     wallet $503.68 at 7.66%  +$0.38 so far  ~$3.22/month  vs Savings $1.81  paper
  DELTA     $504.39 (+0.88%)  9 held  fees $0.20  funding $+0.16
            paper experiment: the book on Delta
  XVENUE    $995.21 (-0.48%)  10 pairs  funding $+2.27  fees $4.87  paper, Delta vs Pi42
  BOOK      9 pos gross $319.11 (0.63x)  open $+4.00  funding $-0.08  vol 27% top 20
            rebal 2026-10-05
  CONTEXT   since 01 Oct $+3.68 (+0.74%) in 4.7d  normal -2.5% to +4.4%  top 42%: normal
  RULE      C2 N2+N3 + range vol (GK)  forward test (paper)
  TOURNEY   4d from 2026-10-01  base -0.52%  N2 -0.66%  N3 +0.20%  N2+N3 +0.11%  +K4 +0.41%
            +GK* +0.27%  +K4+GK +0.60%  +GK+DD +0.53%  +GK+XA +1.53%
  DATA      on time  prices 29s  funding booked  book today  shadow 21:00  carry today
            spot pot today
  SESSION   $+1.61 +0.32%
  CURVE     =====================================++++++++++++++++++++++++++
  MONTH     book guard $0.00 of $100.00 used  on marked equity  from $500.00  dial 20%
            ..........................
  RECORD    book closed 3  2W 1L  net $-0.09  fees and funding in
  FEES      no fills yet this run (the book trades at 00:05 UTC)
  ------------------------------------------------------------------------------------------------



  03:12  up 8h24m  daily book --------------------------------------------------------------------
  PLAN      $997.20 of $1,000.00 ($-2.80)  after tax on net profit $997.20
            Delta vs Pi42 funding gap $997.20  paper
  BELOW     experiments, not your money
  EQUITY    $503.62  unreal $+3.94
  OPEN      no intraday positions  book holds 9 (BOOK row)  free $440.92 after open P&L
  SHADOW    intraday M1 $510.34 (+2.13%)  M1g $514.89 (+3.04%)  4d paper only
  CARRY     $499.01 (-0.16%)  8 held  paper only
  SPOT      $250.07 (+0.03%)  5 held  18% invested  cash earns 6.88%  paper pot
  SAVINGS   idle $315.01 (63%)  at 6.88% +$0.27 so far  ~$1.81/month  paper
  BFUSD     wallet $503.62 at 7.66%  +$0.38 so far  ~$3.21/month  vs Savings $1.81  paper
  DELTA     $504.39 (+0.88%)  9 held  fees $0.20  funding $+0.16
            paper experiment: the book on Delta
  XVENUE    $995.21 (-0.48%)  10 pairs  funding $+2.27  fees $4.87  paper, Delta vs Pi42
  BOOK      9 pos gross $318.83 (0.63x)  open $+3.94  funding $-0.08  vol 27% top 20
            rebal 2026-10-05
  CONTEXT   since 01 Oct $+3.62 (+0.72%) in 4.8d  normal -2.5% to +4.4%  top 42%: normal
  RULE      C2 N2+N3 + range vol (GK)  forward test (paper)
  TOURNEY   4d from 2026-10-01  base -0.52%  N2 -0.66%  N3 +0.20%  N2+N3 +0.11%  +K4 +0.41%
            +GK* +0.27%  +K4+GK +0.60%  +GK+DD +0.53%  +GK+XA +1.53%
  DATA      on time  prices 21s  funding booked  book today  shadow 21:00  carry today
            spot pot today
  SESSION   $+1.55 +0.31%  peak $503.68  dd 0.01%
  CURVE     =====================================+++++++++++++++++++++++++++
  MONTH     book guard $0.00 of $100.00 used  on marked equity  from $500.00  dial 20%
            ..........................
  RECORD    book closed 3  2W 1L  net $-0.09  fees and funding in
  FEES      no fills yet this run (the book trades at 00:05 UTC)
  ------------------------------------------------------------------------------------------------

