12:25:10 | 📊 Paper Mode
12:25:12 | ✅ Connected | 805 futures markets
 
  ================================================================================================
  OMEGA C499  PAPER  Bitget perps
  27 Sep 2026   12:25
  start $252.18  risk dial 15%/month
  ================================================================================================
 
  RISK FRAME -------------------------------------------------------------------------------------
  EQUITY    $252.18  805 markets
  MONTH     dial 15% = $37.92 this month  used $0.63 realised
  BOOK      daily trend + momentum + carry, rebalanced 00:05 UTC
            month guard on MARKED equity (open P&L counts)  intraday scanner idle
  ------------------------------------------------------------------------------------------------
 
12:25:12 | 🌐 Remote control on http://0.0.0.0:8138 — TOKEN REQUIRED
12:25:12 |    📱 Same WiFi: http://10.0.0.160:8138/?t=<your token>
12:25:12 |    🌍 Internet: put a Cloudflare Tunnel in front of this port.
12:25:12 |        See deploy/DEPLOY.md — one command, no open ports, free.
12:25:12 |   4 EXIT       4 questions: HARD STOP · THESIS DEAD (C399 retention)
12:25:12 |    🛡️ Session drawdown breaker: off | Guardian: report only (C482)
12:25:12 | 💡 Press Ctrl+C to stop safely
12:32:53 |    👻 C489 shadow hour 07:00 UTC: 39 coins scored (warm-up (14, no flow)), gate shut | M1
    $269.84 (+6.97%) M1g $254.52 (+0.89%) over 3d [29s]
 
  12:33  up 0h08m  scan 0 ------------------------------------------------------------------------
  EQUITY    $249.42  unreal $-2.76
  OPEN      no intraday positions  book holds 12 (BOOK row)  free $219.52
  SHADOW    intraday M1 $269.84 (+6.97%)  M1g $254.52 (+0.89%)  3d paper only
  CARRY     $252.03 (-0.09%)  8 held  paper only
  BOOK      12 pos gross $169.47 (0.68x)  open $-2.76  funding $+0.01  vol 20% top 20
            rebal 2026-09-27
  SESSION   $+0.24 +0.10%
  MONTH     book guard $3.39 of $37.92 used  on marked equity  from $252.81  dial 15%
            ##........................
  RECORD    no closed trades yet this run
  LIFETIME  139tr 44W 95L 32%  $+2.18
  FEES      no fills yet this run
  MARKET    bias +0.00  breadth +0.00
  ------------------------------------------------------------------------------------------------
 
 
  12:41  up 0h16m  scan 0 ------------------------------------------------------------------------
  EQUITY    $249.49  unreal $-2.69
  OPEN      no intraday positions  book holds 12 (BOOK row)  free $219.52
  SHADOW    intraday M1 $269.84 (+6.97%)  M1g $254.52 (+0.89%)  3d paper only
  CARRY     $252.03 (-0.09%)  8 held  paper only
  BOOK      12 pos gross $169.48 (0.68x)  open $-2.69  funding $+0.01  vol 20% top 20
            rebal 2026-09-27
  SESSION   $+0.31 +0.13%
  MONTH     book guard $3.32 of $37.92 used  on marked equity  from $252.81  dial 15%
            ##........................
  RECORD    no closed trades yet this run
  LIFETIME  139tr 44W 95L 32%  $+2.18
  FEES      no fills yet this run
  MARKET    bias +0.00  breadth +0.00
  ------------------------------------------------------------------------------------------------
 
 
  12:49  up 0h24m  scan 0 ------------------------------------------------------------------------
  EQUITY    $249.20  unreal $-2.98
  OPEN      no intraday positions  book holds 12 (BOOK row)  free $219.52
  SHADOW    intraday M1 $269.84 (+6.97%)  M1g $254.52 (+0.89%)  3d paper only
  CARRY     $252.03 (-0.09%)  8 held  paper only
  BOOK      12 pos gross $169.58 (0.68x)  open $-2.98  funding $+0.01  vol 20% top 20
            rebal 2026-09-27
  SESSION   $+0.02 +0.01%  peak $249.49  dd 0.12%
  MONTH     book guard $3.61 of $37.92 used  on marked equity  from $252.81  dial 15%
            ##........................
  RECORD    no closed trades yet this run
  LIFETIME  139tr 44W 95L 32%  $+2.18
  FEES      no fills yet this run
  MARKET    bias +0.00  breadth +0.00
  ------------------------------------------------------------------------------------------------
 
 
  12:57  up 0h32m  scan 0 ------------------------------------------------------------------------
  EQUITY    $249.25  unreal $-2.93
  OPEN      no intraday positions  book holds 12 (BOOK row)  free $219.52
  SHADOW    intraday M1 $269.84 (+6.97%)  M1g $254.52 (+0.89%)  3d paper only
  CARRY     $252.03 (-0.09%)  8 held  paper only
  BOOK      12 pos gross $169.78 (0.68x)  open $-2.93  funding $+0.01  vol 20% top 20
            rebal 2026-09-27
  SESSION   $+0.07 +0.03%  peak $249.49  dd 0.10%
  MONTH     book guard $3.56 of $37.92 used  on marked equity  from $252.81  dial 15%
            ##........................
  RECORD    no closed trades yet this run
  LIFETIME  139tr 44W 95L 32%  $+2.18
  FEES      no fills yet this run
  MARKET    bias +0.00  breadth +0.00
  ------------------------------------------------------------------------------------------------
 
 
  13:05  up 0h40m  scan 0 ------------------------------------------------------------------------
  EQUITY    $249.44  unreal $-2.74
  OPEN      no intraday positions  book holds 12 (BOOK row)  free $219.52
  SHADOW    intraday M1 $269.84 (+6.97%)  M1g $254.52 (+0.89%)  3d paper only
  CARRY     $252.03 (-0.09%)  8 held  paper only
  BOOK      12 pos gross $170.19 (0.68x)  open $-2.74  funding $+0.01  vol 20% top 20
            rebal 2026-09-27
  SESSION   $+0.26 +0.11%  peak $249.49  dd 0.02%
  MONTH     book guard $3.37 of $37.92 used  on marked equity  from $252.81  dial 15%
            ##........................
  RECORD    no closed trades yet this run
  LIFETIME  139tr 44W 95L 32%  $+2.18
  FEES      no fills yet this run
  MARKET    bias +0.00  breadth +0.00
  ------------------------------------------------------------------------------------------------
 
 
  13:13  up 0h48m  scan 0 ------------------------------------------------------------------------
  EQUITY    $249.50  unreal $-2.68
  OPEN      no intraday positions  book holds 12 (BOOK row)  free $219.52
  SHADOW    intraday M1 $269.84 (+6.97%)  M1g $254.52 (+0.89%)  3d paper only
  CARRY     $252.03 (-0.09%)  8 held  paper only
  BOOK      12 pos gross $170.15 (0.68x)  open $-2.68  funding $+0.01  vol 20% top 20
            rebal 2026-09-27
  SESSION   $+0.32 +0.13%
  CURVE     ++==++
  MONTH     book guard $3.31 of $37.92 used  on marked equity  from $252.81  dial 15%
            ##........................
  RECORD    no closed trades yet this run
  LIFETIME  139tr 44W 95L 32%  $+2.18
  FEES      no fills yet this run
  MARKET    bias +0.00  breadth +0.00
  ------------------------------------------------------------------------------------------------
 
 
  13:21  up 0h56m  scan 0 ------------------------------------------------------------------------
  EQUITY    $249.48  unreal $-2.70
  OPEN      no intraday positions  book holds 12 (BOOK row)  free $219.52
  SHADOW    intraday M1 $269.84 (+6.97%)  M1g $254.52 (+0.89%)  3d paper only
  CARRY     $252.03 (-0.09%)  8 held  paper only
  BOOK      12 pos gross $170.58 (0.68x)  open $-2.70  funding $+0.01  vol 20% top 20
            rebal 2026-09-27
  SESSION   $+0.30 +0.12%  peak $249.50  dd 0.01%
  CURVE     ++==+++
  MONTH     book guard $3.33 of $37.92 used  on marked equity  from $252.81  dial 15%
            ##........................
  RECORD    no closed trades yet this run
  LIFETIME  139tr 44W 95L 32%  $+2.18
  FEES      no fills yet this run
  MARKET    bias +0.00  breadth +0.00
  ------------------------------------------------------------------------------------------------
 
 
  13:29  up 1h04m  scan 0 ------------------------------------------------------------------------
  EQUITY    $249.84  unreal $-2.34
  OPEN      no intraday positions  book holds 12 (BOOK row)  free $219.52
  SHADOW    intraday M1 $269.84 (+6.97%)  M1g $254.52 (+0.89%)  3d paper only
  CARRY     $252.03 (-0.09%)  8 held  paper only
  BOOK      12 pos gross $170.89 (0.68x)  open $-2.34  funding $+0.01  vol 20% top 20
            rebal 2026-09-27
  SESSION   $+0.66 +0.27%
  CURVE     =======+
  MONTH     book guard $2.97 of $37.92 used  on marked equity  from $252.81  dial 15%
            ##........................
  RECORD    no closed trades yet this run
  LIFETIME  139tr 44W 95L 32%  $+2.18
  FEES      no fills yet this run
  MARKET    bias +0.00  breadth +0.00
  ------------------------------------------------------------------------------------------------
 
13:32:19 |    👻 C489 shadow hour 08:00 UTC: 39 coins scored (warm-up (14, no flow)), gate shut | M1
    $269.25 (+6.73%) M1g $254.52 (+0.89%) over 3d [17s]
 
  13:37  up 1h12m  scan 0 ------------------------------------------------------------------------
  EQUITY    $249.77  unreal $-2.41
  OPEN      no intraday positions  book holds 12 (BOOK row)  free $219.52
  SHADOW    intraday M1 $269.25 (+6.73%)  M1g $254.52 (+0.89%)  3d paper only
  CARRY     $252.03 (-0.09%)  8 held  paper only
  BOOK      12 pos gross $170.92 (0.68x)  open $-2.40  funding $+0.02  vol 20% top 20
            rebal 2026-09-27
  SESSION   $+0.59 +0.24%  peak $249.84  dd 0.03%
  CURVE     =======++
  MONTH     book guard $3.04 of $37.92 used  on marked equity  from $252.81  dial 15%
            ##........................
  RECORD    no closed trades yet this run
  LIFETIME  139tr 44W 95L 32%  $+2.18
  FEES      no fills yet this run
  MARKET    bias +0.00  breadth +0.00
  ------------------------------------------------------------------------------------------------
 
 
  13:45  up 1h20m  scan 0 ------------------------------------------------------------------------
  EQUITY    $249.75  unreal $-2.43
  OPEN      no intraday positions  book holds 12 (BOOK row)  free $219.52
  SHADOW    intraday M1 $269.25 (+6.73%)  M1g $254.52 (+0.89%)  3d paper only
  CARRY     $252.03 (-0.09%)  8 held  paper only
  BOOK      12 pos gross $170.87 (0.68x)  open $-2.43  funding $+0.02  vol 20% top 20
            rebal 2026-09-27
  SESSION   $+0.57 +0.23%  peak $249.84  dd 0.04%
  CURVE     =======+++
  MONTH     book guard $3.06 of $37.92 used  on marked equity  from $252.81  dial 15%
            ##........................
  RECORD    no closed trades yet this run
  LIFETIME  139tr 44W 95L 32%  $+2.18
  FEES      no fills yet this run
  MARKET    bias +0.00  breadth +0.00
  ------------------------------------------------------------------------------------------------
 
 
  13:53  up 1h28m  scan 0 ------------------------------------------------------------------------
  EQUITY    $249.59  unreal $-2.59
  OPEN      no intraday positions  book holds 12 (BOOK row)  free $219.52
  SHADOW    intraday M1 $269.25 (+6.73%)  M1g $254.52 (+0.89%)  3d paper only
  CARRY     $252.03 (-0.09%)  8 held  paper only
  BOOK      12 pos gross $170.99 (0.69x)  open $-2.59  funding $+0.02  vol 20% top 20
            rebal 2026-09-27
  SESSION   $+0.41 +0.17%  peak $249.84  dd 0.10%
  CURVE     =======++++
  MONTH     book guard $3.22 of $37.92 used  on marked equity  from $252.81  dial 15%
            ##........................
  RECORD    no closed trades yet this run
  LIFETIME  139tr 44W 95L 32%  $+2.18
  FEES      no fills yet this run
  MARKET    bias +0.00  breadth +0.00
  ------------------------------------------------------------------------------------------------
 
 
  14:01  up 1h36m  scan 0 ------------------------------------------------------------------------
  EQUITY    $249.52  unreal $-2.66
  OPEN      no intraday positions  book holds 12 (BOOK row)  free $219.52
  SHADOW    intraday M1 $269.25 (+6.73%)  M1g $254.52 (+0.89%)  3d paper only
  CARRY     $252.03 (-0.09%)  8 held  paper only
  BOOK      12 pos gross $170.98 (0.69x)  open $-2.66  funding $+0.02  vol 20% top 20
            rebal 2026-09-27
  SESSION   $+0.34 +0.14%  peak $249.84  dd 0.13%
  CURVE     =======++++=
  MONTH     book guard $3.29 of $37.92 used  on marked equity  from $252.81  dial 15%
            ##........................
  RECORD    no closed trades yet this run
  LIFETIME  139tr 44W 95L 32%  $+2.18
  FEES      no fills yet this run
  MARKET    bias +0.00  breadth +0.00
  ------------------------------------------------------------------------------------------------
 
 
  14:09  up 1h44m  scan 0 ------------------------------------------------------------------------
  EQUITY    $249.55  unreal $-2.63
  OPEN      no intraday positions  book holds 12 (BOOK row)  free $219.52
  SHADOW    intraday M1 $269.25 (+6.73%)  M1g $254.52 (+0.89%)  3d paper only
  CARRY     $252.03 (-0.09%)  8 held  paper only
  BOOK      12 pos gross $170.90 (0.69x)  open $-2.63  funding $+0.02  vol 20% top 20
            rebal 2026-09-27
  SESSION   $+0.37 +0.15%  peak $249.84  dd 0.12%
  CURVE     =======++++=+
  MONTH     book guard $3.26 of $37.92 used  on marked equity  from $252.81  dial 15%
            ##........................
  RECORD    no closed trades yet this run
  LIFETIME  139tr 44W 95L 32%  $+2.18
  FEES      no fills yet this run
  MARKET    bias +0.00  breadth +0.00
  ------------------------------------------------------------------------------------------------
 
 
  14:17  up 1h52m  scan 0 ------------------------------------------------------------------------
  EQUITY    $249.45  unreal $-2.73
  OPEN      no intraday positions  book holds 12 (BOOK row)  free $219.52
  SHADOW    intraday M1 $269.25 (+6.73%)  M1g $254.52 (+0.89%)  3d paper only
  CARRY     $252.03 (-0.09%)  8 held  paper only
  BOOK      12 pos gross $170.38 (0.68x)  open $-2.73  funding $+0.02  vol 20% top 20
            rebal 2026-09-27
  SESSION   $+0.27 +0.11%  peak $249.84  dd 0.16%
  CURVE     =======++++=+=
  MONTH     book guard $3.36 of $37.92 used  on marked equity  from $252.81  dial 15%
            ##........................
  RECORD    no closed trades yet this run
  LIFETIME  139tr 44W 95L 32%  $+2.18
  FEES      no fills yet this run
  MARKET    bias +0.00  breadth +0.00
  ------------------------------------------------------------------------------------------------
 
 
  14:25  up 2h00m  scan 0 ------------------------------------------------------------------------
  EQUITY    $249.27  unreal $-2.91
  OPEN      no intraday positions  book holds 12 (BOOK row)  free $219.52
  SHADOW    intraday M1 $269.25 (+6.73%)  M1g $254.52 (+0.89%)  3d paper only
  CARRY     $252.03 (-0.09%)  8 held  paper only
  BOOK      12 pos gross $170.91 (0.69x)  open $-2.92  funding $+0.02  vol 20% top 20
            rebal 2026-09-27
  SESSION   $+0.09 +0.04%  peak $249.84  dd 0.23%
  CURVE     =======++++=+==
  MONTH     book guard $3.54 of $37.92 used  on marked equity  from $252.81  dial 15%
            ##........................
  RECORD    no closed trades yet this run
  LIFETIME  139tr 44W 95L 32%  $+2.18
  FEES      no fills yet this run
  MARKET    bias +0.00  breadth +0.00
  ------------------------------------------------------------------------------------------------
 
14:32:27 |    👻 C489 shadow hour 09:00 UTC: 39 coins scored (warm-up (14, no flow)), gate shut | M1
    $268.76 (+6.54%) M1g $254.52 (+0.89%) over 3d [17s]
 
  14:33  up 2h08m  scan 0 ------------------------------------------------------------------------
  EQUITY    $249.34  unreal $-2.84
  OPEN      no intraday positions  book holds 12 (BOOK row)  free $219.52
  SHADOW    intraday M1 $268.76 (+6.54%)  M1g $254.52 (+0.89%)  3d paper only
  CARRY     $252.03 (-0.09%)  8 held  paper only
  BOOK      12 pos gross $170.21 (0.68x)  open $-2.84  funding $+0.02  vol 20% top 20
            rebal 2026-09-27
  SESSION   $+0.16 +0.07%  peak $249.84  dd 0.20%
  CURVE     =======++++=+===
  MONTH     book guard $3.47 of $37.92 used  on marked equity  from $252.81  dial 15%
            ##........................
  RECORD    no closed trades yet this run
  LIFETIME  139tr 44W 95L 32%  $+2.18
  FEES      no fills yet this run
  MARKET    bias +0.00  breadth +0.00
  ------------------------------------------------------------------------------------------------
 
 
  14:41  up 2h16m  scan 0 ------------------------------------------------------------------------
  EQUITY    $249.26  unreal $-2.92
  OPEN      no intraday positions  book holds 12 (BOOK row)  free $219.52
  SHADOW    intraday M1 $268.76 (+6.54%)  M1g $254.52 (+0.89%)  3d paper only
  CARRY     $252.03 (-0.09%)  8 held  paper only
  BOOK      12 pos gross $169.31 (0.68x)  open $-2.92  funding $+0.02  vol 20% top 20
            rebal 2026-09-27
  SESSION   $+0.08 +0.03%  peak $249.84  dd 0.23%
  CURVE     =======++++=+====
  MONTH     book guard $3.55 of $37.92 used  on marked equity  from $252.81  dial 15%
            ##........................
  RECORD    no closed trades yet this run
  LIFETIME  139tr 44W 95L 32%  $+2.18
  FEES      no fills yet this run
  MARKET    bias +0.00  breadth +0.00
  ------------------------------------------------------------------------------------------------
 
 
  14:49  up 2h24m  scan 0 ------------------------------------------------------------------------
  EQUITY    $249.22  unreal $-2.96
  OPEN      no intraday positions  book holds 12 (BOOK row)  free $219.52
  SHADOW    intraday M1 $268.76 (+6.54%)  M1g $254.52 (+0.89%)  3d paper only
  CARRY     $252.03 (-0.09%)  8 held  paper only
  BOOK      12 pos gross $169.62 (0.68x)  open $-2.96  funding $+0.02  vol 20% top 20
            rebal 2026-09-27
  SESSION   $+0.04 +0.02%  peak $249.84  dd 0.25%
  CURVE     =======++++=+=====
  MONTH     book guard $3.59 of $37.92 used  on marked equity  from $252.81  dial 15%
            ##........................
  RECORD    no closed trades yet this run
  LIFETIME  139tr 44W 95L 32%  $+2.18
  FEES      no fills yet this run
  MARKET    bias +0.00  breadth +0.00
  ------------------------------------------------------------------------------------------------
 
 
  14:57  up 2h32m  scan 0 ------------------------------------------------------------------------
  EQUITY    $249.25  unreal $-2.93
  OPEN      no intraday positions  book holds 12 (BOOK row)  free $219.52
  SHADOW    intraday M1 $268.76 (+6.54%)  M1g $254.52 (+0.89%)  3d paper only
  CARRY     $252.03 (-0.09%)  8 held  paper only
  BOOK      12 pos gross $169.94 (0.68x)  open $-2.93  funding $+0.02  vol 20% top 20
            rebal 2026-09-27
  SESSION   $+0.07 +0.03%  peak $249.84  dd 0.24%
  CURVE     =======++++=+======
  MONTH     book guard $3.56 of $37.92 used  on marked equity  from $252.81  dial 15%
            ##........................
  RECORD    no closed trades yet this run
  LIFETIME  139tr 44W 95L 32%  $+2.18
  FEES      no fills yet this run
  MARKET    bias +0.00  breadth +0.00
  ------------------------------------------------------------------------------------------------
 
 
  15:05  up 2h40m  scan 0 ------------------------------------------------------------------------
  EQUITY    $249.31  unreal $-2.87
  OPEN      no intraday positions  book holds 12 (BOOK row)  free $219.52
  SHADOW    intraday M1 $268.76 (+6.54%)  M1g $254.52 (+0.89%)  3d paper only
  CARRY     $252.03 (-0.09%)  8 held  paper only
  BOOK      12 pos gross $170.29 (0.68x)  open $-2.87  funding $+0.02  vol 20% top 20
            rebal 2026-09-27
  SESSION   $+0.13 +0.05%  peak $249.84  dd 0.21%
  CURVE     =======++++=+=======
  MONTH     book guard $3.50 of $37.92 used  on marked equity  from $252.81  dial 15%
            ##........................
  RECORD    no closed trades yet this run
  LIFETIME  139tr 44W 95L 32%  $+2.18
  FEES      no fills yet this run
  MARKET    bias +0.00  breadth +0.00
  ------------------------------------------------------------------------------------------------
 
 
  15:13  up 2h48m  scan 0 ------------------------------------------------------------------------
  EQUITY    $248.86  unreal $-3.32
  OPEN      no intraday positions  book holds 12 (BOOK row)  free $219.52
  SHADOW    intraday M1 $268.76 (+6.54%)  M1g $254.52 (+0.89%)  3d paper only
  CARRY     $252.03 (-0.09%)  8 held  paper only
  BOOK      12 pos gross $170.99 (0.69x)  open $-3.32  funding $+0.02  vol 20% top 20
            rebal 2026-09-27
  SESSION   $-0.32 -0.13%  peak $249.84  dd 0.39%
  CURVE     ++==++++++++++=======
  MONTH     book guard $3.95 of $37.92 used  on marked equity  from $252.81  dial 15%
            ###.......................
  RECORD    no closed trades yet this run
  LIFETIME  139tr 44W 95L 32%  $+2.18
  FEES      no fills yet this run
  MARKET    bias +0.00  breadth +0.00
  ------------------------------------------------------------------------------------------------
 
 
  15:21  up 2h56m  scan 0 ------------------------------------------------------------------------
  EQUITY    $248.78  unreal $-3.40
  OPEN      no intraday positions  book holds 12 (BOOK row)  free $219.52
  SHADOW    intraday M1 $268.76 (+6.54%)  M1g $254.52 (+0.89%)  3d paper only
  CARRY     $252.03 (-0.09%)  8 held  paper only
  BOOK      12 pos gross $171.04 (0.69x)  open $-3.40  funding $+0.02  vol 20% top 20
            rebal 2026-09-27
  SESSION   $-0.40 -0.16%  peak $249.84  dd 0.42%
  CURVE     ++==++++++++++=+======
  MONTH     book guard $4.03 of $37.92 used  on marked equity  from $252.81  dial 15%
            ###.......................
  RECORD    no closed trades yet this run
  LIFETIME  139tr 44W 95L 32%  $+2.18
  FEES      no fills yet this run
  MARKET    bias +0.00  breadth +0.00
  ------------------------------------------------------------------------------------------------
 
 
  15:29  up 3h04m  scan 0 ------------------------------------------------------------------------
  EQUITY    $248.49  unreal $-3.69
  OPEN      no intraday positions  book holds 12 (BOOK row)  free $219.52
  SHADOW    intraday M1 $268.76 (+6.54%)  M1g $254.52 (+0.89%)  3d paper only
  CARRY     $252.03 (-0.09%)  8 held  paper only
  BOOK      12 pos gross $171.39 (0.69x)  open $-3.69  funding $+0.02  vol 20% top 20
            rebal 2026-09-27
  SESSION   $-0.69 -0.28%  peak $249.84  dd 0.54%
  CURVE     ++++++++++++++++++++===
  MONTH     book guard $4.32 of $37.92 used  on marked equity  from $252.81  dial 15%
            ###.......................
  RECORD    no closed trades yet this run
  LIFETIME  139tr 44W 95L 32%  $+2.18
  FEES      no fills yet this run
  MARKET    bias +0.00  breadth +0.00
  ------------------------------------------------------------------------------------------------
 
15:32:34 |    👻 C489 shadow hour 10:00 UTC: 38 coins scored (warm-up (14, no flow)), gate shut | M1
    $268.91 (+6.60%) M1g $254.52 (+0.89%) over 3d [18s]
 
  15:37  up 3h12m  scan 0 ------------------------------------------------------------------------
  EQUITY    $248.57  unreal $-3.61
  OPEN      no intraday positions  book holds 12 (BOOK row)  free $219.52
  SHADOW    intraday M1 $268.91 (+6.60%)  M1g $254.52 (+0.89%)  3d paper only
  CARRY     $252.03 (-0.09%)  8 held  paper only
  BOOK      12 pos gross $171.09 (0.69x)  open $-3.61  funding $+0.02  vol 20% top 20
            rebal 2026-09-27
  SESSION   $-0.61 -0.24%  peak $249.84  dd 0.51%
  CURVE     ++++++++++++++++++++====
  MONTH     book guard $4.24 of $37.92 used  on marked equity  from $252.81  dial 15%
            ###.......................
  RECORD    no closed trades yet this run
  LIFETIME  139tr 44W 95L 32%  $+2.18
  FEES      no fills yet this run
  MARKET    bias +0.00  breadth +0.00
  ------------------------------------------------------------------------------------------------
 
 
  15:45  up 3h20m  scan 0 ------------------------------------------------------------------------
  EQUITY    $248.74  unreal $-3.44
  OPEN      no intraday positions  book holds 12 (BOOK row)  free $219.52
  SHADOW    intraday M1 $268.91 (+6.60%)  M1g $254.52 (+0.89%)  3d paper only
  CARRY     $252.03 (-0.09%)  8 held  paper only
  BOOK      12 pos gross $171.24 (0.69x)  open $-3.44  funding $+0.02  vol 20% top 20
            rebal 2026-09-27
  SESSION   $-0.44 -0.18%  peak $249.84  dd 0.44%
  CURVE     ++++++++++++++++++++=====
  MONTH     book guard $4.07 of $37.92 used  on marked equity  from $252.81  dial 15%
            ###.......................
  RECORD    no closed trades yet this run
  LIFETIME  139tr 44W 95L 32%  $+2.18
  FEES      no fills yet this run
  MARKET    bias +0.00  breadth +0.00
  ------------------------------------------------------------------------------------------------
 
 
  15:53  up 3h28m  scan 0 ------------------------------------------------------------------------
  EQUITY    $248.22  unreal $-3.96
  OPEN      no intraday positions  book holds 12 (BOOK row)  free $219.52
  SHADOW    intraday M1 $268.91 (+6.60%)  M1g $254.52 (+0.89%)  3d paper only
  CARRY     $252.03 (-0.09%)  8 held  paper only
  BOOK      12 pos gross $171.60 (0.69x)  open $-3.96  funding $+0.02  vol 20% top 20
            rebal 2026-09-27
  SESSION   $-0.96 -0.38%  peak $249.84  dd 0.65%
  CURVE     ++++++++++++++++++++======
  MONTH     book guard $4.59 of $37.92 used  on marked equity  from $252.81  dial 15%
            ###.......................
  RECORD    no closed trades yet this run
  LIFETIME  139tr 44W 95L 32%  $+2.18
  FEES      no fills yet this run
  MARKET    bias +0.00  breadth +0.00
  ------------------------------------------------------------------------------------------------
 
 
  16:01  up 3h36m  scan 0 ------------------------------------------------------------------------
  EQUITY    $247.99  unreal $-4.19
  OPEN      no intraday positions  book holds 12 (BOOK row)  free $219.52
  SHADOW    intraday M1 $268.91 (+6.60%)  M1g $254.52 (+0.89%)  3d paper only
  CARRY     $252.03 (-0.09%)  8 held  paper only
  BOOK      12 pos gross $171.41 (0.69x)  open $-4.19  funding $+0.02  vol 20% top 20
            rebal 2026-09-27
  SESSION   $-1.19 -0.48%  peak $249.84  dd 0.74%
  CURVE     ++++++++++++++++++++=======
  MONTH     book guard $4.82 of $37.92 used  on marked equity  from $252.81  dial 15%
            ###.......................
  RECORD    no closed trades yet this run
  LIFETIME  139tr 44W 95L 32%  $+2.18
  FEES      no fills yet this run
  MARKET    bias +0.00  breadth +0.00
  ------------------------------------------------------------------------------------------------
 
 
  16:09  up 3h44m  scan 0 ------------------------------------------------------------------------
  EQUITY    $247.96  unreal $-4.22
  OPEN      no intraday positions  book holds 12 (BOOK row)  free $219.52
  SHADOW    intraday M1 $268.91 (+6.60%)  M1g $254.52 (+0.89%)  3d paper only
  CARRY     $252.03 (-0.09%)  8 held  paper only
  BOOK      12 pos gross $171.31 (0.69x)  open $-4.22  funding $+0.02  vol 20% top 20
            rebal 2026-09-27
  SESSION   $-1.22 -0.49%  peak $249.84  dd 0.75%
  CURVE     ++++++++++++++++++++========
  MONTH     book guard $4.85 of $37.92 used  on marked equity  from $252.81  dial 15%
            ###.......................
  RECORD    no closed trades yet this run
  LIFETIME  139tr 44W 95L 32%  $+2.18
  FEES      no fills yet this run
  MARKET    bias +0.00  breadth +0.00
  ------------------------------------------------------------------------------------------------
 
 
  16:17  up 3h52m  scan 0 ------------------------------------------------------------------------
  EQUITY    $247.99  unreal $-4.19
  OPEN      no intraday positions  book holds 12 (BOOK row)  free $219.52
  SHADOW    intraday M1 $268.91 (+6.60%)  M1g $254.52 (+0.89%)  3d paper only
  CARRY     $252.03 (-0.09%)  8 held  paper only
  BOOK      12 pos gross $171.31 (0.69x)  open $-4.19  funding $+0.02  vol 20% top 20
            rebal 2026-09-27
  SESSION   $-1.19 -0.48%  peak $249.84  dd 0.74%
  CURVE     ++++++++++++++++++++=========
  MONTH     book guard $4.82 of $37.92 used  on marked equity  from $252.81  dial 15%
            ###.......................
  RECORD    no closed trades yet this run
  LIFETIME  139tr 44W 95L 32%  $+2.18
  FEES      no fills yet this run
  MARKET    bias +0.00  breadth +0.00
  ------------------------------------------------------------------------------------------------
 
 
  16:25  up 4h00m  scan 0 ------------------------------------------------------------------------
  EQUITY    $248.13  unreal $-4.05
  OPEN      no intraday positions  book holds 12 (BOOK row)  free $219.52
  SHADOW    intraday M1 $268.91 (+6.60%)  M1g $254.52 (+0.89%)  3d paper only
  CARRY     $252.03 (-0.09%)  8 held  paper only
  BOOK      12 pos gross $171.06 (0.69x)  open $-4.05  funding $+0.02  vol 20% top 20
            rebal 2026-09-27
  SESSION   $-1.05 -0.42%  peak $249.84  dd 0.68%
  CURVE     ++++++++++++++++++++==========
  MONTH     book guard $4.68 of $37.92 used  on marked equity  from $252.81  dial 15%
            ###.......................
  RECORD    no closed trades yet this run
  LIFETIME  139tr 44W 95L 32%  $+2.18
  FEES      no fills yet this run
  MARKET    bias +0.00  breadth +0.00
  ------------------------------------------------------------------------------------------------
 
16:32:45 |    👻 C489 shadow hour 11:00 UTC: 39 coins scored (warm-up (14, no flow)), gate shut | M1
    $269.41 (+6.80%) M1g $254.52 (+0.89%) over 3d [19s]
 
  16:33  up 4h08m  scan 0 ------------------------------------------------------------------------
  EQUITY    $248.30  unreal $-3.88
  OPEN      no intraday positions  book holds 12 (BOOK row)  free $219.52
  SHADOW    intraday M1 $269.41 (+6.80%)  M1g $254.52 (+0.89%)  3d paper only
  CARRY     $252.03 (-0.09%)  8 held  paper only
  BOOK      12 pos gross $170.90 (0.69x)  open $-3.88  funding $+0.02  vol 20% top 20
            rebal 2026-09-27
  SESSION   $-0.88 -0.35%  peak $249.84  dd 0.62%
  CURVE     ++++++++++++++++++++===========
  MONTH     book guard $4.51 of $37.92 used  on marked equity  from $252.81  dial 15%
            ###.......................
  RECORD    no closed trades yet this run
  LIFETIME  139tr 44W 95L 32%  $+2.18
  FEES      no fills yet this run
  MARKET    bias +0.00  breadth +0.00
  ------------------------------------------------------------------------------------------------
 
 
  16:41  up 4h16m  scan 0 ------------------------------------------------------------------------
  EQUITY    $248.26  unreal $-3.92
  OPEN      no intraday positions  book holds 12 (BOOK row)  free $219.52
  SHADOW    intraday M1 $269.41 (+6.80%)  M1g $254.52 (+0.89%)  3d paper only
  CARRY     $252.03 (-0.09%)  8 held  paper only
  BOOK      12 pos gross $171.03 (0.69x)  open $-3.92  funding $+0.02  vol 20% top 20
            rebal 2026-09-27
  SESSION   $-0.92 -0.37%  peak $249.84  dd 0.63%
  CURVE     ++++++++++++++++++++============
  MONTH     book guard $4.55 of $37.92 used  on marked equity  from $252.81  dial 15%
            ###.......................
  RECORD    no closed trades yet this run
  LIFETIME  139tr 44W 95L 32%  $+2.18
  FEES      no fills yet this run
  MARKET    bias +0.00  breadth +0.00
  ------------------------------------------------------------------------------------------------
 
 
  16:49  up 4h24m  scan 0 ------------------------------------------------------------------------
  EQUITY    $248.06  unreal $-4.12
  OPEN      no intraday positions  book holds 12 (BOOK row)  free $219.52
  SHADOW    intraday M1 $269.41 (+6.80%)  M1g $254.52 (+0.89%)  3d paper only
  CARRY     $252.03 (-0.09%)  8 held  paper only
  BOOK      12 pos gross $170.87 (0.69x)  open $-4.12  funding $+0.02  vol 20% top 20
            rebal 2026-09-27
  SESSION   $-1.12 -0.45%  peak $249.84  dd 0.71%
  CURVE     ++++++++++++++++++++=============
  MONTH     book guard $4.75 of $37.92 used  on marked equity  from $252.81  dial 15%
            ###.......................
  RECORD    no closed trades yet this run
  LIFETIME  139tr 44W 95L 32%  $+2.18
  FEES      no fills yet this run
  MARKET    bias +0.00  breadth +0.00
  ------------------------------------------------------------------------------------------------
 
 
  16:57  up 4h32m  scan 0 ------------------------------------------------------------------------
  EQUITY    $248.04  unreal $-4.14
  OPEN      no intraday positions  book holds 12 (BOOK row)  free $219.52
  SHADOW    intraday M1 $269.41 (+6.80%)  M1g $254.52 (+0.89%)  3d paper only
  CARRY     $252.03 (-0.09%)  8 held  paper only
  BOOK      12 pos gross $171.21 (0.69x)  open $-4.14  funding $+0.02  vol 20% top 20
            rebal 2026-09-27
  SESSION   $-1.14 -0.46%  peak $249.84  dd 0.72%
  CURVE     ++++++++++++++++++++==============
  MONTH     book guard $4.77 of $37.92 used  on marked equity  from $252.81  dial 15%
            ###.......................
  RECORD    no closed trades yet this run
  LIFETIME  139tr 44W 95L 32%  $+2.18
  FEES      no fills yet this run
  MARKET    bias +0.00  breadth +0.00
  ------------------------------------------------------------------------------------------------
 
 
  17:05  up 4h40m  scan 0 ------------------------------------------------------------------------
  EQUITY    $247.26  unreal $-4.92
  OPEN      no intraday positions  book holds 12 (BOOK row)  free $219.52
  SHADOW    intraday M1 $269.41 (+6.80%)  M1g $254.52 (+0.89%)  3d paper only
  CARRY     $252.03 (-0.09%)  8 held  paper only
  BOOK      12 pos gross $171.45 (0.69x)  open $-4.92  funding $+0.02  vol 20% top 20
            rebal 2026-09-27
  SESSION   $-1.92 -0.77%  peak $249.84  dd 1.03%
  CURVE     ++++++++++++++++++++++=++==========
  MONTH     book guard $5.55 of $37.92 used  on marked equity  from $252.81  dial 15%
            ####......................
  RECORD    no closed trades yet this run
  LIFETIME  139tr 44W 95L 32%  $+2.18
  FEES      no fills yet this run
  MARKET    bias +0.00  breadth +0.00
  ------------------------------------------------------------------------------------------------
 
 
  17:13  up 4h48m  scan 0 ------------------------------------------------------------------------
  EQUITY    $247.55  unreal $-4.63
  OPEN      no intraday positions  book holds 12 (BOOK row)  free $219.52
  SHADOW    intraday M1 $269.41 (+6.80%)  M1g $254.52 (+0.89%)  3d paper only
  CARRY     $252.03 (-0.09%)  8 held  paper only
  BOOK      12 pos gross $171.02 (0.69x)  open $-4.63  funding $+0.02  vol 20% top 20
            rebal 2026-09-27
  SESSION   $-1.63 -0.65%  peak $249.84  dd 0.92%
  CURVE     ++++++++++++++++++++++=++===========
  MONTH     book guard $5.26 of $37.92 used  on marked equity  from $252.81  dial 15%
            ####......................
  RECORD    no closed trades yet this run
  LIFETIME  139tr 44W 95L 32%  $+2.18
  FEES      no fills yet this run
  MARKET    bias +0.00  breadth +0.00
  ------------------------------------------------------------------------------------------------
 
 
  17:21  up 4h56m  scan 0 ------------------------------------------------------------------------
  EQUITY    $247.45  unreal $-4.73
  OPEN      no intraday positions  book holds 12 (BOOK row)  free $219.52
  SHADOW    intraday M1 $269.41 (+6.80%)  M1g $254.52 (+0.89%)  3d paper only
  CARRY     $252.03 (-0.09%)  8 held  paper only
  BOOK      12 pos gross $171.20 (0.69x)  open $-4.73  funding $+0.02  vol 20% top 20
            rebal 2026-09-27
  SESSION   $-1.73 -0.69%  peak $249.84  dd 0.96%
  CURVE     ++++++++++++++++++++++=++============
  MONTH     book guard $5.36 of $37.92 used  on marked equity  from $252.81  dial 15%
            ####......................
  RECORD    no closed trades yet this run
  LIFETIME  139tr 44W 95L 32%  $+2.18
  FEES      no fills yet this run
  MARKET    bias +0.00  breadth +0.00
  ------------------------------------------------------------------------------------------------
 
 
  17:29  up 5h04m  scan 0 ------------------------------------------------------------------------
  EQUITY    $247.44  unreal $-4.74
  OPEN      no intraday positions  book holds 12 (BOOK row)  free $219.52
  SHADOW    intraday M1 $269.41 (+6.80%)  M1g $254.52 (+0.89%)  3d paper only
  CARRY     $252.03 (-0.09%)  8 held  paper only
  BOOK      12 pos gross $171.38 (0.69x)  open $-4.74  funding $+0.02  vol 20% top 20
            rebal 2026-09-27
  SESSION   $-1.74 -0.70%  peak $249.84  dd 0.96%
  CURVE     ++++++++++++++++++++++=++=============
  MONTH     book guard $5.37 of $37.92 used  on marked equity  from $252.81  dial 15%
            ####......................
  RECORD    no closed trades yet this run
  LIFETIME  139tr 44W 95L 32%  $+2.18
  FEES      no fills yet this run
  MARKET    bias +0.00  breadth +0.00
  ------------------------------------------------------------------------------------------------
 
17:32:23 |    👻 C489 shadow hour 12:00 UTC: 39 coins scored (warm-up (14, no flow)), gate shut | M1
    $269.35 (+6.77%) M1g $254.52 (+0.89%) over 3d [19s]
 
  17:37  up 5h12m  scan 0 ------------------------------------------------------------------------
  EQUITY    $247.26  unreal $-4.92
  OPEN      no intraday positions  book holds 12 (BOOK row)  free $219.52
  SHADOW    intraday M1 $269.35 (+6.77%)  M1g $254.52 (+0.89%)  3d paper only
  CARRY     $252.03 (-0.09%)  8 held  paper only
  BOOK      12 pos gross $171.91 (0.69x)  open $-4.92  funding $+0.02  vol 20% top 20
            rebal 2026-09-27
  SESSION   $-1.92 -0.77%  peak $249.84  dd 1.03%
  CURVE     ++++++++++++++++++++++=++==============
  MONTH     book guard $5.55 of $37.92 used  on marked equity  from $252.81  dial 15%
            ####......................
  RECORD    no closed trades yet this run
  LIFETIME  139tr 44W 95L 32%  $+2.18
  FEES      no fills yet this run
  MARKET    bias +0.00  breadth +0.00
  ------------------------------------------------------------------------------------------------
 
 
  17:45  up 5h20m  scan 0 ------------------------------------------------------------------------
  EQUITY    $247.49  unreal $-4.69
  OPEN      no intraday positions  book holds 12 (BOOK row)  free $219.52
  SHADOW    intraday M1 $269.35 (+6.77%)  M1g $254.52 (+0.89%)  3d paper only
  CARRY     $252.03 (-0.09%)  8 held  paper only
  BOOK      12 pos gross $171.64 (0.69x)  open $-4.69  funding $+0.02  vol 20% top 20
            rebal 2026-09-27
  SESSION   $-1.69 -0.68%  peak $249.84  dd 0.94%
  CURVE     ++++++++++++++++++++++=++===============
  MONTH     book guard $5.32 of $37.92 used  on marked equity  from $252.81  dial 15%
            ####......................
  RECORD    no closed trades yet this run
  LIFETIME  139tr 44W 95L 32%  $+2.18
  FEES      no fills yet this run
  MARKET    bias +0.00  breadth +0.00
  ------------------------------------------------------------------------------------------------
 
 
  17:53  up 5h28m  scan 0 ------------------------------------------------------------------------
  EQUITY    $247.35  unreal $-4.83
  OPEN      no intraday positions  book holds 12 (BOOK row)  free $219.52
  SHADOW    intraday M1 $269.35 (+6.77%)  M1g $254.52 (+0.89%)  3d paper only
  CARRY     $252.03 (-0.09%)  8 held  paper only
  BOOK      12 pos gross $171.60 (0.69x)  open $-4.83  funding $+0.02  vol 20% top 20
            rebal 2026-09-27
  SESSION   $-1.83 -0.73%  peak $249.84  dd 1.00%
  CURVE     ++++++++++++++++++++++=++================
  MONTH     book guard $5.46 of $37.92 used  on marked equity  from $252.81  dial 15%
            ####......................
  RECORD    no closed trades yet this run
  LIFETIME  139tr 44W 95L 32%  $+2.18
  FEES      no fills yet this run
  MARKET    bias +0.00  breadth +0.00
  ------------------------------------------------------------------------------------------------
 
 
  18:01  up 5h36m  scan 0 ------------------------------------------------------------------------
  EQUITY    $247.10  unreal $-5.08
  OPEN      no intraday positions  book holds 12 (BOOK row)  free $219.52
  SHADOW    intraday M1 $269.35 (+6.77%)  M1g $254.52 (+0.89%)  3d paper only
  CARRY     $252.03 (-0.09%)  8 held  paper only
  BOOK      12 pos gross $171.71 (0.69x)  open $-5.08  funding $+0.02  vol 20% top 20
            rebal 2026-09-27
  SESSION   $-2.08 -0.83%  peak $249.84  dd 1.10%
  CURVE     +++++++++++++++++++++++++=================
  MONTH     book guard $5.71 of $37.92 used  on marked equity  from $252.81  dial 15%
            ####......................
  RECORD    no closed trades yet this run
  LIFETIME  139tr 44W 95L 32%  $+2.18
  FEES      no fills yet this run
  MARKET    bias +0.00  breadth +0.00
  ------------------------------------------------------------------------------------------------
 
 
  18:09  up 5h44m  scan 0 ------------------------------------------------------------------------
  EQUITY    $247.14  unreal $-5.04
  OPEN      no intraday positions  book holds 12 (BOOK row)  free $219.52
  SHADOW    intraday M1 $269.35 (+6.77%)  M1g $254.52 (+0.89%)  3d paper only
  CARRY     $252.03 (-0.09%)  8 held  paper only
  BOOK      12 pos gross $172.13 (0.70x)  open $-5.04  funding $+0.02  vol 20% top 20
            rebal 2026-09-27
  SESSION   $-2.04 -0.82%  peak $249.84  dd 1.08%
  CURVE     +++++++++++++++++++++++++==================
  MONTH     book guard $5.67 of $37.92 used  on marked equity  from $252.81  dial 15%
            ####......................
  RECORD    no closed trades yet this run
  LIFETIME  139tr 44W 95L 32%  $+2.18
  FEES      no fills yet this run
  MARKET    bias +0.00  breadth +0.00
  ------------------------------------------------------------------------------------------------
 
 
  18:17  up 5h52m  scan 0 ------------------------------------------------------------------------
  EQUITY    $247.31  unreal $-4.87
  OPEN      no intraday positions  book holds 12 (BOOK row)  free $219.52
  SHADOW    intraday M1 $269.35 (+6.77%)  M1g $254.52 (+0.89%)  3d paper only
  CARRY     $252.03 (-0.09%)  8 held  paper only
  BOOK      12 pos gross $171.88 (0.69x)  open $-4.87  funding $+0.02  vol 20% top 20
            rebal 2026-09-27
  SESSION   $-1.87 -0.75%  peak $249.84  dd 1.01%
  CURVE     +++++++++++++++++++++++++===================
  MONTH     book guard $5.50 of $37.92 used  on marked equity  from $252.81  dial 15%
            ####......................
  RECORD    no closed trades yet this run
  LIFETIME  139tr 44W 95L 32%  $+2.18
  FEES      no fills yet this run
  MARKET    bias +0.00  breadth +0.00
  ------------------------------------------------------------------------------------------------
 
 
  18:25  up 6h00m  scan 0 ------------------------------------------------------------------------
  EQUITY    $247.11  unreal $-5.07
  OPEN      no intraday positions  book holds 12 (BOOK row)  free $219.52
  SHADOW    intraday M1 $269.35 (+6.77%)  M1g $254.52 (+0.89%)  3d paper only
  CARRY     $252.03 (-0.09%)  8 held  paper only
  BOOK      12 pos gross $171.59 (0.69x)  open $-5.07  funding $+0.02  vol 20% top 20
            rebal 2026-09-27
  SESSION   $-2.07 -0.83%  peak $249.84  dd 1.09%
  CURVE     +++++++++++++++++++++++++====================
  MONTH     book guard $5.70 of $37.92 used  on marked equity  from $252.81  dial 15%
            ####......................
  RECORD    no closed trades yet this run
  LIFETIME  139tr 44W 95L 32%  $+2.18
  FEES      no fills yet this run
  MARKET    bias +0.00  breadth +0.00
  ------------------------------------------------------------------------------------------------
 
18:32:31 |    👻 C489 shadow hour 13:00 UTC: 39 coins scored (warm-up (14, no flow)), gate shut | M1
    $269.56 (+6.86%) M1g $254.52 (+0.89%) over 3d [18s]
 
  18:33  up 6h08m  scan 0 ------------------------------------------------------------------------
  EQUITY    $247.19  unreal $-4.99
  OPEN      no intraday positions  book holds 12 (BOOK row)  free $219.52
  SHADOW    intraday M1 $269.56 (+6.86%)  M1g $254.52 (+0.89%)  3d paper only
  CARRY     $252.03 (-0.09%)  8 held  paper only
  BOOK      12 pos gross $170.47 (0.69x)  open $-4.99  funding $+0.02  vol 20% top 20
            rebal 2026-09-27
  SESSION   $-1.99 -0.80%  peak $249.84  dd 1.06%
  CURVE     +++++++++++++++++++++++++=====================
  MONTH     book guard $5.62 of $37.92 used  on marked equity  from $252.81  dial 15%
            ####......................
  RECORD    no closed trades yet this run
  LIFETIME  139tr 44W 95L 32%  $+2.18
  FEES      no fills yet this run
  MARKET    bias +0.00  breadth +0.00
  ------------------------------------------------------------------------------------------------
 
 
  18:41  up 6h16m  scan 0 ------------------------------------------------------------------------
  EQUITY    $247.12  unreal $-5.06
  OPEN      no intraday positions  book holds 12 (BOOK row)  free $219.52
  SHADOW    intraday M1 $269.56 (+6.86%)  M1g $254.52 (+0.89%)  3d paper only
  CARRY     $252.03 (-0.09%)  8 held  paper only
  BOOK      12 pos gross $170.34 (0.69x)  open $-5.05  funding $+0.02  vol 20% top 20
            rebal 2026-09-27
  SESSION   $-2.06 -0.83%  peak $249.84  dd 1.09%
  CURVE     +++++++++++++++++++++++++======================
  MONTH     book guard $5.69 of $37.92 used  on marked equity  from $252.81  dial 15%
            ####......................
  RECORD    no closed trades yet this run
  LIFETIME  139tr 44W 95L 32%  $+2.18
  FEES      no fills yet this run
  MARKET    bias +0.00  breadth +0.00
  ------------------------------------------------------------------------------------------------
 
 
  18:49  up 6h24m  scan 0 ------------------------------------------------------------------------
  EQUITY    $247.11  unreal $-5.07
  OPEN      no intraday positions  book holds 12 (BOOK row)  free $219.52
  SHADOW    intraday M1 $269.56 (+6.86%)  M1g $254.52 (+0.89%)  3d paper only
  CARRY     $252.03 (-0.09%)  8 held  paper only
  BOOK      12 pos gross $170.05 (0.69x)  open $-5.07  funding $+0.02  vol 20% top 20
            rebal 2026-09-27
  SESSION   $-2.07 -0.83%  peak $249.84  dd 1.09%
  CURVE     +++++++++++++++++++++++++=======================
  MONTH     book guard $5.70 of $37.92 used  on marked equity  from $252.81  dial 15%
            ####......................
  RECORD    no closed trades yet this run
  LIFETIME  139tr 44W 95L 32%  $+2.18
  FEES      no fills yet this run
  MARKET    bias +0.00  breadth +0.00
  ------------------------------------------------------------------------------------------------
 
 
  18:57  up 6h32m  scan 0 ------------------------------------------------------------------------
  EQUITY    $247.00  unreal $-5.18
  OPEN      no intraday positions  book holds 12 (BOOK row)  free $219.52
  SHADOW    intraday M1 $269.56 (+6.86%)  M1g $254.52 (+0.89%)  3d paper only
  CARRY     $252.03 (-0.09%)  8 held  paper only
  BOOK      12 pos gross $170.61 (0.69x)  open $-5.18  funding $+0.02  vol 20% top 20
            rebal 2026-09-27
  SESSION   $-2.18 -0.87%  peak $249.84  dd 1.14%
  CURVE     +++++++++++++++++++++++++========================
  MONTH     book guard $5.81 of $37.92 used  on marked equity  from $252.81  dial 15%
            ####......................
  RECORD    no closed trades yet this run
  LIFETIME  139tr 44W 95L 32%  $+2.18
  FEES      no fills yet this run
  MARKET    bias +0.00  breadth +0.00
  ------------------------------------------------------------------------------------------------
 
 
  19:05  up 6h40m  scan 0 ------------------------------------------------------------------------
  EQUITY    $247.05  unreal $-5.13
  OPEN      no intraday positions  book holds 12 (BOOK row)  free $219.52
  SHADOW    intraday M1 $269.56 (+6.86%)  M1g $254.52 (+0.89%)  3d paper only
  CARRY     $252.03 (-0.09%)  8 held  paper only
  BOOK      12 pos gross $171.06 (0.69x)  open $-5.13  funding $+0.02  vol 20% top 20
            rebal 2026-09-27
  SESSION   $-2.13 -0.85%  peak $249.84  dd 1.12%
  CURVE     +++++++++++++++++++++++++=========================
  MONTH     book guard $5.76 of $37.92 used  on marked equity  from $252.81  dial 15%
            ####......................
  RECORD    no closed trades yet this run
  LIFETIME  139tr 44W 95L 32%  $+2.18
  FEES      no fills yet this run
  MARKET    bias +0.00  breadth +0.00
  ------------------------------------------------------------------------------------------------
 
 
  19:13  up 6h48m  scan 0 ------------------------------------------------------------------------
  EQUITY    $246.71  unreal $-5.47
  OPEN      no intraday positions  book holds 12 (BOOK row)  free $219.52
  SHADOW    intraday M1 $269.56 (+6.86%)  M1g $254.52 (+0.89%)  3d paper only
  CARRY     $252.03 (-0.09%)  8 held  paper only
  BOOK      12 pos gross $170.70 (0.69x)  open $-5.47  funding $+0.02  vol 20% top 20
            rebal 2026-09-27
  SESSION   $-2.47 -0.99%  peak $249.84  dd 1.25%
  CURVE     +++++++++++++++++++++++++=====+====================
  MONTH     book guard $6.10 of $37.92 used  on marked equity  from $252.81  dial 15%
            ####......................
  RECORD    no closed trades yet this run
  LIFETIME  139tr 44W 95L 32%  $+2.18
  FEES      no fills yet this run
  MARKET    bias +0.00  breadth +0.00
  ------------------------------------------------------------------------------------------------
 
 
  19:21  up 6h56m  scan 0 ------------------------------------------------------------------------
  EQUITY    $246.82  unreal $-5.36
  OPEN      no intraday positions  book holds 12 (BOOK row)  free $219.52
  SHADOW    intraday M1 $269.56 (+6.86%)  M1g $254.52 (+0.89%)  3d paper only
  CARRY     $252.03 (-0.09%)  8 held  paper only
  BOOK      12 pos gross $170.94 (0.69x)  open $-5.36  funding $+0.02  vol 20% top 20
            rebal 2026-09-27
  SESSION   $-2.36 -0.95%  peak $249.84  dd 1.21%
  CURVE     +++++++++++++++++++++++++=====+=====================
  MONTH     book guard $5.99 of $37.92 used  on marked equity  from $252.81  dial 15%
            ####......................
  RECORD    no closed trades yet this run
  LIFETIME  139tr 44W 95L 32%  $+2.18
  FEES      no fills yet this run
  MARKET    bias +0.00  breadth +0.00
  ------------------------------------------------------------------------------------------------
 
 
  19:29  up 7h04m  scan 0 ------------------------------------------------------------------------
  EQUITY    $246.76  unreal $-5.42
  OPEN      no intraday positions  book holds 12 (BOOK row)  free $219.52
  SHADOW    intraday M1 $269.56 (+6.86%)  M1g $254.52 (+0.89%)  3d paper only
  CARRY     $252.03 (-0.09%)  8 held  paper only
  BOOK      12 pos gross $171.55 (0.69x)  open $-5.42  funding $+0.02  vol 20% top 20
            rebal 2026-09-27
  SESSION   $-2.42 -0.97%  peak $249.84  dd 1.23%
  CURVE     +++++++++++++++++++++++++=====+======================
  MONTH     book guard $6.05 of $37.92 used  on marked equity  from $252.81  dial 15%
            ####......................
  RECORD    no closed trades yet this run
  LIFETIME  139tr 44W 95L 32%  $+2.18
  FEES      no fills yet this run
  MARKET    bias +0.00  breadth +0.00
  ------------------------------------------------------------------------------------------------
 
19:32:40 |    👻 C489 shadow hour 14:00 UTC: 39 coins scored (warm-up (14, no flow)), gate shut | M1
    $269.79 (+6.95%) M1g $254.52 (+0.89%) over 3d [18s]
 
  19:37  up 7h12m  scan 0 ------------------------------------------------------------------------
  EQUITY    $246.66  unreal $-5.52
  OPEN      no intraday positions  book holds 12 (BOOK row)  free $219.52
  SHADOW    intraday M1 $269.79 (+6.95%)  M1g $254.52 (+0.89%)  3d paper only
  CARRY     $252.03 (-0.09%)  8 held  paper only
  BOOK      12 pos gross $171.43 (0.69x)  open $-5.52  funding $+0.02  vol 20% top 20
            rebal 2026-09-27
  SESSION   $-2.52 -1.01%  peak $249.84  dd 1.27%
  CURVE     +++++++++++++++++++++++++=====++======================
  MONTH     book guard $6.15 of $37.92 used  on marked equity  from $252.81  dial 15%
            ####......................
  RECORD    no closed trades yet this run
  LIFETIME  139tr 44W 95L 32%  $+2.18
  FEES      no fills yet this run
  MARKET    bias +0.00  breadth +0.00
  ------------------------------------------------------------------------------------------------
 
 
  19:45  up 7h20m  scan 0 ------------------------------------------------------------------------
  EQUITY    $246.61  unreal $-5.57
  OPEN      no intraday positions  book holds 12 (BOOK row)  free $219.52
  SHADOW    intraday M1 $269.79 (+6.95%)  M1g $254.52 (+0.89%)  3d paper only
  CARRY     $252.03 (-0.09%)  8 held  paper only
  BOOK      12 pos gross $171.37 (0.69x)  open $-5.57  funding $+0.02  vol 20% top 20
            rebal 2026-09-27
  SESSION   $-2.57 -1.03%  peak $249.84  dd 1.29%
  CURVE     +++++++++++++++++++++++++=====++=======================
  MONTH     book guard $6.20 of $37.92 used  on marked equity  from $252.81  dial 15%
            ####......................
  RECORD    no closed trades yet this run
  LIFETIME  139tr 44W 95L 32%  $+2.18
  FEES      no fills yet this run
  MARKET    bias +0.00  breadth +0.00
  ------------------------------------------------------------------------------------------------
 
 
  19:53  up 7h28m  scan 0 ------------------------------------------------------------------------
  EQUITY    $246.45  unreal $-5.73
  OPEN      no intraday positions  book holds 12 (BOOK row)  free $219.52
  SHADOW    intraday M1 $269.79 (+6.95%)  M1g $254.52 (+0.89%)  3d paper only
  CARRY     $252.03 (-0.09%)  8 held  paper only
  BOOK      12 pos gross $170.77 (0.69x)  open $-5.73  funding $+0.02  vol 20% top 20
            rebal 2026-09-27
  SESSION   $-2.73 -1.09%  peak $249.84  dd 1.36%
  CURVE     ++++++++++++++++++++++++++====++========================
  MONTH     book guard $6.36 of $37.92 used  on marked equity  from $252.81  dial 15%
            ####......................
  RECORD    no closed trades yet this run
  LIFETIME  139tr 44W 95L 32%  $+2.18
  FEES      no fills yet this run
  MARKET    bias +0.00  breadth +0.00
  ------------------------------------------------------------------------------------------------
 
 
  20:01  up 7h36m  scan 0 ------------------------------------------------------------------------
  EQUITY    $246.15  unreal $-6.03
  OPEN      no intraday positions  book holds 12 (BOOK row)  free $219.52
  SHADOW    intraday M1 $269.79 (+6.95%)  M1g $254.52 (+0.89%)  3d paper only
  CARRY     $252.03 (-0.09%)  8 held  paper only
  BOOK      12 pos gross $170.32 (0.69x)  open $-6.03  funding $+0.02  vol 20% top 20
            rebal 2026-09-27
  SESSION   $-3.03 -1.22%  peak $249.84  dd 1.48%
  CURVE     ++++++++++++++++++++++++++===+++++=======================
  MONTH     book guard $6.66 of $37.92 used  on marked equity  from $252.81  dial 15%
            #####.....................
  RECORD    no closed trades yet this run
  LIFETIME  139tr 44W 95L 32%  $+2.18
  FEES      no fills yet this run
  MARKET    bias +0.00  breadth +0.00
  ------------------------------------------------------------------------------------------------
 
 
  20:09  up 7h44m  scan 0 ------------------------------------------------------------------------
  EQUITY    $246.22  unreal $-5.96
  OPEN      no intraday positions  book holds 12 (BOOK row)  free $219.52
  SHADOW    intraday M1 $269.79 (+6.95%)  M1g $254.52 (+0.89%)  3d paper only
  CARRY     $252.03 (-0.09%)  8 held  paper only
  BOOK      12 pos gross $169.91 (0.69x)  open $-5.96  funding $+0.02  vol 20% top 20
            rebal 2026-09-27
  SESSION   $-2.96 -1.19%  peak $249.84  dd 1.45%
  CURVE     ++++++++++++++++++++++++++===+++++========================
  MONTH     book guard $6.59 of $37.92 used  on marked equity  from $252.81  dial 15%
            #####.....................
  RECORD    no closed trades yet this run
  LIFETIME  139tr 44W 95L 32%  $+2.18
  FEES      no fills yet this run
  MARKET    bias +0.00  breadth +0.00
  ------------------------------------------------------------------------------------------------
 
 
  20:17  up 7h52m  scan 0 ------------------------------------------------------------------------
  EQUITY    $245.84  unreal $-6.34
  OPEN      no intraday positions  book holds 12 (BOOK row)  free $219.52
  SHADOW    intraday M1 $269.79 (+6.95%)  M1g $254.52 (+0.89%)  3d paper only
  CARRY     $252.03 (-0.09%)  8 held  paper only
  BOOK      12 pos gross $170.39 (0.69x)  open $-6.34  funding $+0.02  vol 20% top 20
            rebal 2026-09-27
  SESSION   $-3.34 -1.34%  peak $249.84  dd 1.60%
  CURVE     ++++++++++++++++++++++++++++++++++=========================
  MONTH     book guard $6.97 of $37.92 used  on marked equity  from $252.81  dial 15%
            #####.....................
  RECORD    no closed trades yet this run
  LIFETIME  139tr 44W 95L 32%  $+2.18
  FEES      no fills yet this run
  MARKET    bias +0.00  breadth +0.00
  ------------------------------------------------------------------------------------------------
 
 
  20:25  up 8h00m  scan 0 ------------------------------------------------------------------------
  EQUITY    $245.90  unreal $-6.28
  OPEN      no intraday positions  book holds 12 (BOOK row)  free $219.52
  SHADOW    intraday M1 $269.79 (+6.95%)  M1g $254.52 (+0.89%)  3d paper only
  CARRY     $252.03 (-0.09%)  8 held  paper only
  BOOK      12 pos gross $170.30 (0.69x)  open $-6.28  funding $+0.02  vol 20% top 20
            rebal 2026-09-27
  SESSION   $-3.28 -1.32%  peak $249.84  dd 1.58%
  CURVE     ++++++++++++++++++++++++++++++++++==========================
  MONTH     book guard $6.91 of $37.92 used  on marked equity  from $252.81  dial 15%
            #####.....................
  RECORD    no closed trades yet this run
  LIFETIME  139tr 44W 95L 32%  $+2.18
  FEES      no fills yet this run
  MARKET    bias +0.00  breadth +0.00
  ------------------------------------------------------------------------------------------------
 
20:32:47 |    👻 C489 shadow hour 15:00 UTC: 39 coins scored (warm-up (14, no flow)), gate OPEN | M1
    $269.38 (+6.79%) M1g $254.46 (+0.87%) over 3d [17s]
 
  20:33  up 8h08m  scan 0 ------------------------------------------------------------------------
  EQUITY    $245.70  unreal $-6.48
  OPEN      no intraday positions  book holds 12 (BOOK row)  free $219.52
  SHADOW    intraday M1 $269.38 (+6.79%)  M1g $254.46 (+0.87%)  3d paper only
  CARRY     $252.03 (-0.09%)  8 held  paper only
  BOOK      12 pos gross $169.96 (0.69x)  open $-6.48  funding $+0.02  vol 20% top 20
            rebal 2026-09-27
  SESSION   $-3.48 -1.40%  peak $249.84  dd 1.66%
  CURVE     ++++++++++++++++++++++++++++++++++===========================
  MONTH     book guard $7.11 of $37.92 used  on marked equity  from $252.81  dial 15%
            #####.....................
  RECORD    no closed trades yet this run
  LIFETIME  139tr 44W 95L 32%  $+2.18
  FEES      no fills yet this run
  MARKET    bias +0.00  breadth +0.00
  ------------------------------------------------------------------------------------------------
 
 
  20:41  up 8h16m  scan 0 ------------------------------------------------------------------------
  EQUITY    $245.62  unreal $-6.56
  OPEN      no intraday positions  book holds 12 (BOOK row)  free $219.52
  SHADOW    intraday M1 $269.38 (+6.79%)  M1g $254.46 (+0.87%)  3d paper only
  CARRY     $252.03 (-0.09%)  8 held  paper only
  BOOK      12 pos gross $169.58 (0.69x)  open $-6.56  funding $+0.02  vol 20% top 20
            rebal 2026-09-27
  SESSION   $-3.56 -1.43%  peak $249.84  dd 1.69%
  CURVE     ++++++++++++++++++++++++++++++++++============================
  MONTH     book guard $7.19 of $37.92 used  on marked equity  from $252.81  dial 15%
            #####.....................
  RECORD    no closed trades yet this run
  LIFETIME  139tr 44W 95L 32%  $+2.18
  FEES      no fills yet this run
  MARKET    bias +0.00  breadth +0.00
  ------------------------------------------------------------------------------------------------
 
 
  20:49  up 8h24m  scan 0 ------------------------------------------------------------------------
  EQUITY    $245.62  unreal $-6.56
  OPEN      no intraday positions  book holds 12 (BOOK row)  free $219.52
  SHADOW    intraday M1 $269.38 (+6.79%)  M1g $254.46 (+0.87%)  3d paper only
  CARRY     $252.03 (-0.09%)  8 held  paper only
  BOOK      12 pos gross $169.83 (0.69x)  open $-6.56  funding $+0.02  vol 20% top 20
            rebal 2026-09-27
  SESSION   $-3.56 -1.43%  peak $249.84  dd 1.69%
  CURVE     ++++++++++++++++++++++++++++++++++=============================
  MONTH     book guard $7.19 of $37.92 used  on marked equity  from $252.81  dial 15%
            #####.....................
  RECORD    no closed trades yet this run
  LIFETIME  139tr 44W 95L 32%  $+2.18
  FEES      no fills yet this run
  MARKET    bias +0.00  breadth +0.00
  ------------------------------------------------------------------------------------------------
 
 
  20:57  up 8h32m  scan 0 ------------------------------------------------------------------------
  EQUITY    $245.79  unreal $-6.39
  OPEN      no intraday positions  book holds 12 (BOOK row)  free $219.52
  SHADOW    intraday M1 $269.38 (+6.79%)  M1g $254.46 (+0.87%)  3d paper only
  CARRY     $252.03 (-0.09%)  8 held  paper only
  BOOK      12 pos gross $169.20 (0.69x)  open $-6.39  funding $+0.02  vol 20% top 20
            rebal 2026-09-27
  SESSION   $-3.39 -1.36%  peak $249.84  dd 1.62%
  CURVE     ++++++++++++++++++++++++++++++++++==============================
  MONTH     book guard $7.02 of $37.92 used  on marked equity  from $252.81  dial 15%
            #####.....................
  RECORD    no closed trades yet this run
  LIFETIME  139tr 44W 95L 32%  $+2.18
  FEES      no fills yet this run
  MARKET    bias +0.00  breadth +0.00
  ------------------------------------------------------------------------------------------------
 
 
  21:05  up 8h40m  scan 0 ------------------------------------------------------------------------
  EQUITY    $245.70  unreal $-6.48
  OPEN      no intraday positions  book holds 12 (BOOK row)  free $219.52
  SHADOW    intraday M1 $269.38 (+6.79%)  M1g $254.46 (+0.87%)  3d paper only
  CARRY     $252.03 (-0.09%)  8 held  paper only
  BOOK      12 pos gross $169.61 (0.69x)  open $-6.48  funding $+0.02  vol 20% top 20
            rebal 2026-09-27
  SESSION   $-3.48 -1.40%  peak $249.84  dd 1.66%
  CURVE     ++++++++++++++++++++++++++++++++++===============================
  MONTH     book guard $7.11 of $37.92 used  on marked equity  from $252.81  dial 15%
            #####.....................
  RECORD    no closed trades yet this run
  LIFETIME  139tr 44W 95L 32%  $+2.18
  FEES      no fills yet this run
  MARKET    bias +0.00  breadth +0.00
  ------------------------------------------------------------------------------------------------
 
 
  21:13  up 8h48m  scan 0 ------------------------------------------------------------------------
  EQUITY    $245.72  unreal $-6.46
  OPEN      no intraday positions  book holds 12 (BOOK row)  free $219.52
  SHADOW    intraday M1 $269.38 (+6.79%)  M1g $254.46 (+0.87%)  3d paper only
  CARRY     $252.03 (-0.09%)  8 held  paper only
  BOOK      12 pos gross $169.52 (0.69x)  open $-6.46  funding $+0.02  vol 20% top 20
            rebal 2026-09-27
  SESSION   $-3.46 -1.39%  peak $249.84  dd 1.65%
  CURVE     ++++++++++++++++++++++++++++++++++================================
  MONTH     book guard $7.09 of $37.92 used  on marked equity  from $252.81  dial 15%
            #####.....................
  RECORD    no closed trades yet this run
  LIFETIME  139tr 44W 95L 32%  $+2.18
  FEES      no fills yet this run
  MARKET    bias +0.00  breadth +0.00
  ------------------------------------------------------------------------------------------------
 
 
  21:21  up 8h56m  scan 0 ------------------------------------------------------------------------
  EQUITY    $245.63  unreal $-6.55
  OPEN      no intraday positions  book holds 12 (BOOK row)  free $219.52
  SHADOW    intraday M1 $269.38 (+6.79%)  M1g $254.46 (+0.87%)  3d paper only
  CARRY     $252.03 (-0.09%)  8 held  paper only
  BOOK      12 pos gross $169.90 (0.69x)  open $-6.55  funding $+0.02  vol 20% top 20
            rebal 2026-09-27
  SESSION   $-3.55 -1.42%  peak $249.84  dd 1.69%
  CURVE     ++++++++++++++++++++++++++++++++++=================================
  MONTH     book guard $7.18 of $37.92 used  on marked equity  from $252.81  dial 15%
            #####.....................
  RECORD    no closed trades yet this run
  LIFETIME  139tr 44W 95L 32%  $+2.18
  FEES      no fills yet this run
  MARKET    bias +0.00  breadth +0.00
  ------------------------------------------------------------------------------------------------
 
 
  21:29  up 9h04m  scan 0 ------------------------------------------------------------------------
  EQUITY    $245.44  unreal $-6.74
  OPEN      no intraday positions  book holds 12 (BOOK row)  free $219.52
  SHADOW    intraday M1 $269.38 (+6.79%)  M1g $254.46 (+0.87%)  3d paper only
  CARRY     $252.03 (-0.09%)  8 held  paper only
  BOOK      12 pos gross $170.15 (0.69x)  open $-6.75  funding $+0.02  vol 20% top 20
            rebal 2026-09-27
  SESSION   $-3.74 -1.50%  peak $249.84  dd 1.76%
  CURVE     ++++++++++++++++++++++++++++++++++==================================
  MONTH     book guard $7.37 of $37.92 used  on marked equity  from $252.81  dial 15%
            #####.....................
  RECORD    no closed trades yet this run
  LIFETIME  139tr 44W 95L 32%  $+2.18
  FEES      no fills yet this run
  MARKET    bias +0.00  breadth +0.00
  ------------------------------------------------------------------------------------------------
 
21:32:25 |    👻 C489 shadow hour 16:00 UTC: 39 coins scored (warm-up (14, no flow)), gate shut | M1
    $271.18 (+7.50%) M1g $253.81 (+0.61%) over 3d [18s]
 
  21:37  up 9h12m  scan 0 ------------------------------------------------------------------------
  EQUITY    $245.47  unreal $-6.71
  OPEN      no intraday positions  book holds 12 (BOOK row)  free $219.53
  SHADOW    intraday M1 $271.18 (+7.50%)  M1g $253.81 (+0.61%)  3d paper only
  CARRY     $252.03 (-0.09%)  8 held  paper only
  BOOK      12 pos gross $170.62 (0.69x)  open $-6.71  funding $+0.02  vol 20% top 20
            rebal 2026-09-27
  SESSION   $-3.71 -1.49%  peak $249.84  dd 1.75%
  CURVE     ++++++++++++++++++++++++++++++++++===================================
  MONTH     book guard $7.34 of $37.92 used  on marked equity  from $252.81  dial 15%
            #####.....................
  RECORD    no closed trades yet this run
  LIFETIME  139tr 44W 95L 32%  $+2.18
  FEES      no fills yet this run
  MARKET    bias +0.00  breadth +0.00
  ------------------------------------------------------------------------------------------------
 
 
  21:45  up 9h20m  scan 0 ------------------------------------------------------------------------
  EQUITY    $245.39  unreal $-6.79
  OPEN      no intraday positions  book holds 12 (BOOK row)  free $219.53
  SHADOW    intraday M1 $271.18 (+7.50%)  M1g $253.81 (+0.61%)  3d paper only
  CARRY     $252.03 (-0.09%)  8 held  paper only
  BOOK      12 pos gross $170.53 (0.69x)  open $-6.79  funding $+0.02  vol 20% top 20
            rebal 2026-09-27
  SESSION   $-3.79 -1.52%  peak $249.84  dd 1.78%
  CURVE     ++++++++++++++++++++++++++++++++++====================================
  MONTH     book guard $7.42 of $37.92 used  on marked equity  from $252.81  dial 15%
            #####.....................
  RECORD    no closed trades yet this run
  LIFETIME  139tr 44W 95L 32%  $+2.18
  FEES      no fills yet this run
  MARKET    bias +0.00  breadth +0.00
  ------------------------------------------------------------------------------------------------
 
 
  21:53  up 9h28m  scan 0 ------------------------------------------------------------------------
  EQUITY    $245.22  unreal $-6.96
  OPEN      no intraday positions  book holds 12 (BOOK row)  free $219.53
  SHADOW    intraday M1 $271.18 (+7.50%)  M1g $253.81 (+0.61%)  3d paper only
  CARRY     $252.03 (-0.09%)  8 held  paper only
  BOOK      12 pos gross $170.90 (0.70x)  open $-6.96  funding $+0.02  vol 20% top 20
            rebal 2026-09-27
  SESSION   $-3.96 -1.59%  peak $249.84  dd 1.85%
  CURVE     ++++++++++++++++++++++++++++++++++=+===================================
  MONTH     book guard $7.59 of $37.92 used  on marked equity  from $252.81  dial 15%
            #####.....................
  RECORD    no closed trades yet this run
  LIFETIME  139tr 44W 95L 32%  $+2.18
  FEES      no fills yet this run
  MARKET    bias +0.00  breadth +0.00
  ------------------------------------------------------------------------------------------------
 
 
  22:01  up 9h36m  scan 0 ------------------------------------------------------------------------
  EQUITY    $244.98  unreal $-7.20
  OPEN      no intraday positions  book holds 12 (BOOK row)  free $219.53
  SHADOW    intraday M1 $271.18 (+7.50%)  M1g $253.81 (+0.61%)  3d paper only
  CARRY     $252.03 (-0.09%)  8 held  paper only
  BOOK      12 pos gross $170.70 (0.70x)  open $-7.20  funding $+0.02  vol 20% top 20
            rebal 2026-09-27
  SESSION   $-4.20 -1.68%  peak $249.84  dd 1.95%
  CURVE     +++++++***++++++++++++++++++++++++=+++=+===============================-
  MONTH     book guard $7.83 of $37.92 used  on marked equity  from $252.81  dial 15%
            #####.....................
  RECORD    no closed trades yet this run
  LIFETIME  139tr 44W 95L 32%  $+2.18
  FEES      no fills yet this run
  MARKET    bias +0.00  breadth +0.00
  ------------------------------------------------------------------------------------------------
 
 
  22:09  up 9h44m  scan 0 ------------------------------------------------------------------------
  EQUITY    $244.74  unreal $-7.44
  OPEN      no intraday positions  book holds 12 (BOOK row)  free $219.53
  SHADOW    intraday M1 $271.18 (+7.50%)  M1g $253.81 (+0.61%)  3d paper only
  CARRY     $252.03 (-0.09%)  8 held  paper only
  BOOK      12 pos gross $170.87 (0.70x)  open $-7.44  funding $+0.02  vol 20% top 20
            rebal 2026-09-27
  SESSION   $-4.44 -1.78%  peak $249.84  dd 2.04%
  CURVE     +++++++***++++++++++++++++++++++++=+++=++==+============================-
  MONTH     book guard $8.07 of $37.92 used  on marked equity  from $252.81  dial 15%
            ######....................
  RECORD    no closed trades yet this run
  LIFETIME  139tr 44W 95L 32%  $+2.18
  FEES      no fills yet this run
  MARKET    bias +0.00  breadth +0.00
  ------------------------------------------------------------------------------------------------
 
 
  22:17  up 9h52m  scan 0 ------------------------------------------------------------------------
  EQUITY    $244.75  unreal $-7.43
  OPEN      no intraday positions  book holds 12 (BOOK row)  free $219.53
  SHADOW    intraday M1 $271.18 (+7.50%)  M1g $253.81 (+0.61%)  3d paper only
  CARRY     $252.03 (-0.09%)  8 held  paper only
  BOOK      12 pos gross $170.87 (0.70x)  open $-7.43  funding $+0.02  vol 20% top 20
            rebal 2026-09-27
  SESSION   $-4.43 -1.78%  peak $249.84  dd 2.04%
  CURVE     +++++++***++++++++++++++++++++++++=+++=++==+============================--
  MONTH     book guard $8.06 of $37.92 used  on marked equity  from $252.81  dial 15%
            ######....................
  RECORD    no closed trades yet this run
  LIFETIME  139tr 44W 95L 32%  $+2.18
  FEES      no fills yet this run
  MARKET    bias +0.00  breadth +0.00
  ------------------------------------------------------------------------------------------------
 
 
  22:25  up 10h00m  scan 0 -----------------------------------------------------------------------
  EQUITY    $244.88  unreal $-7.30
  OPEN      no intraday positions  book holds 12 (BOOK row)  free $219.53
  SHADOW    intraday M1 $271.18 (+7.50%)  M1g $253.81 (+0.61%)  3d paper only
  CARRY     $252.03 (-0.09%)  8 held  paper only
  BOOK      12 pos gross $170.40 (0.70x)  open $-7.30  funding $+0.02  vol 20% top 20
            rebal 2026-09-27
  SESSION   $-4.30 -1.72%  peak $249.84  dd 1.99%
  CURVE     +++++++***++++++++++++++++++++++++=+++=++==+============================---
  MONTH     book guard $7.93 of $37.92 used  on marked equity  from $252.81  dial 15%
            #####.....................
  RECORD    no closed trades yet this run
  LIFETIME  139tr 44W 95L 32%  $+2.18
  FEES      no fills yet this run
  MARKET    bias +0.00  breadth +0.00
  ------------------------------------------------------------------------------------------------
 
22:32:33 |    👻 C489 shadow hour 17:00 UTC: 39 coins scored (warm-up (14, no flow)), gate shut | M1
    $272.45 (+8.00%) M1g $254.33 (+0.82%) over 3d [17s]
 
  22:33  up 10h08m  scan 0 -----------------------------------------------------------------------
  EQUITY    $245.05  unreal $-7.13
  OPEN      no intraday positions  book holds 12 (BOOK row)  free $219.53
  SHADOW    intraday M1 $272.45 (+8.00%)  M1g $254.33 (+0.82%)  3d paper only
  CARRY     $252.03 (-0.09%)  8 held  paper only
  BOOK      12 pos gross $170.75 (0.70x)  open $-7.13  funding $+0.02  vol 20% top 20
            rebal 2026-09-27
  SESSION   $-4.13 -1.66%  peak $249.84  dd 1.92%
  CURVE     +++++++***++++++++++++++++++++++++=+++=++==+============================---=
  MONTH     book guard $7.76 of $37.92 used  on marked equity  from $252.81  dial 15%
            #####.....................
  RECORD    no closed trades yet this run
  LIFETIME  139tr 44W 95L 32%  $+2.18
  FEES      no fills yet this run
  MARKET    bias +0.00  breadth +0.00
  ------------------------------------------------------------------------------------------------
 
 
  22:41  up 10h16m  scan 0 -----------------------------------------------------------------------
  EQUITY    $244.85  unreal $-7.33
  OPEN      no intraday positions  book holds 12 (BOOK row)  free $219.53
  SHADOW    intraday M1 $272.45 (+8.00%)  M1g $254.33 (+0.82%)  3d paper only
  CARRY     $252.03 (-0.09%)  8 held  paper only
  BOOK      12 pos gross $170.79 (0.70x)  open $-7.33  funding $+0.02  vol 20% top 20
            rebal 2026-09-27
  SESSION   $-4.33 -1.74%  peak $249.84  dd 2.00%
  CURVE     +++++++***++++++++++++++++++++++++=+++=++==+============================---=-
  MONTH     book guard $7.96 of $37.92 used  on marked equity  from $252.81  dial 15%
            #####.....................
  RECORD    no closed trades yet this run
  LIFETIME  139tr 44W 95L 32%  $+2.18
  FEES      no fills yet this run
  MARKET    bias +0.00  breadth +0.00
  ------------------------------------------------------------------------------------------------
 
 
  22:49  up 10h24m  scan 0 -----------------------------------------------------------------------
  EQUITY    $244.96  unreal $-7.22
  OPEN      no intraday positions  book holds 12 (BOOK row)  free $219.53
  SHADOW    intraday M1 $272.45 (+8.00%)  M1g $254.33 (+0.82%)  3d paper only
  CARRY     $252.03 (-0.09%)  8 held  paper only
  BOOK      12 pos gross $170.89 (0.70x)  open $-7.22  funding $+0.02  vol 20% top 20
            rebal 2026-09-27
  SESSION   $-4.22 -1.69%  peak $249.84  dd 1.95%
  CURVE     +++++++***++++++++++++++++++++++++=+++=++==+============================---=-=
  MONTH     book guard $7.85 of $37.92 used  on marked equity  from $252.81  dial 15%
            #####.....................
  RECORD    no closed trades yet this run
  LIFETIME  139tr 44W 95L 32%  $+2.18
  FEES      no fills yet this run
  MARKET    bias +0.00  breadth +0.00
  ------------------------------------------------------------------------------------------------
 
 
  22:57  up 10h32m  scan 0 -----------------------------------------------------------------------
  EQUITY    $245.00  unreal $-7.18
  OPEN      no intraday positions  book holds 12 (BOOK row)  free $219.53
  SHADOW    intraday M1 $272.45 (+8.00%)  M1g $254.33 (+0.82%)  3d paper only
  CARRY     $252.03 (-0.09%)  8 held  paper only
  BOOK      12 pos gross $170.72 (0.70x)  open $-7.18  funding $+0.02  vol 20% top 20
            rebal 2026-09-27
  SESSION   $-4.18 -1.68%  peak $249.84  dd 1.94%
  CURVE     +++++++***++++++++++++++++++++++++=+++=++==+============================---=-==
  MONTH     book guard $7.81 of $37.92 used  on marked equity  from $252.81  dial 15%
            #####.....................
  RECORD    no closed trades yet this run
  LIFETIME  139tr 44W 95L 32%  $+2.18
  FEES      no fills yet this run
  MARKET    bias +0.00  breadth +0.00
  ------------------------------------------------------------------------------------------------
 
 
  23:05  up 10h40m  scan 0 -----------------------------------------------------------------------
  EQUITY    $245.29  unreal $-6.89
  OPEN      no intraday positions  book holds 12 (BOOK row)  free $219.53
  SHADOW    intraday M1 $272.45 (+8.00%)  M1g $254.33 (+0.82%)  3d paper only
  CARRY     $252.03 (-0.09%)  8 held  paper only
  BOOK      12 pos gross $170.62 (0.70x)  open $-6.89  funding $+0.02  vol 20% top 20
            rebal 2026-09-27
  SESSION   $-3.89 -1.56%  peak $249.84  dd 1.82%
  CURVE     +++++++***++++++++++++++++++++++++=+++=++==+============================---=-===
  MONTH     book guard $7.52 of $37.92 used  on marked equity  from $252.81  dial 15%
            #####.....................
  RECORD    no closed trades yet this run
  LIFETIME  139tr 44W 95L 32%  $+2.18
  FEES      no fills yet this run
  MARKET    bias +0.00  breadth +0.00
  ------------------------------------------------------------------------------------------------
 
 
  23:13  up 10h48m  scan 0 -----------------------------------------------------------------------
  EQUITY    $245.31  unreal $-6.87
  OPEN      no intraday positions  book holds 12 (BOOK row)  free $219.53
  SHADOW    intraday M1 $272.45 (+8.00%)  M1g $254.33 (+0.82%)  3d paper only
  CARRY     $252.03 (-0.09%)  8 held  paper only
  BOOK      12 pos gross $170.52 (0.69x)  open $-6.87  funding $+0.02  vol 20% top 20
            rebal 2026-09-27
  SESSION   $-3.87 -1.55%  peak $249.84  dd 1.81%
  CURVE     +++++++***++++++++++++++++++++++++=+++=++==+============================---=-====
  MONTH     book guard $7.50 of $37.92 used  on marked equity  from $252.81  dial 15%
            #####.....................
  RECORD    no closed trades yet this run
  LIFETIME  139tr 44W 95L 32%  $+2.18
  FEES      no fills yet this run
  MARKET    bias +0.00  breadth +0.00
  ------------------------------------------------------------------------------------------------
 
 
  23:21  up 10h56m  scan 0 -----------------------------------------------------------------------
  EQUITY    $245.27  unreal $-6.91
  OPEN      no intraday positions  book holds 12 (BOOK row)  free $219.53
  SHADOW    intraday M1 $272.45 (+8.00%)  M1g $254.33 (+0.82%)  3d paper only
  CARRY     $252.03 (-0.09%)  8 held  paper only
  BOOK      12 pos gross $171.03 (0.70x)  open $-6.91  funding $+0.02  vol 20% top 20
            rebal 2026-09-27
  SESSION   $-3.91 -1.57%  peak $249.84  dd 1.83%
  CURVE     +++++++***++++++++++++++++++++++++=+++=++==+============================---=-=====
  MONTH     book guard $7.54 of $37.92 used  on marked equity  from $252.81  dial 15%
            #####.....................
  RECORD    no closed trades yet this run
  LIFETIME  139tr 44W 95L 32%  $+2.18
  FEES      no fills yet this run
  MARKET    bias +0.00  breadth +0.00
  ------------------------------------------------------------------------------------------------
 
 
  23:29  up 11h04m  scan 0 -----------------------------------------------------------------------
  EQUITY    $245.02  unreal $-7.16
  OPEN      no intraday positions  book holds 12 (BOOK row)  free $219.53
  SHADOW    intraday M1 $272.45 (+8.00%)  M1g $254.33 (+0.82%)  3d paper only
  CARRY     $252.03 (-0.09%)  8 held  paper only
  BOOK      12 pos gross $171.26 (0.70x)  open $-7.16  funding $+0.02  vol 20% top 20
            rebal 2026-09-27
  SESSION   $-4.16 -1.67%  peak $249.84  dd 1.93%
  CURVE     +++++++***++++++++++++++++++++++++=+++=++==+============================---=-======
  MONTH     book guard $7.79 of $37.92 used  on marked equity  from $252.81  dial 15%
            #####.....................
  RECORD    no closed trades yet this run
  LIFETIME  139tr 44W 95L 32%  $+2.18
  FEES      no fills yet this run
  MARKET    bias +0.00  breadth +0.00
  ------------------------------------------------------------------------------------------------
 
23:32:42 |    👻 C489 shadow hour 18:00 UTC: 39 coins scored (warm-up (14, no flow)), gate shut | M1
    $271.76 (+7.73%) M1g $254.10 (+0.73%) over 3d [17s]
 
  23:37  up 11h12m  scan 0 -----------------------------------------------------------------------
  EQUITY    $245.13  unreal $-7.05
  OPEN      no intraday positions  book holds 12 (BOOK row)  free $219.53
  SHADOW    intraday M1 $271.76 (+7.73%)  M1g $254.10 (+0.73%)  3d paper only
  CARRY     $252.03 (-0.09%)  8 held  paper only
  BOOK      12 pos gross $171.16 (0.70x)  open $-7.05  funding $+0.02  vol 20% top 20
            rebal 2026-09-27
  SESSION   $-4.05 -1.62%  peak $249.84  dd 1.89%
  CURVE     +++++++***++++++++++++++++++++++++=+++=++==+============================---=-=======
  MONTH     book guard $7.68 of $37.92 used  on marked equity  from $252.81  dial 15%
            #####.....................
  RECORD    no closed trades yet this run
  LIFETIME  139tr 44W 95L 32%  $+2.18
  FEES      no fills yet this run
  MARKET    bias +0.00  breadth +0.00
  ------------------------------------------------------------------------------------------------
 
 
  23:45  up 11h20m  scan 0 -----------------------------------------------------------------------
  EQUITY    $244.61  unreal $-7.57
  OPEN      no intraday positions  book holds 12 (BOOK row)  free $219.53
  SHADOW    intraday M1 $271.76 (+7.73%)  M1g $254.10 (+0.73%)  3d paper only
  CARRY     $252.03 (-0.09%)  8 held  paper only
  BOOK      12 pos gross $172.42 (0.70x)  open $-7.57  funding $+0.02  vol 20% top 20
            rebal 2026-09-27
  SESSION   $-4.57 -1.83%  peak $249.84  dd 2.09%
  CURVE     +++++++****++++++++++++++++++++++++++++++==+============================---=-=======-
  MONTH     book guard $8.20 of $37.92 used  on marked equity  from $252.81  dial 15%
            ######....................
  RECORD    no closed trades yet this run
  LIFETIME  139tr 44W 95L 32%  $+2.18
  FEES      no fills yet this run
  MARKET    bias +0.00  breadth +0.00
  ------------------------------------------------------------------------------------------------
 
 
  23:53  up 11h28m  scan 0 -----------------------------------------------------------------------
  EQUITY    $244.85  unreal $-7.33
  OPEN      no intraday positions  book holds 12 (BOOK row)  free $219.53
  SHADOW    intraday M1 $271.76 (+7.73%)  M1g $254.10 (+0.73%)  3d paper only
  CARRY     $252.03 (-0.09%)  8 held  paper only
  BOOK      12 pos gross $172.73 (0.70x)  open $-7.33  funding $+0.02  vol 20% top 20
            rebal 2026-09-27
  SESSION   $-4.33 -1.74%  peak $249.84  dd 2.00%
  CURVE     +++++++****++++++++++++++++++++++++++++++==+============================---=-=======--
  MONTH     book guard $7.96 of $37.92 used  on marked equity  from $252.81  dial 15%
            #####.....................
  RECORD    no closed trades yet this run
  LIFETIME  139tr 44W 95L 32%  $+2.18
  FEES      no fills yet this run
  MARKET    bias +0.00  breadth +0.00
  ------------------------------------------------------------------------------------------------
 
 
  00:01  up 11h36m  scan 0 -----------------------------------------------------------------------
  EQUITY    $245.05  unreal $-7.13
  OPEN      no intraday positions  book holds 12 (BOOK row)  free $219.53
  SHADOW    intraday M1 $271.76 (+7.73%)  M1g $254.10 (+0.73%)  3d paper only
  CARRY     $252.03 (-0.09%)  8 held  paper only
  BOOK      12 pos gross $172.59 (0.70x)  open $-7.12  funding $+0.02  vol 20% top 20
            rebal 2026-09-27
  SESSION   $-4.13 -1.66%  peak $249.84  dd 1.92%
  CURVE     +++++++****++++++++++++++++++++++++++++++==============================---=-=======--=
  MONTH     book guard $7.76 of $37.92 used  on marked equity  from $252.81  dial 15%
            #####.....................
  RECORD    no closed trades yet this run
  LIFETIME  139tr 44W 95L 32%  $+2.18
  FEES      no fills yet this run
  MARKET    bias +0.00  breadth +0.00
  ------------------------------------------------------------------------------------------------
 
 
  00:09  up 11h44m  scan 0 -----------------------------------------------------------------------
  EQUITY    $245.45  unreal $-6.73
  OPEN      no intraday positions  book holds 12 (BOOK row)  free $219.53
  SHADOW    intraday M1 $271.76 (+7.73%)  M1g $254.10 (+0.73%)  3d paper only
  CARRY     $252.03 (-0.09%)  8 held  paper only
  BOOK      12 pos gross $172.28 (0.70x)  open $-6.73  funding $+0.02  vol 20% top 20
            rebal 2026-09-27
  SESSION   $-3.73 -1.50%  peak $249.84  dd 1.76%
  CURVE     +++++++****+++++++++++++++++++++++++++++==+===========================---=-=======--==
  MONTH     book guard $7.36 of $37.92 used  on marked equity  from $252.81  dial 15%
            #####.....................
  RECORD    no closed trades yet this run
  LIFETIME  139tr 44W 95L 32%  $+2.18
  FEES      no fills yet this run
  MARKET    bias +0.00  breadth +0.00
  ------------------------------------------------------------------------------------------------
 
 
  00:17  up 11h52m  scan 0 -----------------------------------------------------------------------
  EQUITY    $245.12  unreal $-7.06
  OPEN      no intraday positions  book holds 12 (BOOK row)  free $219.53
  SHADOW    intraday M1 $271.76 (+7.73%)  M1g $254.10 (+0.73%)  3d paper only
  CARRY     $252.03 (-0.09%)  8 held  paper only
  BOOK      12 pos gross $173.08 (0.71x)  open $-7.07  funding $+0.02  vol 20% top 20
            rebal 2026-09-27
  SESSION   $-4.06 -1.63%  peak $249.84  dd 1.89%
  CURVE     +++++++****+++++++++++++++++++++++++++++==+===========================--=-=======--===
  MONTH     book guard $7.69 of $37.92 used  on marked equity  from $252.81  dial 15%
            #####.....................
  RECORD    no closed trades yet this run
  LIFETIME  139tr 44W 95L 32%  $+2.18
  FEES      no fills yet this run
  MARKET    bias +0.00  breadth +0.00
  ------------------------------------------------------------------------------------------------
 
 
  00:25  up 12h00m  scan 0 -----------------------------------------------------------------------
  EQUITY    $245.16  unreal $-7.02
  OPEN      no intraday positions  book holds 12 (BOOK row)  free $219.53
  SHADOW    intraday M1 $271.76 (+7.73%)  M1g $254.10 (+0.73%)  3d paper only
  CARRY     $252.03 (-0.09%)  8 held  paper only
  BOOK      12 pos gross $173.44 (0.71x)  open $-7.02  funding $+0.02  vol 20% top 20
            rebal 2026-09-27
  SESSION   $-4.02 -1.61%  peak $249.84  dd 1.87%
  CURVE     +++++++****++++++++++++++++++++++++++++==+===========================---=-======--====
  MONTH     book guard $7.65 of $37.92 used  on marked equity  from $252.81  dial 15%
            #####.....................
  RECORD    no closed trades yet this run
  LIFETIME  139tr 44W 95L 32%  $+2.18
  FEES      no fills yet this run
  MARKET    bias +0.00  breadth +0.00
  ------------------------------------------------------------------------------------------------
 
00:32:21 |    👻 C489 shadow hour 19:00 UTC: 39 coins scored (warm-up (14, no flow)), gate shut | M1
    $271.08 (+7.46%) M1g $253.98 (+0.68%) over 3d [16s]
 
  00:33  up 12h08m  scan 0 -----------------------------------------------------------------------
  EQUITY    $245.50  unreal $-6.68
  OPEN      no intraday positions  book holds 12 (BOOK row)  free $219.53
  SHADOW    intraday M1 $271.08 (+7.46%)  M1g $253.98 (+0.68%)  3d paper only
  CARRY     $252.03 (-0.09%)  8 held  paper only
  BOOK      12 pos gross $172.58 (0.70x)  open $-6.68  funding $+0.02  vol 20% top 20
            rebal 2026-09-27
  SESSION   $-3.68 -1.48%  peak $249.84  dd 1.74%
  CURVE     +++++++***+++++++++++++++++++++++++++++==+==========================---=-======--=====
  MONTH     book guard $7.31 of $37.92 used  on marked equity  from $252.81  dial 15%
            #####.....................
  RECORD    no closed trades yet this run
  LIFETIME  139tr 44W 95L 32%  $+2.18
  FEES      no fills yet this run
  MARKET    bias +0.00  breadth +0.00
  ------------------------------------------------------------------------------------------------
 
 
  00:41  up 12h16m  scan 0 -----------------------------------------------------------------------
  EQUITY    $245.51  unreal $-6.67
  OPEN      no intraday positions  book holds 12 (BOOK row)  free $219.53
  SHADOW    intraday M1 $271.08 (+7.46%)  M1g $253.98 (+0.68%)  3d paper only
  CARRY     $252.03 (-0.09%)  8 held  paper only
  BOOK      12 pos gross $172.95 (0.70x)  open $-6.67  funding $+0.02  vol 20% top 20
            rebal 2026-09-27
  SESSION   $-3.67 -1.47%  peak $249.84  dd 1.73%
  CURVE     +++++++***++++++++++++++++++++++++++++==+==========================---=-======--======
  MONTH     book guard $7.30 of $37.92 used  on marked equity  from $252.81  dial 15%
            #####.....................
  RECORD    no closed trades yet this run
  LIFETIME  139tr 44W 95L 32%  $+2.18
  FEES      no fills yet this run
  MARKET    bias +0.00  breadth +0.00
  ------------------------------------------------------------------------------------------------
 
 
  00:49  up 12h24m  scan 0 -----------------------------------------------------------------------
  EQUITY    $245.44  unreal $-6.74
  OPEN      no intraday positions  book holds 12 (BOOK row)  free $219.53
  SHADOW    intraday M1 $271.08 (+7.46%)  M1g $253.98 (+0.68%)  3d paper only
  CARRY     $252.03 (-0.09%)  8 held  paper only
  BOOK      12 pos gross $173.41 (0.71x)  open $-6.74  funding $+0.02  vol 20% top 20
            rebal 2026-09-27
  SESSION   $-3.74 -1.50%  peak $249.84  dd 1.76%
  CURVE     +++++++***+*++++++++++++++++++++++++++==+==========================-==-=======-=======
  MONTH     book guard $7.37 of $37.92 used  on marked equity  from $252.81  dial 15%
            #####.....................
  RECORD    no closed trades yet this run
  LIFETIME  139tr 44W 95L 32%  $+2.18
  FEES      no fills yet this run
  MARKET    bias +0.00  breadth +0.00
  ------------------------------------------------------------------------------------------------
 
 
  00:57  up 12h32m  scan 0 -----------------------------------------------------------------------
  EQUITY    $245.68  unreal $-6.50
  OPEN      no intraday positions  book holds 12 (BOOK row)  free $219.53
  SHADOW    intraday M1 $271.08 (+7.46%)  M1g $253.98 (+0.68%)  3d paper only
  CARRY     $252.03 (-0.09%)  8 held  paper only
  BOOK      12 pos gross $172.50 (0.70x)  open $-6.50  funding $+0.02  vol 20% top 20
            rebal 2026-09-27
  SESSION   $-3.50 -1.40%  peak $249.84  dd 1.67%
  CURVE     ++++++****++++++++++++++++++++++++++++=+==========================---========--=======
  MONTH     book guard $7.13 of $37.92 used  on marked equity  from $252.81  dial 15%
            #####.....................
  RECORD    no closed trades yet this run
  LIFETIME  139tr 44W 95L 32%  $+2.18
  FEES      no fills yet this run
  MARKET    bias +0.00  breadth +0.00
  ------------------------------------------------------------------------------------------------
 
 
  01:05  up 12h40m  scan 0 -----------------------------------------------------------------------
  EQUITY    $245.72  unreal $-6.46
  OPEN      no intraday positions  book holds 12 (BOOK row)  free $219.53
  SHADOW    intraday M1 $271.08 (+7.46%)  M1g $253.98 (+0.68%)  3d paper only
  CARRY     $252.03 (-0.09%)  8 held  paper only
  BOOK      12 pos gross $172.41 (0.70x)  open $-6.46  funding $+0.02  vol 20% top 20
            rebal 2026-09-27
  SESSION   $-3.46 -1.39%  peak $249.84  dd 1.65%
  CURVE     ++++++****+++++++++++++++++++++++++++==+=========================---=-======--========
  MONTH     book guard $7.09 of $37.92 used  on marked equity  from $252.81  dial 15%
            #####.....................
  RECORD    no closed trades yet this run
  LIFETIME  139tr 44W 95L 32%  $+2.18
  FEES      no fills yet this run
  MARKET    bias +0.00  breadth +0.00
  ------------------------------------------------------------------------------------------------
 
 
  01:13  up 12h48m  scan 0 -----------------------------------------------------------------------
  EQUITY    $245.79  unreal $-6.39
  OPEN      no intraday positions  book holds 12 (BOOK row)  free $219.53
  SHADOW    intraday M1 $271.08 (+7.46%)  M1g $253.98 (+0.68%)  3d paper only
  CARRY     $252.03 (-0.09%)  8 held  paper only
  BOOK      12 pos gross $172.44 (0.70x)  open $-6.39  funding $+0.02  vol 20% top 20
            rebal 2026-09-27
  SESSION   $-3.39 -1.36%  peak $249.84  dd 1.62%
  CURVE     ++++++****+++++++++++++++++++++++++++===========================---=-======--=========
  MONTH     book guard $7.02 of $37.92 used  on marked equity  from $252.81  dial 15%
            #####.....................
  RECORD    no closed trades yet this run
  LIFETIME  139tr 44W 95L 32%  $+2.18
  FEES      no fills yet this run
  MARKET    bias +0.00  breadth +0.00
  ------------------------------------------------------------------------------------------------
 
 
  01:21  up 12h56m  scan 0 -----------------------------------------------------------------------
  EQUITY    $245.70  unreal $-6.48
  OPEN      no intraday positions  book holds 12 (BOOK row)  free $219.53
  SHADOW    intraday M1 $271.08 (+7.46%)  M1g $253.98 (+0.68%)  3d paper only
  CARRY     $252.03 (-0.09%)  8 held  paper only
  BOOK      12 pos gross $172.37 (0.70x)  open $-6.48  funding $+0.02  vol 20% top 20
            rebal 2026-09-27
  SESSION   $-3.48 -1.40%  peak $249.84  dd 1.66%
  CURVE     ++++++****++++++++++++++++++++++++++==+=========================--=-======--==========
  MONTH     book guard $7.11 of $37.92 used  on marked equity  from $252.81  dial 15%
            #####.....................
  RECORD    no closed trades yet this run
  LIFETIME  139tr 44W 95L 32%  $+2.18
  FEES      no fills yet this run
  MARKET    bias +0.00  breadth +0.00
  ------------------------------------------------------------------------------------------------
 
 
  01:29  up 13h04m  scan 0 -----------------------------------------------------------------------
  EQUITY    $245.78  unreal $-6.40
  OPEN      no intraday positions  book holds 12 (BOOK row)  free $219.53
  SHADOW    intraday M1 $271.08 (+7.46%)  M1g $253.98 (+0.68%)  3d paper only
  CARRY     $252.03 (-0.09%)  8 held  paper only
  BOOK      12 pos gross $172.24 (0.70x)  open $-6.40  funding $+0.02  vol 20% top 20
            rebal 2026-09-27
  SESSION   $-3.40 -1.36%  peak $249.84  dd 1.63%
  CURVE     ++++++****++++++++++++++++++++++++++==+========================---=-======-===========
  MONTH     book guard $7.03 of $37.92 used  on marked equity  from $252.81  dial 15%
            #####.....................
  RECORD    no closed trades yet this run
  LIFETIME  139tr 44W 95L 32%  $+2.18
  FEES      no fills yet this run
  MARKET    bias +0.00  breadth +0.00
  ------------------------------------------------------------------------------------------------
 
01:32:32 |    👻 C489 shadow hour 20:00 UTC: 39 coins scored (warm-up (14, no flow)), gate shut | M1
    $271.54 (+7.64%) M1g $253.98 (+0.68%) over 3d [18s]
 
  01:37  up 13h12m  scan 0 -----------------------------------------------------------------------
  EQUITY    $245.82  unreal $-6.37
  OPEN      no intraday positions  book holds 12 (BOOK row)  free $219.53
  SHADOW    intraday M1 $271.54 (+7.64%)  M1g $253.98 (+0.68%)  3d paper only
  CARRY     $252.03 (-0.09%)  8 held  paper only
  BOOK      12 pos gross $172.60 (0.70x)  open $-6.37  funding $+0.02  vol 20% top 20
            rebal 2026-09-27
  SESSION   $-3.36 -1.35%  peak $249.84  dd 1.61%
  CURVE     ++++++****++++++++++++++++++++++++++=+=========================--=-======--===========
  MONTH     book guard $6.99 of $37.92 used  on marked equity  from $252.81  dial 15%
            #####.....................
  RECORD    no closed trades yet this run
  LIFETIME  139tr 44W 95L 32%  $+2.19
  FEES      no fills yet this run
  MARKET    bias +0.00  breadth +0.00
  ------------------------------------------------------------------------------------------------
 
 
  01:45  up 13h20m  scan 0 -----------------------------------------------------------------------
  EQUITY    $245.85  unreal $-6.34
  OPEN      no intraday positions  book holds 12 (BOOK row)  free $219.53
  SHADOW    intraday M1 $271.54 (+7.64%)  M1g $253.98 (+0.68%)  3d paper only
  CARRY     $252.03 (-0.09%)  8 held  paper only
  BOOK      12 pos gross $173.17 (0.70x)  open $-6.34  funding $+0.02  vol 20% top 20
            rebal 2026-09-27
  SESSION   $-3.33 -1.34%  peak $249.84  dd 1.60%
  CURVE     ++++++****+++++++++++++++++++++++++==+========================--=-======--============
  MONTH     book guard $6.96 of $37.92 used  on marked equity  from $252.81  dial 15%
            #####.....................
  RECORD    no closed trades yet this run
  LIFETIME  139tr 44W 95L 32%  $+2.19
  FEES      no fills yet this run
  MARKET    bias +0.00  breadth +0.00
  ------------------------------------------------------------------------------------------------
 
 
  01:53  up 13h28m  scan 0 -----------------------------------------------------------------------
  EQUITY    $245.89  unreal $-6.30
  OPEN      no intraday positions  book holds 12 (BOOK row)  free $219.53
  SHADOW    intraday M1 $271.54 (+7.64%)  M1g $253.98 (+0.68%)  3d paper only
  CARRY     $252.03 (-0.09%)  8 held  paper only
  BOOK      12 pos gross $172.13 (0.70x)  open $-6.30  funding $+0.02  vol 20% top 20
            rebal 2026-09-27
  SESSION   $-3.29 -1.32%  peak $249.84  dd 1.58%
  CURVE     ++++++***++++++++++++++++++++++++++==========================---=-=====--=============
  MONTH     book guard $6.92 of $37.92 used  on marked equity  from $252.81  dial 15%
            #####.....................
  RECORD    no closed trades yet this run
  LIFETIME  139tr 44W 95L 32%  $+2.19
  FEES      no fills yet this run
  MARKET    bias +0.00  breadth +0.00
  ------------------------------------------------------------------------------------------------
 
 
  02:01  up 13h36m  scan 0 -----------------------------------------------------------------------
  EQUITY    $245.84  unreal $-6.35
  OPEN      no intraday positions  book holds 12 (BOOK row)  free $219.53
  SHADOW    intraday M1 $271.54 (+7.64%)  M1g $253.98 (+0.68%)  3d paper only
  CARRY     $252.03 (-0.09%)  8 held  paper only
  BOOK      12 pos gross $172.22 (0.70x)  open $-6.35  funding $+0.02  vol 20% top 20
            rebal 2026-09-27
  SESSION   $-3.34 -1.34%  peak $249.84  dd 1.60%
  CURVE     ++++++***++++++++++++++++++++++++++=+========================--=-======-==============
  MONTH     book guard $6.97 of $37.92 used  on marked equity  from $252.81  dial 15%
            #####.....................
  RECORD    no closed trades yet this run
  LIFETIME  139tr 44W 95L 32%  $+2.19
  FEES      no fills yet this run
  MARKET    bias +0.00  breadth +0.00
  ------------------------------------------------------------------------------------------------
 
 
  02:09  up 13h44m  scan 0 -----------------------------------------------------------------------
  EQUITY    $245.54  unreal $-6.65
  OPEN      no intraday positions  book holds 12 (BOOK row)  free $219.53
  SHADOW    intraday M1 $271.54 (+7.64%)  M1g $253.98 (+0.68%)  3d paper only
  CARRY     $252.03 (-0.09%)  8 held  paper only
  BOOK      12 pos gross $172.44 (0.70x)  open $-6.65  funding $+0.02  vol 20% top 20
            rebal 2026-09-27
  SESSION   $-3.64 -1.46%  peak $249.84  dd 1.72%
  CURVE     ++++++***+++++++++++++++++++++++++==+=======================----======--==============
  MONTH     book guard $7.27 of $37.92 used  on marked equity  from $252.81  dial 15%
            #####.....................
  RECORD    no closed trades yet this run
  LIFETIME  139tr 44W 95L 32%  $+2.19
  FEES      no fills yet this run
  MARKET    bias +0.00  breadth +0.00
  ------------------------------------------------------------------------------------------------
 
 
  02:17  up 13h52m  scan 0 -----------------------------------------------------------------------
  EQUITY    $245.45  unreal $-6.74
  OPEN      no intraday positions  book holds 12 (BOOK row)  free $219.53
  SHADOW    intraday M1 $271.54 (+7.64%)  M1g $253.98 (+0.68%)  3d paper only
  CARRY     $252.03 (-0.09%)  8 held  paper only
  BOOK      12 pos gross $172.48 (0.70x)  open $-6.74  funding $+0.02  vol 20% top 20
            rebal 2026-09-27
  SESSION   $-3.73 -1.50%  peak $249.84  dd 1.76%
  CURVE     ++++++***+++++++++++++++++++++++++==========================--=-=====--===============
  MONTH     book guard $7.36 of $37.92 used  on marked equity  from $252.81  dial 15%
            #####.....................
  RECORD    no closed trades yet this run
  LIFETIME  139tr 44W 95L 32%  $+2.19
  FEES      no fills yet this run
  MARKET    bias +0.00  breadth +0.00
  ------------------------------------------------------------------------------------------------
 
 
  02:25  up 14h00m  scan 0 -----------------------------------------------------------------------
  EQUITY    $245.57  unreal $-6.62
  OPEN      no intraday positions  book holds 12 (BOOK row)  free $219.53
  SHADOW    intraday M1 $271.54 (+7.64%)  M1g $253.98 (+0.68%)  3d paper only
  CARRY     $252.03 (-0.09%)  8 held  paper only
  BOOK      12 pos gross $171.88 (0.70x)  open $-6.62  funding $+0.02  vol 20% top 20
            rebal 2026-09-27
  SESSION   $-3.61 -1.45%  peak $249.84  dd 1.71%
  CURVE     ++++++***+++++++++++++++++++++++++=+=======================--=-======-================
  MONTH     book guard $7.24 of $37.92 used  on marked equity  from $252.81  dial 15%
            #####.....................
  RECORD    no closed trades yet this run
  LIFETIME  139tr 44W 95L 32%  $+2.19
  FEES      no fills yet this run
  MARKET    bias +0.00  breadth +0.00
  ------------------------------------------------------------------------------------------------
 
02:32:39 |    👻 C489 shadow hour 21:00 UTC: 39 coins scored (warm-up (14, no flow)), gate shut | M1
    $270.76 (+7.33%) M1g $253.98 (+0.68%) over 3d [17s]
 
  02:33  up 14h08m  scan 0 -----------------------------------------------------------------------
  EQUITY    $245.59  unreal $-6.60
  OPEN      no intraday positions  book holds 12 (BOOK row)  free $219.53
  SHADOW    intraday M1 $270.76 (+7.33%)  M1g $253.98 (+0.68%)  3d paper only
  CARRY     $252.03 (-0.09%)  8 held  paper only
  BOOK      12 pos gross $172.33 (0.70x)  open $-6.60  funding $+0.02  vol 20% top 20
            rebal 2026-09-27
  SESSION   $-3.59 -1.44%  peak $249.84  dd 1.70%
  CURVE     ++++++***++++++++++++++++++++++++==+======================---=======--================
  MONTH     book guard $7.22 of $37.92 used  on marked equity  from $252.81  dial 15%
            #####.....................
  RECORD    no closed trades yet this run
  LIFETIME  139tr 44W 95L 32%  $+2.19
  FEES      no fills yet this run
  MARKET    bias +0.00  breadth +0.00
  ------------------------------------------------------------------------------------------------
 
 
  02:41  up 14h16m  scan 0 -----------------------------------------------------------------------
  EQUITY    $245.37  unreal $-6.82
  OPEN      no intraday positions  book holds 12 (BOOK row)  free $219.53
  SHADOW    intraday M1 $270.76 (+7.33%)  M1g $253.98 (+0.68%)  3d paper only
  CARRY     $252.03 (-0.09%)  8 held  paper only
  BOOK      12 pos gross $172.65 (0.70x)  open $-6.82  funding $+0.02  vol 20% top 20
            rebal 2026-09-27
  SESSION   $-3.81 -1.53%  peak $249.84  dd 1.79%
  CURVE     ++++++***++++++++++++++++++++++++=========================--=-=====--=================
  MONTH     book guard $7.44 of $37.92 used  on marked equity  from $252.81  dial 15%
            #####.....................
  RECORD    no closed trades yet this run
  LIFETIME  139tr 44W 95L 32%  $+2.19
  FEES      no fills yet this run
  MARKET    bias +0.00  breadth +0.00
  ------------------------------------------------------------------------------------------------
 
 
  02:49  up 14h24m  scan 0 -----------------------------------------------------------------------
  EQUITY    $245.69  unreal $-6.50
  OPEN      no intraday positions  book holds 12 (BOOK row)  free $219.53
  SHADOW    intraday M1 $270.76 (+7.33%)  M1g $253.98 (+0.68%)  3d paper only
  CARRY     $252.03 (-0.09%)  8 held  paper only
  BOOK      12 pos gross $172.77 (0.70x)  open $-6.50  funding $+0.02  vol 20% top 20
            rebal 2026-09-27
  SESSION   $-3.49 -1.40%  peak $249.84  dd 1.66%
  CURVE     ++++++***++++++++++++++++++++++++=+======================--=-======-==================
  MONTH     book guard $7.12 of $37.92 used  on marked equity  from $252.81  dial 15%
            #####.....................
  RECORD    no closed trades yet this run
  LIFETIME  139tr 44W 95L 32%  $+2.19
  FEES      no fills yet this run
  MARKET    bias +0.00  breadth +0.00
  ------------------------------------------------------------------------------------------------
 
 
  02:57  up 14h32m  scan 0 -----------------------------------------------------------------------
  EQUITY    $245.67  unreal $-6.52
  OPEN      no intraday positions  book holds 12 (BOOK row)  free $219.53
  SHADOW    intraday M1 $270.76 (+7.33%)  M1g $253.98 (+0.68%)  3d paper only
  CARRY     $252.03 (-0.09%)  8 held  paper only
  BOOK      12 pos gross $172.56 (0.70x)  open $-6.52  funding $+0.02  vol 20% top 20
            rebal 2026-09-27
  SESSION   $-3.51 -1.41%  peak $249.84  dd 1.67%
  CURVE     ++++++***+++++++++++++++++++++++==+======================-==-=====--==================
  MONTH     book guard $7.14 of $37.92 used  on marked equity  from $252.81  dial 15%
            #####.....................
  RECORD    no closed trades yet this run
  LIFETIME  139tr 44W 95L 32%  $+2.19
  FEES      no fills yet this run
  MARKET    bias +0.00  breadth +0.00
  ------------------------------------------------------------------------------------------------
 
 
  03:05  up 14h40m  scan 0 -----------------------------------------------------------------------
  EQUITY    $245.75  unreal $-6.44
  OPEN      no intraday positions  book holds 12 (BOOK row)  free $219.53
  SHADOW    intraday M1 $270.76 (+7.33%)  M1g $253.98 (+0.68%)  3d paper only
  CARRY     $252.03 (-0.09%)  8 held  paper only
  BOOK      12 pos gross $172.40 (0.70x)  open $-6.44  funding $+0.02  vol 20% top 20
            rebal 2026-09-27
  SESSION   $-3.43 -1.38%  peak $249.84  dd 1.64%
  CURVE     ++++++***+++++++++++++++++++++++========================----======-===================
  MONTH     book guard $7.06 of $37.92 used  on marked equity  from $252.81  dial 15%
            #####.....................
  RECORD    no closed trades yet this run
  LIFETIME  139tr 44W 95L 32%  $+2.19
  FEES      no fills yet this run
  MARKET    bias +0.00  breadth +0.00
  ------------------------------------------------------------------------------------------------
 
 
  03:13  up 14h48m  scan 0 -----------------------------------------------------------------------
  EQUITY    $245.39  unreal $-6.80
  OPEN      no intraday positions  book holds 12 (BOOK row)  free $219.53
  SHADOW    intraday M1 $270.76 (+7.33%)  M1g $253.98 (+0.68%)  3d paper only
  CARRY     $252.03 (-0.09%)  8 held  paper only
  BOOK      12 pos gross $172.22 (0.70x)  open $-6.80  funding $+0.02  vol 20% top 20
            rebal 2026-09-27
  SESSION   $-3.79 -1.52%  peak $249.84  dd 1.78%
  CURVE     ++++++****++++++++++++++++++++++=+======================-==-=====--===================
  MONTH     book guard $7.42 of $37.92 used  on marked equity  from $252.81  dial 15%
            #####.....................
  RECORD    no closed trades yet this run
  LIFETIME  139tr 44W 95L 32%  $+2.19
  FEES      no fills yet this run
  MARKET    bias +0.00  breadth +0.00
  ------------------------------------------------------------------------------------------------
 
 
  03:21  up 14h56m  scan 0 -----------------------------------------------------------------------
  EQUITY    $245.00  unreal $-7.19
  OPEN      no intraday positions  book holds 12 (BOOK row)  free $219.53
  SHADOW    intraday M1 $270.76 (+7.33%)  M1g $253.98 (+0.68%)  3d paper only
  CARRY     $252.03 (-0.09%)  8 held  paper only
  BOOK      12 pos gross $172.73 (0.70x)  open $-7.19  funding $+0.02  vol 20% top 20
            rebal 2026-09-27
  SESSION   $-4.18 -1.68%  peak $249.84  dd 1.94%
  CURVE     +++++****+++++++++++++++++++++++=+=====================----=====--====================
  MONTH     book guard $7.81 of $37.92 used  on marked equity  from $252.81  dial 15%
            #####.....................
  RECORD    no closed trades yet this run
  LIFETIME  139tr 44W 95L 32%  $+2.19
  FEES      no fills yet this run
  MARKET    bias +0.00  breadth +0.00
  ------------------------------------------------------------------------------------------------
 
 
  03:29  up 15h04m  scan 0 -----------------------------------------------------------------------
  EQUITY    $245.36  unreal $-6.83
  OPEN      no intraday positions  book holds 12 (BOOK row)  free $219.53
  SHADOW    intraday M1 $270.76 (+7.33%)  M1g $253.98 (+0.68%)  3d paper only
  CARRY     $252.03 (-0.09%)  8 held  paper only
  BOOK      12 pos gross $172.50 (0.70x)  open $-6.83  funding $+0.02  vol 20% top 20
            rebal 2026-09-27
  SESSION   $-3.82 -1.53%  peak $249.84  dd 1.79%
  CURVE     +++++***+++++++++++++++++++++++==+=====================--=-=====-=====================
  MONTH     book guard $7.45 of $37.92 used  on marked equity  from $252.81  dial 15%
            #####.....................
  RECORD    no closed trades yet this run
  LIFETIME  139tr 44W 95L 32%  $+2.19
  FEES      no fills yet this run
  MARKET    bias +0.00  breadth +0.00
  ------------------------------------------------------------------------------------------------
 
03:32:17 |    👻 C489 shadow hour 22:00 UTC: 39 coins scored (warm-up (14, no flow)), gate shut | M1
    $267.49 (+6.04%) M1g $253.98 (+0.68%) over 3d [17s]
 
  03:37  up 15h12m  scan 0 -----------------------------------------------------------------------
  EQUITY    $245.46  unreal $-6.73
  OPEN      no intraday positions  book holds 12 (BOOK row)  free $219.53
  SHADOW    intraday M1 $267.49 (+6.04%)  M1g $253.98 (+0.68%)  3d paper only
  CARRY     $252.03 (-0.09%)  8 held  paper only
  BOOK      12 pos gross $171.37 (0.70x)  open $-6.73  funding $+0.02  vol 20% top 20
            rebal 2026-09-27
  SESSION   $-3.72 -1.49%  peak $249.84  dd 1.75%
  CURVE     +++++***+++++++++++++++++++++++=+=====================----=====--=====================
  MONTH     book guard $7.35 of $37.92 used  on marked equity  from $252.81  dial 15%
            #####.....................
  RECORD    no closed trades yet this run
  LIFETIME  139tr 44W 95L 32%  $+2.19
  FEES      no fills yet this run
  MARKET    bias +0.00  breadth +0.00
  ------------------------------------------------------------------------------------------------
 
 
  03:45  up 15h20m  scan 0 -----------------------------------------------------------------------
  EQUITY    $245.38  unreal $-6.81
  OPEN      no intraday positions  book holds 12 (BOOK row)  free $219.53
  SHADOW    intraday M1 $267.49 (+6.04%)  M1g $253.98 (+0.68%)  3d paper only
  CARRY     $252.03 (-0.09%)  8 held  paper only
  BOOK      12 pos gross $170.06 (0.69x)  open $-6.81  funding $+0.02  vol 20% top 20
            rebal 2026-09-27
  SESSION   $-3.80 -1.52%  peak $249.84  dd 1.79%
  CURVE     +++++***+++++++++++++++++++++++=+=====================--=-=====-======================
  MONTH     book guard $7.43 of $37.92 used  on marked equity  from $252.81  dial 15%
            #####.....................
  RECORD    no closed trades yet this run
  LIFETIME  139tr 44W 95L 32%  $+2.19
  FEES      no fills yet this run
  MARKET    bias +0.00  breadth +0.00
  ------------------------------------------------------------------------------------------------
 
 
  03:53  up 15h28m  scan 0 -----------------------------------------------------------------------
  EQUITY    $245.32  unreal $-6.87
  OPEN      no intraday positions  book holds 12 (BOOK row)  free $219.53
  SHADOW    intraday M1 $267.49 (+6.04%)  M1g $253.98 (+0.68%)  3d paper only
  CARRY     $252.03 (-0.09%)  8 held  paper only
  BOOK      12 pos gross $171.17 (0.70x)  open $-6.87  funding $+0.02  vol 20% top 20
            rebal 2026-09-27
  SESSION   $-3.86 -1.55%  peak $249.84  dd 1.81%
  CURVE     +++++***++++++++++++++++++++++==+====================----=====--======================
  MONTH     book guard $7.49 of $37.92 used  on marked equity  from $252.81  dial 15%
            #####.....................
  RECORD    no closed trades yet this run
  LIFETIME  139tr 44W 95L 32%  $+2.19
  FEES      no fills yet this run
  MARKET    bias +0.00  breadth +0.00
  ------------------------------------------------------------------------------------------------
 
 
  04:01  up 15h36m  scan 0 -----------------------------------------------------------------------
  EQUITY    $245.41  unreal $-6.78
  OPEN      no intraday positions  book holds 12 (BOOK row)  free $219.53
  SHADOW    intraday M1 $267.49 (+6.04%)  M1g $253.98 (+0.68%)  3d paper only
  CARRY     $252.03 (-0.09%)  8 held  paper only
  BOOK      12 pos gross $170.89 (0.70x)  open $-6.78  funding $+0.02  vol 20% top 20
            rebal 2026-09-27
  SESSION   $-3.77 -1.51%  peak $249.84  dd 1.77%
  CURVE     +++++**++++++++++++++++++=++=+=======================--=-=====-=======================
  MONTH     book guard $7.40 of $37.92 used  on marked equity  from $252.81  dial 15%
            #####.....................
  RECORD    no closed trades yet this run
  LIFETIME  139tr 44W 95L 32%  $+2.19
  FEES      no fills yet this run
  MARKET    bias +0.00  breadth +0.00
  ------------------------------------------------------------------------------------------------
 
 
  04:09  up 15h44m  scan 0 -----------------------------------------------------------------------
  EQUITY    $245.37  unreal $-6.82
  OPEN      no intraday positions  book holds 12 (BOOK row)  free $219.53
  SHADOW    intraday M1 $267.49 (+6.04%)  M1g $253.98 (+0.68%)  3d paper only
  CARRY     $252.03 (-0.09%)  8 held  paper only
  BOOK      12 pos gross $170.33 (0.69x)  open $-6.82  funding $+0.02  vol 20% top 20
            rebal 2026-09-27
  SESSION   $-3.81 -1.53%  peak $249.84  dd 1.79%
  CURVE     +++++***++++++++++++++++++++++=+====================----=====--=======================
  MONTH     book guard $7.44 of $37.92 used  on marked equity  from $252.81  dial 15%
            #####.....................
  RECORD    no closed trades yet this run
  LIFETIME  139tr 44W 95L 32%  $+2.19
  FEES      no fills yet this run
  MARKET    bias +0.00  breadth +0.00
  ------------------------------------------------------------------------------------------------
 
 
  04:17  up 15h52m  scan 0 -----------------------------------------------------------------------
  EQUITY    $245.43  unreal $-6.76
  OPEN      no intraday positions  book holds 12 (BOOK row)  free $219.53
  SHADOW    intraday M1 $267.49 (+6.04%)  M1g $253.98 (+0.68%)  3d paper only
  CARRY     $252.03 (-0.09%)  8 held  paper only
  BOOK      12 pos gross $169.87 (0.69x)  open $-6.76  funding $+0.02  vol 20% top 20
            rebal 2026-09-27
  SESSION   $-3.75 -1.50%  peak $249.84  dd 1.77%
  CURVE     +++++**+++++++++++++++++++++++=+====================--=-=====-========================
  MONTH     book guard $7.38 of $37.92 used  on marked equity  from $252.81  dial 15%
            #####.....................
  RECORD    no closed trades yet this run
  LIFETIME  139tr 44W 95L 32%  $+2.19
  FEES      no fills yet this run
  MARKET    bias +0.00  breadth +0.00
  ------------------------------------------------------------------------------------------------
 
 
  04:25  up 16h00m  scan 0 -----------------------------------------------------------------------
  EQUITY    $245.19  unreal $-7.00
  OPEN      no intraday positions  book holds 12 (BOOK row)  free $219.53
  SHADOW    intraday M1 $267.49 (+6.04%)  M1g $253.98 (+0.68%)  3d paper only
  CARRY     $252.03 (-0.09%)  8 held  paper only
  BOOK      12 pos gross $170.80 (0.70x)  open $-7.00  funding $+0.02  vol 20% top 20
            rebal 2026-09-27
  SESSION   $-3.99 -1.60%  peak $249.84  dd 1.86%
  CURVE     +++++***+++++++++++++++++++++==+====================---=====--========================
  MONTH     book guard $7.62 of $37.92 used  on marked equity  from $252.81  dial 15%
            #####.....................
  RECORD    no closed trades yet this run
  LIFETIME  139tr 44W 95L 32%  $+2.19
  FEES      no fills yet this run
  MARKET    bias +0.00  breadth +0.00
  ------------------------------------------------------------------------------------------------
 
04:32:31 |    👻 C489 shadow hour 23:00 UTC: 38 coins scored (warm-up (14, no flow)), gate shut | M1
    $259.99 (+3.06%) M1g $253.98 (+0.68%) over 3d [19s]
 
  04:33  up 16h08m  scan 0 -----------------------------------------------------------------------
  EQUITY    $245.15  unreal $-7.04
  OPEN      no intraday positions  book holds 12 (BOOK row)  free $219.53
  SHADOW    intraday M1 $259.99 (+3.06%)  M1g $253.98 (+0.68%)  3d paper only
  CARRY     $252.03 (-0.09%)  8 held  paper only
  BOOK      12 pos gross $171.15 (0.70x)  open $-7.04  funding $+0.02  vol 20% top 20
            rebal 2026-09-27
  SESSION   $-4.03 -1.62%  peak $249.84  dd 1.88%
  CURVE     +++++**+++++++++++++++++=++=+======================--=-=====-=========================
  MONTH     book guard $7.66 of $37.92 used  on marked equity  from $252.81  dial 15%
            #####.....................
  RECORD    no closed trades yet this run
  LIFETIME  139tr 44W 95L 32%  $+2.19
  FEES      no fills yet this run
  MARKET    bias +0.00  breadth +0.00
  ------------------------------------------------------------------------------------------------
 
 
  04:41  up 16h16m  scan 0 -----------------------------------------------------------------------
  EQUITY    $245.22  unreal $-6.97
  OPEN      no intraday positions  book holds 12 (BOOK row)  free $219.53
  SHADOW    intraday M1 $259.99 (+3.06%)  M1g $253.98 (+0.68%)  3d paper only
  CARRY     $252.03 (-0.09%)  8 held  paper only
  BOOK      12 pos gross $170.56 (0.70x)  open $-6.97  funding $+0.02  vol 20% top 20
            rebal 2026-09-27
  SESSION   $-3.96 -1.59%  peak $249.84  dd 1.85%
  CURVE     +++++***+++++++++++++++++++++=+====================--======--=========================
  MONTH     book guard $7.59 of $37.92 used  on marked equity  from $252.81  dial 15%
            #####.....................
  RECORD    no closed trades yet this run
  LIFETIME  139tr 44W 95L 32%  $+2.19
  FEES      no fills yet this run
  MARKET    bias +0.00  breadth +0.00
  ------------------------------------------------------------------------------------------------
 
 
  04:49  up 16h24m  scan 0 -----------------------------------------------------------------------
  EQUITY    $245.35  unreal $-6.84
  OPEN      no intraday positions  book holds 12 (BOOK row)  free $219.53
  SHADOW    intraday M1 $259.99 (+3.06%)  M1g $253.98 (+0.68%)  3d paper only
  CARRY     $252.03 (-0.09%)  8 held  paper only
  BOOK      12 pos gross $171.06 (0.70x)  open $-6.84  funding $+0.02  vol 20% top 20
            rebal 2026-09-27
  SESSION   $-3.83 -1.54%  peak $249.84  dd 1.80%
  CURVE     +++++**+++++++++++++++++=++++=+===================--=-=====-==========================
  MONTH     book guard $7.46 of $37.92 used  on marked equity  from $252.81  dial 15%
            #####.....................
  RECORD    no closed trades yet this run
  LIFETIME  139tr 44W 95L 32%  $+2.19
  FEES      no fills yet this run
  MARKET    bias +0.00  breadth +0.00
  ------------------------------------------------------------------------------------------------
 
 
  04:57  up 16h32m  scan 0 -----------------------------------------------------------------------
  EQUITY    $245.61  unreal $-6.58
  OPEN      no intraday positions  book holds 12 (BOOK row)  free $219.53
  SHADOW    intraday M1 $259.99 (+3.06%)  M1g $253.98 (+0.68%)  3d paper only
  CARRY     $252.03 (-0.09%)  8 held  paper only
  BOOK      12 pos gross $171.18 (0.70x)  open $-6.58  funding $+0.02  vol 20% top 20
            rebal 2026-09-27
  SESSION   $-3.57 -1.43%  peak $249.84  dd 1.69%
  CURVE     +++++***++++++++++++++++++++==+===================--======--==========================
  MONTH     book guard $7.20 of $37.92 used  on marked equity  from $252.81  dial 15%
            #####.....................
  RECORD    no closed trades yet this run
  LIFETIME  139tr 44W 95L 32%  $+2.19
  FEES      no fills yet this run
  MARKET    bias +0.00  breadth +0.00
  ------------------------------------------------------------------------------------------------
 
 
  05:05  up 16h40m  scan 0 -----------------------------------------------------------------------
  EQUITY    $245.54  unreal $-6.65
  OPEN      no intraday positions  book holds 12 (BOOK row)  free $219.53
  SHADOW    intraday M1 $259.99 (+3.06%)  M1g $253.98 (+0.68%)  3d paper only
  CARRY     $252.03 (-0.09%)  8 held  paper only
  BOOK      12 pos gross $171.08 (0.70x)  open $-6.65  funding $+0.02  vol 20% top 20
            rebal 2026-09-27
  SESSION   $-3.64 -1.46%  peak $249.84  dd 1.72%
  CURVE     +++++**++++++++++++++++=++=+======================----====-===========================
  MONTH     book guard $7.27 of $37.92 used  on marked equity  from $252.81  dial 15%
            #####.....................
  RECORD    no closed trades yet this run
  LIFETIME  139tr 44W 95L 32%  $+2.19
  FEES      no fills yet this run
  MARKET    bias +0.00  breadth +0.00
  ------------------------------------------------------------------------------------------------
 
 
  05:13  up 16h48m  scan 0 -----------------------------------------------------------------------
  EQUITY    $245.39  unreal $-6.80
  OPEN      no intraday positions  book holds 12 (BOOK row)  free $219.53
  SHADOW    intraday M1 $259.99 (+3.06%)  M1g $253.98 (+0.68%)  3d paper only
  CARRY     $252.03 (-0.09%)  8 held  paper only
  BOOK      12 pos gross $170.93 (0.70x)  open $-6.80  funding $+0.02  vol 20% top 20
            rebal 2026-09-27
  SESSION   $-3.79 -1.52%  peak $249.84  dd 1.78%
  CURVE     +++++***++++++++++++++++++++=+===================--=-====--===========================
  MONTH     book guard $7.42 of $37.92 used  on marked equity  from $252.81  dial 15%
            #####.....................
  RECORD    no closed trades yet this run
  LIFETIME  139tr 44W 95L 32%  $+2.19
  FEES      no fills yet this run
  MARKET    bias +0.00  breadth +0.00
  ------------------------------------------------------------------------------------------------
 
 
  05:21  up 16h56m  scan 0 -----------------------------------------------------------------------
  EQUITY    $245.24  unreal $-6.95
  OPEN      no intraday positions  book holds 12 (BOOK row)  free $219.53
  SHADOW    intraday M1 $259.99 (+3.06%)  M1g $253.98 (+0.68%)  3d paper only
  CARRY     $252.03 (-0.09%)  8 held  paper only
  BOOK      12 pos gross $171.59 (0.70x)  open $-6.95  funding $+0.02  vol 20% top 20
            rebal 2026-09-27
  SESSION   $-3.94 -1.58%  peak $249.84  dd 1.84%
  CURVE     +++++***++++++++++++++++++++=+===================---=====-============================
  MONTH     book guard $7.57 of $37.92 used  on marked equity  from $252.81  dial 15%
            #####.....................
  RECORD    no closed trades yet this run
  LIFETIME  139tr 44W 95L 32%  $+2.19
  FEES      no fills yet this run
  MARKET    bias +0.00  breadth +0.00
  ------------------------------------------------------------------------------------------------
 
 
  05:29  up 17h04m  scan 0 -----------------------------------------------------------------------
  EQUITY    $245.21  unreal $-6.98
  OPEN      no intraday positions  book holds 12 (BOOK row)  free $219.53
  SHADOW    intraday M1 $259.99 (+3.06%)  M1g $253.98 (+0.68%)  3d paper only
  CARRY     $252.03 (-0.09%)  8 held  paper only
  BOOK      12 pos gross $171.51 (0.70x)  open $-6.99  funding $+0.02  vol 20% top 20
            rebal 2026-09-27
  SESSION   $-3.97 -1.59%  peak $249.84  dd 1.85%
  CURVE     +++++***++++++++++++++++++++=+==================--=-====--============================
  MONTH     book guard $7.60 of $37.92 used  on marked equity  from $252.81  dial 15%
            #####.....................
  RECORD    no closed trades yet this run
  LIFETIME  139tr 44W 95L 32%  $+2.19
  FEES      no fills yet this run
  MARKET    bias +0.00  breadth +0.00
  ------------------------------------------------------------------------------------------------
 
05:32:36 |    👻 C489 shadow hour 00:00 UTC: 37 coins scored (warm-up (14, no flow)), gate shut | M1
    $262.05 (+3.88%) M1g $253.98 (+0.68%) over 4d [17s]
05:35:53 |    📋 C488 PLAN 2026-09-28: 80 candidates, 20 eligible, eq $245.22 | ETH +21.02 C1/C3, WLD
    -15.28 C2/C3, SOL +13.74 C1/C3, PUMP -12.12 C1/C2/C3, PEPE +8.35 C1/C2, LINK -8.12 C1/C2, UNI
    +7.44 C1/C2, ZEC +6.57 C1/C3, NEAR +6.39 C1/C2 | under $6: 12 (TAO -5.85, ENA -5.21, ARB +4.22,
    BNB +3.50, BTC +3.26, XRP +2.06, DOGE +1.96, ADA +1.70)
05:35:53 |    📋 C488 CANDIDATES (80 with history): 2Z AAVE ADA APT ARB ARK ARX ASTER ATOM AVAX BCH
    BGB BNB BR BTC BTW DASH DOGE DOT ENA ETC ETH ETHFI FARTCOIN FET FIL GRAM GRASS GRT HBAR HYPE ICP
    INJ JASMY JTO JUP KAS LINK LSK LTC MARSCOIN MUBARAK NEAR NIL ONDO ONE OP PENGU PEPE PHA PONS
    PUMP PYTH Q QNT RARE RAY RENDER RUNE SEI SHIB SOL SOON SUI TAO TIA TRUMP UNI US USELESS VIRTUAL
    W WLD XLM XPL XRP ZEC ZRO 牛来 龙虾
05:35:53 |    💼 C488 daily: SELL ARB 27.81 @ $0.226420 ($6.30; fee $0.004; realised $+0.121) ->
    holding +0
05:35:54 |    💼 C488 daily: BUY ENA 29 @ $0.271440 ($7.87; fee $0.005; realised $-0.058) -> holding
    +0
05:35:54 |    💼 C488 daily: BUY PUMP 2122 @ $0.00518400 ($11.00; fee $0.007; realised $-2.048) ->
    holding -2341
05:35:54 |    💼 C488 daily: SELL SOL 0.1 @ $121.87 ($12.19; fee $0.007; realised $+0.179) -> holding
    +0.1
05:35:54 |    💼 C488 daily: BUY TAO 0.027 @ $318.66 ($8.60; fee $0.005; realised $+0.042) -> holding
    +0
05:35:54 | 💼 C488 REBALANCE (daily): 9 positions targeted, gross 0.40x of $245.22, 5 trades $45.96,
    top 20, vol target 20.0% [35s]
 
  05:37  up 17h12m  scan 0 -----------------------------------------------------------------------
  EQUITY    $245.19  unreal $-5.20
  OPEN      no intraday positions  book holds 9 (BOOK row)  free $226.45
  SHADOW    intraday M1 $262.05 (+3.88%)  M1g $253.98 (+0.68%)  4d paper only
  CARRY     $252.03 (-0.09%)  8 held  paper only
  BOOK      9 pos gross $125.27 (0.51x)  open $-5.20  funding $+0.02  vol 20% top 20
            rebal 2026-09-28
  SESSION   $-3.99 -1.60%  peak $249.84  dd 1.86%
  CURVE     +++++**+*++++++++++++++++++=====================-=======-=============================
  MONTH     book guard $7.62 of $37.92 used  on marked equity  from $252.81  dial 15%
            #####.....................
  RECORD    no closed trades yet this run
  LIFETIME  139tr 44W 95L 32%  $+0.39
  FEES      no fills yet this run
  MARKET    bias +0.00  breadth +0.00
  ------------------------------------------------------------------------------------------------
 
05:40:53 |    💱 C490 carry (paper ledger) 2026-09-28: day +0.09 -> $252.12 (-0.06%) | 8 held, 19 of
    37 eligible above 10%/yr [24s]
 
  05:45  up 17h20m  scan 0 -----------------------------------------------------------------------
  EQUITY    $245.36  unreal $-5.03
  OPEN      no intraday positions  book holds 9 (BOOK row)  free $226.45
  SHADOW    intraday M1 $262.05 (+3.88%)  M1g $253.98 (+0.68%)  4d paper only
  CARRY     $252.12 (-0.06%)  8 held  paper only
  BOOK      9 pos gross $125.11 (0.51x)  open $-5.03  funding $+0.02  vol 20% top 20
            rebal 2026-09-28
  SESSION   $-3.82 -1.53%  peak $249.84  dd 1.79%
  CURVE     +++++**++++++++++++++++++=+=====================---=====-=============================
  MONTH     book guard $7.45 of $37.92 used  on marked equity  from $252.81  dial 15%
            #####.....................
  RECORD    no closed trades yet this run
  LIFETIME  139tr 44W 95L 32%  $+0.39
  FEES      no fills yet this run
  MARKET    bias +0.00  breadth +0.00
  ------------------------------------------------------------------------------------------------
 
 
  05:53  up 17h28m  scan 0 -----------------------------------------------------------------------
  EQUITY    $245.49  unreal $-4.90
  OPEN      no intraday positions  book holds 9 (BOOK row)  free $226.45
  SHADOW    intraday M1 $262.05 (+3.88%)  M1g $253.98 (+0.68%)  4d paper only
  CARRY     $252.12 (-0.06%)  8 held  paper only
  BOOK      9 pos gross $126.19 (0.51x)  open $-4.90  funding $+0.02  vol 20% top 20
            rebal 2026-09-28
  SESSION   $-3.69 -1.48%  peak $249.84  dd 1.74%
  CURVE     +++++**+*++++++++++++++++++=+==================--=-====-==============================
  MONTH     book guard $7.32 of $37.92 used  on marked equity  from $252.81  dial 15%
            #####.....................
  RECORD    no closed trades yet this run
  LIFETIME  139tr 44W 95L 32%  $+0.39
  FEES      no fills yet this run
  MARKET    bias +0.00  breadth +0.00
  ------------------------------------------------------------------------------------------------
 
 
  06:01  up 17h36m  scan 0 -----------------------------------------------------------------------
  EQUITY    $245.14  unreal $-5.25
  OPEN      no intraday positions  book holds 9 (BOOK row)  free $226.45
  SHADOW    intraday M1 $262.05 (+3.88%)  M1g $253.98 (+0.68%)  4d paper only
  CARRY     $252.12 (-0.06%)  8 held  paper only
  BOOK      9 pos gross $125.66 (0.51x)  open $-5.25  funding $+0.02  vol 20% top 20
            rebal 2026-09-28
  SESSION   $-4.04 -1.62%  peak $249.84  dd 1.88%
  CURVE     +++++**++++++++++++++++++++=+==================---=====-==============================
  MONTH     book guard $7.67 of $37.92 used  on marked equity  from $252.81  dial 15%
            #####.....................
  RECORD    no closed trades yet this run
  LIFETIME  139tr 44W 95L 32%  $+0.39
  FEES      no fills yet this run
  MARKET    bias +0.00  breadth +0.00
  ------------------------------------------------------------------------------------------------
 
 
  06:09  up 17h44m  scan 0 -----------------------------------------------------------------------
  EQUITY    $244.98  unreal $-5.41
  OPEN      no intraday positions  book holds 9 (BOOK row)  free $226.45
  SHADOW    intraday M1 $262.05 (+3.88%)  M1g $253.98 (+0.68%)  4d paper only
  CARRY     $252.12 (-0.06%)  8 held  paper only
  BOOK      9 pos gross $124.92 (0.51x)  open $-5.41  funding $+0.02  vol 20% top 20
            rebal 2026-09-28
  SESSION   $-4.20 -1.68%  peak $249.84  dd 1.95%
  CURVE     +++++**+*++++++++++++++++++=+==================-=-====--==============================
  MONTH     book guard $7.83 of $37.92 used  on marked equity  from $252.81  dial 15%
            #####.....................
  RECORD    no closed trades yet this run
  LIFETIME  139tr 44W 95L 32%  $+0.39
  FEES      no fills yet this run
  MARKET    bias +0.00  breadth +0.00
  ------------------------------------------------------------------------------------------------
 
 
  06:17  up 17h52m  scan 0 -----------------------------------------------------------------------
  EQUITY    $245.03  unreal $-5.36
  OPEN      no intraday positions  book holds 9 (BOOK row)  free $226.45
  SHADOW    intraday M1 $262.05 (+3.88%)  M1g $253.98 (+0.68%)  4d paper only
  CARRY     $252.12 (-0.06%)  8 held  paper only
  BOOK      9 pos gross $125.45 (0.51x)  open $-5.37  funding $+0.02  vol 20% top 20
            rebal 2026-09-28
  SESSION   $-4.15 -1.66%  peak $249.84  dd 1.93%
  CURVE     +++++**+++++++++++++++++++====================-=======-===============================
  MONTH     book guard $7.78 of $37.92 used  on marked equity  from $252.81  dial 15%
            #####.....................
  RECORD    no closed trades yet this run
  LIFETIME  139tr 44W 95L 32%  $+0.39
  FEES      no fills yet this run
  MARKET    bias +0.00  breadth +0.00
  ------------------------------------------------------------------------------------------------
 
 
  06:25  up 18h00m  scan 0 -----------------------------------------------------------------------
  EQUITY    $245.01  unreal $-5.38
  OPEN      no intraday positions  book holds 9 (BOOK row)  free $226.45
  SHADOW    intraday M1 $262.05 (+3.88%)  M1g $253.98 (+0.68%)  4d paper only
  CARRY     $252.12 (-0.06%)  8 held  paper only
  BOOK      9 pos gross $125.54 (0.51x)  open $-5.38  funding $+0.02  vol 20% top 20
            rebal 2026-09-28
  SESSION   $-4.17 -1.67%  peak $249.84  dd 1.93%
  CURVE     +++++**+++++++++++++++++++=+==================-=-====--===============================
  MONTH     book guard $7.80 of $37.92 used  on marked equity  from $252.81  dial 15%
            #####.....................
  RECORD    no closed trades yet this run
  LIFETIME  139tr 44W 95L 32%  $+0.39
  FEES      no fills yet this run
  MARKET    bias +0.00  breadth +0.00
  ------------------------------------------------------------------------------------------------
 
06:32:45 |    👻 C489 shadow hour 01:00 UTC: 37 coins scored (warm-up (14, no flow)), gate shut | M1
    $261.82 (+3.79%) M1g $253.98 (+0.68%) over 4d [18s]
 
  06:34  up 18h08m  scan 0 -----------------------------------------------------------------------
  EQUITY    $244.78  unreal $-5.61
  OPEN      no intraday positions  book holds 9 (BOOK row)  free $226.45
  SHADOW    intraday M1 $261.82 (+3.79%)  M1g $253.98 (+0.68%)  4d paper only
  CARRY     $252.12 (-0.06%)  8 held  paper only
  BOOK      9 pos gross $125.12 (0.51x)  open $-5.61  funding $+0.02  vol 20% top 20
            rebal 2026-09-28
  SESSION   $-4.40 -1.76%  peak $249.84  dd 2.03%
  CURVE     +++++**+++++++++++++++++++=+==================-=-====-===============================-
  MONTH     book guard $8.03 of $37.92 used  on marked equity  from $252.81  dial 15%
            ######....................
  RECORD    no closed trades yet this run
  LIFETIME  139tr 44W 95L 32%  $+0.39
  FEES      no fills yet this run
  MARKET    bias +0.00  breadth +0.00
  ------------------------------------------------------------------------------------------------
 
 
  06:42  up 18h16m  scan 0 -----------------------------------------------------------------------
  EQUITY    $244.82  unreal $-5.57
  OPEN      no intraday positions  book holds 9 (BOOK row)  free $226.45
  SHADOW    intraday M1 $261.82 (+3.79%)  M1g $253.98 (+0.68%)  4d paper only
  CARRY     $252.12 (-0.06%)  8 held  paper only
  BOOK      9 pos gross $124.88 (0.51x)  open $-5.57  funding $+0.02  vol 20% top 20
            rebal 2026-09-28
  SESSION   $-4.36 -1.75%  peak $249.84  dd 2.01%
  CURVE     +++++**+++++++++++++++++++=+=================--======-===============================-
  MONTH     book guard $7.99 of $37.92 used  on marked equity  from $252.81  dial 15%
            #####.....................
  RECORD    no closed trades yet this run
  LIFETIME  139tr 44W 95L 32%  $+0.39
  FEES      no fills yet this run
  MARKET    bias +0.00  breadth +0.00
  ------------------------------------------------------------------------------------------------
 
 
  06:50  up 18h24m  scan 0 -----------------------------------------------------------------------
  EQUITY    $245.01  unreal $-5.38
  OPEN      no intraday positions  book holds 9 (BOOK row)  free $226.45
  SHADOW    intraday M1 $261.82 (+3.79%)  M1g $253.98 (+0.68%)  4d paper only
  CARRY     $252.12 (-0.06%)  8 held  paper only
  BOOK      9 pos gross $124.32 (0.51x)  open $-5.38  funding $+0.02  vol 20% top 20
            rebal 2026-09-28
  SESSION   $-4.17 -1.67%  peak $249.84  dd 1.93%
  CURVE     +++++**+++++++++++++++++++===================-=-====--==============================-=
  MONTH     book guard $7.80 of $37.92 used  on marked equity  from $252.81  dial 15%
            #####.....................
  RECORD    no closed trades yet this run
  LIFETIME  139tr 44W 95L 32%  $+0.39
  FEES      no fills yet this run
  MARKET    bias +0.00  breadth +0.00
  ------------------------------------------------------------------------------------------------
 
 
  06:58  up 18h32m  scan 0 -----------------------------------------------------------------------
  EQUITY    $245.01  unreal $-5.38
  OPEN      no intraday positions  book holds 9 (BOOK row)  free $226.45
  SHADOW    intraday M1 $261.82 (+3.79%)  M1g $253.98 (+0.68%)  4d paper only
  CARRY     $252.12 (-0.06%)  8 held  paper only
  BOOK      9 pos gross $125.26 (0.51x)  open $-5.38  funding $+0.02  vol 20% top 20
            rebal 2026-09-28
  SESSION   $-4.17 -1.67%  peak $249.84  dd 1.93%
  CURVE     +++++**++++++++++++++++++====================-=-====-==============================--=
  MONTH     book guard $7.80 of $37.92 used  on marked equity  from $252.81  dial 15%
            #####.....................
  RECORD    no closed trades yet this run
  LIFETIME  139tr 44W 95L 32%  $+0.39
  FEES      no fills yet this run
  MARKET    bias +0.00  breadth +0.00
  ------------------------------------------------------------------------------------------------
 
 
  07:06  up 18h40m  scan 0 -----------------------------------------------------------------------
  EQUITY    $244.85  unreal $-5.54
  OPEN      no intraday positions  book holds 9 (BOOK row)  free $226.45
  SHADOW    intraday M1 $261.82 (+3.79%)  M1g $253.98 (+0.68%)  4d paper only
  CARRY     $252.12 (-0.06%)  8 held  paper only
  BOOK      9 pos gross $124.99 (0.51x)  open $-5.54  funding $+0.02  vol 20% top 20
            rebal 2026-09-28
  SESSION   $-4.33 -1.74%  peak $249.84  dd 2.00%
  CURVE     ++++**+++++++++++++++=+=+=+=================--======-==============================-=-
  MONTH     book guard $7.96 of $37.92 used  on marked equity  from $252.81  dial 15%
            #####.....................
  RECORD    no closed trades yet this run
  LIFETIME  139tr 44W 95L 32%  $+0.39
  FEES      no fills yet this run
  MARKET    bias +0.00  breadth +0.00
  ------------------------------------------------------------------------------------------------
 
 
  07:14  up 18h48m  scan 0 -----------------------------------------------------------------------
  EQUITY    $244.75  unreal $-5.64
  OPEN      no intraday positions  book holds 9 (BOOK row)  free $226.45
  SHADOW    intraday M1 $261.82 (+3.79%)  M1g $253.98 (+0.68%)  4d paper only
  CARRY     $252.12 (-0.06%)  8 held  paper only
  BOOK      9 pos gross $124.76 (0.51x)  open $-5.64  funding $+0.02  vol 20% top 20
            rebal 2026-09-28
  SESSION   $-4.43 -1.78%  peak $249.84  dd 2.04%
  CURVE     ++++***++++++++++++++++++=+=================---====-==============================-==-
  MONTH     book guard $8.06 of $37.92 used  on marked equity  from $252.81  dial 15%
            ######....................
  RECORD    no closed trades yet this run
  LIFETIME  139tr 44W 95L 32%  $+0.39
  FEES      no fills yet this run
  MARKET    bias +0.00  breadth +0.00
  ------------------------------------------------------------------------------------------------
 
 
  07:22  up 18h56m  scan 0 -----------------------------------------------------------------------
  EQUITY    $244.77  unreal $-5.62
  OPEN      no intraday positions  book holds 9 (BOOK row)  free $226.45
  SHADOW    intraday M1 $261.82 (+3.79%)  M1g $253.98 (+0.68%)  4d paper only
  CARRY     $252.12 (-0.06%)  8 held  paper only
  BOOK      9 pos gross $124.49 (0.51x)  open $-5.62  funding $+0.02  vol 20% top 20
            rebal 2026-09-28
  SESSION   $-4.41 -1.77%  peak $249.84  dd 2.03%
  CURVE     ++++**+++++++++++++++++=+=+=================-=-====-==============================-=--
  MONTH     book guard $8.04 of $37.92 used  on marked equity  from $252.81  dial 15%
            ######....................
  RECORD    no closed trades yet this run
  LIFETIME  139tr 44W 95L 32%  $+0.39
  FEES      no fills yet this run
  MARKET    bias +0.00  breadth +0.00
  ------------------------------------------------------------------------------------------------
 
 
  07:30  up 19h04m  scan 0 -----------------------------------------------------------------------
  EQUITY    $244.65  unreal $-5.74
  OPEN      no intraday positions  book holds 9 (BOOK row)  free $226.45
  SHADOW    intraday M1 $261.82 (+3.79%)  M1g $253.98 (+0.68%)  4d paper only
  CARRY     $252.12 (-0.06%)  8 held  paper only
  BOOK      9 pos gross $124.03 (0.51x)  open $-5.74  funding $+0.02  vol 20% top 20
            rebal 2026-09-28
  SESSION   $-4.53 -1.82%  peak $249.84  dd 2.08%
  CURVE     ++++***++++++++++++++++++=+================--=====--=============================-=---
  MONTH     book guard $8.16 of $37.92 used  on marked equity  from $252.81  dial 15%
            ######....................
  RECORD    no closed trades yet this run
  LIFETIME  139tr 44W 95L 32%  $+0.39
  FEES      no fills yet this run
  MARKET    bias +0.00  breadth +0.00
  ------------------------------------------------------------------------------------------------
 
07:32:21 |    👻 C489 shadow hour 02:00 UTC: 38 coins scored (warm-up (14, no flow)), gate shut | M1
    $261.97 (+3.85%) M1g $253.98 (+0.68%) over 4d [16s]
 
  07:38  up 19h12m  scan 0 -----------------------------------------------------------------------
  EQUITY    $244.62  unreal $-5.77
  OPEN      no intraday positions  book holds 9 (BOOK row)  free $226.45
  SHADOW    intraday M1 $261.97 (+3.85%)  M1g $253.98 (+0.68%)  4d paper only
  CARRY     $252.12 (-0.06%)  8 held  paper only
  BOOK      9 pos gross $123.86 (0.51x)  open $-5.77  funding $+0.02  vol 20% top 20
            rebal 2026-09-28
  SESSION   $-4.56 -1.83%  peak $249.84  dd 2.09%
  CURVE     ++++***++++++++++++++++++==================---====-=============================--=---
  MONTH     book guard $8.19 of $37.92 used  on marked equity  from $252.81  dial 15%
            ######....................
  RECORD    no closed trades yet this run
  LIFETIME  139tr 44W 95L 32%  $+0.39
  FEES      no fills yet this run
  MARKET    bias +0.00  breadth +0.00
  ------------------------------------------------------------------------------------------------
 
 
  07:46  up 19h20m  scan 0 -----------------------------------------------------------------------
  EQUITY    $244.64  unreal $-5.75
  OPEN      no intraday positions  book holds 9 (BOOK row)  free $226.45
  SHADOW    intraday M1 $261.97 (+3.85%)  M1g $253.98 (+0.68%)  4d paper only
  CARRY     $252.12 (-0.06%)  8 held  paper only
  BOOK      9 pos gross $124.50 (0.51x)  open $-5.75  funding $+0.02  vol 20% top 20
            rebal 2026-09-28
  SESSION   $-4.54 -1.82%  peak $249.84  dd 2.08%
  CURVE     ++++***+++++++++++++++++===================-=-====-=============================-=----
  MONTH     book guard $8.17 of $37.92 used  on marked equity  from $252.81  dial 15%
            ######....................
  RECORD    no closed trades yet this run
  LIFETIME  139tr 44W 95L 32%  $+0.39
  FEES      no fills yet this run
  MARKET    bias +0.00  breadth +0.00
  ------------------------------------------------------------------------------------------------
 
 
  07:54  up 19h28m  scan 0 -----------------------------------------------------------------------
  EQUITY    $244.51  unreal $-5.88
  OPEN      no intraday positions  book holds 9 (BOOK row)  free $226.45
  SHADOW    intraday M1 $261.97 (+3.85%)  M1g $253.98 (+0.68%)  4d paper only
  CARRY     $252.12 (-0.06%)  8 held  paper only
  BOOK      9 pos gross $124.20 (0.51x)  open $-5.88  funding $+0.02  vol 20% top 20
            rebal 2026-09-28
  SESSION   $-4.67 -1.87%  peak $249.84  dd 2.13%
  CURVE     ++++****++++++++++++++++=+================--=====-=============================--=----
  MONTH     book guard $8.30 of $37.92 used  on marked equity  from $252.81  dial 15%
            ######....................
  RECORD    no closed trades yet this run
  LIFETIME  139tr 44W 95L 32%  $+0.39
  FEES      no fills yet this run
  MARKET    bias +0.00  breadth +0.00
  ------------------------------------------------------------------------------------------------
 
 
  08:02  up 19h36m  scan 0 -----------------------------------------------------------------------
  EQUITY    $244.43  unreal $-5.96
  OPEN      no intraday positions  book holds 9 (BOOK row)  free $226.45
  SHADOW    intraday M1 $261.97 (+3.85%)  M1g $253.98 (+0.68%)  4d paper only
  CARRY     $252.12 (-0.06%)  8 held  paper only
  BOOK      9 pos gross $123.91 (0.51x)  open $-5.96  funding $+0.02  vol 20% top 20
            rebal 2026-09-28
  SESSION   $-4.75 -1.91%  peak $249.84  dd 2.17%
  CURVE     +++*****++++++++++++++++=++===============-======-================================----
  MONTH     book guard $8.38 of $37.92 used  on marked equity  from $252.81  dial 15%
            ######....................
  RECORD    no closed trades yet this run
  LIFETIME  139tr 44W 95L 32%  $+0.39
  FEES      no fills yet this run
  MARKET    bias +0.00  breadth +0.00
  ------------------------------------------------------------------------------------------------
 
 
  08:10  up 19h44m  scan 0 -----------------------------------------------------------------------
  EQUITY    $244.25  unreal $-6.14
  OPEN      no intraday positions  book holds 9 (BOOK row)  free $226.45
  SHADOW    intraday M1 $261.97 (+3.85%)  M1g $253.98 (+0.68%)  4d paper only
  CARRY     $252.12 (-0.06%)  8 held  paper only
  BOOK      9 pos gross $123.70 (0.51x)  open $-6.14  funding $+0.02  vol 20% top 20
            rebal 2026-09-28
  SESSION   $-4.93 -1.98%  peak $249.84  dd 2.24%
  CURVE     *++*****++++++++++++++++++++======================================================----
  MONTH     book guard $8.56 of $37.92 used  on marked equity  from $252.81  dial 15%
            ######....................
  RECORD    no closed trades yet this run
  LIFETIME  139tr 44W 95L 32%  $+0.39
  FEES      no fills yet this run
  MARKET    bias +0.00  breadth +0.00
  ------------------------------------------------------------------------------------------------
 
 
  08:18  up 19h52m  scan 0 -----------------------------------------------------------------------
  EQUITY    $244.15  unreal $-6.24
  OPEN      no intraday positions  book holds 9 (BOOK row)  free $226.45
  SHADOW    intraday M1 $261.97 (+3.85%)  M1g $253.98 (+0.68%)  4d paper only
  CARRY     $252.12 (-0.06%)  8 held  paper only
  BOOK      9 pos gross $123.71 (0.51x)  open $-6.24  funding $+0.02  vol 20% top 20
            rebal 2026-09-28
  SESSION   $-5.03 -2.02%  peak $249.84  dd 2.28%
  CURVE     *++*****+++++++++++++++++++++===================-=================================----
  MONTH     book guard $8.66 of $37.92 used  on marked equity  from $252.81  dial 15%
            ######....................
  RECORD    no closed trades yet this run
  LIFETIME  139tr 44W 95L 32%  $+0.39
  FEES      no fills yet this run
  MARKET    bias +0.00  breadth +0.00
  ------------------------------------------------------------------------------------------------
 
 
  08:26  up 20h00m  scan 0 -----------------------------------------------------------------------
  EQUITY    $244.04  unreal $-6.35
  OPEN      no intraday positions  book holds 9 (BOOK row)  free $226.45
  SHADOW    intraday M1 $261.97 (+3.85%)  M1g $253.98 (+0.68%)  4d paper only
  CARRY     $252.12 (-0.06%)  8 held  paper only
  BOOK      9 pos gross $123.79 (0.51x)  open $-6.35  funding $+0.02  vol 20% top 20
            rebal 2026-09-28
  SESSION   $-5.14 -2.06%  peak $249.84  dd 2.32%
  CURVE     *+******+++*+++++++++++++++++======================================================---
  MONTH     book guard $8.77 of $37.92 used  on marked equity  from $252.81  dial 15%
            ######....................
  RECORD    no closed trades yet this run
  LIFETIME  139tr 44W 95L 32%  $+0.39
  FEES      no fills yet this run
  MARKET    bias +0.00  breadth +0.00
  ------------------------------------------------------------------------------------------------
 
08:32:31 |    👻 C489 shadow hour 03:00 UTC: 38 coins scored (warm-up (14, no flow)), gate shut | M1
    $261.20 (+3.54%) M1g $253.98 (+0.68%) over 4d [18s]
 
  08:34  up 20h08m  scan 0 -----------------------------------------------------------------------
  EQUITY    $244.17  unreal $-6.22
  OPEN      no intraday positions  book holds 9 (BOOK row)  free $226.45
  SHADOW    intraday M1 $261.20 (+3.54%)  M1g $253.98 (+0.68%)  4d paper only
  CARRY     $252.12 (-0.06%)  8 held  paper only
  BOOK      9 pos gross $123.66 (0.51x)  open $-6.22  funding $+0.02  vol 20% top 20
            rebal 2026-09-28
  SESSION   $-5.01 -2.01%  peak $249.84  dd 2.27%
  CURVE     *+******+++++++++++++++++++++====================================================-----
  MONTH     book guard $8.64 of $37.92 used  on marked equity  from $252.81  dial 15%
            ######....................
  RECORD    no closed trades yet this run
  LIFETIME  139tr 44W 95L 32%  $+0.39
  FEES      no fills yet this run
  MARKET    bias +0.00  breadth +0.00
  ------------------------------------------------------------------------------------------------
 
 
  08:42  up 20h16m  scan 0 -----------------------------------------------------------------------
  EQUITY    $244.30  unreal $-6.09
  OPEN      no intraday positions  book holds 9 (BOOK row)  free $226.45
  SHADOW    intraday M1 $261.20 (+3.54%)  M1g $253.98 (+0.68%)  4d paper only
  CARRY     $252.12 (-0.06%)  8 held  paper only
  BOOK      9 pos gross $123.47 (0.51x)  open $-6.08  funding $+0.02  vol 20% top 20
            rebal 2026-09-28
  SESSION   $-4.88 -1.96%  peak $249.84  dd 2.22%
  CURVE     *+******++++++++++++++++++++======================================================----
  MONTH     book guard $8.51 of $37.92 used  on marked equity  from $252.81  dial 15%
            ######....................
  RECORD    no closed trades yet this run
  LIFETIME  139tr 44W 95L 32%  $+0.39
  FEES      no fills yet this run
  MARKET    bias +0.00  breadth +0.00
  ------------------------------------------------------------------------------------------------
 
 
  08:50  up 20h24m  scan 0 -----------------------------------------------------------------------
  EQUITY    $244.44  unreal $-5.95
  OPEN      no intraday positions  book holds 9 (BOOK row)  free $226.45
  SHADOW    intraday M1 $261.20 (+3.54%)  M1g $253.98 (+0.68%)  4d paper only
  CARRY     $252.12 (-0.06%)  8 held  paper only
  BOOK      9 pos gross $123.71 (0.51x)  open $-5.95  funding $+0.02  vol 20% top 20
            rebal 2026-09-28
  SESSION   $-4.74 -1.90%  peak $249.84  dd 2.16%
  CURVE     *+******++++++++++++++++++++===================-================================------
  MONTH     book guard $8.37 of $37.92 used  on marked equity  from $252.81  dial 15%
            ######....................
  RECORD    no closed trades yet this run
  LIFETIME  139tr 44W 95L 32%  $+0.39
  FEES      no fills yet this run
  MARKET    bias +0.00  breadth +0.00
  ------------------------------------------------------------------------------------------------
 
 
  08:58  up 20h32m  scan 0 -----------------------------------------------------------------------
  EQUITY    $244.32  unreal $-6.07
  OPEN      no intraday positions  book holds 9 (BOOK row)  free $226.45
  SHADOW    intraday M1 $261.20 (+3.54%)  M1g $253.98 (+0.68%)  4d paper only
  CARRY     $252.12 (-0.06%)  8 held  paper only
  BOOK      9 pos gross $123.08 (0.50x)  open $-6.07  funding $+0.02  vol 20% top 20
            rebal 2026-09-28
  SESSION   $-4.86 -1.95%  peak $249.84  dd 2.21%
  CURVE     *+******++++++++++++++++++++=====================================================-----
  MONTH     book guard $8.49 of $37.92 used  on marked equity  from $252.81  dial 15%
            ######....................
  RECORD    no closed trades yet this run
  LIFETIME  139tr 44W 95L 32%  $+0.39
  FEES      no fills yet this run
  MARKET    bias +0.00  breadth +0.00
  ------------------------------------------------------------------------------------------------
 
 
  09:06  up 20h40m  scan 0 -----------------------------------------------------------------------
  EQUITY    $244.20  unreal $-6.19
  OPEN      no intraday positions  book holds 9 (BOOK row)  free $226.45
  SHADOW    intraday M1 $261.20 (+3.54%)  M1g $253.98 (+0.68%)  4d paper only
  CARRY     $252.12 (-0.06%)  8 held  paper only
  BOOK      9 pos gross $122.75 (0.50x)  open $-6.19  funding $+0.02  vol 20% top 20
            rebal 2026-09-28
  SESSION   $-4.98 -2.00%  peak $249.84  dd 2.26%
  CURVE     *+******++++++++++++++++++++====================================================------
  MONTH     book guard $8.61 of $37.92 used  on marked equity  from $252.81  dial 15%
            ######....................
  RECORD    no closed trades yet this run
  LIFETIME  139tr 44W 95L 32%  $+0.39
  FEES      no fills yet this run
  MARKET    bias +0.00  breadth +0.00
  ------------------------------------------------------------------------------------------------
 
 
  09:14  up 20h48m  scan 0 -----------------------------------------------------------------------
  EQUITY    $244.05  unreal $-6.34
  OPEN      no intraday positions  book holds 9 (BOOK row)  free $226.45
  SHADOW    intraday M1 $261.20 (+3.54%)  M1g $253.98 (+0.68%)  4d paper only
  CARRY     $252.12 (-0.06%)  8 held  paper only
  BOOK      9 pos gross $123.65 (0.51x)  open $-6.34  funding $+0.02  vol 20% top 20
            rebal 2026-09-28
  SESSION   $-5.13 -2.06%  peak $249.84  dd 2.32%
  CURVE     *+*******+++++++++++++++++++==================-=================================------
  MONTH     book guard $8.76 of $37.92 used  on marked equity  from $252.81  dial 15%
            ######....................
  RECORD    no closed trades yet this run
  LIFETIME  139tr 44W 95L 32%  $+0.39
  FEES      no fills yet this run
  MARKET    bias +0.00  breadth +0.00
  ------------------------------------------------------------------------------------------------
 
 
  09:22  up 20h56m  scan 0 -----------------------------------------------------------------------
  EQUITY    $244.12  unreal $-6.27
  OPEN      no intraday positions  book holds 9 (BOOK row)  free $226.45
  SHADOW    intraday M1 $261.20 (+3.54%)  M1g $253.98 (+0.68%)  4d paper only
  CARRY     $252.12 (-0.06%)  8 held  paper only
  BOOK      9 pos gross $123.27 (0.51x)  open $-6.27  funding $+0.02  vol 20% top 20
            rebal 2026-09-28
  SESSION   $-5.06 -2.03%  peak $249.84  dd 2.29%
  CURVE     *+*******++++++++++++++++++====================================================-------
  MONTH     book guard $8.69 of $37.92 used  on marked equity  from $252.81  dial 15%
            ######....................
  RECORD    no closed trades yet this run
  LIFETIME  139tr 44W 95L 32%  $+0.39
  FEES      no fills yet this run
  MARKET    bias +0.00  breadth +0.00
  ------------------------------------------------------------------------------------------------
 
 
  09:30  up 21h04m  scan 0 -----------------------------------------------------------------------
  EQUITY    $244.28  unreal $-6.11
  OPEN      no intraday positions  book holds 9 (BOOK row)  free $226.45
  SHADOW    intraday M1 $261.20 (+3.54%)  M1g $253.98 (+0.68%)  4d paper only
  CARRY     $252.12 (-0.06%)  8 held  paper only
  BOOK      9 pos gross $122.61 (0.50x)  open $-6.11  funding $+0.02  vol 20% top 20
            rebal 2026-09-28
  SESSION   $-4.90 -1.97%  peak $249.84  dd 2.23%
  CURVE     *+*******++++++++++++++++++====================================================-------
  MONTH     book guard $8.53 of $37.92 used  on marked equity  from $252.81  dial 15%
            ######....................
  RECORD    no closed trades yet this run
  LIFETIME  139tr 44W 95L 32%  $+0.39
  FEES      no fills yet this run
  MARKET    bias +0.00  breadth +0.00
  ------------------------------------------------------------------------------------------------
 
09:32:36 |    👻 C489 shadow hour 04:00 UTC: 38 coins scored (warm-up (14, no flow)), gate shut | M1
    $262.82 (+4.19%) M1g $253.98 (+0.68%) over 4d [16s]
 
  09:38  up 21h12m  scan 0 -----------------------------------------------------------------------
  EQUITY    $244.11  unreal $-6.28
  OPEN      no intraday positions  book holds 9 (BOOK row)  free $226.45
  SHADOW    intraday M1 $262.82 (+4.19%)  M1g $253.98 (+0.68%)  4d paper only
  CARRY     $252.12 (-0.06%)  8 held  paper only
  BOOK      9 pos gross $122.82 (0.50x)  open $-6.28  funding $+0.02  vol 20% top 20
            rebal 2026-09-28
  SESSION   $-5.07 -2.03%  peak $249.84  dd 2.29%
  CURVE     *+*******+*++++++++++++++++===================================================--------
  MONTH     book guard $8.70 of $37.92 used  on marked equity  from $252.81  dial 15%
            ######....................
  RECORD    no closed trades yet this run
  LIFETIME  139tr 44W 95L 32%  $+0.39
  FEES      no fills yet this run
  MARKET    bias +0.00  breadth +0.00
  ------------------------------------------------------------------------------------------------
 
 
  09:46  up 21h20m  scan 0 -----------------------------------------------------------------------
  EQUITY    $244.19  unreal $-6.20
  OPEN      no intraday positions  book holds 9 (BOOK row)  free $226.45
  SHADOW    intraday M1 $262.82 (+4.19%)  M1g $253.98 (+0.68%)  4d paper only
  CARRY     $252.12 (-0.06%)  8 held  paper only
  BOOK      9 pos gross $122.83 (0.50x)  open $-6.20  funding $+0.02  vol 20% top 20
            rebal 2026-09-28
  SESSION   $-4.99 -2.00%  peak $249.84  dd 2.26%
  CURVE     *+*******+*++++++++++++++++==================-================================--------
  MONTH     book guard $8.62 of $37.92 used  on marked equity  from $252.81  dial 15%
            ######....................
  RECORD    no closed trades yet this run
  LIFETIME  139tr 44W 95L 32%  $+0.39
  FEES      no fills yet this run
  MARKET    bias +0.00  breadth +0.00
  ------------------------------------------------------------------------------------------------
 
 
  09:54  up 21h28m  scan 0 -----------------------------------------------------------------------
  EQUITY    $243.87  unreal $-6.52
  OPEN      no intraday positions  book holds 9 (BOOK row)  free $226.45
  SHADOW    intraday M1 $262.82 (+4.19%)  M1g $253.98 (+0.68%)  4d paper only
  CARRY     $252.12 (-0.06%)  8 held  paper only
  BOOK      9 pos gross $123.66 (0.51x)  open $-6.52  funding $+0.02  vol 20% top 20
            rebal 2026-09-28
  SESSION   $-5.31 -2.13%  peak $249.84  dd 2.39%
  CURVE     ***********++++++++++++++++===================================================--------
  MONTH     book guard $8.94 of $37.92 used  on marked equity  from $252.81  dial 15%
            ######....................
  RECORD    no closed trades yet this run
  LIFETIME  139tr 44W 95L 32%  $+0.39
  FEES      no fills yet this run
  MARKET    bias +0.00  breadth +0.00
  ------------------------------------------------------------------------------------------------
 
 
  10:02  up 21h36m  scan 0 -----------------------------------------------------------------------
  EQUITY    $244.07  unreal $-6.32
  OPEN      no intraday positions  book holds 9 (BOOK row)  free $226.45
  SHADOW    intraday M1 $262.82 (+4.19%)  M1g $253.98 (+0.68%)  4d paper only
  CARRY     $252.12 (-0.06%)  8 held  paper only
  BOOK      9 pos gross $123.26 (0.51x)  open $-6.32  funding $+0.02  vol 20% top 20
            rebal 2026-09-28
  SESSION   $-5.11 -2.05%  peak $249.84  dd 2.31%
  CURVE     *+*******+*++++++++++++++++==================================================---------
  MONTH     book guard $8.74 of $37.92 used  on marked equity  from $252.81  dial 15%
            ######....................
  RECORD    no closed trades yet this run
  LIFETIME  139tr 44W 95L 32%  $+0.39
  FEES      no fills yet this run
  MARKET    bias +0.00  breadth +0.00
  ------------------------------------------------------------------------------------------------
 
 
  10:10  up 21h44m  scan 0 -----------------------------------------------------------------------
  EQUITY    $244.10  unreal $-6.29
  OPEN      no intraday positions  book holds 9 (BOOK row)  free $226.45
  SHADOW    intraday M1 $262.82 (+4.19%)  M1g $253.98 (+0.68%)  4d paper only
  CARRY     $252.12 (-0.06%)  8 held  paper only
  BOOK      9 pos gross $123.40 (0.51x)  open $-6.29  funding $+0.02  vol 20% top 20
            rebal 2026-09-28
  SESSION   $-5.08 -2.04%  peak $249.84  dd 2.30%
  CURVE     ***********+++++++++++++++===================================================---------
  MONTH     book guard $8.71 of $37.92 used  on marked equity  from $252.81  dial 15%
            ######....................
  RECORD    no closed trades yet this run
  LIFETIME  139tr 44W 95L 32%  $+0.39
  FEES      no fills yet this run
  MARKET    bias +0.00  breadth +0.00
  ------------------------------------------------------------------------------------------------
 
 
  10:18  up 21h52m  scan 0 -----------------------------------------------------------------------
  EQUITY    $244.00  unreal $-6.39
  OPEN      no intraday positions  book holds 9 (BOOK row)  free $226.45
  SHADOW    intraday M1 $262.82 (+4.19%)  M1g $253.98 (+0.68%)  4d paper only
  CARRY     $252.12 (-0.06%)  8 held  paper only
  BOOK      9 pos gross $123.25 (0.51x)  open $-6.39  funding $+0.02  vol 20% top 20
            rebal 2026-09-28
  SESSION   $-5.18 -2.08%  peak $249.84  dd 2.34%
  CURVE     *+*********+++++++++++++++==================================================----------
  MONTH     book guard $8.81 of $37.92 used  on marked equity  from $252.81  dial 15%
            ######....................
  RECORD    no closed trades yet this run
  LIFETIME  139tr 44W 95L 32%  $+0.39
  FEES      no fills yet this run
  MARKET    bias +0.00  breadth +0.00
  ------------------------------------------------------------------------------------------------
 
 
  10:26  up 22h00m  scan 0 -----------------------------------------------------------------------
  EQUITY    $243.96  unreal $-6.43
  OPEN      no intraday positions  book holds 9 (BOOK row)  free $226.45
  SHADOW    intraday M1 $262.82 (+4.19%)  M1g $253.98 (+0.68%)  4d paper only
  CARRY     $252.12 (-0.06%)  8 held  paper only
  BOOK      9 pos gross $123.55 (0.51x)  open $-6.43  funding $+0.02  vol 20% top 20
            rebal 2026-09-28
  SESSION   $-5.22 -2.09%  peak $249.84  dd 2.35%
  CURVE     ***********+++++++++++++++==================================================----------
  MONTH     book guard $8.85 of $37.92 used  on marked equity  from $252.81  dial 15%
            ######....................
  RECORD    no closed trades yet this run
  LIFETIME  139tr 44W 95L 32%  $+0.39
  FEES      no fills yet this run
  MARKET    bias +0.00  breadth +0.00
  ------------------------------------------------------------------------------------------------
 
10:32:46 |    👻 C489 shadow hour 05:00 UTC: 37 coins scored (warm-up (14, no flow)), gate shut | M1
    $263.30 (+4.38%) M1g $253.98 (+0.68%) over 4d [18s]
 
  10:34  up 22h09m  scan 0 -----------------------------------------------------------------------
  EQUITY    $244.01  unreal $-6.38
  OPEN      no intraday positions  book holds 9 (BOOK row)  free $226.45
  SHADOW    intraday M1 $263.30 (+4.38%)  M1g $253.98 (+0.68%)  4d paper only
  CARRY     $252.12 (-0.06%)  8 held  paper only
  BOOK      9 pos gross $123.36 (0.51x)  open $-6.38  funding $+0.02  vol 20% top 20
            rebal 2026-09-28
  SESSION   $-5.17 -2.07%  peak $249.84  dd 2.33%
  CURVE     *+*********+++++++++++++++=================================================-----------
  MONTH     book guard $8.80 of $37.92 used  on marked equity  from $252.81  dial 15%
            ######....................
  RECORD    no closed trades yet this run
  LIFETIME  139tr 44W 95L 32%  $+0.39
  FEES      no fills yet this run
  MARKET    bias +0.00  breadth +0.00
  ------------------------------------------------------------------------------------------------
 
 
  10:42  up 22h17m  scan 0 -----------------------------------------------------------------------
  EQUITY    $244.14  unreal $-6.25
  OPEN      no intraday positions  book holds 9 (BOOK row)  free $226.45
  SHADOW    intraday M1 $263.30 (+4.38%)  M1g $253.98 (+0.68%)  4d paper only
  CARRY     $252.12 (-0.06%)  8 held  paper only
  BOOK      9 pos gross $122.89 (0.50x)  open $-6.25  funding $+0.02  vol 20% top 20
            rebal 2026-09-28
  SESSION   $-5.04 -2.02%  peak $249.84  dd 2.28%
  CURVE     **********++++++++++++++++=================================================-----------
  MONTH     book guard $8.67 of $37.92 used  on marked equity  from $252.81  dial 15%
            ######....................
  RECORD    no closed trades yet this run
  LIFETIME  139tr 44W 95L 32%  $+0.39
  FEES      no fills yet this run
  MARKET    bias +0.00  breadth +0.00
  ------------------------------------------------------------------------------------------------
 
 
  10:50  up 22h25m  scan 0 -----------------------------------------------------------------------
  EQUITY    $244.07  unreal $-6.32
  OPEN      no intraday positions  book holds 9 (BOOK row)  free $226.45
  SHADOW    intraday M1 $263.30 (+4.38%)  M1g $253.98 (+0.68%)  4d paper only
  CARRY     $252.12 (-0.06%)  8 held  paper only
  BOOK      9 pos gross $122.72 (0.50x)  open $-6.32  funding $+0.02  vol 20% top 20
            rebal 2026-09-28
  SESSION   $-5.11 -2.05%  peak $249.84  dd 2.31%
  CURVE     *+********++++++++++++++++================================================------------
  MONTH     book guard $8.74 of $37.92 used  on marked equity  from $252.81  dial 15%
            ######....................
  RECORD    no closed trades yet this run
  LIFETIME  139tr 44W 95L 32%  $+0.39
  FEES      no fills yet this run
  MARKET    bias +0.00  breadth +0.00
  ------------------------------------------------------------------------------------------------
 
 
  10:58  up 22h33m  scan 0 -----------------------------------------------------------------------
  EQUITY    $244.09  unreal $-6.30
  OPEN      no intraday positions  book holds 9 (BOOK row)  free $226.45
  SHADOW    intraday M1 $263.30 (+4.38%)  M1g $253.98 (+0.68%)  4d paper only
  CARRY     $252.12 (-0.06%)  8 held  paper only
  BOOK      9 pos gross $122.66 (0.50x)  open $-6.30  funding $+0.02  vol 20% top 20
            rebal 2026-09-28
  SESSION   $-5.09 -2.04%  peak $249.84  dd 2.30%
  CURVE     **********++++++++++++++++================================================------------
  MONTH     book guard $8.72 of $37.92 used  on marked equity  from $252.81  dial 15%
            ######....................
  RECORD    no closed trades yet this run
  LIFETIME  139tr 44W 95L 32%  $+0.39
  FEES      no fills yet this run
  MARKET    bias +0.00  breadth +0.00
  ------------------------------------------------------------------------------------------------
 
 
  11:06  up 22h41m  scan 0 -----------------------------------------------------------------------
  EQUITY    $243.88  unreal $-6.51
  OPEN      no intraday positions  book holds 9 (BOOK row)  free $226.45
  SHADOW    intraday M1 $263.30 (+4.38%)  M1g $253.98 (+0.68%)  4d paper only
  CARRY     $252.12 (-0.06%)  8 held  paper only
  BOOK      9 pos gross $121.56 (0.50x)  open $-6.51  funding $+0.02  vol 20% top 20
            rebal 2026-09-28
  SESSION   $-5.30 -2.13%  peak $249.84  dd 2.39%
  CURVE     **********+++++++++++++++=================================================------------
  MONTH     book guard $8.93 of $37.92 used  on marked equity  from $252.81  dial 15%
            ######....................
  RECORD    no closed trades yet this run
  LIFETIME  139tr 44W 95L 32%  $+0.39
  FEES      no fills yet this run
  MARKET    bias +0.00  breadth +0.00
  ------------------------------------------------------------------------------------------------
 
 
  11:14  up 22h49m  scan 0 -----------------------------------------------------------------------
  EQUITY    $243.92  unreal $-6.47
  OPEN      no intraday positions  book holds 9 (BOOK row)  free $226.45
  SHADOW    intraday M1 $263.30 (+4.38%)  M1g $253.98 (+0.68%)  4d paper only
  CARRY     $252.12 (-0.06%)  8 held  paper only
  BOOK      9 pos gross $122.54 (0.50x)  open $-6.47  funding $+0.02  vol 20% top 20
            rebal 2026-09-28
  SESSION   $-5.26 -2.11%  peak $249.84  dd 2.37%
  CURVE     **********+++++++++++++++================================================-------------
  MONTH     book guard $8.89 of $37.92 used  on marked equity  from $252.81  dial 15%
            ######....................
  RECORD    no closed trades yet this run
  LIFETIME  139tr 44W 95L 32%  $+0.39
  FEES      no fills yet this run
  MARKET    bias +0.00  breadth +0.00
  ------------------------------------------------------------------------------------------------
 
 
  11:22  up 22h57m  scan 0 -----------------------------------------------------------------------
  EQUITY    $243.95  unreal $-6.44
  OPEN      no intraday positions  book holds 9 (BOOK row)  free $226.45
  SHADOW    intraday M1 $263.30 (+4.38%)  M1g $253.98 (+0.68%)  4d paper only
  CARRY     $252.12 (-0.06%)  8 held  paper only
  BOOK      9 pos gross $122.25 (0.50x)  open $-6.44  funding $+0.02  vol 20% top 20
            rebal 2026-09-28
  SESSION   $-5.23 -2.10%  peak $249.84  dd 2.36%
  CURVE     **********+++++++++++++++================================================-------------
  MONTH     book guard $8.86 of $37.92 used  on marked equity  from $252.81  dial 15%
            ######....................
  RECORD    no closed trades yet this run
  LIFETIME  139tr 44W 95L 32%  $+0.39
  FEES      no fills yet this run
  MARKET    bias +0.00  breadth +0.00
  ------------------------------------------------------------------------------------------------
 
 
  11:30  up 23h05m  scan 0 -----------------------------------------------------------------------
  EQUITY    $243.92  unreal $-6.47
  OPEN      no intraday positions  book holds 9 (BOOK row)  free $226.45
  SHADOW    intraday M1 $263.30 (+4.38%)  M1g $253.98 (+0.68%)  4d paper only
  CARRY     $252.12 (-0.06%)  8 held  paper only
  BOOK      9 pos gross $122.48 (0.50x)  open $-6.47  funding $+0.02  vol 20% top 20
            rebal 2026-09-28
  SESSION   $-5.26 -2.11%  peak $249.84  dd 2.37%
  CURVE     **********+++++++++++++++===============================================--------------
  MONTH     book guard $8.89 of $37.92 used  on marked equity  from $252.81  dial 15%
            ######....................
  RECORD    no closed trades yet this run
  LIFETIME  139tr 44W 95L 32%  $+0.39
  FEES      no fills yet this run
  MARKET    bias +0.00  breadth +0.00
  ------------------------------------------------------------------------------------------------
 
11:32:19 |    👻 C489 shadow hour 06:00 UTC: 38 coins scored (warm-up (14, no flow)), gate shut | M1
    $263.32 (+4.38%) M1g $253.98 (+0.68%) over 4d [16s]
 
  11:38  up 23h13m  scan 0 -----------------------------------------------------------------------
  EQUITY    $243.82  unreal $-6.57
  OPEN      no intraday positions  book holds 9 (BOOK row)  free $226.45
  SHADOW    intraday M1 $263.32 (+4.38%)  M1g $253.98 (+0.68%)  4d paper only
  CARRY     $252.12 (-0.06%)  8 held  paper only
  BOOK      9 pos gross $122.80 (0.50x)  open $-6.57  funding $+0.02  vol 20% top 20
            rebal 2026-09-28
  SESSION   $-5.36 -2.15%  peak $249.84  dd 2.41%
  CURVE     **********++++++++++++++++==============================================--------------
  MONTH     book guard $8.99 of $37.92 used  on marked equity  from $252.81  dial 15%
            ######....................
  RECORD    no closed trades yet this run
  LIFETIME  139tr 44W 95L 32%  $+0.39
  FEES      no fills yet this run
  MARKET    bias +0.00  breadth +0.00
  ------------------------------------------------------------------------------------------------
 
 
  11:46  up 23h21m  scan 0 -----------------------------------------------------------------------
  EQUITY    $243.84  unreal $-6.55
  OPEN      no intraday positions  book holds 9 (BOOK row)  free $226.45
  SHADOW    intraday M1 $263.32 (+4.38%)  M1g $253.98 (+0.68%)  4d paper only
  CARRY     $252.12 (-0.06%)  8 held  paper only
  BOOK      9 pos gross $122.51 (0.50x)  open $-6.55  funding $+0.02  vol 20% top 20
            rebal 2026-09-28
  SESSION   $-5.34 -2.14%  peak $249.84  dd 2.40%
  CURVE     **********++++++++++++++++==============================================--------------
  MONTH     book guard $8.97 of $37.92 used  on marked equity  from $252.81  dial 15%
            ######....................
  RECORD    no closed trades yet this run
  LIFETIME  139tr 44W 95L 32%  $+0.39
  FEES      no fills yet this run
  MARKET    bias +0.00  breadth +0.00
  ------------------------------------------------------------------------------------------------
 
 
  11:54  up 23h29m  scan 0 -----------------------------------------------------------------------
  EQUITY    $243.89  unreal $-6.50
  OPEN      no intraday positions  book holds 9 (BOOK row)  free $226.45
  SHADOW    intraday M1 $263.32 (+4.38%)  M1g $253.98 (+0.68%)  4d paper only
  CARRY     $252.12 (-0.06%)  8 held  paper only
  BOOK      9 pos gross $121.81 (0.50x)  open $-6.50  funding $+0.02  vol 20% top 20
            rebal 2026-09-28
  SESSION   $-5.29 -2.12%  peak $249.84  dd 2.38%
  CURVE     **********++++++++++++++++=============================================---------------
  MONTH     book guard $8.92 of $37.92 used  on marked equity  from $252.81  dial 15%
            ######....................
  RECORD    no closed trades yet this run
  LIFETIME  139tr 44W 95L 32%  $+0.39
  FEES      no fills yet this run
  MARKET    bias +0.00  breadth +0.00
  ------------------------------------------------------------------------------------------------
 
 
  12:02  up 23h37m  scan 0 -----------------------------------------------------------------------
  EQUITY    $244.18  unreal $-6.21
  OPEN      no intraday positions  book holds 9 (BOOK row)  free $226.45
  SHADOW    intraday M1 $263.32 (+4.38%)  M1g $253.98 (+0.68%)  4d paper only
  CARRY     $252.12 (-0.06%)  8 held  paper only
  BOOK      9 pos gross $121.60 (0.50x)  open $-6.21  funding $+0.02  vol 20% top 20
            rebal 2026-09-28
  SESSION   $-5.00 -2.01%  peak $249.84  dd 2.27%
  CURVE     **********++++++++++++++===============================================---------------
  MONTH     book guard $8.63 of $37.92 used  on marked equity  from $252.81  dial 15%
            ######....................
  RECORD    no closed trades yet this run
  LIFETIME  139tr 44W 95L 32%  $+0.39
  FEES      no fills yet this run
  MARKET    bias +0.00  breadth +0.00
  ------------------------------------------------------------------------------------------------
 
 
  12:10  up 23h45m  scan 0 -----------------------------------------------------------------------
  EQUITY    $244.32  unreal $-6.07
  OPEN      no intraday positions  book holds 9 (BOOK row)  free $226.45
  SHADOW    intraday M1 $263.32 (+4.38%)  M1g $253.98 (+0.68%)  4d paper only
  CARRY     $252.12 (-0.06%)  8 held  paper only
  BOOK      9 pos gross $121.37 (0.50x)  open $-6.07  funding $+0.02  vol 20% top 20
            rebal 2026-09-28
  SESSION   $-4.86 -1.95%  peak $249.84  dd 2.21%
  CURVE     **********++++++++++++++==============================================----------------
  MONTH     book guard $8.49 of $37.92 used  on marked equity  from $252.81  dial 15%
            ######....................
  RECORD    no closed trades yet this run
  LIFETIME  139tr 44W 95L 32%  $+0.39
  FEES      no fills yet this run
  MARKET    bias +0.00  breadth +0.00
  ------------------------------------------------------------------------------------------------
 
 
  12:18  up 23h53m  scan 0 -----------------------------------------------------------------------
  EQUITY    $244.18  unreal $-6.21
  OPEN      no intraday positions  book holds 9 (BOOK row)  free $226.45
  SHADOW    intraday M1 $263.32 (+4.38%)  M1g $253.98 (+0.68%)  4d paper only
  CARRY     $252.12 (-0.06%)  8 held  paper only
  BOOK      9 pos gross $121.64 (0.50x)  open $-6.21  funding $+0.02  vol 20% top 20
            rebal 2026-09-28
  SESSION   $-5.00 -2.01%  peak $249.84  dd 2.27%
  CURVE     **********++++++++++++++==============================================----------------
  MONTH     book guard $8.63 of $37.92 used  on marked equity  from $252.81  dial 15%
            ######....................
  RECORD    no closed trades yet this run
  LIFETIME  139tr 44W 95L 32%  $+0.39
  FEES      no fills yet this run
  MARKET    bias +0.00  breadth +0.00
  ------------------------------------------------------------------------------------------------
 
 
  12:26  up 24h01m  scan 0 -----------------------------------------------------------------------
  EQUITY    $244.20  unreal $-6.19
  OPEN      no intraday positions  book holds 9 (BOOK row)  free $226.45
  SHADOW    intraday M1 $263.32 (+4.38%)  M1g $253.98 (+0.68%)  4d paper only
  CARRY     $252.12 (-0.06%)  8 held  paper only
  BOOK      9 pos gross $121.44 (0.50x)  open $-6.19  funding $+0.02  vol 20% top 20
            rebal 2026-09-28
  SESSION   $-4.98 -2.00%  peak $249.84  dd 2.26%
  CURVE     **********+++++++++++++++=============================================----------------
  MONTH     book guard $8.61 of $37.92 used  on marked equity  from $252.81  dial 15%
            ######....................
  RECORD    no closed trades yet this run
  LIFETIME  139tr 44W 95L 32%  $+0.39
  FEES      no fills yet this run
  MARKET    bias +0.00  breadth +0.00
  ------------------------------------------------------------------------------------------------
 
12:32:25 |    👻 C489 shadow hour 07:00 UTC: 36 coins scored (warm-up (14, no flow)), gate shut | M1
    $262.51 (+4.06%) M1g $253.98 (+0.68%) over 4d [17s]
 
  12:34  up 24h09m  scan 0 -----------------------------------------------------------------------
  EQUITY    $244.34  unreal $-6.05
  OPEN      no intraday positions  book holds 9 (BOOK row)  free $226.45
  SHADOW    intraday M1 $262.51 (+4.06%)  M1g $253.98 (+0.68%)  4d paper only
  CARRY     $252.12 (-0.06%)  8 held  paper only
  BOOK      9 pos gross $121.79 (0.50x)  open $-6.05  funding $+0.02  vol 20% top 20
            rebal 2026-09-28
  SESSION   $-4.84 -1.94%  peak $249.84  dd 2.20%
  CURVE     **********+++++++++++++++============================================-----------------
  MONTH     book guard $8.47 of $37.92 used  on marked equity  from $252.81  dial 15%
            ######....................
  RECORD    no closed trades yet this run
  LIFETIME  139tr 44W 95L 32%  $+0.39
  FEES      no fills yet this run
  MARKET    bias +0.00  breadth +0.00
  ------------------------------------------------------------------------------------------------
 
 
  12:42  up 24h17m  scan 0 -----------------------------------------------------------------------
  EQUITY    $244.36  unreal $-6.03
  OPEN      no intraday positions  book holds 9 (BOOK row)  free $226.45
  SHADOW    intraday M1 $262.51 (+4.06%)  M1g $253.98 (+0.68%)  4d paper only
  CARRY     $252.12 (-0.06%)  8 held  paper only
  BOOK      9 pos gross $121.27 (0.50x)  open $-6.03  funding $+0.02  vol 20% top 20
            rebal 2026-09-28
  SESSION   $-4.82 -1.93%  peak $249.84  dd 2.19%
  CURVE     **********+++++++++++++++============================================-----------------
  MONTH     book guard $8.45 of $37.92 used  on marked equity  from $252.81  dial 15%
            ######....................
  RECORD    no closed trades yet this run
  LIFETIME  139tr 44W 95L 32%  $+0.39
  FEES      no fills yet this run
  MARKET    bias +0.00  breadth +0.00
  ------------------------------------------------------------------------------------------------
 
 
  12:50  up 24h25m  scan 0 -----------------------------------------------------------------------
  EQUITY    $244.40  unreal $-5.99
  OPEN      no intraday positions  book holds 9 (BOOK row)  free $226.45
  SHADOW    intraday M1 $262.51 (+4.06%)  M1g $253.98 (+0.68%)  4d paper only
  CARRY     $252.12 (-0.06%)  8 held  paper only
  BOOK      9 pos gross $121.21 (0.50x)  open $-5.99  funding $+0.02  vol 20% top 20
            rebal 2026-09-28
  SESSION   $-4.78 -1.92%  peak $249.84  dd 2.18%
  CURVE     **********+++++++++++++++===========================================------------------
  MONTH     book guard $8.41 of $37.92 used  on marked equity  from $252.81  dial 15%
            ######....................
  RECORD    no closed trades yet this run
  LIFETIME  139tr 44W 95L 32%  $+0.39
  FEES      no fills yet this run
  MARKET    bias +0.00  breadth +0.00
  ------------------------------------------------------------------------------------------------
 
 
  12:58  up 24h33m  scan 0 -----------------------------------------------------------------------
  EQUITY    $244.52  unreal $-5.87
  OPEN      no intraday positions  book holds 9 (BOOK row)  free $226.45
  SHADOW    intraday M1 $262.51 (+4.06%)  M1g $253.98 (+0.68%)  4d paper only
  CARRY     $252.12 (-0.06%)  8 held  paper only
  BOOK      9 pos gross $120.58 (0.49x)  open $-5.87  funding $+0.02  vol 20% top 20
            rebal 2026-09-28
  SESSION   $-4.66 -1.87%  peak $249.84  dd 2.13%
  CURVE     **********+++++++++++++=============================================-----------------=
  MONTH     book guard $8.29 of $37.92 used  on marked equity  from $252.81  dial 15%
            ######....................
  RECORD    no closed trades yet this run
  LIFETIME  139tr 44W 95L 32%  $+0.39
  FEES      no fills yet this run
  MARKET    bias +0.00  breadth +0.00
  ------------------------------------------------------------------------------------------------
 
 
  13:06  up 24h41m  scan 0 -----------------------------------------------------------------------
  EQUITY    $244.59  unreal $-5.80
  OPEN      no intraday positions  book holds 9 (BOOK row)  free $226.45
  SHADOW    intraday M1 $262.51 (+4.06%)  M1g $253.98 (+0.68%)  4d paper only
  CARRY     $252.12 (-0.06%)  8 held  paper only
  BOOK      9 pos gross $120.54 (0.49x)  open $-5.80  funding $+0.02  vol 20% top 20
            rebal 2026-09-28
  SESSION   $-4.59 -1.84%  peak $249.84  dd 2.10%
  CURVE     **********+++++++++++++=============================================-----------------=
  MONTH     book guard $8.22 of $37.92 used  on marked equity  from $252.81  dial 15%
            ######....................
  RECORD    no closed trades yet this run
  LIFETIME  139tr 44W 95L 32%  $+0.39
  FEES      no fills yet this run
  MARKET    bias +0.00  breadth +0.00
  ------------------------------------------------------------------------------------------------
 

============================================================
📝 Log saved: 2026-09-28 13:08:58
============================================================
 
  SESSION SUMMARY --------------------------------------------------------------------------------
  RAN       24h43m  0 scans  0 pair-analyses  0 closed trades
  P&L       $-4.83 (-1.94%)  $249.42 > $244.59  maxDD 2.41%
  CURVE     @@@@@@@@@@##**#**++++++====------____-__-_-------------__-__-______.................._
  COST      fees $0.00  maker 0 / taker 0 fills
  ------------------------------------------------------------------------------------------------
 

============================================================
📝 Log saved: 2026-09-28 13:08:58
============================================================
