08:36:22 | 📊 Paper Mode
08:36:24 | ✅ Connected | 805 futures markets
08:36:24 | 📊 Bitget Fees: Maker 0.02% | Taker 0.06%
08:36:24 | 📊 Market type: PERPETUAL FUTURES (swap) — verified
08:36:24 | 📋 Limit Orders: ENABLED (offset 0.1%)
08:36:24 | 📂 Loaded state: $250.14 | 0 positions | available $250.14 (locked $0.00)
08:36:24 | 📐 RISK @ $250.14: monthly dial 15% = $37.92/month  |  per-trade risk 0.341% = $0.85  |  break-even win rate 51% at the measured 0.97 payoff [C482]
08:36:24 |    today's loss limit is 25% of what the month has left, fixed at midnight (C482)
 
  ================================================================================================
  OMEGA C486  PAPER  Bitget perps
  25 Sep 2026   08:36
  start $250.14  risk dial 15%/month
  ================================================================================================
 
  RISK FRAME -------------------------------------------------------------------------------------
  EQUITY    $250.14  805 markets
  MONTH     dial 15% = $37.92 this month  used $2.66
  DAY       limit $9.44  25% of what the month has left, fixed at midnight
  RISK      0.341% = $0.85/trade  trades/day NO CAP
  EDGE      +0.0067 blended  40W 89L realised
  NEED      51% win at 0.97 payoff
  ------------------------------------------------------------------------------------------------
 
08:36:24 |    (legacy Flask page not installed — the dashboard is the control panel)
08:36:24 | 🌐 Remote control on http://0.0.0.0:8138 — TOKEN REQUIRED
08:36:24 |    📱 Same WiFi: http://10.0.0.160:8138/?t=<your token>
08:36:24 |    🌍 Internet: put a Cloudflare Tunnel in front of this port.
08:36:24 |        See deploy/DEPLOY.md — one command, no open ports, free.
08:36:24 | ============================================================
08:36:24 | 🤖 OMEGA V60 — INFORMATION ENGINE (C466)
08:36:24 |    🧪 C364 PAPER=LIVE PARITY — costs modelled in paper:
08:36:24 |       • entries: post-only, REJECTED if the limit would cross (mirrors C363 live)
08:36:24 |       • market fills: lift the ASK / hit the BID — never the last price
08:36:24 |       • exit fee: taker on current notional
08:36:24 |       • funding: charged per 8h settlement crossed
08:36:24 |       NOT modelled: partial fills, API outages, queue position.
08:36:24 | ============================================================
08:36:24 | 🔒 Score floor reset: 0.32 (single mode — HP retired at C403-3)
08:36:24 | 🧮 C458 EDGE STATE — what the ledger permits today:
08:36:24 |    realised 7W/13L → shrunk base rate 0.425; fair odds for a 2.00R target are 0.333
08:36:24 |    blended edge +0.0067  (prior +0.0467 x0.60 + realised -0.0534 x0.40 (n=20; anchored on realised payoff 0.97 (7W/13L in R) (break-even wr 0.509 vs realised 0.425 = e -0.0837) x extrapolation shrink 0.64 to T 1.41R))
08:36:24 |    ✅ edge is positive — the expectancy gate is open on merit, and exploration should stay idle.
08:36:24 | 📋 Version history: see CHANGELOG.md (auto-updated each revision)
08:36:24 | ============================================================
08:36:24 | 📊 ARCHITECTURE — what is actually running:
08:36:24 |   1 SCANNER    756 markets → volume floor → top 30 by liveliness
08:36:24 |   2 ENTRY      11 signal components → one score; only 3 hard vetoes
08:36:24 |                (can't pay fees / no room to stop / not tradeable).
08:36:24 |                Everything else is a weighted penalty [C403-5].
08:36:24 |                EXPECTANCY GATE [C404/C405]: R = proj×√t ÷ stop,
08:36:24 |                E = p(R×0.60)−(1−p); E must clear 0 AND the live percentile bar.
08:36:24 |                TRADES/DAY [C467]: NO CAP. No count target, no hard cap, no per-scan limit. 2/pair still applies (that is concentration, not pace).
08:36:24 |                What refuses a trade now: the three hard vetoes only — can't pay fees, no room to stop, not tradeable. E<0 is a PENALTY while p has no measured skill [C467].
08:36:24 |   3 MONITOR    SPLIT LOOP [C397]: prices every 0.8s (stop, floors);
08:36:24 |                OHLCV/DRI every 20s; regime every 90s, AFTER positions.
08:36:24 |   4 EXIT       4 questions: HARD STOP · THESIS DEAD (C399 retention)
08:36:24 |                · PROFIT FLOOR (C397 runner floor binds) · TIME.
08:36:24 |                Loss patience is BOUNDED at 1.35× the soft limit [C404-2].
08:36:24 |   SESSIONS     when each market DISCOVERS its price, in IST (US is currently on EDT):
08:36:24 |                crypto        24/7        · metals+energy  Globex ~24/5
08:36:24 |                US equity     19:00–01:30 IST  (a NIGHT session from India)
08:36:24 |                index futures Globex ~24/5 (SP500/NDX100 are futures, not cash)
08:36:24 |                Korea (KRX)   05:30–12:00 IST · HK  07:00–13:30 IST (lunch 09:30–10:30)
08:36:24 |                ● OPEN  crypto        24/7
08:36:24 |                ○ shut  us_equity     US cash closed
08:36:24 |                ● OPEN  index_future  Globex index
08:36:24 |                ● OPEN  metal         Globex
08:36:24 |                ● OPEN  korea_equity  KRX cash
08:36:24 |                ● OPEN  hk_equity     HKEX morning
08:36:24 |   UNIVERSE     crypto + 294 RWA perps (stocks/metals/energy/ETFs),
08:36:24 |                session-gated; leverage scaled to each instrument's own ATR;
08:36:24 |                fee burden inside E. ONE POOL, no per-class quota [C409].
08:36:24 |                WHY: crypto alive 39.3% of bars, ANY asset alive 59.8%
08:36:24 |                (+20.5pp). Cross-class aliveness corr +0.04/+0.14 vs
08:36:24 |                crypto's OWN internal factor corr +0.925 — real diversification.
08:36:24 |   EDGES        C398 capitulation tilt (down-side only, +4.67pp measured)
08:36:24 |                C396 session tilt · C401 taker-flow (instrumented)
08:36:24 |                C403-7 flow term ±10% on direction
08:36:24 |   RETIRED      HP phase ladder (C403-3: 5 incident classes, 0 benefit)
08:36:24 |                Guardian + C329 (C403-4: 4 controllers, none knew the risk)
08:36:24 |                per-symbol learning (C403-2: needs ~10 months of trades)
08:36:24 |                DSI+DRI divergence / DRI HARD (C399: unreachable by construction)
08:36:24 | ============================================================
08:36:24 | ============================================================
08:36:24 | ✅ DRI SYSTEM (11 components, renormalised to exactly 1.0 [C400]):
08:36:24 |    Threshold: 0.3 | Hard: 0.5
08:36:24 |    Weights: Mom=0.18 Tech=0.16 Vol=0.11
08:36:24 |    ML=0.04 Wave=0.04 OFI=0.06
08:36:24 |    Fund=0.05 MTF=0.06 RVS=0.07
08:36:24 |    PA=0.15(dyn→0.45) Time=0.10 — nominal sum 1.02, rescaled to 1.00 at runtime [C400: was 1.113]
08:36:24 |    DSI = 6 of those 11 (Mom/Vol/Tech/ML/Wave/MTF, sum 0.59) inverted, Hurst-modulated, now unit-scaled [C400]
08:36:24 |    READ THEM AS: DRI negative = reversal thesis STRONG; DRI→0 = thesis DYING. DSI positive = sustainable; DSI→0 = spent.
08:36:24 |    Updates: every 20s (15m candles do not move faster; prices stay on the 0.8s leg)
08:36:24 | ============================================================
08:36:24 | 📋 CONFIGURATION:
08:36:24 |    💰 Equity: $250.14 | Available: $250.14
08:36:24 |    📊 Position Sizing: Dynamic allocation, min $5.0 | 3-5 positions
08:36:24 |    🎲 Leverage: 1x-10x  (single mode — HP retired, C403-3)
08:36:24 |    📋 Limit Orders: ON | Maker 0.02% Taker 0.06%
08:36:24 |    🎚️ Loss control: monthly risk dial 15% — today may lose 25% of what the month has left (C482)
08:36:24 |    🛡️ Session drawdown breaker: off | Guardian: report only (C482)
08:36:24 |    ⏱️ Prices 0.8s | DRI 20s | Summary 480s | Min age 15min
08:36:24 |    🧠 Shared learning ON (Markov chains, calibration). Per-symbol memory OFF [C403-2].
08:36:24 | ============================================================
08:36:24 | 📊 MODE: NORMAL
08:36:24 |    Normal start: $250.00
08:36:24 | ============================================================
08:36:24 | 💡 Press Ctrl+C to stop safely
08:36:24 | ============================================================
08:36:24 | 🔄 Monitoring thread started — SPLIT LOOP [C397]: FAST leg every 0.8s (prices in PARALLEL → hard stop, trailing floor, peak floor, capture floor); SLOW leg every 20s (OHLCV/DRI) and 90s (BTC/ETH regime, AFTER positions are checked, never before)
08:36:25 | ⚠️ C58: Cache empty — forcing scan refresh
08:36:25 | ━━━━━━━━━━━━━━━━━━━━━━━━━━━━━━━━━━━━━━━━━━━━━━━━━━
08:36:25 | 📋 STEP 1: SCREENING — Scanning all futures markets
08:36:25 | ━━━━━━━━━━━━━━━━━━━━━━━━━━━━━━━━━━━━━━━━━━━━━━━━━━
08:36:25 |    📊 C451-2 funding cross-section: 805 pairs, median +0.0050%, p90 +0.0100% — crowding is now read against the BOARD, not against a fixed number [throttled 30min]
08:36:25 | 🔍 Scanning 805 markets for lively pairs...
08:36:26 |    🕒 C408: RWA held out this scan — us_equity×315  (they print 24/7 but only inform in session)
08:36:26 | 📊 285 pairs meet volume threshold ($750,000 relative)
08:36:26 |    🧮 C424 phase-2 caps ADD per desk: crypto 114/267 · energy 3/3 · hk_equity 7/7 · index_future 2/2 · korea_equity 2/2 · metal 4/4 = 132 (a global cap let a busy desk crowd out a quiet one; C417 already ruled that comparison meaningless) [throttled 15min]
08:36:31 |    🗂 C417 DESKS — each market scanned on its own terms:
08:36:31 |         ● crypto       universe  465  floor $   300k  passed  114  analysing  60
08:36:31 |         ○ us_equity    US cash closed
08:36:31 |         ● index_future universe    3  floor $   300k  passed    2  analysing   2
08:36:31 |         ● metal        universe    8  floor $  1746k  passed    4  analysing   4
08:36:31 |         ● energy       universe    3  floor $  3661k  passed    3  analysing   3
08:36:31 |         ● korea_equity universe    3  floor $   709k  passed    2  analysing   2
08:36:31 |         ● hk_equity    universe    8  floor $   300k  passed    7  analysing   7
08:36:31 |         → 78 pairs into Step 3 across 6 open markets (one budget each, they ADD — a second market never shrinks the first)
08:36:31 | 🏆 Top 78 pairs (PREDICTIVE: freshness + projected + geometric)
08:36:31 |    1. BTC/USDT:USDT: Live=1.172 V=$3067.0M Chg=-0.1% Proj=+0.42 Geo=-0.069
08:36:31 |    2. ETH/USDT:USDT: Live=1.079 V=$1826.2M Chg=-0.2% Proj=+0.37 Geo=-0.061
08:36:31 |    3. ONDO/USDT:USDT: Live=0.831 V=$140.4M Chg=+26.7% Proj=+0.24 Geo=+0.065
08:36:31 |    4. XRP/USDT:USDT: Live=0.709 V=$310.5M Chg=+1.6% Proj=+0.13 Geo=-0.048
08:36:31 |    5. ZEC/USDT:USDT: Live=0.926 V=$299.6M Chg=+1.9% Proj=+0.35 Geo=-0.079
08:36:31 |    6. SOL/USDT:USDT: Live=1.076 V=$225.4M Chg=+1.5% Proj=+0.52 Geo=+0.029
08:36:31 |    7. XAU/USDT:USDT: Live=0.479 V=$142.5M Chg=-0.1% Proj=-0.03 Geo=+0.104
08:36:31 |    8. NEAR/USDT:USDT: Live=0.863 V=$119.8M Chg=+3.6% Proj=+0.36 Geo=+0.009
08:36:31 |    9. LTC/USDT:USDT: Live=0.695 V=$70.2M Chg=+7.5% Proj=+0.20 Geo=-0.011
08:36:31 |    10. CL/USDT:USDT: Live=0.556 V=$80.7M Chg=+1.7% Proj=+0.08 Geo=+0.156
08:36:31 |    11. NIL/USDT:USDT: Live=0.915 V=$57.4M Chg=-21.8% Proj=+0.44 Geo=+0.026
08:36:31 |    12. HYPE/USDT:USDT: Live=0.567 V=$78.5M Chg=-1.3% Proj=+0.09 Geo=-0.006
08:36:31 |    13. ENA/USDT:USDT: Live=0.681 V=$51.0M Chg=+9.2% Proj=+0.21 Geo=+0.108
08:36:31 |    14. SUI/USDT:USDT: Live=0.618 V=$55.8M Chg=+4.6% Proj=+0.16 Geo=-0.023
08:36:31 |    15. UNI/USDT:USDT: Live=0.855 V=$47.5M Chg=-2.8% Proj=+0.40 Geo=-0.046
08:36:31 |    16. LSK/USDT:USDT: Live=0.700 V=$60.1M Chg=+8.7% Proj=+0.25 Geo=+0.270
08:36:31 |    17. DOGE/USDT:USDT: Live=0.877 V=$55.1M Chg=+1.5% Proj=+0.43 Geo=-0.060
08:36:31 |    18. XLM/USDT:USDT: Live=0.789 V=$23.2M Chg=+9.0% Proj=+0.35 Geo=+0.168
08:36:31 |    19. PEPE/USDT:USDT: Live=0.819 V=$54.2M Chg=+0.4% Proj=+0.39 Geo=-0.039
08:36:31 |    20. ADA/USDT:USDT: Live=0.536 V=$33.0M Chg=+3.3% Proj=+0.11 Geo=-0.070
08:36:31 |    21. BZ/USDT:USDT: Live=0.228 V=$36.6M Chg=+1.4% Proj=-0.19 Geo=+0.139
08:36:31 |    22. FET/USDT:USDT: Live=0.746 V=$11.9M Chg=+14.3% Proj=+0.34 Geo=-0.033
08:36:31 |    23. TRUMP/USDT:USDT: Live=0.525 V=$21.0M Chg=+4.7% Proj=+0.12 Geo=+0.017
08:36:31 |    24. WLD/USDT:USDT: Live=0.904 V=$23.4M Chg=+5.4% Proj=+0.50 Geo=+0.011
08:36:31 |    25. XAG/USDT:USDT: Live=0.201 V=$36.1M Chg=-0.2% Proj=-0.20 Geo=+0.031
08:36:31 |    26. SKHYNIX/USDT:USDT: Live=0.192 V=$24.4M Chg=-0.4% Proj=-0.19 Geo=+0.044
08:36:31 |    27. MUBARAK/USDT:USDT: Live=0.821 V=$11.0M Chg=-20.1% Proj=+0.45 Geo=+0.155
08:36:31 |    28. BTW/USDT:USDT: Live=0.510 V=$11.7M Chg=-11.3% Proj=+0.14 Geo=-0.039
08:36:31 |    29. MARSCOIN/USDT:USDT: Live=0.854 V=$7.4M Chg=-14.0% Proj=+0.49 Geo=+0.115
08:36:31 |    30. PUMP/USDT:USDT: Live=0.494 V=$14.5M Chg=-3.2% Proj=+0.13 Geo=+0.026
08:36:31 |    31. AVAX/USDT:USDT: Live=0.601 V=$22.2M Chg=-1.0% Proj=+0.23 Geo=+0.034
08:36:31 |    32. 龙虾/USDT:USDT: Live=0.752 V=$11.9M Chg=-21.3% Proj=+0.39 Geo=+0.139
08:36:31 |    33. FIL/USDT:USDT: Live=0.644 V=$15.9M Chg=+2.6% Proj=+0.28 Geo=+0.031
08:36:31 |    34. AAVE/USDT:USDT: Live=0.508 V=$10.5M Chg=+4.4% Proj=+0.15 Geo=-0.050
08:36:31 |    35. XAUT/USDT:USDT: Live=0.493 V=$18.7M Chg=-0.1% Proj=+0.14 Geo=+0.043
08:36:31 |    36. PENGU/USDT:USDT: Live=0.719 V=$13.7M Chg=-2.4% Proj=+0.37 Geo=+0.040
08:36:31 |    37. PONS/USDT:USDT: Live=0.503 V=$7.0M Chg=-4.6% Proj=+0.15 Geo=-0.045
08:36:31 |    38. PAXG/USDT:USDT: Live=0.296 V=$17.5M Chg=-0.2% Proj=-0.05 Geo=+0.080
08:36:31 |    39. DOT/USDT:USDT: Live=0.919 V=$11.6M Chg=+2.2% Proj=+0.58 Geo=+0.031
08:36:31 |    40. ARB/USDT:USDT: Live=0.652 V=$15.8M Chg=-0.6% Proj=+0.32 Geo=-0.033
08:36:31 |    41. ZRO/USDT:USDT: Live=0.786 V=$6.2M Chg=-8.1% Proj=+0.45 Geo=+0.102
08:36:31 |    42. XAI/USDT:USDT: Live=0.577 V=$11.7M Chg=+12.5% Proj=+0.25 Geo=+0.245
08:36:31 |    43. BNB/USDT:USDT: Live=0.779 V=$13.7M Chg=+0.3% Proj=+0.45 Geo=-0.036
08:36:31 |    44. LDO/USDT:USDT: Live=0.654 V=$3.6M Chg=+10.9% Proj=+0.33 Geo=+0.002
08:36:31 |    45. SEI/USDT:USDT: Live=0.637 V=$6.2M Chg=+5.8% Proj=+0.32 Geo=+0.026
08:36:31 |    46. APT/USDT:USDT: Live=0.527 V=$8.6M Chg=+3.6% Proj=+0.22 Geo=+0.016
08:36:31 |    47. PI/USDT:USDT: Live=0.580 V=$2.5M Chg=-3.1% Proj=+0.28 Geo=-0.050
08:36:31 |    48. XMR/USDT:USDT: Live=0.533 V=$7.8M Chg=+1.5% Proj=+0.24 Geo=+0.007
08:36:31 |    49. SAMSUNG/USDT:USDT: Live=0.307 V=$7.1M Chg=-0.6% Proj=+0.02 Geo=+0.101
08:36:31 |    50. HBAR/USDT:USDT: Live=0.581 V=$7.2M Chg=+1.4% Proj=+0.29 Geo=+0.015
08:36:31 |    51. RAY/USDT:USDT: Live=0.695 V=$8.1M Chg=+1.5% Proj=+0.41 Geo=+0.102
08:36:31 |    52. TUT/USDT:USDT: Live=0.820 V=$6.1M Chg=+4.7% Proj=+0.54 Geo=+0.211
08:36:31 |    53. POL/USDT:USDT: Live=0.553 V=$2.8M Chg=+5.3% Proj=+0.28 Geo=+0.003
08:36:31 |    54. NATGAS/USDT:USDT: Live=-0.069 V=$4.5M Chg=+2.5% Proj=-0.34 Geo=-0.028
08:36:31 |    55. FARTCOIN/USDT:USDT: Live=0.676 V=$4.2M Chg=-2.4% Proj=+0.41 Geo=+0.000
08:36:31 |    56. JST/USDT:USDT: Live=0.689 V=$0.6M Chg=+5.9% Proj=+0.42 Geo=+0.192
08:36:31 |    57. 1000BONK/USDT:USDT: Live=0.495 V=$3.8M Chg=+4.4% Proj=+0.23 Geo=-0.018
08:36:31 |    58. CSOPSK2LHKD/USDT:USDT: Live=0.073 V=$1.4M Chg=-2.8% Proj=-0.19 Geo=-0.057
08:36:31 |    59. TRX/USDT:USDT: Live=0.559 V=$1.7M Chg=-1.1% Proj=+0.30 Geo=-0.071
08:36:31 |    60. PROM/USDT:USDT: Live=0.599 V=$2.7M Chg=+7.8% Proj=+0.34 Geo=+0.090
08:36:31 |    61. ALLO/USDT:USDT: Live=0.682 V=$1.5M Chg=-5.5% Proj=+0.43 Geo=+0.038
08:36:31 |    62. JTO/USDT:USDT: Live=0.546 V=$1.9M Chg=+6.3% Proj=+0.29 Geo=+0.014
08:36:31 |    63. H/USDT:USDT: Live=0.590 V=$1.8M Chg=+13.2% Proj=+0.35 Geo=+0.099
08:36:31 |    64. STG/USDT:USDT: Live=0.622 V=$1.8M Chg=-7.1% Proj=+0.38 Geo=+0.021
08:36:31 |    65. EGLD/USDT:USDT: Live=0.633 V=$1.9M Chg=+4.6% Proj=+0.40 Geo=+0.109
08:36:31 |    66. CYS/USDT:USDT: Live=0.559 V=$2.7M Chg=+4.7% Proj=+0.33 Geo=+0.181
08:36:31 |    67. ETHFI/USDT:USDT: Live=0.637 V=$3.0M Chg=+1.2% Proj=+0.42 Geo=+0.009
08:36:31 |    68. DEEP/USDT:USDT: Live=0.684 V=$0.5M Chg=+12.1% Proj=+0.47 Geo=+0.217
08:36:31 |    69. CROSS/USDT:USDT: Live=0.701 V=$0.3M Chg=+8.1% Proj=+0.49 Geo=+0.156
08:36:31 |    70. APR/USDT:USDT: Live=0.538 V=$1.0M Chg=-3.5% Proj=+0.33 Geo=+0.076
08:36:31 |    71. CSOPSS2LHKD/USDT:USDT: Live=0.038 V=$1.0M Chg=-2.5% Proj=-0.14 Geo=+0.135
08:36:31 |    72. SHEINHKD/USDT:USDT: Live=0.898 V=$0.5M Chg=-4.7% Proj=+0.74 Geo=+0.194
08:36:31 |    73. MINIMAXHKD/USDT:USDT: Live=0.214 V=$0.6M Chg=-2.6% Proj=+0.08 Geo=+0.209
08:36:31 |    74. TENCENTHKD/USDT:USDT: Live=0.388 V=$0.6M Chg=-0.9% Proj=+0.26 Geo=+0.080
08:36:31 |    75. XIAOMIHKD/USDT:USDT: Live=0.186 V=$0.5M Chg=-1.8% Proj=+0.06 Geo=+0.141
08:36:31 |    76. SPX/USDT:USDT: Live=0.520 V=$1.0M Chg=+0.8% Proj=+0.40 Geo=+0.048
08:36:31 |    77. ZHIPUHKD/USDT:USDT: Live=0.357 V=$0.7M Chg=-1.3% Proj=+0.25 Geo=+0.232
08:36:31 |    78. NDX100/USDT:USDT: Live=-0.367 V=$0.6M Chg=+0.1% Proj=-0.44 Geo=-0.064
08:36:31 |    🪞 C266 board-parity (top movers vs screen): ONDO +27%[#3] | QNT +27%[Live=0.35<cut] | XPL +23%[Live=0.46<cut] | NIL -22%[#11] | 龙虾 -21%[#32]
08:36:31 |    🔬 BTC geo: slope=+0.007 rough=-0.075
08:36:31 |    🔬 ETH geo: slope=+0.019 rough=-0.080
08:36:31 |    🔬 ONDO geo: slope=+0.076 fib=+0.022 rough=-0.051 pure=+0.019
08:36:31 | 📦 OHLCV cache: 131 pairs cached for quick_scan
08:36:32 |    📰 C421-4: coin-name table loaded (15185 symbols) — the news layer can now resolve mid-caps the 24-entry typed map never held
08:36:32 |    📰 C421-4: news layer now covering 60 screened pairs; 48 have a resolvable coin name from venue metadata (the old typed map held 24 majors and the query asked only about bitcoin/ethereum)
08:36:32 | ━━━━━━━━━━━━━━━━━━━━━━━━━━━━━━━━━━━━━━━━━━━━━━━━━━
08:36:32 | 📋 STEP 2: MARKET ANALYSIS — News, Bias, Coherence
08:36:32 | ━━━━━━━━━━━━━━━━━━━━━━━━━━━━━━━━━━━━━━━━━━━━━━━━━━
08:36:32 |    🌍 C270 macro: NDX/SPX z=-0.63 gold z=-1.00 tone x1.00 sess w=0.15 -> tilt -0.009 | R -0.13->-0.14
08:36:32 | 📉 C76 12h-DAMPEN: 12h=+0.37 opposes resultant=-0.14 → conviction ×0.70
08:36:32 | ⚠️ C85 MARGINAL-RESULTANT: R=-0.14 mag=0.14 — entries allowed with higher bar
08:36:34 | 📰 News: 65 articles | Market sentiment: 🔵 +0.17
08:36:34 | 📰 News: 65 articles | 🔵 +0.17
08:36:34 | 📈 Market: 🔻BEARISH (blend=+0.01 R=-0.14) | 1h=-0.92 4h=-0.19 12h=+0.37 align=-0.08 macro=✓
08:36:34 | 📊 Regime: MIXED (0.38) | DFA=0.79 Ent=0.92 GARCH=0.0021
08:36:34 | 🎲 RegimeMarkov: state=CH → next most-likely CH (P=0.78, persist=0.78, conf=0.76, n=278) | calib[1525]: acc=0.84 brier=0.057
08:36:34 | 🎲 PairMarkov: calib[29465]: acc=1.00 brier=0.000 (baseline 0.160)
08:36:34 | 🎲 FamilyMarkov: calib[3216/120]: acc=1.00 brier=0.003 (base 0.020) skill=+83.7% [need +5%] EARNED [C342]
08:36:34 | 🎲 IchiMarkov: calib[29202/200]: acc=0.83 brier=0.125 (base 0.149) skill=+15.8% [need +5%] EARNED [C343]
08:36:34 | 🧮 S3-EV: calib[156]: acc=0.33 brier=0.329 (baseline 0.250)
08:36:34 | 🌊 Market coherence: 62% long (40↑ vs 24↓)
08:36:35 | 💰 Taker flow: 🔻 -0.34 (BTC=-0.29 ETH=-0.39)
08:36:35 | ━━━━━━━━━━━━━━━━━━━━━━━━━━━━━━━━━━━━━━━━━━━━━━━━━━
08:36:35 | 📋 STEP 3: PREDICTIVE ANALYSIS — Scoring each pair
08:36:35 | ━━━━━━━━━━━━━━━━━━━━━━━━━━━━━━━━━━━━━━━━━━━━━━━━━━
08:36:52 |    📚 PairProfiles: 471 pairs in persistent baseline (131/131 mature this scan)
08:36:52 |    ------------------------------------
08:36:52 |    🧬 BTC: breadth 4/6 → conviction 0.58 | cat=majors/W-1.00(member) meanrev×1.40 | Sq=-0.03 fund=+0.004% OI=$2699.6M CVD=-0.27 ofi=+0.09 book=+0.11
08:36:52 |    🌍 C396 session tilt: Asia (03h UTC) → entry score ×0.88 [measured 55.9% Europe vs 46.5% Asia barrier-win]
08:36:52 |    📰 BTC: news long sig=0.50 score=-0.03
08:36:52 |    🧭 C436 direction probability: no source has earned skill — base rate (unchanged behaviour)
08:36:52 |    🧪 C420-5: S3 probability skill -31.5% over 156 scored trades (brier 0.329 vs baseline 0.250) → claims kept at ×0.00; p 0.59→0.42. NOT EARNED — p is the base rate [throttled 15min]
08:36:52 |    🧊 C455-3: expectancy reference carried over from the previous session — 14 candidates, bar at the 90th percentile. The first scan can now RANK instead of waving everything through at the floor.
08:36:52 |    ⚖️ C467: BTC E=-0.091R is below the +0.000R bar, but the probability feeding E has NO measured skill (Brier skill ≤ 0), so E does not get a veto — score taxed 5% instead and the other gates decide. The veto returns automatically when p starts beating a coin flip [C467, throttled 10min]
08:36:52 |    ⚡ BTC: short news-tech conflict — score×0.70 (news long sig=0.50)
08:36:52 |    🕐 C249 session floor: IST 08.6h coupling w=0.15 → entry bar ×1.127
08:36:52 |    ❌ BTC: short scr=0.02 conf=0.49 → low score (<0.47)
08:36:53 |    ------------------------------------
08:36:53 |    🧬 ETH: breadth 3/5 → conviction 0.59 | cat=majors/W-0.99(member) meanrev×1.40 | Sq=-0.04 fund=+0.006% OI=$2096.0M CVD=+0.26 ofi=-0.07 book=+0.11
08:36:53 |    🧭 C403 flow term: takers are -0.51 AGAINST this short → score ×0.949
08:36:53 |    📰 ETH: news short sig=0.30 score=-0.04
08:36:53 |    🛑 ETH: short target 0.1% too small + room 8% → blocked
08:36:53 |    ------------------------------------
08:36:53 |    🧬 ONDO: breadth 3/6 → conviction 0.60 | cat=rwa/W-0.92(member) meanrev×1.26 | Sq=-0.03 fund=+0.005% OI=$33.8M CVD=-0.18 ofi=-0.16 book=-0.07
08:36:53 |    🧬 ONDO: own-history vol 1.89% vs baseline 0.70% (×2.68) → abnormal-wild conviction ×0.93 [C286-2]
08:36:53 |    📰 ONDO: news short sig=0.30 score=+0.09
08:36:53 |    🎢→✅ ONDO: parabola RESOLVED (pullback age 0c, recovered 0.4 ATR, extreme re-touched) → long allowed, penalty 15%
08:36:53 |    🛑 ONDO: projection 0.20% < 0.50% (ATR-relative) + MA-fan not accelerating (ma_fan=+0.04) → blocked
08:36:53 |    ------------------------------------
08:36:53 |    🧬 XRP: breadth 5/6 → conviction 0.80 | cat=l1/W-0.99(member) momentum×0.77 | Sq=-0.04 fund=+0.006% OI=$256.8M CVD=-0.07 ofi=-0.22 book=-0.15
08:36:53 |    📰 XRP: news long sig=0.30 score=+0.53
08:36:54 |    🛑 XRP: short target 0.1% too small + room 7% → blocked
08:36:54 |    ------------------------------------
08:36:54 |    🧬 ZEC: breadth 4/5 → conviction 0.73 | cat=privacy/W-0.20(member) meanrev×1.19 | Sq=-0.05 fund=+0.007% OI=$159.9M CVD=-0.60 ofi=-0.11 book=+0.21
08:36:54 |    · ZEC: news ~market score=+0.02 (no coin-specific articles)
08:36:54 |    ⚡ ZEC: projection 0.41% modest + MA-fan compressing (ma_fan=+0.01) → penalty 20%
08:36:54 |    ⚡ ZEC: short wick rejection #1 → score×0.75
08:36:54 |    ❌ ZEC: short scr=0.05 conf=0.36 → low score (<0.51)
08:36:55 |    ------------------------------------
08:36:55 |    🧬 SOL: breadth 4/6 → conviction 0.56 | cat=solana_eco/W-0.66(member) momentum×0.94 | Sq=+0.02 fund=-0.003% OI=$464.6M CVD=+0.28 ofi=-0.15 book=-0.30
08:36:55 |    📄 SOL: news long sig=0.12 score=+0.12
08:36:55 |    ⚡ SOL: projection 0.68% modest + MA-fan compressing (ma_fan=+0.02) → penalty 20%
08:36:55 |    ❌ SOL: short scr=0.03 conf=0.54 → low score (<0.48)
08:36:55 |    ------------------------------------
08:36:55 |    🧬 XAU: breadth 4/5 → conviction 0.99 | cat=calm/W-0.90(regime) meanrev×1.25 | Sq=-0.05 fund=+0.007% OI=$74.1M CVD=+0.60 ofi=+0.04 book=+0.10
08:36:55 |    📄 XAU: news long sig=0.10 score=+0.04
08:36:55 |    🎢→✅ XAU: parabola RESOLVED (pullback age 65c, recovered 5.7 ATR, extreme re-touched) → long allowed, penalty 15%
08:36:55 |    🛑 XAU: projection 0.08% < 0.25% (ATR-relative) + MA-fan not accelerating (ma_fan=+0.01) → blocked
08:36:56 |    ------------------------------------
08:36:56 |    🧬 NEAR: breadth 4/6 → conviction 0.78 | cat=ai/W+0.94(member) momentum×1.37 | Sq=-0.06 fund=+0.009% OI=$74.6M CVD=+0.60 ofi=-0.18 book=-0.29
08:36:56 |    📰 NEAR: news short sig=0.30 score=-0.18
08:36:56 |    ☁️ NEAR: ichimoku B- persisting 0.82 WITH the short → score ×1.02 (earned ledger) [C343]
08:36:56 |    ⚠️ NEAR: short into bullish rejection candle at RSI 40 (counter-signal) -> conviction x0.85
08:36:56 |    ⚡ NEAR: short wick rejection #1 → score×0.75
08:36:56 |    ❌ NEAR: short scr=0.08 conf=0.42 → low score (<0.62)
08:36:56 |    ------------------------------------
08:36:56 |    🧬 LTC: breadth 3/6 → conviction 0.44 | cat=l1/W+0.29(member) meanrev×0.88 | Sq=-0.06 fund=+0.010% OI=$37.3M CVD=+0.26 ofi=+0.08 book=-0.12
08:36:56 |    📰 LTC: news long sig=0.30 score=+0.26
08:36:56 |    🎢 LTC: long BLOCKED — broken-parabola bounce (day range 17×ATR, 7.0 ATR below the day high) → post-blow-off distribution risk
08:36:56 |       ⚖️ parabola → score ×0.82 (penalty, not a veto — must still clear the bar) [C403]
08:36:57 |    ☁️ LTC: ichimoku B- persisting 0.82 AGAINST the long → score ×0.98 (earned ledger) [C343]
08:36:57 |    ❌ LTC: long scr=0.01 conf=0.43 → low score (<0.55)
08:36:57 |    ------------------------------------
08:36:57 |    🧬 CL: breadth 3/5 → conviction 0.56 | cat=mid/W+0.10(regime) meanrev×0.97 | Sq=+0.09 fund=-0.013% OI=$35.7M CVD=-0.22 ofi=+0.07 book=-0.29
08:36:57 |    · CL: news ~market score=+0.02 (no coin-specific articles)
08:36:57 |    🛑 CL: SHORT at RSI 13 (oversold, stretched) → brake 39%
08:36:57 |    🎢→✅ CL: parabola RESOLVED (bounce age 43c, unwound 15.4 ATR) → short allowed, penalty 15%
08:36:57 |    🛑 CL: short structural exhaustion (2% room) → blocked
08:36:57 |    ------------------------------------
08:36:57 |    🧬 NIL: breadth 3/6 → conviction 0.55 | cat=wild/W+1.00(regime) meanrev×0.72 | Sq=-0.03 fund=+0.005% OI=$3.6M CVD=+0.22 ofi=-0.12 book=+0.23
08:36:57 |    🧬 NIL: own-history vol 3.56% vs baseline 1.63% (×2.18) → abnormal-wild conviction ×0.96 [C286-2]
08:36:57 |    · NIL: news ~market score=+0.02 (no coin-specific articles)
08:36:57 |    ⚡ NIL: 24h=-21.8% but 1h=+0.0% (TURNING) → penalty 30%
08:36:57 |    ☁️ NIL: ichimoku A+ persisting 0.87 WITH the long → score ×1.03 (earned ledger) [C343]
08:36:57 |    ❌ NIL: long scr=0.03 conf=0.42 → low score (<0.50)
08:36:58 |    ------------------------------------
08:36:58 |    🧬 HYPE: breadth 2/5 → conviction 0.52 | cat=defi/W-0.54(member) meanrev×1.12 | Sq=+0.01 fund=-0.001% OI=$205.4M CVD=+0.60 ofi=-0.40 book=-0.30
08:36:58 |    📄 HYPE: news long sig=0.12 score=+0.00
08:36:58 |    ☁️ HYPE: ichimoku B- persisting 0.82 AGAINST the long → score ×0.98 (earned ledger) [C343]
08:36:58 |    ❌ HYPE: long scr=0.01 conf=0.20 → low confidence
08:36:58 |    ------------------------------------
08:36:58 |    🧬 ENA: breadth 6/6 → conviction 1.00 | cat=defi/W+0.60(member) meanrev×0.81 | Sq=-0.03 fund=+0.005% OI=$49.4M CVD=+0.22 ofi=-0.05
08:36:58 |    📄 ENA: news long sig=0.12 score=+0.00
08:36:58 |    🎢→✅ ENA: parabola RESOLVED (pullback age 0c, recovered 1.0 ATR, extreme re-touched) → long allowed, penalty 15%
08:36:58 |    🛑 ENA: projection 0.47% < 0.50% (ATR-relative) + MA-fan not accelerating (ma_fan=+0.00) → blocked
08:36:59 |    ------------------------------------
08:36:59 |    🧬 SUI: breadth 3/5 → conviction 0.66 | cat=l1/W-0.33(member) trend×1.12 | Sq=+0.01 fund=-0.001% OI=$64.7M CVD=+0.29 ofi=+0.08 book=-0.21
08:36:59 |    · SUI: news ~market score=+0.02 (no coin-specific articles)
08:36:59 |    ❌ SUI: short scr=0.15 conf=0.39 → low score (<0.60)
08:36:59 |    ------------------------------------
08:36:59 |    🧬 UNI: breadth 4/6 → conviction 0.59 | cat=defi/W+0.15(member) flow×1.08 | Sq=-0.06 fund=+0.010% OI=$35.2M CVD=+0.60 ofi=+0.10 book=-0.25
08:36:59 |    📄 UNI: news long sig=0.12 score=+0.00
08:36:59 |    🎢→✅ UNI: parabola RESOLVED (bounce age 49c, unwound 4.9 ATR) → short allowed, penalty 15%
08:36:59 |    📏 UNI: projection 2.17% is 3.1× this pair's own 15m ATR (0.71%) — capped to 2.13% before R. A forecast beyond 3 ATR in one candle is a broken reading, not an opportunity [C420-3a, throttled 15min]
08:37:00 |    ☁️ UNI: ichimoku B- persisting 0.82 WITH the short → score ×1.02 (earned ledger) [C343]
08:37:00 |    ❌ UNI: short scr=0.10 conf=0.61 → low score (<0.51)
08:37:00 |    ------------------------------------
08:37:00 |    🧬 LSK: breadth 2/5 → conviction 0.57 | cat=wild/W+1.00(regime) meanrev×0.72 | Sq=-0.01 fund=+0.001% OI=$2.4M CVD=+0.41 ofi=+0.04 book=+0.22
08:37:00 |    · LSK: news ~market score=+0.02 (no coin-specific articles)
08:37:00 |    🛑 LSK: SHORT at RSI 6 (oversold, stretched) → brake 45%
08:37:00 |    🎢→✅ LSK: parabola RESOLVED (bounce age 26c, unwound 14.4 ATR) → short allowed, penalty 15%
08:37:00 |    ☁️ LSK: ichimoku B- persisting 0.82 WITH the short → score ×1.02 (earned ledger) [C343]
08:37:00 |    ❌ LSK: short scr=0.02 conf=0.27 → low confidence
08:37:01 |    ------------------------------------
08:37:01 |    🧬 DOGE: breadth 4/6 → conviction 0.78 | cat=meme/W-0.42(member) flow×1.05 | Sq=-0.04 fund=+0.007% OI=$121.9M CVD=-0.07 ofi=-0.05 book=-0.21
08:37:01 |    📰 DOGE: news long sig=0.30 score=+0.17
08:37:01 |    🛑 DOGE: short target 0.2% too small + room 8% → blocked
08:37:01 |    ------------------------------------
08:37:01 |    🧬 XLM: breadth 4/6 → conviction 0.67 | cat=l1/W+0.00(member) trend×1.10 | Sq=-0.07 fund=+0.010% OI=$27.7M CVD=+0.28 ofi=-0.07 book=-0.24
08:37:01 |    🧬 XLM: own-history vol 1.13% vs baseline 0.61% (×1.85) → abnormal-wild conviction ×0.98 [C286-2]
08:37:01 |    📄 XLM: news short sig=0.10 score=-0.08
08:37:01 |    🎢→✅ XLM: parabola RESOLVED (pullback age 0c, recovered 0.3 ATR, extreme re-touched) → long allowed, penalty 15%
08:37:01 |    🛑 XLM: projection 0.20% < 0.50% (ATR-relative) + MA-fan not accelerating (ma_fan=+0.00) → blocked
08:37:01 |    ------------------------------------
08:37:01 |    🧬 PEPE: breadth 5/6 → conviction 0.89 | cat=meme/W-0.06(member) meanrev×0.86 | Sq=-0.04 fund=+0.006% OI=$37.1M CVD=+0.27 ofi=-0.36
08:37:01 |    📰 PEPE: news neutral sig=0.30 score=+0.00
08:37:02 |    ☁️ PEPE: ichimoku B- persisting 0.82 WITH the short → score ×1.02 (earned ledger) [C343]
08:37:02 |    🛰️ PEPE: C199 order-flow weakening short (OI=neutral, CVD=+0.61) → ×0.75
08:37:02 |    ❌ PEPE: short scr=0.22 conf=0.62 → low score (<0.47)
08:37:02 |    ------------------------------------
08:37:02 |    🧬 ADA: breadth 4/6 → conviction 0.67 | cat=l1/W-0.22(member) trend×1.11 | Sq=-0.05 fund=+0.008% OI=$64.0M CVD=+0.60 ofi=+0.14 book=+0.30
08:37:02 |    · ADA: news ~market score=+0.02 (no coin-specific articles)
08:37:03 |    ❌ ADA: short scr=0.07 conf=0.51 → low score (<0.49)
08:37:03 |    ------------------------------------
08:37:03 |    🧬 BZ: breadth 3/5 → conviction 0.55 | cat=mid/W-0.00(regime) meanrev×1.00 | Sq=+0.06 fund=-0.009% OI=$28.4M CVD=+0.44 ofi=+0.10 book=+0.30
08:37:03 |    🩸 C398 capitulation tilt: 0.14 ATR off its own 12h low → short score ×0.940 [+4.67pp measured, down-side only by design]
08:37:03 |    · BZ: news ~market score=+0.02 (no coin-specific articles)
08:37:03 |    🛑 BZ: SHORT at RSI 16 (oversold, stretched) → brake 31%
08:37:03 |    🎢→✅ BZ: parabola RESOLVED (bounce age 43c, unwound 16.6 ATR) → short allowed, penalty 15%
08:37:03 |    🛑 BZ: short structural exhaustion (2% room) → blocked
08:37:03 |    ------------------------------------
08:37:03 |    🧬 FET: breadth 4/6 → conviction 0.81 | cat=ai/W+0.81(member) momentum×1.33 | Sq=-0.07 fund=+0.010% OI=$17.0M CVD=+0.19 ofi=+0.13 book=-0.18
08:37:03 |    📄 FET: news long sig=0.12 score=-0.04
08:37:03 |    🎢→⚖️ FET: C292 stands down — parabola BROKEN (range 16×ATR, 3.1 ATR off the day extreme): the 24h 'trend' already failed structurally; counter-trend entry re-enters the TURNING path [C299]
08:37:03 |    ⚡ FET: 24h=+14.3% but 1h=+0.0% (TURNING) → penalty 29%
08:37:03 |    ☁️ FET: ichimoku B- persisting 0.82 WITH the short → score ×1.02 (earned ledger) [C343]
08:37:03 |    ❌ FET: short scr=0.05 conf=0.36 → low score (<0.47)
08:37:04 |    ------------------------------------
08:37:04 |    🧬 TRUMP: breadth 4/6 → conviction 0.61 | cat=meme/W-0.60(member) trend×1.06 | Sq=+0.12 fund=-0.019% OI=$15.6M CVD=+0.26 ofi=+0.03 book=+0.29
08:37:04 |    📄 TRUMP: news neutral sig=0.10 score=+0.00
08:37:04 |    ⚠️ TRUMP: short into bullish rejection candle at RSI 44 (counter-signal) -> conviction x0.85
08:37:04 |    ⚡ TRUMP: short wick rejection #1 → score×0.75
08:37:04 |    ❌ TRUMP: short scr=0.04 conf=0.33 → low score (<0.55)
08:37:04 |    ------------------------------------
08:37:04 |    🧬 WLD: breadth 5/6 → conviction 0.79 | cat=ai/W-0.38(member) pattern×1.08 | Sq=-0.04 fund=+0.006% OI=$27.7M CVD=-0.28 ofi=-0.02 book=-0.26
08:37:04 |    📄 WLD: news long sig=0.12 score=-0.04
08:37:04 |    ☁️ WLD: ichimoku B- persisting 0.82 WITH the short → score ×1.02 (earned ledger) [C343]
08:37:04 |    ⚠️ WLD: short into bullish rejection candle at RSI 33 (counter-signal) -> conviction x0.85
08:37:04 |    ⚡ WLD: short wick rejection #1 → score×0.75
08:37:04 |    ❌ WLD: short scr=0.08 conf=0.35 → low score (<0.50)
08:37:05 |    ------------------------------------
08:37:05 |    🧬 XAG: breadth 3/4 → conviction 0.78 | cat=calm/W-0.77(regime) meanrev×1.22 | Sq=-0.07 fund=+0.010% OI=$26.2M CVD=-0.01 ofi=-0.05 book=+0.13
08:37:05 |    · XAG: news ~market score=+0.02 (no coin-specific articles)
08:37:05 |    🎢→✅ XAG: parabola RESOLVED (pullback age 47c, recovered 5.4 ATR) → long allowed, penalty 15%
08:37:05 |    ☁️ XAG: ichimoku A+ persisting 0.87 WITH the long → score ×1.03 (earned ledger) [C343]
08:37:05 |    ❌ XAG: long scr=0.10 conf=0.66 → low score (<0.47)
08:37:05 |    ------------------------------------
08:37:05 |    🧬 SKHYNIX: breadth 4/6 → conviction 0.70 | cat=calm/W-0.65(regime) meanrev×1.18 | Sq=-0.00 fund=+0.000% OI=$21.3M CVD=-0.50 ofi=+0.04 book=-0.30
08:37:05 |    🧬 SKHYNIX: own-history vol 0.25% vs baseline 0.39% (×0.65) → coiled conviction ×1.01 [C286-2]
08:37:05 |    · SKHYNIX: news ~market score=+0.02 (no coin-specific articles)
08:37:05 |    🛑 SKHYNIX: LONG at RSI 75 (overbought, stretched) → brake 10%
08:37:05 |    🎢→✅ SKHYNIX: parabola RESOLVED (pullback age 69c, recovered 7.6 ATR) → long allowed, penalty 15%
08:37:05 |    ☁️ SKHYNIX: ichimoku A+ persisting 0.87 WITH the long → score ×1.03 (earned ledger) [C343]
08:37:05 |    ❌ SKHYNIX: long scr=0.06 conf=0.50 → low score (<0.47)
08:37:05 |    ------------------------------------
08:37:05 |    🧬 MUBARAK: breadth 5/6 → conviction 0.92 | cat=wild/W+0.93(regime) meanrev×0.74 | Sq=-0.05 fund=+0.007% OI=$3.4M CVD=+0.01 ofi=+0.02 book=-0.01
08:37:05 |    · MUBARAK: news ~market score=+0.02 (no coin-specific articles)
08:37:06 |    ☁️ MUBARAK: ichimoku B- persisting 0.82 WITH the short → score ×1.02 (earned ledger) [C343]
08:37:09 |    📊 MUBARA flow(proxy): L/S 1h=1.2 4h=1.3 12h=1.4 | R=-0.20 taker=-0.14 SM=-0.37
08:37:10 |    📈 MUBARA OI: neutral Δ=+0.0% str=+0.00
08:37:10 |    📏 MUBARAK: short at 2% of its own 24h range → extension penalty 11% (measured: that third wins ~47% vs ~54% at the other end, 4/4 out-of-sample) [C455-4]
08:37:10 | ⚡ MUBARAK: short already moved -20.1% but vol RISING → penalty 30%
08:37:10 |    ⚖️ MUBARAK: penalty-stack floor 0.57→0.61 (base 1.02) [C367: base✓ proj✓]
08:37:10 |    🛑 MUBARAK: LOW AGREEMENT 53% < 55% (mixed, macro-aligned) → blocked
08:37:10 |    ------------------------------------
08:37:10 |    🧬 BTW: breadth 5/6 → conviction 0.89 | cat=wild/W+0.99(regime) meanrev×0.72 | Sq=-0.21 fund=+0.030% OI=$29.2M CVD=-0.28 ofi=-0.15 book=-0.00
08:37:10 |    · BTW: news ~market score=+0.02 (no coin-specific articles)
08:37:10 |    🎢→✅ BTW: parabola RESOLVED (bounce age 25c, unwound 7.9 ATR) → short allowed, penalty 15%
08:37:10 |    ☁️ BTW: ichimoku B- persisting 0.82 WITH the short → score ×1.02 (earned ledger) [C343]
08:37:13 |    📊 BTW flow(proxy): L/S 1h=1.0 4h=1.1 12h=1.1 | R=-0.05 taker=-0.04 SM=-0.10
08:37:13 |    📈 BTW OI: neutral Δ=+0.0% str=+0.00
08:37:13 |    📏 BTW: short at 18% of its own 24h range → extension penalty 8% (measured: that third wins ~47% vs ~54% at the other end, 4/4 out-of-sample) [C455-4]
08:37:13 | ⚡ BTW: short already moved -11.3% vol FADING → penalty 60%
08:37:13 |    ❌ BTW: short post-penalty quality 0.18 < 0.20
08:37:13 |    ------------------------------------
08:37:13 |    🧬 MARSCOIN: breadth 4/6 → conviction 0.67 | cat=wild/W+0.78(regime) meanrev×0.78 | Sq=-0.04 fund=+0.007% OI=$2.0M CVD=+0.22 ofi=+0.26 book=+0.10
08:37:13 |    🧬 MARSCOIN: own-history vol 1.51% vs baseline 2.47% (×0.61) → coiled conviction ×1.01 [C286-2]
08:37:13 |    · MARSCOIN: news ~market score=+0.02 (no coin-specific articles)
08:37:13 |    🛑 MARSCOIN: SHORT at RSI 26 (oversold, stretched) → brake 8%
08:37:14 |    ☁️ MARSCOIN: ichimoku B- persisting 0.82 WITH the short → score ×1.02 (earned ledger) [C343]
08:37:14 |    ⚠️ MARSCOIN: short into bullish rejection candle at RSI 26 (counter-signal) -> conviction x0.85
08:37:14 |    ⚡ MARSCOIN: short wick rejection #1 → score×0.75
08:37:14 |    🛰️ MARSCOIN: C199 order-flow weakening short (OI=neutral, CVD=+0.37) → ×0.75
08:37:14 |    ❌ MARSCOIN: short scr=0.23 conf=0.46 → low score (<0.49)
08:37:14 |    ------------------------------------
08:37:14 |    🧬 PUMP: breadth 3/6 → conviction 0.54 | cat=mid/W+0.06(regime) meanrev×0.98 | Sq=-0.03 fund=+0.005% OI=$15.6M CVD=+0.17 ofi=-0.12 book=-0.05
08:37:14 |    📰 PUMP: news neutral sig=0.30 score=+0.00
08:37:14 |    🎢 PUMP: short BLOCKED — broken-parabola bounce (day range 8×ATR, 3.1 ATR above the day low) → post-capitulation squeeze risk
08:37:14 |       ⚖️ parabola → score ×0.82 (penalty, not a veto — must still clear the bar) [C403]
08:37:14 |    ⚡ PUMP: short wick rejection #1 → score×0.75
08:37:14 |    ❌ PUMP: short scr=0.02 conf=0.33 → low score (<0.49)
08:37:15 |    ------------------------------------
08:37:15 |    🧬 AVAX: breadth 3/6 → conviction 0.55 | cat=l1/W-0.34(member) trend×1.12 | Sq=-0.04 fund=+0.006% OI=$30.2M CVD=+0.27 ofi=-0.01 book=+0.15
08:37:15 |    · AVAX: news ~market score=+0.02 (no coin-specific articles)
08:37:15 |    ⚡ AVAX: projection 0.56% modest + MA-fan compressing (ma_fan=+0.02) → penalty 20%
08:37:15 |    ☁️ AVAX: ichimoku B- persisting 0.82 AGAINST the long → score ×0.98 (earned ledger) [C343]
08:37:15 |    ❌ AVAX: long scr=0.02 conf=0.42 → low score (<0.51)
08:37:15 |    ------------------------------------
08:37:15 |    🧬 龙虾: breadth 4/6 → conviction 0.60 | cat=wild/W+1.00(regime) meanrev×0.72 | Sq=-0.45 fund=+0.058% OI=$32.7M CVD=-0.25 ofi=-0.01 book=-0.07
08:37:15 |    · 龙虾: news ~market score=+0.02 (no coin-specific articles)
08:37:15 |    ⚡ 龙虾: 24h=-21.3% but 1h=+0.0% (TURNING) → penalty 30%
08:37:16 |    ☁️ 龙虾: ichimoku A+ persisting 0.87 WITH the long → score ×1.03 (earned ledger) [C343]
08:37:16 |    ❌ 龙虾: long scr=0.15 conf=0.66 → low score (<0.51)
08:37:16 |    ------------------------------------
08:37:16 |    🧬 FIL: breadth 4/6 → conviction 0.55 | cat=depin/W-0.11(member) trend×1.07 | Sq=-0.06 fund=+0.010% OI=$10.4M CVD=+0.60 ofi=+0.36
08:37:16 |    · FIL: news ~market score=+0.02 (no coin-specific articles)
08:37:16 |    🎢→✅ FIL: parabola RESOLVED (bounce age 49c, unwound 5.9 ATR) → short allowed, penalty 15%
08:37:16 |    ☁️ FIL: ichimoku B- persisting 0.82 WITH the short → score ×1.02 (earned ledger) [C343]
08:37:16 |    ⚠️ FIL: short into bullish rejection candle at RSI 36 (counter-signal) -> conviction x0.85
08:37:16 |    ⚡ FIL: short wick rejection #1 → score×0.75
08:37:16 |    ❌ FIL: short scr=0.03 conf=0.34 → low score (<0.51)
08:37:16 |    ------------------------------------
08:37:16 |    🧬 AAVE: breadth 5/6 → conviction 0.84 | cat=defi/W-0.34(member) trend×1.09 | Sq=-0.02 fund=+0.003% OI=$29.5M CVD=+0.26 ofi=+0.26 book=-0.24
08:37:16 |    📄 AAVE: news long sig=0.12 score=+0.00
08:37:17 |    ❌ AAVE: short scr=0.16 conf=0.45 → low score (<0.51)
08:37:17 |    ------------------------------------
08:37:17 |    🧬 XAUT: breadth 3/5 → conviction 0.77 | cat=calm/W-0.91(regime) meanrev×1.25 | Sq=-0.01 fund=+0.002% OI=$26.5M CVD=-0.13 ofi=+0.18 book=-0.29
08:37:17 |    · XAUT: news ~market score=+0.02 (no coin-specific articles)
08:37:17 |    🎢→✅ XAUT: parabola RESOLVED (pullback age 47c, recovered 4.8 ATR, extreme re-touched) → long allowed, penalty 15%
08:37:17 |    ⚡ XAUT: projection 0.30% modest + MA-fan compressing (ma_fan=+0.01) → penalty 20%
08:37:17 |    ☁️ XAUT: ichimoku A+ persisting 0.87 WITH the long → score ×1.03 (earned ledger) [C343]
08:37:17 |    ❌ XAUT: long scr=0.04 conf=0.51 → low score (<0.47)
08:37:18 |    ------------------------------------
08:37:18 |    🧬 PENGU: breadth 5/6 → conviction 0.78 | cat=mid/W+0.17(regime) meanrev×0.95 | Sq=-0.03 fund=+0.005% OI=$8.4M CVD=+0.26 ofi=-0.23 book=-0.00
08:37:18 |    · PENGU: news ~market score=+0.02 (no coin-specific articles)
08:37:18 |    ☁️ PENGU: ichimoku B- persisting 0.82 WITH the short → score ×1.02 (earned ledger) [C343]
08:37:18 |    ⚠️ PENGU: short into bullish rejection candle at RSI 37 (counter-signal) -> conviction x0.85
08:37:18 |    🛑 PENGU: short CAPITULATION REJECTION (wick+vol) → blocked
08:37:18 |    ------------------------------------
08:37:18 |    🧬 PONS: breadth 4/6 → conviction 0.62 | cat=mid/W-0.27(regime) meanrev×1.08 | Sq=-0.05 fund=+0.007% OI=$4.6M CVD=+0.10 ofi=+0.01 book=-0.20
08:37:18 |    🧬 PONS: own-history vol 1.09% vs baseline 1.70% (×0.64) → coiled conviction ×1.01 [C286-2]
08:37:18 |    · PONS: news ~market score=+0.02 (no coin-specific articles)
08:37:18 |    ☁️ PONS: ichimoku B- persisting 0.82 WITH the short → score ×1.02 (earned ledger) [C343]
08:37:18 |    ⚠️ PONS: short into bullish rejection candle at RSI 45 (counter-signal) -> conviction x0.85
08:37:18 |    ⚡ PONS: short wick rejection #1 → score×0.75
08:37:18 |    ❌ PONS: short scr=0.06 conf=0.49 → low score (<0.51)
08:37:19 |    ------------------------------------
08:37:19 |    🧬 PAXG: breadth 4/5 → conviction 0.99 | cat=calm/W-0.89(regime) meanrev×1.25 | Sq=-0.03 fund=+0.005% OI=$10.6M CVD=+0.26 ofi=+0.12 book=-0.30
08:37:19 |    · PAXG: news ~market score=+0.02 (no coin-specific articles)
08:37:19 |    🎢→✅ PAXG: parabola RESOLVED (pullback age 65c, recovered 5.2 ATR) → long allowed, penalty 15%
08:37:19 |    ☁️ PAXG: ichimoku A+ persisting 0.87 WITH the long → score ×1.03 (earned ledger) [C343]
08:37:19 |    ❌ PAXG: long scr=0.18 conf=0.56 → low score (<0.47)
08:37:19 |    ------------------------------------
08:37:19 |    🧬 DOT: breadth 5/6 → conviction 0.77 | cat=l1/W-0.57(member) trend×1.13 | Sq=-0.03 fund=+0.005% OI=$21.3M CVD=+0.00 ofi=+0.06 book=+0.15
08:37:19 |    · DOT: news ~market score=+0.02 (no coin-specific articles)
08:37:19 |    🎢→✅ DOT: parabola RESOLVED (bounce age 49c, unwound 5.6 ATR) → short allowed, penalty 15%
08:37:19 |    ☁️ DOT: ichimoku B- persisting 0.82 WITH the short → score ×1.02 (earned ledger) [C343]
08:37:19 |    ⚠️ DOT: short into bullish rejection candle at RSI 32 (counter-signal) -> conviction x0.85
08:37:19 |    ⚡ DOT: short wick rejection #1 → score×0.75
08:37:19 |    ❌ DOT: short scr=0.06 conf=0.30 → low confidence
08:37:20 |    ------------------------------------
08:37:20 |    🧬 ARB: breadth 5/6 → conviction 0.73 | cat=l2/W+0.06(member) momentum×1.09 | Sq=-0.02 fund=+0.003% OI=$20.4M CVD=+0.23 ofi=-0.22 book=-0.05
08:37:20 |    📰 ARB: news short sig=0.30 score=-0.25
08:37:20 |    🎢→✅ ARB: parabola RESOLVED (bounce age 49c, unwound 3.9 ATR) → short allowed, penalty 15%
08:37:20 |    ⚠️ ARB: short into bullish rejection candle at RSI 44 (counter-signal) -> conviction x0.85
08:37:20 |    🛑 ARB: short CAPITULATION REJECTION (wick+vol) → blocked
08:37:20 |    ------------------------------------
08:37:20 |    🧬 ZRO: breadth 4/6 → conviction 0.66 | cat=l2/W+0.73(member) momentum×1.27 | Sq=-0.03 fund=+0.005% OI=$3.9M CVD=-0.15 ofi=-0.31 book=+0.04
08:37:20 |    · ZRO: news ~market score=+0.02 (no coin-specific articles)
08:37:20 |    ☁️ ZRO: ichimoku A+ persisting 0.87 WITH the long → score ×1.03 (earned ledger) [C343]
08:37:20 |    ❌ ZRO: long scr=0.01 conf=0.31 → low confidence
08:37:21 |    ------------------------------------
08:37:21 |    🧬 XAI: breadth 3/5 → conviction 0.62 | cat=wild/W+0.99(regime) meanrev×0.72 | Sq=+0.14 fund=-0.017% OI=$0.8M CVD=+0.17 ofi=+0.16 book=+0.00
08:37:21 |    🧬 XAI: own-history vol 2.13% vs baseline 1.19% (×1.79) → abnormal-wild conviction ×0.99 [C286-2]
08:37:21 |    · XAI: news ~market score=+0.02 (no coin-specific articles)
08:37:21 |    🎢→⚖️ XAI: C292 stands down — parabola BROKEN (range 27×ATR, 17.2 ATR off the day extreme): the 24h 'trend' already failed structurally; counter-trend entry re-enters the TURNING path [C299]
08:37:21 |    ⚡ XAI: 24h=+12.5% but 1h=+0.0% (TURNING) → penalty 25%
08:37:21 |    🛑 XAI: SHORT at RSI 11 (oversold, stretched) → brake 43%
08:37:21 |    🎢→✅ XAI: parabola RESOLVED (bounce age 35c, unwound 17.2 ATR) → short allowed, penalty 15%
08:37:21 |    🛑 XAI: short structural exhaustion (4% room) → blocked
08:37:21 |    ------------------------------------
08:37:21 |    🧬 BNB: breadth 4/6 → conviction 0.58 | cat=majors/W-0.78(member) meanrev×1.35 | Sq=-0.04 fund=+0.006% OI=$72.3M CVD=+0.60 ofi=-0.16 book=+0.26
08:37:21 |    📄 BNB: news long sig=0.24 score=+0.01
08:37:21 |    🎢→✅ BNB: parabola RESOLVED (bounce age 41c, unwound 6.5 ATR) → short allowed, penalty 15%
08:37:22 |    🛑 BNB: short structural exhaustion (3% room) → blocked
08:37:22 |    ------------------------------------
08:37:22 |    🧬 LDO: breadth 4/6 → conviction 0.60 | cat=defi/W-0.36(member) trend×1.09 | Sq=-0.03 fund=+0.005% OI=$3.3M CVD=+0.27 ofi=-0.06 book=-0.07
08:37:22 |    📄 LDO: news long sig=0.12 score=+0.00
08:37:22 |    🎢→⚖️ LDO: C292 stands down — parabola BROKEN (range 17×ATR, 4.0 ATR off the day extreme): the 24h 'trend' already failed structurally; counter-trend entry re-enters the TURNING path [C299]
08:37:22 |    ⚡ LDO: 24h=+10.9% but 1h=+0.0% (TURNING) → penalty 22%
08:37:22 |    ⚠️ LDO: short into bullish rejection candle at RSI 37 (counter-signal) -> conviction x0.85
08:37:22 |    🛑 LDO: short CAPITULATION REJECTION (wick+vol) → blocked
08:37:23 |    ------------------------------------
08:37:23 |    🧬 SEI: breadth 5/6 → conviction 0.87 | cat=l1/W-0.05(member) trend×1.10 | Sq=-0.07 fund=+0.010% OI=$9.1M CVD=-0.29 ofi=+0.03 book=+0.03
08:37:23 |    🧬 SEI: own-history vol 1.25% vs baseline 0.74% (×1.69) → abnormal-wild conviction ×0.99 [C286-2]
08:37:23 |    · SEI: news ~market score=+0.02 (no coin-specific articles)
08:37:23 |    ☁️ SEI: ichimoku A+ persisting 0.87 WITH the long → score ×1.03 (earned ledger) [C343]
08:37:23 |    🛰️ SEI: C199 order-flow weakening long (OI=neutral, CVD=-0.78) → ×0.75
08:37:23 |    ❌ SEI: long scr=0.35 conf=0.84 → low score (<0.49)
08:37:23 |    ------------------------------------
08:37:23 |    🧬 APT: breadth 5/6 → conviction 0.81 | cat=l1/W+0.28(member) meanrev×0.89 | Sq=-0.06 fund=+0.010% OI=$8.4M CVD=+0.54 ofi=-0.13 book=-0.29
08:37:23 |    · APT: news ~market score=+0.02 (no coin-specific articles)
08:37:23 |    🎢→✅ APT: parabola RESOLVED (bounce age 49c, unwound 8.2 ATR) → short allowed, penalty 15%
08:37:24 |    ☁️ APT: ichimoku B- persisting 0.82 WITH the short → score ×1.02 (earned ledger) [C343]
08:37:24 |    ⚠️ APT: short into bullish rejection candle at RSI 36 (counter-signal) -> conviction x0.85
08:37:24 |    🛑 APT: short CAPITULATION REJECTION (wick+vol) → blocked
08:37:24 |    ------------------------------------
08:37:24 |    🧬 PI: breadth 2/5 → conviction 0.45 | cat=calm/W-0.72(regime) meanrev×1.20 | Sq=-0.04 fund=+0.005% OI=$5.0M CVD=-0.24 ofi=+0.21 book=-0.13
08:37:24 |    · PI: news ~market score=+0.02 (no coin-specific articles)
08:37:24 |    ❌ PI: long scr=0.01 conf=0.33 → low score (<0.47)
08:37:25 |    ------------------------------------
08:37:25 |    🧬 XMR: breadth 3/5 → conviction 0.60 | cat=privacy/W+0.45(member) flow×1.07 | Sq=-0.19 fund=+0.027% OI=$8.2M CVD=+0.60 ofi=-0.03 book=-0.06
08:37:25 |    · XMR: news ~market score=+0.02 (no coin-specific articles)
08:37:25 |    ❌ XMR: short scr=0.03 conf=0.43 → low score (<0.53)
08:37:25 |    ------------------------------------
08:37:25 |    🧬 SAMSUNG: breadth 6/6 → conviction 1.00 | cat=calm/W-0.66(regime) meanrev×1.19 | Sq=+0.01 fund=-0.001% OI=$7.3M CVD=-0.36 ofi=+0.04 book=+0.30
08:37:25 |    · SAMSUNG: news ~market score=+0.02 (no coin-specific articles)
08:37:25 |    🛑 SAMSUNG: LONG at RSI 82 (overbought, stretched) → brake 28%
08:37:25 |    🎢→✅ SAMSUNG: parabola RESOLVED (pullback age 35c, recovered 6.7 ATR) → long allowed, penalty 15%
08:37:25 |    ⚡ SAMSUNG: projection 0.49% modest + MA-fan compressing (ma_fan=+0.05) → penalty 20%
08:37:26 |    ☁️ SAMSUNG: ichimoku A+ persisting 0.87 WITH the long → score ×1.03 (earned ledger) [C343]
08:37:26 |    ❌ SAMSUNG: long scr=0.16 conf=0.48 → low score (<0.47)
08:37:26 |    ------------------------------------
08:37:26 |    🧬 HBAR: breadth 4/5 → conviction 0.83 | cat=l1/W-0.14(member) trend×1.11 | Sq=-0.06 fund=+0.010% OI=$16.9M CVD=-0.22 ofi=-0.09 book=+0.30
08:37:26 |    · HBAR: news ~market score=+0.02 (no coin-specific articles)
08:37:26 |    🛑 HBAR: short target 0.0% too small + room 6% → blocked
08:37:27 |    ------------------------------------
08:37:27 |    🧬 RAY: breadth 4/6 → conviction 0.64 | cat=solana_eco/W+0.25(member) momentum×1.19 | Sq=-0.04 fund=+0.005% OI=$3.4M CVD=-0.07 ofi=-0.08 book=+0.20
08:37:27 |    🧬 RAY: own-history vol 0.87% vs baseline 1.31% (×0.66) → coiled conviction ×1.01 [C286-2]
08:37:27 |    📄 RAY: news long sig=0.12 score=+0.00
08:37:27 |    🛑 RAY: SHORT at RSI 11 (oversold, stretched) → brake 42%
08:37:27 |    🎢→✅ RAY: parabola RESOLVED (bounce age 32c, unwound 10.8 ATR) → short allowed, penalty 15%
08:37:27 |    🛑 RAY: short structural exhaustion (1% room) → blocked
08:37:27 |    ------------------------------------
08:37:27 |    🧬 TUT: breadth 4/6 → conviction 0.63 | cat=wild/W+0.87(regime) meanrev×0.76 | Sq=-0.03 fund=+0.005% OI=$7.2M CVD=+0.26 ofi=-0.08 book=+0.21
08:37:27 |    🧬 TUT: own-history vol 1.03% vs baseline 1.68% (×0.62) → coiled conviction ×1.01 [C286-2]
08:37:27 |    · TUT: news ~market score=+0.02 (no coin-specific articles)
08:37:27 |    🛑 TUT: SHORT at RSI 14 (oversold, stretched) → brake 37%
08:37:27 |    🎢→✅ TUT: parabola RESOLVED (bounce age 64c, unwound 16.2 ATR) → short allowed, penalty 15%
08:37:27 |    ☁️ TUT: ichimoku B- persisting 0.82 WITH the short → score ×1.02 (earned ledger) [C343]
08:37:27 |    ⚠️ TUT: short into bullish rejection candle at RSI 14 (counter-signal) -> conviction x0.85
08:37:27 |    ⚡ TUT: short wick rejection #1 → score×0.75
08:37:27 |    ❌ TUT: short scr=0.05 conf=0.38 → low score (<0.49)
08:37:28 |    ------------------------------------
08:37:28 |    🧬 POL: breadth 5/6 → conviction 0.89 | cat=l2/W-0.23(member) trend×1.09 | Sq=-0.03 fund=+0.005% OI=$4.1M CVD=-0.60 ofi=-0.36 book=+0.12
08:37:28 |    · POL: news ~market score=+0.02 (no coin-specific articles)
08:37:28 |    🛑 POL: short target 0.0% too small + room 8% → blocked
08:37:28 |    ------------------------------------
08:37:28 |    🧬 NATGAS: breadth 1/4 → conviction 0.32 | cat=mid/W-0.28(regime) meanrev×1.08 | Sq=-0.14 fund=+0.018% OI=$11.1M CVD=+0.42 ofi=-0.03 book=+0.30
08:37:28 |    🧬 NATGAS: own-history vol 0.31% vs baseline 0.48% (×0.64) → coiled conviction ×1.01 [C286-2]
08:37:28 |    · NATGAS: news ~market score=+0.02 (no coin-specific articles)
08:37:28 |    🛑 NATGAS: projection 0.15% < 0.25% (ATR-relative) + MA-fan not accelerating (ma_fan=-0.01) → blocked
08:37:29 |    ------------------------------------
08:37:29 |    🧬 FARTCOIN: breadth 4/6 → conviction 0.56 | cat=meme/W+0.07(member) momentum×1.17 | Sq=-0.04 fund=+0.005% OI=$12.3M CVD=+0.29 ofi=+0.40 book=-0.16
08:37:29 |    · FARTCOIN: news ~market score=+0.02 (no coin-specific articles)
08:37:29 |    🎢→✅ FARTCOIN: parabola RESOLVED (bounce age 49c, unwound 7.1 ATR) → short allowed, penalty 15%
08:37:29 |    ☁️ FARTCOIN: ichimoku B- persisting 0.82 WITH the short → score ×1.02 (earned ledger) [C343]
08:37:29 |    ❌ FARTCOIN: short scr=0.04 conf=0.57 → low score (<0.49)
08:37:29 |    ------------------------------------
08:37:29 |    🧬 JST: breadth 6/6 → conviction 1.00 | cat=calm/W-0.38(regime) meanrev×1.11 | Sq=+0.03 fund=-0.005% OI=$2.0M CVD=-0.20 ofi=-0.34 book=-0.25
08:37:29 |    📰 JST: news long sig=0.30 score=-0.01
08:37:29 |    🛑 JST: LONG at RSI 92 (overbought, stretched) → brake 45%
08:37:30 |    🛑 JST: long structural exhaustion (0% room) → blocked
08:37:30 |    ------------------------------------
08:37:30 |    🧬 1000BONK: breadth 4/6 → conviction 0.73 | cat=mid/W-0.16(regime) meanrev×1.05 | Sq=-0.03 fund=+0.005% OI=$4.5M CVD=-0.33 ofi=-0.05 book=+0.14
08:37:30 |    · 1000BONK: news ~market score=+0.02 (no coin-specific articles)
08:37:30 |    ☁️ 1000BONK: ichimoku B- persisting 0.82 WITH the short → score ×1.02 (earned ledger) [C343]
08:37:30 |    ⚠️ 1000BONK: short into bullish rejection candle at RSI 36 (counter-signal) -> conviction x0.85
08:37:30 |    ⚡ 1000BONK: short wick rejection #1 → score×0.75
08:37:30 |    ❌ 1000BONK: short scr=0.12 conf=0.36 → low score (<0.49)
08:37:31 |    ------------------------------------
08:37:31 |    🧬 CSOPSK2LHKD: breadth 2/5 → conviction 0.35 | cat=calm/W-0.35(regime) meanrev×1.10 | Sq=-0.07 fund=+0.014% OI=$0.1M CVD=+0.29 ofi=+0.04 book=+0.21
08:37:31 |    · CSOPSK2LHKD: news ~market score=+0.02 (no coin-specific articles)
08:37:31 |    🎢 CSOPSK2LHKD: short BLOCKED — broken-parabola bounce (day range 15×ATR, 3.8 ATR above the day low) → post-capitulation squeeze risk
08:37:31 |       ⚖️ parabola → score ×0.82 (penalty, not a veto — must still clear the bar) [C403]
08:37:31 |    ⚠️ CSOPSK2LHKD: short into bullish rejection candle at RSI 41 (counter-signal) -> conviction x0.85
08:37:31 |    ⚡ CSOPSK2LHKD: short wick rejection #1 → score×0.75
08:37:31 |    ❌ CSOPSK2LHKD: short scr=0.00 conf=0.29 → low confidence
08:37:31 |    ------------------------------------
08:37:31 |    🧬 TRX: breadth 3/5 → conviction 0.58 | cat=l1/W-0.90(member) momentum×0.79 | Sq=+0.02 fund=-0.002% OI=$9.1M CVD=+0.29 ofi=+0.15 book=-0.20
08:37:31 |    · TRX: news ~market score=+0.02 (no coin-specific articles)
08:37:31 |    ☁️ TRX: ichimoku B- persisting 0.82 AGAINST the long → score ×0.98 (earned ledger) [C343]
08:37:31 |    ❌ TRX: long scr=0.07 conf=0.55 → low score (<0.47)
08:37:31 |    ------------------------------------
08:37:31 |    🧬 PROM: breadth 4/6 → conviction 0.78 | cat=wild/W+0.93(regime) meanrev×0.74 | Sq=-0.06 fund=+0.008% OI=$4.7M CVD=-0.22 ofi=+0.13 book=+0.27
08:37:31 |    · PROM: news ~market score=+0.02 (no coin-specific articles)
08:37:31 |    🎢→✅ PROM: parabola RESOLVED (bounce age 60c, unwound 7.5 ATR) → short allowed, penalty 15%
08:37:32 |    ☁️ PROM: ichimoku B- persisting 0.82 WITH the short → score ×1.02 (earned ledger) [C343]
08:37:32 |    ❌ PROM: short scr=0.12 conf=0.38 → low score (<0.60)
08:37:32 |    ------------------------------------
08:37:32 |    🧬 ALLO: breadth 2/5 → conviction 0.32 | cat=ai/W+0.54(member) momentum×1.26 | Sq=-0.03 fund=+0.005% OI=$2.4M CVD=+0.38 ofi=-0.18 book=-0.18
08:37:32 |    📄 ALLO: news long sig=0.12 score=-0.04
08:37:32 |    ☁️ ALLO: ichimoku A+ persisting 0.87 WITH the long → score ×1.03 (earned ledger) [C343]
08:37:32 |    ❌ ALLO: long scr=0.00 conf=0.43 → low score (<0.47)
08:37:32 |    ------------------------------------
08:37:32 |    🧬 JTO: breadth 5/6 → conviction 0.75 | cat=solana_eco/W-0.44(member) trend×1.05 | Sq=-0.03 fund=+0.005% OI=$2.2M CVD=-0.18 ofi=-0.27 book=+0.00
08:37:32 |    📄 JTO: news long sig=0.12 score=+0.06
08:37:33 |    ⚡ JTO: short wick rejection #1 → score×0.75
08:37:33 |    ❌ JTO: short scr=0.07 conf=0.28 → low confidence
08:37:33 |    ------------------------------------
08:37:33 |    🧬 H: breadth 5/6 → conviction 0.87 | cat=wild/W+0.95(regime) meanrev×0.73 | Sq=-0.04 fund=+0.005% OI=$1.6M CVD=+0.13 ofi=+0.01 book=-0.12
08:37:33 |    · H: news ~market score=+0.02 (no coin-specific articles)
08:37:33 |    🎢→⚖️ H: C292 stands down — parabola BROKEN (range 21×ATR, 8.7 ATR off the day extreme): the 24h 'trend' already failed structurally; counter-trend entry re-enters the TURNING path [C299]
08:37:33 |    ⚡ H: 24h=+13.2% but 1h=+0.0% (TURNING) → penalty 26%
08:37:33 |    ☁️ H: ichimoku B- persisting 0.82 WITH the short → score ×1.02 (earned ledger) [C343]
08:37:33 |    🛰️ H: C199 order-flow weakening short (OI=neutral, CVD=+0.18) → ×0.75
08:37:33 |    ❌ H: short scr=0.22 conf=0.60 → low score (<0.49)
08:37:33 |    ⚖️ C462-7 H: penalties 0.50→0.22 (×0.45) vs bar 0.49 — the stack decided
08:37:34 |    ------------------------------------
08:37:34 |    🧬 STG: breadth 4/6 → conviction 0.66 | cat=wild/W+0.73(regime) meanrev×0.80 | Sq=-0.03 fund=+0.005% OI=$0.8M CVD=-0.05 ofi=+0.05 book=+0.04
08:37:34 |    🧬 STG: own-history vol 0.39% vs baseline 1.11% (×0.35) → coiled conviction ×1.05 [C286-2]
08:37:34 |    · STG: news ~market score=+0.02 (no coin-specific articles)
08:37:34 |    🛑 STG: projection 0.21% < 0.25% (ATR-relative) + MA-fan not accelerating (ma_fan=+0.02) → blocked
08:37:34 |    ------------------------------------
08:37:34 |    🧬 EGLD: breadth 4/5 → conviction 0.86 | cat=l1/W-0.07(member) trend×1.10 | Sq=-0.06 fund=+0.010% OI=$2.3M CVD=+0.28 ofi=+0.40 book=+0.16
08:37:34 |    · EGLD: news ~market score=+0.02 (no coin-specific articles)
08:37:34 |    🎢 EGLD: long BLOCKED — broken-parabola bounce (day range 14×ATR, 6.4 ATR below the day high) → post-blow-off distribution risk
08:37:34 |       ⚖️ parabola → score ×0.82 (penalty, not a veto — must still clear the bar) [C403]
08:37:34 |    ☁️ EGLD: ichimoku A+ persisting 0.87 WITH the long → score ×1.03 (earned ledger) [C343]
08:37:35 |    ❌ EGLD: long scr=0.29 conf=0.60 → low score (<0.51)
08:37:35 |    ------------------------------------
08:37:35 |    🧬 CYS: breadth 4/5 → conviction 0.89 | cat=wild/W+0.91(regime) meanrev×0.75 | Sq=-0.03 fund=+0.005% OI=$2.1M CVD=-0.13 ofi=-0.13 book=-0.19
08:37:35 |    · CYS: news ~market score=+0.02 (no coin-specific articles)
08:37:35 |    🛑 CYS: SHORT at RSI 21 (oversold, stretched) → brake 21%
08:37:35 |    🎢→✅ CYS: parabola RESOLVED (bounce age 70c, unwound 10.5 ATR) → short allowed, penalty 15%
08:37:35 |    🛑 CYS: short structural exhaustion (3% room) → blocked
08:37:35 |    ------------------------------------
08:37:35 |    🧬 ETHFI: breadth 4/6 → conviction 0.69 | cat=defi/W-0.18(member) trend×1.08 | Sq=-0.03 fund=+0.005% OI=$6.1M CVD=+0.09 ofi=-0.06 book=-0.14
08:37:35 |    📄 ETHFI: news long sig=0.12 score=+0.00
08:37:35 |    🎢 ETHFI: short BLOCKED — broken-parabola bounce (day range 8×ATR, 3.5 ATR above the day low) → post-capitulation squeeze risk
08:37:35 |       ⚖️ parabola → score ×0.82 (penalty, not a veto — must still clear the bar) [C403]
08:37:36 |    ⚠️ ETHFI: short into bullish rejection candle at RSI 30 (counter-signal) -> conviction x0.85
08:37:36 |    ⚡ ETHFI: short wick rejection #1 → score×0.75
08:37:36 |    ❌ ETHFI: short scr=0.08 conf=0.28 → low confidence
08:37:36 |    ------------------------------------
08:37:36 |    🧬 DEEP: breadth 4/6 → conviction 0.77 | cat=mid/W+0.30(regime) meanrev×0.92 | Sq=-0.03 fund=+0.005% OI=$0.9M CVD=+0.16 ofi=+0.22 book=+0.07
08:37:36 |    🧬 DEEP: own-history vol 1.71% vs baseline 0.87% (×1.96) → abnormal-wild conviction ×0.98 [C286-2]
08:37:36 |    📄 DEEP: news neutral sig=0.10 score=+0.00
08:37:36 |    🛑 DEEP: LONG at RSI 77 (overbought, stretched) → brake 16%
08:37:36 |    🛑 DEEP: projection 0.40% < 0.50% (ATR-relative) + MA-fan not accelerating (ma_fan=+0.08) → blocked
08:37:37 |    ------------------------------------
08:37:37 |    🧬 CROSS: breadth 6/6 → conviction 1.00 | cat=mid/W-0.24(regime) meanrev×1.07 | Sq=-0.03 fund=+0.005% OI=$1.4M CVD=-0.09 ofi=-0.31 book=+0.21
08:37:37 |    · CROSS: news ~market score=+0.02 (no coin-specific articles)
08:37:37 |    🛑 CROSS: LONG at RSI 81 (overbought, stretched) → brake 26%
08:37:37 |    ☁️ CROSS: ichimoku A+ persisting 0.87 WITH the long → score ×1.03 (earned ledger) [C343]
08:37:37 |    ⚠️ CROSS: long into bearish rejection candle at RSI 81 (counter-signal) -> conviction x0.85
08:37:37 |    ⚡ CROSS: long wick rejection #1 → score×0.75
08:37:37 |    ❌ CROSS: long scr=0.20 conf=0.45 → low score (<0.47)
08:37:37 |    ------------------------------------
08:37:37 |    🧬 APR: breadth 3/5 → conviction 0.50 | cat=calm/W-0.42(regime) meanrev×1.12 | Sq=-0.16 fund=+0.020% OI=$4.2M CVD=+0.49 ofi=+0.33 book=+0.02
08:37:37 |    · APR: news ~market score=+0.02 (no coin-specific articles)
08:37:37 |    ☁️ APR: ichimoku B- persisting 0.82 AGAINST the long → score ×0.98 (earned ledger) [C343]
08:37:37 |    ❌ APR: long scr=0.01 conf=0.57 → low score (<0.47)
08:37:37 |    ------------------------------------
08:37:37 |    🧬 CSOPSS2LHKD: breadth 6/6 → conviction 1.00 | cat=calm/W-0.40(regime) meanrev×1.11 | Sq=+0.44 fund=-0.058% OI=$0.4M CVD=+0.23 ofi=+0.05 book=-0.18
08:37:37 |    · CSOPSS2LHKD: news ~market score=+0.02 (no coin-specific articles)
08:37:37 |    🛑 CSOPSS2LHKD: LONG at RSI 80 (overbought, stretched) → brake 22%
08:37:37 |    🎢→✅ CSOPSS2LHKD: parabola RESOLVED (pullback age 29c, recovered 7.5 ATR) → long allowed, penalty 15%
08:37:37 |    ⚡ CSOPSS2LHKD: projection 0.41% modest + MA-fan compressing (ma_fan=+0.08) → penalty 20%
08:37:38 |    ☁️ CSOPSS2LHKD: ichimoku A+ persisting 0.87 WITH the long → score ×1.03 (earned ledger) [C343]
08:37:38 |    ❌ CSOPSS2LHKD: long scr=0.30 conf=0.61 → low score (<0.48)
08:37:38 |    ------------------------------------
08:37:38 |    🧬 SHEINHKD: breadth 4/6 → conviction 0.72 | cat=mid/W+0.31(regime) meanrev×0.91 | Sq=+0.05 fund=-0.009% OI=$0.1M CVD=+0.53 ofi=+0.40 book=-0.27
08:37:38 |    🧬 SHEINHKD: own-history vol 0.73% vs baseline 0.29% (×2.49) → abnormal-wild conviction ×0.94 [C286-2]
08:37:38 |    · SHEINHKD: news ~market score=+0.02 (no coin-specific articles)
08:37:38 |    🛑 SHEINHKD: SHORT at RSI 2 (oversold, stretched) → brake 45%
08:37:39 |    ❌ SHEINHKD: short scr=0.09 conf=0.43 → low score (<0.54)
08:37:39 |    ------------------------------------
08:37:39 |    🧬 MINIMAXHKD: breadth 2/6 → conviction 0.44 | cat=wild/W+0.38(regime) meanrev×0.89 | Sq=+0.09 fund=-0.013% OI=$0.2M CVD=+0.26 ofi=+0.40 book=+0.23
08:37:39 |    · MINIMAXHKD: news ~market score=+0.02 (no coin-specific articles)
08:37:39 |    🎢→✅ MINIMAXHKD: parabola RESOLVED (bounce age 2c, unwound 0.9 ATR, extreme re-touched) → short allowed, penalty 15%
08:37:39 |    ⚡ MINIMAXHKD: projection 0.56% modest + MA-fan compressing (ma_fan=-0.08) → penalty 20%
08:37:39 |    ⚠️ MINIMAXHKD: short into bullish rejection candle at RSI 35 (counter-signal) -> conviction x0.85
08:37:39 |    ⚡ MINIMAXHKD: short wick rejection #1 → score×0.75
08:37:39 |    ❌ MINIMAXHKD: short scr=0.01 conf=0.24 → low confidence
08:37:39 |    ------------------------------------
08:37:39 |    🧬 TENCENTHKD: breadth 3/5 → conviction 0.58 | cat=calm/W-0.47(regime) meanrev×1.13 | Sq=-0.00 fund=+0.000% OI=$0.3M CVD=+0.57 ofi=-0.40 book=+0.27
08:37:39 |    🧬 TENCENTHKD: own-history vol 0.38% vs baseline 0.20% (×1.94) → abnormal-wild conviction ×0.98 [C286-2]
08:37:39 |    · TENCENTHKD: news ~market score=+0.02 (no coin-specific articles)
08:37:39 |    🛑 TENCENTHKD: SHORT at RSI 14 (oversold, stretched) → brake 36%
08:37:39 |    🎢→✅ TENCENTHKD: parabola RESOLVED (bounce age 2c, unwound 0.9 ATR, extreme re-touched) → short allowed, penalty 15%
08:37:39 |    ⚡ TENCENTHKD: projection 0.39% modest + MA-fan compressing (ma_fan=-0.04) → penalty 20%
08:37:40 |    ☁️ TENCENTHKD: ichimoku B- persisting 0.82 WITH the short → score ×1.02 (earned ledger) [C343]
08:37:40 |    ⚠️ TENCENTHKD: short into bullish rejection candle at RSI 14 (counter-signal) -> conviction x0.85
08:37:40 |    ⚡ TENCENTHKD: short wick rejection #1 → score×0.75
08:37:40 |    ❌ TENCENTHKD: short scr=0.01 conf=0.29 → low confidence
08:37:40 |    ------------------------------------
08:37:40 |    🧬 XIAOMIHKD: breadth 4/6 → conviction 0.64 | cat=calm/W-0.43(regime) meanrev×1.12 | Sq=-0.14 fund=+0.016% OI=$0.8M CVD=+0.52 ofi=-0.40 book=-0.15
08:37:40 |    🧬 XIAOMIHKD: own-history vol 0.61% vs baseline 0.26% (×2.34) → abnormal-wild conviction ×0.95 [C286-2]
08:37:40 |    · XIAOMIHKD: news ~market score=+0.02 (no coin-specific articles)
08:37:40 |    🛑 XIAOMIHKD: SHORT at RSI 18 (oversold, stretched) → brake 28%
08:37:40 |    ⚠️ XIAOMIHKD: short into bullish rejection candle at RSI 18 (counter-signal) -> conviction x0.85
08:37:40 |    ⚡ XIAOMIHKD: short wick rejection #1 → score×0.75
08:37:40 |    ❌ XIAOMIHKD: short scr=0.10 conf=0.50 → low score (<0.53)
08:37:41 |    ------------------------------------
08:37:41 |    🧬 SPX: breadth 5/6 → conviction 0.88 | cat=mid/W+0.20(regime) meanrev×0.94 | Sq=-0.03 fund=+0.005% OI=$2.4M CVD=-0.60 ofi=-0.06 book=-0.09
08:37:41 |    · SPX: news ~market score=+0.02 (no coin-specific articles)
08:37:41 |    🎢→✅ SPX: parabola RESOLVED (bounce age 41c, unwound 5.7 ATR) → short allowed, penalty 15%
08:37:41 |    🛑 SPX: short structural exhaustion (3% room) → blocked
08:37:41 |    ------------------------------------
08:37:41 |    🧬 ZHIPUHKD: breadth 3/6 → conviction 0.45 | cat=mid/W+0.20(regime) meanrev×0.94 | Sq=+0.00 fund=-0.000% OI=$0.7M CVD=+0.56 ofi=+0.17 book=-0.03
08:37:41 |    🧬 ZHIPUHKD: own-history vol 1.00% vs baseline 0.49% (×2.02) → abnormal-wild conviction ×0.97 [C286-2]
08:37:41 |    · ZHIPUHKD: news ~market score=+0.02 (no coin-specific articles)
08:37:41 |    🎢→✅ ZHIPUHKD: parabola RESOLVED (bounce age 2c, unwound 1.1 ATR, extreme re-touched) → short allowed, penalty 15%
08:37:41 |    ⚡ ZHIPUHKD: projection 0.67% modest + MA-fan compressing (ma_fan=-0.08) → penalty 20%
08:37:42 |    ❌ ZHIPUHKD: short scr=0.05 conf=0.49 → low score (<0.57)
08:37:42 |    ------------------------------------
08:37:42 |    🧬 NDX100: breadth 5/6 → conviction 0.73 | cat=mid/W+0.32(regime) meanrev×0.91 | Sq=+0.01 fund=-0.002% OI=$2.5M CVD=-0.22 ofi=+0.00 book=-0.18
08:37:42 |    · NDX100: news ~market score=+0.02 (no coin-specific articles)
08:37:42 |    🎢 NDX100: long BLOCKED — broken-parabola bounce (day range 12×ATR, 1.5 ATR below the day high) → post-blow-off distribution risk
08:37:42 |       ⚖️ parabola → score ×0.82 (penalty, not a veto — must still clear the bar) [C403]
08:37:42 |    🛑 NDX100: long target 0.0% too small + room 8% → blocked
08:37:42 | 📊 Step 3 result: 78 analyzed → 0 passed | low_confidence=9, low_score=42, poor_reward_risk=6, flat_projection=7, no_structural_room=8, low_agreement=1, post_penalty_quality=1, capitulation=4
08:37:42 |    📌 Nearest miss: MUBARAK score=0.611 (pre-pen 1.02) conf=0.499 quality=0.305/0.26 reason=low_agreement 53%<55%
08:37:42 |    📊 Top signals: rsi_v=+30.70 | short=-1.00 | kalma=-0.98 | perm_=+0.97 | vwdi=-0.80 | rqa_d=+0.67
08:37:42 |    🎯 Dir: short | Agreement: 17/31 (55%)
08:42:42 | 📋 STEP 1: Using cached 78 pairs (370s old, refresh at 480s)
08:42:42 | ━━━━━━━━━━━━━━━━━━━━━━━━━━━━━━━━━━━━━━━━━━━━━━━━━━
08:42:42 | 📋 STEP 2: MARKET ANALYSIS — News, Bias, Coherence
08:42:42 | ━━━━━━━━━━━━━━━━━━━━━━━━━━━━━━━━━━━━━━━━━━━━━━━━━━
08:42:43 |    🌍 C270 macro: NDX/SPX z=-0.51 gold z=-1.00 tone x1.00 sess w=0.15 -> tilt -0.008 | R -0.13->-0.14
08:42:43 | 📉 C76 12h-DAMPEN: 12h=+0.37 opposes resultant=-0.14 → conviction ×0.70
08:42:43 | ⚠️ C85 MARGINAL-RESULTANT: R=-0.14 mag=0.14 — entries allowed with higher bar
08:42:43 | 📰 News: 65 articles | 🔵 +0.17
08:42:43 | 📈 Market: 🔻BEARISH (blend=+0.01 R=-0.14) | 1h=-0.92 4h=-0.19 12h=+0.37 align=-0.08 macro=✓
08:42:43 | 📊 Regime: MIXED (0.54) | DFA=0.79 Ent=0.92 GARCH=0.0021
08:42:43 | 🎲 RegimeMarkov: state=CH → next most-likely CH (P=0.78, persist=0.78, conf=0.76, n=279) | calib[1526]: acc=0.84 brier=0.057
08:42:43 | 🎲 PairMarkov: calib[29465]: acc=1.00 brier=0.000 (baseline 0.160)
08:42:43 | 🎲 FamilyMarkov: calib[3216/120]: acc=1.00 brier=0.003 (base 0.020) skill=+83.7% [need +5%] EARNED [C342]
08:42:43 | 🎲 IchiMarkov: calib[29202/200]: acc=0.83 brier=0.125 (base 0.149) skill=+15.8% [need +5%] EARNED [C343]
08:42:43 | 🧮 S3-EV: calib[156]: acc=0.33 brier=0.329 (baseline 0.250)
08:42:43 | 🌊 Market coherence: 62% long (40↑ vs 24↓)
08:42:44 | 💰 Taker flow: 🔻 -0.24 (BTC=-0.25 ETH=-0.22)
08:42:44 | ━━━━━━━━━━━━━━━━━━━━━━━━━━━━━━━━━━━━━━━━━━━━━━━━━━
08:42:44 | 📋 STEP 3: PREDICTIVE ANALYSIS — Scoring each pair
08:42:44 | ━━━━━━━━━━━━━━━━━━━━━━━━━━━━━━━━━━━━━━━━━━━━━━━━━━
08:42:57 | 🌐 Market breadth -0.17 (OVERSOLD-heavy, 78 pairs) — fresh entries in that direction get a late-move brake
 
  08:44  up 0h08m  scan 1 ------------------------------------------------------------------------
  EQUITY    $250.14
  OPEN      flat  free $250.14
  SESSION   $-0.00 -0.00%
  DAY       real $-2.49  limit $9.44 (3.74%)  26% used
            #######...................
  MONTH     dial 15%  used $2.66 of $37.92  from $252.81
  RECORD    no closed trades yet this run
  LIFETIME  129tr 40W 89L 31%  $+0.14
  FEES      no fills yet this run
  SCAN      805 > 78 > 0 passed  top MUBARAK 0.61 (low_agreement 53%<)  1 scan, 78 analysed
  MARKET    MIXED  bias +0.01  breadth -0.17  taker flow -0.24
  NEWS      65 articles  + tone +0.17  XRP +0.53  LTC +0.26  ARB -0.25
  MOVERS    ONDO +27% #3  QNT +27% cut  XPL +23% cut  NIL -22% #11
  ------------------------------------------------------------------------------------------------
 
08:44:23 | 
08:44:23 | ============================================================
08:44:23 | 📊 POSITION SUMMARY (8-MIN UPDATE)
08:44:23 | 💰 Equity: $250.14 | Unrealized: $+0.00
08:44:23 | 💵 Available: $250.14 | Locked: $0.00
08:44:23 | 📈 Session: $+0.00 (+0.0%)
08:44:23 | 🎯 Win Rate: Overall 31% | Session 0% | Open 0%
08:44:23 | ============================================================
08:44:23 | ============================================================
08:44:23 | 🔻 Day: -0.98% realised (loss limit $9.44, 26% used · dial 15%/month) [C483]
08:44:23 | ============================================================
08:44:23 | 
08:47:57 | ━━━━━━━━━━━━━━━━━━━━━━━━━━━━━━━━━━━━━━━━━━━━━━━━━━
08:47:57 | 📋 STEP 1: SCREENING — Scanning all futures markets
08:47:57 | ━━━━━━━━━━━━━━━━━━━━━━━━━━━━━━━━━━━━━━━━━━━━━━━━━━
08:47:58 | 🔍 Scanning 805 markets for lively pairs...
08:47:58 |    🕒 C408: RWA held out this scan — us_equity×315  (they print 24/7 but only inform in session)
08:47:58 | 📊 288 pairs meet volume threshold ($750,000 relative)
08:48:04 |    🗂 C417 DESKS — each market scanned on its own terms:
08:48:04 |         ● crypto       universe  465  floor $   300k  passed  115  analysing  60
08:48:04 |         ○ us_equity    US cash closed
08:48:04 |         ● index_future universe    3  floor $   300k  passed    2  analysing   2
08:48:04 |         ● metal        universe    8  floor $  1745k  passed    4  analysing   4
08:48:04 |         ● energy       universe    3  floor $  3666k  passed    3  analysing   3
08:48:04 |         ● korea_equity universe    3  floor $   706k  passed    2  analysing   2
08:48:04 |         ● hk_equity    universe    8  floor $   300k  passed    7  analysing   7
08:48:04 |         → 78 pairs into Step 3 across 6 open markets (one budget each, they ADD — a second market never shrinks the first)
08:48:04 | 🏆 Top 78 pairs (PREDICTIVE: freshness + projected + geometric)
08:48:04 |    1. BTC/USDT:USDT: Live=0.955 V=$3071.7M Chg=+0.0% Proj=+0.20 Geo=-0.045
08:48:04 |    2. ETH/USDT:USDT: Live=0.968 V=$1821.8M Chg=-0.2% Proj=+0.26 Geo=-0.071
08:48:04 |    3. ONDO/USDT:USDT: Live=0.773 V=$141.2M Chg=+26.4% Proj=+0.19 Geo=+0.089
08:48:04 |    4. XRP/USDT:USDT: Live=0.511 V=$310.2M Chg=+1.8% Proj=-0.07 Geo=-0.067
08:48:04 |    5. ZEC/USDT:USDT: Live=0.681 V=$299.6M Chg=+2.0% Proj=+0.11 Geo=-0.045
08:48:04 |    6. SOL/USDT:USDT: Live=0.842 V=$226.4M Chg=+1.5% Proj=+0.28 Geo=+0.035
08:48:04 |    7. XAU/USDT:USDT: Live=0.698 V=$142.9M Chg=-0.1% Proj=+0.19 Geo=+0.110
08:48:04 |    8. NEAR/USDT:USDT: Live=0.748 V=$119.7M Chg=+1.2% Proj=+0.26 Geo=+0.006
08:48:04 |    9. LTC/USDT:USDT: Live=0.649 V=$69.8M Chg=+6.1% Proj=+0.16 Geo=-0.046
08:48:04 |    10. CL/USDT:USDT: Live=0.736 V=$80.8M Chg=+1.9% Proj=+0.25 Geo=+0.153
08:48:04 |    11. NIL/USDT:USDT: Live=0.705 V=$56.9M Chg=-21.8% Proj=+0.23 Geo=-0.043
08:48:04 |    12. ENA/USDT:USDT: Live=0.456 V=$51.6M Chg=+7.6% Proj=-0.01 Geo=-0.005
08:48:04 |    13. SUI/USDT:USDT: Live=0.456 V=$56.1M Chg=+4.1% Proj=-0.00 Geo=-0.000
08:48:04 |    14. UNI/USDT:USDT: Live=0.757 V=$47.5M Chg=-2.7% Proj=+0.31 Geo=-0.062
08:48:04 |    15. LSK/USDT:USDT: Live=0.793 V=$60.0M Chg=+7.2% Proj=+0.35 Geo=+0.267
08:48:04 |    16. DOGE/USDT:USDT: Live=0.792 V=$55.3M Chg=+1.3% Proj=+0.35 Geo=-0.041
08:48:04 |    17. XLM/USDT:USDT: Live=0.757 V=$23.3M Chg=+9.1% Proj=+0.32 Geo=+0.137
08:48:04 |    18. PEPE/USDT:USDT: Live=0.608 V=$54.2M Chg=+0.2% Proj=+0.18 Geo=-0.067
08:48:04 |    19. BZ/USDT:USDT: Live=0.431 V=$36.7M Chg=+1.5% Proj=+0.01 Geo=+0.140
08:48:04 |    20. BGB/USDT:USDT: Live=0.515 V=$26.3M Chg=-4.1% Proj=+0.11 Geo=+0.006
08:48:04 |    21. XAG/USDT:USDT: Live=0.312 V=$36.1M Chg=-0.3% Proj=-0.09 Geo=-0.045
08:48:04 |    22. FET/USDT:USDT: Live=0.636 V=$11.9M Chg=+14.1% Proj=+0.23 Geo=-0.038
08:48:04 |    23. WLD/USDT:USDT: Live=0.542 V=$23.4M Chg=+5.0% Proj=+0.14 Geo=-0.006
08:48:04 |    24. BROCCOLI/USDT:USDT: Live=0.562 V=$14.4M Chg=+21.6% Proj=+0.18 Geo=+0.078
08:48:04 |    25. SKHYNIX/USDT:USDT: Live=0.215 V=$24.3M Chg=-0.5% Proj=-0.17 Geo=+0.042
08:48:04 |    26. FIL/USDT:USDT: Live=0.535 V=$15.9M Chg=+3.1% Proj=+0.17 Geo=+0.016
08:48:04 |    27. MARSCOIN/USDT:USDT: Live=0.835 V=$7.4M Chg=-13.0% Proj=+0.47 Geo=+0.101
08:48:04 |    28. PUMP/USDT:USDT: Live=0.716 V=$14.8M Chg=-2.5% Proj=+0.36 Geo=+0.008
08:48:04 |    29. 龙虾/USDT:USDT: Live=0.655 V=$12.0M Chg=-19.8% Proj=+0.30 Geo=+0.148
08:48:04 |    30. XAUT/USDT:USDT: Live=0.500 V=$18.7M Chg=-0.2% Proj=+0.14 Geo=+0.064
08:48:04 |    31. PAXG/USDT:USDT: Live=0.398 V=$17.5M Chg=-0.2% Proj=+0.04 Geo=+0.114
08:48:04 |    32. ONE/USDT:USDT: Live=0.762 V=$14.8M Chg=+7.3% Proj=+0.41 Geo=+0.211
08:48:04 |    33. AKE/USDT:USDT: Live=0.749 V=$12.0M Chg=-14.8% Proj=+0.40 Geo=-0.010
08:48:04 |    34. PENGU/USDT:USDT: Live=0.556 V=$13.7M Chg=-2.1% Proj=+0.21 Geo=+0.004
08:48:04 |    35. ZRO/USDT:USDT: Live=0.920 V=$6.1M Chg=-8.9% Proj=+0.58 Geo=+0.091
08:48:04 |    36. DOT/USDT:USDT: Live=0.845 V=$11.6M Chg=+1.8% Proj=+0.52 Geo=+0.066
08:48:04 |    37. BR/USDT:USDT: Live=0.892 V=$4.7M Chg=-12.3% Proj=+0.56 Geo=+0.213
08:48:04 |    38. MUBARAK/USDT:USDT: Live=0.791 V=$9.8M Chg=-10.9% Proj=+0.46 Geo=+0.153
08:48:04 |    39. XAI/USDT:USDT: Live=0.652 V=$11.8M Chg=+11.3% Proj=+0.32 Geo=+0.244
08:48:04 |    40. ARB/USDT:USDT: Live=0.535 V=$15.8M Chg=-0.2% Proj=+0.21 Geo=-0.042
08:48:04 |    41. BNB/USDT:USDT: Live=0.656 V=$13.8M Chg=+0.3% Proj=+0.33 Geo=-0.056
08:48:04 |    42. PI/USDT:USDT: Live=0.669 V=$2.5M Chg=-3.7% Proj=+0.35 Geo=-0.042
08:48:04 |    43. SEI/USDT:USDT: Live=0.727 V=$6.2M Chg=+5.5% Proj=+0.41 Geo=+0.082
08:48:04 |    44. APT/USDT:USDT: Live=0.487 V=$8.6M Chg=+2.9% Proj=+0.18 Geo=+0.034
08:48:04 |    45. RENDER/USDT:USDT: Live=0.615 V=$6.8M Chg=+2.5% Proj=+0.32 Geo=+0.092
08:48:04 |    46. SAMSUNG/USDT:USDT: Live=0.268 V=$7.1M Chg=-0.7% Proj=-0.02 Geo=+0.106
08:48:04 |    47. HBAR/USDT:USDT: Live=0.447 V=$7.2M Chg=+1.2% Proj=+0.17 Geo=-0.014
08:48:04 |    48. RAY/USDT:USDT: Live=0.725 V=$8.2M Chg=+1.3% Proj=+0.44 Geo=+0.134
08:48:04 |    49. TUT/USDT:USDT: Live=0.477 V=$6.1M Chg=+4.3% Proj=+0.20 Geo=+0.203
08:48:04 |    50. ALLO/USDT:USDT: Live=0.632 V=$1.5M Chg=-6.3% Proj=+0.36 Geo=-0.028
08:48:04 |    51. NATGAS/USDT:USDT: Live=0.237 V=$4.5M Chg=+2.5% Proj=-0.03 Geo=-0.050
08:48:04 |    52. CRV/USDT:USDT: Live=0.501 V=$4.4M Chg=+2.7% Proj=+0.24 Geo=+0.027
08:48:04 |    53. STG/USDT:USDT: Live=0.730 V=$1.7M Chg=-9.3% Proj=+0.47 Geo=-0.004
08:48:04 |    54. PROM/USDT:USDT: Live=0.616 V=$2.7M Chg=+8.4% Proj=+0.35 Geo=+0.103
08:48:04 |    55. ARX/USDT:USDT: Live=0.699 V=$2.5M Chg=+9.2% Proj=+0.44 Geo=+0.088
08:48:04 |    56. TRX/USDT:USDT: Live=0.603 V=$1.7M Chg=-1.1% Proj=+0.34 Geo=-0.076
08:48:04 |    57. TIA/USDT:USDT: Live=0.519 V=$4.8M Chg=+2.3% Proj=+0.26 Geo=-0.010
08:48:04 |    58. JST/USDT:USDT: Live=0.517 V=$0.6M Chg=+5.7% Proj=+0.26 Geo=+0.192
08:48:04 |    59. PHA/USDT:USDT: Live=0.460 V=$1.8M Chg=+10.1% Proj=+0.21 Geo=+0.028
08:48:04 |    60. CSOPSK2LHKD/USDT:USDT: Live=-0.041 V=$1.4M Chg=-2.7% Proj=-0.29 Geo=-0.042
08:48:04 |    61. JTO/USDT:USDT: Live=0.560 V=$1.9M Chg=+5.9% Proj=+0.32 Geo=-0.011
08:48:04 |    62. CHIP/USDT:USDT: Live=0.547 V=$2.5M Chg=+7.8% Proj=+0.31 Geo=+0.161
08:48:04 |    63. SNX/USDT:USDT: Live=0.716 V=$1.0M Chg=+10.7% Proj=+0.48 Geo=+0.170
08:48:04 |    64. EGLD/USDT:USDT: Live=0.552 V=$1.9M Chg=+4.6% Proj=+0.32 Geo=+0.091
08:48:04 |    65. H/USDT:USDT: Live=0.677 V=$1.8M Chg=+12.2% Proj=+0.45 Geo=+0.116
08:48:04 |    66. GPS/USDT:USDT: Live=0.606 V=$0.7M Chg=-8.0% Proj=+0.38 Geo=+0.015
08:48:04 |    67. CYS/USDT:USDT: Live=0.486 V=$2.7M Chg=+4.5% Proj=+0.26 Geo=+0.192
08:48:04 |    68. ETHFI/USDT:USDT: Live=0.629 V=$3.0M Chg=+1.1% Proj=+0.41 Geo=+0.102
08:48:04 |    69. GRAM/USDT:USDT: Live=0.650 V=$3.0M Chg=-0.4% Proj=+0.45 Geo=-0.024
08:48:04 |    70. B/USDT:USDT: Live=0.871 V=$0.4M Chg=-5.6% Proj=+0.67 Geo=+0.123
08:48:04 |    71. CSOPSS2LHKD/USDT:USDT: Live=0.313 V=$1.0M Chg=-2.3% Proj=+0.14 Geo=+0.136
08:48:04 |    72. SHEINHKD/USDT:USDT: Live=0.899 V=$0.5M Chg=-4.5% Proj=+0.75 Geo=+0.202
08:48:04 |    73. MINIMAXHKD/USDT:USDT: Live=0.084 V=$0.6M Chg=-2.4% Proj=-0.04 Geo=+0.187
08:48:04 |    74. SPX/USDT:USDT: Live=0.131 V=$1.0M Chg=+0.9% Proj=+0.01 Geo=+0.007
08:48:04 |    75. XIAOMIHKD/USDT:USDT: Live=0.150 V=$0.5M Chg=-1.6% Proj=+0.04 Geo=+0.137
08:48:04 |    76. ZHIPUHKD/USDT:USDT: Live=0.124 V=$0.7M Chg=-1.3% Proj=+0.02 Geo=+0.149
08:48:04 |    77. TENCENTHKD/USDT:USDT: Live=0.150 V=$0.6M Chg=-0.6% Proj=+0.05 Geo=+0.076
08:48:04 |    78. NDX100/USDT:USDT: Live=-0.267 V=$0.6M Chg=+0.1% Proj=-0.34 Geo=-0.059
08:48:04 |    🪞 C266 board-parity (top movers vs screen): QNT +27%[Live=0.30<cut] | ONDO +26%[#3] | XPL +22%[Live=0.22<cut] | NIL -22%[#11] | BROCCOLI +22%[#24]
08:48:04 |    🔬 BTC geo: slope=+0.010 rough=-0.055
08:48:04 |    🔬 ETH geo: slope=+0.009 rough=-0.080
08:48:04 |    🔬 ONDO geo: slope=+0.132 rough=-0.063 pure=+0.020
08:48:04 | 📦 OHLCV cache: 138 pairs cached for quick_scan
08:48:04 | ━━━━━━━━━━━━━━━━━━━━━━━━━━━━━━━━━━━━━━━━━━━━━━━━━━
08:48:04 | 📋 STEP 2: MARKET ANALYSIS — News, Bias, Coherence
08:48:04 | ━━━━━━━━━━━━━━━━━━━━━━━━━━━━━━━━━━━━━━━━━━━━━━━━━━
08:48:04 | 🩸 C398 PACK CAPITULATION: the field is -1.65 ATR over 3h (<= -1.5) — forced-flow reversion regime, longs tilted +8%
08:48:05 |    🌍 C270 macro: NDX/SPX z=-1.00 gold z=-0.99 tone x1.00 sess w=0.15 -> tilt -0.015 | R -0.18->-0.20
08:48:05 | ⚠️ C85 MARGINAL-RESULTANT: R=-0.20 mag=0.20 — entries allowed with higher bar
08:48:05 | 📰 News: 65 articles | 🔵 +0.17
08:48:05 | 📈 Market: 🔻BEARISH (blend=-0.01 R=-0.20) | 1h=-0.99 4h=-0.20 12h=+0.26 align=-0.04 macro=✓
08:48:05 | 📊 Regime: MIXED (0.54) | DFA=0.79 Ent=0.92 GARCH=0.0018
08:48:05 | 🎲 RegimeMarkov: state=TD → next most-likely TD (P=0.84, persist=0.84, conf=0.82, n=326) | calib[1527]: acc=0.84 brier=0.057
08:48:05 | 🎲 PairMarkov: calib[29465]: acc=1.00 brier=0.000 (baseline 0.160)
08:48:05 | 🎲 FamilyMarkov: calib[3216/120]: acc=1.00 brier=0.003 (base 0.020) skill=+83.7% [need +5%] EARNED [C342]
08:48:05 | 🎲 IchiMarkov: calib[29202/200]: acc=0.83 brier=0.125 (base 0.149) skill=+15.8% [need +5%] EARNED [C343]
08:48:05 | 🧮 S3-EV: calib[156]: acc=0.33 brier=0.329 (baseline 0.250)
08:48:05 | 🌊 Market coherence: 63% long (40↑ vs 23↓)
08:48:05 | 💰 Taker flow: 🔸 -0.07 (BTC=+0.16 ETH=-0.31)
08:48:05 | ━━━━━━━━━━━━━━━━━━━━━━━━━━━━━━━━━━━━━━━━━━━━━━━━━━
08:48:05 | 📋 STEP 3: PREDICTIVE ANALYSIS — Scoring each pair
08:48:05 | ━━━━━━━━━━━━━━━━━━━━━━━━━━━━━━━━━━━━━━━━━━━━━━━━━━
08:48:22 |    📚 PairProfiles: 471 pairs in persistent baseline (138/138 mature this scan)
08:48:22 |    ------------------------------------
08:48:22 |    🧬 BTC: breadth 2/5 → conviction 0.35 | cat=majors/W-0.85(member) meanrev×1.38 | Sq=-0.03 fund=+0.004% OI=$2701.6M CVD=-0.30 ofi=-0.40 book=-0.26
08:48:22 |    🌍 C396 session tilt: Asia (03h UTC) → entry score ×0.88 [measured 55.9% Europe vs 46.5% Asia barrier-win]
08:48:22 |    🩸 C398 capitulation tilt: pack -1.65 ATR (forced-flow reversion) → short score ×0.920 [+4.67pp measured, down-side only by design]
08:48:22 |    📰 BTC: news long sig=0.50 score=-0.03
08:48:23 |    ⚖️ C467: BTC E=-0.072R is below the +0.005R bar, but the probability feeding E has NO measured skill (Brier skill ≤ 0), so E does not get a veto — score taxed 4% instead and the other gates decide. The veto returns automatically when p starts beating a coin flip [C467, throttled 10min]
08:48:23 |    🎯 BTC: target 0.4%→0.7% — regime TD persisting 0.84 on an earned ledger (acc 0.84); room-to-structure defers to the trend [C340]
08:48:23 |    ⚡ BTC: short news-tech conflict — score×0.70 (news long sig=0.50)
08:48:23 |    🕐 C249 session floor: IST 08.8h coupling w=0.15 → entry bar ×1.127
08:48:23 |    ❌ BTC: short scr=0.03 conf=0.60 → low score (<0.47)
08:48:23 |    ------------------------------------
08:48:23 |    🧬 ETH: breadth 4/5 → conviction 0.70 | cat=majors/W-0.78(member) meanrev×1.35 | Sq=-0.04 fund=+0.006% OI=$2093.5M CVD=-0.38 ofi=-0.21 book=-0.29
08:48:23 |    📰 ETH: news short sig=0.30 score=-0.04
08:48:23 |    🎯 ETH: target 0.1%→0.8% — regime TD persisting 0.84 on an earned ledger (acc 0.84); room-to-structure defers to the trend [C340]
08:48:23 |    ⚠️ ETH: short into bullish rejection candle at RSI 38 (counter-signal) -> conviction x0.85
08:48:23 |    ⚡ ETH: short wick rejection #1 → score×0.75
08:48:23 |    ❌ ETH: short scr=0.02 conf=0.38 → low score (<0.47)
08:48:24 |    ------------------------------------
08:48:24 |    🧬 ONDO: breadth 5/6 → conviction 0.82 | cat=rwa/W-0.19(member) meanrev×1.05 | Sq=-0.03 fund=+0.005% OI=$33.8M CVD=+0.04 ofi=+0.15 book=-0.26
08:48:24 |    🧬 ONDO: own-history vol 1.93% vs baseline 0.70% (×2.75) → abnormal-wild conviction ×0.93 [C286-2]
08:48:24 |    📰 ONDO: news short sig=0.30 score=+0.09
08:48:24 |    ☁️ ONDO: ichimoku A+ persisting 0.78 WITH the long → score ×1.02 (earned ledger) [C343]
08:48:24 |    ⚡ ONDO: long news-tech conflict — score×0.70 (news short sig=0.30)
08:48:24 |    ❌ ONDO: long scr=0.07 conf=0.67 → low score (<0.55)
08:48:24 |    ------------------------------------
08:48:24 |    🧬 XRP: breadth 4/6 → conviction 0.67 | cat=l1/W-0.71(member) momentum×0.84 | Sq=-0.04 fund=+0.006% OI=$256.6M CVD=-0.01 ofi=-0.12 book=-0.25
08:48:24 |    📰 XRP: news long sig=0.30 score=+0.53
08:48:25 |    🎯 XRP: target 0.2%→1.8% — regime TD persisting 0.84 on an earned ledger (acc 0.84); room-to-structure defers to the trend [C340]
08:48:25 |    ☁️ XRP: ichimoku B- persisting 0.92 WITH the short → score ×1.04 (earned ledger) [C343]
08:48:25 |    ⚡ XRP: short news-tech conflict — score×0.70 (news long sig=0.30)
08:48:25 |    ⚡ XRP: short wick rejection #1 → score×0.75
08:48:25 |    ❌ XRP: short scr=0.06 conf=0.30 → low confidence
08:48:25 |    ------------------------------------
08:48:25 |    🧬 ZEC: breadth 3/5 → conviction 0.50 | cat=privacy/W+0.24(member) pattern×1.05 | Sq=-0.05 fund=+0.007% OI=$159.9M CVD=-0.54 ofi=-0.13 book=-0.22
08:48:25 |    · ZEC: news ~market score=+0.02 (no coin-specific articles)
08:48:25 |    🎯 ZEC: target 1.0%→2.0% — regime TD persisting 0.84 on an earned ledger (acc 0.84); room-to-structure defers to the trend [C340]
08:48:25 |    ❌ ZEC: short scr=0.13 conf=0.59 → low score (<0.54)
08:48:26 |    ------------------------------------
08:48:26 |    🧬 SOL: breadth 1/5 → conviction 0.21 | cat=solana_eco/W-0.36(member) trend×1.04 | Sq=+0.02 fund=-0.003% OI=$463.9M CVD=-0.35 ofi=+0.24 book=-0.27
08:48:26 |    📄 SOL: news long sig=0.12 score=+0.12
08:48:26 |    🎯 SOL: target 0.7%→1.2% — regime TD persisting 0.84 on an earned ledger (acc 0.84); room-to-structure defers to the trend [C340]
08:48:26 |    ❌ SOL: short scr=0.04 conf=0.40 → low score (<0.50)
08:48:26 |    ------------------------------------
08:48:26 |    🧬 XAU: breadth 3/5 → conviction 0.64 | cat=calm/W-0.53(regime) meanrev×1.15 | Sq=-0.05 fund=+0.007% OI=$73.9M CVD=+0.13 ofi=+0.11 book=+0.23
08:48:26 |    📄 XAU: news long sig=0.10 score=+0.04
08:48:26 |    🛑 XAU: projection 0.13% < 0.25% (ATR-relative) + MA-fan not accelerating (ma_fan=+0.00) → blocked
08:48:27 |    ------------------------------------
08:48:27 |    🧬 NEAR: breadth 5/6 → conviction 0.87 | cat=ai/W+0.53(member) momentum×1.26 | Sq=-0.06 fund=+0.009% OI=$73.7M CVD=-0.34 ofi=+0.06 book=+0.07
08:48:27 |    📰 NEAR: news short sig=0.30 score=-0.18
08:48:27 |    🎯 NEAR: target 2.2%→3.9% — regime TD persisting 0.84 on an earned ledger (acc 0.84); room-to-structure defers to the trend [C340]
08:48:27 |    ☁️ NEAR: ichimoku B- persisting 0.92 WITH the short → score ×1.04 (earned ledger) [C343]
08:48:27 |    🪝 NEAR: short CONFIRMED-TREND PULLBACK (macro=-0.53, target 2.2%≈1.5×ATR, room 21%) → conviction support ×1.16 (0.31→0.36)
08:48:27 |    ❌ NEAR: short scr=0.36 conf=0.71 → low score (<0.62)
08:48:27 |    ------------------------------------
08:48:27 |    🧬 LTC: breadth 3/6 → conviction 0.54 | cat=l1/W+0.44(member) meanrev×0.84 | Sq=-0.06 fund=+0.010% OI=$37.1M CVD=+0.53 ofi=-0.17 book=+0.07
08:48:27 |    🧭 C403 flow term: takers are -0.46 AGAINST this short → score ×0.954
08:48:27 |    📰 LTC: news long sig=0.30 score=+0.26
08:48:27 |    ⚡ LTC: projection 0.69% modest + MA-fan compressing (ma_fan=-0.10) → penalty 20%
08:48:28 |    🎯 LTC: target 1.0%→2.2% — regime TD persisting 0.84 on an earned ledger (acc 0.84); room-to-structure defers to the trend [C340]
08:48:28 |    ☁️ LTC: ichimoku B- persisting 0.92 WITH the short → score ×1.04 (earned ledger) [C343]
08:48:28 |    ⚡ LTC: short news-tech conflict — score×0.70 (news long sig=0.30)
08:48:28 |    ❌ LTC: short scr=0.00 conf=0.27 → low confidence
08:48:28 |    ------------------------------------
08:48:28 |    🧬 CL: breadth 3/5 → conviction 0.51 | cat=mid/W-0.04(regime) meanrev×1.01 | Sq=+0.09 fund=-0.013% OI=$35.8M CVD=+0.23 ofi=-0.05 book=-0.30
08:48:28 |    · CL: news ~market score=+0.02 (no coin-specific articles)
08:48:28 |    🛑 CL: SHORT at RSI 13 (oversold, stretched) → brake 39%
08:48:28 |    🎢→✅ CL: parabola RESOLVED (bounce age 44c, unwound 15.1 ATR) → short allowed, penalty 15%
08:48:28 |    ⚡ CL: projection 0.40% modest + MA-fan compressing (ma_fan=-0.03) → penalty 20%
08:48:28 |    🎯 CL: target 0.0%→0.7% — regime TD persisting 0.84 on an earned ledger (acc 0.84); room-to-structure defers to the trend [C340]
08:48:28 |    ☁️ CL: ichimoku B- persisting 0.92 WITH the short → score ×1.04 (earned ledger) [C343]
08:48:28 |    ⚠️ CL: short into bullish rejection candle at RSI 13 (counter-signal) -> conviction x0.85
08:48:28 |    ⚡ CL: short wick rejection #1 → score×0.75
08:48:28 |    ❌ CL: short scr=0.00 conf=0.18 → low confidence
08:48:29 |    ------------------------------------
08:48:29 |    🧬 NIL: breadth 5/6 → conviction 0.88 | cat=wild/W+1.00(regime) meanrev×0.72 | Sq=-0.04 fund=+0.005% OI=$3.6M CVD=-0.23 ofi=-0.06 book=-0.18
08:48:29 |    🧬 NIL: own-history vol 3.93% vs baseline 1.90% (×2.07) → abnormal-wild conviction ×0.97 [C286-2]
08:48:29 |    · NIL: news ~market score=+0.02 (no coin-specific articles)
08:48:29 |    🧭 C439: earned chains put p at 0.22 against a base of 0.42 — they DISAGREE with this short → score ×0.961 (bounded, same treatment C342/C343 give a dissenting chain) [throttled 15min]
08:48:29 |    🎯 NIL: target 5.1%→10.5% — regime TD persisting 0.84 on an earned ledger (acc 0.84); room-to-structure defers to the trend [C340]
08:48:29 |    ❌ NIL: short scr=0.22 conf=0.74 → low score (<0.50)
08:48:29 |    ------------------------------------
08:48:29 |    🧬 ENA: breadth 3/6 → conviction 0.56 | cat=defi/W+0.50(member) meanrev×0.84 | Sq=-0.03 fund=+0.005% OI=$48.3M CVD=-0.26 ofi=+0.30 book=+0.03
08:48:29 |    📄 ENA: news long sig=0.12 score=+0.00
08:48:30 |    🎯 ENA: target 2.7%→4.8% — regime TD persisting 0.84 on an earned ledger (acc 0.84); room-to-structure defers to the trend [C340]
08:48:30 |    ❌ ENA: short scr=0.14 conf=0.31 → low confidence
08:48:30 |    ------------------------------------
08:48:30 |    🧬 SUI: breadth 3/5 → conviction 0.59 | cat=l1/W-0.23(member) trend×1.11 | Sq=+0.01 fund=-0.001% OI=$64.4M CVD=+0.60 ofi=-0.02 book=-0.30
08:48:30 |    · SUI: news ~market score=+0.02 (no coin-specific articles)
08:48:30 |    🎯 SUI: target 1.9%→3.3% — regime TD persisting 0.84 on an earned ledger (acc 0.84); room-to-structure defers to the trend [C340]
08:48:30 |    ❌ SUI: short scr=0.15 conf=0.39 → low score (<0.60)
08:48:31 |    ------------------------------------
08:48:31 |    🧬 UNI: breadth 4/5 → conviction 0.84 | cat=defi/W+0.04(member) trend×1.07 | Sq=-0.06 fund=+0.010% OI=$35.1M CVD=-0.29 ofi=-0.02 book=-0.04
08:48:31 |    📄 UNI: news long sig=0.12 score=+0.00
08:48:31 |    🎢→✅ UNI: parabola RESOLVED (bounce age 50c, unwound 4.7 ATR) → short allowed, penalty 15%
08:48:31 |    🎯 UNI: target 0.5%→1.9% — regime TD persisting 0.84 on an earned ledger (acc 0.84); room-to-structure defers to the trend [C340]
08:48:31 |    ☁️ UNI: ichimoku B- persisting 0.92 WITH the short → score ×1.04 (earned ledger) [C343]
08:48:31 |    ❌ UNI: short scr=0.12 conf=0.62 → low score (<0.54)
08:48:31 |    ------------------------------------
08:48:31 |    🧬 LSK: breadth 2/5 → conviction 0.53 | cat=wild/W+1.00(regime) meanrev×0.72 | Sq=-0.01 fund=+0.001% OI=$2.4M CVD=-0.48 ofi=+0.08 book=+0.09
08:48:31 |    · LSK: news ~market score=+0.02 (no coin-specific articles)
08:48:31 |    🛑 LSK: SHORT at RSI 6 (oversold, stretched) → brake 45%
08:48:31 |    🎢→✅ LSK: parabola RESOLVED (bounce age 27c, unwound 14.4 ATR) → short allowed, penalty 15%
08:48:32 |    🛑 LSK: short structural exhaustion (4% room) → blocked
08:48:32 |    ------------------------------------
08:48:32 |    🧬 DOGE: breadth 5/6 → conviction 0.70 | cat=meme/W-0.66(member) trend×1.06 | Sq=-0.05 fund=+0.007% OI=$121.6M CVD=-0.17 ofi=-0.12 book=+0.01
08:48:32 |    📰 DOGE: news long sig=0.30 score=+0.17
08:48:32 |    🎯 DOGE: target 1.0%→1.7% — regime TD persisting 0.84 on an earned ledger (acc 0.84); room-to-structure defers to the trend [C340]
08:48:32 |    ⚠️ DOGE: short into bullish rejection candle at RSI 40 (counter-signal) -> conviction x0.85
08:48:32 |    ⚡ DOGE: short news-tech conflict — score×0.70 (news long sig=0.30)
08:48:32 |    🛑 DOGE: short CAPITULATION REJECTION (wick+vol) → blocked
08:48:33 |    ------------------------------------
08:48:33 |    🧬 XLM: breadth 2/6 → conviction 0.27 | cat=l1/W-0.38(member) trend×1.12 | Sq=-0.07 fund=+0.010% OI=$27.7M CVD=-0.22 ofi=+0.22 book=-0.25
08:48:33 |    🧬 XLM: own-history vol 1.19% vs baseline 0.64% (×1.87) → abnormal-wild conviction ×0.98 [C286-2]
08:48:33 |    📄 XLM: news short sig=0.10 score=-0.08
08:48:33 |    🛑 XLM: projection 0.20% < 0.50% (ATR-relative) + MA-fan not accelerating (ma_fan=+0.04) → blocked
08:48:33 |    ------------------------------------
08:48:33 |    🧬 PEPE: breadth 4/5 → conviction 0.81 | cat=meme/W-0.48(member) pattern×1.05 | Sq=-0.04 fund=+0.006% OI=$37.0M CVD=-0.17 ofi=-0.06 book=-0.00
08:48:33 |    📰 PEPE: news neutral sig=0.30 score=+0.00
08:48:33 |    🎯 PEPE: target 0.4%→2.0% — regime TD persisting 0.84 on an earned ledger (acc 0.84); room-to-structure defers to the trend [C340]
08:48:33 |    ☁️ PEPE: ichimoku B- persisting 0.92 WITH the short → score ×1.04 (earned ledger) [C343]
08:48:37 |    📊 PEPE flow(proxy): L/S 1h=1.6 4h=1.5 12h=1.8 | R=-0.39 taker=-0.06 SM=-0.86
08:48:37 |    📈 PEPE OI: neutral Δ=-0.1% str=+0.00
08:48:37 |    🛑 PEPE: big projection 2.8% needs agreement ≥63% but only 60% → blocked (reward-conviction coupling)
08:48:38 |    ------------------------------------
08:48:38 |    🧬 BZ: breadth 4/5 → conviction 0.81 | cat=mid/W-0.17(regime) meanrev×1.05 | Sq=+0.06 fund=-0.009% OI=$28.4M CVD=-0.23 ofi=+0.04 book=-0.28
08:48:38 |    · BZ: news ~market score=+0.02 (no coin-specific articles)
08:48:38 |    🛑 BZ: SHORT at RSI 16 (oversold, stretched) → brake 31%
08:48:38 |    🎢→✅ BZ: parabola RESOLVED (bounce age 44c, unwound 16.6 ATR) → short allowed, penalty 15%
08:48:38 |    ⚡ BZ: projection 0.49% modest + MA-fan compressing (ma_fan=-0.02) → penalty 20%
08:48:38 |    🛑 BZ: short target 0.0% too small + room 8% → blocked
08:48:38 |    ------------------------------------
08:48:38 |    🧬 BGB: breadth 3/5 → conviction 0.54 | cat=wild/W+0.53(regime) meanrev×0.85 | Sq=-0.04 fund=+0.007% OI=$22.9M CVD=+0.26 ofi=+0.05 book=+0.19
08:48:38 |    🧬 BGB: own-history vol 0.97% vs baseline 0.39% (×2.52) → abnormal-wild conviction ×0.94 [C286-2]
08:48:38 |    · BGB: news ~market score=+0.02 (no coin-specific articles)
08:48:38 |    🛑 BGB: projection 0.17% < 0.49% (ATR-relative) + MA-fan not accelerating (ma_fan=+0.00) → blocked
08:48:39 |    ------------------------------------
08:48:39 |    🧬 XAG: breadth 4/5 → conviction 0.94 | cat=calm/W-0.73(regime) meanrev×1.20 | Sq=-0.07 fund=+0.010% OI=$26.2M CVD=-0.29 ofi=-0.03 book=+0.30
08:48:39 |    · XAG: news ~market score=+0.02 (no coin-specific articles)
08:48:39 |    🎢→✅ XAG: parabola RESOLVED (pullback age 48c, recovered 5.7 ATR) → long allowed, penalty 15%
08:48:39 |    ☁️ XAG: ichimoku A+ persisting 0.78 WITH the long → score ×1.02 (earned ledger) [C343]
08:48:39 |    ⚠️ XAG: long into bearish rejection candle at RSI 57 (counter-signal) -> conviction x0.85
08:48:39 |    ⚡ XAG: long wick rejection #1 → score×0.75
08:48:39 |    ❌ XAG: long scr=0.03 conf=0.35 → low score (<0.47)
08:48:39 |    ------------------------------------
08:48:39 |    🧬 FET: breadth 4/5 → conviction 0.86 | cat=ai/W+0.57(member) momentum×1.27 | Sq=-0.07 fund=+0.010% OI=$16.9M CVD=-0.19 ofi=+0.08 book=+0.24
08:48:39 |    📄 FET: news long sig=0.12 score=-0.04
08:48:39 |    🎢→⚖️ FET: C292 stands down — parabola BROKEN (range 16×ATR, 3.4 ATR off the day extreme): the 24h 'trend' already failed structurally; counter-trend entry re-enters the TURNING path [C299]
08:48:39 |    ⚡ FET: 24h=+14.1% but 1h=+0.0% (TURNING) → penalty 28%
08:48:39 |    🎯 FET: target 1.9%→3.4% — regime TD persisting 0.84 on an earned ledger (acc 0.84); room-to-structure defers to the trend [C340]
08:48:39 |    ☁️ FET: ichimoku B- persisting 0.92 WITH the short → score ×1.04 (earned ledger) [C343]
08:48:39 |    ❌ FET: short scr=0.11 conf=0.61 → low score (<0.49)
08:48:40 |    ------------------------------------
08:48:40 |    🧬 WLD: breadth 5/6 → conviction 0.89 | cat=ai/W-0.02(member) momentum×1.10 | Sq=-0.04 fund=+0.006% OI=$27.6M CVD=-0.25 ofi=+0.34 book=+0.25
08:48:40 |    📄 WLD: news long sig=0.12 score=-0.04
08:48:40 |    🎯 WLD: target 1.3%→2.4% — regime TD persisting 0.84 on an earned ledger (acc 0.84); room-to-structure defers to the trend [C340]
08:48:40 |    ☁️ WLD: ichimoku B- persisting 0.92 WITH the short → score ×1.04 (earned ledger) [C343]
08:48:40 |    ❌ WLD: short scr=0.31 conf=0.58 → low score (<0.50)
08:48:40 |    ⚖️ C462-7 WLD: penalties 0.51→0.31 (×0.60) vs bar 0.50 — the stack decided
08:48:40 |    ------------------------------------
08:48:40 |    🧬 BROCCOLI: breadth 2/6 → conviction 0.36 | cat=wild/W+0.99(regime) meanrev×0.72 | Sq=-0.16 fund=+0.020% OI=$2.0M CVD=+0.28 ofi=-0.07 book=+0.00
08:48:40 |    · BROCCOLI: news ~market score=+0.02 (no coin-specific articles)
08:48:40 |    ⚡ BROCCOLI: 24h=+21.6% but 1h=+0.0% (TURNING) → penalty 30%
08:48:40 |    🎢→✅ BROCCOLI: parabola RESOLVED (bounce age 43c, unwound 10.3 ATR) → short allowed, penalty 15%
08:48:41 |    🎯 BROCCOLI: target 2.5%→5.9% — regime TD persisting 0.84 on an earned ledger (acc 0.84); room-to-structure defers to the trend [C340]
08:48:41 |    ☁️ BROCCOLI: ichimoku B- persisting 0.92 WITH the short → score ×1.04 (earned ledger) [C343]
08:48:41 |    ❌ BROCCOLI: short scr=0.00 conf=0.28 → low confidence
08:48:41 |    ------------------------------------
08:48:41 |    🧬 SKHYNIX: breadth 4/5 → conviction 0.96 | cat=calm/W-0.72(regime) meanrev×1.20 | Sq=+0.00 fund=+0.000% OI=$21.3M CVD=-0.26 ofi=+0.18 book=-0.25
08:48:41 |    · SKHYNIX: news ~market score=+0.02 (no coin-specific articles)
08:48:41 |    🛑 SKHYNIX: LONG at RSI 72 (overbought, stretched) → brake 6%
08:48:41 |    🎢→✅ SKHYNIX: parabola RESOLVED (pullback age 70c, recovered 7.0 ATR) → long allowed, penalty 15%
08:48:41 |    ☁️ SKHYNIX: ichimoku A+ persisting 0.78 WITH the long → score ×1.02 (earned ledger) [C343]
08:48:41 |    ❌ SKHYNIX: long scr=0.07 conf=0.43 → low score (<0.47)
08:48:41 |    ------------------------------------
08:48:41 |    🧬 FIL: breadth 3/6 → conviction 0.46 | cat=depin/W-0.16(member) trend×1.07 | Sq=-0.06 fund=+0.010% OI=$10.4M CVD=-0.58 ofi=-0.10 book=+0.27
08:48:41 |    · FIL: news ~market score=+0.02 (no coin-specific articles)
08:48:41 |    🎢→✅ FIL: parabola RESOLVED (bounce age 50c, unwound 5.5 ATR) → short allowed, penalty 15%
08:48:42 |    🎯 FIL: target 1.1%→2.0% — regime TD persisting 0.84 on an earned ledger (acc 0.84); room-to-structure defers to the trend [C340]
08:48:42 |    ☁️ FIL: ichimoku B- persisting 0.92 WITH the short → score ×1.04 (earned ledger) [C343]
08:48:42 |    ❌ FIL: short scr=0.05 conf=0.49 → low score (<0.54)
08:48:42 |    ------------------------------------
08:48:42 |    🧬 MARSCOIN: breadth 5/6 → conviction 0.88 | cat=wild/W+0.70(regime) meanrev×0.81 | Sq=-0.05 fund=+0.007% OI=$2.0M CVD=-0.50 ofi=-0.06 book=-0.15
08:48:42 |    · MARSCOIN: news ~market score=+0.02 (no coin-specific articles)
08:48:42 |    🎯 MARSCOIN: target 2.2%→4.2% — regime TD persisting 0.84 on an earned ledger (acc 0.84); room-to-structure defers to the trend [C340]
08:48:42 |    🛑 MARSCOIN: short MICRO-EXHAUSTION (3/3 signals) → blocked
08:48:43 |    ------------------------------------
08:48:43 |    🧬 PUMP: breadth 5/6 → conviction 0.90 | cat=calm/W-0.35(regime) meanrev×1.10 | Sq=-0.03 fund=+0.005% OI=$16.0M CVD=+0.29 ofi=-0.18 book=+0.01
08:48:43 |    📰 PUMP: news neutral sig=0.30 score=+0.00
08:48:43 |    ☁️ PUMP: ichimoku A+ persisting 0.78 WITH the long → score ×1.02 (earned ledger) [C343]
08:48:43 |    ❌ PUMP: long scr=0.08 conf=0.58 → low score (<0.47)
08:48:43 |    ------------------------------------
08:48:43 |    🧬 龙虾: breadth 4/6 → conviction 0.61 | cat=wild/W+1.00(regime) meanrev×0.72 | Sq=-0.45 fund=+0.058% OI=$32.4M CVD=-0.45 ofi=-0.02 book=-0.07
08:48:43 |    · 龙虾: news ~market score=+0.02 (no coin-specific articles)
08:48:43 |    ⚡ 龙虾: 24h=-19.8% but 1h=+0.0% (TURNING) → penalty 30%
08:48:43 |    🛑 龙虾: LONG at RSI 74 (overbought, stretched) → brake 9%
08:48:44 |    ☁️ 龙虾: ichimoku A+ persisting 0.78 WITH the long → score ×1.02 (earned ledger) [C343]
08:48:44 |    ⚠️ 龙虾: long into bearish rejection candle at RSI 74 (counter-signal) -> conviction x0.85
08:48:44 |    ⚡ 龙虾: long wick rejection #1 → score×0.75
08:48:44 |    ❌ 龙虾: long scr=0.08 conf=0.55 → low score (<0.51)
08:48:44 |    ------------------------------------
08:48:44 |    🧬 XAUT: breadth 3/6 → conviction 0.56 | cat=calm/W-0.84(regime) meanrev×1.24 | Sq=-0.01 fund=+0.002% OI=$26.5M CVD=+0.25 ofi=+0.29 book=-0.29
08:48:44 |    · XAUT: news ~market score=+0.02 (no coin-specific articles)
08:48:44 |    ☁️ XAUT: ichimoku A+ persisting 0.78 AGAINST the short → score ×0.98 (earned ledger) [C343]
08:48:44 |    ❌ XAUT: short scr=0.04 conf=0.32 → low confidence
08:48:44 |    ------------------------------------
08:48:44 |    🧬 PAXG: breadth 4/5 → conviction 0.80 | cat=calm/W-0.81(regime) meanrev×1.23 | Sq=-0.03 fund=+0.005% OI=$10.6M CVD=-0.35 ofi=-0.17 book=-0.24
08:48:44 |    · PAXG: news ~market score=+0.02 (no coin-specific articles)
08:48:44 |    🎯 PAXG: target 0.4%→0.4% — regime TD persisting 0.84 on an earned ledger (acc 0.84); room-to-structure defers to the trend [C340]
08:48:44 |    ☁️ PAXG: ichimoku A+ persisting 0.78 AGAINST the short → score ×0.98 (earned ledger) [C343]
08:48:44 |    ❌ PAXG: short scr=0.18 conf=0.51 → low score (<0.47)
08:48:45 |    ------------------------------------
08:48:45 |    🧬 ONE: breadth 6/6 → conviction 1.00 | cat=wild/W+1.00(regime) meanrev×0.72 | Sq=+1.00 fund=-0.822% OI=$1.4M CVD=+0.27 ofi=+0.16 book=+0.00
08:48:45 |    📰 ONE: news short sig=0.30 score=-0.05
08:48:45 |    🛑 ONE: LONG at RSI 79 (overbought, stretched) → brake 21%
08:48:45 |    🎢→✅ ONE: parabola RESOLVED (pullback age 12c, recovered 4.5 ATR) → long allowed, penalty 15%
08:48:45 |    ☁️ ONE: ichimoku A+ persisting 0.78 WITH the long → score ×1.02 (earned ledger) [C343]
08:48:45 |    ⚡ ONE: long news-tech conflict — score×0.70 (news short sig=0.30)
08:48:45 |    ❌ ONE: long scr=0.30 conf=0.55 → low score (<0.49)
08:48:46 |    ------------------------------------
08:48:46 |    🧬 AKE: breadth 4/6 → conviction 0.68 | cat=wild/W+1.00(regime) meanrev×0.72 | Sq=-0.04 fund=+0.005% OI=$2.0M CVD=+0.19 ofi=+0.09 book=-0.09
08:48:46 |    · AKE: news ~market score=+0.02 (no coin-specific articles)
08:48:46 |    ⚡ AKE: 24h=-14.8% but 1h=+0.0% (TURNING) → penalty 30%
08:48:46 |    🛑 AKE: long CAPITULATION REJECTION (wick+vol) → blocked
08:48:46 |    ------------------------------------
08:48:46 |    🧬 PENGU: breadth 5/6 → conviction 0.80 | cat=mid/W+0.19(regime) meanrev×0.95 | Sq=-0.03 fund=+0.005% OI=$8.4M CVD=-0.25 ofi=-0.27 book=-0.11
08:48:46 |    · PENGU: news ~market score=+0.02 (no coin-specific articles)
08:48:47 |    🎯 PENGU: target 1.5%→2.7% — regime TD persisting 0.84 on an earned ledger (acc 0.84); room-to-structure defers to the trend [C340]
08:48:47 |    ☁️ PENGU: ichimoku B- persisting 0.92 WITH the short → score ×1.04 (earned ledger) [C343]
08:48:47 |    ❌ PENGU: short scr=0.20 conf=0.64 → low score (<0.49)
08:48:47 |    ------------------------------------
08:48:47 |    🧬 ZRO: breadth 5/6 → conviction 0.85 | cat=l2/W+0.74(member) momentum×1.27 | Sq=-0.03 fund=+0.005% OI=$3.9M CVD=-0.13 ofi=+0.03 book=+0.23
08:48:47 |    · ZRO: news ~market score=+0.02 (no coin-specific articles)
08:48:47 |    ☁️ ZRO: ichimoku A+ persisting 0.78 WITH the long → score ×1.02 (earned ledger) [C343]
08:48:47 |    ❌ ZRO: long scr=0.02 conf=0.33 → low score (<0.58)
08:48:47 |    ------------------------------------
08:48:47 |    🧬 DOT: breadth 6/6 → conviction 1.00 | cat=l1/W-0.41(member) trend×1.12 | Sq=-0.03 fund=+0.005% OI=$21.2M CVD=-0.27 ofi=+0.03 book=-0.25
08:48:47 |    · DOT: news ~market score=+0.02 (no coin-specific articles)
08:48:47 |    🎢→✅ DOT: parabola RESOLVED (bounce age 50c, unwound 6.0 ATR) → short allowed, penalty 15%
08:48:48 |    🎯 DOT: target 1.0%→1.8% — regime TD persisting 0.84 on an earned ledger (acc 0.84); room-to-structure defers to the trend [C340]
08:48:48 |    ☁️ DOT: ichimoku B- persisting 0.92 WITH the short → score ×1.04 (earned ledger) [C343]
08:48:48 |    🛑 DOT: short MICRO-EXHAUSTION (3/3 signals) → blocked
08:48:48 |    ------------------------------------
08:48:48 |    🧬 BR: breadth 6/6 → conviction 1.00 | cat=wild/W+0.82(regime) meanrev×0.77 | Sq=-0.03 fund=+0.005% OI=$6.3M CVD=+0.03 ofi=-0.06
08:48:48 |    · BR: news ~market score=+0.02 (no coin-specific articles)
08:48:48 |    ⚡ BR: 24h=-12.3% but 1h=+0.0% (TURNING) → penalty 25%
08:48:48 |    ⚡ BR: projection 0.63% modest + MA-fan compressing (ma_fan=-0.08) → penalty 20%
08:48:48 |    ☁️ BR: ichimoku B- persisting 0.92 AGAINST the long → score ×0.96 (earned ledger) [C343]
08:48:48 |    🛑 BR: long CAPITULATION REJECTION (wick+vol) → blocked
08:48:49 |    ------------------------------------
08:48:49 |    🧬 MUBARAK: breadth 4/6 → conviction 0.69 | cat=wild/W+0.96(regime) meanrev×0.73 | Sq=-0.05 fund=+0.007% OI=$3.3M CVD=-0.28 ofi=-0.14 book=-0.27
08:48:49 |    · MUBARAK: news ~market score=+0.02 (no coin-specific articles)
08:48:49 |    🎯 MUBARAK: target 2.3%→4.1% — regime TD persisting 0.84 on an earned ledger (acc 0.84); room-to-structure defers to the trend [C340]
08:48:49 |    ☁️ MUBARAK: ichimoku B- persisting 0.92 WITH the short → score ×1.04 (earned ledger) [C343]
08:48:49 |    🧮 MUBARAK: S3 P[pair15m·reg4h·score]=0.69 R=1.03 EV=+0.33PRU → bar ×1.00 [C302]
08:48:52 |    📊 MUBARA flow(proxy): L/S 1h=1.4 4h=1.3 12h=1.4 | R=-0.23 taker=+0.06 SM=-0.63
08:48:52 |    📈 MUBARA OI: neutral Δ=+0.0% str=+0.00
08:48:52 |    📏 MUBARAK: short at 3% of its own 24h range → extension penalty 11% (measured: that third wins ~47% vs ~54% at the other end, 4/4 out-of-sample) [C455-4]
08:48:52 |    🩸 MUBARAK: SHORT VETOED — the field is -1.65 ATR over 3h (pack capitulation, reversion regime) and this pair sits at 3% of its own 24h range. C398 measured +4.67pp for the LONG side of exactly this state on n=3,420; shorting it is taking the losing side of the only edge this book has ever measured [C458-15]
08:48:52 |    ------------------------------------
08:48:52 |    🧬 XAI: breadth 4/5 → conviction 0.81 | cat=wild/W+0.99(regime) meanrev×0.72 | Sq=+0.12 fund=-0.017% OI=$0.8M CVD=+0.01 ofi=+0.30 book=-0.02
08:48:52 |    · XAI: news ~market score=+0.02 (no coin-specific articles)
08:48:52 |    🎢→⚖️ XAI: C292 stands down — parabola BROKEN (range 28×ATR, 18.2 ATR off the day extreme): the 24h 'trend' already failed structurally; counter-trend entry re-enters the TURNING path [C299]
08:48:52 |    ⚡ XAI: 24h=+11.3% but 1h=+0.0% (TURNING) → penalty 23%
08:48:52 |    🛑 XAI: SHORT at RSI 12 (oversold, stretched) → brake 40%
08:48:52 |    🎢→✅ XAI: parabola RESOLVED (bounce age 36c, unwound 18.2 ATR) → short allowed, penalty 15%
08:48:53 |    🛑 XAI: short structural exhaustion (1% room) → blocked
08:48:53 |    ------------------------------------
08:48:53 |    🧬 ARB: breadth 5/6 → conviction 0.75 | cat=l2/W-0.19(member) trend×1.08 | Sq=-0.02 fund=+0.003% OI=$20.4M CVD=-0.28 ofi=-0.12 book=-0.11
08:48:53 |    📰 ARB: news short sig=0.30 score=-0.25
08:48:53 |    🎢→✅ ARB: parabola RESOLVED (bounce age 50c, unwound 3.5 ATR) → short allowed, penalty 15%
08:48:53 |    🎯 ARB: target 1.4%→2.7% — regime TD persisting 0.84 on an earned ledger (acc 0.84); room-to-structure defers to the trend [C340]
08:48:53 |    ❌ ARB: short scr=0.06 conf=0.63 → low score (<0.49)
08:48:53 |    ------------------------------------
08:48:53 |    🧬 BNB: breadth 2/5 → conviction 0.35 | cat=majors/W-0.85(member) meanrev×1.37 | Sq=-0.04 fund=+0.006% OI=$72.2M CVD=+0.53 ofi=-0.05 book=+0.08
08:48:53 |    📄 BNB: news long sig=0.24 score=+0.01
08:48:53 |    🎢→✅ BNB: parabola RESOLVED (bounce age 42c, unwound 6.5 ATR) → short allowed, penalty 15%
08:48:54 |    🛑 BNB: short structural exhaustion (4% room) → blocked
08:48:54 |    ------------------------------------
08:48:54 |    🧬 PI: breadth 4/6 → conviction 0.66 | cat=calm/W-0.74(regime) meanrev×1.21 | Sq=-0.03 fund=+0.005% OI=$5.0M CVD=-0.43 ofi=-0.28 book=-0.02
08:48:54 |    · PI: news ~market score=+0.02 (no coin-specific articles)
08:48:54 |    🎯 PI: target 0.9%→1.6% — regime TD persisting 0.84 on an earned ledger (acc 0.84); room-to-structure defers to the trend [C340]
08:48:54 |    ❌ PI: short scr=0.04 conf=0.70 → low score (<0.49)
08:48:55 |    ------------------------------------
08:48:55 |    🧬 SEI: breadth 3/6 → conviction 0.62 | cat=l1/W-0.03(member) trend×1.10 | Sq=-0.07 fund=+0.010% OI=$9.1M CVD=+0.05 ofi=+0.02 book=-0.23
08:48:55 |    🧬 SEI: own-history vol 1.32% vs baseline 0.77% (×1.73) → abnormal-wild conviction ×0.99 [C286-2]
08:48:55 |    · SEI: news ~market score=+0.02 (no coin-specific articles)
08:48:55 |    🎢→✅ SEI: parabola RESOLVED (pullback age 0c, recovered 0.2 ATR, extreme re-touched) → long allowed, penalty 15%
08:48:55 |    ❌ SEI: long scr=0.25 conf=0.38 → low score (<0.47)
08:48:55 |    ------------------------------------
08:48:55 |    🧬 APT: breadth 5/6 → conviction 0.84 | cat=l1/W+0.08(member) trend×1.10 | Sq=-0.06 fund=+0.010% OI=$8.4M CVD=-0.54 ofi=+0.24 book=-0.28
08:48:55 |    · APT: news ~market score=+0.02 (no coin-specific articles)
08:48:55 |    🎢→✅ APT: parabola RESOLVED (bounce age 50c, unwound 8.1 ATR) → short allowed, penalty 15%
08:48:56 |    🎯 APT: target 1.3%→2.4% — regime TD persisting 0.84 on an earned ledger (acc 0.84); room-to-structure defers to the trend [C340]
08:48:56 |    ☁️ APT: ichimoku B- persisting 0.92 WITH the short → score ×1.04 (earned ledger) [C343]
08:48:56 |    ❌ APT: short scr=0.11 conf=0.55 → low score (<0.54)
08:48:56 |    ------------------------------------
08:48:56 |    🧬 RENDER: breadth 5/6 → conviction 0.88 | cat=depin/W-0.18(member) trend×1.07 | Sq=-0.03 fund=+0.005% OI=$10.1M CVD=-0.28 ofi=+0.01 book=+0.24
08:48:56 |    📄 RENDER: news long sig=0.12 score=-0.04
08:48:56 |    🎯 RENDER: target 1.2%→2.2% — regime TD persisting 0.84 on an earned ledger (acc 0.84); room-to-structure defers to the trend [C340]
08:48:56 |    ☁️ RENDER: ichimoku B- persisting 0.92 WITH the short → score ×1.04 (earned ledger) [C343]
08:48:57 |    ❌ RENDER: short scr=0.34 conf=0.58 → low score (<0.55)
08:48:57 |    ⚖️ C462-7 RENDER: penalties 0.55→0.34 (×0.61) vs bar 0.55 — the stack decided
08:48:57 |    ------------------------------------
08:48:57 |    🧬 SAMSUNG: breadth 4/6 → conviction 0.74 | cat=calm/W-0.66(regime) meanrev×1.19 | Sq=+0.01 fund=-0.001% OI=$7.2M CVD=-0.60 ofi=+0.12 book=+0.29
08:48:57 |    · SAMSUNG: news ~market score=+0.02 (no coin-specific articles)
08:48:57 |    🛑 SAMSUNG: LONG at RSI 85 (overbought, stretched) → brake 33%
08:48:57 |    🎢→✅ SAMSUNG: parabola RESOLVED (pullback age 36c, recovered 6.5 ATR) → long allowed, penalty 15%
08:48:57 |    🛑 SAMSUNG: long target 0.2% too small + room 9% → blocked
08:48:57 |    ------------------------------------
08:48:57 |    🧬 HBAR: breadth 5/6 → conviction 0.93 | cat=l1/W-0.54(member) trend×1.13 | Sq=-0.06 fund=+0.010% OI=$16.8M CVD=-0.60 ofi=-0.09 book=-0.12
08:48:57 |    · HBAR: news ~market score=+0.02 (no coin-specific articles)
08:48:58 |    🎯 HBAR: target 1.1%→2.0% — regime TD persisting 0.84 on an earned ledger (acc 0.84); room-to-structure defers to the trend [C340]
08:48:58 |    ☁️ HBAR: ichimoku B- persisting 0.92 WITH the short → score ×1.04 (earned ledger) [C343]
08:48:58 |    ❌ HBAR: short scr=0.15 conf=0.51 → low score (<0.49)
08:48:58 |    ------------------------------------
08:48:58 |    🧬 RAY: breadth 3/6 → conviction 0.42 | cat=solana_eco/W+0.43(member) momentum×1.24 | Sq=-0.04 fund=+0.005% OI=$3.4M CVD=+0.40 ofi=-0.08 book=-0.16
08:48:58 |    📄 RAY: news long sig=0.12 score=+0.00
08:48:58 |    🛑 RAY: SHORT at RSI 20 (oversold, stretched) → brake 22%
08:48:58 |    🎢→✅ RAY: parabola RESOLVED (bounce age 33c, unwound 9.8 ATR) → short allowed, penalty 15%
08:48:58 |    🎯 RAY: target 1.3%→2.4% — regime TD persisting 0.84 on an earned ledger (acc 0.84); room-to-structure defers to the trend [C340]
08:48:58 |    ☁️ RAY: ichimoku B- persisting 0.92 WITH the short → score ×1.04 (earned ledger) [C343]
08:48:58 |    ❌ RAY: short scr=0.11 conf=0.61 → low score (<0.55)
08:48:59 |    ------------------------------------
08:48:59 |    🧬 TUT: breadth 5/6 → conviction 0.81 | cat=wild/W+0.94(regime) meanrev×0.74 | Sq=-0.03 fund=+0.005% OI=$7.1M CVD=-0.05 ofi=-0.15 book=+0.17
08:48:59 |    🧬 TUT: own-history vol 1.03% vs baseline 1.68% (×0.61) → coiled conviction ×1.01 [C286-2]
08:48:59 |    · TUT: news ~market score=+0.02 (no coin-specific articles)
08:48:59 |    🛑 TUT: SHORT at RSI 17 (oversold, stretched) → brake 29%
08:48:59 |    🎢→✅ TUT: parabola RESOLVED (bounce age 65c, unwound 16.2 ATR) → short allowed, penalty 15%
08:48:59 |    🎯 TUT: target 1.5%→2.7% — regime TD persisting 0.84 on an earned ledger (acc 0.84); room-to-structure defers to the trend [C340]
08:48:59 |    ☁️ TUT: ichimoku B- persisting 0.92 WITH the short → score ×1.04 (earned ledger) [C343]
08:48:59 |    🛑 TUT: short MICRO-EXHAUSTION (3/3 signals) → blocked
08:48:59 |    ------------------------------------
08:48:59 |    🧬 ALLO: breadth 3/6 → conviction 0.47 | cat=ai/W+0.22(member) momentum×1.17 | Sq=-0.03 fund=+0.005% OI=$2.4M CVD=+0.49 ofi=-0.15 book=-0.04
08:48:59 |    📄 ALLO: news long sig=0.12 score=-0.04
08:49:00 |    🎯 ALLO: target 1.2%→2.1% — regime TD persisting 0.84 on an earned ledger (acc 0.84); room-to-structure defers to the trend [C340]
08:49:00 |    ❌ ALLO: short scr=0.01 conf=0.65 → low score (<0.49)
08:49:00 |    ------------------------------------
08:49:00 |    🧬 NATGAS: breadth 2/4 → conviction 0.52 | cat=mid/W+0.06(regime) meanrev×0.98 | Sq=-0.14 fund=+0.018% OI=$11.1M CVD=-0.05 ofi=-0.11 book=+0.30
08:49:00 |    🧬 NATGAS: own-history vol 0.30% vs baseline 0.49% (×0.62) → coiled conviction ×1.01 [C286-2]
08:49:00 |    · NATGAS: news ~market score=+0.02 (no coin-specific articles)
08:49:00 |    🎯 NATGAS: target 0.4%→0.8% — regime TD persisting 0.84 on an earned ledger (acc 0.84); room-to-structure defers to the trend [C340]
08:49:00 |    ☁️ NATGAS: ichimoku B- persisting 0.92 WITH the short → score ×1.04 (earned ledger) [C343]
08:49:00 |    ⚠️ NATGAS: short into bullish rejection candle at RSI 39 (counter-signal) -> conviction x0.85
08:49:00 |    🛑 NATGAS: short CAPITULATION REJECTION (wick+vol) → blocked
08:49:00 |    ------------------------------------
08:49:00 |    🧬 CRV: breadth 4/5 → conviction 0.76 | cat=defi/W-0.29(member) trend×1.09 | Sq=-0.04 fund=+0.007% OI=$5.6M CVD=-0.53 ofi=-0.10 book=+0.04
08:49:00 |    📄 CRV: news long sig=0.12 score=+0.00
08:49:00 |    ⚡ CRV: projection 0.49% modest + MA-fan compressing (ma_fan=-0.03) → penalty 20%
08:49:01 |    🎯 CRV: target 1.1%→1.9% — regime TD persisting 0.84 on an earned ledger (acc 0.84); room-to-structure defers to the trend [C340]
08:49:01 |    ☁️ CRV: ichimoku B- persisting 0.92 WITH the short → score ×1.04 (earned ledger) [C343]
08:49:01 |    ❌ CRV: short scr=0.03 conf=0.57 → low score (<0.47)
08:49:01 |    ------------------------------------
08:49:01 |    🧬 STG: breadth 5/6 → conviction 0.89 | cat=wild/W+0.76(regime) meanrev×0.79 | Sq=-0.03 fund=+0.005% OI=$0.8M CVD=-0.04 ofi=+0.08 book=+0.08
08:49:01 |    🧬 STG: own-history vol 0.44% vs baseline 1.11% (×0.40) → coiled conviction ×1.04 [C286-2]
08:49:01 |    · STG: news ~market score=+0.02 (no coin-specific articles)
08:49:01 |    ☁️ STG: ichimoku A+ persisting 0.78 WITH the long → score ×1.02 (earned ledger) [C343]
08:49:01 |    ❌ STG: long scr=0.02 conf=0.37 → low score (<0.47)
08:49:02 |    ------------------------------------
08:49:02 |    🧬 PROM: breadth 5/6 → conviction 0.85 | cat=wild/W+0.90(regime) meanrev×0.75 | Sq=-0.06 fund=+0.008% OI=$4.7M CVD=+0.02 ofi=+0.02 book=-0.01
08:49:02 |    · PROM: news ~market score=+0.02 (no coin-specific articles)
08:49:02 |    🎢→✅ PROM: parabola RESOLVED (bounce age 61c, unwound 6.9 ATR) → short allowed, penalty 15%
08:49:02 |    🎯 PROM: target 1.9%→3.4% — regime TD persisting 0.84 on an earned ledger (acc 0.84); room-to-structure defers to the trend [C340]
08:49:02 |    ☁️ PROM: ichimoku B- persisting 0.92 WITH the short → score ×1.04 (earned ledger) [C343]
08:49:02 |    ❌ PROM: short scr=0.10 conf=0.31 → low confidence
08:49:02 |    ------------------------------------
08:49:02 |    🧬 ARX: breadth 4/6 → conviction 0.70 | cat=wild/W+0.54(regime) meanrev×0.85 | Sq=-0.12 fund=+0.015% OI=$2.3M CVD=+0.27 ofi=+0.06 book=-0.08
08:49:02 |    · ARX: news ~market score=+0.02 (no coin-specific articles)
08:49:03 |    🎯 ARX: target 2.7%→4.8% — regime TD persisting 0.84 on an earned ledger (acc 0.84); room-to-structure defers to the trend [C340]
08:49:03 |    ☁️ ARX: ichimoku B- persisting 0.92 WITH the short → score ×1.04 (earned ledger) [C343]
08:49:03 |    ❌ ARX: short scr=0.06 conf=0.37 → low score (<0.50)
08:49:03 |    ------------------------------------
08:49:03 |    🧬 TRX: breadth 4/5 → conviction 0.83 | cat=l1/W-0.66(member) momentum×0.85 | Sq=+0.02 fund=-0.002% OI=$9.1M CVD=+0.27 ofi=-0.17 book=+0.28
08:49:03 |    · TRX: news ~market score=+0.02 (no coin-specific articles)
08:49:03 |    ☁️ TRX: ichimoku B- persisting 0.92 AGAINST the long → score ×0.96 (earned ledger) [C343]
08:49:03 |    ⚡ TRX: long wick rejection #1 → score×0.75
08:49:03 |    ❌ TRX: long scr=0.03 conf=0.26 → low confidence
08:49:03 |    ------------------------------------
08:49:03 |    🧬 TIA: breadth 6/6 → conviction 1.00 | cat=l1/W+0.12(member) trend×1.09 | Sq=-0.02 fund=+0.003% OI=$4.5M CVD=-0.50 ofi=+0.08 book=+0.18
08:49:03 |    · TIA: news ~market score=+0.02 (no coin-specific articles)
08:49:03 |    🎯 TIA: target 1.1%→2.0% — regime TD persisting 0.84 on an earned ledger (acc 0.84); room-to-structure defers to the trend [C340]
08:49:03 |    ☁️ TIA: ichimoku B- persisting 0.92 WITH the short → score ×1.04 (earned ledger) [C343]
08:49:04 |    ❌ TIA: short scr=0.37 conf=0.52 → low score (<0.50)
08:49:04 |    ⚖️ C462-7 TIA: penalties 0.61→0.37 (×0.60) vs bar 0.50 — the stack decided
08:49:04 |    ------------------------------------
08:49:04 |    🧬 JST: breadth 4/6 → conviction 0.42 | cat=calm/W-0.38(regime) meanrev×1.11 | Sq=+0.03 fund=-0.005% OI=$2.0M CVD=+0.07 ofi=-0.39 book=-0.21
08:49:04 |    📰 JST: news long sig=0.30 score=-0.01
08:49:04 |    🛑 JST: LONG at RSI 85 (overbought, stretched) → brake 35%
08:49:04 |    ☁️ JST: ichimoku A+ persisting 0.78 WITH the long → score ×1.02 (earned ledger) [C343]
08:49:04 |    🛑 JST: long into CAPITULATION/BLOW-OFF -- climactic bearish rejection (vol-spike) vs RSI 85 -> reversal imminent, continuation blocked
08:49:04 |    ------------------------------------
08:49:04 |    🧬 PHA: breadth 3/5 → conviction 0.72 | cat=ai/W+0.68(member) momentum×1.30 | Sq=-0.03 fund=+0.005% OI=$1.2M CVD=-0.24 ofi=+0.26 book=+0.00
08:49:04 |    📄 PHA: news long sig=0.12 score=-0.04
08:49:04 |    🎢→⚖️ PHA: C292 stands down — parabola BROKEN (range 19×ATR, 7.4 ATR off the day extreme): the 24h 'trend' already failed structurally; counter-trend entry re-enters the TURNING path [C299]
08:49:04 |    ⚡ PHA: 24h=+10.1% but 1h=+0.0% (TURNING) → penalty 20%
08:49:05 |    🎯 PHA: target 1.1%→2.7% — regime TD persisting 0.84 on an earned ledger (acc 0.84); room-to-structure defers to the trend [C340]
08:49:05 |    ☁️ PHA: ichimoku B- persisting 0.92 WITH the short → score ×1.04 (earned ledger) [C343]
08:49:05 |    ❌ PHA: short scr=0.13 conf=0.57 → low score (<0.47)
08:49:05 |    ------------------------------------
08:49:05 |    🧬 CSOPSK2LHKD: breadth 3/5 → conviction 0.62 | cat=calm/W-0.69(regime) meanrev×1.19 | Sq=-0.07 fund=+0.014% OI=$0.1M CVD=+0.29 ofi=+0.02 book=+0.29
08:49:05 |    · CSOPSK2LHKD: news ~market score=+0.02 (no coin-specific articles)
08:49:05 |    🎢 CSOPSK2LHKD: short BLOCKED — broken-parabola bounce (day range 14×ATR, 3.3 ATR above the day low) → post-capitulation squeeze risk
08:49:05 |       ⚖️ parabola → score ×0.82 (penalty, not a veto — must still clear the bar) [C403]
08:49:05 |    ⏳ CSOPSK2LHKD: only 30min of session left (needs 40) — a target that cannot be reached before the bell is two fees and no trade [C413]
08:49:06 |    ------------------------------------
08:49:06 |    🧬 JTO: breadth 5/6 → conviction 0.96 | cat=solana_eco/W-0.37(member) trend×1.04 | Sq=-0.03 fund=+0.005% OI=$2.2M CVD=-0.54 ofi=+0.19 book=+0.23
08:49:06 |    📄 JTO: news long sig=0.12 score=+0.06
08:49:06 |    🎯 JTO: target 0.8%→2.2% — regime TD persisting 0.84 on an earned ledger (acc 0.84); room-to-structure defers to the trend [C340]
08:49:06 |    ❌ JTO: short scr=0.15 conf=0.36 → low score (<0.50)
08:49:06 |    ------------------------------------
08:49:06 |    🧬 CHIP: breadth 5/6 → conviction 0.91 | cat=wild/W+0.54(regime) meanrev×0.85 | Sq=-0.03 fund=+0.005% OI=$1.8M CVD=-0.60 ofi=-0.16 book=-0.17
08:49:06 |    · CHIP: news ~market score=+0.02 (no coin-specific articles)
08:49:06 |    🛑 CHIP: SHORT at RSI 19 (oversold, stretched) → brake 24%
08:49:07 |    🎯 CHIP: target 1.8%→3.2% — regime TD persisting 0.84 on an earned ledger (acc 0.84); room-to-structure defers to the trend [C340]
08:49:07 |    ☁️ CHIP: ichimoku B- persisting 0.92 WITH the short → score ×1.04 (earned ledger) [C343]
08:49:07 |    ❌ CHIP: short scr=0.11 conf=0.34 → low score (<0.49)
08:49:07 |    ------------------------------------
08:49:07 |    🧬 SNX: breadth 6/6 → conviction 1.00 | cat=defi/W+0.25(member) flow×1.10 | Sq=-0.06 fund=+0.010% OI=$1.2M CVD=+0.00 ofi=+0.02 book=+0.06
08:49:07 |    🧬 SNX: own-history vol 1.47% vs baseline 0.87% (×1.69) → abnormal-wild conviction ×0.99 [C286-2]
08:49:07 |    📄 SNX: news long sig=0.12 score=+0.00
08:49:07 |    ☁️ SNX: ichimoku A+ persisting 0.78 WITH the long → score ×1.02 (earned ledger) [C343]
08:49:10 |    📊 SNX flow(proxy): L/S 1h=1.3 4h=1.2 12h=1.4 | R=-0.20 taker=-0.02 SM=-0.55
08:49:10 |    📈 SNX OI: neutral Δ=+0.0% str=+0.00
08:49:10 |    📏 SNX: long at 85% of its own 24h range → extension penalty 8% (measured: that third wins ~47% vs ~54% at the other end, 4/4 out-of-sample) [C455-4]
08:49:10 | ⚡ SNX: long already moved +10.7% but vol RISING → penalty 30%
08:49:10 |    ❌ SNX: V=$0.99M < $1.5M (need score>0.65, have 0.44)
08:49:10 |    ------------------------------------
08:49:10 |    🧬 EGLD: breadth 4/6 → conviction 0.69 | cat=l1/W-0.26(member) trend×1.11 | Sq=-0.06 fund=+0.010% OI=$2.3M CVD=-0.42 ofi=+0.40 book=+0.16
08:49:10 |    · EGLD: news ~market score=+0.02 (no coin-specific articles)
08:49:10 |    🎢 EGLD: long BLOCKED — broken-parabola bounce (day range 14×ATR, 6.5 ATR below the day high) → post-blow-off distribution risk
08:49:10 |       ⚖️ parabola → score ×0.82 (penalty, not a veto — must still clear the bar) [C403]
08:49:11 |    ⚠️ EGLD: long into bearish rejection candle at RSI 61 (counter-signal) -> conviction x0.85
08:49:11 |    ⚡ EGLD: long wick rejection #1 → score×0.75
08:49:11 |    ❌ EGLD: long scr=0.07 conf=0.25 → low confidence
08:49:11 |    ------------------------------------
08:49:11 |    🧬 H: breadth 5/6 → conviction 0.78 | cat=wild/W+0.98(regime) meanrev×0.73 | Sq=-0.03 fund=+0.005% OI=$1.6M CVD=-0.58 ofi=+0.02 book=+0.12
08:49:11 |    · H: news ~market score=+0.02 (no coin-specific articles)
08:49:11 |    🎢→⚖️ H: C292 stands down — parabola BROKEN (range 20×ATR, 8.5 ATR off the day extreme): the 24h 'trend' already failed structurally; counter-trend entry re-enters the TURNING path [C299]
08:49:11 |    ⚡ H: 24h=+12.2% but 1h=+0.0% (TURNING) → penalty 24%
08:49:11 |    🎯 H: target 2.2%→3.9% — regime TD persisting 0.84 on an earned ledger (acc 0.84); room-to-structure defers to the trend [C340]
08:49:11 |    ☁️ H: ichimoku B- persisting 0.92 WITH the short → score ×1.04 (earned ledger) [C343]
08:49:11 |    🧮 H: S3 P[pair15m·reg4h·score]=0.64 R=1.23 EV=+0.34PRU → bar ×1.00 [C302]
08:49:12 |    ❌ H: short scr=0.26 conf=0.55 → low score (<0.49)
08:49:12 |    ------------------------------------
08:49:12 |    🧬 GPS: breadth 6/6 → conviction 1.00 | cat=mid/W+0.03(regime) meanrev×0.99 | Sq=-0.03 fund=+0.005% OI=$0.9M CVD=-0.25 ofi=+0.34 book=+0.10
08:49:12 |    · GPS: news ~market score=+0.02 (no coin-specific articles)
08:49:12 |    🛑 GPS: short structural exhaustion (1% room) → blocked
08:49:13 |    ------------------------------------
08:49:13 |    🧬 CYS: breadth 3/5 → conviction 0.62 | cat=wild/W+0.85(regime) meanrev×0.76 | Sq=-0.03 fund=+0.005% OI=$2.1M CVD=+0.18 ofi=-0.05 book=+0.12
08:49:13 |    🧬 CYS: own-history vol 1.00% vs baseline 1.56% (×0.64) → coiled conviction ×1.01 [C286-2]
08:49:13 |    · CYS: news ~market score=+0.02 (no coin-specific articles)
08:49:13 |    🎢→✅ CYS: parabola RESOLVED (bounce age 71c, unwound 12.1 ATR) → short allowed, penalty 15%
08:49:13 |    🎯 CYS: target 1.5%→2.7% — regime TD persisting 0.84 on an earned ledger (acc 0.84); room-to-structure defers to the trend [C340]
08:49:13 |    ☁️ CYS: ichimoku B- persisting 0.92 WITH the short → score ×1.04 (earned ledger) [C343]
08:49:13 |    🛰️ CYS: C199 order-flow weakening short (OI=neutral, CVD=+0.27) → ×0.75
08:49:13 |    ❌ CYS: short scr=0.35 conf=0.53 → low score (<0.47)
08:49:13 |    ------------------------------------
08:49:13 |    🧬 ETHFI: breadth 4/6 → conviction 0.70 | cat=defi/W-0.36(member) trend×1.09 | Sq=-0.03 fund=+0.005% OI=$6.1M CVD=+0.23 ofi=-0.04 book=-0.20
08:49:13 |    📄 ETHFI: news long sig=0.12 score=+0.00
08:49:13 |    🎢 ETHFI: short BLOCKED — broken-parabola bounce (day range 8×ATR, 3.5 ATR above the day low) → post-capitulation squeeze risk
08:49:13 |       ⚖️ parabola → score ×0.82 (penalty, not a veto — must still clear the bar) [C403]
08:49:14 |    🎯 ETHFI: target 1.2%→2.1% — regime TD persisting 0.84 on an earned ledger (acc 0.84); room-to-structure defers to the trend [C340]
08:49:14 |    🛑 ETHFI: short MICRO-EXHAUSTION (3/3 signals) → blocked
08:49:14 |    ------------------------------------
08:49:14 |    🧬 GRAM: breadth 5/5 → conviction 1.00 | cat=calm/W-0.62(regime) meanrev×1.18 | Sq=-0.03 fund=+0.005% OI=$6.7M CVD=+0.53 ofi=+0.03 book=-0.24
08:49:14 |    · GRAM: news ~market score=+0.02 (no coin-specific articles)
08:49:14 |    🎢 GRAM: long BLOCKED — broken-parabola bounce (day range 9×ATR, 3.8 ATR below the day high) → post-blow-off distribution risk
08:49:14 |       ⚖️ parabola → score ×0.82 (penalty, not a veto — must still clear the bar) [C403]
08:49:14 |    ⚡ GRAM: projection 0.35% modest + MA-fan compressing (ma_fan=+0.09) → penalty 20%
08:49:14 |    ☁️ GRAM: ichimoku A+ persisting 0.78 WITH the long → score ×1.02 (earned ledger) [C343]
08:49:14 |    ⚠️ GRAM: long into bearish rejection candle at RSI 62 (counter-signal) -> conviction x0.85
08:49:14 |    ⚡ GRAM: long wick rejection #1 → score×0.75
08:49:14 |    ❌ GRAM: long scr=0.15 conf=0.40 → low score (<0.48)
08:49:15 |    ------------------------------------
08:49:15 |    🧬 B: breadth 4/6 → conviction 0.72 | cat=calm/W-0.35(regime) meanrev×1.10 | Sq=-0.05 fund=+0.007% OI=$2.8M CVD=-0.21 ofi=-0.02 book=-0.13
08:49:15 |    · B: news ~market score=+0.02 (no coin-specific articles)
08:49:15 |    🛑 B: SHORT at RSI 25 (oversold, stretched) → brake 12%
08:49:15 |    🛑 B: short structural exhaustion (1% room) → blocked
08:49:15 |    ------------------------------------
08:49:15 |    🧬 CSOPSS2LHKD: breadth 6/6 → conviction 1.00 | cat=calm/W-0.47(regime) meanrev×1.13 | Sq=+0.44 fund=-0.058% OI=$0.4M CVD=+0.23 ofi=+0.19 book=+0.15
08:49:15 |    · CSOPSS2LHKD: news ~market score=+0.02 (no coin-specific articles)
08:49:15 |    🛑 CSOPSS2LHKD: LONG at RSI 82 (overbought, stretched) → brake 27%
08:49:15 |    🎢→✅ CSOPSS2LHKD: parabola RESOLVED (pullback age 30c, recovered 7.7 ATR) → long allowed, penalty 15%
08:49:15 |    ⚡ CSOPSS2LHKD: projection 0.28% modest + MA-fan compressing (ma_fan=+0.08) → penalty 20%
08:49:16 |    ⏳ CSOPSS2LHKD: only 30min of session left (needs 40) — a target that cannot be reached before the bell is two fees and no trade [C413]
08:49:16 |    ------------------------------------
08:49:16 |    🧬 SHEINHKD: breadth 4/6 → conviction 0.63 | cat=wild/W+0.37(regime) meanrev×0.90 | Sq=+0.05 fund=-0.009% OI=$0.1M CVD=-0.15 ofi=+0.36 book=-0.01
08:49:16 |    🧬 SHEINHKD: own-history vol 0.90% vs baseline 0.30% (×3.05) → abnormal-wild conviction ×0.91 [C286-2]
08:49:16 |    · SHEINHKD: news ~market score=+0.02 (no coin-specific articles)
08:49:16 |    🛑 SHEINHKD: SHORT at RSI 5 (oversold, stretched) → brake 45%
08:49:16 |    🎢→✅ SHEINHKD: parabola RESOLVED (bounce age 0c, unwound 0.0 ATR, extreme re-touched) → short allowed, penalty 15%
08:49:16 |    ⏳ SHEINHKD: only 30min of session left (needs 40) — a target that cannot be reached before the bell is two fees and no trade [C413]
08:49:17 |    ------------------------------------
08:49:17 |    🧬 MINIMAXHKD: breadth 2/6 → conviction 0.49 | cat=mid/W-0.01(regime) meanrev×1.00 | Sq=+0.08 fund=-0.013% OI=$0.2M CVD=+0.43 ofi=-0.40 book=-0.21
08:49:17 |    🧬 MINIMAXHKD: own-history vol 0.83% vs baseline 0.48% (×1.73) → abnormal-wild conviction ×0.99 [C286-2]
08:49:17 |    · MINIMAXHKD: news ~market score=+0.02 (no coin-specific articles)
08:49:17 |    🎢→✅ MINIMAXHKD: parabola RESOLVED (bounce age 3c, unwound 0.7 ATR, extreme re-touched) → short allowed, penalty 15%
08:49:17 |    🛑 MINIMAXHKD: projection 0.38% < 0.41% (ATR-relative) + MA-fan not accelerating (ma_fan=-0.07) → blocked
08:49:17 |    ------------------------------------
08:49:17 |    🧬 SPX: breadth 5/6 → conviction 0.83 | cat=mid/W+0.26(regime) meanrev×0.93 | Sq=-0.04 fund=+0.005% OI=$2.4M CVD=-0.60 ofi=-0.10 book=-0.19
08:49:17 |    · SPX: news ~market score=+0.02 (no coin-specific articles)
08:49:17 |    🎢→✅ SPX: parabola RESOLVED (bounce age 42c, unwound 5.2 ATR) → short allowed, penalty 15%
08:49:17 |    🎯 SPX: target 1.3%→2.3% — regime TD persisting 0.84 on an earned ledger (acc 0.84); room-to-structure defers to the trend [C340]
08:49:17 |    ❌ SPX: short scr=0.46 conf=0.61 → low score (<0.50)
08:49:18 |    ------------------------------------
08:49:18 |    🧬 XIAOMIHKD: breadth 4/6 → conviction 0.62 | cat=calm/W-0.37(regime) meanrev×1.10 | Sq=-0.14 fund=+0.016% OI=$0.8M CVD=+0.54 ofi=-0.40 book=-0.30
08:49:18 |    🧬 XIAOMIHKD: own-history vol 0.63% vs baseline 0.26% (×2.44) → abnormal-wild conviction ×0.95 [C286-2]
08:49:18 |    · XIAOMIHKD: news ~market score=+0.02 (no coin-specific articles)
08:49:18 |    🛑 XIAOMIHKD: SHORT at RSI 21 (oversold, stretched) → brake 20%
08:49:18 |    ⏳ XIAOMIHKD: only 30min of session left (needs 40) — a target that cannot be reached before the bell is two fees and no trade [C413]
08:49:18 |    ------------------------------------
08:49:18 |    🧬 ZHIPUHKD: breadth 5/6 → conviction 0.82 | cat=mid/W-0.10(regime) meanrev×1.03 | Sq=+0.00 fund=-0.000% OI=$0.7M CVD=+0.19 ofi=+0.03 book=-0.22
08:49:18 |    🧬 ZHIPUHKD: own-history vol 1.03% vs baseline 0.49% (×2.12) → abnormal-wild conviction ×0.97 [C286-2]
08:49:18 |    · ZHIPUHKD: news ~market score=+0.02 (no coin-specific articles)
08:49:18 |    🎢→✅ ZHIPUHKD: parabola RESOLVED (bounce age 3c, unwound 1.6 ATR, extreme re-touched) → short allowed, penalty 15%
08:49:18 |    ⚡ ZHIPUHKD: projection 0.54% modest + MA-fan compressing (ma_fan=-0.08) → penalty 20%
08:49:19 |    ⏳ ZHIPUHKD: only 30min of session left (needs 40) — a target that cannot be reached before the bell is two fees and no trade [C413]
08:49:19 |    ------------------------------------
08:49:19 |    🧬 TENCENTHKD: breadth 3/5 → conviction 0.58 | cat=mid/W-0.33(regime) meanrev×1.09 | Sq=-0.00 fund=+0.000% OI=$0.3M CVD=+0.59 ofi=-0.40 book=-0.28
08:49:19 |    🧬 TENCENTHKD: own-history vol 0.38% vs baseline 0.20% (×1.96) → abnormal-wild conviction ×0.98 [C286-2]
08:49:19 |    · TENCENTHKD: news ~market score=+0.02 (no coin-specific articles)
08:49:19 |    🛑 TENCENTHKD: SHORT at RSI 17 (oversold, stretched) → brake 30%
08:49:19 |    🎢→✅ TENCENTHKD: parabola RESOLVED (bounce age 3c, unwound 0.7 ATR, extreme re-touched) → short allowed, penalty 15%
08:49:19 |    ⚡ TENCENTHKD: projection 0.29% modest + MA-fan compressing (ma_fan=-0.04) → penalty 20%
08:49:19 |    ⏳ TENCENTHKD: only 30min of session left (needs 40) — a target that cannot be reached before the bell is two fees and no trade [C413]
08:49:20 |    ------------------------------------
08:49:20 |    🧬 NDX100: breadth 3/5 → conviction 0.50 | cat=mid/W+0.18(regime) meanrev×0.95 | Sq=+0.01 fund=-0.002% OI=$2.5M CVD=-0.22 ofi=-0.00 book=+0.01
08:49:20 |    · NDX100: news ~market score=+0.02 (no coin-specific articles)
08:49:20 |    🎢→✅ NDX100: parabola RESOLVED (pullback age 11c, recovered 4.0 ATR) → long allowed, penalty 15%
08:49:20 |    ☁️ NDX100: ichimoku A+ persisting 0.78 WITH the long → score ×1.02 (earned ledger) [C343]
08:49:20 |    ❌ NDX100: long scr=0.02 conf=0.42 → low score (<0.47)
08:49:20 | 📊 Step 3 result: 78 analyzed → 0 passed | low_confidence=9, low_score=40, flat_projection=4, no_structural_room=5, capitulation=5, reward_conviction=1, poor_reward_risk=2, micro_exhaustion=4, capitulation_short=1, session_short=6, vol_floor=1
08:49:20 |    📌 Nearest miss: PEPE score=0.512 conf=0.785 quality=0.402/0.26 reason=reward_conviction needs 63%
08:49:20 |    📊 Top signals: rsi_v=+45.39 | perm_=+0.96 | short=-0.89 | kalma=-0.63 | hurst=+0.61 | capit=-0.50
08:49:20 |    🎯 Dir: short | Agreement: 16/25 (64%)
  .. 08:52  flat  $250.14  $-0.00 -0.00%  0W 0L  78 analysed
08:52:23 | 
08:52:23 | ============================================================
08:52:23 | 📊 POSITION SUMMARY (8-MIN UPDATE)
08:52:23 | 💰 Equity: $250.14 | Unrealized: $+0.00
08:52:23 | 💵 Available: $250.14 | Locked: $0.00
08:52:23 | 📈 Session: $+0.00 (+0.0%)
08:52:23 | 🎯 Win Rate: Overall 31% | Session 0% | Open 0%
08:52:23 | ============================================================
08:52:23 | ============================================================
08:52:23 | 🔻 Day: -0.98% realised (loss limit $9.44, 26% used · dial 15%/month) [C483]
08:52:23 | ============================================================
08:52:23 | 
08:54:20 | 📋 STEP 1: Using cached 78 pairs (376s old, refresh at 480s)
08:54:20 | ━━━━━━━━━━━━━━━━━━━━━━━━━━━━━━━━━━━━━━━━━━━━━━━━━━
08:54:20 | 📋 STEP 2: MARKET ANALYSIS — News, Bias, Coherence
08:54:20 | ━━━━━━━━━━━━━━━━━━━━━━━━━━━━━━━━━━━━━━━━━━━━━━━━━━
08:54:20 | 🩸 C398 PACK CAPITULATION: the field is -1.65 ATR over 3h (<= -1.5) — forced-flow reversion regime, longs tilted +8%
08:54:21 |    🌍 C270 macro: NDX/SPX z=-1.00 gold z=-0.99 tone x1.00 sess w=0.15 -> tilt -0.015 | R -0.18->-0.20
08:54:21 | ⚠️ C85 MARGINAL-RESULTANT: R=-0.20 mag=0.20 — entries allowed with higher bar
08:54:21 | 📰 News: 65 articles | 🔵 +0.17
08:54:21 | 📈 Market: 🔻BEARISH (blend=-0.01 R=-0.20) | 1h=-0.99 4h=-0.20 12h=+0.26 align=-0.04 macro=✓
08:54:21 | 📊 Regime: TRENDING (0.55) | DFA=0.79 Ent=0.92 GARCH=0.0018
08:54:21 | 🎲 RegimeMarkov: state=TD → next most-likely TD (P=0.84, persist=0.84, conf=0.82, n=327) | calib[1528]: acc=0.84 brier=0.057
08:54:21 | 🎲 PairMarkov: calib[29500]: acc=1.00 brier=0.000 (baseline 0.160)
08:54:21 | 🎲 FamilyMarkov: calib[3222/120]: acc=1.00 brier=0.003 (base 0.020) skill=+83.7% [need +5%] EARNED [C342]
08:54:21 | 🎲 IchiMarkov: calib[29237/200]: acc=0.83 brier=0.125 (base 0.149) skill=+15.8% [need +5%] EARNED [C343]
08:54:21 | 🧮 S3-EV: calib[156]: acc=0.33 brier=0.329 (baseline 0.250)
08:54:21 | 🌊 Market coherence: 63% long (40↑ vs 23↓)
08:54:22 | 💰 Taker flow: 🔻 -0.24 (BTC=-0.25 ETH=-0.23)
08:54:22 | ━━━━━━━━━━━━━━━━━━━━━━━━━━━━━━━━━━━━━━━━━━━━━━━━━━
08:54:22 | 📋 STEP 3: PREDICTIVE ANALYSIS — Scoring each pair
08:54:22 | ━━━━━━━━━━━━━━━━━━━━━━━━━━━━━━━━━━━━━━━━━━━━━━━━━━
08:54:34 | 🌐 Market breadth -0.17 (OVERSOLD-heavy, 78 pairs) — fresh entries in that direction get a late-move brake
08:59:35 | ━━━━━━━━━━━━━━━━━━━━━━━━━━━━━━━━━━━━━━━━━━━━━━━━━━
08:59:35 | 📋 STEP 1: SCREENING — Scanning all futures markets
08:59:35 | ━━━━━━━━━━━━━━━━━━━━━━━━━━━━━━━━━━━━━━━━━━━━━━━━━━
08:59:35 | 🔍 Scanning 805 markets for lively pairs...
08:59:35 |    🕒 C408: RWA held out this scan — us_equity×315  (they print 24/7 but only inform in session)
08:59:35 | 📊 285 pairs meet volume threshold ($750,000 relative)
08:59:35 |    🧮 C424 phase-2 caps ADD per desk: crypto 114/267 · energy 3/3 · hk_equity 7/7 · index_future 2/2 · korea_equity 2/2 · metal 4/4 = 132 (a global cap let a busy desk crowd out a quiet one; C417 already ruled that comparison meaningless) [throttled 15min]
08:59:41 |    🗂 C417 DESKS — each market scanned on its own terms:
08:59:41 |         ● crypto       universe  465  floor $   300k  passed  114  analysing  60
08:59:41 |         ○ us_equity    US cash closed
08:59:41 |         ● index_future universe    3  floor $   300k  passed    2  analysing   2
08:59:41 |         ● metal        universe    8  floor $  1741k  passed    4  analysing   4
08:59:41 |         ● energy       universe    3  floor $  3670k  passed    3  analysing   3
08:59:41 |         ● korea_equity universe    3  floor $   701k  passed    2  analysing   2
08:59:41 |         ● hk_equity    universe    8  floor $   300k  passed    7  analysing   7
08:59:41 |         → 78 pairs into Step 3 across 6 open markets (one budget each, they ADD — a second market never shrinks the first)
08:59:41 | 🏆 Top 78 pairs (PREDICTIVE: freshness + projected + geometric)
08:59:41 |    1. BTC/USDT:USDT: Live=0.955 V=$3071.1M Chg=+0.1% Proj=+0.20 Geo=-0.045
08:59:41 |    2. ETH/USDT:USDT: Live=0.967 V=$1815.8M Chg=-0.0% Proj=+0.26 Geo=-0.071
08:59:41 |    3. ZEC/USDT:USDT: Live=0.687 V=$299.6M Chg=+2.8% Proj=+0.11 Geo=-0.045
08:59:41 |    4. XRP/USDT:USDT: Live=0.513 V=$309.7M Chg=+2.1% Proj=-0.07 Geo=-0.067
08:59:41 |    5. ONDO/USDT:USDT: Live=0.765 V=$142.7M Chg=+24.7% Proj=+0.19 Geo=+0.089
08:59:41 |    6. SOL/USDT:USDT: Live=0.843 V=$226.2M Chg=+1.7% Proj=+0.28 Geo=+0.035
08:59:41 |    7. XAU/USDT:USDT: Live=0.700 V=$142.6M Chg=-0.1% Proj=+0.19 Geo=+0.110
08:59:41 |    8. NEAR/USDT:USDT: Live=0.757 V=$119.3M Chg=+3.2% Proj=+0.26 Geo=+0.006
08:59:41 |    9. LTC/USDT:USDT: Live=0.650 V=$69.6M Chg=+6.5% Proj=+0.16 Geo=-0.046
08:59:41 |    10. CL/USDT:USDT: Live=0.735 V=$80.6M Chg=+1.9% Proj=+0.25 Geo=+0.153
08:59:41 |    11. NIL/USDT:USDT: Live=0.699 V=$56.3M Chg=-19.7% Proj=+0.23 Geo=-0.043
08:59:41 |    12. ENA/USDT:USDT: Live=0.457 V=$51.7M Chg=+7.9% Proj=-0.01 Geo=-0.005
08:59:41 |    13. SUI/USDT:USDT: Live=0.460 V=$56.1M Chg=+4.6% Proj=-0.00 Geo=-0.000
08:59:41 |    14. UNI/USDT:USDT: Live=0.755 V=$47.4M Chg=-2.6% Proj=+0.31 Geo=-0.062
08:59:41 |    15. LSK/USDT:USDT: Live=0.794 V=$60.4M Chg=+7.1% Proj=+0.35 Geo=+0.267
08:59:41 |    16. DOGE/USDT:USDT: Live=0.794 V=$55.3M Chg=+1.5% Proj=+0.35 Geo=-0.041
08:59:41 |    17. XLM/USDT:USDT: Live=0.749 V=$23.7M Chg=+8.4% Proj=+0.32 Geo=+0.137
08:59:41 |    18. PEPE/USDT:USDT: Live=0.611 V=$53.3M Chg=+0.6% Proj=+0.18 Geo=-0.067
08:59:41 |    19. BZ/USDT:USDT: Live=0.431 V=$36.7M Chg=+1.5% Proj=+0.01 Geo=+0.140
08:59:41 |    20. XAG/USDT:USDT: Live=0.314 V=$36.1M Chg=-0.4% Proj=-0.09 Geo=-0.045
08:59:41 |    21. FET/USDT:USDT: Live=0.639 V=$12.0M Chg=+14.8% Proj=+0.23 Geo=-0.038
08:59:41 |    22. BGB/USDT:USDT: Live=0.505 V=$26.3M Chg=-3.3% Proj=+0.11 Geo=+0.006
08:59:41 |    23. WLD/USDT:USDT: Live=0.537 V=$23.3M Chg=+4.6% Proj=+0.14 Geo=-0.006
08:59:41 |    24. SKHYNIX/USDT:USDT: Live=0.213 V=$24.2M Chg=-0.5% Proj=-0.17 Geo=+0.042
08:59:41 |    25. BROCCOLI/USDT:USDT: Live=0.555 V=$14.4M Chg=+20.3% Proj=+0.18 Geo=+0.078
08:59:41 |    26. FIL/USDT:USDT: Live=0.536 V=$15.8M Chg=+3.3% Proj=+0.17 Geo=+0.016
08:59:41 |    27. MARSCOIN/USDT:USDT: Live=0.839 V=$7.4M Chg=-13.3% Proj=+0.47 Geo=+0.101
08:59:41 |    28. XAUT/USDT:USDT: Live=0.504 V=$18.7M Chg=-0.2% Proj=+0.14 Geo=+0.064
08:59:41 |    29. 龙虾/USDT:USDT: Live=0.658 V=$12.2M Chg=-21.7% Proj=+0.30 Geo=+0.148
08:59:41 |    30. PAXG/USDT:USDT: Live=0.400 V=$17.4M Chg=-0.3% Proj=+0.04 Geo=+0.114
08:59:41 |    31. ONE/USDT:USDT: Live=0.765 V=$14.9M Chg=+7.9% Proj=+0.41 Geo=+0.211
08:59:41 |    32. PUMP/USDT:USDT: Live=0.705 V=$14.9M Chg=-1.8% Proj=+0.36 Geo=+0.008
08:59:41 |    33. AKE/USDT:USDT: Live=0.737 V=$11.9M Chg=-11.4% Proj=+0.40 Geo=-0.010
08:59:41 |    34. MUBARAK/USDT:USDT: Live=0.799 V=$9.2M Chg=-14.2% Proj=+0.46 Geo=+0.153
08:59:41 |    35. DOT/USDT:USDT: Live=0.848 V=$11.6M Chg=+2.0% Proj=+0.52 Geo=+0.066
08:59:41 |    36. XAI/USDT:USDT: Live=0.652 V=$11.8M Chg=+11.6% Proj=+0.32 Geo=+0.244
08:59:41 |    37. ARB/USDT:USDT: Live=0.531 V=$15.7M Chg=+0.1% Proj=+0.21 Geo=-0.042
08:59:41 |    38. PENGU/USDT:USDT: Live=0.535 V=$13.6M Chg=-0.7% Proj=+0.21 Geo=+0.004
08:59:41 |    39. BNB/USDT:USDT: Live=0.653 V=$13.8M Chg=+0.2% Proj=+0.33 Geo=-0.056
08:59:41 |    40. LDO/USDT:USDT: Live=0.475 V=$3.7M Chg=+10.7% Proj=+0.16 Geo=-0.049
08:59:41 |    41. PI/USDT:USDT: Live=0.662 V=$2.5M Chg=-3.2% Proj=+0.35 Geo=-0.042
08:59:41 |    42. APT/USDT:USDT: Live=0.492 V=$8.6M Chg=+3.5% Proj=+0.18 Geo=+0.034
08:59:41 |    43. SEI/USDT:USDT: Live=0.720 V=$6.2M Chg=+5.0% Proj=+0.41 Geo=+0.082
08:59:41 |    44. ZRO/USDT:USDT: Live=0.883 V=$5.8M Chg=-4.3% Proj=+0.58 Geo=+0.091
08:59:41 |    45. RAY/USDT:USDT: Live=0.744 V=$8.1M Chg=+3.4% Proj=+0.44 Geo=+0.134
08:59:41 |    46. RENDER/USDT:USDT: Live=0.621 V=$6.8M Chg=+2.9% Proj=+0.32 Geo=+0.092
08:59:41 |    47. HBAR/USDT:USDT: Live=0.456 V=$7.2M Chg=+1.7% Proj=+0.17 Geo=-0.014
08:59:41 |    48. SAMSUNG/USDT:USDT: Live=0.261 V=$7.0M Chg=-0.6% Proj=-0.02 Geo=+0.106
08:59:41 |    49. TUT/USDT:USDT: Live=0.478 V=$6.1M Chg=+4.5% Proj=+0.20 Geo=+0.203
08:59:41 |    50. BR/USDT:USDT: Live=0.839 V=$5.8M Chg=-6.6% Proj=+0.56 Geo=+0.213
08:59:41 |    51. CRV/USDT:USDT: Live=0.510 V=$4.4M Chg=+3.3% Proj=+0.24 Geo=+0.027
08:59:41 |    52. ARX/USDT:USDT: Live=0.711 V=$2.5M Chg=+10.6% Proj=+0.44 Geo=+0.088
08:59:41 |    53. STG/USDT:USDT: Live=0.736 V=$1.7M Chg=-7.9% Proj=+0.47 Geo=-0.004
08:59:41 |    54. NATGAS/USDT:USDT: Live=0.239 V=$4.5M Chg=+2.7% Proj=-0.03 Geo=-0.050
08:59:41 |    55. TIA/USDT:USDT: Live=0.525 V=$4.8M Chg=+2.8% Proj=+0.26 Geo=-0.010
08:59:41 |    56. TRX/USDT:USDT: Live=0.607 V=$1.7M Chg=-1.1% Proj=+0.34 Geo=-0.076
08:59:41 |    57. PROM/USDT:USDT: Live=0.613 V=$2.7M Chg=+8.2% Proj=+0.35 Geo=+0.103
08:59:41 |    58. JST/USDT:USDT: Live=0.521 V=$0.6M Chg=+6.0% Proj=+0.26 Geo=+0.192
08:59:41 |    59. SNX/USDT:USDT: Live=0.734 V=$1.0M Chg=+12.2% Proj=+0.48 Geo=+0.170
08:59:41 |    60. CSOPSK2LHKD/USDT:USDT: Live=-0.043 V=$1.4M Chg=-2.6% Proj=-0.29 Geo=-0.043
08:59:41 |    61. ALLO/USDT:USDT: Live=0.613 V=$1.4M Chg=-5.3% Proj=+0.36 Geo=-0.028
08:59:41 |    62. PHA/USDT:USDT: Live=0.454 V=$1.8M Chg=+9.7% Proj=+0.21 Geo=+0.028
08:59:41 |    63. JTO/USDT:USDT: Live=0.560 V=$1.9M Chg=+6.0% Proj=+0.32 Geo=-0.011
08:59:41 |    64. EGLD/USDT:USDT: Live=0.560 V=$1.9M Chg=+5.1% Proj=+0.32 Geo=+0.091
08:59:41 |    65. CHIP/USDT:USDT: Live=0.547 V=$2.4M Chg=+8.3% Proj=+0.31 Geo=+0.161
08:59:41 |    66. ETHFI/USDT:USDT: Live=0.642 V=$3.0M Chg=+1.6% Proj=+0.41 Geo=+0.102
08:59:41 |    67. H/USDT:USDT: Live=0.675 V=$1.8M Chg=+12.1% Proj=+0.45 Geo=+0.116
08:59:41 |    68. CYS/USDT:USDT: Live=0.488 V=$2.7M Chg=+4.8% Proj=+0.26 Geo=+0.192
08:59:41 |    69. GPS/USDT:USDT: Live=0.584 V=$0.7M Chg=-7.0% Proj=+0.38 Geo=+0.015
08:59:41 |    70. RED/USDT:USDT: Live=0.730 V=$0.4M Chg=+8.5% Proj=+0.52 Geo=+0.175
08:59:41 |    71. CSOPSS2LHKD/USDT:USDT: Live=0.312 V=$1.0M Chg=-2.3% Proj=+0.14 Geo=+0.136
08:59:41 |    72. SHEINHKD/USDT:USDT: Live=0.906 V=$0.5M Chg=-4.9% Proj=+0.75 Geo=+0.202
08:59:41 |    73. SPX/USDT:USDT: Live=0.148 V=$1.0M Chg=+1.7% Proj=+0.01 Geo=+0.007
08:59:41 |    74. XIAOMIHKD/USDT:USDT: Live=0.169 V=$0.5M Chg=-2.0% Proj=+0.04 Geo=+0.137
08:59:41 |    75. MINIMAXHKD/USDT:USDT: Live=0.085 V=$0.6M Chg=-2.5% Proj=-0.04 Geo=+0.187
08:59:41 |    76. NDX100/USDT:USDT: Live=-0.260 V=$0.6M Chg=+0.1% Proj=-0.34 Geo=-0.059
08:59:41 |    77. TENCENTHKD/USDT:USDT: Live=0.119 V=$0.5M Chg=-0.3% Proj=+0.05 Geo=+0.076
08:59:41 |    78. ZHIPUHKD/USDT:USDT: Live=0.091 V=$0.7M Chg=+0.2% Proj=+0.02 Geo=+0.149
08:59:41 |    🪞 C266 board-parity (top movers vs screen): QNT +29%[Live=0.31<cut] | XPL +25%[Live=0.23<cut] | ONDO +25%[#5] | 龙虾 -22%[#29] | BROCCOLI +20%[#25]
08:59:41 |    🔬 BTC geo: slope=+0.010 rough=-0.055
08:59:41 |    🔬 ETH geo: slope=+0.009 rough=-0.080
08:59:41 |    🔬 ZEC geo: slope=+0.035 rough=-0.080
08:59:41 | 📦 OHLCV cache: 143 pairs cached for quick_scan
08:59:41 | ━━━━━━━━━━━━━━━━━━━━━━━━━━━━━━━━━━━━━━━━━━━━━━━━━━
08:59:41 | 📋 STEP 2: MARKET ANALYSIS — News, Bias, Coherence
08:59:41 | ━━━━━━━━━━━━━━━━━━━━━━━━━━━━━━━━━━━━━━━━━━━━━━━━━━
08:59:41 | 🩸 C398 PACK CAPITULATION: the field is -1.65 ATR over 3h (<= -1.5) — forced-flow reversion regime, longs tilted +8%
08:59:42 |    🌍 C270 macro: NDX/SPX z=-1.00 gold z=-1.00 tone x1.00 sess w=0.15 -> tilt -0.015 | R -0.18->-0.20
08:59:42 | ⚠️ C85 MARGINAL-RESULTANT: R=-0.20 mag=0.20 — entries allowed with higher bar
08:59:42 | 📰 News: 65 articles | 🔵 +0.17
08:59:42 | 📈 Market: 🔻BEARISH (blend=+0.00 R=-0.20) | 1h=-0.99 4h=-0.20 12h=+0.26 align=-0.04 macro=✓
08:59:42 | 📊 Regime: TRENDING (0.57) | DFA=0.79 Ent=0.92 GARCH=0.0018
08:59:42 | 🎲 RegimeMarkov: state=TD → next most-likely TD (P=0.84, persist=0.84, conf=0.82, n=328) | calib[1529]: acc=0.84 brier=0.057
08:59:42 | 🎲 PairMarkov: calib[29500]: acc=1.00 brier=0.000 (baseline 0.160)
08:59:42 | 🎲 FamilyMarkov: calib[3222/120]: acc=1.00 brier=0.003 (base 0.020) skill=+83.7% [need +5%] EARNED [C342]
08:59:42 | 🎲 IchiMarkov: calib[29237/200]: acc=0.83 brier=0.125 (base 0.149) skill=+15.8% [need +5%] EARNED [C343]
08:59:42 | 🧮 S3-EV: calib[156]: acc=0.33 brier=0.329 (baseline 0.250)
08:59:42 | 🌊 Market coherence: 68% long (43↑ vs 20↓)
08:59:43 | 💰 Taker flow: 🔸 +0.05 (BTC=-0.06 ETH=+0.17)
08:59:43 | ━━━━━━━━━━━━━━━━━━━━━━━━━━━━━━━━━━━━━━━━━━━━━━━━━━
08:59:43 | 📋 STEP 3: PREDICTIVE ANALYSIS — Scoring each pair
08:59:43 | ━━━━━━━━━━━━━━━━━━━━━━━━━━━━━━━━━━━━━━━━━━━━━━━━━━
08:59:59 |    📚 PairProfiles: 471 pairs in persistent baseline (143/143 mature this scan)
08:59:59 |    ------------------------------------
08:59:59 |    🧬 LDO: breadth 3/6 → conviction 0.58 | cat=defi/W-0.02(member) trend×1.29 | Sq=-0.04 fund=+0.005% OI=$3.2M CVD=-0.57 ofi=+0.16 book=-0.08
08:59:59 |    🌍 C396 session tilt: Asia (03h UTC) → entry score ×0.88 [measured 55.9% Europe vs 46.5% Asia barrier-win]
08:59:59 |    🩸 C398 capitulation tilt: pack -1.65 ATR (forced-flow reversion) → short score ×0.920 [+4.67pp measured, down-side only by design]
08:59:59 |    📄 LDO: news long sig=0.12 score=+0.00
08:59:59 |    ⚡ LDO: 24h=+10.7% but 1h=+0.0% (TURNING) → penalty 21%
08:59:59 |    🧭 C436 direction probability: 1 earned source(s): ichi[B+] 0.58x0.39(skill +10%) → p 0.42→0.58
08:59:59 |    🧪 C420-5: S3 probability skill -31.5% over 156 scored trades (brier 0.329 vs baseline 0.250) → claims kept at ×0.00; p 0.56→0.58. NOT EARNED — p is the base rate [throttled 15min]
08:59:59 |    🎯 LDO: target 1.6%→2.9% — regime TD persisting 0.84 on an earned ledger (acc 0.84); room-to-structure defers to the trend [C340]
08:59:59 |    🕐 C249 session floor: IST 09.0h coupling w=0.15 → entry bar ×1.127
08:59:59 |    ❌ LDO: short scr=0.08 conf=0.46 → low score (<0.47)
09:00:03 |    📚 PairProfiles: 471 pairs in persistent baseline (143/143 mature this scan)
09:00:03 |    ------------------------------------
09:00:03 |    🧬 RED: breadth 6/6 → conviction 1.00 | cat=mid/W-0.26(regime) trend×1.22 | Sq=-0.03 fund=+0.005% OI=$0.8M CVD=-0.18 ofi=+0.02 book=+0.00
09:00:03 |    🧭 C403 flow term: takers are -0.28 AGAINST this long → score ×0.972
09:00:03 |    · RED: news ~market score=+0.02 (no coin-specific articles)
09:00:03 |    🎢→✅ RED: parabola RESOLVED (pullback age 0c, recovered 0.1 ATR, extreme re-touched) → long allowed, penalty 15%
09:00:03 |    ⚖️ C467: RED E=-0.041R is below the +0.000R bar, but the probability feeding E has NO measured skill (Brier skill ≤ 0), so E does not get a veto — score taxed 2% instead and the other gates decide. The veto returns automatically when p starts beating a coin flip [C467, throttled 10min]
09:00:03 |    ☁️ RED: ichimoku A+ persisting 0.78 WITH the long → score ×1.02 (earned ledger) [C343]
09:00:03 |    ⚠️ RED: long into bearish rejection candle at RSI 69 (counter-signal) -> conviction x0.85
09:00:03 |    ⚡ RED: long wick rejection #1 → score×0.75
09:00:03 |    ❌ RED: long scr=0.23 conf=0.62 → low score (<0.47)
09:00:03 |    ------------------------------------
09:00:03 |    🧬 CSOPSS2LHKD: breadth 4/6 → conviction 0.72 | cat=calm/W-0.52(regime) trend×1.23 | Sq=+0.44 fund=-0.058% OI=$0.4M CVD=+0.23 ofi=+0.21 book=+0.00
09:00:03 |    · CSOPSS2LHKD: news ~market score=+0.02 (no coin-specific articles)
09:00:03 |    🛑 CSOPSS2LHKD: LONG at RSI 80 (overbought, stretched) → brake 22%
09:00:03 |    🎢→✅ CSOPSS2LHKD: parabola RESOLVED (pullback age 31c, recovered 7.2 ATR) → long allowed, penalty 15%
09:00:03 |    🛑 CSOPSS2LHKD: projection 0.21% < 0.25% (ATR-relative) + MA-fan not accelerating (ma_fan=+0.07) → blocked
09:00:04 |    ------------------------------------
09:00:04 |    🧬 SHEINHKD: breadth 5/6 → conviction 0.86 | cat=mid/W+0.31(regime) meanrev×0.68 | Sq=+0.05 fund=-0.009% OI=$0.1M CVD=-0.40 ofi=+0.20 book=-0.04
09:00:04 |    🧬 SHEINHKD: own-history vol 0.99% vs baseline 0.30% (×3.30) → abnormal-wild conviction ×0.90 [C286-2]
09:00:04 |    · SHEINHKD: news ~market score=+0.02 (no coin-specific articles)
09:00:04 |    🛑 SHEINHKD: SHORT at RSI 4 (oversold, stretched) → brake 45%
09:00:04 |    ⏳ SHEINHKD: only 20min of session left (needs 40) — a target that cannot be reached before the bell is two fees and no trade [C413]
09:00:05 |    ------------------------------------
09:00:05 |    🧬 SPX: breadth 4/6 → conviction 0.72 | cat=mid/W+0.25(regime) meanrev×0.70 | Sq=-0.03 fund=+0.005% OI=$2.4M CVD=-0.29 ofi=-0.11 book=+0.02
09:00:05 |    · SPX: news ~market score=+0.02 (no coin-specific articles)
09:00:05 |    🎢→✅ SPX: parabola RESOLVED (bounce age 43c, unwound 5.2 ATR) → short allowed, penalty 15%
09:00:05 |    🎯 SPX: target 0.5%→2.3% — regime TD persisting 0.84 on an earned ledger (acc 0.84); room-to-structure defers to the trend [C340]
09:00:05 |    ❌ SPX: short scr=0.20 conf=0.41 → low score (<0.47)
09:00:06 |    ------------------------------------
09:00:06 |    🧬 XIAOMIHKD: breadth 5/6 → conviction 0.87 | cat=calm/W-0.42(regime) trend×1.23 | Sq=-0.13 fund=+0.016% OI=$0.8M CVD=+0.08 ofi=-0.40 book=-0.30
09:00:06 |    🧬 XIAOMIHKD: own-history vol 0.66% vs baseline 0.26% (×2.54) → abnormal-wild conviction ×0.94 [C286-2]
09:00:06 |    · XIAOMIHKD: news ~market score=+0.02 (no coin-specific articles)
09:00:06 |    🛑 XIAOMIHKD: SHORT at RSI 20 (oversold, stretched) → brake 22%
09:00:06 |    ⚡ XIAOMIHKD: projection 0.38% modest + MA-fan compressing (ma_fan=-0.08) → penalty 20%
09:00:06 |    ⏳ XIAOMIHKD: only 20min of session left (needs 40) — a target that cannot be reached before the bell is two fees and no trade [C413]
09:00:06 |    ------------------------------------
09:00:06 |    🧬 MINIMAXHKD: breadth 3/6 → conviction 0.59 | cat=mid/W-0.06(regime) meanrev×0.76 | Sq=+0.08 fund=-0.013% OI=$0.2M CVD=+0.43 ofi=-0.01 book=+0.19
09:00:06 |    🧬 MINIMAXHKD: own-history vol 0.81% vs baseline 0.47% (×1.72) → abnormal-wild conviction ×0.99 [C286-2]
09:00:06 |    · MINIMAXHKD: news ~market score=+0.02 (no coin-specific articles)
09:00:06 |    🎢→✅ MINIMAXHKD: parabola RESOLVED (bounce age 4c, unwound 0.7 ATR, extreme re-touched) → short allowed, penalty 15%
09:00:06 |    ⚡ MINIMAXHKD: projection 0.51% modest + MA-fan compressing (ma_fan=-0.06) → penalty 20%
09:00:07 |    ⏳ MINIMAXHKD: only 20min of session left (needs 40) — a target that cannot be reached before the bell is two fees and no trade [C413]
09:00:07 |    ------------------------------------
09:00:07 |    🧬 NDX100: breadth 4/5 → conviction 0.79 | cat=mid/W+0.10(regime) meanrev×0.73 | Sq=+0.01 fund=-0.002% OI=$2.5M CVD=-0.22 ofi=-0.05 book=-0.17
09:00:07 |    · NDX100: news ~market score=+0.02 (no coin-specific articles)
09:00:07 |    🎢→✅ NDX100: parabola RESOLVED (pullback age 12c, recovered 4.1 ATR) → long allowed, penalty 15%
09:00:07 |    ☁️ NDX100: ichimoku A+ persisting 0.78 WITH the long → score ×1.02 (earned ledger) [C343]
09:00:07 |    ❌ NDX100: long scr=0.03 conf=0.42 → low score (<0.47)
09:00:08 |    ------------------------------------
09:00:08 |    🧬 TENCENTHKD: breadth 3/6 → conviction 0.57 | cat=calm/W-0.39(regime) trend×1.22 | Sq=-0.00 fund=+0.000% OI=$0.3M CVD=+0.55 ofi=+0.39 book=+0.29
09:00:08 |    🧬 TENCENTHKD: own-history vol 0.39% vs baseline 0.20% (×2.00) → abnormal-wild conviction ×0.98 [C286-2]
09:00:08 |    · TENCENTHKD: news ~market score=+0.02 (no coin-specific articles)
09:00:08 |    🛑 TENCENTHKD: SHORT at RSI 17 (oversold, stretched) → brake 28%
09:00:08 |    🛑 TENCENTHKD: projection 0.21% < 0.25% (ATR-relative) + MA-fan not accelerating (ma_fan=-0.03) → blocked
09:00:08 |    ------------------------------------
09:00:08 |    🧬 ZHIPUHKD: breadth 3/6 → conviction 0.51 | cat=mid/W-0.15(regime) meanrev×0.78 | Sq=+0.00 fund=-0.000% OI=$0.7M CVD=-0.29 ofi=+0.06 book=-0.16
09:00:08 |    🧬 ZHIPUHKD: own-history vol 1.11% vs baseline 0.48% (×2.31) → abnormal-wild conviction ×0.96 [C286-2]
09:00:08 |    · ZHIPUHKD: news ~market score=+0.02 (no coin-specific articles)
09:00:08 |    ⏳ ZHIPUHKD: only 20min of session left (needs 40) — a target that cannot be reached before the bell is two fees and no trade [C413]
09:00:08 | 📊 Step 3 result: 10 analyzed (+68 cached this 15m candle) → 0 passed | low_confidence=9, low_score=41, flat_projection=5, no_structural_room=4, capitulation=5, reward_conviction=1, poor_reward_risk=2, micro_exhaustion=4, capitulation_short=1, vol_floor=1, session_short=5
09:00:08 |    📌 Nearest miss: RED score=0.232 conf=0.616 quality=0.143/0.26 reason=score 0.232 < 0.474
09:00:08 |    📊 Top signals: rsi_v=+69.23 | perm_=+0.92 | rqa_d=+0.68 | hurst=+0.63 | capit=-0.50 | wavef=+0.43
09:00:08 |    🎯 Dir: long | Agreement: 23/32 (72%)
  .. 09:00  flat  $250.14  $-0.00 -0.00%  0W 0L  10 analysed
09:00:24 | 
09:00:24 | ============================================================
09:00:24 | 📊 POSITION SUMMARY (8-MIN UPDATE)
09:00:24 | 💰 Equity: $250.14 | Unrealized: $+0.00
09:00:24 | 💵 Available: $250.14 | Locked: $0.00
09:00:24 | 📈 Session: $+0.00 (+0.0%)
09:00:24 | 🎯 Win Rate: Overall 31% | Session 0% | Open 0%
09:00:24 | ============================================================
09:00:24 | ============================================================
09:00:24 | 🔻 Day: -0.98% realised (loss limit $9.44, 26% used · dial 15%/month) [C483]
09:00:24 | ============================================================
09:00:24 | 
09:05:09 | 📋 STEP 1: Using cached 78 pairs (327s old, refresh at 480s)
09:05:09 | ━━━━━━━━━━━━━━━━━━━━━━━━━━━━━━━━━━━━━━━━━━━━━━━━━━
09:05:09 | 📋 STEP 2: MARKET ANALYSIS — News, Bias, Coherence
09:05:09 | ━━━━━━━━━━━━━━━━━━━━━━━━━━━━━━━━━━━━━━━━━━━━━━━━━━
09:05:09 | 🩸 C398 PACK CAPITULATION: the field is -1.65 ATR over 3h (<= -1.5) — forced-flow reversion regime, longs tilted +8%
09:05:10 | ✅ C79 RESULTANT: 1h=-0.98 4h=-0.50 12h=+0.06 R=-0.40 mag=0.40
09:05:10 | 📰 News: 65 articles | 🔵 +0.17
09:05:10 | 📈 Market: 🔻BEARISH (blend=-0.20 R=-0.40) | 1h=-0.98 4h=-0.50 12h=+0.06 align=+0.13 macro=✓
09:05:10 | 📊 Regime: TRENDING (0.57) | DFA=0.70 Ent=0.92 GARCH=0.0018
09:05:10 | 🎲 RegimeMarkov: state=TD → next most-likely TD (P=0.84, persist=0.84, conf=0.82, n=329) | calib[1530]: acc=0.84 brier=0.057
09:05:10 | 🎲 PairMarkov: calib[29503]: acc=1.00 brier=0.000 (baseline 0.160)
09:05:10 | 🎲 FamilyMarkov: calib[3223/120]: acc=1.00 brier=0.003 (base 0.020) skill=+83.7% [need +5%] EARNED [C342]
09:05:10 | 🎲 IchiMarkov: calib[29240/200]: acc=0.83 brier=0.125 (base 0.149) skill=+15.8% [need +5%] EARNED [C343]
09:05:10 | 🧮 S3-EV: calib[156]: acc=0.33 brier=0.329 (baseline 0.250)
09:05:10 | 🌊 Market coherence: 68% long (43↑ vs 20↓)
09:05:10 | 💰 Taker flow: 🔸 -0.06 (BTC=-0.07 ETH=-0.05)
09:05:10 | ━━━━━━━━━━━━━━━━━━━━━━━━━━━━━━━━━━━━━━━━━━━━━━━━━━
09:05:10 | 📋 STEP 3: PREDICTIVE ANALYSIS — Scoring each pair
09:05:10 | ━━━━━━━━━━━━━━━━━━━━━━━━━━━━━━━━━━━━━━━━━━━━━━━━━━
09:05:27 |    📚 PairProfiles: 471 pairs in persistent baseline (143/143 mature this scan)
09:05:27 |    ------------------------------------
09:05:27 |    🧬 BTC: breadth 2/5 → conviction 0.45 | cat=majors/W-0.86(member) trend×1.36 | Sq=-0.03 fund=+0.004% OI=$2691.8M CVD=-0.14 ofi=+0.40 book=+0.08
09:05:27 |    📰 BTC: news long sig=0.50 score=-0.03
09:05:27 |    🎯 BTC: target 0.5%→0.7% — regime TD persisting 0.84 on an earned ledger (acc 0.84); room-to-structure defers to the trend [C340]
09:05:27 |    ⚡ BTC: short news-tech conflict — score×0.70 (news long sig=0.50)
09:05:27 |    🕐 C249 session floor: IST 09.1h coupling w=0.15 → entry bar ×1.127
09:05:27 |    ❌ BTC: short scr=0.01 conf=0.39 → low score (<0.47)
09:05:28 |    ------------------------------------
09:05:28 |    🧬 ETH: breadth 3/6 → conviction 0.53 | cat=majors/W-0.79(member) trend×1.36 | Sq=-0.04 fund=+0.006% OI=$2092.1M CVD=+0.00 ofi=+0.30 book=-0.21
09:05:28 |    📰 ETH: news short sig=0.30 score=-0.04
09:05:28 |    🎯 ETH: target 0.5%→0.8% — regime TD persisting 0.84 on an earned ledger (acc 0.84); room-to-structure defers to the trend [C340]
09:05:28 |    ❌ ETH: short scr=0.06 conf=0.55 → low score (<0.47)
09:05:29 |    ------------------------------------
09:05:29 |    🧬 ZEC: breadth 5/6 → conviction 0.96 | cat=privacy/W+0.21(member) meanrev×0.79 | Sq=-0.05 fund=+0.007% OI=$160.9M CVD=-0.14 ofi=+0.30 book=+0.01
09:05:29 |    · ZEC: news ~market score=+0.02 (no coin-specific articles)
09:05:29 |    🎢 ZEC: long BLOCKED — broken-parabola bounce (day range 11×ATR, 2.4 ATR below the day high) → post-blow-off distribution risk
09:05:29 |       ⚖️ parabola → score ×0.82 (penalty, not a veto — must still clear the bar) [C403]
09:05:29 |    🛑 ZEC: projection 0.23% < 0.37% (ATR-relative) + MA-fan not accelerating (ma_fan=-0.03) → blocked
09:05:29 |    ------------------------------------
09:05:29 |    🧬 XRP: breadth 4/6 → conviction 0.63 | cat=l1/W-0.72(member) trend×1.37 | Sq=-0.04 fund=+0.006% OI=$256.5M CVD=+0.23 ofi=+0.23 book=+0.20
09:05:29 |    📰 XRP: news long sig=0.30 score=+0.53
09:05:29 |    🎯 XRP: target 1.0%→1.9% — regime TD persisting 0.84 on an earned ledger (acc 0.84); room-to-structure defers to the trend [C340]
09:05:29 |    ☁️ XRP: ichimoku B- persisting 0.92 WITH the short → score ×1.04 (earned ledger) [C343]
09:05:29 |    ⚡ XRP: short news-tech conflict — score×0.70 (news long sig=0.30)
09:05:29 |    ❌ XRP: short scr=0.10 conf=0.44 → low score (<0.47)
09:05:30 |    ------------------------------------
09:05:30 |    🧬 ONDO: breadth 4/6 → conviction 0.85 | cat=rwa/W-0.22(member) trend×1.21 | Sq=-0.03 fund=+0.005% OI=$33.3M CVD=-0.28 ofi=+0.12 book=+0.30
09:05:30 |    🧬 ONDO: own-history vol 2.16% vs baseline 0.70% (×3.07) → abnormal-wild conviction ×0.91 [C286-2]
09:05:30 |    📰 ONDO: news short sig=0.30 score=+0.09
09:05:30 |    ⚡ ONDO: 24h=+24.7% but 1h=+0.0% (TURNING) → penalty 30%
09:05:30 |    🧭 C439: earned chains put p at 0.22 against a base of 0.42 — they DISAGREE with this short → score ×0.961 (bounded, same treatment C342/C343 give a dissenting chain) [throttled 15min]
09:05:30 |    🎯 ONDO: target 3.0%→5.8% — regime TD persisting 0.84 on an earned ledger (acc 0.84); room-to-structure defers to the trend [C340]
09:05:30 |    ❌ ONDO: short scr=0.08 conf=0.54 → low score (<0.47)
09:05:31 |    ------------------------------------
09:05:31 |    🧬 SOL: breadth 3/5 → conviction 0.68 | cat=solana_eco/W-0.39(member) meanrev×0.74 | Sq=+0.02 fund=-0.003% OI=$463.6M CVD=+0.26 ofi=+0.40 book=-0.07
09:05:31 |    📄 SOL: news long sig=0.12 score=+0.12
09:05:31 |    🎯 SOL: target 0.4%→1.2% — regime TD persisting 0.84 on an earned ledger (acc 0.84); room-to-structure defers to the trend [C340]
09:05:31 |    ❌ SOL: short scr=0.05 conf=0.40 → low score (<0.47)
09:05:31 |    ------------------------------------
09:05:31 |    🧬 XAU: breadth 4/5 → conviction 0.96 | cat=calm/W-0.57(regime) trend×1.23 | Sq=-0.05 fund=+0.007% OI=$73.4M CVD=+0.10 ofi=+0.16 book=-0.05
09:05:31 |    📄 XAU: news long sig=0.10 score=+0.04
09:05:31 |    🚫 XAU: counter-trend BLOCK — dir long vs market R=-0.20 AND orderliness 0.28<0.33 (noisy). Long-into-trend is ~45%% barrier-win; no orderliness to justify it [C386]
09:05:32 |    ------------------------------------
09:05:32 |    🧬 NEAR: breadth 4/6 → conviction 0.75 | cat=ai/W+0.51(member) meanrev×0.60 | Sq=-0.06 fund=+0.009% OI=$73.2M CVD=+0.19 ofi=+0.19 book=+0.05
09:05:32 |    📰 NEAR: news short sig=0.30 score=-0.18
09:05:32 |    🎯 NEAR: target 2.1%→3.8% — regime TD persisting 0.84 on an earned ledger (acc 0.84); room-to-structure defers to the trend [C340]
09:05:32 |    ☁️ NEAR: ichimoku B- persisting 0.92 WITH the short → score ×1.04 (earned ledger) [C343]
09:05:32 |    ⚠️ NEAR: short into bullish rejection candle at RSI 38 (counter-signal) -> conviction x0.85
09:05:32 |    ⚡ NEAR: short wick rejection #1 → score×0.75
09:05:32 |    ❌ NEAR: short scr=0.12 conf=0.42 → low score (<0.47)
09:05:33 |    ------------------------------------
09:05:33 |    🧬 LTC: breadth 3/6 → conviction 0.76 | cat=l1/W-0.08(member) trend×1.33 | Sq=-0.06 fund=+0.010% OI=$37.0M CVD=-0.60 ofi=+0.01 book=-0.26
09:05:33 |    📰 LTC: news long sig=0.30 score=+0.26
09:05:33 |    🎯 LTC: target 1.0%→2.3% — regime TD persisting 0.84 on an earned ledger (acc 0.84); room-to-structure defers to the trend [C340]
09:05:33 |    ☁️ LTC: ichimoku B- persisting 0.92 WITH the short → score ×1.04 (earned ledger) [C343]
09:05:33 |    ⚠️ LTC: short into bullish rejection candle at RSI 32 (counter-signal) -> conviction x0.85
09:05:33 |    ⚡ LTC: short news-tech conflict — score×0.70 (news long sig=0.30)
09:05:33 |    ⚡ LTC: short wick rejection #1 → score×0.75
09:05:33 |    ❌ LTC: short scr=0.00 conf=0.14 → low confidence
09:05:33 |    ------------------------------------
09:05:33 |    🧬 CL: breadth 3/5 → conviction 0.76 | cat=calm/W-0.40(regime) trend×1.22 | Sq=+0.09 fund=-0.013% OI=$35.7M CVD=+0.26 ofi=+0.24 book=+0.28
09:05:33 |    · CL: news ~market score=+0.02 (no coin-specific articles)
09:05:33 |    ☁️ CL: ichimoku B- persisting 0.92 AGAINST the long → score ×0.96 (earned ledger) [C343]
09:05:33 |    🚫 CL: counter-trend BLOCK — dir long vs market R=-0.20 AND orderliness 0.13<0.33 (noisy). Long-into-trend is ~45%% barrier-win; no orderliness to justify it [C386]
09:05:34 |    ------------------------------------
09:05:34 |    🧬 NIL: breadth 2/6 → conviction 0.32 | cat=wild/W+0.92(regime) meanrev×0.60 | Sq=-0.04 fund=+0.005% OI=$3.6M CVD=+0.27 ofi=-0.35 book=-0.19
09:05:34 |    🧬 NIL: own-history vol 3.90% vs baseline 1.69% (×2.31) → abnormal-wild conviction ×0.96 [C286-2]
09:05:34 |    · NIL: news ~market score=+0.02 (no coin-specific articles)
09:05:34 |    ⚡ NIL: 24h=-19.7% but 1h=+0.0% (TURNING) → penalty 30%
09:05:34 |    🚫 NIL: counter-trend BLOCK — dir long vs market R=-0.20 AND orderliness 0.06<0.33 (noisy). Long-into-trend is ~45%% barrier-win; no orderliness to justify it [C386]
09:05:34 |    ------------------------------------
09:05:34 |    🧬 ENA: breadth 2/5 → conviction 0.63 | cat=defi/W+0.57(member) meanrev×0.61 | Sq=-0.03 fund=+0.005% OI=$48.3M CVD=+0.34 ofi=-0.06 book=+0.15
09:05:34 |    📄 ENA: news long sig=0.12 score=+0.00
09:05:35 |    🎯 ENA: target 2.6%→4.7% — regime TD persisting 0.84 on an earned ledger (acc 0.84); room-to-structure defers to the trend [C340]
09:05:35 |    ⏳ ENA: short LATE-LEG at extreme (room 6%) + forward signals object (F=-0.10, worst=-0.34) → blocked
09:05:35 |    ------------------------------------
09:05:35 |    🧬 SUI: breadth 3/6 → conviction 0.68 | cat=l1/W-0.03(member) trend×1.32 | Sq=+0.01 fund=-0.001% OI=$64.4M CVD=+0.01 ofi=+0.00 book=-0.30
09:05:35 |    · SUI: news ~market score=+0.02 (no coin-specific articles)
09:05:36 |    🎯 SUI: target 1.9%→3.4% — regime TD persisting 0.84 on an earned ledger (acc 0.84); room-to-structure defers to the trend [C340]
09:05:36 |    ☁️ SUI: ichimoku B- persisting 0.92 WITH the short → score ×1.04 (earned ledger) [C343]
09:05:36 |    ❌ SUI: short scr=0.15 conf=0.40 → low score (<0.47)
09:05:36 |    ------------------------------------
09:05:36 |    🧬 UNI: breadth 4/5 → conviction 0.89 | cat=defi/W+0.44(member) meanrev×0.64 | Sq=-0.06 fund=+0.010% OI=$35.1M CVD=-0.06 ofi=+0.07 book=+0.26
09:05:36 |    📄 UNI: news long sig=0.12 score=+0.00
09:05:36 |    🎢→✅ UNI: parabola RESOLVED (bounce age 51c, unwound 4.7 ATR) → short allowed, penalty 15%
09:05:36 |    🎯 UNI: target 0.3%→1.9% — regime TD persisting 0.84 on an earned ledger (acc 0.84); room-to-structure defers to the trend [C340]
09:05:36 |    ☁️ UNI: ichimoku B- persisting 0.92 WITH the short → score ×1.04 (earned ledger) [C343]
09:05:36 |    ❌ UNI: short scr=0.10 conf=0.51 → low score (<0.47)
09:05:37 |    ------------------------------------
09:05:37 |    🧬 LSK: breadth 3/5 → conviction 0.65 | cat=wild/W+1.00(regime) meanrev×0.60 | Sq=-0.01 fund=+0.001% OI=$2.4M CVD=-0.27 ofi=-0.03 book=+0.04
09:05:37 |    · LSK: news ~market score=+0.02 (no coin-specific articles)
09:05:37 |    🛑 LSK: SHORT at RSI 12 (oversold, stretched) → brake 41%
09:05:37 |    🎢→✅ LSK: parabola RESOLVED (bounce age 28c, unwound 13.2 ATR) → short allowed, penalty 15%
09:05:37 |    🎯 LSK: target 3.0%→6.9% — regime TD persisting 0.84 on an earned ledger (acc 0.84); room-to-structure defers to the trend [C340]
09:05:37 |    ⏳ LSK: short LATE-LEG at extreme (room 8%) + forward signals object (F=-0.05, worst=-0.41) → blocked
09:05:38 |    ------------------------------------
09:05:38 |    🧬 DOGE: breadth 5/6 → conviction 0.84 | cat=meme/W+0.06(member) meanrev×0.63 | Sq=-0.04 fund=+0.007% OI=$121.4M CVD=-0.12 ofi=-0.13 book=+0.26
09:05:38 |    📰 DOGE: news long sig=0.30 score=+0.17
09:05:38 |    🎯 DOGE: target 0.5%→1.8% — regime TD persisting 0.84 on an earned ledger (acc 0.84); room-to-structure defers to the trend [C340]
09:05:38 |    ☁️ DOGE: ichimoku B- persisting 0.92 WITH the short → score ×1.04 (earned ledger) [C343]
09:05:38 |    ⚡ DOGE: short news-tech conflict — score×0.70 (news long sig=0.30)
09:05:38 |    ❌ DOGE: short scr=0.19 conf=0.51 → low score (<0.47)
09:05:38 |    ------------------------------------
09:05:38 |    🧬 XLM: breadth 5/6 → conviction 0.90 | cat=l1/W-0.18(member) trend×1.33 | Sq=-0.07 fund=+0.010% OI=$27.7M CVD=-0.39 ofi=+0.06 book=+0.23
09:05:38 |    🧬 XLM: own-history vol 1.26% vs baseline 0.67% (×1.89) → abnormal-wild conviction ×0.98 [C286-2]
09:05:38 |    📄 XLM: news short sig=0.10 score=-0.08
09:05:39 |    🎯 XLM: target 2.2%→3.4% — regime TD persisting 0.84 on an earned ledger (acc 0.84); room-to-structure defers to the trend [C340]
09:05:39 |    ❌ XLM: short scr=0.05 conf=0.36 → low score (<0.47)
09:05:39 |    ------------------------------------
09:05:39 |    🧬 PEPE: breadth 4/5 → conviction 0.88 | cat=meme/W-0.49(member) meanrev×0.74 | Sq=-0.04 fund=+0.006% OI=$37.0M CVD=+0.60 ofi=-0.40
09:05:39 |    📰 PEPE: news neutral sig=0.30 score=+0.00
09:05:40 |    🎯 PEPE: target 0.4%→2.0% — regime TD persisting 0.84 on an earned ledger (acc 0.84); room-to-structure defers to the trend [C340]
09:05:40 |    ☁️ PEPE: ichimoku B- persisting 0.92 WITH the short → score ×1.04 (earned ledger) [C343]
09:05:40 |    🛰️ PEPE: C199 order-flow weakening short (OI=neutral, CVD=+0.92) → ×0.75
09:05:40 |    ❌ PEPE: short scr=0.27 conf=0.69 → low score (<0.47)
09:05:40 |    ------------------------------------
09:05:40 |    🧬 BZ: breadth 3/5 → conviction 0.77 | cat=mid/W-0.22(regime) trend×1.21 | Sq=+0.06 fund=-0.009% OI=$28.4M CVD=-0.19 ofi=-0.09 book=+0.07
09:05:40 |    🧬 BZ: own-history vol 0.23% vs baseline 0.34% (×0.65) → coiled conviction ×1.01 [C286-2]
09:05:40 |    · BZ: news ~market score=+0.02 (no coin-specific articles)
09:05:40 |    ☁️ BZ: ichimoku B- persisting 0.92 AGAINST the long → score ×0.96 (earned ledger) [C343]
09:05:40 |    🚫 BZ: counter-trend BLOCK — dir long vs market R=-0.20 AND orderliness 0.23<0.33 (noisy). Long-into-trend is ~45%% barrier-win; no orderliness to justify it [C386]
09:05:41 |    ------------------------------------
09:05:41 |    🧬 XAG: breadth 4/5 → conviction 0.98 | cat=calm/W-0.75(regime) trend×1.24 | Sq=-0.07 fund=+0.010% OI=$26.1M CVD=-0.26 ofi=+0.05 book=+0.12
09:05:41 |    · XAG: news ~market score=+0.02 (no coin-specific articles)
09:05:41 |    🎢→✅ XAG: parabola RESOLVED (pullback age 49c, recovered 4.8 ATR) → long allowed, penalty 15%
09:05:41 |    🚫 XAG: counter-trend BLOCK — dir long vs market R=-0.20 AND orderliness 0.10<0.33 (noisy). Long-into-trend is ~45%% barrier-win; no orderliness to justify it [C386]
09:05:41 |    ------------------------------------
09:05:41 |    🧬 FET: breadth 3/5 → conviction 0.81 | cat=ai/W+0.56(member) meanrev×0.60 | Sq=-0.07 fund=+0.010% OI=$17.0M CVD=-0.00 ofi=+0.08 book=-0.28
09:05:41 |    📄 FET: news long sig=0.12 score=-0.04
09:05:41 |    🎢→⚖️ FET: C292 stands down — parabola BROKEN (range 16×ATR, 3.4 ATR off the day extreme): the 24h 'trend' already failed structurally; counter-trend entry re-enters the TURNING path [C299]
09:05:41 |    ⚡ FET: 24h=+14.8% but 1h=+0.0% (TURNING) → penalty 30%
09:05:42 |    🎯 FET: target 1.9%→3.4% — regime TD persisting 0.84 on an earned ledger (acc 0.84); room-to-structure defers to the trend [C340]
09:05:42 |    ☁️ FET: ichimoku B- persisting 0.92 WITH the short → score ×1.04 (earned ledger) [C343]
09:05:42 |    ❌ FET: short scr=0.13 conf=0.49 → low score (<0.47)
09:05:42 |    ------------------------------------
09:05:42 |    🧬 BGB: breadth 4/6 → conviction 0.86 | cat=wild/W+0.50(regime) meanrev×0.65 | Sq=-0.04 fund=+0.007% OI=$23.0M CVD=+0.60 ofi=-0.11 book=+0.11
09:05:42 |    🧬 BGB: own-history vol 0.96% vs baseline 0.48% (×1.98) → abnormal-wild conviction ×0.98 [C286-2]
09:05:42 |    · BGB: news ~market score=+0.02 (no coin-specific articles)
09:05:42 |    🛑 BGB: projection 0.36% < 0.48% (ATR-relative) + MA-fan not accelerating (ma_fan=+0.00) → blocked
09:05:43 |    ------------------------------------
09:05:43 |    🧬 WLD: breadth 6/6 → conviction 1.00 | cat=ai/W-0.03(member) meanrev×0.70 | Sq=-0.04 fund=+0.006% OI=$27.5M CVD=+0.60 ofi=-0.25 book=+0.30
09:05:43 |    📄 WLD: news long sig=0.12 score=-0.04
09:05:43 |    🎯 WLD: target 1.4%→2.4% — regime TD persisting 0.84 on an earned ledger (acc 0.84); room-to-structure defers to the trend [C340]
09:05:43 |    ⏳ WLD: short LATE-LEG at extreme (room 9%) + forward signals object (F=-0.30, worst=-1.00) → blocked
09:05:43 |    ------------------------------------
09:05:43 |    🧬 SKHYNIX: breadth 3/5 → conviction 0.74 | cat=calm/W-0.74(regime) trend×1.24 | Sq=-0.00 fund=+0.000% OI=$20.4M CVD=+0.29 ofi=+0.02 book=-0.30
09:05:43 |    · SKHYNIX: news ~market score=+0.02 (no coin-specific articles)
09:05:43 |    🎢→✅ SKHYNIX: parabola RESOLVED (pullback age 37c, recovered 5.4 ATR) → long allowed, penalty 15%
09:05:43 |    🛑 SKHYNIX: projection 0.14% < 0.25% (ATR-relative) + MA-fan not accelerating (ma_fan=+0.02) → blocked
09:05:44 |    ------------------------------------
09:05:44 |    🧬 BROCCOLI: breadth 3/6 → conviction 0.61 | cat=wild/W+0.99(regime) meanrev×0.60 | Sq=-0.16 fund=+0.020% OI=$2.0M CVD=+0.10 ofi=+0.02 book=-0.01
09:05:44 |    · BROCCOLI: news ~market score=+0.02 (no coin-specific articles)
09:05:44 |    ⚡ BROCCOLI: 24h=+20.3% but 1h=+0.0% (TURNING) → penalty 30%
09:05:44 |    🎢→✅ BROCCOLI: parabola RESOLVED (bounce age 44c, unwound 10.5 ATR) → short allowed, penalty 15%
09:05:44 |    🎯 BROCCOLI: target 3.0%→5.9% — regime TD persisting 0.84 on an earned ledger (acc 0.84); room-to-structure defers to the trend [C340]
09:05:44 |    ☁️ BROCCOLI: ichimoku B- persisting 0.92 WITH the short → score ×1.04 (earned ledger) [C343]
09:05:44 |    ❌ BROCCOLI: short scr=0.01 conf=0.37 → low score (<0.47)
09:05:45 |    ------------------------------------
09:05:45 |    🧬 FIL: breadth 5/6 → conviction 0.85 | cat=depin/W-0.18(member) trend×1.28 | Sq=-0.06 fund=+0.010% OI=$10.4M CVD=-0.02 ofi=-0.35 book=+0.06
09:05:45 |    · FIL: news ~market score=+0.02 (no coin-specific articles)
09:05:45 |    🎢→✅ FIL: parabola RESOLVED (bounce age 51c, unwound 5.6 ATR) → short allowed, penalty 15%
09:05:45 |    🎯 FIL: target 1.2%→2.1% — regime TD persisting 0.84 on an earned ledger (acc 0.84); room-to-structure defers to the trend [C340]
09:05:45 |    ☁️ FIL: ichimoku B- persisting 0.92 WITH the short → score ×1.04 (earned ledger) [C343]
09:05:45 |    ❌ FIL: short scr=0.08 conf=0.47 → low score (<0.47)
09:05:45 |    ------------------------------------
09:05:45 |    🧬 MARSCOIN: breadth 6/6 → conviction 1.00 | cat=wild/W+0.70(regime) meanrev×0.61 | Sq=-0.05 fund=+0.007% OI=$2.0M CVD=-0.03 ofi=+0.09 book=+0.04
09:05:45 |    · MARSCOIN: news ~market score=+0.02 (no coin-specific articles)
09:05:45 |    🛑 MARSCOIN: SHORT at RSI 25 (oversold, stretched) → brake 11%
09:05:46 |    🎯 MARSCOIN: target 2.0%→4.1% — regime TD persisting 0.84 on an earned ledger (acc 0.84); room-to-structure defers to the trend [C340]
09:05:46 |    🛑 MARSCOIN: short MICRO-EXHAUSTION (3/3 signals) → blocked
09:05:46 |    ------------------------------------
09:05:46 |    🧬 XAUT: breadth 2/5 → conviction 0.22 | cat=calm/W-0.85(regime) trend×1.25 | Sq=-0.01 fund=+0.002% OI=$26.4M CVD=-0.25 ofi=+0.16 book=+0.25
09:05:46 |    · XAUT: news ~market score=+0.02 (no coin-specific articles)
09:05:46 |    🎯 XAUT: target 0.3%→0.4% — regime TD persisting 0.84 on an earned ledger (acc 0.84); room-to-structure defers to the trend [C340]
09:05:46 |    ❌ XAUT: short scr=0.04 conf=0.55 → low score (<0.47)
09:05:47 |    ------------------------------------
09:05:47 |    🧬 龙虾: breadth 3/6 → conviction 0.28 | cat=wild/W+1.00(regime) meanrev×0.60 | Sq=-0.45 fund=+0.058% OI=$31.6M CVD=-0.03 ofi=-0.20 book=+0.14
09:05:47 |    · 龙虾: news ~market score=+0.02 (no coin-specific articles)
09:05:47 |    ⚡ 龙虾: 24h=-21.7% but 1h=+0.0% (TURNING) → penalty 30%
09:05:47 |    🚫 龙虾: counter-trend BLOCK — dir long vs market R=-0.20 AND orderliness 0.25<0.33 (noisy). Long-into-trend is ~45%% barrier-win; no orderliness to justify it [C386]
09:05:47 |    ------------------------------------
09:05:47 |    🧬 PAXG: breadth 4/5 → conviction 0.97 | cat=calm/W-0.83(regime) trend×1.25 | Sq=-0.03 fund=+0.005% OI=$10.5M CVD=-0.03 ofi=-0.14 book=+0.29
09:05:47 |    · PAXG: news ~market score=+0.02 (no coin-specific articles)
09:05:47 |    🚫 PAXG: counter-trend BLOCK — dir long vs market R=-0.20 AND orderliness 0.26<0.33 (noisy). Long-into-trend is ~45%% barrier-win; no orderliness to justify it [C386]
09:05:48 |    ------------------------------------
09:05:48 |    🧬 ONE: breadth 5/5 → conviction 1.00 | cat=wild/W+1.00(regime) meanrev×0.60 | Sq=+1.00 fund=-0.822% OI=$1.4M CVD=-0.05 ofi=-0.16 book=+0.29
09:05:48 |    📰 ONE: news short sig=0.30 score=-0.05
09:05:48 |    🛑 ONE: LONG at RSI 82 (overbought, stretched) → brake 26%
09:05:48 |    🛑 ONE: long structural exhaustion (3% room) → blocked
09:05:48 |    🔓 C382 OVERRIDE ONE: no_structural_room waived — score 0.725 conf 0.868 clear the bar, and that gate family was refuted at 158k observations (1 this session)
09:05:48 |    ☁️ ONE: ichimoku A+ persisting 0.78 WITH the long → score ×1.02 (earned ledger) [C343]
09:05:48 |    ⚡ ONE: long news-tech conflict — score×0.70 (news short sig=0.30)
09:05:48 |    🚫 ONE: counter-trend BLOCK — dir long vs market R=-0.20 AND orderliness 0.25<0.33 (noisy). Long-into-trend is ~45%% barrier-win; no orderliness to justify it [C386]
09:05:49 |    ------------------------------------
09:05:49 |    🧬 PUMP: breadth 5/6 → conviction 0.65 | cat=calm/W-0.36(regime) trend×1.22 | Sq=-0.03 fund=+0.005% OI=$16.0M CVD=-0.29 ofi=-0.06 book=-0.10
09:05:49 |    📰 PUMP: news neutral sig=0.30 score=+0.00
09:05:49 |    ☁️ PUMP: ichimoku A+ persisting 0.78 WITH the long → score ×1.02 (earned ledger) [C343]
09:05:49 |    ⚠️ PUMP: long into bearish rejection candle at RSI 59 (counter-signal) -> conviction x0.85
09:05:49 |    🛑 PUMP: long CAPITULATION REJECTION (wick+vol) → blocked
09:05:49 |    ------------------------------------
09:05:49 |    🧬 AKE: breadth 5/6 → conviction 0.88 | cat=wild/W+1.00(regime) meanrev×0.60 | Sq=-0.03 fund=+0.005% OI=$2.1M CVD=-0.21 ofi=+0.13 book=-0.03
09:05:49 |    · AKE: news ~market score=+0.02 (no coin-specific articles)
09:05:49 |    ⚡ AKE: 24h=-11.4% but 1h=+0.0% (TURNING) → penalty 23%
09:05:50 |    ☁️ AKE: ichimoku A+ persisting 0.78 WITH the long → score ×1.02 (earned ledger) [C343]
09:05:50 |    🚫 AKE: counter-trend BLOCK — dir long vs market R=-0.20 AND orderliness 0.29<0.33 (noisy). Long-into-trend is ~45%% barrier-win; no orderliness to justify it [C386]
09:05:50 |    ------------------------------------
09:05:50 |    🧬 MUBARAK: breadth 5/6 → conviction 0.95 | cat=wild/W+0.96(regime) meanrev×0.60 | Sq=-0.05 fund=+0.007% OI=$3.3M CVD=-0.50 ofi=-0.00 book=-0.06
09:05:50 |    · MUBARAK: news ~market score=+0.02 (no coin-specific articles)
09:05:50 |    🛑 MUBARAK: SHORT at RSI 24 (oversold, stretched) → brake 13%
09:05:50 |    🎯 MUBARAK: target 2.3%→4.2% — regime TD persisting 0.84 on an earned ledger (acc 0.84); room-to-structure defers to the trend [C340]
09:05:50 |    ☁️ MUBARAK: ichimoku B- persisting 0.92 WITH the short → score ×1.04 (earned ledger) [C343]
09:05:54 |    📊 MUBARA flow(proxy): L/S 1h=1.4 4h=1.3 12h=1.4 | R=-0.23 taker=-0.00 SM=-0.63
09:05:54 |    📈 MUBARA OI: neutral Δ=+0.3% str=+0.00
09:05:54 |    📏 MUBARAK: short at 1% of its own 24h range → extension penalty 12% (measured: that third wins ~47% vs ~54% at the other end, 4/4 out-of-sample) [C455-4]
09:05:54 |    🩸 MUBARAK: SHORT VETOED — the field is -1.65 ATR over 3h (pack capitulation, reversion regime) and this pair sits at 1% of its own 24h range. C398 measured +4.67pp for the LONG side of exactly this state on n=3,420; shorting it is taking the losing side of the only edge this book has ever measured [C458-15]
09:05:55 |    ------------------------------------
09:05:55 |    🧬 DOT: breadth 4/6 → conviction 0.59 | cat=l1/W-0.43(member) trend×1.35 | Sq=-0.03 fund=+0.005% OI=$21.2M CVD=+0.23 ofi=+0.01 book=+0.04
09:05:55 |    · DOT: news ~market score=+0.02 (no coin-specific articles)
09:05:55 |    🎢→✅ DOT: parabola RESOLVED (bounce age 51c, unwound 5.6 ATR) → short allowed, penalty 15%
09:05:55 |    🎯 DOT: target 1.0%→1.9% — regime TD persisting 0.84 on an earned ledger (acc 0.84); room-to-structure defers to the trend [C340]
09:05:55 |    ☁️ DOT: ichimoku B- persisting 0.92 WITH the short → score ×1.04 (earned ledger) [C343]
09:05:55 |    ❌ DOT: short scr=0.22 conf=0.47 → low score (<0.47)
09:05:56 |    ------------------------------------
09:05:56 |    🧬 XAI: breadth 3/5 → conviction 0.66 | cat=wild/W+0.99(regime) meanrev×0.60 | Sq=+0.13 fund=-0.017% OI=$0.8M CVD=-0.26 ofi=-0.29 book=+0.29
09:05:56 |    · XAI: news ~market score=+0.02 (no coin-specific articles)
09:05:56 |    🎢→⚖️ XAI: C292 stands down — parabola BROKEN (range 29×ATR, 19.0 ATR off the day extreme): the 24h 'trend' already failed structurally; counter-trend entry re-enters the TURNING path [C299]
09:05:56 |    ⚡ XAI: 24h=+11.6% but 1h=+0.0% (TURNING) → penalty 23%
09:05:56 |    🛑 XAI: SHORT at RSI 16 (oversold, stretched) → brake 32%
09:05:56 |    🎢→✅ XAI: parabola RESOLVED (bounce age 37c, unwound 19.0 ATR) → short allowed, penalty 15%
09:05:56 |    🎯 XAI: target 3.0%→5.3% — regime TD persisting 0.84 on an earned ledger (acc 0.84); room-to-structure defers to the trend [C340]
09:05:56 |    ☁️ XAI: ichimoku B- persisting 0.92 WITH the short → score ×1.04 (earned ledger) [C343]
09:05:56 |    ⚠️ XAI: short into bullish rejection candle at RSI 16 (counter-signal) -> conviction x0.85
09:05:56 |    ⚡ XAI: short wick rejection #1 → score×0.75
09:05:56 |    ❌ XAI: short scr=0.03 conf=0.28 → low confidence
09:05:56 |    ------------------------------------
09:05:56 |    🧬 ARB: breadth 6/6 → conviction 1.00 | cat=l2/W-0.20(member) trend×1.30 | Sq=-0.02 fund=+0.003% OI=$20.4M CVD=-0.27 ofi=+0.22 book=-0.23
09:05:56 |    📰 ARB: news short sig=0.30 score=-0.25
09:05:57 |    🎯 ARB: target 1.3%→2.6% — regime TD persisting 0.84 on an earned ledger (acc 0.84); room-to-structure defers to the trend [C340]
09:05:57 |    🛑 ARB: short MICRO-EXHAUSTION (3/3 signals) → blocked
09:05:57 |    ------------------------------------
09:05:57 |    🧬 PENGU: breadth 4/6 → conviction 0.61 | cat=mid/W+0.19(regime) meanrev×0.72 | Sq=-0.03 fund=+0.005% OI=$8.4M CVD=-0.18 ofi=+0.01 book=+0.26
09:05:57 |    · PENGU: news ~market score=+0.02 (no coin-specific articles)
09:05:58 |    🎯 PENGU: target 1.4%→2.8% — regime TD persisting 0.84 on an earned ledger (acc 0.84); room-to-structure defers to the trend [C340]
09:05:58 |    ☁️ PENGU: ichimoku B- persisting 0.92 WITH the short → score ×1.04 (earned ledger) [C343]
09:05:58 |    ❌ PENGU: short scr=0.17 conf=0.60 → low score (<0.47)
09:05:58 |    ------------------------------------
09:05:58 |    🧬 BNB: breadth 5/6 → conviction 0.86 | cat=majors/W-0.86(member) trend×1.36 | Sq=-0.04 fund=+0.006% OI=$72.2M CVD=-0.22 ofi=-0.15 book=-0.04
09:05:58 |    📄 BNB: news long sig=0.24 score=+0.01
09:05:58 |    🎢→✅ BNB: parabola RESOLVED (bounce age 43c, unwound 6.9 ATR) → short allowed, penalty 15%
09:05:58 |    📏 BNB: projection 1.07% is 3.6× this pair's own 15m ATR (0.30%) — capped to 0.90% before R. A forecast beyond 3 ATR in one candle is a broken reading, not an opportunity [C420-3a, throttled 15min]
09:05:58 |    🔓 BNB: short near extreme but WITH trend (R=-0.40) → breakout, not blocked
09:05:58 |    🎯 BNB: target 0.5%→0.7% — regime TD persisting 0.84 on an earned ledger (acc 0.84); room-to-structure defers to the trend [C340]
09:05:58 |    ☁️ BNB: ichimoku B- persisting 0.92 WITH the short → score ×1.04 (earned ledger) [C343]
09:05:58 |    ❌ BNB: short scr=0.08 conf=0.62 → low score (<0.47)
09:05:59 |    ------------------------------------
09:05:59 |    🧬 LDO: breadth 3/6 → conviction 0.59 | cat=defi/W-0.07(member) trend×1.29 | Sq=-0.03 fund=+0.005% OI=$3.2M CVD=-0.27 ofi=+0.14 book=-0.02
09:05:59 |    📄 LDO: news long sig=0.12 score=+0.00
09:05:59 |    ⚡ LDO: 24h=+10.7% but 1h=+0.0% (TURNING) → penalty 21%
09:05:59 |    🎯 LDO: target 1.6%→2.9% — regime TD persisting 0.84 on an earned ledger (acc 0.84); room-to-structure defers to the trend [C340]
09:05:59 |    ☁️ LDO: ichimoku B- persisting 0.92 WITH the short → score ×1.04 (earned ledger) [C343]
09:05:59 |    ❌ LDO: short scr=0.06 conf=0.42 → low score (<0.47)
09:06:00 |    ------------------------------------
09:06:00 |    🧬 PI: breadth 4/6 → conviction 0.57 | cat=calm/W-0.75(regime) trend×1.25 | Sq=-0.04 fund=+0.005% OI=$5.1M CVD=+0.31 ofi=+0.10 book=+0.09
09:06:00 |    · PI: news ~market score=+0.02 (no coin-specific articles)
09:06:00 |    🎯 PI: target 0.8%→1.4% — regime TD persisting 0.84 on an earned ledger (acc 0.84); room-to-structure defers to the trend [C340]
09:06:00 |    ☁️ PI: ichimoku B- persisting 0.92 WITH the short → score ×1.04 (earned ledger) [C343]
09:06:00 |    ⚠️ PI: short into bullish rejection candle at RSI 42 (counter-signal) -> conviction x0.85
09:06:00 |    ⚡ PI: short wick rejection #1 → score×0.75
09:06:00 |    ❌ PI: short scr=0.02 conf=0.51 → low score (<0.47)
09:06:01 |    ------------------------------------
09:06:01 |    🧬 APT: breadth 5/6 → conviction 0.87 | cat=l1/W+0.06(member) trend×1.32 | Sq=-0.06 fund=+0.010% OI=$8.4M CVD=-0.02 ofi=-0.05 book=-0.22
09:06:01 |    · APT: news ~market score=+0.02 (no coin-specific articles)
09:06:01 |    🎢→✅ APT: parabola RESOLVED (bounce age 51c, unwound 8.2 ATR) → short allowed, penalty 15%
09:06:01 |    🎯 APT: target 1.3%→2.4% — regime TD persisting 0.84 on an earned ledger (acc 0.84); room-to-structure defers to the trend [C340]
09:06:01 |    ☁️ APT: ichimoku B- persisting 0.92 WITH the short → score ×1.04 (earned ledger) [C343]
09:06:01 |    ❌ APT: short scr=0.16 conf=0.48 → low score (<0.47)
09:06:01 |    ------------------------------------
09:06:01 |    🧬 SEI: breadth 4/6 → conviction 0.57 | cat=l1/W-0.04(member) trend×1.32 | Sq=-0.06 fund=+0.010% OI=$9.0M CVD=-0.33 ofi=-0.12 book=+0.03
09:06:01 |    · SEI: news ~market score=+0.02 (no coin-specific articles)
09:06:02 |    🎯 SEI: target 1.4%→3.7% — regime TD persisting 0.84 on an earned ledger (acc 0.84); room-to-structure defers to the trend [C340]
09:06:02 |    ❌ SEI: short scr=0.14 conf=0.36 → low score (<0.47)
09:06:02 |    ------------------------------------
09:06:02 |    🧬 ZRO: breadth 5/6 → conviction 0.90 | cat=l2/W+0.73(member) meanrev×0.60 | Sq=-0.03 fund=+0.005% OI=$3.9M CVD=+0.17 ofi=+0.37 book=-0.18
09:06:02 |    · ZRO: news ~market score=+0.02 (no coin-specific articles)
09:06:03 |    🛑 ZRO: long structural exhaustion (4% room) → blocked
09:06:03 |    ------------------------------------
09:06:03 |    🧬 RAY: breadth 4/6 → conviction 0.66 | cat=solana_eco/W+0.43(member) meanrev×0.60 | Sq=-0.03 fund=+0.005% OI=$3.4M CVD=-0.03 ofi=+0.12 book=+0.06
09:06:03 |    🧬 RAY: own-history vol 0.88% vs baseline 1.33% (×0.66) → coiled conviction ×1.01 [C286-2]
09:06:03 |    📄 RAY: news long sig=0.12 score=+0.00
09:06:03 |    🛑 RAY: SHORT at RSI 21 (oversold, stretched) → brake 20%
09:06:03 |    🎢→✅ RAY: parabola RESOLVED (bounce age 34c, unwound 10.1 ATR) → short allowed, penalty 15%
09:06:03 |    🎯 RAY: target 1.3%→2.4% — regime TD persisting 0.84 on an earned ledger (acc 0.84); room-to-structure defers to the trend [C340]
09:06:03 |    ☁️ RAY: ichimoku B- persisting 0.92 WITH the short → score ×1.04 (earned ledger) [C343]
09:06:03 |    ❌ RAY: short scr=0.08 conf=0.49 → low score (<0.47)
09:06:04 |    ------------------------------------
09:06:04 |    🧬 RENDER: breadth 5/6 → conviction 0.84 | cat=depin/W-0.19(member) trend×1.28 | Sq=-0.03 fund=+0.005% OI=$10.1M CVD=-0.43 ofi=+0.05 book=-0.04
09:06:04 |    📄 RENDER: news long sig=0.12 score=-0.04
09:06:04 |    🔓 RENDER: short near extreme but WITH trend (R=-0.40) → breakout, not blocked
09:06:04 |    🎯 RENDER: target 1.2%→2.2% — regime TD persisting 0.84 on an earned ledger (acc 0.84); room-to-structure defers to the trend [C340]
09:06:04 |    ☁️ RENDER: ichimoku B- persisting 0.92 WITH the short → score ×1.04 (earned ledger) [C343]
09:06:04 |    ❌ RENDER: short scr=0.32 conf=0.51 → low score (<0.43)
09:06:04 |    ⚖️ C462-7 RENDER: penalties 0.54→0.32 (×0.60) vs bar 0.43 — the stack decided
09:06:05 |    ------------------------------------
09:06:05 |    🧬 HBAR: breadth 6/6 → conviction 1.00 | cat=l1/W-0.56(member) trend×1.36 | Sq=-0.06 fund=+0.010% OI=$16.8M CVD=-0.24 ofi=-0.12 book=+0.11
09:06:05 |    · HBAR: news ~market score=+0.02 (no coin-specific articles)
09:06:05 |    🔓 HBAR: short near extreme but WITH trend (R=-0.40) → breakout, not blocked
09:06:05 |    🎯 HBAR: target 1.2%→2.1% — regime TD persisting 0.84 on an earned ledger (acc 0.84); room-to-structure defers to the trend [C340]
09:06:05 |    ☁️ HBAR: ichimoku B- persisting 0.92 WITH the short → score ×1.04 (earned ledger) [C343]
09:06:05 |    ❌ HBAR: short scr=0.29 conf=0.60 → low score (<0.47)
09:06:06 |    ------------------------------------
09:06:06 |    🧬 SAMSUNG: breadth 4/6 → conviction 0.67 | cat=calm/W-0.68(regime) trend×1.24 | Sq=+0.01 fund=-0.001% OI=$7.2M CVD=-0.56 ofi=+0.13 book=+0.30
09:06:06 |    · SAMSUNG: news ~market score=+0.02 (no coin-specific articles)
09:06:06 |    🛑 SAMSUNG: LONG at RSI 83 (overbought, stretched) → brake 29%
09:06:06 |    🎢→✅ SAMSUNG: parabola RESOLVED (pullback age 37c, recovered 6.2 ATR) → long allowed, penalty 15%
09:06:06 |    ☁️ SAMSUNG: ichimoku A+ persisting 0.78 WITH the long → score ×1.02 (earned ledger) [C343]
09:06:06 |    🚫 SAMSUNG: counter-trend BLOCK — dir long vs market R=-0.20 AND orderliness 0.14<0.33 (noisy). Long-into-trend is ~45%% barrier-win; no orderliness to justify it [C386]
09:06:06 |    ------------------------------------
09:06:06 |    🧬 TUT: breadth 5/6 → conviction 0.90 | cat=wild/W+0.95(regime) meanrev×0.60 | Sq=-0.03 fund=+0.005% OI=$7.2M CVD=+0.09 ofi=-0.23 book=+0.10
09:06:06 |    🧬 TUT: own-history vol 0.98% vs baseline 1.68% (×0.58) → coiled conviction ×1.02 [C286-2]
09:06:06 |    · TUT: news ~market score=+0.02 (no coin-specific articles)
09:06:06 |    🛑 TUT: SHORT at RSI 14 (oversold, stretched) → brake 35%
09:06:06 |    🎢→✅ TUT: parabola RESOLVED (bounce age 66c, unwound 17.1 ATR) → short allowed, penalty 15%
09:06:07 |    🎯 TUT: target 1.5%→2.6% — regime TD persisting 0.84 on an earned ledger (acc 0.84); room-to-structure defers to the trend [C340]
09:06:07 |    ☁️ TUT: ichimoku B- persisting 0.92 WITH the short → score ×1.04 (earned ledger) [C343]
09:06:07 |    ⚠️ TUT: short into bullish rejection candle at RSI 14 (counter-signal) -> conviction x0.85
09:06:07 |    ⚡ TUT: short wick rejection #1 → score×0.75
09:06:07 |    ❌ TUT: short scr=0.06 conf=0.37 → low score (<0.47)
09:06:07 |    ------------------------------------
09:06:07 |    🧬 BR: breadth 6/6 → conviction 1.00 | cat=wild/W+0.82(regime) meanrev×0.60 | Sq=-0.04 fund=+0.005% OI=$6.6M CVD=+0.20 ofi=-0.03 book=+0.01
09:06:07 |    · BR: news ~market score=+0.02 (no coin-specific articles)
09:06:07 |    🎢 BR: long BLOCKED — broken-parabola bounce (day range 12×ATR, 4.2 ATR below the day high) → post-blow-off distribution risk
09:06:07 |       ⚖️ parabola → score ×0.82 (penalty, not a veto — must still clear the bar) [C403]
09:06:07 |    🚫 BR: counter-trend BLOCK — dir long vs market R=-0.20 AND orderliness 0.11<0.33 (noisy). Long-into-trend is ~45%% barrier-win; no orderliness to justify it [C386]
09:06:08 |    ------------------------------------
09:06:08 |    🧬 CRV: breadth 2/6 → conviction 0.41 | cat=defi/W-0.30(member) trend×1.31 | Sq=-0.04 fund=+0.007% OI=$5.6M CVD=-0.28 ofi=+0.05 book=+0.08
09:06:08 |    📄 CRV: news long sig=0.12 score=+0.00
09:06:08 |    🎢 CRV: long BLOCKED — broken-parabola bounce (day range 12×ATR, 5.4 ATR below the day high) → post-blow-off distribution risk
09:06:08 |       ⚖️ parabola → score ×0.82 (penalty, not a veto — must still clear the bar) [C403]
09:06:08 |    ☁️ CRV: ichimoku B- persisting 0.92 AGAINST the long → score ×0.96 (earned ledger) [C343]
09:06:08 |    ⚡ CRV: long wick rejection #1 → score×0.75
09:06:08 |    🚫 CRV: counter-trend BLOCK — dir long vs market R=-0.20 AND orderliness 0.10<0.33 (noisy). Long-into-trend is ~45%% barrier-win; no orderliness to justify it [C386]
09:06:09 |    ------------------------------------
09:06:09 |    🧬 ARX: breadth 4/6 → conviction 0.61 | cat=wild/W+0.54(regime) meanrev×0.64 | Sq=-0.12 fund=+0.015% OI=$2.3M CVD=+0.25 ofi=-0.11 book=-0.10
09:06:09 |    · ARX: news ~market score=+0.02 (no coin-specific articles)
09:06:09 |    🎢→⚖️ ARX: C292 stands down — parabola BROKEN (range 11×ATR, 3.7 ATR off the day extreme): the 24h 'trend' already failed structurally; counter-trend entry re-enters the TURNING path [C299]
09:06:09 |    ⚡ ARX: 24h=+10.6% but 1h=+0.0% (TURNING) → penalty 21%
09:06:09 |    🎯 ARX: target 2.7%→4.7% — regime TD persisting 0.84 on an earned ledger (acc 0.84); room-to-structure defers to the trend [C340]
09:06:09 |    ☁️ ARX: ichimoku B- persisting 0.92 WITH the short → score ×1.04 (earned ledger) [C343]
09:06:09 |    ⚠️ ARX: short into bullish rejection candle at RSI 44 (counter-signal) -> conviction x0.85
09:06:09 |    ⚡ ARX: short wick rejection #1 → score×0.75
09:06:09 |    ❌ ARX: short scr=0.09 conf=0.45 → low score (<0.47)
09:06:10 |    ------------------------------------
09:06:10 |    🧬 STG: breadth 4/5 → conviction 0.90 | cat=wild/W+0.75(regime) meanrev×0.60 | Sq=-0.03 fund=+0.005% OI=$0.8M CVD=+0.08 ofi=+0.04 book=+0.21
09:06:10 |    🧬 STG: own-history vol 0.47% vs baseline 1.09% (×0.43) → coiled conviction ×1.04 [C286-2]
09:06:10 |    · STG: news ~market score=+0.02 (no coin-specific articles)
09:06:10 |    ☁️ STG: ichimoku A+ persisting 0.78 WITH the long → score ×1.02 (earned ledger) [C343]
09:06:10 |    🚫 STG: counter-trend BLOCK — dir long vs market R=-0.20 AND orderliness 0.10<0.33 (noisy). Long-into-trend is ~45%% barrier-win; no orderliness to justify it [C386]
09:06:10 |    ------------------------------------
09:06:10 |    🧬 NATGAS: breadth 3/4 → conviction 0.80 | cat=mid/W+0.01(regime) meanrev×0.75 | Sq=-0.14 fund=+0.018% OI=$11.1M CVD=+0.41 ofi=+0.03 book=+0.09
09:06:10 |    🧬 NATGAS: own-history vol 0.28% vs baseline 0.49% (×0.57) → coiled conviction ×1.02 [C286-2]
09:06:10 |    · NATGAS: news ~market score=+0.02 (no coin-specific articles)
09:06:10 |    🎢→✅ NATGAS: parabola RESOLVED (pullback age 13c, recovered 1.9 ATR) → long allowed, penalty 15%
09:06:10 |    ☁️ NATGAS: ichimoku B- persisting 0.92 AGAINST the long → score ×0.96 (earned ledger) [C343]
09:06:10 |    🚫 NATGAS: counter-trend BLOCK — dir long vs market R=-0.20 AND orderliness 0.16<0.33 (noisy). Long-into-trend is ~45%% barrier-win; no orderliness to justify it [C386]
09:06:11 |    ------------------------------------
09:06:11 |    🧬 TIA: breadth 5/6 → conviction 0.84 | cat=l1/W+0.11(member) trend×1.31 | Sq=-0.02 fund=+0.003% OI=$4.6M CVD=-0.28 ofi=-0.07 book=-0.20
09:06:11 |    · TIA: news ~market score=+0.02 (no coin-specific articles)
09:06:11 |    🎯 TIA: target 1.1%→2.0% — regime TD persisting 0.84 on an earned ledger (acc 0.84); room-to-structure defers to the trend [C340]
09:06:11 |    ☁️ TIA: ichimoku B- persisting 0.92 WITH the short → score ×1.04 (earned ledger) [C343]
09:06:11 |    ❌ TIA: short scr=0.42 conf=0.56 → low quality (0.24<0.27)
09:06:12 |    ------------------------------------
09:06:12 |    🧬 TRX: breadth 2/5 → conviction 0.50 | cat=l1/W-0.69(member) trend×1.37 | Sq=+0.02 fund=-0.002% OI=$9.1M CVD=+0.26 ofi=+0.11 book=-0.12
09:06:12 |    · TRX: news ~market score=+0.02 (no coin-specific articles)
09:06:12 |    🎢→✅ TRX: parabola RESOLVED (bounce age 42c, unwound 5.0 ATR) → short allowed, penalty 15%
09:06:12 |    ☁️ TRX: ichimoku B- persisting 0.92 WITH the short → score ×1.04 (earned ledger) [C343]
09:06:12 |    ❌ TRX: short scr=0.06 conf=0.47 → low score (<0.47)
09:06:12 |    ------------------------------------
09:06:12 |    🧬 PROM: breadth 5/6 → conviction 0.86 | cat=wild/W+0.89(regime) meanrev×0.60 | Sq=-0.06 fund=+0.008% OI=$4.7M CVD=-0.43 ofi=-0.10
09:06:12 |    · PROM: news ~market score=+0.02 (no coin-specific articles)
09:06:12 |    🎢→✅ PROM: parabola RESOLVED (bounce age 62c, unwound 7.0 ATR) → short allowed, penalty 15%
09:06:13 |    🎯 PROM: target 1.8%→3.3% — regime TD persisting 0.84 on an earned ledger (acc 0.84); room-to-structure defers to the trend [C340]
09:06:13 |    ☁️ PROM: ichimoku B- persisting 0.92 WITH the short → score ×1.04 (earned ledger) [C343]
09:06:13 |    ❌ PROM: short scr=0.11 conf=0.41 → low score (<0.47)
09:06:13 |    ------------------------------------
09:06:13 |    🧬 JST: breadth 6/6 → conviction 1.00 | cat=calm/W-0.43(regime) trend×1.23 | Sq=+0.04 fund=-0.005% OI=$2.0M CVD=-0.23 ofi=-0.38 book=+0.08
09:06:13 |    📰 JST: news long sig=0.30 score=-0.01
09:06:13 |    🛑 JST: LONG at RSI 86 (overbought, stretched) → brake 36%
09:06:13 |    ⚡ JST: projection 0.35% modest + MA-fan compressing (ma_fan=+0.06) → penalty 20%
09:06:14 |    ☁️ JST: ichimoku A+ persisting 0.78 WITH the long → score ×1.02 (earned ledger) [C343]
09:06:14 |    ⚠️ JST: long into bearish rejection candle at RSI 86 (counter-signal) -> conviction x0.85
09:06:14 |    ⚡ JST: long wick rejection #1 → score×0.75
09:06:14 |    ⚡ JST: soft counter-trend penalty 12% (dir=long vs R=-0.20) — orderliness 0.50 buys a pass [C386]
09:06:14 |    ❌ JST: long scr=0.04 conf=0.33 → low score (<0.47)
09:06:14 |    ------------------------------------
09:06:14 |    🧬 SNX: breadth 6/6 → conviction 1.00 | cat=defi/W+0.23(member) meanrev×0.69 | Sq=-0.06 fund=+0.010% OI=$1.2M CVD=-0.29 ofi=-0.01 book=-0.16
09:06:14 |    🧬 SNX: own-history vol 1.51% vs baseline 0.88% (×1.73) → abnormal-wild conviction ×0.99 [C286-2]
09:06:14 |    📄 SNX: news long sig=0.12 score=+0.00
09:06:14 |    ☁️ SNX: ichimoku A+ persisting 0.78 WITH the long → score ×1.02 (earned ledger) [C343]
09:06:14 |    🚫 SNX: counter-trend BLOCK — dir long vs market R=-0.20 AND orderliness 0.26<0.33 (noisy). Long-into-trend is ~45%% barrier-win; no orderliness to justify it [C386]
09:06:15 |    ------------------------------------
09:06:15 |    🧬 CSOPSK2LHKD: breadth 2/5 → conviction 0.41 | cat=calm/W-0.72(regime) trend×1.24 | Sq=-0.07 fund=+0.014% OI=$0.1M CVD=+0.28 ofi=+0.03 book=+0.16
09:06:15 |    · CSOPSK2LHKD: news ~market score=+0.02 (no coin-specific articles)
09:06:15 |    🎢 CSOPSK2LHKD: short BLOCKED — broken-parabola bounce (day range 14×ATR, 3.5 ATR above the day low) → post-capitulation squeeze risk
09:06:15 |       ⚖️ parabola → score ×0.82 (penalty, not a veto — must still clear the bar) [C403]
09:06:15 |    ⏳ CSOPSK2LHKD: only 10min of session left (needs 40) — a target that cannot be reached before the bell is two fees and no trade [C413]
09:06:16 |    ------------------------------------
09:06:16 |    🧬 ALLO: breadth 4/6 → conviction 0.72 | cat=ai/W+0.20(member) meanrev×0.65 | Sq=-0.03 fund=+0.005% OI=$2.4M CVD=+0.23 ofi=+0.26 book=-0.08
09:06:16 |    📄 ALLO: news long sig=0.12 score=-0.04
09:06:16 |    🎯 ALLO: target 1.0%→2.2% — regime TD persisting 0.84 on an earned ledger (acc 0.84); room-to-structure defers to the trend [C340]
09:06:16 |    ❌ ALLO: short scr=0.06 conf=0.57 → low score (<0.47)
09:06:16 |    ------------------------------------
09:06:16 |    🧬 PHA: breadth 3/5 → conviction 0.78 | cat=ai/W+0.67(member) meanrev×0.60 | Sq=-0.03 fund=+0.005% OI=$1.2M CVD=-0.60 ofi=+0.11 book=-0.21
09:06:16 |    📄 PHA: news long sig=0.12 score=-0.04
09:06:17 |    🎯 PHA: target 0.8%→2.6% — regime TD persisting 0.84 on an earned ledger (acc 0.84); room-to-structure defers to the trend [C340]
09:06:17 |    ☁️ PHA: ichimoku B- persisting 0.92 WITH the short → score ×1.04 (earned ledger) [C343]
09:06:17 |    ❌ PHA: short scr=0.04 conf=0.32 → low confidence
09:06:17 |    ------------------------------------
09:06:17 |    🧬 JTO: breadth 5/6 → conviction 0.83 | cat=solana_eco/W-0.39(member) trend×1.25 | Sq=-0.03 fund=+0.005% OI=$2.2M CVD=-0.21 ofi=+0.04 book=-0.04
09:06:17 |    📄 JTO: news long sig=0.12 score=+0.06
09:06:18 |    🔓 JTO: short near extreme but WITH trend (R=-0.40) → breakout, not blocked
09:06:18 |    🎯 JTO: target 1.3%→2.3% — regime TD persisting 0.84 on an earned ledger (acc 0.84); room-to-structure defers to the trend [C340]
09:06:18 |    ❌ JTO: short scr=0.15 conf=0.43 → low score (<0.47)
09:06:18 |    ------------------------------------
09:06:18 |    🧬 EGLD: breadth 3/5 → conviction 0.59 | cat=l1/W-0.28(member) trend×1.34 | Sq=-0.06 fund=+0.010% OI=$2.3M CVD=-0.41 ofi=+0.11 book=+0.07
09:06:18 |    · EGLD: news ~market score=+0.02 (no coin-specific articles)
09:06:18 |    🎢 EGLD: long BLOCKED — broken-parabola bounce (day range 14×ATR, 5.7 ATR below the day high) → post-blow-off distribution risk
09:06:18 |       ⚖️ parabola → score ×0.82 (penalty, not a veto — must still clear the bar) [C403]
09:06:18 |    🛑 EGLD: projection 0.26% < 0.37% (ATR-relative) + MA-fan not accelerating (ma_fan=+0.00) → blocked
09:06:19 |    ------------------------------------
09:06:19 |    🧬 CHIP: breadth 5/6 → conviction 0.91 | cat=wild/W+0.53(regime) meanrev×0.64 | Sq=-0.03 fund=+0.005% OI=$1.9M CVD=-0.20 ofi=+0.11 book=-0.26
09:06:19 |    · CHIP: news ~market score=+0.02 (no coin-specific articles)
09:06:19 |    🛑 CHIP: SHORT at RSI 19 (oversold, stretched) → brake 25%
09:06:19 |    🎯 CHIP: target 1.8%→3.2% — regime TD persisting 0.84 on an earned ledger (acc 0.84); room-to-structure defers to the trend [C340]
09:06:19 |    ☁️ CHIP: ichimoku B- persisting 0.92 WITH the short → score ×1.04 (earned ledger) [C343]
09:06:19 |    ❌ CHIP: short scr=0.07 conf=0.25 → low confidence
09:06:19 |    ------------------------------------
09:06:19 |    🧬 ETHFI: breadth 4/6 → conviction 0.70 | cat=defi/W-0.38(member) trend×1.31 | Sq=-0.03 fund=+0.005% OI=$6.1M CVD=-0.03 ofi=-0.17
09:06:19 |    📄 ETHFI: news long sig=0.12 score=+0.00
09:06:20 |    🎯 ETHFI: target 1.2%→2.1% — regime TD persisting 0.84 on an earned ledger (acc 0.84); room-to-structure defers to the trend [C340]
09:06:20 |    ❌ ETHFI: short scr=0.23 conf=0.55 → low score (<0.47)
09:06:20 |    ------------------------------------
09:06:20 |    🧬 H: breadth 4/6 → conviction 0.79 | cat=wild/W+0.98(regime) meanrev×0.60 | Sq=-0.04 fund=+0.005% OI=$1.6M CVD=+0.39 ofi=-0.02 book=+0.00
09:06:20 |    · H: news ~market score=+0.02 (no coin-specific articles)
09:06:20 |    🎢→⚖️ H: C292 stands down — parabola BROKEN (range 20×ATR, 9.1 ATR off the day extreme): the 24h 'trend' already failed structurally; counter-trend entry re-enters the TURNING path [C299]
09:06:20 |    ⚡ H: 24h=+12.1% but 1h=+0.0% (TURNING) → penalty 24%
09:06:20 |    🎢→✅ H: parabola RESOLVED (bounce age 43c, unwound 9.1 ATR) → short allowed, penalty 15%
09:06:20 |    🎯 H: target 2.2%→3.9% — regime TD persisting 0.84 on an earned ledger (acc 0.84); room-to-structure defers to the trend [C340]
09:06:20 |    ☁️ H: ichimoku B- persisting 0.92 WITH the short → score ×1.04 (earned ledger) [C343]
09:06:21 |    🛰️ H: C199 order-flow weakening short (OI=neutral, CVD=+0.28) → ×0.75
09:06:21 |    ❌ H: short scr=0.20 conf=0.40 → low score (<0.47)
09:06:21 |    ------------------------------------
09:06:21 |    🧬 CYS: breadth 5/6 → conviction 0.92 | cat=wild/W+0.85(regime) meanrev×0.60 | Sq=-0.04 fund=+0.005% OI=$2.1M CVD=+0.50 ofi=+0.10 book=+0.08
09:06:21 |    🧬 CYS: own-history vol 0.96% vs baseline 1.56% (×0.61) → coiled conviction ×1.01 [C286-2]
09:06:21 |    · CYS: news ~market score=+0.02 (no coin-specific articles)
09:06:21 |    🎢→✅ CYS: parabola RESOLVED (bounce age 72c, unwound 12.5 ATR) → short allowed, penalty 15%
09:06:22 |    🎯 CYS: target 1.4%→2.6% — regime TD persisting 0.84 on an earned ledger (acc 0.84); room-to-structure defers to the trend [C340]
09:06:22 |    ☁️ CYS: ichimoku B- persisting 0.92 WITH the short → score ×1.04 (earned ledger) [C343]
09:06:22 |    🛰️ CYS: C199 order-flow weakening short (OI=neutral, CVD=+0.41) → ×0.75
09:06:22 |    ❌ CYS: short scr=0.20 conf=0.51 → low score (<0.47)
09:06:22 |    ------------------------------------
09:06:22 |    🧬 GPS: breadth 3/5 → conviction 0.60 | cat=mid/W-0.01(regime) meanrev×0.76 | Sq=-0.04 fund=+0.005% OI=$0.9M CVD=+0.05 ofi=-0.17 book=+0.01
09:06:22 |    · GPS: news ~market score=+0.02 (no coin-specific articles)
09:06:22 |    🎢 GPS: short BLOCKED — broken-parabola bounce (day range 15×ATR, 2.2 ATR above the day low) → post-capitulation squeeze risk
09:06:22 |       ⚖️ parabola → score ×0.82 (penalty, not a veto — must still clear the bar) [C403]
09:06:23 |    🎯 GPS: target 1.1%→1.7% — regime TD persisting 0.84 on an earned ledger (acc 0.84); room-to-structure defers to the trend [C340]
09:06:23 |    ❌ GPS: short scr=0.42 conf=0.48 → low score (<0.47)
09:06:23 | 📊 Step 3 result: 69 analyzed (+9 cached this 15m candle) → 0 passed | low_confidence=4, low_score=39, flat_projection=6, ct_noisy_block=15, late_leg_no_forward=3, micro_exhaustion=2, capitulation=1, capitulation_short=1, no_structural_room=1, low_quality=1, session_short=5
09:06:23 |    📌 Nearest miss: MUBARAK score=1.127 conf=0.621 quality=0.700/0.26 reason=pending
09:06:23 |    🧾 Miss-flow: dir=short CVD=-0.50 OIdiv=n/a ofi=-0.00 book=-0.06 blend=-0.20 R=-0.40
09:06:23 |    📊 Top signals: rsi_v=+24.37 | perm_=+0.97 | kalma=-0.94 | vwdi=-0.80 | short=-0.70 | rqa_d=+0.70
09:06:23 |    🎯 Dir: short | Agreement: 18/34 (53%)
  .. 09:08  flat  $250.14  $-0.00 -0.00%  0W 0L  69 analysed
09:08:24 | 
09:08:24 | ============================================================
09:08:24 | 📊 POSITION SUMMARY (8-MIN UPDATE)
09:08:24 | 💰 Equity: $250.14 | Unrealized: $+0.00
09:08:24 | 💵 Available: $250.14 | Locked: $0.00
09:08:24 | 📈 Session: $+0.00 (+0.0%)
09:08:24 | 🎯 Win Rate: Overall 31% | Session 0% | Open 0%
09:08:24 | ============================================================
09:08:24 | ============================================================
09:08:24 | 🔻 Day: -0.98% realised (loss limit $9.44, 26% used · dial 15%/month) [C483]
09:08:24 | ============================================================
09:08:24 | 
09:11:23 | ━━━━━━━━━━━━━━━━━━━━━━━━━━━━━━━━━━━━━━━━━━━━━━━━━━
09:11:23 | 📋 STEP 1: SCREENING — Scanning all futures markets
09:11:23 | ━━━━━━━━━━━━━━━━━━━━━━━━━━━━━━━━━━━━━━━━━━━━━━━━━━
09:11:26 |    📊 C451-2 funding cross-section: 805 pairs, median +0.0050%, p90 +0.0100% — crowding is now read against the BOARD, not against a fixed number [throttled 30min]
09:11:26 | 🔍 Scanning 805 markets for lively pairs...
09:11:26 |    🕒 C408: RWA held out this scan — us_equity×315  (they print 24/7 but only inform in session)
09:11:26 | 📊 288 pairs meet volume threshold ($750,000 relative)
09:11:32 |    🗂 C417 DESKS — each market scanned on its own terms:
09:11:32 |         ● crypto       universe  465  floor $   300k  passed  115  analysing  60
09:11:32 |         ○ us_equity    US cash closed
09:11:32 |         ● index_future universe    3  floor $   300k  passed    2  analysing   2
09:11:32 |         ● metal        universe    8  floor $  1737k  passed    4  analysing   4
09:11:32 |         ● energy       universe    3  floor $  3667k  passed    3  analysing   3
09:11:32 |         ● korea_equity universe    3  floor $   685k  passed    2  analysing   2
09:11:32 |         ● hk_equity    universe    8  floor $   300k  passed    7  analysing   7
09:11:32 |         → 78 pairs into Step 3 across 6 open markets (one budget each, they ADD — a second market never shrinks the first)
09:11:32 | 🏆 Top 78 pairs (PREDICTIVE: freshness + projected + geometric)
09:11:32 |    1. BTC/USDT:USDT: Live=0.934 V=$3088.8M Chg=+0.4% Proj=+0.18 Geo=-0.067
09:11:32 |    2. ETH/USDT:USDT: Live=0.872 V=$1817.9M Chg=+0.1% Proj=+0.16 Geo=-0.066
09:11:32 |    3. ZEC/USDT:USDT: Live=0.938 V=$300.2M Chg=+3.9% Proj=+0.35 Geo=+0.019
09:11:32 |    4. XRP/USDT:USDT: Live=0.534 V=$309.8M Chg=+2.5% Proj=-0.05 Geo=-0.049
09:11:32 |    5. ONDO/USDT:USDT: Live=0.763 V=$143.4M Chg=+26.7% Proj=+0.18 Geo=-0.068
09:11:32 |    6. SOL/USDT:USDT: Live=0.557 V=$227.1M Chg=+2.0% Proj=-0.00 Geo=-0.025
09:11:32 |    7. XAU/USDT:USDT: Live=0.607 V=$142.7M Chg=-0.2% Proj=+0.10 Geo=+0.015
09:11:32 |    8. NEAR/USDT:USDT: Live=0.864 V=$119.3M Chg=+3.1% Proj=+0.36 Geo=+0.054
09:11:32 |    9. LTC/USDT:USDT: Live=0.519 V=$69.4M Chg=+5.9% Proj=+0.04 Geo=-0.062
09:11:32 |    10. CL/USDT:USDT: Live=0.553 V=$80.6M Chg=+1.9% Proj=+0.07 Geo=+0.152
09:11:32 |    11. ENA/USDT:USDT: Live=0.533 V=$51.8M Chg=+8.9% Proj=+0.07 Geo=-0.034
09:11:32 |    12. LINK/USDT:USDT: Live=0.633 V=$29.7M Chg=+8.8% Proj=+0.17 Geo=-0.028
09:11:32 |    13. NIL/USDT:USDT: Live=0.459 V=$54.6M Chg=-13.7% Proj=+0.00 Geo=+0.084
09:11:32 |    14. DOGE/USDT:USDT: Live=0.717 V=$55.1M Chg=+1.8% Proj=+0.27 Geo=-0.022
09:11:32 |    15. LSK/USDT:USDT: Live=0.940 V=$60.3M Chg=+2.3% Proj=+0.50 Geo=+0.254
09:11:32 |    16. XLM/USDT:USDT: Live=0.536 V=$23.7M Chg=+8.9% Proj=+0.10 Geo=+0.100
09:11:32 |    17. PEPE/USDT:USDT: Live=0.518 V=$53.5M Chg=+1.1% Proj=+0.08 Geo=-0.066
09:11:32 |    18. UNI/USDT:USDT: Live=0.675 V=$46.9M Chg=-1.6% Proj=+0.24 Geo=-0.046
09:11:32 |    19. BZ/USDT:USDT: Live=0.411 V=$36.7M Chg=+1.6% Proj=-0.01 Geo=+0.140
09:11:32 |    20. XAG/USDT:USDT: Live=0.274 V=$36.2M Chg=-0.5% Proj=-0.14 Geo=-0.039
09:11:32 |    21. FET/USDT:USDT: Live=0.728 V=$12.0M Chg=+15.4% Proj=+0.32 Geo=+0.027
09:11:32 |    22. WLD/USDT:USDT: Live=0.446 V=$23.6M Chg=+5.3% Proj=+0.05 Geo=+0.027
09:11:32 |    23. ONE/USDT:USDT: Live=1.029 V=$15.1M Chg=+13.4% Proj=+0.65 Geo=+0.218
09:11:32 |    24. FIL/USDT:USDT: Live=0.501 V=$15.8M Chg=+4.0% Proj=+0.12 Geo=+0.050
09:11:32 |    25. BROCCOLI/USDT:USDT: Live=0.473 V=$14.4M Chg=+20.2% Proj=+0.10 Geo=+0.077
09:11:32 |    26. SKHYNIX/USDT:USDT: Live=0.270 V=$24.7M Chg=-0.3% Proj=-0.10 Geo=+0.030
09:11:32 |    27. QNT/USDT:USDT: Live=0.774 V=$2.7M Chg=+29.5% Proj=+0.41 Geo=+0.055
09:11:32 |    28. XAUT/USDT:USDT: Live=0.377 V=$18.7M Chg=-0.3% Proj=+0.01 Geo=+0.014
09:11:32 |    29. BTW/USDT:USDT: Live=0.609 V=$11.4M Chg=-11.1% Proj=+0.25 Geo=+0.066
09:11:32 |    30. PAXG/USDT:USDT: Live=0.318 V=$17.4M Chg=-0.3% Proj=-0.04 Geo=+0.029
09:11:32 |    31. 龙虾/USDT:USDT: Live=0.449 V=$12.2M Chg=-21.2% Proj=+0.09 Geo=+0.091
09:11:32 |    32. MARSCOIN/USDT:USDT: Live=0.731 V=$7.4M Chg=-12.1% Proj=+0.37 Geo=+0.143
09:11:32 |    33. PUMP/USDT:USDT: Live=0.768 V=$15.0M Chg=-1.7% Proj=+0.42 Geo=+0.013
09:11:32 |    34. MUBARAK/USDT:USDT: Live=0.669 V=$9.0M Chg=-15.6% Proj=+0.33 Geo=+0.180
09:11:32 |    35. BNB/USDT:USDT: Live=0.680 V=$13.9M Chg=+0.7% Proj=+0.34 Geo=-0.049
09:11:32 |    36. DOT/USDT:USDT: Live=0.691 V=$11.4M Chg=+2.2% Proj=+0.36 Geo=+0.068
09:11:32 |    37. ARB/USDT:USDT: Live=0.551 V=$15.7M Chg=+0.6% Proj=+0.22 Geo=-0.031
09:11:32 |    38. DASH/USDT:USDT: Live=0.536 V=$3.5M Chg=+8.5% Proj=+0.21 Geo=-0.074
09:11:32 |    39. XAI/USDT:USDT: Live=0.570 V=$11.8M Chg=+11.7% Proj=+0.24 Geo=+0.242
09:11:32 |    40. AKE/USDT:USDT: Live=0.814 V=$12.1M Chg=-7.9% Proj=+0.49 Geo=+0.077
09:11:32 |    41. RENDER/USDT:USDT: Live=0.651 V=$6.8M Chg=+4.3% Proj=+0.33 Geo=+0.102
09:11:32 |    42. PENGU/USDT:USDT: Live=0.499 V=$13.7M Chg=-0.6% Proj=+0.18 Geo=-0.029
09:11:32 |    43. SEI/USDT:USDT: Live=0.589 V=$6.2M Chg=+5.7% Proj=+0.27 Geo=+0.025
09:11:32 |    44. RAY/USDT:USDT: Live=0.775 V=$8.0M Chg=+5.0% Proj=+0.46 Geo=+0.153
09:11:32 |    45. LDO/USDT:USDT: Live=0.490 V=$3.7M Chg=+10.7% Proj=+0.18 Geo=-0.032
09:11:32 |    46. APT/USDT:USDT: Live=0.521 V=$8.6M Chg=+4.0% Proj=+0.21 Geo=+0.059
09:11:32 |    47. PI/USDT:USDT: Live=0.563 V=$2.6M Chg=-2.9% Proj=+0.26 Geo=-0.029
09:11:32 |    48. BR/USDT:USDT: Live=0.874 V=$6.1M Chg=-8.2% Proj=+0.59 Geo=+0.038
09:11:32 |    49. CRV/USDT:USDT: Live=0.579 V=$4.4M Chg=+3.9% Proj=+0.29 Geo=+0.025
09:11:32 |    50. ZRO/USDT:USDT: Live=0.693 V=$5.3M Chg=-3.5% Proj=+0.41 Geo=+0.131
09:11:32 |    51. ARX/USDT:USDT: Live=0.736 V=$2.5M Chg=+11.2% Proj=+0.45 Geo=+0.105
09:11:32 |    52. MORPHO/USDT:USDT: Live=0.579 V=$2.5M Chg=+8.4% Proj=+0.30 Geo=-0.050
09:11:32 |    53. 1000BONK/USDT:USDT: Live=0.530 V=$3.8M Chg=+5.7% Proj=+0.25 Geo=+0.004
09:11:32 |    54. TUT/USDT:USDT: Live=0.476 V=$6.1M Chg=+4.3% Proj=+0.20 Geo=+0.203
09:11:32 |    55. SAMSUNG/USDT:USDT: Live=0.066 V=$6.9M Chg=-0.4% Proj=-0.21 Geo=+0.103
09:11:32 |    56. NATGAS/USDT:USDT: Live=0.174 V=$4.5M Chg=+2.8% Proj=-0.10 Geo=-0.017
09:11:32 |    57. TIA/USDT:USDT: Live=0.641 V=$4.8M Chg=+3.3% Proj=+0.37 Geo=+0.020
09:11:32 |    58. JST/USDT:USDT: Live=0.630 V=$0.6M Chg=+6.1% Proj=+0.37 Geo=+0.201
09:11:32 |    59. PROM/USDT:USDT: Live=0.544 V=$2.7M Chg=+8.2% Proj=+0.28 Geo=+0.115
09:11:32 |    60. ALLO/USDT:USDT: Live=0.455 V=$1.4M Chg=-5.8% Proj=+0.20 Geo=-0.032
09:11:32 |    61. OP/USDT:USDT: Live=0.454 V=$3.8M Chg=+4.8% Proj=+0.20 Geo=-0.002
09:11:32 |    62. EGLD/USDT:USDT: Live=0.637 V=$1.9M Chg=+5.6% Proj=+0.39 Geo=+0.061
09:11:32 |    63. ETHFI/USDT:USDT: Live=0.492 V=$3.0M Chg=+2.3% Proj=+0.25 Geo=+0.116
09:11:32 |    64. SNX/USDT:USDT: Live=0.752 V=$1.0M Chg=+11.5% Proj=+0.51 Geo=+0.080
09:11:32 |    65. CSOPSK2LHKD/USDT:USDT: Live=-0.125 V=$1.4M Chg=-2.3% Proj=-0.36 Geo=-0.033
09:11:32 |    66. STG/USDT:USDT: Live=0.695 V=$1.6M Chg=-5.3% Proj=+0.46 Geo=-0.012
09:11:32 |    67. KAITO/USDT:USDT: Live=0.479 V=$2.4M Chg=+4.3% Proj=+0.24 Geo=+0.093
09:11:32 |    68. B2/USDT:USDT: Live=0.662 V=$1.9M Chg=+6.9% Proj=+0.44 Geo=+0.115
09:11:32 |    69. APR/USDT:USDT: Live=0.551 V=$1.0M Chg=-4.0% Proj=+0.33 Geo=+0.022
09:11:32 |    70. VET/USDT:USDT: Live=0.492 V=$1.7M Chg=+3.4% Proj=+0.28 Geo=+0.033
09:11:32 |    71. SPX/USDT:USDT: Live=0.145 V=$1.0M Chg=+3.3% Proj=-0.03 Geo=-0.033
09:11:32 |    72. CSOPSS2LHKD/USDT:USDT: Live=-0.103 V=$1.0M Chg=-2.3% Proj=-0.28 Geo=+0.133
09:11:32 |    73. SHEINHKD/USDT:USDT: Live=0.825 V=$0.6M Chg=-5.4% Proj=+0.66 Geo=+0.208
09:11:32 |    74. MINIMAXHKD/USDT:USDT: Live=0.001 V=$0.6M Chg=-2.5% Proj=-0.13 Geo=+0.184
09:11:32 |    75. XIAOMIHKD/USDT:USDT: Live=-0.107 V=$0.5M Chg=-1.9% Proj=-0.23 Geo=+0.147
09:11:32 |    76. NDX100/USDT:USDT: Live=-0.343 V=$0.6M Chg=+0.3% Proj=-0.44 Geo=-0.057
09:11:32 |    77. ZHIPUHKD/USDT:USDT: Live=0.144 V=$0.7M Chg=+0.2% Proj=+0.07 Geo=+0.122
09:11:32 |    78. TENCENTHKD/USDT:USDT: Live=-0.095 V=$0.5M Chg=-0.0% Proj=-0.14 Geo=+0.090
09:11:32 |    🪞 C266 board-parity (top movers vs screen): QNT +30%[#27] | ONDO +27%[#5] | XPL +26%[Live=0.19<cut] | 龙虾 -21%[#31] | BROCCOLI +20%[#25]
09:11:32 |    🔬 BTC geo: slope=+0.001 rough=-0.068
09:11:32 |    🔬 ETH geo: slope=+0.014 rough=-0.080
09:11:32 |    🔬 ZEC geo: slope=+0.035 fib=+0.038 rough=-0.080 harm=+0.026
09:11:32 | 📦 OHLCV cache: 147 pairs cached for quick_scan
09:11:32 |    📰 C421-4: news layer now covering 60 screened pairs; 50 have a resolvable coin name from venue metadata (the old typed map held 24 majors and the query asked only about bitcoin/ethereum)
09:11:32 | ━━━━━━━━━━━━━━━━━━━━━━━━━━━━━━━━━━━━━━━━━━━━━━━━━━
09:11:32 | 📋 STEP 2: MARKET ANALYSIS — News, Bias, Coherence
09:11:32 | ━━━━━━━━━━━━━━━━━━━━━━━━━━━━━━━━━━━━━━━━━━━━━━━━━━
09:11:33 |    🌍 C270 macro: NDX/SPX z=+0.45 gold z=-1.00 tone x1.00 sess w=0.15 -> tilt +0.007 | R -0.40->-0.40
09:11:33 | ✅ C79 RESULTANT: 1h=-0.98 4h=-0.50 12h=+0.06 R=-0.40 mag=0.40
09:11:34 | 📰 News: 65 articles | Market sentiment: 🔸 +0.03
09:11:34 | 📰 News: 65 articles | 🔸 +0.03
09:11:34 | 📈 Market: 🔻BEARISH (blend=-0.22 R=-0.40) | 1h=-0.98 4h=-0.50 12h=+0.06 align=+0.13 macro=✓
09:11:34 | 📊 Regime: TRENDING (0.58) | DFA=0.70 Ent=0.92 GARCH=0.0018
09:11:34 | 🎲 RegimeMarkov: state=TD → next most-likely TD (P=0.84, persist=0.84, conf=0.82, n=330) | calib[1531]: acc=0.84 brier=0.057
09:11:34 | 🎲 PairMarkov: calib[29557]: acc=1.00 brier=0.000 (baseline 0.160)
09:11:34 | 🎲 FamilyMarkov: calib[3230/120]: acc=1.00 brier=0.003 (base 0.020) skill=+83.8% [need +5%] EARNED [C342]
09:11:34 | 🎲 IchiMarkov: calib[29294/200]: acc=0.83 brier=0.125 (base 0.149) skill=+15.8% [need +5%] EARNED [C343]
09:11:34 | 🧮 S3-EV: calib[156]: acc=0.33 brier=0.329 (baseline 0.250)
09:11:34 | 🌊 Market coherence: 70% long (45↑ vs 19↓)
09:11:35 | 💰 Taker flow: 🔸 +0.06 (BTC=-0.03 ETH=+0.15)
09:11:35 | ━━━━━━━━━━━━━━━━━━━━━━━━━━━━━━━━━━━━━━━━━━━━━━━━━━
09:11:35 | 📋 STEP 3: PREDICTIVE ANALYSIS — Scoring each pair
09:11:35 | ━━━━━━━━━━━━━━━━━━━━━━━━━━━━━━━━━━━━━━━━━━━━━━━━━━
09:11:51 |    📚 PairProfiles: 471 pairs in persistent baseline (147/147 mature this scan)
09:11:51 |    ------------------------------------
09:11:51 |    🧬 LINK: breadth 4/6 → conviction 0.81 | cat=defi/W-0.34(member) trend×1.31 | Sq=-0.04 fund=+0.007% OI=$54.7M CVD=-0.60 ofi=-0.22 book=-0.03
09:11:51 |    🌍 C396 session tilt: Asia (03h UTC) → entry score ×0.88 [measured 55.9% Europe vs 46.5% Asia barrier-win]
09:11:51 |    📄 LINK: news short sig=0.12 score=+0.03
09:11:51 |    ⚖️ C467: LINK E=-0.044R is below the +0.000R bar, but the probability feeding E has NO measured skill (Brier skill ≤ 0), so E does not get a veto — score taxed 2% instead and the other gates decide. The veto returns automatically when p starts beating a coin flip [C467, throttled 10min]
09:11:51 |    🎯 LINK: target 0.9%→2.3% — regime TD persisting 0.84 on an earned ledger (acc 0.84); room-to-structure defers to the trend [C340]
09:11:51 |    ☁️ LINK: ichimoku A+ persisting 0.78 AGAINST the short → score ×0.98 (earned ledger) [C343]
09:11:51 |    ❌ LINK: short scr=0.04 conf=0.28 → low confidence
09:11:51 |    ------------------------------------
09:11:51 |    🧬 QNT: breadth 4/6 → conviction 0.77 | cat=wild/W+0.59(regime) meanrev×0.63 | Sq=-0.05 fund=+0.010% OI=$2.5M CVD=-0.60 ofi=-0.23 book=-0.27
09:11:51 |    🧭 C403 flow term: takers are -0.82 AGAINST this long → score ×0.918
09:11:51 |    🧬 QNT: own-history vol 1.96% vs baseline 0.98% (×2.01) → abnormal-wild conviction ×0.97 [C286-2]
09:11:51 |    · QNT: news ~market score=+0.00 (no coin-specific articles)
09:11:52 |    ☁️ QNT: ichimoku A+ persisting 0.78 WITH the long → score ×1.02 (earned ledger) [C343]
09:11:52 |    ⚠️ QNT: long into bearish rejection candle at RSI 57 (counter-signal) -> conviction x0.85
09:11:52 |    🛑 QNT: long CAPITULATION REJECTION (wick+vol) → blocked
09:11:52 |    ------------------------------------
09:11:52 |    🧬 BTW: breadth 3/6 → conviction 0.51 | cat=wild/W+1.00(regime) meanrev×0.60 | Sq=-0.21 fund=+0.030% OI=$29.8M CVD=+0.13 ofi=+0.01 book=-0.01
09:11:52 |    · BTW: news ~market score=+0.00 (no coin-specific articles)
09:11:52 |    🎢→✅ BTW: parabola RESOLVED (bounce age 27c, unwound 6.3 ATR) → short allowed, penalty 15%
09:11:52 |    🎯 BTW: target 3.3%→4.9% — regime TD persisting 0.84 on an earned ledger (acc 0.84); room-to-structure defers to the trend [C340]
09:11:52 |    ☁️ BTW: ichimoku B- persisting 0.92 WITH the short → score ×1.04 (earned ledger) [C343]
09:11:52 |    ❌ BTW: short scr=0.48 conf=0.28 → low confidence
09:11:53 |    ------------------------------------
09:11:53 |    🧬 DASH: breadth 5/6 → conviction 0.89 | cat=privacy/W-0.14(member) trend×1.21 | Sq=-0.06 fund=+0.010% OI=$6.7M CVD=-0.01 ofi=+0.29
09:11:53 |    · DASH: news ~market score=+0.00 (no coin-specific articles)
09:11:53 |    🎢 DASH: long BLOCKED — broken-parabola bounce (day range 11×ATR, 2.0 ATR below the day high) → post-blow-off distribution risk
09:11:53 |       ⚖️ parabola → score ×0.82 (penalty, not a veto — must still clear the bar) [C403]
09:11:53 |    ⚡ DASH: projection 0.68% modest + MA-fan compressing (ma_fan=-0.13) → penalty 20%
09:11:53 |    🚫 DASH: counter-trend BLOCK — dir long vs market R=-0.22 AND orderliness 0.17<0.33 (noisy). Long-into-trend is ~45%% barrier-win; no orderliness to justify it [C386]
09:11:53 |    ------------------------------------
09:11:53 |    🧬 MORPHO: breadth 2/5 → conviction 0.47 | cat=defi/W+0.31(member) meanrev×0.67 | Sq=-0.03 fund=+0.005% OI=$3.2M CVD=+0.24 ofi=+0.37 book=+0.02
09:11:53 |    🧬 MORPHO: own-history vol 0.64% vs baseline 1.01% (×0.64) → coiled conviction ×1.01 [C286-2]
09:11:53 |    📄 MORPHO: news short sig=0.12 score=-0.01
09:11:54 |    🎯 MORPHO: target 1.5%→1.7% — regime TD persisting 0.84 on an earned ledger (acc 0.84); room-to-structure defers to the trend [C340]
09:11:54 |    ❌ MORPHO: short scr=0.02 conf=0.22 → low confidence
09:11:54 |    ------------------------------------
09:11:54 |    🧬 1000BONK: breadth 5/6 → conviction 0.91 | cat=mid/W-0.06(regime) meanrev×0.76 | Sq=-0.03 fund=+0.005% OI=$4.5M CVD=-0.01 ofi=-0.05 book=-0.09
09:11:54 |    · 1000BONK: news ~market score=+0.00 (no coin-specific articles)
09:11:54 |    🎯 1000BONK: target 1.5%→2.6% — regime TD persisting 0.84 on an earned ledger (acc 0.84); room-to-structure defers to the trend [C340]
09:11:54 |    ⏳ 1000BONK: short LATE-LEG at extreme (room 7%) + forward signals object (F=-0.25, worst=-0.67) → blocked
09:11:55 |    ------------------------------------
09:11:55 |    🧬 OP: breadth 5/6 → conviction 0.90 | cat=l2/W-0.06(member) trend×1.29 | Sq=-0.06 fund=+0.010% OI=$5.8M CVD=-0.24 ofi=-0.01 book=+0.10
09:11:55 |    🩸 C398 capitulation tilt: 0.00 ATR off its own 12h low → short score ×0.940 [+4.67pp measured, down-side only by design]
09:11:55 |    · OP: news ~market score=+0.00 (no coin-specific articles)
09:11:55 |    🎢→✅ OP: parabola RESOLVED (bounce age 42c, unwound 8.7 ATR) → short allowed, penalty 15%
09:11:55 |    🔓 OP: short near extreme but WITH trend (R=-0.40) → breakout, not blocked
09:11:55 |    🎯 OP: target 1.3%→2.3% — regime TD persisting 0.84 on an earned ledger (acc 0.84); room-to-structure defers to the trend [C340]
09:11:55 |    ☁️ OP: ichimoku B- persisting 0.92 WITH the short → score ×1.04 (earned ledger) [C343]
09:11:55 |    🕐 C249 session floor: IST 09.2h coupling w=0.15 → entry bar ×1.127
09:11:55 |    ❌ OP: short scr=0.30 conf=0.50 → low score (<0.43)
09:11:55 |    ⚖️ C462-7 OP: penalties 0.51→0.30 (×0.60) vs bar 0.43 — the stack decided
09:11:55 |    ------------------------------------
09:11:55 |    🧬 KAITO: breadth 4/6 → conviction 0.73 | cat=mid/W-0.20(regime) trend×1.21 | Sq=-0.03 fund=+0.005% OI=$3.5M CVD=-0.51 ofi=-0.05 book=-0.18
09:11:55 |    · KAITO: news ~market score=+0.00 (no coin-specific articles)
09:11:56 |    🎯 KAITO: target 1.3%→2.3% — regime TD persisting 0.84 on an earned ledger (acc 0.84); room-to-structure defers to the trend [C340]
09:11:56 |    ☁️ KAITO: ichimoku B- persisting 0.92 WITH the short → score ×1.04 (earned ledger) [C343]
09:11:56 |    ❌ KAITO: short scr=0.33 conf=0.49 → low score (<0.43)
09:11:56 |    ⚖️ C462-7 KAITO: penalties 0.54→0.33 (×0.60) vs bar 0.43 — the stack decided
09:11:56 |    ------------------------------------
09:11:56 |    🧬 B2: breadth 5/6 → conviction 0.88 | cat=wild/W+0.58(regime) meanrev×0.63 | Sq=-0.03 fund=+0.005% OI=$2.9M CVD=-0.28 ofi=+0.09 book=-0.01
09:11:56 |    · B2: news ~market score=+0.00 (no coin-specific articles)
09:11:56 |    🎢→✅ B2: parabola RESOLVED (bounce age 76c, unwound 8.2 ATR) → short allowed, penalty 15%
09:11:56 |    🎯 B2: target 1.5%→2.7% — regime TD persisting 0.84 on an earned ledger (acc 0.84); room-to-structure defers to the trend [C340]
09:11:56 |    ☁️ B2: ichimoku B- persisting 0.92 WITH the short → score ×1.04 (earned ledger) [C343]
09:11:56 |    🛑 B2: short into CAPITULATION/BLOW-OFF -- climactic bullish rejection (vol-spike) vs RSI 29 -> reversal imminent, continuation blocked
09:11:57 |    ------------------------------------
09:11:57 |    🧬 APR: breadth 5/6 → conviction 0.81 | cat=mid/W-0.17(regime) meanrev×0.79 | Sq=-0.16 fund=+0.020% OI=$4.2M CVD=+0.19 ofi=+0.21
09:11:57 |    · APR: news ~market score=+0.00 (no coin-specific articles)
09:11:57 |    ☁️ APR: ichimoku B- persisting 0.92 AGAINST the long → score ×0.96 (earned ledger) [C343]
09:11:57 |    🚫 APR: counter-trend BLOCK — dir long vs market R=-0.22 AND orderliness 0.13<0.33 (noisy). Long-into-trend is ~45%% barrier-win; no orderliness to justify it [C386]
09:11:57 |    ------------------------------------
09:11:57 |    🧬 VET: breadth 4/6 → conviction 0.77 | cat=calm/W-0.54(regime) trend×1.23 | Sq=-0.06 fund=+0.010% OI=$4.7M CVD=-0.46 ofi=-0.40 book=+0.16
09:11:57 |    · VET: news ~market score=+0.00 (no coin-specific articles)
09:11:58 |    🎯 VET: target 1.3%→2.3% — regime TD persisting 0.84 on an earned ledger (acc 0.84); room-to-structure defers to the trend [C340]
09:11:58 |    ☁️ VET: ichimoku B- persisting 0.92 WITH the short → score ×1.04 (earned ledger) [C343]
09:11:58 |    ❌ VET: short scr=0.18 conf=0.57 → low score (<0.47)
09:11:58 | 📊 Step 3 result: 11 analyzed (+67 cached this 15m candle) → 0 passed | low_confidence=5, low_score=34, flat_projection=5, ct_noisy_block=17, late_leg_no_forward=4, capitulation=3, micro_exhaustion=2, capitulation_short=1, no_structural_room=1, low_quality=1, session_short=5
09:11:58 |    📌 Nearest miss: BTW score=0.476 conf=0.277 quality=0.132/0.26 reason=confidence 0.277 < 0.325
09:11:58 |    📊 Top signals: rsi_v=+52.07 | perm_=+0.95 | rqa_d=+0.72 | hurst=+0.71 | wavef=-0.64 | vwdi=-0.41
09:11:58 |    🎯 Dir: short | Agreement: 10/27 (37%)
 
 
  09:16  up 0h40m  scan 5 ------------------------------------------------------------------------
  EQUITY    $250.14
  OPEN      flat  free $250.14
  SESSION   $-0.00 -0.00%
  CURVE     +=====
  DAY       real $-2.49  limit $9.44 (3.74%)  26% used
            #######...................
  MONTH     dial 15%  used $2.66 of $37.92  from $252.81
  RECORD    no closed trades yet this run
  LIFETIME  129tr 40W 89L 31%  $+0.14
  FEES      no fills yet this run
  SCAN      805 > 11 > 0 passed  top BTW 0.48 (confidence 0.277 <)  5 scans, 246 analysed
  MARKET    TRENDING  bias -0.22  breadth -0.14  taker flow +0.06
  NEWS      65 articles  ~ tone +0.03  XRP +0.53  LTC +0.26  ARB -0.25
  MOVERS    QNT +30% #27  ONDO +27% #5  XPL +26% cut  龙虾 -21% #31
  ------------------------------------------------------------------------------------------------
 
09:16:25 | 
09:16:25 | ============================================================
09:16:25 | 📊 POSITION SUMMARY (8-MIN UPDATE)
09:16:25 | 💰 Equity: $250.14 | Unrealized: $+0.00
09:16:25 | 💵 Available: $250.14 | Locked: $0.00
09:16:25 | 📈 Session: $+0.00 (+0.0%)
09:16:25 | 🎯 Win Rate: Overall 31% | Session 0% | Open 0%
09:16:25 | ============================================================
09:16:25 | ============================================================
09:16:25 | 🔻 Day: -0.98% realised (loss limit $9.44, 26% used · dial 15%/month) [C483]
09:16:25 | ============================================================
09:16:25 | 
09:16:58 | 📋 STEP 1: Using cached 78 pairs (326s old, refresh at 480s)
09:16:58 | ━━━━━━━━━━━━━━━━━━━━━━━━━━━━━━━━━━━━━━━━━━━━━━━━━━
09:16:58 | 📋 STEP 2: MARKET ANALYSIS — News, Bias, Coherence
09:16:58 | ━━━━━━━━━━━━━━━━━━━━━━━━━━━━━━━━━━━━━━━━━━━━━━━━━━
09:16:59 | ✅ C79 RESULTANT: 1h=-0.81 4h=-0.41 12h=-0.15 R=-0.39 mag=0.39
09:16:59 | 📰 News: 65 articles | 🔸 +0.03
09:16:59 | 📈 Market: 🔻BEARISH (blend=-0.21 R=-0.39) | 1h=-0.81 4h=-0.41 12h=-0.15 align=+0.17 macro=✓
09:16:59 | 📊 Regime: TRENDING (0.58) | DFA=0.56 Ent=0.92 GARCH=0.0018
09:16:59 | 🎲 RegimeMarkov: state=TD → next most-likely TD (P=0.84, persist=0.84, conf=0.82, n=331) | calib[1532]: acc=0.84 brier=0.057
09:16:59 | 🎲 PairMarkov: calib[29559]: acc=1.00 brier=0.000 (baseline 0.160)
09:16:59 | 🎲 FamilyMarkov: calib[3231/120]: acc=1.00 brier=0.003 (base 0.020) skill=+83.8% [need +5%] EARNED [C342]
09:16:59 | 🎲 IchiMarkov: calib[29296/200]: acc=0.83 brier=0.125 (base 0.149) skill=+15.8% [need +5%] EARNED [C343]
09:16:59 | 🧮 S3-EV: calib[156]: acc=0.33 brier=0.329 (baseline 0.250)
09:16:59 | 🌊 Market coherence: 70% long (45↑ vs 19↓)
09:17:00 | 💰 Taker flow: 🔻 -0.18 (BTC=-0.22 ETH=-0.15)
09:17:00 | ━━━━━━━━━━━━━━━━━━━━━━━━━━━━━━━━━━━━━━━━━━━━━━━━━━
09:17:00 | 📋 STEP 3: PREDICTIVE ANALYSIS — Scoring each pair
09:17:00 | ━━━━━━━━━━━━━━━━━━━━━━━━━━━━━━━━━━━━━━━━━━━━━━━━━━
