23:48:56 | 📊 Paper Mode
23:48:58 | ✅ Connected | 805 futures markets
23:48:58 | 📊 Bitget Fees: Maker 0.02% | Taker 0.06%
23:48:58 | 📊 Market type: PERPETUAL FUTURES (swap) — verified
23:48:58 | 📋 Limit Orders: ENABLED (offset 0.1%)
23:48:58 | 📂 Loaded state: $252.22 | 0 positions | available $233.88 (locked $18.34)
23:48:58 | 📐 RISK @ $252.22: monthly dial 15% = $37.92/month  |  the portfolio book trades: its month guard closes the book if MARKED equity falls that far below the month's anchor [C497]
 
  ================================================================================================
  OMEGA C498  PAPER  Bitget perps
  26 Sep 2026   23:48
  start $252.22  risk dial 15%/month
  ================================================================================================
 
  RISK FRAME -------------------------------------------------------------------------------------
  EQUITY    $252.22  805 markets
  MONTH     dial 15% = $37.92 this month  used $0.59 realised
  BOOK      daily trend + momentum + carry, rebalanced 00:05 UTC
            month guard on MARKED equity (open P&L counts)  intraday scanner idle
  ------------------------------------------------------------------------------------------------
 
23:48:58 |    (legacy Flask page not installed — the dashboard is the control panel)
23:48:58 | 🌐 Remote control on http://0.0.0.0:8138 — TOKEN REQUIRED
23:48:58 |    📱 Same WiFi: http://10.0.0.160:8138/?t=<your token>
23:48:58 |    🌍 Internet: put a Cloudflare Tunnel in front of this port.
23:48:58 |        See deploy/DEPLOY.md — one command, no open ports, free.
23:48:58 | ============================================================
23:48:58 | 🤖 OMEGA V60 — INFORMATION ENGINE (C466)
23:48:58 |    ℹ️ C497: the portfolio book trades. The blocks below describe the INTRADAY SCANNER, which is idle (OMEGA_ENGINE=intraday restores it); the book is summarised in the RISK FRAME above and the BOOK row every 8 min
23:48:58 |    🧪 C364 PAPER=LIVE PARITY — costs modelled in paper:
23:48:58 |       • entries: post-only, REJECTED if the limit would cross (mirrors C363 live)
23:48:58 |       • market fills: lift the ASK / hit the BID — never the last price
23:48:58 |       • exit fee: taker on current notional
23:48:58 |       • funding: charged per 8h settlement crossed
23:48:58 |       NOT modelled: partial fills, API outages, queue position.
23:48:58 | ============================================================
23:48:58 | 🔒 Score floor reset: 0.32 (single mode — HP retired at C403-3)
23:48:58 | 🧮 C458 EDGE STATE — what the ledger permits today:
23:48:58 |    realised 6W/14L → shrunk base rate 0.400; fair odds for a 2.00R target are 0.333
23:48:58 |    blended edge +0.0474  (prior +0.0467 x0.60 + realised +0.0485 x0.40 (n=20; anchored on realised payoff 2.10 (7W/13L in R) (break-even wr 0.322 vs realised 0.400 = e +0.0776) x extrapolation shrink 0.63 to T 1.41R))
23:48:58 |    ✅ edge is positive — the expectancy gate is open on merit, and exploration should stay idle.
23:48:58 | 📋 Version history: see CHANGELOG.md (auto-updated each revision)
23:48:58 | ============================================================
23:48:58 | 📊 ARCHITECTURE — what is actually running:
23:48:58 |   1 SCANNER    756 markets → volume floor → top 30 by liveliness
23:48:58 |   2 ENTRY      11 signal components → one score; only 3 hard vetoes
23:48:58 |                (can't pay fees / no room to stop / not tradeable).
23:48:58 |                Everything else is a weighted penalty [C403-5].
23:48:58 |                EXPECTANCY GATE [C404/C405]: R = proj×√t ÷ stop,
23:48:58 |                E = p(R×0.60)−(1−p); E must clear 0 AND the live percentile bar.
23:48:58 |                TRADES/DAY [C467]: NO CAP. No count target, no hard cap, no per-scan limit. 2/pair still applies (that is concentration, not pace).
23:48:58 |                What refuses a trade now: the three hard vetoes only — can't pay fees, no room to stop, not tradeable. E<0 is a PENALTY while p has no measured skill [C467].
23:48:58 |   3 MONITOR    SPLIT LOOP [C397]: prices every 0.8s (stop, floors);
23:48:58 |                OHLCV/DRI every 20s; regime every 90s, AFTER positions.
23:48:58 |   4 EXIT       4 questions: HARD STOP · THESIS DEAD (C399 retention)
23:48:58 |                · PROFIT FLOOR (C397 runner floor binds) · TIME.
23:48:58 |                Loss patience is BOUNDED at 1.35× the soft limit [C404-2].
23:48:58 |   SESSIONS     when each market DISCOVERS its price, in IST (US is currently on EDT):
23:48:58 |                crypto        24/7        · metals+energy  Globex ~24/5
23:48:58 |                US equity     19:00–01:30 IST  (a NIGHT session from India)
23:48:58 |                index futures Globex ~24/5 (SP500/NDX100 are futures, not cash)
23:48:58 |                Korea (KRX)   05:30–12:00 IST · HK  07:00–13:30 IST (lunch 09:30–10:30)
23:48:58 |                ● OPEN  crypto        24/7
23:48:58 |                ○ shut  us_equity     US cash closed (weekend)
23:48:58 |                ○ shut  index_future  Globex closed (Sat)
23:48:58 |                ○ shut  metal         Globex closed (Sat)
23:48:58 |                ○ shut  korea_equity  KRX closed (weekend)
23:48:58 |                ○ shut  hk_equity     HKEX closed (weekend)
23:48:58 |   UNIVERSE     crypto + 294 RWA perps (stocks/metals/energy/ETFs),
23:48:58 |                session-gated; leverage scaled to each instrument's own ATR;
23:48:58 |                fee burden inside E. ONE POOL, no per-class quota [C409].
23:48:58 |                WHY: crypto alive 39.3% of bars, ANY asset alive 59.8%
23:48:58 |                (+20.5pp). Cross-class aliveness corr +0.04/+0.14 vs
23:48:58 |                crypto's OWN internal factor corr +0.925 — real diversification.
23:48:58 |   EDGES        C398 capitulation tilt (down-side only, +4.67pp measured)
23:48:58 |                C396 session tilt · C401 taker-flow (instrumented)
23:48:58 |                C403-7 flow term ±10% on direction
23:48:58 |   RETIRED      HP phase ladder (C403-3: 5 incident classes, 0 benefit)
23:48:58 |                Guardian + C329 (C403-4: 4 controllers, none knew the risk)
23:48:58 |                per-symbol learning (C403-2: needs ~10 months of trades)
23:48:58 |                DSI+DRI divergence / DRI HARD (C399: unreachable by construction)
23:48:58 | ============================================================
23:48:58 | ============================================================
23:48:58 | ✅ DRI SYSTEM (11 components, renormalised to exactly 1.0 [C400]):
23:48:58 |    Threshold: 0.3 | Hard: 0.5
23:48:58 |    Weights: Mom=0.18 Tech=0.16 Vol=0.11
23:48:58 |    ML=0.04 Wave=0.04 OFI=0.06
23:48:58 |    Fund=0.05 MTF=0.06 RVS=0.07
23:48:58 |    PA=0.15(dyn→0.45) Time=0.10 — nominal sum 1.02, rescaled to 1.00 at runtime [C400: was 1.113]
23:48:58 |    DSI = 6 of those 11 (Mom/Vol/Tech/ML/Wave/MTF, sum 0.59) inverted, Hurst-modulated, now unit-scaled [C400]
23:48:58 |    READ THEM AS: DRI negative = reversal thesis STRONG; DRI→0 = thesis DYING. DSI positive = sustainable; DSI→0 = spent.
23:48:58 |    Updates: every 20s (15m candles do not move faster; prices stay on the 0.8s leg)
23:48:58 | ============================================================
23:48:58 | 📋 CONFIGURATION:
23:48:58 |    💰 Equity: $252.22 | Available: $233.88
23:48:58 |    📊 Position Sizing: Dynamic allocation, min $5.0 | 3-5 positions
23:48:58 |    🎲 Leverage: 1x-10x  (single mode — HP retired, C403-3)
23:48:58 |    📋 Limit Orders: ON | Maker 0.02% Taker 0.06%
23:48:58 |    🎚️ Loss control: monthly risk dial 15% — the book's month guard on marked equity; no day limit applies to the book (C497)
23:48:58 |    🛡️ Session drawdown breaker: off | Guardian: report only (C482)
23:48:58 |    ⏱️ Prices 0.8s | DRI 20s | Summary 480s | Min age 15min
23:48:58 |    🧠 Shared learning ON (Markov chains, calibration). Per-symbol memory OFF [C403-2].
23:48:58 | ============================================================
23:48:58 | 📊 MODE: NORMAL
23:48:58 |    Normal start: $250.00
23:48:58 | ============================================================
23:48:58 | 💡 Press Ctrl+C to stop safely
23:48:58 | ============================================================
23:48:58 | 🔄 Monitoring thread started — SPLIT LOOP [C397]: FAST leg every 0.8s (prices in PARALLEL → hard stop, trailing floor, peak floor, capture floor); SLOW leg every 20s (OHLCV/DRI) and 90s (BTC/ETH regime, AFTER positions are checked, never before)
23:49:00 | 💼 C488: portfolio engine ON -- the intraday scanner opens no new positions (OMEGA_ENGINE=intraday restores it)
 
  23:56  up 0h08m  scan 0 ------------------------------------------------------------------------
  EQUITY    $247.62  unreal $-4.60
  OPEN      no intraday positions  book holds 8 (BOOK row)  free $233.88
  SHADOW    intraday M1 $254.16 (+0.75%)  M1g $252.26 (+0.00%)  2d paper only
  CARRY     $251.86 (-0.16%)  8 held  paper only
  BOOK      8 pos gross $95.92 (0.39x)  open $-4.60  funding $+0.01  vol 20% top 20
            rebal 2026-09-26
  SESSION   $-0.02 -0.01%
  MONTH     book guard $5.19 of $37.92 used  on marked equity  from $252.81  dial 15%
            ####......................
  RECORD    no closed trades yet this run
  LIFETIME  139tr 44W 95L 32%  $+2.22
  FEES      no fills yet this run
  MARKET    bias +0.00  breadth +0.00
  ------------------------------------------------------------------------------------------------
 
23:56:56 | 
23:56:56 | ============================================================
23:56:56 | 📊 POSITION SUMMARY (8-MIN UPDATE)
23:56:56 | 💰 Equity: $252.22 | Unrealized: $-4.60
23:56:56 | 💵 Available: $233.88 | Locked: $18.34
23:56:56 | 📈 Session: $-0.02 (-0.0%)
23:56:56 | 🎯 Win Rate: Overall 32% | Session 0% | Open 0%
23:56:56 | ============================================================
23:56:56 | ============================================================
23:56:56 | 🔻 Book guard: $5.19 of $37.92 used this month on marked equity (14%, from $252.81) · realised today -0.02% [C497]
23:56:56 | ============================================================
23:56:56 | 
00:00:00 | ============================================================
00:00:00 | 📅 NEW DAY
00:00:00 | 💰 Carrying equity: $252.22
00:00:00 | ============================================================
00:00:00 |    📅 C471: day loss barrier re-anchored at $252.22 for the new day
00:00:00 | 🔄 C200: calendar day rolled — session continues (baseline, cap & cycle plan unchanged)
 
  00:04  up 0h16m  scan 0 ------------------------------------------------------------------------
  EQUITY    $247.63  unreal $-4.59
  OPEN      no intraday positions  book holds 8 (BOOK row)  free $233.88
  SHADOW    intraday M1 $254.16 (+0.75%)  M1g $252.26 (+0.00%)  2d paper only
  CARRY     $251.86 (-0.16%)  8 held  paper only
  BOOK      8 pos gross $95.75 (0.39x)  open $-4.59  funding $+0.01  vol 20% top 20
            rebal 2026-09-26
  SESSION   $-0.01 -0.00%
  MONTH     book guard $5.18 of $37.92 used  on marked equity  from $252.81  dial 15%
            ####......................
  RECORD    no closed trades yet this run
  LIFETIME  139tr 44W 95L 32%  $+2.22
  FEES      no fills yet this run
  MARKET    bias +0.00  breadth +0.00
  ------------------------------------------------------------------------------------------------
 
00:04:56 | 
00:04:56 | ============================================================
00:04:56 | 📊 POSITION SUMMARY (8-MIN UPDATE)
00:04:56 | 💰 Equity: $252.22 | Unrealized: $-4.59
00:04:56 | 💵 Available: $233.88 | Locked: $18.34
00:04:56 | 📈 Session: $-0.01 (-0.0%)
00:04:56 | 🎯 Win Rate: Overall 32% | Session 0% | Open 0%
00:04:56 | ============================================================
00:04:56 | ============================================================
00:04:56 | 🔵 Book guard: $5.18 of $37.92 used this month on marked equity (14%, from $252.81) · realised today +0.00% [C497]
00:04:56 | ============================================================
00:04:56 | 
 
  00:12  up 0h24m  scan 0 ------------------------------------------------------------------------
  EQUITY    $247.71  unreal $-4.51
  OPEN      no intraday positions  book holds 8 (BOOK row)  free $233.88
  SHADOW    intraday M1 $254.16 (+0.75%)  M1g $252.26 (+0.00%)  2d paper only
  CARRY     $251.86 (-0.16%)  8 held  paper only
  BOOK      8 pos gross $95.35 (0.39x)  open $-4.51  funding $+0.01  vol 20% top 20
            rebal 2026-09-26
  SESSION   $+0.07 +0.03%
  MONTH     book guard $5.10 of $37.92 used  on marked equity  from $252.81  dial 15%
            ###.......................
  RECORD    no closed trades yet this run
  LIFETIME  139tr 44W 95L 32%  $+2.22
  FEES      no fills yet this run
  MARKET    bias +0.00  breadth +0.00
  ------------------------------------------------------------------------------------------------
 
00:12:56 | 
00:12:56 | ============================================================
00:12:56 | 📊 POSITION SUMMARY (8-MIN UPDATE)
00:12:56 | 💰 Equity: $252.22 | Unrealized: $-4.51
00:12:56 | 💵 Available: $233.88 | Locked: $18.34
00:12:56 | 📈 Session: $+0.07 (+0.0%)
00:12:56 | 🎯 Win Rate: Overall 32% | Session 0% | Open 0%
00:12:56 | ============================================================
00:12:56 | ============================================================
00:12:56 | 🔵 Book guard: $5.10 of $37.92 used this month on marked equity (13%, from $252.81) · realised today +0.00% [C497]
00:12:56 | ============================================================
00:12:56 | 
 
  00:20  up 0h32m  scan 0 ------------------------------------------------------------------------
  EQUITY    $247.80  unreal $-4.42
  OPEN      no intraday positions  book holds 8 (BOOK row)  free $233.88
  SHADOW    intraday M1 $254.16 (+0.75%)  M1g $252.26 (+0.00%)  2d paper only
  CARRY     $251.86 (-0.16%)  8 held  paper only
  BOOK      8 pos gross $95.24 (0.38x)  open $-4.42  funding $+0.01  vol 20% top 20
            rebal 2026-09-26
  SESSION   $+0.16 +0.07%
  MONTH     book guard $5.01 of $37.92 used  on marked equity  from $252.81  dial 15%
            ###.......................
  RECORD    no closed trades yet this run
  LIFETIME  139tr 44W 95L 32%  $+2.22
  FEES      no fills yet this run
  MARKET    bias +0.00  breadth +0.00
  ------------------------------------------------------------------------------------------------
 
00:20:56 | 
00:20:56 | ============================================================
00:20:56 | 📊 POSITION SUMMARY (8-MIN UPDATE)
00:20:56 | 💰 Equity: $252.22 | Unrealized: $-4.42
00:20:56 | 💵 Available: $233.88 | Locked: $18.34
00:20:56 | 📈 Session: $+0.16 (+0.1%)
00:20:56 | 🎯 Win Rate: Overall 32% | Session 0% | Open 0%
00:20:56 | ============================================================
00:20:56 | ============================================================
00:20:56 | 🔵 Book guard: $5.01 of $37.92 used this month on marked equity (13%, from $252.81) · realised today +0.00% [C497]
00:20:56 | ============================================================
00:20:56 | 
 
  00:28  up 0h40m  scan 0 ------------------------------------------------------------------------
  EQUITY    $247.91  unreal $-4.31
  OPEN      no intraday positions  book holds 8 (BOOK row)  free $233.88
  SHADOW    intraday M1 $254.16 (+0.75%)  M1g $252.26 (+0.00%)  2d paper only
  CARRY     $251.86 (-0.16%)  8 held  paper only
  BOOK      8 pos gross $95.14 (0.38x)  open $-4.31  funding $+0.01  vol 20% top 20
            rebal 2026-09-26
  SESSION   $+0.27 +0.11%
  MONTH     book guard $4.90 of $37.92 used  on marked equity  from $252.81  dial 15%
            ###.......................
  RECORD    no closed trades yet this run
  LIFETIME  139tr 44W 95L 32%  $+2.22
  FEES      no fills yet this run
  MARKET    bias +0.00  breadth +0.00
  ------------------------------------------------------------------------------------------------
 
00:28:57 | 
00:28:57 | ============================================================
00:28:57 | 📊 POSITION SUMMARY (8-MIN UPDATE)
00:28:57 | 💰 Equity: $252.22 | Unrealized: $-4.31
00:28:57 | 💵 Available: $233.88 | Locked: $18.34
00:28:57 | 📈 Session: $+0.27 (+0.1%)
00:28:57 | 🎯 Win Rate: Overall 32% | Session 0% | Open 0%
00:28:57 | ============================================================
00:28:57 | ============================================================
00:28:57 | 🔵 Book guard: $4.90 of $37.92 used this month on marked equity (13%, from $252.81) · realised today +0.00% [C497]
00:28:57 | ============================================================
00:28:57 | 
00:32:45 |    👻 C489 shadow hour 19:00 UTC: 39 coins scored (warm-up (14, no flow)), gate shut | M1 $252.97 (+0.28%) M1g $252.26 (+0.00%) over 2d [27s]
 
  00:36  up 0h48m  scan 0 ------------------------------------------------------------------------
  EQUITY    $247.85  unreal $-4.37
  OPEN      no intraday positions  book holds 8 (BOOK row)  free $233.88
  SHADOW    intraday M1 $252.97 (+0.28%)  M1g $252.26 (+0.00%)  2d paper only
  CARRY     $251.86 (-0.16%)  8 held  paper only
  BOOK      8 pos gross $95.42 (0.39x)  open $-4.37  funding $+0.01  vol 20% top 20
            rebal 2026-09-26
  SESSION   $+0.21 +0.09%  peak $247.91  dd 0.02%
  CURVE     ===+++
  MONTH     book guard $4.96 of $37.92 used  on marked equity  from $252.81  dial 15%
            ###.......................
  RECORD    no closed trades yet this run
  LIFETIME  139tr 44W 95L 32%  $+2.22
  FEES      no fills yet this run
  MARKET    bias +0.00  breadth +0.00
  ------------------------------------------------------------------------------------------------
 
00:36:57 | 
00:36:57 | ============================================================
00:36:57 | 📊 POSITION SUMMARY (8-MIN UPDATE)
00:36:57 | 💰 Equity: $252.22 | Unrealized: $-4.37
00:36:57 | 💵 Available: $233.88 | Locked: $18.34
00:36:57 | 📈 Session: $+0.21 (+0.1%)
00:36:57 | 🎯 Win Rate: Overall 32% | Session 0% | Open 0%
00:36:57 | ============================================================
00:36:57 | ============================================================
00:36:57 | 🔵 Book guard: $4.96 of $37.92 used this month on marked equity (13%, from $252.81) · realised today +0.00% [C497]
00:36:57 | ============================================================
00:36:57 | 
 
  00:44  up 0h56m  scan 0 ------------------------------------------------------------------------
  EQUITY    $247.84  unreal $-4.38
  OPEN      no intraday positions  book holds 8 (BOOK row)  free $233.88
  SHADOW    intraday M1 $252.97 (+0.28%)  M1g $252.26 (+0.00%)  2d paper only
  CARRY     $251.86 (-0.16%)  8 held  paper only
  BOOK      8 pos gross $95.35 (0.39x)  open $-4.38  funding $+0.01  vol 20% top 20
            rebal 2026-09-26
  SESSION   $+0.20 +0.08%  peak $247.91  dd 0.03%
  CURVE     ===++++
  MONTH     book guard $4.97 of $37.92 used  on marked equity  from $252.81  dial 15%
            ###.......................
  RECORD    no closed trades yet this run
  LIFETIME  139tr 44W 95L 32%  $+2.22
  FEES      no fills yet this run
  MARKET    bias +0.00  breadth +0.00
  ------------------------------------------------------------------------------------------------
 
00:44:57 | 
00:44:57 | ============================================================
00:44:57 | 📊 POSITION SUMMARY (8-MIN UPDATE)
00:44:57 | 💰 Equity: $252.22 | Unrealized: $-4.38
00:44:57 | 💵 Available: $233.88 | Locked: $18.34
00:44:57 | 📈 Session: $+0.20 (+0.1%)
00:44:57 | 🎯 Win Rate: Overall 32% | Session 0% | Open 0%
00:44:57 | ============================================================
00:44:57 | ============================================================
00:44:57 | 🔵 Book guard: $4.97 of $37.92 used this month on marked equity (13%, from $252.81) · realised today +0.00% [C497]
00:44:57 | ============================================================
00:44:57 | 
 
  00:52  up 1h04m  scan 0 ------------------------------------------------------------------------
  EQUITY    $247.83  unreal $-4.39
  OPEN      no intraday positions  book holds 8 (BOOK row)  free $233.88
  SHADOW    intraday M1 $252.97 (+0.28%)  M1g $252.26 (+0.00%)  2d paper only
  CARRY     $251.86 (-0.16%)  8 held  paper only
  BOOK      8 pos gross $95.23 (0.38x)  open $-4.38  funding $+0.01  vol 20% top 20
            rebal 2026-09-26
  SESSION   $+0.19 +0.08%  peak $247.91  dd 0.03%
  CURVE     ===+++++
  MONTH     book guard $4.98 of $37.92 used  on marked equity  from $252.81  dial 15%
            ###.......................
  RECORD    no closed trades yet this run
  LIFETIME  139tr 44W 95L 32%  $+2.22
  FEES      no fills yet this run
  MARKET    bias +0.00  breadth +0.00
  ------------------------------------------------------------------------------------------------
 
00:52:57 | 
00:52:57 | ============================================================
00:52:57 | 📊 POSITION SUMMARY (8-MIN UPDATE)
00:52:57 | 💰 Equity: $252.22 | Unrealized: $-4.39
00:52:57 | 💵 Available: $233.88 | Locked: $18.34
00:52:57 | 📈 Session: $+0.19 (+0.1%)
00:52:57 | 🎯 Win Rate: Overall 32% | Session 0% | Open 0%
00:52:57 | ============================================================
00:52:57 | ============================================================
00:52:57 | 🔵 Book guard: $4.98 of $37.92 used this month on marked equity (13%, from $252.81) · realised today +0.00% [C497]
00:52:57 | ============================================================
00:52:57 | 
 
  01:00  up 1h12m  scan 0 ------------------------------------------------------------------------
  EQUITY    $247.85  unreal $-4.37
  OPEN      no intraday positions  book holds 8 (BOOK row)  free $233.88
  SHADOW    intraday M1 $252.97 (+0.28%)  M1g $252.26 (+0.00%)  2d paper only
  CARRY     $251.86 (-0.16%)  8 held  paper only
  BOOK      8 pos gross $95.10 (0.38x)  open $-4.37  funding $+0.01  vol 20% top 20
            rebal 2026-09-26
  SESSION   $+0.21 +0.09%  peak $247.91  dd 0.02%
  CURVE     ===++++++
  MONTH     book guard $4.96 of $37.92 used  on marked equity  from $252.81  dial 15%
            ###.......................
  RECORD    no closed trades yet this run
  LIFETIME  139tr 44W 95L 32%  $+2.22
  FEES      no fills yet this run
  MARKET    bias +0.00  breadth +0.00
  ------------------------------------------------------------------------------------------------
 
01:00:58 | 
01:00:58 | ============================================================
01:00:58 | 📊 POSITION SUMMARY (8-MIN UPDATE)
01:00:58 | 💰 Equity: $252.22 | Unrealized: $-4.37
01:00:58 | 💵 Available: $233.88 | Locked: $18.34
01:00:58 | 📈 Session: $+0.21 (+0.1%)
01:00:58 | 🎯 Win Rate: Overall 32% | Session 0% | Open 0%
01:00:58 | ============================================================
01:00:58 | ============================================================
01:00:58 | 🔵 Book guard: $4.96 of $37.92 used this month on marked equity (13%, from $252.81) · realised today +0.00% [C497]
01:00:58 | ============================================================
01:00:58 | 
 
  01:08  up 1h20m  scan 0 ------------------------------------------------------------------------
  EQUITY    $247.89  unreal $-4.33
  OPEN      no intraday positions  book holds 8 (BOOK row)  free $233.88
  SHADOW    intraday M1 $252.97 (+0.28%)  M1g $252.26 (+0.00%)  2d paper only
  CARRY     $251.86 (-0.16%)  8 held  paper only
  BOOK      8 pos gross $94.89 (0.38x)  open $-4.33  funding $+0.01  vol 20% top 20
            rebal 2026-09-26
  SESSION   $+0.25 +0.10%  peak $247.91  dd 0.01%
  CURVE     ===+++++++
  MONTH     book guard $4.92 of $37.92 used  on marked equity  from $252.81  dial 15%
            ###.......................
  RECORD    no closed trades yet this run
  LIFETIME  139tr 44W 95L 32%  $+2.22
  FEES      no fills yet this run
  MARKET    bias +0.00  breadth +0.00
  ------------------------------------------------------------------------------------------------
 
01:08:58 | 
01:08:58 | ============================================================
01:08:58 | 📊 POSITION SUMMARY (8-MIN UPDATE)
01:08:58 | 💰 Equity: $252.22 | Unrealized: $-4.33
01:08:58 | 💵 Available: $233.88 | Locked: $18.34
01:08:58 | 📈 Session: $+0.25 (+0.1%)
01:08:58 | 🎯 Win Rate: Overall 32% | Session 0% | Open 0%
01:08:58 | ============================================================
01:08:58 | ============================================================
01:08:58 | 🔵 Book guard: $4.92 of $37.92 used this month on marked equity (13%, from $252.81) · realised today +0.00% [C497]
01:08:58 | ============================================================
01:08:58 | 
 
  01:16  up 1h28m  scan 0 ------------------------------------------------------------------------
  EQUITY    $247.91  unreal $-4.31
  OPEN      no intraday positions  book holds 8 (BOOK row)  free $233.88
  SHADOW    intraday M1 $252.97 (+0.28%)  M1g $252.26 (+0.00%)  2d paper only
  CARRY     $251.86 (-0.16%)  8 held  paper only
  BOOK      8 pos gross $95.15 (0.38x)  open $-4.31  funding $+0.01  vol 20% top 20
            rebal 2026-09-26
  SESSION   $+0.27 +0.11%
  CURVE     ===++++++++
  MONTH     book guard $4.90 of $37.92 used  on marked equity  from $252.81  dial 15%
            ###.......................
  RECORD    no closed trades yet this run
  LIFETIME  139tr 44W 95L 32%  $+2.22
  FEES      no fills yet this run
  MARKET    bias +0.00  breadth +0.00
  ------------------------------------------------------------------------------------------------
 
01:16:59 | 
01:16:59 | ============================================================
01:16:59 | 📊 POSITION SUMMARY (8-MIN UPDATE)
01:16:59 | 💰 Equity: $252.22 | Unrealized: $-4.31
01:16:59 | 💵 Available: $233.88 | Locked: $18.34
01:16:59 | 📈 Session: $+0.27 (+0.1%)
01:16:59 | 🎯 Win Rate: Overall 32% | Session 0% | Open 0%
01:16:59 | ============================================================
01:16:59 | ============================================================
01:16:59 | 🔵 Book guard: $4.90 of $37.92 used this month on marked equity (13%, from $252.81) · realised today +0.00% [C497]
01:16:59 | ============================================================
01:16:59 | 
 
  01:25  up 1h36m  scan 0 ------------------------------------------------------------------------
  EQUITY    $247.97  unreal $-4.25
  OPEN      no intraday positions  book holds 8 (BOOK row)  free $233.88
  SHADOW    intraday M1 $252.97 (+0.28%)  M1g $252.26 (+0.00%)  2d paper only
  CARRY     $251.86 (-0.16%)  8 held  paper only
  BOOK      8 pos gross $94.97 (0.38x)  open $-4.25  funding $+0.01  vol 20% top 20
            rebal 2026-09-26
  SESSION   $+0.33 +0.13%
  CURVE     ===+++++++++
  MONTH     book guard $4.84 of $37.92 used  on marked equity  from $252.81  dial 15%
            ###.......................
  RECORD    no closed trades yet this run
  LIFETIME  139tr 44W 95L 32%  $+2.22
  FEES      no fills yet this run
  MARKET    bias +0.00  breadth +0.00
  ------------------------------------------------------------------------------------------------
 
01:25:00 | 
01:25:00 | ============================================================
01:25:00 | 📊 POSITION SUMMARY (8-MIN UPDATE)
01:25:00 | 💰 Equity: $252.22 | Unrealized: $-4.25
01:25:00 | 💵 Available: $233.88 | Locked: $18.34
01:25:00 | 📈 Session: $+0.33 (+0.1%)
01:25:00 | 🎯 Win Rate: Overall 32% | Session 0% | Open 0%
01:25:00 | ============================================================
01:25:00 | ============================================================
01:25:00 | 🔵 Book guard: $4.84 of $37.92 used this month on marked equity (13%, from $252.81) · realised today +0.00% [C497]
01:25:00 | ============================================================
01:25:00 | 
01:32:42 |    👻 C489 shadow hour 20:00 UTC: 39 coins scored (warm-up (14, no flow)), gate OPEN | M1 $252.79 (+0.21%) M1g $252.21 (-0.02%) over 2d [16s]
 
  01:33  up 1h44m  scan 0 ------------------------------------------------------------------------
  EQUITY    $248.04  unreal $-4.18
  OPEN      no intraday positions  book holds 8 (BOOK row)  free $233.88
  SHADOW    intraday M1 $252.79 (+0.21%)  M1g $252.21 (-0.02%)  2d paper only
  CARRY     $251.86 (-0.16%)  8 held  paper only
  BOOK      8 pos gross $95.04 (0.38x)  open $-4.17  funding $+0.01  vol 20% top 20
            rebal 2026-09-26
  SESSION   $+0.40 +0.16%
  CURVE     ====+++=+++++
  MONTH     book guard $4.77 of $37.92 used  on marked equity  from $252.81  dial 15%
            ###.......................
  RECORD    no closed trades yet this run
  LIFETIME  139tr 44W 95L 32%  $+2.22
  FEES      no fills yet this run
  MARKET    bias +0.00  breadth +0.00
  ------------------------------------------------------------------------------------------------
 
01:33:00 | 
01:33:00 | ============================================================
01:33:00 | 📊 POSITION SUMMARY (8-MIN UPDATE)
01:33:00 | 💰 Equity: $252.22 | Unrealized: $-4.18
01:33:00 | 💵 Available: $233.88 | Locked: $18.34
01:33:00 | 📈 Session: $+0.40 (+0.2%)
01:33:00 | 🎯 Win Rate: Overall 32% | Session 0% | Open 0%
01:33:00 | ============================================================
01:33:00 | ============================================================
01:33:00 | 🔵 Book guard: $4.77 of $37.92 used this month on marked equity (13%, from $252.81) · realised today +0.00% [C497]
01:33:00 | ============================================================
01:33:00 | 
 
  01:41  up 1h52m  scan 0 ------------------------------------------------------------------------
  EQUITY    $248.08  unreal $-4.14
  OPEN      no intraday positions  book holds 8 (BOOK row)  free $233.88
  SHADOW    intraday M1 $252.79 (+0.21%)  M1g $252.21 (-0.02%)  2d paper only
  CARRY     $251.86 (-0.16%)  8 held  paper only
  BOOK      8 pos gross $94.77 (0.38x)  open $-4.14  funding $+0.01  vol 20% top 20
            rebal 2026-09-26
  SESSION   $+0.44 +0.18%
  CURVE     ====+====+++++
  MONTH     book guard $4.73 of $37.92 used  on marked equity  from $252.81  dial 15%
            ###.......................
  RECORD    no closed trades yet this run
  LIFETIME  139tr 44W 95L 32%  $+2.22
  FEES      no fills yet this run
  MARKET    bias +0.00  breadth +0.00
  ------------------------------------------------------------------------------------------------
 
01:41:01 | 
01:41:01 | ============================================================
01:41:01 | 📊 POSITION SUMMARY (8-MIN UPDATE)
01:41:01 | 💰 Equity: $252.22 | Unrealized: $-4.14
01:41:01 | 💵 Available: $233.88 | Locked: $18.34
01:41:01 | 📈 Session: $+0.44 (+0.2%)
01:41:01 | 🎯 Win Rate: Overall 32% | Session 0% | Open 0%
01:41:01 | ============================================================
01:41:01 | ============================================================
01:41:01 | 🔵 Book guard: $4.73 of $37.92 used this month on marked equity (12%, from $252.81) · realised today +0.00% [C497]
01:41:01 | ============================================================
01:41:01 | 
 
  01:49  up 2h00m  scan 0 ------------------------------------------------------------------------
  EQUITY    $248.08  unreal $-4.14
  OPEN      no intraday positions  book holds 8 (BOOK row)  free $233.88
  SHADOW    intraday M1 $252.79 (+0.21%)  M1g $252.21 (-0.02%)  2d paper only
  CARRY     $251.86 (-0.16%)  8 held  paper only
  BOOK      8 pos gross $94.87 (0.38x)  open $-4.14  funding $+0.01  vol 20% top 20
            rebal 2026-09-26
  SESSION   $+0.44 +0.18%
  CURVE     ====+====++++++
  MONTH     book guard $4.73 of $37.92 used  on marked equity  from $252.81  dial 15%
            ###.......................
  RECORD    no closed trades yet this run
  LIFETIME  139tr 44W 95L 32%  $+2.22
  FEES      no fills yet this run
  MARKET    bias +0.00  breadth +0.00
  ------------------------------------------------------------------------------------------------
 
01:49:01 | 
01:49:01 | ============================================================
01:49:01 | 📊 POSITION SUMMARY (8-MIN UPDATE)
01:49:01 | 💰 Equity: $252.22 | Unrealized: $-4.14
01:49:01 | 💵 Available: $233.88 | Locked: $18.34
01:49:01 | 📈 Session: $+0.44 (+0.2%)
01:49:01 | 🎯 Win Rate: Overall 32% | Session 0% | Open 0%
01:49:01 | ============================================================
01:49:01 | ============================================================
01:49:01 | 🔵 Book guard: $4.73 of $37.92 used this month on marked equity (12%, from $252.81) · realised today +0.00% [C497]
01:49:01 | ============================================================
01:49:01 | 
 
  01:57  up 2h08m  scan 0 ------------------------------------------------------------------------
  EQUITY    $248.05  unreal $-4.17
  OPEN      no intraday positions  book holds 8 (BOOK row)  free $233.88
  SHADOW    intraday M1 $252.79 (+0.21%)  M1g $252.21 (-0.02%)  2d paper only
  CARRY     $251.86 (-0.16%)  8 held  paper only
  BOOK      8 pos gross $94.90 (0.38x)  open $-4.17  funding $+0.01  vol 20% top 20
            rebal 2026-09-26
  SESSION   $+0.41 +0.17%  peak $248.08  dd 0.01%
  CURVE     ====+====+++++++
  MONTH     book guard $4.76 of $37.92 used  on marked equity  from $252.81  dial 15%
            ###.......................
  RECORD    no closed trades yet this run
  LIFETIME  139tr 44W 95L 32%  $+2.22
  FEES      no fills yet this run
  MARKET    bias +0.00  breadth +0.00
  ------------------------------------------------------------------------------------------------
 
01:57:01 | 
01:57:01 | ============================================================
01:57:01 | 📊 POSITION SUMMARY (8-MIN UPDATE)
01:57:01 | 💰 Equity: $252.22 | Unrealized: $-4.17
01:57:01 | 💵 Available: $233.88 | Locked: $18.34
01:57:01 | 📈 Session: $+0.41 (+0.2%)
01:57:01 | 🎯 Win Rate: Overall 32% | Session 0% | Open 0%
01:57:01 | ============================================================
01:57:01 | ============================================================
01:57:01 | 🔵 Book guard: $4.76 of $37.92 used this month on marked equity (13%, from $252.81) · realised today +0.00% [C497]
01:57:01 | ============================================================
01:57:01 | 
 
  02:05  up 2h16m  scan 0 ------------------------------------------------------------------------
  EQUITY    $248.06  unreal $-4.16
  OPEN      no intraday positions  book holds 8 (BOOK row)  free $233.88
  SHADOW    intraday M1 $252.79 (+0.21%)  M1g $252.21 (-0.02%)  2d paper only
  CARRY     $251.86 (-0.16%)  8 held  paper only
  BOOK      8 pos gross $94.73 (0.38x)  open $-4.16  funding $+0.01  vol 20% top 20
            rebal 2026-09-26
  SESSION   $+0.42 +0.17%  peak $248.08  dd 0.01%
  CURVE     ====+====++++++++
  MONTH     book guard $4.75 of $37.92 used  on marked equity  from $252.81  dial 15%
            ###.......................
  RECORD    no closed trades yet this run
  LIFETIME  139tr 44W 95L 32%  $+2.22
  FEES      no fills yet this run
  MARKET    bias +0.00  breadth +0.00
  ------------------------------------------------------------------------------------------------
 
02:05:02 | 
02:05:02 | ============================================================
02:05:02 | 📊 POSITION SUMMARY (8-MIN UPDATE)
02:05:02 | 💰 Equity: $252.22 | Unrealized: $-4.16
02:05:02 | 💵 Available: $233.88 | Locked: $18.34
02:05:02 | 📈 Session: $+0.42 (+0.2%)
02:05:02 | 🎯 Win Rate: Overall 32% | Session 0% | Open 0%
02:05:02 | ============================================================
02:05:02 | ============================================================
02:05:02 | 🔵 Book guard: $4.75 of $37.92 used this month on marked equity (13%, from $252.81) · realised today +0.00% [C497]
02:05:02 | ============================================================
02:05:02 | 
 
  02:13  up 2h24m  scan 0 ------------------------------------------------------------------------
  EQUITY    $248.16  unreal $-4.06
  OPEN      no intraday positions  book holds 8 (BOOK row)  free $233.88
  SHADOW    intraday M1 $252.79 (+0.21%)  M1g $252.21 (-0.02%)  2d paper only
  CARRY     $251.86 (-0.16%)  8 held  paper only
  BOOK      8 pos gross $93.50 (0.38x)  open $-4.06  funding $+0.01  vol 20% top 20
            rebal 2026-09-26
  SESSION   $+0.52 +0.21%
  CURVE     ====+=====++++++++
  MONTH     book guard $4.65 of $37.92 used  on marked equity  from $252.81  dial 15%
            ###.......................
  RECORD    no closed trades yet this run
  LIFETIME  139tr 44W 95L 32%  $+2.22
  FEES      no fills yet this run
  MARKET    bias +0.00  breadth +0.00
  ------------------------------------------------------------------------------------------------
 
02:13:02 | 
02:13:02 | ============================================================
02:13:02 | 📊 POSITION SUMMARY (8-MIN UPDATE)
02:13:02 | 💰 Equity: $252.22 | Unrealized: $-4.06
02:13:02 | 💵 Available: $233.88 | Locked: $18.34
02:13:02 | 📈 Session: $+0.52 (+0.2%)
02:13:02 | 🎯 Win Rate: Overall 32% | Session 0% | Open 0%
02:13:02 | ============================================================
02:13:02 | ============================================================
02:13:02 | 🔵 Book guard: $4.65 of $37.92 used this month on marked equity (12%, from $252.81) · realised today +0.00% [C497]
02:13:02 | ============================================================
02:13:02 | 
 
  02:21  up 2h32m  scan 0 ------------------------------------------------------------------------
  EQUITY    $248.20  unreal $-4.02
  OPEN      no intraday positions  book holds 8 (BOOK row)  free $233.88
  SHADOW    intraday M1 $252.79 (+0.21%)  M1g $252.21 (-0.02%)  2d paper only
  CARRY     $251.86 (-0.16%)  8 held  paper only
  BOOK      8 pos gross $93.33 (0.38x)  open $-4.02  funding $+0.01  vol 20% top 20
            rebal 2026-09-26
  SESSION   $+0.56 +0.23%
  CURVE     ===========++++++++
  MONTH     book guard $4.61 of $37.92 used  on marked equity  from $252.81  dial 15%
            ###.......................
  RECORD    no closed trades yet this run
  LIFETIME  139tr 44W 95L 32%  $+2.22
  FEES      no fills yet this run
  MARKET    bias +0.00  breadth +0.00
  ------------------------------------------------------------------------------------------------
 
02:21:03 | 
02:21:03 | ============================================================
02:21:03 | 📊 POSITION SUMMARY (8-MIN UPDATE)
02:21:03 | 💰 Equity: $252.22 | Unrealized: $-4.02
02:21:03 | 💵 Available: $233.88 | Locked: $18.34
02:21:03 | 📈 Session: $+0.56 (+0.2%)
02:21:03 | 🎯 Win Rate: Overall 32% | Session 0% | Open 0%
02:21:03 | ============================================================
02:21:03 | ============================================================
02:21:03 | 🔵 Book guard: $4.61 of $37.92 used this month on marked equity (12%, from $252.81) · realised today +0.00% [C497]
02:21:03 | ============================================================
02:21:03 | 
 
  02:29  up 2h40m  scan 0 ------------------------------------------------------------------------
  EQUITY    $248.12  unreal $-4.10
  OPEN      no intraday positions  book holds 8 (BOOK row)  free $233.88
  SHADOW    intraday M1 $252.79 (+0.21%)  M1g $252.21 (-0.02%)  2d paper only
  CARRY     $251.86 (-0.16%)  8 held  paper only
  BOOK      8 pos gross $93.91 (0.38x)  open $-4.09  funding $+0.01  vol 20% top 20
            rebal 2026-09-26
  SESSION   $+0.48 +0.20%  peak $248.20  dd 0.03%
  CURVE     ===========+++++++++
  MONTH     book guard $4.69 of $37.92 used  on marked equity  from $252.81  dial 15%
            ###.......................
  RECORD    no closed trades yet this run
  LIFETIME  139tr 44W 95L 32%  $+2.22
  FEES      no fills yet this run
  MARKET    bias +0.00  breadth +0.00
  ------------------------------------------------------------------------------------------------
 
02:29:04 | 
02:29:04 | ============================================================
02:29:04 | 📊 POSITION SUMMARY (8-MIN UPDATE)
02:29:04 | 💰 Equity: $252.22 | Unrealized: $-4.10
02:29:04 | 💵 Available: $233.88 | Locked: $18.34
02:29:04 | 📈 Session: $+0.48 (+0.2%)
02:29:04 | 🎯 Win Rate: Overall 32% | Session 0% | Open 0%
02:29:04 | ============================================================
02:29:04 | ============================================================
02:29:04 | 🔵 Book guard: $4.69 of $37.92 used this month on marked equity (12%, from $252.81) · realised today +0.00% [C497]
02:29:04 | ============================================================
02:29:04 | 
02:32:20 |    👻 C489 shadow hour 21:00 UTC: 39 coins scored (warm-up (14, no flow)), gate shut | M1 $265.23 (+5.14%) M1g $255.36 (+1.23%) over 2d [16s]
 
  02:37  up 2h48m  scan 0 ------------------------------------------------------------------------
  EQUITY    $248.18  unreal $-4.04
  OPEN      no intraday positions  book holds 8 (BOOK row)  free $233.88
  SHADOW    intraday M1 $265.23 (+5.14%)  M1g $255.36 (+1.23%)  2d paper only
  CARRY     $251.86 (-0.16%)  8 held  paper only
  BOOK      8 pos gross $94.23 (0.38x)  open $-4.04  funding $+0.01  vol 20% top 20
            rebal 2026-09-26
  SESSION   $+0.54 +0.22%  peak $248.20  dd 0.01%
  CURVE     ===========++++++++++
  MONTH     book guard $4.63 of $37.92 used  on marked equity  from $252.81  dial 15%
            ###.......................
  RECORD    no closed trades yet this run
  LIFETIME  139tr 44W 95L 32%  $+2.22
  FEES      no fills yet this run
  MARKET    bias +0.00  breadth +0.00
  ------------------------------------------------------------------------------------------------
 
02:37:04 | 
02:37:04 | ============================================================
02:37:04 | 📊 POSITION SUMMARY (8-MIN UPDATE)
02:37:04 | 💰 Equity: $252.22 | Unrealized: $-4.04
02:37:04 | 💵 Available: $233.88 | Locked: $18.34
02:37:04 | 📈 Session: $+0.54 (+0.2%)
02:37:04 | 🎯 Win Rate: Overall 32% | Session 0% | Open 0%
02:37:04 | ============================================================
02:37:04 | ============================================================
02:37:04 | 🔵 Book guard: $4.63 of $37.92 used this month on marked equity (12%, from $252.81) · realised today +0.00% [C497]
02:37:04 | ============================================================
02:37:04 | 
 
  02:45  up 2h56m  scan 0 ------------------------------------------------------------------------
  EQUITY    $248.18  unreal $-4.04
  OPEN      no intraday positions  book holds 8 (BOOK row)  free $233.88
  SHADOW    intraday M1 $265.23 (+5.14%)  M1g $255.36 (+1.23%)  2d paper only
  CARRY     $251.86 (-0.16%)  8 held  paper only
  BOOK      8 pos gross $94.25 (0.38x)  open $-4.04  funding $+0.01  vol 20% top 20
            rebal 2026-09-26
  SESSION   $+0.54 +0.22%  peak $248.20  dd 0.01%
  CURVE     ===========+++++++++++
  MONTH     book guard $4.63 of $37.92 used  on marked equity  from $252.81  dial 15%
            ###.......................
  RECORD    no closed trades yet this run
  LIFETIME  139tr 44W 95L 32%  $+2.22
  FEES      no fills yet this run
  MARKET    bias +0.00  breadth +0.00
  ------------------------------------------------------------------------------------------------
 
02:45:05 | 
02:45:05 | ============================================================
02:45:05 | 📊 POSITION SUMMARY (8-MIN UPDATE)
02:45:05 | 💰 Equity: $252.22 | Unrealized: $-4.04
02:45:05 | 💵 Available: $233.88 | Locked: $18.34
02:45:05 | 📈 Session: $+0.54 (+0.2%)
02:45:05 | 🎯 Win Rate: Overall 32% | Session 0% | Open 0%
02:45:05 | ============================================================
02:45:05 | ============================================================
02:45:05 | 🔵 Book guard: $4.63 of $37.92 used this month on marked equity (12%, from $252.81) · realised today +0.00% [C497]
02:45:05 | ============================================================
02:45:05 | 
 
  02:53  up 3h04m  scan 0 ------------------------------------------------------------------------
  EQUITY    $248.25  unreal $-3.97
  OPEN      no intraday positions  book holds 8 (BOOK row)  free $233.88
  SHADOW    intraday M1 $265.23 (+5.14%)  M1g $255.36 (+1.23%)  2d paper only
  CARRY     $251.86 (-0.16%)  8 held  paper only
  BOOK      8 pos gross $94.71 (0.38x)  open $-3.97  funding $+0.01  vol 20% top 20
            rebal 2026-09-26
  SESSION   $+0.61 +0.25%
  CURVE     ===========++++++++++++
  MONTH     book guard $4.56 of $37.92 used  on marked equity  from $252.81  dial 15%
            ###.......................
  RECORD    no closed trades yet this run
  LIFETIME  139tr 44W 95L 32%  $+2.22
  FEES      no fills yet this run
  MARKET    bias +0.00  breadth +0.00
  ------------------------------------------------------------------------------------------------
 
02:53:05 | 
02:53:05 | ============================================================
02:53:05 | 📊 POSITION SUMMARY (8-MIN UPDATE)
02:53:05 | 💰 Equity: $252.22 | Unrealized: $-3.97
02:53:05 | 💵 Available: $233.88 | Locked: $18.34
02:53:05 | 📈 Session: $+0.61 (+0.2%)
02:53:05 | 🎯 Win Rate: Overall 32% | Session 0% | Open 0%
02:53:05 | ============================================================
02:53:05 | ============================================================
02:53:05 | 🔵 Book guard: $4.56 of $37.92 used this month on marked equity (12%, from $252.81) · realised today +0.00% [C497]
02:53:05 | ============================================================
02:53:05 | 
 
  03:01  up 3h12m  scan 0 ------------------------------------------------------------------------
  EQUITY    $248.58  unreal $-3.64
  OPEN      no intraday positions  book holds 8 (BOOK row)  free $233.88
  SHADOW    intraday M1 $265.23 (+5.14%)  M1g $255.36 (+1.23%)  2d paper only
  CARRY     $251.86 (-0.16%)  8 held  paper only
  BOOK      8 pos gross $95.22 (0.38x)  open $-3.64  funding $+0.01  vol 20% top 20
            rebal 2026-09-26
  SESSION   $+0.94 +0.38%
  CURVE     =================+++++++
  MONTH     book guard $4.23 of $37.92 used  on marked equity  from $252.81  dial 15%
            ###.......................
  RECORD    no closed trades yet this run
  LIFETIME  139tr 44W 95L 32%  $+2.22
  FEES      no fills yet this run
  MARKET    bias +0.00  breadth +0.00
  ------------------------------------------------------------------------------------------------
 
03:01:06 | 
03:01:06 | ============================================================
03:01:06 | 📊 POSITION SUMMARY (8-MIN UPDATE)
03:01:06 | 💰 Equity: $252.22 | Unrealized: $-3.64
03:01:06 | 💵 Available: $233.88 | Locked: $18.34
03:01:06 | 📈 Session: $+0.94 (+0.4%)
03:01:06 | 🎯 Win Rate: Overall 32% | Session 0% | Open 0%
03:01:06 | ============================================================
03:01:06 | ============================================================
03:01:06 | 🔵 Book guard: $4.23 of $37.92 used this month on marked equity (11%, from $252.81) · realised today +0.00% [C497]
03:01:06 | ============================================================
03:01:06 | 
 
  03:09  up 3h20m  scan 0 ------------------------------------------------------------------------
  EQUITY    $248.57  unreal $-3.65
  OPEN      no intraday positions  book holds 8 (BOOK row)  free $233.88
  SHADOW    intraday M1 $265.23 (+5.14%)  M1g $255.36 (+1.23%)  2d paper only
  CARRY     $251.86 (-0.16%)  8 held  paper only
  BOOK      8 pos gross $95.30 (0.38x)  open $-3.65  funding $+0.01  vol 20% top 20
            rebal 2026-09-26
  SESSION   $+0.93 +0.38%  peak $248.58
  CURVE     =================++++++++
  MONTH     book guard $4.24 of $37.92 used  on marked equity  from $252.81  dial 15%
            ###.......................
  RECORD    no closed trades yet this run
  LIFETIME  139tr 44W 95L 32%  $+2.22
  FEES      no fills yet this run
  MARKET    bias +0.00  breadth +0.00
  ------------------------------------------------------------------------------------------------
 
03:09:06 | 
03:09:06 | ============================================================
03:09:06 | 📊 POSITION SUMMARY (8-MIN UPDATE)
03:09:06 | 💰 Equity: $252.22 | Unrealized: $-3.65
03:09:06 | 💵 Available: $233.88 | Locked: $18.34
03:09:06 | 📈 Session: $+0.93 (+0.4%)
03:09:06 | 🎯 Win Rate: Overall 32% | Session 0% | Open 0%
03:09:06 | ============================================================
03:09:06 | ============================================================
03:09:06 | 🔵 Book guard: $4.24 of $37.92 used this month on marked equity (11%, from $252.81) · realised today +0.00% [C497]
03:09:06 | ============================================================
03:09:06 | 
 
  03:17  up 3h28m  scan 0 ------------------------------------------------------------------------
  EQUITY    $248.62  unreal $-3.60
  OPEN      no intraday positions  book holds 8 (BOOK row)  free $233.88
  SHADOW    intraday M1 $265.23 (+5.14%)  M1g $255.36 (+1.23%)  2d paper only
  CARRY     $251.86 (-0.16%)  8 held  paper only
  BOOK      8 pos gross $94.96 (0.38x)  open $-3.60  funding $+0.01  vol 20% top 20
            rebal 2026-09-26
  SESSION   $+0.98 +0.40%
  CURVE     =================++=++++++
  MONTH     book guard $4.19 of $37.92 used  on marked equity  from $252.81  dial 15%
            ###.......................
  RECORD    no closed trades yet this run
  LIFETIME  139tr 44W 95L 32%  $+2.22
  FEES      no fills yet this run
  MARKET    bias +0.00  breadth +0.00
  ------------------------------------------------------------------------------------------------
 
03:17:07 | 
03:17:07 | ============================================================
03:17:07 | 📊 POSITION SUMMARY (8-MIN UPDATE)
03:17:07 | 💰 Equity: $252.22 | Unrealized: $-3.60
03:17:07 | 💵 Available: $233.88 | Locked: $18.34
03:17:07 | 📈 Session: $+0.98 (+0.4%)
03:17:07 | 🎯 Win Rate: Overall 32% | Session 0% | Open 0%
03:17:07 | ============================================================
03:17:07 | ============================================================
03:17:07 | 🔵 Book guard: $4.19 of $37.92 used this month on marked equity (11%, from $252.81) · realised today +0.00% [C497]
03:17:07 | ============================================================
03:17:07 | 
 
  03:25  up 3h36m  scan 0 ------------------------------------------------------------------------
  EQUITY    $248.84  unreal $-3.38
  OPEN      no intraday positions  book holds 8 (BOOK row)  free $233.88
  SHADOW    intraday M1 $265.23 (+5.14%)  M1g $255.36 (+1.23%)  2d paper only
  CARRY     $251.86 (-0.16%)  8 held  paper only
  BOOK      8 pos gross $95.08 (0.38x)  open $-3.38  funding $+0.01  vol 20% top 20
            rebal 2026-09-26
  SESSION   $+1.20 +0.49%
  CURVE     ======================+++++
  MONTH     book guard $3.97 of $37.92 used  on marked equity  from $252.81  dial 15%
            ###.......................
  RECORD    no closed trades yet this run
  LIFETIME  139tr 44W 95L 32%  $+2.22
  FEES      no fills yet this run
  MARKET    bias +0.00  breadth +0.00
  ------------------------------------------------------------------------------------------------
 
03:25:08 | 
03:25:08 | ============================================================
03:25:08 | 📊 POSITION SUMMARY (8-MIN UPDATE)
03:25:08 | 💰 Equity: $252.22 | Unrealized: $-3.38
03:25:08 | 💵 Available: $233.88 | Locked: $18.34
03:25:08 | 📈 Session: $+1.20 (+0.5%)
03:25:08 | 🎯 Win Rate: Overall 32% | Session 0% | Open 0%
03:25:08 | ============================================================
03:25:08 | ============================================================
03:25:08 | 🔵 Book guard: $3.97 of $37.92 used this month on marked equity (10%, from $252.81) · realised today +0.00% [C497]
03:25:08 | ============================================================
03:25:08 | 
03:32:28 |    👻 C489 shadow hour 22:00 UTC: 39 coins scored (warm-up (14, no flow)), gate shut | M1 $263.56 (+4.48%) M1g $254.76 (+0.99%) over 2d [16s]
 
  03:33  up 3h44m  scan 0 ------------------------------------------------------------------------
  EQUITY    $248.87  unreal $-3.35
  OPEN      no intraday positions  book holds 8 (BOOK row)  free $233.88
  SHADOW    intraday M1 $263.56 (+4.48%)  M1g $254.76 (+0.99%)  2d paper only
  CARRY     $251.86 (-0.16%)  8 held  paper only
  BOOK      8 pos gross $95.56 (0.38x)  open $-3.35  funding $+0.01  vol 20% top 20
            rebal 2026-09-26
  SESSION   $+1.23 +0.50%
  CURVE     ======================++++++
  MONTH     book guard $3.94 of $37.92 used  on marked equity  from $252.81  dial 15%
            ###.......................
  RECORD    no closed trades yet this run
  LIFETIME  139tr 44W 95L 32%  $+2.22
  FEES      no fills yet this run
  MARKET    bias +0.00  breadth +0.00
  ------------------------------------------------------------------------------------------------
 
03:33:08 | 
03:33:08 | ============================================================
03:33:08 | 📊 POSITION SUMMARY (8-MIN UPDATE)
03:33:08 | 💰 Equity: $252.22 | Unrealized: $-3.35
03:33:08 | 💵 Available: $233.88 | Locked: $18.34
03:33:08 | 📈 Session: $+1.23 (+0.5%)
03:33:08 | 🎯 Win Rate: Overall 32% | Session 0% | Open 0%
03:33:08 | ============================================================
03:33:08 | ============================================================
03:33:08 | 🔵 Book guard: $3.94 of $37.92 used this month on marked equity (10%, from $252.81) · realised today +0.00% [C497]
03:33:08 | ============================================================
03:33:08 | 
 
  03:41  up 3h52m  scan 0 ------------------------------------------------------------------------
  EQUITY    $248.71  unreal $-3.51
  OPEN      no intraday positions  book holds 8 (BOOK row)  free $233.88
  SHADOW    intraday M1 $263.56 (+4.48%)  M1g $254.76 (+0.99%)  2d paper only
  CARRY     $251.86 (-0.16%)  8 held  paper only
  BOOK      8 pos gross $95.52 (0.38x)  open $-3.51  funding $+0.01  vol 20% top 20
            rebal 2026-09-26
  SESSION   $+1.07 +0.43%  peak $248.87  dd 0.06%
  CURVE     ======================+++++++
  MONTH     book guard $4.10 of $37.92 used  on marked equity  from $252.81  dial 15%
            ###.......................
  RECORD    no closed trades yet this run
  LIFETIME  139tr 44W 95L 32%  $+2.22
  FEES      no fills yet this run
  MARKET    bias +0.00  breadth +0.00
  ------------------------------------------------------------------------------------------------
 
03:41:08 | 
03:41:08 | ============================================================
03:41:08 | 📊 POSITION SUMMARY (8-MIN UPDATE)
03:41:08 | 💰 Equity: $252.22 | Unrealized: $-3.51
03:41:08 | 💵 Available: $233.88 | Locked: $18.34
03:41:08 | 📈 Session: $+1.07 (+0.4%)
03:41:08 | 🎯 Win Rate: Overall 32% | Session 0% | Open 0%
03:41:08 | ============================================================
03:41:08 | ============================================================
03:41:08 | 🔵 Book guard: $4.10 of $37.92 used this month on marked equity (11%, from $252.81) · realised today +0.00% [C497]
03:41:08 | ============================================================
03:41:08 | 
 
  03:49  up 4h00m  scan 0 ------------------------------------------------------------------------
  EQUITY    $248.76  unreal $-3.46
  OPEN      no intraday positions  book holds 8 (BOOK row)  free $233.88
  SHADOW    intraday M1 $263.56 (+4.48%)  M1g $254.76 (+0.99%)  2d paper only
  CARRY     $251.86 (-0.16%)  8 held  paper only
  BOOK      8 pos gross $95.45 (0.38x)  open $-3.46  funding $+0.01  vol 20% top 20
            rebal 2026-09-26
  SESSION   $+1.12 +0.45%  peak $248.87  dd 0.04%
  CURVE     ======================++++++++
  MONTH     book guard $4.05 of $37.92 used  on marked equity  from $252.81  dial 15%
            ###.......................
  RECORD    no closed trades yet this run
  LIFETIME  139tr 44W 95L 32%  $+2.22
  FEES      no fills yet this run
  MARKET    bias +0.00  breadth +0.00
  ------------------------------------------------------------------------------------------------
 
03:49:09 | 
03:49:09 | ============================================================
03:49:09 | 📊 POSITION SUMMARY (8-MIN UPDATE)
03:49:09 | 💰 Equity: $252.22 | Unrealized: $-3.46
03:49:09 | 💵 Available: $233.88 | Locked: $18.34
03:49:09 | 📈 Session: $+1.12 (+0.5%)
03:49:09 | 🎯 Win Rate: Overall 32% | Session 0% | Open 0%
03:49:09 | ============================================================
03:49:09 | ============================================================
03:49:09 | 🔵 Book guard: $4.05 of $37.92 used this month on marked equity (11%, from $252.81) · realised today +0.00% [C497]
03:49:09 | ============================================================
03:49:09 | 
 
  03:57  up 4h08m  scan 0 ------------------------------------------------------------------------
  EQUITY    $248.75  unreal $-3.47
  OPEN      no intraday positions  book holds 8 (BOOK row)  free $233.88
  SHADOW    intraday M1 $263.56 (+4.48%)  M1g $254.76 (+0.99%)  2d paper only
  CARRY     $251.86 (-0.16%)  8 held  paper only
  BOOK      8 pos gross $95.24 (0.38x)  open $-3.47  funding $+0.01  vol 20% top 20
            rebal 2026-09-26
  SESSION   $+1.11 +0.45%  peak $248.87  dd 0.05%
  CURVE     ======================+++++++++
  MONTH     book guard $4.06 of $37.92 used  on marked equity  from $252.81  dial 15%
            ###.......................
  RECORD    no closed trades yet this run
  LIFETIME  139tr 44W 95L 32%  $+2.22
  FEES      no fills yet this run
  MARKET    bias +0.00  breadth +0.00
  ------------------------------------------------------------------------------------------------
 
03:57:10 | 
03:57:10 | ============================================================
03:57:10 | 📊 POSITION SUMMARY (8-MIN UPDATE)
03:57:10 | 💰 Equity: $252.22 | Unrealized: $-3.47
03:57:10 | 💵 Available: $233.88 | Locked: $18.34
03:57:10 | 📈 Session: $+1.11 (+0.4%)
03:57:10 | 🎯 Win Rate: Overall 32% | Session 0% | Open 0%
03:57:10 | ============================================================
03:57:10 | ============================================================
03:57:10 | 🔵 Book guard: $4.06 of $37.92 used this month on marked equity (11%, from $252.81) · realised today +0.00% [C497]
03:57:10 | ============================================================
03:57:10 | 
 
  04:05  up 4h16m  scan 0 ------------------------------------------------------------------------
  EQUITY    $248.73  unreal $-3.49
  OPEN      no intraday positions  book holds 8 (BOOK row)  free $233.88
  SHADOW    intraday M1 $263.56 (+4.48%)  M1g $254.76 (+0.99%)  2d paper only
  CARRY     $251.86 (-0.16%)  8 held  paper only
  BOOK      8 pos gross $95.04 (0.38x)  open $-3.49  funding $+0.01  vol 20% top 20
            rebal 2026-09-26
  SESSION   $+1.09 +0.44%  peak $248.87  dd 0.06%
  CURVE     ======================++++++++++
  MONTH     book guard $4.08 of $37.92 used  on marked equity  from $252.81  dial 15%
            ###.......................
  RECORD    no closed trades yet this run
  LIFETIME  139tr 44W 95L 32%  $+2.22
  FEES      no fills yet this run
  MARKET    bias +0.00  breadth +0.00
  ------------------------------------------------------------------------------------------------
 
04:05:10 | 
04:05:10 | ============================================================
04:05:10 | 📊 POSITION SUMMARY (8-MIN UPDATE)
04:05:10 | 💰 Equity: $252.22 | Unrealized: $-3.49
04:05:10 | 💵 Available: $233.88 | Locked: $18.34
04:05:10 | 📈 Session: $+1.09 (+0.4%)
04:05:10 | 🎯 Win Rate: Overall 32% | Session 0% | Open 0%
04:05:10 | ============================================================
04:05:10 | ============================================================
04:05:10 | 🔵 Book guard: $4.08 of $37.92 used this month on marked equity (11%, from $252.81) · realised today +0.00% [C497]
04:05:10 | ============================================================
04:05:10 | 
 
  04:13  up 4h24m  scan 0 ------------------------------------------------------------------------
  EQUITY    $248.69  unreal $-3.53
  OPEN      no intraday positions  book holds 8 (BOOK row)  free $233.88
  SHADOW    intraday M1 $263.56 (+4.48%)  M1g $254.76 (+0.99%)  2d paper only
  CARRY     $251.86 (-0.16%)  8 held  paper only
  BOOK      8 pos gross $94.85 (0.38x)  open $-3.53  funding $+0.01  vol 20% top 20
            rebal 2026-09-26
  SESSION   $+1.05 +0.43%  peak $248.87  dd 0.07%
  CURVE     ======================+++++++++++
  MONTH     book guard $4.12 of $37.92 used  on marked equity  from $252.81  dial 15%
            ###.......................
  RECORD    no closed trades yet this run
  LIFETIME  139tr 44W 95L 32%  $+2.22
  FEES      no fills yet this run
  MARKET    bias +0.00  breadth +0.00
  ------------------------------------------------------------------------------------------------
 
04:13:11 | 
04:13:11 | ============================================================
04:13:11 | 📊 POSITION SUMMARY (8-MIN UPDATE)
04:13:11 | 💰 Equity: $252.22 | Unrealized: $-3.53
04:13:11 | 💵 Available: $233.88 | Locked: $18.34
04:13:11 | 📈 Session: $+1.05 (+0.4%)
04:13:11 | 🎯 Win Rate: Overall 32% | Session 0% | Open 0%
04:13:11 | ============================================================
04:13:11 | ============================================================
04:13:11 | 🔵 Book guard: $4.12 of $37.92 used this month on marked equity (11%, from $252.81) · realised today +0.00% [C497]
04:13:11 | ============================================================
04:13:11 | 
 
  04:21  up 4h32m  scan 0 ------------------------------------------------------------------------
  EQUITY    $248.70  unreal $-3.52
  OPEN      no intraday positions  book holds 8 (BOOK row)  free $233.88
  SHADOW    intraday M1 $263.56 (+4.48%)  M1g $254.76 (+0.99%)  2d paper only
  CARRY     $251.86 (-0.16%)  8 held  paper only
  BOOK      8 pos gross $94.97 (0.38x)  open $-3.52  funding $+0.01  vol 20% top 20
            rebal 2026-09-26
  SESSION   $+1.06 +0.43%  peak $248.87  dd 0.07%
  CURVE     ======================++++++++++++
  MONTH     book guard $4.11 of $37.92 used  on marked equity  from $252.81  dial 15%
            ###.......................
  RECORD    no closed trades yet this run
  LIFETIME  139tr 44W 95L 32%  $+2.22
  FEES      no fills yet this run
  MARKET    bias +0.00  breadth +0.00
  ------------------------------------------------------------------------------------------------
 
04:21:11 | 
04:21:11 | ============================================================
04:21:11 | 📊 POSITION SUMMARY (8-MIN UPDATE)
04:21:11 | 💰 Equity: $252.22 | Unrealized: $-3.52
04:21:11 | 💵 Available: $233.88 | Locked: $18.34
04:21:11 | 📈 Session: $+1.06 (+0.4%)
04:21:11 | 🎯 Win Rate: Overall 32% | Session 0% | Open 0%
04:21:11 | ============================================================
04:21:11 | ============================================================
04:21:11 | 🔵 Book guard: $4.11 of $37.92 used this month on marked equity (11%, from $252.81) · realised today +0.00% [C497]
04:21:11 | ============================================================
04:21:11 | 
 
  04:29  up 4h40m  scan 0 ------------------------------------------------------------------------
  EQUITY    $248.85  unreal $-3.37
  OPEN      no intraday positions  book holds 8 (BOOK row)  free $233.88
  SHADOW    intraday M1 $263.56 (+4.48%)  M1g $254.76 (+0.99%)  2d paper only
  CARRY     $251.86 (-0.16%)  8 held  paper only
  BOOK      8 pos gross $94.91 (0.38x)  open $-3.37  funding $+0.01  vol 20% top 20
            rebal 2026-09-26
  SESSION   $+1.21 +0.49%  peak $248.87  dd 0.01%
  CURVE     ======================+++++++++++++
  MONTH     book guard $3.96 of $37.92 used  on marked equity  from $252.81  dial 15%
            ###.......................
  RECORD    no closed trades yet this run
  LIFETIME  139tr 44W 95L 32%  $+2.22
  FEES      no fills yet this run
  MARKET    bias +0.00  breadth +0.00
  ------------------------------------------------------------------------------------------------
 
04:29:11 | 
04:29:11 | ============================================================
04:29:11 | 📊 POSITION SUMMARY (8-MIN UPDATE)
04:29:11 | 💰 Equity: $252.22 | Unrealized: $-3.37
04:29:11 | 💵 Available: $233.88 | Locked: $18.34
04:29:11 | 📈 Session: $+1.21 (+0.5%)
04:29:11 | 🎯 Win Rate: Overall 32% | Session 0% | Open 0%
04:29:11 | ============================================================
04:29:11 | ============================================================
04:29:11 | 🔵 Book guard: $3.96 of $37.92 used this month on marked equity (10%, from $252.81) · realised today +0.00% [C497]
04:29:11 | ============================================================
04:29:11 | 
04:32:39 |    👻 C489 shadow hour 23:00 UTC: 39 coins scored (warm-up (14, no flow)), gate shut | M1 $265.08 (+5.08%) M1g $254.66 (+0.95%) over 2d [18s]
 
  04:37  up 4h48m  scan 0 ------------------------------------------------------------------------
  EQUITY    $248.92  unreal $-3.30
  OPEN      no intraday positions  book holds 8 (BOOK row)  free $233.88
  SHADOW    intraday M1 $265.08 (+5.08%)  M1g $254.66 (+0.95%)  2d paper only
  CARRY     $251.86 (-0.16%)  8 held  paper only
  BOOK      8 pos gross $95.23 (0.38x)  open $-3.30  funding $+0.01  vol 20% top 20
            rebal 2026-09-26
  SESSION   $+1.28 +0.52%
  CURVE     =======================+++++++++++++
  MONTH     book guard $3.89 of $37.92 used  on marked equity  from $252.81  dial 15%
            ###.......................
  RECORD    no closed trades yet this run
  LIFETIME  139tr 44W 95L 32%  $+2.22
  FEES      no fills yet this run
  MARKET    bias +0.00  breadth +0.00
  ------------------------------------------------------------------------------------------------
 
04:37:12 | 
04:37:12 | ============================================================
04:37:12 | 📊 POSITION SUMMARY (8-MIN UPDATE)
04:37:12 | 💰 Equity: $252.22 | Unrealized: $-3.30
04:37:12 | 💵 Available: $233.88 | Locked: $18.34
04:37:12 | 📈 Session: $+1.28 (+0.5%)
04:37:12 | 🎯 Win Rate: Overall 32% | Session 0% | Open 0%
04:37:12 | ============================================================
04:37:12 | ============================================================
04:37:12 | 🔵 Book guard: $3.89 of $37.92 used this month on marked equity (10%, from $252.81) · realised today +0.00% [C497]
04:37:12 | ============================================================
04:37:12 | 
 
  04:45  up 4h56m  scan 0 ------------------------------------------------------------------------
  EQUITY    $248.79  unreal $-3.43
  OPEN      no intraday positions  book holds 8 (BOOK row)  free $233.88
  SHADOW    intraday M1 $265.08 (+5.08%)  M1g $254.66 (+0.95%)  2d paper only
  CARRY     $251.86 (-0.16%)  8 held  paper only
  BOOK      8 pos gross $95.22 (0.38x)  open $-3.43  funding $+0.01  vol 20% top 20
            rebal 2026-09-26
  SESSION   $+1.15 +0.47%  peak $248.92  dd 0.05%
  CURVE     =======================++++++++++++++
  MONTH     book guard $4.02 of $37.92 used  on marked equity  from $252.81  dial 15%
            ###.......................
  RECORD    no closed trades yet this run
  LIFETIME  139tr 44W 95L 32%  $+2.22
  FEES      no fills yet this run
  MARKET    bias +0.00  breadth +0.00
  ------------------------------------------------------------------------------------------------
 
04:45:12 | 
04:45:12 | ============================================================
04:45:12 | 📊 POSITION SUMMARY (8-MIN UPDATE)
04:45:12 | 💰 Equity: $252.22 | Unrealized: $-3.43
04:45:12 | 💵 Available: $233.88 | Locked: $18.34
04:45:12 | 📈 Session: $+1.15 (+0.5%)
04:45:12 | 🎯 Win Rate: Overall 32% | Session 0% | Open 0%
04:45:12 | ============================================================
04:45:12 | ============================================================
04:45:12 | 🔵 Book guard: $4.02 of $37.92 used this month on marked equity (11%, from $252.81) · realised today +0.00% [C497]
04:45:12 | ============================================================
04:45:12 | 
 
  04:53  up 5h04m  scan 0 ------------------------------------------------------------------------
  EQUITY    $248.68  unreal $-3.54
  OPEN      no intraday positions  book holds 8 (BOOK row)  free $233.88
  SHADOW    intraday M1 $265.08 (+5.08%)  M1g $254.66 (+0.95%)  2d paper only
  CARRY     $251.86 (-0.16%)  8 held  paper only
  BOOK      8 pos gross $95.20 (0.38x)  open $-3.54  funding $+0.01  vol 20% top 20
            rebal 2026-09-26
  SESSION   $+1.04 +0.42%  peak $248.92  dd 0.10%
  CURVE     =======================+++++++++++++++
  MONTH     book guard $4.13 of $37.92 used  on marked equity  from $252.81  dial 15%
            ###.......................
  RECORD    no closed trades yet this run
  LIFETIME  139tr 44W 95L 32%  $+2.22
  FEES      no fills yet this run
  MARKET    bias +0.00  breadth +0.00
  ------------------------------------------------------------------------------------------------
 
04:53:12 | 
04:53:12 | ============================================================
04:53:12 | 📊 POSITION SUMMARY (8-MIN UPDATE)
04:53:12 | 💰 Equity: $252.22 | Unrealized: $-3.54
04:53:12 | 💵 Available: $233.88 | Locked: $18.34
04:53:12 | 📈 Session: $+1.04 (+0.4%)
04:53:12 | 🎯 Win Rate: Overall 32% | Session 0% | Open 0%
04:53:12 | ============================================================
04:53:12 | ============================================================
04:53:12 | 🔵 Book guard: $4.13 of $37.92 used this month on marked equity (11%, from $252.81) · realised today +0.00% [C497]
04:53:12 | ============================================================
04:53:12 | 
 
  05:01  up 5h12m  scan 0 ------------------------------------------------------------------------
  EQUITY    $248.68  unreal $-3.54
  OPEN      no intraday positions  book holds 8 (BOOK row)  free $233.88
  SHADOW    intraday M1 $265.08 (+5.08%)  M1g $254.66 (+0.95%)  2d paper only
  CARRY     $251.86 (-0.16%)  8 held  paper only
  BOOK      8 pos gross $95.07 (0.38x)  open $-3.54  funding $+0.01  vol 20% top 20
            rebal 2026-09-26
  SESSION   $+1.04 +0.42%  peak $248.92  dd 0.10%
  CURVE     =======================++++++++++++++++
  MONTH     book guard $4.13 of $37.92 used  on marked equity  from $252.81  dial 15%
            ###.......................
  RECORD    no closed trades yet this run
  LIFETIME  139tr 44W 95L 32%  $+2.22
  FEES      no fills yet this run
  MARKET    bias +0.00  breadth +0.00
  ------------------------------------------------------------------------------------------------
 
05:01:12 | 
05:01:12 | ============================================================
05:01:12 | 📊 POSITION SUMMARY (8-MIN UPDATE)
05:01:12 | 💰 Equity: $252.22 | Unrealized: $-3.54
05:01:12 | 💵 Available: $233.88 | Locked: $18.34
05:01:12 | 📈 Session: $+1.04 (+0.4%)
05:01:12 | 🎯 Win Rate: Overall 32% | Session 0% | Open 0%
05:01:12 | ============================================================
05:01:12 | ============================================================
05:01:12 | 🔵 Book guard: $4.13 of $37.92 used this month on marked equity (11%, from $252.81) · realised today +0.00% [C497]
05:01:12 | ============================================================
05:01:12 | 
 
  05:09  up 5h20m  scan 0 ------------------------------------------------------------------------
  EQUITY    $248.72  unreal $-3.50
  OPEN      no intraday positions  book holds 8 (BOOK row)  free $233.88
  SHADOW    intraday M1 $265.08 (+5.08%)  M1g $254.66 (+0.95%)  2d paper only
  CARRY     $251.86 (-0.16%)  8 held  paper only
  BOOK      8 pos gross $95.06 (0.38x)  open $-3.50  funding $+0.01  vol 20% top 20
            rebal 2026-09-26
  SESSION   $+1.08 +0.44%  peak $248.92  dd 0.08%
  CURVE     =======================+++++++++++++++++
  MONTH     book guard $4.09 of $37.92 used  on marked equity  from $252.81  dial 15%
            ###.......................
  RECORD    no closed trades yet this run
  LIFETIME  139tr 44W 95L 32%  $+2.22
  FEES      no fills yet this run
  MARKET    bias +0.00  breadth +0.00
  ------------------------------------------------------------------------------------------------
 
05:09:13 | 
05:09:13 | ============================================================
05:09:13 | 📊 POSITION SUMMARY (8-MIN UPDATE)
05:09:13 | 💰 Equity: $252.22 | Unrealized: $-3.50
05:09:13 | 💵 Available: $233.88 | Locked: $18.34
05:09:13 | 📈 Session: $+1.08 (+0.4%)
05:09:13 | 🎯 Win Rate: Overall 32% | Session 0% | Open 0%
05:09:13 | ============================================================
05:09:13 | ============================================================
05:09:13 | 🔵 Book guard: $4.09 of $37.92 used this month on marked equity (11%, from $252.81) · realised today +0.00% [C497]
05:09:13 | ============================================================
05:09:13 | 
 
  05:17  up 5h28m  scan 0 ------------------------------------------------------------------------
  EQUITY    $248.82  unreal $-3.40
  OPEN      no intraday positions  book holds 8 (BOOK row)  free $233.88
  SHADOW    intraday M1 $265.08 (+5.08%)  M1g $254.66 (+0.95%)  2d paper only
  CARRY     $251.86 (-0.16%)  8 held  paper only
  BOOK      8 pos gross $95.09 (0.38x)  open $-3.40  funding $+0.01  vol 20% top 20
            rebal 2026-09-26
  SESSION   $+1.18 +0.48%  peak $248.92  dd 0.04%
  CURVE     =======================++++++++++++++++++
  MONTH     book guard $3.99 of $37.92 used  on marked equity  from $252.81  dial 15%
            ###.......................
  RECORD    no closed trades yet this run
  LIFETIME  139tr 44W 95L 32%  $+2.22
  FEES      no fills yet this run
  MARKET    bias +0.00  breadth +0.00
  ------------------------------------------------------------------------------------------------
 
05:17:14 | 
05:17:14 | ============================================================
05:17:14 | 📊 POSITION SUMMARY (8-MIN UPDATE)
05:17:14 | 💰 Equity: $252.22 | Unrealized: $-3.40
05:17:14 | 💵 Available: $233.88 | Locked: $18.34
05:17:14 | 📈 Session: $+1.18 (+0.5%)
05:17:14 | 🎯 Win Rate: Overall 32% | Session 0% | Open 0%
05:17:14 | ============================================================
05:17:14 | ============================================================
05:17:14 | 🔵 Book guard: $3.99 of $37.92 used this month on marked equity (11%, from $252.81) · realised today +0.00% [C497]
05:17:14 | ============================================================
05:17:14 | 
 
  05:25  up 5h36m  scan 0 ------------------------------------------------------------------------
  EQUITY    $248.86  unreal $-3.36
  OPEN      no intraday positions  book holds 8 (BOOK row)  free $233.88
  SHADOW    intraday M1 $265.08 (+5.08%)  M1g $254.66 (+0.95%)  2d paper only
  CARRY     $251.86 (-0.16%)  8 held  paper only
  BOOK      8 pos gross $95.22 (0.38x)  open $-3.37  funding $+0.01  vol 20% top 20
            rebal 2026-09-26
  SESSION   $+1.22 +0.49%  peak $248.92  dd 0.02%
  CURVE     =======================+++++++++++++++++++
  MONTH     book guard $3.95 of $37.92 used  on marked equity  from $252.81  dial 15%
            ###.......................
  RECORD    no closed trades yet this run
  LIFETIME  139tr 44W 95L 32%  $+2.22
  FEES      no fills yet this run
  MARKET    bias +0.00  breadth +0.00
  ------------------------------------------------------------------------------------------------
 
05:25:14 | 
05:25:14 | ============================================================
05:25:14 | 📊 POSITION SUMMARY (8-MIN UPDATE)
05:25:14 | 💰 Equity: $252.22 | Unrealized: $-3.36
05:25:14 | 💵 Available: $233.88 | Locked: $18.34
05:25:14 | 📈 Session: $+1.22 (+0.5%)
05:25:14 | 🎯 Win Rate: Overall 32% | Session 0% | Open 0%
05:25:14 | ============================================================
05:25:14 | ============================================================
05:25:14 | 🔵 Book guard: $3.95 of $37.92 used this month on marked equity (10%, from $252.81) · realised today +0.00% [C497]
05:25:14 | ============================================================
05:25:14 | 
05:32:43 |    👻 C489 shadow hour 00:00 UTC: 39 coins scored (warm-up (14, no flow)), gate shut | M1 $265.40 (+5.21%) M1g $254.52 (+0.89%) over 3d [17s]
 
  05:33  up 5h44m  scan 0 ------------------------------------------------------------------------
  EQUITY    $248.89  unreal $-3.33
  OPEN      no intraday positions  book holds 8 (BOOK row)  free $233.87
  SHADOW    intraday M1 $265.40 (+5.21%)  M1g $254.52 (+0.89%)  3d paper only
  CARRY     $251.86 (-0.16%)  8 held  paper only
  BOOK      8 pos gross $95.19 (0.38x)  open $-3.33  funding $+0.01  vol 20% top 20
            rebal 2026-09-26
  SESSION   $+1.25 +0.51%  peak $248.92  dd 0.01%
  CURVE     =======================++++++++++++++++++++
  MONTH     book guard $3.92 of $37.92 used  on marked equity  from $252.81  dial 15%
            ###.......................
  RECORD    no closed trades yet this run
  LIFETIME  139tr 44W 95L 32%  $+2.22
  FEES      no fills yet this run
  MARKET    bias +0.00  breadth +0.00
  ------------------------------------------------------------------------------------------------
 
05:33:15 | 
05:33:15 | ============================================================
05:33:15 | 📊 POSITION SUMMARY (8-MIN UPDATE)
05:33:15 | 💰 Equity: $252.22 | Unrealized: $-3.33
05:33:15 | 💵 Available: $233.87 | Locked: $18.34
05:33:15 | 📈 Session: $+1.25 (+0.5%)
05:33:15 | 🎯 Win Rate: Overall 32% | Session 0% | Open 0%
05:33:15 | ============================================================
05:33:15 | ============================================================
05:33:15 | 🔻 Book guard: $3.92 of $37.92 used this month on marked equity (10%, from $252.81) · realised today -0.00% [C497]
05:33:15 | ============================================================
05:33:15 | 
05:35:24 |    📋 C488 PLAN 2026-09-27: 40 candidates, 20 eligible, eq $248.86 | ETH +31.58 C1/C3, WLD -21.39 C1/C2/C3, SOL +20.66 C1/C3, PUMP -19.59 C2/C3, PEPE +13.21 C1/C2, LINK -12.96 C1/C2, UNI +11.75 C1/C2, NEAR +10.11 C1/C2, ZEC +9.88 C1/C3, TAO -8.67 C1/C3, ENA -7.73 C1/C3, ARB +6.69 C1/C2 | under $6: 8 (BTC +5.06, HYPE +3.35, XRP +3.20, DOGE +3.05, ADA +2.64, SUI +2.58, ONDO +2.03, TRUMP +1.86)
05:35:24 |    📋 C488 CANDIDATES (40 with history): 2Z AAVE ADA ARB ARK AVAX BCH BR BTC BTW DOGE DOT ENA ETH FIL HYPE INJ LINK LTC MARSCOIN MUBARAK NEAR ONDO PEPE PHA PUMP Q QNT RARE SEI SOL SUI TAO TRUMP UNI WLD XLM XPL XRP ZEC
05:35:24 |    💸 C364 market fill crossed the book: ENA sell @$0.269430 (0.19bp worse than mid, src=book)
05:35:24 | 📉 FILL: ENA SELL @$0.269430 | paper=True
05:35:24 |    💼 C488 daily: SELL ENA 29 @ $0.269430 ($7.81; fee $0.005) -> holding -29
05:35:24 |    💸 C364 market fill crossed the book: ETH buy @$2692.87 (0.02bp worse than mid, src=book)
05:35:24 | 📉 FILL: ETH BUY @$2692.87 | paper=True
05:35:24 |    💼 C488 daily: BUY ETH 0.01 @ $2692.87 ($26.93; fee $0.016) -> holding +0.01
05:35:24 |    💸 C364 market fill crossed the book: PUMP sell @$0.00439200 (3.41bp worse than mid, src=book)
05:35:24 | 📉 FILL: PUMP SELL @$0.00439200 | paper=True
05:35:24 |    💼 C488 daily: SELL PUMP 1417 @ $0.00439200 ($6.22; fee $0.004) -> holding -4463
05:35:24 |    💸 C364 market fill crossed the book: SOL buy @$121.13 (0.04bp worse than mid, src=book)
05:35:24 | 📉 FILL: SOL BUY @$121.13 | paper=True
05:35:24 |    💼 C488 daily: BUY SOL 0.1 @ $121.13 ($12.11; fee $0.007) -> holding +0.2
05:35:24 |    💸 C364 market fill crossed the book: TAO sell @$320.23 (0.47bp worse than mid, src=book)
05:35:24 | 📉 FILL: TAO SELL @$320.23 | paper=True
05:35:24 |    💼 C488 daily: SELL TAO 0.027 @ $320.23 ($8.65; fee $0.005) -> holding -0.027
05:35:24 |    💸 C364 market fill crossed the book: ZEC buy @$1642.71 (0.03bp worse than mid, src=book)
05:35:24 | 📉 FILL: ZEC BUY @$1642.71 | paper=True
05:35:24 |    💼 C488 daily: BUY ZEC 0.006 @ $1642.71 ($9.86; fee $0.006) -> holding +0.006
05:35:24 | 💼 C488 REBALANCE (daily): 12 positions targeted, gross 0.70x of $248.86, 6 trades $71.58, top 20, vol target 20.0% [17s]
05:40:21 |    💱 C490 carry (paper ledger) 2026-09-27: day +0.17 -> $252.03 (-0.09%) | 8 held, 13 of 37 eligible above 10%/yr [18s]
 
  05:41  up 5h52m  scan 0 ------------------------------------------------------------------------
  EQUITY    $248.68  unreal $-3.49
  OPEN      no intraday positions  book holds 12 (BOOK row)  free $219.52
  SHADOW    intraday M1 $265.40 (+5.21%)  M1g $254.52 (+0.89%)  3d paper only
  CARRY     $252.03 (-0.09%)  8 held  paper only
  BOOK      12 pos gross $166.74 (0.67x)  open $-3.49  funding $+0.01  vol 20% top 20
            rebal 2026-09-27
  SESSION   $+1.04 +0.42%  peak $248.92  dd 0.10%
  CURVE     =======================+++++++++++++++++++++
  MONTH     book guard $4.13 of $37.92 used  on marked equity  from $252.81  dial 15%
            ###.......................
  RECORD    no closed trades yet this run
  LIFETIME  139tr 44W 95L 32%  $+2.17
  FEES      no fills yet this run
  MARKET    bias +0.00  breadth +0.00
  ------------------------------------------------------------------------------------------------
 
05:41:16 | 
05:41:16 | ============================================================
05:41:16 | 📊 POSITION SUMMARY (8-MIN UPDATE)
05:41:16 | 💰 Equity: $252.17 | Unrealized: $-3.49
05:41:16 | 💵 Available: $219.52 | Locked: $32.66
05:41:16 | 📈 Session: $+1.04 (+0.4%)
05:41:16 | 🎯 Win Rate: Overall 32% | Session 0% | Open 0%
05:41:16 | ============================================================
05:41:16 | ============================================================
05:41:16 | 🔻 Book guard: $4.13 of $37.92 used this month on marked equity (11%, from $252.81) · realised today -0.02% [C497]
05:41:16 | ============================================================
05:41:16 | 
 
  05:49  up 6h00m  scan 0 ------------------------------------------------------------------------
  EQUITY    $248.42  unreal $-3.75
  OPEN      no intraday positions  book holds 12 (BOOK row)  free $219.52
  SHADOW    intraday M1 $265.40 (+5.21%)  M1g $254.52 (+0.89%)  3d paper only
  CARRY     $252.03 (-0.09%)  8 held  paper only
  BOOK      12 pos gross $166.66 (0.67x)  open $-3.75  funding $+0.01  vol 20% top 20
            rebal 2026-09-27
  SESSION   $+0.78 +0.32%  peak $248.92  dd 0.20%
  CURVE     =======================++++++++++++++++++++++
  MONTH     book guard $4.39 of $37.92 used  on marked equity  from $252.81  dial 15%
            ###.......................
  RECORD    no closed trades yet this run
  LIFETIME  139tr 44W 95L 32%  $+2.17
  FEES      no fills yet this run
  MARKET    bias +0.00  breadth +0.00
  ------------------------------------------------------------------------------------------------
 
05:49:16 | 
05:49:16 | ============================================================
05:49:16 | 📊 POSITION SUMMARY (8-MIN UPDATE)
05:49:16 | 💰 Equity: $252.17 | Unrealized: $-3.75
05:49:16 | 💵 Available: $219.52 | Locked: $32.66
05:49:16 | 📈 Session: $+0.78 (+0.3%)
05:49:16 | 🎯 Win Rate: Overall 32% | Session 0% | Open 0%
05:49:16 | ============================================================
05:49:16 | ============================================================
05:49:16 | 🔻 Book guard: $4.39 of $37.92 used this month on marked equity (12%, from $252.81) · realised today -0.02% [C497]
05:49:16 | ============================================================
05:49:16 | 
 
  05:57  up 6h08m  scan 0 ------------------------------------------------------------------------
  EQUITY    $248.55  unreal $-3.62
  OPEN      no intraday positions  book holds 12 (BOOK row)  free $219.52
  SHADOW    intraday M1 $265.40 (+5.21%)  M1g $254.52 (+0.89%)  3d paper only
  CARRY     $252.03 (-0.09%)  8 held  paper only
  BOOK      12 pos gross $166.93 (0.67x)  open $-3.62  funding $+0.01  vol 20% top 20
            rebal 2026-09-27
  SESSION   $+0.91 +0.37%  peak $248.92  dd 0.15%
  CURVE     =======================+++++++++++++++++++++++
  MONTH     book guard $4.26 of $37.92 used  on marked equity  from $252.81  dial 15%
            ###.......................
  RECORD    no closed trades yet this run
  LIFETIME  139tr 44W 95L 32%  $+2.17
  FEES      no fills yet this run
  MARKET    bias +0.00  breadth +0.00
  ------------------------------------------------------------------------------------------------
 
05:57:17 | 
05:57:17 | ============================================================
05:57:17 | 📊 POSITION SUMMARY (8-MIN UPDATE)
05:57:17 | 💰 Equity: $252.17 | Unrealized: $-3.62
05:57:17 | 💵 Available: $219.52 | Locked: $32.66
05:57:17 | 📈 Session: $+0.91 (+0.4%)
05:57:17 | 🎯 Win Rate: Overall 32% | Session 0% | Open 0%
05:57:17 | ============================================================
05:57:17 | ============================================================
05:57:17 | 🔻 Book guard: $4.26 of $37.92 used this month on marked equity (11%, from $252.81) · realised today -0.02% [C497]
05:57:17 | ============================================================
05:57:17 | 
 
  06:05  up 6h16m  scan 0 ------------------------------------------------------------------------
  EQUITY    $248.86  unreal $-3.31
  OPEN      no intraday positions  book holds 12 (BOOK row)  free $219.52
  SHADOW    intraday M1 $265.40 (+5.21%)  M1g $254.52 (+0.89%)  3d paper only
  CARRY     $252.03 (-0.09%)  8 held  paper only
  BOOK      12 pos gross $167.23 (0.67x)  open $-3.31  funding $+0.01  vol 20% top 20
            rebal 2026-09-27
  SESSION   $+1.22 +0.49%  peak $248.92  dd 0.02%
  CURVE     =======================++++++++++++++++++++++++
  MONTH     book guard $3.95 of $37.92 used  on marked equity  from $252.81  dial 15%
            ###.......................
  RECORD    no closed trades yet this run
  LIFETIME  139tr 44W 95L 32%  $+2.17
  FEES      no fills yet this run
  MARKET    bias +0.00  breadth +0.00
  ------------------------------------------------------------------------------------------------
 
06:05:18 | 
06:05:18 | ============================================================
06:05:18 | 📊 POSITION SUMMARY (8-MIN UPDATE)
06:05:18 | 💰 Equity: $252.17 | Unrealized: $-3.31
06:05:18 | 💵 Available: $219.52 | Locked: $32.66
06:05:18 | 📈 Session: $+1.22 (+0.5%)
06:05:18 | 🎯 Win Rate: Overall 32% | Session 0% | Open 0%
06:05:18 | ============================================================
06:05:18 | ============================================================
06:05:18 | 🔻 Book guard: $3.95 of $37.92 used this month on marked equity (10%, from $252.81) · realised today -0.02% [C497]
06:05:18 | ============================================================
06:05:18 | 
 
  06:13  up 6h24m  scan 0 ------------------------------------------------------------------------
  EQUITY    $248.89  unreal $-3.28
  OPEN      no intraday positions  book holds 12 (BOOK row)  free $219.52
  SHADOW    intraday M1 $265.40 (+5.21%)  M1g $254.52 (+0.89%)  3d paper only
  CARRY     $252.03 (-0.09%)  8 held  paper only
  BOOK      12 pos gross $167.01 (0.67x)  open $-3.28  funding $+0.01  vol 20% top 20
            rebal 2026-09-27
  SESSION   $+1.25 +0.51%  peak $248.92  dd 0.01%
  CURVE     =======================+++++++++++++++++++++++++
  MONTH     book guard $3.92 of $37.92 used  on marked equity  from $252.81  dial 15%
            ###.......................
  RECORD    no closed trades yet this run
  LIFETIME  139tr 44W 95L 32%  $+2.17
  FEES      no fills yet this run
  MARKET    bias +0.00  breadth +0.00
  ------------------------------------------------------------------------------------------------
 
06:13:18 | 
06:13:18 | ============================================================
06:13:18 | 📊 POSITION SUMMARY (8-MIN UPDATE)
06:13:18 | 💰 Equity: $252.17 | Unrealized: $-3.28
06:13:18 | 💵 Available: $219.52 | Locked: $32.66
06:13:18 | 📈 Session: $+1.25 (+0.5%)
06:13:18 | 🎯 Win Rate: Overall 32% | Session 0% | Open 0%
06:13:18 | ============================================================
06:13:18 | ============================================================
06:13:18 | 🔻 Book guard: $3.92 of $37.92 used this month on marked equity (10%, from $252.81) · realised today -0.02% [C497]
06:13:18 | ============================================================
06:13:18 | 
 
  06:21  up 6h32m  scan 0 ------------------------------------------------------------------------
  EQUITY    $248.95  unreal $-3.22
  OPEN      no intraday positions  book holds 12 (BOOK row)  free $219.52
  SHADOW    intraday M1 $265.40 (+5.21%)  M1g $254.52 (+0.89%)  3d paper only
  CARRY     $252.03 (-0.09%)  8 held  paper only
  BOOK      12 pos gross $166.68 (0.67x)  open $-3.22  funding $+0.01  vol 20% top 20
            rebal 2026-09-27
  SESSION   $+1.31 +0.53%
  CURVE     =======================++++++++++++++++++++++++++
  MONTH     book guard $3.86 of $37.92 used  on marked equity  from $252.81  dial 15%
            ###.......................
  RECORD    no closed trades yet this run
  LIFETIME  139tr 44W 95L 32%  $+2.17
  FEES      no fills yet this run
  MARKET    bias +0.00  breadth +0.00
  ------------------------------------------------------------------------------------------------
 
06:21:18 | 
06:21:18 | ============================================================
06:21:18 | 📊 POSITION SUMMARY (8-MIN UPDATE)
06:21:18 | 💰 Equity: $252.17 | Unrealized: $-3.22
06:21:18 | 💵 Available: $219.52 | Locked: $32.66
06:21:18 | 📈 Session: $+1.31 (+0.5%)
06:21:18 | 🎯 Win Rate: Overall 32% | Session 0% | Open 0%
06:21:18 | ============================================================
06:21:18 | ============================================================
06:21:18 | 🔻 Book guard: $3.86 of $37.92 used this month on marked equity (10%, from $252.81) · realised today -0.02% [C497]
06:21:18 | ============================================================
06:21:18 | 
 
  06:29  up 6h40m  scan 0 ------------------------------------------------------------------------
  EQUITY    $249.16  unreal $-3.01
  OPEN      no intraday positions  book holds 12 (BOOK row)  free $219.52
  SHADOW    intraday M1 $265.40 (+5.21%)  M1g $254.52 (+0.89%)  3d paper only
  CARRY     $252.03 (-0.09%)  8 held  paper only
  BOOK      12 pos gross $166.72 (0.67x)  open $-3.01  funding $+0.01  vol 20% top 20
            rebal 2026-09-27
  SESSION   $+1.52 +0.62%
  CURVE     =======================+++++++++++++++++++++++++++
  MONTH     book guard $3.65 of $37.92 used  on marked equity  from $252.81  dial 15%
            ###.......................
  RECORD    no closed trades yet this run
  LIFETIME  139tr 44W 95L 32%  $+2.17
  FEES      no fills yet this run
  MARKET    bias +0.00  breadth +0.00
  ------------------------------------------------------------------------------------------------
 
06:29:19 | 
06:29:19 | ============================================================
06:29:19 | 📊 POSITION SUMMARY (8-MIN UPDATE)
06:29:19 | 💰 Equity: $252.17 | Unrealized: $-3.01
06:29:19 | 💵 Available: $219.52 | Locked: $32.66
06:29:19 | 📈 Session: $+1.52 (+0.6%)
06:29:19 | 🎯 Win Rate: Overall 32% | Session 0% | Open 0%
06:29:19 | ============================================================
06:29:19 | ============================================================
06:29:19 | 🔻 Book guard: $3.65 of $37.92 used this month on marked equity (10%, from $252.81) · realised today -0.02% [C497]
06:29:19 | ============================================================
06:29:19 | 
06:32:37 |    👻 C489 shadow hour 01:00 UTC: 39 coins scored (warm-up (14, no flow)), gate shut | M1 $264.37 (+4.80%) M1g $254.52 (+0.89%) over 3d [16s]
 
  06:37  up 6h48m  scan 0 ------------------------------------------------------------------------
  EQUITY    $249.30  unreal $-2.87
  OPEN      no intraday positions  book holds 12 (BOOK row)  free $219.52
  SHADOW    intraday M1 $264.37 (+4.80%)  M1g $254.52 (+0.89%)  3d paper only
  CARRY     $252.03 (-0.09%)  8 held  paper only
  BOOK      12 pos gross $166.55 (0.67x)  open $-2.87  funding $+0.01  vol 20% top 20
            rebal 2026-09-27
  SESSION   $+1.66 +0.67%
  CURVE     =======================+++++++++++++++++++++=++++++
  MONTH     book guard $3.51 of $37.92 used  on marked equity  from $252.81  dial 15%
            ##........................
  RECORD    no closed trades yet this run
  LIFETIME  139tr 44W 95L 32%  $+2.17
  FEES      no fills yet this run
  MARKET    bias +0.00  breadth +0.00
  ------------------------------------------------------------------------------------------------
 
06:37:19 | 
06:37:19 | ============================================================
06:37:19 | 📊 POSITION SUMMARY (8-MIN UPDATE)
06:37:19 | 💰 Equity: $252.17 | Unrealized: $-2.87
06:37:19 | 💵 Available: $219.52 | Locked: $32.66
06:37:19 | 📈 Session: $+1.66 (+0.7%)
06:37:19 | 🎯 Win Rate: Overall 32% | Session 0% | Open 0%
06:37:19 | ============================================================
06:37:19 | ============================================================
06:37:19 | 🔻 Book guard: $3.51 of $37.92 used this month on marked equity (9%, from $252.81) · realised today -0.02% [C497]
06:37:19 | ============================================================
06:37:19 | 
 
  06:45  up 6h56m  scan 0 ------------------------------------------------------------------------
  EQUITY    $249.04  unreal $-3.13
  OPEN      no intraday positions  book holds 12 (BOOK row)  free $219.52
  SHADOW    intraday M1 $264.37 (+4.80%)  M1g $254.52 (+0.89%)  3d paper only
  CARRY     $252.03 (-0.09%)  8 held  paper only
  BOOK      12 pos gross $167.31 (0.67x)  open $-3.13  funding $+0.01  vol 20% top 20
            rebal 2026-09-27
  SESSION   $+1.40 +0.57%  peak $249.30  dd 0.10%
  CURVE     =======================+++++++++++++++++++++=+++++++
  MONTH     book guard $3.77 of $37.92 used  on marked equity  from $252.81  dial 15%
            ###.......................
  RECORD    no closed trades yet this run
  LIFETIME  139tr 44W 95L 32%  $+2.17
  FEES      no fills yet this run
  MARKET    bias +0.00  breadth +0.00
  ------------------------------------------------------------------------------------------------
 
06:45:19 | 
06:45:19 | ============================================================
06:45:19 | 📊 POSITION SUMMARY (8-MIN UPDATE)
06:45:19 | 💰 Equity: $252.17 | Unrealized: $-3.13
06:45:19 | 💵 Available: $219.52 | Locked: $32.66
06:45:19 | 📈 Session: $+1.40 (+0.6%)
06:45:19 | 🎯 Win Rate: Overall 32% | Session 0% | Open 0%
06:45:19 | ============================================================
06:45:19 | ============================================================
06:45:19 | 🔻 Book guard: $3.77 of $37.92 used this month on marked equity (10%, from $252.81) · realised today -0.02% [C497]
06:45:19 | ============================================================
06:45:19 | 
 
  06:53  up 7h04m  scan 0 ------------------------------------------------------------------------
  EQUITY    $249.05  unreal $-3.12
  OPEN      no intraday positions  book holds 12 (BOOK row)  free $219.52
  SHADOW    intraday M1 $264.37 (+4.80%)  M1g $254.52 (+0.89%)  3d paper only
  CARRY     $252.03 (-0.09%)  8 held  paper only
  BOOK      12 pos gross $166.67 (0.67x)  open $-3.12  funding $+0.01  vol 20% top 20
            rebal 2026-09-27
  SESSION   $+1.41 +0.57%  peak $249.30  dd 0.10%
  CURVE     =======================+++++++++++++++++++++=++++++++
  MONTH     book guard $3.76 of $37.92 used  on marked equity  from $252.81  dial 15%
            ###.......................
  RECORD    no closed trades yet this run
  LIFETIME  139tr 44W 95L 32%  $+2.17
  FEES      no fills yet this run
  MARKET    bias +0.00  breadth +0.00
  ------------------------------------------------------------------------------------------------
 
06:53:19 | 
06:53:19 | ============================================================
06:53:19 | 📊 POSITION SUMMARY (8-MIN UPDATE)
06:53:19 | 💰 Equity: $252.17 | Unrealized: $-3.12
06:53:19 | 💵 Available: $219.52 | Locked: $32.66
06:53:19 | 📈 Session: $+1.41 (+0.6%)
06:53:19 | 🎯 Win Rate: Overall 32% | Session 0% | Open 0%
06:53:19 | ============================================================
06:53:19 | ============================================================
06:53:19 | 🔻 Book guard: $3.76 of $37.92 used this month on marked equity (10%, from $252.81) · realised today -0.02% [C497]
06:53:19 | ============================================================
06:53:19 | 
 
  07:01  up 7h12m  scan 0 ------------------------------------------------------------------------
  EQUITY    $249.15  unreal $-3.02
  OPEN      no intraday positions  book holds 12 (BOOK row)  free $219.52
  SHADOW    intraday M1 $264.37 (+4.80%)  M1g $254.52 (+0.89%)  3d paper only
  CARRY     $252.03 (-0.09%)  8 held  paper only
  BOOK      12 pos gross $166.60 (0.67x)  open $-3.02  funding $+0.01  vol 20% top 20
            rebal 2026-09-27
  SESSION   $+1.51 +0.61%  peak $249.30  dd 0.06%
  CURVE     =======================+++++++++++++++++++++=+++++++++
  MONTH     book guard $3.66 of $37.92 used  on marked equity  from $252.81  dial 15%
            ###.......................
  RECORD    no closed trades yet this run
  LIFETIME  139tr 44W 95L 32%  $+2.17
  FEES      no fills yet this run
  MARKET    bias +0.00  breadth +0.00
  ------------------------------------------------------------------------------------------------
 
07:01:20 | 
07:01:20 | ============================================================
07:01:20 | 📊 POSITION SUMMARY (8-MIN UPDATE)
07:01:20 | 💰 Equity: $252.17 | Unrealized: $-3.02
07:01:20 | 💵 Available: $219.52 | Locked: $32.66
07:01:20 | 📈 Session: $+1.51 (+0.6%)
07:01:20 | 🎯 Win Rate: Overall 32% | Session 0% | Open 0%
07:01:20 | ============================================================
07:01:20 | ============================================================
07:01:20 | 🔻 Book guard: $3.66 of $37.92 used this month on marked equity (10%, from $252.81) · realised today -0.02% [C497]
07:01:20 | ============================================================
07:01:20 | 
 
  07:09  up 7h20m  scan 0 ------------------------------------------------------------------------
  EQUITY    $249.03  unreal $-3.14
  OPEN      no intraday positions  book holds 12 (BOOK row)  free $219.52
  SHADOW    intraday M1 $264.37 (+4.80%)  M1g $254.52 (+0.89%)  3d paper only
  CARRY     $252.03 (-0.09%)  8 held  paper only
  BOOK      12 pos gross $166.72 (0.67x)  open $-3.14  funding $+0.01  vol 20% top 20
            rebal 2026-09-27
  SESSION   $+1.39 +0.56%  peak $249.30  dd 0.11%
  CURVE     =======================+++++++++++++++++++++=++++++++++
  MONTH     book guard $3.78 of $37.92 used  on marked equity  from $252.81  dial 15%
            ###.......................
  RECORD    no closed trades yet this run
  LIFETIME  139tr 44W 95L 32%  $+2.17
  FEES      no fills yet this run
  MARKET    bias +0.00  breadth +0.00
  ------------------------------------------------------------------------------------------------
 
07:09:20 | 
07:09:20 | ============================================================
07:09:20 | 📊 POSITION SUMMARY (8-MIN UPDATE)
07:09:20 | 💰 Equity: $252.17 | Unrealized: $-3.14
07:09:20 | 💵 Available: $219.52 | Locked: $32.66
07:09:20 | 📈 Session: $+1.39 (+0.6%)
07:09:20 | 🎯 Win Rate: Overall 32% | Session 0% | Open 0%
07:09:20 | ============================================================
07:09:20 | ============================================================
07:09:20 | 🔻 Book guard: $3.78 of $37.92 used this month on marked equity (10%, from $252.81) · realised today -0.02% [C497]
07:09:20 | ============================================================
07:09:20 | 
 
  07:17  up 7h28m  scan 0 ------------------------------------------------------------------------
  EQUITY    $249.08  unreal $-3.09
  OPEN      no intraday positions  book holds 12 (BOOK row)  free $219.52
  SHADOW    intraday M1 $264.37 (+4.80%)  M1g $254.52 (+0.89%)  3d paper only
  CARRY     $252.03 (-0.09%)  8 held  paper only
  BOOK      12 pos gross $167.10 (0.67x)  open $-3.09  funding $+0.01  vol 20% top 20
            rebal 2026-09-27
  SESSION   $+1.44 +0.58%  peak $249.30  dd 0.09%
  CURVE     =======================+++++++++++++++++++++=+++++++++++
  MONTH     book guard $3.73 of $37.92 used  on marked equity  from $252.81  dial 15%
            ###.......................
  RECORD    no closed trades yet this run
  LIFETIME  139tr 44W 95L 32%  $+2.17
  FEES      no fills yet this run
  MARKET    bias +0.00  breadth +0.00
  ------------------------------------------------------------------------------------------------
 
07:17:21 | 
07:17:21 | ============================================================
07:17:21 | 📊 POSITION SUMMARY (8-MIN UPDATE)
07:17:21 | 💰 Equity: $252.17 | Unrealized: $-3.09
07:17:21 | 💵 Available: $219.52 | Locked: $32.66
07:17:21 | 📈 Session: $+1.44 (+0.6%)
07:17:21 | 🎯 Win Rate: Overall 32% | Session 0% | Open 0%
07:17:21 | ============================================================
07:17:21 | ============================================================
07:17:21 | 🔻 Book guard: $3.73 of $37.92 used this month on marked equity (10%, from $252.81) · realised today -0.02% [C497]
07:17:21 | ============================================================
07:17:21 | 
 
  07:25  up 7h36m  scan 0 ------------------------------------------------------------------------
  EQUITY    $249.05  unreal $-3.12
  OPEN      no intraday positions  book holds 12 (BOOK row)  free $219.52
  SHADOW    intraday M1 $264.37 (+4.80%)  M1g $254.52 (+0.89%)  3d paper only
  CARRY     $252.03 (-0.09%)  8 held  paper only
  BOOK      12 pos gross $167.80 (0.67x)  open $-3.12  funding $+0.01  vol 20% top 20
            rebal 2026-09-27
  SESSION   $+1.41 +0.57%  peak $249.30  dd 0.10%
  CURVE     =======================+++++++++++++++++++++=++++++++++++
  MONTH     book guard $3.76 of $37.92 used  on marked equity  from $252.81  dial 15%
            ###.......................
  RECORD    no closed trades yet this run
  LIFETIME  139tr 44W 95L 32%  $+2.17
  FEES      no fills yet this run
  MARKET    bias +0.00  breadth +0.00
  ------------------------------------------------------------------------------------------------
 
07:25:21 | 
07:25:21 | ============================================================
07:25:21 | 📊 POSITION SUMMARY (8-MIN UPDATE)
07:25:21 | 💰 Equity: $252.17 | Unrealized: $-3.12
07:25:21 | 💵 Available: $219.52 | Locked: $32.66
07:25:21 | 📈 Session: $+1.41 (+0.6%)
07:25:21 | 🎯 Win Rate: Overall 32% | Session 0% | Open 0%
07:25:21 | ============================================================
07:25:21 | ============================================================
07:25:21 | 🔻 Book guard: $3.76 of $37.92 used this month on marked equity (10%, from $252.81) · realised today -0.02% [C497]
07:25:21 | ============================================================
07:25:21 | 
07:32:42 |    👻 C489 shadow hour 02:00 UTC: 38 coins scored (warm-up (14, no flow)), gate shut | M1 $263.83 (+4.59%) M1g $254.52 (+0.89%) over 3d [17s]
 
  07:33  up 7h44m  scan 0 ------------------------------------------------------------------------
  EQUITY    $249.02  unreal $-3.15
  OPEN      no intraday positions  book holds 12 (BOOK row)  free $219.52
  SHADOW    intraday M1 $263.83 (+4.59%)  M1g $254.52 (+0.89%)  3d paper only
  CARRY     $252.03 (-0.09%)  8 held  paper only
  BOOK      12 pos gross $167.76 (0.67x)  open $-3.15  funding $+0.01  vol 20% top 20
            rebal 2026-09-27
  SESSION   $+1.38 +0.56%  peak $249.30  dd 0.11%
  CURVE     =======================+++++++++++++++++++++=+++++++++++++
  MONTH     book guard $3.79 of $37.92 used  on marked equity  from $252.81  dial 15%
            ###.......................
  RECORD    no closed trades yet this run
  LIFETIME  139tr 44W 95L 32%  $+2.17
  FEES      no fills yet this run
  MARKET    bias +0.00  breadth +0.00
  ------------------------------------------------------------------------------------------------
 
07:33:22 | 
07:33:22 | ============================================================
07:33:22 | 📊 POSITION SUMMARY (8-MIN UPDATE)
07:33:22 | 💰 Equity: $252.17 | Unrealized: $-3.15
07:33:22 | 💵 Available: $219.52 | Locked: $32.66
07:33:22 | 📈 Session: $+1.38 (+0.6%)
07:33:22 | 🎯 Win Rate: Overall 32% | Session 0% | Open 0%
07:33:22 | ============================================================
07:33:22 | ============================================================
07:33:22 | 🔻 Book guard: $3.79 of $37.92 used this month on marked equity (10%, from $252.81) · realised today -0.02% [C497]
07:33:22 | ============================================================
07:33:22 | 
 
  07:41  up 7h52m  scan 0 ------------------------------------------------------------------------
  EQUITY    $249.19  unreal $-2.98
  OPEN      no intraday positions  book holds 12 (BOOK row)  free $219.52
  SHADOW    intraday M1 $263.83 (+4.59%)  M1g $254.52 (+0.89%)  3d paper only
  CARRY     $252.03 (-0.09%)  8 held  paper only
  BOOK      12 pos gross $167.96 (0.67x)  open $-2.98  funding $+0.01  vol 20% top 20
            rebal 2026-09-27
  SESSION   $+1.55 +0.63%  peak $249.30  dd 0.04%
  CURVE     =======================+++++++++++++++++++++=++++++++++++++
  MONTH     book guard $3.62 of $37.92 used  on marked equity  from $252.81  dial 15%
            ##........................
  RECORD    no closed trades yet this run
  LIFETIME  139tr 44W 95L 32%  $+2.17
  FEES      no fills yet this run
  MARKET    bias +0.00  breadth +0.00
  ------------------------------------------------------------------------------------------------
 
07:41:22 | 
07:41:22 | ============================================================
07:41:22 | 📊 POSITION SUMMARY (8-MIN UPDATE)
07:41:22 | 💰 Equity: $252.17 | Unrealized: $-2.98
07:41:22 | 💵 Available: $219.52 | Locked: $32.66
07:41:22 | 📈 Session: $+1.55 (+0.6%)
07:41:22 | 🎯 Win Rate: Overall 32% | Session 0% | Open 0%
07:41:22 | ============================================================
07:41:22 | ============================================================
07:41:22 | 🔻 Book guard: $3.62 of $37.92 used this month on marked equity (10%, from $252.81) · realised today -0.02% [C497]
07:41:22 | ============================================================
07:41:22 | 
 
  07:49  up 8h00m  scan 0 ------------------------------------------------------------------------
  EQUITY    $248.95  unreal $-3.22
  OPEN      no intraday positions  book holds 12 (BOOK row)  free $219.52
  SHADOW    intraday M1 $263.83 (+4.59%)  M1g $254.52 (+0.89%)  3d paper only
  CARRY     $252.03 (-0.09%)  8 held  paper only
  BOOK      12 pos gross $167.83 (0.67x)  open $-3.23  funding $+0.01  vol 20% top 20
            rebal 2026-09-27
  SESSION   $+1.31 +0.53%  peak $249.30  dd 0.14%
  CURVE     =======================+++++++++++++++++++++=+++++++++++++++
  MONTH     book guard $3.86 of $37.92 used  on marked equity  from $252.81  dial 15%
            ###.......................
  RECORD    no closed trades yet this run
  LIFETIME  139tr 44W 95L 32%  $+2.17
  FEES      no fills yet this run
  MARKET    bias +0.00  breadth +0.00
  ------------------------------------------------------------------------------------------------
 
07:49:22 | 
07:49:22 | ============================================================
07:49:22 | 📊 POSITION SUMMARY (8-MIN UPDATE)
07:49:22 | 💰 Equity: $252.17 | Unrealized: $-3.22
07:49:22 | 💵 Available: $219.52 | Locked: $32.66
07:49:22 | 📈 Session: $+1.31 (+0.5%)
07:49:22 | 🎯 Win Rate: Overall 32% | Session 0% | Open 0%
07:49:22 | ============================================================
07:49:22 | ============================================================
07:49:22 | 🔻 Book guard: $3.86 of $37.92 used this month on marked equity (10%, from $252.81) · realised today -0.02% [C497]
07:49:22 | ============================================================
07:49:22 | 
 
  07:57  up 8h08m  scan 0 ------------------------------------------------------------------------
  EQUITY    $248.98  unreal $-3.19
  OPEN      no intraday positions  book holds 12 (BOOK row)  free $219.52
  SHADOW    intraday M1 $263.83 (+4.59%)  M1g $254.52 (+0.89%)  3d paper only
  CARRY     $252.03 (-0.09%)  8 held  paper only
  BOOK      12 pos gross $167.76 (0.67x)  open $-3.19  funding $+0.01  vol 20% top 20
            rebal 2026-09-27
  SESSION   $+1.34 +0.54%  peak $249.30  dd 0.13%
  CURVE     =======================+++++++++++++++++++++=++++++++++++++++
  MONTH     book guard $3.83 of $37.92 used  on marked equity  from $252.81  dial 15%
            ###.......................
  RECORD    no closed trades yet this run
  LIFETIME  139tr 44W 95L 32%  $+2.17
  FEES      no fills yet this run
  MARKET    bias +0.00  breadth +0.00
  ------------------------------------------------------------------------------------------------
 
07:57:23 | 
07:57:23 | ============================================================
07:57:23 | 📊 POSITION SUMMARY (8-MIN UPDATE)
07:57:23 | 💰 Equity: $252.17 | Unrealized: $-3.19
07:57:23 | 💵 Available: $219.52 | Locked: $32.66
07:57:23 | 📈 Session: $+1.34 (+0.5%)
07:57:23 | 🎯 Win Rate: Overall 32% | Session 0% | Open 0%
07:57:23 | ============================================================
07:57:23 | ============================================================
07:57:23 | 🔻 Book guard: $3.83 of $37.92 used this month on marked equity (10%, from $252.81) · realised today -0.02% [C497]
07:57:23 | ============================================================
07:57:23 | 
 
  08:05  up 8h16m  scan 0 ------------------------------------------------------------------------
  EQUITY    $248.82  unreal $-3.35
  OPEN      no intraday positions  book holds 12 (BOOK row)  free $219.52
  SHADOW    intraday M1 $263.83 (+4.59%)  M1g $254.52 (+0.89%)  3d paper only
  CARRY     $252.03 (-0.09%)  8 held  paper only
  BOOK      12 pos gross $167.73 (0.67x)  open $-3.35  funding $+0.01  vol 20% top 20
            rebal 2026-09-27
  SESSION   $+1.18 +0.48%  peak $249.30  dd 0.19%
  CURVE     =======================+++++++++++++++++++++=+++++++++++++++++
  MONTH     book guard $3.99 of $37.92 used  on marked equity  from $252.81  dial 15%
            ###.......................
  RECORD    no closed trades yet this run
  LIFETIME  139tr 44W 95L 32%  $+2.17
  FEES      no fills yet this run
  MARKET    bias +0.00  breadth +0.00
  ------------------------------------------------------------------------------------------------
 
08:05:23 | 
08:05:23 | ============================================================
08:05:23 | 📊 POSITION SUMMARY (8-MIN UPDATE)
08:05:23 | 💰 Equity: $252.17 | Unrealized: $-3.35
08:05:23 | 💵 Available: $219.52 | Locked: $32.66
08:05:23 | 📈 Session: $+1.18 (+0.5%)
08:05:23 | 🎯 Win Rate: Overall 32% | Session 0% | Open 0%
08:05:23 | ============================================================
08:05:23 | ============================================================
08:05:23 | 🔻 Book guard: $3.99 of $37.92 used this month on marked equity (11%, from $252.81) · realised today -0.02% [C497]
08:05:23 | ============================================================
08:05:23 | 
 
  08:13  up 8h24m  scan 0 ------------------------------------------------------------------------
  EQUITY    $248.73  unreal $-3.44
  OPEN      no intraday positions  book holds 12 (BOOK row)  free $219.52
  SHADOW    intraday M1 $263.83 (+4.59%)  M1g $254.52 (+0.89%)  3d paper only
  CARRY     $252.03 (-0.09%)  8 held  paper only
  BOOK      12 pos gross $167.65 (0.67x)  open $-3.44  funding $+0.01  vol 20% top 20
            rebal 2026-09-27
  SESSION   $+1.09 +0.44%  peak $249.30  dd 0.23%
  CURVE     =======================+++++++++++++++++++++=++++++++++++++++++
  MONTH     book guard $4.08 of $37.92 used  on marked equity  from $252.81  dial 15%
            ###.......................
  RECORD    no closed trades yet this run
  LIFETIME  139tr 44W 95L 32%  $+2.17
  FEES      no fills yet this run
  MARKET    bias +0.00  breadth +0.00
  ------------------------------------------------------------------------------------------------
 
08:13:23 | 
08:13:23 | ============================================================
08:13:23 | 📊 POSITION SUMMARY (8-MIN UPDATE)
08:13:23 | 💰 Equity: $252.17 | Unrealized: $-3.44
08:13:23 | 💵 Available: $219.52 | Locked: $32.66
08:13:23 | 📈 Session: $+1.09 (+0.4%)
08:13:23 | 🎯 Win Rate: Overall 32% | Session 0% | Open 0%
08:13:23 | ============================================================
08:13:23 | ============================================================
08:13:23 | 🔻 Book guard: $4.08 of $37.92 used this month on marked equity (11%, from $252.81) · realised today -0.02% [C497]
08:13:23 | ============================================================
08:13:23 | 
 
  08:21  up 8h32m  scan 0 ------------------------------------------------------------------------
  EQUITY    $248.67  unreal $-3.50
  OPEN      no intraday positions  book holds 12 (BOOK row)  free $219.52
  SHADOW    intraday M1 $263.83 (+4.59%)  M1g $254.52 (+0.89%)  3d paper only
  CARRY     $252.03 (-0.09%)  8 held  paper only
  BOOK      12 pos gross $167.70 (0.67x)  open $-3.50  funding $+0.01  vol 20% top 20
            rebal 2026-09-27
  SESSION   $+1.03 +0.42%  peak $249.30  dd 0.25%
  CURVE     =======================+++++++++++++++++++++=+++++++++++++++++++
  MONTH     book guard $4.14 of $37.92 used  on marked equity  from $252.81  dial 15%
            ###.......................
  RECORD    no closed trades yet this run
  LIFETIME  139tr 44W 95L 32%  $+2.17
  FEES      no fills yet this run
  MARKET    bias +0.00  breadth +0.00
  ------------------------------------------------------------------------------------------------
 
08:21:23 | 
08:21:23 | ============================================================
08:21:23 | 📊 POSITION SUMMARY (8-MIN UPDATE)
08:21:23 | 💰 Equity: $252.17 | Unrealized: $-3.50
08:21:23 | 💵 Available: $219.52 | Locked: $32.66
08:21:23 | 📈 Session: $+1.03 (+0.4%)
08:21:23 | 🎯 Win Rate: Overall 32% | Session 0% | Open 0%
08:21:23 | ============================================================
08:21:23 | ============================================================
08:21:23 | 🔻 Book guard: $4.14 of $37.92 used this month on marked equity (11%, from $252.81) · realised today -0.02% [C497]
08:21:23 | ============================================================
08:21:23 | 
 
  08:29  up 8h40m  scan 0 ------------------------------------------------------------------------
  EQUITY    $248.77  unreal $-3.40
  OPEN      no intraday positions  book holds 12 (BOOK row)  free $219.52
  SHADOW    intraday M1 $263.83 (+4.59%)  M1g $254.52 (+0.89%)  3d paper only
  CARRY     $252.03 (-0.09%)  8 held  paper only
  BOOK      12 pos gross $167.06 (0.67x)  open $-3.40  funding $+0.01  vol 20% top 20
            rebal 2026-09-27
  SESSION   $+1.13 +0.46%  peak $249.30  dd 0.21%
  CURVE     =======================+++++++++++++++++++++=++++++++++++++++++++
  MONTH     book guard $4.04 of $37.92 used  on marked equity  from $252.81  dial 15%
            ###.......................
  RECORD    no closed trades yet this run
  LIFETIME  139tr 44W 95L 32%  $+2.17
  FEES      no fills yet this run
  MARKET    bias +0.00  breadth +0.00
  ------------------------------------------------------------------------------------------------
 
08:29:24 | 
08:29:24 | ============================================================
08:29:24 | 📊 POSITION SUMMARY (8-MIN UPDATE)
08:29:24 | 💰 Equity: $252.17 | Unrealized: $-3.40
08:29:24 | 💵 Available: $219.52 | Locked: $32.66
08:29:24 | 📈 Session: $+1.13 (+0.5%)
08:29:24 | 🎯 Win Rate: Overall 32% | Session 0% | Open 0%
08:29:24 | ============================================================
08:29:24 | ============================================================
08:29:24 | 🔻 Book guard: $4.04 of $37.92 used this month on marked equity (11%, from $252.81) · realised today -0.02% [C497]
08:29:24 | ============================================================
08:29:24 | 
08:32:18 |    👻 C489 shadow hour 03:00 UTC: 38 coins scored (warm-up (14, no flow)), gate shut | M1 $264.97 (+5.04%) M1g $254.52 (+0.89%) over 3d [16s]
 
  08:37  up 8h48m  scan 0 ------------------------------------------------------------------------
  EQUITY    $248.90  unreal $-3.27
  OPEN      no intraday positions  book holds 12 (BOOK row)  free $219.52
  SHADOW    intraday M1 $264.97 (+5.04%)  M1g $254.52 (+0.89%)  3d paper only
  CARRY     $252.03 (-0.09%)  8 held  paper only
  BOOK      12 pos gross $167.50 (0.67x)  open $-3.27  funding $+0.01  vol 20% top 20
            rebal 2026-09-27
  SESSION   $+1.26 +0.51%  peak $249.30  dd 0.16%
  CURVE     =======================+++++++++++++++++++++=+++++++++++++++++++++
  MONTH     book guard $3.91 of $37.92 used  on marked equity  from $252.81  dial 15%
            ###.......................
  RECORD    no closed trades yet this run
  LIFETIME  139tr 44W 95L 32%  $+2.17
  FEES      no fills yet this run
  MARKET    bias +0.00  breadth +0.00
  ------------------------------------------------------------------------------------------------
 
08:37:25 | 
08:37:25 | ============================================================
08:37:25 | 📊 POSITION SUMMARY (8-MIN UPDATE)
08:37:25 | 💰 Equity: $252.17 | Unrealized: $-3.27
08:37:25 | 💵 Available: $219.52 | Locked: $32.66
08:37:25 | 📈 Session: $+1.26 (+0.5%)
08:37:25 | 🎯 Win Rate: Overall 32% | Session 0% | Open 0%
08:37:25 | ============================================================
08:37:25 | ============================================================
08:37:25 | 🔻 Book guard: $3.91 of $37.92 used this month on marked equity (10%, from $252.81) · realised today -0.02% [C497]
08:37:25 | ============================================================
08:37:25 | 
 
  08:45  up 8h56m  scan 0 ------------------------------------------------------------------------
  EQUITY    $248.77  unreal $-3.40
  OPEN      no intraday positions  book holds 12 (BOOK row)  free $219.52
  SHADOW    intraday M1 $264.97 (+5.04%)  M1g $254.52 (+0.89%)  3d paper only
  CARRY     $252.03 (-0.09%)  8 held  paper only
  BOOK      12 pos gross $167.21 (0.67x)  open $-3.40  funding $+0.01  vol 20% top 20
            rebal 2026-09-27
  SESSION   $+1.13 +0.46%  peak $249.30  dd 0.21%
  CURVE     =======================+++++++++++++++++++++=++++++++++++++++++++++
  MONTH     book guard $4.04 of $37.92 used  on marked equity  from $252.81  dial 15%
            ###.......................
  RECORD    no closed trades yet this run
  LIFETIME  139tr 44W 95L 32%  $+2.17
  FEES      no fills yet this run
  MARKET    bias +0.00  breadth +0.00
  ------------------------------------------------------------------------------------------------
 
08:45:25 | 
08:45:25 | ============================================================
08:45:25 | 📊 POSITION SUMMARY (8-MIN UPDATE)
08:45:25 | 💰 Equity: $252.17 | Unrealized: $-3.40
08:45:25 | 💵 Available: $219.52 | Locked: $32.66
08:45:25 | 📈 Session: $+1.13 (+0.5%)
08:45:25 | 🎯 Win Rate: Overall 32% | Session 0% | Open 0%
08:45:25 | ============================================================
08:45:25 | ============================================================
08:45:25 | 🔻 Book guard: $4.04 of $37.92 used this month on marked equity (11%, from $252.81) · realised today -0.02% [C497]
08:45:25 | ============================================================
08:45:25 | 
 
  08:53  up 9h04m  scan 0 ------------------------------------------------------------------------
  EQUITY    $248.73  unreal $-3.44
  OPEN      no intraday positions  book holds 12 (BOOK row)  free $219.52
  SHADOW    intraday M1 $264.97 (+5.04%)  M1g $254.52 (+0.89%)  3d paper only
  CARRY     $252.03 (-0.09%)  8 held  paper only
  BOOK      12 pos gross $167.00 (0.67x)  open $-3.44  funding $+0.01  vol 20% top 20
            rebal 2026-09-27
  SESSION   $+1.09 +0.44%  peak $249.30  dd 0.23%
  CURVE     =======================+++++++++++++++++++++=+++++++++++++++++++++++
  MONTH     book guard $4.08 of $37.92 used  on marked equity  from $252.81  dial 15%
            ###.......................
  RECORD    no closed trades yet this run
  LIFETIME  139tr 44W 95L 32%  $+2.17
  FEES      no fills yet this run
  MARKET    bias +0.00  breadth +0.00
  ------------------------------------------------------------------------------------------------
 
08:53:25 | 
08:53:25 | ============================================================
08:53:25 | 📊 POSITION SUMMARY (8-MIN UPDATE)
08:53:25 | 💰 Equity: $252.17 | Unrealized: $-3.44
08:53:25 | 💵 Available: $219.52 | Locked: $32.66
08:53:25 | 📈 Session: $+1.09 (+0.4%)
08:53:25 | 🎯 Win Rate: Overall 32% | Session 0% | Open 0%
08:53:25 | ============================================================
08:53:25 | ============================================================
08:53:25 | 🔻 Book guard: $4.08 of $37.92 used this month on marked equity (11%, from $252.81) · realised today -0.02% [C497]
08:53:25 | ============================================================
08:53:25 | 
 
  09:01  up 9h12m  scan 0 ------------------------------------------------------------------------
  EQUITY    $248.80  unreal $-3.37
  OPEN      no intraday positions  book holds 12 (BOOK row)  free $219.52
  SHADOW    intraday M1 $264.97 (+5.04%)  M1g $254.52 (+0.89%)  3d paper only
  CARRY     $252.03 (-0.09%)  8 held  paper only
  BOOK      12 pos gross $166.93 (0.67x)  open $-3.38  funding $+0.01  vol 20% top 20
            rebal 2026-09-27
  SESSION   $+1.16 +0.47%  peak $249.30  dd 0.20%
  CURVE     =======================+++++++++++++++++++++=++++++++++++++++++++++++
  MONTH     book guard $4.01 of $37.92 used  on marked equity  from $252.81  dial 15%
            ###.......................
  RECORD    no closed trades yet this run
  LIFETIME  139tr 44W 95L 32%  $+2.17
  FEES      no fills yet this run
  MARKET    bias +0.00  breadth +0.00
  ------------------------------------------------------------------------------------------------
 
09:01:26 | 
09:01:26 | ============================================================
09:01:26 | 📊 POSITION SUMMARY (8-MIN UPDATE)
09:01:26 | 💰 Equity: $252.17 | Unrealized: $-3.37
09:01:26 | 💵 Available: $219.52 | Locked: $32.66
09:01:26 | 📈 Session: $+1.16 (+0.5%)
09:01:26 | 🎯 Win Rate: Overall 32% | Session 0% | Open 0%
09:01:26 | ============================================================
09:01:26 | ============================================================
09:01:26 | 🔻 Book guard: $4.01 of $37.92 used this month on marked equity (11%, from $252.81) · realised today -0.02% [C497]
09:01:26 | ============================================================
09:01:26 | 
 
  09:09  up 9h20m  scan 0 ------------------------------------------------------------------------
  EQUITY    $248.69  unreal $-3.48
  OPEN      no intraday positions  book holds 12 (BOOK row)  free $219.52
  SHADOW    intraday M1 $264.97 (+5.04%)  M1g $254.52 (+0.89%)  3d paper only
  CARRY     $252.03 (-0.09%)  8 held  paper only
  BOOK      12 pos gross $167.00 (0.67x)  open $-3.48  funding $+0.01  vol 20% top 20
            rebal 2026-09-27
  SESSION   $+1.05 +0.43%  peak $249.30  dd 0.24%
  CURVE     =======================+++++++++++++++++++++=+++++++++++++++++++++++++
  MONTH     book guard $4.12 of $37.92 used  on marked equity  from $252.81  dial 15%
            ###.......................
  RECORD    no closed trades yet this run
  LIFETIME  139tr 44W 95L 32%  $+2.17
  FEES      no fills yet this run
  MARKET    bias +0.00  breadth +0.00
  ------------------------------------------------------------------------------------------------
 
09:09:26 | 
09:09:26 | ============================================================
09:09:26 | 📊 POSITION SUMMARY (8-MIN UPDATE)
09:09:26 | 💰 Equity: $252.17 | Unrealized: $-3.48
09:09:26 | 💵 Available: $219.52 | Locked: $32.66
09:09:26 | 📈 Session: $+1.05 (+0.4%)
09:09:26 | 🎯 Win Rate: Overall 32% | Session 0% | Open 0%
09:09:26 | ============================================================
09:09:26 | ============================================================
09:09:26 | 🔻 Book guard: $4.12 of $37.92 used this month on marked equity (11%, from $252.81) · realised today -0.02% [C497]
09:09:26 | ============================================================
09:09:26 | 
 
  09:17  up 9h28m  scan 0 ------------------------------------------------------------------------
  EQUITY    $248.84  unreal $-3.33
  OPEN      no intraday positions  book holds 12 (BOOK row)  free $219.52
  SHADOW    intraday M1 $264.97 (+5.04%)  M1g $254.52 (+0.89%)  3d paper only
  CARRY     $252.03 (-0.09%)  8 held  paper only
  BOOK      12 pos gross $166.76 (0.67x)  open $-3.33  funding $+0.01  vol 20% top 20
            rebal 2026-09-27
  SESSION   $+1.20 +0.49%  peak $249.30  dd 0.18%
  CURVE     =======================+++++++++++++++++++++=++++++++++++++++++++++++++
  MONTH     book guard $3.97 of $37.92 used  on marked equity  from $252.81  dial 15%
            ###.......................
  RECORD    no closed trades yet this run
  LIFETIME  139tr 44W 95L 32%  $+2.17
  FEES      no fills yet this run
  MARKET    bias +0.00  breadth +0.00
  ------------------------------------------------------------------------------------------------
 
09:17:26 | 
09:17:26 | ============================================================
09:17:26 | 📊 POSITION SUMMARY (8-MIN UPDATE)
09:17:26 | 💰 Equity: $252.17 | Unrealized: $-3.33
09:17:26 | 💵 Available: $219.52 | Locked: $32.66
09:17:26 | 📈 Session: $+1.20 (+0.5%)
09:17:26 | 🎯 Win Rate: Overall 32% | Session 0% | Open 0%
09:17:26 | ============================================================
09:17:26 | ============================================================
09:17:26 | 🔻 Book guard: $3.97 of $37.92 used this month on marked equity (10%, from $252.81) · realised today -0.02% [C497]
09:17:26 | ============================================================
09:17:26 | 
 
  09:25  up 9h36m  scan 0 ------------------------------------------------------------------------
  EQUITY    $248.80  unreal $-3.37
  OPEN      no intraday positions  book holds 12 (BOOK row)  free $219.52
  SHADOW    intraday M1 $264.97 (+5.04%)  M1g $254.52 (+0.89%)  3d paper only
  CARRY     $252.03 (-0.09%)  8 held  paper only
  BOOK      12 pos gross $166.63 (0.67x)  open $-3.37  funding $+0.01  vol 20% top 20
            rebal 2026-09-27
  SESSION   $+1.16 +0.47%  peak $249.30  dd 0.20%
  CURVE     =======================+++++++++++++++++++++=+++++++++++++++++++++++++++
  MONTH     book guard $4.01 of $37.92 used  on marked equity  from $252.81  dial 15%
            ###.......................
  RECORD    no closed trades yet this run
  LIFETIME  139tr 44W 95L 32%  $+2.17
  FEES      no fills yet this run
  MARKET    bias +0.00  breadth +0.00
  ------------------------------------------------------------------------------------------------
 
09:25:27 | 
09:25:27 | ============================================================
09:25:27 | 📊 POSITION SUMMARY (8-MIN UPDATE)
09:25:27 | 💰 Equity: $252.17 | Unrealized: $-3.37
09:25:27 | 💵 Available: $219.52 | Locked: $32.66
09:25:27 | 📈 Session: $+1.16 (+0.5%)
09:25:27 | 🎯 Win Rate: Overall 32% | Session 0% | Open 0%
09:25:27 | ============================================================
09:25:27 | ============================================================
09:25:27 | 🔻 Book guard: $4.01 of $37.92 used this month on marked equity (11%, from $252.81) · realised today -0.02% [C497]
09:25:27 | ============================================================
09:25:27 | 
09:32:22 |    👻 C489 shadow hour 04:00 UTC: 38 coins scored (warm-up (14, no flow)), gate shut | M1 $264.26 (+4.76%) M1g $254.52 (+0.89%) over 3d [16s]
 
  09:33  up 9h44m  scan 0 ------------------------------------------------------------------------
  EQUITY    $248.71  unreal $-3.47
  OPEN      no intraday positions  book holds 12 (BOOK row)  free $219.52
  SHADOW    intraday M1 $264.26 (+4.76%)  M1g $254.52 (+0.89%)  3d paper only
  CARRY     $252.03 (-0.09%)  8 held  paper only
  BOOK      12 pos gross $166.21 (0.67x)  open $-3.47  funding $+0.01  vol 20% top 20
            rebal 2026-09-27
  SESSION   $+1.07 +0.43%  peak $249.30  dd 0.24%
  CURVE     =======================+++++++++++++++++++++=++++++++++++++++++++++++++++
  MONTH     book guard $4.10 of $37.92 used  on marked equity  from $252.81  dial 15%
            ###.......................
  RECORD    no closed trades yet this run
  LIFETIME  139tr 44W 95L 32%  $+2.18
  FEES      no fills yet this run
  MARKET    bias +0.00  breadth +0.00
  ------------------------------------------------------------------------------------------------
 
09:33:27 | 
09:33:27 | ============================================================
09:33:27 | 📊 POSITION SUMMARY (8-MIN UPDATE)
09:33:27 | 💰 Equity: $252.18 | Unrealized: $-3.47
09:33:27 | 💵 Available: $219.52 | Locked: $32.66
09:33:27 | 📈 Session: $+1.07 (+0.4%)
09:33:27 | 🎯 Win Rate: Overall 32% | Session 0% | Open 0%
09:33:27 | ============================================================
09:33:27 | ============================================================
09:33:27 | 🔻 Book guard: $4.10 of $37.92 used this month on marked equity (11%, from $252.81) · realised today -0.02% [C497]
09:33:27 | ============================================================
09:33:27 | 
 
  09:41  up 9h52m  scan 0 ------------------------------------------------------------------------
  EQUITY    $248.96  unreal $-3.22
  OPEN      no intraday positions  book holds 12 (BOOK row)  free $219.52
  SHADOW    intraday M1 $264.26 (+4.76%)  M1g $254.52 (+0.89%)  3d paper only
  CARRY     $252.03 (-0.09%)  8 held  paper only
  BOOK      12 pos gross $166.32 (0.67x)  open $-3.21  funding $+0.01  vol 20% top 20
            rebal 2026-09-27
  SESSION   $+1.32 +0.53%  peak $249.30  dd 0.14%
  CURVE     =======================+++++++++++++++++++++=+++++++++++++++++++++++++++++
  MONTH     book guard $3.85 of $37.92 used  on marked equity  from $252.81  dial 15%
            ###.......................
  RECORD    no closed trades yet this run
  LIFETIME  139tr 44W 95L 32%  $+2.18
  FEES      no fills yet this run
  MARKET    bias +0.00  breadth +0.00
  ------------------------------------------------------------------------------------------------
 
09:41:28 | 
09:41:28 | ============================================================
09:41:28 | 📊 POSITION SUMMARY (8-MIN UPDATE)
09:41:28 | 💰 Equity: $252.18 | Unrealized: $-3.22
09:41:28 | 💵 Available: $219.52 | Locked: $32.66
09:41:28 | 📈 Session: $+1.32 (+0.5%)
09:41:28 | 🎯 Win Rate: Overall 32% | Session 0% | Open 0%
09:41:28 | ============================================================
09:41:28 | ============================================================
09:41:28 | 🔻 Book guard: $3.85 of $37.92 used this month on marked equity (10%, from $252.81) · realised today -0.02% [C497]
09:41:28 | ============================================================
09:41:28 | 
 
  09:49  up 10h00m  scan 0 -----------------------------------------------------------------------
  EQUITY    $248.88  unreal $-3.30
  OPEN      no intraday positions  book holds 12 (BOOK row)  free $219.52
  SHADOW    intraday M1 $264.26 (+4.76%)  M1g $254.52 (+0.89%)  3d paper only
  CARRY     $252.03 (-0.09%)  8 held  paper only
  BOOK      12 pos gross $166.52 (0.67x)  open $-3.30  funding $+0.01  vol 20% top 20
            rebal 2026-09-27
  SESSION   $+1.24 +0.50%  peak $249.30  dd 0.17%
  CURVE     =======================+++++++++++++++++++++=++++++++++++++++++++++++++++++
  MONTH     book guard $3.93 of $37.92 used  on marked equity  from $252.81  dial 15%
            ###.......................
  RECORD    no closed trades yet this run
  LIFETIME  139tr 44W 95L 32%  $+2.18
  FEES      no fills yet this run
  MARKET    bias +0.00  breadth +0.00
  ------------------------------------------------------------------------------------------------
 
09:49:28 | 
09:49:28 | ============================================================
09:49:28 | 📊 POSITION SUMMARY (8-MIN UPDATE)
09:49:28 | 💰 Equity: $252.18 | Unrealized: $-3.30
09:49:28 | 💵 Available: $219.52 | Locked: $32.66
09:49:28 | 📈 Session: $+1.24 (+0.5%)
09:49:28 | 🎯 Win Rate: Overall 32% | Session 0% | Open 0%
09:49:28 | ============================================================
09:49:28 | ============================================================
09:49:28 | 🔻 Book guard: $3.93 of $37.92 used this month on marked equity (10%, from $252.81) · realised today -0.02% [C497]
09:49:28 | ============================================================
09:49:28 | 
 
  09:57  up 10h08m  scan 0 -----------------------------------------------------------------------
  EQUITY    $248.88  unreal $-3.30
  OPEN      no intraday positions  book holds 12 (BOOK row)  free $219.52
  SHADOW    intraday M1 $264.26 (+4.76%)  M1g $254.52 (+0.89%)  3d paper only
  CARRY     $252.03 (-0.09%)  8 held  paper only
  BOOK      12 pos gross $166.47 (0.67x)  open $-3.30  funding $+0.01  vol 20% top 20
            rebal 2026-09-27
  SESSION   $+1.24 +0.50%  peak $249.30  dd 0.17%
  CURVE     =======================+++++++++++++++++++++=+++++++++++++++++++++++++++++++
  MONTH     book guard $3.93 of $37.92 used  on marked equity  from $252.81  dial 15%
            ###.......................
  RECORD    no closed trades yet this run
  LIFETIME  139tr 44W 95L 32%  $+2.18
  FEES      no fills yet this run
  MARKET    bias +0.00  breadth +0.00
  ------------------------------------------------------------------------------------------------
 
09:57:28 | 
09:57:28 | ============================================================
09:57:28 | 📊 POSITION SUMMARY (8-MIN UPDATE)
09:57:28 | 💰 Equity: $252.18 | Unrealized: $-3.30
09:57:28 | 💵 Available: $219.52 | Locked: $32.66
09:57:28 | 📈 Session: $+1.24 (+0.5%)
09:57:28 | 🎯 Win Rate: Overall 32% | Session 0% | Open 0%
09:57:28 | ============================================================
09:57:28 | ============================================================
09:57:28 | 🔻 Book guard: $3.93 of $37.92 used this month on marked equity (10%, from $252.81) · realised today -0.02% [C497]
09:57:28 | ============================================================
09:57:28 | 
 
  10:05  up 10h16m  scan 0 -----------------------------------------------------------------------
  EQUITY    $249.14  unreal $-3.04
  OPEN      no intraday positions  book holds 12 (BOOK row)  free $219.52
  SHADOW    intraday M1 $264.26 (+4.76%)  M1g $254.52 (+0.89%)  3d paper only
  CARRY     $252.03 (-0.09%)  8 held  paper only
  BOOK      12 pos gross $165.88 (0.67x)  open $-3.04  funding $+0.01  vol 20% top 20
            rebal 2026-09-27
  SESSION   $+1.50 +0.61%  peak $249.30  dd 0.06%
  CURVE     =======================+++++++++++++++++++++=++++++++++++++++++++++++++++++++
  MONTH     book guard $3.67 of $37.92 used  on marked equity  from $252.81  dial 15%
            ###.......................
  RECORD    no closed trades yet this run
  LIFETIME  139tr 44W 95L 32%  $+2.18
  FEES      no fills yet this run
  MARKET    bias +0.00  breadth +0.00
  ------------------------------------------------------------------------------------------------
 
10:05:29 | 
10:05:29 | ============================================================
10:05:29 | 📊 POSITION SUMMARY (8-MIN UPDATE)
10:05:29 | 💰 Equity: $252.18 | Unrealized: $-3.04
10:05:29 | 💵 Available: $219.52 | Locked: $32.66
10:05:29 | 📈 Session: $+1.50 (+0.6%)
10:05:29 | 🎯 Win Rate: Overall 32% | Session 0% | Open 0%
10:05:29 | ============================================================
10:05:29 | ============================================================
10:05:29 | 🔻 Book guard: $3.67 of $37.92 used this month on marked equity (10%, from $252.81) · realised today -0.02% [C497]
10:05:29 | ============================================================
10:05:29 | 
 
  10:13  up 10h24m  scan 0 -----------------------------------------------------------------------
  EQUITY    $249.09  unreal $-3.09
  OPEN      no intraday positions  book holds 12 (BOOK row)  free $219.52
  SHADOW    intraday M1 $264.26 (+4.76%)  M1g $254.52 (+0.89%)  3d paper only
  CARRY     $252.03 (-0.09%)  8 held  paper only
  BOOK      12 pos gross $165.89 (0.67x)  open $-3.09  funding $+0.01  vol 20% top 20
            rebal 2026-09-27
  SESSION   $+1.45 +0.59%  peak $249.30  dd 0.08%
  CURVE     =======================+++++++++++++++++++++=+++++++++++++++++++++++++++++++++
  MONTH     book guard $3.72 of $37.92 used  on marked equity  from $252.81  dial 15%
            ###.......................
  RECORD    no closed trades yet this run
  LIFETIME  139tr 44W 95L 32%  $+2.18
  FEES      no fills yet this run
  MARKET    bias +0.00  breadth +0.00
  ------------------------------------------------------------------------------------------------
 
10:13:29 | 
10:13:29 | ============================================================
10:13:29 | 📊 POSITION SUMMARY (8-MIN UPDATE)
10:13:29 | 💰 Equity: $252.18 | Unrealized: $-3.09
10:13:29 | 💵 Available: $219.52 | Locked: $32.66
10:13:29 | 📈 Session: $+1.45 (+0.6%)
10:13:29 | 🎯 Win Rate: Overall 32% | Session 0% | Open 0%
10:13:29 | ============================================================
10:13:29 | ============================================================
10:13:29 | 🔻 Book guard: $3.72 of $37.92 used this month on marked equity (10%, from $252.81) · realised today -0.02% [C497]
10:13:29 | ============================================================
10:13:29 | 
 
  10:21  up 10h32m  scan 0 -----------------------------------------------------------------------
  EQUITY    $249.15  unreal $-3.03
  OPEN      no intraday positions  book holds 12 (BOOK row)  free $219.52
  SHADOW    intraday M1 $264.26 (+4.76%)  M1g $254.52 (+0.89%)  3d paper only
  CARRY     $252.03 (-0.09%)  8 held  paper only
  BOOK      12 pos gross $165.73 (0.67x)  open $-3.03  funding $+0.01  vol 20% top 20
            rebal 2026-09-27
  SESSION   $+1.51 +0.61%  peak $249.30  dd 0.06%
  CURVE     =======================+++++++++++++++++++++=++++++++++++++++++++++++++++++++++
  MONTH     book guard $3.66 of $37.92 used  on marked equity  from $252.81  dial 15%
            ###.......................
  RECORD    no closed trades yet this run
  LIFETIME  139tr 44W 95L 32%  $+2.18
  FEES      no fills yet this run
  MARKET    bias +0.00  breadth +0.00
  ------------------------------------------------------------------------------------------------
 
10:21:30 | 
10:21:30 | ============================================================
10:21:30 | 📊 POSITION SUMMARY (8-MIN UPDATE)
10:21:30 | 💰 Equity: $252.18 | Unrealized: $-3.03
10:21:30 | 💵 Available: $219.52 | Locked: $32.66
10:21:30 | 📈 Session: $+1.51 (+0.6%)
10:21:30 | 🎯 Win Rate: Overall 32% | Session 0% | Open 0%
10:21:30 | ============================================================
10:21:30 | ============================================================
10:21:30 | 🔻 Book guard: $3.66 of $37.92 used this month on marked equity (10%, from $252.81) · realised today -0.02% [C497]
10:21:30 | ============================================================
10:21:30 | 
 
  10:29  up 10h40m  scan 0 -----------------------------------------------------------------------
  EQUITY    $249.00  unreal $-3.18
  OPEN      no intraday positions  book holds 12 (BOOK row)  free $219.52
  SHADOW    intraday M1 $264.26 (+4.76%)  M1g $254.52 (+0.89%)  3d paper only
  CARRY     $252.03 (-0.09%)  8 held  paper only
  BOOK      12 pos gross $165.95 (0.67x)  open $-3.18  funding $+0.01  vol 20% top 20
            rebal 2026-09-27
  SESSION   $+1.36 +0.55%  peak $249.30  dd 0.12%
  CURVE     =======================+++++++++++++++++++++=+++++++++++++++++++++++++++++++++++
  MONTH     book guard $3.81 of $37.92 used  on marked equity  from $252.81  dial 15%
            ###.......................
  RECORD    no closed trades yet this run
  LIFETIME  139tr 44W 95L 32%  $+2.18
  FEES      no fills yet this run
  MARKET    bias +0.00  breadth +0.00
  ------------------------------------------------------------------------------------------------
 
10:29:30 | 
10:29:30 | ============================================================
10:29:30 | 📊 POSITION SUMMARY (8-MIN UPDATE)
10:29:30 | 💰 Equity: $252.18 | Unrealized: $-3.18
10:29:30 | 💵 Available: $219.52 | Locked: $32.66
10:29:30 | 📈 Session: $+1.36 (+0.6%)
10:29:30 | 🎯 Win Rate: Overall 32% | Session 0% | Open 0%
10:29:30 | ============================================================
10:29:30 | ============================================================
10:29:30 | 🔻 Book guard: $3.81 of $37.92 used this month on marked equity (10%, from $252.81) · realised today -0.02% [C497]
10:29:30 | ============================================================
10:29:30 | 
10:32:28 |    👻 C489 shadow hour 05:00 UTC: 39 coins scored (warm-up (14, no flow)), gate shut | M1 $261.46 (+3.65%) M1g $254.52 (+0.89%) over 3d [17s]
 
  10:37  up 10h48m  scan 0 -----------------------------------------------------------------------
  EQUITY    $249.00  unreal $-3.18
  OPEN      no intraday positions  book holds 12 (BOOK row)  free $219.52
  SHADOW    intraday M1 $261.46 (+3.65%)  M1g $254.52 (+0.89%)  3d paper only
  CARRY     $252.03 (-0.09%)  8 held  paper only
  BOOK      12 pos gross $166.51 (0.67x)  open $-3.18  funding $+0.01  vol 20% top 20
            rebal 2026-09-27
  SESSION   $+1.36 +0.55%  peak $249.30  dd 0.12%
  CURVE     =======================+++++++++++++++++++++=++++++++++++++++++++++++++++++++++++
  MONTH     book guard $3.81 of $37.92 used  on marked equity  from $252.81  dial 15%
            ###.......................
  RECORD    no closed trades yet this run
  LIFETIME  139tr 44W 95L 32%  $+2.18
  FEES      no fills yet this run
  MARKET    bias +0.00  breadth +0.00
  ------------------------------------------------------------------------------------------------
 
10:37:31 | 
10:37:31 | ============================================================
10:37:31 | 📊 POSITION SUMMARY (8-MIN UPDATE)
10:37:31 | 💰 Equity: $252.18 | Unrealized: $-3.18
10:37:31 | 💵 Available: $219.52 | Locked: $32.66
10:37:31 | 📈 Session: $+1.36 (+0.6%)
10:37:31 | 🎯 Win Rate: Overall 32% | Session 0% | Open 0%
10:37:31 | ============================================================
10:37:31 | ============================================================
10:37:31 | 🔻 Book guard: $3.81 of $37.92 used this month on marked equity (10%, from $252.81) · realised today -0.02% [C497]
10:37:31 | ============================================================
10:37:31 | 
 
  10:45  up 10h56m  scan 0 -----------------------------------------------------------------------
  EQUITY    $249.05  unreal $-3.13
  OPEN      no intraday positions  book holds 12 (BOOK row)  free $219.52
  SHADOW    intraday M1 $261.46 (+3.65%)  M1g $254.52 (+0.89%)  3d paper only
  CARRY     $252.03 (-0.09%)  8 held  paper only
  BOOK      12 pos gross $166.64 (0.67x)  open $-3.13  funding $+0.01  vol 20% top 20
            rebal 2026-09-27
  SESSION   $+1.41 +0.57%  peak $249.30  dd 0.10%
  CURVE     =======================+++++++++++++++++++++=+++++++++++++++++++++++++++++++++++++
  MONTH     book guard $3.76 of $37.92 used  on marked equity  from $252.81  dial 15%
            ###.......................
  RECORD    no closed trades yet this run
  LIFETIME  139tr 44W 95L 32%  $+2.18
  FEES      no fills yet this run
  MARKET    bias +0.00  breadth +0.00
  ------------------------------------------------------------------------------------------------
 
10:45:32 | 
10:45:32 | ============================================================
10:45:32 | 📊 POSITION SUMMARY (8-MIN UPDATE)
10:45:32 | 💰 Equity: $252.18 | Unrealized: $-3.13
10:45:32 | 💵 Available: $219.52 | Locked: $32.66
10:45:32 | 📈 Session: $+1.41 (+0.6%)
10:45:32 | 🎯 Win Rate: Overall 32% | Session 0% | Open 0%
10:45:32 | ============================================================
10:45:32 | ============================================================
10:45:32 | 🔻 Book guard: $3.76 of $37.92 used this month on marked equity (10%, from $252.81) · realised today -0.02% [C497]
10:45:32 | ============================================================
10:45:32 | 
 
  10:53  up 11h04m  scan 0 -----------------------------------------------------------------------
  EQUITY    $249.13  unreal $-3.05
  OPEN      no intraday positions  book holds 12 (BOOK row)  free $219.52
  SHADOW    intraday M1 $261.46 (+3.65%)  M1g $254.52 (+0.89%)  3d paper only
  CARRY     $252.03 (-0.09%)  8 held  paper only
  BOOK      12 pos gross $167.04 (0.67x)  open $-3.05  funding $+0.01  vol 20% top 20
            rebal 2026-09-27
  SESSION   $+1.49 +0.60%  peak $249.30  dd 0.07%
  CURVE     =======================+++++++++++++++++++++=++++++++++++++++++++++++++++++++++++++
  MONTH     book guard $3.68 of $37.92 used  on marked equity  from $252.81  dial 15%
            ###.......................
  RECORD    no closed trades yet this run
  LIFETIME  139tr 44W 95L 32%  $+2.18
  FEES      no fills yet this run
  MARKET    bias +0.00  breadth +0.00
  ------------------------------------------------------------------------------------------------
 
10:53:32 | 
10:53:32 | ============================================================
10:53:32 | 📊 POSITION SUMMARY (8-MIN UPDATE)
10:53:32 | 💰 Equity: $252.18 | Unrealized: $-3.05
10:53:32 | 💵 Available: $219.52 | Locked: $32.66
10:53:32 | 📈 Session: $+1.49 (+0.6%)
10:53:32 | 🎯 Win Rate: Overall 32% | Session 0% | Open 0%
10:53:32 | ============================================================
10:53:32 | ============================================================
10:53:32 | 🔻 Book guard: $3.68 of $37.92 used this month on marked equity (10%, from $252.81) · realised today -0.02% [C497]
10:53:32 | ============================================================
10:53:32 | 
 
  11:01  up 11h12m  scan 0 -----------------------------------------------------------------------
  EQUITY    $249.21  unreal $-2.97
  OPEN      no intraday positions  book holds 12 (BOOK row)  free $219.52
  SHADOW    intraday M1 $261.46 (+3.65%)  M1g $254.52 (+0.89%)  3d paper only
  CARRY     $252.03 (-0.09%)  8 held  paper only
  BOOK      12 pos gross $166.81 (0.67x)  open $-2.97  funding $+0.01  vol 20% top 20
            rebal 2026-09-27
  SESSION   $+1.57 +0.64%  peak $249.30  dd 0.04%
  CURVE     =======================+++++++++++++++++++++=+++++++++++++++++++++++++++++++++++++++
  MONTH     book guard $3.60 of $37.92 used  on marked equity  from $252.81  dial 15%
            ##........................
  RECORD    no closed trades yet this run
  LIFETIME  139tr 44W 95L 32%  $+2.18
  FEES      no fills yet this run
  MARKET    bias +0.00  breadth +0.00
  ------------------------------------------------------------------------------------------------
 
11:01:32 | 
11:01:32 | ============================================================
11:01:32 | 📊 POSITION SUMMARY (8-MIN UPDATE)
11:01:32 | 💰 Equity: $252.18 | Unrealized: $-2.97
11:01:32 | 💵 Available: $219.52 | Locked: $32.66
11:01:32 | 📈 Session: $+1.57 (+0.6%)
11:01:32 | 🎯 Win Rate: Overall 32% | Session 0% | Open 0%
11:01:32 | ============================================================
11:01:32 | ============================================================
11:01:32 | 🔻 Book guard: $3.60 of $37.92 used this month on marked equity (9%, from $252.81) · realised today -0.02% [C497]
11:01:32 | ============================================================
11:01:32 | 
 
  11:09  up 11h20m  scan 0 -----------------------------------------------------------------------
  EQUITY    $249.38  unreal $-2.80
  OPEN      no intraday positions  book holds 12 (BOOK row)  free $219.52
  SHADOW    intraday M1 $261.46 (+3.65%)  M1g $254.52 (+0.89%)  3d paper only
  CARRY     $252.03 (-0.09%)  8 held  paper only
  BOOK      12 pos gross $168.13 (0.67x)  open $-2.80  funding $+0.01  vol 20% top 20
            rebal 2026-09-27
  SESSION   $+1.74 +0.70%
  CURVE     =======================+++++++++++++++++++++=++++++++++++++++++++++++++++++++++++++++
  MONTH     book guard $3.43 of $37.92 used  on marked equity  from $252.81  dial 15%
            ##........................
  RECORD    no closed trades yet this run
  LIFETIME  139tr 44W 95L 32%  $+2.18
  FEES      no fills yet this run
  MARKET    bias +0.00  breadth +0.00
  ------------------------------------------------------------------------------------------------
 
11:09:32 | 
11:09:32 | ============================================================
11:09:32 | 📊 POSITION SUMMARY (8-MIN UPDATE)
11:09:32 | 💰 Equity: $252.18 | Unrealized: $-2.80
11:09:32 | 💵 Available: $219.52 | Locked: $32.66
11:09:32 | 📈 Session: $+1.74 (+0.7%)
11:09:32 | 🎯 Win Rate: Overall 32% | Session 0% | Open 0%
11:09:32 | ============================================================
11:09:32 | ============================================================
11:09:32 | 🔻 Book guard: $3.43 of $37.92 used this month on marked equity (9%, from $252.81) · realised today -0.02% [C497]
11:09:32 | ============================================================
11:09:32 | 
