19:59:55 | 📊 Paper Mode
19:59:55 | ✅ Connected | 741 futures markets (Binance USDⓈ-M)
19:59:55 | 📊 Binance Fees: Maker 0.02% | Taker 0.05%
19:59:55 | 📊 Market type: PERPETUAL FUTURES (swap) — verified
19:59:55 | 📋 Limit Orders: ENABLED (offset 0.1%) -- the idle intraday scanner's; the book trades with market orders
19:59:55 | 📂 Loaded state: $501.38 realised | 0 intraday positions | available $439.16 before open P&L (locked $62.22)
19:59:55 | 📐 RISK @ $501.38: monthly dial 20% = $100.00/month (20% of this month's anchor $500.00)  |  the portfolio book trades: its month guard closes the book if MARKED equity falls that far below the month's anchor [C497]
 
  ================================================================================================
  OMEGA C539  PAPER  Binance perps
  07 Oct 2026   19:59
  start $501.38 realised  risk dial 20%/month
  ================================================================================================
 
  RISK FRAME -------------------------------------------------------------------------------------
  EQUITY    $501.38 realised  741 markets
  MONTH     dial 20% = $100.00 this month
            used $0.00 realised (the guard counts MARKED equity once prices load)
  BOOK      daily trend + momentum + carry, rebalanced 00:05 UTC
            month guard on MARKED equity (open P&L counts)  intraday scanner idle
  ------------------------------------------------------------------------------------------------
 
19:59:55 |    (legacy Flask page not installed — the dashboard is the control panel)
19:59:56 | 🌐 Remote control on http://0.0.0.0:8138 — TOKEN REQUIRED
19:59:56 |    📱 Local network: http://10.0.0.160:8138/?t=<your token> (this machine's own address)
19:59:56 |    🌍 Internet: put a Cloudflare Tunnel in front of this port.
19:59:56 |        See deploy/DEPLOY.md — one command, no open ports, free.
19:59:56 | ============================================================
19:59:56 | 🤖 OMEGA V60 — INFORMATION ENGINE (C466)
19:59:56 | 📊 C532 YOUR PLAN (paper until you go live): Delta vs Pi42 funding gap (both in rupees) $1000 = $1000 of your $1000
19:59:56 | 📊 C503 WHAT IS RUNNING -- the portfolio book trades the Binance paper account (an experiment, not your plan):
19:59:56 |    RULE   C2 N2+N3 + range vol (GK): C2 = residual momentum, no crowded shorts (N2+N3) -- a FORWARD TEST in paper (C510); the admitted rule is scored beside it in the rule tournament
19:59:56 |    BOOK   trend (C1) + momentum (C2) + carry (C3), equal risk; vol target 27% from the 20% dial; gross <= 3x equity; top 20 crypto; $6 minimum; 30% band
19:59:56 |           rebalanced daily 00:05 UTC with market orders (paper fills at the ask/bid, taker 0.05%); 5x cross margin; funding at each coin's own interval; its one limit is the month guard on MARKED equity
19:59:56 |    PAPER  never touches the account: intraday shadow (C489) hourly · carry (C490) 00:10 UTC · spot pot (C501/C502) $250, spot minimum $5, 00:20 UTC · idle cash -> Savings at Binance's own rate (read every 6 h; 6.69% until the first read) every minute · rule tournament (C510, 9 rules on the same prices) at each rebalance · BFUSD wallet at 7.66% (C521) · the same book on Delta Exchange India, $500 (C521), an experiment · Delta vs Pi42 funding spread, both legs, $1000 (C532: both in rupees; Pi42's rates read from Binance, its source)
19:59:56 |    IDLE   the intraday scanner, the OLD strategy (139 trades, 44W/95L before the 29 Sep 2026 fresh start; it lost after fees): it opens nothing, and its boot description is not printed (OMEGA_ENGINE=intraday runs and describes it)
19:59:56 | 💡 Stop safely: sudo systemctl stop omega (Ctrl+C only when run by hand)
19:59:56 | ============================================================
19:59:56 | 🔄 Monitoring thread started — SPLIT LOOP [C397]: FAST leg every 0.8s (prices in PARALLEL → hard stop, trailing floor, peak floor, capture floor); SLOW leg every 20s (OHLCV/DRI) and 90s (BTC/ETH regime, AFTER positions are checked, never before) -- it watches INTRADAY positions; the book has no stops, its one limit is the month guard
19:59:57 |    🇮🇳 C534 Pi42's coin list loaded: 182 rupee perps (api.pi42.com); held pairs Pi42 does not list, closed at the next daily run: none
19:59:57 |    🏦 C527 Binance Flexible Savings USDT: 6.71% = 2.71% market + 4.00% on the first 1,000 USDT (read every 6 h)
20:00:01 | 💼 C488: portfolio engine ON -- the intraday scanner opens no new positions (OMEGA_ENGINE=intraday restores it); the book holds 10 positions
 
  20:07  up 0h08m  daily book --------------------------------------------------------------------
  PLAN      $999.47 of $1,000.00 ($-0.53)  after tax on net profit $999.47
            Delta vs Pi42 funding gap $999.47  paper
  BELOW     experiments, not your money
  EQUITY    $498.54  unreal $-2.84
  OPEN      no intraday positions  book holds 10 (BOOK row)  free $436.32 after open P&L
  SHADOW    intraday M1 $500.25 (+0.11%)  M1g $516.33 (+3.32%)  6d paper only
  CARRY     $499.07 (-0.15%)  8 held  paper only
  SPOT      $249.08 (-0.37%)  1 held  3% invested  cash earns 6.71%  paper pot
  SAVINGS   idle $311.71 (62%)  at 6.71% +$0.37 so far  ~$1.74/month  paper
  BFUSD     wallet $498.57 at 7.66%  +$0.56 so far  ~$3.18/month  vs Savings $1.74  paper
  DELTA     $500.47 (+0.09%)  8 held  fees $0.38  funding $+0.17
            paper experiment: the book on Delta
  XVENUE    $998.41 (-0.16%)  10 pairs  funding $+5.55  fees $4.87  paper, Delta vs Pi42
  TESTS     every 8 h: ahead $0.01, 1 day  3-day avg: level $0.00, 1 day  paper, vs your daily rule
  BOOK      10 pos gross $296.09 (0.59x)  open $-2.84  funding $-0.04  vol 27% top 20
            rebal 2026-10-07
  CONTEXT   since 01 Oct $-1.46 (-0.29%) in 6.5d  normal -2.8% to +5.8%  bottom 40%: normal
  RULE      C2 N2+N3 + range vol (GK)  forward test (paper)
  TOURNEY   6d from 2026-10-01  base -0.27%  N2 -0.52%  N3 -0.22%  N2+N3 -0.40%  +K4 -0.41%
            +GK* -0.36%  +K4+GK -0.30%  +GK+DD -0.10%  +GK+XA +0.46%
  DATA      on time  prices 32s  funding booked  book today  shadow 14:00  carry today
            spot pot today
  SESSION   $+0.11 +0.02%
  MONTH     book guard $1.46 of $100.00 used  on marked equity  from $500.00  dial 20%
            ..........................
  RECORD    book closed 9  5W 4L  net $+1.58  fees and funding in
  FEES      no fills yet this run (the book trades at 00:05 UTC)
  ------------------------------------------------------------------------------------------------
 
20:07:55 | 
20:07:55 | ============================================================
20:07:55 | 📊 POSITION SUMMARY (8-MIN UPDATE)
20:07:55 | 💰 Equity: $498.54 marked (the Binance book, an experiment) = cash $501.38 + open $-2.84
20:07:55 | 💵 Available: $436.32 after open P&L | Locked: $62.22
20:07:55 | 📈 Session: $+0.11 (+0.0%)
20:07:55 | 🎯 C510 Book (what trades): 10 positions, gross 0.59x, open $-2.84 | rule C2 N2+N3 + range vol (GK) | closed 9: 5W/4L $+1.58 | since 01 Oct -0.29% (normal)
20:07:55 | ============================================================
20:07:55 | ============================================================
20:07:55 | 🔻 Book guard: $1.46 of $100.00 used this month on marked equity (1%, from $500.00) · realised today -0.03% [C497]
20:07:55 | ============================================================
20:07:55 | 
 
  20:15  up 0h16m  daily book --------------------------------------------------------------------
  PLAN      $999.54 of $1,000.00 ($-0.46)  after tax on net profit $999.54
            Delta vs Pi42 funding gap $999.54  paper
  BELOW     experiments, not your money
  EQUITY    $498.71  unreal $-2.67
  OPEN      no intraday positions  book holds 10 (BOOK row)  free $436.49 after open P&L
  SHADOW    intraday M1 $500.25 (+0.11%)  M1g $516.33 (+3.32%)  6d paper only
  CARRY     $499.07 (-0.15%)  8 held  paper only
  SPOT      $249.08 (-0.37%)  1 held  3% invested  cash earns 6.71%  paper pot
  SAVINGS   idle $311.82 (62%)  at 6.71% +$0.37 so far  ~$1.74/month  paper
  BFUSD     wallet $498.72 at 7.66%  +$0.56 so far  ~$3.18/month  vs Savings $1.74  paper
  DELTA     $500.74 (+0.15%)  8 held  fees $0.38  funding $+0.17
            paper experiment: the book on Delta
  XVENUE    $998.41 (-0.16%)  10 pairs  funding $+5.55  fees $4.87  paper, Delta vs Pi42
  TESTS     every 8 h: ahead $0.01, 1 day  3-day avg: level $0.00, 1 day  paper, vs your daily rule
  BOOK      10 pos gross $295.97 (0.59x)  open $-2.67  funding $-0.04  vol 27% top 20
            rebal 2026-10-07
  CONTEXT   since 01 Oct $-1.29 (-0.26%) in 6.5d  normal -2.8% to +5.8%  bottom 41%: normal
  RULE      C2 N2+N3 + range vol (GK)  forward test (paper)
  TOURNEY   6d from 2026-10-01  base -0.27%  N2 -0.52%  N3 -0.22%  N2+N3 -0.40%  +K4 -0.41%
            +GK* -0.36%  +K4+GK -0.30%  +GK+DD -0.10%  +GK+XA +0.46%
  DATA      on time  prices 24s  funding booked  book today  shadow 14:00  carry today
            spot pot today
  SESSION   $+0.28 +0.06%
  MONTH     book guard $1.29 of $100.00 used  on marked equity  from $500.00  dial 20%
            ..........................
  RECORD    book closed 9  5W 4L  net $+1.58  fees and funding in
  FEES      no fills yet this run (the book trades at 00:05 UTC)
  ------------------------------------------------------------------------------------------------
 
20:15:55 | 
20:15:55 | ============================================================
20:15:55 | 📊 POSITION SUMMARY (8-MIN UPDATE)
20:15:55 | 💰 Equity: $498.71 marked (the Binance book, an experiment) = cash $501.38 + open $-2.67
20:15:55 | 💵 Available: $436.49 after open P&L | Locked: $62.22
20:15:55 | 📈 Session: $+0.28 (+0.1%)
20:15:55 | 🎯 C510 Book (what trades): 10 positions, gross 0.59x, open $-2.67 | rule C2 N2+N3 + range vol (GK) | closed 9: 5W/4L $+1.58 | since 01 Oct -0.26% (normal)
20:15:55 | ============================================================
20:15:55 | ============================================================
20:15:55 | 🔻 Book guard: $1.29 of $100.00 used this month on marked equity (1%, from $500.00) · realised today -0.03% [C497]
20:15:55 | ============================================================
20:15:55 | 
 
  20:23  up 0h24m  daily book --------------------------------------------------------------------
  PLAN      $999.77 of $1,000.00 ($-0.23)  after tax on net profit $999.77
            Delta vs Pi42 funding gap $999.77  paper
  BELOW     experiments, not your money
  EQUITY    $498.86  unreal $-2.52
  OPEN      no intraday positions  book holds 10 (BOOK row)  free $436.64 after open P&L
  SHADOW    intraday M1 $500.25 (+0.11%)  M1g $516.33 (+3.32%)  6d paper only
  CARRY     $499.07 (-0.15%)  8 held  paper only
  SPOT      $249.08 (-0.37%)  1 held  3% invested  cash earns 6.71%  paper pot
  SAVINGS   idle $311.93 (62%)  at 6.71% +$0.37 so far  ~$1.74/month  paper
  BFUSD     wallet $498.87 at 7.66%  +$0.56 so far  ~$3.18/month  vs Savings $1.74  paper
  DELTA     $500.71 (+0.14%)  8 held  fees $0.38  funding $+0.17
            paper experiment: the book on Delta
  XVENUE    $998.41 (-0.16%)  10 pairs  funding $+5.55  fees $4.87  paper, Delta vs Pi42
  TESTS     every 8 h: ahead $0.01, 1 day  3-day avg: level $0.00, 1 day  paper, vs your daily rule
  BOOK      10 pos gross $296.16 (0.59x)  open $-2.52  funding $-0.04  vol 27% top 20
            rebal 2026-10-07
  CONTEXT   since 01 Oct $-1.14 (-0.23%) in 6.5d  normal -2.8% to +5.8%  bottom 41%: normal
  RULE      C2 N2+N3 + range vol (GK)  forward test (paper)
  TOURNEY   6d from 2026-10-01  base -0.27%  N2 -0.52%  N3 -0.22%  N2+N3 -0.40%  +K4 -0.41%
            +GK* -0.36%  +K4+GK -0.30%  +GK+DD -0.10%  +GK+XA +0.46%
  DATA      on time  prices 17s  funding booked  book today  shadow 14:00  carry today
            spot pot today
  SESSION   $+0.43 +0.09%
  MONTH     book guard $1.14 of $100.00 used  on marked equity  from $500.00  dial 20%
            ..........................
  RECORD    book closed 9  5W 4L  net $+1.58  fees and funding in
  FEES      no fills yet this run (the book trades at 00:05 UTC)
  ------------------------------------------------------------------------------------------------
 
20:23:56 | 
20:23:56 | ============================================================
20:23:56 | 📊 POSITION SUMMARY (8-MIN UPDATE)
20:23:56 | 💰 Equity: $498.86 marked (the Binance book, an experiment) = cash $501.38 + open $-2.52
20:23:56 | 💵 Available: $436.64 after open P&L | Locked: $62.22
20:23:56 | 📈 Session: $+0.43 (+0.1%)
20:23:56 | 🎯 C510 Book (what trades): 10 positions, gross 0.59x, open $-2.52 | rule C2 N2+N3 + range vol (GK) | closed 9: 5W/4L $+1.58 | since 01 Oct -0.23% (normal)
20:23:56 | ============================================================
20:23:56 | ============================================================
20:23:56 | 🔻 Book guard: $1.14 of $100.00 used this month on marked equity (1%, from $500.00) · realised today -0.03% [C497]
20:23:56 | ============================================================
20:23:56 | 
 
  20:31  up 0h32m  daily book --------------------------------------------------------------------
  PLAN      $999.60 of $1,000.00 ($-0.40)  after tax on net profit $999.60
            Delta vs Pi42 funding gap $999.60  paper
  BELOW     experiments, not your money
  EQUITY    $499.01  unreal $-2.37
  OPEN      no intraday positions  book holds 10 (BOOK row)  free $436.79 after open P&L
  SHADOW    intraday M1 $500.25 (+0.11%)  M1g $516.33 (+3.32%)  6d paper only
  CARRY     $499.07 (-0.15%)  8 held  paper only
  SPOT      $249.07 (-0.37%)  1 held  3% invested  cash earns 6.71%  paper pot
  SAVINGS   idle $312.05 (62%)  at 6.71% +$0.37 so far  ~$1.74/month  paper
  BFUSD     wallet $499.03 at 7.66%  +$0.56 so far  ~$3.19/month  vs Savings $1.74  paper
  DELTA     $500.96 (+0.19%)  8 held  fees $0.38  funding $+0.17
            paper experiment: the book on Delta
  XVENUE    $998.41 (-0.16%)  10 pairs  funding $+5.55  fees $4.87  paper, Delta vs Pi42
  TESTS     every 8 h: ahead $0.01, 1 day  3-day avg: level $0.00, 1 day  paper, vs your daily rule
  BOOK      10 pos gross $294.73 (0.59x)  open $-2.37  funding $-0.04  vol 27% top 20
            rebal 2026-10-07
  CONTEXT   since 01 Oct $-0.99 (-0.20%) in 6.5d  normal -2.8% to +5.8%  bottom 42%: normal
  RULE      C2 N2+N3 + range vol (GK)  forward test (paper)
  TOURNEY   6d from 2026-10-01  base -0.27%  N2 -0.52%  N3 -0.22%  N2+N3 -0.40%  +K4 -0.41%
            +GK* -0.36%  +K4+GK -0.30%  +GK+DD -0.10%  +GK+XA +0.46%
  DATA      on time  prices 10s  funding booked  book today  shadow 14:00  carry today
            spot pot today
  SESSION   $+0.58 +0.12%
  MONTH     book guard $0.99 of $100.00 used  on marked equity  from $500.00  dial 20%
            ..........................
  RECORD    book closed 9  5W 4L  net $+1.58  fees and funding in
  FEES      no fills yet this run (the book trades at 00:05 UTC)
  ------------------------------------------------------------------------------------------------
 
20:31:56 | 
20:31:56 | ============================================================
20:31:56 | 📊 POSITION SUMMARY (8-MIN UPDATE)
20:31:56 | 💰 Equity: $499.01 marked (the Binance book, an experiment) = cash $501.38 + open $-2.37
20:31:56 | 💵 Available: $436.79 after open P&L | Locked: $62.22
20:31:56 | 📈 Session: $+0.58 (+0.1%)
20:31:56 | 🎯 C510 Book (what trades): 10 positions, gross 0.59x, open $-2.37 | rule C2 N2+N3 + range vol (GK) | closed 9: 5W/4L $+1.58 | since 01 Oct -0.20% (normal)
20:31:56 | ============================================================
20:31:56 | ============================================================
20:31:56 | 🔻 Book guard: $0.99 of $100.00 used this month on marked equity (1%, from $500.00) · realised today -0.03% [C497]
20:31:56 | ============================================================
20:31:56 | 
20:32:40 |    👻 C489 shadow hour 15:00 UTC: 39 coins scored (full (16 features)), gate shut | M1 $498.92 (-0.16%) M1g $515.89 (+3.24%) over 6d [14s]
 
  20:39  up 0h40m  daily book --------------------------------------------------------------------
  PLAN      $999.67 of $1,000.00 ($-0.33)  after tax on net profit $999.67
            Delta vs Pi42 funding gap $999.67  paper
  BELOW     experiments, not your money
  EQUITY    $499.01  unreal $-2.37
  OPEN      no intraday positions  book holds 10 (BOOK row)  free $436.79 after open P&L
  SHADOW    intraday M1 $498.92 (-0.16%)  M1g $515.89 (+3.24%)  6d paper only
  CARRY     $499.07 (-0.15%)  8 held  paper only
  SPOT      $249.08 (-0.37%)  1 held  3% invested  cash earns 6.71%  paper pot
  SAVINGS   idle $311.97 (62%)  at 6.71% +$0.37 so far  ~$1.74/month  paper
  BFUSD     wallet $498.92 at 7.66%  +$0.56 so far  ~$3.18/month  vs Savings $1.74  paper
  DELTA     $501.00 (+0.20%)  8 held  fees $0.38  funding $+0.17
            paper experiment: the book on Delta
  XVENUE    $998.41 (-0.16%)  10 pairs  funding $+5.55  fees $4.87  paper, Delta vs Pi42
  TESTS     every 8 h: ahead $0.01, 1 day  3-day avg: level $0.00, 1 day  paper, vs your daily rule
  BOOK      10 pos gross $295.65 (0.59x)  open $-2.37  funding $-0.04  vol 27% top 20
            rebal 2026-10-07
  CONTEXT   since 01 Oct $-0.99 (-0.20%) in 6.5d  normal -2.8% to +5.8%  bottom 42%: normal
  RULE      C2 N2+N3 + range vol (GK)  forward test (paper)
  TOURNEY   6d from 2026-10-01  base -0.27%  N2 -0.52%  N3 -0.22%  N2+N3 -0.40%  +K4 -0.41%
            +GK* -0.36%  +K4+GK -0.30%  +GK+DD -0.10%  +GK+XA +0.46%
  DATA      on time  prices 28s  funding booked  book today  shadow 15:00  carry today
            spot pot today
  SESSION   $+0.58 +0.12%
  CURVE     ===+++
  MONTH     book guard $0.99 of $100.00 used  on marked equity  from $500.00  dial 20%
            ..........................
  RECORD    book closed 9  5W 4L  net $+1.58  fees and funding in
  FEES      no fills yet this run (the book trades at 00:05 UTC)
  ------------------------------------------------------------------------------------------------
 
20:39:56 | 
20:39:56 | ============================================================
20:39:56 | 📊 POSITION SUMMARY (8-MIN UPDATE)
20:39:56 | 💰 Equity: $499.01 marked (the Binance book, an experiment) = cash $501.38 + open $-2.37
20:39:56 | 💵 Available: $436.79 after open P&L | Locked: $62.22
20:39:56 | 📈 Session: $+0.58 (+0.1%)
20:39:56 | 🎯 C510 Book (what trades): 10 positions, gross 0.59x, open $-2.37 | rule C2 N2+N3 + range vol (GK) | closed 9: 5W/4L $+1.58 | since 01 Oct -0.20% (normal)
20:39:56 | ============================================================
20:39:56 | ============================================================
20:39:56 | 🔻 Book guard: $0.99 of $100.00 used this month on marked equity (1%, from $500.00) · realised today -0.03% [C497]
20:39:56 | ============================================================
20:39:56 | 
 
  20:47  up 0h48m  daily book --------------------------------------------------------------------
  PLAN      $999.43 of $1,000.00 ($-0.57)  after tax on net profit $999.43
            Delta vs Pi42 funding gap $999.43  paper
  BELOW     experiments, not your money
  EQUITY    $499.31  unreal $-2.07
  OPEN      no intraday positions  book holds 10 (BOOK row)  free $437.09 after open P&L
  SHADOW    intraday M1 $498.92 (-0.16%)  M1g $515.89 (+3.24%)  6d paper only
  CARRY     $499.07 (-0.15%)  8 held  paper only
  SPOT      $249.10 (-0.36%)  1 held  3% invested  cash earns 6.71%  paper pot
  SAVINGS   idle $312.14 (62%)  at 6.71% +$0.37 so far  ~$1.75/month  paper
  BFUSD     wallet $499.15 at 7.66%  +$0.56 so far  ~$3.19/month  vs Savings $1.75  paper
  DELTA     $501.06 (+0.21%)  8 held  fees $0.38  funding $+0.17
            paper experiment: the book on Delta
  XVENUE    $998.41 (-0.16%)  10 pairs  funding $+5.55  fees $4.87  paper, Delta vs Pi42
  TESTS     every 8 h: ahead $0.01, 1 day  3-day avg: level $0.00, 1 day  paper, vs your daily rule
  BOOK      10 pos gross $296.47 (0.59x)  open $-2.08  funding $-0.04  vol 27% top 20
            rebal 2026-10-07
  CONTEXT   since 01 Oct $-0.69 (-0.14%) in 6.5d  normal -2.8% to +5.8%  bottom 43%: normal
  RULE      C2 N2+N3 + range vol (GK)  forward test (paper)
  TOURNEY   6d from 2026-10-01  base -0.27%  N2 -0.52%  N3 -0.22%  N2+N3 -0.40%  +K4 -0.41%
            +GK* -0.36%  +K4+GK -0.30%  +GK+DD -0.10%  +GK+XA +0.46%
  DATA      on time  prices 21s  funding booked  book today  shadow 15:00  carry today
            spot pot today
  SESSION   $+0.88 +0.18%
  CURVE     ====+++
  MONTH     book guard $0.69 of $100.00 used  on marked equity  from $500.00  dial 20%
            ..........................
  RECORD    book closed 9  5W 4L  net $+1.58  fees and funding in
  FEES      no fills yet this run (the book trades at 00:05 UTC)
  ------------------------------------------------------------------------------------------------
 
20:47:57 | 
20:47:57 | ============================================================
20:47:57 | 📊 POSITION SUMMARY (8-MIN UPDATE)
20:47:57 | 💰 Equity: $499.31 marked (the Binance book, an experiment) = cash $501.38 + open $-2.07
20:47:57 | 💵 Available: $437.09 after open P&L | Locked: $62.22
20:47:57 | 📈 Session: $+0.88 (+0.2%)
20:47:57 | 🎯 C510 Book (what trades): 10 positions, gross 0.59x, open $-2.08 | rule C2 N2+N3 + range vol (GK) | closed 9: 5W/4L $+1.58 | since 01 Oct -0.14% (normal)
20:47:57 | ============================================================
20:47:57 | ============================================================
20:47:57 | 🔻 Book guard: $0.69 of $100.00 used this month on marked equity (1%, from $500.00) · realised today -0.03% [C497]
20:47:57 | ============================================================
20:47:57 | 
 
  20:55  up 0h56m  daily book --------------------------------------------------------------------
  PLAN      $999.51 of $1,000.00 ($-0.49)  after tax on net profit $999.51
            Delta vs Pi42 funding gap $999.51  paper
  BELOW     experiments, not your money
  EQUITY    $499.22  unreal $-2.16
  OPEN      no intraday positions  book holds 10 (BOOK row)  free $437.00 after open P&L
  SHADOW    intraday M1 $498.92 (-0.16%)  M1g $515.89 (+3.24%)  6d paper only
  CARRY     $499.07 (-0.15%)  8 held  paper only
  SPOT      $249.09 (-0.36%)  1 held  3% invested  cash earns 6.71%  paper pot
  SAVINGS   idle $312.23 (62%)  at 6.71% +$0.37 so far  ~$1.75/month  paper
  BFUSD     wallet $499.26 at 7.66%  +$0.56 so far  ~$3.19/month  vs Savings $1.75  paper
  DELTA     $500.97 (+0.19%)  8 held  fees $0.38  funding $+0.17
            paper experiment: the book on Delta
  XVENUE    $998.41 (-0.16%)  10 pairs  funding $+5.55  fees $4.87  paper, Delta vs Pi42
  TESTS     every 8 h: ahead $0.01, 1 day  3-day avg: level $0.00, 1 day  paper, vs your daily rule
  BOOK      10 pos gross $295.24 (0.59x)  open $-2.16  funding $-0.04  vol 27% top 20
            rebal 2026-10-07
  CONTEXT   since 01 Oct $-0.78 (-0.16%) in 6.5d  normal -2.8% to +5.8%  bottom 43%: normal
  RULE      C2 N2+N3 + range vol (GK)  forward test (paper)
  TOURNEY   6d from 2026-10-01  base -0.27%  N2 -0.52%  N3 -0.22%  N2+N3 -0.40%  +K4 -0.41%
            +GK* -0.36%  +K4+GK -0.30%  +GK+DD -0.10%  +GK+XA +0.46%
  DATA      on time  prices 14s  funding booked  book today  shadow 15:00  carry today
            spot pot today
  SESSION   $+0.79 +0.16%  peak $499.31  dd 0.02%
  CURVE     ====++++
  MONTH     book guard $0.78 of $100.00 used  on marked equity  from $500.00  dial 20%
            ..........................
  RECORD    book closed 9  5W 4L  net $+1.58  fees and funding in
  FEES      no fills yet this run (the book trades at 00:05 UTC)
  ------------------------------------------------------------------------------------------------
 
20:55:57 | 
20:55:57 | ============================================================
20:55:57 | 📊 POSITION SUMMARY (8-MIN UPDATE)
20:55:57 | 💰 Equity: $499.22 marked (the Binance book, an experiment) = cash $501.38 + open $-2.16
20:55:57 | 💵 Available: $437.00 after open P&L | Locked: $62.22
20:55:57 | 📈 Session: $+0.79 (+0.2%)
20:55:57 | 🎯 C510 Book (what trades): 10 positions, gross 0.59x, open $-2.16 | rule C2 N2+N3 + range vol (GK) | closed 9: 5W/4L $+1.58 | since 01 Oct -0.16% (normal)
20:55:57 | ============================================================
20:55:57 | ============================================================
20:55:57 | 🔻 Book guard: $0.78 of $100.00 used this month on marked equity (1%, from $500.00) · realised today -0.03% [C497]
20:55:57 | ============================================================
20:55:57 | 
 
  21:03  up 1h04m  daily book --------------------------------------------------------------------
  PLAN      $999.64 of $1,000.00 ($-0.36)  after tax on net profit $999.64
            Delta vs Pi42 funding gap $999.64  paper
  BELOW     experiments, not your money
  EQUITY    $499.36  unreal $-2.02
  OPEN      no intraday positions  book holds 10 (BOOK row)  free $437.14 after open P&L
  SHADOW    intraday M1 $498.92 (-0.16%)  M1g $515.89 (+3.24%)  6d paper only
  CARRY     $499.07 (-0.15%)  8 held  paper only
  SPOT      $249.11 (-0.36%)  1 held  3% invested  cash earns 6.71%  paper pot
  SAVINGS   idle $312.25 (62%)  at 6.71% +$0.37 so far  ~$1.75/month  paper
  BFUSD     wallet $499.29 at 7.66%  +$0.56 so far  ~$3.19/month  vs Savings $1.75  paper
  DELTA     $500.90 (+0.18%)  8 held  fees $0.38  funding $+0.17
            paper experiment: the book on Delta
  XVENUE    $998.41 (-0.16%)  10 pairs  funding $+5.55  fees $4.87  paper, Delta vs Pi42
  TESTS     every 8 h: ahead $0.01, 1 day  3-day avg: level $0.00, 1 day  paper, vs your daily rule
  BOOK      10 pos gross $297.16 (0.59x)  open $-2.02  funding $-0.04  vol 27% top 20
            rebal 2026-10-07
  CONTEXT   since 01 Oct $-0.64 (-0.13%) in 6.5d  normal -2.8% to +5.8%  bottom 43%: normal
  RULE      C2 N2+N3 + range vol (GK)  forward test (paper)
  TOURNEY   6d from 2026-10-01  base -0.27%  N2 -0.52%  N3 -0.22%  N2+N3 -0.40%  +K4 -0.41%
            +GK* -0.36%  +K4+GK -0.30%  +GK+DD -0.10%  +GK+XA +0.46%
  DATA      on time  prices 7s  funding booked  book today  shadow 15:00  carry today
            spot pot today
  SESSION   $+0.93 +0.19%
  CURVE     ====+++++
  MONTH     book guard $0.64 of $100.00 used  on marked equity  from $500.00  dial 20%
            ..........................
  RECORD    book closed 9  5W 4L  net $+1.58  fees and funding in
  FEES      no fills yet this run (the book trades at 00:05 UTC)
  ------------------------------------------------------------------------------------------------
 
21:03:58 | 
21:03:58 | ============================================================
21:03:58 | 📊 POSITION SUMMARY (8-MIN UPDATE)
21:03:58 | 💰 Equity: $499.36 marked (the Binance book, an experiment) = cash $501.38 + open $-2.02
21:03:58 | 💵 Available: $437.14 after open P&L | Locked: $62.22
21:03:58 | 📈 Session: $+0.93 (+0.2%)
21:03:58 | 🎯 C510 Book (what trades): 10 positions, gross 0.59x, open $-2.02 | rule C2 N2+N3 + range vol (GK) | closed 9: 5W/4L $+1.58 | since 01 Oct -0.13% (normal)
21:03:58 | ============================================================
21:03:58 | ============================================================
21:03:58 | 🔻 Book guard: $0.64 of $100.00 used this month on marked equity (1%, from $500.00) · realised today -0.03% [C497]
21:03:58 | ============================================================
21:03:58 | 
 
  21:11  up 1h12m  daily book --------------------------------------------------------------------
  PLAN      $999.43 of $1,000.00 ($-0.57)  after tax on net profit $999.43
            Delta vs Pi42 funding gap $999.43  paper
  BELOW     experiments, not your money
  EQUITY    $499.50  unreal $-1.88
  OPEN      no intraday positions  book holds 10 (BOOK row)  free $437.28 after open P&L
  SHADOW    intraday M1 $498.92 (-0.16%)  M1g $515.89 (+3.24%)  6d paper only
  CARRY     $499.07 (-0.15%)  8 held  paper only
  SPOT      $249.12 (-0.35%)  1 held  3% invested  cash earns 6.71%  paper pot
  SAVINGS   idle $312.37 (62%)  at 6.71% +$0.37 so far  ~$1.75/month  paper
  BFUSD     wallet $499.45 at 7.66%  +$0.56 so far  ~$3.19/month  vs Savings $1.75  paper
  DELTA     $501.56 (+0.31%)  8 held  fees $0.38  funding $+0.17
            paper experiment: the book on Delta
  XVENUE    $998.41 (-0.16%)  10 pairs  funding $+5.55  fees $4.87  paper, Delta vs Pi42
  TESTS     every 8 h: ahead $0.01, 1 day  3-day avg: level $0.00, 1 day  paper, vs your daily rule
  BOOK      10 pos gross $297.34 (0.59x)  open $-1.88  funding $-0.04  vol 27% top 20
            rebal 2026-10-07
  CONTEXT   since 01 Oct $-0.50 (-0.10%) in 6.5d  normal -2.8% to +5.8%  bottom 44%: normal
  RULE      C2 N2+N3 + range vol (GK)  forward test (paper)
  TOURNEY   6d from 2026-10-01  base -0.27%  N2 -0.52%  N3 -0.22%  N2+N3 -0.40%  +K4 -0.41%
            +GK* -0.36%  +K4+GK -0.30%  +GK+DD -0.10%  +GK+XA +0.46%
  DATA      on time  prices 0s  funding booked  book today  shadow 15:00  carry today
            spot pot today
  SESSION   $+1.07 +0.22%
  CURVE     ====++++++
  MONTH     book guard $0.50 of $100.00 used  on marked equity  from $500.00  dial 20%
            ..........................
  RECORD    book closed 9  5W 4L  net $+1.58  fees and funding in
  FEES      no fills yet this run (the book trades at 00:05 UTC)
  ------------------------------------------------------------------------------------------------
 
21:11:58 | 
21:11:58 | ============================================================
21:11:58 | 📊 POSITION SUMMARY (8-MIN UPDATE)
21:11:58 | 💰 Equity: $499.50 marked (the Binance book, an experiment) = cash $501.38 + open $-1.88
21:11:58 | 💵 Available: $437.28 after open P&L | Locked: $62.22
21:11:58 | 📈 Session: $+1.07 (+0.2%)
21:11:58 | 🎯 C510 Book (what trades): 10 positions, gross 0.59x, open $-1.88 | rule C2 N2+N3 + range vol (GK) | closed 9: 5W/4L $+1.58 | since 01 Oct -0.10% (normal)
21:11:58 | ============================================================
21:11:58 | ============================================================
21:11:58 | 🔻 Book guard: $0.50 of $100.00 used this month on marked equity (0%, from $500.00) · realised today -0.03% [C497]
21:11:58 | ============================================================
21:11:58 | 
 
  21:19  up 1h20m  daily book --------------------------------------------------------------------
  PLAN      $999.38 of $1,000.00 ($-0.62)  after tax on net profit $999.38
            Delta vs Pi42 funding gap $999.38  paper
  BELOW     experiments, not your money
  EQUITY    $499.59  unreal $-1.79
  OPEN      no intraday positions  book holds 10 (BOOK row)  free $437.37 after open P&L
  SHADOW    intraday M1 $498.92 (-0.16%)  M1g $515.89 (+3.24%)  6d paper only
  CARRY     $499.07 (-0.15%)  8 held  paper only
  SPOT      $249.12 (-0.35%)  1 held  3% invested  cash earns 6.71%  paper pot
  SAVINGS   idle $312.47 (62%)  at 6.71% +$0.37 so far  ~$1.75/month  paper
  BFUSD     wallet $499.59 at 7.66%  +$0.57 so far  ~$3.19/month  vs Savings $1.75  paper
  DELTA     $501.63 (+0.33%)  8 held  fees $0.38  funding $+0.17
            paper experiment: the book on Delta
  XVENUE    $998.41 (-0.16%)  10 pairs  funding $+5.55  fees $4.87  paper, Delta vs Pi42
  TESTS     every 8 h: ahead $0.01, 1 day  3-day avg: level $0.00, 1 day  paper, vs your daily rule
  BOOK      10 pos gross $297.16 (0.59x)  open $-1.79  funding $-0.04  vol 27% top 20
            rebal 2026-10-07
  CONTEXT   since 01 Oct $-0.41 (-0.08%) in 6.5d  normal -2.8% to +5.8%  bottom 44%: normal
  RULE      C2 N2+N3 + range vol (GK)  forward test (paper)
  TOURNEY   6d from 2026-10-01  base -0.27%  N2 -0.52%  N3 -0.22%  N2+N3 -0.40%  +K4 -0.41%
            +GK* -0.36%  +K4+GK -0.30%  +GK+DD -0.10%  +GK+XA +0.46%
  DATA      on time  prices 34s  funding booked  book today  shadow 15:00  carry today
            spot pot today
  SESSION   $+1.16 +0.23%
  CURVE     ====+++++++
  MONTH     book guard $0.41 of $100.00 used  on marked equity  from $500.00  dial 20%
            ..........................
  RECORD    book closed 9  5W 4L  net $+1.58  fees and funding in
  FEES      no fills yet this run (the book trades at 00:05 UTC)
  ------------------------------------------------------------------------------------------------
 
21:19:59 | 
21:19:59 | ============================================================
21:19:59 | 📊 POSITION SUMMARY (8-MIN UPDATE)
21:19:59 | 💰 Equity: $499.59 marked (the Binance book, an experiment) = cash $501.38 + open $-1.79
21:19:59 | 💵 Available: $437.37 after open P&L | Locked: $62.22
21:19:59 | 📈 Session: $+1.16 (+0.2%)
21:19:59 | 🎯 C510 Book (what trades): 10 positions, gross 0.59x, open $-1.79 | rule C2 N2+N3 + range vol (GK) | closed 9: 5W/4L $+1.58 | since 01 Oct -0.08% (normal)
21:19:59 | ============================================================
21:19:59 | ============================================================
21:19:59 | 🔻 Book guard: $0.41 of $100.00 used this month on marked equity (0%, from $500.00) · realised today -0.03% [C497]
21:19:59 | ============================================================
21:19:59 | 
 
  21:28  up 1h28m  daily book --------------------------------------------------------------------
  PLAN      $999.35 of $1,000.00 ($-0.65)  after tax on net profit $999.35
            Delta vs Pi42 funding gap $999.35  paper
  BELOW     experiments, not your money
  EQUITY    $499.74  unreal $-1.64
  OPEN      no intraday positions  book holds 10 (BOOK row)  free $437.52 after open P&L
  SHADOW    intraday M1 $498.92 (-0.16%)  M1g $515.89 (+3.24%)  6d paper only
  CARRY     $499.07 (-0.15%)  8 held  paper only
  SPOT      $249.13 (-0.35%)  1 held  3% invested  cash earns 6.71%  paper pot
  SAVINGS   idle $312.59 (62%)  at 6.71% +$0.37 so far  ~$1.75/month  paper
  BFUSD     wallet $499.74 at 7.66%  +$0.57 so far  ~$3.19/month  vs Savings $1.75  paper
  DELTA     $501.64 (+0.33%)  8 held  fees $0.38  funding $+0.17
            paper experiment: the book on Delta
  XVENUE    $998.41 (-0.16%)  10 pairs  funding $+5.55  fees $4.87  paper, Delta vs Pi42
  TESTS     every 8 h: ahead $0.01, 1 day  3-day avg: level $0.00, 1 day  paper, vs your daily rule
  BOOK      10 pos gross $297.57 (0.59x)  open $-1.64  funding $-0.04  vol 27% top 20
            rebal 2026-10-07
  CONTEXT   since 01 Oct $-0.26 (-0.05%) in 6.5d  normal -2.8% to +5.8%  bottom 44%: normal
  RULE      C2 N2+N3 + range vol (GK)  forward test (paper)
  TOURNEY   6d from 2026-10-01  base -0.27%  N2 -0.52%  N3 -0.22%  N2+N3 -0.40%  +K4 -0.41%
            +GK* -0.36%  +K4+GK -0.30%  +GK+DD -0.10%  +GK+XA +0.46%
  DATA      on time  prices 28s  funding booked  book today  shadow 15:00  carry today
            spot pot today
  SESSION   $+1.31 +0.26%
  CURVE     ======++++++
  MONTH     book guard $0.26 of $100.00 used  on marked equity  from $500.00  dial 20%
            ..........................
  RECORD    book closed 9  5W 4L  net $+1.58  fees and funding in
  FEES      no fills yet this run (the book trades at 00:05 UTC)
  ------------------------------------------------------------------------------------------------
 
21:28:00 | 
21:28:00 | ============================================================
21:28:00 | 📊 POSITION SUMMARY (8-MIN UPDATE)
21:28:00 | 💰 Equity: $499.74 marked (the Binance book, an experiment) = cash $501.38 + open $-1.64
21:28:00 | 💵 Available: $437.52 after open P&L | Locked: $62.22
21:28:00 | 📈 Session: $+1.31 (+0.3%)
21:28:00 | 🎯 C510 Book (what trades): 10 positions, gross 0.59x, open $-1.64 | rule C2 N2+N3 + range vol (GK) | closed 9: 5W/4L $+1.58 | since 01 Oct -0.05% (normal)
21:28:00 | ============================================================
21:28:00 | ============================================================
21:28:00 | 🔻 Book guard: $0.26 of $100.00 used this month on marked equity (0%, from $500.00) · realised today -0.03% [C497]
21:28:00 | ============================================================
21:28:00 | 
21:32:20 |    👻 C489 shadow hour 16:00 UTC: 39 coins scored (full (16 features)), gate shut | M1 $499.29 (-0.09%) M1g $515.89 (+3.24%) over 6d [3s]
 
  21:36  up 1h36m  daily book --------------------------------------------------------------------
  PLAN      $999.83 of $1,000.00 ($-0.17)  after tax on net profit $999.83
            Delta vs Pi42 funding gap $999.83  paper
  BELOW     experiments, not your money
  EQUITY    $500.01  unreal $-1.37
  OPEN      no intraday positions  book holds 10 (BOOK row)  free $437.79 after open P&L
  SHADOW    intraday M1 $499.29 (-0.09%)  M1g $515.89 (+3.24%)  6d paper only
  CARRY     $499.07 (-0.15%)  8 held  paper only
  SPOT      $249.16 (-0.34%)  1 held  3% invested  cash earns 6.71%  paper pot
  SAVINGS   idle $312.79 (63%)  at 6.71% +$0.38 so far  ~$1.75/month  paper
  BFUSD     wallet $500.01 at 7.66%  +$0.57 so far  ~$3.19/month  vs Savings $1.75  paper
  DELTA     $501.92 (+0.38%)  8 held  fees $0.38  funding $+0.16
            paper experiment: the book on Delta
  XVENUE    $998.41 (-0.16%)  10 pairs  funding $+5.55  fees $4.87  paper, Delta vs Pi42
  TESTS     every 8 h: ahead $0.01, 1 day  3-day avg: level $0.00, 1 day  paper, vs your daily rule
  BOOK      10 pos gross $298.77 (0.60x)  open $-1.37  funding $-0.04  vol 27% top 20
            rebal 2026-10-07
  CONTEXT   since 01 Oct $+0.01 (+0.00%) in 6.5d  normal -2.8% to +5.8%  bottom 45%: normal
  RULE      C2 N2+N3 + range vol (GK)  forward test (paper)
  TOURNEY   6d from 2026-10-01  base -0.27%  N2 -0.52%  N3 -0.22%  N2+N3 -0.40%  +K4 -0.41%
            +GK* -0.36%  +K4+GK -0.30%  +GK+DD -0.10%  +GK+XA +0.46%
  DATA      on time  prices 22s  funding booked  book today  shadow 16:00  carry today
            spot pot today
  SESSION   $+1.58 +0.32%
  CURVE     ======+++++++
  MONTH     book guard $0.00 of $100.00 used  on marked equity  from $500.00  dial 20%
            ..........................
  RECORD    book closed 9  5W 4L  net $+1.58  fees and funding in
  FEES      no fills yet this run (the book trades at 00:05 UTC)
  ------------------------------------------------------------------------------------------------
 
21:36:00 | 
21:36:00 | ============================================================
21:36:00 | 📊 POSITION SUMMARY (8-MIN UPDATE)
21:36:00 | 💰 Equity: $500.01 marked (the Binance book, an experiment) = cash $501.38 + open $-1.37
21:36:00 | 💵 Available: $437.79 after open P&L | Locked: $62.22
21:36:00 | 📈 Session: $+1.58 (+0.3%)
21:36:00 | 🎯 C510 Book (what trades): 10 positions, gross 0.60x, open $-1.37 | rule C2 N2+N3 + range vol (GK) | closed 9: 5W/4L $+1.58 | since 01 Oct +0.00% (normal)
21:36:00 | ============================================================
21:36:00 | ============================================================
21:36:00 | 🔻 Book guard: $0.00 of $100.00 used this month on marked equity (0%, from $500.00) · realised today -0.03% [C497]
21:36:00 | ============================================================
21:36:00 | 
 
  21:44  up 1h44m  daily book --------------------------------------------------------------------
  PLAN      $999.82 of $1,000.00 ($-0.18)  after tax on net profit $999.82
            Delta vs Pi42 funding gap $999.82  paper
  BELOW     experiments, not your money
  EQUITY    $500.04  unreal $-1.34
  OPEN      no intraday positions  book holds 10 (BOOK row)  free $437.82 after open P&L
  SHADOW    intraday M1 $499.29 (-0.09%)  M1g $515.89 (+3.24%)  6d paper only
  CARRY     $499.07 (-0.15%)  8 held  paper only
  SPOT      $249.14 (-0.34%)  1 held  3% invested  cash earns 6.71%  paper pot
  SAVINGS   idle $312.81 (63%)  at 6.71% +$0.38 so far  ~$1.75/month  paper
  BFUSD     wallet $500.04 at 7.66%  +$0.57 so far  ~$3.19/month  vs Savings $1.75  paper
  DELTA     $502.08 (+0.42%)  8 held  fees $0.38  funding $+0.16
            paper experiment: the book on Delta
  XVENUE    $998.41 (-0.16%)  10 pairs  funding $+5.55  fees $4.87  paper, Delta vs Pi42
  TESTS     every 8 h: ahead $0.01, 1 day  3-day avg: level $0.00, 1 day  paper, vs your daily rule
  BOOK      10 pos gross $298.36 (0.60x)  open $-1.34  funding $-0.04  vol 27% top 20
            rebal 2026-10-07
  CONTEXT   since 01 Oct $+0.04 (+0.01%) in 6.5d  normal -2.8% to +5.8%  bottom 45%: normal
  RULE      C2 N2+N3 + range vol (GK)  forward test (paper)
  TOURNEY   6d from 2026-10-01  base -0.27%  N2 -0.52%  N3 -0.22%  N2+N3 -0.40%  +K4 -0.41%
            +GK* -0.36%  +K4+GK -0.30%  +GK+DD -0.10%  +GK+XA +0.46%
  DATA      on time  prices 16s  funding booked  book today  shadow 16:00  carry today
            spot pot today
  SESSION   $+1.61 +0.32%
  CURVE     ======+=++++++
  MONTH     book guard $0.00 of $100.00 used  on marked equity  from $500.00  dial 20%
            ..........................
  RECORD    book closed 9  5W 4L  net $+1.58  fees and funding in
  FEES      no fills yet this run (the book trades at 00:05 UTC)
  ------------------------------------------------------------------------------------------------
 
21:44:01 | 
21:44:01 | ============================================================
21:44:01 | 📊 POSITION SUMMARY (8-MIN UPDATE)
21:44:01 | 💰 Equity: $500.04 marked (the Binance book, an experiment) = cash $501.38 + open $-1.34
21:44:01 | 💵 Available: $437.82 after open P&L | Locked: $62.22
21:44:01 | 📈 Session: $+1.61 (+0.3%)
21:44:01 | 🎯 C510 Book (what trades): 10 positions, gross 0.60x, open $-1.34 | rule C2 N2+N3 + range vol (GK) | closed 9: 5W/4L $+1.58 | since 01 Oct +0.01% (normal)
21:44:01 | ============================================================
21:44:01 | ============================================================
21:44:01 | 🔻 Book guard: $0.00 of $100.00 used this month on marked equity (0%, from $500.00) · realised today -0.03% [C497]
21:44:01 | ============================================================
21:44:01 | 
 
  21:52  up 1h52m  daily book --------------------------------------------------------------------
  PLAN      $999.74 of $1,000.00 ($-0.26)  after tax on net profit $999.74
            Delta vs Pi42 funding gap $999.74  paper
  BELOW     experiments, not your money
  EQUITY    $500.14  unreal $-1.24
  OPEN      no intraday positions  book holds 10 (BOOK row)  free $437.92 after open P&L
  SHADOW    intraday M1 $499.29 (-0.09%)  M1g $515.89 (+3.24%)  6d paper only
  CARRY     $499.07 (-0.15%)  8 held  paper only
  SPOT      $249.15 (-0.34%)  1 held  3% invested  cash earns 6.71%  paper pot
  SAVINGS   idle $312.88 (63%)  at 6.71% +$0.38 so far  ~$1.75/month  paper
  BFUSD     wallet $500.14 at 7.66%  +$0.57 so far  ~$3.19/month  vs Savings $1.75  paper
  DELTA     $502.04 (+0.41%)  8 held  fees $0.38  funding $+0.16
            paper experiment: the book on Delta
  XVENUE    $998.41 (-0.16%)  10 pairs  funding $+5.55  fees $4.87  paper, Delta vs Pi42
  TESTS     every 8 h: ahead $0.01, 1 day  3-day avg: level $0.00, 1 day  paper, vs your daily rule
  BOOK      10 pos gross $298.54 (0.60x)  open $-1.24  funding $-0.04  vol 27% top 20
            rebal 2026-10-07
  CONTEXT   since 01 Oct $+0.14 (+0.03%) in 6.5d  normal -2.8% to +5.8%  bottom 46%: normal
  RULE      C2 N2+N3 + range vol (GK)  forward test (paper)
  TOURNEY   6d from 2026-10-01  base -0.27%  N2 -0.52%  N3 -0.22%  N2+N3 -0.40%  +K4 -0.41%
            +GK* -0.36%  +K4+GK -0.30%  +GK+DD -0.10%  +GK+XA +0.46%
  DATA      on time  prices 10s  funding booked  book today  shadow 16:00  carry today
            spot pot today
  SESSION   $+1.71 +0.34%
  CURVE     ======+=+++++++
  MONTH     book guard $0.00 of $100.00 used  on marked equity  from $500.00  dial 20%
            ..........................
  RECORD    book closed 9  5W 4L  net $+1.58  fees and funding in
  FEES      no fills yet this run (the book trades at 00:05 UTC)
  ------------------------------------------------------------------------------------------------
 
21:52:01 | 
21:52:01 | ============================================================
21:52:01 | 📊 POSITION SUMMARY (8-MIN UPDATE)
21:52:01 | 💰 Equity: $500.14 marked (the Binance book, an experiment) = cash $501.38 + open $-1.24
21:52:01 | 💵 Available: $437.92 after open P&L | Locked: $62.22
21:52:01 | 📈 Session: $+1.71 (+0.3%)
21:52:01 | 🎯 C510 Book (what trades): 10 positions, gross 0.60x, open $-1.24 | rule C2 N2+N3 + range vol (GK) | closed 9: 5W/4L $+1.58 | since 01 Oct +0.03% (normal)
21:52:01 | ============================================================
21:52:01 | ============================================================
21:52:01 | 🔻 Book guard: $0.00 of $100.00 used this month on marked equity (0%, from $500.00) · realised today -0.03% [C497]
21:52:01 | ============================================================
21:52:01 | 
 
  22:00  up 2h00m  daily book --------------------------------------------------------------------
  PLAN      $1,000.01 of $1,000.00 ($+0.01)  after tax on net profit $1,000.01
            Delta vs Pi42 funding gap $1,000.01  paper
  BELOW     experiments, not your money
  EQUITY    $500.14  unreal $-1.24
  OPEN      no intraday positions  book holds 10 (BOOK row)  free $437.92 after open P&L
  SHADOW    intraday M1 $499.29 (-0.09%)  M1g $515.89 (+3.24%)  6d paper only
  CARRY     $499.07 (-0.15%)  8 held  paper only
  SPOT      $249.15 (-0.34%)  1 held  3% invested  cash earns 6.71%  paper pot
  SAVINGS   idle $312.92 (63%)  at 6.71% +$0.38 so far  ~$1.75/month  paper
  BFUSD     wallet $500.19 at 7.66%  +$0.57 so far  ~$3.19/month  vs Savings $1.75  paper
  DELTA     $501.92 (+0.38%)  8 held  fees $0.38  funding $+0.16
            paper experiment: the book on Delta
  XVENUE    $998.41 (-0.16%)  10 pairs  funding $+5.55  fees $4.87  paper, Delta vs Pi42
  TESTS     every 8 h: ahead $0.01, 1 day  3-day avg: level $0.00, 1 day  paper, vs your daily rule
  BOOK      10 pos gross $298.01 (0.60x)  open $-1.24  funding $-0.04  vol 27% top 20
            rebal 2026-10-07
  CONTEXT   since 01 Oct $+0.14 (+0.03%) in 6.5d  normal -2.8% to +5.8%  bottom 46%: normal
  RULE      C2 N2+N3 + range vol (GK)  forward test (paper)
  TOURNEY   6d from 2026-10-01  base -0.27%  N2 -0.52%  N3 -0.22%  N2+N3 -0.40%  +K4 -0.41%
            +GK* -0.36%  +K4+GK -0.30%  +GK+DD -0.10%  +GK+XA +0.46%
  DATA      on time  prices 2s  funding booked  book today  shadow 16:00  carry today
            spot pot today
  SESSION   $+1.71 +0.34%
  CURVE     ======+=++++++++
  MONTH     book guard $0.00 of $100.00 used  on marked equity  from $500.00  dial 20%
            ..........................
  RECORD    book closed 9  5W 4L  net $+1.58  fees and funding in
  FEES      no fills yet this run (the book trades at 00:05 UTC)
  ------------------------------------------------------------------------------------------------
 
22:00:01 | 
22:00:01 | ============================================================
22:00:01 | 📊 POSITION SUMMARY (8-MIN UPDATE)
22:00:01 | 💰 Equity: $500.14 marked (the Binance book, an experiment) = cash $501.38 + open $-1.24
22:00:01 | 💵 Available: $437.92 after open P&L | Locked: $62.22
22:00:01 | 📈 Session: $+1.71 (+0.3%)
22:00:01 | 🎯 C510 Book (what trades): 10 positions, gross 0.60x, open $-1.24 | rule C2 N2+N3 + range vol (GK) | closed 9: 5W/4L $+1.58 | since 01 Oct +0.03% (normal)
22:00:01 | ============================================================
22:00:01 | ============================================================
22:00:01 | 🔻 Book guard: $0.00 of $100.00 used this month on marked equity (0%, from $500.00) · realised today -0.03% [C497]
22:00:01 | ============================================================
22:00:01 | 
22:00:33 |    🧪 C538 test "Checks every 8 hours" (paper, not your plan) 22:00 IST: +0.87 -> $999.68 | 10 pairs, 10 the same as yours [13s]
 
  22:08  up 2h08m  daily book --------------------------------------------------------------------
  PLAN      $999.68 of $1,000.00 ($-0.32)  after tax on net profit $999.68
            Delta vs Pi42 funding gap $999.68  paper
  BELOW     experiments, not your money
  EQUITY    $500.22  unreal $-1.16
  OPEN      no intraday positions  book holds 10 (BOOK row)  free $438.00 after open P&L
  SHADOW    intraday M1 $499.29 (-0.09%)  M1g $515.89 (+3.24%)  6d paper only
  CARRY     $499.07 (-0.15%)  8 held  paper only
  SPOT      $249.15 (-0.34%)  1 held  3% invested  cash earns 6.71%  paper pot
  SAVINGS   idle $313.01 (63%)  at 6.71% +$0.38 so far  ~$1.75/month  paper
  BFUSD     wallet $500.31 at 7.66%  +$0.57 so far  ~$3.19/month  vs Savings $1.75  paper
  DELTA     $502.14 (+0.43%)  8 held  fees $0.38  funding $+0.16
            paper experiment: the book on Delta
  XVENUE    $998.41 (-0.16%)  10 pairs  funding $+5.55  fees $4.87  paper, Delta vs Pi42
  TESTS     every 8 h: ahead $0.01, 1 day  3-day avg: level $0.00, 1 day  paper, vs your daily rule
  BOOK      10 pos gross $298.32 (0.60x)  open $-1.16  funding $-0.04  vol 27% top 20
            rebal 2026-10-07
  CONTEXT   since 01 Oct $+0.22 (+0.04%) in 6.5d  normal -2.8% to +5.8%  bottom 46%: normal
  RULE      C2 N2+N3 + range vol (GK)  forward test (paper)
  TOURNEY   6d from 2026-10-01  base -0.27%  N2 -0.52%  N3 -0.22%  N2+N3 -0.40%  +K4 -0.41%
            +GK* -0.36%  +K4+GK -0.30%  +GK+DD -0.10%  +GK+XA +0.46%
  DATA      on time  prices 14s  funding booked  book today  shadow 16:00  carry today
            spot pot today
  SESSION   $+1.79 +0.36%
  CURVE     ========+++++++++
  MONTH     book guard $0.00 of $100.00 used  on marked equity  from $500.00  dial 20%
            ..........................
  RECORD    book closed 9  5W 4L  net $+1.58  fees and funding in
  FEES      no fills yet this run (the book trades at 00:05 UTC)
  ------------------------------------------------------------------------------------------------
 
22:08:02 | 
22:08:02 | ============================================================
22:08:02 | 📊 POSITION SUMMARY (8-MIN UPDATE)
22:08:02 | 💰 Equity: $500.22 marked (the Binance book, an experiment) = cash $501.38 + open $-1.16
22:08:02 | 💵 Available: $438.00 after open P&L | Locked: $62.22
22:08:02 | 📈 Session: $+1.79 (+0.4%)
22:08:02 | 🎯 C510 Book (what trades): 10 positions, gross 0.60x, open $-1.16 | rule C2 N2+N3 + range vol (GK) | closed 9: 5W/4L $+1.58 | since 01 Oct +0.04% (normal)
22:08:02 | ============================================================
22:08:02 | ============================================================
22:08:02 | 🔻 Book guard: $0.00 of $100.00 used this month on marked equity (0%, from $500.00) · realised today -0.03% [C497]
22:08:02 | ============================================================
22:08:02 | 
 
  22:16  up 2h16m  daily book --------------------------------------------------------------------
  PLAN      $999.78 of $1,000.00 ($-0.22)  after tax on net profit $999.78
            Delta vs Pi42 funding gap $999.78  paper
  BELOW     experiments, not your money
  EQUITY    $500.61  unreal $-0.77
  OPEN      no intraday positions  book holds 10 (BOOK row)  free $438.39 after open P&L
  SHADOW    intraday M1 $499.29 (-0.09%)  M1g $515.89 (+3.24%)  6d paper only
  CARRY     $499.07 (-0.15%)  8 held  paper only
  SPOT      $249.14 (-0.35%)  1 held  3% invested  cash earns 6.71%  paper pot
  SAVINGS   idle $313.24 (63%)  at 6.71% +$0.38 so far  ~$1.75/month  paper
  BFUSD     wallet $500.61 at 7.66%  +$0.57 so far  ~$3.20/month  vs Savings $1.75  paper
  DELTA     $502.13 (+0.43%)  8 held  fees $0.38  funding $+0.16
            paper experiment: the book on Delta
  XVENUE    $998.41 (-0.16%)  10 pairs  funding $+5.55  fees $4.87  paper, Delta vs Pi42
  TESTS     every 8 h: ahead $0.01, 1 day  3-day avg: level $0.00, 1 day  paper, vs your daily rule
  BOOK      10 pos gross $297.66 (0.59x)  open $-0.77  funding $-0.04  vol 27% top 20
            rebal 2026-10-07
  CONTEXT   since 01 Oct $+0.61 (+0.12%) in 6.5d  normal -2.8% to +5.8%  bottom 47%: normal
  RULE      C2 N2+N3 + range vol (GK)  forward test (paper)
  TOURNEY   6d from 2026-10-01  base -0.27%  N2 -0.52%  N3 -0.22%  N2+N3 -0.40%  +K4 -0.41%
            +GK* -0.36%  +K4+GK -0.30%  +GK+DD -0.10%  +GK+XA +0.46%
  DATA      on time  prices 6s  funding booked  book today  shadow 16:00  carry today
            spot pot today
  SESSION   $+2.18 +0.44%
  CURVE     ==========++++++++
  MONTH     book guard $0.00 of $100.00 used  on marked equity  from $500.00  dial 20%
            ..........................
  RECORD    book closed 9  5W 4L  net $+1.58  fees and funding in
  FEES      no fills yet this run (the book trades at 00:05 UTC)
  ------------------------------------------------------------------------------------------------
 
22:16:02 | 
22:16:02 | ============================================================
22:16:02 | 📊 POSITION SUMMARY (8-MIN UPDATE)
22:16:02 | 💰 Equity: $500.61 marked (the Binance book, an experiment) = cash $501.38 + open $-0.77
22:16:02 | 💵 Available: $438.39 after open P&L | Locked: $62.22
22:16:02 | 📈 Session: $+2.18 (+0.4%)
22:16:02 | 🎯 C510 Book (what trades): 10 positions, gross 0.59x, open $-0.77 | rule C2 N2+N3 + range vol (GK) | closed 9: 5W/4L $+1.58 | since 01 Oct +0.12% (normal)
22:16:02 | ============================================================
22:16:02 | ============================================================
22:16:02 | 🔻 Book guard: $0.00 of $100.00 used this month on marked equity (0%, from $500.00) · realised today -0.03% [C497]
22:16:02 | ============================================================
22:16:02 | 
 
  22:24  up 2h24m  daily book --------------------------------------------------------------------
  PLAN      $999.27 of $1,000.00 ($-0.73)  after tax on net profit $999.27
            Delta vs Pi42 funding gap $999.27  paper
  BELOW     experiments, not your money
  EQUITY    $500.77  unreal $-0.61
  OPEN      no intraday positions  book holds 10 (BOOK row)  free $438.55 after open P&L
  SHADOW    intraday M1 $499.29 (-0.09%)  M1g $515.89 (+3.24%)  6d paper only
  CARRY     $499.07 (-0.15%)  8 held  paper only
  SPOT      $249.14 (-0.35%)  1 held  3% invested  cash earns 6.71%  paper pot
  SAVINGS   idle $313.47 (63%)  at 6.71% +$0.38 so far  ~$1.75/month  paper
  BFUSD     wallet $500.92 at 7.66%  +$0.57 so far  ~$3.20/month  vs Savings $1.75  paper
  DELTA     $502.36 (+0.47%)  8 held  fees $0.38  funding $+0.16
            paper experiment: the book on Delta
  XVENUE    $998.41 (-0.16%)  10 pairs  funding $+5.55  fees $4.87  paper, Delta vs Pi42
  TESTS     every 8 h: ahead $0.01, 1 day  3-day avg: level $0.00, 1 day  paper, vs your daily rule
  BOOK      10 pos gross $297.32 (0.59x)  open $-0.60  funding $-0.04  vol 27% top 20
            rebal 2026-10-07
  CONTEXT   since 01 Oct $+0.77 (+0.15%) in 6.5d  normal -2.8% to +5.8%  bottom 48%: normal
  RULE      C2 N2+N3 + range vol (GK)  forward test (paper)
  TOURNEY   6d from 2026-10-01  base -0.27%  N2 -0.52%  N3 -0.22%  N2+N3 -0.40%  +K4 -0.41%
            +GK* -0.36%  +K4+GK -0.30%  +GK+DD -0.10%  +GK+XA +0.46%
  DATA      on time  prices 0s  funding booked  book today  shadow 16:00  carry today
            spot pot today
  SESSION   $+2.34 +0.47%
  CURVE     ===========++++++++
  MONTH     book guard $0.00 of $100.00 used  on marked equity  from $500.00  dial 20%
            ..........................
  RECORD    book closed 9  5W 4L  net $+1.58  fees and funding in
  FEES      no fills yet this run (the book trades at 00:05 UTC)
  ------------------------------------------------------------------------------------------------
 
22:24:02 | 
22:24:02 | ============================================================
22:24:02 | 📊 POSITION SUMMARY (8-MIN UPDATE)
22:24:02 | 💰 Equity: $500.77 marked (the Binance book, an experiment) = cash $501.38 + open $-0.61
22:24:02 | 💵 Available: $438.55 after open P&L | Locked: $62.22
22:24:02 | 📈 Session: $+2.34 (+0.5%)
22:24:02 | 🎯 C510 Book (what trades): 10 positions, gross 0.59x, open $-0.60 | rule C2 N2+N3 + range vol (GK) | closed 9: 5W/4L $+1.58 | since 01 Oct +0.15% (normal)
22:24:02 | ============================================================
22:24:02 | ============================================================
22:24:02 | 🔻 Book guard: $0.00 of $100.00 used this month on marked equity (0%, from $500.00) · realised today -0.03% [C497]
22:24:02 | ============================================================
22:24:02 | 
 
  22:32  up 2h32m  daily book --------------------------------------------------------------------
  PLAN      $999.63 of $1,000.00 ($-0.37)  after tax on net profit $999.63
            Delta vs Pi42 funding gap $999.63  paper
  BELOW     experiments, not your money
  EQUITY    $500.69  unreal $-0.69
  OPEN      no intraday positions  book holds 10 (BOOK row)  free $438.47 after open P&L
  SHADOW    intraday M1 $499.29 (-0.09%)  M1g $515.89 (+3.24%)  6d paper only
  CARRY     $499.07 (-0.15%)  8 held  paper only
  SPOT      $249.14 (-0.35%)  1 held  3% invested  cash earns 6.71%  paper pot
  SAVINGS   idle $313.39 (63%)  at 6.71% +$0.38 so far  ~$1.75/month  paper
  BFUSD     wallet $500.82 at 7.66%  +$0.57 so far  ~$3.20/month  vs Savings $1.75  paper
  DELTA     $502.42 (+0.48%)  8 held  fees $0.38  funding $+0.16
            paper experiment: the book on Delta
  XVENUE    $998.41 (-0.16%)  10 pairs  funding $+5.55  fees $4.87  paper, Delta vs Pi42
  TESTS     every 8 h: ahead $0.01, 1 day  3-day avg: level $0.00, 1 day  paper, vs your daily rule
  BOOK      10 pos gross $297.66 (0.59x)  open $-0.69  funding $-0.04  vol 27% top 20
            rebal 2026-10-07
  CONTEXT   since 01 Oct $+0.69 (+0.14%) in 6.5d  normal -2.8% to +5.8%  bottom 48%: normal
  RULE      C2 N2+N3 + range vol (GK)  forward test (paper)
  TOURNEY   6d from 2026-10-01  base -0.27%  N2 -0.52%  N3 -0.22%  N2+N3 -0.40%  +K4 -0.41%
            +GK* -0.36%  +K4+GK -0.30%  +GK+DD -0.10%  +GK+XA +0.46%
  DATA      on time  prices 32s  funding booked  book today  shadow 16:00  carry today
            spot pot today
  SESSION   $+2.26 +0.45%  peak $500.77  dd 0.02%
  CURVE     ===========+++++++++
  MONTH     book guard $0.00 of $100.00 used  on marked equity  from $500.00  dial 20%
            ..........................
  RECORD    book closed 9  5W 4L  net $+1.58  fees and funding in
  FEES      no fills yet this run (the book trades at 00:05 UTC)
  ------------------------------------------------------------------------------------------------
 
22:32:03 | 
22:32:03 | ============================================================
22:32:03 | 📊 POSITION SUMMARY (8-MIN UPDATE)
22:32:03 | 💰 Equity: $500.69 marked (the Binance book, an experiment) = cash $501.38 + open $-0.69
22:32:03 | 💵 Available: $438.47 after open P&L | Locked: $62.22
22:32:03 | 📈 Session: $+2.26 (+0.5%)
22:32:03 | 🎯 C510 Book (what trades): 10 positions, gross 0.59x, open $-0.69 | rule C2 N2+N3 + range vol (GK) | closed 9: 5W/4L $+1.58 | since 01 Oct +0.14% (normal)
22:32:03 | ============================================================
22:32:03 | ============================================================
22:32:03 | 🔻 Book guard: $0.00 of $100.00 used this month on marked equity (0%, from $500.00) · realised today -0.03% [C497]
22:32:03 | ============================================================
22:32:03 | 
22:32:13 |    👻 C489 shadow hour 17:00 UTC: 39 coins scored (full (16 features)), gate OPEN | M1 $498.42 (-0.26%) M1g $515.80 (+3.22%) over 6d [3s]
 
  22:40  up 2h40m  daily book --------------------------------------------------------------------
  PLAN      $1,000.00 of $1,000.00 ($+0.00)  after tax on net profit $1,000.00
            Delta vs Pi42 funding gap $1,000.00  paper
  BELOW     experiments, not your money
  EQUITY    $500.75  unreal $-0.63
  OPEN      no intraday positions  book holds 10 (BOOK row)  free $438.53 after open P&L
  SHADOW    intraday M1 $498.42 (-0.26%)  M1g $515.80 (+3.22%)  6d paper only
  CARRY     $499.07 (-0.15%)  8 held  paper only
  SPOT      $249.15 (-0.34%)  1 held  3% invested  cash earns 6.71%  paper pot
  SAVINGS   idle $313.49 (63%)  at 6.71% +$0.38 so far  ~$1.75/month  paper
  BFUSD     wallet $500.95 at 7.66%  +$0.57 so far  ~$3.20/month  vs Savings $1.75  paper
  DELTA     $502.41 (+0.48%)  8 held  fees $0.38  funding $+0.16
            paper experiment: the book on Delta
  XVENUE    $998.41 (-0.16%)  10 pairs  funding $+5.55  fees $4.87  paper, Delta vs Pi42
  TESTS     every 8 h: ahead $0.01, 1 day  3-day avg: level $0.00, 1 day  paper, vs your daily rule
  BOOK      10 pos gross $298.34 (0.60x)  open $-0.63  funding $-0.04  vol 27% top 20
            rebal 2026-10-07
  CONTEXT   since 01 Oct $+0.75 (+0.15%) in 6.6d  normal -2.8% to +5.8%  bottom 48%: normal
  RULE      C2 N2+N3 + range vol (GK)  forward test (paper)
  TOURNEY   6d from 2026-10-01  base -0.27%  N2 -0.52%  N3 -0.22%  N2+N3 -0.40%  +K4 -0.41%
            +GK* -0.36%  +K4+GK -0.30%  +GK+DD -0.10%  +GK+XA +0.46%
  DATA      on time  prices 26s  funding booked  book today  shadow 17:00  carry today
            spot pot today
  SESSION   $+2.32 +0.47%  peak $500.77
  CURVE     ===========++++++++++
  MONTH     book guard $0.00 of $100.00 used  on marked equity  from $500.00  dial 20%
            ..........................
  RECORD    book closed 9  5W 4L  net $+1.58  fees and funding in
  FEES      no fills yet this run (the book trades at 00:05 UTC)
  ------------------------------------------------------------------------------------------------
 
22:40:03 | 
22:40:03 | ============================================================
22:40:03 | 📊 POSITION SUMMARY (8-MIN UPDATE)
22:40:03 | 💰 Equity: $500.75 marked (the Binance book, an experiment) = cash $501.38 + open $-0.63
22:40:03 | 💵 Available: $438.53 after open P&L | Locked: $62.22
22:40:03 | 📈 Session: $+2.32 (+0.5%)
22:40:03 | 🎯 C510 Book (what trades): 10 positions, gross 0.60x, open $-0.63 | rule C2 N2+N3 + range vol (GK) | closed 9: 5W/4L $+1.58 | since 01 Oct +0.15% (normal)
22:40:03 | ============================================================
22:40:03 | ============================================================
22:40:03 | 🔻 Book guard: $0.00 of $100.00 used this month on marked equity (0%, from $500.00) · realised today -0.03% [C497]
22:40:03 | ============================================================
22:40:03 | 
 
  22:48  up 2h48m  daily book --------------------------------------------------------------------
  PLAN      $999.84 of $1,000.00 ($-0.16)  after tax on net profit $999.84
            Delta vs Pi42 funding gap $999.84  paper
  BELOW     experiments, not your money
  EQUITY    $500.65  unreal $-0.73
  OPEN      no intraday positions  book holds 10 (BOOK row)  free $438.43 after open P&L
  SHADOW    intraday M1 $498.42 (-0.26%)  M1g $515.80 (+3.22%)  6d paper only
  CARRY     $499.07 (-0.15%)  8 held  paper only
  SPOT      $249.14 (-0.34%)  1 held  3% invested  cash earns 6.71%  paper pot
  SAVINGS   idle $313.34 (63%)  at 6.71% +$0.38 so far  ~$1.75/month  paper
  BFUSD     wallet $500.74 at 7.66%  +$0.57 so far  ~$3.20/month  vs Savings $1.75  paper
  DELTA     $502.35 (+0.47%)  8 held  fees $0.38  funding $+0.16
            paper experiment: the book on Delta
  XVENUE    $998.41 (-0.16%)  10 pairs  funding $+5.55  fees $4.87  paper, Delta vs Pi42
  TESTS     every 8 h: ahead $0.01, 1 day  3-day avg: level $0.00, 1 day  paper, vs your daily rule
  BOOK      10 pos gross $297.65 (0.59x)  open $-0.72  funding $-0.04  vol 27% top 20
            rebal 2026-10-07
  CONTEXT   since 01 Oct $+0.65 (+0.13%) in 6.6d  normal -2.8% to +5.8%  bottom 47%: normal
  RULE      C2 N2+N3 + range vol (GK)  forward test (paper)
  TOURNEY   6d from 2026-10-01  base -0.27%  N2 -0.52%  N3 -0.22%  N2+N3 -0.40%  +K4 -0.41%
            +GK* -0.36%  +K4+GK -0.30%  +GK+DD -0.10%  +GK+XA +0.46%
  DATA      on time  prices 19s  funding booked  book today  shadow 17:00  carry today
            spot pot today
  SESSION   $+2.22 +0.45%  peak $500.77  dd 0.02%
  CURVE     ===========+++++++++++
  MONTH     book guard $0.00 of $100.00 used  on marked equity  from $500.00  dial 20%
            ..........................
  RECORD    book closed 9  5W 4L  net $+1.58  fees and funding in
  FEES      no fills yet this run (the book trades at 00:05 UTC)
  ------------------------------------------------------------------------------------------------
 
22:48:04 | 
22:48:04 | ============================================================
22:48:04 | 📊 POSITION SUMMARY (8-MIN UPDATE)
22:48:04 | 💰 Equity: $500.65 marked (the Binance book, an experiment) = cash $501.38 + open $-0.73
22:48:04 | 💵 Available: $438.43 after open P&L | Locked: $62.22
22:48:04 | 📈 Session: $+2.22 (+0.4%)
22:48:04 | 🎯 C510 Book (what trades): 10 positions, gross 0.59x, open $-0.72 | rule C2 N2+N3 + range vol (GK) | closed 9: 5W/4L $+1.58 | since 01 Oct +0.13% (normal)
22:48:04 | ============================================================
22:48:04 | ============================================================
22:48:04 | 🔻 Book guard: $0.00 of $100.00 used this month on marked equity (0%, from $500.00) · realised today -0.03% [C497]
22:48:04 | ============================================================
22:48:04 | 
 
  22:56  up 2h56m  daily book --------------------------------------------------------------------
  PLAN      $999.85 of $1,000.00 ($-0.15)  after tax on net profit $999.85
            Delta vs Pi42 funding gap $999.85  paper
  BELOW     experiments, not your money
  EQUITY    $500.50  unreal $-0.88
  OPEN      no intraday positions  book holds 10 (BOOK row)  free $438.28 after open P&L
  SHADOW    intraday M1 $498.42 (-0.26%)  M1g $515.80 (+3.22%)  6d paper only
  CARRY     $499.07 (-0.15%)  8 held  paper only
  SPOT      $249.12 (-0.35%)  1 held  3% invested  cash earns 6.71%  paper pot
  SAVINGS   idle $313.21 (63%)  at 6.71% +$0.38 so far  ~$1.75/month  paper
  BFUSD     wallet $500.58 at 7.66%  +$0.57 so far  ~$3.20/month  vs Savings $1.75  paper
  DELTA     $502.10 (+0.42%)  8 held  fees $0.38  funding $+0.16
            paper experiment: the book on Delta
  XVENUE    $998.41 (-0.16%)  10 pairs  funding $+5.55  fees $4.87  paper, Delta vs Pi42
  TESTS     every 8 h: ahead $0.01, 1 day  3-day avg: level $0.00, 1 day  paper, vs your daily rule
  BOOK      10 pos gross $296.72 (0.59x)  open $-0.88  funding $-0.04  vol 27% top 20
            rebal 2026-10-07
  CONTEXT   since 01 Oct $+0.50 (+0.10%) in 6.6d  normal -2.8% to +5.8%  bottom 47%: normal
  RULE      C2 N2+N3 + range vol (GK)  forward test (paper)
  TOURNEY   6d from 2026-10-01  base -0.27%  N2 -0.52%  N3 -0.22%  N2+N3 -0.40%  +K4 -0.41%
            +GK* -0.36%  +K4+GK -0.30%  +GK+DD -0.10%  +GK+XA +0.46%
  DATA      on time  prices 13s  funding booked  book today  shadow 17:00  carry today
            spot pot today
  SESSION   $+2.07 +0.42%  peak $500.77  dd 0.05%
  CURVE     ===========++++++++++++
  MONTH     book guard $0.00 of $100.00 used  on marked equity  from $500.00  dial 20%
            ..........................
  RECORD    book closed 9  5W 4L  net $+1.58  fees and funding in
  FEES      no fills yet this run (the book trades at 00:05 UTC)
  ------------------------------------------------------------------------------------------------
 
22:56:05 | 
22:56:05 | ============================================================
22:56:05 | 📊 POSITION SUMMARY (8-MIN UPDATE)
22:56:05 | 💰 Equity: $500.50 marked (the Binance book, an experiment) = cash $501.38 + open $-0.88
22:56:05 | 💵 Available: $438.28 after open P&L | Locked: $62.22
22:56:05 | 📈 Session: $+2.07 (+0.4%)
22:56:05 | 🎯 C510 Book (what trades): 10 positions, gross 0.59x, open $-0.88 | rule C2 N2+N3 + range vol (GK) | closed 9: 5W/4L $+1.58 | since 01 Oct +0.10% (normal)
22:56:05 | ============================================================
22:56:05 | ============================================================
22:56:05 | 🔻 Book guard: $0.00 of $100.00 used this month on marked equity (0%, from $500.00) · realised today -0.03% [C497]
22:56:05 | ============================================================
22:56:05 | 
 
  23:04  up 3h04m  daily book --------------------------------------------------------------------
  PLAN      $999.98 of $1,000.00 ($-0.02)  after tax on net profit $999.98
            Delta vs Pi42 funding gap $999.98  paper
  BELOW     experiments, not your money
  EQUITY    $500.45  unreal $-0.93
  OPEN      no intraday positions  book holds 10 (BOOK row)  free $438.23 after open P&L
  SHADOW    intraday M1 $498.42 (-0.26%)  M1g $515.80 (+3.22%)  6d paper only
  CARRY     $499.07 (-0.15%)  8 held  paper only
  SPOT      $249.12 (-0.35%)  1 held  3% invested  cash earns 6.71%  paper pot
  SAVINGS   idle $313.17 (63%)  at 6.71% +$0.38 so far  ~$1.75/month  paper
  BFUSD     wallet $500.52 at 7.66%  +$0.57 so far  ~$3.19/month  vs Savings $1.75  paper
  DELTA     $502.12 (+0.42%)  8 held  fees $0.38  funding $+0.16
            paper experiment: the book on Delta
  XVENUE    $998.41 (-0.16%)  10 pairs  funding $+5.55  fees $4.87  paper, Delta vs Pi42
  TESTS     every 8 h: ahead $0.01, 1 day  3-day avg: level $0.00, 1 day  paper, vs your daily rule
  BOOK      10 pos gross $296.47 (0.59x)  open $-0.93  funding $-0.04  vol 27% top 20
            rebal 2026-10-07
  CONTEXT   since 01 Oct $+0.45 (+0.09%) in 6.6d  normal -2.8% to +5.8%  bottom 47%: normal
  RULE      C2 N2+N3 + range vol (GK)  forward test (paper)
  TOURNEY   6d from 2026-10-01  base -0.27%  N2 -0.52%  N3 -0.22%  N2+N3 -0.40%  +K4 -0.41%
            +GK* -0.36%  +K4+GK -0.30%  +GK+DD -0.10%  +GK+XA +0.46%
  DATA      on time  prices 7s  funding booked  book today  shadow 17:00  carry today
            spot pot today
  SESSION   $+2.02 +0.41%  peak $500.77  dd 0.06%
  CURVE     ===========+++++++++++++
  MONTH     book guard $0.00 of $100.00 used  on marked equity  from $500.00  dial 20%
            ..........................
  RECORD    book closed 9  5W 4L  net $+1.58  fees and funding in
  FEES      no fills yet this run (the book trades at 00:05 UTC)
  ------------------------------------------------------------------------------------------------
 
23:04:05 | 
23:04:05 | ============================================================
23:04:05 | 📊 POSITION SUMMARY (8-MIN UPDATE)
23:04:05 | 💰 Equity: $500.45 marked (the Binance book, an experiment) = cash $501.38 + open $-0.93
23:04:05 | 💵 Available: $438.23 after open P&L | Locked: $62.22
23:04:05 | 📈 Session: $+2.02 (+0.4%)
23:04:05 | 🎯 C510 Book (what trades): 10 positions, gross 0.59x, open $-0.93 | rule C2 N2+N3 + range vol (GK) | closed 9: 5W/4L $+1.58 | since 01 Oct +0.09% (normal)
23:04:05 | ============================================================
23:04:05 | ============================================================
23:04:05 | 🔻 Book guard: $0.00 of $100.00 used this month on marked equity (0%, from $500.00) · realised today -0.03% [C497]
23:04:05 | ============================================================
23:04:05 | 
 
  23:12  up 3h12m  daily book --------------------------------------------------------------------
  PLAN      $999.68 of $1,000.00 ($-0.32)  after tax on net profit $999.68
            Delta vs Pi42 funding gap $999.68  paper
  BELOW     experiments, not your money
  EQUITY    $500.38  unreal $-1.00
  OPEN      no intraday positions  book holds 10 (BOOK row)  free $438.16 after open P&L
  SHADOW    intraday M1 $498.42 (-0.26%)  M1g $515.80 (+3.22%)  6d paper only
  CARRY     $499.07 (-0.15%)  8 held  paper only
  SPOT      $249.11 (-0.36%)  1 held  3% invested  cash earns 6.71%  paper pot
  SAVINGS   idle $313.11 (63%)  at 6.71% +$0.38 so far  ~$1.75/month  paper
  BFUSD     wallet $500.44 at 7.66%  +$0.57 so far  ~$3.19/month  vs Savings $1.75  paper
  DELTA     $501.91 (+0.38%)  8 held  fees $0.38  funding $+0.16
            paper experiment: the book on Delta
  XVENUE    $998.41 (-0.16%)  10 pairs  funding $+5.55  fees $4.87  paper, Delta vs Pi42
  TESTS     every 8 h: ahead $0.01, 1 day  3-day avg: level $0.00, 1 day  paper, vs your daily rule
  BOOK      10 pos gross $296.02 (0.59x)  open $-1.00  funding $-0.04  vol 27% top 20
            rebal 2026-10-07
  CONTEXT   since 01 Oct $+0.38 (+0.08%) in 6.6d  normal -2.8% to +5.9%  bottom 46%: normal
  RULE      C2 N2+N3 + range vol (GK)  forward test (paper)
  TOURNEY   6d from 2026-10-01  base -0.27%  N2 -0.52%  N3 -0.22%  N2+N3 -0.40%  +K4 -0.41%
            +GK* -0.36%  +K4+GK -0.30%  +GK+DD -0.10%  +GK+XA +0.46%
  DATA      on time  prices 3s  funding booked  book today  shadow 17:00  carry today
            spot pot today
  SESSION   $+1.95 +0.39%  peak $500.77  dd 0.08%
  CURVE     ===========++++++++++++++
  MONTH     book guard $0.00 of $100.00 used  on marked equity  from $500.00  dial 20%
            ..........................
  RECORD    book closed 9  5W 4L  net $+1.58  fees and funding in
  FEES      no fills yet this run (the book trades at 00:05 UTC)
  ------------------------------------------------------------------------------------------------
 
23:12:05 | 
23:12:05 | ============================================================
23:12:05 | 📊 POSITION SUMMARY (8-MIN UPDATE)
23:12:05 | 💰 Equity: $500.38 marked (the Binance book, an experiment) = cash $501.38 + open $-1.00
23:12:05 | 💵 Available: $438.16 after open P&L | Locked: $62.22
23:12:05 | 📈 Session: $+1.95 (+0.4%)
23:12:05 | 🎯 C510 Book (what trades): 10 positions, gross 0.59x, open $-1.00 | rule C2 N2+N3 + range vol (GK) | closed 9: 5W/4L $+1.58 | since 01 Oct +0.08% (normal)
23:12:05 | ============================================================
23:12:05 | ============================================================
23:12:05 | 🔻 Book guard: $0.00 of $100.00 used this month on marked equity (0%, from $500.00) · realised today -0.03% [C497]
23:12:05 | ============================================================
23:12:05 | 
 
  23:20  up 3h20m  daily book --------------------------------------------------------------------
  PLAN      $999.81 of $1,000.00 ($-0.19)  after tax on net profit $999.81
            Delta vs Pi42 funding gap $999.81  paper
  BELOW     experiments, not your money
  EQUITY    $500.40  unreal $-0.98
  OPEN      no intraday positions  book holds 10 (BOOK row)  free $438.18 after open P&L
  SHADOW    intraday M1 $498.42 (-0.26%)  M1g $515.80 (+3.22%)  6d paper only
  CARRY     $499.07 (-0.15%)  8 held  paper only
  SPOT      $249.11 (-0.36%)  1 held  3% invested  cash earns 6.71%  paper pot
  SAVINGS   idle $313.08 (63%)  at 6.71% +$0.38 so far  ~$1.75/month  paper
  BFUSD     wallet $500.40 at 7.66%  +$0.57 so far  ~$3.19/month  vs Savings $1.75  paper
  DELTA     $501.72 (+0.34%)  8 held  fees $0.38  funding $+0.16
            paper experiment: the book on Delta
  XVENUE    $998.41 (-0.16%)  10 pairs  funding $+5.55  fees $4.87  paper, Delta vs Pi42
  TESTS     every 8 h: ahead $0.01, 1 day  3-day avg: level $0.00, 1 day  paper, vs your daily rule
  BOOK      10 pos gross $295.97 (0.59x)  open $-0.98  funding $-0.04  vol 27% top 20
            rebal 2026-10-07
  CONTEXT   since 01 Oct $+0.40 (+0.08%) in 6.6d  normal -2.8% to +5.9%  bottom 47%: normal
  RULE      C2 N2+N3 + range vol (GK)  forward test (paper)
  TOURNEY   6d from 2026-10-01  base -0.27%  N2 -0.52%  N3 -0.22%  N2+N3 -0.40%  +K4 -0.41%
            +GK* -0.36%  +K4+GK -0.30%  +GK+DD -0.10%  +GK+XA +0.46%
  DATA      on time  prices 38s  funding booked  book today  shadow 17:00  carry today
            spot pot today
  SESSION   $+1.97 +0.40%  peak $500.77  dd 0.07%
  CURVE     ===========+++++++++++++++
  MONTH     book guard $0.00 of $100.00 used  on marked equity  from $500.00  dial 20%
            ..........................
  RECORD    book closed 9  5W 4L  net $+1.58  fees and funding in
  FEES      no fills yet this run (the book trades at 00:05 UTC)
  ------------------------------------------------------------------------------------------------
 
23:20:06 | 
23:20:06 | ============================================================
23:20:06 | 📊 POSITION SUMMARY (8-MIN UPDATE)
23:20:06 | 💰 Equity: $500.40 marked (the Binance book, an experiment) = cash $501.38 + open $-0.98
23:20:06 | 💵 Available: $438.18 after open P&L | Locked: $62.22
23:20:06 | 📈 Session: $+1.97 (+0.4%)
23:20:06 | 🎯 C510 Book (what trades): 10 positions, gross 0.59x, open $-0.98 | rule C2 N2+N3 + range vol (GK) | closed 9: 5W/4L $+1.58 | since 01 Oct +0.08% (normal)
23:20:06 | ============================================================
23:20:06 | ============================================================
23:20:06 | 🔻 Book guard: $0.00 of $100.00 used this month on marked equity (0%, from $500.00) · realised today -0.03% [C497]
23:20:06 | ============================================================
23:20:06 | 
 
  23:28  up 3h28m  daily book --------------------------------------------------------------------
  PLAN      $999.58 of $1,000.00 ($-0.42)  after tax on net profit $999.58
            Delta vs Pi42 funding gap $999.58  paper
  BELOW     experiments, not your money
  EQUITY    $500.55  unreal $-0.83
  OPEN      no intraday positions  book holds 10 (BOOK row)  free $438.33 after open P&L
  SHADOW    intraday M1 $498.42 (-0.26%)  M1g $515.80 (+3.22%)  6d paper only
  CARRY     $499.07 (-0.15%)  8 held  paper only
  SPOT      $249.11 (-0.35%)  1 held  3% invested  cash earns 6.71%  paper pot
  SAVINGS   idle $313.19 (63%)  at 6.71% +$0.38 so far  ~$1.75/month  paper
  BFUSD     wallet $500.55 at 7.66%  +$0.57 so far  ~$3.20/month  vs Savings $1.75  paper
  DELTA     $501.84 (+0.37%)  8 held  fees $0.38  funding $+0.16
            paper experiment: the book on Delta
  XVENUE    $998.41 (-0.16%)  10 pairs  funding $+5.55  fees $4.87  paper, Delta vs Pi42
  TESTS     every 8 h: ahead $0.01, 1 day  3-day avg: level $0.00, 1 day  paper, vs your daily rule
  BOOK      10 pos gross $296.20 (0.59x)  open $-0.83  funding $-0.04  vol 27% top 20
            rebal 2026-10-07
  CONTEXT   since 01 Oct $+0.55 (+0.11%) in 6.6d  normal -2.8% to +5.9%  bottom 47%: normal
  RULE      C2 N2+N3 + range vol (GK)  forward test (paper)
  TOURNEY   6d from 2026-10-01  base -0.27%  N2 -0.52%  N3 -0.22%  N2+N3 -0.40%  +K4 -0.41%
            +GK* -0.36%  +K4+GK -0.30%  +GK+DD -0.10%  +GK+XA +0.46%
  DATA      on time  prices 32s  funding booked  book today  shadow 17:00  carry today
            spot pot today
  SESSION   $+2.12 +0.43%  peak $500.77  dd 0.04%
  CURVE     ===========++++++++++++++++
  MONTH     book guard $0.00 of $100.00 used  on marked equity  from $500.00  dial 20%
            ..........................
  RECORD    book closed 9  5W 4L  net $+1.58  fees and funding in
  FEES      no fills yet this run (the book trades at 00:05 UTC)
  ------------------------------------------------------------------------------------------------
 
23:28:06 | 
23:28:06 | ============================================================
23:28:06 | 📊 POSITION SUMMARY (8-MIN UPDATE)
23:28:06 | 💰 Equity: $500.55 marked (the Binance book, an experiment) = cash $501.38 + open $-0.83
23:28:06 | 💵 Available: $438.33 after open P&L | Locked: $62.22
23:28:06 | 📈 Session: $+2.12 (+0.4%)
23:28:06 | 🎯 C510 Book (what trades): 10 positions, gross 0.59x, open $-0.83 | rule C2 N2+N3 + range vol (GK) | closed 9: 5W/4L $+1.58 | since 01 Oct +0.11% (normal)
23:28:06 | ============================================================
23:28:06 | ============================================================
23:28:06 | 🔻 Book guard: $0.00 of $100.00 used this month on marked equity (0%, from $500.00) · realised today -0.03% [C497]
23:28:06 | ============================================================
23:28:06 | 
23:32:05 |    👻 C489 shadow hour 18:00 UTC: 39 coins scored (full (16 features)), gate OPEN | M1 $496.57 (-0.63%) M1g $515.02 (+3.06%) over 6d [3s]
 
  23:36  up 3h36m  daily book --------------------------------------------------------------------
  PLAN      $999.70 of $1,000.00 ($-0.30)  after tax on net profit $999.70
            Delta vs Pi42 funding gap $999.70  paper
  BELOW     experiments, not your money
  EQUITY    $500.84  unreal $-0.54
  OPEN      no intraday positions  book holds 10 (BOOK row)  free $438.62 after open P&L
  SHADOW    intraday M1 $496.57 (-0.63%)  M1g $515.02 (+3.06%)  6d paper only
  CARRY     $499.07 (-0.15%)  8 held  paper only
  SPOT      $249.15 (-0.34%)  1 held  3% invested  cash earns 6.71%  paper pot
  SAVINGS   idle $313.41 (63%)  at 6.71% +$0.38 so far  ~$1.75/month  paper
  BFUSD     wallet $500.84 at 7.66%  +$0.58 so far  ~$3.20/month  vs Savings $1.75  paper
  DELTA     $501.98 (+0.40%)  8 held  fees $0.38  funding $+0.16
            paper experiment: the book on Delta
  XVENUE    $998.41 (-0.16%)  10 pairs  funding $+5.55  fees $4.87  paper, Delta vs Pi42
  TESTS     every 8 h: ahead $0.01, 1 day  3-day avg: level $0.00, 1 day  paper, vs your daily rule
  BOOK      10 pos gross $298.27 (0.60x)  open $-0.54  funding $-0.04  vol 27% top 20
            rebal 2026-10-07
  CONTEXT   since 01 Oct $+0.84 (+0.17%) in 6.6d  normal -2.8% to +5.9%  bottom 48%: normal
  RULE      C2 N2+N3 + range vol (GK)  forward test (paper)
  TOURNEY   6d from 2026-10-01  base -0.27%  N2 -0.52%  N3 -0.22%  N2+N3 -0.40%  +K4 -0.41%
            +GK* -0.36%  +K4+GK -0.30%  +GK+DD -0.10%  +GK+XA +0.46%
  DATA      on time  prices 26s  funding booked  book today  shadow 18:00  carry today
            spot pot today
  SESSION   $+2.41 +0.48%
  CURVE     ===========+++++++++++++++++
  MONTH     book guard $0.00 of $100.00 used  on marked equity  from $500.00  dial 20%
            ..........................
  RECORD    book closed 9  5W 4L  net $+1.58  fees and funding in
  FEES      no fills yet this run (the book trades at 00:05 UTC)
  ------------------------------------------------------------------------------------------------
 
23:36:07 | 
23:36:07 | ============================================================
23:36:07 | 📊 POSITION SUMMARY (8-MIN UPDATE)
23:36:07 | 💰 Equity: $500.84 marked (the Binance book, an experiment) = cash $501.38 + open $-0.54
23:36:07 | 💵 Available: $438.62 after open P&L | Locked: $62.22
23:36:07 | 📈 Session: $+2.41 (+0.5%)
23:36:07 | 🎯 C510 Book (what trades): 10 positions, gross 0.60x, open $-0.54 | rule C2 N2+N3 + range vol (GK) | closed 9: 5W/4L $+1.58 | since 01 Oct +0.17% (normal)
23:36:07 | ============================================================
23:36:07 | ============================================================
23:36:07 | 🔻 Book guard: $0.00 of $100.00 used this month on marked equity (0%, from $500.00) · realised today -0.03% [C497]
23:36:07 | ============================================================
23:36:07 | 
 
  23:44  up 3h44m  daily book --------------------------------------------------------------------
  PLAN      $999.71 of $1,000.00 ($-0.29)  after tax on net profit $999.71
            Delta vs Pi42 funding gap $999.71  paper
  BELOW     experiments, not your money
  EQUITY    $500.83  unreal $-0.55
  OPEN      no intraday positions  book holds 10 (BOOK row)  free $438.61 after open P&L
  SHADOW    intraday M1 $496.57 (-0.63%)  M1g $515.02 (+3.06%)  6d paper only
  CARRY     $499.07 (-0.15%)  8 held  paper only
  SPOT      $249.13 (-0.35%)  1 held  3% invested  cash earns 6.71%  paper pot
  SAVINGS   idle $313.40 (63%)  at 6.71% +$0.38 so far  ~$1.75/month  paper
  BFUSD     wallet $500.83 at 7.66%  +$0.58 so far  ~$3.20/month  vs Savings $1.75  paper
  DELTA     $502.36 (+0.47%)  8 held  fees $0.38  funding $+0.16
            paper experiment: the book on Delta
  XVENUE    $998.41 (-0.16%)  10 pairs  funding $+5.55  fees $4.87  paper, Delta vs Pi42
  TESTS     every 8 h: ahead $0.01, 1 day  3-day avg: level $0.00, 1 day  paper, vs your daily rule
  BOOK      10 pos gross $297.48 (0.59x)  open $-0.55  funding $-0.04  vol 27% top 20
            rebal 2026-10-07
  CONTEXT   since 01 Oct $+0.83 (+0.17%) in 6.6d  normal -2.8% to +5.9%  bottom 48%: normal
  RULE      C2 N2+N3 + range vol (GK)  forward test (paper)
  TOURNEY   6d from 2026-10-01  base -0.27%  N2 -0.52%  N3 -0.22%  N2+N3 -0.40%  +K4 -0.41%
            +GK* -0.36%  +K4+GK -0.30%  +GK+DD -0.10%  +GK+XA +0.46%
  DATA      on time  prices 19s  funding booked  book today  shadow 18:00  carry today
            spot pot today
  SESSION   $+2.40 +0.48%  peak $500.84
  CURVE     ===========++++++++++++++++++
  MONTH     book guard $0.00 of $100.00 used  on marked equity  from $500.00  dial 20%
            ..........................
  RECORD    book closed 9  5W 4L  net $+1.58  fees and funding in
  FEES      no fills yet this run (the book trades at 00:05 UTC)
  ------------------------------------------------------------------------------------------------
 
23:44:07 | 
23:44:07 | ============================================================
23:44:07 | 📊 POSITION SUMMARY (8-MIN UPDATE)
23:44:07 | 💰 Equity: $500.83 marked (the Binance book, an experiment) = cash $501.38 + open $-0.55
23:44:07 | 💵 Available: $438.61 after open P&L | Locked: $62.22
23:44:07 | 📈 Session: $+2.40 (+0.5%)
23:44:07 | 🎯 C510 Book (what trades): 10 positions, gross 0.59x, open $-0.55 | rule C2 N2+N3 + range vol (GK) | closed 9: 5W/4L $+1.58 | since 01 Oct +0.17% (normal)
23:44:07 | ============================================================
23:44:07 | ============================================================
23:44:07 | 🔻 Book guard: $0.00 of $100.00 used this month on marked equity (0%, from $500.00) · realised today -0.03% [C497]
23:44:07 | ============================================================
23:44:07 | 
 
  23:52  up 3h52m  daily book --------------------------------------------------------------------
  PLAN      $999.94 of $1,000.00 ($-0.06)  after tax on net profit $999.94
            Delta vs Pi42 funding gap $999.94  paper
  BELOW     experiments, not your money
  EQUITY    $500.84  unreal $-0.54
  OPEN      no intraday positions  book holds 10 (BOOK row)  free $438.62 after open P&L
  SHADOW    intraday M1 $496.57 (-0.63%)  M1g $515.02 (+3.06%)  6d paper only
  CARRY     $499.07 (-0.15%)  8 held  paper only
  SPOT      $249.12 (-0.35%)  1 held  3% invested  cash earns 6.71%  paper pot
  SAVINGS   idle $313.41 (63%)  at 6.71% +$0.38 so far  ~$1.75/month  paper
  BFUSD     wallet $500.84 at 7.66%  +$0.58 so far  ~$3.20/month  vs Savings $1.75  paper
  DELTA     $502.43 (+0.49%)  8 held  fees $0.38  funding $+0.16
            paper experiment: the book on Delta
  XVENUE    $998.41 (-0.16%)  10 pairs  funding $+5.55  fees $4.87  paper, Delta vs Pi42
  TESTS     every 8 h: ahead $0.01, 1 day  3-day avg: level $0.00, 1 day  paper, vs your daily rule
  BOOK      10 pos gross $296.77 (0.59x)  open $-0.54  funding $-0.04  vol 27% top 20
            rebal 2026-10-07
  CONTEXT   since 01 Oct $+0.84 (+0.17%) in 6.6d  normal -2.8% to +5.9%  bottom 48%: normal
  RULE      C2 N2+N3 + range vol (GK)  forward test (paper)
  TOURNEY   6d from 2026-10-01  base -0.27%  N2 -0.52%  N3 -0.22%  N2+N3 -0.40%  +K4 -0.41%
            +GK* -0.36%  +K4+GK -0.30%  +GK+DD -0.10%  +GK+XA +0.46%
  DATA      on time  prices 13s  funding booked  book today  shadow 18:00  carry today
            spot pot today
  SESSION   $+2.41 +0.48%
  CURVE     ===========+++++++++++++++++++
  MONTH     book guard $0.00 of $100.00 used  on marked equity  from $500.00  dial 20%
            ..........................
  RECORD    book closed 9  5W 4L  net $+1.58  fees and funding in
  FEES      no fills yet this run (the book trades at 00:05 UTC)
  ------------------------------------------------------------------------------------------------
 
23:52:08 | 
23:52:08 | ============================================================
23:52:08 | 📊 POSITION SUMMARY (8-MIN UPDATE)
23:52:08 | 💰 Equity: $500.84 marked (the Binance book, an experiment) = cash $501.38 + open $-0.54
23:52:08 | 💵 Available: $438.62 after open P&L | Locked: $62.22
23:52:08 | 📈 Session: $+2.41 (+0.5%)
23:52:08 | 🎯 C510 Book (what trades): 10 positions, gross 0.59x, open $-0.54 | rule C2 N2+N3 + range vol (GK) | closed 9: 5W/4L $+1.58 | since 01 Oct +0.17% (normal)
23:52:08 | ============================================================
23:52:08 | ============================================================
23:52:08 | 🔻 Book guard: $0.00 of $100.00 used this month on marked equity (0%, from $500.00) · realised today -0.03% [C497]
23:52:08 | ============================================================
23:52:08 | 
00:00:00 | ============================================================
00:00:00 | 📅 NEW DAY
00:00:00 | 💰 Carrying equity: $501.38
00:00:00 | ============================================================
00:00:00 |    📅 C471: day loss barrier re-anchored at $501.38 for the new day
00:00:00 | 🔄 C200: calendar day rolled — session continues (baseline, cap & cycle plan unchanged)
 
  00:00  up 4h00m  daily book --------------------------------------------------------------------
  PLAN      $999.97 of $1,000.00 ($-0.03)  after tax on net profit $999.97
            Delta vs Pi42 funding gap $999.97  paper
  BELOW     experiments, not your money
  EQUITY    $501.13  unreal $-0.25
  OPEN      no intraday positions  book holds 10 (BOOK row)  free $438.91 after open P&L
  SHADOW    intraday M1 $496.57 (-0.63%)  M1g $515.02 (+3.06%)  6d paper only
  CARRY     $499.07 (-0.15%)  8 held  paper only
  SPOT      $249.13 (-0.35%)  1 held  3% invested  cash earns 6.71%  paper pot
  SAVINGS   idle $313.66 (63%)  at 6.71% +$0.38 so far  ~$1.75/month  paper
  BFUSD     wallet $501.17 at 7.66%  +$0.58 so far  ~$3.20/month  vs Savings $1.75  paper
  DELTA     $502.59 (+0.52%)  8 held  fees $0.38  funding $+0.16
            paper experiment: the book on Delta
  XVENUE    $998.41 (-0.16%)  10 pairs  funding $+5.55  fees $4.87  paper, Delta vs Pi42
  TESTS     every 8 h: ahead $0.01, 1 day  3-day avg: level $0.00, 1 day  paper, vs your daily rule
  BOOK      10 pos gross $297.71 (0.59x)  open $-0.25  funding $-0.04  vol 27% top 20
            rebal 2026-10-07
  CONTEXT   since 01 Oct $+1.13 (+0.23%) in 6.6d  normal -2.8% to +5.9%  bottom 49%: normal
  RULE      C2 N2+N3 + range vol (GK)  forward test (paper)
  TOURNEY   6d from 2026-10-01  base -0.27%  N2 -0.52%  N3 -0.22%  N2+N3 -0.40%  +K4 -0.41%
            +GK* -0.36%  +K4+GK -0.30%  +GK+DD -0.10%  +GK+XA +0.46%
  DATA      on time  prices 5s  funding booked  book today  shadow 18:00  carry today
            spot pot today
  SESSION   $+2.70 +0.54%
  CURVE     ============+++++++++++++++++++
  MONTH     book guard $0.00 of $100.00 used  on marked equity  from $500.00  dial 20%
            ..........................
  RECORD    book closed 9  5W 4L  net $+1.58  fees and funding in
  FEES      no fills yet this run (the book trades at 00:05 UTC)
  ------------------------------------------------------------------------------------------------
 
00:00:08 | 
00:00:08 | ============================================================
00:00:08 | 📊 POSITION SUMMARY (8-MIN UPDATE)
00:00:08 | 💰 Equity: $501.13 marked (the Binance book, an experiment) = cash $501.38 + open $-0.25
00:00:08 | 💵 Available: $438.91 after open P&L | Locked: $62.22
00:00:08 | 📈 Session: $+2.70 (+0.5%)
00:00:08 | 🎯 C510 Book (what trades): 10 positions, gross 0.59x, open $-0.25 | rule C2 N2+N3 + range vol (GK) | closed 9: 5W/4L $+1.58 | since 01 Oct +0.23% (normal)
00:00:08 | ============================================================
00:00:08 | ============================================================
00:00:08 | 🔵 Book guard: $0.00 of $100.00 used this month on marked equity (0%, from $500.00) · realised today +0.00% [C497]
00:00:08 | ============================================================
00:00:08 | 
 
  00:08  up 4h08m  daily book --------------------------------------------------------------------
  PLAN      $999.85 of $1,000.00 ($-0.15)  after tax on net profit $999.85
            Delta vs Pi42 funding gap $999.85  paper
  BELOW     experiments, not your money
  EQUITY    $500.99  unreal $-0.39
  OPEN      no intraday positions  book holds 10 (BOOK row)  free $438.77 after open P&L
  SHADOW    intraday M1 $496.57 (-0.63%)  M1g $515.02 (+3.06%)  6d paper only
  CARRY     $499.07 (-0.15%)  8 held  paper only
  SPOT      $249.12 (-0.35%)  1 held  3% invested  cash earns 6.71%  paper pot
  SAVINGS   idle $313.52 (63%)  at 6.71% +$0.38 so far  ~$1.75/month  paper
  BFUSD     wallet $500.99 at 7.66%  +$0.58 so far  ~$3.20/month  vs Savings $1.75  paper
  DELTA     $502.63 (+0.53%)  8 held  fees $0.38  funding $+0.16
            paper experiment: the book on Delta
  XVENUE    $998.41 (-0.16%)  10 pairs  funding $+5.55  fees $4.87  paper, Delta vs Pi42
  TESTS     every 8 h: ahead $0.01, 1 day  3-day avg: level $0.00, 1 day  paper, vs your daily rule
  BOOK      10 pos gross $297.14 (0.59x)  open $-0.39  funding $-0.04  vol 27% top 20
            rebal 2026-10-07
  CONTEXT   since 01 Oct $+0.99 (+0.20%) in 6.6d  normal -2.8% to +5.9%  bottom 48%: normal
  RULE      C2 N2+N3 + range vol (GK)  forward test (paper)
  TOURNEY   6d from 2026-10-01  base -0.27%  N2 -0.52%  N3 -0.22%  N2+N3 -0.40%  +K4 -0.41%
            +GK* -0.36%  +K4+GK -0.30%  +GK+DD -0.10%  +GK+XA +0.46%
  DATA      on time  prices 39s  funding booked  book today  shadow 18:00  carry today
            spot pot today
  SESSION   $+2.56 +0.51%  peak $501.13  dd 0.03%
  CURVE     ============++++++++++++++++++++
  MONTH     book guard $0.00 of $100.00 used  on marked equity  from $500.00  dial 20%
            ..........................
  RECORD    book closed 9  5W 4L  net $+1.58  fees and funding in
  FEES      no fills yet this run (the book trades at 00:05 UTC)
  ------------------------------------------------------------------------------------------------
 
00:08:08 | 
00:08:08 | ============================================================
00:08:08 | 📊 POSITION SUMMARY (8-MIN UPDATE)
00:08:08 | 💰 Equity: $500.99 marked (the Binance book, an experiment) = cash $501.38 + open $-0.39
00:08:08 | 💵 Available: $438.77 after open P&L | Locked: $62.22
00:08:08 | 📈 Session: $+2.56 (+0.5%)
00:08:08 | 🎯 C510 Book (what trades): 10 positions, gross 0.59x, open $-0.39 | rule C2 N2+N3 + range vol (GK) | closed 9: 5W/4L $+1.58 | since 01 Oct +0.20% (normal)
00:08:08 | ============================================================
00:08:08 | ============================================================
00:08:08 | 🔵 Book guard: $0.00 of $100.00 used this month on marked equity (0%, from $500.00) · realised today +0.00% [C497]
00:08:08 | ============================================================
00:08:08 | 
 
  00:16  up 4h16m  daily book --------------------------------------------------------------------
  PLAN      $999.87 of $1,000.00 ($-0.13)  after tax on net profit $999.87
            Delta vs Pi42 funding gap $999.87  paper
  BELOW     experiments, not your money
  EQUITY    $500.99  unreal $-0.39
  OPEN      no intraday positions  book holds 10 (BOOK row)  free $438.77 after open P&L
  SHADOW    intraday M1 $496.57 (-0.63%)  M1g $515.02 (+3.06%)  6d paper only
  CARRY     $499.07 (-0.15%)  8 held  paper only
  SPOT      $249.11 (-0.36%)  1 held  3% invested  cash earns 6.71%  paper pot
  SAVINGS   idle $313.52 (63%)  at 6.71% +$0.38 so far  ~$1.75/month  paper
  BFUSD     wallet $500.99 at 7.66%  +$0.58 so far  ~$3.20/month  vs Savings $1.75  paper
  DELTA     $502.66 (+0.53%)  8 held  fees $0.38  funding $+0.16
            paper experiment: the book on Delta
  XVENUE    $998.41 (-0.16%)  10 pairs  funding $+5.55  fees $4.87  paper, Delta vs Pi42
  TESTS     every 8 h: ahead $0.01, 1 day  3-day avg: level $0.00, 1 day  paper, vs your daily rule
  BOOK      10 pos gross $297.05 (0.59x)  open $-0.39  funding $-0.04  vol 27% top 20
            rebal 2026-10-07
  CONTEXT   since 01 Oct $+0.99 (+0.20%) in 6.6d  normal -2.8% to +5.9%  bottom 48%: normal
  RULE      C2 N2+N3 + range vol (GK)  forward test (paper)
  TOURNEY   6d from 2026-10-01  base -0.27%  N2 -0.52%  N3 -0.22%  N2+N3 -0.40%  +K4 -0.41%
            +GK* -0.36%  +K4+GK -0.30%  +GK+DD -0.10%  +GK+XA +0.46%
  DATA      on time  prices 32s  funding booked  book today  shadow 18:00  carry today
            spot pot today
  SESSION   $+2.56 +0.51%  peak $501.13  dd 0.03%
  CURVE     ============+++++++++++++++++++++
  MONTH     book guard $0.00 of $100.00 used  on marked equity  from $500.00  dial 20%
            ..........................
  RECORD    book closed 9  5W 4L  net $+1.58  fees and funding in
  FEES      no fills yet this run (the book trades at 00:05 UTC)
  ------------------------------------------------------------------------------------------------
 
00:16:09 | 
00:16:09 | ============================================================
00:16:09 | 📊 POSITION SUMMARY (8-MIN UPDATE)
00:16:09 | 💰 Equity: $500.99 marked (the Binance book, an experiment) = cash $501.38 + open $-0.39
00:16:09 | 💵 Available: $438.77 after open P&L | Locked: $62.22
00:16:09 | 📈 Session: $+2.56 (+0.5%)
00:16:09 | 🎯 C510 Book (what trades): 10 positions, gross 0.59x, open $-0.39 | rule C2 N2+N3 + range vol (GK) | closed 9: 5W/4L $+1.58 | since 01 Oct +0.20% (normal)
00:16:09 | ============================================================
00:16:09 | ============================================================
00:16:09 | 🔵 Book guard: $0.00 of $100.00 used this month on marked equity (0%, from $500.00) · realised today +0.00% [C497]
00:16:09 | ============================================================
00:16:09 | 
 
  00:24  up 4h24m  daily book --------------------------------------------------------------------
  PLAN      $999.82 of $1,000.00 ($-0.18)  after tax on net profit $999.82
            Delta vs Pi42 funding gap $999.82  paper
  BELOW     experiments, not your money
  EQUITY    $501.31  unreal $-0.07
  OPEN      no intraday positions  book holds 10 (BOOK row)  free $439.09 after open P&L
  SHADOW    intraday M1 $496.57 (-0.63%)  M1g $515.02 (+3.06%)  6d paper only
  CARRY     $499.07 (-0.15%)  8 held  paper only
  SPOT      $249.11 (-0.35%)  1 held  3% invested  cash earns 6.71%  paper pot
  SAVINGS   idle $313.81 (63%)  at 6.71% +$0.38 so far  ~$1.75/month  paper
  BFUSD     wallet $501.37 at 7.66%  +$0.58 so far  ~$3.20/month  vs Savings $1.75  paper
  DELTA     $503.28 (+0.66%)  8 held  fees $0.38  funding $+0.16
            paper experiment: the book on Delta
  XVENUE    $998.41 (-0.16%)  10 pairs  funding $+5.55  fees $4.87  paper, Delta vs Pi42
  TESTS     every 8 h: ahead $0.01, 1 day  3-day avg: level $0.00, 1 day  paper, vs your daily rule
  BOOK      10 pos gross $297.83 (0.59x)  open $-0.07  funding $-0.04  vol 27% top 20
            rebal 2026-10-07
  CONTEXT   since 01 Oct $+1.31 (+0.26%) in 6.6d  normal -2.8% to +5.9%  bottom 50%: normal
  RULE      C2 N2+N3 + range vol (GK)  forward test (paper)
  TOURNEY   6d from 2026-10-01  base -0.27%  N2 -0.52%  N3 -0.22%  N2+N3 -0.40%  +K4 -0.41%
            +GK* -0.36%  +K4+GK -0.30%  +GK+DD -0.10%  +GK+XA +0.46%
  DATA      on time  prices 25s  funding booked  book today  shadow 18:00  carry today
            spot pot today
  SESSION   $+2.88 +0.58%
  CURVE     ============++++++++++++++++++++++
  MONTH     book guard $0.00 of $100.00 used  on marked equity  from $500.00  dial 20%
            ..........................
  RECORD    book closed 9  5W 4L  net $+1.58  fees and funding in
  FEES      no fills yet this run (the book trades at 00:05 UTC)
  ------------------------------------------------------------------------------------------------
 
00:24:09 | 
00:24:09 | ============================================================
00:24:09 | 📊 POSITION SUMMARY (8-MIN UPDATE)
00:24:09 | 💰 Equity: $501.31 marked (the Binance book, an experiment) = cash $501.38 + open $-0.07
00:24:09 | 💵 Available: $439.09 after open P&L | Locked: $62.22
00:24:09 | 📈 Session: $+2.88 (+0.6%)
00:24:09 | 🎯 C510 Book (what trades): 10 positions, gross 0.59x, open $-0.07 | rule C2 N2+N3 + range vol (GK) | closed 9: 5W/4L $+1.58 | since 01 Oct +0.26% (normal)
00:24:09 | ============================================================
00:24:09 | ============================================================
00:24:09 | 🔵 Book guard: $0.00 of $100.00 used this month on marked equity (0%, from $500.00) · realised today +0.00% [C497]
00:24:09 | ============================================================
00:24:09 | 
 
  00:32  up 4h32m  daily book --------------------------------------------------------------------
  PLAN      $999.76 of $1,000.00 ($-0.24)  after tax on net profit $999.76
            Delta vs Pi42 funding gap $999.76  paper
  BELOW     experiments, not your money
  EQUITY    $501.19  unreal $-0.19
  OPEN      no intraday positions  book holds 10 (BOOK row)  free $438.97 after open P&L
  SHADOW    intraday M1 $496.57 (-0.63%)  M1g $515.02 (+3.06%)  6d paper only
  CARRY     $499.07 (-0.15%)  8 held  paper only
  SPOT      $249.11 (-0.36%)  1 held  3% invested  cash earns 6.71%  paper pot
  SAVINGS   idle $313.61 (63%)  at 6.71% +$0.38 so far  ~$1.75/month  paper
  BFUSD     wallet $501.11 at 7.66%  +$0.58 so far  ~$3.20/month  vs Savings $1.75  paper
  DELTA     $503.16 (+0.63%)  8 held  fees $0.38  funding $+0.16
            paper experiment: the book on Delta
  XVENUE    $998.41 (-0.16%)  10 pairs  funding $+5.55  fees $4.87  paper, Delta vs Pi42
  TESTS     every 8 h: ahead $0.01, 1 day  3-day avg: level $0.00, 1 day  paper, vs your daily rule
  BOOK      10 pos gross $297.87 (0.59x)  open $-0.19  funding $-0.04  vol 27% top 20
            rebal 2026-10-07
  CONTEXT   since 01 Oct $+1.19 (+0.24%) in 6.6d  normal -2.8% to +5.9%  bottom 49%: normal
  RULE      C2 N2+N3 + range vol (GK)  forward test (paper)
  TOURNEY   6d from 2026-10-01  base -0.27%  N2 -0.52%  N3 -0.22%  N2+N3 -0.40%  +K4 -0.41%
            +GK* -0.36%  +K4+GK -0.30%  +GK+DD -0.10%  +GK+XA +0.46%
  DATA      on time  prices 18s  funding booked  book today  shadow 18:00  carry today
            spot pot today
  SESSION   $+2.76 +0.55%  peak $501.31  dd 0.02%
  CURVE     ============+++++++++++++++++++++++
  MONTH     book guard $0.00 of $100.00 used  on marked equity  from $500.00  dial 20%
            ..........................
  RECORD    book closed 9  5W 4L  net $+1.58  fees and funding in
  FEES      no fills yet this run (the book trades at 00:05 UTC)
  ------------------------------------------------------------------------------------------------
 
00:32:09 | 
00:32:09 | ============================================================
00:32:09 | 📊 POSITION SUMMARY (8-MIN UPDATE)
00:32:09 | 💰 Equity: $501.19 marked (the Binance book, an experiment) = cash $501.38 + open $-0.19
00:32:09 | 💵 Available: $438.97 after open P&L | Locked: $62.22
00:32:09 | 📈 Session: $+2.76 (+0.6%)
00:32:09 | 🎯 C510 Book (what trades): 10 positions, gross 0.59x, open $-0.19 | rule C2 N2+N3 + range vol (GK) | closed 9: 5W/4L $+1.58 | since 01 Oct +0.24% (normal)
00:32:09 | ============================================================
00:32:09 | ============================================================
00:32:09 | 🔵 Book guard: $0.00 of $100.00 used this month on marked equity (0%, from $500.00) · realised today +0.00% [C497]
00:32:09 | ============================================================
00:32:09 | 
00:32:25 |    👻 C489 shadow hour 19:00 UTC: 39 coins scored (full (16 features)), gate shut | M1 $496.64 (-0.62%) M1g $515.20 (+3.10%) over 6d [3s]
 
  00:40  up 4h40m  daily book --------------------------------------------------------------------
  PLAN      $999.66 of $1,000.00 ($-0.34)  after tax on net profit $999.66
            Delta vs Pi42 funding gap $999.66  paper
  BELOW     experiments, not your money
  EQUITY    $500.85  unreal $-0.53
  OPEN      no intraday positions  book holds 10 (BOOK row)  free $438.63 after open P&L
  SHADOW    intraday M1 $496.64 (-0.62%)  M1g $515.20 (+3.10%)  6d paper only
  CARRY     $499.07 (-0.15%)  8 held  paper only
  SPOT      $249.10 (-0.36%)  1 held  3% invested  cash earns 6.71%  paper pot
  SAVINGS   idle $313.47 (63%)  at 6.71% +$0.38 so far  ~$1.75/month  paper
  BFUSD     wallet $500.92 at 7.66%  +$0.58 so far  ~$3.20/month  vs Savings $1.75  paper
  DELTA     $503.07 (+0.61%)  8 held  fees $0.38  funding $+0.16
            paper experiment: the book on Delta
  XVENUE    $998.41 (-0.16%)  10 pairs  funding $+5.55  fees $4.87  paper, Delta vs Pi42
  TESTS     every 8 h: ahead $0.01, 1 day  3-day avg: level $0.00, 1 day  paper, vs your daily rule
  BOOK      10 pos gross $297.63 (0.59x)  open $-0.53  funding $-0.04  vol 27% top 20
            rebal 2026-10-07
  CONTEXT   since 01 Oct $+0.85 (+0.17%) in 6.6d  normal -2.8% to +5.9%  bottom 48%: normal
  RULE      C2 N2+N3 + range vol (GK)  forward test (paper)
  TOURNEY   6d from 2026-10-01  base -0.27%  N2 -0.52%  N3 -0.22%  N2+N3 -0.40%  +K4 -0.41%
            +GK* -0.36%  +K4+GK -0.30%  +GK+DD -0.10%  +GK+XA +0.46%
  DATA      on time  prices 12s  funding booked  book today  shadow 19:00  carry today
            spot pot today
  SESSION   $+2.42 +0.49%  peak $501.31  dd 0.09%
  CURVE     ============++++++++++++++++++++++++
  MONTH     book guard $0.00 of $100.00 used  on marked equity  from $500.00  dial 20%
            ..........................
  RECORD    book closed 9  5W 4L  net $+1.58  fees and funding in
  FEES      no fills yet this run (the book trades at 00:05 UTC)
  ------------------------------------------------------------------------------------------------
 
00:40:10 | 
00:40:10 | ============================================================
00:40:10 | 📊 POSITION SUMMARY (8-MIN UPDATE)
00:40:10 | 💰 Equity: $500.85 marked (the Binance book, an experiment) = cash $501.38 + open $-0.53
00:40:10 | 💵 Available: $438.63 after open P&L | Locked: $62.22
00:40:10 | 📈 Session: $+2.42 (+0.5%)
00:40:10 | 🎯 C510 Book (what trades): 10 positions, gross 0.59x, open $-0.53 | rule C2 N2+N3 + range vol (GK) | closed 9: 5W/4L $+1.58 | since 01 Oct +0.17% (normal)
00:40:10 | ============================================================
00:40:10 | ============================================================
00:40:10 | 🔵 Book guard: $0.00 of $100.00 used this month on marked equity (0%, from $500.00) · realised today +0.00% [C497]
00:40:10 | ============================================================
00:40:10 | 
 
  00:48  up 4h48m  daily book --------------------------------------------------------------------
  PLAN      $999.92 of $1,000.00 ($-0.08)  after tax on net profit $999.92
            Delta vs Pi42 funding gap $999.92  paper
  BELOW     experiments, not your money
  EQUITY    $500.95  unreal $-0.43
  OPEN      no intraday positions  book holds 10 (BOOK row)  free $438.73 after open P&L
  SHADOW    intraday M1 $496.64 (-0.62%)  M1g $515.20 (+3.10%)  6d paper only
  CARRY     $499.07 (-0.15%)  8 held  paper only
  SPOT      $249.10 (-0.36%)  1 held  3% invested  cash earns 6.71%  paper pot
  SAVINGS   idle $313.45 (63%)  at 6.71% +$0.38 so far  ~$1.75/month  paper
  BFUSD     wallet $500.89 at 7.66%  +$0.58 so far  ~$3.20/month  vs Savings $1.75  paper
  DELTA     $503.22 (+0.64%)  8 held  fees $0.38  funding $+0.16
            paper experiment: the book on Delta
  XVENUE    $998.41 (-0.16%)  10 pairs  funding $+5.55  fees $4.87  paper, Delta vs Pi42
  TESTS     every 8 h: ahead $0.01, 1 day  3-day avg: level $0.00, 1 day  paper, vs your daily rule
  BOOK      10 pos gross $298.31 (0.59x)  open $-0.43  funding $-0.04  vol 27% top 20
            rebal 2026-10-07
  CONTEXT   since 01 Oct $+0.95 (+0.19%) in 6.7d  normal -2.8% to +5.9%  bottom 48%: normal
  RULE      C2 N2+N3 + range vol (GK)  forward test (paper)
  TOURNEY   6d from 2026-10-01  base -0.27%  N2 -0.52%  N3 -0.22%  N2+N3 -0.40%  +K4 -0.41%
            +GK* -0.36%  +K4+GK -0.30%  +GK+DD -0.10%  +GK+XA +0.46%
  DATA      on time  prices 3s  funding booked  book today  shadow 19:00  carry today
            spot pot today
  SESSION   $+2.52 +0.51%  peak $501.31  dd 0.07%
  CURVE     ============+++++++++++++++++++++++++
  MONTH     book guard $0.00 of $100.00 used  on marked equity  from $500.00  dial 20%
            ..........................
  RECORD    book closed 9  5W 4L  net $+1.58  fees and funding in
  FEES      no fills yet this run (the book trades at 00:05 UTC)
  ------------------------------------------------------------------------------------------------
 
00:48:10 | 
00:48:10 | ============================================================
00:48:10 | 📊 POSITION SUMMARY (8-MIN UPDATE)
00:48:10 | 💰 Equity: $500.95 marked (the Binance book, an experiment) = cash $501.38 + open $-0.43
00:48:10 | 💵 Available: $438.73 after open P&L | Locked: $62.22
00:48:10 | 📈 Session: $+2.52 (+0.5%)
00:48:10 | 🎯 C510 Book (what trades): 10 positions, gross 0.59x, open $-0.43 | rule C2 N2+N3 + range vol (GK) | closed 9: 5W/4L $+1.58 | since 01 Oct +0.19% (normal)
00:48:10 | ============================================================
00:48:10 | ============================================================
00:48:10 | 🔵 Book guard: $0.00 of $100.00 used this month on marked equity (0%, from $500.00) · realised today +0.00% [C497]
00:48:10 | ============================================================
00:48:10 | 
 
  00:56  up 4h56m  daily book --------------------------------------------------------------------
  PLAN      $999.79 of $1,000.00 ($-0.21)  after tax on net profit $999.79
            Delta vs Pi42 funding gap $999.79  paper
  BELOW     experiments, not your money
  EQUITY    $500.89  unreal $-0.49
  OPEN      no intraday positions  book holds 10 (BOOK row)  free $438.67 after open P&L
  SHADOW    intraday M1 $496.64 (-0.62%)  M1g $515.20 (+3.10%)  6d paper only
  CARRY     $499.07 (-0.15%)  8 held  paper only
  SPOT      $249.11 (-0.36%)  1 held  3% invested  cash earns 6.71%  paper pot
  SAVINGS   idle $313.51 (63%)  at 6.71% +$0.38 so far  ~$1.75/month  paper
  BFUSD     wallet $500.97 at 7.66%  +$0.58 so far  ~$3.20/month  vs Savings $1.75  paper
  DELTA     $503.30 (+0.66%)  8 held  fees $0.38  funding $+0.16
            paper experiment: the book on Delta
  XVENUE    $998.41 (-0.16%)  10 pairs  funding $+5.55  fees $4.87  paper, Delta vs Pi42
  TESTS     every 8 h: ahead $0.01, 1 day  3-day avg: level $0.00, 1 day  paper, vs your daily rule
  BOOK      10 pos gross $298.79 (0.60x)  open $-0.49  funding $-0.04  vol 27% top 20
            rebal 2026-10-07
  CONTEXT   since 01 Oct $+0.89 (+0.18%) in 6.7d  normal -2.8% to +5.9%  bottom 48%: normal
  RULE      C2 N2+N3 + range vol (GK)  forward test (paper)
  TOURNEY   6d from 2026-10-01  base -0.27%  N2 -0.52%  N3 -0.22%  N2+N3 -0.40%  +K4 -0.41%
            +GK* -0.36%  +K4+GK -0.30%  +GK+DD -0.10%  +GK+XA +0.46%
  DATA      on time  prices 36s  funding booked  book today  shadow 19:00  carry today
            spot pot today
  SESSION   $+2.46 +0.49%  peak $501.31  dd 0.08%
  CURVE     ============++++++++++++++++++++++++++
  MONTH     book guard $0.00 of $100.00 used  on marked equity  from $500.00  dial 20%
            ..........................
  RECORD    book closed 9  5W 4L  net $+1.58  fees and funding in
  FEES      no fills yet this run (the book trades at 00:05 UTC)
  ------------------------------------------------------------------------------------------------
 
00:56:11 | 
00:56:11 | ============================================================
00:56:11 | 📊 POSITION SUMMARY (8-MIN UPDATE)
00:56:11 | 💰 Equity: $500.89 marked (the Binance book, an experiment) = cash $501.38 + open $-0.49
00:56:11 | 💵 Available: $438.67 after open P&L | Locked: $62.22
00:56:11 | 📈 Session: $+2.46 (+0.5%)
00:56:11 | 🎯 C510 Book (what trades): 10 positions, gross 0.60x, open $-0.49 | rule C2 N2+N3 + range vol (GK) | closed 9: 5W/4L $+1.58 | since 01 Oct +0.18% (normal)
00:56:11 | ============================================================
00:56:11 | ============================================================
00:56:11 | 🔵 Book guard: $0.00 of $100.00 used this month on marked equity (0%, from $500.00) · realised today +0.00% [C497]
00:56:11 | ============================================================
00:56:11 | 
 
  01:04  up 5h04m  daily book --------------------------------------------------------------------
  PLAN      $999.88 of $1,000.00 ($-0.12)  after tax on net profit $999.88
            Delta vs Pi42 funding gap $999.88  paper
  BELOW     experiments, not your money
  EQUITY    $500.74  unreal $-0.64
  OPEN      no intraday positions  book holds 10 (BOOK row)  free $438.52 after open P&L
  SHADOW    intraday M1 $496.64 (-0.62%)  M1g $515.20 (+3.10%)  6d paper only
  CARRY     $499.07 (-0.15%)  8 held  paper only
  SPOT      $249.11 (-0.36%)  1 held  3% invested  cash earns 6.71%  paper pot
  SAVINGS   idle $313.36 (63%)  at 6.71% +$0.38 so far  ~$1.75/month  paper
  BFUSD     wallet $500.77 at 7.66%  +$0.58 so far  ~$3.20/month  vs Savings $1.75  paper
  DELTA     $503.31 (+0.66%)  8 held  fees $0.38  funding $+0.16
            paper experiment: the book on Delta
  XVENUE    $998.41 (-0.16%)  10 pairs  funding $+5.55  fees $4.87  paper, Delta vs Pi42
  TESTS     every 8 h: ahead $0.01, 1 day  3-day avg: level $0.00, 1 day  paper, vs your daily rule
  BOOK      10 pos gross $298.54 (0.60x)  open $-0.64  funding $-0.04  vol 27% top 20
            rebal 2026-10-07
  CONTEXT   since 01 Oct $+0.74 (+0.15%) in 6.7d  normal -2.8% to +5.9%  bottom 48%: normal
  RULE      C2 N2+N3 + range vol (GK)  forward test (paper)
  TOURNEY   6d from 2026-10-01  base -0.27%  N2 -0.52%  N3 -0.22%  N2+N3 -0.40%  +K4 -0.41%
            +GK* -0.36%  +K4+GK -0.30%  +GK+DD -0.10%  +GK+XA +0.46%
  DATA      on time  prices 29s  funding booked  book today  shadow 19:00  carry today
            spot pot today
  SESSION   $+2.31 +0.46%  peak $501.31  dd 0.11%
  CURVE     ============+++++++++++++++++++++++++++
  MONTH     book guard $0.00 of $100.00 used  on marked equity  from $500.00  dial 20%
            ..........................
  RECORD    book closed 9  5W 4L  net $+1.58  fees and funding in
  FEES      no fills yet this run (the book trades at 00:05 UTC)
  ------------------------------------------------------------------------------------------------
 
01:04:11 | 
01:04:11 | ============================================================
01:04:11 | 📊 POSITION SUMMARY (8-MIN UPDATE)
01:04:11 | 💰 Equity: $500.74 marked (the Binance book, an experiment) = cash $501.38 + open $-0.64
01:04:11 | 💵 Available: $438.52 after open P&L | Locked: $62.22
01:04:11 | 📈 Session: $+2.31 (+0.5%)
01:04:11 | 🎯 C510 Book (what trades): 10 positions, gross 0.60x, open $-0.64 | rule C2 N2+N3 + range vol (GK) | closed 9: 5W/4L $+1.58 | since 01 Oct +0.15% (normal)
01:04:11 | ============================================================
01:04:11 | ============================================================
01:04:11 | 🔵 Book guard: $0.00 of $100.00 used this month on marked equity (0%, from $500.00) · realised today +0.00% [C497]
01:04:11 | ============================================================
01:04:11 | 
 
  01:12  up 5h12m  daily book --------------------------------------------------------------------
  PLAN      $999.89 of $1,000.00 ($-0.11)  after tax on net profit $999.89
            Delta vs Pi42 funding gap $999.89  paper
  BELOW     experiments, not your money
  EQUITY    $500.85  unreal $-0.53
  OPEN      no intraday positions  book holds 10 (BOOK row)  free $438.63 after open P&L
  SHADOW    intraday M1 $496.64 (-0.62%)  M1g $515.20 (+3.10%)  6d paper only
  CARRY     $499.07 (-0.15%)  8 held  paper only
  SPOT      $249.09 (-0.36%)  1 held  3% invested  cash earns 6.71%  paper pot
  SAVINGS   idle $313.44 (63%)  at 6.71% +$0.38 so far  ~$1.75/month  paper
  BFUSD     wallet $500.88 at 7.66%  +$0.58 so far  ~$3.20/month  vs Savings $1.75  paper
  DELTA     $503.31 (+0.66%)  8 held  fees $0.38  funding $+0.16
            paper experiment: the book on Delta
  XVENUE    $998.41 (-0.16%)  10 pairs  funding $+5.55  fees $4.87  paper, Delta vs Pi42
  TESTS     every 8 h: ahead $0.01, 1 day  3-day avg: level $0.00, 1 day  paper, vs your daily rule
  BOOK      10 pos gross $298.06 (0.59x)  open $-0.53  funding $-0.04  vol 27% top 20
            rebal 2026-10-07
  CONTEXT   since 01 Oct $+0.85 (+0.17%) in 6.7d  normal -2.8% to +5.9%  bottom 48%: normal
  RULE      C2 N2+N3 + range vol (GK)  forward test (paper)
  TOURNEY   6d from 2026-10-01  base -0.27%  N2 -0.52%  N3 -0.22%  N2+N3 -0.40%  +K4 -0.41%
            +GK* -0.36%  +K4+GK -0.30%  +GK+DD -0.10%  +GK+XA +0.46%
  DATA      on time  prices 20s  funding booked  book today  shadow 19:00  carry today
            spot pot today
  SESSION   $+2.42 +0.49%  peak $501.31  dd 0.09%
  CURVE     ============++++++++++++++++++++++++++++
  MONTH     book guard $0.00 of $100.00 used  on marked equity  from $500.00  dial 20%
            ..........................
  RECORD    book closed 9  5W 4L  net $+1.58  fees and funding in
  FEES      no fills yet this run (the book trades at 00:05 UTC)
  ------------------------------------------------------------------------------------------------
 
01:12:11 | 
01:12:11 | ============================================================
01:12:11 | 📊 POSITION SUMMARY (8-MIN UPDATE)
01:12:11 | 💰 Equity: $500.85 marked (the Binance book, an experiment) = cash $501.38 + open $-0.53
01:12:11 | 💵 Available: $438.63 after open P&L | Locked: $62.22
01:12:11 | 📈 Session: $+2.42 (+0.5%)
01:12:11 | 🎯 C510 Book (what trades): 10 positions, gross 0.59x, open $-0.53 | rule C2 N2+N3 + range vol (GK) | closed 9: 5W/4L $+1.58 | since 01 Oct +0.17% (normal)
01:12:11 | ============================================================
01:12:11 | ============================================================
01:12:11 | 🔵 Book guard: $0.00 of $100.00 used this month on marked equity (0%, from $500.00) · realised today +0.00% [C497]
01:12:11 | ============================================================
01:12:11 | 
 
  01:20  up 5h20m  daily book --------------------------------------------------------------------
  PLAN      $999.81 of $1,000.00 ($-0.19)  after tax on net profit $999.81
            Delta vs Pi42 funding gap $999.81  paper
  BELOW     experiments, not your money
  EQUITY    $500.90  unreal $-0.48
  OPEN      no intraday positions  book holds 10 (BOOK row)  free $438.68 after open P&L
  SHADOW    intraday M1 $496.64 (-0.62%)  M1g $515.20 (+3.10%)  6d paper only
  CARRY     $499.07 (-0.15%)  8 held  paper only
  SPOT      $249.09 (-0.37%)  1 held  3% invested  cash earns 6.71%  paper pot
  SAVINGS   idle $313.47 (63%)  at 6.71% +$0.38 so far  ~$1.75/month  paper
  BFUSD     wallet $500.92 at 7.66%  +$0.58 so far  ~$3.20/month  vs Savings $1.75  paper
  DELTA     $503.21 (+0.64%)  8 held  fees $0.38  funding $+0.16
            paper experiment: the book on Delta
  XVENUE    $998.41 (-0.16%)  10 pairs  funding $+5.55  fees $4.87  paper, Delta vs Pi42
  TESTS     every 8 h: ahead $0.01, 1 day  3-day avg: level $0.00, 1 day  paper, vs your daily rule
  BOOK      10 pos gross $297.83 (0.59x)  open $-0.48  funding $-0.04  vol 27% top 20
            rebal 2026-10-07
  CONTEXT   since 01 Oct $+0.90 (+0.18%) in 6.7d  normal -2.8% to +5.9%  bottom 48%: normal
  RULE      C2 N2+N3 + range vol (GK)  forward test (paper)
  TOURNEY   6d from 2026-10-01  base -0.27%  N2 -0.52%  N3 -0.22%  N2+N3 -0.40%  +K4 -0.41%
            +GK* -0.36%  +K4+GK -0.30%  +GK+DD -0.10%  +GK+XA +0.46%
  DATA      on time  prices 13s  funding booked  book today  shadow 19:00  carry today
            spot pot today
  SESSION   $+2.47 +0.50%  peak $501.31  dd 0.08%
  CURVE     ============+++++++++++++++++++++++++++++
  MONTH     book guard $0.00 of $100.00 used  on marked equity  from $500.00  dial 20%
            ..........................
  RECORD    book closed 9  5W 4L  net $+1.58  fees and funding in
  FEES      no fills yet this run (the book trades at 00:05 UTC)
  ------------------------------------------------------------------------------------------------
 
01:20:12 | 
01:20:12 | ============================================================
01:20:12 | 📊 POSITION SUMMARY (8-MIN UPDATE)
01:20:12 | 💰 Equity: $500.90 marked (the Binance book, an experiment) = cash $501.38 + open $-0.48
01:20:12 | 💵 Available: $438.68 after open P&L | Locked: $62.22
01:20:12 | 📈 Session: $+2.47 (+0.5%)
01:20:12 | 🎯 C510 Book (what trades): 10 positions, gross 0.59x, open $-0.48 | rule C2 N2+N3 + range vol (GK) | closed 9: 5W/4L $+1.58 | since 01 Oct +0.18% (normal)
01:20:12 | ============================================================
01:20:12 | ============================================================
01:20:12 | 🔵 Book guard: $0.00 of $100.00 used this month on marked equity (0%, from $500.00) · realised today +0.00% [C497]
01:20:12 | ============================================================
01:20:12 | 
 
  01:28  up 5h28m  daily book --------------------------------------------------------------------
  PLAN      $999.82 of $1,000.00 ($-0.18)  after tax on net profit $999.82
            Delta vs Pi42 funding gap $999.82  paper
  BELOW     experiments, not your money
  EQUITY    $500.86  unreal $-0.52
  OPEN      no intraday positions  book holds 10 (BOOK row)  free $438.64 after open P&L
  SHADOW    intraday M1 $496.64 (-0.62%)  M1g $515.20 (+3.10%)  6d paper only
  CARRY     $499.07 (-0.15%)  8 held  paper only
  SPOT      $249.09 (-0.36%)  1 held  3% invested  cash earns 6.71%  paper pot
  SAVINGS   idle $313.45 (63%)  at 6.71% +$0.38 so far  ~$1.75/month  paper
  BFUSD     wallet $500.89 at 7.66%  +$0.58 so far  ~$3.20/month  vs Savings $1.75  paper
  DELTA     $503.11 (+0.62%)  8 held  fees $0.38  funding $+0.16
            paper experiment: the book on Delta
  XVENUE    $998.41 (-0.16%)  10 pairs  funding $+5.55  fees $4.87  paper, Delta vs Pi42
  TESTS     every 8 h: ahead $0.01, 1 day  3-day avg: level $0.00, 1 day  paper, vs your daily rule
  BOOK      10 pos gross $297.73 (0.59x)  open $-0.52  funding $-0.04  vol 27% top 20
            rebal 2026-10-07
  CONTEXT   since 01 Oct $+0.86 (+0.17%) in 6.7d  normal -2.8% to +5.9%  bottom 48%: normal
  RULE      C2 N2+N3 + range vol (GK)  forward test (paper)
  TOURNEY   6d from 2026-10-01  base -0.27%  N2 -0.52%  N3 -0.22%  N2+N3 -0.40%  +K4 -0.41%
            +GK* -0.36%  +K4+GK -0.30%  +GK+DD -0.10%  +GK+XA +0.46%
  DATA      on time  prices 6s  funding booked  book today  shadow 19:00  carry today
            spot pot today
  SESSION   $+2.43 +0.49%  peak $501.31  dd 0.09%
  CURVE     ============++++++++++++++++++++++++++++++
  MONTH     book guard $0.00 of $100.00 used  on marked equity  from $500.00  dial 20%
            ..........................
  RECORD    book closed 9  5W 4L  net $+1.58  fees and funding in
  FEES      no fills yet this run (the book trades at 00:05 UTC)
  ------------------------------------------------------------------------------------------------
 
01:28:12 | 
01:28:12 | ============================================================
01:28:12 | 📊 POSITION SUMMARY (8-MIN UPDATE)
01:28:12 | 💰 Equity: $500.86 marked (the Binance book, an experiment) = cash $501.38 + open $-0.52
01:28:12 | 💵 Available: $438.64 after open P&L | Locked: $62.22
01:28:12 | 📈 Session: $+2.43 (+0.5%)
01:28:12 | 🎯 C510 Book (what trades): 10 positions, gross 0.59x, open $-0.52 | rule C2 N2+N3 + range vol (GK) | closed 9: 5W/4L $+1.58 | since 01 Oct +0.17% (normal)
01:28:12 | ============================================================
01:28:12 | ============================================================
01:28:12 | 🔵 Book guard: $0.00 of $100.00 used this month on marked equity (0%, from $500.00) · realised today +0.00% [C497]
01:28:12 | ============================================================
01:28:12 | 
01:32:22 |    👻 C489 shadow hour 20:00 UTC: 39 coins scored (full (16 features)), gate shut | M1 $496.82 (-0.58%) M1g $515.51 (+3.16%) over 6d [3s]
 
  01:36  up 5h36m  daily book --------------------------------------------------------------------
  PLAN      $1,000.20 of $1,000.00 ($+0.20)  after tax on net profit $1,000.14
            Delta vs Pi42 funding gap $1,000.20  paper
  BELOW     experiments, not your money
  EQUITY    $501.07  unreal $-0.32
  OPEN      no intraday positions  book holds 10 (BOOK row)  free $438.85 after open P&L
  SHADOW    intraday M1 $496.82 (-0.58%)  M1g $515.51 (+3.16%)  6d paper only
  CARRY     $499.07 (-0.15%)  8 held  paper only
  SPOT      $249.09 (-0.36%)  1 held  3% invested  cash earns 6.71%  paper pot
  SAVINGS   idle $313.62 (63%)  at 6.71% +$0.38 so far  ~$1.75/month  paper
  BFUSD     wallet $501.12 at 7.66%  +$0.58 so far  ~$3.20/month  vs Savings $1.75  paper
  DELTA     $503.30 (+0.66%)  8 held  fees $0.38  funding $+0.17
            paper experiment: the book on Delta
  XVENUE    $998.41 (-0.16%)  10 pairs  funding $+5.55  fees $4.87  paper, Delta vs Pi42
  TESTS     every 8 h: ahead $0.01, 1 day  3-day avg: level $0.00, 1 day  paper, vs your daily rule
  BOOK      10 pos gross $298.20 (0.59x)  open $-0.32  funding $-0.04  vol 27% top 20
            rebal 2026-10-07
  CONTEXT   since 01 Oct $+1.07 (+0.21%) in 6.7d  normal -2.8% to +5.9%  bottom 49%: normal
  RULE      C2 N2+N3 + range vol (GK)  forward test (paper)
  TOURNEY   6d from 2026-10-01  base -0.27%  N2 -0.52%  N3 -0.22%  N2+N3 -0.40%  +K4 -0.41%
            +GK* -0.36%  +K4+GK -0.30%  +GK+DD -0.10%  +GK+XA +0.46%
  DATA      on time  prices 0s  funding booked  book today  shadow 20:00  carry today
            spot pot today
  SESSION   $+2.64 +0.53%  peak $501.31  dd 0.05%
  CURVE     ============+++++++++++++++++++++++++++++++
  MONTH     book guard $0.00 of $100.00 used  on marked equity  from $500.00  dial 20%
            ..........................
  RECORD    book closed 9  5W 4L  net $+1.58  fees and funding in
  FEES      no fills yet this run (the book trades at 00:05 UTC)
  ------------------------------------------------------------------------------------------------
 
01:36:14 | 
01:36:14 | ============================================================
01:36:14 | 📊 POSITION SUMMARY (8-MIN UPDATE)
01:36:14 | 💰 Equity: $501.07 marked (the Binance book, an experiment) = cash $501.39 + open $-0.32
01:36:14 | 💵 Available: $438.85 after open P&L | Locked: $62.22
01:36:14 | 📈 Session: $+2.64 (+0.5%)
01:36:14 | 🎯 C510 Book (what trades): 10 positions, gross 0.59x, open $-0.32 | rule C2 N2+N3 + range vol (GK) | closed 9: 5W/4L $+1.58 | since 01 Oct +0.21% (normal)
01:36:14 | ============================================================
01:36:14 | ============================================================
01:36:14 | 🔵 Book guard: $0.00 of $100.00 used this month on marked equity (0%, from $500.00) · realised today +0.00% [C497]
01:36:14 | ============================================================
01:36:14 | 
 
  01:44  up 5h44m  daily book --------------------------------------------------------------------
  PLAN      $1,000.13 of $1,000.00 ($+0.13)  after tax on net profit $1,000.09
            Delta vs Pi42 funding gap $1,000.13  paper
  BELOW     experiments, not your money
  EQUITY    $501.37  unreal $-0.02
  OPEN      no intraday positions  book holds 10 (BOOK row)  free $439.15 after open P&L
  SHADOW    intraday M1 $496.82 (-0.58%)  M1g $515.51 (+3.16%)  6d paper only
  CARRY     $499.07 (-0.15%)  8 held  paper only
  SPOT      $249.11 (-0.36%)  1 held  3% invested  cash earns 6.71%  paper pot
  SAVINGS   idle $313.81 (63%)  at 6.71% +$0.39 so far  ~$1.75/month  paper
  BFUSD     wallet $501.37 at 7.66%  +$0.58 so far  ~$3.20/month  vs Savings $1.75  paper
  DELTA     $503.34 (+0.67%)  8 held  fees $0.38  funding $+0.17
            paper experiment: the book on Delta
  XVENUE    $998.41 (-0.16%)  10 pairs  funding $+5.55  fees $4.87  paper, Delta vs Pi42
  TESTS     every 8 h: ahead $0.01, 1 day  3-day avg: level $0.00, 1 day  paper, vs your daily rule
  BOOK      10 pos gross $298.63 (0.60x)  open $-0.02  funding $-0.04  vol 27% top 20
            rebal 2026-10-07
  CONTEXT   since 01 Oct $+1.37 (+0.27%) in 6.7d  normal -2.8% to +5.9%  bottom 50%: normal
  RULE      C2 N2+N3 + range vol (GK)  forward test (paper)
  TOURNEY   6d from 2026-10-01  base -0.27%  N2 -0.52%  N3 -0.22%  N2+N3 -0.40%  +K4 -0.41%
            +GK* -0.36%  +K4+GK -0.30%  +GK+DD -0.10%  +GK+XA +0.46%
  DATA      on time  prices 34s  funding booked  book today  shadow 20:00  carry today
            spot pot today
  SESSION   $+2.94 +0.59%
  CURVE     ============++++++++++++++++++++++++++++++++
  MONTH     book guard $0.00 of $100.00 used  on marked equity  from $500.00  dial 20%
            ..........................
  RECORD    book closed 9  5W 4L  net $+1.58  fees and funding in
  FEES      no fills yet this run (the book trades at 00:05 UTC)
  ------------------------------------------------------------------------------------------------
 
01:44:14 | 
01:44:14 | ============================================================
01:44:14 | 📊 POSITION SUMMARY (8-MIN UPDATE)
01:44:14 | 💰 Equity: $501.37 marked (the Binance book, an experiment) = cash $501.39 + open $-0.02
01:44:14 | 💵 Available: $439.15 after open P&L | Locked: $62.22
01:44:14 | 📈 Session: $+2.94 (+0.6%)
01:44:14 | 🎯 C510 Book (what trades): 10 positions, gross 0.60x, open $-0.02 | rule C2 N2+N3 + range vol (GK) | closed 9: 5W/4L $+1.58 | since 01 Oct +0.27% (normal)
01:44:14 | ============================================================
01:44:14 | ============================================================
01:44:14 | 🔵 Book guard: $0.00 of $100.00 used this month on marked equity (0%, from $500.00) · realised today +0.00% [C497]
01:44:14 | ============================================================
01:44:14 | 
 
  01:52  up 5h52m  daily book --------------------------------------------------------------------
  PLAN      $999.91 of $1,000.00 ($-0.09)  after tax on net profit $999.91
            Delta vs Pi42 funding gap $999.91  paper
  BELOW     experiments, not your money
  EQUITY    $501.20  unreal $-0.19
  OPEN      no intraday positions  book holds 10 (BOOK row)  free $438.98 after open P&L
  SHADOW    intraday M1 $496.82 (-0.58%)  M1g $515.51 (+3.16%)  6d paper only
  CARRY     $499.07 (-0.15%)  8 held  paper only
  SPOT      $249.11 (-0.36%)  1 held  3% invested  cash earns 6.71%  paper pot
  SAVINGS   idle $313.68 (63%)  at 6.71% +$0.39 so far  ~$1.75/month  paper
  BFUSD     wallet $501.20 at 7.66%  +$0.59 so far  ~$3.20/month  vs Savings $1.75  paper
  DELTA     $503.44 (+0.69%)  8 held  fees $0.38  funding $+0.17
            paper experiment: the book on Delta
  XVENUE    $998.41 (-0.16%)  10 pairs  funding $+5.55  fees $4.87  paper, Delta vs Pi42
  TESTS     every 8 h: ahead $0.01, 1 day  3-day avg: level $0.00, 1 day  paper, vs your daily rule
  BOOK      10 pos gross $298.90 (0.60x)  open $-0.19  funding $-0.04  vol 27% top 20
            rebal 2026-10-07
  CONTEXT   since 01 Oct $+1.20 (+0.24%) in 6.7d  normal -2.8% to +5.9%  bottom 49%: normal
  RULE      C2 N2+N3 + range vol (GK)  forward test (paper)
  TOURNEY   6d from 2026-10-01  base -0.27%  N2 -0.52%  N3 -0.22%  N2+N3 -0.40%  +K4 -0.41%
            +GK* -0.36%  +K4+GK -0.30%  +GK+DD -0.10%  +GK+XA +0.46%
  DATA      on time  prices 26s  funding booked  book today  shadow 20:00  carry today
            spot pot today
  SESSION   $+2.77 +0.56%  peak $501.37  dd 0.03%
  CURVE     ============+++++++++++++++++++++++++++++++++
  MONTH     book guard $0.00 of $100.00 used  on marked equity  from $500.00  dial 20%
            ..........................
  RECORD    book closed 9  5W 4L  net $+1.58  fees and funding in
  FEES      no fills yet this run (the book trades at 00:05 UTC)
  ------------------------------------------------------------------------------------------------
 
01:52:14 | 
01:52:14 | ============================================================
01:52:14 | 📊 POSITION SUMMARY (8-MIN UPDATE)
01:52:14 | 💰 Equity: $501.20 marked (the Binance book, an experiment) = cash $501.39 + open $-0.19
01:52:14 | 💵 Available: $438.98 after open P&L | Locked: $62.22
01:52:14 | 📈 Session: $+2.77 (+0.6%)
01:52:14 | 🎯 C510 Book (what trades): 10 positions, gross 0.60x, open $-0.19 | rule C2 N2+N3 + range vol (GK) | closed 9: 5W/4L $+1.58 | since 01 Oct +0.24% (normal)
01:52:14 | ============================================================
01:52:14 | ============================================================
01:52:14 | 🔵 Book guard: $0.00 of $100.00 used this month on marked equity (0%, from $500.00) · realised today +0.00% [C497]
01:52:14 | ============================================================
01:52:14 | 
 
  02:00  up 6h00m  daily book --------------------------------------------------------------------
  PLAN      $1,000.21 of $1,000.00 ($+0.21)  after tax on net profit $1,000.14
            Delta vs Pi42 funding gap $1,000.21  paper
  BELOW     experiments, not your money
  EQUITY    $501.49  unreal $+0.10
  OPEN      no intraday positions  book holds 10 (BOOK row)  free $439.27 after open P&L
  SHADOW    intraday M1 $496.82 (-0.58%)  M1g $515.51 (+3.16%)  6d paper only
  CARRY     $499.07 (-0.15%)  8 held  paper only
  SPOT      $249.12 (-0.35%)  1 held  3% invested  cash earns 6.68%  paper pot
  SAVINGS   idle $313.90 (63%)  at 6.68% +$0.39 so far  ~$1.75/month  paper
  BFUSD     wallet $501.49 at 7.66%  +$0.59 so far  ~$3.20/month  vs Savings $1.75  paper
  DELTA     $503.34 (+0.67%)  8 held  fees $0.38  funding $+0.17
            paper experiment: the book on Delta
  XVENUE    $998.41 (-0.16%)  10 pairs  funding $+5.55  fees $4.87  paper, Delta vs Pi42
  TESTS     every 8 h: ahead $0.01, 1 day  3-day avg: level $0.00, 1 day  paper, vs your daily rule
  BOOK      10 pos gross $299.07 (0.60x)  open $+0.10  funding $-0.04  vol 27% top 20
            rebal 2026-10-07
  CONTEXT   since 01 Oct $+1.49 (+0.30%) in 6.7d  normal -2.8% to +5.9%  top 50%: normal
  RULE      C2 N2+N3 + range vol (GK)  forward test (paper)
  TOURNEY   6d from 2026-10-01  base -0.27%  N2 -0.52%  N3 -0.22%  N2+N3 -0.40%  +K4 -0.41%
            +GK* -0.36%  +K4+GK -0.30%  +GK+DD -0.10%  +GK+XA +0.46%
  DATA      on time  prices 19s  funding booked  book today  shadow 20:00  carry today
            spot pot today
  SESSION   $+3.06 +0.61%
  CURVE     ============++++++++++++++++++++++++++++++++++
  MONTH     book guard $0.00 of $100.00 used  on marked equity  from $500.00  dial 20%
            ..........................
  RECORD    book closed 9  5W 4L  net $+1.58  fees and funding in
  FEES      no fills yet this run (the book trades at 00:05 UTC)
  ------------------------------------------------------------------------------------------------
 
02:00:15 | 
02:00:15 | ============================================================
02:00:15 | 📊 POSITION SUMMARY (8-MIN UPDATE)
02:00:15 | 💰 Equity: $501.49 marked (the Binance book, an experiment) = cash $501.39 + open $+0.10
02:00:15 | 💵 Available: $439.27 after open P&L | Locked: $62.22
02:00:15 | 📈 Session: $+3.06 (+0.6%)
02:00:15 | 🎯 C510 Book (what trades): 10 positions, gross 0.60x, open $+0.10 | rule C2 N2+N3 + range vol (GK) | closed 9: 5W/4L $+1.58 | since 01 Oct +0.30% (normal)
02:00:15 | ============================================================
02:00:15 | ============================================================
02:00:15 | 🔵 Book guard: $0.00 of $100.00 used this month on marked equity (0%, from $500.00) · realised today +0.00% [C497]
02:00:15 | ============================================================
02:00:15 | 
 
  02:08  up 6h08m  daily book --------------------------------------------------------------------
  PLAN      $1,000.10 of $1,000.00 ($+0.10)  after tax on net profit $1,000.07
            Delta vs Pi42 funding gap $1,000.10  paper
  BELOW     experiments, not your money
  EQUITY    $501.45  unreal $+0.06
  OPEN      no intraday positions  book holds 10 (BOOK row)  free $439.23 after open P&L
  SHADOW    intraday M1 $496.82 (-0.58%)  M1g $515.51 (+3.16%)  6d paper only
  CARRY     $499.07 (-0.15%)  8 held  paper only
  SPOT      $249.11 (-0.36%)  1 held  3% invested  cash earns 6.68%  paper pot
  SAVINGS   idle $313.87 (63%)  at 6.68% +$0.39 so far  ~$1.75/month  paper
  BFUSD     wallet $501.45 at 7.66%  +$0.59 so far  ~$3.20/month  vs Savings $1.75  paper
  DELTA     $503.41 (+0.68%)  8 held  fees $0.38  funding $+0.17
            paper experiment: the book on Delta
  XVENUE    $998.41 (-0.16%)  10 pairs  funding $+5.55  fees $4.87  paper, Delta vs Pi42
  TESTS     every 8 h: ahead $0.01, 1 day  3-day avg: level $0.00, 1 day  paper, vs your daily rule
  BOOK      10 pos gross $298.26 (0.59x)  open $+0.06  funding $-0.04  vol 27% top 20
            rebal 2026-10-07
  CONTEXT   since 01 Oct $+1.45 (+0.29%) in 6.7d  normal -2.8% to +6.0%  top 50%: normal
  RULE      C2 N2+N3 + range vol (GK)  forward test (paper)
  TOURNEY   6d from 2026-10-01  base -0.27%  N2 -0.52%  N3 -0.22%  N2+N3 -0.40%  +K4 -0.41%
            +GK* -0.36%  +K4+GK -0.30%  +GK+DD -0.10%  +GK+XA +0.46%
  DATA      on time  prices 13s  funding booked  book today  shadow 20:00  carry today
            spot pot today
  SESSION   $+3.02 +0.61%  peak $501.49  dd 0.01%
  CURVE     ============+++++++++++++++++++++++++++++++++++
  MONTH     book guard $0.00 of $100.00 used  on marked equity  from $500.00  dial 20%
            ..........................
  RECORD    book closed 9  5W 4L  net $+1.58  fees and funding in
  FEES      no fills yet this run (the book trades at 00:05 UTC)
  ------------------------------------------------------------------------------------------------
 
02:08:15 | 
02:08:15 | ============================================================
02:08:15 | 📊 POSITION SUMMARY (8-MIN UPDATE)
02:08:15 | 💰 Equity: $501.45 marked (the Binance book, an experiment) = cash $501.39 + open $+0.06
02:08:15 | 💵 Available: $439.23 after open P&L | Locked: $62.22
02:08:15 | 📈 Session: $+3.02 (+0.6%)
02:08:15 | 🎯 C510 Book (what trades): 10 positions, gross 0.59x, open $+0.06 | rule C2 N2+N3 + range vol (GK) | closed 9: 5W/4L $+1.58 | since 01 Oct +0.29% (normal)
02:08:15 | ============================================================
02:08:15 | ============================================================
02:08:15 | 🔵 Book guard: $0.00 of $100.00 used this month on marked equity (0%, from $500.00) · realised today +0.00% [C497]
02:08:15 | ============================================================
02:08:15 | 
 
  02:16  up 6h16m  daily book --------------------------------------------------------------------
  PLAN      $999.98 of $1,000.00 ($-0.02)  after tax on net profit $999.98
            Delta vs Pi42 funding gap $999.98  paper
  BELOW     experiments, not your money
  EQUITY    $501.46  unreal $+0.07
  OPEN      no intraday positions  book holds 10 (BOOK row)  free $439.24 after open P&L
  SHADOW    intraday M1 $496.82 (-0.58%)  M1g $515.51 (+3.16%)  6d paper only
  CARRY     $499.07 (-0.15%)  8 held  paper only
  SPOT      $249.10 (-0.36%)  1 held  3% invested  cash earns 6.68%  paper pot
  SAVINGS   idle $313.87 (63%)  at 6.68% +$0.39 so far  ~$1.75/month  paper
  BFUSD     wallet $501.45 at 7.66%  +$0.59 so far  ~$3.20/month  vs Savings $1.75  paper
  DELTA     $503.43 (+0.69%)  8 held  fees $0.38  funding $+0.17
            paper experiment: the book on Delta
  XVENUE    $998.41 (-0.16%)  10 pairs  funding $+5.55  fees $4.87  paper, Delta vs Pi42
  TESTS     every 8 h: ahead $0.01, 1 day  3-day avg: level $0.00, 1 day  paper, vs your daily rule
  BOOK      10 pos gross $298.17 (0.59x)  open $+0.07  funding $-0.04  vol 27% top 20
            rebal 2026-10-07
  CONTEXT   since 01 Oct $+1.46 (+0.29%) in 6.7d  normal -2.8% to +6.0%  top 50%: normal
  RULE      C2 N2+N3 + range vol (GK)  forward test (paper)
  TOURNEY   6d from 2026-10-01  base -0.27%  N2 -0.52%  N3 -0.22%  N2+N3 -0.40%  +K4 -0.41%
            +GK* -0.36%  +K4+GK -0.30%  +GK+DD -0.10%  +GK+XA +0.46%
  DATA      on time  prices 9s  funding booked  book today  shadow 20:00  carry today
            spot pot today
  SESSION   $+3.03 +0.61%  peak $501.49  dd 0.01%
  CURVE     ============++++++++++++++++++++++++++++++++++++
  MONTH     book guard $0.00 of $100.00 used  on marked equity  from $500.00  dial 20%
            ..........................
  RECORD    book closed 9  5W 4L  net $+1.58  fees and funding in
  FEES      no fills yet this run (the book trades at 00:05 UTC)
  ------------------------------------------------------------------------------------------------
 
02:16:15 | 
02:16:15 | ============================================================
02:16:15 | 📊 POSITION SUMMARY (8-MIN UPDATE)
02:16:15 | 💰 Equity: $501.46 marked (the Binance book, an experiment) = cash $501.39 + open $+0.07
02:16:15 | 💵 Available: $439.24 after open P&L | Locked: $62.22
02:16:15 | 📈 Session: $+3.03 (+0.6%)
02:16:15 | 🎯 C510 Book (what trades): 10 positions, gross 0.59x, open $+0.07 | rule C2 N2+N3 + range vol (GK) | closed 9: 5W/4L $+1.58 | since 01 Oct +0.29% (normal)
02:16:15 | ============================================================
02:16:15 | ============================================================
02:16:15 | 🔵 Book guard: $0.00 of $100.00 used this month on marked equity (0%, from $500.00) · realised today +0.00% [C497]
02:16:15 | ============================================================
02:16:15 | 
 
  02:24  up 6h24m  daily book --------------------------------------------------------------------
  PLAN      $999.94 of $1,000.00 ($-0.06)  after tax on net profit $999.94
            Delta vs Pi42 funding gap $999.94  paper
  BELOW     experiments, not your money
  EQUITY    $501.68  unreal $+0.29
  OPEN      no intraday positions  book holds 10 (BOOK row)  free $439.46 after open P&L
  SHADOW    intraday M1 $496.82 (-0.58%)  M1g $515.51 (+3.16%)  6d paper only
  CARRY     $499.07 (-0.15%)  8 held  paper only
  SPOT      $249.10 (-0.36%)  1 held  3% invested  cash earns 6.68%  paper pot
  SAVINGS   idle $314.04 (63%)  at 6.68% +$0.39 so far  ~$1.75/month  paper
  BFUSD     wallet $501.68 at 7.66%  +$0.59 so far  ~$3.20/month  vs Savings $1.75  paper
  DELTA     $503.53 (+0.71%)  8 held  fees $0.38  funding $+0.17
            paper experiment: the book on Delta
  XVENUE    $998.41 (-0.16%)  10 pairs  funding $+5.55  fees $4.87  paper, Delta vs Pi42
  TESTS     every 8 h: ahead $0.01, 1 day  3-day avg: level $0.00, 1 day  paper, vs your daily rule
  BOOK      10 pos gross $298.45 (0.59x)  open $+0.29  funding $-0.04  vol 27% top 20
            rebal 2026-10-07
  CONTEXT   since 01 Oct $+1.68 (+0.34%) in 6.7d  normal -2.8% to +6.0%  top 49%: normal
  RULE      C2 N2+N3 + range vol (GK)  forward test (paper)
  TOURNEY   6d from 2026-10-01  base -0.27%  N2 -0.52%  N3 -0.22%  N2+N3 -0.40%  +K4 -0.41%
            +GK* -0.36%  +K4+GK -0.30%  +GK+DD -0.10%  +GK+XA +0.46%
  DATA      on time  prices 39s  funding booked  book today  shadow 20:00  carry today
            spot pot today
  SESSION   $+3.25 +0.65%
  CURVE     ==============+++++++++++++++++++++++++++++++++++
  MONTH     book guard $0.00 of $100.00 used  on marked equity  from $500.00  dial 20%
            ..........................
  RECORD    book closed 9  5W 4L  net $+1.58  fees and funding in
  FEES      no fills yet this run (the book trades at 00:05 UTC)
  ------------------------------------------------------------------------------------------------
 
02:24:16 | 
02:24:16 | ============================================================
02:24:16 | 📊 POSITION SUMMARY (8-MIN UPDATE)
02:24:16 | 💰 Equity: $501.68 marked (the Binance book, an experiment) = cash $501.39 + open $+0.29
02:24:16 | 💵 Available: $439.46 after open P&L | Locked: $62.22
02:24:16 | 📈 Session: $+3.25 (+0.7%)
02:24:16 | 🎯 C510 Book (what trades): 10 positions, gross 0.59x, open $+0.29 | rule C2 N2+N3 + range vol (GK) | closed 9: 5W/4L $+1.58 | since 01 Oct +0.34% (normal)
02:24:16 | ============================================================
02:24:16 | ============================================================
02:24:16 | 🔵 Book guard: $0.00 of $100.00 used this month on marked equity (0%, from $500.00) · realised today +0.00% [C497]
02:24:16 | ============================================================
02:24:16 | 
02:32:20 |    👻 C489 shadow hour 21:00 UTC: 39 coins scored (full (16 features)), gate OPEN | M1 $497.97 (-0.35%) M1g $516.27 (+3.31%) over 6d [3s]
 
  02:32  up 6h32m  daily book --------------------------------------------------------------------
  PLAN      $999.96 of $1,000.00 ($-0.04)  after tax on net profit $999.96
            Delta vs Pi42 funding gap $999.96  paper
  BELOW     experiments, not your money
  EQUITY    $501.53  unreal $+0.14
  OPEN      no intraday positions  book holds 10 (BOOK row)  free $439.31 after open P&L
  SHADOW    intraday M1 $497.97 (-0.35%)  M1g $516.27 (+3.31%)  6d paper only
  CARRY     $499.07 (-0.15%)  8 held  paper only
  SPOT      $249.11 (-0.36%)  1 held  3% invested  cash earns 6.68%  paper pot
  SAVINGS   idle $313.93 (63%)  at 6.68% +$0.39 so far  ~$1.75/month  paper
  BFUSD     wallet $501.53 at 7.66%  +$0.59 so far  ~$3.20/month  vs Savings $1.75  paper
  DELTA     $503.48 (+0.70%)  8 held  fees $0.38  funding $+0.17
            paper experiment: the book on Delta
  XVENUE    $998.41 (-0.16%)  10 pairs  funding $+5.55  fees $4.87  paper, Delta vs Pi42
  TESTS     every 8 h: ahead $0.01, 1 day  3-day avg: level $0.00, 1 day  paper, vs your daily rule
  BOOK      10 pos gross $298.64 (0.59x)  open $+0.14  funding $-0.04  vol 27% top 20
            rebal 2026-10-07
  CONTEXT   since 01 Oct $+1.53 (+0.31%) in 6.7d  normal -2.8% to +6.0%  top 50%: normal
  RULE      C2 N2+N3 + range vol (GK)  forward test (paper)
  TOURNEY   6d from 2026-10-01  base -0.27%  N2 -0.52%  N3 -0.22%  N2+N3 -0.40%  +K4 -0.41%
            +GK* -0.36%  +K4+GK -0.30%  +GK+DD -0.10%  +GK+XA +0.46%
  DATA      on time  prices 34s  funding booked  book today  shadow 21:00  carry today
            spot pot today
  SESSION   $+3.10 +0.62%  peak $501.68  dd 0.03%
  CURVE     ==============++++++++++++++++++++++++++++++++++++
  MONTH     book guard $0.00 of $100.00 used  on marked equity  from $500.00  dial 20%
            ..........................
  RECORD    book closed 9  5W 4L  net $+1.58  fees and funding in
  FEES      no fills yet this run (the book trades at 00:05 UTC)
  ------------------------------------------------------------------------------------------------
 
02:32:20 | 
02:32:20 | ============================================================
02:32:20 | 📊 POSITION SUMMARY (8-MIN UPDATE)
02:32:20 | 💰 Equity: $501.53 marked (the Binance book, an experiment) = cash $501.39 + open $+0.14
02:32:20 | 💵 Available: $439.31 after open P&L | Locked: $62.22
02:32:20 | 📈 Session: $+3.10 (+0.6%)
02:32:20 | 🎯 C510 Book (what trades): 10 positions, gross 0.59x, open $+0.14 | rule C2 N2+N3 + range vol (GK) | closed 9: 5W/4L $+1.58 | since 01 Oct +0.31% (normal)
02:32:20 | ============================================================
02:32:20 | ============================================================
02:32:20 | 🔵 Book guard: $0.00 of $100.00 used this month on marked equity (0%, from $500.00) · realised today +0.00% [C497]
02:32:20 | ============================================================
02:32:20 | 
 
  02:40  up 6h40m  daily book --------------------------------------------------------------------
  PLAN      $1,000.07 of $1,000.00 ($+0.07)  after tax on net profit $1,000.05
            Delta vs Pi42 funding gap $1,000.07  paper
  BELOW     experiments, not your money
  EQUITY    $501.44  unreal $+0.05
  OPEN      no intraday positions  book holds 10 (BOOK row)  free $439.22 after open P&L
  SHADOW    intraday M1 $497.97 (-0.35%)  M1g $516.27 (+3.31%)  6d paper only
  CARRY     $499.07 (-0.15%)  8 held  paper only
  SPOT      $249.11 (-0.36%)  1 held  3% invested  cash earns 6.68%  paper pot
  SAVINGS   idle $313.86 (63%)  at 6.68% +$0.39 so far  ~$1.75/month  paper
  BFUSD     wallet $501.44 at 7.66%  +$0.59 so far  ~$3.20/month  vs Savings $1.75  paper
  DELTA     $503.40 (+0.68%)  8 held  fees $0.38  funding $+0.17
            paper experiment: the book on Delta
  XVENUE    $998.41 (-0.16%)  10 pairs  funding $+5.55  fees $4.87  paper, Delta vs Pi42
  TESTS     every 8 h: ahead $0.01, 1 day  3-day avg: level $0.00, 1 day  paper, vs your daily rule
  BOOK      10 pos gross $298.26 (0.59x)  open $+0.05  funding $-0.04  vol 27% top 20
            rebal 2026-10-07
  CONTEXT   since 01 Oct $+1.44 (+0.29%) in 6.7d  normal -2.8% to +6.0%  top 50%: normal
  RULE      C2 N2+N3 + range vol (GK)  forward test (paper)
  TOURNEY   6d from 2026-10-01  base -0.27%  N2 -0.52%  N3 -0.22%  N2+N3 -0.40%  +K4 -0.41%
            +GK* -0.36%  +K4+GK -0.30%  +GK+DD -0.10%  +GK+XA +0.46%
  DATA      on time  prices 25s  funding booked  book today  shadow 21:00  carry today
            spot pot today
  SESSION   $+3.01 +0.60%  peak $501.68  dd 0.05%
  CURVE     ==============+++++++++++++++++++++++++++++++++++++
  MONTH     book guard $0.00 of $100.00 used  on marked equity  from $500.00  dial 20%
            ..........................
  RECORD    book closed 9  5W 4L  net $+1.58  fees and funding in
  FEES      no fills yet this run (the book trades at 00:05 UTC)
  ------------------------------------------------------------------------------------------------
 
02:40:20 | 
02:40:20 | ============================================================
02:40:20 | 📊 POSITION SUMMARY (8-MIN UPDATE)
02:40:20 | 💰 Equity: $501.44 marked (the Binance book, an experiment) = cash $501.39 + open $+0.05
02:40:20 | 💵 Available: $439.22 after open P&L | Locked: $62.22
02:40:20 | 📈 Session: $+3.01 (+0.6%)
02:40:20 | 🎯 C510 Book (what trades): 10 positions, gross 0.59x, open $+0.05 | rule C2 N2+N3 + range vol (GK) | closed 9: 5W/4L $+1.58 | since 01 Oct +0.29% (normal)
02:40:20 | ============================================================
02:40:20 | ============================================================
02:40:20 | 🔵 Book guard: $0.00 of $100.00 used this month on marked equity (0%, from $500.00) · realised today +0.00% [C497]
02:40:20 | ============================================================
02:40:20 | 
 
  02:48  up 6h48m  daily book --------------------------------------------------------------------
  PLAN      $1,000.09 of $1,000.00 ($+0.09)  after tax on net profit $1,000.06
            Delta vs Pi42 funding gap $1,000.09  paper
  BELOW     experiments, not your money
  EQUITY    $501.41  unreal $+0.02
  OPEN      no intraday positions  book holds 10 (BOOK row)  free $439.19 after open P&L
  SHADOW    intraday M1 $497.97 (-0.35%)  M1g $516.27 (+3.31%)  6d paper only
  CARRY     $499.07 (-0.15%)  8 held  paper only
  SPOT      $249.11 (-0.36%)  1 held  3% invested  cash earns 6.68%  paper pot
  SAVINGS   idle $313.83 (63%)  at 6.68% +$0.39 so far  ~$1.75/month  paper
  BFUSD     wallet $501.40 at 7.66%  +$0.59 so far  ~$3.20/month  vs Savings $1.75  paper
  DELTA     $503.40 (+0.68%)  8 held  fees $0.38  funding $+0.17
            paper experiment: the book on Delta
  XVENUE    $998.41 (-0.16%)  10 pairs  funding $+5.55  fees $4.87  paper, Delta vs Pi42
  TESTS     every 8 h: ahead $0.01, 1 day  3-day avg: level $0.00, 1 day  paper, vs your daily rule
  BOOK      10 pos gross $298.25 (0.59x)  open $+0.02  funding $-0.04  vol 27% top 20
            rebal 2026-10-07
  CONTEXT   since 01 Oct $+1.41 (+0.28%) in 6.7d  normal -2.8% to +6.0%  bottom 50%: normal
  RULE      C2 N2+N3 + range vol (GK)  forward test (paper)
  TOURNEY   6d from 2026-10-01  base -0.27%  N2 -0.52%  N3 -0.22%  N2+N3 -0.40%  +K4 -0.41%
            +GK* -0.36%  +K4+GK -0.30%  +GK+DD -0.10%  +GK+XA +0.46%
  DATA      on time  prices 18s  funding booked  book today  shadow 21:00  carry today
            spot pot today
  SESSION   $+2.98 +0.60%  peak $501.68  dd 0.05%
  CURVE     ==============++++++++++++++++++++++++++++++++++++++
  MONTH     book guard $0.00 of $100.00 used  on marked equity  from $500.00  dial 20%
            ..........................
  RECORD    book closed 9  5W 4L  net $+1.58  fees and funding in
  FEES      no fills yet this run (the book trades at 00:05 UTC)
  ------------------------------------------------------------------------------------------------
 
02:48:20 | 
02:48:20 | ============================================================
02:48:20 | 📊 POSITION SUMMARY (8-MIN UPDATE)
02:48:20 | 💰 Equity: $501.41 marked (the Binance book, an experiment) = cash $501.39 + open $+0.02
02:48:20 | 💵 Available: $439.19 after open P&L | Locked: $62.22
02:48:20 | 📈 Session: $+2.98 (+0.6%)
02:48:20 | 🎯 C510 Book (what trades): 10 positions, gross 0.59x, open $+0.02 | rule C2 N2+N3 + range vol (GK) | closed 9: 5W/4L $+1.58 | since 01 Oct +0.28% (normal)
02:48:20 | ============================================================
02:48:20 | ============================================================
02:48:20 | 🔵 Book guard: $0.00 of $100.00 used this month on marked equity (0%, from $500.00) · realised today +0.00% [C497]
02:48:20 | ============================================================
02:48:20 | 
 
  02:56  up 6h56m  daily book --------------------------------------------------------------------
  PLAN      $1,000.06 of $1,000.00 ($+0.06)  after tax on net profit $1,000.04
            Delta vs Pi42 funding gap $1,000.06  paper
  BELOW     experiments, not your money
  EQUITY    $501.33  unreal $-0.06
  OPEN      no intraday positions  book holds 10 (BOOK row)  free $439.11 after open P&L
  SHADOW    intraday M1 $497.97 (-0.35%)  M1g $516.27 (+3.31%)  6d paper only
  CARRY     $499.07 (-0.15%)  8 held  paper only
  SPOT      $249.10 (-0.36%)  1 held  3% invested  cash earns 6.68%  paper pot
  SAVINGS   idle $313.84 (63%)  at 6.68% +$0.39 so far  ~$1.75/month  paper
  BFUSD     wallet $501.41 at 7.66%  +$0.59 so far  ~$3.20/month  vs Savings $1.75  paper
  DELTA     $503.45 (+0.69%)  8 held  fees $0.38  funding $+0.17
            paper experiment: the book on Delta
  XVENUE    $998.41 (-0.16%)  10 pairs  funding $+5.55  fees $4.87  paper, Delta vs Pi42
  TESTS     every 8 h: ahead $0.01, 1 day  3-day avg: level $0.00, 1 day  paper, vs your daily rule
  BOOK      10 pos gross $297.65 (0.59x)  open $-0.06  funding $-0.04  vol 27% top 20
            rebal 2026-10-07
  CONTEXT   since 01 Oct $+1.33 (+0.27%) in 6.7d  normal -2.8% to +6.0%  bottom 50%: normal
  RULE      C2 N2+N3 + range vol (GK)  forward test (paper)
  TOURNEY   6d from 2026-10-01  base -0.27%  N2 -0.52%  N3 -0.22%  N2+N3 -0.40%  +K4 -0.41%
            +GK* -0.36%  +K4+GK -0.30%  +GK+DD -0.10%  +GK+XA +0.46%
  DATA      on time  prices 12s  funding booked  book today  shadow 21:00  carry today
            spot pot today
  SESSION   $+2.90 +0.58%  peak $501.68  dd 0.07%
  CURVE     ==============+++++++++++++++++++++++++++++++++++++++
  MONTH     book guard $0.00 of $100.00 used  on marked equity  from $500.00  dial 20%
            ..........................
  RECORD    book closed 9  5W 4L  net $+1.58  fees and funding in
  FEES      no fills yet this run (the book trades at 00:05 UTC)
  ------------------------------------------------------------------------------------------------
 
02:56:21 | 
02:56:21 | ============================================================
02:56:21 | 📊 POSITION SUMMARY (8-MIN UPDATE)
02:56:21 | 💰 Equity: $501.33 marked (the Binance book, an experiment) = cash $501.39 + open $-0.06
02:56:21 | 💵 Available: $439.11 after open P&L | Locked: $62.22
02:56:21 | 📈 Session: $+2.90 (+0.6%)
02:56:21 | 🎯 C510 Book (what trades): 10 positions, gross 0.59x, open $-0.06 | rule C2 N2+N3 + range vol (GK) | closed 9: 5W/4L $+1.58 | since 01 Oct +0.27% (normal)
02:56:21 | ============================================================
02:56:21 | ============================================================
02:56:21 | 🔵 Book guard: $0.00 of $100.00 used this month on marked equity (0%, from $500.00) · realised today +0.00% [C497]
02:56:21 | ============================================================
02:56:21 | 
 
  03:04  up 7h04m  daily book --------------------------------------------------------------------
  PLAN      $999.98 of $1,000.00 ($-0.02)  after tax on net profit $999.98
            Delta vs Pi42 funding gap $999.98  paper
  BELOW     experiments, not your money
  EQUITY    $501.23  unreal $-0.16
  OPEN      no intraday positions  book holds 10 (BOOK row)  free $439.01 after open P&L
  SHADOW    intraday M1 $497.97 (-0.35%)  M1g $516.27 (+3.31%)  6d paper only
  CARRY     $499.07 (-0.15%)  8 held  paper only
  SPOT      $249.08 (-0.37%)  1 held  3% invested  cash earns 6.68%  paper pot
  SAVINGS   idle $313.70 (63%)  at 6.68% +$0.39 so far  ~$1.75/month  paper
  BFUSD     wallet $501.23 at 7.66%  +$0.59 so far  ~$3.20/month  vs Savings $1.75  paper
  DELTA     $503.20 (+0.64%)  8 held  fees $0.38  funding $+0.17
            paper experiment: the book on Delta
  XVENUE    $998.41 (-0.16%)  10 pairs  funding $+5.55  fees $4.87  paper, Delta vs Pi42
  TESTS     every 8 h: ahead $0.01, 1 day  3-day avg: level $0.00, 1 day  paper, vs your daily rule
  BOOK      10 pos gross $296.83 (0.59x)  open $-0.16  funding $-0.04  vol 27% top 20
            rebal 2026-10-07
  CONTEXT   since 01 Oct $+1.23 (+0.25%) in 6.7d  normal -2.8% to +6.0%  bottom 49%: normal
  RULE      C2 N2+N3 + range vol (GK)  forward test (paper)
  TOURNEY   6d from 2026-10-01  base -0.27%  N2 -0.52%  N3 -0.22%  N2+N3 -0.40%  +K4 -0.41%
            +GK* -0.36%  +K4+GK -0.30%  +GK+DD -0.10%  +GK+XA +0.46%
  DATA      on time  prices 5s  funding booked  book today  shadow 21:00  carry today
            spot pot today
  SESSION   $+2.80 +0.56%  peak $501.68  dd 0.09%
  CURVE     ==============++++++++++++++++++++++++++++++++++++++++
  MONTH     book guard $0.00 of $100.00 used  on marked equity  from $500.00  dial 20%
            ..........................
  RECORD    book closed 9  5W 4L  net $+1.58  fees and funding in
  FEES      no fills yet this run (the book trades at 00:05 UTC)
  ------------------------------------------------------------------------------------------------
 
03:04:22 | 
03:04:22 | ============================================================
03:04:22 | 📊 POSITION SUMMARY (8-MIN UPDATE)
03:04:22 | 💰 Equity: $501.23 marked (the Binance book, an experiment) = cash $501.39 + open $-0.16
03:04:22 | 💵 Available: $439.01 after open P&L | Locked: $62.22
03:04:22 | 📈 Session: $+2.80 (+0.6%)
03:04:22 | 🎯 C510 Book (what trades): 10 positions, gross 0.59x, open $-0.16 | rule C2 N2+N3 + range vol (GK) | closed 9: 5W/4L $+1.58 | since 01 Oct +0.25% (normal)
03:04:22 | ============================================================
03:04:22 | ============================================================
03:04:22 | 🔵 Book guard: $0.00 of $100.00 used this month on marked equity (0%, from $500.00) · realised today +0.00% [C497]
03:04:22 | ============================================================
03:04:22 | 
 
  03:12  up 7h12m  daily book --------------------------------------------------------------------
  PLAN      $1,000.10 of $1,000.00 ($+0.10)  after tax on net profit $1,000.07
            Delta vs Pi42 funding gap $1,000.10  paper
  BELOW     experiments, not your money
  EQUITY    $501.19  unreal $-0.20
  OPEN      no intraday positions  book holds 10 (BOOK row)  free $438.97 after open P&L
  SHADOW    intraday M1 $497.97 (-0.35%)  M1g $516.27 (+3.31%)  6d paper only
  CARRY     $499.07 (-0.15%)  8 held  paper only
  SPOT      $249.08 (-0.37%)  1 held  3% invested  cash earns 6.68%  paper pot
  SAVINGS   idle $313.65 (63%)  at 6.68% +$0.39 so far  ~$1.75/month  paper
  BFUSD     wallet $501.16 at 7.66%  +$0.59 so far  ~$3.20/month  vs Savings $1.75  paper
  DELTA     $502.96 (+0.59%)  8 held  fees $0.38  funding $+0.17
            paper experiment: the book on Delta
  XVENUE    $998.41 (-0.16%)  10 pairs  funding $+5.55  fees $4.87  paper, Delta vs Pi42
  TESTS     every 8 h: ahead $0.01, 1 day  3-day avg: level $0.00, 1 day  paper, vs your daily rule
  BOOK      10 pos gross $296.34 (0.59x)  open $-0.20  funding $-0.04  vol 27% top 20
            rebal 2026-10-07
  CONTEXT   since 01 Oct $+1.19 (+0.24%) in 6.8d  normal -2.8% to +6.0%  bottom 49%: normal
  RULE      C2 N2+N3 + range vol (GK)  forward test (paper)
  TOURNEY   6d from 2026-10-01  base -0.27%  N2 -0.52%  N3 -0.22%  N2+N3 -0.40%  +K4 -0.41%
            +GK* -0.36%  +K4+GK -0.30%  +GK+DD -0.10%  +GK+XA +0.46%
  DATA      on time  prices 49s  funding booked  book today  shadow 21:00  carry today
            spot pot today
  SESSION   $+2.76 +0.55%  peak $501.68  dd 0.10%
  CURVE     ==============+++++++++++++++++++++++++++++++++++++++++
  MONTH     book guard $0.00 of $100.00 used  on marked equity  from $500.00  dial 20%
            ..........................
  RECORD    book closed 9  5W 4L  net $+1.58  fees and funding in
  FEES      no fills yet this run (the book trades at 00:05 UTC)
  ------------------------------------------------------------------------------------------------
 
03:12:22 | 
03:12:22 | ============================================================
03:12:22 | 📊 POSITION SUMMARY (8-MIN UPDATE)
03:12:22 | 💰 Equity: $501.19 marked (the Binance book, an experiment) = cash $501.39 + open $-0.20
03:12:22 | 💵 Available: $438.97 after open P&L | Locked: $62.22
03:12:22 | 📈 Session: $+2.76 (+0.6%)
03:12:22 | 🎯 C510 Book (what trades): 10 positions, gross 0.59x, open $-0.20 | rule C2 N2+N3 + range vol (GK) | closed 9: 5W/4L $+1.58 | since 01 Oct +0.24% (normal)
03:12:22 | ============================================================
03:12:22 | ============================================================
03:12:22 | 🔵 Book guard: $0.00 of $100.00 used this month on marked equity (0%, from $500.00) · realised today +0.00% [C497]
03:12:22 | ============================================================
03:12:22 | 
 
  03:20  up 7h20m  daily book --------------------------------------------------------------------
  PLAN      $1,000.08 of $1,000.00 ($+0.08)  after tax on net profit $1,000.06
            Delta vs Pi42 funding gap $1,000.08  paper
  BELOW     experiments, not your money
  EQUITY    $501.21  unreal $-0.18
  OPEN      no intraday positions  book holds 10 (BOOK row)  free $438.99 after open P&L
  SHADOW    intraday M1 $497.97 (-0.35%)  M1g $516.27 (+3.31%)  6d paper only
  CARRY     $499.07 (-0.15%)  8 held  paper only
  SPOT      $249.07 (-0.37%)  1 held  3% invested  cash earns 6.68%  paper pot
  SAVINGS   idle $313.67 (63%)  at 6.68% +$0.39 so far  ~$1.75/month  paper
  BFUSD     wallet $501.19 at 7.66%  +$0.59 so far  ~$3.20/month  vs Savings $1.75  paper
  DELTA     $502.86 (+0.57%)  8 held  fees $0.38  funding $+0.17
            paper experiment: the book on Delta
  XVENUE    $998.41 (-0.16%)  10 pairs  funding $+5.55  fees $4.87  paper, Delta vs Pi42
  TESTS     every 8 h: ahead $0.01, 1 day  3-day avg: level $0.00, 1 day  paper, vs your daily rule
  BOOK      10 pos gross $296.05 (0.59x)  open $-0.18  funding $-0.04  vol 27% top 20
            rebal 2026-10-07
  CONTEXT   since 01 Oct $+1.21 (+0.24%) in 6.8d  normal -2.8% to +6.0%  bottom 49%: normal
  RULE      C2 N2+N3 + range vol (GK)  forward test (paper)
  TOURNEY   6d from 2026-10-01  base -0.27%  N2 -0.52%  N3 -0.22%  N2+N3 -0.40%  +K4 -0.41%
            +GK* -0.36%  +K4+GK -0.30%  +GK+DD -0.10%  +GK+XA +0.46%
  DATA      on time  prices 32s  funding booked  book today  shadow 21:00  carry today
            spot pot today
  SESSION   $+2.78 +0.56%  peak $501.68  dd 0.09%
  CURVE     ==============++++++++++++++++++++++++++++++++++++++++++
  MONTH     book guard $0.00 of $100.00 used  on marked equity  from $500.00  dial 20%
            ..........................
  RECORD    book closed 9  5W 4L  net $+1.58  fees and funding in
  FEES      no fills yet this run (the book trades at 00:05 UTC)
  ------------------------------------------------------------------------------------------------
 
03:20:22 | 
03:20:22 | ============================================================
03:20:22 | 📊 POSITION SUMMARY (8-MIN UPDATE)
03:20:22 | 💰 Equity: $501.21 marked (the Binance book, an experiment) = cash $501.39 + open $-0.18
03:20:22 | 💵 Available: $438.99 after open P&L | Locked: $62.22
03:20:22 | 📈 Session: $+2.78 (+0.6%)
03:20:22 | 🎯 C510 Book (what trades): 10 positions, gross 0.59x, open $-0.18 | rule C2 N2+N3 + range vol (GK) | closed 9: 5W/4L $+1.58 | since 01 Oct +0.24% (normal)
03:20:22 | ============================================================
03:20:22 | ============================================================
03:20:22 | 🔵 Book guard: $0.00 of $100.00 used this month on marked equity (0%, from $500.00) · realised today +0.00% [C497]
03:20:22 | ============================================================
03:20:22 | 
 
  03:28  up 7h28m  daily book --------------------------------------------------------------------
  PLAN      $1,000.04 of $1,000.00 ($+0.04)  after tax on net profit $1,000.03
            Delta vs Pi42 funding gap $1,000.04  paper
  BELOW     experiments, not your money
  EQUITY    $501.12  unreal $-0.27
  OPEN      no intraday positions  book holds 10 (BOOK row)  free $438.90 after open P&L
  SHADOW    intraday M1 $497.97 (-0.35%)  M1g $516.27 (+3.31%)  6d paper only
  CARRY     $499.07 (-0.15%)  8 held  paper only
  SPOT      $249.06 (-0.37%)  1 held  3% invested  cash earns 6.68%  paper pot
  SAVINGS   idle $313.62 (63%)  at 6.68% +$0.39 so far  ~$1.75/month  paper
  BFUSD     wallet $501.12 at 7.66%  +$0.59 so far  ~$3.20/month  vs Savings $1.75  paper
  DELTA     $503.04 (+0.61%)  8 held  fees $0.38  funding $+0.17
            paper experiment: the book on Delta
  XVENUE    $998.41 (-0.16%)  10 pairs  funding $+5.55  fees $4.87  paper, Delta vs Pi42
  TESTS     every 8 h: ahead $0.01, 1 day  3-day avg: level $0.00, 1 day  paper, vs your daily rule
  BOOK      10 pos gross $296.43 (0.59x)  open $-0.27  funding $-0.04  vol 27% top 20
            rebal 2026-10-07
  CONTEXT   since 01 Oct $+1.12 (+0.22%) in 6.8d  normal -2.8% to +6.0%  bottom 49%: normal
  RULE      C2 N2+N3 + range vol (GK)  forward test (paper)
  TOURNEY   6d from 2026-10-01  base -0.27%  N2 -0.52%  N3 -0.22%  N2+N3 -0.40%  +K4 -0.41%
            +GK* -0.36%  +K4+GK -0.30%  +GK+DD -0.10%  +GK+XA +0.46%
  DATA      on time  prices 26s  funding booked  book today  shadow 21:00  carry today
            spot pot today
  SESSION   $+2.69 +0.54%  peak $501.68  dd 0.11%
  CURVE     ==============+++++++++++++++++++++++++++++++++++++++++++
  MONTH     book guard $0.00 of $100.00 used  on marked equity  from $500.00  dial 20%
            ..........................
  RECORD    book closed 9  5W 4L  net $+1.58  fees and funding in
  FEES      no fills yet this run (the book trades at 00:05 UTC)
  ------------------------------------------------------------------------------------------------
 
03:28:22 | 
03:28:22 | ============================================================
03:28:22 | 📊 POSITION SUMMARY (8-MIN UPDATE)
03:28:22 | 💰 Equity: $501.12 marked (the Binance book, an experiment) = cash $501.39 + open $-0.27
03:28:22 | 💵 Available: $438.90 after open P&L | Locked: $62.22
03:28:22 | 📈 Session: $+2.69 (+0.5%)
03:28:22 | 🎯 C510 Book (what trades): 10 positions, gross 0.59x, open $-0.27 | rule C2 N2+N3 + range vol (GK) | closed 9: 5W/4L $+1.58 | since 01 Oct +0.22% (normal)
03:28:22 | ============================================================
03:28:22 | ============================================================
03:28:22 | 🔵 Book guard: $0.00 of $100.00 used this month on marked equity (0%, from $500.00) · realised today +0.00% [C497]
03:28:22 | ============================================================
03:28:22 | 
03:32:14 |    👻 C489 shadow hour 22:00 UTC: 39 coins scored (full (16 features)), gate OPEN | M1 $498.56 (-0.23%) M1g $516.47 (+3.35%) over 6d [3s]
 
  03:36  up 7h36m  daily book --------------------------------------------------------------------
  PLAN      $1,000.02 of $1,000.00 ($+0.02)  after tax on net profit $1,000.01
            Delta vs Pi42 funding gap $1,000.02  paper
  BELOW     experiments, not your money
  EQUITY    $501.43  unreal $+0.04
  OPEN      no intraday positions  book holds 10 (BOOK row)  free $439.21 after open P&L
  SHADOW    intraday M1 $498.56 (-0.23%)  M1g $516.47 (+3.35%)  6d paper only
  CARRY     $499.07 (-0.15%)  8 held  paper only
  SPOT      $249.08 (-0.37%)  1 held  3% invested  cash earns 6.68%  paper pot
  SAVINGS   idle $313.81 (63%)  at 6.68% +$0.39 so far  ~$1.75/month  paper
  BFUSD     wallet $501.38 at 7.66%  +$0.59 so far  ~$3.20/month  vs Savings $1.75  paper
  DELTA     $503.17 (+0.63%)  8 held  fees $0.38  funding $+0.17
            paper experiment: the book on Delta
  XVENUE    $998.41 (-0.16%)  10 pairs  funding $+5.55  fees $4.87  paper, Delta vs Pi42
  TESTS     every 8 h: ahead $0.01, 1 day  3-day avg: level $0.00, 1 day  paper, vs your daily rule
  BOOK      10 pos gross $297.24 (0.59x)  open $+0.04  funding $-0.04  vol 27% top 20
            rebal 2026-10-07
  CONTEXT   since 01 Oct $+1.43 (+0.29%) in 6.8d  normal -2.8% to +6.0%  bottom 50%: normal
  RULE      C2 N2+N3 + range vol (GK)  forward test (paper)
  TOURNEY   6d from 2026-10-01  base -0.27%  N2 -0.52%  N3 -0.22%  N2+N3 -0.40%  +K4 -0.41%
            +GK* -0.36%  +K4+GK -0.30%  +GK+DD -0.10%  +GK+XA +0.46%
  DATA      on time  prices 18s  funding booked  book today  shadow 22:00  carry today
            spot pot today
  SESSION   $+3.00 +0.60%  peak $501.68  dd 0.05%
  CURVE     ==============++++++++++++++++++++++++++++++++++++++++++++
  MONTH     book guard $0.00 of $100.00 used  on marked equity  from $500.00  dial 20%
            ..........................
  RECORD    book closed 9  5W 4L  net $+1.58  fees and funding in
  FEES      no fills yet this run (the book trades at 00:05 UTC)
  ------------------------------------------------------------------------------------------------
 
03:36:23 | 
03:36:23 | ============================================================
03:36:23 | 📊 POSITION SUMMARY (8-MIN UPDATE)
03:36:23 | 💰 Equity: $501.43 marked (the Binance book, an experiment) = cash $501.39 + open $+0.04
03:36:23 | 💵 Available: $439.21 after open P&L | Locked: $62.22
03:36:23 | 📈 Session: $+3.00 (+0.6%)
03:36:23 | 🎯 C510 Book (what trades): 10 positions, gross 0.59x, open $+0.04 | rule C2 N2+N3 + range vol (GK) | closed 9: 5W/4L $+1.58 | since 01 Oct +0.29% (normal)
03:36:23 | ============================================================
03:36:23 | ============================================================
03:36:23 | 🔵 Book guard: $0.00 of $100.00 used this month on marked equity (0%, from $500.00) · realised today +0.00% [C497]
03:36:23 | ============================================================
03:36:23 | 
 
  03:44  up 7h44m  daily book --------------------------------------------------------------------
  PLAN      $1,000.16 of $1,000.00 ($+0.16)  after tax on net profit $1,000.11
            Delta vs Pi42 funding gap $1,000.16  paper
  BELOW     experiments, not your money
  EQUITY    $501.23  unreal $-0.16
  OPEN      no intraday positions  book holds 10 (BOOK row)  free $439.01 after open P&L
  SHADOW    intraday M1 $498.56 (-0.23%)  M1g $516.47 (+3.35%)  6d paper only
  CARRY     $499.07 (-0.15%)  8 held  paper only
  SPOT      $249.08 (-0.37%)  1 held  3% invested  cash earns 6.68%  paper pot
  SAVINGS   idle $313.70 (63%)  at 6.68% +$0.39 so far  ~$1.75/month  paper
  BFUSD     wallet $501.23 at 7.66%  +$0.59 so far  ~$3.20/month  vs Savings $1.75  paper
  DELTA     $503.22 (+0.64%)  8 held  fees $0.38  funding $+0.17
            paper experiment: the book on Delta
  XVENUE    $998.41 (-0.16%)  10 pairs  funding $+5.55  fees $4.87  paper, Delta vs Pi42
  TESTS     every 8 h: ahead $0.01, 1 day  3-day avg: level $0.00, 1 day  paper, vs your daily rule
  BOOK      10 pos gross $296.85 (0.59x)  open $-0.16  funding $-0.04  vol 27% top 20
            rebal 2026-10-07
  CONTEXT   since 01 Oct $+1.23 (+0.25%) in 6.8d  normal -2.8% to +6.0%  bottom 49%: normal
  RULE      C2 N2+N3 + range vol (GK)  forward test (paper)
  TOURNEY   6d from 2026-10-01  base -0.27%  N2 -0.52%  N3 -0.22%  N2+N3 -0.40%  +K4 -0.41%
            +GK* -0.36%  +K4+GK -0.30%  +GK+DD -0.10%  +GK+XA +0.46%
  DATA      on time  prices 12s  funding booked  book today  shadow 22:00  carry today
            spot pot today
  SESSION   $+2.80 +0.56%  peak $501.68  dd 0.09%
  CURVE     ==============+++++++++++++++++++++++++++++++++++++++++++++
  MONTH     book guard $0.00 of $100.00 used  on marked equity  from $500.00  dial 20%
            ..........................
  RECORD    book closed 9  5W 4L  net $+1.58  fees and funding in
  FEES      no fills yet this run (the book trades at 00:05 UTC)
  ------------------------------------------------------------------------------------------------
 
03:44:23 | 
03:44:23 | ============================================================
03:44:23 | 📊 POSITION SUMMARY (8-MIN UPDATE)
03:44:23 | 💰 Equity: $501.23 marked (the Binance book, an experiment) = cash $501.39 + open $-0.16
03:44:23 | 💵 Available: $439.01 after open P&L | Locked: $62.22
03:44:23 | 📈 Session: $+2.80 (+0.6%)
03:44:23 | 🎯 C510 Book (what trades): 10 positions, gross 0.59x, open $-0.16 | rule C2 N2+N3 + range vol (GK) | closed 9: 5W/4L $+1.58 | since 01 Oct +0.25% (normal)
03:44:23 | ============================================================
03:44:23 | ============================================================
03:44:23 | 🔵 Book guard: $0.00 of $100.00 used this month on marked equity (0%, from $500.00) · realised today +0.00% [C497]
03:44:23 | ============================================================
03:44:23 | 
 
  03:52  up 7h52m  daily book --------------------------------------------------------------------
  PLAN      $1,000.19 of $1,000.00 ($+0.19)  after tax on net profit $1,000.13
            Delta vs Pi42 funding gap $1,000.19  paper
  BELOW     experiments, not your money
  EQUITY    $501.31  unreal $-0.08
  OPEN      no intraday positions  book holds 10 (BOOK row)  free $439.09 after open P&L
  SHADOW    intraday M1 $498.56 (-0.23%)  M1g $516.47 (+3.35%)  6d paper only
  CARRY     $499.07 (-0.15%)  8 held  paper only
  SPOT      $249.09 (-0.36%)  1 held  3% invested  cash earns 6.68%  paper pot
  SAVINGS   idle $313.78 (63%)  at 6.68% +$0.39 so far  ~$1.75/month  paper
  BFUSD     wallet $501.33 at 7.66%  +$0.59 so far  ~$3.20/month  vs Savings $1.75  paper
  DELTA     $503.20 (+0.64%)  8 held  fees $0.38  funding $+0.17
            paper experiment: the book on Delta
  XVENUE    $998.41 (-0.16%)  10 pairs  funding $+5.55  fees $4.87  paper, Delta vs Pi42
  TESTS     every 8 h: ahead $0.01, 1 day  3-day avg: level $0.00, 1 day  paper, vs your daily rule
  BOOK      10 pos gross $297.23 (0.59x)  open $-0.08  funding $-0.04  vol 27% top 20
            rebal 2026-10-07
  CONTEXT   since 01 Oct $+1.31 (+0.26%) in 6.8d  normal -2.8% to +6.0%  bottom 50%: normal
  RULE      C2 N2+N3 + range vol (GK)  forward test (paper)
  TOURNEY   6d from 2026-10-01  base -0.27%  N2 -0.52%  N3 -0.22%  N2+N3 -0.40%  +K4 -0.41%
            +GK* -0.36%  +K4+GK -0.30%  +GK+DD -0.10%  +GK+XA +0.46%
  DATA      on time  prices 5s  funding booked  book today  shadow 22:00  carry today
            spot pot today
  SESSION   $+2.88 +0.58%  peak $501.68  dd 0.07%
  CURVE     ==============++++++++++++++++++++++++++++++++++++++++++++++
  MONTH     book guard $0.00 of $100.00 used  on marked equity  from $500.00  dial 20%
            ..........................
  RECORD    book closed 9  5W 4L  net $+1.58  fees and funding in
  FEES      no fills yet this run (the book trades at 00:05 UTC)
  ------------------------------------------------------------------------------------------------
 
03:52:24 | 
03:52:24 | ============================================================
03:52:24 | 📊 POSITION SUMMARY (8-MIN UPDATE)
03:52:24 | 💰 Equity: $501.31 marked (the Binance book, an experiment) = cash $501.39 + open $-0.08
03:52:24 | 💵 Available: $439.09 after open P&L | Locked: $62.22
03:52:24 | 📈 Session: $+2.88 (+0.6%)
03:52:24 | 🎯 C510 Book (what trades): 10 positions, gross 0.59x, open $-0.08 | rule C2 N2+N3 + range vol (GK) | closed 9: 5W/4L $+1.58 | since 01 Oct +0.26% (normal)
03:52:24 | ============================================================
03:52:24 | ============================================================
03:52:24 | 🔵 Book guard: $0.00 of $100.00 used this month on marked equity (0%, from $500.00) · realised today +0.00% [C497]
03:52:24 | ============================================================
03:52:24 | 
 
  04:00  up 8h00m  daily book --------------------------------------------------------------------
  PLAN      $1,000.00 of $1,000.00 ($+0.00)  after tax on net profit $1,000.00
            Delta vs Pi42 funding gap $1,000.00  paper
  BELOW     experiments, not your money
  EQUITY    $501.25  unreal $-0.14
  OPEN      no intraday positions  book holds 10 (BOOK row)  free $439.03 after open P&L
  SHADOW    intraday M1 $498.56 (-0.23%)  M1g $516.47 (+3.35%)  6d paper only
  CARRY     $499.07 (-0.15%)  8 held  paper only
  SPOT      $249.10 (-0.36%)  1 held  3% invested  cash earns 6.68%  paper pot
  SAVINGS   idle $313.72 (63%)  at 6.68% +$0.39 so far  ~$1.75/month  paper
  BFUSD     wallet $501.25 at 7.66%  +$0.59 so far  ~$3.20/month  vs Savings $1.75  paper
  DELTA     $503.27 (+0.65%)  8 held  fees $0.38  funding $+0.17
            paper experiment: the book on Delta
  XVENUE    $998.41 (-0.16%)  10 pairs  funding $+5.55  fees $4.87  paper, Delta vs Pi42
  TESTS     every 8 h: ahead $0.01, 1 day  3-day avg: level $0.00, 1 day  paper, vs your daily rule
  BOOK      10 pos gross $297.89 (0.59x)  open $-0.14  funding $-0.04  vol 27% top 20
            rebal 2026-10-07
  CONTEXT   since 01 Oct $+1.25 (+0.25%) in 6.8d  normal -2.8% to +6.0%  bottom 49%: normal
  RULE      C2 N2+N3 + range vol (GK)  forward test (paper)
  TOURNEY   6d from 2026-10-01  base -0.27%  N2 -0.52%  N3 -0.22%  N2+N3 -0.40%  +K4 -0.41%
            +GK* -0.36%  +K4+GK -0.30%  +GK+DD -0.10%  +GK+XA +0.46%
  DATA      on time  prices 39s  funding booked  book today  shadow 22:00  carry today
            spot pot today
  SESSION   $+2.82 +0.57%  peak $501.68  dd 0.09%
  CURVE     ==============+++++++++++++++++++++++++++++++++++++++++++++++
  MONTH     book guard $0.00 of $100.00 used  on marked equity  from $500.00  dial 20%
            ..........................
  RECORD    book closed 9  5W 4L  net $+1.58  fees and funding in
  FEES      no fills yet this run (the book trades at 00:05 UTC)
  ------------------------------------------------------------------------------------------------
 
04:00:24 | 
04:00:24 | ============================================================
04:00:24 | 📊 POSITION SUMMARY (8-MIN UPDATE)
04:00:24 | 💰 Equity: $501.25 marked (the Binance book, an experiment) = cash $501.39 + open $-0.14
04:00:24 | 💵 Available: $439.03 after open P&L | Locked: $62.22
04:00:24 | 📈 Session: $+2.82 (+0.6%)
04:00:24 | 🎯 C510 Book (what trades): 10 positions, gross 0.59x, open $-0.14 | rule C2 N2+N3 + range vol (GK) | closed 9: 5W/4L $+1.58 | since 01 Oct +0.25% (normal)
04:00:24 | ============================================================
04:00:24 | ============================================================
04:00:24 | 🔵 Book guard: $0.00 of $100.00 used this month on marked equity (0%, from $500.00) · realised today +0.00% [C497]
04:00:24 | ============================================================
04:00:24 | 
 
  04:08  up 8h08m  daily book --------------------------------------------------------------------
  PLAN      $999.97 of $1,000.00 ($-0.03)  after tax on net profit $999.97
            Delta vs Pi42 funding gap $999.97  paper
  BELOW     experiments, not your money
  EQUITY    $501.04  unreal $-0.35
  OPEN      no intraday positions  book holds 10 (BOOK row)  free $438.82 after open P&L
  SHADOW    intraday M1 $498.56 (-0.23%)  M1g $516.47 (+3.35%)  6d paper only
  CARRY     $499.07 (-0.15%)  8 held  paper only
  SPOT      $249.10 (-0.36%)  1 held  3% invested  cash earns 6.68%  paper pot
  SAVINGS   idle $313.56 (63%)  at 6.68% +$0.39 so far  ~$1.75/month  paper
  BFUSD     wallet $501.04 at 7.66%  +$0.60 so far  ~$3.20/month  vs Savings $1.75  paper
  DELTA     $503.30 (+0.66%)  8 held  fees $0.38  funding $+0.17
            paper experiment: the book on Delta
  XVENUE    $998.41 (-0.16%)  10 pairs  funding $+5.55  fees $4.87  paper, Delta vs Pi42
  TESTS     every 8 h: ahead $0.01, 1 day  3-day avg: level $0.00, 1 day  paper, vs your daily rule
  BOOK      10 pos gross $298.18 (0.59x)  open $-0.35  funding $-0.04  vol 27% top 20
            rebal 2026-10-07
  CONTEXT   since 01 Oct $+1.04 (+0.21%) in 6.8d  normal -2.8% to +6.0%  bottom 49%: normal
  RULE      C2 N2+N3 + range vol (GK)  forward test (paper)
  TOURNEY   6d from 2026-10-01  base -0.27%  N2 -0.52%  N3 -0.22%  N2+N3 -0.40%  +K4 -0.41%
            +GK* -0.36%  +K4+GK -0.30%  +GK+DD -0.10%  +GK+XA +0.46%
  DATA      on time  prices 31s  funding booked  book today  shadow 22:00  carry today
            spot pot today
  SESSION   $+2.61 +0.52%  peak $501.68  dd 0.13%
  CURVE     ==============++++++++++++++++++++++++++++++++++++++++++++++++
  MONTH     book guard $0.00 of $100.00 used  on marked equity  from $500.00  dial 20%
            ..........................
  RECORD    book closed 9  5W 4L  net $+1.58  fees and funding in
  FEES      no fills yet this run (the book trades at 00:05 UTC)
  ------------------------------------------------------------------------------------------------
 
04:08:25 | 
04:08:25 | ============================================================
04:08:25 | 📊 POSITION SUMMARY (8-MIN UPDATE)
04:08:25 | 💰 Equity: $501.04 marked (the Binance book, an experiment) = cash $501.39 + open $-0.35
04:08:25 | 💵 Available: $438.82 after open P&L | Locked: $62.22
04:08:25 | 📈 Session: $+2.61 (+0.5%)
04:08:25 | 🎯 C510 Book (what trades): 10 positions, gross 0.59x, open $-0.35 | rule C2 N2+N3 + range vol (GK) | closed 9: 5W/4L $+1.58 | since 01 Oct +0.21% (normal)
04:08:25 | ============================================================
04:08:25 | ============================================================
04:08:25 | 🔵 Book guard: $0.00 of $100.00 used this month on marked equity (0%, from $500.00) · realised today +0.00% [C497]
04:08:25 | ============================================================
04:08:25 | 
 
  04:16  up 8h16m  daily book --------------------------------------------------------------------
  PLAN      $1,000.29 of $1,000.00 ($+0.29)  after tax on net profit $1,000.20
            Delta vs Pi42 funding gap $1,000.29  paper
  BELOW     experiments, not your money
  EQUITY    $501.13  unreal $-0.26
  OPEN      no intraday positions  book holds 10 (BOOK row)  free $438.91 after open P&L
  SHADOW    intraday M1 $498.56 (-0.23%)  M1g $516.47 (+3.35%)  6d paper only
  CARRY     $499.07 (-0.15%)  8 held  paper only
  SPOT      $249.10 (-0.36%)  1 held  3% invested  cash earns 6.68%  paper pot
  SAVINGS   idle $313.63 (63%)  at 6.68% +$0.39 so far  ~$1.75/month  paper
  BFUSD     wallet $501.13 at 7.66%  +$0.60 so far  ~$3.20/month  vs Savings $1.75  paper
  DELTA     $503.25 (+0.65%)  8 held  fees $0.38  funding $+0.17
            paper experiment: the book on Delta
  XVENUE    $998.41 (-0.16%)  10 pairs  funding $+5.55  fees $4.87  paper, Delta vs Pi42
  TESTS     every 8 h: ahead $0.01, 1 day  3-day avg: level $0.00, 1 day  paper, vs your daily rule
  BOOK      10 pos gross $298.29 (0.59x)  open $-0.27  funding $-0.04  vol 27% top 20
            rebal 2026-10-07
  CONTEXT   since 01 Oct $+1.13 (+0.23%) in 6.8d  normal -2.9% to +6.0%  bottom 49%: normal
  RULE      C2 N2+N3 + range vol (GK)  forward test (paper)
  TOURNEY   6d from 2026-10-01  base -0.27%  N2 -0.52%  N3 -0.22%  N2+N3 -0.40%  +K4 -0.41%
            +GK* -0.36%  +K4+GK -0.30%  +GK+DD -0.10%  +GK+XA +0.46%
  DATA      on time  prices 24s  funding booked  book today  shadow 22:00  carry today
            spot pot today
  SESSION   $+2.70 +0.54%  peak $501.68  dd 0.11%
  CURVE     ==============+++++++++++++++++++++++++++++++++++++++++++++++++
  MONTH     book guard $0.00 of $100.00 used  on marked equity  from $500.00  dial 20%
            ..........................
  RECORD    book closed 9  5W 4L  net $+1.58  fees and funding in
  FEES      no fills yet this run (the book trades at 00:05 UTC)
  ------------------------------------------------------------------------------------------------
 
04:16:25 | 
04:16:25 | ============================================================
04:16:25 | 📊 POSITION SUMMARY (8-MIN UPDATE)
04:16:25 | 💰 Equity: $501.13 marked (the Binance book, an experiment) = cash $501.39 + open $-0.26
04:16:25 | 💵 Available: $438.91 after open P&L | Locked: $62.22
04:16:25 | 📈 Session: $+2.70 (+0.5%)
04:16:25 | 🎯 C510 Book (what trades): 10 positions, gross 0.59x, open $-0.27 | rule C2 N2+N3 + range vol (GK) | closed 9: 5W/4L $+1.58 | since 01 Oct +0.23% (normal)
04:16:25 | ============================================================
04:16:25 | ============================================================
04:16:25 | 🔵 Book guard: $0.00 of $100.00 used this month on marked equity (0%, from $500.00) · realised today +0.00% [C497]
04:16:25 | ============================================================
04:16:25 | 
 
  04:24  up 8h24m  daily book --------------------------------------------------------------------
  PLAN      $1,000.05 of $1,000.00 ($+0.05)  after tax on net profit $1,000.03
            Delta vs Pi42 funding gap $1,000.05  paper
  BELOW     experiments, not your money
  EQUITY    $501.10  unreal $-0.29
  OPEN      no intraday positions  book holds 10 (BOOK row)  free $438.88 after open P&L
  SHADOW    intraday M1 $498.56 (-0.23%)  M1g $516.47 (+3.35%)  6d paper only
  CARRY     $499.07 (-0.15%)  8 held  paper only
  SPOT      $249.10 (-0.36%)  1 held  3% invested  cash earns 6.68%  paper pot
  SAVINGS   idle $313.63 (63%)  at 6.68% +$0.39 so far  ~$1.75/month  paper
  BFUSD     wallet $501.14 at 7.66%  +$0.60 so far  ~$3.20/month  vs Savings $1.75  paper
  DELTA     $503.30 (+0.66%)  8 held  fees $0.38  funding $+0.17
            paper experiment: the book on Delta
  XVENUE    $998.41 (-0.16%)  10 pairs  funding $+5.55  fees $4.87  paper, Delta vs Pi42
  TESTS     every 8 h: ahead $0.01, 1 day  3-day avg: level $0.00, 1 day  paper, vs your daily rule
  BOOK      10 pos gross $298.29 (0.59x)  open $-0.29  funding $-0.04  vol 27% top 20
            rebal 2026-10-07
  CONTEXT   since 01 Oct $+1.10 (+0.22%) in 6.8d  normal -2.9% to +6.0%  bottom 49%: normal
  RULE      C2 N2+N3 + range vol (GK)  forward test (paper)
  TOURNEY   6d from 2026-10-01  base -0.27%  N2 -0.52%  N3 -0.22%  N2+N3 -0.40%  +K4 -0.41%
            +GK* -0.36%  +K4+GK -0.30%  +GK+DD -0.10%  +GK+XA +0.46%
  DATA      on time  prices 18s  funding booked  book today  shadow 22:00  carry today
            spot pot today
  SESSION   $+2.67 +0.54%  peak $501.68  dd 0.12%
  CURVE     ==============++++++++++++++++++++++++++++++++++++++++++++++++++
  MONTH     book guard $0.00 of $100.00 used  on marked equity  from $500.00  dial 20%
            ..........................
  RECORD    book closed 9  5W 4L  net $+1.58  fees and funding in
  FEES      no fills yet this run (the book trades at 00:05 UTC)
  ------------------------------------------------------------------------------------------------
 
04:24:26 | 
04:24:26 | ============================================================
04:24:26 | 📊 POSITION SUMMARY (8-MIN UPDATE)
04:24:26 | 💰 Equity: $501.10 marked (the Binance book, an experiment) = cash $501.39 + open $-0.29
04:24:26 | 💵 Available: $438.88 after open P&L | Locked: $62.22
04:24:26 | 📈 Session: $+2.67 (+0.5%)
04:24:26 | 🎯 C510 Book (what trades): 10 positions, gross 0.59x, open $-0.29 | rule C2 N2+N3 + range vol (GK) | closed 9: 5W/4L $+1.58 | since 01 Oct +0.22% (normal)
04:24:26 | ============================================================
04:24:26 | ============================================================
04:24:26 | 🔵 Book guard: $0.00 of $100.00 used this month on marked equity (0%, from $500.00) · realised today +0.00% [C497]
04:24:26 | ============================================================
04:24:26 | 
04:32:08 |    👻 C489 shadow hour 23:00 UTC: 39 coins scored (full (16 features)), gate OPEN | M1 $498.32 (-0.28%) M1g $516.54 (+3.37%) over 6d [3s]
 
  04:32  up 8h32m  daily book --------------------------------------------------------------------
  PLAN      $1,000.12 of $1,000.00 ($+0.12)  after tax on net profit $1,000.08
            Delta vs Pi42 funding gap $1,000.12  paper
  BELOW     experiments, not your money
  EQUITY    $501.21  unreal $-0.18
  OPEN      no intraday positions  book holds 10 (BOOK row)  free $438.99 after open P&L
  SHADOW    intraday M1 $498.32 (-0.28%)  M1g $516.54 (+3.37%)  6d paper only
  CARRY     $499.07 (-0.15%)  8 held  paper only
  SPOT      $249.11 (-0.36%)  1 held  3% invested  cash earns 6.68%  paper pot
  SAVINGS   idle $313.66 (63%)  at 6.68% +$0.39 so far  ~$1.75/month  paper
  BFUSD     wallet $501.18 at 7.66%  +$0.60 so far  ~$3.20/month  vs Savings $1.75  paper
  DELTA     $503.47 (+0.69%)  8 held  fees $0.38  funding $+0.17
            paper experiment: the book on Delta
  XVENUE    $998.41 (-0.16%)  10 pairs  funding $+5.55  fees $4.87  paper, Delta vs Pi42
  TESTS     every 8 h: ahead $0.01, 1 day  3-day avg: level $0.00, 1 day  paper, vs your daily rule
  BOOK      10 pos gross $298.86 (0.60x)  open $-0.18  funding $-0.04  vol 27% top 20
            rebal 2026-10-07
  CONTEXT   since 01 Oct $+1.21 (+0.24%) in 6.8d  normal -2.9% to +6.0%  bottom 49%: normal
  RULE      C2 N2+N3 + range vol (GK)  forward test (paper)
  TOURNEY   6d from 2026-10-01  base -0.27%  N2 -0.52%  N3 -0.22%  N2+N3 -0.40%  +K4 -0.41%
            +GK* -0.36%  +K4+GK -0.30%  +GK+DD -0.10%  +GK+XA +0.46%
  DATA      on time  prices 17s  funding booked  book today  shadow 23:00  carry today
            spot pot today
  SESSION   $+2.78 +0.56%  peak $501.68  dd 0.09%
  CURVE     ==============+++++++++++++++++++++++++++++++++++++++++++++++++++
  MONTH     book guard $0.00 of $100.00 used  on marked equity  from $500.00  dial 20%
            ..........................
  RECORD    book closed 9  5W 4L  net $+1.58  fees and funding in
  FEES      no fills yet this run (the book trades at 00:05 UTC)
  ------------------------------------------------------------------------------------------------
 
04:32:26 | 
04:32:26 | ============================================================
04:32:26 | 📊 POSITION SUMMARY (8-MIN UPDATE)
04:32:26 | 💰 Equity: $501.21 marked (the Binance book, an experiment) = cash $501.39 + open $-0.18
04:32:26 | 💵 Available: $438.99 after open P&L | Locked: $62.22
04:32:26 | 📈 Session: $+2.78 (+0.6%)
04:32:26 | 🎯 C510 Book (what trades): 10 positions, gross 0.60x, open $-0.18 | rule C2 N2+N3 + range vol (GK) | closed 9: 5W/4L $+1.58 | since 01 Oct +0.24% (normal)
04:32:26 | ============================================================
04:32:26 | ============================================================
04:32:26 | 🔵 Book guard: $0.00 of $100.00 used this month on marked equity (0%, from $500.00) · realised today +0.00% [C497]
04:32:26 | ============================================================
04:32:26 | 
 
  04:40  up 8h40m  daily book --------------------------------------------------------------------
  PLAN      $1,000.09 of $1,000.00 ($+0.09)  after tax on net profit $1,000.06
            Delta vs Pi42 funding gap $1,000.09  paper
  BELOW     experiments, not your money
  EQUITY    $500.98  unreal $-0.41
  OPEN      no intraday positions  book holds 10 (BOOK row)  free $438.76 after open P&L
  SHADOW    intraday M1 $498.32 (-0.28%)  M1g $516.54 (+3.37%)  6d paper only
  CARRY     $499.07 (-0.15%)  8 held  paper only
  SPOT      $249.10 (-0.36%)  1 held  3% invested  cash earns 6.68%  paper pot
  SAVINGS   idle $313.59 (63%)  at 6.68% +$0.39 so far  ~$1.75/month  paper
  BFUSD     wallet $501.08 at 7.66%  +$0.60 so far  ~$3.20/month  vs Savings $1.75  paper
  DELTA     $503.58 (+0.72%)  8 held  fees $0.38  funding $+0.17
            paper experiment: the book on Delta
  XVENUE    $998.41 (-0.16%)  10 pairs  funding $+5.55  fees $4.87  paper, Delta vs Pi42
  TESTS     every 8 h: ahead $0.01, 1 day  3-day avg: level $0.00, 1 day  paper, vs your daily rule
  BOOK      10 pos gross $299.01 (0.60x)  open $-0.41  funding $-0.04  vol 27% top 20
            rebal 2026-10-07
  CONTEXT   since 01 Oct $+0.98 (+0.20%) in 6.8d  normal -2.9% to +6.0%  bottom 48%: normal
  RULE      C2 N2+N3 + range vol (GK)  forward test (paper)
  TOURNEY   6d from 2026-10-01  base -0.27%  N2 -0.52%  N3 -0.22%  N2+N3 -0.40%  +K4 -0.41%
            +GK* -0.36%  +K4+GK -0.30%  +GK+DD -0.10%  +GK+XA +0.46%
  DATA      on time  prices 5s  funding booked  book today  shadow 23:00  carry today
            spot pot today
  SESSION   $+2.55 +0.51%  peak $501.68  dd 0.14%
  CURVE     ==============++++++++++++++++++++++++++++++++++++++++++++++++++++
  MONTH     book guard $0.00 of $100.00 used  on marked equity  from $500.00  dial 20%
            ..........................
  RECORD    book closed 9  5W 4L  net $+1.58  fees and funding in
  FEES      no fills yet this run (the book trades at 00:05 UTC)
  ------------------------------------------------------------------------------------------------
 
04:40:27 | 
04:40:27 | ============================================================
04:40:27 | 📊 POSITION SUMMARY (8-MIN UPDATE)
04:40:27 | 💰 Equity: $500.98 marked (the Binance book, an experiment) = cash $501.39 + open $-0.41
04:40:27 | 💵 Available: $438.76 after open P&L | Locked: $62.22
04:40:27 | 📈 Session: $+2.55 (+0.5%)
04:40:27 | 🎯 C510 Book (what trades): 10 positions, gross 0.60x, open $-0.41 | rule C2 N2+N3 + range vol (GK) | closed 9: 5W/4L $+1.58 | since 01 Oct +0.20% (normal)
04:40:27 | ============================================================
04:40:27 | ============================================================
04:40:27 | 🔵 Book guard: $0.00 of $100.00 used this month on marked equity (0%, from $500.00) · realised today +0.00% [C497]
04:40:27 | ============================================================
04:40:27 | 
 
  04:48  up 8h48m  daily book --------------------------------------------------------------------
  PLAN      $999.97 of $1,000.00 ($-0.03)  after tax on net profit $999.97
            Delta vs Pi42 funding gap $999.97  paper
  BELOW     experiments, not your money
  EQUITY    $501.05  unreal $-0.34
  OPEN      no intraday positions  book holds 10 (BOOK row)  free $438.83 after open P&L
  SHADOW    intraday M1 $498.32 (-0.28%)  M1g $516.54 (+3.37%)  6d paper only
  CARRY     $499.07 (-0.15%)  8 held  paper only
  SPOT      $249.12 (-0.35%)  1 held  3% invested  cash earns 6.68%  paper pot
  SAVINGS   idle $313.57 (63%)  at 6.68% +$0.39 so far  ~$1.75/month  paper
  BFUSD     wallet $501.05 at 7.66%  +$0.60 so far  ~$3.20/month  vs Savings $1.75  paper
  DELTA     $503.54 (+0.71%)  8 held  fees $0.38  funding $+0.17
            paper experiment: the book on Delta
  XVENUE    $998.41 (-0.16%)  10 pairs  funding $+5.55  fees $4.87  paper, Delta vs Pi42
  TESTS     every 8 h: ahead $0.01, 1 day  3-day avg: level $0.00, 1 day  paper, vs your daily rule
  BOOK      10 pos gross $299.29 (0.60x)  open $-0.34  funding $-0.04  vol 27% top 20
            rebal 2026-10-07
  CONTEXT   since 01 Oct $+1.05 (+0.21%) in 6.8d  normal -2.9% to +6.0%  bottom 49%: normal
  RULE      C2 N2+N3 + range vol (GK)  forward test (paper)
  TOURNEY   6d from 2026-10-01  base -0.27%  N2 -0.52%  N3 -0.22%  N2+N3 -0.40%  +K4 -0.41%
            +GK* -0.36%  +K4+GK -0.30%  +GK+DD -0.10%  +GK+XA +0.46%
  DATA      on time  prices 39s  funding booked  book today  shadow 23:00  carry today
            spot pot today
  SESSION   $+2.62 +0.53%  peak $501.68  dd 0.13%
  CURVE     ==============+++++++++++++++++++++++++++++++++++++++++++++++++++++
  MONTH     book guard $0.00 of $100.00 used  on marked equity  from $500.00  dial 20%
            ..........................
  RECORD    book closed 9  5W 4L  net $+1.58  fees and funding in
  FEES      no fills yet this run (the book trades at 00:05 UTC)
  ------------------------------------------------------------------------------------------------
 
04:48:27 | 
04:48:27 | ============================================================
04:48:27 | 📊 POSITION SUMMARY (8-MIN UPDATE)
04:48:27 | 💰 Equity: $501.05 marked (the Binance book, an experiment) = cash $501.39 + open $-0.34
04:48:27 | 💵 Available: $438.83 after open P&L | Locked: $62.22
04:48:27 | 📈 Session: $+2.62 (+0.5%)
04:48:27 | 🎯 C510 Book (what trades): 10 positions, gross 0.60x, open $-0.34 | rule C2 N2+N3 + range vol (GK) | closed 9: 5W/4L $+1.58 | since 01 Oct +0.21% (normal)
04:48:27 | ============================================================
04:48:27 | ============================================================
04:48:27 | 🔵 Book guard: $0.00 of $100.00 used this month on marked equity (0%, from $500.00) · realised today +0.00% [C497]
04:48:27 | ============================================================
04:48:27 | 
 
  04:56  up 8h56m  daily book --------------------------------------------------------------------
  PLAN      $1,000.18 of $1,000.00 ($+0.18)  after tax on net profit $1,000.12
            Delta vs Pi42 funding gap $1,000.18  paper
  BELOW     experiments, not your money
  EQUITY    $501.05  unreal $-0.34
  OPEN      no intraday positions  book holds 10 (BOOK row)  free $438.83 after open P&L
  SHADOW    intraday M1 $498.32 (-0.28%)  M1g $516.54 (+3.37%)  6d paper only
  CARRY     $499.07 (-0.15%)  8 held  paper only
  SPOT      $249.12 (-0.35%)  1 held  3% invested  cash earns 6.68%  paper pot
  SAVINGS   idle $313.57 (63%)  at 6.68% +$0.39 so far  ~$1.75/month  paper
  BFUSD     wallet $501.05 at 7.66%  +$0.60 so far  ~$3.20/month  vs Savings $1.75  paper
  DELTA     $503.40 (+0.68%)  8 held  fees $0.38  funding $+0.17
            paper experiment: the book on Delta
  XVENUE    $998.41 (-0.16%)  10 pairs  funding $+5.55  fees $4.87  paper, Delta vs Pi42
  TESTS     every 8 h: ahead $0.01, 1 day  3-day avg: level $0.00, 1 day  paper, vs your daily rule
  BOOK      10 pos gross $299.48 (0.60x)  open $-0.34  funding $-0.04  vol 27% top 20
            rebal 2026-10-07
  CONTEXT   since 01 Oct $+1.05 (+0.21%) in 6.8d  normal -2.9% to +6.0%  bottom 49%: normal
  RULE      C2 N2+N3 + range vol (GK)  forward test (paper)
  TOURNEY   6d from 2026-10-01  base -0.27%  N2 -0.52%  N3 -0.22%  N2+N3 -0.40%  +K4 -0.41%
            +GK* -0.36%  +K4+GK -0.30%  +GK+DD -0.10%  +GK+XA +0.46%
  DATA      on time  prices 31s  funding booked  book today  shadow 23:00  carry today
            spot pot today
  SESSION   $+2.62 +0.53%  peak $501.68  dd 0.13%
  CURVE     ==============++++++++++++++++++++++++++++++++++++++++++++++++++++++
  MONTH     book guard $0.00 of $100.00 used  on marked equity  from $500.00  dial 20%
            ..........................
  RECORD    book closed 9  5W 4L  net $+1.58  fees and funding in
  FEES      no fills yet this run (the book trades at 00:05 UTC)
  ------------------------------------------------------------------------------------------------
 
04:56:27 | 
04:56:27 | ============================================================
04:56:27 | 📊 POSITION SUMMARY (8-MIN UPDATE)
04:56:27 | 💰 Equity: $501.05 marked (the Binance book, an experiment) = cash $501.39 + open $-0.34
04:56:27 | 💵 Available: $438.83 after open P&L | Locked: $62.22
04:56:27 | 📈 Session: $+2.62 (+0.5%)
04:56:27 | 🎯 C510 Book (what trades): 10 positions, gross 0.60x, open $-0.34 | rule C2 N2+N3 + range vol (GK) | closed 9: 5W/4L $+1.58 | since 01 Oct +0.21% (normal)
04:56:27 | ============================================================
04:56:27 | ============================================================
04:56:27 | 🔵 Book guard: $0.00 of $100.00 used this month on marked equity (0%, from $500.00) · realised today +0.00% [C497]
04:56:27 | ============================================================
04:56:27 | 
 
  05:04  up 9h04m  daily book --------------------------------------------------------------------
  PLAN      $1,000.15 of $1,000.00 ($+0.15)  after tax on net profit $1,000.10
            Delta vs Pi42 funding gap $1,000.15  paper
  BELOW     experiments, not your money
  EQUITY    $501.22  unreal $-0.17
  OPEN      no intraday positions  book holds 10 (BOOK row)  free $439.00 after open P&L
  SHADOW    intraday M1 $498.32 (-0.28%)  M1g $516.54 (+3.37%)  6d paper only
  CARRY     $499.07 (-0.15%)  8 held  paper only
  SPOT      $249.13 (-0.35%)  1 held  3% invested  cash earns 6.68%  paper pot
  SAVINGS   idle $313.70 (63%)  at 6.68% +$0.39 so far  ~$1.75/month  paper
  BFUSD     wallet $501.22 at 7.66%  +$0.60 so far  ~$3.20/month  vs Savings $1.75  paper
  DELTA     $503.57 (+0.71%)  8 held  fees $0.38  funding $+0.17
            paper experiment: the book on Delta
  XVENUE    $998.41 (-0.16%)  10 pairs  funding $+5.55  fees $4.87  paper, Delta vs Pi42
  TESTS     every 8 h: ahead $0.01, 1 day  3-day avg: level $0.00, 1 day  paper, vs your daily rule
  BOOK      10 pos gross $299.97 (0.60x)  open $-0.17  funding $-0.04  vol 27% top 20
            rebal 2026-10-07
  CONTEXT   since 01 Oct $+1.22 (+0.24%) in 6.8d  normal -2.9% to +6.0%  bottom 49%: normal
  RULE      C2 N2+N3 + range vol (GK)  forward test (paper)
  TOURNEY   6d from 2026-10-01  base -0.27%  N2 -0.52%  N3 -0.22%  N2+N3 -0.40%  +K4 -0.41%
            +GK* -0.36%  +K4+GK -0.30%  +GK+DD -0.10%  +GK+XA +0.46%
  DATA      on time  prices 23s  funding booked  book today  shadow 23:00  carry today
            spot pot today
  SESSION   $+2.79 +0.56%  peak $501.68  dd 0.09%
  CURVE     ==============+++++++++++++++++++++++++++++++++++++++++++++++++++++++
  MONTH     book guard $0.00 of $100.00 used  on marked equity  from $500.00  dial 20%
            ..........................
  RECORD    book closed 9  5W 4L  net $+1.58  fees and funding in
  FEES      no fills yet this run (the book trades at 00:05 UTC)
  ------------------------------------------------------------------------------------------------
 
05:04:27 | 
05:04:27 | ============================================================
05:04:27 | 📊 POSITION SUMMARY (8-MIN UPDATE)
05:04:27 | 💰 Equity: $501.22 marked (the Binance book, an experiment) = cash $501.39 + open $-0.17
05:04:27 | 💵 Available: $439.00 after open P&L | Locked: $62.22
05:04:27 | 📈 Session: $+2.79 (+0.6%)
05:04:27 | 🎯 C510 Book (what trades): 10 positions, gross 0.60x, open $-0.17 | rule C2 N2+N3 + range vol (GK) | closed 9: 5W/4L $+1.58 | since 01 Oct +0.24% (normal)
05:04:27 | ============================================================
05:04:27 | ============================================================
05:04:27 | 🔵 Book guard: $0.00 of $100.00 used this month on marked equity (0%, from $500.00) · realised today +0.00% [C497]
05:04:27 | ============================================================
05:04:27 | 
 
  05:12  up 9h12m  daily book --------------------------------------------------------------------
  PLAN      $1,000.06 of $1,000.00 ($+0.06)  after tax on net profit $1,000.04
            Delta vs Pi42 funding gap $1,000.06  paper
  BELOW     experiments, not your money
  EQUITY    $501.16  unreal $-0.23
  OPEN      no intraday positions  book holds 10 (BOOK row)  free $438.94 after open P&L
  SHADOW    intraday M1 $498.32 (-0.28%)  M1g $516.54 (+3.37%)  6d paper only
  CARRY     $499.07 (-0.15%)  8 held  paper only
  SPOT      $249.12 (-0.35%)  1 held  3% invested  cash earns 6.68%  paper pot
  SAVINGS   idle $313.68 (63%)  at 6.68% +$0.39 so far  ~$1.75/month  paper
  BFUSD     wallet $501.20 at 7.66%  +$0.60 so far  ~$3.20/month  vs Savings $1.75  paper
  DELTA     $503.48 (+0.70%)  8 held  fees $0.38  funding $+0.17
            paper experiment: the book on Delta
  XVENUE    $998.41 (-0.16%)  10 pairs  funding $+5.55  fees $4.87  paper, Delta vs Pi42
  TESTS     every 8 h: ahead $0.01, 1 day  3-day avg: level $0.00, 1 day  paper, vs your daily rule
  BOOK      10 pos gross $299.74 (0.60x)  open $-0.23  funding $-0.04  vol 27% top 20
            rebal 2026-10-07
  CONTEXT   since 01 Oct $+1.16 (+0.23%) in 6.8d  normal -2.9% to +6.1%  bottom 49%: normal
  RULE      C2 N2+N3 + range vol (GK)  forward test (paper)
  TOURNEY   6d from 2026-10-01  base -0.27%  N2 -0.52%  N3 -0.22%  N2+N3 -0.40%  +K4 -0.41%
            +GK* -0.36%  +K4+GK -0.30%  +GK+DD -0.10%  +GK+XA +0.46%
  DATA      on time  prices 15s  funding booked  book today  shadow 23:00  carry today
            spot pot today
  SESSION   $+2.73 +0.55%  peak $501.68  dd 0.10%
  CURVE     ==============++++++++++++++++++++++++++++++++++++++++++++++++++++++++
  MONTH     book guard $0.00 of $100.00 used  on marked equity  from $500.00  dial 20%
            ..........................
  RECORD    book closed 9  5W 4L  net $+1.58  fees and funding in
  FEES      no fills yet this run (the book trades at 00:05 UTC)
  ------------------------------------------------------------------------------------------------
 
05:12:28 | 
05:12:28 | ============================================================
05:12:28 | 📊 POSITION SUMMARY (8-MIN UPDATE)
05:12:28 | 💰 Equity: $501.16 marked (the Binance book, an experiment) = cash $501.39 + open $-0.23
05:12:28 | 💵 Available: $438.94 after open P&L | Locked: $62.22
05:12:28 | 📈 Session: $+2.73 (+0.5%)
05:12:28 | 🎯 C510 Book (what trades): 10 positions, gross 0.60x, open $-0.23 | rule C2 N2+N3 + range vol (GK) | closed 9: 5W/4L $+1.58 | since 01 Oct +0.23% (normal)
05:12:28 | ============================================================
05:12:28 | ============================================================
05:12:28 | 🔵 Book guard: $0.00 of $100.00 used this month on marked equity (0%, from $500.00) · realised today +0.00% [C497]
05:12:28 | ============================================================
05:12:28 | 
 
  05:20  up 9h20m  daily book --------------------------------------------------------------------
  PLAN      $1,000.19 of $1,000.00 ($+0.19)  after tax on net profit $1,000.13
            Delta vs Pi42 funding gap $1,000.19  paper
  BELOW     experiments, not your money
  EQUITY    $501.14  unreal $-0.25
  OPEN      no intraday positions  book holds 10 (BOOK row)  free $438.92 after open P&L
  SHADOW    intraday M1 $498.32 (-0.28%)  M1g $516.54 (+3.37%)  6d paper only
  CARRY     $499.07 (-0.15%)  8 held  paper only
  SPOT      $249.12 (-0.35%)  1 held  3% invested  cash earns 6.68%  paper pot
  SAVINGS   idle $313.60 (63%)  at 6.68% +$0.39 so far  ~$1.75/month  paper
  BFUSD     wallet $501.09 at 7.66%  +$0.60 so far  ~$3.20/month  vs Savings $1.75  paper
  DELTA     $503.41 (+0.68%)  8 held  fees $0.38  funding $+0.17
            paper experiment: the book on Delta
  XVENUE    $998.41 (-0.16%)  10 pairs  funding $+5.55  fees $4.87  paper, Delta vs Pi42
  TESTS     every 8 h: ahead $0.01, 1 day  3-day avg: level $0.00, 1 day  paper, vs your daily rule
  BOOK      10 pos gross $299.74 (0.60x)  open $-0.25  funding $-0.04  vol 27% top 20
            rebal 2026-10-07
  CONTEXT   since 01 Oct $+1.14 (+0.23%) in 6.8d  normal -2.9% to +6.1%  bottom 49%: normal
  RULE      C2 N2+N3 + range vol (GK)  forward test (paper)
  TOURNEY   6d from 2026-10-01  base -0.27%  N2 -0.52%  N3 -0.22%  N2+N3 -0.40%  +K4 -0.41%
            +GK* -0.36%  +K4+GK -0.30%  +GK+DD -0.10%  +GK+XA +0.46%
  DATA      on time  prices 10s  funding booked  book today  shadow 23:00  carry today
            spot pot today
  SESSION   $+2.71 +0.54%  peak $501.68  dd 0.11%
  CURVE     ==============+++++++++++++++++++++++++++++++++++++++++++++++++++++++++
  MONTH     book guard $0.00 of $100.00 used  on marked equity  from $500.00  dial 20%
            ..........................
  RECORD    book closed 9  5W 4L  net $+1.58  fees and funding in
  FEES      no fills yet this run (the book trades at 00:05 UTC)
  ------------------------------------------------------------------------------------------------
 
05:20:28 | 
05:20:28 | ============================================================
05:20:28 | 📊 POSITION SUMMARY (8-MIN UPDATE)
05:20:28 | 💰 Equity: $501.14 marked (the Binance book, an experiment) = cash $501.39 + open $-0.25
05:20:28 | 💵 Available: $438.92 after open P&L | Locked: $62.22
05:20:28 | 📈 Session: $+2.71 (+0.5%)
05:20:28 | 🎯 C510 Book (what trades): 10 positions, gross 0.60x, open $-0.25 | rule C2 N2+N3 + range vol (GK) | closed 9: 5W/4L $+1.58 | since 01 Oct +0.23% (normal)
05:20:28 | ============================================================
05:20:28 | ============================================================
05:20:28 | 🔵 Book guard: $0.00 of $100.00 used this month on marked equity (0%, from $500.00) · realised today +0.00% [C497]
05:20:28 | ============================================================
05:20:28 | 
 
  05:28  up 9h28m  daily book --------------------------------------------------------------------
  PLAN      $1,000.17 of $1,000.00 ($+0.17)  after tax on net profit $1,000.12
            Delta vs Pi42 funding gap $1,000.17  paper
  BELOW     experiments, not your money
  EQUITY    $501.17  unreal $-0.22
  OPEN      no intraday positions  book holds 10 (BOOK row)  free $438.95 after open P&L
  SHADOW    intraday M1 $498.32 (-0.28%)  M1g $516.54 (+3.37%)  6d paper only
  CARRY     $499.07 (-0.15%)  8 held  paper only
  SPOT      $249.12 (-0.35%)  1 held  3% invested  cash earns 6.68%  paper pot
  SAVINGS   idle $313.69 (63%)  at 6.68% +$0.39 so far  ~$1.75/month  paper
  BFUSD     wallet $501.21 at 7.66%  +$0.60 so far  ~$3.20/month  vs Savings $1.75  paper
  DELTA     $503.23 (+0.65%)  8 held  fees $0.38  funding $+0.17
            paper experiment: the book on Delta
  XVENUE    $998.41 (-0.16%)  10 pairs  funding $+5.55  fees $4.87  paper, Delta vs Pi42
  TESTS     every 8 h: ahead $0.01, 1 day  3-day avg: level $0.00, 1 day  paper, vs your daily rule
  BOOK      10 pos gross $299.42 (0.60x)  open $-0.21  funding $-0.04  vol 27% top 20
            rebal 2026-10-07
  CONTEXT   since 01 Oct $+1.17 (+0.23%) in 6.8d  normal -2.9% to +6.1%  bottom 49%: normal
  RULE      C2 N2+N3 + range vol (GK)  forward test (paper)
  TOURNEY   6d from 2026-10-01  base -0.27%  N2 -0.52%  N3 -0.22%  N2+N3 -0.40%  +K4 -0.41%
            +GK* -0.36%  +K4+GK -0.30%  +GK+DD -0.10%  +GK+XA +0.46%
  DATA      on time  prices 4s  funding booked  book today  shadow 23:00  carry today
            spot pot today
  SESSION   $+2.74 +0.55%  peak $501.68  dd 0.10%
  CURVE     ==============++++++++++++++++++++++++++++++++++++++++++++++++++++++++++
  MONTH     book guard $0.00 of $100.00 used  on marked equity  from $500.00  dial 20%
            ..........................
  RECORD    book closed 9  5W 4L  net $+1.58  fees and funding in
  FEES      no fills yet this run (the book trades at 00:05 UTC)
  ------------------------------------------------------------------------------------------------
 
05:28:29 | 
05:28:29 | ============================================================
05:28:29 | 📊 POSITION SUMMARY (8-MIN UPDATE)
05:28:29 | 💰 Equity: $501.17 marked (the Binance book, an experiment) = cash $501.39 + open $-0.22
05:28:29 | 💵 Available: $438.95 after open P&L | Locked: $62.22
05:28:29 | 📈 Session: $+2.74 (+0.6%)
05:28:29 | 🎯 C510 Book (what trades): 10 positions, gross 0.60x, open $-0.21 | rule C2 N2+N3 + range vol (GK) | closed 9: 5W/4L $+1.58 | since 01 Oct +0.23% (normal)
05:28:29 | ============================================================
05:28:29 | ============================================================
05:28:29 | 🔵 Book guard: $0.00 of $100.00 used this month on marked equity (0%, from $500.00) · realised today +0.00% [C497]
05:28:29 | ============================================================
05:28:29 | 
05:32:24 |    👻 C489 shadow hour 00:00 UTC: 39 coins scored (full (16 features)), gate OPEN | M1 $497.92 (-0.36%) M1g $516.07 (+3.27%) over 7d [3s]
05:35:37 |    📋 C488 PLAN 2026-10-08: 160 candidates, 20 eligible, eq $501.26 | BNB +71.27 C1/C3, SOL +44.12 C1/C3, ZEC -39.42 C2/C3, SUI +24.52 C1/C2, TAO -21.00 C1/C2, 1000PEPE +20.27 C3, UNI -18.91 C3, WLD +18.38 C1/C2, NEAR +17.46 C1/C2, ENA -14.41 C1/C3, ADA +6.51 C1, AVAX +6.44 C1 | under $6 or Binance's minimum: 3 (PUMP +4.51, LINK +3.56 < $20, ARB -0.40)
05:35:37 |    📋 C488 CANDIDATES (160 with history): 0G 1000BONK 1000FLOKI 1000PEPE 1000SHIB 2Z AAVE ACE ADA AERO AIA AIN AKE ALGO APE API3 APT AR ARB ARK ASTER ATOM AVAX AXS BANK BAT BCH BEAMX BEAT BIO BNB BOME BR BTC BTW C98 CAKE CAP CHIP CLO COTI CRV CT DASH DOGE DOT DRIFT EDU EIGEN ENA ENJ ESP ETC ETH ETHFI FARTCOIN FET FIL FLUID GALA GIGGLE GRAM GRASS GRIFFAIN GTC HBAR HEMI HUMA HYPE ICP INJ JTO JUP KAITO LAB LDO LINK LIT LPT LSK LTC LYN MAGIC MAGMA MANA MARSCOIN MET MINA MON MORPHO MOVR MUBARAK NEAR NIGHT NIL NMR OGN ONDO ONE OP OPN ORCA ORDI PARTI PENDLE PENGU PHA PLUME POL PONS PROM PUMP PYTH QNT RAYSOL RENDER RESOLV RIVER RLC S SAGA SAND SEI SKY SOL SOON STRK STX SUI SYN TA TAO TIA TRB TRUMP TRX UAI UMA UNI US USELESS VELVET VIRTUAL VTHO VVV W WIF WLD WLFI XLM XMR XPL XRP ZAMA ZEC ZEN ZK ZRO 牛来 龙虾
05:35:38 |    💸 C364 market fill crossed the book: UNI buy @$7.9130 (0.63bp worse than mid, src=book)
05:35:38 | 📉 FILL: UNI BUY @$7.9130 | paper=True
05:35:38 |    💼 C488 daily: BUY UNI 1 @ $7.9130 ($7.91; fee $0.004; realised $+0.991) -> holding -2
05:35:38 |    💸 C364 market fill crossed the book: ADA buy @$0.255400 (1.96bp worse than mid, src=book)
05:35:38 | 📉 FILL: ADA BUY @$0.255400 | paper=True
05:35:38 |    💼 C488 daily: BUY ADA 25 @ $0.255400 ($6.39; fee $0.003) -> holding +25
05:35:38 |    💸 C364 market fill crossed the book: AVAX buy @$11.1100 (0.45bp worse than mid, src=book)
05:35:38 | 📉 FILL: AVAX BUY @$11.1100 | paper=True
05:35:38 |    💼 C488 daily: BUY AVAX 1 @ $11.1100 ($11.11; fee $0.006) -> holding +1
05:35:38 | 💼 C488 REBALANCE (daily): 12 positions targeted, gross 0.60x of $501.26, 3 trades $25.41, top 20, vol target 26.7%, rule C2 N2+N3 + range vol (GK) [26s]
05:35:40 |    🏁 C510 tournament (paper, same prices, 7 days scored from 2026-10-01): admitted C488 rule -0.19% | N2 no crowded shorts -0.50% | N3 residual momentum -0.31% | N2+N3 -0.52% | N2+N3, K4 sizing -0.98% | N2+N3, range vol (traded) -0.32% | N2+N3, K4, range vol -0.64% | N2+N3, range vol, drawdown loop -0.06% | N2+N3, range vol, ex-ante risk +0.33% [1s]
05:35:40 |    🇮🇳 C521 Delta daily: BUY ADAUSD 26 x 1 @ $0.2556 ($6.65; fee $0.004 incl. GST) -> holding +26
05:35:40 |    🇮🇳 C521 Delta daily: BUY AVAXUSD 1 x 1 @ $11.122 ($11.12; fee $0.007 incl. GST) -> holding +1
05:35:40 |    🇮🇳 C521 Delta daily: BUY UNIUSD 1 x 1 @ $7.92 ($7.92; fee $0.005 incl. GST) -> holding -2
05:35:40 |    🇮🇳 C521 Delta Exchange India (paper experiment, the same book): 10 held, gross $231.51 of $312.42 planned (74%), 3 trades $25.69 | equity $503.25 | not held (under one contract or the $6 floor): ARB -0.40 < $6, LINK +3.58 < $7, PUMP +4.53 < $6, SOL +44.29 < $58, ZEC -39.58 < $66 [0s]
05:35:40 |    📏 C509 since the book began 01 Oct: +$1.23 (+0.25%) in 6.8 days | normal for that long -2.9% to +6.1% (10th-90th pct, 2020-26 test) | bottom 49%: normal
 
  05:36  up 9h36m  daily book --------------------------------------------------------------------
  PLAN      $1,000.45 of $1,000.00 ($+0.45)  after tax on net profit $1,000.31
            Delta vs Pi42 funding gap $1,000.45  paper
  BELOW     experiments, not your money
  EQUITY    $501.14  unreal $-1.23
  OPEN      no intraday positions  book holds 12 (BOOK row)  free $437.20 after open P&L
  SHADOW    intraday M1 $497.92 (-0.36%)  M1g $516.07 (+3.27%)  7d paper only
  CARRY     $499.07 (-0.15%)  8 held  paper only
  SPOT      $249.12 (-0.35%)  1 held  3% invested  cash earns 6.68%  paper pot
  SAVINGS   idle $311.98 (62%)  at 6.68% +$0.39 so far  ~$1.74/month  paper
  BFUSD     wallet $501.23 at 7.66%  +$0.60 so far  ~$3.20/month  vs Savings $1.74  paper
  DELTA     $503.25 (+0.65%)  10 held  fees $0.40  funding $+0.15
            paper experiment: the book on Delta
  XVENUE    $998.41 (-0.16%)  10 pairs  funding $+5.55  fees $4.87  paper, Delta vs Pi42
  TESTS     every 8 h: ahead $0.01, 1 day  3-day avg: level $0.00, 1 day  paper, vs your daily rule
  BOOK      12 pos gross $308.78 (0.62x)  open $-1.23  funding $-0.04  vol 27% top 20
            rebal 2026-10-08
  CONTEXT   since 01 Oct $+1.14 (+0.23%) in 6.8d  normal -2.9% to +6.1%  bottom 49%: normal
  RULE      C2 N2+N3 + range vol (GK)  forward test (paper)
  TOURNEY   7d from 2026-10-01  base -0.19%  N2 -0.50%  N3 -0.31%  N2+N3 -0.52%  +K4 -0.98%
            +GK* -0.32%  +K4+GK -0.64%  +GK+DD -0.06%  +GK+XA +0.33%
  DATA      on time  prices 28s  funding booked  book today  shadow 00:00
  SESSION   $+2.71 +0.54%  peak $501.68  dd 0.11%
  CURVE     ==============+++++++++++++++++++++++++++++++++++++++++++++++++++++++++++
  MONTH     book guard $0.00 of $100.00 used  on marked equity  from $500.00  dial 20%
            ..........................
  RECORD    book closed 9  5W 4L  net $+1.58  fees and funding in
  FEES      book $0.01  3 taker fills this run  0.050% of $25.41 traded
  ------------------------------------------------------------------------------------------------
 
05:36:29 | 
05:36:29 | ============================================================
05:36:29 | 📊 POSITION SUMMARY (8-MIN UPDATE)
05:36:29 | 💰 Equity: $501.14 marked (the Binance book, an experiment) = cash $502.37 + open $-1.23
05:36:29 | 💵 Available: $437.20 after open P&L | Locked: $63.94
05:36:29 | 📈 Session: $+2.71 (+0.5%)
05:36:29 | 🎯 C510 Book (what trades): 12 positions, gross 0.62x, open $-1.23 | rule C2 N2+N3 + range vol (GK) | closed 9: 5W/4L $+1.58 | since 01 Oct +0.23% (normal)
05:36:29 | ============================================================
05:36:29 | ============================================================
05:36:29 | 🔵 Book guard: $0.00 of $100.00 used this month on marked equity (0%, from $500.00) · realised today +0.20% [C497]
05:36:29 | ============================================================
05:36:29 | 
05:40:17 |    💱 C490 carry (paper ledger) 2026-10-08: day +0.00 -> $499.07 (-0.15%) | 7 held, 1 of 34 eligible above 10%/yr | out INJ [2s]
 
  05:44  up 9h44m  daily book --------------------------------------------------------------------
  PLAN      $1,000.36 of $1,000.00 ($+0.36)  after tax on net profit $1,000.25
            Delta vs Pi42 funding gap $1,000.36  paper
  BELOW     experiments, not your money
  EQUITY    $501.30  unreal $-1.07
  OPEN      no intraday positions  book holds 12 (BOOK row)  free $437.36 after open P&L
  SHADOW    intraday M1 $497.92 (-0.36%)  M1g $516.07 (+3.27%)  7d paper only
  CARRY     $499.07 (-0.15%)  7 held  paper only
  SPOT      $249.12 (-0.35%)  1 held  3% invested  cash earns 6.68%  paper pot
  SAVINGS   idle $311.97 (62%)  at 6.68% +$0.39 so far  ~$1.74/month  paper
  BFUSD     wallet $501.21 at 7.66%  +$0.60 so far  ~$3.20/month  vs Savings $1.74  paper
  DELTA     $503.25 (+0.65%)  10 held  fees $0.40  funding $+0.15
            paper experiment: the book on Delta
  XVENUE    $998.41 (-0.16%)  10 pairs  funding $+5.55  fees $4.87  paper, Delta vs Pi42
  TESTS     every 8 h: ahead $0.01, 1 day  3-day avg: level $0.00, 1 day  paper, vs your daily rule
  BOOK      12 pos gross $309.28 (0.62x)  open $-1.07  funding $-0.04  vol 27% top 20
            rebal 2026-10-08
  CONTEXT   since 01 Oct $+1.30 (+0.26%) in 6.8d  normal -2.9% to +6.1%  bottom 49%: normal
  RULE      C2 N2+N3 + range vol (GK)  forward test (paper)
  TOURNEY   7d from 2026-10-01  base -0.19%  N2 -0.50%  N3 -0.31%  N2+N3 -0.52%  +K4 -0.98%
            +GK* -0.32%  +K4+GK -0.64%  +GK+DD -0.06%  +GK+XA +0.33%
  DATA      on time  prices 2s  funding booked  book today  shadow 00:00  carry today
  SESSION   $+2.87 +0.58%  peak $501.68  dd 0.08%
  CURVE     ==============++++++++++++++++++++++++++++++++++++++++++++++++++++++++++++
  MONTH     book guard $0.00 of $100.00 used  on marked equity  from $500.00  dial 20%
            ..........................
  RECORD    book closed 9  5W 4L  net $+1.58  fees and funding in
  FEES      book $0.01  3 taker fills this run  0.050% of $25.41 traded
  ------------------------------------------------------------------------------------------------
 
05:44:30 | 
05:44:30 | ============================================================
05:44:30 | 📊 POSITION SUMMARY (8-MIN UPDATE)
05:44:30 | 💰 Equity: $501.30 marked (the Binance book, an experiment) = cash $502.37 + open $-1.07
05:44:30 | 💵 Available: $437.36 after open P&L | Locked: $63.94
05:44:30 | 📈 Session: $+2.87 (+0.6%)
05:44:30 | 🎯 C510 Book (what trades): 12 positions, gross 0.62x, open $-1.07 | rule C2 N2+N3 + range vol (GK) | closed 9: 5W/4L $+1.58 | since 01 Oct +0.26% (normal)
05:44:30 | ============================================================
05:44:30 | ============================================================
05:44:30 | 🔵 Book guard: $0.00 of $100.00 used this month on marked equity (0%, from $500.00) · realised today +0.20% [C497]
05:44:30 | ============================================================
05:44:30 | 
05:50:25 |    🪙 C501 spot pot (paper) 2026-10-08: $249.04 (-0.38%) | 2 held, 7% invested, cash $230.57 earning 6.68% | 3 trades today [0s]
05:50:25 |    🪙 C501 spot pot holds: BNB $12.01, ADA $6.46
 
  05:52  up 9h52m  daily book --------------------------------------------------------------------
  PLAN      $1,000.33 of $1,000.00 ($+0.33)  after tax on net profit $1,000.23
            Delta vs Pi42 funding gap $1,000.33  paper
  BELOW     experiments, not your money
  EQUITY    $501.62  unreal $-0.75
  OPEN      no intraday positions  book holds 12 (BOOK row)  free $437.68 after open P&L
  SHADOW    intraday M1 $497.92 (-0.36%)  M1g $516.07 (+3.27%)  7d paper only
  CARRY     $499.07 (-0.15%)  7 held  paper only
  SPOT      $249.03 (-0.39%)  2 held  7% invested  cash earns 6.68%  paper pot
  SAVINGS   idle $312.32 (62%)  at 6.68% +$0.39 so far  ~$1.74/month  paper
  BFUSD     wallet $501.68 at 7.66%  +$0.60 so far  ~$3.20/month  vs Savings $1.74  paper
  DELTA     $503.77 (+0.75%)  10 held  fees $0.40  funding $+0.15
            paper experiment: the book on Delta
  XVENUE    $998.41 (-0.16%)  10 pairs  funding $+5.55  fees $4.87  paper, Delta vs Pi42
  TESTS     every 8 h: ahead $0.01, 1 day  3-day avg: level $0.00, 1 day  paper, vs your daily rule
  BOOK      12 pos gross $309.75 (0.62x)  open $-0.75  funding $-0.04  vol 27% top 20
            rebal 2026-10-08
  CONTEXT   since 01 Oct $+1.62 (+0.32%) in 6.9d  normal -2.9% to +6.1%  top 50%: normal
  RULE      C2 N2+N3 + range vol (GK)  forward test (paper)
  TOURNEY   7d from 2026-10-01  base -0.19%  N2 -0.50%  N3 -0.31%  N2+N3 -0.52%  +K4 -0.98%
            +GK* -0.32%  +K4+GK -0.64%  +GK+DD -0.06%  +GK+XA +0.33%
  DATA      on time  prices 35s  funding booked  book today  shadow 00:00  carry today
            spot pot today
  SESSION   $+3.19 +0.64%  peak $501.68  dd 0.01%
  CURVE     ==============+++++++++++++++++++++++++++++++++++++++++++++++++++++++++++++
  MONTH     book guard $0.00 of $100.00 used  on marked equity  from $500.00  dial 20%
            ..........................
  RECORD    book closed 9  5W 4L  net $+1.58  fees and funding in
  FEES      book $0.01  3 taker fills this run  0.050% of $25.41 traded
  ------------------------------------------------------------------------------------------------
 
05:52:30 | 
05:52:30 | ============================================================
05:52:30 | 📊 POSITION SUMMARY (8-MIN UPDATE)
05:52:30 | 💰 Equity: $501.62 marked (the Binance book, an experiment) = cash $502.37 + open $-0.75
05:52:30 | 💵 Available: $437.68 after open P&L | Locked: $63.94
05:52:30 | 📈 Session: $+3.19 (+0.6%)
05:52:30 | 🎯 C510 Book (what trades): 12 positions, gross 0.62x, open $-0.75 | rule C2 N2+N3 + range vol (GK) | closed 9: 5W/4L $+1.58 | since 01 Oct +0.32% (normal)
05:52:30 | ============================================================
05:52:30 | ============================================================
05:52:30 | 🔵 Book guard: $0.00 of $100.00 used this month on marked equity (0%, from $500.00) · realised today +0.20% [C497]
05:52:30 | ============================================================
05:52:30 | 
06:00:27 |    🔀 C524 cross-venue (paper, Delta vs Pi42) 2026-10-08: day +1.95 -> $1000.35 (+0.04%) | 10 pairs, 98 of 190 coins with a 7-day spread >= 20%/yr (54 on Pi42) [24s]
06:00:27 |    🧪 C538 test "Checks every 8 hours" (paper, not your plan) 06:00 IST: +0.68 -> $1000.37 | 10 pairs, 10 the same as yours | since 2026-10-06: this rule +4.06, your daily rule +4.05 (ahead by $0.01) [0s]
06:00:27 |    🧪 C538 test "Uses a 3-day average" (paper, not your plan) 06:00 IST: +1.95 -> $1000.35 | 10 pairs, 10 the same as yours | since 2026-10-06: this rule +4.05, your daily rule +4.05 (level by $0.00) [0s]
 
  06:00  up 10h00m  daily book -------------------------------------------------------------------
  PLAN      $1,000.32 of $1,000.00 ($+0.32)  after tax on net profit $1,000.22
            Delta vs Pi42 funding gap $1,000.32  paper
  BELOW     experiments, not your money
  EQUITY    $501.52  unreal $-0.85
  OPEN      no intraday positions  book holds 12 (BOOK row)  free $437.58 after open P&L
  SHADOW    intraday M1 $497.92 (-0.36%)  M1g $516.07 (+3.27%)  7d paper only
  CARRY     $499.07 (-0.15%)  7 held  paper only
  SPOT      $249.00 (-0.40%)  2 held  7% invested  cash earns 6.68%  paper pot
  SAVINGS   idle $312.19 (62%)  at 6.68% +$0.40 so far  ~$1.74/month  paper
  BFUSD     wallet $501.50 at 7.66%  +$0.60 so far  ~$3.20/month  vs Savings $1.74  paper
  DELTA     $503.45 (+0.69%)  10 held  fees $0.40  funding $+0.15
            paper experiment: the book on Delta
  XVENUE    $1,000.35 (+0.04%)  10 pairs  funding $+7.48  fees $4.87  paper, Delta vs Pi42
  TESTS     every 8 h: ahead $0.01, 2 days  3-day avg: level $0.00, 2 days
            paper, vs your daily rule
  BOOK      12 pos gross $308.95 (0.62x)  open $-0.85  funding $-0.04  vol 27% top 20
            rebal 2026-10-08
  CONTEXT   since 01 Oct $+1.52 (+0.30%) in 6.9d  normal -2.9% to +6.1%  top 50%: normal
  RULE      C2 N2+N3 + range vol (GK)  forward test (paper)
  TOURNEY   7d from 2026-10-01  base -0.19%  N2 -0.50%  N3 -0.31%  N2+N3 -0.52%  +K4 -0.98%
            +GK* -0.32%  +K4+GK -0.64%  +GK+DD -0.06%  +GK+XA +0.33%
  DATA      on time  prices 27s  funding booked  book today  shadow 00:00  carry today
            spot pot today
  SESSION   $+3.09 +0.62%  peak $501.68  dd 0.03%
  CURVE     ==============++++++++++++++++++++++++++++++++++++++++++++++++++++++++++++++
  MONTH     book guard $0.00 of $100.00 used  on marked equity  from $500.00  dial 20%
            ..........................
  RECORD    book closed 9  5W 4L  net $+1.58  fees and funding in
  FEES      book $0.01  3 taker fills this run  0.050% of $25.41 traded
  ------------------------------------------------------------------------------------------------
 
06:00:31 | 
06:00:31 | ============================================================
06:00:31 | 📊 POSITION SUMMARY (8-MIN UPDATE)
06:00:31 | 💰 Equity: $501.52 marked (the Binance book, an experiment) = cash $502.37 + open $-0.85
06:00:31 | 💵 Available: $437.58 after open P&L | Locked: $63.94
06:00:31 | 📈 Session: $+3.09 (+0.6%)
06:00:31 | 🎯 C510 Book (what trades): 12 positions, gross 0.62x, open $-0.85 | rule C2 N2+N3 + range vol (GK) | closed 9: 5W/4L $+1.58 | since 01 Oct +0.30% (normal)
06:00:31 | ============================================================
06:00:31 | ============================================================
06:00:31 | 🔵 Book guard: $0.00 of $100.00 used this month on marked equity (0%, from $500.00) · realised today +0.20% [C497]
06:00:31 | ============================================================
06:00:31 | 
 
  06:08  up 10h08m  daily book -------------------------------------------------------------------
  PLAN      $1,000.39 of $1,000.00 ($+0.39)  after tax on net profit $1,000.27
            Delta vs Pi42 funding gap $1,000.39  paper
  BELOW     experiments, not your money
  EQUITY    $501.69  unreal $-0.68
  OPEN      no intraday positions  book holds 12 (BOOK row)  free $437.75 after open P&L
  SHADOW    intraday M1 $497.92 (-0.36%)  M1g $516.07 (+3.27%)  7d paper only
  CARRY     $499.07 (-0.15%)  7 held  paper only
  SPOT      $249.00 (-0.40%)  2 held  7% invested  cash earns 6.68%  paper pot
  SAVINGS   idle $312.31 (62%)  at 6.68% +$0.40 so far  ~$1.74/month  paper
  BFUSD     wallet $501.67 at 7.66%  +$0.60 so far  ~$3.20/month  vs Savings $1.74  paper
  DELTA     $503.36 (+0.67%)  10 held  fees $0.40  funding $+0.15
            paper experiment: the book on Delta
  XVENUE    $1,000.35 (+0.04%)  10 pairs  funding $+7.48  fees $4.87  paper, Delta vs Pi42
  TESTS     every 8 h: ahead $0.01, 2 days  3-day avg: level $0.00, 2 days
            paper, vs your daily rule
  BOOK      12 pos gross $308.76 (0.61x)  open $-0.68  funding $-0.04  vol 27% top 20
            rebal 2026-10-08
  CONTEXT   since 01 Oct $+1.69 (+0.34%) in 6.9d  normal -2.9% to +6.1%  top 50%: normal
  RULE      C2 N2+N3 + range vol (GK)  forward test (paper)
  TOURNEY   7d from 2026-10-01  base -0.19%  N2 -0.50%  N3 -0.31%  N2+N3 -0.52%  +K4 -0.98%
            +GK* -0.32%  +K4+GK -0.64%  +GK+DD -0.06%  +GK+XA +0.33%
  DATA      on time  prices 16s  funding booked  book today  shadow 00:00  carry today
            spot pot today
  SESSION   $+3.26 +0.65%
  CURVE     ==============+++++++++++++++++++++++++++++++++++++++++++++++++++++++++++++++
  MONTH     book guard $0.00 of $100.00 used  on marked equity  from $500.00  dial 20%
            ..........................
  RECORD    book closed 9  5W 4L  net $+1.58  fees and funding in
  FEES      book $0.01  3 taker fills this run  0.050% of $25.41 traded
  ------------------------------------------------------------------------------------------------
 
06:08:31 | 
06:08:31 | ============================================================
06:08:31 | 📊 POSITION SUMMARY (8-MIN UPDATE)
06:08:31 | 💰 Equity: $501.69 marked (the Binance book, an experiment) = cash $502.37 + open $-0.68
06:08:31 | 💵 Available: $437.75 after open P&L | Locked: $63.94
06:08:31 | 📈 Session: $+3.26 (+0.7%)
06:08:31 | 🎯 C510 Book (what trades): 12 positions, gross 0.61x, open $-0.68 | rule C2 N2+N3 + range vol (GK) | closed 9: 5W/4L $+1.58 | since 01 Oct +0.34% (normal)
06:08:31 | ============================================================
06:08:31 | ============================================================
06:08:31 | 🔵 Book guard: $0.00 of $100.00 used this month on marked equity (0%, from $500.00) · realised today +0.20% [C497]
06:08:31 | ============================================================
06:08:31 | 
 
  06:16  up 10h16m  daily book -------------------------------------------------------------------
  PLAN      $1,000.39 of $1,000.00 ($+0.39)  after tax on net profit $1,000.27
            Delta vs Pi42 funding gap $1,000.39  paper
  BELOW     experiments, not your money
  EQUITY    $501.55  unreal $-0.82
  OPEN      no intraday positions  book holds 12 (BOOK row)  free $437.61 after open P&L
  SHADOW    intraday M1 $497.92 (-0.36%)  M1g $516.07 (+3.27%)  7d paper only
  CARRY     $499.07 (-0.15%)  7 held  paper only
  SPOT      $248.98 (-0.41%)  2 held  7% invested  cash earns 6.68%  paper pot
  SAVINGS   idle $312.26 (62%)  at 6.68% +$0.40 so far  ~$1.74/month  paper
  BFUSD     wallet $501.60 at 7.66%  +$0.60 so far  ~$3.20/month  vs Savings $1.74  paper
  DELTA     $503.40 (+0.68%)  10 held  fees $0.40  funding $+0.15
            paper experiment: the book on Delta
  XVENUE    $1,000.35 (+0.04%)  10 pairs  funding $+7.48  fees $4.87  paper, Delta vs Pi42
  TESTS     every 8 h: ahead $0.01, 2 days  3-day avg: level $0.00, 2 days
            paper, vs your daily rule
  BOOK      12 pos gross $308.96 (0.62x)  open $-0.82  funding $-0.04  vol 27% top 20
            rebal 2026-10-08
  CONTEXT   since 01 Oct $+1.55 (+0.31%) in 6.9d  normal -2.9% to +6.1%  top 50%: normal
  RULE      C2 N2+N3 + range vol (GK)  forward test (paper)
  TOURNEY   7d from 2026-10-01  base -0.19%  N2 -0.50%  N3 -0.31%  N2+N3 -0.52%  +K4 -0.98%
            +GK* -0.32%  +K4+GK -0.64%  +GK+DD -0.06%  +GK+XA +0.33%
  DATA      on time  prices 11s  funding booked  book today  shadow 00:00  carry today
            spot pot today
  SESSION   $+3.12 +0.63%  peak $501.69  dd 0.03%
  CURVE     ==============++++++++++++++++++++++++++++++++++++++++++++++++++++++++++++++++
  MONTH     book guard $0.00 of $100.00 used  on marked equity  from $500.00  dial 20%
            ..........................
  RECORD    book closed 9  5W 4L  net $+1.58  fees and funding in
  FEES      book $0.01  3 taker fills this run  0.050% of $25.41 traded
  ------------------------------------------------------------------------------------------------
 
06:16:32 | 
06:16:32 | ============================================================
06:16:32 | 📊 POSITION SUMMARY (8-MIN UPDATE)
06:16:32 | 💰 Equity: $501.55 marked (the Binance book, an experiment) = cash $502.37 + open $-0.82
06:16:32 | 💵 Available: $437.61 after open P&L | Locked: $63.94
06:16:32 | 📈 Session: $+3.12 (+0.6%)
06:16:32 | 🎯 C510 Book (what trades): 12 positions, gross 0.62x, open $-0.82 | rule C2 N2+N3 + range vol (GK) | closed 9: 5W/4L $+1.58 | since 01 Oct +0.31% (normal)
06:16:32 | ============================================================
06:16:32 | ============================================================
06:16:32 | 🔵 Book guard: $0.00 of $100.00 used this month on marked equity (0%, from $500.00) · realised today +0.20% [C497]
06:16:32 | ============================================================
06:16:32 | 
 
  06:24  up 10h24m  daily book -------------------------------------------------------------------
  PLAN      $1,000.39 of $1,000.00 ($+0.39)  after tax on net profit $1,000.27
            Delta vs Pi42 funding gap $1,000.39  paper
  BELOW     experiments, not your money
  EQUITY    $501.69  unreal $-0.68
  OPEN      no intraday positions  book holds 12 (BOOK row)  free $437.75 after open P&L
  SHADOW    intraday M1 $497.92 (-0.36%)  M1g $516.07 (+3.27%)  7d paper only
  CARRY     $499.07 (-0.15%)  7 held  paper only
  SPOT      $249.03 (-0.39%)  2 held  7% invested  cash earns 6.68%  paper pot
  SAVINGS   idle $312.33 (62%)  at 6.68% +$0.40 so far  ~$1.74/month  paper
  BFUSD     wallet $501.70 at 7.66%  +$0.61 so far  ~$3.20/month  vs Savings $1.74  paper
  DELTA     $503.55 (+0.71%)  10 held  fees $0.40  funding $+0.15
            paper experiment: the book on Delta
  XVENUE    $1,000.35 (+0.04%)  10 pairs  funding $+7.48  fees $4.87  paper, Delta vs Pi42
  TESTS     every 8 h: ahead $0.01, 2 days  3-day avg: level $0.00, 2 days
            paper, vs your daily rule
  BOOK      12 pos gross $309.58 (0.62x)  open $-0.68  funding $-0.04  vol 27% top 20
            rebal 2026-10-08
  CONTEXT   since 01 Oct $+1.69 (+0.34%) in 6.9d  normal -2.9% to +6.1%  top 50%: normal
  RULE      C2 N2+N3 + range vol (GK)  forward test (paper)
  TOURNEY   7d from 2026-10-01  base -0.19%  N2 -0.50%  N3 -0.31%  N2+N3 -0.52%  +K4 -0.98%
            +GK* -0.32%  +K4+GK -0.64%  +GK+DD -0.06%  +GK+XA +0.33%
  DATA      on time  prices 5s  funding booked  book today  shadow 00:00  carry today
            spot pot today
  SESSION   $+3.26 +0.65%
  CURVE     ==============+++++++++++++++++++++++++++++++++++++++++++++++++++++++++++++++++
  MONTH     book guard $0.00 of $100.00 used  on marked equity  from $500.00  dial 20%
            ..........................
  RECORD    book closed 9  5W 4L  net $+1.58  fees and funding in
  FEES      book $0.01  3 taker fills this run  0.050% of $25.41 traded
  ------------------------------------------------------------------------------------------------
 
06:24:32 | 
06:24:32 | ============================================================
06:24:32 | 📊 POSITION SUMMARY (8-MIN UPDATE)
06:24:32 | 💰 Equity: $501.69 marked (the Binance book, an experiment) = cash $502.37 + open $-0.68
06:24:32 | 💵 Available: $437.75 after open P&L | Locked: $63.94
06:24:32 | 📈 Session: $+3.26 (+0.7%)
06:24:32 | 🎯 C510 Book (what trades): 12 positions, gross 0.62x, open $-0.68 | rule C2 N2+N3 + range vol (GK) | closed 9: 5W/4L $+1.58 | since 01 Oct +0.34% (normal)
06:24:32 | ============================================================
06:24:32 | ============================================================
06:24:32 | 🔵 Book guard: $0.00 of $100.00 used this month on marked equity (0%, from $500.00) · realised today +0.20% [C497]
06:24:32 | ============================================================
06:24:32 | 
06:32:32 |    👻 C489 shadow hour 01:00 UTC: 39 coins scored (full (16 features)), gate OPEN | M1 $496.71 (-0.60%) M1g $514.83 (+3.02%) over 7d [3s]
 
  06:32  up 10h32m  daily book -------------------------------------------------------------------
  PLAN      $1,000.21 of $1,000.00 ($+0.21)  after tax on net profit $1,000.14
            Delta vs Pi42 funding gap $1,000.21  paper
  BELOW     experiments, not your money
  EQUITY    $501.65  unreal $-0.72
  OPEN      no intraday positions  book holds 12 (BOOK row)  free $437.71 after open P&L
  SHADOW    intraday M1 $496.71 (-0.60%)  M1g $514.83 (+3.02%)  7d paper only
  CARRY     $499.07 (-0.15%)  7 held  paper only
  SPOT      $249.04 (-0.38%)  2 held  7% invested  cash earns 6.68%  paper pot
  SAVINGS   idle $312.30 (62%)  at 6.68% +$0.40 so far  ~$1.74/month  paper
  BFUSD     wallet $501.65 at 7.66%  +$0.61 so far  ~$3.20/month  vs Savings $1.74  paper
  DELTA     $503.67 (+0.73%)  10 held  fees $0.40  funding $+0.15
            paper experiment: the book on Delta
  XVENUE    $1,000.35 (+0.04%)  10 pairs  funding $+7.48  fees $4.87  paper, Delta vs Pi42
  TESTS     every 8 h: ahead $0.01, 2 days  3-day avg: level $0.00, 2 days
            paper, vs your daily rule
  BOOK      12 pos gross $309.77 (0.62x)  open $-0.72  funding $-0.04  vol 27% top 20
            rebal 2026-10-08
  CONTEXT   since 01 Oct $+1.65 (+0.33%) in 6.9d  normal -2.9% to +6.1%  top 50%: normal
  RULE      C2 N2+N3 + range vol (GK)  forward test (paper)
  TOURNEY   7d from 2026-10-01  base -0.19%  N2 -0.50%  N3 -0.31%  N2+N3 -0.52%  +K4 -0.98%
            +GK* -0.32%  +K4+GK -0.64%  +GK+DD -0.06%  +GK+XA +0.33%
  DATA      on time  prices 40s  funding booked  book today  shadow 01:00  carry today
            spot pot today
  SESSION   $+3.22 +0.65%  peak $501.69  dd 0.01%
  CURVE     ==============++++++++++++++++++++++++++++++++++++++++++++++++++++++++++++++++++
  MONTH     book guard $0.00 of $100.00 used  on marked equity  from $500.00  dial 20%
            ..........................
  RECORD    book closed 9  5W 4L  net $+1.58  fees and funding in
  FEES      book $0.01  3 taker fills this run  0.050% of $25.41 traded
  ------------------------------------------------------------------------------------------------
 
06:32:33 | 
06:32:33 | ============================================================
06:32:33 | 📊 POSITION SUMMARY (8-MIN UPDATE)
06:32:33 | 💰 Equity: $501.65 marked (the Binance book, an experiment) = cash $502.37 + open $-0.72
06:32:33 | 💵 Available: $437.71 after open P&L | Locked: $63.94
06:32:33 | 📈 Session: $+3.22 (+0.6%)
06:32:33 | 🎯 C510 Book (what trades): 12 positions, gross 0.62x, open $-0.72 | rule C2 N2+N3 + range vol (GK) | closed 9: 5W/4L $+1.58 | since 01 Oct +0.33% (normal)
06:32:33 | ============================================================
06:32:33 | ============================================================
06:32:33 | 🔵 Book guard: $0.00 of $100.00 used this month on marked equity (0%, from $500.00) · realised today +0.20% [C497]
06:32:33 | ============================================================
06:32:33 | 
 
  06:40  up 10h40m  daily book -------------------------------------------------------------------
  PLAN      $1,000.54 of $1,000.00 ($+0.54)  after tax on net profit $1,000.37
            Delta vs Pi42 funding gap $1,000.54  paper
  BELOW     experiments, not your money
  EQUITY    $501.64  unreal $-0.73
  OPEN      no intraday positions  book holds 12 (BOOK row)  free $437.70 after open P&L
  SHADOW    intraday M1 $496.71 (-0.60%)  M1g $514.83 (+3.02%)  7d paper only
  CARRY     $499.07 (-0.15%)  7 held  paper only
  SPOT      $249.08 (-0.37%)  2 held  7% invested  cash earns 6.68%  paper pot
  SAVINGS   idle $312.29 (62%)  at 6.68% +$0.40 so far  ~$1.74/month  paper
  BFUSD     wallet $501.64 at 7.66%  +$0.61 so far  ~$3.20/month  vs Savings $1.74  paper
  DELTA     $503.85 (+0.77%)  10 held  fees $0.40  funding $+0.15
            paper experiment: the book on Delta
  XVENUE    $1,000.35 (+0.04%)  10 pairs  funding $+7.48  fees $4.87  paper, Delta vs Pi42
  TESTS     every 8 h: ahead $0.01, 2 days  3-day avg: level $0.00, 2 days
            paper, vs your daily rule
  BOOK      12 pos gross $310.63 (0.62x)  open $-0.73  funding $-0.04  vol 27% top 20
            rebal 2026-10-08
  CONTEXT   since 01 Oct $+1.64 (+0.33%) in 6.9d  normal -2.9% to +6.1%  top 50%: normal
  RULE      C2 N2+N3 + range vol (GK)  forward test (paper)
  TOURNEY   7d from 2026-10-01  base -0.19%  N2 -0.50%  N3 -0.31%  N2+N3 -0.52%  +K4 -0.98%
            +GK* -0.32%  +K4+GK -0.64%  +GK+DD -0.06%  +GK+XA +0.33%
  DATA      on time  prices 31s  funding booked  book today  shadow 01:00  carry today
            spot pot today
  SESSION   $+3.21 +0.64%  peak $501.69  dd 0.01%
  CURVE     ==============+++++++++++++++++++++++++++++++++++++++++++++++++++++++++++++++++++
  MONTH     book guard $0.00 of $100.00 used  on marked equity  from $500.00  dial 20%
            ..........................
  RECORD    book closed 9  5W 4L  net $+1.58  fees and funding in
  FEES      book $0.01  3 taker fills this run  0.050% of $25.41 traded
  ------------------------------------------------------------------------------------------------
 
06:40:33 | 
06:40:33 | ============================================================
06:40:33 | 📊 POSITION SUMMARY (8-MIN UPDATE)
06:40:33 | 💰 Equity: $501.64 marked (the Binance book, an experiment) = cash $502.37 + open $-0.73
06:40:33 | 💵 Available: $437.70 after open P&L | Locked: $63.94
06:40:33 | 📈 Session: $+3.21 (+0.6%)
06:40:33 | 🎯 C510 Book (what trades): 12 positions, gross 0.62x, open $-0.73 | rule C2 N2+N3 + range vol (GK) | closed 9: 5W/4L $+1.58 | since 01 Oct +0.33% (normal)
06:40:33 | ============================================================
06:40:33 | ============================================================
06:40:33 | 🔵 Book guard: $0.00 of $100.00 used this month on marked equity (0%, from $500.00) · realised today +0.20% [C497]
06:40:33 | ============================================================
06:40:33 | 
 
  06:48  up 10h48m  daily book -------------------------------------------------------------------
  PLAN      $1,000.37 of $1,000.00 ($+0.37)  after tax on net profit $1,000.25
            Delta vs Pi42 funding gap $1,000.37  paper
  BELOW     experiments, not your money
  EQUITY    $501.88  unreal $-0.49
  OPEN      no intraday positions  book holds 12 (BOOK row)  free $437.94 after open P&L
  SHADOW    intraday M1 $496.71 (-0.60%)  M1g $514.83 (+3.02%)  7d paper only
  CARRY     $499.07 (-0.15%)  7 held  paper only
  SPOT      $249.08 (-0.37%)  2 held  7% invested  cash earns 6.68%  paper pot
  SAVINGS   idle $312.47 (62%)  at 6.68% +$0.40 so far  ~$1.74/month  paper
  BFUSD     wallet $501.88 at 7.66%  +$0.61 so far  ~$3.20/month  vs Savings $1.74  paper
  DELTA     $504.09 (+0.82%)  10 held  fees $0.40  funding $+0.15
            paper experiment: the book on Delta
  XVENUE    $1,000.35 (+0.04%)  10 pairs  funding $+7.48  fees $4.87  paper, Delta vs Pi42
  TESTS     every 8 h: ahead $0.01, 2 days  3-day avg: level $0.00, 2 days
            paper, vs your daily rule
  BOOK      12 pos gross $311.19 (0.62x)  open $-0.49  funding $-0.04  vol 27% top 20
            rebal 2026-10-08
  CONTEXT   since 01 Oct $+1.88 (+0.38%) in 6.9d  normal -2.9% to +6.1%  top 49%: normal
  RULE      C2 N2+N3 + range vol (GK)  forward test (paper)
  TOURNEY   7d from 2026-10-01  base -0.19%  N2 -0.50%  N3 -0.31%  N2+N3 -0.52%  +K4 -0.98%
            +GK* -0.32%  +K4+GK -0.64%  +GK+DD -0.06%  +GK+XA +0.33%
  DATA      on time  prices 24s  funding booked  book today  shadow 01:00  carry today
            spot pot today
  SESSION   $+3.45 +0.69%
  CURVE     ================++++++++++++++++++++++++++++++++++++++++++++++++++++++++++++++++++
  MONTH     book guard $0.00 of $100.00 used  on marked equity  from $500.00  dial 20%
            ..........................
  RECORD    book closed 9  5W 4L  net $+1.58  fees and funding in
  FEES      book $0.01  3 taker fills this run  0.050% of $25.41 traded
  ------------------------------------------------------------------------------------------------
 
06:48:34 | 
06:48:34 | ============================================================
06:48:34 | 📊 POSITION SUMMARY (8-MIN UPDATE)
06:48:34 | 💰 Equity: $501.88 marked (the Binance book, an experiment) = cash $502.37 + open $-0.49
06:48:34 | 💵 Available: $437.94 after open P&L | Locked: $63.94
06:48:34 | 📈 Session: $+3.45 (+0.7%)
06:48:34 | 🎯 C510 Book (what trades): 12 positions, gross 0.62x, open $-0.49 | rule C2 N2+N3 + range vol (GK) | closed 9: 5W/4L $+1.58 | since 01 Oct +0.38% (normal)
06:48:34 | ============================================================
06:48:34 | ============================================================
06:48:34 | 🔵 Book guard: $0.00 of $100.00 used this month on marked equity (0%, from $500.00) · realised today +0.20% [C497]
06:48:34 | ============================================================
06:48:34 | 
 
  06:56  up 10h56m  daily book -------------------------------------------------------------------
  PLAN      $1,000.58 of $1,000.00 ($+0.58)  after tax on net profit $1,000.40
            Delta vs Pi42 funding gap $1,000.58  paper
  BELOW     experiments, not your money
  EQUITY    $501.54  unreal $-0.83
  OPEN      no intraday positions  book holds 12 (BOOK row)  free $437.60 after open P&L
  SHADOW    intraday M1 $496.71 (-0.60%)  M1g $514.83 (+3.02%)  7d paper only
  CARRY     $499.07 (-0.15%)  7 held  paper only
  SPOT      $249.03 (-0.39%)  2 held  7% invested  cash earns 6.68%  paper pot
  SAVINGS   idle $312.22 (62%)  at 6.68% +$0.40 so far  ~$1.74/month  paper
  BFUSD     wallet $501.54 at 7.66%  +$0.61 so far  ~$3.20/month  vs Savings $1.74  paper
  DELTA     $503.54 (+0.71%)  10 held  fees $0.40  funding $+0.15
            paper experiment: the book on Delta
  XVENUE    $1,000.35 (+0.04%)  10 pairs  funding $+7.48  fees $4.87  paper, Delta vs Pi42
  TESTS     every 8 h: ahead $0.01, 2 days  3-day avg: level $0.00, 2 days
            paper, vs your daily rule
  BOOK      12 pos gross $309.73 (0.62x)  open $-0.83  funding $-0.04  vol 27% top 20
            rebal 2026-10-08
  CONTEXT   since 01 Oct $+1.54 (+0.31%) in 6.9d  normal -2.9% to +6.1%  top 50%: normal
  RULE      C2 N2+N3 + range vol (GK)  forward test (paper)
  TOURNEY   7d from 2026-10-01  base -0.19%  N2 -0.50%  N3 -0.31%  N2+N3 -0.52%  +K4 -0.98%
            +GK* -0.32%  +K4+GK -0.64%  +GK+DD -0.06%  +GK+XA +0.33%
  DATA      on time  prices 18s  funding booked  book today  shadow 01:00  carry today
            spot pot today
  SESSION   $+3.11 +0.62%  peak $501.88  dd 0.07%
  CURVE     ================+++++++++++++++++++++++++++++++++++++++++++++++++++++++++++++++++++
  MONTH     book guard $0.00 of $100.00 used  on marked equity  from $500.00  dial 20%
            ..........................
  RECORD    book closed 9  5W 4L  net $+1.58  fees and funding in
  FEES      book $0.01  3 taker fills this run  0.050% of $25.41 traded
  ------------------------------------------------------------------------------------------------
 
06:56:34 | 
06:56:34 | ============================================================
06:56:34 | 📊 POSITION SUMMARY (8-MIN UPDATE)
06:56:34 | 💰 Equity: $501.54 marked (the Binance book, an experiment) = cash $502.37 + open $-0.83
06:56:34 | 💵 Available: $437.60 after open P&L | Locked: $63.94
06:56:34 | 📈 Session: $+3.11 (+0.6%)
06:56:34 | 🎯 C510 Book (what trades): 12 positions, gross 0.62x, open $-0.83 | rule C2 N2+N3 + range vol (GK) | closed 9: 5W/4L $+1.58 | since 01 Oct +0.31% (normal)
06:56:34 | ============================================================
06:56:34 | ============================================================
06:56:34 | 🔵 Book guard: $0.00 of $100.00 used this month on marked equity (0%, from $500.00) · realised today +0.20% [C497]
06:56:34 | ============================================================
06:56:34 | 
 
  07:04  up 11h04m  daily book -------------------------------------------------------------------
  PLAN      $1,000.83 of $1,000.00 ($+0.83)  after tax on net profit $1,000.57
            Delta vs Pi42 funding gap $1,000.83  paper
  BELOW     experiments, not your money
  EQUITY    $501.69  unreal $-0.68
  OPEN      no intraday positions  book holds 12 (BOOK row)  free $437.75 after open P&L
  SHADOW    intraday M1 $496.71 (-0.60%)  M1g $514.83 (+3.02%)  7d paper only
  CARRY     $499.07 (-0.15%)  7 held  paper only
  SPOT      $249.06 (-0.37%)  2 held  7% invested  cash earns 6.68%  paper pot
  SAVINGS   idle $312.35 (62%)  at 6.68% +$0.40 so far  ~$1.74/month  paper
  BFUSD     wallet $501.72 at 7.66%  +$0.61 so far  ~$3.20/month  vs Savings $1.74  paper
  DELTA     $503.67 (+0.73%)  10 held  fees $0.40  funding $+0.15
            paper experiment: the book on Delta
  XVENUE    $1,000.35 (+0.04%)  10 pairs  funding $+7.48  fees $4.87  paper, Delta vs Pi42
  TESTS     every 8 h: ahead $0.01, 2 days  3-day avg: level $0.00, 2 days
            paper, vs your daily rule
  BOOK      12 pos gross $310.36 (0.62x)  open $-0.68  funding $-0.04  vol 27% top 20
            rebal 2026-10-08
  CONTEXT   since 01 Oct $+1.69 (+0.34%) in 6.9d  normal -2.9% to +6.1%  top 50%: normal
  RULE      C2 N2+N3 + range vol (GK)  forward test (paper)
  TOURNEY   7d from 2026-10-01  base -0.19%  N2 -0.50%  N3 -0.31%  N2+N3 -0.52%  +K4 -0.98%
            +GK* -0.32%  +K4+GK -0.64%  +GK+DD -0.06%  +GK+XA +0.33%
  DATA      on time  prices 11s  funding booked  book today  shadow 01:00  carry today
            spot pot today
  SESSION   $+3.26 +0.65%  peak $501.88  dd 0.04%
  CURVE     ================++++++++++++++++++++++++++++++++++++++++++++++++++++++++++++++++++++
  MONTH     book guard $0.00 of $100.00 used  on marked equity  from $500.00  dial 20%
            ..........................
  RECORD    book closed 9  5W 4L  net $+1.58  fees and funding in
  FEES      book $0.01  3 taker fills this run  0.050% of $25.41 traded
  ------------------------------------------------------------------------------------------------
 
07:04:35 | 
07:04:35 | ============================================================
07:04:35 | 📊 POSITION SUMMARY (8-MIN UPDATE)
07:04:35 | 💰 Equity: $501.69 marked (the Binance book, an experiment) = cash $502.37 + open $-0.68
07:04:35 | 💵 Available: $437.75 after open P&L | Locked: $63.94
07:04:35 | 📈 Session: $+3.26 (+0.7%)
07:04:35 | 🎯 C510 Book (what trades): 12 positions, gross 0.62x, open $-0.68 | rule C2 N2+N3 + range vol (GK) | closed 9: 5W/4L $+1.58 | since 01 Oct +0.34% (normal)
07:04:35 | ============================================================
07:04:35 | ============================================================
07:04:35 | 🔵 Book guard: $0.00 of $100.00 used this month on marked equity (0%, from $500.00) · realised today +0.20% [C497]
07:04:35 | ============================================================
07:04:35 | 
 
  07:12  up 11h12m  daily book -------------------------------------------------------------------
  PLAN      $1,000.48 of $1,000.00 ($+0.48)  after tax on net profit $1,000.33
            Delta vs Pi42 funding gap $1,000.48  paper
  BELOW     experiments, not your money
  EQUITY    $501.43  unreal $-0.94
  OPEN      no intraday positions  book holds 12 (BOOK row)  free $437.49 after open P&L
  SHADOW    intraday M1 $496.71 (-0.60%)  M1g $514.83 (+3.02%)  7d paper only
  CARRY     $499.07 (-0.15%)  7 held  paper only
  SPOT      $249.02 (-0.39%)  2 held  7% invested  cash earns 6.68%  paper pot
  SAVINGS   idle $312.16 (62%)  at 6.68% +$0.40 so far  ~$1.74/month  paper
  BFUSD     wallet $501.47 at 7.66%  +$0.61 so far  ~$3.20/month  vs Savings $1.74  paper
  DELTA     $503.56 (+0.71%)  10 held  fees $0.40  funding $+0.15
            paper experiment: the book on Delta
  XVENUE    $1,000.35 (+0.04%)  10 pairs  funding $+7.48  fees $4.87  paper, Delta vs Pi42
  TESTS     every 8 h: ahead $0.01, 2 days  3-day avg: level $0.00, 2 days
            paper, vs your daily rule
  BOOK      12 pos gross $309.59 (0.62x)  open $-0.94  funding $-0.04  vol 27% top 20
            rebal 2026-10-08
  CONTEXT   since 01 Oct $+1.43 (+0.29%) in 6.9d  normal -2.9% to +6.1%  bottom 50%: normal
  RULE      C2 N2+N3 + range vol (GK)  forward test (paper)
  TOURNEY   7d from 2026-10-01  base -0.19%  N2 -0.50%  N3 -0.31%  N2+N3 -0.52%  +K4 -0.98%
            +GK* -0.32%  +K4+GK -0.64%  +GK+DD -0.06%  +GK+XA +0.33%
  DATA      on time  prices 4s  funding booked  book today  shadow 01:00  carry today
            spot pot today
  SESSION   $+3.00 +0.60%  peak $501.88  dd 0.09%
  CURVE     ================+++++++++++++++++++++++++++++++++++++++++++++++++++++++++++++++++++++
  MONTH     book guard $0.00 of $100.00 used  on marked equity  from $500.00  dial 20%
            ..........................
  RECORD    book closed 9  5W 4L  net $+1.58  fees and funding in
  FEES      book $0.01  3 taker fills this run  0.050% of $25.41 traded
  ------------------------------------------------------------------------------------------------
 
07:12:35 | 
07:12:35 | ============================================================
07:12:35 | 📊 POSITION SUMMARY (8-MIN UPDATE)
07:12:35 | 💰 Equity: $501.43 marked (the Binance book, an experiment) = cash $502.37 + open $-0.94
07:12:35 | 💵 Available: $437.49 after open P&L | Locked: $63.94
07:12:35 | 📈 Session: $+3.00 (+0.6%)
07:12:35 | 🎯 C510 Book (what trades): 12 positions, gross 0.62x, open $-0.94 | rule C2 N2+N3 + range vol (GK) | closed 9: 5W/4L $+1.58 | since 01 Oct +0.29% (normal)
07:12:35 | ============================================================
07:12:35 | ============================================================
07:12:35 | 🔵 Book guard: $0.00 of $100.00 used this month on marked equity (0%, from $500.00) · realised today +0.20% [C497]
07:12:35 | ============================================================
07:12:35 | 
 
  07:20  up 11h20m  daily book -------------------------------------------------------------------
  PLAN      $1,000.47 of $1,000.00 ($+0.47)  after tax on net profit $1,000.32
            Delta vs Pi42 funding gap $1,000.47  paper
  BELOW     experiments, not your money
  EQUITY    $501.36  unreal $-1.01
  OPEN      no intraday positions  book holds 12 (BOOK row)  free $437.42 after open P&L
  SHADOW    intraday M1 $496.71 (-0.60%)  M1g $514.83 (+3.02%)  7d paper only
  CARRY     $499.07 (-0.15%)  7 held  paper only
  SPOT      $249.01 (-0.39%)  2 held  7% invested  cash earns 6.68%  paper pot
  SAVINGS   idle $312.08 (62%)  at 6.68% +$0.40 so far  ~$1.74/month  paper
  BFUSD     wallet $501.36 at 7.66%  +$0.61 so far  ~$3.20/month  vs Savings $1.74  paper
  DELTA     $503.22 (+0.64%)  10 held  fees $0.40  funding $+0.15
            paper experiment: the book on Delta
  XVENUE    $1,000.35 (+0.04%)  10 pairs  funding $+7.48  fees $4.87  paper, Delta vs Pi42
  TESTS     every 8 h: ahead $0.01, 2 days  3-day avg: level $0.00, 2 days
            paper, vs your daily rule
  BOOK      12 pos gross $309.46 (0.62x)  open $-1.01  funding $-0.04  vol 27% top 20
            rebal 2026-10-08
  CONTEXT   since 01 Oct $+1.36 (+0.27%) in 6.9d  normal -2.9% to +6.1%  bottom 50%: normal
  RULE      C2 N2+N3 + range vol (GK)  forward test (paper)
  TOURNEY   7d from 2026-10-01  base -0.19%  N2 -0.50%  N3 -0.31%  N2+N3 -0.52%  +K4 -0.98%
            +GK* -0.32%  +K4+GK -0.64%  +GK+DD -0.06%  +GK+XA +0.33%
  DATA      on time  prices 37s  funding booked  book today  shadow 01:00  carry today
            spot pot today
  SESSION   $+2.93 +0.59%  peak $501.88  dd 0.10%
  CURVE     ================++++++++++++++++++++++++++++++++++++++++++++++++++++++++++++++++++++++
  MONTH     book guard $0.00 of $100.00 used  on marked equity  from $500.00  dial 20%
            ..........................
  RECORD    book closed 9  5W 4L  net $+1.58  fees and funding in
  FEES      book $0.01  3 taker fills this run  0.050% of $25.41 traded
  ------------------------------------------------------------------------------------------------
 
07:20:35 | 
07:20:35 | ============================================================
07:20:35 | 📊 POSITION SUMMARY (8-MIN UPDATE)
07:20:35 | 💰 Equity: $501.36 marked (the Binance book, an experiment) = cash $502.37 + open $-1.01
07:20:35 | 💵 Available: $437.42 after open P&L | Locked: $63.94
07:20:35 | 📈 Session: $+2.93 (+0.6%)
07:20:35 | 🎯 C510 Book (what trades): 12 positions, gross 0.62x, open $-1.01 | rule C2 N2+N3 + range vol (GK) | closed 9: 5W/4L $+1.58 | since 01 Oct +0.27% (normal)
07:20:35 | ============================================================
07:20:35 | ============================================================
07:20:35 | 🔵 Book guard: $0.00 of $100.00 used this month on marked equity (0%, from $500.00) · realised today +0.20% [C497]
07:20:35 | ============================================================
07:20:35 | 
 
  07:28  up 11h28m  daily book -------------------------------------------------------------------
  PLAN      $1,000.50 of $1,000.00 ($+0.50)  after tax on net profit $1,000.34
            Delta vs Pi42 funding gap $1,000.50  paper
  BELOW     experiments, not your money
  EQUITY    $500.98  unreal $-1.39
  OPEN      no intraday positions  book holds 12 (BOOK row)  free $437.04 after open P&L
  SHADOW    intraday M1 $496.71 (-0.60%)  M1g $514.83 (+3.02%)  7d paper only
  CARRY     $499.07 (-0.15%)  7 held  paper only
  SPOT      $248.97 (-0.41%)  2 held  7% invested  cash earns 6.68%  paper pot
  SAVINGS   idle $311.79 (62%)  at 6.68% +$0.40 so far  ~$1.74/month  paper
  BFUSD     wallet $500.98 at 7.66%  +$0.61 so far  ~$3.20/month  vs Savings $1.74  paper
  DELTA     $503.01 (+0.60%)  10 held  fees $0.40  funding $+0.15
            paper experiment: the book on Delta
  XVENUE    $1,000.35 (+0.04%)  10 pairs  funding $+7.48  fees $4.87  paper, Delta vs Pi42
  TESTS     every 8 h: ahead $0.01, 2 days  3-day avg: level $0.00, 2 days
            paper, vs your daily rule
  BOOK      12 pos gross $308.29 (0.61x)  open $-1.39  funding $-0.04  vol 27% top 20
            rebal 2026-10-08
  CONTEXT   since 01 Oct $+0.98 (+0.20%) in 6.9d  normal -2.9% to +6.1%  bottom 48%: normal
  RULE      C2 N2+N3 + range vol (GK)  forward test (paper)
  TOURNEY   7d from 2026-10-01  base -0.19%  N2 -0.50%  N3 -0.31%  N2+N3 -0.52%  +K4 -0.98%
            +GK* -0.32%  +K4+GK -0.64%  +GK+DD -0.06%  +GK+XA +0.33%
  DATA      on time  prices 30s  funding booked  book today  shadow 01:00  carry today
            spot pot today
  SESSION   $+2.55 +0.51%  peak $501.88  dd 0.18%
  CURVE     ================++++++++++++++++++++++++++++++++++++++++++++++++++++++++++++++++++++++
  MONTH     book guard $0.00 of $100.00 used  on marked equity  from $500.00  dial 20%
            ..........................
  RECORD    book closed 9  5W 4L  net $+1.58  fees and funding in
  FEES      book $0.01  3 taker fills this run  0.050% of $25.41 traded
  ------------------------------------------------------------------------------------------------
 
07:28:36 | 
07:28:36 | ============================================================
07:28:36 | 📊 POSITION SUMMARY (8-MIN UPDATE)
07:28:36 | 💰 Equity: $500.98 marked (the Binance book, an experiment) = cash $502.37 + open $-1.39
07:28:36 | 💵 Available: $437.04 after open P&L | Locked: $63.94
07:28:36 | 📈 Session: $+2.55 (+0.5%)
07:28:36 | 🎯 C510 Book (what trades): 12 positions, gross 0.61x, open $-1.39 | rule C2 N2+N3 + range vol (GK) | closed 9: 5W/4L $+1.58 | since 01 Oct +0.20% (normal)
07:28:36 | ============================================================
07:28:36 | ============================================================
07:28:36 | 🔵 Book guard: $0.00 of $100.00 used this month on marked equity (0%, from $500.00) · realised today +0.20% [C497]
07:28:36 | ============================================================
07:28:36 | 
07:32:23 |    👻 C489 shadow hour 02:00 UTC: 39 coins scored (full (16 features)), gate OPEN | M1 $497.06 (-0.53%) M1g $515.18 (+3.09%) over 7d [3s]
 
  07:36  up 11h36m  daily book -------------------------------------------------------------------
  PLAN      $1,000.52 of $1,000.00 ($+0.52)  after tax on net profit $1,000.36
            Delta vs Pi42 funding gap $1,000.52  paper
  BELOW     experiments, not your money
  EQUITY    $501.36  unreal $-1.01
  OPEN      no intraday positions  book holds 12 (BOOK row)  free $437.42 after open P&L
  SHADOW    intraday M1 $497.06 (-0.53%)  M1g $515.18 (+3.09%)  7d paper only
  CARRY     $499.07 (-0.15%)  7 held  paper only
  SPOT      $249.00 (-0.40%)  2 held  7% invested  cash earns 6.68%  paper pot
  SAVINGS   idle $312.06 (62%)  at 6.68% +$0.40 so far  ~$1.74/month  paper
  BFUSD     wallet $501.33 at 7.66%  +$0.61 so far  ~$3.20/month  vs Savings $1.74  paper
  DELTA     $503.24 (+0.65%)  10 held  fees $0.40  funding $+0.15
            paper experiment: the book on Delta
  XVENUE    $1,000.35 (+0.04%)  10 pairs  funding $+7.48  fees $4.87  paper, Delta vs Pi42
  TESTS     every 8 h: ahead $0.01, 2 days  3-day avg: level $0.00, 2 days
            paper, vs your daily rule
  BOOK      12 pos gross $308.58 (0.61x)  open $-1.01  funding $-0.04  vol 27% top 20
            rebal 2026-10-08
  CONTEXT   since 01 Oct $+1.36 (+0.27%) in 6.9d  normal -2.9% to +6.1%  bottom 50%: normal
  RULE      C2 N2+N3 + range vol (GK)  forward test (paper)
  TOURNEY   7d from 2026-10-01  base -0.19%  N2 -0.50%  N3 -0.31%  N2+N3 -0.52%  +K4 -0.98%
            +GK* -0.32%  +K4+GK -0.64%  +GK+DD -0.06%  +GK+XA +0.33%
  DATA      on time  prices 22s  funding booked  book today  shadow 02:00  carry today
            spot pot today
  SESSION   $+2.93 +0.59%  peak $501.88  dd 0.10%
  CURVE     ================++++++++++++++++++++++++++++++++++++++++++++++++++++++++++++++++++++++
  MONTH     book guard $0.00 of $100.00 used  on marked equity  from $500.00  dial 20%
            ..........................
  RECORD    book closed 9  5W 4L  net $+1.58  fees and funding in
  FEES      book $0.01  3 taker fills this run  0.050% of $25.41 traded
  ------------------------------------------------------------------------------------------------
 
07:36:36 | 
07:36:36 | ============================================================
07:36:36 | 📊 POSITION SUMMARY (8-MIN UPDATE)
07:36:36 | 💰 Equity: $501.36 marked (the Binance book, an experiment) = cash $502.37 + open $-1.01
07:36:36 | 💵 Available: $437.42 after open P&L | Locked: $63.94
07:36:36 | 📈 Session: $+2.93 (+0.6%)
07:36:36 | 🎯 C510 Book (what trades): 12 positions, gross 0.61x, open $-1.01 | rule C2 N2+N3 + range vol (GK) | closed 9: 5W/4L $+1.58 | since 01 Oct +0.27% (normal)
07:36:36 | ============================================================
07:36:36 | ============================================================
07:36:36 | 🔵 Book guard: $0.00 of $100.00 used this month on marked equity (0%, from $500.00) · realised today +0.20% [C497]
07:36:36 | ============================================================
07:36:36 | 
 
  07:44  up 11h44m  daily book -------------------------------------------------------------------
  PLAN      $1,000.55 of $1,000.00 ($+0.55)  after tax on net profit $1,000.38
            Delta vs Pi42 funding gap $1,000.55  paper
  BELOW     experiments, not your money
  EQUITY    $501.35  unreal $-1.02
  OPEN      no intraday positions  book holds 12 (BOOK row)  free $437.41 after open P&L
  SHADOW    intraday M1 $497.06 (-0.53%)  M1g $515.18 (+3.09%)  7d paper only
  CARRY     $499.07 (-0.15%)  7 held  paper only
  SPOT      $248.98 (-0.41%)  2 held  7% invested  cash earns 6.68%  paper pot
  SAVINGS   idle $312.12 (62%)  at 6.68% +$0.40 so far  ~$1.74/month  paper
  BFUSD     wallet $501.41 at 7.66%  +$0.61 so far  ~$3.20/month  vs Savings $1.74  paper
  DELTA     $503.15 (+0.63%)  10 held  fees $0.40  funding $+0.15
            paper experiment: the book on Delta
  XVENUE    $1,000.35 (+0.04%)  10 pairs  funding $+7.48  fees $4.87  paper, Delta vs Pi42
  TESTS     every 8 h: ahead $0.01, 2 days  3-day avg: level $0.00, 2 days
            paper, vs your daily rule
  BOOK      12 pos gross $308.34 (0.61x)  open $-1.02  funding $-0.04  vol 27% top 20
            rebal 2026-10-08
  CONTEXT   since 01 Oct $+1.35 (+0.27%) in 6.9d  normal -2.9% to +6.1%  bottom 50%: normal
  RULE      C2 N2+N3 + range vol (GK)  forward test (paper)
  TOURNEY   7d from 2026-10-01  base -0.19%  N2 -0.50%  N3 -0.31%  N2+N3 -0.52%  +K4 -0.98%
            +GK* -0.32%  +K4+GK -0.64%  +GK+DD -0.06%  +GK+XA +0.33%
  DATA      on time  prices 15s  funding booked  book today  shadow 02:00  carry today
            spot pot today
  SESSION   $+2.92 +0.59%  peak $501.88  dd 0.11%
  CURVE     ===============+++++++++++++++++++++++++++++++++++++++++++++++++++++++++++++++++++++++
  MONTH     book guard $0.00 of $100.00 used  on marked equity  from $500.00  dial 20%
            ..........................
  RECORD    book closed 9  5W 4L  net $+1.58  fees and funding in
  FEES      book $0.01  3 taker fills this run  0.050% of $25.41 traded
  ------------------------------------------------------------------------------------------------
 
07:44:36 | 
07:44:36 | ============================================================
07:44:36 | 📊 POSITION SUMMARY (8-MIN UPDATE)
07:44:36 | 💰 Equity: $501.35 marked (the Binance book, an experiment) = cash $502.37 + open $-1.02
07:44:36 | 💵 Available: $437.41 after open P&L | Locked: $63.94
07:44:36 | 📈 Session: $+2.92 (+0.6%)
07:44:36 | 🎯 C510 Book (what trades): 12 positions, gross 0.61x, open $-1.02 | rule C2 N2+N3 + range vol (GK) | closed 9: 5W/4L $+1.58 | since 01 Oct +0.27% (normal)
07:44:36 | ============================================================
07:44:36 | ============================================================
07:44:36 | 🔵 Book guard: $0.00 of $100.00 used this month on marked equity (0%, from $500.00) · realised today +0.20% [C497]
07:44:36 | ============================================================
07:44:36 | 
 
  07:52  up 11h52m  daily book -------------------------------------------------------------------
  PLAN      $1,000.48 of $1,000.00 ($+0.48)  after tax on net profit $1,000.33
            Delta vs Pi42 funding gap $1,000.48  paper
  BELOW     experiments, not your money
  EQUITY    $501.86  unreal $-0.51
  OPEN      no intraday positions  book holds 12 (BOOK row)  free $437.92 after open P&L
  SHADOW    intraday M1 $497.06 (-0.53%)  M1g $515.18 (+3.09%)  7d paper only
  CARRY     $499.07 (-0.15%)  7 held  paper only
  SPOT      $248.99 (-0.41%)  2 held  7% invested  cash earns 6.68%  paper pot
  SAVINGS   idle $312.39 (62%)  at 6.68% +$0.40 so far  ~$1.74/month  paper
  BFUSD     wallet $501.77 at 7.66%  +$0.61 so far  ~$3.20/month  vs Savings $1.74  paper
  DELTA     $503.40 (+0.68%)  10 held  fees $0.40  funding $+0.15
            paper experiment: the book on Delta
  XVENUE    $1,000.35 (+0.04%)  10 pairs  funding $+7.48  fees $4.87  paper, Delta vs Pi42
  TESTS     every 8 h: ahead $0.01, 2 days  3-day avg: level $0.00, 2 days
            paper, vs your daily rule
  BOOK      12 pos gross $308.56 (0.61x)  open $-0.52  funding $-0.04  vol 27% top 20
            rebal 2026-10-08
  CONTEXT   since 01 Oct $+1.86 (+0.37%) in 6.9d  normal -2.9% to +6.1%  top 49%: normal
  RULE      C2 N2+N3 + range vol (GK)  forward test (paper)
  TOURNEY   7d from 2026-10-01  base -0.19%  N2 -0.50%  N3 -0.31%  N2+N3 -0.52%  +K4 -0.98%
            +GK* -0.32%  +K4+GK -0.64%  +GK+DD -0.06%  +GK+XA +0.33%
  DATA      on time  prices 8s  funding booked  book today  shadow 02:00  carry today
            spot pot today
  SESSION   $+3.43 +0.69%  peak $501.88
  CURVE     ===============+++++++++++++++++++++++++++++++++++++++++++++++++++++++++++++++++++++++
  MONTH     book guard $0.00 of $100.00 used  on marked equity  from $500.00  dial 20%
            ..........................
  RECORD    book closed 9  5W 4L  net $+1.58  fees and funding in
  FEES      book $0.01  3 taker fills this run  0.050% of $25.41 traded
  ------------------------------------------------------------------------------------------------
 
07:52:36 | 
07:52:36 | ============================================================
07:52:36 | 📊 POSITION SUMMARY (8-MIN UPDATE)
07:52:36 | 💰 Equity: $501.86 marked (the Binance book, an experiment) = cash $502.37 + open $-0.51
07:52:36 | 💵 Available: $437.92 after open P&L | Locked: $63.94
07:52:36 | 📈 Session: $+3.43 (+0.7%)
07:52:36 | 🎯 C510 Book (what trades): 12 positions, gross 0.61x, open $-0.52 | rule C2 N2+N3 + range vol (GK) | closed 9: 5W/4L $+1.58 | since 01 Oct +0.37% (normal)
07:52:36 | ============================================================
07:52:36 | ============================================================
07:52:36 | 🔵 Book guard: $0.00 of $100.00 used this month on marked equity (0%, from $500.00) · realised today +0.20% [C497]
07:52:36 | ============================================================
07:52:36 | 
 
  08:00  up 12h00m  daily book -------------------------------------------------------------------
  PLAN      $1,000.25 of $1,000.00 ($+0.25)  after tax on net profit $1,000.17
            Delta vs Pi42 funding gap $1,000.25  paper
  BELOW     experiments, not your money
  EQUITY    $502.04  unreal $-0.33
  OPEN      no intraday positions  book holds 12 (BOOK row)  free $438.10 after open P&L
  SHADOW    intraday M1 $497.06 (-0.53%)  M1g $515.18 (+3.09%)  7d paper only
  CARRY     $499.07 (-0.15%)  7 held  paper only
  SPOT      $249.03 (-0.39%)  2 held  7% invested  cash earns 6.68%  paper pot
  SAVINGS   idle $312.63 (62%)  at 6.68% +$0.40 so far  ~$1.74/month  paper
  BFUSD     wallet $502.10 at 7.66%  +$0.61 so far  ~$3.21/month  vs Savings $1.74  paper
  DELTA     $503.90 (+0.78%)  10 held  fees $0.40  funding $+0.15
            paper experiment: the book on Delta
  XVENUE    $1,000.35 (+0.04%)  10 pairs  funding $+7.48  fees $4.87  paper, Delta vs Pi42
  TESTS     every 8 h: ahead $0.01, 2 days  3-day avg: level $0.00, 2 days
            paper, vs your daily rule
  BOOK      12 pos gross $309.17 (0.62x)  open $-0.33  funding $-0.04  vol 27% top 20
            rebal 2026-10-08
  CONTEXT   since 01 Oct $+2.04 (+0.41%) in 7.0d  normal -2.9% to +6.1%  top 49%: normal
  RULE      C2 N2+N3 + range vol (GK)  forward test (paper)
  TOURNEY   7d from 2026-10-01  base -0.19%  N2 -0.50%  N3 -0.31%  N2+N3 -0.52%  +K4 -0.98%
            +GK* -0.32%  +K4+GK -0.64%  +GK+DD -0.06%  +GK+XA +0.33%
  DATA      on time  prices 2s  funding booked  book today  shadow 02:00  carry today
            spot pot today
  SESSION   $+3.61 +0.73%
  CURVE     ================++++++++++++++++++++++++++++++++++++++++++++++++++++++++++++++++++++++
  MONTH     book guard $0.00 of $100.00 used  on marked equity  from $500.00  dial 20%
            ..........................
  RECORD    book closed 9  5W 4L  net $+1.58  fees and funding in
  FEES      book $0.01  3 taker fills this run  0.050% of $25.41 traded
  ------------------------------------------------------------------------------------------------
 
08:00:37 | 
08:00:37 | ============================================================
08:00:37 | 📊 POSITION SUMMARY (8-MIN UPDATE)
08:00:37 | 💰 Equity: $502.04 marked (the Binance book, an experiment) = cash $502.37 + open $-0.33
08:00:37 | 💵 Available: $438.10 after open P&L | Locked: $63.94
08:00:37 | 📈 Session: $+3.61 (+0.7%)
08:00:37 | 🎯 C510 Book (what trades): 12 positions, gross 0.62x, open $-0.33 | rule C2 N2+N3 + range vol (GK) | closed 9: 5W/4L $+1.58 | since 01 Oct +0.41% (normal)
08:00:37 | ============================================================
08:00:37 | ============================================================
08:00:37 | 🔵 Book guard: $0.00 of $100.00 used this month on marked equity (0%, from $500.00) · realised today +0.20% [C497]
08:00:37 | ============================================================
08:00:37 | 
08:00:54 |    🏦 C527 Binance Flexible Savings USDT: 6.56% = 2.56% market + 4.00% on the first 1,000 USDT (read every 6 h)
 
  08:08  up 12h08m  daily book -------------------------------------------------------------------
  PLAN      $1,000.28 of $1,000.00 ($+0.28)  after tax on net profit $1,000.19
            Delta vs Pi42 funding gap $1,000.28  paper
  BELOW     experiments, not your money
  EQUITY    $502.13  unreal $-0.24
  OPEN      no intraday positions  book holds 12 (BOOK row)  free $438.19 after open P&L
  SHADOW    intraday M1 $497.06 (-0.53%)  M1g $515.18 (+3.09%)  7d paper only
  CARRY     $499.07 (-0.15%)  7 held  paper only
  SPOT      $249.04 (-0.38%)  2 held  7% invested  cash earns 6.56%  paper pot
  SAVINGS   idle $312.61 (62%)  at 6.56% +$0.40 so far  ~$1.71/month  paper
  BFUSD     wallet $502.07 at 7.66%  +$0.61 so far  ~$3.20/month  vs Savings $1.71  paper
  DELTA     $503.79 (+0.76%)  10 held  fees $0.40  funding $+0.15
            paper experiment: the book on Delta
  XVENUE    $1,000.35 (+0.04%)  10 pairs  funding $+7.48  fees $4.87  paper, Delta vs Pi42
  TESTS     every 8 h: ahead $0.01, 2 days  3-day avg: level $0.00, 2 days
            paper, vs your daily rule
  BOOK      12 pos gross $309.42 (0.62x)  open $-0.24  funding $-0.04  vol 27% top 20
            rebal 2026-10-08
  CONTEXT   since 01 Oct $+2.13 (+0.43%) in 7.0d  normal -2.9% to +6.2%  top 49%: normal
  RULE      C2 N2+N3 + range vol (GK)  forward test (paper)
  TOURNEY   7d from 2026-10-01  base -0.19%  N2 -0.50%  N3 -0.31%  N2+N3 -0.52%  +K4 -0.98%
            +GK* -0.32%  +K4+GK -0.64%  +GK+DD -0.06%  +GK+XA +0.33%
  DATA      on time  prices 36s  funding booked  book today  shadow 02:00  carry today
            spot pot today
  SESSION   $+3.70 +0.74%
  CURVE     ================++++++++++++++++++++++++++++++++++++++++++++++++++++++++++++++++++++++
  MONTH     book guard $0.00 of $100.00 used  on marked equity  from $500.00  dial 20%
            ..........................
  RECORD    book closed 9  5W 4L  net $+1.58  fees and funding in
  FEES      book $0.01  3 taker fills this run  0.050% of $25.41 traded
  ------------------------------------------------------------------------------------------------
 
08:08:37 | 
08:08:37 | ============================================================
08:08:37 | 📊 POSITION SUMMARY (8-MIN UPDATE)
08:08:37 | 💰 Equity: $502.13 marked (the Binance book, an experiment) = cash $502.37 + open $-0.24
08:08:37 | 💵 Available: $438.19 after open P&L | Locked: $63.94
08:08:37 | 📈 Session: $+3.70 (+0.7%)
08:08:37 | 🎯 C510 Book (what trades): 12 positions, gross 0.62x, open $-0.24 | rule C2 N2+N3 + range vol (GK) | closed 9: 5W/4L $+1.58 | since 01 Oct +0.43% (normal)
08:08:37 | ============================================================
08:08:37 | ============================================================
08:08:37 | 🔵 Book guard: $0.00 of $100.00 used this month on marked equity (0%, from $500.00) · realised today +0.20% [C497]
08:08:37 | ============================================================
08:08:37 | 
 
  08:16  up 12h16m  daily book -------------------------------------------------------------------
  PLAN      $1,000.35 of $1,000.00 ($+0.35)  after tax on net profit $1,000.24
            Delta vs Pi42 funding gap $1,000.35  paper
  BELOW     experiments, not your money
  EQUITY    $502.27  unreal $-0.10
  OPEN      no intraday positions  book holds 12 (BOOK row)  free $438.33 after open P&L
  SHADOW    intraday M1 $497.06 (-0.53%)  M1g $515.18 (+3.09%)  7d paper only
  CARRY     $499.07 (-0.15%)  7 held  paper only
  SPOT      $249.06 (-0.38%)  2 held  7% invested  cash earns 6.56%  paper pot
  SAVINGS   idle $312.68 (62%)  at 6.56% +$0.40 so far  ~$1.71/month  paper
  BFUSD     wallet $502.16 at 7.66%  +$0.61 so far  ~$3.21/month  vs Savings $1.71  paper
  DELTA     $503.89 (+0.78%)  10 held  fees $0.40  funding $+0.15
            paper experiment: the book on Delta
  XVENUE    $1,000.35 (+0.04%)  10 pairs  funding $+7.48  fees $4.87  paper, Delta vs Pi42
  TESTS     every 8 h: ahead $0.01, 2 days  3-day avg: level $0.00, 2 days
            paper, vs your daily rule
  BOOK      12 pos gross $310.13 (0.62x)  open $-0.10  funding $-0.04  vol 27% top 20
            rebal 2026-10-08
  CONTEXT   since 01 Oct $+2.27 (+0.45%) in 7.0d  normal -2.9% to +6.2%  top 48%: normal
  RULE      C2 N2+N3 + range vol (GK)  forward test (paper)
  TOURNEY   7d from 2026-10-01  base -0.19%  N2 -0.50%  N3 -0.31%  N2+N3 -0.52%  +K4 -0.98%
            +GK* -0.32%  +K4+GK -0.64%  +GK+DD -0.06%  +GK+XA +0.33%
  DATA      on time  prices 30s  funding booked  book today  shadow 02:00  carry today
            spot pot today
  SESSION   $+3.84 +0.77%
  CURVE     ================++++++++++++++++++++++++++++++++++++++++++++++++++++++++++++++++++++++
  MONTH     book guard $0.00 of $100.00 used  on marked equity  from $500.00  dial 20%
            ..........................
  RECORD    book closed 9  5W 4L  net $+1.58  fees and funding in
  FEES      book $0.01  3 taker fills this run  0.050% of $25.41 traded
  ------------------------------------------------------------------------------------------------
 
08:16:37 | 
08:16:37 | ============================================================
08:16:37 | 📊 POSITION SUMMARY (8-MIN UPDATE)
08:16:37 | 💰 Equity: $502.27 marked (the Binance book, an experiment) = cash $502.37 + open $-0.10
08:16:37 | 💵 Available: $438.33 after open P&L | Locked: $63.94
08:16:37 | 📈 Session: $+3.84 (+0.8%)
08:16:37 | 🎯 C510 Book (what trades): 12 positions, gross 0.62x, open $-0.10 | rule C2 N2+N3 + range vol (GK) | closed 9: 5W/4L $+1.58 | since 01 Oct +0.45% (normal)
08:16:37 | ============================================================
08:16:37 | ============================================================
08:16:37 | 🔵 Book guard: $0.00 of $100.00 used this month on marked equity (0%, from $500.00) · realised today +0.20% [C497]
08:16:37 | ============================================================
08:16:37 | 
 
  08:24  up 12h24m  daily book -------------------------------------------------------------------
  PLAN      $1,000.47 of $1,000.00 ($+0.47)  after tax on net profit $1,000.32
            Delta vs Pi42 funding gap $1,000.47  paper
  BELOW     experiments, not your money
  EQUITY    $502.28  unreal $-0.09
  OPEN      no intraday positions  book holds 12 (BOOK row)  free $438.34 after open P&L
  SHADOW    intraday M1 $497.06 (-0.53%)  M1g $515.18 (+3.09%)  7d paper only
  CARRY     $499.07 (-0.15%)  7 held  paper only
  SPOT      $249.04 (-0.38%)  2 held  7% invested  cash earns 6.56%  paper pot
  SAVINGS   idle $312.73 (62%)  at 6.56% +$0.40 so far  ~$1.71/month  paper
  BFUSD     wallet $502.22 at 7.66%  +$0.61 so far  ~$3.21/month  vs Savings $1.71  paper
  DELTA     $503.96 (+0.79%)  10 held  fees $0.40  funding $+0.15
            paper experiment: the book on Delta
  XVENUE    $1,000.35 (+0.04%)  10 pairs  funding $+7.48  fees $4.87  paper, Delta vs Pi42
  TESTS     every 8 h: ahead $0.01, 2 days  3-day avg: level $0.00, 2 days
            paper, vs your daily rule
  BOOK      12 pos gross $309.39 (0.62x)  open $-0.09  funding $-0.04  vol 27% top 20
            rebal 2026-10-08
  CONTEXT   since 01 Oct $+2.28 (+0.46%) in 7.0d  normal -2.9% to +6.2%  top 48%: normal
  RULE      C2 N2+N3 + range vol (GK)  forward test (paper)
  TOURNEY   7d from 2026-10-01  base -0.19%  N2 -0.50%  N3 -0.31%  N2+N3 -0.52%  +K4 -0.98%
            +GK* -0.32%  +K4+GK -0.64%  +GK+DD -0.06%  +GK+XA +0.33%
  DATA      on time  prices 24s  funding booked  book today  shadow 02:00  carry today
            spot pot today
  SESSION   $+3.85 +0.77%
  CURVE     ================++++++++++++++++++++++++++++++++++++++++++++++++++++++++++++++++++++++
  MONTH     book guard $0.00 of $100.00 used  on marked equity  from $500.00  dial 20%
            ..........................
  RECORD    book closed 9  5W 4L  net $+1.58  fees and funding in
  FEES      book $0.01  3 taker fills this run  0.050% of $25.41 traded
  ------------------------------------------------------------------------------------------------
 
08:24:38 | 
08:24:38 | ============================================================
08:24:38 | 📊 POSITION SUMMARY (8-MIN UPDATE)
08:24:38 | 💰 Equity: $502.28 marked (the Binance book, an experiment) = cash $502.37 + open $-0.09
08:24:38 | 💵 Available: $438.34 after open P&L | Locked: $63.94
08:24:38 | 📈 Session: $+3.85 (+0.8%)
08:24:38 | 🎯 C510 Book (what trades): 12 positions, gross 0.62x, open $-0.09 | rule C2 N2+N3 + range vol (GK) | closed 9: 5W/4L $+1.58 | since 01 Oct +0.46% (normal)
08:24:38 | ============================================================
08:24:38 | ============================================================
08:24:38 | 🔵 Book guard: $0.00 of $100.00 used this month on marked equity (0%, from $500.00) · realised today +0.20% [C497]
08:24:38 | ============================================================
08:24:38 | 
08:32:13 |    👻 C489 shadow hour 03:00 UTC: 39 coins scored (full (16 features)), gate OPEN | M1 $498.31 (-0.28%) M1g $516.47 (+3.35%) over 7d [3s]
 
  08:32  up 12h32m  daily book -------------------------------------------------------------------
  PLAN      $1,000.24 of $1,000.00 ($+0.24)  after tax on net profit $1,000.17
            Delta vs Pi42 funding gap $1,000.24  paper
  BELOW     experiments, not your money
  EQUITY    $502.07  unreal $-0.30
  OPEN      no intraday positions  book holds 12 (BOOK row)  free $438.13 after open P&L
  SHADOW    intraday M1 $498.31 (-0.28%)  M1g $516.47 (+3.35%)  7d paper only
  CARRY     $499.07 (-0.15%)  7 held  paper only
  SPOT      $249.04 (-0.38%)  2 held  7% invested  cash earns 6.56%  paper pot
  SAVINGS   idle $312.63 (62%)  at 6.56% +$0.40 so far  ~$1.71/month  paper
  BFUSD     wallet $502.10 at 7.66%  +$0.61 so far  ~$3.21/month  vs Savings $1.71  paper
  DELTA     $503.77 (+0.75%)  10 held  fees $0.40  funding $+0.15
            paper experiment: the book on Delta
  XVENUE    $1,000.35 (+0.04%)  10 pairs  funding $+7.48  fees $4.87  paper, Delta vs Pi42
  TESTS     every 8 h: ahead $0.01, 2 days  3-day avg: level $0.00, 2 days
            paper, vs your daily rule
  BOOK      12 pos gross $309.14 (0.62x)  open $-0.30  funding $-0.04  vol 27% top 20
            rebal 2026-10-08
  CONTEXT   since 01 Oct $+2.07 (+0.41%) in 7.0d  normal -2.9% to +6.2%  top 49%: normal
  RULE      C2 N2+N3 + range vol (GK)  forward test (paper)
  TOURNEY   7d from 2026-10-01  base -0.19%  N2 -0.50%  N3 -0.31%  N2+N3 -0.52%  +K4 -0.98%
            +GK* -0.32%  +K4+GK -0.64%  +GK+DD -0.06%  +GK+XA +0.33%
  DATA      on time  prices 24s  funding booked  book today  shadow 03:00  carry today
            spot pot today
  SESSION   $+3.64 +0.73%  peak $502.28  dd 0.04%
  CURVE     ===============+++++++++++++++++++++++++++++++++++++++++++++++++++++++++++++++++++++++
  MONTH     book guard $0.00 of $100.00 used  on marked equity  from $500.00  dial 20%
            ..........................
  RECORD    book closed 9  5W 4L  net $+1.58  fees and funding in
  FEES      book $0.01  3 taker fills this run  0.050% of $25.41 traded
  ------------------------------------------------------------------------------------------------
 
08:32:38 | 
08:32:38 | ============================================================
08:32:38 | 📊 POSITION SUMMARY (8-MIN UPDATE)
08:32:38 | 💰 Equity: $502.07 marked (the Binance book, an experiment) = cash $502.37 + open $-0.30
08:32:38 | 💵 Available: $438.13 after open P&L | Locked: $63.94
08:32:38 | 📈 Session: $+3.64 (+0.7%)
08:32:38 | 🎯 C510 Book (what trades): 12 positions, gross 0.62x, open $-0.30 | rule C2 N2+N3 + range vol (GK) | closed 9: 5W/4L $+1.58 | since 01 Oct +0.41% (normal)
08:32:38 | ============================================================
08:32:38 | ============================================================
08:32:38 | 🔵 Book guard: $0.00 of $100.00 used this month on marked equity (0%, from $500.00) · realised today +0.20% [C497]
08:32:38 | ============================================================
08:32:38 | 
 
  08:40  up 12h40m  daily book -------------------------------------------------------------------
  PLAN      $1,000.38 of $1,000.00 ($+0.38)  after tax on net profit $1,000.26
            Delta vs Pi42 funding gap $1,000.38  paper
  BELOW     experiments, not your money
  EQUITY    $501.70  unreal $-0.67
  OPEN      no intraday positions  book holds 12 (BOOK row)  free $437.76 after open P&L
  SHADOW    intraday M1 $498.31 (-0.28%)  M1g $516.47 (+3.35%)  7d paper only
  CARRY     $499.07 (-0.15%)  7 held  paper only
  SPOT      $248.97 (-0.41%)  2 held  7% invested  cash earns 6.56%  paper pot
  SAVINGS   idle $312.29 (62%)  at 6.56% +$0.40 so far  ~$1.71/month  paper
  BFUSD     wallet $501.64 at 7.66%  +$0.62 so far  ~$3.20/month  vs Savings $1.71  paper
  DELTA     $503.28 (+0.66%)  10 held  fees $0.40  funding $+0.15
            paper experiment: the book on Delta
  XVENUE    $1,000.35 (+0.04%)  10 pairs  funding $+7.48  fees $4.87  paper, Delta vs Pi42
  TESTS     every 8 h: ahead $0.01, 2 days  3-day avg: level $0.00, 2 days
            paper, vs your daily rule
  BOOK      12 pos gross $307.60 (0.61x)  open $-0.67  funding $-0.04  vol 27% top 20
            rebal 2026-10-08
  CONTEXT   since 01 Oct $+1.70 (+0.34%) in 7.0d  normal -2.9% to +6.2%  top 50%: normal
  RULE      C2 N2+N3 + range vol (GK)  forward test (paper)
  TOURNEY   7d from 2026-10-01  base -0.19%  N2 -0.50%  N3 -0.31%  N2+N3 -0.52%  +K4 -0.98%
            +GK* -0.32%  +K4+GK -0.64%  +GK+DD -0.06%  +GK+XA +0.33%
  DATA      on time  prices 13s  funding booked  book today  shadow 03:00  carry today
            spot pot today
  SESSION   $+3.27 +0.66%  peak $502.28  dd 0.12%
  CURVE     ===============+++++++++++++++++++++++++++++++++++++++++++++++++++++++++++++++++++++++
  MONTH     book guard $0.00 of $100.00 used  on marked equity  from $500.00  dial 20%
            ..........................
  RECORD    book closed 9  5W 4L  net $+1.58  fees and funding in
  FEES      book $0.01  3 taker fills this run  0.050% of $25.41 traded
  ------------------------------------------------------------------------------------------------
 
08:40:38 | 
08:40:38 | ============================================================
08:40:38 | 📊 POSITION SUMMARY (8-MIN UPDATE)
08:40:38 | 💰 Equity: $501.70 marked (the Binance book, an experiment) = cash $502.37 + open $-0.67
08:40:38 | 💵 Available: $437.76 after open P&L | Locked: $63.94
08:40:38 | 📈 Session: $+3.27 (+0.7%)
08:40:38 | 🎯 C510 Book (what trades): 12 positions, gross 0.61x, open $-0.67 | rule C2 N2+N3 + range vol (GK) | closed 9: 5W/4L $+1.58 | since 01 Oct +0.34% (normal)
08:40:38 | ============================================================
08:40:38 | ============================================================
08:40:38 | 🔵 Book guard: $0.00 of $100.00 used this month on marked equity (0%, from $500.00) · realised today +0.20% [C497]
08:40:38 | ============================================================
08:40:38 | 
 
  08:48  up 12h48m  daily book -------------------------------------------------------------------
  PLAN      $1,000.44 of $1,000.00 ($+0.44)  after tax on net profit $1,000.30
            Delta vs Pi42 funding gap $1,000.44  paper
  BELOW     experiments, not your money
  EQUITY    $501.57  unreal $-0.80
  OPEN      no intraday positions  book holds 12 (BOOK row)  free $437.63 after open P&L
  SHADOW    intraday M1 $498.31 (-0.28%)  M1g $516.47 (+3.35%)  7d paper only
  CARRY     $499.07 (-0.15%)  7 held  paper only
  SPOT      $248.93 (-0.43%)  2 held  7% invested  cash earns 6.56%  paper pot
  SAVINGS   idle $312.25 (62%)  at 6.56% +$0.40 so far  ~$1.71/month  paper
  BFUSD     wallet $501.59 at 7.66%  +$0.62 so far  ~$3.20/month  vs Savings $1.71  paper
  DELTA     $503.19 (+0.64%)  10 held  fees $0.40  funding $+0.15
            paper experiment: the book on Delta
  XVENUE    $1,000.35 (+0.04%)  10 pairs  funding $+7.48  fees $4.87  paper, Delta vs Pi42
  TESTS     every 8 h: ahead $0.01, 2 days  3-day avg: level $0.00, 2 days
            paper, vs your daily rule
  BOOK      12 pos gross $306.98 (0.61x)  open $-0.80  funding $-0.04  vol 27% top 20
            rebal 2026-10-08
  CONTEXT   since 01 Oct $+1.57 (+0.31%) in 7.0d  normal -2.9% to +6.2%  top 50%: normal
  RULE      C2 N2+N3 + range vol (GK)  forward test (paper)
  TOURNEY   7d from 2026-10-01  base -0.19%  N2 -0.50%  N3 -0.31%  N2+N3 -0.52%  +K4 -0.98%
            +GK* -0.32%  +K4+GK -0.64%  +GK+DD -0.06%  +GK+XA +0.33%
  DATA      on time  prices 7s  funding booked  book today  shadow 03:00  carry today
            spot pot today
  SESSION   $+3.14 +0.63%  peak $502.28  dd 0.14%
  CURVE     ===============+++++++++++++++++++++++++++++++++++++++++++++++++++++++++++++++++++++++
  MONTH     book guard $0.00 of $100.00 used  on marked equity  from $500.00  dial 20%
            ..........................
  RECORD    book closed 9  5W 4L  net $+1.58  fees and funding in
  FEES      book $0.01  3 taker fills this run  0.050% of $25.41 traded
  ------------------------------------------------------------------------------------------------
 
08:48:39 | 
08:48:39 | ============================================================
08:48:39 | 📊 POSITION SUMMARY (8-MIN UPDATE)
08:48:39 | 💰 Equity: $501.57 marked (the Binance book, an experiment) = cash $502.37 + open $-0.80
08:48:39 | 💵 Available: $437.63 after open P&L | Locked: $63.94
08:48:39 | 📈 Session: $+3.14 (+0.6%)
08:48:39 | 🎯 C510 Book (what trades): 12 positions, gross 0.61x, open $-0.80 | rule C2 N2+N3 + range vol (GK) | closed 9: 5W/4L $+1.58 | since 01 Oct +0.31% (normal)
08:48:39 | ============================================================
08:48:39 | ============================================================
08:48:39 | 🔵 Book guard: $0.00 of $100.00 used this month on marked equity (0%, from $500.00) · realised today +0.20% [C497]
08:48:39 | ============================================================
08:48:39 | 
 
  08:56  up 12h56m  daily book -------------------------------------------------------------------
  PLAN      $1,000.65 of $1,000.00 ($+0.65)  after tax on net profit $1,000.45
            Delta vs Pi42 funding gap $1,000.65  paper
  BELOW     experiments, not your money
  EQUITY    $501.91  unreal $-0.46
  OPEN      no intraday positions  book holds 12 (BOOK row)  free $437.97 after open P&L
  SHADOW    intraday M1 $498.31 (-0.28%)  M1g $516.47 (+3.35%)  7d paper only
  CARRY     $499.07 (-0.15%)  7 held  paper only
  SPOT      $248.94 (-0.43%)  2 held  7% invested  cash earns 6.56%  paper pot
  SAVINGS   idle $312.42 (62%)  at 6.56% +$0.40 so far  ~$1.71/month  paper
  BFUSD     wallet $501.81 at 7.66%  +$0.62 so far  ~$3.20/month  vs Savings $1.71  paper
  DELTA     $503.05 (+0.61%)  10 held  fees $0.40  funding $+0.15
            paper experiment: the book on Delta
  XVENUE    $1,000.35 (+0.04%)  10 pairs  funding $+7.48  fees $4.87  paper, Delta vs Pi42
  TESTS     every 8 h: ahead $0.01, 2 days  3-day avg: level $0.00, 2 days
            paper, vs your daily rule
  BOOK      12 pos gross $307.69 (0.61x)  open $-0.46  funding $-0.04  vol 27% top 20
            rebal 2026-10-08
  CONTEXT   since 01 Oct $+1.91 (+0.38%) in 7.0d  normal -2.9% to +6.2%  top 49%: normal
  RULE      C2 N2+N3 + range vol (GK)  forward test (paper)
  TOURNEY   7d from 2026-10-01  base -0.19%  N2 -0.50%  N3 -0.31%  N2+N3 -0.52%  +K4 -0.98%
            +GK* -0.32%  +K4+GK -0.64%  +GK+DD -0.06%  +GK+XA +0.33%
  DATA      on time  prices 1s  funding booked  book today  shadow 03:00  carry today
            spot pot today
  SESSION   $+3.48 +0.70%  peak $502.28  dd 0.07%
  CURVE     ===============+++++++++++++++++++++++++++++++++++++++++++++++++++++++++++++++++++++++
  MONTH     book guard $0.00 of $100.00 used  on marked equity  from $500.00  dial 20%
            ..........................
  RECORD    book closed 9  5W 4L  net $+1.58  fees and funding in
  FEES      book $0.01  3 taker fills this run  0.050% of $25.41 traded
  ------------------------------------------------------------------------------------------------
 
08:56:39 | 
08:56:39 | ============================================================
08:56:39 | 📊 POSITION SUMMARY (8-MIN UPDATE)
08:56:39 | 💰 Equity: $501.91 marked (the Binance book, an experiment) = cash $502.37 + open $-0.46
08:56:39 | 💵 Available: $437.97 after open P&L | Locked: $63.94
08:56:39 | 📈 Session: $+3.48 (+0.7%)
08:56:39 | 🎯 C510 Book (what trades): 12 positions, gross 0.61x, open $-0.46 | rule C2 N2+N3 + range vol (GK) | closed 9: 5W/4L $+1.58 | since 01 Oct +0.38% (normal)
08:56:39 | ============================================================
08:56:39 | ============================================================
08:56:39 | 🔵 Book guard: $0.00 of $100.00 used this month on marked equity (0%, from $500.00) · realised today +0.20% [C497]
08:56:39 | ============================================================
08:56:39 | 
 
  09:04  up 13h04m  daily book -------------------------------------------------------------------
  PLAN      $1,000.38 of $1,000.00 ($+0.38)  after tax on net profit $1,000.26
            Delta vs Pi42 funding gap $1,000.38  paper
  BELOW     experiments, not your money
  EQUITY    $502.06  unreal $-0.31
  OPEN      no intraday positions  book holds 12 (BOOK row)  free $438.12 after open P&L
  SHADOW    intraday M1 $498.31 (-0.28%)  M1g $516.47 (+3.35%)  7d paper only
  CARRY     $499.07 (-0.15%)  7 held  paper only
  SPOT      $248.94 (-0.42%)  2 held  7% invested  cash earns 6.56%  paper pot
  SAVINGS   idle $312.61 (62%)  at 6.56% +$0.40 so far  ~$1.71/month  paper
  BFUSD     wallet $502.06 at 7.66%  +$0.62 so far  ~$3.20/month  vs Savings $1.71  paper
  DELTA     $503.50 (+0.70%)  10 held  fees $0.40  funding $+0.15
            paper experiment: the book on Delta
  XVENUE    $1,000.35 (+0.04%)  10 pairs  funding $+7.48  fees $4.87  paper, Delta vs Pi42
  TESTS     every 8 h: ahead $0.01, 2 days  3-day avg: level $0.00, 2 days
            paper, vs your daily rule
  BOOK      12 pos gross $308.11 (0.61x)  open $-0.31  funding $-0.04  vol 27% top 20
            rebal 2026-10-08
  CONTEXT   since 01 Oct $+2.06 (+0.41%) in 7.0d  normal -2.9% to +6.2%  top 49%: normal
  RULE      C2 N2+N3 + range vol (GK)  forward test (paper)
  TOURNEY   7d from 2026-10-01  base -0.19%  N2 -0.50%  N3 -0.31%  N2+N3 -0.52%  +K4 -0.98%
            +GK* -0.32%  +K4+GK -0.64%  +GK+DD -0.06%  +GK+XA +0.33%
  DATA      on time  prices 35s  funding booked  book today  shadow 03:00  carry today
            spot pot today
  SESSION   $+3.63 +0.73%  peak $502.28  dd 0.04%
  CURVE     ===============+++++++++++++++++++++++++++++++++++++++++++++++++++++++++++++++++++++++
  MONTH     book guard $0.00 of $100.00 used  on marked equity  from $500.00  dial 20%
            ..........................
  RECORD    book closed 9  5W 4L  net $+1.58  fees and funding in
  FEES      book $0.01  3 taker fills this run  0.050% of $25.41 traded
  ------------------------------------------------------------------------------------------------
 
09:04:40 | 
09:04:40 | ============================================================
09:04:40 | 📊 POSITION SUMMARY (8-MIN UPDATE)
09:04:40 | 💰 Equity: $502.06 marked (the Binance book, an experiment) = cash $502.37 + open $-0.31
09:04:40 | 💵 Available: $438.12 after open P&L | Locked: $63.94
09:04:40 | 📈 Session: $+3.63 (+0.7%)
09:04:40 | 🎯 C510 Book (what trades): 12 positions, gross 0.61x, open $-0.31 | rule C2 N2+N3 + range vol (GK) | closed 9: 5W/4L $+1.58 | since 01 Oct +0.41% (normal)
09:04:40 | ============================================================
09:04:40 | ============================================================
09:04:40 | 🔵 Book guard: $0.00 of $100.00 used this month on marked equity (0%, from $500.00) · realised today +0.20% [C497]
09:04:40 | ============================================================
09:04:40 | 
 
  09:12  up 13h12m  daily book -------------------------------------------------------------------
  PLAN      $1,000.31 of $1,000.00 ($+0.31)  after tax on net profit $1,000.21
            Delta vs Pi42 funding gap $1,000.31  paper
  BELOW     experiments, not your money
  EQUITY    $501.98  unreal $-0.39
  OPEN      no intraday positions  book holds 12 (BOOK row)  free $438.04 after open P&L
  SHADOW    intraday M1 $498.31 (-0.28%)  M1g $516.47 (+3.35%)  7d paper only
  CARRY     $499.07 (-0.15%)  7 held  paper only
  SPOT      $248.93 (-0.43%)  2 held  7% invested  cash earns 6.56%  paper pot
  SAVINGS   idle $312.55 (62%)  at 6.56% +$0.40 so far  ~$1.71/month  paper
  BFUSD     wallet $501.98 at 7.66%  +$0.62 so far  ~$3.20/month  vs Savings $1.71  paper
  DELTA     $503.44 (+0.69%)  10 held  fees $0.40  funding $+0.15
            paper experiment: the book on Delta
  XVENUE    $1,000.35 (+0.04%)  10 pairs  funding $+7.48  fees $4.87  paper, Delta vs Pi42
  TESTS     every 8 h: ahead $0.01, 2 days  3-day avg: level $0.00, 2 days
            paper, vs your daily rule
  BOOK      12 pos gross $307.70 (0.61x)  open $-0.39  funding $-0.04  vol 27% top 20
            rebal 2026-10-08
  CONTEXT   since 01 Oct $+1.98 (+0.40%) in 7.0d  normal -2.9% to +6.2%  top 49%: normal
  RULE      C2 N2+N3 + range vol (GK)  forward test (paper)
  TOURNEY   7d from 2026-10-01  base -0.19%  N2 -0.50%  N3 -0.31%  N2+N3 -0.52%  +K4 -0.98%
            +GK* -0.32%  +K4+GK -0.64%  +GK+DD -0.06%  +GK+XA +0.33%
  DATA      on time  prices 28s  funding booked  book today  shadow 03:00  carry today
            spot pot today
  SESSION   $+3.55 +0.71%  peak $502.28  dd 0.06%
  CURVE     ===============+++++++++++++++++++++++++++++++++++++++++++++++++++++++++++++++++++++++
  MONTH     book guard $0.00 of $100.00 used  on marked equity  from $500.00  dial 20%
            ..........................
  RECORD    book closed 9  5W 4L  net $+1.58  fees and funding in
  FEES      book $0.01  3 taker fills this run  0.050% of $25.41 traded
  ------------------------------------------------------------------------------------------------
 
09:12:40 | 
09:12:40 | ============================================================
09:12:40 | 📊 POSITION SUMMARY (8-MIN UPDATE)
09:12:40 | 💰 Equity: $501.98 marked (the Binance book, an experiment) = cash $502.37 + open $-0.39
09:12:40 | 💵 Available: $438.04 after open P&L | Locked: $63.94
09:12:40 | 📈 Session: $+3.55 (+0.7%)
09:12:40 | 🎯 C510 Book (what trades): 12 positions, gross 0.61x, open $-0.39 | rule C2 N2+N3 + range vol (GK) | closed 9: 5W/4L $+1.58 | since 01 Oct +0.40% (normal)
09:12:40 | ============================================================
09:12:40 | ============================================================
09:12:40 | 🔵 Book guard: $0.00 of $100.00 used this month on marked equity (0%, from $500.00) · realised today +0.20% [C497]
09:12:40 | ============================================================
09:12:40 | 
 
  09:20  up 13h20m  daily book -------------------------------------------------------------------
  PLAN      $1,000.41 of $1,000.00 ($+0.41)  after tax on net profit $1,000.28
            Delta vs Pi42 funding gap $1,000.41  paper
  BELOW     experiments, not your money
  EQUITY    $502.09  unreal $-0.28
  OPEN      no intraday positions  book holds 12 (BOOK row)  free $438.15 after open P&L
  SHADOW    intraday M1 $498.31 (-0.28%)  M1g $516.47 (+3.35%)  7d paper only
  CARRY     $499.07 (-0.15%)  7 held  paper only
  SPOT      $248.93 (-0.43%)  2 held  7% invested  cash earns 6.56%  paper pot
  SAVINGS   idle $312.63 (62%)  at 6.56% +$0.40 so far  ~$1.71/month  paper
  BFUSD     wallet $502.09 at 7.66%  +$0.62 so far  ~$3.21/month  vs Savings $1.71  paper
  DELTA     $503.42 (+0.68%)  10 held  fees $0.40  funding $+0.15
            paper experiment: the book on Delta
  XVENUE    $1,000.35 (+0.04%)  10 pairs  funding $+7.48  fees $4.87  paper, Delta vs Pi42
  TESTS     every 8 h: ahead $0.01, 2 days  3-day avg: level $0.00, 2 days
            paper, vs your daily rule
  BOOK      12 pos gross $307.55 (0.61x)  open $-0.28  funding $-0.04  vol 27% top 20
            rebal 2026-10-08
  CONTEXT   since 01 Oct $+2.09 (+0.42%) in 7.0d  normal -2.9% to +6.2%  top 49%: normal
  RULE      C2 N2+N3 + range vol (GK)  forward test (paper)
  TOURNEY   7d from 2026-10-01  base -0.19%  N2 -0.50%  N3 -0.31%  N2+N3 -0.52%  +K4 -0.98%
            +GK* -0.32%  +K4+GK -0.64%  +GK+DD -0.06%  +GK+XA +0.33%
  DATA      on time  prices 20s  funding booked  book today  shadow 03:00  carry today
            spot pot today
  SESSION   $+3.66 +0.74%  peak $502.28  dd 0.04%
  CURVE     ===============+++++++++++++++++++++++++++++++++++++++++++++++++++++++++++++++++++++++
  MONTH     book guard $0.00 of $100.00 used  on marked equity  from $500.00  dial 20%
            ..........................
  RECORD    book closed 9  5W 4L  net $+1.58  fees and funding in
  FEES      book $0.01  3 taker fills this run  0.050% of $25.41 traded
  ------------------------------------------------------------------------------------------------
 
09:20:40 | 
09:20:40 | ============================================================
09:20:40 | 📊 POSITION SUMMARY (8-MIN UPDATE)
09:20:40 | 💰 Equity: $502.09 marked (the Binance book, an experiment) = cash $502.37 + open $-0.28
09:20:40 | 💵 Available: $438.15 after open P&L | Locked: $63.94
09:20:40 | 📈 Session: $+3.66 (+0.7%)
09:20:40 | 🎯 C510 Book (what trades): 12 positions, gross 0.61x, open $-0.28 | rule C2 N2+N3 + range vol (GK) | closed 9: 5W/4L $+1.58 | since 01 Oct +0.42% (normal)
09:20:40 | ============================================================
09:20:40 | ============================================================
09:20:40 | 🔵 Book guard: $0.00 of $100.00 used this month on marked equity (0%, from $500.00) · realised today +0.20% [C497]
09:20:40 | ============================================================
09:20:40 | 
 
  09:28  up 13h28m  daily book -------------------------------------------------------------------
  PLAN      $1,000.46 of $1,000.00 ($+0.46)  after tax on net profit $1,000.32
            Delta vs Pi42 funding gap $1,000.46  paper
  BELOW     experiments, not your money
  EQUITY    $501.92  unreal $-0.45
  OPEN      no intraday positions  book holds 12 (BOOK row)  free $437.98 after open P&L
  SHADOW    intraday M1 $498.31 (-0.28%)  M1g $516.47 (+3.35%)  7d paper only
  CARRY     $499.07 (-0.15%)  7 held  paper only
  SPOT      $248.92 (-0.43%)  2 held  7% invested  cash earns 6.56%  paper pot
  SAVINGS   idle $312.50 (62%)  at 6.56% +$0.40 so far  ~$1.71/month  paper
  BFUSD     wallet $501.92 at 7.66%  +$0.62 so far  ~$3.20/month  vs Savings $1.71  paper
  DELTA     $503.36 (+0.67%)  10 held  fees $0.40  funding $+0.15
            paper experiment: the book on Delta
  XVENUE    $1,000.35 (+0.04%)  10 pairs  funding $+7.48  fees $4.87  paper, Delta vs Pi42
  TESTS     every 8 h: ahead $0.01, 2 days  3-day avg: level $0.00, 2 days
            paper, vs your daily rule
  BOOK      12 pos gross $306.96 (0.61x)  open $-0.45  funding $-0.04  vol 27% top 20
            rebal 2026-10-08
  CONTEXT   since 01 Oct $+1.92 (+0.38%) in 7.0d  normal -2.9% to +6.2%  top 49%: normal
  RULE      C2 N2+N3 + range vol (GK)  forward test (paper)
  TOURNEY   7d from 2026-10-01  base -0.19%  N2 -0.50%  N3 -0.31%  N2+N3 -0.52%  +K4 -0.98%
            +GK* -0.32%  +K4+GK -0.64%  +GK+DD -0.06%  +GK+XA +0.33%
  DATA      on time  prices 14s  funding booked  book today  shadow 03:00  carry today
            spot pot today
  SESSION   $+3.49 +0.70%  peak $502.28  dd 0.07%
  CURVE     ==============++++++++++++++++++++++++++++++++++++++++++++++++++++++++++++++++++++++++
  MONTH     book guard $0.00 of $100.00 used  on marked equity  from $500.00  dial 20%
            ..........................
  RECORD    book closed 9  5W 4L  net $+1.58  fees and funding in
  FEES      book $0.01  3 taker fills this run  0.050% of $25.41 traded
  ------------------------------------------------------------------------------------------------
 
09:28:40 | 
09:28:40 | ============================================================
09:28:40 | 📊 POSITION SUMMARY (8-MIN UPDATE)
09:28:40 | 💰 Equity: $501.92 marked (the Binance book, an experiment) = cash $502.37 + open $-0.45
09:28:40 | 💵 Available: $437.98 after open P&L | Locked: $63.94
09:28:40 | 📈 Session: $+3.49 (+0.7%)
09:28:40 | 🎯 C510 Book (what trades): 12 positions, gross 0.61x, open $-0.45 | rule C2 N2+N3 + range vol (GK) | closed 9: 5W/4L $+1.58 | since 01 Oct +0.38% (normal)
09:28:40 | ============================================================
09:28:40 | ============================================================
09:28:40 | 🔵 Book guard: $0.00 of $100.00 used this month on marked equity (0%, from $500.00) · realised today +0.20% [C497]
09:28:40 | ============================================================
09:28:40 | 
09:32:33 |    👻 C489 shadow hour 04:00 UTC: 39 coins scored (full (16 features)), gate OPEN | M1 $498.32 (-0.28%) M1g $516.49 (+3.36%) over 7d [3s]
 
  09:36  up 13h36m  daily book -------------------------------------------------------------------
  PLAN      $1,000.50 of $1,000.00 ($+0.50)  after tax on net profit $1,000.34
            Delta vs Pi42 funding gap $1,000.50  paper
  BELOW     experiments, not your money
  EQUITY    $501.76  unreal $-0.61
  OPEN      no intraday positions  book holds 12 (BOOK row)  free $437.82 after open P&L
  SHADOW    intraday M1 $498.32 (-0.28%)  M1g $516.49 (+3.36%)  7d paper only
  CARRY     $499.07 (-0.15%)  7 held  paper only
  SPOT      $248.90 (-0.44%)  2 held  7% invested  cash earns 6.56%  paper pot
  SAVINGS   idle $312.31 (62%)  at 6.56% +$0.40 so far  ~$1.71/month  paper
  BFUSD     wallet $501.66 at 7.66%  +$0.62 so far  ~$3.20/month  vs Savings $1.71  paper
  DELTA     $502.98 (+0.60%)  10 held  fees $0.40  funding $+0.15
            paper experiment: the book on Delta
  XVENUE    $1,000.35 (+0.04%)  10 pairs  funding $+7.48  fees $4.87  paper, Delta vs Pi42
  TESTS     every 8 h: ahead $0.01, 2 days  3-day avg: level $0.00, 2 days
            paper, vs your daily rule
  BOOK      12 pos gross $306.39 (0.61x)  open $-0.61  funding $-0.04  vol 27% top 20
            rebal 2026-10-08
  CONTEXT   since 01 Oct $+1.76 (+0.35%) in 7.0d  normal -2.9% to +6.2%  top 50%: normal
  RULE      C2 N2+N3 + range vol (GK)  forward test (paper)
  TOURNEY   7d from 2026-10-01  base -0.19%  N2 -0.50%  N3 -0.31%  N2+N3 -0.52%  +K4 -0.98%
            +GK* -0.32%  +K4+GK -0.64%  +GK+DD -0.06%  +GK+XA +0.33%
  DATA      on time  prices 7s  funding booked  book today  shadow 04:00  carry today
            spot pot today
  SESSION   $+3.33 +0.67%  peak $502.28  dd 0.10%
  CURVE     ==============++++++++++++++++++++++++++++++++++++++++++++++++++++++++++++++++++++++++
  MONTH     book guard $0.00 of $100.00 used  on marked equity  from $500.00  dial 20%
            ..........................
  RECORD    book closed 9  5W 4L  net $+1.58  fees and funding in
  FEES      book $0.01  3 taker fills this run  0.050% of $25.41 traded
  ------------------------------------------------------------------------------------------------
 
09:36:40 | 
09:36:40 | ============================================================
09:36:40 | 📊 POSITION SUMMARY (8-MIN UPDATE)
09:36:40 | 💰 Equity: $501.76 marked (the Binance book, an experiment) = cash $502.37 + open $-0.61
09:36:40 | 💵 Available: $437.82 after open P&L | Locked: $63.94
09:36:40 | 📈 Session: $+3.33 (+0.7%)
09:36:40 | 🎯 C510 Book (what trades): 12 positions, gross 0.61x, open $-0.61 | rule C2 N2+N3 + range vol (GK) | closed 9: 5W/4L $+1.58 | since 01 Oct +0.35% (normal)
09:36:40 | ============================================================
09:36:40 | ============================================================
09:36:40 | 🔵 Book guard: $0.00 of $100.00 used this month on marked equity (0%, from $500.00) · realised today +0.20% [C497]
09:36:40 | ============================================================
09:36:40 | 
 
  09:44  up 13h44m  daily book -------------------------------------------------------------------
  PLAN      $1,000.71 of $1,000.00 ($+0.71)  after tax on net profit $1,000.49
            Delta vs Pi42 funding gap $1,000.71  paper
  BELOW     experiments, not your money
  EQUITY    $501.85  unreal $-0.52
  OPEN      no intraday positions  book holds 12 (BOOK row)  free $437.91 after open P&L
  SHADOW    intraday M1 $498.32 (-0.28%)  M1g $516.49 (+3.36%)  7d paper only
  CARRY     $499.07 (-0.15%)  7 held  paper only
  SPOT      $248.89 (-0.45%)  2 held  7% invested  cash earns 6.56%  paper pot
  SAVINGS   idle $312.42 (62%)  at 6.56% +$0.40 so far  ~$1.71/month  paper
  BFUSD     wallet $501.81 at 7.66%  +$0.62 so far  ~$3.20/month  vs Savings $1.71  paper
  DELTA     $503.30 (+0.66%)  10 held  fees $0.40  funding $+0.15
            paper experiment: the book on Delta
  XVENUE    $1,000.35 (+0.04%)  10 pairs  funding $+7.48  fees $4.87  paper, Delta vs Pi42
  TESTS     every 8 h: ahead $0.01, 2 days  3-day avg: level $0.00, 2 days
            paper, vs your daily rule
  BOOK      12 pos gross $305.91 (0.61x)  open $-0.52  funding $-0.04  vol 27% top 20
            rebal 2026-10-08
  CONTEXT   since 01 Oct $+1.85 (+0.37%) in 7.0d  normal -2.9% to +6.2%  top 49%: normal
  RULE      C2 N2+N3 + range vol (GK)  forward test (paper)
  TOURNEY   7d from 2026-10-01  base -0.19%  N2 -0.50%  N3 -0.31%  N2+N3 -0.52%  +K4 -0.98%
            +GK* -0.32%  +K4+GK -0.64%  +GK+DD -0.06%  +GK+XA +0.33%
  DATA      on time  prices 39s  funding booked  book today  shadow 04:00  carry today
            spot pot today
  SESSION   $+3.42 +0.69%  peak $502.28  dd 0.09%
  CURVE     ==============++++++++++++++++++++++++++++++++++++++++++++++++++++++++++++++++++++++++
  MONTH     book guard $0.00 of $100.00 used  on marked equity  from $500.00  dial 20%
            ..........................
  RECORD    book closed 9  5W 4L  net $+1.58  fees and funding in
  FEES      book $0.01  3 taker fills this run  0.050% of $25.41 traded
  ------------------------------------------------------------------------------------------------
 
09:44:41 | 
09:44:41 | ============================================================
09:44:41 | 📊 POSITION SUMMARY (8-MIN UPDATE)
09:44:41 | 💰 Equity: $501.85 marked (the Binance book, an experiment) = cash $502.37 + open $-0.52
09:44:41 | 💵 Available: $437.91 after open P&L | Locked: $63.94
09:44:41 | 📈 Session: $+3.42 (+0.7%)
09:44:41 | 🎯 C510 Book (what trades): 12 positions, gross 0.61x, open $-0.52 | rule C2 N2+N3 + range vol (GK) | closed 9: 5W/4L $+1.58 | since 01 Oct +0.37% (normal)
09:44:41 | ============================================================
09:44:41 | ============================================================
09:44:41 | 🔵 Book guard: $0.00 of $100.00 used this month on marked equity (0%, from $500.00) · realised today +0.20% [C497]
09:44:41 | ============================================================
09:44:41 | 
 
  09:52  up 13h52m  daily book -------------------------------------------------------------------
  PLAN      $1,000.86 of $1,000.00 ($+0.86)  after tax on net profit $1,000.59
            Delta vs Pi42 funding gap $1,000.86  paper
  BELOW     experiments, not your money
  EQUITY    $502.39  unreal $+0.02
  OPEN      no intraday positions  book holds 12 (BOOK row)  free $438.45 after open P&L
  SHADOW    intraday M1 $498.32 (-0.28%)  M1g $516.49 (+3.36%)  7d paper only
  CARRY     $499.07 (-0.15%)  7 held  paper only
  SPOT      $248.78 (-0.49%)  2 held  7% invested  cash earns 6.56%  paper pot
  SAVINGS   idle $312.78 (62%)  at 6.56% +$0.40 so far  ~$1.71/month  paper
  BFUSD     wallet $502.30 at 7.66%  +$0.62 so far  ~$3.21/month  vs Savings $1.71  paper
  DELTA     $502.06 (+0.41%)  10 held  fees $0.40  funding $+0.15
            paper experiment: the book on Delta
  XVENUE    $1,000.35 (+0.04%)  10 pairs  funding $+7.48  fees $4.87  paper, Delta vs Pi42
  TESTS     every 8 h: ahead $0.01, 2 days  3-day avg: level $0.00, 2 days
            paper, vs your daily rule
  BOOK      12 pos gross $302.43 (0.60x)  open $+0.02  funding $-0.04  vol 27% top 20
            rebal 2026-10-08
  CONTEXT   since 01 Oct $+2.39 (+0.48%) in 7.0d  normal -2.9% to +6.2%  top 48%: normal
  RULE      C2 N2+N3 + range vol (GK)  forward test (paper)
  TOURNEY   7d from 2026-10-01  base -0.19%  N2 -0.50%  N3 -0.31%  N2+N3 -0.52%  +K4 -0.98%
            +GK* -0.32%  +K4+GK -0.64%  +GK+DD -0.06%  +GK+XA +0.33%
  DATA      on time  prices 32s  funding booked  book today  shadow 04:00  carry today
            spot pot today
  SESSION   $+3.96 +0.80%
  CURVE     ==============++++++=+++++++++++++++++++++++++++++++++++++++++++++++++++++++++++++++++
  MONTH     book guard $0.00 of $100.00 used  on marked equity  from $500.00  dial 20%
            ..........................
  RECORD    book closed 9  5W 4L  net $+1.58  fees and funding in
  FEES      book $0.01  3 taker fills this run  0.050% of $25.41 traded
  ------------------------------------------------------------------------------------------------
 
09:52:41 | 
09:52:41 | ============================================================
09:52:41 | 📊 POSITION SUMMARY (8-MIN UPDATE)
09:52:41 | 💰 Equity: $502.39 marked (the Binance book, an experiment) = cash $502.37 + open $+0.02
09:52:41 | 💵 Available: $438.45 after open P&L | Locked: $63.94
09:52:41 | 📈 Session: $+3.96 (+0.8%)
09:52:41 | 🎯 C510 Book (what trades): 12 positions, gross 0.60x, open $+0.02 | rule C2 N2+N3 + range vol (GK) | closed 9: 5W/4L $+1.58 | since 01 Oct +0.48% (normal)
09:52:41 | ============================================================
09:52:41 | ============================================================
09:52:41 | 🔵 Book guard: $0.00 of $100.00 used this month on marked equity (0%, from $500.00) · realised today +0.20% [C497]
09:52:41 | ============================================================
09:52:41 | 
 
  10:00  up 14h00m  daily book -------------------------------------------------------------------
  PLAN      $1,001.13 of $1,000.00 ($+1.13)  after tax on net profit $1,000.78
            Delta vs Pi42 funding gap $1,001.13  paper
  BELOW     experiments, not your money
  EQUITY    $503.45  unreal $+1.08
  OPEN      no intraday positions  book holds 12 (BOOK row)  free $439.51 after open P&L
  SHADOW    intraday M1 $498.32 (-0.28%)  M1g $516.49 (+3.36%)  7d paper only
  CARRY     $499.07 (-0.15%)  7 held  paper only
  SPOT      $248.91 (-0.44%)  2 held  7% invested  cash earns 6.56%  paper pot
  SAVINGS   idle $313.63 (62%)  at 6.56% +$0.40 so far  ~$1.71/month  paper
  BFUSD     wallet $503.43 at 7.66%  +$0.62 so far  ~$3.21/month  vs Savings $1.71  paper
  DELTA     $503.29 (+0.66%)  10 held  fees $0.40  funding $+0.15
            paper experiment: the book on Delta
  XVENUE    $1,000.35 (+0.04%)  10 pairs  funding $+7.48  fees $4.87  paper, Delta vs Pi42
  TESTS     every 8 h: ahead $0.01, 2 days  3-day avg: level $0.00, 2 days
            paper, vs your daily rule
  BOOK      12 pos gross $304.83 (0.60x)  open $+1.08  funding $-0.04  vol 27% top 20
            rebal 2026-10-08
  CONTEXT   since 01 Oct $+3.45 (+0.69%) in 7.0d  normal -2.9% to +6.2%  top 46%: normal
  RULE      C2 N2+N3 + range vol (GK)  forward test (paper)
  TOURNEY   7d from 2026-10-01  base -0.19%  N2 -0.50%  N3 -0.31%  N2+N3 -0.52%  +K4 -0.98%
            +GK* -0.32%  +K4+GK -0.64%  +GK+DD -0.06%  +GK+XA +0.33%
  DATA      on time  prices 24s  funding booked  book today  shadow 04:00  carry today
            spot pot today
  SESSION   $+5.02 +1.01%
  CURVE     ========================++++=+====++++++++++++++++++++++++++++++++++++++++++++++++++++
  MONTH     book guard $0.00 of $100.00 used  on marked equity  from $500.00  dial 20%
            ..........................
  RECORD    book closed 9  5W 4L  net $+1.58  fees and funding in
  FEES      book $0.01  3 taker fills this run  0.050% of $25.41 traded
  ------------------------------------------------------------------------------------------------
 
10:00:42 | 
10:00:42 | ============================================================
10:00:42 | 📊 POSITION SUMMARY (8-MIN UPDATE)
10:00:42 | 💰 Equity: $503.45 marked (the Binance book, an experiment) = cash $502.37 + open $+1.08
10:00:42 | 💵 Available: $439.51 after open P&L | Locked: $63.94
10:00:42 | 📈 Session: $+5.02 (+1.0%)
10:00:42 | 🎯 C510 Book (what trades): 12 positions, gross 0.60x, open $+1.08 | rule C2 N2+N3 + range vol (GK) | closed 9: 5W/4L $+1.58 | since 01 Oct +0.69% (normal)
10:00:42 | ============================================================
10:00:42 | ============================================================
10:00:42 | 🔵 Book guard: $0.00 of $100.00 used this month on marked equity (0%, from $500.00) · realised today +0.20% [C497]
10:00:42 | ============================================================
10:00:42 | 
 
  10:08  up 14h08m  daily book -------------------------------------------------------------------
  PLAN      $1,000.66 of $1,000.00 ($+0.66)  after tax on net profit $1,000.45
            Delta vs Pi42 funding gap $1,000.66  paper
  BELOW     experiments, not your money
  EQUITY    $503.13  unreal $+0.76
  OPEN      no intraday positions  book holds 12 (BOOK row)  free $439.19 after open P&L
  SHADOW    intraday M1 $498.32 (-0.28%)  M1g $516.49 (+3.36%)  7d paper only
  CARRY     $499.07 (-0.15%)  7 held  paper only
  SPOT      $248.83 (-0.47%)  2 held  7% invested  cash earns 6.56%  paper pot
  SAVINGS   idle $313.48 (62%)  at 6.56% +$0.41 so far  ~$1.71/month  paper
  BFUSD     wallet $503.22 at 7.66%  +$0.62 so far  ~$3.21/month  vs Savings $1.71  paper
  DELTA     $503.42 (+0.68%)  10 held  fees $0.40  funding $+0.15
            paper experiment: the book on Delta
  XVENUE    $1,000.35 (+0.04%)  10 pairs  funding $+7.48  fees $4.87  paper, Delta vs Pi42
  TESTS     every 8 h: ahead $0.01, 2 days  3-day avg: level $0.00, 2 days
            paper, vs your daily rule
  BOOK      12 pos gross $303.08 (0.60x)  open $+0.76  funding $-0.04  vol 27% top 20
            rebal 2026-10-08
  CONTEXT   since 01 Oct $+3.13 (+0.63%) in 7.0d  normal -2.9% to +6.2%  top 46%: normal
  RULE      C2 N2+N3 + range vol (GK)  forward test (paper)
  TOURNEY   7d from 2026-10-01  base -0.19%  N2 -0.50%  N3 -0.31%  N2+N3 -0.52%  +K4 -0.98%
            +GK* -0.32%  +K4+GK -0.64%  +GK+DD -0.06%  +GK+XA +0.33%
  DATA      on time  prices 18s  funding booked  book today  shadow 04:00  carry today
            spot pot today
  SESSION   $+4.70 +0.94%  peak $503.45  dd 0.06%
  CURVE     ========================++++=+====++++++++++++++++++++++++++++++++++++++++++++++++++++
  MONTH     book guard $0.00 of $100.00 used  on marked equity  from $500.00  dial 20%
            ..........................
  RECORD    book closed 9  5W 4L  net $+1.58  fees and funding in
  FEES      book $0.01  3 taker fills this run  0.050% of $25.41 traded
  ------------------------------------------------------------------------------------------------
 
10:08:42 | 
10:08:42 | ============================================================
10:08:42 | 📊 POSITION SUMMARY (8-MIN UPDATE)
10:08:42 | 💰 Equity: $503.13 marked (the Binance book, an experiment) = cash $502.37 + open $+0.76
10:08:42 | 💵 Available: $439.19 after open P&L | Locked: $63.94
10:08:42 | 📈 Session: $+4.70 (+0.9%)
10:08:42 | 🎯 C510 Book (what trades): 12 positions, gross 0.60x, open $+0.76 | rule C2 N2+N3 + range vol (GK) | closed 9: 5W/4L $+1.58 | since 01 Oct +0.63% (normal)
10:08:42 | ============================================================
10:08:42 | ============================================================
10:08:42 | 🔵 Book guard: $0.00 of $100.00 used this month on marked equity (0%, from $500.00) · realised today +0.20% [C497]
10:08:42 | ============================================================
10:08:42 | 
 
  10:16  up 14h16m  daily book -------------------------------------------------------------------
  PLAN      $1,000.73 of $1,000.00 ($+0.73)  after tax on net profit $1,000.50
            Delta vs Pi42 funding gap $1,000.73  paper
  BELOW     experiments, not your money
  EQUITY    $502.85  unreal $+0.48
  OPEN      no intraday positions  book holds 12 (BOOK row)  free $438.91 after open P&L
  SHADOW    intraday M1 $498.32 (-0.28%)  M1g $516.49 (+3.36%)  7d paper only
  CARRY     $499.07 (-0.15%)  7 held  paper only
  SPOT      $248.79 (-0.49%)  2 held  7% invested  cash earns 6.56%  paper pot
  SAVINGS   idle $313.08 (62%)  at 6.56% +$0.41 so far  ~$1.71/month  paper
  BFUSD     wallet $502.69 at 7.66%  +$0.62 so far  ~$3.21/month  vs Savings $1.71  paper
  DELTA     $502.54 (+0.51%)  10 held  fees $0.40  funding $+0.15
            paper experiment: the book on Delta
  XVENUE    $1,000.35 (+0.04%)  10 pairs  funding $+7.48  fees $4.87  paper, Delta vs Pi42
  TESTS     every 8 h: ahead $0.01, 2 days  3-day avg: level $0.00, 2 days
            paper, vs your daily rule
  BOOK      12 pos gross $302.03 (0.60x)  open $+0.48  funding $-0.04  vol 27% top 20
            rebal 2026-10-08
  CONTEXT   since 01 Oct $+2.85 (+0.57%) in 7.0d  normal -2.9% to +6.2%  top 47%: normal
  RULE      C2 N2+N3 + range vol (GK)  forward test (paper)
  TOURNEY   7d from 2026-10-01  base -0.19%  N2 -0.50%  N3 -0.31%  N2+N3 -0.52%  +K4 -0.98%
            +GK* -0.32%  +K4+GK -0.64%  +GK+DD -0.06%  +GK+XA +0.33%
  DATA      on time  prices 11s  funding booked  book today  shadow 04:00  carry today
            spot pot today
  SESSION   $+4.42 +0.89%  peak $503.45  dd 0.12%
  CURVE     ======================++++++++=+++++++++++++++++++++++++++++++++++++++++++++++++++++++
  MONTH     book guard $0.00 of $100.00 used  on marked equity  from $500.00  dial 20%
            ..........................
  RECORD    book closed 9  5W 4L  net $+1.58  fees and funding in
  FEES      book $0.01  3 taker fills this run  0.050% of $25.41 traded
  ------------------------------------------------------------------------------------------------
 
10:16:43 | 
10:16:43 | ============================================================
10:16:43 | 📊 POSITION SUMMARY (8-MIN UPDATE)
10:16:43 | 💰 Equity: $502.85 marked (the Binance book, an experiment) = cash $502.37 + open $+0.48
10:16:43 | 💵 Available: $438.91 after open P&L | Locked: $63.94
10:16:43 | 📈 Session: $+4.42 (+0.9%)
10:16:43 | 🎯 C510 Book (what trades): 12 positions, gross 0.60x, open $+0.48 | rule C2 N2+N3 + range vol (GK) | closed 9: 5W/4L $+1.58 | since 01 Oct +0.57% (normal)
10:16:43 | ============================================================
10:16:43 | ============================================================
10:16:43 | 🔵 Book guard: $0.00 of $100.00 used this month on marked equity (0%, from $500.00) · realised today +0.20% [C497]
10:16:43 | ============================================================
10:16:43 | 
