20:04:43 |    day cap 0.91%  |  per-trade risk 0.455%  |  break-even WR 50.0% AT 1:1 PAYOFF — no
    R-denominated payoff measured yet, so the honest break-even is the 1:1 figure above and nothing
    better [C406/C463-10]
20:04:43 | 📊 Paper Mode
20:04:45 | ✅ Connected | 797 futures markets
20:04:45 |    day cap 0.68%  |  per-trade risk 0.341%  |  break-even WR 50.0% AT 1:1 PAYOFF — at the
    measured 2.51 payoff (7W/7L in R) it is 29%, which is the number that matters [C406/C463-10]
 
  ================================================================================================
  OMEGA C473  PAPER  Bitget perps
  19 Sep 2026   20:04
  start $250.66  day -0.68% loss
  ================================================================================================
 
20:04:45 |    🔒 C378 stop level $0.03902 recorded (paper — C377 enforces it in-process) [C397
    tick-legal]
20:04:45 |   4 EXIT       4 questions: HARD STOP · THESIS DEAD (C399 retention)
20:04:45 | 💡 Press Ctrl+C to stop safely
20:04:51 |    🪞 C266 board-parity (top movers vs screen): AKE +137%[Live=0.19<cut] | B2
    +63%[Live=0.30<cut] | ONE +58%[#8] | AR +53%[#10] | ZAMA +45%[#17]
20:05:27 |    🎢→⚖️ F: C292 stands down — parabola BROKEN (range 51×ATR, 27.8 ATR off the day
    extreme): the 24h 'trend' already failed structurally; counter-trend entry re-enters the TURNING
    path [C299]
20:05:30 |    🎢→⚖️ PIEVERSE: C292 stands down — parabola BROKEN (range 25×ATR, 12.1 ATR off the day
    extreme): the 24h 'trend' already failed structurally; counter-trend entry re-enters the TURNING
    path [C299]
20:05:49 |    🎢→⚖️ MORPHO: C292 stands down — parabola BROKEN (range 22×ATR, 4.3 ATR off the day
    extreme): the 24h 'trend' already failed structurally; counter-trend entry re-enters the TURNING
    path [C299]
20:06:03 | 📊 Step 3 result: 60 analyzed → 1 viable → Step 4 DRI/DSI
20:09:18 | 📊 Step 3 result: 1 analyzed (+59 cached this 15m candle) → 0 passed | score_zero=1,
    thin_expectancy=49, flat_projection=4, flow_veto=2, late_leg_no_forward=1,
    post_penalty_quality=1, capitulation=1, regime_blip=1
20:09:18 |    📌 Nearest miss: JUP score=0.899 (pre-pen 1.19) conf=0.406 quality=0.365/0.26
    reason=late-leg F=-0.04
 
  20:12  up 0h08m  scan 2 ------------------------------------------------------------------------
  EQUITY    $250.71  unreal $+0.05
  SESSION   $+0.05 +0.02%
  DAY       real $+0.66  loss room $1.70 (0.68%)  0% used  vol x1.00  trust x1.00
            ..........................
  RECORD    no closed trades yet this run
  LIFETIME  6tr 2W 4L 33%  $+0.66
  OPEN      1 pos $22.76 (9%)  free $227.90
  FEES      no fills yet this run
  SCAN      797 > 1 > 0 passed  top JUP 0.90 (late-leg F=-0.04)  2 scans, 61 analysed
  MARKET    TRENDING  bias +0.49  breadth +0.00  taker flow -0.05
  NEWS      65 articles  + tone +0.18  ARB -0.24  UNI +0.23  PEPE +0.21
  INFO      1 tilted  flow/fund/news on 60
  MOVERS    AKE +137% cut  B2 +63% cut  ONE +58% #8  AR +53% #10
  ------------------------------------------------------------------------------------------------
  PAIR     SIDE       ENTRY      MARK    MOVE     P&L   AGE  THESIS
  KAS      LONG    0.039400  0.039460  +0.15%   +0.05   19m  + 56% left
  ------------------------------------------------------------------------------------------------
 
20:15:42 |    🪞 C266 board-parity (top movers vs screen): AKE +141%[#6] | ONE +59%[#9] | AR
    +54%[#11] | B2 +50%[#16] | ZAMA +45%[#21]
20:16:15 |    🎢→⚖️ F: C292 stands down — parabola BROKEN (range 49×ATR, 28.4 ATR off the day
    extreme): the 24h 'trend' already failed structurally; counter-trend entry re-enters the TURNING
    path [C299]
20:16:32 |    🎢→⚖️ MORPHO: C292 stands down — parabola BROKEN (range 22×ATR, 5.5 ATR off the day
    extreme): the 24h 'trend' already failed structurally; counter-trend entry re-enters the TURNING
    path [C299]
20:16:47 | 📊 Step 3 result: 60 analyzed → 3 viable → Step 4 DRI/DSI
20:16:49 |    🎲 C378 odds-size: orderliness 0.33 -> risk x0.90 ($0.766)
20:16:49 |    ⚖️ C427 LEDGER CORRECTED at allocate_margin: available $284.8801 → $227.9041 (equity
    $250.6641 − locked $22.7600 = $227.9041); discrepancy $+56.9760. Money that does not exist would
    have been sized against [correction #1]
20:16:49 |    🔒 C378 stop level $0.4632 recorded (paper — C377 enforces it in-process) [C397
    tick-legal]
  >> 20:16  OPEN   JTO LONG @0.471100  x1 $45.44
       target +5.8%  stop -1.7%  entry score 0.77  maker
 
 
  20:20  up 0h16m  scan 3 ------------------------------------------------------------------------
  EQUITY    $250.83  unreal $+0.17
  SESSION   $+0.17 +0.07%
  DAY       real $+0.66  loss room $1.70 (0.68%)  0% used  vol x1.00  trust x1.00
            ..........................
  RECORD    no closed trades yet this run
  LIFETIME  6tr 2W 4L 33%  $+0.66
  OPEN      2 pos $68.20 (27%)  free $182.46
  FEES      $0.01  mk1/tk0  0.004% of eq
  SCAN      797 > 60 > 3 passed  top JTO 0.77 (viable)  3 scans, 121 analysed
  MARKET    MIXED  bias +0.35  breadth +0.00  taker flow -0.56
  NEWS      65 articles  + tone +0.18  ARB -0.24  UNI +0.23  PEPE +0.21
  INFO      3 tilted  flow/fund/news on 75
  MOVERS    AKE +141% #6  ONE +59% #9  AR +54% #11  B2 +50% #16
  ------------------------------------------------------------------------------------------------
  PAIR     SIDE       ENTRY      MARK    MOVE     P&L   AGE  THESIS
  KAS      LONG    0.039400  0.039630  +0.58%   +0.34   27m  + 56% left
  JTO      LONG    0.471100  0.469700  -0.30%   -0.17    3m  - 56% left
  ------------------------------------------------------------------------------------------------
 
20:22:07 |    ⚖️ C462-7 MON: penalties 0.51→0.38 (×0.75) vs bar 0.42 — the stack decided
20:22:07 | 📊 Step 3 result: 3 analyzed (+57 cached) → 1 viable → Step 4 DRI/DSI
20:27:14 |    🪞 C266 board-parity (top movers vs screen): AKE +142%[#6] | ONE +65%[#10] | AR
    +52%[#13] | ZAMA +45%[#23] | B2 +41%[#19]
20:27:35 | 📊 Step 3 result: 5 analyzed (+56 cached this 15m candle) → 0 passed | score_zero=1,
    low_confidence=1, low_score=6, mtf_disagree=2, thin_expectancy=41, regime_blip=3,
    flat_projection=5, no_structural_room=1, reward_conviction=1
20:27:35 |    📌 Nearest miss: JTO score=1.007 conf=0.510 quality=0.513/0.26 reason=mtf_disagree
 
  20:28  up 0h24m  scan 5 ------------------------------------------------------------------------
  EQUITY    $250.97  unreal $+0.31
  SESSION   $+0.31 +0.12%
  DAY       real $+0.66  loss room $2.12 (0.85%)  0% used  vol x1.25  trust x1.00
            ..........................
  RECORD    no closed trades yet this run
  LIFETIME  6tr 2W 4L 33%  $+0.66
  OPEN      2 pos $68.20 (27%)  free $182.46
  FEES      $0.01  mk1/tk0  0.004% of eq
  SCAN      797 > 5 > 0 passed  top JTO 1.01 (mtf_disagree)  5 scans, 129 analysed
  MARKET    MIXED  bias +0.32  breadth +0.00  taker flow +0.14
  NEWS      65 articles  + tone +0.18  ARB -0.24  UNI +0.23  PEPE +0.21
  INFO      1 tilted  flow/fund/news on 75
  MOVERS    AKE +142% #6  ONE +65% #10  AR +52% #13  ZAMA +45% #23
  ------------------------------------------------------------------------------------------------
  PAIR     SIDE       ENTRY      MARK    MOVE     P&L   AGE  THESIS
  KAS      LONG    0.039400  0.039730  +0.84%   +0.52   35m  + 61% left
  JTO      LONG    0.471100  0.469300  -0.38%   -0.21   11m  - 53% left
  ------------------------------------------------------------------------------------------------
 
20:32:32 |    🎯 C462-6 MAKER half filled KAS @$0.039930 — saved ~0.04% of the half notional (1 this
    session)
  -> 20:32  HALF   KAS LONG @0.039930  +1.35% $+0.45
       win half banked  maker  $11.38 rides on
20:33:16 |    🎢→⚖️ F: C292 stands down — parabola BROKEN (range 49×ATR, 27.3 ATR off the day
    extreme): the 24h 'trend' already failed structurally; counter-trend entry re-enters the TURNING
    path [C299]
20:33:33 |    🎢→⚖️ C: C292 stands down — parabola BROKEN (range 24×ATR, 14.0 ATR off the day
    extreme): the 24h 'trend' already failed structurally; counter-trend entry re-enters the TURNING
    path [C299]
20:33:35 |    🎢→⚖️ MORPHO: C292 stands down — parabola BROKEN (range 21×ATR, 5.0 ATR off the day
    extreme): the 24h 'trend' already failed structurally; counter-trend entry re-enters the TURNING
    path [C299]
20:33:47 | 📊 Step 3 result: 61 analyzed → 1 viable → Step 4 DRI/DSI
20:35:43 |    🎯 C376 MAKER exit filled KAS @$0.039690 — saved ~0.04%% of notional (1 this session)
  << 20:35  CLOSE  KAS LONG @0.039690  +0.74% $+0.24  WIN
       held 42m  TRAILING_TP: peak=+3.8%   kept 58% of a +1.27% peak  +0.56R  maker
20:36:56 |    🪞 C266 board-parity (top movers vs screen): AKE +137%[Live=0.46<cut] | ONE +61%[#8] |
    AR +56%[#10] | XTZ +39%[#25] | ZAMA +38%[#21]
20:37:28 | 📊 Step 3 result: 15 analyzed (+45 cached) → 1 viable → Step 4 DRI/DSI
20:37:29 |    🎲 C378 odds-size: orderliness 0.21 -> risk x0.83 ($0.706)
20:37:30 |    🔒 C378 stop level $0.02503 recorded (paper — C377 enforces it in-process) [C397
    tick-legal]
  >> 20:37  OPEN   MON LONG @0.025360  x2 $26.46
       target +4.6%  stop -1.3%  entry score 0.76  maker
 
 
  20:37  up 0h32m  scan 7 ------------------------------------------------------------------------
  EQUITY    $250.89  unreal $-0.46
  SESSION   $+0.23 +0.09%  peak $251.35  dd 0.18%
  CURVE     ====+=
  DAY       real $+1.35  loss room $2.49 (0.99%)  0% used  vol x1.17  trust x1.25
            ..........................
  RECORD    1 closed  1W 0L  win 100%  avg $+0.24/tr
  LIFETIME  7tr 3W 4L 43%  $+1.35
  OPEN      2 pos $71.90 (29%)  free $179.45
  FEES      $0.03  mk4/tk0  0.013% of eq
  SCAN      797 > 15 > 1 passed  top MON 0.76 (viable)  7 scans, 205 analysed
  MARKET    TRENDING  bias +0.49  breadth +0.10  taker flow -0.44
  NEWS      65 articles  + tone +0.27  ARB -0.24  UNI +0.23  PEPE +0.21
  INFO      1 tilted  flow/fund/news on 83
  MOVERS    AKE +137% cut  ONE +61% #8  AR +56% #10  XTZ +39% #25
  TAPE      +
  ------------------------------------------------------------------------------------------------
  PAIR     SIDE       ENTRY      MARK    MOVE     P&L   AGE  THESIS
  JTO      LONG    0.471100  0.466700  -0.93%   -0.46   20m  - 55% left
  MON      LONG    0.025360  0.025380  +0.08%   -0.00    0m  - 100% left
  ------------------------------------------------------------------------------------------------
 
20:40:47 | 📊 Step 3 result: 1 analyzed (+59 cached) → 1 viable → Step 4 DRI/DSI
20:44:08 | 📊 Step 3 result: 1 analyzed (+59 cached this 15m candle) → 0 passed | low_confidence=5,
    low_score=2, thin_expectancy=43, regime_blip=4, flat_projection=3, late_leg_no_forward=1,
    post_penalty_low=1, vol_floor=1
20:44:08 |    📌 Nearest miss: MON score=0.239 (pre-pen 0.53) conf=0.661 quality=0.158/0.26
    reason=post-penalty 0.239 < 0.25
 
  20:45  up 0h40m  scan 9 ------------------------------------------------------------------------
  EQUITY    $250.44  unreal $-0.91
  SESSION   $-0.22 -0.09%  peak $251.35  dd 0.36%
  CURVE     ===++==
  DAY       real $+1.35  loss room $1.88 (0.75%)  0% used  vol x0.88  trust x1.25
            ..........................
  RECORD    1 closed  1W 0L  win 100%  avg $+0.24/tr
  LIFETIME  7tr 3W 4L 43%  $+1.35
  OPEN      2 pos $71.90 (29%)  free $179.45
  FEES      $0.03  mk4/tk0  0.013% of eq
  SCAN      797 > 1 > 0 passed  top MON 0.24 (post-penalty 0.239)  9 scans, 207 analysed
  MARKET    TRENDING  bias +0.52  breadth +0.00  taker flow +0.40
  NEWS      65 articles  + tone +0.27  LINK +0.55  ARB -0.24  UNI +0.23
  INFO      1 tilted  flow/fund/news on 83
  MOVERS    AKE +137% cut  ONE +61% #8  AR +56% #10  XTZ +39% #25
  TAPE      +
  ------------------------------------------------------------------------------------------------
  PAIR     SIDE       ENTRY      MARK    MOVE     P&L   AGE  THESIS
  JTO      LONG    0.471100  0.466200  -1.04%   -0.51   28m  - 49% left
  MON      LONG    0.025360  0.025190  -0.67%   -0.40    8m  - 48% left
  ------------------------------------------------------------------------------------------------
 
20:47:15 |    🪞 C266 board-parity (top movers vs screen): AKE +138%[#6] | ONE +75%[#9] | AR
    +55%[#12] | ZAMA +42%[#20] | XTZ +41%[#22]
20:47:48 |    🎢→⚖️ B2: C292 stands down — parabola BROKEN (range 11×ATR, 5.5 ATR off the day
    extreme): the 24h 'trend' already failed structurally; counter-trend entry re-enters the TURNING
    path [C299]
20:47:56 |    🎢→⚖️ SYN: C292 stands down — parabola BROKEN (range 20×ATR, 6.3 ATR off the day
    extreme): the 24h 'trend' already failed structurally; counter-trend entry re-enters the TURNING
    path [C299]
20:48:11 |    🎢→⚖️ C: C292 stands down — parabola BROKEN (range 22×ATR, 14.2 ATR off the day
    extreme): the 24h 'trend' already failed structurally; counter-trend entry re-enters the TURNING
    path [C299]
20:48:12 |    🎢→⚖️ MINA: C292 stands down — parabola BROKEN (range 14×ATR, 5.3 ATR off the day
    extreme): the 24h 'trend' already failed structurally; counter-trend entry re-enters the TURNING
    path [C299]
20:48:24 | 📊 Step 3 result: 60 analyzed → 2 viable → Step 4 DRI/DSI
20:48:26 |    🎲 C378 odds-size: orderliness 0.15 -> risk x0.79 ($0.675)
20:48:26 |    🔒 C378 stop level $268.24 recorded (paper — C377 enforces it in-process) [C397
    tick-legal]
  >> 20:48  OPEN   TAO LONG @271.63  x2 $27.01
       target +4.4%  stop -1.2%  entry score 0.61  maker
20:51:43 | 📊 Step 3 result: 2 analyzed (+58 cached this 15m candle) → 0 passed | low_confidence=2,
    low_score=3, regime_blip=4, thin_expectancy=40, flat_projection=4, corr_cap=2, reentry_chase=1,
    no_structural_room=1, capitulation=1, post_penalty_low=1, vol_floor=1
20:51:44 |    📌 Nearest miss: LAB score=0.996 conf=0.612 quality=0.610/0.26 reason=corr_cap
 
 
  20:53  up 0h48m  scan 11 -----------------------------------------------------------------------
  EQUITY    $250.84  unreal $-0.51
  SESSION   $+0.18 +0.07%  peak $251.35  dd 0.20%
  CURVE     ===++===
  DAY       real $+1.35  loss room $2.72 (1.09%)  0% used  vol x1.28  trust x1.25
            ..........................
  RECORD    1 closed  1W 0L  win 100%  avg $+0.24/tr
  LIFETIME  7tr 3W 4L 43%  $+1.35
  OPEN      3 pos $98.91 (39%)  free $152.44
  FEES      $0.04  mk5/tk0  0.018% of eq
  SCAN      797 > 2 > 0 passed  top LAB 1.00 (corr_cap)  11 scans, 269 analysed
  MARKET    TRENDING  bias +0.54  breadth -0.10  taker flow -0.14
  NEWS      65 articles  + tone +0.27  LINK +0.55  ONE +0.34  SOL +0.29
  INFO      2 tilted  flow/fund/news/oi on 93
  MOVERS    AKE +138% #6  ONE +75% #9  AR +55% #12  ZAMA +42% #20
  TAPE      +
  ------------------------------------------------------------------------------------------------
  PAIR     SIDE       ENTRY      MARK    MOVE     P&L   AGE  THESIS
  JTO      LONG    0.471100  0.469000  -0.45%   -0.24   36m  - 47% left
  MON      LONG    0.025360  0.025210  -0.59%   -0.36   16m  - 30% left
  TAO      LONG      271.63    272.25  +0.23%   +0.08    5m  + 59% left
  ------------------------------------------------------------------------------------------------
 
20:58:06 |    🪞 C266 board-parity (top movers vs screen): AKE +137%[#6] | ONE +74%[#9] | AR
    +51%[#12] | ZAMA +46%[#18] | XTZ +39%[#23]
20:58:28 | 📊 Step 3 result: 5 analyzed (+55 cached this 15m candle) → 0 passed | low_confidence=2,
    low_score=3, regime_blip=3, thin_expectancy=39, flat_projection=4, corr_cap=5, capitulation=1,
    reentry_chase=1, no_structural_room=1, post_penalty_low=1
20:58:28 |    📌 Nearest miss: ALGO score=0.602 conf=0.731 quality=0.440/0.26 reason=corr_cap
21:02:02 |    🎢→⚖️ B2: C292 stands down — parabola BROKEN (range 11×ATR, 6.3 ATR off the day
    extreme): the 24h 'trend' already failed structurally; counter-trend entry re-enters the TURNING
    path [C299]
21:02:09 |    🎢→⚖️ SYN: C292 stands down — parabola BROKEN (range 20×ATR, 4.8 ATR off the day
    extreme): the 24h 'trend' already failed structurally; counter-trend entry re-enters the TURNING
    path [C299]
21:02:23 |    🎢→⚖️ MORPHO: C292 stands down — parabola BROKEN (range 22×ATR, 6.0 ATR off the day
    extreme): the 24h 'trend' already failed structurally; counter-trend entry re-enters the TURNING
    path [C299]
21:02:27 |    🎢→⚖️ MINA: C292 stands down — parabola BROKEN (range 13×ATR, 5.7 ATR off the day
    extreme): the 24h 'trend' already failed structurally; counter-trend entry re-enters the TURNING
    path [C299]
21:02:32 |    🎢→⚖️ MAGMA: C292 stands down — parabola BROKEN (range 38×ATR, 17.3 ATR off the day
    extreme): the 24h 'trend' already failed structurally; counter-trend entry re-enters the TURNING
    path [C299]
21:02:34 | 📊 Step 3 result: 60 analyzed → 0 passed | regime_blip=3, h1_regime_shock=12,
    thin_expectancy=34, ct_noisy_block=5, proj_confirms_trend=1, flat_projection=3,
    poor_reward_risk=2
21:02:34 |    📌 Nearest miss: USELESS score=1.068 conf=0.692 quality=0.739/0.26
    reason=h1_regime_shock
 
  21:02  up 0h57m  scan 13 -----------------------------------------------------------------------
  EQUITY    $250.57  unreal $-0.78
  SESSION   $-0.09 -0.04%  peak $251.35  dd 0.31%
  CURVE     ===++====
  DAY       real $+1.35  loss room $2.72 (1.09%)  0% used  vol x1.28  trust x1.25
            ..........................
  RECORD    1 closed  1W 0L  win 100%  avg $+0.24/tr
  LIFETIME  7tr 3W 4L 43%  $+1.35
  OPEN      3 pos $98.91 (39%)  free $152.44
  FEES      $0.04  mk5/tk0  0.018% of eq
  SCAN      797 > 60 > 0 passed  top USELESS 1.07 (h1_regime_shock)  13 scans, 334 analysed
  MARKET    TRENDING  bias +0.32  breadth +0.00  taker flow -0.60
  NEWS      65 articles  + tone +0.27  LINK +0.55  ONE +0.34  SOL +0.29
  INFO      2 tilted  flow/fund/news/oi on 93
  MOVERS    AKE +137% #6  ONE +74% #9  AR +51% #12  ZAMA +46% #18
  TAPE      +
  ------------------------------------------------------------------------------------------------
  PAIR     SIDE       ENTRY      MARK    MOVE     P&L   AGE  THESIS
  JTO      LONG    0.471100  0.468600  -0.53%   -0.28   45m  - 50% left
  MON      LONG    0.025360  0.025200  -0.63%   -0.38   25m  - 26% left
  TAO      LONG      271.63    271.19  -0.16%   -0.13   14m  - 53% left
  ------------------------------------------------------------------------------------------------
 
21:07:44 |    🪞 C266 board-parity (top movers vs screen): AKE +137%[#5] | ONE +85%[#6] | AR
    +50%[#11] | ZAMA +47%[#19] | SYN +35%[#28]
21:08:09 |    🎢→⚖️ STX: C292 stands down — parabola BROKEN (range 15×ATR, 4.8 ATR off the day
    extreme): the 24h 'trend' already failed structurally; counter-trend entry re-enters the TURNING
    path [C299]
21:08:13 | 📊 Step 3 result: 15 analyzed (+45 cached this 15m candle) → 0 passed | regime_blip=4,
    h1_regime_shock=8, thin_expectancy=35, ct_noisy_block=5, proj_confirms_trend=1,
    flat_projection=5, poor_reward_risk=1, no_structural_room=1
 
  21:10  up 1h05m  scan 14 -----------------------------------------------------------------------
  EQUITY    $250.26  unreal $-1.09
  SESSION   $-0.40 -0.16%  peak $251.35  dd 0.43%
  CURVE     ==++++=+==
  DAY       real $+1.35  loss room $2.29 (0.92%)  0% used  vol x1.08  trust x1.25
            ..........................
  RECORD    1 closed  1W 0L  win 100%  avg $+0.24/tr
  LIFETIME  7tr 3W 4L 43%  $+1.35
  OPEN      3 pos $98.91 (40%)  free $152.44
  FEES      $0.04  mk5/tk0  0.018% of eq
  SCAN      797 > 15 > 0 passed  14 scans, 349 analysed
  MARKET    TRENDING  bias +0.30  breadth -0.05  taker flow +0.09
  NEWS      65 articles  ~ tone +0.05  LINK +0.55  ONE +0.34  SOL +0.29
  INFO      2 tilted  flow/fund/news/oi on 93
  MOVERS    AKE +137% #5  ONE +85% #6  AR +50% #11  ZAMA +47% #19
  TAPE      +
  ------------------------------------------------------------------------------------------------
  PAIR     SIDE       ENTRY      MARK    MOVE     P&L   AGE  THESIS
  JTO      LONG    0.471100  0.466400  -1.00%   -0.49   53m  - 44% left
  MON      LONG    0.025360  0.025190  -0.67%   -0.40   33m  - 23% left
  TAO      LONG      271.63    270.84  -0.29%   -0.20   22m  - 41% left
  ------------------------------------------------------------------------------------------------
 
21:18:33 |    🪞 C266 board-parity (top movers vs screen): AKE +137%[#6] | ONE +92%[#7] | AR
    +49%[#14] | ZAMA +43%[#23] | XTZ +34%[#29]
21:19:03 |    🎢→⚖️ B2: C292 stands down — parabola BROKEN (range 12×ATR, 6.1 ATR off the day
    extreme): the 24h 'trend' already failed structurally; counter-trend entry re-enters the TURNING
    path [C299]
21:19:12 |    🎢→⚖️ SYN: C292 stands down — parabola BROKEN (range 20×ATR, 5.5 ATR off the day
    extreme): the 24h 'trend' already failed structurally; counter-trend entry re-enters the TURNING
    path [C299]
21:19:29 | 📊 Step 3 result: 60 analyzed → 0 passed | thin_expectancy=39, corr_cap=14, regime_blip=2,
    h1_regime_shock=3, flat_projection=1, reentry_chase=1
21:19:29 |    📌 Nearest miss: LAB score=0.958 conf=0.867 quality=0.830/0.26 reason=corr_cap
 
  21:19  up 1h14m  scan 15 -----------------------------------------------------------------------
  EQUITY    $250.65  unreal $-0.70
  SESSION   $-0.01 -0.01%  peak $251.35  dd 0.28%
  CURVE     ==++*+=+=-=
  DAY       real $+1.35  loss room $2.15 (0.86%)  0% used  vol x1.01  trust x1.25
            ..........................
  RECORD    1 closed  1W 0L  win 100%  avg $+0.24/tr
  LIFETIME  7tr 3W 4L 43%  $+1.35
  OPEN      3 pos $98.91 (39%)  free $152.44
  FEES      $0.04  mk5/tk0  0.018% of eq
  SCAN      797 > 60 > 0 passed  top LAB 0.96 (corr_cap)  15 scans, 409 analysed
  MARKET    TRENDING  bias +0.61  breadth +0.00  taker flow -0.06
  NEWS      65 articles  ~ tone +0.05  LINK +0.55  ONE +0.34  XMR +0.32
  INFO      2 tilted  flow/fund/news/oi on 93
  MOVERS    AKE +137% #6  ONE +92% #7  AR +49% #14  ZAMA +43% #23
  TAPE      +
  ------------------------------------------------------------------------------------------------
  PAIR     SIDE       ENTRY      MARK    MOVE     P&L   AGE  THESIS
  JTO      LONG    0.471100  0.471700  +0.13%   +0.02 1h02m  + 46% left
  MON      LONG    0.025360  0.025170  -0.75%   -0.44   41m  - 21% left
  TAO      LONG      271.63    270.44  -0.44%   -0.28   31m  - 39% left
  ------------------------------------------------------------------------------------------------
 
 
  21:27  up 1h22m  scan 15 -----------------------------------------------------------------------
  EQUITY    $250.73  unreal $-0.62
  SESSION   $+0.07 +0.03%  peak $251.35  dd 0.25%
  CURVE     ==++++=+====
  DAY       real $+1.35  loss room $2.95 (1.18%)  0% used  vol x1.39  trust x1.25
            ..........................
  RECORD    1 closed  1W 0L  win 100%  avg $+0.24/tr
  LIFETIME  7tr 3W 4L 43%  $+1.35
  OPEN      3 pos $98.91 (39%)  free $152.44
  FEES      $0.04  mk5/tk0  0.018% of eq
  SCAN      797 > 60 > 0 passed  top LAB 0.96 (corr_cap)  15 scans, 409 analysed
  MARKET    TRENDING  bias +0.61  breadth +0.00  taker flow +0.19
  NEWS      65 articles  ~ tone +0.05  XMR +0.32  BNB +0.28  ARB -0.24
  INFO      2 tilted  flow/fund/news/oi on 93
  MOVERS    AKE +137% #6  ONE +92% #7  AR +49% #14  ZAMA +43% #23
  TAPE      +
  ------------------------------------------------------------------------------------------------
  PAIR     SIDE       ENTRY      MARK    MOVE     P&L   AGE  THESIS
  JTO      LONG    0.471100  0.473700  +0.55%   +0.21 1h10m  + 20% left
  MON      LONG    0.025360  0.025150  -0.83%   -0.48   50m  - 19% left
  TAO      LONG      271.63    270.05  -0.58%   -0.36   39m  - 33% left
  ------------------------------------------------------------------------------------------------
 
21:29:09 |    🪞 C266 board-parity (top movers vs screen): AKE +142%[#6] | ONE +85%[#7] | AR
    +46%[#14] | ZAMA +46%[#20] | XTZ +36%[#28]
21:29:29 | 📊 Step 3 result: 2 analyzed (+58 cached this 15m candle) → 0 passed | thin_expectancy=39,
    corr_cap=14, regime_blip=2, h1_regime_shock=3, flat_projection=1, reentry_chase=1
21:33:03 |    🎢→⚖️ B2: C292 stands down — parabola BROKEN (range 14×ATR, 6.4 ATR off the day
    extreme): the 24h 'trend' already failed structurally; counter-trend entry re-enters the TURNING
    path [C299]
21:33:14 |    🎢→⚖️ SYN: C292 stands down — parabola BROKEN (range 21×ATR, 5.6 ATR off the day
    extreme): the 24h 'trend' already failed structurally; counter-trend entry re-enters the TURNING
    path [C299]
21:33:23 |    🎢→⚖️ STX: C292 stands down — parabola BROKEN (range 15×ATR, 4.9 ATR off the day
    extreme): the 24h 'trend' already failed structurally; counter-trend entry re-enters the TURNING
    path [C299]
21:33:38 | 📊 Step 3 result: 60 analyzed → 0 passed | regime_blip=3, h1_regime_shock=9,
    thin_expectancy=44, ct_noisy_block=3, no_structural_room=1
21:33:38 |    📌 Nearest miss: JTO score=0.910 conf=0.798 quality=0.726/0.26 reason=h1_regime_shock
 
  21:35  up 1h30m  scan 17 -----------------------------------------------------------------------
  EQUITY    $250.46  unreal $-0.89
  SESSION   $-0.20 -0.08%  peak $251.35  dd 0.35%
  CURVE     ==++++=+=====
  DAY       real $+1.35  loss room $2.95 (1.18%)  0% used  vol x1.39  trust x1.25
            ..........................
  RECORD    1 closed  1W 0L  win 100%  avg $+0.24/tr
  LIFETIME  7tr 3W 4L 43%  $+1.35
  OPEN      3 pos $98.91 (39%)  free $152.44
  FEES      $0.04  mk5/tk0  0.018% of eq
  SCAN      797 > 60 > 0 passed  top JTO 0.91 (h1_regime_shock)  17 scans, 471 analysed
  MARKET    MIXED  bias +0.38  breadth +0.00  taker flow +0.01
  NEWS      65 articles  ~ tone +0.05  XMR +0.32  BNB +0.28  ARB -0.24
  INFO      2 tilted  flow/fund/news/oi on 93
  MOVERS    AKE +142% #6  ONE +85% #7  AR +46% #14  ZAMA +46% #20
  TAPE      +
  ------------------------------------------------------------------------------------------------
  PAIR     SIDE       ENTRY      MARK    MOVE     P&L   AGE  THESIS
  JTO      LONG    0.471100  0.474800  +0.79%   +0.32 1h18m  + 5% left
  MON      LONG    0.025360  0.025120  -0.95%   -0.54   58m  - 17% left
  TAO      LONG      271.63    268.51  -1.15%   -0.66   47m  - 19% left
  ------------------------------------------------------------------------------------------------
 
21:36:01 | 🎯 EXIT SIGNAL: TAO/USDT:USDT - C399_CONVICTION_COLLAPSE: only 14% of the entry thesis
    left — DRI -0.218->-0.031 (14% left), DSI +0.393->+0.149 (38% left) | PnL=-2.2% (exiting BEFORE
    the reversal shows in price)
  << 21:36  CLOSE  TAO LONG @268.44  -1.17% $-0.68  LOSS
       held 47m  C399_CONVICTION_COLLAPSE  round trip from +0.32%  -0.70R  TAKER
21:36:47 |    🛑 C377 HARD STOP MON: -1.38% <= -1.33% (0.8R, R=1.78%) — arithmetic, not opinion
21:36:48 | ❌ LOSS: MON/USDT:USDT | C377_RISK_STOP: -1.38% = -0.78R
  << 21:36  CLOSE  MON LONG @0.025010  -1.38% $-0.77  LOSS
       held 59m  C377_RISK_STOP: -1.38% =  round trip from +0.16%  -0.78R  TAKER
21:38:47 |    🪞 C266 board-parity (top movers vs screen): AKE +141%[#6] | ONE +101%[#7] | ZAMA
    +42%[#23] | AR +42%[#13] | BR +35%[#14]
21:39:16 | 📊 Step 3 result: 13 analyzed (+47 cached this 15m candle) → 0 passed | low_score=1,
    regime_blip=2, h1_regime_shock=11, thin_expectancy=39, ct_noisy_block=3, flat_projection=1,
    no_structural_room=3
21:39:16 |    📌 Nearest miss: USUAL score=1.000 conf=0.907 quality=0.907/0.26 reason=h1_regime_shock
 
 
  21:43  up 1h38m  scan 18 -----------------------------------------------------------------------
  EQUITY    $250.64  unreal $+0.75
  SESSION   $-0.02 -0.01%  peak $251.35  dd 0.28%
  CURVE     ++++*+=+==++=+-+
  DAY       real $-0.11  loss room $2.24 (0.90%)  5% used  vol x1.05  trust x1.25
            #.........................
  RECORD    3 closed  1W 2L  win 33%  payoff 0.33  avg $-0.41/tr  best $+0.24  worst $-0.77
            break-even 75%
  LIFETIME  9tr 3W 6L 33%  $-0.11
  OPEN      1 pos $45.44 (18%)  free $204.45
  FEES      $0.11  mk5/tk2  0.043% of eq
  SCAN      797 > 13 > 0 passed  top USUAL 1.00 (h1_regime_shock)  18 scans, 484 analysed
  MARKET    MIXED  bias +0.43  breadth -0.08  taker flow -0.29
  NEWS      65 articles  + tone +0.43  XMR +0.32  BNB +0.28  ARB -0.24
  INFO      2 tilted  flow/fund/news/oi on 93
  MOVERS    AKE +141% #6  ONE +101% #7  ZAMA +42% #23  AR +42% #13
  TAPE      + - -
  ------------------------------------------------------------------------------------------------
  PAIR     SIDE       ENTRY      MARK    MOVE     P&L   AGE  THESIS
  JTO      LONG    0.471100  0.479300  +1.74%   +0.75 1h26m  + 4% left
  ------------------------------------------------------------------------------------------------
 
21:46:06 |    🎢→⚖️ B2: C292 stands down — parabola BROKEN (range 14×ATR, 6.2 ATR off the day
    extreme): the 24h 'trend' already failed structurally; counter-trend entry re-enters the TURNING
    path [C299]
21:46:17 |    🎢→⚖️ SYN: C292 stands down — parabola BROKEN (range 20×ATR, 5.8 ATR off the day
    extreme): the 24h 'trend' already failed structurally; counter-trend entry re-enters the TURNING
    path [C299]
21:46:41 | 📊 Step 3 result: 60 analyzed → 0 passed | thin_expectancy=54, h1_regime_shock=4,
    no_structural_room=1, proj_confirms_trend=1
21:46:41 |    📌 Nearest miss: KAS score=0.906 conf=0.710 quality=0.643/0.26 reason=h1_regime_shock
21:49:47 |    🪞 C266 board-parity (top movers vs screen): AKE +139%[#6] | ONE +92%[#7] | AR
    +45%[#13] | ZAMA +41%[#23] | B2 +38%[#20]
21:50:13 |    🧭 C458-17: exploration is due but the best refusal (h1_regime_shock) is a RISK gate,
    not a measurement gate — standing down. Exploration is a reason to accept UNCERTAINTY, never
    DANGER.
21:50:13 | 📊 Step 3 result: 13 analyzed (+47 cached this 15m candle) → 0 passed |
    thin_expectancy=48, h1_regime_shock=9, no_structural_room=2, proj_confirms_trend=1
21:50:13 |    📌 Nearest miss: 1000BONK score=0.822 conf=0.774 quality=0.636/0.26
    reason=h1_regime_shock
 
  21:51  up 1h47m  scan 20 -----------------------------------------------------------------------
  EQUITY    $250.00  unreal $+0.11
  SESSION   $-0.66 -0.26%  peak $251.35  dd 0.54%
  CURVE     ++++*+=+==++=+-+=
  DAY       real $-0.11  loss room $2.75 (1.10%)  4% used  vol x1.29  trust x1.25
            #.........................
  RECORD    3 closed  1W 2L  win 33%  payoff 0.33  avg $-0.41/tr  best $+0.24  worst $-0.77
            break-even 75%
  LIFETIME  9tr 3W 6L 33%  $-0.11
  OPEN      1 pos $45.44 (18%)  free $204.45
  FEES      $0.11  mk5/tk2  0.043% of eq
  SCAN      797 > 13 > 0 passed  top 1000BONK 0.82 (h1_regime_shock)  20 scans, 557 analysed
  MARKET    MIXED  bias +0.45  breadth +0.00  taker flow +0.03
  NEWS      65 articles  + tone +0.43  XRP +0.36  BNB +0.28  ARB -0.24
  INFO      2 tilted  flow/fund/news/oi on 93
  MOVERS    AKE +139% #6  ONE +92% #7  AR +45% #13  ZAMA +41% #23
  TAPE      + - -
  ------------------------------------------------------------------------------------------------
  PAIR     SIDE       ENTRY      MARK    MOVE     P&L   AGE  THESIS
  JTO      LONG    0.471100  0.472600  +0.32%   +0.11 1h34m  + 1% left
  ------------------------------------------------------------------------------------------------
 
21:59:50 |    🪞 C266 board-parity (top movers vs screen): AKE +136%[#5] | ONE +86%[#8] | AR
    +42%[#13] | ZAMA +41%[#23] | XTZ +35%[Live=0.44<cut]
22:00:32 |    🎢→⚖️ B2: C292 stands down — parabola BROKEN (range 13×ATR, 6.6 ATR off the day
    extreme): the 24h 'trend' already failed structurally; counter-trend entry re-enters the TURNING
    path [C299]
22:00:52 |    🎢→⚖️ STX: C292 stands down — parabola BROKEN (range 19×ATR, 6.2 ATR off the day
    extreme): the 24h 'trend' already failed structurally; counter-trend entry re-enters the TURNING
    path [C299]
22:01:10 | 📊 Step 3 result: 60 analyzed → 1 viable → Step 4 DRI/DSI
22:01:11 |    🎲 C378 odds-size: orderliness 0.08 -> risk x0.75 ($0.638)
22:01:11 |    🔒 C378 stop level $3.8708e-06 recorded (paper — C377 enforces it in-process) [C397
    tick-legal]
  >> 22:01  OPEN   PEPE LONG @0.0000039196  x2 $17.44
       target +4.9%  stop -1.2%  entry score 0.40  maker
 
 
  22:01  up 1h56m  scan 21 -----------------------------------------------------------------------
  EQUITY    $249.93  unreal $+0.04
  SESSION   $-0.73 -0.29%  peak $251.35  dd 0.56%
  CURVE     ++++*+=+==++=+-+--
  DAY       real $-0.11  loss room $1.49 (0.60%)  7% used  vol x0.70  trust x1.25
            ##........................
  RECORD    3 closed  1W 2L  win 33%  payoff 0.33  avg $-0.41/tr  best $+0.24  worst $-0.77
            break-even 75%
  LIFETIME  9tr 3W 6L 33%  $-0.11
  OPEN      2 pos $62.88 (25%)  free $187.01
  FEES      $0.11  mk6/tk2  0.046% of eq
  SCAN      797 > 60 > 1 passed  top PEPE 0.40 (viable)  21 scans, 617 analysed
  MARKET    TRENDING  bias +0.48  breadth +0.00  taker flow -0.03
  NEWS      65 articles  + tone +0.43  XRP +0.36  BNB +0.28  ARB -0.24
  INFO      1 tilted  flow/news/oi on 116
  MOVERS    AKE +136% #5  ONE +86% #8  AR +42% #13  ZAMA +41% #23
  TAPE      + - -
  ------------------------------------------------------------------------------------------------
  PAIR     SIDE       ENTRY      MARK    MOVE     P&L   AGE  THESIS
  JTO      LONG    0.471100  0.472200  +0.23%   +0.07 1h44m  + 0% left
  PEPE     LONG  0.00000391960.0000039194  -0.01%   -0.03    0m  - 100% left
  ------------------------------------------------------------------------------------------------
 
22:04:28 | 📊 Step 3 result: 1 analyzed (+59 cached this 15m candle) → 0 passed | low_confidence=5,
    low_score=2, thin_expectancy=47, post_penalty_quality=1, flat_projection=2, low_quality=1,
    proj_confirms_trend=1, vol_floor=1
22:04:28 |    📌 Nearest miss: PEPE score=0.520 conf=0.704 quality=0.366/0.26
    reason=post_penalty_quality
22:06:28 | 🎯 EXIT SIGNAL: JTO/USDT:USDT - PEAK_FLOOR: peaked at +2.2%(1.5PRU) now=-0.2% — profit
    fully erased, protecting capital
  << 22:06  CLOSE  JTO LONG @0.470000  -0.23% $-0.14  LOSS
       held 1h49m  PEAK_FLOOR: peaked at +2  round trip from +2.19%  -0.10R  TAKER
22:06:58 |    📓 C444: MON exited on C377_RISK_STOP: -1.38% = at index 0.17 — 30min later the price
    is +1.16% (+0.65R) FURTHER IN OUR FAVOUR — held would have been better
22:06:58 |    🎯 C462-6 MAKER half filled PEPE @$0.0000039836 — saved ~0.04% of the half notional (2
    this session)
  -> 22:06  HALF   PEPE LONG @0.0000039836  +1.63% $+0.28
       win half banked  maker  $8.72 rides on
 
 
  22:09  up 2h04m  scan 22 -----------------------------------------------------------------------
  EQUITY    $250.46  unreal $+0.43
  SESSION   $-0.20 -0.08%  peak $251.35  dd 0.35%
  CURVE     ++++*+=++=++=+-+---=
  DAY       real $+0.03  loss room $1.80 (0.72%)  0% used  vol x1.06  trust x1.00
            ..........................
  RECORD    4 closed  1W 3L  win 25%  payoff 0.45  avg $-0.34/tr  best $+0.24  worst $-0.77
            break-even 69%
  LIFETIME  10tr 3W 7L 30%  $+0.03
  OPEN      1 pos $8.72 (3%)  free $241.31
  FEES      $0.15  mk7/tk3  0.058% of eq
  SCAN      797 > 1 > 0 passed  top PEPE 0.52 (post_penalty_quali)  22 scans, 618 analysed
  MARKET    TRENDING  bias +0.59  breadth +0.00  taker flow -0.48
  NEWS      65 articles  + tone +0.43  XRP +0.36  BNB +0.28  ARB -0.24
  INFO      1 tilted  flow/news/oi on 116
  MOVERS    AKE +136% #5  ONE +86% #8  AR +42% #13  ZAMA +41% #23
  TAPE      + - - -
  ------------------------------------------------------------------------------------------------
  PAIR     SIDE       ENTRY      MARK    MOVE     P&L   AGE  THESIS
  PEPE     LONG  0.00000391960.0000040197  +2.55%   +0.43    8m  + 52% left
  ------------------------------------------------------------------------------------------------
 
22:09:28 | 🎯 EXIT SIGNAL: PEPE/USDT:USDT - EARLY_PEAK_CAPTURE: peak=+5.7%(3.0PRU) now=+3.8%
    gave=32%(1.0PRU)
22:09:28 |    🎯 C376 MAKER exit filled PEPE @$0.0000039971 — saved ~0.04%% of notional (2 this
    session)
  << 22:09  CLOSE  PEPE LONG @0.0000039971  +1.98% $+0.34  WIN
       held 8m  EARLY_PEAK_CAPTURE: peak  kept 70% of a +2.83% peak  +1.19R  maker
22:13:52 |    🪞 C266 board-parity (top movers vs screen): AKE +123%[#5] | ONE +85%[#8] | AR
    +45%[#13] | ZAMA +43%[Live=0.52<cut] | B2 +40%[#20]
22:14:14 | 📊 Step 3 result: 9 analyzed (+51 cached this 15m candle) → 0 passed | low_confidence=5,
    low_score=2, thin_expectancy=48, post_penalty_quality=1, regime_blip=1, flat_projection=2,
    low_quality=1
22:14:14 |    📌 Nearest miss: MARSCOIN score=0.024 conf=0.386 quality=0.009/0.26 reason=score 0.024
    < 0.420
 
 
  22:17  up 2h12m  scan 23 -----------------------------------------------------------------------
  EQUITY    $250.36
  SESSION   $-0.30 -0.12%  peak $251.35  dd 0.39%
  CURVE     ++++*+=++=++=+-+---===
  DAY       real $+0.36  loss room $2.16 (0.86%)  0% used  vol x1.06  trust x1.20
            ..........................
  RECORD    5 closed  2W 3L  win 40%  payoff 0.54  avg $-0.20/tr  best $+0.34  worst $-0.77
            break-even 65%
  LIFETIME  11tr 4W 7L 36%  $+0.36
  OPEN      flat  free $250.36
  FEES      $0.15  mk8/tk3  0.059% of eq
  SCAN      797 > 9 > 0 passed  top MARSCOIN 0.02 (score 0.024 < 0.42)  23 scans, 627 analysed
  MARKET    TRENDING  bias +0.52  breadth +0.00  taker flow +0.33
  NEWS      65 articles  - tone -0.08  XRP +0.36  BNB +0.28  ARB -0.24
  INFO      1 tilted  flow/news/oi on 116
  MOVERS    AKE +123% #5  ONE +85% #8  AR +45% #13  ZAMA +43% cut
  TAPE      + - - - +
  ------------------------------------------------------------------------------------------------
 
22:20:48 |    🎢→⚖️ B2: C292 stands down — parabola BROKEN (range 15×ATR, 6.4 ATR off the day
    extreme): the 24h 'trend' already failed structurally; counter-trend entry re-enters the TURNING
    path [C299]
22:20:59 |    🎢→⚖️ ZEN: C292 stands down — parabola BROKEN (range 32×ATR, 12.7 ATR off the day
    extreme): the 24h 'trend' already failed structurally; counter-trend entry re-enters the TURNING
    path [C299]
22:21:22 | 📊 Step 3 result: 60 analyzed → 0 passed | low_score=7, regime_blip=1,
    absorption_at_extreme=1, thin_expectancy=48, micro_wave=1, fee_floor=1, ct_noisy_block=1
22:21:22 |    📌 Nearest miss: ONDO score=0.737 conf=0.748 quality=0.552/0.26 reason=micro_wave
  .. 22:25  flat  $250.36  $-0.30 -0.12%  2W 3L 40%  60 analysed
22:26:28 |    🪞 C266 board-parity (top movers vs screen): AKE +124%[#4] | ONE +86%[#8] | AR
    +43%[#12] | B2 +40%[#19] | ZAMA +39%[#21]
22:26:56 | 📊 Step 3 result: 13 analyzed (+47 cached this 15m candle) → 0 passed | low_score=5,
    regime_blip=1, absorption_at_extreme=1, thin_expectancy=49, micro_wave=1, ct_noisy_block=1,
    fee_floor=1, vol_floor=1
22:26:56 |    📌 Nearest miss: ZIL score=0.883 conf=0.950 quality=0.839/0.26 reason=vol_floor
22:32:45 |    🎢→⚖️ ZEN: C292 stands down — parabola BROKEN (range 30×ATR, 13.3 ATR off the day
    extreme): the 24h 'trend' already failed structurally; counter-trend entry re-enters the TURNING
    path [C299]
22:33:18 | 📊 Step 3 result: 60 analyzed → 2 viable → Step 4 DRI/DSI
22:33:19 |    🎲 C378 odds-size: orderliness 0.28 -> risk x0.87 ($0.742)
22:33:19 |    🔒 C378 stop level $0.2143 recorded (paper — C377 enforces it in-process) [C397
    tick-legal]
  >> 22:33  OPEN   WIF LONG @0.216500  x2 $35.48
       target +3.6%  stop -1.0%  entry score 0.51  maker
22:33:21 |    🎲 C378 odds-size: orderliness 0.11 -> risk x0.76 ($0.652)
22:33:21 |    🔒 C378 stop level $0.003035 recorded (paper — C377 enforces it in-process) [C397
    tick-legal]
  >> 22:33  OPEN   1000BONK LONG @0.00307000  x2 $28.09
       target +4.0%  stop -1.2%  entry score 0.66  maker
 
 
  22:33  up 2h28m  scan 26 -----------------------------------------------------------------------
  EQUITY    $250.27  unreal $-0.09
  SESSION   $-0.39 -0.16%  peak $251.35  dd 0.43%
  CURVE     ++++*+=++=++=+-+=--=====
  DAY       real $+0.36  loss room $2.36 (0.94%)  0% used  vol x1.15  trust x1.20
            ..........................
  RECORD    5 closed  2W 3L  win 40%  payoff 0.54  avg $-0.20/tr  best $+0.34  worst $-0.77
            break-even 65%
  LIFETIME  11tr 4W 7L 36%  $+0.36
  OPEN      2 pos $63.57 (25%)  free $186.79
  FEES      $0.17  mk10/tk3  0.070% of eq
  SCAN      797 > 60 > 2 passed  top 1000BONK 0.66 (viable)  26 scans, 760 analysed
  MARKET    TRENDING  bias +0.58  breadth +0.23  taker flow -0.18
  NEWS      65 articles  - tone -0.08  HYPE +0.55  NEAR +0.36  BNB +0.28
  INFO      2 tilted  flow/news/oi on 124
  MOVERS    AKE +124% #4  ONE +86% #8  AR +43% #12  B2 +40% #19
  TAPE      + - - - +
  ------------------------------------------------------------------------------------------------
  PAIR     SIDE       ENTRY      MARK    MOVE     P&L   AGE  THESIS
  WIF      LONG    0.216500  0.216600  +0.05%   -0.02    0m  - 100% left
  1000BONK LONG  0.003070000.00306900  -0.03%   -0.06    0m  - 100% left
  ------------------------------------------------------------------------------------------------
 
22:36:28 |    🪞 C266 board-parity (top movers vs screen): AKE +135%[Live=0.32<cut] | ONE +88%[#6] |
    AR +46%[#12] | ZAMA +43%[#20] | B2 +42%[#17]
22:37:02 | 📊 Step 3 result: 13 analyzed (+47 cached) → 1 viable → Step 4 DRI/DSI
22:40:06 |    🎯 C462-6 MAKER half filled 1000BONK @$0.00310200 — saved ~0.04% of the half notional
    (3 this session)
  -> 22:40  HALF   1000BONK LONG @0.00310200  +1.04% $+0.28
       win half banked  maker  $14.04 rides on
22:40:18 | 📊 Step 3 result: 1 analyzed (+59 cached this 15m candle) → 0 passed | low_score=5,
    thin_expectancy=44, flat_projection=2, reentry_chase=1, post_penalty_low=2,
    late_leg_no_forward=2, no_structural_room=1, post_penalty_quality=1, regime_blip=1, vol_floor=1
 
 
  22:41  up 2h36m  scan 28 -----------------------------------------------------------------------
  EQUITY    $250.60  unreal $-0.04
  SESSION   $-0.06 -0.03%  peak $251.35  dd 0.30%
  CURVE     +++**+=++=++=+-+---=====+
  DAY       real $+0.64  loss room $1.61 (0.65%)  0% used  vol x0.79  trust x1.20
            ..........................
  RECORD    5 closed  2W 3L  win 40%  payoff 0.54  avg $-0.20/tr  best $+0.34  worst $-0.77
            break-even 65%
  LIFETIME  11tr 4W 7L 36%  $+0.64
  OPEN      2 pos $49.52 (20%)  free $201.12
  FEES      $0.18  mk11/tk3  0.072% of eq
  SCAN      797 > 1 > 0 passed  28 scans, 774 analysed
  MARKET    TRENDING  bias +0.59  breadth +0.39  taker flow -0.18
  NEWS      65 articles  - tone -0.08  HYPE +0.55  NEAR +0.36  BNB +0.28
  INFO      1 tilted  flow/news/oi on 127
  MOVERS    AKE +135% cut  ONE +88% #6  AR +46% #12  ZAMA +43% #20
  TAPE      + - - - +
  ------------------------------------------------------------------------------------------------
  PAIR     SIDE       ENTRY      MARK    MOVE     P&L   AGE  THESIS
  WIF      LONG    0.216500  0.215600  -0.42%   -0.35    8m  - 36% left
  1000BONK LONG  0.003070000.00310600  +1.17%   +0.31    8m  + 55% left
  ------------------------------------------------------------------------------------------------
 
22:46:42 |    🪞 C266 board-parity (top movers vs screen): AKE +117%[#5] | ONE +80%[#8] | ZAMA
    +46%[#18] | AR +41%[#14] | B2 +39%[Live=0.31<cut]
22:47:28 |    ⚖️ C462-7 FARTCOIN: penalties 0.55→0.32 (×0.59) vs bar 0.38 — the stack decided
22:47:32 |    🎢→⚖️ ZEN: C292 stands down — parabola BROKEN (range 30×ATR, 14.4 ATR off the day
    extreme): the 24h 'trend' already failed structurally; counter-trend entry re-enters the TURNING
    path [C299]
22:47:45 |    ⚖️ C462-7 ZIL: penalties 0.66→0.29 (×0.44) vs bar 0.42 — the stack decided
22:47:47 | 📊 Step 3 result: 60 analyzed → 2 viable → Step 4 DRI/DSI
 
  22:49  up 2h44m  scan 29 -----------------------------------------------------------------------
  EQUITY    $251.39  unreal $+0.75
  SESSION   $+0.73 +0.29%
  CURVE     ++++*+=++=++=+-+--_=====+#
  DAY       real $+0.64  loss room $1.61 (0.65%)  0% used  vol x0.79  trust x1.20
            ..........................
  RECORD    5 closed  2W 3L  win 40%  payoff 0.54  avg $-0.20/tr  best $+0.34  worst $-0.77
            break-even 65%
  LIFETIME  11tr 4W 7L 36%  $+0.64
  OPEN      2 pos $49.52 (20%)  free $201.12
  FEES      $0.18  mk11/tk3  0.072% of eq
  SCAN      797 > 60 > 2 passed  top 1000BONK 0.74 (viable)  29 scans, 834 analysed
  MARKET    TRENDING  bias +0.62  breadth +0.00  taker flow +0.21
  NEWS      65 articles  + tone +0.37  HYPE +0.55  NEAR +0.36  BNB +0.28
  INFO      2 tilted  flow/news/oi on 129
  MOVERS    AKE +117% #5  ONE +80% #8  ZAMA +46% #18  AR +41% #14
  TAPE      + - - - +
  ------------------------------------------------------------------------------------------------
  PAIR     SIDE       ENTRY      MARK    MOVE     P&L   AGE  THESIS
  WIF      LONG    0.216500  0.217600  +0.51%   +0.30   16m  + 37% left
  1000BONK LONG  0.003070000.00312100  +1.66%   +0.44   16m  + 57% left
  ------------------------------------------------------------------------------------------------
 
22:49:53 | 🎯 EXIT SIGNAL: 1000BONK/USDT:USDT - EARLY_PEAK_CAPTURE: peak=+4.2%(2.7PRU) now=+3.3%
    gave=20%(0.5PRU)
22:49:53 |    🎯 C376 MAKER exit filled 1000BONK @$0.00312000 — saved ~0.04%% of notional (3 this
    session)
  << 22:49  CLOSE  1000BONK LONG @0.00312000  +1.63% $+0.45  WIN
       held 16m  EARLY_PEAK_CAPTURE: peak  kept 78% of a +2.08% peak  +1.05R  maker
22:51:13 | 📊 Step 3 result: 2 analyzed (+58 cached) → 1 viable → Step 4 DRI/DSI
22:51:14 |    🎲 C378 odds-size: orderliness 0.23 -> risk x0.84 ($0.721)
22:51:14 |    🔒 C378 stop level $0.008164 recorded (paper — C377 enforces it in-process) [C397
    tick-legal]
  >> 22:51  OPEN   PENGU LONG @0.00831900  x1 $38.61
       target +6.5%  stop -1.9%  entry score 0.67  maker
22:53:33 | 🎯 EXIT SIGNAL: WIF/USDT:USDT - REL_TRAIL: peak=+1.8%(1.2PRU) gave=1.0PRU > trail=0.9PRU
    cont=-0.11
  << 22:53  CLOSE  WIF LONG @0.216600  +0.05% $-0.02  LOSS
       held 20m  REL_TRAIL: peak=+1.8%(1.  kept 5% of a +0.88% peak  +0.03R  TAKER
22:54:31 | 📊 Step 3 result: 1 analyzed (+59 cached this 15m candle) → 0 passed | low_score=2,
    regime_blip=2, flat_projection=1, thin_expectancy=50, reentry_chase=1, low_quality=2,
    capitulation=2
22:54:31 |    📌 Nearest miss: PENGU score=0.564 (pre-pen 1.00) conf=0.375 quality=0.212/0.26
    reason=quality 0.212 < 0.293
22:56:31 |    🛑 C377 HARD STOP PENGU: -1.91% <= -1.87% (0.8R, R=2.49%) — arithmetic, not opinion
22:56:31 | ❌ LOSS: PENGU/USDT:USDT | C377_RISK_STOP: -1.91% = -0.77R
  << 22:56  CLOSE  PENGU LONG @0.00816300  -1.88% $-0.75  LOSS
       held 5m  C377_RISK_STOP: -1.91% =  -0.75R  TAKER
 
 
  22:57  up 2h52m  scan 31 -----------------------------------------------------------------------
  EQUITY    $250.31
  SESSION   $-0.35 -0.14%  peak $251.39  dd 0.43%
  CURVE     ++++*+=++=++=+-+---=====+***==
  DAY       real $+0.31  loss room $1.70 (0.68%)  0% used  vol x0.99  trust x1.25  month guard
            ..........................
  RECORD    8 closed  3W 5L  win 38%  payoff 0.72  avg $-0.17/tr  best $+0.45  worst $-0.77
            break-even 58%
  LIFETIME  14tr 5W 9L 36%  $+0.31
  OPEN      flat  free $250.31
  FEES      $0.26  mk13/tk5  0.103% of eq
  SCAN      797 > 1 > 0 passed  top PENGU 0.56 (quality 0.212 < 0.)  31 scans, 837 analysed
  MARKET    TRENDING  bias +0.60  breadth +0.00  taker flow +0.31
  NEWS      65 articles  + tone +0.37  ONE +0.70  ZEC +0.47  NEAR +0.36
  INFO      1 tilted  flow/news/oi on 129
            info>0 6tr $-0.26 win 33%  info≤0 1tr $-0.02 win 0%
  MOVERS    AKE +117% #5  ONE +80% #8  ZAMA +46% #18  AR +41% #14
  TAPE      + - - - + + - -
  ------------------------------------------------------------------------------------------------
 
23:03:38 |    🪞 C266 board-parity (top movers vs screen): AKE +94%[#6] | ONE +84%[#8] | ZAMA
    +38%[Live=0.45<cut] | SYN +37%[Live=0.28<cut] | AR +34%[#17]
23:03:57 |    🎢→⚖️ AKE: C292 stands down — parabola BROKEN (range 26×ATR, 6.4 ATR off the day
    extreme): the 24h 'trend' already failed structurally; counter-trend entry re-enters the TURNING
    path [C299]
23:04:00 |    ⚖️ C462-7 PEPE: penalties 0.90→0.54 (×0.60) vs bar 0.54 — the stack decided
23:04:04 |    🎢→⚖️ AR: C292 stands down — parabola BROKEN (range 13×ATR, 3.7 ATR off the day
    extreme): the 24h 'trend' already failed structurally; counter-trend entry re-enters the TURNING
    path [C299]
23:04:22 |    ⚖️ C462-7 1000BONK: penalties 0.73→0.51 (×0.70) vs bar 0.54 — the stack decided
23:04:39 |    ⚖️ C462-7 HOME: penalties 1.02→0.46 (×0.45) vs bar 0.54 — the stack decided
23:04:42 | 📊 Step 3 result: 59 analyzed → 1 viable → Step 4 DRI/DSI
  .. 23:05  flat  $250.31  $-0.35 -0.14%  3W 5L 38%  59 analysed
23:09:55 | 📊 Step 3 result: 1 analyzed (+58 cached this 15m candle) → 0 passed | low_score=7,
    thin_expectancy=36, news_tech_conflict=1, flat_projection=6, proj_confirms_trend=1,
    capitulation=2, ct_noisy_block=2, vol_floor=2, no_structural_room=2
  .. 23:13  flat  $250.31  $-0.35 -0.14%  3W 5L 38%  1 analysed
23:15:01 |    🪞 C266 board-parity (top movers vs screen): AKE +90%[#6] | ONE +88%[#7] | ZAMA
    +41%[Live=0.45<cut] | SYN +35%[Live=0.27<cut] | EPIC +34%[#29]
23:15:20 |    🎢→⚖️ AKE: C292 stands down — parabola BROKEN (range 26×ATR, 6.4 ATR off the day
    extreme): the 24h 'trend' already failed structurally; counter-trend entry re-enters the TURNING
    path [C299]
23:15:26 |    🎢→⚖️ AR: C292 stands down — parabola BROKEN (range 13×ATR, 3.7 ATR off the day
    extreme): the 24h 'trend' already failed structurally; counter-trend entry re-enters the TURNING
    path [C299]
23:15:58 | 📊 Step 3 result: 59 analyzed → 0 passed | thin_expectancy=50, flat_projection=7,
    proj_confirms_trend=1, vol_floor=1
23:15:58 |    📌 Nearest miss: BERA score=0.579 (pre-pen 1.00) conf=0.654 quality=0.379/0.26
    reason=vol_floor
  .. 23:21  flat  $250.31  $-0.35 -0.14%  3W 5L 38%  59 analysed
23:26:25 |    🪞 C266 board-parity (top movers vs screen): ONE +92%[#7] | AKE +80%[#6] | ZAMA
    +40%[#22] | SYN +38%[Live=0.10<cut] | EPIC +34%[#32]
23:26:32 |    📓 C444: PENGU exited on C377_RISK_STOP: -1.91% = at index 0.58 — 30min later the price
    is -0.72% (-0.29R) lower — the exit protected capital
23:26:41 |    🎢→⚖️ B2: C292 stands down — parabola BROKEN (range 13×ATR, 7.4 ATR off the day
    extreme): the 24h 'trend' already failed structurally; counter-trend entry re-enters the TURNING
    path [C299]
23:26:44 |    🎢→⚖️ STX: C292 stands down — parabola BROKEN (range 20×ATR, 7.6 ATR off the day
    extreme): the 24h 'trend' already failed structurally; counter-trend entry re-enters the TURNING
    path [C299]
23:26:47 |    🎢→⚖️ MAGMA: C292 stands down — parabola BROKEN (range 39×ATR, 21.6 ATR off the day
    extreme): the 24h 'trend' already failed structurally; counter-trend entry re-enters the TURNING
    path [C299]
23:26:47 | 📊 Step 3 result: 11 analyzed (+48 cached this 15m candle) → 0 passed |
    thin_expectancy=51, flat_projection=4, proj_confirms_trend=2, ct_noisy_block=1, vol_floor=1
 
 
  23:29  up 3h24m  scan 35 -----------------------------------------------------------------------
  EQUITY    $250.31
  SESSION   $-0.35 -0.14%  peak $251.39  dd 0.43%
  CURVE     ++++*+=++=++=+-+---=====+***======
  DAY       real $+0.31  loss room $1.70 (0.68%)  0% used  vol x0.96  trust x1.25  month guard
            ..........................
  RECORD    8 closed  3W 5L  win 38%  payoff 0.72  avg $-0.17/tr  best $+0.45  worst $-0.77
            break-even 58%
  LIFETIME  14tr 5W 9L 36%  $+0.31
  OPEN      flat  free $250.31
  FEES      $0.26  mk13/tk5  0.103% of eq
  SCAN      797 > 11 > 0 passed  35 scans, 967 analysed
  MARKET    TRENDING  bias +0.34  breadth +0.00  taker flow -0.06
  NEWS      65 articles  + tone +0.27  ONE +0.70  ZEC +0.47  BNB +0.28
  INFO      1 tilted  flow/news/oi on 132
            info>0 6tr $-0.26 win 33%  info≤0 1tr $-0.02 win 0%
  MOVERS    ONE +92% #7  AKE +80% #6  ZAMA +40% #22  SYN +38% cut
  TAPE      + - - - + + - -
  ------------------------------------------------------------------------------------------------
 
23:32:16 |    🎢→⚖️ AR: C292 stands down — parabola BROKEN (range 15×ATR, 4.3 ATR off the day
    extreme): the 24h 'trend' already failed structurally; counter-trend entry re-enters the TURNING
    path [C299]
23:32:20 |    🎢→⚖️ B2: C292 stands down — parabola BROKEN (range 13×ATR, 7.7 ATR off the day
    extreme): the 24h 'trend' already failed structurally; counter-trend entry re-enters the TURNING
    path [C299]
23:32:31 |    ⚖️ C462-7 SHIB: penalties 0.54→0.49 (×0.90) vs bar 0.50 — the stack decided
23:32:54 |    🎢→⚖️ MAGMA: C292 stands down — parabola BROKEN (range 38×ATR, 21.3 ATR off the day
    extreme): the 24h 'trend' already failed structurally; counter-trend entry re-enters the TURNING
    path [C299]
23:32:55 | 📊 Step 3 result: 59 analyzed → 0 passed | low_score=4, thin_expectancy=49,
    flat_projection=4, proj_confirms_trend=1, flow_veto=1
23:32:55 |    📌 Nearest miss: 1000BONK score=0.636 (pre-pen 0.94) conf=0.895 quality=0.570/0.26
    reason=real-CVD veto -0.56
23:36:48 |    🔭 C456: MON exited on C377_RISK_STOP: -1.38% = — at its OWN thesis horizon (120min)
    the price is +1.04% (+0.58R) FURTHER IN OUR FAVOUR — held would have been better
  .. 23:37  flat  $250.31  $-0.35 -0.14%  3W 5L 38%  59 analysed
23:38:01 |    🪞 C266 board-parity (top movers vs screen): ONE +88%[#7] | AKE +76%[#6] | SYN
    +39%[Live=0.25<cut] | ZAMA +39%[#21] | EPIC +35%[#29]
23:38:21 | 📊 Step 3 result: 8 analyzed (+51 cached this 15m candle) → 0 passed | low_score=4,
    thin_expectancy=47, flat_projection=6, proj_confirms_trend=1, flow_veto=1
  .. 23:45  flat  $250.31  $-0.35 -0.14%  3W 5L 38%  8 analysed
23:48:40 |    🪞 C266 board-parity (top movers vs screen): ONE +98%[#7] | AKE +74%[#6] | ZAMA
    +43%[Live=0.24<cut] | EPIC +38%[#34] | SYN +37%[#27]
23:49:06 |    🎢→⚖️ AR: C292 stands down — parabola BROKEN (range 14×ATR, 3.4 ATR off the day
    extreme): the 24h 'trend' already failed structurally; counter-trend entry re-enters the TURNING
    path [C299]
23:49:32 | 📊 Step 3 result: 59 analyzed → 0 passed | thin_expectancy=56, flat_projection=3
  .. 23:53  flat  $250.31  $-0.35 -0.14%  3W 5L 38%  59 analysed
23:59:54 |    🪞 C266 board-parity (top movers vs screen): ONE +134%[#6] | AKE +81%[#7] | ZAMA
    +45%[Live=0.22<cut] | SYN +36%[#30] | XTZ +34%[Live=0.16<cut]
00:00:22 |    🎢→⚖️ AR: C292 stands down — parabola BROKEN (range 13×ATR, 4.0 ATR off the day
    extreme): the 24h 'trend' already failed structurally; counter-trend entry re-enters the TURNING
    path [C299]
00:00:54 |    🎢→⚖️ MAGMA: C292 stands down — parabola BROKEN (range 38×ATR, 20.9 ATR off the day
    extreme): the 24h 'trend' already failed structurally; counter-trend entry re-enters the TURNING
    path [C299]
00:00:54 | 📊 Step 3 result: 59 analyzed → 0 passed | low_score=5, thin_expectancy=48,
    flat_projection=5, no_structural_room=1
00:00:54 |    📌 Nearest miss: SHIB score=0.147 (pre-pen 0.24) conf=0.372 quality=0.055/0.26
    reason=score 0.147 < 0.591
 
 
  00:01  up 3h56m  scan 39 -----------------------------------------------------------------------
  EQUITY    $250.31
  SESSION   $-0.35 -0.14%  peak $251.39  dd 0.43%
  CURVE     ++++*+=++=++=+-+---=====+***==========
  DAY       real $+0.00  loss room $1.71 (0.68%)  0% used  vol x1.11  trust x1.25  month guard
            ..........................
  RECORD    8 closed  3W 5L  win 38%  payoff 0.72  avg $-0.17/tr  best $+0.45  worst $-0.77
            break-even 58%
  LIFETIME  14tr 5W 9L 36%  $+0.31
  OPEN      flat  free $250.31
  FEES      $0.26  mk13/tk5  0.103% of eq
  SCAN      797 > 59 > 0 passed  top SHIB 0.15 (score 0.147 < 0.59)  39 scans, 1152 analysed
  MARKET    MIXED  bias +0.15  breadth +0.00  taker flow -0.15
  NEWS      65 articles  + tone +0.25  RENDER +0.83  ADA +0.70  NEAR +0.47
  INFO      1 tilted  flow/news/oi on 132
            info>0 6tr $-0.26 win 33%  info≤0 1tr $-0.02 win 0%
  MOVERS    ONE +134% #6  AKE +81% #7  ZAMA +45% cut  SYN +36% #30
  TAPE      + - - - + + - -
  ------------------------------------------------------------------------------------------------
 
  .. 00:09  flat  $250.31  $-0.35 -0.14%  3W 5L 38%  59 analysed
00:11:12 |    🪞 C266 board-parity (top movers vs screen): ONE +139%[#6] | AKE +78%[#7] | ZAMA
    +46%[#20] | SYN +37%[#30] | EPIC +35%[#40]
00:11:34 | 📊 Step 3 result: 11 analyzed (+48 cached this 15m candle) → 0 passed | low_score=4,
    thin_expectancy=49, flat_projection=4, no_structural_room=2
00:11:34 |    📌 Nearest miss: COTI score=0.379 conf=0.682 quality=0.258/0.26 reason=score 0.242 <
    0.583
00:17:33 |    🎢→⚖️ MAGMA: C292 stands down — parabola BROKEN (range 42×ATR, 22.7 ATR off the day
    extreme): the 24h 'trend' already failed structurally; counter-trend entry re-enters the TURNING
    path [C299]
00:17:33 | 📊 Step 3 result: 59 analyzed → 0 passed | low_score=6, ct_noisy_block=5,
    thin_expectancy=47, flat_projection=1
00:17:33 |    📌 Nearest miss: XLM score=0.304 conf=0.500 quality=0.152/0.26 reason=score 0.304 <
    0.483
  .. 00:17  flat  $250.31  $-0.35 -0.14%  3W 5L 38%  59 analysed
00:22:38 |    🪞 C266 board-parity (top movers vs screen): ONE +137%[#5] | AKE +63%[#6] | ZAMA
    +50%[#15] | SYN +36%[#28] | EPIC +32%[#37]
00:23:06 |    🧭 C458-17: exploration is due but the best refusal (vol_floor) is a RISK gate, not a
    measurement gate — standing down. Exploration is a reason to accept UNCERTAINTY, never DANGER.
00:23:06 | 📊 Step 3 result: 15 analyzed (+44 cached this 15m candle) → 0 passed | low_score=3,
    ct_noisy_block=3, thin_expectancy=50, flat_projection=2, vol_floor=1
00:23:06 |    📌 Nearest miss: ZIL score=1.028 conf=0.950 quality=0.976/0.26 reason=vol_floor
  .. 00:25  flat  $250.31  $-0.35 -0.14%  3W 5L 38%  15 analysed
00:33:28 |    🪞 C266 board-parity (top movers vs screen): ONE +134%[#6] | AKE +73%[#7] | ZAMA
    +48%[#21] | SYN +40%[Live=0.35<cut] | EPIC +38%[#39]
00:33:51 |    🎢→⚖️ AR: C292 stands down — parabola BROKEN (range 14×ATR, 4.2 ATR off the day
    extreme): the 24h 'trend' already failed structurally; counter-trend entry re-enters the TURNING
    path [C299]
00:34:16 |    🧭 C458-17: exploration is due but the best refusal (score 0.421 < 0.483) is a RISK
    gate, not a measurement gate — standing down. Exploration is a reason to accept UNCERTAINTY,
    never DANGER.
00:34:16 | 📊 Step 3 result: 59 analyzed → 0 passed | low_confidence=1, low_score=8,
    thin_expectancy=35, flat_projection=15
00:34:16 |    📌 Nearest miss: MINA score=0.421 conf=0.745 quality=0.314/0.26 reason=score 0.421 <
    0.483
 
 
  00:34  up 4h29m  scan 43 -----------------------------------------------------------------------
  EQUITY    $250.31
  SESSION   $-0.35 -0.14%  peak $251.39  dd 0.43%
  CURVE     ++++*+=++=++=+-+---=====+***==============
  DAY       real $+0.00  loss room $1.71 (0.68%)  0% used  vol x1.07  trust x1.25  month guard
            ..........................
  RECORD    8 closed  3W 5L  win 38%  payoff 0.72  avg $-0.17/tr  best $+0.45  worst $-0.77
            break-even 58%
  LIFETIME  14tr 5W 9L 36%  $+0.31
  OPEN      flat  free $250.31
  FEES      $0.26  mk13/tk5  0.103% of eq
  SCAN      797 > 59 > 0 passed  top MINA 0.42 (score 0.421 < 0.48)  43 scans, 1296 analysed
  MARKET    MIXED  bias +0.05  breadth +0.00  taker flow -0.31
  NEWS      65 articles  + tone +0.21  DOGE +0.81  LTC +0.70  HYPE +0.63
  INFO      1 tilted  flow/news/oi on 132
            info>0 6tr $-0.26 win 33%  info≤0 1tr $-0.02 win 0%
  MOVERS    ONE +134% #6  AKE +73% #7  ZAMA +48% #21  SYN +40% cut
  TAPE      + - - - + + - -
  ------------------------------------------------------------------------------------------------
 
  .. 00:42  flat  $250.31  $-0.35 -0.14%  3W 5L 38%  59 analysed
00:44:34 |    🪞 C266 board-parity (top movers vs screen): ONE +138%[#6] | AKE +78%[#7] | ZAMA
    +47%[#20] | SYN +40%[Live=0.35<cut] | EPIC +38%[#39]
00:44:53 | 📊 Step 3 result: 2 analyzed (+57 cached this 15m candle) → 0 passed | low_confidence=1,
    low_score=8, thin_expectancy=35, flat_projection=15
00:50:20 |    🎢→⚖️ AR: C292 stands down — parabola BROKEN (range 14×ATR, 5.0 ATR off the day
    extreme): the 24h 'trend' already failed structurally; counter-trend entry re-enters the TURNING
    path [C299]
00:50:52 |    🧭 C458-17: exploration is due but the best refusal (score 0.289 < 0.483) is a RISK
    gate, not a measurement gate — standing down. Exploration is a reason to accept UNCERTAINTY,
    never DANGER.
00:50:52 | 📊 Step 3 result: 59 analyzed → 0 passed | low_confidence=1, low_score=9,
    thin_expectancy=44, flat_projection=5
00:50:52 |    📌 Nearest miss: STX score=0.289 conf=0.540 quality=0.156/0.26 reason=score 0.289 <
    0.483
  .. 00:50  flat  $250.31  $-0.35 -0.14%  3W 5L 38%  59 analysed
00:55:58 |    🪞 C266 board-parity (top movers vs screen): ONE +143%[#7] | AKE +84%[#6] | ZAMA
    +48%[#19] | SYN +42%[Live=0.20<cut] | EPIC +41%[#36]
00:56:16 |    ⚖️ C462-7 JUP: penalties 0.55→0.22 (×0.40) vs bar 0.48 — the stack decided
00:56:20 |    🧭 C458-17: exploration is due but the best refusal (score 0.220 < 0.483) is a RISK
    gate, not a measurement gate — standing down. Exploration is a reason to accept UNCERTAINTY,
    never DANGER.
00:56:20 | 📊 Step 3 result: 12 analyzed (+47 cached this 15m candle) → 0 passed | low_confidence=1,
    low_score=7, thin_expectancy=46, flat_projection=5
00:56:20 |    📌 Nearest miss: JUP score=0.293 (pre-pen 0.55) conf=0.389 quality=0.114/0.26
    reason=score 0.220 < 0.483
00:56:32 |    🔭 C456: PENGU exited on C377_RISK_STOP: -1.91% = — at its OWN thesis horizon (120min)
    the price is +0.21% (+0.08R) inside the noise band — the exit was neutral
  .. 00:58  flat  $250.31  $-0.35 -0.14%  3W 5L 38%  12 analysed
01:02:21 |    🧭 C458-17: exploration is due but the best refusal (score 0.268 < 0.483) is a RISK
    gate, not a measurement gate — standing down. Exploration is a reason to accept UNCERTAINTY,
    never DANGER.
01:02:21 | 📊 Step 3 result: 60 analyzed → 0 passed | low_score=7, flat_projection=9,
    thin_expectancy=43, no_structural_room=1
01:02:21 |    📌 Nearest miss: MINA score=0.358 conf=0.868 quality=0.310/0.26 reason=score 0.268 <
    0.483
 
 
  01:06  up 5h02m  scan 47 -----------------------------------------------------------------------
  EQUITY    $250.31
  SESSION   $-0.35 -0.14%  peak $251.39  dd 0.43%
  CURVE     ++++*+=++=++=+-+---=====+***==================
  DAY       real $+0.00  loss room $1.71 (0.68%)  0% used  vol x0.87  trust x1.25  month guard
            ..........................
  RECORD    8 closed  3W 5L  win 38%  payoff 0.72  avg $-0.17/tr  best $+0.45  worst $-0.77
            break-even 58%
  LIFETIME  14tr 5W 9L 36%  $+0.31
  OPEN      flat  free $250.31
  FEES      $0.26  mk13/tk5  0.103% of eq
  SCAN      797 > 60 > 0 passed  top MINA 0.36 (score 0.268 < 0.48)  47 scans, 1429 analysed
  MARKET    MIXED  bias +0.05  breadth -0.17  taker flow +0.05
  NEWS      65 articles  + tone +0.30  NEAR +0.74  SUI +0.74  AR +0.63
  INFO      1 tilted  flow/news/oi on 132
            info>0 6tr $-0.26 win 33%  info≤0 1tr $-0.02 win 0%
  MOVERS    ONE +143% #7  AKE +84% #6  ZAMA +48% #19  SYN +42% cut
  TAPE      + - - - + + - -
  ------------------------------------------------------------------------------------------------
 
01:07:30 |    🪞 C266 board-parity (top movers vs screen): ONE +146%[#7] | AKE +101%[#6] | ZAMA
    +46%[#21] | EPIC +40%[#35] | SYN +39%[Live=0.29<cut]
01:07:50 | 📊 Step 3 result: 12 analyzed (+48 cached this 15m candle) → 0 passed | low_score=5,
    flat_projection=10, thin_expectancy=44, no_structural_room=1
  .. 01:14  flat  $250.31  $-0.35 -0.14%  3W 5L 38%  12 analysed
01:18:09 |    🪞 C266 board-parity (top movers vs screen): ONE +144%[#5] | AKE +119%[#4] | ZAMA
    +50%[#18] | G +41%[#9] | EPIC +40%[#34]
01:18:58 | 📊 Step 3 result: 60 analyzed → 0 passed | thin_expectancy=50, no_structural_room=2,
    flat_projection=1, ct_noisy_block=6, capitulation=1
  .. 01:22  flat  $250.31  $-0.35 -0.14%  3W 5L 38%  60 analysed
01:29:16 |    🪞 C266 board-parity (top movers vs screen): ONE +148%[#4] | AKE +77%[#5] | ZAMA
    +46%[#19] | SYN +40%[#26] | EPIC +40%[#35]
01:29:29 | 📊 Step 3 result: 1 analyzed (+59 cached this 15m candle) → 0 passed | thin_expectancy=49,
    no_structural_room=2, flat_projection=1, fee_floor=1, ct_noisy_block=6, capitulation=1
  .. 01:30  flat  $250.31  $-0.35 -0.14%  3W 5L 38%  1 analysed
01:35:29 |    🧭 C458-17: exploration is due but the best refusal (score 0.341 < 0.594) is a RISK
    gate, not a measurement gate — standing down. Exploration is a reason to accept UNCERTAINTY,
    never DANGER.
01:35:29 | 📊 Step 3 result: 60 analyzed → 0 passed | low_score=3, thin_expectancy=48,
    flat_projection=8, capitulation=1
01:35:29 |    📌 Nearest miss: BR score=0.455 conf=0.359 quality=0.163/0.26 reason=score 0.341 <
    0.594
 
 
  01:38  up 5h34m  scan 51 -----------------------------------------------------------------------
  EQUITY    $250.31
  SESSION   $-0.35 -0.14%  peak $251.39  dd 0.43%
  CURVE     ++++*+=++=++=+-+---=====+***======================
  DAY       real $+0.00  loss room $1.71 (0.68%)  0% used  vol x0.97  trust x1.25  month guard
            ..........................
  RECORD    8 closed  3W 5L  win 38%  payoff 0.72  avg $-0.17/tr  best $+0.45  worst $-0.77
            break-even 58%
  LIFETIME  14tr 5W 9L 36%  $+0.31
  OPEN      flat  free $250.31
  FEES      $0.26  mk13/tk5  0.103% of eq
  SCAN      797 > 60 > 0 passed  top BR 0.46 (score 0.341 < 0.59)  51 scans, 1562 analysed
  MARKET    TRENDING  bias -0.10  breadth +0.00  taker flow -0.25
  NEWS      65 articles  + tone +0.16  DOGE +0.63  SOL +0.49  NEAR +0.47
  INFO      1 tilted  flow/news/oi on 132
            info>0 6tr $-0.26 win 33%  info≤0 1tr $-0.02 win 0%
  MOVERS    ONE +148% #4  AKE +77% #5  ZAMA +46% #19  SYN +40% #26
  TAPE      + - - - + + - -
  ------------------------------------------------------------------------------------------------
 
01:40:38 |    🪞 C266 board-parity (top movers vs screen): ONE +133%[#5] | AKE +68%[#6] | ZAMA
    +40%[#21] | EPIC +39%[#38] | SYN +38%[#28]
01:40:56 |    🧭 C458-17: exploration is due but the best refusal (score 0.042 < 0.483) is a RISK
    gate, not a measurement gate — standing down. Exploration is a reason to accept UNCERTAINTY,
    never DANGER.
01:40:56 | 📊 Step 3 result: 10 analyzed (+50 cached this 15m candle) → 0 passed | low_score=4,
    thin_expectancy=47, flat_projection=8, capitulation=1
01:40:56 |    📌 Nearest miss: BTC score=0.042 conf=0.480 quality=0.020/0.26 reason=score 0.042 <
    0.483
01:46:56 |    🧭 C458-17: exploration is due but the best refusal (post_penalty_quality) is a RISK
    gate, not a measurement gate — standing down. Exploration is a reason to accept UNCERTAINTY,
    never DANGER.
01:46:56 | 📊 Step 3 result: 60 analyzed → 0 passed | low_score=7, thin_expectancy=43,
    flat_projection=7, proj_confirms_trend=2, post_penalty_quality=1
01:46:56 |    📌 Nearest miss: CROSS score=0.634 conf=0.694 quality=0.440/0.26
    reason=post_penalty_quality
  .. 01:46  flat  $250.31  $-0.35 -0.14%  3W 5L 38%  60 analysed
01:52:02 |    🪞 C266 board-parity (top movers vs screen): ONE +141%[#5] | AKE +65%[#6] | ZAMA
    +41%[#18] | SYN +41%[#27] | EPIC +36%[#37]
01:52:20 |    🧭 C458-17: exploration is due but the best refusal (score 0.279 < 0.483) is a RISK
    gate, not a measurement gate — standing down. Exploration is a reason to accept UNCERTAINTY,
    never DANGER.
01:52:20 | 📊 Step 3 result: 10 analyzed (+50 cached this 15m candle) → 0 passed | low_score=8,
    thin_expectancy=42, flat_projection=6, proj_confirms_trend=2, post_penalty_quality=1,
    poor_reward_risk=1
01:52:20 |    📌 Nearest miss: UB score=0.371 conf=0.498 quality=0.185/0.26 reason=score 0.279 <
    0.483
  .. 01:54  flat  $250.31  $-0.35 -0.14%  3W 5L 38%  10 analysed
02:02:38 |    🪞 C266 board-parity (top movers vs screen): ONE +146%[#5] | AKE +60%[#6] | SYN
    +41%[#23] | ZAMA +40%[#17] | EPIC +34%[#38]
02:03:28 |    🧭 C458-17: exploration is due but the best refusal (low_agreement 50%<55%) is a RISK
    gate, not a measurement gate — standing down. Exploration is a reason to accept UNCERTAINTY,
    never DANGER.
02:03:28 | 📊 Step 3 result: 60 analyzed → 0 passed | low_score=1, late_leg_no_forward=1,
    ct_noisy_block=3, thin_expectancy=46, proj_confirms_trend=2, flat_projection=5, low_agreement=1,
    capitulation=1
02:03:29 |    📌 Nearest miss: PONS score=0.483 (pre-pen 0.85) conf=0.460 quality=0.222/0.26
    reason=low_agreement 50%<55%
  .. 02:03  flat  $250.31  $-0.35 -0.14%  3W 5L 38%  60 analysed
 
 
  02:11  up 6h06m  scan 55 -----------------------------------------------------------------------
  EQUITY    $250.31
  SESSION   $-0.35 -0.14%  peak $251.39  dd 0.43%
  CURVE     ++++*+=++=++=+-+---=====+***==========================
  DAY       real $+0.00  loss room $1.71 (0.68%)  0% used  vol x1.03  trust x1.25  month guard
            ..........................
  RECORD    8 closed  3W 5L  win 38%  payoff 0.72  avg $-0.17/tr  best $+0.45  worst $-0.77
            break-even 58%
  LIFETIME  14tr 5W 9L 36%  $+0.31
  OPEN      flat  free $250.31
  FEES      $0.26  mk13/tk5  0.103% of eq
  SCAN      797 > 60 > 0 passed  top PONS 0.48 (low_agreement 50%<)  55 scans, 1702 analysed
  MARKET    MIXED  bias -0.31  breadth -0.22  taker flow -0.15
  NEWS      65 articles  + tone +0.14  DOGE +0.53  PUMP +0.51  XRP +0.34
  INFO      1 tilted  flow/news/oi on 132
            info>0 6tr $-0.26 win 33%  info≤0 1tr $-0.02 win 0%
  MOVERS    ONE +146% #5  AKE +60% #6  SYN +41% #23  ZAMA +40% #17
  TAPE      + - - - + + - -
  ------------------------------------------------------------------------------------------------
 
02:13:51 |    🪞 C266 board-parity (top movers vs screen): ONE +149%[#5] | AKE +59%[#6] | ZAMA
    +42%[#16] | SYN +37%[#23] | XTZ +29%[#21]
02:14:07 |    🧭 C458-17: exploration is due but the best refusal (score 0.110 < 0.483) is a RISK
    gate, not a measurement gate — standing down. Exploration is a reason to accept UNCERTAINTY,
    never DANGER.
02:14:07 | 📊 Step 3 result: 2 analyzed (+58 cached this 15m candle) → 0 passed | low_score=2,
    late_leg_no_forward=1, ct_noisy_block=3, thin_expectancy=47, proj_confirms_trend=2,
    flat_projection=4, low_agreement=1
02:14:07 |    📌 Nearest miss: ARX score=0.110 (pre-pen 0.18) conf=0.380 quality=0.042/0.26
    reason=score 0.110 < 0.483
02:19:26 |    🎢→⚖️ AKE: C292 stands down — parabola BROKEN (range 10×ATR, 3.4 ATR off the day
    extreme): the 24h 'trend' already failed structurally; counter-trend entry re-enters the TURNING
    path [C299]
02:20:08 | 📊 Step 3 result: 60 analyzed → 1 viable → Step 4 DRI/DSI
02:20:10 |    🎲 C378 odds-size: orderliness 0.13 -> risk x0.78 ($0.664)
02:20:10 |    🔒 C378 stop level $0.58373 recorded (paper — C377 enforces it in-process) [C397
    tick-legal]
  >> 02:20  OPEN   PONS SHORT @0.576280  x2 $25.68
       target +7.8%  stop -1.3%  entry score 0.57  maker
 
 
  02:20  up 6h15m  scan 57 -----------------------------------------------------------------------
  EQUITY    $250.28  unreal $-0.03
  SESSION   $-0.38 -0.15%  peak $251.39  dd 0.44%
  CURVE     ++++*+=++=++=+-+---=====+***===========================
  DAY       real $+0.00  loss room $1.71 (0.68%)  0% used  vol x1.03  trust x1.25  month guard
            ..........................
  RECORD    8 closed  3W 5L  win 38%  payoff 0.72  avg $-0.17/tr  best $+0.45  worst $-0.77
            break-even 58%
  LIFETIME  14tr 5W 9L 36%  $+0.31
  OPEN      1 pos $25.68 (10%)  free $224.63
  FEES      $0.27  mk14/tk5  0.107% of eq
  SCAN      797 > 60 > 1 passed  top PONS 0.57 (viable)  57 scans, 1764 analysed
  MARKET    MIXED  bias -0.02  breadth +0.00  taker flow +0.31
  NEWS      65 articles  + tone +0.14  DOGE +0.53  PUMP +0.51  XRP +0.34
  INFO      1 tilted  flow/news/oi on 140
            info>0 6tr $-0.26 win 33%  info≤0 1tr $-0.02 win 0%
  MOVERS    ONE +149% #5  AKE +59% #6  ZAMA +42% #16  SYN +37% #23
  TAPE      + - - - + + - -
  ------------------------------------------------------------------------------------------------
  PAIR     SIDE       ENTRY      MARK    MOVE     P&L   AGE  THESIS
  PONS     SHORT   0.576280  0.576200  +0.01%   -0.03    0m  - 100% left
  ------------------------------------------------------------------------------------------------
 
 
  02:28  up 6h23m  scan 57 -----------------------------------------------------------------------
  EQUITY    $250.30  unreal $-0.01
  SESSION   $-0.36 -0.15%  peak $251.39  dd 0.43%
  CURVE     ++++*+=++=++=+-+---=====+***============================
  DAY       real $+0.00  loss room $1.71 (0.68%)  0% used  vol x1.03  trust x1.25  month guard
            ..........................
  RECORD    8 closed  3W 5L  win 38%  payoff 0.72  avg $-0.17/tr  best $+0.45  worst $-0.77
            break-even 58%
  LIFETIME  14tr 5W 9L 36%  $+0.31
  OPEN      1 pos $25.68 (10%)  free $224.63
  FEES      $0.27  mk14/tk5  0.107% of eq
  SCAN      797 > 60 > 1 passed  top PONS 0.57 (viable)  57 scans, 1764 analysed
  MARKET    MIXED  bias -0.02  breadth +0.00  taker flow +0.35
  NEWS      65 articles  + tone +0.14  DOGE +0.53  PUMP +0.51  XRP +0.34
  INFO      1 tilted  flow/news/oi on 140
            info>0 6tr $-0.26 win 33%  info≤0 1tr $-0.02 win 0%
  MOVERS    ONE +149% #5  AKE +59% #6  ZAMA +42% #16  SYN +37% #23
  TAPE      + - - - + + - -
  ------------------------------------------------------------------------------------------------
  PAIR     SIDE       ENTRY      MARK    MOVE     P&L   AGE  THESIS
  PONS     SHORT   0.576280  0.575980  +0.05%   -0.01    8m  - 75% left
  ------------------------------------------------------------------------------------------------
 
02:30:31 |    🪞 C266 board-parity (top movers vs screen): ONE +150%[#5] | AKE +54%[#6] | SYN
    +37%[#24] | ZAMA +32%[#18] | BANK +32%[#26]
02:31:25 | 📊 Step 3 result: 60 analyzed → 0 passed | low_confidence=1, low_score=5,
    thin_expectancy=43, flat_projection=6, ct_noisy_block=2, proj_confirms_trend=3
02:31:25 |    📌 Nearest miss: CAP score=0.479 conf=0.471 quality=0.226/0.26 reason=score 0.359 <
    0.505
 
  02:36  up 6h31m  scan 58 -----------------------------------------------------------------------
  EQUITY    $251.02  unreal $+0.71
  SESSION   $+0.36 +0.14%  peak $251.39  dd 0.15%
  CURVE     ++++*+=++=++=+-+---=====+***============================*
  DAY       real $+0.00  loss room $1.71 (0.68%)  0% used  vol x1.12  trust x1.25  month guard
            ..........................
  RECORD    8 closed  3W 5L  win 38%  payoff 0.72  avg $-0.17/tr  best $+0.45  worst $-0.77
            break-even 58%
  LIFETIME  14tr 5W 9L 36%  $+0.31
  OPEN      1 pos $25.68 (10%)  free $224.63
  FEES      $0.27  mk14/tk5  0.107% of eq
  SCAN      797 > 60 > 0 passed  top CAP 0.48 (score 0.359 < 0.50)  58 scans, 1824 analysed
  MARKET    MIXED  bias -0.28  breadth -0.17  taker flow -0.03
  NEWS      65 articles  + tone +0.14  BCH +0.70  DOGE +0.53  PUMP +0.51
  INFO      1 tilted  flow/news/oi on 140
            info>0 6tr $-0.26 win 33%  info≤0 1tr $-0.02 win 0%
  MOVERS    ONE +150% #5  AKE +54% #6  SYN +37% #24  ZAMA +32% #18
  TAPE      + - - - + + - -
  ------------------------------------------------------------------------------------------------
  PAIR     SIDE       ENTRY      MARK    MOVE     P&L   AGE  THESIS
  PONS     SHORT   0.576280  0.567820  +1.47%   +0.71   16m  + 63% left
  ------------------------------------------------------------------------------------------------
 
02:41:45 |    🪞 C266 board-parity (top movers vs screen): ONE +140%[#5] | AKE +53%[#6] | BANK
    +38%[#21] | SYN +37%[#24] | ZAMA +34%[#17]
02:42:04 | 📊 Step 3 result: 1 analyzed (+59 cached this 15m candle) → 0 passed | low_confidence=1,
    low_score=5, thin_expectancy=43, flat_projection=6, ct_noisy_block=2, proj_confirms_trend=3
 
  02:44  up 6h39m  scan 59 -----------------------------------------------------------------------
  EQUITY    $250.94  unreal $+0.63
  SESSION   $+0.28 +0.11%  peak $251.39  dd 0.18%
  CURVE     ++++*+=++=++=+-+---=====+***============================*+
  DAY       real $+0.00  loss room $1.71 (0.68%)  0% used  vol x0.92  trust x1.25  month guard
            ..........................
  RECORD    8 closed  3W 5L  win 38%  payoff 0.72  avg $-0.17/tr  best $+0.45  worst $-0.77
            break-even 58%
  LIFETIME  14tr 5W 9L 36%  $+0.31
  OPEN      1 pos $25.68 (10%)  free $224.63
  FEES      $0.27  mk14/tk5  0.107% of eq
  SCAN      797 > 1 > 0 passed  59 scans, 1825 analysed
  MARKET    MIXED  bias -0.27  breadth +0.00  taker flow -0.77
  NEWS      65 articles  + tone +0.25  BCH +0.70  DOGE +0.53  NEAR +0.29
  INFO      1 tilted  flow/news/oi on 140
            info>0 6tr $-0.26 win 33%  info≤0 1tr $-0.02 win 0%
  MOVERS    ONE +140% #5  AKE +53% #6  BANK +38% #21  SYN +37% #24
  TAPE      + - - - + + - -
  ------------------------------------------------------------------------------------------------
  PAIR     SIDE       ENTRY      MARK    MOVE     P&L   AGE  THESIS
  PONS     SHORT   0.576280  0.568780  +1.30%   +0.63   24m  + 61% left
  ------------------------------------------------------------------------------------------------
 
02:47:59 |    🎢→⚖️ EPIC: C292 stands down — parabola BROKEN (range 9×ATR, 3.4 ATR off the day
    extreme): the 24h 'trend' already failed structurally; counter-trend entry re-enters the TURNING
    path [C299]
02:48:10 | 📊 Step 3 result: 60 analyzed → 0 passed | low_score=2, thin_expectancy=51,
    proj_confirms_trend=4, flat_projection=2, absorption_at_extreme=1
02:48:10 |    📌 Nearest miss: 牛来 score=0.299 conf=0.836 quality=0.250/0.26 reason=score 0.299 <
    0.515
 
  02:52  up 6h47m  scan 60 -----------------------------------------------------------------------
  EQUITY    $250.85  unreal $+0.54
  SESSION   $+0.19 +0.07%  peak $251.39  dd 0.21%
  CURVE     ++++*+=++=++=+-+---=====+***============================*++
  DAY       real $+0.00  loss room $1.71 (0.68%)  0% used  vol x0.92  trust x1.25  month guard
            ..........................
  RECORD    8 closed  3W 5L  win 38%  payoff 0.72  avg $-0.17/tr  best $+0.45  worst $-0.77
            break-even 58%
  LIFETIME  14tr 5W 9L 36%  $+0.31
  OPEN      1 pos $25.68 (10%)  free $224.63
  FEES      $0.27  mk14/tk5  0.107% of eq
  SCAN      797 > 60 > 0 passed  top 牛来 0.30 (score 0.299 < 0.51)  60 scans, 1885 analysed
  MARKET    TRENDING  bias -0.44  breadth +0.00  taker flow +0.58
  NEWS      65 articles  + tone +0.25  BCH +0.70  DOGE +0.53  NEAR +0.29
  INFO      1 tilted  flow/news/oi on 140
            info>0 6tr $-0.26 win 33%  info≤0 1tr $-0.02 win 0%
  MOVERS    ONE +140% #5  AKE +53% #6  BANK +38% #21  SYN +37% #24
  TAPE      + - - - + + - -
  ------------------------------------------------------------------------------------------------
  PAIR     SIDE       ENTRY      MARK    MOVE     P&L   AGE  THESIS
  PONS     SHORT   0.576280  0.569800  +1.12%   +0.54   32m  + 73% left
  ------------------------------------------------------------------------------------------------
 
 
  03:00  up 6h55m  scan 60 -----------------------------------------------------------------------
  EQUITY    $250.25  unreal $-0.06
  SESSION   $-0.41 -0.17%  peak $251.39  dd 0.45%
  CURVE     ++++*+=++=++=+-+---=====+***============================*++=
  DAY       real $+0.00  loss room $1.71 (0.68%)  0% used  vol x0.92  trust x1.25  month guard
            ..........................
  RECORD    8 closed  3W 5L  win 38%  payoff 0.72  avg $-0.17/tr  best $+0.45  worst $-0.77
            break-even 58%
  LIFETIME  14tr 5W 9L 36%  $+0.31
  OPEN      1 pos $25.68 (10%)  free $224.63
  FEES      $0.27  mk14/tk5  0.108% of eq
  SCAN      797 > 60 > 0 passed  top 牛来 0.30 (score 0.299 < 0.51)  60 scans, 1885 analysed
  MARKET    TRENDING  bias -0.44  breadth +0.00  taker flow +0.10
  NEWS      65 articles  + tone +0.25  BCH +0.70  DOGE +0.53  NEAR +0.29
  INFO      1 tilted  flow/news/oi on 140
            info>0 6tr $-0.26 win 33%  info≤0 1tr $-0.02 win 0%
  MOVERS    ONE +140% #5  AKE +53% #6  BANK +38% #21  SYN +37% #24
  TAPE      + - - - + + - -
  ------------------------------------------------------------------------------------------------
  PAIR     SIDE       ENTRY      MARK    MOVE     P&L   AGE  THESIS
  PONS     SHORT   0.576280  0.576530  -0.04%   -0.06   40m  - 58% left
  ------------------------------------------------------------------------------------------------
 
03:01:01 |    🪞 C266 board-parity (top movers vs screen): ONE +157%[#6] | AKE +46%[Live=0.15<cut] |
    ZAMA +36%[Live=0.42<cut] | SYN +34%[#22] | STONK +32%[Live=0.30<cut]
03:01:27 |    🎢→⚖️ B2: C292 stands down — parabola BROKEN (range 32×ATR, 23.6 ATR off the day
    extreme): the 24h 'trend' already failed structurally; counter-trend entry re-enters the TURNING
    path [C299]
03:01:55 | 📊 Step 3 result: 60 analyzed → 0 passed | low_score=1, regime_blip=3, thin_expectancy=49,
    proj_confirms_trend=1, h1_regime_shock=2, flat_projection=2, capitulation=1,
    late_leg_no_forward=1
03:01:55 |    📌 Nearest miss: BOME score=0.428 conf=0.572 quality=0.245/0.26 reason=late-leg F=-0.03
 
  03:08  up 7h03m  scan 61 -----------------------------------------------------------------------
  EQUITY    $250.43  unreal $+0.12
  SESSION   $-0.23 -0.09%  peak $251.39  dd 0.38%
  CURVE     ++++*+=++=++=+-+---=====+***============================*++==
  DAY       real $+0.00  loss room $1.71 (0.68%)  0% used  vol x0.85  trust x1.25  month guard
            ..........................
  RECORD    8 closed  3W 5L  win 38%  payoff 0.72  avg $-0.17/tr  best $+0.45  worst $-0.77
            break-even 58%
  LIFETIME  14tr 5W 9L 36%  $+0.31
  OPEN      1 pos $25.68 (10%)  free $224.63
  FEES      $0.27  mk14/tk5  0.107% of eq
  SCAN      797 > 60 > 0 passed  top BOME 0.43 (late-leg F=-0.03)  61 scans, 1945 analysed
  MARKET    TRENDING  bias -0.41  breadth +0.00  taker flow -0.34
  NEWS      65 articles  + tone +0.25  PEPE +0.70  AVAX +0.53  ONE +0.48
  INFO      1 tilted  flow/news/oi on 140
            info>0 6tr $-0.26 win 33%  info≤0 1tr $-0.02 win 0%
  MOVERS    ONE +157% #6  AKE +46% cut  ZAMA +36% cut  SYN +34% #22
  TAPE      + - - - + + - -
  ------------------------------------------------------------------------------------------------
  PAIR     SIDE       ENTRY      MARK    MOVE     P&L   AGE  THESIS
  PONS     SHORT   0.576280  0.574490  +0.31%   +0.12   48m  + 37% left
  ------------------------------------------------------------------------------------------------
 
03:11:36 |    🪞 C266 board-parity (top movers vs screen): ONE +184%[#6] | AKE +49%[Live=0.15<cut] |
    ZAMA +38%[Live=0.48<cut] | G +32%[#9] | BANK +31%[#26]
03:11:56 | 📊 Step 3 result: 3 analyzed (+57 cached this 15m candle) → 0 passed | low_score=1,
    regime_blip=3, thin_expectancy=50, proj_confirms_trend=1, h1_regime_shock=1, flat_projection=2,
    capitulation=1, late_leg_no_forward=1
03:13:03 | 🎯 EXIT SIGNAL: PONS/USDT:USDT - PEAK_FLOOR: peaked at +4.1%(1.4PRU) now=-0.0% — profit
    fully erased, protecting capital
  << 03:13  CLOSE  PONS SHORT @0.576800  -0.09% $-0.09  LOSS
       held 52m  PEAK_FLOOR: peaked at +4  round trip from +2.03%  -0.05R  TAKER
 
 
  03:16  up 7h11m  scan 62 -----------------------------------------------------------------------
  EQUITY    $250.22
  SESSION   $-0.44 -0.18%  peak $251.39  dd 0.47%
  CURVE     ++++*+=++=++=+-+---=====+***============================+++====
  DAY       real $-0.09  loss room $1.82 (0.73%)  5% used  vol x0.85  trust x1.25
            #.........................
  RECORD    9 closed  3W 6L  win 33%  payoff 0.83  avg $-0.16/tr  best $+0.45  worst $-0.77
            break-even 55%
  LIFETIME  15tr 5W 10L 33%  $+0.22
  OPEN      flat  free $250.22
  FEES      $0.30  mk14/tk6  0.120% of eq
  SCAN      797 > 3 > 0 passed  62 scans, 1948 analysed
  MARKET    TRENDING  bias -0.42  breadth +0.00  taker flow +0.58
  NEWS      65 articles  + tone +0.25  PEPE +0.70  AVAX +0.53  ONE +0.48
  INFO      1 tilted  flow/news/oi on 140
            info>0 7tr $-0.24 win 29%  info≤0 1tr $-0.02 win 0%
  MOVERS    ONE +184% #6  AKE +49% cut  ZAMA +38% cut  G +32% #9
  TAPE      + - - - + + - - -
  ------------------------------------------------------------------------------------------------
 
03:24:03 |    🪞 C266 board-parity (top movers vs screen): ONE +185%[#6] | AKE +45%[Live=0.30<cut] |
    CELR +43%[Live=0.18<cut] | ZAMA +31%[Live=0.27<cut] | SKL +27%[#60]
03:24:22 |    🎢→⚖️ ENA: C292 stands down — parabola BROKEN (range 14×ATR, 3.2 ATR off the day
    extreme): the 24h 'trend' already failed structurally; counter-trend entry re-enters the TURNING
    path [C299]
03:24:27 |    🎢→⚖️ B2: C292 stands down — parabola BROKEN (range 32×ATR, 20.5 ATR off the day
    extreme): the 24h 'trend' already failed structurally; counter-trend entry re-enters the TURNING
    path [C299]
03:24:36 |    ⚖️ C462-7 BANK: penalties 0.66→0.28 (×0.42) vs bar 0.54 — the stack decided
03:24:44 |    ⚖️ C462-7 JUP: penalties 0.30→0.18 (×0.60) vs bar 0.30 — the stack decided
03:25:07 | 📊 Step 3 result: 60 analyzed → 0 passed | low_confidence=8, low_score=33, regime_blip=6,
    late_leg_no_forward=3, capitulation=1, absorption_at_extreme=4, low_quality=1,
    post_penalty_quality=2, flat_projection=1, micro_exhaustion=1
03:25:07 |    📌 Nearest miss: BOME score=0.550 conf=0.610 quality=0.336/0.26 reason=absorption
    cvd=+0.43
  .. 03:25  flat  $250.22  $-0.44 -0.18%  3W 6L 33%  60 analysed
03:31:27 |    ⚖️ C462-7 ONE: penalties 0.73→0.38 (×0.51) vs bar 0.54 — the stack decided
03:31:33 |    ⚖️ C462-7 ONDO: penalties 0.32→0.17 (×0.52) vs bar 0.30 — the stack decided
03:31:34 |    🎢→⚖️ B2: C292 stands down — parabola BROKEN (range 32×ATR, 19.1 ATR off the day
    extreme): the 24h 'trend' already failed structurally; counter-trend entry re-enters the TURNING
    path [C299]
03:31:43 |    ⚖️ C462-7 WLD: penalties 0.33→0.29 (×0.86) vs bar 0.31 — the stack decided
03:31:50 |    ⚖️ C462-7 OP: penalties 0.34→0.21 (×0.61) vs bar 0.30 — the stack decided
03:31:57 |    ⚖️ C462-7 ZEN: penalties 0.37→0.24 (×0.65) vs bar 0.33 — the stack decided
03:32:09 | 📊 Step 3 result: 60 analyzed → 0 passed | low_confidence=5, low_score=33, regime_blip=9,
    micro_exhaustion=4, flat_projection=3, low_quality=2, absorption_at_extreme=2,
    late_leg_no_forward=1, fee_floor=1
03:32:09 |    📌 Nearest miss: BOME score=0.429 (pre-pen 0.50) conf=0.476 quality=0.204/0.26
    reason=quality 0.153 < 0.272
  .. 03:33  flat  $250.22  $-0.44 -0.18%  3W 6L 33%  60 analysed
03:38:18 |    🪞 C266 board-parity (top movers vs screen): ONE +183%[#6] | AKE +42%[Live=0.30<cut] |
    CELR +40%[Live=0.52<cut] | ZAMA +32%[Live=0.40<cut] | G +30%[#11]
03:38:35 |    🎢→⚖️ MYX: C292 stands down — parabola BROKEN (range 23×ATR, 12.0 ATR off the day
    extreme): the 24h 'trend' already failed structurally; counter-trend entry re-enters the TURNING
    path [C299]
03:38:39 | 📊 Step 3 result: 11 analyzed (+49 cached this 15m candle) → 0 passed | low_confidence=9,
    low_score=28, regime_blip=10, micro_exhaustion=3, low_quality=2, absorption_at_extreme=2,
    flat_projection=2, late_leg_no_forward=2, capitulation=1, fee_floor=1
03:38:39 |    📌 Nearest miss: CP score=0.264 conf=0.701 quality=0.185/0.26 reason=capitulation rej
    vs RSI85
  .. 03:41  flat  $250.22  $-0.44 -0.18%  3W 6L 33%  11 analysed
 
 
  03:49  up 7h44m  scan 65 -----------------------------------------------------------------------
  EQUITY    $250.22
  SESSION   $-0.44 -0.18%  peak $251.39  dd 0.47%
  CURVE     ++++*+=++=++=+-+---=====+**+============================+++========
  DAY       real $-0.09  loss room $2.08 (0.83%)  4% used  vol x0.97  trust x1.25
            #.........................
  RECORD    9 closed  3W 6L  win 33%  payoff 0.83  avg $-0.16/tr  best $+0.45  worst $-0.77
            break-even 55%
  LIFETIME  15tr 5W 10L 33%  $+0.22
  OPEN      flat  free $250.22
  FEES      $0.30  mk14/tk6  0.120% of eq
  SCAN      797 > 11 > 0 passed  top CP 0.26 (capitulation rej v)  65 scans, 2079 analysed
  MARKET    TRENDING  bias -0.39  breadth -0.18  taker flow +0.36
  NEWS      65 articles  + tone +0.12  OP +0.54  PUMP +0.50  NEAR +0.29
  INFO      1 tilted  flow/news/oi on 140
            info>0 7tr $-0.24 win 29%  info≤0 1tr $-0.02 win 0%
  MOVERS    ONE +183% #6  AKE +42% cut  CELR +40% cut  ZAMA +32% cut
  TAPE      + - - - + + - - -
  ------------------------------------------------------------------------------------------------
 
03:49:58 |    🪞 C266 board-parity (top movers vs screen): ONE +184%[#5] | CELR +46%[#45] | AKE
    +42%[Live=0.34<cut] | ZAMA +32%[Live=0.30<cut] | G +28%[#10]
03:50:18 |    ⚖️ C462-7 ENA: penalties 0.33→0.16 (×0.49) vs bar 0.32 — the stack decided
03:50:20 |    🎢→⚖️ G: C292 stands down — parabola BROKEN (range 17×ATR, 5.9 ATR off the day
    extreme): the 24h 'trend' already failed structurally; counter-trend entry re-enters the TURNING
    path [C299]
03:50:22 |    🎢→⚖️ AR: C292 stands down — parabola BROKEN (range 21×ATR, 9.7 ATR off the day
    extreme): the 24h 'trend' already failed structurally; counter-trend entry re-enters the TURNING
    path [C299]
03:50:23 |    🎢→⚖️ B2: C292 stands down — parabola BROKEN (range 30×ATR, 19.2 ATR off the day
    extreme): the 24h 'trend' already failed structurally; counter-trend entry re-enters the TURNING
    path [C299]
03:50:29 |    ⚖️ C462-7 XLM: penalties 0.34→0.21 (×0.61) vs bar 0.33 — the stack decided
03:50:32 |    ⚖️ C462-7 DOT: penalties 0.37→0.31 (×0.82) vs bar 0.35 — the stack decided
03:50:34 |    🎢→⚖️ SYN: C292 stands down — parabola BROKEN (range 14×ATR, 6.4 ATR off the day
    extreme): the 24h 'trend' already failed structurally; counter-trend entry re-enters the TURNING
    path [C299]
03:50:34 |    🎢→⚖️ MYX: C292 stands down — parabola BROKEN (range 23×ATR, 12.4 ATR off the day
    extreme): the 24h 'trend' already failed structurally; counter-trend entry re-enters the TURNING
    path [C299]
03:50:54 | 📊 Step 3 result: 60 analyzed → 0 passed | low_confidence=7, low_score=23,
    ct_noisy_block=17, absorption_at_extreme=4, micro_exhaustion=1, late_leg_no_forward=2,
    capitulation=2, final_gate=1, no_structural_room=1, flat_projection=2
03:50:54 |    📌 Nearest miss: OP score=0.352 (pre-pen 0.59) conf=0.591 quality=0.208/0.26
    reason=final_gate
  .. 03:57  flat  $250.22  $-0.44 -0.18%  3W 6L 33%  60 analysed
04:01:13 |    🪞 C266 board-parity (top movers vs screen): ONE +177%[#6] | CELR +52%[#43] | AKE
    +39%[Live=0.23<cut] | ZAMA +34%[Live=0.29<cut] | G +30%[#11]
04:01:37 |    🎢→⚖️ B2: C292 stands down — parabola BROKEN (range 30×ATR, 18.8 ATR off the day
    extreme): the 24h 'trend' already failed structurally; counter-trend entry re-enters the TURNING
    path [C299]
04:01:45 |    ⚖️ C462-7 DOT: penalties 0.43→0.26 (×0.61) vs bar 0.35 — the stack decided
04:02:02 |    🧭 C458-17: exploration is due but the best refusal (capitulation rej vs RSI75) is a
    RISK gate, not a measurement gate — standing down. Exploration is a reason to accept
    UNCERTAINTY, never DANGER.
04:02:02 | 📊 Step 3 result: 60 analyzed → 0 passed | low_confidence=12, low_score=16,
    ct_noisy_block=20, flat_projection=3, absorption_at_extreme=3, micro_exhaustion=1,
    late_leg_no_forward=1, low_quality=1, capitulation=3
04:02:02 |    📌 Nearest miss: SKL score=0.393 conf=0.862 quality=0.339/0.26 reason=capitulation rej
    vs RSI75
  .. 04:05  flat  $250.22  $-0.44 -0.18%  3W 6L 33%  60 analysed
04:12:22 |    🪞 C266 board-parity (top movers vs screen): ONE +159%[#6] | CELR +51%[#38] | AKE
    +44%[Live=0.23<cut] | ZAMA +39%[Live=0.30<cut] | BR +28%[Live=0.17<cut]
04:12:39 |    🧭 C458-17: exploration is due but the best refusal (score 0.139 < 0.319) is a RISK
    gate, not a measurement gate — standing down. Exploration is a reason to accept UNCERTAINTY,
    never DANGER.
04:12:39 | 📊 Step 3 result: 4 analyzed (+56 cached this 15m candle) → 0 passed | low_confidence=13,
    low_score=15, ct_noisy_block=19, flat_projection=3, absorption_at_extreme=3, micro_exhaustion=1,
    late_leg_no_forward=1, low_quality=1, capitulation=3, poor_reward_risk=1
04:12:39 |    📌 Nearest miss: THETA score=0.139 (pre-pen 0.28) conf=0.383 quality=0.053/0.26
    reason=score 0.139 < 0.319
  .. 04:13  flat  $250.22  $-0.44 -0.18%  3W 6L 33%  4 analysed
04:18:53 |    🧭 C458-17: exploration is due but the best refusal (score 0.684 < 0.720) is a RISK
    gate, not a measurement gate — standing down. Exploration is a reason to accept UNCERTAINTY,
    never DANGER.
04:18:53 | 📊 Step 3 result: 60 analyzed → 0 passed | low_confidence=9, low_score=31,
    flat_projection=11, micro_exhaustion=2, no_structural_room=4, capitulation=1, poor_reward_risk=2
04:18:53 |    📌 Nearest miss: USUAL score=0.684 conf=0.771 quality=0.528/0.26 reason=score 0.684 <
    0.720
 
 
  04:21  up 8h16m  scan 69 -----------------------------------------------------------------------
  EQUITY    $250.22
  SESSION   $-0.44 -0.18%  peak $251.39  dd 0.47%
  CURVE     ++++*+=++=++=+-+---=====+*++============================+++============
  DAY       real $-0.09  loss room $2.21 (0.88%)  4% used  vol x1.03  trust x1.25
            #.........................
  RECORD    9 closed  3W 6L  win 33%  payoff 0.83  avg $-0.16/tr  best $+0.45  worst $-0.77
            break-even 55%
  LIFETIME  15tr 5W 10L 33%  $+0.22
  OPEN      flat  free $250.22
  FEES      $0.30  mk14/tk6  0.120% of eq
  SCAN      797 > 60 > 0 passed  top USUAL 0.68 (score 0.684 < 0.72)  69 scans, 2263 analysed
  MARKET    MIXED  bias +0.03  breadth +0.00  taker flow -0.32
  NEWS      65 articles  + tone +0.23  PUMP +0.50  ARB -0.24  STRK -0.24
  INFO      1 tilted  flow/news/oi on 140
            info>0 7tr $-0.24 win 29%  info≤0 1tr $-0.02 win 0%
  MOVERS    ONE +159% #6  CELR +51% #38  AKE +44% cut  ZAMA +39% cut
  TAPE      + - - - + + - - -
  ------------------------------------------------------------------------------------------------
 
04:23:59 |    🪞 C266 board-parity (top movers vs screen): ONE +128%[#6] | CELR +58%[#26] | AKE
    +41%[#8] | ZAMA +39%[#16] | BR +30%[Live=0.28<cut]
04:24:19 |    🎢→⚖️ BERA: C292 stands down — parabola BROKEN (range 12×ATR, 3.2 ATR off the day
    extreme): the 24h 'trend' already failed structurally; counter-trend entry re-enters the TURNING
    path [C299]
04:24:26 |    🧭 C458-17: exploration is due but the best refusal (vol_floor) is a RISK gate, not a
    measurement gate — standing down. Exploration is a reason to accept UNCERTAINTY, never DANGER.
04:24:26 | 📊 Step 3 result: 17 analyzed (+43 cached this 15m candle) → 0 passed | low_confidence=8,
    low_score=34, flat_projection=11, no_structural_room=4, capitulation=1, micro_exhaustion=1,
    vol_floor=1
04:24:26 |    📌 Nearest miss: HOME score=0.978 conf=0.939 quality=0.918/0.26 reason=vol_floor
  .. 04:29  flat  $250.22  $-0.44 -0.18%  3W 6L 33%  17 analysed
04:34:45 |    🪞 C266 board-parity (top movers vs screen): ONE +172%[#6] | CELR +54%[#34] | ZAMA
    +38%[Live=0.10<cut] | AKE +35%[Live=0.23<cut] | BR +29%[#13]
04:35:21 |    🎢→⚖️ MYX: C292 stands down — parabola BROKEN (range 18×ATR, 9.8 ATR off the day
    extreme): the 24h 'trend' already failed structurally; counter-trend entry re-enters the TURNING
    path [C299]
04:35:25 |    ⚖️ C462-7 CELR: penalties 0.74→0.56 (×0.75) vs bar 0.70 — the stack decided
04:35:44 |    🧭 C458-17: exploration is due but the best refusal (vol_floor) is a RISK gate, not a
    measurement gate — standing down. Exploration is a reason to accept UNCERTAINTY, never DANGER.
04:35:44 | 📊 Step 3 result: 60 analyzed → 0 passed | low_confidence=5, low_score=28,
    flat_projection=13, dir_proj_conflict=1, poor_reward_risk=2, no_structural_room=3,
    micro_exhaustion=2, capitulation=4, proj_confirms_trend=1, vol_floor=1
04:35:44 |    📌 Nearest miss: ATH score=1.173 conf=0.877 quality=1.029/0.26 reason=vol_floor
  .. 04:37  flat  $250.22  $-0.44 -0.18%  3W 6L 33%  60 analysed
  .. 04:45  flat  $250.22  $-0.44 -0.18%  3W 6L 33%  60 analysed
04:46:05 |    🪞 C266 board-parity (top movers vs screen): ONE +178%[#5] | CELR +53%[#35] | ZAMA
    +41%[#17] | AKE +40%[Live=0.13<cut] | G +34%[#10]
04:46:35 |    🎢→⚖️ MYX: C292 stands down — parabola BROKEN (range 18×ATR, 9.6 ATR off the day
    extreme): the 24h 'trend' already failed structurally; counter-trend entry re-enters the TURNING
    path [C299]
04:46:47 |    ⚖️ C462-7 EVAA: penalties 0.72→0.54 (×0.75) vs bar 0.72 — the stack decided
04:47:02 |    🧭 C458-17: exploration is due but the best refusal (dir_proj_conflict) is a RISK gate,
    not a measurement gate — standing down. Exploration is a reason to accept UNCERTAINTY, never
    DANGER.
04:47:02 | 📊 Step 3 result: 60 analyzed → 0 passed | low_confidence=7, low_score=25,
    flat_projection=3, ct_noisy_block=13, dir_proj_conflict=1, capitulation=2, micro_exhaustion=4,
    post_penalty_low=1, no_structural_room=4
04:47:02 |    📌 Nearest miss: ONE score=0.868 conf=0.907 quality=0.787/0.26 reason=dir_proj_conflict
 
 
  04:53  up 8h48m  scan 72 -----------------------------------------------------------------------
  EQUITY    $250.22
  SESSION   $-0.44 -0.18%  peak $251.39  dd 0.47%
  CURVE     ++++*+=++=++=+-+---=====+*++============================+++================
  DAY       real $-0.09  loss room $2.23 (0.89%)  4% used  vol x1.05  trust x1.25
            #.........................
  RECORD    9 closed  3W 6L  win 33%  payoff 0.83  avg $-0.16/tr  best $+0.45  worst $-0.77
            break-even 55%
  LIFETIME  15tr 5W 10L 33%  $+0.22
  OPEN      flat  free $250.22
  FEES      $0.30  mk14/tk6  0.120% of eq
  SCAN      797 > 60 > 0 passed  top ONE 0.87 (dir_proj_conflict)  72 scans, 2400 analysed
  MARKET    MIXED  bias +0.20  breadth -0.02  taker flow +0.01
  NEWS      65 articles  + tone +0.38  PUMP +0.53  DOT +0.53  XRP +0.35
  INFO      1 tilted  flow/news/oi on 140
            info>0 7tr $-0.24 win 29%  info≤0 1tr $-0.02 win 0%
  MOVERS    ONE +178% #5  CELR +53% #35  ZAMA +41% #17  AKE +40% cut
  TAPE      + - - - + + - - -
  ------------------------------------------------------------------------------------------------
 
04:57:21 |    🪞 C266 board-parity (top movers vs screen): ONE +137%[#5] | CELR +46%[#36] | AKE
    +45%[Live=0.14<cut] | ZAMA +42%[#16] | G +39%[#9]
04:57:36 |    🎢→⚖️ STONK: C292 stands down — parabola BROKEN (range 11×ATR, 3.2 ATR off the day
    extreme): the 24h 'trend' already failed structurally; counter-trend entry re-enters the TURNING
    path [C299]
04:57:36 | 📊 Step 3 result: 1 analyzed (+59 cached this 15m candle) → 0 passed | low_confidence=7,
    low_score=24, flat_projection=3, ct_noisy_block=14, dir_proj_conflict=1, capitulation=2,
    micro_exhaustion=4, post_penalty_low=1, no_structural_room=4
  .. 05:01  flat  $250.22  $-0.44 -0.18%  3W 6L 33%  1 analysed
05:03:11 |    🎢→⚖️ MYX: C292 stands down — parabola BROKEN (range 18×ATR, 9.9 ATR off the day
    extreme): the 24h 'trend' already failed structurally; counter-trend entry re-enters the TURNING
    path [C299]
05:03:37 |    🧭 C458-17: exploration is due but the best refusal (dir_proj_conflict) is a RISK gate,
    not a measurement gate — standing down. Exploration is a reason to accept UNCERTAINTY, never
    DANGER.
05:03:37 | 📊 Step 3 result: 60 analyzed → 0 passed | low_confidence=8, low_score=41,
    news_tech_conflict=1, proj_confirms_trend=1, no_structural_room=2, flat_projection=4,
    micro_exhaustion=2, dir_proj_conflict=1
05:03:37 |    📌 Nearest miss: CELR score=0.884 conf=0.849 quality=0.750/0.26
    reason=dir_proj_conflict
05:08:44 |    🪞 C266 board-parity (top movers vs screen): ONE +100%[#6] | AKE +43%[Live=0.26<cut] |
    CELR +42%[#31] | G +41%[#8] | ZAMA +40%[Live=0.29<cut]
05:09:09 | 📊 Step 3 result: 12 analyzed (+48 cached) → 1 viable → Step 4 DRI/DSI
  .. 05:09  flat  $250.22  $-0.44 -0.18%  3W 6L 33%  12 analysed
05:09:12 |    ⚖️ C427 LEDGER CORRECTED at position_summary: available $312.7811 → $250.2249 (equity
    $250.2249 − locked $0.0000 = $250.2249); discrepancy $+62.5562. Money that does not exist would
    have been sized against [correction #2]
05:14:26 | 📊 Step 3 result: 1 analyzed (+59 cached this 15m candle) → 0 passed | low_confidence=9,
    low_score=37, news_tech_conflict=1, proj_confirms_trend=1, no_structural_room=2,
    flat_projection=5, micro_exhaustion=2, dir_proj_conflict=1, vol_floor=1, capitulation=1
05:14:26 |    📌 Nearest miss: HOME score=0.720 conf=0.750 quality=0.540/0.26 reason=vol_floor
  .. 05:17  flat  $250.22  $-0.44 -0.18%  3W 6L 33%  1 analysed
05:19:35 |    🪞 C266 board-parity (top movers vs screen): ONE +98%[#6] | CELR +46%[#28] | G
    +41%[#11] | AKE +41%[#8] | ZAMA +37%[#17]
05:19:59 |    🎢→⚖️ INJ: C292 stands down — parabola BROKEN (range 13×ATR, 3.1 ATR off the day
    extreme): the 24h 'trend' already failed structurally; counter-trend entry re-enters the TURNING
    path [C299]
05:20:14 |    🎢→⚖️ MYX: C292 stands down — parabola BROKEN (range 17×ATR, 10.4 ATR off the day
    extreme): the 24h 'trend' already failed structurally; counter-trend entry re-enters the TURNING
    path [C299]
05:20:16 |    ⚖️ C462-7 STX: penalties 0.64→0.56 (×0.88) vs bar 0.60 — the stack decided
05:20:25 |    🎢→⚖️ EPIC: C292 stands down — parabola BROKEN (range 12×ATR, 6.0 ATR off the day
    extreme): the 24h 'trend' already failed structurally; counter-trend entry re-enters the TURNING
    path [C299]
05:20:26 |    ⚖️ C462-7 COW: penalties 0.84→0.56 (×0.66) vs bar 0.67 — the stack decided
05:20:38 | 📊 Step 3 result: 60 analyzed → 2 viable → Step 4 DRI/DSI
05:20:40 |    🎲 C378 odds-size: orderliness 0.17 -> risk x0.80 ($0.682)
05:20:40 |    ⚖️ C427 LEDGER CORRECTED at allocate_margin: available $302.7249 → $250.2249 (equity
    $250.2249 − locked $0.0000 = $250.2249); discrepancy $+52.5000. Money that does not exist would
    have been sized against [correction #3]
05:20:40 |    🔒 C378 stop level $1.65411 recorded (paper — C377 enforces it in-process) [C397
    tick-legal]
  >> 05:20  OPEN   PIEVERSE LONG @1.7164  x1 $18.77
       target +12.6%  stop -3.6%  entry score 0.55  maker
 
 
  05:25  up 9h20m  scan 77 -----------------------------------------------------------------------
  EQUITY    $250.25  unreal $+0.03
  SESSION   $-0.41 -0.17%  peak $251.39  dd 0.45%
  CURVE     ++++*+=++=++=+-+---=====+***============================+++====================
  DAY       real $-0.09  loss room $1.82 (0.73%)  5% used  vol x0.85  trust x1.25
            #.........................
  RECORD    9 closed  3W 6L  win 33%  payoff 0.83  avg $-0.16/tr  best $+0.45  worst $-0.77
            break-even 55%
  LIFETIME  15tr 5W 10L 33%  $+0.22
  OPEN      1 pos $18.77 (8%)  free $231.45
  FEES      $0.30  mk15/tk6  0.121% of eq
  SCAN      797 > 60 > 2 passed  top MANTA 0.70 (viable)  77 scans, 2534 analysed
  MARKET    MIXED  bias +0.17  breadth +0.00  taker flow -0.24
  NEWS      65 articles  + tone +0.38  PUMP +0.53  NEAR +0.46  ONE +0.42
  INFO      2 tilted  flow/fund/news/oi on 158
            info>0 7tr $-0.24 win 29%  info≤0 1tr $-0.02 win 0%
  MOVERS    ONE +98% #6  CELR +46% #28  G +41% #11  AKE +41% #8
  TAPE      + - - - + + - - -
  ------------------------------------------------------------------------------------------------
  PAIR     SIDE       ENTRY      MARK    MOVE     P&L   AGE  THESIS
  PIEVERSE LONG      1.7164    1.7204  +0.23%   +0.03    4m  + 54% left
  ------------------------------------------------------------------------------------------------
 
05:26:02 | 📊 Step 3 result: 2 analyzed (+58 cached this 15m candle) → 0 passed | low_confidence=3,
    low_score=27, ct_noisy_block=13, flat_projection=8, proj_confirms_trend=1, capitulation=2,
    dir_proj_conflict=1, post_penalty_low=1, micro_exhaustion=1, no_structural_room=1, vol_floor=2
05:26:02 |    📌 Nearest miss: MANTA score=0.854 (pre-pen 0.97) conf=0.613 quality=0.523/0.26
    reason=vol_floor
05:31:08 |    🪞 C266 board-parity (top movers vs screen): ONE +102%[#5] | CELR +44%[#28] | AKE
    +41%[#7] | G +38%[#10] | ZAMA +38%[#16]
05:31:28 |    🎢→⚖️ ONE: C292 stands down — parabola BROKEN (range 17×ATR, 3.0 ATR off the day
    extreme): the 24h 'trend' already failed structurally; counter-trend entry re-enters the TURNING
    path [C299]
05:31:53 |    ⚖️ C462-7 PIEVERSE: penalties 0.84→0.71 (×0.84) vs bar 0.72 — the stack decided
05:32:00 |    ⚖️ C462-7 BTW: penalties 0.47→0.35 (×0.75) vs bar 0.40 — the stack decided
05:32:11 | 📊 Step 3 result: 60 analyzed → 2 viable → Step 4 DRI/DSI
 
  05:33  up 9h28m  scan 79 -----------------------------------------------------------------------
  EQUITY    $250.49  unreal $+0.27
  SESSION   $-0.17 -0.07%  peak $251.39  dd 0.36%
  CURVE     ++++*+=++=++=+-+=--=====+*++============================+++=====================
  DAY       real $-0.09  loss room $2.31 (0.92%)  4% used  vol x1.08  trust x1.25
            #.........................
  RECORD    9 closed  3W 6L  win 33%  payoff 0.83  avg $-0.16/tr  best $+0.45  worst $-0.77
            break-even 55%
  LIFETIME  15tr 5W 10L 33%  $+0.22
  OPEN      1 pos $18.77 (7%)  free $231.45
  FEES      $0.30  mk15/tk6  0.121% of eq
  SCAN      797 > 60 > 2 passed  top MANTA 0.70 (viable)  79 scans, 2596 analysed
  MARKET    MIXED  bias -0.02  breadth +0.00  taker flow +0.18
  NEWS      65 articles  - tone -0.12  PUMP +0.53  NEAR +0.46  ONE +0.42
  INFO      2 tilted  flow/fund/news/oi on 159
            info>0 7tr $-0.24 win 29%  info≤0 1tr $-0.02 win 0%
  MOVERS    ONE +102% #5  CELR +44% #28  AKE +41% #7  G +38% #10
  TAPE      + - - - + + - - -
  ------------------------------------------------------------------------------------------------
  PAIR     SIDE       ENTRY      MARK    MOVE     P&L   AGE  THESIS
  PIEVERSE LONG      1.7164    1.7424  +1.51%   +0.27   12m  + 45% left
  ------------------------------------------------------------------------------------------------
 
05:37:33 | 📊 Step 3 result: 2 analyzed (+58 cached) → 1 viable → Step 4 DRI/DSI
05:39:17 |    🎯 C462-6 MAKER half filled PIEVERSE @$1.7815 — saved ~0.04% of the half notional (4
    this session)
  -> 05:39  HALF   PIEVERSE LONG @1.7815  +3.79% $+0.35
       win half banked  maker  $9.38 rides on
 
 
  05:41  up 9h36m  scan 80 -----------------------------------------------------------------------
  EQUITY    $250.99  unreal $+0.41
  SESSION   $+0.33 +0.13%  peak $251.39  dd 0.16%
  CURVE     ++++*+=++=++=+-+---=====+*++============================+++=====================+
  DAY       real $+0.26  loss room $2.18 (0.87%)  0% used  vol x1.02  trust x1.25
            ..........................
  RECORD    9 closed  3W 6L  win 33%  payoff 0.83  avg $-0.16/tr  best $+0.45  worst $-0.77
            break-even 55%
  LIFETIME  15tr 5W 10L 33%  $+0.58
  OPEN      1 pos $9.38 (4%)  free $241.19
  FEES      $0.31  mk16/tk6  0.122% of eq
  SCAN      797 > 2 > 1 passed  top G 0.65 (viable)  80 scans, 2598 analysed
  MARKET    MIXED  bias -0.02  breadth +0.18  taker flow +0.19
  NEWS      65 articles  - tone -0.12  PUMP -0.70  DOGE -0.59  XRP +0.34
  INFO      1 tilted  flow/fund/news/oi on 159
            info>0 7tr $-0.24 win 29%  info≤0 1tr $-0.02 win 0%
  MOVERS    ONE +102% #5  CELR +44% #28  AKE +41% #7  G +38% #10
  TAPE      + - - - + + - - -
  ------------------------------------------------------------------------------------------------
  PAIR     SIDE       ENTRY      MARK    MOVE     P&L   AGE  THESIS
  PIEVERSE LONG      1.7164    1.7936  +4.49%   +0.41   20m  + 47% left
  ------------------------------------------------------------------------------------------------
 
05:42:01 | 🎯 EXIT SIGNAL: PIEVERSE/USDT:USDT - EARLY_PEAK_CAPTURE: peak=+9.4%(3.9PRU) now=+8.0%
    gave=15%(0.6PRU)
05:42:01 |    🎯 C376 MAKER exit filled PIEVERSE @$1.8552 — saved ~0.04%% of notional (4 this
    session)
  << 05:42  CLOSE  PIEVERSE LONG @1.8552  +8.09% $+0.75  WIN
       held 21m  EARLY_PEAK_CAPTURE: peak  kept 86% of a +9.38% peak  +1.67R  maker
05:42:40 |    🪞 C266 board-parity (top movers vs screen): ONE +102%[#5] | G +51%[#7] | CELR
    +43%[#27] | BR +40%[#13] | ZAMA +38%[#17]
05:43:05 | 📊 Step 3 result: 5 analyzed (+55 cached) → 1 viable → Step 4 DRI/DSI
05:48:45 |    ⚖️ C462-7 F: penalties 0.38→0.31 (×0.82) vs bar 0.32 — the stack decided
05:48:58 |    🎢→⚖️ EPIC: C292 stands down — parabola BROKEN (range 16×ATR, 7.3 ATR off the day
    extreme): the 24h 'trend' already failed structurally; counter-trend entry re-enters the TURNING
    path [C299]
05:49:11 | 📊 Step 3 result: 60 analyzed → 1 viable → Step 4 DRI/DSI
 
 
  05:49  up 9h44m  scan 82 -----------------------------------------------------------------------
  EQUITY    $251.33
  SESSION   $+0.67 +0.27%  peak $251.39  dd 0.02%
  CURVE     ++++*+=++=++=+-+---=====+***============================*++=====================+**
  DAY       real $+1.02  loss room $1.69 (0.67%)  0% used  vol x0.79  trust x1.25
            ..........................
  RECORD    10 closed  4W 6L  win 40%  payoff 1.08  avg $-0.07/tr  best $+0.75  worst $-0.77
            break-even 48%
  LIFETIME  16tr 6W 10L 38%  $+1.33
  OPEN      flat  free $251.33
  FEES      $0.31  mk17/tk6  0.122% of eq
  SCAN      797 > 60 > 1 passed  top G 0.49 (viable)  82 scans, 2663 analysed
  MARKET    MIXED  bias -0.06  breadth +0.00  taker flow +0.18
  NEWS      65 articles  - tone -0.12  PUMP -0.70  DOGE -0.59  XRP +0.34
  INFO      1 tilted  flow/news/oi on 160
            info>0 8tr $-0.11 win 38%  info≤0 1tr $-0.02 win 0%
  MOVERS    ONE +102% #5  G +51% #7  CELR +43% #27  BR +40% #13
  TAPE      + - - - + + - - - +
  ------------------------------------------------------------------------------------------------
 
05:54:20 |    🪞 C266 board-parity (top movers vs screen): ONE +92%[#5] | G +58%[#7] | CELR +44%[#30]
    | BR +38%[#13] | AKE +37%[#9]
05:54:40 |    ⚖️ C462-7 CAP: penalties 0.38→0.23 (×0.61) vs bar 0.32 — the stack decided
05:54:49 | 📊 Step 3 result: 18 analyzed (+42 cached this 15m candle) → 0 passed | low_confidence=8,
    low_score=28, flat_projection=8, proj_confirms_trend=2, no_structural_room=5, capitulation=7,
    vol_floor=2
05:54:49 |    📌 Nearest miss: NEO score=0.888 conf=0.950 quality=0.843/0.26 reason=vol_floor
  .. 05:57  flat  $251.33  $+0.67 +0.27%  4W 6L 40%  18 analysed
06:00:19 |    🎢→⚖️ XTZ: C292 stands down — parabola BROKEN (range 20×ATR, 5.4 ATR off the day
    extreme): the 24h 'trend' already failed structurally; counter-trend entry re-enters the TURNING
    path [C299]
06:00:29 |    ⚖️ C462-7 FARTCOIN: penalties 0.52→0.44 (×0.85) vs bar 0.52 — the stack decided
06:00:47 |    🎢→⚖️ EPIC: C292 stands down — parabola BROKEN (range 17×ATR, 7.7 ATR off the day
    extreme): the 24h 'trend' already failed structurally; counter-trend entry re-enters the TURNING
    path [C299]
06:00:58 | 📊 Step 3 result: 60 analyzed → 0 passed | low_confidence=4, low_score=36,
    flat_projection=10, proj_confirms_trend=2, no_structural_room=4, capitulation=1,
    leg_exhausted=1, post_penalty_low=1, vol_floor=1
06:00:58 |    📌 Nearest miss: ZIL score=0.524 conf=0.882 quality=0.463/0.26 reason=vol_floor
  .. 06:05  flat  $251.33  $+0.67 +0.27%  4W 6L 40%  60 analysed
06:06:04 |    🪞 C266 board-parity (top movers vs screen): ONE +78%[#8] | G +60%[#6] | CELR +48%[#27]
    | BR +40%[#12] | AKE +37%[#10]
06:06:35 | 📊 Step 3 result: 18 analyzed (+42 cached) → 1 viable → Step 4 DRI/DSI
06:11:49 | 📊 Step 3 result: 1 analyzed (+59 cached this 15m candle) → 0 passed | low_confidence=3,
    low_score=31, flat_projection=12, proj_confirms_trend=2, no_structural_room=6, capitulation=2,
    leg_exhausted=1, vol_floor=2, post_penalty_low=1
  .. 06:13  flat  $251.33  $+0.67 +0.27%  4W 6L 40%  1 analysed
06:16:54 |    🪞 C266 board-parity (top movers vs screen): ONE +92%[#7] | CELR +78%[#24] | G +48%[#9]
    | BR +38%[#14] | AKE +37%[#8]
06:16:54 | 📈 C398: pack extended +1.77 ATR over 3h UP — no tilt (the up-side mirror failed
    out-of-sample by design)
06:17:17 |    🎢→⚖️ ONE: C292 stands down — parabola BROKEN (range 15×ATR, 3.2 ATR off the day
    extreme): the 24h 'trend' already failed structurally; counter-trend entry re-enters the TURNING
    path [C299]
06:17:33 |    🎢→⚖️ XTZ: C292 stands down — parabola BROKEN (range 20×ATR, 5.5 ATR off the day
    extreme): the 24h 'trend' already failed structurally; counter-trend entry re-enters the TURNING
    path [C299]
06:18:08 |    ⚖️ C462-7 ZIL: penalties 0.55→0.41 (×0.75) vs bar 0.52 — the stack decided
06:18:14 |    🎢→⚖️ HOME: C292 stands down — parabola BROKEN (range 12×ATR, 3.0 ATR off the day
    extreme): the 24h 'trend' already failed structurally; counter-trend entry re-enters the TURNING
    path [C299]
06:18:14 | 📊 Step 3 result: 60 analyzed → 0 passed | low_confidence=1, low_score=40, flow_veto=1,
    flat_projection=4, capitulation=6, no_structural_room=4, micro_exhaustion=1,
    proj_confirms_trend=1, poor_reward_risk=1, low_agreement=1
06:18:14 |    📌 Nearest miss: F score=0.412 (pre-pen 0.57) conf=0.598 quality=0.247/0.26
    reason=low_agreement 50%<55%
 
 
  06:21  up 10h16m  scan 87 ----------------------------------------------------------------------
  EQUITY    $251.33
  SESSION   $+0.67 +0.27%  peak $251.39  dd 0.02%
  CURVE     ++++*+=++=++=+-+---=====+*++===========================+++=====================+******
  DAY       real $+1.02  loss room $2.21 (0.88%)  0% used  vol x1.04  trust x1.25
            ..........................
  RECORD    10 closed  4W 6L  win 40%  payoff 1.08  avg $-0.07/tr  best $+0.75  worst $-0.77
            break-even 48%
  LIFETIME  16tr 6W 10L 38%  $+1.33
  OPEN      flat  free $251.33
  FEES      $0.31  mk17/tk6  0.122% of eq
  SCAN      797 > 60 > 0 passed  top F 0.41 (low_agreement 50%<)  87 scans, 2820 analysed
  MARKET    MIXED  bias +0.06  breadth +0.00  taker flow +0.01
  NEWS      65 articles  + tone +0.41  NEAR +0.48  XRP +0.35  ONE +0.31
  INFO      1 tilted  flow/fund/news/oi on 163
            info>0 8tr $-0.11 win 38%  info≤0 1tr $-0.02 win 0%
  MOVERS    ONE +92% #7  CELR +78% #24  G +48% #9  BR +38% #14
  TAPE      + - - - + + - - - +
  ------------------------------------------------------------------------------------------------
 
06:23:15 | 📈 C398: pack extended +1.77 ATR over 3h UP — no tilt (the up-side mirror failed
    out-of-sample by design)
06:28:35 |    🪞 C266 board-parity (top movers vs screen): ONE +92%[#6] | CELR +70%[#24] | G +49%[#8]
    | BR +40%[#14] | AKE +36%[#9]
06:28:35 | 📈 C398: pack extended +1.77 ATR over 3h UP — no tilt (the up-side mirror failed
    out-of-sample by design)
06:28:51 | 📊 Step 3 result: 4 analyzed (+56 cached this 15m candle) → 0 passed | low_confidence=1,
    low_score=38, flow_veto=1, flat_projection=5, no_structural_room=5, capitulation=6,
    micro_exhaustion=1, proj_confirms_trend=1, poor_reward_risk=1, low_agreement=1
06:28:51 |    📌 Nearest miss: ALLO score=0.567 conf=0.556 quality=0.315/0.26 reason=score 0.567 <
    0.609
  .. 06:29  flat  $251.33  $+0.67 +0.27%  4W 6L 40%  4 analysed
06:33:52 | 📈 C398: pack extended +1.77 ATR over 3h UP — no tilt (the up-side mirror failed
    out-of-sample by design)
06:34:11 |    🎢→⚖️ ONE: C292 stands down — parabola BROKEN (range 15×ATR, 3.2 ATR off the day
    extreme): the 24h 'trend' already failed structurally; counter-trend entry re-enters the TURNING
    path [C299]
06:34:22 |    ⚖️ C462-7 ARB: penalties 0.34→0.20 (×0.60) vs bar 0.33 — the stack decided
06:34:25 |    🎢→⚖️ XTZ: C292 stands down — parabola BROKEN (range 21×ATR, 5.9 ATR off the day
    extreme): the 24h 'trend' already failed structurally; counter-trend entry re-enters the TURNING
    path [C299]
06:34:26 |    🎢→⚖️ BANK: C292 stands down — parabola BROKEN (range 13×ATR, 3.4 ATR off the day
    extreme): the 24h 'trend' already failed structurally; counter-trend entry re-enters the TURNING
    path [C299]
06:34:43 |    ⚖️ C462-7 UB: penalties 0.62→0.47 (×0.75) vs bar 0.61 — the stack decided
06:35:07 | 📊 Step 3 result: 60 analyzed → 0 passed | low_confidence=3, low_score=37,
    flat_projection=6, dir_proj_conflict=1, no_structural_room=5, capitulation=2, fee_floor=1,
    post_penalty_low=1, vol_floor=2, micro_exhaustion=2
06:35:07 |    📌 Nearest miss: ALLO score=0.665 conf=0.719 quality=0.478/0.26 reason=vol_floor
  .. 06:37  flat  $251.33  $+0.67 +0.27%  4W 6L 40%  60 analysed
06:40:13 |    🪞 C266 board-parity (top movers vs screen): ONE +87%[#5] | CELR +83%[#20] | G +50%[#7]
    | AKE +41%[#8] | B2 +37%[#14]
06:40:13 | 📈 C398: pack extended +1.56 ATR over 3h UP — no tilt (the up-side mirror failed
    out-of-sample by design)
06:40:34 | 📊 Step 3 result: 11 analyzed (+49 cached this 15m candle) → 0 passed | low_confidence=2,
    low_score=36, flat_projection=6, dir_proj_conflict=1, no_structural_room=8, capitulation=2,
    fee_floor=1, post_penalty_low=1, micro_exhaustion=1, poor_reward_risk=1, vol_floor=1
06:40:34 |    📌 Nearest miss: TRUMP score=0.330 conf=0.714 quality=0.235/0.26 reason=score 0.247 <
    0.672
  .. 06:45  flat  $251.33  $+0.67 +0.27%  4W 6L 40%  11 analysed
06:45:34 | 📈 C398: pack extended +1.56 ATR over 3h UP — no tilt (the up-side mirror failed
    out-of-sample by design)
06:45:53 |    🎢→⚖️ ONE: C292 stands down — parabola BROKEN (range 15×ATR, 3.8 ATR off the day
    extreme): the 24h 'trend' already failed structurally; counter-trend entry re-enters the TURNING
    path [C299]
06:45:59 |    🎢→⚖️ AVAX: C292 stands down — parabola BROKEN (range 14×ATR, 4.1 ATR off the day
    extreme): the 24h 'trend' already failed structurally; counter-trend entry re-enters the TURNING
    path [C299]
06:46:04 |    🎢→⚖️ ZAMA: C292 stands down — parabola BROKEN (range 19×ATR, 4.8 ATR off the day
    extreme): the 24h 'trend' already failed structurally; counter-trend entry re-enters the TURNING
    path [C299]
06:46:09 |    🎢→⚖️ BANK: C292 stands down — parabola BROKEN (range 14×ATR, 3.7 ATR off the day
    extreme): the 24h 'trend' already failed structurally; counter-trend entry re-enters the TURNING
    path [C299]
06:46:19 |    ⚖️ C462-7 FARTCOIN: penalties 0.56→0.33 (×0.60) vs bar 0.33 — the stack decided
06:46:43 | 📊 Step 3 result: 60 analyzed → 1 viable → Step 4 DRI/DSI
06:51:50 |    🪞 C266 board-parity (top movers vs screen): CELR +79%[#22] | ONE +68%[Live=0.40<cut] |
    G +51%[#6] | AKE +40%[Live=0.57<cut] | B2 +39%[#14]
06:52:11 |    🎢→⚖️ XTZ: C292 stands down — parabola BROKEN (range 18×ATR, 7.6 ATR off the day
    extreme): the 24h 'trend' already failed structurally; counter-trend entry re-enters the TURNING
    path [C299]
06:52:15 |    ⚖️ C462-7 ONG: penalties 0.67→0.60 (×0.90) vs bar 0.61 — the stack decided
06:52:15 | 📊 Step 3 result: 15 analyzed (+45 cached) → 1 viable → Step 4 DRI/DSI
 
 
  06:53  up 10h48m  scan 92 ----------------------------------------------------------------------
  EQUITY    $251.33
  SESSION   $+0.67 +0.27%  peak $251.39  dd 0.02%
  CURVE     ++++*+=++++=+-+==-=====+*+===========================+++====================+*********
  DAY       real $+1.02  loss room $2.70 (1.08%)  0% used  vol x1.27  trust x1.25
            ..........................
  RECORD    10 closed  4W 6L  win 40%  payoff 1.08  avg $-0.07/tr  best $+0.75  worst $-0.77
            break-even 48%
  LIFETIME  16tr 6W 10L 38%  $+1.33
  OPEN      flat  free $251.33
  FEES      $0.31  mk17/tk6  0.122% of eq
  SCAN      797 > 15 > 1 passed  top G 0.60 (viable)  92 scans, 2970 analysed
  MARKET    MIXED  bias +0.01  breadth +0.22  taker flow -0.38
  NEWS      65 articles  + tone +0.12  STRK -0.24  ARB -0.24  ZEC +0.22
  INFO      1 tilted  flow/fund/news/oi on 165
            info>0 8tr $-0.11 win 38%  info≤0 1tr $-0.02 win 0%
  MOVERS    CELR +79% #22  ONE +68% cut  G +51% #6  AKE +40% cut
  TAPE      + - - - + + - - - +
  ------------------------------------------------------------------------------------------------
 
06:57:28 | 📊 Step 3 result: 1 analyzed (+59 cached this 15m candle) → 0 passed | low_confidence=3,
    low_score=40, mtf_disagree=1, flat_projection=7, no_structural_room=4, poor_reward_risk=3,
    capitulation=1, vol_floor=1
06:57:28 |    📌 Nearest miss: G score=0.690 conf=0.510 quality=0.352/0.26 reason=mtf_disagree
  .. 07:01  flat  $251.33  $+0.67 +0.27%  4W 6L 40%  1 analysed
07:02:36 |    🪞 C266 board-parity (top movers vs screen): CELR +88%[#20] | ONE +67%[Live=0.42<cut] |
    G +53%[#7] | AKE +43%[Live=0.54<cut] | B2 +40%[#13]
07:02:58 |    🎢→⚖️ AVAX: C292 stands down — parabola BROKEN (range 14×ATR, 4.2 ATR off the day
    extreme): the 24h 'trend' already failed structurally; counter-trend entry re-enters the TURNING
    path [C299]
07:03:02 |    🎢→⚖️ ZAMA: C292 stands down — parabola BROKEN (range 21×ATR, 4.9 ATR off the day
    extreme): the 24h 'trend' already failed structurally; counter-trend entry re-enters the TURNING
    path [C299]
07:03:07 |    🎢→⚖️ XTZ: C292 stands down — parabola BROKEN (range 17×ATR, 8.1 ATR off the day
    extreme): the 24h 'trend' already failed structurally; counter-trend entry re-enters the TURNING
    path [C299]
07:03:15 |    ⚖️ C462-7 SYN: penalties 0.38→0.29 (×0.75) vs bar 0.37 — the stack decided
07:03:24 |    ⚖️ C462-7 ZIL: penalties 0.64→0.58 (×0.90) vs bar 0.61 — the stack decided
07:03:34 | 📊 Step 3 result: 60 analyzed → 0 passed | low_confidence=5, low_score=40,
    flat_projection=3, no_structural_room=5, capitulation=2, micro_exhaustion=2, low_quality=1,
    poor_reward_risk=1, vol_floor=1
07:03:34 |    📌 Nearest miss: ZIL score=0.641 conf=0.767 quality=0.492/0.26 reason=score 0.577 <
    0.609
  .. 07:09  flat  $251.33  $+0.67 +0.27%  4W 6L 40%  60 analysed
07:13:54 |    🪞 C266 board-parity (top movers vs screen): CELR +84%[#18] | ONE +67%[Live=0.42<cut] |
    G +52%[#7] | B2 +48%[#13] | AKE +44%[Live=0.54<cut]
07:14:10 | 📊 Step 3 result: 2 analyzed (+58 cached this 15m candle) → 0 passed | low_confidence=6,
    low_score=39, flat_projection=3, no_structural_room=5, capitulation=2, micro_exhaustion=2,
    low_quality=1, poor_reward_risk=1, vol_floor=1
07:14:10 |    📌 Nearest miss: ACE score=0.234 conf=0.816 quality=0.191/0.26 reason=score 0.234 <
    0.609
  .. 07:17  flat  $251.33  $+0.67 +0.27%  4W 6L 40%  2 analysed
07:19:37 |    🎢→⚖️ AVAX: C292 stands down — parabola BROKEN (range 13×ATR, 4.6 ATR off the day
    extreme): the 24h 'trend' already failed structurally; counter-trend entry re-enters the TURNING
    path [C299]
07:19:48 |    🎢→⚖️ XTZ: C292 stands down — parabola BROKEN (range 16×ATR, 7.3 ATR off the day
    extreme): the 24h 'trend' already failed structurally; counter-trend entry re-enters the TURNING
    path [C299]
07:20:24 | 📊 Step 3 result: 60 analyzed → 0 passed | low_confidence=10, low_score=34,
    flat_projection=4, final_gate=1, micro_exhaustion=3, no_structural_room=2,
    proj_confirms_trend=1, capitulation=2, low_quality=1, leg_exhausted=1, vol_floor=1
07:20:24 |    📌 Nearest miss: G score=0.375 (pre-pen 0.50) conf=0.701 quality=0.263/0.26
    reason=final_gate
 
 
  07:25  up 11h20m  scan 96 ----------------------------------------------------------------------
  EQUITY    $251.33
  SESSION   $+0.67 +0.27%  peak $251.39  dd 0.02%
  CURVE     ++++*=++=++=+-+--=====+*+==========================++===================+*************
  DAY       real $+1.02  loss room $2.06 (0.82%)  0% used  vol x0.97  trust x1.25
            ..........................
  RECORD    10 closed  4W 6L  win 40%  payoff 1.08  avg $-0.07/tr  best $+0.75  worst $-0.77
            break-even 48%
  LIFETIME  16tr 6W 10L 38%  $+1.33
  OPEN      flat  free $251.33
  FEES      $0.31  mk17/tk6  0.122% of eq
  SCAN      797 > 60 > 0 passed  top G 0.38 (final_gate)  96 scans, 3093 analysed
  MARKET    MIXED  bias -0.07  breadth +0.00  taker flow -0.37
  NEWS      65 articles  + tone +0.38  STRK -0.24  ARB -0.24  ZEC +0.22
  INFO      1 tilted  flow/fund/news/oi on 165
            info>0 8tr $-0.11 win 38%  info≤0 1tr $-0.02 win 0%
  MOVERS    CELR +84% #18  ONE +67% cut  G +52% #7  B2 +48% #13
  TAPE      + - - - + + - - - +
  ------------------------------------------------------------------------------------------------
 
07:25:30 |    🪞 C266 board-parity (top movers vs screen): CELR +86%[#18] | ONE +61%[#9] | G +59%[#7]
    | AKE +46%[Live=0.41<cut] | B2 +41%[#15]
07:25:58 |    🎢→⚖️ SKL: C292 stands down — parabola BROKEN (range 12×ATR, 4.9 ATR off the day
    extreme): the 24h 'trend' already failed structurally; counter-trend entry re-enters the TURNING
    path [C299]
07:26:02 | 📊 Step 3 result: 21 analyzed (+39 cached this 15m candle) → 0 passed | low_confidence=12,
    low_score=27, flat_projection=7, final_gate=1, micro_exhaustion=2, no_structural_room=4,
    capitulation=3, post_penalty_low=1, leg_exhausted=2, vol_floor=1
07:26:02 |    📌 Nearest miss: ZIL score=0.495 conf=0.675 quality=0.334/0.26 reason=OF-exhaustion
    OI=bearish_buildup
07:31:27 |    🎢→⚖️ AVAX: C292 stands down — parabola BROKEN (range 13×ATR, 4.9 ATR off the day
    extreme): the 24h 'trend' already failed structurally; counter-trend entry re-enters the TURNING
    path [C299]
07:31:41 |    🎢→⚖️ XTZ: C292 stands down — parabola BROKEN (range 15×ATR, 7.5 ATR off the day
    extreme): the 24h 'trend' already failed structurally; counter-trend entry re-enters the TURNING
    path [C299]
07:32:13 | 📊 Step 3 result: 60 analyzed → 1 viable → Step 4 DRI/DSI
07:32:15 |    🎲 C378 odds-size: orderliness 0.17 -> risk x0.80 ($0.686)
07:32:15 |    🔒 C378 stop level $0.08707 recorded (paper — C377 enforces it in-process) [C397
    tick-legal]
  >> 07:32  OPEN   MYX SHORT @0.081270  x1 $9.61
       target +24.7%  stop -7.1%  entry score 0.44  maker
 
 
  07:33  up 11h28m  scan 98 ----------------------------------------------------------------------
  EQUITY    $251.53  unreal $+0.20
  SESSION   $+0.87 +0.35%
  CURVE     ++++*=+==++=++---=====*++=========================+++===================+*************
  DAY       real $+1.02  loss room $2.02 (0.81%)  0% used  vol x0.95  trust x1.25
            ..........................
  RECORD    10 closed  4W 6L  win 40%  payoff 1.08  avg $-0.07/tr  best $+0.75  worst $-0.77
            break-even 48%
  LIFETIME  16tr 6W 10L 38%  $+1.33
  OPEN      1 pos $9.61 (4%)  free $241.72
  FEES      $0.31  mk18/tk6  0.123% of eq
  SCAN      797 > 60 > 1 passed  top MYX 0.44 (viable)  98 scans, 3174 analysed
  MARKET    MIXED  bias -0.11  breadth +0.29  taker flow -0.56
  NEWS      65 articles  + tone +0.38  UNI +0.55  SOL +0.40  LINK +0.29
  INFO      1 tilted  flow/fund/news/oi on 165
            info>0 8tr $-0.11 win 38%  info≤0 1tr $-0.02 win 0%
  MOVERS    CELR +86% #18  ONE +61% #9  G +59% #7  AKE +46% cut
  TAPE      + - - - + + - - - +
  ------------------------------------------------------------------------------------------------
  PAIR     SIDE       ENTRY      MARK    MOVE     P&L   AGE  THESIS
  MYX      SHORT   0.081270  0.079490  +2.19%   +0.20    1m  + 43% left
  ------------------------------------------------------------------------------------------------
 
07:37:24 |    🪞 C266 board-parity (top movers vs screen): CELR +97%[#19] | G +56%[#7] | AKE +55%[#8]
    | B2 +41%[#16] | BR +40%[#15]
07:37:50 |    ⚖️ C462-7 UB: penalties 0.60→0.36 (×0.60) vs bar 0.48 — the stack decided
07:37:50 | 📊 Step 3 result: 11 analyzed (+49 cached this 15m candle) → 0 passed | low_confidence=4,
    low_score=37, flat_projection=7, micro_exhaustion=1, final_gate=1, regime_blip=1, low_quality=1,
    no_structural_room=7, post_penalty_low=1
07:37:50 |    📌 Nearest miss: UB score=0.363 (pre-pen 0.60) conf=0.515 quality=0.187/0.26
    reason=score 0.363 < 0.476
 
  07:41  up 11h36m  scan 99 ----------------------------------------------------------------------
  EQUITY    $251.49  unreal $+0.16
  SESSION   $+0.83 +0.33%  peak $251.53  dd 0.02%
  CURVE     +++++=+==++=-+---=====*++=========================++===================+**************
  DAY       real $+1.02  loss room $2.25 (0.90%)  0% used  vol x1.05  trust x1.25
            ..........................
  RECORD    10 closed  4W 6L  win 40%  payoff 1.08  avg $-0.07/tr  best $+0.75  worst $-0.77
            break-even 48%
  LIFETIME  16tr 6W 10L 38%  $+1.33
  OPEN      1 pos $9.61 (4%)  free $241.72
  FEES      $0.31  mk18/tk6  0.123% of eq
  SCAN      797 > 11 > 0 passed  top UB 0.36 (score 0.363 < 0.47)  99 scans, 3185 analysed
  MARKET    TRENDING  bias -0.10  breadth +0.33  taker flow +0.54
  NEWS      65 articles  + tone +0.38  UNI +0.55  SOL +0.40  LINK +0.29
  INFO      1 tilted  flow/fund/news/oi on 165
            info>0 8tr $-0.11 win 38%  info≤0 1tr $-0.02 win 0%
  MOVERS    CELR +97% #19  G +56% #7  AKE +55% #8  B2 +41% #16
  TAPE      + - - - + + - - - +
  ------------------------------------------------------------------------------------------------
  PAIR     SIDE       ENTRY      MARK    MOVE     P&L   AGE  THESIS
  MYX      SHORT   0.081270  0.079840  +1.76%   +0.16    9m  + 46% left
  ------------------------------------------------------------------------------------------------
 
07:48:12 |    🪞 C266 board-parity (top movers vs screen): CELR +108%[#16] | G +56%[#7] | AKE
    +55%[#8] | B2 +42%[#14] | BANK +33%[#23]
07:49:11 |    🎢→⚖️ SKL: C292 stands down — parabola BROKEN (range 13×ATR, 6.3 ATR off the day
    extreme): the 24h 'trend' already failed structurally; counter-trend entry re-enters the TURNING
    path [C299]
07:49:15 |    ⚖️ C462-7 ALLO: penalties 0.80→0.60 (×0.75) vs bar 0.62 — the stack decided
07:49:17 | 📊 Step 3 result: 60 analyzed → 1 viable → Step 4 DRI/DSI
 
  07:49  up 11h44m  scan 100 ---------------------------------------------------------------------
  EQUITY    $251.51  unreal $+0.18
  SESSION   $+0.85 +0.34%  peak $251.53  dd 0.01%
  CURVE     +++++=+==+++-+---=====*++========================+++==================+***************
  DAY       real $+1.02  loss room $1.93 (0.77%)  0% used  vol x0.90  trust x1.25
            ..........................
  RECORD    10 closed  4W 6L  win 40%  payoff 1.08  avg $-0.07/tr  best $+0.75  worst $-0.77
            break-even 48%
  LIFETIME  16tr 6W 10L 38%  $+1.33
  OPEN      1 pos $9.61 (4%)  free $241.72
  FEES      $0.31  mk18/tk6  0.123% of eq
  SCAN      797 > 60 > 1 passed  top CELR 0.41 (viable)  100 scans, 3245 analysed
  MARKET    MIXED  bias +0.11  breadth +0.00  taker flow -0.23
  NEWS      65 articles  + tone +0.23  UNI +0.55  SOL +0.40  LINK +0.29
  INFO      1 tilted  flow/fund/news/oi on 165
            info>0 8tr $-0.11 win 38%  info≤0 1tr $-0.02 win 0%
  MOVERS    CELR +108% #16  G +56% #7  AKE +55% #8  B2 +42% #14
  TAPE      + - - - + + - - - +
  ------------------------------------------------------------------------------------------------
  PAIR     SIDE       ENTRY      MARK    MOVE     P&L   AGE  THESIS
  MYX      SHORT   0.081270  0.079720  +1.91%   +0.18   17m  + 24% left
  ------------------------------------------------------------------------------------------------
 
07:54:32 | 📊 Step 3 result: 1 analyzed (+59 cached this 15m candle) → 0 passed | low_confidence=1,
    low_score=23, regime_blip=7, h1_regime_shock=8, capitulation=2, post_penalty_low=2,
    no_structural_room=9, flat_projection=6, dir_proj_conflict=1, leg_exhausted=1
 
  07:57  up 11h52m  scan 101 ---------------------------------------------------------------------
  EQUITY    $251.46  unreal $+0.13
  SESSION   $+0.80 +0.32%  peak $251.53  dd 0.03%
  CURVE     +++++=+==+=+-+---=====*+=========================++==================+****************
  DAY       real $+1.02  loss room $2.13 (0.85%)  0% used  vol x1.00  trust x1.25
            ..........................
  RECORD    10 closed  4W 6L  win 40%  payoff 1.08  avg $-0.07/tr  best $+0.75  worst $-0.77
            break-even 48%
  LIFETIME  16tr 6W 10L 38%  $+1.33
  OPEN      1 pos $9.61 (4%)  free $241.72
  FEES      $0.31  mk18/tk6  0.123% of eq
  SCAN      797 > 1 > 0 passed  101 scans, 3246 analysed
  MARKET    MIXED  bias +0.11  breadth +0.43  taker flow -0.48
  NEWS      65 articles  + tone +0.23  ONE +0.56  B +0.22  XRP +0.21
  INFO      1 tilted  flow/fund/news/oi on 165
            info>0 8tr $-0.11 win 38%  info≤0 1tr $-0.02 win 0%
  MOVERS    CELR +108% #16  G +56% #7  AKE +55% #8  B2 +42% #14
  TAPE      + - - - + + - - - +
  ------------------------------------------------------------------------------------------------
  PAIR     SIDE       ENTRY      MARK    MOVE     P&L   AGE  THESIS
  MYX      SHORT   0.081270  0.080100  +1.44%   +0.13   25m  + 27% left
  ------------------------------------------------------------------------------------------------
 
07:59:39 |    🪞 C266 board-parity (top movers vs screen): CELR +109%[#16] | G +57%[#7] | AKE
    +54%[#8] | ONE +40%[#10] | B2 +36%[#14]
07:59:57 | 📊 Step 3 result: 1 analyzed (+59 cached this 15m candle) → 0 passed | low_confidence=1,
    low_score=23, regime_blip=7, h1_regime_shock=8, capitulation=2, post_penalty_low=2,
    no_structural_room=8, flat_projection=6, dir_proj_conflict=1, leg_exhausted=1, vol_floor=1
07:59:57 |    📌 Nearest miss: ONG score=0.690 conf=0.874 quality=0.603/0.26 reason=vol_floor
08:05:24 |    🎢→⚖️ B2: C292 stands down — parabola BROKEN (range 28×ATR, 14.2 ATR off the day
    extreme): the 24h 'trend' already failed structurally; counter-trend entry re-enters the TURNING
    path [C299]
08:05:34 |    ⚖️ C462-7 STRK: penalties 0.32→0.19 (×0.60) vs bar 0.29 — the stack decided
08:05:41 |    ⚖️ C462-7 HBAR: penalties 0.30→0.20 (×0.69) vs bar 0.29 — the stack decided
08:05:42 |    ⚖️ C462-7 JUP: penalties 0.29→0.18 (×0.60) vs bar 0.28 — the stack decided
08:05:53 |    🎢→⚖️ SKL: C292 stands down — parabola BROKEN (range 13×ATR, 6.0 ATR off the day
    extreme): the 24h 'trend' already failed structurally; counter-trend entry re-enters the TURNING
    path [C299]
08:06:01 | 📊 Step 3 result: 60 analyzed → 0 passed | low_confidence=3, low_score=24, regime_blip=3,
    late_leg_no_forward=1, h1_regime_shock=25, flat_projection=3, low_quality=1
08:06:01 |    📌 Nearest miss: CELR score=0.737 conf=0.941 quality=0.693/0.26 reason=h1_regime_shock
 
  08:06  up 12h01m  scan 103 ---------------------------------------------------------------------
  EQUITY    $251.44  unreal $+0.11
  SESSION   $+0.78 +0.31%  peak $251.53  dd 0.04%
  CURVE     =++++=+=====-=--======++========================+++==================+****************
  DAY       real $+1.02  loss room $2.13 (0.85%)  0% used  vol x1.00  trust x1.25
            ..........................
  RECORD    10 closed  4W 6L  win 40%  payoff 1.08  avg $-0.07/tr  best $+0.75  worst $-0.77
            break-even 48%
  LIFETIME  16tr 6W 10L 38%  $+1.33
  OPEN      1 pos $9.61 (4%)  free $241.72
  FEES      $0.31  mk18/tk6  0.123% of eq
  SCAN      797 > 60 > 0 passed  top CELR 0.74 (h1_regime_shock)  103 scans, 3307 analysed
  MARKET    MIXED  bias -0.21  breadth +0.00  taker flow +0.57
  NEWS      65 articles  + tone +0.23  ONE +0.56  B +0.22  XRP +0.21
  INFO      1 tilted  flow/fund/news/oi on 165
            info>0 8tr $-0.11 win 38%  info≤0 1tr $-0.02 win 0%
  MOVERS    CELR +109% #16  G +57% #7  AKE +54% #8  ONE +40% #10
  TAPE      + - - - + + - - - +
  ------------------------------------------------------------------------------------------------
  PAIR     SIDE       ENTRY      MARK    MOVE     P&L   AGE  THESIS
  MYX      SHORT   0.081270  0.080260  +1.24%   +0.11   33m  + 33% left
  ------------------------------------------------------------------------------------------------
 
08:11:10 |    🪞 C266 board-parity (top movers vs screen): CELR +104%[#18] | AKE +61%[#6] | G
    +54%[#7] | ONE +48%[#10] | B2 +37%[#17]
08:11:30 |    ⚖️ C462-7 PYTH: penalties 0.35→0.26 (×0.75) vs bar 0.29 — the stack decided
08:11:34 | 📊 Step 3 result: 9 analyzed (+51 cached this 15m candle) → 0 passed | low_confidence=3,
    low_score=22, regime_blip=3, late_leg_no_forward=2, h1_regime_shock=24, flat_projection=4,
    low_quality=1, vol_floor=1
08:11:34 |    📌 Nearest miss: BOME score=0.599 conf=0.690 quality=0.413/0.26 reason=vol_floor
 
  08:14  up 12h09m  scan 104 ---------------------------------------------------------------------
  EQUITY    $251.56  unreal $+0.23
  SESSION   $+0.90 +0.36%
  CURVE     +++*+=+==+=+-=--=====*++========================++==================+*****************
  DAY       real $+1.02  loss room $2.16 (0.86%)  0% used  vol x1.01  trust x1.25
            ..........................
  RECORD    10 closed  4W 6L  win 40%  payoff 1.08  avg $-0.07/tr  best $+0.75  worst $-0.77
            break-even 48%
  LIFETIME  16tr 6W 10L 38%  $+1.33
  OPEN      1 pos $9.61 (4%)  free $241.72
  FEES      $0.31  mk18/tk6  0.123% of eq
  SCAN      797 > 9 > 0 passed  top BOME 0.60 (vol_floor)  104 scans, 3316 analysed
  MARKET    MIXED  bias -0.24  breadth +0.12  taker flow -0.50
  NEWS      65 articles  + tone +0.23  ONE +0.56  B +0.22  XRP +0.21
  INFO      1 tilted  flow/fund/news/oi on 165
            info>0 8tr $-0.11 win 38%  info≤0 1tr $-0.02 win 0%
  MOVERS    CELR +104% #18  AKE +61% #6  G +54% #7  ONE +48% #10
  TAPE      + - - - + + - - - +
  ------------------------------------------------------------------------------------------------
  PAIR     SIDE       ENTRY      MARK    MOVE     P&L   AGE  THESIS
  MYX      SHORT   0.081270  0.079250  +2.49%   +0.23   41m  + 38% left
  ------------------------------------------------------------------------------------------------
 
08:17:03 |    🎢→⚖️ ENA: C292 stands down — parabola BROKEN (range 11×ATR, 4.4 ATR off the day
    extreme): the 24h 'trend' already failed structurally; counter-trend entry re-enters the TURNING
    path [C299]
08:17:04 |    ⚖️ C462-7 ENA: penalties 0.43→0.19 (×0.45) vs bar 0.26 — the stack decided
08:17:05 |    🎢→⚖️ ONE: C292 stands down — parabola BROKEN (range 17×ATR, 3.7 ATR off the day
    extreme): the 24h 'trend' already failed structurally; counter-trend entry re-enters the TURNING
    path [C299]
08:17:11 |    🎢→⚖️ B2: C292 stands down — parabola BROKEN (range 26×ATR, 13.8 ATR off the day
    extreme): the 24h 'trend' already failed structurally; counter-trend entry re-enters the TURNING
    path [C299]
08:17:12 |    🎢→⚖️ ZAMA: C292 stands down — parabola BROKEN (range 16×ATR, 5.2 ATR off the day
    extreme): the 24h 'trend' already failed structurally; counter-trend entry re-enters the TURNING
    path [C299]
08:17:18 |    ⚖️ C462-7 XLM: penalties 0.28→0.21 (×0.75) vs bar 0.26 — the stack decided
08:17:25 |    ⚖️ C462-7 XMR: penalties 0.27→0.20 (×0.75) vs bar 0.26 — the stack decided
08:17:29 |    🎢→⚖️ STX: C292 stands down — parabola BROKEN (range 13×ATR, 3.2 ATR off the day
    extreme): the 24h 'trend' already failed structurally; counter-trend entry re-enters the TURNING
    path [C299]
08:17:48 |    ⚖️ C462-7 LDO: penalties 0.41→0.25 (×0.60) vs bar 0.26 — the stack decided
08:17:55 |    🎢→⚖️ SKL: C292 stands down — parabola BROKEN (range 12×ATR, 6.9 ATR off the day
    extreme): the 24h 'trend' already failed structurally; counter-trend entry re-enters the TURNING
    path [C299]
08:18:14 | 📊 Step 3 result: 60 analyzed → 1 viable → Step 4 DRI/DSI
08:18:15 |    🎲 C378 odds-size: orderliness 0.15 -> risk x0.79 ($0.679)
08:18:15 |    🔒 C378 stop level $0.007858 recorded (paper — C377 enforces it in-process) [C397
    tick-legal]
  >> 08:18  OPEN   PENGU SHORT @0.00776700  x2 $25.14
       target +4.9%  stop -1.2%  entry score 0.54  maker
08:21:23 |    🪞 C266 board-parity (top movers vs screen): CELR +105%[#17] | G +64%[#6] | AKE
    +55%[#7] | ONE +49%[#9] | B2 +38%[#16]
08:22:17 | 📊 Step 3 result: 16 analyzed (+44 cached) → 1 viable → Step 4 DRI/DSI
 
 
  08:22  up 12h17m  scan 106 ---------------------------------------------------------------------
  EQUITY    $251.60  unreal $+0.27
  SESSION   $+0.94 +0.37%
  CURVE     =++*+=+==+==-=--=====*++=======================+++=================+******************
  DAY       real $+1.02  loss room $2.23 (0.89%)  0% used  vol x1.04  trust x1.25
            ..........................
  RECORD    10 closed  4W 6L  win 40%  payoff 1.08  avg $-0.07/tr  best $+0.75  worst $-0.77
            break-even 48%
  LIFETIME  16tr 6W 10L 38%  $+1.33
  OPEN      2 pos $34.75 (14%)  free $216.58
  FEES      $0.32  mk19/tk6  0.127% of eq
  SCAN      797 > 16 > 1 passed  top USELESS 0.51 (viable)  106 scans, 3392 analysed
  MARKET    TRENDING  bias -0.54  breadth -0.28  taker flow +0.50
  NEWS      65 articles  + tone +0.50  SUI +0.68  HBAR +0.68  BNB +0.53
  INFO      1 tilted  flow/fund/news/oi on 165
            info>0 8tr $-0.11 win 38%  info≤0 1tr $-0.02 win 0%
  MOVERS    CELR +105% #17  G +64% #6  AKE +55% #7  ONE +49% #9
  TAPE      + - - - + + - - - +
  ------------------------------------------------------------------------------------------------
  PAIR     SIDE       ENTRY      MARK    MOVE     P&L   AGE  THESIS
  MYX      SHORT   0.081270  0.078880  +2.94%   +0.28   50m  + 45% left
  PENGU    SHORT 0.007767000.00776200  +0.06%   -0.01    4m  - 20% left
  ------------------------------------------------------------------------------------------------
 
08:25:38 | 📊 Step 3 result: 1 analyzed (+59 cached this 15m candle) → 0 passed | low_confidence=2,
    low_score=20, late_leg_no_forward=2, h1_regime_shock=8, news_tech_conflict=4,
    absorption_at_extreme=4, low_quality=8, regime_blip=2, final_gate=2, low_agreement=1,
    post_penalty_quality=4, pair_cap=1, post_penalty_low=1, flow_veto=1
08:25:38 |    📌 Nearest miss: USELESS score=0.619 conf=0.611 quality=0.378/0.26
    reason=post_penalty_quality
08:27:03 |    🎯 C462-6 MAKER half filled PENGU @$0.00762800 — saved ~0.04% of the half notional (5
    this session)
  -> 08:27  HALF   PENGU SHORT @0.00762800  +1.79% $+0.44
       win half banked  maker  $12.57 rides on
 
 
  08:30  up 12h25m  scan 107 ---------------------------------------------------------------------
  EQUITY    $252.63  unreal $+0.86
  SESSION   $+1.97 +0.78%
  CURVE     --=+=-=-----___.---_-+=----------------------__==_-_______________-=+++++++++++++++++@
  DAY       real $+1.46  loss room $1.76 (0.70%)  0% used  vol x0.82  trust x1.25
            ..........................
  RECORD    10 closed  4W 6L  win 40%  payoff 1.08  avg $-0.07/tr  best $+0.75  worst $-0.77
            break-even 48%
  LIFETIME  16tr 6W 10L 38%  $+1.77
  OPEN      2 pos $22.18 (9%)  free $229.59
  FEES      $0.32  mk20/tk6  0.128% of eq
  SCAN      797 > 1 > 0 passed  top USELESS 0.62 (post_penalty_quali)  107 scans, 3393 analysed
  MARKET    TRENDING  bias -0.55  breadth +0.00  taker flow -0.26
  NEWS      65 articles  + tone +0.50  SUI +0.68  HBAR +0.68  SEI +0.68
  INFO      1 tilted  flow/fund/news/oi on 165
            info>0 8tr $-0.11 win 38%  info≤0 1tr $-0.02 win 0%
  MOVERS    CELR +105% #17  G +64% #6  AKE +55% #7  ONE +49% #9
  TAPE      + - - - + + - - - +
  ------------------------------------------------------------------------------------------------
  PAIR     SIDE       ENTRY      MARK    MOVE     P&L   AGE  THESIS
  MYX      SHORT   0.081270  0.077530  +4.60%   +0.43   58m  + 53% left
  PENGU    SHORT 0.007767000.00763100  +1.75%   +0.42   12m  + 27% left
  ------------------------------------------------------------------------------------------------
 
08:32:01 |    🪞 C266 board-parity (top movers vs screen): CELR +106%[#14] | G +62%[Live=0.76<cut] |
    AKE +47%[#6] | ONE +43%[Live=0.62<cut] | BR +31%[Live=0.38<cut]
08:32:25 |    🎢→⚖️ AKE: C292 stands down — parabola BROKEN (range 33×ATR, 11.8 ATR off the day
    extreme): the 24h 'trend' already failed structurally; counter-trend entry re-enters the TURNING
    path [C299]
08:32:25 |    ⚖️ C462-7 AKE: penalties 0.36→0.22 (×0.60) vs bar 0.26 — the stack decided
08:32:25 |    🎢→⚖️ ENA: C292 stands down — parabola BROKEN (range 10×ATR, 5.2 ATR off the day
    extreme): the 24h 'trend' already failed structurally; counter-trend entry re-enters the TURNING
    path [C299]
08:32:26 |    ⚖️ C462-7 ENA: penalties 0.37→0.22 (×0.60) vs bar 0.26 — the stack decided
08:32:32 |    🎢→⚖️ B2: C292 stands down — parabola BROKEN (range 23×ATR, 13.0 ATR off the day
    extreme): the 24h 'trend' already failed structurally; counter-trend entry re-enters the TURNING
    path [C299]
08:32:34 |    🎢→⚖️ ZAMA: C292 stands down — parabola BROKEN (range 16×ATR, 5.1 ATR off the day
    extreme): the 24h 'trend' already failed structurally; counter-trend entry re-enters the TURNING
    path [C299]
08:32:34 |    ⚖️ C462-7 ZAMA: penalties 0.33→0.20 (×0.60) vs bar 0.26 — the stack decided
08:33:37 |    ⚖️ C462-7 ZRO: penalties 0.31→0.23 (×0.75) vs bar 0.27 — the stack decided
08:33:59 | 📊 Step 3 result: 60 analyzed → 0 passed | low_confidence=1, low_score=19,
    absorption_at_extreme=4, news_tech_conflict=4, low_quality=9, counter_trend_block=1,
    capitulation=1, capitulation_short=12, proj_confirms_trend=1, late_leg_no_forward=2, pair_cap=1,
    post_penalty_quality=1, low_agreement=1, flow_veto=1, final_gate=1, regime_blip=1
08:33:59 |    📌 Nearest miss: XPL score=0.423 conf=0.739 quality=0.313/0.26 reason=low_agreement
    52%<53%
08:37:35 |    🎯 C462-6 MAKER half filled MYX @$0.078470 — saved ~0.04% of the half notional (6 this
    session)
  -> 08:37  HALF   MYX SHORT @0.078470  +3.45% $+0.16
       win half banked  maker  $4.80 rides on
08:37:35 |    🎯 C376 MAKER exit filled PENGU @$0.00769100 — saved ~0.04%% of notional (5 this
    session)
  << 08:37  CLOSE  PENGU SHORT @0.00769100  +0.98% $+0.24  WIN
       held 19m  TRAILING_TP: peak=+4.3%   kept 46% of a +2.15% peak  +0.62R  maker
 
 
  08:38  up 12h33m  scan 108 ---------------------------------------------------------------------
  EQUITY    $252.31  unreal $+0.14
  SESSION   $+1.65 +0.66%  peak $252.63  dd 0.13%
  CURVE     ===+=-=-==-==___-----==-----------------------==-----------------=+++++++++++++++++#**
  DAY       real $+1.86  loss room $2.31 (0.92%)  0% used  vol x1.08  trust x1.25
            ..........................
  RECORD    11 closed  5W 6L  win 45%  payoff 0.98  avg $-0.04/tr  best $+0.75  worst $-0.77
            break-even 51%
  LIFETIME  17tr 7W 10L 41%  $+2.17
  OPEN      1 pos $4.80 (2%)  free $247.36
  FEES      $0.33  mk22/tk6  0.131% of eq
  SCAN      797 > 60 > 0 passed  top XPL 0.42 (low_agreement 52%<)  108 scans, 3453 analysed
  MARKET    TRENDING  bias -0.68  breadth -0.70  taker flow +0.51
  NEWS      65 articles  + tone +0.50  SUI +0.68  HBAR +0.68  SEI +0.68
  INFO      1 tilted  flow/fund/news/oi on 165
            info>0 9tr $-0.07 win 44%  info≤0 1tr $-0.02 win 0%
  MOVERS    CELR +106% #14  G +62% cut  AKE +47% #6  ONE +43% cut
  TAPE      + - - - + + - - - + +
  ------------------------------------------------------------------------------------------------
  PAIR     SIDE       ENTRY      MARK    MOVE     P&L   AGE  THESIS
  MYX      SHORT   0.081270  0.078890  +2.93%   +0.14 1h06m  + 27% left
  ------------------------------------------------------------------------------------------------
 
08:40:22 |    🪞 C266 board-parity (top movers vs screen): CELR +105%[#14] | G +60%[Live=0.77<cut] |
    ONE +53%[Live=0.63<cut] | AKE +42%[#8] | B2 +35%[#15]
08:40:42 | 📊 Step 3 result: 2 analyzed (+58 cached this 15m candle) → 0 passed | low_confidence=1,
    low_score=18, absorption_at_extreme=3, news_tech_conflict=4, low_quality=9,
    counter_trend_block=1, capitulation=2, proj_confirms_trend=1, capitulation_short=13,
    late_leg_no_forward=2, pair_cap=1, post_penalty_quality=1, low_agreement=1, regime_blip=1,
    final_gate=1, flow_veto=1
08:40:42 |    📌 Nearest miss: TAO score=0.535 conf=0.733 quality=0.392/0.26 reason=pending
 
  08:46  up 12h41m  scan 109 ---------------------------------------------------------------------
  EQUITY    $252.41  unreal $+0.24
  SESSION   $+1.75 +0.70%  peak $252.63  dd 0.09%
  CURVE     ===+=-=-==-_=-_-----+==----------------------===-----------------=+++++++++++++++++*##
  DAY       real $+1.86  loss room $2.31 (0.92%)  0% used  vol x1.08  trust x1.25
            ..........................
  RECORD    11 closed  5W 6L  win 45%  payoff 0.98  avg $-0.04/tr  best $+0.75  worst $-0.77
            break-even 51%
  LIFETIME  17tr 7W 10L 41%  $+2.17
  OPEN      1 pos $4.80 (2%)  free $247.36
  FEES      $0.33  mk22/tk6  0.131% of eq
  SCAN      797 > 2 > 0 passed  top TAO 0.54 (pending)  109 scans, 3455 analysed
  MARKET    TRENDING  bias -0.66  breadth +0.00  taker flow +0.17
  NEWS      65 articles  + tone +0.50  SUI +0.68  HBAR +0.68  SEI +0.68
  INFO      1 tilted  flow/fund/news/oi on 165
            info>0 9tr $-0.07 win 44%  info≤0 1tr $-0.02 win 0%
  MOVERS    CELR +105% #14  G +60% cut  ONE +53% cut  AKE +42% #8
  TAPE      + - - - + + - - - + +
  ------------------------------------------------------------------------------------------------
  PAIR     SIDE       ENTRY      MARK    MOVE     P&L   AGE  THESIS
  MYX      SHORT   0.081270  0.077190  +5.02%   +0.24 1h14m  + 0% left
  ------------------------------------------------------------------------------------------------
 
08:47:31 |    🎢→⚖️ ENA: C292 stands down — parabola BROKEN (range 9×ATR, 5.3 ATR off the day
    extreme): the 24h 'trend' already failed structurally; counter-trend entry re-enters the TURNING
    path [C299]
08:47:32 |    ⚖️ C462-7 ENA: penalties 0.43→0.26 (×0.60) vs bar 0.28 — the stack decided
08:47:33 |    🎢→⚖️ AKE: C292 stands down — parabola BROKEN (range 26×ATR, 10.7 ATR off the day
    extreme): the 24h 'trend' already failed structurally; counter-trend entry re-enters the TURNING
    path [C299]
08:47:33 |    ⚖️ C462-7 AKE: penalties 0.36→0.21 (×0.60) vs bar 0.28 — the stack decided
08:47:39 |    🎢→⚖️ B2: C292 stands down — parabola BROKEN (range 23×ATR, 12.1 ATR off the day
    extreme): the 24h 'trend' already failed structurally; counter-trend entry re-enters the TURNING
    path [C299]
08:47:40 |    🎢→⚖️ ZAMA: C292 stands down — parabola BROKEN (range 15×ATR, 4.0 ATR off the day
    extreme): the 24h 'trend' already failed structurally; counter-trend entry re-enters the TURNING
    path [C299]
08:47:42 |    ⚖️ C462-7 ONDO: penalties 0.28→0.21 (×0.75) vs bar 0.28 — the stack decided
08:47:55 |    ⚖️ C462-7 LTC: penalties 0.30→0.23 (×0.75) vs bar 0.29 — the stack decided
08:48:54 | 📊 Step 3 result: 60 analyzed → 0 passed | low_confidence=2, low_score=20, regime_blip=1,
    absorption_at_extreme=5, late_leg_no_forward=6, low_quality=10, counter_trend_block=3,
    proj_confirms_trend=1, capitulation_short=9, reentry_chase=1, reward_conviction=1, final_gate=1
08:48:54 |    📌 Nearest miss: XPL score=0.457 conf=0.763 quality=0.349/0.26 reason=reward_conviction
    needs 59%
08:52:03 |    🪞 C266 board-parity (top movers vs screen): CELR +96%[#13] | ONE +66%[Live=0.71<cut] |
    AKE +45%[#7] | G +43%[#6] | B2 +33%[#16]
08:52:23 |    🎢→⚖️ INJ: C292 stands down — parabola BROKEN (range 10×ATR, 4.5 ATR off the day
    extreme): the 24h 'trend' already failed structurally; counter-trend entry re-enters the TURNING
    path [C299]
08:52:33 | 📊 Step 3 result: 11 analyzed (+50 cached this 15m candle) → 0 passed | low_confidence=1,
    low_score=21, regime_blip=2, absorption_at_extreme=5, counter_trend_block=6,
    late_leg_no_forward=6, low_quality=9, proj_confirms_trend=1, capitulation_short=9,
    reentry_chase=1
08:52:33 |    📌 Nearest miss: LSK score=0.415 conf=0.715 quality=0.297/0.26 reason=pending
 
  08:54  up 12h49m  scan 111 ---------------------------------------------------------------------
  EQUITY    $252.37  unreal $+0.20
  SESSION   $+1.71 +0.68%  peak $252.63  dd 0.10%
  CURVE     ===+=-=-==-_=__-----+==----------------------==-----------------=+++++++++++++++++#***
  DAY       real $+1.86  loss room $2.49 (0.99%)  0% used  vol x1.17  trust x1.25
            ..........................
  RECORD    11 closed  5W 6L  win 45%  payoff 0.98  avg $-0.04/tr  best $+0.75  worst $-0.77
            break-even 51%
  LIFETIME  17tr 7W 10L 41%  $+2.17
  OPEN      1 pos $4.80 (2%)  free $247.36
  FEES      $0.33  mk22/tk6  0.131% of eq
  SCAN      797 > 11 > 0 passed  top LSK 0.41 (pending)  111 scans, 3526 analysed
  MARKET    TRENDING  bias -0.68  breadth -0.72  taker flow +0.47
  NEWS      65 articles  + tone +0.12  PEPE +0.32  ONE +0.26  ADA +0.25
  INFO      1 tilted  flow/fund/news/oi on 165
            info>0 9tr $-0.07 win 44%  info≤0 1tr $-0.02 win 0%
  MOVERS    CELR +96% #13  ONE +66% cut  AKE +45% #7  G +43% #6
  TAPE      + - - - + + - - - + +
  ------------------------------------------------------------------------------------------------
  PAIR     SIDE       ENTRY      MARK    MOVE     P&L   AGE  THESIS
  MYX      SHORT   0.081270  0.077890  +4.16%   +0.20 1h22m  + 0% left
  ------------------------------------------------------------------------------------------------
 
09:02:13 |    🪞 C266 board-parity (top movers vs screen): CELR +89%[#12] | ONE +73%[Live=0.83<cut] |
    AKE +54%[#6] | G +52%[Live=0.77<cut] | B2 +37%[#14]
09:02:43 |    🎢→⚖️ ZAMA: C292 stands down — parabola BROKEN (range 15×ATR, 3.9 ATR off the day
    extreme): the 24h 'trend' already failed structurally; counter-trend entry re-enters the TURNING
    path [C299]
09:02:44 |    🎢→⚖️ INJ: C292 stands down — parabola BROKEN (range 10×ATR, 3.9 ATR off the day
    extreme): the 24h 'trend' already failed structurally; counter-trend entry re-enters the TURNING
    path [C299]
09:02:47 |    🎢→⚖️ BANK: C292 stands down — parabola BROKEN (range 9×ATR, 3.3 ATR off the day
    extreme): the 24h 'trend' already failed structurally; counter-trend entry re-enters the TURNING
    path [C299]
09:02:48 |    ⚖️ C462-7 BANK: penalties 0.35→0.21 (×0.60) vs bar 0.32 — the stack decided
09:03:01 |    ⚖️ C462-7 WLD: penalties 0.33→0.25 (×0.75) vs bar 0.33 — the stack decided
09:03:08 |    ⚖️ C462-7 SHIB: penalties 0.43→0.32 (×0.75) vs bar 0.33 — the stack decided
09:03:40 | 📊 Step 3 result: 60 analyzed → 0 passed | low_confidence=5, low_score=20,
    counter_trend_block=7, regime_blip=3, low_quality=1, micro_exhaustion=8,
    absorption_at_extreme=3, capitulation_short=5, low_agreement=2, fee_floor=1, pair_cap=1,
    proj_confirms_trend=1, flat_projection=2, final_gate=1
09:03:40 |    📌 Nearest miss: TRUMP score=0.646 conf=0.722 quality=0.466/0.26 reason=low_agreement
    51%<53%
 
  09:03  up 12h58m  scan 112 ---------------------------------------------------------------------
  EQUITY    $252.32  unreal $+0.15
  SESSION   $+1.66 +0.66%  peak $252.63  dd 0.12%
  CURVE     ===+===-===-=--=---=+=-----------------------==-=--------------=+++++++++++++++++*****
  DAY       real $+1.86  loss room $3.20 (1.28%)  0% used  vol x1.50  trust x1.25
            ..........................
  RECORD    11 closed  5W 6L  win 45%  payoff 0.98  avg $-0.04/tr  best $+0.75  worst $-0.77
            break-even 51%
  LIFETIME  17tr 7W 10L 41%  $+2.17
  OPEN      1 pos $4.80 (2%)  free $247.36
  FEES      $0.33  mk22/tk6  0.131% of eq
  SCAN      797 > 60 > 0 passed  top TRUMP 0.65 (low_agreement 51%<)  112 scans, 3586 analysed
  MARKET    TRENDING  bias -0.66  breadth +0.00  taker flow -0.20
  NEWS      65 articles  + tone +0.12  PEPE +0.32  ONE +0.26  ADA +0.25
  INFO      1 tilted  flow/fund/news/oi on 165
            info>0 9tr $-0.07 win 44%  info≤0 1tr $-0.02 win 0%
  MOVERS    CELR +89% #12  ONE +73% cut  AKE +54% #6  G +52% cut
  TAPE      + - - - + + - - - + +
  ------------------------------------------------------------------------------------------------
  PAIR     SIDE       ENTRY      MARK    MOVE     P&L   AGE  THESIS
  MYX      SHORT   0.081270  0.078590  +3.30%   +0.15 1h31m  + 0% left
  ------------------------------------------------------------------------------------------------
 
 
  09:11  up 13h06m  scan 112 ---------------------------------------------------------------------
  EQUITY    $252.37  unreal $+0.20
  SESSION   $+1.71 +0.68%  peak $252.63  dd 0.10%
  CURVE     ===+=-=-===-=-_----=+=----------------------===----------------=++++++++++++++++#*****
  DAY       real $+1.86  loss room $2.70 (1.08%)  0% used  vol x1.26  trust x1.25
            ..........................
  RECORD    11 closed  5W 6L  win 45%  payoff 0.98  avg $-0.04/tr  best $+0.75  worst $-0.77
            break-even 51%
  LIFETIME  17tr 7W 10L 41%  $+2.17
  OPEN      1 pos $4.80 (2%)  free $247.36
  FEES      $0.33  mk22/tk6  0.131% of eq
  SCAN      797 > 60 > 0 passed  top TRUMP 0.65 (low_agreement 51%<)  112 scans, 3586 analysed
  MARKET    TRENDING  bias -0.66  breadth +0.00  taker flow +0.30
  NEWS      65 articles  + tone +0.12  PEPE +0.32  ONE +0.26  ADA +0.25
  INFO      1 tilted  flow/fund/news/oi on 165
            info>0 9tr $-0.07 win 44%  info≤0 1tr $-0.02 win 0%
  MOVERS    CELR +89% #12  ONE +73% cut  AKE +54% #6  G +52% cut
  TAPE      + - - - + + - - - + +
  ------------------------------------------------------------------------------------------------
  PAIR     SIDE       ENTRY      MARK    MOVE     P&L   AGE  THESIS
  MYX      SHORT   0.081270  0.077900  +4.15%   +0.20 1h39m  + 0% left
  ------------------------------------------------------------------------------------------------
 
09:13:18 |    🪞 C266 board-parity (top movers vs screen): CELR +91%[#14] | ONE +78%[#6] | G
    +55%[Live=0.78<cut] | AKE +53%[#7] | B2 +36%[#16]
09:13:40 | 📊 Step 3 result: 4 analyzed (+56 cached this 15m candle) → 0 passed | low_confidence=5,
    low_score=22, counter_trend_block=7, regime_blip=3, low_quality=1, micro_exhaustion=8,
    absorption_at_extreme=3, capitulation_short=4, low_agreement=2, pair_cap=1,
    proj_confirms_trend=1, final_gate=1, flat_projection=2
09:13:40 |    📌 Nearest miss: APT score=0.191 conf=0.653 quality=0.125/0.26 reason=score 0.191 <
    0.352
09:17:13 |    🎢→⚖️ INJ: C292 stands down — parabola BROKEN (range 10×ATR, 4.3 ATR off the day
    extreme): the 24h 'trend' already failed structurally; counter-trend entry re-enters the TURNING
    path [C299]
09:17:23 |    🎢→⚖️ BANK: C292 stands down — parabola BROKEN (range 9×ATR, 3.5 ATR off the day
    extreme): the 24h 'trend' already failed structurally; counter-trend entry re-enters the TURNING
    path [C299]
09:18:12 | 📊 Step 3 result: 60 analyzed → 0 passed | low_confidence=3, low_score=27,
    counter_trend_block=11, regime_blip=2, micro_exhaustion=4, capitulation_short=7,
    flat_projection=1, absorption_at_extreme=1, pair_cap=1, proj_confirms_trend=1, low_agreement=1,
    late_leg_no_forward=1
09:18:12 |    📌 Nearest miss: JUP score=0.502 conf=0.689 quality=0.346/0.26 reason=low_agreement
    48%<53%
09:18:50 | 🎯 EXIT SIGNAL: MYX/USDT:USDT - REL_TRAIL: peak=+5.8%(1.2PRU) gave=0.6PRU > trail=0.5PRU
    cont=-0.63
  << 09:18  CLOSE  MYX SHORT @0.078790  +3.05% $+0.14  WIN
       held 1h46m  REL_TRAIL: peak=+5.8%(1.  kept 52% of a +5.82% peak  +0.32R  TAKER
 
 
  09:19  up 13h14m  scan 114 ---------------------------------------------------------------------
  EQUITY    $252.31
  SESSION   $+1.65 +0.66%  peak $252.63  dd 0.13%
  CURVE     ===+=-=-=-=---_----+==---------------------===----------------=++++++++++++++++#******
  DAY       real $+2.00  loss room $2.70 (1.08%)  0% used  vol x1.26  trust x1.25
            ..........................
  RECORD    12 closed  6W 6L  win 50%  payoff 0.87  avg $-0.03/tr  best $+0.75  worst $-0.77
            break-even 53%
  LIFETIME  18tr 8W 10L 44%  $+2.31
  OPEN      flat  free $252.31
  FEES      $0.33  mk22/tk7  0.132% of eq
  SCAN      797 > 60 > 0 passed  top JUP 0.50 (low_agreement 48%<)  114 scans, 3650 analysed
  MARKET    TRENDING  bias -0.66  breadth +0.00  taker flow +0.22
  NEWS      65 articles  + tone +0.12  PEPE +0.32  ADA +0.25  STRK -0.24
  INFO      1 tilted  flow/fund/news/oi on 165
            info>0 9tr $-0.07 win 44%  info≤0 2tr $+0.06 win 50%
  MOVERS    CELR +91% #14  ONE +78% #6  G +55% cut  AKE +53% #7
  TAPE      + - - - + + - - - + + +
  ------------------------------------------------------------------------------------------------
 
09:24:20 |    🪞 C266 board-parity (top movers vs screen): CELR +82%[#14] | ONE +77%[#6] | G
    +57%[Live=0.71<cut] | AKE +57%[#7] | B2 +37%[Live=0.72<cut]
09:24:47 | 📊 Step 3 result: 11 analyzed (+49 cached this 15m candle) → 0 passed | low_confidence=2,
    low_score=23, counter_trend_block=13, regime_blip=3, micro_exhaustion=4, capitulation=1,
    capitulation_short=7, flat_projection=1, proj_confirms_trend=2, absorption_at_extreme=2,
    pair_cap=1, low_agreement=1
09:24:47 |    📌 Nearest miss: PENDLE score=0.487 conf=0.746 quality=0.363/0.26 reason=pending
  .. 09:27  flat  $252.31  $+1.65 +0.66%  6W 6L 50%  11 analysed
09:31:23 |    🎢→⚖️ BANK: C292 stands down — parabola BROKEN (range 9×ATR, 3.2 ATR off the day
    extreme): the 24h 'trend' already failed structurally; counter-trend entry re-enters the TURNING
    path [C299]
09:31:56 |    🧭 C458-17: exploration is due but the best refusal (pending) is a RISK gate, not a
    measurement gate — standing down. Exploration is a reason to accept UNCERTAINTY, never DANGER.
09:31:56 | 📊 Step 3 result: 60 analyzed → 0 passed | low_confidence=3, low_score=35,
    news_tech_conflict=2, regime_blip=8, flat_projection=1, micro_exhaustion=3, leg_exhausted=1,
    capitulation_short=1, proj_confirms_trend=2, absorption_at_extreme=3, pair_cap=1
09:31:56 |    📌 Nearest miss: TAO score=0.604 conf=0.718 quality=0.434/0.26 reason=pending
  .. 09:35  flat  $252.31  $+1.65 +0.66%  6W 6L 50%  60 analysed
09:37:01 |    🪞 C266 board-parity (top movers vs screen): CELR +85%[#17] | ONE +77%[#6] | G +56%[#7]
    | AKE +51%[#8] | ZAMA +40%[#15]
09:37:18 |    🎢→⚖️ BR: C292 stands down — parabola BROKEN (range 18×ATR, 3.8 ATR off the day
    extreme): the 24h 'trend' already failed structurally; counter-trend entry re-enters the TURNING
    path [C299]
09:37:27 |    🧭 C458-17: exploration is due but the best refusal (score 0.489 < 0.720) is a RISK
    gate, not a measurement gate — standing down. Exploration is a reason to accept UNCERTAINTY,
    never DANGER.
09:37:27 | 📊 Step 3 result: 16 analyzed (+44 cached this 15m candle) → 0 passed | low_confidence=3,
    low_score=35, news_tech_conflict=2, regime_blip=7, flat_projection=2, micro_exhaustion=3,
    capitulation=1, leg_exhausted=1, capitulation_short=1, proj_confirms_trend=2,
    absorption_at_extreme=2, fee_floor=1
09:37:27 |    📌 Nearest miss: AVA score=0.464 (pre-pen 0.55) conf=0.720 quality=0.334/0.26
    reason=score 0.489 < 0.720
  .. 09:43  flat  $252.31  $+1.65 +0.66%  6W 6L 50%  16 analysed
09:47:48 |    🪞 C266 board-parity (top movers vs screen): CELR +91%[#14] | ONE +82%[#6] | AKE
    +55%[#7] | G +47%[#8] | ZAMA +40%[#15]
09:48:14 |    🎢→⚖️ BR: C292 stands down — parabola BROKEN (range 17×ATR, 3.6 ATR off the day
    extreme): the 24h 'trend' already failed structurally; counter-trend entry re-enters the TURNING
    path [C299]
09:48:14 |    🎢→⚖️ AR: C292 stands down — parabola BROKEN (range 13×ATR, 6.8 ATR off the day
    extreme): the 24h 'trend' already failed structurally; counter-trend entry re-enters the TURNING
    path [C299]
09:48:43 |    🧭 C458-17: exploration is due but the best refusal (dir_proj_conflict) is a RISK gate,
    not a measurement gate — standing down. Exploration is a reason to accept UNCERTAINTY, never
    DANGER.
09:48:43 | 📊 Step 3 result: 60 analyzed → 0 passed | low_confidence=3, low_score=28,
    ct_noisy_block=19, micro_exhaustion=1, fee_floor=1, leg_exhausted=1, absorption_at_extreme=3,
    dir_proj_conflict=1, no_structural_room=1, proj_confirms_trend=1, capitulation=1
09:48:43 |    📌 Nearest miss: CHIP score=0.680 conf=0.692 quality=0.471/0.26
    reason=dir_proj_conflict
 
 
  09:51  up 13h47m  scan 118 ---------------------------------------------------------------------
  EQUITY    $252.31
  SESSION   $+1.65 +0.66%  peak $252.63  dd 0.13%
  CURVE     ===+===-=-==------=+=---------------------==----------------=+++++++++++++++**********
  DAY       real $+2.00  loss room $3.04 (1.21%)  0% used  vol x1.42  trust x1.25
            ..........................
  RECORD    12 closed  6W 6L  win 50%  payoff 0.87  avg $-0.03/tr  best $+0.75  worst $-0.77
            break-even 53%
  LIFETIME  18tr 8W 10L 44%  $+2.31
  OPEN      flat  free $252.31
  FEES      $0.33  mk22/tk7  0.132% of eq
  SCAN      797 > 60 > 0 passed  top CHIP 0.68 (dir_proj_conflict)  118 scans, 3797 analysed
  MARKET    TRENDING  bias -0.17  breadth +0.00  taker flow -0.10
  NEWS      65 articles  ~ tone +0.04  PEPE +0.70  FIL +0.53  VET +0.53
  INFO      1 tilted  flow/fund/news/oi on 165
            info>0 9tr $-0.07 win 44%  info≤0 2tr $+0.06 win 50%
  MOVERS    CELR +91% #14  ONE +82% #6  AKE +55% #7  G +47% #8
  TAPE      + - - - + + - - - + + +
  ------------------------------------------------------------------------------------------------
 
09:59:04 |    🪞 C266 board-parity (top movers vs screen): CELR +98%[#14] | ONE +82%[#6] | AKE
    +54%[#7] | G +44%[#9] | ZAMA +38%[#16]
09:59:20 |    🧭 C458-17: exploration is due but the best refusal (score 0.087 < 0.577) is a RISK
    gate, not a measurement gate — standing down. Exploration is a reason to accept UNCERTAINTY,
    never DANGER.
09:59:20 | 📊 Step 3 result: 2 analyzed (+58 cached this 15m candle) → 0 passed | low_confidence=3,
    low_score=29, ct_noisy_block=18, micro_exhaustion=1, fee_floor=1, leg_exhausted=1,
    absorption_at_extreme=3, pair_cap=1, dir_proj_conflict=1, capitulation=1, proj_confirms_trend=1
09:59:20 |    📌 Nearest miss: BERA score=0.087 (pre-pen 0.15) conf=0.463 quality=0.040/0.26
    reason=score 0.087 < 0.577
  .. 09:59  flat  $252.31  $+1.65 +0.66%  6W 6L 50%  2 analysed
10:04:41 |    ⚖️ C462-7 ONE: penalties 0.54→0.19 (×0.36) vs bar 0.47 — the stack decided
10:04:48 |    🎢→⚖️ BR: C292 stands down — parabola BROKEN (range 17×ATR, 3.2 ATR off the day
    extreme): the 24h 'trend' already failed structurally; counter-trend entry re-enters the TURNING
    path [C299]
10:04:51 |    🎢→⚖️ INJ: C292 stands down — parabola BROKEN (range 11×ATR, 4.7 ATR off the day
    extreme): the 24h 'trend' already failed structurally; counter-trend entry re-enters the TURNING
    path [C299]
10:05:08 |    ⚖️ C462-7 WIF: penalties 0.40→0.25 (×0.63) vs bar 0.40 — the stack decided
10:05:16 |    ⚖️ C462-7 ACE: penalties 0.68→0.27 (×0.40) vs bar 0.45 — the stack decided
10:05:21 |    ⚖️ C462-7 M: penalties 0.74→0.22 (×0.30) vs bar 0.71 — the stack decided
10:05:22 |    🧭 C458-17: exploration is due but the best refusal (late-leg F=-0.01) is a RISK gate,
    not a measurement gate — standing down. Exploration is a reason to accept UNCERTAINTY, never
    DANGER.
10:05:22 | 📊 Step 3 result: 60 analyzed → 0 passed | low_confidence=14, low_score=38,
    absorption_at_extreme=2, micro_exhaustion=2, late_leg_no_forward=1, pair_cap=1, fee_floor=1,
    flat_projection=1
10:05:22 |    📌 Nearest miss: XMR score=0.491 conf=0.770 quality=0.378/0.26 reason=late-leg F=-0.01
  .. 10:07  flat  $252.31  $+1.65 +0.66%  6W 6L 50%  60 analysed
10:11:28 |    🪞 C266 board-parity (top movers vs screen): CELR +113%[#15] | ONE +75%[#6] | G
    +53%[#7] | AKE +42%[#9] | ZAMA +35%[#19]
10:11:49 |    ⚖️ C462-7 CYS: penalties 0.65→0.26 (×0.39) vs bar 0.47 — the stack decided
10:11:50 |    🧭 C458-17: exploration is due but the best refusal (OF-exhaustion OI=capitulation) is
    a RISK gate, not a measurement gate — standing down. Exploration is a reason to accept
    UNCERTAINTY, never DANGER.
10:11:50 | 📊 Step 3 result: 13 analyzed (+47 cached this 15m candle) → 0 passed | low_confidence=16,
    low_score=35, absorption_at_extreme=1, micro_exhaustion=2, fee_floor=2, late_leg_no_forward=1,
    pair_cap=1, flat_projection=1, leg_exhausted=1
10:11:50 |    📌 Nearest miss: UB score=0.319 (pre-pen 0.50) conf=0.529 quality=0.169/0.26
    reason=OF-exhaustion OI=capitulation
10:14:50 | 🛑 Stopping...
 
  SESSION SUMMARY --------------------------------------------------------------------------------
  RAN       14h10m  121 scans  3872 pair-analyses  12 closed trades
  P&L       $+1.65 (+0.66%)  $250.66 > $252.31  maxDD 0.64%
  CURVE     --=+_=---_.-..____+=_____________________==_______________=++++++++++++++*@#@@@@@@@@@@
  RECORD    6W 6L  win 50%  payoff 0.87  profit factor 0.87  avg win $+0.36  avg loss $-0.41
            break-even 53%  expectancy $-0.03/tr  gross $2.15 won  $2.47 lost
  HOLD      median 42m  range 5-110m
  COST      fees $0.33  maker 22 / taker 7 fills  1652% of gross  76% of fills maker  maker $0.14
            taker $0.19
  INFO A/B  agreed 9tr $-0.07/tr win 44%  disagreed 2tr $+0.06/tr win 50%  gap $-0.13/tr
  EXITS     TRAILING_TP: peak=+3 1  C399_CONVICTION_COLL 1  C377_RISK_STOP: -1.3 1
            PEAK_FLOOR: peaked a 1  EARLY_PEAK_CAPTURE:  1  EARLY_PEAK_CAPTURE:  1
  ------------------------------------------------------------------------------------------------
  PAIR     SIDE      MOVE      NET   HELD  EXIT
  KAS      LONG    +0.74%   $+0.24    42m  TRAILING_TP: peak=+3 [W]
  TAO      LONG    -1.17%   $-0.68    47m  C399_CONVICTION_COLL [L]
  MON      LONG    -1.38%   $-0.77    59m  C377_RISK_STOP: -1.3 [L]
  JTO      LONG    -0.23%   $-0.14  1h49m  PEAK_FLOOR: peaked a [L]
  PEPE     LONG    +1.98%   $+0.34     8m  EARLY_PEAK_CAPTURE:  [W]
  1000BONK LONG    +1.63%   $+0.45    16m  EARLY_PEAK_CAPTURE:  [W]
  WIF      LONG    +0.05%   $-0.02    20m  REL_TRAIL: peak=+1.8 [L]
  PENGU    LONG    -1.88%   $-0.75     5m  C377_RISK_STOP: -1.9 [L]
  PONS     SHORT   -0.09%   $-0.09    52m  PEAK_FLOOR: peaked a [L]
  PIEVERSE LONG    +8.09%   $+0.75    21m  EARLY_PEAK_CAPTURE:  [W]
  PENGU    SHORT   +0.98%   $+0.24    19m  TRAILING_TP: peak=+4 [W]
  MYX      SHORT   +3.05%   $+0.14  1h46m  REL_TRAIL: peak=+5.8 [W]
  ------------------------------------------------------------------------------------------------
 

============================================================
📝 Log saved: 2026-09-20 10:14:50
============================================================
