1781649900000,1791.71,1795.98,1790.18,1795.38,3318.07
1781650800000,1795.38,1798,1793,1795.27,2067.26
1781651700000,1795.27,1795.27,1791.04,1794.91,1789.99
1781652600000,1794.91,1796.67,1792.33,1792.57,782.77
1781653500000,1792.57,1793.25,1790.36,1792.29,1965.18
1781654400000,1792.29,1795.69,1792.29,1793.1,2267.92
1781655300000,1793.1,1795.05,1791.5,1793.27,1663.13
1781656200000,1793.27,1797.5,1791.21,1796.51,2409.62
1781657100000,1796.51,1798.38,1792.05,1793.39,4091.91
1781658000000,1793.39,1796.25,1791.74,1793.22,2115.3
1781658900000,1793.22,1793.22,1778.46,1784.89,24778.07
1781659800000,1784.89,1793.74,1781.2,1789.96,6545.31
1781660700000,1789.96,1798.43,1789.79,1796.92,8701
1781661600000,1796.92,1797.65,1795,1796.77,4155.63
1781662500000,1796.77,1809.9,1795.51,1805,20175.66
1781663400000,1805,1805,1787.56,1794.05,14155.89
1781664300000,1794.05,1795.64,1791.01,1794.88,3695.78
1781665200000,1794.88,1794.9,1790.5,1790.57,2447.7
1781666100000,1790.57,1791,1786.41,1790.38,6253.56
1781667000000,1790.38,1796.49,1790.26,1792.82,3084.33
1781667900000,1792.82,1794.77,1790.51,1792.98,1688.47
1781668800000,1792.98,1795.99,1791.62,1793,2546.96
1781669700000,1793,1795.31,1791.3,1794.07,2055.27
1781670600000,1794.07,1795.5,1793,1794.56,2403.99
1781671500000,1794.56,1801.57,1793.24,1793.61,6816.08
1781672400000,1793.61,1798.67,1790.09,1790.83,4901.57
1781673300000,1790.83,1793.63,1788.5,1792.99,3461
1781674200000,1792.99,1796.34,1791.56,1795.56,3365.57
1781675100000,1795.56,1796.66,1791.06,1793.15,2151.3
1781676000000,1793.15,1795,1791.8,1794.84,1137.65
1781676900000,1794.84,1796.6,1787.75,1788.09,4237.92
1781677800000,1788.09,1791.98,1785.33,1788.24,7447.65
1781678700000,1788.24,1791.45,1786.9,1789.5,3344.54
1781679600000,1789.5,1791.74,1785.11,1790.85,7729.85
1781680500000,1790.85,1791.81,1782.67,1784.64,8972.56
1781681400000,1784.64,1787.79,1783.53,1786.56,4050.5
1781682300000,1786.56,1786.99,1777.56,1784.33,14135.04
1781683200000,1784.33,1785.49,1778.33,1778.53,9386.97
1781684100000,1778.53,1779.66,1773.74,1775.01,10050.91
1781685000000,1775.01,1775.06,1760.65,1762.18,43753.68
1781685900000,1762.18,1767.38,1759.33,1764.57,17425.1
1781686800000,1764.57,1769.68,1764.01,1768.87,10274.62
1781687700000,1768.87,1777.18,1767.51,1774.25,15990.07
1781688600000,1774.25,1775.4,1771,1771.65,5150.91
1781689500000,1771.65,1775.4,1768.84,1772.24,6029.54
1781690400000,1772.24,1775.27,1768.33,1771.89,4721.68
1781691300000,1771.89,1773.84,1769.14,1771.37,2740.6
1781692200000,1771.37,1773.26,1770.3,1771.9,4189.87
1781693100000,1771.9,1773,1765.87,1767.42,14070.21
1781694000000,1767.42,1769.85,1757.29,1763.99,32388.1
1781694900000,1763.99,1767.69,1759.29,1765.53,10592.14
1781695800000,1765.53,1766.97,1763.25,1764.7,3348.01
1781696700000,1764.7,1766.98,1762.87,1763.15,3070.75
1781697600000,1763.15,1765.17,1760.26,1763.9,6827.58
1781698500000,1763.9,1763.99,1742.5,1745.99,79116.82
1781699400000,1745.99,1755.5,1741.44,1754.55,21924.59
1781700300000,1754.55,1758.84,1753.52,1758.38,9017.85
1781701200000,1758.38,1761.48,1756.01,1760.51,10361.16
1781702100000,1760.51,1760.52,1753.55,1757.26,8831.68
1781703000000,1757.26,1770.1,1753.74,1766.11,36431.33
1781703900000,1766.11,1771.28,1759.31,1760.01,27729.58
1781704800000,1760.01,1762.77,1753.41,1760.49,32982.52
1781705700000,1760.49,1764.77,1751.23,1755.46,10379.92
1781706600000,1755.46,1758,1751.51,1754.9,5842.38
1781707500000,1754.9,1759.82,1739.21,1754.09,55616.3
1781708400000,1754.09,1758.7,1749.95,1758.36,10657.27
1781709300000,1758.36,1764.69,1756.01,1762.5,19981.56
1781710200000,1762.5,1767.82,1760.52,1766.87,14168.91
1781711100000,1766.87,1776.71,1765.51,1772.56,22497.48
1781712000000,1772.56,1776.3,1770.01,1774.49,11689.46
1781712900000,1774.49,1791.68,1772.5,1784.05,36496.68
1781713800000,1784.05,1784.68,1771.17,1774.01,26481.99
1781714700000,1774.01,1774.93,1768.5,1770.99,9596.94
1781715600000,1770.99,1773.5,1766.5,1771.17,9586.2
1781716500000,1771.17,1778.95,1770.51,1777,8766.57
1781717400000,1777,1780.56,1772.81,1773.79,9001.74
1781718300000,1773.79,1795.66,1772.5,1788.53,35784.62
1781719200000,1788.53,1788.94,1745.19,1763.88,100131.29
1781720100000,1763.88,1773,1761.57,1765.81,12501.8
1781721000000,1765.81,1787.29,1760.52,1784.19,46956.47
1781721900000,1784.19,1785.28,1765.13,1769.07,19968.8
1781722800000,1769.07,1774.68,1761.64,1771.16,13174.29
1781723700000,1771.16,1771.72,1735.23,1739.8,77323.63
1781724600000,1739.8,1748.5,1730.11,1733.36,42202.55
1781725500000,1733.36,1738.68,1724.91,1733.88,49254.03
1781726400000,1733.88,1743.4,1732,1737.38,22284.72
1781727300000,1737.38,1740.75,1736.21,1738.49,15839.36
1781728200000,1738.49,1744.07,1735.41,1735.51,10469.84
1781729100000,1735.51,1746.9,1734.29,1746.5,7977.96
1781730000000,1746.5,1747.2,1741.02,1741.84,5965.28
1781730900000,1741.84,1744.78,1741.03,1742.49,4026.28
1781731800000,1742.49,1745,1738.02,1738.8,3157.16
1781732700000,1738.8,1739.04,1735.18,1738.07,5499.78
1781733600000,1738.07,1740.05,1724.45,1734.81,22063.56
1781734500000,1734.81,1744,1733.77,1742.75,3658.77
1781735400000,1742.75,1744.41,1740.96,1742.48,1856.6
1781736300000,1742.48,1745.8,1739.08,1739.43,4899.48
1781737200000,1739.43,1745.4,1739.06,1743.18,2944.97
1781738100000,1743.18,1750.98,1743.01,1749.4,9949.31
1781739000000,1749.4,1750,1746.73,1747.17,1641.19
1781739900000,1747.17,1750,1745.81,1749.59,2004.14
1781740800000,1749.59,1756.63,1749.05,1755.22,12374.5
1781741700000,1755.22,1756.5,1751.85,1754.33,6505.08
1781742600000,1754.33,1758.7,1751.81,1754.4,5705.54
1781743500000,1754.4,1755.75,1750.67,1752.15,2682.63
1781744400000,1752.15,1762.64,1751.77,1760.81,10139.87
1781745300000,1760.81,1761.48,1754.53,1756.31,8295.55
1781746200000,1756.31,1762,1756.31,1756.56,3522.71
1781747100000,1756.56,1756.56,1751.82,1754.18,4081.38
1781748000000,1754.18,1757.78,1753.29,1753.59,3398.91
1781748900000,1753.59,1758.33,1749.3,1756.94,6176.26
1781749800000,1756.94,1757.88,1754,1756.72,2326.85
1781750700000,1756.72,1756.99,1754.5,1754.82,1385.17
1781751600000,1754.82,1755.31,1750.01,1750.51,3217
1781752500000,1750.51,1751.54,1743.82,1743.85,10228.97
1781753400000,1743.85,1747.2,1740.05,1741.53,8426.95
1781754300000,1741.53,1746,1741.08,1743.22,3920.36
1781755200000,1743.22,1744.86,1729.4,1734.31,17789.49
1781756100000,1734.31,1738.34,1730,1734.59,6785.47
1781757000000,1734.59,1736.39,1731.71,1732,17919.32
1781757900000,1732,1733.84,1728.8,1729.81,8266.56
1781758800000,1729.81,1732.3,1720.8,1728.09,30609.69
1781759700000,1728.09,1730.8,1726.11,1727.66,8674.26
1781760600000,1727.66,1730.53,1724.22,1728.12,5331.06
1781761500000,1728.12,1730.8,1726.2,1730.25,3142.89
1781762400000,1730.25,1734.23,1725.24,1728.01,7608.34
1781763300000,1728.01,1729.96,1724.49,1729.96,2447.43
1781764200000,1729.96,1735.5,1729.51,1735.22,13655.1
1781765100000,1735.22,1736.55,1733.19,1734.83,3627.25
1781766000000,1734.83,1735.99,1732.02,1734.02,3354.96
1781766900000,1734.02,1746.31,1733.63,1744.67,18542.88
1781767800000,1744.67,1752.95,1742.77,1748.14,26770.29
1781768700000,1748.14,1750,1746.12,1748.7,6939.84
1781769600000,1748.7,1752.55,1745.17,1747.53,8771.01
1781770500000,1747.53,1750.28,1747.36,1749.16,2817.44
1781771400000,1749.16,1752.71,1748.57,1749.85,4695.68
1781772300000,1749.85,1750.1,1746,1746.99,8167.03
1781773200000,1746.99,1747.09,1744,1746.7,5967.88
1781774100000,1746.7,1751.21,1742.46,1742.47,10072.74
1781775000000,1742.47,1746.5,1741.38,1746.25,4397.21
1781775900000,1746.25,1748.35,1744.65,1745.28,4650.4
1781776800000,1745.28,1746.56,1740.3,1740.31,8092.82
1781777700000,1740.31,1742.5,1738.5,1741.27,6654.99
1781778600000,1741.27,1742.41,1738.78,1739.36,2994.23
1781779500000,1739.36,1752.52,1738.9,1745.99,30804.41
1781780400000,1745.99,1748.43,1742.69,1744.9,6790.03
1781781300000,1744.9,1746.9,1740.1,1745.12,18022.09
1781782200000,1745.12,1746.71,1737.1,1742.5,18669.06
1781783100000,1742.5,1744.13,1738.56,1742.55,5313.23
1781784000000,1742.55,1746.34,1740.81,1744.53,3379.54
1781784900000,1744.53,1751.33,1743.04,1751,10352.24
1781785800000,1751,1752.82,1746.55,1747.69,8784.53
1781786700000,1747.69,1750.5,1746,1749.44,7832.57
1781787600000,1749.44,1751.58,1747.41,1748.99,4327.8
1781788500000,1748.99,1751.93,1747.44,1748.61,5638.46
1781789400000,1748.61,1750.01,1730.48,1730.69,39149.71
1781790300000,1730.69,1742.59,1727.99,1736.14,29060.93
1781791200000,1736.14,1739.99,1729.7,1731.53,16858.31
1781792100000,1731.53,1744.62,1728.82,1732.76,11953.01
1781793000000,1732.76,1743.82,1731.4,1738.34,7034.54
1781793900000,1738.34,1741.96,1731,1738.9,10087.15
1781794800000,1738.9,1739.29,1731.11,1731.88,8719.69
1781795700000,1731.88,1734.26,1714.59,1719.74,50331.96
1781796600000,1719.74,1725.29,1696.45,1697.87,89807.19
1781797500000,1697.87,1699.62,1678.1,1681.21,68528.25
1781798400000,1681.21,1692.25,1679.18,1688.98,29883.75
1781799300000,1688.98,1690.92,1682.6,1685.97,18508.19
1781800200000,1685.97,1688.13,1681.94,1686.17,11970.65
1781801100000,1686.17,1688.49,1683.14,1686.2,7397.53
1781802000000,1686.2,1686.98,1680.4,1682.9,9521.79
1781802900000,1682.9,1685.74,1670.74,1679.42,34044.22
1781803800000,1679.42,1685.85,1678.52,1680.74,12505.62
1781804700000,1680.74,1685.5,1675.96,1678.49,7713.83
1781805600000,1678.49,1681.25,1676.35,1679.08,7369.77
1781806500000,1679.08,1688.46,1675.4,1685.64,21019.93
1781807400000,1685.64,1686.47,1680.25,1684.48,7929.49
1781808300000,1684.48,1687.79,1681.5,1684.33,7288.21
1781809200000,1684.33,1686.39,1681.88,1685.74,2680.34
1781810100000,1685.74,1691.43,1684.56,1690.75,7201.07
1781811000000,1690.75,1702.73,1689.76,1702.04,13348.96
1781811900000,1702.04,1706.91,1700.03,1704.58,15146.18
1781812800000,1704.58,1713.6,1704.58,1711.09,17233.24
1781813700000,1711.09,1716.43,1707.05,1712.32,9372.27
1781814600000,1712.32,1714.5,1710.61,1712.39,3154.35
1781815500000,1712.39,1712.45,1709.1,1709.65,7018.11
1781816400000,1709.65,1710.98,1701.7,1703.67,15374.32
1781817300000,1703.67,1705.89,1700.92,1705.12,4717.05
1781818200000,1705.12,1709.21,1704.03,1705.62,3051
1781819100000,1705.62,1708.94,1704.53,1707.65,2022.84
1781820000000,1707.65,1707.9,1704.71,1706.03,1669.52
1781820900000,1706.03,1706.5,1701,1702.57,3461.83
1781821800000,1702.57,1704,1699.18,1703.92,4903.83
1781822700000,1703.92,1707.5,1702.42,1705.86,2001.64
1781823600000,1705.86,1707.75,1701.92,1702.2,3024.55
1781824500000,1702.2,1708.74,1702.2,1708.47,1981.64
1781825400000,1708.47,1711.73,1708.1,1708.78,6531.7
1781826300000,1708.78,1711.77,1707.68,1710.09,2799.14
1781827200000,1710.09,1710.98,1707.75,1709.75,2339.98
1781828100000,1709.75,1714.43,1708.73,1712.11,5639.73
1781829000000,1712.11,1715.21,1711.87,1715.19,3046.48
1781829900000,1715.19,1715.57,1711.84,1712.99,3397.2
1781830800000,1712.99,1718.86,1709.5,1711.22,9731.38
1781831700000,1711.22,1716,1708.28,1708.47,4549.43
1781832600000,1708.47,1709.99,1705.18,1708.89,4295.25
1781833500000,1708.89,1712.97,1708.75,1712.66,3966.25
1781834400000,1712.66,1714.48,1709.7,1710.14,7092.35
1781835300000,1710.14,1711.24,1703.09,1703.45,5012.44
1781836200000,1703.45,1705.41,1701.35,1703.69,6330.47
1781837100000,1703.69,1707.33,1700.1,1706.29,5435.19
1781838000000,1706.29,1707.47,1693.43,1694.53,12061.74
1781838900000,1694.53,1701.69,1681.42,1699.02,38112.14
1781839800000,1699.02,1699.16,1691.57,1695.71,8485.37
1781840700000,1695.71,1698.41,1693.55,1696.65,3653.92
1781841600000,1696.65,1699.94,1688.58,1699.37,10418.2
1781842500000,1699.37,1702.27,1693.63,1694.01,6140.05
1781843400000,1694.01,1694.45,1686.1,1691.12,9000.18
1781844300000,1691.12,1693.29,1685,1688.69,5655.47
1781845200000,1688.69,1696.5,1688.5,1696.31,6272.39
1781846100000,1696.31,1696.36,1690.88,1692.64,5105.32
1781847000000,1692.64,1695.12,1690.32,1694.89,2444.25
1781847900000,1694.89,1696.76,1693.8,1696.46,2851.76
1781848800000,1696.46,1699.3,1695.01,1698.88,7769.51
1781849700000,1698.88,1701.37,1696.7,1700.25,4294.12
1781850600000,1700.25,1702.5,1695.62,1699.54,9059.45
1781851500000,1699.54,1700.59,1695.76,1699.51,3027.55
1781852400000,1699.51,1700.24,1695.03,1695.11,3823.81
1781853300000,1695.11,1697.49,1693,1695.47,4110.06
1781854200000,1695.47,1698.85,1689.04,1692.19,9900.85
1781855100000,1692.19,1696.8,1690.74,1694.96,5489.65
1781856000000,1694.96,1696.81,1692.58,1695.75,3823.49
1781856900000,1695.75,1698.47,1694.5,1695.5,5071.68
1781857800000,1695.5,1698.37,1693.04,1695.12,3827.93
1781858700000,1695.12,1697.61,1694.7,1697.22,2312.17
1781859600000,1697.22,1698.88,1689.4,1691.11,6756.72
1781860500000,1691.11,1693.57,1689.04,1691.1,4465.98
1781861400000,1691.1,1694.16,1690.94,1692.03,2292.4
1781862300000,1692.03,1692.33,1688,1688.34,5932.86
1781863200000,1688.34,1692.88,1687.59,1690.66,6331.7
1781864100000,1690.66,1690.91,1686.23,1689.38,7710.55
1781865000000,1689.38,1689.82,1686.5,1687.51,12054.27
1781865900000,1687.51,1694.26,1687.05,1692.06,5061.3
1781866800000,1692.06,1693.24,1688.08,1689.37,4276.28
1781867700000,1689.37,1693.68,1688.18,1692.24,2499.17
1781868600000,1692.24,1693.19,1691.31,1692.63,1902.87
1781869500000,1692.63,1693.46,1690.31,1691.13,2454.12
1781870400000,1691.13,1693.48,1689.58,1689.58,1480.9
1781871300000,1689.58,1689.58,1686.5,1688.7,6640.79
1781872200000,1688.7,1689.96,1682.66,1685.67,12521.92
1781873100000,1685.67,1695.49,1678.2,1694.59,39539.2
1781874000000,1694.59,1698.63,1691.3,1692.73,17425.51
1781874900000,1692.73,1693.87,1686.72,1690.56,11483.73
1781875800000,1690.56,1702.56,1689.52,1700.55,12808.57
1781876700000,1700.55,1710.98,1700,1702.52,34231.75
1781877600000,1702.52,1704.99,1696.55,1697.8,10433.34
1781878500000,1697.8,1704.3,1695.57,1703.11,5327.6
1781879400000,1703.11,1707.34,1700.73,1704,6875.02
1781880300000,1704,1709.63,1704,1706.11,6144.19
1781881200000,1706.11,1706.88,1703,1705.26,4140.94
1781882100000,1705.26,1706.7,1697.37,1698.82,13873.18
1781883000000,1698.82,1711.4,1698.81,1707.91,10235.2
1781883900000,1707.91,1708.69,1705.6,1706.99,2811.33
1781884800000,1706.99,1711.08,1703.95,1710.7,3677.52
1781885700000,1710.7,1710.81,1706.51,1707.04,3615.19
1781886600000,1707.04,1707.38,1703.18,1704.54,8548.91
1781887500000,1704.54,1704.54,1693.77,1695.82,18306.3
1781888400000,1695.82,1697.2,1692.56,1696.42,8027.18
1781889300000,1696.42,1701.49,1693.37,1695.9,6732.68
1781890200000,1695.9,1701.76,1695.38,1701.16,3526.62
1781891100000,1701.16,1705.67,1699.5,1703.8,6173.09
1781892000000,1703.8,1704.66,1701.62,1704.38,1474.56
1781892900000,1704.38,1704.69,1702.17,1702.53,763.37
1781893800000,1702.53,1703.5,1696.8,1700.14,4439.12
1781894700000,1700.14,1702.49,1700.01,1701.89,1519.15
1781895600000,1701.89,1703.77,1698.22,1701.15,1036.27
1781896500000,1701.15,1701.74,1697.25,1699.03,1184.46
1781897400000,1699.03,1700.28,1697.78,1699.51,1749.38
1781898300000,1699.51,1703.49,1698.82,1700.39,2344.96
1781899200000,1700.39,1703.81,1700.22,1702.26,2258.37
1781900100000,1702.26,1702.26,1697.7,1701.91,2599.34
1781901000000,1701.91,1703.41,1700.21,1701.82,1175.9
1781901900000,1701.82,1708.5,1701.6,1707.82,6801.35
1781902800000,1707.82,1707.82,1704.36,1707.31,3676.77
1781903700000,1707.31,1707.31,1703.56,1703.83,1260.55
1781904600000,1703.83,1704.68,1701.61,1701.61,3037.48
1781905500000,1701.61,1703.05,1700.15,1701,1407.64
1781906400000,1701,1702.34,1699.55,1701.86,1111.75
1781907300000,1701.86,1709.49,1701.69,1707.27,7186.67
1781908200000,1707.27,1707.99,1705.04,1707.25,2710.95
1781909100000,1707.25,1708.52,1705.79,1706.77,1091.92
1781910000000,1706.77,1707.48,1703.91,1704.88,1451.27
1781910900000,1704.88,1707.32,1704.32,1707.24,752.53
1781911800000,1707.24,1707.79,1706.19,1706.8,759.56
1781912700000,1706.8,1714.37,1705.59,1710.1,8230.08
1781913600000,1710.1,1712.35,1707.5,1708.97,6297.86
1781914500000,1708.97,1711.7,1707.5,1711.04,2568.48
1781915400000,1711.04,1718,1708.5,1710.14,14566.62
1781916300000,1710.14,1710.45,1707.81,1707.91,3681.76
1781917200000,1707.91,1708.68,1706,1707.32,4040.86
1781918100000,1707.32,1709.82,1706,1708.3,3806.2
1781919000000,1708.3,1712.74,1707.8,1708.31,7491.37
1781919900000,1708.31,1709.79,1707.52,1709.22,1434.86
1781920800000,1709.22,1710,1706.05,1706.48,1816.64
1781921700000,1706.48,1706.48,1703.11,1703.84,5770.46
1781922600000,1703.84,1707.5,1703.74,1705,2523.36
1781923500000,1705,1706.77,1704,1704.01,1180.79
1781924400000,1704.01,1706.46,1703.72,1706.09,1550.35
1781925300000,1706.09,1707.74,1706.04,1707.12,4324.99
1781926200000,1707.12,1708.48,1705.33,1707.37,1736.41
1781927100000,1707.37,1707.83,1706.08,1707.13,2927.22
1781928000000,1707.13,1708.45,1705.52,1706.52,1154.8
1781928900000,1706.52,1712,1706.52,1712,2544.24
1781929800000,1712,1714.53,1710.05,1713.88,6962.36
1781930700000,1713.88,1713.88,1711.61,1712.49,1826.45
1781931600000,1712.49,1733.42,1711.31,1728.77,40860.99
1781932500000,1728.77,1729.8,1720.35,1721.65,8748.69
1781933400000,1721.65,1726.74,1721.55,1722.77,6425.77
1781934300000,1722.77,1726.29,1720.89,1725.24,3772.27
1781935200000,1725.24,1726.67,1723.13,1725.69,2535.9
1781936100000,1725.69,1729.1,1724,1727.03,3825.73
1781937000000,1727.03,1727.2,1723.51,1725.9,4965.33
1781937900000,1725.9,1727.79,1724.9,1726.89,4722.67
1781938800000,1726.89,1727,1722.11,1724.35,4830.56
1781939700000,1724.35,1727.78,1724,1727.35,3887.19
1781940600000,1727.35,1728.45,1726.05,1726.58,2559.42
1781941500000,1726.58,1727.37,1724.18,1725.01,2669.68
1781942400000,1725.01,1726,1721.47,1724.19,4585.6
1781943300000,1724.19,1726,1722.61,1722.66,2666.32
1781944200000,1722.66,1723.41,1720.88,1722.46,3540.72
1781945100000,1722.46,1723.11,1720.26,1722,2568.1
1781946000000,1722,1726.47,1722,1725.03,14135.14
1781946900000,1725.03,1725.53,1722.71,1722.99,1505.15
1781947800000,1722.99,1729.35,1722.9,1728.16,8946.96
1781948700000,1728.16,1729.44,1726.63,1727.73,2435.89
1781949600000,1727.73,1727.95,1725.5,1726.64,1414.07
1781950500000,1726.64,1728.81,1726.16,1727.32,1626.89
1781951400000,1727.32,1727.46,1724.55,1725.48,1655.79
1781952300000,1725.48,1727.49,1725.48,1726.98,2241.62
1781953200000,1726.98,1727.85,1725.13,1726,1499.58
1781954100000,1726,1727.6,1725.55,1725.87,2325.79
1781955000000,1725.87,1727.5,1725.39,1727.18,786.21
1781955900000,1727.18,1731.4,1725.99,1726.27,7547.84
1781956800000,1726.27,1729.66,1725.89,1728.96,1998.55
1781957700000,1728.96,1729.45,1726.5,1728.37,2985.15
1781958600000,1728.37,1728.37,1723.39,1724.72,6298.17
1781959500000,1724.72,1726.33,1723,1726.21,3377.57
1781960400000,1726.21,1726.37,1723.31,1723.31,1593.67
1781961300000,1723.31,1725.3,1711.91,1714.21,23877.42
1781962200000,1714.21,1718.6,1713.66,1717.66,8095.06
1781963100000,1717.66,1718.5,1715.5,1716.64,5421.25
1781964000000,1716.64,1716.64,1707.18,1707.99,24480.16
1781964900000,1707.99,1712.69,1707.99,1712.2,3564.93
1781965800000,1712.2,1719.31,1711.15,1718.87,9035.37
1781966700000,1718.87,1746.66,1717.84,1732.68,64755.43
1781967600000,1732.68,1737.19,1728.34,1735.12,16006.54
1781968500000,1735.12,1748.91,1732.88,1741.38,47577.61
1781969400000,1741.38,1742.87,1737.41,1738.26,9784.29
1781970300000,1738.26,1740.96,1736.55,1739.88,4986.84
1781971200000,1739.88,1740.19,1734.04,1735.44,6551.16
1781972100000,1735.44,1737.73,1732,1732.51,3788.82
1781973000000,1732.51,1733.75,1729.8,1731.55,4664.31
1781973900000,1731.55,1734.03,1730.95,1733.11,7360.67
1781974800000,1733.11,1733.19,1727.4,1729.98,8586.01
1781975700000,1729.98,1729.98,1725.77,1729,3828.73
1781976600000,1729,1731.25,1720.18,1725.38,13002.51
1781977500000,1725.38,1727.5,1724.39,1726.09,1396.82
1781978400000,1726.09,1731.49,1725.7,1726.75,3940.5
1781979300000,1726.75,1729.53,1726.75,1728.97,2420.25
1781980200000,1728.97,1729.75,1725.91,1726.99,1304.85
1781981100000,1726.99,1727.81,1725,1725.81,2041.47
1781982000000,1725.81,1727.88,1724.4,1727.13,8431.06
1781982900000,1727.13,1727.85,1724.53,1725.76,4350.68
1781983800000,1725.76,1729.49,1725.2,1728.99,1859.59
1781984700000,1728.99,1729.44,1727.76,1728.52,2518.71
1781985600000,1728.52,1730.3,1727.74,1729.24,1582.32
1781986500000,1729.24,1730.34,1727.55,1728,2315.42
1781987400000,1728,1728.26,1725.51,1727.65,1329.85
1781988300000,1727.65,1730.5,1727.65,1730.07,1308.94
1781989200000,1730.07,1736.47,1729.5,1734.42,6374
1781990100000,1734.42,1734.5,1731.41,1732.33,2576.15
1781991000000,1732.33,1736.38,1731.79,1735.74,3693.92
1781991900000,1735.74,1737.42,1732.88,1734.6,2414.91
1781992800000,1734.6,1739.94,1732.26,1738.16,5059.12
1781993700000,1738.16,1744.37,1735.51,1742.42,8113.36
1781994600000,1742.42,1745.62,1740,1742.62,9841.63
1781995500000,1742.62,1744.45,1740.5,1742.49,3074.24
1781996400000,1742.49,1742.95,1740.69,1740.88,2859
1781997300000,1740.88,1742.99,1739.74,1739.99,3229.97
1781998200000,1739.99,1742,1739.5,1741.09,2803.02
1781999100000,1741.09,1741.09,1739.73,1739.93,2004.99
1782000000000,1739.93,1740.16,1736.12,1737.81,3973.1
1782000900000,1737.81,1739.05,1735.28,1736.45,6979.25
1782001800000,1736.45,1739.12,1735.75,1737.39,4691.9
1782002700000,1737.39,1738.31,1735.64,1737,1563.49
1782003600000,1737,1737.34,1734.11,1734.6,2670.12
1782004500000,1734.6,1735.37,1733.59,1734.55,864.98
1782005400000,1734.55,1737.49,1733.67,1736.59,1338.91
1782006300000,1736.59,1739.46,1736.01,1736.01,2379.85
1782007200000,1736.01,1737.25,1735,1736.23,935.27
1782008100000,1736.23,1736.87,1734.65,1735.92,725.87
1782009000000,1735.92,1736.87,1734.68,1736,1021.56
1782009900000,1736,1737.03,1735.01,1735.32,1394.44
1782010800000,1735.32,1735.68,1732.15,1735.62,3338.4
1782011700000,1735.62,1741,1734.12,1735.79,5587.84
1782012600000,1735.79,1739.26,1735.06,1738.43,2057.54
1782013500000,1738.43,1738.92,1737.04,1737.05,1667.54
1782014400000,1737.05,1737.41,1734.36,1735.5,2639.09
1782015300000,1735.5,1739.5,1735.49,1738.39,2535.37
1782016200000,1738.39,1740.49,1736.51,1736.83,1709.98
1782017100000,1736.83,1736.83,1730.32,1732.22,6122.1
1782018000000,1732.22,1732.97,1730.24,1731.06,2753.17
1782018900000,1731.06,1734.52,1727.47,1734.3,7887.9
1782019800000,1734.3,1735.54,1732.8,1733.33,3744.92
1782020700000,1733.33,1733.33,1730.81,1732.51,3794.1
1782021600000,1732.51,1734.5,1731.5,1733.54,2531.44
1782022500000,1733.54,1735.9,1732.74,1735.21,1987.39
1782023400000,1735.21,1737.8,1734.11,1736.31,2603.85
1782024300000,1736.31,1736.59,1735,1735.21,985.49
1782025200000,1735.21,1735.45,1733.21,1734.26,1832.83
1782026100000,1734.26,1734.9,1731.79,1732.25,1694.59
1782027000000,1732.25,1733.33,1731.85,1733.28,1695.98
1782027900000,1733.28,1733.64,1730.7,1731.37,1872.27
1782028800000,1731.37,1732.38,1728.77,1730.2,8366.75
1782029700000,1730.2,1730.34,1728.01,1728.49,2965.19
1782030600000,1728.49,1729.46,1723.08,1727.66,19694.85
1782031500000,1727.66,1728.39,1725.21,1728.35,7125.83
1782032400000,1728.35,1729.35,1726.53,1726.53,2559.77
1782033300000,1726.53,1730.17,1725,1728.17,3394.8
1782034200000,1728.17,1733.9,1728.17,1730.6,4065.92
1782035100000,1730.6,1732.86,1730.54,1732.1,2594.46
1782036000000,1732.1,1734.91,1730.88,1733.38,3259.05
1782036900000,1733.38,1736.36,1732.51,1733.63,3124.59
1782037800000,1733.63,1733.74,1731.62,1731.66,1595.01
1782038700000,1731.66,1733.29,1730.13,1730.64,4038.31
1782039600000,1730.64,1734.13,1728.7,1731.7,3551.64
1782040500000,1731.7,1731.7,1717.07,1726.66,25200.52
1782041400000,1726.66,1727.45,1722.68,1725.83,2819.22
1782042300000,1725.83,1727.41,1722.4,1724.59,6857.75
1782043200000,1724.59,1725.87,1720.73,1721.32,4196.42
1782044100000,1721.32,1721.32,1716.16,1718.33,11852.27
1782045000000,1718.33,1721.11,1716.5,1719.94,3179.26
1782045900000,1719.94,1726.26,1719.67,1725.12,9032.94
1782046800000,1725.12,1727.37,1723.13,1725.17,6513.39
1782047700000,1725.17,1726.94,1723.73,1725.16,1903.59
1782048600000,1725.16,1725.75,1721,1721.81,2400.89
1782049500000,1721.81,1724.41,1721.59,1724.19,1582.62
1782050400000,1724.19,1725.13,1721.75,1722.34,2134.78
1782051300000,1722.34,1723.95,1720.71,1721.6,4381.83
1782052200000,1721.6,1725.51,1721.26,1724.41,2402.43
1782053100000,1724.41,1727.68,1723.01,1727.64,3811.52
1782054000000,1727.64,1731.4,1726.26,1728.07,8709.8
1782054900000,1728.07,1731.41,1727.94,1730.62,4709.48
1782055800000,1730.62,1731.88,1728.74,1729.99,2120.94
1782056700000,1729.99,1730.28,1729.19,1729.79,1507.6
1782057600000,1729.79,1729.79,1724.99,1726.62,6169.61
1782058500000,1726.62,1728.3,1725.23,1725.84,2154.29
1782059400000,1725.84,1726.27,1721.27,1724.58,7538.97
1782060300000,1724.58,1729.07,1724.31,1727.22,7821
1782061200000,1727.22,1730.83,1726.69,1729.27,4006.04
1782062100000,1729.27,1729.82,1725.64,1725.91,2313.35
1782063000000,1725.91,1726.72,1725.05,1726.27,1014.83
1782063900000,1726.27,1728.46,1726.27,1726.41,742.98
1782064800000,1726.41,1726.78,1720.76,1722.71,5416.96
1782065700000,1722.71,1725.34,1722.7,1725.09,1865.29
1782066600000,1725.09,1737.22,1724.7,1733.43,14609.77
1782067500000,1733.43,1737,1731.9,1734.35,3448.17
1782068400000,1734.35,1739.07,1733.58,1735.51,6769.16
1782069300000,1735.51,1735.81,1732.48,1733.42,3657.33
1782070200000,1733.42,1734.77,1732.77,1734.03,2423.2
1782071100000,1734.03,1735.25,1733,1733.16,961.25
1782072000000,1733.16,1734.48,1730.3,1730.87,2712.29
1782072900000,1730.87,1731.66,1728.14,1729.75,2872.61
1782073800000,1729.75,1730.5,1725.38,1726.89,3970.46
1782074700000,1726.89,1727.08,1716.17,1720.38,14377.74
1782075600000,1720.38,1721.51,1700.75,1709.44,31348.22
1782076500000,1709.44,1717.05,1701.29,1713.74,12830.88
1782077400000,1713.74,1723.44,1713.55,1719.84,14914.32
1782078300000,1719.84,1721.32,1716.3,1717.63,3371.67
1782079200000,1717.63,1720.57,1712,1715.49,5655.57
1782080100000,1715.49,1718.63,1713.59,1713.77,2892.06
1782081000000,1713.77,1715.95,1707.78,1714.01,6812.86
1782081900000,1714.01,1719,1713.52,1717.07,3270.79
1782082800000,1717.07,1717.07,1709.11,1711.01,4203.98
1782083700000,1711.01,1715.76,1709.7,1712.71,7844.84
1782084600000,1712.71,1713.92,1703.25,1705.6,19189.6
1782085500000,1705.6,1708.5,1703.97,1706.23,7220.77
1782086400000,1706.23,1715,1706.2,1711.99,7539.43
1782087300000,1711.99,1721.18,1711.63,1719.42,8782.85
1782088200000,1719.42,1731.61,1718.35,1725.03,16592.64
1782089100000,1725.03,1728.94,1719.72,1726.16,7448.57
1782090000000,1726.16,1729.84,1723.63,1725,4900.41
1782090900000,1725,1758.97,1725,1751.65,48836.33
1782091800000,1751.65,1754.07,1741,1743.89,22701.03
1782092700000,1743.89,1746.12,1742.25,1742.95,4085.33
1782093600000,1742.95,1744.56,1737.79,1739.9,5832.05
1782094500000,1739.9,1744.46,1738.28,1740.9,3887.89
1782095400000,1740.9,1744.5,1739.14,1742.17,3874.45
1782096300000,1742.17,1742.44,1736.47,1736.48,4873.81
1782097200000,1736.48,1736.65,1725.51,1730.89,14929.88
1782098100000,1730.89,1739.33,1730.89,1735.71,5623.18
1782099000000,1735.71,1740.5,1733.24,1734.18,3993.29
1782099900000,1734.18,1734.66,1726.2,1729.51,6483.47
1782100800000,1729.51,1732.98,1727,1731.43,4888.92
1782101700000,1731.43,1734.23,1730,1733.77,2393.54
1782102600000,1733.77,1734.97,1730.18,1731.15,2758.52
1782103500000,1731.15,1735.36,1731.15,1734.54,1992.45
1782104400000,1734.54,1737.63,1733.35,1736.22,2626.33
1782105300000,1736.22,1738.85,1735.08,1737.05,4156.86
1782106200000,1737.05,1738.84,1735.22,1736.89,3307.27
1782107100000,1736.89,1737.3,1734.87,1736,3032.49
1782108000000,1736,1739.49,1733.05,1737.27,3550.48
1782108900000,1737.27,1739.25,1734.88,1735.52,2408.09
1782109800000,1735.52,1735.84,1732.5,1733.64,2529.07
1782110700000,1733.64,1735.11,1732.46,1734.19,1943.17
1782111600000,1734.19,1745.6,1733.86,1743.33,10762.7
1782112500000,1743.33,1748.42,1743.01,1747.35,4439.68
1782113400000,1747.35,1750.89,1746.58,1746.74,5956.27
1782114300000,1746.74,1748.47,1744.29,1745.48,5748.3
1782115200000,1745.48,1751.63,1742.5,1750.97,5326.25
1782116100000,1750.97,1751.37,1745.33,1745.52,4469.43
1782117000000,1745.52,1748.71,1742.75,1748.67,2677.4
1782117900000,1748.67,1749.99,1745.19,1746.76,4241.51
1782118800000,1746.76,1749.6,1746,1747.83,2344.13
1782119700000,1747.83,1748.92,1744.5,1745.57,2534.67
1782120600000,1745.57,1748.22,1742.74,1746.09,4461.89
1782121500000,1746.09,1746.8,1744.95,1745.24,1109.23
1782122400000,1745.24,1750.69,1744.22,1748.73,4641.41
1782123300000,1748.73,1749.99,1746.2,1746.74,1843.09
1782124200000,1746.74,1750.59,1746.01,1746.23,1693.21
1782125100000,1746.23,1749,1746.23,1747.91,1300.51
1782126000000,1747.91,1756.84,1746.35,1750.9,15757.59
1782126900000,1750.9,1754.1,1747.86,1751.73,4268.31
1782127800000,1751.73,1764.63,1751.73,1762.7,25421.02
1782128700000,1762.7,1774.19,1761.65,1766.71,25677.6
1782129600000,1766.71,1771.43,1763.5,1764.62,12357.14
1782130500000,1764.62,1768.48,1761.97,1766.23,9080.85
1782131400000,1766.23,1766.52,1760.06,1763.45,12114.28
1782132300000,1763.45,1766.3,1760.61,1763.23,4577.82
1782133200000,1763.23,1765.9,1761.89,1763.51,4360.23
1782134100000,1763.51,1765,1761.15,1763.65,3129.92
1782135000000,1763.65,1779.35,1761,1773.23,41646.07
1782135900000,1773.23,1776.67,1770.55,1776.67,10921.23
1782136800000,1776.67,1777.04,1765.11,1766.92,13982.38
1782137700000,1766.92,1767.39,1754,1754.38,23504.82
1782138600000,1754.38,1758.6,1750.5,1752.56,21940.39
1782139500000,1752.56,1757.71,1749.18,1753.81,8694.12
1782140400000,1753.81,1757.35,1750.32,1754.84,5358.25
1782141300000,1754.84,1755.95,1750.22,1753.2,6630.58
1782142200000,1753.2,1755.73,1751.55,1753.9,5113.28
1782143100000,1753.9,1754.34,1741.5,1744.02,25296.75
1782144000000,1744.02,1745.46,1736,1741.32,23520.29
1782144900000,1741.32,1744.4,1737.85,1741.17,7913.66
1782145800000,1741.17,1741.76,1733.63,1737.51,12798.15
1782146700000,1737.51,1742.35,1732.84,1739.43,11885.14
1782147600000,1739.43,1742.52,1738.18,1740.88,3203.15
1782148500000,1740.88,1741.5,1733.16,1733.54,5465.79
1782149400000,1733.54,1735.59,1730.59,1734.44,12620.67
1782150300000,1734.44,1741.79,1733.99,1740.37,11590.92
1782151200000,1740.37,1745.98,1740.31,1744.85,7171.65
1782152100000,1744.85,1747,1739.61,1740.93,5593.86
1782153000000,1740.93,1742.28,1738.7,1739.19,3147.56
1782153900000,1739.19,1739.57,1726.92,1732.7,24890.41
1782154800000,1732.7,1735.5,1729,1734.37,16561.51
1782155700000,1734.37,1736.3,1728.02,1730.51,11263.05
1782156600000,1730.51,1734.95,1730.01,1732.97,4353.4
1782157500000,1732.97,1735.01,1729.19,1733.81,6279.09
1782158400000,1733.81,1739.3,1733.16,1736.07,6600.07
1782159300000,1736.07,1737.43,1731.14,1732.95,2757.37
1782160200000,1732.95,1735.86,1732.7,1735.43,2279.5
1782161100000,1735.43,1736.14,1730.12,1733.76,3862.28
1782162000000,1733.76,1736.95,1732.82,1734.78,2435.23
1782162900000,1734.78,1734.89,1730.15,1733.29,1497.04
1782163800000,1733.29,1733.5,1725.9,1728.2,8064.73
1782164700000,1728.2,1732.3,1727.81,1732.21,2208.29
1782165600000,1732.21,1735.4,1731.11,1732.6,1432.42
1782166500000,1732.6,1732.99,1716.85,1721.66,18776.55
1782167400000,1721.66,1724.88,1716.24,1718.64,14788.44
1782168300000,1718.64,1724,1717.76,1723.48,5053.52
1782169200000,1723.48,1725.51,1722.16,1722.64,2298.8
1782170100000,1722.64,1726.63,1720.37,1725.86,6389.05
1782171000000,1725.86,1729.7,1724.01,1726.35,8509.12
1782171900000,1726.35,1729.22,1725.1,1727.47,2874.04
1782172800000,1727.47,1727.96,1723.56,1724.86,2432.53
1782173700000,1724.86,1726.43,1718.91,1721.04,8622.53
1782174600000,1721.04,1728.77,1721.04,1728.77,8204.81
1782175500000,1728.77,1731.81,1726.29,1730.69,4848.5
1782176400000,1730.69,1735.71,1730.56,1731.82,9532.88
1782177300000,1731.82,1734.78,1730.67,1733.02,2332.93
1782178200000,1733.02,1734.3,1726.81,1727.53,3170.33
1782179100000,1727.53,1730.99,1720.3,1730.01,7477.04
1782180000000,1730.01,1731.68,1725.45,1728.56,3206.84
1782180900000,1728.56,1732.7,1728.56,1730.2,2656.54
1782181800000,1730.2,1732.48,1729.71,1731.55,2706.34
1782182700000,1731.55,1734.32,1730.51,1731.99,1649.28
1782183600000,1731.99,1732.45,1725.18,1727.92,3448.32
1782184500000,1727.92,1729.99,1726.59,1728.85,2935.76
1782185400000,1728.85,1728.85,1725.71,1726.98,2450.39
1782186300000,1726.98,1729.68,1726.66,1729.07,3362.6
1782187200000,1729.07,1730.47,1727.55,1729.9,1864.39
1782188100000,1729.9,1729.92,1723.59,1727.22,5044.37
1782189000000,1727.22,1727.23,1721.9,1722.63,4007.23
1782189900000,1722.63,1723.59,1717.2,1718.53,13783.58
1782190800000,1718.53,1720.85,1716.68,1718.74,10425.57
1782191700000,1718.74,1719.44,1708.21,1712.71,29575.19
1782192600000,1712.71,1714.14,1709.4,1713.48,6203.16
1782193500000,1713.48,1714.16,1711.09,1712.69,3941.3
1782194400000,1712.69,1713.01,1702.24,1706.55,15719.98
1782195300000,1706.55,1708.49,1679.23,1686.48,84974.96
1782196200000,1686.48,1691.73,1682.41,1689.46,18640.94
1782197100000,1689.46,1692.49,1688.51,1691.21,4648.84
1782198000000,1691.21,1693.69,1690.32,1693.1,10042.04
1782198900000,1693.1,1695.96,1691.48,1692.36,5340.89
1782199800000,1692.36,1692.61,1685.81,1686.71,11325.47
1782200700000,1686.71,1688.86,1681.1,1681.88,12413.95
1782201600000,1681.88,1683.93,1671.78,1674.77,29963.44
1782202500000,1674.77,1674.89,1633.32,1641.32,115408.77
1782203400000,1641.32,1651.48,1641.12,1648.39,30523.41
1782204300000,1648.39,1649.5,1645.33,1647.46,9473.94
1782205200000,1647.46,1651.34,1647.21,1650.06,6491.79
1782206100000,1650.06,1653.27,1649.49,1652.91,8595.76
1782207000000,1652.91,1653.27,1647.3,1648.89,11565.42
1782207900000,1648.89,1651.32,1648.23,1649.88,3494.41
1782208800000,1649.88,1657.77,1649.88,1655.57,16122.06
1782209700000,1655.57,1655.57,1652.12,1653.05,3056.86
1782210600000,1653.05,1653.42,1648.03,1649.4,5575.73
1782211500000,1649.4,1652.26,1648.25,1651.59,2917.1
1782212400000,1651.59,1655.52,1651.59,1655.23,3447.74
1782213300000,1655.23,1662.82,1654.42,1659.5,16878.49
1782214200000,1659.5,1662.78,1658.01,1660.33,7460.86
1782215100000,1660.33,1662.8,1656.6,1659.83,4118.79
1782216000000,1659.83,1661.65,1655.52,1657.44,5057.75
1782216900000,1657.44,1658.86,1655.17,1657.36,4020.72
1782217800000,1657.36,1659.9,1654.5,1657.14,5125.24
1782218700000,1657.14,1657.99,1652.64,1653.8,12431.4
1782219600000,1653.8,1654.33,1648.2,1651.96,8788.99
1782220500000,1651.96,1651.96,1645.02,1648.09,15050.17
1782221400000,1648.09,1661.61,1644,1658.52,19724.31
1782222300000,1658.52,1664.19,1655.11,1662,10114.86
1782223200000,1662,1667.7,1658.68,1666.87,13656.47
1782224100000,1666.87,1669.46,1656,1661.15,14071.97
1782225000000,1661.15,1671.74,1658.41,1662.48,20040.42
1782225900000,1662.48,1665.38,1658.65,1661.36,7926.73
1782226800000,1661.36,1662.59,1653.56,1655.91,7829.75
1782227700000,1655.91,1656.12,1650.7,1652.91,6493.44
1782228600000,1652.91,1660.47,1652.91,1655.26,7158.72
1782229500000,1655.26,1659.17,1650.06,1659.08,4901.84
1782230400000,1659.08,1673.33,1656.74,1667.28,21209.99
1782231300000,1667.28,1668.38,1660.32,1661.37,5909.78
1782232200000,1661.37,1662.15,1659.72,1661.71,1527.53
1782233100000,1661.71,1662.48,1657.33,1658.52,3008.48
1782234000000,1658.52,1660.35,1654.28,1657.13,4045.73
1782234900000,1657.13,1662.82,1656.8,1662.14,2134.49
1782235800000,1662.14,1664.29,1656.86,1658.82,1681.95
1782236700000,1658.82,1659.78,1653.57,1656.09,2919.1
1782237600000,1656.09,1659.97,1654.13,1657.34,4106.86
1782238500000,1657.34,1659.26,1655,1657,1274.48
1782239400000,1657,1657,1648.93,1650.09,5410.46
1782240300000,1650.09,1656.5,1648.9,1654.61,4750.43
1782241200000,1654.61,1661.25,1654.44,1658.97,2242.01
1782242100000,1658.97,1661.25,1655.55,1660.91,3755.8
1782243000000,1660.91,1662.27,1657.31,1657.38,1522.5
1782243900000,1657.38,1663.26,1656,1661.9,4515.59
1782244800000,1661.9,1666.89,1661.84,1663.54,6408.03
1782245700000,1663.54,1664.81,1661.51,1663.42,1839.63
1782246600000,1663.42,1663.42,1661.23,1662.23,515.89
1782247500000,1662.23,1663.59,1660.5,1663.23,785.95
1782248400000,1663.23,1666.95,1662.63,1664.52,6179.31
1782249300000,1664.52,1666.4,1663.61,1666.19,1077.81
1782250200000,1666.19,1667,1664.81,1666.11,1430.43
1782251100000,1666.11,1667.87,1665.25,1666.07,4753.06
1782252000000,1666.07,1671.77,1665.86,1670.62,5659.03
1782252900000,1670.62,1672.39,1663.19,1664.76,4330.28
1782253800000,1664.76,1665.77,1662.39,1662.81,1476.81
1782254700000,1662.81,1665.39,1662.2,1663.9,1106.15
1782255600000,1663.9,1663.9,1659.41,1660.61,4769.93
1782256500000,1660.61,1665.21,1660.61,1663.35,3508.7
1782257400000,1663.35,1664.22,1661.17,1661.96,2805.13
1782258300000,1661.96,1668.59,1661.44,1666.41,2858.11
1782259200000,1666.41,1672.5,1666.01,1670.3,4999.07
1782260100000,1670.3,1671.65,1666.67,1668.03,4852.25
1782261000000,1668.03,1674.15,1666.67,1669.96,7326.77
1782261900000,1669.96,1672.7,1668.26,1670.59,2331.52
1782262800000,1670.59,1671.77,1665.47,1671.52,3061.69
1782263700000,1671.52,1672.54,1665.06,1670.8,12546.15
1782264600000,1670.8,1679.92,1670.79,1673.88,20522.14
1782265500000,1673.88,1676.64,1671.31,1671.94,7653.22
1782266400000,1671.94,1672.99,1668.02,1670.89,8464.82
1782267300000,1670.89,1670.89,1664.08,1666.87,7258.27
1782268200000,1666.87,1668.89,1662.58,1667.21,6676.73
1782269100000,1667.21,1667.5,1662.84,1663.09,6036.03
1782270000000,1663.09,1665.28,1661.36,1663.05,5172.04
1782270900000,1663.05,1663.53,1657.05,1663.52,6837.02
1782271800000,1663.52,1668.43,1663.1,1667.34,4384.59
1782272700000,1667.34,1669.28,1665.14,1665.86,3480.19
1782273600000,1665.86,1666.77,1663.24,1664.12,2366.91
1782274500000,1664.12,1665.84,1657.33,1659.01,3494.31
1782275400000,1659.01,1665.27,1658.8,1663.8,2642.94
1782276300000,1663.8,1670.23,1663.8,1668.05,6469.08
1782277200000,1668.05,1671,1667,1668.64,7307.62
1782278100000,1668.64,1672.76,1668.57,1672.67,5543.06
1782279000000,1672.67,1679,1671.63,1674.82,11409.3
1782279900000,1674.82,1676,1671.74,1673.65,2941.48
1782280800000,1673.65,1674.34,1669.33,1672.93,4686
1782281700000,1672.93,1675.91,1671.67,1674.4,2962.18
1782282600000,1674.4,1676.23,1673.6,1673.6,2128.9
1782283500000,1673.6,1675.52,1671.83,1674.06,1472.51
1782284400000,1674.06,1678,1672.13,1677.25,5210.1
1782285300000,1677.25,1677.25,1672.15,1672.41,2891.76
1782286200000,1672.41,1675.04,1670.06,1671.66,5274.2
1782287100000,1671.66,1673.17,1670.16,1672.33,1880.22
1782288000000,1672.33,1673.72,1668.26,1670.28,3462.13
1782288900000,1670.28,1671.92,1668.47,1669.64,4791.01
1782289800000,1669.64,1674.47,1669.16,1673.4,2801.84
1782290700000,1673.4,1673.77,1671.73,1672.6,814.73
1782291600000,1672.6,1672.6,1667.07,1669.89,4245.48
1782292500000,1669.89,1670.09,1666.56,1666.89,5067.62
1782293400000,1666.89,1667.05,1664.63,1666.07,5593.67
1782294300000,1666.07,1667.72,1665,1666.65,5227.27
1782295200000,1666.65,1666.77,1663,1665.53,8318.42
1782296100000,1665.53,1667.17,1662.02,1664.83,9945.95
1782297000000,1664.83,1667.38,1663.4,1666.16,4061.09
1782297900000,1666.16,1666.17,1662.35,1662.94,1930.96
1782298800000,1662.94,1664.44,1658,1658.12,10918.01
1782299700000,1658.12,1659.8,1654.91,1657.27,8012.51
1782300600000,1657.27,1669.19,1657.27,1668.96,9756.39
1782301500000,1668.96,1692.91,1667.85,1678.66,60639.84
1782302400000,1678.66,1680.53,1675.01,1677.5,6837.99
1782303300000,1677.5,1679.37,1674.88,1676.01,18415.81
1782304200000,1676.01,1677.6,1673.1,1675.56,5748.05
1782305100000,1675.56,1675.92,1669.74,1670.79,6854.59
1782306000000,1670.79,1671.59,1651.76,1654.62,34505.82
1782306900000,1654.62,1660.13,1642.02,1651.26,35232.91
1782307800000,1651.26,1663.38,1643.53,1647.4,44143.24
1782308700000,1647.4,1654.61,1640.26,1644.53,32132.57
1782309600000,1644.53,1650.31,1637,1645.2,32871.07
1782310500000,1645.2,1650.54,1637.3,1648.58,19242.53
1782311400000,1648.58,1656.67,1645.08,1649.9,13934.59
1782312300000,1649.9,1652.76,1642.1,1646.73,9642
1782313200000,1646.73,1647.28,1636.24,1639.24,16683.09
1782314100000,1639.24,1650.75,1637.85,1643.95,20509.93
1782315000000,1643.95,1643.98,1622.92,1626.51,67679.78
1782315900000,1626.51,1626.95,1615.88,1617.33,39764.22
1782316800000,1617.33,1627.65,1615.15,1626.81,21479.27
1782317700000,1626.81,1635.29,1624.46,1631.14,27006.46
1782318600000,1631.14,1631.61,1619.08,1622.47,18725.31
1782319500000,1622.47,1622.47,1584.47,1589.15,170106.24
1782320400000,1589.15,1596.85,1581.8,1587.44,39872.1
1782321300000,1587.44,1589.49,1566.54,1575.64,58442.26
1782322200000,1575.64,1578.04,1563.03,1566.48,29162.87
1782323100000,1566.48,1568.57,1551.09,1559.44,62763.59
1782324000000,1559.44,1568.64,1555.37,1567.33,24391.09
1782324900000,1567.33,1584.31,1567.02,1577.35,43290.46
1782325800000,1577.35,1579.41,1573.52,1575.17,16853.37
1782326700000,1575.17,1575.5,1567.25,1571.44,12640.51
1782327600000,1571.44,1576.16,1566.24,1570.59,11731.5
1782328500000,1570.59,1576.32,1567.57,1575.17,9166.03
1782329400000,1575.17,1582.64,1571.31,1578.93,13329.46
1782330300000,1578.93,1584.66,1577.59,1583.84,11414.23
1782331200000,1583.84,1611.84,1579.08,1609.56,49802.17
1782332100000,1609.56,1616.56,1607.12,1612.53,16594.96
1782333000000,1612.53,1616.84,1607.82,1611.49,15420.15
1782333900000,1611.49,1621.48,1610.64,1612.96,18322.17
1782334800000,1612.96,1614.57,1605,1608.73,18258.34
1782335700000,1608.73,1611.44,1607.44,1610.92,2952.86
1782336600000,1610.92,1619.22,1609.37,1617.59,4731.93
1782337500000,1617.59,1621.31,1614.18,1620.39,4767.58
1782338400000,1620.39,1629.83,1618.76,1618.81,19610.33
1782339300000,1618.81,1618.9,1614.21,1614.87,15081.34
1782340200000,1614.87,1617.2,1613.69,1616.68,2389.16
1782341100000,1616.68,1616.68,1612.61,1614.7,3471.1
1782342000000,1614.7,1616.79,1612.82,1616.05,2278.5
1782342900000,1616.05,1621.79,1614.56,1618.65,7937.18
1782343800000,1618.65,1621.35,1617.2,1619,4224.81
1782344700000,1619,1622.7,1617.2,1621.62,7711.05
1782345600000,1621.62,1625.87,1621.19,1624.63,6381.2
1782346500000,1624.63,1624.84,1619.5,1619.76,5217.36
1782347400000,1619.76,1622.26,1618.12,1618.3,13390
1782348300000,1618.3,1621.25,1615.74,1618.37,6366.65
1782349200000,1618.37,1621.29,1614.58,1616.49,4806.88
1782350100000,1616.49,1621.52,1613.53,1618.26,7510.77
1782351000000,1618.26,1621.59,1617.81,1618.73,2533.86
1782351900000,1618.73,1623.5,1617.81,1620.04,2282.57
1782352800000,1620.04,1620.92,1614.15,1615.44,3383.81
1782353700000,1615.44,1619.79,1614.33,1619.67,2572.68
1782354600000,1619.67,1619.67,1614.55,1615.46,1710.25
1782355500000,1615.46,1620.69,1615.06,1620.25,2456.34
1782356400000,1620.25,1623.5,1617.09,1617.93,4113.63
1782357300000,1617.93,1620.33,1615.38,1618.32,3067.15
1782358200000,1618.32,1619.93,1615.72,1616.09,2664.33
1782359100000,1616.09,1619.9,1615.93,1618.9,2203.35
1782360000000,1618.9,1619.79,1616.89,1617.31,1532.14
1782360900000,1617.31,1620.3,1616.66,1618.54,1146.26
1782361800000,1618.54,1622.07,1616.41,1622.07,3490.3
1782362700000,1622.07,1635.99,1621.53,1634.03,41929.95
1782363600000,1634.03,1649.24,1632.59,1644.58,49246.28
1782364500000,1644.58,1650.81,1640.67,1646.89,23606.02
1782365400000,1646.89,1652.36,1643.67,1643.8,16146.44
1782366300000,1643.8,1648,1643.11,1644.93,4658.12
1782367200000,1644.93,1648.91,1643.17,1646.39,4352.61
1782368100000,1646.39,1649.85,1645.11,1647.52,4133.51
1782369000000,1647.52,1654.89,1646.31,1653.64,12767.03
1782369900000,1653.64,1660,1651.15,1652.96,20088.79
1782370800000,1652.96,1655,1650.14,1652.13,9993.83
1782371700000,1652.13,1655.72,1651.76,1654.01,6120.72
1782372600000,1654.01,1658.89,1653.84,1657.01,8228.49
1782373500000,1657.01,1657.97,1653.75,1656.36,5114.8
1782374400000,1656.36,1658.41,1653.36,1653.51,5746.47
1782375300000,1653.51,1653.85,1649.9,1652.65,8037.07
1782376200000,1652.65,1654.4,1650.71,1652.41,11154.05
1782377100000,1652.41,1653.6,1650.61,1652.06,8300.71
1782378000000,1652.06,1654.53,1651.5,1653.01,4134.42
1782378900000,1653.01,1653.59,1646.37,1647.45,9947.34
1782379800000,1647.45,1649.64,1646.5,1647.65,5588.62
1782380700000,1647.65,1648.5,1645.46,1647.99,4328.17
1782381600000,1647.99,1648.69,1645.92,1647.63,1610.93
1782382500000,1647.63,1649,1641.7,1642.69,10829.74
1782383400000,1642.69,1643.39,1635.91,1635.91,10899.13
1782384300000,1635.91,1637.91,1632.47,1635.85,13812.43
1782385200000,1635.85,1637.8,1626.81,1636.13,30983.75
1782386100000,1636.13,1638.48,1629.25,1630,12070.88
1782387000000,1630,1634.4,1630,1631.37,4699.56
1782387900000,1631.37,1632.7,1627.36,1632.48,9749.58
1782388800000,1632.48,1633.95,1628.73,1630.79,7145.68
1782389700000,1630.79,1631.28,1623.69,1626.17,14749.24
1782390600000,1626.17,1650,1626.17,1636.17,56582.84
1782391500000,1636.17,1639.65,1633.2,1634.75,8565.48
1782392400000,1634.75,1640.07,1633.61,1637.92,15421.26
1782393300000,1637.92,1638.5,1632.5,1633.61,4656.51
1782394200000,1633.61,1636.89,1589.59,1591.79,98362.03
1782395100000,1591.79,1600,1531.32,1537.01,214941.72
1782396000000,1537.01,1574.59,1536.99,1564.03,114849.53
1782396900000,1564.03,1570.35,1549.17,1562.72,48849.21
1782397800000,1562.72,1592.46,1558.63,1566.56,67465.81
1782398700000,1566.56,1578.1,1562.7,1567.58,24952.52
1782399600000,1567.58,1567.98,1551.07,1553.31,27143.8
1782400500000,1553.31,1565.68,1543.07,1560.86,39767.05
1782401400000,1560.86,1566.8,1554.35,1559.14,10498.98
1782402300000,1559.14,1572.95,1558.46,1569.52,20313.08
1782403200000,1569.52,1586.99,1567.15,1576.89,30713.78
1782404100000,1576.89,1577.89,1572.22,1575.72,9197.04
1782405000000,1575.72,1575.72,1560.82,1562.55,22340.27
1782405900000,1562.55,1563.36,1557.12,1561.11,18240.39
1782406800000,1561.11,1568.92,1556.35,1567.41,12702.96
1782407700000,1567.41,1574.82,1563.94,1569.51,11963.29
1782408600000,1569.51,1574,1567.81,1569,4296.34
1782409500000,1569,1574.42,1565.67,1574.23,8913.07
1782410400000,1574.23,1576.89,1563.52,1564.29,14943.45
1782411300000,1564.29,1576.44,1563.6,1572.81,11380.47
1782412200000,1572.81,1572.88,1558.7,1562.98,15520.19
1782413100000,1562.98,1569.57,1560.24,1566.99,4267.27
1782414000000,1566.99,1567.2,1556.07,1558.35,10829.08
1782414900000,1558.35,1560.23,1553.41,1559.11,13101.05
1782415800000,1559.11,1561.91,1557.03,1557.67,10255.17
1782416700000,1557.67,1560.11,1554.35,1558.68,5080.45
1782417600000,1558.68,1569.65,1558.68,1566.17,13343.14
1782418500000,1566.17,1569.95,1565.78,1566.61,2506.83
1782419400000,1566.61,1567.66,1559.75,1562.71,3702.21
1782420300000,1562.71,1562.71,1555.59,1559.57,4425.97
1782421200000,1559.57,1564.35,1559.27,1563.8,5204.26
1782422100000,1563.8,1567.98,1562.7,1567.47,1601.21
1782423000000,1567.47,1577.59,1566.93,1574.19,4949.23
1782423900000,1574.19,1582.86,1572.08,1580.06,6123.34
1782424800000,1580.06,1583.29,1569.01,1569.33,11024.03
1782425700000,1569.33,1573,1565.61,1568.07,4039.87
1782426600000,1568.07,1572.1,1567.35,1570.2,3067.81
1782427500000,1570.2,1572.71,1567.25,1569.49,2373.47
1782428400000,1569.49,1572.47,1566.8,1571.7,2930.25
1782429300000,1571.7,1578.37,1571.37,1576.71,5739.75
1782430200000,1576.71,1578.99,1569.91,1571.35,5352.29
1782431100000,1571.35,1571.35,1563.41,1567.03,5685.81
1782432000000,1567.03,1570.99,1566.68,1570.55,3884.27
1782432900000,1570.55,1570.71,1565.15,1568.12,3148.82
1782433800000,1568.12,1570.71,1565.54,1568.3,8286.17
1782434700000,1568.3,1568.95,1562.71,1563.9,5237.27
1782435600000,1563.9,1567.89,1558.25,1564.16,10475.87
1782436500000,1564.16,1566.66,1556.62,1556.88,6951.9
1782437400000,1556.88,1560.78,1554.55,1558.02,20285.3
1782438300000,1558.02,1561.8,1557.01,1559.34,4354.53
1782439200000,1559.34,1560.25,1519.25,1521.44,86752.55
1782440100000,1521.44,1537.79,1518.31,1536.75,60248.67
1782441000000,1536.75,1541.23,1529.61,1535.09,16825.19
1782441900000,1535.09,1535.09,1521.6,1523.87,16525.68
1782442800000,1523.87,1533.52,1510.89,1531.82,47348.06
1782443700000,1531.82,1535.66,1524.61,1531.7,13906.82
1782444600000,1531.7,1539.85,1528.34,1539.29,16961.71
1782445500000,1539.29,1563.15,1538.89,1557.05,43241.05
1782446400000,1557.05,1558.15,1551.93,1554.16,19090.11
1782447300000,1554.16,1560,1549.37,1551.99,12687.13
1782448200000,1551.99,1553.73,1548.23,1551.83,5497.29
1782449100000,1551.83,1552.39,1546.41,1548.79,2913.7
1782450000000,1548.79,1552.24,1547.51,1552.23,5948.73
1782450900000,1552.23,1558.51,1549.63,1556.25,6063.97
1782451800000,1556.25,1558.42,1553.6,1554.46,4527.18
1782452700000,1554.46,1556.42,1551.17,1554.96,1970.06
1782453600000,1554.96,1554.99,1542.56,1545.34,15622.89
1782454500000,1545.34,1560.54,1544.91,1559.52,15747.35
1782455400000,1559.52,1572.23,1557.01,1571.91,21467.74
1782456300000,1571.91,1573.84,1567.15,1570.3,11467.21
1782457200000,1570.3,1577.83,1569.82,1577.01,11267.32
1782458100000,1577.01,1580.69,1575.17,1577.76,12321.4
1782459000000,1577.76,1585.6,1577.21,1578.45,24417.78
1782459900000,1578.45,1582.17,1578.45,1579.81,5919.37
1782460800000,1579.81,1581.48,1570.46,1572.69,25312.19
1782461700000,1572.69,1574.59,1569.31,1572.22,9702.25
1782462600000,1572.22,1572.93,1565.69,1566.55,7741.76
1782463500000,1566.55,1568.82,1562.67,1565.78,8207.28
1782464400000,1565.78,1566.39,1559.49,1562.71,9354.49
1782465300000,1562.71,1562.79,1559.23,1561.95,5510.01
1782466200000,1561.95,1566.53,1560.01,1562.74,7503.45
1782467100000,1562.74,1563.71,1548.5,1552.05,29037.06
1782468000000,1552.05,1554.34,1548.5,1552.01,13615.83
1782468900000,1552.01,1555.22,1550.62,1552.32,5977.78
1782469800000,1552.32,1554.13,1544.01,1549.04,12465.41
1782470700000,1549.04,1549.97,1544.58,1547.52,8531.29
1782471600000,1547.52,1554.88,1545.88,1550.79,9700.37
1782472500000,1550.79,1550.85,1544.31,1545.68,10861.67
1782473400000,1545.68,1549.3,1545,1546.42,5611.41
1782474300000,1546.42,1547.75,1540.03,1544.45,16482.87
1782475200000,1544.45,1548.73,1541.81,1545.08,14211.72
1782476100000,1545.08,1551.48,1544.74,1551.09,13630.48
1782477000000,1551.09,1560.17,1526.51,1530.09,51976.62
1782477900000,1530.09,1543.8,1527.2,1535.59,30560.32
1782478800000,1535.59,1541.33,1529.74,1534.33,18308.82
1782479700000,1534.33,1535.81,1520.38,1533.12,29490.22
1782480600000,1533.12,1548.26,1528.11,1546.06,37718.01
1782481500000,1546.06,1570.86,1541.35,1568.78,49834.62
1782482400000,1568.78,1572.68,1558.41,1565.2,38366.58
1782483300000,1565.2,1574.77,1560.21,1569.28,19579.11
1782484200000,1569.28,1570.95,1554.06,1557.1,21525.2
1782485100000,1557.1,1569.72,1552.36,1559.32,18719.81
1782486000000,1559.32,1576,1558.68,1566.27,22741.56
1782486900000,1566.27,1586.96,1564.51,1579.05,30444.33
1782487800000,1579.05,1587.47,1577.78,1584.64,16401.72
1782488700000,1584.64,1585.19,1571.79,1579.24,25472.78
1782489600000,1579.24,1594.73,1577.77,1578.88,23178.99
1782490500000,1578.88,1581.63,1571.5,1575.2,19623.54
1782491400000,1575.2,1587.55,1575.2,1578.99,9746.73
1782492300000,1578.99,1581.57,1575.65,1577.06,6059.74
1782493200000,1577.06,1586.9,1575.69,1585.27,6144.72
1782494100000,1585.27,1588.4,1581.41,1585.63,7046.52
1782495000000,1585.63,1587.44,1578.77,1583.05,6084.41
1782495900000,1583.05,1585.63,1579.6,1581.05,3669.79
1782496800000,1581.05,1584.84,1580.53,1581.76,2381.49
1782497700000,1581.76,1582.64,1573.75,1574.85,6539.97
1782498600000,1574.85,1577.14,1573.06,1576.17,5078.63
1782499500000,1576.17,1576.22,1569.48,1572.46,6087.09
1782500400000,1572.46,1583.66,1569.45,1580.44,10931.17
1782501300000,1580.44,1580.79,1577.04,1577.84,3791.54
1782502200000,1577.84,1582.74,1576.68,1578.24,3154.6
1782503100000,1578.24,1579.8,1572.88,1573.75,8146.31
1782504000000,1573.75,1582.96,1573.68,1574.88,14669.9
1782504900000,1574.88,1578.83,1574.77,1578.11,1606.96
1782505800000,1578.11,1578.29,1567.29,1567.7,9455.42
1782506700000,1567.7,1572.2,1566.94,1569.96,8430.45
1782507600000,1569.96,1572.98,1567.44,1572.69,2629.34
1782508500000,1572.69,1574.27,1571.06,1573.77,1337.01
1782509400000,1573.77,1577.55,1572.33,1577.26,5552.36
1782510300000,1577.26,1578.63,1574.09,1574.43,1138.76
1782511200000,1574.43,1575,1568.29,1574.49,4686.97
1782512100000,1574.49,1575.52,1572.28,1572.29,1001.33
1782513000000,1572.29,1576.38,1570.45,1575.33,2533.69
1782513900000,1575.33,1578.64,1574.12,1576.99,1968.86
1782514800000,1576.99,1579.52,1576.01,1578.12,2633.78
1782515700000,1578.12,1578.39,1574.65,1574.66,3014.7
1782516600000,1574.66,1580.18,1573.34,1578.96,2817.88
1782517500000,1578.96,1579.95,1576.59,1577.84,1418.31
1782518400000,1577.84,1581.4,1577.54,1578.92,4911.58
1782519300000,1578.92,1579.48,1575.94,1576.74,2879.82
1782520200000,1576.74,1576.74,1570.51,1572.96,6700.07
1782521100000,1572.96,1577.09,1571.77,1576,4143.5
1782522000000,1576,1576.36,1573.15,1574.21,506.43
1782522900000,1574.21,1576.48,1573.26,1576.48,647.38
1782523800000,1576.48,1577.16,1574.15,1575.38,788.41
1782524700000,1575.38,1576.47,1574.47,1575.04,538.53
1782525600000,1575.04,1581,1573.81,1580.51,2226.63
1782526500000,1580.51,1586.23,1579.45,1584.04,7404.76
1782527400000,1584.04,1584.75,1580.88,1583.13,4165.35
1782528300000,1583.13,1585.34,1582,1582.38,4382.46
1782529200000,1582.38,1584.61,1577.72,1578.21,4017.89
1782530100000,1578.21,1583.8,1578,1581.6,2274.7
1782531000000,1581.6,1583.04,1579.83,1580.08,2606.77
1782531900000,1580.08,1581.31,1578.3,1579.76,2240.35
1782532800000,1579.76,1585.04,1579.76,1583.1,1983.47
1782533700000,1583.1,1584.55,1581.68,1582,3370.34
1782534600000,1582,1583.36,1580.5,1580.94,1454.47
1782535500000,1580.94,1581.41,1577.92,1578.79,1993.43
1782536400000,1578.79,1580.65,1577.04,1580.31,2813.56
1782537300000,1580.31,1580.31,1576.37,1576.75,2742.29
1782538200000,1576.75,1579.02,1576.33,1578.48,1272.51
1782539100000,1578.48,1580.3,1577.77,1577.85,2909.23
1782540000000,1577.85,1578.37,1574.3,1575.36,2824.33
1782540900000,1575.36,1578.82,1574.68,1578.08,1930.84
1782541800000,1578.08,1582.69,1578.01,1582.14,7469.07
1782542700000,1582.14,1583.84,1580.36,1581.98,2747.74
1782543600000,1581.98,1582.57,1579.84,1580.54,1971.35
1782544500000,1580.54,1582.99,1579.7,1582.25,2204
1782545400000,1582.25,1583.12,1581.12,1582.41,1347.83
1782546300000,1582.41,1585.7,1582.29,1584.75,3348.29
1782547200000,1584.75,1585.17,1582.6,1583,3291.29
1782548100000,1583,1583.97,1582.34,1582.88,2011.97
1782549000000,1582.88,1583.2,1581,1581,1835.53
1782549900000,1581,1584.84,1581,1583.4,2799.87
1782550800000,1583.4,1584.24,1579.32,1579.93,1995.17
1782551700000,1579.93,1580.62,1578.59,1580.01,1799.17
1782552600000,1580.01,1582.39,1580,1580.89,1594.55
1782553500000,1580.89,1582,1580.51,1581.94,1287.01
1782554400000,1581.94,1583.05,1581.18,1583.04,1687.53
1782555300000,1583.04,1583.81,1581.84,1582.26,2034.87
1782556200000,1582.26,1583.74,1581.26,1583.68,890.9
1782557100000,1583.68,1584.25,1582.14,1583.27,1863.98
1782558000000,1583.27,1584.36,1581.03,1583.13,1592.85
1782558900000,1583.13,1583.14,1578.52,1579.65,3393.34
1782559800000,1579.65,1580.86,1578.08,1580.35,2784.44
1782560700000,1580.35,1584,1580.34,1583.06,3489.44
1782561600000,1583.06,1583.32,1580.64,1581.85,1158.46
1782562500000,1581.85,1583.5,1581.74,1583.2,705.06
1782563400000,1583.2,1584.91,1580.5,1581.93,3380.86
1782564300000,1581.93,1585.5,1581.92,1585.06,4582.35
1782565200000,1585.06,1588,1584,1585.85,8041.34
1782566100000,1585.85,1587.78,1584.79,1586,6642.42
1782567000000,1586,1591.45,1585,1589.91,15139.18
1782567900000,1589.91,1592.74,1589.06,1591.43,11031.21
1782568800000,1591.43,1598,1588.76,1595.8,19302.57
1782569700000,1595.8,1595.8,1592.22,1593.51,7147.05
1782570600000,1593.51,1595.3,1591.35,1594.41,5220.42
1782571500000,1594.41,1595.87,1592.7,1593.79,3999.77
1782572400000,1593.79,1608.23,1593.11,1606.16,27268.67
1782573300000,1606.16,1606.19,1599.24,1601.76,11665.63
1782574200000,1601.76,1610.48,1601.09,1604.86,12538.06
1782575100000,1604.86,1605.65,1603.04,1604.8,3698.75
1782576000000,1604.8,1605.22,1602.19,1603.01,3066.75
1782576900000,1603.01,1603.02,1600.65,1602.32,4109.11
1782577800000,1602.32,1605.5,1601.23,1604.66,2445.44
1782578700000,1604.66,1607.19,1603.5,1606.15,2943.8
1782579600000,1606.15,1606.28,1587.52,1595.1,27988.14
1782580500000,1595.1,1597,1591.37,1594.01,4803.75
1782581400000,1594.01,1596.03,1590,1593.28,4903.03
1782582300000,1593.28,1594.5,1590.51,1590.51,3720.6
1782583200000,1590.51,1592.77,1588.11,1591.27,5502.07
1782584100000,1591.27,1592.91,1590,1591.81,1395.1
1782585000000,1591.81,1593.84,1591.57,1593.2,1121.72
1782585900000,1593.2,1593.96,1591.86,1593.14,1688.51
1782586800000,1593.14,1594.59,1592.74,1593.51,985.95
1782587700000,1593.51,1593.6,1576,1580.74,26161.75
1782588600000,1580.74,1580.84,1572.11,1577.4,14665.86
1782589500000,1577.4,1579.13,1576.01,1577.5,3179.14
1782590400000,1577.5,1581.85,1577.31,1580.93,5484.8
1782591300000,1580.93,1582.29,1579.51,1580.47,6593.24
1782592200000,1580.47,1581.4,1579.81,1579.99,1647.26
1782593100000,1579.99,1581.78,1579.32,1580.72,1909.31
1782594000000,1580.72,1583.99,1580.7,1583.54,3871.41
1782594900000,1583.54,1584,1580.18,1583.79,6037.17
1782595800000,1583.79,1584,1577,1577.82,7585.87
1782596700000,1577.82,1580.16,1573.25,1574.25,6003.93
1782597600000,1574.25,1575.63,1571.12,1573.65,8160.37
1782598500000,1573.65,1575,1561.63,1574.6,37574.7
1782599400000,1574.6,1578.37,1574.26,1575.41,8254.62
1782600300000,1575.41,1578.81,1575.01,1578.2,1631.16
1782601200000,1578.2,1580.85,1571.64,1572.27,8310.81
1782602100000,1572.27,1574.68,1569.58,1571.41,4609.78
1782603000000,1571.41,1574.51,1571.03,1574.43,4384.8
1782603900000,1574.43,1574.6,1572.52,1573.05,1130.44
1782604800000,1573.05,1575.77,1571.59,1575.21,2102.42
1782605700000,1575.21,1577.44,1574.95,1577,3858.55
1782606600000,1577,1577.2,1573.83,1575.67,3160.91
1782607500000,1575.67,1576.32,1572.77,1574.03,3551.6
1782608400000,1574.03,1574.53,1568.88,1571,7696.82
1782609300000,1571,1575.3,1570.62,1574.57,5410.48
1782610200000,1574.57,1576,1573.68,1575.43,2228.12
1782611100000,1575.43,1575.6,1573.85,1574.24,2236.03
1782612000000,1574.24,1578.36,1574.24,1577.68,2168.36
1782612900000,1577.68,1579.35,1567.73,1570.87,19009.93
1782613800000,1570.87,1571.88,1570,1570.99,3273.88
1782614700000,1570.99,1572.3,1569.77,1570.94,1626.21
1782615600000,1570.94,1575.43,1570.94,1574.68,5004.12
1782616500000,1574.68,1574.68,1572.49,1573.74,6034.62
1782617400000,1573.74,1574.3,1572.32,1572.72,2517.73
1782618300000,1572.72,1574.88,1572.09,1574.13,3607.95
1782619200000,1574.13,1574.38,1571.69,1573.13,4747.55
1782620100000,1573.13,1574.91,1573,1573.7,2954.33
1782621000000,1573.7,1575,1569.8,1574.71,13632.59
1782621900000,1574.71,1576.94,1573.12,1573.45,11763.67
1782622800000,1573.45,1573.73,1568.49,1571.36,3625.81
1782623700000,1571.36,1572.07,1563.63,1565.23,23267.69
1782624600000,1565.23,1569,1563.52,1568.14,12922.08
1782625500000,1568.14,1570.15,1567.61,1568.29,6302.63
1782626400000,1568.29,1569.9,1562.72,1562.79,5109.41
1782627300000,1562.79,1566,1561.87,1564.85,6889.39
1782628200000,1564.85,1567.55,1564.56,1566.57,3112.97
1782629100000,1566.57,1568.48,1565.84,1567.06,1637.75
1782630000000,1567.06,1573.29,1567.05,1572.13,8615.05
1782630900000,1572.13,1572.13,1570.45,1570.57,1574.36
1782631800000,1570.57,1575.45,1570.3,1574.46,7424.32
1782632700000,1574.46,1576.44,1574.06,1575.21,4665.27
1782633600000,1575.21,1578,1572.72,1573.87,6449.68
1782634500000,1573.87,1575.78,1573.28,1574.4,3104.19
1782635400000,1574.4,1584.87,1574.26,1581.3,26627.32
1782636300000,1581.3,1583.57,1580.41,1580.56,9052.63
1782637200000,1580.56,1585.59,1579.24,1581.91,8129.04
1782638100000,1581.91,1582.56,1580.31,1581.33,2097.34
1782639000000,1581.33,1583.77,1580.72,1582.86,1681.43
1782639900000,1582.86,1583.66,1577.61,1578.2,4383.08
1782640800000,1578.2,1580.79,1576.08,1580.16,4571.96
1782641700000,1580.16,1580.2,1571.4,1573.16,8626.95
1782642600000,1573.16,1575.57,1573.04,1574.91,2230.66
1782643500000,1574.91,1576.92,1574.9,1576.61,1281.6
1782644400000,1576.61,1580.67,1575,1575.81,4263.66
1782645300000,1575.81,1582.88,1575.2,1581.26,4219.98
1782646200000,1581.26,1581.77,1578.38,1580.77,2522.78
1782647100000,1580.77,1583.24,1579.66,1582.32,4897.64
1782648000000,1582.32,1583.23,1580.41,1580.88,2802.2
1782648900000,1580.88,1584.48,1577.38,1583.83,6177.38
1782649800000,1583.83,1588.37,1578.16,1579.58,8080.41
1782650700000,1579.58,1583.78,1579.58,1582.9,5421.32
1782651600000,1582.9,1582.97,1573.79,1579.63,10948.33
1782652500000,1579.63,1581.56,1577.43,1579.81,5224.67
1782653400000,1579.81,1582.53,1577.51,1581.77,7232.85
1782654300000,1581.77,1582.19,1578.35,1578.92,1617.91
1782655200000,1578.92,1581.88,1577.18,1581.37,3522.74
1782656100000,1581.37,1585.78,1579.14,1581.69,4781.14
1782657000000,1581.69,1583.8,1580.11,1582.48,2462.27
1782657900000,1582.48,1585.49,1579.96,1580.66,3072.49
1782658800000,1580.66,1584.03,1576.32,1582.87,10872
1782659700000,1582.87,1584.63,1579.84,1581.55,2078.57
1782660600000,1581.55,1583.94,1578.6,1581.01,2885.66
1782661500000,1581.01,1582.59,1576.27,1580.22,7196.61
1782662400000,1580.22,1581.16,1576.52,1577.85,3778.49
1782663300000,1577.85,1579.25,1572.66,1575.63,8470.17
1782664200000,1575.63,1576.31,1566.43,1567.27,22186.92
1782665100000,1567.27,1572.64,1565.69,1572.22,12567.78
1782666000000,1572.22,1576.8,1567.5,1570,6545.34
1782666900000,1570,1570.96,1566.25,1567.15,3611.69
1782667800000,1567.15,1570.41,1562.9,1568.67,10912.74
1782668700000,1568.67,1572.88,1567.79,1571.61,4680.07
1782669600000,1571.61,1574.71,1570.96,1572.79,2818.44
1782670500000,1572.79,1573.07,1568.71,1569.45,3330.33
1782671400000,1569.45,1572.28,1568.41,1570.42,2195.26
1782672300000,1570.42,1572.13,1568.41,1571.05,1487.38
1782673200000,1571.05,1571.33,1566.67,1568.95,3311.35
1782674100000,1568.95,1569.79,1566.7,1569.74,2002.86
1782675000000,1569.74,1574,1567,1567.49,3930.01
1782675900000,1567.49,1567.54,1555.48,1563.75,23396.61
1782676800000,1563.75,1573.02,1563.35,1572.11,6113.62
1782677700000,1572.11,1575.92,1571.31,1573.51,6045.61
1782678600000,1573.51,1574.11,1571.23,1571.83,4996.59
1782679500000,1571.83,1574.07,1571.09,1572.52,1584.16
1782680400000,1572.52,1572.52,1567.7,1569.86,2622.29
1782681300000,1569.86,1571.59,1568.65,1569.85,1776.63
1782682200000,1569.85,1573.31,1568.61,1569.17,4043.38
1782683100000,1569.17,1570.11,1558.1,1562.98,23825.98
1782684000000,1562.98,1581.65,1562.66,1570.83,30513.35
1782684900000,1570.83,1571.92,1558.66,1566.88,21511.66
1782685800000,1566.88,1569.55,1559.64,1560.24,9366.91
1782686700000,1560.24,1563.57,1546.4,1556.03,37999.29
1782687600000,1556.03,1564.5,1554.32,1560.75,16881.5
1782688500000,1560.75,1570.76,1559.77,1569.04,7061.5
1782689400000,1569.04,1579.32,1568.64,1574.84,13411.73
1782690300000,1574.84,1576.49,1570.67,1571.18,4357.72
1782691200000,1571.18,1573.5,1561.87,1569.25,23604.37
1782692100000,1569.25,1569.83,1558.25,1559.46,18547.29
1782693000000,1559.46,1563.99,1551.01,1563.01,22642.48
1782693900000,1563.01,1574.23,1556.31,1572.58,15244.87
1782694800000,1572.58,1573.67,1565.03,1566.25,4971.82
1782695700000,1566.25,1568.07,1559.73,1562.05,13770.32
1782696600000,1562.05,1573.25,1559.18,1571.52,14967.92
1782697500000,1571.52,1572.44,1567.59,1567.66,7867.97
1782698400000,1567.66,1569.92,1549.19,1554.84,17413.35
1782699300000,1554.84,1574.66,1554.4,1572.09,14680.14
1782700200000,1572.09,1577.78,1568.6,1575.69,23856.13
1782701100000,1575.69,1578.54,1574.81,1575.71,10842.33
1782702000000,1575.71,1587.68,1575.68,1582.95,32058.1
1782702900000,1582.95,1588.75,1582.21,1586.28,12402.02
1782703800000,1586.28,1586.99,1576.32,1577.35,11193.4
1782704700000,1577.35,1584.55,1576.75,1583.93,7214.01
1782705600000,1583.93,1584.3,1578.89,1579.53,8730.73
1782706500000,1579.53,1582.81,1578,1581.86,2974.62
1782707400000,1581.86,1582.23,1574.33,1576.49,8286.04
1782708300000,1576.49,1577.5,1573.6,1574.91,3122.33
1782709200000,1574.91,1575.94,1561.39,1566.17,18045.45
1782710100000,1566.17,1571.42,1566.17,1569.65,6778.96
1782711000000,1569.65,1578.86,1568.14,1577.41,4833.23
1782711900000,1577.41,1582.41,1576.71,1582.41,9780.85
1782712800000,1582.41,1586.49,1582.24,1584.48,13938.12
1782713700000,1584.48,1588.31,1582.02,1582.21,15789.65
1782714600000,1582.21,1583.66,1578.55,1580.34,10732.5
1782715500000,1580.34,1582.91,1580,1582.13,3949.93
1782716400000,1582.13,1582.29,1576.88,1580.6,7891.21
1782717300000,1580.6,1584.1,1578.41,1580.41,4924.69
1782718200000,1580.41,1581.62,1578.88,1579.61,2162.97
1782719100000,1579.61,1582.28,1579.16,1579.52,3027.28
1782720000000,1579.52,1581.7,1576.11,1579.02,2868.75
1782720900000,1579.02,1581.55,1572.01,1572.8,8292.28
1782721800000,1572.8,1576,1569.5,1573.38,6895.09
1782722700000,1573.38,1576.16,1571.57,1572.47,3689.71
1782723600000,1572.47,1574.44,1571.67,1574.21,1766.26
1782724500000,1574.21,1580,1569.77,1576.12,6911.54
1782725400000,1576.12,1577.65,1572.61,1573.91,2134.73
1782726300000,1573.91,1576.56,1572.74,1575.59,3045.25
1782727200000,1575.59,1586.44,1575.59,1583.2,11934.16
1782728100000,1583.2,1583.53,1579.81,1580.95,3530.38
1782729000000,1580.95,1581.17,1577.6,1578.44,2624.54
1782729900000,1578.44,1579,1576.55,1577.8,3069.9
1782730800000,1577.8,1578.28,1572.3,1572.42,3698.5
1782731700000,1572.42,1573.52,1569.29,1573.27,6830.56
1782732600000,1573.27,1581.99,1569.68,1571.38,10624.32
1782733500000,1571.38,1574.94,1569.74,1574.19,2763.01
1782734400000,1574.19,1596.24,1565.78,1593.74,43279.32
1782735300000,1593.74,1596,1586.93,1589.73,11948.03
1782736200000,1589.73,1590.35,1571.02,1574.85,21390.98
1782737100000,1574.85,1578.96,1569.66,1575.31,9987.68
1782738000000,1575.31,1588.52,1575.31,1584.38,8429.3
1782738900000,1584.38,1585.87,1574.39,1574.39,7785.78
1782739800000,1574.39,1584.23,1565.5,1567.06,31644.79
1782740700000,1567.06,1574.65,1564,1572.25,28392.81
1782741600000,1572.25,1573,1558.91,1559.62,18186.3
1782742500000,1559.62,1573.3,1556.04,1570.87,19974.83
1782743400000,1570.87,1578.71,1566.53,1566.81,13044.74
1782744300000,1566.81,1575,1563.73,1572.35,8407.46
1782745200000,1572.35,1572.67,1560.7,1565.28,12601.19
1782746100000,1565.28,1573.59,1562.64,1573.46,6558.15
1782747000000,1573.46,1581.88,1572.52,1578.38,16454.79
1782747900000,1578.38,1585,1575.52,1579.37,24607.25
1782748800000,1579.37,1583.29,1576.35,1577.04,4379.32
1782749700000,1577.04,1579.47,1573.08,1573.92,7926.08
1782750600000,1573.92,1586.17,1573.92,1584.47,13862.58
1782751500000,1584.47,1587,1581.46,1584.34,8502.9
1782752400000,1584.34,1618.46,1584.34,1615.76,46646.46
1782753300000,1615.76,1631.54,1615.63,1626.01,72338.66
1782754200000,1626.01,1633.61,1621.46,1629.8,25670.47
1782755100000,1629.8,1636.85,1626.69,1627.29,17454.66
1782756000000,1627.29,1628,1623.26,1627.6,6019.11
1782756900000,1627.6,1627.9,1617.51,1618.24,8064.16
1782757800000,1618.24,1623.34,1617.74,1622.99,5569.05
1782758700000,1622.99,1623.33,1619.16,1619.99,5343.07
1782759600000,1619.99,1620.5,1615.25,1617.72,5687.77
1782760500000,1617.72,1626.49,1616.6,1625,6139.06
1782761400000,1625,1625.42,1620.8,1623.7,2111.9
1782762300000,1623.7,1626.75,1623.1,1624.79,4748.9
1782763200000,1624.79,1625.89,1621.3,1621.76,2772.17
1782764100000,1621.76,1624.57,1620.35,1621.87,2322.58
1782765000000,1621.87,1624.79,1620.97,1621.46,3756.27
1782765900000,1621.46,1621.46,1616.51,1616.92,4343.21
1782766800000,1616.92,1620.68,1610.87,1618.67,12697.83
1782767700000,1618.67,1619,1614,1615.46,2202.2
1782768600000,1615.46,1621.2,1615.46,1620.01,1693.62
1782769500000,1620.01,1622.5,1618.55,1619.39,1970.38
1782770400000,1619.39,1620,1616.66,1618.52,1591.48
1782771300000,1618.52,1621.2,1616.48,1617.14,1829.54
1782772200000,1617.14,1617.68,1612.81,1614.85,3668.82
1782773100000,1614.85,1615.9,1611.9,1612.3,7140.11
1782774000000,1612.3,1613.29,1611.01,1611.4,1690.18
1782774900000,1611.4,1612,1607,1607.84,7533.87
1782775800000,1607.84,1611.76,1607.03,1610.61,2761.41
1782776700000,1610.61,1612.78,1610.1,1612.31,1595.6
1782777600000,1612.31,1613.76,1609.28,1611.59,5590.68
1782778500000,1611.59,1612.54,1601.59,1602.58,7484.69
1782779400000,1602.58,1602.63,1591.89,1593.92,19485.97
1782780300000,1593.92,1597.69,1592.76,1593.81,7727.72
1782781200000,1593.81,1595.2,1589.81,1591.72,7524.54
1782782100000,1591.72,1599.32,1590.88,1598.73,4583.36
1782783000000,1598.73,1598.81,1588.11,1590.5,12335.06
1782783900000,1590.5,1593.61,1590.5,1593.29,2453.64
1782784800000,1593.29,1593.41,1586.56,1587.6,8249.54
1782785700000,1587.6,1591.69,1585.66,1591.01,5327.73
1782786600000,1591.01,1592.65,1589,1591.47,5504.06
1782787500000,1591.47,1593.27,1589.53,1590.19,2345.62
1782788400000,1590.19,1593.24,1589.8,1591.56,2176.41
1782789300000,1591.56,1595.52,1590.1,1591.47,6357.27
1782790200000,1591.47,1591.69,1588,1589.9,3385.61
1782791100000,1589.9,1590,1585.64,1586.49,3815.62
1782792000000,1586.49,1588,1579.04,1587.37,17168.27
1782792900000,1587.37,1587.56,1582.69,1586.93,6778.5
1782793800000,1586.93,1590.44,1586.93,1588.48,6174.23
1782794700000,1588.48,1589.14,1586.24,1587.13,3064.69
1782795600000,1587.13,1589.7,1586.87,1588.81,5967.2
1782796500000,1588.81,1588.81,1584.56,1585.01,3019.85
1782797400000,1585.01,1590.31,1584.31,1588.7,9023
1782798300000,1588.7,1591.36,1588.37,1590.78,4050.9
1782799200000,1590.78,1591.37,1588.86,1589.94,2550.46
1782800100000,1589.94,1593.77,1588.1,1593.41,2748.39
1782801000000,1593.41,1593.64,1591,1592.06,1632.92
1782801900000,1592.06,1593.99,1591.51,1592.98,1658
1782802800000,1592.98,1595.41,1589.25,1591.19,4666.65
1782803700000,1591.19,1592.13,1589.52,1590.44,2736.21
1782804600000,1590.44,1593.48,1590.43,1590.94,2176.18
1782805500000,1590.94,1593.03,1590.43,1591.54,1726.4
1782806400000,1591.54,1593.49,1588.34,1588.63,3133.7
1782807300000,1588.63,1589.79,1586,1588.55,2651.33
1782808200000,1588.55,1589,1578.23,1582.3,16861.69
1782809100000,1582.3,1584.39,1578.37,1583.17,7849.68
1782810000000,1583.17,1586.41,1581.8,1584.19,4275.32
1782810900000,1584.19,1584.84,1581.48,1583.01,1424.45
1782811800000,1583.01,1584.94,1580.74,1584.03,1687.72
1782812700000,1584.03,1586.38,1583.52,1584.85,1843.6
1782813600000,1584.85,1586.24,1582.19,1584.47,2505.28
1782814500000,1584.47,1585.43,1582.18,1583.12,1776.85
1782815400000,1583.12,1584.01,1581.48,1583.85,1110.15
1782816300000,1583.85,1586.28,1582.45,1583.85,8451.26
1782817200000,1583.85,1585.6,1583.19,1584.3,1164.23
1782818100000,1584.3,1584.68,1577.13,1578.26,9421.36
1782819000000,1578.26,1580.56,1575.33,1580.36,9631.61
1782819900000,1580.36,1582.91,1576.33,1577.93,7040.26
1782820800000,1577.93,1578.03,1571.87,1572.36,16847.3
1782821700000,1572.36,1573.3,1562.55,1564.52,33806.74
1782822600000,1564.52,1565.39,1561.02,1563.57,11116.15
1782823500000,1563.57,1564.41,1551,1552.08,34355.44
1782824400000,1552.08,1561.74,1550.2,1558.4,34767.56
1782825300000,1558.4,1562.03,1558.18,1559.96,8045.75
1782826200000,1559.96,1566.95,1549.97,1559.28,35553.85
1782827100000,1559.28,1567.03,1555.6,1566.78,13433.39
1782828000000,1566.78,1577.66,1564.41,1571.38,32215.16
1782828900000,1571.38,1574.73,1568.7,1573.26,8849.31
1782829800000,1573.26,1575,1562.35,1571.76,12699.44
1782830700000,1571.76,1571.76,1560.6,1562.77,15343.86
1782831600000,1562.77,1566.73,1556.61,1564.96,15606.56
1782832500000,1564.96,1567.97,1559.81,1565.16,13645.62
1782833400000,1565.16,1566.62,1561.98,1565.12,4850.72
1782834300000,1565.12,1576.48,1563.58,1564.59,13319.94
1782835200000,1564.59,1571.71,1563.92,1565.91,7432.81
1782836100000,1565.91,1567.15,1561.36,1563.06,4798.28
1782837000000,1563.06,1569.7,1561.37,1565.9,6568.54
1782837900000,1565.9,1574.43,1565.7,1571.73,6166.98
1782838800000,1571.73,1576.44,1569.44,1569.69,8239.25
1782839700000,1569.69,1572.87,1569.47,1570.48,2114.88
1782840600000,1570.48,1572.34,1568.62,1569.86,1855.88
1782841500000,1569.86,1571.61,1568.01,1570.28,2318.03
1782842400000,1570.28,1573.29,1568.86,1572.49,3528.34
1782843300000,1572.49,1581.36,1571.24,1576.12,11297
1782844200000,1576.12,1576.88,1572.61,1574.02,4469.62
1782845100000,1574.02,1579.86,1573.91,1578.45,3132.7
1782846000000,1578.45,1580.7,1576.78,1577.83,3602.9
1782846900000,1577.83,1578.21,1574.81,1577.24,1330.2
1782847800000,1577.24,1581.36,1576.47,1579.14,3064.87
1782848700000,1579.14,1580.32,1576.49,1579.71,3142.06
1782849600000,1579.71,1582.36,1577.19,1580.96,4266.28
1782850500000,1580.96,1580.96,1574.8,1576.61,1899.63
1782851400000,1576.61,1576.61,1573.34,1573.46,3593.3
1782852300000,1573.46,1577.99,1572.68,1575.34,6858.89
1782853200000,1575.34,1576.6,1570.66,1572.01,9018.86
1782854100000,1572.01,1573.24,1569.18,1570.86,4001.07
1782855000000,1570.86,1572.64,1569.6,1570.14,2091.19
1782855900000,1570.14,1571.38,1569.35,1571.02,1136.17
1782856800000,1571.02,1574.47,1570,1571.9,2705.86
1782857700000,1571.9,1574.61,1570,1570.4,1816.85
1782858600000,1570.4,1570.4,1566.3,1567.88,12145.74
1782859500000,1567.88,1568.88,1566.3,1566.92,1927.63
1782860400000,1566.92,1568.99,1565.31,1568.42,4123.82
1782861300000,1568.42,1570.46,1567.73,1569.43,9297.86
1782862200000,1569.43,1570.97,1568.09,1570.1,1774.6
1782863100000,1570.1,1572.1,1569.66,1571.38,2091.16
1782864000000,1571.38,1574.84,1571.37,1573.49,6065.8
1782864900000,1573.49,1574.72,1565.24,1567.9,6947.38
1782865800000,1567.9,1573.8,1567.9,1571.33,4646.82
1782866700000,1571.33,1576.2,1570.84,1574.26,5231.33
1782867600000,1574.26,1574.68,1552.15,1563.15,31625.62
1782868500000,1563.15,1571.73,1558.68,1569.05,16246.46
1782869400000,1569.05,1585.99,1568.27,1580.65,24400.62
1782870300000,1580.65,1582.92,1576.19,1577.14,10095.72
1782871200000,1577.14,1580.36,1573.65,1578.25,8323.16
1782872100000,1578.25,1584.48,1577.45,1582.14,6927.23
1782873000000,1582.14,1588.77,1580.96,1588.12,10163.64
1782873900000,1588.12,1588.75,1583.17,1585.62,5056.99
1782874800000,1585.62,1589.44,1583.5,1584.73,8032.05
1782875700000,1584.73,1584.97,1581.7,1583.79,3368.03
1782876600000,1583.79,1596.56,1581.53,1588.5,21673.44
1782877500000,1588.5,1598.48,1588.12,1593.97,11959.05
1782878400000,1593.97,1593.97,1590.2,1591.26,3469.69
1782879300000,1591.26,1594.19,1591,1593.46,2738.3
1782880200000,1593.46,1596.85,1591.77,1596.53,3427.41
1782881100000,1596.53,1603.87,1596.2,1598.49,11749.39
1782882000000,1598.49,1600,1594.45,1594.99,6546.27
1782882900000,1594.99,1597.39,1592.29,1592.9,5613.13
1782883800000,1592.9,1593.68,1590.45,1592.37,5064.19
1782884700000,1592.37,1592.73,1590.51,1591.98,1447.34
1782885600000,1591.98,1592.41,1584.24,1586.52,7687.49
1782886500000,1586.52,1587.12,1577.2,1580.06,11491.31
1782887400000,1580.06,1581.27,1570.45,1576.64,28550.47
1782888300000,1576.64,1577.37,1572.67,1575.55,8477.16
1782889200000,1575.55,1576.61,1571.71,1575.05,6427.21
1782890100000,1575.05,1579.34,1573.01,1576.8,5736.18
1782891000000,1576.8,1578.86,1574.24,1577.01,3551.26
1782891900000,1577.01,1580.82,1576.14,1577.85,3917.01
1782892800000,1577.85,1578.42,1573.56,1574.58,4374.81
1782893700000,1574.58,1575.15,1570.38,1571.46,5182.4
1782894600000,1571.46,1575.47,1568,1575.21,10459.68
1782895500000,1575.21,1581.92,1573.42,1581.92,7215.69
1782896400000,1581.92,1584.88,1578.57,1580.05,11116.25
1782897300000,1580.05,1581.78,1578.89,1579.49,5524.41
1782898200000,1579.49,1581,1578.81,1580.81,2247.57
1782899100000,1580.81,1582.62,1577.91,1580.4,3902.16
1782900000000,1580.4,1581,1573.36,1574.24,5911.44
1782900900000,1574.24,1576.44,1572.22,1574.91,4753.08
1782901800000,1574.91,1575.27,1571.15,1571.56,2974.84
1782902700000,1571.56,1574.11,1571.55,1572.72,2152.12
1782903600000,1572.72,1575.18,1569.58,1574.03,6869.45
1782904500000,1574.03,1575.36,1572.01,1572.16,1636.94
1782905400000,1572.16,1573.18,1570.06,1572.56,2518.27
1782906300000,1572.56,1573.5,1566.13,1569.15,7455.62
1782907200000,1569.15,1571.99,1565.42,1567.43,6360.44
1782908100000,1567.43,1571.48,1567.43,1569.68,3993.4
1782909000000,1569.68,1570.98,1565.63,1566.97,8341.15
1782909900000,1566.97,1569.82,1564.24,1569.74,9618.16
1782910800000,1569.74,1575,1569.51,1572.74,8599.08
1782911700000,1572.74,1578.84,1571.73,1577.57,9415.33
1782912600000,1577.57,1582.51,1568.84,1581.19,21127.05
1782913500000,1581.19,1597.42,1579.16,1596.39,34045.48
1782914400000,1596.39,1612.58,1590.36,1612.26,32392.4
1782915300000,1612.26,1616.2,1603.36,1604.7,42221.47
1782916200000,1604.7,1606.32,1594.22,1597.74,18901.47
1782917100000,1597.74,1601.77,1590.27,1600.3,15045.02
1782918000000,1600.3,1615.67,1599.88,1610.56,20900.59
1782918900000,1610.56,1630.34,1607.3,1622.81,44837.28
1782919800000,1622.81,1626.12,1619.13,1621.51,12169.17
1782920700000,1621.51,1622.2,1616.4,1619.13,7963.42
1782921600000,1619.13,1620.2,1615.04,1618.24,5253.03
1782922500000,1618.24,1628.65,1614.02,1622.47,13483.87
1782923400000,1622.47,1623.3,1616.81,1618.56,5340.98
1782924300000,1618.56,1618.71,1611.62,1613.79,7031.63
1782925200000,1613.79,1614.15,1606.15,1612.56,9161.9
1782926100000,1612.56,1624.75,1612.49,1621.83,11538.76
1782927000000,1621.83,1624.12,1617.66,1620.58,5716.63
1782927900000,1620.58,1623.95,1620.41,1622.13,2158.48
1782928800000,1622.13,1623.83,1616.36,1618.83,4623.34
1782929700000,1618.83,1622.15,1616.38,1617.02,3270.11
1782930600000,1617.02,1619.58,1612.92,1618.99,4717.45
1782931500000,1618.99,1619.19,1610.98,1615.68,5380.33
1782932400000,1615.68,1622,1615.52,1621.76,3561.44
1782933300000,1621.76,1623.24,1616.19,1617.92,3036.51
1782934200000,1617.92,1621.44,1615.68,1618.58,3081.22
1782935100000,1618.58,1619.06,1613.35,1617.1,9930.54
1782936000000,1617.1,1617.49,1611.25,1615.81,6517.04
1782936900000,1615.81,1616.79,1609.41,1614.93,5382.44
1782937800000,1614.93,1618.31,1613.8,1615.43,3064.71
1782938700000,1615.43,1619.75,1615.32,1617.12,2321.75
1782939600000,1617.12,1623.89,1616.68,1622.82,3556.27
1782940500000,1622.82,1626.7,1620.44,1623.58,4357.82
1782941400000,1623.58,1629.6,1623.45,1626.97,6914.84
1782942300000,1626.97,1637.87,1626.13,1631.21,14668.19
1782943200000,1631.21,1631.46,1627.87,1628.59,6906.57
1782944100000,1628.59,1645.98,1626.18,1626.85,39171.36
1782945000000,1626.85,1629.99,1622.26,1624.02,10514.68
1782945900000,1624.02,1625.17,1619.54,1620.93,6967.28
1782946800000,1620.93,1620.93,1613.95,1614.75,9512.89
1782947700000,1614.75,1617.84,1613.18,1613.81,3563.23
1782948600000,1613.81,1615.58,1607.55,1613.41,9586.48
1782949500000,1613.41,1613.51,1607.5,1608.94,6106.38
1782950400000,1608.94,1609.11,1602.71,1605.77,10077.94
1782951300000,1605.77,1606.48,1601.36,1602.1,6029.25
1782952200000,1602.1,1604.15,1596.26,1597.54,26875.16
1782953100000,1597.54,1605.02,1597.13,1602.87,9305.85
1782954000000,1602.87,1609.07,1601.83,1608.71,10347.37
1782954900000,1608.71,1612.41,1607.22,1610.96,6219.31
1782955800000,1610.96,1624.62,1610.96,1621.01,14772.67
1782956700000,1621.01,1623.3,1616.94,1619.5,6608.41
1782957600000,1619.5,1620.5,1613.76,1616.89,5660.08
1782958500000,1616.89,1620.67,1615.65,1618.19,3675.19
1782959400000,1618.19,1623.46,1617.05,1621.89,4887.38
1782960300000,1621.89,1623.85,1618.9,1620.13,8386.78
1782961200000,1620.13,1623.75,1619.61,1623.45,1841.99
1782962100000,1623.45,1635.99,1617.51,1628.64,21000.49
1782963000000,1628.64,1634.46,1626.29,1634.23,10124.56
1782963900000,1634.23,1641.59,1629.81,1638.84,12648.82
1782964800000,1638.84,1639.19,1633.46,1635.19,5778.51
1782965700000,1635.19,1636.27,1631.33,1633.51,8720.6
1782966600000,1633.51,1633.51,1629.6,1631.32,5463.96
1782967500000,1631.32,1633.5,1630.28,1631.99,1924.51
1782968400000,1631.99,1634.17,1627.81,1633.19,4252.42
1782969300000,1633.19,1633.96,1631.29,1631.5,2385.56
1782970200000,1631.5,1631.5,1625.91,1626.47,9469.95
1782971100000,1626.47,1627.6,1624.1,1625.92,3458.09
1782972000000,1625.92,1626.39,1621.74,1622.27,3791.54
1782972900000,1622.27,1628.78,1621.66,1623.78,4742.96
1782973800000,1623.78,1629.25,1623.6,1625.75,3650.27
1782974700000,1625.75,1625.96,1616.66,1618.25,7958.19
1782975600000,1618.25,1619.28,1616.37,1617.17,3490.16
1782976500000,1617.17,1618.41,1614.41,1615.97,3874.7
1782977400000,1615.97,1617.48,1614.72,1616.85,3996.93
1782978300000,1616.85,1617.48,1613.87,1615.49,5510.81
1782979200000,1615.49,1620.75,1614.41,1617.73,6836.49
1782980100000,1617.73,1620.54,1617.71,1619.02,2282.33
1782981000000,1619.02,1625.12,1617.87,1622.76,13178.35
1782981900000,1622.76,1625.73,1622,1624.34,4284.77
1782982800000,1624.34,1624.61,1619.37,1622.67,4253.21
1782983700000,1622.67,1629.26,1621.47,1628.94,6543.32
1782984600000,1628.94,1651,1628.88,1642.29,48173.04
1782985500000,1642.29,1646.95,1637.32,1642.59,16958.32
1782986400000,1642.59,1646.28,1640.48,1646.02,6993.62
1782987300000,1646.02,1647,1642.79,1645,9425.73
1782988200000,1645,1649.13,1643.62,1643.81,5394.79
1782989100000,1643.81,1647,1642.15,1645.46,4035.78
1782990000000,1645.46,1654.65,1644.3,1649.54,14674.73
1782990900000,1649.54,1650.01,1646.43,1647.19,4903.65
1782991800000,1647.19,1648.08,1644.28,1644.9,3310.2
1782992700000,1644.9,1651.99,1643.44,1649.38,11191.14
1782993600000,1649.38,1656.53,1646.62,1654.78,14170.34
1782994500000,1654.78,1664.99,1648,1663.48,21808.01
1782995400000,1663.48,1669,1649.61,1658.92,41378.15
1782996300000,1658.92,1667,1658.92,1661.78,13728.51
1782997200000,1661.78,1671.93,1660,1668.08,16253.59
1782998100000,1668.08,1690.69,1667.98,1681.58,67052.76
1782999000000,1681.58,1712.82,1677.7,1710.07,100485.16
1782999900000,1710.07,1713.61,1704.7,1710,23577.36
1783000800000,1710,1724.59,1705.21,1715.82,44634.4
1783001700000,1715.82,1720.39,1696.06,1700.72,26920.05
1783002600000,1700.72,1706.72,1692.16,1694.59,22234.05
1783003500000,1694.59,1701.53,1694.44,1700.8,10320.72
1783004400000,1700.8,1702.33,1687.75,1693.57,14462.6
1783005300000,1693.57,1703,1691,1699.29,8722.77
1783006200000,1699.29,1702.68,1696.68,1701.21,7044.37
1783007100000,1701.21,1702.87,1694.05,1696.47,7612.21
1783008000000,1696.47,1700.99,1690.5,1699.02,9653.17
1783008900000,1699.02,1699.14,1685.98,1688.95,16123.96
1783009800000,1688.95,1697,1688.27,1696.59,9119.26
1783010700000,1696.59,1703.45,1695.3,1698.84,9069.35
1783011600000,1698.84,1701.75,1695.01,1698.35,5089
1783012500000,1698.35,1705,1697.38,1703.77,12234.73
1783013400000,1703.77,1703.77,1694.26,1699.84,14061.34
1783014300000,1699.84,1700.3,1693.5,1695,4254.17
1783015200000,1695,1702.34,1694.47,1701.62,4277.61
1783016100000,1701.62,1703.39,1698.29,1703.12,5306.98
1783017000000,1703.12,1704.15,1700.86,1703.7,1634.76
1783017900000,1703.7,1706.58,1699.43,1701.21,4822.32
1783018800000,1701.21,1702.7,1697.81,1701.78,3568.33
1783019700000,1701.78,1701.78,1693.69,1698.6,3901.98
1783020600000,1698.6,1701.19,1696.54,1700.73,2749.96
1783021500000,1700.73,1704.9,1698.92,1699.24,7768.96
1783022400000,1699.24,1700.7,1696.43,1699.68,4533.87
1783023300000,1699.68,1701.8,1695.76,1696,1992.65
1783024200000,1696,1697.99,1695.21,1697.11,1944.36
1783025100000,1697.11,1706.2,1697.05,1704.78,6578.12
1783026000000,1704.78,1705.31,1702.58,1702.83,4151.01
1783026900000,1702.83,1704,1702.59,1703.2,1944.04
1783027800000,1703.2,1703.2,1697.52,1697.73,5722.76
1783028700000,1697.73,1699.91,1696.37,1699.26,1520.38
1783029600000,1699.26,1700.12,1695.56,1696.41,1915.85
1783030500000,1696.41,1698.12,1695.5,1695.62,1113.33
1783031400000,1695.62,1697.01,1693.94,1695.19,1746.43
1783032300000,1695.19,1700.22,1693.03,1695.84,2728.1
1783033200000,1695.84,1695.84,1691.17,1691.98,6436.48
1783034100000,1691.98,1699.26,1691.97,1697.53,3318.26
1783035000000,1697.53,1701.03,1695.15,1695.71,2085.31
1783035900000,1695.71,1699.99,1695.53,1699.84,1252.83
1783036800000,1699.84,1701.75,1697.11,1699.86,3784.28
1783037700000,1699.86,1702.43,1696.17,1696.6,2294.32
1783038600000,1696.6,1699.95,1694,1698.09,2909.26
1783039500000,1698.09,1699.09,1695.12,1696,816.24
1783040400000,1696,1718.78,1694.56,1713.71,16391.33
1783041300000,1713.71,1714.46,1704.51,1708.08,8132.03
1783042200000,1708.08,1717.96,1707,1715.88,7241.09
1783043100000,1715.88,1717.8,1711.26,1711.64,6373.24
1783044000000,1711.64,1714.89,1707.38,1707.53,3916.11
1783044900000,1707.53,1711.54,1701.15,1701.15,7625.7
1783045800000,1701.15,1703.25,1695.26,1700.62,9974.41
1783046700000,1700.62,1704.96,1698.01,1704.02,3463
1783047600000,1704.02,1704.6,1698.81,1699.81,3296.5
1783048500000,1699.81,1711.77,1699.75,1710.34,5814.56
1783049400000,1710.34,1710.68,1703.06,1703.24,3182.27
1783050300000,1703.24,1706.6,1703,1705.69,2737.02
1783051200000,1705.69,1707.82,1702.01,1705.72,5067.86
1783052100000,1705.72,1705.95,1702.57,1704.38,1941.57
1783053000000,1704.38,1706.9,1702.42,1706.27,2964.12
1783053900000,1706.27,1706.77,1701.63,1702.53,4106.64
1783054800000,1702.53,1706.43,1701.57,1706.04,2150.04
1783055700000,1706.04,1710.66,1704.28,1709.17,5213.88
1783056600000,1709.17,1721.63,1708.82,1714.89,17619.06
1783057500000,1714.89,1717.54,1713.42,1714.28,4883.55
1783058400000,1714.28,1721.02,1713.12,1716.57,9147.65
1783059300000,1716.57,1719.81,1713.79,1715.87,3976.65
1783060200000,1715.87,1718.78,1712.01,1714.05,8884.99
1783061100000,1714.05,1717.15,1713.94,1715.26,2894.54
1783062000000,1715.26,1718.42,1713.01,1715.2,6066.78
1783062900000,1715.2,1717.74,1715.14,1716.8,3418.29
1783063800000,1716.8,1720.73,1715.22,1717.54,6641.56
1783064700000,1717.54,1721.74,1716.61,1717.13,7207.62
1783065600000,1717.13,1719.91,1716.14,1717.12,3080.47
1783066500000,1717.12,1722.94,1715,1719.25,7998.77
1783067400000,1719.25,1735,1717.06,1730.84,32794
1783068300000,1730.84,1731.11,1717.8,1719.15,16786.87
1783069200000,1719.15,1729,1716.25,1728.09,11450.17
1783070100000,1728.09,1729.61,1724.62,1725.54,6727.28
1783071000000,1725.54,1725.54,1720.11,1722.7,5020.16
1783071900000,1722.7,1730.88,1722.69,1725.81,6615.38
1783072800000,1725.81,1738.47,1725.53,1733.48,22084.81
1783073700000,1733.48,1738.7,1731.08,1736.3,12212.19
1783074600000,1736.3,1748.6,1734.25,1746.85,22763.27
1783075500000,1746.85,1748.48,1741.16,1741.52,10482.9
1783076400000,1741.52,1744.63,1736.59,1742.28,11271.33
1783077300000,1742.28,1747.4,1741.41,1741.78,8721.15
1783078200000,1741.78,1744.66,1738.5,1739.33,6294.36
1783079100000,1739.33,1744.4,1739.33,1741.74,3038.36
1783080000000,1741.74,1744.64,1738.53,1739.9,5296.19
1783080900000,1739.9,1739.91,1730.82,1733.74,15147.66
1783081800000,1733.74,1735,1731.04,1732.87,4131.38
1783082700000,1732.87,1736.1,1732.87,1735.86,2245.91
1783083600000,1735.86,1738.33,1735.24,1737.55,4419.59
1783084500000,1737.55,1747,1737.47,1744.14,9962.63
1783085400000,1744.14,1752.5,1742.49,1748.14,16597.64
1783086300000,1748.14,1752.86,1744.17,1747.29,9260.68
1783087200000,1747.29,1747.29,1731.38,1733.54,16596.34
1783088100000,1733.54,1736.99,1727.76,1733.02,19106.94
1783089000000,1733.02,1736.5,1728.98,1736.25,13158.3
1783089900000,1736.25,1739.65,1733.83,1736.39,6923.12
1783090800000,1736.39,1745.14,1735.27,1739.73,18817.51
1783091700000,1739.73,1742.23,1731.49,1732.63,11477.76
1783092600000,1732.63,1736.55,1730.3,1732.39,6982.92
1783093500000,1732.39,1733.81,1728.85,1730.32,5264.49
1783094400000,1730.32,1731.95,1726.5,1727.39,6224.43
1783095300000,1727.39,1734.93,1727.38,1733.27,9919.46
1783096200000,1733.27,1734.9,1729.47,1732.04,3158.12
1783097100000,1732.04,1733.99,1730.11,1733.01,4101.33
1783098000000,1733.01,1736.88,1731.53,1734.89,4514.59
1783098900000,1734.89,1737.78,1732.51,1735.74,4228.36
1783099800000,1735.74,1740.45,1734.55,1740,4233.95
1783100700000,1740,1741.26,1736.38,1737.53,8210.27
1783101600000,1737.53,1738.15,1735.58,1736.04,1142.42
1783102500000,1736.04,1737.53,1735.32,1737.53,743.02
1783103400000,1737.53,1738.93,1736.96,1738.52,2627.37
1783104300000,1738.52,1740.42,1737.1,1737.96,3816.59
1783105200000,1737.96,1740.21,1736.31,1736.63,1842.59
1783106100000,1736.63,1747.15,1736.63,1746.05,19772.06
1783107000000,1746.05,1752.41,1744.37,1747.17,12891.12
1783107900000,1747.17,1747.17,1744.31,1744.75,2964.45
1783108800000,1744.75,1750.68,1742.7,1747.5,11294.57
1783109700000,1747.5,1757.54,1744.91,1753.23,14100.8
1783110600000,1753.23,1773.56,1751.72,1765.6,54800.63
1783111500000,1765.6,1772,1762.35,1765.42,12224.36
1783112400000,1765.42,1775.32,1763.58,1765.79,33645.07
1783113300000,1765.79,1767.44,1762.82,1762.86,5860.48
1783114200000,1762.86,1762.86,1755.95,1759.53,14701.72
1783115100000,1759.53,1766.79,1759.06,1762.68,3733.36
1783116000000,1762.68,1763.42,1755.84,1757.87,2683.79
1783116900000,1757.87,1761.09,1757.39,1759.56,4156.51
1783117800000,1759.56,1760.73,1755.02,1758.02,3940.09
1783118700000,1758.02,1759.35,1755.83,1756.78,1336.17
1783119600000,1756.78,1758.52,1754.46,1757.28,1659.04
1783120500000,1757.28,1761.3,1756.17,1757.69,3721.99
1783121400000,1757.69,1760.49,1757.68,1759.54,1802.81
1783122300000,1759.54,1760.24,1755.43,1757.29,3905.04
1783123200000,1757.29,1763.4,1756.54,1760.67,5789.91
1783124100000,1760.67,1762.91,1756.45,1758.19,6247.97
1783125000000,1758.19,1759.77,1755.58,1757.35,3099.62
1783125900000,1757.35,1759.88,1756.3,1757.83,1981.86
1783126800000,1757.83,1757.83,1745.84,1747.42,16144.6
1783127700000,1747.42,1750.94,1745.33,1748.81,5794.91
1783128600000,1748.81,1750,1745.71,1746.41,3772.65
1783129500000,1746.41,1748.27,1745,1747.01,3039.55
1783130400000,1747.01,1749.34,1746.13,1748.19,1631.97
1783131300000,1748.19,1748.29,1746.03,1747.17,1585.87
1783132200000,1747.17,1748.05,1743.24,1747.53,3403.13
1783133100000,1747.53,1750.52,1746.16,1748.62,2567.12
1783134000000,1748.62,1749.78,1746.37,1749.3,3612.58
1783134900000,1749.3,1749.6,1747.56,1748.38,2467.46
1783135800000,1748.38,1755.77,1747.2,1754,5929.06
1783136700000,1754,1754.6,1752.26,1753.04,1076.41
1783137600000,1753.04,1756.44,1751.77,1753.62,2096.06
1783138500000,1753.62,1755.52,1751.13,1753.07,2763.21
1783139400000,1753.07,1758.96,1752.75,1757.26,5726.55
1783140300000,1757.26,1763.91,1757.26,1761.12,13667.24
1783141200000,1761.12,1761.12,1755.31,1755.85,4224.41
1783142100000,1755.85,1756.04,1752.21,1754.22,7479.47
1783143000000,1754.22,1757.34,1753.7,1757.3,2112.89
1783143900000,1757.3,1758.87,1753.55,1755.22,3036.26
1783144800000,1755.22,1760.67,1754.64,1754.91,4129.6
1783145700000,1754.91,1756.76,1750.6,1753.39,3953.98
1783146600000,1753.39,1756.49,1753.13,1753.47,4069.57
1783147500000,1753.47,1754.97,1752.39,1753.91,1509.89
1783148400000,1753.91,1755.96,1752.1,1753.91,3162.78
1783149300000,1753.91,1757.59,1752.95,1754.81,2121.56
1783150200000,1754.81,1756.35,1753.5,1755.29,2329.95
1783151100000,1755.29,1758.78,1754.34,1757.4,3037.97
1783152000000,1757.4,1759.03,1756.6,1759.03,3670.47
1783152900000,1759.03,1760.86,1756.56,1756.66,3826.91
1783153800000,1756.66,1765.31,1756.56,1760.13,10690.89
1783154700000,1760.13,1764.64,1760.13,1761.48,3752.77
1783155600000,1761.48,1762.3,1758.15,1760.06,2894.93
1783156500000,1760.06,1760.68,1758.09,1759.06,3338.38
1783157400000,1759.06,1759.13,1754.2,1755.54,4439.44
1783158300000,1755.54,1757.7,1755.3,1757.37,1952.19
1783159200000,1757.37,1759.82,1756.27,1759.45,2089.35
1783160100000,1759.45,1760.51,1757.91,1758.33,1721.01
1783161000000,1758.33,1758.47,1756.63,1757.99,1711.73
1783161900000,1757.99,1759.88,1757.59,1758.31,2236.09
1783162800000,1758.31,1758.31,1755.4,1757.43,7097.47
1783163700000,1757.43,1758.29,1756.36,1757.04,841.42
1783164600000,1757.04,1759.5,1756.75,1757.36,1719.19
1783165500000,1757.36,1757.94,1756.71,1757.17,847.41
1783166400000,1757.17,1761.53,1757.17,1760.29,3003.75
1783167300000,1760.29,1762.97,1758.07,1762.1,2303.02
1783168200000,1762.1,1765.7,1761.47,1763.1,5762.3
1783169100000,1763.1,1764.17,1761.12,1763.41,2279.07
1783170000000,1763.41,1763.58,1760.73,1761.51,2917.77
1783170900000,1761.51,1778,1761.34,1767.88,27673.77
1783171800000,1767.88,1768.54,1762.18,1763.07,7694.26
1783172700000,1763.07,1763.69,1761.21,1763.26,3290.83
1783173600000,1763.26,1772.57,1763.07,1770.3,10741.02
1783174500000,1770.3,1774.14,1768.17,1770.13,14970.51
1783175400000,1770.13,1770.56,1767.27,1769.42,3059.6
1783176300000,1769.42,1772.16,1768.13,1771.49,2340.13
1783177200000,1771.49,1798.74,1771.4,1784.34,62582.7
1783178100000,1784.34,1798.12,1782.3,1792.79,23603.23
1783179000000,1792.79,1795.81,1787.93,1790.26,9864.61
1783179900000,1790.26,1794.8,1789,1790.38,7765.02
1783180800000,1790.38,1791.54,1783.48,1784.16,13373.31
1783181700000,1784.16,1789.22,1782.38,1786.47,9159.96
1783182600000,1786.47,1790.81,1786.47,1787.16,2613.03
1783183500000,1787.16,1788.93,1785.65,1786.17,4131.75
1783184400000,1786.17,1786.17,1778.1,1779.74,11270.35
1783185300000,1779.74,1786.86,1779.09,1786.56,4661.71
1783186200000,1786.56,1793.76,1786.56,1790.81,9695.96
1783187100000,1790.81,1807.76,1789.76,1798.92,33767.92
1783188000000,1798.92,1804.88,1797.15,1803.95,16695.76
1783188900000,1803.95,1805.4,1794.64,1795.87,6813.01
1783189800000,1795.87,1795.89,1792.37,1793.17,3939.53
1783190700000,1793.17,1795.21,1790.73,1793.01,2409.05
1783191600000,1793.01,1794.69,1787.46,1789.75,3197.91
1783192500000,1789.75,1795.84,1789.21,1794.47,3637.06
1783193400000,1794.47,1797.1,1790.78,1795.69,2680.14
1783194300000,1795.69,1795.69,1790.01,1791.96,1948.5
1783195200000,1791.96,1795.21,1790.57,1793.79,2216.58
1783196100000,1793.79,1793.85,1782.76,1784.03,8564.64
1783197000000,1784.03,1789.3,1783.41,1789,2499.65
1783197900000,1789,1789.72,1786.17,1786.17,3251.4
1783198800000,1786.17,1790.47,1785.25,1789.24,1607.78
1783199700000,1789.24,1792.48,1788.86,1791.89,1562.16
1783200600000,1791.89,1793.5,1788.49,1788.76,1331.72
1783201500000,1788.76,1790,1787.5,1788.36,1341.74
1783202400000,1788.36,1788.75,1783.9,1786.05,3174.56
1783203300000,1786.05,1788.39,1783.05,1784.8,6563.82
1783204200000,1784.8,1785.6,1784.01,1784.38,1445.72
1783205100000,1784.38,1784.58,1781.21,1784.17,2942.46
1783206000000,1784.17,1784.91,1771.71,1774.32,23288.1
1783206900000,1774.32,1778,1771.45,1777.99,9244.75
1783207800000,1777.99,1782.27,1777.99,1781.53,6767.52
1783208700000,1781.53,1782.25,1778.27,1779.92,1453.3
1783209600000,1779.92,1780.11,1774.51,1775.37,2946.84
1783210500000,1775.37,1775.96,1772.37,1774.38,2866.51
1783211400000,1774.38,1776.27,1771.15,1775.19,6037.23
1783212300000,1775.19,1775.79,1768.61,1771.78,6458.04
1783213200000,1771.78,1773.99,1769.51,1771.16,4447.96
1783214100000,1771.16,1771.16,1763,1767.92,16905.98
1783215000000,1767.92,1767.92,1760.55,1765,8712.02
1783215900000,1765,1766.85,1763.65,1765.96,3662.07
1783216800000,1765.96,1767.3,1758.46,1759.14,6622.36
1783217700000,1759.14,1763.9,1755.99,1763.72,10488.22
1783218600000,1763.72,1765.41,1757.43,1757.52,5031.75
1783219500000,1757.52,1760.58,1756,1760.22,5392.55
1783220400000,1760.22,1763,1759.29,1762.41,3979.97
1783221300000,1762.41,1763.45,1757.08,1757.8,4843.29
1783222200000,1757.8,1762,1757.76,1760.31,3556.09
1783223100000,1760.31,1762.46,1760,1760.92,2775.09
1783224000000,1760.92,1765.42,1759.36,1764.03,3001.95
1783224900000,1764.03,1767.99,1763.91,1766.56,4298.1
1783225800000,1766.56,1772.17,1765.9,1770.05,7103.09
1783226700000,1770.05,1770.38,1766.55,1766.67,2437.06
1783227600000,1766.67,1767,1764.11,1764.64,2087.86
1783228500000,1764.64,1766.16,1762.56,1763.99,2722.31
1783229400000,1763.99,1766.47,1759.39,1761.43,4843.04
1783230300000,1761.43,1765.53,1760.94,1765.19,3010.07
1783231200000,1765.19,1765.42,1761.13,1763.41,1673.76
1783232100000,1763.41,1764.5,1761.71,1764.26,1424.3
1783233000000,1764.26,1767.43,1763.61,1764.56,4010.52
1783233900000,1764.56,1765.44,1762.47,1763.93,1453.81
1783234800000,1763.93,1764.92,1762.67,1762.68,1301.84
1783235700000,1762.68,1764.58,1761.12,1762.37,3643.1
1783236600000,1762.37,1767.95,1762.37,1766.74,4477.87
1783237500000,1766.74,1771.43,1765.25,1769.07,5190.48
1783238400000,1769.07,1772.69,1766.13,1768.31,6923.99
1783239300000,1768.31,1769.64,1765.88,1766.61,3277.84
1783240200000,1766.61,1768.99,1765.61,1767.05,2711.54
1783241100000,1767.05,1769.5,1766.19,1766.88,3199.55
1783242000000,1766.88,1767.31,1765.22,1765.6,2454.33
1783242900000,1765.6,1766.57,1760.1,1760.41,12433.18
1783243800000,1760.41,1761.83,1747.8,1751.62,26132.52
1783244700000,1751.62,1757.94,1749.82,1757.16,10208.9
1783245600000,1757.16,1760.12,1754.22,1758.23,10470.97
1783246500000,1758.23,1761.22,1756.64,1757.98,3712.93
1783247400000,1757.98,1759.69,1757.46,1758.57,1496.78
1783248300000,1758.57,1761.25,1758.33,1760.75,3378.01
1783249200000,1760.75,1764.44,1760.51,1762.91,6687.81
1783250100000,1762.91,1762.96,1758.01,1758.27,2634.93
1783251000000,1758.27,1761.63,1757.78,1760.64,1565.25
1783251900000,1760.64,1762,1758.56,1759.31,2733.47
1783252800000,1759.31,1759.34,1755.08,1759.18,5264.78
1783253700000,1759.18,1766.02,1759.06,1765.34,10265.59
1783254600000,1765.34,1768.86,1763.07,1763.88,5247.61
1783255500000,1763.88,1765.38,1763.3,1764.25,1575.39
1783256400000,1764.25,1767.06,1762.19,1764.51,2591.36
1783257300000,1764.51,1765.43,1760.49,1762.73,1978.47
1783258200000,1762.73,1764.58,1761.9,1764.52,4397.94
1783259100000,1764.52,1766.53,1764.49,1765.71,1911.18
1783260000000,1765.71,1768.41,1764.08,1766.77,3035.97
1783260900000,1766.77,1767.47,1764.46,1766.55,3618.69
1783261800000,1766.55,1771.17,1764.22,1768.11,13530.67
1783262700000,1768.11,1772.32,1766.42,1771.59,3481.26
1783263600000,1771.59,1780.82,1770.31,1773.63,34093.07
1783264500000,1773.63,1774.98,1772,1773.83,8971.97
1783265400000,1773.83,1778.35,1769.74,1770.39,13823.5
1783266300000,1770.39,1775.24,1769.29,1773.73,2201.61
1783267200000,1773.73,1776.69,1772.34,1773,3941.79
1783268100000,1773,1773.56,1770,1770.31,3813.08
1783269000000,1770.31,1772.71,1769.36,1770.01,5337.33
1783269900000,1770.01,1772.65,1769.57,1771.89,2466.78
1783270800000,1771.89,1776,1771.86,1775.64,5283.56
1783271700000,1775.64,1785.06,1775.12,1777.9,19625.53
1783272600000,1777.9,1781.81,1775.19,1775.77,4589.82
1783273500000,1775.77,1780.17,1775.44,1778.4,2603.2
1783274400000,1778.4,1780.54,1776.96,1777.81,1162.87
1783275300000,1777.81,1780.4,1777.68,1778.88,1646.33
1783276200000,1778.88,1780.87,1777.8,1780.12,1305.04
1783277100000,1780.12,1785,1778.81,1780.3,6712.29
1783278000000,1780.3,1783.42,1779.45,1782.55,2336.08
1783278900000,1782.55,1783.72,1776.51,1779.38,3395.26
1783279800000,1779.38,1781.64,1778.46,1781.3,1005.28
1783280700000,1781.3,1782.1,1779.17,1780.72,1589.28
1783281600000,1780.72,1782.81,1779.25,1780.23,1258.95
1783282500000,1780.23,1780.7,1775.34,1776.52,5396.45
1783283400000,1776.52,1777.17,1775.16,1776.84,1479.99
1783284300000,1776.84,1777.4,1776.24,1776.38,475.12
1783285200000,1776.38,1776.5,1768.38,1772.37,8896.61
1783286100000,1772.37,1782.17,1771.66,1780.02,5292.85
1783287000000,1780.02,1785.85,1777.45,1781.96,4400.24
1783287900000,1781.96,1794.47,1780.2,1785.97,13032.29
1783288800000,1785.97,1792.43,1783.33,1791.96,7503.94
1783289700000,1791.96,1803.87,1790.04,1801.18,21932.37
1783290600000,1801.18,1807.94,1787.31,1789,18498.09
1783291500000,1789,1791.83,1785.14,1789.29,9572.87
1783292400000,1789.29,1800.93,1788.02,1800.37,8167.68
1783293300000,1800.37,1802.25,1789.56,1791.28,14448.15
1783294200000,1791.28,1792.61,1787.24,1788.85,6826.95
1783295100000,1788.85,1788.85,1781.67,1784.94,5972.8
1783296000000,1784.94,1787.11,1779.09,1785.83,10157.85
1783296900000,1785.83,1789.78,1776.12,1776.95,10058.86
1783297800000,1776.95,1787.89,1773.72,1787.31,7779.07
1783298700000,1787.31,1793.45,1785.61,1792.4,11141.58
1783299600000,1792.4,1794.4,1789.85,1791.98,5721.43
1783300500000,1791.98,1792.84,1784.76,1788.91,4813.75
1783301400000,1788.91,1798.27,1787.93,1791.3,7760.97
1783302300000,1791.3,1791.3,1784.18,1785.21,4347.74
1783303200000,1785.21,1787.85,1779.87,1781.06,5936.25
1783304100000,1781.06,1789.64,1780.72,1784.3,4624.94
1783305000000,1784.3,1787.31,1779.07,1780.32,5171.62
1783305900000,1780.32,1783.94,1778.56,1782.83,3607.49
1783306800000,1782.83,1784.52,1780.61,1781.64,2143.59
1783307700000,1781.64,1782.54,1773.55,1776.96,15610.82
1783308600000,1776.96,1779.71,1771.18,1775.84,11398.13
1783309500000,1775.84,1779.19,1775.5,1779.09,1925.2
1783310400000,1779.09,1781.91,1776.51,1780.34,3754.48
1783311300000,1780.34,1782.1,1775.56,1777.28,4385.06
1783312200000,1777.28,1783.89,1775.57,1781.59,5880.61
1783313100000,1781.59,1782.39,1776.27,1777.15,6389.8
1783314000000,1777.15,1777.67,1772.78,1774.89,4082.5
1783314900000,1774.89,1776,1765.61,1766.95,22332.39
1783315800000,1766.95,1773.68,1763.91,1771.71,14186.24
1783316700000,1771.71,1775.25,1770.85,1773.24,9093.02
1783317600000,1773.24,1774.51,1770.34,1772.61,2572.04
1783318500000,1772.61,1773.64,1769.31,1771.86,5906.84
1783319400000,1771.86,1773.75,1769.07,1773.68,3256.71
1783320300000,1773.68,1774,1768.07,1768.75,4122.03
1783321200000,1768.75,1771.02,1766,1770.03,6086.68
1783322100000,1770.03,1772.86,1769,1770.08,3430.85
1783323000000,1770.08,1774.42,1767.7,1774.12,8752.61
1783323900000,1774.12,1774.86,1771.28,1771.56,2535.41
1783324800000,1771.56,1777.47,1771.02,1772.4,10470.25
1783325700000,1772.4,1772.97,1770,1771.22,4619.14
1783326600000,1771.22,1771.22,1762.18,1765.67,17030.91
1783327500000,1765.67,1767,1764.2,1765.02,2652.21
1783328400000,1765.02,1765.41,1762.36,1762.79,4530.98
1783329300000,1762.79,1765,1759.8,1761.95,5702.37
1783330200000,1761.95,1761.95,1755.14,1756.66,13453.56
1783331100000,1756.66,1759.5,1755.14,1758.1,7421.21
1783332000000,1758.1,1766,1757.47,1765.53,10663.64
1783332900000,1765.53,1767.33,1765,1766.51,3175.73
1783333800000,1766.51,1773.41,1766,1771.86,9875.82
1783334700000,1771.86,1772.19,1768.51,1770.15,3660.61
1783335600000,1770.15,1772.91,1767.01,1767.49,3661.93
1783336500000,1767.49,1771.2,1766.53,1768.3,2446.1
1783337400000,1768.3,1775.23,1767.9,1772.1,5138.28
1783338300000,1772.1,1773.44,1758.42,1758.42,13349.38
1783339200000,1758.42,1759.95,1734.47,1747.08,73619.79
1783340100000,1747.08,1752,1745.34,1749.18,14443.68
1783341000000,1749.18,1751.73,1738.37,1739.7,12976.06
1783341900000,1739.7,1745.4,1734.6,1740.01,16052.91
1783342800000,1740.01,1741,1730.95,1734.36,24007.38
1783343700000,1734.36,1738.43,1731.38,1734.56,12210.16
1783344600000,1734.56,1744.83,1727.62,1744.04,30085.03
1783345500000,1744.04,1753.19,1741.36,1743.98,21132.68
1783346400000,1743.98,1749.78,1742.03,1747.09,8200.34
1783347300000,1747.09,1762.49,1741.17,1750.82,29272.08
1783348200000,1750.82,1755.59,1748.52,1751.43,13881.84
1783349100000,1751.43,1752.62,1744.45,1750.97,5903.07
1783350000000,1750.97,1766.5,1750.6,1762.44,20634.08
1783350900000,1762.44,1765.88,1757.92,1764.82,13476.8
1783351800000,1764.82,1782.94,1758.71,1776.6,74387.56
1783352700000,1776.6,1788.1,1769.98,1787.45,40323.93
1783353600000,1787.45,1803.55,1781.27,1799.49,47581.23
1783354500000,1799.49,1804.37,1784.62,1786.88,35555.9
1783355400000,1786.88,1796.43,1786.48,1794.14,23135.34
1783356300000,1794.14,1795.86,1789.36,1791.82,7192.73
1783357200000,1791.82,1796,1788.18,1792.55,8908.58
1783358100000,1792.55,1799.62,1792.55,1795.36,4960.82
1783359000000,1795.36,1796.55,1787.25,1788.43,9704.01
1783359900000,1788.43,1792.44,1786.11,1787.32,5932.28
1783360800000,1787.32,1790.19,1785.68,1788.3,3075.1
1783361700000,1788.3,1795.56,1786.41,1791.71,7976.2
1783362600000,1791.71,1795.3,1789.62,1793.16,3592.08
1783363500000,1793.16,1794.94,1791.06,1791.9,6809.17
1783364400000,1791.9,1794.88,1790.15,1794.42,3074.89
1783365300000,1794.42,1798,1793.05,1796.18,7727.47
1783366200000,1796.18,1796.18,1792.18,1795.25,2533.34
1783367100000,1795.25,1796.64,1791.15,1791.71,4358.7
1783368000000,1791.71,1792.54,1786.36,1787.54,4501.73
1783368900000,1787.54,1790.72,1786.59,1790.63,2717.25
1783369800000,1790.63,1795.44,1789.95,1792.36,1945.95
1783370700000,1792.36,1795.73,1790.74,1792.32,2015.74
1783371600000,1792.32,1833,1791.75,1818.86,91365.01
1783372500000,1818.86,1820.06,1811.97,1812.52,7163.02
1783373400000,1812.52,1815,1806.4,1813.67,9773.85
1783374300000,1813.67,1819.2,1811.21,1814.36,5879.19
1783375200000,1814.36,1816.11,1811.08,1813.34,2620.47
1783376100000,1813.34,1815.69,1808.23,1808.65,4486.52
1783377000000,1808.65,1809.15,1805.41,1807.3,3810.26
1783377900000,1807.3,1807.99,1803.67,1805.61,3620.86
1783378800000,1805.61,1809.54,1804.52,1807.89,2205.46
1783379700000,1807.89,1808.19,1801.3,1802.69,4377.77
1783380600000,1802.69,1803.98,1799.28,1799.7,5571.04
1783381500000,1799.7,1800.82,1796.63,1798.85,5357.96
1783382400000,1798.85,1800.8,1796.74,1797.02,3938.73
1783383300000,1797.02,1809.8,1793.59,1805.13,18674.57
1783384200000,1805.13,1807.33,1797.35,1800.73,6194.93
1783385100000,1800.73,1805.93,1799.88,1802.92,2397.06
1783386000000,1802.92,1803.03,1786.89,1794.62,14763.82
1783386900000,1794.62,1796.15,1789.56,1790.94,2571.87
1783387800000,1790.94,1794.53,1787.17,1794.24,8964.72
1783388700000,1794.24,1797.12,1791.3,1791.9,4020.92
1783389600000,1791.9,1793.7,1789.04,1790.64,5792.63
1783390500000,1790.64,1792.26,1778.39,1779,16124.44
1783391400000,1779,1783.62,1776.05,1783.19,10621.28
1783392300000,1783.19,1784.07,1775.87,1777.49,7301.63
1783393200000,1777.49,1780.6,1776.17,1777.72,5693.65
1783394100000,1777.72,1778.93,1772.48,1773.18,10418.67
1783395000000,1773.18,1774.92,1768.4,1771.11,12875.15
1783395900000,1771.11,1771.36,1768.01,1770.72,5719.04
1783396800000,1770.72,1772.99,1767.51,1770.4,5239.24
1783397700000,1770.4,1771.91,1768.28,1771.01,3102.08
1783398600000,1771.01,1771.49,1764.36,1764.52,11403.65
1783399500000,1764.52,1766.78,1761.75,1765.72,7111.39
1783400400000,1765.72,1766.5,1756.44,1757.21,10932.09
1783401300000,1757.21,1762.96,1756.82,1760.79,9048.45
1783402200000,1760.79,1769.38,1760.79,1768.32,8894.24
1783403100000,1768.32,1772.9,1767.78,1769.72,5892.38
1783404000000,1769.72,1773.63,1764.03,1765.92,5623.48
1783404900000,1765.92,1770.7,1765.92,1770.06,2975.91
1783405800000,1770.06,1775.79,1768.93,1774.75,6583.63
1783406700000,1774.75,1781.96,1773.81,1778.34,9419.3
1783407600000,1778.34,1782.07,1777.24,1780.93,4405.99
1783408500000,1780.93,1781.25,1776.23,1777.24,4276.18
1783409400000,1777.24,1778.17,1769.67,1772.16,8836.18
1783410300000,1772.16,1774.9,1769.94,1770.38,4803.72
1783411200000,1770.38,1774.73,1767.6,1772.07,5680.71
1783412100000,1772.07,1774.17,1769.25,1771.37,3663.97
1783413000000,1771.37,1771.84,1767.22,1769.74,4603.82
1783413900000,1769.74,1771.37,1768,1769.81,1877.56
1783414800000,1769.81,1773.67,1767.63,1773.64,3633.84
1783415700000,1773.64,1773.76,1770.84,1772.4,1279.39
1783416600000,1772.4,1778.56,1772.05,1778.37,5678.91
1783417500000,1778.37,1782.42,1774.47,1777.33,8605.91
1783418400000,1777.33,1783.88,1777.01,1779.04,9425.18
1783419300000,1779.04,1783,1778.29,1778.29,3978.45
1783420200000,1778.29,1778.29,1774.01,1775.87,4707.1
1783421100000,1775.87,1776.65,1773.12,1775.19,3129.48
1783422000000,1775.19,1775.19,1770.81,1772.38,4083.49
1783422900000,1772.38,1778.76,1771.71,1776.16,4605.31
1783423800000,1776.16,1779.87,1774.11,1779.86,2103.58
1783424700000,1779.86,1784.9,1777.34,1779.89,7878.53
1783425600000,1779.89,1791.86,1779.38,1790.16,18946.89
1783426500000,1790.16,1794.01,1787,1790.33,10007.62
1783427400000,1790.33,1790.34,1783.2,1785.1,8140.93
1783428300000,1785.1,1785.1,1780.42,1781.18,5359.05
1783429200000,1781.18,1782.47,1773.65,1776.09,6612.85
1783430100000,1776.09,1777.39,1768.58,1770.89,7940.75
1783431000000,1770.89,1774.98,1765,1771.49,17617.28
1783431900000,1771.49,1781.21,1765.33,1768.08,22698.75
1783432800000,1768.08,1778.19,1762.8,1766.42,26310.51
1783433700000,1766.42,1771.83,1764.17,1771.49,9676.11
1783434600000,1771.49,1776.63,1760,1769.94,19982.68
1783435500000,1769.94,1792.41,1769.65,1788.84,25873.99
1783436400000,1788.84,1791.11,1782.07,1785.26,14107.29
1783437300000,1785.26,1794.7,1784.52,1791.93,12576.46
1783438200000,1791.93,1798.65,1789.72,1794.73,17259.4
1783439100000,1794.73,1802.5,1794.39,1796.59,18403.4
1783440000000,1796.59,1799.67,1792.13,1794.41,6570.74
1783440900000,1794.41,1804.38,1791.55,1801.63,10543.8
1783441800000,1801.63,1805.32,1797.77,1804.52,7599.66
1783442700000,1804.52,1812.5,1800.33,1801.38,13110.34
1783443600000,1801.38,1806.6,1799.66,1803.58,6528.2
1783444500000,1803.58,1805.71,1797.47,1805.23,5717.17
1783445400000,1805.23,1807.79,1802.89,1807.69,3130.25
1783446300000,1807.69,1809.87,1803.96,1809.53,8541.84
1783447200000,1809.53,1809.79,1801.67,1802.88,4222.37
1783448100000,1802.88,1806.2,1799.21,1799.78,4039.22
1783449000000,1799.78,1803.85,1797.88,1803.85,3841.87
1783449900000,1803.85,1804.33,1784.76,1785.37,15066.12
1783450800000,1785.37,1788.5,1777.06,1778.64,21663.92
1783451700000,1778.64,1783.99,1772.36,1782.37,14306.56
1783452600000,1782.37,1790.49,1782.31,1788.88,6182.25
1783453500000,1788.88,1791.64,1788,1789.65,3807.88
1783454400000,1789.65,1792.62,1785.1,1788.47,10072.06
1783455300000,1788.47,1789.22,1785.16,1786.68,2155.46
1783456200000,1786.68,1787.03,1783.01,1783.01,1447.04
1783457100000,1783.01,1783.35,1780.48,1783.28,4155.16
1783458000000,1783.28,1788.65,1783.27,1785.42,3237.24
1783458900000,1785.42,1785.42,1774.1,1777.87,6847.34
1783459800000,1777.87,1777.92,1770.51,1774.55,5328.66
1783460700000,1774.55,1777.66,1771.01,1772.87,4126.22
1783461600000,1772.87,1776.79,1764.3,1774.74,28739.78
1783462500000,1774.74,1776.64,1769.47,1771.87,6041.15
1783463400000,1771.87,1777.93,1770.78,1776.55,3972.03
1783464300000,1776.55,1776.83,1774.08,1774.67,3201.64
1783465200000,1774.67,1779.44,1773.9,1777.85,2693.64
1783466100000,1777.85,1780.52,1777.01,1779.04,2119.67
1783467000000,1779.04,1780.2,1771.6,1771.61,2600.81
1783467900000,1771.61,1772.4,1767.5,1770.64,4944.26
1783468800000,1770.64,1774.99,1769.26,1773.96,4126.49
1783469700000,1773.96,1781.43,1771.06,1779.23,13412.47
1783470600000,1779.23,1784.71,1776.59,1782.24,3726.43
1783471500000,1782.24,1782.86,1778.36,1779.74,2584.94
1783472400000,1779.74,1780.23,1775.1,1779.01,3093.68
1783473300000,1779.01,1779.04,1772.02,1772.02,4488.73
1783474200000,1772.02,1772.65,1748.66,1758.34,52405.82
1783475100000,1758.34,1761.9,1751.56,1755.18,8769.22
1783476000000,1755.18,1756.42,1749.18,1750.67,10250.88
1783476900000,1750.67,1754.92,1748,1751.39,7115.39
1783477800000,1751.39,1754.59,1740.65,1754.53,19393.98
1783478700000,1754.53,1758.85,1753.81,1756.89,8170.38
1783479600000,1756.89,1762.5,1756.89,1761.31,6782.16
1783480500000,1761.31,1763,1759.24,1762.45,5713.96
1783481400000,1762.45,1762.45,1755.56,1756.69,3812.86
1783482300000,1756.69,1756.84,1748.17,1750.72,9185.08
1783483200000,1750.72,1755.18,1748.5,1753.01,5245.59
1783484100000,1753.01,1757.4,1753.01,1756.46,2113
1783485000000,1756.46,1757.13,1750.61,1753.23,4077.16
1783485900000,1753.23,1755.92,1751.21,1755.6,3646.92
1783486800000,1755.6,1758.99,1754.51,1755.59,4707.43
1783487700000,1755.59,1757.32,1753.05,1754.94,1708.73
1783488600000,1754.94,1755.2,1751.03,1751.57,1925.83
1783489500000,1751.57,1754.31,1749.34,1753.21,8830.12
1783490400000,1753.21,1753.56,1749.36,1751.44,3315.48
1783491300000,1751.44,1753.69,1747.2,1750.56,4684.65
1783492200000,1750.56,1751.39,1745.2,1746.97,4080.4
1783493100000,1746.97,1754.52,1746.27,1750.92,5041.28
1783494000000,1750.92,1751.6,1744.08,1750.27,8837.95
1783494900000,1750.27,1752.58,1747,1752.33,4138.93
1783495800000,1752.33,1756.27,1751.58,1754.31,4380.56
1783496700000,1754.31,1756.72,1753.8,1755.91,4453.79
1783497600000,1755.91,1758,1753.8,1756.7,3036.51
1783498500000,1756.7,1757.35,1730.18,1730.39,40118.47
1783499400000,1730.39,1736.1,1723.7,1732.85,32096.43
1783500300000,1732.85,1742.72,1732.43,1734.71,19224.56
1783501200000,1734.71,1737,1731.69,1732.53,10316.74
1783502100000,1732.53,1734.83,1729.23,1734.32,6677.79
1783503000000,1734.32,1740,1734.17,1740,7166.54
1783503900000,1740,1740,1735,1735.22,2540.1
1783504800000,1735.22,1737.31,1731.87,1735.15,7533.19
1783505700000,1735.15,1739.87,1734.22,1739.25,3921.62
1783506600000,1739.25,1741.6,1737.86,1739.89,4219.47
1783507500000,1739.89,1739.97,1737.39,1738.57,1559.21
1783508400000,1738.57,1739.64,1735.01,1737.01,2900.82
1783509300000,1737.01,1739.63,1736.15,1737.85,2380.37
1783510200000,1737.85,1747.63,1735.27,1745.45,16390.71
1783511100000,1745.45,1750.67,1743.37,1747.27,13041.24
1783512000000,1747.27,1750.68,1744.43,1746.85,7696.11
1783512900000,1746.85,1748.99,1745.09,1746.46,6372.99
1783513800000,1746.46,1746.98,1742.61,1743.23,3819.69
1783514700000,1743.23,1746.17,1737.34,1737.56,10436.66
1783515600000,1737.56,1742.16,1736.28,1739.07,8385.97
1783516500000,1739.07,1740.61,1732.75,1735.82,9964
1783517400000,1735.82,1743.66,1735.63,1738.52,12505.87
1783518300000,1738.52,1739.07,1730.11,1736.97,17251.66
1783519200000,1736.97,1740.18,1734.34,1734.86,8103.88
1783520100000,1734.86,1740.23,1725.32,1731.96,24961.33
1783521000000,1731.96,1733.14,1727.31,1728.97,14500
1783521900000,1728.97,1732.66,1721.42,1728.85,23616.54
1783522800000,1728.85,1729.9,1715.66,1716.83,24270.25
1783523700000,1716.83,1719.8,1712.26,1716.42,26944.04
1783524600000,1716.42,1722.94,1715.44,1718.84,9042.57
1783525500000,1718.84,1723.43,1717.41,1722.23,4792.01
1783526400000,1722.23,1728.33,1722.02,1726,8437.43
1783527300000,1726,1732.98,1724.5,1730.42,7956.05
1783528200000,1730.42,1736.7,1726.06,1734.97,11826.75
1783529100000,1734.97,1737.56,1732.35,1735.69,5960.51
1783530000000,1735.69,1737.48,1732.28,1733.19,6203.53
1783530900000,1733.19,1742.46,1733.05,1742.38,7009.51
1783531800000,1742.38,1745.85,1740,1740.12,11103.69
1783532700000,1740.12,1740.34,1730,1732.45,15278.36
1783533600000,1732.45,1739.68,1731.29,1739.13,6532.82
1783534500000,1739.13,1739.67,1734.65,1736.01,4470.5
1783535400000,1736.01,1736.01,1729.02,1731.6,4444.27
1783536300000,1731.6,1740.44,1730.97,1736.61,3983.57
1783537200000,1736.61,1739.65,1733.05,1733.49,1620.14
1783538100000,1733.49,1738.04,1732.62,1737.42,1766.61
1783539000000,1737.42,1739.89,1737.14,1739.72,1569.46
1783539900000,1739.72,1740.92,1733.34,1740.19,7537.9
1783540800000,1740.19,1740.54,1734.89,1737.22,3390
1783541700000,1737.22,1738.8,1733.67,1738.39,5483.98
1783542600000,1738.39,1738.77,1734.12,1736.88,1644.48
1783543500000,1736.88,1738.08,1734.68,1735.74,2648.06
1783544400000,1735.74,1736.79,1730.41,1732.15,2607.18
1783545300000,1732.15,1734.56,1730.95,1734.55,995.67
1783546200000,1734.55,1736.45,1732.7,1734.33,4608.34
1783547100000,1734.33,1739.36,1734,1737.37,5012.14
1783548000000,1737.37,1742.96,1737.15,1737.58,5867.6
1783548900000,1737.58,1739.56,1735.99,1739.1,1024.92
1783549800000,1739.1,1740.54,1737.48,1739.55,1308.24
1783550700000,1739.55,1740.96,1738.14,1740.52,1087.75
1783551600000,1740.52,1743.5,1739.19,1741.22,1397.01
1783552500000,1741.22,1741.8,1738.7,1739.96,1716.61
1783553400000,1739.96,1742,1738.03,1741.41,3102.33
1783554300000,1741.41,1743.97,1739.7,1742.63,1489.74
1783555200000,1742.63,1743.54,1739.42,1742.25,4916.28
1783556100000,1742.25,1742.6,1738.1,1741.03,2752.92
1783557000000,1741.03,1744,1736.93,1739.49,2073.22
1783557900000,1739.49,1741.17,1736.05,1737.52,1759.62
1783558800000,1737.52,1755.51,1736.77,1747.08,21382.65
1783559700000,1747.08,1751,1744.07,1745.89,9126.88
1783560600000,1745.89,1746.66,1733.34,1735.8,10217.69
1783561500000,1735.8,1736.17,1729.22,1730.95,8776.53
1783562400000,1730.95,1738.9,1727.47,1737.06,10190.15
1783563300000,1737.06,1737.99,1733,1734.45,3339.16
1783564200000,1734.45,1734.71,1725.5,1725.51,9548.62
1783565100000,1725.51,1728.18,1722.33,1726.37,11122.1
1783566000000,1726.37,1727.53,1722.51,1727.15,5114.21
1783566900000,1727.15,1729.41,1720.52,1728.62,7665.24
1783567800000,1728.62,1733.85,1726.5,1729.83,6320.47
1783568700000,1729.83,1730.52,1727.4,1729.76,2563.72
1783569600000,1729.76,1732.88,1729.17,1730.26,6805.95
1783570500000,1730.26,1733.1,1730,1732.67,2714.15
1783571400000,1732.67,1740.42,1732.59,1739.3,17227.33
1783572300000,1739.3,1742.96,1737.29,1741.47,10221.7
1783573200000,1741.47,1747.89,1738.92,1743.45,11873.37
1783574100000,1743.45,1744.73,1737.55,1738.6,6712.23
1783575000000,1738.6,1742.62,1736.67,1741.87,2866.31
1783575900000,1741.87,1748.74,1741.1,1748.55,6645.83
1783576800000,1748.55,1753,1745,1746.83,14842.99
1783577700000,1746.83,1754.84,1745.26,1752,9503.36
1783578600000,1752,1754.3,1750.52,1754.29,4878.7
1783579500000,1754.29,1754.8,1752,1754.31,3887.96
1783580400000,1754.31,1761.5,1751.21,1753.1,22608.91
1783581300000,1753.1,1756.45,1749.18,1751.74,9574.76
1783582200000,1751.74,1755.19,1750.02,1755.17,3106.23
1783583100000,1755.17,1760.68,1751.42,1752.45,7526.23
1783584000000,1752.45,1753.9,1749.64,1753.51,5362.2
1783584900000,1753.51,1757.41,1752.92,1757.41,4522.37
1783585800000,1757.41,1758.12,1755.49,1757.04,2782.28
1783586700000,1757.04,1757.13,1751.77,1753.39,3335.65
1783587600000,1753.39,1753.98,1750.41,1751.74,4107.74
1783588500000,1751.74,1753.35,1750.33,1752.86,3537.33
1783589400000,1752.86,1754.55,1748.44,1749.18,5045.02
1783590300000,1749.18,1755.65,1748.3,1754.8,4327.6
1783591200000,1754.8,1756.8,1753.79,1754.71,1709.73
1783592100000,1754.71,1755.75,1751.3,1751.86,1672.99
1783593000000,1751.86,1753.61,1750.9,1751.72,1423.87
1783593900000,1751.72,1751.72,1743.15,1745.4,9755.36
1783594800000,1745.4,1747.61,1744.65,1747.44,3935.36
1783595700000,1747.44,1747.44,1740.26,1741.59,7007.73
1783596600000,1741.59,1743.27,1740.47,1741.51,4028.35
1783597500000,1741.51,1744.72,1740.28,1743.19,6546.54
1783598400000,1743.19,1744.88,1738.23,1740.01,9901.04
1783599300000,1740.01,1742.59,1738,1740.24,27324.24
1783600200000,1740.24,1746.67,1736.38,1737.85,14347.15
1783601100000,1737.85,1742.45,1733.87,1740.88,13102.9
1783602000000,1740.88,1749.97,1740.67,1748.03,5807.8
1783602900000,1748.03,1748.15,1741.57,1743,3059.5
1783603800000,1743,1745.33,1735,1745.27,14120.92
1783604700000,1745.27,1751.61,1739.63,1746.39,11211.14
1783605600000,1746.39,1749.35,1740.16,1741.61,4514.02
1783606500000,1741.61,1741.61,1732.62,1739.67,34787.29
1783607400000,1739.67,1743.57,1735.6,1740.39,7255.05
1783608300000,1740.39,1743.35,1736.01,1742.5,5390.71
1783609200000,1742.5,1747.06,1739.22,1744.67,4683.72
1783610100000,1744.67,1748.8,1740.81,1742.03,4887.53
1783611000000,1742.03,1744.92,1737.53,1740.39,4133.57
1783611900000,1740.39,1742.3,1736.31,1738.59,4582.33
1783612800000,1738.59,1743.07,1736.64,1737.9,4807.27
1783613700000,1737.9,1738.81,1731.25,1735.51,15620.78
1783614600000,1735.51,1739.66,1734.49,1737.86,3775.85
1783615500000,1737.86,1738.84,1734.37,1738.38,3378.73
1783616400000,1738.38,1741.5,1737.58,1738.82,3570.76
1783617300000,1738.82,1743.81,1738.82,1742.03,1585.65
1783618200000,1742.03,1752.46,1739.65,1748.84,13845.24
1783619100000,1748.84,1749.84,1745.74,1747.66,4390.92
1783620000000,1747.66,1756.99,1746.54,1755.66,10515.74
1783620900000,1755.66,1759.39,1750.49,1753.99,6864.6
1783621800000,1753.99,1754.07,1751.08,1753.35,2562.17
1783622700000,1753.35,1753.98,1748.51,1750.58,2659.24
1783623600000,1750.58,1751,1747.54,1748.24,2940.15
1783624500000,1748.24,1749.38,1746.14,1748.89,2861.98
1783625400000,1748.89,1752.14,1747.96,1751.33,2029.37
1783626300000,1751.33,1751.85,1746.72,1747.77,2566.23
1783627200000,1747.77,1748.98,1745.01,1745.44,3001.1
1783628100000,1745.44,1748.2,1744.21,1747.16,3756.96
1783629000000,1747.16,1749.77,1746.22,1749.25,1463.29
1783629900000,1749.25,1749.47,1746.64,1748,1487.82
1783630800000,1748,1750.39,1745.7,1747.21,1889.94
1783631700000,1747.21,1748.75,1745,1745.65,954.75
1783632600000,1745.65,1746.49,1744.18,1745.21,3634.4
1783633500000,1745.21,1748,1744.36,1747.53,627.19
1783634400000,1747.53,1750,1746.12,1747.33,1466.55
1783635300000,1747.33,1750.5,1746.93,1748.43,903.74
1783636200000,1748.43,1750.46,1745.5,1749.27,1834.5
1783637100000,1749.27,1750.21,1746.59,1746.63,2325.03
1783638000000,1746.63,1748.45,1745.42,1745.43,904.15
1783638900000,1745.43,1747.87,1740.67,1745.57,6869.08
1783639800000,1745.57,1746.5,1743.27,1746.31,3258.87
1783640700000,1746.31,1746.98,1744.23,1744.32,784.66
1783641600000,1744.32,1744.73,1740.36,1744.34,1980.41
1783642500000,1744.34,1745.67,1739.2,1741.24,3109.09
1783643400000,1741.24,1743.25,1736.75,1740.16,6801.42
1783644300000,1740.16,1742.36,1737.18,1742.22,3079.84
1783645200000,1742.22,1743.61,1737.16,1742.02,2286.82
1783646100000,1742.02,1750.88,1741.67,1749.69,5869.96
1783647000000,1749.69,1752.72,1747.13,1748.61,8776.27
1783647900000,1748.61,1777.38,1748.41,1767,56943.48
1783648800000,1767,1769.69,1763.83,1768.05,12580.96
1783649700000,1768.05,1769.94,1764.81,1766.01,3935.68
1783650600000,1766.01,1769.39,1765,1768.33,2791.5
1783651500000,1768.33,1774.8,1766.6,1772.02,15651.48
1783652400000,1772.02,1772.74,1768.8,1771.5,4368.78
1783653300000,1771.5,1772.37,1769.34,1769.66,2839.75
1783654200000,1769.66,1775.44,1768.32,1774.96,4575.27
1783655100000,1774.96,1779.21,1773.56,1775.25,8484.77
1783656000000,1775.25,1778.57,1774.81,1778.29,4992.46
1783656900000,1778.29,1779.42,1772.79,1772.96,4907.61
1783657800000,1772.96,1776.68,1770.62,1774.85,5203.67
1783658700000,1774.85,1776.98,1772.73,1773.79,4829.82
1783659600000,1773.79,1774.13,1771.37,1771.55,1736.06
1783660500000,1771.55,1773.73,1771.34,1772.68,1413.2
1783661400000,1772.68,1778.5,1772,1778.03,7614.6
1783662300000,1778.03,1779.1,1776.26,1777.99,3240.41
1783663200000,1777.99,1779.18,1775.46,1776.99,7739.27
1783664100000,1776.99,1777,1768.18,1769.61,10776.36
1783665000000,1769.61,1772.79,1769.4,1772.26,2577.44
1783665900000,1772.26,1773.18,1769.41,1770.39,3458.44
1783666800000,1770.39,1773.1,1767.76,1773.1,4355.77
1783667700000,1773.1,1776.88,1771.66,1775.27,2665.4
1783668600000,1775.27,1775.28,1771.5,1771.5,1160.88
1783669500000,1771.5,1772.97,1770.86,1772.63,1451.23
1783670400000,1772.63,1775.4,1771.72,1775.34,2213.07
1783671300000,1775.34,1787.95,1775.34,1785.01,28671.35
1783672200000,1785.01,1788.6,1783.64,1784.62,12816.27
1783673100000,1784.62,1784.89,1782.09,1783.01,3631.44
1783674000000,1783.01,1784.95,1780.11,1782.21,4188.13
1783674900000,1782.21,1787.74,1781.96,1787.57,4667.86
1783675800000,1787.57,1793.73,1787.31,1791.9,13379.21
1783676700000,1791.9,1794.09,1790.22,1791.63,3910.1
1783677600000,1791.63,1793.22,1788.35,1789.47,9984.96
1783678500000,1789.47,1802.55,1789.36,1799.37,20939.7
1783679400000,1799.37,1801.86,1795.27,1798.83,6608.03
1783680300000,1798.83,1799.24,1796,1796,2635.33
1783681200000,1796,1799.04,1796,1799,3670.78
1783682100000,1799,1801.29,1795.31,1796.34,5517.11
1783683000000,1796.34,1796.96,1793.12,1796.78,3740.99
1783683900000,1796.78,1801.69,1796.22,1800.39,5190.93
1783684800000,1800.39,1806.94,1797.4,1803.89,13795.61
1783685700000,1803.89,1804.58,1799,1799.91,6957.88
1783686600000,1799.91,1800.34,1793.34,1793.66,8515.32
1783687500000,1793.66,1794.99,1791.8,1793.15,4536.8
1783688400000,1793.15,1796.28,1792.63,1793.76,3178.38
1783689300000,1793.76,1798.07,1793.42,1794.81,4509.39
1783690200000,1794.81,1802.96,1793.88,1800.78,9805.62
1783691100000,1800.78,1811.98,1800.37,1802.88,21205.97
1783692000000,1802.88,1803.82,1791.25,1792.49,12841.73
1783692900000,1792.49,1793.37,1776.35,1787.87,40601.31
1783693800000,1787.87,1793.85,1774.36,1787.08,27956.43
1783694700000,1787.08,1788.35,1782.69,1784.16,11017.71
1783695600000,1784.16,1790.55,1782.9,1787.09,7832.84
1783696500000,1787.09,1796.26,1787.09,1793.16,11713.84
1783697400000,1793.16,1793.9,1785.58,1787.13,3629.59
1783698300000,1787.13,1790.45,1786.08,1790.27,1951.57
1783699200000,1790.27,1793.17,1787.04,1792.44,4662.24
1783700100000,1792.44,1795.56,1789.01,1790.38,4548.49
1783701000000,1790.38,1792.25,1784.45,1789.29,7986.58
1783701900000,1789.29,1798.64,1788.39,1796.77,6781.04
1783702800000,1796.77,1798.33,1790.67,1791.03,12075.54
1783703700000,1791.03,1794,1788.25,1792.47,4468.03
1783704600000,1792.47,1792.56,1787.5,1788.41,2657.86
1783705500000,1788.41,1790.82,1787.15,1787.21,3013.84
1783706400000,1787.21,1792.98,1787.21,1788.27,4185.18
1783707300000,1788.27,1791.6,1786.61,1789.29,3144.57
1783708200000,1789.29,1789.47,1786.75,1787.66,1758.22
1783709100000,1787.66,1787.72,1780.08,1784.03,10588.2
1783710000000,1784.03,1787.44,1783.09,1786.85,1642.08
1783710900000,1786.85,1788.65,1784.08,1787.2,2792.23
1783711800000,1787.2,1796.3,1786.97,1795.04,15398.25
1783712700000,1795.04,1795.72,1790.96,1791.72,3649.57
1783713600000,1791.72,1792.13,1789.36,1791.97,1540.08
1783714500000,1791.97,1793.58,1788.51,1790.44,3285.2
1783715400000,1790.44,1793.57,1790.2,1791.06,881.25
1783716300000,1791.06,1793.08,1789.15,1789.31,1385.21
1783717200000,1789.31,1792.28,1788.78,1791.44,2209.72
1783718100000,1791.44,1793.16,1790.46,1792.66,1812.47
1783719000000,1792.66,1796,1792.66,1794.79,1167.47
1783719900000,1794.79,1794.89,1792.91,1793.52,1575.57
1783720800000,1793.52,1795.47,1792.85,1795.2,1965.89
1783721700000,1795.2,1795.68,1792.07,1794.3,1901.15
1783722600000,1794.3,1795.18,1792.64,1792.8,662.98
1783723500000,1792.8,1795.94,1792.27,1794.28,1114.96
1783724400000,1794.28,1795.56,1791.28,1795.31,1946.69
1783725300000,1795.31,1797.38,1793.89,1795.25,3331.59
1783726200000,1795.25,1796.13,1794.35,1795.34,1054.85
1783727100000,1795.34,1796.57,1794.65,1795.99,814.36
1783728000000,1795.99,1796.47,1792.2,1792.93,4091.49
1783728900000,1792.93,1794.31,1789.19,1792.79,6058.84
1783729800000,1792.79,1793.35,1788.98,1792.83,2239.07
1783730700000,1792.83,1792.84,1790.54,1792.3,952.25
1783731600000,1792.3,1794.16,1790.94,1792.76,1554.59
1783732500000,1792.76,1798.55,1792.73,1794.74,3542.76
1783733400000,1794.74,1796.5,1788.11,1788.42,5703.85
1783734300000,1788.42,1792.87,1786.71,1788.12,3575.86
1783735200000,1788.12,1790.79,1785.55,1789.19,3035.12
1783736100000,1789.19,1791.27,1789.12,1790.72,1527.57
1783737000000,1790.72,1794.83,1790.2,1793.82,2252.66
1783737900000,1793.82,1795.29,1793.36,1794.66,1173.37
1783738800000,1794.66,1796.5,1793.53,1796,1698.53
1783739700000,1796,1796.57,1791.8,1794.2,3821.87
1783740600000,1794.2,1797.53,1793.77,1796.03,2199.39
1783741500000,1796.03,1797.26,1795.4,1795.65,1532.93
1783742400000,1795.65,1796.27,1794.8,1795.99,1115.21
1783743300000,1795.99,1797.26,1794.89,1795.79,1234.23
1783744200000,1795.79,1799.5,1795.77,1796.78,4044.43
1783745100000,1796.78,1797.44,1795,1795.67,1523.66
1783746000000,1795.67,1797.46,1794.15,1796.98,2088.9
1783746900000,1796.98,1799.13,1796.43,1798.28,1103.69
1783747800000,1798.28,1801.82,1796.75,1797.31,3479.82
1783748700000,1797.31,1798.86,1796.76,1798.45,1071.96
1783749600000,1798.45,1798.45,1793.55,1797.11,5016.54
1783750500000,1797.11,1802.42,1797.11,1799.14,5287.57
1783751400000,1799.14,1801.63,1799.02,1799.17,1336.78
1783752300000,1799.17,1800.05,1797.76,1798.33,1479.01
1783753200000,1798.33,1799.41,1797.01,1799.09,2370.05
1783754100000,1799.09,1801.11,1798.49,1799.98,1875.56
1783755000000,1799.98,1800.94,1799.01,1799.54,1146.6
1783755900000,1799.54,1799.76,1798.23,1798.95,2623.88
1783756800000,1798.95,1801,1798.47,1800.59,1394.96
1783757700000,1800.59,1800.92,1799.75,1800.21,1183.12
1783758600000,1800.21,1802.69,1800.09,1801.45,1177.96
1783759500000,1801.45,1801.68,1799.38,1800.44,1398.49
1783760400000,1800.44,1801.6,1797.73,1797.79,1586.27
1783761300000,1797.79,1799.08,1797.17,1798.94,1299.98
1783762200000,1798.94,1799.87,1796.47,1798.22,1367.96
1783763100000,1798.22,1798.3,1794.23,1794.66,2368
1783764000000,1794.66,1796.82,1794.44,1796.61,4581.73
1783764900000,1796.61,1798.11,1794.56,1797.88,3805.58
1783765800000,1797.88,1798.2,1795.79,1796.81,2064.26
1783766700000,1796.81,1798.36,1796.81,1797.4,740.6
1783767600000,1797.4,1798.47,1796.3,1797.95,1965.37
1783768500000,1797.95,1798.32,1796.68,1798.09,984.82
1783769400000,1798.09,1799.59,1797.88,1798.97,3069.71
1783770300000,1798.97,1799.94,1798.31,1799.43,1260.2
1783771200000,1799.43,1800.59,1798.15,1799.4,1194.09
1783772100000,1799.4,1799.8,1797.55,1799.03,687.6
1783773000000,1799.03,1799.07,1797.28,1798.16,1238.38
1783773900000,1798.16,1800.16,1798.16,1799.11,1511.12
1783774800000,1799.11,1799.47,1798,1799.25,1188.15
1783775700000,1799.25,1801.5,1798.79,1800.61,3435.39
1783776600000,1800.61,1807.49,1800.39,1802.7,14293.59
1783777500000,1802.7,1804.1,1801.34,1801.75,4533.52
1783778400000,1801.75,1803.87,1801.72,1801.72,4088.19
1783779300000,1801.72,1806.7,1801.6,1805.28,4770.06
1783780200000,1805.28,1817.56,1805.13,1813.79,39743.26
1783781100000,1813.79,1814.83,1809.7,1809.71,5747.88
1783782000000,1809.71,1825.98,1809.71,1820.53,29894.52
1783782900000,1820.53,1829.07,1817.91,1823.46,22638.73
1783783800000,1823.46,1823.55,1810.72,1811.51,26539.64
1783784700000,1811.51,1814.92,1807.47,1813.94,9509.81
1783785600000,1813.94,1815.37,1809.81,1814.13,9186.36
1783786500000,1814.13,1819.6,1812.56,1818.93,7614.65
1783787400000,1818.93,1823.67,1816.05,1817.35,13560.61
1783788300000,1817.35,1822.96,1815.35,1822.51,17803.23
1783789200000,1822.51,1823,1819.56,1819.65,3577.97
1783790100000,1819.65,1822,1817.3,1821.86,2192.28
1783791000000,1821.86,1829.1,1821.64,1825.65,21333.99
1783791900000,1825.65,1827.85,1823.29,1823.88,7225.7
1783792800000,1823.88,1825.24,1822.59,1823.4,2888.9
1783793700000,1823.4,1829.4,1823.32,1825,6478.12
1783794600000,1825,1828.03,1824.5,1827.6,5307.44
1783795500000,1827.6,1827.99,1823.34,1825.46,4661.09
1783796400000,1825.46,1826.75,1823.15,1824.33,4315.89
1783797300000,1824.33,1824.7,1818.41,1819.14,5049.37
1783798200000,1819.14,1821.39,1818.4,1820.61,5715.05
1783799100000,1820.61,1823.8,1820.44,1823.79,1595.05
1783800000000,1823.79,1824.77,1823.13,1824.26,1312.83
1783800900000,1824.26,1825.3,1824.03,1825.09,711.79
1783801800000,1825.09,1827.86,1824.48,1826.9,1998.78
1783802700000,1826.9,1827.57,1824.14,1825,1419.25
1783803600000,1825,1828.73,1825,1825.69,3816.42
1783804500000,1825.69,1827.43,1824.3,1824.85,2492.39
1783805400000,1824.85,1825.96,1821.61,1822.38,1133
1783806300000,1822.38,1824.61,1821.9,1822.92,1376.73
1783807200000,1822.92,1823,1820.71,1821.55,4690.67
1783808100000,1821.55,1821.55,1808.25,1812.6,12263.14
1783809000000,1812.6,1816.19,1811.72,1814.61,4066.26
1783809900000,1814.61,1814.74,1810.98,1812.97,3737.01
1783810800000,1812.97,1814.9,1805.52,1807.6,7886.43
1783811700000,1807.6,1809.69,1791,1794.79,28730.49
1783812600000,1794.79,1795.73,1785.34,1790.22,25513.22
1783813500000,1790.22,1793.91,1786.43,1786.61,17270.98
1783814400000,1786.61,1790.08,1781.56,1783.17,18834.44
1783815300000,1783.17,1789.43,1782.19,1786.7,12364.33
1783816200000,1786.7,1787.31,1778.25,1785.73,11419.2
1783817100000,1785.73,1789.86,1783.66,1788.03,6675.66
1783818000000,1788.03,1796.13,1787.02,1792.27,11478.13
1783818900000,1792.27,1801.58,1791.68,1799.74,26196.4
1783819800000,1799.74,1807.65,1799,1806.13,12900.24
1783820700000,1806.13,1807.76,1804.07,1805.72,4740.54
1783821600000,1805.72,1805.81,1802.08,1802.8,6059.79
1783822500000,1802.8,1806.74,1802.52,1804.8,3414.43
1783823400000,1804.8,1806.28,1803,1804.84,3396.06
1783824300000,1804.84,1806.74,1803.61,1804.17,2812.23
1783825200000,1804.17,1806.24,1801.7,1805.17,3253.36
1783826100000,1805.17,1807.84,1805,1806.67,3927.05
1783827000000,1806.67,1813.44,1806.02,1809.5,11784.16
1783827900000,1809.5,1811.36,1808.02,1810.87,3230.12
1783828800000,1810.87,1810.99,1808.93,1809.6,1653.44
1783829700000,1809.6,1811.9,1807.23,1808.85,2667.44
1783830600000,1808.85,1809.57,1804.32,1807.59,6996.05
1783831500000,1807.59,1807.67,1802.87,1804.99,2655.6
1783832400000,1804.99,1806.4,1803.5,1803.71,1732.58
1783833300000,1803.71,1803.98,1800.14,1800.8,7029.76
1783834200000,1800.8,1804.88,1800.33,1804.29,3142.2
1783835100000,1804.29,1804.63,1802.46,1802.46,892.2
1783836000000,1802.46,1802.46,1791.59,1792.35,14242.18
1783836900000,1792.35,1793.71,1788.29,1789.74,5390.51
1783837800000,1789.74,1794.3,1788.76,1793.42,5113.36
1783838700000,1793.42,1795.08,1791.91,1794.2,3811.48
1783839600000,1794.2,1797.37,1793.38,1797.04,5189.48
1783840500000,1797.04,1798.4,1795.56,1796.01,2031.45
1783841400000,1796.01,1796.69,1795.5,1796.31,1383.27
1783842300000,1796.31,1798,1795.64,1797.89,1786.19
1783843200000,1797.89,1808.43,1797.67,1806.82,15677.98
1783844100000,1806.82,1808.34,1802.99,1802.99,5025.25
1783845000000,1802.99,1804.65,1802.67,1804.02,2286.19
1783845900000,1804.02,1805.33,1802.29,1804.36,4556.07
1783846800000,1804.36,1805,1800.01,1800.01,3856.66
1783847700000,1800.01,1800.21,1795.63,1798.54,6341.95
1783848600000,1798.54,1803.65,1798.53,1802.78,8304.74
1783849500000,1802.78,1803.29,1801.2,1801.48,2260.18
1783850400000,1801.48,1801.63,1798.88,1800.04,2356.8
1783851300000,1800.04,1801.56,1798.38,1800,2194.8
1783852200000,1800,1800.8,1798.38,1799.18,3636.2
1783853100000,1799.18,1800.1,1797.95,1798.63,1813.85
1783854000000,1798.63,1800.22,1795.65,1797.52,1956.04
1783854900000,1797.52,1800.22,1797.15,1800.21,1255
1783855800000,1800.21,1805.98,1800.21,1805.11,9259.24
1783856700000,1805.11,1806,1802.51,1803,2249.06
1783857600000,1803,1806.96,1801.99,1806.09,4216.16
1783858500000,1806.09,1807.21,1804.44,1806.71,2847
1783859400000,1806.71,1807.02,1804,1805.4,1979.41
1783860300000,1805.4,1808.7,1804.32,1805.92,11597.59
1783861200000,1805.92,1807.92,1804.24,1806.92,3197.12
1783862100000,1806.92,1809.17,1805.31,1806.71,2856.66
1783863000000,1806.71,1808,1805.53,1806.51,3082.67
1783863900000,1806.51,1807,1804.42,1805,3255.6
1783864800000,1805,1806.29,1802.92,1803.5,4319.76
1783865700000,1803.5,1805.15,1803.31,1804.85,3306.34
1783866600000,1804.85,1809.63,1804.72,1808.74,5094.02
1783867500000,1808.74,1824.34,1808.07,1818.75,30049.8
1783868400000,1818.75,1824.41,1815.73,1821.04,8414.61
1783869300000,1821.04,1825.76,1816.92,1825.25,16198.71
1783870200000,1825.25,1826.17,1818.08,1820.99,13040.84
1783871100000,1820.99,1824.22,1819.67,1820,7965.08
1783872000000,1820,1823.45,1816.27,1817.1,7688.86
1783872900000,1817.1,1822.9,1817.1,1821.77,5906.12
1783873800000,1821.77,1821.92,1818.01,1818.79,4084.91
1783874700000,1818.79,1821.7,1818.26,1820.77,3173.33
1783875600000,1820.77,1821.3,1818.68,1818.91,1449.89
1783876500000,1818.91,1820.19,1817.47,1817.67,2967.3
1783877400000,1817.67,1821.33,1817.33,1820.18,1443.7
1783878300000,1820.18,1820.31,1813.7,1817.27,7278.73
1783879200000,1817.27,1820.15,1814.81,1816.25,5457.99
1783880100000,1816.25,1819.26,1814,1817.74,3420.87
1783881000000,1817.74,1821.35,1817.65,1820.09,4281.59
1783881900000,1820.09,1821.42,1820,1820.58,813.48
1783882800000,1820.58,1822.22,1819.62,1819.75,970.5
1783883700000,1819.75,1820.9,1819.12,1820.48,519.2
1783884600000,1820.48,1820.48,1818,1818,604.94
1783885500000,1818,1822.5,1817.64,1820.42,1036.53
1783886400000,1820.42,1821.43,1818.65,1818.73,1120.36
1783887300000,1818.73,1819.71,1817.65,1818.98,860.41
1783888200000,1818.98,1823.58,1817.72,1822.29,2809.12
1783889100000,1822.29,1822.67,1819.8,1820.4,1235.18
1783890000000,1820.4,1822.7,1818.99,1819.08,2700.22
1783890900000,1819.08,1819.26,1812.08,1814.16,5473.94
1783891800000,1814.16,1814.23,1811.3,1812.2,3154.91
1783892700000,1812.2,1813.87,1810.22,1811.52,3912.88
1783893600000,1811.52,1811.57,1796.28,1801.33,24681.21
1783894500000,1801.33,1803.97,1796.45,1801.67,9803.06
1783895400000,1801.67,1803.71,1799.38,1800.33,3184.71
1783896300000,1800.33,1805.96,1796.53,1804.19,6335.15
1783897200000,1804.19,1804.74,1800.02,1802.62,4220.25
1783898100000,1802.62,1804.34,1801.38,1803.99,2754.37
1783899000000,1803.99,1808.45,1803.6,1806.79,6357.04
1783899900000,1806.79,1808,1803.4,1806.01,3276.66
1783900800000,1806.01,1845.47,1803.5,1839.4,58786.27
1783901700000,1839.4,1843.53,1830.23,1830.8,15834.54
1783902600000,1830.8,1832.67,1806.03,1813.57,31138.68
1783903500000,1813.57,1828.08,1813.18,1825.64,14025.63
1783904400000,1825.64,1829.53,1814.11,1821.49,17406.72
1783905300000,1821.49,1827.86,1813.83,1815.71,8839.07
1783906200000,1815.71,1819.78,1810.89,1817.27,9125.52
1783907100000,1817.27,1817.52,1804.35,1806.03,13548.93
1783908000000,1806.03,1807.17,1798.04,1804.17,18117.54
1783908900000,1804.17,1810.91,1804.02,1809.18,9468.87
1783909800000,1809.18,1814.09,1806.92,1810.63,7669.85
1783910700000,1810.63,1810.99,1805.41,1806.02,4231.78
1783911600000,1806.02,1806.02,1783.76,1788.71,32440.4
1783912500000,1788.71,1795.01,1785.32,1794.23,19814.26
1783913400000,1794.23,1794.23,1773.7,1778.38,52643.19
1783914300000,1778.38,1781.4,1777.08,1779.79,7474.87
1783915200000,1779.79,1780.15,1775.24,1779.19,8355.31
1783916100000,1779.19,1784.38,1778.48,1783.89,6696.28
1783917000000,1783.89,1784,1777.25,1779.8,9847
1783917900000,1779.8,1781.78,1777.5,1778.09,3572.96
1783918800000,1778.09,1785.89,1773.48,1783.85,12790.93
1783919700000,1783.85,1785.7,1777.4,1778.72,11228.35
1783920600000,1778.72,1784.55,1773.5,1781.91,11119.23
1783921500000,1781.91,1782,1779.19,1780.79,1742.82
1783922400000,1780.79,1782.78,1775.69,1777.19,3746.47
1783923300000,1777.19,1778.93,1775.44,1778.91,5683.81
1783924200000,1778.91,1780.04,1775.1,1777.93,3212.06
1783925100000,1777.93,1778.8,1776.25,1777.16,3348.96
1783926000000,1777.16,1780.55,1775.48,1778,4090.83
1783926900000,1778,1787.85,1778,1786.35,10687.93
1783927800000,1786.35,1790.46,1785.15,1786.68,10358.24
1783928700000,1786.68,1787.39,1784.54,1786.41,3319.71
1783929600000,1786.41,1788.45,1782.63,1785.82,3700.43
1783930500000,1785.82,1786.93,1783.83,1785.4,2375.95
1783931400000,1785.4,1787.75,1783.36,1787.57,3385.48
1783932300000,1787.57,1792.74,1787.35,1789.19,5679.21
1783933200000,1789.19,1789.58,1787.05,1787.92,1646.46
1783934100000,1787.92,1787.92,1784.04,1786.56,3446.47
1783935000000,1786.56,1786.97,1785.15,1785.71,1559.97
1783935900000,1785.71,1785.93,1783.74,1784.81,1254.95
1783936800000,1784.81,1785.89,1780,1781.55,4294.09
1783937700000,1781.55,1784.87,1780.5,1781.36,3334.86
1783938600000,1781.36,1783.44,1777.65,1778.73,4911.67
1783939500000,1778.73,1780.19,1776.11,1778.82,4132.69
1783940400000,1778.82,1784.15,1778.82,1781.81,4546.24
1783941300000,1781.81,1782.55,1779,1781.27,2850.93
1783942200000,1781.27,1782.82,1780.01,1781.18,1609.27
1783943100000,1781.18,1782.9,1779.67,1780.01,3224.75
1783944000000,1780.01,1782.6,1777.83,1779.74,4592.84
1783944900000,1779.74,1781.09,1775.33,1776.3,8951.33
1783945800000,1776.3,1777.66,1766.67,1770,31413.98
1783946700000,1770,1771.94,1769.43,1771.47,4280.76
1783947600000,1771.47,1772.85,1767.6,1767.7,4743.04
1783948500000,1767.7,1770.38,1763.55,1768.74,11357.03
1783949400000,1768.74,1775.86,1762.33,1767.28,25167.97
1783950300000,1767.28,1771.55,1763.27,1770.65,15536.88
1783951200000,1770.65,1773.99,1767.03,1773.24,9964.06
1783952100000,1773.24,1775.53,1761.88,1771.1,23600.95
1783953000000,1771.1,1777.95,1768,1775.73,12470.73
1783953900000,1775.73,1781.55,1774,1781.03,13327.22
1783954800000,1781.03,1782.38,1776.79,1777.33,6450.08
1783955700000,1777.33,1785.9,1776.98,1782.01,13099.99
1783956600000,1782.01,1782.3,1774.74,1777.17,7961.78
1783957500000,1777.17,1777.86,1774.52,1776.01,5447.6
1783958400000,1776.01,1780.28,1775.04,1777.57,5673.17
1783959300000,1777.57,1777.57,1770.17,1771.39,11965.88
1783960200000,1771.39,1774.33,1766.25,1773.36,12323.72
1783961100000,1773.36,1775.76,1769.23,1771.07,5381.04
1783962000000,1771.07,1775.7,1769,1773.59,5234.14
1783962900000,1773.59,1774,1769.41,1770.66,2869.58
1783963800000,1770.66,1771.91,1762.5,1766.85,12217.29
1783964700000,1766.85,1768.59,1752.04,1752.63,27773.34
1783965600000,1752.63,1759.94,1751.4,1756.14,16482.29
1783966500000,1756.14,1758.9,1747.77,1757.56,20745.74
1783967400000,1757.56,1761.75,1756.21,1760.82,4825.61
1783968300000,1760.82,1766.6,1760.06,1764.15,5248.33
1783969200000,1764.15,1766.33,1763.62,1765.69,2183.54
1783970100000,1765.69,1768.25,1763.61,1764.4,7345.08
1783971000000,1764.4,1771.2,1764.4,1771,6494.11
1783971900000,1771,1774.51,1768.78,1773.95,7128.9
1783972800000,1773.95,1776.34,1770.42,1770.49,4572.78
1783973700000,1770.49,1770.63,1764.09,1768.87,10853.19
1783974600000,1768.87,1769.79,1766.75,1767.21,1262.77
1783975500000,1767.21,1767.22,1760.44,1766.32,7426.96
1783976400000,1766.32,1766.42,1760.7,1762.24,2392.86
1783977300000,1762.24,1763.2,1759.44,1759.49,5793.32
1783978200000,1759.49,1759.54,1751.31,1754.99,11511.31
1783979100000,1754.99,1761.69,1754,1760.93,3920.26
1783980000000,1760.93,1767.5,1760.45,1765.49,5222.53
1783980900000,1765.49,1767.88,1764.46,1764.99,2435.35
1783981800000,1764.99,1765.93,1761.25,1763.2,3734.68
1783982700000,1763.2,1763.9,1755.12,1757.29,3724.02
1783983600000,1757.29,1761.53,1755.23,1760.6,5184.86
1783984500000,1760.6,1770.32,1760.49,1766.54,6941.19
1783985400000,1766.54,1768.66,1765,1766.6,4104.82
1783986300000,1766.6,1777.72,1765.98,1776.02,10348.18
1783987200000,1776.02,1781.37,1772.55,1779.35,10819.7
1783988100000,1779.35,1780.35,1775.63,1777.94,4785.24
1783989000000,1777.94,1784.06,1777.94,1778.69,8780.11
1783989900000,1778.69,1788.34,1778.54,1785.4,10406.78
1783990800000,1785.4,1785.97,1783.12,1784.85,4766.37
1783991700000,1784.85,1793.97,1783.41,1786.67,19377.58
1783992600000,1786.67,1787.49,1782.11,1783.47,5392.14
1783993500000,1783.47,1785.38,1782.69,1783.9,2249.75
1783994400000,1783.9,1788.15,1781.87,1782.75,7425.96
1783995300000,1782.75,1783.87,1774,1776.94,9891.17
1783996200000,1776.94,1784.87,1776.94,1784.22,5967.74
1783997100000,1784.22,1785.36,1780.5,1781.85,2640.23
1783998000000,1781.85,1783.24,1774.84,1775.51,3833.36
1783998900000,1775.51,1779.32,1773.38,1779.19,6049.41
1783999800000,1779.19,1782.89,1777.87,1779.98,2806.7
1784000700000,1779.98,1782.99,1779.66,1782.69,2185.6
1784001600000,1782.69,1787.06,1781.29,1782.82,3771.38
1784002500000,1782.82,1788.04,1781.25,1786.65,4653.55
1784003400000,1786.65,1789.03,1785.1,1785.24,4165.02
1784004300000,1785.24,1785.9,1783.47,1784.93,2976.35
1784005200000,1784.93,1792.35,1783.28,1789.12,5468.73
1784006100000,1789.12,1791.39,1787.52,1789.7,3425.48
1784007000000,1789.7,1791.35,1784.21,1786.45,5761.23
1784007900000,1786.45,1786.93,1785.38,1786.21,3114.55
1784008800000,1786.21,1786.67,1783.62,1784.22,4484.71
1784009700000,1784.22,1786.48,1783.87,1784.63,1542.17
1784010600000,1784.63,1786.69,1782.12,1783.71,3055.46
1784011500000,1783.71,1783.85,1780.66,1782.35,4560.9
1784012400000,1782.35,1782.98,1780.2,1781.92,2972.98
1784013300000,1781.92,1785.43,1781.01,1784.65,3152.22
1784014200000,1784.65,1784.66,1778.5,1780,4732.85
1784015100000,1780,1781.58,1778.28,1780.03,1559.04
1784016000000,1780.03,1781.82,1777.72,1780.31,2348.95
1784016900000,1780.31,1787.15,1780.31,1785.53,2912.32
1784017800000,1785.53,1788.8,1783.88,1787,4159.71
1784018700000,1787,1787.36,1783.58,1785.07,2239.53
1784019600000,1785.07,1787.98,1784.23,1787.49,3323.9
1784020500000,1787.49,1788.79,1786.05,1786.81,3117.98
1784021400000,1786.81,1787.31,1781.82,1784.1,4970.11
1784022300000,1784.1,1787.92,1783.29,1784.99,4038.07
1784023200000,1784.99,1790.8,1784.86,1788.9,4864.39
1784024100000,1788.9,1790,1787.02,1787.32,2941.8
1784025000000,1787.32,1794.44,1785.07,1793.41,8988.62
1784025900000,1793.41,1804.68,1792.8,1799.5,29013.2
1784026800000,1799.5,1799.99,1794.79,1797.84,8256.69
1784027700000,1797.84,1802.41,1795.95,1799.91,4904.11
1784028600000,1799.91,1800.32,1797,1798.52,3026.13
1784029500000,1798.52,1799.5,1797,1797.32,6597.69
1784030400000,1797.32,1798.4,1793.44,1795.08,4858.31
1784031300000,1795.08,1808.39,1794.18,1800.75,22274.71
1784032200000,1800.75,1831.61,1800.1,1824.35,110088.87
1784033100000,1824.35,1866.58,1824.35,1860.45,103211.79
1784034000000,1860.45,1866.38,1853.76,1857.48,36724.28
1784034900000,1857.48,1883,1855.85,1879.07,83090.12
1784035800000,1879.07,1880,1866.84,1869.99,33414.3
1784036700000,1869.99,1874.54,1863.75,1870.36,31017.94
1784037600000,1870.36,1871.03,1860.84,1868.18,36415.82
1784038500000,1868.18,1868.75,1858.89,1864.89,18694.24
1784039400000,1864.89,1873.3,1863.06,1869.8,57893.92
1784040300000,1869.8,1883.67,1868.51,1880.11,57984.85
1784041200000,1880.11,1881.66,1874.6,1878.07,31224.57
1784042100000,1878.07,1883.5,1874.71,1882.19,30757.53
1784043000000,1882.19,1888,1876.11,1880.11,59042.03
1784043900000,1880.11,1882.09,1872.22,1874.35,25029.21
1784044800000,1874.35,1876.6,1867.42,1871.4,13226.51
1784045700000,1871.4,1876.57,1869.42,1874.37,7413.29
1784046600000,1874.37,1876.1,1872.43,1872.49,4055
1784047500000,1872.49,1875.5,1871.65,1873.05,4160.71
1784048400000,1873.05,1873.05,1859.67,1866.9,20513.31
1784049300000,1866.9,1869.63,1863.05,1868.73,10398.07
1784050200000,1868.73,1869.3,1865,1867.98,4006.3
1784051100000,1867.98,1872.5,1865.74,1870.66,4373.15
1784052000000,1870.66,1871.64,1868.44,1869,2357.99
1784052900000,1869,1870.65,1867.18,1869.3,1107.11
1784053800000,1869.3,1875,1867.62,1872.53,5873.02
1784054700000,1872.53,1876.24,1872.06,1873.77,2352.19
1784055600000,1873.77,1877.49,1873.39,1876.46,2974.36
1784056500000,1876.46,1881,1874,1875.6,7843.98
1784057400000,1875.6,1878.99,1873.71,1878.98,4665.01
1784058300000,1878.98,1880,1874.87,1875.71,3945.22
1784059200000,1875.71,1877.8,1873.63,1874,7547.23
1784060100000,1874,1876.02,1873.62,1874.93,1824.64
1784061000000,1874.93,1876.5,1872.53,1874.03,8193.41
1784061900000,1874.03,1875.79,1873.42,1874.49,1656.11
1784062800000,1874.49,1877.57,1873.38,1877.14,3244.85
1784063700000,1877.14,1878.42,1875.45,1877.24,1691.95
1784064600000,1877.24,1878.81,1874.82,1876.32,2666.2
1784065500000,1876.32,1877.69,1873.49,1875.48,6201.16
1784066400000,1875.48,1875.91,1871.06,1871.93,2712.96
1784067300000,1871.93,1885.28,1871.32,1880.79,19258.16
1784068200000,1880.79,1896.61,1880.33,1886.33,31980.61
1784069100000,1886.33,1888.19,1881.1,1881.1,6131.55
1784070000000,1881.1,1887.49,1877.59,1885.86,8587.39
1784070900000,1885.86,1885.86,1883.1,1884.8,2164.21
1784071800000,1884.8,1888.54,1883.7,1888.1,2295.9
1784072700000,1888.1,1892.85,1888.1,1891.31,19240.11
1784073600000,1891.31,1892.68,1886.11,1886.5,7565.59
1784074500000,1886.5,1887.34,1878.25,1879.97,7159.57
1784075400000,1879.97,1880.97,1877.14,1878.76,14159.69
1784076300000,1878.76,1882.42,1878.76,1880.82,2166.66
1784077200000,1880.82,1881.45,1873.62,1875.26,4462.15
1784078100000,1875.26,1879.1,1873.61,1878.51,3548.52
1784079000000,1878.51,1878.68,1867.39,1869.5,9715.62
1784079900000,1869.5,1869.94,1866.5,1869.7,3973.72
1784080800000,1869.7,1872.45,1866.76,1870.58,4108.45
1784081700000,1870.58,1870.81,1864.01,1864.21,6364.77
1784082600000,1864.21,1867,1864.2,1866.2,3171.02
1784083500000,1866.2,1866.86,1863.46,1863.9,2198.42
1784084400000,1863.9,1870.5,1863.62,1869.96,5382.46
1784085300000,1869.96,1869.96,1867.32,1868.12,1546.38
1784086200000,1868.12,1874.14,1868.12,1871.93,6424.09
1784087100000,1871.93,1878.46,1871.03,1875.5,5560.01
1784088000000,1875.5,1879.2,1874.74,1876.19,3716.43
1784088900000,1876.19,1877.84,1874.6,1874.6,2665.54
1784089800000,1874.6,1878.14,1872.59,1876.9,2088.84
1784090700000,1876.9,1879.99,1874.22,1875.64,2442.92
1784091600000,1875.64,1877.87,1870.94,1871.77,5695.57
1784092500000,1871.77,1873.9,1871.04,1871.56,3624.17
1784093400000,1871.56,1875.43,1871.52,1873.4,1782.09
1784094300000,1873.4,1882.67,1872.95,1881.62,6514.53
1784095200000,1881.62,1889.02,1880.69,1887.89,15062.67
1784096100000,1887.89,1888.1,1884.11,1884.99,5188.97
1784097000000,1884.99,1891.43,1882.99,1884.35,9842.53
1784097900000,1884.35,1884.69,1874.65,1874.76,9738.27
1784098800000,1874.76,1876.23,1872.16,1875.91,6483.07
1784099700000,1875.91,1876.5,1863.8,1865.28,15950.57
1784100600000,1865.28,1869.1,1864.74,1869.06,7551.37
1784101500000,1869.06,1870.66,1867.78,1869.09,4197.9
1784102400000,1869.09,1874.36,1869.03,1872.9,7064.95
1784103300000,1872.9,1874.58,1871.62,1873.76,3354.14
1784104200000,1873.76,1876.99,1872.5,1876.94,3332.39
1784105100000,1876.94,1878.72,1875.51,1878.39,4450.75
1784106000000,1878.39,1885.82,1878.25,1882.08,8320.72
1784106900000,1882.08,1885.74,1881.93,1881.99,5177.75
1784107800000,1881.99,1882.11,1878.4,1879.47,5889.42
1784108700000,1879.47,1882.17,1878.21,1878.97,3542.76
1784109600000,1878.97,1885.64,1878.3,1882.98,4966.42
1784110500000,1882.98,1883.87,1874.06,1875.41,7133.73
1784111400000,1875.41,1878.02,1873.88,1876.82,4107.33
1784112300000,1876.82,1879.2,1876.11,1877.09,2668.04
1784113200000,1877.09,1881.57,1876.49,1881.15,3777.69
1784114100000,1881.15,1881.76,1876.7,1877.69,2392.05
1784115000000,1877.69,1881.41,1877.69,1880.75,1902.18
1784115900000,1880.75,1885.24,1880.01,1883.7,3202.46
1784116800000,1883.7,1884.33,1878.32,1882.98,5291.39
1784117700000,1882.98,1885.44,1879.16,1884.88,8157.17
1784118600000,1884.88,1895.49,1884.13,1891.82,42993.05
1784119500000,1891.82,1929.28,1890.88,1926.32,108483.76
1784120400000,1926.32,1944.91,1926.24,1937.99,73350.89
1784121300000,1937.99,1946.09,1931.06,1935.99,34442.29
1784122200000,1935.99,1942,1929.91,1932.84,26760.73
1784123100000,1932.84,1932.84,1916.01,1924.77,48300.77
1784124000000,1924.77,1934.59,1924.3,1928.3,28357.72
1784124900000,1928.3,1931.54,1918.21,1928.38,18607.81
1784125800000,1928.38,1933.77,1925.01,1926.99,9027.69
1784126700000,1926.99,1933.52,1923.73,1932.31,7423.27
1784127600000,1932.31,1937.33,1927.87,1929.57,10931.16
1784128500000,1929.57,1931.75,1925.01,1930.69,6312.51
1784129400000,1930.69,1935.2,1927.2,1933.26,5783.87
1784130300000,1933.26,1935.39,1929.64,1930.85,7669.52
1784131200000,1930.85,1932.07,1917.38,1917.59,17260.1
1784132100000,1917.59,1921.8,1913.56,1921.55,16467.15
1784133000000,1921.55,1922.55,1903.36,1911.39,35219.35
1784133900000,1911.39,1920.4,1909.8,1918.96,16574.76
1784134800000,1918.96,1924.05,1918.6,1919.59,11203.66
1784135700000,1919.59,1923.98,1919.49,1922.48,3899.39
1784136600000,1922.48,1925.53,1920.99,1924.59,8377.36
1784137500000,1924.59,1930.89,1921.35,1927.23,16191.94
1784138400000,1927.23,1936.33,1926.45,1934.64,9256.71
1784139300000,1934.64,1934.77,1928.46,1930.43,8145.43
1784140200000,1930.43,1934.47,1927.18,1927.79,5939.63
1784141100000,1927.79,1928.8,1921.7,1923.5,14766.81
1784142000000,1923.5,1928.4,1922.81,1925.52,4820.2
1784142900000,1925.52,1925.68,1918.27,1923.17,6916.71
1784143800000,1923.17,1926.79,1921.72,1926.68,4427.11
1784144700000,1926.68,1926.86,1921.31,1922.95,4062.06
1784145600000,1922.95,1923.65,1918.7,1921.79,6980.18
1784146500000,1921.79,1926.32,1921.61,1925.49,1647.49
1784147400000,1925.49,1929.8,1924.32,1924.49,5030.93
1784148300000,1924.49,1924.84,1922.56,1922.56,1275.87
1784149200000,1922.56,1924.91,1920.38,1922.47,2545.46
1784150100000,1922.47,1924.53,1921.38,1922.95,2100.6
1784151000000,1922.95,1922.95,1918.18,1919.65,12591.75
1784151900000,1919.65,1921.22,1918.89,1921.06,2061.32
1784152800000,1921.06,1923.68,1917.04,1919.41,5938.5
1784153700000,1919.41,1923.4,1917.94,1923.37,2427.59
1784154600000,1923.37,1925.53,1921.84,1922.57,3445.46
1784155500000,1922.57,1927.47,1920.76,1922.38,4316.37
1784156400000,1922.38,1926.37,1922.16,1924.33,5435.73
1784157300000,1924.33,1924.65,1920,1920.72,2129.59
1784158200000,1920.72,1922.66,1914.01,1914.52,9835.69
1784159100000,1914.52,1919.1,1913.29,1916.82,3838.07
1784160000000,1916.82,1923.63,1916.36,1923.44,4809.52
1784160900000,1923.44,1924.07,1913.19,1914.6,6926.64
1784161800000,1914.6,1916.44,1910.72,1911.61,6614.85
1784162700000,1911.61,1917.78,1910.61,1914.04,4920.85
1784163600000,1914.04,1917.39,1912.62,1913.2,3297.16
1784164500000,1913.2,1915.99,1907,1913.51,11170.72
1784165400000,1913.51,1920.9,1913.5,1916.12,5889
1784166300000,1916.12,1925.37,1915.96,1922,6092.6
1784167200000,1922,1922,1919.23,1919.74,2798.81
1784168100000,1919.74,1922.94,1918.01,1921.55,2963.5
1784169000000,1921.55,1922.65,1919.5,1920.99,2781.74
1784169900000,1920.99,1925.49,1920.87,1924.41,4066.54
1784170800000,1924.41,1928.4,1922.77,1925.73,4835.48
1784171700000,1925.73,1925.94,1922.06,1924.56,3226.89
1784172600000,1924.56,1925.94,1921.1,1921.68,3561.65
1784173500000,1921.68,1921.81,1915.96,1917.91,4797.73
1784174400000,1917.91,1920.32,1915,1918.94,3583.4
1784175300000,1918.94,1918.94,1913.27,1918.31,5534.27
1784176200000,1918.31,1919.8,1916.68,1918.84,2049.95
1784177100000,1918.84,1919.26,1916.75,1917.65,2012.07
1784178000000,1917.65,1921,1916.29,1920.72,1452.3
1784178900000,1920.72,1925.68,1920.33,1924.5,7248.82
1784179800000,1924.5,1927.39,1921,1924.5,6659.32
1784180700000,1924.5,1925.52,1923.37,1924.83,2742.72
1784181600000,1924.83,1928.3,1922.22,1923.6,9830.18
1784182500000,1923.6,1925.52,1920.61,1921.5,4973.48
1784183400000,1921.5,1921.82,1914.64,1918.7,9591.6
1784184300000,1918.7,1921.98,1917.54,1921.81,2644.51
1784185200000,1921.81,1921.81,1918.18,1919.78,5527.37
1784186100000,1919.78,1920.13,1915.7,1916.43,4874.8
1784187000000,1916.43,1916.91,1905,1906.34,26345.51
1784187900000,1906.34,1910.2,1904.01,1909.88,13321.83
1784188800000,1909.88,1912.14,1883.16,1884.78,93445.08
1784189700000,1884.78,1891.5,1875,1891.49,55444.82
1784190600000,1891.49,1895.99,1887.68,1888.79,17284.41
1784191500000,1888.79,1891.72,1880.41,1885.53,15551.08
1784192400000,1885.53,1888.63,1884.12,1885.39,8685.53
1784193300000,1885.39,1887,1881.31,1882.29,7550.24
1784194200000,1882.29,1885,1879.17,1883.38,8655.07
1784195100000,1883.38,1885.33,1882,1883.92,5888.66
1784196000000,1883.92,1888.08,1883.06,1885.67,6598.49
1784196900000,1885.67,1888.76,1885.27,1888.14,3000.9
1784197800000,1888.14,1890.94,1887.28,1887.53,6149.49
1784198700000,1887.53,1888,1885.36,1887.68,3747.31
1784199600000,1887.68,1887.74,1884.13,1885.74,3923.57
1784200500000,1885.74,1887.4,1881.72,1882.57,6963.84
1784201400000,1882.57,1886.95,1881.85,1886.4,6295.54
1784202300000,1886.4,1886.4,1878.2,1884.27,11407.46
1784203200000,1884.27,1884.33,1877.36,1879.78,6973.17
1784204100000,1879.78,1882.05,1876.66,1881.91,13162.14
1784205000000,1881.91,1882.96,1866.51,1869.4,41921.16
1784205900000,1869.4,1875.46,1868.77,1871.88,11020.89
1784206800000,1871.88,1875.47,1870.37,1874.93,7589.23
1784207700000,1874.93,1883.48,1874.18,1883,15992.34
1784208600000,1883,1889.49,1876.4,1876.4,24780.75
1784209500000,1876.4,1883.04,1874.53,1881.73,15809.68
1784210400000,1881.73,1892.73,1880.73,1887.77,21637.73
1784211300000,1887.77,1890.89,1883,1886.78,16451.34
1784212200000,1886.78,1890.21,1884,1887.64,6705.72
1784213100000,1887.64,1888.33,1873.81,1882.75,23967.01
1784214000000,1882.75,1883.7,1870.23,1872.71,13099.55
1784214900000,1872.71,1893.72,1871.63,1890.38,21209.23
1784215800000,1890.38,1890.6,1881.01,1881.59,10992
1784216700000,1881.59,1885.23,1877.25,1880.94,8953.25
1784217600000,1880.94,1881.59,1874.6,1876.3,5675.67
1784218500000,1876.3,1880.54,1873.55,1879.07,5119.3
1784219400000,1879.07,1882.55,1875,1875.5,5890.04
1784220300000,1875.5,1880.5,1874.12,1878.29,4307.32
1784221200000,1878.29,1878.74,1867.29,1868.42,9455.13
1784222100000,1868.42,1873.74,1861.38,1871.28,27109.41
1784223000000,1871.28,1874.94,1868.69,1869.88,6672.62
1784223900000,1869.88,1870.77,1863.26,1868.32,13626.98
1784224800000,1868.32,1875.2,1867.23,1873.62,8582.04
1784225700000,1873.62,1879.39,1873.13,1874.62,7545.77
1784226600000,1874.62,1876.05,1870.52,1873.05,4474.31
1784227500000,1873.05,1877.54,1872.36,1874.96,2649.95
1784228400000,1874.96,1877,1872.51,1873.07,3010.32
1784229300000,1873.07,1875.4,1870.41,1873.75,2175.77
1784230200000,1873.75,1875.69,1872.01,1872.59,2387.52
1784231100000,1872.59,1875.64,1870.18,1874.93,4436.85
1784232000000,1874.93,1875.07,1871.88,1871.97,1703.64
1784232900000,1871.97,1875,1870.89,1872.74,895.93
1784233800000,1872.74,1874.13,1871.05,1872.26,1163.06
1784234700000,1872.26,1873.69,1871,1871.01,2513.19
1784235600000,1871.01,1877.23,1871,1875.08,17676.94
1784236500000,1875.08,1879.02,1874.73,1876.67,2252.33
1784237400000,1876.67,1880.68,1876.05,1878.55,2447.13
1784238300000,1878.55,1878.89,1876.42,1877.89,817.25
1784239200000,1877.89,1880.98,1877.89,1879.47,1949.48
1784240100000,1879.47,1879.55,1872.72,1873.59,4346.05
1784241000000,1873.59,1876.25,1868.39,1870.94,6757.6
1784241900000,1870.94,1872.22,1867.32,1868.22,2833.14
1784242800000,1868.22,1870.11,1864.38,1866.39,6652.61
1784243700000,1866.39,1866.39,1856.37,1860.49,23987.49
1784244600000,1860.49,1863.08,1857.6,1862.26,5776.91
1784245500000,1862.26,1865.82,1860.22,1863.82,8646.65
1784246400000,1863.82,1865.9,1860.01,1861.93,7231.76
1784247300000,1861.93,1865.96,1858.61,1860.24,4479.44
1784248200000,1860.24,1860.47,1846.86,1857.63,30768.83
1784249100000,1857.63,1865.19,1857.53,1865.09,8842.7
1784250000000,1865.09,1870.25,1864.28,1867.26,9478.08
1784250900000,1867.26,1868.52,1858.96,1863.69,10664.05
1784251800000,1863.69,1863.89,1854.57,1854.57,6488.44
1784252700000,1854.57,1855.25,1847,1850.37,16038.19
1784253600000,1850.37,1853.98,1843.09,1852.91,17047.57
1784254500000,1852.91,1854.97,1848.11,1850.03,8807.43
1784255400000,1850.03,1851.47,1842.1,1845.88,10840.09
1784256300000,1845.88,1848.41,1843.23,1847.53,3970.22
1784257200000,1847.53,1854.23,1846.49,1853.57,10902.57
1784258100000,1853.57,1858.87,1852.73,1857.16,14182.56
1784259000000,1857.16,1858.21,1853.27,1854.34,9246.2
1784259900000,1854.34,1854.5,1850.22,1851.62,5606.79
1784260800000,1851.62,1852.03,1848.78,1849.51,13817.48
1784261700000,1849.51,1850.82,1843.2,1846.67,8688.91
1784262600000,1846.67,1849.85,1843.5,1848.14,5675.46
1784263500000,1848.14,1852.45,1848.14,1849.25,6634.48
1784264400000,1849.25,1849.25,1843.82,1847.44,6760.98
1784265300000,1847.44,1847.97,1836.09,1837.01,22484.03
1784266200000,1837.01,1839.21,1830.68,1831.61,35101.36
1784267100000,1831.61,1831.91,1820.88,1823.37,36772.73
1784268000000,1823.37,1829.68,1820,1826.74,14787.87
1784268900000,1826.74,1834.24,1825.09,1833.89,15518.11
1784269800000,1833.89,1835.81,1831.14,1831.77,6280.07
1784270700000,1831.77,1832.27,1829.34,1831.73,5529.66
1784271600000,1831.73,1832.22,1828.06,1829.23,3166.23
1784272500000,1829.23,1831.44,1826.4,1830.91,4082.15
1784273400000,1830.91,1832.88,1825.6,1829.22,7072.59
1784274300000,1829.22,1830.28,1826.5,1827.37,2901.41
1784275200000,1827.37,1830,1826.81,1829.5,2823.5
1784276100000,1829.5,1829.55,1823.14,1824.75,5946.5
1784277000000,1824.75,1827.38,1820.51,1827.24,8907.44
1784277900000,1827.24,1832.05,1827.03,1829.41,5577.17
1784278800000,1829.41,1832.35,1828.36,1832.11,4689.3
1784279700000,1832.11,1832.28,1829.02,1831.22,2705.62
1784280600000,1831.22,1834.94,1830.19,1834.78,4164.39
1784281500000,1834.78,1835.62,1831.85,1834.46,3630.58
1784282400000,1834.46,1839.25,1833.47,1838.1,12794.61
1784283300000,1838.1,1839.77,1835.82,1836.86,5584.02
1784284200000,1836.86,1838.86,1836,1837.92,4527.57
1784285100000,1837.92,1838.3,1836,1836.24,5054.16
1784286000000,1836.24,1837.64,1833.66,1833.8,5619.68
1784286900000,1833.8,1836.15,1832.22,1835.68,5618.36
1784287800000,1835.68,1841.77,1834.64,1841.15,7175.96
1784288700000,1841.15,1842.67,1838.09,1838.39,5415.49
1784289600000,1838.39,1839.5,1834.73,1835.37,6023.03
1784290500000,1835.37,1836.62,1831.35,1833.15,8914.3
1784291400000,1833.15,1834.33,1827.06,1828.67,10046.83
1784292300000,1828.67,1830.2,1826.6,1827.7,4843.53
1784293200000,1827.7,1828.36,1807.07,1813.86,51460.27
1784294100000,1813.86,1818.3,1812.22,1815.48,13128.44
1784295000000,1815.48,1818.2,1802.37,1806.22,39463.27
1784295900000,1806.22,1826.4,1804.45,1824.87,22305.54
1784296800000,1824.87,1833.47,1822.11,1828.53,19871.38
1784297700000,1828.53,1832.25,1821.05,1822.83,12486.84
1784298600000,1822.83,1826.5,1816.01,1820.99,13640.76
1784299500000,1820.99,1823.94,1816.28,1821.16,10274.29
1784300400000,1821.16,1821.5,1809.24,1812.82,14099.37
1784301300000,1812.82,1821.21,1811.34,1820.96,8627.15
1784302200000,1820.96,1825.75,1815.35,1822.88,12126.85
1784303100000,1822.88,1831.08,1821.46,1830.17,7659.29
1784304000000,1830.17,1835.03,1825.75,1831.13,13151.42
1784304900000,1831.13,1836.19,1829.45,1834.54,15545.68
1784305800000,1834.54,1837.45,1831.41,1837.3,6340.38
1784306700000,1837.3,1839.95,1834.65,1835.05,7602.77
1784307600000,1835.05,1855.51,1835.05,1845.63,36472.91
1784308500000,1845.63,1848.6,1842.12,1845.85,12443.08
1784309400000,1845.85,1847.21,1842,1843.82,4666.07
1784310300000,1843.82,1847.48,1841.04,1842.8,6369.96
1784311200000,1842.8,1843.64,1839.51,1842.06,3665.18
1784312100000,1842.06,1842.06,1834.06,1836.5,10675.79
1784313000000,1836.5,1842.66,1836.12,1842.43,6563.64
1784313900000,1842.43,1849,1842.01,1846.1,7121.71
1784314800000,1846.1,1846.35,1839.01,1839.21,3915.62
1784315700000,1839.21,1840.27,1834.98,1840.25,3880.26
1784316600000,1840.25,1844.57,1839.29,1844.18,3703.72
1784317500000,1844.18,1845.36,1841.78,1842.81,3062.31
1784318400000,1842.81,1842.89,1835.81,1838.12,2788.62
1784319300000,1838.12,1840.8,1837.5,1839.75,2035.35
1784320200000,1839.75,1841.45,1837.07,1841.45,2896.1
1784321100000,1841.45,1845.5,1840.65,1842.1,4012.04
1784322000000,1842.1,1845,1842.01,1843.92,789.69
1784322900000,1843.92,1845.8,1843.13,1843.97,1268.2
1784323800000,1843.97,1844.05,1840.16,1841.18,2717.38
1784324700000,1841.18,1842.15,1839.81,1840.74,1806.43
1784325600000,1840.74,1843.15,1839.25,1841.15,1153.77
1784326500000,1841.15,1841.15,1837.77,1838.44,1786.91
1784327400000,1838.44,1839.39,1837.22,1837.25,1112.28
1784328300000,1837.25,1839.24,1836.6,1839.17,1032.5
1784329200000,1839.17,1839.18,1834.25,1835.8,2683.99
1784330100000,1835.8,1840.3,1835.8,1840.3,1082.48
1784331000000,1840.3,1843.79,1840.1,1842.12,2312.33
1784331900000,1842.12,1842.67,1840.71,1841.15,1451.82
1784332800000,1841.15,1843,1839.06,1842.47,1852.08
1784333700000,1842.47,1844.44,1841.41,1842.04,1909.59
1784334600000,1842.04,1842.05,1839.07,1840.4,1840.14
1784335500000,1840.4,1842.6,1839.5,1840.12,2215.29
1784336400000,1840.12,1840.43,1838.45,1839.87,983.23
1784337300000,1839.87,1842.51,1838.58,1842.22,1382.73
1784338200000,1842.22,1842.23,1838.63,1840.74,1237.07
1784339100000,1840.74,1842.47,1840.73,1841.81,896.77
1784340000000,1841.81,1843.64,1840.39,1842.82,2421.69
1784340900000,1842.82,1844.5,1842.05,1843.21,2193.32
1784341800000,1843.21,1846.17,1841.67,1841.78,3534.01
1784342700000,1841.78,1842.81,1840.77,1841.1,2300
1784343600000,1841.1,1843.47,1840.65,1842.37,2416.65
1784344500000,1842.37,1843.86,1842,1842.83,976.08
1784345400000,1842.83,1843.91,1842.01,1842.42,522.08
1784346300000,1842.42,1845.6,1841.79,1845.28,2031.38
1784347200000,1845.28,1845.43,1843.51,1843.89,933.79
1784348100000,1843.89,1844,1841.78,1843.71,1236.05
1784349000000,1843.71,1843.75,1841.75,1842.89,853.34
1784349900000,1842.89,1844.4,1842.82,1843.96,641.32
1784350800000,1843.96,1844.25,1842.46,1842.46,1228.29
1784351700000,1842.46,1845.8,1842.17,1844.88,1728.49
1784352600000,1844.88,1848.17,1844.88,1845.23,3243.2
1784353500000,1845.23,1848.81,1844.05,1845.18,3946.32
1784354400000,1845.18,1845.78,1843.71,1843.91,1689.22
1784355300000,1843.91,1847.14,1843.77,1845.16,1751.24
1784356200000,1845.16,1845.25,1842.21,1843.94,3191
1784357100000,1843.94,1844.54,1843.47,1844,964.18
1784358000000,1844,1845.1,1842.2,1842.35,878.18
1784358900000,1842.35,1844.76,1842.34,1844.48,1220.94
1784359800000,1844.48,1844.72,1844.1,1844.55,1006.89
1784360700000,1844.55,1844.71,1842.75,1843.42,1431.3
1784361600000,1843.42,1844.5,1841.5,1843.78,1961.88
1784362500000,1843.78,1846.1,1843.67,1845.75,3055.56
1784363400000,1845.75,1848.56,1845.69,1845.85,3742.8
1784364300000,1845.85,1847.21,1845.71,1846.5,2231.26
1784365200000,1846.5,1847.15,1845.06,1845.53,724.45
1784366100000,1845.53,1845.54,1842.02,1842.71,3543.16
1784367000000,1842.71,1844.38,1842.51,1844.37,1325.45
1784367900000,1844.37,1844.71,1844.05,1844.05,384.27
1784368800000,1844.05,1844.86,1843.66,1843.71,531.38
1784369700000,1843.71,1845.59,1843.41,1845.59,564.87
1784370600000,1845.59,1845.87,1842.8,1843.67,964.04
1784371500000,1843.67,1844.84,1843.66,1844.69,719.2
1784372400000,1844.69,1844.98,1843.93,1844.24,826.25
1784373300000,1844.24,1845,1844,1844.5,190.28
1784374200000,1844.5,1844.75,1843.34,1844.14,1156.48
1784375100000,1844.14,1845.91,1843.71,1844.5,669.48
1784376000000,1844.5,1849.96,1844.5,1845.57,9395.07
1784376900000,1845.57,1845.89,1840.04,1840.25,6322.83
1784377800000,1840.25,1844.16,1839.24,1843.53,4355.48
1784378700000,1843.53,1847.16,1843.28,1844.01,6270.23
1784379600000,1844.01,1844.01,1836.27,1838.19,8361.22
1784380500000,1838.19,1840.67,1836.5,1840.5,5195.78
1784381400000,1840.5,1841.64,1839,1840.56,3396.12
1784382300000,1840.56,1841.45,1839.57,1840.75,1149.78
1784383200000,1840.75,1843.06,1839.67,1842.44,2830.76
1784384100000,1842.44,1845.12,1841.41,1844.72,3127.3
1784385000000,1844.72,1845.43,1843.15,1845.11,5129.62
1784385900000,1845.11,1845.44,1843.56,1844.94,1898.46
1784386800000,1844.94,1845.42,1842.47,1843.39,2408.12
1784387700000,1843.39,1845,1842.79,1842.85,2116.2
1784388600000,1842.85,1843.74,1842.21,1842.39,891.33
1784389500000,1842.39,1844.8,1841.19,1843.03,1702.43
1784390400000,1843.03,1843.42,1841.01,1843.32,1496.01
1784391300000,1843.32,1843.87,1841.61,1842.78,391.67
1784392200000,1842.78,1844.38,1841.7,1842.62,1097.41
1784393100000,1842.62,1846.33,1840.56,1845.27,7105.85
1784394000000,1845.27,1845.83,1844.05,1845.19,1527.93
1784394900000,1845.19,1847.99,1842.55,1843.25,5397.18
1784395800000,1843.25,1849.49,1843.24,1848.61,5937.52
1784396700000,1848.61,1852.78,1848.05,1851.9,10135.78
1784397600000,1851.9,1852.41,1849.42,1849.46,2332.86
1784398500000,1849.46,1866.99,1849.12,1858.18,35989.03
1784399400000,1858.18,1858.84,1853.5,1854.09,6034.34
1784400300000,1854.09,1858.65,1854.08,1856.71,2700
1784401200000,1856.71,1859.87,1856.09,1858.07,2836.75
1784402100000,1858.07,1860.6,1855.27,1856.11,2100.71
1784403000000,1856.11,1858.41,1854.89,1857.18,1540.21
1784403900000,1857.18,1858.18,1856.34,1857.62,1060.23
1784404800000,1857.62,1859.44,1856.29,1858.77,2972.14
1784405700000,1858.77,1862.78,1858.31,1858.52,2828.86
1784406600000,1858.52,1858.53,1855.51,1856.91,987.36
1784407500000,1856.91,1857.28,1854.39,1856.17,1549.71
1784408400000,1856.17,1861.43,1854.87,1861.43,4242.61
1784409300000,1861.43,1862.25,1858.15,1858.64,3561.33
1784410200000,1858.64,1859,1856.89,1857.39,996.9
1784411100000,1857.39,1862,1855.87,1860,3154.28
1784412000000,1860,1864.89,1858.73,1862.28,4828.11
1784412900000,1862.28,1863.72,1860.35,1860.35,3010.71
1784413800000,1860.35,1862.29,1859.47,1861.63,897.4
1784414700000,1861.63,1863.93,1860.75,1862.51,1312.61
1784415600000,1862.51,1863.54,1859.08,1859.95,2385.54
1784416500000,1859.95,1862.67,1859.41,1862.22,1438.23
1784417400000,1862.22,1862.22,1860.45,1861.08,774.01
1784418300000,1861.08,1862,1860.15,1861.89,1081.07
1784419200000,1861.89,1862.44,1861.1,1861.38,1756.09
1784420100000,1861.38,1862.89,1858.36,1858.61,1860.72
1784421000000,1858.61,1860.4,1858.5,1859,4735.7
1784421900000,1859,1862.5,1858.73,1860.66,2241.85
1784422800000,1860.66,1860.9,1858.92,1859.86,1908.6
1784423700000,1859.86,1860.33,1858.58,1858.76,3278.45
1784424600000,1858.76,1859.91,1857.64,1858.4,2193.26
1784425500000,1858.4,1859.2,1857.9,1858.33,1565.83
1784426400000,1858.33,1872.54,1857.33,1869.74,23183.58
1784427300000,1869.74,1872.24,1866.59,1867.21,3686.95
1784428200000,1867.21,1876.81,1867.21,1871.97,15473.18
1784429100000,1871.97,1873.57,1870.36,1870.65,3103.1
1784430000000,1870.65,1872.29,1867.11,1867.13,4086.74
1784430900000,1867.13,1867.13,1862.79,1864.79,10032.33
1784431800000,1864.79,1866.5,1864.08,1864.91,2144.36
1784432700000,1864.91,1866.6,1863.8,1866.6,755.72
1784433600000,1866.6,1867.95,1863.5,1864.79,2575.67
1784434500000,1864.79,1866.65,1864.56,1866.17,1167.52
1784435400000,1866.17,1869.7,1865.33,1867.71,2326.62
1784436300000,1867.71,1869.5,1865.9,1866.61,2031.94
1784437200000,1866.61,1869.49,1866.61,1869.49,1356.34
1784438100000,1869.49,1869.5,1867.41,1867.61,1178.46
1784439000000,1867.61,1867.62,1865,1866.97,1885.51
1784439900000,1866.97,1869.49,1866.96,1867.73,2326.22
1784440800000,1867.73,1869.32,1867.31,1868.71,1558.62
1784441700000,1868.71,1870,1867.69,1868.64,2240.99
1784442600000,1868.64,1870.77,1867.69,1869.37,2314.93
1784443500000,1869.37,1869.75,1867.7,1868.27,1237.39
1784444400000,1868.27,1868.41,1866,1867,2326.52
1784445300000,1867,1868.79,1866.42,1868.41,9046.29
1784446200000,1868.41,1871.15,1867.54,1870,5009.48
1784447100000,1870,1870.12,1867.26,1869.11,2053.09
1784448000000,1869.11,1870.24,1867.14,1869.68,2032.79
1784448900000,1869.68,1869.68,1866.73,1868.16,2929.94
1784449800000,1868.16,1870.11,1866.92,1869.56,1172.96
1784450700000,1869.56,1874.76,1869.51,1872.78,5651.9
1784451600000,1872.78,1873.21,1870.03,1870.14,3790.67
1784452500000,1870.14,1870.14,1865.32,1867.83,7375.87
1784453400000,1867.83,1869.48,1864.65,1865.61,3961.34
1784454300000,1865.61,1867.31,1864.25,1865.31,3740.12
1784455200000,1865.31,1866.8,1863,1865.41,2799.73
1784456100000,1865.41,1867.87,1865.4,1867.31,1971.22
1784457000000,1867.31,1872.51,1866.28,1871.1,8360.74
1784457900000,1871.1,1878.7,1871,1871.57,18446.38
1784458800000,1871.57,1876.47,1869.24,1874.42,8143.55
1784459700000,1874.42,1877.94,1873.33,1874.76,5621.8
1784460600000,1874.76,1876.66,1873.06,1874.24,3773.46
1784461500000,1874.24,1874.69,1869.3,1870.4,3686.27
1784462400000,1870.4,1870.79,1863.94,1864.1,15206.58
1784463300000,1864.1,1873.74,1863.51,1867.88,20296.26
1784464200000,1867.88,1873.22,1867.72,1870.05,4373.55
1784465100000,1870.05,1870.99,1867.58,1869.66,3286.27
1784466000000,1869.66,1869.99,1865.1,1866.44,6356.5
1784466900000,1866.44,1868.7,1865,1868.3,6579.26
1784467800000,1868.3,1871.99,1867.34,1868.66,4712.91
1784468700000,1868.66,1873.06,1868.4,1871.03,4273.49
1784469600000,1871.03,1873.59,1870.01,1872.64,3717.61
1784470500000,1872.64,1873.43,1867.75,1870.65,3551.94
1784471400000,1870.65,1875.7,1870.18,1872.8,8413.95
1784472300000,1872.8,1878.72,1872.39,1873.77,8121.25
1784473200000,1873.77,1875.16,1872,1873.73,3022.93
1784474100000,1873.73,1874.43,1868.22,1868.62,4420.7
1784475000000,1868.62,1873.17,1868.62,1871.26,4585.03
1784475900000,1871.26,1871.88,1869.5,1870.2,1599.27
1784476800000,1870.2,1873.05,1867.34,1869.8,5406.32
1784477700000,1869.8,1871.71,1868.18,1869.57,2840.03
1784478600000,1869.57,1869.71,1866.44,1867.78,2923.33
1784479500000,1867.78,1868.56,1865.13,1865.98,2490.9
1784480400000,1865.98,1871.52,1857.07,1870.87,22214.64
1784481300000,1870.87,1873.29,1866.83,1869.21,6565.87
1784482200000,1869.21,1872.7,1867.94,1868.68,4258.82
1784483100000,1868.68,1869.18,1866.35,1866.35,2171.44
1784484000000,1866.35,1867.03,1850.75,1861.77,23770.59
1784484900000,1861.77,1862.53,1856.89,1856.99,4195.96
1784485800000,1856.99,1860.6,1855.45,1858.86,4665.37
1784486700000,1858.86,1860.34,1856.9,1860.34,5486.07
1784487600000,1860.34,1860.81,1853.68,1859.39,4173.97
1784488500000,1859.39,1860,1858.01,1859.26,890.61
1784489400000,1859.26,1860.46,1857.51,1858.27,830.11
1784490300000,1858.27,1861.96,1857.7,1861.43,2679.54
1784491200000,1861.43,1865.49,1861.43,1862.92,6804.57
1784492100000,1862.92,1864.2,1861.24,1863.45,2414.1
1784493000000,1863.45,1865.79,1862.76,1864.66,1114.58
1784493900000,1864.66,1866.6,1863.12,1866.49,1681.52
1784494800000,1866.49,1867.59,1864,1865.94,3012
1784495700000,1865.94,1866.5,1861.48,1863.35,2382.38
1784496600000,1863.35,1863.36,1856.46,1858.29,4144.01
1784497500000,1858.29,1861.29,1857.89,1861.22,1006.01
1784498400000,1861.22,1871.73,1856,1868.39,23582.46
1784499300000,1868.39,1876.41,1868.19,1870.57,18951.64
1784500200000,1870.57,1874.56,1866.57,1873.46,5905.64
1784501100000,1873.46,1873.47,1869.01,1869.78,2461.1
1784502000000,1869.78,1871.04,1863.96,1869.99,13077.52
1784502900000,1869.99,1870.98,1867.11,1868.26,2023.82
1784503800000,1868.26,1873.59,1867.06,1873.38,4398.92
1784504700000,1873.38,1874.25,1868.69,1871.41,1579.12
1784505600000,1871.41,1890.45,1865.61,1886.86,30504.79
1784506500000,1886.86,1891.25,1876.05,1879.11,15952.37
1784507400000,1879.11,1885.33,1875.47,1880.09,7158.34
1784508300000,1880.09,1880.09,1861.53,1871.3,16546.21
1784509200000,1871.3,1889.35,1869.32,1878.95,15983.56
1784510100000,1878.95,1884.2,1871.52,1879.92,12649.79
1784511000000,1879.92,1880.87,1869.29,1872.92,8585.21
1784511900000,1872.92,1874.28,1864.78,1868.75,11124.13
1784512800000,1868.75,1881.67,1868.07,1876.72,10501.87
1784513700000,1876.72,1877.78,1866.72,1870.7,4273.98
1784514600000,1870.7,1879.85,1870.01,1876.48,4236.29
1784515500000,1876.48,1882.68,1876.39,1878.01,4745.98
1784516400000,1878.01,1880.49,1875.65,1879.21,2616.21
1784517300000,1879.21,1881.39,1870.02,1872.01,5477.35
1784518200000,1872.01,1879.43,1871.11,1879.43,2906.75
1784519100000,1879.43,1879.87,1875.33,1878.82,2583.3
1784520000000,1878.82,1879.27,1871,1871.74,2602.07
1784520900000,1871.74,1873.99,1867.44,1873.18,4557.9
1784521800000,1873.18,1878,1871.57,1875.05,4282.47
1784522700000,1875.05,1876.53,1867.53,1867.87,4569.21
1784523600000,1867.87,1869,1850.27,1858.32,24163.75
1784524500000,1858.32,1863.27,1854.28,1858.43,10300.83
1784525400000,1858.43,1860.01,1855.45,1857.85,4021.22
1784526300000,1857.85,1858.14,1853.06,1854.61,3359.1
1784527200000,1854.61,1857,1851.26,1856.33,5964.78
1784528100000,1856.33,1859.41,1853.64,1855.7,4175.48
1784529000000,1855.7,1856.44,1841.71,1847.27,29973.42
1784529900000,1847.27,1850.03,1845.05,1848.72,6615.65
1784530800000,1848.72,1853.33,1848.72,1852.11,7055.72
1784531700000,1852.11,1858.51,1848.01,1857.06,10468.12
1784532600000,1857.06,1861.9,1856.01,1861.9,11035.46
1784533500000,1861.9,1864.6,1860.11,1863.09,8468.46
1784534400000,1863.09,1866.11,1860.25,1863.67,11998.5
1784535300000,1863.67,1867.58,1862.65,1863.09,6103.55
1784536200000,1863.09,1863.97,1853,1853.78,14852.21
1784537100000,1853.78,1862.78,1853.78,1859.69,6843.05
1784538000000,1859.69,1860.99,1856.88,1859.14,2204.54
1784538900000,1859.14,1863.62,1859.04,1863.01,6267.96
1784539800000,1863.01,1865,1862.16,1864.58,2678.43
1784540700000,1864.58,1866.58,1863.03,1863.29,4542.81
1784541600000,1863.29,1866.1,1861.63,1864.96,1547.24
1784542500000,1864.96,1871.67,1863.36,1869.28,8930.22
1784543400000,1869.28,1869.8,1866.51,1869.56,2904.65
1784544300000,1869.56,1869.56,1867.51,1868.06,1843.58
1784545200000,1868.06,1876.36,1867.11,1873.99,13048.2
1784546100000,1873.99,1875.17,1871.34,1873.46,2310.3
1784547000000,1873.46,1894.42,1873.17,1886.85,50613.33
1784547900000,1886.85,1896,1886.3,1892.49,15762.25
1784548800000,1892.49,1893,1877.67,1879.58,23246.96
1784549700000,1879.58,1880.99,1875.42,1876.45,7635.81
1784550600000,1876.45,1877.84,1871.68,1872.54,11552.85
1784551500000,1872.54,1875.39,1871.04,1872.75,6341.39
1784552400000,1872.75,1874.87,1871.43,1872.07,15361.53
1784553300000,1872.07,1874.82,1866.45,1869.41,14759.57
1784554200000,1869.41,1879.99,1867.96,1875.44,20904.41
1784555100000,1875.44,1876.65,1856.5,1861.72,34847.77
1784556000000,1861.72,1865.18,1858.31,1860.5,9811.82
1784556900000,1860.5,1866.59,1852.61,1866.48,31839.62
1784557800000,1866.48,1868.84,1862.22,1865.5,7863.53
1784558700000,1865.5,1871.57,1862.01,1867.25,7311.19
1784559600000,1867.25,1885.52,1866.56,1884.5,41358.54
1784560500000,1884.5,1886.85,1881.05,1884.24,15132.07
1784561400000,1884.24,1892.9,1880.42,1890.44,18439.47
1784562300000,1890.44,1904.15,1890.44,1901.48,53074.13
1784563200000,1901.48,1903.52,1892.61,1902.8,17339.04
1784564100000,1902.8,1906.19,1895.8,1899.37,15219.56
1784565000000,1899.37,1903.13,1895.29,1895.78,14479.27
1784565900000,1895.78,1901.71,1894.37,1898.5,9274.33
1784566800000,1898.5,1902.45,1895.89,1897.94,6511.28
1784567700000,1897.94,1899.97,1894.44,1899.15,3219.68
1784568600000,1899.15,1899.54,1895.05,1896.5,2879.54
1784569500000,1896.5,1909,1896.35,1906.82,17946.98
1784570400000,1906.82,1917.5,1906.21,1913.93,28079.61
1784571300000,1913.93,1917.54,1905.97,1907.26,12564.81
1784572200000,1907.26,1907.43,1900.74,1901.27,9252.19
1784573100000,1901.27,1902.19,1896.32,1898.54,12243.01
1784574000000,1898.54,1899.23,1890.58,1890.58,11083.57
1784574900000,1890.58,1896.8,1889.07,1895.67,10405.43
1784575800000,1895.67,1897.74,1892.39,1896.45,4286.68
1784576700000,1896.45,1900.44,1895.06,1897.62,5913.39
1784577600000,1897.62,1900.8,1895.03,1900.5,3383.37
1784578500000,1900.5,1902.54,1899.26,1900.72,4053.96
1784579400000,1900.72,1905.81,1900.4,1902.87,5361.8
1784580300000,1902.87,1904.32,1901.52,1903.97,1298.13
1784581200000,1903.97,1906.86,1903.03,1904.19,2995.96
1784582100000,1904.19,1906.28,1903.51,1903.94,2214.28
1784583000000,1903.94,1906.11,1903.56,1904.21,5750.27
1784583900000,1904.21,1904.86,1901.1,1901.53,1661.66
1784584800000,1901.53,1901.78,1897.65,1898.88,2408.14
1784585700000,1898.88,1898.93,1895.02,1895.7,3901.5
1784586600000,1895.7,1897.12,1893.33,1894.14,3875.29
1784587500000,1894.14,1895.08,1893.7,1894.81,2394.68
1784588400000,1894.81,1900.4,1894.07,1898.11,3575.86
1784589300000,1898.11,1902.85,1898.1,1902.7,3829.26
1784590200000,1902.7,1903.99,1900,1900.74,2584.48
1784591100000,1900.74,1904.82,1898.86,1903.79,2591.56
1784592000000,1903.79,1904.42,1899.68,1901.51,2386.82
1784592900000,1901.51,1910,1900.45,1906.47,7027.66
1784593800000,1906.47,1915.99,1906.2,1913.66,6452.14
1784594700000,1913.66,1917.41,1913.53,1913.88,5886.64
1784595600000,1913.88,1917.4,1911.5,1913,5772.49
1784596500000,1913,1913.19,1908.63,1909.46,3085.99
1784597400000,1909.46,1914.43,1907.6,1908.88,3311.06
1784598300000,1908.88,1910.2,1906.26,1906.53,2264.13
1784599200000,1906.53,1913,1906.17,1908.7,4695.71
1784600100000,1908.7,1908.77,1903.68,1906.77,10332.57
1784601000000,1906.77,1912.85,1906.45,1911.21,4345.68
1784601900000,1911.21,1923.3,1909.75,1916.38,13797.71
1784602800000,1916.38,1927.92,1916.01,1924.18,13201.24
1784603700000,1924.18,1927.5,1921.53,1923.99,10407.79
1784604600000,1923.99,1926.99,1922,1925.55,4202.59
1784605500000,1925.55,1927.81,1923.37,1925.89,3239.47
1784606400000,1925.89,1930.63,1924.07,1925,9600.08
1784607300000,1925,1925.91,1922.16,1922.45,5742.16
1784608200000,1922.45,1924.85,1921.55,1923.58,3196.81
1784609100000,1923.58,1924.89,1922.5,1923.55,2271.94
1784610000000,1923.55,1925.45,1921.75,1922.58,3014.68
1784610900000,1922.58,1925.5,1920.77,1924.04,2357.67
1784611800000,1924.04,1926.37,1922.2,1925.63,3604.77
1784612700000,1925.63,1935.31,1924.5,1929.72,23323.87
1784613600000,1929.72,1933.58,1926.68,1930.98,7728.85
1784614500000,1930.98,1933.04,1928.54,1931.43,3398.45
1784615400000,1931.43,1939.07,1931.14,1936.99,16436.04
1784616300000,1936.99,1937.34,1932.85,1934.05,4502.33
1784617200000,1934.05,1935.65,1932.8,1934.99,4066.87
1784618100000,1934.99,1937.64,1932.87,1934.3,5416.46
1784619000000,1934.3,1939.3,1933.14,1933.29,7678.95
1784619900000,1933.29,1936.15,1932.21,1933.24,5747.64
1784620800000,1933.24,1937.3,1930.5,1937.2,6327.14
1784621700000,1937.2,1952.52,1935.7,1939.48,44968.08
1784622600000,1939.48,1941.91,1937.45,1941.43,8696.98
1784623500000,1941.43,1942.08,1938,1938.95,4761.2
1784624400000,1938.95,1939.31,1935.29,1939.15,4951.94
1784625300000,1939.15,1940.22,1937.23,1937.76,3990.27
1784626200000,1937.76,1940.98,1937.28,1938.76,3405.05
1784627100000,1938.76,1942.7,1938.71,1940.93,3870.69
1784628000000,1940.93,1946.28,1940.76,1943.94,7260.8
1784628900000,1943.94,1944.82,1940.87,1941.31,2409.48
1784629800000,1941.31,1942.89,1938.13,1938.51,4750.31
1784630700000,1938.51,1940.17,1930.61,1933,12361.72
1784631600000,1933,1933.57,1927.93,1929.01,9363.37
1784632500000,1929.01,1930.36,1925.92,1928.71,9354.68
1784633400000,1928.71,1934.25,1928.71,1934,5350.26
1784634300000,1934,1936.73,1933.5,1934.86,3398.64
1784635200000,1934.86,1938.52,1931.71,1935.18,5673.94
1784636100000,1935.18,1943.1,1932.56,1939.54,9917.95
1784637000000,1939.54,1944.69,1938.5,1941.1,8955.7
1784637900000,1941.1,1943.34,1939,1941.61,3295.51
1784638800000,1941.61,1942.81,1939.45,1941.1,4529.63
1784639700000,1941.1,1941.76,1934.62,1936.02,9366.03
1784640600000,1936.02,1936.96,1926.43,1928.31,16949.92
1784641500000,1928.31,1940.99,1927.35,1939.44,20861.41
1784642400000,1939.44,1943.27,1935.23,1940.85,14244.62
1784643300000,1940.85,1940.85,1926.8,1931.78,12028.68
1784644200000,1931.78,1936.68,1929.71,1935.4,8500.44
1784645100000,1935.4,1937.89,1930.5,1930.88,5668.68
1784646000000,1930.88,1930.89,1923.87,1926.32,15793
1784646900000,1926.32,1930,1923.73,1925.19,5672.19
1784647800000,1925.19,1929.16,1922.1,1926.54,7839.52
1784648700000,1926.54,1931.68,1925.21,1931.05,4551.55
1784649600000,1931.05,1934.79,1928.4,1929.42,5384.37
1784650500000,1929.42,1929.42,1923.22,1923.65,7189.61
1784651400000,1923.65,1927.13,1922.17,1923.79,5670.82
1784652300000,1923.79,1927.65,1920.6,1925.48,6688.78
1784653200000,1925.48,1927.57,1924.36,1925.22,2870.4
1784654100000,1925.22,1926.02,1921,1924.38,3009.41
1784655000000,1924.38,1926.87,1922.48,1926.76,1889.12
1784655900000,1926.76,1926.79,1913.47,1917.73,23123.36
1784656800000,1917.73,1922.19,1914.62,1919.76,9410.99
1784657700000,1919.76,1920.92,1916.67,1919.41,3336.44
1784658600000,1919.41,1921.55,1914.06,1920.73,5712.54
1784659500000,1920.73,1921.55,1918.1,1919.29,2197.49
1784660400000,1919.29,1922.5,1917.25,1918.7,2564.97
1784661300000,1918.7,1923.55,1917.97,1923.16,1123.9
1784662200000,1923.16,1925.35,1921.81,1922.89,2259.69
1784663100000,1922.89,1925.35,1921.71,1922.63,5250.93
1784664000000,1922.63,1923.46,1920.68,1921.61,1371.77
1784664900000,1921.61,1922.2,1920.57,1922.12,2348.57
1784665800000,1922.12,1925.39,1922.12,1924.21,1602.11
1784666700000,1924.21,1924.38,1921.96,1922.3,968.44
1784667600000,1922.3,1922.44,1918.84,1922.44,2320.53
1784668500000,1922.44,1924.24,1921.3,1923.11,1551.96
1784669400000,1923.11,1925.93,1923.11,1925.45,1095.95
1784670300000,1925.45,1925.45,1922.64,1923.31,1097.61
1784671200000,1923.31,1923.31,1920.12,1921.54,2030.97
1784672100000,1921.54,1921.82,1918.81,1920.79,1716.82
1784673000000,1920.79,1922.66,1919.4,1920.44,1044.24
1784673900000,1920.44,1920.44,1917.07,1919.9,1673.55
1784674800000,1919.9,1919.9,1915.59,1916.88,1906.17
1784675700000,1916.88,1921.66,1916.74,1921.66,1372.81
1784676600000,1921.66,1924.31,1920.03,1923.29,1793.93
1784677500000,1923.29,1931.57,1921.25,1929.33,9168.57
1784678400000,1929.33,1937.96,1928.21,1937.44,8564.9
1784679300000,1937.44,1943.76,1935,1936.15,12890.59
1784680200000,1936.15,1942,1933.6,1939,5627.84
1784681100000,1939,1940.9,1935.09,1938.39,4082.28
1784682000000,1938.39,1939.82,1933.43,1933.65,3083.26
1784682900000,1933.65,1934.45,1926.74,1930.22,6439.85
1784683800000,1930.22,1934.68,1927.88,1932.51,6910.38
1784684700000,1932.51,1936.82,1930.69,1932.75,4017.33
1784685600000,1932.75,1933.96,1928.25,1932.53,2251.13
1784686500000,1932.53,1935.4,1930.52,1931.41,2622.86
1784687400000,1931.41,1931.41,1925.8,1929.48,4601.79
1784688300000,1929.48,1930.76,1927.26,1929.41,2301.16
1784689200000,1929.41,1932.84,1925.5,1926.04,6782.76
1784690100000,1926.04,1931.72,1926.02,1930.94,3513.86
1784691000000,1930.94,1932,1927.8,1930.83,1118.87
1784691900000,1930.83,1935.15,1926.18,1927.4,5794.39
1784692800000,1927.4,1933.24,1927.01,1932.86,2524.53
1784693700000,1932.86,1936.15,1932.57,1934.35,4391
1784694600000,1934.35,1938.64,1932.67,1937.86,4941.51
1784695500000,1937.86,1938.43,1934.67,1935.64,1721.08
1784696400000,1935.64,1935.83,1930.7,1931.65,1834.46
1784697300000,1931.65,1931.73,1920.8,1921.93,13246.67
1784698200000,1921.93,1925.18,1918.36,1919.38,10076.41
1784699100000,1919.38,1921.25,1917.04,1918.54,4598.45
1784700000000,1918.54,1919.93,1915.65,1918.99,4617.16
1784700900000,1918.99,1919.1,1912.4,1913.49,11032.54
1784701800000,1913.49,1918.81,1912.13,1916.94,8048.54
1784702700000,1916.94,1918.4,1915.04,1916.59,3552.83
1784703600000,1916.59,1918.15,1914.83,1915.56,3304.98
1784704500000,1915.56,1917.3,1911.84,1917.3,5003.39
1784705400000,1917.3,1917.99,1910.08,1912.07,6149.83
1784706300000,1912.07,1913.75,1909.54,1913.42,4267.54
1784707200000,1913.42,1922.79,1912.97,1920.05,10818.55
1784708100000,1920.05,1924.45,1919,1920.8,4080.31
1784709000000,1920.8,1922.59,1917.63,1918.23,3124.44
1784709900000,1918.23,1920.85,1918.12,1920.27,2707.52
1784710800000,1920.27,1925.91,1919.75,1923.52,8180.39
1784711700000,1923.52,1925.2,1923,1924.3,1752.49
1784712600000,1924.3,1924.45,1918.51,1920.69,3209.75
1784713500000,1920.69,1924,1918.77,1923.84,4667.61
1784714400000,1923.84,1924.82,1922.42,1923.51,1940.71
1784715300000,1923.51,1928,1922.23,1927.68,5578.24
1784716200000,1927.68,1931.51,1926.2,1930.16,6425
1784717100000,1930.16,1932.76,1929.31,1929.83,6379.22
1784718000000,1929.83,1930.57,1927.64,1928.03,3381.59
1784718900000,1928.03,1929.09,1926,1927.21,2690.75
1784719800000,1927.21,1928.56,1921.54,1921.9,7218.64
1784720700000,1921.9,1927.11,1921.31,1926.41,3295.62
1784721600000,1926.41,1926.53,1921.41,1925.17,3271.28
1784722500000,1925.17,1926.84,1921.49,1922.55,3465.95
1784723400000,1922.55,1924.39,1919.29,1920.19,5476.62
1784724300000,1920.19,1921.96,1912.31,1916.13,16001.11
1784725200000,1916.13,1920.45,1915.61,1919.32,4409.89
1784726100000,1919.32,1921.7,1917.62,1920.77,2664.75
1784727000000,1920.77,1938.34,1920.77,1936.37,22673.24
1784727900000,1936.37,1941.68,1934.01,1938.88,19134.77
1784728800000,1938.88,1955.68,1936.97,1940.51,38322.48
1784729700000,1940.51,1940.51,1921.79,1923.87,23134.21
1784730600000,1923.87,1934.44,1922.49,1926.66,13106.93
1784731500000,1926.66,1932.29,1926,1932.19,4844.9
1784732400000,1932.19,1942.5,1932.04,1941.02,10473.83
1784733300000,1941.02,1951.66,1939.76,1947.65,22487.28
1784734200000,1947.65,1949.29,1939.64,1943.39,12002.55
1784735100000,1943.39,1945.86,1940.3,1941.88,6364.44
1784736000000,1941.88,1946.32,1938.27,1943.54,8580.89
1784736900000,1943.54,1943.62,1934.36,1938.59,8015.51
1784737800000,1938.59,1955.67,1938.08,1950.33,28426.32
1784738700000,1950.33,1951.49,1945.75,1948.82,8635.86
1784739600000,1948.82,1949.49,1944.4,1945.02,4957.24
1784740500000,1945.02,1945.39,1933.74,1935.66,11382.68
1784741400000,1935.66,1943.9,1935.41,1943.37,6391.52
1784742300000,1943.37,1945.7,1937.21,1937.6,5336.87
1784743200000,1937.6,1939.31,1931.59,1934.75,6445.27
1784744100000,1934.75,1938.55,1931.25,1932.41,3754.35
1784745000000,1932.41,1932.41,1922.18,1925,12683
1784745900000,1925,1931.93,1923.77,1929.57,6026.77
1784746800000,1929.57,1931.15,1920,1923.61,5798.94
1784747700000,1923.61,1927.96,1923.18,1926.51,3638.64
1784748600000,1926.51,1928.22,1923.79,1924.13,1758.24
1784749500000,1924.13,1926.29,1922.68,1924.16,4751.11
1784750400000,1924.16,1928.38,1921.81,1928.17,6808.78
1784751300000,1928.17,1929.6,1926.13,1926.81,3462.55
1784752200000,1926.81,1928.4,1925.43,1927.09,1440.89
1784753100000,1927.09,1927.56,1925.27,1925.72,393.17
1784754000000,1925.72,1929,1925.71,1926.59,1381.07
1784754900000,1926.59,1928.59,1925.83,1927.1,919.24
1784755800000,1927.1,1935.21,1926.7,1934.69,6406.04
1784756700000,1934.69,1939.25,1932.69,1937.94,3452.66
1784757600000,1937.94,1938.41,1933.29,1935.44,2331.85
1784758500000,1935.44,1935.85,1931.67,1935.32,765.78
1784759400000,1935.32,1935.33,1929.65,1932.03,3878.46
1784760300000,1932.03,1937.89,1932.02,1937.27,2313.5
1784761200000,1937.27,1937.5,1922.47,1924.61,10869.92
1784762100000,1924.61,1929.7,1922.5,1927.83,2889.33
1784763000000,1927.83,1929.74,1927.37,1928.84,1268.83
1784763900000,1928.84,1933.9,1928.01,1933.23,1723.91
1784764800000,1933.23,1937.48,1932.31,1934.17,4015.2
1784765700000,1934.17,1940.73,1931.36,1937.44,7320.56
1784766600000,1937.44,1939.4,1934.49,1934.49,2800.05
1784767500000,1934.49,1936.62,1931,1931,2181.97
1784768400000,1931,1935.65,1929.9,1932.06,2745.44
1784769300000,1932.06,1933.97,1927.14,1932.74,5802.65
1784770200000,1932.74,1933.43,1925.51,1927.19,4626.33
1784771100000,1927.19,1929.15,1926.56,1927.34,1566.64
1784772000000,1927.34,1928.69,1924.13,1924.35,3537.01
1784772900000,1924.35,1925.81,1921,1923.58,4532.82
1784773800000,1923.58,1927.2,1923.07,1925.08,2567.2
1784774700000,1925.08,1927.4,1924.62,1926.65,1730.29
1784775600000,1926.65,1927.03,1919.36,1920.9,6443.99
1784776500000,1920.9,1923.69,1919.35,1921.67,4578.21
1784777400000,1921.67,1924.23,1920.51,1921.83,2833.7
1784778300000,1921.83,1922.02,1916.65,1919.57,8647.81
1784779200000,1919.57,1921.7,1917.75,1921.69,2709.33
1784780100000,1921.69,1925.18,1920.36,1924.25,3710.75
1784781000000,1924.25,1924.35,1920.8,1921.6,5975.98
1784781900000,1921.6,1922.83,1917.7,1919.01,2820.08
1784782800000,1919.01,1920.28,1917.32,1919.14,2823.73
1784783700000,1919.14,1924.84,1917.72,1924.84,5662.44
1784784600000,1924.84,1927.78,1923.79,1924.36,5279.29
1784785500000,1924.36,1924.82,1920.12,1922.02,4027.91
1784786400000,1922.02,1922.4,1920.1,1922.12,1861.78
1784787300000,1922.12,1925.41,1920.46,1925.4,6061.95
1784788200000,1925.4,1925.79,1923.03,1924.86,2410.64
1784789100000,1924.86,1925.89,1923.66,1924.46,1286.51
1784790000000,1924.46,1924.46,1912.8,1916.87,11838.33
1784790900000,1916.87,1917.09,1913.38,1915.18,8992.22
1784791800000,1915.18,1916.12,1912.51,1912.56,4839.86
1784792700000,1912.56,1915.39,1911.67,1914.8,4013.63
1784793600000,1914.8,1919.55,1913.53,1918.58,6720.15
1784794500000,1918.58,1921.86,1917.51,1921.24,6685.82
1784795400000,1921.24,1925.79,1921.24,1924.6,7338.11
1784796300000,1924.6,1926.18,1923.3,1925.22,3668.24
1784797200000,1925.22,1929.49,1923.56,1928,10087.38
1784798100000,1928,1931,1926.68,1928.35,6775.37
1784799000000,1928.35,1928.7,1926.39,1927.94,1741.84
1784799900000,1927.94,1928.7,1922.1,1923.12,4996.95
1784800800000,1923.12,1925.3,1920.74,1925.3,3847.99
1784801700000,1925.3,1927.57,1924.32,1927.16,3378.55
1784802600000,1927.16,1928.75,1926.72,1928.68,2688.06
1784803500000,1928.68,1929.44,1926.75,1927.07,3783.94
1784804400000,1927.07,1927.58,1924.42,1927.4,2611.07
1784805300000,1927.4,1928.1,1924.3,1925.15,3141.34
1784806200000,1925.15,1925.99,1923.5,1924.86,2796.12
1784807100000,1924.86,1927.54,1924.01,1924.77,2618.51
1784808000000,1924.77,1927.08,1920.93,1922.68,4892.88
1784808900000,1922.68,1923.61,1917,1918.01,11845.2
1784809800000,1918.01,1918.01,1902.28,1903.65,33598.84
1784810700000,1903.65,1904.91,1893.35,1903.56,34109.92
1784811600000,1903.56,1906.47,1896.59,1897.55,16485.33
1784812500000,1897.55,1900.67,1894.5,1897.26,9864.23
1784813400000,1897.26,1907.5,1896.94,1906.81,17478.94
1784814300000,1906.81,1908.56,1897.73,1897.78,16455.63
1784815200000,1897.78,1903.99,1895.24,1901.49,13768.3
1784816100000,1901.49,1906.47,1899.24,1902.9,10659.88
1784817000000,1902.9,1906.29,1898.33,1898.78,14459.19
1784817900000,1898.78,1900.8,1891.64,1895.45,18529.72
1784818800000,1895.45,1895.99,1882.02,1883.53,35153.91
1784819700000,1883.53,1896.41,1883,1891.95,19066.13
1784820600000,1891.95,1893.25,1888,1889.93,9018.52
1784821500000,1889.93,1897,1889.1,1894.48,6874.09
1784822400000,1894.48,1894.79,1884.59,1889.34,17133.85
1784823300000,1889.34,1889.97,1883.77,1889.15,7847.4
1784824200000,1889.15,1889.3,1885.32,1887.33,6778.18
1784825100000,1887.33,1890.84,1886.55,1886.9,4191.47
1784826000000,1886.9,1889.19,1885,1887.22,3559.75
1784826900000,1887.22,1891.33,1886.79,1890.4,4855.78
1784827800000,1890.4,1891.39,1887.14,1888.03,2124.52
1784828700000,1888.03,1889.4,1873.48,1877.51,21724.91
1784829600000,1877.51,1879.99,1875,1878.23,7941.91
1784830500000,1878.23,1880.3,1875.11,1879.61,5820.58
1784831400000,1879.61,1883.5,1876.01,1878.29,5940
1784832300000,1878.29,1882.68,1878.29,1880.23,2514.49
1784833200000,1880.23,1882.49,1873.62,1875.64,3958.55
1784834100000,1875.64,1880.7,1875.52,1880.46,2930.44
1784835000000,1880.46,1881.9,1874.18,1875.15,5503.94
1784835900000,1875.15,1875.59,1868,1874.56,22571.37
1784836800000,1874.56,1884.46,1873.78,1882.99,10395.84
1784837700000,1882.99,1887.95,1882.39,1886.78,6546.71
1784838600000,1886.78,1886.89,1883.44,1883.84,6207.32
1784839500000,1883.84,1886.01,1883.29,1885.07,1600.12
1784840400000,1885.07,1887.97,1880.48,1881.82,5517.71
1784841300000,1881.82,1883.39,1879.65,1881.88,2693.67
1784842200000,1881.88,1883.27,1879.99,1881.14,988.74
1784843100000,1881.14,1882.73,1879.81,1881.79,1287.4
1784844000000,1881.79,1883.32,1876.81,1877.49,3993.88
1784844900000,1877.49,1881.26,1873.33,1879.13,8441.8
1784845800000,1879.13,1882.88,1879.13,1882.47,1823.15
1784846700000,1882.47,1882.71,1880.4,1882.69,2282.72
1784847600000,1882.69,1883.7,1881.46,1882.28,1070.18
1784848500000,1882.28,1883.84,1881.45,1882.33,1168.3
1784849400000,1882.33,1883.33,1880.2,1881,1113.64
1784850300000,1881,1881.9,1874.68,1877.58,4790.89
1784851200000,1877.58,1878.27,1871.2,1873.63,5688.97
1784852100000,1873.63,1876.77,1869.62,1870.52,4423.74
1784853000000,1870.52,1871.41,1858.13,1865,28227.6
1784853900000,1865,1870.54,1865,1870.44,5549.32
1784854800000,1870.44,1875.77,1869.34,1872.86,6064.93
1784855700000,1872.86,1876.53,1870.59,1872.27,4392.33
1784856600000,1872.27,1876.8,1871.46,1875.23,3920.93
1784857500000,1875.23,1875.98,1871.8,1871.99,1758
1784858400000,1871.99,1877.68,1871.08,1876.23,2943.14
1784859300000,1876.23,1876.33,1870.89,1874.84,2823.92
1784860200000,1874.84,1874.93,1866.04,1869.43,6382.5
1784861100000,1869.43,1870.17,1863.64,1868.85,6226.12
1784862000000,1868.85,1876.48,1867.34,1875.26,6003.56
1784862900000,1875.26,1880.47,1874.81,1878.15,6075.48
1784863800000,1878.15,1880.12,1876.8,1880.08,2087.43
1784864700000,1880.08,1880.37,1878.56,1879.8,3515.7
1784865600000,1879.8,1880.32,1877.9,1877.9,1988.93
1784866500000,1877.9,1881.27,1876.45,1879.12,3030.12
1784867400000,1879.12,1880.14,1874.07,1875.82,2684.08
1784868300000,1875.82,1876.59,1873.81,1875.19,1654.98
1784869200000,1875.19,1880.61,1872.51,1878.94,4645.95
1784870100000,1878.94,1880.72,1878.59,1879,2113.99
1784871000000,1879,1880.28,1876.45,1879.85,2298.25
1784871900000,1879.85,1881.24,1877.68,1879.93,2051.02
1784872800000,1879.93,1881.74,1878,1880.88,3268.61
1784873700000,1880.88,1886.13,1880.08,1883.38,6208.79
1784874600000,1883.38,1887.58,1881.37,1885.57,4327.41
1784875500000,1885.57,1887.54,1884.7,1887.24,1961.2
1784876400000,1887.24,1908.95,1887.24,1907.64,36436.92
1784877300000,1907.64,1907.64,1895.32,1896.83,16405
1784878200000,1896.83,1901.05,1887.35,1890.04,16961.7
1784879100000,1890.04,1895.69,1889.84,1894.99,7302.54
1784880000000,1894.99,1895.15,1891.09,1892.61,3701.2
1784880900000,1892.61,1893.37,1885.33,1889.3,7821.63
1784881800000,1889.3,1891.98,1889,1891.83,2551.89
1784882700000,1891.83,1891.83,1887.02,1887.28,3293.62
1784883600000,1887.28,1888.17,1881.16,1881.57,10659.71
1784884500000,1881.57,1883.33,1877.2,1881.8,8837.29
1784885400000,1881.8,1886,1880.93,1885.01,6554.43
1784886300000,1885.01,1887.9,1884.14,1887.26,3328.23
1784887200000,1887.26,1888,1881.66,1882.31,2662.12
1784888100000,1882.31,1885.18,1881.03,1884.36,2839.05
1784889000000,1884.36,1885.86,1883.22,1883.23,1939.5
1784889900000,1883.23,1884.34,1879.25,1882.87,3412.09
1784890800000,1882.87,1883.63,1878.99,1880.21,5093.76
1784891700000,1880.21,1883.3,1880.2,1880.63,2644.82
1784892600000,1880.63,1881.4,1877.21,1877.79,7100.6
1784893500000,1877.79,1883.85,1875.5,1883.08,9588.26
1784894400000,1883.08,1884.34,1880.53,1882.99,4356.61
1784895300000,1882.99,1885.45,1881.59,1882.01,4963.92
1784896200000,1882.01,1883.71,1876.85,1877.18,5103.4
1784897100000,1877.18,1878.65,1871.06,1871.71,20189.43
1784898000000,1871.71,1874.72,1855.6,1861.51,38226.51
1784898900000,1861.51,1869.78,1861.21,1865.75,12258.65
1784899800000,1865.75,1867.56,1857.5,1864.75,17298.9
1784900700000,1864.75,1866.43,1847,1856.91,47138.12
1784901600000,1856.91,1862.26,1853.8,1856,18207.36
1784902500000,1856,1857.93,1849.22,1857.05,14127.03
1784903400000,1857.05,1857.65,1851.11,1851.51,10217.76
1784904300000,1851.51,1862.46,1847.14,1861.92,20093.64
1784905200000,1861.92,1864.53,1853.31,1864.36,16534.5
1784906100000,1864.36,1867.58,1858.91,1864.42,15688.66
1784907000000,1864.42,1868.84,1862.68,1863.61,9303.17
1784907900000,1863.61,1865.33,1858.7,1861.23,12921.33
1784908800000,1861.23,1865.49,1858.13,1861.56,6618.75
1784909700000,1861.56,1863.34,1859.61,1860.01,3475.77
1784910600000,1860.01,1860.01,1855.08,1855.88,6783.97
1784911500000,1855.88,1858.68,1852.33,1856.73,7403.19
1784912400000,1856.73,1857.99,1854.08,1856.77,3325.11
1784913300000,1856.77,1863.57,1856.4,1862.01,6468.39
1784914200000,1862.01,1865.23,1861.5,1862.42,6061.59
1784915100000,1862.42,1865.72,1861.4,1865.71,2294.76
1784916000000,1865.71,1865.85,1863.21,1864.39,1534.34
1784916900000,1864.39,1864.39,1859.94,1860.68,2134.41
1784917800000,1860.68,1861.71,1857.62,1859.07,3395.43
1784918700000,1859.07,1863.35,1858.6,1861.79,2490.24
1784919600000,1861.79,1863.08,1857.08,1857.31,2445.16
1784920500000,1857.31,1861,1857.08,1860.48,846.38
1784921400000,1860.48,1863.78,1860.1,1862.63,2213.44
1784922300000,1862.63,1863.54,1861.06,1862.92,1109.2
1784923200000,1862.92,1864.64,1861.22,1862.63,1021.24
1784924100000,1862.63,1864.47,1862.11,1862.42,747.51
1784925000000,1862.42,1862.42,1859.18,1860.83,1254.16
1784925900000,1860.83,1861.58,1857.49,1860.04,1882.32
1784926800000,1860.04,1860.93,1858.05,1858.59,2083.19
1784927700000,1858.59,1860.32,1857.7,1859.11,966.37
1784928600000,1859.11,1860.39,1858.03,1858.86,607.58
1784929500000,1858.86,1859.2,1856.14,1856.59,1861.62
1784930400000,1856.59,1859.19,1855.92,1858.6,1622.99
1784931300000,1858.6,1859.07,1857.72,1858.68,399.62
1784932200000,1858.68,1860.82,1858.68,1860.02,1145.18
1784933100000,1860.02,1860.35,1858.39,1858.76,2422.67
1784934000000,1858.76,1860.15,1858.12,1859.19,586.88
1784934900000,1859.19,1860.92,1858.53,1860.24,801.39
1784935800000,1860.24,1860.99,1858.59,1860.3,1013.55
1784936700000,1860.3,1861.14,1859.53,1860.59,776.92
1784937600000,1860.59,1862.98,1860.07,1862.17,1391.14
1784938500000,1862.17,1863.69,1861.29,1863.17,1079.07
1784939400000,1863.17,1864,1858.33,1859.44,3280.33
1784940300000,1859.44,1860.24,1856.08,1859.62,4121.32
1784941200000,1859.62,1863.07,1857.08,1858.62,4309.96
1784942100000,1858.62,1859.75,1857.5,1859.05,1862.76
1784943000000,1859.05,1861.58,1858.32,1861.03,1321.55
1784943900000,1861.03,1861.66,1859,1859.36,774.48
1784944800000,1859.36,1860.97,1859.04,1859.49,948.12
1784945700000,1859.49,1860,1857.63,1859.96,1089.46
1784946600000,1859.96,1860.48,1858.14,1859.84,1719.46
1784947500000,1859.84,1860,1857.55,1858.74,1374.34
1784948400000,1858.74,1859.46,1857.09,1858.7,1409.68
1784949300000,1858.7,1859.8,1858.06,1858.47,600.31
1784950200000,1858.47,1859.46,1857.63,1858.81,1473.98
1784951100000,1858.81,1858.82,1854.79,1858.01,2426.7
1784952000000,1858.01,1860,1857.77,1860,1412.42
1784952900000,1860,1860.6,1858.63,1859.08,1067.02
1784953800000,1859.08,1861,1857.65,1860.64,1592.8
1784954700000,1860.64,1861.91,1860.01,1860.55,2011.27
1784955600000,1860.55,1862,1859.6,1859.74,1065.82
1784956500000,1859.74,1860.49,1859.6,1859.91,911.11
1784957400000,1859.91,1859.95,1856.52,1857.5,3777.09
1784958300000,1857.5,1857.99,1856.3,1857.68,2003.64
1784959200000,1857.68,1858.85,1857.07,1858.69,2068.26
1784960100000,1858.69,1859.42,1855.6,1856.12,3050.64
1784961000000,1856.12,1856.64,1854.39,1854.88,4058.89
1784961900000,1854.88,1857.88,1853.61,1857.84,4034.01
1784962800000,1857.84,1857.94,1856.66,1856.78,694.43
1784963700000,1856.78,1857.7,1856,1856.37,842.29
1784964600000,1856.37,1857.17,1855.02,1856.32,1004.02
1784965500000,1856.32,1856.99,1855.3,1855.3,723.61
1784966400000,1855.3,1855.3,1852.01,1853.69,5716.19
1784967300000,1853.69,1855.38,1853.68,1855.16,1241.91
1784968200000,1855.16,1855.39,1853.56,1854.25,1318.97
1784969100000,1854.25,1854.64,1850.37,1852.98,4961.42
1784970000000,1852.98,1853.98,1851.02,1853.41,1925.16
1784970900000,1853.41,1855.14,1852.44,1855.13,2360.03
1784971800000,1855.13,1855.78,1854.55,1855.67,1682.05
1784972700000,1855.67,1858.22,1855.67,1857.48,2791.58
1784973600000,1857.48,1858.52,1857.05,1857.99,3038
1784974500000,1857.99,1858.52,1856.53,1857.22,2050.29
1784975400000,1857.22,1857.69,1855.77,1856.41,2648.8
1784976300000,1856.41,1857.9,1856.02,1857.86,1041.2
1784977200000,1857.86,1859.58,1857.06,1858.54,9841.23
1784978100000,1858.54,1859.07,1857.56,1857.68,846.25
1784979000000,1857.68,1858.97,1856.5,1857.43,1392.33
1784979900000,1857.43,1858.44,1856.73,1857.06,1641.12
1784980800000,1857.06,1857.74,1856.2,1857.67,1349.3
1784981700000,1857.67,1858,1856.31,1857.27,897.33
1784982600000,1857.27,1857.79,1856.46,1857.58,1817.75
1784983500000,1857.58,1859.9,1856.95,1859.54,1812.69
1784984400000,1859.54,1863.21,1859.19,1862.27,7610.3
1784985300000,1862.27,1865,1861.71,1863.36,5135.18
1784986200000,1863.36,1867.7,1862.37,1867.57,4944.1
1784987100000,1867.57,1871.86,1864.44,1866.41,12451.23
1784988000000,1866.41,1866.6,1864.58,1866.46,2351.77
1784988900000,1866.46,1867.37,1864.33,1865.69,4361.6
1784989800000,1865.69,1868.5,1865.65,1867.5,4439.59
1784990700000,1867.5,1868.43,1866.14,1867.9,2549.03
1784991600000,1867.9,1869.49,1866.29,1868.07,2854.26
1784992500000,1868.07,1870.49,1867.33,1867.61,2665.87
1784993400000,1867.61,1870.25,1866.38,1869.3,2655.78
1784994300000,1869.3,1869.88,1866.66,1867.07,1875.67
1784995200000,1867.07,1868.66,1865,1867.88,4082.96
1784996100000,1867.88,1867.9,1863.83,1865.19,2621.46
1784997000000,1865.19,1868.19,1864.93,1868.19,1305.1
1784997900000,1868.19,1870,1865.7,1867.34,1671.43
1784998800000,1867.34,1868.99,1867.2,1868.46,1373.5
1784999700000,1868.46,1871.76,1867.99,1870.75,3932.75
1785000600000,1870.75,1874,1869.97,1872.82,6981.42
1785001500000,1872.82,1874.4,1871.46,1872.33,2273.87
1785002400000,1872.33,1876.59,1871.45,1872.8,6556.72
1785003300000,1872.8,1874.51,1871.74,1874.38,2076.6
1785004200000,1874.38,1875.6,1872.55,1872.92,3780.46
1785005100000,1872.92,1875.16,1872.92,1874.39,3055.88
1785006000000,1874.39,1875.5,1873.58,1875.03,1755.37
1785006900000,1875.03,1875.15,1873.47,1874.34,1146.08
1785007800000,1874.34,1875.2,1874.15,1874.92,411.71
1785008700000,1874.92,1875.66,1873.48,1873.78,1106.24
1785009600000,1873.78,1874.03,1871.95,1872.88,8927.01
1785010500000,1872.88,1872.96,1869.67,1871.49,2850.88
1785011400000,1871.49,1871.49,1869.42,1870.26,1469.72
1785012300000,1870.26,1871.35,1869.99,1871.35,503.46
1785013200000,1871.35,1871.46,1866.4,1869.2,2157.84
1785014100000,1869.2,1869.76,1868.2,1869.71,1348
1785015000000,1869.71,1872.75,1869.45,1870.99,1708.56
1785015900000,1870.99,1874.06,1870.37,1871.74,2221.06
1785016800000,1871.74,1873.94,1871.36,1873.15,985.86
1785017700000,1873.15,1874.62,1872.75,1874.17,992.18
1785018600000,1874.17,1874.99,1872.87,1874.8,1528.13
1785019500000,1874.8,1876,1873.53,1875,1431.92
1785020400000,1875,1875.44,1873.65,1873.84,1030.73
1785021300000,1873.84,1874.3,1872.45,1873.15,648.08
1785022200000,1873.15,1874.62,1873.15,1873.44,1176.12
1785023100000,1873.44,1874.59,1873.02,1873.81,437.72
1785024000000,1873.81,1877.6,1873,1876.36,3462.65
1785024900000,1876.36,1880,1876,1878.22,4007.02
1785025800000,1878.22,1878.48,1875.59,1876.05,3919.86
1785026700000,1876.05,1881.13,1875.6,1880.21,13039.61
1785027600000,1880.21,1881.32,1877.75,1879.43,2395.91
1785028500000,1879.43,1879.89,1878.02,1878.54,987.06
1785029400000,1878.54,1879.55,1878.02,1878.53,1328.75
1785030300000,1878.53,1879.18,1876.93,1877.91,695.28
1785031200000,1877.91,1878.74,1876.11,1878.63,998.88
1785032100000,1878.63,1879.65,1877.03,1878.41,1273.37
1785033000000,1878.41,1878.91,1876.5,1877.35,474.16
1785033900000,1877.35,1880.79,1877.35,1879.95,1207.18
1785034800000,1879.95,1883.62,1878.17,1882.54,5262.46
1785035700000,1882.54,1882.56,1880.06,1880.63,1528.39
1785036600000,1880.63,1883.33,1880.07,1881.65,2518.29
1785037500000,1881.65,1882.27,1880.88,1881.49,618.1
1785038400000,1881.49,1882.36,1879.5,1880.42,1110.35
1785039300000,1880.42,1884.44,1879.64,1883.45,2098.24
1785040200000,1883.45,1886.83,1882.78,1886.67,3733.91
1785041100000,1886.67,1888.69,1884.5,1885.28,7224.38
1785042000000,1885.28,1886.58,1884,1886.57,1560.33
1785042900000,1886.57,1886.57,1883.73,1883.97,1290.27
1785043800000,1883.97,1885.48,1882.49,1885.32,1256.83
1785044700000,1885.32,1885.41,1881.63,1882.49,2214.5
1785045600000,1882.49,1884.12,1879.35,1880.12,4452.58
1785046500000,1880.12,1881.07,1877.42,1877.78,3740.47
1785047400000,1877.78,1881.98,1877.77,1881.4,5039.29
1785048300000,1881.4,1884.47,1881.3,1883.94,2266.14
1785049200000,1883.94,1885.34,1882.7,1883.97,3222.57
1785050100000,1883.97,1884.19,1882.04,1882.31,1523.5
1785051000000,1882.31,1882.31,1879.65,1879.65,3496.63
1785051900000,1879.65,1880.98,1879.65,1880.7,1771.22
1785052800000,1880.7,1880.78,1879.04,1879.62,2900.08
1785053700000,1879.62,1880.47,1878.25,1879.97,1784.94
1785054600000,1879.97,1881.12,1879.36,1881.11,1275
1785055500000,1881.11,1881.87,1880.48,1880.76,1516.15
1785056400000,1880.76,1883.18,1880.55,1881.1,3495.61
1785057300000,1881.1,1883.88,1881.03,1883.4,4011.6
1785058200000,1883.4,1884.8,1882.32,1883.76,1537.53
1785059100000,1883.76,1884.5,1882.36,1882.86,2027.06
1785060000000,1882.86,1884.18,1881.16,1883.9,2832.3
1785060900000,1883.9,1885.98,1882.89,1884.48,2036.94
1785061800000,1884.48,1886.64,1884.27,1885.98,4638.28
1785062700000,1885.98,1886.9,1884.11,1885.19,1607.32
1785063600000,1885.19,1886.72,1884.43,1885.79,2670.97
1785064500000,1885.79,1886.76,1885.41,1885.85,2374.76
1785065400000,1885.85,1886.74,1885.27,1885.27,4508.93
1785066300000,1885.27,1885.93,1883.63,1884.89,2584.47
1785067200000,1884.89,1893.73,1884.47,1889.65,14834.07
1785068100000,1889.65,1890.93,1886.01,1888.98,4063.42
1785069000000,1888.98,1889.75,1886.17,1886.8,2202.6
1785069900000,1886.8,1886.84,1884.9,1885.52,2476.31
1785070800000,1885.52,1886,1881.1,1882.07,6126.58
1785071700000,1882.07,1887.16,1882.06,1885.09,5165.48
1785072600000,1885.09,1887.36,1884.17,1887.32,1366.84
1785073500000,1887.32,1888,1885,1885.61,1990.25
1785074400000,1885.61,1897,1885.61,1894.21,17817.06
1785075300000,1894.21,1894.54,1891,1891.73,4549.24
1785076200000,1891.73,1897.27,1890.03,1895.14,7365.69
1785077100000,1895.14,1899.76,1895.14,1897.88,12777.76
1785078000000,1897.88,1903.74,1897.2,1898.52,11520.09
1785078900000,1898.52,1908.8,1898.51,1906.25,19173.29
1785079800000,1906.25,1916.63,1905.58,1913.76,18760.05
1785080700000,1913.76,1915.4,1910.58,1913.83,7915.43
1785081600000,1913.83,1915.42,1907.81,1909.07,8779.8
1785082500000,1909.07,1920.67,1909.07,1919.05,13893.98
1785083400000,1919.05,1927.5,1916.87,1918.62,23875.16
1785084300000,1918.62,1921.19,1915.3,1915.4,6119.03
1785085200000,1915.4,1917.14,1911.12,1916.27,6860.34
1785086100000,1916.27,1916.74,1912.76,1913.28,2964.7
1785087000000,1913.28,1915,1910.16,1911.36,5731.48
1785087900000,1911.36,1912.59,1910.01,1910.51,2171.04
1785088800000,1910.51,1912.57,1910.04,1911.6,1559.96
1785089700000,1911.6,1915.24,1911.31,1912.4,4730
1785090600000,1912.4,1913.87,1911.01,1913.16,2334.44
1785091500000,1913.16,1915.8,1912.43,1913.77,2931.69
1785092400000,1913.77,1915.39,1911.18,1911.54,1362.19
1785093300000,1911.54,1913.94,1911.4,1913.25,871.31
1785094200000,1913.25,1915,1912.59,1914,1050.06
1785095100000,1914,1914.01,1912.64,1913.42,474.86
1785096000000,1913.42,1913.95,1911.6,1912.21,1121.94
1785096900000,1912.21,1912.64,1911,1912.35,1423.67
1785097800000,1912.35,1913.09,1911.62,1912.21,586.94
1785098700000,1912.21,1913.16,1910.54,1912.82,702.46
1785099600000,1912.82,1915.99,1912.81,1914.21,2609.92
1785100500000,1914.21,1924.36,1913.9,1920.79,8051.07
1785101400000,1920.79,1922.97,1919.42,1920.81,3556.4
1785102300000,1920.81,1929.79,1920.52,1925.27,8384.56
1785103200000,1925.27,1940,1925.27,1937.11,23040.26
1785104100000,1937.11,1938.01,1934.33,1937.58,12317.59
1785105000000,1937.58,1946.63,1937,1946.31,23914.43
1785105900000,1946.31,1952,1943.64,1948.87,18533.41
1785106800000,1948.87,1966.46,1948.58,1956.01,45733.2
1785107700000,1956.01,1960.68,1951.55,1952.68,12862.68
1785108600000,1952.68,1952.98,1945.08,1952.51,12581.77
1785109500000,1952.51,1955.99,1951,1953.73,5504.58
1785110400000,1953.73,1954.59,1947.17,1948.44,6474.99
1785111300000,1948.44,1948.44,1941.1,1943.94,18175.3
1785112200000,1943.94,1944.41,1939.21,1940.71,7012.39
1785113100000,1940.71,1944.6,1938.6,1941.56,5221.23
1785114000000,1941.56,1947.47,1941.34,1942.07,7140.81
1785114900000,1942.07,1944.25,1940,1940.48,4212.82
1785115800000,1940.48,1944.23,1934.98,1941.2,9863.48
1785116700000,1941.2,1948.1,1941,1947.55,10295.03
1785117600000,1947.55,1948.45,1945.03,1945.63,5906.78
1785118500000,1945.63,1948,1943.32,1945.05,3519.52
1785119400000,1945.05,1948.03,1943.01,1945.7,3748.7
1785120300000,1945.7,1947,1940.78,1942.56,2801.12
1785121200000,1942.56,1946.01,1941.55,1944.65,3586.65
1785122100000,1944.65,1945.86,1943.6,1945.09,3114.43
1785123000000,1945.09,1946.37,1943.19,1946.36,1324.66
1785123900000,1946.36,1950.3,1945.23,1948.75,4475.99
1785124800000,1948.75,1956.3,1947.55,1952.25,11765.87
1785125700000,1952.25,1962.13,1950.86,1953.15,14897.88
1785126600000,1953.15,1958.6,1949.2,1956.95,8560.9
1785127500000,1956.95,1956.96,1952.23,1952.43,2740.02
1785128400000,1952.43,1956.83,1951.44,1955.52,2721.36
1785129300000,1955.52,1959.95,1953.1,1958.62,7688.63
1785130200000,1958.62,1960.93,1957.12,1959.11,4103.47
1785131100000,1959.11,1969.64,1957.38,1964.38,16694.01
1785132000000,1964.38,1981.7,1962.45,1969.35,39077.41
1785132900000,1969.35,1970.96,1963.36,1965.31,9263.55
1785133800000,1965.31,1972.17,1963.96,1971.71,5876.13
1785134700000,1971.71,1972.5,1967.1,1967.39,5418.59
1785135600000,1967.39,1970.38,1964.17,1970.27,6751.9
1785136500000,1970.27,1970.59,1967.75,1968.31,3465.48
1785137400000,1968.31,1968.43,1958.75,1965.34,10336.25
1785138300000,1965.34,1969.06,1963.2,1963.5,3912.35
1785139200000,1963.5,1966.25,1960.86,1963.76,6791.61
1785140100000,1963.76,1966.9,1961.53,1966.9,4522.73
1785141000000,1966.9,1967.33,1963.78,1964.2,3398.45
1785141900000,1964.2,1968.23,1963.28,1963.28,3562.46
1785142800000,1963.28,1963.28,1955.9,1956.38,17957.7
1785143700000,1956.38,1960,1955.75,1959.39,4383.04
1785144600000,1959.39,1966.72,1958.36,1965.47,9492.57
1785145500000,1965.47,1967.44,1963.94,1964.35,5109.67
1785146400000,1964.35,1965.61,1962.72,1963.77,1825.06
1785147300000,1963.77,1968.45,1962.85,1965.85,7334.48
1785148200000,1965.85,1970.73,1965.85,1969.41,7730.26
1785149100000,1969.41,1971.5,1965.82,1966.59,6011.74
1785150000000,1966.59,1966.59,1962.69,1964.34,2991.42
1785150900000,1964.34,1965.12,1958.5,1958.5,5353.08
1785151800000,1958.5,1960.84,1957.75,1959,3735.57
1785152700000,1959,1960.17,1957.06,1958.57,4109.96
1785153600000,1958.57,1963.5,1953.83,1954.03,10525.49
1785154500000,1954.03,1956.16,1946.23,1947.11,18669.69
1785155400000,1947.11,1953.64,1941.63,1952.24,19587.59
1785156300000,1952.24,1957.52,1951.81,1956.49,7863.36
1785157200000,1956.49,1959.35,1952.76,1952.81,8452.25
1785158100000,1952.81,1955.85,1950.41,1950.95,4354.66
1785159000000,1950.95,1977.23,1949.71,1974.72,40781.77
1785159900000,1974.72,1975.79,1956.39,1959.98,32079.16
1785160800000,1959.98,1965.95,1954.72,1963.12,20042.62
1785161700000,1963.12,1964.79,1935.56,1936.78,35523.76
1785162600000,1936.78,1937.93,1918.09,1920.2,57629.95
1785163500000,1920.2,1933.7,1919.54,1931.45,24255.71
1785164400000,1931.45,1935.61,1924.49,1933.29,16315.88
1785165300000,1933.29,1937.38,1927.28,1930.24,9874.13
1785166200000,1930.24,1933.32,1923.67,1930.4,7495.84
1785167100000,1930.4,1930.84,1926.74,1926.74,3557.09
1785168000000,1926.74,1931.25,1925,1927.16,7547.28
1785168900000,1927.16,1939.2,1921.75,1936.26,14803.88
1785169800000,1936.26,1946.19,1936.19,1941.91,14839.02
1785170700000,1941.91,1943.46,1935.9,1939.86,4771.96
1785171600000,1939.86,1940.47,1934,1938.46,6995.06
1785172500000,1938.46,1945.2,1937.49,1941.22,6905.23
1785173400000,1941.22,1944.97,1941.01,1941.49,2794.15
1785174300000,1941.49,1943.36,1938.85,1942.77,2541.14
1785175200000,1942.77,1943.65,1940.13,1940.46,1393.66
1785176100000,1940.46,1940.46,1935.01,1937.9,5581.06
1785177000000,1937.9,1938.59,1928.02,1934.41,11156.39
1785177900000,1934.41,1939,1930.32,1938.27,4162.07
1785178800000,1938.27,1950.91,1936.71,1947.68,11901.4
1785179700000,1947.68,1951.42,1946.52,1949.84,5303.73
1785180600000,1949.84,1954.62,1946.24,1949.83,7636.45
1785181500000,1949.83,1949.83,1946.51,1947.59,4167.2
1785182400000,1947.59,1949.68,1944.45,1944.81,3379.51
1785183300000,1944.81,1947.07,1942.5,1946.86,1950.58
1785184200000,1946.86,1947.99,1943.67,1944.36,1754.32
1785185100000,1944.36,1946.39,1943.71,1946.03,789.48
1785186000000,1946.03,1949.39,1945.01,1947.53,1889.43
1785186900000,1947.53,1947.66,1943.2,1943.21,1985.83
1785187800000,1943.21,1944.6,1940.9,1941.4,2120.47
1785188700000,1941.4,1943.09,1939.45,1941.19,1894.06
1785189600000,1941.19,1941.28,1933.86,1937.46,5596.42
1785190500000,1937.46,1938.69,1927.26,1928.59,6716.02
1785191400000,1928.59,1930.32,1910.87,1913.68,33881.07
1785192300000,1913.68,1913.72,1890.25,1892.44,41243.08
1785193200000,1892.44,1893.67,1881,1889.91,35902.19
1785194100000,1889.91,1895,1885.46,1892.23,9885.63
1785195000000,1892.23,1895.23,1885.17,1886.58,7760.14
1785195900000,1886.58,1892,1884.62,1891.42,7088.98
1785196800000,1891.42,1893.33,1878.67,1885.95,13615.91
1785197700000,1885.95,1890.4,1877.31,1882.44,11968.01
1785198600000,1882.44,1886.13,1877.79,1883.37,6822.09
1785199500000,1883.37,1883.67,1875.89,1877.81,9222.18
1785200400000,1877.81,1880,1865.21,1874.93,21913.79
1785201300000,1874.93,1878.56,1869.41,1877.53,8622.99
1785202200000,1877.53,1882,1873.56,1875.06,11600.18
1785203100000,1875.06,1878.76,1873.17,1875.03,7011.74
1785204000000,1875.03,1877.8,1871.28,1876.67,4386.59
1785204900000,1876.67,1879.87,1875.53,1877.11,3406.27
1785205800000,1877.11,1878.22,1873.62,1874.44,3267.77
1785206700000,1874.44,1876.51,1872.01,1875.03,9962.94
1785207600000,1875.03,1876.96,1872.15,1876.61,4091.27
1785208500000,1876.61,1880.71,1875.16,1877.49,4853.93
1785209400000,1877.49,1881.82,1874.28,1881.75,4112.9
1785210300000,1881.75,1882.5,1878.43,1880.4,3267.12
1785211200000,1880.4,1881.93,1879.03,1879.55,3274.13
1785212100000,1879.55,1880.7,1877.84,1878.52,2304
1785213000000,1878.52,1878.76,1875.52,1878.35,3098.51
1785213900000,1878.35,1880.5,1876.45,1878.34,4700.19
1785214800000,1878.34,1884.3,1877.44,1881.74,5614.65
1785215700000,1881.74,1888.8,1881.66,1885.47,19509.99
1785216600000,1885.47,1887.46,1881.3,1887.46,6214.7
1785217500000,1887.46,1888.1,1882.09,1882.21,5126.49
1785218400000,1882.21,1882.43,1877.46,1878.91,6442.19
1785219300000,1878.91,1882.55,1878.49,1882.27,9839.9
1785220200000,1882.27,1885.68,1881.66,1885.11,3442.4
1785221100000,1885.11,1887.77,1884.12,1887.62,5459.64
1785222000000,1887.62,1888.11,1884.87,1886.36,4096.83
1785222900000,1886.36,1887.25,1884.01,1884.28,3268.13
1785223800000,1884.28,1885.18,1881.65,1882.64,3309.58
1785224700000,1882.64,1884.08,1879.73,1882.89,4660.94
1785225600000,1882.89,1883.88,1879.42,1879.55,6341.49
1785226500000,1879.55,1884.39,1879.11,1883.69,3566.63
1785227400000,1883.69,1884.5,1879.75,1883.86,4239.33
1785228300000,1883.86,1884.76,1881.25,1883.6,6106.91
1785229200000,1883.6,1884.18,1879.17,1881.5,6901.08
1785230100000,1881.5,1883.69,1881.21,1882.92,2835.16
1785231000000,1882.92,1883.86,1880.02,1881.51,3927.38
1785231900000,1881.51,1882.66,1873.31,1875.19,8004.6
1785232800000,1875.19,1877.65,1872.5,1874.89,6861.42
1785233700000,1874.89,1879.53,1872.66,1876.54,3844.22
1785234600000,1876.54,1879.22,1875.11,1879.22,2979.73
1785235500000,1879.22,1879.99,1877.56,1877.74,2393.76
1785236400000,1877.74,1878.83,1871.3,1872,5315.05
1785237300000,1872,1881.45,1870.75,1873.72,10262.35
1785238200000,1873.72,1879.29,1870.87,1873.35,4032.88
1785239100000,1873.35,1878.15,1873.04,1875.82,3142.11
1785240000000,1875.82,1878.06,1873.76,1876.94,3888.82
1785240900000,1876.94,1879.53,1876.11,1878.43,4561.67
1785241800000,1878.43,1883.03,1876.93,1882.72,10963.49
1785242700000,1882.72,1892.49,1880.98,1891.45,24449.76
1785243600000,1891.45,1895.44,1889.7,1890.63,15360.47
1785244500000,1890.63,1891.79,1882.71,1882.71,12156.08
1785245400000,1882.71,1886.32,1858.9,1868.39,64298.13
1785246300000,1868.39,1875.73,1855.36,1872.83,48161.35
1785247200000,1872.83,1881.19,1872.59,1874.24,18801.5
1785248100000,1874.24,1878.75,1866.1,1875.87,16327.82
1785249000000,1875.87,1887.58,1875.87,1885.28,16785.36
1785249900000,1885.28,1892.87,1883.52,1887.86,21615.61
1785250800000,1887.86,1892,1883.59,1890.35,23790.55
1785251700000,1890.35,1923.74,1886.66,1911.12,82139.95
1785252600000,1911.12,1917.43,1907.78,1915.12,25910.65
1785253500000,1915.12,1921.54,1911.6,1919.04,34443.24
1785254400000,1919.04,1919.05,1913.73,1914.74,9242.41
1785255300000,1914.74,1923.34,1913.88,1916.91,16699.26
1785256200000,1916.91,1923.11,1913.5,1921.39,10757.71
1785257100000,1921.39,1928.54,1918.6,1924.86,20181.78
1785258000000,1924.86,1924.86,1911.04,1911.23,16990.11
1785258900000,1911.23,1912.86,1904.59,1907.38,21683.64
1785259800000,1907.38,1907.72,1892.01,1895.39,31486.06
1785260700000,1895.39,1902.31,1895.26,1900.9,10736.78
1785261600000,1900.9,1913,1900.58,1907.34,17773.33
1785262500000,1907.34,1909.99,1907,1908.36,3315.66
1785263400000,1908.36,1912.99,1907.42,1911.97,2047.2
1785264300000,1911.97,1914.18,1908.71,1910.2,3918.26
1785265200000,1910.2,1914.76,1910.2,1913.03,3354.51
1785266100000,1913.03,1916.33,1911.5,1915.04,2467.19
1785267000000,1915.04,1921.22,1914.76,1915.3,14210.32
1785267900000,1915.3,1921.54,1914.86,1921.54,4633.35
1785268800000,1921.54,1923.58,1918,1920.75,5416.28
1785269700000,1920.75,1922.41,1916.42,1917.74,6069.93
1785270600000,1917.74,1919.46,1915.25,1917.96,3784.45
1785271500000,1917.96,1918.09,1916.14,1917.53,1058.65
1785272400000,1917.53,1922.63,1917.43,1919.56,2405.66
1785273300000,1919.56,1920.27,1918.96,1919.42,1338.05
1785274200000,1919.42,1922.83,1918.13,1922.83,2982.66
1785275100000,1922.83,1929.94,1922.83,1923.01,10073.69
1785276000000,1923.01,1926.59,1921.12,1922.39,3965.24
1785276900000,1922.39,1923.64,1918.89,1918.89,1827.61
1785277800000,1918.89,1918.91,1915.36,1915.93,3808.74
1785278700000,1915.93,1915.93,1908.71,1911.02,16988.37
1785279600000,1911.02,1911.5,1903.26,1907.6,8443.08
1785280500000,1907.6,1908.2,1903,1907.81,3524.31
1785281400000,1907.81,1918.4,1907.56,1917.1,10693.87
1785282300000,1917.1,1922.35,1915.84,1921.23,6539.02
1785283200000,1921.23,1928.26,1920.81,1921.71,10281.17
1785284100000,1921.71,1925.16,1917.9,1919.62,8903.21
1785285000000,1919.62,1922.64,1915.6,1920.59,4666.19
1785285900000,1920.59,1924.79,1915.8,1916.23,3490.48
1785286800000,1916.23,1917.36,1908.57,1909.69,6791.7
1785287700000,1909.69,1916,1907.55,1913.97,5654.74
1785288600000,1913.97,1915.29,1908.31,1909.42,4408.2
1785289500000,1909.42,1910.2,1904.12,1904.67,4616.73
1785290400000,1904.67,1909.63,1900.02,1907.87,9220.12
1785291300000,1907.87,1915.4,1902.16,1915.09,4922.48
1785292200000,1915.09,1918.92,1912.35,1913.31,7675.7
1785293100000,1913.31,1913.58,1908,1910,3620.06
1785294000000,1910,1912.36,1905.55,1908.59,5512.56
1785294900000,1908.59,1909.37,1900.51,1901,5876.26
1785295800000,1901,1901.81,1893.89,1896.96,16134.67
1785296700000,1896.96,1897.88,1889.82,1891.96,11160.22
1785297600000,1891.96,1895.15,1883.42,1891.11,19442.57
1785298500000,1891.11,1895.81,1885.06,1894.68,10327.6
1785299400000,1894.68,1905.88,1893.43,1899.6,13530.19
1785300300000,1899.6,1905,1899.01,1904.61,6434.44
1785301200000,1904.61,1908.41,1903.7,1908.32,9615.15
1785302100000,1908.32,1909.76,1902.39,1907.46,4586.01
1785303000000,1907.46,1914.54,1906.12,1911.63,8080.05
1785303900000,1911.63,1914,1910.82,1911.46,3305.47
1785304800000,1911.46,1913,1907.83,1911.8,5419.7
1785305700000,1911.8,1918.81,1910.08,1917.78,9758.38
1785306600000,1917.78,1920.7,1916.48,1918.58,8957.25
1785307500000,1918.58,1920.65,1916.52,1919.13,6532.59
1785308400000,1919.13,1921.54,1917.49,1918.2,4462.24
1785309300000,1918.2,1918.64,1915.03,1917.58,4801.79
1785310200000,1917.58,1917.7,1913.4,1914.95,5424.42
1785311100000,1914.95,1924.97,1912.95,1923.8,12209.46
1785312000000,1923.8,1924.42,1913.27,1914,9389.57
1785312900000,1914,1915.94,1910.71,1911.91,5583.56
1785313800000,1911.91,1915.71,1910.79,1915.57,4748.62
1785314700000,1915.57,1918.61,1913.7,1914.19,5287.21
1785315600000,1914.19,1918.98,1913.8,1917.97,3771.03
1785316500000,1917.97,1920.16,1917.01,1919.27,3775.3
1785317400000,1919.27,1923.98,1918.94,1921.07,4783.97
1785318300000,1921.07,1923.5,1917.56,1921.39,7150.67
1785319200000,1921.39,1921.72,1918.3,1919.49,4256.91
1785320100000,1919.49,1919.58,1917.7,1918.21,2062.49
1785321000000,1918.21,1920,1915.7,1919.16,3878.42
1785321900000,1919.16,1919.36,1908.52,1911.22,13588.84
1785322800000,1911.22,1916.19,1910.2,1915.42,5478.08
1785323700000,1915.42,1916.23,1910.97,1912.75,4508.28
1785324600000,1912.75,1913.3,1909.34,1911.02,6604.56
1785325500000,1911.02,1915,1910.55,1914.41,2816.28
1785326400000,1914.41,1914.41,1910.78,1910.78,3383.44
1785327300000,1910.78,1910.88,1901.91,1905.38,14400.51
1785328200000,1905.38,1907.99,1902.7,1905.77,8412.92
1785329100000,1905.77,1907.49,1903.01,1904.45,4701.58
1785330000000,1904.45,1906.15,1903,1905.13,4031.08
1785330900000,1905.13,1905.28,1899.49,1903.67,11996.49
1785331800000,1903.67,1910.61,1900.22,1908.68,16144.88
1785332700000,1908.68,1910.84,1894.06,1908.38,41546.66
1785333600000,1908.38,1910.69,1895.7,1897.1,18259.46
1785334500000,1897.1,1902.19,1891.62,1896.89,21088.77
1785335400000,1896.89,1902.8,1890.08,1892.75,17809.22
1785336300000,1892.75,1899.49,1891.77,1894.35,12513.05
1785337200000,1894.35,1898,1892.69,1895.83,3680.24
1785338100000,1895.83,1897.44,1887.52,1894.05,14348.86
1785339000000,1894.05,1897.96,1890.1,1890.75,7204.95
1785339900000,1890.75,1893,1886.22,1891.25,8167
1785340800000,1891.25,1892.89,1888.43,1891.38,4769.17
1785341700000,1891.38,1898.88,1889.28,1895.1,10750.97
1785342600000,1895.1,1897.02,1886.67,1888.68,9551
1785343500000,1888.68,1895.14,1888.47,1894.52,5297.53
1785344400000,1894.52,1900.97,1894.29,1900.61,7608.97
1785345300000,1900.61,1900.72,1894.57,1895.11,5011.06
1785346200000,1895.11,1903.28,1893.48,1901.45,10235.08
1785347100000,1901.45,1916.9,1899.74,1915.81,23516.27
1785348000000,1915.81,1934.91,1914.52,1916.52,63588.01
1785348900000,1916.52,1919,1901.57,1907.4,20309
1785349800000,1907.4,1921.91,1893.01,1919.75,36976.05
1785350700000,1919.75,1927.74,1916.58,1919.73,21989.51
1785351600000,1919.73,1921.91,1908.06,1912.66,21904.12
1785352500000,1912.66,1913.87,1897.24,1903.61,23085.08
1785353400000,1903.61,1906.76,1896.1,1899.48,10958.74
1785354300000,1899.48,1900.76,1882.76,1887.74,29789.16
1785355200000,1887.74,1889.07,1878.34,1887.02,27852.26
1785356100000,1887.02,1890.9,1877.14,1883.23,10376.1
1785357000000,1883.23,1891.34,1881.51,1888.41,10610.86
1785357900000,1888.41,1889.91,1882.01,1883.31,7402.11
1785358800000,1883.31,1884.5,1871.49,1884.11,16248.2
1785359700000,1884.11,1889,1881,1888.83,6379.88
1785360600000,1888.83,1892.09,1887.97,1890.67,7612.32
1785361500000,1890.67,1897.72,1888.84,1897.68,9252.87
1785362400000,1897.68,1909.69,1897.48,1906.57,14023.2
1785363300000,1906.57,1910.75,1905.06,1907.61,8657.61
1785364200000,1907.61,1908.66,1903.67,1907.67,4949.29
1785365100000,1907.67,1908.2,1904.32,1906.29,3283.22
1785366000000,1906.29,1906.48,1901.61,1902.89,6549.56
1785366900000,1902.89,1910.32,1902.34,1907.56,4291.59
1785367800000,1907.56,1910.68,1905.01,1910.64,4099.53
1785368700000,1910.64,1912.54,1908.47,1909.69,3295.7
1785369600000,1909.69,1914.08,1907.55,1911.31,3965.47
1785370500000,1911.31,1914.07,1907.76,1910.44,3207.38
1785371400000,1910.44,1910.72,1895.3,1895.83,9598.84
1785372300000,1895.83,1898.22,1892.7,1897.41,5523.55
1785373200000,1897.41,1910.82,1896.55,1899.7,10482.01
1785374100000,1899.7,1906.83,1899.12,1906.09,4151.24
1785375000000,1906.09,1918.63,1905.82,1914.5,13088.28
1785375900000,1914.5,1921.09,1912.73,1915.99,6867.58
1785376800000,1915.99,1918.9,1914.09,1915.9,6615.12
1785377700000,1915.9,1919.31,1914,1914.56,4570.41
1785378600000,1914.56,1914.7,1909.21,1913.93,7607.47
1785379500000,1913.93,1914.71,1909.3,1910.35,3162.32
1785380400000,1910.35,1912.99,1906.67,1910.8,3725.11
1785381300000,1910.8,1914.51,1909.66,1913.27,3458.92
1785382200000,1913.27,1913.27,1908.32,1910.07,3822.29
1785383100000,1910.07,1911.8,1909.02,1909.29,1642.07
1785384000000,1909.29,1910.25,1906.13,1906.67,3108.79
1785384900000,1906.67,1907.98,1904.18,1905.51,4824.62
1785385800000,1905.51,1907.61,1902.9,1904.29,4682.37
1785386700000,1904.29,1906.07,1900.88,1901.41,7576.18
1785387600000,1901.41,1903.33,1899.3,1902.55,6584.29
1785388500000,1902.55,1903.81,1899.36,1902.38,4734.31
1785389400000,1902.38,1908.85,1902.11,1906.97,7243.29
1785390300000,1906.97,1908.58,1903.28,1905.48,3931.87
1785391200000,1905.48,1905.93,1901.63,1902.59,1674.4
1785392100000,1902.59,1905.44,1900.83,1904.86,2291.05
1785393000000,1904.86,1905.07,1901.61,1902.02,1208.21
1785393900000,1902.02,1902.91,1898.39,1900.42,7732.71
1785394800000,1900.42,1907.34,1899.86,1904.43,7366.51
1785395700000,1904.43,1907.17,1901.78,1904.42,5254.23
1785396600000,1904.42,1905.31,1899.46,1903.95,5816.96
1785397500000,1903.95,1905.7,1902.06,1902.65,2615.64
1785398400000,1902.65,1906.27,1899.66,1904.01,3386.18
1785399300000,1904.01,1917.11,1902.7,1913.28,12718.09
1785400200000,1913.28,1916,1911.84,1914.89,5975.42
1785401100000,1914.89,1915.79,1912.7,1913.97,2853.96
1785402000000,1913.97,1917.8,1913.1,1917.14,4101.99
1785402900000,1917.14,1919.79,1915.72,1919.5,7409.8
1785403800000,1919.5,1923.56,1916.86,1917.91,9554.58
1785404700000,1917.91,1919.83,1916.2,1917.31,5396.78
1785405600000,1917.31,1919.64,1916.72,1917.47,3703.27
1785406500000,1917.47,1919.62,1917.47,1919.28,1472.95
1785407400000,1919.28,1920.91,1917.93,1920.4,2391.06
1785408300000,1920.4,1921,1915.2,1917.3,7397.16
1785409200000,1917.3,1919,1915.59,1918.33,2113.32
1785410100000,1918.33,1920.32,1917.69,1919.63,3142.85
1785411000000,1919.63,1923.62,1917.94,1920.34,6478.28
1785411900000,1920.34,1925.9,1919.79,1922.04,11891.63
1785412800000,1922.04,1926.81,1921.51,1925.54,7414.78
1785413700000,1925.54,1926.16,1919,1921.55,7436.51
1785414600000,1921.55,1924.78,1918.91,1919.47,7978.11
1785415500000,1919.47,1925.32,1919.47,1924.06,5596.79
1785416400000,1924.06,1927.83,1923.09,1924.74,9420.93
1785417300000,1924.74,1926.75,1921.92,1924.29,6578.21
1785418200000,1924.29,1930.57,1916.12,1929.42,23813.6
1785419100000,1929.42,1936.45,1928.5,1928.82,32808.02
1785420000000,1928.82,1929.38,1917.07,1917.74,18723.22
1785420900000,1917.74,1924.56,1912.28,1920.19,23646.72
1785421800000,1920.19,1923.9,1917.41,1919.56,6889.69
1785422700000,1919.56,1920.75,1913.5,1916.62,10342.26
1785423600000,1916.62,1920.35,1913.66,1915.89,5769.42
1785424500000,1915.89,1923.5,1914.75,1916,5274.4
1785425400000,1916,1918.92,1913.6,1918.02,3450.49
1785426300000,1918.02,1919.63,1915.63,1918.08,3899.74
1785427200000,1918.08,1925.51,1917.95,1922.73,6887.12
1785428100000,1922.73,1924.36,1919.38,1921.87,4994.52
1785429000000,1921.87,1922.46,1915.03,1915.03,4638.95
1785429900000,1915.03,1919,1915.03,1918.45,1697.97
1785430800000,1918.45,1919.9,1915.29,1916.55,2217.39
1785431700000,1916.55,1922.18,1915.84,1921.23,3202.65
1785432600000,1921.23,1924.56,1917.72,1922.34,3140.13
1785433500000,1922.34,1923.43,1919.13,1919.81,2903.81
1785434400000,1919.81,1921.85,1918.63,1919.22,2423.81
1785435300000,1919.22,1919.99,1917.07,1919.29,3051.28
1785436200000,1919.29,1920,1916.45,1917.85,1787.63
1785437100000,1917.85,1918.2,1913.78,1915.26,2941.86
1785438000000,1915.26,1922.04,1914.96,1921.2,2781.57
1785438900000,1921.2,1928.67,1920.01,1925.62,8515.86
1785439800000,1925.62,1926.68,1923.12,1924.7,2792.03
1785440700000,1924.7,1925.24,1921.89,1922.87,3539.9
1785441600000,1922.87,1926.5,1920.06,1921.19,7063.33
1785442500000,1921.19,1924.25,1919.74,1921.6,1617.67
1785443400000,1921.6,1924.99,1919,1923.12,2644.52
1785444300000,1923.12,1924.48,1920.42,1920.84,712.4
1785445200000,1920.84,1922.6,1920.46,1922.1,1351.41
1785446100000,1922.1,1923.79,1920.77,1921.15,810.03
1785447000000,1921.15,1922.4,1919.52,1921.11,1620.99
1785447900000,1921.11,1921.27,1916.35,1917.76,2356.74
1785448800000,1917.76,1927.57,1915.06,1924.83,7861.06
1785449700000,1924.83,1932.3,1924,1931.33,5818.38
1785450600000,1931.33,1932.69,1927.47,1929.31,3085.39
1785451500000,1929.31,1929.99,1923.84,1924.81,2712.17
1785452400000,1924.81,1928.16,1924.01,1927.94,2149.51
1785453300000,1927.94,1928.16,1925.49,1926.75,834.37
1785454200000,1926.75,1935.94,1921,1923.93,12255.18
1785455100000,1923.93,1925.95,1917,1917.6,8026.63
1785456000000,1917.6,1921.48,1916.21,1918.66,5667.47
1785456900000,1918.66,1919.19,1915.33,1917.1,4482.62
1785457800000,1917.1,1919.1,1914.62,1917.29,4833.37
1785458700000,1917.29,1918,1914.05,1915.99,3220.65
1785459600000,1915.99,1935.56,1915.99,1930.13,20875.81
1785460500000,1930.13,1932.43,1924.41,1928.99,8118.1
1785461400000,1928.99,1929.61,1918.11,1918.48,8772.13
1785462300000,1918.48,1919.81,1906.05,1909.42,21246.04
1785463200000,1909.42,1911.42,1905.53,1907.9,6808.33
1785464100000,1907.9,1907.96,1902.84,1903.66,9840.72
1785465000000,1903.66,1906.58,1900.81,1901.13,6797.47
1785465900000,1901.13,1905.63,1901.13,1903.38,2821.07
1785466800000,1903.38,1903.39,1897.94,1901.15,8027.49
1785467700000,1901.15,1909.29,1900.14,1907.26,8526.98
1785468600000,1907.26,1908.75,1904.54,1907.15,4538.39
1785469500000,1907.15,1910.81,1906.01,1907.92,6405.94
1785470400000,1907.92,1908.64,1903.71,1904.49,3219.72
1785471300000,1904.49,1905.74,1902.22,1905.42,2882.04
1785472200000,1905.42,1906.2,1903.59,1904.9,3218.51
1785473100000,1904.9,1906.19,1904.36,1904.86,1713.56
1785474000000,1904.86,1908,1904.86,1907.6,3295.56
1785474900000,1907.6,1908.35,1903.71,1904.18,3959.35
1785475800000,1904.18,1905.45,1900.68,1900.72,3588.52
1785476700000,1900.72,1905.5,1900.67,1905.41,2545.11
1785477600000,1905.41,1907,1903.73,1906.39,3004.37
1785478500000,1906.39,1910.5,1904.61,1910.09,7152.01
1785479400000,1910.09,1910.26,1900.3,1901.31,6742.3
1785480300000,1901.31,1903.92,1899.24,1901.6,5760.5
1785481200000,1901.6,1901.81,1889.11,1891.06,17047.99
1785482100000,1891.06,1891.35,1884.36,1884.36,14904.99
1785483000000,1884.36,1888.29,1883.04,1886.88,10291.19
1785483900000,1886.88,1891.59,1886.77,1889.2,7169.79
1785484800000,1889.2,1892.45,1887.4,1891.11,5854.89
1785485700000,1891.11,1892.5,1887.7,1891.31,4178.88
1785486600000,1891.31,1892,1887.9,1888.86,3239.45
1785487500000,1888.86,1891,1888.3,1889.74,1131.08
1785488400000,1889.74,1890.62,1888,1889.24,1779.02
1785489300000,1889.24,1889.29,1882.31,1883.53,8302.02
1785490200000,1883.53,1884.82,1879.97,1882.53,10749.5
1785491100000,1882.53,1884.68,1881.2,1882.88,3551.02
1785492000000,1882.88,1884.06,1876.7,1882.81,8559.07
1785492900000,1882.81,1886.63,1881.67,1885.99,3674.18
1785493800000,1885.99,1888.64,1885.5,1888.58,4746.81
1785494700000,1888.58,1889.34,1885.11,1886.21,4898.99
1785495600000,1886.21,1888.89,1883.88,1884.71,4790.27
1785496500000,1884.71,1886.76,1881.7,1883.62,3434.79
1785497400000,1883.62,1884.27,1882.03,1882.68,2557.88
1785498300000,1882.68,1884.45,1882.01,1883.75,1971.4
1785499200000,1883.75,1883.98,1874.33,1876.06,16779.07
1785500100000,1876.06,1879,1874.58,1878.31,3170.23
1785501000000,1878.31,1878.31,1872.65,1876.77,7272.52
1785501900000,1876.77,1882.85,1876.36,1882.01,8091.78
1785502800000,1882.01,1885.36,1881.57,1885.21,5850.74
1785503700000,1885.21,1889.89,1885.21,1888.34,7214.13
1785504600000,1888.34,1888.35,1875.11,1875.36,18236.53
1785505500000,1875.36,1877.82,1863.82,1866.37,30106.32
1785506400000,1866.37,1868.19,1847.62,1863.83,70102.23
1785507300000,1863.83,1869.43,1857.13,1861.36,24870.47
1785508200000,1861.36,1867.49,1857.69,1859.95,11395.76
1785509100000,1859.95,1864.96,1855.05,1859.38,13206.04
1785510000000,1859.38,1860.72,1855.34,1858.28,6975.95
1785510900000,1858.28,1861.66,1853.95,1857,9987.94
1785511800000,1857,1865.77,1855.98,1864.09,8019.45
1785512700000,1864.09,1864.4,1858.41,1862.1,3969.97
1785513600000,1862.1,1865.5,1860.93,1863.98,5069.68
1785514500000,1863.98,1866.67,1860.29,1865.85,5965.98
1785515400000,1865.85,1866.24,1861,1862.49,6098.02
1785516300000,1862.49,1864.88,1861.5,1863.84,1276.5
1785517200000,1863.84,1868.47,1862.7,1866.75,5550.75
1785518100000,1866.75,1871.24,1865.07,1870.9,4436.71
1785519000000,1870.9,1875.55,1869.7,1872.72,7274.98
1785519900000,1872.72,1877.39,1872.72,1874.24,4111.73
1785520800000,1874.24,1876.06,1870.06,1870.74,4501.94
1785521700000,1870.74,1872.66,1868.24,1868.31,2262.19
1785522600000,1868.31,1869.7,1864.08,1868.47,6760.32
1785523500000,1868.47,1872.96,1868.28,1870.89,4856.02
1785524400000,1870.89,1873.3,1868.06,1869.44,2113.23
1785525300000,1869.44,1869.78,1867.27,1867.92,1306.34
1785526200000,1867.92,1868.45,1864.72,1867.55,3961.11
1785527100000,1867.55,1869.99,1866.58,1867.63,2073.86
1785528000000,1867.63,1868.99,1866.27,1868.26,1559.51
1785528900000,1868.26,1870.26,1867.24,1867.88,2115.08
1785529800000,1867.88,1868.13,1863.61,1866.08,2086.76
1785530700000,1866.08,1866.7,1860.8,1861.63,6295.61
1785531600000,1861.63,1863.17,1858.53,1862.27,4165.4
1785532500000,1862.27,1862.8,1861.56,1862.38,1412.55
1785533400000,1862.38,1862.67,1861.03,1862.09,1779.32
1785534300000,1862.09,1864.29,1859.01,1861.22,2079.76
1785535200000,1861.22,1862.72,1857.53,1861.87,2914.14
1785536100000,1861.87,1863.63,1861.86,1862.98,1108.58
1785537000000,1862.98,1864.96,1861.86,1862.64,1065.2
1785537900000,1862.64,1863.02,1860.3,1860.84,930.65
1785538800000,1860.84,1863.1,1860.84,1861.98,731.19
1785539700000,1861.98,1864.09,1861.53,1863.41,767.97
1785540600000,1863.41,1864.23,1862.58,1862.85,639.31
1785541500000,1862.85,1863.25,1860.42,1861.82,2373.06
1785542400000,1861.82,1864.97,1861.76,1864.28,2175.51
1785543300000,1864.28,1866.55,1863.51,1865.22,1882.76
1785544200000,1865.22,1866.5,1864.21,1866.5,766.15
1785545100000,1866.5,1867.11,1863.56,1864.2,1996.34
1785546000000,1864.2,1866.72,1864.12,1865.96,1252.17
1785546900000,1865.96,1866.81,1864.47,1865.71,833.59
1785547800000,1865.71,1866.43,1865.03,1865.99,884.15
1785548700000,1865.99,1866.55,1864.89,1866.19,848.11
1785549600000,1866.19,1867.75,1866.03,1867.33,1183.58
1785550500000,1867.33,1869.49,1867.13,1868.18,1372.82
1785551400000,1868.18,1868.67,1866.81,1867.5,1259.77
1785552300000,1867.5,1868.86,1867.47,1867.64,549.23
1785553200000,1867.64,1867.87,1865.87,1866.62,1270.11
1785554100000,1866.62,1868.34,1865.95,1867.25,1052.29
1785555000000,1867.25,1868.34,1866.62,1867.99,1083.21
1785555900000,1867.99,1869.3,1867.57,1869.12,696.85
1785556800000,1869.12,1869.48,1867.1,1869.38,1829.86
1785557700000,1869.38,1869.8,1868.61,1868.69,1323.64
1785558600000,1868.69,1869.63,1868.69,1869.45,479.1
1785559500000,1869.45,1869.86,1868.56,1869.07,438.87
1785560400000,1869.07,1870.55,1868.79,1870.28,1749.15
1785561300000,1870.28,1870.28,1867.7,1868,1043.2
1785562200000,1868,1868.51,1864.3,1865.18,2960.22
1785563100000,1865.18,1866.99,1864.55,1866.84,1634.71
1785564000000,1866.84,1867.02,1865.63,1866.96,727.17
1785564900000,1866.96,1869.97,1866.19,1869.4,1635.17
1785565800000,1869.4,1869.92,1868.9,1869.44,961.44
1785566700000,1869.44,1870.21,1868.8,1869.74,1003.9
1785567600000,1869.74,1871.19,1869.73,1870.75,1540.62
1785568500000,1870.75,1870.94,1868.62,1868.99,774.66
1785569400000,1868.99,1869.11,1867.72,1869.11,943.09
1785570300000,1869.11,1869.37,1868.43,1869.04,696.25
1785571200000,1869.04,1869.36,1867.8,1868.37,1334.23
1785572100000,1868.37,1869.48,1867.87,1868.32,395.98
1785573000000,1868.32,1868.32,1866.92,1867.22,962.96
1785573900000,1867.22,1869.21,1866.99,1868.74,1477.22
1785574800000,1868.74,1869.61,1867.58,1869.31,880.65
1785575700000,1869.31,1869.98,1869.09,1869.11,452.1
1785576600000,1869.11,1870,1869.1,1869.35,824.29
1785577500000,1869.35,1869.36,1866.95,1867.32,1823.86
1785578400000,1867.32,1868.42,1862.28,1863.74,4892.42
1785579300000,1863.74,1865.22,1863.03,1864.48,1641.3
1785580200000,1864.48,1867.53,1863.21,1867.12,4091.9
1785581100000,1867.12,1867.7,1865.74,1866.45,1736.19
1785582000000,1866.45,1866.89,1865.32,1866.04,1797.57
1785582900000,1866.04,1866.85,1864.99,1866.34,1860.65
1785583800000,1866.34,1866.69,1865.72,1866,1515.23
1785584700000,1866,1866.19,1865.65,1866.19,238.56
1785585600000,1866.19,1867.97,1866.19,1867.15,2643.22
1785586500000,1867.15,1867.4,1866.66,1867.02,664.5
1785587400000,1867.02,1868.85,1866.59,1867.03,1082.23
1785588300000,1867.03,1869.33,1867.02,1868.41,1956.75
1785589200000,1868.41,1869.1,1868,1868.83,1083.81
1785590100000,1868.83,1868.84,1867.55,1867.6,1095.7
1785591000000,1867.6,1868.89,1867.43,1868.2,869.55
1785591900000,1868.2,1868.95,1867,1868.54,2310.81
1785592800000,1868.54,1873.18,1868.54,1869.01,4678.4
1785593700000,1869.01,1872.49,1869.01,1872.3,1526.54
1785594600000,1872.3,1873.73,1871.13,1872.06,1604.73
1785595500000,1872.06,1874.5,1871.37,1874.37,1932.33
1785596400000,1874.37,1874.48,1872.8,1873.93,1645.37
1785597300000,1873.93,1874.79,1870.41,1871.23,2391.23
1785598200000,1871.23,1872.04,1870.01,1870.12,1372.47
1785599100000,1870.12,1870.65,1869.28,1869.51,2572.6
1785600000000,1869.51,1870.7,1867.9,1868.13,4709.63
1785600900000,1868.13,1870.38,1868.11,1869.91,2403.17
1785601800000,1869.91,1872.95,1869.55,1869.71,3828.65
1785602700000,1869.71,1869.71,1865.72,1868.26,3159.46
1785603600000,1868.26,1869.64,1864.55,1865.87,1823.45
1785604500000,1865.87,1865.88,1860.75,1863.12,4751.51
1785605400000,1863.12,1863.43,1856.26,1862.55,10347.24
1785606300000,1862.55,1862.55,1858.08,1861.33,3829.43
1785607200000,1861.33,1862.53,1859.13,1860.51,2872.74
1785608100000,1860.51,1860.59,1850.63,1853.06,16577.46
1785609000000,1853.06,1853.06,1830.91,1832.28,57229.03
1785609900000,1832.28,1836.47,1821.2,1835.92,35079.36
1785610800000,1835.92,1839.54,1833.22,1836.69,8574.29
1785611700000,1836.69,1839.82,1834.51,1837.34,4264.68
1785612600000,1837.34,1838.88,1834.47,1835.01,3927.66
1785613500000,1835.01,1838.8,1834.86,1836.41,3036.56
1785614400000,1836.41,1838.3,1834.8,1837.02,3519.84
1785615300000,1837.02,1839.86,1836.28,1837.18,2757.5
1785616200000,1837.18,1837.18,1832.11,1833.98,3923.88
1785617100000,1833.98,1837.82,1833.24,1837.51,3359.29
1785618000000,1837.51,1842.24,1835.82,1837.44,5542.16
1785618900000,1837.44,1842.65,1837.24,1842.22,2508.71
1785619800000,1842.22,1844.48,1841.42,1844.09,3207.83
1785620700000,1844.09,1844.9,1843,1844.84,1956.67
1785621600000,1844.84,1847.33,1843.92,1847.19,2716.87
1785622500000,1847.19,1848.57,1845.06,1848.57,2252.21
1785623400000,1848.57,1848.57,1845.31,1847.02,1103.73
1785624300000,1847.02,1847.62,1846.08,1846.52,546.14
1785625200000,1846.52,1848.23,1845.3,1845.54,1674.96
1785626100000,1845.54,1845.6,1842.33,1842.63,2886.65
1785627000000,1842.63,1845.76,1842.63,1844.54,3118.93
1785627900000,1844.54,1845.31,1843.5,1844.03,1272.33
1785628800000,1844.03,1848.75,1844.03,1847,3285.29
1785629700000,1847,1847.52,1843.98,1844.38,2240.54
1785630600000,1844.38,1845.83,1843.34,1844.81,1853.83
1785631500000,1844.81,1846.08,1842.83,1845.83,1976.25
1785632400000,1845.83,1855.88,1845.83,1855.25,11758.04
1785633300000,1855.25,1858.98,1853.37,1854.11,5993.12
1785634200000,1854.11,1857.2,1853.06,1856.6,2540.76
1785635100000,1856.6,1857.11,1855.43,1856.14,2214.14
1785636000000,1856.14,1882.5,1855.4,1874.16,33108.66
1785636900000,1874.16,1883.95,1872.2,1874.73,20228.45
1785637800000,1874.73,1875.93,1870.91,1873.48,10376.28
1785638700000,1873.48,1877.41,1872.09,1876.31,3412.85
1785639600000,1876.31,1877.42,1873.94,1874.9,7058.65
1785640500000,1874.9,1878.5,1873.37,1874.97,6734.52
1785641400000,1874.97,1879.98,1874.76,1877.7,3307.92
1785642300000,1877.7,1878.83,1875.11,1876.63,5174.18
1785643200000,1876.63,1880.57,1876.57,1879.2,7923.76
1785644100000,1879.2,1880.37,1877.77,1878.24,5961.91
1785645000000,1878.24,1879.53,1877,1877,1571.98
1785645900000,1877,1881.63,1877,1880.02,4374.5
1785646800000,1880.02,1881.81,1876.27,1877.29,7616.74
1785647700000,1877.29,1877.48,1875.68,1876.84,1564.06
1785648600000,1876.84,1877.16,1874.19,1874.3,4134.55
1785649500000,1874.3,1875.95,1874.29,1875.39,3149.48
1785650400000,1875.39,1877.24,1874.3,1874.95,3313.51
1785651300000,1874.95,1877.29,1874,1876.87,1182.71
1785652200000,1876.87,1878.65,1875.31,1877,1894.36
1785653100000,1877,1877.15,1875.37,1876.67,1812.38
1785654000000,1876.67,1877.68,1875.89,1877.12,1728.54
1785654900000,1877.12,1877.91,1876.46,1876.68,924.68
1785655800000,1876.68,1877.17,1875.56,1876.7,2003.14
1785656700000,1876.7,1876.7,1874.57,1875,1780.36
1785657600000,1875,1878.22,1874.6,1875.81,4339.06
1785658500000,1875.81,1876.28,1872.08,1872.32,4388.6
1785659400000,1872.32,1872.49,1865.9,1868.43,13811.74
1785660300000,1868.43,1869.51,1866.25,1867.25,5810.76
1785661200000,1867.25,1869.5,1861.33,1869.43,11085.3
1785662100000,1869.43,1871.97,1868.82,1869.32,3800.87
1785663000000,1869.32,1872.15,1869.31,1869.6,2834.56
1785663900000,1869.6,1870.82,1869.52,1870.22,1471.58
1785664800000,1870.22,1870.29,1867.55,1868.22,2148.1
1785665700000,1868.22,1870.2,1864.71,1865.5,5153.41
1785666600000,1865.5,1868.93,1865.5,1868.25,3845.78
1785667500000,1868.25,1868.76,1867.77,1867.85,1015.97
1785668400000,1867.85,1868.85,1865.58,1867,1563.97
1785669300000,1867,1868.78,1863.65,1864,3395.35
1785670200000,1864,1864.81,1853.29,1855.47,18502.46
1785671100000,1855.47,1858.62,1848.55,1851.93,18818.43
1785672000000,1851.93,1856.63,1851.58,1856.49,9860.09
1785672900000,1856.49,1859.8,1855.01,1857.63,8452.72
1785673800000,1857.63,1858.99,1855.38,1857.14,5605.13
1785674700000,1857.14,1857.72,1855.28,1856.04,1307.67
1785675600000,1856.04,1857.62,1854.62,1855.49,4289.4
1785676500000,1855.49,1856.43,1852.54,1855.28,5195.59
1785677400000,1855.28,1856.87,1851.5,1854.77,2933.01
1785678300000,1854.77,1856.11,1854,1854.22,7291.95
1785679200000,1854.22,1854.91,1851.47,1854.89,3609.07
1785680100000,1854.89,1857.56,1854.53,1856.73,4974.4
1785681000000,1856.73,1858.58,1855.43,1858.03,4317.82
1785681900000,1858.03,1858.79,1853.6,1854.2,3469.99
1785682800000,1854.2,1858.5,1853.02,1858.37,2462.19
1785683700000,1858.37,1858.75,1856.95,1858.05,1642.8
1785684600000,1858.05,1862.97,1857.71,1859.48,8795.18
1785685500000,1859.48,1860.41,1857.05,1857.92,6003.16
1785686400000,1857.92,1858.29,1855.01,1856.95,2789.66
1785687300000,1856.95,1859.2,1856.62,1858.14,1679.86
1785688200000,1858.14,1864.97,1857.6,1864.12,9926.35
1785689100000,1864.12,1864.46,1862.1,1862.29,1252.21
1785690000000,1862.29,1865.74,1861.35,1864.88,2764.9
1785690900000,1864.88,1870,1863.6,1865.79,12768.36
1785691800000,1865.79,1867.81,1865.79,1867.41,5498.07
1785692700000,1867.41,1869.2,1867.41,1867.78,8112.12
1785693600000,1867.78,1870.7,1867.78,1869.51,4092.75
1785694500000,1869.51,1869.51,1867.49,1868.3,3421.37
1785695400000,1868.3,1886.85,1867.98,1880.58,47927.46
1785696300000,1880.58,1881.6,1874,1875.27,16321.85
1785697200000,1875.27,1877.94,1874,1875.7,6929.29
1785698100000,1875.7,1877.7,1875.18,1875.18,2967.08
1785699000000,1875.18,1878,1874.72,1877.99,2442.6
1785699900000,1877.99,1883,1877.99,1881.36,5435.31
1785700800000,1881.36,1882.5,1879.2,1882.08,5973.21
1785701700000,1882.08,1883.44,1878.74,1879.31,3400.41
1785702600000,1879.31,1881.8,1878.99,1880.31,1188.29
1785703500000,1880.31,1884.83,1879.86,1882.84,2206.2
1785704400000,1882.84,1886.19,1881.12,1884.65,5968.85
1785705300000,1884.65,1886.47,1883.6,1886.2,2070.19
1785706200000,1886.2,1897.56,1884.96,1893.4,25470.91
1785707100000,1893.4,1898.23,1888,1889.88,16510.07
1785708000000,1889.88,1897.36,1889.88,1892.71,7957.99
1785708900000,1892.71,1896.83,1887.7,1889.33,8037.67
1785709800000,1889.33,1889.83,1879.57,1884.36,17651.59
1785710700000,1884.36,1885.46,1880.38,1881.25,2214.71
1785711600000,1881.25,1881.97,1875.37,1877.07,6887.25
1785712500000,1877.07,1883.65,1876.29,1883.1,10190.43
1785713400000,1883.1,1884.3,1881.4,1883.57,4742.51
1785714300000,1883.57,1885.35,1882.02,1884.5,2879.57
1785715200000,1884.5,1885.28,1877.02,1878.27,11652.82
1785716100000,1878.27,1880.07,1872.06,1873.28,7292.86
1785717000000,1873.28,1878.32,1870.8,1873.97,5251.41
1785717900000,1873.97,1874.77,1871,1873.09,3525.16
1785718800000,1873.09,1874.93,1868.19,1870.97,18527.69
1785719700000,1870.97,1872.43,1867.81,1869.97,5682
1785720600000,1869.97,1872.38,1867.5,1868.65,5115.77
1785721500000,1868.65,1869.24,1865.06,1866.53,9745.34
1785722400000,1866.53,1867.4,1863.65,1865.7,3958.79
1785723300000,1865.7,1871.68,1863.7,1865.11,24048.37
1785724200000,1865.11,1868.27,1864.16,1866.32,3057.01
1785725100000,1866.32,1866.92,1861.41,1863.55,5402.54
1785726000000,1863.55,1865.17,1861.52,1863.04,2947.18
1785726900000,1863.04,1864.65,1860.65,1861.99,3258.74
1785727800000,1861.99,1862.46,1860,1860.84,4236.23
1785728700000,1860.84,1861.05,1850.21,1856.38,18639.07
1785729600000,1856.38,1860.32,1855.29,1857,6305.81
1785730500000,1857,1861.3,1856.99,1860.91,3069.51
1785731400000,1860.91,1862.55,1860.01,1861.67,5063.27
1785732300000,1861.67,1861.67,1854,1854.35,6867.58
1785733200000,1854.35,1858.22,1852.83,1857.59,3932.15
1785734100000,1857.59,1857.72,1855.43,1856.24,3108.07
1785735000000,1856.24,1858.66,1854.74,1856.93,2246.07
1785735900000,1856.93,1860.19,1856.8,1859.17,3240.68
1785736800000,1859.17,1860.48,1858.21,1858.68,2118.47
1785737700000,1858.68,1859.59,1856.11,1856.47,3084.37
1785738600000,1856.47,1857.62,1846.79,1847.41,15041.06
1785739500000,1847.41,1851.43,1845.49,1848.55,11782.56
1785740400000,1848.55,1849.01,1843.29,1844.09,11055.61
1785741300000,1844.09,1845.09,1837.93,1844.46,18974.34
1785742200000,1844.46,1846.94,1842.13,1842.84,4709.43
1785743100000,1842.84,1845.39,1842,1843.18,6119.46
1785744000000,1843.18,1845.01,1840.53,1842.87,7249.06
1785744900000,1842.87,1842.88,1829.93,1831.75,32878.37
1785745800000,1831.75,1836.22,1827.99,1836.07,15993.37
1785746700000,1836.07,1840.54,1835.37,1839.77,10009.3
1785747600000,1839.77,1840.51,1838.54,1839.25,6280.89
1785748500000,1839.25,1842.79,1839.24,1842.13,6865.96
1785749400000,1842.13,1844.99,1841.59,1844.7,12795.81
1785750300000,1844.7,1853.31,1844.69,1851.6,14082.49
1785751200000,1851.6,1853.7,1849.33,1849.87,7416.87
1785752100000,1849.87,1851.29,1847.15,1847.55,5665.82
1785753000000,1847.55,1847.76,1845.28,1846.37,6042.34
1785753900000,1846.37,1846.67,1840.43,1845.48,14257.51
1785754800000,1845.48,1846.08,1839.03,1841.67,8469.75
1785755700000,1841.67,1847.34,1840.78,1843.22,8664.04
1785756600000,1843.22,1846.95,1842.5,1843.46,4772.81
1785757500000,1843.46,1843.62,1837.53,1839,11452.99
1785758400000,1839,1840.59,1835.71,1840.22,13560.1
1785759300000,1840.22,1843.23,1839.57,1841.67,4766.32
1785760200000,1841.67,1844.25,1840.6,1844.25,3897.13
1785761100000,1844.25,1845,1841.47,1843,4107.24
1785762000000,1843,1844.83,1842.34,1843.9,3164.61
1785762900000,1843.9,1853,1841.4,1843.39,16586.97
1785763800000,1843.39,1851.1,1837.62,1848.74,16903.43
1785764700000,1848.74,1859.88,1843.75,1858.35,23495.78
1785765600000,1858.35,1859.46,1851.61,1854.34,13964.27
1785766500000,1854.34,1868.86,1850.28,1866.3,29384.47
1785767400000,1866.3,1869.76,1861.04,1865.16,22624.4
1785768300000,1865.16,1873.24,1861,1872.58,21539.86
1785769200000,1872.58,1872.84,1862.26,1864.55,13282.36
1785770100000,1864.55,1867.49,1861.11,1862.34,9181.19
1785771000000,1862.34,1865.8,1860.03,1862.8,6644.52
1785771900000,1862.8,1865.41,1859.34,1862.4,5684.31
1785772800000,1862.4,1868.48,1860.61,1864.41,7704.51
1785773700000,1864.41,1871.53,1864.15,1869.07,10852.77
1785774600000,1869.07,1869.17,1862.22,1864.77,5886.69
1785775500000,1864.77,1868.89,1864.29,1865.39,2435.91
1785776400000,1865.39,1869.16,1862.21,1868.47,3193.49
1785777300000,1868.47,1874.4,1866.53,1867.16,11049.76
1785778200000,1867.16,1871,1866.16,1869.21,2933.56
1785779100000,1869.21,1870.4,1866.54,1868,2554.52
1785780000000,1868,1872.5,1867.56,1871.55,2414.84
1785780900000,1871.55,1873.26,1866.73,1867.78,6315.75
1785781800000,1867.78,1870.2,1866.45,1868.08,4548.45
1785782700000,1868.08,1869.71,1865.48,1867.94,2377.82
1785783600000,1867.94,1870.47,1867.07,1869.92,2424.18
1785784500000,1869.92,1872.99,1868.95,1871.51,2242.3
1785785400000,1871.51,1875.98,1868.54,1870.61,5677.84
1785786300000,1870.61,1872.1,1868.61,1869.17,1753.53
1785787200000,1869.17,1871.95,1867.4,1870.49,2170.1
1785788100000,1870.49,1875.29,1870.49,1871.51,3358.99
1785789000000,1871.51,1872.3,1870.53,1871.81,1697.81
1785789900000,1871.81,1871.91,1865.62,1868.29,6021.86
1785790800000,1868.29,1868.47,1864.53,1865.51,1708.64
1785791700000,1865.51,1866.39,1863.76,1866.06,2417.85
1785792600000,1866.06,1868.5,1865.97,1867.99,1417.42
1785793500000,1867.99,1868.13,1862.71,1862.8,3566.6
1785794400000,1862.8,1863.95,1851,1858.84,16045.32
1785795300000,1858.84,1865.54,1857.84,1858.97,4415.4
1785796200000,1858.97,1858.97,1855.29,1856.3,1944.44
1785797100000,1856.3,1860.32,1856,1859.61,1624.76
1785798000000,1859.61,1859.62,1855.35,1856,1518.95
1785798900000,1856,1858.96,1856,1858.96,2397.86
1785799800000,1858.96,1859.31,1856.31,1857.99,1471.42
1785800700000,1857.99,1859.91,1857,1859.91,743.23
1785801600000,1859.91,1862.6,1857.25,1859.02,3284.75
1785802500000,1859.02,1859.19,1854.55,1856.13,2584.53
1785803400000,1856.13,1856.13,1847.5,1851.42,10839.95
1785804300000,1851.42,1855.55,1848.71,1850.57,4808.04
1785805200000,1850.57,1853.7,1848.14,1852.03,3184.97
1785806100000,1852.03,1856.93,1850.47,1854.8,3590.9
1785807000000,1854.8,1868.91,1854.57,1865.28,15141.63
1785807900000,1865.28,1868.66,1862.95,1866.85,6425.7
1785808800000,1866.85,1868.19,1863.54,1864.35,3481.77
1785809700000,1864.35,1865.76,1861.53,1861.82,4238.76
1785810600000,1861.82,1871.73,1861.25,1867.69,7791.89
1785811500000,1867.69,1868.8,1864.37,1865.28,2008.26
1785812400000,1865.28,1866,1858.79,1858.88,5439.83
1785813300000,1858.88,1861.75,1857.36,1861.63,6812.99
1785814200000,1861.63,1866.36,1861.63,1864.29,4687.87
1785815100000,1864.29,1865.97,1863.33,1863.39,1084
1785816000000,1863.39,1864.17,1861.01,1862.34,3788.54
1785816900000,1862.34,1866.83,1862.08,1865.3,3752.11
1785817800000,1865.3,1870.8,1865.3,1870.21,4316.34
1785818700000,1870.21,1874.54,1866.91,1867.2,11711.69
1785819600000,1867.2,1869.93,1863.78,1864.01,4595.38
1785820500000,1864.01,1866,1863.79,1864.21,2332.81
1785821400000,1864.21,1865.49,1863.67,1865.01,2194.19
1785822300000,1865.01,1865.18,1863.43,1863.66,1814.48
1785823200000,1863.66,1864.67,1862.03,1863.09,2915
1785824100000,1863.09,1867.82,1860.79,1861.8,11648.74
1785825000000,1861.8,1862.74,1854.03,1855.59,10547.02
1785825900000,1855.59,1856.42,1853.46,1856.38,3972.58
1785826800000,1856.38,1858.19,1854.08,1854.67,4844.08
1785827700000,1854.67,1857.19,1852.34,1857.15,6704.05
1785828600000,1857.15,1863.77,1857.15,1859.09,8181.62
1785829500000,1859.09,1864.46,1859.09,1863.16,3612.73
1785830400000,1863.16,1865.5,1860.92,1862.03,5798.4
1785831300000,1862.03,1862.07,1859.01,1859.81,2828.2
1785832200000,1859.81,1859.81,1855.99,1859.72,4941
1785833100000,1859.72,1859.81,1856.87,1857.12,1191.14
1785834000000,1857.12,1858.01,1854.34,1855.66,4428.68
1785834900000,1855.66,1856.21,1852.79,1856.03,2870.08
1785835800000,1856.03,1856.67,1853.07,1855.66,1891.15
1785836700000,1855.66,1858.25,1854.27,1857.97,3243.08
1785837600000,1857.97,1858.67,1853.96,1853.96,2399.69
1785838500000,1853.96,1859.44,1853.01,1855.03,6103.18
1785839400000,1855.03,1863.31,1854.57,1862.71,4294.72
1785840300000,1862.71,1872.5,1861.92,1865.98,16319.01
1785841200000,1865.98,1868.95,1865.36,1866.13,2954.03
1785842100000,1866.13,1870.67,1865.2,1868.04,2793.03
1785843000000,1868.04,1872.4,1865.66,1871.46,3808.39
1785843900000,1871.46,1873.7,1869.29,1871.85,9449.12
1785844800000,1871.85,1872.18,1868.14,1868.14,8170.29
1785845700000,1868.14,1871.06,1867.01,1871.05,2825.12
1785846600000,1871.05,1881.14,1870.21,1877.35,15337.37
1785847500000,1877.35,1878.24,1874.04,1874.07,4185.88
1785848400000,1874.07,1876.63,1872.81,1874.3,3716.87
1785849300000,1874.3,1875.45,1869.23,1869.5,11642.66
1785850200000,1869.5,1875.21,1866.51,1872.59,11895.91
1785851100000,1872.59,1872.93,1858.88,1861.04,22463.52
1785852000000,1861.04,1868.19,1857.48,1863.89,13174.63
1785852900000,1863.89,1866.97,1857.8,1866.74,9701.84
1785853800000,1866.74,1874.91,1865.25,1873.46,11858.56
1785854700000,1873.46,1874.32,1870.47,1872.13,5038.61
1785855600000,1872.13,1874.5,1865.69,1869.27,5465.39
1785856500000,1869.27,1869.32,1864.7,1865.83,6821.32
1785857400000,1865.83,1871.78,1861.02,1871.29,9558.19
1785858300000,1871.29,1877.26,1869.61,1872.12,9015.09
1785859200000,1872.12,1872.99,1868.62,1869.91,7460.63
1785860100000,1869.91,1872.74,1868.76,1869,3104.22
1785861000000,1869,1870.91,1864.38,1866.51,4605.44
1785861900000,1866.51,1869.42,1866.1,1869,2955.54
1785862800000,1869,1877,1869,1873.52,5587.68
1785863700000,1873.52,1875.19,1870.49,1874.63,4559.77
1785864600000,1874.63,1876.67,1872.85,1874.89,2730.04
1785865500000,1874.89,1875.86,1866.01,1868.89,8547.01
1785866400000,1868.89,1876.35,1868.53,1876.16,4629.31
1785867300000,1876.16,1880,1873.93,1878.33,9944.62
1785868200000,1878.33,1878.54,1872.32,1874.34,3919.29
1785869100000,1874.34,1875.69,1873.36,1874.36,1475.81
1785870000000,1874.36,1877.28,1872.83,1877.2,2584.96
1785870900000,1877.2,1877.75,1873.19,1874.12,2142.91
1785871800000,1874.12,1881.48,1873.32,1879.57,4479.78
1785872700000,1879.57,1879.58,1873.15,1874.15,3388.3
1785873600000,1874.15,1874.59,1871.34,1873.01,3289.39
1785874500000,1873.01,1873.01,1865.09,1870.66,7154.91
1785875400000,1870.66,1879,1870.66,1878.16,5238.87
1785876300000,1878.16,1878.22,1873.83,1875.75,2718.1
1785877200000,1875.75,1875.84,1871.58,1871.9,2519.92
1785878100000,1871.9,1875.15,1871.15,1873.07,1169.39
1785879000000,1873.07,1873.29,1871.38,1872.5,1364.09
1785879900000,1872.5,1873.14,1870.84,1871.45,915.91
1785880800000,1871.45,1872.59,1867.52,1872.53,2485.61
1785881700000,1872.53,1876.32,1871.8,1875.3,2531.94
1785882600000,1875.3,1876.25,1873.54,1873.83,1745.37
1785883500000,1873.83,1875,1872.04,1874.86,1064.53
1785884400000,1874.86,1878,1872.22,1877.13,2678.99
1785885300000,1877.13,1880.56,1869.03,1869.12,7309.89
1785886200000,1869.12,1872.54,1868.04,1870.75,4521.29
1785887100000,1870.75,1871.25,1868.51,1868.9,1850.26
1785888000000,1868.9,1869.69,1866.61,1866.67,3395.4
1785888900000,1866.67,1867.56,1865,1867.29,3840.78
1785889800000,1867.29,1872.9,1863.08,1866.8,6072.58
1785890700000,1866.8,1867.12,1862.01,1863.15,4460.38
1785891600000,1863.15,1865.03,1860.51,1864.46,5987.35
1785892500000,1864.46,1867.01,1862.45,1866.63,3298.33
1785893400000,1866.63,1873.77,1866.63,1869.51,4467.7
1785894300000,1869.51,1873.76,1869.41,1872.66,2456.01
1785895200000,1872.66,1877.42,1872.39,1875.89,8975.78
1785896100000,1875.89,1875.9,1871.51,1873.23,5926.9
1785897000000,1873.23,1875.77,1872.39,1874.94,2190.34
1785897900000,1874.94,1875.27,1873.26,1873.48,2170.73
1785898800000,1873.48,1875.42,1869.78,1870.08,7367.63
1785899700000,1870.08,1870.34,1863,1864.37,12312.27
1785900600000,1864.37,1867.23,1863.81,1865.95,3296.79
1785901500000,1865.95,1867.7,1865.95,1867.12,1211.21
1785902400000,1867.12,1867.28,1865.02,1865.29,1450.63
1785903300000,1865.29,1867.87,1864.23,1867.06,1346.8
1785904200000,1867.06,1869.3,1866.53,1866.75,3105.46
1785905100000,1866.75,1867.29,1865,1866.71,805.55
1785906000000,1866.71,1872.71,1866.47,1871.12,4852.88
1785906900000,1871.12,1876.76,1870.59,1873.58,8595.92
1785907800000,1873.58,1873.65,1871.03,1872.45,2576.66
1785908700000,1872.45,1873.17,1871.5,1872.53,1828.49
1785909600000,1872.53,1872.86,1870.61,1871.16,1306.4
1785910500000,1871.16,1871.16,1868.46,1868.93,2690.41
1785911400000,1868.93,1871.99,1868.86,1869.34,1699.07
1785912300000,1869.34,1869.87,1867.18,1868.78,2811.51
1785913200000,1868.78,1869.47,1865.52,1866.96,3326.7
1785914100000,1866.96,1866.96,1862.56,1863.2,4738.35
1785915000000,1863.2,1864.24,1862.76,1863.27,2074.5
1785915900000,1863.27,1871.98,1863.27,1871.98,6240.53
1785916800000,1871.98,1874,1868.51,1868.51,7713.24
1785917700000,1868.51,1871.62,1868.06,1871.27,2255.57
1785918600000,1871.27,1871.63,1867.83,1868.36,3234.24
1785919500000,1868.36,1870.32,1866.92,1869,1868.86
1785920400000,1869,1870.89,1868,1870.63,839.65
1785921300000,1870.63,1873.86,1870.32,1871.59,4970.3
1785922200000,1871.59,1873.52,1871.58,1872.23,2561.01
1785923100000,1872.23,1872.99,1870.85,1871.04,851.85
1785924000000,1871.04,1872.24,1869.66,1870.71,2017.77
1785924900000,1870.71,1873.47,1868.02,1872.55,4539.83
1785925800000,1872.55,1875,1871.42,1872.72,3895.75
1785926700000,1872.72,1873.57,1865.24,1867.53,8397.21
1785927600000,1867.53,1870.47,1867.38,1868.99,1899.08
1785928500000,1868.99,1869.16,1867.48,1867.75,1592.18
1785929400000,1867.75,1870.17,1867.03,1867.75,1434.82
1785930300000,1867.75,1868.86,1866.56,1868.22,1619.16
1785931200000,1868.22,1872.61,1866.81,1871.53,4705.52
1785932100000,1871.53,1884.78,1871.03,1882.25,30267.04
1785933000000,1882.25,1884.3,1877.4,1879.1,8316.38
1785933900000,1879.1,1879.1,1874.15,1875.19,5176.5
1785934800000,1875.19,1876.79,1865.61,1867.94,15880.63
1785935700000,1867.94,1871.07,1866.84,1868.9,6763.4
1785936600000,1868.9,1871.87,1854.38,1869.36,47068.45
1785937500000,1869.36,1878.53,1865.43,1877.72,19080.46
1785938400000,1877.72,1881.93,1872.5,1878.15,17262.34
1785939300000,1878.15,1880.46,1870.1,1871.06,12523.3
1785940200000,1871.06,1874.65,1868.24,1874.05,10920.61
1785941100000,1874.05,1877.8,1870.19,1874.88,7411.03
1785942000000,1874.88,1881.92,1874,1876.3,10415.35
1785942900000,1876.3,1877.77,1872.01,1876.04,6785.61
1785943800000,1876.04,1881.33,1876.04,1876.88,4000.34
1785944700000,1876.88,1878.12,1872,1872.93,5926.49
1785945600000,1872.93,1881.68,1872.4,1881.66,6820.64
1785946500000,1881.66,1895.99,1879.62,1894.89,53672.4
1785947400000,1894.89,1896,1889.18,1891.42,9512.07
1785948300000,1891.42,1894.57,1887.33,1894.57,12144.87
1785949200000,1894.57,1897.97,1892.14,1892.85,12860.45
1785950100000,1892.85,1892.92,1889.74,1891.39,6240.09
1785951000000,1891.39,1910.7,1891.06,1907.48,34592.02
1785951900000,1907.48,1916.22,1906.08,1915.13,43062.35
1785952800000,1915.13,1919.77,1912.32,1918.97,30023.89
1785953700000,1918.97,1926.8,1917.04,1918.17,31084.05
1785954600000,1918.17,1920,1913.77,1919.95,9724.12
1785955500000,1919.95,1920.27,1914.62,1916.74,4499.99
1785956400000,1916.74,1918.73,1914.4,1917.31,5552.77
1785957300000,1917.31,1919.73,1915.91,1918.13,3803.13
1785958200000,1918.13,1919,1914.68,1918.73,2970.61
1785959100000,1918.73,1919.76,1914.94,1915.59,3772.19
1785960000000,1915.59,1920.15,1915.01,1919.82,5117.78
1785960900000,1919.82,1921.22,1917.42,1919.02,3464.49
1785961800000,1919.02,1922.81,1917.38,1922.81,3089.13
1785962700000,1922.81,1923.14,1915.35,1915.94,5186.36
1785963600000,1915.94,1916.34,1906.67,1912.67,18338.76
1785964500000,1912.67,1913.15,1908.6,1909.43,4176.15
1785965400000,1909.43,1910.96,1905.61,1907.7,5014.91
1785966300000,1907.7,1909.61,1906.41,1907.6,2541.06
1785967200000,1907.6,1912.4,1905.37,1910.57,4890.85
1785968100000,1910.57,1912.46,1908.2,1911,2873.56
1785969000000,1911,1911.88,1908.02,1908.11,1656.11
1785969900000,1908.11,1910.61,1905.45,1905.77,3184.72
1785970800000,1905.77,1909.43,1902.58,1908.27,5955.02
1785971700000,1908.27,1911.12,1907.31,1909,2582.57
1785972600000,1909,1910.34,1908.21,1909.38,4536.17
1785973500000,1909.38,1909.73,1906.93,1907.78,3430.77
1785974400000,1907.78,1910.98,1905.88,1909.25,4960.74
1785975300000,1909.25,1912.95,1908.11,1910.39,3577.38
1785976200000,1910.39,1911.29,1907.91,1908.09,1757.96
1785977100000,1908.09,1911.2,1907.4,1909.16,2108.39
1785978000000,1909.16,1910.04,1907.2,1908.3,2617.58
1785978900000,1908.3,1909.35,1903.5,1903.79,4515.64
1785979800000,1903.79,1907.85,1902.01,1905.04,9397.51
1785980700000,1905.04,1908.5,1905.01,1905.69,4162.88
1785981600000,1905.69,1909.9,1902.56,1902.81,7003.32
1785982500000,1902.81,1904.78,1896,1897.72,30765.58
1785983400000,1897.72,1899.85,1894.1,1899.57,7873.64
1785984300000,1899.57,1900.93,1897.17,1898.27,1741.37
1785985200000,1898.27,1898.54,1896,1897.22,4944.85
1785986100000,1897.22,1897.41,1894.59,1896.1,8115.27
1785987000000,1896.1,1898.03,1895.05,1896.61,1886.14
1785987900000,1896.61,1898.95,1895.22,1898.23,4018.8
1785988800000,1898.23,1899.35,1895.01,1898.85,3058
1785989700000,1898.85,1906.21,1898.85,1905.48,9571.13
1785990600000,1905.48,1907.49,1903.96,1904.84,6874.38
1785991500000,1904.84,1907.46,1903.8,1906.85,4989.42
1785992400000,1906.85,1916.83,1906.37,1913.99,19723.41
1785993300000,1913.99,1917.83,1910.21,1910.98,13619.21
1785994200000,1910.98,1912.19,1909.59,1912.06,3922.18
1785995100000,1912.06,1913.3,1910.28,1913.3,5211.38
1785996000000,1913.3,1913.83,1908.67,1909.37,8435.33
1785996900000,1909.37,1913.15,1908.48,1912.15,5775.49
1785997800000,1912.15,1913.35,1910.95,1912.83,3393.9
1785998700000,1912.83,1913.3,1911.57,1912.61,2104.27
1785999600000,1912.61,1913.51,1910.89,1913.23,4621.27
1786000500000,1913.23,1914.25,1911.5,1911.5,3390.71
1786001400000,1911.5,1911.8,1906.2,1907.87,7420.13
1786002300000,1907.87,1910.73,1907.14,1908.57,4286.5
1786003200000,1908.57,1910.48,1907.53,1908.87,2514.5
1786004100000,1908.87,1912.82,1908.21,1912.79,2948.13
1786005000000,1912.79,1914.05,1911.23,1912.58,2225.39
1786005900000,1912.58,1920.99,1912.51,1915.33,13302.45
1786006800000,1915.33,1915.97,1905.08,1906.89,11024.65
1786007700000,1906.89,1911.29,1906.17,1907.97,14326.88
1786008600000,1907.97,1908.49,1905.65,1905.81,3758.56
1786009500000,1905.81,1907.93,1903.18,1906.9,14155.48
1786010400000,1906.9,1906.9,1902.3,1902.43,4885.09
1786011300000,1902.43,1905.74,1900.7,1904.75,3922.4
1786012200000,1904.75,1904.94,1903,1903.42,3188.85
1786013100000,1903.42,1904.15,1900.83,1901.89,3163.01
1786014000000,1901.89,1902.25,1895.22,1901.4,23662.49
1786014900000,1901.4,1906.34,1901.4,1904.38,8431.15
1786015800000,1904.38,1908.58,1904.38,1908.01,4183.59
1786016700000,1908.01,1908.24,1904.79,1906.98,2777.97
1786017600000,1906.98,1907.57,1900.28,1900.69,6569.6
1786018500000,1900.69,1905.7,1900.39,1904.03,3271.72
1786019400000,1904.03,1905.55,1902.15,1902.99,3480.48
1786020300000,1902.99,1903.49,1897.89,1898.21,4333.79
1786021200000,1898.21,1899.8,1891.53,1895.36,16209.12
1786022100000,1895.36,1897.25,1893.54,1896.96,4350.47
1786023000000,1896.96,1907.3,1892.49,1905.75,19411.52
1786023900000,1905.75,1910.22,1904.02,1906.17,17829.82
1786024800000,1906.17,1910.59,1903.65,1906.99,12432.45
1786025700000,1906.99,1911.61,1904.95,1905.78,12373.26
1786026600000,1905.78,1917.61,1901.73,1914.07,15881.09
1786027500000,1914.07,1914.99,1909.21,1913.68,6516.49
1786028400000,1913.68,1918.46,1911.25,1914.06,20093.34
1786029300000,1914.06,1916.53,1911.68,1915.97,6364.57
1786030200000,1915.97,1918.3,1911.75,1912.44,5779.19
1786031100000,1912.44,1917.59,1909.18,1909.7,8664.7
1786032000000,1909.7,1910.86,1907.32,1908.91,3661.32
1786032900000,1908.91,1912.79,1908.12,1910.68,3577.4
1786033800000,1910.68,1915.82,1909.18,1913.81,3267.75
1786034700000,1913.81,1915.72,1911.63,1914.82,2476.17
1786035600000,1914.82,1917.5,1913.43,1913.54,4616.8
1786036500000,1913.54,1915.52,1912.51,1913.25,853.24
1786037400000,1913.25,1916.29,1909.05,1911.68,3816.96
1786038300000,1911.68,1914.39,1910.01,1912.94,2124.75
1786039200000,1912.94,1913.1,1907.7,1910.38,2113.55
1786040100000,1910.38,1913,1908.72,1910.6,1106.2
1786041000000,1910.6,1910.65,1904.34,1904.89,7566.74
1786041900000,1904.89,1906.74,1903.11,1905.24,8935.97
1786042800000,1905.24,1908.43,1905.1,1907.49,3432.73
1786043700000,1907.49,1909,1905.61,1905.94,1581.32
1786044600000,1905.94,1908.16,1905.16,1907.6,664.88
1786045500000,1907.6,1910.4,1906.2,1908.86,9549.04
1786046400000,1908.86,1909.75,1907.91,1908.68,1547.51
1786047300000,1908.68,1909,1905.1,1905.89,4364.37
1786048200000,1905.89,1908.01,1904.74,1906.75,998.26
1786049100000,1906.75,1906.82,1905.42,1906.07,827.36
1786050000000,1906.07,1908.3,1905.42,1907.38,1648.38
1786050900000,1907.38,1908.63,1905.95,1906.58,941.68
1786051800000,1906.58,1907.89,1905,1906.46,1869.14
1786052700000,1906.46,1906.68,1905.18,1905.35,842.3
1786053600000,1905.35,1906.66,1902.55,1906.25,2240.93
1786054500000,1906.25,1906.52,1901.73,1903.11,2747.01
1786055400000,1903.11,1903.88,1901.02,1902.37,1673.31
1786056300000,1902.37,1904.74,1902.14,1904.05,2370.69
1786057200000,1904.05,1904.99,1903.01,1904.14,2184.19
1786058100000,1904.14,1904.4,1899.22,1900.8,4009.2
1786059000000,1900.8,1901.47,1897.78,1899.31,3610.45
1786059900000,1899.31,1903.58,1898.58,1903.2,2934.87
1786060800000,1903.2,1904.8,1899.56,1900.33,6835.97
1786061700000,1900.33,1902.06,1898.71,1900.9,6451.95
1786062600000,1900.9,1903.42,1899.11,1902.61,2570.66
1786063500000,1902.61,1903.7,1900.76,1903,1891.89
1786064400000,1903,1906.92,1902.1,1902.75,5062.89
1786065300000,1902.75,1904.89,1901.5,1904.58,1503.85
1786066200000,1904.58,1905.4,1898.15,1901.39,7494.93
1786067100000,1901.39,1904,1900.87,1902.52,2480.17
1786068000000,1902.52,1903.15,1896.5,1902.05,3571.78
1786068900000,1902.05,1907.79,1899.5,1899.55,8130.02
1786069800000,1899.55,1902.13,1898.59,1901.88,2784.21
1786070700000,1901.88,1904,1901.3,1901.78,2129.14
1786071600000,1901.78,1902.96,1899.58,1900.17,2009.83
1786072500000,1900.17,1900.94,1898,1899.26,2968.39
1786073400000,1899.26,1901.36,1898.18,1899.08,1593.19
1786074300000,1899.08,1899.9,1895.2,1896.6,4559.24
1786075200000,1896.6,1899.33,1895,1898,4236.62
1786076100000,1898,1900.26,1896.66,1898.19,6557.95
1786077000000,1898.19,1899.94,1896.75,1897.5,2666.02
1786077900000,1897.5,1897.82,1893.58,1896.52,5413.77
1786078800000,1896.52,1897.97,1895.23,1897.01,1867.24
1786079700000,1897.01,1897.26,1894.87,1895.54,2087.46
1786080600000,1895.54,1898.19,1894.52,1897.26,6274.31
1786081500000,1897.26,1901.89,1897,1900.71,11955.08
1786082400000,1900.71,1903.14,1899.06,1903.11,2944.07
1786083300000,1903.11,1906.66,1902.44,1904.79,6001.07
1786084200000,1904.79,1905.81,1902.82,1903.8,3156.37
1786085100000,1903.8,1904.75,1901.9,1903.61,2830.59
1786086000000,1903.61,1906.27,1901.4,1905.29,2979.85
1786086900000,1905.29,1906.48,1904.09,1904.7,2419.82
1786087800000,1904.7,1904.7,1901.71,1902.42,2854.31
1786088700000,1902.42,1902.9,1901.24,1901.48,1395.33
1786089600000,1901.48,1905.37,1901,1905.15,2424.45
1786090500000,1905.15,1906,1903.47,1905.12,3372.53
1786091400000,1905.12,1913.82,1904.78,1912.02,16749.01
1786092300000,1912.02,1912.11,1908.31,1909.58,6806.81
1786093200000,1909.58,1913.82,1909.58,1911.11,5014.63
1786094100000,1911.11,1912.47,1909.21,1910,5813.44
1786095000000,1910,1917.21,1909.25,1914.87,17798.49
1786095900000,1914.87,1915.29,1911.69,1911.96,3522.96
1786096800000,1911.96,1915,1911.4,1913.83,7245.38
1786097700000,1913.83,1913.94,1911.68,1913.57,1535.24
1786098600000,1913.57,1913.8,1911.31,1912.47,965.19
1786099500000,1912.47,1913.63,1911.4,1911.66,3284.48
1786100400000,1911.66,1915.86,1911.66,1914.82,4864
1786101300000,1914.82,1919.93,1913,1915.63,12063.54
1786102200000,1915.63,1916.55,1914,1915.01,4319.36
1786103100000,1915.01,1915.37,1913.52,1915.15,2020.08
1786104000000,1915.15,1936.87,1915.15,1932.89,41707.38
1786104900000,1932.89,1933.5,1927,1931.89,14595.67
1786105800000,1931.89,1943.08,1920.96,1927.68,54773.26
1786106700000,1927.68,1935,1927.68,1930.91,9906.29
1786107600000,1930.91,1932.9,1927.23,1927.98,10824.62
1786108500000,1927.98,1930.72,1925,1927.26,4452.94
1786109400000,1927.26,1934.27,1925.35,1931.63,12815.35
1786110300000,1931.63,1931.88,1920.59,1922.68,11474.96
1786111200000,1922.68,1922.77,1909.6,1911.64,30255.39
1786112100000,1911.64,1924.69,1909.83,1922.99,13464.81
1786113000000,1922.99,1925.74,1916.27,1917.34,11408.07
1786113900000,1917.34,1920.26,1910.72,1912.83,7199.76
1786114800000,1912.83,1919.1,1912.08,1914.81,4392.27
1786115700000,1914.81,1918,1913.04,1915.92,1835
1786116600000,1915.92,1920.34,1915.5,1919.57,4472.31
1786117500000,1919.57,1920.07,1916.39,1917.26,2473.92
1786118400000,1917.26,1924.45,1917.26,1922.5,4690.16
1786119300000,1922.5,1923.3,1912.75,1914.33,7349.33
1786120200000,1914.33,1915.66,1911.08,1914.67,3845.19
1786121100000,1914.67,1915.93,1908.44,1908.93,8741.84
1786122000000,1908.93,1910.94,1904.48,1906.52,14937.04
1786122900000,1906.52,1910.18,1905.59,1907.54,9038.95
1786123800000,1907.54,1911.98,1905,1911.4,6410.15
1786124700000,1911.4,1912.55,1906.51,1911.83,6814.85
1786125600000,1911.83,1914.83,1911.45,1913.31,4794.91
1786126500000,1913.31,1914.41,1911.59,1911.93,2488.22
1786127400000,1911.93,1913.14,1907.11,1907.11,3905.69
1786128300000,1907.11,1909.63,1905.39,1909.31,7346.29
1786129200000,1909.31,1914,1909.31,1912.76,4265.61
1786130100000,1912.76,1917.84,1912.76,1916.08,3638.85
1786131000000,1916.08,1918.6,1915.88,1917.54,3083.28
1786131900000,1917.54,1919.81,1916.42,1917.86,11678.64
1786132800000,1917.86,1919.65,1916.3,1917.66,4455.91
1786133700000,1917.66,1917.67,1915.36,1916.2,3070.62
1786134600000,1916.2,1916.2,1914.32,1914.46,3324.57
1786135500000,1914.46,1914.94,1913.19,1913.78,690.22
1786136400000,1913.78,1914.99,1913.02,1913.85,3124.56
1786137300000,1913.85,1915.38,1911.5,1912.81,4821.49
1786138200000,1912.81,1921.95,1912.48,1917.21,15386.58
1786139100000,1917.21,1917.28,1914.9,1915.49,896.34
1786140000000,1915.49,1915.49,1913.73,1914.68,745.89
1786140900000,1914.68,1915.72,1914.11,1914.24,550.84
1786141800000,1914.24,1914.71,1912.86,1913.63,903.64
1786142700000,1913.63,1914.2,1913.17,1914.02,605.19
1786143600000,1914.02,1915.49,1913.9,1915.13,675.5
1786144500000,1915.13,1915.14,1913.79,1914.33,1439.48
1786145400000,1914.33,1914.95,1913.95,1914.95,224.98
1786146300000,1914.95,1915.69,1913.11,1913.11,1454.98
1786147200000,1913.11,1914.05,1911.58,1913.47,2372.71
1786148100000,1913.47,1913.47,1911.18,1913.3,755.14
1786149000000,1913.3,1913.95,1913.3,1913.75,653.39
1786149900000,1913.75,1913.75,1913.3,1913.57,349.7
1786150800000,1913.57,1914.44,1913.31,1913.97,560.78
1786151700000,1913.97,1915.5,1913.28,1913.82,1403.49
1786152600000,1913.82,1914.69,1913.82,1914.49,582.18
1786153500000,1914.49,1914.49,1913.55,1913.76,498.02
1786154400000,1913.76,1913.82,1912.5,1912.61,583.71
1786155300000,1912.61,1912.72,1911.5,1912.56,982.15
1786156200000,1912.56,1913.6,1912.26,1912.26,772.87
1786157100000,1912.26,1912.39,1911.76,1912.29,514.96
1786158000000,1912.29,1913.65,1912.29,1913.37,1413.03
1786158900000,1913.37,1915.4,1913.36,1915.39,1206.82
1786159800000,1915.39,1918.47,1915.39,1916.55,4191.23
1786160700000,1916.55,1917.58,1915.9,1917.01,1127.5
1786161600000,1917.01,1918.82,1915.7,1916,2657.67
1786162500000,1916,1916.61,1915.51,1916.34,669.5
1786163400000,1916.34,1917.88,1916.04,1917.01,1240.99
1786164300000,1917.01,1917.36,1915.95,1916.32,1073.3
1786165200000,1916.32,1916.49,1915.95,1915.95,326.71
1786166100000,1915.95,1916.65,1915.31,1916.21,1549
1786167000000,1916.21,1918,1916,1917.01,1527.28
1786167900000,1917.01,1917.15,1915.01,1916.8,2980.55
1786168800000,1916.8,1917.2,1916.03,1916.46,1330.91
1786169700000,1916.46,1916.46,1915.5,1915.8,732.1
1786170600000,1915.8,1916.44,1915.37,1916.12,1042.1
1786171500000,1916.12,1917.11,1915.3,1915.59,430.86
1786172400000,1915.59,1916.02,1915.19,1915.23,1034.43
1786173300000,1915.23,1915.23,1914.88,1914.88,2197.6
1786174200000,1914.88,1914.89,1913.02,1913.67,1635.98
1786175100000,1913.67,1914.5,1913.59,1914.22,2637.61
1786176000000,1914.22,1914.89,1913.71,1914.77,4542.42
1786176900000,1914.77,1915,1914.3,1915,2971.17
1786177800000,1915,1916.87,1914.8,1916.87,2034.77
1786178700000,1916.87,1916.87,1915.88,1916.02,899.94
1786179600000,1916.02,1916.65,1915.53,1916.06,584.35
1786180500000,1916.06,1916.34,1915.29,1915.63,2346.18
1786181400000,1915.63,1922.51,1915.63,1918.45,9613.96
1786182300000,1918.45,1919.29,1917.82,1918.1,1395.59
1786183200000,1918.1,1920.07,1917.85,1919.42,1874.76
1786184100000,1919.42,1921.77,1919.4,1921.54,2088.9
1786185000000,1921.54,1921.58,1919.95,1920.05,2347.4
1786185900000,1920.05,1920.93,1919.5,1920.15,4788.17
1786186800000,1920.15,1922.75,1920.15,1921,1422.5
1786187700000,1921,1921.04,1918.6,1918.99,1530.4
1786188600000,1918.99,1919,1918.5,1918.69,735.28
1786189500000,1918.69,1920.1,1918.5,1919.83,516.51
1786190400000,1919.83,1920.18,1917.54,1920.16,1308.03
1786191300000,1920.16,1921.59,1919.04,1919.11,1215.16
1786192200000,1919.11,1920.12,1918.82,1919.14,769.11
1786193100000,1919.14,1920.04,1918.32,1918.33,523.36
1786194000000,1918.33,1919.87,1918.33,1918.51,553.97
1786194900000,1918.51,1919.13,1918.1,1918.31,266.07
1786195800000,1918.31,1918.51,1917.75,1918.29,1808.29
1786196700000,1918.29,1919.22,1917.74,1919.21,768.67
1786197600000,1919.21,1920.88,1919.21,1920.69,1467.84
1786198500000,1920.69,1922.95,1920.1,1922.73,3631.02
1786199400000,1922.73,1925.9,1920.93,1921.34,9780.14
1786200300000,1921.34,1924.2,1921.34,1922.82,3075.42
1786201200000,1922.82,1923.48,1921.2,1922.87,1174.6
1786202100000,1922.87,1923.24,1921.2,1921.66,2565.97
1786203000000,1921.66,1921.66,1920.05,1920.94,1253.54
1786203900000,1920.94,1922.67,1920.5,1921.56,2373.98
1786204800000,1921.56,1923.94,1921.56,1921.79,2072.25
1786205700000,1921.79,1922.49,1921.12,1921.5,1033.78
1786206600000,1921.5,1921.5,1920.52,1920.99,1776.4
1786207500000,1920.99,1921.68,1920.98,1921.51,610.76
1786208400000,1921.51,1922.38,1921.13,1922,1306.75
1786209300000,1922,1923,1921.72,1922.88,1576.25
1786210200000,1922.88,1925.33,1922.61,1924.02,2558.62
1786211100000,1924.02,1924.3,1922.61,1922.83,918
1786212000000,1922.83,1922.83,1921.52,1921.6,1447.86
1786212900000,1921.6,1921.6,1918.32,1919.59,8434.91
1786213800000,1919.59,1920.91,1919.21,1920.39,2676.41
1786214700000,1920.39,1920.59,1920,1920.47,1093.16
1786215600000,1920.47,1920.69,1920.19,1920.4,1285.33
1786216500000,1920.4,1920.6,1918.65,1918.89,623.21
1786217400000,1918.89,1919.72,1918.69,1919.26,1225.01
1786218300000,1919.26,1920.57,1918,1919.37,10972.41
1786219200000,1919.37,1919.4,1918.76,1919.39,674.86
1786220100000,1919.39,1919.66,1918.71,1918.73,514.93
1786221000000,1918.73,1920.17,1918.73,1919.84,1194.47
1786221900000,1919.84,1920.29,1919.24,1919.36,1178.05
1786222800000,1919.36,1919.98,1919.01,1919.51,818.36
1786223700000,1919.51,1920.7,1919.44,1919.99,1353.08
1786224600000,1919.99,1921.56,1919.47,1921.48,989.28
1786225500000,1921.48,1921.48,1919.26,1919.83,459.58
1786226400000,1919.83,1920.69,1918.35,1918.35,828.42
1786227300000,1918.35,1919.75,1918.35,1919.75,450.59
1786228200000,1919.75,1919.76,1918.17,1918.55,646.48
1786229100000,1918.55,1918.72,1915.21,1915.88,2990.64
1786230000000,1915.88,1916.02,1914.07,1914.96,3651.76
1786230900000,1914.96,1916.58,1913.73,1915.91,1607.72
1786231800000,1915.91,1918.2,1915.87,1917.65,1072.53
1786232700000,1917.65,1917.85,1915.95,1916.07,1138
1786233600000,1916.07,1917.75,1915.48,1917.67,3228.24
1786234500000,1917.67,1917.67,1916.69,1916.83,583.55
1786235400000,1916.83,1917.72,1916.58,1917.27,358.42
1786236300000,1917.27,1917.7,1915.54,1917.07,1936.48
1786237200000,1917.07,1919.33,1916.55,1918.22,1671.42
1786238100000,1918.22,1918.35,1913.28,1913.28,2813
1786239000000,1913.28,1915,1912.09,1915,4759.05
1786239900000,1915,1915.6,1913.58,1915.14,910.84
1786240800000,1915.14,1915.98,1914.03,1915.8,837.63
1786241700000,1915.8,1915.8,1913.91,1915.48,929.38
1786242600000,1915.48,1915.48,1913.71,1913.71,465.62
1786243500000,1913.71,1914.49,1912.57,1913.92,1590.17
1786244400000,1913.92,1914.06,1911.3,1911.86,2243.49
1786245300000,1911.86,1913,1911.63,1913,1245.19
1786246200000,1913,1913.58,1912.83,1913.3,869.95
1786247100000,1913.3,1913.59,1913.09,1913.09,475.33
1786248000000,1913.09,1914.9,1913.01,1914.15,1659.62
1786248900000,1914.15,1914.82,1912.97,1913.6,1357.6
1786249800000,1913.6,1913.6,1912.57,1912.57,589.55
1786250700000,1912.57,1912.9,1912.25,1912.42,587.17
1786251600000,1912.42,1914.1,1912.24,1913.13,2326.24
1786252500000,1913.13,1914.28,1912.99,1913.25,493.22
1786253400000,1913.25,1913.89,1913.19,1913.43,1360.82
1786254300000,1913.43,1913.88,1913.15,1913.88,429.3
1786255200000,1913.88,1914.73,1913.23,1914.73,1668.18
1786256100000,1914.73,1916.23,1914.72,1916.2,4225.81
1786257000000,1916.2,1917.41,1916.2,1917.34,2751.92
1786257900000,1917.34,1918.86,1917.33,1918.33,1536.57
1786258800000,1918.33,1918.5,1917.5,1917.5,4557.3
1786259700000,1917.5,1917.52,1916.2,1916.94,982.08
1786260600000,1916.94,1917.09,1916.2,1916.61,692.68
1786261500000,1916.61,1917.8,1916.4,1917.8,583.9
1786262400000,1917.8,1924.37,1917.8,1921.54,6951.47
1786263300000,1921.54,1921.9,1919.82,1920.59,1814.02
1786264200000,1920.59,1920.73,1913.11,1913.9,5201.95
1786265100000,1913.9,1915.3,1913.3,1915.2,2756.17
1786266000000,1915.2,1915.83,1914.09,1914.3,1428.2
1786266900000,1914.3,1914.74,1912.62,1913.52,2663.51
1786267800000,1913.52,1916.28,1913.41,1915.68,2300.14
1786268700000,1915.68,1920.9,1915.68,1920.63,3881.93
1786269600000,1920.63,1922.29,1920.31,1921.04,4148.46
1786270500000,1921.04,1921.18,1919.19,1919.57,3470.54
1786271400000,1919.57,1919.58,1918.4,1918.85,1016.76
1786272300000,1918.85,1919.76,1918.71,1919.03,503.27
1786273200000,1919.03,1919.62,1919.03,1919.61,876.88
1786274100000,1919.61,1920.43,1919.42,1919.65,571.16
1786275000000,1919.65,1920.32,1919.19,1919.37,585.92
1786275900000,1919.37,1919.39,1917.41,1918.03,2905.08
1786276800000,1918.03,1918.18,1915.5,1916.88,4083.61
1786277700000,1916.88,1917.38,1916.44,1917.1,496.46
1786278600000,1917.1,1917.6,1916.53,1916.53,1876
1786279500000,1916.53,1917.35,1916.44,1916.75,1395.71
1786280400000,1916.75,1919.03,1916.68,1919.03,2462.27
1786281300000,1919.03,1925.53,1919.03,1924.26,8989.35
1786282200000,1924.26,1924.5,1920.97,1921.74,5336.03
1786283100000,1921.74,1922.68,1921.71,1922.49,1908.69
1786284000000,1922.49,1925.27,1921.33,1924.63,3761.76
1786284900000,1924.63,1924.63,1921.8,1922.6,1740.09
1786285800000,1922.6,1924.58,1922.31,1922.95,2673.29
1786286700000,1922.95,1925.27,1922.63,1924.05,1890.14
1786287600000,1924.05,1926.04,1923.2,1925.75,4311.07
1786288500000,1925.75,1926.17,1925.35,1925.59,1692.54
1786289400000,1925.59,1925.75,1924.92,1925.21,2151.49
1786290300000,1925.21,1926.29,1925.15,1925.39,1801.15
1786291200000,1925.39,1925.93,1923.51,1923.88,2118.26
1786292100000,1923.88,1924.41,1920.29,1921.55,3064.89
1786293000000,1921.55,1924.51,1921.55,1924.13,1359.96
1786293900000,1924.13,1924.4,1923.1,1923.16,730.46
1786294800000,1923.16,1923.84,1922.38,1923.6,863.16
1786295700000,1923.6,1923.73,1922.79,1923.49,392.53
1786296600000,1923.49,1923.69,1923.06,1923.31,282.65
1786297500000,1923.31,1923.31,1921.9,1922.02,944.52
1786298400000,1922.02,1923,1921.8,1921.8,490.42
1786299300000,1921.8,1921.81,1919.24,1921.06,3181.95
1786300200000,1921.06,1921.27,1920.14,1920.22,559.37
1786301100000,1920.22,1920.89,1920.22,1920.47,249.05
1786302000000,1920.47,1921.22,1920.27,1920.5,409.45
1786302900000,1920.5,1921.34,1920.5,1921.15,586.56
1786303800000,1921.15,1921.64,1921.15,1921.59,128.95
1786304700000,1921.59,1921.59,1920.47,1921.01,604.33
1786305600000,1921.01,1921.33,1918.21,1918.29,1009.46
1786306500000,1918.29,1919.8,1916.95,1919.33,7265.51
1786307400000,1919.33,1920.4,1919.28,1919.29,630.64
1786308300000,1919.29,1920.1,1919.2,1920.06,524.75
1786309200000,1920.06,1920.5,1918.82,1920.5,1154.08
1786310100000,1920.5,1923.4,1920.29,1923.38,2573.81
1786311000000,1923.38,1925.7,1922.96,1924.7,1995.48
1786311900000,1924.7,1925.7,1923.21,1923.7,1117.22
1786312800000,1923.7,1935.86,1923.7,1932.57,12125.65
1786313700000,1932.57,1937.31,1928.17,1928.6,9293.48
1786314600000,1928.6,1929.41,1915.09,1918.34,9725.38
1786315500000,1918.34,1919.6,1913.84,1918.75,5934.1
1786316400000,1918.75,1919.9,1915.81,1916.73,2459.81
1786317300000,1916.73,1917.5,1912.5,1913.77,6732.72
1786318200000,1913.77,1913.77,1907.8,1910.15,11113.04
1786319100000,1910.15,1911.4,1906.53,1909.75,5409.2
1786320000000,1909.75,1927.81,1907.89,1920.9,16445.85
1786320900000,1920.9,1921.9,1912.83,1913.41,4981.93
1786321800000,1913.41,1915.47,1905.07,1906.42,12699.76
1786322700000,1906.42,1916.6,1905.83,1912.09,5740.2
1786323600000,1912.09,1914.71,1907.1,1913.5,5483.18
1786324500000,1913.5,1917.6,1913.44,1914.19,2940.47
1786325400000,1914.19,1915.8,1911.45,1914.4,2644
1786326300000,1914.4,1931.12,1913.93,1924.22,16571.61
1786327200000,1924.22,1925.2,1920,1920.67,4378.42
1786328100000,1920.67,1920.8,1912,1914.62,10626.57
1786329000000,1914.62,1926.06,1914.54,1925.06,6597.12
1786329900000,1925.06,1925.06,1921.5,1922.56,5738.07
1786330800000,1922.56,1923.64,1914.21,1915.2,7072.77
1786331700000,1915.2,1923.76,1912.66,1917.21,10025.72
1786332600000,1917.21,1920.16,1916.25,1918.73,2275.85
1786333500000,1918.73,1919.76,1915.56,1916.57,1898.57
1786334400000,1916.57,1919.39,1915.6,1919.36,3726.33
1786335300000,1919.36,1920.28,1917.96,1918.61,2091.45
1786336200000,1918.61,1919.59,1911.45,1915.76,4850.15
1786337100000,1915.76,1917.8,1913.7,1914.85,3223.87
1786338000000,1914.85,1917.99,1914.4,1915.54,3128.79
1786338900000,1915.54,1919.82,1915.54,1919.55,3065.89
1786339800000,1919.55,1921.46,1918.81,1920.58,4015.35
1786340700000,1920.58,1924.24,1919.81,1922.27,6103.23
1786341600000,1922.27,1926.46,1922.01,1924.42,4822.44
1786342500000,1924.42,1928.67,1923.02,1924.49,8105.03
1786343400000,1924.49,1926.6,1924,1926.21,1724.37
1786344300000,1926.21,1928,1925.23,1926.84,3149.98
1786345200000,1926.84,1927.49,1925.01,1925.49,2750.38
1786346100000,1925.49,1928.72,1924.78,1928.29,2642.06
1786347000000,1928.29,1929.8,1926.44,1926.45,7096.24
1786347900000,1926.45,1927.09,1923.77,1924.53,2393.76
1786348800000,1924.53,1927.4,1924.53,1926.34,1989.31
1786349700000,1926.34,1928.69,1925.23,1927.09,2321.01
1786350600000,1927.09,1927.6,1922.17,1924.43,4001.18
1786351500000,1924.43,1926.4,1923.4,1925.6,1999.01
1786352400000,1925.6,1926.1,1924.2,1925.6,1015.29
1786353300000,1925.6,1925.61,1922.04,1922.04,3674.01
1786354200000,1922.04,1922.04,1917.11,1917.69,9027.4
1786355100000,1917.69,1917.69,1915.56,1915.84,7384.81
1786356000000,1915.84,1919.2,1915.42,1918.71,3972.85
1786356900000,1918.71,1920.33,1918.29,1918.79,3079.07
1786357800000,1918.79,1918.96,1916.1,1917.1,1823.61
1786358700000,1917.1,1918.2,1916.4,1917.01,1163.21
1786359600000,1917.01,1917.2,1914,1915.89,3741.59
1786360500000,1915.89,1919,1915.89,1918.44,2246.56
1786361400000,1918.44,1919.86,1917.52,1917.75,1713.84
1786362300000,1917.75,1920.4,1917.15,1919.51,2323.44
1786363200000,1919.51,1922.54,1918.86,1919.81,4018.51
1786364100000,1919.81,1920,1915.63,1916.12,3072.07
1786365000000,1916.12,1916.15,1910.85,1914.73,9087.68
1786365900000,1914.73,1914.73,1904.21,1905.29,16471.67
1786366800000,1905.29,1909.14,1904.21,1908.34,9337.31
1786367700000,1908.34,1909.93,1906.03,1907.59,4685.32
1786368600000,1907.59,1908.08,1897.6,1900.41,36708.01
1786369500000,1900.41,1902.4,1893.31,1896.81,23814.88
1786370400000,1896.81,1902.11,1895.86,1900.58,10147.79
1786371300000,1900.58,1901.96,1896.41,1898.8,5115.41
1786372200000,1898.8,1901.8,1896.8,1899.36,5424.07
1786373100000,1899.36,1900.6,1890.56,1892.59,15173.88
1786374000000,1892.59,1892.6,1874.44,1875.59,55702.52
1786374900000,1875.59,1880.46,1871,1876.47,55390.26
1786375800000,1876.47,1880.07,1873.86,1877.99,13235.24
1786376700000,1877.99,1879.88,1875.72,1876.28,6116.22
1786377600000,1876.28,1878.33,1874.5,1875.37,9039.72
1786378500000,1875.37,1876.6,1867.88,1874.45,15868.16
1786379400000,1874.45,1877.6,1871.73,1872.4,7706.02
1786380300000,1872.4,1873.04,1868.33,1871.77,9856.96
1786381200000,1871.77,1875.48,1868,1874.4,9850.95
1786382100000,1874.4,1876.37,1872.42,1873.62,4068.42
1786383000000,1873.62,1876.85,1873.28,1875.25,3239.93
1786383900000,1875.25,1875.4,1872.21,1873.2,2776.12
1786384800000,1873.2,1874.91,1871.11,1871.11,3166.13
1786385700000,1871.11,1873.96,1870.4,1871.6,2610.23
1786386600000,1871.6,1872.59,1869,1872.45,4388.35
1786387500000,1872.45,1873,1867.27,1872.14,6733.72
1786388400000,1872.14,1874.79,1871.6,1874.67,3854.58
1786389300000,1874.67,1878,1874.66,1877.99,3071.35
1786390200000,1877.99,1879.86,1875.68,1878.2,6648.62
1786391100000,1878.2,1879.16,1876.2,1877.9,2193.25
1786392000000,1877.9,1878.8,1877,1877.92,2064.07
1786392900000,1877.92,1879,1877.4,1878.82,1375.08
1786393800000,1878.82,1880.94,1878.26,1879.84,2502.9
1786394700000,1879.84,1880,1878.03,1878.94,1834.72
1786395600000,1878.94,1878.94,1875,1875.14,2765.11
1786396500000,1875.14,1876.41,1873.62,1876.4,2599.66
1786397400000,1876.4,1877.19,1874.4,1875.38,1153.29
1786398300000,1875.38,1875.59,1872.6,1873.51,2249.47
1786399200000,1873.51,1876.95,1871.83,1876.38,3280.41
1786400100000,1876.38,1877.4,1874.6,1876.1,1591.1
1786401000000,1876.1,1876.2,1871.23,1873.78,1554.97
1786401900000,1873.78,1875.7,1873.29,1875.48,933.48
1786402800000,1875.48,1875.48,1873.42,1873.91,993.09
1786403700000,1873.91,1874.6,1871.6,1873.2,2194.6
1786404600000,1873.2,1873.2,1869.24,1872.16,4673.96
1786405500000,1872.16,1873.2,1870.8,1872.6,2594.14
1786406400000,1872.6,1873.37,1870.15,1873.13,2419.4
1786407300000,1873.13,1875.5,1871.13,1875.49,1517.35
1786408200000,1875.49,1875.57,1871.88,1873.64,957.88
1786409100000,1873.64,1875.36,1872.67,1874.62,835.22
1786410000000,1874.62,1877.25,1872.78,1876.62,1234.63
1786410900000,1876.62,1878.31,1873.26,1877.39,2480.45
1786411800000,1877.39,1877.39,1873.89,1875.25,1977.43
1786412700000,1875.25,1878,1874.76,1877.57,1280.63
1786413600000,1877.57,1879.38,1876.93,1877.44,3688.21
1786414500000,1877.44,1878.11,1876.6,1876.89,789.47
1786415400000,1876.89,1878,1876.71,1878,763.51
1786416300000,1878,1878.32,1877.17,1877.99,793.77
1786417200000,1877.99,1879.93,1877.99,1879.46,1414.1
1786418100000,1879.46,1880.76,1878.86,1879.77,2345.12
1786419000000,1879.77,1881,1879.51,1879.93,971.15
1786419900000,1879.93,1880.64,1879.59,1880.37,1205.79
1786420800000,1880.37,1881.3,1878.73,1879.13,3295.26
1786421700000,1879.13,1879.87,1878.77,1879.12,1482.79
1786422600000,1879.12,1879.39,1876.88,1877.11,1150.52
1786423500000,1877.11,1877.59,1875.5,1875.51,4005.36
1786424400000,1875.51,1876.29,1874.52,1876.17,2444.49
1786425300000,1876.17,1876.17,1871.1,1873.23,5646.76
1786426200000,1873.23,1876.3,1872.65,1875.96,3906.71
1786427100000,1875.96,1876.18,1873.39,1873.4,1696.95
1786428000000,1873.4,1874.67,1871.35,1873.65,1868.8
1786428900000,1873.65,1874.39,1871.5,1872,2880.5
1786429800000,1872,1874.2,1871.2,1872.87,3574.19
1786430700000,1872.87,1873.89,1870.45,1873.89,3455.47
1786431600000,1873.89,1875.18,1873.01,1873.01,2792.5
1786432500000,1873.01,1873.01,1870.1,1871.29,3365.04
1786433400000,1871.29,1878.88,1871.29,1877.19,5255.8
1786434300000,1877.19,1878.62,1875.62,1877.14,3082.16
1786435200000,1877.14,1878.54,1875.17,1875.4,3242.93
1786436100000,1875.4,1877.18,1875,1876.16,2476.96
1786437000000,1876.16,1878.54,1875.66,1877.94,1930.81
1786437900000,1877.94,1879.9,1876.56,1878.54,3204.21
1786438800000,1878.54,1878.92,1876.62,1876.81,2247.76
1786439700000,1876.81,1879.69,1876.56,1878.72,3158.71
1786440600000,1878.72,1879.62,1877.74,1879.27,913.26
1786441500000,1879.27,1884.66,1879.03,1884.66,10155.91
1786442400000,1884.66,1888.5,1883.21,1884.23,12691.29
1786443300000,1884.23,1887.15,1881.92,1886.48,5230.1
1786444200000,1886.48,1887.1,1884.57,1885.45,2537.9
1786445100000,1885.45,1887.22,1884.75,1885.2,2015.18
1786446000000,1885.2,1894.78,1885.2,1892.84,17923.05
1786446900000,1892.84,1893.08,1889.97,1890.61,6221.64
1786447800000,1890.61,1892.24,1890.5,1891.21,5168.02
1786448700000,1891.21,1893.33,1891.21,1892.02,2885.09
1786449600000,1892.02,1897.13,1892.02,1894.3,14135.09
1786450500000,1894.3,1894.42,1888.01,1889.01,8239.02
1786451400000,1889.01,1891.44,1887.3,1887.49,6271.14
1786452300000,1887.49,1888.61,1886.25,1886.96,3707.02
1786453200000,1886.96,1890.92,1886.03,1888.82,4069.49
1786454100000,1888.82,1888.82,1884,1886.09,5769.86
1786455000000,1886.09,1892.08,1882.55,1889.51,15396.79
1786455900000,1889.51,1891.39,1886.85,1889.4,4746.37
1786456800000,1889.4,1889.99,1885.53,1888.81,2770.72
1786457700000,1888.81,1891.07,1875.3,1879.96,15032.95
1786458600000,1879.96,1880.82,1873.23,1876.76,10618.3
1786459500000,1876.76,1878.07,1869.36,1872.78,20228.13
1786460400000,1872.78,1876.9,1872,1872.75,10584.97
1786461300000,1872.75,1877,1868.34,1876.57,10934.15
1786462200000,1876.57,1876.8,1852.22,1858.62,58293.48
1786463100000,1858.62,1863.36,1855.8,1862.21,12908.38
1786464000000,1862.21,1865.79,1859.06,1864.44,13553.64
1786464900000,1864.44,1866.53,1862.26,1863.5,4583.66
1786465800000,1863.5,1865.84,1861.82,1862.98,2510.32
1786466700000,1862.98,1865.13,1862.21,1864.28,2887.68
1786467600000,1864.28,1865.98,1862.3,1863.55,2996.1
1786468500000,1863.55,1867.5,1862.3,1865.04,3617.15
1786469400000,1865.04,1865.94,1862.45,1864.3,2395.52
1786470300000,1864.3,1866.42,1862.62,1863.96,4059.71
1786471200000,1863.96,1864.88,1862.87,1863.66,2568.99
1786472100000,1863.66,1865.51,1861.45,1861.69,1364.9
1786473000000,1861.69,1866.53,1859.22,1863.35,7237.13
1786473900000,1863.35,1865.59,1862.94,1865.53,2147.19
1786474800000,1865.53,1865.79,1862.12,1862.35,1403.44
1786475700000,1862.35,1869.52,1862.35,1869.38,6011.78
1786476600000,1869.38,1871.98,1867.8,1871.3,3711.36
1786477500000,1871.3,1884.42,1870.25,1881.18,24161.58
1786478400000,1881.18,1884.87,1880.19,1881.67,7164.26
1786479300000,1881.67,1881.68,1878.14,1880.42,3881.63
1786480200000,1880.42,1883.38,1878.53,1878.53,2230.07
1786481100000,1878.53,1881.59,1878.53,1881.47,3054.68
1786482000000,1881.47,1884.48,1880.49,1883.33,3022.43
1786482900000,1883.33,1883.73,1879.6,1880.18,4932.87
1786483800000,1880.18,1881.92,1879.6,1881.68,1048.15
1786484700000,1881.68,1884.65,1880.76,1883.69,2397.59
1786485600000,1883.69,1886.84,1881.81,1883.25,4978.88
1786486500000,1883.25,1884.85,1882.05,1883.1,1871.23
1786487400000,1883.1,1884.04,1879.67,1879.87,1948.05
1786488300000,1879.87,1882.32,1878.66,1881.37,3730.2
1786489200000,1881.37,1881.37,1878.13,1878.52,2049.86
1786490100000,1878.52,1880.17,1878.01,1880.02,1124.99
1786491000000,1880.02,1883.73,1879.38,1883.12,3483.13
1786491900000,1883.12,1883.61,1881.48,1881.48,973.17
1786492800000,1881.48,1881.59,1880,1881.36,2907.14
1786493700000,1881.36,1882.62,1879.81,1881.31,2095.67
1786494600000,1881.31,1882.73,1880.4,1880.73,1330.04
1786495500000,1880.73,1882.62,1880.72,1881.63,1200.94
1786496400000,1881.63,1885.1,1881.49,1884.75,2050.57
1786497300000,1884.75,1885.89,1881.21,1882.07,2147.4
1786498200000,1882.07,1885.32,1880.19,1884.5,1704.9
1786499100000,1884.5,1885.69,1882.42,1883.97,2101.03
1786500000000,1883.97,1887.41,1883.89,1884.71,5861.64
1786500900000,1884.71,1886,1883.03,1885.89,2154.87
1786501800000,1885.89,1886.37,1883,1883.99,1858.92
1786502700000,1883.99,1884.86,1882.63,1883.68,1192.64
1786503600000,1883.68,1884.94,1882,1882.33,1385.2
1786504500000,1882.33,1883.5,1881.89,1882.8,1207.51
1786505400000,1882.8,1886.38,1882.07,1885.11,2293.49
1786506300000,1885.11,1886.18,1884.84,1885.61,1257.69
1786507200000,1885.61,1886.83,1884.5,1886.6,1685.57
1786508100000,1886.6,1892.5,1886.1,1888.46,13408.01
1786509000000,1888.46,1888.47,1886.24,1887.71,3925.71
1786509900000,1887.71,1890.21,1887.22,1888.55,3689.88
1786510800000,1888.55,1890.11,1885.78,1889.1,2517.58
1786511700000,1889.1,1890.16,1888.7,1889.09,3370.71
1786512600000,1889.09,1891,1889.09,1890.9,2106.69
1786513500000,1890.9,1891.44,1889.86,1890.52,3180.94
1786514400000,1890.52,1890.58,1886.48,1886.57,2982.24
1786515300000,1886.57,1888.75,1884.7,1885.58,5029.34
1786516200000,1885.58,1885.94,1884.36,1884.84,1620.31
1786517100000,1884.84,1886.92,1884.69,1886.92,3174.13
1786518000000,1886.92,1890.1,1886.64,1888.7,2570.51
1786518900000,1888.7,1889.52,1888.38,1888.4,1509.91
1786519800000,1888.4,1890.53,1887.25,1887.63,2012.71
1786520700000,1887.63,1890.72,1885.09,1890.68,4055.57
1786521600000,1890.68,1895.41,1889.46,1891.52,10075.66
1786522500000,1891.52,1893.75,1891.41,1891.78,2387.88
1786523400000,1891.78,1891.78,1889.98,1890.12,3809.56
1786524300000,1890.12,1891,1889.67,1889.91,2314.23
1786525200000,1889.91,1891.99,1888.89,1891.66,7538.01
1786526100000,1891.66,1904.71,1891.66,1902.54,31865.61
1786527000000,1902.54,1908.55,1901.6,1903.93,21027.76
1786527900000,1903.93,1904.93,1901.6,1904.9,6085.71
1786528800000,1904.9,1915,1904.75,1910.64,23172.5
1786529700000,1910.64,1913.94,1909.58,1909.79,7515.14
1786530600000,1909.79,1912.29,1908.86,1910.29,4483.82
1786531500000,1910.29,1911,1906.6,1908.1,5442.84
1786532400000,1908.1,1910.32,1906.14,1907.77,4857.3
1786533300000,1907.77,1912.55,1907.77,1912.36,3858.01
1786534200000,1912.36,1914.71,1910.68,1912.48,6269.87
1786535100000,1912.48,1915.61,1912.06,1914.77,6988
1786536000000,1914.77,1917.35,1913.29,1913.29,9756.52
1786536900000,1913.29,1925.34,1912.84,1921.72,32042.57
1786537800000,1921.72,1924.95,1906.21,1908.6,54243.9
1786538700000,1908.6,1912.94,1904.73,1910.58,15621.53
1786539600000,1910.58,1911.89,1904.43,1907.75,11820.74
1786540500000,1907.75,1909.9,1904.9,1906.59,7208.14
1786541400000,1906.59,1907.35,1900.53,1903.84,17256.43
1786542300000,1903.84,1907.2,1898.69,1900.2,14373.62
1786543200000,1900.2,1902.94,1888.11,1899.03,32829.79
1786544100000,1899.03,1899.03,1890.96,1891.34,10301.49
1786545000000,1891.34,1893.45,1886.39,1891.53,18817.19
1786545900000,1891.53,1894.78,1884.04,1886.98,16203.74
1786546800000,1886.98,1893,1883.2,1891.91,9096.18
1786547700000,1891.91,1895.05,1890.18,1893.69,8666.56
1786548600000,1893.69,1895.77,1890.42,1893.92,8836.3
1786549500000,1893.92,1894.96,1891.75,1891.97,3997.17
1786550400000,1891.97,1892.95,1888.31,1892.55,5925.18
1786551300000,1892.55,1895.45,1891.65,1894.34,12879.41
1786552200000,1894.34,1894.81,1891.76,1891.96,1302.52
1786553100000,1891.96,1892.05,1889.45,1890.02,6830.02
1786554000000,1890.02,1891.53,1888.85,1889.13,3248.68
1786554900000,1889.13,1889.75,1884.53,1886.29,6781.55
1786555800000,1886.29,1890.19,1884.52,1887.95,5502.22
1786556700000,1887.95,1889.89,1886.79,1887.55,5621.7
1786557600000,1887.55,1890,1886.4,1888.93,2003.34
1786558500000,1888.93,1888.98,1885.5,1886.61,2931.44
1786559400000,1886.61,1890.95,1886.45,1887.4,2362.39
1786560300000,1887.4,1887.45,1885,1885.02,1857.98
1786561200000,1885.02,1886.26,1883.27,1883.62,1843.92
1786562100000,1883.62,1886.43,1881.42,1884.12,8053.07
1786563000000,1884.12,1885,1876.07,1879.38,14729.99
1786563900000,1879.38,1880,1876.96,1878.64,9921.44
1786564800000,1878.64,1881.77,1876.74,1879.82,4281.18
1786565700000,1879.82,1883.64,1878.39,1883.57,2059.99
1786566600000,1883.57,1886.77,1883.47,1885.62,3664.94
1786567500000,1885.62,1886.99,1884.66,1885.94,1523.63
1786568400000,1885.94,1888.85,1885.19,1885.19,5241.25
1786569300000,1885.19,1886.29,1872,1877.58,10971.07
1786570200000,1877.58,1882.62,1874.3,1882.61,5679.8
1786571100000,1882.61,1883.66,1876.24,1877.27,2161.5
1786572000000,1877.27,1880.73,1874.65,1878.18,2950.04
1786572900000,1878.18,1880.46,1878.09,1879,1441.81
1786573800000,1879,1879.46,1876.03,1877.28,3199.72
1786574700000,1877.28,1878.12,1876.37,1877.68,1552.3
1786575600000,1877.68,1878.44,1874.52,1875.77,4918.4
1786576500000,1875.77,1877.87,1874,1876.45,2393.59
1786577400000,1876.45,1878.76,1876.45,1877.71,2106.47
1786578300000,1877.71,1879.79,1877.26,1879.12,3249.3
1786579200000,1879.12,1883.27,1878.34,1882.32,6170.65
1786580100000,1882.32,1884.95,1880.73,1881.76,4484.55
1786581000000,1881.76,1881.92,1876.77,1878.64,5909.81
1786581900000,1878.64,1883,1877.5,1879.67,5033.99
1786582800000,1879.67,1882.49,1878.2,1882.36,1597.53
1786583700000,1882.36,1882.36,1874.66,1875.91,5289.17
1786584600000,1875.91,1880.16,1875.55,1875.63,2558.7
1786585500000,1875.63,1879.5,1874.5,1877.56,2073.09
1786586400000,1877.56,1878.56,1876.23,1877.27,1302.95
1786587300000,1877.27,1877.9,1875.91,1876.73,1723.26
1786588200000,1876.73,1876.73,1872.51,1876.59,4281.38
1786589100000,1876.59,1882.97,1875.27,1881.33,6106.86
1786590000000,1881.33,1884.23,1881.18,1883,7333.22
1786590900000,1883,1884.45,1882.1,1882.42,3666.49
1786591800000,1882.42,1885.84,1882.42,1883.39,5866.79
1786592700000,1883.39,1888.29,1883.38,1886.77,6109.22
1786593600000,1886.77,1887.24,1885.31,1886.49,2095.98
1786594500000,1886.49,1886.5,1884.67,1885.19,1703.86
1786595400000,1885.19,1891.11,1885.18,1890.34,8225.04
1786596300000,1890.34,1894.38,1890.34,1891.56,7468.82
1786597200000,1891.56,1897.79,1890.95,1897.59,10973.01
1786598100000,1897.59,1899.35,1895.74,1897.99,7836.95
1786599000000,1897.99,1898.49,1895.5,1896.41,4234.16
1786599900000,1896.41,1897.35,1894.92,1894.92,2616.23
1786600800000,1894.92,1895.44,1891.41,1893.38,4580.41
1786601700000,1893.38,1894.98,1893,1893.79,1525.84
1786602600000,1893.79,1893.8,1891.04,1891.87,2114.31
1786603500000,1891.87,1897.5,1891.86,1897.49,3350.61
1786604400000,1897.49,1897.95,1895.26,1896.02,2061.59
1786605300000,1896.02,1896.99,1895.52,1896.99,1395.77
1786606200000,1896.99,1897.17,1895.62,1895.71,1010.89
1786607100000,1895.71,1895.97,1894.13,1894.49,1490.58
1786608000000,1894.49,1896,1891.48,1891.83,2854.12
1786608900000,1891.83,1892.22,1890.77,1891.45,3632.63
1786609800000,1891.45,1892.01,1890.5,1891.02,3437.55
1786610700000,1891.02,1891.12,1887.05,1889.13,6479.47
1786611600000,1889.13,1889.13,1881.01,1882.17,9088.58
1786612500000,1882.17,1886.09,1880.26,1884.91,5883.88
1786613400000,1884.91,1887.12,1884.9,1886.99,1768.07
1786614300000,1886.99,1889.85,1886.8,1888.85,3326.08
1786615200000,1888.85,1889.63,1881.44,1884.05,9785.98
1786616100000,1884.05,1886.28,1883.94,1884.32,3509.92
1786617000000,1884.32,1884.32,1881.36,1883.11,2469.81
1786617900000,1883.11,1883.53,1882.28,1882.68,1399.47
1786618800000,1882.68,1883.31,1880.41,1880.97,2437.37
1786619700000,1880.97,1880.97,1876,1876.3,12186.88
1786620600000,1876.3,1879.5,1874.83,1879.44,7943.64
1786621500000,1879.44,1880.84,1878.09,1879.92,2177.45
1786622400000,1879.92,1883.4,1878.55,1882.89,3483.24
1786623300000,1882.89,1884.6,1881.89,1884,2927.34
1786624200000,1884,1889.58,1881.47,1886.59,14867.93
1786625100000,1886.59,1888.77,1885.81,1888.1,7318.2
1786626000000,1888.1,1894.5,1888.1,1891.35,14295.51
1786626900000,1891.35,1891.48,1886.08,1887.36,8012.48
1786627800000,1887.36,1894.5,1885.74,1892.37,10037.94
1786628700000,1892.37,1893.49,1888.5,1889.34,5776.04
1786629600000,1889.34,1894,1887.55,1891.87,6155.13
1786630500000,1891.87,1893.5,1889.1,1890.42,2995.83
1786631400000,1890.42,1896.88,1889.09,1895.3,8178.95
1786632300000,1895.3,1895.76,1892.01,1892.47,2842.44
1786633200000,1892.47,1895.35,1890.12,1891.03,5346.83
1786634100000,1891.03,1893.4,1881.55,1884.79,10826.35
1786635000000,1884.79,1891.16,1883.54,1889.77,7891.54
1786635900000,1889.77,1889.77,1878.81,1879.16,9808.66
1786636800000,1879.16,1883.34,1877.35,1880.23,9731.14
1786637700000,1880.23,1884.34,1877.63,1878.66,4882.9
1786638600000,1878.66,1880.99,1863,1870.65,48187.16
1786639500000,1870.65,1876.8,1868.61,1874.35,16191.97
1786640400000,1874.35,1876.94,1873.03,1875.57,5216.1
1786641300000,1875.57,1878.89,1873.9,1876.59,6555.95
1786642200000,1876.59,1879.64,1875.2,1878.91,4352.61
1786643100000,1878.91,1880.39,1876.15,1876.31,6696.64
1786644000000,1876.31,1881.24,1876,1878.8,4176.39
1786644900000,1878.8,1880.76,1876.05,1876.61,1559.62
1786645800000,1876.61,1879.24,1876.01,1879.01,1033.94
1786646700000,1879.01,1886.91,1878.57,1884.8,10660.13
1786647600000,1884.8,1892.3,1884.57,1887.59,10280.71
1786648500000,1887.59,1889.12,1886.04,1887.27,4517.24
1786649400000,1887.27,1887.94,1884.7,1886.78,3394.25
1786650300000,1886.78,1888.8,1886,1886.73,2024.32
1786651200000,1886.73,1888.75,1885.25,1886.57,2925.57
1786652100000,1886.57,1888,1886.17,1886.96,1758.69
1786653000000,1886.96,1888.87,1885.92,1886.13,1758.52
1786653900000,1886.13,1886.41,1884.54,1885.57,3044.32
1786654800000,1885.57,1887.96,1885.18,1886.47,1576.85
1786655700000,1886.47,1887.69,1885.76,1887.69,564.72
1786656600000,1887.69,1888.54,1886.96,1887.48,4449.59
1786657500000,1887.48,1888.03,1886.51,1887.9,502.56
1786658400000,1887.9,1892.5,1887.79,1890.79,3874
1786659300000,1890.79,1892,1889.51,1890.1,2120.29
1786660200000,1890.1,1890.31,1888.47,1890,1055.17
1786661100000,1890,1890.14,1888,1888.43,1033.14
1786662000000,1888.43,1888.58,1885.65,1885.89,1504.18
1786662900000,1885.89,1886.48,1884.6,1885.21,1419.44
1786663800000,1885.21,1886.62,1885.21,1885.92,927.75
1786664700000,1885.92,1885.93,1883.52,1885.47,1643.65
1786665600000,1885.47,1886.73,1884.8,1885.5,1352.81
1786666500000,1885.5,1888.03,1884.02,1885.22,1220.4
1786667400000,1885.22,1888.87,1882.44,1888.21,3970.45
1786668300000,1888.21,1888.8,1885.94,1888.8,1360.04
1786669200000,1888.8,1888.8,1885.02,1885.39,1628.76
1786670100000,1885.39,1888.67,1884.04,1885.62,1733.37
1786671000000,1885.62,1888.87,1884.82,1888.7,1119.84
1786671900000,1888.7,1889.57,1887.08,1888.75,1362.29
1786672800000,1888.75,1890.59,1887.04,1887.78,2804.51
1786673700000,1887.78,1888.52,1885.27,1885.98,3035.22
1786674600000,1885.98,1888.05,1885.98,1887.65,875.02
1786675500000,1887.65,1888.56,1885.71,1885.87,1009.56
1786676400000,1885.87,1886.13,1882.73,1885,5241.95
1786677300000,1885,1888.39,1884.82,1886.09,2811.11
1786678200000,1886.09,1886.11,1883,1884.12,2644.87
1786679100000,1884.12,1884.12,1881.07,1882.35,7502.29
1786680000000,1882.35,1884.37,1881.52,1884.32,1789.66
1786680900000,1884.32,1887.15,1884.2,1885.3,3952.76
1786681800000,1885.3,1885.94,1884.89,1884.94,1311.99
1786682700000,1884.94,1885.4,1883.13,1884,536.17
1786683600000,1884,1884.95,1881.71,1882.02,1644.21
1786684500000,1882.02,1882.4,1879.55,1881.91,3540.13
1786685400000,1881.91,1883.74,1881.3,1883,2254.96
1786686300000,1883,1884.05,1882.8,1883.31,1413.82
1786687200000,1883.31,1883.31,1879.82,1879.83,4572.94
1786688100000,1879.83,1879.99,1876.68,1876.77,6172.9
1786689000000,1876.77,1878.66,1875,1876.89,6323.9
1786689900000,1876.89,1877.85,1872,1872.1,10449.46
1786690800000,1872.1,1875.99,1871.26,1874.84,6661.77
1786691700000,1874.84,1877.67,1874.73,1877.07,4145.11
1786692600000,1877.07,1877.26,1873.54,1874.55,6123.07
1786693500000,1874.55,1875.37,1872.48,1872.5,2384.9
1786694400000,1872.5,1874.93,1872.5,1873.18,4051.13
1786695300000,1873.18,1875.21,1868.81,1871.39,12180.05
1786696200000,1871.39,1875.52,1869.59,1873.01,5735.46
1786697100000,1873.01,1878.05,1872.56,1878.05,5133.03
1786698000000,1878.05,1878.45,1874.54,1875.9,3052.65
1786698900000,1875.9,1877.12,1874.35,1874.42,1707.29
1786699800000,1874.42,1874.42,1870.87,1872.22,4740.9
1786700700000,1872.22,1874.87,1872.22,1872.52,3796.7
1786701600000,1872.52,1875.51,1871.83,1874.85,3619.98
1786702500000,1874.85,1877.39,1874.64,1876.35,2944.24
1786703400000,1876.35,1877.57,1875.35,1875.61,1883.37
1786704300000,1875.61,1876.99,1874.16,1875.42,1545.6
1786705200000,1875.42,1877.78,1874.49,1875.74,4883.65
1786706100000,1875.74,1878,1875.17,1876.92,4460.46
1786707000000,1876.92,1880.65,1876.45,1878.81,6584.42
1786707900000,1878.81,1880.16,1877,1877.43,4079.1
1786708800000,1877.43,1878.04,1872.69,1874.97,8685.45
1786709700000,1874.97,1877.75,1874.25,1877.67,2942.92
1786710600000,1877.67,1878.76,1874,1874.13,3655.86
1786711500000,1874.13,1876.07,1872.21,1872.69,3097.17
1786712400000,1872.69,1873.12,1866.44,1869.54,16385.45
1786713300000,1869.54,1872,1866.07,1871,5667.4
1786714200000,1871,1872.03,1865.43,1869.38,9393.56
1786715100000,1869.38,1870.08,1866.01,1869.26,4731.59
1786716000000,1869.26,1871.3,1866,1866.52,5947.14
1786716900000,1866.52,1868.9,1863.4,1867.96,9584.99
1786717800000,1867.96,1872.59,1867.08,1869.81,8239.26
1786718700000,1869.81,1871.4,1863.45,1866.06,6656.37
1786719600000,1866.06,1868.59,1865.17,1867.85,3148.62
1786720500000,1867.85,1878.93,1867.44,1878.91,12175.26
1786721400000,1878.91,1883.83,1875.13,1883.05,25843.24
1786722300000,1883.05,1883.47,1880.53,1880.53,7419.93
1786723200000,1880.53,1882.48,1878.2,1880.01,3983.92
1786724100000,1880.01,1884.5,1879.44,1883.13,4888.2
1786725000000,1883.13,1887.65,1882.51,1885.32,8709.1
1786725900000,1885.32,1885.32,1883.12,1884.47,4220.86
1786726800000,1884.47,1885.36,1882.3,1884.36,2784.87
1786727700000,1884.36,1886.95,1883.6,1884.73,11325.84
1786728600000,1884.73,1886,1881.57,1882.4,2110.41
1786729500000,1882.4,1883.13,1875.71,1877.73,19670.86
1786730400000,1877.73,1877.96,1874.05,1875.54,8214.56
1786731300000,1875.54,1878.05,1874.56,1875.01,2358.33
1786732200000,1875.01,1877.38,1873.5,1876.5,1880.51
1786733100000,1876.5,1876.91,1872.61,1874.78,4722.07
1786734000000,1874.78,1874.88,1872.77,1873.05,2064.87
1786734900000,1873.05,1877.43,1872.78,1876.94,1128.69
1786735800000,1876.94,1879.23,1875.88,1879.01,1614.29
1786736700000,1879.01,1881.28,1878.23,1879.72,5197.13
1786737600000,1879.72,1880.9,1878.7,1878.97,2845.48
1786738500000,1878.97,1879.99,1878.33,1879.15,716.38
1786739400000,1879.15,1879.38,1877.84,1878.73,692.43
1786740300000,1878.73,1879.69,1878.4,1879.51,460.22
1786741200000,1879.51,1880.45,1876.74,1877.88,1524.72
1786742100000,1877.88,1879.5,1876.74,1879.09,1827.77
1786743000000,1879.09,1879.28,1877.01,1877.24,1212.08
1786743900000,1877.24,1878.95,1876.26,1878.49,1345.74
1786744800000,1878.49,1880.51,1876.32,1876.62,2297.43
1786745700000,1876.62,1877.24,1875.05,1875.65,1738.58
1786746600000,1875.65,1879.08,1875.46,1879.07,367.17
1786747500000,1879.07,1879.37,1878.11,1878.68,481.72
1786748400000,1878.68,1880.38,1878.46,1880.22,1521.01
1786749300000,1880.22,1880.5,1878.58,1879.98,1162.72
1786750200000,1879.98,1880.96,1877.66,1879.74,1751.61
1786751100000,1879.74,1882.28,1879.56,1881.59,6577.84
1786752000000,1881.59,1882.55,1880.97,1881.42,3892.25
1786752900000,1881.42,1882.49,1881.24,1882.04,2084.44
1786753800000,1882.04,1882.83,1881.44,1882.13,1540.04
1786754700000,1882.13,1882.39,1881.04,1881.71,768.54
1786755600000,1881.71,1882.16,1880.32,1882.02,1046.05
1786756500000,1882.02,1883.64,1881.48,1883.25,1880.95
1786757400000,1883.25,1883.98,1882.54,1883.09,1300.22
1786758300000,1883.09,1883.5,1883,1883.17,897.2
1786759200000,1883.17,1884.21,1883.17,1884.21,1539.27
1786760100000,1884.21,1884.98,1884.02,1884.03,849.05
1786761000000,1884.03,1884.84,1883.4,1883.68,580.69
1786761900000,1883.68,1884,1883.19,1884,858.96
1786762800000,1884,1885.25,1884,1885.21,1744.49
1786763700000,1885.21,1885.7,1883.65,1883.73,1455.74
1786764600000,1883.73,1883.89,1882.14,1882.23,2688.42
1786765500000,1882.23,1882.39,1881.55,1881.86,1492.9
1786766400000,1881.86,1882.97,1881.86,1882.97,944.4
1786767300000,1882.97,1883.63,1882.49,1883.45,730.14
1786768200000,1883.45,1884.62,1883.36,1884.62,1429.09
1786769100000,1884.62,1884.62,1883.44,1883.44,429.6
1786770000000,1883.44,1884.45,1883,1883.77,993.7
1786770900000,1883.77,1884,1882.28,1882.5,1501.86
1786771800000,1882.5,1882.79,1879.2,1880.48,3250.92
1786772700000,1880.48,1880.8,1878.83,1879.93,2910.83
1786773600000,1879.93,1881.21,1879.5,1879.61,1116.44
1786774500000,1879.61,1880.51,1879.21,1879.65,612.08
1786775400000,1879.65,1881.01,1879.1,1881.01,1643.85
1786776300000,1881.01,1882.86,1880.83,1881.4,1231.56
1786777200000,1881.4,1881.8,1879.74,1881.8,1644.32
1786778100000,1881.8,1881.8,1880.23,1880.39,632.77
1786779000000,1880.39,1880.77,1879.87,1880.33,1340.41
1786779900000,1880.33,1880.33,1879.16,1879.46,1576.45
1786780800000,1879.46,1879.94,1878.45,1879.94,1083.89
1786781700000,1879.94,1881.01,1879.92,1880.34,1673.5
1786782600000,1880.34,1880.34,1877.73,1878.04,1830.93
1786783500000,1878.04,1878.51,1875.59,1876.41,3717.77
1786784400000,1876.41,1877.23,1875.1,1877.09,3162.52
1786785300000,1877.09,1877.94,1876.81,1877.87,1878.23
1786786200000,1877.87,1879.21,1877.76,1879.03,2809.1
1786787100000,1879.03,1880.58,1879.02,1879.82,1082.29
1786788000000,1879.82,1880.14,1877.87,1878.6,1331.27
1786788900000,1878.6,1878.87,1878.46,1878.86,421.11
1786789800000,1878.86,1880.31,1878.39,1879.66,2150.25
1786790700000,1879.66,1880.79,1879.65,1880.46,1777.88
1786791600000,1880.46,1880.95,1879.88,1880.15,555.09
1786792500000,1880.15,1880.16,1879.14,1879.18,1344.6
1786793400000,1879.18,1879.95,1878.84,1879.77,454.28
1786794300000,1879.77,1879.8,1878.44,1878.78,628.83
1786795200000,1878.78,1878.8,1877.81,1877.9,421.35
1786796100000,1877.9,1878.54,1877.79,1877.94,2557.36
1786797000000,1877.94,1878.43,1877.66,1878.2,306.45
1786797900000,1878.2,1883.2,1877.5,1882.97,3899.32
1786798800000,1882.97,1884.11,1881.57,1883.19,3110.34
1786799700000,1883.19,1883.46,1882,1882.17,1181.7
1786800600000,1882.17,1882.98,1881.92,1882.57,1568.31
1786801500000,1882.57,1884.23,1882.11,1882.8,1618.7
1786802400000,1882.8,1882.89,1881.65,1882.4,814.48
1786803300000,1882.4,1882.6,1880.55,1881.38,1636.69
1786804200000,1881.38,1882.19,1881.2,1881.93,954.48
1786805100000,1881.93,1883.79,1881.56,1882.64,1393.27
1786806000000,1882.64,1883.33,1882.27,1882.78,1067.48
1786806900000,1882.78,1884.2,1882.27,1883.4,1018.3
1786807800000,1883.4,1884.96,1883.16,1884.54,2086.75
1786808700000,1884.54,1884.67,1883.89,1883.96,637.55
1786809600000,1883.96,1884.49,1883.32,1883.59,1193.54
1786810500000,1883.59,1884.96,1883.01,1884.8,584.99
1786811400000,1884.8,1884.96,1883.47,1883.63,794.94
1786812300000,1883.63,1884.23,1883.55,1884.08,481.32
1786813200000,1884.08,1884.91,1884.08,1884.91,514.26
1786814100000,1884.91,1885.63,1882,1882.49,2565.33
1786815000000,1882.49,1883.43,1882.45,1883.14,314.24
1786815900000,1883.14,1883.87,1882.9,1883.6,459.13
1786816800000,1883.6,1885,1883.6,1883.61,616.49
1786817700000,1883.61,1884,1881.75,1881.84,958.47
1786818600000,1881.84,1882.23,1881.71,1882.16,277.05
1786819500000,1882.16,1882.27,1881.86,1881.95,321.93
1786820400000,1881.95,1882.51,1881.86,1882.51,576.41
1786821300000,1882.51,1883.88,1882.51,1883.23,1048.33
1786822200000,1883.23,1884,1883.23,1883.59,237.02
1786823100000,1883.59,1884.2,1883.57,1883.7,373.79
1786824000000,1883.7,1883.7,1882.8,1882.8,438
1786824900000,1882.8,1882.8,1882.04,1882.33,342.48
1786825800000,1882.33,1882.35,1881.85,1882.26,348.2
1786826700000,1882.26,1882.65,1882.26,1882.51,266.5
1786827600000,1882.51,1883.5,1882.51,1883.15,194.09
1786828500000,1883.15,1884.18,1883.15,1883.71,1207.14
1786829400000,1883.71,1884.45,1883.44,1884.41,798.35
1786830300000,1884.41,1884.96,1883.58,1884.26,900.5
1786831200000,1884.26,1884.76,1883.39,1883.88,627.28
1786832100000,1883.88,1884.7,1883.51,1884.64,430.16
1786833000000,1884.64,1884.65,1883.61,1883.95,310.51
1786833900000,1883.95,1884.63,1883.58,1883.71,239.11
1786834800000,1883.71,1883.75,1881.11,1882.63,2357.13
1786835700000,1882.63,1882.71,1881.39,1882.23,529.43
1786836600000,1882.23,1882.98,1882.01,1882.49,336.35
1786837500000,1882.49,1882.52,1881.59,1881.93,391.02
1786838400000,1881.93,1882.57,1881.57,1881.64,422.1
1786839300000,1881.64,1881.9,1881.39,1881.88,420.65
1786840200000,1881.88,1882.22,1881.38,1881.95,295.87
1786841100000,1881.95,1882.22,1880.88,1881.74,1309.32
1786842000000,1881.74,1881.74,1879.28,1880.69,1622.88
1786842900000,1880.69,1881.28,1879.75,1879.76,391.37
1786843800000,1879.76,1880.15,1876.33,1880.15,4415.76
1786844700000,1880.15,1880.15,1878.59,1879.89,1097.48
1786845600000,1879.89,1880.61,1878.5,1878.71,875.44
1786846500000,1878.71,1884.45,1878.7,1883.42,3493.6
1786847400000,1883.42,1884.36,1882.64,1883.37,1317.32
1786848300000,1883.37,1883.55,1882.18,1882.85,1840.56
1786849200000,1882.85,1883.29,1882.44,1882.88,516.23
1786850100000,1882.88,1883.33,1882.43,1882.53,407.47
1786851000000,1882.53,1883.14,1882.53,1882.98,297.86
1786851900000,1882.98,1882.98,1881.99,1882.35,460.54
1786852800000,1882.35,1882.71,1881.83,1882.07,992.91
1786853700000,1882.07,1883.6,1881.8,1883.28,493.67
1786854600000,1883.28,1883.28,1881.44,1881.88,363.6
1786855500000,1881.88,1881.95,1880,1880.98,969.57
1786856400000,1880.98,1881.3,1880.3,1881,1554.7
1786857300000,1881,1881.07,1879.01,1879.91,1007.04
1786858200000,1879.91,1880.79,1879.54,1880.21,201.63
1786859100000,1880.21,1880.21,1878.43,1879.15,1424.11
1786860000000,1879.15,1879.91,1879.02,1879.14,557.35
1786860900000,1879.14,1879.5,1878.18,1879.5,1143.72
1786861800000,1879.5,1880.19,1878.92,1879.96,575.23
1786862700000,1879.96,1881.1,1879.73,1879.82,2878.34
1786863600000,1879.82,1879.93,1879.1,1879.85,729.34
1786864500000,1879.85,1881,1879.85,1880.75,559.52
1786865400000,1880.75,1880.75,1880.38,1880.39,268.38
1786866300000,1880.39,1880.9,1880.39,1880.8,168.09
1786867200000,1880.8,1880.87,1879.95,1879.96,553.1
1786868100000,1879.96,1880.31,1879.93,1879.99,230.78
1786869000000,1879.99,1880.5,1879.65,1879.66,1009.02
1786869900000,1879.66,1880.21,1879.61,1880.11,614.82
1786870800000,1880.11,1881.3,1880.07,1881.3,369.55
1786871700000,1881.3,1881.69,1880.88,1880.93,506.11
1786872600000,1880.93,1881.28,1879,1879.15,1413.68
1786873500000,1879.15,1880.75,1878.28,1879.58,1322.6
1786874400000,1879.58,1879.99,1879,1879.01,717.82
1786875300000,1879.01,1879.81,1878.96,1879.8,360.41
1786876200000,1879.8,1880.15,1879.4,1880.14,131.71
1786877100000,1880.14,1880.39,1879.87,1880.09,363.05
1786878000000,1880.09,1880.34,1879.92,1880.17,123.38
1786878900000,1880.17,1880.17,1879.42,1879.91,305.62
1786879800000,1879.91,1880.09,1879.59,1879.59,151.19
1786880700000,1879.59,1880.13,1879.2,1880.12,1485.5
1786881600000,1880.12,1880.13,1879.2,1879.21,325.37
1786882500000,1879.21,1879.9,1879.2,1879.89,697.47
1786883400000,1879.89,1879.89,1878.49,1878.72,506.27
1786884300000,1878.72,1879.33,1878.71,1879.1,579.73
1786885200000,1879.1,1880.46,1879.09,1880.05,849.84
1786886100000,1880.05,1880.65,1879.96,1880.27,633.66
1786887000000,1880.27,1881.13,1879.93,1880.75,1567.58
1786887900000,1880.75,1880.99,1880.55,1880.93,456.58
1786888800000,1880.93,1881.96,1880.93,1881.62,1063.76
1786889700000,1881.62,1883.6,1880.81,1881,3671.71
1786890600000,1881,1882.89,1880.99,1881.8,1503.98
1786891500000,1881.8,1882.6,1881.8,1882.59,549.82
1786892400000,1882.59,1882.85,1882.41,1882.45,735.2
1786893300000,1882.45,1883,1882.45,1882.99,594.02
1786894200000,1882.99,1883.96,1881,1881.58,2924.26
1786895100000,1881.58,1883.77,1881.58,1883.09,941.88
1786896000000,1883.09,1884.5,1882.99,1884.49,6599.06
1786896900000,1884.49,1888.5,1884.17,1887.16,8336.93
1786897800000,1887.16,1891.67,1887.16,1889.08,8164.54
1786898700000,1889.08,1889.82,1887.23,1888.53,2383.55
1786899600000,1888.53,1890,1886.63,1887.07,2950.95
1786900500000,1887.07,1887.18,1885.46,1886.41,2170.88
1786901400000,1886.41,1886.49,1883,1884,3393.57
1786902300000,1884,1885.55,1883.92,1884.38,802.02
1786903200000,1884.38,1885.13,1881.54,1883.82,3286.42
1786904100000,1883.82,1885.61,1883.74,1885.37,1097.66
1786905000000,1885.37,1885.62,1883.67,1884.38,870.14
1786905900000,1884.38,1885.12,1884.19,1884.67,482.06
1786906800000,1884.67,1886.39,1884.67,1885.67,1515.56
1786907700000,1885.67,1887.06,1885.4,1887.06,619.05
1786908600000,1887.06,1888.29,1884.22,1884.88,1996.82
1786909500000,1884.88,1885.55,1883.56,1884.99,1370.24
1786910400000,1884.99,1886.3,1884.52,1886.05,988.38
1786911300000,1886.05,1887,1885.33,1885.47,4474.15
1786912200000,1885.47,1885.49,1882.05,1883.11,4825.7
1786913100000,1883.11,1883.5,1880.98,1881.26,5309.98
1786914000000,1881.26,1882.35,1879.45,1881.52,5439.95
1786914900000,1881.52,1882.3,1878.47,1879.61,2766.41
1786915800000,1879.61,1880.75,1868.24,1873.99,17314.9
1786916700000,1873.99,1876.29,1871.27,1874.79,4170.06
1786917600000,1874.79,1877.29,1869.65,1876.96,6627.08
1786918500000,1876.96,1877.46,1873.8,1874.63,2754.77
1786919400000,1874.63,1874.69,1868.23,1872.88,7606.87
1786920300000,1872.88,1875.68,1871.63,1875.59,2352.56
1786921200000,1875.59,1876.76,1873.01,1873.01,2135.4
1786922100000,1873.01,1875.47,1873.01,1873.27,1065.57
1786923000000,1873.27,1875.55,1872.83,1875.49,1017.22
1786923900000,1875.49,1876.8,1874.73,1875.41,2399.82
1786924800000,1875.41,1876.25,1873.78,1875.37,1720.6
1786925700000,1875.37,1876.25,1871.81,1876.24,6829.77
1786926600000,1876.24,1877.69,1872.62,1877.41,4610.99
1786927500000,1877.41,1879.44,1874.39,1878.35,8161.96
1786928400000,1878.35,1896.16,1877.58,1888.71,34769.28
1786929300000,1888.71,1895.78,1887.54,1893.67,12268.43
1786930200000,1893.67,1896.4,1891.4,1893.73,5716.55
1786931100000,1893.73,1894.49,1890.38,1890.48,2539.41
1786932000000,1890.48,1892,1887.8,1889.3,4960.75
1786932900000,1889.3,1894.16,1888,1892.78,3404.05
1786933800000,1892.78,1896,1891.32,1894.78,6526.67
1786934700000,1894.78,1907.31,1894.47,1901.31,42490.99
1786935600000,1901.31,1903.33,1900.59,1901.83,6772.4
1786936500000,1901.83,1902.33,1896.98,1897.32,8655.7
1786937400000,1897.32,1899.6,1896.77,1898.9,3892.81
1786938300000,1898.9,1902,1898.37,1899.96,4224.93
1786939200000,1899.96,1903.36,1899.96,1902.67,6498.65
1786940100000,1902.67,1903.72,1901.35,1901.51,2379.6
1786941000000,1901.51,1902.18,1900.19,1901.25,2379.25
1786941900000,1901.25,1903.66,1901.23,1902.33,2976.12
1786942800000,1902.33,1902.63,1898.88,1900.1,4079.95
1786943700000,1900.1,1903,1899.91,1900.38,2247.16
1786944600000,1900.38,1900.39,1897.15,1897.91,2328.66
1786945500000,1897.91,1899.33,1897.41,1898.72,1691.86
1786946400000,1898.72,1900.54,1897.01,1900.11,6310.86
1786947300000,1900.11,1901.08,1899,1900.4,3243.89
1786948200000,1900.4,1902.26,1899.79,1902.24,2017.8
1786949100000,1902.24,1911.6,1902.17,1905.94,26356.03
1786950000000,1905.94,1906.82,1902.2,1904.2,11791.17
1786950900000,1904.2,1904.93,1901.45,1904.3,5714.62
1786951800000,1904.3,1904.31,1901.6,1901.6,1899.47
1786952700000,1901.6,1901.79,1899.56,1899.97,2890.51
1786953600000,1899.97,1900.83,1892.02,1894.76,17375.16
1786954500000,1894.76,1895.85,1890.71,1894.67,6954.72
1786955400000,1894.67,1894.85,1892.07,1892.65,2909.65
1786956300000,1892.65,1894.6,1891.19,1893.56,3753.19
1786957200000,1893.56,1896.68,1893.56,1896.01,4969.26
1786958100000,1896.01,1896.65,1893.28,1895.01,2219.58
1786959000000,1895.01,1895.15,1892.61,1893.13,2723.75
1786959900000,1893.13,1893.69,1892.33,1893.27,1932.29
1786960800000,1893.27,1893.48,1891.78,1893,1308.44
1786961700000,1893,1898.27,1891.5,1898.17,3774.53
1786962600000,1898.17,1906.25,1897.48,1906.25,13896.79
1786963500000,1906.25,1908.69,1903.7,1906.21,14074.23
1786964400000,1906.21,1906.83,1904.65,1906.05,6318.76
1786965300000,1906.05,1906.4,1904.23,1904.99,2065.28
1786966200000,1904.99,1906,1904.34,1905.2,4264.44
1786967100000,1905.2,1907.82,1902.89,1903.52,4451.97
1786968000000,1903.52,1905.75,1901.17,1903.39,5298.47
1786968900000,1903.39,1903.59,1897.36,1898.01,7185.94
1786969800000,1898.01,1900.2,1895.39,1897.37,3999.97
1786970700000,1897.37,1899.27,1896.66,1898.13,2776.14
1786971600000,1898.13,1899.73,1896.64,1898.31,2572.64
1786972500000,1898.31,1898.31,1895.03,1897.6,6373.79
1786973400000,1897.6,1908.38,1896.4,1903.51,15403.12
1786974300000,1903.51,1906.66,1901.75,1903.98,5158.32
1786975200000,1903.98,1904.16,1898.42,1901.23,5107.6
1786976100000,1901.23,1902.86,1897.25,1898.82,3805.27
1786977000000,1898.82,1901.74,1897.47,1900.21,1823.26
1786977900000,1900.21,1909.82,1900.05,1908.59,11137.18
1786978800000,1908.59,1908.9,1903.55,1904.02,7813.61
1786979700000,1904.02,1909.97,1903.55,1908.33,7986.48
1786980600000,1908.33,1909.71,1906.08,1908.63,5999.85
1786981500000,1908.63,1914.66,1908.27,1912.21,19252.82
1786982400000,1912.21,1912.99,1907.5,1907.96,6063.02
1786983300000,1907.96,1909.86,1907.06,1907.06,3945.88
1786984200000,1907.06,1910,1906.52,1906.53,2276.08
1786985100000,1906.53,1908.17,1904.4,1906.23,2128.35
1786986000000,1906.23,1906.39,1904,1904.09,2639.35
1786986900000,1904.09,1913.44,1903.84,1907.46,14329.13
1786987800000,1907.46,1908.72,1903.55,1906.77,4444.64
1786988700000,1906.77,1908.99,1906.77,1908,2884.16
1786989600000,1908,1908.93,1906.14,1907.75,2152.52
1786990500000,1907.75,1912,1907.53,1909.6,10954.19
1786991400000,1909.6,1910.26,1907.53,1909.78,1571.65
1786992300000,1909.78,1910.37,1908.15,1908.98,8650.05
1786993200000,1908.98,1909.26,1905.67,1905.67,3407.76
1786994100000,1905.67,1909.77,1905.56,1908.83,3364.96
1786995000000,1908.83,1910,1906.72,1908.63,1935.63
1786995900000,1908.63,1908.74,1906.08,1906.33,2192.76
1786996800000,1906.33,1906.61,1904.72,1905.63,3101.07
1786997700000,1905.63,1908.3,1903.82,1907.78,2259.31
1786998600000,1907.78,1909.62,1906.28,1909.46,1604.52
1786999500000,1909.46,1909.84,1904.35,1905.78,4794.04
1787000400000,1905.78,1907.87,1905.36,1907.14,1332.24
1787001300000,1907.14,1907.7,1905.11,1905.17,682.28
1787002200000,1905.17,1906.75,1904.92,1905.35,972.22
1787003100000,1905.35,1906.15,1904.98,1905.48,901.91
1787004000000,1905.48,1907.19,1904.2,1904.35,1091.43
1787004900000,1904.35,1905.16,1902.66,1903.29,2144.44
1787005800000,1903.29,1904.42,1902.79,1903.63,991.31
1787006700000,1903.63,1904.11,1903.14,1903.6,575.56
1787007600000,1903.6,1907.78,1903.01,1907.11,1772.65
1787008500000,1907.11,1914.49,1907.1,1914.49,6804.97
1787009400000,1914.49,1917.95,1911.51,1911.59,15694.15
1787010300000,1911.59,1913.87,1911.3,1912.69,3226.47
1787011200000,1912.69,1913.67,1909.43,1909.91,2775.27
1787012100000,1909.91,1912.39,1909.9,1911.15,2837.08
1787013000000,1911.15,1911.35,1907.75,1909.18,3123.62
1787013900000,1909.18,1909.57,1908.17,1909.42,1581.08
1787014800000,1909.42,1909.67,1905.38,1907.14,3667.3
1787015700000,1907.14,1907.63,1906.09,1906.57,3015.79
1787016600000,1906.57,1907.2,1903,1904.28,2551.94
1787017500000,1904.28,1904.28,1899,1900.71,16288.81
1787018400000,1900.71,1902.89,1899,1899.01,5150.05
1787019300000,1899.01,1899.96,1896.72,1897.01,8191.1
1787020200000,1897.01,1897.56,1893.3,1893.62,8884.82
1787021100000,1893.62,1895.9,1888,1892.53,23530.53
1787022000000,1892.53,1894.73,1890.81,1890.93,3460.86
1787022900000,1890.93,1893.28,1888.49,1890.37,6033.6
1787023800000,1890.37,1894.78,1885.01,1894.71,17538.01
1787024700000,1894.71,1894.71,1893,1894,4367.66
1787025600000,1894,1894.89,1890.72,1894.33,2612.34
1787026500000,1894.33,1894.37,1893.01,1894.08,2488.83
1787027400000,1894.08,1896.75,1894.08,1895.96,4764.54
1787028300000,1895.96,1896.87,1895.06,1895.87,1743.82
1787029200000,1895.87,1897.86,1894.33,1896.99,4066.76
1787030100000,1896.99,1897.76,1894.98,1895.21,3955.83
1787031000000,1895.21,1896,1891.71,1895.88,5177.16
1787031900000,1895.88,1896.04,1894.3,1894.73,2215.31
1787032800000,1894.73,1896.35,1892.62,1895.33,1941.36
1787033700000,1895.33,1899.87,1895.23,1899.23,6277.12
1787034600000,1899.23,1906,1899.23,1904.48,11045.38
1787035500000,1904.48,1905.2,1900.17,1901.97,4642.27
1787036400000,1901.97,1902.5,1900.51,1901.45,4025.11
1787037300000,1901.45,1901.99,1898.48,1898.48,1807.47
1787038200000,1898.48,1901.41,1897.69,1899.51,4088.78
1787039100000,1899.51,1899.51,1896,1897.64,2587.98
1787040000000,1897.64,1897.95,1892.52,1896.22,10037.95
1787040900000,1896.22,1899.41,1895.97,1896.91,3316.39
1787041800000,1896.91,1901.1,1896.53,1899.24,2541.73
1787042700000,1899.24,1899.51,1897.21,1899.51,1342
1787043600000,1899.51,1899.51,1897.08,1898.02,756.08
1787044500000,1898.02,1898.18,1894.44,1895.21,2391
1787045400000,1895.21,1896.89,1894.83,1895.67,1803.48
1787046300000,1895.67,1896.74,1895,1895.84,679.17
1787047200000,1895.84,1897.5,1894.32,1895.31,2049.42
1787048100000,1895.31,1896.27,1894.33,1896.1,935.09
1787049000000,1896.1,1898.39,1896,1896.5,3066.74
1787049900000,1896.5,1897.61,1896.5,1897.18,1887.66
1787050800000,1897.18,1901.2,1896.8,1901.2,6215.63
1787051700000,1901.2,1904.66,1901.17,1903.71,5177.82
1787052600000,1903.71,1904.38,1902.7,1903.61,3775.9
1787053500000,1903.61,1904.36,1901.55,1902.08,2084.67
1787054400000,1902.08,1903,1900.03,1900.5,2297.65
1787055300000,1900.5,1901.8,1899.57,1900.55,1251.61
1787056200000,1900.55,1900.87,1898.36,1898.68,1766.41
1787057100000,1898.68,1900.06,1898.11,1898.58,1505.35
1787058000000,1898.58,1898.58,1896.2,1897.26,4522.42
1787058900000,1897.26,1897.26,1894.8,1894.99,3465.41
1787059800000,1894.99,1898.94,1893,1896.28,13328.98
1787060700000,1896.28,1899.28,1894,1897,6099.85
1787061600000,1897,1901.31,1896.72,1897.13,5825.95
1787062500000,1897.13,1919.1,1896.64,1917.14,51524.25
1787063400000,1917.14,1922.28,1910,1911.26,38405.03
1787064300000,1911.26,1914.68,1908,1910.12,11278.59
1787065200000,1910.12,1915.82,1907.07,1911.43,12007.57
1787066100000,1911.43,1915.88,1911.07,1914.71,7070.93
1787067000000,1914.71,1918.35,1914.1,1915.64,5257.17
1787067900000,1915.64,1917.48,1914.35,1916.52,5783.83
1787068800000,1916.52,1918.27,1913.09,1913.67,6460.4
1787069700000,1913.67,1914.86,1912.34,1912.66,3277.91
1787070600000,1912.66,1917.76,1911.42,1916.98,5066.13
1787071500000,1916.98,1921.61,1916.54,1917.37,9324.18
1787072400000,1917.37,1917.51,1913.44,1914.82,2580.16
1787073300000,1914.82,1915.97,1913.21,1915.23,1241.77
1787074200000,1915.23,1915.34,1911.81,1912.95,5119
1787075100000,1912.95,1913.45,1910.19,1910.27,1568.54
1787076000000,1910.27,1913.3,1909.57,1913.3,4822.86
1787076900000,1913.3,1915.57,1913.09,1915.43,2561.94
1787077800000,1915.43,1916.5,1914.76,1914.98,1482.44
1787078700000,1914.98,1916.26,1914.51,1915.45,1047.27
1787079600000,1915.45,1915.52,1913.3,1913.3,1392.11
1787080500000,1913.3,1916.7,1912.47,1915.75,1720.11
1787081400000,1915.75,1916.02,1913.74,1913.84,2093.06
1787082300000,1913.84,1914.37,1912.01,1912.46,1798.11
1787083200000,1912.46,1913.76,1910.95,1913.66,1745.06
1787084100000,1913.66,1913.66,1911.1,1911.94,2233.56
1787085000000,1911.94,1914.81,1911.6,1912.68,2126.01
1787085900000,1912.68,1913.11,1910.68,1911.72,3270.82
1787086800000,1911.72,1914.04,1911.72,1912.63,752.72
1787087700000,1912.63,1913.13,1911.93,1912.41,1229.18
1787088600000,1912.41,1912.48,1910.19,1910.65,1855.8
1787089500000,1910.65,1911.51,1910.22,1911.17,770.08
1787090400000,1911.17,1913.88,1910.7,1912.69,3089.69
1787091300000,1912.69,1914.27,1912.09,1913.69,1789.28
1787092200000,1913.69,1914.55,1912.58,1912.77,2535.73
1787093100000,1912.77,1913.03,1911.55,1912.51,2540.46
1787094000000,1912.51,1916.12,1912.06,1915.99,4297.41
1787094900000,1915.99,1918.6,1915.77,1917.5,6827.72
1787095800000,1917.5,1919.31,1917.5,1918.32,3318.98
1787096700000,1918.32,1919.29,1916.23,1917.04,4212.57
1787097600000,1917.04,1917.86,1910.85,1912.58,6992.99
1787098500000,1912.58,1918.32,1911.26,1915.45,3325.27
1787099400000,1915.45,1917.17,1913,1913.92,2273.5
1787100300000,1913.92,1914.87,1912.21,1912.53,1987.2
1787101200000,1912.53,1917.28,1912,1915.52,4662.09
1787102100000,1915.52,1915.67,1911.2,1914.46,3857.96
1787103000000,1914.46,1914.78,1911.74,1912.95,2689.6
1787103900000,1912.95,1914,1911.81,1912.49,4227.56
1787104800000,1912.49,1912.88,1909.95,1911.52,5265.66
1787105700000,1911.52,1911.72,1906.1,1909.44,7685.97
1787106600000,1909.44,1909.48,1907.41,1908.2,4185.53
1787107500000,1908.2,1909.72,1906.5,1906.76,2087.63
1787108400000,1906.76,1910.98,1905.28,1910.53,6846.43
1787109300000,1910.53,1914.6,1910.5,1911.8,5788.13
1787110200000,1911.8,1911.89,1909.86,1911,1856.54
1787111100000,1911,1913.08,1910.14,1911.14,1239.6
1787112000000,1911.14,1911.14,1909.3,1910.04,947.22
1787112900000,1910.04,1913,1910.04,1911.61,1091.6
1787113800000,1911.61,1913.72,1910.3,1910.77,2202.89
1787114700000,1910.77,1911.93,1909.23,1909.78,2267.65
1787115600000,1909.78,1913.3,1909.43,1912.3,1850.51
1787116500000,1912.3,1913,1910.07,1912.73,1697.93
1787117400000,1912.73,1913.1,1911.27,1911.76,777.28
1787118300000,1911.76,1911.8,1908.75,1909.41,1951.58
1787119200000,1909.41,1910.35,1905.61,1906.3,5213.9
1787120100000,1906.3,1912.37,1906.25,1910.13,4529.17
1787121000000,1910.13,1911.45,1908.81,1911.34,3570.71
1787121900000,1911.34,1916.55,1911.34,1916.54,10417.62
1787122800000,1916.54,1919.95,1914.33,1919.95,10030.85
1787123700000,1919.95,1919.95,1916.53,1916.56,4059.83
1787124600000,1916.56,1920.31,1916.25,1918.49,6241.42
1787125500000,1918.49,1919.38,1914.41,1914.86,6820.4
1787126400000,1914.86,1916.99,1914.6,1914.61,2477.38
1787127300000,1914.61,1916,1913.89,1915.99,2192.38
1787128200000,1915.99,1929,1915.82,1923.13,28378.71
1787129100000,1923.13,1925.3,1920.33,1920.34,8230.03
1787130000000,1920.34,1922.89,1920.08,1921.34,4591.09
1787130900000,1921.34,1922.33,1919.82,1919.99,2517.7
1787131800000,1919.99,1920.07,1917.12,1917.43,4997.6
1787132700000,1917.43,1918.22,1917.03,1918.17,3649.03
1787133600000,1918.17,1918.17,1916.67,1917.76,1887.29
1787134500000,1917.76,1918.5,1916.22,1917.38,2751.48
1787135400000,1917.38,1918.39,1916.46,1918.07,3299.1
1787136300000,1918.07,1919.54,1917.99,1919.31,2260.91
1787137200000,1919.31,1924.96,1919.01,1923.77,10412.14
1787138100000,1923.77,1923.77,1919.44,1921.19,6651.24
1787139000000,1921.19,1923,1921.01,1921.13,2801.28
1787139900000,1921.13,1922.26,1921.13,1922.04,1723.81
1787140800000,1922.04,1923.08,1921.5,1923.08,2686.81
1787141700000,1923.08,1923.36,1921.78,1922.39,835.36
1787142600000,1922.39,1932.68,1921.52,1932.03,28189.19
1787143500000,1932.03,1942.49,1931.17,1935.97,39476.17
1787144400000,1935.97,1937.44,1931.59,1934.5,12324.57
1787145300000,1934.5,1938.18,1934.25,1936.43,7438.08
1787146200000,1936.43,1940.54,1927.08,1931.62,32964.04
1787147100000,1931.62,1933.95,1927.59,1931.76,7917.2
1787148000000,1931.76,1938.22,1931.74,1936.04,10617.88
1787148900000,1936.04,1938.44,1934.31,1935.18,5802.9
1787149800000,1935.18,1940,1931.82,1939,8820.27
1787150700000,1939,1979.98,1938.38,1969.8,105501.35
1787151600000,1969.8,2019.63,1966.32,2010.96,172399.51
1787152500000,2010.96,2118.44,2007.21,2074.67,280624
1787153400000,2074.67,2089.08,2056,2086.48,88600.61
1787154300000,2086.48,2089,2075.69,2085.31,47639.62
1787155200000,2085.31,2107.44,2081.58,2089.07,74106.73
1787156100000,2089.07,2103.06,2088.93,2099.69,26094.43
1787157000000,2099.69,2100.97,2083.6,2088.1,28734.89
1787157900000,2088.1,2092.95,2085.21,2088.59,12737.55
1787158800000,2088.59,2089.93,2077.26,2078.49,22048.17
1787159700000,2078.49,2079.09,2065.78,2077.56,26378.99
1787160600000,2077.56,2086,2069.9,2084.79,15567.35
1787161500000,2084.79,2092.29,2084.3,2089.98,11246.45
1787162400000,2089.98,2091.57,2078,2084.3,8232.72
1787163300000,2084.3,2088.67,2083.6,2085.9,3873.45
1787164200000,2085.9,2090.71,2084.5,2089.32,2913.84
1787165100000,2089.32,2091.65,2087,2090.64,6165.6
1787166000000,2090.64,2102.5,2087.58,2089.08,21026.05
1787166900000,2089.08,2100.2,2089,2091.82,10376.76
1787167800000,2091.82,2100,2090.27,2098.4,6860.99
1787168700000,2098.4,2104.71,2096.02,2100.83,10908.6
1787169600000,2100.83,2119.73,2100.8,2112.07,42531.77
1787170500000,2112.07,2132.44,2107.02,2125.01,31783.12
1787171400000,2125.01,2128.86,2120.83,2123.52,11738.92
1787172300000,2123.52,2246.04,2121.84,2217.85,167442.91
1787173200000,2217.85,2337.54,2215.6,2260.18,237296.73
1787174100000,2260.18,2294.99,2255.37,2283.16,50768.19
1787175000000,2283.16,2298.79,2268.08,2285.05,40025.04
1787175900000,2285.05,2308.12,2277.49,2286.14,36395.69
1787176800000,2286.14,2290.47,2260.8,2267.33,32884.32
1787177700000,2267.33,2273.49,2256.24,2256.49,22835.06
1787178600000,2256.49,2266.67,2240.63,2258.06,35059.32
1787179500000,2258.06,2259.15,2243,2249.71,21475.87
1787180400000,2249.71,2251.99,2242.35,2245.55,17668.22
1787181300000,2245.55,2254.77,2243.03,2251.89,18577.37
1787182200000,2251.89,2261.74,2245.32,2256.6,12558.77
1787183100000,2256.6,2257.01,2246.57,2252.05,12029.35
1787184000000,2252.05,2261.65,2250.93,2258.34,13794.94
1787184900000,2258.34,2269.15,2256.42,2263.35,18221.19
1787185800000,2263.35,2272.96,2260.6,2267.9,9693.78
1787186700000,2267.9,2273.45,2257.35,2261.57,17681.67
1787187600000,2261.57,2267.5,2248.69,2256.25,21163.14
1787188500000,2256.25,2259.95,2251.52,2253.89,6065.98
1787189400000,2253.89,2265.89,2251.4,2264.43,11193.6
1787190300000,2264.43,2269.99,2263.84,2265.42,5320.22
1787191200000,2265.42,2269.74,2263.16,2267.27,2793.66
1787192100000,2267.27,2267.94,2256.36,2257.33,4348.09
1787193000000,2257.33,2261.75,2253.29,2256.4,7124.1
1787193900000,2256.4,2257.21,2249.04,2250.94,7185.61
1787194800000,2250.94,2251.5,2222,2227.53,57280.94
1787195700000,2227.53,2242.65,2227.41,2233.65,12981.72
1787196600000,2233.65,2252.14,2233.6,2250.35,35868.19
1787197500000,2250.35,2258.56,2249.26,2250.68,17983.53
1787198400000,2250.68,2258.29,2248.58,2255.3,5388.9
1787199300000,2255.3,2256.8,2252.51,2255.59,2924.45
1787200200000,2255.59,2256,2247.77,2250.44,8873.79
1787201100000,2250.44,2257.22,2249.7,2249.7,4250.47
1787202000000,2249.7,2254.49,2248.85,2248.89,4290.84
1787202900000,2248.89,2256.33,2248.8,2251.17,2765.53
1787203800000,2251.17,2253.77,2249.75,2251.09,1536.58
1787204700000,2251.09,2251.09,2242.79,2247.79,6027.84
1787205600000,2247.79,2248.4,2238.16,2242.71,17836.27
1787206500000,2242.71,2254.99,2241.4,2250.55,16090.73
1787207400000,2250.55,2263.5,2250.4,2261.44,18305.39
1787208300000,2261.44,2266.73,2260.63,2261.93,10361.8
1787209200000,2261.93,2263,2255.56,2255.56,8082.36
1787210100000,2255.56,2257.3,2247.79,2252.33,17250.45
1787211000000,2252.33,2252.33,2244.45,2245.1,14258.9
1787211900000,2245.1,2251.84,2244.07,2251.69,5090.82
1787212800000,2251.69,2287.58,2248.85,2284,52233.27
1787213700000,2284,2284.28,2269.94,2277.63,32301.3
1787214600000,2277.63,2278,2264.75,2274.9,13032.52
1787215500000,2274.9,2285.88,2273,2281.77,13568.11
1787216400000,2281.77,2296.57,2276.74,2294.06,35015.89
1787217300000,2294.06,2297.52,2283.21,2283.21,33438.54
1787218200000,2283.21,2293.31,2277.11,2288.25,15221.3
1787219100000,2288.25,2289.5,2274.11,2278.06,11709.95
1787220000000,2278.06,2288.73,2274.81,2287.56,9200.02
1787220900000,2287.56,2294.47,2281.56,2284.98,11069.22
1787221800000,2284.98,2286.95,2279.81,2280.55,10386.92
1787222700000,2280.55,2286.36,2279.28,2285.88,4128.35
1787223600000,2285.88,2294.59,2281.01,2287.28,16052.32
1787224500000,2287.28,2295,2283.81,2293.56,5917.95
1787225400000,2293.56,2315.6,2292.15,2306.13,43837.19
1787226300000,2306.13,2318.56,2292.55,2295.47,49887.55
1787227200000,2295.47,2299.98,2266.99,2273.18,68221.64
1787228100000,2273.18,2281.28,2271.77,2278.02,9419.72
1787229000000,2278.02,2284,2273,2279.89,10355.26
1787229900000,2279.89,2293.13,2266.75,2289.48,38194.41
1787230800000,2289.48,2297.9,2285.83,2293.7,12388.74
1787231700000,2293.7,2294.86,2286.47,2287.22,9861.29
1787232600000,2287.22,2287.81,2255,2273.99,57792.85
1787233500000,2273.99,2281.86,2264.77,2275.95,13847.7
1787234400000,2275.95,2288.5,2274.56,2280,14949.21
1787235300000,2280,2281.94,2270.24,2273.18,7844.28
1787236200000,2273.18,2286.11,2272.31,2276.14,10762.24
1787237100000,2276.14,2280.65,2270.4,2280.41,6582.77
1787238000000,2280.41,2306.56,2280.41,2297.12,41097.79
1787238900000,2297.12,2313.92,2291.31,2312.99,39197.52
1787239800000,2312.99,2324,2297.16,2302.64,47334.12
1787240700000,2302.64,2337.47,2301.84,2324.89,62031.1
1787241600000,2324.89,2330.73,2316.46,2318.43,24723.63
1787242500000,2318.43,2325.77,2312.69,2324.8,11173.11
1787243400000,2324.8,2359.47,2319.09,2348.26,54885.52
1787244300000,2348.26,2348.52,2335.58,2343.88,18617.23
1787245200000,2343.88,2344.33,2331.23,2336.68,15110.07
1787246100000,2336.68,2345.64,2334.27,2343.37,7338.84
1787247000000,2343.37,2347.23,2338.11,2343.47,5563.92
1787247900000,2343.47,2350.57,2341.73,2342.84,10249.85
1787248800000,2342.84,2346.8,2324.11,2329.99,23908.37
1787249700000,2329.99,2333.15,2318,2324.61,10169.36
1787250600000,2324.61,2325.55,2309.25,2315.87,18364.2
1787251500000,2315.87,2322.59,2313.04,2315.06,6778.55
1787252400000,2315.06,2323.23,2310.63,2320.13,10962.28
1787253300000,2320.13,2329.4,2319.86,2326.77,9354.78
1787254200000,2326.77,2331.5,2321.85,2328.91,7715.8
1787255100000,2328.91,2330.82,2319.15,2322.63,9408.41
1787256000000,2322.63,2326.44,2318.53,2319.42,4385.17
1787256900000,2319.42,2328.88,2316.07,2326.14,4901.54
1787257800000,2326.14,2330.79,2316.61,2319.26,7508.81
1787258700000,2319.26,2319.6,2312.55,2317.44,8913.36
1787259600000,2317.44,2322.64,2312.25,2321.34,8926.11
1787260500000,2321.34,2325.71,2313.33,2314.13,7195.06
1787261400000,2314.13,2321.79,2313.34,2318.78,3229.72
1787262300000,2318.78,2320.19,2315,2317.79,2282.4
1787263200000,2317.79,2318.4,2306.16,2310.65,10337.32
1787264100000,2310.65,2316.99,2306.76,2313.86,3872.63
1787265000000,2313.86,2314.95,2309.41,2311.09,1699.34
1787265900000,2311.09,2318.07,2310.73,2313.22,1961.01
1787266800000,2313.22,2321.73,2312.09,2321.56,6537.21
1787267700000,2321.56,2339.49,2320.76,2330.65,36024.81
1787268600000,2330.65,2333.79,2323.34,2324.89,5049.96
1787269500000,2324.89,2328.72,2321.92,2325.99,4524.84
1787270400000,2325.99,2339.11,2323.5,2337.04,10895.72
1787271300000,2337.04,2347.71,2330.91,2336.99,23582.57
1787272200000,2336.99,2351.34,2331.05,2336.9,12050.78
1787273100000,2336.9,2350.32,2333.43,2339.85,8966.16
1787274000000,2339.85,2347.54,2337.5,2344.7,7328.69
1787274900000,2344.7,2366.8,2337.56,2352.36,50830.83
1787275800000,2352.36,2369.17,2347.66,2356.87,25420.99
1787276700000,2356.87,2381,2356,2358.67,39223.32
1787277600000,2358.67,2362.33,2341.69,2353.3,28496.55
1787278500000,2353.3,2359.66,2346.25,2358.6,10346.38
1787279400000,2358.6,2364.56,2351.81,2354.95,5980.47
1787280300000,2354.95,2355.33,2343.36,2344.66,7958.15
1787281200000,2344.66,2346.9,2336,2344.12,9206.41
1787282100000,2344.12,2349.74,2339.36,2348.7,8644.78
1787283000000,2348.7,2353.65,2344.71,2348.04,5584.86
1787283900000,2348.04,2353.47,2339.4,2340.02,9133.24
1787284800000,2340.02,2349.88,2340.01,2345.14,6637.43
1787285700000,2345.14,2349.39,2343.15,2343.75,4415.78
1787286600000,2343.75,2350.12,2342.37,2349.38,8346.86
1787287500000,2349.38,2355.13,2348.17,2353.32,6411.92
1787288400000,2353.32,2358.91,2348.66,2357.99,7766.55
1787289300000,2357.99,2361.87,2348.18,2352.84,10983.16
1787290200000,2352.84,2357.22,2350.29,2353.54,4208.74
1787291100000,2353.54,2368,2351.66,2367.37,11631.64
1787292000000,2367.37,2378.33,2362.8,2364.67,19300.37
1787292900000,2364.67,2368.06,2353.87,2359.76,12865.2
1787293800000,2359.76,2373.32,2359.57,2368.33,13960.6
1787294700000,2368.33,2384.96,2363.41,2371.22,17926.93
1787295600000,2371.22,2387.03,2369.7,2385.57,20183.1
1787296500000,2385.57,2397.91,2376.02,2380.13,80379.09
1787297400000,2380.13,2387.92,2371.17,2379.5,22251.18
1787298300000,2379.5,2382.43,2368.01,2371.18,17508.86
1787299200000,2371.18,2391.82,2369.76,2382.87,18424.86
1787300100000,2382.87,2391.61,2378.03,2386.67,17196.94
1787301000000,2386.67,2416.2,2385.35,2409.3,74672.42
1787301900000,2409.3,2449.46,2408.45,2444.69,126118.69
1787302800000,2444.69,2446.94,2375.19,2397.96,146432.84
1787303700000,2397.96,2399.77,2383.15,2388.69,24240.59
1787304600000,2388.69,2411.27,2385.2,2407.27,20088.04
1787305500000,2407.27,2416.61,2390.63,2403.59,22694.18
1787306400000,2403.59,2405.93,2394,2400.7,12933.37
1787307300000,2400.7,2411.4,2390,2399.41,10036.29
1787308200000,2399.41,2401.29,2390.8,2397.11,5943.47
1787309100000,2397.11,2405,2393,2394.63,3968.96
1787310000000,2394.63,2398.65,2376,2385.75,15511.42
1787310900000,2385.75,2388.37,2372.01,2385.41,17070.12
1787311800000,2385.41,2386.45,2355.28,2373.02,37192.56
1787312700000,2373.02,2376.6,2360.82,2370.04,16939.09
1787313600000,2370.04,2379.67,2364.59,2378.32,9664.46
1787314500000,2378.32,2378.38,2368.9,2374.5,16283.06
1787315400000,2374.5,2396.14,2372.46,2393.98,18397.43
1787316300000,2393.98,2397.1,2384.26,2388,16704.08
1787317200000,2388,2396.02,2383.33,2390.39,7312.16
1787318100000,2390.39,2390.76,2381,2385.91,9007.52
1787319000000,2385.91,2398.15,2367.1,2394.55,44805.89
1787319900000,2394.55,2406.98,2381.31,2386.9,26728.71
1787320800000,2386.9,2387.27,2373.33,2378.62,17756.27
1787321700000,2378.62,2392.09,2368.19,2391.84,18953.85
1787322600000,2391.84,2396.98,2376.01,2385.42,11601.11
1787323500000,2385.42,2393.94,2385.15,2393.15,4224.45
1787324400000,2393.15,2405.67,2390.45,2401.93,9242.38
1787325300000,2401.93,2407.99,2395.72,2397.68,7258.12
1787326200000,2397.68,2402.62,2393.04,2399.14,9460.71
1787327100000,2399.14,2402.84,2391,2392.71,13193.54
1787328000000,2392.71,2396.54,2383.08,2383.49,17872.1
1787328900000,2383.49,2402.2,2382.57,2401.9,15367.07
1787329800000,2401.9,2402.3,2397.66,2400.32,5890.54
1787330700000,2400.32,2412.6,2400,2405.33,20645.93
1787331600000,2405.33,2421.74,2403.6,2414.99,26953.81
1787332500000,2414.99,2415.64,2400.61,2415.61,14817.26
1787333400000,2415.61,2425.33,2413.18,2418.96,20808.19
1787334300000,2418.96,2426.88,2415.49,2422.73,9249.55
1787335200000,2422.73,2426.53,2415,2421,8872.57
1787336100000,2421,2431.26,2421,2423.39,7148.58
1787337000000,2423.39,2425.43,2404.53,2407.2,23758.21
1787337900000,2407.2,2421.41,2394.25,2419.41,24604.34
1787338800000,2419.41,2420.09,2406.1,2414.37,6282.72
1787339700000,2414.37,2418.62,2406.69,2417.43,5910.96
1787340600000,2417.43,2419.74,2412.78,2416.46,2021.83
1787341500000,2416.46,2417.7,2411.33,2412.37,2545.5
1787342400000,2412.37,2430,2406.94,2424.85,16828.26
1787343300000,2424.85,2447.49,2424.48,2444.67,32033.85
1787344200000,2444.67,2444.68,2431.77,2436.69,6926.37
1787345100000,2436.69,2444.16,2425.94,2439.99,6154.8
1787346000000,2439.99,2460,2433.21,2448.47,37270.83
1787346900000,2448.47,2489.66,2443.03,2479.57,59809.69
1787347800000,2479.57,2498.62,2475.79,2484.79,26256.28
1787348700000,2484.79,2522.99,2482.28,2513.46,36127.56
1787349600000,2513.46,2548.92,2507.05,2542.97,48170.3
1787350500000,2542.97,2544.73,2529.02,2534,27593.29
1787351400000,2534,2535.79,2510.24,2529.43,27337.28
1787352300000,2529.43,2529.93,2513,2521.99,14861.55
1787353200000,2521.99,2526.97,2515.11,2524.06,12208.26
1787354100000,2524.06,2547.71,2521.19,2525.39,48172.75
1787355000000,2525.39,2530.99,2511.75,2523.29,13657.39
1787355900000,2523.29,2525,2509.1,2515.43,15221.29
1787356800000,2515.43,2522.74,2490.22,2501.23,23257.88
1787357700000,2501.23,2511.52,2498.11,2505.83,10212.44
1787358600000,2505.83,2515.33,2503,2508.39,6100.92
1787359500000,2508.39,2522.16,2503.3,2521.51,8699.79
1787360400000,2521.51,2528,2517.3,2519.11,20347.31
1787361300000,2519.11,2524.64,2514.57,2517.03,5897.55
1787362200000,2517.03,2526.94,2509.74,2512.82,27066.4
1787363100000,2512.82,2522.77,2505.13,2505.41,8983.69
1787364000000,2505.41,2511.47,2502.16,2508.1,7977.95
1787364900000,2508.1,2522,2507.4,2518.02,6364.85
1787365800000,2518.02,2521.26,2494.35,2509.21,18850.63
1787366700000,2509.21,2514.96,2503.17,2514.93,7840.94
1787367600000,2514.93,2520.69,2510.95,2511.9,8265.27
1787368500000,2511.9,2526.23,2511.42,2518.77,9653.55
1787369400000,2518.77,2522.88,2511.61,2516.47,8084.19
1787370300000,2516.47,2522,2513,2513.77,3071.59
1787371200000,2513.77,2519.26,2508.46,2518.69,6490.13
1787372100000,2518.69,2518.69,2504.64,2515.91,12713.22
1787373000000,2515.91,2529.28,2513,2526.82,12941.37
1787373900000,2526.82,2526.93,2512.68,2513.18,12379.68
1787374800000,2513.18,2517.46,2381.2,2443.54,269275.63
1787375700000,2443.54,2452.46,2407.27,2437.26,55987.5
1787376600000,2437.26,2448.46,2421.28,2432.63,20027.29
1787377500000,2432.63,2444.66,2426.81,2439.3,11388.44
1787378400000,2439.3,2442.89,2425.8,2427.48,9681.48
1787379300000,2427.48,2436,2426,2429,6342.54
1787380200000,2429,2439.11,2410.14,2430.25,27194.02
1787381100000,2430.25,2438.48,2429.84,2436.92,5572.6
1787382000000,2436.92,2447.48,2426.41,2433.03,13871.22
1787382900000,2433.03,2441.11,2425.41,2441.11,8321.51
1787383800000,2441.11,2441.18,2430.25,2435.71,6029.33
1787384700000,2435.71,2437.46,2430.38,2432.1,9333.42
1787385600000,2432.1,2440.75,2427.46,2438.91,8950.74
1787386500000,2438.91,2439.15,2422.61,2424.99,11227.88
1787387400000,2424.99,2425.52,2410.96,2424.06,19016.73
1787388300000,2424.06,2425.85,2416.92,2424.87,3829.47
1787389200000,2424.87,2427.25,2410.91,2427.18,8066.54
1787390100000,2427.18,2428.83,2420.99,2424.42,5297.44
1787391000000,2424.42,2425.8,2419.01,2422.19,3340.05
1787391900000,2422.19,2422.47,2412.84,2421.52,16445.16
1787392800000,2421.52,2422.5,2396.4,2400.86,37743.59
1787393700000,2400.86,2408.49,2387.78,2406.54,29577.83
1787394600000,2406.54,2416.39,2402.54,2415.35,11517.19
1787395500000,2415.35,2417.57,2407.45,2412.43,4650.24
1787396400000,2412.43,2415.4,2404.65,2407.7,6407.58
1787397300000,2407.7,2415.66,2406.3,2414.47,4374.81
1787398200000,2414.47,2425.47,2412.62,2424.44,9215.25
1787399100000,2424.44,2426.74,2420.02,2423.59,6126.29
1787400000000,2423.59,2435.43,2418.62,2432.61,14167.99
1787400900000,2432.61,2437.53,2428.67,2434.82,8674.84
1787401800000,2434.82,2437.85,2427.09,2430.77,4485.89
1787402700000,2430.77,2431.99,2426.25,2428.05,3877.86
1787403600000,2428.05,2428.77,2423.75,2426.09,2756.6
1787404500000,2426.09,2429.41,2421.37,2425.88,3641.24
1787405400000,2425.88,2428.05,2420.9,2424.58,6579.73
1787406300000,2424.58,2432.83,2424.25,2429.36,4261.93
1787407200000,2429.36,2430.95,2412.12,2417.96,26639.09
1787408100000,2417.96,2420.32,2412.32,2419.93,8129.41
1787409000000,2419.93,2423.75,2411,2411.61,11350.97
1787409900000,2411.61,2414.83,2408.13,2413,6233.66
1787410800000,2413,2416.18,2405.3,2405.3,5167.56
1787411700000,2405.3,2411.74,2405,2410.35,4906.7
1787412600000,2410.35,2414.44,2409.34,2411.9,2156.62
1787413500000,2411.9,2413.58,2408.48,2410.17,2512
1787414400000,2410.17,2416.24,2408.41,2413.85,3160.29
1787415300000,2413.85,2422.11,2413.85,2420.01,8493.25
1787416200000,2420.01,2428.79,2418.6,2425.41,8467.76
1787417100000,2425.41,2429.46,2421.95,2421.95,4294.91
1787418000000,2421.95,2425.09,2421.35,2423.61,3145.7
1787418900000,2423.61,2428.78,2416.58,2418.51,6414.11
1787419800000,2418.51,2424.94,2418.51,2424.35,5932.6
1787420700000,2424.35,2431.56,2423,2425.92,7578.02
1787421600000,2425.92,2430.78,2424.52,2426.17,4036.08
1787422500000,2426.17,2434.28,2426.11,2430.63,6986.09
1787423400000,2430.63,2433.72,2425.81,2425.98,5158.96
1787424300000,2425.98,2428.22,2420.99,2426.66,6410.55
1787425200000,2426.66,2429.83,2423.43,2428.95,4904.36
1787426100000,2428.95,2430.75,2426.27,2428.02,4180.71
1787427000000,2428.02,2434.67,2428.02,2433.96,3178.61
1787427900000,2433.96,2444,2433,2438.33,8154.81
1787428800000,2438.33,2443,2435.5,2440.4,5036.33
1787429700000,2440.4,2441.15,2436.29,2437,1432.95
1787430600000,2437,2438.95,2433.88,2435.87,1999.32
1787431500000,2435.87,2436.73,2428.47,2430.98,3271.82
1787432400000,2430.98,2431.1,2411.4,2411.69,15957.61
1787433300000,2411.69,2421.12,2411.69,2420.58,5207.48
1787434200000,2420.58,2421.85,2407.5,2415.42,5617.62
1787435100000,2415.42,2415.42,2401.54,2406.29,7293.22
1787436000000,2406.29,2420.83,2402.97,2418.73,8316.57
1787436900000,2418.73,2424.44,2416.25,2422.5,3282.43
1787437800000,2422.5,2422.76,2407.2,2413.59,6156.75
1787438700000,2413.59,2417.5,2410.56,2413.25,3286.28
1787439600000,2413.25,2416.21,2409.57,2414.59,2039.99
1787440500000,2414.59,2419.56,2413.26,2416.87,4172.06
1787441400000,2416.87,2421.35,2414.54,2420.28,1712.88
1787442300000,2420.28,2426.46,2420,2421.6,4775.08
1787443200000,2421.6,2424.99,2418.72,2420.26,1956.45
1787444100000,2420.26,2428.99,2418.79,2426.01,7167.1
1787445000000,2426.01,2433,2425.13,2426.38,8123.11
1787445900000,2426.38,2434.94,2425.56,2430.13,9493.48
1787446800000,2430.13,2430.59,2423.56,2429.14,6373.61
1787447700000,2429.14,2432.44,2424.92,2429.11,5271.08
1787448600000,2429.11,2432.4,2419.8,2425.74,8236.71
1787449500000,2425.74,2429,2419.34,2422.44,9740.79
1787450400000,2422.44,2423.73,2412.35,2412.77,6152.19
1787451300000,2412.77,2418.98,2406.05,2415.29,9603.28
1787452200000,2415.29,2420.55,2414.5,2418.27,1850.67
1787453100000,2418.27,2423.54,2415.1,2416.44,3330.62
1787454000000,2416.44,2417.72,2412.59,2416.72,3464.8
1787454900000,2416.72,2418.63,2411.28,2412.51,2070.63
1787455800000,2412.51,2412.99,2407.65,2409.65,4642.24
1787456700000,2409.65,2414.38,2409.26,2413.47,2485.91
1787457600000,2413.47,2416.87,2401.04,2413.95,10749.29
1787458500000,2413.95,2416.19,2403.24,2410,5297.94
1787459400000,2410,2410.41,2401.35,2402.53,5419.82
1787460300000,2402.53,2403.17,2370.87,2378.05,50114.84
1787461200000,2378.05,2384.4,2361.97,2365.85,20782.34
1787462100000,2365.85,2386.92,2355.21,2379.79,37210.53
1787463000000,2379.79,2384,2372.64,2376.49,9194.99
1787463900000,2376.49,2378.4,2372.78,2372.78,2234.88
1787464800000,2372.78,2380.8,2369.59,2379.44,7111.75
1787465700000,2379.44,2393,2378.37,2389.74,17255.92
1787466600000,2389.74,2396.88,2386.93,2391.57,5373.73
1787467500000,2391.57,2392.73,2385.34,2389.25,2582.22
1787468400000,2389.25,2396.47,2386.89,2393.95,2568.79
1787469300000,2393.95,2396.7,2391.44,2392.39,2915.86
1787470200000,2392.39,2392.59,2387.76,2389.09,2225.45
1787471100000,2389.09,2392.92,2385.65,2388.23,5422.77
1787472000000,2388.23,2414.31,2385.84,2406.44,22582.06
1787472900000,2406.44,2411,2404.8,2406.72,4620.22
1787473800000,2406.72,2429,2406.62,2419.69,23049.79
1787474700000,2419.69,2422.03,2411.11,2412.72,9467.44
1787475600000,2412.72,2416.56,2411,2413.01,2366.12
1787476500000,2413.01,2413.98,2407.04,2410.91,7175.18
1787477400000,2410.91,2412.82,2404.41,2411.93,6138.76
1787478300000,2411.93,2415.99,2409.63,2411.14,4172.8
1787479200000,2411.14,2417.5,2410.52,2414.33,6005.86
1787480100000,2414.33,2421.31,2413.01,2413.61,5037.8
1787481000000,2413.61,2418.1,2412.52,2416.77,4030.76
1787481900000,2416.77,2417.68,2413.94,2414.99,1572.93
1787482800000,2414.99,2420.57,2414.41,2419.96,2201
1787483700000,2419.96,2432.97,2417.58,2427.07,16094.69
1787484600000,2427.07,2438.65,2425.59,2433.81,10309.22
1787485500000,2433.81,2434.01,2427.57,2433.35,9341.83
1787486400000,2433.35,2433.36,2418.01,2422.42,16518.22
1787487300000,2422.42,2424.93,2420.16,2422.61,2549.82
1787488200000,2422.61,2428.97,2422.59,2428.13,2765.5
1787489100000,2428.13,2428.13,2423.55,2426.58,1518.11
1787490000000,2426.58,2432.69,2426.58,2431.94,4511.3
1787490900000,2431.94,2485.99,2431.75,2454.54,94412.77
1787491800000,2454.54,2459.14,2449.2,2455.78,17654.77
1787492700000,2455.78,2460.3,2451.12,2459.26,7192.76
1787493600000,2459.26,2469.45,2452.34,2463.55,40027.09
1787494500000,2463.55,2467.19,2454.29,2455.94,8379.03
1787495400000,2455.94,2456.98,2387.36,2419.36,77342.39
1787496300000,2419.36,2449.78,2419.22,2438.08,41165.11
1787497200000,2438.08,2440.47,2425.23,2432.48,15121.79
1787498100000,2432.48,2438.23,2420.63,2436.08,12593.74
1787499000000,2436.08,2451.18,2434.01,2445.51,13132.82
1787499900000,2445.51,2447.99,2435.01,2437.45,6519.35
1787500800000,2437.45,2445.84,2437.45,2443.44,3807.83
1787501700000,2443.44,2445.93,2440.48,2445.93,3585.28
1787502600000,2445.93,2452.76,2444,2445.34,6722.43
1787503500000,2445.34,2459.13,2444.16,2449.71,20017.69
1787504400000,2449.71,2453.35,2430.83,2446.52,16925.01
1787505300000,2446.52,2449.15,2436.97,2440.12,9091.01
1787506200000,2440.12,2443.29,2432.37,2437.44,6619.85
1787507100000,2437.44,2445.5,2437.23,2438.99,2057.61
1787508000000,2438.99,2448.51,2433.33,2443.93,7352.94
1787508900000,2443.93,2447.87,2442.75,2445.6,3914.35
1787509800000,2445.6,2447.58,2443.01,2446.53,981.21
1787510700000,2446.53,2448.17,2443.74,2447.27,2652.14
1787511600000,2447.27,2449.25,2440,2442.13,3682.46
1787512500000,2442.13,2443.9,2439.97,2441.35,767.85
1787513400000,2441.35,2447.1,2435.91,2446.83,6531.99
1787514300000,2446.83,2454.07,2443.65,2443.65,9095.35
1787515200000,2443.65,2443.65,2433.99,2440.23,9026.31
1787516100000,2440.23,2447.99,2439.41,2444.54,4925.22
1787517000000,2444.54,2448.89,2444.54,2448.63,1696.38
1787517900000,2448.63,2449.35,2445.61,2449.1,1579.6
1787518800000,2449.1,2468.7,2449.1,2464.81,24294.69
1787519700000,2464.81,2479.4,2464.81,2475.75,20935.29
1787520600000,2475.75,2484.37,2457.43,2460.45,22842.35
1787521500000,2460.45,2478.93,2460.45,2469.2,14126.97
1787522400000,2469.2,2474.01,2453.55,2462.42,9267.75
1787523300000,2462.42,2466.45,2457.33,2459.46,5240.99
1787524200000,2459.46,2462.64,2455.02,2457.89,3696.08
1787525100000,2457.89,2460.65,2450.73,2454.24,4271.35
1787526000000,2454.24,2455.21,2440.44,2448.1,15874.32
1787526900000,2448.1,2458.98,2447,2457.55,4167.49
1787527800000,2457.55,2470,2447.51,2452.8,14222.63
1787528700000,2452.8,2466.12,2452.58,2462.41,5837.26
1787529600000,2462.41,2463.03,2451.71,2457.98,3814.87
1787530500000,2457.98,2458.88,2442.63,2450.54,6533.32
1787531400000,2450.54,2459.38,2443.16,2444.54,6427.29
1787532300000,2444.54,2465.42,2440.57,2464.27,10774.86
1787533200000,2464.27,2465.83,2452.62,2452.7,11650.99
1787534100000,2452.7,2453.3,2439.31,2443.44,13808.8
1787535000000,2443.44,2448.52,2433.3,2437.83,19157.14
1787535900000,2437.83,2440.27,2425.19,2428.32,20602.93
1787536800000,2428.32,2445.47,2423,2443.09,16301.1
1787537700000,2443.09,2448.96,2443.07,2446.65,8780.02
1787538600000,2446.65,2450.98,2443.6,2444.68,12516.78
1787539500000,2444.68,2444.84,2433.82,2442.62,9081.71
1787540400000,2442.62,2444,2434.06,2434.98,5423.94
1787541300000,2434.98,2442.73,2432.1,2433.15,8439.88
1787542200000,2433.15,2437.52,2425.27,2434.44,16516.6
1787543100000,2434.44,2440.42,2426.88,2429.67,3856.78
1787544000000,2429.67,2438.24,2429.57,2438.05,5341.18
1787544900000,2438.05,2445,2437.92,2444.98,6128.48
1787545800000,2444.98,2446.04,2436.73,2441.89,5152.91
1787546700000,2441.89,2442.94,2427.2,2436.95,6571.85
1787547600000,2436.95,2458.56,2432.67,2456.72,15547.74
1787548500000,2456.72,2459.07,2446.64,2449.45,10848.39
1787549400000,2449.45,2451.67,2437.01,2447.17,8810.61
1787550300000,2447.17,2448.89,2443.38,2447.9,6839.67
1787551200000,2447.9,2456.91,2442.85,2455.46,6277.96
1787552100000,2455.46,2457.49,2450.6,2452.84,6700.29
1787553000000,2452.84,2454.34,2444.3,2446.67,5625.56
1787553900000,2446.67,2463.41,2445.6,2455.36,10373.41
1787554800000,2455.36,2473.7,2454,2469.2,26397.96
1787555700000,2469.2,2469.2,2458.87,2461.05,10632.24
1787556600000,2461.05,2461.05,2451.01,2452.03,16848.11
1787557500000,2452.03,2458.53,2451.87,2454.08,6374.81
1787558400000,2454.08,2458.79,2447,2448.56,9928.28
1787559300000,2448.56,2448.89,2435.23,2439,15578.25
1787560200000,2439,2452.99,2438.27,2452.42,12931.94
1787561100000,2452.42,2456.26,2449,2453.26,10615.36
1787562000000,2453.26,2462.09,2452.2,2460.55,8821.16
1787562900000,2460.55,2462,2452.44,2459.14,5776.07
1787563800000,2459.14,2463.65,2457.87,2461.15,5125.14
1787564700000,2461.15,2464.48,2460.07,2462,4441.63
1787565600000,2462,2491.25,2461.01,2482,42425.85
1787566500000,2482,2482.93,2469.33,2471.18,11812.33
1787567400000,2471.18,2476.94,2462.09,2465.01,28767.71
1787568300000,2465.01,2469.28,2460.09,2464.08,8925.28
1787569200000,2464.08,2470.34,2452.73,2468.01,45714.17
1787570100000,2468.01,2472.73,2464.71,2471.35,7153.81
1787571000000,2471.35,2506.34,2470.25,2505.43,56321.35
1787571900000,2505.43,2508.38,2486.69,2493.29,19641.13
1787572800000,2493.29,2493.5,2481.7,2483.28,8695.93
1787573700000,2483.28,2493.76,2473.2,2492.4,17029.59
1787574600000,2492.4,2505.77,2486.2,2498.78,15320.77
1787575500000,2498.78,2518,2497.58,2511.64,31865.76
1787576400000,2511.64,2519.47,2500.81,2514.36,24766.35
1787577300000,2514.36,2516.05,2502.9,2506.3,18089.72
1787578200000,2506.3,2506.79,2481.56,2485.38,39154.89
1787579100000,2485.38,2494.79,2474.85,2492.36,29776.7
1787580000000,2492.36,2511.29,2490.04,2510.01,23398.63
1787580900000,2510.01,2527.26,2501.04,2515.74,43401.16
1787581800000,2515.74,2531,2514.01,2520.92,47986.38
1787582700000,2520.92,2523.27,2507.45,2514.6,14268.86
1787583600000,2514.6,2520,2508.55,2514.23,5673.03
1787584500000,2514.23,2532.57,2513.3,2523.79,23236.84
1787585400000,2523.79,2524.39,2485.42,2493.14,50901.07
1787586300000,2493.14,2501.25,2477.46,2486.36,34682.1
1787587200000,2486.36,2504.92,2483.93,2497.66,20958.88
1787588100000,2497.66,2504.71,2496.63,2498.08,8064.03
1787589000000,2498.08,2499.95,2487.75,2488.02,9803.9
1787589900000,2488.02,2490.36,2465.76,2477,39966.17
1787590800000,2477,2483,2462,2475.39,20877.41
1787591700000,2475.39,2479,2453.11,2456.91,43308.18
1787592600000,2456.91,2468.54,2455.24,2459.51,14614.43
1787593500000,2459.51,2468.93,2457,2467.64,8260.15
1787594400000,2467.64,2482.49,2467.53,2480.98,11526.51
1787595300000,2480.98,2481.92,2473.31,2478.28,7483.04
1787596200000,2478.28,2481.08,2465.66,2475.19,7056.72
1787597100000,2475.19,2479.25,2471.21,2472.93,3880.45
1787598000000,2472.93,2476.74,2462.36,2472.64,11167.41
1787598900000,2472.64,2474,2460.07,2469.25,8149.98
1787599800000,2469.25,2473.25,2466.36,2470.54,2872.25
1787600700000,2470.54,2471.45,2463.39,2470.13,3375.55
1787601600000,2470.13,2474.3,2464.02,2470.97,3418.26
1787602500000,2470.97,2471.37,2464.79,2467.14,3732.78
1787603400000,2467.14,2478.27,2464.69,2473.04,5131.43
1787604300000,2473.04,2474.32,2469.74,2474.32,797.24
1787605200000,2474.32,2483.42,2474.15,2483.13,3079.28
1787606100000,2483.13,2483.71,2477.53,2480.47,3417.88
1787607000000,2480.47,2483.29,2478.51,2482.13,1896.97
1787607900000,2482.13,2489.46,2480.06,2482.77,7611.16
1787608800000,2482.77,2484.46,2477.78,2479.9,2544.72
1787609700000,2479.9,2481.32,2474.27,2476.76,2282.6
1787610600000,2476.76,2483.65,2475.49,2475.84,4062.4
1787611500000,2475.84,2479.32,2471.11,2473.27,4310.05
1787612400000,2473.27,2478.6,2469.48,2476.53,5977.46
1787613300000,2476.53,2484.25,2475.87,2481.94,1901.09
1787614200000,2481.94,2486.26,2480.8,2484.06,3937.22
1787615100000,2484.06,2485.57,2475.45,2480.99,8092.88
1787616000000,2480.99,2483.27,2476.14,2477.99,5334.02
1787616900000,2477.99,2481.37,2470.69,2477.84,6876.31
1787617800000,2477.84,2494.09,2475.46,2491.45,15002.65
1787618700000,2491.45,2504.52,2488.61,2491.93,22794.38
1787619600000,2491.93,2498.82,2485.53,2487.31,10376.22
1787620500000,2487.31,2503.47,2482.61,2496.99,9627.02
1787621400000,2496.99,2500.88,2492.48,2492.9,3585.1
1787622300000,2492.9,2495.67,2487.36,2494.69,4893.45
1787623200000,2494.69,2497.13,2490.84,2492.87,3411.7
1787624100000,2492.87,2533.35,2491.88,2529.08,58257.66
1787625000000,2529.08,2531.66,2513.46,2516.17,19725.08
1787625900000,2516.17,2518.07,2500.24,2506.66,16470.34
1787626800000,2506.66,2513.61,2504.26,2509.99,6035.4
1787627700000,2509.99,2511,2503,2504.83,4662.42
1787628600000,2504.83,2508.49,2495.08,2497.63,9322.2
1787629500000,2497.63,2500.38,2487.33,2498.21,22518.04
1787630400000,2498.21,2503.19,2491.44,2498.83,5860.87
1787631300000,2498.83,2499,2490,2493.38,18035.07
1787632200000,2493.38,2496.85,2488,2490.67,6596.78
1787633100000,2490.67,2494.71,2489.37,2493.92,3755.14
1787634000000,2493.92,2501.01,2492.61,2499.69,7108.01
1787634900000,2499.69,2511.34,2499.25,2507.74,13192.11
1787635800000,2507.74,2510.88,2505.1,2505.48,7652.61
1787636700000,2505.48,2509.85,2504,2507.57,3042.37
1787637600000,2507.57,2509.37,2506,2508.85,2423.76
1787638500000,2508.85,2514.7,2507.48,2509.31,4775.71
1787639400000,2509.31,2509.31,2498,2502.94,10775.93
1787640300000,2502.94,2503.58,2495.01,2499.92,5449.03
1787641200000,2499.92,2511.99,2499.15,2506.09,9212.14
1787642100000,2506.09,2507.04,2501.4,2503.75,2495.16
1787643000000,2503.75,2503.75,2495.1,2498.37,3950.34
1787643900000,2498.37,2498.87,2462.03,2478.1,52926.26
1787644800000,2478.1,2485.63,2473.54,2484.6,9382.91
1787645700000,2484.6,2497.91,2484.05,2492.88,16343.16
1787646600000,2492.88,2495.15,2484.57,2489.45,9465.36
1787647500000,2489.45,2490.11,2479.88,2484.11,3703.82
1787648400000,2484.11,2488.73,2478,2486.45,5611.97
1787649300000,2486.45,2491.65,2483.04,2486.32,3289.43
1787650200000,2486.32,2490.6,2485.01,2485.03,1104.68
1787651100000,2485.03,2486.16,2462.06,2473.62,22431.26
1787652000000,2473.62,2479.45,2468.5,2477.45,15597.48
1787652900000,2477.45,2478.88,2474.08,2475.33,2024.5
1787653800000,2475.33,2478.35,2473.31,2477.1,2397.43
1787654700000,2477.1,2485.28,2477.09,2481.03,3518.32
1787655600000,2481.03,2483.17,2473.2,2474.44,5900.39
1787656500000,2474.44,2478.51,2473.82,2477.28,4712.23
1787657400000,2477.28,2485.42,2477.25,2478.29,4764.52
1787658300000,2478.29,2483.04,2476.15,2477.29,3747.96
1787659200000,2477.29,2480.71,2466,2477,8242.05
1787660100000,2477,2477,2455.28,2467.1,25804.01
1787661000000,2467.1,2470.43,2458.43,2468.75,9972.55
1787661900000,2468.75,2476.14,2467.03,2472.88,9443.97
1787662800000,2472.88,2475.72,2464.55,2467,5784.95
1787663700000,2467,2467.01,2453.3,2456.49,20480.14
1787664600000,2456.49,2476.36,2454.35,2463.35,18803.51
1787665500000,2463.35,2465.2,2437.51,2459.83,43182.48
1787666400000,2459.83,2471.81,2452.79,2465.99,14276.35
1787667300000,2465.99,2479.55,2463.33,2474.26,20235.49
1787668200000,2474.26,2483.5,2468.81,2473.07,19479.56
1787669100000,2473.07,2478.44,2472.75,2475.64,3377.56
1787670000000,2475.64,2476.88,2465.7,2466.37,8158.65
1787670900000,2466.37,2476.35,2463.98,2473.44,6472.59
1787671800000,2473.44,2479,2468.84,2476.35,6508.36
1787672700000,2476.35,2482.54,2470.96,2481.52,5187.22
1787673600000,2481.52,2484.31,2471.02,2471.98,9040.46
1787674500000,2471.98,2475.84,2465.16,2470.75,8050.08
1787675400000,2470.75,2477.49,2470.44,2474.3,2647.54
1787676300000,2474.3,2478.6,2467.56,2469.5,5495.3
1787677200000,2469.5,2470.23,2454.23,2461.69,23031.67
1787678100000,2461.69,2465.45,2456.17,2457.29,6390.63
1787679000000,2457.29,2468.12,2457.29,2466.68,5554.74
1787679900000,2466.68,2470,2465.9,2469.75,7595.92
1787680800000,2469.75,2474.24,2468.87,2472.6,6311.73
1787681700000,2472.6,2473.75,2470.08,2471.59,1531.01
1787682600000,2471.59,2471.59,2465.03,2466.86,1673.06
1787683500000,2466.86,2468.99,2462.78,2466.01,7175.28
1787684400000,2466.01,2468.43,2461.67,2466.87,1930.15
1787685300000,2466.87,2469.18,2461.2,2461.39,2467.78
1787686200000,2461.39,2461.39,2454,2455.19,7444.03
1787687100000,2455.19,2462.82,2455.19,2462.15,4057.61
1787688000000,2462.15,2463.22,2447.41,2456.76,12506.42
1787688900000,2456.76,2460.71,2454.95,2455.15,2780.98
1787689800000,2455.15,2455.9,2441.16,2445.2,10166.11
1787690700000,2445.2,2447.26,2432.3,2435.39,20670.88
1787691600000,2435.39,2440.19,2413.3,2429.21,28813.09
1787692500000,2429.21,2433.73,2422.44,2432.9,12157.26
1787693400000,2432.9,2442.27,2431.11,2439.96,5138.76
1787694300000,2439.96,2443.16,2438.05,2440.77,3793.48
1787695200000,2440.77,2450.94,2440.77,2450.68,7076.22
1787696100000,2450.68,2451.99,2440.72,2445.39,5426.31
1787697000000,2445.39,2449.99,2442.96,2449.11,1873.74
1787697900000,2449.11,2454.61,2448.47,2452.76,3027.84
1787698800000,2452.76,2456.17,2450.52,2453.91,2828.98
1787699700000,2453.91,2455.38,2447.26,2451.38,4757.09
1787700600000,2451.38,2451.6,2441.8,2443.16,3727.21
1787701500000,2443.16,2443.28,2435.61,2441.61,5405.14
1787702400000,2441.61,2444.26,2434.33,2435.9,4282.64
1787703300000,2435.9,2442.92,2435.27,2442.71,1886.47
1787704200000,2442.71,2445.33,2436.1,2439.33,5419.33
1787705100000,2439.33,2449.34,2437.76,2445.17,4285.91
1787706000000,2445.17,2460,2443.76,2452.64,7218.04
1787706900000,2452.64,2456.55,2451.16,2452,3182.08
1787707800000,2452,2461,2451.86,2456.78,4460.14
1787708700000,2456.78,2456.78,2452.92,2454.86,2148.37
1787709600000,2454.86,2458.06,2452.79,2454.49,2429.54
1787710500000,2454.49,2467.24,2454.25,2466.84,8702.84
1787711400000,2466.84,2469.13,2463.79,2466,5694.5
1787712300000,2466,2467.68,2463,2463.89,2785.77
1787713200000,2463.89,2467.2,2461,2461.51,6613.08
1787714100000,2461.51,2465,2458.6,2462.18,3319.83
1787715000000,2462.18,2466.5,2457.34,2463.63,3317.48
1787715900000,2463.63,2466.34,2460,2464.3,3156.38
1787716800000,2464.3,2471.81,2461,2465.4,7211.11
1787717700000,2465.4,2469.02,2463.89,2465.17,3052.86
1787718600000,2465.17,2466.07,2461.41,2463.09,3800.36
1787719500000,2463.09,2463.09,2454.26,2455.64,8116.02
1787720400000,2455.64,2458.97,2450,2456.53,9930.17
1787721300000,2456.53,2462.97,2452.34,2461.89,6500
1787722200000,2461.89,2467.12,2461.07,2464.18,9274.74
1787723100000,2464.18,2464.18,2459.93,2463.25,1757.05
1787724000000,2463.25,2466,2460,2460.51,5103.77
1787724900000,2460.51,2461.33,2452.95,2455.86,3587.61
1787725800000,2455.86,2459.62,2452.13,2459.05,5764.77
1787726700000,2459.05,2460,2456.35,2458.75,3434.99
1787727600000,2458.75,2467.21,2456,2463.65,6738.63
1787728500000,2463.65,2465.47,2460.2,2462.03,1937.49
1787729400000,2462.03,2465.64,2460.35,2463.55,3109.48
1787730300000,2463.55,2465.54,2460.02,2460.34,2664.93
1787731200000,2460.34,2468.28,2457.72,2463.6,6763.27
1787732100000,2463.6,2464.89,2456.39,2461.15,7355.8
1787733000000,2461.15,2463.28,2458.55,2462.51,1983.85
1787733900000,2462.51,2462.75,2452.01,2454.99,4472.46
1787734800000,2454.99,2459.68,2452.73,2454.51,4838.92
1787735700000,2454.51,2455.2,2444.01,2449.4,15174.78
1787736600000,2449.4,2452.27,2443,2443.47,6247.95
1787737500000,2443.47,2448.26,2440.61,2446.47,6259.48
1787738400000,2446.47,2449.01,2443.05,2448.12,5212.94
1787739300000,2448.12,2453.98,2447.7,2453.37,4413.62
1787740200000,2453.37,2469.83,2452.5,2463.59,17771.49
1787741100000,2463.59,2474.99,2462.08,2467.63,14484.65
1787742000000,2467.63,2472.46,2465.3,2467.2,3194.17
1787742900000,2467.2,2467.9,2463.65,2464.64,2767.75
1787743800000,2464.64,2466.72,2454.89,2460.72,5987.58
1787744700000,2460.72,2467.82,2458.4,2461.64,4211
1787745600000,2461.64,2464.7,2457.5,2459.32,4011.61
1787746500000,2459.32,2470.63,2456.24,2469.6,17967.37
1787747400000,2469.6,2469.74,2442.03,2453.45,28938.26
1787748300000,2453.45,2459.1,2451.01,2453.56,6112.61
1787749200000,2453.56,2457.04,2440.18,2444.77,19091.71
1787750100000,2444.77,2447.16,2435.19,2443.45,21106.88
1787751000000,2443.45,2457.96,2442.34,2457.39,15179.84
1787751900000,2457.39,2461.71,2448.54,2456.3,11127.44
1787752800000,2456.3,2461.45,2452.23,2455,5869.42
1787753700000,2455,2460.98,2447.33,2449.31,8860.01
1787754600000,2449.31,2451.67,2443.2,2443.8,6971.85
1787755500000,2443.8,2446.97,2437.71,2438.37,18333.57
1787756400000,2438.37,2442.63,2431.19,2440.41,19872.12
1787757300000,2440.41,2454.75,2435.18,2453.41,12572.52
1787758200000,2453.41,2454,2439.12,2447.09,12327.64
1787759100000,2447.09,2452.12,2447.09,2448.82,2315.52
1787760000000,2448.82,2454.53,2446.13,2449.09,6774.36
1787760900000,2449.09,2452.18,2446.2,2448.02,7462.93
1787761800000,2448.02,2452,2436.21,2437.13,13009.59
1787762700000,2437.13,2450.26,2436.88,2443.37,10335.05
1787763600000,2443.37,2447.25,2442.28,2446.14,1548.62
1787764500000,2446.14,2462.63,2446,2461.66,13659.62
1787765400000,2461.66,2466.46,2460,2460.13,9353.14
1787766300000,2460.13,2461.75,2454.29,2459.57,3819.33
1787767200000,2459.57,2471.2,2457.44,2466.25,8689.96
1787768100000,2466.25,2467.8,2459.86,2461.38,6068.26
1787769000000,2461.38,2465.8,2460.62,2463.18,5381.66
1787769900000,2463.18,2473.52,2463.01,2471.45,4024.44
1787770800000,2471.45,2472,2467.54,2469.17,3270.38
1787771700000,2469.17,2483.22,2468.52,2479,22216.58
1787772600000,2479,2479.5,2466.68,2469.87,6181.99
1787773500000,2469.87,2472.75,2468.01,2469.31,3218.63
1787774400000,2469.31,2473.52,2467.4,2467.81,1858.74
1787775300000,2467.81,2469.75,2458.56,2467.96,4249.02
1787776200000,2467.96,2468.86,2462.7,2467.59,1791.1
1787777100000,2467.59,2471.96,2467.1,2471.38,1597.51
1787778000000,2471.38,2494.05,2469.21,2491.71,29252.19
1787778900000,2491.71,2504.36,2486.77,2499.26,19747.9
1787779800000,2499.26,2500.49,2492.59,2492.96,5799.98
1787780700000,2492.96,2497.66,2490.25,2495.74,3740.03
1787781600000,2495.74,2506.59,2493.25,2502.19,11885.01
1787782500000,2502.19,2514.98,2501.55,2505.43,14632.57
1787783400000,2505.43,2506,2493.25,2496.92,8173.41
1787784300000,2496.92,2496.96,2488.29,2492.55,5016.26
1787785200000,2492.55,2494.85,2487.12,2489.42,3211.37
1787786100000,2489.42,2499.98,2488.88,2498,3923.26
1787787000000,2498,2506.94,2496.64,2506.09,8255.15
1787787900000,2506.09,2511.56,2499.84,2505.72,7518
1787788800000,2505.72,2509.47,2498.45,2501.43,7872.95
1787789700000,2501.43,2505.38,2497.54,2499.75,4124.36
1787790600000,2499.75,2500.58,2493.04,2494.99,4758.92
1787791500000,2494.99,2496.33,2490.57,2490.57,4071.31
1787792400000,2490.57,2494.02,2485.5,2488.15,6738.81
1787793300000,2488.15,2504.78,2486.3,2501.91,4714.77
1787794200000,2501.91,2504.89,2491.41,2491.41,6152.56
1787795100000,2491.41,2504.64,2491.11,2496.65,6492.77
1787796000000,2496.65,2503.72,2496,2500.67,6648.23
1787796900000,2500.67,2501.22,2492.87,2494.67,1882.45
1787797800000,2494.67,2497.03,2491.02,2492.42,7561.01
1787798700000,2492.42,2494.63,2492,2493.6,12367.08
1787799600000,2493.6,2495.89,2488.67,2489.88,1416.31
1787800500000,2489.88,2497.67,2487.56,2496.35,13672.46
1787801400000,2496.35,2496.99,2491,2491,1784.66
1787802300000,2491,2493.26,2487.91,2491.78,4496.47
1787803200000,2491.78,2493.63,2490.21,2492.84,1191.82
1787804100000,2492.84,2494.48,2490.42,2490.42,1516.06
1787805000000,2490.42,2490.42,2482.39,2487.77,11440.41
1787805900000,2487.77,2489.88,2482.82,2486.02,3787.51
1787806800000,2486.02,2487.01,2482,2484.2,3039.1
1787807700000,2484.2,2490,2482.15,2483.72,4250.69
1787808600000,2483.72,2489.38,2480.01,2486.91,5897.18
1787809500000,2486.91,2496.66,2486.8,2495.27,9599.63
1787810400000,2495.27,2495.27,2484,2487.33,3974.93
1787811300000,2487.33,2487.61,2482.02,2484.52,5355.17
1787812200000,2484.52,2487.5,2484.48,2487.12,2573.67
1787813100000,2487.12,2492.11,2487.03,2491.75,2016.98
1787814000000,2491.75,2494.12,2489.13,2492.82,1562.03
1787814900000,2492.82,2493.13,2487.31,2489.49,1943.97
1787815800000,2489.49,2492.88,2489.05,2490.53,3047.1
1787816700000,2490.53,2497.57,2490.37,2495.88,4577.7
1787817600000,2495.88,2528,2495.72,2518.85,61965.35
1787818500000,2518.85,2535.64,2510.8,2533.09,23331.22
1787819400000,2533.09,2545.75,2525.68,2535.24,37012.07
1787820300000,2535.24,2539.68,2527.8,2529.99,17993.62
1787821200000,2529.99,2535.99,2524.06,2534.33,7344.45
1787822100000,2534.33,2566.57,2529.75,2553.34,57690.8
1787823000000,2553.34,2555.49,2537.21,2540.67,18961.46
1787823900000,2540.67,2544.6,2531.31,2533.58,8887.53
1787824800000,2533.58,2539.13,2524.83,2529.16,9947.21
1787825700000,2529.16,2531.38,2484.93,2509.78,73927.18
1787826600000,2509.78,2512,2495.76,2505.06,12943.15
1787827500000,2505.06,2505.91,2499.88,2502.81,8290.28
1787828400000,2502.81,2507.89,2500.65,2506.81,7330.57
1787829300000,2506.81,2509.19,2497.78,2500.26,6468.24
1787830200000,2500.26,2504.77,2497.03,2502.41,5379.65
1787831100000,2502.41,2502.5,2491.19,2500.55,7586.19
1787832000000,2500.55,2505.82,2498.52,2503.96,3716.16
1787832900000,2503.96,2506.23,2502,2504.85,2844.1
1787833800000,2504.85,2504.98,2495,2495.23,5341.62
1787834700000,2495.23,2498.95,2491.07,2494.07,4383.72
1787835600000,2494.07,2498.9,2493.5,2496.77,3222.51
1787836500000,2496.77,2505.77,2495.98,2501.78,12224.81
1787837400000,2501.78,2502,2483,2488.58,22788.78
1787838300000,2488.58,2497.41,2481.3,2495.25,19876.3
1787839200000,2495.25,2503.8,2487.62,2491.27,19431.37
1787840100000,2491.27,2507.88,2489.16,2507.33,16288.35
1787841000000,2507.33,2522.57,2503.13,2519.38,28184.26
1787841900000,2519.38,2519.38,2509.73,2516.05,10441.91
1787842800000,2516.05,2529.68,2511.78,2524.88,23779.36
1787843700000,2524.88,2526.77,2514.89,2522.25,12368.03
1787844600000,2522.25,2530.97,2514.01,2524.5,12614.61
1787845500000,2524.5,2525.26,2518.01,2520.45,7080.66
1787846400000,2520.45,2526,2515.01,2522.65,6325.63
1787847300000,2522.65,2527.19,2520.59,2520.83,8064.34
1787848200000,2520.83,2532.25,2517.27,2529.75,8546
1787849100000,2529.75,2530,2520.71,2520.76,5756.1
1787850000000,2520.76,2530.75,2514.63,2528.09,8128.56
1787850900000,2528.09,2532.65,2522.51,2522.9,7395.24
1787851800000,2522.9,2525.6,2516.4,2517.26,4969.72
1787852700000,2517.26,2521.18,2514.01,2516.86,3644.79
1787853600000,2516.86,2517.36,2492,2499.05,25630.34
1787854500000,2499.05,2502.07,2487.11,2492.27,18722.67
1787855400000,2492.27,2496.78,2490.01,2495.86,4493.09
1787856300000,2495.86,2506.07,2494.02,2505.66,7494.18
1787857200000,2505.66,2511.34,2503.88,2508.77,6680.27
1787858100000,2508.77,2510.72,2505.9,2510.61,3075.37
1787859000000,2510.61,2513.04,2506.37,2509.11,3419
1787859900000,2509.11,2510.44,2496,2496.76,8157.52
1787860800000,2496.76,2499.7,2493.29,2495.13,3566.47
1787861700000,2495.13,2504.43,2494.46,2501.95,3289.86
1787862600000,2501.95,2505.6,2501.29,2504.91,1153.08
1787863500000,2504.91,2506.88,2500.17,2506.88,1923.59
1787864400000,2506.88,2507.79,2502.2,2504.38,5143.74
1787865300000,2504.38,2504.67,2499.11,2500.76,2273.81
1787866200000,2500.76,2503.5,2497.72,2498.67,1973.94
1787867100000,2498.67,2503.88,2497.43,2503.1,2372.79
1787868000000,2503.1,2511.7,2503.09,2508.51,2996.96
1787868900000,2508.51,2516.45,2508.47,2511.63,6880.76
1787869800000,2511.63,2513.5,2509.05,2511.8,946.9
1787870700000,2511.8,2514.7,2509.94,2513.83,962.91
1787871600000,2513.83,2516.37,2509.4,2510.12,3128.32
1787872500000,2510.12,2514.93,2507.65,2513.02,2833.75
1787873400000,2513.02,2513.46,2509.5,2509.77,1398.17
1787874300000,2509.77,2511.65,2508.14,2509.9,1915.98
1787875200000,2509.9,2510.5,2504.62,2507.02,3676.32
1787876100000,2507.02,2512.97,2506.71,2512.01,5738.28
1787877000000,2512.01,2518.07,2508.75,2514.51,5544.99
1787877900000,2514.51,2519.34,2511.62,2514.55,2508.41
1787878800000,2514.55,2524.5,2514.46,2520.6,6407.95
1787879700000,2520.6,2528.77,2519.03,2527.56,11112.02
1787880600000,2527.56,2534.44,2516.69,2518,16730.74
1787881500000,2518,2519,2506.4,2511.28,24593.68
1787882400000,2511.28,2511.5,2501.93,2502.01,11666.05
1787883300000,2502.01,2504.27,2490.57,2493.86,22674.76
1787884200000,2493.86,2499.53,2489.04,2495.92,7056.37
1787885100000,2495.92,2496.11,2484.79,2491.33,15962.75
1787886000000,2491.33,2492.5,2485.25,2489.37,9539.35
1787886900000,2489.37,2494.75,2489.16,2491.51,3264.39
1787887800000,2491.51,2494,2488,2488.38,3959.85
1787888700000,2488.38,2491.98,2487.76,2489,3680.2
1787889600000,2489,2491.4,2475.51,2491.4,21416.3
1787890500000,2491.4,2495.8,2486.2,2489.14,17673.58
1787891400000,2489.14,2489.56,2482.02,2485.74,5695.19
1787892300000,2485.74,2487.55,2483.77,2485,1536.39
1787893200000,2485,2487.22,2480.63,2484.47,3951.1
1787894100000,2484.47,2489.62,2481.83,2488.8,3202.7
1787895000000,2488.8,2494.93,2488.27,2493.98,6612.04
1787895900000,2493.98,2497.01,2490.87,2492.54,19352.46
1787896800000,2492.54,2503,2492.53,2502.55,17884.32
1787897700000,2502.55,2502.58,2499.69,2500.38,2156.45
1787898600000,2500.38,2501.9,2498.01,2500.21,1934.34
1787899500000,2500.21,2504.67,2499.95,2502.17,3867.08
1787900400000,2502.17,2502.62,2493,2495.87,6383.92
1787901300000,2495.87,2498.53,2494.1,2497.9,3632.67
1787902200000,2497.9,2498.39,2494.1,2494.25,2900.51
1787903100000,2494.25,2496.45,2494.24,2495.63,1818.08
1787904000000,2495.63,2503.55,2495.63,2496.43,4449.62
1787904900000,2496.43,2501.46,2496.43,2497.1,1618.82
1787905800000,2497.1,2498.16,2493.75,2493.75,2204.27
1787906700000,2493.75,2494.59,2485.74,2487.61,8022.75
1787907600000,2487.61,2492.6,2482.37,2488.68,12406.47
1787908500000,2488.68,2492.41,2488.68,2490.57,1880.3
1787909400000,2490.57,2492.4,2487.39,2488.42,2736.61
1787910300000,2488.42,2490.98,2487.8,2489.28,4216.23
1787911200000,2489.28,2490,2481.4,2486.97,12608.65
1787912100000,2486.97,2488.62,2483.7,2488.44,2505.05
1787913000000,2488.44,2494.47,2488.43,2493.01,4105.08
1787913900000,2493.01,2509.05,2492.72,2506,15795.93
1787914800000,2506,2511.26,2504.78,2508.88,11783.93
1787915700000,2508.88,2510.06,2503.68,2504.89,6375.59
1787916600000,2504.89,2507.71,2501.6,2504.65,4538.22
1787917500000,2504.65,2505.88,2501.9,2504.29,1707.78
1787918400000,2504.29,2505.93,2499.01,2500.62,3583.89
1787919300000,2500.62,2507.51,2499.49,2500.16,3515.39
1787920200000,2500.16,2500.29,2494.16,2498.1,6287.12
1787921100000,2498.1,2498.52,2495.16,2498.15,5232.43
1787922000000,2498.15,2503.24,2496,2499.56,4314.84
1787922900000,2499.56,2500.51,2494.19,2497.58,4777.23
1787923800000,2497.58,2504.45,2495.11,2496.51,6891.55
1787924700000,2496.51,2518.5,2495.33,2508.33,22152.17
1787925600000,2508.33,2525.45,2466.68,2476.68,57982.77
1787926500000,2476.68,2493.08,2470.49,2490.8,26552.59
1787927400000,2490.8,2526,2485.3,2509.24,45224.84
1787928300000,2509.24,2514.76,2499.09,2512.53,11833.2
1787929200000,2512.53,2519,2501.14,2502.54,11836.52
1787930100000,2502.54,2512.13,2501.53,2506.44,8719.9
1787931000000,2506.44,2507.49,2486.41,2487.9,23921.03
1787931900000,2487.9,2494.53,2468.57,2470.48,37939.77
1787932800000,2470.48,2472.92,2443.7,2444.04,66582.61
1787933700000,2444.04,2449.77,2405,2430.2,132453.8
1787934600000,2430.2,2447.09,2428.85,2436.44,32297.72
1787935500000,2436.44,2444.92,2436.01,2441.6,13594.45
1787936400000,2441.6,2445.13,2437,2445.13,8597.62
1787937300000,2445.13,2448.82,2437.64,2442.28,10222.62
1787938200000,2442.28,2445.49,2436.86,2438.5,7146.39
1787939100000,2438.5,2446.35,2438.5,2443.4,6703.4
1787940000000,2443.4,2444.72,2438,2438.37,8960.5
1787940900000,2438.37,2439.79,2429.32,2431.46,15918.82
1787941800000,2431.46,2432.85,2419,2423.23,14658.06
1787942700000,2423.23,2429.12,2417.5,2428.72,20165.5
1787943600000,2428.72,2438.02,2428.25,2435.5,7584.86
1787944500000,2435.5,2442.86,2433.54,2438.4,9872.34
1787945400000,2438.4,2438.73,2435.43,2435.8,1870.32
1787946300000,2435.8,2436.75,2430.5,2435.32,8620.22
1787947200000,2435.32,2435.98,2430.59,2435.59,4829.4
1787948100000,2435.59,2435.59,2430.24,2432.17,2018.83
1787949000000,2432.17,2432.17,2423.74,2427.15,4566.01
1787949900000,2427.15,2430.92,2425.99,2427.5,2037.42
1787950800000,2427.5,2429.39,2425.08,2427.68,1252.08
1787951700000,2427.68,2429.97,2424.03,2427.79,4224.58
1787952600000,2427.79,2431.84,2426.42,2428.46,4466.1
1787953500000,2428.46,2428.46,2421.89,2424.72,2573.2
1787954400000,2424.72,2430.16,2422.37,2429.55,2085.04
1787955300000,2429.55,2436.99,2426.39,2434.16,4358.58
1787956200000,2434.16,2439.81,2433.65,2439.81,3276.91
1787957100000,2439.81,2445,2439.59,2441.73,17594.81
1787958000000,2441.73,2441.74,2438.37,2441.19,4169.49
1787958900000,2441.19,2441.76,2436.15,2438.03,4739.31
1787959800000,2438.03,2439.4,2437.51,2439.13,684.72
1787960700000,2439.13,2442.69,2436.73,2442.68,1007.59
1787961600000,2442.68,2445.2,2441.75,2441.97,1784.74
1787962500000,2441.97,2448.2,2441.85,2445.57,4072.15
1787963400000,2445.57,2445.57,2442.22,2444.03,1467.63
1787964300000,2444.03,2444.83,2440.63,2442.34,3541.11
1787965200000,2442.34,2442.63,2438.81,2439.68,3232.75
1787966100000,2439.68,2443.98,2439.47,2443.98,678.99
1787967000000,2443.98,2444.86,2442,2444.25,728.71
1787967900000,2444.25,2445.91,2441.56,2443.42,2467.8
1787968800000,2443.42,2444.75,2441.17,2441.45,3500.9
1787969700000,2441.45,2441.7,2436.6,2438.09,3339.13
1787970600000,2438.09,2439.7,2435,2437.76,2144.42
1787971500000,2437.76,2440.1,2436.91,2438.46,1262.07
1787972400000,2438.46,2439.93,2438.29,2438.56,701.97
1787973300000,2438.56,2441.3,2437,2440,2192.74
1787974200000,2440,2440.69,2437,2438.1,3439.11
1787975100000,2438.1,2438.1,2434.25,2434.84,2932.36
1787976000000,2434.84,2437.46,2434.41,2436.88,1225.5
1787976900000,2436.88,2438.24,2436.07,2437.7,552.55
1787977800000,2437.7,2439.29,2437.31,2438.29,732.04
1787978700000,2438.29,2440.74,2438,2440.1,2199.07
1787979600000,2440.1,2441.88,2439.03,2441.24,3070.3
1787980500000,2441.24,2441.39,2438.79,2439.82,3069.17
1787981400000,2439.82,2441.57,2438.5,2440.74,2331.34
1787982300000,2440.74,2441.23,2437.84,2438.64,986.88
1787983200000,2438.64,2438.92,2430.25,2431.54,6940.66
1787984100000,2431.54,2433.94,2430.4,2431,3517.66
1787985000000,2431,2434.99,2430.99,2433.86,3087.49
1787985900000,2433.86,2435.57,2433.86,2435.04,1595.45
1787986800000,2435.04,2437.35,2433.86,2434.47,1126.48
1787987700000,2434.47,2436.72,2434,2435.19,1185.93
1787988600000,2435.19,2437.83,2434.71,2436.47,1880.84
1787989500000,2436.47,2437.84,2435.85,2436.07,1017.61
1787990400000,2436.07,2436.08,2431.12,2433.22,4891.69
1787991300000,2433.22,2435.71,2432.35,2435.48,1008.14
1787992200000,2435.48,2435.49,2432.19,2433.06,997.66
1787993100000,2433.06,2434.23,2431.15,2434.09,2103.04
1787994000000,2434.09,2436.38,2433.37,2435.38,1220.01
1787994900000,2435.38,2435.98,2433.66,2433.88,861.67
1787995800000,2433.88,2437,2433.72,2435.67,1485
1787996700000,2435.67,2436.5,2435.09,2435.11,670.56
1787997600000,2435.11,2435.11,2431.2,2434,2008.76
1787998500000,2434,2438.26,2434,2436.13,4133.03
1787999400000,2436.13,2436.95,2434.9,2435.3,1124.65
1788000300000,2435.3,2436.4,2434.31,2434.31,880.82
1788001200000,2434.31,2438,2433.09,2437.48,869.52
1788002100000,2437.48,2438,2436.58,2437.25,1379.35
1788003000000,2437.25,2437.43,2435.53,2435.54,480.71
1788003900000,2435.54,2436.88,2435.01,2435.5,952.62
1788004800000,2435.5,2436.38,2434.87,2436.29,780.57
1788005700000,2436.29,2438.71,2433.54,2435.42,2930.46
1788006600000,2435.42,2436.01,2434.19,2434.47,1078.71
1788007500000,2434.47,2435.07,2433.32,2434.65,1209.41
1788008400000,2434.65,2435,2433.21,2434.09,1056.05
1788009300000,2434.09,2435.8,2432.03,2433.84,2525.13
1788010200000,2433.84,2435.87,2433.43,2434.55,1375.96
1788011100000,2434.55,2436.4,2433.98,2435.17,722.84
1788012000000,2435.17,2436.59,2434.58,2435.58,979.11
1788012900000,2435.58,2436.96,2435.1,2435.7,884.21
1788013800000,2435.7,2448.87,2435.34,2445,9676.92
1788014700000,2445,2453.04,2445,2448.19,12816.29
1788015600000,2448.19,2448.84,2440.57,2444.51,5599.58
1788016500000,2444.51,2446.57,2440.79,2444.67,5070.16
1788017400000,2444.67,2445.93,2441.86,2443.48,1360.9
1788018300000,2443.48,2446.61,2442.56,2444.53,4124.94
1788019200000,2444.53,2448.29,2444.19,2448.29,2826.68
1788020100000,2448.29,2457.09,2445.61,2447.9,19150.37
1788021000000,2447.9,2451.68,2445.48,2450.3,2719.52
1788021900000,2450.3,2454.44,2449.45,2450.43,3481.85
1788022800000,2450.43,2453.73,2450.43,2452.83,1522.91
1788023700000,2452.83,2454.94,2447.85,2448.13,2048.51
1788024600000,2448.13,2449.68,2444.66,2448.7,3183.12
1788025500000,2448.7,2450.29,2447,2450.14,1150.22
1788026400000,2450.14,2451.39,2447.33,2447.48,862.8
1788027300000,2447.48,2448.54,2445.26,2446.17,1617.83
1788028200000,2446.17,2453.89,2444.79,2452.2,9037.02
1788029100000,2452.2,2454.94,2451.02,2451.71,1388.98
1788030000000,2451.71,2456.24,2451.71,2456.24,858.84
1788030900000,2456.24,2457.95,2454.89,2456.64,3128.3
1788031800000,2456.64,2457.99,2453.28,2455.05,3998.57
1788032700000,2455.05,2455.05,2450.51,2452.49,858.4
1788033600000,2452.49,2455.59,2451.29,2455.57,1151.88
1788034500000,2455.57,2457.49,2452.18,2452.18,1631.54
1788035400000,2452.18,2452.93,2450.65,2452.5,1456.24
1788036300000,2452.5,2453.07,2451.64,2451.66,408.54
1788037200000,2451.66,2452.99,2448.13,2450.88,3032.65
1788038100000,2450.88,2451.95,2449.14,2449.23,859.98
1788039000000,2449.23,2450.66,2448.89,2450.48,459.7
1788039900000,2450.48,2451.99,2449.68,2450.87,1204.62
1788040800000,2450.87,2452.43,2449.31,2450.21,1168.42
1788041700000,2450.21,2450.95,2448.5,2449.99,663.98
1788042600000,2449.99,2450.76,2449.99,2450.67,232.97
1788043500000,2450.67,2452.38,2450.66,2451.89,1266.41
1788044400000,2451.89,2455.72,2451.89,2454.89,2541.37
1788045300000,2454.89,2455.75,2451.9,2454.43,2382.1
1788046200000,2454.43,2456.65,2452.41,2455.52,1621.98
1788047100000,2455.52,2459.32,2455.52,2456.71,2036.89
1788048000000,2456.71,2456.71,2453.65,2455.55,1256.06
1788048900000,2455.55,2467.5,2455.55,2461.92,9984.16
1788049800000,2461.92,2464.63,2459.29,2459.82,2870.09
1788050700000,2459.82,2462.95,2457.49,2458.01,2015.96
1788051600000,2458.01,2460,2455.3,2455.55,1415.94
1788052500000,2455.55,2456.32,2452.07,2453.36,3296.73
1788053400000,2453.36,2457.3,2452.46,2455.28,1071.36
1788054300000,2455.28,2458.63,2454.49,2455.99,2934.71
1788055200000,2455.99,2458,2454.56,2457.33,1632.22
1788056100000,2457.33,2457.94,2453,2454.55,1943.53
1788057000000,2454.55,2457.13,2453,2455.14,1403.07
1788057900000,2455.14,2458.04,2453.95,2454.25,1822.02
1788058800000,2454.25,2455.35,2453.14,2454.97,2090.38
1788059700000,2454.97,2458.41,2454.47,2458.3,944.37
1788060600000,2458.3,2459.79,2457.12,2457.56,2577.73
1788061500000,2457.56,2457.57,2456,2456.42,817.88
1788062400000,2456.42,2457.99,2455.52,2456.24,1062.86
1788063300000,2456.24,2457.85,2453.82,2455.09,1641.6
1788064200000,2455.09,2455.38,2451.9,2452.42,3699.42
1788065100000,2452.42,2455.38,2450.65,2455.38,4560.39
1788066000000,2455.38,2459.34,2454.87,2456.18,2008.03
1788066900000,2456.18,2456.18,2454.67,2455.19,481.52
1788067800000,2455.19,2456.24,2454.39,2455.38,1569.98
1788068700000,2455.38,2455.66,2454.55,2455.1,1475.06
1788069600000,2455.1,2455.1,2454.29,2454.96,1802.03
1788070500000,2454.96,2456.93,2454.83,2455.78,4221.15
1788071400000,2455.78,2459.18,2455.65,2458.54,1692.71
1788072300000,2458.54,2460.71,2457.88,2460.23,4037.56
1788073200000,2460.23,2460.38,2457.46,2458.2,1578.08
1788074100000,2458.2,2458.21,2456.7,2456.7,503.83
1788075000000,2456.7,2458.06,2454.62,2455.09,2235.82
1788075900000,2455.09,2456.5,2453.64,2454.31,1868.68
1788076800000,2454.31,2457.96,2454.3,2455.55,2311.65
1788077700000,2455.55,2459,2455.55,2457.58,598.77
1788078600000,2457.58,2457.9,2453.86,2455.37,1104.35
1788079500000,2455.37,2456.41,2453.75,2455.83,864.58
1788080400000,2455.83,2456.65,2455.24,2456.16,746.71
1788081300000,2456.16,2457.39,2452.24,2452.63,2192.28
1788082200000,2452.63,2454.89,2451.13,2453.56,2399.79
1788083100000,2453.56,2455,2452,2452.83,1270.97
1788084000000,2452.83,2454.99,2451.59,2452.74,1192.41
1788084900000,2452.74,2458,2451.52,2454.83,3246.31
1788085800000,2454.83,2457.88,2454.37,2457.1,1976.21
1788086700000,2457.1,2458.91,2457.1,2458.83,1354.99
1788087600000,2458.83,2459.37,2456.86,2457.95,1019.53
1788088500000,2457.95,2461.36,2457.02,2460.31,1161.12
1788089400000,2460.31,2460.72,2456.96,2458.64,2620.62
1788090300000,2458.64,2459.4,2456.02,2459.39,2331.08
1788091200000,2459.39,2472.94,2459.29,2469.2,20583.1
1788092100000,2469.2,2469.2,2460.89,2465.23,22764.09
1788093000000,2465.23,2466.24,2456.83,2463.45,39659.66
1788093900000,2463.45,2468,2461.19,2467.99,6609.3
1788094800000,2467.99,2469.3,2459.98,2460,20830.38
1788095700000,2460,2465.51,2458.95,2465.01,5001.82
1788096600000,2465.01,2470,2463.8,2468.19,11690.65
1788097500000,2468.19,2477.46,2468.19,2473.81,26176.76
1788098400000,2473.81,2478.66,2469.2,2477.25,8671.1
1788099300000,2477.25,2478,2473.5,2475.11,6069.96
1788100200000,2475.11,2478,2471.83,2473.78,3872.83
1788101100000,2473.78,2476.6,2472.6,2475.46,2588.11
1788102000000,2475.46,2480.48,2471.55,2472.24,7505.84
1788102900000,2472.24,2479.09,2470.12,2476.18,6432.21
1788103800000,2476.18,2478.5,2474.58,2478.5,2168.15
1788104700000,2478.5,2483.05,2477,2479.86,6197.77
1788105600000,2479.86,2513.74,2477.4,2509.82,52561.45
1788106500000,2509.82,2519.35,2506.11,2512.99,57233.86
1788107400000,2512.99,2534.68,2511.39,2528.35,28603.62
1788108300000,2528.35,2530.5,2520.66,2528.74,12480.68
1788109200000,2528.74,2528.78,2518.77,2520.2,21686.69
1788110100000,2520.2,2520.35,2493.04,2497.14,54083.38
1788111000000,2497.14,2507.07,2493.47,2506,22314.33
1788111900000,2506,2507.98,2500.03,2504.45,10307.79
1788112800000,2504.45,2507.19,2495.03,2498.27,9507.44
1788113700000,2498.27,2512.49,2497.5,2510.75,8440.78
1788114600000,2510.75,2517.92,2509.5,2513.95,32413.62
1788115500000,2513.95,2514.36,2508.36,2510.28,3467.04
1788116400000,2510.28,2511.87,2505.25,2511.73,4115.03
1788117300000,2511.73,2512.79,2505.33,2505.56,2852.92
1788118200000,2505.56,2506.87,2498.55,2498.55,6312.56
1788119100000,2498.55,2503.62,2495.75,2503.48,8500.19
1788120000000,2503.48,2507.61,2503.48,2504.18,2877.34
1788120900000,2504.18,2507.99,2502.41,2502.72,1868.3
1788121800000,2502.72,2504.28,2484.33,2487.75,13424.43
1788122700000,2487.75,2499.37,2486.43,2490.08,9105.42
1788123600000,2490.08,2490.08,2458.91,2473.36,48409.84
1788124500000,2473.36,2478.45,2470.41,2476.68,4949.84
1788125400000,2476.68,2483.06,2475.55,2479.3,2707.5
1788126300000,2479.3,2482.61,2474.13,2481.13,3321.76
1788127200000,2481.13,2488.44,2473.66,2473.83,7400.13
1788128100000,2473.83,2475.5,2464.29,2466.4,6124.37
1788129000000,2466.4,2475.04,2459.1,2470.66,8247.98
1788129900000,2470.66,2472.39,2465.07,2470.15,5149.43
1788130800000,2470.15,2470.15,2463.04,2464.25,3071.02
1788131700000,2464.25,2465.32,2421.47,2426.01,53143.98
1788132600000,2426.01,2435,2402.07,2411,48900.42
1788133500000,2411,2419.45,2385.89,2416,40127.06
1788134400000,2416,2421.32,2404.18,2419.76,14198.76
1788135300000,2419.76,2432.77,2418.34,2430.22,26224.73
1788136200000,2430.22,2439.85,2428.31,2431.68,9965.39
1788137100000,2431.68,2433.05,2425.54,2427.78,4816.12
1788138000000,2427.78,2430.15,2413.12,2417.58,12638.34
1788138900000,2417.58,2423.32,2414.67,2419.83,5167.65
1788139800000,2419.83,2426.58,2414.82,2418.31,8886.55
1788140700000,2418.31,2421.75,2409.61,2412.97,7027.59
1788141600000,2412.97,2425,2407.36,2422.39,9270.2
1788142500000,2422.39,2423,2414.34,2416.26,7135.63
1788143400000,2416.26,2418.56,2412.5,2413.01,2403.72
1788144300000,2413.01,2413.92,2400.79,2407.59,11005.37
1788145200000,2407.59,2416.53,2404.48,2415,6846.88
1788146100000,2415,2422.22,2413.1,2419.58,3070.92
1788147000000,2419.58,2423.13,2417.95,2422.79,4173.5
1788147900000,2422.79,2424,2419.8,2420.41,3000.95
1788148800000,2420.41,2420.88,2412.6,2414.26,8284.68
1788149700000,2414.26,2414.49,2410.62,2412.07,5042
1788150600000,2412.07,2415.96,2411.31,2414.86,4519.93
1788151500000,2414.86,2418,2410.65,2417,5269.3
1788152400000,2417,2423.49,2413.5,2421.96,6904.89
1788153300000,2421.96,2441.96,2421.89,2434.88,31527.74
1788154200000,2434.88,2437.52,2428.65,2435.55,15418.1
1788155100000,2435.55,2438.45,2433.13,2435.65,7540.8
1788156000000,2435.65,2437.56,2430.59,2435.87,5889.92
1788156900000,2435.87,2444.53,2435.52,2441.21,11023.15
1788157800000,2441.21,2444.4,2436.54,2441.62,8521.47
1788158700000,2441.62,2443.28,2437.26,2438.06,4527.53
1788159600000,2438.06,2441.76,2435.22,2439.41,6224.65
1788160500000,2439.41,2446.57,2439.12,2442.25,6808.64
1788161400000,2442.25,2442.69,2438,2440.59,4580.29
1788162300000,2440.59,2440.68,2438,2439.73,2534.26
1788163200000,2439.73,2445.71,2433.19,2440.09,5685.1
1788164100000,2440.09,2440.13,2433,2435.52,4780.07
1788165000000,2435.52,2449.54,2434.82,2442.2,8033.7
1788165900000,2442.2,2448,2441.96,2445.58,4290.97
1788166800000,2445.58,2452.75,2442.72,2444.87,8308.38
1788167700000,2444.87,2451.85,2443.43,2446.41,6336.15
1788168600000,2446.41,2448.85,2445.41,2448.72,1498.96
1788169500000,2448.72,2456.46,2445.47,2446.08,6701.03
1788170400000,2446.08,2448.99,2440.02,2448.83,5901.63
1788171300000,2448.83,2449.07,2444.53,2448.13,1868.17
1788172200000,2448.13,2451.4,2445.07,2450.19,1606.44
1788173100000,2450.19,2456.22,2449.07,2454.67,4926.54
1788174000000,2454.67,2458,2451.64,2454.01,14864.52
1788174900000,2454.01,2456.06,2450,2451.23,2662.02
1788175800000,2451.23,2451.6,2445.88,2446.47,3781.68
1788176700000,2446.47,2447.43,2443.29,2445.37,2038.96
1788177600000,2445.37,2456.83,2443.81,2452.56,8739.44
1788178500000,2452.56,2464.33,2446.44,2454.01,15398.43
1788179400000,2454.01,2458.25,2443.31,2450.22,12148.16
1788180300000,2450.22,2451.85,2445.65,2451,4409.7
1788181200000,2451,2458.89,2450.35,2452.93,3614.57
1788182100000,2452.93,2454.48,2443.99,2449.99,6408.92
1788183000000,2449.99,2457.99,2444.1,2447.01,10304.63
1788183900000,2447.01,2449.08,2436.35,2439.78,10901.15
1788184800000,2439.78,2447,2437.46,2439.56,7387.85
1788185700000,2439.56,2448.54,2436.68,2444.98,9907.65
1788186600000,2444.98,2475,2443.09,2465,25133.35
1788187500000,2465,2470.55,2460.14,2466.88,11196.54
1788188400000,2466.88,2470.53,2457.79,2458.91,6609.71
1788189300000,2458.91,2469.94,2457.4,2467.9,7165.73
1788190200000,2467.9,2478.19,2465.03,2475.91,9711.14
1788191100000,2475.91,2477.36,2466.06,2466.86,6865.97
1788192000000,2466.86,2472,2463.7,2464.57,7549.92
1788192900000,2464.57,2470,2460.89,2463.83,16754.1
1788193800000,2463.83,2471.51,2462.85,2470.67,21321.22
1788194700000,2470.67,2475.9,2467.27,2467.95,7581.22
1788195600000,2467.95,2472.95,2466.99,2470.54,4134.13
1788196500000,2470.54,2471,2460.13,2462.77,10486.19
1788197400000,2462.77,2474.31,2460.8,2470.08,8405.07
1788198300000,2470.08,2476.64,2468.29,2474.12,4819.56
1788199200000,2474.12,2474.28,2468.52,2472.19,2763.08
1788200100000,2472.19,2479.82,2468,2470.32,7420.14
1788201000000,2470.32,2488.99,2469.15,2486.85,9399.22
1788201900000,2486.85,2486.85,2475.58,2476.79,5482.63
1788202800000,2476.79,2488.84,2476.79,2485.45,7586.92
1788203700000,2485.45,2485.45,2480.55,2484.48,2678.49
1788204600000,2484.48,2485,2476.84,2479.33,3844.93
1788205500000,2479.33,2484.59,2476.4,2480.76,2519.22
1788206400000,2480.76,2482.45,2477.05,2478.96,1329.41
1788207300000,2478.96,2486,2474.46,2474.9,3491.34
1788208200000,2474.9,2476.9,2469.21,2472.88,3800.36
1788209100000,2472.88,2474,2469.35,2471.85,3293.07
1788210000000,2471.85,2475.37,2466.74,2471.76,3456.41
1788210900000,2471.76,2477.8,2469.91,2477.8,1906.27
1788211800000,2477.8,2482.5,2476.81,2480.47,4033.29
1788212700000,2480.47,2482.28,2477.17,2477.41,2131.01
1788213600000,2477.41,2479.8,2473.21,2473.45,1463.73
1788214500000,2473.45,2474.03,2469.35,2470.28,1449.76
1788215400000,2470.28,2470.94,2466.78,2468.01,2421.22
1788216300000,2468.01,2469.77,2466.68,2468.2,1184.81
1788217200000,2468.2,2468.34,2460.53,2463.36,3853.16
1788218100000,2463.36,2466.11,2462.27,2465.17,988.33
1788219000000,2465.17,2467.41,2463.32,2466.48,1398.77
1788219900000,2466.48,2467.38,2465,2466.65,846.84
1788220800000,2466.65,2473.06,2464.41,2471.53,2458.3
1788221700000,2471.53,2476.66,2470.61,2474.36,3269.12
1788222600000,2474.36,2475.99,2470,2471.04,8533.35
1788223500000,2471.04,2475.12,2468.03,2470.91,3510.77
1788224400000,2470.91,2475.48,2465.67,2467.2,3827.64
1788225300000,2467.2,2469.45,2456.95,2460.1,7289.09
1788226200000,2460.1,2467.15,2457.21,2466.68,4032.14
1788227100000,2466.68,2466.82,2460.39,2461.88,1706
1788228000000,2461.88,2461.88,2453.35,2457,7596.97
1788228900000,2457,2461.99,2454,2457.82,3382.22
1788229800000,2457.82,2462.88,2457.67,2459.71,2391.88
1788230700000,2459.71,2464.45,2458.92,2464.2,1398.75
1788231600000,2464.2,2466.67,2463.01,2464.94,2086.74
1788232500000,2464.94,2466.25,2462.03,2465.6,3027.19
1788233400000,2465.6,2482.32,2465.22,2475.3,23801.78
1788234300000,2475.3,2475.3,2469.75,2471.29,3204.17
1788235200000,2471.29,2474.2,2469.06,2471.9,4155.04
1788236100000,2471.9,2477.45,2471.9,2475.06,2616.95
1788237000000,2475.06,2476,2469.9,2470,2033.14
1788237900000,2470,2471.53,2467.46,2468.89,3939.41
1788238800000,2468.89,2475.81,2467.78,2472.08,3712.2
1788239700000,2472.08,2474.78,2469.35,2474.4,4199.1
1788240600000,2474.4,2481.36,2474.04,2480.96,5816.26
1788241500000,2480.96,2484.63,2478.28,2483.51,6322.75
1788242400000,2483.51,2483.51,2477.08,2478.57,4126.56
1788243300000,2478.57,2478.57,2472.58,2474.81,6190.05
1788244200000,2474.81,2476.8,2474.5,2475.49,1939.13
1788245100000,2475.49,2475.82,2470.4,2470.4,3500.73
1788246000000,2470.4,2474.24,2470.02,2472.98,1827.4
1788246900000,2472.98,2476.17,2472.25,2474.17,2582.98
1788247800000,2474.17,2474.83,2465.34,2469.58,6072.21
1788248700000,2469.58,2473.31,2467.75,2471.4,2093.89
1788249600000,2471.4,2472.64,2460.01,2463.38,16401.22
1788250500000,2463.38,2464.37,2447.01,2447.4,25320.28
1788251400000,2447.4,2455.5,2443.96,2451.19,15559.29
1788252300000,2451.19,2454.13,2446.46,2447.6,7232.35
1788253200000,2447.6,2449.46,2442.24,2444.4,6421.52
1788254100000,2444.4,2453.52,2443.5,2451.14,10862.8
1788255000000,2451.14,2455.9,2448.61,2454.4,6700.14
1788255900000,2454.4,2454.76,2451.13,2451.71,2775.31
1788256800000,2451.71,2454.49,2448.82,2451.75,3215.63
1788257700000,2451.75,2459,2447.6,2457.24,5713.68
1788258600000,2457.24,2463.06,2457.23,2460,5949.76
1788259500000,2460,2461.74,2455.08,2456.08,3174.98
1788260400000,2456.08,2456.18,2452.87,2453.94,2352.15
1788261300000,2453.94,2456.72,2451.7,2455.92,3162.54
1788262200000,2455.92,2463,2454.32,2459.34,5790.34
1788263100000,2459.34,2463.58,2457.33,2458.34,3866.94
1788264000000,2458.34,2458.52,2452.4,2455,6624.37
1788264900000,2455,2457.91,2451.3,2454.63,2689.54
1788265800000,2454.63,2454.63,2437.44,2445.68,15744.76
1788266700000,2445.68,2448.87,2443.78,2445.83,5724.48
1788267600000,2445.83,2446.84,2423.51,2440.78,28147.81
1788268500000,2440.78,2444.64,2437.71,2443.46,7438.35
1788269400000,2443.46,2449.41,2430.01,2441.87,19864.65
1788270300000,2441.87,2449,2439.03,2443.51,7839.31
1788271200000,2443.51,2455.85,2441.27,2450.55,17591.1
1788272100000,2450.55,2454.54,2445.75,2450.7,9596.07
1788273000000,2450.7,2455.32,2449.46,2454.38,5604.63
1788273900000,2454.38,2457.38,2446.77,2448.91,9268.22
1788274800000,2448.91,2449,2434.22,2437.32,14589.89
1788275700000,2437.32,2443.1,2434.89,2443.1,2789.57
1788276600000,2443.1,2449.01,2440.62,2448.77,4069.98
1788277500000,2448.77,2454.38,2447.41,2448.32,5831.31
1788278400000,2448.32,2449.36,2433.71,2434.18,11083.48
1788279300000,2434.18,2438.58,2425.19,2433.34,16038.19
1788280200000,2433.34,2435.55,2419.12,2429.06,17309.13
1788281100000,2429.06,2434.99,2428.1,2432.21,3386.07
1788282000000,2432.21,2434.5,2430.26,2432.32,3539.83
1788282900000,2432.32,2436.73,2427.58,2432.69,5628.43
1788283800000,2432.69,2438.95,2431.94,2433.04,3228.66
1788284700000,2433.04,2433.04,2416.58,2417.98,16734.75
1788285600000,2417.98,2421.84,2407.77,2416.65,20158.91
1788286500000,2416.65,2418.15,2401.37,2414.2,15049.86
1788287400000,2414.2,2417,2388.54,2389.02,37192.22
1788288300000,2389.02,2412.9,2382.34,2412.32,26984.97
1788289200000,2412.32,2420,2411.65,2414.75,12436.78
1788290100000,2414.75,2423.99,2411.67,2420.05,10405.9
1788291000000,2420.05,2421.62,2415.86,2416.67,3656.85
1788291900000,2416.67,2418.58,2411.95,2418.44,5248.92
1788292800000,2418.44,2419.71,2412.16,2419.7,6671.26
1788293700000,2419.7,2421.79,2415.56,2419.72,4386.32
1788294600000,2419.72,2422.72,2417.5,2418.47,3502.3
1788295500000,2418.47,2421.26,2416.11,2420.61,6418.77
1788296400000,2420.61,2422.79,2404.19,2407.91,11699.45
1788297300000,2407.91,2416.59,2398.38,2414.25,13168.05
1788298200000,2414.25,2414.25,2406.84,2411.65,2942.34
1788299100000,2411.65,2417.27,2411.62,2414.7,5759.64
1788300000000,2414.7,2418.36,2412.93,2415.74,5107.11
1788300900000,2415.74,2415.75,2406.15,2406.65,4207.7
1788301800000,2406.65,2409.53,2404.64,2407.24,4897.48
1788302700000,2407.24,2415.57,2407.24,2412.41,5016.08
1788303600000,2412.41,2414.45,2410.37,2412.49,3286.38
1788304500000,2412.49,2416.67,2412.04,2416.67,1160.37
1788305400000,2416.67,2427.07,2415.84,2422.75,9441.21
1788306300000,2422.75,2425.44,2417.41,2417.82,7787.84
1788307200000,2417.82,2420.39,2416.06,2419.8,2878.93
1788308100000,2419.8,2422.06,2409.8,2411.91,4907.65
1788309000000,2411.91,2415.04,2405.56,2408.98,5487.22
1788309900000,2408.98,2411.44,2406.63,2408.71,3988.74
1788310800000,2408.71,2414.81,2406.96,2412.86,2781.31
1788311700000,2412.86,2414.68,2408.7,2408.86,2524.86
1788312600000,2408.86,2411.35,2389.35,2394.43,15231.38
1788313500000,2394.43,2400.34,2385.76,2398.6,14170.19
1788314400000,2398.6,2405.63,2394.2,2401.26,7607.37
1788315300000,2401.26,2410.24,2400.76,2408.99,9226.66
1788316200000,2408.99,2409.89,2403.83,2406.33,8947.39
1788317100000,2406.33,2409.19,2405.27,2409.14,2422.69
1788318000000,2409.14,2419.76,2407.82,2414.55,8955.12
1788318900000,2414.55,2424.16,2412.88,2419.17,12608.52
1788319800000,2419.17,2419.75,2413.21,2414.12,11219.1
1788320700000,2414.12,2416.5,2411.35,2413.7,5984.17
1788321600000,2413.7,2414.9,2405.47,2407.51,9786.74
1788322500000,2407.51,2412.77,2404.8,2411.9,5140.34
1788323400000,2411.9,2415.8,2411.27,2415.24,2881.35
1788324300000,2415.24,2415.69,2413.69,2414.6,3765.2
1788325200000,2414.6,2415.6,2408.53,2414.43,4187.99
1788326100000,2414.43,2422.94,2414.29,2421.77,9714.16
1788327000000,2421.77,2422.55,2418.83,2420.02,3446.54
1788327900000,2420.02,2424.55,2419.67,2421.63,4207.68
1788328800000,2421.63,2424,2417.53,2417.8,7190.5
1788329700000,2417.8,2421.8,2415.06,2417.51,6491.08
1788330600000,2417.51,2424.97,2414.66,2421.79,6159.63
1788331500000,2421.79,2422.2,2416.08,2419.68,3146.06
1788332400000,2419.68,2428.5,2419.33,2425.8,7845.77
1788333300000,2425.8,2425.8,2420.14,2420.96,2353.02
1788334200000,2420.96,2423.41,2420.01,2420.56,1483.54
1788335100000,2420.56,2422.07,2416.3,2417.01,3986.83
1788336000000,2417.01,2419.64,2413.32,2416.67,4298.56
1788336900000,2416.67,2418.32,2412.33,2413.01,2447.1
1788337800000,2413.01,2413.2,2394.15,2395.01,21202.6
1788338700000,2395.01,2399.92,2389.3,2392.8,14720.11
1788339600000,2392.8,2399.97,2392.35,2395.35,5948.74
1788340500000,2395.35,2395.74,2376.72,2387.59,31031.51
1788341400000,2387.59,2388,2366.91,2369.01,36414.76
1788342300000,2369.01,2376.88,2365.35,2376.11,18104.55
1788343200000,2376.11,2376.56,2369.01,2372.67,6080.38
1788344100000,2372.67,2375.44,2368.75,2369.27,5331.82
1788345000000,2369.27,2370,2358.36,2365.4,23315.42
1788345900000,2365.4,2372.56,2355.03,2371.77,24968.01
1788346800000,2371.77,2376.42,2367,2375.76,9595.47
1788347700000,2375.76,2376.73,2368.32,2373.61,6757.36
1788348600000,2373.61,2381.88,2372.59,2377.19,12320.18
1788349500000,2377.19,2381.6,2375.23,2380.92,4820.38
1788350400000,2380.92,2382.34,2376.98,2381.53,4909.11
1788351300000,2381.53,2389.66,2378.53,2385.68,13349.25
1788352200000,2385.68,2386,2379.08,2381.43,4813.49
1788353100000,2381.43,2381.44,2375.88,2376.8,4547.19
1788354000000,2376.8,2384.98,2376.71,2380.81,5874.37
1788354900000,2380.81,2388.9,2380.8,2386.92,4300.91
1788355800000,2386.92,2416.56,2378.41,2416.17,26031.47
1788356700000,2416.17,2418.89,2396.15,2401.99,27870.45
1788357600000,2401.99,2407.36,2392.17,2405.66,13268.21
1788358500000,2405.66,2410.46,2399.92,2403.24,7818.6
1788359400000,2403.24,2403.78,2391.44,2402.7,11548.32
1788360300000,2402.7,2403.84,2392.56,2393.43,4352.14
1788361200000,2393.43,2396.67,2377.73,2384.15,23056.25
1788362100000,2384.15,2392.97,2383.22,2387.64,11770.66
1788363000000,2387.64,2398.02,2384.19,2396.41,12148.27
1788363900000,2396.41,2396.95,2382.5,2389.99,10031.87
1788364800000,2389.99,2396.05,2385.84,2393.2,11116.47
1788365700000,2393.2,2403.88,2391.61,2397.27,10313.2
1788366600000,2397.27,2401.67,2386.95,2386.95,10423.75
1788367500000,2386.95,2391.12,2383.43,2385.16,9119
1788368400000,2385.16,2386.99,2373.95,2379.19,19732.49
1788369300000,2379.19,2379.99,2371.43,2378.89,11801.86
1788370200000,2378.89,2388.89,2377.41,2388.89,6798
1788371100000,2388.89,2393.65,2388.8,2392.71,6403.34
1788372000000,2392.71,2396,2390.52,2394.55,5532.98
1788372900000,2394.55,2399.38,2392.92,2395.63,5945.51
1788373800000,2395.63,2396.9,2390.04,2391.03,4016.34
1788374700000,2391.03,2394.95,2389.43,2394.01,2752.63
1788375600000,2394.01,2396.16,2392.43,2395.29,1665.84
1788376500000,2395.29,2396.05,2385.58,2385.79,3358.96
1788377400000,2385.79,2387.48,2382.21,2386.16,6355.61
1788378300000,2386.16,2392.5,2384.84,2392.19,2207.41
1788379200000,2392.19,2399,2389.66,2392.11,4827.19
1788380100000,2392.11,2396.32,2385.69,2390.68,5054.47
1788381000000,2390.68,2394.96,2389.12,2389.92,3993.61
1788381900000,2389.92,2394.84,2387.58,2392.67,3936.22
1788382800000,2392.67,2393.68,2389.89,2391.7,1131.28
1788383700000,2391.7,2392.4,2389.56,2390.1,1968.26
1788384600000,2390.1,2394.38,2388.09,2393.31,1598.82
1788385500000,2393.31,2393.31,2389.21,2389.36,1382.5
1788386400000,2389.36,2389.41,2380.78,2383.79,4222.39
1788387300000,2383.79,2385.3,2377.53,2378.02,4669.74
1788388200000,2378.02,2384.48,2377.84,2382.57,2882.11
1788389100000,2382.57,2382.92,2378.42,2378.92,1473.94
1788390000000,2378.92,2386.28,2376.65,2386.28,3743.88
1788390900000,2386.28,2386.28,2382.24,2385.03,3004.1
1788391800000,2385.03,2387.71,2382.25,2383.5,3432.81
1788392700000,2383.5,2392.8,2383.5,2390.88,2799.43
1788393600000,2390.88,2394.96,2386.74,2386.75,6754.92
1788394500000,2386.75,2386.86,2379.94,2380.17,3469.47
1788395400000,2380.17,2385.11,2378.41,2383,4646.69
1788396300000,2383,2384.27,2378.42,2378.87,2560.31
1788397200000,2378.87,2390.99,2368.74,2389.74,19213.56
1788398100000,2389.74,2391.91,2385.28,2391.71,5957.24
1788399000000,2391.71,2393.65,2386.45,2388.42,8643.16
1788399900000,2388.42,2390.88,2383.69,2385.75,3828.96
1788400800000,2385.75,2390.44,2381.21,2390.05,2163.41
1788401700000,2390.05,2395.74,2387.76,2394.74,2705.36
1788402600000,2394.74,2406.82,2393.17,2404.27,11908.47
1788403500000,2404.27,2409.52,2401.51,2405.04,13330.67
1788404400000,2405.04,2408.3,2402,2407.13,5199.22
1788405300000,2407.13,2410.67,2403.05,2403.05,5967.5
1788406200000,2403.05,2404.86,2398.76,2399.5,3639.74
1788407100000,2399.5,2402.87,2398.76,2402.46,1654.6
1788408000000,2402.46,2406.53,2400.3,2401.02,4162.22
1788408900000,2401.02,2401.29,2395.98,2397.4,3813.13
1788409800000,2397.4,2399.38,2396.7,2396.7,1227.58
1788410700000,2396.7,2408,2396.7,2407.79,5847.54
1788411600000,2407.79,2409.84,2400,2401.53,6096.56
1788412500000,2401.53,2402.11,2378.28,2384.75,21558.16
1788413400000,2384.75,2396.55,2383.15,2395.43,6000.48
1788414300000,2395.43,2404.89,2392.58,2404.04,10496
1788415200000,2404.04,2405.74,2399.57,2400.49,5699.14
1788416100000,2400.49,2407.98,2399.78,2407.07,4459.11
1788417000000,2407.07,2408.88,2404.98,2408.87,2204.8
1788417900000,2408.87,2409.26,2405.64,2407.69,6117.87
1788418800000,2407.69,2419.43,2406.46,2412.03,17633.37
1788419700000,2412.03,2412.42,2403.67,2406.88,9462
1788420600000,2406.88,2412.16,2401.87,2407.02,8235.04
1788421500000,2407.02,2408.68,2394.29,2397.5,15725.61
1788422400000,2397.5,2412.37,2397.5,2404.55,15004.65
1788423300000,2404.55,2408.44,2399.28,2407.78,5021.54
1788424200000,2407.78,2408.59,2404.05,2404.67,2047.52
1788425100000,2404.67,2406.65,2399.67,2402.47,2866.36
1788426000000,2402.47,2406.9,2400.13,2403.96,2886.33
1788426900000,2403.96,2405.5,2397.85,2398.1,3118.61
1788427800000,2398.1,2398.96,2392.05,2396.01,5199.68
1788428700000,2396.01,2398.51,2392.47,2392.76,3301.17
1788429600000,2392.76,2395.47,2389.13,2390.53,8078.92
1788430500000,2390.53,2398,2388.71,2395.31,8635.93
1788431400000,2395.31,2396.34,2388.72,2390.49,3655.12
1788432300000,2390.49,2396.63,2390.18,2395.85,3190.61
1788433200000,2395.85,2399.33,2394.5,2398.53,4773.11
1788434100000,2398.53,2405.45,2398.53,2404.54,7134.78
1788435000000,2404.54,2408.76,2401.33,2407.39,6855.83
1788435900000,2407.39,2410.36,2404.11,2406.01,5838.62
1788436800000,2406.01,2410,2404.04,2408.47,2522.4
1788437700000,2408.47,2410.86,2404.41,2406.62,2028.75
1788438600000,2406.62,2422.85,2406.62,2412.24,24914.01
1788439500000,2412.24,2426.54,2411.88,2422.48,15439.42
1788440400000,2422.48,2423.76,2416.18,2418.59,9334.33
1788441300000,2418.59,2420.68,2414.89,2418.78,4776.53
1788442200000,2418.78,2435.5,2417.13,2433.74,21400.38
1788443100000,2433.74,2435.23,2423.29,2428.91,10403.64
1788444000000,2428.91,2439.19,2424.19,2438.75,11736.77
1788444900000,2438.75,2450.57,2437.01,2449.36,23547.14
1788445800000,2449.36,2464.78,2447,2455.8,30672.16
1788446700000,2455.8,2489.29,2455.3,2488.46,39551.22
1788447600000,2488.46,2504.59,2478.2,2485.29,42458.05
1788448500000,2485.29,2492.45,2480.99,2489.26,15434.08
1788449400000,2489.26,2496.29,2486.82,2491.82,17023.52
1788450300000,2491.82,2517,2485.85,2516.06,28064.02
1788451200000,2516.06,2518.32,2495.44,2499.76,18787.74
1788452100000,2499.76,2500.4,2487.63,2491.15,15254.56
1788453000000,2491.15,2497.22,2488.08,2488.21,6016.05
1788453900000,2488.21,2495.3,2487.44,2493.37,4647.61
1788454800000,2493.37,2499.14,2490.75,2498.64,3603.01
1788455700000,2498.64,2502.77,2495.14,2498.95,4436.8
1788456600000,2498.95,2505.44,2497.76,2501.1,4523.3
1788457500000,2501.1,2504.93,2498.5,2499.54,2810.05
1788458400000,2499.54,2511.43,2499,2506.93,8805.22
1788459300000,2506.93,2508.35,2498.51,2499.44,6117.38
1788460200000,2499.44,2502.2,2497.03,2498.04,3064.93
1788461100000,2498.04,2513.85,2497.73,2512.21,5413.65
1788462000000,2512.21,2529.94,2507.52,2508.23,29070.05
1788462900000,2508.23,2518.67,2506.17,2513.71,6330.05
1788463800000,2513.71,2516.96,2507.11,2514.75,3421
1788464700000,2514.75,2517.44,2508.79,2517.35,4172.69
1788465600000,2517.35,2517.56,2503.93,2509.83,7136.38
1788466500000,2509.83,2513.41,2505.54,2509.27,3670.45
1788467400000,2509.27,2510.69,2501.03,2502.55,5034.65
1788468300000,2502.55,2507.9,2502.09,2503.88,3164.15
1788469200000,2503.88,2511,2498.66,2510.62,5096.81
1788470100000,2510.62,2512.65,2506.08,2512.32,5924.27
1788471000000,2512.32,2526.17,2507.79,2507.85,13706.45
1788471900000,2507.85,2515.65,2505.3,2510.22,9301.07
1788472800000,2510.22,2511.41,2500.18,2503.16,4071.21
1788473700000,2503.16,2505.02,2493.07,2493.44,5220.89
1788474600000,2493.44,2496.01,2488.32,2496,7969.9
1788475500000,2496,2500.52,2495.18,2495.52,3083.68
1788476400000,2495.52,2498.1,2494.14,2495.66,2368.48
1788477300000,2495.66,2500.87,2494.55,2500.87,2943.31
1788478200000,2500.87,2507.51,2496.57,2505.65,5516.77
1788479100000,2505.65,2508.74,2502.11,2506.41,5677.72
1788480000000,2506.41,2508.63,2502.23,2507.02,16640.33
1788480900000,2507.02,2511.3,2503.71,2505.29,5383.01
1788481800000,2505.29,2515,2503.7,2505.38,11105.17
1788482700000,2505.38,2507.04,2500.03,2500.42,5442.74
1788483600000,2500.42,2506.96,2496,2503.26,8934.5
1788484500000,2503.26,2509.52,2501.18,2503.74,3187.51
1788485400000,2503.74,2507.88,2497.37,2498.61,7066.53
1788486300000,2498.61,2507,2497.17,2505.75,3419.13
1788487200000,2505.75,2505.91,2498.81,2501.69,1909.99
1788488100000,2501.69,2504.5,2497.56,2498.4,3611.24
1788489000000,2498.4,2503.99,2496.87,2499.56,2528.22
1788489900000,2499.56,2506.71,2498.62,2506.71,3614.61
1788490800000,2506.71,2516.28,2506.55,2509.94,17346.69
1788491700000,2509.94,2510.47,2505.85,2505.97,3888.58
1788492600000,2505.97,2507.61,2503.62,2505.37,2266.75
1788493500000,2505.37,2507.16,2503.64,2503.74,2630.37
1788494400000,2503.74,2506.39,2501.2,2506.33,2289.25
1788495300000,2506.33,2522.83,2505.5,2522.27,19150.26
1788496200000,2522.27,2523.9,2510.02,2510.96,8648.84
1788497100000,2510.96,2512.38,2507.07,2508.02,3767.6
1788498000000,2508.02,2513.36,2505.5,2510.05,5140.4
1788498900000,2510.05,2515.6,2509.51,2510,3688.58
1788499800000,2510,2511.69,2506.19,2511.49,5732.63
1788500700000,2511.49,2513.25,2503.21,2508.12,5206.39
1788501600000,2508.12,2518.27,2506.01,2513.8,10097.07
1788502500000,2513.8,2513.8,2504,2504.8,3336.54
1788503400000,2504.8,2508,2498.9,2508,12211.27
1788504300000,2508,2508.22,2503.54,2507.08,4665.2
1788505200000,2507.08,2515.47,2506.59,2514,5415.25
1788506100000,2514,2514.87,2508.41,2510.07,2503.73
1788507000000,2510.07,2511.74,2504.25,2506.31,3384.13
1788507900000,2506.31,2508,2503.22,2503.83,4659.2
1788508800000,2503.83,2512.5,2502.5,2512.12,4398.67
1788509700000,2512.12,2516.39,2510.15,2515.75,17841.88
1788510600000,2515.75,2520.83,2513.17,2518,12448.84
1788511500000,2518,2537.1,2514.89,2526.49,36199.75
1788512400000,2526.49,2535.47,2524.43,2529.05,17242.97
1788513300000,2529.05,2546.6,2517.83,2521.24,30807.27
1788514200000,2521.24,2532.57,2518.75,2528.36,18614.9
1788515100000,2528.36,2530.14,2519.16,2520.08,9697.17
1788516000000,2520.08,2523.83,2515.73,2518.96,5792.47
1788516900000,2518.96,2521,2513.01,2520.13,7143.83
1788517800000,2520.13,2527.29,2518.38,2526.74,5287.91
1788518700000,2526.74,2527.07,2521.46,2524.98,2809.84
1788519600000,2524.98,2525.36,2519.05,2521.48,2474.12
1788520500000,2521.48,2525.88,2520.49,2524.42,4455.71
1788521400000,2524.42,2526.92,2521.62,2523.89,3323.16
1788522300000,2523.89,2526.53,2520.68,2521.71,1643.84
1788523200000,2521.71,2524.5,2519.49,2523.56,2726.87
1788524100000,2523.56,2530.89,2518.04,2528.84,8630.02
1788525000000,2528.84,2528.84,2433.45,2449.81,157838.3
1788525900000,2449.81,2457.38,2432.73,2450.08,30860.87
1788526800000,2450.08,2453.67,2443.4,2444.97,14866.87
1788527700000,2444.97,2454.3,2443.82,2449.23,12371.32
1788528600000,2449.23,2456.13,2434.2,2449.75,21881.13
1788529500000,2449.75,2463.5,2446.5,2451.34,20011.14
1788530400000,2451.34,2457.69,2446.31,2452.99,8660.58
1788531300000,2452.99,2455.25,2442.41,2452.95,19792.13
1788532200000,2452.95,2457.5,2437.07,2443.19,11486.06
1788533100000,2443.19,2447.12,2428.87,2439.17,24954.1
1788534000000,2439.17,2447.89,2436.77,2447.89,9112.29
1788534900000,2447.89,2455.81,2447.11,2453.74,5926.89
1788535800000,2453.74,2457.84,2451.64,2454.75,8298.23
1788536700000,2454.75,2455,2449.04,2451,9086.99
1788537600000,2451,2453.5,2449.18,2449.74,2545.69
1788538500000,2449.74,2453.45,2449.12,2453.44,1754.18
1788539400000,2453.44,2461.77,2452.96,2459.99,10210.69
1788540300000,2459.99,2463.84,2457.58,2459.52,5950.21
1788541200000,2459.52,2460.18,2450.67,2450.83,7528.49
1788542100000,2450.83,2450.83,2445.75,2446.63,3933.13
1788543000000,2446.63,2448.95,2443.32,2445.75,2663.13
1788543900000,2445.75,2446.33,2441.66,2444.08,1997.67
1788544800000,2444.08,2449.25,2443.79,2444.16,3145.11
1788545700000,2444.16,2448.62,2444.16,2447.02,1429.55
1788546600000,2447.02,2451.34,2447.02,2450.31,1436.74
1788547500000,2450.31,2450.66,2448.12,2449.5,611.87
1788548400000,2449.5,2454.27,2449.5,2453.19,1860.16
1788549300000,2453.19,2456.78,2452.65,2456.25,1434.01
1788550200000,2456.25,2456.25,2452.44,2453.75,1255.34
1788551100000,2453.75,2456.29,2452.5,2454.79,2841.45
1788552000000,2454.79,2457.76,2452.03,2452.5,1819.1
1788552900000,2452.5,2456.59,2451.35,2452.2,2670.81
1788553800000,2452.2,2453.92,2451.01,2452.95,964.92
1788554700000,2452.95,2454.68,2449.4,2450.38,944.5
1788555600000,2450.38,2453.83,2449.42,2452.4,2027.78
1788556500000,2452.4,2454.11,2451.21,2451.93,1308.23
1788557400000,2451.93,2455.88,2451.6,2455.24,1053.45
1788558300000,2455.24,2455.85,2448.67,2450.88,4052.89
1788559200000,2450.88,2453.2,2450.36,2451.91,958.63
1788560100000,2451.91,2452.25,2450,2451.62,570.45
1788561000000,2451.62,2453.49,2451,2451.01,510.12
1788561900000,2451.01,2451.72,2449.5,2450.03,712.2
1788562800000,2450.03,2451.01,2448.86,2449.59,410.97
1788563700000,2449.59,2454.06,2449.42,2452.68,1225.64
1788564600000,2452.68,2452.88,2451.46,2452.6,208.93
1788565500000,2452.6,2454.83,2452.5,2454.6,800.45
1788566400000,2454.6,2455.7,2452.32,2453.44,1187.54
1788567300000,2453.44,2453.58,2451.61,2452.03,341.04
1788568200000,2452.03,2454.71,2450.99,2453,1550.95
1788569100000,2453,2454.26,2450.5,2451.25,2174.29
1788570000000,2451.25,2454.81,2450.35,2452.49,3457.63
1788570900000,2452.49,2455,2451.36,2454.94,2224.61
1788571800000,2454.94,2454.96,2452.25,2452.8,524.64
1788572700000,2452.8,2453.97,2450.84,2450.84,2367.11
1788573600000,2450.84,2452.22,2449,2451.32,1514.55
1788574500000,2451.32,2452.3,2449.86,2449.89,1280.17
1788575400000,2449.89,2452.3,2449.33,2451.86,1684.5
1788576300000,2451.86,2452.49,2449,2452.29,983.25
1788577200000,2452.29,2452.29,2450.02,2451.51,363.75
1788578100000,2451.51,2453.66,2450.86,2452.49,1773.19
1788579000000,2452.49,2454.87,2452.32,2453.08,2207.82
1788579900000,2453.08,2453.43,2451.29,2451.61,1558.15
1788580800000,2451.61,2452.24,2449.91,2450.18,1919.8
1788581700000,2450.18,2451.61,2450.17,2451.34,1009.59
1788582600000,2451.34,2451.64,2449.61,2450.13,632.99
1788583500000,2450.13,2450.71,2447.28,2448.48,2571.84
1788584400000,2448.48,2449.35,2443.91,2449.27,5287.21
1788585300000,2449.27,2450.08,2447.59,2450,1650.73
1788586200000,2450,2451.34,2449.06,2449.09,1168.37
1788587100000,2449.09,2451.19,2447.8,2450.24,1959.3
1788588000000,2450.24,2452,2449.52,2451,2161.53
1788588900000,2451,2451.2,2449.93,2449.99,1127.34
1788589800000,2449.99,2453.71,2449.99,2451.53,6285.28
1788590700000,2451.53,2452.68,2451.36,2452.08,575.55
1788591600000,2452.08,2453.75,2451.77,2453.75,1488.45
1788592500000,2453.75,2457.15,2452.5,2455.76,1507.49
1788593400000,2455.76,2458,2454.92,2457.19,3076.97
1788594300000,2457.19,2458,2455.49,2456.07,1481.35
1788595200000,2456.07,2456.34,2453.6,2453.85,2830.83
1788596100000,2453.85,2456.16,2452.07,2454.07,4460.62
1788597000000,2454.07,2454.38,2451.61,2454.23,2502.67
1788597900000,2454.23,2455.91,2452.8,2455.55,850.55
1788598800000,2455.55,2458.88,2455.33,2457.96,4614.78
1788599700000,2457.96,2457.96,2456.29,2456.92,1048.23
1788600600000,2456.92,2458.88,2456.58,2458.88,1208.92
1788601500000,2458.88,2459.28,2457.17,2457.26,834.63
1788602400000,2457.26,2457.5,2456.16,2456.26,499.56
1788603300000,2456.26,2456.64,2453.51,2453.52,3762.29
1788604200000,2453.52,2455.92,2453,2454.46,3454.4
1788605100000,2454.46,2454.94,2453.1,2453.26,1529.74
1788606000000,2453.26,2454.61,2453,2453.21,1702.9
1788606900000,2453.21,2453.5,2451.5,2452.77,3377.02
1788607800000,2452.77,2453.35,2452.22,2452.7,323.76
1788608700000,2452.7,2455.24,2452.4,2452.64,1520.37
1788609600000,2452.64,2454.79,2452.64,2454.11,539.24
1788610500000,2454.11,2454.72,2453.55,2453.85,398.23
1788611400000,2453.85,2458.77,2452.13,2458.01,7035.23
1788612300000,2458.01,2461.28,2456.97,2457.71,5368.12
1788613200000,2457.71,2460.25,2456.52,2458.34,2003.56
1788614100000,2458.34,2460.94,2456.46,2458.71,1767.02
1788615000000,2458.71,2459.49,2454.65,2455.58,4652.56
1788615900000,2455.58,2456.39,2448.03,2453.18,8187.46
1788616800000,2453.18,2455.81,2453,2453.91,3166.03
1788617700000,2453.91,2456.26,2453.12,2456.15,1757.74
1788618600000,2456.15,2457.1,2454.39,2455.25,1497.19
1788619500000,2455.25,2458,2454.15,2456.07,2513.9
1788620400000,2456.07,2458.6,2455.34,2457.99,2020.91
1788621300000,2457.99,2459,2454.72,2456.3,2858.24
1788622200000,2456.3,2458.79,2456.3,2457.28,554.5
1788623100000,2457.28,2458.77,2457.02,2458.66,814.05
1788624000000,2458.66,2459.61,2457.59,2458.51,817.08
1788624900000,2458.51,2463.38,2458.31,2462.4,4276.86
1788625800000,2462.4,2469.01,2462.4,2465.04,12300.35
1788626700000,2465.04,2473.55,2465.04,2470.15,17920.2
1788627600000,2470.15,2481.67,2469.69,2479.29,17540.44
1788628500000,2479.29,2480.64,2474.68,2476.89,6321.6
1788629400000,2476.89,2484.63,2474,2475.85,6907.72
1788630300000,2475.85,2480.85,2475.36,2479.97,2521.3
1788631200000,2479.97,2481.16,2476.18,2477.46,3118.47
1788632100000,2477.46,2478.52,2475.3,2475.42,2600.23
1788633000000,2475.42,2478.5,2474.65,2476.75,1561.54
1788633900000,2476.75,2479.55,2475.14,2479.35,755.74
1788634800000,2479.35,2479.35,2474.8,2476.96,2573.24
1788635700000,2476.96,2481.73,2476.19,2478.56,2828.94
1788636600000,2478.56,2480.36,2472.13,2476.15,4454.11
1788637500000,2476.15,2477.5,2471.51,2476.1,6093.05
1788638400000,2476.1,2482.54,2474.12,2478.11,5005.87
1788639300000,2478.11,2478.72,2473.69,2475.37,5659.46
1788640200000,2475.37,2478.48,2473.82,2478.47,2619.6
1788641100000,2478.47,2479.47,2475.3,2476.4,2808.66
1788642000000,2476.4,2477.23,2475.14,2475.96,918.06
1788642900000,2475.96,2480,2475.49,2479.84,1547.03
1788643800000,2479.84,2492.12,2479.38,2489.93,9271.06
1788644700000,2489.93,2490.44,2487.12,2488.01,1959.26
1788645600000,2488.01,2489.98,2483.05,2486.23,3115.14
1788646500000,2486.23,2487.46,2477.64,2479.62,5067.03
1788647400000,2479.62,2483.69,2479.52,2480.89,7793.92
1788648300000,2480.89,2481,2478.81,2479.82,1654.17
1788649200000,2479.82,2479.99,2477.01,2477.74,923.27
1788650100000,2477.74,2481.24,2477.04,2479.71,2636.58
1788651000000,2479.71,2482.6,2476.01,2479.77,3499.79
1788651900000,2479.77,2482.5,2477.95,2479.27,3911.07
1788652800000,2479.27,2480.5,2478.01,2480.5,749.57
1788653700000,2480.5,2487.24,2480.22,2485.64,2266.41
1788654600000,2485.64,2488.85,2483.91,2486.1,3482.4
1788655500000,2486.1,2491.13,2485.33,2488.77,4217.65
1788656400000,2488.77,2498.57,2487.81,2495.99,11941.12
1788657300000,2495.99,2496.12,2490.01,2492.4,5355.59
1788658200000,2492.4,2507.16,2492.33,2500.63,13570.26
1788659100000,2500.63,2506.38,2499.51,2504.25,9696.43
1788660000000,2504.25,2511.88,2500.37,2506.13,18352.32
1788660900000,2506.13,2506.69,2500.41,2500.82,3166.62
1788661800000,2500.82,2503.6,2499.81,2501.27,1840.11
1788662700000,2501.27,2502.95,2499.93,2502.24,934.4
1788663600000,2502.24,2504.73,2500.16,2504.45,1258.58
1788664500000,2504.45,2506.25,2498.97,2500.33,3230.28
1788665400000,2500.33,2513.71,2500.16,2511.63,7070.91
1788666300000,2511.63,2513.18,2506,2508.72,4378.52
1788667200000,2508.72,2509.25,2505.6,2506.21,1641.11
1788668100000,2506.21,2507.21,2497.14,2502.11,6629.55
1788669000000,2502.11,2503.24,2500.17,2503.09,1728.15
1788669900000,2503.09,2504.98,2501.16,2503.46,1667.45
1788670800000,2503.46,2505.25,2501.32,2501.32,1481.87
1788671700000,2501.32,2505.76,2500.2,2503.82,3827.76
1788672600000,2503.82,2523,2503.82,2514.83,23595.05
1788673500000,2514.83,2516.47,2509.54,2512.19,5430.25
1788674400000,2512.19,2512.49,2507.84,2508.14,4922.31
1788675300000,2508.14,2508.76,2504.58,2505.32,2818.46
1788676200000,2505.32,2507.6,2504.1,2507.6,4496.67
1788677100000,2507.6,2507.79,2502.37,2504.9,5902.83
1788678000000,2504.9,2506.92,2481.36,2488.77,27954.74
1788678900000,2488.77,2498.45,2488.77,2494.51,11203.12
1788679800000,2494.51,2495.8,2491.08,2495.34,8378.08
1788680700000,2495.34,2497.02,2493.93,2496.01,3496.12
1788681600000,2496.01,2498.98,2493.4,2497.65,6030.75
1788682500000,2497.65,2498,2493.86,2493.87,1511.2
1788683400000,2493.87,2493.87,2491.09,2492.94,3225.98
1788684300000,2492.94,2496.43,2491,2494.79,7760.93
1788685200000,2494.79,2498.35,2493.26,2498.04,4631.31
1788686100000,2498.04,2502.9,2497,2501.14,5884.63
1788687000000,2501.14,2502.76,2492.9,2495.35,5240.91
1788687900000,2495.35,2498.59,2494.52,2498.01,2646.24
1788688800000,2498.01,2501.56,2497.6,2497.72,4648.03
1788689700000,2497.72,2499.49,2496.79,2497,3232.54
1788690600000,2497,2499.7,2496.5,2499.62,1874.82
1788691500000,2499.62,2501.59,2498.06,2500.68,2278.59
1788692400000,2500.68,2503.5,2498.35,2501.68,6279.88
1788693300000,2501.68,2503.2,2499.35,2499.48,5681.84
1788694200000,2499.48,2501.99,2499,2501.44,3974.51
1788695100000,2501.44,2502.26,2499.6,2500.69,610.84
1788696000000,2500.69,2502.47,2498.32,2502.45,1516.59
1788696900000,2502.45,2504.16,2500.51,2501.04,2822.83
1788697800000,2501.04,2503.76,2498.7,2498.71,3665.34
1788698700000,2498.71,2502,2496.45,2499.46,3528.98
1788699600000,2499.46,2499.83,2495.43,2496.19,7877.99
1788700500000,2496.19,2496.26,2490.06,2490.16,4754.48
1788701400000,2490.16,2493.1,2485.35,2491.56,7026.3
1788702300000,2491.56,2494.79,2490.93,2493.66,3850.2
1788703200000,2493.66,2494,2486.2,2486.91,2630.32
1788704100000,2486.91,2487.79,2473.06,2480.8,27304.61
1788705000000,2480.8,2484.57,2458.95,2484.17,28207.95
1788705900000,2484.17,2484.99,2476.33,2477.38,9574.04
1788706800000,2477.38,2477.77,2468,2475.71,9781.49
1788707700000,2475.71,2479.99,2475.39,2477.75,2394.1
1788708600000,2477.75,2480.95,2474.68,2479.89,2714.38
1788709500000,2479.89,2481.66,2478.16,2478.5,3125.38
1788710400000,2478.5,2482.83,2474.37,2481.62,5188.53
1788711300000,2481.62,2482.31,2477.6,2481.96,2253.55
1788712200000,2481.96,2487,2480.12,2483.15,5068.53
1788713100000,2483.15,2483.96,2480.75,2483.49,7073.92
1788714000000,2483.49,2485,2479.51,2484.6,4562.19
1788714900000,2484.6,2494,2484.59,2488.45,10659.56
1788715800000,2488.45,2493.7,2487.05,2492.13,3668.92
1788716700000,2492.13,2492.98,2489.88,2490.5,1340.98
1788717600000,2490.5,2494,2490.49,2492.71,1543.86
1788718500000,2492.71,2496.83,2492.18,2494.95,3572.96
1788719400000,2494.95,2499.56,2494.95,2497.07,3632.01
1788720300000,2497.07,2497.07,2492.25,2493.33,2234.43
1788721200000,2493.33,2493.73,2490.46,2490.46,1674.79
1788722100000,2490.46,2492.54,2489.06,2491.22,2064.81
1788723000000,2491.22,2491.43,2488.78,2489.57,784.93
1788723900000,2489.57,2490.25,2488.58,2489.74,674.11
1788724800000,2489.74,2491.97,2487.67,2491.52,1140.39
1788725700000,2491.52,2496.69,2490.52,2495.15,2865.32
1788726600000,2495.15,2496.61,2493.52,2496.34,2311.03
1788727500000,2496.34,2499.48,2496.17,2498.65,1789.5
1788728400000,2498.65,2513,2498.58,2510.38,15575.31
1788729300000,2510.38,2515.56,2504.45,2505.22,6282.77
1788730200000,2505.22,2510.24,2503.39,2506.56,3952.08
1788731100000,2506.56,2511.6,2505.12,2507.25,2897.08
1788732000000,2507.25,2507.98,2494.58,2497.09,5202.81
1788732900000,2497.09,2499.08,2487.68,2497.94,7804.85
1788733800000,2497.94,2506.91,2497.69,2505.62,6218.08
1788734700000,2505.62,2510,2504.02,2507.11,4525.65
1788735600000,2507.11,2516.17,2505.62,2509.63,5884.55
1788736500000,2509.63,2514.47,2508.01,2511.5,2523.01
1788737400000,2511.5,2521.74,2511.09,2519.02,13498.45
1788738300000,2519.02,2525.22,2510.93,2513.18,19366.51
1788739200000,2513.18,2516.84,2508.76,2514.43,8245.99
1788740100000,2514.43,2517.34,2507.7,2516.92,16129.44
1788741000000,2516.92,2521.71,2511.51,2514,14942.24
1788741900000,2514,2515.6,2508.6,2512,5881.91
1788742800000,2512,2515.29,2502.01,2506.09,8571.79
1788743700000,2506.09,2508.98,2500.02,2503.68,6433.78
1788744600000,2503.68,2507.06,2498,2499.98,3286.11
1788745500000,2499.98,2504.75,2498.81,2503.34,3514.85
1788746400000,2503.34,2503.89,2497.74,2500.03,4007.07
1788747300000,2500.03,2510.98,2499.54,2509.86,6481.4
1788748200000,2509.86,2535.92,2508.5,2526.04,24978.64
1788749100000,2526.04,2526.79,2509.33,2510.66,12487.79
1788750000000,2510.66,2515.08,2505.49,2506.18,7778.2
1788750900000,2506.18,2510.05,2502.49,2503.41,4645.35
1788751800000,2503.41,2505.52,2495.38,2496.37,6906.11
1788752700000,2496.37,2500,2495.26,2496.3,6407.47
1788753600000,2496.3,2497.8,2492.4,2496.99,4433.01
1788754500000,2496.99,2498.84,2495.25,2495.77,4995.02
1788755400000,2495.77,2497.27,2491.33,2496.57,5443.41
1788756300000,2496.57,2498.05,2493.45,2497.01,4045.92
1788757200000,2497.01,2504.69,2496.01,2503,5660.09
1788758100000,2503,2513.1,2502.9,2511.72,8794.94
1788759000000,2511.72,2512.65,2508.19,2510.57,1977.31
1788759900000,2510.57,2510.58,2502.1,2503.69,3715.69
1788760800000,2503.69,2509.08,2502.13,2508.73,2220.23
1788761700000,2508.73,2508.75,2502.36,2502.73,3825.67
1788762600000,2502.73,2503.97,2498.03,2498.24,3368.75
1788763500000,2498.24,2499.5,2496.36,2496.98,1771.03
1788764400000,2496.98,2501.27,2494.82,2498.95,3880.61
1788765300000,2498.95,2500.27,2484.62,2487.69,11779.22
1788766200000,2487.69,2492.23,2473.41,2484.29,21386.04
1788767100000,2484.29,2488.29,2484.23,2488.28,7224.32
1788768000000,2488.28,2490,2487.5,2487.78,5669.22
1788768900000,2487.78,2491.67,2487.78,2489.65,4245.15
1788769800000,2489.65,2492.57,2488.58,2491.79,4779.32
1788770700000,2491.79,2492.6,2489.21,2489.95,5090.68
1788771600000,2489.95,2495.66,2489.11,2494.6,6298.52
1788772500000,2494.6,2496.73,2491.96,2493.71,4193.27
1788773400000,2493.71,2493.86,2488,2489.31,6228
1788774300000,2489.31,2492.21,2483.01,2483.57,4985.33
1788775200000,2483.57,2488.4,2483.57,2486.75,7231.18
1788776100000,2486.75,2489.16,2486.15,2488.64,1105.75
1788777000000,2488.64,2490.68,2487.05,2490.43,1457.87
1788777900000,2490.43,2491.58,2487,2487.8,3105.39
1788778800000,2487.8,2489.68,2485.32,2489.68,3850.32
1788779700000,2489.68,2492.64,2488.79,2491.32,2849.33
1788780600000,2491.32,2492.63,2489.11,2489.32,1645.51
1788781500000,2489.32,2490.37,2486.83,2488.11,3093.86
1788782400000,2488.11,2491.74,2488,2488,1445.77
1788783300000,2488,2493.05,2487.88,2492.59,2199.95
1788784200000,2492.59,2493.55,2492.03,2493.22,1207.82
1788785100000,2493.22,2507.83,2493.15,2504.19,12834.56
1788786000000,2504.19,2509.39,2501.67,2508.96,8834.08
1788786900000,2508.96,2510.57,2505.09,2507.75,2413.73
1788787800000,2507.75,2507.89,2494.24,2497.44,7463.59
1788788700000,2497.44,2501.63,2495.65,2497.91,2904.97
1788789600000,2497.91,2498.66,2482.42,2486.25,12407.18
1788790500000,2486.25,2489.18,2481.13,2481.75,7416.99
1788791400000,2481.75,2483.44,2475.06,2480.69,14522.55
1788792300000,2480.69,2490.92,2480.09,2489.19,7611.88
1788793200000,2489.19,2489.5,2481.36,2482.33,4946.14
1788794100000,2482.33,2488.17,2474.12,2481.14,6662.31
1788795000000,2481.14,2481.55,2464.38,2468.95,20266.94
1788795900000,2468.95,2473.94,2465.36,2469.25,9051.26
1788796800000,2469.25,2475.51,2468.99,2474.52,4822.24
1788797700000,2474.52,2474.75,2470.03,2470.03,2055.14
1788798600000,2470.03,2480.72,2469.17,2479.97,6967.11
1788799500000,2479.97,2482,2478.41,2481.87,2046.63
1788800400000,2481.87,2489.67,2481.06,2488.75,5884.97
1788801300000,2488.75,2490.59,2485.3,2487.46,4166.99
1788802200000,2487.46,2493.52,2484.36,2492.08,3377.02
1788803100000,2492.08,2498.45,2490.84,2494.53,5375.35
1788804000000,2494.53,2496.35,2492.21,2493.38,2396.97
1788804900000,2493.38,2494.13,2488.46,2489.05,3089.56
1788805800000,2489.05,2489.05,2486.02,2488.27,2636.29
1788806700000,2488.27,2493.7,2486.92,2490.62,2956.66
1788807600000,2490.62,2491,2487.96,2490.04,2027.19
1788808500000,2490.04,2492.49,2489.69,2491.25,298.92
1788809400000,2491.25,2496.99,2491.25,2495.12,3259.74
1788810300000,2495.12,2495.95,2493.22,2494.76,1092.68
1788811200000,2494.76,2496.44,2487.33,2488.39,4731.09
1788812100000,2488.39,2489.09,2486.08,2488.63,1805.63
1788813000000,2488.63,2491.71,2487.93,2490.92,1569.6
1788813900000,2490.92,2495.29,2489.12,2493.89,4965.16
1788814800000,2493.89,2494.97,2490.84,2494.89,1217.66
1788815700000,2494.89,2495.79,2491.25,2491.64,2454.13
1788816600000,2491.64,2492.76,2490.08,2491.67,609.28
1788817500000,2491.67,2492.34,2488.91,2489.87,782.22
1788818400000,2489.87,2490.9,2483.4,2487.88,5815.67
1788819300000,2487.88,2491.19,2481,2485.15,6885.44
1788820200000,2485.15,2485.38,2473.44,2477.66,9268.79
1788821100000,2477.66,2482.25,2477.42,2481.58,2266.62
1788822000000,2481.58,2488.55,2480.81,2487.26,4704.95
1788822900000,2487.26,2487.77,2481.45,2483.5,2400.74
1788823800000,2483.5,2489.71,2482.15,2489.46,1006.97
1788824700000,2489.46,2492.87,2489.01,2489.2,3558.39
1788825600000,2489.2,2489.85,2484,2486.99,4978.54
1788826500000,2486.99,2490,2482.26,2482.64,3780.89
1788827400000,2482.64,2493.7,2482.45,2489.72,3676.89
1788828300000,2489.72,2494.57,2489.03,2494.57,3301.2
1788829200000,2494.57,2496.66,2492.15,2495.26,5760.99
1788830100000,2495.26,2504.95,2494.58,2501.56,9667.3
1788831000000,2501.56,2501.56,2497.81,2498.87,2721.81
1788831900000,2498.87,2503.49,2498.01,2503.19,1910.19
1788832800000,2503.19,2503.5,2493.43,2497.98,6631.8
1788833700000,2497.98,2506.99,2495,2495.82,5102.34
1788834600000,2495.82,2496.62,2488.53,2490.44,4575.73
1788835500000,2490.44,2491.93,2483.49,2483.61,5088.58
1788836400000,2483.61,2486.64,2481.86,2482.43,3767.5
1788837300000,2482.43,2483.89,2477.08,2479.97,5482.3
1788838200000,2479.97,2487.49,2479.67,2485.68,7503.84
1788839100000,2485.68,2486.3,2483.2,2485.31,989.71
1788840000000,2485.31,2485.49,2480.57,2482,2658.31
1788840900000,2482,2485.44,2479.66,2481.96,3821.95
1788841800000,2481.96,2484.61,2480.8,2482.07,2541.71
1788842700000,2482.07,2483.24,2477.8,2478.01,2618.95
1788843600000,2478.01,2483.5,2475,2477.21,6479.81
1788844500000,2477.21,2483.99,2475.61,2481.18,7031.9
1788845400000,2481.18,2481.63,2472.23,2472.64,11766.22
1788846300000,2472.64,2476.41,2471.29,2471.98,3260.29
1788847200000,2471.98,2474.97,2469.01,2473.93,7809.34
1788848100000,2473.93,2476.25,2461.37,2465.31,13499.49
1788849000000,2465.31,2467.4,2462.17,2464.66,3495.96
1788849900000,2464.66,2469.01,2463,2467.89,13433.53
1788850800000,2467.89,2474.99,2467.02,2473.42,5094.91
1788851700000,2473.42,2478.68,2472.49,2477.41,4018.87
1788852600000,2477.41,2484.17,2476.91,2477.76,9718.36
1788853500000,2477.76,2479.08,2470.51,2478.25,9907.11
1788854400000,2478.25,2478.65,2468.01,2471.9,4669.79
1788855300000,2471.9,2476.68,2469.72,2475.2,5437.52
1788856200000,2475.2,2481.67,2473.73,2480.1,3120.21
1788857100000,2480.1,2482.5,2475.01,2476.79,3826.55
1788858000000,2476.79,2480.43,2474.76,2479.41,5180.69
1788858900000,2479.41,2481.38,2476.01,2480.05,3242
1788859800000,2480.05,2494.93,2479.64,2492.63,13398.35
1788860700000,2492.63,2494,2489.65,2490.7,11112.84
1788861600000,2490.7,2490.7,2485.51,2488.62,6013.85
1788862500000,2488.62,2499.06,2487.99,2491.28,12249.36
1788863400000,2491.28,2491.69,2482,2483.17,7804.51
1788864300000,2483.17,2484.47,2479.59,2480.18,2419.86
1788865200000,2480.18,2481.5,2470.16,2471.25,7711.5
1788866100000,2471.25,2476.14,2471.08,2473.98,4158.91
1788867000000,2473.98,2476.43,2473,2473.85,2417.16
1788867900000,2473.85,2474.36,2470.5,2473.74,5996.89
1788868800000,2473.74,2473.74,2467.11,2468.57,7031.82
1788869700000,2468.57,2475.22,2468.56,2474.77,2022.21
1788870600000,2474.77,2475.22,2469.74,2472.11,5754.61
1788871500000,2472.11,2475.2,2470.43,2472.12,4732.79
1788872400000,2472.12,2474.95,2470.04,2472.35,1854.77
1788873300000,2472.35,2473.5,2465.39,2468.9,5950.25
1788874200000,2468.9,2469.18,2440.5,2449.05,45401.53
1788875100000,2449.05,2463.9,2445,2458.62,20723.91
1788876000000,2458.62,2475.73,2455.66,2471.77,19318.42
1788876900000,2471.77,2483,2471.77,2477.99,17605.14
1788877800000,2477.99,2482.27,2474.36,2479.8,8528.06
1788878700000,2479.8,2485.65,2478.75,2484.57,10637.21
1788879600000,2484.57,2490.71,2482.61,2487.65,10077.79
1788880500000,2487.65,2491.56,2479.42,2481.05,9609.18
1788881400000,2481.05,2496.3,2481.05,2494.73,12188.25
1788882300000,2494.73,2500.91,2492.14,2497.68,13160.76
1788883200000,2497.68,2498.1,2487.77,2489,6400.85
1788884100000,2489,2492.28,2485.61,2489.13,4530.46
1788885000000,2489.13,2504.78,2488.5,2495.66,11231.62
1788885900000,2495.66,2499.86,2492.28,2495.49,7105.97
1788886800000,2495.49,2501.77,2492.14,2495.07,8891.67
1788887700000,2495.07,2495.36,2487.98,2490.4,5058.43
1788888600000,2490.4,2493.89,2486.55,2486.96,2276.68
1788889500000,2486.96,2493.53,2486.69,2487.25,3789.94
1788890400000,2487.25,2497.25,2486.75,2496.31,7125.15
1788891300000,2496.31,2507.16,2496.31,2499.42,6812
1788892200000,2499.42,2502,2492.31,2494.34,7458.13
1788893100000,2494.34,2496.2,2474.38,2485.85,14685.09
1788894000000,2485.85,2490.94,2483.4,2484.8,4434.15
1788894900000,2484.8,2488.73,2481.06,2485.28,4921.36
1788895800000,2485.28,2487.84,2478.2,2480.95,5619.46
1788896700000,2480.95,2481.48,2475,2481.37,7317.57
1788897600000,2481.37,2490.75,2479.36,2489.86,4310.32
1788898500000,2489.86,2490.23,2481.71,2486.07,4719.66
1788899400000,2486.07,2486.09,2479.5,2483,1816.29
1788900300000,2483,2485.34,2481.54,2482,1391.53
1788901200000,2482,2485.89,2481.17,2484.44,939.02
1788902100000,2484.44,2486.26,2481.14,2481.74,5427.37
1788903000000,2481.74,2483.41,2478.72,2481.89,4571.44
1788903900000,2481.89,2483.03,2477.26,2481.71,1295.52
1788904800000,2481.71,2487.99,2480.19,2482.71,2937.11
1788905700000,2482.71,2485.75,2482.02,2483.53,2310.52
1788906600000,2483.53,2486.09,2481.47,2483.33,1585.54
1788907500000,2483.33,2489,2483.33,2487.88,2248.09
1788908400000,2487.88,2489.54,2483.03,2484.24,3711.23
1788909300000,2484.24,2484.24,2481.82,2483.29,1704.28
1788910200000,2483.29,2484.85,2483.25,2484.42,332.37
1788911100000,2484.42,2485.2,2482.65,2483.97,870.92
1788912000000,2483.97,2494.41,2483.97,2493.79,8584.88
1788912900000,2493.79,2494.01,2488.34,2490.08,2045.47
1788913800000,2490.08,2492.5,2486.64,2492.5,907.1
1788914700000,2492.5,2496.98,2492.31,2495.4,4674.33
1788915600000,2495.4,2498.16,2491.47,2493.52,4298.58
1788916500000,2493.52,2494.44,2488.2,2491.1,2286.22
1788917400000,2491.1,2498,2489.5,2495.67,1919.92
1788918300000,2495.67,2498.63,2494.63,2496.45,4081.72
1788919200000,2496.45,2498.99,2493.08,2493.52,4805.67
1788920100000,2493.52,2496.75,2488.82,2495.75,4971.51
1788921000000,2495.75,2496.78,2493.73,2496.17,899.01
1788921900000,2496.17,2496.25,2492.66,2492.66,890.43
1788922800000,2492.66,2492.81,2486.3,2486.69,2782.87
1788923700000,2486.69,2489.11,2486,2486.96,2299.72
1788924600000,2486.96,2490.86,2486.39,2489.7,2108.71
1788925500000,2489.7,2491.44,2485.53,2487.99,1825.74
1788926400000,2487.99,2502.11,2487.99,2495.68,23137.71
1788927300000,2495.68,2498.31,2492.54,2495.91,3206.19
1788928200000,2495.91,2512.39,2495.36,2511.12,12785.72
1788929100000,2511.12,2513,2504.03,2508.45,9244.81
1788930000000,2508.45,2509.18,2502.05,2507.14,7292.01
1788930900000,2507.14,2510.39,2501.22,2501.56,11766.49
1788931800000,2501.56,2502.49,2492.16,2494.67,7792.04
1788932700000,2494.67,2496,2490.14,2495.38,4790.46
1788933600000,2495.38,2500.8,2491.26,2499.75,3736.45
1788934500000,2499.75,2504.72,2498.55,2498.61,3386.45
1788935400000,2498.61,2500.99,2496.92,2499.58,2230.41
1788936300000,2499.58,2500.65,2497.8,2500.1,863.29
1788937200000,2500.1,2516.27,2498.58,2509.96,17689.92
1788938100000,2509.96,2514.13,2508.07,2514.13,12441.82
1788939000000,2514.13,2515,2509.5,2510.3,4829.06
1788939900000,2510.3,2511.14,2507.7,2509.42,2673.28
1788940800000,2509.42,2518,2509.04,2513.35,9276.26
1788941700000,2513.35,2521,2513,2520.01,8351
1788942600000,2520.01,2522.69,2515.46,2516.28,6654.51
1788943500000,2516.28,2520.64,2514.31,2518.88,4637.7
1788944400000,2518.88,2519.41,2509.19,2511.37,11046.21
1788945300000,2511.37,2512.24,2507.5,2507.64,4005.28
1788946200000,2507.64,2508.15,2491.22,2494.3,15218.7
1788947100000,2494.3,2496.57,2489.6,2489.61,19390.08
1788948000000,2489.61,2493.73,2488.08,2490.8,6091.19
1788948900000,2490.8,2492.17,2485.68,2490.13,5061.64
1788949800000,2490.13,2492.96,2488.7,2489.6,5362.72
1788950700000,2489.6,2489.8,2481.03,2486.59,12986.37
1788951600000,2486.59,2487.57,2481.31,2485.85,5749.98
1788952500000,2485.85,2492.22,2482.97,2492.01,6084.44
1788953400000,2492.01,2494.77,2490,2492.62,5821.64
1788954300000,2492.62,2505.15,2492.62,2500.02,10386.59
1788955200000,2500.02,2504.49,2497.55,2499.93,5006.55
1788956100000,2499.93,2501.82,2497.72,2500.45,2186.07
1788957000000,2500.45,2509.99,2500.26,2506.76,8404.33
1788957900000,2506.76,2511.97,2506.76,2510.67,8565.81
1788958800000,2510.67,2512.53,2506.75,2512.26,13297.47
1788959700000,2512.26,2514.81,2509.46,2513.49,2698.22
1788960600000,2513.49,2520,2498.29,2502.9,19176.53
1788961500000,2502.9,2512.33,2498.31,2501.12,16499.92
1788962400000,2501.12,2507.83,2494.15,2501,17584.33
1788963300000,2501,2511,2494.31,2511,13069.69
1788964200000,2511,2513.36,2499.01,2500.43,7990.94
1788965100000,2500.43,2507.18,2495.33,2498.46,7814.71
1788966000000,2498.46,2511.86,2478.76,2484.03,37918.5
1788966900000,2484.03,2490.37,2469.1,2478.53,17210.83
1788967800000,2478.53,2494.93,2477.75,2492.41,16093.78
1788968700000,2492.41,2493.57,2488.9,2489.02,3925.5
1788969600000,2489.02,2496.77,2486,2491.02,10148.15
1788970500000,2491.02,2491.12,2484,2489.69,7175.85
1788971400000,2489.69,2498.98,2489.69,2497.88,5162.83
1788972300000,2497.88,2497.88,2493.57,2495,1561.79
1788973200000,2495,2498.62,2491.55,2495.86,5141.91
1788974100000,2495.86,2498.4,2493.6,2495.5,1750.55
1788975000000,2495.5,2495.81,2488.86,2490.33,10507.48
1788975900000,2490.33,2494.55,2487.5,2492.5,3209.8
1788976800000,2492.5,2494.74,2488.25,2489.17,3658.82
1788977700000,2489.17,2490.89,2486.62,2490.03,1512.32
1788978600000,2490.03,2491.26,2486.62,2487.89,1741.08
1788979500000,2487.89,2488.17,2480,2480.41,8116.26
1788980400000,2480.41,2481.59,2475,2481.11,7524.16
1788981300000,2481.11,2483.94,2480.58,2481.67,2448.69
1788982200000,2481.67,2481.9,2470,2470.56,6478.27
1788983100000,2470.56,2471.62,2461.26,2464.5,11273.87
1788984000000,2464.5,2467.91,2463.06,2465.49,4416.06
1788984900000,2465.49,2471.41,2452.73,2460.39,15702.66
1788985800000,2460.39,2469.79,2459.54,2467.5,7588.63
1788986700000,2467.5,2471.28,2459.02,2470.8,9894.56
1788987600000,2470.8,2471.52,2466.18,2468.76,4739.18
1788988500000,2468.76,2470.27,2462.75,2469.78,3298.43
1788989400000,2469.78,2469.84,2462.58,2463.6,1604.94
1788990300000,2463.6,2463.96,2455.29,2460.82,4403.38
1788991200000,2460.82,2462.37,2443,2446.71,16461.21
1788992100000,2446.71,2455.44,2441.58,2454.19,5336.83
1788993000000,2454.19,2456.66,2450.57,2456.66,4189.92
1788993900000,2456.66,2456.67,2448.99,2449.27,3216.18
1788994800000,2449.27,2460.66,2449.04,2459.57,3129.34
1788995700000,2459.57,2461.74,2458.25,2461.73,1811.88
1788996600000,2461.73,2466.81,2461.28,2465,2841.56
1788997500000,2465,2468.19,2464.26,2467,2179.82
1788998400000,2467,2470.17,2465.53,2466.52,2025.72
1788999300000,2466.52,2470.65,2464.03,2469.28,2393.99
1789000200000,2469.28,2469.39,2462.66,2462.75,2873.51
1789001100000,2462.75,2468.5,2461.13,2463.86,4235.13
1789002000000,2463.86,2478.26,2463.43,2469.27,10726.96
1789002900000,2469.27,2469.72,2463.01,2463.01,3706.73
1789003800000,2463.01,2465.92,2453.8,2461.75,6129.68
1789004700000,2461.75,2464.42,2456.79,2462.85,1982.24
1789005600000,2462.85,2463.48,2460,2462.07,1823.24
1789006500000,2462.07,2463.68,2459,2460.25,1046.6
1789007400000,2460.25,2470.26,2459.59,2470.12,3233.83
1789008300000,2470.12,2474.99,2470.09,2473.63,4708.39
1789009200000,2473.63,2477.77,2473.63,2474.17,3493.33
1789010100000,2474.17,2475.84,2470.61,2475.38,3719
1789011000000,2475.38,2477.8,2471.2,2475.03,5248.51
1789011900000,2475.03,2477.99,2472,2474.26,6914.94
1789012800000,2474.26,2477.9,2473.76,2474.03,1753.11
1789013700000,2474.03,2479,2473.75,2477.22,1860.91
1789014600000,2477.22,2480.43,2475.91,2476.01,2588.41
1789015500000,2476.01,2479.2,2474.45,2477.55,4745.04
1789016400000,2477.55,2481.5,2472.38,2480.66,3196.63
1789017300000,2480.66,2481.18,2476.41,2479.51,6724.43
1789018200000,2479.51,2481.78,2478.05,2479.45,1905.24
1789019100000,2479.45,2482.84,2478.88,2480.89,1923.96
1789020000000,2480.89,2481.38,2474.24,2474.36,2991.59
1789020900000,2474.36,2474.37,2470.63,2472.58,3303.92
1789021800000,2472.58,2476.19,2471,2474.29,2067.7
1789022700000,2474.29,2484.06,2474.29,2479.3,7123.49
1789023600000,2479.3,2479.3,2472.5,2474.47,4255.8
1789024500000,2474.47,2474.65,2466.71,2467.04,6059.46
1789025400000,2467.04,2467.67,2462.88,2466.71,7459.8
1789026300000,2466.71,2472.85,2466.37,2471.61,4205.53
1789027200000,2471.61,2473.78,2468.25,2469.37,3813.06
1789028100000,2469.37,2474,2468.01,2473.46,5440.95
1789029000000,2473.46,2473.59,2468.05,2470,2432.29
1789029900000,2470,2471.87,2469.37,2470.2,1201.97
1789030800000,2470.2,2473.57,2470.09,2473.09,1411.49
1789031700000,2473.09,2477.28,2472.76,2475.85,5858.22
1789032600000,2475.85,2475.85,2463.56,2466.62,5691.17
1789033500000,2466.62,2469.8,2464.99,2467.5,2876.72
1789034400000,2467.5,2470.71,2466.24,2468.86,5201.03
1789035300000,2468.86,2469.85,2465,2466.85,958.43
1789036200000,2466.85,2469.25,2461.42,2466.95,3849.83
1789037100000,2466.95,2469.85,2463.07,2463.08,2794.55
1789038000000,2463.08,2463.08,2456.76,2461,7488.83
1789038900000,2461,2467.02,2461,2466.25,3619.9
1789039800000,2466.25,2468.59,2465.64,2466.46,4903.54
1789040700000,2466.46,2467.44,2460,2461.13,5119.15
1789041600000,2461.13,2462.87,2455,2459.35,6444.47
1789042500000,2459.35,2460.55,2454.21,2459.25,7361.55
1789043400000,2459.25,2466.79,2428.27,2436.05,60156.6
1789044300000,2436.05,2436.8,2405.65,2413.27,60413.62
1789045200000,2413.27,2423.49,2403.88,2409.44,27961.85
1789046100000,2409.44,2420,2408.05,2418.88,17683.19
1789047000000,2418.88,2428.85,2415.51,2423.69,11462.79
1789047900000,2423.69,2435.5,2423.05,2433.85,16564.61
1789048800000,2433.85,2439.99,2425.73,2430.5,13529.89
1789049700000,2430.5,2442.96,2427.01,2438.14,14010.42
1789050600000,2438.14,2441.84,2437.28,2438.99,4581.3
1789051500000,2438.99,2443.26,2435.97,2442.44,4344
1789052400000,2442.44,2443.66,2436.85,2440.77,3400.84
1789053300000,2440.77,2441.75,2430.75,2433.9,6328.53
1789054200000,2433.9,2442.74,2433.9,2436.8,6290.15
1789055100000,2436.8,2440.44,2434.26,2440.29,6777.49
1789056000000,2440.29,2442.79,2432.81,2436.2,7135.34
1789056900000,2436.2,2441.02,2431.4,2437.32,3415.05
1789057800000,2437.32,2440.48,2431.08,2439.3,4904.39
1789058700000,2439.3,2449.85,2439.3,2447.64,9214.34
1789059600000,2447.64,2453.66,2445.88,2452,11888.45
1789060500000,2452,2459.73,2451.1,2458.71,16611.55
1789061400000,2458.71,2473.98,2458.55,2465.47,35641.37
1789062300000,2465.47,2470.28,2462.63,2464.7,7806.02
1789063200000,2464.7,2465.99,2454.12,2455.13,13730.93
1789064100000,2455.13,2463.45,2453.16,2458.68,4648.76
1789065000000,2458.68,2463.2,2455.25,2461.8,3562.85
1789065900000,2461.8,2468.34,2458.69,2467.38,3540.93
1789066800000,2467.38,2467.68,2461.55,2463.73,3309.02
1789067700000,2463.73,2467.18,2461.5,2465.74,4715.09
1789068600000,2465.74,2470.99,2461.14,2468.61,8817.04
1789069500000,2468.61,2468.61,2459.41,2461.57,5776.11
1789070400000,2461.57,2467.5,2459.91,2467.5,2752.31
1789071300000,2467.5,2468,2463.98,2465.49,2884.98
1789072200000,2465.49,2465.62,2462.08,2463.57,923.55
1789073100000,2463.57,2464.19,2460.56,2460.61,1571.99
1789074000000,2460.61,2462.11,2459.16,2459.16,1862.15
1789074900000,2459.16,2460.85,2458.34,2460.73,1066.21
1789075800000,2460.73,2460.83,2456.43,2458.23,1815.21
1789076700000,2458.23,2461.9,2457.07,2459.25,664.28
1789077600000,2459.25,2461.1,2455.2,2457.79,2663.97
1789078500000,2457.79,2458.74,2452.37,2452.7,2282.31
1789079400000,2452.7,2454.52,2443.32,2445.52,9300.35
1789080300000,2445.52,2450.54,2442.07,2443.85,6645.12
1789081200000,2443.85,2446.49,2433.48,2435,14240.17
1789082100000,2435,2444.66,2433.08,2442.22,11616.34
1789083000000,2442.22,2443.75,2439.18,2440.56,3541.27
1789083900000,2440.56,2441.2,2435.05,2436.67,2963.03
1789084800000,2436.67,2449.34,2436.25,2447.67,6903.96
1789085700000,2447.67,2452.87,2446.11,2450.64,5718.48
1789086600000,2450.64,2451.8,2443.78,2449.34,4749.47
1789087500000,2449.34,2457.34,2449.1,2455.39,2736.87
1789088400000,2455.39,2459.2,2454.56,2454.85,3294.66
1789089300000,2454.85,2456.92,2448.83,2449.21,2987.28
1789090200000,2449.21,2453.32,2445.02,2450.76,5701.3
1789091100000,2450.76,2453.2,2447.94,2453.05,2103.63
1789092000000,2453.05,2454,2449.95,2453,2987.99
1789092900000,2453,2453,2444.44,2446.13,2140.75
1789093800000,2446.13,2449.1,2444.42,2447.26,1528.52
1789094700000,2447.26,2449.35,2443.22,2445.51,3840.21
1789095600000,2445.51,2447.16,2440.58,2446.76,2621.62
1789096500000,2446.76,2447.89,2439.82,2442.01,5886.71
1789097400000,2442.01,2446.05,2439.15,2445.87,1728.15
1789098300000,2445.87,2446,2441.77,2446,712.24
1789099200000,2446,2450.6,2445.44,2449.28,3702.39
1789100100000,2449.28,2461.41,2447.86,2460.69,9430.06
1789101000000,2460.69,2463.17,2455.02,2456.15,10277.65
1789101900000,2456.15,2459.15,2455.42,2458.1,3127.97
1789102800000,2458.1,2461.49,2456.57,2460.44,3178.88
1789103700000,2460.44,2460.68,2456.74,2457.9,5302.05
1789104600000,2457.9,2464.46,2457.06,2464.28,4734.83
1789105500000,2464.28,2467.7,2462.55,2467.7,4843.9
1789106400000,2467.7,2470,2465.67,2468.97,5247.96
1789107300000,2468.97,2469.69,2464.32,2465.53,4654.36
1789108200000,2465.53,2465.9,2462.17,2465.35,3782.77
1789109100000,2465.35,2466.98,2465.19,2465.85,1696.7
1789110000000,2465.85,2469.41,2465,2467.44,2739.52
1789110900000,2467.44,2472.44,2467.44,2467.61,7104.05
1789111800000,2467.61,2470.24,2465.64,2466.49,3757.89
1789112700000,2466.49,2467.75,2464.62,2466.16,2471.58
1789113600000,2466.16,2467.66,2462.16,2464.06,3184.95
1789114500000,2464.06,2475.68,2463.88,2473.19,9392.66
1789115400000,2473.19,2483.64,2473.15,2477.01,12317.3
1789116300000,2477.01,2477.98,2474.01,2475.55,3132.45
1789117200000,2475.55,2476.66,2472.34,2472.66,6188.37
1789118100000,2472.66,2474.27,2471.73,2471.8,2505.11
1789119000000,2471.8,2472.65,2460.58,2464.79,16221.5
1789119900000,2464.79,2469.48,2464.37,2468.25,3070.36
1789120800000,2468.25,2474.53,2464.09,2467.01,9697.5
1789121700000,2467.01,2468.54,2463.3,2463.92,2309.47
1789122600000,2463.92,2465.44,2461.39,2463.11,2439
1789123500000,2463.11,2464.72,2461.24,2461.25,2026.39
1789124400000,2461.25,2461.45,2451,2453.02,13376.82
1789125300000,2453.02,2458.32,2451.98,2455.25,9394.76
1789126200000,2455.25,2458.35,2453.16,2457.94,2589.23
1789127100000,2457.94,2459.69,2455,2457.25,2220.3
1789128000000,2457.25,2459.74,2449.49,2451.32,15044.29
1789128900000,2451.32,2478.77,2450.04,2463.75,28802.42
1789129800000,2463.75,2504.21,2432.1,2492.7,129359.92
1789130700000,2492.7,2514.58,2492.31,2509.99,51993.96
1789131600000,2509.99,2510.98,2493.51,2500.99,18157.97
1789132500000,2500.99,2510.3,2496.9,2499.5,10791.63
1789133400000,2499.5,2523.93,2489.1,2522.69,33587.17
1789134300000,2522.69,2647.82,2517.86,2628.92,205980.65
1789135200000,2628.92,2667.24,2597.73,2611.55,112686.2
1789136100000,2611.55,2623.64,2603.45,2617.53,23615.32
1789137000000,2617.53,2618.77,2600.63,2606.97,20488.3
1789137900000,2606.97,2612.76,2591.05,2606.64,16135.72
1789138800000,2606.64,2610.97,2598.32,2602.4,7858.53
1789139700000,2602.4,2616,2601.52,2610.14,7668.47
1789140600000,2610.14,2614.76,2606.25,2607.34,4771.99
1789141500000,2607.34,2609.77,2542.11,2558.01,72902.97
1789142400000,2558.01,2577.33,2556.01,2559.26,26072.01
1789143300000,2559.26,2566.84,2542.36,2563.39,28626.43
1789144200000,2563.39,2571.58,2558.07,2570.17,12099.16
1789145100000,2570.17,2582.97,2568.91,2576.09,13583.39
1789146000000,2576.09,2580.42,2568.85,2569.2,10021.87
1789146900000,2569.2,2578.39,2569.1,2574.72,3602.71
1789147800000,2574.72,2577.78,2565.8,2567.88,5297.74
1789148700000,2567.88,2571.81,2561.69,2565.07,6717.94
1789149600000,2565.07,2566.99,2527.34,2538.11,39740.81
1789150500000,2538.11,2548.25,2534.81,2543.2,11482.43
1789151400000,2543.2,2547.77,2539.01,2540.26,5165.22
1789152300000,2540.26,2550,2529.45,2536.14,9418.19
1789153200000,2536.14,2546.48,2531.49,2544.03,3979.37
1789154100000,2544.03,2548.02,2536.95,2544.42,6505.15
1789155000000,2544.42,2546,2540.15,2542.42,4956.15
1789155900000,2542.42,2542.82,2536.8,2538.28,3751.14
1789156800000,2538.28,2546.66,2536.71,2543.35,2548.5
1789157700000,2543.35,2543.59,2534.18,2535.46,3374.43
1789158600000,2535.46,2540.47,2523,2536,16248.8
1789159500000,2536,2536.59,2521.64,2529.29,7124.97
1789160400000,2529.29,2540.25,2528.81,2538.24,7983.53
1789161300000,2538.24,2539.43,2534.54,2534.62,1678.22
1789162200000,2534.62,2537.48,2532.81,2533.84,1213.47
1789163100000,2533.84,2534.64,2512,2515.1,20158.85
1789164000000,2515.1,2519.21,2504.21,2518.97,25570.74
1789164900000,2518.97,2522.68,2515.51,2516.84,7309.87
1789165800000,2516.84,2521.77,2508.73,2516.2,9983.92
1789166700000,2516.2,2516.2,2505.64,2510.32,20687.93
1789167600000,2510.32,2513.7,2507.75,2511.81,3482.45
1789168500000,2511.81,2514.06,2508.33,2510.73,1738.5
1789169400000,2510.73,2513.2,2509.83,2510,2516.74
1789170300000,2510,2515.43,2510,2515.42,3013.02
1789171200000,2515.42,2516.67,2510.34,2516.29,3107.13
1789172100000,2516.29,2516.5,2514.01,2514.14,1979.61
1789173000000,2514.14,2514.29,2511.52,2512.25,4187.69
1789173900000,2512.25,2513,2509.52,2509.63,2680.34
1789174800000,2509.63,2515.12,2508.2,2515.12,2452.28
1789175700000,2515.12,2516.19,2511,2513.05,2251.03
1789176600000,2513.05,2514.5,2510.58,2512.7,2818.32
1789177500000,2512.7,2515.9,2511.51,2512.94,6241.48
1789178400000,2512.94,2515,2511.55,2512.52,1772.27
1789179300000,2512.52,2514.33,2511.73,2513.31,584.01
1789180200000,2513.31,2514.87,2511.27,2512.5,2555.27
1789181100000,2512.5,2514.35,2511.36,2513.3,4260.72
1789182000000,2513.3,2514.87,2511,2512.76,3435.67
1789182900000,2512.76,2514.9,2508.38,2512.32,5287.51
1789183800000,2512.32,2512.89,2510.88,2511.89,529.69
1789184700000,2511.89,2512.7,2510.5,2512.05,1062.64
1789185600000,2512.05,2512.66,2511.45,2511.77,901.81
1789186500000,2511.77,2512.39,2508.79,2511,3130.11
1789187400000,2511,2514.05,2510.99,2512.01,1217.97
1789188300000,2512.01,2512.62,2510.9,2511.45,370.53
1789189200000,2511.45,2511.63,2509.32,2510.02,1034.99
1789190100000,2510.02,2511.56,2508.31,2508.56,2843.61
1789191000000,2508.56,2511.95,2507.6,2510.5,4148.34
1789191900000,2510.5,2511.74,2510.49,2510.6,1054.04
1789192800000,2510.6,2511.11,2509.15,2509.47,970.73
1789193700000,2509.47,2512,2509.37,2511.06,1086.61
1789194600000,2511.06,2517.93,2511.06,2517.61,4350.53
1789195500000,2517.61,2522.3,2517.09,2518.65,19571.48
1789196400000,2518.65,2524.03,2518.64,2523.25,2983.45
1789197300000,2523.25,2523.53,2521,2522.11,2849.61
1789198200000,2522.11,2522.41,2521.01,2522.02,852.02
1789199100000,2522.02,2523.5,2520.91,2522.93,1362
1789200000000,2522.93,2527.31,2522.08,2524.98,4068.9
1789200900000,2524.98,2529.32,2524.72,2528.03,10094.01
1789201800000,2528.03,2532.29,2526.55,2531.65,5198.1
1789202700000,2531.65,2535.54,2531.05,2532.23,5544.56
1789203600000,2532.23,2536,2530.85,2534.11,3874.54
1789204500000,2534.11,2536.03,2531.55,2534.73,5303.3
1789205400000,2534.73,2536.2,2530.59,2531.16,4987.63
1789206300000,2531.16,2531.95,2528.19,2530.1,4807.99
1789207200000,2530.1,2535.64,2530.02,2533.01,1594.37
1789208100000,2533.01,2533.12,2530.62,2531.02,914.38
1789209000000,2531.02,2532.5,2530.07,2532.13,629.31
1789209900000,2532.13,2533.84,2530.1,2532.5,3059.17
1789210800000,2532.5,2534.26,2530.16,2530.85,2224.21
1789211700000,2530.85,2531.89,2529.86,2531.69,922.92
1789212600000,2531.69,2535.94,2531.66,2535.72,1920.44
1789213500000,2535.72,2536.1,2534.25,2535.13,932.97
1789214400000,2535.13,2535.14,2532.54,2532.92,2222.47
1789215300000,2532.92,2534.16,2532.01,2532.51,1692.2
1789216200000,2532.51,2535.11,2532,2533.21,1270.22
1789217100000,2533.21,2535.07,2530.88,2534.54,2424.64
1789218000000,2534.54,2546.31,2532.2,2538.25,24028.98
1789218900000,2538.25,2540.99,2535.36,2539.75,5771.47
1789219800000,2539.75,2540.5,2536.46,2537.55,3183.1
1789220700000,2537.55,2546.13,2536.5,2543.67,6570.73
1789221600000,2543.67,2545.03,2539.6,2540.13,3300.72
1789222500000,2540.13,2543.09,2539.75,2541.53,3523.02
1789223400000,2541.53,2543.59,2538.1,2538.55,4379.62
1789224300000,2538.55,2540.83,2538.1,2539,2332.57
1789225200000,2539,2540.01,2535.9,2538.85,4623.06
1789226100000,2538.85,2541,2537.87,2538.93,4722.1
1789227000000,2538.93,2539.59,2530,2533.84,13235.02
1789227900000,2533.84,2535.16,2530.71,2533.93,4721.08
1789228800000,2533.93,2535.45,2531.25,2534.23,6088.22
1789229700000,2534.23,2534.75,2531.38,2531.69,2086.26
1789230600000,2531.69,2532.27,2529.5,2529.5,1070.25
1789231500000,2529.5,2532.33,2528.94,2530.7,3106.74
1789232400000,2530.7,2533.64,2529.88,2530.93,4235.55
1789233300000,2530.93,2532.79,2525.64,2526.74,3652.14
1789234200000,2526.74,2527,2522.92,2526.06,3339.88
1789235100000,2526.06,2526.07,2523.65,2525.01,1212.08
1789236000000,2525.01,2526.81,2522.5,2522.99,2454.23
1789236900000,2522.99,2526.59,2521.14,2524.1,5162.48
1789237800000,2524.1,2525.14,2520.06,2523.16,4638.75
1789238700000,2523.16,2523.72,2520,2521.71,1796.06
1789239600000,2521.71,2522,2518,2521.76,5554.68
1789240500000,2521.76,2521.77,2518.22,2518.83,2870.18
1789241400000,2518.83,2519.67,2513.91,2514.43,11323.9
1789242300000,2514.43,2518.8,2514.18,2518.15,2525.28
1789243200000,2518.15,2521.46,2518.15,2521.16,973.58
1789244100000,2521.16,2523.17,2519.4,2521.72,1321.51
1789245000000,2521.72,2522.45,2520,2521.28,3414.47
1789245900000,2521.28,2522.7,2519.12,2519.41,3080.95
1789246800000,2519.41,2527.88,2518.75,2524.97,7942.84
1789247700000,2524.97,2525.15,2522.1,2523.84,736.94
1789248600000,2523.84,2525.3,2523,2523.01,637.51
1789249500000,2523.01,2523.85,2521.22,2523.26,720.53
1789250400000,2523.26,2523.62,2520.5,2522.71,3956.86
1789251300000,2522.71,2525.41,2520.07,2520.07,1858.02
1789252200000,2520.07,2522.08,2519.31,2520.49,1831.09
1789253100000,2520.49,2522.54,2520.48,2521.88,537.39
1789254000000,2521.88,2523.76,2521.21,2523.62,549.24
1789254900000,2523.62,2524.2,2522.78,2523.51,704.23
1789255800000,2523.51,2524.49,2522.79,2524.05,644.35
1789256700000,2524.05,2525.8,2524.05,2524.99,1341.84
1789257600000,2524.99,2526.4,2523.79,2523.79,1197.5
1789258500000,2523.79,2525.98,2523.75,2524.38,794.13
1789259400000,2524.38,2525.19,2522.2,2523,851.26
1789260300000,2523,2525,2523,2524.12,344.53
1789261200000,2524.12,2525.33,2522.61,2523.97,2920.03
1789262100000,2523.97,2526.91,2522.64,2523.75,6143.52
1789263000000,2523.75,2525.14,2521.63,2524.47,2858.35
1789263900000,2524.47,2525.93,2523.74,2525,567.34
1789264800000,2525,2525,2522,2522.03,675.11
1789265700000,2522.03,2522.68,2520.93,2521.48,1060.93
1789266600000,2521.48,2522.68,2520.22,2522.44,5110.6
1789267500000,2522.44,2523.07,2520.53,2520.88,3091.66
1789268400000,2520.88,2522.13,2519.27,2519.8,3843.13
1789269300000,2519.8,2521.67,2519.07,2519.92,1430.02
1789270200000,2519.92,2521.21,2518.05,2521.1,1810.72
1789271100000,2521.1,2521.92,2519.05,2520.11,3042.19
1789272000000,2520.11,2522.52,2519.75,2520.84,3948.42
1789272900000,2520.84,2522.73,2520.84,2522.1,497.61
1789273800000,2522.1,2522.11,2518.31,2519.14,2226.58
1789274700000,2519.14,2520,2518.9,2519.49,487.63
1789275600000,2519.49,2521.75,2519.3,2521.33,458.12
1789276500000,2521.33,2522.28,2520.43,2521.8,1311.66
1789277400000,2521.8,2523.48,2521.8,2522.56,871.91
1789278300000,2522.56,2524.24,2520.88,2521.71,4190.9
1789279200000,2521.71,2522.09,2521.17,2521.65,563.43
1789280100000,2521.65,2521.87,2520.06,2520.84,555.26
1789281000000,2520.84,2520.84,2517.36,2518.66,1646.63
1789281900000,2518.66,2518.66,2508.43,2511.99,13506.63
1789282800000,2511.99,2514.6,2511,2513.97,2770.88
1789283700000,2513.97,2514.9,2512.47,2514.71,1475.49
1789284600000,2514.71,2519.48,2513.15,2518.82,6553.34
1789285500000,2518.82,2519.26,2516.15,2517.02,4048.68
1789286400000,2517.02,2518.92,2511.72,2514.5,5948.22
1789287300000,2514.5,2514.5,2509.4,2509.56,5348.47
1789288200000,2509.56,2509.56,2486.67,2492.45,44575.75
1789289100000,2492.45,2496.02,2491.25,2493.72,5562.44
1789290000000,2493.72,2497.41,2492.16,2492.27,3689.31
1789290900000,2492.27,2494.47,2472.72,2480.78,31126.88
1789291800000,2480.78,2484.27,2469.01,2480.05,32232.78
1789292700000,2480.05,2485.39,2479.09,2484.48,5973.18
1789293600000,2484.48,2485.86,2481.57,2482.87,3888.69
1789294500000,2482.87,2483.68,2479,2479.35,4719.94
1789295400000,2479.35,2483,2471.99,2473.91,13599.05
1789296300000,2473.91,2477.93,2468.01,2471.51,12901.38
1789297200000,2471.51,2477.19,2466.34,2469,9353.68
1789298100000,2469,2475.59,2468.94,2474.27,3398.71
1789299000000,2474.27,2479.4,2472.62,2479.4,4637.16
1789299900000,2479.4,2481.54,2478.3,2480.18,3647.73
1789300800000,2480.18,2481.37,2478,2481.01,7139.17
1789301700000,2481.01,2482.87,2479.73,2479.93,3765.11
1789302600000,2479.93,2481.81,2474.29,2475.27,6765.33
1789303500000,2475.27,2478.15,2474.47,2477.02,4195.14
1789304400000,2477.02,2477.48,2472.5,2476.8,7053.64
1789305300000,2476.8,2476.8,2460.2,2466.2,22735.7
1789306200000,2466.2,2476.09,2465.93,2475.31,12094.71
1789307100000,2475.31,2483.44,2475.3,2478.62,8572.42
1789308000000,2478.62,2484.72,2478.17,2484.45,9689.38
1789308900000,2484.45,2492,2484.45,2490.02,12066.69
1789309800000,2490.02,2494.43,2488.34,2492,7291.27
1789310700000,2492,2494.98,2489.02,2491.8,5739.34
1789311600000,2491.8,2491.99,2484.21,2486.88,5456.86
1789312500000,2486.88,2491.25,2481.26,2485.75,4188.24
1789313400000,2485.75,2490.25,2485.74,2489.58,965.51
1789314300000,2489.58,2490.85,2488.35,2489.85,1209.76
1789315200000,2489.85,2504.65,2489.36,2499.99,14378.99
1789316100000,2499.99,2503,2497.5,2501.84,3748.87
1789317000000,2501.84,2504.11,2499.05,2503.1,3471.19
1789317900000,2503.1,2505.3,2501.16,2503.54,2438.6
1789318800000,2503.54,2512.4,2503.21,2508.38,10196.34
1789319700000,2508.38,2510,2504.51,2504.92,6605.65
1789320600000,2504.92,2505.3,2502.5,2503.13,2613.24
1789321500000,2503.13,2505.55,2503.13,2504.24,680.68
1789322400000,2504.24,2506.07,2503.67,2505.71,965.93
1789323300000,2505.71,2508.25,2504.86,2505.47,2116.04
1789324200000,2505.47,2508.5,2505.42,2507.71,1079.45
1789325100000,2507.71,2509.13,2507.54,2508.68,1447.73
1789326000000,2508.68,2515.11,2507.87,2508.27,5946.43
1789326900000,2508.27,2509.61,2505.5,2507.09,3092.04
1789327800000,2507.09,2507.09,2502.4,2504.7,3497.45
1789328700000,2504.7,2505.42,2503.6,2505.24,1107.97
1789329600000,2505.24,2507,2505.24,2507,1155.91
1789330500000,2507,2509.82,2506.66,2509.25,1366.35
1789331400000,2509.25,2511.94,2508.14,2510.98,3563.61
1789332300000,2510.98,2514.29,2510.98,2512.16,1914.8
1789333200000,2512.16,2515.26,2510.64,2513.83,1922.94
1789334100000,2513.83,2515.84,2512.32,2512.58,3570.38
1789335000000,2512.58,2512.79,2509.4,2511.25,4491.25
1789335900000,2511.25,2511.25,2507.55,2507.99,2061.07
1789336800000,2507.99,2507.99,2481.83,2487.15,32613.27
1789337700000,2487.15,2487.21,2473.26,2480.39,14789.93
1789338600000,2480.39,2482.55,2472.29,2473.66,6003.82
1789339500000,2473.66,2479.98,2471.23,2474.32,4402.32
1789340400000,2474.32,2479.34,2472.13,2473.74,8190.69
1789341300000,2473.74,2477.07,2469.11,2473.77,5643.36
1789342200000,2473.77,2480.46,2473.32,2475.09,6581.75
1789343100000,2475.09,2477.25,2472.36,2475.9,1534.96
1789344000000,2475.9,2491,2475.01,2484.65,14688.86
1789344900000,2484.65,2486.4,2462.5,2468.12,14197.06
1789345800000,2468.12,2484.99,2466.72,2481.85,8340.18
1789346700000,2481.85,2485.46,2481.01,2483.21,3817.35
1789347600000,2483.21,2487.07,2479.01,2480.58,2967.67
1789348500000,2480.58,2486.11,2475.01,2482.86,5209.85
1789349400000,2482.86,2485.38,2472.5,2480.35,4928.82
1789350300000,2480.35,2495.43,2478.72,2492.33,10372.75
1789351200000,2492.33,2505.17,2489.79,2503.5,10708.34
1789352100000,2503.5,2509.97,2497.8,2504.17,10882.03
1789353000000,2504.17,2508.87,2499,2502.81,6569.18
1789353900000,2502.81,2512.64,2502.81,2510,9917.56
1789354800000,2510,2519.28,2509.67,2517.3,12067.44
1789355700000,2517.3,2518.66,2514.22,2515.5,7461.93
1789356600000,2515.5,2515.5,2505.9,2508.47,16054.97
1789357500000,2508.47,2511.99,2508.25,2511.85,3402.92
1789358400000,2511.85,2514.58,2510.13,2510.95,2653.01
1789359300000,2510.95,2517.38,2509.78,2513.1,6092.56
1789360200000,2513.1,2516.46,2510.35,2514.81,3316.08
1789361100000,2514.81,2517,2511.88,2513.72,4169.19
1789362000000,2513.72,2514.77,2510.02,2514,1716.27
1789362900000,2514,2514.22,2509.65,2510.19,2182
1789363800000,2510.19,2514.74,2509.09,2513.23,2910
1789364700000,2513.23,2515.5,2509.6,2515.5,1127.09
1789365600000,2515.5,2526.69,2514.06,2521.9,17057.59
1789366500000,2521.9,2522.78,2513.4,2513.49,4421.92
1789367400000,2513.49,2521.56,2506.51,2519.84,15527.64
1789368300000,2519.84,2520.25,2513.48,2513.87,3426.04
1789369200000,2513.87,2518.98,2510.03,2518.87,5018.18
1789370100000,2518.87,2523.18,2518.21,2519.19,5279.15
1789371000000,2519.19,2525.8,2517.14,2524.1,4633.07
1789371900000,2524.1,2524.29,2519.1,2522.2,3298.19
1789372800000,2522.2,2529,2515.21,2520.99,13789.64
1789373700000,2520.99,2532.69,2517.8,2520.6,14366.36
1789374600000,2520.6,2523.89,2518.68,2521.21,2241.93
1789375500000,2521.21,2521.38,2514.55,2517.53,3251.78
1789376400000,2517.53,2519.64,2513,2514.25,3796.65
1789377300000,2514.25,2518.5,2510,2518.49,13123.24
1789378200000,2518.49,2524.14,2517.66,2520.8,6515.18
1789379100000,2520.8,2534.5,2520.63,2522.89,16194.51
1789380000000,2522.89,2524.75,2517.57,2519.01,5011.18
1789380900000,2519.01,2519.98,2515.25,2516.27,3663.75
1789381800000,2516.27,2517.61,2514.67,2516.28,3437.96
1789382700000,2516.28,2518.55,2512.03,2512.29,4416.89
1789383600000,2512.29,2514.28,2506.24,2510.94,11079.67
1789384500000,2510.94,2515.4,2510.56,2514.82,2356.3
1789385400000,2514.82,2515.96,2509.99,2511.74,4299.58
1789386300000,2511.74,2512.07,2504.4,2508.5,5461.54
1789387200000,2508.5,2511.6,2505.52,2510.93,2910.59
1789388100000,2510.93,2515.25,2510.07,2514.89,4594
1789389000000,2514.89,2517.59,2505.01,2511.35,9602.95
1789389900000,2511.35,2513.1,2502.14,2504.45,9641.91
1789390800000,2504.45,2504.55,2486.64,2497.51,22485.47
1789391700000,2497.51,2504.06,2497.51,2503.22,5449.46
1789392600000,2503.22,2517.11,2494.81,2507.75,35958.1
1789393500000,2507.75,2515.39,2495.01,2499.75,13015.28
1789394400000,2499.75,2514.54,2499.07,2513.32,9759.08
1789395300000,2513.32,2516,2493.14,2504.11,17875.74
1789396200000,2504.11,2511.99,2495.29,2498.86,19223.08
1789397100000,2498.86,2508.5,2498.35,2500.45,10834.37
1789398000000,2500.45,2508.74,2495.02,2503.1,7685.27
1789398900000,2503.1,2507.19,2498.42,2499.74,4350.01
1789399800000,2499.74,2512,2497.23,2509.25,12973.07
1789400700000,2509.25,2510.54,2502.71,2507.65,5787.51
1789401600000,2507.65,2509.18,2503.01,2506.81,3863.45
1789402500000,2506.81,2532,2506.75,2520.54,36203.13
1789403400000,2520.54,2525.68,2519.49,2521.41,9995.51
1789404300000,2521.41,2536.89,2521.41,2527.98,14521.43
1789405200000,2527.98,2532.41,2524.07,2531.8,5009.26
1789406100000,2531.8,2534.66,2528,2529.29,4060.98
1789407000000,2529.29,2529.53,2520.6,2525.49,8877.09
1789407900000,2525.49,2534.35,2524.88,2532.11,5822.99
1789408800000,2532.11,2535.61,2529.3,2529.75,4735.5
1789409700000,2529.75,2538.75,2528.42,2538.49,5187.82
1789410600000,2538.49,2542,2533.33,2538.05,9587.99
1789411500000,2538.05,2543.14,2535.33,2537.52,6865.52
1789412400000,2537.52,2538.89,2532.7,2537.53,4301.43
1789413300000,2537.53,2547.7,2536.49,2543.63,16311.8
1789414200000,2543.63,2544.41,2534.51,2542.75,7068.7
1789415100000,2542.75,2544.49,2537.6,2538.25,2503.79
1789416000000,2538.25,2572.77,2538.25,2564.22,34481.25
1789416900000,2564.22,2614.7,2564.22,2598.38,55657.68
1789417800000,2598.38,2601.77,2585.19,2586.69,10541.82
1789418700000,2586.69,2591.66,2566.14,2569.76,15890.77
1789419600000,2569.76,2570.96,2537.06,2550.72,29905.74
1789420500000,2550.72,2559.36,2546.94,2554.77,10822.54
1789421400000,2554.77,2558.86,2542,2546.47,8348.45
1789422300000,2546.47,2549.6,2544.2,2546,4349.11
1789423200000,2546,2555.99,2541.15,2553.53,6208.74
1789424100000,2553.53,2554.44,2540.64,2544.11,8380.64
1789425000000,2544.11,2544.12,2535.33,2538.36,9695.03
1789425900000,2538.36,2538.36,2531.47,2532.35,5674.7
1789426800000,2532.35,2533.97,2523,2523.74,12168.32
1789427700000,2523.74,2526.01,2521.62,2523.96,8397.72
1789428600000,2523.96,2524.04,2513.36,2518.51,8617.91
1789429500000,2518.51,2518.51,2511.71,2514.45,5939.95
1789430400000,2514.45,2516.5,2509.51,2511.61,6566.86
1789431300000,2511.61,2511.86,2505.18,2509.19,8475.46
1789432200000,2509.19,2515.89,2508.64,2513,10001.22
1789433100000,2513,2516.04,2511.8,2515.1,7617.96
1789434000000,2515.1,2515.68,2506.92,2511.03,5122.89
1789434900000,2511.03,2517.55,2507.32,2510.26,6846.8
1789435800000,2510.26,2516.07,2509,2515.75,3302.55
1789436700000,2515.75,2518.8,2512.65,2514.83,5695.8
1789437600000,2514.83,2519.05,2513.34,2517.05,4284.1
1789438500000,2517.05,2518.93,2515,2515.8,1391.69
1789439400000,2515.8,2516.92,2510,2511.58,6038.45
1789440300000,2511.58,2512.49,2508.32,2511.34,5838.33
1789441200000,2511.34,2511.34,2493.98,2497.36,38329.65
1789442100000,2497.36,2501.75,2495.55,2501.75,4719.09
1789443000000,2501.75,2504.75,2500.19,2503.03,3416.25
1789443900000,2503.03,2504.12,2495.06,2497.46,13325.39
1789444800000,2497.46,2499.18,2494,2496.96,8884.79
1789445700000,2496.96,2498.89,2491.5,2492.49,7918.5
1789446600000,2492.49,2494,2488.02,2492.88,10340.53
1789447500000,2492.88,2493,2489.1,2489.16,3968.89
1789448400000,2489.16,2492.77,2476.83,2482.45,23571.82
1789449300000,2482.45,2488.89,2477.7,2487.06,12351.89
1789450200000,2487.06,2489.56,2484.37,2489.38,4156.53
1789451100000,2489.38,2496.88,2489.14,2494.99,12168.81
1789452000000,2494.99,2499.86,2494.78,2495.14,9572.26
1789452900000,2495.14,2495.14,2487.14,2487.81,11564.24
1789453800000,2487.81,2489.96,2486,2488.84,5202.8
1789454700000,2488.84,2489.46,2480.04,2484.83,9812.16
1789455600000,2484.83,2484.88,2477.77,2479.74,15217.74
1789456500000,2479.74,2483.41,2475.95,2482.41,12837.16
1789457400000,2482.41,2482.42,2473.67,2476.76,26025.03
1789458300000,2476.76,2481.16,2468.95,2472.87,13503.4
1789459200000,2472.87,2473.2,2463.51,2470.64,12729.66
1789460100000,2470.64,2473.4,2465.78,2471.45,5901.3
1789461000000,2471.45,2473.68,2469.18,2472.02,4662.56
1789461900000,2472.02,2477.2,2471.77,2476.07,6914.42
1789462800000,2476.07,2476.2,2472,2472.97,2093.94
1789463700000,2472.97,2474.89,2472.25,2474.27,1879
1789464600000,2474.27,2476.75,2473.07,2475.27,6077.04
1789465500000,2475.27,2479.93,2472.5,2473.38,4609.71
1789466400000,2473.38,2478.15,2470.64,2474.19,7478.23
1789467300000,2474.19,2476.75,2473.07,2473.15,1620.51
1789468200000,2473.15,2478.72,2472.57,2478,2693.55
1789469100000,2478,2485.49,2477.87,2482.61,10357.72
1789470000000,2482.61,2487.43,2480.67,2481.56,7403.1
1789470900000,2481.56,2484.73,2478.99,2479.38,3434.83
1789471800000,2479.38,2480.29,2472.23,2474.49,10423.53
1789472700000,2474.49,2476.19,2471.63,2475.22,3993.95
1789473600000,2475.22,2480.7,2474.06,2479.46,4445.18
1789474500000,2479.46,2480.84,2476.42,2478.29,4134.96
1789475400000,2478.29,2478.8,2474.28,2475.37,7978.48
1789476300000,2475.37,2485.36,2474.09,2478.2,7195.02
1789477200000,2478.2,2486,2476,2477.57,4493.73
1789478100000,2477.57,2479.02,2476.5,2477.71,1668.84
1789479000000,2477.71,2477.71,2430.06,2448.95,110082.88
1789479900000,2448.95,2452.73,2438.07,2452.64,23813.81
1789480800000,2452.64,2456.81,2444.17,2445.28,16028.71
1789481700000,2445.28,2448.58,2433.49,2437.72,16470.18
1789482600000,2437.72,2437.72,2409.07,2415.16,60801.29
1789483500000,2415.16,2416.74,2387.03,2406.5,68938.88
1789484400000,2406.5,2413.05,2395.96,2411.5,25384.49
1789485300000,2411.5,2428.72,2409,2424,28155.71
1789486200000,2424,2430.13,2421.59,2426.01,11578.09
1789487100000,2426.01,2431.93,2421.11,2423,14537.88
1789488000000,2423,2424.26,2411.17,2412.5,20204.47
1789488900000,2412.5,2424.28,2412.5,2423.14,5404.02
1789489800000,2423.14,2424.31,2416.16,2418.99,4294.24
1789490700000,2418.99,2424.82,2418.55,2420.91,3128.9
1789491600000,2420.91,2422.68,2411.07,2415.5,8992.86
1789492500000,2415.5,2424.46,2413.82,2423.75,4334.47
1789493400000,2423.75,2448,2422.15,2428.37,27250.2
1789494300000,2428.37,2444.47,2428.37,2440.04,10033.98
1789495200000,2440.04,2442,2432.35,2434.82,7190.68
1789496100000,2434.82,2446.32,2420.97,2434.68,22851.82
1789497000000,2434.68,2435.97,2370.28,2385.92,92271.97
1789497900000,2385.92,2416.29,2356.53,2401.59,96821.1
1789498800000,2401.59,2412.63,2396.2,2403.78,15393.07
1789499700000,2403.78,2418.96,2400.49,2403.25,21579.11
1789500600000,2403.25,2408.76,2398,2402.75,8588.45
1789501500000,2402.75,2415.55,2401.87,2415.49,8410.44
1789502400000,2415.49,2417.34,2404.41,2408.75,8017.37
1789503300000,2408.75,2408.87,2397.16,2398.16,10664.6
1789504200000,2398.16,2405.16,2393.86,2404.77,14966.6
1789505100000,2404.77,2409.94,2404.25,2406.78,5311.95
1789506000000,2406.78,2406.86,2398.16,2400.56,7152.71
1789506900000,2400.56,2403.61,2395,2397.34,5275.82
1789507800000,2397.34,2401.57,2394.94,2400.71,2801.66
1789508700000,2400.71,2400.72,2388.17,2389.45,8353.97
1789509600000,2389.45,2396.88,2385.19,2386.82,6025.57
1789510500000,2386.82,2397.3,2380.04,2392.71,9980.16
1789511400000,2392.71,2401.52,2392.71,2395.28,6566.62
1789512300000,2395.28,2400.76,2394.72,2395.98,6462.15
1789513200000,2395.98,2409.35,2395.3,2408.48,7475.89
1789514100000,2408.48,2411.82,2404.49,2405,9065.05
1789515000000,2405,2405,2396.24,2400.17,8085.61
1789515900000,2400.17,2401.44,2396.81,2397.1,3362.06
1789516800000,2397.1,2404.51,2396.24,2400.45,3417.07
1789517700000,2400.45,2404.42,2399.66,2403.87,1929.08
1789518600000,2403.87,2405,2401.01,2402.41,1503.65
1789519500000,2402.41,2404.5,2397.5,2398.05,3980.88
1789520400000,2398.05,2402.5,2394.07,2399.22,4567.23
1789521300000,2399.22,2406.6,2397.4,2402.7,3920.76
1789522200000,2402.7,2402.7,2392.38,2397,8726.52
1789523100000,2397,2399.27,2388.8,2389.76,8265.53
1789524000000,2389.76,2395.88,2387.5,2392.6,4933.53
1789524900000,2392.6,2400.99,2392.02,2400.99,7919.65
1789525800000,2400.99,2410.2,2400.8,2405.33,9828.13
1789526700000,2405.33,2406.65,2398.54,2401.65,3656.84
1789527600000,2401.65,2405.88,2399.64,2405.54,3190.2
1789528500000,2405.54,2410.64,2403.46,2403.46,8513.17
1789529400000,2403.46,2405.82,2399,2400.81,3492.16
1789530300000,2400.81,2402.72,2399.5,2401,915.4
1789531200000,2401,2404.49,2400.82,2402.78,3285.78
1789532100000,2402.78,2408.75,2401,2403.36,5649.63
1789533000000,2403.36,2409.39,2401.2,2405.16,5441.56
1789533900000,2405.16,2407.39,2401.69,2402.6,4651.58
1789534800000,2402.6,2403.53,2392.72,2399.39,10526.65
1789535700000,2399.39,2403.49,2398.75,2403.33,1906.27
1789536600000,2403.33,2405.9,2401.46,2405.72,2912.55
1789537500000,2405.72,2406.43,2403,2406.15,4490.58
1789538400000,2406.15,2408,2402.32,2402.88,2945.43
1789539300000,2402.88,2403.83,2399.4,2399.87,2240.11
1789540200000,2399.87,2399.87,2392.54,2397.47,4588.27
1789541100000,2397.47,2406.59,2397.3,2405.48,4825.79
1789542000000,2405.48,2410,2397.72,2401.36,11039.77
1789542900000,2401.36,2403.86,2397.49,2398.44,3998.57
1789543800000,2398.44,2400.48,2396.99,2397.71,1251.54
1789544700000,2397.71,2399.16,2395.47,2396.13,2924.16
1789545600000,2396.13,2396.14,2381.37,2386.77,23019.17
1789546500000,2386.77,2392.69,2384.3,2387.85,10305.34
1789547400000,2387.85,2393,2387.63,2392.82,2031.91
1789548300000,2392.82,2402.6,2392.31,2401.79,7998.63
1789549200000,2401.79,2406.29,2400.03,2400.24,7217.69
1789550100000,2400.24,2404,2397.88,2401.05,3511.87
1789551000000,2401.05,2403.73,2400.09,2402.35,1736.5
1789551900000,2402.35,2405.46,2401,2404.71,4798.08
1789552800000,2404.71,2405.53,2397.33,2398.59,6587.94
1789553700000,2398.59,2402.98,2398.21,2401.62,3803.42
1789554600000,2401.62,2406,2400.64,2405.12,3057.71
1789555500000,2405.12,2405.73,2400.6,2405.28,4526.76
1789556400000,2405.28,2408.6,2403.36,2403.45,3220.47
1789557300000,2403.45,2406.79,2401.69,2406.21,2671.04
1789558200000,2406.21,2430.12,2405.74,2425.09,23151.5
1789559100000,2425.09,2426.63,2418.31,2421.36,6014.53
1789560000000,2421.36,2422.59,2411.19,2412.56,11717.68
1789560900000,2412.56,2417.18,2404.71,2406.28,16748.46
1789561800000,2406.28,2410.44,2401.77,2405.77,7575.83
1789562700000,2405.77,2409.47,2402.5,2405.83,5466.83
1789563600000,2405.83,2406.02,2394.01,2400.95,12503.86
1789564500000,2400.95,2404.99,2397.09,2399.84,6660.41
1789565400000,2399.84,2401.57,2388.33,2397.84,15213.61
1789566300000,2397.84,2403.24,2391,2393.19,12576.03
1789567200000,2393.19,2394.09,2382.1,2389.21,13615.25
1789568100000,2389.21,2398.1,2386.72,2397.36,11909
1789569000000,2397.36,2397.61,2383.55,2390.86,13002.83
1789569900000,2390.86,2390.87,2376.8,2389.42,14416.14
1789570800000,2389.42,2395,2385.25,2392.65,15066.81
1789571700000,2392.65,2393.63,2386.1,2386.35,5886.38
1789572600000,2386.35,2394.4,2382.74,2389.92,17184.43
1789573500000,2389.92,2401.63,2389.3,2391.67,11496.51
1789574400000,2391.67,2396.97,2387.57,2396.1,8013.27
1789575300000,2396.1,2398.72,2392,2395.44,6016.7
1789576200000,2395.44,2397.31,2386.11,2387.29,5116.27
1789577100000,2387.29,2394.59,2387.21,2390.71,1835.91
1789578000000,2390.71,2393.29,2385.68,2390.13,3168.81
1789578900000,2390.13,2393.19,2385.55,2388.06,3249.61
1789579800000,2388.06,2388.45,2370,2375.05,22452.72
1789580700000,2375.05,2395.93,2370,2389.99,23581.3
1789581600000,2389.99,2429.75,2366.75,2401.44,132297.18
1789582500000,2401.44,2412.37,2394.81,2411.28,18237.01
1789583400000,2411.28,2421.96,2366.85,2408.31,56308.45
1789584300000,2408.31,2411.73,2388.27,2397.12,17266.8
1789585200000,2397.12,2417,2396.87,2406.17,19664.57
1789586100000,2406.17,2409.52,2375.56,2387.05,16474.05
1789587000000,2387.05,2406.8,2380.48,2404.93,12554.03
1789587900000,2404.93,2410.62,2404.38,2407.23,5762.09
1789588800000,2407.23,2419.17,2403.7,2411.52,11075.52
1789589700000,2411.52,2416.99,2406.1,2410.56,4726.84
1789590600000,2410.56,2414.29,2403.51,2407.93,4488.58
1789591500000,2407.93,2411.74,2405.77,2409.72,3337.64
1789592400000,2409.72,2412.53,2407.07,2408.64,2809.14
1789593300000,2408.64,2410.61,2404.17,2404.74,1771.73
1789594200000,2404.74,2407.1,2398.73,2401.14,5522.72
1789595100000,2401.14,2405.42,2400.25,2403.55,2258.31
1789596000000,2403.55,2404.7,2387.01,2397.73,13148.82
1789596900000,2397.73,2401.4,2391.7,2393.29,7103.09
1789597800000,2393.29,2397.31,2390.56,2397.31,2644.29
1789598700000,2397.31,2397.9,2390.15,2391.54,2534.96
1789599600000,2391.54,2398.11,2388.94,2398.01,1940.22
1789600500000,2398.01,2414.54,2398.01,2412.07,8914.52
1789601400000,2412.07,2422,2410.73,2418.53,9754.73
1789602300000,2418.53,2421.39,2413.71,2417.15,12430.8
1789603200000,2417.15,2423.77,2414.77,2420.6,3027.02
1789604100000,2420.6,2425.52,2419.44,2421,5169.16
1789605000000,2421,2426.67,2420,2423.01,4696.03
1789605900000,2423.01,2423.84,2417.33,2417.44,1889.79
1789606800000,2417.44,2420.39,2412.25,2417.27,5343.2
1789607700000,2417.27,2439.95,2415.62,2437.62,21618.98
1789608600000,2437.62,2444.54,2429.12,2434.03,11954.18
1789609500000,2434.03,2434.51,2425.31,2426.52,5844.65
1789610400000,2426.52,2427.94,2417.01,2421.61,5923.94
1789611300000,2421.61,2422.92,2415.09,2421.51,4448.19
1789612200000,2421.51,2432.37,2419.63,2429.88,8489.85
1789613100000,2429.88,2431.66,2426.11,2428,4175.66
1789614000000,2428,2436,2428,2432.83,8966.17
1789614900000,2432.83,2437.61,2430.57,2435.38,1834.96
1789615800000,2435.38,2437.95,2433.8,2436.01,2686.35
1789616700000,2436.01,2437,2433,2434.56,7808.18
1789617600000,2434.56,2435.07,2429.44,2430.35,2031.2
1789618500000,2430.35,2430.41,2424.43,2424.73,3475.72
1789619400000,2424.73,2436.6,2423.78,2434.7,8921.24
1789620300000,2434.7,2443.82,2433.76,2440.92,8823.81
1789621200000,2440.92,2445.95,2438.77,2440.26,5903.9
1789622100000,2440.26,2444.5,2437.07,2442.33,5770.76
1789623000000,2442.33,2442.33,2436.07,2437.7,4403.99
1789623900000,2437.7,2440.39,2434.94,2436.05,2211.97
1789624800000,2436.05,2442,2435.17,2440.51,2316.04
1789625700000,2440.51,2440.51,2434.44,2439.54,1906.28
1789626600000,2439.54,2444.42,2438.39,2443.77,3292.07
1789627500000,2443.77,2445.5,2439.43,2440.1,4583.34
1789628400000,2440.1,2454.99,2439.67,2447.15,27924.99
1789629300000,2447.15,2451.04,2445.85,2447.5,6121.4
1789630200000,2447.5,2448.09,2445.45,2445.45,5460.11
1789631100000,2445.45,2447,2441.49,2443.38,5462.09
1789632000000,2443.38,2445.77,2437.61,2438.12,2590.75
1789632900000,2438.12,2443.34,2436.45,2438.34,4078.54
1789633800000,2438.34,2445,2436.21,2442.01,4610.61
1789634700000,2442.01,2445.69,2441.16,2444.68,1575.67
1789635600000,2444.68,2448.52,2443.8,2445.55,6987.29
1789636500000,2445.55,2447.82,2444.04,2444.04,2755.92
1789637400000,2444.04,2447.8,2440.93,2441.38,2153.08
1789638300000,2441.38,2444.05,2436.69,2437.5,6626.33
1789639200000,2437.5,2438.15,2430,2434.01,9132.02
1789640100000,2434.01,2434.25,2430.3,2432.27,3379.93
1789641000000,2432.27,2434.93,2430.73,2431.74,1857.77
1789641900000,2431.74,2434.66,2428.8,2434.3,3646.87
1789642800000,2434.3,2437.83,2432.98,2437.48,3310.41
1789643700000,2437.48,2438.4,2433.27,2435.77,2864.09
1789644600000,2435.77,2435.78,2426.65,2427.08,4200.79
1789645500000,2427.08,2442.39,2427.08,2441.28,9617.06
1789646400000,2441.28,2456.82,2438.09,2454.42,25166.44
1789647300000,2454.42,2471.66,2453.26,2471.35,31809.4
1789648200000,2471.35,2479.22,2460.79,2460.85,39272.6
1789649100000,2460.85,2465.79,2458,2458.86,9438.9
1789650000000,2458.86,2464.07,2453.71,2455.98,11037.9
1789650900000,2455.98,2459.14,2450.06,2451.38,7289.42
1789651800000,2451.38,2454.72,2431.21,2438.72,24377.27
1789652700000,2438.72,2462.52,2435.39,2461.43,22409.84
1789653600000,2461.43,2479.92,2449.4,2478.99,26198.54
1789654500000,2478.99,2482.57,2466.48,2475.85,21149.99
1789655400000,2475.85,2480,2462.54,2463.6,17012.44
1789656300000,2463.6,2467.84,2460.02,2460.17,6118.83
1789657200000,2460.17,2460.68,2446.62,2450.42,16968.68
1789658100000,2450.42,2455.89,2447.72,2454.99,5446.1
1789659000000,2454.99,2477.27,2453.87,2470.66,17017.21
1789659900000,2470.66,2472.7,2465.4,2468.98,10623.47
1789660800000,2468.98,2472.55,2466.67,2469.09,4206.39
1789661700000,2469.09,2470.71,2464.8,2467.83,2667.9
1789662600000,2467.83,2467.94,2453.04,2463.44,9976.53
1789663500000,2463.44,2469.46,2458.75,2469.46,5843.03
1789664400000,2469.46,2475,2467.37,2467.98,6439.94
1789665300000,2467.98,2475.96,2465.76,2472.3,8513.75
1789666200000,2472.3,2472.53,2463.72,2463.95,4221.27
1789667100000,2463.95,2464.74,2458.93,2461.78,3537.08
1789668000000,2461.78,2462.16,2458,2461.07,1747.13
1789668900000,2461.07,2462.85,2459.33,2459.76,1277.45
1789669800000,2459.76,2460.91,2448.85,2454.49,7322.98
1789670700000,2454.49,2457.69,2450.69,2450.88,4080.07
1789671600000,2450.88,2454.72,2450.06,2450.06,1968.19
1789672500000,2450.06,2454.07,2448.66,2452.14,2612.15
1789673400000,2452.14,2453.87,2447.39,2449.2,3072.07
1789674300000,2449.2,2454,2443.92,2448.01,6423.77
1789675200000,2448.01,2452.6,2446.13,2452.6,2368.17
1789676100000,2452.6,2457.82,2451.26,2456.5,5105.52
1789677000000,2456.5,2456.64,2448.02,2450.09,1694.74
1789677900000,2450.09,2452.39,2447.13,2452.39,1673.41
1789678800000,2452.39,2455.08,2448.87,2449.33,2334.8
1789679700000,2449.33,2451.6,2449.33,2451.15,873.97
1789680600000,2451.15,2452.35,2449.06,2450.49,1932.22
1789681500000,2450.49,2450.59,2446.46,2446.46,4648.58
1789682400000,2446.46,2448.99,2441.32,2442.41,10583.85
1789683300000,2442.41,2442.96,2436.5,2437.72,4791.81
1789684200000,2437.72,2447,2436.23,2445.91,2870.56
1789685100000,2445.91,2446.61,2440.79,2445.12,4446.54
1789686000000,2445.12,2449.14,2443.5,2446.87,4032.9
1789686900000,2446.87,2448.96,2446.46,2448.48,1218.59
1789687800000,2448.48,2448.92,2445.01,2446.78,3375.46
1789688700000,2446.78,2449.92,2445.5,2446.47,3256.66
1789689600000,2446.47,2447.21,2442,2443.31,2894.79
1789690500000,2443.31,2443.44,2435.75,2439.44,4217.66
1789691400000,2439.44,2443.7,2438.16,2442.37,2585.8
1789692300000,2442.37,2447.7,2439.83,2447.37,2326.51
1789693200000,2447.37,2451.83,2444.65,2449.65,4799.77
1789694100000,2449.65,2452.79,2447.4,2449.77,2140.68
1789695000000,2449.77,2457.84,2449.53,2454.52,2983.87
1789695900000,2454.52,2459.04,2454.02,2456.54,5219.48
1789696800000,2456.54,2460.25,2451.51,2455.38,7865.66
1789697700000,2455.38,2461.95,2454.88,2460.01,6553.92
1789698600000,2460.01,2466,2460.01,2461.3,8456.74
1789699500000,2461.3,2464.33,2460.24,2461.8,3304.84
1789700400000,2461.8,2473.75,2460.43,2473.42,10145.79
1789701300000,2473.42,2484.72,2467,2473.93,21984.82
1789702200000,2473.93,2477.36,2468.43,2473,7333.52
1789703100000,2473,2479.83,2472.99,2478.28,6185.99
1789704000000,2478.28,2482,2472.17,2474.63,9462.87
1789704900000,2474.63,2476.99,2469.61,2470.98,7191.94
1789705800000,2470.98,2475.95,2468.68,2475.95,7490.66
1789706700000,2475.95,2481.08,2473.32,2481.08,5540.15
1789707600000,2481.08,2492.06,2475.81,2487.57,19752
1789708500000,2487.57,2491.12,2480,2484,8543.23
1789709400000,2484,2489.16,2481.44,2483.51,5837.28
1789710300000,2483.51,2484.35,2477.19,2479.19,4628.07
1789711200000,2479.19,2486.41,2479.19,2482.37,4746.49
1789712100000,2482.37,2486.99,2481.61,2481.9,4964.45
1789713000000,2481.9,2485.8,2481.03,2484.75,5853.34
1789713900000,2484.75,2487.34,2481.16,2486.26,6491.32
1789714800000,2486.26,2496.66,2484.74,2488.94,21720.17
1789715700000,2488.94,2497.83,2487.7,2492.63,10952.45
1789716600000,2492.63,2494.37,2487.51,2490.58,10232.11
1789717500000,2490.58,2492.25,2486.32,2488.8,4312.56
1789718400000,2488.8,2497.87,2484.29,2487.5,8868.69
1789719300000,2487.5,2506.7,2486.47,2496.71,23661.62
1789720200000,2496.71,2499.01,2493,2495.9,5647.5
1789721100000,2495.9,2505.19,2494.51,2504.03,9539.74
1789722000000,2504.03,2515.66,2503.06,2513.76,24435.42
1789722900000,2513.76,2520.53,2505.2,2507.03,26139.43
1789723800000,2507.03,2507.2,2501,2502.48,9674.27
1789724700000,2502.48,2507.92,2501.11,2506.87,7112.57
1789725600000,2506.87,2515.17,2506.61,2514.69,8854.83
1789726500000,2514.69,2517.68,2509.94,2516.49,6132
1789727400000,2516.49,2518.88,2513.68,2515.37,4482.69
1789728300000,2515.37,2520.8,2511.78,2512.42,6543.09
1789729200000,2512.42,2517,2498.04,2501.71,9781.69
1789730100000,2501.71,2506.27,2500.35,2502.27,4796.15
1789731000000,2502.27,2512.8,2501.52,2505,5326.67
1789731900000,2505,2510.67,2504.75,2507.05,3649.74
1789732800000,2507.05,2509.8,2499.48,2503.19,3888.1
1789733700000,2503.19,2504.47,2498.85,2502.76,3715.24
1789734600000,2502.76,2507.79,2499.29,2503.16,4178.46
1789735500000,2503.16,2505.21,2499.55,2501.4,5275.73
1789736400000,2501.4,2502.39,2493.07,2497.64,6934.86
1789737300000,2497.64,2506,2496.86,2504.91,5262.21
1789738200000,2504.91,2538.64,2502.7,2536.74,44046.51
1789739100000,2536.74,2578,2531.59,2553.9,85201.76
1789740000000,2553.9,2571.6,2553.8,2560.75,36976.38
1789740900000,2560.75,2582.92,2559.01,2568.73,30035.81
1789741800000,2568.73,2578.67,2562.45,2577.5,13017.08
1789742700000,2577.5,2586.74,2572.89,2581.29,25740.95
1789743600000,2581.29,2587.35,2564.48,2574.07,27356.99
1789744500000,2574.07,2598.58,2573.73,2586.79,27530.96
1789745400000,2586.79,2587.53,2572.21,2572.39,10541.24
1789746300000,2572.39,2584.21,2568.24,2582.81,7789.51
1789747200000,2582.81,2596.63,2577.67,2595.62,14450.02
1789748100000,2595.62,2601.67,2590.57,2598.5,22657.55
1789749000000,2598.5,2609.9,2596.92,2600.72,18439.33
1789749900000,2600.72,2600.77,2588.04,2595.86,11365.37
1789750800000,2595.86,2596.74,2587.01,2594.58,10219.8
1789751700000,2594.58,2597.88,2583.77,2591.28,8516.68
1789752600000,2591.28,2593.98,2584.3,2593.5,7298.83
1789753500000,2593.5,2609.17,2593.25,2606,12435.9
1789754400000,2606,2608.84,2599.48,2604.42,11132.83
1789755300000,2604.42,2611,2602.07,2609.16,14986.49
1789756200000,2609.16,2626.83,2605.2,2609.39,33203.23
1789757100000,2609.39,2617.39,2608.31,2611.6,9567.82
1789758000000,2611.6,2625.96,2610.61,2624.43,9038.38
1789758900000,2624.43,2639.92,2623.65,2635.48,26289.61
1789759800000,2635.48,2642.29,2626.2,2641.87,16886.19
1789760700000,2641.87,2645.75,2634.31,2635.56,13591.31
1789761600000,2635.56,2636.93,2626.88,2633.34,7078.93
1789762500000,2633.34,2638.86,2623.76,2626.99,8414.53
1789763400000,2626.99,2635.33,2623.23,2633.03,5089.79
1789764300000,2633.03,2636.4,2628.68,2630.73,4827.56
1789765200000,2630.73,2639.1,2629.26,2637.95,5291.41
1789766100000,2637.95,2638.58,2630.12,2631.45,4468.42
1789767000000,2631.45,2634.65,2625.48,2627.81,6819.19
1789767900000,2627.81,2628.87,2624,2625.83,5430.68
1789768800000,2625.83,2632.23,2624.42,2628.72,3494.58
1789769700000,2628.72,2633.39,2628.51,2631.25,1770.41
1789770600000,2631.25,2631.42,2616.17,2617.96,10100.84
1789771500000,2617.96,2621.41,2616.28,2619.13,3846.01
1789772400000,2619.13,2620.96,2610.86,2618.57,4566.04
1789773300000,2618.57,2620.5,2612.14,2613.24,2046.91
1789774200000,2613.24,2613.44,2608.22,2610.68,7765.02
1789775100000,2610.68,2612.67,2607.14,2610.6,4059.89
1789776000000,2610.6,2612.19,2605.76,2611.35,5225.82
1789776900000,2611.35,2616.39,2611.24,2614.69,3873.84
1789777800000,2614.69,2620.82,2614.57,2619.75,3235.18
1789778700000,2619.75,2625.86,2617.75,2625.86,5180.17
1789779600000,2625.86,2626.6,2611.73,2612.16,6903.22
1789780500000,2612.16,2613.93,2601.95,2611.41,7501.77
1789781400000,2611.41,2612.46,2602.6,2611.31,2772.8
1789782300000,2611.31,2619.51,2611.31,2611.95,4938.13
1789783200000,2611.95,2617,2611,2615.29,2628.98
1789784100000,2615.29,2621.84,2613.25,2616.63,4198.69
1789785000000,2616.63,2622.08,2616.15,2618.75,3452.73
1789785900000,2618.75,2622.59,2617.34,2622.52,1225.79
1789786800000,2622.52,2631.37,2620.91,2625.42,5734.42
1789787700000,2625.42,2625.68,2619.73,2619.77,2282.26
1789788600000,2619.77,2622.09,2618.1,2622.08,1989.21
1789789500000,2622.08,2622.08,2619,2619,902.63
1789790400000,2619,2624.98,2618.75,2624.76,2078.64
1789791300000,2624.76,2625.83,2620.72,2624,5891.8
1789792200000,2624,2624,2611.01,2613.54,8533.45
1789793100000,2613.54,2618.69,2612.05,2618.69,8714.4
1789794000000,2618.69,2630.48,2618.65,2623.45,5159.04
1789794900000,2623.45,2632.25,2622.58,2626.64,5888.82
1789795800000,2626.64,2631.82,2625.29,2625.37,5340.56
1789796700000,2625.37,2631.55,2624.43,2627.55,3653.05
1789797600000,2627.55,2629.15,2624,2624,1720.5
1789798500000,2624,2626.49,2618.68,2623.27,3394.77
1789799400000,2623.27,2628.58,2621.66,2627.28,2108.35
1789800300000,2627.28,2628.28,2625.21,2626.07,1311.23
1789801200000,2626.07,2629.57,2624.69,2629.37,1296.83
1789802100000,2629.37,2635.36,2625.62,2627.89,4647.87
1789803000000,2627.89,2629.38,2623.06,2623.82,1816.35
1789803900000,2623.82,2629.1,2621.9,2625.87,2564.14
1789804800000,2625.87,2634.8,2622.62,2634.47,3534.06
1789805700000,2634.47,2662.47,2631.34,2644.23,41154.34
1789806600000,2644.23,2657.55,2641.43,2648.03,12953.47
1789807500000,2648.03,2650.9,2641.73,2644.33,7608.39
1789808400000,2644.33,2659.93,2643.58,2649.03,12275.06
1789809300000,2649.03,2652.53,2644.76,2645.82,7992.56
1789810200000,2645.82,2647.14,2631.53,2635.23,13431.8
1789811100000,2635.23,2643.72,2635.23,2640.03,5851.65
1789812000000,2640.03,2641.49,2637.42,2640.29,5367.82
1789812900000,2640.29,2644.4,2639.12,2643.96,3834.55
1789813800000,2643.96,2645.63,2641.59,2642.9,2528.6
1789814700000,2642.9,2643.94,2636.53,2637.36,5048.65
1789815600000,2637.36,2641.97,2636.8,2637.01,3988.43
1789816500000,2637.01,2641.84,2635.46,2637.59,3527.57
1789817400000,2637.59,2639.53,2634.98,2638.31,4709.59
1789818300000,2638.31,2640.34,2637.8,2638.65,998.17
1789819200000,2638.65,2641.86,2635.6,2641.21,5485.14
1789820100000,2641.21,2643.18,2638.64,2639.78,2014.68
1789821000000,2639.78,2642.23,2638.38,2638.87,881.23
1789821900000,2638.87,2642.35,2636.59,2640.97,2449.01
1789822800000,2640.97,2642.45,2632.32,2636.47,9508.42
1789823700000,2636.47,2641,2632.01,2633.44,7176.05
1789824600000,2633.44,2636.99,2627.89,2634.28,9167.92
1789825500000,2634.28,2638.02,2632.29,2637.41,2846.93
1789826400000,2637.41,2641.22,2635.29,2637.27,3359.2
1789827300000,2637.27,2642.8,2637.27,2642.77,2454.16
1789828200000,2642.77,2642.77,2634.15,2637.69,8415.96
1789829100000,2637.69,2640.64,2635.11,2637.49,1839.03
1789830000000,2637.49,2643.7,2637.26,2641.23,3645.29
1789830900000,2641.23,2643.81,2636.2,2636.47,2299.35
1789831800000,2636.47,2652.52,2636.47,2647.73,12907.84
1789832700000,2647.73,2647.88,2638.92,2639.93,7270.03
1789833600000,2639.93,2645.85,2634.79,2643.79,7434.24
1789834500000,2643.79,2649.49,2641.64,2646.54,5132.56
1789835400000,2646.54,2650.78,2645.45,2646.37,3683.87
1789836300000,2646.37,2649.86,2645.03,2648.88,2030.15
1789837200000,2648.88,2654.6,2647.25,2648.68,8585.63
1789838100000,2648.68,2669.55,2641.12,2645.71,29519.39
1789839000000,2645.71,2649.94,2641.2,2645.93,7159.16
1789839900000,2645.93,2648.38,2643.94,2644.49,2357.48
1789840800000,2644.49,2646.58,2635.66,2637.07,5505.62
1789841700000,2637.07,2642.6,2634.14,2640,3216.77
1789842600000,2640,2643.62,2634.13,2640.4,5326.66
1789843500000,2640.4,2641.08,2635.3,2637.63,3087.14
1789844400000,2637.63,2639.77,2632.56,2633.52,1725.23
1789845300000,2633.52,2637.38,2630.73,2636.12,3518.56
1789846200000,2636.12,2637.54,2633.99,2634.34,1043.65
1789847100000,2634.34,2636.92,2632,2633.99,3357.02
1789848000000,2633.99,2635.98,2632.31,2634.37,1269.9
1789848900000,2634.37,2639.22,2631.41,2634.08,1855.28
1789849800000,2634.08,2639.77,2634.01,2639.71,826.05
1789850700000,2639.71,2639.71,2631.53,2634.85,3158.72
1789851600000,2634.85,2638.07,2621.85,2623.42,6371.53
1789852500000,2623.42,2627.78,2616.73,2626.49,12589.38
1789853400000,2626.49,2627.3,2619.19,2623.14,2248.88
1789854300000,2623.14,2628.62,2623,2626.32,2012.27
1789855200000,2626.32,2626.77,2618.72,2618.72,5613.63
1789856100000,2618.72,2622.83,2618.11,2621.2,1427.7
1789857000000,2621.2,2628.46,2620.81,2628.35,4788.84
1789857900000,2628.35,2630.55,2627.27,2629.73,1830.1
1789858800000,2629.73,2635.26,2629.28,2635.02,3545.85
1789859700000,2635.02,2636.54,2628.22,2631.34,3711.71
1789860600000,2631.34,2636.46,2630.05,2633.75,1988.89
1789861500000,2633.75,2634.8,2631.1,2631.51,1432.38
1789862400000,2631.51,2631.8,2625.44,2629.02,2716.3
1789863300000,2629.02,2630.67,2625.44,2628.1,2073.26
1789864200000,2628.1,2630.72,2625.89,2629.66,2897.74
1789865100000,2629.66,2629.66,2624.8,2626.3,1697.93
1789866000000,2626.3,2626.52,2619.35,2619.93,2626.17
1789866900000,2619.93,2625.2,2619.28,2620.3,2714.41
1789867800000,2620.3,2620.74,2612.45,2618.13,11726.82
1789868700000,2618.13,2619.59,2614.82,2618.59,3498.06
1789869600000,2618.59,2622,2617.16,2621.87,2655.42
1789870500000,2621.87,2623.59,2612.81,2613.23,4596.86
1789871400000,2613.23,2614.57,2585.95,2588.49,27415.66
1789872300000,2588.49,2599.09,2565.03,2573.17,52527.67
1789873200000,2573.17,2584.86,2562.26,2573.95,29786.81
1789874100000,2573.95,2590.41,2568.53,2584.08,11169.22
1789875000000,2584.08,2588.64,2577.49,2580.79,10480.27
1789875900000,2580.79,2587.5,2578.77,2586.89,4003.25
1789876800000,2586.89,2587.3,2580.22,2584.39,5317.86
1789877700000,2584.39,2587.83,2578.46,2582.98,3377.38
1789878600000,2582.98,2585.56,2579.8,2579.84,2237.82
1789879500000,2579.84,2581.34,2575.41,2579.19,4697.36
1789880400000,2579.19,2585.06,2576.24,2582.76,3600.66
1789881300000,2582.76,2582.77,2573.95,2577.38,5037.91
1789882200000,2577.38,2581.69,2572.7,2575.37,4787.03
1789883100000,2575.37,2578.82,2574.34,2577.22,2124.01
1789884000000,2577.22,2578.7,2573.39,2578,4421.74
1789884900000,2578,2584.31,2578,2578.99,4677.33
1789885800000,2578.99,2580.09,2568.43,2573.22,6686.77
1789886700000,2573.22,2575.29,2569.94,2573.21,3271.12
1789887600000,2573.21,2575.48,2571.31,2574,3186.7
1789888500000,2574,2576.7,2570.21,2576.01,3754.51
1789889400000,2576.01,2576.75,2570.67,2574,2491.63
1789890300000,2574,2577.39,2573.7,2575.58,1636.33
1789891200000,2575.58,2582.8,2574.39,2579.12,3901
1789892100000,2579.12,2579.95,2575.72,2576.99,1365.62
1789893000000,2576.99,2578.52,2571.76,2572.93,4481.08
1789893900000,2572.93,2574.85,2568.54,2574,4801.75
1789894800000,2574,2576.69,2573.86,2575.73,2591.02
1789895700000,2575.73,2579.9,2575.3,2578.51,2280.27
1789896600000,2578.51,2586.39,2578.51,2585.13,7823.69
1789897500000,2585.13,2585.13,2578.61,2578.64,2005.46
1789898400000,2578.64,2580.48,2571.06,2575.78,5135.89
1789899300000,2575.78,2578.87,2573.48,2575.1,2111.07
1789900200000,2575.1,2577.74,2572.1,2573.88,1218.17
1789901100000,2573.88,2575.56,2569.86,2570.4,2344.69
1789902000000,2570.4,2574.6,2566.47,2571.07,4749.01
1789902900000,2571.07,2572.35,2568,2572.04,3134.95
1789903800000,2572.04,2577.5,2571.56,2574.78,3300.95
1789904700000,2574.78,2580.08,2574,2577.94,2524.01
1789905600000,2577.94,2582.45,2574.46,2579.81,3857
1789906500000,2579.81,2580.07,2573.45,2573.6,1848.46
1789907400000,2573.6,2575,2570.5,2574,2407.15
1789908300000,2574,2579.98,2573.76,2579.23,2817.17
1789909200000,2579.23,2585.49,2579,2580.25,5434.96
1789910100000,2580.25,2581.91,2577.25,2579.38,2201.45
1789911000000,2579.38,2580.24,2575.51,2578.69,1433.47
1789911900000,2578.69,2580.12,2577.15,2579.49,992.75
1789912800000,2579.49,2588,2579.07,2579.3,5253.85
1789913700000,2579.3,2579.39,2572.63,2576.17,3514.32
1789914600000,2576.17,2582.54,2574.78,2580.34,2853.22
1789915500000,2580.34,2587.26,2579.38,2584.49,2501.42
1789916400000,2584.49,2607.29,2584.49,2595.41,40956.02
1789917300000,2595.41,2604.95,2591.61,2591.61,8332.23
1789918200000,2591.61,2605.84,2591.61,2602.32,7348.9
1789919100000,2602.32,2615.45,2602.01,2611.95,18597.34
1789920000000,2611.95,2627.75,2605.45,2622.01,28075.38
1789920900000,2622.01,2626.4,2614.29,2617.79,14883.88
1789921800000,2617.79,2647.44,2617.79,2640.7,31174.64
1789922700000,2640.7,2642.98,2630.86,2638.9,12638.54
1789923600000,2638.9,2648.79,2632.46,2635.82,11767.95
1789924500000,2635.82,2639.06,2617,2620.29,35504.21
1789925400000,2620.29,2638.89,2620.28,2634.31,14596.24
1789926300000,2634.31,2636.38,2619.6,2625.02,13555.99
1789927200000,2625.02,2627.77,2620.51,2624.68,3594.7
1789928100000,2624.68,2637.58,2623.96,2637.22,9117.81
1789929000000,2637.22,2639.4,2629.37,2631.43,2947.62
1789929900000,2631.43,2631.95,2621.48,2625.04,3792.28
1789930800000,2625.04,2628.35,2624.48,2626.26,2775.45
1789931700000,2626.26,2628.66,2624.88,2628.18,1156.77
1789932600000,2628.18,2635.37,2627.83,2633.93,2600.61
1789933500000,2633.93,2637.71,2630.51,2632.16,2321.29
1789934400000,2632.16,2635.86,2630.16,2630.84,1199.12
1789935300000,2630.84,2637.36,2629.02,2635.44,3249.32
1789936200000,2635.44,2636.1,2629.64,2635.56,3248.63
1789937100000,2635.56,2642.31,2631.05,2633.65,3844.84
1789938000000,2633.65,2634.75,2606.64,2618.58,23478.46
1789938900000,2618.58,2626.43,2616.98,2622.32,7028.42
1789939800000,2622.32,2626.43,2619.24,2619.24,5321.6
1789940700000,2619.24,2630,2618.99,2630,2903.86
1789941600000,2630,2646.6,2622.57,2645.33,11004.33
1789942500000,2645.33,2645.33,2633.43,2639.91,4695.77
1789943400000,2639.91,2643.99,2634.84,2635.33,5579.14
1789944300000,2635.33,2642.3,2633.42,2638.07,2323.8
1789945200000,2638.07,2638.24,2630.6,2632.77,2986.05
1789946100000,2632.77,2647.91,2632.36,2636.9,6331.43
1789947000000,2636.9,2643.24,2635.8,2642.38,3462.31
1789947900000,2642.38,2645.32,2637,2643.58,4801.03
1789948800000,2643.58,2685.34,2642.6,2677.34,62967.09
1789949700000,2677.34,2696.18,2670.48,2684.44,26929.09
1789950600000,2684.44,2692.97,2681,2689.18,12879.59
1789951500000,2689.18,2707.84,2685.89,2688.02,22877.69
1789952400000,2688.02,2690.65,2678.89,2688.81,9263.02
1789953300000,2688.81,2700.33,2670.14,2677.55,15717.2
1789954200000,2677.55,2683.53,2668.25,2681,11101.56
1789955100000,2681,2684.82,2642.01,2648.05,40568.12
1789956000000,2648.05,2659.41,2642.5,2658.86,8084.59
1789956900000,2658.86,2668.2,2656.68,2663.7,6159.51
1789957800000,2663.7,2663.7,2651.19,2658,5443.02
1789958700000,2658,2664.34,2654.65,2660.78,6675.43
1789959600000,2660.78,2668.68,2657.08,2662.01,4946.31
1789960500000,2662.01,2672.97,2662.01,2666.79,7761.76
1789961400000,2666.79,2672.95,2663,2664.37,5670.67
1789962300000,2664.37,2667.53,2661.3,2664.77,1751.36
1789963200000,2664.77,2667.56,2656.94,2658.44,3746.75
1789964100000,2658.44,2660.75,2653.8,2654.49,6014.96
1789965000000,2654.49,2664,2652,2664,3718.02
1789965900000,2664,2669.19,2661.4,2662.62,5194.13
1789966800000,2662.62,2664.9,2657.28,2659.01,2641.46
1789967700000,2659.01,2672.28,2659.01,2667.91,4962.81
1789968600000,2667.91,2675.05,2664.59,2666.56,4792.36
1789969500000,2666.56,2668.98,2662.74,2663.98,6551.15
1789970400000,2663.98,2668.29,2662.2,2665.12,3859.09
1789971300000,2665.12,2677.46,2665.12,2669.99,15515.06
1789972200000,2669.99,2671.16,2652.76,2652.88,5868.81
1789973100000,2652.88,2665.8,2652.88,2661.66,3836.51
1789974000000,2661.66,2664.38,2654,2657.56,5940.71
1789974900000,2657.56,2660,2655.58,2657.21,2176
1789975800000,2657.21,2657.71,2645.55,2647.96,11108.98
1789976700000,2647.96,2660.6,2645.2,2660.6,6474.54
1789977600000,2660.6,2669.77,2660.01,2665.98,9554.69
1789978500000,2665.98,2681.17,2665.52,2679.67,13758.15
1789979400000,2679.67,2713.18,2678.25,2698.85,74012.03
1789980300000,2698.85,2707.74,2690.01,2694.64,22218.57
1789981200000,2694.64,2703.48,2690.35,2695.32,14290.19
1789982100000,2695.32,2721,2694.08,2715.95,26068.9
1789983000000,2715.95,2748.67,2713.25,2740.81,58667.17
1789983900000,2740.81,2741.64,2716.05,2719.57,23451.98
1789984800000,2719.57,2725.99,2714.19,2718.92,10040.53
1789985700000,2718.92,2721.87,2710.34,2711.05,8495.16
1789986600000,2711.05,2717.41,2707.05,2714.49,6691.66
1789987500000,2714.49,2716.94,2709,2714.9,5329.06
1789988400000,2714.9,2721.41,2712.15,2719.88,8342.02
1789989300000,2719.88,2723.07,2714.72,2720.52,3542.52
1789990200000,2720.52,2729.12,2718.27,2726.04,9119.9
1789991100000,2726.04,2726.52,2719.78,2724.43,3449.54
1789992000000,2724.43,2729.46,2718.05,2718.43,9740.08
1789992900000,2718.43,2732.91,2717.11,2720.62,9302.94
1789993800000,2720.62,2730.42,2719.67,2727.18,4735.66
1789994700000,2727.18,2739.85,2722.49,2734,9612.07
1789995600000,2734,2742.98,2727.5,2730,11080.52
1789996500000,2730,2739.99,2727.78,2735.09,9534.74
1789997400000,2735.09,2738.95,2716.62,2721.27,16703.04
1789998300000,2721.27,2744.46,2719.71,2731.1,15853.86
1789999200000,2731.1,2735,2710.38,2719.29,18886.64
1790000100000,2719.29,2738.98,2716.87,2732.5,14101.34
1790001000000,2732.5,2745.68,2725.04,2734,23341.48
1790001900000,2734,2757.24,2731,2735.26,32516.21
1790002800000,2735.26,2752.01,2734.56,2747.46,18630.66
1790003700000,2747.46,2747.79,2727.45,2732.13,11246.52
1790004600000,2732.13,2743.95,2726.01,2743.94,7246.97
1790005500000,2743.94,2765,2743.61,2754.54,48384.28
1790006400000,2754.54,2755.81,2741.36,2750.97,18747.56
1790007300000,2750.97,2767.41,2750.56,2761.2,17500.5
1790008200000,2761.2,2768.5,2748.01,2758.71,8202.4
1790009100000,2758.71,2765.59,2752.64,2753.39,8816.83
1790010000000,2753.39,2757.25,2748,2748.69,7082.11
1790010900000,2748.69,2752.5,2742.28,2748.25,5245.65
1790011800000,2748.25,2751.47,2743.1,2743.2,3436.16
1790012700000,2743.2,2743.99,2733.96,2741.66,7999.27
1790013600000,2741.66,2750.83,2736.83,2749.5,4057.94
1790014500000,2749.5,2752.69,2745.36,2749.81,2688.15
1790015400000,2749.81,2750.44,2743.32,2746.96,2321.52
1790016300000,2746.96,2757.16,2746.01,2756.7,2994.68
1790017200000,2756.7,2760.37,2754.04,2759.55,4636.15
1790018100000,2759.55,2772.96,2757.94,2764.44,17303.45
1790019000000,2764.44,2775.81,2761.11,2763.54,7041.32
1790019900000,2763.54,2765.88,2753.72,2760.67,3911.82
1790020800000,2760.67,2773,2760.53,2769.96,4661.05
1790021700000,2769.96,2806.73,2769.22,2803.57,48652.76
1790022600000,2803.57,2804.45,2778.76,2780.38,13599.98
1790023500000,2780.38,2785.57,2775.01,2783.01,4812.56
1790024400000,2783.01,2783.01,2767.24,2767.77,5348.79
1790025300000,2767.77,2769.81,2762.43,2768.33,4113.05
1790026200000,2768.33,2779.33,2768.12,2776.43,5121.99
1790027100000,2776.43,2776.73,2767.09,2767.31,2652.23
1790028000000,2767.31,2777.22,2767.11,2775.53,2546.6
1790028900000,2775.53,2782.94,2766.57,2771.42,6176.96
1790029800000,2771.42,2781,2770.03,2775.21,3497.66
1790030700000,2775.21,2778.5,2769.5,2777.66,2581.83
1790031600000,2777.66,2787.22,2776.02,2782,5575.84
1790032500000,2782,2786.07,2772.19,2772.69,2597.79
1790033400000,2772.69,2773.69,2765.6,2770.84,3377.14
1790034300000,2770.84,2776.77,2768.34,2774.75,3579.31
1790035200000,2774.75,2775.55,2766.53,2773.19,4976.89
1790036100000,2773.19,2775.41,2766.11,2770.33,2118.97
1790037000000,2770.33,2777.46,2762.5,2771.38,6185.07
1790037900000,2771.38,2774.76,2751.58,2753.5,11826.36
1790038800000,2753.5,2756.17,2738.12,2749.3,19415.38
1790039700000,2749.3,2753.53,2735.51,2751.1,10117.06
1790040600000,2751.1,2754.28,2745.67,2748.33,5376.42
1790041500000,2748.33,2749.98,2741.78,2747.71,4650.2
1790042400000,2747.71,2749.69,2735.53,2742.32,8176.32
1790043300000,2742.32,2747.41,2735.47,2744.06,3853.9
1790044200000,2744.06,2748,2738.34,2745.52,3287
1790045100000,2745.52,2747.29,2736.98,2738.99,4054.39
1790046000000,2738.99,2743.11,2723.77,2730.72,15236.43
1790046900000,2730.72,2740,2726.56,2738.01,5700.52
1790047800000,2738.01,2738.6,2731.01,2733.09,2124.57
1790048700000,2733.09,2739.99,2731.9,2738.42,2188.78
1790049600000,2738.42,2742.49,2736,2738.7,3816.59
1790050500000,2738.7,2740.38,2733.97,2735.16,2836.47
1790051400000,2735.16,2735.36,2726.11,2728.89,6254.07
1790052300000,2728.89,2731.89,2725.06,2728.61,5754.23
1790053200000,2728.61,2731,2725.04,2726.89,3088.26
1790054100000,2726.89,2727.59,2716.52,2719.7,15389.87
1790055000000,2719.7,2732.95,2714.43,2732.93,12268.61
1790055900000,2732.93,2738.81,2731.65,2731.98,6965.12
1790056800000,2731.98,2734,2723.41,2728.62,9200.81
1790057700000,2728.62,2729.86,2724.41,2728.62,2504.28
1790058600000,2728.62,2735.37,2727.01,2733.07,7502.34
1790059500000,2733.07,2734.61,2728.03,2729.32,2766.99
1790060400000,2729.32,2733.63,2726.6,2731.59,4496.14
1790061300000,2731.59,2732.55,2722.26,2726.63,5932.76
1790062200000,2726.63,2727.26,2720.87,2724.74,6124.17
1790063100000,2724.74,2725.82,2721.49,2725.52,3037.89
1790064000000,2725.52,2732.64,2724.63,2731.56,6983.12
1790064900000,2731.56,2734,2722.52,2723.47,4051.13
1790065800000,2723.47,2745.77,2720.5,2745.43,13766.35
1790066700000,2745.43,2754.71,2743.05,2747.8,18067.86
1790067600000,2747.8,2748.8,2729.24,2738.26,18635.79
1790068500000,2738.26,2741.48,2735.07,2738.46,4535.9
1790069400000,2738.46,2745.28,2735.81,2743.15,4865.17
1790070300000,2743.15,2753.45,2741.76,2749.64,7834.73
1790071200000,2749.64,2751.08,2743.49,2744.63,2483.57
1790072100000,2744.63,2748.73,2737.07,2738.53,3936.67
1790073000000,2738.53,2741.92,2734,2739.6,4806.91
1790073900000,2739.6,2744.44,2738.11,2741.01,1997.82
1790074800000,2741.01,2743.87,2733.28,2740.05,4690.96
1790075700000,2740.05,2745.4,2737.41,2738.5,3967.94
1790076600000,2738.5,2746.82,2736.71,2744.79,1938.23
1790077500000,2744.79,2746.66,2737,2741.25,4548.04
1790078400000,2741.25,2745.49,2739.73,2740.5,4598.05
1790079300000,2740.5,2747.77,2735,2747.65,6401.15
1790080200000,2747.65,2751.37,2745.54,2748.07,4458.04
1790081100000,2748.07,2756.18,2748.06,2755.56,8891.79
1790082000000,2755.56,2764,2753.74,2755.53,12730.24
1790082900000,2755.53,2755.7,2739.09,2743.19,10689.87
1790083800000,2743.19,2760.18,2737.53,2749.86,17658.82
1790084700000,2749.86,2758.97,2746.1,2757.98,12944.54
1790085600000,2757.98,2758.86,2747.05,2755.77,9133.28
1790086500000,2755.77,2756.21,2738.57,2738.89,8248.22
1790087400000,2738.89,2738.89,2715,2726.1,32912.74
1790088300000,2726.1,2742.36,2726.1,2741.31,14621.83
1790089200000,2741.31,2748,2738.26,2744.36,12093.87
1790090100000,2744.36,2746.53,2735.23,2742.21,7831.42
1790091000000,2742.21,2750.75,2739.33,2749.22,6148.33
1790091900000,2749.22,2755.49,2741.11,2742.74,8493.2
1790092800000,2742.74,2747.27,2730.39,2731.74,9742.75
1790093700000,2731.74,2736.57,2728.2,2731.1,8291.79
1790094600000,2731.1,2739.31,2729.49,2736.88,3542.77
1790095500000,2736.88,2750,2734.6,2744.69,7714.86
1790096400000,2744.69,2748.83,2742.2,2746.33,8285.64
1790097300000,2746.33,2752.24,2743,2752.24,7542.57
1790098200000,2752.24,2758.86,2748.26,2749.92,11367.43
1790099100000,2749.92,2756.92,2746,2752.58,6029.58
1790100000000,2752.58,2754.11,2746.64,2751.36,6407.94
1790100900000,2751.36,2755.41,2741.49,2741.88,4564.58
1790101800000,2741.88,2749.86,2741.52,2746.93,4190.27
1790102700000,2746.93,2752.71,2746.93,2751.04,4706.35
1790103600000,2751.04,2756.87,2750.65,2754.77,3596.89
1790104500000,2754.77,2762.97,2754.76,2762.51,6150.2
1790105400000,2762.51,2762.64,2748,2752.66,5579.22
1790106300000,2752.66,2754.16,2743.46,2750.14,4575.95
1790107200000,2750.14,2751.32,2746,2748.78,2732.02
1790108100000,2748.78,2757.4,2747.63,2755.92,3997.62
1790109000000,2755.92,2756.11,2751.01,2752.28,2100.86
1790109900000,2752.28,2752.49,2747.38,2750.5,4433.08
1790110800000,2750.5,2753.36,2745.71,2747.29,2932.48
1790111700000,2747.29,2749.63,2746.11,2748.23,2000.81
1790112600000,2748.23,2750.62,2745.52,2746.03,3517.76
1790113500000,2746.03,2749.9,2745.72,2745.97,902.08
1790114400000,2745.97,2749.7,2734.94,2738.19,9475.53
1790115300000,2738.19,2747.09,2737.15,2745.42,4645.2
1790116200000,2745.42,2757.46,2745.24,2756.62,8141.34
1790117100000,2756.62,2759.61,2751.4,2751.7,4063.21
1790118000000,2751.7,2774.95,2751.7,2765.97,14919.92
1790118900000,2765.97,2768.22,2754.43,2756.49,5154.32
1790119800000,2756.49,2758.33,2748,2752.5,5695.86
1790120700000,2752.5,2754.99,2749.76,2752.92,3042.73
1790121600000,2752.92,2758.06,2748.59,2756.91,4171.88
1790122500000,2756.91,2760.16,2755.25,2756.88,3683.01
1790123400000,2756.88,2765.79,2756.88,2760.08,5542.14
1790124300000,2760.08,2762.54,2758.24,2758.86,1643.85
1790125200000,2758.86,2774.31,2758.32,2769.16,11559.42
1790126100000,2769.16,2771,2764.46,2766.14,1796.92
1790127000000,2766.14,2766.89,2750.85,2751.11,5074.34
1790127900000,2751.11,2753.45,2744.68,2752.87,10860.72
1790128800000,2752.87,2753.59,2744.69,2751.94,11055.26
1790129700000,2751.94,2760.81,2750.92,2758.07,3802.43
1790130600000,2758.07,2759.18,2755.23,2756.37,1877.63
1790131500000,2756.37,2762.04,2756.34,2760.92,2538.46
1790132400000,2760.92,2763.79,2756.47,2763.51,6920.95
1790133300000,2763.51,2773.99,2761.65,2766.99,8199.33
1790134200000,2766.99,2783.4,2764.51,2781.86,21561.3
1790135100000,2781.86,2781.87,2772.1,2772.98,7673.39
1790136000000,2772.98,2779.57,2765.89,2775.99,7430.03
1790136900000,2775.99,2787.6,2772.7,2778.52,11424.18
1790137800000,2778.52,2785.58,2778.28,2779.78,5531.34
1790138700000,2779.78,2783.34,2778.08,2778.19,3594.18
1790139600000,2778.19,2778.83,2766.68,2769.62,5764.34
1790140500000,2769.62,2771.99,2763.89,2764.83,5454.24
1790141400000,2764.83,2769.76,2763.26,2766.96,2298.46
1790142300000,2766.96,2769.19,2753.51,2756.27,8163.89
1790143200000,2756.27,2759.24,2753.5,2759.24,4079.37
1790144100000,2759.24,2761.05,2754.47,2754.55,3684.18
1790145000000,2754.55,2758.83,2751.8,2758.05,3771.15
1790145900000,2758.05,2758.05,2750.5,2753.28,2877.48
1790146800000,2753.28,2753.28,2745.37,2747.2,7213.56
1790147700000,2747.2,2752.12,2746.02,2750.64,3197.09
1790148600000,2750.64,2751.18,2733.93,2738.89,13950.9
1790149500000,2738.89,2745.49,2736.37,2741.93,6550.85
1790150400000,2741.93,2746.99,2737.69,2743.68,5025.61
1790151300000,2743.68,2749.61,2743.68,2744.26,4400.66
1790152200000,2744.26,2746.86,2741.5,2741.87,1820.06
1790153100000,2741.87,2741.98,2725.53,2734.35,17383.6
1790154000000,2734.35,2741.63,2734.34,2738.55,4920.88
1790154900000,2738.55,2742.5,2735,2737.22,6781.01
1790155800000,2737.22,2738.46,2733.9,2735.08,3205.27
1790156700000,2735.08,2737.64,2729.42,2732.64,6450.53
1790157600000,2732.64,2736.07,2730.39,2732.17,3223.95
1790158500000,2732.17,2732.17,2724.41,2731.72,6174.98
1790159400000,2731.72,2736.42,2728.11,2735.97,4577.06
1790160300000,2735.97,2737.55,2728.64,2736.79,3054.64
1790161200000,2736.79,2738.62,2729.94,2732.36,5525.67
1790162100000,2732.36,2732.76,2718.56,2720.51,12496.29
1790163000000,2720.51,2724.21,2716,2717.85,11276.84
1790163900000,2717.85,2728.32,2717.61,2726.72,5835.96
1790164800000,2726.72,2729.7,2719.13,2721.1,7044.58
1790165700000,2721.1,2726.8,2709.88,2721.5,17795.03
1790166600000,2721.5,2727.63,2721.26,2721.45,3436.76
1790167500000,2721.45,2723.21,2716.35,2721.14,3097.32
1790168400000,2721.14,2721.99,2705.6,2708.19,12679.85
1790169300000,2708.19,2716.55,2708.04,2714.43,5405.39
1790170200000,2714.43,2722.83,2710.1,2719.67,9384.64
1790171100000,2719.67,2720.06,2706.89,2714.78,7408.76
1790172000000,2714.78,2722.69,2653.37,2674.55,91374.69
1790172900000,2674.55,2675.63,2645.71,2650.73,47625.87
1790173800000,2650.73,2671.81,2646.54,2667.99,19515.25
1790174700000,2667.99,2678.78,2660.53,2675.23,16990.39
1790175600000,2675.23,2682.3,2672.25,2678.31,12812.31
1790176500000,2678.31,2683.83,2672.61,2672.94,6577.38
1790177400000,2672.94,2674.17,2659.46,2664.05,10047.42
1790178300000,2664.05,2665.88,2653.31,2654.47,10519.08
1790179200000,2654.47,2664.44,2633.23,2662.43,43161.17
1790180100000,2662.43,2665.25,2657.59,2661.94,7445.35
1790181000000,2661.94,2666.88,2654.13,2662.74,10782.74
1790181900000,2662.74,2666,2653,2659.98,8141.73
1790182800000,2659.98,2666.73,2646.93,2651.2,8568.8
1790183700000,2651.2,2667.53,2649.28,2661.55,4817.86
1790184600000,2661.55,2668.74,2656.31,2665.83,3760.8
1790185500000,2665.83,2669.69,2664.21,2667.24,5935.79
1790186400000,2667.24,2667.83,2660.44,2661.9,2154.52
1790187300000,2661.9,2664.19,2658.24,2660.48,3003.07
1790188200000,2660.48,2663.55,2657.62,2663.16,2305.51
1790189100000,2663.16,2671.73,2661.38,2667.79,2911.96
1790190000000,2667.79,2670.99,2663.09,2667.66,1814.16
1790190900000,2667.66,2674.34,2664.03,2672,2719.62
1790191800000,2672,2676.02,2671.14,2672.82,6123.86
1790192700000,2672.82,2679.59,2672.29,2677.63,5626.19
1790193600000,2677.63,2678.74,2669.66,2671.56,3454.32
1790194500000,2671.56,2675.12,2667.66,2669.84,1253.79
1790195400000,2669.84,2675.1,2669.8,2674.48,737.92
1790196300000,2674.48,2675.01,2668.86,2670,1620.19
1790197200000,2670,2673.18,2666.89,2672.59,3087.11
1790198100000,2672.59,2674.88,2670.3,2673.72,2265.07
1790199000000,2673.72,2677.49,2673.44,2676.88,1265.68
1790199900000,2676.88,2678.33,2675.58,2675.94,972.12
1790200800000,2675.94,2697.81,2674.84,2688.7,17259.03
1790201700000,2688.7,2692.25,2685.74,2685.98,2428.24
1790202600000,2685.98,2685.98,2681.39,2684.54,1315.62
1790203500000,2684.54,2692.57,2684.36,2689.18,2576.07
1790204400000,2689.18,2689.78,2684.61,2684.91,1643.07
1790205300000,2684.91,2686.33,2682.32,2682.84,1578.07
1790206200000,2682.84,2684.96,2680.11,2680.62,1676.09
1790207100000,2680.62,2684.81,2679.91,2683.4,1711.36
1790208000000,2683.4,2688.37,2681.5,2684.63,2431.67
1790208900000,2684.63,2689.51,2684.29,2687.41,1021.96
1790209800000,2687.41,2691.49,2682.4,2684.99,1497.33
1790210700000,2684.99,2684.99,2677.62,2681.33,2507.45
1790211600000,2681.33,2685.08,2679,2682.2,1920.86
1790212500000,2682.2,2683.58,2677.17,2681.24,2259.52
1790213400000,2681.24,2691.07,2674.46,2677.62,6718.31
1790214300000,2677.62,2680.44,2672.93,2673.73,4963.85
1790215200000,2673.73,2675.1,2663,2672.24,9715.34
1790216100000,2672.24,2683,2672.24,2679.34,4512.53
1790217000000,2679.34,2684.99,2677.13,2684.73,2628.35
1790217900000,2684.73,2687.15,2683.3,2684.5,1605.19
1790218800000,2684.5,2689.5,2678.01,2684.72,4884.96
1790219700000,2684.72,2687.05,2672.6,2674.67,5083.92
1790220600000,2674.67,2675.46,2670.13,2674.75,2373.27
1790221500000,2674.75,2675.81,2672.01,2675.39,1949.76
1790222400000,2675.39,2675.84,2669.01,2670.83,4991.87
1790223300000,2670.83,2676.42,2668,2676.42,3682.05
1790224200000,2676.42,2676.43,2673.3,2674.52,1338.76
1790225100000,2674.52,2682.81,2672.22,2680.97,2729.89
1790226000000,2680.97,2703.55,2680.9,2690.72,19114.21
1790226900000,2690.72,2692.95,2688.49,2691.55,2593.58
1790227800000,2691.55,2694.27,2686.87,2690.5,5691.59
1790228700000,2690.5,2691.79,2680.01,2681.27,5042.21
1790229600000,2681.27,2689.19,2677.52,2686.29,3498.32
1790230500000,2686.29,2688.94,2683.55,2687.02,815.54
1790231400000,2687.02,2689.29,2685.15,2687.58,2458.54
1790232300000,2687.58,2688.74,2683.7,2685.02,1315.23
1790233200000,2685.02,2685.57,2678.39,2682.95,3532.05
1790234100000,2682.95,2692.6,2681.32,2692.6,3615.67
1790235000000,2692.6,2697.77,2691.74,2694.51,9172.83
1790235900000,2694.51,2698.65,2691.34,2692.18,4615
1790236800000,2692.18,2694.46,2686,2686.29,4014.45
1790237700000,2686.29,2688.64,2668.09,2669.27,15445.46
1790238600000,2669.27,2676.28,2663.36,2668.72,13813.51
1790239500000,2668.72,2669.88,2653,2668.53,26319.36
1790240400000,2668.53,2673.71,2657.14,2658.33,7256.11
1790241300000,2658.33,2660.86,2648.86,2653.8,11414.52
1790242200000,2653.8,2654.02,2626.39,2639.2,51146.59
1790243100000,2639.2,2647.75,2635.74,2641.63,14230.91
1790244000000,2641.63,2643.84,2634.06,2639.33,14721.39
1790244900000,2639.33,2642.41,2632.5,2637.99,6872.3
1790245800000,2637.99,2643.89,2632.61,2640.86,4095.92
1790246700000,2640.86,2648.86,2640,2647.41,5902.17
1790247600000,2647.41,2651.36,2647.18,2649.03,3437.72
1790248500000,2649.03,2651.69,2647.15,2647.15,2358.29
1790249400000,2647.15,2649,2642.09,2645.54,2552.9
1790250300000,2645.54,2648.41,2642.27,2646.51,4654.51
1790251200000,2646.51,2649.2,2641.69,2646.88,2265.34
1790252100000,2646.88,2653.32,2646.45,2647.61,2363.22
1790253000000,2647.61,2648.59,2638.3,2642.89,4645.74
1790253900000,2642.89,2648.94,2640.1,2647.83,3524.84
1790254800000,2647.83,2656.58,2647.72,2656.18,5767.58
1790255700000,2656.18,2666.1,2655.12,2659.55,8939.65
1790256600000,2659.55,2677.95,2658.32,2664.16,14676.31
1790257500000,2664.16,2669.72,2659.57,2669.18,6914.88
1790258400000,2669.18,2672.15,2663.55,2666.06,5856.41
1790259300000,2666.06,2696.39,2664.21,2692.93,20874.63
1790260200000,2692.93,2698.56,2678.61,2679.55,14312.68
1790261100000,2679.55,2679.86,2643.26,2656.55,28356.35
1790262000000,2656.55,2664.73,2651.67,2662.4,8697.75
1790262900000,2662.4,2675.55,2661.71,2669.13,8583.17
1790263800000,2669.13,2684.99,2667.86,2681.19,12940.04
1790264700000,2681.19,2683.58,2676.41,2682.58,3793.02
1790265600000,2682.58,2683.58,2664.43,2673.39,7435.44
1790266500000,2673.39,2698.35,2673.39,2694.95,19769.13
1790267400000,2694.95,2705.77,2684.14,2688.63,9829.08
1790268300000,2688.63,2694.39,2681.2,2686.39,4836.72
1790269200000,2686.39,2689.33,2679.29,2684.47,5544.98
1790270100000,2684.47,2687.28,2675.04,2681.69,18614.58
1790271000000,2681.69,2683.91,2667.54,2670.3,12562.5
1790271900000,2670.3,2673.02,2665.25,2668.32,5155.51
1790272800000,2668.32,2674.83,2658.36,2674.06,15897.24
1790273700000,2674.06,2684.33,2673.08,2682.03,4882.58
1790274600000,2682.03,2690.65,2677.88,2686.13,9612.46
1790275500000,2686.13,2693.76,2684.71,2688.77,13906.2
1790276400000,2688.77,2691.69,2681.11,2688.35,6473.14
1790277300000,2688.35,2696.65,2688.35,2695.52,4731.63
1790278200000,2695.52,2696.24,2690.39,2694.27,3456.14
1790279100000,2694.27,2700,2690.56,2694.95,7587.83
1790280000000,2694.95,2695.82,2686.04,2686.98,3893.23
1790280900000,2686.98,2689.39,2680.06,2687.42,9424
1790281800000,2687.42,2688.41,2682.11,2686.62,2037.9
1790282700000,2686.62,2689.91,2683.44,2686.97,1689.27
1790283600000,2686.97,2689.99,2684.15,2685.16,1592.36
1790284500000,2685.16,2689.2,2684.95,2687.87,577.07
1790285400000,2687.87,2692.11,2686.94,2689.13,4248.62
1790286300000,2689.13,2689.78,2684.37,2685.21,2814.4
1790287200000,2685.21,2687.09,2682,2684.35,3471.65
1790288100000,2684.35,2685.3,2674.14,2679.47,7653.54
1790289000000,2679.47,2682.7,2678.3,2680.29,1179.91
1790289900000,2680.29,2684.12,2680.29,2683.99,1033.2
1790290800000,2683.99,2687.78,2683.05,2684.41,2216.81
1790291700000,2684.41,2691.69,2683.8,2691.29,5881.04
1790292600000,2691.29,2691.3,2688.48,2688.51,1438.82
1790293500000,2688.51,2689.69,2685.42,2686.18,2486.03
1790294400000,2686.18,2696.39,2686.18,2693.82,6297.22
1790295300000,2693.82,2693.82,2689.39,2690.29,2109.63
1790296200000,2690.29,2692.91,2687.26,2689.2,2755.81
1790297100000,2689.2,2690.41,2687.27,2689.42,1581.77
1790298000000,2689.42,2697.68,2688.18,2692.91,4783.99
1790298900000,2692.91,2696.39,2687.43,2687.85,2537.66
1790299800000,2687.85,2687.93,2681.34,2686.03,4772.78
1790300700000,2686.03,2689.65,2685.59,2688.6,2563.11
1790301600000,2688.6,2697.37,2687.73,2695.72,5130.85
1790302500000,2695.72,2699.64,2686.95,2690.5,5782.49
1790303400000,2690.5,2691.86,2679.63,2682.97,5552.05
1790304300000,2682.97,2682.97,2673.39,2675.61,5595.96
1790305200000,2675.61,2678.73,2672,2675.27,6455.32
1790306100000,2675.27,2678.4,2673.65,2673.95,2334.9
1790307000000,2673.95,2680.57,2671.48,2675.46,3140.11
1790307900000,2675.46,2678.33,2673.27,2677.87,3369.22
1790308800000,2677.87,2678.38,2671.49,2671.5,2133.32
1790309700000,2671.5,2675.84,2670.31,2675.35,2061.47
1790310600000,2675.35,2684.88,2675.34,2682.65,3549.32
1790311500000,2682.65,2683.48,2677.54,2679,2774.61
1790312400000,2679,2681.84,2675.61,2677.08,3240.02
1790313300000,2677.08,2681.01,2673.8,2678.87,2254.49
1790314200000,2678.87,2684,2675.24,2680.82,3117.52
1790315100000,2680.82,2681.81,2678.59,2678.94,1131.76
1790316000000,2678.94,2679.34,2670,2674.54,3433.72
1790316900000,2674.54,2682,2671.68,2676.51,3906.15
1790317800000,2676.51,2676.79,2667.58,2672.73,4556.33
1790318700000,2672.73,2674.52,2670.95,2673.08,1575.3
1790319600000,2673.08,2674,2666.75,2669.43,2418.11
1790320500000,2669.43,2678.8,2669.43,2678.53,1809.11
1790321400000,2678.53,2679.69,2666.23,2669.1,4317.04
1790322300000,2669.1,2671.98,2668.28,2671.16,1819.08
1790323200000,2671.16,2679.61,2671.15,2677.6,1907.25
1790324100000,2677.6,2695.97,2677.35,2691.35,10768.05
1790325000000,2691.35,2692.39,2685.15,2685.61,6763.05
1790325900000,2685.61,2691.36,2683.61,2689.69,1961.47
1790326800000,2689.69,2699,2689.69,2692.69,7189.43
1790327700000,2692.69,2714.68,2692.43,2709.46,22701.14
1790328600000,2709.46,2718.25,2703.34,2705.06,17412.31
1790329500000,2705.06,2705.54,2700.66,2703.61,5153.25
1790330400000,2703.61,2703.78,2691.08,2699.4,8055.63
1790331300000,2699.4,2714.68,2697.2,2713.37,9674.41
1790332200000,2713.37,2714.75,2707.71,2712.19,6028.08
1790333100000,2712.19,2718.69,2711.44,2712.99,7851.22
1790334000000,2712.99,2741.12,2711.95,2739.63,36328.27
1790334900000,2739.63,2742.09,2720.34,2725.23,22364.23
1790335800000,2725.23,2729.77,2720.21,2720.36,5142.06
1790336700000,2720.36,2722.08,2715.22,2715.9,6117.77
1790337600000,2715.9,2723,2704,2710.01,11589.17
1790338500000,2710.01,2710.2,2684.76,2710,32552.44
1790339400000,2710,2719.08,2708.85,2714.32,12512.99
1790340300000,2714.32,2719.45,2709.05,2716.81,5781.75
1790341200000,2716.81,2721.87,2708.55,2713.45,6879.44
1790342100000,2713.45,2718.73,2696.26,2699.2,9562.91
1790343000000,2699.2,2710.65,2687.75,2695.25,21158.25
1790343900000,2695.25,2700.63,2678.8,2694.44,17742.67
1790344800000,2694.44,2697.33,2670.51,2684.5,19756.44
1790345700000,2684.5,2691.71,2680.17,2686.08,8244.33
1790346600000,2686.08,2697.37,2682.85,2683.11,11513.91
1790347500000,2683.11,2695.4,2678.11,2695.15,9133.67
1790348400000,2695.15,2698,2688.46,2696.89,5641.17
1790349300000,2696.89,2697.9,2686.32,2688.96,8812.47
1790350200000,2688.96,2693.68,2671.65,2672.19,14818.16
1790351100000,2672.19,2686.21,2667.34,2686.2,13705.62
1790352000000,2686.2,2698,2685.31,2692.52,14468.74
1790352900000,2692.52,2696.29,2685,2691.09,8475.23
1790353800000,2691.09,2694.9,2682.73,2688.27,8143.39
1790354700000,2688.27,2689.15,2680.09,2682.74,4374.9
1790355600000,2682.74,2690.99,2682.42,2690.29,5336.37
1790356500000,2690.29,2692.66,2678.59,2678.83,5658.9
1790357400000,2678.83,2687.78,2676.54,2685.75,7184.59
1790358300000,2685.75,2685.75,2680.33,2685.06,1882.58
1790359200000,2685.06,2696.75,2684.88,2693.69,9846.67
1790360100000,2693.69,2698.81,2689.28,2692.71,7015.33
1790361000000,2692.71,2694.5,2690,2693.08,3078.64
1790361900000,2693.08,2694.98,2691.24,2692.16,1879.66
1790362800000,2692.16,2695,2689.28,2694.87,2949.82
1790363700000,2694.87,2695,2689.37,2691.96,2307.1
1790364600000,2691.96,2695,2689.06,2690.66,3800.96
1790365500000,2690.66,2695.27,2690.66,2692,1298.94
1790366400000,2692,2694.14,2688.51,2689.2,2292.87
1790367300000,2689.2,2694.54,2689.19,2692.96,1169.5
1790368200000,2692.96,2695.18,2689.52,2691.68,1647.4
1790369100000,2691.68,2691.68,2682.04,2683.64,3879.77
1790370000000,2683.64,2684.89,2675.62,2677.82,7526.4
1790370900000,2677.82,2679.95,2675.21,2679.63,3482.57
1790371800000,2679.63,2681.99,2676.25,2681.55,914.14
1790372700000,2681.55,2682.61,2679.46,2680.64,793.52
1790373600000,2680.64,2684.87,2679.46,2684.54,834.78
1790374500000,2684.54,2687.62,2684.52,2687.49,1049.21
1790375400000,2687.49,2693.46,2687.49,2692.17,2743.24
1790376300000,2692.17,2693.32,2690.5,2690.76,921.13
1790377200000,2690.76,2693.43,2690.61,2692.71,816.24
1790378100000,2692.71,2692.98,2690.08,2691.98,718.24
1790379000000,2691.98,2692.65,2691.27,2691.44,291.78
1790379900000,2691.44,2691.45,2689.05,2690.54,1184.35
1790380800000,2690.54,2693.2,2687.65,2690.1,1129.63
1790381700000,2690.1,2691.07,2685.03,2685.15,1268.48
1790382600000,2685.15,2685.55,2679.36,2683.66,2557.75
1790383500000,2683.66,2687.99,2683.66,2685.8,948.52
1790384400000,2685.8,2690.91,2685.58,2688.24,2193.15
1790385300000,2688.24,2690.54,2686.78,2687.41,617.75
1790386200000,2687.41,2694.91,2687.05,2692.96,2346.1
1790387100000,2692.96,2693.76,2690.31,2691.27,1802.88
1790388000000,2691.27,2694.25,2687.28,2694.24,2774.87
1790388900000,2694.24,2694.26,2691.59,2691.77,1248.68
1790389800000,2691.77,2693.24,2689.83,2690.67,1305.41
1790390700000,2690.67,2692,2689.48,2690.13,888.91
1790391600000,2690.13,2690.13,2684.62,2686.32,1809.57
1790392500000,2686.32,2689.73,2686.01,2688.78,1416.02
1790393400000,2688.78,2690.3,2687.06,2687.36,1293.45
1790394300000,2687.36,2687.71,2686.32,2686.8,454.07
1790395200000,2686.8,2689.76,2686.8,2687.61,1037.71
1790396100000,2687.61,2690.44,2684.67,2684.67,1919.41
1790397000000,2684.67,2688.08,2683.26,2687.63,1090.76
1790397900000,2687.63,2688.94,2687.4,2688.56,391.63
1790398800000,2688.56,2688.88,2685.84,2686.79,1193.32
1790399700000,2686.79,2689.47,2685.01,2686.58,1171.62
1790400600000,2686.58,2687.78,2684.22,2687.46,1671.09
1790401500000,2687.46,2688.53,2684.63,2685.36,1684.9
1790402400000,2685.36,2685.8,2683,2683.92,3027.34
1790403300000,2683.92,2685.37,2682.02,2684,897.22
1790404200000,2684,2686.59,2682.89,2684.22,1287.55
1790405100000,2684.22,2686.15,2683.79,2684.49,1493.09
1790406000000,2684.49,2689.86,2684.49,2689.69,1668.2
1790406900000,2689.69,2689.98,2688.39,2689.04,1039.47
1790407800000,2689.04,2690,2687.91,2688.64,1116.5
1790408700000,2688.64,2690.5,2687.55,2689.9,1698.23
1790409600000,2689.9,2690.61,2687.58,2688.45,1113.25
1790410500000,2688.45,2688.99,2686.02,2688.99,2062.64
1790411400000,2688.99,2696.98,2688.98,2693.51,10949.43
1790412300000,2693.51,2693.51,2689.65,2689.66,1664.15
1790413200000,2689.66,2689.89,2678.24,2681.13,5930.37
1790414100000,2681.13,2683.53,2678.12,2680.87,4294.04
1790415000000,2680.87,2681.35,2678.68,2680.96,1500.09
1790415900000,2680.96,2682.67,2680.31,2681.49,976.78
1790416800000,2681.49,2688.35,2681.28,2685.76,4651.27
1790417700000,2685.76,2688.99,2685.75,2687.07,1900.66
1790418600000,2687.07,2687.12,2685.18,2686.69,1682.08
1790419500000,2686.69,2688.58,2685,2686.45,1689.29
1790420400000,2686.45,2687.44,2684.35,2686.76,3335.21
1790421300000,2686.76,2690.25,2686.76,2687.67,5756.39
1790422200000,2687.67,2689.74,2687.31,2689.1,512.93
1790423100000,2689.1,2689.78,2688.05,2688.41,496.41
1790424000000,2688.41,2689.65,2686.42,2688.55,1636.39
1790424900000,2688.55,2691.71,2688.31,2689.59,1668.48
1790425800000,2689.59,2690.07,2685.29,2685.78,1026.86
1790426700000,2685.78,2688.32,2685.77,2687.76,898.01
1790427600000,2687.76,2690.89,2684.02,2686.13,3308.36
1790428500000,2686.13,2687.58,2681,2683.86,1799.74
1790429400000,2683.86,2683.95,2681.06,2682.77,1308.22
1790430300000,2682.77,2686.5,2682.63,2685.99,1378.8
1790431200000,2685.99,2687.28,2684.63,2687.17,685.34
1790432100000,2687.17,2688.18,2685.96,2688.14,446.82
1790433000000,2688.14,2689,2686.77,2687.89,764.08
1790433900000,2687.89,2688.79,2687.12,2687.69,704.66
1790434800000,2687.69,2688.87,2687.51,2688.22,805.02
1790435700000,2688.22,2690.32,2688.15,2690,877.96
1790436600000,2690,2695,2689.96,2692.23,4417.09
1790437500000,2692.23,2692.43,2688.78,2692.21,2665.95
1790438400000,2692.21,2692.21,2690.01,2690.69,1774.05
1790439300000,2690.69,2690.8,2688.12,2689.98,733.16
1790440200000,2689.98,2693.31,2689.98,2691.55,1578.89
1790441100000,2691.55,2692.12,2689.29,2690.61,1089.62
1790442000000,2690.61,2690.98,2686.35,2687.15,1455.69
1790442900000,2687.15,2688.31,2685.74,2687.37,893.23
1790443800000,2687.37,2689.02,2686.54,2688.82,1160.13
1790444700000,2688.82,2690.48,2687.59,2689.73,1373.52
1790445600000,2689.73,2690.49,2687.04,2687.15,917.17
1790446500000,2687.15,2688.34,2686.48,2687.24,284.61
1790447400000,2687.24,2688.27,2683.38,2683.52,1088.88
1790448300000,2683.52,2684.77,2683,2684.33,1694.64
1790449200000,2684.33,2685.96,2684.32,2685,240.38
1790450100000,2685,2685.01,2682.51,2682.51,249.64
1790451000000,2682.51,2683.59,2681.51,2682.36,520.25
1790451900000,2682.36,2683.96,2682.35,2683.85,384.18
1790452800000,2683.85,2684.96,2681,2681.28,1268.92
1790453700000,2681.28,2683.98,2681.21,2683.89,1104.55
1790454600000,2683.89,2683.89,2666.29,2671.1,10834.82
1790455500000,2671.1,2676.79,2662.76,2676.25,9567.96
1790456400000,2676.25,2681.05,2675.51,2680.74,2261.23
1790457300000,2680.74,2687.57,2680.43,2687.21,2955.12
1790458200000,2687.21,2694.78,2685.15,2685.48,5544.29
1790459100000,2685.48,2685.48,2682.84,2685.33,494.51
1790460000000,2685.33,2691.99,2683.75,2689.36,2140.83
1790460900000,2689.36,2689.53,2686.32,2688.81,2600.97
1790461800000,2688.81,2688.9,2685.89,2685.89,403.85
1790462700000,2685.89,2689.49,2685.89,2687.96,432.56
1790463600000,2687.96,2692.9,2687.96,2692.49,2836.62
1790464500000,2692.49,2694.5,2691.91,2693.03,3234.14
1790465400000,2693.03,2695.68,2692.19,2692.25,2204.05
1790466300000,2692.25,2696.21,2692.24,2695.12,1844.49
1790467200000,2695.12,2695.74,2690.7,2691.05,1293.37
1790468100000,2691.05,2691.36,2689.13,2691.36,389.87
1790469000000,2691.36,2695,2691.36,2693.74,1167.22
1790469900000,2693.74,2694.14,2692.25,2692.53,414.87
1790470800000,2692.53,2694.74,2691.11,2694.62,750.79
1790471700000,2694.62,2695.08,2692.02,2692.02,694.36
1790472600000,2692.02,2694.07,2690.47,2694.06,1293.49
1790473500000,2694.06,2706.68,2694.06,2700.6,10484.96
1790474400000,2700.6,2704.23,2698.45,2701.42,3239.6
1790475300000,2701.42,2705.66,2700.76,2702.73,1697.62
1790476200000,2702.73,2703.83,2699.72,2699.77,1876.36
1790477100000,2699.77,2700.07,2696.53,2697.25,1625.36
1790478000000,2697.25,2700.06,2697.25,2699.85,1205.98
1790478900000,2699.85,2699.85,2695.16,2695.51,1324.99
1790479800000,2695.51,2697.78,2695.5,2696.86,1008.01
1790480700000,2696.86,2696.86,2695.01,2695.74,530.72
1790481600000,2695.74,2699.41,2693.71,2698.54,1397.15
1790482500000,2698.54,2698.82,2695,2695,1037.9
1790483400000,2695,2695,2690.59,2690.6,1729.51
1790484300000,2690.6,2692.83,2690.54,2691.75,3023.93
1790485200000,2691.75,2695.69,2691.32,2694.89,1100.88
1790486100000,2694.89,2697.03,2694.34,2696.61,1074.79
1790487000000,2696.61,2712.6,2696.24,2704.74,8293.45
1790487900000,2704.74,2707.54,2703.35,2704.1,2381.79
1790488800000,2704.1,2710.61,2704.01,2708.81,3296.56
1790489700000,2708.81,2711,2706.94,2708.11,2785.09
1790490600000,2708.11,2708.72,2705.35,2706.66,1626.09
1790491500000,2706.66,2706.78,2704.74,2706.06,2105.26
1790492400000,2706.06,2708.29,2704.39,2705.41,1084.59
1790493300000,2705.41,2707.32,2704.39,2706.88,1090.71
1790494200000,2706.88,2714.51,2706.68,2710.8,4434.31
1790495100000,2710.8,2717.85,2710.69,2717.2,5109.67
1790496000000,2717.2,2720,2714,2716.75,14598.16
1790496900000,2716.75,2719.07,2713.29,2715.44,4897.43
1790497800000,2715.44,2722.66,2713.89,2714.99,5885.06
1790498700000,2714.99,2715.65,2712.41,2713.1,2238.89
1790499600000,2713.1,2713.22,2704.43,2708.3,4975.03
1790500500000,2708.3,2710.42,2707.01,2709.79,1887.35
1790501400000,2709.79,2712.71,2709.53,2712.62,2205.71
1790502300000,2712.62,2715.97,2711.97,2715,3354.61
1790503200000,2715,2716.88,2712.24,2716.33,2826.33
1790504100000,2716.33,2718.1,2710.31,2710.71,3130.46
1790505000000,2710.71,2710.84,2708.15,2708.34,1660.41
1790505900000,2708.34,2710.77,2707.52,2708.9,2306.91
1790506800000,2708.9,2710.96,2707.44,2708.95,932.76
1790507700000,2708.95,2710.83,2706.77,2708.66,2014.49
1790508600000,2708.66,2709.24,2706.11,2708.64,2506.01
1790509500000,2708.64,2709.94,2706.34,2708.75,1733.47
1790510400000,2708.75,2714.5,2708.75,2714.47,1369.84
1790511300000,2714.47,2716.18,2711.38,2712.49,1063.54
1790512200000,2712.49,2714.53,2711.6,2713.52,917.2
1790513100000,2713.52,2714.38,2706.06,2706.06,1426.88
1790514000000,2706.06,2706.07,2696.26,2698.1,13274.25
1790514900000,2698.1,2708.87,2697.78,2708.32,4793.02
1790515800000,2708.32,2714.4,2701.96,2702.08,4453.31
1790516700000,2702.08,2708.99,2700.4,2708.83,3274.16
1790517600000,2708.83,2709.38,2703.3,2705.85,1984.45
1790518500000,2705.85,2707.03,2687.66,2689.74,10987.67
1790519400000,2689.74,2694.33,2685.43,2689.6,6587.29
1790520300000,2689.6,2691.19,2681.4,2687.08,6526.42
1790521200000,2687.08,2688.3,2680.8,2687.51,7684.46
1790522100000,2687.51,2693.31,2683.72,2689.36,3466.21
1790523000000,2689.36,2691.68,2686.38,2686.51,1771.86
1790523900000,2686.51,2691.68,2686.51,2689.42,4677.23
1790524800000,2689.42,2693.73,2688.4,2692.43,1997.12
1790525700000,2692.43,2696.03,2690.03,2690.22,2481.16
1790526600000,2690.22,2690.22,2683.92,2684.9,2862.33
1790527500000,2684.9,2687.44,2684.63,2685.75,1226.07
1790528400000,2685.75,2689,2685.02,2687.44,1750.16
1790529300000,2687.44,2689.21,2685.53,2685.56,1055.45
1790530200000,2685.56,2689.19,2685.56,2687.37,892.74
1790531100000,2687.37,2691.41,2687.36,2690.69,1311.06
1790532000000,2690.69,2692.22,2689.3,2692.05,2141.85
1790532900000,2692.05,2698.41,2692.04,2696.64,3753.26
1790533800000,2696.64,2696.9,2694.77,2696.44,1458.23
1790534700000,2696.44,2699,2695.15,2697.24,1996.08
1790535600000,2697.24,2698,2692.18,2693.99,823.14
1790536500000,2693.99,2696.26,2690.84,2691.16,1046.68
1790537400000,2691.16,2693.74,2689.34,2692.29,1878.4
1790538300000,2692.29,2694.04,2690.25,2690.45,407.25
1790539200000,2690.45,2695.57,2690.38,2695.4,932.08
1790540100000,2695.4,2695.56,2686.87,2687.8,3688.46
1790541000000,2687.8,2690.81,2687.8,2690.65,431.07
1790541900000,2690.65,2690.82,2684.17,2685.01,2893.58
1790542800000,2685.01,2691.08,2685.01,2690.52,1063.45
1790543700000,2690.52,2692.33,2686.06,2686.27,2034.14
1790544600000,2686.27,2686.7,2673.19,2681.29,6260.15
1790545500000,2681.29,2684.86,2680.43,2683.56,904.09
1790546400000,2683.56,2685.7,2671,2672.59,7039.13
1790547300000,2672.59,2684.49,2670.24,2682.69,3118.04
1790548200000,2682.69,2682.69,2669.96,2670.18,4852.25
1790549100000,2670.18,2675.57,2668.44,2674.74,2342.56
1790550000000,2674.74,2681,2672.55,2675.31,3553.58
1790550900000,2675.31,2687.04,2674.75,2684.55,1848.25
1790551800000,2684.55,2687.3,2682.42,2682.53,1769.11
1790552700000,2682.53,2690.39,2682.01,2687.91,2726.95
1790553600000,2687.91,2691.37,2683.13,2685.49,1761.42
1790554500000,2685.49,2702.83,2685.18,2692.12,12981.72
1790555400000,2692.12,2692.42,2670.09,2676.9,17726.61
1790556300000,2676.9,2689,2672.48,2672.53,5252.02
1790557200000,2672.53,2678.64,2666.02,2666.76,7974.86
1790558100000,2666.76,2676.1,2665.17,2673.54,5249.58
1790559000000,2673.54,2676.84,2664.01,2664.01,4329.11
1790559900000,2664.01,2668.5,2647.33,2656.28,22378.48
1790560800000,2656.28,2662,2649.8,2660.98,7386.04
1790561700000,2660.98,2661.51,2652.01,2655.01,3540.85
1790562600000,2655.01,2655.5,2648.62,2652.27,3808.45
1790563500000,2652.27,2654.22,2647.8,2652.28,3257.35
1790564400000,2652.28,2657.46,2652.27,2654.56,2580.39
1790565300000,2654.56,2657.66,2640.52,2645.7,7962.31
1790566200000,2645.7,2654.75,2642.64,2653.16,6880.28
1790567100000,2653.16,2655.17,2651,2651.69,1599.57
1790568000000,2651.69,2655.14,2646.5,2654.5,4524.7
1790568900000,2654.5,2660,2652.43,2657.97,4566.09
1790569800000,2657.97,2659.96,2655.89,2658.34,1223.93
1790570700000,2658.34,2659,2655.13,2658.01,1002.52
1790571600000,2658.01,2660,2646.19,2650.76,4482.67
1790572500000,2650.76,2652.66,2644.31,2647.35,4711.69
1790573400000,2647.35,2650.53,2634.39,2650.53,17418.61
1790574300000,2650.53,2654.28,2646.83,2651.24,6958.53
1790575200000,2651.24,2656.25,2648.59,2653.1,3838.59
1790576100000,2653.1,2654.31,2646.11,2646.41,3383.35
1790577000000,2646.41,2652.58,2645.5,2650.39,2135.14
1790577900000,2650.39,2652.17,2647.79,2649.41,1418.97
1790578800000,2649.41,2655.65,2645.58,2646.99,5208.33
1790579700000,2646.99,2650.71,2642.8,2643.1,3831.49
1790580600000,2643.1,2646.56,2641.4,2643.29,2299.16
1790581500000,2643.29,2648.35,2642.59,2643.12,2451.02
1790582400000,2643.12,2650.3,2641.46,2649.9,1902.01
1790583300000,2649.9,2651.68,2642.44,2645.87,2000.68
1790584200000,2645.87,2649.3,2638.63,2643.27,4089.64
1790585100000,2643.27,2651.89,2642.66,2650.44,4122.25
1790586000000,2650.44,2652.36,2636.2,2647.59,7461.08
1790586900000,2647.59,2654.53,2644.38,2647.64,4748.98
1790587800000,2647.64,2648.53,2638.34,2638.35,4690.67
1790588700000,2638.35,2644.34,2638.33,2640.93,1844.68
1790589600000,2640.93,2651.14,2640.93,2647.51,4735.88
1790590500000,2647.51,2651,2646.14,2649.39,1762.94
1790591400000,2649.39,2656.66,2646.92,2656.41,4457.9
1790592300000,2656.41,2658.99,2653.5,2656.15,3327.26
1790593200000,2656.15,2662.73,2656.13,2661.24,6812.16
1790594100000,2661.24,2666,2660.5,2663.69,4591.89
1790595000000,2663.69,2668.75,2662,2665.99,3129.04
1790595900000,2665.99,2668.79,2661.85,2668.01,3127.76
1790596800000,2668.01,2692,2663.69,2683.95,27948.91
1790597700000,2683.95,2686.82,2677.68,2678.69,7134.27
1790598600000,2678.69,2682.28,2673.31,2678.34,5582.82
1790599500000,2678.34,2692.77,2678.34,2689.62,7362.14
1790600400000,2689.62,2689.62,2678.78,2684.19,5833.73
1790601300000,2684.19,2689.08,2679.9,2689.07,3348.21
1790602200000,2689.07,2697.39,2679.66,2695.79,15887.52
1790603100000,2695.79,2697.6,2684.63,2689.4,8669.61
1790604000000,2689.4,2689.51,2677.12,2679.98,8176.61
1790604900000,2679.98,2687.08,2664.82,2670.57,13283.62
1790605800000,2670.57,2682.44,2658.48,2662,14688.34
1790606700000,2662,2669.57,2649.57,2666.49,20055.4
1790607600000,2666.49,2677.52,2660.58,2662.64,6901.32
1790608500000,2662.64,2669.31,2653.06,2667.18,7412.29
1790609400000,2667.18,2679.96,2664.65,2673.84,11549.93
1790610300000,2673.84,2679.59,2672,2676.57,6631.95
1790611200000,2676.57,2678.54,2670,2673.17,4469.92
1790612100000,2673.17,2698.1,2670.47,2694.06,31531.13
1790613000000,2694.06,2697.42,2680.45,2683.1,10965.38
1790613900000,2683.1,2687.52,2678.57,2686.68,5159.99
1790614800000,2686.68,2719.87,2680.31,2719.44,27400.61
1790615700000,2719.44,2719.99,2697.65,2698.37,24848.49
1790616600000,2698.37,2704.21,2694.55,2700.63,4004.92
1790617500000,2700.63,2701.91,2691.02,2694.57,4194.16
1790618400000,2694.57,2698,2691.24,2697.73,2909.1
1790619300000,2697.73,2698.84,2693.43,2694.57,1586.55
1790620200000,2694.57,2695.31,2686.58,2689.53,4855.3
1790621100000,2689.53,2699.19,2687.62,2698.71,3113.13
1790622000000,2698.71,2699.59,2682.5,2685.67,9802.55
1790622900000,2685.67,2686.38,2680.21,2681.12,2915.75
1790623800000,2681.12,2681.74,2663.85,2671.65,16430.07
1790624700000,2671.65,2676.38,2669.17,2672.6,2584.62
1790625600000,2672.6,2685.71,2670.23,2684.76,5427.53
1790626500000,2684.76,2684.76,2679,2679.86,885.32
1790627400000,2679.86,2683.51,2678.16,2679.79,559.22
1790628300000,2679.79,2683.46,2677.96,2682.33,794.68
1790629200000,2682.33,2689.29,2682.33,2685.2,7765.74
1790630100000,2685.2,2685.84,2679.04,2680.56,2753.51
1790631000000,2680.56,2682.27,2677.53,2680.46,1597.4
1790631900000,2680.46,2680.46,2673.25,2673.53,4074.38
1790632800000,2673.53,2674.39,2666.68,2670.71,6593.91
1790633700000,2670.71,2675.25,2669.81,2674.61,2226.81
1790634600000,2674.61,2684.62,2674.35,2684.14,1807.33
1790635500000,2684.14,2686.94,2683.53,2686.9,765.45
1790636400000,2686.9,2693.67,2683.91,2685.65,7739.73
1790637300000,2685.65,2690.65,2685.57,2689.9,2363
1790638200000,2689.9,2692.39,2688.88,2691.6,1782.35
1790639100000,2691.6,2691.6,2686.97,2687.65,1165.56
1790640000000,2687.65,2690.98,2686.14,2689.29,2102.22
1790640900000,2689.29,2689.3,2682.1,2688.02,2742.37
1790641800000,2688.02,2694.68,2685.89,2689.93,2959.73
1790642700000,2689.93,2689.93,2676.01,2676.01,5108.79
1790643600000,2676.01,2680.56,2666.42,2669.36,7753.32
1790644500000,2669.36,2669.89,2658.35,2658.43,10441.16
1790645400000,2658.43,2665,2655.55,2662.98,5645.21
1790646300000,2662.98,2669.76,2659.92,2665.02,3473.32
1790647200000,2665.02,2667.51,2655.86,2659.79,4952.91
1790648100000,2659.79,2665.28,2652.49,2655.86,5300.5
1790649000000,2655.86,2659.79,2650.81,2659.55,3697.95
1790649900000,2659.55,2662.06,2653.13,2657.14,2020.29
1790650800000,2657.14,2662.87,2656,2656.16,2595.39
1790651700000,2656.16,2668,2654.38,2667.28,2986.31
1790652600000,2667.28,2668.8,2663.53,2665.63,2320.3
1790653500000,2665.63,2668.42,2663.66,2664.74,1524.41
1790654400000,2664.74,2667.6,2661.49,2667.25,1831.06
1790655300000,2667.25,2672.86,2667.24,2669.21,3350.74
1790656200000,2669.21,2669.41,2663.02,2665.75,1708.54
1790657100000,2665.75,2668.42,2661,2667.56,3044.88
1790658000000,2667.56,2670.75,2663.86,2669,2048.77
1790658900000,2669,2673.4,2666.74,2671.79,2996.62
1790659800000,2671.79,2671.8,2655.31,2668.78,8351.48
1790660700000,2668.78,2677.88,2664.1,2675.83,11019.01
1790661600000,2675.83,2692.99,2675.23,2692.99,23818.72
1790662500000,2692.99,2694.9,2686.33,2693.05,8862.18
1790663400000,2693.05,2697.31,2692.83,2697.21,8110.51
1790664300000,2697.21,2708.45,2695.56,2705.53,24813.02
1790665200000,2705.53,2711.47,2698.73,2708.24,18951.53
1790666100000,2708.24,2716.2,2708.24,2712.02,12996.81
1790667000000,2712.02,2718.66,2709.45,2711.72,9978.15
1790667900000,2711.72,2712.9,2707.9,2710.99,5264.5
1790668800000,2710.99,2716.9,2710.99,2714.44,6889.57
1790669700000,2714.44,2735.32,2714.44,2722.13,44174.98
1790670600000,2722.13,2722.78,2708.16,2709.69,24004.26
1790671500000,2709.69,2711.43,2704.9,2707.61,8278.66
1790672400000,2707.61,2707.61,2702.32,2702.99,5283.43
1790673300000,2702.99,2705.5,2701.64,2703.41,5545.23
1790674200000,2703.41,2711.78,2703.15,2711.09,3867.06
1790675100000,2711.09,2721.27,2710.3,2716.6,8692.74
1790676000000,2716.6,2719,2714.48,2714.67,4924.89
1790676900000,2714.67,2715.63,2710.75,2713.49,4829.89
1790677800000,2713.49,2713.5,2708.62,2709.56,3912.51
1790678700000,2709.56,2714.67,2708.61,2713.78,2371.25
1790679600000,2713.78,2720,2713.57,2716.28,3146.11
1790680500000,2716.28,2718.31,2713.92,2717.68,1508.29
1790681400000,2717.68,2731.43,2717.28,2723.6,9217.97
1790682300000,2723.6,2737.73,2722.81,2731.09,15350.23
1790683200000,2731.09,2732.49,2727.89,2730.58,4747.43
1790684100000,2730.58,2748.36,2730.53,2735.7,26924.09
1790685000000,2735.7,2743.91,2734.99,2737.98,10501.59
1790685900000,2737.98,2737.98,2732.17,2735.47,4607.36
1790686800000,2735.47,2739.37,2732.28,2734.73,4974.94
1790687700000,2734.73,2737.54,2730.68,2735.41,7827.36
1790688600000,2735.41,2735.63,2719.56,2724.64,19203.78
1790689500000,2724.64,2734.23,2720.01,2725.92,17564.23
1790690400000,2725.92,2731.4,2714.59,2716.18,18294.89
1790691300000,2716.18,2721.77,2710.24,2715.17,11232.16
1790692200000,2715.17,2720.09,2707.75,2714.33,11355.53
1790693100000,2714.33,2718.3,2706.76,2710.19,10393.44
1790694000000,2710.19,2711.1,2688.92,2692.51,32875.71
1790694900000,2692.51,2698.46,2670.46,2676.43,32255.34
1790695800000,2676.43,2684.85,2675.36,2681.01,11682.74
1790696700000,2681.01,2686.35,2667.93,2673.75,19321.62
1790697600000,2673.75,2678,2670.06,2674.62,9187.41
1790698500000,2674.62,2683.96,2674.01,2681.82,11057.21
1790699400000,2681.82,2684.02,2671.56,2672.07,6942.14
1790700300000,2672.07,2677.05,2668.1,2675.49,15517.96
1790701200000,2675.49,2679.85,2673.09,2679.42,5111.24
1790702100000,2679.42,2680.55,2672.22,2676.77,4122.58
1790703000000,2676.77,2678.94,2672.49,2673.48,3260.49
1790703900000,2673.48,2675.88,2668.73,2672.67,3860.92
1790704800000,2672.67,2684.55,2672.67,2683.87,8148.75
1790705700000,2683.87,2689.36,2682.5,2684.84,4068.65
1790706600000,2684.84,2696.11,2684,2693.89,7961.46
1790707500000,2693.89,2697.19,2692.07,2694.83,6242.62
1790708400000,2694.83,2699.38,2694.02,2696.02,5309.37
1790709300000,2696.02,2698.63,2694.19,2694.6,2232.98
1790710200000,2694.6,2696.89,2688.68,2688.68,4804.12
1790711100000,2688.68,2692.63,2685.61,2689.32,6010.67
1790712000000,2689.32,2691.9,2685.91,2689.43,1812.35
1790712900000,2689.43,2694.1,2689.42,2691.65,2459.64
1790713800000,2691.65,2692.7,2689.79,2692.19,506.23
1790714700000,2692.19,2692.68,2688.54,2689.01,2004.65
1790715600000,2689.01,2689.81,2685.35,2689.14,2903.63
1790716500000,2689.14,2689.51,2676.75,2678.71,6829.94
1790717400000,2678.71,2681.48,2677.79,2680.35,3312.17
1790718300000,2680.35,2680.35,2676.68,2679.1,1581.01
1790719200000,2679.1,2686.21,2678.61,2683.82,2295.41
1790720100000,2683.82,2684.19,2678.8,2680.16,4417.58
1790721000000,2680.16,2681.56,2674.19,2681.33,5384.88
1790721900000,2681.33,2683.55,2679.75,2681.39,1834.25
1790722800000,2681.39,2688.45,2681.14,2687.7,5912.05
1790723700000,2687.7,2687.7,2680.22,2680.9,1155.18
1790724600000,2680.9,2680.9,2675.55,2677.34,2208.53
1790725500000,2677.34,2678.89,2676.73,2677.75,1175.07
1790726400000,2677.75,2679.75,2670.2,2671.87,4318.58
1790727300000,2671.87,2674.37,2667.33,2672.98,4900.41
1790728200000,2672.98,2676,2669.97,2670.53,2575.99
1790729100000,2670.53,2673.48,2667.74,2672.28,3160.3
1790730000000,2672.28,2674.79,2670.38,2672.78,2014.46
1790730900000,2672.78,2676.99,2671.55,2672,1423.52
1790731800000,2672,2672.89,2668.34,2672.31,2549.27
1790732700000,2672.31,2675.37,2670.57,2672.32,1393.25
1790733600000,2672.32,2678.37,2670.74,2671.99,2052.83
1790734500000,2671.99,2674.95,2668.51,2669.23,2502.47
1790735400000,2669.23,2672.5,2665.62,2671.81,5449.85
1790736300000,2671.81,2677.95,2670.76,2674.44,6607.9
1790737200000,2674.44,2676.17,2671.86,2673,1125.22
1790738100000,2673,2673.59,2667.59,2671.29,3621.46
1790739000000,2671.29,2676.3,2669.56,2674.35,1924.71
1790739900000,2674.35,2674.35,2670,2671.57,2120.22
1790740800000,2671.57,2676.35,2670.99,2674.11,1471.61
1790741700000,2674.11,2676.74,2672.37,2673.09,2049.8
1790742600000,2673.09,2674.59,2670.75,2672.62,2280.17
1790743500000,2672.62,2673,2669.56,2669.83,2516.97
1790744400000,2669.83,2674.85,2668.2,2668.2,1708.93
1790745300000,2668.2,2674.81,2666.76,2674.56,3312.77
1790746200000,2674.56,2680.45,2674.28,2678.2,7422.78
1790747100000,2678.2,2679,2671.48,2675.16,3251.36
1790748000000,2675.16,2676.66,2664.68,2665.79,7660.63
1790748900000,2665.79,2667.89,2663.46,2666.93,11192.62
1790749800000,2666.93,2666.93,2659.62,2663.77,9033.33
1790750700000,2663.77,2668.67,2657.59,2661.92,8513.87
1790751600000,2661.92,2665.58,2660.22,2661.88,3511.14
1790752500000,2661.88,2673.19,2661.88,2671.72,6154.56
1790753400000,2671.72,2675.7,2669.71,2675.7,4442.26
1790754300000,2675.7,2677.95,2673.47,2673.98,4750.29
1790755200000,2673.98,2674.25,2665.93,2666.42,4239.21
1790756100000,2666.42,2672.28,2665.59,2668.19,3132.9
1790757000000,2668.19,2670.13,2664.2,2668.28,3238.25
1790757900000,2668.28,2673.97,2668.28,2670.81,3414.06
1790758800000,2670.81,2680,2670.05,2678.43,5611.71
1790759700000,2678.43,2686.67,2676.67,2685.5,8595.15
1790760600000,2685.5,2700.2,2684.13,2688.68,28284.66
1790761500000,2688.68,2691.21,2686.33,2687.77,1592.81
1790762400000,2687.77,2692.08,2687.65,2688.54,5923.55
1790763300000,2688.54,2694.36,2686.84,2691.99,4237.02
1790764200000,2691.99,2696.87,2691.23,2693.08,4814.86
1790765100000,2693.08,2694.98,2691.78,2694.41,2251.98
1790766000000,2694.41,2694.41,2684.1,2689.44,4407.94
1790766900000,2689.44,2694.83,2686.14,2692.27,2538.58
1790767800000,2692.27,2699.6,2690.45,2697.97,5721.83
1790768700000,2697.97,2698.99,2693.98,2696.25,6188.04
1790769600000,2696.25,2698.47,2691.19,2698.47,4634.27
1790770500000,2698.47,2706.9,2691.85,2702.82,9792.35
1790771400000,2702.82,2732.16,2698.93,2728.35,57006.53
1790772300000,2728.35,2737.67,2724.49,2729.63,29974.71
1790773200000,2729.63,2736.61,2725.53,2732.56,16933.62
1790774100000,2732.56,2736.99,2717.01,2721.35,16177.74
1790775000000,2721.35,2734.68,2687.9,2702.27,51011.1
1790775900000,2702.27,2709.49,2698.05,2708.93,10991.46
1790776800000,2708.93,2712.85,2691.94,2701.39,14158.83
1790777700000,2701.39,2702.16,2675.55,2679.61,30095.21
1790778600000,2679.61,2682.32,2667,2673.23,25166.21
1790779500000,2673.23,2682.45,2672.72,2677.28,8600.75
1790780400000,2677.28,2684.6,2675.95,2680.21,6592.29
1790781300000,2680.21,2682.55,2670.5,2677,7143.4
1790782200000,2677,2688,2676.85,2680.47,15291.18
1790783100000,2680.47,2688.84,2679.3,2682.53,4344.76
1790784000000,2682.53,2688.33,2681.01,2687.94,2842.79
1790784900000,2687.94,2692.49,2685.79,2687.05,6230.97
1790785800000,2687.05,2691.5,2682.67,2691.43,4322.11
1790786700000,2691.43,2696,2689.47,2695.43,3628.49
1790787600000,2695.43,2697.47,2690.76,2691.78,5292.81
1790788500000,2691.78,2691.78,2680.6,2686.75,5140.82
1790789400000,2686.75,2686.75,2675.61,2679.02,4812.18
1790790300000,2679.02,2685.19,2677.52,2682.01,1690.8
1790791200000,2682.01,2684.23,2677.83,2680.48,3826.2
1790792100000,2680.48,2682.2,2677.29,2679.38,1374.44
1790793000000,2679.38,2681.13,2673.04,2674.05,6251.07
1790793900000,2674.05,2680.29,2673.25,2678.68,2514.06
1790794800000,2678.68,2680.49,2672.26,2673.37,2143.06
1790795700000,2673.37,2675.7,2669.35,2672.34,3609.18
1790796600000,2672.34,2680.32,2672.33,2675.43,2525.74
1790797500000,2675.43,2675.43,2667.18,2669.36,5687.95
1790798400000,2669.36,2674.59,2667.9,2674.25,3471.43
1790799300000,2674.25,2680.9,2674,2679.41,3077.42
1790800200000,2679.41,2681.19,2678.31,2680.2,3136.91
1790801100000,2680.2,2682,2679.19,2681.93,1539.03
1790802000000,2681.93,2685.43,2681.01,2682.99,1654.31
1790802900000,2682.99,2684.46,2682.01,2683,1650.37
1790803800000,2683,2685.21,2682.54,2682.54,950.47
1790804700000,2682.54,2684.34,2681.66,2683.85,485.07
1790805600000,2683.85,2684.13,2677.62,2681.94,2798.31
1790806500000,2681.94,2689.05,2681.94,2688.61,2147.86
1790807400000,2688.61,2692,2687.75,2690.49,2605.66
1790808300000,2690.49,2691.05,2685.63,2686.08,1996.16
1790809200000,2686.08,2692.6,2684.55,2687.48,3327.08
1790810100000,2687.48,2693.73,2686.28,2688.13,3564.21
1790811000000,2688.13,2689.72,2683.53,2688.27,1096.12
1790811900000,2688.27,2688.76,2683.79,2684.94,1492.62
1790812800000,2684.94,2686.01,2681.1,2681.53,3163.02
1790813700000,2681.53,2683.61,2677.5,2681.96,4009.93
1790814600000,2681.96,2687.39,2680.15,2686.72,2263.24
1790815500000,2686.72,2687.31,2683.5,2684.05,2260.19
1790816400000,2684.05,2687.9,2683.55,2687,2228.9
1790817300000,2687,2692.99,2685.03,2690,2358.3
1790818200000,2690,2690.53,2685.77,2690.1,1204.22
1790819100000,2690.1,2691.26,2687.2,2688.81,1871
1790820000000,2688.81,2693.63,2687.43,2689.97,1703.99
1790820900000,2689.97,2690.22,2683.01,2688.15,3833.97
1790821800000,2688.15,2690.38,2684.5,2685.03,2067.47
1790822700000,2685.03,2687.33,2683.12,2686.11,1330.35
1790823600000,2686.11,2688.72,2684,2687.3,4302.08
1790824500000,2687.3,2688.87,2684,2686.46,904.8
1790825400000,2686.46,2693,2684.49,2691.46,1476.76
1790826300000,2691.46,2696,2689.05,2695.62,4265.63
1790827200000,2695.62,2699.13,2695.01,2698.82,5623.35
1790828100000,2698.82,2699.01,2695.82,2696.88,1727.34
1790829000000,2696.88,2698.42,2692.15,2698.41,3534.16
1790829900000,2698.41,2711.8,2697.92,2706.66,32377.93
1790830800000,2706.66,2712.44,2704,2711.98,4456.12
1790831700000,2711.98,2715.44,2710.72,2713.17,6161.5
1790832600000,2713.17,2719,2712.04,2713.42,8784.08
1790833500000,2713.42,2718.77,2713.41,2716.7,2973.45
1790834400000,2716.7,2720.38,2713.4,2719.99,4708.78
1790835300000,2719.99,2720.79,2714.44,2720.43,4481.18
1790836200000,2720.43,2720.5,2710.52,2713.38,7819.34
1790837100000,2713.38,2716.63,2712.5,2714.15,4376.59
1790838000000,2714.15,2719.83,2710.67,2711,5028.77
1790838900000,2711,2713.27,2679.17,2681.42,30561.16
1790839800000,2681.42,2692.94,2678.29,2680.85,12499.39
1790840700000,2680.85,2685.66,2673.47,2677.01,9290.89
1790841600000,2677.01,2680.61,2673.58,2676.49,9552.73
1790842500000,2676.49,2682.66,2675.42,2680.58,6678.5
1790843400000,2680.58,2685.39,2672.29,2682.38,8780.42
1790844300000,2682.38,2687.95,2680.97,2686.34,4713.25
1790845200000,2686.34,2691.67,2685.3,2689.1,9278.61
1790846100000,2689.1,2693.44,2687.05,2693.28,3301.09
1790847000000,2693.28,2698.4,2693.28,2695.45,5500.98
1790847900000,2695.45,2695.49,2688.16,2690.4,4425.01
1790848800000,2690.4,2691.62,2675.76,2685.8,8384.19
1790849700000,2685.8,2689.85,2681.65,2687.67,3828.69
1790850600000,2687.67,2694.74,2687.56,2694.52,3602.31
1790851500000,2694.52,2705.59,2693.79,2701.13,13278.94
1790852400000,2701.13,2701.13,2694.25,2696.81,3995.64
1790853300000,2696.81,2698.1,2694.34,2697.59,1419.44
1790854200000,2697.59,2703.93,2694.12,2703.86,2842.55
1790855100000,2703.86,2708.42,2702.22,2705.65,5757.11
1790856000000,2705.65,2707.79,2703.22,2706.64,1673.92
1790856900000,2706.64,2708.65,2703.01,2704.76,6069.41
1790857800000,2704.76,2710.6,2701.47,2702.6,4506.41
1790858700000,2702.6,2703.99,2686.32,2691.43,19276.94
1790859600000,2691.43,2692.73,2684.26,2685.31,14168.98
1790860500000,2685.31,2687.88,2683,2683.84,5566.76
1790861400000,2683.84,2699.89,2681.89,2697.59,11319.34
1790862300000,2697.59,2701.69,2690.36,2696.6,9497.47
1790863200000,2696.6,2699.02,2681.66,2688.2,24134.53
1790864100000,2688.2,2700.99,2685.66,2696.78,11970.19
1790865000000,2696.78,2704.79,2688.81,2691.85,10745.63
1790865900000,2691.85,2694.74,2680,2688.76,11076.89
1790866800000,2688.76,2694.84,2677.98,2688.46,11608.65
1790867700000,2688.46,2694.36,2686.45,2686.45,4860.66
1790868600000,2686.45,2686.45,2672.25,2675.82,13597.77
1790869500000,2675.82,2685.84,2675.82,2681.63,9563.18
1790870400000,2681.63,2689.98,2680.13,2685.7,11231.22
1790871300000,2685.7,2688.53,2680.72,2684.33,3348.83
1790872200000,2684.33,2693.86,2678.31,2682.5,8247.55
1790873100000,2682.5,2687.17,2675,2679.27,5236.12
1790874000000,2679.27,2691.57,2679.2,2689.83,6745.76
1790874900000,2689.83,2706.89,2689.83,2705.44,23599.84
1790875800000,2705.44,2711.9,2698.97,2707.28,13227.51
1790876700000,2707.28,2707.8,2696.5,2699.68,6772.26
1790877600000,2699.68,2703.12,2692,2699.58,5592.08
1790878500000,2699.58,2704.67,2698.18,2699.4,3129.53
1790879400000,2699.4,2714.12,2699.1,2704.99,8953.01
1790880300000,2704.99,2705.66,2696.04,2699.16,5829.99
1790881200000,2699.16,2705.13,2696.59,2701.16,2113.1
1790882100000,2701.16,2703.48,2691.24,2692.53,3443.38
1790883000000,2692.53,2697.52,2691.65,2696.48,2206.08
1790883900000,2696.48,2701.22,2694.7,2699.08,2587.99
1790884800000,2699.08,2705.24,2698.05,2700,1775.34
1790885700000,2700,2703.48,2699.35,2699.73,1555.67
1790886600000,2699.73,2700.27,2694.63,2696.34,1497.55
1790887500000,2696.34,2698.63,2694.05,2697.28,970.96
1790888400000,2697.28,2697.95,2694.31,2694.35,363.48
1790889300000,2694.35,2697.36,2691.72,2691.72,1849.91
1790890200000,2691.72,2694.08,2687.63,2688.51,3812.4
1790891100000,2688.51,2692.79,2688.51,2691.9,2178.36
1790892000000,2691.9,2700.76,2691.27,2698.35,2498.92
1790892900000,2698.35,2700.06,2696.78,2698.35,963.34
1790893800000,2698.35,2701.87,2697.57,2699.81,1114.01
1790894700000,2699.81,2702.73,2696.27,2701.56,1156.21
1790895600000,2701.56,2702.63,2698.03,2698.43,1222.53
1790896500000,2698.43,2702.89,2697,2701.92,976.3
1790897400000,2701.92,2705.76,2700.58,2703.72,1590.16
1790898300000,2703.72,2705.69,2702.22,2704.67,1154.38
1790899200000,2704.67,2705.96,2701.57,2704.64,1839.1
1790900100000,2704.64,2708.29,2703.23,2704.63,1917.57
1790901000000,2704.63,2705.26,2699.79,2704.32,2026.82
1790901900000,2704.32,2707.74,2701.79,2706.93,1169.41
1790902800000,2706.93,2707.33,2701.57,2701.81,1145.63
1790903700000,2701.81,2705.07,2695.01,2699.96,2593.14
1790904600000,2699.96,2702.25,2698.83,2699.37,1031.23
1790905500000,2699.37,2718.39,2699.03,2714.63,11971.75
1790906400000,2714.63,2719.72,2712.11,2718.03,5701.43
1790907300000,2718.03,2719.04,2708.59,2710.44,3464.59
1790908200000,2710.44,2711.49,2707.62,2711.35,3426.46
1790909100000,2711.35,2722.91,2711.35,2719.83,10666.57
1790910000000,2719.83,2726.67,2715.47,2716.78,11495.47
1790910900000,2716.78,2717.98,2713.19,2714.17,2336.55
1790911800000,2714.17,2720.04,2713.71,2717.33,3155.51
1790912700000,2717.33,2719.61,2714.05,2718.19,2460.71
1790913600000,2718.19,2720,2712.86,2713.22,4864.61
1790914500000,2713.22,2744.31,2713.22,2743.6,46025.92
1790915400000,2743.6,2746.99,2734,2738.98,14807.02
1790916300000,2738.98,2745.95,2736.59,2741.23,10181.34
1790917200000,2741.23,2741.45,2729.16,2733.46,10652.28
1790918100000,2733.46,2733.96,2723.22,2726.7,7567.57
1790919000000,2726.7,2727.65,2710.44,2718.88,21852.26
1790919900000,2718.88,2720.48,2715.66,2719.39,5200.79
1790920800000,2719.39,2727.59,2718.7,2723.47,6880.85
1790921700000,2723.47,2730.36,2722.91,2728.75,3947.31
1790922600000,2728.75,2732.93,2727.14,2729.94,5694
1790923500000,2729.94,2732.56,2726.94,2728.26,2680.24
1790924400000,2728.26,2730.82,2724.01,2730.41,3126.83
1790925300000,2730.41,2730.46,2725.01,2726.2,1471.04
1790926200000,2726.2,2726.89,2722.51,2725.56,5441.06
1790927100000,2725.56,2740,2725.56,2736.98,9040.39
1790928000000,2736.98,2742.59,2736.15,2741.92,8842.57
1790928900000,2741.92,2778,2741,2759.98,57401.87
1790929800000,2759.98,2764.61,2752.01,2757.72,22209.23
1790930700000,2757.72,2757.85,2749.95,2751.84,8900.3
1790931600000,2751.84,2752.62,2746.58,2750.61,7462.87
1790932500000,2750.61,2752.24,2742.62,2744.94,6366.76
1790933400000,2744.94,2750.15,2741.74,2746.24,7354.47
1790934300000,2746.24,2749.94,2743.15,2745.79,5653.53
1790935200000,2745.79,2749.86,2741.08,2742.21,2366.17
1790936100000,2742.21,2744.85,2734.11,2743.71,8938.52
1790937000000,2743.71,2751.96,2742.06,2747.91,4527.86
1790937900000,2747.91,2748.29,2741.34,2741.61,4739.11
1790938800000,2741.61,2748.77,2740.2,2747.94,2103.16
1790939700000,2747.94,2748.99,2744.71,2744.72,2755.83
1790940600000,2744.72,2750.27,2744.2,2746.71,3372.55
1790941500000,2746.71,2749.56,2744.81,2744.98,2459.85
1790942400000,2744.98,2747.79,2739.39,2743.51,4387.3
1790943300000,2743.51,2750.53,2742.23,2748.23,5843.32
1790944200000,2748.23,2766.2,2736.51,2740,54834.88
1790945100000,2740,2756.08,2738.08,2753.75,7194.32
1790946000000,2753.75,2758.85,2747.78,2748.32,5985.77
1790946900000,2748.32,2752.18,2745.39,2748.32,2299.86
1790947800000,2748.32,2768.45,2747.53,2760.51,17244.51
1790948700000,2760.51,2763,2740.23,2743.3,17028.97
1790949600000,2743.3,2749.88,2731.68,2733.49,16028.31
1790950500000,2733.49,2743,2727.71,2728,11576.67
1790951400000,2728,2729.05,2717.58,2725.3,38179.32
1790952300000,2725.3,2729.78,2697.45,2708.83,41186.1
1790953200000,2708.83,2711.79,2697.91,2705.98,18797.79
1790954100000,2705.98,2707.83,2694,2701.44,15282.55
1790955000000,2701.44,2702.24,2691.22,2695.06,10854.73
1790955900000,2695.06,2699.67,2690.87,2696.29,9611.17
1790956800000,2696.29,2703.18,2690.85,2694.02,9243.65
1790957700000,2694.02,2699.45,2688.5,2692.07,10310.13
1790958600000,2692.07,2694.22,2685.82,2692.36,7866.2
1790959500000,2692.36,2695.2,2687.05,2689.48,5524.54
1790960400000,2689.48,2692.01,2678.79,2679.52,10966.29
1790961300000,2679.52,2687.29,2676.34,2682.3,12888.95
1790962200000,2682.3,2687.36,2677.25,2681.3,7212.27
1790963100000,2681.3,2685.82,2680.15,2683.78,3593.01
1790964000000,2683.78,2688.99,2683.2,2686.66,4500.89
1790964900000,2686.66,2686.79,2677.15,2679.6,12077.89
1790965800000,2679.6,2680.25,2649.27,2657.65,48909.77
1790966700000,2657.65,2667.14,2651.68,2664.83,9131.14
1790967600000,2664.83,2671.95,2662.22,2664.01,8321.73
1790968500000,2664.01,2668.7,2656.5,2665.34,8092.83
1790969400000,2665.34,2668.4,2664.11,2665.81,2110.65
1790970300000,2665.81,2668.65,2663.23,2667.43,3880.82
1790971200000,2667.43,2670.71,2665.98,2668.03,3478.83
1790972100000,2668.03,2670.61,2665.79,2666.37,2490.09
1790973000000,2666.37,2671.29,2661.33,2661.33,2740.03
1790973900000,2661.33,2664.84,2659,2661.38,3960.61
1790974800000,2661.38,2666.51,2660.49,2662.9,1226.95
1790975700000,2662.9,2663.82,2658.31,2658.98,2681.96
1790976600000,2658.98,2663.37,2656.87,2662.19,2280.74
1790977500000,2662.19,2665.8,2661.66,2665.51,3606.36
1790978400000,2665.51,2666.62,2661.05,2662.21,2577.32
1790979300000,2662.21,2665.68,2661.12,2665.31,1811.56
1790980200000,2665.31,2667,2664.53,2665.97,1421.83
1790981100000,2665.97,2668.83,2665.54,2668.22,1367.52
1790982000000,2668.22,2668.34,2665.8,2666.45,4761.73
1790982900000,2666.45,2669.42,2666.34,2668.87,1464.25
1790983800000,2668.87,2670.35,2667.35,2669.96,1744.52
1790984700000,2669.96,2670.43,2668.58,2668.73,737.62
1790985600000,2668.73,2669.57,2665.67,2668.99,2903.42
1790986500000,2668.99,2673.7,2668.76,2673.32,2492.46
1790987400000,2673.32,2677.58,2673,2675.39,4165.51
1790988300000,2675.39,2678.78,2674.91,2677,1627.9
1790989200000,2677,2680.73,2674.75,2680.72,4268.91
1790990100000,2680.72,2685.37,2677.79,2679.35,4108.63
1790991000000,2679.35,2682.9,2679.21,2680.92,2025.47
1790991900000,2680.92,2682.26,2678.38,2680.02,1621.74
1790992800000,2680.02,2680.22,2676.31,2678.43,1466.82
1790993700000,2678.43,2681.53,2678.4,2679.61,1535.35
1790994600000,2679.61,2683.73,2679.23,2683.09,2700.24
1790995500000,2683.09,2683.09,2677.51,2677.51,1172.66
1790996400000,2677.51,2679.22,2676.43,2677.59,2264.39
1790997300000,2677.59,2681.8,2677.35,2680.89,1940.62
1790998200000,2680.89,2681.37,2679.45,2681.31,489.95
1790999100000,2681.31,2682.19,2680.83,2682.18,845.03
1791000000000,2682.18,2682.85,2680.67,2680.67,959.47
1791000900000,2680.67,2680.68,2673.33,2673.97,3054.48
1791001800000,2673.97,2675.47,2672.14,2674.56,4162.44
1791002700000,2674.56,2677.36,2674.55,2676.07,1774.86
1791003600000,2676.07,2676.26,2673.71,2675.31,1454.17
1791004500000,2675.31,2677.42,2675.3,2677.27,1856.77
1791005400000,2677.27,2678.53,2676.05,2676.65,1124.36
1791006300000,2676.65,2677.96,2676.56,2677.68,684.81
1791007200000,2677.68,2679.4,2675.61,2676.02,2088.84
1791008100000,2676.02,2678.41,2675.64,2677.52,929.17
1791009000000,2677.52,2680.2,2676.98,2678.13,1243.2
