1781649900000,3.46,3.463,3.452,3.462,1639.91
1781650800000,3.462,3.469,3.451,3.46,3343.89
1781651700000,3.46,3.46,3.436,3.445,10042.98
1781652600000,3.445,3.447,3.434,3.439,13069.24
1781653500000,3.439,3.439,3.423,3.427,1833.87
1781654400000,3.427,3.447,3.427,3.437,8810.69
1781655300000,3.437,3.45,3.428,3.448,4196.22
1781656200000,3.448,3.458,3.44,3.453,4475.43
1781657100000,3.453,3.454,3.435,3.435,5077.05
1781658000000,3.435,3.456,3.433,3.456,6290.42
1781658900000,3.456,3.471,3.43,3.465,23871.48
1781659800000,3.465,3.466,3.44,3.465,5758.3
1781660700000,3.465,3.484,3.462,3.482,4935.49
1781661600000,3.482,3.486,3.467,3.471,5973.97
1781662500000,3.471,3.475,3.456,3.472,4686.18
1781663400000,3.472,3.475,3.448,3.463,3573.37
1781664300000,3.463,3.468,3.454,3.465,5046.44
1781665200000,3.465,3.465,3.444,3.449,2245.05
1781666100000,3.449,3.449,3.429,3.432,2298.65
1781667000000,3.432,3.436,3.423,3.425,1040.43
1781667900000,3.425,3.426,3.411,3.418,11126.05
1781668800000,3.418,3.434,3.418,3.426,1802.05
1781669700000,3.426,3.426,3.418,3.42,1965.88
1781670600000,3.42,3.422,3.405,3.418,9859.54
1781671500000,3.418,3.444,3.417,3.44,15578.6
1781672400000,3.44,3.465,3.44,3.44,2774.68
1781673300000,3.44,3.442,3.421,3.426,3810.57
1781674200000,3.426,3.426,3.395,3.419,25031.59
1781675100000,3.419,3.422,3.392,3.413,6136.88
1781676000000,3.413,3.417,3.407,3.412,1280.98
1781676900000,3.412,3.412,3.395,3.399,18701.11
1781677800000,3.399,3.399,3.366,3.387,30370.67
1781678700000,3.387,3.434,3.387,3.398,21561.46
1781679600000,3.398,3.407,3.384,3.405,7781.3
1781680500000,3.405,3.411,3.377,3.384,10129.77
1781681400000,3.384,3.396,3.377,3.396,4815.74
1781682300000,3.396,3.41,3.382,3.402,15237.33
1781683200000,3.402,3.407,3.373,3.373,5207.92
1781684100000,3.373,3.38,3.358,3.375,8899.01
1781685000000,3.375,3.375,3.343,3.358,23782.2
1781685900000,3.358,3.367,3.339,3.36,6115.61
1781686800000,3.36,3.376,3.355,3.371,7433.88
1781687700000,3.371,3.383,3.362,3.383,5157.95
1781688600000,3.383,3.395,3.375,3.392,4802.59
1781689500000,3.392,3.396,3.367,3.378,2705.92
1781690400000,3.378,3.403,3.378,3.403,7094.64
1781691300000,3.403,3.403,3.388,3.395,957.34
1781692200000,3.395,3.396,3.381,3.381,3805.17
1781693100000,3.381,3.381,3.364,3.369,7471.92
1781694000000,3.369,3.37,3.349,3.364,9915.89
1781694900000,3.364,3.387,3.351,3.387,14059.78
1781695800000,3.387,3.387,3.373,3.378,6102.11
1781696700000,3.378,3.384,3.372,3.372,4556.04
1781697600000,3.372,3.403,3.368,3.397,7059.46
1781698500000,3.397,3.405,3.376,3.383,10036.35
1781699400000,3.383,3.383,3.358,3.379,12899.71
1781700300000,3.379,3.393,3.372,3.39,6429.77
1781701200000,3.39,3.4,3.382,3.396,6858.75
1781702100000,3.396,3.396,3.377,3.386,7337.52
1781703000000,3.386,3.409,3.382,3.389,19775.11
1781703900000,3.389,3.407,3.385,3.388,2609.75
1781704800000,3.388,3.388,3.371,3.385,2161.04
1781705700000,3.385,3.399,3.377,3.392,1750.79
1781706600000,3.392,3.4,3.387,3.397,6834.84
1781707500000,3.397,3.397,3.345,3.365,20770.11
1781708400000,3.365,3.39,3.357,3.371,13569.24
1781709300000,3.371,3.384,3.365,3.383,3617.17
1781710200000,3.383,3.403,3.383,3.398,9418.14
1781711100000,3.398,3.427,3.397,3.425,4561.48
1781712000000,3.425,3.428,3.402,3.41,6435.12
1781712900000,3.41,3.445,3.397,3.435,18558.89
1781713800000,3.435,3.435,3.416,3.416,3659.68
1781714700000,3.416,3.416,3.39,3.39,1034.05
1781715600000,3.39,3.396,3.37,3.385,17238.47
1781716500000,3.385,3.397,3.381,3.39,391.23
1781717400000,3.39,3.392,3.365,3.37,3311.65
1781718300000,3.37,3.395,3.365,3.387,3657.5
1781719200000,3.387,3.388,3.262,3.309,73606.47
1781720100000,3.309,3.328,3.307,3.319,6431.82
1781721000000,3.319,3.378,3.304,3.372,39218.43
1781721900000,3.372,3.372,3.327,3.342,15003.71
1781722800000,3.342,3.345,3.319,3.344,7136.3
1781723700000,3.344,3.344,3.231,3.242,37972.2
1781724600000,3.242,3.258,3.217,3.225,21950.23
1781725500000,3.225,3.25,3.219,3.233,44303.35
1781726400000,3.233,3.248,3.223,3.229,8625.8
1781727300000,3.229,3.238,3.226,3.226,2343.62
1781728200000,3.226,3.236,3.205,3.206,5000.89
1781729100000,3.206,3.238,3.197,3.233,23011.27
1781730000000,3.233,3.233,3.215,3.22,9653.48
1781730900000,3.22,3.221,3.204,3.21,4533.44
1781731800000,3.21,3.212,3.167,3.178,9894.05
1781732700000,3.178,3.188,3.161,3.188,4411.38
1781733600000,3.188,3.191,3.132,3.172,19255.49
1781734500000,3.172,3.206,3.172,3.2,3017
1781735400000,3.2,3.206,3.19,3.197,3145.23
1781736300000,3.197,3.2,3.189,3.189,2630.82
1781737200000,3.189,3.203,3.185,3.186,2672.24
1781738100000,3.186,3.202,3.186,3.194,4810.06
1781739000000,3.194,3.199,3.183,3.19,8700.53
1781739900000,3.19,3.2,3.178,3.191,3178.46
1781740800000,3.191,3.244,3.189,3.223,32614.55
1781741700000,3.223,3.229,3.211,3.215,4706.9
1781742600000,3.215,3.221,3.197,3.21,18003.01
1781743500000,3.21,3.219,3.183,3.188,5209.1
1781744400000,3.188,3.218,3.184,3.205,9157.91
1781745300000,3.205,3.208,3.196,3.2,3629.98
1781746200000,3.2,3.207,3.197,3.199,3402.15
1781747100000,3.199,3.202,3.185,3.194,4937.3
1781748000000,3.194,3.202,3.189,3.193,4852.82
1781748900000,3.193,3.207,3.184,3.207,3285.71
1781749800000,3.207,3.207,3.194,3.196,902.01
1781750700000,3.196,3.199,3.187,3.192,3980.43
1781751600000,3.192,3.196,3.183,3.189,6647.26
1781752500000,3.189,3.189,3.156,3.161,18369.65
1781753400000,3.161,3.173,3.161,3.167,8937.3
1781754300000,3.167,3.195,3.166,3.181,7442.87
1781755200000,3.181,3.185,3.143,3.147,34944.49
1781756100000,3.147,3.161,3.125,3.149,24947.39
1781757000000,3.149,3.156,3.136,3.138,3016.91
1781757900000,3.138,3.142,3.125,3.13,8952.06
1781758800000,3.13,3.144,3.11,3.14,47770.92
1781759700000,3.14,3.16,3.14,3.158,3780.61
1781760600000,3.158,3.159,3.142,3.15,13469.07
1781761500000,3.15,3.163,3.149,3.157,580.2
1781762400000,3.157,3.168,3.15,3.166,7059.36
1781763300000,3.166,3.176,3.152,3.152,11749.05
1781764200000,3.152,3.165,3.151,3.16,14379.16
1781765100000,3.16,3.162,3.144,3.153,13876.64
1781766000000,3.153,3.168,3.145,3.168,3925.91
1781766900000,3.168,3.168,3.156,3.163,727.74
1781767800000,3.163,3.165,3.155,3.157,2392.16
1781768700000,3.157,3.158,3.148,3.152,1574.32
1781769600000,3.152,3.175,3.142,3.162,11755.79
1781770500000,3.162,3.174,3.162,3.174,2053.68
1781771400000,3.174,3.175,3.16,3.164,10488.66
1781772300000,3.164,3.172,3.158,3.16,2819.06
1781773200000,3.16,3.165,3.155,3.157,1068.6
1781774100000,3.157,3.168,3.155,3.155,2252.07
1781775000000,3.155,3.163,3.155,3.163,1966.38
1781775900000,3.163,3.168,3.158,3.159,3469.39
1781776800000,3.159,3.168,3.144,3.146,5584.31
1781777700000,3.146,3.15,3.137,3.15,2333.43
1781778600000,3.15,3.158,3.144,3.144,2791.26
1781779500000,3.144,3.157,3.141,3.144,2266.15
1781780400000,3.144,3.144,3.129,3.135,4495.68
1781781300000,3.135,3.138,3.117,3.133,10034.64
1781782200000,3.133,3.133,3.116,3.12,8931.85
1781783100000,3.12,3.128,3.099,3.11,16845.61
1781784000000,3.11,3.114,3.096,3.107,8720.4
1781784900000,3.107,3.126,3.106,3.123,7805.47
1781785800000,3.123,3.133,3.12,3.133,3481.2
1781786700000,3.133,3.142,3.131,3.138,3822.07
1781787600000,3.138,3.14,3.128,3.129,3093.17
1781788500000,3.129,3.138,3.122,3.128,3659.44
1781789400000,3.128,3.128,3.069,3.073,33306.49
1781790300000,3.073,3.105,3.061,3.089,21687.25
1781791200000,3.089,3.094,3.082,3.086,7016.53
1781792100000,3.086,3.13,3.084,3.109,3931.35
1781793000000,3.109,3.126,3.106,3.107,6228.79
1781793900000,3.107,3.118,3.092,3.106,8748.14
1781794800000,3.106,3.106,3.085,3.091,6692.88
1781795700000,3.091,3.091,3.043,3.055,47631.55
1781796600000,3.055,3.068,2.955,2.973,67364.95
1781797500000,2.973,2.993,2.955,2.974,27190.89
1781798400000,2.974,3.022,2.962,3.013,10602.23
1781799300000,3.013,3.017,2.993,3.009,7799.07
1781800200000,3.009,3.017,2.989,3.016,8124.18
1781801100000,3.016,3.025,2.997,3.022,8394.28
1781802000000,3.022,3.022,2.995,2.998,4179.23
1781802900000,2.998,3.002,2.97,2.998,26656.75
1781803800000,2.998,3.005,2.984,2.996,11117.89
1781804700000,2.996,3.004,2.988,2.998,4716.06
1781805600000,2.998,3.002,2.991,2.999,959.76
1781806500000,2.999,3.017,2.992,3.016,13015.02
1781807400000,3.016,3.018,3.005,3.015,4834.16
1781808300000,3.015,3.015,3.001,3.001,1675.69
1781809200000,3.001,3.031,3.001,3.019,18590.77
1781810100000,3.019,3.019,3.009,3.009,4184.74
1781811000000,3.009,3.018,3.009,3.017,2506.09
1781811900000,3.017,3.032,3.015,3.024,9779.61
1781812800000,3.024,3.045,3.021,3.03,36003.69
1781813700000,3.03,3.062,3.025,3.059,25761.53
1781814600000,3.059,3.06,3.04,3.04,11536.76
1781815500000,3.04,3.045,3.031,3.035,2784.02
1781816400000,3.035,3.037,3.017,3.017,3132.97
1781817300000,3.017,3.031,3.012,3.031,2796.82
1781818200000,3.031,3.039,3.024,3.028,1121.94
1781819100000,3.028,3.05,3.028,3.05,1356.54
1781820000000,3.05,3.05,3.035,3.04,1704.46
1781820900000,3.04,3.046,3.035,3.036,650.97
1781821800000,3.036,3.046,3.033,3.046,1666.84
1781822700000,3.046,3.046,3.038,3.04,737.51
1781823600000,3.04,3.044,3.035,3.035,2006.2
1781824500000,3.035,3.039,3.034,3.037,949.47
1781825400000,3.037,3.051,3.037,3.051,4542.57
1781826300000,3.051,3.068,3.044,3.065,7252.05
1781827200000,3.065,3.073,3.058,3.072,8260.81
1781828100000,3.072,3.084,3.07,3.079,9332.9
1781829000000,3.079,3.089,3.071,3.088,15232.35
1781829900000,3.088,3.094,3.078,3.081,5510.6
1781830800000,3.081,3.096,3.078,3.078,2771.93
1781831700000,3.078,3.122,3.078,3.098,4768.08
1781832600000,3.098,3.101,3.081,3.1,4827.74
1781833500000,3.1,3.132,3.097,3.132,4622.75
1781834400000,3.132,3.137,3.114,3.114,1552.75
1781835300000,3.114,3.12,3.101,3.112,3397.96
1781836200000,3.112,3.128,3.104,3.123,2757.75
1781837100000,3.123,3.136,3.112,3.136,4388.02
1781838000000,3.136,3.138,3.107,3.108,6480.07
1781838900000,3.108,3.11,3.066,3.106,34493.52
1781839800000,3.106,3.108,3.09,3.108,17550.09
1781840700000,3.108,3.113,3.102,3.106,11159.84
1781841600000,3.106,3.106,3.07,3.099,12757.79
1781842500000,3.099,3.103,3.073,3.077,6700.47
1781843400000,3.077,3.08,3.056,3.071,7944.35
1781844300000,3.071,3.08,3.038,3.05,5530.87
1781845200000,3.05,3.069,3.047,3.063,3103.64
1781846100000,3.063,3.066,3.047,3.058,5173.25
1781847000000,3.058,3.061,3.049,3.061,2298.09
1781847900000,3.061,3.065,3.054,3.06,4963.11
1781848800000,3.06,3.075,3.06,3.065,5540.24
1781849700000,3.065,3.085,3.065,3.077,3018.91
1781850600000,3.077,3.085,3.069,3.078,1605.01
1781851500000,3.078,3.091,3.069,3.089,8120.59
1781852400000,3.089,3.089,3.075,3.077,2052.51
1781853300000,3.077,3.085,3.072,3.075,4638.17
1781854200000,3.075,3.076,3.056,3.065,7879.93
1781855100000,3.065,3.094,3.05,3.092,45641.71
1781856000000,3.092,3.124,3.091,3.124,6040.95
1781856900000,3.124,3.125,3.11,3.115,5071.97
1781857800000,3.115,3.138,3.11,3.115,4132.9
1781858700000,3.115,3.115,3.087,3.09,8016.83
1781859600000,3.09,3.097,3.054,3.056,5251.42
1781860500000,3.056,3.072,3.056,3.069,2942.69
1781861400000,3.069,3.079,3.067,3.076,5709.85
1781862300000,3.076,3.076,3.061,3.071,4931.64
1781863200000,3.071,3.071,3.032,3.045,10119.4
1781864100000,3.045,3.06,3.028,3.057,6344.62
1781865000000,3.057,3.057,3.041,3.046,2016.13
1781865900000,3.046,3.065,3.044,3.055,3092.43
1781866800000,3.055,3.068,3.048,3.068,6087.51
1781867700000,3.068,3.086,3.068,3.082,3730.96
1781868600000,3.082,3.091,3.074,3.091,998.01
1781869500000,3.091,3.092,3.074,3.085,2266.93
1781870400000,3.085,3.113,3.085,3.096,4671.1
1781871300000,3.096,3.096,3.08,3.083,1411.84
1781872200000,3.083,3.097,3.077,3.087,6665.03
1781873100000,3.087,3.136,3.075,3.133,23814
1781874000000,3.133,3.193,3.128,3.179,66912.64
1781874900000,3.179,3.26,3.174,3.244,54373.92
1781875800000,3.244,3.272,3.22,3.239,35617.37
1781876700000,3.239,3.313,3.239,3.304,33194.11
1781877600000,3.304,3.309,3.25,3.271,52034.05
1781878500000,3.271,3.364,3.269,3.35,72099.37
1781879400000,3.35,3.394,3.305,3.329,69305.17
1781880300000,3.329,3.351,3.306,3.342,26053.87
1781881200000,3.342,3.417,3.336,3.359,33577.26
1781882100000,3.359,3.377,3.287,3.304,62558.62
1781883000000,3.304,3.36,3.302,3.344,39988.83
1781883900000,3.344,3.371,3.322,3.325,18089.04
1781884800000,3.325,3.395,3.323,3.39,20775.84
1781885700000,3.39,3.412,3.369,3.408,27580.65
1781886600000,3.408,3.478,3.405,3.439,114176.16
1781887500000,3.439,3.487,3.401,3.425,89299.76
1781888400000,3.425,3.511,3.424,3.49,35340.81
1781889300000,3.49,3.539,3.433,3.458,94103.18
1781890200000,3.458,3.593,3.455,3.573,62179.53
1781891100000,3.573,3.636,3.524,3.588,77385.75
1781892000000,3.588,3.613,3.534,3.592,37578.13
1781892900000,3.592,3.592,3.469,3.526,61516.18
1781893800000,3.526,3.538,3.487,3.489,31936.29
1781894700000,3.489,3.553,3.489,3.517,42712.46
1781895600000,3.517,3.517,3.437,3.48,41284.47
1781896500000,3.48,3.521,3.476,3.519,15397.66
1781897400000,3.519,3.522,3.477,3.518,19495.53
1781898300000,3.518,3.553,3.508,3.538,17394.14
1781899200000,3.538,3.583,3.496,3.527,24632.08
1781900100000,3.527,3.555,3.487,3.549,29154.76
1781901000000,3.549,3.576,3.548,3.553,9335.25
1781901900000,3.553,3.617,3.552,3.607,21231.29
1781902800000,3.607,3.654,3.552,3.552,55362.66
1781903700000,3.552,3.552,3.495,3.499,12288.15
1781904600000,3.499,3.52,3.484,3.495,2383.37
1781905500000,3.495,3.537,3.495,3.526,5048.48
1781906400000,3.526,3.535,3.497,3.525,6237.91
1781907300000,3.525,3.556,3.501,3.528,19920.98
1781908200000,3.528,3.572,3.526,3.566,13994.24
1781909100000,3.566,3.577,3.521,3.548,19184.84
1781910000000,3.548,3.587,3.543,3.575,35366.12
1781910900000,3.575,3.608,3.567,3.567,21015.75
1781911800000,3.567,3.598,3.546,3.561,23827.61
1781912700000,3.561,3.561,3.519,3.536,25208.52
1781913600000,3.536,3.551,3.455,3.461,29431.82
1781914500000,3.461,3.495,3.458,3.478,30310.81
1781915400000,3.478,3.523,3.472,3.472,34464.8
1781916300000,3.472,3.483,3.437,3.483,15348.52
1781917200000,3.483,3.5,3.416,3.433,32837.15
1781918100000,3.433,3.461,3.427,3.427,14330.48
1781919000000,3.427,3.439,3.41,3.422,15924.47
1781919900000,3.422,3.426,3.408,3.411,6487.88
1781920800000,3.411,3.461,3.406,3.448,17377.45
1781921700000,3.448,3.508,3.447,3.486,19850.7
1781922600000,3.486,3.505,3.418,3.42,43456.51
1781923500000,3.42,3.42,3.368,3.389,35631.25
1781924400000,3.389,3.442,3.372,3.442,26911.34
1781925300000,3.442,3.456,3.404,3.425,26583.5
1781926200000,3.425,3.487,3.425,3.473,16099.32
1781927100000,3.473,3.479,3.442,3.467,11988.37
1781928000000,3.467,3.472,3.425,3.467,39974.56
1781928900000,3.467,3.467,3.42,3.436,13902.67
1781929800000,3.436,3.446,3.41,3.431,8112.95
1781930700000,3.431,3.46,3.415,3.443,12857.93
1781931600000,3.443,3.459,3.422,3.44,11843.95
1781932500000,3.44,3.463,3.438,3.455,18497.77
1781933400000,3.455,3.458,3.397,3.406,27287.28
1781934300000,3.406,3.414,3.391,3.399,20601.73
1781935200000,3.399,3.404,3.379,3.386,9098.26
1781936100000,3.386,3.406,3.375,3.406,9664.23
1781937000000,3.406,3.413,3.39,3.402,23157.71
1781937900000,3.402,3.422,3.383,3.419,25929
1781938800000,3.419,3.419,3.368,3.386,22511.93
1781939700000,3.386,3.386,3.355,3.379,16382.95
1781940600000,3.379,3.383,3.354,3.354,11572.91
1781941500000,3.354,3.372,3.354,3.361,8263.23
1781942400000,3.361,3.381,3.341,3.381,26247.11
1781943300000,3.381,3.409,3.357,3.371,38807.44
1781944200000,3.371,3.381,3.347,3.373,25633.38
1781945100000,3.373,3.385,3.363,3.364,9580.85
1781946000000,3.364,3.379,3.364,3.376,7112.41
1781946900000,3.376,3.389,3.363,3.364,6844.66
1781947800000,3.364,3.383,3.361,3.383,11451.79
1781948700000,3.383,3.386,3.371,3.371,7684.91
1781949600000,3.371,3.381,3.358,3.37,4528.59
1781950500000,3.37,3.37,3.331,3.342,16771.35
1781951400000,3.342,3.348,3.331,3.335,6466.08
1781952300000,3.335,3.339,3.322,3.332,9972.47
1781953200000,3.332,3.341,3.324,3.341,2536.92
1781954100000,3.341,3.346,3.328,3.332,2409.33
1781955000000,3.332,3.351,3.331,3.333,12534.56
1781955900000,3.333,3.339,3.323,3.326,5877.56
1781956800000,3.326,3.343,3.323,3.335,3018.3
1781957700000,3.335,3.349,3.322,3.328,5452.91
1781958600000,3.328,3.329,3.317,3.322,10156.85
1781959500000,3.322,3.342,3.311,3.342,5898.78
1781960400000,3.342,3.342,3.302,3.314,2823.64
1781961300000,3.314,3.322,3.253,3.286,34263.44
1781962200000,3.286,3.313,3.281,3.308,7086
1781963100000,3.308,3.321,3.303,3.318,7325.76
1781964000000,3.318,3.319,3.26,3.264,22312.36
1781964900000,3.264,3.295,3.264,3.29,18641.13
1781965800000,3.29,3.293,3.261,3.278,28362.96
1781966700000,3.278,3.37,3.276,3.357,90354.96
1781967600000,3.357,3.398,3.338,3.397,31616.37
1781968500000,3.397,3.421,3.387,3.415,37995.1
1781969400000,3.415,3.432,3.401,3.405,32044.43
1781970300000,3.405,3.411,3.391,3.405,21944.68
1781971200000,3.405,3.474,3.395,3.439,41466.34
1781972100000,3.439,3.462,3.412,3.423,16419.9
1781973000000,3.423,3.432,3.407,3.422,7707.45
1781973900000,3.422,3.435,3.416,3.418,6488.29
1781974800000,3.418,3.439,3.411,3.437,18391.82
1781975700000,3.437,3.438,3.404,3.416,27902.31
1781976600000,3.416,3.428,3.37,3.4,32748.13
1781977500000,3.4,3.405,3.391,3.401,6074.2
1781978400000,3.401,3.407,3.393,3.396,5670.51
1781979300000,3.396,3.411,3.391,3.41,582.69
1781980200000,3.41,3.412,3.389,3.399,1516.83
1781981100000,3.399,3.399,3.376,3.38,1907.75
1781982000000,3.38,3.399,3.38,3.394,8605.21
1781982900000,3.394,3.394,3.376,3.381,3041.34
1781983800000,3.381,3.386,3.376,3.385,4264.39
1781984700000,3.385,3.39,3.378,3.389,1037.8
1781985600000,3.389,3.389,3.376,3.381,1358.27
1781986500000,3.381,3.384,3.367,3.373,7115.73
1781987400000,3.373,3.374,3.318,3.33,47500.42
1781988300000,3.33,3.337,3.313,3.316,5851.24
1781989200000,3.316,3.331,3.304,3.33,29751.93
1781990100000,3.33,3.33,3.303,3.304,8780.69
1781991000000,3.304,3.306,3.298,3.301,2326.33
1781991900000,3.301,3.306,3.289,3.293,4107.72
1781992800000,3.293,3.307,3.282,3.296,3244.49
1781993700000,3.296,3.323,3.291,3.323,16116.5
1781994600000,3.323,3.337,3.316,3.328,21954.76
1781995500000,3.328,3.337,3.311,3.312,7636.66
1781996400000,3.312,3.322,3.31,3.319,4257.25
1781997300000,3.319,3.327,3.313,3.315,2381.49
1781998200000,3.315,3.323,3.311,3.321,3111.55
1781999100000,3.321,3.321,3.306,3.314,5342.68
1782000000000,3.314,3.332,3.309,3.33,11746.11
1782000900000,3.33,3.331,3.316,3.324,5263.1
1782001800000,3.324,3.324,3.311,3.314,3054.16
1782002700000,3.314,3.316,3.299,3.316,7241.66
1782003600000,3.316,3.318,3.3,3.308,912.33
1782004500000,3.308,3.319,3.307,3.312,883.48
1782005400000,3.312,3.337,3.308,3.337,10656.32
1782006300000,3.337,3.344,3.331,3.341,10943.9
1782007200000,3.341,3.345,3.334,3.334,1988.04
1782008100000,3.334,3.336,3.328,3.329,4350.83
1782009000000,3.329,3.333,3.322,3.332,1535.97
1782009900000,3.332,3.335,3.325,3.325,2255.31
1782010800000,3.325,3.357,3.325,3.357,6848.27
1782011700000,3.357,3.36,3.339,3.339,3733.8
1782012600000,3.339,3.351,3.335,3.34,13935.73
1782013500000,3.34,3.34,3.333,3.333,1051.3
1782014400000,3.333,3.34,3.325,3.325,8785.18
1782015300000,3.325,3.329,3.318,3.327,1298.08
1782016200000,3.327,3.395,3.327,3.358,67696.77
1782017100000,3.358,3.362,3.326,3.335,9972.34
1782018000000,3.335,3.385,3.332,3.365,36540.99
1782018900000,3.365,3.373,3.35,3.373,12046
1782019800000,3.373,3.373,3.355,3.359,6803.99
1782020700000,3.359,3.366,3.351,3.351,5455.62
1782021600000,3.351,3.368,3.349,3.354,2665.01
1782022500000,3.354,3.354,3.333,3.338,2827.42
1782023400000,3.338,3.371,3.338,3.362,4003.31
1782024300000,3.362,3.372,3.356,3.371,2661.85
1782025200000,3.371,3.381,3.366,3.373,2296.53
1782026100000,3.373,3.373,3.358,3.373,4523.57
1782027000000,3.373,3.382,3.37,3.375,2383.51
1782027900000,3.375,3.377,3.361,3.367,3504.83
1782028800000,3.367,3.375,3.353,3.354,6468.56
1782029700000,3.354,3.36,3.341,3.351,1751.72
1782030600000,3.351,3.415,3.35,3.358,74720.78
1782031500000,3.358,3.392,3.356,3.372,28283.59
1782032400000,3.372,3.372,3.356,3.363,8973.59
1782033300000,3.363,3.366,3.353,3.354,2733.66
1782034200000,3.354,3.372,3.353,3.372,4782.53
1782035100000,3.372,3.381,3.368,3.369,7266.64
1782036000000,3.369,3.421,3.367,3.401,44207.37
1782036900000,3.401,3.405,3.384,3.399,14368.02
1782037800000,3.399,3.433,3.375,3.429,51322.56
1782038700000,3.429,3.431,3.375,3.379,30244.24
1782039600000,3.379,3.409,3.379,3.396,16024.9
1782040500000,3.396,3.396,3.365,3.373,13470.5
1782041400000,3.373,3.373,3.351,3.363,10109.56
1782042300000,3.363,3.377,3.357,3.374,18639.5
1782043200000,3.374,3.374,3.357,3.357,6411.65
1782044100000,3.357,3.378,3.325,3.343,29932.98
1782045000000,3.343,3.379,3.336,3.369,20360.3
1782045900000,3.369,3.369,3.359,3.365,5724.06
1782046800000,3.365,3.365,3.346,3.346,6127.08
1782047700000,3.346,3.377,3.346,3.355,18160.26
1782048600000,3.355,3.362,3.321,3.361,23581.63
1782049500000,3.361,3.361,3.34,3.34,5413.33
1782050400000,3.34,3.344,3.332,3.333,5299.99
1782051300000,3.333,3.335,3.322,3.329,2243.15
1782052200000,3.329,3.337,3.328,3.331,608.48
1782053100000,3.331,3.333,3.323,3.323,8911.99
1782054000000,3.323,3.364,3.318,3.342,22027.8
1782054900000,3.342,3.343,3.333,3.341,7885.77
1782055800000,3.341,3.341,3.331,3.332,8446.5
1782056700000,3.332,3.351,3.325,3.344,17187.28
1782057600000,3.344,3.345,3.302,3.306,21291.15
1782058500000,3.306,3.332,3.305,3.32,21775.85
1782059400000,3.32,3.338,3.307,3.325,21113.4
1782060300000,3.325,3.34,3.325,3.335,2674.38
1782061200000,3.335,3.346,3.313,3.322,32580.54
1782062100000,3.322,3.327,3.306,3.306,2989.86
1782063000000,3.306,3.321,3.304,3.318,4198.66
1782063900000,3.318,3.324,3.315,3.315,769.76
1782064800000,3.315,3.316,3.265,3.292,19650.5
1782065700000,3.292,3.3,3.292,3.3,1943.45
1782066600000,3.3,3.319,3.299,3.315,5728.63
1782067500000,3.315,3.328,3.311,3.327,1306.44
1782068400000,3.327,3.327,3.312,3.312,1377.16
1782069300000,3.312,3.317,3.31,3.316,201.91
1782070200000,3.316,3.316,3.311,3.315,1756.79
1782071100000,3.315,3.315,3.301,3.301,444.46
1782072000000,3.301,3.31,3.288,3.297,6631.42
1782072900000,3.297,3.297,3.282,3.295,1651.87
1782073800000,3.295,3.299,3.288,3.29,2263.78
1782074700000,3.29,3.292,3.27,3.276,4168.98
1782075600000,3.276,3.281,3.201,3.237,87648.73
1782076500000,3.237,3.253,3.227,3.242,5968.77
1782077400000,3.242,3.247,3.231,3.247,4682.09
1782078300000,3.247,3.254,3.24,3.24,506.36
1782079200000,3.24,3.249,3.233,3.24,6176.14
1782080100000,3.24,3.251,3.24,3.243,6345
1782081000000,3.243,3.243,3.232,3.236,5149.22
1782081900000,3.236,3.245,3.236,3.244,289
1782082800000,3.244,3.244,3.229,3.229,5063.65
1782083700000,3.229,3.241,3.222,3.23,2868.52
1782084600000,3.23,3.231,3.215,3.221,5734.26
1782085500000,3.221,3.236,3.221,3.224,1810.34
1782086400000,3.224,3.239,3.219,3.235,3396.15
1782087300000,3.235,3.24,3.231,3.237,826.75
1782088200000,3.237,3.256,3.237,3.248,4652.65
1782089100000,3.248,3.255,3.239,3.253,646.33
1782090000000,3.253,3.26,3.245,3.246,819.22
1782090900000,3.246,3.312,3.245,3.305,12795.85
1782091800000,3.305,3.305,3.276,3.281,6054.72
1782092700000,3.281,3.283,3.263,3.268,2911.79
1782093600000,3.268,3.268,3.258,3.265,3598.16
1782094500000,3.265,3.275,3.264,3.274,14868.38
1782095400000,3.274,3.275,3.267,3.269,1602.38
1782096300000,3.269,3.274,3.26,3.261,2650.01
1782097200000,3.261,3.262,3.242,3.245,15958.46
1782098100000,3.245,3.261,3.244,3.251,3109.44
1782099000000,3.251,3.263,3.251,3.256,3027.53
1782099900000,3.256,3.256,3.234,3.237,6673.7
1782100800000,3.237,3.245,3.225,3.245,1706.34
1782101700000,3.245,3.251,3.237,3.251,1430.24
1782102600000,3.251,3.252,3.236,3.237,2266.87
1782103500000,3.237,3.259,3.237,3.253,7167.88
1782104400000,3.253,3.27,3.251,3.265,4671.29
1782105300000,3.265,3.27,3.263,3.263,1110.78
1782106200000,3.263,3.264,3.256,3.264,3365.64
1782107100000,3.264,3.266,3.256,3.257,405.83
1782108000000,3.257,3.267,3.255,3.262,1164.81
1782108900000,3.262,3.28,3.262,3.275,2508.57
1782109800000,3.275,3.283,3.27,3.275,3368.31
1782110700000,3.275,3.275,3.259,3.27,2411.37
1782111600000,3.27,3.289,3.27,3.287,2380.52
1782112500000,3.287,3.338,3.283,3.307,39437.67
1782113400000,3.307,3.311,3.294,3.294,2151.87
1782114300000,3.294,3.294,3.276,3.276,494.03
1782115200000,3.276,3.301,3.262,3.265,19323.67
1782116100000,3.265,3.27,3.265,3.266,615.48
1782117000000,3.266,3.266,3.25,3.263,6014.53
1782117900000,3.263,3.269,3.259,3.266,460.43
1782118800000,3.266,3.277,3.264,3.268,10709.21
1782119700000,3.268,3.282,3.262,3.281,3911.56
1782120600000,3.281,3.29,3.279,3.284,7481
1782121500000,3.284,3.284,3.278,3.279,1682.73
1782122400000,3.279,3.294,3.279,3.29,2138.87
1782123300000,3.29,3.297,3.279,3.279,2377.4
1782124200000,3.279,3.283,3.276,3.276,656.35
1782125100000,3.276,3.291,3.276,3.285,516.28
1782126000000,3.285,3.305,3.284,3.299,5596.06
1782126900000,3.299,3.307,3.293,3.299,2578.97
1782127800000,3.299,3.321,3.299,3.3,5223.57
1782128700000,3.3,3.306,3.297,3.299,5073.48
1782129600000,3.299,3.306,3.295,3.301,6579.2
1782130500000,3.301,3.307,3.292,3.302,1299.53
1782131400000,3.302,3.356,3.296,3.353,13842.86
1782132300000,3.353,3.356,3.33,3.337,15899.54
1782133200000,3.337,3.344,3.333,3.338,10654.22
1782134100000,3.338,3.361,3.332,3.349,4636.82
1782135000000,3.349,3.378,3.349,3.369,6817.01
1782135900000,3.369,3.376,3.364,3.369,10318.36
1782136800000,3.369,3.373,3.35,3.355,6116.08
1782137700000,3.355,3.355,3.326,3.327,9897.39
1782138600000,3.327,3.339,3.314,3.332,15431.89
1782139500000,3.332,3.366,3.332,3.357,11373.27
1782140400000,3.357,3.384,3.356,3.379,10409.12
1782141300000,3.379,3.379,3.34,3.344,9976.17
1782142200000,3.344,3.352,3.331,3.347,10122.31
1782143100000,3.347,3.347,3.303,3.306,7979.04
1782144000000,3.306,3.307,3.283,3.302,10330.57
1782144900000,3.302,3.319,3.293,3.318,4447.21
1782145800000,3.318,3.318,3.299,3.302,2672.97
1782146700000,3.302,3.325,3.293,3.312,14893.13
1782147600000,3.312,3.312,3.304,3.305,1677.63
1782148500000,3.305,3.319,3.303,3.311,1241.91
1782149400000,3.311,3.32,3.304,3.317,4208.31
1782150300000,3.317,3.329,3.317,3.326,2387.01
1782151200000,3.326,3.334,3.323,3.331,1269.41
1782152100000,3.331,3.337,3.317,3.321,4281.77
1782153000000,3.321,3.321,3.309,3.318,2961.44
1782153900000,3.318,3.318,3.295,3.301,8782.97
1782154800000,3.301,3.301,3.273,3.291,3678.28
1782155700000,3.291,3.3,3.274,3.281,2601.97
1782156600000,3.281,3.283,3.27,3.27,915.49
1782157500000,3.27,3.27,3.247,3.258,9490.67
1782158400000,3.258,3.272,3.254,3.265,4885.14
1782159300000,3.265,3.266,3.256,3.256,408.25
1782160200000,3.256,3.263,3.256,3.26,2094.01
1782161100000,3.26,3.281,3.251,3.276,23114.8
1782162000000,3.276,3.277,3.262,3.269,4771.97
1782162900000,3.269,3.269,3.256,3.26,582.87
1782163800000,3.26,3.262,3.247,3.248,2154.21
1782164700000,3.248,3.254,3.245,3.247,4042.2
1782165600000,3.247,3.277,3.247,3.273,22798.53
1782166500000,3.273,3.273,3.209,3.213,34779.43
1782167400000,3.213,3.229,3.186,3.19,17635.96
1782168300000,3.19,3.228,3.19,3.22,25590.22
1782169200000,3.22,3.22,3.207,3.216,1857.25
1782170100000,3.216,3.221,3.208,3.221,3335.59
1782171000000,3.221,3.221,3.205,3.206,4008.48
1782171900000,3.206,3.216,3.202,3.212,884.24
1782172800000,3.212,3.224,3.205,3.219,5656.07
1782173700000,3.219,3.223,3.172,3.189,13526.76
1782174600000,3.189,3.218,3.189,3.218,3410.31
1782175500000,3.218,3.221,3.209,3.218,4714.17
1782176400000,3.218,3.226,3.212,3.214,4290.22
1782177300000,3.214,3.222,3.209,3.222,534.39
1782178200000,3.222,3.23,3.209,3.211,3779.8
1782179100000,3.211,3.221,3.198,3.22,2591.47
1782180000000,3.22,3.22,3.202,3.203,500.06
1782180900000,3.203,3.22,3.203,3.215,358.24
1782181800000,3.215,3.219,3.214,3.219,556.58
1782182700000,3.219,3.224,3.213,3.22,2201.17
1782183600000,3.22,3.22,3.193,3.195,5650.18
1782184500000,3.195,3.206,3.193,3.204,183.79
1782185400000,3.204,3.204,3.194,3.2,766.86
1782186300000,3.2,3.22,3.2,3.217,731.18
1782187200000,3.217,3.237,3.217,3.232,1113.39
1782188100000,3.232,3.235,3.223,3.235,186.91
1782189000000,3.235,3.239,3.219,3.219,1730.68
1782189900000,3.219,3.222,3.215,3.218,2154.89
1782190800000,3.218,3.252,3.205,3.215,41267.64
1782191700000,3.215,3.228,3.163,3.177,66413.42
1782192600000,3.177,3.192,3.155,3.172,34405
1782193500000,3.172,3.196,3.157,3.172,19147.02
1782194400000,3.172,3.172,3.126,3.146,16240.15
1782195300000,3.146,3.154,3.067,3.119,42236.09
1782196200000,3.119,3.126,3.102,3.115,8100.01
1782197100000,3.115,3.128,3.114,3.126,1016.32
1782198000000,3.126,3.147,3.122,3.143,8484.31
1782198900000,3.143,3.157,3.141,3.148,10849.19
1782199800000,3.148,3.152,3.132,3.143,9897.89
1782200700000,3.143,3.15,3.135,3.135,2337.93
1782201600000,3.135,3.167,3.132,3.14,6699.76
1782202500000,3.14,3.145,3.042,3.064,47069.73
1782203400000,3.064,3.118,3.062,3.106,35396.52
1782204300000,3.106,3.126,3.105,3.115,13442.29
1782205200000,3.115,3.14,3.115,3.135,23271.36
1782206100000,3.135,3.169,3.131,3.169,13259.21
1782207000000,3.169,3.178,3.149,3.165,27811.14
1782207900000,3.165,3.176,3.155,3.176,5977.27
1782208800000,3.176,3.194,3.163,3.165,2607.55
1782209700000,3.165,3.167,3.153,3.155,2622.37
1782210600000,3.155,3.159,3.131,3.131,3325.33
1782211500000,3.131,3.142,3.126,3.134,11867.9
1782212400000,3.134,3.149,3.132,3.143,6221.53
1782213300000,3.143,3.158,3.138,3.15,7446.44
1782214200000,3.15,3.15,3.136,3.141,1825.17
1782215100000,3.141,3.141,3.131,3.134,183.39
1782216000000,3.134,3.138,3.132,3.134,295.04
1782216900000,3.134,3.141,3.134,3.135,393.16
1782217800000,3.135,3.141,3.13,3.134,1136.81
1782218700000,3.134,3.134,3.116,3.121,2512.84
1782219600000,3.121,3.128,3.11,3.128,4749.72
1782220500000,3.128,3.128,3.109,3.11,3691.51
1782221400000,3.11,3.152,3.096,3.148,6051.08
1782222300000,3.148,3.156,3.134,3.142,548.57
1782223200000,3.142,3.149,3.134,3.145,2957.77
1782224100000,3.145,3.155,3.138,3.143,4016.65
1782225000000,3.143,3.164,3.143,3.145,5365.05
1782225900000,3.145,3.145,3.123,3.123,1573.05
1782226800000,3.123,3.133,3.117,3.124,425.65
1782227700000,3.124,3.127,3.108,3.117,4124.39
1782228600000,3.117,3.12,3.112,3.112,114.65
1782229500000,3.112,3.119,3.097,3.112,4790.43
1782230400000,3.112,3.134,3.103,3.123,14850
1782231300000,3.123,3.131,3.109,3.113,402.02
1782232200000,3.113,3.121,3.112,3.121,607.15
1782233100000,3.121,3.121,3.104,3.104,103.31
1782234000000,3.104,3.104,3.086,3.089,1772.98
1782234900000,3.089,3.105,3.089,3.105,168.57
1782235800000,3.105,3.116,3.097,3.1,936.61
1782236700000,3.1,3.1,3.089,3.093,266.59
1782237600000,3.093,3.095,3.088,3.095,250.27
1782238500000,3.095,3.102,3.095,3.102,18.71
1782239400000,3.102,3.102,3.099,3.102,38.57
1782240300000,3.102,3.114,3.096,3.114,368.55
1782241200000,3.114,3.115,3.109,3.113,307.62
1782242100000,3.113,3.113,3.11,3.113,203.92
1782243000000,3.113,3.117,3.11,3.11,414.06
1782243900000,3.11,3.114,3.107,3.114,1736.59
1782244800000,3.114,3.127,3.112,3.127,462.8
1782245700000,3.127,3.141,3.125,3.133,12275.26
1782246600000,3.133,3.142,3.131,3.142,1243.29
1782247500000,3.142,3.143,3.129,3.129,2942.22
1782248400000,3.129,3.146,3.129,3.141,7488.3
1782249300000,3.141,3.155,3.141,3.149,8901.19
1782250200000,3.149,3.17,3.146,3.166,4973.43
1782251100000,3.166,3.176,3.163,3.175,366.53
1782252000000,3.175,3.204,3.174,3.204,1615.68
1782252900000,3.204,3.204,3.178,3.189,2208.61
1782253800000,3.189,3.2,3.183,3.184,2656
1782254700000,3.184,3.215,3.183,3.211,1639.45
1782255600000,3.211,3.218,3.183,3.189,10882.92
1782256500000,3.189,3.202,3.189,3.192,5204.55
1782257400000,3.192,3.192,3.176,3.176,3710.85
1782258300000,3.176,3.196,3.176,3.193,3968.14
1782259200000,3.193,3.219,3.189,3.218,9583.77
1782260100000,3.218,3.258,3.216,3.258,15768.56
1782261000000,3.258,3.269,3.239,3.242,4113.29
1782261900000,3.242,3.256,3.24,3.25,7236.53
1782262800000,3.25,3.257,3.233,3.246,4716.67
1782263700000,3.246,3.246,3.228,3.242,4956.08
1782264600000,3.242,3.277,3.242,3.26,9925.7
1782265500000,3.26,3.277,3.256,3.263,5958.09
1782266400000,3.263,3.264,3.233,3.249,14848.4
1782267300000,3.249,3.249,3.218,3.218,6894.67
1782268200000,3.218,3.219,3.195,3.214,8086.03
1782269100000,3.214,3.214,3.186,3.189,2382.38
1782270000000,3.189,3.193,3.183,3.186,4256.63
1782270900000,3.186,3.186,3.167,3.18,24094.4
1782271800000,3.18,3.199,3.178,3.196,5463.19
1782272700000,3.196,3.203,3.186,3.189,3123.37
1782273600000,3.189,3.197,3.18,3.183,2126.05
1782274500000,3.183,3.184,3.156,3.163,14135.22
1782275400000,3.163,3.18,3.161,3.18,4087.32
1782276300000,3.18,3.196,3.18,3.192,2878.49
1782277200000,3.192,3.205,3.189,3.197,2557.66
1782278100000,3.197,3.223,3.197,3.223,8959.66
1782279000000,3.223,3.238,3.217,3.219,3913.21
1782279900000,3.219,3.257,3.215,3.22,10700.23
1782280800000,3.22,3.246,3.212,3.234,13801.67
1782281700000,3.234,3.234,3.21,3.21,5490.27
1782282600000,3.21,3.245,3.204,3.229,26817.11
1782283500000,3.229,3.233,3.204,3.206,9216.38
1782284400000,3.206,3.207,3.195,3.199,5754.75
1782285300000,3.199,3.199,3.185,3.193,6152.62
1782286200000,3.193,3.204,3.18,3.188,12582.8
1782287100000,3.188,3.191,3.181,3.181,4533.74
1782288000000,3.181,3.205,3.181,3.2,9361.6
1782288900000,3.2,3.203,3.191,3.195,3154.12
1782289800000,3.195,3.209,3.193,3.203,2743.43
1782290700000,3.203,3.203,3.188,3.188,2094
1782291600000,3.188,3.192,3.182,3.186,4303.29
1782292500000,3.186,3.193,3.181,3.191,1711.84
1782293400000,3.191,3.194,3.174,3.174,6229.95
1782294300000,3.174,3.185,3.17,3.18,3207.58
1782295200000,3.18,3.187,3.178,3.183,1599.08
1782296100000,3.183,3.184,3.167,3.17,3135.48
1782297000000,3.17,3.172,3.155,3.165,6974.82
1782297900000,3.165,3.167,3.151,3.154,3285.19
1782298800000,3.154,3.157,3.134,3.143,12162.63
1782299700000,3.143,3.145,3.13,3.139,2959.12
1782300600000,3.139,3.161,3.139,3.159,3945.95
1782301500000,3.159,3.208,3.158,3.189,11056.53
1782302400000,3.189,3.226,3.181,3.2,60006.03
1782303300000,3.2,3.216,3.196,3.212,5616.3
1782304200000,3.212,3.214,3.192,3.192,10683.39
1782305100000,3.192,3.197,3.185,3.191,2474.16
1782306000000,3.191,3.193,3.149,3.15,18687.11
1782306900000,3.15,3.162,3.108,3.129,37052.14
1782307800000,3.129,3.159,3.095,3.122,39986.14
1782308700000,3.122,3.149,3.094,3.125,8393.68
1782309600000,3.125,3.152,3.113,3.135,9804.5
1782310500000,3.135,3.187,3.12,3.176,24591.91
1782311400000,3.176,3.181,3.15,3.16,13959.29
1782312300000,3.16,3.16,3.142,3.151,3066.08
1782313200000,3.151,3.151,3.095,3.099,4212.15
1782314100000,3.099,3.111,3.07,3.078,11148.63
1782315000000,3.078,3.081,3.018,3.024,25762.48
1782315900000,3.024,3.031,2.998,3.022,15387.33
1782316800000,3.022,3.049,3.009,3.042,11913.03
1782317700000,3.042,3.067,3.039,3.047,2440.2
1782318600000,3.047,3.047,3.012,3.022,11123.89
1782319500000,3.022,3.023,2.906,2.959,122641.59
1782320400000,2.959,2.978,2.941,2.962,9746.17
1782321300000,2.962,2.962,2.884,2.925,31566.96
1782322200000,2.925,2.943,2.912,2.92,8729.29
1782323100000,2.92,2.924,2.897,2.909,10870.56
1782324000000,2.909,2.928,2.863,2.926,42891.63
1782324900000,2.926,2.978,2.919,2.963,21739.08
1782325800000,2.963,2.967,2.943,2.943,1682.91
1782326700000,2.943,2.946,2.924,2.937,1750.59
1782327600000,2.937,2.957,2.926,2.932,8443.53
1782328500000,2.932,2.94,2.928,2.938,4595.17
1782329400000,2.938,2.957,2.93,2.94,14592.01
1782330300000,2.94,2.965,2.94,2.96,15780.12
1782331200000,2.96,3.032,2.96,3.022,33084.53
1782332100000,3.022,3.036,3.017,3.032,4858.84
1782333000000,3.032,3.038,3.025,3.036,13802.56
1782333900000,3.036,3.054,3.031,3.043,11723.31
1782334800000,3.043,3.047,3.024,3.035,5888.19
1782335700000,3.035,3.035,3.017,3.017,1436.97
1782336600000,3.017,3.029,3.011,3.028,7248.17
1782337500000,3.028,3.034,3.022,3.029,5322.29
1782338400000,3.029,3.061,3.029,3.048,4325.93
1782339300000,3.048,3.06,3.045,3.049,11581.26
1782340200000,3.049,3.05,3.034,3.046,4692.54
1782341100000,3.046,3.048,3.04,3.042,1217.99
1782342000000,3.042,3.051,3.039,3.04,561.64
1782342900000,3.04,3.128,3.04,3.095,84657.8
1782343800000,3.095,3.103,3.088,3.098,4957.4
1782344700000,3.098,3.147,3.087,3.109,74343.25
1782345600000,3.109,3.128,3.098,3.113,20620.39
1782346500000,3.113,3.119,3.093,3.116,12030.73
1782347400000,3.116,3.121,3.094,3.118,16008.73
1782348300000,3.118,3.134,3.103,3.11,20106.97
1782349200000,3.11,3.127,3.105,3.107,7052.68
1782350100000,3.107,3.114,3.099,3.106,7253.83
1782351000000,3.106,3.126,3.105,3.122,8858.05
1782351900000,3.122,3.122,3.108,3.118,7922.14
1782352800000,3.118,3.168,3.111,3.158,36096.22
1782353700000,3.158,3.158,3.132,3.137,18924.96
1782354600000,3.137,3.141,3.12,3.123,3677.64
1782355500000,3.123,3.126,3.12,3.123,4593.12
1782356400000,3.123,3.124,3.1,3.103,8022.85
1782357300000,3.103,3.109,3.099,3.104,3435.18
1782358200000,3.104,3.105,3.084,3.093,21652.21
1782359100000,3.093,3.102,3.093,3.099,1569.13
1782360000000,3.099,3.111,3.093,3.106,2544.43
1782360900000,3.106,3.116,3.106,3.107,3533.93
1782361800000,3.107,3.108,3.098,3.102,4275.87
1782362700000,3.102,3.143,3.102,3.136,4698.71
1782363600000,3.136,3.212,3.133,3.187,34121.11
1782364500000,3.187,3.246,3.187,3.239,30177.03
1782365400000,3.239,3.254,3.233,3.236,6683.12
1782366300000,3.236,3.239,3.223,3.233,8809.73
1782367200000,3.233,3.241,3.227,3.235,5214.76
1782368100000,3.235,3.264,3.235,3.254,7222.71
1782369000000,3.254,3.27,3.25,3.252,7428.82
1782369900000,3.252,3.265,3.235,3.25,7542.41
1782370800000,3.25,3.259,3.241,3.259,4843.83
1782371700000,3.259,3.264,3.243,3.243,1805.53
1782372600000,3.243,3.25,3.23,3.237,3999.69
1782373500000,3.237,3.268,3.231,3.258,11705.55
1782374400000,3.258,3.266,3.249,3.249,7986.07
1782375300000,3.249,3.27,3.239,3.239,15490.04
1782376200000,3.239,3.246,3.23,3.239,17486.46
1782377100000,3.239,3.239,3.222,3.222,16119.61
1782378000000,3.222,3.247,3.218,3.24,5013.11
1782378900000,3.24,3.24,3.218,3.231,2696.75
1782379800000,3.231,3.239,3.224,3.228,1567.61
1782380700000,3.228,3.237,3.228,3.237,599.28
1782381600000,3.237,3.299,3.226,3.292,65950.05
1782382500000,3.292,3.294,3.234,3.245,17865.43
1782383400000,3.245,3.263,3.237,3.24,5674.37
1782384300000,3.24,3.244,3.221,3.226,7955.75
1782385200000,3.226,3.23,3.21,3.223,3911.88
1782386100000,3.223,3.225,3.197,3.204,17605.66
1782387000000,3.204,3.208,3.189,3.203,4085.25
1782387900000,3.203,3.206,3.181,3.189,21849.42
1782388800000,3.189,3.196,3.186,3.196,3473.65
1782389700000,3.196,3.198,3.162,3.164,6513.97
1782390600000,3.164,3.206,3.164,3.182,14208.6
1782391500000,3.182,3.19,3.182,3.189,4140.06
1782392400000,3.189,3.197,3.178,3.192,4897.38
1782393300000,3.192,3.202,3.188,3.198,3507.58
1782394200000,3.198,3.206,3.106,3.106,31232.98
1782395100000,3.106,3.126,2.925,2.935,96991.09
1782396000000,2.935,3.072,2.935,3.055,68413.87
1782396900000,3.055,3.079,3.017,3.07,14447.61
1782397800000,3.07,3.162,3.061,3.092,28959.87
1782398700000,3.092,3.129,3.089,3.094,18301.23
1782399600000,3.094,3.097,3.06,3.063,4332.61
1782400500000,3.063,3.077,3.034,3.07,15231.68
1782401400000,3.07,3.091,3.065,3.091,5665.33
1782402300000,3.091,3.1,3.073,3.09,4723.17
1782403200000,3.09,3.128,3.085,3.102,9138.25
1782404100000,3.102,3.111,3.085,3.085,3729.41
1782405000000,3.085,3.085,3.035,3.038,7594.27
1782405900000,3.038,3.038,3.023,3.029,4661.31
1782406800000,3.029,3.049,3.025,3.045,2723.42
1782407700000,3.045,3.072,3.037,3.064,10715.6
1782408600000,3.064,3.118,3.05,3.058,34529.76
1782409500000,3.058,3.061,3.043,3.061,11250.84
1782410400000,3.061,3.063,3.036,3.048,6231.17
1782411300000,3.048,3.076,3.038,3.046,10487.15
1782412200000,3.046,3.046,3.014,3.017,15554.31
1782413100000,3.017,3.029,3.009,3.029,7370.91
1782414000000,3.029,3.037,3.01,3.014,7893.84
1782414900000,3.014,3.014,2.987,2.999,20787.08
1782415800000,2.999,3.039,2.996,3.028,16403.99
1782416700000,3.028,3.028,3.013,3.022,8139.19
1782417600000,3.022,3.052,3.022,3.034,26646.11
1782418500000,3.034,3.043,3.027,3.028,4117.02
1782419400000,3.028,3.028,3.01,3.015,7573.63
1782420300000,3.015,3.015,3.004,3.008,2041.19
1782421200000,3.008,3.027,3.004,3.027,5953.33
1782422100000,3.027,3.035,3.027,3.035,467.95
1782423000000,3.035,3.073,3.035,3.066,5625.86
1782423900000,3.066,3.093,3.064,3.09,4420.01
1782424800000,3.09,3.1,3.071,3.079,5161.33
1782425700000,3.079,3.093,3.078,3.08,1873.02
1782426600000,3.08,3.082,3.062,3.068,9725.6
1782427500000,3.068,3.083,3.067,3.077,2182.63
1782428400000,3.077,3.077,3.064,3.069,2112.52
1782429300000,3.069,3.122,3.061,3.077,49814.77
1782430200000,3.077,3.093,3.074,3.077,5724.41
1782431100000,3.077,3.08,3.067,3.071,1220.12
1782432000000,3.071,3.107,3.068,3.093,4998.71
1782432900000,3.093,3.113,3.088,3.101,18701.03
1782433800000,3.101,3.113,3.093,3.099,4135.7
1782434700000,3.099,3.112,3.098,3.106,5530.88
1782435600000,3.106,3.111,3.084,3.088,2437.2
1782436500000,3.088,3.099,3.054,3.054,11139.46
1782437400000,3.054,3.062,3.049,3.052,8784.88
1782438300000,3.052,3.052,3.034,3.041,9929.22
1782439200000,3.041,3.044,2.935,2.942,39665.81
1782440100000,2.942,2.98,2.934,2.98,25569.42
1782441000000,2.98,2.991,2.964,2.984,15118.53
1782441900000,2.984,2.984,2.942,2.953,7303.16
1782442800000,2.953,2.989,2.93,2.985,16804.02
1782443700000,2.985,3.017,2.974,3.005,26218.11
1782444600000,3.005,3.023,2.989,3.019,17929.55
1782445500000,3.019,3.071,3.019,3.071,11314.58
1782446400000,3.071,3.08,3.06,3.063,12346.44
1782447300000,3.063,3.082,3.049,3.058,12244.85
1782448200000,3.058,3.063,3.037,3.037,4859.07
1782449100000,3.037,3.04,3.022,3.026,2816.44
1782450000000,3.026,3.032,3.016,3.032,2025.5
1782450900000,3.032,3.037,3.022,3.035,2482.15
1782451800000,3.035,3.049,3.035,3.04,16049.44
1782452700000,3.04,3.04,3.026,3.03,3596.75
1782453600000,3.03,3.03,3.012,3.018,10408.15
1782454500000,3.018,3.05,3.016,3.05,5986.09
1782455400000,3.05,3.076,3.041,3.076,6220.9
1782456300000,3.076,3.114,3.072,3.097,11010.39
1782457200000,3.097,3.113,3.089,3.1,5890.53
1782458100000,3.1,3.121,3.093,3.113,11937.8
1782459000000,3.113,3.13,3.106,3.106,6555.42
1782459900000,3.106,3.143,3.103,3.129,21119.83
1782460800000,3.129,3.181,3.117,3.12,27572.15
1782461700000,3.12,3.123,3.103,3.11,4600.7
1782462600000,3.11,3.115,3.098,3.103,7663.06
1782463500000,3.103,3.119,3.095,3.119,6267.92
1782464400000,3.119,3.132,3.115,3.128,3529.15
1782465300000,3.128,3.136,3.122,3.135,4857.32
1782466200000,3.135,3.138,3.115,3.115,8640.11
1782467100000,3.115,3.115,3.059,3.062,8521.7
1782468000000,3.062,3.063,3.046,3.057,13996.99
1782468900000,3.057,3.067,3.056,3.062,2660.14
1782469800000,3.062,3.072,3.053,3.061,6206.38
1782470700000,3.061,3.061,3.041,3.045,2395.3
1782471600000,3.045,3.054,3.035,3.051,9458.05
1782472500000,3.051,3.051,3.04,3.04,1151.12
1782473400000,3.04,3.05,3.039,3.039,1245.91
1782474300000,3.039,3.049,3.017,3.026,22778.81
1782475200000,3.026,3.049,3.026,3.045,3053.45
1782476100000,3.045,3.059,3.044,3.056,16123.44
1782477000000,3.056,3.073,3.003,3.021,14780.72
1782477900000,3.021,3.052,3.013,3.026,6457.89
1782478800000,3.026,3.057,3.023,3.057,1112.73
1782479700000,3.057,3.057,3,3.036,15461.99
1782480600000,3.036,3.082,3.03,3.077,20705.7
1782481500000,3.077,3.144,3.064,3.142,20962.52
1782482400000,3.142,3.184,3.128,3.154,31715.76
1782483300000,3.154,3.194,3.154,3.171,26711.12
1782484200000,3.171,3.215,3.15,3.185,32144.52
1782485100000,3.185,3.235,3.181,3.217,19118.19
1782486000000,3.217,3.236,3.19,3.213,18479.52
1782486900000,3.213,3.289,3.204,3.265,38213.77
1782487800000,3.265,3.296,3.259,3.275,36821.11
1782488700000,3.275,3.276,3.178,3.212,37474.15
1782489600000,3.212,3.246,3.208,3.234,12352.69
1782490500000,3.234,3.247,3.19,3.215,23119.57
1782491400000,3.215,3.251,3.215,3.221,5418.47
1782492300000,3.221,3.233,3.216,3.217,6444.52
1782493200000,3.217,3.302,3.217,3.277,16778.52
1782494100000,3.277,3.277,3.246,3.255,1567.9
1782495000000,3.255,3.262,3.243,3.245,9872.57
1782495900000,3.245,3.259,3.242,3.243,5422.14
1782496800000,3.243,3.253,3.223,3.225,7525.18
1782497700000,3.225,3.237,3.215,3.217,5463.1
1782498600000,3.217,3.217,3.205,3.21,1599.31
1782499500000,3.21,3.217,3.204,3.212,1221.5
1782500400000,3.212,3.257,3.212,3.252,4114.54
1782501300000,3.252,3.26,3.241,3.26,1732.61
1782502200000,3.26,3.268,3.241,3.242,8188.72
1782503100000,3.242,3.248,3.197,3.2,15504.15
1782504000000,3.2,3.258,3.2,3.224,16638.94
1782504900000,3.224,3.229,3.21,3.21,3390.42
1782505800000,3.21,3.21,3.195,3.203,10528.82
1782506700000,3.203,3.209,3.192,3.198,2454.47
1782507600000,3.198,3.199,3.185,3.188,3103.01
1782508500000,3.188,3.228,3.188,3.222,7000.11
1782509400000,3.222,3.225,3.207,3.213,809.33
1782510300000,3.213,3.214,3.18,3.18,1324.95
1782511200000,3.18,3.185,3.163,3.179,4470.72
1782512100000,3.179,3.182,3.168,3.168,1423.24
1782513000000,3.168,3.174,3.161,3.173,2528.37
1782513900000,3.173,3.179,3.168,3.177,494.81
1782514800000,3.177,3.187,3.177,3.187,1578.7
1782515700000,3.187,3.19,3.178,3.178,2415.13
1782516600000,3.178,3.182,3.176,3.176,1328.97
1782517500000,3.176,3.179,3.174,3.179,710.24
1782518400000,3.179,3.188,3.175,3.18,1700.23
1782519300000,3.18,3.184,3.179,3.184,811.18
1782520200000,3.184,3.186,3.155,3.163,1945.75
1782521100000,3.163,3.177,3.163,3.177,721.51
1782522000000,3.177,3.181,3.159,3.164,3292.67
1782522900000,3.164,3.166,3.159,3.166,1065.78
1782523800000,3.166,3.166,3.154,3.158,3193.69
1782524700000,3.158,3.159,3.15,3.154,342.6
1782525600000,3.154,3.165,3.141,3.165,2631.85
1782526500000,3.165,3.189,3.162,3.181,11655.34
1782527400000,3.181,3.184,3.156,3.168,39685.43
1782528300000,3.168,3.186,3.168,3.178,3231.57
1782529200000,3.178,3.181,3.161,3.162,4115.4
1782530100000,3.162,3.166,3.149,3.152,4438.92
1782531000000,3.152,3.153,3.14,3.147,8663.7
1782531900000,3.147,3.148,3.136,3.14,7704.17
1782532800000,3.14,3.167,3.136,3.167,8558.91
1782533700000,3.167,3.172,3.156,3.156,3895.38
1782534600000,3.156,3.159,3.15,3.152,2180.65
1782535500000,3.152,3.156,3.146,3.153,1629.01
1782536400000,3.153,3.153,3.139,3.151,1295.04
1782537300000,3.151,3.151,3.139,3.142,1538.13
1782538200000,3.142,3.146,3.139,3.146,577.21
1782539100000,3.146,3.16,3.146,3.155,958.52
1782540000000,3.155,3.156,3.143,3.143,1408.04
1782540900000,3.143,3.151,3.143,3.15,1108.38
1782541800000,3.15,3.156,3.138,3.15,8125.46
1782542700000,3.15,3.163,3.142,3.142,2728.73
1782543600000,3.142,3.145,3.132,3.136,5892.92
1782544500000,3.136,3.154,3.136,3.148,3320.46
1782545400000,3.148,3.149,3.142,3.149,1472.53
1782546300000,3.149,3.156,3.148,3.152,2934.66
1782547200000,3.152,3.191,3.152,3.16,32023.34
1782548100000,3.16,3.16,3.143,3.148,2072.94
1782549000000,3.148,3.148,3.139,3.14,2069.33
1782549900000,3.14,3.152,3.14,3.142,355.12
1782550800000,3.142,3.15,3.137,3.14,4248.21
1782551700000,3.14,3.14,3.122,3.122,12172.89
1782552600000,3.122,3.131,3.122,3.129,620.95
1782553500000,3.129,3.147,3.129,3.144,12701.58
1782554400000,3.144,3.147,3.139,3.139,251.68
1782555300000,3.139,3.139,3.129,3.129,600.15
1782556200000,3.129,3.136,3.127,3.134,1279.77
1782557100000,3.134,3.135,3.129,3.129,276.94
1782558000000,3.129,3.129,3.119,3.119,760.35
1782558900000,3.119,3.129,3.115,3.129,2791.72
1782559800000,3.129,3.137,3.124,3.127,1631.62
1782560700000,3.127,3.146,3.127,3.146,7333.14
1782561600000,3.146,3.148,3.133,3.139,9232.33
1782562500000,3.139,3.147,3.139,3.147,405.24
1782563400000,3.147,3.149,3.139,3.148,3511.26
1782564300000,3.148,3.153,3.147,3.149,4192.31
1782565200000,3.149,3.161,3.149,3.161,6144.87
1782566100000,3.161,3.161,3.157,3.161,713.54
1782567000000,3.161,3.174,3.157,3.174,2429.87
1782567900000,3.174,3.174,3.156,3.16,2483.36
1782568800000,3.16,3.166,3.149,3.166,4009.15
1782569700000,3.166,3.179,3.166,3.171,3505.68
1782570600000,3.171,3.181,3.171,3.176,2952.56
1782571500000,3.176,3.178,3.168,3.174,4288.43
1782572400000,3.174,3.186,3.17,3.184,3223.84
1782573300000,3.184,3.184,3.163,3.174,3119.31
1782574200000,3.174,3.188,3.173,3.174,15425.87
1782575100000,3.174,3.178,3.172,3.174,487.91
1782576000000,3.174,3.179,3.166,3.167,1713.31
1782576900000,3.167,3.169,3.156,3.168,496.24
1782577800000,3.168,3.178,3.168,3.173,2749.33
1782578700000,3.173,3.194,3.165,3.186,46889.32
1782579600000,3.186,3.186,3.146,3.159,12229.18
1782580500000,3.159,3.207,3.159,3.168,44188.9
1782581400000,3.168,3.168,3.156,3.161,5196.43
1782582300000,3.161,3.164,3.151,3.151,3551.88
1782583200000,3.151,3.158,3.141,3.153,2646.51
1782584100000,3.153,3.156,3.135,3.141,6969.8
1782585000000,3.141,3.144,3.136,3.14,4554.63
1782585900000,3.14,3.141,3.126,3.126,35336.01
1782586800000,3.126,3.136,3.126,3.132,1026.57
1782587700000,3.132,3.133,3.078,3.092,29629.11
1782588600000,3.092,3.097,3.073,3.092,3763.69
1782589500000,3.092,3.105,3.088,3.102,4423.58
1782590400000,3.102,3.112,3.095,3.107,1201.4
1782591300000,3.107,3.119,3.107,3.115,1340.3
1782592200000,3.115,3.12,3.11,3.11,2051.16
1782593100000,3.11,3.114,3.103,3.104,2557.4
1782594000000,3.104,3.112,3.104,3.108,6042.71
1782594900000,3.108,3.162,3.108,3.132,16981.64
1782595800000,3.132,3.133,3.107,3.109,6522.01
1782596700000,3.109,3.109,3.096,3.104,265.18
1782597600000,3.104,3.104,3.091,3.098,1000.76
1782598500000,3.098,3.098,3.063,3.091,17621.82
1782599400000,3.091,3.101,3.088,3.088,1159.75
1782600300000,3.088,3.1,3.088,3.099,3775.24
1782601200000,3.099,3.1,3.087,3.087,3639.13
1782602100000,3.087,3.088,3.077,3.085,904.89
1782603000000,3.085,3.091,3.082,3.087,1064.67
1782603900000,3.087,3.088,3.075,3.077,1167.55
1782604800000,3.077,3.089,3.075,3.089,2081.14
1782605700000,3.089,3.116,3.088,3.107,28273.6
1782606600000,3.107,3.114,3.095,3.098,5882.09
1782607500000,3.098,3.101,3.088,3.089,2726.62
1782608400000,3.089,3.092,3.077,3.077,13464.57
1782609300000,3.077,3.08,3.071,3.074,1515.31
1782610200000,3.074,3.084,3.074,3.084,1673.18
1782611100000,3.084,3.091,3.084,3.085,676.59
1782612000000,3.085,3.102,3.085,3.095,1349.86
1782612900000,3.095,3.096,3.079,3.091,5156.93
1782613800000,3.091,3.101,3.09,3.096,2755.83
1782614700000,3.096,3.105,3.096,3.099,1252.25
1782615600000,3.099,3.117,3.099,3.112,1123.88
1782616500000,3.112,3.112,3.097,3.104,1480.1
1782617400000,3.104,3.137,3.104,3.122,6602.5
1782618300000,3.122,3.133,3.111,3.132,3738.84
1782619200000,3.132,3.134,3.126,3.126,3262.96
1782620100000,3.126,3.134,3.114,3.125,3853.18
1782621000000,3.125,3.13,3.12,3.13,435.58
1782621900000,3.13,3.152,3.13,3.15,7820.84
1782622800000,3.15,3.159,3.125,3.127,9351.26
1782623700000,3.127,3.131,3.111,3.111,1888.95
1782624600000,3.111,3.136,3.105,3.136,3475.49
1782625500000,3.136,3.142,3.132,3.138,1917.74
1782626400000,3.138,3.139,3.111,3.114,6489.93
1782627300000,3.114,3.145,3.11,3.143,7442.77
1782628200000,3.143,3.151,3.137,3.137,1412.93
1782629100000,3.137,3.163,3.129,3.163,9253.54
1782630000000,3.163,3.192,3.16,3.186,12325.07
1782630900000,3.186,3.189,3.177,3.181,1354.03
1782631800000,3.181,3.203,3.181,3.202,4362.94
1782632700000,3.202,3.239,3.202,3.234,15770.9
1782633600000,3.234,3.256,3.215,3.241,18666.82
1782634500000,3.241,3.241,3.216,3.228,10021.73
1782635400000,3.228,3.24,3.213,3.234,5905.29
1782636300000,3.234,3.243,3.222,3.229,2300.36
1782637200000,3.229,3.247,3.226,3.236,5779.31
1782638100000,3.236,3.236,3.201,3.221,17621.08
1782639000000,3.221,3.229,3.217,3.226,1463.47
1782639900000,3.226,3.239,3.22,3.233,5799.04
1782640800000,3.233,3.247,3.231,3.236,7665.04
1782641700000,3.236,3.236,3.208,3.208,6009.87
1782642600000,3.208,3.24,3.206,3.223,8683.62
1782643500000,3.223,3.244,3.217,3.242,18309.85
1782644400000,3.242,3.255,3.232,3.237,19162.67
1782645300000,3.237,3.265,3.233,3.261,14674.05
1782646200000,3.261,3.273,3.244,3.255,6419.34
1782647100000,3.255,3.265,3.247,3.256,3249.79
1782648000000,3.256,3.256,3.221,3.225,7646.58
1782648900000,3.225,3.233,3.213,3.232,2155.47
1782649800000,3.232,3.24,3.208,3.208,26820.91
1782650700000,3.208,3.216,3.192,3.204,11782.05
1782651600000,3.204,3.204,3.171,3.201,4346.23
1782652500000,3.201,3.201,3.185,3.196,3970.44
1782653400000,3.196,3.208,3.191,3.2,3355.69
1782654300000,3.2,3.2,3.187,3.187,10772.92
1782655200000,3.187,3.197,3.179,3.197,731.49
1782656100000,3.197,3.226,3.197,3.226,6395.84
1782657000000,3.226,3.232,3.213,3.214,4906.47
1782657900000,3.214,3.22,3.207,3.211,2240.21
1782658800000,3.211,3.228,3.208,3.212,10061.45
1782659700000,3.212,3.213,3.196,3.196,3108.75
1782660600000,3.196,3.199,3.178,3.185,10758.91
1782661500000,3.185,3.188,3.17,3.172,9401.59
1782662400000,3.172,3.187,3.168,3.179,8141.27
1782663300000,3.179,3.179,3.159,3.16,9236.91
1782664200000,3.16,3.166,3.146,3.155,2919.86
1782665100000,3.155,3.158,3.154,3.154,473.32
1782666000000,3.154,3.17,3.142,3.147,5573.53
1782666900000,3.147,3.151,3.127,3.136,21555.48
1782667800000,3.136,3.151,3.13,3.151,10316.77
1782668700000,3.151,3.168,3.143,3.166,10263.17
1782669600000,3.166,3.166,3.154,3.156,5404.01
1782670500000,3.156,3.184,3.148,3.162,37863.9
1782671400000,3.162,3.17,3.142,3.143,26659.98
1782672300000,3.143,3.152,3.141,3.144,2380.18
1782673200000,3.144,3.158,3.136,3.158,12063.21
1782674100000,3.158,3.159,3.144,3.146,1832.81
1782675000000,3.146,3.149,3.133,3.137,274.76
1782675900000,3.137,3.137,3.107,3.124,8380.66
1782676800000,3.124,3.13,3.117,3.13,1600.6
1782677700000,3.13,3.141,3.13,3.135,850.28
1782678600000,3.135,3.139,3.132,3.132,1082.02
1782679500000,3.132,3.132,3.123,3.123,582.14
1782680400000,3.123,3.147,3.116,3.134,4361.65
1782681300000,3.134,3.145,3.124,3.124,7544.89
1782682200000,3.124,3.124,3.117,3.117,366.28
1782683100000,3.117,3.119,3.095,3.109,1473.3
1782684000000,3.109,3.16,3.107,3.136,9733.08
1782684900000,3.136,3.136,3.102,3.13,5013.76
1782685800000,3.13,3.131,3.111,3.111,2657.12
1782686700000,3.111,3.138,3.092,3.119,4798.41
1782687600000,3.119,3.166,3.114,3.156,5228.16
1782688500000,3.156,3.175,3.149,3.172,1908.01
1782689400000,3.172,3.2,3.172,3.189,2116.04
1782690300000,3.189,3.219,3.189,3.215,25838.78
1782691200000,3.215,3.216,3.194,3.209,6526.99
1782692100000,3.209,3.209,3.179,3.19,9150.9
1782693000000,3.19,3.21,3.177,3.202,10893.44
1782693900000,3.202,3.207,3.179,3.205,5387.29
1782694800000,3.205,3.238,3.192,3.208,12548.01
1782695700000,3.208,3.211,3.197,3.201,933.12
1782696600000,3.201,3.242,3.201,3.228,19286.24
1782697500000,3.228,3.237,3.221,3.222,6037.12
1782698400000,3.222,3.232,3.187,3.192,7961.29
1782699300000,3.192,3.221,3.185,3.211,5867.1
1782700200000,3.211,3.251,3.211,3.244,3965.44
1782701100000,3.244,3.262,3.243,3.262,6897.08
1782702000000,3.262,3.288,3.262,3.269,3739.16
1782702900000,3.269,3.296,3.269,3.295,11650.15
1782703800000,3.295,3.295,3.251,3.263,3928.55
1782704700000,3.263,3.27,3.254,3.261,1338.49
1782705600000,3.261,3.261,3.236,3.239,5488.87
1782706500000,3.239,3.247,3.239,3.245,947.26
1782707400000,3.245,3.245,3.223,3.231,1631.22
1782708300000,3.231,3.234,3.215,3.23,3690.85
1782709200000,3.23,3.234,3.207,3.213,4032.58
1782710100000,3.213,3.24,3.213,3.236,2182.87
1782711000000,3.236,3.243,3.223,3.239,14241.47
1782711900000,3.239,3.267,3.239,3.267,4421.89
1782712800000,3.267,3.309,3.267,3.307,6348.74
1782713700000,3.307,3.332,3.303,3.314,6989.29
1782714600000,3.314,3.353,3.311,3.314,27936.8
1782715500000,3.314,3.35,3.314,3.342,11574.49
1782716400000,3.342,3.383,3.341,3.374,6034.4
1782717300000,3.374,3.38,3.339,3.36,4713.03
1782718200000,3.36,3.376,3.35,3.369,10291.39
1782719100000,3.369,3.393,3.367,3.383,5991.71
1782720000000,3.383,3.422,3.368,3.371,15261.91
1782720900000,3.371,3.371,3.309,3.321,18057.18
1782721800000,3.321,3.35,3.314,3.34,4480.11
1782722700000,3.34,3.362,3.34,3.355,1423.37
1782723600000,3.355,3.402,3.355,3.365,7240.81
1782724500000,3.365,3.388,3.359,3.387,14879.59
1782725400000,3.387,3.414,3.384,3.405,1603.26
1782726300000,3.405,3.451,3.405,3.432,10307.01
1782727200000,3.432,3.453,3.432,3.444,5011.61
1782728100000,3.444,3.444,3.406,3.407,6718.28
1782729000000,3.407,3.41,3.393,3.397,779.22
1782729900000,3.397,3.44,3.397,3.433,1995.11
1782730800000,3.433,3.439,3.408,3.412,4905.47
1782731700000,3.412,3.43,3.389,3.43,1410.14
1782732600000,3.43,3.436,3.393,3.393,6737.25
1782733500000,3.393,3.406,3.393,3.406,3043.48
1782734400000,3.406,3.487,3.406,3.483,21692.23
1782735300000,3.483,3.517,3.474,3.505,15065.95
1782736200000,3.505,3.56,3.505,3.536,33799.24
1782737100000,3.536,3.544,3.479,3.52,10156.2
1782738000000,3.52,3.593,3.517,3.568,40620.19
1782738900000,3.568,3.623,3.557,3.562,23041.84
1782739800000,3.562,3.592,3.501,3.536,36762.61
1782740700000,3.536,3.57,3.493,3.532,20593.46
1782741600000,3.532,3.542,3.495,3.542,12213.12
1782742500000,3.542,3.596,3.511,3.587,17727.89
1782743400000,3.587,3.639,3.565,3.585,17376.66
1782744300000,3.585,3.737,3.561,3.706,48396.11
1782745200000,3.706,3.721,3.654,3.663,13221.38
1782746100000,3.663,3.819,3.663,3.813,48581.94
1782747000000,3.813,3.993,3.804,3.974,95451.89
1782747900000,3.974,4.072,3.898,4.038,90451.61
1782748800000,4.038,4.137,3.918,4.125,153334.84
1782749700000,4.125,4.128,3.918,4.045,156439.61
1782750600000,4.045,4.212,3.98,4.171,75943.59
1782751500000,4.171,4.219,4.047,4.085,66997.98
1782752400000,4.085,4.268,4.07,4.242,69996.06
1782753300000,4.242,4.32,4.169,4.262,59661.71
1782754200000,4.262,4.343,4.186,4.312,59177.06
1782755100000,4.312,4.318,4.237,4.275,79163.41
1782756000000,4.275,4.357,4.268,4.304,67579.38
1782756900000,4.304,4.369,4.235,4.323,64402.65
1782757800000,4.323,4.354,4.151,4.206,87502.86
1782758700000,4.206,4.285,4.173,4.265,40046.41
1782759600000,4.265,4.275,4.083,4.1,66770.7
1782760500000,4.1,4.144,4.061,4.13,38678.12
1782761400000,4.13,4.133,3.973,4.003,72488.09
1782762300000,4.003,4.014,3.962,3.979,29068.29
1782763200000,3.979,3.993,3.836,3.897,106540.41
1782764100000,3.897,3.912,3.868,3.885,19740.01
1782765000000,3.885,3.937,3.855,3.868,12582.41
1782765900000,3.868,3.91,3.855,3.9,19467.55
1782766800000,3.9,3.932,3.851,3.871,28035.08
1782767700000,3.871,3.891,3.809,3.846,39294.85
1782768600000,3.846,3.864,3.814,3.84,11201.14
1782769500000,3.84,3.874,3.819,3.836,14660.89
1782770400000,3.836,3.871,3.836,3.861,10038.21
1782771300000,3.861,3.872,3.82,3.855,18723.72
1782772200000,3.855,3.862,3.726,3.795,72010.63
1782773100000,3.795,3.795,3.751,3.765,28440.07
1782774000000,3.765,3.843,3.765,3.842,22161.69
1782774900000,3.842,3.855,3.81,3.836,6456.39
1782775800000,3.836,3.853,3.814,3.842,10214.34
1782776700000,3.842,3.854,3.815,3.832,10747.53
1782777600000,3.832,3.832,3.784,3.805,15987.25
1782778500000,3.805,3.871,3.805,3.844,17468.56
1782779400000,3.844,3.868,3.796,3.85,24918.71
1782780300000,3.85,3.903,3.843,3.875,25456.13
1782781200000,3.875,3.893,3.74,3.771,36755.07
1782782100000,3.771,3.893,3.768,3.884,21947.48
1782783000000,3.884,3.912,3.854,3.87,18590.71
1782783900000,3.87,3.894,3.813,3.865,20878.34
1782784800000,3.865,3.87,3.82,3.851,22196.61
1782785700000,3.851,3.867,3.817,3.862,19109.79
1782786600000,3.862,3.966,3.86,3.958,59292.83
1782787500000,3.958,3.959,3.837,3.842,68156.77
1782788400000,3.842,3.905,3.838,3.867,35947.19
1782789300000,3.867,3.926,3.816,3.84,26443.5
1782790200000,3.84,3.907,3.83,3.904,24370.82
1782791100000,3.904,3.937,3.878,3.932,45766.04
1782792000000,3.932,3.943,3.841,3.908,33344.69
1782792900000,3.908,3.914,3.859,3.881,35949.6
1782793800000,3.881,3.982,3.878,3.968,50827.22
1782794700000,3.968,3.972,3.91,3.948,23579.12
1782795600000,3.948,3.963,3.912,3.933,33023.94
1782796500000,3.933,3.958,3.9,3.955,24446.12
1782797400000,3.955,3.958,3.763,3.855,110977.04
1782798300000,3.855,3.857,3.797,3.831,35339.71
1782799200000,3.831,3.89,3.795,3.876,25658.71
1782800100000,3.876,3.905,3.85,3.896,31038.98
1782801000000,3.896,3.929,3.867,3.901,17874.98
1782801900000,3.901,3.913,3.877,3.897,18885.73
1782802800000,3.897,3.918,3.833,3.886,31834.15
1782803700000,3.886,3.895,3.855,3.879,6934.22
1782804600000,3.879,3.886,3.85,3.867,17410.42
1782805500000,3.867,3.876,3.813,3.835,14038.38
1782806400000,3.835,3.879,3.821,3.865,20756.39
1782807300000,3.865,3.881,3.84,3.875,8498.27
1782808200000,3.875,3.892,3.843,3.889,15944.3
1782809100000,3.889,3.91,3.871,3.906,10872.39
1782810000000,3.906,3.906,3.781,3.848,41658.01
1782810900000,3.848,3.85,3.781,3.789,13600.33
1782811800000,3.789,3.789,3.637,3.663,108247.64
1782812700000,3.663,3.726,3.65,3.697,10235.13
1782813600000,3.697,3.705,3.653,3.695,9128.36
1782814500000,3.695,3.695,3.628,3.639,13938.55
1782815400000,3.639,3.661,3.63,3.659,8047.47
1782816300000,3.659,3.688,3.647,3.685,6090.75
1782817200000,3.685,3.694,3.671,3.671,4282.45
1782818100000,3.671,3.681,3.637,3.644,18725.79
1782819000000,3.644,3.666,3.631,3.647,6269.41
1782819900000,3.647,3.649,3.574,3.598,30232.17
1782820800000,3.598,3.65,3.598,3.636,45123.17
1782821700000,3.636,3.643,3.614,3.629,6437.16
1782822600000,3.629,3.634,3.604,3.606,3410.56
1782823500000,3.606,3.614,3.577,3.588,22209.27
1782824400000,3.588,3.612,3.574,3.577,11981.93
1782825300000,3.577,3.592,3.562,3.585,15131.35
1782826200000,3.585,3.647,3.585,3.646,7217.88
1782827100000,3.646,3.685,3.609,3.683,19020.85
1782828000000,3.683,3.711,3.646,3.65,18389.7
1782828900000,3.65,3.67,3.641,3.668,6939.72
1782829800000,3.668,3.698,3.655,3.689,8361.48
1782830700000,3.689,3.702,3.671,3.683,2896.72
1782831600000,3.683,3.7,3.654,3.669,7043.71
1782832500000,3.669,3.691,3.646,3.679,8287.49
1782833400000,3.679,3.679,3.654,3.664,11943.76
1782834300000,3.664,3.69,3.661,3.67,7244.74
1782835200000,3.67,3.767,3.67,3.762,15607.68
1782836100000,3.762,3.762,3.7,3.7,8029.86
1782837000000,3.7,3.712,3.673,3.71,20627.34
1782837900000,3.71,3.795,3.71,3.755,21635.04
1782838800000,3.755,3.783,3.718,3.726,9989.13
1782839700000,3.726,3.762,3.714,3.761,3596.77
1782840600000,3.761,3.77,3.697,3.712,13981.16
1782841500000,3.712,3.756,3.699,3.756,4753.33
1782842400000,3.756,3.756,3.711,3.721,3739.29
1782843300000,3.721,3.725,3.703,3.707,1202.44
1782844200000,3.707,3.727,3.707,3.726,2041.65
1782845100000,3.726,3.762,3.722,3.76,4870.96
1782846000000,3.76,3.761,3.732,3.739,1418.08
1782846900000,3.739,3.749,3.724,3.744,1811.36
1782847800000,3.744,3.793,3.739,3.775,2853.92
1782848700000,3.775,3.793,3.769,3.789,3421.75
1782849600000,3.789,3.841,3.781,3.807,13996.97
1782850500000,3.807,3.815,3.778,3.815,14721.95
1782851400000,3.815,3.818,3.783,3.793,6818.79
1782852300000,3.793,3.827,3.792,3.795,4523.59
1782853200000,3.795,3.795,3.755,3.766,11357.17
1782854100000,3.766,3.766,3.72,3.738,5179.15
1782855000000,3.738,3.79,3.738,3.784,8960.96
1782855900000,3.784,3.797,3.774,3.774,942.08
1782856800000,3.774,3.774,3.719,3.722,13481.17
1782857700000,3.722,3.722,3.691,3.701,3163.92
1782858600000,3.701,3.701,3.666,3.67,11292.39
1782859500000,3.67,3.673,3.657,3.664,1796.39
1782860400000,3.664,3.682,3.662,3.673,2834.39
1782861300000,3.673,3.683,3.662,3.671,7470.47
1782862200000,3.671,3.689,3.666,3.671,1785.63
1782863100000,3.671,3.671,3.635,3.639,3615.88
1782864000000,3.639,3.775,3.639,3.752,26953.97
1782864900000,3.752,3.752,3.681,3.718,7682.21
1782865800000,3.718,3.722,3.666,3.666,4213.53
1782866700000,3.666,3.681,3.655,3.678,5182.22
1782867600000,3.678,3.678,3.483,3.493,69557.62
1782868500000,3.493,3.571,3.449,3.457,232498.87
1782869400000,3.457,3.52,3.425,3.517,56359.9
1782870300000,3.517,3.541,3.509,3.515,39354.02
1782871200000,3.515,3.546,3.465,3.471,66594.96
1782872100000,3.471,3.576,3.468,3.576,30544.99
1782873000000,3.576,3.587,3.549,3.57,21270.61
1782873900000,3.57,3.577,3.551,3.573,26064.08
1782874800000,3.573,3.579,3.552,3.574,52524.42
1782875700000,3.574,3.581,3.556,3.559,13799.77
1782876600000,3.559,3.614,3.557,3.606,12709.34
1782877500000,3.606,3.633,3.604,3.608,12667.62
1782878400000,3.608,3.63,3.599,3.599,1391.05
1782879300000,3.599,3.623,3.599,3.621,4613.76
1782880200000,3.621,3.639,3.619,3.632,5647.19
1782881100000,3.632,3.664,3.625,3.629,6384.11
1782882000000,3.629,3.634,3.615,3.615,5949.68
1782882900000,3.615,3.627,3.611,3.616,1865.63
1782883800000,3.616,3.633,3.603,3.61,3246.75
1782884700000,3.61,3.61,3.595,3.595,26539.66
1782885600000,3.595,3.595,3.577,3.587,4121.14
1782886500000,3.587,3.599,3.571,3.58,18289.27
1782887400000,3.58,3.601,3.528,3.552,29396.86
1782888300000,3.552,3.557,3.531,3.538,3048.2
1782889200000,3.538,3.547,3.523,3.534,17670.15
1782890100000,3.534,3.552,3.526,3.526,5955.58
1782891000000,3.526,3.536,3.512,3.53,8861.43
1782891900000,3.53,3.549,3.529,3.546,7542.15
1782892800000,3.546,3.555,3.527,3.538,6107.4
1782893700000,3.538,3.538,3.504,3.504,4694.86
1782894600000,3.504,3.529,3.504,3.529,3698.41
1782895500000,3.529,3.536,3.516,3.536,1581.77
1782896400000,3.536,3.554,3.528,3.542,2640.61
1782897300000,3.542,3.552,3.534,3.542,10980.36
1782898200000,3.542,3.542,3.514,3.514,7152.9
1782899100000,3.514,3.545,3.514,3.534,3931.53
1782900000000,3.534,3.551,3.51,3.51,1995.88
1782900900000,3.51,3.538,3.507,3.538,1123.23
1782901800000,3.538,3.576,3.537,3.543,11862.6
1782902700000,3.543,3.551,3.529,3.534,7915.49
1782903600000,3.534,3.548,3.534,3.544,991.97
1782904500000,3.544,3.562,3.539,3.556,5260.58
1782905400000,3.556,3.565,3.542,3.56,6965.46
1782906300000,3.56,3.568,3.535,3.542,13924.42
1782907200000,3.542,3.543,3.516,3.522,7135.68
1782908100000,3.522,3.53,3.512,3.518,2876.24
1782909000000,3.518,3.531,3.5,3.52,11316.38
1782909900000,3.52,3.526,3.512,3.517,3582.5
1782910800000,3.517,3.542,3.517,3.537,1896.86
1782911700000,3.537,3.558,3.534,3.544,10050.03
1782912600000,3.544,3.568,3.486,3.564,15146.34
1782913500000,3.564,3.609,3.554,3.595,16988.06
1782914400000,3.595,3.626,3.58,3.623,16536.64
1782915300000,3.623,3.628,3.605,3.614,15924.96
1782916200000,3.614,3.614,3.566,3.586,10870.49
1782917100000,3.586,3.596,3.563,3.576,28409.78
1782918000000,3.576,3.597,3.576,3.586,7484.49
1782918900000,3.586,3.613,3.574,3.594,15259.79
1782919800000,3.594,3.596,3.557,3.568,8373.84
1782920700000,3.568,3.568,3.532,3.533,13461.51
1782921600000,3.533,3.555,3.526,3.536,6848.9
1782922500000,3.536,3.559,3.533,3.559,5349.84
1782923400000,3.559,3.559,3.53,3.539,6473.5
1782924300000,3.539,3.539,3.514,3.518,7518.65
1782925200000,3.518,3.527,3.507,3.525,1189.06
1782926100000,3.525,3.543,3.524,3.53,2381.92
1782927000000,3.53,3.53,3.507,3.507,5481.96
1782927900000,3.507,3.533,3.507,3.526,1459.59
1782928800000,3.526,3.526,3.512,3.512,359.2
1782929700000,3.512,3.512,3.486,3.487,8060.6
1782930600000,3.487,3.497,3.467,3.473,12381.85
1782931500000,3.473,3.476,3.452,3.466,8692.27
1782932400000,3.466,3.485,3.466,3.479,6850.61
1782933300000,3.479,3.479,3.47,3.47,3402.21
1782934200000,3.47,3.476,3.449,3.461,6641.28
1782935100000,3.461,3.461,3.431,3.446,16087.23
1782936000000,3.446,3.453,3.433,3.447,5580.47
1782936900000,3.447,3.45,3.436,3.442,1990.98
1782937800000,3.442,3.45,3.437,3.45,322.47
1782938700000,3.45,3.472,3.45,3.466,4780
1782939600000,3.466,3.512,3.462,3.508,10442.5
1782940500000,3.508,3.521,3.503,3.519,7793.81
1782941400000,3.519,3.534,3.519,3.531,1735.59
1782942300000,3.531,3.544,3.522,3.533,12318
1782943200000,3.533,3.533,3.504,3.511,6469.7
1782944100000,3.511,3.535,3.501,3.501,27680.4
1782945000000,3.501,3.515,3.501,3.506,11852.6
1782945900000,3.506,3.506,3.47,3.487,8151.62
1782946800000,3.487,3.487,3.45,3.455,5689.61
1782947700000,3.455,3.455,3.417,3.422,21999.08
1782948600000,3.422,3.426,3.383,3.405,44046.41
1782949500000,3.405,3.422,3.393,3.417,17285.75
1782950400000,3.417,3.43,3.394,3.43,15491.86
1782951300000,3.43,3.435,3.396,3.404,5218.63
1782952200000,3.404,3.416,3.402,3.41,1762.98
1782953100000,3.41,3.429,3.393,3.423,16255.87
1782954000000,3.423,3.425,3.4,3.421,15000.71
1782954900000,3.421,3.438,3.421,3.436,1929.87
1782955800000,3.436,3.46,3.436,3.456,7741.01
1782956700000,3.456,3.456,3.426,3.426,7757.78
1782957600000,3.426,3.434,3.405,3.405,5748.04
1782958500000,3.405,3.423,3.405,3.412,4593.14
1782959400000,3.412,3.43,3.412,3.427,4100.18
1782960300000,3.427,3.441,3.426,3.441,3531.84
1782961200000,3.441,3.441,3.426,3.426,1184.64
1782962100000,3.426,3.463,3.426,3.451,31967.1
1782963000000,3.451,3.451,3.432,3.445,3624.59
1782963900000,3.445,3.476,3.445,3.471,8693.11
1782964800000,3.471,3.502,3.463,3.499,20241.88
1782965700000,3.499,3.499,3.471,3.487,2680.01
1782966600000,3.487,3.498,3.48,3.498,4729.84
1782967500000,3.498,3.502,3.492,3.495,5380.68
1782968400000,3.495,3.533,3.49,3.529,4352.82
1782969300000,3.529,3.531,3.508,3.508,5196.01
1782970200000,3.508,3.511,3.481,3.481,6496.37
1782971100000,3.481,3.496,3.459,3.492,21683.73
1782972000000,3.492,3.492,3.459,3.459,3492.49
1782972900000,3.459,3.474,3.455,3.47,7109.21
1782973800000,3.47,3.478,3.465,3.475,892.77
1782974700000,3.475,3.475,3.465,3.47,557.44
1782975600000,3.47,3.472,3.463,3.47,1134
1782976500000,3.47,3.513,3.47,3.513,3853.4
1782977400000,3.513,3.531,3.513,3.526,13677.37
1782978300000,3.526,3.529,3.521,3.524,3349.65
1782979200000,3.524,3.551,3.519,3.525,3626.8
1782980100000,3.525,3.53,3.501,3.505,4398.05
1782981000000,3.505,3.529,3.505,3.526,6802.59
1782981900000,3.526,3.543,3.523,3.541,4966.96
1782982800000,3.541,3.612,3.541,3.585,44338.16
1782983700000,3.585,3.593,3.561,3.571,3328.99
1782984600000,3.571,3.607,3.571,3.6,38914.22
1782985500000,3.6,3.619,3.588,3.594,10328.11
1782986400000,3.594,3.594,3.57,3.57,1413.48
1782987300000,3.57,3.578,3.562,3.573,4294.5
1782988200000,3.573,3.588,3.562,3.585,1515.98
1782989100000,3.585,3.585,3.554,3.555,4968.79
1782990000000,3.555,3.565,3.545,3.563,1937.7
1782990900000,3.563,3.57,3.542,3.542,1358.55
1782991800000,3.542,3.553,3.533,3.552,16934.23
1782992700000,3.552,3.558,3.542,3.55,3328.16
1782993600000,3.55,3.561,3.547,3.554,15524.47
1782994500000,3.554,3.563,3.537,3.562,8449.78
1782995400000,3.562,3.583,3.546,3.548,26731.45
1782996300000,3.548,3.552,3.531,3.541,13285.99
1782997200000,3.541,3.546,3.516,3.526,10737.83
1782998100000,3.526,3.567,3.526,3.556,18964.72
1782999000000,3.556,3.585,3.542,3.566,28565.31
1782999900000,3.566,3.58,3.562,3.564,4345.34
1783000800000,3.564,3.578,3.554,3.56,7762.84
1783001700000,3.56,3.56,3.488,3.5,25047.36
1783002600000,3.5,3.521,3.496,3.5,12816.97
1783003500000,3.5,3.514,3.48,3.483,7618.6
1783004400000,3.483,3.494,3.47,3.484,8281.77
1783005300000,3.484,3.489,3.465,3.472,5368.62
1783006200000,3.472,3.499,3.472,3.495,10134.5
1783007100000,3.495,3.505,3.495,3.5,2303.06
1783008000000,3.5,3.526,3.495,3.526,2791.64
1783008900000,3.526,3.526,3.49,3.492,8625.39
1783009800000,3.492,3.503,3.491,3.492,4518.76
1783010700000,3.492,3.513,3.487,3.491,1207.55
1783011600000,3.491,3.502,3.487,3.501,1522.89
1783012500000,3.501,3.508,3.497,3.5,1636.63
1783013400000,3.5,3.502,3.483,3.488,1170.38
1783014300000,3.488,3.509,3.488,3.502,1468.38
1783015200000,3.502,3.514,3.502,3.514,2811.11
1783016100000,3.514,3.533,3.505,3.533,5362.16
1783017000000,3.533,3.533,3.519,3.519,882.53
1783017900000,3.519,3.521,3.506,3.506,315.63
1783018800000,3.506,3.513,3.503,3.505,3080.8
1783019700000,3.505,3.509,3.499,3.506,2446.25
1783020600000,3.506,3.508,3.497,3.498,1349.96
1783021500000,3.498,3.524,3.498,3.504,9265.68
1783022400000,3.504,3.507,3.496,3.5,1318.98
1783023300000,3.5,3.513,3.483,3.483,467.27
1783024200000,3.483,3.492,3.483,3.491,100.03
1783025100000,3.491,3.499,3.489,3.495,2527.84
1783026000000,3.495,3.495,3.48,3.493,730.81
1783026900000,3.493,3.495,3.474,3.474,204.74
1783027800000,3.474,3.474,3.422,3.434,28856.38
1783028700000,3.434,3.447,3.426,3.447,5505.91
1783029600000,3.447,3.448,3.422,3.425,2711.06
1783030500000,3.425,3.434,3.413,3.42,10072.84
1783031400000,3.42,3.423,3.414,3.419,1115.29
1783032300000,3.419,3.456,3.418,3.456,459.6
1783033200000,3.456,3.456,3.439,3.443,556.69
1783034100000,3.443,3.45,3.435,3.447,3037.91
1783035000000,3.447,3.457,3.447,3.455,1664.26
1783035900000,3.455,3.466,3.452,3.457,112.95
1783036800000,3.457,3.468,3.442,3.46,5276.02
1783037700000,3.46,3.462,3.45,3.452,1417.1
1783038600000,3.452,3.452,3.424,3.435,1015.13
1783039500000,3.435,3.435,3.423,3.423,3047.94
1783040400000,3.423,3.467,3.423,3.466,2101.79
1783041300000,3.466,3.48,3.455,3.456,3363.61
1783042200000,3.456,3.501,3.449,3.5,14733.47
1783043100000,3.5,3.5,3.482,3.482,7912.89
1783044000000,3.482,3.497,3.467,3.481,4739.94
1783044900000,3.481,3.493,3.481,3.487,1401.44
1783045800000,3.487,3.502,3.47,3.491,5503.17
1783046700000,3.491,3.508,3.481,3.491,15757.08
1783047600000,3.491,3.498,3.458,3.464,11419.83
1783048500000,3.464,3.481,3.458,3.472,4350.15
1783049400000,3.472,3.48,3.463,3.468,5167.92
1783050300000,3.468,3.473,3.454,3.458,7350.24
1783051200000,3.458,3.466,3.449,3.466,4369.49
1783052100000,3.466,3.484,3.46,3.484,1958.97
1783053000000,3.484,3.491,3.48,3.491,7433.65
1783053900000,3.491,3.494,3.477,3.479,2068.43
1783054800000,3.479,3.479,3.461,3.461,1210.9
1783055700000,3.461,3.474,3.461,3.467,2804.77
1783056600000,3.467,3.485,3.467,3.468,2942.29
1783057500000,3.468,3.477,3.466,3.47,956.32
1783058400000,3.47,3.489,3.466,3.485,2836.24
1783059300000,3.485,3.485,3.475,3.485,6201.09
1783060200000,3.485,3.485,3.463,3.477,5523.4
1783061100000,3.477,3.494,3.477,3.494,5255.86
1783062000000,3.494,3.519,3.489,3.505,15973.57
1783062900000,3.505,3.505,3.473,3.474,9861.94
1783063800000,3.474,3.49,3.471,3.49,5918.6
1783064700000,3.49,3.499,3.487,3.489,14187.73
1783065600000,3.489,3.502,3.487,3.497,2055.56
1783066500000,3.497,3.517,3.497,3.506,6460.31
1783067400000,3.506,3.523,3.499,3.518,16756.57
1783068300000,3.518,3.524,3.483,3.483,10011.86
1783069200000,3.483,3.487,3.471,3.485,11658.18
1783070100000,3.485,3.495,3.485,3.495,1538.57
1783071000000,3.495,3.528,3.485,3.516,20380.66
1783071900000,3.516,3.529,3.506,3.509,5650.51
1783072800000,3.509,3.521,3.504,3.512,5956.77
1783073700000,3.512,3.513,3.498,3.509,3050.04
1783074600000,3.509,3.524,3.5,3.521,2678.7
1783075500000,3.521,3.545,3.52,3.537,5018.78
1783076400000,3.537,3.548,3.534,3.545,3695.67
1783077300000,3.545,3.548,3.525,3.536,5366.95
1783078200000,3.536,3.537,3.528,3.533,3883.62
1783079100000,3.533,3.571,3.533,3.546,4910.79
1783080000000,3.546,3.562,3.546,3.562,1500.63
1783080900000,3.562,3.562,3.531,3.535,7595.41
1783081800000,3.535,3.549,3.518,3.528,20620.72
1783082700000,3.528,3.541,3.519,3.54,10861.5
1783083600000,3.54,3.543,3.506,3.511,19415.77
1783084500000,3.511,3.53,3.51,3.526,1334.9
1783085400000,3.526,3.533,3.518,3.527,8345.2
1783086300000,3.527,3.541,3.526,3.53,2225.79
1783087200000,3.53,3.534,3.478,3.483,7718.78
1783088100000,3.483,3.497,3.475,3.493,4418.18
1783089000000,3.493,3.509,3.493,3.509,8707.07
1783089900000,3.509,3.516,3.498,3.507,5977.24
1783090800000,3.507,3.527,3.507,3.522,3560.47
1783091700000,3.522,3.524,3.496,3.502,16527.34
1783092600000,3.502,3.514,3.501,3.509,3597.76
1783093500000,3.509,3.517,3.499,3.504,1676.24
1783094400000,3.504,3.513,3.489,3.492,3981.91
1783095300000,3.492,3.508,3.491,3.502,1579.31
1783096200000,3.502,3.531,3.498,3.531,6176.98
1783097100000,3.531,3.561,3.523,3.556,16911.9
1783098000000,3.556,3.564,3.548,3.551,6520.27
1783098900000,3.551,3.551,3.529,3.533,5154.99
1783099800000,3.533,3.549,3.533,3.538,1534.79
1783100700000,3.538,3.538,3.53,3.538,2381.85
1783101600000,3.538,3.538,3.513,3.514,3434.82
1783102500000,3.514,3.515,3.509,3.511,1230.58
1783103400000,3.511,3.519,3.511,3.519,673.53
1783104300000,3.519,3.519,3.509,3.509,1823.28
1783105200000,3.509,3.528,3.509,3.52,2481.92
1783106100000,3.52,3.537,3.52,3.534,5965.18
1783107000000,3.534,3.536,3.519,3.519,1901.77
1783107900000,3.519,3.519,3.511,3.511,543.44
1783108800000,3.511,3.531,3.51,3.531,5844.34
1783109700000,3.531,3.549,3.526,3.542,9599.32
1783110600000,3.542,3.555,3.535,3.535,5277.51
1783111500000,3.535,3.546,3.527,3.527,4103.15
1783112400000,3.527,3.559,3.527,3.543,3674.6
1783113300000,3.543,3.548,3.539,3.547,143.8
1783114200000,3.547,3.552,3.54,3.552,1610.4
1783115100000,3.552,3.593,3.552,3.574,22734.97
1783116000000,3.574,3.577,3.566,3.574,1592.41
1783116900000,3.574,3.589,3.573,3.587,1428.27
1783117800000,3.587,3.587,3.564,3.576,1257.06
1783118700000,3.576,3.576,3.576,3.576,0
1783119600000,3.576,3.582,3.556,3.566,1317.99
1783120500000,3.566,3.577,3.547,3.547,1486.51
1783121400000,3.547,3.558,3.547,3.552,509.14
1783122300000,3.552,3.563,3.549,3.561,1871.66
1783123200000,3.561,3.566,3.543,3.558,4553.07
1783124100000,3.558,3.57,3.551,3.567,4527.29
1783125000000,3.567,3.572,3.526,3.526,3726.99
1783125900000,3.526,3.539,3.526,3.539,1167.81
1783126800000,3.539,3.539,3.499,3.506,27028.8
1783127700000,3.506,3.525,3.495,3.499,5453.65
1783128600000,3.499,3.5,3.477,3.486,15522.6
1783129500000,3.486,3.496,3.479,3.495,4004.21
1783130400000,3.495,3.507,3.488,3.507,5417.65
1783131300000,3.507,3.514,3.5,3.514,2700.09
1783132200000,3.514,3.519,3.495,3.519,3390.63
1783133100000,3.519,3.525,3.51,3.514,1551.25
1783134000000,3.514,3.525,3.507,3.523,3071.7
1783134900000,3.523,3.523,3.511,3.511,904.73
1783135800000,3.511,3.514,3.509,3.511,1841.58
1783136700000,3.511,3.511,3.495,3.498,939.19
1783137600000,3.498,3.505,3.498,3.505,1075.05
1783138500000,3.505,3.505,3.488,3.494,3234.08
1783139400000,3.494,3.504,3.49,3.502,560.82
1783140300000,3.502,3.509,3.502,3.508,3092.95
1783141200000,3.508,3.508,3.475,3.479,7737.2
1783142100000,3.479,3.481,3.468,3.472,6895.01
1783143000000,3.472,3.484,3.466,3.484,1819.72
1783143900000,3.484,3.49,3.477,3.477,5627.19
1783144800000,3.477,3.488,3.472,3.485,1998.12
1783145700000,3.485,3.485,3.445,3.459,27510.05
1783146600000,3.459,3.471,3.456,3.463,8095.13
1783147500000,3.463,3.479,3.46,3.476,3574.81
1783148400000,3.476,3.48,3.464,3.47,3445.15
1783149300000,3.47,3.47,3.456,3.465,5495.55
1783150200000,3.465,3.47,3.457,3.46,15537.66
1783151100000,3.46,3.471,3.458,3.459,10881.4
1783152000000,3.459,3.472,3.454,3.466,3154.96
1783152900000,3.466,3.475,3.459,3.474,3054.37
1783153800000,3.474,3.489,3.474,3.482,1574.31
1783154700000,3.482,3.486,3.468,3.468,1460.94
1783155600000,3.468,3.481,3.464,3.478,1674.05
1783156500000,3.478,3.495,3.472,3.472,1304.09
1783157400000,3.472,3.472,3.435,3.447,2478.04
1783158300000,3.447,3.455,3.445,3.447,3062.03
1783159200000,3.447,3.454,3.436,3.45,11952.53
1783160100000,3.45,3.462,3.45,3.456,4866.51
1783161000000,3.456,3.469,3.455,3.465,4144.18
1783161900000,3.465,3.465,3.461,3.463,1222.9
1783162800000,3.463,3.466,3.459,3.459,2525.06
1783163700000,3.459,3.461,3.453,3.458,2138.97
1783164600000,3.458,3.483,3.458,3.483,2406.75
1783165500000,3.483,3.49,3.472,3.485,10066.01
1783166400000,3.485,3.497,3.482,3.489,8742.43
1783167300000,3.489,3.504,3.487,3.499,4573.07
1783168200000,3.499,3.499,3.477,3.478,2102.51
1783169100000,3.478,3.479,3.467,3.475,5024.8
1783170000000,3.475,3.48,3.461,3.468,4104.77
1783170900000,3.468,3.485,3.468,3.483,616.44
1783171800000,3.483,3.483,3.455,3.456,2257.36
1783172700000,3.456,3.456,3.433,3.449,17671.52
1783173600000,3.449,3.455,3.438,3.448,2865.29
1783174500000,3.448,3.45,3.432,3.442,3454.54
1783175400000,3.442,3.446,3.437,3.444,3434.87
1783176300000,3.444,3.449,3.439,3.449,640.61
1783177200000,3.449,3.507,3.445,3.488,55923.21
1783178100000,3.488,3.488,3.467,3.476,17014.53
1783179000000,3.476,3.488,3.475,3.485,3368.94
1783179900000,3.485,3.492,3.483,3.49,7722.96
1783180800000,3.49,3.498,3.477,3.484,3190.39
1783181700000,3.484,3.491,3.471,3.488,1720.5
1783182600000,3.488,3.492,3.477,3.478,156.38
1783183500000,3.478,3.478,3.465,3.468,4414.14
1783184400000,3.468,3.487,3.456,3.487,6342.96
1783185300000,3.487,3.487,3.476,3.485,1933.29
1783186200000,3.485,3.498,3.485,3.492,3150.08
1783187100000,3.492,3.502,3.479,3.5,5146.91
1783188000000,3.5,3.5,3.481,3.481,1385.94
1783188900000,3.481,3.481,3.468,3.476,2263.66
1783189800000,3.476,3.48,3.472,3.477,9401.84
1783190700000,3.477,3.484,3.477,3.478,1640.6
1783191600000,3.478,3.484,3.455,3.456,1278.39
1783192500000,3.456,3.461,3.45,3.461,9883.45
1783193400000,3.461,3.463,3.454,3.463,2677.25
1783194300000,3.463,3.463,3.452,3.453,640.94
1783195200000,3.453,3.466,3.445,3.466,3105.69
1783196100000,3.466,3.471,3.458,3.462,9004.14
1783197000000,3.462,3.482,3.462,3.473,781.76
1783197900000,3.473,3.487,3.473,3.484,2106.48
1783198800000,3.484,3.518,3.484,3.514,5995.35
1783199700000,3.514,3.523,3.512,3.512,2299.88
1783200600000,3.512,3.512,3.497,3.498,1606.33
1783201500000,3.498,3.498,3.487,3.496,49.69
1783202400000,3.496,3.498,3.477,3.478,1217.51
1783203300000,3.478,3.482,3.464,3.469,1391.71
1783204200000,3.469,3.474,3.46,3.461,3313.64
1783205100000,3.461,3.461,3.457,3.461,1326.06
1783206000000,3.461,3.463,3.437,3.437,12397.98
1783206900000,3.437,3.443,3.408,3.439,20531.81
1783207800000,3.439,3.449,3.436,3.449,3510.03
1783208700000,3.449,3.45,3.443,3.444,662.39
1783209600000,3.444,3.453,3.428,3.453,237.13
1783210500000,3.453,3.453,3.429,3.434,3118.42
1783211400000,3.434,3.453,3.428,3.447,3318.14
1783212300000,3.447,3.448,3.419,3.428,8578.78
1783213200000,3.428,3.44,3.424,3.424,7268.47
1783214100000,3.424,3.424,3.311,3.361,110400.7
1783215000000,3.361,3.361,3.337,3.358,8617.91
1783215900000,3.358,3.363,3.348,3.357,2156.85
1783216800000,3.357,3.357,3.33,3.333,6175.57
1783217700000,3.333,3.366,3.328,3.362,3988.62
1783218600000,3.362,3.37,3.34,3.341,3511.45
1783219500000,3.341,3.345,3.326,3.334,4431.47
1783220400000,3.334,3.352,3.334,3.352,2010.3
1783221300000,3.352,3.352,3.295,3.305,32385.83
1783222200000,3.305,3.329,3.302,3.323,5052.96
1783223100000,3.323,3.326,3.321,3.322,3567.85
1783224000000,3.322,3.322,3.312,3.317,4301.92
1783224900000,3.317,3.332,3.317,3.327,2496.08
1783225800000,3.327,3.333,3.325,3.332,1592.84
1783226700000,3.332,3.332,3.314,3.321,1255.93
1783227600000,3.321,3.324,3.311,3.324,899.86
1783228500000,3.324,3.336,3.324,3.328,3234.1
1783229400000,3.328,3.332,3.305,3.308,5112.28
1783230300000,3.308,3.325,3.306,3.32,715.76
1783231200000,3.32,3.32,3.303,3.314,2814.23
1783232100000,3.314,3.319,3.304,3.309,2032.19
1783233000000,3.309,3.314,3.307,3.313,720.61
1783233900000,3.313,3.326,3.313,3.316,4486.9
1783234800000,3.316,3.316,3.307,3.308,2834.41
1783235700000,3.308,3.313,3.297,3.304,5942.18
1783236600000,3.304,3.327,3.304,3.327,3424.64
1783237500000,3.327,3.333,3.322,3.329,768.77
1783238400000,3.329,3.33,3.32,3.321,4318.91
1783239300000,3.321,3.324,3.318,3.324,56.26
1783240200000,3.324,3.328,3.323,3.323,926.41
1783241100000,3.323,3.323,3.311,3.312,645.47
1783242000000,3.312,3.318,3.309,3.318,433.1
1783242900000,3.318,3.325,3.302,3.303,17689.65
1783243800000,3.303,3.315,3.234,3.259,71665.15
1783244700000,3.259,3.263,3.251,3.261,8177.98
1783245600000,3.261,3.269,3.228,3.264,12734.18
1783246500000,3.264,3.273,3.26,3.271,467.13
1783247400000,3.271,3.279,3.271,3.278,1726.19
1783248300000,3.278,3.278,3.271,3.273,210.76
1783249200000,3.273,3.28,3.271,3.271,956.49
1783250100000,3.271,3.276,3.264,3.27,354.53
1783251000000,3.27,3.278,3.264,3.278,1880.62
1783251900000,3.278,3.283,3.274,3.277,1145.18
1783252800000,3.277,3.277,3.249,3.258,12612.31
1783253700000,3.258,3.276,3.258,3.275,4010.59
1783254600000,3.275,3.284,3.269,3.269,11312.9
1783255500000,3.269,3.283,3.269,3.278,14064.83
1783256400000,3.278,3.289,3.272,3.28,5894.6
1783257300000,3.28,3.28,3.267,3.272,5646.42
1783258200000,3.272,3.299,3.27,3.295,13467.19
1783259100000,3.295,3.299,3.291,3.295,3515.22
1783260000000,3.295,3.302,3.278,3.278,4602.56
1783260900000,3.278,3.285,3.275,3.276,374.72
1783261800000,3.276,3.277,3.266,3.277,380.82
1783262700000,3.277,3.285,3.269,3.285,331.34
1783263600000,3.285,3.302,3.283,3.283,5619.57
1783264500000,3.283,3.289,3.275,3.283,894.02
1783265400000,3.283,3.287,3.264,3.264,1649.68
1783266300000,3.264,3.266,3.259,3.265,762.56
1783267200000,3.265,3.276,3.26,3.263,1200.81
1783268100000,3.263,3.263,3.247,3.255,4331.75
1783269000000,3.255,3.264,3.243,3.245,6160.68
1783269900000,3.245,3.247,3.239,3.241,864.34
1783270800000,3.241,3.248,3.235,3.242,707.49
1783271700000,3.242,3.254,3.23,3.243,5809.74
1783272600000,3.243,3.243,3.243,3.243,61.6
1783273500000,3.243,3.245,3.241,3.242,423.83
1783274400000,3.242,3.249,3.242,3.248,253.3
1783275300000,3.248,3.264,3.248,3.264,2036.52
1783276200000,3.264,3.265,3.254,3.254,7062.27
1783277100000,3.254,3.254,3.238,3.24,1458.13
1783278000000,3.24,3.251,3.226,3.251,3346.58
1783278900000,3.251,3.251,3.234,3.237,2037.95
1783279800000,3.237,3.244,3.203,3.23,13229.82
1783280700000,3.23,3.236,3.218,3.22,1710.89
1783281600000,3.22,3.234,3.22,3.223,6637.34
1783282500000,3.223,3.225,3.216,3.218,1421.26
1783283400000,3.218,3.23,3.217,3.224,2076.54
1783284300000,3.224,3.236,3.224,3.232,5890.09
1783285200000,3.232,3.239,3.217,3.239,7019.8
1783286100000,3.239,3.253,3.239,3.249,433.17
1783287000000,3.249,3.264,3.249,3.26,2534.13
1783287900000,3.26,3.284,3.26,3.27,2538.95
1783288800000,3.27,3.276,3.265,3.268,4892.21
1783289700000,3.268,3.291,3.265,3.288,10348.17
1783290600000,3.288,3.3,3.261,3.261,17616.54
1783291500000,3.261,3.268,3.261,3.263,1103.99
1783292400000,3.263,3.294,3.263,3.293,5093.67
1783293300000,3.293,3.295,3.278,3.278,589.37
1783294200000,3.278,3.286,3.274,3.275,3290.4
1783295100000,3.275,3.275,3.264,3.273,12450.83
1783296000000,3.273,3.281,3.261,3.276,12070.77
1783296900000,3.276,3.285,3.236,3.244,8177.38
1783297800000,3.244,3.257,3.226,3.25,6094.35
1783298700000,3.25,3.257,3.248,3.257,11154.14
1783299600000,3.257,3.303,3.255,3.281,18100.79
1783300500000,3.281,3.287,3.262,3.266,1046.02
1783301400000,3.266,3.281,3.266,3.275,321.7
1783302300000,3.275,3.275,3.262,3.269,1704.64
1783303200000,3.269,3.272,3.243,3.248,4450.92
1783304100000,3.248,3.278,3.248,3.272,3986.03
1783305000000,3.272,3.272,3.252,3.252,4552.57
1783305900000,3.252,3.266,3.252,3.266,1759.66
1783306800000,3.266,3.269,3.251,3.255,1925.89
1783307700000,3.255,3.255,3.233,3.236,5333.35
1783308600000,3.236,3.244,3.226,3.236,2290.74
1783309500000,3.236,3.251,3.236,3.251,1410.01
1783310400000,3.251,3.253,3.241,3.246,1573
1783311300000,3.246,3.246,3.227,3.231,1099.77
1783312200000,3.231,3.261,3.229,3.26,671.01
1783313100000,3.26,3.26,3.258,3.258,138.52
1783314000000,3.258,3.258,3.232,3.244,829.81
1783314900000,3.244,3.252,3.229,3.229,18451.3
1783315800000,3.229,3.235,3.218,3.232,13454.88
1783316700000,3.232,3.243,3.221,3.241,8309.61
1783317600000,3.241,3.241,3.226,3.235,1228.28
1783318500000,3.235,3.252,3.23,3.252,2786.74
1783319400000,3.252,3.288,3.251,3.278,16393.05
1783320300000,3.278,3.278,3.252,3.252,367.48
1783321200000,3.252,3.277,3.252,3.277,2224.77
1783322100000,3.277,3.353,3.277,3.333,42289.22
1783323000000,3.333,3.336,3.301,3.312,8220.94
1783323900000,3.312,3.329,3.308,3.317,1811.26
1783324800000,3.317,3.327,3.312,3.313,2746.14
1783325700000,3.313,3.313,3.283,3.29,6151.36
1783326600000,3.29,3.29,3.257,3.272,5512.39
1783327500000,3.272,3.272,3.258,3.26,2510.85
1783328400000,3.26,3.26,3.25,3.257,1247.36
1783329300000,3.257,3.259,3.25,3.257,3738.9
1783330200000,3.257,3.265,3.245,3.265,2666.45
1783331100000,3.265,3.267,3.25,3.26,1890.9
1783332000000,3.26,3.285,3.259,3.279,9265.61
1783332900000,3.279,3.286,3.274,3.283,1109.02
1783333800000,3.283,3.312,3.277,3.307,5254.54
1783334700000,3.307,3.323,3.307,3.318,4319.59
1783335600000,3.318,3.318,3.288,3.289,1488.91
1783336500000,3.289,3.307,3.289,3.307,3966.02
1783337400000,3.307,3.348,3.305,3.329,14492
1783338300000,3.329,3.337,3.294,3.295,11675.52
1783339200000,3.295,3.298,3.209,3.279,36547.16
1783340100000,3.279,3.292,3.27,3.29,2100.66
1783341000000,3.29,3.304,3.275,3.278,1419.85
1783341900000,3.278,3.32,3.274,3.306,13881.62
1783342800000,3.306,3.318,3.29,3.305,22045.45
1783343700000,3.305,3.305,3.213,3.244,38699.88
1783344600000,3.244,3.273,3.233,3.269,8291.63
1783345500000,3.269,3.321,3.264,3.296,29240.27
1783346400000,3.296,3.327,3.295,3.316,14417.43
1783347300000,3.316,3.377,3.305,3.368,50356.63
1783348200000,3.368,3.392,3.364,3.374,30130.48
1783349100000,3.374,3.39,3.344,3.377,33373.1
1783350000000,3.377,3.396,3.367,3.376,9450.42
1783350900000,3.376,3.387,3.358,3.368,3063.85
1783351800000,3.368,3.4,3.356,3.387,8266.44
1783352700000,3.387,3.401,3.374,3.393,10921.34
1783353600000,3.393,3.415,3.39,3.415,5224.25
1783354500000,3.415,3.448,3.393,3.397,11577.72
1783355400000,3.397,3.428,3.397,3.427,4943.14
1783356300000,3.427,3.443,3.395,3.399,7353.13
1783357200000,3.399,3.405,3.389,3.402,5042.74
1783358100000,3.402,3.408,3.393,3.407,1143.44
1783359000000,3.407,3.407,3.385,3.385,2395.74
1783359900000,3.385,3.39,3.375,3.376,1772.66
1783360800000,3.376,3.395,3.376,3.383,5074.81
1783361700000,3.383,3.398,3.383,3.388,2186.39
1783362600000,3.388,3.393,3.376,3.393,1159.97
1783363500000,3.393,3.401,3.393,3.398,2885.13
1783364400000,3.398,3.414,3.398,3.411,951.63
1783365300000,3.411,3.433,3.409,3.43,2224.22
1783366200000,3.43,3.44,3.429,3.44,875.4
1783367100000,3.44,3.492,3.434,3.471,9793.4
1783368000000,3.471,3.478,3.448,3.478,3245.78
1783368900000,3.478,3.484,3.441,3.446,1164.81
1783369800000,3.446,3.472,3.435,3.47,4372.49
1783370700000,3.47,3.489,3.47,3.479,2726.5
1783371600000,3.479,3.545,3.476,3.534,21391.35
1783372500000,3.534,3.534,3.501,3.507,3799.63
1783373400000,3.507,3.519,3.484,3.484,6319.46
1783374300000,3.484,3.521,3.484,3.516,2400.46
1783375200000,3.516,3.516,3.487,3.495,8085.99
1783376100000,3.495,3.535,3.495,3.51,28771.15
1783377000000,3.51,3.525,3.501,3.522,12755.79
1783377900000,3.522,3.527,3.497,3.501,3623.95
1783378800000,3.501,3.515,3.489,3.497,9548.71
1783379700000,3.497,3.511,3.483,3.508,5565.08
1783380600000,3.508,3.522,3.489,3.493,4570.87
1783381500000,3.493,3.511,3.493,3.509,3983.49
1783382400000,3.509,3.534,3.5,3.534,7756.18
1783383300000,3.534,3.545,3.499,3.516,10794.16
1783384200000,3.516,3.538,3.473,3.481,4434.1
1783385100000,3.481,3.524,3.475,3.524,26495.32
1783386000000,3.524,3.558,3.491,3.537,19252.81
1783386900000,3.537,3.544,3.477,3.48,8377.7
1783387800000,3.48,3.496,3.465,3.496,7725.36
1783388700000,3.496,3.506,3.495,3.498,6771.28
1783389600000,3.498,3.503,3.485,3.486,3871.69
1783390500000,3.486,3.492,3.469,3.489,8341.24
1783391400000,3.489,3.498,3.474,3.494,11429.74
1783392300000,3.494,3.5,3.466,3.475,3151.48
1783393200000,3.475,3.478,3.447,3.456,7194.5
1783394100000,3.456,3.456,3.423,3.441,6757.06
1783395000000,3.441,3.471,3.44,3.468,4667.62
1783395900000,3.468,3.483,3.457,3.473,15280.61
1783396800000,3.473,3.496,3.472,3.496,2984.08
1783397700000,3.496,3.5,3.481,3.493,1410.77
1783398600000,3.493,3.527,3.489,3.524,4456.78
1783399500000,3.524,3.564,3.524,3.563,14427.27
1783400400000,3.563,3.577,3.508,3.508,14378.49
1783401300000,3.508,3.517,3.482,3.493,7529.29
1783402200000,3.493,3.58,3.493,3.569,11061.85
1783403100000,3.569,3.591,3.541,3.564,9789.31
1783404000000,3.564,3.589,3.53,3.53,8540.53
1783404900000,3.53,3.569,3.529,3.554,23386.27
1783405800000,3.554,3.609,3.548,3.584,21434.41
1783406700000,3.584,3.601,3.566,3.568,34847.14
1783407600000,3.568,3.581,3.55,3.581,14378.55
1783408500000,3.581,3.59,3.546,3.566,3274.81
1783409400000,3.566,3.566,3.5,3.5,39035.1
1783410300000,3.5,3.509,3.474,3.482,13064.7
1783411200000,3.482,3.483,3.461,3.475,6710.78
1783412100000,3.475,3.518,3.472,3.487,17276.88
1783413000000,3.487,3.487,3.442,3.455,7303.94
1783413900000,3.455,3.461,3.443,3.457,914.38
1783414800000,3.457,3.474,3.443,3.466,9061.62
1783415700000,3.466,3.48,3.459,3.461,12479.92
1783416600000,3.461,3.487,3.459,3.486,15612.22
1783417500000,3.486,3.506,3.484,3.5,10056.03
1783418400000,3.5,3.505,3.475,3.481,8072.77
1783419300000,3.481,3.513,3.481,3.51,7269.94
1783420200000,3.51,3.523,3.509,3.509,2662.86
1783421100000,3.509,3.525,3.5,3.519,7583.02
1783422000000,3.519,3.544,3.51,3.539,7169.31
1783422900000,3.539,3.544,3.524,3.54,3931.86
1783423800000,3.54,3.54,3.503,3.514,1987.79
1783424700000,3.514,3.537,3.507,3.537,1604.81
1783425600000,3.537,3.552,3.527,3.538,13085.96
1783426500000,3.538,3.554,3.513,3.539,26742.85
1783427400000,3.539,3.539,3.511,3.524,7251.19
1783428300000,3.524,3.54,3.52,3.52,11777.13
1783429200000,3.52,3.52,3.482,3.506,21837.4
1783430100000,3.506,3.508,3.474,3.482,11333.56
1783431000000,3.482,3.491,3.464,3.49,18701.79
1783431900000,3.49,3.51,3.476,3.486,10514.15
1783432800000,3.486,3.488,3.464,3.464,7547.84
1783433700000,3.464,3.479,3.451,3.477,2854.64
1783434600000,3.477,3.497,3.439,3.478,10124.77
1783435500000,3.478,3.536,3.478,3.536,8809.55
1783436400000,3.536,3.536,3.508,3.524,6061.32
1783437300000,3.524,3.524,3.486,3.49,11485.14
1783438200000,3.49,3.527,3.49,3.527,13509.82
1783439100000,3.527,3.533,3.517,3.527,6217.6
1783440000000,3.527,3.541,3.501,3.518,10265.37
1783440900000,3.518,3.552,3.518,3.55,33935.46
1783441800000,3.55,3.563,3.53,3.536,7642.53
1783442700000,3.536,3.545,3.532,3.541,2266.3
1783443600000,3.541,3.543,3.528,3.543,5187.35
1783444500000,3.543,3.543,3.522,3.522,9463.83
1783445400000,3.522,3.522,3.494,3.498,5851.4
1783446300000,3.498,3.523,3.474,3.502,9400.8
1783447200000,3.502,3.512,3.494,3.494,11736.21
1783448100000,3.494,3.497,3.486,3.489,5597.87
1783449000000,3.489,3.52,3.48,3.514,4251.44
1783449900000,3.514,3.516,3.493,3.504,7722.35
1783450800000,3.504,3.507,3.456,3.459,8913.29
1783451700000,3.459,3.466,3.444,3.463,12328.32
1783452600000,3.463,3.503,3.463,3.476,31806.72
1783453500000,3.476,3.491,3.476,3.491,10269.23
1783454400000,3.491,3.502,3.491,3.498,4028.27
1783455300000,3.498,3.498,3.49,3.498,10456.91
1783456200000,3.498,3.504,3.496,3.504,2646.19
1783457100000,3.504,3.516,3.5,3.516,6864.02
1783458000000,3.516,3.55,3.51,3.542,4800.68
1783458900000,3.542,3.542,3.509,3.519,1965.7
1783459800000,3.519,3.535,3.499,3.513,3741.99
1783460700000,3.513,3.534,3.513,3.523,995.05
1783461600000,3.523,3.523,3.477,3.491,16442.31
1783462500000,3.491,3.503,3.481,3.481,8097.06
1783463400000,3.481,3.508,3.476,3.507,3253.62
1783464300000,3.507,3.517,3.498,3.516,21509.87
1783465200000,3.516,3.527,3.499,3.503,7379.66
1783466100000,3.503,3.505,3.495,3.5,1105.19
1783467000000,3.5,3.5,3.47,3.47,1575.16
1783467900000,3.47,3.474,3.457,3.457,3465.07
1783468800000,3.457,3.495,3.455,3.494,9102.84
1783469700000,3.494,3.494,3.479,3.491,13557.33
1783470600000,3.491,3.509,3.491,3.493,2920.58
1783471500000,3.493,3.493,3.466,3.466,1564.39
1783472400000,3.466,3.468,3.451,3.464,2903.28
1783473300000,3.464,3.473,3.461,3.464,11880.53
1783474200000,3.464,3.464,3.364,3.399,85854.36
1783475100000,3.399,3.408,3.387,3.393,4987.61
1783476000000,3.393,3.398,3.374,3.384,12717.59
1783476900000,3.384,3.411,3.384,3.401,6487.96
1783477800000,3.401,3.435,3.358,3.435,15237.74
1783478700000,3.435,3.45,3.422,3.422,6200.35
1783479600000,3.422,3.486,3.422,3.466,6063.53
1783480500000,3.466,3.466,3.44,3.451,1340.97
1783481400000,3.451,3.452,3.428,3.428,16.48
1783482300000,3.428,3.428,3.39,3.39,15913.8
1783483200000,3.39,3.391,3.377,3.389,8691.01
1783484100000,3.389,3.419,3.384,3.412,6114.02
1783485000000,3.412,3.416,3.393,3.403,6328.55
1783485900000,3.403,3.423,3.389,3.423,15717.1
1783486800000,3.423,3.428,3.406,3.422,12319.41
1783487700000,3.422,3.43,3.419,3.421,1549.16
1783488600000,3.421,3.44,3.421,3.437,937.46
1783489500000,3.437,3.437,3.406,3.416,2481.38
1783490400000,3.416,3.446,3.394,3.394,53385.74
1783491300000,3.394,3.409,3.389,3.396,16997.58
1783492200000,3.396,3.399,3.383,3.39,13460.78
1783493100000,3.39,3.425,3.389,3.41,14553.23
1783494000000,3.41,3.446,3.393,3.412,44348.65
1783494900000,3.412,3.44,3.41,3.434,23835.18
1783495800000,3.434,3.438,3.397,3.406,15944.44
1783496700000,3.406,3.406,3.374,3.39,21027.22
1783497600000,3.39,3.416,3.383,3.415,11726.08
1783498500000,3.415,3.415,3.341,3.353,71571.82
1783499400000,3.353,3.373,3.324,3.361,79640.06
1783500300000,3.361,3.394,3.361,3.368,20958.71
1783501200000,3.368,3.384,3.362,3.368,14437.97
1783502100000,3.368,3.384,3.365,3.383,17189.86
1783503000000,3.383,3.43,3.382,3.411,20594.03
1783503900000,3.411,3.416,3.397,3.413,12057.13
1783504800000,3.413,3.427,3.395,3.4,24087.54
1783505700000,3.4,3.415,3.395,3.411,19231.2
1783506600000,3.411,3.439,3.407,3.434,19537.26
1783507500000,3.434,3.451,3.412,3.414,13302.49
1783508400000,3.414,3.43,3.403,3.425,31240.17
1783509300000,3.425,3.442,3.413,3.43,30990.62
1783510200000,3.43,3.478,3.426,3.464,56054.04
1783511100000,3.464,3.469,3.447,3.461,24329.93
1783512000000,3.461,3.488,3.461,3.487,14969.81
1783512900000,3.487,3.488,3.45,3.472,25727.13
1783513800000,3.472,3.476,3.444,3.459,9711.63
1783514700000,3.459,3.479,3.444,3.455,21848.32
1783515600000,3.455,3.47,3.437,3.46,20131.2
1783516500000,3.46,3.48,3.45,3.466,16603.17
1783517400000,3.466,3.511,3.463,3.498,33483.75
1783518300000,3.498,3.504,3.472,3.498,14909.67
1783519200000,3.498,3.548,3.498,3.518,51434.87
1783520100000,3.518,3.518,3.496,3.497,10664.94
1783521000000,3.497,3.497,3.475,3.475,11858.94
1783521900000,3.475,3.475,3.448,3.47,17184.44
1783522800000,3.47,3.482,3.432,3.434,7739.78
1783523700000,3.434,3.459,3.429,3.447,3084.31
1783524600000,3.447,3.506,3.433,3.506,6818.92
1783525500000,3.506,3.531,3.474,3.485,11934.66
1783526400000,3.485,3.508,3.485,3.492,7455.57
1783527300000,3.492,3.499,3.477,3.494,13878.78
1783528200000,3.494,3.494,3.47,3.486,19607.92
1783529100000,3.486,3.49,3.464,3.47,16070.06
1783530000000,3.47,3.48,3.461,3.475,3667.33
1783530900000,3.475,3.493,3.475,3.493,2612.12
1783531800000,3.493,3.506,3.487,3.487,1499.08
1783532700000,3.487,3.509,3.48,3.501,3453.44
1783533600000,3.501,3.511,3.495,3.508,2868.36
1783534500000,3.508,3.526,3.506,3.522,8678.31
1783535400000,3.522,3.522,3.506,3.511,3155.43
1783536300000,3.511,3.525,3.508,3.511,4203.8
1783537200000,3.511,3.531,3.511,3.515,1292.72
1783538100000,3.515,3.535,3.511,3.532,3313.88
1783539000000,3.532,3.537,3.518,3.518,3379.67
1783539900000,3.518,3.518,3.497,3.497,9541.13
1783540800000,3.497,3.508,3.492,3.497,10144.25
1783541700000,3.497,3.498,3.494,3.496,46.02
1783542600000,3.496,3.497,3.477,3.477,4740.88
1783543500000,3.477,3.477,3.458,3.461,5724.6
1783544400000,3.461,3.461,3.433,3.443,1809.48
1783545300000,3.443,3.456,3.443,3.454,2487.35
1783546200000,3.454,3.454,3.44,3.451,4880.96
1783547100000,3.451,3.459,3.446,3.459,985.01
1783548000000,3.459,3.468,3.434,3.435,2305.68
1783548900000,3.435,3.437,3.398,3.417,32593.67
1783549800000,3.417,3.429,3.404,3.411,14041.25
1783550700000,3.411,3.428,3.408,3.416,11948.79
1783551600000,3.416,3.426,3.415,3.424,11102.07
1783552500000,3.424,3.437,3.416,3.434,14618.67
1783553400000,3.434,3.437,3.414,3.422,25068.49
1783554300000,3.422,3.432,3.396,3.432,44873.38
1783555200000,3.432,3.457,3.426,3.436,61294.41
1783556100000,3.436,3.441,3.425,3.432,15460.3
1783557000000,3.432,3.455,3.427,3.443,10405.95
1783557900000,3.443,3.45,3.431,3.437,14110.41
1783558800000,3.437,3.476,3.43,3.451,26655.84
1783559700000,3.451,3.472,3.446,3.466,4283.37
1783560600000,3.466,3.483,3.454,3.47,17085.44
1783561500000,3.47,3.47,3.448,3.45,8958.26
1783562400000,3.45,3.471,3.441,3.471,7860.14
1783563300000,3.471,3.495,3.471,3.488,4352.97
1783564200000,3.488,3.488,3.467,3.467,38.83
1783565100000,3.467,3.473,3.46,3.473,123.17
1783566000000,3.473,3.479,3.455,3.458,420.08
1783566900000,3.458,3.465,3.445,3.465,1563.14
1783567800000,3.465,3.465,3.465,3.465,0
1783568700000,3.465,3.465,3.446,3.446,353.1
1783569600000,3.446,3.45,3.436,3.446,975.3
1783570500000,3.446,3.449,3.444,3.444,237.31
1783571400000,3.444,3.459,3.441,3.441,2851.11
1783572300000,3.441,3.454,3.424,3.45,3142.19
1783573200000,3.45,3.474,3.442,3.474,14170.5
1783574100000,3.474,3.486,3.463,3.486,2867.75
1783575000000,3.486,3.497,3.475,3.477,4312.1
1783575900000,3.477,3.511,3.476,3.489,22991.38
1783576800000,3.489,3.518,3.484,3.515,7987.15
1783577700000,3.515,3.525,3.503,3.503,7720.37
1783578600000,3.503,3.515,3.503,3.515,1326.29
1783579500000,3.515,3.524,3.508,3.516,3560.29
1783580400000,3.516,3.523,3.494,3.501,7117.51
1783581300000,3.501,3.502,3.493,3.5,4890.48
1783582200000,3.5,3.503,3.486,3.492,1500.9
1783583100000,3.492,3.521,3.492,3.509,165.73
1783584000000,3.509,3.512,3.501,3.508,3694.74
1783584900000,3.508,3.519,3.504,3.517,696.78
1783585800000,3.517,3.547,3.493,3.505,18823.26
1783586700000,3.505,3.511,3.499,3.501,1570.38
1783587600000,3.501,3.501,3.471,3.486,19762.18
1783588500000,3.486,3.495,3.484,3.494,2285.81
1783589400000,3.494,3.517,3.491,3.5,26787.46
1783590300000,3.5,3.526,3.5,3.521,7925.44
1783591200000,3.521,3.523,3.511,3.514,8502.52
1783592100000,3.514,3.523,3.511,3.511,2583.57
1783593000000,3.511,3.511,3.494,3.495,1130.56
1783593900000,3.495,3.495,3.481,3.485,9922.98
1783594800000,3.485,3.505,3.476,3.486,17521.56
1783595700000,3.486,3.489,3.479,3.484,803.47
1783596600000,3.484,3.49,3.481,3.487,10044.87
1783597500000,3.487,3.505,3.486,3.501,8229.96
1783598400000,3.501,3.508,3.492,3.498,5155.87
1783599300000,3.498,3.507,3.493,3.501,29400.95
1783600200000,3.501,3.519,3.486,3.486,12372.94
1783601100000,3.486,3.49,3.475,3.48,2442.02
1783602000000,3.48,3.485,3.477,3.481,2431.58
1783602900000,3.481,3.481,3.465,3.469,4813.01
1783603800000,3.469,3.485,3.458,3.485,5838.78
1783604700000,3.485,3.508,3.485,3.508,3505.4
1783605600000,3.508,3.519,3.506,3.51,3430.75
1783606500000,3.51,3.51,3.491,3.497,5217.76
1783607400000,3.497,3.498,3.49,3.497,1129.55
1783608300000,3.497,3.497,3.481,3.486,1509.73
1783609200000,3.486,3.51,3.469,3.497,31498.65
1783610100000,3.497,3.497,3.474,3.474,6904.69
1783611000000,3.474,3.482,3.467,3.47,2961.5
1783611900000,3.47,3.473,3.458,3.462,2288.18
1783612800000,3.462,3.465,3.434,3.445,17583.38
1783613700000,3.445,3.447,3.431,3.438,8829.63
1783614600000,3.438,3.455,3.438,3.451,2506.51
1783615500000,3.451,3.461,3.444,3.461,108.43
1783616400000,3.461,3.466,3.453,3.466,457.85
1783617300000,3.466,3.466,3.457,3.461,228.88
1783618200000,3.461,3.482,3.459,3.482,7481.7
1783619100000,3.482,3.485,3.469,3.469,3556.79
1783620000000,3.469,3.488,3.468,3.488,6036.78
1783620900000,3.488,3.488,3.476,3.478,3238.39
1783621800000,3.478,3.489,3.478,3.489,769.03
1783622700000,3.489,3.491,3.47,3.481,13899.95
1783623600000,3.481,3.482,3.474,3.475,4282.76
1783624500000,3.475,3.476,3.464,3.475,3346.15
1783625400000,3.475,3.485,3.475,3.481,232.61
1783626300000,3.481,3.488,3.474,3.488,1257.85
1783627200000,3.488,3.499,3.486,3.497,632.91
1783628100000,3.497,3.511,3.495,3.505,2625.75
1783629000000,3.505,3.514,3.505,3.507,3797.46
1783629900000,3.507,3.515,3.504,3.515,262.04
1783630800000,3.515,3.524,3.512,3.512,5208.57
1783631700000,3.512,3.514,3.506,3.511,1945.19
1783632600000,3.511,3.53,3.511,3.52,9456.71
1783633500000,3.52,3.53,3.51,3.511,1308.89
1783634400000,3.511,3.521,3.505,3.506,738.39
1783635300000,3.506,3.513,3.502,3.502,4036.7
1783636200000,3.502,3.547,3.497,3.53,13127.23
1783637100000,3.53,3.534,3.515,3.515,1761.37
1783638000000,3.515,3.62,3.514,3.601,69527.55
1783638900000,3.601,3.665,3.596,3.652,39831.07
1783639800000,3.652,3.666,3.622,3.626,11280.63
1783640700000,3.626,3.626,3.603,3.613,8818.96
1783641600000,3.613,3.645,3.606,3.638,5310.07
1783642500000,3.638,3.683,3.633,3.651,6696.32
1783643400000,3.651,3.692,3.622,3.677,25114.25
1783644300000,3.677,3.693,3.659,3.691,11248.27
1783645200000,3.691,3.696,3.644,3.646,10383.2
1783646100000,3.646,3.655,3.638,3.655,1260.86
1783647000000,3.655,3.668,3.644,3.656,8267.9
1783647900000,3.656,3.735,3.656,3.734,23477.3
1783648800000,3.734,3.743,3.682,3.709,11116.47
1783649700000,3.709,3.709,3.662,3.67,4470.22
1783650600000,3.67,3.681,3.654,3.654,16981.64
1783651500000,3.654,3.654,3.618,3.633,23195.79
1783652400000,3.633,3.642,3.623,3.629,6206.23
1783653300000,3.629,3.647,3.629,3.634,2547.46
1783654200000,3.634,3.637,3.617,3.637,4116.73
1783655100000,3.637,3.637,3.585,3.593,10005.3
1783656000000,3.593,3.609,3.586,3.589,7489.56
1783656900000,3.589,3.593,3.569,3.572,9427.24
1783657800000,3.572,3.59,3.572,3.59,4324.9
1783658700000,3.59,3.625,3.59,3.623,7993.12
1783659600000,3.623,3.623,3.603,3.608,5210.32
1783660500000,3.608,3.608,3.588,3.591,2482.6
1783661400000,3.591,3.6,3.59,3.595,2811.1
1783662300000,3.595,3.605,3.593,3.605,4434.47
1783663200000,3.605,3.614,3.574,3.589,4364.73
1783664100000,3.589,3.589,3.563,3.576,8174.84
1783665000000,3.576,3.609,3.573,3.592,13755
1783665900000,3.592,3.617,3.588,3.616,9400.5
1783666800000,3.616,3.645,3.616,3.643,2695.06
1783667700000,3.643,3.643,3.615,3.615,2644.68
1783668600000,3.615,3.623,3.592,3.597,9838.85
1783669500000,3.597,3.597,3.585,3.587,664.53
1783670400000,3.587,3.634,3.587,3.62,8558.25
1783671300000,3.62,3.632,3.611,3.624,8429.1
1783672200000,3.624,3.641,3.622,3.638,7512.48
1783673100000,3.638,3.64,3.628,3.629,1668.67
1783674000000,3.629,3.629,3.584,3.594,17423.61
1783674900000,3.594,3.606,3.594,3.606,3082.53
1783675800000,3.606,3.619,3.6,3.6,4441.26
1783676700000,3.6,3.618,3.6,3.607,9770.13
1783677600000,3.607,3.607,3.595,3.603,1779.01
1783678500000,3.603,3.621,3.596,3.621,14661.79
1783679400000,3.621,3.631,3.618,3.627,3118.23
1783680300000,3.627,3.628,3.607,3.613,4688.11
1783681200000,3.613,3.614,3.61,3.614,398.49
1783682100000,3.614,3.614,3.592,3.603,1506.98
1783683000000,3.603,3.603,3.588,3.6,1970.57
1783683900000,3.6,3.61,3.599,3.599,13463
1783684800000,3.599,3.615,3.592,3.605,12584.13
1783685700000,3.605,3.605,3.591,3.597,1509.07
1783686600000,3.597,3.597,3.591,3.594,11801.1
1783687500000,3.594,3.611,3.594,3.608,1155.69
1783688400000,3.608,3.614,3.599,3.606,1510.07
1783689300000,3.606,3.606,3.569,3.573,15048.06
1783690200000,3.573,3.598,3.569,3.585,12818.65
1783691100000,3.585,3.606,3.585,3.606,12570.69
1783692000000,3.606,3.606,3.576,3.578,5981.72
1783692900000,3.578,3.584,3.535,3.574,18860.04
1783693800000,3.574,3.593,3.54,3.564,16593.68
1783694700000,3.564,3.569,3.558,3.568,1703.78
1783695600000,3.568,3.586,3.562,3.581,3154.14
1783696500000,3.581,3.613,3.581,3.613,9905.8
1783697400000,3.613,3.613,3.591,3.594,4288.53
1783698300000,3.594,3.611,3.587,3.61,9940.63
1783699200000,3.61,3.621,3.599,3.605,17242.78
1783700100000,3.605,3.613,3.579,3.579,12812.17
1783701000000,3.579,3.584,3.56,3.58,10466.01
1783701900000,3.58,3.609,3.575,3.58,29357.03
1783702800000,3.58,3.584,3.563,3.563,5386.48
1783703700000,3.563,3.571,3.549,3.568,14122.14
1783704600000,3.568,3.569,3.558,3.563,1743.19
1783705500000,3.563,3.566,3.529,3.532,10777.9
1783706400000,3.532,3.556,3.53,3.53,14459.46
1783707300000,3.53,3.535,3.514,3.522,8442.81
1783708200000,3.522,3.53,3.507,3.514,24893.48
1783709100000,3.514,3.514,3.45,3.483,36019.06
1783710000000,3.483,3.504,3.478,3.494,16589.26
1783710900000,3.494,3.494,3.479,3.487,3288.15
1783711800000,3.487,3.503,3.487,3.503,4738.66
1783712700000,3.503,3.512,3.501,3.506,3031.77
1783713600000,3.506,3.521,3.501,3.512,3727.83
1783714500000,3.512,3.515,3.502,3.513,718.05
1783715400000,3.513,3.515,3.507,3.511,307.77
1783716300000,3.511,3.511,3.486,3.493,11440.99
1783717200000,3.493,3.504,3.49,3.503,7414.96
1783718100000,3.503,3.507,3.503,3.507,5.36
1783719000000,3.507,3.522,3.507,3.513,3043.15
1783719900000,3.513,3.517,3.513,3.517,550.06
1783720800000,3.517,3.52,3.507,3.517,527.58
1783721700000,3.517,3.517,3.492,3.492,288.95
1783722600000,3.492,3.495,3.492,3.493,1399.44
1783723500000,3.493,3.501,3.493,3.493,2476.89
1783724400000,3.493,3.497,3.46,3.466,12187.16
1783725300000,3.466,3.479,3.466,3.479,2167.45
1783726200000,3.479,3.484,3.474,3.484,2444.91
1783727100000,3.484,3.484,3.478,3.48,568.19
1783728000000,3.48,3.482,3.474,3.476,1789.75
1783728900000,3.476,3.479,3.452,3.462,2399.12
1783729800000,3.462,3.475,3.452,3.475,2196.31
1783730700000,3.475,3.494,3.475,3.494,1084.8
1783731600000,3.494,3.499,3.49,3.493,591.76
1783732500000,3.493,3.519,3.492,3.519,3248.67
1783733400000,3.519,3.538,3.519,3.519,3494.91
1783734300000,3.519,3.543,3.517,3.536,4518.45
1783735200000,3.536,3.544,3.53,3.536,1704.53
1783736100000,3.536,3.536,3.525,3.533,715.06
1783737000000,3.533,3.57,3.531,3.566,2492.74
1783737900000,3.566,3.569,3.549,3.549,162.59
1783738800000,3.549,3.549,3.537,3.537,1442.94
1783739700000,3.537,3.54,3.518,3.522,3370.41
1783740600000,3.522,3.558,3.522,3.557,3701.72
1783741500000,3.557,3.557,3.548,3.549,100.7
1783742400000,3.549,3.549,3.521,3.535,3331.21
1783743300000,3.535,3.535,3.515,3.52,793
1783744200000,3.52,3.521,3.499,3.499,1293.04
1783745100000,3.499,3.503,3.484,3.486,7299.57
1783746000000,3.486,3.49,3.486,3.489,700.5
1783746900000,3.489,3.5,3.486,3.5,592.69
1783747800000,3.5,3.507,3.5,3.506,174.14
1783748700000,3.506,3.506,3.497,3.499,424.63
1783749600000,3.499,3.5,3.481,3.5,4281.02
1783750500000,3.5,3.509,3.493,3.498,4651.86
1783751400000,3.498,3.518,3.498,3.51,1086.79
1783752300000,3.51,3.51,3.498,3.498,1399.64
1783753200000,3.498,3.507,3.496,3.5,1404.72
1783754100000,3.5,3.508,3.498,3.504,174.56
1783755000000,3.504,3.508,3.499,3.501,168.74
1783755900000,3.501,3.516,3.501,3.512,2372.19
1783756800000,3.512,3.512,3.502,3.503,3812.25
1783757700000,3.503,3.506,3.497,3.502,517.7
1783758600000,3.502,3.508,3.502,3.507,1137.77
1783759500000,3.507,3.507,3.499,3.504,319.83
1783760400000,3.504,3.516,3.504,3.514,321.97
1783761300000,3.514,3.515,3.504,3.504,2480.56
1783762200000,3.504,3.513,3.502,3.509,595.83
1783763100000,3.509,3.509,3.489,3.489,1472.57
1783764000000,3.489,3.489,3.478,3.485,847.93
1783764900000,3.485,3.488,3.48,3.488,1084.11
1783765800000,3.488,3.498,3.488,3.489,852.12
1783766700000,3.489,3.491,3.48,3.48,526.49
1783767600000,3.48,3.491,3.477,3.491,686.18
1783768500000,3.491,3.493,3.49,3.49,1170.16
1783769400000,3.49,3.505,3.49,3.502,1671.12
1783770300000,3.502,3.514,3.502,3.514,1224.6
1783771200000,3.514,3.519,3.51,3.519,293.72
1783772100000,3.519,3.522,3.502,3.504,2298.07
1783773000000,3.504,3.505,3.495,3.496,1136.58
1783773900000,3.496,3.506,3.496,3.506,649.46
1783774800000,3.506,3.506,3.494,3.499,1462.8
1783775700000,3.499,3.507,3.496,3.507,2923.44
1783776600000,3.507,3.514,3.5,3.505,2399.47
1783777500000,3.505,3.51,3.505,3.505,5810.18
1783778400000,3.505,3.516,3.505,3.514,912.51
1783779300000,3.514,3.531,3.514,3.526,3581.98
1783780200000,3.526,3.537,3.521,3.523,5518.76
1783781100000,3.523,3.523,3.515,3.519,721.11
1783782000000,3.519,3.553,3.519,3.542,5429.48
1783782900000,3.542,3.542,3.529,3.531,2549.74
1783783800000,3.531,3.531,3.477,3.499,14045.85
1783784700000,3.499,3.504,3.493,3.504,1859.44
1783785600000,3.504,3.505,3.483,3.486,5372.64
1783786500000,3.486,3.492,3.473,3.48,6880.81
1783787400000,3.48,3.495,3.48,3.482,1133.37
1783788300000,3.482,3.497,3.482,3.493,824.6
1783789200000,3.493,3.522,3.488,3.505,10549.29
1783790100000,3.505,3.505,3.492,3.5,5011.8
1783791000000,3.5,3.506,3.498,3.504,1528.89
1783791900000,3.504,3.504,3.496,3.496,349.37
1783792800000,3.496,3.511,3.493,3.511,1063.86
1783793700000,3.511,3.522,3.506,3.522,6926.89
1783794600000,3.522,3.529,3.519,3.522,326.22
1783795500000,3.522,3.522,3.508,3.513,4293.66
1783796400000,3.513,3.522,3.509,3.522,1201.24
1783797300000,3.522,3.526,3.515,3.515,568.77
1783798200000,3.515,3.527,3.51,3.527,933.55
1783799100000,3.527,3.528,3.517,3.523,81.91
1783800000000,3.523,3.534,3.523,3.534,682.51
1783800900000,3.534,3.534,3.526,3.53,1981.6
1783801800000,3.53,3.53,3.517,3.517,187.66
1783802700000,3.517,3.519,3.515,3.517,156.9
1783803600000,3.517,3.529,3.517,3.529,2279.5
1783804500000,3.529,3.529,3.515,3.516,26.12
1783805400000,3.516,3.516,3.504,3.508,889.9
1783806300000,3.508,3.511,3.501,3.501,11.89
1783807200000,3.501,3.503,3.494,3.497,1439.74
1783808100000,3.497,3.498,3.475,3.485,2937.69
1783809000000,3.485,3.485,3.473,3.475,342.38
1783809900000,3.475,3.478,3.468,3.472,9126.9
1783810800000,3.472,3.476,3.402,3.414,49410.32
1783811700000,3.414,3.418,3.368,3.387,22209.47
1783812600000,3.387,3.389,3.37,3.385,11847.53
1783813500000,3.385,3.394,3.35,3.358,8231.17
1783814400000,3.358,3.359,3.308,3.332,30057.65
1783815300000,3.332,3.346,3.33,3.342,1075.41
1783816200000,3.342,3.351,3.324,3.338,9743.11
1783817100000,3.338,3.346,3.334,3.338,1196.87
1783818000000,3.338,3.38,3.338,3.379,649.61
1783818900000,3.379,3.387,3.37,3.387,4591.94
1783819800000,3.387,3.4,3.385,3.395,12425.66
1783820700000,3.395,3.397,3.382,3.382,2527.79
1783821600000,3.382,3.397,3.379,3.397,3312.03
1783822500000,3.397,3.41,3.397,3.41,666.64
1783823400000,3.41,3.41,3.396,3.405,445.02
1783824300000,3.405,3.405,3.398,3.399,729.29
1783825200000,3.399,3.401,3.389,3.401,6097.18
1783826100000,3.401,3.401,3.392,3.392,691.77
1783827000000,3.392,3.399,3.391,3.391,875.94
1783827900000,3.391,3.395,3.391,3.391,282.77
1783828800000,3.391,3.402,3.387,3.397,550.11
1783829700000,3.397,3.418,3.395,3.418,1816.29
1783830600000,3.418,3.42,3.404,3.407,1096.27
1783831500000,3.407,3.408,3.396,3.397,237.63
1783832400000,3.397,3.403,3.389,3.396,5920.06
1783833300000,3.396,3.396,3.38,3.38,4160.76
1783834200000,3.38,3.387,3.38,3.387,72.96
1783835100000,3.387,3.394,3.387,3.394,51.29
1783836000000,3.394,3.394,3.367,3.382,1934.95
1783836900000,3.382,3.382,3.381,3.381,7.17
1783837800000,3.381,3.381,3.366,3.378,547.04
1783838700000,3.378,3.381,3.374,3.381,263.36
1783839600000,3.381,3.381,3.373,3.373,154.06
1783840500000,3.373,3.387,3.372,3.38,728.49
1783841400000,3.38,3.38,3.372,3.376,800.09
1783842300000,3.376,3.376,3.37,3.37,248.74
1783843200000,3.37,3.391,3.37,3.391,2382.55
1783844100000,3.391,3.401,3.391,3.398,872.08
1783845000000,3.398,3.398,3.394,3.394,762.27
1783845900000,3.394,3.394,3.389,3.389,873.5
1783846800000,3.389,3.397,3.389,3.39,1267.44
1783847700000,3.39,3.39,3.384,3.385,725.21
1783848600000,3.385,3.407,3.385,3.4,3247.35
1783849500000,3.4,3.406,3.4,3.406,1233.15
1783850400000,3.406,3.425,3.406,3.422,753.2
1783851300000,3.422,3.422,3.416,3.418,65.69
1783852200000,3.418,3.467,3.418,3.441,9059.63
1783853100000,3.441,3.447,3.432,3.444,748.99
1783854000000,3.444,3.444,3.428,3.428,369.97
1783854900000,3.428,3.451,3.428,3.451,616.2
1783855800000,3.451,3.469,3.448,3.463,1598.66
1783856700000,3.463,3.474,3.462,3.465,607.79
1783857600000,3.465,3.494,3.464,3.483,6671.1
1783858500000,3.483,3.501,3.478,3.501,234.21
1783859400000,3.501,3.525,3.497,3.515,8964.12
1783860300000,3.515,3.551,3.515,3.521,23607.34
1783861200000,3.521,3.53,3.503,3.517,7027.83
1783862100000,3.517,3.534,3.517,3.531,3513.9
1783863000000,3.531,3.539,3.529,3.532,8837.79
1783863900000,3.532,3.532,3.512,3.523,1127.54
1783864800000,3.523,3.523,3.506,3.512,1465.33
1783865700000,3.512,3.521,3.512,3.52,804.63
1783866600000,3.52,3.525,3.52,3.525,126.5
1783867500000,3.525,3.573,3.525,3.564,4048.62
1783868400000,3.564,3.57,3.541,3.552,901.59
1783869300000,3.552,3.598,3.552,3.594,5445.13
1783870200000,3.594,3.594,3.573,3.576,2533.81
1783871100000,3.576,3.576,3.559,3.567,850.49
1783872000000,3.567,3.592,3.557,3.562,5064.08
1783872900000,3.562,3.563,3.547,3.547,710.45
1783873800000,3.547,3.559,3.541,3.559,894.22
1783874700000,3.559,3.559,3.547,3.547,674.38
1783875600000,3.547,3.548,3.528,3.532,3091.01
1783876500000,3.532,3.533,3.532,3.533,144.81
1783877400000,3.533,3.538,3.527,3.529,1346.27
1783878300000,3.529,3.529,3.498,3.513,5114.07
1783879200000,3.513,3.529,3.513,3.523,696.23
1783880100000,3.523,3.538,3.523,3.535,161.78
1783881000000,3.535,3.535,3.521,3.525,1175.83
1783881900000,3.525,3.532,3.525,3.532,95.75
1783882800000,3.532,3.532,3.518,3.526,519.32
1783883700000,3.526,3.526,3.519,3.519,50.43
1783884600000,3.519,3.519,3.512,3.513,74.09
1783885500000,3.513,3.549,3.512,3.532,6497.86
1783886400000,3.532,3.532,3.507,3.507,7533.63
1783887300000,3.507,3.509,3.503,3.504,350.77
1783888200000,3.504,3.509,3.502,3.506,543.18
1783889100000,3.506,3.514,3.506,3.513,318.13
1783890000000,3.513,3.515,3.506,3.509,1159.62
1783890900000,3.509,3.529,3.509,3.51,456.38
1783891800000,3.51,3.51,3.502,3.51,1006.54
1783892700000,3.51,3.519,3.509,3.519,372.64
1783893600000,3.519,3.519,3.487,3.514,15155.36
1783894500000,3.514,3.517,3.504,3.512,1227.33
1783895400000,3.512,3.518,3.495,3.51,1733.95
1783896300000,3.51,3.53,3.503,3.517,2402.61
1783897200000,3.517,3.531,3.512,3.531,1657.74
1783898100000,3.531,3.535,3.526,3.526,138.45
1783899000000,3.526,3.528,3.508,3.508,229.13
1783899900000,3.508,3.525,3.508,3.525,51.77
1783900800000,3.525,3.571,3.518,3.56,5685.82
1783901700000,3.56,3.597,3.554,3.593,963.16
1783902600000,3.593,3.593,3.519,3.53,8781.42
1783903500000,3.53,3.542,3.525,3.54,1017.03
1783904400000,3.54,3.54,3.507,3.525,5071.62
1783905300000,3.525,3.543,3.511,3.513,2956.33
1783906200000,3.513,3.52,3.512,3.517,1496.69
1783907100000,3.517,3.517,3.502,3.504,2686.37
1783908000000,3.504,3.528,3.488,3.515,6284.12
1783908900000,3.515,3.54,3.515,3.539,713.36
1783909800000,3.539,3.55,3.526,3.55,4170.98
1783910700000,3.55,3.55,3.507,3.51,189.43
1783911600000,3.51,3.518,3.466,3.483,15322.15
1783912500000,3.483,3.497,3.471,3.486,3315.27
1783913400000,3.486,3.512,3.464,3.493,6120.62
1783914300000,3.493,3.51,3.484,3.501,4682.81
1783915200000,3.501,3.501,3.491,3.491,3128.67
1783916100000,3.491,3.5,3.479,3.492,2666.95
1783917000000,3.492,3.497,3.484,3.487,256.85
1783917900000,3.487,3.501,3.487,3.499,377.66
1783918800000,3.499,3.53,3.478,3.524,5588.47
1783919700000,3.524,3.537,3.497,3.511,7375.97
1783920600000,3.511,3.535,3.495,3.53,3241.05
1783921500000,3.53,3.538,3.52,3.538,965.6
1783922400000,3.538,3.543,3.515,3.525,3178.08
1783923300000,3.525,3.538,3.525,3.534,183.91
1783924200000,3.534,3.548,3.524,3.532,3249.29
1783925100000,3.532,3.536,3.511,3.511,2278.79
1783926000000,3.511,3.52,3.498,3.498,16699.83
1783926900000,3.498,3.5,3.478,3.499,5636.19
1783927800000,3.499,3.506,3.496,3.502,1200.33
1783928700000,3.502,3.503,3.498,3.499,397.88
1783929600000,3.499,3.503,3.495,3.497,1181.32
1783930500000,3.497,3.497,3.477,3.479,3105.29
1783931400000,3.479,3.481,3.456,3.462,9828.21
1783932300000,3.462,3.486,3.462,3.474,11173.66
1783933200000,3.474,3.481,3.469,3.469,533.5
1783934100000,3.469,3.485,3.469,3.484,864.62
1783935000000,3.484,3.499,3.481,3.49,4842.41
1783935900000,3.49,3.494,3.487,3.494,8466.39
1783936800000,3.494,3.494,3.485,3.485,1332.84
1783937700000,3.485,3.492,3.478,3.478,4183.46
1783938600000,3.478,3.495,3.478,3.487,337.78
1783939500000,3.487,3.511,3.483,3.503,10408.07
1783940400000,3.503,3.526,3.503,3.526,3220.26
1783941300000,3.526,3.542,3.523,3.539,6082.92
1783942200000,3.539,3.545,3.529,3.54,2248.39
1783943100000,3.54,3.561,3.527,3.541,5216.09
1783944000000,3.541,3.546,3.527,3.527,3101.31
1783944900000,3.527,3.54,3.516,3.519,2428.48
1783945800000,3.519,3.537,3.505,3.522,9466.38
1783946700000,3.522,3.549,3.522,3.533,9092.78
1783947600000,3.533,3.572,3.53,3.558,8167.75
1783948500000,3.558,3.589,3.551,3.568,5535.27
1783949400000,3.568,3.578,3.526,3.526,5176.72
1783950300000,3.526,3.54,3.517,3.538,2924.98
1783951200000,3.538,3.565,3.529,3.564,4429.66
1783952100000,3.564,3.568,3.519,3.564,6936.82
1783953000000,3.564,3.579,3.561,3.579,1984.19
1783953900000,3.579,3.589,3.566,3.589,2031.33
1783954800000,3.589,3.63,3.577,3.624,6236.71
1783955700000,3.624,3.637,3.592,3.606,27076.57
1783956600000,3.606,3.628,3.603,3.616,2085.6
1783957500000,3.616,3.62,3.6,3.612,5490.86
1783958400000,3.612,3.654,3.611,3.635,9626.28
1783959300000,3.635,3.662,3.619,3.651,16618.95
1783960200000,3.651,3.652,3.567,3.602,18161.01
1783961100000,3.602,3.615,3.553,3.572,5149.47
1783962000000,3.572,3.583,3.572,3.575,1138.47
1783962900000,3.575,3.606,3.57,3.598,1851.3
1783963800000,3.598,3.598,3.523,3.567,15510.41
1783964700000,3.567,3.585,3.546,3.564,6920.29
1783965600000,3.564,3.57,3.533,3.533,1517.45
1783966500000,3.533,3.553,3.522,3.54,6879.22
1783967400000,3.54,3.546,3.523,3.538,1106.11
1783968300000,3.538,3.561,3.531,3.533,805.75
1783969200000,3.533,3.533,3.495,3.504,10638.13
1783970100000,3.504,3.504,3.483,3.496,6718.73
1783971000000,3.496,3.52,3.485,3.49,9866.31
1783971900000,3.49,3.505,3.49,3.505,2054.09
1783972800000,3.505,3.508,3.491,3.496,2826.16
1783973700000,3.496,3.496,3.478,3.492,2296.62
1783974600000,3.492,3.495,3.483,3.49,350.74
1783975500000,3.49,3.499,3.484,3.499,487.55
1783976400000,3.499,3.504,3.471,3.472,2687.29
1783977300000,3.472,3.486,3.468,3.468,1069.28
1783978200000,3.468,3.472,3.407,3.43,29967.44
1783979100000,3.43,3.451,3.43,3.449,4570.41
1783980000000,3.449,3.481,3.449,3.481,1899.61
1783980900000,3.481,3.487,3.466,3.466,4429.11
1783981800000,3.466,3.472,3.46,3.471,887.97
1783982700000,3.471,3.481,3.471,3.478,767.47
1783983600000,3.478,3.478,3.463,3.468,3324.07
1783984500000,3.468,3.493,3.468,3.487,1758
1783985400000,3.487,3.496,3.481,3.491,1664.08
1783986300000,3.491,3.517,3.491,3.511,5412.09
1783987200000,3.511,3.568,3.511,3.565,5321.27
1783988100000,3.565,3.585,3.552,3.585,5054.59
1783989000000,3.585,3.611,3.581,3.592,10718.21
1783989900000,3.592,3.622,3.592,3.616,16374.16
1783990800000,3.616,3.618,3.589,3.617,2070.44
1783991700000,3.617,3.62,3.602,3.606,1975.22
1783992600000,3.606,3.637,3.605,3.624,1390.24
1783993500000,3.624,3.631,3.6,3.6,4729.84
1783994400000,3.6,3.6,3.569,3.58,2620.22
1783995300000,3.58,3.592,3.567,3.592,4697.14
1783996200000,3.592,3.596,3.571,3.573,3867.31
1783997100000,3.573,3.577,3.555,3.556,11452.66
1783998000000,3.556,3.558,3.546,3.546,2760.78
1783998900000,3.546,3.558,3.535,3.551,4794.38
1783999800000,3.551,3.559,3.542,3.555,4289.23
1784000700000,3.555,3.583,3.555,3.569,3362.79
1784001600000,3.569,3.586,3.569,3.586,2306.65
1784002500000,3.586,3.586,3.553,3.558,2443.06
1784003400000,3.558,3.562,3.552,3.554,3644.71
1784004300000,3.554,3.557,3.541,3.542,2579.86
1784005200000,3.542,3.552,3.536,3.552,1757.25
1784006100000,3.552,3.57,3.552,3.553,4514.39
1784007000000,3.553,3.561,3.549,3.552,2306.1
1784007900000,3.552,3.562,3.552,3.552,1201.46
1784008800000,3.552,3.552,3.533,3.533,2517.21
1784009700000,3.533,3.533,3.518,3.524,5111.95
1784010600000,3.524,3.531,3.523,3.523,1679.51
1784011500000,3.523,3.528,3.521,3.526,1510.91
1784012400000,3.526,3.535,3.523,3.532,1754.18
1784013300000,3.532,3.536,3.526,3.533,998.25
1784014200000,3.533,3.535,3.527,3.527,1226.12
1784015100000,3.527,3.533,3.526,3.533,1288.92
1784016000000,3.533,3.539,3.52,3.522,3161.36
1784016900000,3.522,3.524,3.506,3.515,4723.51
1784017800000,3.515,3.52,3.513,3.518,526.54
1784018700000,3.518,3.523,3.512,3.518,5789.89
1784019600000,3.518,3.528,3.515,3.515,2606.75
1784020500000,3.515,3.515,3.505,3.506,5418.14
1784021400000,3.506,3.512,3.496,3.5,4595.1
1784022300000,3.5,3.5,3.488,3.49,1308.71
1784023200000,3.49,3.508,3.483,3.504,6843.58
1784024100000,3.504,3.504,3.494,3.497,4378.09
1784025000000,3.497,3.497,3.492,3.497,1552.43
1784025900000,3.497,3.506,3.494,3.501,4754.83
1784026800000,3.501,3.503,3.501,3.503,664.7
1784027700000,3.503,3.503,3.492,3.499,1016.32
1784028600000,3.499,3.503,3.495,3.503,433.85
1784029500000,3.503,3.503,3.485,3.485,1082.8
1784030400000,3.485,3.489,3.48,3.483,6821.73
1784031300000,3.483,3.502,3.483,3.498,10188.32
1784032200000,3.498,3.547,3.498,3.528,66332.72
1784033100000,3.528,3.556,3.528,3.539,26620.48
1784034000000,3.539,3.539,3.519,3.535,8934.8
1784034900000,3.535,3.581,3.534,3.565,24604.24
1784035800000,3.565,3.581,3.563,3.57,8463.76
1784036700000,3.57,3.572,3.538,3.54,3144.7
1784037600000,3.54,3.56,3.534,3.56,5981.32
1784038500000,3.56,3.583,3.542,3.545,7273.48
1784039400000,3.545,3.556,3.534,3.537,9073.11
1784040300000,3.537,3.549,3.524,3.548,7606.99
1784041200000,3.548,3.548,3.534,3.539,4235.94
1784042100000,3.539,3.56,3.52,3.548,17057.31
1784043000000,3.548,3.571,3.543,3.553,8381.32
1784043900000,3.553,3.583,3.553,3.576,1508.1
1784044800000,3.576,3.579,3.557,3.558,2603.34
1784045700000,3.558,3.564,3.553,3.564,1047.74
1784046600000,3.564,3.573,3.551,3.552,9744.83
1784047500000,3.552,3.552,3.541,3.548,1398.13
1784048400000,3.548,3.548,3.516,3.531,3994.8
1784049300000,3.531,3.541,3.531,3.538,1489.04
1784050200000,3.538,3.548,3.538,3.539,369.5
1784051100000,3.539,3.541,3.533,3.534,307.18
1784052000000,3.534,3.534,3.519,3.519,463.97
1784052900000,3.519,3.53,3.519,3.523,3313.86
1784053800000,3.523,3.523,3.511,3.515,6825.74
1784054700000,3.515,3.524,3.512,3.524,586.95
1784055600000,3.524,3.534,3.521,3.529,1969.53
1784056500000,3.529,3.53,3.511,3.511,1006.03
1784057400000,3.511,3.511,3.488,3.494,17452.89
1784058300000,3.494,3.505,3.494,3.5,2024.91
1784059200000,3.5,3.503,3.486,3.49,2078.39
1784060100000,3.49,3.507,3.49,3.502,951.97
1784061000000,3.502,3.507,3.496,3.5,954
1784061900000,3.5,3.508,3.5,3.507,554.19
1784062800000,3.507,3.51,3.497,3.498,1509.95
1784063700000,3.498,3.511,3.498,3.51,359.37
1784064600000,3.51,3.531,3.509,3.515,14854.57
1784065500000,3.515,3.523,3.505,3.505,872.81
1784066400000,3.505,3.506,3.46,3.471,19591.92
1784067300000,3.471,3.504,3.471,3.494,7747.47
1784068200000,3.494,3.5,3.489,3.494,4309.68
1784069100000,3.494,3.494,3.478,3.478,604.12
1784070000000,3.478,3.492,3.478,3.489,10672.69
1784070900000,3.489,3.489,3.481,3.487,1206.5
1784071800000,3.487,3.487,3.483,3.486,781.84
1784072700000,3.486,3.488,3.484,3.485,880.64
1784073600000,3.485,3.485,3.467,3.475,5532.27
1784074500000,3.475,3.483,3.47,3.474,1236.66
1784075400000,3.474,3.476,3.467,3.476,299.09
1784076300000,3.476,3.495,3.476,3.495,250.3
1784077200000,3.495,3.497,3.477,3.483,5073.39
1784078100000,3.483,3.503,3.482,3.501,2092.04
1784079000000,3.501,3.504,3.499,3.502,106.45
1784079900000,3.502,3.502,3.502,3.502,0
1784080800000,3.502,3.502,3.492,3.492,1578.54
1784081700000,3.492,3.492,3.47,3.47,7718.3
1784082600000,3.47,3.47,3.429,3.457,10701.88
1784083500000,3.457,3.463,3.448,3.448,2453.56
1784084400000,3.448,3.459,3.436,3.455,1835.44
1784085300000,3.455,3.464,3.454,3.462,825.26
1784086200000,3.462,3.463,3.456,3.456,958.21
1784087100000,3.456,3.477,3.456,3.476,709.67
1784088000000,3.476,3.476,3.465,3.465,881.05
1784088900000,3.465,3.465,3.432,3.432,21152.45
1784089800000,3.432,3.444,3.428,3.443,4929
1784090700000,3.443,3.465,3.439,3.444,20402.6
1784091600000,3.444,3.446,3.416,3.42,31479.44
1784092500000,3.42,3.431,3.419,3.428,2374.34
1784093400000,3.428,3.448,3.428,3.444,6898.75
1784094300000,3.444,3.46,3.444,3.46,6884.63
1784095200000,3.46,3.46,3.448,3.453,5285.6
1784096100000,3.453,3.456,3.448,3.455,555.01
1784097000000,3.455,3.466,3.454,3.463,5258
1784097900000,3.463,3.463,3.439,3.439,7330.61
1784098800000,3.439,3.439,3.416,3.429,5816.59
1784099700000,3.429,3.434,3.386,3.402,26560.66
1784100600000,3.402,3.414,3.402,3.411,3248.84
1784101500000,3.411,3.428,3.411,3.421,8711.12
1784102400000,3.421,3.422,3.41,3.414,4045.62
1784103300000,3.414,3.417,3.41,3.417,1861.13
1784104200000,3.417,3.439,3.417,3.423,10480.55
1784105100000,3.423,3.423,3.407,3.411,3262
1784106000000,3.411,3.441,3.411,3.436,16286.21
1784106900000,3.436,3.462,3.436,3.446,9140.92
1784107800000,3.446,3.446,3.435,3.435,698.09
1784108700000,3.435,3.435,3.418,3.418,460.14
1784109600000,3.418,3.44,3.418,3.44,8656.03
1784110500000,3.44,3.44,3.421,3.423,299.86
1784111400000,3.423,3.427,3.416,3.42,6519.99
1784112300000,3.42,3.421,3.415,3.415,5152.01
1784113200000,3.415,3.426,3.415,3.426,465.29
1784114100000,3.426,3.426,3.412,3.413,601.33
1784115000000,3.413,3.436,3.413,3.429,18553.51
1784115900000,3.429,3.429,3.413,3.419,7370.01
1784116800000,3.419,3.437,3.419,3.435,7065.61
1784117700000,3.435,3.441,3.424,3.424,5352.72
1784118600000,3.424,3.457,3.424,3.438,38274.03
1784119500000,3.438,3.475,3.438,3.471,8000.13
1784120400000,3.471,3.508,3.467,3.504,41968.87
1784121300000,3.504,3.544,3.503,3.541,30952.25
1784122200000,3.541,3.556,3.526,3.537,46580.99
1784123100000,3.537,3.545,3.516,3.53,19742.62
1784124000000,3.53,3.546,3.512,3.513,7676.86
1784124900000,3.513,3.55,3.513,3.55,4559.24
1784125800000,3.55,3.55,3.522,3.542,4967.91
1784126700000,3.542,3.566,3.538,3.546,10546.9
1784127600000,3.546,3.555,3.529,3.529,7732.96
1784128500000,3.529,3.552,3.521,3.529,13293.49
1784129400000,3.529,3.529,3.505,3.52,4077.08
1784130300000,3.52,3.526,3.499,3.512,20393.19
1784131200000,3.512,3.512,3.495,3.504,8526
1784132100000,3.504,3.56,3.504,3.537,14216.01
1784133000000,3.537,3.549,3.495,3.499,18487.34
1784133900000,3.499,3.531,3.499,3.516,35283.49
1784134800000,3.516,3.563,3.516,3.545,9916.15
1784135700000,3.545,3.557,3.533,3.55,15703.76
1784136600000,3.55,3.614,3.549,3.612,30426.04
1784137500000,3.612,3.621,3.583,3.607,27134.87
1784138400000,3.607,3.683,3.579,3.676,38898.1
1784139300000,3.676,3.713,3.643,3.704,50482.53
1784140200000,3.704,3.704,3.653,3.683,17960.83
1784141100000,3.683,3.688,3.628,3.629,37241.76
1784142000000,3.629,3.663,3.629,3.65,13301.07
1784142900000,3.65,3.65,3.621,3.635,14600.36
1784143800000,3.635,3.645,3.623,3.636,14133.79
1784144700000,3.636,3.636,3.596,3.61,34663.3
1784145600000,3.61,3.627,3.596,3.597,37475.84
1784146500000,3.597,3.644,3.597,3.631,10618.01
1784147400000,3.631,3.639,3.616,3.639,10229.51
1784148300000,3.639,3.675,3.633,3.661,20607.4
1784149200000,3.661,3.676,3.645,3.657,14323.94
1784150100000,3.657,3.671,3.653,3.67,5489.33
1784151000000,3.67,3.679,3.661,3.675,22065.21
1784151900000,3.675,3.675,3.655,3.67,6608.89
1784152800000,3.67,3.681,3.663,3.671,854.73
1784153700000,3.671,3.682,3.67,3.676,5287.56
1784154600000,3.676,3.679,3.666,3.666,8946.48
1784155500000,3.666,3.691,3.662,3.671,25830.74
1784156400000,3.671,3.708,3.669,3.671,43240.28
1784157300000,3.671,3.671,3.647,3.656,9679.12
1784158200000,3.656,3.674,3.65,3.651,5074
1784159100000,3.651,3.708,3.651,3.694,26551.59
1784160000000,3.694,3.72,3.665,3.685,34717.42
1784160900000,3.685,3.688,3.664,3.678,14258.45
1784161800000,3.678,3.702,3.675,3.692,20751.03
1784162700000,3.692,3.724,3.683,3.701,14551
1784163600000,3.701,3.709,3.65,3.656,15869.41
1784164500000,3.656,3.666,3.642,3.66,17449.76
1784165400000,3.66,3.685,3.657,3.659,18892.34
1784166300000,3.659,3.706,3.649,3.699,16267.88
1784167200000,3.699,3.72,3.696,3.708,11929.23
1784168100000,3.708,3.758,3.698,3.704,28842.79
1784169000000,3.704,3.706,3.687,3.689,7369.65
1784169900000,3.689,3.702,3.672,3.672,12992.76
1784170800000,3.672,3.679,3.667,3.676,999.31
1784171700000,3.676,3.676,3.635,3.643,16214.79
1784172600000,3.643,3.649,3.628,3.643,6862.58
1784173500000,3.643,3.655,3.634,3.653,4887.16
1784174400000,3.653,3.68,3.645,3.68,10316.96
1784175300000,3.68,3.703,3.68,3.693,7147.37
1784176200000,3.693,3.693,3.664,3.68,2755.11
1784177100000,3.68,3.699,3.68,3.692,20248.41
1784178000000,3.692,3.719,3.674,3.674,8132.19
1784178900000,3.674,3.675,3.655,3.664,10378.02
1784179800000,3.664,3.664,3.646,3.657,15797.82
1784180700000,3.657,3.662,3.643,3.643,1388.35
1784181600000,3.643,3.669,3.643,3.656,24660.85
1784182500000,3.656,3.66,3.652,3.654,1205.71
1784183400000,3.654,3.654,3.624,3.636,9694.36
1784184300000,3.636,3.66,3.622,3.631,32398.2
1784185200000,3.631,3.639,3.622,3.626,12432.53
1784186100000,3.626,3.64,3.624,3.627,6199.33
1784187000000,3.627,3.629,3.608,3.621,23570.42
1784187900000,3.621,3.621,3.605,3.612,1659.8
1784188800000,3.612,3.626,3.573,3.575,40218.55
1784189700000,3.575,3.602,3.569,3.596,10125.39
1784190600000,3.596,3.633,3.596,3.621,10117.65
1784191500000,3.621,3.663,3.621,3.663,13480.24
1784192400000,3.663,3.694,3.643,3.681,26699.16
1784193300000,3.681,3.704,3.671,3.69,17625.6
1784194200000,3.69,3.695,3.672,3.687,14873.95
1784195100000,3.687,3.694,3.659,3.659,19490.39
1784196000000,3.659,3.711,3.652,3.709,19415.88
1784196900000,3.709,3.729,3.699,3.727,18109.22
1784197800000,3.727,3.77,3.721,3.743,61610.92
1784198700000,3.743,3.759,3.723,3.736,39352.84
1784199600000,3.736,3.758,3.697,3.731,48144.77
1784200500000,3.731,3.731,3.69,3.703,11475.23
1784201400000,3.703,3.725,3.7,3.707,21094.85
1784202300000,3.707,3.736,3.69,3.726,55111.93
1784203200000,3.726,3.742,3.686,3.691,21860.56
1784204100000,3.691,3.704,3.683,3.699,27844.82
1784205000000,3.699,3.699,3.61,3.625,25335.2
1784205900000,3.625,3.661,3.615,3.661,6136.26
1784206800000,3.661,3.665,3.65,3.665,8614.69
1784207700000,3.665,3.68,3.651,3.668,9005.34
1784208600000,3.668,3.678,3.659,3.666,13884.62
1784209500000,3.666,3.679,3.66,3.676,7273.27
1784210400000,3.676,3.684,3.67,3.678,3892.48
1784211300000,3.678,3.686,3.656,3.669,6839.63
1784212200000,3.669,3.679,3.66,3.677,4508.34
1784213100000,3.677,3.697,3.657,3.67,36500.64
1784214000000,3.67,3.679,3.623,3.628,30710.77
1784214900000,3.628,3.663,3.617,3.657,20461.32
1784215800000,3.657,3.666,3.634,3.634,6982.01
1784216700000,3.634,3.634,3.606,3.606,7384.47
1784217600000,3.606,3.62,3.595,3.618,12684.48
1784218500000,3.618,3.644,3.617,3.64,18202.44
1784219400000,3.64,3.648,3.609,3.627,13559.4
1784220300000,3.627,3.647,3.627,3.632,3895.52
1784221200000,3.632,3.648,3.621,3.621,1312.95
1784222100000,3.621,3.636,3.609,3.635,7986.22
1784223000000,3.635,3.638,3.631,3.634,5330.15
1784223900000,3.634,3.635,3.587,3.608,11319.51
1784224800000,3.608,3.619,3.608,3.616,1253.6
1784225700000,3.616,3.624,3.603,3.61,1489.48
1784226600000,3.61,3.611,3.596,3.6,1884.75
1784227500000,3.6,3.603,3.591,3.593,445.69
1784228400000,3.593,3.628,3.588,3.588,26999.95
1784229300000,3.588,3.606,3.584,3.606,576.71
1784230200000,3.606,3.61,3.602,3.61,2954.06
1784231100000,3.61,3.617,3.604,3.616,4146.15
1784232000000,3.616,3.616,3.602,3.607,2180.23
1784232900000,3.607,3.62,3.597,3.619,388.27
1784233800000,3.619,3.675,3.619,3.673,12917.33
1784234700000,3.673,3.675,3.654,3.657,3504.43
1784235600000,3.657,3.717,3.657,3.714,24107.74
1784236500000,3.714,3.716,3.688,3.688,3486.08
1784237400000,3.688,3.702,3.676,3.683,16162.21
1784238300000,3.683,3.69,3.671,3.671,2229.84
1784239200000,3.671,3.676,3.653,3.653,1601.13
1784240100000,3.653,3.654,3.623,3.623,4521.97
1784241000000,3.623,3.635,3.614,3.62,1831.5
1784241900000,3.62,3.62,3.602,3.605,7446.3
1784242800000,3.605,3.612,3.581,3.597,24725.29
1784243700000,3.597,3.599,3.517,3.528,47922.85
1784244600000,3.528,3.53,3.509,3.524,9553.52
1784245500000,3.524,3.524,3.494,3.502,5784.17
1784246400000,3.502,3.509,3.466,3.501,39221.02
1784247300000,3.501,3.535,3.501,3.526,16946.2
1784248200000,3.526,3.541,3.508,3.541,9705.09
1784249100000,3.541,3.555,3.536,3.55,2322.27
1784250000000,3.55,3.577,3.548,3.577,8738.79
1784250900000,3.577,3.59,3.575,3.585,4462.28
1784251800000,3.585,3.591,3.547,3.547,13402.68
1784252700000,3.547,3.569,3.546,3.569,7130.61
1784253600000,3.569,3.604,3.569,3.58,3958.58
1784254500000,3.58,3.593,3.56,3.574,18320.22
1784255400000,3.574,3.574,3.553,3.566,12044.29
1784256300000,3.566,3.568,3.546,3.553,3048.01
1784257200000,3.553,3.586,3.547,3.573,4568.4
1784258100000,3.573,3.627,3.573,3.618,9576.9
1784259000000,3.618,3.631,3.607,3.623,7853.51
1784259900000,3.623,3.628,3.611,3.619,3567.76
1784260800000,3.619,3.643,3.606,3.625,16175.14
1784261700000,3.625,3.633,3.603,3.611,10645.68
1784262600000,3.611,3.616,3.593,3.609,22153.74
1784263500000,3.609,3.683,3.609,3.654,34211.92
1784264400000,3.654,3.656,3.641,3.646,10861.79
1784265300000,3.646,3.646,3.626,3.626,6444.49
1784266200000,3.626,3.635,3.609,3.629,14003.47
1784267100000,3.629,3.629,3.587,3.6,29804.52
1784268000000,3.6,3.603,3.579,3.591,9034.04
1784268900000,3.591,3.648,3.589,3.62,19604.67
1784269800000,3.62,3.625,3.574,3.582,5067.05
1784270700000,3.582,3.585,3.563,3.565,7803.5
1784271600000,3.565,3.577,3.554,3.557,5185.74
1784272500000,3.557,3.557,3.509,3.535,25379.76
1784273400000,3.535,3.535,3.506,3.521,5727.43
1784274300000,3.521,3.525,3.516,3.518,3568.87
1784275200000,3.518,3.536,3.517,3.532,11248.98
1784276100000,3.532,3.551,3.518,3.549,14391.54
1784277000000,3.549,3.576,3.541,3.563,20418.45
1784277900000,3.563,3.582,3.562,3.578,13984.75
1784278800000,3.578,3.613,3.575,3.603,11893.79
1784279700000,3.603,3.635,3.584,3.633,12710.6
1784280600000,3.633,3.638,3.614,3.633,13876.06
1784281500000,3.633,3.654,3.628,3.647,10728.77
1784282400000,3.647,3.677,3.64,3.653,21507.5
1784283300000,3.653,3.68,3.652,3.672,5278.79
1784284200000,3.672,3.685,3.648,3.649,15847.12
1784285100000,3.649,3.653,3.639,3.645,8479.57
1784286000000,3.645,3.656,3.63,3.637,29358.25
1784286900000,3.637,3.679,3.637,3.664,6312.82
1784287800000,3.664,3.675,3.648,3.673,11716.1
1784288700000,3.673,3.687,3.651,3.651,10057.61
1784289600000,3.651,3.664,3.626,3.646,23520.54
1784290500000,3.646,3.66,3.617,3.653,16547.21
1784291400000,3.653,3.669,3.643,3.652,9526.32
1784292300000,3.652,3.664,3.635,3.639,5093.66
1784293200000,3.639,3.639,3.585,3.61,27123.4
1784294100000,3.61,3.64,3.607,3.64,18487.15
1784295000000,3.64,3.649,3.597,3.597,13936.05
1784295900000,3.597,3.621,3.59,3.614,5267.53
1784296800000,3.614,3.648,3.61,3.632,17391.77
1784297700000,3.632,3.638,3.617,3.617,6486.05
1784298600000,3.617,3.645,3.615,3.629,13093.95
1784299500000,3.629,3.63,3.615,3.619,6285
1784300400000,3.619,3.619,3.57,3.607,4094.42
1784301300000,3.607,3.626,3.603,3.616,8852.06
1784302200000,3.616,3.627,3.602,3.626,24760.16
1784303100000,3.626,3.663,3.617,3.657,15678.33
1784304000000,3.657,3.66,3.619,3.658,9901
1784304900000,3.658,3.663,3.629,3.638,12831.26
1784305800000,3.638,3.706,3.638,3.7,19764.1
1784306700000,3.7,3.711,3.675,3.675,3727.84
1784307600000,3.675,3.695,3.665,3.666,6901.6
1784308500000,3.666,3.67,3.642,3.655,12869.21
1784309400000,3.655,3.668,3.647,3.649,4591.85
1784310300000,3.649,3.653,3.643,3.643,1036.72
1784311200000,3.643,3.672,3.643,3.649,7375.84
1784312100000,3.649,3.649,3.629,3.632,2896.84
1784313000000,3.632,3.66,3.632,3.639,5625.51
1784313900000,3.639,3.681,3.639,3.675,3030.24
1784314800000,3.675,3.713,3.675,3.693,9822.77
1784315700000,3.693,3.693,3.68,3.686,784.26
1784316600000,3.686,3.686,3.661,3.677,8539.39
1784317500000,3.677,3.677,3.653,3.653,1734.5
1784318400000,3.653,3.672,3.645,3.672,4773.23
1784319300000,3.672,3.676,3.66,3.663,5702.75
1784320200000,3.663,3.667,3.634,3.644,10257.14
1784321100000,3.644,3.66,3.638,3.66,5325.35
1784322000000,3.66,3.695,3.66,3.69,19827.68
1784322900000,3.69,3.693,3.682,3.687,167.95
1784323800000,3.687,3.687,3.675,3.681,1213.31
1784324700000,3.681,3.694,3.672,3.683,584.14
1784325600000,3.683,3.694,3.673,3.691,1387.24
1784326500000,3.691,3.692,3.683,3.685,396.35
1784327400000,3.685,3.7,3.677,3.681,984.3
1784328300000,3.681,3.696,3.681,3.696,9546.77
1784329200000,3.696,3.696,3.657,3.664,13801.48
1784330100000,3.664,3.688,3.661,3.688,1767.5
1784331000000,3.688,3.702,3.664,3.667,10410.34
1784331900000,3.667,3.68,3.665,3.68,4846.31
1784332800000,3.68,3.699,3.677,3.685,12554.82
1784333700000,3.685,3.686,3.653,3.655,3833.75
1784334600000,3.655,3.655,3.64,3.64,2181.04
1784335500000,3.64,3.642,3.63,3.638,2104.94
1784336400000,3.638,3.652,3.63,3.645,3609.36
1784337300000,3.645,3.654,3.628,3.654,4596.01
1784338200000,3.654,3.657,3.627,3.627,2414.42
1784339100000,3.627,3.628,3.609,3.61,17344.52
1784340000000,3.61,3.619,3.602,3.604,4536.92
1784340900000,3.604,3.621,3.604,3.619,3500.34
1784341800000,3.619,3.635,3.614,3.62,7771.79
1784342700000,3.62,3.621,3.605,3.605,881.04
1784343600000,3.605,3.612,3.604,3.609,1607.24
1784344500000,3.609,3.611,3.595,3.6,1859.06
1784345400000,3.6,3.635,3.6,3.622,5759.23
1784346300000,3.622,3.625,3.603,3.607,1235.45
1784347200000,3.607,3.607,3.594,3.604,1351.9
1784348100000,3.604,3.604,3.58,3.591,18402.99
1784349000000,3.591,3.596,3.583,3.596,862.54
1784349900000,3.596,3.605,3.592,3.604,610.18
1784350800000,3.604,3.604,3.578,3.579,2793.01
1784351700000,3.579,3.582,3.567,3.579,1853.45
1784352600000,3.579,3.583,3.574,3.579,659.41
1784353500000,3.579,3.584,3.554,3.567,7015.36
1784354400000,3.567,3.575,3.55,3.574,1410.73
1784355300000,3.574,3.589,3.574,3.583,4336.75
1784356200000,3.583,3.597,3.579,3.597,2397.04
1784357100000,3.597,3.625,3.597,3.617,14690.81
1784358000000,3.617,3.62,3.607,3.615,6649.41
1784358900000,3.615,3.623,3.585,3.585,461.79
1784359800000,3.585,3.585,3.573,3.579,315.85
1784360700000,3.579,3.579,3.57,3.57,202.97
1784361600000,3.57,3.573,3.557,3.566,504.64
1784362500000,3.566,3.57,3.565,3.566,159.16
1784363400000,3.566,3.571,3.559,3.566,932.02
1784364300000,3.566,3.571,3.558,3.562,566.85
1784365200000,3.562,3.562,3.545,3.555,1091.07
1784366100000,3.555,3.555,3.537,3.537,292.87
1784367000000,3.537,3.548,3.528,3.547,1375.34
1784367900000,3.547,3.551,3.535,3.541,844.77
1784368800000,3.541,3.544,3.535,3.537,223.87
1784369700000,3.537,3.565,3.537,3.553,22424.72
1784370600000,3.553,3.568,3.553,3.563,3945.09
1784371500000,3.563,3.563,3.544,3.544,7584.98
1784372400000,3.544,3.544,3.53,3.543,1786.23
1784373300000,3.543,3.547,3.542,3.543,793.81
1784374200000,3.543,3.543,3.533,3.54,3413.57
1784375100000,3.54,3.542,3.535,3.535,367.68
1784376000000,3.535,3.557,3.534,3.554,1341.21
1784376900000,3.554,3.555,3.514,3.524,5937.58
1784377800000,3.524,3.538,3.522,3.536,4644.22
1784378700000,3.536,3.542,3.526,3.53,226.04
1784379600000,3.53,3.543,3.52,3.534,965.31
1784380500000,3.534,3.552,3.528,3.55,5084.65
1784381400000,3.55,3.554,3.536,3.538,437.44
1784382300000,3.538,3.538,3.533,3.535,1129.76
1784383200000,3.535,3.538,3.521,3.538,1817.2
1784384100000,3.538,3.574,3.538,3.564,11055.53
1784385000000,3.564,3.58,3.563,3.579,2342.01
1784385900000,3.579,3.587,3.556,3.574,14765.99
1784386800000,3.574,3.576,3.551,3.551,2953.86
1784387700000,3.551,3.551,3.537,3.538,2619.92
1784388600000,3.538,3.545,3.528,3.542,7099.53
1784389500000,3.542,3.551,3.542,3.543,829.16
1784390400000,3.543,3.553,3.543,3.553,1368.26
1784391300000,3.553,3.566,3.528,3.529,4018.63
1784392200000,3.529,3.533,3.524,3.532,2163.33
1784393100000,3.532,3.556,3.527,3.528,7920.02
1784394000000,3.528,3.554,3.527,3.534,5783.52
1784394900000,3.534,3.535,3.528,3.528,322.07
1784395800000,3.528,3.539,3.528,3.539,648.96
1784396700000,3.539,3.547,3.534,3.547,881.81
1784397600000,3.547,3.551,3.541,3.544,128.06
1784398500000,3.544,3.571,3.538,3.558,7030.14
1784399400000,3.558,3.566,3.548,3.548,632.84
1784400300000,3.548,3.548,3.538,3.541,4197.24
1784401200000,3.541,3.548,3.532,3.535,3727.26
1784402100000,3.535,3.548,3.535,3.547,2268.63
1784403000000,3.547,3.547,3.537,3.543,423.08
1784403900000,3.543,3.552,3.543,3.543,78.36
1784404800000,3.543,3.553,3.54,3.553,486.9
1784405700000,3.553,3.553,3.531,3.531,3168.5
1784406600000,3.531,3.542,3.531,3.535,669.6
1784407500000,3.535,3.537,3.535,3.536,163.83
1784408400000,3.536,3.537,3.531,3.533,1366.39
1784409300000,3.533,3.546,3.533,3.539,323.98
1784410200000,3.539,3.539,3.527,3.528,1627.31
1784411100000,3.528,3.531,3.528,3.531,609.1
1784412000000,3.531,3.55,3.528,3.542,2221.21
1784412900000,3.542,3.544,3.534,3.541,1572
1784413800000,3.541,3.544,3.535,3.544,223.84
1784414700000,3.544,3.544,3.537,3.543,545.31
1784415600000,3.543,3.545,3.536,3.544,1735.15
1784416500000,3.544,3.559,3.544,3.557,2785.75
1784417400000,3.557,3.578,3.557,3.557,17780.99
1784418300000,3.557,3.571,3.557,3.569,5721.65
1784419200000,3.569,3.571,3.559,3.56,4071.37
1784420100000,3.56,3.59,3.56,3.589,8470.68
1784421000000,3.589,3.607,3.587,3.606,4417.07
1784421900000,3.606,3.62,3.599,3.611,3643.94
1784422800000,3.611,3.615,3.602,3.611,971.89
1784423700000,3.611,3.633,3.611,3.626,854.21
1784424600000,3.626,3.629,3.603,3.607,2733.89
1784425500000,3.607,3.608,3.599,3.599,119.5
1784426400000,3.599,3.609,3.597,3.605,2333.04
1784427300000,3.605,3.607,3.585,3.593,2603.55
1784428200000,3.593,3.611,3.593,3.604,144.23
1784429100000,3.604,3.632,3.604,3.625,1765.69
1784430000000,3.625,3.662,3.625,3.651,10519.06
1784430900000,3.651,3.651,3.63,3.632,459.63
1784431800000,3.632,3.652,3.631,3.64,1035.38
1784432700000,3.64,3.661,3.64,3.66,1052.55
1784433600000,3.66,3.66,3.633,3.633,860.34
1784434500000,3.633,3.657,3.633,3.643,3098.59
1784435400000,3.643,3.643,3.628,3.634,298.97
1784436300000,3.634,3.634,3.62,3.62,5292.81
1784437200000,3.62,3.633,3.619,3.629,1506.97
1784438100000,3.629,3.629,3.61,3.627,550.79
1784439000000,3.627,3.627,3.612,3.62,1174.06
1784439900000,3.62,3.62,3.613,3.619,20.58
1784440800000,3.619,3.622,3.607,3.613,1346.6
1784441700000,3.613,3.618,3.612,3.614,73.37
1784442600000,3.614,3.623,3.613,3.623,890.86
1784443500000,3.623,3.634,3.623,3.628,1360.9
1784444400000,3.628,3.633,3.617,3.626,3498.38
1784445300000,3.626,3.631,3.617,3.617,1721.17
1784446200000,3.617,3.643,3.611,3.618,5103.78
1784447100000,3.618,3.621,3.608,3.612,1743.68
1784448000000,3.612,3.626,3.612,3.626,334.32
1784448900000,3.626,3.626,3.614,3.615,302.93
1784449800000,3.615,3.656,3.612,3.637,14731.88
1784450700000,3.637,3.641,3.61,3.619,11927.6
1784451600000,3.619,3.625,3.612,3.625,5893.62
1784452500000,3.625,3.632,3.617,3.629,563.11
1784453400000,3.629,3.649,3.629,3.649,2412.02
1784454300000,3.649,3.679,3.646,3.667,4056.62
1784455200000,3.667,3.691,3.664,3.664,9902.91
1784456100000,3.664,3.672,3.647,3.672,2265.21
1784457000000,3.672,3.683,3.664,3.676,4262.12
1784457900000,3.676,3.697,3.676,3.692,8291.95
1784458800000,3.692,3.692,3.656,3.657,3470.5
1784459700000,3.657,3.661,3.637,3.643,4144.92
1784460600000,3.643,3.647,3.631,3.631,3394.49
1784461500000,3.631,3.632,3.625,3.631,456.81
1784462400000,3.631,3.638,3.616,3.635,3488.43
1784463300000,3.635,3.651,3.627,3.638,2692.91
1784464200000,3.638,3.665,3.628,3.63,7282.89
1784465100000,3.63,3.636,3.626,3.634,320.19
1784466000000,3.634,3.659,3.633,3.65,607.69
1784466900000,3.65,3.661,3.648,3.656,715.48
1784467800000,3.656,3.67,3.656,3.664,952.83
1784468700000,3.664,3.664,3.642,3.643,1350.13
1784469600000,3.643,3.686,3.639,3.667,5231.26
1784470500000,3.667,3.672,3.645,3.647,2896.8
1784471400000,3.647,3.666,3.647,3.664,266.68
1784472300000,3.664,3.668,3.643,3.65,6493.12
1784473200000,3.65,3.657,3.644,3.649,2346.82
1784474100000,3.649,3.649,3.631,3.634,411.59
1784475000000,3.634,3.644,3.633,3.644,1495.75
1784475900000,3.644,3.644,3.633,3.633,1030.74
1784476800000,3.633,3.645,3.624,3.639,1730.15
1784477700000,3.639,3.656,3.639,3.643,647.86
1784478600000,3.643,3.645,3.631,3.639,2072.06
1784479500000,3.639,3.643,3.609,3.611,6974.65
1784480400000,3.611,3.611,3.553,3.571,15616.15
1784481300000,3.571,3.578,3.565,3.577,3756.1
1784482200000,3.577,3.59,3.571,3.587,2177.45
1784483100000,3.587,3.591,3.577,3.589,1705.82
1784484000000,3.589,3.602,3.541,3.564,9000.06
1784484900000,3.564,3.577,3.552,3.57,5416.51
1784485800000,3.57,3.58,3.57,3.572,223.41
1784486700000,3.572,3.572,3.567,3.567,198.13
1784487600000,3.567,3.576,3.567,3.576,124.76
1784488500000,3.576,3.579,3.576,3.576,268.58
1784489400000,3.576,3.576,3.563,3.563,222.23
1784490300000,3.563,3.563,3.55,3.557,438.55
1784491200000,3.557,3.563,3.555,3.561,2614.1
1784492100000,3.561,3.563,3.556,3.563,457.17
1784493000000,3.563,3.564,3.557,3.56,221.22
1784493900000,3.56,3.562,3.557,3.557,126.92
1784494800000,3.557,3.562,3.545,3.545,3659.08
1784495700000,3.545,3.545,3.516,3.527,25228.67
1784496600000,3.527,3.528,3.479,3.483,13609.15
1784497500000,3.483,3.487,3.432,3.433,13899.21
1784498400000,3.433,3.466,3.423,3.464,8142.35
1784499300000,3.464,3.49,3.464,3.489,8282.92
1784500200000,3.489,3.494,3.476,3.487,7178.09
1784501100000,3.487,3.487,3.469,3.469,1046.12
1784502000000,3.469,3.47,3.457,3.466,2149.16
1784502900000,3.466,3.479,3.456,3.476,3977.95
1784503800000,3.476,3.483,3.466,3.468,2751.98
1784504700000,3.468,3.477,3.464,3.475,10558.01
1784505600000,3.475,3.527,3.46,3.521,15407.73
1784506500000,3.521,3.548,3.521,3.539,3721.5
1784507400000,3.539,3.567,3.539,3.559,5170.16
1784508300000,3.559,3.564,3.529,3.543,5761.81
1784509200000,3.543,3.576,3.543,3.559,2219.11
1784510100000,3.559,3.568,3.535,3.56,729.18
1784511000000,3.56,3.56,3.524,3.524,2874.67
1784511900000,3.524,3.545,3.523,3.534,1124.86
1784512800000,3.534,3.581,3.534,3.567,1463.68
1784513700000,3.567,3.57,3.551,3.56,1468.52
1784514600000,3.56,3.608,3.56,3.606,3537.71
1784515500000,3.606,3.634,3.599,3.605,5490.33
1784516400000,3.605,3.634,3.605,3.634,316.5
1784517300000,3.634,3.634,3.599,3.603,2428.2
1784518200000,3.603,3.604,3.586,3.6,8842.52
1784519100000,3.6,3.605,3.579,3.59,9113.55
1784520000000,3.59,3.591,3.572,3.574,3744.05
1784520900000,3.574,3.574,3.551,3.57,13272.92
1784521800000,3.57,3.582,3.558,3.579,4098.2
1784522700000,3.579,3.579,3.551,3.556,1429.13
1784523600000,3.556,3.556,3.472,3.497,24163.77
1784524500000,3.497,3.514,3.494,3.509,6765.63
1784525400000,3.509,3.521,3.503,3.515,8795.32
1784526300000,3.515,3.519,3.507,3.516,4127.85
1784527200000,3.516,3.523,3.513,3.514,1241.84
1784528100000,3.514,3.529,3.509,3.521,7527.08
1784529000000,3.521,3.522,3.482,3.506,8420.88
1784529900000,3.506,3.513,3.504,3.504,662.53
1784530800000,3.504,3.51,3.501,3.508,1098
1784531700000,3.508,3.525,3.501,3.524,24863.73
1784532600000,3.524,3.549,3.524,3.545,9465.18
1784533500000,3.545,3.557,3.544,3.548,2014.89
1784534400000,3.548,3.548,3.533,3.537,3685.78
1784535300000,3.537,3.546,3.533,3.533,1211.28
1784536200000,3.533,3.533,3.496,3.5,10021.5
1784537100000,3.5,3.51,3.493,3.493,4201.33
1784538000000,3.493,3.493,3.475,3.493,3081.61
1784538900000,3.493,3.512,3.493,3.502,10986.53
1784539800000,3.502,3.515,3.496,3.514,1441.47
1784540700000,3.514,3.515,3.501,3.501,2135.87
1784541600000,3.501,3.506,3.499,3.506,234.74
1784542500000,3.506,3.513,3.497,3.513,763.26
1784543400000,3.513,3.516,3.501,3.51,453.65
1784544300000,3.51,3.51,3.506,3.507,330.06
1784545200000,3.507,3.509,3.496,3.509,2811.44
1784546100000,3.509,3.509,3.499,3.499,164.21
1784547000000,3.499,3.532,3.499,3.523,5955.78
1784547900000,3.523,3.537,3.523,3.535,3766.2
1784548800000,3.535,3.536,3.517,3.527,2554.63
1784549700000,3.527,3.54,3.527,3.54,450.57
1784550600000,3.54,3.54,3.53,3.531,584.62
1784551500000,3.531,3.547,3.531,3.537,1148.34
1784552400000,3.537,3.57,3.537,3.555,4499.42
1784553300000,3.555,3.563,3.548,3.548,1583.57
1784554200000,3.548,3.555,3.534,3.534,3591.88
1784555100000,3.534,3.537,3.51,3.51,5710.1
1784556000000,3.51,3.517,3.5,3.503,4043.31
1784556900000,3.503,3.514,3.489,3.514,476.58
1784557800000,3.514,3.56,3.514,3.557,1283.97
1784558700000,3.557,3.56,3.546,3.56,4434.08
1784559600000,3.56,3.596,3.558,3.581,7821.63
1784560500000,3.581,3.587,3.571,3.571,2460.03
1784561400000,3.571,3.571,3.556,3.567,2375.49
1784562300000,3.567,3.588,3.567,3.579,2801.07
1784563200000,3.579,3.634,3.573,3.62,5381.85
1784564100000,3.62,3.632,3.612,3.618,9624.8
1784565000000,3.618,3.634,3.613,3.633,9233.91
1784565900000,3.633,3.643,3.631,3.636,2893.05
1784566800000,3.636,3.638,3.619,3.619,2707.59
1784567700000,3.619,3.619,3.601,3.61,673.59
1784568600000,3.61,3.61,3.606,3.606,12.46
1784569500000,3.606,3.612,3.605,3.605,2284.93
1784570400000,3.605,3.619,3.605,3.617,1539.32
1784571300000,3.617,3.618,3.598,3.608,1446.25
1784572200000,3.608,3.627,3.605,3.627,653.94
1784573100000,3.627,3.64,3.625,3.628,2152.08
1784574000000,3.628,3.642,3.628,3.641,637.58
1784574900000,3.641,3.641,3.603,3.615,15499.16
1784575800000,3.615,3.621,3.608,3.621,1890.56
1784576700000,3.621,3.627,3.616,3.627,1897.2
1784577600000,3.627,3.628,3.608,3.615,1208.77
1784578500000,3.615,3.615,3.611,3.611,274.3
1784579400000,3.611,3.614,3.602,3.607,437.98
1784580300000,3.607,3.611,3.607,3.608,324.86
1784581200000,3.608,3.617,3.606,3.609,2313.5
1784582100000,3.609,3.612,3.597,3.611,12961.67
1784583000000,3.611,3.611,3.601,3.609,675.54
1784583900000,3.609,3.609,3.6,3.602,290.17
1784584800000,3.602,3.602,3.577,3.588,853.96
1784585700000,3.588,3.588,3.58,3.584,13.09
1784586600000,3.584,3.588,3.561,3.568,2885.08
1784587500000,3.568,3.568,3.562,3.567,625.93
1784588400000,3.567,3.586,3.567,3.574,418.39
1784589300000,3.574,3.579,3.574,3.578,78.72
1784590200000,3.578,3.578,3.57,3.572,173.37
1784591100000,3.572,3.578,3.567,3.577,274.82
1784592000000,3.577,3.583,3.565,3.57,1036.43
1784592900000,3.57,3.572,3.566,3.572,506.48
1784593800000,3.572,3.577,3.57,3.572,201.96
1784594700000,3.572,3.58,3.569,3.579,1984.04
1784595600000,3.579,3.584,3.569,3.582,369.21
1784596500000,3.582,3.589,3.577,3.586,543.89
1784597400000,3.586,3.621,3.586,3.619,2506.93
1784598300000,3.619,3.639,3.619,3.62,2098.93
1784599200000,3.62,3.655,3.61,3.61,1868.42
1784600100000,3.61,3.614,3.599,3.602,7050.53
1784601000000,3.602,3.604,3.593,3.603,2562
1784601900000,3.603,3.612,3.601,3.602,1059.22
1784602800000,3.602,3.63,3.602,3.623,1123.95
1784603700000,3.623,3.629,3.615,3.618,1009.33
1784604600000,3.618,3.624,3.617,3.617,382.56
1784605500000,3.617,3.617,3.61,3.61,167.91
1784606400000,3.61,3.622,3.61,3.615,237.1
1784607300000,3.615,3.615,3.612,3.612,54.19
1784608200000,3.612,3.624,3.608,3.609,753.95
1784609100000,3.609,3.609,3.594,3.595,2458.43
1784610000000,3.595,3.595,3.582,3.585,1194.84
1784610900000,3.585,3.596,3.583,3.596,526.24
1784611800000,3.596,3.601,3.595,3.598,554.81
1784612700000,3.598,3.609,3.598,3.609,4378.97
1784613600000,3.609,3.609,3.6,3.6,993.78
1784614500000,3.6,3.609,3.6,3.608,197.31
1784615400000,3.608,3.618,3.608,3.609,587.2
1784616300000,3.609,3.609,3.601,3.601,401.85
1784617200000,3.601,3.619,3.601,3.616,781.16
1784618100000,3.616,3.616,3.601,3.602,659.3
1784619000000,3.602,3.619,3.602,3.607,425.94
1784619900000,3.607,3.627,3.607,3.627,1216.01
1784620800000,3.627,3.628,3.614,3.615,3324.84
1784621700000,3.615,3.642,3.614,3.617,3905.53
1784622600000,3.617,3.625,3.617,3.617,706.87
1784623500000,3.617,3.633,3.607,3.607,881.65
1784624400000,3.607,3.607,3.6,3.602,240.99
1784625300000,3.602,3.604,3.594,3.594,3177.68
1784626200000,3.594,3.598,3.594,3.598,596.84
1784627100000,3.598,3.609,3.598,3.602,1287.97
1784628000000,3.602,3.624,3.602,3.623,1388.83
1784628900000,3.623,3.642,3.617,3.642,3601.82
1784629800000,3.642,3.657,3.632,3.633,8306.25
1784630700000,3.633,3.66,3.629,3.656,8361.35
1784631600000,3.656,3.67,3.643,3.643,2728.75
1784632500000,3.643,3.653,3.639,3.642,1079.39
1784633400000,3.642,3.651,3.642,3.645,949.24
1784634300000,3.645,3.645,3.635,3.635,1275.45
1784635200000,3.635,3.669,3.632,3.664,5636.4
1784636100000,3.664,3.665,3.641,3.641,1938.72
1784637000000,3.641,3.657,3.636,3.651,1973.2
1784637900000,3.651,3.663,3.651,3.663,379.44
1784638800000,3.663,3.663,3.647,3.647,374.54
1784639700000,3.647,3.647,3.625,3.629,2946.93
1784640600000,3.629,3.64,3.624,3.635,1104.06
1784641500000,3.635,3.654,3.635,3.654,1969.47
1784642400000,3.654,3.667,3.653,3.657,2073.93
1784643300000,3.657,3.659,3.645,3.646,1200.18
1784644200000,3.646,3.648,3.639,3.639,498.4
1784645100000,3.639,3.643,3.633,3.636,2375.16
1784646000000,3.636,3.642,3.623,3.64,873.13
1784646900000,3.64,3.64,3.63,3.63,335.18
1784647800000,3.63,3.63,3.621,3.621,421.48
1784648700000,3.621,3.625,3.606,3.619,1586.87
1784649600000,3.619,3.647,3.614,3.646,786.44
1784650500000,3.646,3.646,3.613,3.626,779.87
1784651400000,3.626,3.64,3.626,3.633,588.93
1784652300000,3.633,3.633,3.627,3.629,1232.67
1784653200000,3.629,3.629,3.629,3.629,0
1784654100000,3.629,3.629,3.621,3.621,306.49
1784655000000,3.621,3.635,3.621,3.626,599.47
1784655900000,3.626,3.633,3.605,3.632,1409.56
1784656800000,3.632,3.643,3.632,3.638,1311.61
1784657700000,3.638,3.638,3.628,3.628,363.08
1784658600000,3.628,3.638,3.624,3.638,342.19
1784659500000,3.638,3.659,3.638,3.659,852.74
1784660400000,3.659,3.663,3.647,3.648,1731.04
1784661300000,3.648,3.655,3.648,3.654,1361.52
1784662200000,3.654,3.657,3.653,3.657,74.68
1784663100000,3.657,3.693,3.657,3.682,2277.95
1784664000000,3.682,3.703,3.673,3.673,2101.99
1784664900000,3.673,3.676,3.657,3.662,889.58
1784665800000,3.662,3.684,3.659,3.684,1548.41
1784666700000,3.684,3.687,3.677,3.677,449.75
1784667600000,3.677,3.678,3.674,3.674,950.33
1784668500000,3.674,3.685,3.674,3.676,153.65
1784669400000,3.676,3.682,3.67,3.673,345.63
1784670300000,3.673,3.673,3.667,3.671,125.45
1784671200000,3.671,3.671,3.661,3.668,962.73
1784672100000,3.668,3.676,3.663,3.676,313.65
1784673000000,3.676,3.691,3.667,3.669,1131.22
1784673900000,3.669,3.669,3.649,3.658,794.04
1784674800000,3.658,3.66,3.65,3.66,257.59
1784675700000,3.66,3.66,3.649,3.657,235.24
1784676600000,3.657,3.658,3.655,3.656,691.07
1784677500000,3.656,3.656,3.653,3.653,180.23
1784678400000,3.653,3.676,3.649,3.672,2491.67
1784679300000,3.672,3.684,3.672,3.674,1354.1
1784680200000,3.674,3.689,3.67,3.681,4098.78
1784681100000,3.681,3.717,3.681,3.704,1406.08
1784682000000,3.704,3.718,3.675,3.68,5275.32
1784682900000,3.68,3.68,3.661,3.667,1516.51
1784683800000,3.667,3.685,3.662,3.684,5379.17
1784684700000,3.684,3.691,3.673,3.673,584.68
1784685600000,3.673,3.688,3.67,3.674,2026.39
1784686500000,3.674,3.698,3.674,3.698,407.58
1784687400000,3.698,3.701,3.675,3.678,7460.7
1784688300000,3.678,3.678,3.643,3.649,11325.14
1784689200000,3.649,3.661,3.646,3.647,1457.6
1784690100000,3.647,3.669,3.645,3.668,1138.22
1784691000000,3.668,3.675,3.654,3.662,2087.01
1784691900000,3.662,3.673,3.662,3.666,728.84
1784692800000,3.666,3.671,3.663,3.663,1609.03
1784693700000,3.663,3.663,3.657,3.661,421.1
1784694600000,3.661,3.662,3.654,3.66,3947.12
1784695500000,3.66,3.663,3.64,3.64,6677.36
1784696400000,3.64,3.645,3.635,3.638,2173.94
1784697300000,3.638,3.641,3.613,3.616,18827.89
1784698200000,3.616,3.621,3.612,3.62,6849.51
1784699100000,3.62,3.62,3.6,3.613,6098.94
1784700000000,3.613,3.613,3.585,3.588,8469.84
1784700900000,3.588,3.59,3.575,3.579,5039.67
1784701800000,3.579,3.59,3.574,3.582,1872.1
1784702700000,3.582,3.582,3.569,3.575,986.83
1784703600000,3.575,3.575,3.555,3.562,6023.03
1784704500000,3.562,3.575,3.562,3.574,2360.7
1784705400000,3.574,3.574,3.561,3.561,546.62
1784706300000,3.561,3.574,3.561,3.564,724.44
1784707200000,3.564,3.579,3.564,3.57,525.08
1784708100000,3.57,3.587,3.57,3.586,7240.35
1784709000000,3.586,3.586,3.565,3.565,6195.62
1784709900000,3.565,3.566,3.565,3.566,24.54
1784710800000,3.566,3.581,3.566,3.581,59.34
1784711700000,3.581,3.585,3.58,3.582,306.58
1784712600000,3.582,3.582,3.571,3.575,141.26
1784713500000,3.575,3.595,3.575,3.592,6515.76
1784714400000,3.592,3.595,3.58,3.582,2316.35
1784715300000,3.582,3.583,3.579,3.583,1160.37
1784716200000,3.583,3.583,3.574,3.581,793.23
1784717100000,3.581,3.594,3.579,3.585,2438.24
1784718000000,3.585,3.586,3.569,3.571,1879.48
1784718900000,3.571,3.575,3.57,3.57,580.85
1784719800000,3.57,3.572,3.556,3.568,14087.09
1784720700000,3.568,3.574,3.547,3.551,11061.96
1784721600000,3.551,3.551,3.528,3.542,9071.63
1784722500000,3.542,3.548,3.535,3.546,8723.82
1784723400000,3.546,3.556,3.544,3.556,1550.22
1784724300000,3.556,3.556,3.528,3.545,5776.05
1784725200000,3.545,3.555,3.545,3.553,464.82
1784726100000,3.553,3.563,3.551,3.562,1193.11
1784727000000,3.562,3.576,3.561,3.574,13063.96
1784727900000,3.574,3.582,3.57,3.575,3361.53
1784728800000,3.575,3.598,3.575,3.59,3337.03
1784729700000,3.59,3.59,3.551,3.551,3657.75
1784730600000,3.551,3.564,3.551,3.552,748.82
1784731500000,3.552,3.557,3.549,3.557,1426.66
1784732400000,3.557,3.568,3.555,3.563,8075.97
1784733300000,3.563,3.578,3.563,3.568,1692.98
1784734200000,3.568,3.568,3.565,3.565,114.5
1784735100000,3.565,3.573,3.559,3.559,577.48
1784736000000,3.559,3.567,3.554,3.564,194.63
1784736900000,3.564,3.564,3.552,3.553,189.16
1784737800000,3.553,3.583,3.553,3.583,2263.13
1784738700000,3.583,3.616,3.583,3.612,3833.01
1784739600000,3.612,3.616,3.581,3.582,3321.75
1784740500000,3.582,3.585,3.57,3.57,278.78
1784741400000,3.57,3.597,3.57,3.596,249.99
1784742300000,3.596,3.596,3.586,3.59,59.98
1784743200000,3.59,3.59,3.569,3.574,356.46
1784744100000,3.574,3.597,3.57,3.575,686.38
1784745000000,3.575,3.575,3.559,3.564,963.97
1784745900000,3.564,3.567,3.561,3.562,840.75
1784746800000,3.562,3.562,3.539,3.543,586.15
1784747700000,3.543,3.553,3.543,3.545,650.77
1784748600000,3.545,3.56,3.539,3.541,9088.43
1784749500000,3.541,3.541,3.531,3.533,1326.34
1784750400000,3.533,3.544,3.528,3.544,3210.94
1784751300000,3.544,3.555,3.544,3.547,284.31
1784752200000,3.547,3.549,3.542,3.549,434.58
1784753100000,3.549,3.556,3.548,3.552,809.51
1784754000000,3.552,3.557,3.552,3.552,418.91
1784754900000,3.552,3.554,3.545,3.545,42.34
1784755800000,3.545,3.553,3.545,3.553,402.18
1784756700000,3.553,3.557,3.553,3.554,414.97
1784757600000,3.554,3.558,3.55,3.558,113.46
1784758500000,3.558,3.56,3.558,3.56,33.76
1784759400000,3.56,3.56,3.542,3.542,59.66
1784760300000,3.542,3.558,3.542,3.558,138.15
1784761200000,3.558,3.558,3.519,3.524,1948.93
1784762100000,3.524,3.533,3.503,3.528,6980.55
1784763000000,3.528,3.534,3.526,3.534,2036.97
1784763900000,3.534,3.55,3.534,3.549,505.94
1784764800000,3.549,3.569,3.547,3.558,3611.72
1784765700000,3.558,3.585,3.558,3.585,749.43
1784766600000,3.585,3.586,3.572,3.572,475.67
1784767500000,3.572,3.574,3.562,3.562,908.71
1784768400000,3.562,3.572,3.561,3.562,581.42
1784769300000,3.562,3.565,3.555,3.565,701.28
1784770200000,3.565,3.565,3.561,3.563,69.4
1784771100000,3.563,3.577,3.563,3.565,4506.55
1784772000000,3.565,3.565,3.551,3.551,308.99
1784772900000,3.551,3.551,3.537,3.537,298.46
1784773800000,3.537,3.556,3.537,3.55,92.97
1784774700000,3.55,3.566,3.55,3.565,72.2
1784775600000,3.565,3.57,3.545,3.545,460.07
1784776500000,3.545,3.565,3.54,3.544,811.43
1784777400000,3.544,3.556,3.544,3.555,820.98
1784778300000,3.555,3.558,3.55,3.55,758.85
1784779200000,3.55,3.55,3.546,3.546,361.25
1784780100000,3.546,3.567,3.546,3.567,239.83
1784781000000,3.567,3.578,3.561,3.578,798.01
1784781900000,3.578,3.588,3.573,3.579,760.09
1784782800000,3.579,3.6,3.579,3.585,1570.15
1784783700000,3.585,3.606,3.58,3.606,6927.95
1784784600000,3.606,3.606,3.585,3.585,372.09
1784785500000,3.585,3.585,3.57,3.57,1.37
1784786400000,3.57,3.571,3.568,3.57,89.62
1784787300000,3.57,3.583,3.57,3.571,2674.9
1784788200000,3.571,3.588,3.571,3.588,276.56
1784789100000,3.588,3.614,3.588,3.611,752.78
1784790000000,3.611,3.618,3.57,3.585,1786.93
1784790900000,3.585,3.612,3.58,3.612,2947.73
1784791800000,3.612,3.614,3.608,3.614,1374.57
1784792700000,3.614,3.618,3.61,3.615,1211.05
1784793600000,3.615,3.623,3.61,3.618,1925.56
1784794500000,3.618,3.621,3.602,3.621,1331.37
1784795400000,3.621,3.63,3.621,3.623,2330.67
1784796300000,3.623,3.64,3.623,3.627,601.43
1784797200000,3.627,3.634,3.616,3.619,1058.61
1784798100000,3.619,3.63,3.619,3.63,88.65
1784799000000,3.63,3.638,3.627,3.627,697.27
1784799900000,3.627,3.631,3.625,3.625,222.44
1784800800000,3.625,3.631,3.625,3.628,932.45
1784801700000,3.628,3.628,3.626,3.626,70.95
1784802600000,3.626,3.631,3.616,3.618,652.68
1784803500000,3.618,3.628,3.616,3.628,661.38
1784804400000,3.628,3.637,3.625,3.637,423.37
1784805300000,3.637,3.654,3.637,3.641,2517.98
1784806200000,3.641,3.641,3.611,3.611,2499.01
1784807100000,3.611,3.616,3.605,3.616,2002.12
1784808000000,3.616,3.631,3.614,3.628,225.6
1784808900000,3.628,3.628,3.616,3.625,752.23
1784809800000,3.625,3.625,3.6,3.611,7908.79
1784810700000,3.611,3.623,3.597,3.62,2540.15
1784811600000,3.62,3.623,3.588,3.594,2752.52
1784812500000,3.594,3.614,3.594,3.6,1893.57
1784813400000,3.6,3.616,3.598,3.616,119.9
1784814300000,3.616,3.616,3.591,3.614,7978.25
1784815200000,3.614,3.63,3.61,3.626,2357
1784816100000,3.626,3.638,3.626,3.636,1370.98
1784817000000,3.636,3.64,3.631,3.635,730.29
1784817900000,3.635,3.635,3.615,3.615,1924.54
1784818800000,3.615,3.615,3.562,3.562,20255.29
1784819700000,3.562,3.614,3.558,3.604,3711.07
1784820600000,3.604,3.616,3.604,3.606,2648.47
1784821500000,3.606,3.626,3.605,3.626,1939.69
1784822400000,3.626,3.653,3.611,3.652,8880.36
1784823300000,3.652,3.656,3.615,3.636,2482.07
1784824200000,3.636,3.641,3.626,3.629,683.03
1784825100000,3.629,3.631,3.616,3.616,723.95
1784826000000,3.616,3.616,3.605,3.61,330.92
1784826900000,3.61,3.627,3.609,3.626,470.55
1784827800000,3.626,3.634,3.604,3.612,751.09
1784828700000,3.612,3.624,3.583,3.59,2173.78
1784829600000,3.59,3.603,3.581,3.6,2381.13
1784830500000,3.6,3.609,3.591,3.609,130.2
1784831400000,3.609,3.611,3.595,3.595,69.49
1784832300000,3.595,3.616,3.595,3.601,625.17
1784833200000,3.601,3.605,3.591,3.592,764.91
1784834100000,3.592,3.608,3.592,3.608,41.73
1784835000000,3.608,3.622,3.608,3.613,170.38
1784835900000,3.613,3.626,3.599,3.626,1989.33
1784836800000,3.626,3.639,3.626,3.635,947.62
1784837700000,3.635,3.666,3.635,3.664,1115.04
1784838600000,3.664,3.665,3.64,3.64,2069.24
1784839500000,3.64,3.643,3.634,3.638,731.94
1784840400000,3.638,3.644,3.63,3.633,6945.77
1784841300000,3.633,3.653,3.63,3.639,3776.75
1784842200000,3.639,3.645,3.639,3.641,68.89
1784843100000,3.641,3.654,3.64,3.654,6026.28
1784844000000,3.654,3.654,3.632,3.636,13529.12
1784844900000,3.636,3.636,3.616,3.616,1259.23
1784845800000,3.616,3.616,3.605,3.611,910.17
1784846700000,3.611,3.616,3.611,3.616,82.44
1784847600000,3.616,3.618,3.6,3.6,776.47
1784848500000,3.6,3.607,3.592,3.597,69.12
1784849400000,3.597,3.597,3.586,3.586,796.42
1784850300000,3.586,3.59,3.581,3.586,2106.25
1784851200000,3.586,3.589,3.532,3.546,28872.13
1784852100000,3.546,3.559,3.543,3.559,418.27
1784853000000,3.559,3.559,3.528,3.544,11574.22
1784853900000,3.544,3.559,3.544,3.559,106.81
1784854800000,3.559,3.563,3.554,3.555,134.28
1784855700000,3.555,3.566,3.55,3.565,368.1
1784856600000,3.565,3.568,3.56,3.568,6442.17
1784857500000,3.568,3.573,3.561,3.562,1119.45
1784858400000,3.562,3.568,3.56,3.568,874.6
1784859300000,3.568,3.568,3.559,3.559,131.11
1784860200000,3.559,3.559,3.534,3.546,38.19
1784861100000,3.546,3.546,3.532,3.532,589.75
1784862000000,3.532,3.554,3.532,3.55,222.07
1784862900000,3.55,3.565,3.55,3.565,251.99
1784863800000,3.565,3.575,3.563,3.567,1936.02
1784864700000,3.567,3.575,3.565,3.575,41.09
1784865600000,3.575,3.577,3.565,3.565,663.08
1784866500000,3.565,3.576,3.565,3.575,28.78
1784867400000,3.575,3.578,3.565,3.566,589.65
1784868300000,3.566,3.569,3.566,3.568,206.83
1784869200000,3.568,3.581,3.562,3.574,237.74
1784870100000,3.574,3.578,3.574,3.578,8.79
1784871000000,3.578,3.578,3.56,3.56,1392.08
1784871900000,3.56,3.583,3.56,3.578,303.22
1784872800000,3.578,3.582,3.576,3.58,308.57
1784873700000,3.58,3.585,3.576,3.581,661.84
1784874600000,3.581,3.595,3.574,3.592,704.34
1784875500000,3.592,3.596,3.573,3.573,1849.74
1784876400000,3.573,3.6,3.573,3.595,518.29
1784877300000,3.595,3.595,3.589,3.594,1252.56
1784878200000,3.594,3.6,3.574,3.574,1009.01
1784879100000,3.574,3.63,3.574,3.626,3237.87
1784880000000,3.626,3.628,3.616,3.626,595.14
1784880900000,3.626,3.652,3.626,3.647,2891.21
1784881800000,3.647,3.649,3.632,3.635,3951.07
1784882700000,3.635,3.635,3.61,3.614,2298.57
1784883600000,3.614,3.626,3.614,3.618,677.91
1784884500000,3.618,3.624,3.61,3.619,628.37
1784885400000,3.619,3.627,3.619,3.627,30.21
1784886300000,3.627,3.633,3.625,3.625,400.91
1784887200000,3.625,3.628,3.616,3.616,131.2
1784888100000,3.616,3.616,3.6,3.601,1922.56
1784889000000,3.601,3.602,3.596,3.601,343.89
1784889900000,3.601,3.601,3.579,3.579,1626.02
1784890800000,3.579,3.584,3.574,3.581,1178.41
1784891700000,3.581,3.581,3.569,3.569,213.09
1784892600000,3.569,3.571,3.563,3.57,1072.94
1784893500000,3.57,3.58,3.564,3.58,6773.92
1784894400000,3.58,3.588,3.575,3.587,797.09
1784895300000,3.587,3.589,3.584,3.589,537.11
1784896200000,3.589,3.589,3.574,3.574,219.55
1784897100000,3.574,3.574,3.554,3.554,75.46
1784898000000,3.554,3.558,3.515,3.532,5181.68
1784898900000,3.532,3.547,3.529,3.538,741.06
1784899800000,3.538,3.545,3.529,3.533,2933.7
1784900700000,3.533,3.553,3.52,3.553,2407.43
1784901600000,3.553,3.553,3.524,3.524,9189.94
1784902500000,3.524,3.524,3.482,3.513,12384.34
1784903400000,3.513,3.513,3.49,3.505,4613.12
1784904300000,3.505,3.54,3.505,3.54,5207.73
1784905200000,3.54,3.575,3.54,3.575,1863.77
1784906100000,3.575,3.591,3.574,3.582,8626.55
1784907000000,3.582,3.598,3.582,3.589,2123.29
1784907900000,3.589,3.597,3.578,3.578,2887.91
1784908800000,3.578,3.593,3.574,3.591,3919.78
1784909700000,3.591,3.591,3.571,3.575,873.73
1784910600000,3.575,3.583,3.569,3.579,1224.39
1784911500000,3.579,3.579,3.57,3.573,572.71
1784912400000,3.573,3.579,3.56,3.56,1670.55
1784913300000,3.56,3.588,3.56,3.588,882.59
1784914200000,3.588,3.604,3.588,3.6,563.99
1784915100000,3.6,3.612,3.6,3.612,460.32
1784916000000,3.612,3.612,3.595,3.596,2164.92
1784916900000,3.596,3.597,3.575,3.576,1441.09
1784917800000,3.576,3.588,3.576,3.581,932.17
1784918700000,3.581,3.59,3.581,3.59,285.56
1784919600000,3.59,3.59,3.565,3.565,3055.76
1784920500000,3.565,3.576,3.565,3.574,47.63
1784921400000,3.574,3.576,3.571,3.576,584.73
1784922300000,3.576,3.576,3.565,3.569,129.17
1784923200000,3.569,3.579,3.569,3.57,173.63
1784924100000,3.57,3.57,3.565,3.565,341.91
1784925000000,3.565,3.565,3.551,3.555,3031.99
1784925900000,3.555,3.557,3.553,3.553,198.57
1784926800000,3.553,3.553,3.531,3.538,9598.28
1784927700000,3.538,3.544,3.538,3.544,13.55
1784928600000,3.544,3.544,3.515,3.518,1728.8
1784929500000,3.518,3.521,3.507,3.508,890.64
1784930400000,3.508,3.519,3.502,3.515,1742.45
1784931300000,3.515,3.515,3.509,3.51,849.98
1784932200000,3.51,3.535,3.51,3.534,3963.75
1784933100000,3.534,3.542,3.528,3.528,1861.03
1784934000000,3.528,3.53,3.521,3.524,2606.33
1784934900000,3.524,3.527,3.519,3.527,34.27
1784935800000,3.527,3.531,3.525,3.526,1093.65
1784936700000,3.526,3.526,3.523,3.525,116.26
1784937600000,3.525,3.537,3.523,3.537,935.7
1784938500000,3.537,3.54,3.532,3.539,482.38
1784939400000,3.539,3.55,3.539,3.55,155.73
1784940300000,3.55,3.573,3.544,3.572,1115.47
1784941200000,3.572,3.596,3.572,3.59,3399.62
1784942100000,3.59,3.615,3.59,3.591,3704.81
1784943000000,3.591,3.629,3.591,3.616,3182.11
1784943900000,3.616,3.616,3.572,3.577,2748.98
1784944800000,3.577,3.587,3.569,3.587,535.81
1784945700000,3.587,3.587,3.578,3.586,151.91
1784946600000,3.586,3.586,3.576,3.578,4287.78
1784947500000,3.578,3.578,3.565,3.565,20.04
1784948400000,3.565,3.58,3.565,3.572,2247.95
1784949300000,3.572,3.588,3.571,3.588,62.73
1784950200000,3.588,3.6,3.585,3.6,119.42
1784951100000,3.6,3.603,3.591,3.592,399.57
1784952000000,3.592,3.598,3.59,3.591,1268.39
1784952900000,3.591,3.606,3.575,3.578,1070.03
1784953800000,3.578,3.584,3.569,3.584,102.6
1784954700000,3.584,3.584,3.584,3.584,0
1784955600000,3.584,3.584,3.575,3.575,869.3
1784956500000,3.575,3.575,3.573,3.573,47.63
1784957400000,3.573,3.573,3.564,3.569,4731.54
1784958300000,3.569,3.569,3.547,3.552,1787.32
1784959200000,3.552,3.561,3.548,3.551,467.08
1784960100000,3.551,3.551,3.538,3.54,441.08
1784961000000,3.54,3.54,3.533,3.534,312.34
1784961900000,3.534,3.535,3.534,3.535,29.87
1784962800000,3.535,3.562,3.535,3.562,359.19
1784963700000,3.562,3.562,3.545,3.545,49.56
1784964600000,3.545,3.546,3.541,3.541,2710.03
1784965500000,3.541,3.541,3.531,3.535,1798.61
1784966400000,3.535,3.537,3.519,3.53,1028.73
1784967300000,3.53,3.539,3.53,3.539,2906.53
1784968200000,3.539,3.539,3.531,3.531,267.71
1784969100000,3.531,3.545,3.526,3.538,826.85
1784970000000,3.538,3.56,3.538,3.56,850.33
1784970900000,3.56,3.577,3.559,3.559,1381.75
1784971800000,3.559,3.559,3.551,3.551,575.85
1784972700000,3.551,3.565,3.544,3.545,892.39
1784973600000,3.545,3.55,3.541,3.541,209.22
1784974500000,3.541,3.549,3.54,3.54,71.75
1784975400000,3.54,3.541,3.534,3.541,23.95
1784976300000,3.541,3.545,3.541,3.544,146.86
1784977200000,3.544,3.555,3.544,3.555,392.95
1784978100000,3.555,3.555,3.545,3.545,523.23
1784979000000,3.545,3.545,3.534,3.542,808.24
1784979900000,3.542,3.542,3.531,3.536,118.18
1784980800000,3.536,3.56,3.536,3.557,1551.83
1784981700000,3.557,3.557,3.547,3.553,7231.37
1784982600000,3.553,3.568,3.553,3.568,101.06
1784983500000,3.568,3.568,3.55,3.55,1522.56
1784984400000,3.55,3.558,3.55,3.558,21.38
1784985300000,3.558,3.561,3.555,3.556,597.89
1784986200000,3.556,3.556,3.547,3.555,396.78
1784987100000,3.555,3.555,3.538,3.539,612.17
1784988000000,3.539,3.539,3.528,3.528,1857.41
1784988900000,3.528,3.533,3.526,3.531,312.38
1784989800000,3.531,3.538,3.531,3.538,455.73
1784990700000,3.538,3.538,3.535,3.535,58.06
1784991600000,3.535,3.553,3.535,3.541,1494.75
1784992500000,3.541,3.562,3.541,3.553,793.99
1784993400000,3.553,3.559,3.553,3.553,252.99
1784994300000,3.553,3.58,3.553,3.561,10760.1
1784995200000,3.561,3.565,3.545,3.545,358.03
1784996100000,3.545,3.562,3.545,3.562,52.83
1784997000000,3.562,3.562,3.557,3.561,725.05
1784997900000,3.561,3.561,3.559,3.559,82.57
1784998800000,3.559,3.57,3.549,3.562,1067.25
1784999700000,3.562,3.565,3.557,3.557,63.96
1785000600000,3.557,3.572,3.557,3.572,1662.92
1785001500000,3.572,3.576,3.566,3.571,1503.29
1785002400000,3.571,3.581,3.571,3.578,1305.68
1785003300000,3.578,3.582,3.578,3.582,153.66
1785004200000,3.582,3.586,3.58,3.583,1058.43
1785005100000,3.583,3.584,3.578,3.584,286.81
1785006000000,3.584,3.593,3.584,3.593,389.54
1785006900000,3.593,3.593,3.585,3.585,181.85
1785007800000,3.585,3.593,3.585,3.59,388.57
1785008700000,3.59,3.603,3.59,3.599,116.39
1785009600000,3.599,3.606,3.585,3.589,1174.65
1785010500000,3.589,3.589,3.579,3.579,501.24
1785011400000,3.579,3.582,3.579,3.582,7.32
1785012300000,3.582,3.582,3.582,3.582,0
1785013200000,3.582,3.594,3.582,3.594,30.44
1785014100000,3.594,3.606,3.594,3.602,652.94
1785015000000,3.602,3.622,3.602,3.622,646.7
1785015900000,3.622,3.628,3.615,3.625,1477.32
1785016800000,3.625,3.633,3.612,3.617,1362.64
1785017700000,3.617,3.624,3.612,3.613,800.62
1785018600000,3.613,3.622,3.613,3.622,214.65
1785019500000,3.622,3.637,3.618,3.636,2908.45
1785020400000,3.636,3.637,3.622,3.622,1570.83
1785021300000,3.622,3.624,3.612,3.612,3135.05
1785022200000,3.612,3.627,3.612,3.622,322.06
1785023100000,3.622,3.622,3.611,3.621,561.32
1785024000000,3.621,3.621,3.606,3.612,6601.74
1785024900000,3.612,3.614,3.603,3.603,1995.11
1785025800000,3.603,3.621,3.603,3.62,2906.26
1785026700000,3.62,3.639,3.62,3.639,1807.13
1785027600000,3.639,3.662,3.63,3.631,3446.49
1785028500000,3.631,3.657,3.631,3.656,1831.96
1785029400000,3.656,3.68,3.656,3.671,5437.47
1785030300000,3.671,3.749,3.671,3.74,2996.53
1785031200000,3.74,3.786,3.725,3.774,10328.77
1785032100000,3.774,3.805,3.759,3.805,10068.47
1785033000000,3.805,3.834,3.768,3.831,18680.6
1785033900000,3.831,3.834,3.805,3.824,4924.33
1785034800000,3.824,3.888,3.824,3.863,11199.72
1785035700000,3.863,3.92,3.861,3.919,25891.36
1785036600000,3.919,3.927,3.892,3.902,28418.07
1785037500000,3.902,3.986,3.902,3.981,7313.2
1785038400000,3.981,3.993,3.953,3.977,21946.91
1785039300000,3.977,4.025,3.938,4.022,23155.14
1785040200000,4.022,4.022,3.968,4.004,13618.86
1785041100000,4.004,4.042,3.971,3.981,13595.56
1785042000000,3.981,4.001,3.904,3.968,72121.66
1785042900000,3.968,4.076,3.961,4.075,8738.74
1785043800000,4.075,4.096,4.016,4.038,10285.86
1785044700000,4.038,4.068,4.007,4.055,7547.88
1785045600000,4.055,4.082,3.989,4.005,16958.45
1785046500000,4.005,4.05,4.005,4.014,7553.84
1785047400000,4.014,4.068,4.01,4.026,29223.18
1785048300000,4.026,4.057,4.017,4.021,8320.53
1785049200000,4.021,4.062,4.021,4.053,3674.29
1785050100000,4.053,4.055,4.007,4.009,3769.95
1785051000000,4.009,4.053,3.971,3.976,6699.5
1785051900000,3.976,4.036,3.976,4.024,11751.82
1785052800000,4.024,4.045,4.004,4.02,8098.74
1785053700000,4.02,4.02,3.977,3.98,4450.16
1785054600000,3.98,3.992,3.964,3.968,8702.61
1785055500000,3.968,3.98,3.922,3.93,14919.51
1785056400000,3.93,3.945,3.856,3.873,36041.24
1785057300000,3.873,3.891,3.846,3.858,24120.59
1785058200000,3.858,3.864,3.834,3.854,8046.31
1785059100000,3.854,3.854,3.824,3.833,4056.47
1785060000000,3.833,3.84,3.793,3.83,14238.8
1785060900000,3.83,3.849,3.826,3.844,3800.13
1785061800000,3.844,3.845,3.819,3.819,2025.19
1785062700000,3.819,3.823,3.812,3.817,3653.5
1785063600000,3.817,3.823,3.8,3.803,3630.85
1785064500000,3.803,3.856,3.801,3.851,3052.99
1785065400000,3.851,3.851,3.825,3.831,1180.36
1785066300000,3.831,3.841,3.819,3.819,2147.34
1785067200000,3.819,3.843,3.819,3.827,1378.68
1785068100000,3.827,3.837,3.82,3.837,1384.14
1785069000000,3.837,3.857,3.837,3.846,8501.89
1785069900000,3.846,3.882,3.841,3.853,8618.5
1785070800000,3.853,3.862,3.823,3.824,2763.28
1785071700000,3.824,3.848,3.822,3.828,2143.04
1785072600000,3.828,3.831,3.763,3.78,11386.84
1785073500000,3.78,3.791,3.779,3.786,2432.58
1785074400000,3.786,3.786,3.732,3.761,4814.39
1785075300000,3.761,3.764,3.749,3.757,745.15
1785076200000,3.757,3.786,3.755,3.777,1877.23
1785077100000,3.777,3.792,3.771,3.771,996
1785078000000,3.771,3.787,3.762,3.762,1841.81
1785078900000,3.762,3.789,3.762,3.786,600.94
1785079800000,3.786,3.793,3.785,3.791,2660.53
1785080700000,3.791,3.828,3.791,3.81,1083.71
1785081600000,3.81,3.82,3.795,3.82,655.15
1785082500000,3.82,3.82,3.799,3.805,1398.71
1785083400000,3.805,3.81,3.79,3.79,44.54
1785084300000,3.79,3.802,3.789,3.802,587.18
1785085200000,3.802,3.823,3.802,3.818,5752.82
1785086100000,3.818,3.831,3.817,3.825,15278.67
1785087000000,3.825,3.836,3.81,3.812,1060.72
1785087900000,3.812,3.817,3.803,3.809,2122.47
1785088800000,3.809,3.81,3.797,3.808,581.31
1785089700000,3.808,3.808,3.792,3.8,358.8
1785090600000,3.8,3.802,3.788,3.792,436.47
1785091500000,3.792,3.81,3.787,3.81,1269.05
1785092400000,3.81,3.81,3.799,3.799,150.3
1785093300000,3.799,3.799,3.793,3.799,308.95
1785094200000,3.799,3.801,3.793,3.797,79.28
1785095100000,3.797,3.802,3.796,3.802,1175.6
1785096000000,3.802,3.807,3.798,3.798,658.72
1785096900000,3.798,3.798,3.789,3.791,380.29
1785097800000,3.791,3.803,3.791,3.801,63.95
1785098700000,3.801,3.805,3.801,3.802,3.19
1785099600000,3.802,3.807,3.798,3.8,541.37
1785100500000,3.8,3.818,3.796,3.816,2670.72
1785101400000,3.816,3.816,3.8,3.804,915.84
1785102300000,3.804,3.813,3.804,3.804,55.35
1785103200000,3.804,3.825,3.804,3.817,962.24
1785104100000,3.817,3.823,3.809,3.818,574.46
1785105000000,3.818,3.839,3.818,3.831,6561.3
1785105900000,3.831,3.842,3.826,3.829,3003
1785106800000,3.829,3.858,3.825,3.831,6113.29
1785107700000,3.831,3.831,3.812,3.812,3750.14
1785108600000,3.812,3.824,3.81,3.822,3121.52
1785109500000,3.822,3.822,3.81,3.81,5700.76
1785110400000,3.81,3.82,3.803,3.815,6342.72
1785111300000,3.815,3.817,3.797,3.804,4845.64
1785112200000,3.804,3.813,3.802,3.813,509.81
1785113100000,3.813,3.833,3.813,3.825,4026.03
1785114000000,3.825,3.839,3.811,3.811,5440.83
1785114900000,3.811,3.841,3.808,3.84,9838.14
1785115800000,3.84,3.881,3.835,3.872,3764.83
1785116700000,3.872,3.873,3.855,3.864,1924.54
1785117600000,3.864,3.882,3.837,3.837,4384.17
1785118500000,3.837,3.855,3.83,3.853,2335.52
1785119400000,3.853,3.865,3.843,3.862,2021.4
1785120300000,3.862,3.862,3.825,3.834,3079.81
1785121200000,3.834,3.844,3.823,3.829,2662.33
1785122100000,3.829,3.841,3.823,3.823,3219.64
1785123000000,3.823,3.836,3.823,3.836,2534.17
1785123900000,3.836,3.836,3.815,3.823,4413.46
1785124800000,3.823,3.841,3.818,3.821,2891.38
1785125700000,3.821,3.832,3.811,3.812,1028.31
1785126600000,3.812,3.813,3.775,3.781,7442.36
1785127500000,3.781,3.784,3.758,3.76,5240.11
1785128400000,3.76,3.76,3.704,3.732,28455.15
1785129300000,3.732,3.746,3.726,3.744,1434.85
1785130200000,3.744,3.764,3.742,3.764,3016.73
1785131100000,3.764,3.787,3.758,3.787,4649.36
1785132000000,3.787,3.8,3.778,3.778,5782.46
1785132900000,3.778,3.778,3.769,3.77,688.63
1785133800000,3.77,3.783,3.76,3.776,3231.95
1785134700000,3.776,3.776,3.746,3.751,5627.44
1785135600000,3.751,3.762,3.748,3.751,4456.46
1785136500000,3.751,3.764,3.751,3.761,1276.81
1785137400000,3.761,3.777,3.748,3.777,3442.45
1785138300000,3.777,3.779,3.754,3.754,4855.26
1785139200000,3.754,3.755,3.742,3.749,1566.25
1785140100000,3.749,3.757,3.746,3.746,774.43
1785141000000,3.746,3.746,3.724,3.729,14046.86
1785141900000,3.729,3.737,3.729,3.734,1401.28
1785142800000,3.734,3.734,3.718,3.718,2090.24
1785143700000,3.718,3.744,3.715,3.744,8336.96
1785144600000,3.744,3.755,3.741,3.746,3763.43
1785145500000,3.746,3.755,3.743,3.743,3249.06
1785146400000,3.743,3.749,3.735,3.735,761.52
1785147300000,3.735,3.743,3.734,3.734,2270.23
1785148200000,3.734,3.752,3.731,3.752,1032.06
1785149100000,3.752,3.755,3.747,3.749,1709.99
1785150000000,3.749,3.749,3.74,3.745,1768.83
1785150900000,3.745,3.759,3.745,3.756,1722.44
1785151800000,3.756,3.766,3.752,3.762,2810.69
1785152700000,3.762,3.763,3.747,3.747,1987.64
1785153600000,3.747,3.749,3.728,3.729,7195.24
1785154500000,3.729,3.739,3.723,3.728,5508.05
1785155400000,3.728,3.73,3.706,3.724,8437.99
1785156300000,3.724,3.739,3.724,3.737,4541.8
1785157200000,3.737,3.746,3.737,3.741,855
1785158100000,3.741,3.741,3.722,3.727,885.07
1785159000000,3.727,3.765,3.718,3.761,3861.94
1785159900000,3.761,3.78,3.75,3.756,7873.6
1785160800000,3.756,3.761,3.732,3.752,22335.68
1785161700000,3.752,3.752,3.667,3.671,44211.3
1785162600000,3.671,3.673,3.613,3.621,35741.65
1785163500000,3.621,3.662,3.616,3.647,10465.47
1785164400000,3.647,3.664,3.647,3.657,4094.93
1785165300000,3.657,3.672,3.652,3.664,26895.16
1785166200000,3.664,3.675,3.637,3.674,5643.11
1785167100000,3.674,3.679,3.663,3.668,2019.06
1785168000000,3.668,3.672,3.65,3.651,5561.5
1785168900000,3.651,3.68,3.643,3.678,13949.7
1785169800000,3.678,3.7,3.672,3.688,4544.72
1785170700000,3.688,3.7,3.679,3.683,6010.2
1785171600000,3.683,3.683,3.675,3.681,1034.73
1785172500000,3.681,3.692,3.68,3.682,1759.6
1785173400000,3.682,3.688,3.674,3.676,287.08
1785174300000,3.676,3.676,3.668,3.668,436.61
1785175200000,3.668,3.682,3.668,3.678,726.72
1785176100000,3.678,3.678,3.664,3.667,779.65
1785177000000,3.667,3.667,3.651,3.66,5806.85
1785177900000,3.66,3.66,3.645,3.654,1101.34
1785178800000,3.654,3.659,3.649,3.657,520.12
1785179700000,3.657,3.657,3.639,3.639,999.18
1785180600000,3.639,3.644,3.626,3.626,482.42
1785181500000,3.626,3.636,3.621,3.635,1526.12
1785182400000,3.635,3.636,3.623,3.625,395.63
1785183300000,3.625,3.635,3.622,3.633,941.18
1785184200000,3.633,3.636,3.62,3.621,920.07
1785185100000,3.621,3.626,3.613,3.622,1174.07
1785186000000,3.622,3.626,3.616,3.626,4185.33
1785186900000,3.626,3.626,3.589,3.607,21770.59
1785187800000,3.607,3.614,3.602,3.613,2295.17
1785188700000,3.613,3.615,3.608,3.615,1234.4
1785189600000,3.615,3.615,3.592,3.595,1845.51
1785190500000,3.595,3.603,3.593,3.594,848.88
1785191400000,3.594,3.601,3.565,3.565,4751.29
1785192300000,3.565,3.568,3.507,3.523,28955.56
1785193200000,3.523,3.532,3.486,3.531,8964.03
1785194100000,3.531,3.546,3.522,3.539,2720.37
1785195000000,3.539,3.539,3.504,3.507,1046.44
1785195900000,3.507,3.511,3.498,3.504,4116.51
1785196800000,3.504,3.529,3.491,3.493,13918.4
1785197700000,3.493,3.519,3.461,3.476,10068.62
1785198600000,3.476,3.51,3.465,3.508,2609.43
1785199500000,3.508,3.508,3.488,3.491,498.14
1785200400000,3.491,3.502,3.443,3.474,8821.35
1785201300000,3.474,3.49,3.461,3.49,420.16
1785202200000,3.49,3.493,3.476,3.478,3517.92
1785203100000,3.478,3.485,3.474,3.479,3234.87
1785204000000,3.479,3.502,3.471,3.502,687.72
1785204900000,3.502,3.503,3.5,3.503,2292.24
1785205800000,3.503,3.508,3.491,3.491,2409.1
1785206700000,3.491,3.511,3.491,3.511,1772.48
1785207600000,3.511,3.518,3.504,3.517,2266.81
1785208500000,3.517,3.525,3.511,3.515,2224.79
1785209400000,3.515,3.524,3.514,3.523,2048.38
1785210300000,3.523,3.528,3.503,3.503,2383.14
1785211200000,3.503,3.503,3.49,3.494,364.76
1785212100000,3.494,3.499,3.49,3.494,796.45
1785213000000,3.494,3.494,3.486,3.49,3499.97
1785213900000,3.49,3.511,3.49,3.505,2638.62
1785214800000,3.505,3.516,3.505,3.511,1424.66
1785215700000,3.511,3.516,3.501,3.505,5781.42
1785216600000,3.505,3.505,3.495,3.497,911.22
1785217500000,3.497,3.507,3.496,3.497,1900.53
1785218400000,3.497,3.499,3.49,3.497,3093.18
1785219300000,3.497,3.512,3.496,3.512,944.84
1785220200000,3.512,3.521,3.507,3.515,1645.51
1785221100000,3.515,3.521,3.513,3.517,3363.9
1785222000000,3.517,3.529,3.512,3.514,22366.46
1785222900000,3.514,3.523,3.514,3.519,1696.96
1785223800000,3.519,3.525,3.514,3.514,704.67
1785224700000,3.514,3.514,3.506,3.51,736.74
1785225600000,3.51,3.515,3.51,3.51,822.66
1785226500000,3.51,3.511,3.509,3.509,209.84
1785227400000,3.509,3.509,3.504,3.506,551.34
1785228300000,3.506,3.509,3.506,3.506,761.47
1785229200000,3.506,3.511,3.5,3.5,686.88
1785230100000,3.5,3.508,3.5,3.5,1111.54
1785231000000,3.5,3.502,3.498,3.501,2933.52
1785231900000,3.501,3.505,3.484,3.484,306.07
1785232800000,3.484,3.497,3.484,3.491,3405.03
1785233700000,3.491,3.499,3.49,3.49,1405.32
1785234600000,3.49,3.509,3.49,3.501,14244.62
1785235500000,3.501,3.504,3.501,3.504,66.03
1785236400000,3.504,3.504,3.479,3.482,2387.85
1785237300000,3.482,3.507,3.482,3.487,14029.54
1785238200000,3.487,3.498,3.481,3.485,7986.69
1785239100000,3.485,3.497,3.485,3.492,217.87
1785240000000,3.492,3.492,3.485,3.488,251.77
1785240900000,3.488,3.488,3.47,3.477,11392.66
1785241800000,3.477,3.477,3.467,3.474,940
1785242700000,3.474,3.482,3.468,3.468,5423.21
1785243600000,3.468,3.482,3.468,3.477,1831.18
1785244500000,3.477,3.477,3.468,3.468,235.24
1785245400000,3.468,3.473,3.408,3.424,34789.89
1785246300000,3.424,3.446,3.409,3.433,3742.05
1785247200000,3.433,3.445,3.426,3.426,1910.98
1785248100000,3.426,3.432,3.41,3.432,1541.39
1785249000000,3.432,3.443,3.428,3.442,3799.59
1785249900000,3.442,3.464,3.442,3.454,1751.65
1785250800000,3.454,3.461,3.437,3.456,13552.35
1785251700000,3.456,3.491,3.445,3.48,10676
1785252600000,3.48,3.484,3.473,3.482,450.58
1785253500000,3.482,3.489,3.467,3.469,2799.18
1785254400000,3.469,3.47,3.453,3.457,3765.97
1785255300000,3.457,3.474,3.446,3.447,903.65
1785256200000,3.447,3.453,3.44,3.45,3175.02
1785257100000,3.45,3.452,3.442,3.443,5405.23
1785258000000,3.443,3.443,3.418,3.426,4394.34
1785258900000,3.426,3.426,3.411,3.412,2607.52
1785259800000,3.412,3.412,3.378,3.387,23329.99
1785260700000,3.387,3.387,3.361,3.37,4272.59
1785261600000,3.37,3.379,3.355,3.357,4240.87
1785262500000,3.357,3.371,3.353,3.357,7284.45
1785263400000,3.357,3.359,3.35,3.356,276.73
1785264300000,3.356,3.356,3.338,3.34,1818.77
1785265200000,3.34,3.357,3.34,3.349,1271.52
1785266100000,3.349,3.367,3.349,3.367,6765.18
1785267000000,3.367,3.377,3.358,3.358,5197.46
1785267900000,3.358,3.364,3.356,3.359,4128.44
1785268800000,3.359,3.364,3.346,3.355,5874.97
1785269700000,3.355,3.355,3.335,3.335,4144.68
1785270600000,3.335,3.348,3.333,3.339,1793.37
1785271500000,3.339,3.342,3.334,3.34,3477.92
1785272400000,3.34,3.345,3.32,3.327,8854.56
1785273300000,3.327,3.331,3.323,3.331,271.22
1785274200000,3.331,3.349,3.328,3.349,3705.22
1785275100000,3.349,3.355,3.34,3.34,1228.26
1785276000000,3.34,3.341,3.324,3.34,2640.22
1785276900000,3.34,3.349,3.34,3.349,1228.88
1785277800000,3.349,3.349,3.332,3.332,3261.65
1785278700000,3.332,3.332,3.29,3.294,20466.01
1785279600000,3.294,3.3,3.281,3.294,11013.9
1785280500000,3.294,3.304,3.29,3.292,5460.94
1785281400000,3.292,3.306,3.291,3.298,9294.84
1785282300000,3.298,3.31,3.297,3.308,2958.85
1785283200000,3.308,3.341,3.308,3.323,14259.38
1785284100000,3.323,3.345,3.323,3.336,21928.32
1785285000000,3.336,3.336,3.32,3.326,5779.97
1785285900000,3.326,3.326,3.308,3.308,2103.22
1785286800000,3.308,3.308,3.289,3.291,1536.32
1785287700000,3.291,3.308,3.284,3.297,7652.35
1785288600000,3.297,3.297,3.271,3.277,6098.35
1785289500000,3.277,3.277,3.246,3.259,8516.48
1785290400000,3.259,3.259,3.233,3.243,10463.09
1785291300000,3.243,3.273,3.226,3.273,7541.37
1785292200000,3.273,3.318,3.273,3.302,45189.02
1785293100000,3.302,3.304,3.282,3.282,664.08
1785294000000,3.282,3.314,3.282,3.31,4985.48
1785294900000,3.31,3.31,3.286,3.286,3198.59
1785295800000,3.286,3.295,3.268,3.268,2161.77
1785296700000,3.268,3.271,3.259,3.259,4517.46
1785297600000,3.259,3.263,3.228,3.25,12177.91
1785298500000,3.25,3.259,3.23,3.255,3221.11
1785299400000,3.255,3.273,3.251,3.252,7038.5
1785300300000,3.252,3.27,3.245,3.27,2623.96
1785301200000,3.27,3.274,3.259,3.269,5847.88
1785302100000,3.269,3.302,3.267,3.295,19122.44
1785303000000,3.295,3.312,3.294,3.309,8204.43
1785303900000,3.309,3.329,3.305,3.328,11129.05
1785304800000,3.328,3.341,3.32,3.324,11257.39
1785305700000,3.324,3.337,3.32,3.327,4974.05
1785306600000,3.327,3.346,3.327,3.333,13312.87
1785307500000,3.333,3.369,3.333,3.366,5727.59
1785308400000,3.366,3.41,3.366,3.394,28995.3
1785309300000,3.394,3.394,3.366,3.373,5266.36
1785310200000,3.373,3.395,3.37,3.373,25942.4
1785311100000,3.373,3.388,3.367,3.388,26938.18
1785312000000,3.388,3.388,3.349,3.363,13277.62
1785312900000,3.363,3.363,3.347,3.351,2024.12
1785313800000,3.351,3.366,3.348,3.357,11595.22
1785314700000,3.357,3.372,3.343,3.346,6983.72
1785315600000,3.346,3.348,3.333,3.348,1554.89
1785316500000,3.348,3.36,3.346,3.36,3848.39
1785317400000,3.36,3.361,3.353,3.36,6049.66
1785318300000,3.36,3.37,3.352,3.369,5421.64
1785319200000,3.369,3.372,3.353,3.355,8256.43
1785320100000,3.355,3.363,3.353,3.358,5917.19
1785321000000,3.358,3.369,3.34,3.346,14303.76
1785321900000,3.346,3.357,3.338,3.354,6321.23
1785322800000,3.354,3.377,3.354,3.372,6577.89
1785323700000,3.372,3.378,3.367,3.371,5482.34
1785324600000,3.371,3.376,3.364,3.369,5950.96
1785325500000,3.369,3.393,3.369,3.382,9909.13
1785326400000,3.382,3.384,3.357,3.361,7754.01
1785327300000,3.361,3.361,3.342,3.345,3600.14
1785328200000,3.345,3.345,3.331,3.334,4114.47
1785329100000,3.334,3.34,3.331,3.336,1191.1
1785330000000,3.336,3.345,3.334,3.344,2400.97
1785330900000,3.344,3.347,3.335,3.339,4049.92
1785331800000,3.339,3.349,3.328,3.341,4370.79
1785332700000,3.341,3.342,3.317,3.34,12753.2
1785333600000,3.34,3.342,3.33,3.33,2092.5
1785334500000,3.33,3.337,3.313,3.324,3216.5
1785335400000,3.324,3.327,3.315,3.323,2152.74
1785336300000,3.323,3.342,3.323,3.328,4003.84
1785337200000,3.328,3.337,3.328,3.336,1790.68
1785338100000,3.336,3.336,3.324,3.333,3151.85
1785339000000,3.333,3.333,3.31,3.32,2478.79
1785339900000,3.32,3.332,3.314,3.32,8296.18
1785340800000,3.32,3.324,3.311,3.315,2155.35
1785341700000,3.315,3.334,3.309,3.33,11242.54
1785342600000,3.33,3.334,3.313,3.318,6897.15
1785343500000,3.318,3.328,3.312,3.312,2871.17
1785344400000,3.312,3.323,3.307,3.321,2458.53
1785345300000,3.321,3.321,3.313,3.319,1045.93
1785346200000,3.319,3.34,3.319,3.34,6856.38
1785347100000,3.34,3.346,3.333,3.346,8177.81
1785348000000,3.346,3.371,3.344,3.344,45901.62
1785348900000,3.344,3.346,3.328,3.329,5719.88
1785349800000,3.329,3.342,3.307,3.341,13248.78
1785350700000,3.341,3.343,3.329,3.334,2593.06
1785351600000,3.334,3.336,3.313,3.321,5736.09
1785352500000,3.321,3.321,3.286,3.288,11401.52
1785353400000,3.288,3.294,3.274,3.28,4676.27
1785354300000,3.28,3.28,3.237,3.246,22995.31
1785355200000,3.246,3.255,3.226,3.252,21615.72
1785356100000,3.252,3.253,3.201,3.222,13788.06
1785357000000,3.222,3.24,3.215,3.234,11989.79
1785357900000,3.234,3.237,3.218,3.218,1507.06
1785358800000,3.218,3.224,3.193,3.224,37740.54
1785359700000,3.224,3.248,3.221,3.248,6683.25
1785360600000,3.248,3.253,3.248,3.253,1163.25
1785361500000,3.253,3.254,3.244,3.254,1240.87
1785362400000,3.254,3.259,3.248,3.256,4097.07
1785363300000,3.256,3.264,3.25,3.264,2535.97
1785364200000,3.264,3.264,3.253,3.258,1749.74
1785365100000,3.258,3.267,3.257,3.264,2096.4
1785366000000,3.264,3.274,3.26,3.264,4483.94
1785366900000,3.264,3.28,3.264,3.276,11387.92
1785367800000,3.276,3.278,3.257,3.265,5458.74
1785368700000,3.265,3.27,3.263,3.267,1013.7
1785369600000,3.267,3.271,3.259,3.271,2944.46
1785370500000,3.271,3.28,3.26,3.26,954.76
1785371400000,3.26,3.26,3.238,3.244,24196.72
1785372300000,3.244,3.259,3.239,3.259,5212.32
1785373200000,3.259,3.294,3.259,3.286,10710.4
1785374100000,3.286,3.314,3.28,3.312,9514.83
1785375000000,3.312,3.33,3.312,3.321,15750.21
1785375900000,3.321,3.328,3.313,3.313,3217.05
1785376800000,3.313,3.333,3.312,3.316,13568.91
1785377700000,3.316,3.316,3.299,3.299,1191.89
1785378600000,3.299,3.306,3.29,3.3,1482.17
1785379500000,3.3,3.309,3.296,3.296,2544.26
1785380400000,3.296,3.296,3.273,3.274,11312.72
1785381300000,3.274,3.284,3.268,3.272,7882.45
1785382200000,3.272,3.272,3.259,3.266,3075.04
1785383100000,3.266,3.271,3.264,3.264,1904.67
1785384000000,3.264,3.264,3.238,3.24,11670.09
1785384900000,3.24,3.245,3.235,3.245,3822.74
1785385800000,3.245,3.249,3.238,3.244,3038.94
1785386700000,3.244,3.245,3.232,3.237,3027.06
1785387600000,3.237,3.237,3.226,3.23,2526.54
1785388500000,3.23,3.242,3.23,3.238,3617.14
1785389400000,3.238,3.255,3.238,3.252,6216.68
1785390300000,3.252,3.255,3.237,3.245,1066.81
1785391200000,3.245,3.248,3.239,3.241,1464.44
1785392100000,3.241,3.244,3.239,3.239,801.8
1785393000000,3.239,3.244,3.239,3.242,254.31
1785393900000,3.242,3.243,3.224,3.228,4495.69
1785394800000,3.228,3.233,3.225,3.228,13047.51
1785395700000,3.228,3.228,3.206,3.213,8902.27
1785396600000,3.213,3.217,3.205,3.21,7000.62
1785397500000,3.21,3.212,3.193,3.2,7895.78
1785398400000,3.2,3.203,3.188,3.198,10503.45
1785399300000,3.198,3.216,3.196,3.211,5482.4
1785400200000,3.211,3.216,3.2,3.2,3133.25
1785401100000,3.2,3.208,3.193,3.197,4738.62
1785402000000,3.197,3.202,3.189,3.198,7841.44
1785402900000,3.198,3.207,3.196,3.205,5288.7
1785403800000,3.205,3.21,3.198,3.208,2353.77
1785404700000,3.208,3.212,3.205,3.205,2791.9
1785405600000,3.205,3.218,3.205,3.211,5129.39
1785406500000,3.211,3.216,3.21,3.214,320.22
1785407400000,3.214,3.214,3.204,3.209,3319.46
1785408300000,3.209,3.212,3.177,3.182,8042.78
1785409200000,3.182,3.191,3.17,3.187,10626.36
1785410100000,3.187,3.201,3.186,3.2,5920.96
1785411000000,3.2,3.2,3.186,3.189,3111.27
1785411900000,3.189,3.204,3.188,3.198,13860.88
1785412800000,3.198,3.212,3.198,3.212,3630.34
1785413700000,3.212,3.213,3.19,3.192,8518.09
1785414600000,3.192,3.201,3.186,3.188,13014.59
1785415500000,3.188,3.208,3.188,3.207,1730.32
1785416400000,3.207,3.208,3.194,3.199,933.45
1785417300000,3.199,3.217,3.199,3.213,6466.16
1785418200000,3.213,3.217,3.199,3.217,9372.58
1785419100000,3.217,3.232,3.214,3.225,37302.49
1785420000000,3.225,3.225,3.205,3.208,17774.61
1785420900000,3.208,3.211,3.194,3.203,4268.43
1785421800000,3.203,3.214,3.193,3.193,10544.75
1785422700000,3.193,3.198,3.151,3.164,10048.1
1785423600000,3.164,3.167,3.154,3.165,8075.22
1785424500000,3.165,3.181,3.164,3.171,870.67
1785425400000,3.171,3.171,3.155,3.17,10254.59
1785426300000,3.17,3.17,3.155,3.163,21949.68
1785427200000,3.163,3.172,3.161,3.172,14970.47
1785428100000,3.172,3.172,3.154,3.161,8974.08
1785429000000,3.161,3.167,3.132,3.146,58085.77
1785429900000,3.146,3.153,3.136,3.148,6102.82
1785430800000,3.148,3.15,3.122,3.126,9250.4
1785431700000,3.126,3.151,3.125,3.151,5132.27
1785432600000,3.151,3.162,3.151,3.156,23588.03
1785433500000,3.156,3.165,3.156,3.161,7708.79
1785434400000,3.161,3.177,3.16,3.176,30161.5
1785435300000,3.176,3.176,3.157,3.157,28977.28
1785436200000,3.157,3.17,3.157,3.17,13368.92
1785437100000,3.17,3.178,3.15,3.152,10271.44
1785438000000,3.152,3.168,3.152,3.161,11208.78
1785438900000,3.161,3.17,3.157,3.163,2507.7
1785439800000,3.163,3.167,3.158,3.163,6446.1
1785440700000,3.163,3.17,3.159,3.166,17592.76
1785441600000,3.166,3.194,3.166,3.194,48689.3
1785442500000,3.194,3.207,3.188,3.206,15188.05
1785443400000,3.206,3.23,3.203,3.217,15057.5
1785444300000,3.217,3.245,3.213,3.221,24621.3
1785445200000,3.221,3.244,3.218,3.236,3581.75
1785446100000,3.236,3.268,3.235,3.265,5343.99
1785447000000,3.265,3.271,3.265,3.269,2831.03
1785447900000,3.269,3.293,3.255,3.292,2128.2
1785448800000,3.292,3.299,3.255,3.255,6248.38
1785449700000,3.255,3.269,3.255,3.269,5353.36
1785450600000,3.269,3.269,3.245,3.245,3222.94
1785451500000,3.245,3.25,3.235,3.235,4257.45
1785452400000,3.235,3.243,3.231,3.241,1585.05
1785453300000,3.241,3.246,3.235,3.235,1286.76
1785454200000,3.235,3.248,3.234,3.237,2828.29
1785455100000,3.237,3.251,3.237,3.247,2608.4
1785456000000,3.247,3.256,3.217,3.241,7172.48
1785456900000,3.241,3.259,3.235,3.259,3335.53
1785457800000,3.259,3.269,3.249,3.259,3375.51
1785458700000,3.259,3.26,3.242,3.249,4395.82
1785459600000,3.249,3.284,3.249,3.269,13370.51
1785460500000,3.269,3.279,3.26,3.274,944.74
1785461400000,3.274,3.292,3.267,3.267,1397.64
1785462300000,3.267,3.267,3.237,3.24,12398.17
1785463200000,3.24,3.245,3.221,3.226,4703.19
1785464100000,3.226,3.232,3.223,3.23,905.38
1785465000000,3.23,3.23,3.216,3.216,21964.69
1785465900000,3.216,3.231,3.216,3.219,2294.12
1785466800000,3.219,3.223,3.207,3.223,2350.66
1785467700000,3.223,3.231,3.221,3.225,1004.99
1785468600000,3.225,3.228,3.204,3.217,4149.93
1785469500000,3.217,3.218,3.215,3.215,661.2
1785470400000,3.215,3.215,3.184,3.184,4726.6
1785471300000,3.184,3.198,3.184,3.198,825.31
1785472200000,3.198,3.206,3.191,3.191,3254.6
1785473100000,3.191,3.191,3.185,3.189,5920.96
1785474000000,3.189,3.198,3.181,3.19,6117.5
1785474900000,3.19,3.192,3.183,3.183,1075.82
1785475800000,3.183,3.19,3.182,3.184,623.8
1785476700000,3.184,3.194,3.178,3.193,1968.31
1785477600000,3.193,3.203,3.192,3.199,2467.59
1785478500000,3.199,3.201,3.19,3.2,709.71
1785479400000,3.2,3.214,3.188,3.19,1998.67
1785480300000,3.19,3.213,3.186,3.213,2951.58
1785481200000,3.213,3.213,3.184,3.19,4378.48
1785482100000,3.19,3.195,3.185,3.185,4278.84
1785483000000,3.185,3.213,3.182,3.21,7249.36
1785483900000,3.21,3.252,3.21,3.241,16188.74
1785484800000,3.241,3.265,3.235,3.238,7678.66
1785485700000,3.238,3.255,3.228,3.247,4825.87
1785486600000,3.247,3.255,3.233,3.237,1884.95
1785487500000,3.237,3.257,3.237,3.255,3106.69
1785488400000,3.255,3.255,3.24,3.248,1767.78
1785489300000,3.248,3.248,3.22,3.234,18727.54
1785490200000,3.234,3.255,3.228,3.247,5156.82
1785491100000,3.247,3.262,3.243,3.251,1662.8
1785492000000,3.251,3.251,3.23,3.244,4844.56
1785492900000,3.244,3.248,3.238,3.238,5186.77
1785493800000,3.238,3.238,3.228,3.233,3117.26
1785494700000,3.233,3.233,3.225,3.233,2508.4
1785495600000,3.233,3.244,3.228,3.237,882.1
1785496500000,3.237,3.248,3.226,3.238,1706.3
1785497400000,3.238,3.238,3.23,3.237,797.56
1785498300000,3.237,3.242,3.227,3.233,1976.6
1785499200000,3.233,3.235,3.207,3.218,3361.28
1785500100000,3.218,3.237,3.218,3.232,1176.98
1785501000000,3.232,3.238,3.218,3.238,1772.12
1785501900000,3.238,3.257,3.238,3.253,1905.46
1785502800000,3.253,3.285,3.253,3.268,7433.2
1785503700000,3.268,3.288,3.268,3.277,2394.53
1785504600000,3.277,3.277,3.261,3.262,4837.33
1785505500000,3.262,3.286,3.247,3.279,33736.53
1785506400000,3.279,3.33,3.271,3.328,34670.76
1785507300000,3.328,3.357,3.316,3.35,17914.24
1785508200000,3.35,3.416,3.35,3.371,23694.75
1785509100000,3.371,3.373,3.336,3.373,9922.6
1785510000000,3.373,3.474,3.367,3.417,16442.14
1785510900000,3.417,3.429,3.343,3.358,16959.66
1785511800000,3.358,3.381,3.339,3.381,8060.81
1785512700000,3.381,3.415,3.38,3.398,8434.5
1785513600000,3.398,3.438,3.385,3.4,9055.68
1785514500000,3.4,3.4,3.359,3.382,6718.49
1785515400000,3.382,3.385,3.362,3.384,4833.03
1785516300000,3.384,3.452,3.381,3.439,3106.27
1785517200000,3.439,3.459,3.418,3.444,3533.33
1785518100000,3.444,3.513,3.429,3.504,6873.57
1785519000000,3.504,3.567,3.488,3.562,24885.33
1785519900000,3.562,3.59,3.499,3.514,17600.7
1785520800000,3.514,3.576,3.514,3.558,4617.72
1785521700000,3.558,3.585,3.493,3.497,12733.99
1785522600000,3.497,3.534,3.486,3.526,4446.52
1785523500000,3.526,3.556,3.514,3.545,4100.67
1785524400000,3.545,3.56,3.514,3.56,6907.58
1785525300000,3.56,3.585,3.525,3.582,5289.95
1785526200000,3.582,3.589,3.549,3.575,5101.13
1785527100000,3.575,3.613,3.574,3.593,8383.03
1785528000000,3.593,3.628,3.549,3.625,11743.91
1785528900000,3.625,3.63,3.573,3.59,9246.37
1785529800000,3.59,3.619,3.576,3.601,5856.2
1785530700000,3.601,3.629,3.575,3.624,3597.98
1785531600000,3.624,3.652,3.594,3.594,12541.26
1785532500000,3.594,3.636,3.589,3.627,13592.7
1785533400000,3.627,3.639,3.584,3.602,9321.86
1785534300000,3.602,3.602,3.563,3.578,8287.16
1785535200000,3.578,3.655,3.567,3.649,4149.65
1785536100000,3.649,3.66,3.618,3.618,4491.33
1785537000000,3.618,3.645,3.616,3.631,1574.08
1785537900000,3.631,3.641,3.598,3.598,6233.74
1785538800000,3.598,3.616,3.566,3.596,4063.55
1785539700000,3.596,3.599,3.544,3.549,6182.68
1785540600000,3.549,3.586,3.547,3.579,4128.29
1785541500000,3.579,3.677,3.579,3.671,11928.19
1785542400000,3.671,3.713,3.618,3.658,20795.03
1785543300000,3.658,3.684,3.631,3.681,5526.36
1785544200000,3.681,3.743,3.674,3.734,22017.54
1785545100000,3.734,3.785,3.694,3.755,19747.67
1785546000000,3.755,3.811,3.708,3.733,14402.97
1785546900000,3.733,3.78,3.684,3.779,8131.64
1785547800000,3.779,3.803,3.696,3.74,14125.65
1785548700000,3.74,3.743,3.652,3.683,57687.42
1785549600000,3.683,3.708,3.569,3.586,66766.19
1785550500000,3.586,3.586,3.493,3.522,57376.5
1785551400000,3.522,3.531,3.474,3.502,38689.41
1785552300000,3.502,3.519,3.482,3.5,7102.78
1785553200000,3.5,3.501,3.467,3.49,4603.39
1785554100000,3.49,3.516,3.486,3.499,2756.05
1785555000000,3.499,3.515,3.442,3.463,5314.61
1785555900000,3.463,3.473,3.446,3.461,5688.48
1785556800000,3.461,3.495,3.452,3.495,13146.28
1785557700000,3.495,3.524,3.487,3.515,8698.6
1785558600000,3.515,3.553,3.51,3.545,3399.73
1785559500000,3.545,3.559,3.535,3.559,2668.89
1785560400000,3.559,3.565,3.529,3.563,3478.43
1785561300000,3.563,3.595,3.542,3.593,8340.17
1785562200000,3.593,3.603,3.52,3.524,8440.22
1785563100000,3.524,3.528,3.492,3.493,12214.13
1785564000000,3.493,3.511,3.488,3.511,2921.91
1785564900000,3.511,3.551,3.511,3.537,5652.88
1785565800000,3.537,3.567,3.536,3.557,8537.32
1785566700000,3.557,3.569,3.538,3.538,2838.04
1785567600000,3.538,3.576,3.532,3.556,5642.98
1785568500000,3.556,3.556,3.524,3.54,2608.07
1785569400000,3.54,3.547,3.529,3.537,1311.62
1785570300000,3.537,3.546,3.532,3.536,5426.6
1785571200000,3.536,3.558,3.535,3.544,2374.04
1785572100000,3.544,3.565,3.543,3.555,3026.56
1785573000000,3.555,3.565,3.526,3.529,3840.18
1785573900000,3.529,3.529,3.51,3.521,9698.08
1785574800000,3.521,3.534,3.506,3.534,2387.46
1785575700000,3.534,3.536,3.511,3.522,2324.81
1785576600000,3.522,3.566,3.518,3.555,11561.26
1785577500000,3.555,3.618,3.549,3.615,14986.86
1785578400000,3.615,3.64,3.578,3.62,17414.97
1785579300000,3.62,3.664,3.617,3.642,12788.72
1785580200000,3.642,3.66,3.588,3.6,21985.15
1785581100000,3.6,3.645,3.573,3.644,10666.16
1785582000000,3.644,3.647,3.598,3.621,4605.07
1785582900000,3.621,3.646,3.595,3.646,7258.96
1785583800000,3.646,3.741,3.633,3.723,54478.66
1785584700000,3.723,3.743,3.702,3.739,21334.84
1785585600000,3.739,3.778,3.728,3.771,46465.28
1785586500000,3.771,3.775,3.739,3.775,12830.19
1785587400000,3.775,3.777,3.682,3.708,30533.74
1785588300000,3.708,3.744,3.701,3.701,14758.65
1785589200000,3.701,3.757,3.701,3.757,13797.97
1785590100000,3.757,3.759,3.713,3.744,12231.02
1785591000000,3.744,3.751,3.65,3.666,27545.66
1785591900000,3.666,3.698,3.653,3.673,7990.51
1785592800000,3.673,3.698,3.669,3.688,10878.15
1785593700000,3.688,3.688,3.655,3.667,8520.39
1785594600000,3.667,3.677,3.643,3.645,11293.32
1785595500000,3.645,3.686,3.645,3.653,1767.98
1785596400000,3.653,3.668,3.645,3.664,2192
1785597300000,3.664,3.671,3.632,3.67,7133.31
1785598200000,3.67,3.694,3.669,3.683,7421.28
1785599100000,3.683,3.683,3.612,3.628,8698.28
1785600000000,3.628,3.671,3.623,3.671,18805.01
1785600900000,3.671,3.703,3.668,3.679,4688.86
1785601800000,3.679,3.679,3.621,3.625,3465.06
1785602700000,3.625,3.635,3.607,3.632,2880.26
1785603600000,3.632,3.669,3.632,3.645,2393.1
1785604500000,3.645,3.664,3.645,3.658,1808.9
1785605400000,3.658,3.658,3.603,3.608,1880.41
1785606300000,3.608,3.624,3.592,3.616,3732.5
1785607200000,3.616,3.623,3.606,3.61,1138.42
1785608100000,3.61,3.61,3.585,3.596,5687.74
1785609000000,3.596,3.596,3.545,3.575,9437.39
1785609900000,3.575,3.596,3.556,3.596,3480.28
1785610800000,3.596,3.598,3.575,3.575,2485.05
1785611700000,3.575,3.575,3.534,3.537,13706.9
1785612600000,3.537,3.546,3.529,3.529,577.03
1785613500000,3.529,3.546,3.529,3.546,63.15
1785614400000,3.546,3.569,3.539,3.561,15167.41
1785615300000,3.561,3.575,3.56,3.569,1638.68
1785616200000,3.569,3.577,3.552,3.572,1965.74
1785617100000,3.572,3.587,3.566,3.587,3041.14
1785618000000,3.587,3.598,3.575,3.586,4894.81
1785618900000,3.586,3.598,3.586,3.591,415.05
1785619800000,3.591,3.611,3.585,3.611,2366.28
1785620700000,3.611,3.627,3.602,3.602,598.42
1785621600000,3.602,3.614,3.596,3.606,174.83
1785622500000,3.606,3.607,3.595,3.596,1462.7
1785623400000,3.596,3.596,3.586,3.591,450.73
1785624300000,3.591,3.612,3.591,3.608,2468.18
1785625200000,3.608,3.643,3.606,3.618,6279.23
1785626100000,3.618,3.618,3.591,3.616,3255.23
1785627000000,3.616,3.631,3.607,3.609,1309.38
1785627900000,3.609,3.623,3.606,3.612,2085.1
1785628800000,3.612,3.653,3.604,3.643,3764.04
1785629700000,3.643,3.675,3.624,3.673,3048.19
1785630600000,3.673,3.674,3.621,3.64,2745.99
1785631500000,3.64,3.657,3.622,3.651,2273.89
1785632400000,3.651,3.663,3.606,3.611,4807.94
1785633300000,3.611,3.631,3.566,3.585,7114.4
1785634200000,3.585,3.61,3.577,3.605,685.16
1785635100000,3.605,3.605,3.582,3.589,1461.95
1785636000000,3.589,3.673,3.589,3.658,20984.02
1785636900000,3.658,3.66,3.634,3.642,16020.94
1785637800000,3.642,3.644,3.578,3.601,1867.87
1785638700000,3.601,3.601,3.559,3.567,2760.45
1785639600000,3.567,3.609,3.55,3.609,3724.52
1785640500000,3.609,3.645,3.609,3.628,16495.78
1785641400000,3.628,3.645,3.615,3.631,6453.14
1785642300000,3.631,3.653,3.606,3.651,3671.03
1785643200000,3.651,3.658,3.616,3.638,2754.86
1785644100000,3.638,3.653,3.613,3.622,17074.32
1785645000000,3.622,3.626,3.605,3.621,1660.55
1785645900000,3.621,3.639,3.612,3.623,2042.79
1785646800000,3.623,3.641,3.616,3.641,2039.04
1785647700000,3.641,3.645,3.623,3.632,13604.93
1785648600000,3.632,3.697,3.632,3.694,5361.81
1785649500000,3.694,3.707,3.672,3.673,7028.76
1785650400000,3.673,3.695,3.668,3.69,3291.46
1785651300000,3.69,3.705,3.675,3.675,3412.72
1785652200000,3.675,3.689,3.667,3.673,1322.74
1785653100000,3.673,3.683,3.666,3.669,1168.71
1785654000000,3.669,3.677,3.645,3.645,4609.98
1785654900000,3.645,3.677,3.634,3.677,3756.58
1785655800000,3.677,3.743,3.676,3.742,22941.39
1785656700000,3.742,3.752,3.718,3.749,8794.61
1785657600000,3.749,3.752,3.712,3.727,3619.75
1785658500000,3.727,3.734,3.708,3.726,4073.96
1785659400000,3.726,3.733,3.698,3.709,2986.02
1785660300000,3.709,3.722,3.703,3.703,2840.87
1785661200000,3.703,3.708,3.68,3.696,3715.22
1785662100000,3.696,3.696,3.614,3.623,18256.18
1785663000000,3.623,3.63,3.606,3.616,4022.48
1785663900000,3.616,3.622,3.602,3.602,1660.38
1785664800000,3.602,3.609,3.581,3.602,12172.95
1785665700000,3.602,3.61,3.596,3.603,2259.3
1785666600000,3.603,3.603,3.56,3.566,10115.54
1785667500000,3.566,3.589,3.566,3.588,2278.45
1785668400000,3.588,3.588,3.56,3.565,5998.34
1785669300000,3.565,3.584,3.565,3.579,9213.04
1785670200000,3.579,3.579,3.557,3.563,5212.9
1785671100000,3.563,3.569,3.536,3.541,5357.98
1785672000000,3.541,3.552,3.524,3.551,7664.63
1785672900000,3.551,3.551,3.527,3.54,10591.84
1785673800000,3.54,3.558,3.537,3.551,1104.1
1785674700000,3.551,3.556,3.546,3.546,3004.16
1785675600000,3.546,3.562,3.544,3.548,2201.67
1785676500000,3.548,3.563,3.548,3.561,1127.23
1785677400000,3.561,3.577,3.561,3.565,3302.71
1785678300000,3.565,3.581,3.565,3.572,637.84
1785679200000,3.572,3.594,3.572,3.591,1244.03
1785680100000,3.591,3.604,3.581,3.595,4036.85
1785681000000,3.595,3.595,3.573,3.577,1760.78
1785681900000,3.577,3.582,3.571,3.577,1681.64
1785682800000,3.577,3.578,3.549,3.551,3758.76
1785683700000,3.551,3.574,3.551,3.559,2818.32
1785684600000,3.559,3.56,3.546,3.557,2129.27
1785685500000,3.557,3.56,3.557,3.56,70.01
1785686400000,3.56,3.567,3.551,3.556,503.05
1785687300000,3.556,3.567,3.542,3.548,508.8
1785688200000,3.548,3.555,3.538,3.543,639.46
1785689100000,3.543,3.548,3.54,3.541,3179.72
1785690000000,3.541,3.55,3.53,3.549,1165.68
1785690900000,3.549,3.558,3.545,3.553,1071.92
1785691800000,3.553,3.556,3.544,3.544,388.84
1785692700000,3.544,3.549,3.544,3.548,30.37
1785693600000,3.548,3.548,3.535,3.538,3081.11
1785694500000,3.538,3.551,3.538,3.545,501.76
1785695400000,3.545,3.554,3.539,3.549,1097.02
1785696300000,3.549,3.549,3.49,3.515,14702.32
1785697200000,3.515,3.516,3.504,3.515,4184.9
1785698100000,3.515,3.515,3.501,3.505,808.76
1785699000000,3.505,3.505,3.498,3.498,1804.19
1785699900000,3.498,3.508,3.496,3.505,300.97
1785700800000,3.505,3.506,3.493,3.494,4965.03
1785701700000,3.494,3.501,3.491,3.5,330.43
1785702600000,3.5,3.509,3.5,3.509,1853.28
1785703500000,3.509,3.513,3.503,3.504,1942.89
1785704400000,3.504,3.524,3.504,3.514,7936.98
1785705300000,3.514,3.517,3.508,3.513,170.21
1785706200000,3.513,3.519,3.51,3.519,1299.24
1785707100000,3.519,3.524,3.504,3.509,1828.39
1785708000000,3.509,3.532,3.507,3.531,3262.94
1785708900000,3.531,3.535,3.522,3.522,5076.9
1785709800000,3.522,3.526,3.519,3.526,2018.28
1785710700000,3.526,3.526,3.521,3.522,170.73
1785711600000,3.522,3.534,3.517,3.526,2125.46
1785712500000,3.526,3.533,3.526,3.533,430.36
1785713400000,3.533,3.533,3.525,3.532,850.09
1785714300000,3.532,3.541,3.532,3.538,783.18
1785715200000,3.538,3.548,3.523,3.548,4394.46
1785716100000,3.548,3.559,3.533,3.534,995.33
1785717000000,3.534,3.54,3.514,3.519,1633.07
1785717900000,3.519,3.523,3.513,3.52,966.59
1785718800000,3.52,3.547,3.493,3.497,14944.05
1785719700000,3.497,3.497,3.472,3.488,11637.95
1785720600000,3.488,3.488,3.464,3.478,3884.26
1785721500000,3.478,3.504,3.478,3.494,1808.15
1785722400000,3.494,3.499,3.485,3.488,1311.12
1785723300000,3.488,3.513,3.487,3.492,754.52
1785724200000,3.492,3.498,3.487,3.498,288.54
1785725100000,3.498,3.499,3.482,3.482,253.86
1785726000000,3.482,3.493,3.482,3.492,858.64
1785726900000,3.492,3.504,3.492,3.498,2360.09
1785727800000,3.498,3.507,3.492,3.501,4607.85
1785728700000,3.501,3.503,3.484,3.499,8440.62
1785729600000,3.499,3.499,3.477,3.492,7342.8
1785730500000,3.492,3.505,3.487,3.497,609.14
1785731400000,3.497,3.537,3.497,3.534,4832.74
1785732300000,3.534,3.534,3.502,3.503,756.1
1785733200000,3.503,3.517,3.503,3.517,2778.46
1785734100000,3.517,3.517,3.505,3.511,1306.3
1785735000000,3.511,3.511,3.489,3.489,1351.51
1785735900000,3.489,3.499,3.485,3.498,433.44
1785736800000,3.498,3.498,3.479,3.479,3169.08
1785737700000,3.479,3.479,3.451,3.458,11625.7
1785738600000,3.458,3.461,3.44,3.445,8015.96
1785739500000,3.445,3.46,3.444,3.458,2806.03
1785740400000,3.458,3.458,3.439,3.439,1315.49
1785741300000,3.439,3.457,3.431,3.452,3428.21
1785742200000,3.452,3.463,3.44,3.44,2753.57
1785743100000,3.44,3.445,3.426,3.426,3882.99
1785744000000,3.426,3.433,3.422,3.428,2476.7
1785744900000,3.428,3.432,3.415,3.423,10441.15
1785745800000,3.423,3.435,3.42,3.433,758.6
1785746700000,3.433,3.435,3.427,3.433,2873.73
1785747600000,3.433,3.438,3.43,3.433,1632.61
1785748500000,3.433,3.436,3.425,3.432,327.36
1785749400000,3.432,3.454,3.432,3.454,2420.67
1785750300000,3.454,3.46,3.451,3.46,3305.8
1785751200000,3.46,3.46,3.442,3.447,2603.1
1785752100000,3.447,3.447,3.441,3.447,1862.64
1785753000000,3.447,3.447,3.432,3.432,1997.22
1785753900000,3.432,3.432,3.407,3.417,2704.83
1785754800000,3.417,3.417,3.393,3.402,4651.17
1785755700000,3.402,3.421,3.402,3.418,1261.48
1785756600000,3.418,3.421,3.408,3.408,430.97
1785757500000,3.408,3.419,3.408,3.41,504.36
1785758400000,3.41,3.415,3.405,3.414,529.47
1785759300000,3.414,3.414,3.407,3.407,423.84
1785760200000,3.407,3.413,3.407,3.413,173.75
1785761100000,3.413,3.413,3.405,3.405,197.7
1785762000000,3.405,3.407,3.386,3.393,622.68
1785762900000,3.393,3.425,3.393,3.412,8080.79
1785763800000,3.412,3.435,3.402,3.435,1504.67
1785764700000,3.435,3.453,3.423,3.452,5504.89
1785765600000,3.452,3.456,3.442,3.456,1477.34
1785766500000,3.456,3.464,3.435,3.456,3374.29
1785767400000,3.456,3.457,3.451,3.453,248.33
1785768300000,3.453,3.454,3.439,3.45,2007.48
1785769200000,3.45,3.458,3.446,3.449,4860.83
1785770100000,3.449,3.454,3.441,3.441,4287.59
1785771000000,3.441,3.448,3.426,3.43,1135.38
1785771900000,3.43,3.44,3.425,3.425,590.99
1785772800000,3.425,3.438,3.424,3.429,577.2
1785773700000,3.429,3.434,3.426,3.43,293.62
1785774600000,3.43,3.438,3.419,3.435,1949.51
1785775500000,3.435,3.438,3.428,3.428,838.14
1785776400000,3.428,3.439,3.428,3.439,412.45
1785777300000,3.439,3.447,3.432,3.432,892.68
1785778200000,3.432,3.434,3.423,3.434,1773.52
1785779100000,3.434,3.44,3.43,3.439,3558.47
1785780000000,3.439,3.459,3.438,3.457,697.23
1785780900000,3.457,3.471,3.449,3.453,5800.01
1785781800000,3.453,3.468,3.453,3.468,2459.13
1785782700000,3.468,3.468,3.456,3.457,413.15
1785783600000,3.457,3.457,3.45,3.455,314.33
1785784500000,3.455,3.458,3.455,3.455,73.67
1785785400000,3.455,3.46,3.455,3.457,89.24
1785786300000,3.457,3.457,3.454,3.454,38.15
1785787200000,3.454,3.461,3.453,3.459,456.24
1785788100000,3.459,3.469,3.457,3.458,387.61
1785789000000,3.458,3.46,3.456,3.46,74.71
1785789900000,3.46,3.473,3.457,3.472,1453.26
1785790800000,3.472,3.472,3.452,3.458,4308.57
1785791700000,3.458,3.458,3.451,3.451,96.03
1785792600000,3.451,3.456,3.451,3.456,44.06
1785793500000,3.456,3.46,3.444,3.444,684.59
1785794400000,3.444,3.444,3.428,3.442,1797.2
1785795300000,3.442,3.449,3.441,3.445,726.09
1785796200000,3.445,3.458,3.445,3.452,357.49
1785797100000,3.452,3.468,3.452,3.468,2907.49
1785798000000,3.468,3.47,3.462,3.466,347.05
1785798900000,3.466,3.483,3.46,3.479,3771.84
1785799800000,3.479,3.496,3.479,3.492,3851.81
1785800700000,3.492,3.495,3.483,3.483,558.68
1785801600000,3.483,3.504,3.482,3.501,13303.89
1785802500000,3.501,3.501,3.48,3.488,4282.08
1785803400000,3.488,3.489,3.456,3.459,3608.65
1785804300000,3.459,3.46,3.444,3.446,321.2
1785805200000,3.446,3.453,3.442,3.448,478.21
1785806100000,3.448,3.451,3.435,3.445,1354.25
1785807000000,3.445,3.461,3.443,3.454,685.83
1785807900000,3.454,3.454,3.443,3.45,218.23
1785808800000,3.45,3.454,3.441,3.449,3170.34
1785809700000,3.449,3.449,3.44,3.448,603.08
1785810600000,3.448,3.453,3.44,3.44,645.69
1785811500000,3.44,3.451,3.438,3.451,2080.54
1785812400000,3.451,3.454,3.444,3.445,922.04
1785813300000,3.445,3.447,3.444,3.447,278.59
1785814200000,3.447,3.448,3.437,3.447,4901.06
1785815100000,3.447,3.447,3.417,3.421,5107.12
1785816000000,3.421,3.423,3.419,3.42,335.19
1785816900000,3.42,3.434,3.42,3.424,1160.6
1785817800000,3.424,3.426,3.414,3.426,1115.68
1785818700000,3.426,3.436,3.426,3.43,969.5
1785819600000,3.43,3.43,3.415,3.419,119.03
1785820500000,3.419,3.419,3.408,3.41,401.48
1785821400000,3.41,3.418,3.41,3.418,396.4
1785822300000,3.418,3.443,3.418,3.428,15899.29
1785823200000,3.428,3.428,3.411,3.419,1018.96
1785824100000,3.419,3.434,3.419,3.429,976.43
1785825000000,3.429,3.429,3.417,3.425,2745.72
1785825900000,3.425,3.43,3.421,3.421,653.54
1785826800000,3.421,3.448,3.421,3.436,1103.65
1785827700000,3.436,3.444,3.424,3.444,1377.98
1785828600000,3.444,3.479,3.444,3.454,3131.22
1785829500000,3.454,3.455,3.447,3.447,1144.15
1785830400000,3.447,3.453,3.445,3.445,591.61
1785831300000,3.445,3.466,3.444,3.463,887.96
1785832200000,3.463,3.476,3.457,3.476,3858.25
1785833100000,3.476,3.49,3.448,3.451,11425.5
1785834000000,3.451,3.462,3.451,3.452,2964.52
1785834900000,3.452,3.455,3.438,3.44,12444.24
1785835800000,3.44,3.449,3.44,3.443,454.74
1785836700000,3.443,3.453,3.439,3.453,7545.32
1785837600000,3.453,3.457,3.449,3.449,2028.24
1785838500000,3.449,3.457,3.442,3.442,883.33
1785839400000,3.442,3.443,3.434,3.443,901.8
1785840300000,3.443,3.466,3.443,3.46,607.67
1785841200000,3.46,3.46,3.454,3.454,177.67
1785842100000,3.454,3.454,3.442,3.445,6338.04
1785843000000,3.445,3.445,3.427,3.433,967.1
1785843900000,3.433,3.434,3.432,3.432,369.54
1785844800000,3.432,3.432,3.421,3.421,2429.76
1785845700000,3.421,3.426,3.419,3.423,1146.73
1785846600000,3.423,3.429,3.417,3.429,1779.12
1785847500000,3.429,3.429,3.404,3.409,2492.02
1785848400000,3.409,3.416,3.404,3.41,1776.73
1785849300000,3.41,3.419,3.406,3.409,2916.04
1785850200000,3.409,3.435,3.407,3.435,8418
1785851100000,3.435,3.435,3.41,3.41,2809.16
1785852000000,3.41,3.414,3.403,3.407,2455.99
1785852900000,3.407,3.407,3.369,3.383,16193.68
1785853800000,3.383,3.409,3.383,3.408,4297.15
1785854700000,3.408,3.442,3.408,3.442,3298.27
1785855600000,3.442,3.45,3.437,3.447,2437.08
1785856500000,3.447,3.453,3.438,3.443,682.38
1785857400000,3.443,3.455,3.439,3.445,1237.39
1785858300000,3.445,3.455,3.444,3.444,1930.84
1785859200000,3.444,3.453,3.428,3.448,8021.88
1785860100000,3.448,3.471,3.448,3.461,740.45
1785861000000,3.461,3.473,3.445,3.445,2203.8
1785861900000,3.445,3.454,3.432,3.432,1684.99
1785862800000,3.432,3.453,3.432,3.447,1368.36
1785863700000,3.447,3.449,3.436,3.446,834.73
1785864600000,3.446,3.45,3.446,3.447,15.83
1785865500000,3.447,3.447,3.434,3.442,379.6
1785866400000,3.442,3.458,3.44,3.458,460.05
1785867300000,3.458,3.458,3.442,3.445,2291.24
1785868200000,3.445,3.445,3.436,3.439,704.54
1785869100000,3.439,3.457,3.439,3.447,759.98
1785870000000,3.447,3.458,3.444,3.456,379.72
1785870900000,3.456,3.464,3.449,3.457,1458.93
1785871800000,3.457,3.459,3.445,3.45,1243.58
1785872700000,3.45,3.45,3.433,3.434,1512.31
1785873600000,3.434,3.436,3.428,3.431,1245.89
1785874500000,3.431,3.431,3.418,3.422,440.93
1785875400000,3.422,3.443,3.422,3.439,1779.29
1785876300000,3.439,3.439,3.43,3.43,1296.52
1785877200000,3.43,3.434,3.422,3.422,3813.92
1785878100000,3.422,3.422,3.42,3.421,163.89
1785879000000,3.421,3.426,3.421,3.423,288.38
1785879900000,3.423,3.431,3.423,3.431,709.57
1785880800000,3.431,3.431,3.419,3.419,186.48
1785881700000,3.419,3.419,3.411,3.417,429.19
1785882600000,3.417,3.417,3.41,3.411,227.31
1785883500000,3.411,3.415,3.411,3.414,39.25
1785884400000,3.414,3.42,3.41,3.42,248.59
1785885300000,3.42,3.424,3.393,3.401,2909.72
1785886200000,3.401,3.401,3.39,3.394,1366.18
1785887100000,3.394,3.394,3.364,3.37,3717.89
1785888000000,3.37,3.37,3.34,3.358,9752.12
1785888900000,3.358,3.387,3.353,3.36,2763.36
1785889800000,3.36,3.376,3.35,3.357,10724.46
1785890700000,3.357,3.361,3.342,3.358,2531.21
1785891600000,3.358,3.373,3.358,3.369,2434.57
1785892500000,3.369,3.387,3.369,3.386,4122.53
1785893400000,3.386,3.391,3.373,3.375,2009.13
1785894300000,3.375,3.375,3.358,3.358,4401.4
1785895200000,3.358,3.377,3.358,3.377,387.02
1785896100000,3.377,3.385,3.375,3.383,1560.88
1785897000000,3.383,3.393,3.383,3.391,3390.35
1785897900000,3.391,3.393,3.389,3.391,219.22
1785898800000,3.391,3.393,3.374,3.38,716.49
1785899700000,3.38,3.38,3.364,3.366,484.21
1785900600000,3.366,3.37,3.358,3.37,5537.24
1785901500000,3.37,3.371,3.362,3.371,1026.66
1785902400000,3.371,3.371,3.357,3.36,467.32
1785903300000,3.36,3.365,3.36,3.363,1015.37
1785904200000,3.363,3.376,3.363,3.365,586.55
1785905100000,3.365,3.371,3.358,3.36,705.7
1785906000000,3.36,3.368,3.36,3.367,441.26
1785906900000,3.367,3.367,3.362,3.365,198.32
1785907800000,3.365,3.365,3.355,3.36,4214.82
1785908700000,3.36,3.372,3.356,3.356,2020.53
1785909600000,3.356,3.356,3.345,3.349,349.19
1785910500000,3.349,3.356,3.347,3.347,152.58
1785911400000,3.347,3.351,3.346,3.351,175.3
1785912300000,3.351,3.353,3.351,3.352,319.77
1785913200000,3.352,3.367,3.352,3.359,2107.39
1785914100000,3.359,3.364,3.355,3.363,1902.29
1785915000000,3.363,3.375,3.358,3.371,539.67
1785915900000,3.371,3.381,3.371,3.381,325.43
1785916800000,3.381,3.385,3.368,3.368,4083.47
1785917700000,3.368,3.387,3.36,3.387,1017.91
1785918600000,3.387,3.392,3.38,3.38,4190.8
1785919500000,3.38,3.38,3.365,3.365,124.78
1785920400000,3.365,3.377,3.358,3.377,3330.33
1785921300000,3.377,3.383,3.376,3.382,903.57
1785922200000,3.382,3.382,3.368,3.373,5177.93
1785923100000,3.373,3.373,3.36,3.363,1031.62
1785924000000,3.363,3.369,3.359,3.364,1402.91
1785924900000,3.364,3.372,3.361,3.372,1522.98
1785925800000,3.372,3.384,3.366,3.366,1297.95
1785926700000,3.366,3.366,3.352,3.359,804
1785927600000,3.359,3.37,3.356,3.359,906.39
1785928500000,3.359,3.363,3.353,3.354,751.57
1785929400000,3.354,3.365,3.354,3.363,968.53
1785930300000,3.363,3.364,3.352,3.352,1122.55
1785931200000,3.352,3.36,3.344,3.36,1866.05
1785932100000,3.36,3.38,3.351,3.373,5230.45
1785933000000,3.373,3.383,3.37,3.382,244.74
1785933900000,3.382,3.406,3.378,3.403,4865.3
1785934800000,3.403,3.453,3.403,3.453,6342.34
1785935700000,3.453,3.453,3.42,3.422,3115.65
1785936600000,3.422,3.422,3.397,3.417,2803.05
1785937500000,3.417,3.437,3.41,3.437,1245.19
1785938400000,3.437,3.444,3.41,3.41,2862.23
1785939300000,3.41,3.41,3.382,3.396,906.69
1785940200000,3.396,3.396,3.381,3.393,3603.72
1785941100000,3.393,3.401,3.391,3.393,1210.85
1785942000000,3.393,3.408,3.393,3.4,1916.38
1785942900000,3.4,3.402,3.39,3.402,3197.35
1785943800000,3.402,3.406,3.398,3.399,865.85
1785944700000,3.399,3.4,3.39,3.39,203.39
1785945600000,3.39,3.403,3.39,3.396,942.64
1785946500000,3.396,3.411,3.384,3.411,1395.52
1785947400000,3.411,3.42,3.406,3.411,611.27
1785948300000,3.411,3.419,3.408,3.419,387.55
1785949200000,3.419,3.422,3.411,3.411,349.08
1785950100000,3.411,3.411,3.405,3.407,229.92
1785951000000,3.407,3.425,3.407,3.416,128.65
1785951900000,3.416,3.418,3.408,3.408,174.99
1785952800000,3.408,3.417,3.408,3.417,972.35
1785953700000,3.417,3.421,3.398,3.4,4872.48
1785954600000,3.4,3.406,3.398,3.404,1306.62
1785955500000,3.404,3.404,3.395,3.395,354.66
1785956400000,3.395,3.413,3.395,3.403,728.62
1785957300000,3.403,3.403,3.401,3.401,35.96
1785958200000,3.401,3.406,3.401,3.404,211.15
1785959100000,3.404,3.404,3.401,3.401,1.93
1785960000000,3.401,3.411,3.394,3.405,1806.68
1785960900000,3.405,3.405,3.399,3.402,108.24
1785961800000,3.402,3.407,3.402,3.405,1584.63
1785962700000,3.405,3.405,3.397,3.397,544.77
1785963600000,3.397,3.401,3.393,3.401,440.55
1785964500000,3.401,3.401,3.39,3.39,70.46
1785965400000,3.39,3.39,3.374,3.374,255.75
1785966300000,3.374,3.382,3.374,3.382,25.86
1785967200000,3.382,3.391,3.382,3.391,11920.83
1785968100000,3.391,3.391,3.38,3.384,233.34
1785969000000,3.384,3.384,3.371,3.373,581.32
1785969900000,3.373,3.374,3.371,3.374,337.91
1785970800000,3.374,3.379,3.363,3.379,1800.07
1785971700000,3.379,3.391,3.377,3.391,108.55
1785972600000,3.391,3.391,3.386,3.388,289.69
1785973500000,3.388,3.394,3.384,3.392,8913.42
1785974400000,3.392,3.402,3.392,3.401,1068.71
1785975300000,3.401,3.406,3.394,3.403,5582.29
1785976200000,3.403,3.403,3.395,3.395,237.8
1785977100000,3.395,3.446,3.395,3.442,5233.19
1785978000000,3.442,3.471,3.436,3.44,3492.17
1785978900000,3.44,3.44,3.41,3.41,17091.83
1785979800000,3.41,3.414,3.4,3.401,978.03
1785980700000,3.401,3.412,3.397,3.399,890.22
1785981600000,3.399,3.402,3.39,3.399,622.06
1785982500000,3.399,3.401,3.376,3.393,673.21
1785983400000,3.393,3.412,3.39,3.409,393.43
1785984300000,3.409,3.411,3.406,3.411,319.02
1785985200000,3.411,3.411,3.383,3.383,414.54
1785986100000,3.383,3.387,3.366,3.366,1127.51
1785987000000,3.366,3.371,3.349,3.351,4496.1
1785987900000,3.351,3.355,3.331,3.339,2629.47
1785988800000,3.339,3.34,3.314,3.34,4066.95
1785989700000,3.34,3.361,3.34,3.354,164.52
1785990600000,3.354,3.357,3.341,3.341,3305.2
1785991500000,3.341,3.341,3.329,3.329,383.52
1785992400000,3.329,3.341,3.326,3.341,1330.07
1785993300000,3.341,3.357,3.334,3.338,4339.65
1785994200000,3.338,3.338,3.325,3.325,533.92
1785995100000,3.325,3.327,3.32,3.32,62.15
1785996000000,3.32,3.327,3.318,3.319,323.91
1785996900000,3.319,3.324,3.289,3.324,24192.21
1785997800000,3.324,3.327,3.315,3.317,1218.77
1785998700000,3.317,3.334,3.317,3.334,1248.27
1785999600000,3.334,3.334,3.317,3.32,395.97
1786000500000,3.32,3.329,3.32,3.329,801.64
1786001400000,3.329,3.329,3.322,3.325,9975.25
1786002300000,3.325,3.331,3.322,3.322,6438.26
1786003200000,3.322,3.326,3.308,3.308,2845
1786004100000,3.308,3.314,3.301,3.313,17523.16
1786005000000,3.313,3.323,3.307,3.315,5833.66
1786005900000,3.315,3.327,3.313,3.319,18625.06
1786006800000,3.319,3.321,3.299,3.3,2261.65
1786007700000,3.3,3.309,3.298,3.305,1543.45
1786008600000,3.305,3.32,3.299,3.302,2216.47
1786009500000,3.302,3.314,3.302,3.309,579.5
1786010400000,3.309,3.317,3.306,3.306,687.01
1786011300000,3.306,3.329,3.306,3.329,1252.17
1786012200000,3.329,3.335,3.315,3.315,2747.57
1786013100000,3.315,3.315,3.308,3.308,659.19
1786014000000,3.308,3.308,3.274,3.305,21528.36
1786014900000,3.305,3.323,3.303,3.323,1347.73
1786015800000,3.323,3.349,3.322,3.345,2592.52
1786016700000,3.345,3.351,3.339,3.35,652.07
1786017600000,3.35,3.35,3.337,3.342,657.47
1786018500000,3.342,3.35,3.327,3.344,3457.01
1786019400000,3.344,3.353,3.338,3.353,687.32
1786020300000,3.353,3.355,3.341,3.351,742.68
1786021200000,3.351,3.351,3.33,3.342,3465.17
1786022100000,3.342,3.346,3.33,3.334,860.66
1786023000000,3.334,3.348,3.334,3.346,1395.51
1786023900000,3.346,3.346,3.334,3.339,358.16
1786024800000,3.339,3.339,3.334,3.337,353.59
1786025700000,3.337,3.337,3.318,3.322,3442.61
1786026600000,3.322,3.34,3.32,3.335,1426.71
1786027500000,3.335,3.343,3.324,3.341,2786.97
1786028400000,3.341,3.345,3.335,3.335,1793.33
1786029300000,3.335,3.346,3.335,3.344,307.1
1786030200000,3.344,3.345,3.33,3.33,454.07
1786031100000,3.33,3.332,3.318,3.318,2336.61
1786032000000,3.318,3.33,3.313,3.32,852.62
1786032900000,3.32,3.334,3.32,3.332,1943.84
1786033800000,3.332,3.362,3.332,3.361,1361.23
1786034700000,3.361,3.371,3.357,3.357,2966.5
1786035600000,3.357,3.365,3.348,3.348,252.68
1786036500000,3.348,3.359,3.348,3.357,1355.8
1786037400000,3.357,3.357,3.339,3.343,207.2
1786038300000,3.343,3.361,3.343,3.357,913.95
1786039200000,3.357,3.361,3.35,3.35,210.15
1786040100000,3.35,3.357,3.35,3.357,595.6
1786041000000,3.357,3.358,3.349,3.349,841.79
1786041900000,3.349,3.35,3.345,3.349,862.08
1786042800000,3.349,3.361,3.349,3.361,462.45
1786043700000,3.361,3.373,3.357,3.372,520.53
1786044600000,3.372,3.372,3.356,3.356,72.54
1786045500000,3.356,3.36,3.35,3.35,128.6
1786046400000,3.35,3.359,3.35,3.355,39.85
1786047300000,3.355,3.355,3.352,3.352,36.28
1786048200000,3.352,3.361,3.352,3.36,271.28
1786049100000,3.36,3.363,3.358,3.363,13.05
1786050000000,3.363,3.371,3.363,3.371,182.71
1786050900000,3.371,3.386,3.367,3.368,1747.8
1786051800000,3.368,3.395,3.368,3.395,2888.88
1786052700000,3.395,3.422,3.391,3.411,1469.34
1786053600000,3.411,3.442,3.411,3.434,1293.91
1786054500000,3.434,3.434,3.399,3.406,2214.5
1786055400000,3.406,3.407,3.39,3.39,352.1
1786056300000,3.39,3.39,3.38,3.38,186.6
1786057200000,3.38,3.38,3.371,3.376,143.84
1786058100000,3.376,3.378,3.361,3.366,339.82
1786059000000,3.366,3.374,3.366,3.367,73.95
1786059900000,3.367,3.379,3.367,3.378,571.3
1786060800000,3.378,3.401,3.374,3.385,1821.29
1786061700000,3.385,3.399,3.381,3.389,892.16
1786062600000,3.389,3.403,3.383,3.4,943.84
1786063500000,3.4,3.408,3.395,3.4,426.74
1786064400000,3.4,3.404,3.389,3.4,903.39
1786065300000,3.4,3.4,3.378,3.378,2692.47
1786066200000,3.378,3.385,3.365,3.366,655.23
1786067100000,3.366,3.369,3.36,3.36,455.9
1786068000000,3.36,3.361,3.345,3.361,1945.97
1786068900000,3.361,3.378,3.359,3.364,762.89
1786069800000,3.364,3.364,3.353,3.359,126.6
1786070700000,3.359,3.359,3.349,3.35,170.47
1786071600000,3.35,3.351,3.343,3.344,777.97
1786072500000,3.344,3.345,3.34,3.341,279.52
1786073400000,3.341,3.345,3.338,3.34,590.21
1786074300000,3.34,3.34,3.324,3.33,348.22
1786075200000,3.33,3.332,3.321,3.329,1082.8
1786076100000,3.329,3.344,3.329,3.34,1182.15
1786077000000,3.34,3.34,3.331,3.332,186.35
1786077900000,3.332,3.332,3.33,3.33,0.74
1786078800000,3.33,3.334,3.329,3.334,490.96
1786079700000,3.334,3.335,3.333,3.334,299.16
1786080600000,3.334,3.349,3.333,3.339,156.14
1786081500000,3.339,3.37,3.339,3.37,3058.07
1786082400000,3.37,3.37,3.353,3.354,522.48
1786083300000,3.354,3.359,3.354,3.358,73.87
1786084200000,3.358,3.358,3.344,3.346,7864.23
1786085100000,3.346,3.35,3.338,3.34,650.63
1786086000000,3.34,3.356,3.335,3.354,875.57
1786086900000,3.354,3.361,3.353,3.353,288.69
1786087800000,3.353,3.353,3.334,3.334,251.45
1786088700000,3.334,3.337,3.334,3.337,10
1786089600000,3.337,3.341,3.33,3.338,82.92
1786090500000,3.338,3.338,3.329,3.329,6805.54
1786091400000,3.329,3.335,3.326,3.335,2848.75
1786092300000,3.335,3.335,3.32,3.322,105.95
1786093200000,3.322,3.334,3.315,3.332,18306.54
1786094100000,3.332,3.343,3.324,3.337,10533.62
1786095000000,3.337,3.339,3.33,3.336,3156.69
1786095900000,3.336,3.342,3.336,3.342,354.16
1786096800000,3.342,3.346,3.341,3.343,306.47
1786097700000,3.343,3.345,3.342,3.343,72.63
1786098600000,3.343,3.343,3.328,3.329,475.6
1786099500000,3.329,3.329,3.32,3.32,57.81
1786100400000,3.32,3.335,3.32,3.333,418.26
1786101300000,3.333,3.341,3.332,3.335,171.36
1786102200000,3.335,3.359,3.33,3.35,2450.64
1786103100000,3.35,3.354,3.332,3.342,25836.39
1786104000000,3.342,3.35,3.333,3.339,2972.27
1786104900000,3.339,3.341,3.334,3.334,145.36
1786105800000,3.334,3.361,3.33,3.335,3972.54
1786106700000,3.335,3.341,3.33,3.34,748.22
1786107600000,3.34,3.341,3.333,3.333,189.8
1786108500000,3.333,3.342,3.33,3.341,4907.28
1786109400000,3.341,3.359,3.337,3.358,3189.67
1786110300000,3.358,3.358,3.345,3.347,2902.95
1786111200000,3.347,3.347,3.309,3.31,17679.5
1786112100000,3.31,3.328,3.31,3.325,1980.7
1786113000000,3.325,3.325,3.305,3.308,1263.21
1786113900000,3.308,3.308,3.284,3.3,18082.91
1786114800000,3.3,3.315,3.293,3.314,2170.04
1786115700000,3.314,3.323,3.312,3.322,666.49
1786116600000,3.322,3.327,3.315,3.32,6421.85
1786117500000,3.32,3.32,3.313,3.315,63.82
1786118400000,3.315,3.325,3.315,3.32,642.52
1786119300000,3.32,3.321,3.308,3.308,67.28
1786120200000,3.308,3.312,3.299,3.307,847.47
1786121100000,3.307,3.307,3.287,3.288,536.53
1786122000000,3.288,3.289,3.276,3.276,5432.98
1786122900000,3.276,3.285,3.271,3.275,5709.84
1786123800000,3.275,3.275,3.244,3.273,8997.34
1786124700000,3.273,3.273,3.265,3.271,68.03
1786125600000,3.271,3.279,3.267,3.278,4140.64
1786126500000,3.278,3.283,3.275,3.278,672.59
1786127400000,3.278,3.285,3.274,3.274,2668.83
1786128300000,3.274,3.277,3.268,3.27,505.42
1786129200000,3.27,3.282,3.269,3.282,934.03
1786130100000,3.282,3.283,3.281,3.281,21
1786131000000,3.281,3.281,3.273,3.273,85.89
1786131900000,3.273,3.274,3.267,3.267,205.13
1786132800000,3.267,3.271,3.265,3.268,234.9
1786133700000,3.268,3.269,3.264,3.264,213.5
1786134600000,3.264,3.264,3.25,3.254,2039.9
1786135500000,3.254,3.257,3.252,3.254,1068.01
1786136400000,3.254,3.258,3.252,3.258,870.71
1786137300000,3.258,3.262,3.251,3.255,741.56
1786138200000,3.255,3.262,3.255,3.262,289.63
1786139100000,3.262,3.262,3.242,3.246,798.91
1786140000000,3.246,3.255,3.241,3.255,517.44
1786140900000,3.255,3.262,3.255,3.26,246.65
1786141800000,3.26,3.266,3.26,3.265,163.48
1786142700000,3.265,3.269,3.264,3.269,104.05
1786143600000,3.269,3.271,3.265,3.27,416.89
1786144500000,3.27,3.276,3.265,3.265,909.06
1786145400000,3.265,3.265,3.255,3.255,112.59
1786146300000,3.255,3.262,3.25,3.25,895.43
1786147200000,3.25,3.251,3.235,3.241,2275.79
1786148100000,3.241,3.252,3.238,3.244,694.65
1786149000000,3.244,3.244,3.226,3.24,7736.85
1786149900000,3.24,3.255,3.24,3.255,147.53
1786150800000,3.255,3.255,3.243,3.254,742.2
1786151700000,3.254,3.265,3.254,3.265,907.25
1786152600000,3.265,3.268,3.259,3.268,541.43
1786153500000,3.268,3.268,3.252,3.26,1232.92
1786154400000,3.26,3.27,3.258,3.27,456.12
1786155300000,3.27,3.273,3.267,3.273,756.95
1786156200000,3.273,3.279,3.272,3.279,435.35
1786157100000,3.279,3.279,3.269,3.269,136.52
1786158000000,3.269,3.292,3.269,3.291,722.67
1786158900000,3.291,3.32,3.291,3.313,6407.03
1786159800000,3.313,3.314,3.299,3.306,1099.82
1786160700000,3.306,3.323,3.302,3.31,3239.52
1786161600000,3.31,3.323,3.31,3.316,520.08
1786162500000,3.316,3.334,3.316,3.323,567.78
1786163400000,3.323,3.327,3.317,3.327,1330
1786164300000,3.327,3.335,3.318,3.319,2389.99
1786165200000,3.319,3.336,3.315,3.333,1156.8
1786166100000,3.333,3.344,3.33,3.33,1341.03
1786167000000,3.33,3.37,3.33,3.369,3926.09
1786167900000,3.369,3.413,3.368,3.413,8542.77
1786168800000,3.413,3.422,3.4,3.408,4151.6
1786169700000,3.408,3.417,3.391,3.412,13865.35
1786170600000,3.412,3.442,3.401,3.432,5458.91
1786171500000,3.432,3.438,3.417,3.42,7926.34
1786172400000,3.42,3.463,3.42,3.435,12690.58
1786173300000,3.435,3.448,3.425,3.443,2135.18
1786174200000,3.443,3.452,3.434,3.452,3964.11
1786175100000,3.452,3.475,3.448,3.459,2557.26
1786176000000,3.459,3.493,3.459,3.482,9668.65
1786176900000,3.482,3.487,3.463,3.483,1661.85
1786177800000,3.483,3.5,3.48,3.485,10367.04
1786178700000,3.485,3.514,3.471,3.509,2866.72
1786179600000,3.509,3.521,3.488,3.488,2102.45
1786180500000,3.488,3.541,3.484,3.538,9235.69
1786181400000,3.538,3.541,3.516,3.525,5194.7
1786182300000,3.525,3.546,3.522,3.524,6841.9
1786183200000,3.524,3.55,3.521,3.534,1729.34
1786184100000,3.534,3.542,3.521,3.535,5473.63
1786185000000,3.535,3.548,3.529,3.531,7939.38
1786185900000,3.531,3.532,3.498,3.498,5889.74
1786186800000,3.498,3.521,3.496,3.521,4553.71
1786187700000,3.521,3.565,3.514,3.556,6822.4
1786188600000,3.556,3.559,3.521,3.529,1602.14
1786189500000,3.529,3.54,3.522,3.522,1447.56
1786190400000,3.522,3.528,3.507,3.513,3133.79
1786191300000,3.513,3.524,3.505,3.505,7345.06
1786192200000,3.505,3.515,3.494,3.515,2091.92
1786193100000,3.515,3.529,3.497,3.497,2321.65
1786194000000,3.497,3.503,3.485,3.488,7170.11
1786194900000,3.488,3.489,3.445,3.453,21874.56
1786195800000,3.453,3.455,3.432,3.441,9728.29
1786196700000,3.441,3.45,3.441,3.45,1112.33
1786197600000,3.45,3.458,3.441,3.458,719.71
1786198500000,3.458,3.476,3.451,3.469,7405.74
1786199400000,3.469,3.475,3.457,3.458,1372
1786200300000,3.458,3.458,3.429,3.437,2088.12
1786201200000,3.437,3.458,3.434,3.45,12936.53
1786202100000,3.45,3.478,3.45,3.471,1268.73
1786203000000,3.471,3.474,3.465,3.468,338.69
1786203900000,3.468,3.476,3.468,3.468,697.25
1786204800000,3.468,3.48,3.463,3.463,1724.15
1786205700000,3.463,3.464,3.439,3.439,2115.11
1786206600000,3.439,3.458,3.436,3.458,929.72
1786207500000,3.458,3.462,3.453,3.459,719.16
1786208400000,3.459,3.459,3.452,3.455,1551.49
1786209300000,3.455,3.458,3.444,3.448,766.61
1786210200000,3.448,3.448,3.434,3.446,299.72
1786211100000,3.446,3.45,3.435,3.443,2448.08
1786212000000,3.443,3.454,3.44,3.454,488.01
1786212900000,3.454,3.457,3.448,3.457,2130.43
1786213800000,3.457,3.466,3.456,3.466,176.17
1786214700000,3.466,3.466,3.459,3.459,65.53
1786215600000,3.459,3.463,3.453,3.463,1349.93
1786216500000,3.463,3.465,3.453,3.453,133.09
1786217400000,3.453,3.453,3.442,3.447,406.09
1786218300000,3.447,3.454,3.446,3.453,269.11
1786219200000,3.453,3.457,3.452,3.457,614.77
1786220100000,3.457,3.457,3.436,3.44,3076.72
1786221000000,3.44,3.441,3.438,3.439,79.27
1786221900000,3.439,3.44,3.438,3.44,38.42
1786222800000,3.44,3.447,3.437,3.445,2211.13
1786223700000,3.445,3.449,3.432,3.448,3792.26
1786224600000,3.448,3.457,3.448,3.457,152.85
1786225500000,3.457,3.461,3.447,3.46,1410.52
1786226400000,3.46,3.465,3.432,3.449,3159.95
1786227300000,3.449,3.453,3.444,3.453,627.36
1786228200000,3.453,3.453,3.442,3.446,534.46
1786229100000,3.446,3.453,3.433,3.445,990.51
1786230000000,3.445,3.447,3.432,3.439,7255.61
1786230900000,3.439,3.449,3.436,3.444,1973.68
1786231800000,3.444,3.457,3.444,3.457,729.12
1786232700000,3.457,3.457,3.447,3.449,395.61
1786233600000,3.449,3.465,3.449,3.459,687.42
1786234500000,3.459,3.47,3.458,3.47,1088.01
1786235400000,3.47,3.48,3.451,3.47,2082.42
1786236300000,3.47,3.471,3.454,3.462,2633.55
1786237200000,3.462,3.466,3.445,3.448,729.58
1786238100000,3.448,3.49,3.448,3.46,30448.36
1786239000000,3.46,3.48,3.456,3.456,5743.23
1786239900000,3.456,3.456,3.417,3.451,24270.18
1786240800000,3.451,3.458,3.448,3.455,3916.28
1786241700000,3.455,3.478,3.455,3.478,3755.21
1786242600000,3.478,3.518,3.478,3.491,8753.19
1786243500000,3.491,3.522,3.491,3.511,2740.45
1786244400000,3.511,3.517,3.466,3.466,3037.84
1786245300000,3.466,3.48,3.463,3.476,1513.27
1786246200000,3.476,3.496,3.473,3.485,1783.2
1786247100000,3.485,3.493,3.473,3.491,1067.41
1786248000000,3.491,3.508,3.485,3.485,6163.91
1786248900000,3.485,3.489,3.471,3.471,950.75
1786249800000,3.471,3.479,3.463,3.463,1253.74
1786250700000,3.463,3.463,3.43,3.431,4806.12
1786251600000,3.431,3.439,3.426,3.438,2410.74
1786252500000,3.438,3.446,3.419,3.419,1633.08
1786253400000,3.419,3.423,3.383,3.402,20158.92
1786254300000,3.402,3.42,3.402,3.41,5220.97
1786255200000,3.41,3.427,3.408,3.424,2872.2
1786256100000,3.424,3.435,3.413,3.415,3093.62
1786257000000,3.415,3.42,3.41,3.414,432.02
1786257900000,3.414,3.414,3.393,3.396,7862.07
1786258800000,3.396,3.397,3.377,3.397,9911.04
1786259700000,3.397,3.413,3.389,3.413,2206.99
1786260600000,3.413,3.413,3.404,3.41,1288.28
1786261500000,3.41,3.412,3.404,3.404,788.98
1786262400000,3.404,3.442,3.4,3.432,3594.75
1786263300000,3.432,3.432,3.408,3.408,1456.78
1786264200000,3.408,3.425,3.407,3.417,3363.53
1786265100000,3.417,3.428,3.416,3.426,863.01
1786266000000,3.426,3.426,3.412,3.415,236.93
1786266900000,3.415,3.422,3.41,3.422,407.06
1786267800000,3.422,3.449,3.422,3.442,1428.61
1786268700000,3.442,3.442,3.434,3.437,89.19
1786269600000,3.437,3.437,3.421,3.422,899.86
1786270500000,3.422,3.426,3.407,3.419,27506.41
1786271400000,3.419,3.419,3.407,3.407,7929.6
1786272300000,3.407,3.41,3.402,3.403,504.49
1786273200000,3.403,3.408,3.403,3.407,99.76
1786274100000,3.407,3.414,3.407,3.414,1397.3
1786275000000,3.414,3.418,3.41,3.418,300.49
1786275900000,3.418,3.425,3.418,3.425,1282.42
1786276800000,3.425,3.44,3.425,3.434,4684.86
1786277700000,3.434,3.447,3.427,3.447,552.89
1786278600000,3.447,3.447,3.427,3.43,165.38
1786279500000,3.43,3.432,3.425,3.429,144.88
1786280400000,3.429,3.431,3.422,3.429,688.37
1786281300000,3.429,3.434,3.429,3.434,57.87
1786282200000,3.434,3.435,3.427,3.432,274.29
1786283100000,3.432,3.435,3.43,3.435,2323.42
1786284000000,3.435,3.44,3.433,3.44,104.24
1786284900000,3.44,3.44,3.432,3.432,276.32
1786285800000,3.432,3.432,3.425,3.427,206.31
1786286700000,3.427,3.44,3.427,3.437,5291.37
1786287600000,3.437,3.463,3.437,3.441,13294.07
1786288500000,3.441,3.441,3.417,3.417,10903.46
1786289400000,3.417,3.438,3.417,3.437,435.16
1786290300000,3.437,3.464,3.434,3.462,3077.56
1786291200000,3.462,3.462,3.438,3.442,6547.36
1786292100000,3.442,3.467,3.442,3.467,2805.33
1786293000000,3.467,3.473,3.459,3.467,2578.61
1786293900000,3.467,3.51,3.467,3.51,13047.23
1786294800000,3.51,3.534,3.499,3.502,5503.11
1786295700000,3.502,3.529,3.494,3.524,863.35
1786296600000,3.524,3.597,3.524,3.581,17866.26
1786297500000,3.581,3.588,3.56,3.576,15397.85
1786298400000,3.576,3.591,3.559,3.562,5917.03
1786299300000,3.562,3.57,3.551,3.562,6086.05
1786300200000,3.562,3.562,3.548,3.561,3117.32
1786301100000,3.561,3.568,3.549,3.55,2282.68
1786302000000,3.55,3.56,3.535,3.535,818.42
1786302900000,3.535,3.553,3.535,3.551,2572.51
1786303800000,3.551,3.57,3.551,3.57,325.49
1786304700000,3.57,3.604,3.57,3.597,3472.06
1786305600000,3.597,3.622,3.585,3.585,4494.21
1786306500000,3.585,3.585,3.57,3.572,1313.25
1786307400000,3.572,3.591,3.565,3.591,2917.66
1786308300000,3.591,3.591,3.573,3.585,175.49
1786309200000,3.585,3.59,3.56,3.56,360.57
1786310100000,3.56,3.586,3.558,3.584,2044.26
1786311000000,3.584,3.584,3.572,3.574,4904.01
1786311900000,3.574,3.587,3.574,3.587,135.4
1786312800000,3.587,3.6,3.579,3.589,1191.49
1786313700000,3.589,3.592,3.571,3.571,1070.55
1786314600000,3.571,3.576,3.56,3.568,1151.82
1786315500000,3.568,3.573,3.555,3.562,2032.21
1786316400000,3.562,3.562,3.532,3.541,2653.22
1786317300000,3.541,3.541,3.514,3.516,2155.07
1786318200000,3.516,3.534,3.504,3.525,2903.11
1786319100000,3.525,3.534,3.522,3.534,6103.17
1786320000000,3.534,3.596,3.527,3.574,6515.53
1786320900000,3.574,3.574,3.543,3.565,2139.96
1786321800000,3.565,3.575,3.548,3.548,1427.15
1786322700000,3.548,3.575,3.548,3.561,1288.97
1786323600000,3.561,3.575,3.56,3.57,4149.84
1786324500000,3.57,3.586,3.564,3.586,1406.48
1786325400000,3.586,3.586,3.564,3.584,2390.87
1786326300000,3.584,3.584,3.558,3.558,1195.47
1786327200000,3.558,3.565,3.551,3.555,1339.74
1786328100000,3.555,3.558,3.539,3.552,3917.55
1786329000000,3.552,3.557,3.541,3.557,690.84
1786329900000,3.557,3.557,3.544,3.544,637.43
1786330800000,3.544,3.544,3.525,3.532,1877.07
1786331700000,3.532,3.545,3.532,3.541,588.33
1786332600000,3.541,3.565,3.541,3.565,475.79
1786333500000,3.565,3.589,3.543,3.547,14820.74
1786334400000,3.547,3.548,3.52,3.536,2173.19
1786335300000,3.536,3.542,3.528,3.542,1128.8
1786336200000,3.542,3.545,3.533,3.537,2568.69
1786337100000,3.537,3.537,3.524,3.527,5966.52
1786338000000,3.527,3.534,3.527,3.529,91.93
1786338900000,3.529,3.53,3.512,3.527,393.81
1786339800000,3.527,3.527,3.514,3.518,2030.32
1786340700000,3.518,3.526,3.518,3.523,1320.94
1786341600000,3.523,3.552,3.523,3.539,24234.37
1786342500000,3.539,3.551,3.538,3.544,1607.71
1786343400000,3.544,3.555,3.539,3.542,780.41
1786344300000,3.542,3.544,3.541,3.543,191.44
1786345200000,3.543,3.543,3.479,3.501,45471.56
1786346100000,3.501,3.506,3.498,3.505,1329.78
1786347000000,3.505,3.509,3.502,3.509,1435.8
1786347900000,3.509,3.509,3.498,3.501,1739.32
1786348800000,3.501,3.514,3.5,3.501,628.07
1786349700000,3.501,3.528,3.501,3.527,5791.69
1786350600000,3.527,3.538,3.522,3.523,1802.91
1786351500000,3.523,3.545,3.523,3.541,2627.18
1786352400000,3.541,3.555,3.531,3.532,2086.12
1786353300000,3.532,3.535,3.524,3.528,290.35
1786354200000,3.528,3.534,3.514,3.534,2273.99
1786355100000,3.534,3.537,3.528,3.533,222.48
1786356000000,3.533,3.538,3.519,3.519,754.39
1786356900000,3.519,3.519,3.512,3.514,35.15
1786357800000,3.514,3.514,3.504,3.51,829.14
1786358700000,3.51,3.514,3.509,3.509,273.75
1786359600000,3.509,3.514,3.508,3.51,65.5
1786360500000,3.51,3.517,3.51,3.516,315.13
1786361400000,3.516,3.52,3.516,3.52,38.91
1786362300000,3.52,3.52,3.513,3.516,94.69
1786363200000,3.516,3.519,3.512,3.516,663.88
1786364100000,3.516,3.516,3.483,3.485,3445.82
1786365000000,3.485,3.503,3.479,3.498,5179.29
1786365900000,3.498,3.514,3.498,3.507,1902.45
1786366800000,3.507,3.534,3.507,3.52,1270.13
1786367700000,3.52,3.541,3.52,3.538,1209.68
1786368600000,3.538,3.538,3.524,3.525,627.81
1786369500000,3.525,3.527,3.508,3.513,3109.22
1786370400000,3.513,3.524,3.51,3.512,717.26
1786371300000,3.512,3.514,3.495,3.503,4648.68
1786372200000,3.503,3.504,3.499,3.5,184.3
1786373100000,3.5,3.5,3.486,3.496,3034.25
1786374000000,3.496,3.507,3.479,3.482,3004.54
1786374900000,3.482,3.496,3.47,3.489,5333.78
1786375800000,3.489,3.499,3.477,3.499,2807.07
1786376700000,3.499,3.504,3.486,3.504,4637.97
1786377600000,3.504,3.52,3.501,3.501,2103.57
1786378500000,3.501,3.536,3.501,3.535,4750.91
1786379400000,3.535,3.546,3.52,3.52,4600.87
1786380300000,3.52,3.52,3.507,3.513,960.85
1786381200000,3.513,3.532,3.513,3.529,503.94
1786382100000,3.529,3.529,3.513,3.526,2909.63
1786383000000,3.526,3.526,3.508,3.508,138.33
1786383900000,3.508,3.518,3.506,3.506,866.75
1786384800000,3.506,3.506,3.5,3.502,755.59
1786385700000,3.502,3.506,3.501,3.503,225.33
1786386600000,3.503,3.503,3.481,3.484,2378.62
1786387500000,3.484,3.484,3.473,3.473,3173.67
1786388400000,3.473,3.484,3.469,3.484,1337.57
1786389300000,3.484,3.486,3.471,3.471,1298.81
1786390200000,3.471,3.472,3.468,3.468,307.71
1786391100000,3.468,3.471,3.451,3.456,9185.23
1786392000000,3.456,3.473,3.453,3.472,8919.96
1786392900000,3.472,3.474,3.471,3.472,324.13
1786393800000,3.472,3.475,3.47,3.47,1384.73
1786394700000,3.47,3.478,3.461,3.469,5013.8
1786395600000,3.469,3.488,3.469,3.472,1006.4
1786396500000,3.472,3.475,3.458,3.475,766.25
1786397400000,3.475,3.483,3.475,3.483,0.74
1786398300000,3.483,3.494,3.483,3.49,861.16
1786399200000,3.49,3.495,3.473,3.481,1424.37
1786400100000,3.481,3.484,3.473,3.484,1554.89
1786401000000,3.484,3.491,3.478,3.485,1077.81
1786401900000,3.485,3.497,3.481,3.497,756.19
1786402800000,3.497,3.509,3.484,3.497,6795.42
1786403700000,3.497,3.516,3.493,3.493,2104.4
1786404600000,3.493,3.51,3.489,3.51,2160.64
1786405500000,3.51,3.513,3.499,3.499,4395.09
1786406400000,3.499,3.504,3.49,3.503,1554.22
1786407300000,3.503,3.525,3.499,3.514,4398.21
1786408200000,3.514,3.514,3.504,3.505,397.97
1786409100000,3.505,3.509,3.49,3.492,1823.11
1786410000000,3.492,3.514,3.491,3.514,290.52
1786410900000,3.514,3.514,3.499,3.504,227.59
1786411800000,3.504,3.509,3.493,3.499,763.5
1786412700000,3.499,3.508,3.499,3.507,1698.45
1786413600000,3.507,3.531,3.507,3.523,2181.85
1786414500000,3.523,3.523,3.505,3.505,1394.64
1786415400000,3.505,3.505,3.493,3.499,331.29
1786416300000,3.499,3.499,3.493,3.493,28.32
1786417200000,3.493,3.494,3.482,3.484,1005.75
1786418100000,3.484,3.493,3.473,3.488,2047.59
1786419000000,3.488,3.496,3.48,3.496,174.97
1786419900000,3.496,3.503,3.496,3.5,1257.35
1786420800000,3.5,3.5,3.491,3.491,679.67
1786421700000,3.491,3.498,3.486,3.495,379.76
1786422600000,3.495,3.502,3.49,3.495,920.35
1786423500000,3.495,3.495,3.49,3.49,157.56
1786424400000,3.49,3.493,3.482,3.485,540.09
1786425300000,3.485,3.486,3.472,3.482,772.58
1786426200000,3.482,3.495,3.482,3.486,1175.01
1786427100000,3.486,3.487,3.479,3.479,176.12
1786428000000,3.479,3.494,3.469,3.472,3860.83
1786428900000,3.472,3.474,3.464,3.467,2353.6
1786429800000,3.467,3.469,3.462,3.469,634.44
1786430700000,3.469,3.469,3.451,3.457,1392.55
1786431600000,3.457,3.457,3.418,3.429,19201.94
1786432500000,3.429,3.432,3.419,3.427,2696.17
1786433400000,3.427,3.433,3.423,3.428,2916.07
1786434300000,3.428,3.43,3.422,3.422,2661.53
1786435200000,3.422,3.435,3.421,3.431,6701.9
1786436100000,3.431,3.445,3.424,3.432,7806.74
1786437000000,3.432,3.433,3.422,3.433,2886.58
1786437900000,3.433,3.438,3.428,3.435,347.75
1786438800000,3.435,3.435,3.424,3.425,1047.3
1786439700000,3.425,3.454,3.425,3.442,5667.24
1786440600000,3.442,3.453,3.442,3.453,1841.63
1786441500000,3.453,3.461,3.438,3.438,3820.85
1786442400000,3.438,3.443,3.438,3.44,3137.86
1786443300000,3.44,3.453,3.435,3.447,12075.19
1786444200000,3.447,3.455,3.442,3.444,3919.01
1786445100000,3.444,3.464,3.444,3.447,7546.17
1786446000000,3.447,3.462,3.445,3.451,5864.61
1786446900000,3.451,3.459,3.441,3.459,3188.98
1786447800000,3.459,3.463,3.453,3.455,2789.46
1786448700000,3.455,3.462,3.451,3.453,1757
1786449600000,3.453,3.457,3.449,3.455,1269.85
1786450500000,3.455,3.46,3.446,3.451,11045.11
1786451400000,3.451,3.457,3.449,3.453,1221.06
1786452300000,3.453,3.455,3.447,3.455,712.98
1786453200000,3.455,3.465,3.445,3.463,5319.52
1786454100000,3.463,3.466,3.443,3.443,8059.52
1786455000000,3.443,3.462,3.443,3.456,4539.84
1786455900000,3.456,3.456,3.44,3.455,12430.85
1786456800000,3.455,3.455,3.442,3.45,2644.95
1786457700000,3.45,3.453,3.432,3.445,5914.99
1786458600000,3.445,3.447,3.434,3.442,2761.34
1786459500000,3.442,3.442,3.388,3.402,38873.82
1786460400000,3.402,3.414,3.386,3.386,4937.57
1786461300000,3.386,3.398,3.386,3.392,2199.36
1786462200000,3.392,3.392,3.347,3.371,23134.65
1786463100000,3.371,3.385,3.361,3.384,10899.19
1786464000000,3.384,3.392,3.376,3.386,4799.54
1786464900000,3.386,3.4,3.386,3.393,3439.54
1786465800000,3.393,3.434,3.393,3.429,5166.06
1786466700000,3.429,3.474,3.426,3.463,14564.21
1786467600000,3.463,3.477,3.441,3.448,4774.4
1786468500000,3.448,3.448,3.434,3.439,3682.47
1786469400000,3.439,3.448,3.428,3.447,15764.56
1786470300000,3.447,3.447,3.429,3.433,3259.94
1786471200000,3.433,3.435,3.429,3.431,815.6
1786472100000,3.431,3.452,3.431,3.447,3381.49
1786473000000,3.447,3.456,3.441,3.445,6142.69
1786473900000,3.445,3.445,3.432,3.434,1666.34
1786474800000,3.434,3.434,3.412,3.413,1859.12
1786475700000,3.413,3.425,3.409,3.415,2389.12
1786476600000,3.415,3.418,3.412,3.416,999.02
1786477500000,3.416,3.428,3.41,3.424,4039.21
1786478400000,3.424,3.444,3.424,3.443,4377.59
1786479300000,3.443,3.443,3.439,3.443,501.57
1786480200000,3.443,3.446,3.436,3.436,1549.6
1786481100000,3.436,3.446,3.436,3.442,1800.15
1786482000000,3.442,3.451,3.432,3.432,1208.97
1786482900000,3.432,3.44,3.432,3.435,579.71
1786483800000,3.435,3.437,3.433,3.437,45.28
1786484700000,3.437,3.437,3.434,3.434,2243.46
1786485600000,3.434,3.442,3.428,3.428,2046.1
1786486500000,3.428,3.429,3.422,3.427,1393.89
1786487400000,3.427,3.427,3.419,3.421,2575.61
1786488300000,3.421,3.427,3.416,3.427,885.27
1786489200000,3.427,3.45,3.417,3.45,17601.38
1786490100000,3.45,3.452,3.436,3.438,2145.04
1786491000000,3.438,3.442,3.437,3.442,1584.93
1786491900000,3.442,3.445,3.435,3.445,11822.71
1786492800000,3.445,3.453,3.438,3.447,6901.39
1786493700000,3.447,3.457,3.447,3.455,1107.6
1786494600000,3.455,3.47,3.455,3.467,2354.38
1786495500000,3.467,3.467,3.452,3.452,2712.53
1786496400000,3.452,3.463,3.448,3.45,304.33
1786497300000,3.45,3.466,3.45,3.457,1072.82
1786498200000,3.457,3.47,3.457,3.463,522.68
1786499100000,3.463,3.473,3.463,3.472,195.47
1786500000000,3.472,3.482,3.472,3.482,892.8
1786500900000,3.482,3.485,3.47,3.47,1856.33
1786501800000,3.47,3.483,3.47,3.472,2911.7
1786502700000,3.472,3.472,3.45,3.462,5179.12
1786503600000,3.462,3.483,3.462,3.482,1315.3
1786504500000,3.482,3.493,3.482,3.487,917.71
1786505400000,3.487,3.491,3.463,3.477,1648.12
1786506300000,3.477,3.486,3.475,3.485,2176.49
1786507200000,3.485,3.49,3.479,3.49,7012.26
1786508100000,3.49,3.49,3.441,3.441,3120.61
1786509000000,3.441,3.448,3.437,3.44,1970.3
1786509900000,3.44,3.44,3.429,3.431,1036.33
1786510800000,3.431,3.442,3.427,3.438,3961.5
1786511700000,3.438,3.438,3.43,3.432,371.08
1786512600000,3.432,3.436,3.428,3.431,1608.23
1786513500000,3.431,3.434,3.423,3.432,811.15
1786514400000,3.432,3.432,3.418,3.42,3512.13
1786515300000,3.42,3.42,3.412,3.415,2557.24
1786516200000,3.415,3.425,3.411,3.424,3443.99
1786517100000,3.424,3.424,3.411,3.413,3401.29
1786518000000,3.413,3.427,3.413,3.424,2214.39
1786518900000,3.424,3.432,3.424,3.431,634.09
1786519800000,3.431,3.431,3.417,3.424,232.46
1786520700000,3.424,3.444,3.418,3.444,1829.03
1786521600000,3.444,3.446,3.421,3.421,6704.13
1786522500000,3.421,3.425,3.421,3.423,6234.12
1786523400000,3.423,3.423,3.409,3.409,680.79
1786524300000,3.409,3.41,3.391,3.395,6913.6
1786525200000,3.395,3.406,3.393,3.404,642.88
1786526100000,3.404,3.419,3.401,3.419,3984.5
1786527000000,3.419,3.423,3.419,3.419,279.04
1786527900000,3.419,3.419,3.409,3.412,3535.29
1786528800000,3.412,3.435,3.408,3.413,19453.69
1786529700000,3.413,3.418,3.411,3.417,340.99
1786530600000,3.417,3.417,3.417,3.417,19.97
1786531500000,3.417,3.419,3.415,3.418,809.02
1786532400000,3.418,3.422,3.414,3.417,351.52
1786533300000,3.417,3.423,3.417,3.422,232.98
1786534200000,3.422,3.422,3.419,3.419,27.97
1786535100000,3.419,3.432,3.419,3.432,211.92
1786536000000,3.432,3.436,3.43,3.433,1365.89
1786536900000,3.433,3.447,3.429,3.442,3734.05
1786537800000,3.442,3.45,3.416,3.435,23525.39
1786538700000,3.435,3.447,3.432,3.438,1670.86
1786539600000,3.438,3.44,3.428,3.433,1784.05
1786540500000,3.433,3.442,3.433,3.441,580.53
1786541400000,3.441,3.451,3.441,3.441,920.32
1786542300000,3.441,3.452,3.441,3.445,5873.24
1786543200000,3.445,3.445,3.432,3.438,6368.68
1786544100000,3.438,3.438,3.423,3.435,1204.88
1786545000000,3.435,3.442,3.42,3.424,18140.24
1786545900000,3.424,3.434,3.42,3.431,1217.74
1786546800000,3.431,3.454,3.431,3.444,2860.06
1786547700000,3.444,3.466,3.444,3.462,5992.03
1786548600000,3.462,3.47,3.452,3.454,4566.52
1786549500000,3.454,3.469,3.45,3.464,3889.71
1786550400000,3.464,3.466,3.452,3.466,1725.64
1786551300000,3.466,3.489,3.466,3.469,2384.83
1786552200000,3.469,3.472,3.457,3.465,1974.35
1786553100000,3.465,3.473,3.461,3.473,6199.56
1786554000000,3.473,3.476,3.467,3.475,7383.26
1786554900000,3.475,3.486,3.465,3.478,5871.32
1786555800000,3.478,3.496,3.478,3.494,1931.78
1786556700000,3.494,3.51,3.488,3.49,9064.13
1786557600000,3.49,3.494,3.478,3.478,6090.05
1786558500000,3.478,3.482,3.475,3.478,1106.22
1786559400000,3.478,3.482,3.466,3.479,4787.48
1786560300000,3.479,3.479,3.47,3.471,917.77
1786561200000,3.471,3.471,3.456,3.458,4630.96
1786562100000,3.458,3.458,3.431,3.443,2081.1
1786563000000,3.443,3.443,3.43,3.437,2008.28
1786563900000,3.437,3.437,3.429,3.429,178.02
1786564800000,3.429,3.447,3.429,3.446,611.9
1786565700000,3.446,3.455,3.442,3.455,3940.51
1786566600000,3.455,3.456,3.45,3.45,221.47
1786567500000,3.45,3.453,3.446,3.453,247.69
1786568400000,3.453,3.453,3.442,3.446,1331.86
1786569300000,3.446,3.447,3.411,3.414,1939.95
1786570200000,3.414,3.414,3.391,3.401,10289.88
1786571100000,3.401,3.412,3.378,3.381,1907.78
1786572000000,3.381,3.4,3.36,3.393,1625.69
1786572900000,3.393,3.407,3.393,3.402,2374.66
1786573800000,3.402,3.406,3.392,3.406,4068.42
1786574700000,3.406,3.414,3.4,3.414,1055.07
1786575600000,3.414,3.427,3.41,3.427,9866.42
1786576500000,3.427,3.43,3.419,3.421,1899.43
1786577400000,3.421,3.45,3.421,3.45,3507.68
1786578300000,3.45,3.488,3.45,3.487,4849.53
1786579200000,3.487,3.495,3.468,3.472,18111.27
1786580100000,3.472,3.475,3.458,3.465,2642.81
1786581000000,3.465,3.479,3.454,3.456,10742.67
1786581900000,3.456,3.471,3.456,3.461,6471.61
1786582800000,3.461,3.468,3.452,3.456,4896.23
1786583700000,3.456,3.459,3.429,3.429,1663.67
1786584600000,3.429,3.433,3.425,3.425,1578.14
1786585500000,3.425,3.432,3.422,3.429,878.25
1786586400000,3.429,3.442,3.429,3.436,5092.31
1786587300000,3.436,3.456,3.436,3.456,3210.46
1786588200000,3.456,3.471,3.438,3.438,9418.83
1786589100000,3.438,3.44,3.436,3.439,634.62
1786590000000,3.439,3.444,3.439,3.441,590.22
1786590900000,3.441,3.447,3.441,3.447,2532.85
1786591800000,3.447,3.457,3.447,3.452,43.61
1786592700000,3.452,3.469,3.452,3.46,3519.26
1786593600000,3.46,3.473,3.459,3.473,5727.35
1786594500000,3.473,3.478,3.47,3.478,2616.27
1786595400000,3.478,3.505,3.473,3.502,13253.32
1786596300000,3.502,3.524,3.495,3.515,19906.53
1786597200000,3.515,3.519,3.502,3.505,5988.27
1786598100000,3.505,3.517,3.494,3.5,7732.44
1786599000000,3.5,3.531,3.5,3.522,9032.89
1786599900000,3.522,3.523,3.509,3.512,5844.77
1786600800000,3.512,3.518,3.501,3.515,5403.75
1786601700000,3.515,3.521,3.506,3.508,6350.9
1786602600000,3.508,3.524,3.502,3.522,8128.21
1786603500000,3.522,3.525,3.514,3.514,561.2
1786604400000,3.514,3.526,3.511,3.511,15190.63
1786605300000,3.511,3.524,3.508,3.519,16554.4
1786606200000,3.519,3.53,3.514,3.525,4693
1786607100000,3.525,3.525,3.514,3.522,1909.03
1786608000000,3.522,3.528,3.505,3.51,9971.15
1786608900000,3.51,3.517,3.504,3.509,1488.61
1786609800000,3.509,3.513,3.504,3.511,4045.35
1786610700000,3.511,3.523,3.509,3.516,4591.79
1786611600000,3.516,3.519,3.507,3.507,8983.3
1786612500000,3.507,3.516,3.507,3.514,4449.16
1786613400000,3.514,3.514,3.504,3.512,855.63
1786614300000,3.512,3.527,3.51,3.527,1592.32
1786615200000,3.527,3.538,3.512,3.523,7485.11
1786616100000,3.523,3.524,3.493,3.499,8824.43
1786617000000,3.499,3.518,3.487,3.518,6043.59
1786617900000,3.518,3.519,3.504,3.504,2592.72
1786618800000,3.504,3.504,3.487,3.487,1653.68
1786619700000,3.487,3.496,3.486,3.495,1061.2
1786620600000,3.495,3.495,3.487,3.487,638.55
1786621500000,3.487,3.489,3.483,3.483,873.95
1786622400000,3.483,3.507,3.483,3.503,8192.74
1786623300000,3.503,3.503,3.491,3.491,874.76
1786624200000,3.491,3.491,3.473,3.473,2392
1786625100000,3.473,3.487,3.47,3.485,7222.42
1786626000000,3.485,3.489,3.481,3.485,447.61
1786626900000,3.485,3.486,3.467,3.474,6428.83
1786627800000,3.474,3.489,3.474,3.489,658.15
1786628700000,3.489,3.494,3.484,3.488,1497.83
1786629600000,3.488,3.499,3.488,3.498,1690.79
1786630500000,3.498,3.505,3.495,3.5,5561.92
1786631400000,3.5,3.514,3.492,3.492,8524.74
1786632300000,3.492,3.498,3.487,3.487,301.05
1786633200000,3.487,3.493,3.475,3.481,7755.59
1786634100000,3.481,3.482,3.47,3.475,2663.63
1786635000000,3.475,3.491,3.475,3.478,2451.03
1786635900000,3.478,3.478,3.457,3.461,1343.46
1786636800000,3.461,3.463,3.45,3.451,3947.29
1786637700000,3.451,3.458,3.45,3.45,4865.76
1786638600000,3.45,3.454,3.427,3.442,9252.57
1786639500000,3.442,3.453,3.439,3.442,4398.91
1786640400000,3.442,3.459,3.442,3.459,1556.46
1786641300000,3.459,3.463,3.45,3.45,6821.98
1786642200000,3.45,3.454,3.446,3.447,52.92
1786643100000,3.447,3.476,3.445,3.476,9645.73
1786644000000,3.476,3.476,3.456,3.467,7629.49
1786644900000,3.467,3.467,3.458,3.458,1335.54
1786645800000,3.458,3.458,3.456,3.457,715.31
1786646700000,3.457,3.461,3.451,3.451,1762.33
1786647600000,3.451,3.464,3.451,3.463,736.76
1786648500000,3.463,3.463,3.46,3.46,681.96
1786649400000,3.46,3.508,3.46,3.508,10350.29
1786650300000,3.508,3.529,3.501,3.528,6528.02
1786651200000,3.528,3.531,3.504,3.504,5377.26
1786652100000,3.504,3.52,3.504,3.506,8039.29
1786653000000,3.506,3.506,3.496,3.501,1688.09
1786653900000,3.501,3.501,3.496,3.496,23.81
1786654800000,3.496,3.498,3.494,3.498,312.7
1786655700000,3.498,3.506,3.498,3.506,790.42
1786656600000,3.506,3.517,3.502,3.517,225.52
1786657500000,3.517,3.55,3.51,3.54,2530.64
1786658400000,3.54,3.549,3.526,3.529,2012.8
1786659300000,3.529,3.544,3.521,3.528,36276.8
1786660200000,3.528,3.533,3.522,3.524,8903.04
1786661100000,3.524,3.524,3.517,3.519,3565.68
1786662000000,3.519,3.519,3.509,3.511,2443.44
1786662900000,3.511,3.532,3.511,3.525,10777.36
1786663800000,3.525,3.527,3.518,3.518,6613.84
1786664700000,3.518,3.524,3.511,3.524,4249.16
1786665600000,3.524,3.534,3.507,3.511,4675.5
1786666500000,3.511,3.524,3.511,3.516,1017.83
1786667400000,3.516,3.537,3.516,3.536,3350.06
1786668300000,3.536,3.551,3.532,3.543,8730.77
1786669200000,3.543,3.543,3.517,3.524,2764.15
1786670100000,3.524,3.544,3.52,3.52,10303.08
1786671000000,3.52,3.531,3.52,3.531,1789.05
1786671900000,3.531,3.564,3.529,3.535,11328.55
1786672800000,3.535,3.535,3.513,3.516,1577.68
1786673700000,3.516,3.517,3.507,3.51,3273.13
1786674600000,3.51,3.51,3.501,3.508,2500.61
1786675500000,3.508,3.51,3.5,3.505,2159.57
1786676400000,3.505,3.512,3.498,3.504,6793.62
1786677300000,3.504,3.506,3.496,3.504,2839.21
1786678200000,3.504,3.504,3.492,3.492,937.1
1786679100000,3.492,3.497,3.492,3.497,985.33
1786680000000,3.497,3.497,3.488,3.489,601.12
1786680900000,3.489,3.489,3.477,3.477,1382.47
1786681800000,3.477,3.482,3.472,3.482,1004.27
1786682700000,3.482,3.482,3.475,3.477,2006.32
1786683600000,3.477,3.482,3.475,3.478,5061.44
1786684500000,3.478,3.498,3.471,3.492,11749.9
1786685400000,3.492,3.496,3.487,3.487,3830.97
1786686300000,3.487,3.504,3.487,3.502,2783.1
1786687200000,3.502,3.506,3.496,3.504,2345.97
1786688100000,3.504,3.504,3.494,3.496,1278.25
1786689000000,3.496,3.499,3.494,3.494,1243.12
1786689900000,3.494,3.5,3.492,3.493,3645.51
1786690800000,3.493,3.493,3.475,3.475,13810.07
1786691700000,3.475,3.479,3.47,3.474,6955.28
1786692600000,3.474,3.474,3.442,3.451,15420.16
1786693500000,3.451,3.463,3.451,3.461,3541.54
1786694400000,3.461,3.471,3.457,3.471,5156.74
1786695300000,3.471,3.482,3.471,3.48,2459.19
1786696200000,3.48,3.484,3.468,3.469,3128.8
1786697100000,3.469,3.477,3.469,3.477,75.38
1786698000000,3.477,3.477,3.471,3.476,1570.58
1786698900000,3.476,3.476,3.459,3.46,966.87
1786699800000,3.46,3.46,3.443,3.443,643.61
1786700700000,3.443,3.454,3.438,3.438,2504.57
1786701600000,3.438,3.445,3.437,3.443,2156.44
1786702500000,3.443,3.45,3.441,3.441,396.42
1786703400000,3.441,3.441,3.426,3.428,6744.17
1786704300000,3.428,3.432,3.416,3.422,3310.27
1786705200000,3.422,3.423,3.416,3.422,1572.34
1786706100000,3.422,3.425,3.419,3.421,1022.63
1786707000000,3.421,3.421,3.419,3.419,70.21
1786707900000,3.419,3.419,3.406,3.406,2053.22
1786708800000,3.406,3.414,3.398,3.406,11774.83
1786709700000,3.406,3.412,3.406,3.411,3369.38
1786710600000,3.411,3.416,3.411,3.414,342.26
1786711500000,3.414,3.421,3.414,3.414,1128.44
1786712400000,3.414,3.424,3.411,3.413,11047.08
1786713300000,3.413,3.417,3.403,3.403,5639.95
1786714200000,3.403,3.419,3.4,3.418,2387.91
1786715100000,3.418,3.418,3.411,3.411,5185.54
1786716000000,3.411,3.413,3.407,3.407,540.31
1786716900000,3.407,3.416,3.405,3.416,2364.91
1786717800000,3.416,3.419,3.413,3.417,996.58
1786718700000,3.417,3.417,3.401,3.401,87.67
1786719600000,3.401,3.403,3.394,3.403,1075.26
1786720500000,3.403,3.403,3.387,3.395,1339.12
1786721400000,3.395,3.413,3.393,3.396,8363.93
1786722300000,3.396,3.412,3.394,3.412,1174.32
1786723200000,3.412,3.419,3.405,3.412,3795.32
1786724100000,3.412,3.413,3.404,3.404,230.34
1786725000000,3.404,3.416,3.404,3.411,677.41
1786725900000,3.411,3.411,3.397,3.398,6813.94
1786726800000,3.398,3.399,3.391,3.399,406.42
1786727700000,3.399,3.41,3.396,3.41,5675.89
1786728600000,3.41,3.418,3.41,3.418,1585.83
1786729500000,3.418,3.418,3.397,3.4,1593.51
1786730400000,3.4,3.402,3.387,3.388,4152.4
1786731300000,3.388,3.395,3.383,3.383,1470.4
1786732200000,3.383,3.383,3.377,3.378,1702.46
1786733100000,3.378,3.39,3.378,3.386,597.88
1786734000000,3.386,3.386,3.379,3.382,5673.5
1786734900000,3.382,3.397,3.382,3.397,786.98
1786735800000,3.397,3.403,3.394,3.403,658.54
1786736700000,3.403,3.412,3.403,3.409,237.02
1786737600000,3.409,3.409,3.401,3.401,430.38
1786738500000,3.401,3.405,3.4,3.402,663.85
1786739400000,3.402,3.402,3.396,3.396,8.92
1786740300000,3.396,3.399,3.396,3.397,585.98
1786741200000,3.397,3.403,3.396,3.403,382.64
1786742100000,3.403,3.407,3.403,3.406,169.78
1786743000000,3.406,3.406,3.397,3.397,503.1
1786743900000,3.397,3.397,3.39,3.391,1518.89
1786744800000,3.391,3.402,3.391,3.402,376.11
1786745700000,3.402,3.402,3.389,3.389,1272.93
1786746600000,3.389,3.39,3.389,3.39,14.99
1786747500000,3.39,3.396,3.39,3.396,530.72
1786748400000,3.396,3.397,3.389,3.397,980.46
1786749300000,3.397,3.402,3.391,3.402,792.2
1786750200000,3.402,3.415,3.402,3.414,4602.28
1786751100000,3.414,3.433,3.414,3.433,4139.71
1786752000000,3.433,3.433,3.414,3.414,1606.8
1786752900000,3.414,3.427,3.414,3.424,461.03
1786753800000,3.424,3.427,3.417,3.427,738.93
1786754700000,3.427,3.454,3.427,3.453,8737.96
1786755600000,3.453,3.46,3.449,3.458,5824.57
1786756500000,3.458,3.463,3.442,3.442,2346.64
1786757400000,3.442,3.443,3.432,3.435,1978.94
1786758300000,3.435,3.437,3.423,3.427,2243.48
1786759200000,3.427,3.435,3.423,3.435,791.03
1786760100000,3.435,3.438,3.43,3.435,980.17
1786761000000,3.435,3.439,3.432,3.435,1470.85
1786761900000,3.435,3.437,3.426,3.426,217.06
1786762800000,3.426,3.428,3.423,3.423,97.09
1786763700000,3.423,3.436,3.423,3.43,6423.32
1786764600000,3.43,3.431,3.42,3.421,2546.17
1786765500000,3.421,3.422,3.419,3.421,143.65
1786766400000,3.421,3.423,3.419,3.421,832.4
1786767300000,3.421,3.425,3.421,3.425,44.39
1786768200000,3.425,3.441,3.425,3.436,757.26
1786769100000,3.436,3.436,3.422,3.422,257.7
1786770000000,3.422,3.422,3.412,3.412,626.66
1786770900000,3.412,3.419,3.412,3.413,477.54
1786771800000,3.413,3.417,3.41,3.412,477.69
1786772700000,3.412,3.414,3.408,3.41,438.2
1786773600000,3.41,3.41,3.401,3.404,1606.3
1786774500000,3.404,3.408,3.397,3.397,892.38
1786775400000,3.397,3.4,3.396,3.397,298.82
1786776300000,3.397,3.398,3.392,3.398,1260.66
1786777200000,3.398,3.398,3.393,3.397,487.8
1786778100000,3.397,3.398,3.386,3.386,707.14
1786779000000,3.386,3.397,3.386,3.392,2065.39
1786779900000,3.392,3.398,3.392,3.398,195.64
1786780800000,3.398,3.402,3.395,3.401,81.63
1786781700000,3.401,3.402,3.399,3.402,228.27
1786782600000,3.402,3.413,3.401,3.405,6133.95
1786783500000,3.405,3.413,3.397,3.397,365.37
1786784400000,3.397,3.406,3.397,3.403,492.11
1786785300000,3.403,3.408,3.403,3.403,642.79
1786786200000,3.403,3.406,3.397,3.397,804.65
1786787100000,3.397,3.397,3.396,3.397,87.21
1786788000000,3.397,3.399,3.394,3.397,435.73
1786788900000,3.397,3.398,3.396,3.398,167.89
1786789800000,3.398,3.398,3.395,3.395,76.2
1786790700000,3.395,3.396,3.393,3.393,1377.36
1786791600000,3.393,3.403,3.388,3.4,5186.09
1786792500000,3.4,3.404,3.4,3.401,521.08
1786793400000,3.401,3.405,3.401,3.405,39
1786794300000,3.405,3.405,3.403,3.403,13.4
1786795200000,3.403,3.408,3.399,3.4,1847.28
1786796100000,3.4,3.4,3.392,3.392,1290.82
1786797000000,3.392,3.401,3.39,3.401,233.62
1786797900000,3.401,3.405,3.396,3.405,1108.82
1786798800000,3.405,3.405,3.399,3.402,122.73
1786799700000,3.402,3.405,3.402,3.405,79.51
1786800600000,3.405,3.405,3.397,3.397,5410.01
1786801500000,3.397,3.401,3.397,3.397,638.89
1786802400000,3.397,3.404,3.397,3.401,222.48
1786803300000,3.401,3.402,3.395,3.397,236.86
1786804200000,3.397,3.397,3.393,3.397,169.64
1786805100000,3.397,3.406,3.397,3.405,105.74
1786806000000,3.405,3.406,3.4,3.4,60.72
1786806900000,3.4,3.405,3.399,3.404,519.11
1786807800000,3.404,3.413,3.404,3.412,940.57
1786808700000,3.412,3.419,3.412,3.418,3599.04
1786809600000,3.418,3.418,3.412,3.412,486.49
1786810500000,3.412,3.412,3.408,3.408,305.36
1786811400000,3.408,3.417,3.407,3.417,1583.61
1786812300000,3.417,3.438,3.417,3.436,3358.06
1786813200000,3.436,3.465,3.436,3.465,7853.14
1786814100000,3.465,3.48,3.46,3.475,7149.09
1786815000000,3.475,3.484,3.47,3.483,3691.55
1786815900000,3.483,3.5,3.467,3.482,13384.24
1786816800000,3.482,3.482,3.459,3.459,3712.76
1786817700000,3.459,3.462,3.445,3.451,14599.71
1786818600000,3.451,3.48,3.451,3.478,10630.49
1786819500000,3.478,3.483,3.474,3.476,2682.04
1786820400000,3.476,3.48,3.466,3.468,5271.07
1786821300000,3.468,3.478,3.468,3.476,1095.71
1786822200000,3.476,3.477,3.469,3.474,953.06
1786823100000,3.474,3.487,3.468,3.479,3218.33
1786824000000,3.479,3.483,3.474,3.481,2075.75
1786824900000,3.481,3.481,3.468,3.471,513.54
1786825800000,3.471,3.474,3.47,3.471,543.58
1786826700000,3.471,3.471,3.463,3.463,234.87
1786827600000,3.463,3.496,3.463,3.492,8583.58
1786828500000,3.492,3.496,3.483,3.49,958.9
1786829400000,3.49,3.49,3.471,3.476,7.28
1786830300000,3.476,3.476,3.463,3.463,30.96
1786831200000,3.463,3.475,3.461,3.467,11207.51
1786832100000,3.467,3.467,3.452,3.452,577.74
1786833000000,3.452,3.456,3.45,3.454,2405.3
1786833900000,3.454,3.454,3.443,3.443,774.84
1786834800000,3.443,3.443,3.425,3.437,11663.85
1786835700000,3.437,3.437,3.424,3.433,6506.09
1786836600000,3.433,3.433,3.427,3.428,1018.03
1786837500000,3.428,3.431,3.426,3.431,5983
1786838400000,3.431,3.431,3.417,3.427,3002.45
1786839300000,3.427,3.43,3.417,3.429,1552.55
1786840200000,3.429,3.431,3.427,3.428,420.18
1786841100000,3.428,3.431,3.424,3.425,524.82
1786842000000,3.425,3.425,3.418,3.422,2216.57
1786842900000,3.422,3.422,3.415,3.416,579.63
1786843800000,3.416,3.418,3.397,3.409,5822.95
1786844700000,3.409,3.41,3.394,3.399,2456.97
1786845600000,3.399,3.402,3.396,3.402,1319.97
1786846500000,3.402,3.412,3.402,3.412,742.92
1786847400000,3.412,3.412,3.4,3.402,1104.23
1786848300000,3.402,3.408,3.4,3.408,712.46
1786849200000,3.408,3.411,3.405,3.411,177.65
1786850100000,3.411,3.417,3.408,3.408,2509.78
1786851000000,3.408,3.411,3.397,3.404,4259.71
1786851900000,3.404,3.404,3.4,3.401,1080.49
1786852800000,3.401,3.406,3.4,3.405,1814.98
1786853700000,3.405,3.408,3.403,3.408,208.36
1786854600000,3.408,3.418,3.404,3.413,21000.56
1786855500000,3.413,3.413,3.409,3.41,1075.16
1786856400000,3.41,3.413,3.407,3.413,764.52
1786857300000,3.413,3.413,3.402,3.402,1370.55
1786858200000,3.402,3.405,3.401,3.405,246.65
1786859100000,3.405,3.405,3.399,3.399,203.89
1786860000000,3.399,3.401,3.397,3.399,402.66
1786860900000,3.399,3.403,3.392,3.392,1701.68
1786861800000,3.392,3.399,3.392,3.399,411.59
1786862700000,3.399,3.41,3.399,3.403,3674.52
1786863600000,3.403,3.41,3.403,3.41,1027.12
1786864500000,3.41,3.41,3.405,3.405,1001.99
1786865400000,3.405,3.415,3.405,3.41,397.31
1786866300000,3.41,3.414,3.41,3.411,364.56
1786867200000,3.411,3.411,3.404,3.406,1232.17
1786868100000,3.406,3.407,3.405,3.407,18.63
1786869000000,3.407,3.407,3.401,3.403,1578.61
1786869900000,3.403,3.405,3.398,3.405,524.39
1786870800000,3.405,3.408,3.405,3.406,353.19
1786871700000,3.406,3.406,3.4,3.401,2825.45
1786872600000,3.401,3.413,3.401,3.407,4002.71
1786873500000,3.407,3.407,3.404,3.405,455.54
1786874400000,3.405,3.406,3.401,3.404,229.09
1786875300000,3.404,3.404,3.393,3.396,1442.68
1786876200000,3.396,3.404,3.396,3.404,502.12
1786877100000,3.404,3.409,3.403,3.404,186.04
1786878000000,3.404,3.407,3.404,3.406,46.9
1786878900000,3.406,3.408,3.406,3.407,31.45
1786879800000,3.407,3.408,3.404,3.404,392.7
1786880700000,3.404,3.406,3.403,3.406,417.94
1786881600000,3.406,3.406,3.404,3.405,92.2
1786882500000,3.405,3.405,3.398,3.398,1691.8
1786883400000,3.398,3.401,3.398,3.4,37.69
1786884300000,3.4,3.402,3.399,3.401,1022.48
1786885200000,3.401,3.409,3.401,3.404,76.21
1786886100000,3.404,3.404,3.401,3.401,15.61
1786887000000,3.401,3.401,3.395,3.397,890.71
1786887900000,3.397,3.399,3.394,3.399,731.31
1786888800000,3.399,3.402,3.394,3.394,137.77
1786889700000,3.394,3.407,3.394,3.405,214.38
1786890600000,3.405,3.408,3.404,3.407,55.99
1786891500000,3.407,3.416,3.407,3.415,2060.52
1786892400000,3.415,3.419,3.406,3.415,4562.88
1786893300000,3.415,3.429,3.415,3.426,4738.17
1786894200000,3.426,3.427,3.408,3.412,1413.25
1786895100000,3.412,3.418,3.411,3.415,939.62
1786896000000,3.415,3.418,3.413,3.413,1291.9
1786896900000,3.413,3.419,3.409,3.409,764.66
1786897800000,3.409,3.413,3.406,3.408,881.67
1786898700000,3.408,3.411,3.405,3.41,119.37
1786899600000,3.41,3.41,3.405,3.407,895.21
1786900500000,3.407,3.411,3.405,3.406,492.75
1786901400000,3.406,3.406,3.4,3.402,4741.47
1786902300000,3.402,3.408,3.399,3.402,841.71
1786903200000,3.402,3.403,3.398,3.398,296.23
1786904100000,3.398,3.404,3.398,3.401,235.37
1786905000000,3.401,3.404,3.401,3.403,732.05
1786905900000,3.403,3.404,3.4,3.402,332.09
1786906800000,3.402,3.405,3.401,3.405,266.65
1786907700000,3.405,3.405,3.403,3.403,238.59
1786908600000,3.403,3.409,3.403,3.404,1344.69
1786909500000,3.404,3.405,3.399,3.402,1207.63
1786910400000,3.402,3.402,3.401,3.401,116.23
1786911300000,3.401,3.406,3.4,3.403,718.71
1786912200000,3.403,3.404,3.387,3.388,923.9
1786913100000,3.388,3.393,3.373,3.38,2595.87
1786914000000,3.38,3.38,3.363,3.369,6587.45
1786914900000,3.369,3.381,3.368,3.377,1771.77
1786915800000,3.377,3.377,3.294,3.321,22138.1
1786916700000,3.321,3.329,3.309,3.32,1138.11
1786917600000,3.32,3.325,3.306,3.32,3655.15
1786918500000,3.32,3.336,3.32,3.333,5385.86
1786919400000,3.333,3.342,3.329,3.335,8673.29
1786920300000,3.335,3.342,3.334,3.342,2804.13
1786921200000,3.342,3.358,3.342,3.346,4790.26
1786922100000,3.346,3.351,3.341,3.342,4415.95
1786923000000,3.342,3.345,3.342,3.344,1619
1786923900000,3.344,3.349,3.344,3.345,763.9
1786924800000,3.345,3.356,3.342,3.342,13736.71
1786925700000,3.342,3.347,3.334,3.346,2245.7
1786926600000,3.346,3.354,3.34,3.354,1759.79
1786927500000,3.354,3.354,3.343,3.349,970.77
1786928400000,3.349,3.369,3.349,3.357,2276.99
1786929300000,3.357,3.362,3.355,3.362,616.29
1786930200000,3.362,3.369,3.362,3.369,1115.34
1786931100000,3.369,3.369,3.359,3.359,270.62
1786932000000,3.359,3.359,3.344,3.348,2920.77
1786932900000,3.348,3.356,3.348,3.356,885.42
1786933800000,3.356,3.367,3.352,3.367,3949.23
1786934700000,3.367,3.377,3.365,3.375,663.22
1786935600000,3.375,3.379,3.375,3.377,563.76
1786936500000,3.377,3.378,3.373,3.374,439.26
1786937400000,3.374,3.382,3.374,3.38,217.8
1786938300000,3.38,3.397,3.38,3.397,972.03
1786939200000,3.397,3.421,3.396,3.42,2912.35
1786940100000,3.42,3.437,3.418,3.434,3472.44
1786941000000,3.434,3.456,3.434,3.454,13018.71
1786941900000,3.454,3.47,3.451,3.466,7306.08
1786942800000,3.466,3.483,3.46,3.471,10758.96
1786943700000,3.471,3.479,3.465,3.465,6048.25
1786944600000,3.465,3.482,3.455,3.462,8181.18
1786945500000,3.462,3.469,3.445,3.447,3169.5
1786946400000,3.447,3.451,3.443,3.443,1134.55
1786947300000,3.443,3.46,3.443,3.449,7140.34
1786948200000,3.449,3.455,3.445,3.45,3231.74
1786949100000,3.45,3.458,3.444,3.444,2486.88
1786950000000,3.444,3.444,3.431,3.431,10418.88
1786950900000,3.431,3.439,3.43,3.432,3334.83
1786951800000,3.432,3.442,3.43,3.433,1327.26
1786952700000,3.433,3.447,3.432,3.436,14127.16
1786953600000,3.436,3.443,3.434,3.443,91.83
1786954500000,3.443,3.444,3.436,3.438,134.91
1786955400000,3.438,3.438,3.426,3.428,297.6
1786956300000,3.428,3.428,3.417,3.417,1635.88
1786957200000,3.417,3.427,3.417,3.424,1291.39
1786958100000,3.424,3.427,3.41,3.41,4558.87
1786959000000,3.41,3.41,3.399,3.399,568.27
1786959900000,3.399,3.402,3.385,3.388,8991.14
1786960800000,3.388,3.4,3.388,3.4,1491.48
1786961700000,3.4,3.4,3.392,3.397,413.35
1786962600000,3.397,3.4,3.38,3.391,7560.03
1786963500000,3.391,3.393,3.391,3.393,1681.08
1786964400000,3.393,3.395,3.393,3.394,37.37
1786965300000,3.394,3.402,3.394,3.397,507.85
1786966200000,3.397,3.399,3.392,3.399,249.13
1786967100000,3.399,3.4,3.398,3.4,28.12
1786968000000,3.4,3.403,3.391,3.394,2534.22
1786968900000,3.394,3.394,3.39,3.39,364.84
1786969800000,3.39,3.397,3.384,3.387,2095.82
1786970700000,3.387,3.396,3.387,3.394,26.78
1786971600000,3.394,3.397,3.389,3.397,195.91
1786972500000,3.397,3.4,3.395,3.395,79.24
1786973400000,3.395,3.409,3.395,3.404,1520.14
1786974300000,3.404,3.404,3.392,3.392,471.8
1786975200000,3.392,3.392,3.385,3.386,468.34
1786976100000,3.386,3.386,3.368,3.369,905.89
1786977000000,3.369,3.393,3.369,3.393,998.04
1786977900000,3.393,3.403,3.389,3.401,840.97
1786978800000,3.401,3.405,3.397,3.397,762.62
1786979700000,3.397,3.397,3.388,3.396,705.68
1786980600000,3.396,3.396,3.387,3.387,527.72
1786981500000,3.387,3.395,3.387,3.391,704.35
1786982400000,3.391,3.392,3.383,3.388,113.26
1786983300000,3.388,3.388,3.381,3.383,656.02
1786984200000,3.383,3.397,3.383,3.397,255.65
1786985100000,3.397,3.406,3.397,3.404,1301.2
1786986000000,3.404,3.404,3.392,3.394,473.64
1786986900000,3.394,3.407,3.393,3.404,1018.83
1786987800000,3.404,3.404,3.391,3.396,253.37
1786988700000,3.396,3.396,3.39,3.394,827.18
1786989600000,3.394,3.395,3.391,3.395,36.39
1786990500000,3.395,3.404,3.395,3.402,1862.99
1786991400000,3.402,3.411,3.402,3.403,957.28
1786992300000,3.403,3.404,3.396,3.396,336.08
1786993200000,3.396,3.398,3.395,3.395,83.84
1786994100000,3.395,3.402,3.394,3.402,140.08
1786995000000,3.402,3.402,3.396,3.402,238.14
1786995900000,3.402,3.402,3.396,3.397,2132.13
1786996800000,3.397,3.397,3.392,3.395,68.82
1786997700000,3.395,3.396,3.384,3.39,5265.55
1786998600000,3.39,3.394,3.386,3.394,489.73
1786999500000,3.394,3.394,3.393,3.393,18.13
1787000400000,3.393,3.402,3.392,3.402,1631.61
1787001300000,3.402,3.408,3.394,3.394,6005.11
1787002200000,3.394,3.397,3.394,3.397,16.33
1787003100000,3.397,3.397,3.396,3.396,2.83
1787004000000,3.396,3.396,3.389,3.389,5.14
1787004900000,3.389,3.389,3.383,3.389,225.19
1787005800000,3.389,3.389,3.38,3.384,326.36
1787006700000,3.384,3.384,3.379,3.383,2034.46
1787007600000,3.383,3.386,3.379,3.386,8.89
1787008500000,3.386,3.393,3.386,3.393,869.27
1787009400000,3.393,3.396,3.393,3.393,24.04
1787010300000,3.393,3.393,3.378,3.381,18.23
1787011200000,3.381,3.381,3.375,3.375,76.48
1787012100000,3.375,3.379,3.366,3.379,2755.06
1787013000000,3.379,3.38,3.367,3.371,259.38
1787013900000,3.371,3.372,3.366,3.368,1318.54
1787014800000,3.368,3.37,3.362,3.367,826.67
1787015700000,3.367,3.368,3.365,3.366,552.33
1787016600000,3.366,3.366,3.356,3.356,99.98
1787017500000,3.356,3.356,3.347,3.351,3870.65
1787018400000,3.351,3.352,3.345,3.345,65.96
1787019300000,3.345,3.345,3.337,3.337,3738.66
1787020200000,3.337,3.349,3.326,3.33,1164.21
1787021100000,3.33,3.33,3.304,3.319,4562.91
1787022000000,3.319,3.333,3.319,3.33,1063.76
1787022900000,3.33,3.33,3.324,3.33,498.41
1787023800000,3.33,3.348,3.325,3.345,5676.24
1787024700000,3.345,3.345,3.34,3.341,54.7
1787025600000,3.341,3.353,3.341,3.353,173.03
1787026500000,3.353,3.354,3.352,3.354,374.1
1787027400000,3.354,3.369,3.354,3.367,2442.34
1787028300000,3.367,3.371,3.365,3.366,226.47
1787029200000,3.366,3.366,3.346,3.356,7769.98
1787030100000,3.356,3.356,3.345,3.345,34.01
1787031000000,3.345,3.345,3.329,3.336,223.64
1787031900000,3.336,3.341,3.335,3.336,6647.88
1787032800000,3.336,3.342,3.33,3.341,5523
1787033700000,3.341,3.357,3.341,3.357,4270.95
1787034600000,3.357,3.36,3.355,3.357,2008.26
1787035500000,3.357,3.357,3.344,3.346,264.29
1787036400000,3.346,3.355,3.344,3.351,886.03
1787037300000,3.351,3.357,3.35,3.35,387.16
1787038200000,3.35,3.35,3.345,3.35,46.52
1787039100000,3.35,3.36,3.342,3.349,8908.94
1787040000000,3.349,3.349,3.337,3.346,9409.42
1787040900000,3.346,3.35,3.338,3.338,520.51
1787041800000,3.338,3.339,3.335,3.339,1214.26
1787042700000,3.339,3.339,3.334,3.336,28.62
1787043600000,3.336,3.342,3.332,3.342,2738.03
1787044500000,3.342,3.342,3.329,3.332,8428.04
1787045400000,3.332,3.339,3.332,3.335,729.12
1787046300000,3.335,3.338,3.335,3.336,420.51
1787047200000,3.336,3.338,3.327,3.327,1271.09
1787048100000,3.327,3.337,3.326,3.327,1996.71
1787049000000,3.327,3.331,3.327,3.331,1048.03
1787049900000,3.331,3.338,3.331,3.338,6124.78
1787050800000,3.338,3.345,3.337,3.344,1730.36
1787051700000,3.344,3.35,3.344,3.346,881.43
1787052600000,3.346,3.346,3.34,3.341,397.23
1787053500000,3.341,3.341,3.333,3.334,221.43
1787054400000,3.334,3.334,3.331,3.333,350.72
1787055300000,3.333,3.336,3.33,3.334,299.31
1787056200000,3.334,3.338,3.334,3.335,366.88
1787057100000,3.335,3.338,3.334,3.338,831
1787058000000,3.338,3.338,3.33,3.331,756
1787058900000,3.331,3.342,3.331,3.338,3398.22
1787059800000,3.338,3.347,3.337,3.34,2630.76
1787060700000,3.34,3.34,3.332,3.336,598.09
1787061600000,3.336,3.381,3.336,3.379,8254.24
1787062500000,3.379,3.42,3.361,3.419,11856.21
1787063400000,3.419,3.424,3.407,3.417,6526.1
1787064300000,3.417,3.437,3.412,3.418,4755.42
1787065200000,3.418,3.435,3.412,3.422,14057.66
1787066100000,3.422,3.431,3.416,3.431,2204.42
1787067000000,3.431,3.44,3.419,3.421,5847.12
1787067900000,3.421,3.437,3.418,3.434,2930.68
1787068800000,3.434,3.469,3.434,3.453,9293.82
1787069700000,3.453,3.459,3.423,3.437,4095.54
1787070600000,3.437,3.441,3.42,3.438,4605.84
1787071500000,3.438,3.438,3.411,3.42,12290.75
1787072400000,3.42,3.431,3.416,3.421,3642.31
1787073300000,3.421,3.424,3.421,3.423,58.86
1787074200000,3.423,3.433,3.421,3.433,549.65
1787075100000,3.433,3.433,3.424,3.424,827.73
1787076000000,3.424,3.435,3.415,3.417,591.35
1787076900000,3.417,3.433,3.417,3.433,698.84
1787077800000,3.433,3.433,3.422,3.426,1682.35
1787078700000,3.426,3.44,3.426,3.437,434.03
1787079600000,3.437,3.437,3.426,3.43,668.18
1787080500000,3.43,3.44,3.428,3.434,361.73
1787081400000,3.434,3.434,3.422,3.424,85.98
1787082300000,3.424,3.424,3.41,3.41,1324.14
1787083200000,3.41,3.411,3.391,3.399,2595.79
1787084100000,3.399,3.4,3.39,3.394,381.13
1787085000000,3.394,3.395,3.376,3.389,6375.99
1787085900000,3.389,3.389,3.381,3.383,150.36
1787086800000,3.383,3.414,3.383,3.407,12884.79
1787087700000,3.407,3.408,3.4,3.4,91.56
1787088600000,3.4,3.401,3.399,3.399,201.73
1787089500000,3.399,3.403,3.399,3.403,52.75
1787090400000,3.403,3.403,3.391,3.403,465.77
1787091300000,3.403,3.403,3.401,3.401,109.64
1787092200000,3.401,3.408,3.401,3.403,2857.62
1787093100000,3.403,3.403,3.396,3.396,71.89
1787094000000,3.396,3.399,3.394,3.394,40.21
1787094900000,3.394,3.401,3.389,3.389,741.51
1787095800000,3.389,3.391,3.389,3.391,376.31
1787096700000,3.391,3.392,3.388,3.39,443.96
1787097600000,3.39,3.397,3.385,3.397,4906.64
1787098500000,3.397,3.398,3.382,3.387,12727.88
1787099400000,3.387,3.402,3.387,3.399,1902.05
1787100300000,3.399,3.408,3.398,3.399,2249.5
1787101200000,3.399,3.409,3.396,3.409,1396.13
1787102100000,3.409,3.416,3.404,3.41,742.62
1787103000000,3.41,3.425,3.402,3.406,4193.93
1787103900000,3.406,3.411,3.402,3.409,799.13
1787104800000,3.409,3.415,3.404,3.413,724.24
1787105700000,3.413,3.414,3.401,3.411,637.16
1787106600000,3.411,3.412,3.398,3.399,192.21
1787107500000,3.399,3.399,3.39,3.394,433.25
1787108400000,3.394,3.397,3.389,3.397,961.14
1787109300000,3.397,3.431,3.397,3.431,3248.91
1787110200000,3.431,3.434,3.411,3.413,1868.25
1787111100000,3.413,3.413,3.407,3.407,241.06
1787112000000,3.407,3.409,3.392,3.395,7671.25
1787112900000,3.395,3.395,3.373,3.377,3731.89
1787113800000,3.377,3.379,3.368,3.375,1021.51
1787114700000,3.375,3.375,3.365,3.369,399.29
1787115600000,3.369,3.382,3.365,3.377,973.21
1787116500000,3.377,3.377,3.366,3.368,304.8
1787117400000,3.368,3.378,3.368,3.371,1561.62
1787118300000,3.371,3.371,3.357,3.359,536.07
1787119200000,3.359,3.367,3.355,3.367,1810.87
1787120100000,3.367,3.375,3.367,3.37,66.81
1787121000000,3.37,3.376,3.368,3.376,3465.23
1787121900000,3.376,3.379,3.374,3.376,565.69
1787122800000,3.376,3.383,3.371,3.383,2497.97
1787123700000,3.383,3.383,3.378,3.378,94.04
1787124600000,3.378,3.378,3.372,3.378,329.67
1787125500000,3.378,3.378,3.375,3.375,122.82
1787126400000,3.375,3.379,3.372,3.376,813.13
1787127300000,3.376,3.378,3.376,3.378,96.6
1787128200000,3.378,3.388,3.377,3.388,103.31
1787129100000,3.388,3.392,3.382,3.389,1273.89
1787130000000,3.389,3.393,3.385,3.385,59.49
1787130900000,3.385,3.389,3.383,3.383,216.61
1787131800000,3.383,3.385,3.381,3.385,404.75
1787132700000,3.385,3.389,3.382,3.382,384.31
1787133600000,3.382,3.389,3.38,3.389,1116.25
1787134500000,3.389,3.389,3.375,3.375,2311
1787135400000,3.375,3.38,3.369,3.38,1928.13
1787136300000,3.38,3.38,3.365,3.374,2024.04
1787137200000,3.374,3.379,3.374,3.378,67.62
1787138100000,3.378,3.385,3.376,3.385,290.56
1787139000000,3.385,3.387,3.38,3.38,118.63
1787139900000,3.38,3.382,3.38,3.382,13.99
1787140800000,3.382,3.395,3.382,3.392,1772.73
1787141700000,3.392,3.398,3.392,3.398,999.69
1787142600000,3.398,3.41,3.392,3.399,2655.4
1787143500000,3.399,3.402,3.399,3.401,450.32
1787144400000,3.401,3.401,3.387,3.387,102.21
1787145300000,3.387,3.391,3.382,3.391,2418.28
1787146200000,3.391,3.399,3.391,3.392,5883.76
1787147100000,3.392,3.392,3.382,3.383,1320.12
1787148000000,3.383,3.398,3.38,3.398,743.06
1787148900000,3.398,3.4,3.393,3.395,109
1787149800000,3.395,3.422,3.395,3.418,4583.96
1787150700000,3.418,3.459,3.418,3.454,7024.92
1787151600000,3.454,3.475,3.452,3.466,7667.65
1787152500000,3.466,3.526,3.45,3.504,25742.17
1787153400000,3.504,3.533,3.504,3.506,8639.44
1787154300000,3.506,3.506,3.474,3.477,15737.02
1787155200000,3.477,3.495,3.477,3.487,2747.88
1787156100000,3.487,3.498,3.48,3.497,8833.23
1787157000000,3.497,3.51,3.49,3.497,8203.8
1787157900000,3.497,3.513,3.497,3.509,1986.3
1787158800000,3.509,3.521,3.501,3.501,2734.13
1787159700000,3.501,3.518,3.494,3.497,3727.79
1787160600000,3.497,3.503,3.491,3.496,360.62
1787161500000,3.496,3.506,3.494,3.494,6394.47
1787162400000,3.494,3.501,3.487,3.499,6694.43
1787163300000,3.499,3.509,3.499,3.509,366.4
1787164200000,3.509,3.516,3.509,3.515,352.65
1787165100000,3.515,3.524,3.515,3.519,520.74
1787166000000,3.519,3.519,3.497,3.497,1581.69
1787166900000,3.497,3.515,3.497,3.51,324.58
1787167800000,3.51,3.524,3.51,3.522,358.86
1787168700000,3.522,3.537,3.522,3.533,1662.25
1787169600000,3.533,3.574,3.533,3.573,11446.31
1787170500000,3.573,3.574,3.556,3.559,5880.35
1787171400000,3.559,3.578,3.559,3.572,6920.7
1787172300000,3.572,3.627,3.564,3.612,5236.54
1787173200000,3.612,3.695,3.612,3.675,6175.44
1787174100000,3.675,3.699,3.652,3.692,7571.57
1787175000000,3.692,3.699,3.655,3.667,2917.4
1787175900000,3.667,3.704,3.664,3.669,4809.17
1787176800000,3.669,3.71,3.662,3.664,4608.12
1787177700000,3.664,3.681,3.662,3.662,620.33
1787178600000,3.662,3.662,3.644,3.649,3951.97
1787179500000,3.649,3.649,3.637,3.643,606.93
1787180400000,3.643,3.643,3.623,3.626,1376.88
1787181300000,3.626,3.626,3.602,3.614,16203.53
1787182200000,3.614,3.637,3.607,3.634,5385.21
1787183100000,3.634,3.635,3.625,3.627,1097.42
1787184000000,3.627,3.645,3.627,3.636,9720.41
1787184900000,3.636,3.668,3.636,3.666,1446.68
1787185800000,3.666,3.669,3.659,3.662,2290.37
1787186700000,3.662,3.678,3.661,3.663,1286.13
1787187600000,3.663,3.682,3.658,3.666,2188.65
1787188500000,3.666,3.689,3.653,3.675,3586.26
1787189400000,3.675,3.713,3.673,3.713,1261.87
1787190300000,3.713,3.717,3.695,3.711,5646.56
1787191200000,3.711,3.711,3.686,3.686,3149.81
1787192100000,3.686,3.686,3.672,3.675,610.53
1787193000000,3.675,3.687,3.674,3.686,1640.18
1787193900000,3.686,3.691,3.657,3.657,9528.07
1787194800000,3.657,3.658,3.593,3.618,17493.44
1787195700000,3.618,3.631,3.618,3.62,1625.24
1787196600000,3.62,3.627,3.617,3.625,5127.02
1787197500000,3.625,3.626,3.622,3.622,521.59
1787198400000,3.622,3.668,3.622,3.668,3030.69
1787199300000,3.668,3.675,3.645,3.675,15689.29
1787200200000,3.675,3.69,3.667,3.681,5995.33
1787201100000,3.681,3.687,3.674,3.684,1931.14
1787202000000,3.684,3.684,3.671,3.677,1313.68
1787202900000,3.677,3.682,3.672,3.675,1378.49
1787203800000,3.675,3.678,3.669,3.676,776.25
1787204700000,3.676,3.684,3.672,3.675,754.95
1787205600000,3.675,3.677,3.669,3.669,335.25
1787206500000,3.669,3.726,3.669,3.717,5302.99
1787207400000,3.717,3.752,3.717,3.72,10251.36
1787208300000,3.72,3.726,3.71,3.715,2771.36
1787209200000,3.715,3.722,3.706,3.721,4778.58
1787210100000,3.721,3.75,3.704,3.746,1872.92
1787211000000,3.746,3.759,3.72,3.748,5782.19
1787211900000,3.748,3.8,3.748,3.778,5225.97
1787212800000,3.778,3.812,3.756,3.812,9890.75
1787213700000,3.812,3.84,3.802,3.828,10514.31
1787214600000,3.828,3.897,3.814,3.89,27737.06
1787215500000,3.89,3.929,3.883,3.923,18514.7
1787216400000,3.923,3.991,3.918,3.979,26828.39
1787217300000,3.979,4.004,3.948,3.949,11288.31
1787218200000,3.949,4.015,3.947,3.99,17078.2
1787219100000,3.99,4.052,3.964,4.046,16377.31
1787220000000,4.046,4.271,4.046,4.236,62351.48
1787220900000,4.236,4.263,4.191,4.253,41186.36
1787221800000,4.253,4.305,4.199,4.286,36352.22
1787222700000,4.286,4.333,4.229,4.316,29997.6
1787223600000,4.316,4.364,4.241,4.243,69872.14
1787224500000,4.243,4.36,4.22,4.345,77736.98
1787225400000,4.345,4.444,4.311,4.424,66318.22
1787226300000,4.424,4.442,4.32,4.393,79656.52
1787227200000,4.393,4.431,4.265,4.332,66537.37
1787228100000,4.332,4.365,4.302,4.335,28537.42
1787229000000,4.335,4.385,4.061,4.084,152758.59
1787229900000,4.084,4.198,4.084,4.188,45762.39
1787230800000,4.188,4.19,4.105,4.122,26437.31
1787231700000,4.122,4.187,4.119,4.176,8156.94
1787232600000,4.176,4.181,4.112,4.143,35338.75
1787233500000,4.143,4.226,4.122,4.178,125235.74
1787234400000,4.178,4.186,4.127,4.159,21064.33
1787235300000,4.159,4.181,4.08,4.181,25900.67
1787236200000,4.181,4.221,4.165,4.185,17223.75
1787237100000,4.185,4.224,4.164,4.219,7508.19
1787238000000,4.219,4.267,4.175,4.202,22471
1787238900000,4.202,4.22,4.178,4.197,13549.9
1787239800000,4.197,4.216,4.146,4.146,13511.36
1787240700000,4.146,4.225,4.141,4.225,16520.99
1787241600000,4.225,4.237,4.157,4.16,17639.64
1787242500000,4.16,4.188,4.107,4.188,8315.64
1787243400000,4.188,4.246,4.182,4.246,14023.13
1787244300000,4.246,4.292,4.234,4.257,19825.32
1787245200000,4.257,4.296,4.239,4.263,9082.67
1787246100000,4.263,4.279,4.231,4.261,5455.45
1787247000000,4.261,4.261,4.196,4.204,8018.79
1787247900000,4.204,4.204,4.165,4.165,5260.67
1787248800000,4.165,4.178,4.124,4.145,26972.51
1787249700000,4.145,4.188,4.136,4.169,9146.69
1787250600000,4.169,4.176,4.128,4.17,22123.34
1787251500000,4.17,4.174,4.151,4.155,2097.52
1787252400000,4.155,4.191,4.15,4.171,4987.05
1787253300000,4.171,4.193,4.157,4.157,12106.98
1787254200000,4.157,4.171,4.149,4.16,1643.56
1787255100000,4.16,4.161,4.127,4.14,2430.43
1787256000000,4.14,4.18,4.113,4.175,12320.72
1787256900000,4.175,4.176,4.151,4.163,4300.39
1787257800000,4.163,4.163,4.131,4.144,5983.61
1787258700000,4.144,4.144,4.029,4.081,39564.09
1787259600000,4.081,4.091,4.071,4.081,4132.76
1787260500000,4.081,4.09,4.074,4.09,5594.83
1787261400000,4.09,4.136,4.09,4.13,4001.48
1787262300000,4.13,4.152,4.118,4.152,3707.67
1787263200000,4.152,4.167,4.141,4.153,3959.18
1787264100000,4.153,4.158,4.134,4.134,1795.02
1787265000000,4.134,4.142,4.128,4.133,2981.06
1787265900000,4.133,4.155,4.13,4.149,3765.07
1787266800000,4.149,4.152,4.13,4.13,2195.98
1787267700000,4.13,4.161,4.125,4.161,10417.59
1787268600000,4.161,4.187,4.158,4.163,10996.67
1787269500000,4.163,4.18,4.158,4.173,3933.46
1787270400000,4.173,4.184,4.161,4.184,4694.78
1787271300000,4.184,4.203,4.164,4.165,7890.28
1787272200000,4.165,4.2,4.154,4.172,14765.83
1787273100000,4.172,4.187,4.155,4.155,1914.33
1787274000000,4.155,4.155,4.136,4.139,3592.34
1787274900000,4.139,4.188,4.139,4.179,4942.09
1787275800000,4.179,4.235,4.172,4.213,31214.31
1787276700000,4.213,4.251,4.203,4.231,31069.82
1787277600000,4.231,4.255,4.215,4.228,3264.44
1787278500000,4.228,4.238,4.212,4.238,11229.77
1787279400000,4.238,4.239,4.191,4.218,18061.39
1787280300000,4.218,4.254,4.199,4.227,4968.56
1787281200000,4.227,4.237,4.215,4.232,2404.4
1787282100000,4.232,4.264,4.223,4.252,9800.13
1787283000000,4.252,4.253,4.218,4.238,5013.13
1787283900000,4.238,4.261,4.238,4.248,5575.82
1787284800000,4.248,4.25,4.215,4.234,3838.07
1787285700000,4.234,4.248,4.22,4.248,7608.68
1787286600000,4.248,4.262,4.23,4.247,5923.35
1787287500000,4.247,4.262,4.237,4.25,5259.07
1787288400000,4.25,4.261,4.237,4.247,19153.18
1787289300000,4.247,4.26,4.222,4.237,8535.66
1787290200000,4.237,4.304,4.231,4.264,7905.19
1787291100000,4.264,4.312,4.259,4.305,27755.96
1787292000000,4.305,4.31,4.274,4.278,9667.07
1787292900000,4.278,4.279,4.24,4.245,4177.04
1787293800000,4.245,4.249,4.196,4.239,8004.7
1787294700000,4.239,4.263,4.232,4.246,10823.61
1787295600000,4.246,4.267,4.241,4.263,4909.06
1787296500000,4.263,4.311,4.263,4.306,12650.63
1787297400000,4.306,4.407,4.3,4.372,47008.05
1787298300000,4.372,4.5,4.368,4.5,21990.22
1787299200000,4.5,4.502,4.451,4.479,23967.27
1787300100000,4.479,4.592,4.479,4.574,20690.02
1787301000000,4.574,4.643,4.534,4.636,29629.29
1787301900000,4.636,4.7,4.62,4.662,21581.21
1787302800000,4.662,4.662,4.357,4.397,60269.34
1787303700000,4.397,4.397,4.323,4.329,13502.79
1787304600000,4.329,4.428,4.329,4.422,12827.76
1787305500000,4.422,4.434,4.361,4.392,10740.56
1787306400000,4.392,4.404,4.36,4.388,7842.86
1787307300000,4.388,4.449,4.385,4.406,9094.51
1787308200000,4.406,4.442,4.406,4.429,8119.87
1787309100000,4.429,4.455,4.415,4.423,13106.64
1787310000000,4.423,4.443,4.382,4.406,14939.22
1787310900000,4.406,4.415,4.369,4.398,3621.11
1787311800000,4.398,4.412,4.284,4.36,31463.03
1787312700000,4.36,4.385,4.337,4.356,7457.94
1787313600000,4.356,4.392,4.34,4.392,6346.47
1787314500000,4.392,4.397,4.373,4.382,5469.42
1787315400000,4.382,4.444,4.365,4.444,7903.67
1787316300000,4.444,4.448,4.412,4.423,4829.88
1787317200000,4.423,4.454,4.419,4.429,6105.77
1787318100000,4.429,4.429,4.385,4.401,6211.72
1787319000000,4.401,4.46,4.358,4.419,25558.36
1787319900000,4.419,4.457,4.418,4.43,5055.61
1787320800000,4.43,4.44,4.397,4.404,6805.2
1787321700000,4.404,4.423,4.377,4.413,4714.54
1787322600000,4.413,4.433,4.408,4.429,7716.92
1787323500000,4.429,4.492,4.429,4.467,6758.12
1787324400000,4.467,4.523,4.467,4.522,6493.79
1787325300000,4.522,4.541,4.457,4.457,14158.32
1787326200000,4.457,4.474,4.431,4.457,3415.45
1787327100000,4.457,4.487,4.457,4.457,7068.15
1787328000000,4.457,4.49,4.425,4.425,7945.1
1787328900000,4.425,4.475,4.425,4.475,2395.12
1787329800000,4.475,4.487,4.445,4.452,3198.26
1787330700000,4.452,4.46,4.423,4.423,1964.33
1787331600000,4.423,4.454,4.412,4.421,8202.88
1787332500000,4.421,4.421,4.361,4.393,10471.25
1787333400000,4.393,4.427,4.381,4.424,8118.44
1787334300000,4.424,4.443,4.409,4.416,2488.3
1787335200000,4.416,4.456,4.403,4.443,9155.96
1787336100000,4.443,4.448,4.423,4.439,1819.44
1787337000000,4.439,4.443,4.4,4.405,6772.14
1787337900000,4.405,4.407,4.322,4.354,12396.35
1787338800000,4.354,4.354,4.283,4.327,8716.45
1787339700000,4.327,4.363,4.319,4.357,21429.65
1787340600000,4.357,4.359,4.313,4.314,2471.86
1787341500000,4.314,4.325,4.306,4.32,831.14
1787342400000,4.32,4.375,4.301,4.356,12269.31
1787343300000,4.356,4.377,4.356,4.373,1084.78
1787344200000,4.373,4.405,4.371,4.391,12724.03
1787345100000,4.391,4.423,4.383,4.409,2410.93
1787346000000,4.409,4.458,4.409,4.446,1892.23
1787346900000,4.446,4.471,4.445,4.459,1832.64
1787347800000,4.459,4.492,4.445,4.473,6121.6
1787348700000,4.473,4.504,4.456,4.492,4884.46
1787349600000,4.492,4.521,4.488,4.507,5660.22
1787350500000,4.507,4.523,4.491,4.508,5755.58
1787351400000,4.508,4.537,4.469,4.525,3286.35
1787352300000,4.525,4.594,4.525,4.584,7152.83
1787353200000,4.584,4.59,4.557,4.575,8028.02
1787354100000,4.575,4.582,4.559,4.576,7869.51
1787355000000,4.576,4.586,4.508,4.539,6173.68
1787355900000,4.539,4.548,4.519,4.548,6094.71
1787356800000,4.548,4.604,4.521,4.591,14692.44
1787357700000,4.591,4.656,4.584,4.584,8043.3
1787358600000,4.584,4.678,4.584,4.657,9497.81
1787359500000,4.657,4.696,4.628,4.696,11930.75
1787360400000,4.696,4.7,4.658,4.665,13888.17
1787361300000,4.665,4.724,4.644,4.647,10625.09
1787362200000,4.647,4.702,4.634,4.66,11926.66
1787363100000,4.66,4.691,4.639,4.656,12124.72
1787364000000,4.656,4.84,4.647,4.827,15523.24
1787364900000,4.827,4.884,4.78,4.884,20700.39
1787365800000,4.884,4.945,4.827,4.9,31920.74
1787366700000,4.9,4.955,4.864,4.941,24094.67
1787367600000,4.941,4.995,4.907,4.928,31473.98
1787368500000,4.928,5.026,4.928,5.012,36121.4
1787369400000,5.012,5.04,4.948,4.974,39110.49
1787370300000,4.974,5.071,4.969,5.033,24696.33
1787371200000,5.033,5.103,5.011,5.094,20470.65
1787372100000,5.094,5.156,5.059,5.143,24936.11
1787373000000,5.143,5.158,5.087,5.093,22068.54
1787373900000,5.093,5.125,5.022,5.048,33528.7
1787374800000,5.048,5.103,3.37,4.386,1361431.39
1787375700000,4.386,4.542,4.102,4.369,164447.48
1787376600000,4.369,4.458,4.287,4.329,33608.9
1787377500000,4.329,4.413,4.288,4.356,28342.23
1787378400000,4.356,4.388,4.279,4.317,17466.28
1787379300000,4.317,4.371,4.317,4.339,4790.31
1787380200000,4.339,4.372,4.271,4.337,9008
1787381100000,4.337,4.358,4.312,4.338,3991.46
1787382000000,4.338,4.377,4.305,4.327,4848.16
1787382900000,4.327,4.342,4.303,4.328,3024.54
1787383800000,4.328,4.348,4.282,4.296,102326.91
1787384700000,4.296,4.311,4.282,4.282,12302.59
1787385600000,4.282,4.32,4.242,4.311,22642.24
1787386500000,4.311,4.32,4.214,4.226,14289.26
1787387400000,4.226,4.226,4.062,4.199,179735.19
1787388300000,4.199,4.213,4.184,4.196,54192.07
1787389200000,4.196,4.213,4.121,4.21,48246.17
1787390100000,4.21,4.229,4.188,4.211,3339.34
1787391000000,4.211,4.213,4.175,4.186,4156.49
1787391900000,4.186,4.186,4.145,4.164,6729.81
1787392800000,4.164,4.174,4.057,4.071,47070.21
1787393700000,4.071,4.1,4.028,4.096,35810.18
1787394600000,4.096,4.156,4.084,4.145,16239.73
1787395500000,4.145,4.149,4.115,4.12,15372.87
1787396400000,4.12,4.136,4.1,4.103,9957.88
1787397300000,4.103,4.108,4.089,4.108,6438.27
1787398200000,4.108,4.17,4.103,4.169,12954.54
1787399100000,4.169,4.177,4.161,4.167,4859.48
1787400000000,4.167,4.233,4.165,4.232,5308.88
1787400900000,4.232,4.24,4.212,4.233,2933.61
1787401800000,4.233,4.242,4.212,4.236,1894.95
1787402700000,4.236,4.242,4.213,4.216,4480.97
1787403600000,4.216,4.236,4.191,4.233,4784.71
1787404500000,4.233,4.233,4.176,4.207,14581.51
1787405400000,4.207,4.214,4.112,4.2,118913.38
1787406300000,4.2,4.283,4.2,4.246,26597.13
1787407200000,4.246,4.258,4.201,4.213,22283.14
1787408100000,4.213,4.241,4.193,4.217,9970.12
1787409000000,4.217,4.262,4.213,4.215,7201.15
1787409900000,4.215,4.215,4.181,4.213,5591.79
1787410800000,4.213,4.246,4.197,4.199,4762.85
1787411700000,4.199,4.24,4.188,4.24,4787.22
1787412600000,4.24,4.258,4.225,4.225,10401.36
1787413500000,4.225,4.23,4.203,4.216,2373.73
1787414400000,4.216,4.251,4.211,4.235,5183.23
1787415300000,4.235,4.328,4.235,4.313,12812.01
1787416200000,4.313,4.316,4.268,4.295,11291.8
1787417100000,4.295,4.295,4.261,4.261,2769.32
1787418000000,4.261,4.263,4.243,4.243,2667.05
1787418900000,4.243,4.256,4.202,4.205,15301.33
1787419800000,4.205,4.24,4.205,4.233,3919.16
1787420700000,4.233,4.253,4.233,4.243,22618.99
1787421600000,4.243,4.256,4.242,4.243,4517.36
1787422500000,4.243,4.257,4.243,4.243,1083.69
1787423400000,4.243,4.251,4.212,4.213,13395.93
1787424300000,4.213,4.213,4.161,4.185,9824.74
1787425200000,4.185,4.197,4.179,4.188,1190.86
1787426100000,4.188,4.189,4.156,4.175,2131.08
1787427000000,4.175,4.192,4.175,4.192,1378.19
1787427900000,4.192,4.202,4.185,4.187,1442.32
1787428800000,4.187,4.197,4.182,4.182,6109.91
1787429700000,4.182,4.189,4.17,4.188,1952.25
1787430600000,4.188,4.188,4.159,4.167,5579.1
1787431500000,4.167,4.174,4.151,4.165,8433.22
1787432400000,4.165,4.165,4.106,4.113,13758.8
1787433300000,4.113,4.143,4.113,4.13,2865.86
1787434200000,4.13,4.13,4.077,4.092,9771.16
1787435100000,4.092,4.099,3.99,4.05,25534.65
1787436000000,4.05,4.087,4.028,4.081,2515.1
1787436900000,4.081,4.124,4.081,4.124,14068.68
1787437800000,4.124,4.129,4.094,4.121,4874.75
1787438700000,4.121,4.133,4.114,4.116,4940.55
1787439600000,4.116,4.116,4.088,4.095,7321.79
1787440500000,4.095,4.115,4.09,4.108,3129.86
1787441400000,4.108,4.117,4.048,4.096,17781.38
1787442300000,4.096,4.106,4.094,4.104,1638.05
1787443200000,4.104,4.104,4.07,4.074,48251.14
1787444100000,4.074,4.125,4.074,4.125,12453.1
1787445000000,4.125,4.169,4.122,4.166,33423.83
1787445900000,4.166,4.18,4.152,4.173,3021.68
1787446800000,4.173,4.173,4.133,4.151,6059.53
1787447700000,4.151,4.151,4.111,4.111,2842.53
1787448600000,4.111,4.114,4.059,4.076,7514.55
1787449500000,4.076,4.087,4.053,4.068,5784.39
1787450400000,4.068,4.072,4.021,4.023,9348.12
1787451300000,4.023,4.056,4.015,4.026,5027.58
1787452200000,4.026,4.047,4.026,4.031,8145.49
1787453100000,4.031,4.065,4.027,4.035,24071.72
1787454000000,4.035,4.035,3.996,4.01,8274.3
1787454900000,4.01,4.016,3.911,3.947,63160.34
1787455800000,3.947,3.949,3.877,3.89,64636.88
1787456700000,3.89,3.937,3.89,3.92,38385.97
1787457600000,3.92,3.96,3.903,3.957,13984.21
1787458500000,3.957,3.964,3.936,3.951,3970.27
1787459400000,3.951,3.953,3.929,3.929,3765.91
1787460300000,3.929,3.937,3.894,3.918,7919.8
1787461200000,3.918,3.942,3.877,3.917,38969.74
1787462100000,3.917,3.984,3.875,3.96,22081.05
1787463000000,3.96,3.969,3.922,3.927,3623.61
1787463900000,3.927,3.936,3.892,3.896,21146.53
1787464800000,3.896,3.933,3.877,3.933,16895.43
1787465700000,3.933,3.947,3.929,3.943,14816.69
1787466600000,3.943,3.953,3.941,3.941,2216.7
1787467500000,3.941,3.945,3.917,3.921,2543.24
1787468400000,3.921,3.967,3.921,3.967,4591.54
1787469300000,3.967,3.978,3.962,3.973,1875.18
1787470200000,3.973,3.98,3.95,3.957,3037.57
1787471100000,3.957,3.981,3.95,3.973,4935.52
1787472000000,3.973,4.023,3.973,3.996,11572.21
1787472900000,3.996,4.008,3.988,3.991,3726.84
1787473800000,3.991,4.02,3.991,4.006,2295.08
1787474700000,4.006,4.006,3.985,3.995,4579.97
1787475600000,3.995,4.011,3.99,3.994,2043.97
1787476500000,3.994,4.011,3.994,4.011,802.92
1787477400000,4.011,4.011,3.994,3.999,1518.1
1787478300000,3.999,4.001,3.978,3.997,1636.68
1787479200000,3.997,4.015,3.996,4.003,1574.82
1787480100000,4.003,4.035,4.001,4.032,2105.28
1787481000000,4.032,4.063,4.026,4.049,11790.91
1787481900000,4.049,4.049,4.033,4.033,1873.88
1787482800000,4.033,4.045,4.031,4.032,1163.5
1787483700000,4.032,4.104,4.03,4.081,11325.27
1787484600000,4.081,4.091,4.072,4.088,2433.11
1787485500000,4.088,4.126,4.085,4.108,4351.16
1787486400000,4.108,4.109,4.08,4.088,2906.68
1787487300000,4.088,4.106,4.081,4.091,864.61
1787488200000,4.091,4.091,4.066,4.08,1657.08
1787489100000,4.08,4.08,4.05,4.059,3842.36
1787490000000,4.059,4.066,4.05,4.066,7546.69
1787490900000,4.066,4.12,4.063,4.092,32103.26
1787491800000,4.092,4.118,4.077,4.117,3824.52
1787492700000,4.117,4.172,4.115,4.162,6249.19
1787493600000,4.162,4.213,4.162,4.193,37122.53
1787494500000,4.193,4.241,4.18,4.23,19386.08
1787495400000,4.23,4.233,4.055,4.095,49955.62
1787496300000,4.095,4.155,4.095,4.145,10733.56
1787497200000,4.145,4.171,4.123,4.158,4398.5
1787498100000,4.158,4.275,4.13,4.267,7107.22
1787499000000,4.267,4.293,4.233,4.269,15049.16
1787499900000,4.269,4.269,4.197,4.199,5047.37
1787500800000,4.199,4.248,4.198,4.214,8623.96
1787501700000,4.214,4.223,4.152,4.156,7189.76
1787502600000,4.156,4.198,4.155,4.19,3391.32
1787503500000,4.19,4.19,4.174,4.176,1598.71
1787504400000,4.176,4.176,4.137,4.158,4400.19
1787505300000,4.158,4.171,4.143,4.155,861.47
1787506200000,4.155,4.172,4.138,4.159,2939.31
1787507100000,4.159,4.159,4.148,4.153,580.57
1787508000000,4.153,4.173,4.148,4.173,1301.08
1787508900000,4.173,4.19,4.163,4.163,4125.09
1787509800000,4.163,4.166,4.144,4.149,3136.25
1787510700000,4.149,4.151,4.135,4.151,1082.38
1787511600000,4.151,4.156,4.128,4.142,2418.22
1787512500000,4.142,4.159,4.142,4.157,274.03
1787513400000,4.157,4.174,4.146,4.174,2310.9
1787514300000,4.174,4.185,4.16,4.16,5879.45
1787515200000,4.16,4.16,4.136,4.139,1749.38
1787516100000,4.139,4.168,4.134,4.164,956.52
1787517000000,4.164,4.168,4.16,4.168,1304.51
1787517900000,4.168,4.189,4.161,4.184,933.51
1787518800000,4.184,4.216,4.181,4.208,1198.7
1787519700000,4.208,4.237,4.207,4.237,2385.06
1787520600000,4.237,4.244,4.204,4.215,1698.03
1787521500000,4.215,4.23,4.184,4.196,2528.64
1787522400000,4.196,4.209,4.171,4.185,860.85
1787523300000,4.185,4.202,4.182,4.192,468.56
1787524200000,4.192,4.192,4.181,4.181,336.18
1787525100000,4.181,4.192,4.17,4.173,6731.81
1787526000000,4.173,4.174,4.144,4.151,2167.78
1787526900000,4.151,4.167,4.138,4.16,2955.3
1787527800000,4.16,4.181,4.138,4.141,9557.26
1787528700000,4.141,4.161,4.141,4.153,3741.63
1787529600000,4.153,4.153,4.104,4.124,7625.11
1787530500000,4.124,4.124,4.06,4.104,6591.74
1787531400000,4.104,4.125,4.086,4.089,1673.56
1787532300000,4.089,4.119,4.073,4.119,4630.92
1787533200000,4.119,4.124,4.1,4.105,484.13
1787534100000,4.105,4.105,4.074,4.085,4340.32
1787535000000,4.085,4.096,4.048,4.048,7070.43
1787535900000,4.048,4.051,4.007,4.022,8816.45
1787536800000,4.022,4.056,4.005,4.056,3859.29
1787537700000,4.056,4.088,4.055,4.083,1192.61
1787538600000,4.083,4.115,4.083,4.1,3904.19
1787539500000,4.1,4.106,4.072,4.093,7608.17
1787540400000,4.093,4.096,4.054,4.067,1394.07
1787541300000,4.067,4.068,4.043,4.051,1940.15
1787542200000,4.051,4.054,4.028,4.051,10005.39
1787543100000,4.051,4.065,4.026,4.031,1186.51
1787544000000,4.031,4.064,4.03,4.059,1061.72
1787544900000,4.059,4.096,4.059,4.096,428.01
1787545800000,4.096,4.129,4.088,4.129,6691.25
1787546700000,4.129,4.146,4.092,4.103,1691.55
1787547600000,4.103,4.141,4.083,4.141,6806.62
1787548500000,4.141,4.142,4.075,4.075,3282.09
1787549400000,4.075,4.107,4.056,4.098,1962.08
1787550300000,4.098,4.102,4.084,4.096,1060.75
1787551200000,4.096,4.1,4.072,4.1,444.11
1787552100000,4.1,4.103,4.092,4.096,1968.91
1787553000000,4.096,4.096,4.05,4.05,2154.67
1787553900000,4.05,4.078,4.047,4.058,2433.91
1787554800000,4.058,4.082,4.045,4.08,4193.94
1787555700000,4.08,4.08,4.056,4.068,1916.76
1787556600000,4.068,4.068,4.033,4.036,1606.6
1787557500000,4.036,4.058,4.034,4.041,7744.73
1787558400000,4.041,4.056,4.023,4.035,3610.33
1787559300000,4.035,4.035,4.006,4.019,3674.26
1787560200000,4.019,4.048,4.016,4.048,3224.27
1787561100000,4.048,4.048,4.033,4.043,1252.11
1787562000000,4.043,4.086,4.04,4.086,2805.83
1787562900000,4.086,4.086,4.063,4.079,1301.53
1787563800000,4.079,4.094,4.07,4.071,2277.78
1787564700000,4.071,4.071,4.055,4.061,730.55
1787565600000,4.061,4.093,4.057,4.083,13299.14
1787566500000,4.083,4.091,4.073,4.082,3051.41
1787567400000,4.082,4.096,4.064,4.065,2823.81
1787568300000,4.065,4.074,4.046,4.056,2358.73
1787569200000,4.056,4.056,4.016,4.047,4372.51
1787570100000,4.047,4.063,4.031,4.059,1624.39
1787571000000,4.059,4.145,4.057,4.143,8676.07
1787571900000,4.143,4.144,4.107,4.12,4263.15
1787572800000,4.12,4.136,4.102,4.108,6233.82
1787573700000,4.108,4.137,4.085,4.129,7792.76
1787574600000,4.129,4.149,4.097,4.149,17460.55
1787575500000,4.149,4.226,4.147,4.213,13902.29
1787576400000,4.213,4.213,4.171,4.209,4061.97
1787577300000,4.209,4.209,4.147,4.148,4201.85
1787578200000,4.148,4.15,4.046,4.071,23741.21
1787579100000,4.071,4.096,4.043,4.093,20002.12
1787580000000,4.093,4.126,4.08,4.126,13887.31
1787580900000,4.126,4.151,4.095,4.138,9928.05
1787581800000,4.138,4.192,4.136,4.19,5461.32
1787582700000,4.19,4.221,4.147,4.2,10180.89
1787583600000,4.2,4.231,4.184,4.214,3159.19
1787584500000,4.214,4.266,4.2,4.236,8552.01
1787585400000,4.236,4.26,4.19,4.216,15797.53
1787586300000,4.216,4.273,4.203,4.238,15242.73
1787587200000,4.238,4.388,4.238,4.368,13199.72
1787588100000,4.368,4.382,4.269,4.292,11836.85
1787589000000,4.292,4.307,4.234,4.238,10171.32
1787589900000,4.238,4.25,4.181,4.223,26986.98
1787590800000,4.223,4.233,4.179,4.224,10783.86
1787591700000,4.224,4.233,4.115,4.136,21254.59
1787592600000,4.136,4.163,4.136,4.145,2558.45
1787593500000,4.145,4.184,4.141,4.183,725.55
1787594400000,4.183,4.23,4.183,4.213,6711.03
1787595300000,4.213,4.217,4.199,4.212,759.13
1787596200000,4.212,4.217,4.171,4.182,935.5
1787597100000,4.182,4.198,4.147,4.154,1589.62
1787598000000,4.154,4.159,4.118,4.137,4404.11
1787598900000,4.137,4.139,4.112,4.136,1417.15
1787599800000,4.136,4.155,4.131,4.152,2271.14
1787600700000,4.152,4.152,4.118,4.128,1386.54
1787601600000,4.128,4.175,4.121,4.159,7127.69
1787602500000,4.159,4.159,4.141,4.145,625.58
1787603400000,4.145,4.177,4.143,4.165,812.05
1787604300000,4.165,4.178,4.16,4.173,332.02
1787605200000,4.173,4.182,4.164,4.173,1139.61
1787606100000,4.173,4.175,4.15,4.151,1129.74
1787607000000,4.151,4.153,4.147,4.15,266.85
1787607900000,4.15,4.15,4.148,4.148,4.35
1787608800000,4.148,4.18,4.141,4.169,2177.29
1787609700000,4.169,4.17,4.151,4.158,15549.02
1787610600000,4.158,4.198,4.158,4.173,6010.9
1787611500000,4.173,4.179,4.166,4.172,1880.5
1787612400000,4.172,4.172,4.143,4.155,3158.95
1787613300000,4.155,4.188,4.151,4.167,4993.97
1787614200000,4.167,4.217,4.167,4.209,4936.24
1787615100000,4.209,4.216,4.189,4.213,1500.26
1787616000000,4.213,4.222,4.181,4.199,21076.19
1787616900000,4.199,4.199,4.169,4.19,4205.74
1787617800000,4.19,4.253,4.19,4.253,13028.4
1787618700000,4.253,4.304,4.253,4.304,4009.59
1787619600000,4.304,4.312,4.25,4.27,8832.28
1787620500000,4.27,4.27,4.235,4.254,4525.93
1787621400000,4.254,4.26,4.223,4.223,1146.13
1787622300000,4.223,4.232,4.203,4.206,4572.87
1787623200000,4.206,4.209,4.194,4.204,1605.28
1787624100000,4.204,4.3,4.202,4.296,13829.71
1787625000000,4.296,4.328,4.281,4.281,8782.35
1787625900000,4.281,4.289,4.238,4.261,9212.15
1787626800000,4.261,4.309,4.256,4.291,8400.18
1787627700000,4.291,4.341,4.287,4.34,2892.4
1787628600000,4.34,4.35,4.321,4.334,4192.18
1787629500000,4.334,4.338,4.301,4.322,10002.92
1787630400000,4.322,4.345,4.288,4.294,4295.66
1787631300000,4.294,4.298,4.274,4.28,8435.05
1787632200000,4.28,4.302,4.27,4.288,8677.07
1787633100000,4.288,4.312,4.288,4.304,4280.6
1787634000000,4.304,4.349,4.298,4.345,2992.22
1787634900000,4.345,4.345,4.308,4.329,3058.41
1787635800000,4.329,4.329,4.302,4.309,7788.83
1787636700000,4.309,4.325,4.3,4.307,2042.43
1787637600000,4.307,4.331,4.307,4.315,4501.28
1787638500000,4.315,4.324,4.293,4.293,2018.33
1787639400000,4.293,4.294,4.252,4.268,3781.37
1787640300000,4.268,4.268,4.194,4.23,60532.81
1787641200000,4.23,4.261,4.228,4.246,6043.64
1787642100000,4.246,4.254,4.24,4.248,2325.91
1787643000000,4.248,4.248,4.224,4.227,2989.08
1787643900000,4.227,4.231,4.115,4.151,19316.19
1787644800000,4.151,4.181,4.148,4.175,3487.6
1787645700000,4.175,4.209,4.174,4.209,12215.98
1787646600000,4.209,4.217,4.177,4.187,10125.49
1787647500000,4.187,4.19,4.155,4.162,8065.88
1787648400000,4.162,4.202,4.151,4.199,5841.68
1787649300000,4.199,4.205,4.178,4.185,6070.29
1787650200000,4.185,4.204,4.183,4.203,1967.97
1787651100000,4.203,4.205,4.142,4.168,6425.01
1787652000000,4.168,4.17,4.155,4.165,1476.68
1787652900000,4.165,4.182,4.164,4.176,314.45
1787653800000,4.176,4.178,4.167,4.177,7238.26
1787654700000,4.177,4.195,4.176,4.182,7303.18
1787655600000,4.182,4.183,4.151,4.153,5021.3
1787656500000,4.153,4.163,4.144,4.158,3517.38
1787657400000,4.158,4.172,4.146,4.146,1945.87
1787658300000,4.146,4.149,4.135,4.137,2348.08
1787659200000,4.137,4.146,4.086,4.129,14698.97
1787660100000,4.129,4.13,4.093,4.099,5205.05
1787661000000,4.099,4.121,4.098,4.117,3600.1
1787661900000,4.117,4.17,4.117,4.158,5974.84
1787662800000,4.158,4.158,4.111,4.115,2442.48
1787663700000,4.115,4.115,4.063,4.078,7602.04
1787664600000,4.078,4.141,4.069,4.108,3771.23
1787665500000,4.108,4.108,4.047,4.101,9464.18
1787666400000,4.101,4.15,4.101,4.14,2352.9
1787667300000,4.14,4.156,4.129,4.152,3522.61
1787668200000,4.152,4.184,4.131,4.163,26042.55
1787669100000,4.163,4.173,4.156,4.156,547.83
1787670000000,4.156,4.178,4.125,4.125,3331.53
1787670900000,4.125,4.15,4.122,4.126,1215.14
1787671800000,4.126,4.145,4.124,4.125,6176.84
1787672700000,4.125,4.159,4.115,4.159,1360.07
1787673600000,4.159,4.178,4.144,4.15,11034.57
1787674500000,4.15,4.192,4.15,4.174,3002.47
1787675400000,4.174,4.222,4.171,4.211,3494.72
1787676300000,4.211,4.216,4.178,4.191,4484.92
1787677200000,4.191,4.194,4.138,4.157,4211.81
1787678100000,4.157,4.185,4.153,4.161,7693.59
1787679000000,4.161,4.217,4.161,4.214,3211.17
1787679900000,4.214,4.224,4.197,4.206,303.31
1787680800000,4.206,4.224,4.206,4.218,1989.14
1787681700000,4.218,4.25,4.218,4.25,9014.55
1787682600000,4.25,4.294,4.239,4.263,11566.51
1787683500000,4.263,4.281,4.248,4.269,5594.56
1787684400000,4.269,4.269,4.197,4.215,5894.88
1787685300000,4.215,4.221,4.208,4.208,1079.13
1787686200000,4.208,4.212,4.163,4.163,2260.99
1787687100000,4.163,4.175,4.161,4.17,1670.74
1787688000000,4.17,4.173,4.111,4.142,24107.75
1787688900000,4.142,4.151,4.137,4.137,3649.24
1787689800000,4.137,4.137,4.084,4.089,3073.92
1787690700000,4.089,4.107,4.07,4.073,5848.44
1787691600000,4.073,4.094,3.95,4.029,57532.52
1787692500000,4.029,4.037,4.013,4.034,3948.91
1787693400000,4.034,4.069,4.034,4.064,2792.56
1787694300000,4.064,4.067,4.055,4.062,553.53
1787695200000,4.062,4.108,4.062,4.101,599.66
1787696100000,4.101,4.109,4.089,4.092,1347.96
1787697000000,4.092,4.109,4.089,4.102,923.44
1787697900000,4.102,4.127,4.102,4.122,2653
1787698800000,4.122,4.136,4.101,4.106,3698.21
1787699700000,4.106,4.112,4.097,4.1,557.52
1787700600000,4.1,4.101,4.059,4.059,5027.65
1787701500000,4.059,4.067,4.048,4.059,1123.06
1787702400000,4.059,4.076,4.045,4.049,4156.1
1787703300000,4.049,4.094,4.049,4.094,2334.91
1787704200000,4.094,4.121,4.094,4.112,4124.72
1787705100000,4.112,4.15,4.112,4.126,12433.59
1787706000000,4.126,4.151,4.119,4.124,5617.7
1787706900000,4.124,4.138,4.101,4.101,2560.48
1787707800000,4.101,4.12,4.097,4.109,3694.48
1787708700000,4.109,4.121,4.107,4.117,5973.78
1787709600000,4.117,4.119,4.089,4.097,2928.26
1787710500000,4.097,4.202,4.096,4.173,8375.22
1787711400000,4.173,4.204,4.173,4.177,2054.06
1787712300000,4.177,4.191,4.172,4.19,5805.75
1787713200000,4.19,4.19,4.153,4.153,881.33
1787714100000,4.153,4.17,4.153,4.155,385.63
1787715000000,4.155,4.16,4.14,4.149,804.23
1787715900000,4.149,4.156,4.148,4.155,925.02
1787716800000,4.155,4.155,4.137,4.144,820.82
1787717700000,4.144,4.167,4.144,4.165,1753.38
1787718600000,4.165,4.168,4.157,4.157,641.93
1787719500000,4.157,4.157,4.138,4.139,1090.22
1787720400000,4.139,4.139,4.107,4.119,4807.45
1787721300000,4.119,4.148,4.116,4.138,1292.06
1787722200000,4.138,4.207,4.138,4.207,7362.79
1787723100000,4.207,4.207,4.175,4.191,711.86
1787724000000,4.191,4.197,4.167,4.194,7513.06
1787724900000,4.194,4.226,4.159,4.175,15682.6
1787725800000,4.175,4.185,4.162,4.163,2718.57
1787726700000,4.163,4.182,4.163,4.164,2990.63
1787727600000,4.164,4.185,4.152,4.185,4141.38
1787728500000,4.185,4.207,4.182,4.201,3447.54
1787729400000,4.201,4.201,4.166,4.182,1990.97
1787730300000,4.182,4.193,4.171,4.18,4193.85
1787731200000,4.18,4.19,4.166,4.181,2288.54
1787732100000,4.181,4.193,4.167,4.17,1039.34
1787733000000,4.17,4.204,4.17,4.199,7795.38
1787733900000,4.199,4.199,4.139,4.156,12352.56
1787734800000,4.156,4.163,4.153,4.163,4104.09
1787735700000,4.163,4.163,4.113,4.114,4126.65
1787736600000,4.114,4.12,4.085,4.085,9110.85
1787737500000,4.085,4.112,4.082,4.107,2248.26
1787738400000,4.107,4.119,4.095,4.119,1673.98
1787739300000,4.119,4.182,4.119,4.173,13627.27
1787740200000,4.173,4.193,4.162,4.193,3242.14
1787741100000,4.193,4.2,4.181,4.185,1740.21
1787742000000,4.185,4.211,4.17,4.211,7886.25
1787742900000,4.211,4.251,4.191,4.191,8834.11
1787743800000,4.191,4.201,4.157,4.168,4259.15
1787744700000,4.168,4.168,4.145,4.154,4030.73
1787745600000,4.154,4.161,4.142,4.142,1021.37
1787746500000,4.142,4.233,4.141,4.229,11459.79
1787747400000,4.229,4.229,4.15,4.197,7262.42
1787748300000,4.197,4.2,4.187,4.189,3265.83
1787749200000,4.189,4.198,4.154,4.154,7247.8
1787750100000,4.154,4.162,4.127,4.127,5138.38
1787751000000,4.127,4.167,4.127,4.15,8425.97
1787751900000,4.15,4.161,4.124,4.158,2434.34
1787752800000,4.158,4.169,4.138,4.142,3900.88
1787753700000,4.142,4.15,4.099,4.109,3205.57
1787754600000,4.109,4.122,4.083,4.097,3431.49
1787755500000,4.097,4.102,4.064,4.072,11193.55
1787756400000,4.072,4.083,4.042,4.062,9071.56
1787757300000,4.062,4.114,4.046,4.108,1471.2
1787758200000,4.108,4.115,4.086,4.108,227.74
1787759100000,4.108,4.125,4.106,4.119,1123.74
1787760000000,4.119,4.122,4.105,4.113,817.67
1787760900000,4.113,4.138,4.113,4.114,13484.36
1787761800000,4.114,4.133,4.094,4.098,2763.99
1787762700000,4.098,4.161,4.098,4.126,3906.18
1787763600000,4.126,4.134,4.124,4.133,356.8
1787764500000,4.133,4.197,4.133,4.197,2717.01
1787765400000,4.197,4.197,4.157,4.157,986.5
1787766300000,4.157,4.157,4.125,4.13,1623.42
1787767200000,4.13,4.145,4.124,4.14,3553.58
1787768100000,4.14,4.18,4.133,4.16,6542.42
1787769000000,4.16,4.167,4.141,4.141,1176.12
1787769900000,4.141,4.162,4.141,4.156,1658.81
1787770800000,4.156,4.157,4.145,4.145,1387.9
1787771700000,4.145,4.18,4.132,4.18,1549.44
1787772600000,4.18,4.18,4.141,4.142,2337.67
1787773500000,4.142,4.165,4.138,4.161,199.25
1787774400000,4.161,4.18,4.145,4.178,1110.97
1787775300000,4.178,4.184,4.135,4.167,371.05
1787776200000,4.167,4.188,4.147,4.188,1479.07
1787777100000,4.188,4.207,4.185,4.199,5297.47
1787778000000,4.199,4.228,4.194,4.228,23019.51
1787778900000,4.228,4.247,4.215,4.242,12737.01
1787779800000,4.242,4.242,4.213,4.213,2039.34
1787780700000,4.213,4.225,4.201,4.22,634.74
1787781600000,4.22,4.246,4.22,4.234,825.39
1787782500000,4.234,4.268,4.234,4.252,3472.84
1787783400000,4.252,4.28,4.252,4.27,2901.54
1787784300000,4.27,4.27,4.245,4.259,5787.61
1787785200000,4.259,4.283,4.246,4.251,7152.92
1787786100000,4.251,4.287,4.251,4.287,635.02
1787787000000,4.287,4.288,4.268,4.27,3838.42
1787787900000,4.27,4.32,4.27,4.296,15263.47
1787788800000,4.296,4.299,4.271,4.271,2901.81
1787789700000,4.271,4.286,4.262,4.262,1692.03
1787790600000,4.262,4.265,4.249,4.259,1821.45
1787791500000,4.259,4.309,4.255,4.298,3742.3
1787792400000,4.298,4.318,4.261,4.271,14094.88
1787793300000,4.271,4.318,4.271,4.316,4018.28
1787794200000,4.316,4.333,4.281,4.282,9443.29
1787795100000,4.282,4.29,4.274,4.274,1926.7
1787796000000,4.274,4.285,4.262,4.266,5023.85
1787796900000,4.266,4.266,4.24,4.244,2806.61
1787797800000,4.244,4.258,4.236,4.258,7397.73
1787798700000,4.258,4.282,4.258,4.277,1550.31
1787799600000,4.277,4.285,4.249,4.249,2034.54
1787800500000,4.249,4.276,4.242,4.273,2096.04
1787801400000,4.273,4.274,4.249,4.254,1217.26
1787802300000,4.254,4.264,4.228,4.228,8845.7
1787803200000,4.228,4.247,4.228,4.234,7854.83
1787804100000,4.234,4.244,4.233,4.235,1575.02
1787805000000,4.235,4.235,4.21,4.224,1570.4
1787805900000,4.224,4.224,4.202,4.21,755.97
1787806800000,4.21,4.227,4.203,4.221,2603.41
1787807700000,4.221,4.221,4.188,4.209,2630.61
1787808600000,4.209,4.219,4.196,4.209,1074.31
1787809500000,4.209,4.245,4.209,4.232,1457.26
1787810400000,4.232,4.232,4.193,4.2,742.07
1787811300000,4.2,4.207,4.199,4.206,331.43
1787812200000,4.206,4.223,4.206,4.215,668.46
1787813100000,4.215,4.238,4.215,4.238,2422.04
1787814000000,4.238,4.245,4.223,4.225,1300.5
1787814900000,4.225,4.229,4.211,4.214,1225.5
1787815800000,4.214,4.232,4.214,4.229,804.33
1787816700000,4.229,4.244,4.229,4.238,473.93
1787817600000,4.238,4.287,4.231,4.259,4695.75
1787818500000,4.259,4.314,4.251,4.31,9863.62
1787819400000,4.31,4.329,4.301,4.329,1430.04
1787820300000,4.329,4.346,4.305,4.305,4739.7
1787821200000,4.305,4.307,4.29,4.291,5023.97
1787822100000,4.291,4.328,4.282,4.324,3599.36
1787823000000,4.324,4.324,4.271,4.276,1845.57
1787823900000,4.276,4.276,4.231,4.231,5640.31
1787824800000,4.231,4.261,4.222,4.23,4612.47
1787825700000,4.23,4.242,4.169,4.204,7125.31
1787826600000,4.204,4.213,4.184,4.212,1339.25
1787827500000,4.212,4.216,4.196,4.216,2535.45
1787828400000,4.216,4.236,4.216,4.227,1455.25
1787829300000,4.227,4.235,4.2,4.2,1634.03
1787830200000,4.2,4.212,4.19,4.206,941.7
1787831100000,4.206,4.211,4.173,4.211,6117.56
1787832000000,4.211,4.226,4.203,4.223,4475.74
1787832900000,4.223,4.223,4.211,4.215,505.46
1787833800000,4.215,4.215,4.197,4.209,3865.14
1787834700000,4.209,4.212,4.2,4.207,2912.82
1787835600000,4.207,4.216,4.198,4.206,6851.09
1787836500000,4.206,4.247,4.206,4.238,2239.68
1787837400000,4.238,4.245,4.21,4.222,6199.56
1787838300000,4.222,4.238,4.193,4.238,7843.83
1787839200000,4.238,4.246,4.184,4.199,17839.05
1787840100000,4.199,4.25,4.195,4.25,3390.96
1787841000000,4.25,4.275,4.23,4.267,3798.15
1787841900000,4.267,4.27,4.22,4.232,15575.94
1787842800000,4.232,4.26,4.222,4.249,2909.03
1787843700000,4.249,4.254,4.233,4.237,3384.68
1787844600000,4.237,4.237,4.211,4.218,10887.84
1787845500000,4.218,4.233,4.206,4.227,6916.8
1787846400000,4.227,4.254,4.222,4.236,12763.28
1787847300000,4.236,4.252,4.236,4.251,3305.24
1787848200000,4.251,4.284,4.245,4.274,5958.18
1787849100000,4.274,4.277,4.237,4.251,10538.25
1787850000000,4.251,4.261,4.237,4.257,2431.12
1787850900000,4.257,4.278,4.257,4.265,663.54
1787851800000,4.265,4.269,4.247,4.248,818.23
1787852700000,4.248,4.248,4.224,4.228,1665.51
1787853600000,4.228,4.239,4.185,4.206,22380.44
1787854500000,4.206,4.229,4.192,4.202,9722.01
1787855400000,4.202,4.217,4.198,4.213,3607.45
1787856300000,4.213,4.238,4.213,4.238,6408.66
1787857200000,4.238,4.244,4.233,4.235,1224.21
1787858100000,4.235,4.235,4.224,4.226,248.43
1787859000000,4.226,4.23,4.214,4.221,687.91
1787859900000,4.221,4.235,4.22,4.221,4076.1
1787860800000,4.221,4.228,4.215,4.217,328.73
1787861700000,4.217,4.252,4.215,4.238,379.38
1787862600000,4.238,4.239,4.228,4.235,524.3
1787863500000,4.235,4.239,4.222,4.233,236.52
1787864400000,4.233,4.238,4.227,4.231,1157.6
1787865300000,4.231,4.231,4.221,4.226,190.7
1787866200000,4.226,4.231,4.205,4.209,335.75
1787867100000,4.209,4.225,4.209,4.225,67.42
1787868000000,4.225,4.245,4.225,4.241,803.85
1787868900000,4.241,4.26,4.236,4.236,408.11
1787869800000,4.236,4.237,4.219,4.224,544.23
1787870700000,4.224,4.224,4.211,4.211,119.24
1787871600000,4.211,4.216,4.198,4.198,1047.52
1787872500000,4.198,4.23,4.195,4.227,1854.06
1787873400000,4.227,4.227,4.207,4.21,689.7
1787874300000,4.21,4.21,4.204,4.208,358.77
1787875200000,4.208,4.208,4.18,4.197,5185.16
1787876100000,4.197,4.218,4.197,4.218,822.23
1787877000000,4.218,4.23,4.213,4.218,815.9
1787877900000,4.218,4.224,4.215,4.224,885.45
1787878800000,4.224,4.231,4.211,4.223,1101.86
1787879700000,4.223,4.269,4.223,4.258,4092.96
1787880600000,4.258,4.289,4.239,4.24,2103.33
1787881500000,4.24,4.247,4.216,4.223,451.33
1787882400000,4.223,4.223,4.195,4.195,1289.24
1787883300000,4.195,4.201,4.132,4.148,13042.41
1787884200000,4.148,4.154,4.119,4.13,27670.07
1787885100000,4.13,4.131,4.095,4.125,6157.2
1787886000000,4.125,4.127,4.104,4.121,1761.35
1787886900000,4.121,4.154,4.121,4.134,3852.68
1787887800000,4.134,4.134,4.12,4.12,452.76
1787888700000,4.12,4.131,4.116,4.126,752.94
1787889600000,4.126,4.13,4.088,4.118,7065.16
1787890500000,4.118,4.135,4.118,4.119,3130.99
1787891400000,4.119,4.12,4.096,4.108,2303.58
1787892300000,4.108,4.114,4.103,4.113,7368.46
1787893200000,4.113,4.113,4.087,4.095,5355.41
1787894100000,4.095,4.095,4.071,4.09,1164.41
1787895000000,4.09,4.101,4.09,4.099,58.44
1787895900000,4.099,4.12,4.099,4.101,402.83
1787896800000,4.101,4.114,4.101,4.114,1254.45
1787897700000,4.114,4.114,4.101,4.103,51.92
1787898600000,4.103,4.108,4.101,4.105,745
1787899500000,4.105,4.125,4.105,4.112,2078
1787900400000,4.112,4.115,4.075,4.079,3238.99
1787901300000,4.079,4.087,4.079,4.079,1305.29
1787902200000,4.079,4.083,4.077,4.08,1255.94
1787903100000,4.08,4.097,4.08,4.084,2823.93
1787904000000,4.084,4.098,4.084,4.087,825.7
1787904900000,4.087,4.092,4.082,4.092,4062.39
1787905800000,4.092,4.092,4.085,4.085,739.21
1787906700000,4.085,4.085,4.057,4.068,7414.9
1787907600000,4.068,4.087,4.061,4.083,2211.17
1787908500000,4.083,4.093,4.076,4.076,480.87
1787909400000,4.076,4.081,4.057,4.057,389.51
1787910300000,4.057,4.076,4.057,4.068,6109.79
1787911200000,4.068,4.068,4.033,4.066,12783.54
1787912100000,4.066,4.069,4.058,4.068,533.15
1787913000000,4.068,4.081,4.067,4.078,2565.19
1787913900000,4.078,4.088,4.075,4.087,605.9
1787914800000,4.087,4.106,4.087,4.104,634.38
1787915700000,4.104,4.107,4.098,4.1,1077.5
1787916600000,4.1,4.101,4.084,4.091,208.28
1787917500000,4.091,4.096,4.089,4.089,488.28
1787918400000,4.089,4.089,4.076,4.078,1280.5
1787919300000,4.078,4.098,4.075,4.076,1662.28
1787920200000,4.076,4.08,4.067,4.068,119.88
1787921100000,4.068,4.077,4.062,4.069,3482.11
1787922000000,4.069,4.082,4.066,4.075,862.69
1787922900000,4.075,4.075,4.047,4.057,5352.69
1787923800000,4.057,4.074,4.057,4.066,4332.33
1787924700000,4.066,4.105,4.066,4.092,7767.49
1787925600000,4.092,4.132,3.99,4.022,22910.63
1787926500000,4.022,4.074,4.018,4.072,6284.77
1787927400000,4.072,4.147,4.066,4.133,3879.73
1787928300000,4.133,4.147,4.113,4.133,559.49
1787929200000,4.133,4.149,4.079,4.079,1760.7
1787930100000,4.079,4.124,4.079,4.097,929.61
1787931000000,4.097,4.097,4.05,4.054,4299.22
1787931900000,4.054,4.059,4.004,4.007,7743.64
1787932800000,4.007,4.007,3.929,3.951,28817.05
1787933700000,3.951,3.958,3.884,3.955,17387.55
1787934600000,3.955,3.996,3.953,3.989,1758.26
1787935500000,3.989,3.995,3.98,3.98,815.72
1787936400000,3.98,4.006,3.971,4,2763.44
1787937300000,4,4.012,3.992,4.003,2155.22
1787938200000,4.003,4.004,3.992,3.992,153.94
1787939100000,3.992,4.009,3.992,4,1439.8
1787940000000,4,4.007,3.991,3.995,547.55
1787940900000,3.995,3.995,3.96,3.964,4832.5
1787941800000,3.964,3.964,3.943,3.944,3403.94
1787942700000,3.944,3.959,3.935,3.949,1563.53
1787943600000,3.949,3.989,3.949,3.989,883.55
1787944500000,3.989,3.999,3.975,3.999,5456.39
1787945400000,3.999,3.999,3.988,3.993,193.82
1787946300000,3.993,3.999,3.989,3.995,4988.22
1787947200000,3.995,4.005,3.982,4.005,2571.17
1787948100000,4.005,4.008,3.995,4.007,459.64
1787949000000,4.007,4.007,3.992,4.003,633.4
1787949900000,4.003,4.004,3.997,4.001,234.51
1787950800000,4.001,4.013,3.997,4.013,2802.17
1787951700000,4.013,4.013,4.005,4.008,30.77
1787952600000,4.008,4.025,4,4,37.1
1787953500000,4,4,3.973,3.978,89.3
1787954400000,3.978,4.013,3.978,4.012,66.58
1787955300000,4.012,4.039,4.012,4.039,1210.27
1787956200000,4.039,4.053,4.038,4.038,5189.02
1787957100000,4.038,4.101,4.038,4.09,5585.34
1787958000000,4.09,4.11,4.067,4.105,2005.7
1787958900000,4.105,4.118,4.078,4.078,528.19
1787959800000,4.078,4.086,4.078,4.082,137.95
1787960700000,4.082,4.082,4.075,4.076,82.08
1787961600000,4.076,4.105,4.076,4.105,183.85
1787962500000,4.105,4.107,4.094,4.107,635.55
1787963400000,4.107,4.118,4.099,4.101,568.22
1787964300000,4.101,4.104,4.088,4.088,294.34
1787965200000,4.088,4.088,4.076,4.076,82.34
1787966100000,4.076,4.1,4.075,4.09,490.93
1787967000000,4.09,4.091,4.081,4.083,16.43
1787967900000,4.083,4.083,4.065,4.065,186.05
1787968800000,4.065,4.065,4.045,4.045,2807.08
1787969700000,4.045,4.045,4.024,4.024,361.43
1787970600000,4.024,4.041,4.018,4.04,2515.56
1787971500000,4.04,4.04,4.03,4.035,428.6
1787972400000,4.035,4.036,4.016,4.026,5483.97
1787973300000,4.026,4.037,4.024,4.032,133.09
1787974200000,4.032,4.034,4.018,4.018,345.91
1787975100000,4.018,4.018,4.001,4.004,9612.53
1787976000000,4.004,4.018,4.004,4.014,609.12
1787976900000,4.014,4.014,4.005,4.006,6903.6
1787977800000,4.006,4.008,3.991,4.004,740.52
1787978700000,4.004,4.01,4,4.003,302.8
1787979600000,4.003,4.023,4.003,4.021,4269.17
1787980500000,4.021,4.027,4.019,4.024,5306.53
1787981400000,4.024,4.026,4.018,4.025,1942.05
1787982300000,4.025,4.032,4.023,4.024,378.37
1787983200000,4.024,4.024,3.999,4.001,1435.31
1787984100000,4.001,4.001,3.982,3.991,5200.43
1787985000000,3.991,4.001,3.991,4.001,132.13
1787985900000,4.001,4.004,3.994,3.997,59.22
1787986800000,3.997,4.004,3.993,3.995,394.18
1787987700000,3.995,3.998,3.99,3.995,976.35
1787988600000,3.995,4.001,3.994,3.999,251.9
1787989500000,3.999,4.002,3.992,3.994,355.54
1787990400000,3.994,3.994,3.983,3.985,516.05
1787991300000,3.985,3.994,3.984,3.994,82.05
1787992200000,3.994,3.994,3.969,3.973,4694.61
1787993100000,3.973,3.977,3.971,3.977,3876.78
1787994000000,3.977,3.986,3.971,3.978,2413.51
1787994900000,3.978,3.982,3.978,3.978,88.61
1787995800000,3.978,3.987,3.978,3.981,158.3
1787996700000,3.981,3.996,3.976,3.994,1287.6
1787997600000,3.994,3.994,3.979,3.993,902.41
1787998500000,3.993,4.021,3.993,4.016,840.34
1787999400000,4.016,4.02,4,4.002,162.68
1788000300000,4.002,4.013,4.002,4.012,131.36
1788001200000,4.012,4.012,3.997,4.009,110.61
1788002100000,4.009,4.021,3.996,4.003,747.98
1788003000000,4.003,4.003,3.991,3.991,733.94
1788003900000,3.991,3.997,3.991,3.994,790.34
1788004800000,3.994,3.997,3.984,3.993,3961.93
1788005700000,3.993,4.017,3.989,3.989,665.48
1788006600000,3.989,3.998,3.989,3.997,546.6
1788007500000,3.997,3.997,3.989,3.992,62.94
1788008400000,3.992,3.993,3.977,3.983,574.06
1788009300000,3.983,3.994,3.983,3.994,87.79
1788010200000,3.994,4.002,3.993,4.002,544.2
1788011100000,4.002,4.014,3.995,4.009,2604.24
1788012000000,4.009,4.013,4.003,4.013,1265.35
1788012900000,4.013,4.028,4.013,4.023,430.9
1788013800000,4.023,4.038,4.019,4.035,1046.42
1788014700000,4.035,4.053,4.035,4.047,1127.17
1788015600000,4.047,4.048,4.031,4.048,482.08
1788016500000,4.048,4.049,4.033,4.041,705.04
1788017400000,4.041,4.044,4.028,4.04,13904.43
1788018300000,4.04,4.054,4.036,4.041,670.64
1788019200000,4.041,4.05,4.041,4.042,343.13
1788020100000,4.042,4.053,4.015,4.017,1652.19
1788021000000,4.017,4.025,4.017,4.021,391.54
1788021900000,4.021,4.04,4.012,4.012,9558.14
1788022800000,4.012,4.026,4.011,4.024,1075.29
1788023700000,4.024,4.025,4.001,4.001,1071.63
1788024600000,4.001,4.009,3.997,4.009,2085.04
1788025500000,4.009,4.015,4.008,4.008,1991.79
1788026400000,4.008,4.021,4.005,4.008,11771.33
1788027300000,4.008,4.015,4.006,4.015,441.4
1788028200000,4.015,4.016,4.004,4.01,976.38
1788029100000,4.01,4.02,4.01,4.01,279.4
1788030000000,4.01,4.019,4.006,4.019,1306.63
1788030900000,4.019,4.021,4.009,4.009,35.92
1788031800000,4.009,4.012,4.005,4.005,116.04
1788032700000,4.005,4.005,4.003,4.003,22.71
1788033600000,4.003,4.014,4.003,4.008,370.66
1788034500000,4.008,4.009,4.003,4.003,5.68
1788035400000,4.003,4.005,4.003,4.005,17.28
1788036300000,4.005,4.005,3.996,3.998,390.33
1788037200000,3.998,4.009,3.998,4.003,5296.44
1788038100000,4.003,4.003,3.994,3.994,43.17
1788039000000,3.994,3.996,3.99,3.991,945.68
1788039900000,3.991,3.998,3.991,3.998,37.84
1788040800000,3.998,3.998,3.988,3.988,48.42
1788041700000,3.988,3.995,3.988,3.995,465.11
1788042600000,3.995,3.999,3.995,3.998,3270.16
1788043500000,3.998,3.998,3.997,3.997,16.49
1788044400000,3.997,4.002,3.995,3.995,75.31
1788045300000,3.995,3.995,3.98,3.982,161.19
1788046200000,3.982,3.989,3.973,3.977,7709.53
1788047100000,3.977,3.996,3.977,3.996,2651.06
1788048000000,3.996,3.999,3.99,3.998,932.13
1788048900000,3.998,4.01,3.998,4,243.17
1788049800000,4,4,3.991,3.994,195.6
1788050700000,3.994,4,3.994,3.996,99.79
1788051600000,3.996,4.008,3.996,3.997,298.87
1788052500000,3.997,4.01,3.996,4.006,473.82
1788053400000,4.006,4.017,4.005,4.005,1933.68
1788054300000,4.005,4.005,3.994,3.995,160.85
1788055200000,3.995,4.005,3.995,4.002,223.95
1788056100000,4.002,4.013,4.002,4.012,349.29
1788057000000,4.012,4.014,4.002,4.005,782.46
1788057900000,4.005,4.045,4.004,4.038,3357.08
1788058800000,4.038,4.052,4.023,4.031,4334.01
1788059700000,4.031,4.034,4.028,4.028,180.34
1788060600000,4.028,4.034,4.022,4.03,208.07
1788061500000,4.03,4.03,4.012,4.012,1529.26
1788062400000,4.012,4.016,4.01,4.016,1344.72
1788063300000,4.016,4.016,4.01,4.012,194.42
1788064200000,4.012,4.012,3.98,3.985,7631.06
1788065100000,3.985,3.985,3.975,3.984,371.87
1788066000000,3.984,4.002,3.984,4.002,999.73
1788066900000,4.002,4.002,3.994,3.994,651.78
1788067800000,3.994,3.994,3.994,3.994,0
1788068700000,3.994,4.007,3.994,4.005,36.08
1788069600000,4.005,4.005,3.993,3.994,43.94
1788070500000,3.994,4.015,3.993,4.015,418.67
1788071400000,4.015,4.019,4.011,4.016,375.63
1788072300000,4.016,4.016,4.008,4.009,61.03
1788073200000,4.009,4.012,4.003,4.005,3905.2
1788074100000,4.005,4.005,3.996,3.996,41.52
1788075000000,3.996,4,3.991,3.992,45.94
1788075900000,3.992,3.992,3.978,3.982,1352.47
1788076800000,3.982,3.999,3.982,3.999,1626.69
1788077700000,3.999,4,3.998,3.998,55.05
1788078600000,3.998,3.998,3.994,3.994,42.02
1788079500000,3.994,3.994,3.979,3.979,555.38
1788080400000,3.979,3.998,3.979,3.998,1195.67
1788081300000,3.998,4.007,3.989,3.989,773.92
1788082200000,3.989,3.996,3.989,3.99,518.26
1788083100000,3.99,3.991,3.988,3.988,30.09
1788084000000,3.988,3.995,3.986,3.987,265
1788084900000,3.987,3.991,3.985,3.991,247.14
1788085800000,3.991,4.003,3.991,4.003,52.33
1788086700000,4.003,4.007,4,4.005,161.96
1788087600000,4.005,4.012,4.005,4.005,195.73
1788088500000,4.005,4.015,4.005,4.01,43.39
1788089400000,4.01,4.01,4.004,4.004,349.38
1788090300000,4.004,4.005,4,4.001,674.22
1788091200000,4.001,4.044,4.001,4.044,1971.14
1788092100000,4.044,4.044,4.026,4.027,1243.62
1788093000000,4.027,4.032,4.014,4.028,289.17
1788093900000,4.028,4.03,4.028,4.03,107.4
1788094800000,4.03,4.034,4.029,4.034,96.52
1788095700000,4.034,4.037,4.03,4.037,259.65
1788096600000,4.037,4.037,4.018,4.022,1868.22
1788097500000,4.022,4.036,4.022,4.024,4375.91
1788098400000,4.024,4.035,4.024,4.035,1827.75
1788099300000,4.035,4.035,4.021,4.022,44.56
1788100200000,4.022,4.024,4.015,4.021,406.59
1788101100000,4.021,4.021,4.014,4.017,423.75
1788102000000,4.017,4.022,4.003,4.005,1144.82
1788102900000,4.005,4.01,3.997,4.005,509.09
1788103800000,4.005,4.01,4.005,4.007,58.2
1788104700000,4.007,4.009,3.993,3.998,4503.66
1788105600000,3.998,4.047,3.998,4.044,1235.34
1788106500000,4.044,4.051,4.028,4.028,1716.21
1788107400000,4.028,4.038,4.023,4.032,2704.75
1788108300000,4.032,4.05,4.032,4.047,408.42
1788109200000,4.047,4.055,4.038,4.047,5227.91
1788110100000,4.047,4.047,4.002,4.019,6294.29
1788111000000,4.019,4.025,4.012,4.025,3562.88
1788111900000,4.025,4.025,4.014,4.021,3326.35
1788112800000,4.021,4.025,4.001,4.001,1274.19
1788113700000,4.001,4.02,4.001,4.015,505.18
1788114600000,4.015,4.041,4.015,4.034,320.26
1788115500000,4.034,4.034,4.03,4.032,151.19
1788116400000,4.032,4.032,4.024,4.028,340.49
1788117300000,4.028,4.028,4.009,4.009,700.74
1788118200000,4.009,4.01,3.94,3.972,56385.41
1788119100000,3.972,3.973,3.96,3.966,2386.76
1788120000000,3.966,3.983,3.966,3.978,953.55
1788120900000,3.978,3.984,3.967,3.968,253.6
1788121800000,3.968,3.968,3.917,3.925,7863.4
1788122700000,3.925,3.951,3.925,3.941,1234.38
1788123600000,3.941,3.941,3.89,3.94,10299.5
1788124500000,3.94,3.95,3.934,3.95,143.43
1788125400000,3.95,3.96,3.95,3.96,311.45
1788126300000,3.96,3.963,3.95,3.963,310.16
1788127200000,3.963,3.976,3.963,3.973,48.15
1788128100000,3.973,3.973,3.933,3.934,357.19
1788129000000,3.934,3.934,3.915,3.924,1014.26
1788129900000,3.924,3.924,3.899,3.916,1433.93
1788130800000,3.916,3.916,3.895,3.913,1135.95
1788131700000,3.913,3.913,3.823,3.84,11613.06
1788132600000,3.84,3.857,3.725,3.785,29003.37
1788133500000,3.785,3.817,3.736,3.805,18497.19
1788134400000,3.805,3.837,3.786,3.826,6762.87
1788135300000,3.826,3.855,3.824,3.855,392.09
1788136200000,3.855,3.873,3.855,3.859,1119.04
1788137100000,3.859,3.859,3.844,3.847,1048.12
1788138000000,3.847,3.849,3.829,3.841,14114.67
1788138900000,3.841,3.858,3.835,3.853,1556.02
1788139800000,3.853,3.858,3.839,3.841,1564.76
1788140700000,3.841,3.843,3.807,3.812,8889.64
1788141600000,3.812,3.843,3.81,3.841,1457.95
1788142500000,3.841,3.848,3.839,3.84,542.63
1788143400000,3.84,3.843,3.819,3.821,259.84
1788144300000,3.821,3.825,3.805,3.814,1456.9
1788145200000,3.814,3.839,3.814,3.838,618.62
1788146100000,3.838,3.841,3.831,3.841,1980.25
1788147000000,3.841,3.856,3.837,3.855,1211.06
1788147900000,3.855,3.859,3.851,3.854,283.55
1788148800000,3.854,3.854,3.831,3.831,572.13
1788149700000,3.831,3.838,3.83,3.838,184.1
1788150600000,3.838,3.847,3.829,3.847,1828.9
1788151500000,3.847,3.868,3.843,3.856,4385
1788152400000,3.856,3.865,3.852,3.864,7318.94
1788153300000,3.864,3.903,3.864,3.9,11417.29
1788154200000,3.9,3.901,3.891,3.898,2358.15
1788155100000,3.898,3.908,3.898,3.908,98.09
1788156000000,3.908,3.912,3.899,3.912,1666.08
1788156900000,3.912,3.918,3.907,3.914,476.49
1788157800000,3.914,3.917,3.906,3.915,1444.28
1788158700000,3.915,3.922,3.912,3.922,176.19
1788159600000,3.922,3.945,3.911,3.93,3783.01
1788160500000,3.93,3.943,3.929,3.94,302.88
1788161400000,3.94,3.94,3.926,3.935,3052.02
1788162300000,3.935,3.941,3.921,3.929,6641.84
1788163200000,3.929,3.929,3.912,3.924,422.89
1788164100000,3.924,3.924,3.893,3.905,12878.22
1788165000000,3.905,3.935,3.905,3.934,249.51
1788165900000,3.934,3.934,3.918,3.918,323.26
1788166800000,3.918,3.932,3.908,3.915,539.22
1788167700000,3.915,3.928,3.913,3.928,2239.61
1788168600000,3.928,3.932,3.922,3.932,3369.63
1788169500000,3.932,3.937,3.923,3.93,6717.21
1788170400000,3.93,3.939,3.923,3.939,344.67
1788171300000,3.939,3.942,3.925,3.935,15830.58
1788172200000,3.935,3.949,3.929,3.933,4722.64
1788173100000,3.933,3.948,3.933,3.935,813.25
1788174000000,3.935,3.935,3.923,3.924,61.52
1788174900000,3.924,3.927,3.919,3.919,951.1
1788175800000,3.919,3.922,3.915,3.915,204.17
1788176700000,3.915,3.917,3.899,3.899,178.96
1788177600000,3.899,3.939,3.899,3.927,765.35
1788178500000,3.927,3.938,3.905,3.915,337.12
1788179400000,3.915,3.915,3.869,3.883,1782.53
1788180300000,3.883,3.884,3.875,3.877,868.85
1788181200000,3.877,3.9,3.877,3.892,172.37
1788182100000,3.892,3.895,3.887,3.895,46.97
1788183000000,3.895,3.916,3.875,3.875,739.61
1788183900000,3.875,3.875,3.852,3.857,1721.18
1788184800000,3.857,3.873,3.855,3.86,1435.29
1788185700000,3.86,3.87,3.852,3.863,281.58
1788186600000,3.863,3.907,3.863,3.899,4726.01
1788187500000,3.899,3.913,3.895,3.905,954.93
1788188400000,3.905,3.905,3.884,3.884,325.18
1788189300000,3.884,3.886,3.87,3.886,278.26
1788190200000,3.886,3.886,3.867,3.885,207.06
1788191100000,3.885,3.885,3.866,3.866,200.38
1788192000000,3.866,3.881,3.866,3.868,223.88
1788192900000,3.868,3.878,3.861,3.862,686.42
1788193800000,3.862,3.887,3.862,3.887,69.59
1788194700000,3.887,3.904,3.885,3.885,531.91
1788195600000,3.885,3.9,3.885,3.9,120.38
1788196500000,3.9,3.9,3.886,3.887,2100.51
1788197400000,3.887,3.925,3.887,3.918,1242.31
1788198300000,3.918,3.929,3.918,3.929,61.5
1788199200000,3.929,3.929,3.919,3.923,171.24
1788200100000,3.923,3.933,3.911,3.914,306.18
1788201000000,3.914,3.936,3.91,3.936,449.24
1788201900000,3.936,3.936,3.917,3.92,500
1788202800000,3.92,3.928,3.914,3.914,13314.58
1788203700000,3.914,3.914,3.904,3.905,54.47
1788204600000,3.905,3.905,3.893,3.893,349.68
1788205500000,3.893,3.909,3.893,3.909,147.79
1788206400000,3.909,3.925,3.908,3.925,404.19
1788207300000,3.925,3.939,3.925,3.928,23.18
1788208200000,3.928,3.928,3.918,3.921,226.35
1788209100000,3.921,3.927,3.916,3.916,99.92
1788210000000,3.916,3.923,3.907,3.919,2057.26
1788210900000,3.919,3.919,3.911,3.913,887.19
1788211800000,3.913,3.933,3.913,3.927,1000.57
1788212700000,3.927,3.936,3.927,3.936,129.52
1788213600000,3.936,3.936,3.9,3.903,653.8
1788214500000,3.903,3.903,3.896,3.899,443.6
1788215400000,3.899,3.901,3.893,3.897,331.97
1788216300000,3.897,3.897,3.893,3.893,144.14
1788217200000,3.893,3.894,3.88,3.885,435.12
1788218100000,3.885,3.89,3.885,3.889,270.2
1788219000000,3.889,3.89,3.884,3.884,803.25
1788219900000,3.884,3.893,3.877,3.893,753.22
1788220800000,3.893,3.915,3.893,3.915,2104.78
1788221700000,3.915,3.929,3.914,3.923,1515.68
1788222600000,3.923,3.923,3.906,3.907,853.57
1788223500000,3.907,3.922,3.907,3.916,8556.32
1788224400000,3.916,3.918,3.896,3.896,327.3
1788225300000,3.896,3.921,3.888,3.891,4904.83
1788226200000,3.891,3.914,3.891,3.914,52.06
1788227100000,3.914,3.914,3.914,3.914,0
1788228000000,3.914,3.914,3.891,3.891,728.73
1788228900000,3.891,3.92,3.891,3.91,1280.12
1788229800000,3.91,3.91,3.905,3.905,105.44
1788230700000,3.905,3.932,3.905,3.926,931.72
1788231600000,3.926,3.928,3.919,3.921,722.69
1788232500000,3.921,3.933,3.921,3.933,110.03
1788233400000,3.933,3.974,3.933,3.967,22241.83
1788234300000,3.967,3.967,3.945,3.959,1529.42
1788235200000,3.959,3.963,3.957,3.961,48.67
1788236100000,3.961,3.972,3.961,3.972,614.53
1788237000000,3.972,3.975,3.957,3.957,107.67
1788237900000,3.957,3.967,3.957,3.962,564.93
1788238800000,3.962,3.982,3.96,3.963,1311.91
1788239700000,3.963,3.972,3.95,3.954,5843.55
1788240600000,3.954,3.963,3.948,3.957,2528.74
1788241500000,3.957,3.977,3.957,3.968,1385.19
1788242400000,3.968,3.968,3.938,3.946,913.25
1788243300000,3.946,3.946,3.932,3.934,69.78
1788244200000,3.934,3.952,3.934,3.941,948.43
1788245100000,3.941,3.941,3.928,3.928,21.26
1788246000000,3.928,3.937,3.928,3.935,603.82
1788246900000,3.935,3.956,3.935,3.953,61.29
1788247800000,3.953,3.953,3.921,3.923,946.42
1788248700000,3.923,3.923,3.923,3.923,0
1788249600000,3.923,3.938,3.899,3.904,13920.65
1788250500000,3.904,3.91,3.87,3.876,8575.75
1788251400000,3.876,3.893,3.873,3.893,1393.47
1788252300000,3.893,3.903,3.883,3.883,2765.22
1788253200000,3.883,3.883,3.854,3.854,4740.5
1788254100000,3.854,3.881,3.854,3.864,4441.57
1788255000000,3.864,3.876,3.864,3.869,849.44
1788255900000,3.869,3.875,3.869,3.875,83.74
1788256800000,3.875,3.875,3.867,3.869,299.52
1788257700000,3.869,3.893,3.859,3.893,60.11
1788258600000,3.893,3.909,3.892,3.901,1050.22
1788259500000,3.901,3.906,3.896,3.898,143.1
1788260400000,3.898,3.898,3.888,3.888,155.13
1788261300000,3.888,3.894,3.888,3.894,1781.18
1788262200000,3.894,3.923,3.894,3.916,903.35
1788263100000,3.916,3.92,3.908,3.908,970.8
1788264000000,3.908,3.918,3.903,3.914,523.86
1788264900000,3.914,3.925,3.905,3.912,808.37
1788265800000,3.912,3.912,3.885,3.885,2938.09
1788266700000,3.885,3.907,3.885,3.887,360.58
1788267600000,3.887,3.903,3.861,3.903,4451.47
1788268500000,3.903,3.928,3.901,3.928,3080.45
1788269400000,3.928,3.938,3.897,3.926,27186.4
1788270300000,3.926,3.948,3.922,3.933,1469.27
1788271200000,3.933,3.954,3.933,3.936,2505.52
1788272100000,3.936,3.952,3.933,3.936,1069.08
1788273000000,3.936,3.943,3.927,3.936,1621.22
1788273900000,3.936,3.948,3.927,3.93,541.59
1788274800000,3.93,3.931,3.897,3.898,9869.41
1788275700000,3.898,3.913,3.898,3.899,1274.28
1788276600000,3.899,3.919,3.899,3.919,183.45
1788277500000,3.919,3.929,3.919,3.924,177.61
1788278400000,3.924,3.924,3.898,3.898,1250
1788279300000,3.898,3.902,3.877,3.894,191.02
1788280200000,3.894,3.902,3.863,3.902,3452.38
1788281100000,3.902,3.906,3.891,3.902,508.52
1788282000000,3.902,3.906,3.877,3.888,1708.06
1788282900000,3.888,3.917,3.879,3.913,448.16
1788283800000,3.913,3.929,3.91,3.923,857.02
1788284700000,3.923,3.923,3.887,3.89,1312.64
1788285600000,3.89,3.896,3.874,3.884,1420.79
1788286500000,3.884,3.884,3.848,3.874,8508.8
1788287400000,3.874,3.883,3.847,3.856,2060.03
1788288300000,3.856,3.894,3.834,3.892,1787.71
1788289200000,3.892,3.903,3.878,3.878,183.73
1788290100000,3.878,3.927,3.878,3.926,13686.16
1788291000000,3.926,3.971,3.925,3.93,4010.38
1788291900000,3.93,3.93,3.909,3.915,285.01
1788292800000,3.915,3.923,3.908,3.918,376.1
1788293700000,3.918,3.923,3.908,3.909,318.26
1788294600000,3.909,3.911,3.897,3.897,150.25
1788295500000,3.897,3.909,3.891,3.909,383.86
1788296400000,3.909,3.913,3.879,3.879,196.01
1788297300000,3.879,3.893,3.857,3.893,733.7
1788298200000,3.893,3.893,3.874,3.874,1.28
1788299100000,3.874,3.889,3.874,3.889,663.94
1788300000000,3.889,3.893,3.883,3.893,88.3
1788300900000,3.893,3.893,3.874,3.879,163.59
1788301800000,3.879,3.879,3.875,3.875,297.72
1788302700000,3.875,3.888,3.875,3.887,96.11
1788303600000,3.887,3.887,3.869,3.875,331.07
1788304500000,3.875,3.875,3.862,3.875,1194.26
1788305400000,3.875,3.898,3.875,3.898,204.13
1788306300000,3.898,3.909,3.896,3.905,1135.17
1788307200000,3.905,3.921,3.903,3.921,16.05
1788308100000,3.921,3.921,3.902,3.902,33.47
1788309000000,3.902,3.918,3.897,3.9,60.76
1788309900000,3.9,3.912,3.9,3.902,125.47
1788310800000,3.902,3.913,3.888,3.913,157.61
1788311700000,3.913,3.913,3.893,3.893,1183.05
1788312600000,3.893,3.9,3.869,3.873,1026.46
1788313500000,3.873,3.878,3.852,3.869,13815.44
1788314400000,3.869,3.879,3.854,3.877,1768.01
1788315300000,3.877,3.913,3.876,3.909,3906.91
1788316200000,3.909,3.92,3.899,3.914,1990.32
1788317100000,3.914,3.925,3.914,3.922,144.15
1788318000000,3.922,3.94,3.922,3.934,1969.07
1788318900000,3.934,3.951,3.928,3.949,1137.96
1788319800000,3.949,3.949,3.928,3.93,154.95
1788320700000,3.93,3.934,3.92,3.923,300.06
1788321600000,3.923,3.945,3.923,3.929,374.07
1788322500000,3.929,3.929,3.916,3.925,200.86
1788323400000,3.925,3.933,3.917,3.923,1335.63
1788324300000,3.923,3.933,3.923,3.927,1060.75
1788325200000,3.927,3.927,3.913,3.913,426.48
1788326100000,3.913,3.938,3.913,3.938,256.82
1788327000000,3.938,3.943,3.936,3.94,536.35
1788327900000,3.94,3.944,3.938,3.938,19.3
1788328800000,3.938,3.938,3.918,3.918,381.8
1788329700000,3.918,3.918,3.906,3.911,460.2
1788330600000,3.911,3.928,3.899,3.926,7177.2
1788331500000,3.926,3.927,3.917,3.921,657.09
1788332400000,3.921,3.927,3.903,3.918,8335.95
1788333300000,3.918,3.918,3.898,3.904,943.66
1788334200000,3.904,3.907,3.903,3.904,84.74
1788335100000,3.904,3.907,3.887,3.888,4456.85
1788336000000,3.888,3.907,3.887,3.89,3209.26
1788336900000,3.89,3.9,3.89,3.9,1375.12
1788337800000,3.9,3.9,3.876,3.879,2612.1
1788338700000,3.879,3.888,3.869,3.878,455.48
1788339600000,3.878,3.898,3.878,3.894,805.77
1788340500000,3.894,3.901,3.876,3.898,1891.32
1788341400000,3.898,3.898,3.874,3.877,1985.74
1788342300000,3.877,3.891,3.871,3.879,170.96
1788343200000,3.879,3.884,3.864,3.873,2116.7
1788344100000,3.873,3.886,3.873,3.879,5911.84
1788345000000,3.879,3.879,3.864,3.872,566.54
1788345900000,3.872,3.872,3.839,3.868,8733.65
1788346800000,3.868,3.871,3.853,3.862,2601.96
1788347700000,3.862,3.867,3.84,3.847,1632.13
1788348600000,3.847,3.872,3.845,3.871,2239.25
1788349500000,3.871,3.871,3.86,3.864,356.74
1788350400000,3.864,3.874,3.861,3.869,2718.86
1788351300000,3.869,3.896,3.867,3.888,1394.87
1788352200000,3.888,3.888,3.859,3.86,761.17
1788353100000,3.86,3.86,3.842,3.843,972.02
1788354000000,3.843,3.86,3.843,3.844,637.56
1788354900000,3.844,3.852,3.839,3.852,735.95
1788355800000,3.852,3.893,3.826,3.893,3560.91
1788356700000,3.893,3.9,3.868,3.876,10869.81
1788357600000,3.876,3.886,3.869,3.871,8540.26
1788358500000,3.871,3.891,3.871,3.875,8726.67
1788359400000,3.875,3.887,3.86,3.886,1652.86
1788360300000,3.886,3.886,3.855,3.855,1167.84
1788361200000,3.855,3.872,3.826,3.83,11314.34
1788362100000,3.83,3.852,3.827,3.834,12046.56
1788363000000,3.834,3.873,3.831,3.873,1090.35
1788363900000,3.873,3.873,3.849,3.867,2180.2
1788364800000,3.867,3.88,3.863,3.878,507.77
1788365700000,3.878,3.886,3.874,3.879,4023.34
1788366600000,3.879,3.885,3.864,3.864,318.43
1788367500000,3.864,3.865,3.854,3.856,32.84
1788368400000,3.856,3.856,3.838,3.84,327.1
1788369300000,3.84,3.842,3.816,3.831,8587.67
1788370200000,3.831,3.839,3.831,3.836,482.19
1788371100000,3.836,3.866,3.836,3.866,149.65
1788372000000,3.866,3.869,3.859,3.865,129.48
1788372900000,3.865,3.879,3.865,3.872,1485.35
1788373800000,3.872,3.872,3.867,3.872,173.35
1788374700000,3.872,3.875,3.866,3.87,61.13
1788375600000,3.87,3.87,3.863,3.865,166.55
1788376500000,3.865,3.865,3.844,3.844,570.43
1788377400000,3.844,3.845,3.835,3.845,310.68
1788378300000,3.845,3.85,3.842,3.85,17.09
1788379200000,3.85,3.883,3.85,3.862,522.47
1788380100000,3.862,3.875,3.852,3.866,205.99
1788381000000,3.866,3.869,3.859,3.859,348.98
1788381900000,3.859,3.867,3.854,3.867,257.44
1788382800000,3.867,3.867,3.852,3.86,3626.07
1788383700000,3.86,3.86,3.852,3.855,48.43
1788384600000,3.855,3.862,3.849,3.862,882.93
1788385500000,3.862,3.862,3.852,3.852,32.52
1788386400000,3.852,3.852,3.839,3.839,14.28
1788387300000,3.839,3.84,3.831,3.831,213.47
1788388200000,3.831,3.845,3.831,3.844,215.88
1788389100000,3.844,3.844,3.834,3.834,158.45
1788390000000,3.834,3.845,3.832,3.843,1060.25
1788390900000,3.843,3.846,3.841,3.841,178.37
1788391800000,3.841,3.849,3.837,3.837,322.38
1788392700000,3.837,3.869,3.837,3.868,1029.83
1788393600000,3.868,3.88,3.862,3.873,423.89
1788394500000,3.873,3.873,3.864,3.867,54.46
1788395400000,3.867,3.867,3.853,3.853,35.25
1788396300000,3.853,3.862,3.849,3.856,137.05
1788397200000,3.856,3.893,3.839,3.893,476.14
1788398100000,3.893,3.928,3.886,3.928,1622.53
1788399000000,3.928,3.944,3.913,3.923,642.07
1788399900000,3.923,3.923,3.902,3.907,1006.98
1788400800000,3.907,3.924,3.898,3.924,730.76
1788401700000,3.924,3.943,3.921,3.943,62.72
1788402600000,3.943,3.948,3.933,3.933,377.95
1788403500000,3.933,3.952,3.933,3.939,656.65
1788404400000,3.939,3.944,3.934,3.941,853.23
1788405300000,3.941,3.954,3.94,3.954,424.89
1788406200000,3.954,3.962,3.937,3.938,3751.05
1788407100000,3.938,3.946,3.938,3.945,18.68
1788408000000,3.945,3.958,3.942,3.942,922.38
1788408900000,3.942,3.949,3.936,3.939,345.42
1788409800000,3.939,3.968,3.939,3.951,3177.94
1788410700000,3.951,3.987,3.951,3.977,1160.09
1788411600000,3.977,3.984,3.972,3.979,597.1
1788412500000,3.979,3.984,3.918,3.942,4472.58
1788413400000,3.942,3.988,3.942,3.98,991.71
1788414300000,3.98,4.018,3.967,4.013,2863.14
1788415200000,4.013,4.013,3.975,3.995,713.5
1788416100000,3.995,3.995,3.985,3.985,27.57
1788417000000,3.985,3.99,3.981,3.988,361.52
1788417900000,3.988,3.997,3.984,3.991,756.21
1788418800000,3.991,4.019,3.991,4.016,2358.08
1788419700000,4.016,4.036,4.011,4.019,902.91
1788420600000,4.019,4.046,4.019,4.023,11476.36
1788421500000,4.023,4.029,4.007,4.021,3615.28
1788422400000,4.021,4.043,4.013,4.026,583.58
1788423300000,4.026,4.03,4.018,4.019,1093.52
1788424200000,4.019,4.019,4.006,4.007,974.07
1788425100000,4.007,4.01,3.994,3.998,562.05
1788426000000,3.998,4.016,3.992,4.016,204.65
1788426900000,4.016,4.025,4.001,4.001,79.68
1788427800000,4.001,4.001,3.997,3.999,724.02
1788428700000,3.999,3.999,3.977,3.977,4720.56
1788429600000,3.977,3.989,3.975,3.984,183.23
1788430500000,3.984,3.992,3.976,3.983,97.17
1788431400000,3.983,3.984,3.972,3.972,763.62
1788432300000,3.972,4.008,3.972,4.008,1315.14
1788433200000,4.008,4.012,3.995,3.999,101.5
1788434100000,3.999,4.022,3.999,4.022,1141.32
1788435000000,4.022,4.029,4.015,4.015,343.06
1788435900000,4.015,4.026,4.015,4.015,191.79
1788436800000,4.015,4.018,3.993,4.009,137.39
1788437700000,4.009,4.015,3.991,3.991,145.49
1788438600000,3.991,4.021,3.991,4,267.28
1788439500000,4,4.018,4,4.018,779.42
1788440400000,4.018,4.018,3.993,4.002,1805.44
1788441300000,4.002,4.002,3.984,3.986,671.26
1788442200000,3.986,4.007,3.977,4.005,414.07
1788443100000,4.005,4.005,3.979,3.985,352.73
1788444000000,3.985,3.997,3.975,3.997,1110.92
1788444900000,3.997,4.055,3.997,4.054,5738.1
1788445800000,4.054,4.069,4.044,4.062,3911.4
1788446700000,4.062,4.135,4.062,4.135,2751.56
1788447600000,4.135,4.152,4.076,4.091,6948.16
1788448500000,4.091,4.115,4.085,4.112,1850.69
1788449400000,4.112,4.15,4.112,4.133,1605.62
1788450300000,4.133,4.204,4.118,4.195,10835.88
1788451200000,4.195,4.202,4.14,4.14,3362.17
1788452100000,4.14,4.157,4.126,4.155,6261.59
1788453000000,4.155,4.294,4.155,4.28,16043.75
1788453900000,4.28,4.345,4.275,4.339,31933.7
1788454800000,4.339,4.34,4.279,4.331,6804.65
1788455700000,4.331,4.371,4.31,4.356,6914.66
1788456600000,4.356,4.404,4.304,4.404,10707.56
1788457500000,4.404,4.422,4.362,4.383,13498.97
1788458400000,4.383,4.386,4.356,4.367,3850.81
1788459300000,4.367,4.367,4.292,4.3,19859.07
1788460200000,4.3,4.318,4.295,4.296,2529.55
1788461100000,4.296,4.301,4.263,4.268,4306.88
1788462000000,4.268,4.308,4.238,4.247,9967.56
1788462900000,4.247,4.258,4.241,4.25,3979.42
1788463800000,4.25,4.259,4.242,4.242,1570.74
1788464700000,4.242,4.246,4.222,4.238,4569.93
1788465600000,4.238,4.24,4.217,4.227,2298.09
1788466500000,4.227,4.229,4.217,4.229,975.57
1788467400000,4.229,4.232,4.213,4.225,405.04
1788468300000,4.225,4.24,4.225,4.231,1668.02
1788469200000,4.231,4.254,4.223,4.243,3717.94
1788470100000,4.243,4.243,4.204,4.222,700.01
1788471000000,4.222,4.229,4.197,4.204,7355.91
1788471900000,4.204,4.204,4.183,4.198,2522.36
1788472800000,4.198,4.198,4.164,4.174,451.32
1788473700000,4.174,4.184,4.15,4.151,2204.87
1788474600000,4.151,4.155,4.124,4.138,2781.73
1788475500000,4.138,4.145,4.128,4.136,2854.64
1788476400000,4.136,4.146,4.128,4.129,510.9
1788477300000,4.129,4.139,4.126,4.139,379.78
1788478200000,4.139,4.161,4.138,4.151,927.62
1788479100000,4.151,4.168,4.144,4.168,6164.21
1788480000000,4.168,4.169,4.145,4.154,881.85
1788480900000,4.154,4.172,4.154,4.158,475.61
1788481800000,4.158,4.201,4.158,4.169,1458.79
1788482700000,4.169,4.169,4.139,4.143,933.47
1788483600000,4.143,4.159,4.115,4.135,2187.93
1788484500000,4.135,4.158,4.13,4.134,522.48
1788485400000,4.134,4.138,4.133,4.133,86.89
1788486300000,4.133,4.155,4.133,4.152,3885.52
1788487200000,4.152,4.162,4.135,4.139,2189.68
1788488100000,4.139,4.155,4.139,4.153,1145.97
1788489000000,4.153,4.202,4.153,4.184,5016.54
1788489900000,4.184,4.2,4.167,4.178,24304.36
1788490800000,4.178,4.199,4.16,4.163,12208.68
1788491700000,4.163,4.163,4.143,4.144,1032.22
1788492600000,4.144,4.149,4.14,4.148,96.84
1788493500000,4.148,4.154,4.14,4.14,808.05
1788494400000,4.14,4.143,4.132,4.137,333.37
1788495300000,4.137,4.163,4.137,4.162,986.51
1788496200000,4.162,4.168,4.132,4.132,3592.1
1788497100000,4.132,4.136,4.13,4.136,48.94
1788498000000,4.136,4.136,4.125,4.131,20.03
1788498900000,4.131,4.143,4.131,4.139,116.12
1788499800000,4.139,4.139,4.093,4.103,1634.01
1788500700000,4.103,4.118,4.071,4.098,3211.09
1788501600000,4.098,4.098,4.081,4.09,468.66
1788502500000,4.09,4.09,4.071,4.072,897.46
1788503400000,4.072,4.091,4.072,4.091,1042.71
1788504300000,4.091,4.091,4.085,4.085,115.33
1788505200000,4.085,4.115,4.085,4.113,871.92
1788506100000,4.113,4.113,4.097,4.106,414.76
1788507000000,4.106,4.106,4.095,4.102,93.01
1788507900000,4.102,4.103,4.094,4.095,1014.44
1788508800000,4.095,4.104,4.09,4.096,1042.9
1788509700000,4.096,4.1,4.092,4.1,1911.39
1788510600000,4.1,4.11,4.098,4.099,437.31
1788511500000,4.099,4.131,4.095,4.121,15872.17
1788512400000,4.121,4.134,4.12,4.12,2597.81
1788513300000,4.12,4.141,4.097,4.103,2863.93
1788514200000,4.103,4.118,4.103,4.107,1295.87
1788515100000,4.107,4.11,4.103,4.103,299.71
1788516000000,4.103,4.106,4.079,4.079,1362.74
1788516900000,4.079,4.083,4.064,4.07,6116.98
1788517800000,4.07,4.078,4.061,4.073,930.78
1788518700000,4.073,4.081,4.073,4.079,846.14
1788519600000,4.079,4.08,4.073,4.074,97.86
1788520500000,4.074,4.095,4.074,4.095,951.42
1788521400000,4.095,4.105,4.093,4.101,860.59
1788522300000,4.101,4.103,4.083,4.083,1539.02
1788523200000,4.083,4.087,4.068,4.068,5102.97
1788524100000,4.068,4.081,4.067,4.081,804.26
1788525000000,4.081,4.081,3.887,3.96,86632.15
1788525900000,3.96,3.966,3.922,3.948,24281.78
1788526800000,3.948,3.967,3.941,3.946,9646.93
1788527700000,3.946,3.982,3.946,3.978,968.73
1788528600000,3.978,3.993,3.967,3.987,5191.05
1788529500000,3.987,4.021,3.987,3.999,6092.08
1788530400000,3.999,3.999,3.967,3.982,4673.08
1788531300000,3.982,3.982,3.952,3.965,5256.91
1788532200000,3.965,3.969,3.93,3.939,9906.16
1788533100000,3.939,3.955,3.918,3.948,3734.4
1788534000000,3.948,3.962,3.933,3.962,1602.45
1788534900000,3.962,3.962,3.958,3.96,2309.57
1788535800000,3.96,3.961,3.951,3.96,984
1788536700000,3.96,3.964,3.951,3.952,743.72
1788537600000,3.952,3.967,3.948,3.964,1191.64
1788538500000,3.964,3.979,3.962,3.978,5541.15
1788539400000,3.978,4,3.978,3.988,449.33
1788540300000,3.988,3.988,3.982,3.982,13.37
1788541200000,3.982,3.997,3.979,3.995,303.95
1788542100000,3.995,3.995,3.978,3.978,2283.27
1788543000000,3.978,3.98,3.971,3.976,622.96
1788543900000,3.976,3.98,3.971,3.976,1066.53
1788544800000,3.976,3.997,3.976,3.986,794.67
1788545700000,3.986,3.995,3.986,3.993,367.86
1788546600000,3.993,3.998,3.988,3.997,568.34
1788547500000,3.997,3.997,3.994,3.994,65.93
1788548400000,3.994,4.007,3.994,3.997,366.53
1788549300000,3.997,4.011,3.997,4.011,64.88
1788550200000,4.011,4.011,4.002,4.002,134.46
1788551100000,4.002,4.018,4.002,4.006,3540.42
1788552000000,4.006,4.012,3.987,3.987,167.27
1788552900000,3.987,3.995,3.982,3.982,396.71
1788553800000,3.982,3.988,3.981,3.981,39.05
1788554700000,3.981,3.984,3.977,3.978,777.91
1788555600000,3.978,3.984,3.978,3.984,346.05
1788556500000,3.984,3.992,3.979,3.982,251.08
1788557400000,3.982,3.992,3.977,3.992,117.64
1788558300000,3.992,3.992,3.951,3.959,13947.83
1788559200000,3.959,3.968,3.959,3.968,2204.97
1788560100000,3.968,3.971,3.968,3.97,183.72
1788561000000,3.97,3.972,3.97,3.972,28.59
1788561900000,3.972,3.977,3.972,3.977,27.76
1788562800000,3.977,3.987,3.977,3.986,8004.76
1788563700000,3.986,4.006,3.986,3.996,878.87
1788564600000,3.996,3.999,3.992,3.992,706.64
1788565500000,3.992,3.998,3.99,3.993,376.19
1788566400000,3.993,3.994,3.977,3.985,754.46
1788567300000,3.985,3.992,3.981,3.992,1500.71
1788568200000,3.992,3.997,3.983,3.997,603.56
1788569100000,3.997,3.997,3.977,3.99,1324.01
1788570000000,3.99,4.002,3.982,3.995,596.74
1788570900000,3.995,4.025,3.995,4.02,2315.85
1788571800000,4.02,4.026,4.016,4.016,302.7
1788572700000,4.016,4.016,4.005,4.006,320.17
1788573600000,4.006,4.009,3.999,4.006,541.74
1788574500000,4.006,4.041,4.005,4.033,3716.65
1788575400000,4.033,4.048,4.033,4.045,320.63
1788576300000,4.045,4.056,4.04,4.046,6785.46
1788577200000,4.046,4.046,4.021,4.028,2257.41
1788578100000,4.028,4.068,4.028,4.058,3814.41
1788579000000,4.058,4.058,4.046,4.055,2586.62
1788579900000,4.055,4.055,4.026,4.028,317.35
1788580800000,4.028,4.043,4.028,4.043,1232.89
1788581700000,4.043,4.051,4.027,4.027,346.26
1788582600000,4.027,4.041,4.027,4.034,1696.02
1788583500000,4.034,4.034,4.029,4.029,159.95
1788584400000,4.029,4.041,4.011,4.041,444.8
1788585300000,4.041,4.041,4.029,4.041,128.01
1788586200000,4.041,4.045,4.038,4.038,880.54
1788587100000,4.038,4.076,4.026,4.056,1349.45
1788588000000,4.056,4.123,4.056,4.123,1178.23
1788588900000,4.123,4.129,4.085,4.105,983.93
1788589800000,4.105,4.109,4.094,4.096,5933.49
1788590700000,4.096,4.115,4.095,4.109,1735.64
1788591600000,4.109,4.12,4.104,4.112,723.48
1788592500000,4.112,4.12,4.103,4.107,599.46
1788593400000,4.107,4.122,4.103,4.109,603.86
1788594300000,4.109,4.109,4.095,4.105,106.4
1788595200000,4.105,4.11,4.091,4.091,145.4
1788596100000,4.091,4.105,4.089,4.105,767.82
1788597000000,4.105,4.113,4.102,4.104,464.73
1788597900000,4.104,4.111,4.097,4.111,109.31
1788598800000,4.111,4.116,4.11,4.11,762.7
1788599700000,4.11,4.11,4.095,4.095,126.35
1788600600000,4.095,4.106,4.095,4.102,947.86
1788601500000,4.102,4.106,4.101,4.105,155.89
1788602400000,4.105,4.116,4.099,4.115,494.72
1788603300000,4.115,4.129,4.108,4.113,338.37
1788604200000,4.113,4.124,4.111,4.114,390.4
1788605100000,4.114,4.118,4.109,4.109,1170.52
1788606000000,4.109,4.13,4.109,4.119,13239.23
1788606900000,4.119,4.125,4.11,4.122,1022.35
1788607800000,4.122,4.122,4.114,4.114,36.6
1788608700000,4.114,4.121,4.109,4.121,648.58
1788609600000,4.121,4.121,4.109,4.112,1766.34
1788610500000,4.112,4.113,4.1,4.109,477.39
1788611400000,4.109,4.13,4.106,4.13,550.32
1788612300000,4.13,4.13,4.12,4.124,500.83
1788613200000,4.124,4.147,4.122,4.147,1037.71
1788614100000,4.147,4.15,4.142,4.147,487.53
1788615000000,4.147,4.153,4.126,4.127,1735.35
1788615900000,4.127,4.133,4.108,4.133,4420.91
1788616800000,4.133,4.159,4.131,4.14,1585.05
1788617700000,4.14,4.16,4.14,4.152,947.99
1788618600000,4.152,4.18,4.148,4.163,1272.45
1788619500000,4.163,4.198,4.163,4.191,843.31
1788620400000,4.191,4.233,4.17,4.179,3708.9
1788621300000,4.179,4.179,4.152,4.155,1046.81
1788622200000,4.155,4.158,4.143,4.157,5932.02
1788623100000,4.157,4.209,4.157,4.187,1346.66
1788624000000,4.187,4.202,4.177,4.18,752.42
1788624900000,4.18,4.209,4.171,4.171,2808
1788625800000,4.171,4.177,4.142,4.142,1517.27
1788626700000,4.142,4.169,4.142,4.164,657.38
1788627600000,4.164,4.206,4.161,4.206,907.76
1788628500000,4.206,4.21,4.186,4.196,3646.29
1788629400000,4.196,4.199,4.168,4.168,321.06
1788630300000,4.168,4.189,4.168,4.189,1290.6
1788631200000,4.189,4.19,4.175,4.175,1562.57
1788632100000,4.175,4.186,4.175,4.182,113.81
1788633000000,4.182,4.186,4.177,4.184,410.4
1788633900000,4.184,4.192,4.183,4.192,1859.43
1788634800000,4.192,4.192,4.178,4.186,198.5
1788635700000,4.186,4.201,4.186,4.194,343.71
1788636600000,4.194,4.194,4.169,4.176,2277.78
1788637500000,4.176,4.214,4.167,4.205,11446.54
1788638400000,4.205,4.219,4.194,4.194,848.09
1788639300000,4.194,4.218,4.185,4.211,666.73
1788640200000,4.211,4.218,4.199,4.207,12393.07
1788641100000,4.207,4.216,4.202,4.203,441.14
1788642000000,4.203,4.205,4.198,4.202,1323.26
1788642900000,4.202,4.218,4.2,4.217,603.01
1788643800000,4.217,4.217,4.202,4.212,669.79
1788644700000,4.212,4.212,4.207,4.207,246.58
1788645600000,4.207,4.21,4.194,4.194,155.9
1788646500000,4.194,4.197,4.179,4.179,592.67
1788647400000,4.179,4.186,4.179,4.183,306.74
1788648300000,4.183,4.186,4.171,4.184,15007.84
1788649200000,4.184,4.185,4.175,4.185,1077.2
1788650100000,4.185,4.191,4.18,4.19,1426.5
1788651000000,4.19,4.19,4.17,4.18,816.23
1788651900000,4.18,4.186,4.17,4.17,1147.74
1788652800000,4.17,4.183,4.17,4.172,470.66
1788653700000,4.172,4.201,4.169,4.201,409.68
1788654600000,4.201,4.207,4.19,4.207,1209.96
1788655500000,4.207,4.21,4.187,4.188,926.72
1788656400000,4.188,4.199,4.179,4.192,808.14
1788657300000,4.192,4.205,4.191,4.191,302.5
1788658200000,4.191,4.202,4.183,4.202,965.27
1788659100000,4.202,4.206,4.189,4.194,1796.55
1788660000000,4.194,4.203,4.181,4.194,2381.31
1788660900000,4.194,4.194,4.173,4.176,885.87
1788661800000,4.176,4.212,4.176,4.204,4733.15
1788662700000,4.204,4.222,4.199,4.222,1403.67
1788663600000,4.222,4.242,4.212,4.232,5013.54
1788664500000,4.232,4.244,4.228,4.243,1513.96
1788665400000,4.243,4.28,4.243,4.267,7535.93
1788666300000,4.267,4.27,4.257,4.257,952.55
1788667200000,4.257,4.266,4.241,4.25,4816.93
1788668100000,4.25,4.278,4.218,4.262,3855.06
1788669000000,4.262,4.269,4.237,4.24,3485.12
1788669900000,4.24,4.249,4.234,4.235,622.29
1788670800000,4.235,4.247,4.225,4.227,713.34
1788671700000,4.227,4.243,4.223,4.231,826.53
1788672600000,4.231,4.263,4.229,4.248,1594.94
1788673500000,4.248,4.25,4.236,4.236,481.07
1788674400000,4.236,4.241,4.218,4.226,489.52
1788675300000,4.226,4.231,4.189,4.199,3027.86
1788676200000,4.199,4.199,4.191,4.196,1328.61
1788677100000,4.196,4.207,4.189,4.196,434.9
1788678000000,4.196,4.196,4.151,4.154,18935.15
1788678900000,4.154,4.186,4.154,4.179,805.77
1788679800000,4.179,4.184,4.178,4.184,131.09
1788680700000,4.184,4.187,4.168,4.185,4329.39
1788681600000,4.185,4.185,4.173,4.177,1337.49
1788682500000,4.177,4.178,4.17,4.173,72.4
1788683400000,4.173,4.173,4.168,4.17,10.34
1788684300000,4.17,4.171,4.166,4.171,709.88
1788685200000,4.171,4.184,4.163,4.183,847.7
1788686100000,4.183,4.184,4.176,4.178,452.77
1788687000000,4.178,4.185,4.162,4.167,3378.93
1788687900000,4.167,4.179,4.167,4.176,12.26
1788688800000,4.176,4.184,4.174,4.174,403.33
1788689700000,4.174,4.184,4.174,4.176,538.4
1788690600000,4.176,4.189,4.176,4.18,1575.49
1788691500000,4.18,4.197,4.18,4.195,716.02
1788692400000,4.195,4.195,4.181,4.182,438.16
1788693300000,4.182,4.205,4.182,4.201,1447.71
1788694200000,4.201,4.204,4.194,4.196,3999.1
1788695100000,4.196,4.208,4.196,4.196,437.91
1788696000000,4.196,4.196,4.181,4.192,2214.16
1788696900000,4.192,4.196,4.186,4.186,246.42
1788697800000,4.186,4.188,4.174,4.175,2542.9
1788698700000,4.175,4.185,4.171,4.176,177.39
1788699600000,4.176,4.182,4.172,4.177,538.04
1788700500000,4.177,4.177,4.154,4.158,1755.44
1788701400000,4.158,4.171,4.141,4.169,9061.59
1788702300000,4.169,4.18,4.165,4.18,303.44
1788703200000,4.18,4.18,4.161,4.161,234.99
1788704100000,4.161,4.166,4.13,4.13,1611.89
1788705000000,4.13,4.146,4.081,4.146,11607.95
1788705900000,4.146,4.154,4.136,4.141,494.84
1788706800000,4.141,4.146,4.109,4.144,969.57
1788707700000,4.144,4.164,4.144,4.158,1624.87
1788708600000,4.158,4.173,4.156,4.166,1135.4
1788709500000,4.166,4.172,4.16,4.172,8454.42
1788710400000,4.172,4.181,4.164,4.181,2286.03
1788711300000,4.181,4.204,4.181,4.198,2473.02
1788712200000,4.198,4.249,4.198,4.241,14687.52
1788713100000,4.241,4.339,4.236,4.331,13448.76
1788714000000,4.331,4.331,4.252,4.258,4846.85
1788714900000,4.258,4.275,4.24,4.266,4156.49
1788715800000,4.266,4.266,4.243,4.255,821.74
1788716700000,4.255,4.279,4.255,4.274,296.3
1788717600000,4.274,4.361,4.267,4.312,14917.5
1788718500000,4.312,4.312,4.286,4.292,282.78
1788719400000,4.292,4.31,4.285,4.285,1280.44
1788720300000,4.285,4.286,4.278,4.281,78.81
1788721200000,4.281,4.297,4.259,4.297,15695.88
1788722100000,4.297,4.302,4.275,4.279,186.31
1788723000000,4.279,4.279,4.268,4.268,366.43
1788723900000,4.268,4.268,4.262,4.262,344.14
1788724800000,4.262,4.27,4.253,4.27,650.98
1788725700000,4.27,4.27,4.256,4.262,2518.99
1788726600000,4.262,4.262,4.25,4.252,555.68
1788727500000,4.252,4.256,4.251,4.256,1024.34
1788728400000,4.256,4.268,4.251,4.268,1002.89
1788729300000,4.268,4.27,4.26,4.26,726.48
1788730200000,4.26,4.273,4.259,4.273,348.46
1788731100000,4.273,4.278,4.263,4.263,21.19
1788732000000,4.263,4.264,4.233,4.238,2022.08
1788732900000,4.238,4.258,4.223,4.258,1316.37
1788733800000,4.258,4.258,4.243,4.243,248.57
1788734700000,4.243,4.243,4.237,4.239,30.71
1788735600000,4.239,4.244,4.23,4.233,514.34
1788736500000,4.233,4.248,4.233,4.244,440.37
1788737400000,4.244,4.263,4.243,4.262,9.92
1788738300000,4.262,4.271,4.258,4.261,264.53
1788739200000,4.261,4.303,4.26,4.303,1762.67
1788740100000,4.303,4.34,4.303,4.31,7560.52
1788741000000,4.31,4.31,4.29,4.302,743.02
1788741900000,4.302,4.302,4.261,4.261,961.66
1788742800000,4.261,4.278,4.247,4.247,2265.44
1788743700000,4.247,4.254,4.24,4.249,655.26
1788744600000,4.249,4.252,4.225,4.226,1435.92
1788745500000,4.226,4.23,4.218,4.23,1862.44
1788746400000,4.23,4.233,4.203,4.211,16420.22
1788747300000,4.211,4.233,4.211,4.233,217.88
1788748200000,4.233,4.285,4.231,4.284,1274.05
1788749100000,4.284,4.284,4.238,4.238,746.71
1788750000000,4.238,4.243,4.228,4.229,925.35
1788750900000,4.229,4.234,4.221,4.221,310.96
1788751800000,4.221,4.223,4.209,4.212,1774.03
1788752700000,4.212,4.218,4.185,4.195,2067.87
1788753600000,4.195,4.204,4.165,4.204,4748.33
1788754500000,4.204,4.223,4.204,4.216,432.85
1788755400000,4.216,4.22,4.21,4.216,146.38
1788756300000,4.216,4.223,4.212,4.216,242.79
1788757200000,4.216,4.242,4.216,4.233,1291.77
1788758100000,4.233,4.264,4.233,4.264,2393.14
1788759000000,4.264,4.273,4.248,4.248,2754.5
1788759900000,4.248,4.262,4.248,4.262,15920.78
1788760800000,4.262,4.268,4.255,4.268,9476.11
1788761700000,4.268,4.286,4.262,4.268,5490.32
1788762600000,4.268,4.273,4.261,4.27,405.02
1788763500000,4.27,4.301,4.269,4.293,1495.59
1788764400000,4.293,4.294,4.282,4.287,7188.64
1788765300000,4.287,4.295,4.273,4.273,932.92
1788766200000,4.273,4.285,4.223,4.285,5946.14
1788767100000,4.285,4.292,4.247,4.247,2081.78
1788768000000,4.247,4.271,4.247,4.268,604.9
1788768900000,4.268,4.281,4.265,4.271,454.96
1788769800000,4.271,4.291,4.271,4.29,814.94
1788770700000,4.29,4.293,4.281,4.286,658.9
1788771600000,4.286,4.333,4.278,4.329,21141.15
1788772500000,4.329,4.329,4.303,4.311,3547.68
1788773400000,4.311,4.311,4.275,4.275,2702.03
1788774300000,4.275,4.282,4.251,4.251,3445.81
1788775200000,4.251,4.268,4.243,4.254,2851.46
1788776100000,4.254,4.268,4.252,4.268,635.79
1788777000000,4.268,4.268,4.254,4.259,4419.39
1788777900000,4.259,4.264,4.251,4.251,482
1788778800000,4.251,4.257,4.24,4.242,802.23
1788779700000,4.242,4.248,4.242,4.246,356.15
1788780600000,4.246,4.247,4.234,4.234,157.73
1788781500000,4.234,4.241,4.231,4.241,519.52
1788782400000,4.241,4.264,4.238,4.257,339.76
1788783300000,4.257,4.263,4.255,4.262,467.34
1788784200000,4.262,4.268,4.26,4.265,727.17
1788785100000,4.265,4.33,4.265,4.32,9601.01
1788786000000,4.32,4.32,4.301,4.304,1861.72
1788786900000,4.304,4.351,4.303,4.347,5958.32
1788787800000,4.347,4.355,4.312,4.317,3137.27
1788788700000,4.317,4.332,4.312,4.329,1246.05
1788789600000,4.329,4.344,4.301,4.311,6633.87
1788790500000,4.311,4.387,4.311,4.33,8775.3
1788791400000,4.33,4.336,4.305,4.316,3630.84
1788792300000,4.316,4.366,4.316,4.342,1864.55
1788793200000,4.342,4.342,4.297,4.299,6435.75
1788794100000,4.299,4.312,4.269,4.292,3879.33
1788795000000,4.292,4.295,4.246,4.273,8145.75
1788795900000,4.273,4.291,4.253,4.268,1863.47
1788796800000,4.268,4.308,4.268,4.287,909.21
1788797700000,4.287,4.307,4.283,4.298,1031.05
1788798600000,4.298,4.366,4.298,4.351,1461.34
1788799500000,4.351,4.372,4.341,4.372,3206.22
1788800400000,4.372,4.372,4.346,4.351,113.17
1788801300000,4.351,4.361,4.314,4.323,5170.26
1788802200000,4.323,4.323,4.3,4.313,3030.57
1788803100000,4.313,4.323,4.307,4.307,399.99
1788804000000,4.307,4.309,4.279,4.282,2937.67
1788804900000,4.282,4.286,4.267,4.267,324.23
1788805800000,4.267,4.27,4.256,4.27,1084.6
1788806700000,4.27,4.271,4.259,4.271,227.38
1788807600000,4.271,4.271,4.248,4.253,108.41
1788808500000,4.253,4.263,4.249,4.263,1271.2
1788809400000,4.263,4.297,4.263,4.289,355.87
1788810300000,4.289,4.296,4.288,4.288,153.61
1788811200000,4.288,4.291,4.268,4.273,370.77
1788812100000,4.273,4.286,4.272,4.274,252.42
1788813000000,4.274,4.297,4.274,4.287,688.59
1788813900000,4.287,4.317,4.287,4.304,174.02
1788814800000,4.304,4.344,4.304,4.335,1982.68
1788815700000,4.335,4.342,4.322,4.337,114.54
1788816600000,4.337,4.347,4.322,4.347,2150.34
1788817500000,4.347,4.347,4.33,4.338,999.72
1788818400000,4.338,4.347,4.312,4.338,856.82
1788819300000,4.338,4.338,4.322,4.328,2233.8
1788820200000,4.328,4.328,4.287,4.302,747.9
1788821100000,4.302,4.322,4.302,4.315,198.62
1788822000000,4.315,4.363,4.309,4.358,3759.3
1788822900000,4.358,4.371,4.329,4.329,5382.67
1788823800000,4.329,4.375,4.329,4.357,3728.22
1788824700000,4.357,4.382,4.357,4.366,4669.87
1788825600000,4.366,4.381,4.351,4.369,4572.05
1788826500000,4.369,4.369,4.342,4.356,1549.61
1788827400000,4.356,4.396,4.344,4.379,3451.36
1788828300000,4.379,4.417,4.374,4.417,2397.9
1788829200000,4.417,4.428,4.389,4.409,1771.14
1788830100000,4.409,4.421,4.401,4.412,7141.14
1788831000000,4.412,4.416,4.401,4.408,1380.04
1788831900000,4.408,4.417,4.405,4.41,2294.85
1788832800000,4.41,4.426,4.4,4.425,3724.85
1788833700000,4.425,4.469,4.425,4.442,5250.1
1788834600000,4.442,4.476,4.419,4.423,8160.84
1788835500000,4.423,4.423,4.351,4.351,18132.77
1788836400000,4.351,4.367,4.347,4.348,1236.04
1788837300000,4.348,4.361,4.327,4.348,8865.81
1788838200000,4.348,4.366,4.347,4.362,2736.2
1788839100000,4.362,4.371,4.347,4.354,822.28
1788840000000,4.354,4.354,4.32,4.326,3703.12
1788840900000,4.326,4.337,4.319,4.333,1691.54
1788841800000,4.333,4.342,4.328,4.331,1535.65
1788842700000,4.331,4.333,4.318,4.319,1021.59
1788843600000,4.319,4.388,4.315,4.382,4171.96
1788844500000,4.382,4.417,4.376,4.408,9223.98
1788845400000,4.408,4.411,4.371,4.384,6602.83
1788846300000,4.384,4.386,4.362,4.364,1766.04
1788847200000,4.364,4.384,4.348,4.363,2210.23
1788848100000,4.363,4.372,4.327,4.343,6526.11
1788849000000,4.343,4.343,4.298,4.312,7613.51
1788849900000,4.312,4.317,4.3,4.306,8043.54
1788850800000,4.306,4.325,4.302,4.317,1734.81
1788851700000,4.317,4.352,4.31,4.347,6975.43
1788852600000,4.347,4.372,4.341,4.357,10714.94
1788853500000,4.357,4.357,4.332,4.332,1206.82
1788854400000,4.332,4.332,4.302,4.303,5343.04
1788855300000,4.303,4.333,4.302,4.333,1355.79
1788856200000,4.333,4.367,4.333,4.358,1536.2
1788857100000,4.358,4.364,4.342,4.357,1527.52
1788858000000,4.357,4.371,4.344,4.365,2503.5
1788858900000,4.365,4.413,4.365,4.391,5921.17
1788859800000,4.391,4.455,4.391,4.425,2716.75
1788860700000,4.425,4.443,4.425,4.428,4790.82
1788861600000,4.428,4.439,4.406,4.427,3499.95
1788862500000,4.427,4.436,4.409,4.409,1243.3
1788863400000,4.409,4.461,4.387,4.434,17237.49
1788864300000,4.434,4.458,4.416,4.456,12919.57
1788865200000,4.456,4.46,4.391,4.394,20444.23
1788866100000,4.394,4.438,4.394,4.422,4729.78
1788867000000,4.422,4.436,4.409,4.432,11033.44
1788867900000,4.432,4.432,4.415,4.429,2259.97
1788868800000,4.429,4.429,4.386,4.398,4809.26
1788869700000,4.398,4.42,4.398,4.42,45.7
1788870600000,4.42,4.437,4.41,4.425,793.73
1788871500000,4.425,4.43,4.418,4.425,1588.71
1788872400000,4.425,4.425,4.39,4.395,199.64
1788873300000,4.395,4.397,4.355,4.37,4576.56
1788874200000,4.37,4.374,4.293,4.315,10460.31
1788875100000,4.315,4.358,4.312,4.356,9340.68
1788876000000,4.356,4.405,4.34,4.393,1908.7
1788876900000,4.393,4.451,4.393,4.451,3461.36
1788877800000,4.451,4.451,4.416,4.435,6692.31
1788878700000,4.435,4.484,4.43,4.484,1948.29
1788879600000,4.484,4.514,4.437,4.447,9723.36
1788880500000,4.447,4.486,4.446,4.465,1074.26
1788881400000,4.465,4.477,4.46,4.473,2888.45
1788882300000,4.473,4.483,4.456,4.471,2306.52
1788883200000,4.471,4.49,4.416,4.425,6011.23
1788884100000,4.425,4.452,4.419,4.431,10293.24
1788885000000,4.431,4.449,4.429,4.438,3483.48
1788885900000,4.438,4.461,4.429,4.436,3726.53
1788886800000,4.436,4.454,4.42,4.428,3664.88
1788887700000,4.428,4.428,4.384,4.389,8261.74
1788888600000,4.389,4.398,4.376,4.376,498.7
1788889500000,4.376,4.389,4.376,4.381,346.6
1788890400000,4.381,4.415,4.381,4.411,3321.38
1788891300000,4.411,4.426,4.407,4.421,1862.53
1788892200000,4.421,4.421,4.388,4.389,330.75
1788893100000,4.389,4.41,4.342,4.365,3700.13
1788894000000,4.365,4.391,4.359,4.386,1336.01
1788894900000,4.386,4.401,4.386,4.397,1773.56
1788895800000,4.397,4.41,4.397,4.4,1524.01
1788896700000,4.4,4.404,4.38,4.396,4528.2
1788897600000,4.396,4.473,4.388,4.465,6202.97
1788898500000,4.465,4.466,4.421,4.428,2076.56
1788899400000,4.428,4.431,4.398,4.411,1422.9
1788900300000,4.411,4.411,4.382,4.389,977.03
1788901200000,4.389,4.41,4.384,4.398,881.6
1788902100000,4.398,4.419,4.39,4.395,603.56
1788903000000,4.395,4.4,4.375,4.379,2170.34
1788903900000,4.379,4.382,4.364,4.371,714.14
1788904800000,4.371,4.39,4.365,4.365,194.55
1788905700000,4.365,4.371,4.347,4.347,129.67
1788906600000,4.347,4.348,4.34,4.347,172.1
1788907500000,4.347,4.361,4.342,4.36,112.73
1788908400000,4.36,4.36,4.339,4.34,1212.51
1788909300000,4.34,4.34,4.32,4.328,91.3
1788910200000,4.328,4.328,4.304,4.325,1126.11
1788911100000,4.325,4.33,4.323,4.328,477.23
1788912000000,4.328,4.398,4.328,4.393,2042.17
1788912900000,4.393,4.393,4.371,4.38,434.39
1788913800000,4.38,4.38,4.35,4.368,485.72
1788914700000,4.368,4.373,4.358,4.361,240.11
1788915600000,4.361,4.38,4.355,4.367,779.19
1788916500000,4.367,4.368,4.34,4.351,512.81
1788917400000,4.351,4.365,4.341,4.349,237.95
1788918300000,4.349,4.357,4.335,4.341,2055.63
1788919200000,4.341,4.358,4.322,4.327,2634.73
1788920100000,4.327,4.336,4.31,4.332,1630.65
1788921000000,4.332,4.345,4.319,4.345,219.88
1788921900000,4.345,4.365,4.344,4.35,703.7
1788922800000,4.35,4.35,4.317,4.325,1020.78
1788923700000,4.325,4.325,4.3,4.311,559.76
1788924600000,4.311,4.337,4.31,4.324,1547.14
1788925500000,4.324,4.332,4.314,4.32,487.01
1788926400000,4.32,4.366,4.32,4.335,1770.59
1788927300000,4.335,4.375,4.333,4.373,714.55
1788928200000,4.373,4.385,4.358,4.383,389.5
1788929100000,4.383,4.387,4.37,4.381,964.26
1788930000000,4.381,4.381,4.35,4.375,1575.68
1788930900000,4.375,4.375,4.359,4.359,303.42
1788931800000,4.359,4.359,4.34,4.341,633.23
1788932700000,4.341,4.341,4.323,4.331,520.29
1788933600000,4.331,4.341,4.31,4.341,630.6
1788934500000,4.341,4.361,4.341,4.358,408.25
1788935400000,4.358,4.378,4.358,4.37,108.02
1788936300000,4.37,4.37,4.364,4.365,317.28
1788937200000,4.365,4.388,4.357,4.358,327.74
1788938100000,4.358,4.361,4.346,4.361,2488.7
1788939000000,4.361,4.365,4.343,4.343,239.45
1788939900000,4.343,4.357,4.343,4.354,106.33
1788940800000,4.354,4.373,4.354,4.37,261.23
1788941700000,4.37,4.375,4.361,4.375,748.81
1788942600000,4.375,4.38,4.363,4.365,237.5
1788943500000,4.365,4.365,4.353,4.356,114.23
1788944400000,4.356,4.358,4.323,4.329,14813.11
1788945300000,4.329,4.333,4.296,4.31,7305.77
1788946200000,4.31,4.318,4.278,4.289,6673.69
1788947100000,4.289,4.297,4.258,4.259,5848.77
1788948000000,4.259,4.259,4.214,4.229,18468.03
1788948900000,4.229,4.245,4.207,4.229,13431.73
1788949800000,4.229,4.237,4.205,4.209,19674.01
1788950700000,4.209,4.212,4.194,4.209,11958.41
1788951600000,4.209,4.209,4.178,4.202,7692
1788952500000,4.202,4.226,4.185,4.218,2337.92
1788953400000,4.218,4.225,4.214,4.215,7975.54
1788954300000,4.215,4.232,4.215,4.23,1009.61
1788955200000,4.23,4.235,4.22,4.223,479.79
1788956100000,4.223,4.239,4.223,4.233,3299.16
1788957000000,4.233,4.26,4.233,4.251,6239.34
1788957900000,4.251,4.259,4.249,4.249,4233.39
1788958800000,4.249,4.262,4.24,4.24,1200.07
1788959700000,4.24,4.26,4.24,4.258,88.28
1788960600000,4.258,4.258,4.195,4.2,8777.45
1788961500000,4.2,4.217,4.196,4.207,6956.77
1788962400000,4.207,4.235,4.195,4.208,10196.6
1788963300000,4.208,4.235,4.195,4.235,4429.73
1788964200000,4.235,4.246,4.21,4.21,20903.61
1788965100000,4.21,4.225,4.19,4.197,10082.07
1788966000000,4.197,4.242,4.159,4.177,9562.67
1788966900000,4.177,4.191,4.113,4.151,20837.35
1788967800000,4.151,4.172,4.143,4.164,6760.62
1788968700000,4.164,4.171,4.158,4.168,4562.22
1788969600000,4.168,4.187,4.15,4.16,17671.86
1788970500000,4.16,4.16,4.131,4.145,10103.92
1788971400000,4.145,4.185,4.145,4.178,4231.04
1788972300000,4.178,4.182,4.167,4.182,3559.87
1788973200000,4.182,4.19,4.175,4.183,16506.73
1788974100000,4.183,4.2,4.183,4.192,6098.38
1788975000000,4.192,4.192,4.17,4.17,542.29
1788975900000,4.17,4.19,4.17,4.19,146.79
1788976800000,4.19,4.19,4.174,4.174,342.11
1788977700000,4.174,4.189,4.174,4.189,211.54
1788978600000,4.189,4.19,4.182,4.186,3790.24
1788979500000,4.186,4.187,4.168,4.182,13769.46
1788980400000,4.182,4.182,4.164,4.171,8053.09
1788981300000,4.171,4.177,4.171,4.174,30.75
1788982200000,4.174,4.174,4.141,4.149,759.91
1788983100000,4.149,4.15,4.121,4.134,10208.08
1788984000000,4.134,4.147,4.126,4.134,1721.46
1788984900000,4.134,4.157,4.106,4.125,18926.48
1788985800000,4.125,4.162,4.125,4.145,8238.64
1788986700000,4.145,4.15,4.129,4.15,3729.21
1788987600000,4.15,4.155,4.133,4.14,4257.77
1788988500000,4.14,4.154,4.122,4.148,935.58
1788989400000,4.148,4.152,4.125,4.134,2076.72
1788990300000,4.134,4.134,4.078,4.097,11437.47
1788991200000,4.097,4.113,4.017,4.059,15749.38
1788992100000,4.059,4.075,4.054,4.064,11931.89
1788993000000,4.064,4.069,4.056,4.062,2063.7
1788993900000,4.062,4.062,4.035,4.035,621.87
1788994800000,4.035,4.067,4.034,4.067,966.26
1788995700000,4.067,4.07,4.059,4.07,1107.14
1788996600000,4.07,4.078,4.068,4.076,564.27
1788997500000,4.076,4.085,4.076,4.082,326.25
1788998400000,4.082,4.093,4.075,4.075,2738.1
1788999300000,4.075,4.075,4.048,4.056,6474.26
1789000200000,4.056,4.065,4.025,4.03,8183.7
1789001100000,4.03,4.044,4.012,4.026,12432.65
1789002000000,4.026,4.057,4.02,4.02,28529.63
1789002900000,4.02,4.031,4.001,4.005,6404.79
1789003800000,4.005,4.01,3.986,3.995,3729.66
1789004700000,3.995,3.998,3.976,3.983,2420.35
1789005600000,3.983,3.996,3.98,3.987,1062.03
1789006500000,3.987,3.991,3.956,3.972,9091.37
1789007400000,3.972,4.016,3.97,4.012,5168.77
1789008300000,4.012,4.036,4.011,4.036,1606.29
1789009200000,4.036,4.04,4.032,4.033,1995.44
1789010100000,4.033,4.037,4.025,4.035,4762.29
1789011000000,4.035,4.051,4.025,4.038,10839
1789011900000,4.038,4.042,4.027,4.03,8973.02
1789012800000,4.03,4.053,4.029,4.053,1250.78
1789013700000,4.053,4.057,4.046,4.053,1837.25
1789014600000,4.053,4.055,4.05,4.052,1361.4
1789015500000,4.052,4.058,4.046,4.056,10205.54
1789016400000,4.056,4.065,4.038,4.062,5227.04
1789017300000,4.062,4.065,4.048,4.064,2700.35
1789018200000,4.064,4.081,4.064,4.069,971.34
1789019100000,4.069,4.069,4.065,4.068,73.67
1789020000000,4.068,4.068,4.036,4.036,3408.18
1789020900000,4.036,4.04,4.036,4.04,106.44
1789021800000,4.04,4.051,4.04,4.051,229.76
1789022700000,4.051,4.07,4.047,4.065,204.33
1789023600000,4.065,4.065,4.041,4.045,4260.54
1789024500000,4.045,4.045,4.036,4.036,1080.16
1789025400000,4.036,4.041,4.031,4.041,1903.94
1789026300000,4.041,4.048,4.041,4.045,1479.46
1789027200000,4.045,4.052,4.041,4.044,7703.09
1789028100000,4.044,4.064,4.044,4.064,3082.18
1789029000000,4.064,4.067,4.053,4.067,1478.23
1789029900000,4.067,4.076,4.067,4.073,882.67
1789030800000,4.073,4.102,4.073,4.085,2863.65
1789031700000,4.085,4.109,4.083,4.098,2659.85
1789032600000,4.098,4.098,4.044,4.046,750.63
1789033500000,4.046,4.061,4.046,4.053,4355.88
1789034400000,4.053,4.065,4.049,4.056,9665.07
1789035300000,4.056,4.057,4.042,4.044,4428.16
1789036200000,4.044,4.051,4.033,4.05,981.76
1789037100000,4.05,4.053,3.993,3.999,11978.63
1789038000000,3.999,4.025,3.99,4.025,1090.61
1789038900000,4.025,4.05,4.025,4.05,3124.44
1789039800000,4.05,4.052,4.039,4.039,8443.56
1789040700000,4.039,4.039,4.02,4.021,6076.61
1789041600000,4.021,4.027,4.02,4.027,145.82
1789042500000,4.027,4.027,4.013,4.021,1898.32
1789043400000,4.021,4.035,3.995,4.021,11331.19
1789044300000,4.021,4.021,3.943,3.985,43191.26
1789045200000,3.985,4.027,3.981,3.994,13545.46
1789046100000,3.994,4.014,3.984,4,19809.15
1789047000000,4,4.025,3.995,4.016,2342.35
1789047900000,4.016,4.029,4.003,4.023,5660.62
1789048800000,4.023,4.041,4,4,3737.27
1789049700000,4,4.035,3.984,4.024,13575.62
1789050600000,4.024,4.029,4.019,4.019,803.66
1789051500000,4.019,4.019,3.99,3.99,6910
1789052400000,3.99,4.005,3.979,3.995,219.07
1789053300000,3.995,3.995,3.967,3.967,2631.54
1789054200000,3.967,4,3.967,3.975,7213.51
1789055100000,3.975,3.985,3.962,3.985,12624.06
1789056000000,3.985,3.985,3.945,3.957,19444.12
1789056900000,3.957,3.957,3.916,3.923,3315.9
1789057800000,3.923,3.931,3.899,3.931,10690.88
1789058700000,3.931,3.953,3.931,3.953,1105.93
1789059600000,3.953,3.975,3.951,3.971,1754.22
1789060500000,3.971,4,3.967,4,6953.05
1789061400000,4,4.022,4,4.01,8817.21
1789062300000,4.01,4.013,3.995,3.995,3233.28
1789063200000,3.995,3.997,3.975,3.981,2200.96
1789064100000,3.981,3.999,3.969,3.985,5810.24
1789065000000,3.985,3.997,3.985,3.997,85.34
1789065900000,3.997,4.019,3.997,4.015,391.46
1789066800000,4.015,4.015,3.994,3.994,40.7
1789067700000,3.994,4.017,3.988,4,20795.01
1789068600000,4,4.005,3.988,3.997,7083.25
1789069500000,3.997,3.997,3.97,3.978,4829.86
1789070400000,3.978,3.999,3.977,3.999,436.74
1789071300000,3.999,4.006,3.999,4.006,282.37
1789072200000,4.006,4.006,3.99,3.99,0.68
1789073100000,3.99,3.99,3.985,3.985,11.94
1789074000000,3.985,3.998,3.985,3.995,223.49
1789074900000,3.995,3.995,3.986,3.993,73.91
1789075800000,3.993,3.995,3.982,3.993,131.04
1789076700000,3.993,4.001,3.989,3.989,12.14
1789077600000,3.989,4.008,3.989,4.001,184.05
1789078500000,4.001,4.011,3.995,3.995,698.35
1789079400000,3.995,3.997,3.97,3.972,4582.58
1789080300000,3.972,3.977,3.958,3.96,1313.95
1789081200000,3.96,3.965,3.929,3.929,4064.18
1789082100000,3.929,3.956,3.923,3.956,635.47
1789083000000,3.956,3.96,3.949,3.96,1412.34
1789083900000,3.96,3.962,3.939,3.939,7247.71
1789084800000,3.939,4.003,3.939,3.997,1802.09
1789085700000,3.997,4.008,3.997,4,2121.19
1789086600000,4,4.005,3.988,4.001,7381.43
1789087500000,4.001,4.002,3.991,4.002,219.91
1789088400000,4.002,4.035,4.002,4.032,3744.12
1789089300000,4.032,4.034,4,4.009,5448.21
1789090200000,4.009,4.02,3.989,4.005,6733.12
1789091100000,4.005,4.009,4.004,4.009,131.16
1789092000000,4.009,4.01,3.993,3.997,30.18
1789092900000,3.997,3.997,3.97,3.973,103.22
1789093800000,3.973,3.985,3.972,3.984,60.55
1789094700000,3.984,3.986,3.974,3.976,1540.97
1789095600000,3.976,4.004,3.97,4.004,4042
1789096500000,4.004,4.011,3.995,4.009,12232.43
1789097400000,4.009,4.01,3.99,4.008,895.46
1789098300000,4.008,4.019,3.995,4.012,647.54
1789099200000,4.012,4.017,4.007,4.015,4554.09
1789100100000,4.015,4.038,4.006,4.038,14938.76
1789101000000,4.038,4.042,4.015,4.019,8750.15
1789101900000,4.019,4.019,4.002,4.003,1181.08
1789102800000,4.003,4.005,3.987,3.994,4554.99
1789103700000,3.994,4.002,3.991,3.997,9772.44
1789104600000,3.997,4.003,3.993,4,7031.81
1789105500000,4,4.002,3.993,3.993,193.69
1789106400000,3.993,3.996,3.989,3.993,1144.75
1789107300000,3.993,3.994,3.984,3.987,7418.02
1789108200000,3.987,3.987,3.975,3.976,4740.51
1789109100000,3.976,3.982,3.976,3.98,30.7
1789110000000,3.98,3.995,3.98,3.995,236
1789110900000,3.995,3.997,3.985,3.99,1312.58
1789111800000,3.99,3.99,3.976,3.979,2788.02
1789112700000,3.979,3.979,3.965,3.969,7757.65
1789113600000,3.969,3.973,3.966,3.966,121.17
1789114500000,3.966,3.995,3.966,3.987,2875.38
1789115400000,3.987,4.012,3.987,3.99,1713.52
1789116300000,3.99,3.99,3.986,3.99,782.06
1789117200000,3.99,3.99,3.981,3.983,3534.44
1789118100000,3.983,3.987,3.98,3.986,735.9
1789119000000,3.986,3.995,3.969,3.972,1800.88
1789119900000,3.972,3.983,3.972,3.98,544.97
1789120800000,3.98,3.99,3.961,3.972,7489.6
1789121700000,3.972,3.982,3.953,3.953,5367.05
1789122600000,3.953,3.959,3.949,3.959,265.22
1789123500000,3.959,3.959,3.946,3.946,106.13
1789124400000,3.946,3.946,3.905,3.918,13956.19
1789125300000,3.918,3.935,3.916,3.928,3588.81
1789126200000,3.928,3.941,3.908,3.927,12032.71
1789127100000,3.927,3.93,3.902,3.905,12699.28
1789128000000,3.905,3.917,3.892,3.899,6685.93
1789128900000,3.899,3.945,3.896,3.929,15690.65
1789129800000,3.929,4.035,3.873,4.001,17027.03
1789130700000,4.001,4.021,3.999,4.01,1632.52
1789131600000,4.01,4.01,3.98,3.985,12690.78
1789132500000,3.985,3.995,3.973,3.977,3571.31
1789133400000,3.977,4.01,3.96,4.004,4541.56
1789134300000,4.004,4.141,3.998,4.136,30274.27
1789135200000,4.136,4.155,4.081,4.098,7797.4
1789136100000,4.098,4.122,4.088,4.116,7594.24
1789137000000,4.116,4.121,4.095,4.1,3089.55
1789137900000,4.1,4.115,4.09,4.103,351.31
1789138800000,4.103,4.111,4.089,4.105,1611.21
1789139700000,4.105,4.156,4.092,4.147,6445.65
1789140600000,4.147,4.167,4.143,4.156,5372
1789141500000,4.156,4.165,4.052,4.076,16915.38
1789142400000,4.076,4.135,4.076,4.133,2836.02
1789143300000,4.133,4.14,4.08,4.08,5877.5
1789144200000,4.08,4.108,4.08,4.1,4392.07
1789145100000,4.1,4.126,4.1,4.125,2706.06
1789146000000,4.125,4.134,4.09,4.09,7291.69
1789146900000,4.09,4.09,4.07,4.089,687.83
1789147800000,4.089,4.089,4.06,4.064,334.32
1789148700000,4.064,4.066,4.037,4.049,1027.48
1789149600000,4.049,4.05,3.972,3.999,11210.01
1789150500000,3.999,4.021,3.999,4.01,5303.06
1789151400000,4.01,4.01,3.993,3.993,193.47
1789152300000,3.993,4.015,3.958,3.964,2674.59
1789153200000,3.964,3.969,3.948,3.964,5028.36
1789154100000,3.964,3.988,3.95,3.975,2287.42
1789155000000,3.975,3.99,3.965,3.985,7770.1
1789155900000,3.985,4.006,3.985,4.004,2508.39
1789156800000,4.004,4.024,4.004,4.022,889.38
1789157700000,4.022,4.022,3.99,3.99,1177.54
1789158600000,3.99,4.019,3.975,4.016,5687.37
1789159500000,4.016,4.017,3.995,4.01,4965.47
1789160400000,4.01,4.025,4,4.019,36.22
1789161300000,4.019,4.019,4.009,4.009,649.87
1789162200000,4.009,4.009,3.993,3.993,323.25
1789163100000,3.993,3.993,3.95,3.954,5169.45
1789164000000,3.954,3.985,3.941,3.978,554.2
1789164900000,3.978,3.984,3.952,3.956,11361.69
1789165800000,3.956,3.96,3.934,3.945,10033.64
1789166700000,3.945,3.956,3.935,3.949,7465.12
1789167600000,3.949,3.971,3.949,3.967,1205.21
1789168500000,3.967,3.982,3.967,3.982,505.31
1789169400000,3.982,3.985,3.98,3.983,231.61
1789170300000,3.983,4.002,3.983,3.999,304.17
1789171200000,3.999,4.012,3.997,4.012,1696.15
1789172100000,4.012,4.055,4.011,4.045,4224.93
1789173000000,4.045,4.068,4.04,4.04,1186.65
1789173900000,4.04,4.053,4.04,4.049,91.94
1789174800000,4.049,4.065,4.042,4.065,504.75
1789175700000,4.065,4.075,4.06,4.06,136.96
1789176600000,4.06,4.067,4.054,4.065,3759.98
1789177500000,4.065,4.07,4.062,4.063,3895.21
1789178400000,4.063,4.08,4.057,4.078,927.31
1789179300000,4.078,4.082,4.066,4.079,177.53
1789180200000,4.079,4.079,4.061,4.066,4537.38
1789181100000,4.066,4.071,4.063,4.065,9197.94
1789182000000,4.065,4.09,4.051,4.084,5315.4
1789182900000,4.084,4.087,4.075,4.083,2522.97
1789183800000,4.083,4.083,4.07,4.07,70.67
1789184700000,4.07,4.071,4.064,4.065,349.53
1789185600000,4.065,4.068,4.058,4.067,401.62
1789186500000,4.067,4.067,4.054,4.061,3447.71
1789187400000,4.061,4.061,4.045,4.046,1398.34
1789188300000,4.046,4.047,4.037,4.037,414.53
1789189200000,4.037,4.042,4.035,4.037,298.82
1789190100000,4.037,4.039,4.029,4.033,3110.26
1789191000000,4.033,4.042,4.024,4.029,3699.1
1789191900000,4.029,4.032,4.021,4.021,90.68
1789192800000,4.021,4.023,4.013,4.016,380.96
1789193700000,4.016,4.044,4.016,4.044,296.46
1789194600000,4.044,4.047,4.039,4.039,5231.27
1789195500000,4.039,4.039,4.03,4.03,2295.43
1789196400000,4.03,4.045,4.026,4.045,25.85
1789197300000,4.045,4.045,4.035,4.042,4972.42
1789198200000,4.042,4.05,4.039,4.05,185.14
1789199100000,4.05,4.054,4.049,4.052,239.79
1789200000000,4.052,4.052,4.044,4.052,4249.15
1789200900000,4.052,4.063,4.036,4.045,1919.85
1789201800000,4.045,4.05,4.041,4.046,218.23
1789202700000,4.046,4.047,4.04,4.047,444.3
1789203600000,4.047,4.053,4.042,4.042,2339.31
1789204500000,4.042,4.046,4.037,4.039,6653.13
1789205400000,4.039,4.039,4.028,4.032,4602.06
1789206300000,4.032,4.043,4.031,4.04,2587.27
1789207200000,4.04,4.051,4.04,4.051,92.66
1789208100000,4.051,4.056,4.051,4.054,100.88
1789209000000,4.054,4.08,4.054,4.078,342.92
1789209900000,4.078,4.078,4.059,4.065,3361.01
1789210800000,4.065,4.069,4.058,4.062,1810.65
1789211700000,4.062,4.062,4.053,4.054,40.65
1789212600000,4.054,4.07,4.053,4.07,416.02
1789213500000,4.07,4.095,4.069,4.095,5550.18
1789214400000,4.095,4.135,4.085,4.133,4857.18
1789215300000,4.133,4.133,4.112,4.118,2430.56
1789216200000,4.118,4.119,4.105,4.115,3888
1789217100000,4.115,4.12,4.099,4.12,757.14
1789218000000,4.12,4.126,4.099,4.102,5786.26
1789218900000,4.102,4.113,4.101,4.113,2946.48
1789219800000,4.113,4.144,4.098,4.141,8966.2
1789220700000,4.141,4.153,4.117,4.13,2592.84
1789221600000,4.13,4.133,4.11,4.111,612.05
1789222500000,4.111,4.135,4.11,4.113,1270
1789223400000,4.113,4.144,4.113,4.144,648.51
1789224300000,4.144,4.196,4.144,4.188,5364.53
1789225200000,4.188,4.246,4.175,4.239,6072.6
1789226100000,4.239,4.245,4.186,4.2,3691.49
1789227000000,4.2,4.26,4.2,4.258,4765.67
1789227900000,4.258,4.303,4.255,4.303,5329.02
1789228800000,4.303,4.324,4.275,4.277,26272.95
1789229700000,4.277,4.306,4.26,4.26,5254.97
1789230600000,4.26,4.305,4.253,4.289,5947.33
1789231500000,4.289,4.301,4.26,4.272,12368.44
1789232400000,4.272,4.273,4.24,4.255,6616.49
1789233300000,4.255,4.255,4.23,4.239,3392.44
1789234200000,4.239,4.239,4.208,4.225,1614.26
1789235100000,4.225,4.237,4.209,4.209,3989.97
1789236000000,4.209,4.214,4.192,4.197,1753.43
1789236900000,4.197,4.204,4.185,4.191,2032.17
1789237800000,4.191,4.192,4.169,4.19,7646.94
1789238700000,4.19,4.192,4.165,4.177,9149.13
1789239600000,4.177,4.18,4.169,4.175,5226.89
1789240500000,4.175,4.186,4.168,4.186,2953.3
1789241400000,4.186,4.186,4.145,4.147,1905.62
1789242300000,4.147,4.16,4.146,4.16,1634.93
1789243200000,4.16,4.176,4.16,4.176,258.17
1789244100000,4.176,4.183,4.169,4.169,409.49
1789245000000,4.169,4.176,4.158,4.176,693.16
1789245900000,4.176,4.18,4.17,4.17,1891.47
1789246800000,4.17,4.19,4.162,4.189,7441.15
1789247700000,4.189,4.189,4.159,4.168,330.42
1789248600000,4.168,4.175,4.162,4.175,298.89
1789249500000,4.175,4.175,4.154,4.155,612.32
1789250400000,4.155,4.165,4.155,4.16,1813.55
1789251300000,4.16,4.166,4.143,4.143,2498.31
1789252200000,4.143,4.144,4.134,4.141,8682.52
1789253100000,4.141,4.142,4.13,4.132,1145.72
1789254000000,4.132,4.147,4.132,4.145,628.61
1789254900000,4.145,4.162,4.145,4.147,358.2
1789255800000,4.147,4.174,4.147,4.172,3792.31
1789256700000,4.172,4.176,4.166,4.173,1596.54
1789257600000,4.173,4.187,4.169,4.18,1657.07
1789258500000,4.18,4.238,4.18,4.238,5227.86
1789259400000,4.238,4.294,4.237,4.244,11106.1
1789260300000,4.244,4.247,4.229,4.23,2729.14
1789261200000,4.23,4.245,4.225,4.239,14517.55
1789262100000,4.239,4.266,4.239,4.264,17892.19
1789263000000,4.264,4.264,4.22,4.25,5071.69
1789263900000,4.25,4.257,4.246,4.257,1238.08
1789264800000,4.257,4.259,4.24,4.246,447.35
1789265700000,4.246,4.261,4.24,4.251,3540.54
1789266600000,4.251,4.253,4.223,4.244,14987.07
1789267500000,4.244,4.245,4.229,4.233,5712.08
1789268400000,4.233,4.243,4.22,4.222,7552.01
1789269300000,4.222,4.225,4.203,4.203,1589.35
1789270200000,4.203,4.206,4.186,4.189,7798.9
1789271100000,4.189,4.192,4.168,4.174,9741.98
1789272000000,4.174,4.187,4.165,4.18,16925.91
1789272900000,4.18,4.18,4.16,4.168,11920.75
1789273800000,4.168,4.169,4.157,4.164,1160.74
1789274700000,4.164,4.164,4.151,4.163,1263.93
1789275600000,4.163,4.175,4.162,4.175,299.84
1789276500000,4.175,4.175,4.16,4.163,362.74
1789277400000,4.163,4.168,4.162,4.162,32
1789278300000,4.162,4.171,4.162,4.171,403.21
1789279200000,4.171,4.174,4.163,4.174,1234.86
1789280100000,4.174,4.179,4.164,4.177,470.65
1789281000000,4.177,4.178,4.172,4.173,772.9
1789281900000,4.173,4.175,4.157,4.16,4539.63
1789282800000,4.16,4.18,4.16,4.173,877.37
1789283700000,4.173,4.173,4.168,4.172,794.96
1789284600000,4.172,4.172,4.147,4.152,4283.92
1789285500000,4.152,4.152,4.136,4.14,9495
1789286400000,4.14,4.15,4.129,4.14,10738.48
1789287300000,4.14,4.14,4.118,4.118,460.8
1789288200000,4.118,4.12,4.078,4.086,13691.02
1789289100000,4.086,4.104,4.075,4.084,12147.45
1789290000000,4.084,4.102,4.084,4.097,810.65
1789290900000,4.097,4.11,4.064,4.083,9649.86
1789291800000,4.083,4.105,4.07,4.099,411.08
1789292700000,4.099,4.117,4.098,4.114,3414.95
1789293600000,4.114,4.12,4.109,4.112,236.58
1789294500000,4.112,4.122,4.11,4.115,473.89
1789295400000,4.115,4.115,4.095,4.095,1715.32
1789296300000,4.095,4.099,4.08,4.09,2280.98
1789297200000,4.09,4.1,4.083,4.085,507.64
1789298100000,4.085,4.089,4.08,4.08,181.9
1789299000000,4.08,4.084,4.078,4.079,3493.59
1789299900000,4.079,4.095,4.079,4.088,590.76
1789300800000,4.088,4.088,4.073,4.079,40.21
1789301700000,4.079,4.101,4.077,4.091,551.01
1789302600000,4.091,4.094,4.078,4.078,937.12
1789303500000,4.078,4.08,4.076,4.076,558.43
1789304400000,4.076,4.082,4.062,4.082,2059.95
1789305300000,4.082,4.082,4.042,4.047,5073.81
1789306200000,4.047,4.07,4.045,4.07,44.5
1789307100000,4.07,4.104,4.07,4.103,3431.16
1789308000000,4.103,4.125,4.103,4.115,2387.87
1789308900000,4.115,4.129,4.094,4.103,7249.56
1789309800000,4.103,4.105,4.097,4.102,2267.87
1789310700000,4.102,4.106,4.097,4.102,6181.76
1789311600000,4.102,4.104,4.082,4.087,1384.67
1789312500000,4.087,4.09,4.076,4.079,516.89
1789313400000,4.079,4.089,4.079,4.085,1076.08
1789314300000,4.085,4.093,4.081,4.081,7303.36
1789315200000,4.081,4.107,4.081,4.102,3430.46
1789316100000,4.102,4.102,4.09,4.095,847.14
1789317000000,4.095,4.1,4.093,4.096,1736.91
1789317900000,4.096,4.103,4.096,4.103,84.02
1789318800000,4.103,4.13,4.101,4.121,978.59
1789319700000,4.121,4.141,4.121,4.129,2983.79
1789320600000,4.129,4.129,4.12,4.127,1344.07
1789321500000,4.127,4.133,4.127,4.13,155.89
1789322400000,4.13,4.132,4.121,4.122,570.92
1789323300000,4.122,4.128,4.117,4.117,1095.33
1789324200000,4.117,4.12,4.109,4.11,6109.07
1789325100000,4.11,4.118,4.108,4.108,73.57
1789326000000,4.108,4.113,4.088,4.088,625.96
1789326900000,4.088,4.088,4.087,4.087,241.79
1789327800000,4.087,4.088,4.074,4.081,916.99
1789328700000,4.081,4.084,4.075,4.084,412.14
1789329600000,4.084,4.091,4.084,4.091,98.43
1789330500000,4.091,4.093,4.091,4.091,441.62
1789331400000,4.091,4.1,4.091,4.1,41.35
1789332300000,4.1,4.105,4.096,4.096,495.48
1789333200000,4.096,4.098,4.09,4.091,79.99
1789334100000,4.091,4.099,4.091,4.099,14.25
1789335000000,4.099,4.099,4.083,4.085,49.67
1789335900000,4.085,4.087,4.077,4.077,7007.62
1789336800000,4.077,4.077,4.003,4.01,12026.84
1789337700000,4.01,4.011,3.968,3.99,12129.22
1789338600000,3.99,4.009,3.978,3.978,5193.38
1789339500000,3.978,3.995,3.978,3.99,2506.88
1789340400000,3.99,4.005,3.99,3.998,2623.55
1789341300000,3.998,4.027,3.995,4.019,4250.28
1789342200000,4.019,4.029,4.01,4.026,10267.19
1789343100000,4.026,4.035,4.013,4.022,1098.43
1789344000000,4.022,4.056,4.017,4.045,1385.49
1789344900000,4.045,4.054,4.012,4.012,9969.82
1789345800000,4.012,4.054,4.012,4.051,4887.13
1789346700000,4.051,4.059,4.051,4.051,563.38
1789347600000,4.051,4.059,4.035,4.04,3833.99
1789348500000,4.04,4.04,4.028,4.033,1280.8
1789349400000,4.033,4.044,4.01,4.026,427.7
1789350300000,4.026,4.065,4.025,4.065,1415
1789351200000,4.065,4.09,4.056,4.082,4029.9
1789352100000,4.082,4.12,4.082,4.104,1667.97
1789353000000,4.104,4.112,4.085,4.085,990.04
1789353900000,4.085,4.111,4.085,4.1,3041.8
1789354800000,4.1,4.145,4.1,4.142,716.46
1789355700000,4.142,4.181,4.142,4.164,8381.46
1789356600000,4.164,4.164,4.147,4.155,2239.13
1789357500000,4.155,4.155,4.148,4.148,1632.12
1789358400000,4.148,4.159,4.135,4.136,304.96
1789359300000,4.136,4.145,4.13,4.145,4137.8
1789360200000,4.145,4.161,4.139,4.144,2553.96
1789361100000,4.144,4.156,4.127,4.134,13360.38
1789362000000,4.134,4.164,4.134,4.158,4833.51
1789362900000,4.158,4.183,4.152,4.176,18829.29
1789363800000,4.176,4.18,4.157,4.176,1885.06
1789364700000,4.176,4.191,4.17,4.177,3470.31
1789365600000,4.177,4.219,4.173,4.202,8874.78
1789366500000,4.202,4.216,4.195,4.195,908.24
1789367400000,4.195,4.204,4.185,4.198,6622.92
1789368300000,4.198,4.199,4.182,4.186,4836.22
1789369200000,4.186,4.186,4.17,4.179,1573.95
1789370100000,4.179,4.191,4.174,4.174,2546.56
1789371000000,4.174,4.174,4.16,4.16,414.52
1789371900000,4.16,4.171,4.155,4.171,4134.47
1789372800000,4.171,4.172,4.151,4.157,5646.76
1789373700000,4.157,4.176,4.151,4.151,1410.67
1789374600000,4.151,4.161,4.134,4.16,6109.92
1789375500000,4.16,4.16,4.143,4.152,606.04
1789376400000,4.152,4.154,4.146,4.148,2877.58
1789377300000,4.148,4.148,4.128,4.138,3965.68
1789378200000,4.138,4.156,4.132,4.142,2202.89
1789379100000,4.142,4.192,4.142,4.163,1172.09
1789380000000,4.163,4.172,4.153,4.153,6374.56
1789380900000,4.153,4.153,4.142,4.147,1510.51
1789381800000,4.147,4.174,4.146,4.167,1287.46
1789382700000,4.167,4.168,4.15,4.15,3690.53
1789383600000,4.15,4.15,4.128,4.136,1594.65
1789384500000,4.136,4.16,4.132,4.148,4925.19
1789385400000,4.148,4.154,4.139,4.141,2718.01
1789386300000,4.141,4.141,4.131,4.138,1351.16
1789387200000,4.138,4.146,4.138,4.146,77.41
1789388100000,4.146,4.157,4.14,4.146,3779.36
1789389000000,4.146,4.161,4.127,4.138,1680.39
1789389900000,4.138,4.138,4.114,4.12,3365.65
1789390800000,4.12,4.12,4.087,4.103,7404.19
1789391700000,4.103,4.12,4.095,4.099,1084.84
1789392600000,4.099,4.132,4.095,4.118,1384
1789393500000,4.118,4.145,4.113,4.113,87.14
1789394400000,4.113,4.16,4.113,4.145,7609.05
1789395300000,4.145,4.149,4.12,4.14,331.29
1789396200000,4.14,4.155,4.119,4.14,719.9
1789397100000,4.14,4.172,4.14,4.163,3280.51
1789398000000,4.163,4.163,4.135,4.135,732.72
1789398900000,4.135,4.147,4.12,4.12,3045.98
1789399800000,4.12,4.145,4.118,4.141,6555.1
1789400700000,4.141,4.142,4.124,4.132,5887.8
1789401600000,4.132,4.132,4.119,4.126,278.86
1789402500000,4.126,4.165,4.126,4.139,780.96
1789403400000,4.139,4.144,4.135,4.14,1977.62
1789404300000,4.14,4.172,4.137,4.15,416.84
1789405200000,4.15,4.16,4.145,4.158,1740.11
1789406100000,4.158,4.168,4.153,4.166,4492.54
1789407000000,4.166,4.177,4.15,4.177,3931.18
1789407900000,4.177,4.187,4.172,4.176,6629.02
1789408800000,4.176,4.187,4.169,4.184,4284.84
1789409700000,4.184,4.19,4.17,4.185,1473.79
1789410600000,4.185,4.203,4.185,4.2,3698.21
1789411500000,4.2,4.208,4.193,4.197,2809.07
1789412400000,4.197,4.197,4.177,4.188,7576.05
1789413300000,4.188,4.198,4.188,4.198,742.97
1789414200000,4.198,4.198,4.179,4.194,3302.97
1789415100000,4.194,4.195,4.183,4.183,185.48
1789416000000,4.183,4.215,4.18,4.2,1064.76
1789416900000,4.2,4.24,4.2,4.224,1911.68
1789417800000,4.224,4.23,4.215,4.218,415.68
1789418700000,4.218,4.221,4.19,4.19,760.02
1789419600000,4.19,4.19,4.148,4.148,2577.56
1789420500000,4.148,4.166,4.148,4.16,1742.79
1789421400000,4.16,4.164,4.153,4.153,179.44
1789422300000,4.153,4.162,4.143,4.154,280.17
1789423200000,4.154,4.165,4.144,4.165,143.12
1789424100000,4.165,4.165,4.142,4.147,649.34
1789425000000,4.147,4.15,4.143,4.144,473.07
1789425900000,4.144,4.15,4.137,4.149,963.99
1789426800000,4.149,4.153,4.131,4.134,5019.35
1789427700000,4.134,4.147,4.134,4.142,1639.5
1789428600000,4.142,4.144,4.134,4.134,685.73
1789429500000,4.134,4.134,4.122,4.13,4475.76
1789430400000,4.13,4.147,4.129,4.145,826.89
1789431300000,4.145,4.146,4.136,4.136,643.21
1789432200000,4.136,4.16,4.136,4.145,1186.8
1789433100000,4.145,4.167,4.145,4.167,352.38
1789434000000,4.167,4.175,4.158,4.164,459.21
1789434900000,4.164,4.19,4.164,4.17,1714.06
1789435800000,4.17,4.19,4.17,4.175,3626.65
1789436700000,4.175,4.175,4.166,4.167,427.48
1789437600000,4.167,4.167,4.14,4.142,627.32
1789438500000,4.142,4.152,4.142,4.143,399.15
1789439400000,4.143,4.153,4.142,4.142,377.57
1789440300000,4.142,4.155,4.142,4.153,542.42
1789441200000,4.153,4.153,4.118,4.118,3485.21
1789442100000,4.118,4.125,4.107,4.117,285.51
1789443000000,4.117,4.137,4.117,4.133,312.24
1789443900000,4.133,4.133,4.117,4.119,2993.92
1789444800000,4.119,4.124,4.116,4.12,1376.27
1789445700000,4.12,4.122,4.11,4.11,947.5
1789446600000,4.11,4.115,4.099,4.115,5075.47
1789447500000,4.115,4.12,4.107,4.107,3805.1
1789448400000,4.107,4.116,4.081,4.085,2392.66
1789449300000,4.085,4.102,4.085,4.102,1536.27
1789450200000,4.102,4.11,4.102,4.11,223.96
1789451100000,4.11,4.128,4.11,4.12,270.84
1789452000000,4.12,4.12,4.108,4.108,57.24
1789452900000,4.108,4.108,4.095,4.096,22.33
1789453800000,4.096,4.102,4.092,4.1,1762.13
1789454700000,4.1,4.102,4.085,4.085,2984.33
1789455600000,4.085,4.089,4.077,4.084,2527.17
1789456500000,4.084,4.095,4.082,4.091,3798.74
1789457400000,4.091,4.091,4.06,4.06,3405.42
1789458300000,4.06,4.06,4.051,4.059,1206.76
1789459200000,4.059,4.065,4.046,4.063,6775.26
1789460100000,4.063,4.073,4.059,4.072,597.03
1789461000000,4.072,4.083,4.069,4.079,633.13
1789461900000,4.079,4.096,4.077,4.093,1292.99
1789462800000,4.093,4.093,4.081,4.086,1138.6
1789463700000,4.086,4.092,4.08,4.092,3403.77
1789464600000,4.092,4.103,4.092,4.103,4044.72
1789465500000,4.103,4.107,4.1,4.104,640.66
1789466400000,4.104,4.104,4.088,4.093,1029.65
1789467300000,4.093,4.093,4.08,4.08,77.78
1789468200000,4.08,4.083,4.076,4.083,773.27
1789469100000,4.083,4.09,4.083,4.086,642.7
1789470000000,4.086,4.086,4.084,4.084,38.56
1789470900000,4.084,4.084,4.06,4.06,59.04
1789471800000,4.06,4.062,4.05,4.057,6186.54
1789472700000,4.057,4.057,4.055,4.055,25.01
1789473600000,4.055,4.064,4.052,4.064,4588.23
1789474500000,4.064,4.067,4.059,4.06,1627.68
1789475400000,4.06,4.061,4.053,4.06,73.57
1789476300000,4.06,4.08,4.06,4.068,2243.98
1789477200000,4.068,4.111,4.068,4.094,4940.44
1789478100000,4.094,4.102,4.089,4.097,2726.32
1789479000000,4.097,4.097,4.023,4.058,6634.62
1789479900000,4.058,4.071,4.032,4.07,2271.44
1789480800000,4.07,4.08,4.055,4.07,949.14
1789481700000,4.07,4.078,4.06,4.077,1494.69
1789482600000,4.077,4.077,3.999,4.012,19870.89
1789483500000,4.012,4.016,3.974,4.015,5410.39
1789484400000,4.015,4.045,4.009,4.03,832.6
1789485300000,4.03,4.07,4.027,4.062,8088.88
1789486200000,4.062,4.064,4.05,4.052,3924.97
1789487100000,4.052,4.052,4.03,4.031,5594.18
1789488000000,4.031,4.043,4.008,4.008,2180.26
1789488900000,4.008,4.045,4.008,4.039,874.08
1789489800000,4.039,4.041,4.033,4.033,331.65
1789490700000,4.033,4.066,4.033,4.051,3267.57
1789491600000,4.051,4.055,4.03,4.032,764.7
1789492500000,4.032,4.039,4.019,4.039,11708.66
1789493400000,4.039,4.092,4.039,4.072,1600.12
1789494300000,4.072,4.095,4.07,4.07,624.53
1789495200000,4.07,4.07,4.057,4.06,4307.09
1789496100000,4.06,4.077,4.025,4.053,7331.78
1789497000000,4.053,4.053,3.942,3.964,15085.15
1789497900000,3.964,3.985,3.858,3.981,30300.65
1789498800000,3.981,3.998,3.957,3.967,6492.88
1789499700000,3.967,4,3.96,3.96,5164.43
1789500600000,3.96,3.973,3.955,3.957,3083.44
1789501500000,3.957,3.985,3.957,3.985,51.49
1789502400000,3.985,3.99,3.954,3.965,1329.77
1789503300000,3.965,3.967,3.944,3.944,2698.34
1789504200000,3.944,3.962,3.933,3.95,7868.62
1789505100000,3.95,3.98,3.95,3.973,54.17
1789506000000,3.973,3.973,3.946,3.959,618.19
1789506900000,3.959,3.959,3.918,3.918,4998.84
1789507800000,3.918,3.93,3.914,3.923,2886.98
1789508700000,3.923,3.923,3.888,3.888,307.49
1789509600000,3.888,3.904,3.873,3.877,2916.66
1789510500000,3.877,3.892,3.866,3.887,3594.68
1789511400000,3.887,3.899,3.881,3.893,11040.71
1789512300000,3.893,3.914,3.891,3.914,1626.94
1789513200000,3.914,3.923,3.908,3.922,670.39
1789514100000,3.922,3.936,3.922,3.931,1669.91
1789515000000,3.931,3.931,3.914,3.925,2700.56
1789515900000,3.925,3.929,3.907,3.908,2865.82
1789516800000,3.908,3.927,3.908,3.913,385.41
1789517700000,3.913,3.928,3.913,3.923,1644.67
1789518600000,3.923,3.923,3.916,3.918,158.71
1789519500000,3.918,3.926,3.915,3.919,2151.16
1789520400000,3.919,3.92,3.897,3.897,1154.52
1789521300000,3.897,3.908,3.895,3.895,3490.52
1789522200000,3.895,3.895,3.869,3.879,2416.59
1789523100000,3.879,3.88,3.838,3.838,5062.42
1789524000000,3.838,3.854,3.838,3.845,3675.35
1789524900000,3.845,3.875,3.845,3.875,7676.77
1789525800000,3.875,3.897,3.875,3.889,1018.17
1789526700000,3.889,3.889,3.872,3.876,7962.74
1789527600000,3.876,3.878,3.863,3.87,1775.57
1789528500000,3.87,3.902,3.87,3.895,1350.71
1789529400000,3.895,3.895,3.883,3.883,990.4
1789530300000,3.883,3.883,3.882,3.882,34.01
1789531200000,3.882,3.915,3.882,3.91,51.23
1789532100000,3.91,3.936,3.908,3.927,1880.01
1789533000000,3.927,3.939,3.92,3.93,5572.62
1789533900000,3.93,3.93,3.918,3.926,993.46
1789534800000,3.926,3.932,3.912,3.925,426.53
1789535700000,3.925,3.936,3.925,3.935,165.8
1789536600000,3.935,3.942,3.927,3.937,1689.69
1789537500000,3.937,3.946,3.933,3.942,4253.09
1789538400000,3.942,3.95,3.927,3.929,1397.13
1789539300000,3.929,3.94,3.929,3.933,1142.53
1789540200000,3.933,3.933,3.912,3.92,233.85
1789541100000,3.92,3.927,3.917,3.921,510.53
1789542000000,3.921,3.943,3.911,3.912,2756.51
1789542900000,3.912,3.917,3.893,3.902,7413.24
1789543800000,3.902,3.902,3.888,3.888,892.05
1789544700000,3.888,3.89,3.878,3.88,721.56
1789545600000,3.88,3.88,3.835,3.848,8235.34
1789546500000,3.848,3.857,3.839,3.84,1947.44
1789547400000,3.84,3.846,3.822,3.824,3069.96
1789548300000,3.824,3.85,3.824,3.846,9923.91
1789549200000,3.846,3.86,3.843,3.845,2711.7
1789550100000,3.845,3.864,3.84,3.86,6070.78
1789551000000,3.86,3.86,3.849,3.852,96.79
1789551900000,3.852,3.901,3.852,3.889,22559.6
1789552800000,3.889,3.898,3.87,3.87,7017.42
1789553700000,3.87,3.884,3.87,3.876,3666.7
1789554600000,3.876,3.889,3.876,3.889,65.65
1789555500000,3.889,3.893,3.885,3.892,1297.1
1789556400000,3.892,3.904,3.888,3.888,1034.27
1789557300000,3.888,3.915,3.88,3.913,7266.71
1789558200000,3.913,3.937,3.905,3.937,1960.2
1789559100000,3.937,3.937,3.929,3.929,196.4
1789560000000,3.929,3.937,3.914,3.914,1541.78
1789560900000,3.914,3.916,3.897,3.897,2148
1789561800000,3.897,3.917,3.895,3.899,1613.3
1789562700000,3.899,3.922,3.889,3.922,2860.74
1789563600000,3.922,3.922,3.875,3.888,3801.97
1789564500000,3.888,3.921,3.888,3.906,3068.88
1789565400000,3.906,3.915,3.896,3.907,2889.21
1789566300000,3.907,3.933,3.907,3.917,3903.38
1789567200000,3.917,3.917,3.861,3.869,6545.47
1789568100000,3.869,3.889,3.869,3.889,5685.83
1789569000000,3.889,3.889,3.868,3.874,3542.79
1789569900000,3.874,3.876,3.857,3.863,2359.02
1789570800000,3.863,3.896,3.863,3.896,293.1
1789571700000,3.896,3.896,3.858,3.858,615.12
1789572600000,3.858,3.87,3.85,3.861,1772.25
1789573500000,3.861,3.889,3.846,3.859,3771
1789574400000,3.859,3.859,3.834,3.856,2384.88
1789575300000,3.856,3.86,3.846,3.851,2661.6
1789576200000,3.851,3.851,3.839,3.841,847.06
1789577100000,3.841,3.87,3.84,3.862,514.84
1789578000000,3.862,3.866,3.853,3.866,3565.41
1789578900000,3.866,3.866,3.845,3.852,801.99
1789579800000,3.852,3.852,3.809,3.81,6052.45
1789580700000,3.81,3.871,3.806,3.849,6871.09
1789581600000,3.849,3.96,3.827,3.888,20153.66
1789582500000,3.888,3.919,3.879,3.917,3409.65
1789583400000,3.917,3.943,3.829,3.936,7555.87
1789584300000,3.936,3.936,3.878,3.892,1369.04
1789585200000,3.892,3.95,3.886,3.9,3072.37
1789586100000,3.9,3.918,3.852,3.866,4273.32
1789587000000,3.866,3.914,3.866,3.9,897.12
1789587900000,3.9,3.941,3.9,3.928,4159.72
1789588800000,3.928,3.965,3.928,3.944,6071.28
1789589700000,3.944,3.984,3.935,3.958,5132.41
1789590600000,3.958,3.989,3.958,3.975,7046.68
1789591500000,3.975,4.015,3.975,4.011,15324.3
1789592400000,4.011,4.018,3.98,3.98,1386.29
1789593300000,3.98,3.99,3.968,3.986,554.06
1789594200000,3.986,4.01,3.979,3.99,1951.25
1789595100000,3.99,4.014,3.98,4.013,10346.74
1789596000000,4.013,4.013,3.966,3.994,1135.78
1789596900000,3.994,4,3.985,3.993,4335.36
1789597800000,3.993,4.021,3.986,4.021,172.15
1789598700000,4.021,4.039,4.01,4.028,5481.23
1789599600000,4.028,4.028,4.006,4.027,365.62
1789600500000,4.027,4.118,4.027,4.118,5219.89
1789601400000,4.118,4.124,4.094,4.107,17365.94
1789602300000,4.107,4.115,4.1,4.115,10918.45
1789603200000,4.115,4.157,4.099,4.13,12767.44
1789604100000,4.13,4.161,4.129,4.148,1969.1
1789605000000,4.148,4.158,4.124,4.135,3486.82
1789605900000,4.135,4.135,4.104,4.112,3316.64
1789606800000,4.112,4.112,4.077,4.09,4059.92
1789607700000,4.09,4.106,4.079,4.101,4361.19
1789608600000,4.101,4.115,4.087,4.092,3342.25
1789609500000,4.092,4.096,4.073,4.083,2516.11
1789610400000,4.083,4.083,4.047,4.054,642.65
1789611300000,4.054,4.057,4.04,4.053,870.93
1789612200000,4.053,4.091,4.048,4.091,3839.57
1789613100000,4.091,4.091,4.083,4.087,3021.97
1789614000000,4.087,4.113,4.082,4.107,611.77
1789614900000,4.107,4.15,4.099,4.15,3946.83
1789615800000,4.15,4.15,4.125,4.142,2749.07
1789616700000,4.142,4.179,4.134,4.167,7811.05
1789617600000,4.167,4.187,4.148,4.148,6888.18
1789618500000,4.148,4.155,4.135,4.141,4357.59
1789619400000,4.141,4.17,4.138,4.17,3594.2
1789620300000,4.17,4.182,4.15,4.15,4675.67
1789621200000,4.15,4.15,4.124,4.13,1739.49
1789622100000,4.13,4.138,4.123,4.126,4139.16
1789623000000,4.126,4.134,4.118,4.12,1932
1789623900000,4.12,4.122,4.098,4.1,11351.34
1789624800000,4.1,4.115,4.095,4.097,446.67
1789625700000,4.097,4.111,4.097,4.111,333.88
1789626600000,4.111,4.126,4.111,4.121,700.48
1789627500000,4.121,4.132,4.118,4.128,3024.08
1789628400000,4.128,4.159,4.121,4.149,3205.57
1789629300000,4.149,4.158,4.142,4.148,2899.77
1789630200000,4.148,4.151,4.14,4.14,3471.64
1789631100000,4.14,4.14,4.13,4.132,2267.01
1789632000000,4.132,4.136,4.126,4.133,2039.59
1789632900000,4.133,4.143,4.133,4.14,2460.71
1789633800000,4.14,4.16,4.132,4.151,2708.19
1789634700000,4.151,4.156,4.144,4.146,1298.04
1789635600000,4.146,4.158,4.146,4.154,517.5
1789636500000,4.154,4.154,4.14,4.14,2056.86
1789637400000,4.14,4.151,4.135,4.135,3377.29
1789638300000,4.135,4.14,4.12,4.125,1352.9
1789639200000,4.125,4.125,4.108,4.115,543.39
1789640100000,4.115,4.119,4.11,4.113,3156.35
1789641000000,4.113,4.122,4.113,4.12,420.77
1789641900000,4.12,4.121,4.113,4.113,380.86
1789642800000,4.113,4.12,4.113,4.116,45.76
1789643700000,4.116,4.12,4.105,4.11,189.36
1789644600000,4.11,4.11,4.087,4.089,1556.63
1789645500000,4.089,4.126,4.089,4.123,1243.91
1789646400000,4.123,4.141,4.105,4.141,1333.26
1789647300000,4.141,4.146,4.137,4.144,269.21
1789648200000,4.144,4.155,4.123,4.123,6626.97
1789649100000,4.123,4.123,4.11,4.116,4407.56
1789650000000,4.116,4.134,4.109,4.113,2460.69
1789650900000,4.113,4.125,4.113,4.116,740.74
1789651800000,4.116,4.119,4.088,4.102,3061.89
1789652700000,4.102,4.144,4.098,4.144,1081.02
1789653600000,4.144,4.167,4.118,4.161,2178.98
1789654500000,4.161,4.183,4.151,4.18,4462.52
1789655400000,4.18,4.18,4.135,4.135,3888.9
1789656300000,4.135,4.144,4.113,4.113,4236.6
1789657200000,4.113,4.12,4.105,4.113,567.57
1789658100000,4.113,4.14,4.107,4.137,706.08
1789659000000,4.137,4.155,4.136,4.15,1395.17
1789659900000,4.15,4.16,4.145,4.151,343.95
1789660800000,4.151,4.186,4.151,4.172,11887.9
1789661700000,4.172,4.185,4.168,4.184,1795
1789662600000,4.184,4.188,4.162,4.176,4501.62
1789663500000,4.176,4.188,4.173,4.177,11152.43
1789664400000,4.177,4.193,4.17,4.17,3256.67
1789665300000,4.17,4.179,4.165,4.169,7011.15
1789666200000,4.169,4.17,4.157,4.161,1828.17
1789667100000,4.161,4.161,4.15,4.155,210.25
1789668000000,4.155,4.158,4.152,4.158,719.5
1789668900000,4.158,4.166,4.157,4.159,421.12
1789669800000,4.159,4.17,4.139,4.155,2370.63
1789670700000,4.155,4.161,4.15,4.15,506.98
1789671600000,4.15,4.161,4.145,4.145,120.83
1789672500000,4.145,4.146,4.14,4.143,60.5
1789673400000,4.143,4.143,4.137,4.138,452.94
1789674300000,4.138,4.155,4.135,4.146,127.78
1789675200000,4.146,4.153,4.146,4.151,114.15
1789676100000,4.151,4.165,4.151,4.165,1031.91
1789677000000,4.165,4.165,4.148,4.148,290.62
1789677900000,4.148,4.152,4.148,4.152,336.42
1789678800000,4.152,4.157,4.147,4.152,1943.04
1789679700000,4.152,4.154,4.152,4.153,192.49
1789680600000,4.153,4.174,4.153,4.168,2347.6
1789681500000,4.168,4.168,4.155,4.158,44.61
1789682400000,4.158,4.161,4.15,4.159,1058.74
1789683300000,4.159,4.159,4.141,4.148,539.91
1789684200000,4.148,4.165,4.148,4.162,1403.48
1789685100000,4.162,4.181,4.162,4.173,6276.06
1789686000000,4.173,4.184,4.173,4.184,5067.72
1789686900000,4.184,4.198,4.184,4.197,331.71
1789687800000,4.197,4.199,4.173,4.185,4455.51
1789688700000,4.185,4.195,4.182,4.182,4845.16
1789689600000,4.182,4.191,4.17,4.17,2165.08
1789690500000,4.17,4.17,4.155,4.162,316.02
1789691400000,4.162,4.215,4.162,4.215,4219.9
1789692300000,4.215,4.226,4.209,4.222,3386.82
1789693200000,4.222,4.264,4.216,4.252,7260.21
1789694100000,4.252,4.274,4.252,4.263,2990.6
1789695000000,4.263,4.277,4.254,4.271,1959.72
1789695900000,4.271,4.32,4.271,4.32,9215.71
1789696800000,4.32,4.335,4.29,4.298,22311.38
1789697700000,4.298,4.31,4.285,4.287,2562.82
1789698600000,4.287,4.296,4.279,4.287,1589.86
1789699500000,4.287,4.29,4.283,4.286,549.33
1789700400000,4.286,4.341,4.286,4.334,5754.77
1789701300000,4.334,4.344,4.311,4.344,3200.98
1789702200000,4.344,4.344,4.324,4.328,7073.08
1789703100000,4.328,4.348,4.328,4.335,6742.18
1789704000000,4.335,4.34,4.3,4.3,4112.72
1789704900000,4.3,4.315,4.295,4.297,799.72
1789705800000,4.297,4.316,4.286,4.316,3650.28
1789706700000,4.316,4.32,4.295,4.295,2913.92
1789707600000,4.295,4.31,4.285,4.3,1109.49
1789708500000,4.3,4.3,4.274,4.286,5470.08
1789709400000,4.286,4.29,4.282,4.289,1966.49
1789710300000,4.289,4.289,4.264,4.264,1962.28
1789711200000,4.264,4.286,4.264,4.284,3210.72
1789712100000,4.284,4.288,4.275,4.281,4171.91
1789713000000,4.281,4.294,4.278,4.292,4963.65
1789713900000,4.292,4.292,4.288,4.288,479.74
1789714800000,4.288,4.303,4.283,4.291,1110.05
1789715700000,4.291,4.308,4.291,4.306,3571.88
1789716600000,4.306,4.31,4.296,4.31,1754.35
1789717500000,4.31,4.313,4.307,4.313,1498
1789718400000,4.313,4.326,4.292,4.299,3991.89
1789719300000,4.299,4.315,4.299,4.307,656.11
1789720200000,4.307,4.308,4.3,4.307,808.43
1789721100000,4.307,4.321,4.302,4.321,2112.52
1789722000000,4.321,4.321,4.311,4.313,1667.89
1789722900000,4.313,4.335,4.313,4.33,2412.6
1789723800000,4.33,4.34,4.325,4.34,49.52
1789724700000,4.34,4.355,4.339,4.352,1742.94
1789725600000,4.352,4.38,4.348,4.379,3578.99
1789726500000,4.379,4.382,4.361,4.378,6195.81
1789727400000,4.378,4.386,4.367,4.367,1027.25
1789728300000,4.367,4.367,4.333,4.334,4048.73
1789729200000,4.334,4.34,4.294,4.299,6067.41
1789730100000,4.299,4.299,4.287,4.295,3908.37
1789731000000,4.295,4.318,4.291,4.318,6877.49
1789731900000,4.318,4.327,4.317,4.318,3516.2
1789732800000,4.318,4.325,4.308,4.312,1425.42
1789733700000,4.312,4.338,4.312,4.331,8628.31
1789734600000,4.331,4.341,4.325,4.341,2706.92
1789735500000,4.341,4.349,4.336,4.339,2334.3
1789736400000,4.339,4.346,4.325,4.331,3353.61
1789737300000,4.331,4.42,4.331,4.385,14324.81
1789738200000,4.385,4.421,4.361,4.42,15046.05
1789739100000,4.42,4.428,4.365,4.386,6459.74
1789740000000,4.386,4.415,4.386,4.389,7499.44
1789740900000,4.389,4.46,4.389,4.459,10192.84
1789741800000,4.459,4.486,4.434,4.462,19427.76
1789742700000,4.462,4.514,4.462,4.51,7931.23
1789743600000,4.51,4.532,4.468,4.508,9219.07
1789744500000,4.508,4.515,4.48,4.48,2292.87
1789745400000,4.48,4.483,4.425,4.434,4208.63
1789746300000,4.434,4.453,4.428,4.45,3736.37
1789747200000,4.45,4.485,4.45,4.481,3225.59
1789748100000,4.481,4.485,4.458,4.459,6862.01
1789749000000,4.459,4.474,4.443,4.443,3508.02
1789749900000,4.443,4.443,4.417,4.422,14631.35
1789750800000,4.422,4.434,4.405,4.434,2770.69
1789751700000,4.434,4.458,4.43,4.458,1197.88
1789752600000,4.458,4.458,4.44,4.443,1023.19
1789753500000,4.443,4.443,4.411,4.431,1612.18
1789754400000,4.431,4.44,4.421,4.44,1135.7
1789755300000,4.44,4.445,4.44,4.445,11.74
1789756200000,4.445,4.449,4.425,4.43,1092.66
1789757100000,4.43,4.437,4.425,4.426,8436.43
1789758000000,4.426,4.45,4.426,4.45,391.65
1789758900000,4.45,4.46,4.438,4.439,1568.6
1789759800000,4.439,4.454,4.439,4.454,1407.85
1789760700000,4.454,4.454,4.43,4.447,4205.55
1789761600000,4.447,4.447,4.421,4.43,17946.42
1789762500000,4.43,4.44,4.43,4.44,3352.36
1789763400000,4.44,4.47,4.44,4.47,325.3
1789764300000,4.47,4.48,4.46,4.46,916.74
1789765200000,4.46,4.48,4.46,4.48,5832.37
1789766100000,4.48,4.48,4.468,4.475,3424.51
1789767000000,4.475,4.491,4.472,4.491,678.33
1789767900000,4.491,4.515,4.481,4.492,14433.53
1789768800000,4.492,4.492,4.48,4.483,1207.01
1789769700000,4.483,4.491,4.481,4.488,5501.66
1789770600000,4.488,4.488,4.461,4.472,2060.64
1789771500000,4.472,4.5,4.472,4.493,4577.64
1789772400000,4.493,4.502,4.481,4.492,4530.83
1789773300000,4.492,4.519,4.492,4.512,5506.8
1789774200000,4.512,4.564,4.507,4.55,10732.81
1789775100000,4.55,4.6,4.55,4.598,5811.37
1789776000000,4.598,4.659,4.569,4.638,13694.34
1789776900000,4.638,4.642,4.608,4.609,7775.58
1789777800000,4.609,4.62,4.575,4.59,7217.31
1789778700000,4.59,4.59,4.548,4.555,3416.15
1789779600000,4.555,4.575,4.527,4.528,28197.28
1789780500000,4.528,4.53,4.476,4.492,22760.24
1789781400000,4.492,4.531,4.475,4.531,6665.4
1789782300000,4.531,4.547,4.529,4.546,7462.39
1789783200000,4.546,4.555,4.529,4.543,12611.62
1789784100000,4.543,4.58,4.542,4.58,4536.05
1789785000000,4.58,4.635,4.57,4.631,6734.02
1789785900000,4.631,4.722,4.585,4.67,20238.97
1789786800000,4.67,4.672,4.62,4.622,7261.77
1789787700000,4.622,4.635,4.601,4.628,8345.83
1789788600000,4.628,4.638,4.61,4.62,10097.05
1789789500000,4.62,4.665,4.599,4.648,10877.52
1789790400000,4.648,4.66,4.64,4.654,4718.32
1789791300000,4.654,4.69,4.616,4.619,11967.09
1789792200000,4.619,4.619,4.54,4.573,12501.39
1789793100000,4.573,4.593,4.558,4.584,16477.1
1789794000000,4.584,4.591,4.565,4.589,9132.6
1789794900000,4.589,4.589,4.565,4.565,2169.01
1789795800000,4.565,4.572,4.54,4.54,7019.2
1789796700000,4.54,4.567,4.537,4.556,4757.95
1789797600000,4.556,4.557,4.517,4.538,8839.13
1789798500000,4.538,4.548,4.521,4.534,3185.47
1789799400000,4.534,4.576,4.531,4.576,1039.89
1789800300000,4.576,4.576,4.543,4.554,450.95
1789801200000,4.554,4.554,4.54,4.547,219.61
1789802100000,4.547,4.547,4.52,4.531,79.76
1789803000000,4.531,4.531,4.496,4.502,6980.87
1789803900000,4.502,4.516,4.498,4.51,1991.8
1789804800000,4.51,4.555,4.503,4.555,783.81
1789805700000,4.555,4.568,4.54,4.55,6821.65
1789806600000,4.55,4.6,4.55,4.586,3190.14
1789807500000,4.586,4.61,4.565,4.577,3170.14
1789808400000,4.577,4.59,4.575,4.576,8621.22
1789809300000,4.576,4.582,4.565,4.577,1938.44
1789810200000,4.577,4.581,4.563,4.581,6338.97
1789811100000,4.581,4.595,4.58,4.588,3849.2
1789812000000,4.588,4.598,4.58,4.59,1343.35
1789812900000,4.59,4.592,4.585,4.585,33.51
1789813800000,4.585,4.608,4.585,4.604,2614.06
1789814700000,4.604,4.615,4.595,4.6,1953.27
1789815600000,4.6,4.612,4.579,4.583,6247.49
1789816500000,4.583,4.615,4.583,4.609,1825.73
1789817400000,4.609,4.633,4.602,4.626,2125.12
1789818300000,4.626,4.626,4.604,4.604,552.94
1789819200000,4.604,4.61,4.593,4.61,1594.02
1789820100000,4.61,4.615,4.59,4.599,2304.35
1789821000000,4.599,4.622,4.594,4.594,1013.59
1789821900000,4.594,4.604,4.59,4.593,1196.96
1789822800000,4.593,4.593,4.55,4.559,4277.7
1789823700000,4.559,4.572,4.559,4.561,1755.19
1789824600000,4.561,4.63,4.561,4.595,12257.4
1789825500000,4.595,4.603,4.586,4.591,3848.7
1789826400000,4.591,4.616,4.591,4.616,596.35
1789827300000,4.616,4.65,4.613,4.638,4888.82
1789828200000,4.638,4.68,4.625,4.648,15379.46
1789829100000,4.648,4.66,4.62,4.63,9298.74
1789830000000,4.63,4.64,4.615,4.62,1436.94
1789830900000,4.62,4.62,4.6,4.608,10856.44
1789831800000,4.608,4.613,4.595,4.608,1853.5
1789832700000,4.608,4.632,4.592,4.631,12803.81
1789833600000,4.631,4.653,4.603,4.646,17232.42
1789834500000,4.646,4.67,4.638,4.66,7250.34
1789835400000,4.66,4.67,4.644,4.65,565.03
1789836300000,4.65,4.665,4.645,4.663,904.98
1789837200000,4.663,4.835,4.661,4.831,34912.65
1789838100000,4.831,4.845,4.74,4.747,29257
1789839000000,4.747,4.753,4.675,4.7,4750.44
1789839900000,4.7,4.701,4.677,4.692,5848.93
1789840800000,4.692,4.695,4.65,4.65,17541.52
1789841700000,4.65,4.675,4.645,4.663,2787.98
1789842600000,4.663,4.682,4.646,4.67,1755.66
1789843500000,4.67,4.679,4.654,4.672,1208.4
1789844400000,4.672,4.696,4.653,4.664,6653.13
1789845300000,4.664,4.687,4.664,4.679,1949.64
1789846200000,4.679,4.696,4.665,4.696,2907.5
1789847100000,4.696,4.707,4.664,4.669,1309.05
1789848000000,4.669,4.678,4.642,4.647,1674.68
1789848900000,4.647,4.681,4.646,4.65,687.7
1789849800000,4.65,4.66,4.64,4.652,1889.28
1789850700000,4.652,4.652,4.63,4.632,1439.73
1789851600000,4.632,4.637,4.589,4.601,2773.6
1789852500000,4.601,4.61,4.558,4.61,6720.96
1789853400000,4.61,4.617,4.567,4.593,2118.1
1789854300000,4.593,4.6,4.593,4.6,14.74
1789855200000,4.6,4.6,4.546,4.569,1799.68
1789856100000,4.569,4.588,4.555,4.586,9230.27
1789857000000,4.586,4.619,4.582,4.611,9139.93
1789857900000,4.611,4.629,4.608,4.623,4307.93
1789858800000,4.623,4.624,4.608,4.613,5038.47
1789859700000,4.613,4.613,4.584,4.586,2920.79
1789860600000,4.586,4.605,4.586,4.6,1158.04
1789861500000,4.6,4.62,4.594,4.604,6773.53
1789862400000,4.604,4.605,4.585,4.605,3862.69
1789863300000,4.605,4.615,4.598,4.614,7301.55
1789864200000,4.614,4.629,4.61,4.62,7712.91
1789865100000,4.62,4.62,4.6,4.606,3552.77
1789866000000,4.606,4.606,4.575,4.576,7379.76
1789866900000,4.576,4.595,4.57,4.57,8643.67
1789867800000,4.57,4.585,4.558,4.585,3295.38
1789868700000,4.585,4.605,4.585,4.605,1804.32
1789869600000,4.605,4.63,4.584,4.624,3034.49
1789870500000,4.624,4.625,4.572,4.579,1207.52
1789871400000,4.579,4.579,4.509,4.521,24689.36
1789872300000,4.521,4.536,4.441,4.458,51504.25
1789873200000,4.458,4.5,4.432,4.45,14369.42
1789874100000,4.45,4.51,4.425,4.487,8246.7
1789875000000,4.487,4.504,4.474,4.474,871.46
1789875900000,4.474,4.508,4.474,4.504,3811.13
1789876800000,4.504,4.513,4.475,4.49,3392.15
1789877700000,4.49,4.505,4.473,4.493,630.94
1789878600000,4.493,4.516,4.489,4.505,6756.9
1789879500000,4.505,4.512,4.488,4.503,4086.49
1789880400000,4.503,4.533,4.495,4.533,2082.79
1789881300000,4.533,4.533,4.494,4.508,15016.17
1789882200000,4.508,4.535,4.505,4.505,5861.05
1789883100000,4.505,4.523,4.505,4.515,1389.47
1789884000000,4.515,4.517,4.505,4.505,609.87
1789884900000,4.505,4.515,4.486,4.502,4101.86
1789885800000,4.502,4.502,4.473,4.482,832.62
1789886700000,4.482,4.504,4.478,4.504,2037.45
1789887600000,4.504,4.505,4.496,4.496,251.12
1789888500000,4.496,4.499,4.479,4.49,8747.38
1789889400000,4.49,4.493,4.475,4.488,489.82
1789890300000,4.488,4.488,4.463,4.463,302.55
1789891200000,4.463,4.49,4.463,4.485,3167.17
1789892100000,4.485,4.489,4.47,4.471,230.81
1789893000000,4.471,4.48,4.455,4.463,932
1789893900000,4.463,4.464,4.458,4.463,1233.37
1789894800000,4.463,4.467,4.45,4.451,1599.67
1789895700000,4.451,4.467,4.451,4.467,543.03
1789896600000,4.467,4.49,4.467,4.48,4225.6
1789897500000,4.48,4.482,4.45,4.45,466.62
1789898400000,4.45,4.456,4.412,4.43,7172.51
1789899300000,4.43,4.44,4.414,4.44,617.69
1789900200000,4.44,4.448,4.415,4.422,1682.47
1789901100000,4.422,4.437,4.422,4.429,2399.57
1789902000000,4.429,4.458,4.429,4.435,8078.83
1789902900000,4.435,4.441,4.423,4.434,2046.34
1789903800000,4.434,4.443,4.425,4.431,4710.26
1789904700000,4.431,4.448,4.431,4.439,1585.93
1789905600000,4.439,4.47,4.439,4.455,5339.96
1789906500000,4.455,4.455,4.415,4.415,2756.42
1789907400000,4.415,4.424,4.394,4.409,12192.36
1789908300000,4.409,4.428,4.409,4.428,7456.66
1789909200000,4.428,4.43,4.413,4.414,4611.42
1789910100000,4.414,4.425,4.405,4.425,2279.1
1789911000000,4.425,4.425,4.389,4.409,2262.3
1789911900000,4.409,4.415,4.396,4.398,2963.36
1789912800000,4.398,4.443,4.397,4.415,1672.57
1789913700000,4.415,4.43,4.405,4.429,1917.45
1789914600000,4.429,4.45,4.429,4.443,7737.24
1789915500000,4.443,4.455,4.434,4.434,440.41
1789916400000,4.434,4.486,4.434,4.465,9096.26
1789917300000,4.465,4.487,4.46,4.464,6038.75
1789918200000,4.464,4.477,4.46,4.477,11843.06
1789919100000,4.477,4.495,4.477,4.495,244.48
1789920000000,4.495,4.52,4.491,4.52,4111.61
1789920900000,4.52,4.572,4.52,4.565,3659.15
1789921800000,4.565,4.62,4.565,4.609,11099.64
1789922700000,4.609,4.621,4.595,4.619,10316.13
1789923600000,4.619,4.62,4.585,4.595,6923.62
1789924500000,4.595,4.605,4.557,4.558,12488.28
1789925400000,4.558,4.592,4.558,4.577,3815.73
1789926300000,4.577,4.584,4.555,4.56,738.58
1789927200000,4.56,4.565,4.544,4.553,1138.37
1789928100000,4.553,4.578,4.553,4.576,465.73
1789929000000,4.576,4.583,4.555,4.563,6969.39
1789929900000,4.563,4.563,4.528,4.544,2398.35
1789930800000,4.544,4.564,4.544,4.564,3844.67
1789931700000,4.564,4.564,4.551,4.554,819.45
1789932600000,4.554,4.567,4.551,4.567,554.51
1789933500000,4.567,4.58,4.567,4.569,334.27
1789934400000,4.569,4.594,4.569,4.582,5984.15
1789935300000,4.582,4.593,4.569,4.588,7090.41
1789936200000,4.588,4.589,4.573,4.587,3384.33
1789937100000,4.587,4.592,4.566,4.566,3350.53
1789938000000,4.566,4.568,4.51,4.542,5122.22
1789938900000,4.542,4.56,4.542,4.56,1499.93
1789939800000,4.56,4.567,4.55,4.55,332.72
1789940700000,4.55,4.568,4.546,4.568,345.8
1789941600000,4.568,4.6,4.555,4.6,3453.92
1789942500000,4.6,4.601,4.572,4.588,3702.04
1789943400000,4.588,4.595,4.575,4.575,1627.48
1789944300000,4.575,4.58,4.57,4.574,169.56
1789945200000,4.574,4.58,4.559,4.573,6077.21
1789946100000,4.573,4.579,4.56,4.566,921.25
1789947000000,4.566,4.59,4.559,4.585,3132.9
1789947900000,4.585,4.585,4.567,4.571,852.62
1789948800000,4.571,4.62,4.571,4.62,4769.58
1789949700000,4.62,4.664,4.615,4.651,3798.57
1789950600000,4.651,4.655,4.61,4.619,5591.16
1789951500000,4.619,4.644,4.607,4.621,2063.74
1789952400000,4.621,4.642,4.612,4.635,1947.82
1789953300000,4.635,4.675,4.61,4.622,4319.03
1789954200000,4.622,4.641,4.605,4.608,288.77
1789955100000,4.608,4.608,4.52,4.538,7189.28
1789956000000,4.538,4.565,4.525,4.565,1260.04
1789956900000,4.565,4.581,4.563,4.578,733.12
1789957800000,4.578,4.579,4.554,4.576,2914.84
1789958700000,4.576,4.615,4.576,4.603,2857.6
1789959600000,4.603,4.656,4.603,4.63,5949.53
1789960500000,4.63,4.68,4.63,4.677,717.75
1789961400000,4.677,4.714,4.658,4.714,4424.64
1789962300000,4.714,4.725,4.677,4.682,7220.31
1789963200000,4.682,4.685,4.645,4.656,5255
1789964100000,4.656,4.67,4.638,4.663,4916.63
1789965000000,4.663,4.705,4.65,4.705,9619.42
1789965900000,4.705,4.715,4.678,4.678,1912.06
1789966800000,4.678,4.705,4.65,4.657,5133.64
1789967700000,4.657,4.686,4.656,4.68,1594.13
1789968600000,4.68,4.699,4.665,4.665,1936.21
1789969500000,4.665,4.686,4.659,4.669,1588.96
1789970400000,4.669,4.675,4.655,4.673,1723.33
1789971300000,4.673,4.745,4.673,4.72,2308.84
1789972200000,4.72,4.742,4.72,4.725,2749.93
1789973100000,4.725,4.773,4.725,4.762,7597.5
1789974000000,4.762,4.785,4.724,4.726,2452.32
1789974900000,4.726,4.742,4.717,4.724,2185.6
1789975800000,4.724,4.728,4.693,4.699,8650.95
1789976700000,4.699,4.729,4.697,4.723,4265.92
1789977600000,4.723,4.773,4.723,4.746,1406.75
1789978500000,4.746,4.785,4.739,4.776,4319.08
1789979400000,4.776,4.833,4.766,4.828,8465.72
1789980300000,4.828,4.848,4.807,4.837,6288.35
1789981200000,4.837,4.846,4.812,4.812,12511.24
1789982100000,4.812,4.875,4.805,4.875,4158.86
1789983000000,4.875,4.897,4.854,4.861,8156.8
1789983900000,4.861,4.866,4.795,4.81,11632.08
1789984800000,4.81,4.84,4.787,4.835,7962.8
1789985700000,4.835,4.853,4.831,4.838,6054.29
1789986600000,4.838,4.859,4.829,4.858,2069.19
1789987500000,4.858,4.895,4.858,4.886,1359.3
1789988400000,4.886,4.919,4.881,4.906,29242.59
1789989300000,4.906,4.914,4.882,4.882,8485.68
1789990200000,4.882,4.892,4.861,4.888,5879.95
1789991100000,4.888,4.89,4.836,4.847,9621.6
1789992000000,4.847,4.868,4.827,4.866,8904.15
1789992900000,4.866,4.882,4.858,4.861,2887.82
1789993800000,4.861,4.882,4.859,4.873,5143.02
1789994700000,4.873,4.882,4.851,4.876,3669.59
1789995600000,4.876,4.915,4.863,4.877,35013.73
1789996500000,4.877,4.878,4.816,4.831,8563.58
1789997400000,4.831,4.852,4.799,4.817,16747.71
1789998300000,4.817,4.869,4.814,4.849,4033.08
1789999200000,4.849,4.859,4.787,4.844,8264.7
1790000100000,4.844,4.922,4.84,4.902,5977.34
1790001000000,4.902,4.902,4.839,4.858,2098.46
1790001900000,4.858,4.95,4.848,4.932,5482.76
1790002800000,4.932,4.975,4.915,4.948,11768.3
1790003700000,4.948,4.96,4.89,4.901,9407.89
1790004600000,4.901,4.937,4.897,4.929,6338.03
1790005500000,4.929,4.96,4.911,4.915,7129.24
1790006400000,4.915,5.068,4.898,5.048,23085.05
1790007300000,5.048,5.157,5.009,5.009,31244.05
1790008200000,5.009,5.042,4.951,4.995,16314.98
1790009100000,4.995,5.016,4.945,4.958,24997.62
1790010000000,4.958,5.031,4.939,4.951,8986.21
1790010900000,4.951,4.986,4.935,4.947,9769.44
1790011800000,4.947,4.949,4.916,4.916,1734.13
1790012700000,4.916,4.916,4.848,4.872,7778.6
1790013600000,4.872,4.912,4.855,4.912,4047.49
1790014500000,4.912,4.93,4.902,4.909,1930.76
1790015400000,4.909,4.938,4.906,4.929,3198.83
1790016300000,4.929,4.936,4.911,4.919,2999.24
1790017200000,4.919,4.919,4.88,4.898,5734.81
1790018100000,4.898,4.908,4.865,4.892,2124.2
1790019000000,4.892,4.92,4.878,4.882,5289.8
1790019900000,4.882,4.912,4.882,4.908,14664.25
1790020800000,4.908,4.911,4.874,4.878,6554.9
1790021700000,4.878,4.915,4.871,4.907,3950.45
1790022600000,4.907,4.907,4.839,4.844,6076.17
1790023500000,4.844,4.856,4.832,4.853,2857.43
1790024400000,4.853,4.853,4.822,4.839,3412.2
1790025300000,4.839,4.85,4.822,4.847,4304.23
1790026200000,4.847,4.878,4.845,4.859,2008.62
1790027100000,4.859,4.862,4.826,4.834,4716.71
1790028000000,4.834,4.874,4.834,4.874,11031.89
1790028900000,4.874,4.882,4.845,4.851,4821.24
1790029800000,4.851,4.876,4.846,4.876,3058.82
1790030700000,4.876,4.907,4.864,4.9,9558.39
1790031600000,4.9,4.917,4.9,4.905,2218.79
1790032500000,4.905,4.906,4.87,4.87,2821.32
1790033400000,4.87,4.876,4.86,4.865,2059.28
1790034300000,4.865,4.89,4.853,4.888,3482.57
1790035200000,4.888,4.888,4.866,4.878,1263.37
1790036100000,4.878,4.91,4.876,4.91,286.83
1790037000000,4.91,4.987,4.91,4.981,16995.79
1790037900000,4.981,5.011,4.908,4.924,33605.39
1790038800000,4.924,4.928,4.841,4.905,43026.49
1790039700000,4.905,4.916,4.855,4.911,4345.22
1790040600000,4.911,4.933,4.882,4.897,8810.61
1790041500000,4.897,4.903,4.88,4.899,3013.73
1790042400000,4.899,4.915,4.873,4.905,6469.03
1790043300000,4.905,4.923,4.869,4.909,2421.36
1790044200000,4.909,4.934,4.89,4.891,5743.73
1790045100000,4.891,4.896,4.84,4.857,4248.86
1790046000000,4.857,4.865,4.82,4.837,13387.77
1790046900000,4.837,4.905,4.835,4.903,2404.21
1790047800000,4.903,4.903,4.874,4.886,2264.74
1790048700000,4.886,4.925,4.885,4.915,1023.38
1790049600000,4.915,4.995,4.913,4.96,11187.16
1790050500000,4.96,4.971,4.935,4.95,2466.86
1790051400000,4.95,4.95,4.91,4.933,3343.88
1790052300000,4.933,4.933,4.866,4.875,2174.24
1790053200000,4.875,4.9,4.86,4.868,1058.44
1790054100000,4.868,4.868,4.815,4.85,5091.57
1790055000000,4.85,4.908,4.8,4.908,6213.26
1790055900000,4.908,4.931,4.905,4.917,1995.87
1790056800000,4.917,4.945,4.895,4.91,3364.89
1790057700000,4.91,4.915,4.88,4.88,466.38
1790058600000,4.88,4.92,4.88,4.904,8901.62
1790059500000,4.904,4.911,4.89,4.89,496.63
1790060400000,4.89,4.904,4.869,4.895,1162.16
1790061300000,4.895,4.895,4.86,4.86,8200.02
1790062200000,4.86,4.885,4.857,4.885,1077.67
1790063100000,4.885,4.891,4.875,4.889,3550.3
1790064000000,4.889,4.893,4.868,4.881,711.46
1790064900000,4.881,4.882,4.83,4.841,2405.54
1790065800000,4.841,4.899,4.82,4.895,10452.74
1790066700000,4.895,4.895,4.882,4.889,8514.93
1790067600000,4.889,4.889,4.805,4.823,5471.83
1790068500000,4.823,4.851,4.823,4.851,5880
1790069400000,4.851,4.851,4.822,4.831,2104.19
1790070300000,4.831,4.844,4.825,4.832,1662.38
1790071200000,4.832,4.839,4.807,4.811,1249.64
1790072100000,4.811,4.811,4.76,4.777,8751.36
1790073000000,4.777,4.797,4.76,4.786,4308.65
1790073900000,4.786,4.807,4.78,4.799,2910.44
1790074800000,4.799,4.801,4.76,4.801,3770.4
1790075700000,4.801,4.829,4.798,4.819,3133.9
1790076600000,4.819,4.831,4.81,4.83,675.84
1790077500000,4.83,4.83,4.807,4.82,12703.15
1790078400000,4.82,4.821,4.8,4.8,3585.92
1790079300000,4.8,4.839,4.784,4.839,5302.78
1790080200000,4.839,4.851,4.824,4.845,2697.23
1790081100000,4.845,4.878,4.845,4.878,4135.02
1790082000000,4.878,4.896,4.869,4.894,1982.29
1790082900000,4.894,4.894,4.829,4.837,1097.66
1790083800000,4.837,4.875,4.826,4.849,16165.86
1790084700000,4.849,4.887,4.847,4.887,10710.05
1790085600000,4.887,4.887,4.85,4.877,5296.38
1790086500000,4.877,4.877,4.826,4.83,874.2
1790087400000,4.83,4.83,4.737,4.77,17979.06
1790088300000,4.77,4.804,4.77,4.8,4798.5
1790089200000,4.8,4.832,4.798,4.825,1452.16
1790090100000,4.825,4.865,4.809,4.865,3540.62
1790091000000,4.865,4.865,4.835,4.864,2318.15
1790091900000,4.864,4.875,4.843,4.843,424.71
1790092800000,4.843,4.845,4.81,4.81,10063.62
1790093700000,4.81,4.834,4.804,4.832,7716.91
1790094600000,4.832,4.853,4.83,4.853,1165.46
1790095500000,4.853,4.923,4.835,4.89,41885.06
1790096400000,4.89,4.916,4.87,4.908,14389.57
1790097300000,4.908,4.952,4.908,4.935,5177.74
1790098200000,4.935,4.936,4.895,4.899,6979.74
1790099100000,4.899,4.916,4.885,4.894,5057.1
1790100000000,4.894,4.908,4.883,4.902,9507.41
1790100900000,4.902,4.917,4.893,4.904,5492.87
1790101800000,4.904,4.905,4.876,4.896,6318.29
1790102700000,4.896,4.896,4.868,4.88,3047.39
1790103600000,4.88,4.906,4.876,4.894,3776.45
1790104500000,4.894,4.915,4.892,4.912,1977.12
1790105400000,4.912,4.913,4.876,4.879,11030.08
1790106300000,4.879,4.895,4.874,4.893,3203.55
1790107200000,4.893,4.915,4.863,4.866,6953.73
1790108100000,4.866,4.905,4.865,4.905,2064.3
1790109000000,4.905,4.91,4.893,4.893,986.72
1790109900000,4.893,4.907,4.885,4.893,3749.74
1790110800000,4.893,4.905,4.881,4.887,2841.07
1790111700000,4.887,4.903,4.884,4.893,1741.69
1790112600000,4.893,4.911,4.888,4.902,387.87
1790113500000,4.902,4.904,4.893,4.893,500.93
1790114400000,4.893,4.904,4.86,4.869,2249.53
1790115300000,4.869,4.907,4.869,4.907,2813.52
1790116200000,4.907,4.942,4.902,4.933,2032.03
1790117100000,4.933,4.949,4.925,4.925,369.18
1790118000000,4.925,4.965,4.921,4.95,4238.59
1790118900000,4.95,4.982,4.945,4.951,2134.76
1790119800000,4.951,4.962,4.927,4.941,5944.7
1790120700000,4.941,4.959,4.934,4.953,7263.63
1790121600000,4.953,4.97,4.94,4.969,4532.69
1790122500000,4.969,4.984,4.947,4.95,442.27
1790123400000,4.95,4.959,4.926,4.926,2152.63
1790124300000,4.926,4.931,4.914,4.914,450.27
1790125200000,4.914,4.951,4.914,4.945,1516.15
1790126100000,4.945,4.948,4.924,4.926,914.6
1790127000000,4.926,4.927,4.89,4.91,8494.53
1790127900000,4.91,4.91,4.848,4.868,9701.51
1790128800000,4.868,4.868,4.84,4.861,11322.9
1790129700000,4.861,4.895,4.861,4.889,2816.55
1790130600000,4.889,4.908,4.889,4.899,6826.95
1790131500000,4.899,4.915,4.899,4.915,861.49
1790132400000,4.915,4.924,4.893,4.924,1305.9
1790133300000,4.924,4.975,4.922,4.952,3440.12
1790134200000,4.952,4.974,4.941,4.971,7379.76
1790135100000,4.971,4.978,4.952,4.953,928.82
1790136000000,4.953,4.953,4.919,4.928,3309.87
1790136900000,4.928,4.972,4.912,4.972,15823.37
1790137800000,4.972,4.972,4.94,4.946,985.05
1790138700000,4.946,4.95,4.937,4.943,2779.88
1790139600000,4.943,4.943,4.91,4.923,3833.09
1790140500000,4.923,4.93,4.912,4.917,1390.35
1790141400000,4.917,4.936,4.917,4.926,786.18
1790142300000,4.926,4.93,4.866,4.871,4657.23
1790143200000,4.871,4.904,4.871,4.902,13724.75
1790144100000,4.902,4.925,4.902,4.905,1609.84
1790145000000,4.905,4.961,4.895,4.943,736.36
1790145900000,4.943,4.948,4.92,4.93,540.98
1790146800000,4.93,4.933,4.895,4.901,4035.03
1790147700000,4.901,4.924,4.901,4.906,3010.64
1790148600000,4.906,4.92,4.86,4.864,2738.63
1790149500000,4.864,4.885,4.862,4.875,7089.04
1790150400000,4.875,4.895,4.845,4.88,5849.8
1790151300000,4.88,4.942,4.88,4.91,3900.68
1790152200000,4.91,4.929,4.905,4.91,1400.31
1790153100000,4.91,4.91,4.825,4.867,15166.44
1790154000000,4.867,4.91,4.867,4.907,3331.32
1790154900000,4.907,4.935,4.898,4.919,7931.26
1790155800000,4.919,4.93,4.884,4.891,824.42
1790156700000,4.891,4.9,4.879,4.885,9517.68
1790157600000,4.885,4.905,4.877,4.888,3655.93
1790158500000,4.888,4.89,4.849,4.882,5849.63
1790159400000,4.882,4.915,4.877,4.907,4008.91
1790160300000,4.907,4.93,4.902,4.928,854.1
1790161200000,4.928,4.928,4.895,4.896,3335.82
1790162100000,4.896,4.899,4.834,4.845,1801.61
1790163000000,4.845,4.849,4.806,4.84,5902.67
1790163900000,4.84,4.865,4.84,4.849,142.9
1790164800000,4.849,4.855,4.795,4.84,2774.87
1790165700000,4.84,4.855,4.82,4.838,173.88
1790166600000,4.838,4.856,4.838,4.843,6041.36
1790167500000,4.843,4.85,4.816,4.837,809.06
1790168400000,4.837,4.837,4.775,4.794,6997.98
1790169300000,4.794,4.821,4.794,4.811,1257.74
1790170200000,4.811,4.83,4.795,4.819,4718.31
1790171100000,4.819,4.819,4.789,4.81,8813.13
1790172000000,4.81,4.825,4.46,4.59,156322.22
1790172900000,4.59,4.595,4.526,4.531,20506.51
1790173800000,4.531,4.592,4.499,4.567,33815.68
1790174700000,4.567,4.592,4.536,4.566,3243.19
1790175600000,4.566,4.594,4.558,4.575,4170.26
1790176500000,4.575,4.595,4.524,4.525,9878.64
1790177400000,4.525,4.531,4.481,4.502,12616.44
1790178300000,4.502,4.51,4.435,4.445,14135.47
1790179200000,4.445,4.475,4.342,4.468,28959.2
1790180100000,4.468,4.5,4.465,4.473,6963.16
1790181000000,4.473,4.49,4.465,4.485,3677.49
1790181900000,4.485,4.498,4.465,4.489,3010.81
1790182800000,4.489,4.507,4.444,4.463,5799.96
1790183700000,4.463,4.495,4.463,4.475,719.65
1790184600000,4.475,4.485,4.47,4.485,50.35
1790185500000,4.485,4.487,4.46,4.46,219.62
1790186400000,4.46,4.461,4.435,4.439,756.2
1790187300000,4.439,4.439,4.41,4.416,1305.75
1790188200000,4.416,4.416,4.396,4.403,955.47
1790189100000,4.403,4.433,4.403,4.405,280.89
1790190000000,4.405,4.41,4.383,4.393,1141.99
1790190900000,4.393,4.417,4.388,4.405,279.74
1790191800000,4.405,4.411,4.392,4.392,326.91
1790192700000,4.392,4.413,4.392,4.394,1834.33
1790193600000,4.394,4.413,4.369,4.381,1954.64
1790194500000,4.381,4.4,4.365,4.365,402.01
1790195400000,4.365,4.382,4.365,4.369,624.85
1790196300000,4.369,4.375,4.352,4.37,2093.22
1790197200000,4.37,4.393,4.364,4.39,2384.64
1790198100000,4.39,4.395,4.379,4.39,2962.26
1790199000000,4.39,4.41,4.39,4.41,124.6
1790199900000,4.41,4.41,4.385,4.385,49.91
1790200800000,4.385,4.431,4.385,4.414,999.59
1790201700000,4.414,4.424,4.404,4.404,1185.52
1790202600000,4.404,4.404,4.39,4.393,64.03
1790203500000,4.393,4.425,4.393,4.413,495.65
1790204400000,4.413,4.425,4.402,4.418,332.42
1790205300000,4.418,4.421,4.416,4.417,620.97
1790206200000,4.417,4.417,4.401,4.408,827.76
1790207100000,4.408,4.431,4.408,4.428,1818.77
1790208000000,4.428,4.437,4.411,4.412,2288.43
1790208900000,4.412,4.427,4.407,4.411,730.45
1790209800000,4.411,4.425,4.399,4.4,1739.83
1790210700000,4.4,4.42,4.387,4.414,864.75
1790211600000,4.414,4.418,4.41,4.415,880.69
1790212500000,4.415,4.417,4.391,4.4,1614.84
1790213400000,4.4,4.426,4.397,4.405,5593.08
1790214300000,4.405,4.405,4.382,4.398,146.2
1790215200000,4.398,4.42,4.379,4.42,4153.89
1790216100000,4.42,4.475,4.42,4.465,2301.71
1790217000000,4.465,4.537,4.464,4.536,14870.37
1790217900000,4.536,4.556,4.52,4.531,1845.17
1790218800000,4.531,4.541,4.503,4.516,7645.1
1790219700000,4.516,4.522,4.474,4.474,2497.3
1790220600000,4.474,4.482,4.474,4.478,215.11
1790221500000,4.478,4.495,4.46,4.46,790.28
1790222400000,4.46,4.48,4.445,4.458,3140.84
1790223300000,4.458,4.482,4.45,4.482,6305.71
1790224200000,4.482,4.49,4.478,4.485,1492.25
1790225100000,4.485,4.525,4.481,4.522,16133.1
1790226000000,4.522,4.575,4.52,4.557,2418.54
1790226900000,4.557,4.572,4.554,4.57,901.61
1790227800000,4.57,4.585,4.55,4.562,7191.27
1790228700000,4.562,4.572,4.534,4.538,3707.94
1790229600000,4.538,4.567,4.534,4.563,2068.51
1790230500000,4.563,4.563,4.539,4.552,1231.45
1790231400000,4.552,4.554,4.54,4.54,147.64
1790232300000,4.54,4.555,4.54,4.555,22.17
1790233200000,4.555,4.555,4.51,4.524,2124.4
1790234100000,4.524,4.535,4.523,4.535,219.31
1790235000000,4.535,4.544,4.518,4.525,5999.4
1790235900000,4.525,4.536,4.524,4.524,1224.19
1790236800000,4.524,4.525,4.508,4.509,1856.67
1790237700000,4.509,4.512,4.465,4.465,2427.89
1790238600000,4.465,4.475,4.449,4.458,4409.98
1790239500000,4.458,4.458,4.384,4.451,38186.81
1790240400000,4.451,4.461,4.415,4.415,4578.13
1790241300000,4.415,4.42,4.405,4.408,3367.28
1790242200000,4.408,4.419,4.375,4.396,4646.88
1790243100000,4.396,4.42,4.395,4.399,1582.04
1790244000000,4.399,4.413,4.39,4.399,1506.04
1790244900000,4.399,4.415,4.39,4.405,3827.99
1790245800000,4.405,4.41,4.391,4.41,232.52
1790246700000,4.41,4.434,4.41,4.427,798.02
1790247600000,4.427,4.46,4.427,4.46,3059.68
1790248500000,4.46,4.47,4.445,4.445,813.52
1790249400000,4.445,4.445,4.429,4.435,2145.4
1790250300000,4.435,4.454,4.425,4.445,13330.21
1790251200000,4.445,4.46,4.431,4.46,834.97
1790252100000,4.46,4.468,4.45,4.45,4579.52
1790253000000,4.45,4.45,4.43,4.441,10.9
1790253900000,4.441,4.468,4.441,4.458,876.29
1790254800000,4.458,4.51,4.458,4.51,3396.46
1790255700000,4.51,4.518,4.507,4.512,2004.8
1790256600000,4.512,4.54,4.504,4.504,2701.65
1790257500000,4.504,4.531,4.504,4.527,106.16
1790258400000,4.527,4.57,4.527,4.57,2714.89
1790259300000,4.57,4.675,4.558,4.671,15436.41
1790260200000,4.671,4.692,4.65,4.65,15632.17
1790261100000,4.65,4.653,4.547,4.6,9997.96
1790262000000,4.6,4.622,4.587,4.595,1856.66
1790262900000,4.595,4.635,4.595,4.61,1919.64
1790263800000,4.61,4.655,4.607,4.655,1613.42
1790264700000,4.655,4.698,4.652,4.695,5081.25
1790265600000,4.695,4.697,4.645,4.667,5238.03
1790266500000,4.667,4.745,4.667,4.744,2092.22
1790267400000,4.744,4.75,4.704,4.705,1260.62
1790268300000,4.705,4.725,4.684,4.692,280.22
1790269200000,4.692,4.697,4.655,4.665,3437.08
1790270100000,4.665,4.678,4.64,4.642,1589.15
1790271000000,4.642,4.656,4.613,4.62,1916.14
1790271900000,4.62,4.635,4.62,4.632,3294.47
1790272800000,4.632,4.632,4.591,4.601,508.48
1790273700000,4.601,4.63,4.6,4.627,601.51
1790274600000,4.627,4.63,4.6,4.605,4429.72
1790275500000,4.605,4.641,4.605,4.641,455.97
1790276400000,4.641,4.641,4.605,4.617,1052.72
1790277300000,4.617,4.64,4.617,4.64,80.32
1790278200000,4.64,4.645,4.626,4.626,2431.62
1790279100000,4.626,4.63,4.617,4.625,614.76
1790280000000,4.625,4.63,4.6,4.6,2268.75
1790280900000,4.6,4.621,4.6,4.621,2276.7
1790281800000,4.621,4.621,4.613,4.613,128.22
1790282700000,4.613,4.63,4.602,4.615,3528.11
1790283600000,4.615,4.626,4.597,4.598,1611.1
1790284500000,4.598,4.627,4.598,4.624,806.93
1790285400000,4.624,4.628,4.618,4.62,168.42
1790286300000,4.62,4.62,4.605,4.605,3.86
1790287200000,4.605,4.605,4.576,4.58,1148.36
1790288100000,4.58,4.58,4.555,4.575,2479.44
1790289000000,4.575,4.585,4.565,4.565,13.19
1790289900000,4.565,4.581,4.565,4.581,183.46
1790290800000,4.581,4.6,4.581,4.585,184.11
1790291700000,4.585,4.589,4.581,4.589,235.73
1790292600000,4.589,4.595,4.58,4.58,641.02
1790293500000,4.58,4.584,4.578,4.58,286.52
1790294400000,4.58,4.615,4.58,4.615,456.83
1790295300000,4.615,4.617,4.589,4.589,149.03
1790296200000,4.589,4.598,4.585,4.59,1637.32
1790297100000,4.59,4.59,4.59,4.59,0
1790298000000,4.59,4.617,4.585,4.613,2497.31
1790298900000,4.613,4.625,4.585,4.585,41.52
1790299800000,4.585,4.591,4.563,4.58,7041.97
1790300700000,4.58,4.586,4.57,4.575,2326.52
1790301600000,4.575,4.609,4.575,4.591,329.71
1790302500000,4.591,4.601,4.57,4.57,1798.94
1790303400000,4.57,4.573,4.522,4.545,31467.99
1790304300000,4.545,4.545,4.529,4.533,3466.57
1790305200000,4.533,4.563,4.533,4.545,5976.83
1790306100000,4.545,4.553,4.543,4.543,4732.6
1790307000000,4.543,4.566,4.538,4.556,5906.25
1790307900000,4.556,4.556,4.549,4.556,2264.1
1790308800000,4.556,4.56,4.545,4.553,314.8
1790309700000,4.553,4.57,4.553,4.566,285.92
1790310600000,4.566,4.597,4.566,4.597,1205.37
1790311500000,4.597,4.597,4.575,4.575,2075.4
1790312400000,4.575,4.579,4.555,4.555,1524.77
1790313300000,4.555,4.567,4.553,4.558,1335.13
1790314200000,4.558,4.571,4.552,4.562,365.39
1790315100000,4.562,4.577,4.562,4.565,903.64
1790316000000,4.565,4.565,4.548,4.552,152.92
1790316900000,4.552,4.606,4.549,4.574,3257.39
1790317800000,4.574,4.59,4.565,4.565,318.83
1790318700000,4.565,4.565,4.555,4.559,11.36
1790319600000,4.559,4.591,4.559,4.572,3585.05
1790320500000,4.572,4.6,4.572,4.592,515.21
1790321400000,4.592,4.592,4.56,4.563,163.04
1790322300000,4.563,4.595,4.563,4.595,268.58
1790323200000,4.595,4.612,4.581,4.607,16919.24
1790324100000,4.607,4.659,4.607,4.65,2834.79
1790325000000,4.65,4.65,4.623,4.626,3809.27
1790325900000,4.626,4.638,4.62,4.631,448.48
1790326800000,4.631,4.646,4.625,4.625,262.45
1790327700000,4.625,4.638,4.609,4.637,1434.94
1790328600000,4.637,4.647,4.634,4.644,397.14
1790329500000,4.644,4.644,4.63,4.632,1516.42
1790330400000,4.632,4.632,4.605,4.61,101.3
1790331300000,4.61,4.614,4.594,4.613,653.77
1790332200000,4.613,4.613,4.597,4.606,304.19
1790333100000,4.606,4.615,4.606,4.61,516.75
1790334000000,4.61,4.683,4.609,4.682,1459.35
1790334900000,4.682,4.682,4.651,4.68,2716.11
1790335800000,4.68,4.69,4.662,4.672,2436.67
1790336700000,4.672,4.69,4.655,4.656,2287.29
1790337600000,4.656,4.672,4.627,4.645,1924.42
1790338500000,4.645,4.658,4.587,4.658,9912.21
1790339400000,4.658,4.677,4.651,4.674,1406.68
1790340300000,4.674,4.694,4.651,4.686,666.04
1790341200000,4.686,4.71,4.666,4.675,2452.24
1790342100000,4.675,4.689,4.632,4.645,3286.16
1790343000000,4.645,4.676,4.61,4.619,2310.81
1790343900000,4.619,4.635,4.589,4.62,1329.34
1790344800000,4.62,4.623,4.544,4.607,8982.37
1790345700000,4.607,4.62,4.585,4.605,1543.13
1790346600000,4.605,4.637,4.6,4.6,4937.96
1790347500000,4.6,4.653,4.59,4.653,4774.12
1790348400000,4.653,4.668,4.64,4.65,2318.38
1790349300000,4.65,4.652,4.62,4.62,2575.44
1790350200000,4.62,4.635,4.594,4.594,7159.39
1790351100000,4.594,4.625,4.579,4.625,2908.86
1790352000000,4.625,4.661,4.625,4.645,7389.49
1790352900000,4.645,4.666,4.639,4.66,932.32
1790353800000,4.66,4.675,4.649,4.667,2655.4
1790354700000,4.667,4.667,4.625,4.625,2831.29
1790355600000,4.625,4.651,4.625,4.647,2409.24
1790356500000,4.647,4.648,4.62,4.62,750.51
1790357400000,4.62,4.645,4.615,4.645,1358.12
1790358300000,4.645,4.645,4.63,4.64,1130.45
1790359200000,4.64,4.666,4.637,4.664,3727.24
1790360100000,4.664,4.685,4.661,4.667,4042.01
1790361000000,4.667,4.681,4.664,4.671,2791.54
1790361900000,4.671,4.702,4.671,4.7,2083.83
1790362800000,4.7,4.7,4.678,4.693,1684.28
1790363700000,4.693,4.693,4.67,4.67,712.79
1790364600000,4.67,4.682,4.665,4.674,1293.36
1790365500000,4.674,4.694,4.674,4.694,172.64
1790366400000,4.694,4.728,4.694,4.721,1511.11
1790367300000,4.721,4.747,4.72,4.744,1079.58
1790368200000,4.744,4.76,4.73,4.752,1298.78
1790369100000,4.752,4.752,4.702,4.707,202.68
1790370000000,4.707,4.71,4.668,4.674,886.41
1790370900000,4.674,4.674,4.655,4.67,2338.5
1790371800000,4.67,4.67,4.646,4.648,306.86
1790372700000,4.648,4.657,4.648,4.656,97.29
1790373600000,4.656,4.672,4.645,4.672,379.01
1790374500000,4.672,4.703,4.672,4.696,3355.9
1790375400000,4.696,4.745,4.696,4.73,1007.15
1790376300000,4.73,4.737,4.725,4.725,233.43
1790377200000,4.725,4.761,4.72,4.761,1094.9
1790378100000,4.761,4.83,4.761,4.83,7526.79
1790379000000,4.83,4.83,4.775,4.797,6189.11
1790379900000,4.797,4.806,4.788,4.79,451.96
1790380800000,4.79,4.828,4.77,4.812,1684.51
1790381700000,4.812,4.905,4.803,4.858,8970.16
1790382600000,4.858,4.876,4.778,4.785,1927.68
1790383500000,4.785,4.796,4.768,4.774,4900.49
1790384400000,4.774,4.812,4.773,4.788,6279.98
1790385300000,4.788,4.837,4.787,4.812,7045.48
1790386200000,4.812,4.835,4.805,4.81,4163.17
1790387100000,4.81,4.81,4.784,4.788,14377.62
1790388000000,4.788,4.827,4.776,4.827,1392.95
1790388900000,4.827,4.835,4.795,4.806,3314.99
1790389800000,4.806,4.806,4.781,4.789,1995.56
1790390700000,4.789,4.789,4.755,4.77,1941.39
1790391600000,4.77,4.77,4.739,4.739,146.06
1790392500000,4.739,4.767,4.739,4.764,2788.99
1790393400000,4.764,4.764,4.725,4.73,2177.54
1790394300000,4.73,4.73,4.719,4.719,2280.92
1790395200000,4.719,4.75,4.715,4.745,2974.04
1790396100000,4.745,4.755,4.724,4.724,4370.69
1790397000000,4.724,4.735,4.715,4.73,2322.29
1790397900000,4.73,4.73,4.73,4.73,0
1790398800000,4.73,4.731,4.72,4.722,159.63
1790399700000,4.722,4.731,4.71,4.727,3062.58
1790400600000,4.727,4.744,4.715,4.741,7076.59
1790401500000,4.741,4.742,4.725,4.725,3812.04
1790402400000,4.725,4.725,4.715,4.722,4636.18
1790403300000,4.722,4.725,4.722,4.725,285.39
1790404200000,4.725,4.74,4.725,4.736,1634.96
1790405100000,4.736,4.741,4.728,4.728,5100.89
1790406000000,4.728,4.77,4.728,4.77,811.14
1790406900000,4.77,4.78,4.767,4.771,523.48
1790407800000,4.771,4.777,4.767,4.771,2862.14
1790408700000,4.771,4.771,4.765,4.765,4054.37
1790409600000,4.765,4.765,4.738,4.739,3904.97
1790410500000,4.739,4.745,4.72,4.737,3232.37
1790411400000,4.737,4.765,4.737,4.759,8747.45
1790412300000,4.759,4.759,4.746,4.752,874.85
1790413200000,4.752,4.752,4.695,4.707,5109.45
1790414100000,4.707,4.71,4.698,4.704,1704.59
1790415000000,4.704,4.714,4.695,4.712,395.28
1790415900000,4.712,4.73,4.712,4.73,167.17
1790416800000,4.73,4.773,4.73,4.773,1547.84
1790417700000,4.773,4.805,4.766,4.805,3366.53
1790418600000,4.805,4.82,4.802,4.808,5722.65
1790419500000,4.808,4.832,4.805,4.832,4728.97
1790420400000,4.832,4.84,4.815,4.822,6121.32
1790421300000,4.822,4.841,4.822,4.841,1539.95
1790422200000,4.841,4.841,4.828,4.837,3795.91
1790423100000,4.837,4.837,4.801,4.801,2642.25
1790424000000,4.801,4.815,4.796,4.809,8889.2
1790424900000,4.809,4.829,4.79,4.79,2843.73
1790425800000,4.79,4.792,4.758,4.767,2546.67
1790426700000,4.767,4.78,4.762,4.78,2027.7
1790427600000,4.78,4.796,4.762,4.77,5195.61
1790428500000,4.77,4.77,4.74,4.74,6421.34
1790429400000,4.74,4.77,4.74,4.77,1334.02
1790430300000,4.77,4.811,4.77,4.801,17564.64
1790431200000,4.801,4.801,4.775,4.775,1325.65
1790432100000,4.775,4.78,4.775,4.778,30
1790433000000,4.778,4.815,4.778,4.807,3462.18
1790433900000,4.807,4.872,4.805,4.872,7541.29
1790434800000,4.872,4.92,4.84,4.92,4478.77
1790435700000,4.92,4.925,4.89,4.923,8391.99
1790436600000,4.923,4.93,4.911,4.912,6670.84
1790437500000,4.912,4.949,4.904,4.925,18728.7
1790438400000,4.925,5.261,4.925,5.19,98059.09
1790439300000,5.19,5.363,5.177,5.343,46499.77
1790440200000,5.343,5.381,5.137,5.208,57408.09
1790441100000,5.208,5.213,5.058,5.12,36401.73
1790442000000,5.12,5.132,5.02,5.077,40964.92
1790442900000,5.077,5.083,5.035,5.036,19402.58
1790443800000,5.036,5.043,4.989,5.006,20537.99
1790444700000,5.006,5.016,4.979,4.984,27145.84
1790445600000,4.984,5.014,4.973,5.014,2578.34
1790446500000,5.014,5.015,4.965,4.972,7949.24
1790447400000,4.972,4.979,4.838,4.878,42249.79
1790448300000,4.878,4.895,4.865,4.878,6119.64
1790449200000,4.878,4.887,4.868,4.875,4424.95
1790450100000,4.875,4.888,4.861,4.875,751.5
1790451000000,4.875,4.875,4.855,4.866,1663.72
1790451900000,4.866,4.872,4.849,4.849,6130.47
1790452800000,4.849,4.852,4.816,4.835,5978.3
1790453700000,4.835,4.875,4.835,4.872,3381.11
1790454600000,4.872,4.872,4.755,4.78,29135.33
1790455500000,4.78,4.815,4.763,4.814,3069.38
1790456400000,4.814,4.844,4.813,4.818,2657.68
1790457300000,4.818,4.837,4.818,4.837,490.13
1790458200000,4.837,4.858,4.833,4.833,1241.5
1790459100000,4.833,4.833,4.822,4.822,383.08
1790460000000,4.822,4.845,4.822,4.845,2256.12
1790460900000,4.845,4.845,4.822,4.83,752.36
1790461800000,4.83,4.843,4.828,4.843,352.74
1790462700000,4.843,4.847,4.835,4.835,570.04
1790463600000,4.835,4.86,4.831,4.855,2467.16
1790464500000,4.855,4.864,4.845,4.85,3192.63
1790465400000,4.85,4.864,4.843,4.863,1176.68
1790466300000,4.863,4.884,4.86,4.874,14537.93
1790467200000,4.874,4.874,4.828,4.832,2620.04
1790468100000,4.832,4.844,4.829,4.829,1036.11
1790469000000,4.829,4.836,4.826,4.828,663.62
1790469900000,4.828,4.828,4.807,4.816,6744.95
1790470800000,4.816,4.821,4.789,4.821,8507.99
1790471700000,4.821,4.822,4.785,4.798,3073.65
1790472600000,4.798,4.805,4.787,4.805,4152.14
1790473500000,4.805,4.824,4.805,4.821,3461.64
1790474400000,4.821,4.83,4.816,4.827,3469.08
1790475300000,4.827,4.842,4.827,4.831,1642.06
1790476200000,4.831,4.84,4.823,4.84,1158.15
1790477100000,4.84,4.84,4.798,4.799,387.8
1790478000000,4.799,4.805,4.778,4.786,3427.02
1790478900000,4.786,4.794,4.786,4.786,171.2
1790479800000,4.786,4.801,4.786,4.801,751.13
1790480700000,4.801,4.801,4.785,4.785,286.03
1790481600000,4.785,4.785,4.755,4.785,4179.54
1790482500000,4.785,4.792,4.763,4.763,5072.53
1790483400000,4.763,4.773,4.763,4.763,789.35
1790484300000,4.763,4.768,4.734,4.76,15302.85
1790485200000,4.76,4.809,4.755,4.798,8912.77
1790486100000,4.798,4.81,4.793,4.802,2415.77
1790487000000,4.802,4.831,4.801,4.82,3989.58
1790487900000,4.82,4.835,4.819,4.826,980.75
1790488800000,4.826,4.841,4.816,4.836,457.1
1790489700000,4.836,4.871,4.836,4.855,5634.83
1790490600000,4.855,4.865,4.835,4.856,1609.91
1790491500000,4.856,4.87,4.856,4.866,601.73
1790492400000,4.866,4.87,4.857,4.87,1799.93
1790493300000,4.87,4.9,4.862,4.897,2609.77
1790494200000,4.897,4.915,4.884,4.915,5714.1
1790495100000,4.915,4.943,4.913,4.943,3137.02
1790496000000,4.943,4.946,4.905,4.912,4953.57
1790496900000,4.912,4.913,4.89,4.896,1793.66
1790497800000,4.896,4.91,4.889,4.889,485.38
1790498700000,4.889,4.905,4.887,4.898,788.87
1790499600000,4.898,4.898,4.859,4.873,8888.4
1790500500000,4.873,4.873,4.857,4.869,1282.88
1790501400000,4.869,4.891,4.866,4.891,52.65
1790502300000,4.891,4.895,4.875,4.88,1812.23
1790503200000,4.88,4.88,4.861,4.863,2118.51
1790504100000,4.863,4.88,4.863,4.866,676.11
1790505000000,4.866,4.873,4.865,4.873,138.68
1790505900000,4.873,4.885,4.873,4.883,491.87
1790506800000,4.883,4.883,4.864,4.875,73.66
1790507700000,4.875,4.875,4.86,4.868,1272.99
1790508600000,4.868,4.88,4.854,4.854,5292.42
1790509500000,4.854,4.868,4.854,4.864,954.9
1790510400000,4.864,4.885,4.864,4.881,192.92
1790511300000,4.881,4.885,4.878,4.883,747.49
1790512200000,4.883,4.905,4.883,4.905,688.6
1790513100000,4.905,4.911,4.856,4.858,957.7
1790514000000,4.858,4.858,4.813,4.813,2520.33
1790514900000,4.813,4.853,4.807,4.853,5145.93
1790515800000,4.853,4.868,4.811,4.812,4827.87
1790516700000,4.812,4.848,4.806,4.848,1643.57
1790517600000,4.848,4.853,4.829,4.829,1326.25
1790518500000,4.829,4.835,4.791,4.806,3098.08
1790519400000,4.806,4.823,4.798,4.811,1035.22
1790520300000,4.811,4.812,4.782,4.792,2555.2
1790521200000,4.792,4.798,4.763,4.788,1641.8
1790522100000,4.788,4.808,4.753,4.777,6946.17
1790523000000,4.777,4.785,4.774,4.784,1227.65
1790523900000,4.784,4.791,4.773,4.791,1106.69
1790524800000,4.791,4.827,4.782,4.827,688.56
1790525700000,4.827,4.83,4.805,4.805,206.7
1790526600000,4.805,4.805,4.783,4.784,6960
1790527500000,4.784,4.788,4.775,4.778,375.38
1790528400000,4.778,4.805,4.778,4.805,9156.91
1790529300000,4.805,4.81,4.795,4.795,231.42
1790530200000,4.795,4.803,4.774,4.774,1137.99
1790531100000,4.774,4.798,4.774,4.798,681.81
1790532000000,4.798,4.808,4.783,4.802,9314.94
1790532900000,4.802,4.813,4.802,4.809,1192.64
1790533800000,4.809,4.809,4.797,4.8,974.16
1790534700000,4.8,4.817,4.8,4.817,970.24
1790535600000,4.817,4.819,4.809,4.81,841.12
1790536500000,4.81,4.82,4.795,4.796,2850.85
1790537400000,4.796,4.799,4.79,4.794,1621.38
1790538300000,4.794,4.796,4.781,4.782,173.08
1790539200000,4.782,4.817,4.782,4.817,2394.42
1790540100000,4.817,4.817,4.784,4.784,1891.95
1790541000000,4.784,4.8,4.784,4.8,342.48
1790541900000,4.8,4.801,4.779,4.78,2211.93
1790542800000,4.78,4.802,4.775,4.802,4873.93
1790543700000,4.802,4.81,4.792,4.792,3189.58
1790544600000,4.792,4.792,4.77,4.77,298.17
1790545500000,4.77,4.804,4.77,4.803,1541.87
1790546400000,4.803,4.803,4.719,4.729,6077.82
1790547300000,4.729,4.768,4.719,4.768,580.84
1790548200000,4.768,4.768,4.731,4.75,2044.3
1790549100000,4.75,4.759,4.732,4.756,989.7
1790550000000,4.756,4.782,4.756,4.768,2640.05
1790550900000,4.768,4.785,4.757,4.778,2135.17
1790551800000,4.778,4.786,4.772,4.783,4389.93
1790552700000,4.783,4.815,4.783,4.813,4813.38
1790553600000,4.813,4.825,4.793,4.804,527.8
1790554500000,4.804,4.858,4.802,4.852,4466.08
1790555400000,4.852,4.852,4.78,4.788,2233.18
1790556300000,4.788,4.851,4.788,4.795,2791.03
1790557200000,4.795,4.831,4.783,4.788,2566.8
1790558100000,4.788,4.821,4.778,4.81,2155.38
1790559000000,4.81,4.819,4.77,4.77,1331.98
1790559900000,4.77,4.791,4.727,4.764,5470.25
1790560800000,4.764,4.793,4.734,4.787,9477.77
1790561700000,4.787,4.791,4.751,4.755,2713.37
1790562600000,4.755,4.755,4.72,4.724,1671.67
1790563500000,4.724,4.736,4.663,4.685,9453.53
1790564400000,4.685,4.7,4.656,4.656,4397.47
1790565300000,4.656,4.683,4.629,4.629,4107.31
1790566200000,4.629,4.657,4.583,4.641,10306.49
1790567100000,4.641,4.649,4.618,4.618,1505.4
1790568000000,4.618,4.62,4.582,4.616,1772.46
1790568900000,4.616,4.65,4.604,4.637,10820.31
1790569800000,4.637,4.664,4.63,4.664,3739.11
1790570700000,4.664,4.665,4.644,4.657,3690.61
1790571600000,4.657,4.669,4.595,4.595,3913.62
1790572500000,4.595,4.612,4.58,4.582,1990.62
1790573400000,4.582,4.595,4.539,4.595,5854.86
1790574300000,4.595,4.605,4.572,4.595,1440.2
1790575200000,4.595,4.62,4.585,4.608,4648.92
1790576100000,4.608,4.608,4.562,4.567,16535.18
1790577000000,4.567,4.585,4.559,4.579,2283.88
1790577900000,4.579,4.582,4.56,4.561,1558.16
1790578800000,4.561,4.594,4.555,4.564,5548.17
1790579700000,4.564,4.564,4.525,4.533,6103.13
1790580600000,4.533,4.559,4.522,4.539,2989.8
1790581500000,4.539,4.552,4.53,4.53,787.9
1790582400000,4.53,4.57,4.523,4.57,3289.77
1790583300000,4.57,4.575,4.548,4.552,1029.3
1790584200000,4.552,4.555,4.53,4.535,4344.65
1790585100000,4.535,4.535,4.521,4.527,3244.82
1790586000000,4.527,4.532,4.483,4.522,10284.27
1790586900000,4.522,4.545,4.522,4.523,2170.25
1790587800000,4.523,4.523,4.483,4.483,1346.23
1790588700000,4.483,4.496,4.468,4.486,6762.54
1790589600000,4.486,4.531,4.486,4.5,2777.08
1790590500000,4.5,4.516,4.496,4.504,2642.79
1790591400000,4.504,4.551,4.504,4.548,1392.67
1790592300000,4.548,4.551,4.528,4.528,975.37
1790593200000,4.528,4.55,4.527,4.542,4969.61
1790594100000,4.542,4.555,4.533,4.552,6511.54
1790595000000,4.552,4.556,4.545,4.549,1801.5
1790595900000,4.549,4.549,4.534,4.546,1260.48
1790596800000,4.546,4.609,4.537,4.59,12547.66
1790597700000,4.59,4.63,4.59,4.616,1212.8
1790598600000,4.616,4.62,4.598,4.612,1507.94
1790599500000,4.612,4.639,4.612,4.635,4542.76
1790600400000,4.635,4.635,4.589,4.589,274.26
1790601300000,4.589,4.608,4.58,4.605,438.47
1790602200000,4.605,4.627,4.579,4.614,3835.74
1790603100000,4.614,4.617,4.58,4.592,1401.92
1790604000000,4.592,4.592,4.55,4.554,6013.66
1790604900000,4.554,4.565,4.487,4.5,5791.68
1790605800000,4.5,4.504,4.417,4.445,39043.1
1790606700000,4.445,4.464,4.394,4.45,21689.3
1790607600000,4.45,4.482,4.43,4.443,7473.01
1790608500000,4.443,4.489,4.42,4.484,4717.4
1790609400000,4.484,4.497,4.47,4.47,8345.58
1790610300000,4.47,4.51,4.47,4.504,1576.54
1790611200000,4.504,4.515,4.475,4.515,1429.82
1790612100000,4.515,4.582,4.507,4.577,5142.57
1790613000000,4.577,4.577,4.53,4.531,317.61
1790613900000,4.531,4.537,4.519,4.528,1443.08
1790614800000,4.528,4.579,4.489,4.579,13236.13
1790615700000,4.579,4.589,4.535,4.535,4032.72
1790616600000,4.535,4.55,4.533,4.539,2221.64
1790617500000,4.539,4.555,4.522,4.551,2890.69
1790618400000,4.551,4.576,4.544,4.565,4234.85
1790619300000,4.565,4.575,4.555,4.562,628.77
1790620200000,4.562,4.562,4.535,4.555,795.17
1790621100000,4.555,4.571,4.543,4.562,1780.5
1790622000000,4.562,4.562,4.514,4.514,989.39
1790622900000,4.514,4.52,4.505,4.505,514.49
1790623800000,4.505,4.505,4.46,4.479,1867.69
1790624700000,4.479,4.49,4.47,4.49,614.75
1790625600000,4.49,4.52,4.465,4.52,776.56
1790626500000,4.52,4.543,4.52,4.539,372.15
1790627400000,4.539,4.539,4.513,4.515,372.88
1790628300000,4.515,4.52,4.502,4.52,1106.07
1790629200000,4.52,4.546,4.52,4.535,1727.09
1790630100000,4.535,4.535,4.511,4.511,306.68
1790631000000,4.511,4.511,4.5,4.509,2805.26
1790631900000,4.509,4.509,4.49,4.495,149.66
1790632800000,4.495,4.5,4.475,4.493,305.22
1790633700000,4.493,4.5,4.487,4.5,45.2
1790634600000,4.5,4.535,4.49,4.535,1426.11
1790635500000,4.535,4.552,4.535,4.552,1586.14
1790636400000,4.552,4.57,4.552,4.564,40.91
1790637300000,4.564,4.6,4.564,4.593,1710.51
1790638200000,4.593,4.594,4.583,4.594,561.97
1790639100000,4.594,4.602,4.586,4.602,454.22
1790640000000,4.602,4.602,4.587,4.589,2666.5
1790640900000,4.589,4.589,4.56,4.575,3578.32
1790641800000,4.575,4.597,4.565,4.578,708.93
1790642700000,4.578,4.578,4.537,4.537,1839.68
1790643600000,4.537,4.566,4.505,4.506,633.18
1790644500000,4.506,4.52,4.465,4.465,2472.52
1790645400000,4.465,4.47,4.429,4.46,3645.7
1790646300000,4.46,4.49,4.455,4.477,1700.66
1790647200000,4.477,4.485,4.433,4.456,5122.76
1790648100000,4.456,4.475,4.425,4.43,1335.47
1790649000000,4.43,4.462,4.42,4.46,5528.41
1790649900000,4.46,4.47,4.445,4.464,505.4
1790650800000,4.464,4.497,4.464,4.478,3970.66
1790651700000,4.478,4.528,4.478,4.515,1807.1
1790652600000,4.515,4.52,4.505,4.516,22.34
1790653500000,4.516,4.516,4.498,4.498,1136.01
1790654400000,4.498,4.51,4.48,4.51,322.58
1790655300000,4.51,4.532,4.51,4.513,1058.88
1790656200000,4.513,4.513,4.49,4.493,4381.7
1790657100000,4.493,4.493,4.474,4.489,7345.28
1790658000000,4.489,4.505,4.481,4.5,1956.36
1790658900000,4.5,4.516,4.5,4.506,1023.58
1790659800000,4.506,4.506,4.459,4.505,1151.17
1790660700000,4.505,4.525,4.49,4.52,206.95
1790661600000,4.52,4.555,4.518,4.555,1307.89
1790662500000,4.555,4.555,4.535,4.546,359.36
1790663400000,4.546,4.56,4.546,4.553,10062
1790664300000,4.553,4.592,4.553,4.588,2967.67
1790665200000,4.588,4.61,4.573,4.601,22098.45
1790666100000,4.601,4.622,4.601,4.608,2279.08
1790667000000,4.608,4.645,4.605,4.635,18474.93
1790667900000,4.635,4.645,4.624,4.624,4432.64
1790668800000,4.624,4.647,4.622,4.636,4332.83
1790669700000,4.636,4.656,4.635,4.637,2216.82
1790670600000,4.637,4.637,4.605,4.623,6647.9
1790671500000,4.623,4.64,4.622,4.629,409.04
1790672400000,4.629,4.652,4.629,4.63,708.4
1790673300000,4.63,4.657,4.63,4.648,3099
1790674200000,4.648,4.681,4.643,4.676,1947.26
1790675100000,4.676,4.705,4.674,4.701,10803.32
1790676000000,4.701,4.701,4.686,4.699,2120.07
1790676900000,4.699,4.699,4.664,4.664,6045.18
1790677800000,4.664,4.667,4.632,4.641,2550.33
1790678700000,4.641,4.664,4.641,4.664,646.48
1790679600000,4.664,4.665,4.65,4.653,842.49
1790680500000,4.653,4.67,4.653,4.663,588.75
1790681400000,4.663,4.69,4.663,4.677,1690.34
1790682300000,4.677,4.697,4.677,4.691,9456.34
1790683200000,4.691,4.691,4.673,4.674,775.77
1790684100000,4.674,4.684,4.66,4.664,1936.09
1790685000000,4.664,4.682,4.664,4.665,132.17
1790685900000,4.665,4.666,4.655,4.661,50.06
1790686800000,4.661,4.685,4.661,4.678,575.04
1790687700000,4.678,4.683,4.675,4.68,121.05
1790688600000,4.68,4.68,4.65,4.677,3271.4
1790689500000,4.677,4.7,4.67,4.692,3458.03
1790690400000,4.692,4.702,4.67,4.678,450.18
1790691300000,4.678,4.729,4.678,4.715,1796.74
1790692200000,4.715,4.74,4.7,4.738,5707.47
1790693100000,4.738,4.749,4.72,4.733,884
1790694000000,4.733,4.737,4.68,4.698,9387.43
1790694900000,4.698,4.713,4.606,4.629,11944.18
1790695800000,4.629,4.654,4.625,4.634,11591.31
1790696700000,4.634,4.645,4.599,4.615,2937.59
1790697600000,4.615,4.641,4.6,4.625,6635.93
1790698500000,4.625,4.635,4.62,4.626,2585.33
1790699400000,4.626,4.63,4.575,4.577,3634.59
1790700300000,4.577,4.595,4.569,4.59,2143.33
1790701200000,4.59,4.601,4.579,4.585,212.71
1790702100000,4.585,4.585,4.562,4.585,319.83
1790703000000,4.585,4.59,4.579,4.586,135.4
1790703900000,4.586,4.587,4.548,4.58,1072.6
1790704800000,4.58,4.604,4.58,4.599,2134.39
1790705700000,4.599,4.623,4.599,4.616,247.46
1790706600000,4.616,4.642,4.605,4.642,1324.05
1790707500000,4.642,4.642,4.628,4.634,702.18
1790708400000,4.634,4.641,4.629,4.631,125.62
1790709300000,4.631,4.632,4.625,4.632,78.33
1790710200000,4.632,4.643,4.62,4.62,4186.69
1790711100000,4.62,4.621,4.593,4.593,2598.72
1790712000000,4.593,4.61,4.585,4.593,450.36
1790712900000,4.593,4.641,4.593,4.641,17.45
1790713800000,4.641,4.641,4.614,4.616,238.57
1790714700000,4.616,4.625,4.614,4.623,2852.72
1790715600000,4.623,4.629,4.605,4.627,6319.69
1790716500000,4.627,4.627,4.586,4.596,495.97
1790717400000,4.596,4.605,4.596,4.601,483.49
1790718300000,4.601,4.602,4.596,4.601,23.2
1790719200000,4.601,4.62,4.6,4.617,1519.96
1790720100000,4.617,4.617,4.589,4.591,9957.54
1790721000000,4.591,4.597,4.58,4.597,956.64
1790721900000,4.597,4.598,4.592,4.592,1547.45
1790722800000,4.592,4.625,4.592,4.624,3887.38
1790723700000,4.624,4.624,4.59,4.59,426.44
1790724600000,4.59,4.59,4.555,4.556,161.26
1790725500000,4.556,4.579,4.556,4.579,511.1
1790726400000,4.579,4.593,4.57,4.57,567.21
1790727300000,4.57,4.577,4.558,4.574,2996.22
1790728200000,4.574,4.591,4.574,4.586,146.76
1790729100000,4.586,4.586,4.565,4.58,1876.6
1790730000000,4.58,4.62,4.579,4.62,391.69
1790730900000,4.62,4.635,4.62,4.62,853.83
1790731800000,4.62,4.62,4.595,4.609,619.67
1790732700000,4.609,4.615,4.604,4.607,495.26
1790733600000,4.607,4.631,4.607,4.618,865.93
1790734500000,4.618,4.641,4.606,4.606,308.16
1790735400000,4.606,4.64,4.605,4.625,1530.65
1790736300000,4.625,4.625,4.59,4.59,3245.08
1790737200000,4.59,4.603,4.585,4.596,309.06
1790738100000,4.596,4.596,4.57,4.584,862.57
1790739000000,4.584,4.595,4.573,4.588,121.1
1790739900000,4.588,4.589,4.568,4.575,2973.72
1790740800000,4.575,4.603,4.575,4.593,805.33
1790741700000,4.593,4.628,4.593,4.614,2354.01
1790742600000,4.614,4.617,4.604,4.617,5110.47
1790743500000,4.617,4.617,4.594,4.594,498.45
1790744400000,4.594,4.62,4.59,4.59,1110.9
1790745300000,4.59,4.61,4.582,4.607,776.39
1790746200000,4.607,4.626,4.605,4.612,8221.66
1790747100000,4.612,4.618,4.6,4.6,43.33
1790748000000,4.6,4.61,4.585,4.585,5536.98
1790748900000,4.585,4.592,4.569,4.577,676.7
1790749800000,4.577,4.577,4.558,4.566,826.3
1790750700000,4.566,4.574,4.543,4.561,4276.22
1790751600000,4.561,4.574,4.548,4.554,1475.02
1790752500000,4.554,4.59,4.552,4.575,3993.81
1790753400000,4.575,4.6,4.575,4.59,246.96
1790754300000,4.59,4.606,4.59,4.592,2828.2
1790755200000,4.592,4.594,4.579,4.587,1099.54
1790756100000,4.587,4.621,4.587,4.62,4120.79
1790757000000,4.62,4.62,4.6,4.615,430.31
1790757900000,4.615,4.642,4.615,4.624,4382.96
1790758800000,4.624,4.64,4.624,4.632,927.66
1790759700000,4.632,4.646,4.632,4.645,2069.3
1790760600000,4.645,4.679,4.645,4.663,1972.07
1790761500000,4.663,4.681,4.663,4.669,1446.9
1790762400000,4.669,4.669,4.655,4.655,919.86
1790763300000,4.655,4.665,4.649,4.652,964.23
1790764200000,4.652,4.675,4.652,4.675,306.43
1790765100000,4.675,4.675,4.667,4.669,1323.21
1790766000000,4.669,4.669,4.635,4.652,2056.59
1790766900000,4.652,4.655,4.635,4.655,19.65
1790767800000,4.655,4.67,4.654,4.67,178.57
1790768700000,4.67,4.671,4.655,4.663,611.51
1790769600000,4.663,4.671,4.651,4.671,3869.03
1790770500000,4.671,4.671,4.65,4.659,483.46
1790771400000,4.659,4.74,4.656,4.739,11319.31
1790772300000,4.739,4.768,4.713,4.743,22066.28
1790773200000,4.743,4.782,4.74,4.772,8966.35
1790774100000,4.772,4.791,4.764,4.775,4192.37
1790775000000,4.775,4.795,4.674,4.706,14523.37
1790775900000,4.706,4.731,4.706,4.724,2671.48
1790776800000,4.724,4.74,4.705,4.72,1042.13
1790777700000,4.72,4.724,4.66,4.666,14569.86
1790778600000,4.666,4.685,4.641,4.676,6924.73
1790779500000,4.676,4.705,4.676,4.696,1797.46
1790780400000,4.696,4.702,4.683,4.683,17180.83
1790781300000,4.683,4.683,4.651,4.67,3687
1790782200000,4.67,4.716,4.67,4.703,2539.17
1790783100000,4.703,4.725,4.695,4.718,857.51
1790784000000,4.718,4.734,4.71,4.734,407.56
1790784900000,4.734,4.734,4.7,4.7,352.31
1790785800000,4.7,4.719,4.69,4.719,2300.03
1790786700000,4.719,4.72,4.705,4.705,2960.82
1790787600000,4.705,4.716,4.695,4.695,2401.85
1790788500000,4.695,4.695,4.67,4.685,2825.71
1790789400000,4.685,4.685,4.647,4.664,6467.49
1790790300000,4.664,4.679,4.65,4.656,2159.85
1790791200000,4.656,4.656,4.621,4.637,4446.25
1790792100000,4.637,4.638,4.616,4.621,3541.08
1790793000000,4.621,4.635,4.604,4.609,5514.24
1790793900000,4.609,4.609,4.6,4.605,86.84
1790794800000,4.605,4.615,4.595,4.595,2072.27
1790795700000,4.595,4.61,4.592,4.606,938.15
1790796600000,4.606,4.632,4.606,4.632,925.47
1790797500000,4.632,4.632,4.596,4.617,1331.03
1790798400000,4.617,4.627,4.61,4.627,2509.88
1790799300000,4.627,4.645,4.627,4.644,896.55
1790800200000,4.644,4.644,4.625,4.625,144.47
1790801100000,4.625,4.625,4.614,4.614,634.34
1790802000000,4.614,4.622,4.605,4.609,786.19
1790802900000,4.609,4.613,4.596,4.596,1077.39
1790803800000,4.596,4.62,4.596,4.62,1.36
1790804700000,4.62,4.62,4.6,4.6,1.36
1790805600000,4.6,4.6,4.569,4.595,2657.46
1790806500000,4.595,4.625,4.595,4.625,1550.23
1790807400000,4.625,4.636,4.625,4.636,609.69
1790808300000,4.636,4.636,4.622,4.622,311.55
1790809200000,4.622,4.642,4.617,4.617,1496.82
1790810100000,4.617,4.635,4.617,4.625,1678.25
1790811000000,4.625,4.632,4.615,4.632,214.56
1790811900000,4.632,4.632,4.62,4.626,202.35
1790812800000,4.626,4.629,4.617,4.629,709.8
1790813700000,4.629,4.64,4.618,4.64,375.11
1790814600000,4.64,4.648,4.623,4.648,75.82
1790815500000,4.648,4.648,4.63,4.63,28.58
1790816400000,4.63,4.664,4.63,4.664,1261.72
1790817300000,4.664,4.676,4.657,4.676,1794.97
1790818200000,4.676,4.676,4.635,4.636,686.1
1790819100000,4.636,4.636,4.623,4.629,1857.98
1790820000000,4.629,4.645,4.614,4.645,525.7
1790820900000,4.645,4.645,4.617,4.64,754.97
1790821800000,4.64,4.655,4.64,4.645,30.25
1790822700000,4.645,4.676,4.645,4.676,554.55
1790823600000,4.676,4.686,4.665,4.674,2880.91
1790824500000,4.674,4.69,4.674,4.675,882.1
1790825400000,4.675,4.714,4.675,4.714,548.65
1790826300000,4.714,4.72,4.706,4.713,1129.08
1790827200000,4.713,4.727,4.705,4.706,2119.88
1790828100000,4.706,4.706,4.692,4.698,263.07
1790829000000,4.698,4.709,4.685,4.685,8579.37
1790829900000,4.685,4.708,4.682,4.683,791.56
1790830800000,4.683,4.695,4.676,4.692,830.08
1790831700000,4.692,4.692,4.676,4.676,1248.2
1790832600000,4.676,4.691,4.676,4.684,80.05
1790833500000,4.684,4.692,4.683,4.683,283.88
1790834400000,4.683,4.697,4.683,4.685,276.26
1790835300000,4.685,4.688,4.685,4.686,47.15
1790836200000,4.686,4.686,4.67,4.67,54.79
1790837100000,4.67,4.697,4.67,4.697,517.66
1790838000000,4.697,4.699,4.681,4.681,485.96
1790838900000,4.681,4.681,4.61,4.61,7432.99
1790839800000,4.61,4.645,4.61,4.623,236.24
1790840700000,4.623,4.635,4.619,4.62,304.6
1790841600000,4.62,4.632,4.603,4.604,3221.56
1790842500000,4.604,4.625,4.604,4.625,235.58
1790843400000,4.625,4.636,4.61,4.62,1180.23
1790844300000,4.62,4.63,4.61,4.63,30.05
1790845200000,4.63,4.641,4.623,4.639,611.73
1790846100000,4.639,4.639,4.625,4.627,973.71
1790847000000,4.627,4.639,4.627,4.631,141.32
1790847900000,4.631,4.631,4.605,4.61,1581.91
1790848800000,4.61,4.61,4.555,4.579,1666.9
1790849700000,4.579,4.586,4.57,4.577,2440.59
1790850600000,4.577,4.605,4.577,4.605,552.94
1790851500000,4.605,4.615,4.599,4.604,4247.79
1790852400000,4.604,4.604,4.585,4.59,1253.57
1790853300000,4.59,4.597,4.586,4.592,336.98
1790854200000,4.592,4.61,4.592,4.609,96.45
1790855100000,4.609,4.615,4.608,4.612,1373.99
1790856000000,4.612,4.617,4.605,4.605,71.76
1790856900000,4.605,4.607,4.589,4.589,1205.35
1790857800000,4.589,4.6,4.588,4.588,405.46
1790858700000,4.588,4.588,4.577,4.582,3556.18
1790859600000,4.582,4.582,4.528,4.543,6053.54
1790860500000,4.543,4.553,4.53,4.551,6098.87
1790861400000,4.551,4.59,4.55,4.578,4003.42
1790862300000,4.578,4.585,4.562,4.581,1340.38
1790863200000,4.581,4.581,4.53,4.534,3239.31
1790864100000,4.534,4.565,4.534,4.556,2999.69
1790865000000,4.556,4.575,4.535,4.538,3239.57
1790865900000,4.538,4.539,4.504,4.515,1453.62
1790866800000,4.515,4.547,4.49,4.535,3650.21
1790867700000,4.535,4.565,4.535,4.545,1175.58
1790868600000,4.545,4.545,4.513,4.519,2095.17
1790869500000,4.519,4.55,4.519,4.539,2818.51
1790870400000,4.539,4.557,4.528,4.536,2854.84
1790871300000,4.536,4.545,4.522,4.536,1492.91
1790872200000,4.536,4.562,4.505,4.505,1920.76
1790873100000,4.505,4.52,4.477,4.482,12692.43
1790874000000,4.482,4.529,4.482,4.529,2622.16
1790874900000,4.529,4.575,4.529,4.575,4541.95
1790875800000,4.575,4.586,4.56,4.579,2336.68
1790876700000,4.579,4.584,4.559,4.566,619.07
1790877600000,4.566,4.583,4.558,4.574,2447.45
1790878500000,4.574,4.574,4.555,4.555,1965.47
1790879400000,4.555,4.581,4.55,4.565,713.54
1790880300000,4.565,4.565,4.555,4.557,16.53
1790881200000,4.557,4.569,4.54,4.569,943.74
1790882100000,4.569,4.569,4.525,4.527,816.68
1790883000000,4.527,4.535,4.52,4.535,1.36
1790883900000,4.535,4.575,4.535,4.555,691.31
1790884800000,4.555,4.582,4.555,4.563,1211.51
1790885700000,4.563,4.583,4.563,4.574,1196.26
1790886600000,4.574,4.585,4.57,4.575,136.84
1790887500000,4.575,4.583,4.57,4.574,548.23
1790888400000,4.574,4.574,4.558,4.558,550.21
1790889300000,4.558,4.563,4.545,4.545,1341.72
1790890200000,4.545,4.545,4.515,4.525,220.72
1790891100000,4.525,4.536,4.524,4.536,409.35
1790892000000,4.536,4.556,4.536,4.542,723.02
1790892900000,4.542,4.542,4.539,4.542,341.98
1790893800000,4.542,4.548,4.528,4.528,1331.72
1790894700000,4.528,4.545,4.522,4.545,221.74
1790895600000,4.545,4.545,4.535,4.535,432.75
1790896500000,4.535,4.546,4.535,4.545,964.16
1790897400000,4.545,4.556,4.545,4.556,556.32
1790898300000,4.556,4.561,4.554,4.557,359.67
1790899200000,4.557,4.575,4.549,4.575,493.56
1790900100000,4.575,4.585,4.575,4.576,811.59
1790901000000,4.576,4.581,4.564,4.57,2093.79
1790901900000,4.57,4.573,4.557,4.558,1604.29
1790902800000,4.558,4.564,4.55,4.55,101.87
1790903700000,4.55,4.557,4.531,4.55,2292.09
1790904600000,4.55,4.558,4.544,4.55,424.76
1790905500000,4.55,4.579,4.549,4.573,1040.18
1790906400000,4.573,4.595,4.565,4.592,1982.72
1790907300000,4.592,4.6,4.564,4.573,1084.45
1790908200000,4.573,4.576,4.572,4.576,211.11
1790909100000,4.576,4.59,4.576,4.578,368.4
1790910000000,4.578,4.6,4.576,4.591,1505.65
1790910900000,4.591,4.591,4.569,4.572,3469.47
1790911800000,4.572,4.59,4.567,4.578,1040.39
1790912700000,4.578,4.586,4.578,4.586,156.5
1790913600000,4.586,4.595,4.57,4.57,73.2
1790914500000,4.57,4.66,4.568,4.654,2856.89
1790915400000,4.654,4.665,4.639,4.665,2556.25
1790916300000,4.665,4.698,4.663,4.687,3470.33
1790917200000,4.687,4.69,4.663,4.663,3144.43
1790918100000,4.663,4.672,4.66,4.672,920.99
1790919000000,4.672,4.683,4.642,4.665,4254.76
1790919900000,4.665,4.665,4.658,4.66,1610.37
1790920800000,4.66,4.69,4.66,4.684,5347.68
1790921700000,4.684,4.7,4.673,4.69,8131.69
1790922600000,4.69,4.69,4.675,4.677,2288.74
1790923500000,4.677,4.69,4.677,4.683,1417.22
1790924400000,4.683,4.699,4.671,4.685,2154.86
1790925300000,4.685,4.71,4.685,4.701,8241.84
1790926200000,4.701,4.701,4.671,4.694,6299.76
1790927100000,4.694,4.72,4.694,4.72,1884.32
1790928000000,4.72,4.722,4.695,4.695,3127.03
1790928900000,4.695,4.736,4.695,4.723,2604.37
1790929800000,4.723,4.747,4.712,4.742,3729.88
1790930700000,4.742,4.742,4.724,4.73,2215.97
1790931600000,4.73,4.73,4.705,4.718,2869.96
1790932500000,4.718,4.73,4.718,4.73,1213.44
1790933400000,4.73,4.73,4.705,4.705,1667.71
1790934300000,4.705,4.72,4.701,4.71,5247.85
1790935200000,4.71,4.71,4.69,4.69,331.92
1790936100000,4.69,4.705,4.68,4.704,569.31
1790937000000,4.704,4.71,4.699,4.702,966.51
1790937900000,4.702,4.715,4.697,4.708,1177.46
1790938800000,4.708,4.711,4.695,4.703,756.36
1790939700000,4.703,4.711,4.699,4.708,231.73
1790940600000,4.708,4.708,4.695,4.695,262.05
1790941500000,4.695,4.71,4.695,4.71,506.37
1790942400000,4.71,4.71,4.697,4.71,767.41
1790943300000,4.71,4.72,4.71,4.72,2556.45
1790944200000,4.72,4.761,4.71,4.72,20923.07
1790945100000,4.72,4.759,4.72,4.759,2959.29
1790946000000,4.759,4.772,4.745,4.745,1146.31
1790946900000,4.745,4.745,4.74,4.74,61.09
1790947800000,4.74,4.8,4.74,4.79,2298.89
1790948700000,4.79,4.803,4.768,4.78,3156.31
1790949600000,4.78,4.79,4.745,4.758,2047.16
1790950500000,4.758,4.8,4.758,4.759,1808.89
1790951400000,4.759,4.775,4.745,4.76,2939.06
1790952300000,4.76,4.77,4.688,4.727,7402.77
1790953200000,4.727,4.735,4.703,4.734,4224.18
1790954100000,4.734,4.745,4.716,4.736,1292.1
1790955000000,4.736,4.745,4.72,4.745,1062.76
1790955900000,4.745,4.745,4.73,4.739,48.72
1790956800000,4.739,4.775,4.739,4.755,3945.83
1790957700000,4.755,4.771,4.729,4.747,1622.02
1790958600000,4.747,4.747,4.707,4.735,1016.01
1790959500000,4.735,4.745,4.715,4.726,8489.06
1790960400000,4.726,4.74,4.71,4.71,2985.62
1790961300000,4.71,4.735,4.7,4.701,4989.34
1790962200000,4.701,4.706,4.665,4.665,4263.05
1790963100000,4.665,4.698,4.659,4.684,838.01
1790964000000,4.684,4.684,4.664,4.683,1272.81
1790964900000,4.683,4.683,4.615,4.615,11348.7
1790965800000,4.615,4.623,4.414,4.44,53856.36
1790966700000,4.44,4.471,4.41,4.461,2184.93
1790967600000,4.461,4.485,4.437,4.442,2506.66
1790968500000,4.442,4.482,4.428,4.482,1878.55
1790969400000,4.482,4.497,4.477,4.497,3640.6
1790970300000,4.497,4.502,4.49,4.501,1143.44
1790971200000,4.501,4.515,4.495,4.501,2167.6
1790972100000,4.501,4.523,4.49,4.523,1318.17
1790973000000,4.523,4.535,4.504,4.505,4038.86
1790973900000,4.505,4.522,4.499,4.501,1932.83
1790974800000,4.501,4.52,4.501,4.51,2566.07
1790975700000,4.51,4.526,4.491,4.491,453.68
1790976600000,4.491,4.523,4.485,4.523,51.74
1790977500000,4.523,4.56,4.523,4.56,249.14
1790978400000,4.56,4.565,4.55,4.55,446.14
1790979300000,4.55,4.607,4.536,4.603,6286.45
1790980200000,4.603,4.607,4.585,4.594,1400.68
1790981100000,4.594,4.603,4.591,4.592,2358.59
1790982000000,4.592,4.645,4.592,4.611,5404.61
1790982900000,4.611,4.635,4.606,4.627,554.9
1790983800000,4.627,4.66,4.627,4.652,1420.41
1790984700000,4.652,4.669,4.652,4.668,171.49
1790985600000,4.668,4.705,4.66,4.674,6416.5
1790986500000,4.674,4.695,4.657,4.657,1560.43
1790987400000,4.657,4.665,4.648,4.652,2846.42
1790988300000,4.652,4.653,4.64,4.643,1627.22
1790989200000,4.643,4.643,4.626,4.634,637.81
1790990100000,4.634,4.645,4.619,4.623,1458.67
1790991000000,4.623,4.63,4.609,4.624,1635.15
1790991900000,4.624,4.624,4.602,4.602,386.83
1790992800000,4.602,4.612,4.596,4.608,295.32
1790993700000,4.608,4.619,4.6,4.6,1371.12
1790994600000,4.6,4.604,4.59,4.591,272.94
1790995500000,4.591,4.6,4.589,4.59,364.1
1790996400000,4.59,4.595,4.582,4.588,984.89
1790997300000,4.588,4.63,4.588,4.613,5219.35
1790998200000,4.613,4.619,4.6,4.6,187.15
1790999100000,4.6,4.615,4.6,4.6,540.18
1791000000000,4.6,4.605,4.573,4.584,700.51
1791000900000,4.584,4.584,4.567,4.567,40.76
1791001800000,4.567,4.572,4.553,4.561,802.62
1791002700000,4.561,4.571,4.561,4.566,128.95
1791003600000,4.566,4.59,4.554,4.588,1440.05
1791004500000,4.588,4.588,4.566,4.566,227.06
1791005400000,4.566,4.575,4.565,4.572,105.88
1791006300000,4.572,4.572,4.559,4.561,1290.27
1791007200000,4.561,4.565,4.551,4.551,1060.04
1791008100000,4.551,4.553,4.546,4.549,3439.03
1791009000000,4.549,4.554,4.542,4.543,222.46
