1781649900000,0.1703,0.1709,0.17,0.1708,36774.1
1781650800000,0.1708,0.1712,0.1708,0.171,74694.4
1781651700000,0.171,0.1713,0.1705,0.1707,277467.8
1781652600000,0.1707,0.171,0.1706,0.1707,44979.6
1781653500000,0.1707,0.1707,0.1698,0.1699,884622.4
1781654400000,0.1699,0.1717,0.1699,0.1713,88686.7
1781655300000,0.1713,0.1715,0.1706,0.1708,73335.3
1781656200000,0.1708,0.1714,0.1706,0.1714,14150.4
1781657100000,0.1714,0.1716,0.1705,0.1708,83110.1
1781658000000,0.1708,0.1719,0.1708,0.1718,120649.7
1781658900000,0.1718,0.1718,0.1703,0.1709,548356.8
1781659800000,0.1709,0.1723,0.1705,0.1722,166924.3
1781660700000,0.1722,0.1736,0.1722,0.1733,481596.2
1781661600000,0.1733,0.1735,0.1726,0.1729,137963.9
1781662500000,0.1729,0.1752,0.1729,0.1752,354957.1
1781663400000,0.1752,0.1754,0.1731,0.1739,103417.8
1781664300000,0.1739,0.1793,0.1736,0.1782,1837284.9
1781665200000,0.1782,0.1795,0.1767,0.1774,1430517.2
1781666100000,0.1774,0.1774,0.1751,0.1758,245960.8
1781667000000,0.1758,0.1758,0.174,0.1741,327345.3
1781667900000,0.1741,0.1749,0.1738,0.1744,100949
1781668800000,0.1744,0.1755,0.1744,0.1755,134833.2
1781669700000,0.1755,0.1755,0.1742,0.1751,74809.3
1781670600000,0.1751,0.1758,0.175,0.175,20638.3
1781671500000,0.175,0.1757,0.1741,0.1743,109894.9
1781672400000,0.1743,0.1753,0.1741,0.1744,78345.1
1781673300000,0.1744,0.1745,0.1729,0.1741,119057
1781674200000,0.1741,0.1745,0.1738,0.1745,54869.8
1781675100000,0.1745,0.1745,0.1734,0.1739,21860
1781676000000,0.1739,0.1741,0.1735,0.1741,44688.6
1781676900000,0.1741,0.1741,0.1701,0.1712,2614856
1781677800000,0.1712,0.1717,0.1705,0.1709,114526.9
1781678700000,0.1709,0.1717,0.1709,0.1711,151148.1
1781679600000,0.1711,0.1723,0.1708,0.1722,442849.2
1781680500000,0.1722,0.1725,0.1708,0.1708,118541.6
1781681400000,0.1708,0.1711,0.1705,0.1708,59761.1
1781682300000,0.1708,0.1711,0.1698,0.1708,155597.4
1781683200000,0.1708,0.1709,0.1695,0.1698,135925.8
1781684100000,0.1698,0.17,0.169,0.1698,220002.1
1781685000000,0.1698,0.1698,0.1682,0.1685,106468.3
1781685900000,0.1685,0.169,0.1676,0.1688,99281.7
1781686800000,0.1688,0.1688,0.1675,0.168,143176.2
1781687700000,0.168,0.1685,0.1677,0.1681,89961.2
1781688600000,0.1681,0.1684,0.1678,0.1682,27913.2
1781689500000,0.1682,0.1689,0.1679,0.1686,46216.1
1781690400000,0.1686,0.1689,0.168,0.1684,34535.9
1781691300000,0.1684,0.1689,0.168,0.1687,85164.4
1781692200000,0.1687,0.1689,0.1679,0.1679,38989.4
1781693100000,0.1679,0.168,0.1674,0.1675,59841.5
1781694000000,0.1675,0.1677,0.1663,0.1674,944932.1
1781694900000,0.1674,0.1674,0.1664,0.167,80454.1
1781695800000,0.167,0.1675,0.1668,0.1674,483405.4
1781696700000,0.1674,0.1678,0.1669,0.1669,50064.4
1781697600000,0.1669,0.1677,0.1666,0.1677,141610
1781698500000,0.1677,0.1679,0.166,0.1665,283972.9
1781699400000,0.1665,0.1677,0.166,0.1676,113508.7
1781700300000,0.1676,0.1687,0.1675,0.1685,134504.7
1781701200000,0.1685,0.1686,0.1681,0.1686,62589.3
1781702100000,0.1686,0.1686,0.1675,0.168,105229.8
1781703000000,0.168,0.169,0.1676,0.1687,105993.4
1781703900000,0.1687,0.169,0.168,0.1681,82893.5
1781704800000,0.1681,0.1684,0.1672,0.1684,71890
1781705700000,0.1684,0.1687,0.1678,0.1687,88308.3
1781706600000,0.1687,0.1688,0.1682,0.1684,131247.1
1781707500000,0.1684,0.1693,0.1662,0.1692,1698585.6
1781708400000,0.1692,0.1732,0.169,0.1722,2562644.8
1781709300000,0.1722,0.173,0.171,0.1727,1765202.4
1781710200000,0.1727,0.173,0.1712,0.1728,824264.4
1781711100000,0.1728,0.174,0.1718,0.1725,1192838.5
1781712000000,0.1725,0.173,0.1721,0.1725,235683.4
1781712900000,0.1725,0.1743,0.1721,0.174,310328.3
1781713800000,0.174,0.1741,0.1724,0.1728,149159.4
1781714700000,0.1728,0.1728,0.1709,0.1713,331882.2
1781715600000,0.1713,0.1717,0.1705,0.1713,216805.2
1781716500000,0.1713,0.1724,0.1713,0.172,53103.3
1781717400000,0.172,0.1722,0.1711,0.1712,38500.4
1781718300000,0.1712,0.1728,0.171,0.1728,63937
1781719200000,0.1728,0.1728,0.1674,0.1696,1206626.2
1781720100000,0.1696,0.1707,0.1693,0.1697,135499.2
1781721000000,0.1697,0.1739,0.169,0.1732,779670.8
1781721900000,0.1732,0.1734,0.1708,0.1717,353095.4
1781722800000,0.1717,0.172,0.1699,0.1718,239655.4
1781723700000,0.1718,0.1718,0.1667,0.1674,697051.4
1781724600000,0.1674,0.1681,0.1651,0.1658,502857.6
1781725500000,0.1658,0.1674,0.1653,0.1664,886626.7
1781726400000,0.1664,0.167,0.1655,0.166,351162
1781727300000,0.166,0.1665,0.1658,0.1661,47653.5
1781728200000,0.1661,0.1672,0.166,0.166,85488.3
1781729100000,0.166,0.1681,0.1658,0.1676,627047
1781730000000,0.1676,0.1677,0.1668,0.1671,109144.8
1781730900000,0.1671,0.1674,0.1668,0.1671,73483.1
1781731800000,0.1671,0.1677,0.1665,0.1666,55640.5
1781732700000,0.1666,0.1666,0.1657,0.1661,25279.5
1781733600000,0.1661,0.1661,0.1635,0.1656,689560.8
1781734500000,0.1656,0.1671,0.1653,0.167,77337.2
1781735400000,0.167,0.1674,0.167,0.167,48743.8
1781736300000,0.167,0.1674,0.1667,0.1667,47944.7
1781737200000,0.1667,0.1676,0.1667,0.1669,121282.2
1781738100000,0.1669,0.168,0.1669,0.1677,46434.1
1781739000000,0.1677,0.1679,0.167,0.1671,59357.6
1781739900000,0.1671,0.1674,0.1669,0.1671,38405
1781740800000,0.1671,0.1683,0.1671,0.168,59193.4
1781741700000,0.168,0.1685,0.1679,0.1683,39639.6
1781742600000,0.1683,0.1688,0.1678,0.1682,25516.9
1781743500000,0.1682,0.1685,0.1676,0.1678,52019.7
1781744400000,0.1678,0.1692,0.1677,0.1688,91565.6
1781745300000,0.1688,0.169,0.1683,0.1686,34814.5
1781746200000,0.1686,0.1692,0.1681,0.1681,46362.9
1781747100000,0.1681,0.1681,0.1674,0.1678,37857.5
1781748000000,0.1678,0.1684,0.1678,0.1679,32662.6
1781748900000,0.1679,0.1691,0.1675,0.169,93121.9
1781749800000,0.169,0.1691,0.1685,0.1691,30603.4
1781750700000,0.1691,0.1692,0.1687,0.1687,8531.8
1781751600000,0.1687,0.1687,0.1679,0.1679,31767.6
1781752500000,0.1679,0.168,0.1663,0.1663,112710.8
1781753400000,0.1663,0.1666,0.1656,0.1659,167838.3
1781754300000,0.1659,0.1666,0.1657,0.1657,33472.6
1781755200000,0.1657,0.1659,0.1634,0.1638,288407.6
1781756100000,0.1638,0.1647,0.1629,0.1639,274164.6
1781757000000,0.1639,0.1642,0.1634,0.1637,319758.4
1781757900000,0.1637,0.1642,0.1632,0.1638,139009.6
1781758800000,0.1638,0.1639,0.1622,0.1634,378397.2
1781759700000,0.1634,0.1638,0.1633,0.1634,104102.3
1781760600000,0.1634,0.1641,0.1631,0.1639,94957.4
1781761500000,0.1639,0.1644,0.1636,0.1644,70565.1
1781762400000,0.1644,0.1647,0.1638,0.1643,110571
1781763300000,0.1643,0.1645,0.1638,0.1643,52279.7
1781764200000,0.1643,0.1654,0.1643,0.1654,135467.1
1781765100000,0.1654,0.1656,0.165,0.1655,138801.7
1781766000000,0.1655,0.1657,0.165,0.1657,54355.7
1781766900000,0.1657,0.167,0.1656,0.1667,77878.6
1781767800000,0.1667,0.1671,0.1665,0.1668,22359.7
1781768700000,0.1668,0.1669,0.1664,0.1665,35077.5
1781769600000,0.1665,0.1674,0.1661,0.1673,51647.6
1781770500000,0.1673,0.1676,0.1672,0.1676,30478.6
1781771400000,0.1676,0.168,0.1676,0.1677,15635.5
1781772300000,0.1677,0.168,0.1675,0.1675,17862.8
1781773200000,0.1675,0.1675,0.1669,0.1674,52371.5
1781774100000,0.1674,0.1681,0.1674,0.1675,62390.6
1781775000000,0.1675,0.1683,0.1673,0.1683,7735.3
1781775900000,0.1683,0.1687,0.1683,0.1683,45609
1781776800000,0.1683,0.1683,0.1671,0.1672,85515.7
1781777700000,0.1672,0.1675,0.1667,0.1674,42125.5
1781778600000,0.1674,0.1677,0.1671,0.1672,28626.9
1781779500000,0.1672,0.1678,0.1669,0.167,30865.5
1781780400000,0.167,0.1675,0.1667,0.1669,36759
1781781300000,0.1669,0.1669,0.1659,0.1666,122788.2
1781782200000,0.1666,0.1669,0.1656,0.1659,173350.5
1781783100000,0.1659,0.1664,0.1656,0.1664,98168.4
1781784000000,0.1664,0.1667,0.1662,0.1664,102589
1781784900000,0.1664,0.1677,0.1661,0.1676,128369.9
1781785800000,0.1676,0.1679,0.1673,0.1676,167177.6
1781786700000,0.1676,0.1682,0.1675,0.1681,159803
1781787600000,0.1681,0.1687,0.168,0.1684,32873.4
1781788500000,0.1684,0.1689,0.1681,0.1688,54135.4
1781789400000,0.1688,0.1688,0.165,0.1654,380034.2
1781790300000,0.1654,0.1669,0.1647,0.1657,263763.2
1781791200000,0.1657,0.1662,0.1654,0.1655,81649
1781792100000,0.1655,0.1681,0.1651,0.1663,180461.9
1781793000000,0.1663,0.1675,0.1661,0.1661,89534.6
1781793900000,0.1661,0.167,0.1656,0.1668,130451.4
1781794800000,0.1668,0.1668,0.1653,0.1657,72788
1781795700000,0.1657,0.1657,0.163,0.1634,1596345.1
1781796600000,0.1634,0.1641,0.1603,0.161,1389945.7
1781797500000,0.161,0.1613,0.1584,0.1596,1602101
1781798400000,0.1596,0.1616,0.1592,0.1612,426606.7
1781799300000,0.1612,0.1614,0.1601,0.1607,165111.8
1781800200000,0.1607,0.1608,0.1599,0.1605,65965.3
1781801100000,0.1605,0.1621,0.1605,0.162,184405.7
1781802000000,0.162,0.162,0.16,0.1603,1125158.4
1781802900000,0.1603,0.1611,0.1594,0.1609,619389
1781803800000,0.1609,0.1616,0.1604,0.1608,127662.6
1781804700000,0.1608,0.1612,0.1599,0.1606,407858
1781805600000,0.1606,0.1608,0.1601,0.1605,38862.6
1781806500000,0.1605,0.1616,0.1601,0.1614,138822.4
1781807400000,0.1614,0.1618,0.1607,0.1618,46303.4
1781808300000,0.1618,0.1621,0.161,0.1611,27728.9
1781809200000,0.1611,0.1613,0.1608,0.1611,52283.7
1781810100000,0.1611,0.1619,0.1609,0.1618,20492
1781811000000,0.1618,0.1632,0.1616,0.1631,125951.4
1781811900000,0.1631,0.164,0.1631,0.1635,106421.2
1781812800000,0.1635,0.1651,0.1635,0.165,158556.1
1781813700000,0.165,0.1659,0.1648,0.1658,476291.6
1781814600000,0.1658,0.1665,0.1654,0.166,404397.9
1781815500000,0.166,0.1664,0.1654,0.1663,16625.6
1781816400000,0.1663,0.1664,0.1651,0.1651,93510.9
1781817300000,0.1651,0.1661,0.1646,0.1661,37862.9
1781818200000,0.1661,0.1665,0.1655,0.1656,29521.7
1781819100000,0.1656,0.166,0.1656,0.166,3971.2
1781820000000,0.166,0.1664,0.1657,0.166,35137.9
1781820900000,0.166,0.166,0.1653,0.1657,34223.4
1781821800000,0.1657,0.1658,0.1651,0.1656,36898.2
1781822700000,0.1656,0.1661,0.1656,0.1659,24774.7
1781823600000,0.1659,0.1661,0.1651,0.1651,19034.4
1781824500000,0.1651,0.1656,0.165,0.1656,11161.3
1781825400000,0.1656,0.166,0.1654,0.1657,228247.1
1781826300000,0.1657,0.1661,0.1653,0.1661,12798.4
1781827200000,0.1661,0.1664,0.1659,0.166,64947.7
1781828100000,0.166,0.1666,0.166,0.1665,47459.2
1781829000000,0.1665,0.1669,0.1663,0.1668,84391.6
1781829900000,0.1668,0.1668,0.1657,0.1658,20512.5
1781830800000,0.1658,0.1664,0.1651,0.1651,41064.3
1781831700000,0.1651,0.1661,0.1651,0.1655,49203.3
1781832600000,0.1655,0.1656,0.1646,0.1651,424630.3
1781833500000,0.1651,0.1659,0.1651,0.1658,27499.1
1781834400000,0.1658,0.1666,0.1654,0.1654,116128.4
1781835300000,0.1654,0.1655,0.1649,0.1653,25670.3
1781836200000,0.1653,0.1654,0.165,0.165,64823.2
1781837100000,0.165,0.1659,0.1647,0.1658,30164.8
1781838000000,0.1658,0.166,0.1644,0.1645,53982.3
1781838900000,0.1645,0.1645,0.1614,0.1636,884679.2
1781839800000,0.1636,0.1636,0.1625,0.1632,67629.5
1781840700000,0.1632,0.1637,0.1628,0.1634,46382.7
1781841600000,0.1634,0.1637,0.162,0.1635,407613
1781842500000,0.1635,0.1642,0.1626,0.1626,101845.2
1781843400000,0.1626,0.1626,0.1611,0.1614,379764.7
1781844300000,0.1614,0.1619,0.1605,0.161,289592.1
1781845200000,0.161,0.1621,0.1609,0.162,23740.7
1781846100000,0.162,0.162,0.1614,0.1616,33760.2
1781847000000,0.1616,0.1617,0.1612,0.1616,30484.2
1781847900000,0.1616,0.1623,0.1616,0.1623,36260.1
1781848800000,0.1623,0.163,0.1622,0.1628,39336.4
1781849700000,0.1628,0.1631,0.1627,0.1628,9623.6
1781850600000,0.1628,0.1628,0.1615,0.1618,23771.6
1781851500000,0.1618,0.1622,0.1613,0.1622,83002
1781852400000,0.1622,0.1623,0.1616,0.1617,16677.1
1781853300000,0.1617,0.162,0.1614,0.1618,34665.4
1781854200000,0.1618,0.1621,0.1598,0.1606,506500.6
1781855100000,0.1606,0.1609,0.16,0.1605,76952.1
1781856000000,0.1605,0.1616,0.1605,0.1616,300673.4
1781856900000,0.1616,0.1619,0.1613,0.1618,43095.2
1781857800000,0.1618,0.162,0.1614,0.1618,43854.6
1781858700000,0.1618,0.162,0.1612,0.1612,22498.5
1781859600000,0.1612,0.1615,0.1602,0.1606,55637.4
1781860500000,0.1606,0.1608,0.1603,0.1604,39126.9
1781861400000,0.1604,0.1609,0.1604,0.1606,41276.1
1781862300000,0.1606,0.1607,0.1602,0.1604,89668.9
1781863200000,0.1604,0.1605,0.16,0.1603,24629.9
1781864100000,0.1603,0.1605,0.1598,0.1605,19358
1781865000000,0.1605,0.1605,0.1593,0.1597,72147.3
1781865900000,0.1597,0.1605,0.1596,0.1601,44109
1781866800000,0.1601,0.1603,0.1598,0.1598,122817.3
1781867700000,0.1598,0.1606,0.1598,0.1599,13653.5
1781868600000,0.1599,0.1603,0.1598,0.1603,38319.8
1781869500000,0.1603,0.1606,0.1599,0.16,56555.5
1781870400000,0.16,0.1603,0.1598,0.1602,29256.9
1781871300000,0.1602,0.1602,0.1591,0.1593,227103.5
1781872200000,0.1593,0.1602,0.1591,0.16,176846.9
1781873100000,0.16,0.1618,0.1592,0.1617,454821.4
1781874000000,0.1617,0.162,0.1613,0.1615,69739.1
1781874900000,0.1615,0.1619,0.1609,0.1619,49756.6
1781875800000,0.1619,0.1633,0.1618,0.1632,147537.3
1781876700000,0.1632,0.1646,0.1632,0.1641,397875.7
1781877600000,0.1641,0.1642,0.1634,0.1634,47173.4
1781878500000,0.1634,0.1643,0.163,0.1642,73121.5
1781879400000,0.1642,0.1643,0.1634,0.1639,48346.1
1781880300000,0.1639,0.164,0.163,0.1634,448590.5
1781881200000,0.1634,0.1637,0.1631,0.1636,36611.8
1781882100000,0.1636,0.1639,0.1626,0.163,44144.6
1781883000000,0.163,0.1639,0.163,0.1637,42685.3
1781883900000,0.1637,0.1638,0.1632,0.1635,232982.5
1781884800000,0.1635,0.1642,0.1632,0.1642,53559.9
1781885700000,0.1642,0.1642,0.1633,0.1633,66460.6
1781886600000,0.1633,0.1634,0.163,0.1632,19454.5
1781887500000,0.1632,0.1632,0.1612,0.1617,474462.8
1781888400000,0.1617,0.1617,0.1606,0.1615,179519.8
1781889300000,0.1615,0.1621,0.1614,0.1617,44524.2
1781890200000,0.1617,0.1628,0.1615,0.1627,30348
1781891100000,0.1627,0.1634,0.1625,0.1629,48630
1781892000000,0.1629,0.1629,0.1621,0.1623,9311
1781892900000,0.1623,0.1623,0.1616,0.1616,17000.2
1781893800000,0.1616,0.1619,0.1607,0.1611,209662.5
1781894700000,0.1611,0.1617,0.1611,0.1616,122378.7
1781895600000,0.1616,0.1616,0.1605,0.1608,90881.4
1781896500000,0.1608,0.1609,0.1603,0.1605,12639.1
1781897400000,0.1605,0.1605,0.1602,0.1604,17927.4
1781898300000,0.1604,0.1612,0.1604,0.1608,34163.4
1781899200000,0.1608,0.1614,0.1608,0.1612,85158.9
1781900100000,0.1612,0.1612,0.1603,0.161,25518.5
1781901000000,0.161,0.1612,0.1607,0.1609,30773.2
1781901900000,0.1609,0.1625,0.1609,0.1624,44457.6
1781902800000,0.1624,0.1624,0.162,0.1623,77254.6
1781903700000,0.1623,0.1623,0.1614,0.1614,2246.3
1781904600000,0.1614,0.1614,0.1607,0.1608,16846.4
1781905500000,0.1608,0.1611,0.1608,0.1609,4976.8
1781906400000,0.1609,0.1611,0.1605,0.1609,37701.2
1781907300000,0.1609,0.1616,0.1609,0.1616,25223.1
1781908200000,0.1616,0.1618,0.1614,0.1618,43167.6
1781909100000,0.1618,0.1618,0.1615,0.1615,14090.4
1781910000000,0.1615,0.1618,0.1613,0.1613,21026.2
1781910900000,0.1613,0.1619,0.1612,0.1619,19120.1
1781911800000,0.1619,0.1621,0.1618,0.1619,30552.3
1781912700000,0.1619,0.1626,0.1613,0.1622,140841.9
1781913600000,0.1622,0.1626,0.1619,0.1621,39819.1
1781914500000,0.1621,0.1626,0.1619,0.1625,17428.7
1781915400000,0.1625,0.1634,0.1624,0.1626,103886.8
1781916300000,0.1626,0.1627,0.1616,0.1617,40578.7
1781917200000,0.1617,0.1618,0.1614,0.1614,26447
1781918100000,0.1614,0.1618,0.1609,0.1611,17058.3
1781919000000,0.1611,0.1619,0.1611,0.1614,95685
1781919900000,0.1614,0.1616,0.1612,0.1613,4936.7
1781920800000,0.1613,0.1616,0.161,0.161,12283.3
1781921700000,0.161,0.161,0.1603,0.1604,244055.8
1781922600000,0.1604,0.161,0.1602,0.1602,8280
1781923500000,0.1602,0.1607,0.1602,0.1603,10373.8
1781924400000,0.1603,0.1606,0.16,0.1604,41642.5
1781925300000,0.1604,0.1608,0.1603,0.1608,68608.7
1781926200000,0.1608,0.1611,0.1606,0.1611,13420.8
1781927100000,0.1611,0.1611,0.1607,0.1609,5495.5
1781928000000,0.1609,0.1611,0.1606,0.1608,16930.6
1781928900000,0.1608,0.1616,0.1608,0.1616,24582.6
1781929800000,0.1616,0.1618,0.1613,0.1615,14899.7
1781930700000,0.1615,0.1619,0.1614,0.1619,134153.7
1781931600000,0.1619,0.1644,0.1619,0.1639,432758.9
1781932500000,0.1639,0.1639,0.163,0.163,32320
1781933400000,0.163,0.1634,0.1627,0.163,128164.8
1781934300000,0.163,0.1634,0.1627,0.1634,27815.8
1781935200000,0.1634,0.1636,0.1633,0.1636,29895
1781936100000,0.1636,0.1641,0.1635,0.1639,33739.4
1781937000000,0.1639,0.1641,0.1636,0.164,160327.5
1781937900000,0.164,0.1643,0.164,0.1642,28764.5
1781938800000,0.1642,0.1642,0.1632,0.1634,37411.7
1781939700000,0.1634,0.1638,0.1633,0.1638,8724.4
1781940600000,0.1638,0.1639,0.1633,0.1633,18724.8
1781941500000,0.1633,0.1633,0.1625,0.1626,45640.7
1781942400000,0.1626,0.1626,0.1618,0.1621,31211.3
1781943300000,0.1621,0.1627,0.1621,0.1623,44717.2
1781944200000,0.1623,0.1623,0.1618,0.1623,26212
1781945100000,0.1623,0.1624,0.1622,0.1622,10242
1781946000000,0.1622,0.1628,0.1622,0.1626,6890.2
1781946900000,0.1626,0.1631,0.1626,0.1627,11617.5
1781947800000,0.1627,0.1632,0.1627,0.1632,21726.1
1781948700000,0.1632,0.1635,0.1632,0.1633,9109.6
1781949600000,0.1633,0.1637,0.163,0.1637,29837.2
1781950500000,0.1637,0.1637,0.1629,0.1629,5528.6
1781951400000,0.1629,0.163,0.1622,0.1622,17432
1781952300000,0.1622,0.1626,0.1622,0.1626,6733
1781953200000,0.1626,0.1628,0.1622,0.1622,9902.1
1781954100000,0.1622,0.1623,0.1619,0.1622,104198.3
1781955000000,0.1622,0.1628,0.1621,0.1628,29017.1
1781955900000,0.1628,0.1631,0.1622,0.1622,69194.4
1781956800000,0.1622,0.1625,0.1622,0.1625,69687
1781957700000,0.1625,0.1629,0.1624,0.1627,53488.7
1781958600000,0.1627,0.1627,0.162,0.1623,23345.8
1781959500000,0.1623,0.1624,0.1619,0.1621,248528.1
1781960400000,0.1621,0.1623,0.1618,0.1623,13203.4
1781961300000,0.1623,0.1623,0.1602,0.1604,220066.6
1781962200000,0.1604,0.1609,0.1604,0.1608,141192.8
1781963100000,0.1608,0.1636,0.1608,0.1628,1080450.4
1781964000000,0.1628,0.1628,0.1587,0.1589,755512.6
1781964900000,0.1589,0.1595,0.1587,0.1595,95666.5
1781965800000,0.1595,0.1601,0.1591,0.1601,346702.7
1781966700000,0.1601,0.1633,0.1601,0.1616,594046.6
1781967600000,0.1616,0.1621,0.1613,0.1619,85529.7
1781968500000,0.1619,0.1633,0.1617,0.1626,1027521.1
1781969400000,0.1626,0.1629,0.1621,0.1621,82750.2
1781970300000,0.1621,0.1626,0.1621,0.1625,20525.4
1781971200000,0.1625,0.1625,0.162,0.162,43832.7
1781972100000,0.162,0.1622,0.1612,0.1612,53071.2
1781973000000,0.1612,0.1618,0.1608,0.1617,25772.9
1781973900000,0.1617,0.1618,0.1614,0.1615,19073
1781974800000,0.1615,0.1616,0.161,0.161,26340.8
1781975700000,0.161,0.1611,0.1605,0.1605,164969.4
1781976600000,0.1605,0.1609,0.1592,0.1602,322456
1781977500000,0.1602,0.1606,0.1601,0.1603,40850.8
1781978400000,0.1603,0.1609,0.1603,0.1609,17845.7
1781979300000,0.1609,0.1611,0.1606,0.161,90258
1781980200000,0.161,0.1611,0.1604,0.1604,28778.5
1781981100000,0.1604,0.1604,0.1603,0.1603,932.4
1781982000000,0.1603,0.1606,0.1601,0.1604,44180.8
1781982900000,0.1604,0.1604,0.16,0.16,57092.8
1781983800000,0.16,0.1608,0.16,0.1606,376010.2
1781984700000,0.1606,0.1606,0.1603,0.1605,11544.7
1781985600000,0.1605,0.1607,0.1604,0.1606,17950.4
1781986500000,0.1606,0.1606,0.1601,0.1601,21483.2
1781987400000,0.1601,0.1603,0.16,0.1603,18955.9
1781988300000,0.1603,0.1606,0.1603,0.1604,16264.5
1781989200000,0.1604,0.1614,0.1602,0.1614,46395.4
1781990100000,0.1614,0.1614,0.161,0.161,67120.3
1781991000000,0.161,0.161,0.1608,0.1608,69367.6
1781991900000,0.1608,0.1609,0.1606,0.1606,20308.2
1781992800000,0.1606,0.1621,0.1605,0.1621,122789.5
1781993700000,0.1621,0.1629,0.1616,0.1626,1305474.6
1781994600000,0.1626,0.1632,0.1624,0.1629,2004667.5
1781995500000,0.1629,0.163,0.1624,0.1628,280356.6
1781996400000,0.1628,0.1629,0.1626,0.1627,32870.4
1781997300000,0.1627,0.1637,0.1627,0.1629,256370.8
1781998200000,0.1629,0.1633,0.1628,0.163,309619.6
1781999100000,0.163,0.163,0.1622,0.1625,294764.1
1782000000000,0.1625,0.1625,0.1621,0.1625,84275.3
1782000900000,0.1625,0.1629,0.1623,0.1624,12316.7
1782001800000,0.1624,0.1627,0.1624,0.1626,32173.7
1782002700000,0.1626,0.1627,0.1624,0.1625,7679.2
1782003600000,0.1625,0.1628,0.1625,0.1625,41097.8
1782004500000,0.1625,0.1625,0.1622,0.1622,9476.8
1782005400000,0.1622,0.163,0.1619,0.1627,36616.9
1782006300000,0.1627,0.1629,0.1625,0.1625,134950.1
1782007200000,0.1625,0.1629,0.1623,0.1629,14069.4
1782008100000,0.1629,0.1629,0.1622,0.1622,2644.5
1782009000000,0.1622,0.1622,0.1617,0.1619,1029759.8
1782009900000,0.1619,0.1622,0.1619,0.162,243579.1
1782010800000,0.162,0.1628,0.162,0.1628,57656.5
1782011700000,0.1628,0.1634,0.1624,0.1627,153022.9
1782012600000,0.1627,0.1629,0.1626,0.1627,28523.2
1782013500000,0.1627,0.1628,0.1626,0.1627,19687.2
1782014400000,0.1627,0.1627,0.1622,0.1622,61244.7
1782015300000,0.1622,0.1626,0.1622,0.1624,65146.9
1782016200000,0.1624,0.1629,0.1622,0.1626,80666.5
1782017100000,0.1626,0.1626,0.1611,0.1616,651889.2
1782018000000,0.1616,0.1616,0.1611,0.1613,111414.4
1782018900000,0.1613,0.1617,0.1612,0.1616,51411.1
1782019800000,0.1616,0.1622,0.1616,0.1619,418005.7
1782020700000,0.1619,0.1619,0.1613,0.1613,81516.4
1782021600000,0.1613,0.1615,0.1612,0.1615,47120.7
1782022500000,0.1615,0.1616,0.1614,0.1615,12103.5
1782023400000,0.1615,0.1622,0.1614,0.162,15834.6
1782024300000,0.162,0.162,0.1617,0.162,4258.7
1782025200000,0.162,0.162,0.1619,0.162,16561.3
1782026100000,0.162,0.1622,0.1617,0.162,32904.2
1782027000000,0.162,0.1628,0.162,0.1624,98125.8
1782027900000,0.1624,0.1627,0.1621,0.1621,1329
1782028800000,0.1621,0.1623,0.162,0.162,92384
1782029700000,0.162,0.162,0.1615,0.1617,49845
1782030600000,0.1617,0.1617,0.1608,0.1617,141063.4
1782031500000,0.1617,0.1622,0.1615,0.1622,23912.7
1782032400000,0.1622,0.1624,0.162,0.1623,62496.8
1782033300000,0.1623,0.1623,0.1618,0.162,49807.6
1782034200000,0.162,0.1633,0.162,0.1631,104784.7
1782035100000,0.1631,0.1637,0.1631,0.1635,74469.9
1782036000000,0.1635,0.1639,0.1633,0.1638,35256.6
1782036900000,0.1638,0.1643,0.1636,0.164,17838.7
1782037800000,0.164,0.164,0.1636,0.1639,60277.2
1782038700000,0.1639,0.1643,0.1632,0.1632,114229.9
1782039600000,0.1632,0.1635,0.1628,0.1635,24288.2
1782040500000,0.1635,0.1635,0.1617,0.1628,985912.4
1782041400000,0.1628,0.1628,0.1622,0.1624,94103.3
1782042300000,0.1624,0.1625,0.162,0.1621,108516.9
1782043200000,0.1621,0.1623,0.1618,0.1618,36894.7
1782044100000,0.1618,0.1621,0.1615,0.162,32681.4
1782045000000,0.162,0.1622,0.1617,0.1619,27817.1
1782045900000,0.1619,0.1632,0.1619,0.1631,58720.8
1782046800000,0.1631,0.1632,0.1626,0.163,47920.9
1782047700000,0.163,0.1637,0.163,0.1637,101111.2
1782048600000,0.1637,0.1637,0.163,0.1634,39385.8
1782049500000,0.1634,0.1635,0.1633,0.1634,27290.2
1782050400000,0.1634,0.1637,0.1631,0.1631,22282.1
1782051300000,0.1631,0.1632,0.1626,0.1628,29559.8
1782052200000,0.1628,0.163,0.1626,0.163,23982.4
1782053100000,0.163,0.1635,0.1628,0.1635,11452.5
1782054000000,0.1635,0.1644,0.1635,0.1641,106073.2
1782054900000,0.1641,0.1641,0.1635,0.1641,36920.4
1782055800000,0.1641,0.1665,0.1641,0.1662,313948.2
1782056700000,0.1662,0.1683,0.1659,0.1679,889934.1
1782057600000,0.1679,0.1686,0.1664,0.1668,237144.4
1782058500000,0.1668,0.1669,0.1661,0.1661,151805.7
1782059400000,0.1661,0.1662,0.1647,0.1654,448190.7
1782060300000,0.1654,0.1665,0.1653,0.1659,287929.2
1782061200000,0.1659,0.1671,0.1658,0.167,130229.9
1782062100000,0.167,0.1671,0.166,0.166,74332.6
1782063000000,0.166,0.1664,0.1656,0.1659,84040.6
1782063900000,0.1659,0.1659,0.1655,0.1655,32830.9
1782064800000,0.1655,0.1655,0.1642,0.165,558879.8
1782065700000,0.165,0.1654,0.165,0.1653,125651.7
1782066600000,0.1653,0.166,0.1651,0.1658,195820.4
1782067500000,0.1658,0.1659,0.1653,0.1658,91585.4
1782068400000,0.1658,0.1662,0.1657,0.1661,103372.1
1782069300000,0.1661,0.1662,0.1657,0.1658,33825.9
1782070200000,0.1658,0.1659,0.1654,0.1657,13468.6
1782071100000,0.1657,0.1658,0.1654,0.1655,10952
1782072000000,0.1655,0.1656,0.1648,0.1649,26173.8
1782072900000,0.1649,0.165,0.1644,0.1645,48408.6
1782073800000,0.1645,0.1645,0.1634,0.1641,433229.9
1782074700000,0.1641,0.1641,0.1628,0.1631,92643.7
1782075600000,0.1631,0.1633,0.1599,0.1612,596802.4
1782076500000,0.1612,0.1618,0.1606,0.1617,319076.6
1782077400000,0.1617,0.1627,0.1613,0.1626,292141.1
1782078300000,0.1626,0.1626,0.1619,0.162,25848.6
1782079200000,0.162,0.1627,0.1616,0.1621,80361.3
1782080100000,0.1621,0.1623,0.1617,0.1617,111979.7
1782081000000,0.1617,0.1618,0.161,0.1614,45738.5
1782081900000,0.1614,0.1624,0.1613,0.1621,54652.8
1782082800000,0.1621,0.1621,0.1611,0.1611,41841.7
1782083700000,0.1611,0.1618,0.1609,0.1615,19074.2
1782084600000,0.1615,0.1615,0.1598,0.16,399659.7
1782085500000,0.16,0.1608,0.16,0.1601,37103.8
1782086400000,0.1601,0.1614,0.1601,0.1609,227381.1
1782087300000,0.1609,0.1617,0.1607,0.1612,103714.6
1782088200000,0.1612,0.1626,0.1612,0.1621,149634.7
1782089100000,0.1621,0.1629,0.1619,0.1629,212967.6
1782090000000,0.1629,0.1632,0.1622,0.1622,109277.3
1782090900000,0.1622,0.1668,0.1622,0.1659,529332
1782091800000,0.1659,0.1662,0.1647,0.1655,128127.7
1782092700000,0.1655,0.1656,0.1653,0.1656,17334.8
1782093600000,0.1656,0.1656,0.1649,0.165,33271.6
1782094500000,0.165,0.1654,0.1648,0.1652,88981
1782095400000,0.1652,0.1652,0.1647,0.1649,18157.8
1782096300000,0.1649,0.1649,0.1639,0.1639,26219.8
1782097200000,0.1639,0.1639,0.1626,0.163,54790.1
1782098100000,0.163,0.164,0.163,0.1635,530884.2
1782099000000,0.1635,0.1639,0.1632,0.1632,86804.1
1782099900000,0.1632,0.1632,0.162,0.1622,348541.9
1782100800000,0.1622,0.1631,0.1619,0.1631,44513.5
1782101700000,0.1631,0.1631,0.1627,0.1628,59396.2
1782102600000,0.1628,0.1631,0.1622,0.1623,146139.8
1782103500000,0.1623,0.1634,0.1622,0.1632,18314.9
1782104400000,0.1632,0.1639,0.1632,0.1639,44985.9
1782105300000,0.1639,0.1639,0.1636,0.1636,25332.6
1782106200000,0.1636,0.1641,0.1635,0.1635,233178
1782107100000,0.1635,0.1637,0.1633,0.1636,53319.9
1782108000000,0.1636,0.164,0.1632,0.1636,138201.6
1782108900000,0.1636,0.164,0.1635,0.1635,25885.9
1782109800000,0.1635,0.1637,0.1632,0.1636,91015.3
1782110700000,0.1636,0.1636,0.163,0.1633,30738.4
1782111600000,0.1633,0.165,0.1633,0.1648,388025.7
1782112500000,0.1648,0.1653,0.1646,0.1652,25087
1782113400000,0.1652,0.1655,0.1649,0.1651,51761
1782114300000,0.1651,0.1652,0.1647,0.1648,24782.6
1782115200000,0.1648,0.1652,0.1645,0.1651,29162.5
1782116100000,0.1651,0.1654,0.165,0.165,15046.2
1782117000000,0.165,0.1651,0.1645,0.1651,57382
1782117900000,0.1651,0.1659,0.165,0.1657,428943.7
1782118800000,0.1657,0.166,0.1651,0.1651,78434.4
1782119700000,0.1651,0.1653,0.1646,0.1647,33807.8
1782120600000,0.1647,0.1651,0.1643,0.1648,50113.3
1782121500000,0.1648,0.1649,0.1645,0.1645,18758.5
1782122400000,0.1645,0.1654,0.1645,0.1654,41765.7
1782123300000,0.1654,0.1659,0.1652,0.1652,51032.3
1782124200000,0.1652,0.1654,0.1647,0.1647,38627.9
1782125100000,0.1647,0.1658,0.1647,0.1657,13422.2
1782126000000,0.1657,0.1679,0.1657,0.1672,211707.2
1782126900000,0.1672,0.1678,0.1669,0.1676,156830.1
1782127800000,0.1676,0.1694,0.1676,0.1685,401035.8
1782128700000,0.1685,0.169,0.1684,0.1684,153467.5
1782129600000,0.1684,0.1693,0.1682,0.1692,143765.7
1782130500000,0.1692,0.1698,0.1687,0.1695,95884.4
1782131400000,0.1695,0.1699,0.1689,0.1693,215141.7
1782132300000,0.1693,0.1695,0.1686,0.1694,55579.5
1782133200000,0.1694,0.1698,0.169,0.1694,86100.9
1782134100000,0.1694,0.1699,0.1691,0.1693,82188.2
1782135000000,0.1693,0.1716,0.1693,0.1712,525267.1
1782135900000,0.1712,0.1725,0.1709,0.1724,207960.1
1782136800000,0.1724,0.1728,0.1712,0.1717,115374.3
1782137700000,0.1717,0.1719,0.17,0.17,47766.1
1782138600000,0.17,0.1704,0.1685,0.1689,906918.3
1782139500000,0.1689,0.1702,0.1687,0.1699,95102.2
1782140400000,0.1699,0.1709,0.1693,0.1707,81937
1782141300000,0.1707,0.1712,0.1698,0.1707,315509
1782142200000,0.1707,0.1714,0.1695,0.1696,99865.4
1782143100000,0.1696,0.1699,0.1674,0.1682,571483.2
1782144000000,0.1682,0.1685,0.1675,0.1682,58610.9
1782144900000,0.1682,0.1691,0.1677,0.1688,73625.1
1782145800000,0.1688,0.1688,0.168,0.1687,51594.4
1782146700000,0.1687,0.1697,0.1682,0.1695,105667.4
1782147600000,0.1695,0.1695,0.1687,0.1689,19939.7
1782148500000,0.1689,0.1689,0.168,0.168,17554.3
1782149400000,0.168,0.168,0.1674,0.1677,113481.2
1782150300000,0.1677,0.1684,0.1677,0.1684,32907.4
1782151200000,0.1684,0.1689,0.1682,0.1686,71358.2
1782152100000,0.1686,0.169,0.1678,0.1679,44329.4
1782153000000,0.1679,0.1679,0.1676,0.1678,50603.2
1782153900000,0.1678,0.1679,0.1656,0.1658,388251.1
1782154800000,0.1658,0.166,0.1648,0.1652,107674
1782155700000,0.1652,0.1657,0.1645,0.1649,94443
1782156600000,0.1649,0.1653,0.1647,0.1647,95424.6
1782157500000,0.1647,0.1647,0.1638,0.1642,143738.3
1782158400000,0.1642,0.1652,0.1641,0.1647,279303.7
1782159300000,0.1647,0.1648,0.1638,0.1646,34196.6
1782160200000,0.1646,0.1651,0.1645,0.1646,147744.7
1782161100000,0.1646,0.1649,0.1643,0.1649,50643.9
1782162000000,0.1649,0.1652,0.1646,0.1649,29197.3
1782162900000,0.1649,0.1649,0.1644,0.1648,7904.3
1782163800000,0.1648,0.1649,0.1636,0.1636,117997.8
1782164700000,0.1636,0.1645,0.1636,0.1643,24156.5
1782165600000,0.1643,0.1654,0.1643,0.1653,35315.4
1782166500000,0.1653,0.1654,0.1621,0.1621,418824.7
1782167400000,0.1621,0.1632,0.1615,0.162,263468.3
1782168300000,0.162,0.163,0.162,0.1628,48860.5
1782169200000,0.1628,0.163,0.1626,0.1626,47821.1
1782170100000,0.1626,0.1634,0.1624,0.1632,45358.2
1782171000000,0.1632,0.1632,0.1626,0.1629,126587.9
1782171900000,0.1629,0.1629,0.1623,0.1628,10664.6
1782172800000,0.1628,0.1629,0.1623,0.1623,124038.7
1782173700000,0.1623,0.1626,0.1616,0.1619,90223.8
1782174600000,0.1619,0.1634,0.1619,0.1634,67455.5
1782175500000,0.1634,0.164,0.1632,0.164,57854.3
1782176400000,0.164,0.165,0.164,0.1648,49512.2
1782177300000,0.1648,0.1649,0.1644,0.1646,5611.8
1782178200000,0.1646,0.1651,0.1634,0.1641,366517
1782179100000,0.1641,0.1642,0.1626,0.1642,114576.6
1782180000000,0.1642,0.165,0.1638,0.1645,69791.1
1782180900000,0.1645,0.1649,0.1643,0.1646,74382.6
1782181800000,0.1646,0.1649,0.1642,0.1648,21676.4
1782182700000,0.1648,0.1657,0.1645,0.1654,56833
1782183600000,0.1654,0.1654,0.1637,0.1643,93328.1
1782184500000,0.1643,0.1648,0.1642,0.1645,31847
1782185400000,0.1645,0.1646,0.1642,0.1646,45465.6
1782186300000,0.1646,0.1654,0.1646,0.1654,26630.2
1782187200000,0.1654,0.1655,0.1648,0.1651,170494.3
1782188100000,0.1651,0.1652,0.1644,0.1652,32405.3
1782189000000,0.1652,0.1652,0.1637,0.1637,154279.6
1782189900000,0.1637,0.1641,0.1634,0.1639,48600.6
1782190800000,0.1639,0.1641,0.1635,0.1639,35448.5
1782191700000,0.1639,0.1641,0.1628,0.1632,220155.6
1782192600000,0.1632,0.1632,0.1623,0.1629,110870.9
1782193500000,0.1629,0.1634,0.1626,0.1633,77487.6
1782194400000,0.1633,0.1633,0.1614,0.162,379955.7
1782195300000,0.162,0.1625,0.1576,0.1597,2288035.8
1782196200000,0.1597,0.1598,0.159,0.1594,222989.8
1782197100000,0.1594,0.1602,0.1592,0.1602,36161
1782198000000,0.1602,0.1604,0.1598,0.1603,31337
1782198900000,0.1603,0.1606,0.1599,0.16,27413.5
1782199800000,0.16,0.1602,0.1593,0.1593,75396.4
1782200700000,0.1593,0.1596,0.1587,0.1587,76728.6
1782201600000,0.1587,0.159,0.1577,0.1577,130257.6
1782202500000,0.1577,0.1577,0.1535,0.1545,824488.5
1782203400000,0.1545,0.1562,0.1543,0.1558,325657.3
1782204300000,0.1558,0.1561,0.1552,0.1552,123181.5
1782205200000,0.1552,0.1558,0.1552,0.1558,47742.7
1782206100000,0.1558,0.1561,0.1554,0.1561,109866.1
1782207000000,0.1561,0.1561,0.1551,0.1554,189322.5
1782207900000,0.1554,0.1559,0.1554,0.1557,173794.6
1782208800000,0.1557,0.1562,0.1556,0.1556,51839.2
1782209700000,0.1556,0.1556,0.1544,0.1547,177957.7
1782210600000,0.1547,0.1547,0.154,0.154,122599.7
1782211500000,0.154,0.1547,0.154,0.1546,224687.5
1782212400000,0.1546,0.1552,0.1545,0.1551,118828.5
1782213300000,0.1551,0.1564,0.1551,0.1563,437599.8
1782214200000,0.1563,0.1569,0.1563,0.1568,54598.3
1782215100000,0.1568,0.1572,0.1566,0.1572,85516.2
1782216000000,0.1572,0.1573,0.1568,0.1569,39150
1782216900000,0.1569,0.157,0.1565,0.1566,56072.3
1782217800000,0.1566,0.157,0.1562,0.1566,158139.3
1782218700000,0.1566,0.1566,0.156,0.1564,77699
1782219600000,0.1564,0.1565,0.1556,0.1562,23789.9
1782220500000,0.1562,0.1562,0.1557,0.156,18083.6
1782221400000,0.156,0.1584,0.1555,0.1572,519234.5
1782222300000,0.1572,0.1585,0.157,0.1579,70014.1
1782223200000,0.1579,0.159,0.1576,0.159,153648.8
1782224100000,0.159,0.159,0.1571,0.1578,432675.2
1782225000000,0.1578,0.1582,0.1573,0.1577,51382.1
1782225900000,0.1577,0.1577,0.1563,0.1566,69362.3
1782226800000,0.1566,0.1567,0.1559,0.156,71739.8
1782227700000,0.156,0.156,0.1551,0.1553,25996.1
1782228600000,0.1553,0.1568,0.1552,0.1552,117744.1
1782229500000,0.1552,0.1554,0.1542,0.1551,73416.2
1782230400000,0.1551,0.1565,0.1546,0.1558,350761.3
1782231300000,0.1558,0.156,0.1552,0.1556,76434.6
1782232200000,0.1556,0.1558,0.1554,0.1556,24699.5
1782233100000,0.1556,0.1556,0.1551,0.1552,15732.7
1782234000000,0.1552,0.1552,0.1542,0.1542,49816.6
1782234900000,0.1542,0.1554,0.1542,0.1554,24522.6
1782235800000,0.1554,0.1563,0.1549,0.1556,50380.7
1782236700000,0.1556,0.1556,0.1549,0.1549,4672.9
1782237600000,0.1549,0.155,0.1543,0.155,24470.2
1782238500000,0.155,0.1557,0.1549,0.1554,21849.4
1782239400000,0.1554,0.1555,0.1549,0.1549,4534.5
1782240300000,0.1549,0.1555,0.1549,0.1554,24817.8
1782241200000,0.1554,0.1559,0.1552,0.1558,138565.4
1782242100000,0.1558,0.1563,0.1557,0.1562,191825.3
1782243000000,0.1562,0.1563,0.1558,0.1559,11044.6
1782243900000,0.1559,0.1563,0.1557,0.1562,73414.2
1782244800000,0.1562,0.1566,0.1562,0.1565,8022.7
1782245700000,0.1565,0.1576,0.1565,0.1576,516568.7
1782246600000,0.1576,0.1577,0.1572,0.1574,109360.4
1782247500000,0.1574,0.1574,0.1566,0.1571,59963.7
1782248400000,0.1571,0.1579,0.1571,0.1577,45093.4
1782249300000,0.1577,0.1581,0.1577,0.1579,9994.3
1782250200000,0.1579,0.1581,0.1579,0.158,8939.9
1782251100000,0.158,0.158,0.1576,0.1577,5608.7
1782252000000,0.1577,0.1586,0.1577,0.1584,2917.4
1782252900000,0.1584,0.1587,0.1579,0.1579,14156.2
1782253800000,0.1579,0.1579,0.1575,0.1576,6924.1
1782254700000,0.1576,0.1578,0.1575,0.1576,18773
1782255600000,0.1576,0.1576,0.157,0.1572,54001.8
1782256500000,0.1572,0.1575,0.157,0.1574,8447.8
1782257400000,0.1574,0.1574,0.1569,0.1569,8538.1
1782258300000,0.1569,0.1575,0.1568,0.1571,56756.2
1782259200000,0.1571,0.1577,0.1571,0.1574,42598.3
1782260100000,0.1574,0.1576,0.1572,0.1572,21029.5
1782261000000,0.1572,0.158,0.1572,0.1577,46405.3
1782261900000,0.1577,0.158,0.1574,0.1575,13776.9
1782262800000,0.1575,0.1577,0.1571,0.1574,72834.8
1782263700000,0.1574,0.1574,0.1567,0.1572,29577.4
1782264600000,0.1572,0.1582,0.1572,0.1577,43175.5
1782265500000,0.1577,0.1582,0.1577,0.1577,131469.7
1782266400000,0.1577,0.1577,0.1566,0.1569,299360.1
1782267300000,0.1569,0.1569,0.156,0.1564,85457.5
1782268200000,0.1564,0.1564,0.1555,0.1562,123361.5
1782269100000,0.1562,0.1562,0.1557,0.1559,40863.7
1782270000000,0.1559,0.1559,0.1551,0.1554,25432.6
1782270900000,0.1554,0.1554,0.1549,0.155,34139.1
1782271800000,0.155,0.1559,0.155,0.1555,128147
1782272700000,0.1555,0.1556,0.155,0.155,421423.3
1782273600000,0.155,0.1553,0.1545,0.1546,155464.8
1782274500000,0.1546,0.1547,0.1531,0.1539,261741.8
1782275400000,0.1539,0.1548,0.1537,0.1546,166801.5
1782276300000,0.1546,0.1555,0.1546,0.1553,25567.5
1782277200000,0.1553,0.1558,0.1553,0.1555,16993.1
1782278100000,0.1555,0.1563,0.1555,0.1563,143225.5
1782279000000,0.1563,0.1565,0.156,0.1562,73094.1
1782279900000,0.1562,0.1564,0.1558,0.156,22914.4
1782280800000,0.156,0.1561,0.1554,0.1554,85548.5
1782281700000,0.1554,0.1557,0.1552,0.1552,17457
1782282600000,0.1552,0.1555,0.1552,0.1553,28784.9
1782283500000,0.1553,0.1556,0.1552,0.1555,42792.3
1782284400000,0.1555,0.1555,0.1551,0.1554,55816.1
1782285300000,0.1554,0.1554,0.1552,0.1554,12585.8
1782286200000,0.1554,0.1554,0.155,0.1552,20475.9
1782287100000,0.1552,0.1553,0.1547,0.1547,222119.1
1782288000000,0.1547,0.1555,0.1547,0.1549,166006.2
1782288900000,0.1549,0.1552,0.1548,0.155,6277.4
1782289800000,0.155,0.1551,0.1548,0.1551,13924.3
1782290700000,0.1551,0.1551,0.1547,0.155,26666.6
1782291600000,0.155,0.155,0.1547,0.1548,31808.3
1782292500000,0.1548,0.1548,0.1545,0.1546,12254
1782293400000,0.1546,0.1547,0.154,0.1541,62073
1782294300000,0.1541,0.1569,0.154,0.1552,1090613.8
1782295200000,0.1552,0.1552,0.154,0.1541,88824.2
1782296100000,0.1541,0.1542,0.1534,0.1536,55082.1
1782297000000,0.1536,0.1541,0.1535,0.1537,214124.2
1782297900000,0.1537,0.1538,0.1535,0.1536,170283.8
1782298800000,0.1536,0.1539,0.1533,0.1533,82975.3
1782299700000,0.1533,0.1534,0.1523,0.1529,355769.8
1782300600000,0.1529,0.1539,0.1529,0.1538,179471.9
1782301500000,0.1538,0.1563,0.1536,0.1551,496903.7
1782302400000,0.1551,0.1552,0.1546,0.1551,48937.6
1782303300000,0.1551,0.1551,0.1543,0.1546,41076.4
1782304200000,0.1546,0.1546,0.1541,0.1541,20685.2
1782305100000,0.1541,0.1541,0.1537,0.1537,77408.9
1782306000000,0.1537,0.1537,0.1505,0.1508,1020399.8
1782306900000,0.1508,0.1514,0.1491,0.1504,1331164.2
1782307800000,0.1504,0.1517,0.1492,0.1501,772722.7
1782308700000,0.1501,0.1506,0.1484,0.15,1250602.5
1782309600000,0.15,0.1511,0.1493,0.1507,407454.5
1782310500000,0.1507,0.1509,0.1497,0.1508,192612.1
1782311400000,0.1508,0.1514,0.1505,0.151,97806
1782312300000,0.151,0.1512,0.1506,0.1511,156669.6
1782313200000,0.1511,0.1511,0.1498,0.1499,88247.3
1782314100000,0.1499,0.1506,0.1494,0.1496,142318.7
1782315000000,0.1496,0.1497,0.1479,0.1482,659330
1782315900000,0.1482,0.1483,0.1471,0.1477,528711.2
1782316800000,0.1477,0.148,0.1453,0.1478,1700083.9
1782317700000,0.1478,0.1487,0.1476,0.1482,127727.1
1782318600000,0.1482,0.1482,0.1464,0.1469,130655.7
1782319500000,0.1469,0.1469,0.1416,0.1435,2434309.4
1782320400000,0.1435,0.1444,0.1431,0.1439,213401
1782321300000,0.1439,0.1439,0.1409,0.1424,649913.6
1782322200000,0.1424,0.143,0.1419,0.1422,195584.6
1782323100000,0.1422,0.1423,0.1409,0.1415,244071.7
1782324000000,0.1415,0.1429,0.141,0.1429,119333.2
1782324900000,0.1429,0.1452,0.1429,0.1446,382725.8
1782325800000,0.1446,0.1448,0.144,0.1441,56905.1
1782326700000,0.1441,0.1441,0.1433,0.1435,97003.1
1782327600000,0.1435,0.1441,0.1428,0.1428,144755.9
1782328500000,0.1428,0.1439,0.1427,0.1437,124455.9
1782329400000,0.1437,0.144,0.1434,0.1435,104860.6
1782330300000,0.1435,0.1443,0.1432,0.1443,546851.6
1782331200000,0.1443,0.1471,0.1441,0.1468,881012.1
1782332100000,0.1468,0.1475,0.1464,0.1469,128103.5
1782333000000,0.1469,0.1474,0.1467,0.1473,155596.9
1782333900000,0.1473,0.1483,0.1473,0.1478,171839.3
1782334800000,0.1478,0.1478,0.1467,0.1472,220710.8
1782335700000,0.1472,0.1472,0.1468,0.1471,119842.1
1782336600000,0.1471,0.1483,0.1471,0.1482,125787.8
1782337500000,0.1482,0.1492,0.148,0.1491,69223.8
1782338400000,0.1491,0.1508,0.1491,0.1494,424196.2
1782339300000,0.1494,0.1497,0.1492,0.1494,41566.6
1782340200000,0.1494,0.1498,0.149,0.1493,102513.7
1782341100000,0.1493,0.1494,0.1489,0.1489,43212.6
1782342000000,0.1489,0.1493,0.1488,0.149,36447.1
1782342900000,0.149,0.1495,0.1487,0.1493,93277.9
1782343800000,0.1493,0.1499,0.1493,0.1496,41071.9
1782344700000,0.1496,0.1497,0.1492,0.1494,480548.9
1782345600000,0.1494,0.1498,0.1492,0.1496,79180.4
1782346500000,0.1496,0.1496,0.1492,0.1494,50225.6
1782347400000,0.1494,0.1494,0.1487,0.1488,60012.8
1782348300000,0.1488,0.1493,0.1488,0.1491,89756.5
1782349200000,0.1491,0.1494,0.149,0.149,42071.7
1782350100000,0.149,0.1493,0.149,0.1491,24467.6
1782351000000,0.1491,0.1495,0.149,0.1492,20379.1
1782351900000,0.1492,0.1495,0.149,0.1493,24498.6
1782352800000,0.1493,0.1499,0.1492,0.1495,79646.4
1782353700000,0.1495,0.1496,0.1494,0.1495,2137.6
1782354600000,0.1495,0.1498,0.1492,0.1492,25134.2
1782355500000,0.1492,0.1493,0.1491,0.1492,105981.4
1782356400000,0.1492,0.1494,0.1488,0.1488,95452.6
1782357300000,0.1488,0.149,0.1486,0.1489,28163.7
1782358200000,0.1489,0.1491,0.1486,0.1488,54402.4
1782359100000,0.1488,0.149,0.1488,0.149,11299
1782360000000,0.149,0.149,0.1486,0.1486,16041.6
1782360900000,0.1486,0.1487,0.1484,0.1484,67977.5
1782361800000,0.1484,0.149,0.1482,0.149,44524.6
1782362700000,0.149,0.1509,0.149,0.1508,219629.7
1782363600000,0.1508,0.152,0.1507,0.1516,294161.1
1782364500000,0.1516,0.1528,0.1516,0.1528,89989.8
1782365400000,0.1528,0.1544,0.1525,0.1527,886454.5
1782366300000,0.1527,0.1527,0.1518,0.1519,129326.9
1782367200000,0.1519,0.1526,0.1519,0.1525,76129.4
1782368100000,0.1525,0.1528,0.1524,0.1524,69553.4
1782369000000,0.1524,0.1525,0.1519,0.152,113211.8
1782369900000,0.152,0.1525,0.152,0.1522,146617.6
1782370800000,0.1522,0.1524,0.152,0.1522,20515.9
1782371700000,0.1522,0.1524,0.152,0.152,35094.9
1782372600000,0.152,0.1521,0.1518,0.152,31717.6
1782373500000,0.152,0.1522,0.1517,0.1522,108821.4
1782374400000,0.1522,0.1523,0.1519,0.152,24792.4
1782375300000,0.152,0.152,0.1516,0.1518,108125
1782376200000,0.1518,0.1518,0.1514,0.1515,45596.8
1782377100000,0.1515,0.1515,0.1509,0.1511,35704.4
1782378000000,0.1511,0.1512,0.1509,0.1509,12239.3
1782378900000,0.1509,0.1509,0.1504,0.1508,30095.1
1782379800000,0.1508,0.1509,0.1506,0.1507,10960.8
1782380700000,0.1507,0.1508,0.1507,0.1507,14477.6
1782381600000,0.1507,0.151,0.1507,0.151,11012.2
1782382500000,0.151,0.151,0.1499,0.15,62217.6
1782383400000,0.15,0.1501,0.1497,0.1499,32499.1
1782384300000,0.1499,0.15,0.1496,0.1498,49833
1782385200000,0.1498,0.1499,0.1493,0.1496,33848.7
1782386100000,0.1496,0.1497,0.1491,0.1492,45418.8
1782387000000,0.1492,0.1494,0.1491,0.1492,36002.5
1782387900000,0.1492,0.1492,0.1486,0.1487,242974.7
1782388800000,0.1487,0.1491,0.1486,0.1488,38476.2
1782389700000,0.1488,0.1488,0.1468,0.1476,1883263.2
1782390600000,0.1476,0.1508,0.1475,0.1491,855065.7
1782391500000,0.1491,0.1495,0.149,0.1492,53004.4
1782392400000,0.1492,0.1496,0.149,0.1495,73982
1782393300000,0.1495,0.1498,0.1493,0.1498,64496.3
1782394200000,0.1498,0.1508,0.145,0.1451,681554
1782395100000,0.1451,0.1461,0.1369,0.1378,4205653
1782396000000,0.1378,0.1437,0.1378,0.1429,1277405.4
1782396900000,0.1429,0.1436,0.1411,0.1425,358625.7
1782397800000,0.1425,0.1461,0.1422,0.1428,799501.3
1782398700000,0.1428,0.1435,0.1422,0.1424,489887.9
1782399600000,0.1424,0.1426,0.1407,0.141,478458.2
1782400500000,0.141,0.1416,0.1397,0.1411,332364.9
1782401400000,0.1411,0.1419,0.1411,0.1417,232163.6
1782402300000,0.1417,0.1427,0.1413,0.1426,191075.3
1782403200000,0.1426,0.1444,0.1423,0.1435,191816.9
1782404100000,0.1435,0.1438,0.1427,0.1428,89495.3
1782405000000,0.1428,0.143,0.1412,0.1412,157600.7
1782405900000,0.1412,0.1412,0.1405,0.1409,116266
1782406800000,0.1409,0.1423,0.1407,0.1421,98357.2
1782407700000,0.1421,0.1434,0.1421,0.1431,246133.2
1782408600000,0.1431,0.1434,0.1425,0.1427,104177.5
1782409500000,0.1427,0.1435,0.1423,0.1434,97521
1782410400000,0.1434,0.1436,0.1419,0.1419,194361
1782411300000,0.1419,0.143,0.1414,0.1415,338616.1
1782412200000,0.1415,0.1416,0.1402,0.1405,165502.8
1782413100000,0.1405,0.1408,0.1401,0.1405,51083.4
1782414000000,0.1405,0.1407,0.1397,0.1398,185832.3
1782414900000,0.1398,0.1398,0.1389,0.1394,88977
1782415800000,0.1394,0.1401,0.1394,0.1399,454943.7
1782416700000,0.1399,0.1402,0.1396,0.1401,273877.4
1782417600000,0.1401,0.1416,0.1401,0.1406,432695.1
1782418500000,0.1406,0.1415,0.1406,0.1414,57010.1
1782419400000,0.1414,0.1415,0.1405,0.1407,109848.5
1782420300000,0.1407,0.1407,0.1399,0.14,25942.3
1782421200000,0.14,0.141,0.14,0.141,109088.7
1782422100000,0.141,0.1413,0.1407,0.1413,38879.2
1782423000000,0.1413,0.1428,0.1413,0.1428,54059.8
1782423900000,0.1428,0.1435,0.1426,0.1433,54273.2
1782424800000,0.1433,0.1435,0.1424,0.1425,78872.6
1782425700000,0.1425,0.1427,0.1423,0.1424,63243.5
1782426600000,0.1424,0.1428,0.1424,0.1426,15958.1
1782427500000,0.1426,0.1432,0.1424,0.1431,54706
1782428400000,0.1431,0.1431,0.1425,0.143,43918.6
1782429300000,0.143,0.1441,0.143,0.1439,190347
1782430200000,0.1439,0.1447,0.1439,0.1439,61585.7
1782431100000,0.1439,0.1439,0.1434,0.1436,92016.6
1782432000000,0.1436,0.1441,0.1436,0.1439,75568.3
1782432900000,0.1439,0.1442,0.1434,0.1438,50089.9
1782433800000,0.1438,0.1438,0.1435,0.1435,18687.7
1782434700000,0.1435,0.1436,0.1431,0.1432,29789.5
1782435600000,0.1432,0.1435,0.1425,0.1427,57967
1782436500000,0.1427,0.143,0.1416,0.1416,92383.2
1782437400000,0.1416,0.1417,0.1412,0.1413,65904.4
1782438300000,0.1413,0.1417,0.1412,0.1416,34546.2
1782439200000,0.1416,0.1416,0.1368,0.1377,1302999.2
1782440100000,0.1377,0.1395,0.1375,0.1395,363512.3
1782441000000,0.1395,0.14,0.139,0.1394,102937.9
1782441900000,0.1394,0.1394,0.1381,0.1386,116182.4
1782442800000,0.1386,0.1401,0.1374,0.14,246053
1782443700000,0.14,0.1406,0.1391,0.14,335141.5
1782444600000,0.14,0.1415,0.1395,0.1414,681066.5
1782445500000,0.1414,0.1435,0.1413,0.1431,358067.6
1782446400000,0.1431,0.1431,0.1426,0.1428,128167.3
1782447300000,0.1428,0.1438,0.1428,0.143,154809.3
1782448200000,0.143,0.1433,0.1427,0.143,63254.4
1782449100000,0.143,0.143,0.1426,0.1429,19690.7
1782450000000,0.1429,0.1438,0.1425,0.1438,32613.8
1782450900000,0.1438,0.1441,0.143,0.1436,66738.3
1782451800000,0.1436,0.1439,0.1433,0.1436,82309.5
1782452700000,0.1436,0.1437,0.1431,0.1432,83718
1782453600000,0.1432,0.1432,0.1421,0.1422,396304.6
1782454500000,0.1422,0.1444,0.1422,0.1442,532762.6
1782455400000,0.1442,0.1456,0.1437,0.1455,258455.4
1782456300000,0.1455,0.1461,0.1452,0.1456,247182.9
1782457200000,0.1456,0.1476,0.1456,0.1469,1403015.7
1782458100000,0.1469,0.1474,0.1464,0.147,290026.3
1782459000000,0.147,0.1476,0.1469,0.1469,92799.2
1782459900000,0.1469,0.1475,0.1467,0.1475,172736.2
1782460800000,0.1475,0.1476,0.1458,0.146,248416.7
1782461700000,0.146,0.1464,0.1459,0.1461,60178.5
1782462600000,0.1461,0.1461,0.1453,0.1453,678493.2
1782463500000,0.1453,0.1457,0.1451,0.1455,129381.2
1782464400000,0.1455,0.1456,0.1449,0.1452,71620.6
1782465300000,0.1452,0.1456,0.1449,0.1454,219519.4
1782466200000,0.1454,0.1457,0.1452,0.1454,58322.5
1782467100000,0.1454,0.1454,0.1438,0.144,332517.8
1782468000000,0.144,0.1442,0.1434,0.1442,628523.7
1782468900000,0.1442,0.1446,0.1441,0.1445,44018.9
1782469800000,0.1445,0.1446,0.1435,0.1438,77955.5
1782470700000,0.1438,0.1439,0.1433,0.1434,67092.4
1782471600000,0.1434,0.1442,0.1434,0.1437,116827.7
1782472500000,0.1437,0.1437,0.1432,0.1432,30984.9
1782473400000,0.1432,0.1436,0.1432,0.1435,33654.9
1782474300000,0.1435,0.1436,0.1424,0.1431,175601
1782475200000,0.1431,0.144,0.1431,0.1439,215928.2
1782476100000,0.1439,0.1451,0.1439,0.1451,124470.9
1782477000000,0.1451,0.1461,0.1425,0.1432,387447.8
1782477900000,0.1432,0.1446,0.1429,0.1436,307449.5
1782478800000,0.1436,0.1447,0.1432,0.1443,125594
1782479700000,0.1443,0.1443,0.1419,0.1438,914049.2
1782480600000,0.1438,0.1452,0.1434,0.1447,720923.7
1782481500000,0.1447,0.1464,0.144,0.1463,707954.2
1782482400000,0.1463,0.1472,0.1454,0.1461,347011
1782483300000,0.1461,0.1472,0.1459,0.1466,236340
1782484200000,0.1466,0.1471,0.1451,0.1453,154945.6
1782485100000,0.1453,0.146,0.1449,0.1454,145416.3
1782486000000,0.1454,0.1463,0.1447,0.1453,194036.1
1782486900000,0.1453,0.1475,0.1451,0.1468,451800.4
1782487800000,0.1468,0.1486,0.1468,0.1484,441224.6
1782488700000,0.1484,0.1484,0.1463,0.1479,876115.7
1782489600000,0.1479,0.1497,0.1479,0.1487,1313368.6
1782490500000,0.1487,0.1491,0.1472,0.1487,551139.1
1782491400000,0.1487,0.1506,0.1487,0.1495,386732.9
1782492300000,0.1495,0.15,0.1492,0.1494,124207.6
1782493200000,0.1494,0.1519,0.1491,0.1514,531190.6
1782494100000,0.1514,0.1531,0.1505,0.1521,833033.6
1782495000000,0.1521,0.1526,0.1511,0.152,585204.9
1782495900000,0.152,0.1529,0.152,0.1526,133491.3
1782496800000,0.1526,0.1551,0.1525,0.1537,2166215.4
1782497700000,0.1537,0.1549,0.1531,0.1531,577988.2
1782498600000,0.1531,0.154,0.1531,0.154,222800.4
1782499500000,0.154,0.1557,0.1531,0.1555,700578.8
1782500400000,0.1555,0.1571,0.1542,0.1562,908828.3
1782501300000,0.1562,0.1562,0.1524,0.1549,1869688.4
1782502200000,0.1549,0.156,0.1547,0.1556,275786.6
1782503100000,0.1556,0.1566,0.1531,0.1534,1443967.3
1782504000000,0.1534,0.1562,0.1534,0.156,1106919.1
1782504900000,0.156,0.1564,0.1546,0.1557,249570.4
1782505800000,0.1557,0.1557,0.1534,0.155,1187112.6
1782506700000,0.155,0.155,0.1541,0.1544,937208
1782507600000,0.1544,0.1546,0.1509,0.1528,1024355.1
1782508500000,0.1528,0.1532,0.1521,0.1532,535345.9
1782509400000,0.1532,0.1542,0.1532,0.1537,119512.5
1782510300000,0.1537,0.1537,0.1524,0.1524,117013.5
1782511200000,0.1524,0.1532,0.1518,0.153,88691.2
1782512100000,0.153,0.1531,0.1525,0.1525,46338.4
1782513000000,0.1525,0.1532,0.1524,0.1532,54106.7
1782513900000,0.1532,0.1537,0.1529,0.1537,13684.5
1782514800000,0.1537,0.1545,0.1535,0.1544,170802.9
1782515700000,0.1544,0.1544,0.1536,0.1536,58682.8
1782516600000,0.1536,0.155,0.1536,0.155,135417.7
1782517500000,0.155,0.1568,0.1536,0.1547,2684528
1782518400000,0.1547,0.1562,0.1547,0.156,1247027.1
1782519300000,0.156,0.1566,0.155,0.1557,380810.3
1782520200000,0.1557,0.156,0.1538,0.1547,673926.1
1782521100000,0.1547,0.1563,0.1547,0.1563,160441.1
1782522000000,0.1563,0.1579,0.156,0.1576,1060018.3
1782522900000,0.1576,0.1587,0.1576,0.1578,673778.7
1782523800000,0.1578,0.1578,0.1563,0.1567,910512.4
1782524700000,0.1567,0.1577,0.1567,0.1574,143377.2
1782525600000,0.1574,0.158,0.1567,0.158,210216.7
1782526500000,0.158,0.1596,0.158,0.1593,509886.1
1782527400000,0.1593,0.1607,0.159,0.1606,187475.1
1782528300000,0.1606,0.1636,0.1605,0.1633,1379404.8
1782529200000,0.1633,0.1633,0.1606,0.1632,1880854.2
1782530100000,0.1632,0.1657,0.1624,0.1626,1806084.2
1782531000000,0.1626,0.1655,0.1623,0.1654,1735058.2
1782531900000,0.1654,0.1659,0.1621,0.1627,1356349
1782532800000,0.1627,0.1656,0.1624,0.1655,1213496
1782533700000,0.1655,0.167,0.1639,0.1645,597829
1782534600000,0.1645,0.1652,0.1626,0.1629,715418.7
1782535500000,0.1629,0.1636,0.1616,0.1621,542398.4
1782536400000,0.1621,0.1621,0.1593,0.1613,1570170.8
1782537300000,0.1613,0.1615,0.1598,0.16,475699.4
1782538200000,0.16,0.1635,0.16,0.1635,542945
1782539100000,0.1635,0.1655,0.1633,0.1654,1331747.2
1782540000000,0.1654,0.1658,0.1641,0.1641,821686.9
1782540900000,0.1641,0.1649,0.1625,0.1639,1400324.3
1782541800000,0.1639,0.1658,0.163,0.1656,1107900.2
1782542700000,0.1656,0.1675,0.1638,0.1653,2804492.1
1782543600000,0.1653,0.1671,0.1651,0.167,961471.5
1782544500000,0.167,0.1683,0.1661,0.1669,1042346.2
1782545400000,0.1669,0.1693,0.1645,0.1682,3838523.4
1782546300000,0.1682,0.1691,0.1666,0.1685,1954867.9
1782547200000,0.1685,0.1699,0.1669,0.1677,2529883.7
1782548100000,0.1677,0.168,0.1654,0.1658,1546357.3
1782549000000,0.1658,0.1664,0.1652,0.1661,672241
1782549900000,0.1661,0.1678,0.166,0.1671,873053.3
1782550800000,0.1671,0.1682,0.1663,0.1663,642526.6
1782551700000,0.1663,0.1675,0.166,0.1671,600185.6
1782552600000,0.1671,0.1698,0.167,0.1696,1089675.6
1782553500000,0.1696,0.1734,0.1696,0.1734,2477413.1
1782554400000,0.1734,0.1735,0.1686,0.1687,1930050.6
1782555300000,0.1687,0.1695,0.1672,0.1677,1513075.3
1782556200000,0.1677,0.168,0.1662,0.1673,1291132.2
1782557100000,0.1673,0.1682,0.1662,0.1665,888061.2
1782558000000,0.1665,0.1669,0.1638,0.1659,1594114.9
1782558900000,0.1659,0.1665,0.1649,0.1663,629111.2
1782559800000,0.1663,0.1693,0.166,0.1688,1268050.8
1782560700000,0.1688,0.1704,0.1688,0.1692,1039626.5
1782561600000,0.1692,0.1715,0.1686,0.1712,1168646.3
1782562500000,0.1712,0.1717,0.1697,0.1699,824706.7
1782563400000,0.1699,0.1714,0.1698,0.1713,1200072.8
1782564300000,0.1713,0.1727,0.1707,0.1726,2231887.3
1782565200000,0.1726,0.1742,0.1719,0.1726,2063210.2
1782566100000,0.1726,0.1734,0.1708,0.1733,1699763.2
1782567000000,0.1733,0.1741,0.1719,0.1721,1377016.5
1782567900000,0.1721,0.1731,0.1702,0.1707,2841620.9
1782568800000,0.1707,0.1737,0.1707,0.1737,797385.6
1782569700000,0.1737,0.1756,0.1731,0.1748,1630030.3
1782570600000,0.1748,0.176,0.1727,0.1741,928438.8
1782571500000,0.1741,0.1743,0.1728,0.1742,683670.7
1782572400000,0.1742,0.1774,0.1742,0.1758,1526141.8
1782573300000,0.1758,0.1769,0.1748,0.1764,531248.9
1782574200000,0.1764,0.1782,0.1755,0.1773,1866212
1782575100000,0.1773,0.1792,0.177,0.1784,1098986.2
1782576000000,0.1784,0.1796,0.1752,0.1761,2420004.5
1782576900000,0.1761,0.1794,0.1753,0.1793,1248671.5
1782577800000,0.1793,0.1839,0.1793,0.1819,4153429.9
1782578700000,0.1819,0.1841,0.179,0.1792,3113038.2
1782579600000,0.1792,0.1798,0.1772,0.1779,2152611.6
1782580500000,0.1779,0.178,0.1756,0.177,1684849.7
1782581400000,0.177,0.1771,0.1745,0.1751,1248405.8
1782582300000,0.1751,0.1753,0.1732,0.1739,1111060.1
1782583200000,0.1739,0.1749,0.1724,0.1745,713565.3
1782584100000,0.1745,0.1752,0.173,0.1736,1216447.7
1782585000000,0.1736,0.1737,0.1715,0.1726,1241284.2
1782585900000,0.1726,0.174,0.1722,0.174,478809.1
1782586800000,0.174,0.174,0.172,0.1722,629895.6
1782587700000,0.1722,0.1724,0.1688,0.1706,1005250.2
1782588600000,0.1706,0.1709,0.1696,0.1702,443976.4
1782589500000,0.1702,0.1704,0.1693,0.1699,390881.3
1782590400000,0.1699,0.1699,0.1674,0.1686,2232176.1
1782591300000,0.1686,0.1689,0.168,0.1681,392529.8
1782592200000,0.1681,0.1684,0.1672,0.1675,568076.7
1782593100000,0.1675,0.1681,0.1673,0.1677,505124.6
1782594000000,0.1677,0.1683,0.1675,0.1681,481352.8
1782594900000,0.1681,0.169,0.1678,0.1678,153704.9
1782595800000,0.1678,0.1678,0.1667,0.1669,191126.9
1782596700000,0.1669,0.1677,0.1665,0.1674,147724.4
1782597600000,0.1674,0.1682,0.1668,0.1677,723890.8
1782598500000,0.1677,0.1678,0.1659,0.1676,437621.8
1782599400000,0.1676,0.1683,0.1676,0.1677,94931.9
1782600300000,0.1677,0.168,0.1675,0.1678,240233.5
1782601200000,0.1678,0.1678,0.166,0.166,182730.3
1782602100000,0.166,0.1664,0.1648,0.1656,564078.1
1782603000000,0.1656,0.1669,0.1655,0.1659,1068378.7
1782603900000,0.1659,0.1665,0.1654,0.1662,212090.1
1782604800000,0.1662,0.1662,0.1655,0.1659,220777.1
1782605700000,0.1659,0.1673,0.1659,0.1669,178362
1782606600000,0.1669,0.1671,0.1663,0.167,111722.3
1782607500000,0.167,0.167,0.1655,0.1657,59940.6
1782608400000,0.1657,0.1657,0.1641,0.1648,319973.5
1782609300000,0.1648,0.1659,0.1648,0.1651,105675.4
1782610200000,0.1651,0.1654,0.1649,0.1653,54218.9
1782611100000,0.1653,0.1655,0.165,0.1654,49156.8
1782612000000,0.1654,0.1661,0.1652,0.1657,113937.7
1782612900000,0.1657,0.1659,0.1646,0.1649,130486.7
1782613800000,0.1649,0.1658,0.1649,0.1652,17549.5
1782614700000,0.1652,0.1657,0.1652,0.1656,23650
1782615600000,0.1656,0.1665,0.1655,0.1663,18612
1782616500000,0.1663,0.1664,0.1653,0.1661,194157.9
1782617400000,0.1661,0.1665,0.166,0.1664,63374.3
1782618300000,0.1664,0.1671,0.1663,0.167,80156.6
1782619200000,0.167,0.167,0.1663,0.1664,40892.7
1782620100000,0.1664,0.1664,0.1657,0.1657,48260.9
1782621000000,0.1657,0.1657,0.1648,0.1657,47171.2
1782621900000,0.1657,0.1664,0.1657,0.1659,26512.9
1782622800000,0.1659,0.1661,0.1653,0.1655,40795.4
1782623700000,0.1655,0.1658,0.1652,0.1653,55911.2
1782624600000,0.1653,0.1668,0.1649,0.1664,96446.9
1782625500000,0.1664,0.1692,0.166,0.1685,611606.3
1782626400000,0.1685,0.1697,0.1657,0.1657,666656.6
1782627300000,0.1657,0.1683,0.1655,0.1677,320849.7
1782628200000,0.1677,0.1687,0.1666,0.1667,221008.4
1782629100000,0.1667,0.1679,0.1664,0.1674,114859.7
1782630000000,0.1674,0.1715,0.1672,0.171,1095101.7
1782630900000,0.171,0.1715,0.1691,0.1695,337701.6
1782631800000,0.1695,0.1713,0.1694,0.1712,203639.6
1782632700000,0.1712,0.1728,0.1696,0.1701,775022.9
1782633600000,0.1701,0.1724,0.1699,0.1707,307361.2
1782634500000,0.1707,0.1725,0.1699,0.1702,263790.1
1782635400000,0.1702,0.1724,0.1697,0.1724,254195.3
1782636300000,0.1724,0.1742,0.1717,0.1719,509839.4
1782637200000,0.1719,0.1734,0.1711,0.1722,468254.7
1782638100000,0.1722,0.1722,0.1709,0.1721,182583.6
1782639000000,0.1721,0.1736,0.1717,0.1724,469117.9
1782639900000,0.1724,0.1726,0.1706,0.1716,199144
1782640800000,0.1716,0.1725,0.1709,0.1719,238870
1782641700000,0.1719,0.1723,0.1697,0.17,137426.2
1782642600000,0.17,0.1741,0.1699,0.1732,369729.4
1782643500000,0.1732,0.175,0.1731,0.1748,470987.1
1782644400000,0.1748,0.1767,0.1746,0.1753,812341.4
1782645300000,0.1753,0.1783,0.1752,0.1775,811863.4
1782646200000,0.1775,0.1778,0.1748,0.177,340640.5
1782647100000,0.177,0.177,0.1748,0.1751,179757.4
1782648000000,0.1751,0.1765,0.1746,0.1753,396921.8
1782648900000,0.1753,0.177,0.1748,0.177,240977.5
1782649800000,0.177,0.1772,0.1754,0.1762,198747.9
1782650700000,0.1762,0.1779,0.1761,0.1772,378881.5
1782651600000,0.1772,0.1772,0.1734,0.1745,458625.5
1782652500000,0.1745,0.1747,0.1734,0.1739,210410.7
1782653400000,0.1739,0.1739,0.1725,0.1737,467460.8
1782654300000,0.1737,0.1737,0.1722,0.1725,173490.5
1782655200000,0.1725,0.1736,0.1724,0.1735,150999.2
1782656100000,0.1735,0.1755,0.1735,0.1745,135189.9
1782657000000,0.1745,0.1751,0.1743,0.1745,91471.5
1782657900000,0.1745,0.177,0.1739,0.1762,299726.9
1782658800000,0.1762,0.1775,0.1736,0.1756,490857.2
1782659700000,0.1756,0.1757,0.1737,0.1738,73784.4
1782660600000,0.1738,0.1748,0.1733,0.1743,66539.1
1782661500000,0.1743,0.1743,0.1733,0.174,66503
1782662400000,0.174,0.1747,0.1735,0.1738,167109.8
1782663300000,0.1738,0.1747,0.1734,0.1738,160002.3
1782664200000,0.1738,0.1748,0.1735,0.1739,414915.6
1782665100000,0.1739,0.1753,0.1739,0.1752,315093.9
1782666000000,0.1752,0.1756,0.1734,0.1737,263831.4
1782666900000,0.1737,0.1737,0.1708,0.1713,2087152.3
1782667800000,0.1713,0.1727,0.171,0.1724,614727.4
1782668700000,0.1724,0.1724,0.1719,0.172,156685.4
1782669600000,0.172,0.172,0.1699,0.1711,419852.1
1782670500000,0.1711,0.1712,0.1702,0.1705,134474.9
1782671400000,0.1705,0.1712,0.1702,0.171,74201.2
1782672300000,0.171,0.1717,0.1704,0.1711,159430.9
1782673200000,0.1711,0.1712,0.1706,0.1707,52744.4
1782674100000,0.1707,0.1709,0.1702,0.1706,26478.5
1782675000000,0.1706,0.1712,0.1692,0.1694,177362.4
1782675900000,0.1694,0.1694,0.1677,0.1685,1622788.1
1782676800000,0.1685,0.1694,0.168,0.1692,1030273.4
1782677700000,0.1692,0.1699,0.1692,0.1698,98574
1782678600000,0.1698,0.172,0.1695,0.1708,414635.5
1782679500000,0.1708,0.1708,0.1701,0.1704,110011.2
1782680400000,0.1704,0.1708,0.17,0.17,117860.2
1782681300000,0.17,0.1703,0.1693,0.1694,73184.7
1782682200000,0.1694,0.1705,0.1694,0.1699,45715.2
1782683100000,0.1699,0.1699,0.1681,0.1688,42783
1782684000000,0.1688,0.1722,0.1688,0.171,162275.3
1782684900000,0.171,0.1714,0.1701,0.1705,146791.8
1782685800000,0.1705,0.1738,0.1704,0.1714,413038.5
1782686700000,0.1714,0.172,0.1678,0.1702,1774903.9
1782687600000,0.1702,0.1719,0.1693,0.1702,1110530.7
1782688500000,0.1702,0.1716,0.1702,0.1713,102376.4
1782689400000,0.1713,0.1738,0.1711,0.1734,189547.8
1782690300000,0.1734,0.1738,0.1726,0.1726,65411.8
1782691200000,0.1726,0.175,0.1713,0.1745,538832.9
1782692100000,0.1745,0.1745,0.1718,0.1718,89981.2
1782693000000,0.1718,0.1739,0.1707,0.1735,109899.2
1782693900000,0.1735,0.1753,0.1725,0.1751,113780.1
1782694800000,0.1751,0.1751,0.1735,0.1738,108569.9
1782695700000,0.1738,0.1741,0.1721,0.1722,286182.6
1782696600000,0.1722,0.1736,0.1719,0.1735,16050.4
1782697500000,0.1735,0.174,0.1732,0.1733,34417.7
1782698400000,0.1733,0.1736,0.1709,0.1716,175704.4
1782699300000,0.1716,0.1751,0.1716,0.1749,107073.8
1782700200000,0.1749,0.1771,0.1748,0.1771,324344.7
1782701100000,0.1771,0.178,0.1765,0.1777,185669.6
1782702000000,0.1777,0.1806,0.1775,0.1792,364468.1
1782702900000,0.1792,0.1814,0.179,0.1814,629097.2
1782703800000,0.1814,0.1821,0.1788,0.1788,283929.4
1782704700000,0.1788,0.1794,0.1774,0.1786,1539648.6
1782705600000,0.1786,0.1788,0.1764,0.1768,364909.7
1782706500000,0.1768,0.1775,0.1764,0.1768,44853.3
1782707400000,0.1768,0.1768,0.1749,0.1761,1484599.9
1782708300000,0.1761,0.1762,0.1754,0.1754,49116.9
1782709200000,0.1754,0.1761,0.1726,0.1743,1083178.3
1782710100000,0.1743,0.1751,0.1742,0.1746,98518.6
1782711000000,0.1746,0.1749,0.1738,0.1745,38640.4
1782711900000,0.1745,0.1761,0.174,0.1761,82157.7
1782712800000,0.1761,0.1793,0.176,0.1792,282598.6
1782713700000,0.1792,0.1816,0.1792,0.1792,422768.6
1782714600000,0.1792,0.1799,0.1778,0.179,92353.5
1782715500000,0.179,0.181,0.1782,0.18,254876.7
1782716400000,0.18,0.1821,0.1798,0.1815,196069.5
1782717300000,0.1815,0.1835,0.1815,0.1828,473626.6
1782718200000,0.1828,0.1837,0.1817,0.1819,234900.9
1782719100000,0.1819,0.1827,0.1812,0.1813,173992.6
1782720000000,0.1813,0.1826,0.1804,0.1804,106364.1
1782720900000,0.1804,0.1815,0.1799,0.1809,569767.7
1782721800000,0.1809,0.1839,0.1805,0.1822,340786.8
1782722700000,0.1822,0.1833,0.1804,0.1804,497111.5
1782723600000,0.1804,0.1828,0.1799,0.1818,235801.8
1782724500000,0.1818,0.1839,0.1816,0.1826,253504.5
1782725400000,0.1826,0.1833,0.1824,0.1829,205547.7
1782726300000,0.1829,0.1838,0.1826,0.1829,395368.1
1782727200000,0.1829,0.1838,0.1821,0.1834,368951.2
1782728100000,0.1834,0.1834,0.1824,0.183,99783.9
1782729000000,0.183,0.183,0.1819,0.1824,134044.6
1782729900000,0.1824,0.1824,0.1815,0.1816,37688.8
1782730800000,0.1816,0.1816,0.1793,0.1794,577503.9
1782731700000,0.1794,0.1798,0.1785,0.1795,100739.1
1782732600000,0.1795,0.1814,0.1788,0.1789,661010.7
1782733500000,0.1789,0.1799,0.1788,0.1798,507678.9
1782734400000,0.1798,0.186,0.1789,0.1841,1201395.3
1782735300000,0.1841,0.185,0.1832,0.1844,246360.4
1782736200000,0.1844,0.1845,0.1812,0.1818,722180.3
1782737100000,0.1818,0.1825,0.181,0.1816,108490
1782738000000,0.1816,0.1825,0.1815,0.1816,201248.9
1782738900000,0.1816,0.182,0.1795,0.1799,786994.9
1782739800000,0.1799,0.1818,0.178,0.1793,968818.7
1782740700000,0.1793,0.1808,0.1779,0.1808,535590
1782741600000,0.1808,0.181,0.1786,0.1789,154986.6
1782742500000,0.1789,0.1798,0.1772,0.1789,680829.1
1782743400000,0.1789,0.1804,0.1784,0.1787,299796.1
1782744300000,0.1787,0.1798,0.1777,0.1796,168843.9
1782745200000,0.1796,0.1796,0.176,0.1774,483492.7
1782746100000,0.1774,0.1782,0.1769,0.1779,723547.5
1782747000000,0.1779,0.1788,0.1776,0.1782,402355.6
1782747900000,0.1782,0.1782,0.1768,0.1772,293739.3
1782748800000,0.1772,0.1782,0.1769,0.1778,42371.3
1782749700000,0.1778,0.178,0.1766,0.1768,43140.2
1782750600000,0.1768,0.1784,0.1768,0.1783,28734.9
1782751500000,0.1783,0.1805,0.1783,0.1795,270589.9
1782752400000,0.1795,0.1833,0.1795,0.1824,265656.6
1782753300000,0.1824,0.1844,0.1816,0.1843,291016.8
1782754200000,0.1843,0.1863,0.1834,0.1859,426586.5
1782755100000,0.1859,0.1859,0.1831,0.1835,235427.4
1782756000000,0.1835,0.1835,0.182,0.1827,724718.1
1782756900000,0.1827,0.1827,0.1814,0.1814,66337.2
1782757800000,0.1814,0.182,0.1808,0.1819,155146.8
1782758700000,0.1819,0.1819,0.1809,0.1813,45456.6
1782759600000,0.1813,0.1813,0.1805,0.1806,86415.8
1782760500000,0.1806,0.1838,0.1806,0.1837,256469.7
1782761400000,0.1837,0.1837,0.1815,0.1819,142662.7
1782762300000,0.1819,0.1821,0.1813,0.1817,32692.3
1782763200000,0.1817,0.1818,0.1808,0.1811,392220.1
1782764100000,0.1811,0.1812,0.1808,0.181,51157.2
1782765000000,0.181,0.181,0.1801,0.1803,56467.7
1782765900000,0.1803,0.1803,0.1798,0.1801,44733.9
1782766800000,0.1801,0.1801,0.179,0.18,136484.8
1782767700000,0.18,0.18,0.1795,0.1796,77607.6
1782768600000,0.1796,0.18,0.1796,0.1797,22387.4
1782769500000,0.1797,0.1799,0.1788,0.1789,53107.1
1782770400000,0.1789,0.1794,0.1781,0.1784,75415.5
1782771300000,0.1784,0.1787,0.1773,0.1775,78439.4
1782772200000,0.1775,0.1782,0.1773,0.178,31094.3
1782773100000,0.178,0.1781,0.1772,0.1772,61203.2
1782774000000,0.1772,0.1777,0.1769,0.1776,139865.8
1782774900000,0.1776,0.1778,0.1767,0.1768,65843.6
1782775800000,0.1768,0.177,0.1759,0.1762,310841.7
1782776700000,0.1762,0.1764,0.1754,0.176,109761.7
1782777600000,0.176,0.1761,0.1744,0.1754,117435.5
1782778500000,0.1754,0.1756,0.1741,0.1743,70826.9
1782779400000,0.1743,0.1744,0.1725,0.173,147381
1782780300000,0.173,0.1736,0.1727,0.1731,43663.1
1782781200000,0.1731,0.1732,0.1716,0.1718,73217.9
1782782100000,0.1718,0.1733,0.1718,0.1729,41343.9
1782783000000,0.1729,0.1735,0.1724,0.1726,54827.5
1782783900000,0.1726,0.1728,0.1719,0.1726,45700.5
1782784800000,0.1726,0.1728,0.1714,0.1717,61162.2
1782785700000,0.1717,0.1724,0.1714,0.1723,34121.4
1782786600000,0.1723,0.1727,0.1718,0.1726,42328.2
1782787500000,0.1726,0.1743,0.1726,0.1738,393270.5
1782788400000,0.1738,0.174,0.1731,0.1732,514043.9
1782789300000,0.1732,0.1738,0.173,0.1735,40343.5
1782790200000,0.1735,0.174,0.173,0.1739,48045.1
1782791100000,0.1739,0.1747,0.1737,0.1747,59051.2
1782792000000,0.1747,0.1747,0.1731,0.1744,47636.7
1782792900000,0.1744,0.1744,0.1732,0.1743,14780.7
1782793800000,0.1743,0.1759,0.1743,0.1759,46539.6
1782794700000,0.1759,0.176,0.1747,0.1748,63271.4
1782795600000,0.1748,0.1749,0.1738,0.1744,77513.6
1782796500000,0.1744,0.1747,0.1741,0.1741,22549.1
1782797400000,0.1741,0.1751,0.174,0.1751,28481.6
1782798300000,0.1751,0.176,0.1748,0.1757,20262.3
1782799200000,0.1757,0.1757,0.1747,0.1747,4602.5
1782800100000,0.1747,0.1755,0.1747,0.1754,94008.9
1782801000000,0.1754,0.1763,0.1752,0.1757,97198.7
1782801900000,0.1757,0.1761,0.1753,0.1761,17811.1
1782802800000,0.1761,0.1761,0.1748,0.1752,88431
1782803700000,0.1752,0.1754,0.1746,0.175,20379.3
1782804600000,0.175,0.1751,0.1742,0.1744,68321.6
1782805500000,0.1744,0.1747,0.1742,0.1742,25518.8
1782806400000,0.1742,0.1744,0.1734,0.1735,129809.6
1782807300000,0.1735,0.1736,0.173,0.1735,124547.9
1782808200000,0.1735,0.1736,0.1719,0.1723,175393.2
1782809100000,0.1723,0.1731,0.1719,0.173,299897.4
1782810000000,0.173,0.173,0.1725,0.1726,306131.5
1782810900000,0.1726,0.173,0.172,0.173,461381.5
1782811800000,0.173,0.173,0.1726,0.173,29251
1782812700000,0.173,0.173,0.1725,0.1727,299455.4
1782813600000,0.1727,0.1729,0.1721,0.1726,18021.9
1782814500000,0.1726,0.1734,0.1725,0.1726,67566.3
1782815400000,0.1726,0.1728,0.1722,0.1724,165815
1782816300000,0.1724,0.1735,0.1724,0.1731,14209.4
1782817200000,0.1731,0.1732,0.1724,0.1726,21095.8
1782818100000,0.1726,0.1726,0.1709,0.1715,590084.5
1782819000000,0.1715,0.1717,0.171,0.1717,311460.5
1782819900000,0.1717,0.1721,0.1704,0.1709,97398.9
1782820800000,0.1709,0.1709,0.1692,0.1692,240909.4
1782821700000,0.1692,0.1698,0.1684,0.1686,329354.5
1782822600000,0.1686,0.1689,0.168,0.1685,78221.7
1782823500000,0.1685,0.1688,0.1669,0.167,298638.4
1782824400000,0.167,0.1687,0.167,0.168,134022.8
1782825300000,0.168,0.1686,0.1677,0.168,92564.4
1782826200000,0.168,0.1691,0.1673,0.1683,129919.4
1782827100000,0.1683,0.1697,0.1678,0.1695,187382.5
1782828000000,0.1695,0.171,0.1691,0.1704,66029.3
1782828900000,0.1704,0.1707,0.1698,0.1702,77312
1782829800000,0.1702,0.1704,0.1688,0.1694,105931.3
1782830700000,0.1694,0.1695,0.168,0.1681,331338.6
1782831600000,0.1681,0.1689,0.1679,0.1689,36617.8
1782832500000,0.1689,0.1697,0.1682,0.1695,87280.1
1782833400000,0.1695,0.1695,0.1689,0.169,40905.3
1782834300000,0.169,0.1707,0.169,0.1692,97830.5
1782835200000,0.1692,0.1699,0.1688,0.1689,56998.4
1782836100000,0.1689,0.1692,0.1678,0.168,429526.4
1782837000000,0.168,0.1689,0.167,0.1687,319965
1782837900000,0.1687,0.1703,0.1687,0.17,111087.5
1782838800000,0.17,0.1705,0.1692,0.1692,120859.6
1782839700000,0.1692,0.1695,0.1683,0.1683,81328.2
1782840600000,0.1683,0.1688,0.1682,0.1685,28282.4
1782841500000,0.1685,0.1688,0.1678,0.1681,103616.7
1782842400000,0.1681,0.1683,0.1676,0.1682,24127.4
1782843300000,0.1682,0.1691,0.1675,0.1676,141083.7
1782844200000,0.1676,0.1677,0.1669,0.1675,363102.3
1782845100000,0.1675,0.1686,0.1675,0.1686,241661.1
1782846000000,0.1686,0.1686,0.1679,0.1681,71572.6
1782846900000,0.1681,0.1681,0.1674,0.1679,23410.1
1782847800000,0.1679,0.1686,0.1679,0.168,97575
1782848700000,0.168,0.168,0.1676,0.1677,13164.9
1782849600000,0.1677,0.1682,0.1672,0.1681,222564.9
1782850500000,0.1681,0.1681,0.1672,0.1673,72966.1
1782851400000,0.1673,0.1675,0.167,0.1672,128152.1
1782852300000,0.1672,0.1678,0.1671,0.1674,34128.6
1782853200000,0.1674,0.1677,0.1669,0.1677,21569.1
1782854100000,0.1677,0.1684,0.1675,0.168,18774.7
1782855000000,0.168,0.1689,0.168,0.1683,37887.4
1782855900000,0.1683,0.1683,0.1676,0.1678,4427.7
1782856800000,0.1678,0.1682,0.1674,0.1677,55640.7
1782857700000,0.1677,0.1682,0.1677,0.1677,28667.9
1782858600000,0.1677,0.1677,0.1672,0.1676,36323
1782859500000,0.1676,0.1677,0.1675,0.1675,69111.5
1782860400000,0.1675,0.1676,0.167,0.167,20529.5
1782861300000,0.167,0.1671,0.1657,0.1662,1101777.6
1782862200000,0.1662,0.1663,0.1659,0.1662,205716.5
1782863100000,0.1662,0.1662,0.1657,0.1657,15799
1782864000000,0.1657,0.1662,0.1657,0.1662,47654.8
1782864900000,0.1662,0.1663,0.1647,0.1649,776842.4
1782865800000,0.1649,0.1659,0.1648,0.1652,208053.2
1782866700000,0.1652,0.1653,0.1646,0.1647,133777.2
1782867600000,0.1647,0.1649,0.1598,0.1619,1472632.5
1782868500000,0.1619,0.1629,0.1615,0.1616,292578.4
1782869400000,0.1616,0.1633,0.1613,0.1625,178142.6
1782870300000,0.1625,0.1629,0.1612,0.1613,201467.7
1782871200000,0.1613,0.1618,0.1609,0.1615,119582.2
1782872100000,0.1615,0.1622,0.1613,0.1621,79438.3
1782873000000,0.1621,0.1637,0.162,0.1637,178576.3
1782873900000,0.1637,0.1638,0.1624,0.1636,190119.3
1782874800000,0.1636,0.1637,0.1629,0.1632,84243.9
1782875700000,0.1632,0.1632,0.1626,0.163,63191
1782876600000,0.163,0.1645,0.1627,0.1639,121618.1
1782877500000,0.1639,0.1676,0.1639,0.1664,615617.5
1782878400000,0.1664,0.1688,0.1658,0.1672,421050.7
1782879300000,0.1672,0.1697,0.1672,0.1696,290434
1782880200000,0.1696,0.1696,0.1683,0.1694,257912.6
1782881100000,0.1694,0.1706,0.1683,0.1689,306296.5
1782882000000,0.1689,0.1691,0.1681,0.1685,35108.6
1782882900000,0.1685,0.169,0.1675,0.1675,636449.9
1782883800000,0.1675,0.1678,0.1661,0.1668,318989
1782884700000,0.1668,0.1668,0.1662,0.1665,50501.9
1782885600000,0.1665,0.1666,0.1658,0.1665,188207
1782886500000,0.1665,0.1676,0.1647,0.1658,455319.5
1782887400000,0.1658,0.1658,0.1637,0.1641,268637.9
1782888300000,0.1641,0.1642,0.1624,0.163,295863.5
1782889200000,0.163,0.1631,0.1622,0.163,74766
1782890100000,0.163,0.1637,0.1628,0.1637,60285.9
1782891000000,0.1637,0.1643,0.1631,0.164,58590.3
1782891900000,0.164,0.1647,0.1637,0.164,70027.3
1782892800000,0.164,0.1645,0.1635,0.1644,49544.7
1782893700000,0.1644,0.1644,0.1636,0.1637,35057.2
1782894600000,0.1637,0.1648,0.1635,0.1648,69937.5
1782895500000,0.1648,0.1662,0.164,0.1662,43146.6
1782896400000,0.1662,0.1669,0.1656,0.1662,120949.9
1782897300000,0.1662,0.1673,0.1662,0.1665,235612.8
1782898200000,0.1665,0.167,0.1665,0.1665,22110.3
1782899100000,0.1665,0.1668,0.1657,0.1667,109293.1
1782900000000,0.1667,0.167,0.1662,0.1662,117369.2
1782900900000,0.1662,0.1674,0.1661,0.1668,83068.4
1782901800000,0.1668,0.167,0.1659,0.166,68893.7
1782902700000,0.166,0.1665,0.166,0.1663,32983.2
1782903600000,0.1663,0.1671,0.1662,0.1671,27962.2
1782904500000,0.1671,0.1675,0.167,0.1671,20685
1782905400000,0.1671,0.1673,0.1665,0.1666,37396.4
1782906300000,0.1666,0.167,0.1664,0.1664,40810.7
1782907200000,0.1664,0.1666,0.1653,0.1656,150077.8
1782908100000,0.1656,0.1663,0.1656,0.1659,72110.9
1782909000000,0.1659,0.1659,0.1648,0.1653,105683.6
1782909900000,0.1653,0.1653,0.1648,0.1653,243941.1
1782910800000,0.1653,0.1669,0.1653,0.1668,243003.6
1782911700000,0.1668,0.1681,0.1668,0.168,154444.8
1782912600000,0.168,0.1697,0.1648,0.1692,1179858.9
1782913500000,0.1692,0.1719,0.1692,0.1706,386872.3
1782914400000,0.1706,0.1726,0.1699,0.1726,220692.5
1782915300000,0.1726,0.1732,0.1713,0.1714,232909.3
1782916200000,0.1714,0.1731,0.1705,0.1723,110216.5
1782917100000,0.1723,0.1752,0.1714,0.1738,332219.7
1782918000000,0.1738,0.1752,0.1732,0.1737,140192.6
1782918900000,0.1737,0.1762,0.1735,0.1752,207941.5
1782919800000,0.1752,0.1756,0.1743,0.1754,108373.7
1782920700000,0.1754,0.176,0.1749,0.1756,277965.6
1782921600000,0.1756,0.1758,0.1742,0.1745,126232.8
1782922500000,0.1745,0.1757,0.1739,0.1754,133668.3
1782923400000,0.1754,0.1754,0.174,0.1741,47804.9
1782924300000,0.1741,0.1741,0.1719,0.1727,466178.2
1782925200000,0.1727,0.1727,0.1716,0.1725,185792
1782926100000,0.1725,0.1734,0.1723,0.173,81826
1782927000000,0.173,0.173,0.1719,0.172,41618.9
1782927900000,0.172,0.173,0.1719,0.1724,20499.5
1782928800000,0.1724,0.1726,0.1715,0.1715,18945
1782929700000,0.1715,0.1718,0.1707,0.1708,84751.1
1782930600000,0.1708,0.1708,0.17,0.17,368300.5
1782931500000,0.17,0.1703,0.1693,0.1699,83694.6
1782932400000,0.1699,0.1706,0.1699,0.1702,83988.3
1782933300000,0.1702,0.1702,0.1693,0.1693,108713.6
1782934200000,0.1693,0.1695,0.1677,0.168,335914.9
1782935100000,0.168,0.1688,0.1678,0.1681,50487.2
1782936000000,0.1681,0.1685,0.1676,0.1683,148123.8
1782936900000,0.1683,0.1685,0.1674,0.1683,65299.2
1782937800000,0.1683,0.1691,0.168,0.1691,39447
1782938700000,0.1691,0.1695,0.169,0.1693,43061.7
1782939600000,0.1693,0.1732,0.1693,0.1717,471718.3
1782940500000,0.1717,0.1721,0.171,0.1713,49288.9
1782941400000,0.1713,0.1727,0.1713,0.1723,49385.4
1782942300000,0.1723,0.173,0.1723,0.1723,18839.2
1782943200000,0.1723,0.1729,0.1722,0.1722,83439.1
1782944100000,0.1722,0.1737,0.1716,0.1716,216353.7
1782945000000,0.1716,0.1721,0.1714,0.1715,149240.3
1782945900000,0.1715,0.1715,0.1704,0.1708,27524
1782946800000,0.1708,0.1708,0.1687,0.169,326246.5
1782947700000,0.169,0.1694,0.1684,0.1688,120438.9
1782948600000,0.1688,0.169,0.168,0.168,67726.8
1782949500000,0.168,0.1683,0.1675,0.1677,70049
1782950400000,0.1677,0.1678,0.1662,0.167,300086.9
1782951300000,0.167,0.1672,0.1665,0.1666,157015.2
1782952200000,0.1666,0.1672,0.1664,0.1666,24775.5
1782953100000,0.1666,0.1678,0.1666,0.1676,25515.8
1782954000000,0.1676,0.1682,0.1676,0.1682,42979.6
1782954900000,0.1682,0.1685,0.168,0.1684,69881.4
1782955800000,0.1684,0.1703,0.1684,0.1697,91796.9
1782956700000,0.1697,0.17,0.1693,0.1693,63922.4
1782957600000,0.1693,0.1694,0.1689,0.169,57000.9
1782958500000,0.169,0.1699,0.169,0.1698,8082.3
1782959400000,0.1698,0.1708,0.1698,0.1707,10485
1782960300000,0.1707,0.1711,0.1705,0.1707,46229.2
1782961200000,0.1707,0.1708,0.1699,0.1702,66072.7
1782962100000,0.1702,0.1716,0.1695,0.1711,1339143.4
1782963000000,0.1711,0.1718,0.1706,0.1718,86946.1
1782963900000,0.1718,0.1722,0.1713,0.1722,121880.9
1782964800000,0.1722,0.1724,0.1716,0.1718,79258.5
1782965700000,0.1718,0.1718,0.1714,0.1718,13697
1782966600000,0.1718,0.173,0.1714,0.1729,17532.3
1782967500000,0.1729,0.1739,0.1724,0.1724,111559.1
1782968400000,0.1724,0.1726,0.172,0.1723,19196.7
1782969300000,0.1723,0.1723,0.1717,0.1718,45854.9
1782970200000,0.1718,0.1718,0.1703,0.1704,50051.9
1782971100000,0.1704,0.1708,0.1703,0.1706,68225.4
1782972000000,0.1706,0.1706,0.1692,0.1693,49067.9
1782972900000,0.1693,0.1705,0.1692,0.1698,42533.2
1782973800000,0.1698,0.1705,0.1697,0.1703,136224
1782974700000,0.1703,0.1703,0.1692,0.1697,37813.4
1782975600000,0.1697,0.1697,0.1686,0.1689,85358.6
1782976500000,0.1689,0.1696,0.1689,0.1689,32090.5
1782977400000,0.1689,0.1701,0.1689,0.1699,53260.6
1782978300000,0.1699,0.1708,0.1699,0.1707,45084.3
1782979200000,0.1707,0.1711,0.1704,0.1707,49643.1
1782980100000,0.1707,0.1737,0.1707,0.1728,114803.8
1782981000000,0.1728,0.173,0.1718,0.1718,134831.2
1782981900000,0.1718,0.1722,0.1713,0.1722,104463.3
1782982800000,0.1722,0.1722,0.171,0.1711,19220.3
1782983700000,0.1711,0.1716,0.171,0.1715,61165.6
1782984600000,0.1715,0.1746,0.1715,0.1739,305215.5
1782985500000,0.1739,0.1752,0.1734,0.1735,359244.9
1782986400000,0.1735,0.1742,0.1732,0.1733,48867.3
1782987300000,0.1733,0.1739,0.173,0.1739,36703.9
1782988200000,0.1739,0.1752,0.1738,0.175,97478.3
1782989100000,0.175,0.1773,0.175,0.1772,258773.2
1782990000000,0.1772,0.1789,0.1766,0.1786,236053.3
1782990900000,0.1786,0.1788,0.1771,0.1784,170609.4
1782991800000,0.1784,0.1802,0.1782,0.1784,154657.2
1782992700000,0.1784,0.1796,0.1783,0.1796,157971.9
1782993600000,0.1796,0.1809,0.1787,0.1791,279380.6
1782994500000,0.1791,0.1794,0.1771,0.1783,298032.2
1782995400000,0.1783,0.1792,0.177,0.1774,281607.2
1782996300000,0.1774,0.1781,0.1772,0.1772,80991.7
1782997200000,0.1772,0.1776,0.1766,0.1773,244008.2
1782998100000,0.1773,0.1779,0.1767,0.1767,376844.7
1782999000000,0.1767,0.1791,0.1759,0.1784,356579.5
1782999900000,0.1784,0.1787,0.1781,0.1782,75562.9
1783000800000,0.1782,0.1789,0.1772,0.1776,136192.5
1783001700000,0.1776,0.1776,0.1743,0.1747,422282.2
1783002600000,0.1747,0.1753,0.1738,0.1742,193414.9
1783003500000,0.1742,0.1747,0.1731,0.1734,143612
1783004400000,0.1734,0.1735,0.1714,0.172,274602.6
1783005300000,0.172,0.1726,0.1709,0.1721,211704.1
1783006200000,0.1721,0.1726,0.1719,0.1721,72456.2
1783007100000,0.1721,0.1722,0.1716,0.1719,39141.4
1783008000000,0.1719,0.1721,0.1712,0.1717,72654.4
1783008900000,0.1717,0.1723,0.171,0.1712,187534.7
1783009800000,0.1712,0.172,0.1705,0.1716,261845.2
1783010700000,0.1716,0.1723,0.1714,0.1717,165927.1
1783011600000,0.1717,0.1723,0.1715,0.1721,49997.3
1783012500000,0.1721,0.1728,0.172,0.1728,412539.3
1783013400000,0.1728,0.1743,0.1716,0.1724,551558.4
1783014300000,0.1724,0.1726,0.1716,0.1719,296089.2
1783015200000,0.1719,0.1732,0.1719,0.1729,495091.3
1783016100000,0.1729,0.1739,0.1727,0.1737,760136.5
1783017000000,0.1737,0.1741,0.173,0.1741,535855.8
1783017900000,0.1741,0.1741,0.1732,0.1736,656164.1
1783018800000,0.1736,0.1738,0.1723,0.1733,882476.1
1783019700000,0.1733,0.1733,0.1713,0.1725,1108524.6
1783020600000,0.1725,0.1725,0.1714,0.1717,418138.7
1783021500000,0.1717,0.1729,0.1717,0.172,842679.8
1783022400000,0.172,0.172,0.1714,0.1718,462978.4
1783023300000,0.1718,0.1719,0.171,0.1711,79132.3
1783024200000,0.1711,0.1716,0.1709,0.1715,119368.8
1783025100000,0.1715,0.1725,0.1715,0.1719,143626
1783026000000,0.1719,0.172,0.1712,0.1719,60248.6
1783026900000,0.1719,0.1732,0.1717,0.173,84161.6
1783027800000,0.173,0.1735,0.1721,0.1722,79076.8
1783028700000,0.1722,0.1731,0.172,0.173,34306.8
1783029600000,0.173,0.1733,0.1725,0.1726,93715.9
1783030500000,0.1726,0.1726,0.1718,0.1719,45355.5
1783031400000,0.1719,0.172,0.1717,0.1719,8463.4
1783032300000,0.1719,0.1728,0.1718,0.1727,8744
1783033200000,0.1727,0.1727,0.1719,0.1724,10620.5
1783034100000,0.1724,0.1728,0.1723,0.1725,187332.1
1783035000000,0.1725,0.1726,0.1721,0.1722,18518.8
1783035900000,0.1722,0.1726,0.1722,0.1723,6034.5
1783036800000,0.1723,0.1727,0.1711,0.1718,22603.7
1783037700000,0.1718,0.1719,0.1712,0.1714,16744.4
1783038600000,0.1714,0.1718,0.1711,0.1711,6779.3
1783039500000,0.1711,0.1718,0.1711,0.1714,30356.8
1783040400000,0.1714,0.1734,0.1714,0.1733,49785.8
1783041300000,0.1733,0.1739,0.1731,0.1739,59260.3
1783042200000,0.1739,0.1749,0.1736,0.1744,208566.9
1783043100000,0.1744,0.1744,0.1738,0.1743,43102.5
1783044000000,0.1743,0.1743,0.1726,0.1729,674052.1
1783044900000,0.1729,0.1736,0.1729,0.1731,32599.5
1783045800000,0.1731,0.1731,0.172,0.1723,76037.9
1783046700000,0.1723,0.1729,0.1723,0.1726,8954.3
1783047600000,0.1726,0.1727,0.1714,0.1714,93855.6
1783048500000,0.1714,0.1727,0.1714,0.1727,8143.8
1783049400000,0.1727,0.1727,0.1718,0.1718,118662.3
1783050300000,0.1718,0.1723,0.1718,0.1723,63959.9
1783051200000,0.1723,0.1723,0.1714,0.1719,25978.8
1783052100000,0.1719,0.172,0.1713,0.172,75962.3
1783053000000,0.172,0.1726,0.1718,0.1726,222000.2
1783053900000,0.1726,0.1727,0.172,0.1724,87950.5
1783054800000,0.1724,0.1724,0.1718,0.172,45678.8
1783055700000,0.172,0.1727,0.1716,0.1726,66408.5
1783056600000,0.1726,0.1736,0.1725,0.1726,170157.4
1783057500000,0.1726,0.1727,0.1722,0.1722,19581.1
1783058400000,0.1722,0.1743,0.1721,0.1741,248614.5
1783059300000,0.1741,0.1741,0.173,0.1735,68864.8
1783060200000,0.1735,0.1737,0.1728,0.173,35798.9
1783061100000,0.173,0.1734,0.173,0.1733,59656.5
1783062000000,0.1733,0.1734,0.1728,0.1728,35759.8
1783062900000,0.1728,0.1734,0.1728,0.1733,31676.8
1783063800000,0.1733,0.1737,0.1733,0.1737,17758.5
1783064700000,0.1737,0.1737,0.173,0.173,49947
1783065600000,0.173,0.1731,0.1723,0.1723,59430.7
1783066500000,0.1723,0.1724,0.172,0.1722,29044.7
1783067400000,0.1722,0.1733,0.172,0.173,378753.1
1783068300000,0.173,0.1731,0.172,0.1723,23962.9
1783069200000,0.1723,0.1732,0.1722,0.1732,21639.3
1783070100000,0.1732,0.1732,0.1723,0.1726,9941.7
1783071000000,0.1726,0.1729,0.1726,0.1729,38953.6
1783071900000,0.1729,0.1749,0.1729,0.1739,228585.9
1783072800000,0.1739,0.1748,0.1739,0.1746,99576.7
1783073700000,0.1746,0.1749,0.174,0.1748,73542.1
1783074600000,0.1748,0.1758,0.1744,0.1756,267042.2
1783075500000,0.1756,0.1771,0.1756,0.1764,482758
1783076400000,0.1764,0.1768,0.1756,0.1765,142926.9
1783077300000,0.1765,0.1774,0.1762,0.1763,51602.2
1783078200000,0.1763,0.177,0.1763,0.177,16807.6
1783079100000,0.177,0.1783,0.1769,0.1779,102344.1
1783080000000,0.1779,0.1789,0.1776,0.1785,224843.7
1783080900000,0.1785,0.1785,0.1766,0.1772,658512.1
1783081800000,0.1772,0.1775,0.1761,0.1761,1200556.8
1783082700000,0.1761,0.1791,0.1761,0.178,1049288.6
1783083600000,0.178,0.1791,0.1772,0.1781,1379623.9
1783084500000,0.1781,0.1784,0.1764,0.1772,625656.5
1783085400000,0.1772,0.1776,0.1768,0.1774,57806.5
1783086300000,0.1774,0.1777,0.177,0.1771,72542.2
1783087200000,0.1771,0.1771,0.174,0.1744,714496
1783088100000,0.1744,0.1755,0.1742,0.1752,72938.4
1783089000000,0.1752,0.1766,0.1751,0.1765,43255.6
1783089900000,0.1765,0.1774,0.1761,0.1774,71370.9
1783090800000,0.1774,0.1801,0.1773,0.1786,428466
1783091700000,0.1786,0.1793,0.1768,0.1783,705512.5
1783092600000,0.1783,0.1783,0.1771,0.1774,16998.4
1783093500000,0.1774,0.1776,0.1768,0.1772,44294.1
1783094400000,0.1772,0.1803,0.1771,0.1774,539125.9
1783095300000,0.1774,0.1788,0.1771,0.1782,447550.3
1783096200000,0.1782,0.1784,0.1776,0.1784,50540
1783097100000,0.1784,0.1785,0.1772,0.1778,69348.4
1783098000000,0.1778,0.1786,0.1774,0.178,78482.2
1783098900000,0.178,0.1781,0.1772,0.1773,33891.3
1783099800000,0.1773,0.1779,0.177,0.1776,76242.3
1783100700000,0.1776,0.1777,0.1774,0.1775,6271.8
1783101600000,0.1775,0.1775,0.1764,0.1764,11722.4
1783102500000,0.1764,0.1767,0.1762,0.1763,41028.4
1783103400000,0.1763,0.177,0.1762,0.1768,15140.2
1783104300000,0.1768,0.177,0.1763,0.1767,9660.8
1783105200000,0.1767,0.1772,0.1765,0.1769,12629.4
1783106100000,0.1769,0.1781,0.1769,0.178,56765.8
1783107000000,0.178,0.1788,0.1775,0.1781,70363.2
1783107900000,0.1781,0.1781,0.1773,0.1773,39564
1783108800000,0.1773,0.1788,0.1772,0.1785,124751.3
1783109700000,0.1785,0.1798,0.1781,0.1794,178611.4
1783110600000,0.1794,0.18,0.1785,0.1795,132547.3
1783111500000,0.1795,0.1801,0.1788,0.1792,59235.1
1783112400000,0.1792,0.1819,0.1792,0.1805,493665.4
1783113300000,0.1805,0.1807,0.1796,0.1802,63938.1
1783114200000,0.1802,0.1811,0.1795,0.1806,189274.5
1783115100000,0.1806,0.1842,0.1806,0.1835,406715.8
1783116000000,0.1835,0.184,0.1813,0.1814,75859.3
1783116900000,0.1814,0.183,0.1806,0.183,326658.5
1783117800000,0.183,0.1835,0.1821,0.1822,128896
1783118700000,0.1822,0.1831,0.1818,0.183,62192.6
1783119600000,0.183,0.1834,0.181,0.181,180107.2
1783120500000,0.181,0.1812,0.18,0.1807,156619
1783121400000,0.1807,0.1826,0.1806,0.1821,214965.8
1783122300000,0.1821,0.1836,0.1815,0.1825,214085.3
1783123200000,0.1825,0.1825,0.1811,0.1817,61444
1783124100000,0.1817,0.182,0.1806,0.1815,56805.7
1783125000000,0.1815,0.1817,0.1807,0.1807,17447.3
1783125900000,0.1807,0.1811,0.1804,0.1804,16740.6
1783126800000,0.1804,0.1804,0.1776,0.1782,406520.3
1783127700000,0.1782,0.1792,0.1781,0.1785,129824.2
1783128600000,0.1785,0.179,0.1779,0.178,88895.9
1783129500000,0.178,0.1786,0.1777,0.1786,18498.8
1783130400000,0.1786,0.1801,0.1784,0.1799,175749.8
1783131300000,0.1799,0.18,0.1786,0.18,26579.3
1783132200000,0.18,0.1805,0.1795,0.1805,57182.6
1783133100000,0.1805,0.1815,0.1799,0.1806,49668.8
1783134000000,0.1806,0.1834,0.1806,0.1827,225867.9
1783134900000,0.1827,0.1835,0.1816,0.1822,64282
1783135800000,0.1822,0.1836,0.1816,0.1828,212657.2
1783136700000,0.1828,0.1833,0.1816,0.1817,89322.8
1783137600000,0.1817,0.1829,0.1816,0.182,82002.2
1783138500000,0.182,0.182,0.1805,0.1808,17821.6
1783139400000,0.1808,0.1825,0.1808,0.1821,17372.5
1783140300000,0.1821,0.1829,0.1814,0.1822,37718.7
1783141200000,0.1822,0.1822,0.1806,0.1806,40812.8
1783142100000,0.1806,0.1809,0.1793,0.18,268936.8
1783143000000,0.18,0.1808,0.1797,0.1798,42484.1
1783143900000,0.1798,0.1804,0.179,0.1793,196752.3
1783144800000,0.1793,0.18,0.1791,0.1791,23434.7
1783145700000,0.1791,0.1791,0.177,0.1774,246926.4
1783146600000,0.1774,0.1782,0.1774,0.1779,9569.5
1783147500000,0.1779,0.1779,0.1771,0.1772,26548.5
1783148400000,0.1772,0.1774,0.1767,0.1773,100535
1783149300000,0.1773,0.1776,0.1769,0.1772,62223.7
1783150200000,0.1772,0.1776,0.1769,0.177,21501.6
1783151100000,0.177,0.1779,0.1768,0.1774,165910.5
1783152000000,0.1774,0.1779,0.1772,0.1779,11981.1
1783152900000,0.1779,0.178,0.1772,0.1776,18802.8
1783153800000,0.1776,0.1779,0.1774,0.1777,7561.5
1783154700000,0.1777,0.1777,0.177,0.177,12036.2
1783155600000,0.177,0.1771,0.1746,0.1756,479637.2
1783156500000,0.1756,0.1759,0.1746,0.1746,60144.1
1783157400000,0.1746,0.1748,0.1739,0.1741,29580.3
1783158300000,0.1741,0.1748,0.1734,0.1748,371013.6
1783159200000,0.1748,0.1748,0.1741,0.1747,131678.7
1783160100000,0.1747,0.1752,0.1747,0.175,30847.6
1783161000000,0.175,0.1754,0.1748,0.1749,72327.1
1783161900000,0.1749,0.1758,0.1748,0.1757,71884.7
1783162800000,0.1757,0.1763,0.1749,0.1757,121693.1
1783163700000,0.1757,0.1776,0.1757,0.1768,203688.3
1783164600000,0.1768,0.1776,0.1765,0.1772,116602.6
1783165500000,0.1772,0.1774,0.1765,0.1765,16006.2
1783166400000,0.1765,0.1773,0.1765,0.1772,81835.2
1783167300000,0.1772,0.178,0.1771,0.1778,67142.8
1783168200000,0.1778,0.178,0.1774,0.1777,46347.2
1783169100000,0.1777,0.1781,0.1774,0.178,16530.1
1783170000000,0.178,0.1782,0.177,0.1772,29214.3
1783170900000,0.1772,0.1787,0.1772,0.1779,78910.2
1783171800000,0.1779,0.1779,0.1771,0.1777,124961.4
1783172700000,0.1777,0.1782,0.1769,0.1782,34437.6
1783173600000,0.1782,0.1793,0.1781,0.1787,82902.1
1783174500000,0.1787,0.179,0.1776,0.1776,46853.6
1783175400000,0.1776,0.1782,0.1776,0.1781,172923.6
1783176300000,0.1781,0.1782,0.1774,0.1782,42334.3
1783177200000,0.1782,0.1802,0.1782,0.1794,204925.9
1783178100000,0.1794,0.1803,0.179,0.1799,98401.7
1783179000000,0.1799,0.1821,0.1799,0.1804,694431.7
1783179900000,0.1804,0.181,0.1801,0.1805,15507
1783180800000,0.1805,0.1813,0.1799,0.18,49836.7
1783181700000,0.18,0.182,0.1797,0.182,66053.2
1783182600000,0.182,0.1823,0.1806,0.181,158467.1
1783183500000,0.181,0.181,0.1808,0.181,20349.5
1783184400000,0.181,0.1813,0.1801,0.1808,97192.9
1783185300000,0.1808,0.181,0.1801,0.1808,35207.3
1783186200000,0.1808,0.1818,0.1808,0.1818,78535.1
1783187100000,0.1818,0.1828,0.1815,0.1821,73177.1
1783188000000,0.1821,0.1822,0.1814,0.1818,35723.4
1783188900000,0.1818,0.1818,0.1804,0.1805,31155.1
1783189800000,0.1805,0.1807,0.1801,0.1804,18654.2
1783190700000,0.1804,0.1811,0.1804,0.1809,10019.8
1783191600000,0.1809,0.181,0.1793,0.1793,42955.2
1783192500000,0.1793,0.1798,0.1793,0.1797,8338.9
1783193400000,0.1797,0.18,0.1796,0.18,7163.2
1783194300000,0.18,0.18,0.1788,0.1788,117477.5
1783195200000,0.1788,0.1795,0.1788,0.1792,17930.6
1783196100000,0.1792,0.1792,0.1774,0.1777,57824.1
1783197000000,0.1777,0.178,0.1771,0.1776,57028.8
1783197900000,0.1776,0.1778,0.1776,0.1778,24764.9
1783198800000,0.1778,0.1778,0.1774,0.1777,108019.3
1783199700000,0.1777,0.1785,0.1777,0.1783,61305.3
1783200600000,0.1783,0.1786,0.1774,0.1777,9054.6
1783201500000,0.1777,0.1778,0.1773,0.1776,137205.5
1783202400000,0.1776,0.1777,0.1767,0.1769,41111.6
1783203300000,0.1769,0.177,0.1762,0.1765,192811.7
1783204200000,0.1765,0.1771,0.1764,0.1769,25525.6
1783205100000,0.1769,0.1769,0.1764,0.1766,38133.5
1783206000000,0.1766,0.1766,0.1752,0.1754,59073.4
1783206900000,0.1754,0.1762,0.1747,0.1761,131265.8
1783207800000,0.1761,0.1763,0.1758,0.1763,16283.1
1783208700000,0.1763,0.1764,0.1754,0.1754,56290.6
1783209600000,0.1754,0.1754,0.1741,0.1749,64582.1
1783210500000,0.1749,0.175,0.1744,0.1749,12783.7
1783211400000,0.1749,0.1755,0.1742,0.1754,57032.5
1783212300000,0.1754,0.1756,0.1745,0.1748,65461.3
1783213200000,0.1748,0.1755,0.1748,0.1749,29551.8
1783214100000,0.1749,0.1749,0.1738,0.1748,102444.2
1783215000000,0.1748,0.1748,0.1732,0.1748,528740.2
1783215900000,0.1748,0.1751,0.1743,0.1751,41541.2
1783216800000,0.1751,0.1751,0.1732,0.1733,40409.7
1783217700000,0.1733,0.174,0.1725,0.1737,227800.9
1783218600000,0.1737,0.1742,0.1727,0.1728,79227.2
1783219500000,0.1728,0.1733,0.1725,0.173,366353.2
1783220400000,0.173,0.1738,0.1727,0.1738,94769.1
1783221300000,0.1738,0.1739,0.1724,0.1724,154452.8
1783222200000,0.1724,0.1727,0.1716,0.1723,397811.2
1783223100000,0.1723,0.1728,0.1722,0.1723,124995.2
1783224000000,0.1723,0.1727,0.1721,0.1726,64954.8
1783224900000,0.1726,0.1733,0.1726,0.1732,46820
1783225800000,0.1732,0.1738,0.1732,0.1733,44871.1
1783226700000,0.1733,0.1736,0.1729,0.1729,47424.3
1783227600000,0.1729,0.1729,0.1723,0.1726,39397.7
1783228500000,0.1726,0.1729,0.1725,0.1727,44819.6
1783229400000,0.1727,0.1727,0.1714,0.1715,77807.3
1783230300000,0.1715,0.1726,0.1715,0.1725,36229.6
1783231200000,0.1725,0.1725,0.1718,0.1724,90487.9
1783232100000,0.1724,0.1727,0.1721,0.1727,19553.9
1783233000000,0.1727,0.1737,0.1727,0.1735,121485
1783233900000,0.1735,0.1739,0.1733,0.1735,57093.3
1783234800000,0.1735,0.1735,0.173,0.1732,6716.6
1783235700000,0.1732,0.1735,0.1726,0.1726,126474.4
1783236600000,0.1726,0.1737,0.1726,0.1733,50305.1
1783237500000,0.1733,0.1742,0.1733,0.1741,65378.1
1783238400000,0.1741,0.1743,0.1734,0.1739,51008.8
1783239300000,0.1739,0.1741,0.1735,0.1736,6908.7
1783240200000,0.1736,0.1737,0.1728,0.1732,61204.2
1783241100000,0.1732,0.1732,0.1728,0.1728,22866.3
1783242000000,0.1728,0.1733,0.1727,0.173,8211.6
1783242900000,0.173,0.1732,0.1723,0.1723,122398.2
1783243800000,0.1723,0.1724,0.1707,0.1712,362012
1783244700000,0.1712,0.1717,0.171,0.1715,215887.4
1783245600000,0.1715,0.172,0.1703,0.1717,169555.8
1783246500000,0.1717,0.1724,0.1716,0.1722,73552.6
1783247400000,0.1722,0.173,0.1722,0.1728,25011.6
1783248300000,0.1728,0.1735,0.1727,0.173,65588.2
1783249200000,0.173,0.1732,0.173,0.173,3993.2
1783250100000,0.173,0.1731,0.1727,0.1727,19637.9
1783251000000,0.1727,0.1729,0.1724,0.1725,127386.2
1783251900000,0.1725,0.1726,0.1721,0.1723,34575.3
1783252800000,0.1723,0.1723,0.1715,0.1722,26377.6
1783253700000,0.1722,0.1742,0.1722,0.1742,104984.4
1783254600000,0.1742,0.1752,0.1742,0.1743,186805.5
1783255500000,0.1743,0.1745,0.174,0.1744,76157.2
1783256400000,0.1744,0.1748,0.1739,0.1745,13274
1783257300000,0.1745,0.1745,0.1741,0.1744,21358
1783258200000,0.1744,0.1748,0.1737,0.1745,57493
1783259100000,0.1745,0.1753,0.1745,0.1752,26060.8
1783260000000,0.1752,0.1754,0.174,0.1742,18927.3
1783260900000,0.1742,0.1742,0.174,0.174,31925.4
1783261800000,0.174,0.1747,0.1739,0.1746,21413.6
1783262700000,0.1746,0.1751,0.1739,0.1751,74318.8
1783263600000,0.1751,0.1763,0.175,0.1753,243540.2
1783264500000,0.1753,0.1753,0.1745,0.1748,66753.4
1783265400000,0.1748,0.1755,0.1743,0.1745,10320.4
1783266300000,0.1745,0.1752,0.1742,0.1752,30820.3
1783267200000,0.1752,0.1752,0.1741,0.1745,37965.1
1783268100000,0.1745,0.1748,0.1742,0.1744,19634.7
1783269000000,0.1744,0.1746,0.1738,0.1738,53174.7
1783269900000,0.1738,0.1741,0.1737,0.174,10847.3
1783270800000,0.174,0.1742,0.1738,0.1739,45872.5
1783271700000,0.1739,0.1745,0.1737,0.1739,49487.5
1783272600000,0.1739,0.174,0.1731,0.1731,28388.6
1783273500000,0.1731,0.1735,0.1731,0.1735,3286
1783274400000,0.1735,0.1742,0.1735,0.1738,16753.2
1783275300000,0.1738,0.1748,0.1738,0.1748,20759.3
1783276200000,0.1748,0.1751,0.1745,0.1751,9252.8
1783277100000,0.1751,0.1751,0.1745,0.1745,13434.9
1783278000000,0.1745,0.1754,0.1743,0.1753,42248.3
1783278900000,0.1753,0.1753,0.1742,0.1746,42278.5
1783279800000,0.1746,0.1746,0.1744,0.1744,6559.2
1783280700000,0.1744,0.1748,0.1744,0.1747,1595
1783281600000,0.1747,0.175,0.1745,0.1748,8052.5
1783282500000,0.1748,0.1748,0.1741,0.1743,7523.3
1783283400000,0.1743,0.1745,0.174,0.1743,9129.7
1783284300000,0.1743,0.1749,0.1743,0.1748,20461.3
1783285200000,0.1748,0.1748,0.1738,0.1747,89571.6
1783286100000,0.1747,0.1768,0.1744,0.1765,102893
1783287000000,0.1765,0.177,0.1763,0.1767,49353.6
1783287900000,0.1767,0.1783,0.1767,0.1773,78273.6
1783288800000,0.1773,0.1785,0.1769,0.1783,80531.6
1783289700000,0.1783,0.1796,0.1779,0.1784,536342.2
1783290600000,0.1784,0.1792,0.1772,0.1775,131979.3
1783291500000,0.1775,0.1781,0.1773,0.1781,59360.2
1783292400000,0.1781,0.1793,0.1779,0.1791,157364.5
1783293300000,0.1791,0.1797,0.1786,0.1788,120100.5
1783294200000,0.1788,0.1788,0.1776,0.178,29556.2
1783295100000,0.178,0.1782,0.1776,0.1782,42334.3
1783296000000,0.1782,0.1787,0.1773,0.1787,205975.9
1783296900000,0.1787,0.1788,0.1764,0.1764,408449.1
1783297800000,0.1764,0.1774,0.1758,0.1773,117980.6
1783298700000,0.1773,0.1784,0.1773,0.1782,92895.3
1783299600000,0.1782,0.1786,0.178,0.1786,65226.4
1783300500000,0.1786,0.1786,0.1773,0.1777,19258.4
1783301400000,0.1777,0.1788,0.1775,0.1779,51492
1783302300000,0.1779,0.1779,0.1768,0.1771,81971.1
1783303200000,0.1771,0.1775,0.1764,0.1768,141723.5
1783304100000,0.1768,0.1786,0.1768,0.1775,159524.1
1783305000000,0.1775,0.1779,0.177,0.177,58756
1783305900000,0.177,0.1776,0.177,0.1776,32901.3
1783306800000,0.1776,0.1784,0.1776,0.1779,61791.1
1783307700000,0.1779,0.1782,0.1765,0.1767,64266.4
1783308600000,0.1767,0.1775,0.1762,0.177,96506.8
1783309500000,0.177,0.1777,0.1767,0.1777,56683.4
1783310400000,0.1777,0.1782,0.1771,0.1781,53582.6
1783311300000,0.1781,0.1783,0.1778,0.1778,39855.4
1783312200000,0.1778,0.1781,0.1773,0.1777,46670.4
1783313100000,0.1777,0.1778,0.1765,0.1765,48845.9
1783314000000,0.1765,0.1767,0.1746,0.175,509958.2
1783314900000,0.175,0.175,0.1734,0.1737,253234.2
1783315800000,0.1737,0.1748,0.1728,0.1743,235988.3
1783316700000,0.1743,0.1747,0.1741,0.1746,61408
1783317600000,0.1746,0.1746,0.1739,0.1744,24653.5
1783318500000,0.1744,0.1746,0.1741,0.1743,25260
1783319400000,0.1743,0.1746,0.1741,0.1745,61625.1
1783320300000,0.1745,0.1746,0.174,0.1746,12503.9
1783321200000,0.1746,0.175,0.1742,0.1749,73872.8
1783322100000,0.1749,0.1757,0.1749,0.1756,63309.7
1783323000000,0.1756,0.1759,0.1753,0.1758,30339.6
1783323900000,0.1758,0.1758,0.1752,0.1753,5323.5
1783324800000,0.1753,0.1755,0.1751,0.1753,18223.9
1783325700000,0.1753,0.1754,0.1744,0.1754,38654.9
1783326600000,0.1754,0.1756,0.1736,0.1743,238633.7
1783327500000,0.1743,0.1744,0.1741,0.1743,17730.6
1783328400000,0.1743,0.1744,0.1737,0.1741,30491.3
1783329300000,0.1741,0.1741,0.1736,0.1737,107439.3
1783330200000,0.1737,0.1737,0.1731,0.1737,68240.2
1783331100000,0.1737,0.1737,0.1729,0.173,55274.4
1783332000000,0.173,0.1737,0.1728,0.1735,56582.7
1783332900000,0.1735,0.1737,0.1734,0.1735,33969.8
1783333800000,0.1735,0.1742,0.1735,0.174,79227.2
1783334700000,0.174,0.1744,0.1736,0.1737,19950
1783335600000,0.1737,0.1739,0.1735,0.1736,44695.9
1783336500000,0.1736,0.1737,0.1733,0.1734,8522.6
1783337400000,0.1734,0.1739,0.1732,0.1734,56089.9
1783338300000,0.1734,0.1735,0.1715,0.1715,217597.5
1783339200000,0.1715,0.1716,0.1674,0.1693,1076488.3
1783340100000,0.1693,0.1703,0.1692,0.1703,57279.4
1783341000000,0.1703,0.1705,0.169,0.1691,83501.9
1783341900000,0.1691,0.1698,0.1687,0.1689,219346.6
1783342800000,0.1689,0.169,0.1678,0.1685,93368.2
1783343700000,0.1685,0.1687,0.1673,0.1675,274515.1
1783344600000,0.1675,0.1691,0.167,0.169,207084.3
1783345500000,0.169,0.1708,0.169,0.17,369780.3
1783346400000,0.17,0.1709,0.1699,0.1707,158332.4
1783347300000,0.1707,0.1726,0.1702,0.1712,308266.5
1783348200000,0.1712,0.1717,0.1709,0.1713,43502
1783349100000,0.1713,0.1713,0.1709,0.1711,82777.3
1783350000000,0.1711,0.1728,0.1711,0.1723,111150.6
1783350900000,0.1723,0.1723,0.171,0.1718,23154
1783351800000,0.1718,0.1735,0.1711,0.1729,46426.1
1783352700000,0.1729,0.1747,0.1725,0.1745,304409.7
1783353600000,0.1745,0.1761,0.1736,0.1755,329283.5
1783354500000,0.1755,0.176,0.1737,0.174,114077.7
1783355400000,0.174,0.175,0.174,0.1744,64918.8
1783356300000,0.1744,0.1751,0.1743,0.1744,84461.5
1783357200000,0.1744,0.1752,0.1742,0.1744,353627.2
1783358100000,0.1744,0.1755,0.1744,0.1748,85895.8
1783359000000,0.1748,0.1749,0.1731,0.1739,301678.3
1783359900000,0.1739,0.1742,0.173,0.1732,20154.5
1783360800000,0.1732,0.1735,0.1715,0.1716,616564.3
1783361700000,0.1716,0.1726,0.1716,0.172,216588.2
1783362600000,0.172,0.1732,0.1719,0.1731,143994
1783363500000,0.1731,0.1737,0.1727,0.1727,56874.8
1783364400000,0.1727,0.173,0.1707,0.1721,359920.7
1783365300000,0.1721,0.1728,0.1719,0.1725,61568.4
1783366200000,0.1725,0.1726,0.1717,0.172,243258.1
1783367100000,0.172,0.172,0.1713,0.1715,73099.3
1783368000000,0.1715,0.1716,0.1709,0.171,46701.1
1783368900000,0.171,0.1713,0.171,0.1713,6490.1
1783369800000,0.1713,0.1721,0.1713,0.1715,50189.5
1783370700000,0.1715,0.172,0.171,0.1717,164872.5
1783371600000,0.1717,0.1763,0.1717,0.1749,1506269.9
1783372500000,0.1749,0.1749,0.1739,0.1743,79332.4
1783373400000,0.1743,0.1744,0.1734,0.1734,55075.4
1783374300000,0.1734,0.1749,0.1734,0.1749,67884.1
1783375200000,0.1749,0.175,0.1739,0.1739,10744.4
1783376100000,0.1739,0.1743,0.1732,0.1732,35266
1783377000000,0.1732,0.1732,0.1728,0.1729,11008.6
1783377900000,0.1729,0.1732,0.1727,0.1729,20867.3
1783378800000,0.1729,0.1735,0.1727,0.1729,98772.3
1783379700000,0.1729,0.173,0.172,0.1724,281860.5
1783380600000,0.1724,0.1726,0.1716,0.1717,144797.7
1783381500000,0.1717,0.1717,0.1711,0.1712,158387
1783382400000,0.1712,0.1717,0.1704,0.1704,27197.6
1783383300000,0.1704,0.1718,0.1702,0.1714,32941.3
1783384200000,0.1714,0.1716,0.1709,0.1709,19420.6
1783385100000,0.1709,0.1716,0.1709,0.1711,30841.1
1783386000000,0.1711,0.1712,0.1694,0.1699,59126.1
1783386900000,0.1699,0.17,0.169,0.1691,60378.6
1783387800000,0.1691,0.17,0.1691,0.1694,74930.7
1783388700000,0.1694,0.1702,0.1694,0.1695,72998.6
1783389600000,0.1695,0.1697,0.1694,0.1696,14242.2
1783390500000,0.1696,0.1696,0.1684,0.1685,65271
1783391400000,0.1685,0.1689,0.1679,0.1689,63544.5
1783392300000,0.1689,0.169,0.1678,0.1679,29973.7
1783393200000,0.1679,0.1685,0.1679,0.1682,7851.9
1783394100000,0.1682,0.1683,0.1673,0.1675,21433.9
1783395000000,0.1675,0.1681,0.1674,0.1675,61318.2
1783395900000,0.1675,0.1677,0.1674,0.1676,39790.5
1783396800000,0.1676,0.1679,0.1673,0.1676,72886.5
1783397700000,0.1676,0.1676,0.1666,0.1671,119334.4
1783398600000,0.1671,0.1674,0.1662,0.1665,341324.4
1783399500000,0.1665,0.1673,0.1665,0.1671,76041.2
1783400400000,0.1671,0.1671,0.1657,0.1659,120068.7
1783401300000,0.1659,0.1666,0.1659,0.1663,152322.8
1783402200000,0.1663,0.1681,0.1663,0.1679,118313.3
1783403100000,0.1679,0.1684,0.1677,0.1684,58219.7
1783404000000,0.1684,0.1687,0.1676,0.1676,25440.7
1783404900000,0.1676,0.168,0.1672,0.1672,116608.7
1783405800000,0.1672,0.1685,0.167,0.1685,101342.9
1783406700000,0.1685,0.169,0.1683,0.1684,53922.8
1783407600000,0.1684,0.1687,0.168,0.1687,105780.8
1783408500000,0.1687,0.1688,0.1679,0.1682,165110.3
1783409400000,0.1682,0.1682,0.1675,0.1682,28544.8
1783410300000,0.1682,0.1686,0.1678,0.1678,41982.9
1783411200000,0.1678,0.1684,0.1676,0.1683,79127.6
1783412100000,0.1683,0.1686,0.1681,0.1683,46821.6
1783413000000,0.1683,0.1683,0.1678,0.1679,15235.1
1783413900000,0.1679,0.168,0.1675,0.1678,40022.5
1783414800000,0.1678,0.1684,0.1676,0.1684,357265
1783415700000,0.1684,0.1685,0.168,0.168,81935.5
1783416600000,0.168,0.1681,0.1676,0.1681,93665.9
1783417500000,0.1681,0.1683,0.1678,0.168,49225.1
1783418400000,0.168,0.1687,0.168,0.1682,146018.9
1783419300000,0.1682,0.1688,0.1682,0.1683,45818.1
1783420200000,0.1683,0.1683,0.1675,0.1676,56317.7
1783421100000,0.1676,0.1676,0.1671,0.1674,63089.7
1783422000000,0.1674,0.1678,0.1667,0.1675,412853.3
1783422900000,0.1675,0.1681,0.1675,0.1678,67123
1783423800000,0.1678,0.1682,0.1677,0.1681,25390.6
1783424700000,0.1681,0.1687,0.1681,0.1685,46107.8
1783425600000,0.1685,0.1704,0.1685,0.1702,109831.3
1783426500000,0.1702,0.1702,0.1697,0.1699,43436.4
1783427400000,0.1699,0.1699,0.1694,0.1698,136286.3
1783428300000,0.1698,0.1709,0.1687,0.1692,1610307.9
1783429200000,0.1692,0.1692,0.1682,0.1686,66724.9
1783430100000,0.1686,0.1687,0.167,0.1677,2606728.1
1783431000000,0.1677,0.1684,0.1669,0.168,270068.8
1783431900000,0.168,0.1692,0.1675,0.1681,423938.3
1783432800000,0.1681,0.1689,0.1675,0.1682,84815.4
1783433700000,0.1682,0.1683,0.1676,0.1682,107339.1
1783434600000,0.1682,0.1685,0.1645,0.1666,3193468.4
1783435500000,0.1666,0.1691,0.1666,0.1688,433257.6
1783436400000,0.1688,0.1689,0.1679,0.1684,42442.2
1783437300000,0.1684,0.1689,0.168,0.1686,27288.7
1783438200000,0.1686,0.1694,0.1686,0.1688,379904.3
1783439100000,0.1688,0.1702,0.1688,0.1697,491663.6
1783440000000,0.1697,0.1707,0.169,0.1691,204889.6
1783440900000,0.1691,0.1703,0.1689,0.17,110939.8
1783441800000,0.17,0.1701,0.1695,0.1699,33474.2
1783442700000,0.1699,0.1709,0.1696,0.1696,91632
1783443600000,0.1696,0.1701,0.1693,0.1695,57042.3
1783444500000,0.1695,0.17,0.1688,0.17,61563.6
1783445400000,0.17,0.1705,0.1695,0.1705,17717.7
1783446300000,0.1705,0.1707,0.1699,0.1707,105202.6
1783447200000,0.1707,0.1707,0.1698,0.17,25868.4
1783448100000,0.17,0.1701,0.1694,0.1695,73464.2
1783449000000,0.1695,0.17,0.1692,0.1696,43565.3
1783449900000,0.1696,0.1699,0.168,0.168,195560.4
1783450800000,0.168,0.168,0.1662,0.1671,1950996.9
1783451700000,0.1671,0.1676,0.1663,0.1673,98439.2
1783452600000,0.1673,0.1682,0.1673,0.1682,169457.2
1783453500000,0.1682,0.1685,0.1677,0.1679,234785
1783454400000,0.1679,0.1685,0.1676,0.1679,120037.5
1783455300000,0.1679,0.1683,0.1676,0.1683,354912.7
1783456200000,0.1683,0.1683,0.1676,0.1676,26114.9
1783457100000,0.1676,0.1677,0.1674,0.1677,5334.8
1783458000000,0.1677,0.1686,0.1677,0.1686,138668.3
1783458900000,0.1686,0.1686,0.1666,0.1673,168702
1783459800000,0.1673,0.1673,0.1667,0.1668,24199.7
1783460700000,0.1668,0.1674,0.166,0.1665,859622.4
1783461600000,0.1665,0.1665,0.1641,0.1656,1395360.8
1783462500000,0.1656,0.1658,0.165,0.1653,98643.7
1783463400000,0.1653,0.1658,0.1651,0.1657,52546.6
1783464300000,0.1657,0.1659,0.1653,0.1655,24767.1
1783465200000,0.1655,0.1658,0.1652,0.1652,71472.6
1783466100000,0.1652,0.166,0.1652,0.1659,29894.7
1783467000000,0.1659,0.1661,0.1653,0.1654,148582.5
1783467900000,0.1654,0.1655,0.1652,0.1653,128463
1783468800000,0.1653,0.166,0.1652,0.1654,154685
1783469700000,0.1654,0.1662,0.1654,0.166,178985.8
1783470600000,0.166,0.1665,0.1658,0.1664,247567.6
1783471500000,0.1664,0.1664,0.166,0.1661,73519.9
1783472400000,0.1661,0.1662,0.1655,0.1662,21456.5
1783473300000,0.1662,0.1662,0.1653,0.1653,22569.5
1783474200000,0.1653,0.1654,0.1612,0.1624,2255271.7
1783475100000,0.1624,0.1625,0.1604,0.1608,178686.8
1783476000000,0.1608,0.1608,0.1595,0.1599,1068997.9
1783476900000,0.1599,0.1605,0.159,0.1597,144327
1783477800000,0.1597,0.1598,0.1581,0.1597,323081.7
1783478700000,0.1597,0.1601,0.1597,0.1598,88147.6
1783479600000,0.1598,0.1608,0.1598,0.1607,104229.8
1783480500000,0.1607,0.1607,0.1605,0.1607,20458.5
1783481400000,0.1607,0.1607,0.1596,0.1596,162093.1
1783482300000,0.1596,0.1598,0.1591,0.1594,47911.9
1783483200000,0.1594,0.1594,0.1587,0.1591,308015.4
1783484100000,0.1591,0.1599,0.159,0.1596,66248.6
1783485000000,0.1596,0.1597,0.1588,0.1589,45327.9
1783485900000,0.1589,0.1594,0.1585,0.1594,200901.6
1783486800000,0.1594,0.1596,0.159,0.1595,81818.3
1783487700000,0.1595,0.1599,0.1593,0.1596,50690.6
1783488600000,0.1596,0.1596,0.1592,0.1592,23539.3
1783489500000,0.1592,0.1596,0.1589,0.1596,128686.4
1783490400000,0.1596,0.1596,0.1582,0.1585,303848.6
1783491300000,0.1585,0.1586,0.1577,0.1582,111777.8
1783492200000,0.1582,0.1583,0.1575,0.158,133281
1783493100000,0.158,0.1587,0.1579,0.1583,105915.9
1783494000000,0.1583,0.1584,0.1572,0.1583,327480.9
1783494900000,0.1583,0.1593,0.1579,0.1593,93089.8
1783495800000,0.1593,0.1601,0.1587,0.1593,223542
1783496700000,0.1593,0.1593,0.1583,0.159,537749
1783497600000,0.159,0.1594,0.1585,0.1588,275153.5
1783498500000,0.1588,0.1588,0.155,0.1559,1602432.9
1783499400000,0.1559,0.1562,0.1548,0.1557,559015.7
1783500300000,0.1557,0.1571,0.1553,0.1553,277581.3
1783501200000,0.1553,0.1555,0.1542,0.1544,514668.3
1783502100000,0.1544,0.1547,0.1538,0.1547,208087.6
1783503000000,0.1547,0.156,0.1546,0.1556,294476.5
1783503900000,0.1556,0.1557,0.155,0.1553,69816.3
1783504800000,0.1553,0.1558,0.1544,0.1549,229070.5
1783505700000,0.1549,0.1559,0.1548,0.1558,340597.7
1783506600000,0.1558,0.1572,0.1556,0.1568,550713.6
1783507500000,0.1568,0.1568,0.1559,0.1561,194647.2
1783508400000,0.1561,0.1564,0.1556,0.156,199195
1783509300000,0.156,0.1563,0.1557,0.1559,64104.3
1783510200000,0.1559,0.1581,0.1557,0.157,537383.6
1783511100000,0.157,0.1575,0.1565,0.1573,210706.9
1783512000000,0.1573,0.1578,0.1571,0.1575,127156.9
1783512900000,0.1575,0.1575,0.1567,0.1573,197902.4
1783513800000,0.1573,0.1573,0.1563,0.1568,89203
1783514700000,0.1568,0.1572,0.1564,0.1565,183194.5
1783515600000,0.1565,0.1565,0.1548,0.1561,714814.6
1783516500000,0.1561,0.1563,0.1555,0.1558,171150.3
1783517400000,0.1558,0.1577,0.1558,0.1575,620266.2
1783518300000,0.1575,0.1581,0.1568,0.158,153139.9
1783519200000,0.158,0.1585,0.1575,0.1579,227524
1783520100000,0.1579,0.158,0.157,0.1576,492516
1783521000000,0.1576,0.1579,0.1571,0.1572,86608.9
1783521900000,0.1572,0.1578,0.1563,0.1573,93603.2
1783522800000,0.1573,0.1573,0.1559,0.1561,32672.2
1783523700000,0.1561,0.1567,0.1555,0.156,963483.7
1783524600000,0.156,0.1572,0.1558,0.1568,164779.2
1783525500000,0.1568,0.1572,0.1566,0.1572,39638.7
1783526400000,0.1572,0.1576,0.1566,0.1571,145010.8
1783527300000,0.1571,0.1571,0.1564,0.1564,138267.9
1783528200000,0.1564,0.157,0.1557,0.1569,149265.1
1783529100000,0.1569,0.157,0.1566,0.1569,217132.1
1783530000000,0.1569,0.1573,0.1565,0.1569,95474.3
1783530900000,0.1569,0.1577,0.1569,0.1577,298843.7
1783531800000,0.1577,0.1582,0.1576,0.1576,126988.4
1783532700000,0.1576,0.1577,0.1572,0.1572,45348.5
1783533600000,0.1572,0.1577,0.1572,0.1576,214456.4
1783534500000,0.1576,0.1576,0.1565,0.1566,162548.8
1783535400000,0.1566,0.1568,0.1562,0.1563,112792.1
1783536300000,0.1563,0.1573,0.1563,0.1569,41796.5
1783537200000,0.1569,0.1571,0.1569,0.1571,23047.2
1783538100000,0.1571,0.1572,0.1567,0.1572,13788
1783539000000,0.1572,0.1577,0.1572,0.1575,17582.1
1783539900000,0.1575,0.1575,0.1569,0.1569,31919.5
1783540800000,0.1569,0.1576,0.1568,0.157,73366.9
1783541700000,0.157,0.157,0.1564,0.1568,60764.4
1783542600000,0.1568,0.1568,0.1564,0.1566,2937
1783543500000,0.1566,0.1566,0.1559,0.1561,591017.8
1783544400000,0.1561,0.1561,0.1555,0.1557,82906.2
1783545300000,0.1557,0.1563,0.1556,0.1563,321820
1783546200000,0.1563,0.1571,0.1563,0.1567,65975
1783547100000,0.1567,0.1573,0.1567,0.1571,7001.2
1783548000000,0.1571,0.1575,0.1567,0.1569,41371.8
1783548900000,0.1569,0.1575,0.1568,0.157,51888.5
1783549800000,0.157,0.1575,0.1568,0.1569,23221.2
1783550700000,0.1569,0.1571,0.1569,0.157,115547.7
1783551600000,0.157,0.1576,0.157,0.1572,32330.1
1783552500000,0.1572,0.1584,0.1572,0.1578,816847.5
1783553400000,0.1578,0.1578,0.1573,0.1577,188533.5
1783554300000,0.1577,0.1581,0.1573,0.1579,130184.6
1783555200000,0.1579,0.158,0.1574,0.1575,146275.7
1783556100000,0.1575,0.1578,0.1572,0.1576,154945.2
1783557000000,0.1576,0.1578,0.1572,0.1572,39169.6
1783557900000,0.1572,0.1577,0.1572,0.1574,132618.2
1783558800000,0.1574,0.1598,0.1572,0.159,436412.4
1783559700000,0.159,0.1594,0.1585,0.1588,95876.8
1783560600000,0.1588,0.1592,0.1579,0.1581,237220.4
1783561500000,0.1581,0.1585,0.1573,0.1576,107085.6
1783562400000,0.1576,0.1589,0.1573,0.1589,29686.1
1783563300000,0.1589,0.1589,0.1581,0.1583,18178.9
1783564200000,0.1583,0.1583,0.157,0.1574,611937.3
1783565100000,0.1574,0.1574,0.1568,0.1569,126447.5
1783566000000,0.1569,0.157,0.1565,0.1569,234286.5
1783566900000,0.1569,0.1569,0.1561,0.1568,78668.8
1783567800000,0.1568,0.1572,0.1568,0.1569,8625.3
1783568700000,0.1569,0.1574,0.1569,0.1574,5135.2
1783569600000,0.1574,0.1574,0.1571,0.1571,18677.1
1783570500000,0.1571,0.1578,0.157,0.1577,11005.4
1783571400000,0.1577,0.1589,0.1577,0.1587,129728.5
1783572300000,0.1587,0.1591,0.1583,0.1591,52007.1
1783573200000,0.1591,0.1595,0.1586,0.1593,220037.5
1783574100000,0.1593,0.1593,0.1587,0.1587,46426
1783575000000,0.1587,0.1596,0.1586,0.1594,35134.1
1783575900000,0.1594,0.1605,0.1594,0.1602,170190
1783576800000,0.1602,0.1607,0.16,0.1602,60487.7
1783577700000,0.1602,0.1609,0.1599,0.1607,237527.4
1783578600000,0.1607,0.1608,0.1604,0.1608,33239.6
1783579500000,0.1608,0.1612,0.1608,0.1608,101303.3
1783580400000,0.1608,0.1616,0.1602,0.1603,158217.8
1783581300000,0.1603,0.1604,0.1601,0.1601,49284.9
1783582200000,0.1601,0.1601,0.1596,0.16,32264.4
1783583100000,0.16,0.1605,0.1598,0.1599,56344.4
1783584000000,0.1599,0.16,0.1595,0.1598,83706.4
1783584900000,0.1598,0.16,0.1596,0.1599,34749.8
1783585800000,0.1599,0.16,0.1598,0.1599,24260.8
1783586700000,0.1599,0.16,0.1595,0.1596,32457.9
1783587600000,0.1596,0.1596,0.1589,0.1591,19556.9
1783588500000,0.1591,0.1592,0.1589,0.1592,45900.7
1783589400000,0.1592,0.1594,0.159,0.159,46574.3
1783590300000,0.159,0.1594,0.159,0.1593,2967.9
1783591200000,0.1593,0.1595,0.159,0.159,23024.5
1783592100000,0.159,0.1592,0.1583,0.1584,57585.2
1783593000000,0.1584,0.1585,0.158,0.158,587347.7
1783593900000,0.158,0.1581,0.1574,0.1579,30949.2
1783594800000,0.1579,0.1581,0.1578,0.1581,23788.3
1783595700000,0.1581,0.1582,0.1579,0.158,49724.7
1783596600000,0.158,0.1587,0.158,0.1587,396295.9
1783597500000,0.1587,0.1595,0.1587,0.1592,121935.1
1783598400000,0.1592,0.1594,0.159,0.1594,342459.8
1783599300000,0.1594,0.1598,0.1594,0.1595,427950.7
1783600200000,0.1595,0.16,0.159,0.1591,102739.1
1783601100000,0.1591,0.1595,0.1586,0.1588,149607.2
1783602000000,0.1588,0.1594,0.1582,0.1594,148944
1783602900000,0.1594,0.1594,0.1586,0.1586,128948.3
1783603800000,0.1586,0.1593,0.1579,0.1593,395836.9
1783604700000,0.1593,0.1602,0.1589,0.16,121695.2
1783605600000,0.16,0.1604,0.1596,0.1599,138250.3
1783606500000,0.1599,0.1599,0.1588,0.1595,119239.5
1783607400000,0.1595,0.16,0.159,0.1597,106692.9
1783608300000,0.1597,0.16,0.1592,0.1595,84265.5
1783609200000,0.1595,0.1595,0.1587,0.159,25582.9
1783610100000,0.159,0.1601,0.159,0.1594,81338.1
1783611000000,0.1594,0.1594,0.1588,0.1591,47801.4
1783611900000,0.1591,0.1591,0.1584,0.1585,21470.5
1783612800000,0.1585,0.1593,0.1584,0.1585,50238.9
1783613700000,0.1585,0.1585,0.1577,0.1582,644422.9
1783614600000,0.1582,0.1585,0.1582,0.1583,58976
1783615500000,0.1583,0.1583,0.1577,0.1582,34078.1
1783616400000,0.1582,0.1587,0.1581,0.1583,34402.2
1783617300000,0.1583,0.1592,0.1583,0.1588,77627
1783618200000,0.1588,0.1599,0.1584,0.1599,241784.8
1783619100000,0.1599,0.1599,0.1591,0.1594,114883.3
1783620000000,0.1594,0.1605,0.1594,0.1601,204086.6
1783620900000,0.1601,0.1602,0.1595,0.1599,87807.9
1783621800000,0.1599,0.16,0.1597,0.1599,105100.1
1783622700000,0.1599,0.1599,0.1592,0.1593,106726.3
1783623600000,0.1593,0.1593,0.159,0.159,59431.4
1783624500000,0.159,0.1592,0.1588,0.1592,62015.4
1783625400000,0.1592,0.1596,0.1592,0.1595,23228.9
1783626300000,0.1595,0.1595,0.1591,0.1592,24363.2
1783627200000,0.1592,0.1593,0.159,0.1591,43445.8
1783628100000,0.1591,0.1597,0.1591,0.1597,32730.9
1783629000000,0.1597,0.1598,0.1596,0.1598,17634.8
1783629900000,0.1598,0.1598,0.1595,0.1596,52290
1783630800000,0.1596,0.1599,0.1593,0.1595,38129.4
1783631700000,0.1595,0.1595,0.1591,0.1591,18874.4
1783632600000,0.1591,0.1591,0.1586,0.1586,15387.4
1783633500000,0.1586,0.1593,0.1586,0.159,49227.2
1783634400000,0.159,0.1594,0.1587,0.1588,51493
1783635300000,0.1588,0.1593,0.1588,0.159,53777.4
1783636200000,0.159,0.159,0.1584,0.1589,52481.3
1783637100000,0.1589,0.1589,0.1585,0.1586,12242
1783638000000,0.1586,0.1587,0.1582,0.1582,7804.6
1783638900000,0.1582,0.1585,0.1575,0.1583,586832.6
1783639800000,0.1583,0.1583,0.158,0.158,21019.3
1783640700000,0.158,0.1581,0.1578,0.158,14107.9
1783641600000,0.158,0.158,0.1571,0.1575,104903.2
1783642500000,0.1575,0.1577,0.1568,0.1571,36446.5
1783643400000,0.1571,0.1574,0.1564,0.1573,93205.1
1783644300000,0.1573,0.1573,0.1566,0.1573,20777.1
1783645200000,0.1573,0.1574,0.1567,0.1571,79035.7
1783646100000,0.1571,0.1582,0.157,0.1582,33468.6
1783647000000,0.1582,0.1584,0.1578,0.1578,66731.1
1783647900000,0.1578,0.1607,0.1578,0.1593,1257656.5
1783648800000,0.1593,0.1597,0.1587,0.1589,68578.7
1783649700000,0.1589,0.1592,0.1588,0.1592,47028.8
1783650600000,0.1592,0.1598,0.159,0.1598,408715.5
1783651500000,0.1598,0.1601,0.1595,0.1599,27084.8
1783652400000,0.1599,0.16,0.1593,0.1596,28822.2
1783653300000,0.1596,0.1597,0.1595,0.1597,11731.7
1783654200000,0.1597,0.1604,0.1595,0.16,48793.8
1783655100000,0.16,0.1605,0.1599,0.1601,95095.9
1783656000000,0.1601,0.1604,0.1601,0.1604,18126.6
1783656900000,0.1604,0.1604,0.1598,0.1598,17104.5
1783657800000,0.1598,0.1604,0.1596,0.1602,20852.9
1783658700000,0.1602,0.1603,0.16,0.1602,69960
1783659600000,0.1602,0.1604,0.1601,0.1601,36924.4
1783660500000,0.1601,0.1603,0.16,0.16,70340.7
1783661400000,0.16,0.1607,0.16,0.1603,35824.4
1783662300000,0.1603,0.1604,0.1602,0.1603,27092.6
1783663200000,0.1603,0.1604,0.1597,0.1598,47541.2
1783664100000,0.1598,0.1599,0.1594,0.1595,106716.3
1783665000000,0.1595,0.1595,0.1593,0.1593,29046.4
1783665900000,0.1593,0.1595,0.159,0.1591,56388.8
1783666800000,0.1591,0.1592,0.1587,0.1592,141595.1
1783667700000,0.1592,0.1594,0.1591,0.1593,55444.5
1783668600000,0.1593,0.1593,0.1588,0.1588,57523.1
1783669500000,0.1588,0.159,0.1585,0.1589,92302.5
1783670400000,0.1589,0.1592,0.1584,0.1592,85264.4
1783671300000,0.1592,0.1601,0.1592,0.1599,95358.4
1783672200000,0.1599,0.16,0.1596,0.1598,94156.9
1783673100000,0.1598,0.16,0.1596,0.1596,27481.1
1783674000000,0.1596,0.1597,0.1586,0.1588,11058.5
1783674900000,0.1588,0.1592,0.1588,0.1592,6570.5
1783675800000,0.1592,0.1595,0.1592,0.1595,88625.3
1783676700000,0.1595,0.1597,0.1593,0.1593,6716.7
1783677600000,0.1593,0.1595,0.1589,0.1593,24362.8
1783678500000,0.1593,0.1606,0.1593,0.1606,140318
1783679400000,0.1606,0.1606,0.1602,0.1605,129100.7
1783680300000,0.1605,0.1606,0.1601,0.1604,50308.5
1783681200000,0.1604,0.1604,0.16,0.1603,37126.6
1783682100000,0.1603,0.1603,0.1599,0.1599,35693.7
1783683000000,0.1599,0.1599,0.1594,0.1596,53739
1783683900000,0.1596,0.1599,0.1594,0.1599,184526.7
1783684800000,0.1599,0.1604,0.159,0.1597,237991.7
1783685700000,0.1597,0.1597,0.1592,0.1595,15768.2
1783686600000,0.1595,0.1595,0.159,0.159,34820.1
1783687500000,0.159,0.1592,0.1587,0.1587,38489.1
1783688400000,0.1587,0.1592,0.1586,0.159,30621
1783689300000,0.159,0.1592,0.1587,0.1589,68655.9
1783690200000,0.1589,0.1593,0.1585,0.1592,106509.7
1783691100000,0.1592,0.1599,0.159,0.1591,51185.4
1783692000000,0.1591,0.1591,0.1579,0.1581,500417.5
1783692900000,0.1581,0.1584,0.1568,0.1576,636695.7
1783693800000,0.1576,0.1581,0.1553,0.1575,1096330.9
1783694700000,0.1575,0.1578,0.1571,0.1573,132814.7
1783695600000,0.1573,0.1582,0.1571,0.1576,172600.7
1783696500000,0.1576,0.1582,0.1575,0.1576,246495.6
1783697400000,0.1576,0.1579,0.1568,0.1569,184121.2
1783698300000,0.1569,0.1569,0.1506,0.1524,3612328.6
1783699200000,0.1524,0.1532,0.1513,0.153,764443.6
1783700100000,0.153,0.1538,0.1522,0.1535,517495.6
1783701000000,0.1535,0.1544,0.1533,0.1537,432738.6
1783701900000,0.1537,0.1549,0.1537,0.1545,74863.3
1783702800000,0.1545,0.1551,0.1542,0.1542,69924.3
1783703700000,0.1542,0.1542,0.1534,0.1539,240280
1783704600000,0.1539,0.1542,0.1533,0.1533,111674
1783705500000,0.1533,0.1538,0.1528,0.1528,86532.1
1783706400000,0.1528,0.1533,0.1526,0.1528,89552.8
1783707300000,0.1528,0.1533,0.1526,0.153,102327.5
1783708200000,0.153,0.1531,0.1525,0.1526,77592.1
1783709100000,0.1526,0.153,0.1521,0.153,201082.7
1783710000000,0.153,0.153,0.1524,0.153,37832.2
1783710900000,0.153,0.1533,0.1527,0.1533,28830.2
1783711800000,0.1533,0.1541,0.1532,0.154,108208.7
1783712700000,0.154,0.1541,0.1534,0.1535,55276.2
1783713600000,0.1535,0.1541,0.1535,0.1538,13271.4
1783714500000,0.1538,0.1539,0.153,0.1533,24287
1783715400000,0.1533,0.1539,0.1531,0.1537,30681.1
1783716300000,0.1537,0.1538,0.1532,0.1532,25708
1783717200000,0.1532,0.154,0.1532,0.1539,128319.8
1783718100000,0.1539,0.1545,0.1539,0.1544,60064.6
1783719000000,0.1544,0.1551,0.1544,0.1547,123548.1
1783719900000,0.1547,0.1547,0.1544,0.1544,17776.5
1783720800000,0.1544,0.1554,0.1544,0.1548,60452.4
1783721700000,0.1548,0.1548,0.1542,0.1542,56892.8
1783722600000,0.1542,0.1544,0.1541,0.1543,16907.5
1783723500000,0.1543,0.1543,0.1541,0.1541,7549.5
1783724400000,0.1541,0.1541,0.1531,0.1539,790524.2
1783725300000,0.1539,0.1541,0.1537,0.154,298463.5
1783726200000,0.154,0.1541,0.1538,0.1539,204758.3
1783727100000,0.1539,0.1539,0.1536,0.1537,157084.5
1783728000000,0.1537,0.1537,0.1528,0.153,237737
1783728900000,0.153,0.1532,0.1528,0.153,127709
1783729800000,0.153,0.1531,0.1526,0.1531,172053.5
1783730700000,0.1531,0.1531,0.1528,0.1529,152694.8
1783731600000,0.1529,0.1529,0.1527,0.1528,75718.1
1783732500000,0.1528,0.1534,0.1528,0.1531,77044.6
1783733400000,0.1531,0.1535,0.153,0.1531,67933.5
1783734300000,0.1531,0.1536,0.153,0.1535,67165.8
1783735200000,0.1535,0.1536,0.1531,0.1534,11541
1783736100000,0.1534,0.1536,0.1534,0.1536,4353.6
1783737000000,0.1536,0.1537,0.1534,0.1537,14688.9
1783737900000,0.1537,0.1542,0.1537,0.1542,61238
1783738800000,0.1542,0.1542,0.1538,0.1541,8862
1783739700000,0.1541,0.1544,0.1538,0.1542,101040.7
1783740600000,0.1542,0.1547,0.1541,0.1547,79879
1783741500000,0.1547,0.1547,0.1539,0.1539,34084.4
1783742400000,0.1539,0.1543,0.1538,0.1539,103482.8
1783743300000,0.1539,0.1539,0.1532,0.1532,27900.7
1783744200000,0.1532,0.1533,0.1523,0.1526,298401.5
1783745100000,0.1526,0.1527,0.1525,0.1526,133756.2
1783746000000,0.1526,0.1526,0.1522,0.1525,42935.7
1783746900000,0.1525,0.1528,0.1525,0.1528,20999.1
1783747800000,0.1528,0.1529,0.1527,0.1527,72542.2
1783748700000,0.1527,0.1527,0.1523,0.1526,74474.1
1783749600000,0.1526,0.1527,0.1524,0.1527,46354.3
1783750500000,0.1527,0.1531,0.1526,0.1529,263598.4
1783751400000,0.1529,0.1536,0.1529,0.1533,29888.8
1783752300000,0.1533,0.1533,0.1526,0.1526,17849.4
1783753200000,0.1526,0.1526,0.1523,0.1524,181289
1783754100000,0.1524,0.1527,0.1524,0.1527,47605.6
1783755000000,0.1527,0.1527,0.1522,0.1523,71447.1
1783755900000,0.1523,0.1524,0.1523,0.1523,27009.1
1783756800000,0.1523,0.1523,0.1514,0.1519,175717.9
1783757700000,0.1519,0.1522,0.1516,0.1522,49272.4
1783758600000,0.1522,0.1524,0.1522,0.1524,8372.8
1783759500000,0.1524,0.1524,0.1518,0.1522,19881.5
1783760400000,0.1522,0.1529,0.1522,0.1525,122675.7
1783761300000,0.1525,0.1527,0.1524,0.1524,24772.7
1783762200000,0.1524,0.1527,0.1522,0.1524,97324.3
1783763100000,0.1524,0.1524,0.152,0.152,23372
1783764000000,0.152,0.1521,0.1518,0.152,13696.3
1783764900000,0.152,0.1522,0.152,0.1522,14047.5
1783765800000,0.1522,0.1526,0.1522,0.1523,46564.4
1783766700000,0.1523,0.1525,0.1523,0.1524,57610.2
1783767600000,0.1524,0.1527,0.1522,0.1526,17027.3
1783768500000,0.1526,0.1527,0.1523,0.1527,43262
1783769400000,0.1527,0.1533,0.1527,0.1531,17187.1
1783770300000,0.1531,0.1533,0.1531,0.1532,7859.4
1783771200000,0.1532,0.1536,0.1532,0.1534,46964.6
1783772100000,0.1534,0.1535,0.1531,0.1531,5389.4
1783773000000,0.1531,0.1532,0.153,0.1531,3961
1783773900000,0.1531,0.1538,0.1531,0.1537,12979.3
1783774800000,0.1537,0.1538,0.1533,0.1533,15745.6
1783775700000,0.1533,0.1543,0.1533,0.1543,57268.2
1783776600000,0.1543,0.1547,0.1539,0.1542,23401.6
1783777500000,0.1542,0.1543,0.1541,0.1541,69362.8
1783778400000,0.1541,0.1544,0.154,0.1542,65756.9
1783779300000,0.1542,0.1546,0.1541,0.1546,34578
1783780200000,0.1546,0.1552,0.1544,0.1544,92876.9
1783781100000,0.1544,0.1544,0.1541,0.1541,21578.6
1783782000000,0.1541,0.1546,0.1539,0.1543,55528.2
1783782900000,0.1543,0.1546,0.1539,0.1542,44093.5
1783783800000,0.1542,0.1545,0.1521,0.1531,839060.9
1783784700000,0.1531,0.1534,0.1524,0.1532,267038.5
1783785600000,0.1532,0.1532,0.1524,0.1529,98034.4
1783786500000,0.1529,0.1529,0.1525,0.1528,103922.6
1783787400000,0.1528,0.153,0.1521,0.1521,53534.8
1783788300000,0.1521,0.153,0.1521,0.153,62552.5
1783789200000,0.153,0.1535,0.1527,0.1534,138560.9
1783790100000,0.1534,0.1539,0.1533,0.1538,30427.8
1783791000000,0.1538,0.1544,0.1536,0.1541,56512.4
1783791900000,0.1541,0.1541,0.1535,0.1535,39954.6
1783792800000,0.1535,0.1538,0.1535,0.1537,5512.6
1783793700000,0.1537,0.1539,0.1537,0.1538,80259.6
1783794600000,0.1538,0.1538,0.1536,0.1536,1191.2
1783795500000,0.1536,0.1536,0.1531,0.1533,29447.7
1783796400000,0.1533,0.1535,0.1532,0.1532,89295
1783797300000,0.1532,0.1533,0.1531,0.1531,37423.8
1783798200000,0.1531,0.1533,0.1531,0.1533,12580.5
1783799100000,0.1533,0.1535,0.1532,0.1535,8959
1783800000000,0.1535,0.1538,0.1534,0.1538,35485.4
1783800900000,0.1538,0.1539,0.1537,0.1538,6219
1783801800000,0.1538,0.1541,0.1537,0.1541,73551.5
1783802700000,0.1541,0.1544,0.1539,0.1539,58565.9
1783803600000,0.1539,0.1546,0.1539,0.1543,31032.7
1783804500000,0.1543,0.1543,0.1538,0.1538,6335.3
1783805400000,0.1538,0.1541,0.1536,0.1538,31272.2
1783806300000,0.1538,0.1538,0.1533,0.1534,29630.8
1783807200000,0.1534,0.1535,0.1531,0.1534,45785.2
1783808100000,0.1534,0.1535,0.1517,0.1524,472357.6
1783809000000,0.1524,0.1525,0.1518,0.152,20451.2
1783809900000,0.152,0.1523,0.152,0.1522,153373.1
1783810800000,0.1522,0.1528,0.1515,0.1518,123826.7
1783811700000,0.1518,0.152,0.1496,0.1506,792516.9
1783812600000,0.1506,0.1507,0.15,0.1507,69373.1
1783813500000,0.1507,0.1509,0.1499,0.1501,60734.4
1783814400000,0.1501,0.1501,0.1482,0.1492,365254.4
1783815300000,0.1492,0.1499,0.1491,0.1493,497371.8
1783816200000,0.1493,0.1497,0.1481,0.1493,80598.6
1783817100000,0.1493,0.15,0.1492,0.1499,171636.3
1783818000000,0.1499,0.1504,0.1498,0.15,43369.4
1783818900000,0.15,0.151,0.15,0.1508,182939.9
1783819800000,0.1508,0.151,0.1507,0.1509,81696.7
1783820700000,0.1509,0.151,0.1507,0.151,10510.8
1783821600000,0.151,0.151,0.1503,0.1503,31129
1783822500000,0.1503,0.1508,0.1503,0.1507,31725.7
1783823400000,0.1507,0.1507,0.1504,0.1505,86637.9
1783824300000,0.1505,0.1507,0.1505,0.1507,5803.3
1783825200000,0.1507,0.1508,0.1504,0.1508,7456.4
1783826100000,0.1508,0.1516,0.1508,0.1516,191590.8
1783827000000,0.1516,0.1523,0.1516,0.1517,56381.4
1783827900000,0.1517,0.1521,0.1517,0.1518,106456.1
1783828800000,0.1518,0.1519,0.1512,0.1512,86809
1783829700000,0.1512,0.1517,0.1512,0.1516,19990
1783830600000,0.1516,0.1516,0.1508,0.151,44726.4
1783831500000,0.151,0.1511,0.1506,0.1508,26319.6
1783832400000,0.1508,0.1509,0.1507,0.1507,1968.2
1783833300000,0.1507,0.1508,0.1507,0.1507,18990.5
1783834200000,0.1507,0.151,0.1506,0.151,11543
1783835100000,0.151,0.1513,0.151,0.1513,14096
1783836000000,0.1513,0.1513,0.1496,0.1501,407553.6
1783836900000,0.1501,0.1501,0.1494,0.1497,92594.5
1783837800000,0.1497,0.1499,0.1495,0.1498,31285
1783838700000,0.1498,0.1503,0.1498,0.1502,25340.6
1783839600000,0.1502,0.1506,0.15,0.1503,51577.1
1783840500000,0.1503,0.1508,0.1502,0.1503,44199
1783841400000,0.1503,0.1503,0.1498,0.1501,40022.5
1783842300000,0.1501,0.1503,0.1499,0.1503,31165.1
1783843200000,0.1503,0.1508,0.1499,0.1507,35438
1783844100000,0.1507,0.1509,0.1505,0.1508,29813.2
1783845000000,0.1508,0.1508,0.1506,0.1506,7486
1783845900000,0.1506,0.1507,0.1503,0.1504,103978.1
1783846800000,0.1504,0.1504,0.1499,0.1499,21852.5
1783847700000,0.1499,0.1501,0.1497,0.1499,54479.2
1783848600000,0.1499,0.1505,0.1498,0.1503,109384.8
1783849500000,0.1503,0.1507,0.1503,0.1507,19377.7
1783850400000,0.1507,0.1507,0.1503,0.1505,27854.9
1783851300000,0.1505,0.1509,0.1505,0.1508,175060.2
1783852200000,0.1508,0.1508,0.1506,0.1506,13749.9
1783853100000,0.1506,0.1508,0.1503,0.1503,141170.7
1783854000000,0.1503,0.1503,0.1497,0.1497,52293
1783854900000,0.1497,0.1501,0.1497,0.1501,14583.8
1783855800000,0.1501,0.1506,0.1501,0.1504,17468.5
1783856700000,0.1504,0.1508,0.1504,0.1507,9771
1783857600000,0.1507,0.1507,0.1503,0.1504,146965.7
1783858500000,0.1504,0.1508,0.1504,0.1504,31709.5
1783859400000,0.1504,0.1506,0.1504,0.1505,18632.5
1783860300000,0.1505,0.1506,0.1505,0.1505,799.3
1783861200000,0.1505,0.1508,0.1505,0.1506,9029.3
1783862100000,0.1506,0.1506,0.1502,0.1504,30299.1
1783863000000,0.1504,0.1506,0.1503,0.1504,3209.6
1783863900000,0.1504,0.1504,0.1499,0.1499,65963.6
1783864800000,0.1499,0.15,0.1494,0.1497,31085.3
1783865700000,0.1497,0.1499,0.1497,0.1499,102873.7
1783866600000,0.1499,0.1504,0.1498,0.1501,15162.1
1783867500000,0.1501,0.1512,0.1501,0.1507,66966.4
1783868400000,0.1507,0.1509,0.1506,0.1507,21643.9
1783869300000,0.1507,0.1508,0.1504,0.1507,63442
1783870200000,0.1507,0.1508,0.15,0.1502,103485.2
1783871100000,0.1502,0.1505,0.1502,0.1503,51433.9
1783872000000,0.1503,0.1503,0.15,0.15,33844.8
1783872900000,0.15,0.1502,0.1499,0.1502,10303.3
1783873800000,0.1502,0.1502,0.1499,0.1501,6109.6
1783874700000,0.1501,0.1504,0.15,0.1501,17810.6
1783875600000,0.1501,0.1503,0.15,0.1502,39466.8
1783876500000,0.1502,0.1502,0.1499,0.15,13112.1
1783877400000,0.15,0.1503,0.1499,0.1501,18993.6
1783878300000,0.1501,0.1502,0.1494,0.1498,77377.4
1783879200000,0.1498,0.1499,0.1494,0.1497,18029.5
1783880100000,0.1497,0.1498,0.1495,0.1497,12455.2
1783881000000,0.1497,0.1504,0.1497,0.1504,17869
1783881900000,0.1504,0.1507,0.1504,0.1507,27099.2
1783882800000,0.1507,0.1509,0.1506,0.1507,31103.4
1783883700000,0.1507,0.151,0.1507,0.151,11335.1
1783884600000,0.151,0.151,0.1507,0.1508,77481.1
1783885500000,0.1508,0.1515,0.1508,0.1514,95977.5
1783886400000,0.1514,0.1518,0.1511,0.1511,94312.8
1783887300000,0.1511,0.1511,0.1507,0.1508,11764.2
1783888200000,0.1508,0.1508,0.1506,0.1506,52526.2
1783889100000,0.1506,0.1508,0.1506,0.1507,23021.7
1783890000000,0.1507,0.151,0.1507,0.151,25012.3
1783890900000,0.151,0.151,0.15,0.1502,9269.5
1783891800000,0.1502,0.1504,0.1497,0.1503,41864.6
1783892700000,0.1503,0.1503,0.15,0.1501,11201.5
1783893600000,0.1501,0.1501,0.1483,0.1488,906346.8
1783894500000,0.1488,0.1489,0.1478,0.1487,186599.9
1783895400000,0.1487,0.1487,0.1482,0.1484,20440.1
1783896300000,0.1484,0.1488,0.1479,0.1488,31141.6
1783897200000,0.1488,0.1488,0.1482,0.1484,7702.3
1783898100000,0.1484,0.1484,0.1483,0.1483,9841.8
1783899000000,0.1483,0.1487,0.1483,0.1486,14231.4
1783899900000,0.1486,0.1498,0.1484,0.1494,227468.3
1783900800000,0.1494,0.1521,0.1491,0.1516,671980.6
1783901700000,0.1516,0.1521,0.1513,0.1514,297739.8
1783902600000,0.1514,0.1514,0.1488,0.1497,738717.7
1783903500000,0.1497,0.1509,0.1497,0.1503,133518.8
1783904400000,0.1503,0.151,0.149,0.1495,322010.1
1783905300000,0.1495,0.1502,0.1488,0.1491,254493
1783906200000,0.1491,0.1497,0.1489,0.1494,66055.8
1783907100000,0.1494,0.1499,0.1486,0.1486,176558.7
1783908000000,0.1486,0.1494,0.1481,0.149,444776.2
1783908900000,0.149,0.1498,0.149,0.1495,62687.3
1783909800000,0.1495,0.1497,0.1492,0.1495,34455.4
1783910700000,0.1495,0.1496,0.1492,0.1493,2315.9
1783911600000,0.1493,0.1493,0.1473,0.1477,474763.8
1783912500000,0.1477,0.1486,0.1469,0.1486,150647.7
1783913400000,0.1486,0.1486,0.1469,0.1478,446372.9
1783914300000,0.1478,0.1485,0.1478,0.1485,164677.1
1783915200000,0.1485,0.1491,0.1481,0.1487,85069.2
1783916100000,0.1487,0.1499,0.1487,0.1499,106225.9
1783917000000,0.1499,0.15,0.149,0.1492,100873.7
1783917900000,0.1492,0.1498,0.1492,0.1494,32457.6
1783918800000,0.1494,0.1512,0.149,0.1507,313505.6
1783919700000,0.1507,0.1507,0.1491,0.1491,66885
1783920600000,0.1491,0.1499,0.1485,0.1496,62008.4
1783921500000,0.1496,0.1507,0.1493,0.1493,208577.8
1783922400000,0.1493,0.1499,0.1493,0.1495,67303.8
1783923300000,0.1495,0.1503,0.1495,0.1503,14419
1783924200000,0.1503,0.1506,0.1501,0.1504,270294.4
1783925100000,0.1504,0.1507,0.1502,0.1502,47331.7
1783926000000,0.1502,0.1507,0.15,0.1507,28546.5
1783926900000,0.1507,0.1508,0.1504,0.1506,49116.2
1783927800000,0.1506,0.1506,0.15,0.15,18233.9
1783928700000,0.15,0.1501,0.1497,0.1497,43346.5
1783929600000,0.1497,0.1502,0.1497,0.15,16153.1
1783930500000,0.15,0.15,0.1498,0.15,69930.1
1783931400000,0.15,0.1501,0.1494,0.1501,62495.4
1783932300000,0.1501,0.1505,0.1501,0.1502,170894.3
1783933200000,0.1502,0.1503,0.1499,0.1499,21982.6
1783934100000,0.1499,0.15,0.1495,0.15,249946.9
1783935000000,0.15,0.1503,0.15,0.1501,38658.2
1783935900000,0.1501,0.1501,0.1499,0.1499,20316.4
1783936800000,0.1499,0.1499,0.1497,0.1498,76973.6
1783937700000,0.1498,0.1502,0.1497,0.15,19023.6
1783938600000,0.15,0.1506,0.1496,0.1496,122414.9
1783939500000,0.1496,0.1505,0.1496,0.1505,28468.5
1783940400000,0.1505,0.1514,0.1505,0.1512,113147.7
1783941300000,0.1512,0.1514,0.151,0.1512,66065.1
1783942200000,0.1512,0.1512,0.1506,0.1507,48491.8
1783943100000,0.1507,0.1507,0.15,0.1503,49861.6
1783944000000,0.1503,0.1508,0.1501,0.1506,865869.1
1783944900000,0.1506,0.1507,0.15,0.15,278531.5
1783945800000,0.15,0.1503,0.1497,0.15,93719.2
1783946700000,0.15,0.1502,0.1498,0.1502,105246.9
1783947600000,0.1502,0.1505,0.1498,0.1505,244940.6
1783948500000,0.1505,0.1505,0.1499,0.1501,29500.8
1783949400000,0.1501,0.151,0.1499,0.1504,125940.4
1783950300000,0.1504,0.1512,0.1502,0.1511,73867.6
1783951200000,0.1511,0.1518,0.1507,0.1514,687353
1783952100000,0.1514,0.1514,0.1494,0.1512,853158.3
1783953000000,0.1512,0.1514,0.1506,0.1508,127174.5
1783953900000,0.1508,0.1514,0.1508,0.1514,41866.4
1783954800000,0.1514,0.1515,0.1507,0.1507,27073.5
1783955700000,0.1507,0.1512,0.1507,0.1507,10927
1783956600000,0.1507,0.1507,0.1499,0.1501,135171.4
1783957500000,0.1501,0.1501,0.1491,0.1496,337463
1783958400000,0.1496,0.1502,0.1496,0.1498,100834.7
1783959300000,0.1498,0.1498,0.1491,0.1494,87999.4
1783960200000,0.1494,0.1495,0.1484,0.1489,121157.1
1783961100000,0.1489,0.1494,0.1487,0.1493,65660.8
1783962000000,0.1493,0.1497,0.1491,0.1493,84677.7
1783962900000,0.1493,0.1494,0.1491,0.1493,14505.7
1783963800000,0.1493,0.1495,0.1485,0.1492,40230.1
1783964700000,0.1492,0.1494,0.1482,0.1485,148225.3
1783965600000,0.1485,0.1494,0.1485,0.1493,118533.1
1783966500000,0.1493,0.1499,0.149,0.1498,165775.1
1783967400000,0.1498,0.1502,0.1494,0.1502,66956.3
1783968300000,0.1502,0.1509,0.15,0.1502,99877.2
1783969200000,0.1502,0.1504,0.1498,0.1499,63390.8
1783970100000,0.1499,0.15,0.1496,0.1497,235085.2
1783971000000,0.1497,0.1502,0.1497,0.15,28369.4
1783971900000,0.15,0.1508,0.1499,0.1505,63236.5
1783972800000,0.1505,0.1506,0.15,0.1501,30936.1
1783973700000,0.1501,0.1501,0.1492,0.1501,45290.2
1783974600000,0.1501,0.1501,0.1493,0.1493,40390.3
1783975500000,0.1493,0.1498,0.1488,0.1498,49059.8
1783976400000,0.1498,0.1498,0.1491,0.1491,12169
1783977300000,0.1491,0.1497,0.1491,0.1492,35392
1783978200000,0.1492,0.1493,0.1473,0.1485,460551.8
1783979100000,0.1485,0.1487,0.1483,0.1486,65921.2
1783980000000,0.1486,0.1491,0.1485,0.149,109740.7
1783980900000,0.149,0.1494,0.149,0.1492,43059.4
1783981800000,0.1492,0.1494,0.1489,0.1494,32130.4
1783982700000,0.1494,0.1497,0.1494,0.1496,37836.1
1783983600000,0.1496,0.1501,0.1493,0.1501,285863.8
1783984500000,0.1501,0.1506,0.1501,0.1505,37614.3
1783985400000,0.1505,0.1506,0.1503,0.1504,30962
1783986300000,0.1504,0.1512,0.1504,0.1511,74641.7
1783987200000,0.1511,0.1515,0.1505,0.1514,184028.2
1783988100000,0.1514,0.1516,0.1511,0.1512,80021.9
1783989000000,0.1512,0.1521,0.1512,0.1516,730712.8
1783989900000,0.1516,0.1536,0.1516,0.1531,383789.6
1783990800000,0.1531,0.1539,0.1531,0.1538,301470.6
1783991700000,0.1538,0.1543,0.1536,0.1536,185073.3
1783992600000,0.1536,0.1536,0.1532,0.1536,52727.9
1783993500000,0.1536,0.1536,0.1528,0.153,205835.6
1783994400000,0.153,0.153,0.1524,0.1526,125453.1
1783995300000,0.1526,0.1526,0.1523,0.1524,41897.4
1783996200000,0.1524,0.155,0.1519,0.1546,638062.3
1783997100000,0.1546,0.1547,0.1531,0.1535,255283.1
1783998000000,0.1535,0.1536,0.1527,0.1528,39723.5
1783998900000,0.1528,0.1538,0.1527,0.1538,46104
1783999800000,0.1538,0.1543,0.1537,0.1539,70148.8
1784000700000,0.1539,0.1545,0.1539,0.1545,75997.1
1784001600000,0.1545,0.1557,0.1545,0.1553,120363.2
1784002500000,0.1553,0.1558,0.155,0.1552,270789.4
1784003400000,0.1552,0.1558,0.1543,0.1543,161044.4
1784004300000,0.1543,0.1549,0.1543,0.1546,36898.8
1784005200000,0.1546,0.1554,0.1541,0.1551,99681.3
1784006100000,0.1551,0.1554,0.1548,0.1553,112683
1784007000000,0.1553,0.1553,0.1544,0.1547,32441
1784007900000,0.1547,0.1547,0.1541,0.1544,126970.2
1784008800000,0.1544,0.1544,0.1537,0.1537,25372.5
1784009700000,0.1537,0.154,0.1533,0.1535,56287.9
1784010600000,0.1535,0.1537,0.1529,0.1536,71721.4
1784011500000,0.1536,0.1537,0.1533,0.1533,12969.5
1784012400000,0.1533,0.1533,0.1528,0.153,23802.6
1784013300000,0.153,0.1532,0.1528,0.153,26690.5
1784014200000,0.153,0.1531,0.1526,0.1526,97253
1784015100000,0.1526,0.1526,0.1523,0.1525,36861.4
1784016000000,0.1525,0.1529,0.1523,0.1523,43272.4
1784016900000,0.1523,0.1527,0.1523,0.1525,70681.4
1784017800000,0.1525,0.1528,0.1525,0.1527,27644.7
1784018700000,0.1527,0.1527,0.152,0.1522,660566.6
1784019600000,0.1522,0.1528,0.1519,0.1522,524960.7
1784020500000,0.1522,0.1523,0.1521,0.1522,33349.3
1784021400000,0.1522,0.1522,0.1515,0.152,232277.5
1784022300000,0.152,0.1521,0.1516,0.1516,14575.6
1784023200000,0.1516,0.1521,0.1516,0.1521,12057.8
1784024100000,0.1521,0.1521,0.1517,0.1518,19129.2
1784025000000,0.1518,0.1522,0.1515,0.152,51357.3
1784025900000,0.152,0.1523,0.1519,0.1522,34587.4
1784026800000,0.1522,0.1523,0.1519,0.152,9059.8
1784027700000,0.152,0.1522,0.1515,0.1515,172540.2
1784028600000,0.1515,0.1515,0.1509,0.1512,610965.2
1784029500000,0.1512,0.1515,0.151,0.1512,411530.5
1784030400000,0.1512,0.1512,0.1509,0.1512,251093.3
1784031300000,0.1512,0.152,0.1512,0.1516,83242.4
1784032200000,0.1516,0.1534,0.1516,0.1522,800466.4
1784033100000,0.1522,0.1531,0.1522,0.153,202080.5
1784034000000,0.153,0.1532,0.1523,0.1525,168634.6
1784034900000,0.1525,0.1543,0.1525,0.1535,266797.6
1784035800000,0.1535,0.1538,0.1531,0.1532,123046.6
1784036700000,0.1532,0.1534,0.1525,0.153,70019.4
1784037600000,0.153,0.1534,0.1523,0.1534,192568.4
1784038500000,0.1534,0.1537,0.1529,0.1532,139904.4
1784039400000,0.1532,0.1539,0.1527,0.1528,409160.1
1784040300000,0.1528,0.1537,0.1523,0.1536,249799.9
1784041200000,0.1536,0.1536,0.1529,0.1535,158894.6
1784042100000,0.1535,0.1535,0.1525,0.1529,223456.4
1784043000000,0.1529,0.1535,0.1527,0.1531,146160.3
1784043900000,0.1531,0.1534,0.1524,0.1524,289903.6
1784044800000,0.1524,0.1535,0.1522,0.1532,125933.6
1784045700000,0.1532,0.1535,0.1529,0.1535,14142.2
1784046600000,0.1535,0.1538,0.1535,0.1537,61247.1
1784047500000,0.1537,0.1541,0.1533,0.1539,192881.5
1784048400000,0.1539,0.1541,0.1526,0.1535,145063.8
1784049300000,0.1535,0.1538,0.153,0.1532,37746.3
1784050200000,0.1532,0.1533,0.1528,0.1533,33100.2
1784051100000,0.1533,0.1535,0.1529,0.1534,41983.7
1784052000000,0.1534,0.1537,0.1533,0.1535,20246.2
1784052900000,0.1535,0.1538,0.1532,0.1532,14191
1784053800000,0.1532,0.1536,0.153,0.153,75231.5
1784054700000,0.153,0.1533,0.1528,0.1533,69146.3
1784055600000,0.1533,0.1537,0.1533,0.1537,25155.3
1784056500000,0.1537,0.154,0.1535,0.1535,42520
1784057400000,0.1535,0.1538,0.1532,0.1538,55061.2
1784058300000,0.1538,0.1539,0.1535,0.1535,51594.1
1784059200000,0.1535,0.1537,0.1531,0.1531,35211.5
1784060100000,0.1531,0.1533,0.1528,0.153,70134.7
1784061000000,0.153,0.1532,0.1529,0.153,17883.1
1784061900000,0.153,0.1534,0.153,0.1534,12110.8
1784062800000,0.1534,0.1535,0.1531,0.1533,47399.5
1784063700000,0.1533,0.1536,0.1533,0.1534,16330.8
1784064600000,0.1534,0.1535,0.1532,0.1534,59666.5
1784065500000,0.1534,0.1534,0.1529,0.1529,15501.8
1784066400000,0.1529,0.1531,0.1522,0.1524,49630.7
1784067300000,0.1524,0.1536,0.1524,0.1535,201023.1
1784068200000,0.1535,0.154,0.1533,0.1537,127527.2
1784069100000,0.1537,0.1538,0.1536,0.1536,18734.2
1784070000000,0.1536,0.1539,0.1533,0.1539,37975.3
1784070900000,0.1539,0.1539,0.1534,0.1535,22565.8
1784071800000,0.1535,0.1535,0.1533,0.1533,6427.2
1784072700000,0.1533,0.1535,0.1533,0.1535,29519.3
1784073600000,0.1535,0.1546,0.1535,0.1541,106800.2
1784074500000,0.1541,0.1541,0.1537,0.154,9594.3
1784075400000,0.154,0.154,0.1538,0.154,28816.9
1784076300000,0.154,0.1543,0.154,0.1542,41313.3
1784077200000,0.1542,0.1545,0.154,0.154,55085.4
1784078100000,0.154,0.1549,0.154,0.1547,70911.2
1784079000000,0.1547,0.1566,0.1547,0.1554,307720.9
1784079900000,0.1554,0.1563,0.1554,0.1555,75066.1
1784080800000,0.1555,0.1557,0.1551,0.1556,38972.3
1784081700000,0.1556,0.1556,0.1535,0.1544,670825.3
1784082600000,0.1544,0.1545,0.1541,0.1544,63519.1
1784083500000,0.1544,0.1546,0.1541,0.1542,6250.6
1784084400000,0.1542,0.1544,0.154,0.1543,8452.9
1784085300000,0.1543,0.1548,0.1543,0.1548,331550.3
1784086200000,0.1548,0.1552,0.1548,0.1548,47445.7
1784087100000,0.1548,0.1554,0.1548,0.1551,16175
1784088000000,0.1551,0.1553,0.1548,0.1549,36688.1
1784088900000,0.1549,0.155,0.1542,0.1542,41703.8
1784089800000,0.1542,0.1546,0.1539,0.1544,19671.3
1784090700000,0.1544,0.1549,0.1544,0.1548,34774.2
1784091600000,0.1548,0.1549,0.1537,0.1537,41477.7
1784092500000,0.1537,0.1539,0.1533,0.1535,112852.9
1784093400000,0.1535,0.1541,0.1535,0.1537,26387.1
1784094300000,0.1537,0.1543,0.1537,0.1542,17925
1784095200000,0.1542,0.1545,0.154,0.1545,53910.1
1784096100000,0.1545,0.1546,0.154,0.1546,9681.1
1784097000000,0.1546,0.1552,0.1545,0.1549,111340.4
1784097900000,0.1549,0.1549,0.1543,0.1543,101552.6
1784098800000,0.1543,0.1545,0.1541,0.1544,111852.6
1784099700000,0.1544,0.1554,0.1524,0.153,1800008.7
1784100600000,0.153,0.1534,0.153,0.1533,98487.4
1784101500000,0.1533,0.1539,0.1532,0.1533,87476.1
1784102400000,0.1533,0.1534,0.1521,0.1534,432183.2
1784103300000,0.1534,0.1536,0.153,0.1536,38057.4
1784104200000,0.1536,0.154,0.1535,0.154,209651.2
1784105100000,0.154,0.1541,0.1538,0.1541,27290.3
1784106000000,0.1541,0.1546,0.154,0.1543,110757.2
1784106900000,0.1543,0.155,0.1543,0.1547,380397.3
1784107800000,0.1547,0.1547,0.1541,0.1543,27780.9
1784108700000,0.1543,0.1543,0.1539,0.154,8425.9
1784109600000,0.154,0.1541,0.1538,0.1541,19333.8
1784110500000,0.1541,0.1541,0.1534,0.1534,67397.1
1784111400000,0.1534,0.1537,0.1534,0.1537,104143.1
1784112300000,0.1537,0.1537,0.1534,0.1535,4595.8
1784113200000,0.1535,0.1535,0.1534,0.1535,25297.9
1784114100000,0.1535,0.1535,0.1531,0.1532,184483.1
1784115000000,0.1532,0.1536,0.1523,0.153,806924.9
1784115900000,0.153,0.153,0.1527,0.1528,38185.8
1784116800000,0.1528,0.1531,0.1525,0.1529,155192.4
1784117700000,0.1529,0.1531,0.1526,0.1527,77489.9
1784118600000,0.1527,0.1539,0.1525,0.1532,1275107.6
1784119500000,0.1532,0.155,0.1532,0.155,423135.7
1784120400000,0.155,0.1558,0.1548,0.1554,686675.9
1784121300000,0.1554,0.1565,0.1554,0.156,734037.4
1784122200000,0.156,0.1573,0.1557,0.1561,759484.2
1784123100000,0.1561,0.1566,0.1552,0.1565,572640.3
1784124000000,0.1565,0.1573,0.1557,0.1557,888578
1784124900000,0.1557,0.156,0.1553,0.1557,174225.1
1784125800000,0.1557,0.1557,0.1553,0.1555,77383.9
1784126700000,0.1555,0.1562,0.1553,0.1562,92423.3
1784127600000,0.1562,0.1562,0.1549,0.1549,162962.5
1784128500000,0.1549,0.1551,0.1543,0.1549,568965.4
1784129400000,0.1549,0.155,0.1545,0.1548,90602.2
1784130300000,0.1548,0.155,0.1532,0.1539,1745176.5
1784131200000,0.1539,0.154,0.153,0.1531,156804.9
1784132100000,0.1531,0.1535,0.1528,0.1534,323211.9
1784133000000,0.1534,0.1534,0.1515,0.1529,305043.8
1784133900000,0.1529,0.1538,0.1527,0.1533,1243124
1784134800000,0.1533,0.1536,0.1532,0.1534,50263.8
1784135700000,0.1534,0.1534,0.153,0.1531,108803
1784136600000,0.1531,0.1536,0.1531,0.1535,165609.8
1784137500000,0.1535,0.1541,0.1532,0.1538,470468.4
1784138400000,0.1538,0.1543,0.1537,0.1543,38104.7
1784139300000,0.1543,0.1546,0.1542,0.1546,17289.8
1784140200000,0.1546,0.1546,0.154,0.154,20528.1
1784141100000,0.154,0.1541,0.1533,0.1533,130447.4
1784142000000,0.1533,0.1537,0.1527,0.1532,761759.8
1784142900000,0.1532,0.1532,0.1527,0.1531,66167.6
1784143800000,0.1531,0.1532,0.1527,0.153,36473.7
1784144700000,0.153,0.153,0.1524,0.1525,39553
1784145600000,0.1525,0.1528,0.1524,0.1528,218021.2
1784146500000,0.1528,0.1532,0.1527,0.153,12202.3
1784147400000,0.153,0.1535,0.153,0.1533,53640.8
1784148300000,0.1533,0.1534,0.1533,0.1533,3122.5
1784149200000,0.1533,0.1539,0.1533,0.1536,217153.8
1784150100000,0.1536,0.154,0.1536,0.1538,18151.3
1784151000000,0.1538,0.1538,0.1535,0.1537,14116.3
1784151900000,0.1537,0.1537,0.1532,0.1534,10258.9
1784152800000,0.1534,0.1536,0.1528,0.1531,75691.3
1784153700000,0.1531,0.1536,0.153,0.1536,61672.9
1784154600000,0.1536,0.1541,0.1533,0.1535,502342.5
1784155500000,0.1535,0.1539,0.1529,0.1533,251969.7
1784156400000,0.1533,0.1535,0.1532,0.1532,1744.3
1784157300000,0.1532,0.1532,0.1529,0.153,4997.9
1784158200000,0.153,0.153,0.1523,0.1524,90689.9
1784159100000,0.1524,0.1527,0.1524,0.1526,12161.1
1784160000000,0.1526,0.1528,0.1524,0.1526,88143.3
1784160900000,0.1526,0.1527,0.1521,0.1522,40342.6
1784161800000,0.1522,0.1523,0.1514,0.1514,325637
1784162700000,0.1514,0.1519,0.1513,0.1518,166228.2
1784163600000,0.1518,0.1519,0.1514,0.1516,126366.3
1784164500000,0.1516,0.1516,0.1502,0.1514,526331.4
1784165400000,0.1514,0.1518,0.1514,0.1514,24290.5
1784166300000,0.1514,0.1525,0.1514,0.1523,400437.6
1784167200000,0.1523,0.1523,0.152,0.152,17324.2
1784168100000,0.152,0.153,0.152,0.153,64571.6
1784169000000,0.153,0.1541,0.1529,0.1534,459797.1
1784169900000,0.1534,0.1536,0.1529,0.1532,251058.9
1784170800000,0.1532,0.1543,0.1531,0.1535,562000.7
1784171700000,0.1535,0.1535,0.1524,0.1526,340442.8
1784172600000,0.1526,0.1529,0.1525,0.1527,177448.4
1784173500000,0.1527,0.1527,0.1523,0.1525,33153.8
1784174400000,0.1525,0.1525,0.1521,0.1524,32465.2
1784175300000,0.1524,0.1525,0.1521,0.1524,25740.7
1784176200000,0.1524,0.1526,0.1523,0.1526,19412.8
1784177100000,0.1526,0.1526,0.1522,0.1523,37774.7
1784178000000,0.1523,0.1527,0.1523,0.1527,13254.9
1784178900000,0.1527,0.1529,0.1525,0.1525,39463.7
1784179800000,0.1525,0.1527,0.1523,0.1525,109373
1784180700000,0.1525,0.1525,0.152,0.1522,61227.6
1784181600000,0.1522,0.1525,0.1517,0.1518,417964.7
1784182500000,0.1518,0.1518,0.1514,0.1517,30539
1784183400000,0.1517,0.1517,0.1509,0.1514,289758.4
1784184300000,0.1514,0.1518,0.1514,0.1518,48617.8
1784185200000,0.1518,0.1518,0.1513,0.1513,24135.5
1784186100000,0.1513,0.1514,0.151,0.151,14920.6
1784187000000,0.151,0.1511,0.1498,0.15,276327.1
1784187900000,0.15,0.1505,0.1498,0.1504,66200.5
1784188800000,0.1504,0.1504,0.1488,0.149,586522.6
1784189700000,0.149,0.1503,0.149,0.1503,93927.5
1784190600000,0.1503,0.1508,0.1502,0.1502,67845
1784191500000,0.1502,0.1509,0.1501,0.1509,37010.4
1784192400000,0.1509,0.1511,0.1509,0.1511,174176
1784193300000,0.1511,0.1513,0.1509,0.1512,168859.2
1784194200000,0.1512,0.1512,0.1508,0.1511,112122.6
1784195100000,0.1511,0.1511,0.1508,0.1508,60553.7
1784196000000,0.1508,0.1514,0.1507,0.1514,317121.7
1784196900000,0.1514,0.1522,0.1514,0.1518,350597.2
1784197800000,0.1518,0.1518,0.1516,0.1517,9316.7
1784198700000,0.1517,0.152,0.1515,0.152,18792.7
1784199600000,0.152,0.1527,0.1514,0.1516,840197.9
1784200500000,0.1516,0.1516,0.1511,0.1511,137905.9
1784201400000,0.1511,0.1511,0.1507,0.151,89524.9
1784202300000,0.151,0.1515,0.1507,0.1514,276993.9
1784203200000,0.1514,0.1517,0.1511,0.1511,16061.3
1784204100000,0.1511,0.1517,0.1508,0.1517,214520
1784205000000,0.1517,0.1519,0.1508,0.1508,57184.2
1784205900000,0.1508,0.1515,0.1507,0.1515,101795.6
1784206800000,0.1515,0.1527,0.1514,0.1522,273846.5
1784207700000,0.1522,0.1539,0.152,0.1537,842933.8
1784208600000,0.1537,0.1542,0.1531,0.1531,385359.2
1784209500000,0.1531,0.1538,0.1531,0.1536,57275.4
1784210400000,0.1536,0.1547,0.1536,0.1542,250917.5
1784211300000,0.1542,0.1544,0.1535,0.1539,66873.7
1784212200000,0.1539,0.1539,0.1534,0.1534,12579.7
1784213100000,0.1534,0.1538,0.153,0.1535,50215.1
1784214000000,0.1535,0.1536,0.1523,0.1523,54131.9
1784214900000,0.1523,0.1544,0.1523,0.1544,147937.6
1784215800000,0.1544,0.1553,0.1542,0.1547,105741
1784216700000,0.1547,0.156,0.1543,0.1547,692658
1784217600000,0.1547,0.1548,0.1534,0.1535,151656
1784218500000,0.1535,0.1539,0.1529,0.1537,546209.5
1784219400000,0.1537,0.154,0.1534,0.1534,23196
1784220300000,0.1534,0.1535,0.153,0.1535,28082.2
1784221200000,0.1535,0.1535,0.152,0.152,316575.3
1784222100000,0.152,0.1529,0.152,0.1526,281858.3
1784223000000,0.1526,0.153,0.1526,0.1526,49456.9
1784223900000,0.1526,0.1529,0.152,0.1522,84624
1784224800000,0.1522,0.1529,0.1522,0.1528,45303.2
1784225700000,0.1528,0.1538,0.1528,0.1536,125936.1
1784226600000,0.1536,0.1536,0.1528,0.153,22263.3
1784227500000,0.153,0.1533,0.1528,0.1528,23137.9
1784228400000,0.1528,0.1531,0.1527,0.1527,14831.1
1784229300000,0.1527,0.153,0.1527,0.153,2950.9
1784230200000,0.153,0.1531,0.1529,0.153,9029.6
1784231100000,0.153,0.1538,0.1529,0.1538,139584.8
1784232000000,0.1538,0.154,0.1536,0.1536,130386
1784232900000,0.1536,0.1542,0.1535,0.1542,113367.7
1784233800000,0.1542,0.1547,0.154,0.154,466990
1784234700000,0.154,0.154,0.1535,0.1537,5943.8
1784235600000,0.1537,0.154,0.1536,0.1539,5682
1784236500000,0.1539,0.1539,0.1531,0.1533,42260.8
1784237400000,0.1533,0.1537,0.1533,0.1534,2837
1784238300000,0.1534,0.1537,0.1531,0.1534,26078.3
1784239200000,0.1534,0.154,0.1534,0.1535,376669
1784240100000,0.1535,0.1536,0.1527,0.1527,11871
1784241000000,0.1527,0.1528,0.1519,0.1521,290362.8
1784241900000,0.1521,0.1521,0.1513,0.1515,86276.6
1784242800000,0.1515,0.152,0.151,0.1517,195613.5
1784243700000,0.1517,0.1517,0.1504,0.1511,692853.8
1784244600000,0.1511,0.1513,0.1506,0.151,70456.9
1784245500000,0.151,0.1512,0.1509,0.1511,79573.9
1784246400000,0.1511,0.1512,0.1505,0.1508,46384.8
1784247300000,0.1508,0.1516,0.1508,0.1513,27415.9
1784248200000,0.1513,0.1515,0.1507,0.1515,113070.7
1784249100000,0.1515,0.1524,0.1515,0.1524,71044
1784250000000,0.1524,0.153,0.1523,0.1527,107008.3
1784250900000,0.1527,0.1527,0.1522,0.1524,83294.6
1784251800000,0.1524,0.1524,0.1516,0.1516,82327.6
1784252700000,0.1516,0.1516,0.1511,0.1513,13300.9
1784253600000,0.1513,0.1513,0.1501,0.151,253145.9
1784254500000,0.151,0.1515,0.1504,0.1508,434213.5
1784255400000,0.1508,0.1508,0.1499,0.1503,110924.9
1784256300000,0.1503,0.1505,0.15,0.1505,11801.6
1784257200000,0.1505,0.1516,0.1505,0.1515,251557.7
1784258100000,0.1515,0.1527,0.1515,0.1523,124702.4
1784259000000,0.1523,0.1523,0.152,0.152,275046.4
1784259900000,0.152,0.152,0.1517,0.1518,24163.5
1784260800000,0.1518,0.1518,0.1513,0.1514,9889.6
1784261700000,0.1514,0.1521,0.1511,0.1516,1553502.6
1784262600000,0.1516,0.1527,0.1515,0.1525,548152
1784263500000,0.1525,0.1533,0.1525,0.1529,157201.7
1784264400000,0.1529,0.1532,0.1526,0.1531,86296.1
1784265300000,0.1531,0.1531,0.1521,0.1523,49526.4
1784266200000,0.1523,0.1524,0.1517,0.1524,94293
1784267100000,0.1524,0.1524,0.151,0.1517,893695.3
1784268000000,0.1517,0.1525,0.1512,0.1522,249267.3
1784268900000,0.1522,0.1533,0.1522,0.1527,154519
1784269800000,0.1527,0.1528,0.1523,0.1524,216803.5
1784270700000,0.1524,0.1524,0.1519,0.1519,24927.3
1784271600000,0.1519,0.1526,0.1519,0.1524,73644.7
1784272500000,0.1524,0.1533,0.1517,0.1529,219539.1
1784273400000,0.1529,0.1533,0.152,0.1522,175606.7
1784274300000,0.1522,0.1525,0.1522,0.1522,49885.9
1784275200000,0.1522,0.1524,0.1515,0.1517,54467.5
1784276100000,0.1517,0.1523,0.1514,0.1522,60064.5
1784277000000,0.1522,0.1522,0.1512,0.1521,26073.7
1784277900000,0.1521,0.1536,0.1521,0.1525,436958.7
1784278800000,0.1525,0.1527,0.1522,0.1526,72957
1784279700000,0.1526,0.1529,0.152,0.1529,87134.9
1784280600000,0.1529,0.1533,0.1527,0.1531,65564.7
1784281500000,0.1531,0.1536,0.1531,0.1533,55201.9
1784282400000,0.1533,0.1546,0.1533,0.1539,262177.3
1784283300000,0.1539,0.1541,0.1536,0.1538,78517
1784284200000,0.1538,0.154,0.1538,0.1538,79250.9
1784285100000,0.1538,0.154,0.1533,0.1535,116066.9
1784286000000,0.1535,0.1536,0.1527,0.1527,73318.4
1784286900000,0.1527,0.1527,0.1522,0.1525,378374.1
1784287800000,0.1525,0.1527,0.1524,0.1526,11466.2
1784288700000,0.1526,0.1526,0.1523,0.1523,15040.7
1784289600000,0.1523,0.1532,0.152,0.1529,891382.8
1784290500000,0.1529,0.1529,0.1525,0.1526,68277
1784291400000,0.1526,0.1526,0.152,0.1522,72336.1
1784292300000,0.1522,0.1524,0.1519,0.1522,233197.5
1784293200000,0.1522,0.1522,0.1508,0.1513,563962.3
1784294100000,0.1513,0.1521,0.1512,0.1515,236380.1
1784295000000,0.1515,0.152,0.1504,0.1506,134871.6
1784295900000,0.1506,0.1531,0.1505,0.1531,253197.1
1784296800000,0.1531,0.1542,0.1531,0.1535,391830.7
1784297700000,0.1535,0.154,0.1533,0.1535,297532.3
1784298600000,0.1535,0.1544,0.1534,0.154,228914.3
1784299500000,0.154,0.154,0.1535,0.1536,132649.5
1784300400000,0.1536,0.1536,0.1522,0.1522,267600
1784301300000,0.1522,0.153,0.1522,0.153,78941.2
1784302200000,0.153,0.1535,0.1522,0.1532,936416.1
1784303100000,0.1532,0.1541,0.153,0.154,218772.1
1784304000000,0.154,0.1545,0.1532,0.1543,758484.7
1784304900000,0.1543,0.155,0.154,0.1549,96213.8
1784305800000,0.1549,0.1558,0.1547,0.1557,253738.1
1784306700000,0.1557,0.156,0.1554,0.1556,160353
1784307600000,0.1556,0.1564,0.1553,0.1555,174054.5
1784308500000,0.1555,0.1556,0.1551,0.1555,29350.7
1784309400000,0.1555,0.1555,0.1546,0.1552,59624.9
1784310300000,0.1552,0.1553,0.1549,0.1549,38814.2
1784311200000,0.1549,0.1552,0.1548,0.1549,15872.3
1784312100000,0.1549,0.1549,0.1547,0.1549,12318.2
1784313000000,0.1549,0.1552,0.1548,0.1551,27946.2
1784313900000,0.1551,0.156,0.1551,0.1557,70439.4
1784314800000,0.1557,0.1558,0.155,0.155,224991.2
1784315700000,0.155,0.155,0.1542,0.1549,79225.9
1784316600000,0.1549,0.1552,0.1547,0.1552,28055.6
1784317500000,0.1552,0.1553,0.1551,0.1551,10607
1784318400000,0.1551,0.1558,0.1545,0.1548,481185.6
1784319300000,0.1548,0.1548,0.1545,0.1547,148780.9
1784320200000,0.1547,0.1548,0.1542,0.1545,84167.7
1784321100000,0.1545,0.1548,0.1541,0.1547,146890.3
1784322000000,0.1547,0.1553,0.1547,0.1553,101377.9
1784322900000,0.1553,0.1554,0.1551,0.1551,1115.3
1784323800000,0.1551,0.1551,0.1545,0.1545,15958.3
1784324700000,0.1545,0.1545,0.1541,0.1542,8443.6
1784325600000,0.1542,0.1548,0.1542,0.1548,34503.3
1784326500000,0.1548,0.1548,0.1545,0.1545,21756.5
1784327400000,0.1545,0.155,0.1545,0.1549,7043.1
1784328300000,0.1549,0.1552,0.1549,0.1552,20233.7
1784329200000,0.1552,0.1552,0.1544,0.1544,22328.8
1784330100000,0.1544,0.1551,0.1544,0.1551,34582.8
1784331000000,0.1551,0.1554,0.1549,0.1553,57134.6
1784331900000,0.1553,0.156,0.1553,0.1553,265760.8
1784332800000,0.1553,0.156,0.155,0.156,54240.4
1784333700000,0.156,0.1562,0.1557,0.156,24664.1
1784334600000,0.156,0.1575,0.1558,0.1574,396829.7
1784335500000,0.1574,0.1574,0.1556,0.1558,413699.9
1784336400000,0.1558,0.1561,0.1556,0.1561,28416.8
1784337300000,0.1561,0.1562,0.1559,0.1561,4668.9
1784338200000,0.1561,0.1561,0.1558,0.1558,12264.4
1784339100000,0.1558,0.1558,0.1554,0.1554,18616.4
1784340000000,0.1554,0.1556,0.1551,0.1555,6424.1
1784340900000,0.1555,0.1559,0.1555,0.1558,13886.5
1784341800000,0.1558,0.1559,0.1553,0.1553,6813.5
1784342700000,0.1553,0.1553,0.1551,0.1551,33030.9
1784343600000,0.1551,0.1554,0.155,0.1554,15530.4
1784344500000,0.1554,0.1555,0.155,0.155,4314.6
1784345400000,0.155,0.1564,0.155,0.1563,235744.7
1784346300000,0.1563,0.1569,0.1562,0.1563,212317.3
1784347200000,0.1563,0.1566,0.1556,0.1557,36927.6
1784348100000,0.1557,0.1557,0.1553,0.1555,29458.7
1784349000000,0.1555,0.1561,0.1554,0.1559,132101
1784349900000,0.1559,0.1559,0.155,0.1551,104798.9
1784350800000,0.1551,0.1551,0.1543,0.1544,343229.9
1784351700000,0.1544,0.1546,0.1544,0.1545,36144.5
1784352600000,0.1545,0.1545,0.1536,0.1538,130474.5
1784353500000,0.1538,0.1538,0.1531,0.1536,178346
1784354400000,0.1536,0.1536,0.1535,0.1535,21978
1784355300000,0.1535,0.154,0.1535,0.1536,21722.1
1784356200000,0.1536,0.1536,0.1533,0.1534,24588.9
1784357100000,0.1534,0.1534,0.1533,0.1534,3864.8
1784358000000,0.1534,0.1534,0.153,0.1532,39457.4
1784358900000,0.1532,0.1532,0.1529,0.1532,65894.6
1784359800000,0.1532,0.1532,0.1531,0.1532,3765.7
1784360700000,0.1532,0.1534,0.1532,0.1534,16692.5
1784361600000,0.1534,0.1537,0.1531,0.1535,44025.1
1784362500000,0.1535,0.1538,0.1535,0.1538,78448
1784363400000,0.1538,0.1538,0.1533,0.1533,20687.6
1784364300000,0.1533,0.1533,0.1531,0.1531,14881.2
1784365200000,0.1531,0.1531,0.1526,0.1527,21728.8
1784366100000,0.1527,0.1528,0.1524,0.1524,76745.4
1784367000000,0.1524,0.1527,0.1523,0.1527,10810.7
1784367900000,0.1527,0.1529,0.1526,0.1529,20464.3
1784368800000,0.1529,0.1535,0.1526,0.1528,83164.6
1784369700000,0.1528,0.153,0.1527,0.1529,15890.9
1784370600000,0.1529,0.1531,0.1529,0.153,8178.9
1784371500000,0.153,0.153,0.1526,0.1526,42825.8
1784372400000,0.1526,0.1527,0.1524,0.1527,80203.3
1784373300000,0.1527,0.1527,0.1525,0.1526,15235.7
1784374200000,0.1526,0.1527,0.1524,0.1525,20427.2
1784375100000,0.1525,0.1527,0.1525,0.1527,14322
1784376000000,0.1527,0.1532,0.1527,0.153,29497.5
1784376900000,0.153,0.153,0.1518,0.1518,274901.6
1784377800000,0.1518,0.1524,0.1518,0.1523,87170
1784378700000,0.1523,0.1526,0.1523,0.1525,2554.3
1784379600000,0.1525,0.1525,0.1519,0.1519,54586.2
1784380500000,0.1519,0.152,0.1514,0.152,136111.6
1784381400000,0.152,0.1523,0.152,0.1522,79606.5
1784382300000,0.1522,0.1525,0.1518,0.1524,63348.2
1784383200000,0.1524,0.1527,0.1522,0.1525,114758.1
1784384100000,0.1525,0.153,0.1525,0.153,102681.7
1784385000000,0.153,0.1532,0.153,0.1531,36687
1784385900000,0.1531,0.1533,0.153,0.1532,20324.6
1784386800000,0.1532,0.1534,0.1532,0.1533,27773
1784387700000,0.1533,0.154,0.1529,0.1529,213555
1784388600000,0.1529,0.1532,0.1529,0.1532,10732.2
1784389500000,0.1532,0.1538,0.1532,0.1537,17453.5
1784390400000,0.1537,0.1539,0.1535,0.1539,89480.8
1784391300000,0.1539,0.154,0.1532,0.1533,14658.7
1784392200000,0.1533,0.154,0.1533,0.1536,17411.6
1784393100000,0.1536,0.1544,0.1536,0.1543,157883.4
1784394000000,0.1543,0.1543,0.1541,0.1541,11303.6
1784394900000,0.1541,0.1545,0.1541,0.1542,16027.2
1784395800000,0.1542,0.1553,0.1542,0.1549,121547.3
1784396700000,0.1549,0.1549,0.1543,0.1543,32488.7
1784397600000,0.1543,0.1544,0.1538,0.1538,43807.7
1784398500000,0.1538,0.1542,0.1534,0.1541,287099.8
1784399400000,0.1541,0.1541,0.1535,0.1536,24858.5
1784400300000,0.1536,0.1537,0.1536,0.1536,14284.6
1784401200000,0.1536,0.154,0.1535,0.1536,76032.4
1784402100000,0.1536,0.1539,0.1536,0.1538,10403
1784403000000,0.1538,0.1539,0.1537,0.1537,33996.1
1784403900000,0.1537,0.154,0.1537,0.1538,6311.6
1784404800000,0.1538,0.154,0.1538,0.1539,28412.7
1784405700000,0.1539,0.1541,0.1539,0.154,27443.8
1784406600000,0.154,0.154,0.1537,0.1537,14862.9
1784407500000,0.1537,0.154,0.1536,0.1539,46654
1784408400000,0.1539,0.1541,0.1539,0.154,78703.2
1784409300000,0.154,0.1544,0.154,0.1541,68841.8
1784410200000,0.1541,0.1542,0.1537,0.1537,22418.7
1784411100000,0.1537,0.1542,0.1537,0.1542,21049.2
1784412000000,0.1542,0.1547,0.1539,0.1542,27974.3
1784412900000,0.1542,0.1543,0.1541,0.1541,13465.4
1784413800000,0.1541,0.1541,0.1539,0.154,15353.9
1784414700000,0.154,0.1542,0.154,0.1541,19297.3
1784415600000,0.1541,0.1544,0.1539,0.1539,14775.4
1784416500000,0.1539,0.1542,0.1539,0.1542,24910.5
1784417400000,0.1542,0.1543,0.154,0.154,37445.5
1784418300000,0.154,0.1541,0.1539,0.154,8716.4
1784419200000,0.154,0.1543,0.1539,0.154,39563.6
1784420100000,0.154,0.1542,0.154,0.1542,27407.1
1784421000000,0.1542,0.1542,0.1537,0.1538,6659.6
1784421900000,0.1538,0.1539,0.1531,0.1533,45793.6
1784422800000,0.1533,0.1533,0.1529,0.153,24295.4
1784423700000,0.153,0.1534,0.153,0.1534,12350
1784424600000,0.1534,0.1534,0.1529,0.153,7882.2
1784425500000,0.153,0.1531,0.1528,0.1529,16898
1784426400000,0.1529,0.1541,0.1525,0.1536,172723.6
1784427300000,0.1536,0.1538,0.1532,0.1533,31378.7
1784428200000,0.1533,0.1538,0.1533,0.1533,9503.5
1784429100000,0.1533,0.1534,0.1531,0.1531,115205.1
1784430000000,0.1531,0.1531,0.1526,0.1527,60559
1784430900000,0.1527,0.1528,0.1524,0.1525,43917.7
1784431800000,0.1525,0.1528,0.1525,0.1528,1914.1
1784432700000,0.1528,0.1528,0.1527,0.1527,4344.6
1784433600000,0.1527,0.1527,0.1525,0.1525,11124.9
1784434500000,0.1525,0.1528,0.1525,0.1528,14231.6
1784435400000,0.1528,0.1533,0.1527,0.153,412840.2
1784436300000,0.153,0.1532,0.1529,0.1529,32380.2
1784437200000,0.1529,0.1535,0.1529,0.1535,2870.7
1784438100000,0.1535,0.1535,0.1531,0.1531,30960.7
1784439000000,0.1531,0.1531,0.153,0.153,1871.7
1784439900000,0.153,0.1532,0.153,0.1531,3297.6
1784440800000,0.1531,0.1531,0.153,0.1531,5050.4
1784441700000,0.1531,0.1531,0.1528,0.1528,20576.3
1784442600000,0.1528,0.153,0.1527,0.1529,29386.8
1784443500000,0.1529,0.1529,0.1528,0.1528,595.9
1784444400000,0.1528,0.153,0.1526,0.1526,1679.4
1784445300000,0.1526,0.153,0.1526,0.153,22313.8
1784446200000,0.153,0.1531,0.153,0.153,13468.2
1784447100000,0.153,0.153,0.1527,0.1527,5161
1784448000000,0.1527,0.1536,0.1527,0.1536,21941.6
1784448900000,0.1536,0.1536,0.1532,0.1532,190.9
1784449800000,0.1532,0.1534,0.1532,0.1533,26637.9
1784450700000,0.1533,0.1535,0.1533,0.1533,23065.9
1784451600000,0.1533,0.1538,0.1531,0.1531,33615.2
1784452500000,0.1531,0.1531,0.1527,0.1528,18721.1
1784453400000,0.1528,0.1529,0.1527,0.1527,22624.8
1784454300000,0.1527,0.1533,0.1527,0.1533,7984.4
1784455200000,0.1533,0.1533,0.1529,0.1531,44954.9
1784456100000,0.1531,0.1533,0.153,0.1532,37162.6
1784457000000,0.1532,0.1535,0.1531,0.1535,98054.7
1784457900000,0.1535,0.1541,0.1535,0.1537,47932.4
1784458800000,0.1537,0.1538,0.1534,0.1534,34189.4
1784459700000,0.1534,0.1537,0.1534,0.1536,9921
1784460600000,0.1536,0.1536,0.1533,0.1533,2635.8
1784461500000,0.1533,0.1533,0.1529,0.153,13399.5
1784462400000,0.153,0.153,0.1522,0.1525,205896.9
1784463300000,0.1525,0.1533,0.1525,0.1528,22724
1784464200000,0.1528,0.1531,0.1528,0.1528,16469.4
1784465100000,0.1528,0.153,0.1528,0.1528,56320
1784466000000,0.1528,0.1542,0.1525,0.1527,764880.3
1784466900000,0.1527,0.1533,0.1525,0.153,843225.8
1784467800000,0.153,0.1532,0.1527,0.1529,38636.8
1784468700000,0.1529,0.1532,0.1529,0.1531,60503.6
1784469600000,0.1531,0.1534,0.1529,0.1532,34271
1784470500000,0.1532,0.1532,0.1523,0.1526,29336.1
1784471400000,0.1526,0.153,0.1525,0.1529,30280
1784472300000,0.1529,0.1533,0.1529,0.1532,23778.8
1784473200000,0.1532,0.1532,0.153,0.1531,5993.7
1784474100000,0.1531,0.1531,0.153,0.153,4379.3
1784475000000,0.153,0.1531,0.1529,0.153,26797.3
1784475900000,0.153,0.1534,0.153,0.1533,4648.5
1784476800000,0.1533,0.1533,0.1528,0.1529,21076.5
1784477700000,0.1529,0.153,0.1529,0.1529,2689.9
1784478600000,0.1529,0.153,0.1527,0.1528,21429.3
1784479500000,0.1528,0.1529,0.1526,0.1527,9676.7
1784480400000,0.1527,0.1527,0.1501,0.1521,1521479.1
1784481300000,0.1521,0.1524,0.1516,0.1518,682795.3
1784482200000,0.1518,0.1525,0.1518,0.1521,104916
1784483100000,0.1521,0.1521,0.1518,0.1518,11394.2
1784484000000,0.1518,0.1518,0.1493,0.1513,1224280.8
1784484900000,0.1513,0.1516,0.1512,0.1513,44702.1
1784485800000,0.1513,0.1518,0.1512,0.1516,27977
1784486700000,0.1516,0.1521,0.1515,0.1521,23500.1
1784487600000,0.1521,0.1523,0.152,0.1522,32240.7
1784488500000,0.1522,0.1524,0.1521,0.1521,25973.7
1784489400000,0.1521,0.1523,0.152,0.1523,16364.4
1784490300000,0.1523,0.1524,0.1522,0.1523,14968.2
1784491200000,0.1523,0.1527,0.1523,0.1527,23686.8
1784492100000,0.1527,0.1527,0.1524,0.1526,16829.7
1784493000000,0.1526,0.1528,0.1526,0.1527,10146.1
1784493900000,0.1527,0.1536,0.1527,0.1529,79525.1
1784494800000,0.1529,0.1531,0.1526,0.1527,209865.9
1784495700000,0.1527,0.1527,0.1524,0.1526,21845.6
1784496600000,0.1526,0.1526,0.1519,0.1521,21239.4
1784497500000,0.1521,0.1521,0.1515,0.1518,44549.7
1784498400000,0.1518,0.153,0.1518,0.1529,101795.6
1784499300000,0.1529,0.1538,0.1529,0.1533,126881.3
1784500200000,0.1533,0.1535,0.1531,0.1535,13339.6
1784501100000,0.1535,0.1535,0.1532,0.1535,11054.6
1784502000000,0.1535,0.1535,0.1529,0.1533,69275.9
1784502900000,0.1533,0.1536,0.1532,0.1535,8125.4
1784503800000,0.1535,0.1541,0.1534,0.1541,32042.7
1784504700000,0.1541,0.1546,0.1539,0.1544,101335.9
1784505600000,0.1544,0.1556,0.154,0.1551,705256.3
1784506500000,0.1551,0.1555,0.1544,0.1547,49846.2
1784507400000,0.1547,0.1553,0.1544,0.1553,74919.2
1784508300000,0.1553,0.1553,0.1537,0.1541,86461.8
1784509200000,0.1541,0.1554,0.1541,0.1548,119398.4
1784510100000,0.1548,0.155,0.1544,0.1548,48109
1784511000000,0.1548,0.1548,0.1531,0.1532,38609.5
1784511900000,0.1532,0.1536,0.1525,0.153,294669.8
1784512800000,0.153,0.1539,0.1529,0.1537,48144.4
1784513700000,0.1537,0.1537,0.1527,0.1533,18899.7
1784514600000,0.1533,0.1541,0.1531,0.1541,8802.8
1784515500000,0.1541,0.1543,0.1537,0.1538,25790.3
1784516400000,0.1538,0.154,0.1536,0.1536,4642.9
1784517300000,0.1536,0.1538,0.1527,0.153,40689.4
1784518200000,0.153,0.1531,0.1528,0.153,19674.3
1784519100000,0.153,0.1531,0.1526,0.1526,24157.3
1784520000000,0.1526,0.1527,0.1522,0.1522,78820.6
1784520900000,0.1522,0.1525,0.1519,0.1524,60988.1
1784521800000,0.1524,0.1528,0.1523,0.1526,22248.9
1784522700000,0.1526,0.1527,0.1519,0.1519,75019.7
1784523600000,0.1519,0.152,0.1499,0.1513,1015729.6
1784524500000,0.1513,0.1514,0.1505,0.1508,52979.3
1784525400000,0.1508,0.151,0.1504,0.1506,35834.4
1784526300000,0.1506,0.1506,0.1499,0.1501,88176.7
1784527200000,0.1501,0.1505,0.15,0.1504,156869.5
1784528100000,0.1504,0.1506,0.1502,0.1503,13583.1
1784529000000,0.1503,0.1505,0.149,0.1505,733833
1784529900000,0.1505,0.1507,0.1503,0.1504,65482.9
1784530800000,0.1504,0.1508,0.1504,0.1508,22700.7
1784531700000,0.1508,0.1514,0.1503,0.1514,86096
1784532600000,0.1514,0.1516,0.1512,0.1514,15318.1
1784533500000,0.1514,0.1516,0.1511,0.1513,46783
1784534400000,0.1513,0.1517,0.1509,0.1511,58800.6
1784535300000,0.1511,0.1513,0.1505,0.1507,79537.5
1784536200000,0.1507,0.1507,0.1493,0.1499,516731.3
1784537100000,0.1499,0.1503,0.1497,0.1499,13749.2
1784538000000,0.1499,0.15,0.1496,0.15,14946.2
1784538900000,0.15,0.1505,0.15,0.1504,9985.2
1784539800000,0.1504,0.151,0.1504,0.1508,53319.4
1784540700000,0.1508,0.1512,0.1506,0.1506,56117.4
1784541600000,0.1506,0.1506,0.1484,0.1499,464471.8
1784542500000,0.1499,0.1502,0.1499,0.15,40608.6
1784543400000,0.15,0.15,0.1491,0.1499,253305.1
1784544300000,0.1499,0.15,0.1495,0.1495,8149.7
1784545200000,0.1495,0.15,0.1495,0.1499,19550.7
1784546100000,0.1499,0.1505,0.1495,0.1496,61909
1784547000000,0.1496,0.1506,0.1495,0.1504,130716
1784547900000,0.1504,0.1512,0.1504,0.151,237145.7
1784548800000,0.151,0.151,0.1495,0.1497,865297.5
1784549700000,0.1497,0.1507,0.1497,0.1505,899701.3
1784550600000,0.1505,0.1505,0.1502,0.1502,17738.9
1784551500000,0.1502,0.1505,0.1502,0.1504,8553.9
1784552400000,0.1504,0.1507,0.1503,0.1505,7913.4
1784553300000,0.1505,0.1509,0.1505,0.1509,16295.6
1784554200000,0.1509,0.1518,0.1504,0.1517,166580.9
1784555100000,0.1517,0.1517,0.1505,0.1505,118743.1
1784556000000,0.1505,0.1512,0.1505,0.1507,22038.9
1784556900000,0.1507,0.151,0.1497,0.151,30438.8
1784557800000,0.151,0.1511,0.1506,0.151,46685.1
1784558700000,0.151,0.1511,0.1504,0.1506,20750.7
1784559600000,0.1506,0.1521,0.1506,0.1521,63592.6
1784560500000,0.1521,0.1525,0.1518,0.1519,64119.9
1784561400000,0.1519,0.1529,0.1519,0.1526,112110.5
1784562300000,0.1526,0.1541,0.1526,0.1537,184003.3
1784563200000,0.1537,0.1547,0.1536,0.1547,67811.8
1784564100000,0.1547,0.155,0.1534,0.154,164495.7
1784565000000,0.154,0.1548,0.1534,0.1546,336582.5
1784565900000,0.1546,0.1551,0.1546,0.1551,94692.9
1784566800000,0.1551,0.1562,0.1551,0.1554,314902.6
1784567700000,0.1554,0.1554,0.1542,0.1542,49476.4
1784568600000,0.1542,0.1543,0.1537,0.1539,46573.7
1784569500000,0.1539,0.1548,0.1538,0.1545,360964.2
1784570400000,0.1545,0.1551,0.1544,0.1549,40001.5
1784571300000,0.1549,0.1549,0.154,0.1541,115761.7
1784572200000,0.1541,0.1544,0.154,0.1542,18424.3
1784573100000,0.1542,0.1542,0.154,0.154,145885
1784574000000,0.154,0.1544,0.154,0.1541,15124.3
1784574900000,0.1541,0.1543,0.1537,0.154,170163.2
1784575800000,0.154,0.154,0.1535,0.1538,24019.5
1784576700000,0.1538,0.1539,0.1534,0.1536,54400.3
1784577600000,0.1536,0.1537,0.1531,0.1532,45596.8
1784578500000,0.1532,0.1534,0.1532,0.1533,6889.7
1784579400000,0.1533,0.1538,0.1533,0.1534,17992.9
1784580300000,0.1534,0.1537,0.1533,0.1536,30972.8
1784581200000,0.1536,0.1541,0.1535,0.154,40823.7
1784582100000,0.154,0.154,0.154,0.154,1468.2
1784583000000,0.154,0.1543,0.154,0.1542,21537.3
1784583900000,0.1542,0.1542,0.1533,0.1534,26707.2
1784584800000,0.1534,0.1534,0.1529,0.1531,31026.7
1784585700000,0.1531,0.1531,0.1527,0.1527,17329.1
1784586600000,0.1527,0.1528,0.1522,0.1522,43692.5
1784587500000,0.1522,0.1524,0.1522,0.1524,38954.7
1784588400000,0.1524,0.1528,0.1524,0.1526,11797.5
1784589300000,0.1526,0.1529,0.1526,0.1528,6913
1784590200000,0.1528,0.1528,0.1526,0.1528,17986.5
1784591100000,0.1528,0.1528,0.1524,0.1526,15111.6
1784592000000,0.1526,0.1526,0.1518,0.1522,171439.7
1784592900000,0.1522,0.1524,0.152,0.1524,13180
1784593800000,0.1524,0.1524,0.1521,0.1524,131612.7
1784594700000,0.1524,0.1524,0.1518,0.1518,36546.1
1784595600000,0.1518,0.1521,0.1516,0.1519,33411.4
1784596500000,0.1519,0.1519,0.1514,0.1516,10253.5
1784597400000,0.1516,0.1516,0.1512,0.1515,5565.1
1784598300000,0.1515,0.1515,0.1506,0.1509,1449592.5
1784599200000,0.1509,0.1515,0.1506,0.1508,569755.6
1784600100000,0.1508,0.1509,0.1505,0.1509,115803.2
1784601000000,0.1509,0.1513,0.1507,0.1513,104770
1784601900000,0.1513,0.152,0.1512,0.1515,139705.9
1784602800000,0.1515,0.1526,0.1515,0.1521,241247.5
1784603700000,0.1521,0.1525,0.1521,0.1524,55371.6
1784604600000,0.1524,0.1529,0.1524,0.1529,19059.3
1784605500000,0.1529,0.1535,0.1529,0.1535,262056.4
1784606400000,0.1535,0.1542,0.1531,0.1532,437127.4
1784607300000,0.1532,0.1532,0.1526,0.1526,49062.1
1784608200000,0.1526,0.1528,0.1523,0.1524,24166
1784609100000,0.1524,0.1524,0.1522,0.1523,16702.1
1784610000000,0.1523,0.1524,0.1518,0.1524,179850.7
1784610900000,0.1524,0.1525,0.152,0.1525,9182.9
1784611800000,0.1525,0.1526,0.1522,0.1526,24658.2
1784612700000,0.1526,0.1533,0.1526,0.1527,82534.8
1784613600000,0.1527,0.1532,0.1524,0.1525,37433.1
1784614500000,0.1525,0.1531,0.1525,0.1531,46162.4
1784615400000,0.1531,0.1536,0.1531,0.1533,147187.7
1784616300000,0.1533,0.1534,0.1532,0.1533,36048.2
1784617200000,0.1533,0.1535,0.1528,0.1529,40396.7
1784618100000,0.1529,0.1531,0.1522,0.1524,51292.2
1784619000000,0.1524,0.1531,0.1524,0.1528,24935.7
1784619900000,0.1528,0.1532,0.1528,0.1532,72960.7
1784620800000,0.1532,0.1533,0.1529,0.1531,125440.2
1784621700000,0.1531,0.1538,0.153,0.1534,101587.6
1784622600000,0.1534,0.1536,0.1534,0.1536,50990.3
1784623500000,0.1536,0.1536,0.1533,0.1535,48514.9
1784624400000,0.1535,0.1535,0.1532,0.1533,25363.3
1784625300000,0.1533,0.154,0.1533,0.1539,86280.8
1784626200000,0.1539,0.1543,0.1539,0.1543,67183.3
1784627100000,0.1543,0.1549,0.1543,0.1544,154317.5
1784628000000,0.1544,0.1562,0.1544,0.1546,364914.8
1784628900000,0.1546,0.1556,0.1546,0.1554,157783.5
1784629800000,0.1554,0.1557,0.1552,0.1552,63560.2
1784630700000,0.1552,0.1553,0.1546,0.155,35501.9
1784631600000,0.155,0.1552,0.1543,0.1546,116125.5
1784632500000,0.1546,0.155,0.1545,0.1548,34185.3
1784633400000,0.1548,0.1554,0.1548,0.1552,19236.7
1784634300000,0.1552,0.1552,0.1547,0.1547,40331.6
1784635200000,0.1547,0.1552,0.1544,0.155,40390.1
1784636100000,0.155,0.1553,0.1546,0.1547,35543.5
1784637000000,0.1547,0.155,0.1546,0.1547,13921.7
1784637900000,0.1547,0.1548,0.1545,0.1546,44834.3
1784638800000,0.1546,0.1547,0.1543,0.1546,26889.1
1784639700000,0.1546,0.1546,0.1537,0.1538,102784.2
1784640600000,0.1538,0.1538,0.1534,0.1534,119230.5
1784641500000,0.1534,0.154,0.1534,0.154,12372.1
1784642400000,0.154,0.154,0.1534,0.1536,15709.5
1784643300000,0.1536,0.1538,0.1533,0.1533,77995.3
1784644200000,0.1533,0.1536,0.153,0.1536,27906.7
1784645100000,0.1536,0.1541,0.1536,0.154,126190.1
1784646000000,0.154,0.1546,0.1535,0.1543,160258.1
1784646900000,0.1543,0.1546,0.1541,0.1543,13971.4
1784647800000,0.1543,0.1546,0.1539,0.1541,96844.4
1784648700000,0.1541,0.1545,0.1541,0.1544,8608.1
1784649600000,0.1544,0.1547,0.1538,0.1538,18106
1784650500000,0.1538,0.1539,0.1534,0.1534,23516.4
1784651400000,0.1534,0.1537,0.1531,0.1537,11670.6
1784652300000,0.1537,0.1538,0.1535,0.1535,7434.8
1784653200000,0.1535,0.1535,0.1528,0.1529,12377.1
1784654100000,0.1529,0.153,0.1523,0.1523,970677
1784655000000,0.1523,0.1532,0.1523,0.1531,481422.8
1784655900000,0.1531,0.1533,0.1507,0.1525,1745051.7
1784656800000,0.1525,0.1527,0.152,0.1524,107332.3
1784657700000,0.1524,0.1525,0.1522,0.1522,37039.7
1784658600000,0.1522,0.1527,0.1521,0.1527,133846.1
1784659500000,0.1527,0.153,0.1524,0.1524,37041.3
1784660400000,0.1524,0.1525,0.1523,0.1525,71322.4
1784661300000,0.1525,0.1529,0.1525,0.1527,51776
1784662200000,0.1527,0.153,0.1526,0.1527,598992.7
1784663100000,0.1527,0.1534,0.1527,0.1528,20168.1
1784664000000,0.1528,0.153,0.1527,0.1527,21346.3
1784664900000,0.1527,0.1528,0.1523,0.1523,39381.1
1784665800000,0.1523,0.1528,0.1523,0.1524,17316.4
1784666700000,0.1524,0.1524,0.1523,0.1524,12012.7
1784667600000,0.1524,0.1525,0.152,0.1522,230265.8
1784668500000,0.1522,0.1522,0.1519,0.1519,9580.7
1784669400000,0.1519,0.1519,0.1517,0.1517,15664.4
1784670300000,0.1517,0.1518,0.1512,0.1518,709326
1784671200000,0.1518,0.1518,0.1515,0.1515,65452.2
1784672100000,0.1515,0.1515,0.1513,0.1514,85344.5
1784673000000,0.1514,0.1514,0.1513,0.1513,12540
1784673900000,0.1513,0.1514,0.1512,0.1512,30446.8
1784674800000,0.1512,0.1513,0.151,0.151,47439.1
1784675700000,0.151,0.1518,0.151,0.1517,517418.8
1784676600000,0.1517,0.1522,0.1517,0.152,72818.7
1784677500000,0.152,0.1525,0.1519,0.1524,64117.6
1784678400000,0.1524,0.1531,0.152,0.1529,139600.7
1784679300000,0.1529,0.1536,0.1529,0.1535,196313.6
1784680200000,0.1535,0.154,0.1535,0.1538,127493.5
1784681100000,0.1538,0.1538,0.1536,0.1538,24097.9
1784682000000,0.1538,0.1538,0.1536,0.1537,8961.2
1784682900000,0.1537,0.1537,0.1532,0.1535,18193
1784683800000,0.1535,0.1535,0.1534,0.1534,10696.3
1784684700000,0.1534,0.154,0.1534,0.1538,39435.2
1784685600000,0.1538,0.1538,0.1536,0.1537,48981.1
1784686500000,0.1537,0.1542,0.1537,0.1541,23156.7
1784687400000,0.1541,0.1541,0.1538,0.1539,61242.4
1784688300000,0.1539,0.154,0.1534,0.1535,23664.3
1784689200000,0.1535,0.1537,0.153,0.153,24298.1
1784690100000,0.153,0.1535,0.1527,0.1535,88168.3
1784691000000,0.1535,0.1536,0.1531,0.1536,15659.4
1784691900000,0.1536,0.1539,0.1533,0.1533,54626.5
1784692800000,0.1533,0.1542,0.1533,0.1541,178778.2
1784693700000,0.1541,0.1541,0.1537,0.1537,27896
1784694600000,0.1537,0.1537,0.1535,0.1536,9770.1
1784695500000,0.1536,0.1536,0.1534,0.1535,106971.7
1784696400000,0.1535,0.1535,0.153,0.153,113457.4
1784697300000,0.153,0.153,0.1524,0.1526,12720.8
1784698200000,0.1526,0.1529,0.1525,0.1526,87596.6
1784699100000,0.1526,0.1531,0.1526,0.1527,94299.7
1784700000000,0.1527,0.1527,0.152,0.1521,713289.4
1784700900000,0.1521,0.1522,0.1518,0.1519,34584.8
1784701800000,0.1519,0.1519,0.1517,0.1518,30340.5
1784702700000,0.1518,0.152,0.1516,0.152,26596.1
1784703600000,0.152,0.152,0.1514,0.1514,34393.7
1784704500000,0.1514,0.1516,0.1514,0.1516,38932.6
1784705400000,0.1516,0.1516,0.1509,0.1511,40696.2
1784706300000,0.1511,0.1513,0.1511,0.1513,14214.5
1784707200000,0.1513,0.1519,0.151,0.1516,739234.3
1784708100000,0.1516,0.152,0.1516,0.152,168534.7
1784709000000,0.152,0.1523,0.1515,0.1515,69411.1
1784709900000,0.1515,0.1517,0.1515,0.1516,21847.2
1784710800000,0.1516,0.1516,0.1515,0.1515,6454.7
1784711700000,0.1515,0.1516,0.1514,0.1515,4700.9
1784712600000,0.1515,0.1515,0.1511,0.1513,43350.5
1784713500000,0.1513,0.1517,0.1513,0.1517,74503.2
1784714400000,0.1517,0.1517,0.1515,0.1515,6157.7
1784715300000,0.1515,0.1521,0.1515,0.1521,51010.7
1784716200000,0.1521,0.1521,0.1518,0.1519,43948.9
1784717100000,0.1519,0.1523,0.1519,0.152,64985.7
1784718000000,0.152,0.152,0.1517,0.1517,62325.8
1784718900000,0.1517,0.152,0.1516,0.152,29666.4
1784719800000,0.152,0.152,0.1514,0.1516,91937.1
1784720700000,0.1516,0.1518,0.1514,0.1514,72112.8
1784721600000,0.1514,0.1514,0.1509,0.1512,73726.6
1784722500000,0.1512,0.1513,0.151,0.1513,78350.6
1784723400000,0.1513,0.1514,0.1509,0.151,63338.6
1784724300000,0.151,0.151,0.1501,0.1508,737297.8
1784725200000,0.1508,0.151,0.1507,0.151,42815.9
1784726100000,0.151,0.1514,0.151,0.1512,96349.7
1784727000000,0.1512,0.152,0.1511,0.1519,233640.3
1784727900000,0.1519,0.1523,0.1519,0.1521,246156.5
1784728800000,0.1521,0.1533,0.1521,0.1526,133663.1
1784729700000,0.1526,0.1526,0.1516,0.1517,52199.6
1784730600000,0.1517,0.1525,0.1517,0.1521,110154.8
1784731500000,0.1521,0.1523,0.1521,0.1523,4041.3
1784732400000,0.1523,0.153,0.1523,0.153,26752.6
1784733300000,0.153,0.154,0.153,0.1539,198895.4
1784734200000,0.1539,0.1542,0.1533,0.1537,242029.5
1784735100000,0.1537,0.1542,0.1534,0.1534,53310.7
1784736000000,0.1534,0.1537,0.1532,0.1537,34367.6
1784736900000,0.1537,0.1537,0.1525,0.1528,189915.6
1784737800000,0.1528,0.1538,0.1527,0.1538,74283
1784738700000,0.1538,0.1542,0.1537,0.1541,31073.5
1784739600000,0.1541,0.155,0.1541,0.1542,247904.6
1784740500000,0.1542,0.1542,0.1537,0.154,71709.6
1784741400000,0.154,0.1551,0.1538,0.155,295710.5
1784742300000,0.155,0.1556,0.1548,0.1549,157428.3
1784743200000,0.1549,0.1554,0.1548,0.1548,65059.9
1784744100000,0.1548,0.155,0.1543,0.1546,51600.7
1784745000000,0.1546,0.1546,0.154,0.1546,91638.4
1784745900000,0.1546,0.1555,0.1546,0.1553,70666.8
1784746800000,0.1553,0.1555,0.1542,0.1543,62718.1
1784747700000,0.1543,0.1549,0.1543,0.1549,10113.6
1784748600000,0.1549,0.1549,0.1542,0.1547,21657.6
1784749500000,0.1547,0.1547,0.1542,0.1544,48846.5
1784750400000,0.1544,0.1554,0.1541,0.1554,254045.8
1784751300000,0.1554,0.1557,0.1551,0.1552,112148.2
1784752200000,0.1552,0.1555,0.1552,0.1554,18825.6
1784753100000,0.1554,0.1554,0.1552,0.1552,32018.9
1784754000000,0.1552,0.1553,0.1548,0.1552,51910.9
1784754900000,0.1552,0.1552,0.1544,0.1545,13196.1
1784755800000,0.1545,0.1545,0.1541,0.1541,137107.2
1784756700000,0.1541,0.1541,0.1538,0.1538,6468.5
1784757600000,0.1538,0.1547,0.1536,0.1546,71967
1784758500000,0.1546,0.1546,0.1541,0.1544,23535.8
1784759400000,0.1544,0.1544,0.153,0.1534,522315.2
1784760300000,0.1534,0.1534,0.1529,0.1531,31186.4
1784761200000,0.1531,0.1531,0.1518,0.1518,265199.5
1784762100000,0.1518,0.1524,0.1518,0.1524,149688.9
1784763000000,0.1524,0.1524,0.1522,0.1524,3031.4
1784763900000,0.1524,0.1529,0.1523,0.1528,57024.2
1784764800000,0.1528,0.153,0.1526,0.1528,43633.2
1784765700000,0.1528,0.1535,0.1527,0.1533,23892
1784766600000,0.1533,0.1535,0.153,0.1531,85159.1
1784767500000,0.1531,0.1533,0.1529,0.153,136788.4
1784768400000,0.153,0.1532,0.1528,0.1529,65162.4
1784769300000,0.1529,0.153,0.1527,0.1528,54085.8
1784770200000,0.1528,0.1528,0.1521,0.1524,271133.9
1784771100000,0.1524,0.1526,0.1523,0.1523,14448.9
1784772000000,0.1523,0.1523,0.1519,0.1522,9921.9
1784772900000,0.1522,0.1522,0.1515,0.1518,271132.5
1784773800000,0.1518,0.1519,0.1516,0.1517,4275.4
1784774700000,0.1517,0.1526,0.1517,0.1524,212051.2
1784775600000,0.1524,0.1524,0.1513,0.1514,214223.8
1784776500000,0.1514,0.1514,0.151,0.1512,36305.2
1784777400000,0.1512,0.1515,0.1512,0.1515,16426
1784778300000,0.1515,0.1518,0.1514,0.1514,30540.8
1784779200000,0.1514,0.1517,0.1514,0.1517,8501.8
1784780100000,0.1517,0.1527,0.1517,0.1523,29829.8
1784781000000,0.1523,0.1524,0.1517,0.1518,31789.8
1784781900000,0.1518,0.1521,0.1517,0.1518,18792.4
1784782800000,0.1518,0.1519,0.1518,0.1519,1756.3
1784783700000,0.1519,0.1525,0.1519,0.1525,24776.9
1784784600000,0.1525,0.1528,0.1525,0.1528,28827
1784785500000,0.1528,0.1528,0.1522,0.1522,4745.2
1784786400000,0.1522,0.1523,0.1521,0.1523,10272.8
1784787300000,0.1523,0.1526,0.1523,0.1523,718.5
1784788200000,0.1523,0.1525,0.1523,0.1524,6395.2
1784789100000,0.1524,0.1525,0.1522,0.1525,19894.9
1784790000000,0.1525,0.1525,0.1512,0.1514,88088.4
1784790900000,0.1514,0.1519,0.1514,0.1518,12005.6
1784791800000,0.1518,0.1518,0.1514,0.1514,10373.7
1784792700000,0.1514,0.1517,0.1513,0.1517,22062
1784793600000,0.1517,0.1517,0.1512,0.1517,48317.5
1784794500000,0.1517,0.1518,0.1516,0.1516,28697.8
1784795400000,0.1516,0.1519,0.1515,0.1519,31390.1
1784796300000,0.1519,0.1521,0.1519,0.1521,18647.2
1784797200000,0.1521,0.1525,0.152,0.1525,3299.5
1784798100000,0.1525,0.153,0.1525,0.153,8824.2
1784799000000,0.153,0.1535,0.1528,0.1535,57888.2
1784799900000,0.1535,0.1535,0.1528,0.1529,103001
1784800800000,0.1529,0.1529,0.1525,0.1526,30689.4
1784801700000,0.1526,0.1526,0.1523,0.1526,7927.5
1784802600000,0.1526,0.1528,0.1525,0.1526,23574.4
1784803500000,0.1526,0.1526,0.1523,0.1523,47949.9
1784804400000,0.1523,0.1523,0.1518,0.1522,11528.2
1784805300000,0.1522,0.1524,0.1521,0.1521,11777.6
1784806200000,0.1521,0.1522,0.1519,0.152,7585.8
1784807100000,0.152,0.1523,0.1518,0.1518,56968.1
1784808000000,0.1518,0.1525,0.1516,0.1524,45537.7
1784808900000,0.1524,0.1526,0.152,0.152,91027.9
1784809800000,0.152,0.1521,0.151,0.1512,380804
1784810700000,0.1512,0.1518,0.1506,0.1514,96175.3
1784811600000,0.1514,0.1516,0.1507,0.1508,38978.7
1784812500000,0.1508,0.1509,0.1502,0.1505,43056.2
1784813400000,0.1505,0.1507,0.1499,0.1506,102677.6
1784814300000,0.1506,0.1507,0.1499,0.1499,153019
1784815200000,0.1499,0.1504,0.1495,0.1504,262483.1
1784816100000,0.1504,0.1504,0.1501,0.1501,115831.3
1784817000000,0.1501,0.1507,0.1501,0.1503,8924.8
1784817900000,0.1503,0.1503,0.1495,0.1496,26144.2
1784818800000,0.1496,0.1496,0.1474,0.1479,1130027.1
1784819700000,0.1479,0.1487,0.1476,0.1484,362831.9
1784820600000,0.1484,0.1486,0.1481,0.1486,179842.4
1784821500000,0.1486,0.1486,0.1481,0.1482,190430.9
1784822400000,0.1482,0.1482,0.1473,0.1478,132898.1
1784823300000,0.1478,0.1478,0.1472,0.1477,430281
1784824200000,0.1477,0.148,0.1476,0.148,47984.5
1784825100000,0.148,0.1483,0.1479,0.1483,299428.5
1784826000000,0.1483,0.1484,0.1479,0.1484,104669.5
1784826900000,0.1484,0.1487,0.1481,0.1487,48467.7
1784827800000,0.1487,0.1489,0.1483,0.1483,3475.8
1784828700000,0.1483,0.1483,0.1459,0.146,634920.2
1784829600000,0.146,0.1461,0.1439,0.1443,710145.1
1784830500000,0.1443,0.1443,0.1429,0.1438,222126.9
1784831400000,0.1438,0.144,0.1434,0.1434,168932.7
1784832300000,0.1434,0.1437,0.1434,0.1436,13054.9
1784833200000,0.1436,0.1441,0.1436,0.1436,77399.2
1784834100000,0.1436,0.1441,0.1436,0.1441,55768.1
1784835000000,0.1441,0.1446,0.144,0.144,87664.6
1784835900000,0.144,0.1444,0.1435,0.1444,42021.5
1784836800000,0.1444,0.1453,0.1438,0.1453,461534.9
1784837700000,0.1453,0.1463,0.1453,0.1463,164386.4
1784838600000,0.1463,0.1463,0.1455,0.1456,77427.8
1784839500000,0.1456,0.146,0.1456,0.1459,32787.3
1784840400000,0.1459,0.1464,0.1459,0.1459,112383.8
1784841300000,0.1459,0.1459,0.1456,0.1458,26162.1
1784842200000,0.1458,0.1459,0.1451,0.1451,12333.7
1784843100000,0.1451,0.1452,0.1449,0.145,24468.7
1784844000000,0.145,0.1451,0.1447,0.1447,82354.8
1784844900000,0.1447,0.1449,0.1442,0.1449,26989
1784845800000,0.1449,0.1451,0.1448,0.1448,29583.2
1784846700000,0.1448,0.1449,0.1446,0.1446,3425.8
1784847600000,0.1446,0.1446,0.1444,0.1444,7455.5
1784848500000,0.1444,0.1445,0.1444,0.1444,12362.5
1784849400000,0.1444,0.1444,0.1437,0.1438,250647.9
1784850300000,0.1438,0.1439,0.1434,0.1436,278599.3
1784851200000,0.1436,0.1436,0.1417,0.1429,478104.6
1784852100000,0.1429,0.1431,0.1428,0.1428,36936.5
1784853000000,0.1428,0.1431,0.142,0.1431,42844.1
1784853900000,0.1431,0.1437,0.1431,0.1437,38287.5
1784854800000,0.1437,0.1437,0.1433,0.1435,10163.4
1784855700000,0.1435,0.1435,0.1433,0.1435,1654.1
1784856600000,0.1435,0.1441,0.1435,0.1441,253010.1
1784857500000,0.1441,0.1441,0.1435,0.1435,128460.7
1784858400000,0.1435,0.1442,0.1435,0.1442,6337.4
1784859300000,0.1442,0.1442,0.144,0.1442,5878.9
1784860200000,0.1442,0.1442,0.1432,0.1435,4762.9
1784861100000,0.1435,0.1437,0.1431,0.1433,5448.5
1784862000000,0.1433,0.1441,0.1433,0.1441,113294.8
1784862900000,0.1441,0.1449,0.1441,0.1447,64950.2
1784863800000,0.1447,0.1447,0.1445,0.1445,48310.1
1784864700000,0.1445,0.1445,0.1442,0.1443,21216.3
1784865600000,0.1443,0.1444,0.1443,0.1444,30501.8
1784866500000,0.1444,0.1448,0.1444,0.1447,62301.5
1784867400000,0.1447,0.1449,0.1443,0.1444,131686.9
1784868300000,0.1444,0.1446,0.1443,0.1444,31237.3
1784869200000,0.1444,0.1447,0.1442,0.1446,29797.9
1784870100000,0.1446,0.1446,0.1445,0.1446,70816.9
1784871000000,0.1446,0.1446,0.1442,0.1443,38403.3
1784871900000,0.1443,0.1443,0.1441,0.1443,29627.3
1784872800000,0.1443,0.1447,0.1442,0.1447,44564.7
1784873700000,0.1447,0.1453,0.1447,0.145,109348.5
1784874600000,0.145,0.1455,0.1448,0.1453,29619.7
1784875500000,0.1453,0.1453,0.145,0.1452,60275.2
1784876400000,0.1452,0.1467,0.1452,0.1465,229111.1
1784877300000,0.1465,0.1467,0.1461,0.1461,100011.9
1784878200000,0.1461,0.1464,0.1454,0.1454,172568.5
1784879100000,0.1454,0.1462,0.1454,0.1462,37164.4
1784880000000,0.1462,0.1462,0.1458,0.1458,47451.5
1784880900000,0.1458,0.1458,0.1451,0.1453,35042.2
1784881800000,0.1453,0.1458,0.1453,0.1454,62186.9
1784882700000,0.1454,0.1454,0.1452,0.1452,146004.8
1784883600000,0.1452,0.1454,0.1446,0.1446,52285
1784884500000,0.1446,0.1449,0.1445,0.1449,43246.3
1784885400000,0.1449,0.1449,0.1446,0.1449,37224.4
1784886300000,0.1449,0.1449,0.1439,0.1442,650913
1784887200000,0.1442,0.1443,0.1436,0.1436,224114.7
1784888100000,0.1436,0.144,0.1436,0.144,119006.9
1784889000000,0.144,0.144,0.1436,0.1438,88338.7
1784889900000,0.1438,0.1441,0.1437,0.144,116984.7
1784890800000,0.144,0.1442,0.1439,0.1439,17981.8
1784891700000,0.1439,0.144,0.1437,0.1437,49973.3
1784892600000,0.1437,0.1437,0.1434,0.1434,79760.4
1784893500000,0.1434,0.1439,0.1431,0.1439,62358.1
1784894400000,0.1439,0.144,0.1437,0.144,14567.8
1784895300000,0.144,0.1444,0.1439,0.1442,40718.1
1784896200000,0.1442,0.1442,0.1437,0.1437,18917.1
1784897100000,0.1437,0.1437,0.1428,0.143,89739.9
1784898000000,0.143,0.1432,0.1408,0.1418,679340
1784898900000,0.1418,0.1425,0.1417,0.1417,108678
1784899800000,0.1417,0.1423,0.1413,0.1419,1108162.7
1784900700000,0.1419,0.142,0.1407,0.1419,189137.7
1784901600000,0.1419,0.1421,0.1416,0.1416,106065.8
1784902500000,0.1416,0.1417,0.141,0.1417,335245.4
1784903400000,0.1417,0.142,0.1416,0.1417,51095.1
1784904300000,0.1417,0.1426,0.1413,0.1425,101251.8
1784905200000,0.1425,0.1429,0.142,0.1428,60385.3
1784906100000,0.1428,0.1431,0.1427,0.1429,26842.9
1784907000000,0.1429,0.1433,0.1428,0.1431,19927.6
1784907900000,0.1431,0.1431,0.1429,0.143,46235.7
1784908800000,0.143,0.143,0.1428,0.143,47411.9
1784909700000,0.143,0.143,0.1425,0.1428,68242.8
1784910600000,0.1428,0.1428,0.1423,0.1423,72480.2
1784911500000,0.1423,0.1429,0.1422,0.1428,66982.4
1784912400000,0.1428,0.143,0.1425,0.1429,86710
1784913300000,0.1429,0.144,0.1429,0.144,172955.6
1784914200000,0.144,0.1441,0.1438,0.144,61700.3
1784915100000,0.144,0.1442,0.1438,0.144,58038.9
1784916000000,0.144,0.145,0.1439,0.1449,310950.6
1784916900000,0.1449,0.1449,0.1436,0.1436,30651.9
1784917800000,0.1436,0.1437,0.1433,0.1436,91240.4
1784918700000,0.1436,0.1443,0.1436,0.1443,70124
1784919600000,0.1443,0.1443,0.1436,0.1436,33616.9
1784920500000,0.1436,0.1436,0.1434,0.1435,13364.1
1784921400000,0.1435,0.1436,0.1433,0.1435,17920.4
1784922300000,0.1435,0.1435,0.1433,0.1434,17196.5
1784923200000,0.1434,0.1436,0.1434,0.1436,3826.2
1784924100000,0.1436,0.1436,0.1434,0.1435,11876.4
1784925000000,0.1435,0.1435,0.143,0.1431,67519.1
1784925900000,0.1431,0.1433,0.143,0.1433,17107.3
1784926800000,0.1433,0.1434,0.1428,0.1428,184647.1
1784927700000,0.1428,0.143,0.1427,0.1429,41677.1
1784928600000,0.1429,0.1429,0.1422,0.1422,30075.9
1784929500000,0.1422,0.1422,0.1415,0.1415,122530.9
1784930400000,0.1415,0.1423,0.1415,0.1423,78699.1
1784931300000,0.1423,0.1427,0.1422,0.1427,10966.5
1784932200000,0.1427,0.1429,0.1426,0.1429,94361
1784933100000,0.1429,0.1431,0.1429,0.143,16855.7
1784934000000,0.143,0.1434,0.143,0.1434,11318.4
1784934900000,0.1434,0.1436,0.1432,0.1436,118668.2
1784935800000,0.1436,0.1437,0.1434,0.1436,26971.2
1784936700000,0.1436,0.1441,0.1435,0.1441,72252.7
1784937600000,0.1441,0.1443,0.1439,0.1443,40118.8
1784938500000,0.1443,0.1443,0.144,0.1441,50361.9
1784939400000,0.1441,0.1449,0.1438,0.1438,154033.1
1784940300000,0.1438,0.1454,0.1438,0.1454,101844.7
1784941200000,0.1454,0.1461,0.1453,0.1455,184949.6
1784942100000,0.1455,0.1456,0.1447,0.1448,75963.3
1784943000000,0.1448,0.1453,0.1448,0.1449,20718.1
1784943900000,0.1449,0.146,0.1449,0.1454,21899.6
1784944800000,0.1454,0.1455,0.1449,0.1455,23527.9
1784945700000,0.1455,0.1464,0.145,0.1464,72968.6
1784946600000,0.1464,0.1464,0.1454,0.1454,65337.4
1784947500000,0.1454,0.1457,0.1454,0.1454,11692.2
1784948400000,0.1454,0.1458,0.1454,0.1454,26809.5
1784949300000,0.1454,0.1455,0.145,0.1454,181580.4
1784950200000,0.1454,0.1454,0.1451,0.1452,5850.4
1784951100000,0.1452,0.1462,0.1452,0.1462,4857.6
1784952000000,0.1462,0.1475,0.1462,0.1473,200657.3
1784952900000,0.1473,0.1473,0.1457,0.1458,584249.7
1784953800000,0.1458,0.1458,0.1456,0.1457,33166
1784954700000,0.1457,0.1458,0.1456,0.1458,26721.7
1784955600000,0.1458,0.1458,0.1455,0.1455,95291.7
1784956500000,0.1455,0.1471,0.1455,0.1463,177879.7
1784957400000,0.1463,0.1463,0.1457,0.1457,8120.5
1784958300000,0.1457,0.1459,0.1457,0.1459,42372.6
1784959200000,0.1459,0.1465,0.1457,0.146,68608.4
1784960100000,0.146,0.146,0.1451,0.1452,34903.6
1784961000000,0.1452,0.1452,0.1446,0.1449,127446.6
1784961900000,0.1449,0.1459,0.1449,0.145,1080275.3
1784962800000,0.145,0.1455,0.145,0.1455,29019.1
1784963700000,0.1455,0.1459,0.1455,0.1458,5709.4
1784964600000,0.1458,0.1458,0.1452,0.1452,34808.8
1784965500000,0.1452,0.1454,0.1451,0.1454,12724.7
1784966400000,0.1454,0.1454,0.1446,0.1452,204842
1784967300000,0.1452,0.1457,0.1452,0.1457,19873
1784968200000,0.1457,0.1457,0.1452,0.1452,6333.8
1784969100000,0.1452,0.1452,0.1449,0.1451,17145.8
1784970000000,0.1451,0.1455,0.1451,0.1455,14350.7
1784970900000,0.1455,0.146,0.1455,0.1458,39365.7
1784971800000,0.1458,0.1459,0.1458,0.1459,2926.4
1784972700000,0.1459,0.1464,0.1459,0.146,17358.1
1784973600000,0.146,0.1465,0.1457,0.1461,82225.1
1784974500000,0.1461,0.1461,0.1458,0.146,25834.7
1784975400000,0.146,0.1463,0.146,0.146,21674.2
1784976300000,0.146,0.1469,0.146,0.1468,58419.2
1784977200000,0.1468,0.1472,0.1468,0.1471,51179.6
1784978100000,0.1471,0.1471,0.1467,0.1471,31460.8
1784979000000,0.1471,0.1475,0.1466,0.1468,125082.9
1784979900000,0.1468,0.1481,0.1467,0.1478,181962
1784980800000,0.1478,0.148,0.1472,0.1475,45109.9
1784981700000,0.1475,0.1484,0.1474,0.1482,38047.9
1784982600000,0.1482,0.1491,0.1482,0.1489,131018.6
1784983500000,0.1489,0.1497,0.1482,0.1482,298571.2
1784984400000,0.1482,0.1489,0.1481,0.1484,32708.3
1784985300000,0.1484,0.1488,0.1484,0.1484,13302.6
1784986200000,0.1484,0.1492,0.1483,0.1487,101638.7
1784987100000,0.1487,0.1488,0.1483,0.1487,65368.8
1784988000000,0.1487,0.1487,0.1481,0.1483,65616.6
1784988900000,0.1483,0.1485,0.1476,0.1481,140749.2
1784989800000,0.1481,0.1483,0.1476,0.1483,128686.1
1784990700000,0.1483,0.1487,0.1483,0.1485,7147.7
1784991600000,0.1485,0.1489,0.1481,0.1488,28654.4
1784992500000,0.1488,0.1489,0.1483,0.1483,82710.6
1784993400000,0.1483,0.1486,0.1482,0.1485,10294.4
1784994300000,0.1485,0.1492,0.1485,0.1492,20840.6
1784995200000,0.1492,0.1505,0.1489,0.1502,215571.2
1784996100000,0.1502,0.1509,0.15,0.1506,67241.4
1784997000000,0.1506,0.1506,0.1492,0.1494,87983.3
1784997900000,0.1494,0.1506,0.1494,0.1506,57895.1
1784998800000,0.1506,0.1506,0.1501,0.1505,20521.3
1784999700000,0.1505,0.1524,0.1505,0.1514,142600.4
1785000600000,0.1514,0.1525,0.1512,0.1525,116919
1785001500000,0.1525,0.1529,0.1523,0.1527,136010.5
1785002400000,0.1527,0.1545,0.1527,0.1543,508245.8
1785003300000,0.1543,0.1555,0.154,0.1554,164405.5
1785004200000,0.1554,0.156,0.1547,0.1548,370531.9
1785005100000,0.1548,0.1548,0.1536,0.1544,205342.4
1785006000000,0.1544,0.1548,0.1539,0.1543,80773.1
1785006900000,0.1543,0.1556,0.1543,0.1544,58322
1785007800000,0.1544,0.155,0.1538,0.155,128125.7
1785008700000,0.155,0.1569,0.1549,0.1567,249598.7
1785009600000,0.1567,0.1577,0.1553,0.1555,359138.8
1785010500000,0.1555,0.1573,0.1554,0.1573,180929.5
1785011400000,0.1573,0.1576,0.1559,0.1559,195583.1
1785012300000,0.1559,0.1576,0.1557,0.1576,79739
1785013200000,0.1576,0.1583,0.1564,0.1578,237964.1
1785014100000,0.1578,0.1578,0.1556,0.1569,224315.9
1785015000000,0.1569,0.1581,0.1568,0.1574,178225.8
1785015900000,0.1574,0.159,0.1572,0.158,525605.1
1785016800000,0.158,0.1589,0.1567,0.1568,280240.6
1785017700000,0.1568,0.1569,0.1562,0.1562,224222.5
1785018600000,0.1562,0.1564,0.1553,0.1561,164854.2
1785019500000,0.1561,0.1563,0.1555,0.1555,81488.1
1785020400000,0.1555,0.1558,0.1547,0.1549,215934.1
1785021300000,0.1549,0.1549,0.1543,0.1545,65058.9
1785022200000,0.1545,0.1548,0.1542,0.1544,5416.3
1785023100000,0.1544,0.1552,0.1543,0.1548,79810
1785024000000,0.1548,0.1555,0.154,0.1542,158918.5
1785024900000,0.1542,0.1544,0.1538,0.1538,118978.9
1785025800000,0.1538,0.1538,0.1534,0.1538,41171.6
1785026700000,0.1538,0.1544,0.1538,0.1539,91666.9
1785027600000,0.1539,0.1542,0.1537,0.1542,19686.5
1785028500000,0.1542,0.1544,0.1541,0.1542,5688.5
1785029400000,0.1542,0.1544,0.1539,0.154,74239.5
1785030300000,0.154,0.1547,0.1539,0.1547,46257.1
1785031200000,0.1547,0.1551,0.1539,0.1551,142494.8
1785032100000,0.1551,0.1563,0.1551,0.1563,202295
1785033000000,0.1563,0.1573,0.1563,0.1564,99222.6
1785033900000,0.1564,0.1577,0.156,0.1572,122823.4
1785034800000,0.1572,0.1578,0.1571,0.1572,23858.7
1785035700000,0.1572,0.1577,0.1569,0.1569,17236.3
1785036600000,0.1569,0.1578,0.1568,0.1577,32821.7
1785037500000,0.1577,0.1583,0.1575,0.1575,129152.9
1785038400000,0.1575,0.1581,0.1572,0.1573,68944.4
1785039300000,0.1573,0.1582,0.1571,0.1579,64647.5
1785040200000,0.1579,0.1582,0.1575,0.1576,61943.1
1785041100000,0.1576,0.1579,0.1573,0.1573,27437.6
1785042000000,0.1573,0.1597,0.1571,0.1593,147614.7
1785042900000,0.1593,0.1602,0.1585,0.159,265418
1785043800000,0.159,0.1601,0.159,0.1599,118648.1
1785044700000,0.1599,0.1606,0.1595,0.1595,87485.8
1785045600000,0.1595,0.1604,0.159,0.1591,307181.1
1785046500000,0.1591,0.1598,0.159,0.1594,123252.1
1785047400000,0.1594,0.1601,0.159,0.16,149541.5
1785048300000,0.16,0.1613,0.1598,0.1606,201537.2
1785049200000,0.1606,0.1608,0.1601,0.1607,112303.9
1785050100000,0.1607,0.1611,0.1597,0.1603,57687.9
1785051000000,0.1603,0.1609,0.1601,0.1601,103725.8
1785051900000,0.1601,0.1602,0.1592,0.1592,346061.7
1785052800000,0.1592,0.1597,0.1585,0.1591,1035062.1
1785053700000,0.1591,0.1606,0.159,0.1606,566585.6
1785054600000,0.1606,0.1607,0.1587,0.1588,530716.7
1785055500000,0.1588,0.1588,0.1579,0.1584,199500.9
1785056400000,0.1584,0.1585,0.1572,0.1572,325453.5
1785057300000,0.1572,0.1575,0.1571,0.1574,41645.3
1785058200000,0.1574,0.1574,0.1571,0.1572,20363.6
1785059100000,0.1572,0.1572,0.1564,0.1565,64404.7
1785060000000,0.1565,0.157,0.1562,0.1568,66705.2
1785060900000,0.1568,0.1573,0.1568,0.1568,15278.9
1785061800000,0.1568,0.1571,0.1568,0.1569,22083.8
1785062700000,0.1569,0.1569,0.1566,0.1569,12597.7
1785063600000,0.1569,0.1569,0.1566,0.1567,21678
1785064500000,0.1567,0.1575,0.1567,0.1575,37997.4
1785065400000,0.1575,0.1575,0.1571,0.1571,18308.4
1785066300000,0.1571,0.1571,0.1567,0.1567,21377.3
1785067200000,0.1567,0.1574,0.1567,0.1572,23205.2
1785068100000,0.1572,0.1572,0.1567,0.1571,3893.5
1785069000000,0.1571,0.1572,0.1568,0.157,23232.1
1785069900000,0.157,0.1573,0.157,0.1571,40207.7
1785070800000,0.1571,0.1571,0.1558,0.1561,59763.4
1785071700000,0.1561,0.1563,0.1559,0.1559,21011
1785072600000,0.1559,0.1559,0.1553,0.1557,73433.5
1785073500000,0.1557,0.1557,0.1553,0.1554,18370
1785074400000,0.1554,0.1562,0.1552,0.1559,58607.3
1785075300000,0.1559,0.1559,0.1552,0.1552,55465.6
1785076200000,0.1552,0.1554,0.1552,0.1553,69071
1785077100000,0.1553,0.1555,0.1548,0.1548,54762
1785078000000,0.1548,0.1548,0.1542,0.1547,22605.9
1785078900000,0.1547,0.1555,0.1547,0.1555,12781.8
1785079800000,0.1555,0.1555,0.1549,0.155,19943.5
1785080700000,0.155,0.155,0.1546,0.1547,20350.3
1785081600000,0.1547,0.1548,0.1544,0.1545,16097.5
1785082500000,0.1545,0.1554,0.1545,0.1552,51129.1
1785083400000,0.1552,0.1559,0.155,0.155,31165.9
1785084300000,0.155,0.1551,0.1548,0.1548,8450.6
1785085200000,0.1548,0.1549,0.1544,0.1547,11689.9
1785086100000,0.1547,0.1547,0.1543,0.1543,13780.6
1785087000000,0.1543,0.1545,0.1542,0.1545,23830
1785087900000,0.1545,0.1545,0.1543,0.1543,7430
1785088800000,0.1543,0.1543,0.1535,0.1541,79027.9
1785089700000,0.1541,0.1544,0.1541,0.1543,6789.3
1785090600000,0.1543,0.1543,0.154,0.154,9744.4
1785091500000,0.154,0.1542,0.154,0.1541,26705.3
1785092400000,0.1541,0.1541,0.1537,0.1537,12844.3
1785093300000,0.1537,0.154,0.1537,0.1538,8033
1785094200000,0.1538,0.1541,0.1538,0.1539,3191.2
1785095100000,0.1539,0.1542,0.1539,0.1541,47589.6
1785096000000,0.1541,0.1542,0.154,0.1541,38866.4
1785096900000,0.1541,0.1542,0.154,0.1542,4017
1785097800000,0.1542,0.1542,0.1539,0.154,11815
1785098700000,0.154,0.1542,0.1537,0.1539,49323.7
1785099600000,0.1539,0.1539,0.1537,0.1539,7637.7
1785100500000,0.1539,0.1539,0.1528,0.1532,99291.9
1785101400000,0.1532,0.1536,0.1531,0.1531,18402.7
1785102300000,0.1531,0.1535,0.1525,0.1527,294776.1
1785103200000,0.1527,0.1539,0.1527,0.1535,160981.1
1785104100000,0.1535,0.1541,0.1535,0.1537,81892.5
1785105000000,0.1537,0.1543,0.1536,0.1542,159469.2
1785105900000,0.1542,0.1544,0.153,0.1532,457013.3
1785106800000,0.1532,0.1541,0.1532,0.1534,39502.9
1785107700000,0.1534,0.1537,0.1533,0.1537,6946.8
1785108600000,0.1537,0.1542,0.1535,0.154,187099
1785109500000,0.154,0.154,0.1533,0.1535,44537.2
1785110400000,0.1535,0.1536,0.1529,0.1535,48181.2
1785111300000,0.1535,0.1542,0.1531,0.154,35703.8
1785112200000,0.154,0.1549,0.154,0.1548,99211.2
1785113100000,0.1548,0.1552,0.1548,0.155,59097.2
1785114000000,0.155,0.1552,0.1539,0.154,74598.6
1785114900000,0.154,0.1545,0.154,0.1543,28088.5
1785115800000,0.1543,0.1543,0.1533,0.1539,41898.1
1785116700000,0.1539,0.1545,0.1536,0.1545,2545.9
1785117600000,0.1545,0.1548,0.1543,0.1544,194679
1785118500000,0.1544,0.1545,0.1542,0.1545,53022.5
1785119400000,0.1545,0.155,0.1542,0.1547,232484.8
1785120300000,0.1547,0.1548,0.1542,0.1544,65870.2
1785121200000,0.1544,0.1546,0.154,0.1545,41647.5
1785122100000,0.1545,0.1547,0.1544,0.1545,43914
1785123000000,0.1545,0.1549,0.1541,0.1549,33785.1
1785123900000,0.1549,0.1556,0.1547,0.1556,69183.6
1785124800000,0.1556,0.1558,0.1552,0.1553,85676.8
1785125700000,0.1553,0.1561,0.1552,0.1553,40429.7
1785126600000,0.1553,0.1553,0.1549,0.155,15338.7
1785127500000,0.155,0.155,0.1544,0.1544,12054.6
1785128400000,0.1544,0.1554,0.1544,0.1554,22827.4
1785129300000,0.1554,0.1554,0.1549,0.155,14491.8
1785130200000,0.155,0.1552,0.1546,0.1547,7143
1785131100000,0.1547,0.156,0.1546,0.156,27952.9
1785132000000,0.156,0.1567,0.1557,0.1558,400431.3
1785132900000,0.1558,0.1561,0.1551,0.1551,46294.2
1785133800000,0.1551,0.1559,0.1551,0.1554,96938.3
1785134700000,0.1554,0.1554,0.1549,0.1549,94374.5
1785135600000,0.1549,0.1554,0.1549,0.1554,22899.4
1785136500000,0.1554,0.1555,0.1553,0.1553,57359
1785137400000,0.1553,0.1553,0.1544,0.1545,114887.4
1785138300000,0.1545,0.155,0.1543,0.1545,293318.4
1785139200000,0.1545,0.1545,0.1535,0.1536,213571
1785140100000,0.1536,0.1539,0.1535,0.1538,74429.5
1785141000000,0.1538,0.1538,0.1533,0.1534,16983.4
1785141900000,0.1534,0.1535,0.1532,0.1532,8843
1785142800000,0.1532,0.1532,0.1525,0.1525,61158.1
1785143700000,0.1525,0.1531,0.1525,0.1531,40660.6
1785144600000,0.1531,0.1532,0.153,0.153,10178.8
1785145500000,0.153,0.153,0.1528,0.1528,14280.2
1785146400000,0.1528,0.153,0.1519,0.1526,133864.3
1785147300000,0.1526,0.1528,0.1525,0.1527,29879.6
1785148200000,0.1527,0.1537,0.1527,0.1537,127675.5
1785149100000,0.1537,0.154,0.1535,0.1535,28636.4
1785150000000,0.1535,0.1538,0.1534,0.1535,16707
1785150900000,0.1535,0.1539,0.1535,0.1536,22851.5
1785151800000,0.1536,0.1546,0.1536,0.1546,58487.6
1785152700000,0.1546,0.1546,0.1539,0.154,50668.9
1785153600000,0.154,0.1549,0.1539,0.1541,104243
1785154500000,0.1541,0.1543,0.1537,0.1543,85843.6
1785155400000,0.1543,0.1548,0.1538,0.1547,68165
1785156300000,0.1547,0.1552,0.1542,0.1543,234312
1785157200000,0.1543,0.1546,0.1537,0.1537,18663.8
1785158100000,0.1537,0.1539,0.153,0.153,103728.6
1785159000000,0.153,0.1545,0.1524,0.1545,221510
1785159900000,0.1545,0.1549,0.1538,0.1539,429670.7
1785160800000,0.1539,0.1542,0.1534,0.1537,90828.2
1785161700000,0.1537,0.1538,0.1513,0.1516,445955.1
1785162600000,0.1516,0.1516,0.1491,0.1494,552496.3
1785163500000,0.1494,0.151,0.1494,0.151,114453.6
1785164400000,0.151,0.1516,0.1504,0.1513,146300.1
1785165300000,0.1513,0.1517,0.1512,0.1515,39557.1
1785166200000,0.1515,0.1518,0.1511,0.1517,53168.1
1785167100000,0.1517,0.1517,0.151,0.151,42677.4
1785168000000,0.151,0.1511,0.1501,0.1501,203922.8
1785168900000,0.1501,0.1513,0.1498,0.1511,169723.3
1785169800000,0.1511,0.1516,0.1511,0.1513,22603.6
1785170700000,0.1513,0.1513,0.1508,0.1511,13468.4
1785171600000,0.1511,0.1511,0.1508,0.1511,7857.5
1785172500000,0.1511,0.1517,0.1511,0.1515,59944.3
1785173400000,0.1515,0.1516,0.151,0.151,65653.4
1785174300000,0.151,0.151,0.1505,0.1507,135256.7
1785175200000,0.1507,0.1507,0.1504,0.1504,5915.8
1785176100000,0.1504,0.1504,0.15,0.1503,53061.9
1785177000000,0.1503,0.1504,0.1497,0.15,176454.6
1785177900000,0.15,0.1501,0.1494,0.1501,197410.3
1785178800000,0.1501,0.1506,0.1499,0.1504,28559.8
1785179700000,0.1504,0.1504,0.1501,0.1502,2129
1785180600000,0.1502,0.1506,0.1502,0.1504,40851.1
1785181500000,0.1504,0.1504,0.15,0.1503,11231
1785182400000,0.1503,0.1506,0.1503,0.1505,66158.7
1785183300000,0.1505,0.1505,0.1502,0.1505,7927.8
1785184200000,0.1505,0.1507,0.1503,0.1503,63134.1
1785185100000,0.1503,0.1503,0.15,0.1503,23999.6
1785186000000,0.1503,0.1506,0.1502,0.1504,79625.4
1785186900000,0.1504,0.1505,0.1499,0.1499,25638.3
1785187800000,0.1499,0.1499,0.1496,0.1498,28632.4
1785188700000,0.1498,0.1499,0.1498,0.1499,640.3
1785189600000,0.1499,0.1499,0.1487,0.1494,76945.3
1785190500000,0.1494,0.1496,0.149,0.1492,35619.9
1785191400000,0.1492,0.1495,0.1479,0.1482,106641.8
1785192300000,0.1482,0.1482,0.1465,0.147,549389.5
1785193200000,0.147,0.1474,0.1459,0.1471,309555.6
1785194100000,0.1471,0.1478,0.1471,0.1477,97477.4
1785195000000,0.1477,0.1477,0.1472,0.1472,20079.7
1785195900000,0.1472,0.1475,0.1471,0.1475,6623.9
1785196800000,0.1475,0.1478,0.1472,0.1477,34290.1
1785197700000,0.1477,0.1485,0.1477,0.148,52078
1785198600000,0.148,0.1492,0.1479,0.1492,77516.7
1785199500000,0.1492,0.1494,0.149,0.149,32748.5
1785200400000,0.149,0.1498,0.1476,0.1487,348400.6
1785201300000,0.1487,0.1491,0.1476,0.1489,130279.4
1785202200000,0.1489,0.1489,0.1481,0.1481,15428.6
1785203100000,0.1481,0.149,0.1481,0.149,855157.5
1785204000000,0.149,0.1498,0.1484,0.1493,290074.7
1785204900000,0.1493,0.1493,0.1488,0.1489,33407.4
1785205800000,0.1489,0.149,0.1485,0.1485,23624.9
1785206700000,0.1485,0.1488,0.1483,0.1488,20849.9
1785207600000,0.1488,0.1488,0.1481,0.1483,36388.7
1785208500000,0.1483,0.1483,0.1481,0.1481,15166.8
1785209400000,0.1481,0.1487,0.1479,0.1484,172278.2
1785210300000,0.1484,0.1484,0.148,0.148,3074.8
1785211200000,0.148,0.1482,0.1479,0.1481,17666
1785212100000,0.1481,0.1482,0.1478,0.1478,4635.1
1785213000000,0.1478,0.1478,0.1472,0.1473,618826.7
1785213900000,0.1473,0.1479,0.1473,0.1477,21328.7
1785214800000,0.1477,0.1483,0.1477,0.148,460887.8
1785215700000,0.148,0.1484,0.148,0.1481,15179.8
1785216600000,0.1481,0.1487,0.1481,0.1486,87457
1785217500000,0.1486,0.1488,0.1479,0.1479,40970.3
1785218400000,0.1479,0.1481,0.1476,0.1481,56642
1785219300000,0.1481,0.1487,0.1481,0.1486,52938.4
1785220200000,0.1486,0.149,0.1486,0.149,41295.1
1785221100000,0.149,0.1492,0.1489,0.149,90295.6
1785222000000,0.149,0.1496,0.1487,0.1488,42904.9
1785222900000,0.1488,0.1488,0.1485,0.1487,67669.8
1785223800000,0.1487,0.1488,0.1484,0.1485,73612.5
1785224700000,0.1485,0.1485,0.1479,0.1483,12453.5
1785225600000,0.1483,0.1491,0.1475,0.148,840657.1
1785226500000,0.148,0.1485,0.1477,0.1485,596018.5
1785227400000,0.1485,0.1485,0.1482,0.1483,45611
1785228300000,0.1483,0.1484,0.1482,0.1482,15282.7
1785229200000,0.1482,0.1483,0.1479,0.148,35070
1785230100000,0.148,0.149,0.148,0.1485,109614.1
1785231000000,0.1485,0.1489,0.1485,0.1489,51410.1
1785231900000,0.1489,0.1489,0.1481,0.1484,77229.1
1785232800000,0.1484,0.1486,0.1484,0.1486,13297.2
1785233700000,0.1486,0.149,0.1486,0.1488,23333.9
1785234600000,0.1488,0.1493,0.1487,0.1487,389501
1785235500000,0.1487,0.1488,0.1483,0.1483,67447.6
1785236400000,0.1483,0.1483,0.1477,0.1477,18571
1785237300000,0.1477,0.1486,0.1477,0.148,336107.7
1785238200000,0.148,0.1489,0.1479,0.1479,631127.5
1785239100000,0.1479,0.1481,0.1479,0.1479,37500.1
1785240000000,0.1479,0.1481,0.1477,0.1481,15368.5
1785240900000,0.1481,0.1485,0.1481,0.1485,4429.9
1785241800000,0.1485,0.1486,0.1479,0.1484,430304.7
1785242700000,0.1484,0.1488,0.1483,0.1487,66951.4
1785243600000,0.1487,0.1487,0.1482,0.1484,6897.6
1785244500000,0.1484,0.1484,0.1478,0.148,89344.8
1785245400000,0.148,0.1484,0.1463,0.1469,2137392.5
1785246300000,0.1469,0.147,0.1459,0.1464,349125.7
1785247200000,0.1464,0.1468,0.1462,0.1463,67989.6
1785248100000,0.1463,0.1471,0.1458,0.1471,213595.1
1785249000000,0.1471,0.1476,0.147,0.1474,93763.1
1785249900000,0.1474,0.1481,0.1472,0.1477,293492.2
1785250800000,0.1477,0.1483,0.1473,0.1482,505380.7
1785251700000,0.1482,0.1501,0.148,0.1496,344212.6
1785252600000,0.1496,0.1504,0.1496,0.1502,220770.5
1785253500000,0.1502,0.1504,0.1497,0.1499,97245
1785254400000,0.1499,0.15,0.1495,0.1495,67699.9
1785255300000,0.1495,0.15,0.1493,0.1493,13850.1
1785256200000,0.1493,0.1498,0.1491,0.1497,82072.6
1785257100000,0.1497,0.1499,0.1493,0.1493,52129.1
1785258000000,0.1493,0.1493,0.1487,0.1488,25566.1
1785258900000,0.1488,0.1488,0.1481,0.1483,113831.7
1785259800000,0.1483,0.1483,0.1472,0.1476,391151.1
1785260700000,0.1476,0.148,0.1471,0.1475,47487.1
1785261600000,0.1475,0.1481,0.1475,0.1475,965769.7
1785262500000,0.1475,0.1478,0.1475,0.1478,14532.2
1785263400000,0.1478,0.1481,0.1477,0.148,9064.1
1785264300000,0.148,0.148,0.1479,0.1479,2320.2
1785265200000,0.1479,0.1484,0.1478,0.1481,7989.3
1785266100000,0.1481,0.1482,0.148,0.148,53546.4
1785267000000,0.148,0.1487,0.148,0.1483,124393
1785267900000,0.1483,0.1488,0.1482,0.1486,44448
1785268800000,0.1486,0.1489,0.1484,0.1489,87377.9
1785269700000,0.1489,0.1492,0.1487,0.1488,43598.4
1785270600000,0.1488,0.1489,0.1484,0.1489,145082.3
1785271500000,0.1489,0.1489,0.1486,0.1487,28739.5
1785272400000,0.1487,0.1491,0.1486,0.1489,119086.3
1785273300000,0.1489,0.149,0.1485,0.1489,9147.4
1785274200000,0.1489,0.1492,0.1486,0.1487,42580.9
1785275100000,0.1487,0.1492,0.1487,0.1489,15924.6
1785276000000,0.1489,0.149,0.1484,0.1485,29862.3
1785276900000,0.1485,0.1487,0.1483,0.1483,28823.4
1785277800000,0.1483,0.1486,0.1482,0.1485,36046.3
1785278700000,0.1485,0.1485,0.1472,0.1475,636463.4
1785279600000,0.1475,0.1475,0.1466,0.1471,135764.3
1785280500000,0.1471,0.1473,0.1467,0.1471,42576.1
1785281400000,0.1471,0.1479,0.1471,0.1478,185383.1
1785282300000,0.1478,0.1481,0.1475,0.1478,66556.1
1785283200000,0.1478,0.1486,0.1478,0.1481,95521.2
1785284100000,0.1481,0.1486,0.148,0.148,657226.6
1785285000000,0.148,0.1486,0.1478,0.1484,33426.4
1785285900000,0.1484,0.1487,0.148,0.148,17435.3
1785286800000,0.148,0.148,0.1471,0.1472,73963.8
1785287700000,0.1472,0.1476,0.1471,0.1473,13796
1785288600000,0.1473,0.1473,0.1467,0.1468,52145.2
1785289500000,0.1468,0.1468,0.1457,0.1458,420800.6
1785290400000,0.1458,0.1461,0.1453,0.146,221756.8
1785291300000,0.146,0.1465,0.1454,0.1465,25240.3
1785292200000,0.1465,0.1469,0.1464,0.1468,146798.7
1785293100000,0.1468,0.1468,0.1462,0.1464,242480.8
1785294000000,0.1464,0.1468,0.1462,0.1464,91847.7
1785294900000,0.1464,0.1465,0.1454,0.1454,102368.8
1785295800000,0.1454,0.1457,0.1447,0.1448,473796.3
1785296700000,0.1448,0.1448,0.1441,0.1442,398998.3
1785297600000,0.1442,0.1443,0.1432,0.1441,1282180.7
1785298500000,0.1441,0.1447,0.1436,0.1446,32866.5
1785299400000,0.1446,0.1454,0.1445,0.145,79820.3
1785300300000,0.145,0.1457,0.1448,0.1455,358149.4
1785301200000,0.1455,0.1461,0.1455,0.1459,118334.9
1785302100000,0.1459,0.1461,0.1455,0.146,242152.6
1785303000000,0.146,0.1465,0.146,0.1465,27060.8
1785303900000,0.1465,0.1465,0.146,0.146,22702
1785304800000,0.146,0.1461,0.1453,0.1458,67357.7
1785305700000,0.1458,0.1464,0.1456,0.1464,47663.9
1785306600000,0.1464,0.1465,0.1462,0.1462,2847.2
1785307500000,0.1462,0.1462,0.1459,0.1459,26942
1785308400000,0.1459,0.1459,0.1455,0.1457,3312.3
1785309300000,0.1457,0.1459,0.1457,0.1459,9796.2
1785310200000,0.1459,0.146,0.1457,0.1457,65519.3
1785311100000,0.1457,0.1466,0.1457,0.1466,43151.9
1785312000000,0.1466,0.1468,0.1458,0.1458,43147.3
1785312900000,0.1458,0.146,0.1455,0.1455,25333.1
1785313800000,0.1455,0.1464,0.1455,0.1464,14743.1
1785314700000,0.1464,0.1465,0.1458,0.1458,18035.2
1785315600000,0.1458,0.1461,0.1458,0.1461,8779.3
1785316500000,0.1461,0.1464,0.1461,0.1464,8889.4
1785317400000,0.1464,0.1466,0.1464,0.1466,22114.8
1785318300000,0.1466,0.1466,0.1463,0.1465,10571.1
1785319200000,0.1465,0.1465,0.146,0.146,22019.9
1785320100000,0.146,0.1461,0.1459,0.1459,20582.5
1785321000000,0.1459,0.1459,0.1456,0.1458,42368.6
1785321900000,0.1458,0.1458,0.1451,0.1452,103647.3
1785322800000,0.1452,0.1459,0.1452,0.1459,25179
1785323700000,0.1459,0.1461,0.1458,0.1459,30324
1785324600000,0.1459,0.146,0.1457,0.1458,23517.1
1785325500000,0.1458,0.1462,0.1458,0.1461,18652.8
1785326400000,0.1461,0.1464,0.1459,0.1464,14497.7
1785327300000,0.1464,0.1464,0.1458,0.1463,26183.9
1785328200000,0.1463,0.1463,0.1461,0.1462,6946.3
1785329100000,0.1462,0.1462,0.146,0.146,4520.2
1785330000000,0.146,0.146,0.1457,0.146,42683.9
1785330900000,0.146,0.146,0.1453,0.1458,57525.8
1785331800000,0.1458,0.1464,0.1457,0.1463,27207.1
1785332700000,0.1463,0.1464,0.1455,0.1464,49458.3
1785333600000,0.1464,0.1465,0.1456,0.1456,31814.5
1785334500000,0.1456,0.1461,0.1455,0.1457,28941.2
1785335400000,0.1457,0.1458,0.1451,0.1452,57417.9
1785336300000,0.1452,0.1454,0.1448,0.1448,52891.5
1785337200000,0.1448,0.1453,0.1446,0.1451,32427.7
1785338100000,0.1451,0.1451,0.1443,0.1448,65914.1
1785339000000,0.1448,0.1451,0.1444,0.1444,39484.2
1785339900000,0.1444,0.1445,0.1441,0.1445,40954.7
1785340800000,0.1445,0.1445,0.1437,0.1444,51054.9
1785341700000,0.1444,0.145,0.1443,0.1448,19071.3
1785342600000,0.1448,0.1448,0.1435,0.1438,457966.8
1785343500000,0.1438,0.1442,0.1437,0.1441,54260.6
1785344400000,0.1441,0.1447,0.1441,0.1447,22079.8
1785345300000,0.1447,0.1447,0.1444,0.1444,7498.6
1785346200000,0.1444,0.1449,0.1444,0.1449,27095.1
1785347100000,0.1449,0.1455,0.1448,0.1455,66840.3
1785348000000,0.1455,0.147,0.1455,0.1464,1332995.4
1785348900000,0.1464,0.1464,0.1456,0.1456,46447
1785349800000,0.1456,0.1463,0.1448,0.1462,212665.9
1785350700000,0.1462,0.1469,0.1462,0.1467,83293.1
1785351600000,0.1467,0.1467,0.1459,0.1461,20433.2
1785352500000,0.1461,0.1461,0.1449,0.145,78715
1785353400000,0.145,0.1451,0.1442,0.1442,135158.5
1785354300000,0.1442,0.1442,0.1426,0.1428,875394
1785355200000,0.1428,0.1432,0.1418,0.143,799476.6
1785356100000,0.143,0.1432,0.1412,0.1419,310733.7
1785357000000,0.1419,0.1428,0.1416,0.1425,388062.5
1785357900000,0.1425,0.1425,0.142,0.142,8220.1
1785358800000,0.142,0.1424,0.1412,0.1424,369221.3
1785359700000,0.1424,0.1429,0.1419,0.1428,19713.5
1785360600000,0.1428,0.1429,0.1427,0.1428,59703.2
1785361500000,0.1428,0.1431,0.1423,0.1431,30998.9
1785362400000,0.1431,0.1437,0.143,0.1433,49907.8
1785363300000,0.1433,0.1438,0.1433,0.1438,98331.9
1785364200000,0.1438,0.1438,0.1434,0.1437,11781.1
1785365100000,0.1437,0.1437,0.1434,0.1436,4542.5
1785366000000,0.1436,0.1438,0.1435,0.1435,31590.9
1785366900000,0.1435,0.144,0.1435,0.1438,11728.4
1785367800000,0.1438,0.1441,0.1437,0.1438,7470
1785368700000,0.1438,0.1442,0.1438,0.1441,7690.5
1785369600000,0.1441,0.1447,0.144,0.1447,34203.5
1785370500000,0.1447,0.1448,0.1446,0.1447,78524.7
1785371400000,0.1447,0.1447,0.1438,0.1438,33882.2
1785372300000,0.1438,0.1439,0.1436,0.1439,26890.5
1785373200000,0.1439,0.1449,0.1439,0.1444,61336.1
1785374100000,0.1444,0.1451,0.1443,0.1451,28723.4
1785375000000,0.1451,0.146,0.1451,0.1458,67239.9
1785375900000,0.1458,0.1463,0.1457,0.1463,41380.2
1785376800000,0.1463,0.1464,0.1458,0.1463,52546.8
1785377700000,0.1463,0.1463,0.146,0.1461,1258.9
1785378600000,0.1461,0.1462,0.1457,0.1462,27864.3
1785379500000,0.1462,0.1462,0.1458,0.1458,8160.9
1785380400000,0.1458,0.1458,0.145,0.145,22563.9
1785381300000,0.145,0.1454,0.1449,0.1451,56896.2
1785382200000,0.1451,0.1451,0.1445,0.1445,52245.4
1785383100000,0.1445,0.1446,0.1444,0.1446,9912
1785384000000,0.1446,0.1446,0.1441,0.1441,5471.4
1785384900000,0.1441,0.1441,0.1439,0.1441,5122.5
1785385800000,0.1441,0.1444,0.1439,0.1439,12257.4
1785386700000,0.1439,0.1439,0.1431,0.1432,42674.4
1785387600000,0.1432,0.1435,0.143,0.1433,73842.6
1785388500000,0.1433,0.1433,0.1428,0.1431,60762.7
1785389400000,0.1431,0.1437,0.1431,0.1436,41955.1
1785390300000,0.1436,0.1438,0.1433,0.1433,17527.2
1785391200000,0.1433,0.1433,0.1433,0.1433,1849.3
1785392100000,0.1433,0.1435,0.1432,0.1435,10733.1
1785393000000,0.1435,0.1439,0.1435,0.1437,37522.2
1785393900000,0.1437,0.1438,0.1437,0.1437,12460.1
1785394800000,0.1437,0.1444,0.1437,0.1439,69646.8
1785395700000,0.1439,0.144,0.1436,0.1437,17263.7
1785396600000,0.1437,0.1437,0.143,0.1432,12313.7
1785397500000,0.1432,0.1434,0.1432,0.1433,20703.8
1785398400000,0.1433,0.1433,0.1426,0.1428,17689.4
1785399300000,0.1428,0.1433,0.1426,0.1432,96842.6
1785400200000,0.1432,0.1433,0.1428,0.1428,37057.4
1785401100000,0.1428,0.1429,0.1428,0.1429,14225.8
1785402000000,0.1429,0.143,0.1427,0.1428,15201.5
1785402900000,0.1428,0.1428,0.1425,0.1428,100020.4
1785403800000,0.1428,0.1431,0.1428,0.1428,243851.8
1785404700000,0.1428,0.1435,0.1428,0.1432,116003.8
1785405600000,0.1432,0.1434,0.1432,0.1433,59941.5
1785406500000,0.1433,0.1435,0.143,0.1433,40074.2
1785407400000,0.1433,0.1437,0.1432,0.1435,36464.6
1785408300000,0.1435,0.1436,0.143,0.143,58392.7
1785409200000,0.143,0.1432,0.1423,0.1431,364184.1
1785410100000,0.1431,0.1432,0.143,0.1431,2835.8
1785411000000,0.1431,0.1435,0.143,0.1433,73228.4
1785411900000,0.1433,0.1439,0.1433,0.1436,277084.4
1785412800000,0.1436,0.1439,0.1434,0.1437,45115
1785413700000,0.1437,0.1441,0.1436,0.1439,194181.5
1785414600000,0.1439,0.1439,0.1431,0.1431,167698.8
1785415500000,0.1431,0.1434,0.1431,0.1433,16810.6
1785416400000,0.1433,0.1434,0.1427,0.1427,177822.6
1785417300000,0.1427,0.1427,0.1424,0.1424,49554.3
1785418200000,0.1424,0.143,0.142,0.143,132763.6
1785419100000,0.143,0.1444,0.143,0.144,221924.9
1785420000000,0.144,0.1441,0.1434,0.1436,42610.7
1785420900000,0.1436,0.1444,0.1432,0.1442,31862.1
1785421800000,0.1442,0.1448,0.1442,0.1448,58236.9
1785422700000,0.1448,0.145,0.1443,0.1444,89641.6
1785423600000,0.1444,0.1445,0.1436,0.1438,191568.6
1785424500000,0.1438,0.1441,0.1432,0.1432,199365
1785425400000,0.1432,0.1434,0.1428,0.1433,82083.1
1785426300000,0.1433,0.1435,0.1432,0.1435,87540.8
1785427200000,0.1435,0.1439,0.1434,0.1434,38349.7
1785428100000,0.1434,0.1434,0.143,0.143,55634.7
1785429000000,0.143,0.1432,0.143,0.143,10562.9
1785429900000,0.143,0.1435,0.143,0.1434,22194.3
1785430800000,0.1434,0.1434,0.1429,0.143,12062.4
1785431700000,0.143,0.1437,0.143,0.1436,71402.5
1785432600000,0.1436,0.1443,0.1436,0.1443,80367.8
1785433500000,0.1443,0.1444,0.1441,0.1441,6979.9
1785434400000,0.1441,0.1449,0.1441,0.1442,186828.1
1785435300000,0.1442,0.1442,0.1437,0.1441,215242
1785436200000,0.1441,0.1445,0.144,0.1443,283427.3
1785437100000,0.1443,0.1447,0.1442,0.1446,55764.9
1785438000000,0.1446,0.1451,0.1445,0.1449,150243.3
1785438900000,0.1449,0.1453,0.1446,0.1452,78343.2
1785439800000,0.1452,0.1452,0.1448,0.1448,41321.8
1785440700000,0.1448,0.1452,0.1447,0.1452,9040.4
1785441600000,0.1452,0.1458,0.1442,0.1442,1291398.4
1785442500000,0.1442,0.1444,0.144,0.1443,12857.3
1785443400000,0.1443,0.1444,0.144,0.1443,118035.3
1785444300000,0.1443,0.1443,0.1439,0.1439,5631.4
1785445200000,0.1439,0.1444,0.1438,0.1441,182117
1785446100000,0.1441,0.1448,0.1441,0.1444,23215.5
1785447000000,0.1444,0.1452,0.1444,0.1452,15394.8
1785447900000,0.1452,0.1452,0.1445,0.1447,10671.6
1785448800000,0.1447,0.145,0.1445,0.1445,42524.8
1785449700000,0.1445,0.1449,0.1443,0.1449,11525.7
1785450600000,0.1449,0.1451,0.1448,0.1449,26503.1
1785451500000,0.1449,0.1454,0.1449,0.1449,27130.8
1785452400000,0.1449,0.1452,0.1448,0.1451,11436
1785453300000,0.1451,0.1452,0.145,0.1451,17608.2
1785454200000,0.1451,0.1457,0.1445,0.1445,77042.9
1785455100000,0.1445,0.1446,0.1443,0.1444,71702.8
1785456000000,0.1444,0.1448,0.144,0.1442,30188.6
1785456900000,0.1442,0.1443,0.144,0.1443,15203.3
1785457800000,0.1443,0.1449,0.1443,0.1449,11466.9
1785458700000,0.1449,0.1451,0.1448,0.1449,43681.2
1785459600000,0.1449,0.1462,0.1449,0.1459,59982.6
1785460500000,0.1459,0.1459,0.1452,0.1459,10258.5
1785461400000,0.1459,0.1459,0.145,0.1453,462046.7
1785462300000,0.1453,0.1453,0.1437,0.1445,431465.8
1785463200000,0.1445,0.1445,0.1437,0.1437,90191.2
1785464100000,0.1437,0.1437,0.1432,0.1432,76618.2
1785465000000,0.1432,0.1432,0.1423,0.1424,114028.4
1785465900000,0.1424,0.1429,0.1424,0.1425,14396.9
1785466800000,0.1425,0.1425,0.1419,0.1425,122450.3
1785467700000,0.1425,0.1433,0.1425,0.1432,26778
1785468600000,0.1432,0.1433,0.1431,0.1432,29290.3
1785469500000,0.1432,0.1435,0.1431,0.1435,9901.9
1785470400000,0.1435,0.1435,0.1426,0.1426,75086.5
1785471300000,0.1426,0.1426,0.1419,0.1425,96093.9
1785472200000,0.1425,0.1425,0.1423,0.1424,27572
1785473100000,0.1424,0.1424,0.1422,0.1423,11415.9
1785474000000,0.1423,0.1427,0.1423,0.1424,25418.5
1785474900000,0.1424,0.1428,0.1424,0.1427,8684.3
1785475800000,0.1427,0.1427,0.1423,0.1423,95092
1785476700000,0.1423,0.1425,0.1422,0.1425,59050.6
1785477600000,0.1425,0.1425,0.1424,0.1424,902.9
1785478500000,0.1424,0.1428,0.1424,0.1428,17269
1785479400000,0.1428,0.143,0.1425,0.1426,105984.1
1785480300000,0.1426,0.1431,0.1423,0.143,80040.1
1785481200000,0.143,0.143,0.1414,0.1418,181529
1785482100000,0.1418,0.1422,0.1417,0.1419,12435.8
1785483000000,0.1419,0.1426,0.1419,0.1426,234801.8
1785483900000,0.1426,0.1434,0.1426,0.1432,214437.5
1785484800000,0.1432,0.1436,0.143,0.1435,77596.3
1785485700000,0.1435,0.1435,0.1427,0.1429,346898.8
1785486600000,0.1429,0.1432,0.1424,0.1427,189922.5
1785487500000,0.1427,0.1429,0.1424,0.1424,26041.9
1785488400000,0.1424,0.1426,0.1424,0.1426,29966.6
1785489300000,0.1426,0.1426,0.1417,0.1425,116502.5
1785490200000,0.1425,0.1428,0.1422,0.1427,36034.9
1785491100000,0.1427,0.1427,0.1425,0.1425,82886.7
1785492000000,0.1425,0.1429,0.1421,0.1429,6765.3
1785492900000,0.1429,0.1431,0.1428,0.1429,31982.9
1785493800000,0.1429,0.1433,0.1427,0.143,50424.3
1785494700000,0.143,0.143,0.1426,0.1428,20066.9
1785495600000,0.1428,0.143,0.1426,0.1426,15844
1785496500000,0.1426,0.1426,0.1424,0.1426,13897
1785497400000,0.1426,0.1428,0.1426,0.1426,5450.7
1785498300000,0.1426,0.1427,0.1425,0.1426,16236
1785499200000,0.1426,0.1426,0.1421,0.1423,50723.3
1785500100000,0.1423,0.1427,0.1423,0.1427,4105.9
1785501000000,0.1427,0.1428,0.1426,0.1427,21588.2
1785501900000,0.1427,0.1433,0.1426,0.1433,58440.3
1785502800000,0.1433,0.1434,0.1432,0.1434,34563.5
1785503700000,0.1434,0.1436,0.1431,0.1431,53069.6
1785504600000,0.1431,0.1437,0.1426,0.1428,459381.7
1785505500000,0.1428,0.1428,0.1416,0.142,261007.3
1785506400000,0.142,0.142,0.1396,0.1417,1513475.3
1785507300000,0.1417,0.1431,0.1414,0.1431,1799638.9
1785508200000,0.1431,0.1438,0.1424,0.1427,542648.6
1785509100000,0.1427,0.1437,0.1425,0.1433,197378.1
1785510000000,0.1433,0.1439,0.1428,0.1433,317212.6
1785510900000,0.1433,0.1438,0.1431,0.1438,345851.4
1785511800000,0.1438,0.1441,0.1434,0.1437,78112.8
1785512700000,0.1437,0.1442,0.1433,0.1439,197413.3
1785513600000,0.1439,0.1448,0.1438,0.1442,831904
1785514500000,0.1442,0.1442,0.1435,0.1435,1059449.4
1785515400000,0.1435,0.1435,0.1432,0.1433,46804.4
1785516300000,0.1433,0.1438,0.1432,0.1437,194716.5
1785517200000,0.1437,0.1451,0.1437,0.1449,366832.6
1785518100000,0.1449,0.1453,0.1447,0.1452,131861.6
1785519000000,0.1452,0.1458,0.1447,0.145,562414.4
1785519900000,0.145,0.1458,0.1449,0.1452,1048133.9
1785520800000,0.1452,0.146,0.1452,0.1455,284965.9
1785521700000,0.1455,0.1458,0.1447,0.1447,410501.7
1785522600000,0.1447,0.1448,0.1437,0.1438,330508.9
1785523500000,0.1438,0.1443,0.1438,0.1442,19376.8
1785524400000,0.1442,0.1443,0.1436,0.1437,32996.7
1785525300000,0.1437,0.1437,0.1435,0.1436,9192.2
1785526200000,0.1436,0.1436,0.143,0.1433,213538.6
1785527100000,0.1433,0.1437,0.1432,0.1434,43003.3
1785528000000,0.1434,0.1436,0.143,0.1431,349203.2
1785528900000,0.1431,0.1435,0.1431,0.1433,13510.9
1785529800000,0.1433,0.1433,0.1429,0.1429,32498.2
1785530700000,0.1429,0.1432,0.1426,0.1428,248814.3
1785531600000,0.1428,0.1432,0.1423,0.1431,155672.5
1785532500000,0.1431,0.1435,0.1431,0.1431,37322.7
1785533400000,0.1431,0.1432,0.1426,0.143,6956.7
1785534300000,0.143,0.143,0.1422,0.1425,45894.8
1785535200000,0.1425,0.1429,0.1424,0.1428,84242.2
1785536100000,0.1428,0.1431,0.1428,0.1431,14924.2
1785537000000,0.1431,0.1431,0.1428,0.1429,6622.9
1785537900000,0.1429,0.1429,0.1425,0.1425,29585.4
1785538800000,0.1425,0.1429,0.1425,0.1428,16504.2
1785539700000,0.1428,0.1431,0.1428,0.1431,137455.6
1785540600000,0.1431,0.1435,0.1431,0.1432,23515.8
1785541500000,0.1432,0.1436,0.143,0.1434,352582.8
1785542400000,0.1434,0.1441,0.1434,0.144,186054.6
1785543300000,0.144,0.1441,0.1438,0.144,36965.9
1785544200000,0.144,0.1448,0.1439,0.1448,35371.3
1785545100000,0.1448,0.1457,0.1448,0.1453,424750.1
1785546000000,0.1453,0.1465,0.1453,0.1457,393584.5
1785546900000,0.1457,0.1463,0.1456,0.1463,193374.6
1785547800000,0.1463,0.1465,0.1461,0.1463,787334.9
1785548700000,0.1463,0.1463,0.145,0.1455,141945.3
1785549600000,0.1455,0.1458,0.1449,0.1455,568187.1
1785550500000,0.1455,0.1457,0.1452,0.1457,54977.2
1785551400000,0.1457,0.1459,0.1449,0.1451,69177
1785552300000,0.1451,0.1453,0.145,0.1452,74227.7
1785553200000,0.1452,0.1454,0.145,0.1451,62396.6
1785554100000,0.1451,0.1455,0.1451,0.1451,40177.9
1785555000000,0.1451,0.1454,0.145,0.1453,99811.6
1785555900000,0.1453,0.1456,0.1451,0.1454,155300.9
1785556800000,0.1454,0.1463,0.1454,0.1455,1023904.8
1785557700000,0.1455,0.1457,0.1455,0.1457,82201.1
1785558600000,0.1457,0.1457,0.1455,0.1457,117921.3
1785559500000,0.1457,0.1463,0.1457,0.1463,80759.6
1785560400000,0.1463,0.1464,0.1457,0.1459,166156.5
1785561300000,0.1459,0.1459,0.1453,0.1453,54478.9
1785562200000,0.1453,0.1454,0.1448,0.1448,165638.7
1785563100000,0.1448,0.1451,0.1447,0.1451,57433.1
1785564000000,0.1451,0.1453,0.1446,0.1447,65634.8
1785564900000,0.1447,0.1448,0.1445,0.1447,108119.2
1785565800000,0.1447,0.1448,0.1446,0.1448,66025.2
1785566700000,0.1448,0.1448,0.1442,0.1443,90362.9
1785567600000,0.1443,0.1445,0.1439,0.1444,206211.3
1785568500000,0.1444,0.1444,0.1438,0.144,31343
1785569400000,0.144,0.144,0.1434,0.1438,125268.9
1785570300000,0.1438,0.144,0.1437,0.1439,46350.7
1785571200000,0.1439,0.1439,0.1434,0.1434,47532.6
1785572100000,0.1434,0.1438,0.1434,0.1437,31110.5
1785573000000,0.1437,0.144,0.1437,0.1437,33572.7
1785573900000,0.1437,0.1439,0.1435,0.1438,54980.5
1785574800000,0.1438,0.1438,0.1431,0.1434,133623.5
1785575700000,0.1434,0.1434,0.1426,0.1429,655183.3
1785576600000,0.1429,0.1434,0.1426,0.1426,230243.8
1785577500000,0.1426,0.1426,0.1418,0.1419,864769
1785578400000,0.1419,0.142,0.1409,0.142,397362.6
1785579300000,0.142,0.1421,0.1417,0.1418,123746.6
1785580200000,0.1418,0.1418,0.1415,0.1417,201774
1785581100000,0.1417,0.1417,0.1414,0.1416,18464.4
1785582000000,0.1416,0.1419,0.1414,0.1418,92686.7
1785582900000,0.1418,0.1418,0.1413,0.1414,185242.7
1785583800000,0.1414,0.1416,0.1412,0.1415,116831.5
1785584700000,0.1415,0.1415,0.1413,0.1415,47618.4
1785585600000,0.1415,0.1418,0.1413,0.1418,83097.2
1785586500000,0.1418,0.142,0.1417,0.1417,20407
1785587400000,0.1417,0.1419,0.1414,0.1414,102048.1
1785588300000,0.1414,0.1417,0.1414,0.1416,4070.8
1785589200000,0.1416,0.1421,0.1416,0.142,75662.7
1785590100000,0.142,0.142,0.1418,0.142,35555.1
1785591000000,0.142,0.142,0.1417,0.1417,14610.6
1785591900000,0.1417,0.1417,0.1414,0.1414,104827.1
1785592800000,0.1414,0.1417,0.141,0.1411,83339.8
1785593700000,0.1411,0.1414,0.1411,0.1414,84875.5
1785594600000,0.1414,0.1414,0.141,0.1411,22341.4
1785595500000,0.1411,0.1415,0.1407,0.1415,789642.4
1785596400000,0.1415,0.1415,0.1411,0.1412,54823.3
1785597300000,0.1412,0.1412,0.1404,0.1408,214941.7
1785598200000,0.1408,0.1413,0.1407,0.1413,45119.7
1785599100000,0.1413,0.1415,0.1412,0.1413,458347
1785600000000,0.1413,0.1415,0.1408,0.1409,191163
1785600900000,0.1409,0.1411,0.1408,0.141,17140.9
1785601800000,0.141,0.141,0.1404,0.1407,76861.4
1785602700000,0.1407,0.1409,0.1398,0.1405,523238.8
1785603600000,0.1405,0.1405,0.1389,0.1394,2790577.3
1785604500000,0.1394,0.1395,0.1377,0.1385,2427422.9
1785605400000,0.1385,0.1386,0.138,0.1384,276617
1785606300000,0.1384,0.1387,0.1378,0.1387,725489.4
1785607200000,0.1387,0.1388,0.1383,0.1385,81779.5
1785608100000,0.1385,0.1386,0.138,0.138,90841.1
1785609000000,0.138,0.1383,0.1363,0.1371,1709026.2
1785609900000,0.1371,0.1378,0.1363,0.1378,389634.4
1785610800000,0.1378,0.1381,0.1376,0.1379,110345.5
1785611700000,0.1379,0.1379,0.1375,0.1377,45498.7
1785612600000,0.1377,0.1381,0.1377,0.1377,271122.7
1785613500000,0.1377,0.138,0.1375,0.1375,82756.9
1785614400000,0.1375,0.1375,0.1369,0.137,60144.3
1785615300000,0.137,0.1372,0.1368,0.137,78671.1
1785616200000,0.137,0.1373,0.1369,0.1372,44057.8
1785617100000,0.1372,0.1372,0.1369,0.1371,19272.9
1785618000000,0.1371,0.1376,0.1368,0.1373,300932.2
1785618900000,0.1373,0.1373,0.1366,0.137,482940.9
1785619800000,0.137,0.1377,0.137,0.1374,81380.8
1785620700000,0.1374,0.1377,0.1373,0.1377,38008.6
1785621600000,0.1377,0.1379,0.1372,0.1372,26863.9
1785622500000,0.1372,0.1375,0.1365,0.1368,452811.7
1785623400000,0.1368,0.1373,0.1368,0.1373,59200.7
1785624300000,0.1373,0.1373,0.1372,0.1372,10334.7
1785625200000,0.1372,0.1373,0.1369,0.1369,79407.8
1785626100000,0.1369,0.1369,0.1365,0.1367,110418.9
1785627000000,0.1367,0.1367,0.1352,0.1357,493049.7
1785627900000,0.1357,0.1358,0.1353,0.1355,465077.6
1785628800000,0.1355,0.136,0.1352,0.136,107252.8
1785629700000,0.136,0.1362,0.1357,0.1357,711560
1785630600000,0.1357,0.1362,0.1357,0.1362,93019.8
1785631500000,0.1362,0.1368,0.1362,0.1368,293159.4
1785632400000,0.1368,0.1372,0.1368,0.1372,74619.7
1785633300000,0.1372,0.1374,0.1371,0.1373,70549.8
1785634200000,0.1373,0.1374,0.1371,0.1373,55328.6
1785635100000,0.1373,0.1378,0.1373,0.1374,138392
1785636000000,0.1374,0.1389,0.1373,0.1389,614671.7
1785636900000,0.1389,0.1392,0.1384,0.1384,164480.9
1785637800000,0.1384,0.1384,0.1375,0.1378,120411.6
1785638700000,0.1378,0.1383,0.1378,0.138,327625.7
1785639600000,0.138,0.1384,0.138,0.1384,114542.8
1785640500000,0.1384,0.1385,0.1382,0.1384,84219.6
1785641400000,0.1384,0.1386,0.1383,0.1386,104875
1785642300000,0.1386,0.1386,0.1384,0.1385,17993.4
1785643200000,0.1385,0.1388,0.1382,0.1384,71938.5
1785644100000,0.1384,0.1389,0.1384,0.1388,163918.2
1785645000000,0.1388,0.139,0.1384,0.1384,99587.5
1785645900000,0.1384,0.1391,0.1383,0.1388,608538.6
1785646800000,0.1388,0.1392,0.1385,0.1385,100123.3
1785647700000,0.1385,0.1388,0.1385,0.1388,18104.8
1785648600000,0.1388,0.1391,0.1385,0.1388,404762.3
1785649500000,0.1388,0.1397,0.1388,0.1392,249065.7
1785650400000,0.1392,0.1395,0.139,0.1391,95487.2
1785651300000,0.1391,0.1395,0.1391,0.1394,63813.7
1785652200000,0.1394,0.1394,0.139,0.1391,38699.7
1785653100000,0.1391,0.1396,0.139,0.1395,93938.2
1785654000000,0.1395,0.1401,0.1395,0.1398,752233.5
1785654900000,0.1398,0.1404,0.1396,0.1403,137511.4
1785655800000,0.1403,0.1404,0.1399,0.1401,94553
1785656700000,0.1401,0.1402,0.1395,0.1402,119592.9
1785657600000,0.1402,0.1403,0.1393,0.1393,412954
1785658500000,0.1393,0.1397,0.1393,0.1397,81103.1
1785659400000,0.1397,0.1401,0.1393,0.14,149376.3
1785660300000,0.14,0.1402,0.1396,0.1398,71151.1
1785661200000,0.1398,0.1403,0.1394,0.1402,118734
1785662100000,0.1402,0.1408,0.14,0.1402,744751.1
1785663000000,0.1402,0.1412,0.1402,0.1406,222160.1
1785663900000,0.1406,0.1409,0.1405,0.1408,278756.1
1785664800000,0.1408,0.1411,0.1403,0.1403,244592.7
1785665700000,0.1403,0.1409,0.1402,0.1404,37316.6
1785666600000,0.1404,0.1409,0.1401,0.1401,219598.5
1785667500000,0.1401,0.1402,0.1397,0.1398,410006.7
1785668400000,0.1398,0.14,0.1397,0.1397,166685.4
1785669300000,0.1397,0.1399,0.1396,0.1397,66464.3
1785670200000,0.1397,0.1398,0.1393,0.1395,95933.6
1785671100000,0.1395,0.1399,0.1394,0.1395,77577.2
1785672000000,0.1395,0.1398,0.1394,0.1397,107730.8
1785672900000,0.1397,0.1399,0.1397,0.1397,90335.9
1785673800000,0.1397,0.1404,0.1397,0.1401,495765.9
1785674700000,0.1401,0.1406,0.1399,0.14,152505.8
1785675600000,0.14,0.1403,0.1397,0.1398,307687.9
1785676500000,0.1398,0.1401,0.1396,0.1398,43449.3
1785677400000,0.1398,0.1398,0.1394,0.1397,87306.9
1785678300000,0.1397,0.14,0.1397,0.14,14742
1785679200000,0.14,0.1405,0.1397,0.1397,316434.3
1785680100000,0.1397,0.1397,0.1396,0.1397,15350.2
1785681000000,0.1397,0.1402,0.1397,0.1402,5633.4
1785681900000,0.1402,0.1402,0.1399,0.1401,73561.9
1785682800000,0.1401,0.1402,0.1399,0.1402,254484.4
1785683700000,0.1402,0.1404,0.14,0.14,136844.3
1785684600000,0.14,0.14,0.1393,0.1393,320211.3
1785685500000,0.1393,0.1396,0.1389,0.1392,515215.6
1785686400000,0.1392,0.1395,0.1385,0.1388,855432
1785687300000,0.1388,0.139,0.1386,0.1388,86057
1785688200000,0.1388,0.1392,0.1388,0.1392,100664.5
1785689100000,0.1392,0.1392,0.1387,0.1388,55857.8
1785690000000,0.1388,0.1391,0.1386,0.1391,53776.6
1785690900000,0.1391,0.1399,0.139,0.1395,136337.4
1785691800000,0.1395,0.14,0.1395,0.1398,184942.2
1785692700000,0.1398,0.1402,0.1398,0.14,54754.9
1785693600000,0.14,0.1404,0.14,0.1401,90734
1785694500000,0.1401,0.1402,0.14,0.14,2273.7
1785695400000,0.14,0.1411,0.14,0.1409,264070.7
1785696300000,0.1409,0.141,0.1407,0.1407,231793.7
1785697200000,0.1407,0.1414,0.1407,0.1408,288759.6
1785698100000,0.1408,0.1408,0.1405,0.1406,59542
1785699000000,0.1406,0.1409,0.1406,0.1409,5359.8
1785699900000,0.1409,0.1409,0.1407,0.1408,11615.7
1785700800000,0.1408,0.1411,0.1408,0.1408,26001.8
1785701700000,0.1408,0.1409,0.1406,0.1406,16559
1785702600000,0.1406,0.1406,0.1404,0.1405,35590
1785703500000,0.1405,0.1408,0.1405,0.1408,12162.6
1785704400000,0.1408,0.1413,0.1408,0.1412,53395.3
1785705300000,0.1412,0.1418,0.141,0.1416,82743.4
1785706200000,0.1416,0.1424,0.1414,0.1424,627051.2
1785707100000,0.1424,0.1428,0.1419,0.1419,35751.4
1785708000000,0.1419,0.1425,0.1416,0.1416,58263.8
1785708900000,0.1416,0.1419,0.1411,0.1411,32710.3
1785709800000,0.1411,0.1411,0.1402,0.1406,587059.3
1785710700000,0.1406,0.1406,0.1398,0.1399,467648
1785711600000,0.1399,0.1399,0.1391,0.1391,585571.9
1785712500000,0.1391,0.1398,0.1391,0.1396,834975.5
1785713400000,0.1396,0.1396,0.1395,0.1396,28697.7
1785714300000,0.1396,0.1396,0.1391,0.1394,264419.2
1785715200000,0.1394,0.1394,0.1382,0.1384,480342.2
1785716100000,0.1384,0.139,0.1384,0.1388,63867.2
1785717000000,0.1388,0.139,0.1383,0.1389,38975.6
1785717900000,0.1389,0.1389,0.1382,0.1383,29800.2
1785718800000,0.1383,0.1387,0.1378,0.1379,28225.1
1785719700000,0.1379,0.1383,0.1379,0.1382,31583.6
1785720600000,0.1382,0.1384,0.1379,0.1382,24206.4
1785721500000,0.1382,0.1382,0.138,0.1381,33982.9
1785722400000,0.1381,0.1382,0.1379,0.138,129216.8
1785723300000,0.138,0.1386,0.138,0.138,23412
1785724200000,0.138,0.1382,0.138,0.1381,2297.8
1785725100000,0.1381,0.1381,0.1378,0.1378,3506.3
1785726000000,0.1378,0.1382,0.1378,0.1382,61540.3
1785726900000,0.1382,0.1382,0.1378,0.1382,165467.3
1785727800000,0.1382,0.1382,0.138,0.1382,70203.4
1785728700000,0.1382,0.1382,0.1369,0.138,515956.1
1785729600000,0.138,0.1384,0.1378,0.1379,133980.3
1785730500000,0.1379,0.1385,0.1379,0.1385,32191.8
1785731400000,0.1385,0.1386,0.1384,0.1386,24026
1785732300000,0.1386,0.1386,0.1379,0.1379,94126.5
1785733200000,0.1379,0.1387,0.1379,0.1386,147609.1
1785734100000,0.1386,0.1386,0.1382,0.1383,143310.8
1785735000000,0.1383,0.1383,0.138,0.138,64726.8
1785735900000,0.138,0.1387,0.1379,0.1387,28231.6
1785736800000,0.1387,0.1388,0.1382,0.1382,38097.1
1785737700000,0.1382,0.1383,0.1382,0.1383,25367.8
1785738600000,0.1383,0.1385,0.1379,0.138,32842.5
1785739500000,0.138,0.1383,0.1377,0.1378,76454.1
1785740400000,0.1378,0.1378,0.1371,0.1372,506170.1
1785741300000,0.1372,0.1378,0.1368,0.1377,662189.5
1785742200000,0.1377,0.1378,0.1375,0.1376,81706.3
1785743100000,0.1376,0.1376,0.1373,0.1375,107257.4
1785744000000,0.1375,0.1377,0.1374,0.1374,244597.2
1785744900000,0.1374,0.1374,0.1366,0.1368,226647
1785745800000,0.1368,0.1372,0.1366,0.1371,102497
1785746700000,0.1371,0.1374,0.1371,0.1373,20922.2
1785747600000,0.1373,0.1373,0.137,0.1372,25671.2
1785748500000,0.1372,0.1373,0.1371,0.1372,23847.3
1785749400000,0.1372,0.1374,0.1371,0.1372,34353.7
1785750300000,0.1372,0.1379,0.1372,0.1378,46216.9
1785751200000,0.1378,0.1379,0.1375,0.1375,13436.6
1785752100000,0.1375,0.1376,0.1373,0.1375,39910.3
1785753000000,0.1375,0.1375,0.1373,0.1375,7228.4
1785753900000,0.1375,0.1375,0.137,0.1373,38260.6
1785754800000,0.1373,0.1374,0.137,0.137,34133.1
1785755700000,0.137,0.1376,0.1369,0.1374,87886.1
1785756600000,0.1374,0.1376,0.1373,0.1374,96425.1
1785757500000,0.1374,0.1377,0.1374,0.1376,107926.7
1785758400000,0.1376,0.1377,0.1373,0.1375,62099.9
1785759300000,0.1375,0.1377,0.1372,0.1372,170412.9
1785760200000,0.1372,0.1373,0.1372,0.1373,297972.1
1785761100000,0.1373,0.1373,0.137,0.137,2271.4
1785762000000,0.137,0.1372,0.1369,0.1372,25175.6
1785762900000,0.1372,0.1383,0.1372,0.1377,86122.6
1785763800000,0.1377,0.1385,0.1374,0.1382,205916.6
1785764700000,0.1382,0.1395,0.138,0.1391,766967.5
1785765600000,0.1391,0.1392,0.1386,0.1386,191684.9
1785766500000,0.1386,0.1393,0.1382,0.1389,306096.1
1785767400000,0.1389,0.1391,0.1383,0.1385,91648.9
1785768300000,0.1385,0.1387,0.1383,0.1386,82508.9
1785769200000,0.1386,0.1388,0.1381,0.1381,258056.6
1785770100000,0.1381,0.1387,0.1381,0.1384,400852.9
1785771000000,0.1384,0.1389,0.138,0.1383,324205.1
1785771900000,0.1383,0.1384,0.138,0.1381,41729.2
1785772800000,0.1381,0.1385,0.1379,0.1379,105400.9
1785773700000,0.1379,0.1383,0.1379,0.1383,40793.2
1785774600000,0.1383,0.1383,0.1373,0.1377,115236.2
1785775500000,0.1377,0.1386,0.1377,0.1381,524708.3
1785776400000,0.1381,0.1388,0.138,0.1386,331771.1
1785777300000,0.1386,0.1394,0.1385,0.139,132958.2
1785778200000,0.139,0.1394,0.1389,0.1393,101806.2
1785779100000,0.1393,0.1402,0.1393,0.14,705226.1
1785780000000,0.14,0.1408,0.1398,0.1406,727867.2
1785780900000,0.1406,0.1406,0.1398,0.1398,16062
1785781800000,0.1398,0.1404,0.1398,0.1404,61651
1785782700000,0.1404,0.1412,0.1403,0.1409,137520.1
1785783600000,0.1409,0.1412,0.1408,0.1409,136016.5
1785784500000,0.1409,0.1412,0.1403,0.1404,204851.2
1785785400000,0.1404,0.1407,0.1404,0.1406,12488.4
1785786300000,0.1406,0.1408,0.1403,0.1403,30629.9
1785787200000,0.1403,0.1409,0.1401,0.1409,20646.1
1785788100000,0.1409,0.1411,0.1406,0.1406,49855.1
1785789000000,0.1406,0.1418,0.1406,0.1417,60261.4
1785789900000,0.1417,0.1422,0.1413,0.142,172829.6
1785790800000,0.142,0.1432,0.142,0.1424,352362.7
1785791700000,0.1424,0.1431,0.142,0.1429,75576.1
1785792600000,0.1429,0.1432,0.1416,0.1416,327786.6
1785793500000,0.1416,0.1416,0.1414,0.1416,10846.9
1785794400000,0.1416,0.1416,0.1405,0.1407,114088.2
1785795300000,0.1407,0.1409,0.1404,0.1404,39918.7
1785796200000,0.1404,0.1404,0.1401,0.1401,25674.2
1785797100000,0.1401,0.1401,0.1398,0.1399,18508
1785798000000,0.1399,0.1399,0.1396,0.1397,189198.8
1785798900000,0.1397,0.1399,0.1397,0.1398,102603.9
1785799800000,0.1398,0.1402,0.1396,0.1402,53245.6
1785800700000,0.1402,0.1407,0.1402,0.1407,87380.2
1785801600000,0.1407,0.1412,0.1405,0.1406,1002831.7
1785802500000,0.1406,0.1407,0.1401,0.1402,100041.7
1785803400000,0.1402,0.1402,0.1396,0.1397,36556.3
1785804300000,0.1397,0.1398,0.1394,0.1396,36179.9
1785805200000,0.1396,0.1399,0.1395,0.1397,42742.8
1785806100000,0.1397,0.1398,0.1395,0.1396,46287.9
1785807000000,0.1396,0.1413,0.1396,0.141,128148
1785807900000,0.141,0.1413,0.1409,0.1411,242451.1
1785808800000,0.1411,0.1418,0.1411,0.1416,157347.7
1785809700000,0.1416,0.1419,0.1414,0.1419,39578.8
1785810600000,0.1419,0.1424,0.1418,0.142,231539.6
1785811500000,0.142,0.142,0.1416,0.1416,8070.7
1785812400000,0.1416,0.1418,0.1409,0.1409,51921.8
1785813300000,0.1409,0.1409,0.1404,0.1407,86093
1785814200000,0.1407,0.1416,0.1407,0.1416,48308.9
1785815100000,0.1416,0.1417,0.1414,0.1415,83554.6
1785816000000,0.1415,0.1417,0.1412,0.1414,66681.3
1785816900000,0.1414,0.1418,0.1414,0.1416,47396.2
1785817800000,0.1416,0.1418,0.1415,0.1415,102896.8
1785818700000,0.1415,0.142,0.1415,0.1415,76630.3
1785819600000,0.1415,0.1415,0.1412,0.1412,33904
1785820500000,0.1412,0.1414,0.141,0.1413,86154.6
1785821400000,0.1413,0.1415,0.1412,0.1415,41484.5
1785822300000,0.1415,0.1422,0.1413,0.1417,356490.5
1785823200000,0.1417,0.1421,0.1417,0.1419,57714
1785824100000,0.1419,0.1423,0.1415,0.1415,216478.8
1785825000000,0.1415,0.1417,0.1411,0.1411,78546.3
1785825900000,0.1411,0.1411,0.1407,0.1408,43445.2
1785826800000,0.1408,0.1408,0.1407,0.1408,35740.3
1785827700000,0.1408,0.1412,0.1404,0.1412,47227.6
1785828600000,0.1412,0.1416,0.1412,0.1414,43820
1785829500000,0.1414,0.142,0.1414,0.1416,88880
1785830400000,0.1416,0.1417,0.1412,0.1412,25700.7
1785831300000,0.1412,0.1412,0.141,0.1411,5670.1
1785832200000,0.1411,0.1413,0.1409,0.1413,55264
1785833100000,0.1413,0.1414,0.1411,0.1413,20639.3
1785834000000,0.1413,0.1414,0.141,0.141,23392.9
1785834900000,0.141,0.141,0.1406,0.1408,57710.1
1785835800000,0.1408,0.1408,0.1405,0.1405,42020.1
1785836700000,0.1405,0.1406,0.1404,0.1404,17939.7
1785837600000,0.1404,0.1406,0.14,0.1401,197372.4
1785838500000,0.1401,0.1403,0.1398,0.14,92142.7
1785839400000,0.14,0.1404,0.1398,0.1404,46090.9
1785840300000,0.1404,0.1409,0.1404,0.1406,65232.3
1785841200000,0.1406,0.1406,0.1406,0.1406,9173.6
1785842100000,0.1406,0.1406,0.1401,0.1401,64320.6
1785843000000,0.1401,0.1405,0.1401,0.1405,62891.9
1785843900000,0.1405,0.1409,0.1405,0.1408,72795.7
1785844800000,0.1408,0.1408,0.1402,0.1402,74757.3
1785845700000,0.1402,0.1402,0.1396,0.1398,211395.1
1785846600000,0.1398,0.1402,0.1398,0.1399,78442.9
1785847500000,0.1399,0.1399,0.1395,0.1395,47682
1785848400000,0.1395,0.1397,0.1393,0.1396,74109.1
1785849300000,0.1396,0.1401,0.1395,0.1396,735646.8
1785850200000,0.1396,0.1408,0.1396,0.1408,274423.1
1785851100000,0.1408,0.1408,0.1399,0.1399,811140.5
1785852000000,0.1399,0.1402,0.1396,0.1398,63336.1
1785852900000,0.1398,0.1398,0.1384,0.1391,606595.1
1785853800000,0.1391,0.1398,0.1391,0.1398,101343.9
1785854700000,0.1398,0.1402,0.1396,0.1399,248455.4
1785855600000,0.1399,0.1401,0.1394,0.1394,23644.9
1785856500000,0.1394,0.1396,0.1394,0.1394,17796.6
1785857400000,0.1394,0.1405,0.1393,0.1405,82021.8
1785858300000,0.1405,0.1412,0.1405,0.1405,499075.3
1785859200000,0.1405,0.1405,0.1392,0.1394,138356.8
1785860100000,0.1394,0.1396,0.1394,0.1394,23547.8
1785861000000,0.1394,0.1394,0.1389,0.1391,102850.8
1785861900000,0.1391,0.1391,0.1387,0.1388,37220.1
1785862800000,0.1388,0.1403,0.1387,0.1403,775654.9
1785863700000,0.1403,0.1405,0.14,0.1402,114164.5
1785864600000,0.1402,0.1407,0.1402,0.1406,18682.7
1785865500000,0.1406,0.1406,0.1403,0.1404,10930.3
1785866400000,0.1404,0.1415,0.1403,0.1415,86909.9
1785867300000,0.1415,0.1421,0.1415,0.1418,178782.8
1785868200000,0.1418,0.1419,0.1414,0.1417,77343.5
1785869100000,0.1417,0.1424,0.1417,0.1417,146075.2
1785870000000,0.1417,0.1419,0.1414,0.1418,289508
1785870900000,0.1418,0.1418,0.1409,0.141,73499.7
1785871800000,0.141,0.1417,0.141,0.1414,111224.1
1785872700000,0.1414,0.1417,0.1413,0.1413,65740.6
1785873600000,0.1413,0.1417,0.141,0.1415,599069.5
1785874500000,0.1415,0.1415,0.1407,0.1408,346868.1
1785875400000,0.1408,0.1418,0.1408,0.1416,64578.4
1785876300000,0.1416,0.1416,0.1413,0.1413,61295.8
1785877200000,0.1413,0.1413,0.1408,0.1408,22924.3
1785878100000,0.1408,0.1409,0.1408,0.1408,11978.3
1785879000000,0.1408,0.1411,0.1408,0.1411,8004.2
1785879900000,0.1411,0.1411,0.1407,0.1407,74333.9
1785880800000,0.1407,0.141,0.1407,0.1409,90668.7
1785881700000,0.1409,0.141,0.1407,0.141,117699.1
1785882600000,0.141,0.1411,0.1407,0.1409,225974.9
1785883500000,0.1409,0.1415,0.1409,0.1412,170078.6
1785884400000,0.1412,0.1419,0.1409,0.1418,342569.4
1785885300000,0.1418,0.142,0.1409,0.1409,32010.1
1785886200000,0.1409,0.1409,0.1405,0.1407,61042.8
1785887100000,0.1407,0.1407,0.1399,0.1399,93703.6
1785888000000,0.1399,0.14,0.1398,0.1399,45986.6
1785888900000,0.1399,0.1401,0.1399,0.1401,55391
1785889800000,0.1401,0.1402,0.1397,0.1398,68008.2
1785890700000,0.1398,0.1398,0.1394,0.1395,69936.3
1785891600000,0.1395,0.1398,0.1394,0.1398,43887.4
1785892500000,0.1398,0.1407,0.1398,0.1407,42924.4
1785893400000,0.1407,0.1413,0.1407,0.1408,112985.5
1785894300000,0.1408,0.1414,0.1408,0.1412,8561.4
1785895200000,0.1412,0.1415,0.1412,0.1413,4447.5
1785896100000,0.1413,0.1416,0.141,0.1413,149782.6
1785897000000,0.1413,0.1415,0.1413,0.1413,3890.2
1785897900000,0.1413,0.1415,0.1413,0.1414,7172.8
1785898800000,0.1414,0.1416,0.1411,0.1413,30355.9
1785899700000,0.1413,0.1414,0.1408,0.1408,241764.3
1785900600000,0.1408,0.1411,0.1408,0.141,16922.6
1785901500000,0.141,0.1412,0.141,0.1411,5992.4
1785902400000,0.1411,0.1414,0.1408,0.1413,103435
1785903300000,0.1413,0.1417,0.1411,0.1415,264028.3
1785904200000,0.1415,0.1416,0.1412,0.1412,45902.4
1785905100000,0.1412,0.1413,0.1409,0.1413,307030.5
1785906000000,0.1413,0.1418,0.1412,0.1418,926701.6
1785906900000,0.1418,0.1419,0.1417,0.1418,51491.4
1785907800000,0.1418,0.1418,0.1414,0.1416,66194.3
1785908700000,0.1416,0.1417,0.1415,0.1415,79002.7
1785909600000,0.1415,0.1417,0.1412,0.1412,76805.8
1785910500000,0.1412,0.1417,0.1411,0.1416,96543.5
1785911400000,0.1416,0.1419,0.1415,0.1418,77680.6
1785912300000,0.1418,0.1418,0.1416,0.1416,53443.9
1785913200000,0.1416,0.1416,0.1413,0.1413,154819.6
1785914100000,0.1413,0.1413,0.1408,0.141,57150.8
1785915000000,0.141,0.141,0.1406,0.1406,110357.3
1785915900000,0.1406,0.141,0.1406,0.141,133151.3
1785916800000,0.141,0.1412,0.1407,0.1407,22880.8
1785917700000,0.1407,0.1414,0.1405,0.1412,145423.6
1785918600000,0.1412,0.1412,0.1406,0.1406,19996.6
1785919500000,0.1406,0.1407,0.1405,0.1406,87071.5
1785920400000,0.1406,0.1406,0.1403,0.1405,56840.2
1785921300000,0.1405,0.1408,0.1403,0.1403,39556.4
1785922200000,0.1403,0.1405,0.1403,0.1405,56603.2
1785923100000,0.1405,0.1405,0.14,0.1401,89024.4
1785924000000,0.1401,0.1402,0.1397,0.1401,73324.7
1785924900000,0.1401,0.1404,0.14,0.1404,24682.2
1785925800000,0.1404,0.1406,0.1403,0.1405,10471.8
1785926700000,0.1405,0.1405,0.1397,0.14,59492.2
1785927600000,0.14,0.1402,0.1399,0.14,44828.7
1785928500000,0.14,0.1401,0.14,0.14,5967.4
1785929400000,0.14,0.1401,0.1399,0.1399,23065
1785930300000,0.1399,0.1399,0.1399,0.1399,118.9
1785931200000,0.1399,0.1399,0.1395,0.1399,49130.8
1785932100000,0.1399,0.1408,0.1398,0.1406,126687
1785933000000,0.1406,0.1407,0.1405,0.1407,38829.1
1785933900000,0.1407,0.1411,0.1407,0.1409,170761.8
1785934800000,0.1409,0.1412,0.1403,0.1409,429255.4
1785935700000,0.1409,0.1415,0.1405,0.1405,303309
1785936600000,0.1405,0.1411,0.1398,0.1409,318929.5
1785937500000,0.1409,0.1417,0.1407,0.1417,365492.8
1785938400000,0.1417,0.1417,0.1414,0.1415,64394.4
1785939300000,0.1415,0.1415,0.1406,0.1406,88286.8
1785940200000,0.1406,0.1408,0.1404,0.1404,19856.7
1785941100000,0.1404,0.1412,0.1403,0.1411,590204.5
1785942000000,0.1411,0.1411,0.1407,0.1411,49119.7
1785942900000,0.1411,0.1411,0.1404,0.1407,275588.1
1785943800000,0.1407,0.141,0.1406,0.1407,50596.7
1785944700000,0.1407,0.1407,0.1398,0.1399,214985.8
1785945600000,0.1399,0.1406,0.1396,0.1402,209390.1
1785946500000,0.1402,0.1406,0.1401,0.1406,24214.9
1785947400000,0.1406,0.1406,0.1401,0.1402,7250.8
1785948300000,0.1402,0.1403,0.1401,0.1403,7626.4
1785949200000,0.1403,0.1406,0.1402,0.1402,14135.1
1785950100000,0.1402,0.1404,0.1401,0.1404,15177.4
1785951000000,0.1404,0.141,0.1402,0.1408,96964.7
1785951900000,0.1408,0.141,0.1407,0.1407,39573.1
1785952800000,0.1407,0.1407,0.1404,0.1406,33712.5
1785953700000,0.1406,0.1413,0.1404,0.1406,57679.8
1785954600000,0.1406,0.1407,0.1404,0.1407,12699.1
1785955500000,0.1407,0.1407,0.1404,0.1404,39742.6
1785956400000,0.1404,0.1405,0.1403,0.1403,25510.6
1785957300000,0.1403,0.1403,0.1402,0.1402,6493.1
1785958200000,0.1402,0.1403,0.14,0.14,19605.9
1785959100000,0.14,0.1402,0.14,0.14,16396.5
1785960000000,0.14,0.1403,0.1397,0.1403,113695.4
1785960900000,0.1403,0.1405,0.1401,0.1404,287804.7
1785961800000,0.1404,0.1408,0.1403,0.1408,3588.7
1785962700000,0.1408,0.1408,0.1405,0.1405,16956.9
1785963600000,0.1405,0.1405,0.1402,0.1404,34988.6
1785964500000,0.1404,0.1404,0.14,0.14,21687.1
1785965400000,0.14,0.1401,0.1399,0.14,24075.2
1785966300000,0.14,0.1403,0.14,0.1403,102795.8
1785967200000,0.1403,0.1405,0.1401,0.1405,18071
1785968100000,0.1405,0.1406,0.1404,0.1405,15186.8
1785969000000,0.1405,0.1407,0.1405,0.1406,30023.4
1785969900000,0.1406,0.1406,0.1404,0.1404,39369.4
1785970800000,0.1404,0.1404,0.1402,0.1404,17484.2
1785971700000,0.1404,0.1404,0.1403,0.1404,23209.1
1785972600000,0.1404,0.1413,0.1404,0.1408,396886.4
1785973500000,0.1408,0.1409,0.1404,0.1408,231219
1785974400000,0.1408,0.1416,0.1406,0.1411,441089.5
1785975300000,0.1411,0.1421,0.1411,0.1419,226928.3
1785976200000,0.1419,0.142,0.1415,0.1419,99810.2
1785977100000,0.1419,0.142,0.1416,0.142,240014.9
1785978000000,0.142,0.1423,0.1417,0.1417,33673.9
1785978900000,0.1417,0.1417,0.1409,0.141,200187.6
1785979800000,0.141,0.1411,0.1406,0.1406,25226.3
1785980700000,0.1406,0.1409,0.1405,0.1405,12994.2
1785981600000,0.1405,0.1407,0.1403,0.1403,139588.6
1785982500000,0.1403,0.1403,0.1399,0.1399,80783.7
1785983400000,0.1399,0.1401,0.1399,0.1401,61546.6
1785984300000,0.1401,0.1402,0.1401,0.1401,25459.1
1785985200000,0.1401,0.1402,0.14,0.1402,25640.1
1785986100000,0.1402,0.1404,0.1401,0.1404,17072.5
1785987000000,0.1404,0.1406,0.1404,0.1405,12972.5
1785987900000,0.1405,0.1405,0.1402,0.1404,205081.4
1785988800000,0.1404,0.1404,0.1398,0.14,550595.9
1785989700000,0.14,0.1408,0.14,0.1407,59267.1
1785990600000,0.1407,0.1409,0.1405,0.1405,25879.5
1785991500000,0.1405,0.1405,0.1403,0.1405,154519
1785992400000,0.1405,0.1418,0.1405,0.1414,573362.7
1785993300000,0.1414,0.1414,0.1409,0.1409,50588.7
1785994200000,0.1409,0.141,0.1409,0.1409,7852.1
1785995100000,0.1409,0.1409,0.1407,0.1409,11906.1
1785996000000,0.1409,0.141,0.1407,0.1407,56757.8
1785996900000,0.1407,0.1408,0.1405,0.1408,136558
1785997800000,0.1408,0.1409,0.1407,0.1408,18129.4
1785998700000,0.1408,0.1408,0.1405,0.1408,41193.1
1785999600000,0.1408,0.1408,0.1401,0.1406,257561.9
1786000500000,0.1406,0.1407,0.1406,0.1407,18168.4
1786001400000,0.1407,0.1411,0.1406,0.1408,154858.6
1786002300000,0.1408,0.1409,0.1407,0.1408,11045.3
1786003200000,0.1408,0.1408,0.1402,0.1403,205144.3
1786004100000,0.1403,0.1403,0.1401,0.1402,20538.3
1786005000000,0.1402,0.1406,0.14,0.1406,162232.5
1786005900000,0.1406,0.1408,0.1406,0.1406,45143.6
1786006800000,0.1406,0.1406,0.1387,0.139,403619.3
1786007700000,0.139,0.1392,0.1387,0.139,125029.6
1786008600000,0.139,0.1391,0.1387,0.1387,50020.2
1786009500000,0.1387,0.1388,0.1383,0.1387,86689.7
1786010400000,0.1387,0.1387,0.1381,0.1384,169134.7
1786011300000,0.1384,0.1389,0.1383,0.1389,50188.4
1786012200000,0.1389,0.1389,0.1384,0.1384,72605.4
1786013100000,0.1384,0.1385,0.1381,0.1381,54550.1
1786014000000,0.1381,0.1385,0.1378,0.1385,60325.8
1786014900000,0.1385,0.1388,0.1385,0.1386,65189.1
1786015800000,0.1386,0.1394,0.1386,0.1393,470859.1
1786016700000,0.1393,0.1393,0.1391,0.1391,26247.9
1786017600000,0.1391,0.1394,0.1389,0.139,154212.1
1786018500000,0.139,0.1393,0.139,0.1392,14804.5
1786019400000,0.1392,0.1396,0.1392,0.1395,114692.6
1786020300000,0.1395,0.1396,0.1384,0.1386,571982.1
1786021200000,0.1386,0.139,0.1383,0.139,179148.5
1786022100000,0.139,0.139,0.1386,0.1386,87325
1786023000000,0.1386,0.1401,0.1384,0.1401,407728.6
1786023900000,0.1401,0.1401,0.1398,0.1399,94817
1786024800000,0.1399,0.1402,0.1399,0.14,62153.8
1786025700000,0.14,0.1401,0.1396,0.1398,308661.6
1786026600000,0.1398,0.1403,0.1393,0.1401,102447.9
1786027500000,0.1401,0.1401,0.1397,0.14,44716
1786028400000,0.14,0.1402,0.14,0.14,105442.5
1786029300000,0.14,0.1403,0.14,0.1403,9939.8
1786030200000,0.1403,0.1404,0.14,0.14,41103.1
1786031100000,0.14,0.1403,0.1397,0.1398,26550.8
1786032000000,0.1398,0.1401,0.1395,0.1395,11932.4
1786032900000,0.1395,0.1404,0.1395,0.1402,231304.5
1786033800000,0.1402,0.1411,0.1402,0.141,596821.9
1786034700000,0.141,0.1414,0.1409,0.1412,94791.2
1786035600000,0.1412,0.1417,0.1412,0.1412,180095
1786036500000,0.1412,0.1415,0.1409,0.1409,31667.8
1786037400000,0.1409,0.1415,0.1406,0.1408,229261.1
1786038300000,0.1408,0.1413,0.1408,0.1412,49294.3
1786039200000,0.1412,0.1413,0.1407,0.1408,69337.5
1786040100000,0.1408,0.1413,0.1408,0.141,51669.4
1786041000000,0.141,0.141,0.1399,0.1399,200414
1786041900000,0.1399,0.1399,0.1393,0.1398,271954.4
1786042800000,0.1398,0.1399,0.1397,0.1397,24019
1786043700000,0.1397,0.1398,0.1394,0.1396,50717.9
1786044600000,0.1396,0.1398,0.1396,0.1397,19942.1
1786045500000,0.1397,0.14,0.1395,0.14,40396.6
1786046400000,0.14,0.14,0.1394,0.1398,190203.4
1786047300000,0.1398,0.1398,0.1395,0.1396,173311.4
1786048200000,0.1396,0.1399,0.1394,0.1399,90523.9
1786049100000,0.1399,0.1399,0.1396,0.1396,12371.4
1786050000000,0.1396,0.1397,0.1395,0.1397,31781.4
1786050900000,0.1397,0.1398,0.1395,0.1398,17910.1
1786051800000,0.1398,0.1403,0.1398,0.1403,7511.1
1786052700000,0.1403,0.1412,0.1403,0.1409,41151.9
1786053600000,0.1409,0.1409,0.1404,0.1406,49686.4
1786054500000,0.1406,0.1406,0.14,0.14,47219.9
1786055400000,0.14,0.14,0.1397,0.1397,25635.3
1786056300000,0.1397,0.1397,0.1397,0.1397,1983.9
1786057200000,0.1397,0.1398,0.1397,0.1398,4022.5
1786058100000,0.1398,0.1398,0.1396,0.1396,11571.1
1786059000000,0.1396,0.1396,0.1395,0.1395,20936.7
1786059900000,0.1395,0.1401,0.1395,0.14,21170.2
1786060800000,0.14,0.1404,0.14,0.1404,50584.7
1786061700000,0.1404,0.1404,0.1399,0.1401,8133
1786062600000,0.1401,0.1402,0.1401,0.1402,4636.6
1786063500000,0.1402,0.1405,0.1402,0.1405,5183.2
1786064400000,0.1405,0.1409,0.1401,0.1401,7457.4
1786065300000,0.1401,0.1402,0.1401,0.1401,102711.1
1786066200000,0.1401,0.1403,0.1397,0.1399,107045.3
1786067100000,0.1399,0.14,0.1399,0.1399,36306.5
1786068000000,0.1399,0.1399,0.1394,0.1399,46437.8
1786068900000,0.1399,0.1402,0.1396,0.1396,173723.4
1786069800000,0.1396,0.1399,0.1396,0.1399,10576.7
1786070700000,0.1399,0.1403,0.1399,0.1403,49913.7
1786071600000,0.1403,0.1403,0.1401,0.1401,11188.5
1786072500000,0.1401,0.1401,0.14,0.1401,7043.8
1786073400000,0.1401,0.1403,0.1398,0.1398,480500.1
1786074300000,0.1398,0.1399,0.139,0.1393,246499.8
1786075200000,0.1393,0.1393,0.1391,0.1392,28079.6
1786076100000,0.1392,0.1395,0.1392,0.1394,6365.6
1786077000000,0.1394,0.1394,0.1391,0.1391,20533.6
1786077900000,0.1391,0.1392,0.139,0.139,16426.2
1786078800000,0.139,0.1394,0.139,0.1393,9663.2
1786079700000,0.1393,0.1393,0.139,0.139,2918.9
1786080600000,0.139,0.1391,0.1387,0.1389,759456.5
1786081500000,0.1389,0.1395,0.1389,0.1395,21585.7
1786082400000,0.1395,0.1396,0.1393,0.1396,34943.3
1786083300000,0.1396,0.1399,0.1396,0.1396,140360.8
1786084200000,0.1396,0.1397,0.1394,0.1395,7439.1
1786085100000,0.1395,0.1395,0.1394,0.1394,17879.4
1786086000000,0.1394,0.1394,0.1384,0.1389,338789.4
1786086900000,0.1389,0.1393,0.1389,0.1391,163498.1
1786087800000,0.1391,0.1391,0.1386,0.1386,31823
1786088700000,0.1386,0.1387,0.1385,0.1385,7720.4
1786089600000,0.1385,0.1387,0.1384,0.1387,14957.3
1786090500000,0.1387,0.1387,0.1386,0.1387,18598.5
1786091400000,0.1387,0.1392,0.1387,0.1392,33450.3
1786092300000,0.1392,0.1392,0.1387,0.1387,13261.7
1786093200000,0.1387,0.1391,0.1386,0.1391,8340.3
1786094100000,0.1391,0.1393,0.1388,0.139,79591.2
1786095000000,0.139,0.1391,0.1388,0.1388,21886
1786095900000,0.1388,0.139,0.1386,0.1386,66683.9
1786096800000,0.1386,0.1388,0.1386,0.1388,107119.1
1786097700000,0.1388,0.1388,0.1385,0.1387,29211.6
1786098600000,0.1387,0.1387,0.1383,0.1384,103015.5
1786099500000,0.1384,0.1384,0.1382,0.1382,20738.3
1786100400000,0.1382,0.1387,0.1382,0.1387,11512.5
1786101300000,0.1387,0.1393,0.1385,0.1392,289830.5
1786102200000,0.1392,0.1395,0.139,0.1392,38216.4
1786103100000,0.1392,0.1392,0.1389,0.1391,24723
1786104000000,0.1391,0.14,0.1391,0.1398,98537.9
1786104900000,0.1398,0.1398,0.1394,0.1396,314564.3
1786105800000,0.1396,0.1405,0.1384,0.1385,886360.1
1786106700000,0.1385,0.1391,0.1385,0.1389,112126.6
1786107600000,0.1389,0.1389,0.1385,0.1387,36436.6
1786108500000,0.1387,0.1388,0.1386,0.1387,22215.5
1786109400000,0.1387,0.1393,0.1386,0.1391,127929.6
1786110300000,0.1391,0.1391,0.1388,0.1388,43229.6
1786111200000,0.1388,0.1389,0.1383,0.1383,63498.4
1786112100000,0.1383,0.1388,0.1382,0.1387,646408.1
1786113000000,0.1387,0.1387,0.1377,0.1378,133522.4
1786113900000,0.1378,0.1378,0.1368,0.1376,1388303.3
1786114800000,0.1376,0.1379,0.1371,0.1378,320566.1
1786115700000,0.1378,0.1378,0.1376,0.1376,45192.3
1786116600000,0.1376,0.1382,0.1376,0.1382,125550.6
1786117500000,0.1382,0.1385,0.138,0.138,207949.7
1786118400000,0.138,0.1386,0.1379,0.1385,357594.5
1786119300000,0.1385,0.1386,0.1384,0.1384,24280.6
1786120200000,0.1384,0.1384,0.1381,0.1382,11934.9
1786121100000,0.1382,0.1382,0.1376,0.1376,40924.2
1786122000000,0.1376,0.1376,0.137,0.1372,1060022.6
1786122900000,0.1372,0.1372,0.1367,0.1369,452607.9
1786123800000,0.1369,0.1373,0.1363,0.1371,399647.2
1786124700000,0.1371,0.1374,0.1369,0.1374,145323.9
1786125600000,0.1374,0.1377,0.1374,0.1377,298461.2
1786126500000,0.1377,0.1378,0.1375,0.1375,189041
1786127400000,0.1375,0.1376,0.1366,0.1367,91257.5
1786128300000,0.1367,0.1369,0.1367,0.1369,64208.5
1786129200000,0.1369,0.1375,0.1368,0.1375,65739.8
1786130100000,0.1375,0.138,0.1375,0.1378,36114.8
1786131000000,0.1378,0.1379,0.1376,0.1377,15873.5
1786131900000,0.1377,0.1377,0.1376,0.1377,20219.1
1786132800000,0.1377,0.1377,0.1374,0.1375,39187
1786133700000,0.1375,0.1375,0.1374,0.1374,1494.7
1786134600000,0.1374,0.1374,0.1369,0.1372,39840.3
1786135500000,0.1372,0.1374,0.1372,0.1372,28499.8
1786136400000,0.1372,0.1377,0.1372,0.1376,12421.5
1786137300000,0.1376,0.1376,0.137,0.1371,63439.5
1786138200000,0.1371,0.1372,0.1366,0.1367,82996.2
1786139100000,0.1367,0.1372,0.1366,0.1366,129092.8
1786140000000,0.1366,0.137,0.1365,0.137,283132.5
1786140900000,0.137,0.1371,0.137,0.1371,8352.5
1786141800000,0.1371,0.1373,0.1371,0.1371,113690.6
1786142700000,0.1371,0.1373,0.1371,0.1373,19553.1
1786143600000,0.1373,0.1378,0.1373,0.1378,8994.4
1786144500000,0.1378,0.138,0.1378,0.1379,63126.7
1786145400000,0.1379,0.1379,0.1378,0.1378,2728.9
1786146300000,0.1378,0.138,0.1374,0.1374,17768.1
1786147200000,0.1374,0.1377,0.1373,0.1374,43049
1786148100000,0.1374,0.1378,0.1374,0.1378,80445.2
1786149000000,0.1378,0.1378,0.1377,0.1377,9562.7
1786149900000,0.1377,0.1378,0.1377,0.1378,4545.3
1786150800000,0.1378,0.138,0.1377,0.1377,38862.2
1786151700000,0.1377,0.138,0.1376,0.138,8083.9
1786152600000,0.138,0.1388,0.138,0.1388,260893.7
1786153500000,0.1388,0.1391,0.1386,0.1391,62206.8
1786154400000,0.1391,0.1392,0.1387,0.1387,81890.6
1786155300000,0.1387,0.1387,0.1385,0.1387,60496
1786156200000,0.1387,0.1389,0.1385,0.1389,43168.2
1786157100000,0.1389,0.139,0.1387,0.139,60100.8
1786158000000,0.139,0.1393,0.1388,0.1393,36604.2
1786158900000,0.1393,0.1396,0.1392,0.1392,535130
1786159800000,0.1392,0.1401,0.1389,0.1395,187009.9
1786160700000,0.1395,0.1403,0.1394,0.1403,13849.7
1786161600000,0.1403,0.1407,0.1401,0.1407,217309.9
1786162500000,0.1407,0.1409,0.14,0.1401,101994.6
1786163400000,0.1401,0.1407,0.1401,0.1406,164429.8
1786164300000,0.1406,0.1407,0.1404,0.1407,25218.3
1786165200000,0.1407,0.1415,0.1407,0.1415,416276.8
1786166100000,0.1415,0.142,0.1413,0.142,394061.9
1786167000000,0.142,0.1431,0.142,0.1424,411093.2
1786167900000,0.1424,0.1426,0.1417,0.1417,152912.8
1786168800000,0.1417,0.1421,0.1414,0.1414,193436.3
1786169700000,0.1414,0.1423,0.1414,0.1423,119058.5
1786170600000,0.1423,0.1425,0.1421,0.1424,105120.4
1786171500000,0.1424,0.1427,0.1421,0.1427,280784.3
1786172400000,0.1427,0.1431,0.1419,0.1419,177315.5
1786173300000,0.1419,0.1421,0.1417,0.142,71142.9
1786174200000,0.142,0.1422,0.1418,0.1418,46610
1786175100000,0.1418,0.1423,0.1418,0.142,57344
1786176000000,0.142,0.1423,0.1419,0.1419,47587.2
1786176900000,0.1419,0.1429,0.1416,0.1429,184495.3
1786177800000,0.1429,0.1433,0.1427,0.1429,313030.1
1786178700000,0.1429,0.1431,0.1425,0.1428,89940.2
1786179600000,0.1428,0.143,0.1418,0.1418,764308.2
1786180500000,0.1418,0.1421,0.1416,0.1421,104549.9
1786181400000,0.1421,0.1422,0.1418,0.1418,12063.1
1786182300000,0.1418,0.1421,0.1418,0.1421,62967.7
1786183200000,0.1421,0.1423,0.142,0.142,142936.2
1786184100000,0.142,0.1422,0.142,0.142,9485.4
1786185000000,0.142,0.1421,0.1419,0.1419,9445
1786185900000,0.1419,0.1419,0.1419,0.1419,10502
1786186800000,0.1419,0.1424,0.1419,0.1424,12663.5
1786187700000,0.1424,0.1425,0.1422,0.1425,29878.1
1786188600000,0.1425,0.1425,0.1423,0.1423,9208.1
1786189500000,0.1423,0.1425,0.1422,0.1423,26617.1
1786190400000,0.1423,0.1429,0.1419,0.1422,183006.3
1786191300000,0.1422,0.1423,0.1419,0.1419,152038.5
1786192200000,0.1419,0.142,0.1419,0.142,14308.5
1786193100000,0.142,0.142,0.1419,0.1419,8088.5
1786194000000,0.1419,0.142,0.1416,0.142,309578.6
1786194900000,0.142,0.1425,0.142,0.1422,105925.7
1786195800000,0.1422,0.1422,0.1418,0.1419,18398.5
1786196700000,0.1419,0.1419,0.1417,0.1417,2446.9
1786197600000,0.1417,0.1424,0.1417,0.1424,25260.2
1786198500000,0.1424,0.1427,0.1424,0.1427,12952.1
1786199400000,0.1427,0.1431,0.1425,0.1425,26945
1786200300000,0.1425,0.1433,0.1425,0.1431,34426.1
1786201200000,0.1431,0.1434,0.1431,0.1432,23812.5
1786202100000,0.1432,0.1434,0.1432,0.1432,12757.7
1786203000000,0.1432,0.1432,0.1431,0.1432,3241.4
1786203900000,0.1432,0.1437,0.1431,0.1434,87148.6
1786204800000,0.1434,0.1441,0.143,0.1437,251295.1
1786205700000,0.1437,0.1438,0.1432,0.1432,35989.5
1786206600000,0.1432,0.1435,0.1432,0.1432,27682.7
1786207500000,0.1432,0.1435,0.143,0.1435,808155.3
1786208400000,0.1435,0.1435,0.143,0.1431,4623.5
1786209300000,0.1431,0.1433,0.143,0.1431,3896.7
1786210200000,0.1431,0.1431,0.1428,0.143,36677.6
1786211100000,0.143,0.1431,0.1427,0.1428,10866.6
1786212000000,0.1428,0.1428,0.1426,0.1428,24757.6
1786212900000,0.1428,0.1428,0.1422,0.1424,424922.7
1786213800000,0.1424,0.1425,0.1422,0.1423,56126.1
1786214700000,0.1423,0.1425,0.1423,0.1423,58266.5
1786215600000,0.1423,0.1423,0.1419,0.142,16612
1786216500000,0.142,0.1421,0.1419,0.1419,9402.4
1786217400000,0.1419,0.142,0.1419,0.142,7566.5
1786218300000,0.142,0.1424,0.142,0.1423,25779
1786219200000,0.1423,0.1426,0.1422,0.1426,167931.4
1786220100000,0.1426,0.1428,0.1426,0.1426,30637.5
1786221000000,0.1426,0.143,0.1426,0.143,2929.2
1786221900000,0.143,0.1431,0.1428,0.1431,39586.7
1786222800000,0.1431,0.1431,0.1427,0.1427,230980
1786223700000,0.1427,0.1432,0.1427,0.1432,2441.8
1786224600000,0.1432,0.1432,0.1431,0.1432,28748.6
1786225500000,0.1432,0.1432,0.1426,0.1427,13453.1
1786226400000,0.1427,0.1427,0.1424,0.1425,5331
1786227300000,0.1425,0.1425,0.1424,0.1424,37171.2
1786228200000,0.1424,0.1424,0.1421,0.1421,6468.7
1786229100000,0.1421,0.1422,0.1419,0.142,27562
1786230000000,0.142,0.142,0.1418,0.1418,14205.6
1786230900000,0.1418,0.142,0.1417,0.1418,35280.4
1786231800000,0.1418,0.142,0.1418,0.1419,4889.9
1786232700000,0.1419,0.1421,0.1419,0.1421,7522.5
1786233600000,0.1421,0.1422,0.142,0.1421,80237.7
1786234500000,0.1421,0.1421,0.1415,0.1417,27117.6
1786235400000,0.1417,0.142,0.1412,0.1419,204063.3
1786236300000,0.1419,0.1423,0.1419,0.1422,41210.9
1786237200000,0.1422,0.1427,0.1422,0.1427,20892.4
1786238100000,0.1427,0.1429,0.1421,0.1421,39454
1786239000000,0.1421,0.1423,0.1419,0.1423,395607.5
1786239900000,0.1423,0.1424,0.1423,0.1423,17605.1
1786240800000,0.1423,0.1427,0.1421,0.1425,183696.3
1786241700000,0.1425,0.1429,0.1425,0.1428,22979.7
1786242600000,0.1428,0.1429,0.1428,0.1428,6555
1786243500000,0.1428,0.1428,0.1424,0.1425,27274.3
1786244400000,0.1425,0.1426,0.1421,0.1422,34695.4
1786245300000,0.1422,0.143,0.1422,0.143,73001.3
1786246200000,0.143,0.1436,0.143,0.1435,450761.7
1786247100000,0.1435,0.1435,0.1433,0.1433,25070.1
1786248000000,0.1433,0.1435,0.1433,0.1434,10731.2
1786248900000,0.1434,0.1435,0.1432,0.1435,12631.6
1786249800000,0.1435,0.1435,0.1431,0.1431,16749.1
1786250700000,0.1431,0.1431,0.1427,0.1427,7295.2
1786251600000,0.1427,0.1429,0.1427,0.1428,3459.4
1786252500000,0.1428,0.1428,0.1424,0.1424,16079.5
1786253400000,0.1424,0.1424,0.142,0.1421,26791.7
1786254300000,0.1421,0.1422,0.1421,0.1421,7525.8
1786255200000,0.1421,0.1426,0.1421,0.1426,34487
1786256100000,0.1426,0.1427,0.1426,0.1427,4356.3
1786257000000,0.1427,0.143,0.1427,0.143,19096.4
1786257900000,0.143,0.1432,0.1429,0.143,411619.5
1786258800000,0.143,0.143,0.1421,0.1424,239594.3
1786259700000,0.1424,0.1424,0.1423,0.1423,1280.1
1786260600000,0.1423,0.1424,0.1423,0.1424,263.2
1786261500000,0.1424,0.1426,0.1424,0.1426,47756.2
1786262400000,0.1426,0.143,0.1426,0.1428,10078.9
1786263300000,0.1428,0.1431,0.1424,0.1427,539344.6
1786264200000,0.1427,0.1428,0.1424,0.1424,83405.8
1786265100000,0.1424,0.1424,0.1424,0.1424,31130.3
1786266000000,0.1424,0.1424,0.1424,0.1424,0
1786266900000,0.1424,0.1424,0.1422,0.1422,16957.5
1786267800000,0.1422,0.1426,0.1422,0.1426,7561
1786268700000,0.1426,0.1428,0.1426,0.1428,4254.1
1786269600000,0.1428,0.1428,0.1427,0.1428,7361.8
1786270500000,0.1428,0.1428,0.1423,0.1423,7954.9
1786271400000,0.1423,0.1423,0.142,0.1422,27347.2
1786272300000,0.1422,0.1423,0.1418,0.1418,12554.7
1786273200000,0.1418,0.1419,0.1417,0.1419,9414.6
1786274100000,0.1419,0.1419,0.1418,0.1418,3413.8
1786275000000,0.1418,0.1419,0.1418,0.1418,2502
1786275900000,0.1418,0.1419,0.1415,0.1416,585782.5
1786276800000,0.1416,0.1422,0.1412,0.1422,247511.1
1786277700000,0.1422,0.1423,0.1419,0.1422,107574.8
1786278600000,0.1422,0.1422,0.142,0.142,24089.5
1786279500000,0.142,0.1422,0.142,0.1421,41189.8
1786280400000,0.1421,0.1425,0.1421,0.1425,21223.3
1786281300000,0.1425,0.1429,0.1425,0.1429,67808
1786282200000,0.1429,0.1429,0.1423,0.1423,33420.3
1786283100000,0.1423,0.1426,0.1423,0.1424,4192.9
1786284000000,0.1424,0.1428,0.1424,0.1428,36267.1
1786284900000,0.1428,0.1428,0.1425,0.1425,63797.1
1786285800000,0.1425,0.1425,0.1424,0.1425,11877.6
1786286700000,0.1425,0.1431,0.1425,0.1429,315003.3
1786287600000,0.1429,0.1431,0.1429,0.1429,18719
1786288500000,0.1429,0.143,0.1427,0.143,10679.2
1786289400000,0.143,0.1434,0.143,0.1433,22205.7
1786290300000,0.1433,0.1438,0.1431,0.1438,182502.8
1786291200000,0.1438,0.1452,0.1438,0.1451,731961.7
1786292100000,0.1451,0.1459,0.1447,0.1448,274048.5
1786293000000,0.1448,0.1458,0.1448,0.1456,250912.3
1786293900000,0.1456,0.1462,0.1455,0.1457,181889.5
1786294800000,0.1457,0.146,0.1448,0.1448,417205.8
1786295700000,0.1448,0.145,0.1447,0.1448,35748.4
1786296600000,0.1448,0.1454,0.1448,0.1453,50660.1
1786297500000,0.1453,0.1453,0.1446,0.1451,39269
1786298400000,0.1451,0.1455,0.1446,0.1446,429643.4
1786299300000,0.1446,0.1448,0.1444,0.1447,19548.1
1786300200000,0.1447,0.1447,0.1445,0.1445,14418
1786301100000,0.1445,0.1448,0.1445,0.1447,6908.2
1786302000000,0.1447,0.1451,0.1445,0.1445,102639.4
1786302900000,0.1445,0.1449,0.1445,0.1449,14030.3
1786303800000,0.1449,0.146,0.1449,0.146,170432.3
1786304700000,0.146,0.1469,0.146,0.1467,86065.8
1786305600000,0.1467,0.1472,0.1456,0.1456,112322.6
1786306500000,0.1456,0.146,0.1456,0.1459,260568.4
1786307400000,0.1459,0.1465,0.1459,0.1462,124942.2
1786308300000,0.1462,0.1463,0.1459,0.1463,28368
1786309200000,0.1463,0.1465,0.1457,0.1458,66908
1786310100000,0.1458,0.1466,0.1458,0.1466,55775.7
1786311000000,0.1466,0.1468,0.1462,0.1462,22227.3
1786311900000,0.1462,0.1465,0.1462,0.1462,18676.5
1786312800000,0.1462,0.1476,0.1462,0.1473,141177.3
1786313700000,0.1473,0.1475,0.1469,0.1469,65803.1
1786314600000,0.1469,0.1469,0.1449,0.1449,330463.1
1786315500000,0.1449,0.1449,0.1436,0.144,161179.5
1786316400000,0.144,0.1442,0.1436,0.1438,38268.4
1786317300000,0.1438,0.1438,0.1419,0.1421,329419.4
1786318200000,0.1421,0.1425,0.1413,0.1421,190467.5
1786319100000,0.1421,0.1422,0.1415,0.1419,56223.7
1786320000000,0.1419,0.1438,0.1415,0.1434,177361.3
1786320900000,0.1434,0.1434,0.1429,0.1431,45008.2
1786321800000,0.1431,0.1431,0.1425,0.1429,53164.6
1786322700000,0.1429,0.1437,0.1429,0.1433,85839
1786323600000,0.1433,0.1437,0.1432,0.1434,23330.3
1786324500000,0.1434,0.1437,0.1434,0.1435,50235
1786325400000,0.1435,0.1436,0.1431,0.1432,17070.8
1786326300000,0.1432,0.1447,0.1432,0.1439,37242.6
1786327200000,0.1439,0.1439,0.1434,0.1437,39584.9
1786328100000,0.1437,0.1437,0.1426,0.1427,35373.4
1786329000000,0.1427,0.1435,0.1426,0.1435,42214.5
1786329900000,0.1435,0.1435,0.143,0.1431,44348.7
1786330800000,0.1431,0.1431,0.1425,0.1425,12326.8
1786331700000,0.1425,0.1429,0.1421,0.1428,9819
1786332600000,0.1428,0.1431,0.1426,0.1431,34135.7
1786333500000,0.1431,0.1431,0.1423,0.1423,5619
1786334400000,0.1423,0.1426,0.1422,0.1425,40834
1786335300000,0.1425,0.1428,0.1418,0.142,303737.9
1786336200000,0.142,0.1421,0.1416,0.1418,131730.2
1786337100000,0.1418,0.1422,0.1418,0.142,26026.9
1786338000000,0.142,0.1424,0.142,0.1422,59305.5
1786338900000,0.1422,0.1429,0.1422,0.1429,10180.2
1786339800000,0.1429,0.1435,0.1429,0.1435,226162.1
1786340700000,0.1435,0.1437,0.1435,0.1435,30818.1
1786341600000,0.1435,0.1437,0.1435,0.1436,15971.9
1786342500000,0.1436,0.1437,0.1433,0.1434,24281.1
1786343400000,0.1434,0.1435,0.1433,0.1435,1852.9
1786344300000,0.1435,0.1436,0.1433,0.1436,17071.1
1786345200000,0.1436,0.1436,0.143,0.1432,43288.2
1786346100000,0.1432,0.1441,0.1432,0.1439,393346.2
1786347000000,0.1439,0.1439,0.1438,0.1438,21813.9
1786347900000,0.1438,0.1438,0.1435,0.1437,108495.7
1786348800000,0.1437,0.1437,0.1432,0.1434,125067.2
1786349700000,0.1434,0.1436,0.1433,0.1435,3957.5
1786350600000,0.1435,0.1435,0.143,0.1431,119609.9
1786351500000,0.1431,0.1442,0.1431,0.1436,462243.9
1786352400000,0.1436,0.1436,0.1434,0.1434,23251.3
1786353300000,0.1434,0.1434,0.1432,0.1432,63202.6
1786354200000,0.1432,0.1437,0.1428,0.1437,24406.5
1786355100000,0.1437,0.1438,0.1435,0.1436,11901.1
1786356000000,0.1436,0.1436,0.1429,0.1429,72609.6
1786356900000,0.1429,0.143,0.1428,0.1428,12146.1
1786357800000,0.1428,0.1429,0.1428,0.1429,4228.2
1786358700000,0.1429,0.1433,0.1429,0.1432,13238.3
1786359600000,0.1432,0.1434,0.143,0.1434,39071.7
1786360500000,0.1434,0.1438,0.1434,0.1438,80097.1
1786361400000,0.1438,0.144,0.1438,0.144,1893.1
1786362300000,0.144,0.1442,0.1439,0.1441,4092
1786363200000,0.1441,0.1443,0.1441,0.1441,84921.7
1786364100000,0.1441,0.1441,0.1438,0.1438,2917.1
1786365000000,0.1438,0.1442,0.1436,0.1442,81106.3
1786365900000,0.1442,0.1444,0.1438,0.1441,15947.8
1786366800000,0.1441,0.1444,0.1441,0.1444,34441.4
1786367700000,0.1444,0.1444,0.1439,0.144,459181.5
1786368600000,0.144,0.1441,0.1434,0.1435,88021.1
1786369500000,0.1435,0.1436,0.1432,0.1435,156447.5
1786370400000,0.1435,0.1444,0.1435,0.1444,119063.1
1786371300000,0.1444,0.1444,0.1438,0.1441,12178.1
1786372200000,0.1441,0.1442,0.144,0.144,3834.1
1786373100000,0.144,0.144,0.1429,0.143,9823
1786374000000,0.143,0.1434,0.1422,0.1423,115481.3
1786374900000,0.1423,0.1426,0.142,0.1425,79079.4
1786375800000,0.1425,0.1429,0.1425,0.1427,50005.7
1786376700000,0.1427,0.143,0.1426,0.143,108050.2
1786377600000,0.143,0.1432,0.1427,0.1427,27502.1
1786378500000,0.1427,0.1434,0.1423,0.1431,454457.2
1786379400000,0.1431,0.1434,0.1427,0.1434,426494.4
1786380300000,0.1434,0.1434,0.1423,0.1424,39540.4
1786381200000,0.1424,0.1443,0.1423,0.1441,210409.6
1786382100000,0.1441,0.1442,0.1436,0.1439,17807.3
1786383000000,0.1439,0.1444,0.1437,0.1437,134888.6
1786383900000,0.1437,0.1438,0.1433,0.1433,10402.9
1786384800000,0.1433,0.1438,0.1433,0.1437,15853.5
1786385700000,0.1437,0.1445,0.1435,0.1441,1009712.3
1786386600000,0.1441,0.1441,0.1432,0.1438,1211483.5
1786387500000,0.1438,0.1439,0.1435,0.1437,22399.1
1786388400000,0.1437,0.144,0.1436,0.144,4187.3
1786389300000,0.144,0.1443,0.144,0.1442,318631.5
1786390200000,0.1442,0.1447,0.1441,0.1446,53788.5
1786391100000,0.1446,0.1446,0.1436,0.1436,42301.4
1786392000000,0.1436,0.1438,0.1434,0.1435,31974.5
1786392900000,0.1435,0.1436,0.1433,0.1434,14679.1
1786393800000,0.1434,0.1434,0.1432,0.1432,14038.5
1786394700000,0.1432,0.1432,0.1429,0.1431,51456.9
1786395600000,0.1431,0.1433,0.1427,0.1427,164661.1
1786396500000,0.1427,0.1427,0.142,0.1425,784399.9
1786397400000,0.1425,0.143,0.1425,0.143,390520.2
1786398300000,0.143,0.143,0.1423,0.1424,8256.1
1786399200000,0.1424,0.1424,0.1415,0.1424,20762.3
1786400100000,0.1424,0.1424,0.1419,0.1421,21166.8
1786401000000,0.1421,0.1421,0.1417,0.1417,54627.6
1786401900000,0.1417,0.1418,0.1417,0.1417,1798.1
1786402800000,0.1417,0.1417,0.1401,0.1405,1301214.5
1786403700000,0.1405,0.1406,0.1403,0.1404,149263.9
1786404600000,0.1404,0.1409,0.1404,0.1409,43567.2
1786405500000,0.1409,0.141,0.1405,0.1406,49936.3
1786406400000,0.1406,0.1409,0.1405,0.1408,314966
1786407300000,0.1408,0.1418,0.1408,0.1418,558270.2
1786408200000,0.1418,0.1419,0.1414,0.1415,32620.2
1786409100000,0.1415,0.1416,0.1415,0.1416,48704.8
1786410000000,0.1416,0.1421,0.1414,0.1421,52157.4
1786410900000,0.1421,0.1421,0.1417,0.142,39181.2
1786411800000,0.142,0.1422,0.1417,0.1417,47374.3
1786412700000,0.1417,0.1424,0.1417,0.1424,20465.8
1786413600000,0.1424,0.1425,0.1423,0.1424,27258.1
1786414500000,0.1424,0.1424,0.1421,0.1422,18497.8
1786415400000,0.1422,0.1422,0.142,0.142,9836.7
1786416300000,0.142,0.1421,0.1419,0.1419,10202.9
1786417200000,0.1419,0.1421,0.1418,0.1421,33047.1
1786418100000,0.1421,0.1421,0.1418,0.1418,1396.8
1786419000000,0.1418,0.1418,0.1415,0.1416,12483.9
1786419900000,0.1416,0.1416,0.1414,0.1414,12654.6
1786420800000,0.1414,0.1414,0.1412,0.1413,11481.8
1786421700000,0.1413,0.1417,0.1413,0.1415,47555
1786422600000,0.1415,0.1416,0.1414,0.1416,21817.8
1786423500000,0.1416,0.1416,0.1412,0.1414,21976.1
1786424400000,0.1414,0.1415,0.1413,0.1415,30699.2
1786425300000,0.1415,0.1416,0.1408,0.1411,84139.9
1786426200000,0.1411,0.1418,0.1411,0.1418,7131.2
1786427100000,0.1418,0.1418,0.1413,0.1413,12101.3
1786428000000,0.1413,0.1423,0.1413,0.1418,106736.4
1786428900000,0.1418,0.1418,0.1414,0.1417,43324.1
1786429800000,0.1417,0.1417,0.1414,0.1414,30185
1786430700000,0.1414,0.1414,0.1408,0.1409,36265.4
1786431600000,0.1409,0.1412,0.1408,0.1408,14382.3
1786432500000,0.1408,0.1408,0.1402,0.1404,538779.4
1786433400000,0.1404,0.1408,0.1404,0.1406,29842.2
1786434300000,0.1406,0.1407,0.1405,0.1405,40423.6
1786435200000,0.1405,0.1405,0.1403,0.1403,14595.6
1786436100000,0.1403,0.1407,0.1402,0.1406,226697.1
1786437000000,0.1406,0.1407,0.1404,0.1407,65051.6
1786437900000,0.1407,0.1408,0.1406,0.1407,59274.4
1786438800000,0.1407,0.1407,0.1404,0.1405,142713.8
1786439700000,0.1405,0.1415,0.1404,0.1412,53770.7
1786440600000,0.1412,0.1414,0.1409,0.1414,110821
1786441500000,0.1414,0.1416,0.1412,0.1412,275162.4
1786442400000,0.1412,0.1417,0.141,0.141,63663.9
1786443300000,0.141,0.1414,0.1407,0.1414,89220.8
1786444200000,0.1414,0.1415,0.1413,0.1414,59655.3
1786445100000,0.1414,0.1418,0.1414,0.1417,97112.3
1786446000000,0.1417,0.1422,0.1417,0.142,122139.3
1786446900000,0.142,0.142,0.1418,0.1419,8355.5
1786447800000,0.1419,0.1419,0.1418,0.1418,180.7
1786448700000,0.1418,0.1421,0.1418,0.142,7828.3
1786449600000,0.142,0.142,0.1414,0.1414,94901.4
1786450500000,0.1414,0.1416,0.1406,0.1406,151294.6
1786451400000,0.1406,0.1406,0.14,0.1402,195296.5
1786452300000,0.1402,0.1402,0.1393,0.1393,457513.8
1786453200000,0.1393,0.1398,0.1389,0.1391,400375.2
1786454100000,0.1391,0.1399,0.139,0.1399,168698.5
1786455000000,0.1399,0.1401,0.1396,0.1396,112463.5
1786455900000,0.1396,0.1399,0.1391,0.1394,472059.6
1786456800000,0.1394,0.1402,0.1392,0.1399,223186.3
1786457700000,0.1399,0.14,0.1394,0.1396,179345.7
1786458600000,0.1396,0.1397,0.1394,0.1396,11497.3
1786459500000,0.1396,0.1397,0.1383,0.1389,902164.6
1786460400000,0.1389,0.1389,0.1382,0.1382,97729.1
1786461300000,0.1382,0.139,0.1382,0.139,49640.4
1786462200000,0.139,0.1391,0.1372,0.1378,1943202.4
1786463100000,0.1378,0.1384,0.1376,0.1384,217682.5
1786464000000,0.1384,0.1387,0.138,0.1387,211220.8
1786464900000,0.1387,0.1388,0.1384,0.1384,287856
1786465800000,0.1384,0.1388,0.1384,0.1386,48779.8
1786466700000,0.1386,0.1389,0.1386,0.1387,35005.2
1786467600000,0.1387,0.1389,0.1386,0.1389,38039.5
1786468500000,0.1389,0.1397,0.1389,0.1395,129627.5
1786469400000,0.1395,0.1399,0.1395,0.1399,92798.6
1786470300000,0.1399,0.14,0.1397,0.1397,204645.4
1786471200000,0.1397,0.1399,0.1393,0.1393,36302
1786472100000,0.1393,0.1397,0.1393,0.1396,9222.8
1786473000000,0.1396,0.1396,0.139,0.1393,78342.3
1786473900000,0.1393,0.1394,0.1393,0.1393,10121.2
1786474800000,0.1393,0.1393,0.1389,0.1389,14986.6
1786475700000,0.1389,0.1398,0.1389,0.1397,29422.1
1786476600000,0.1397,0.1399,0.1394,0.1399,57233.9
1786477500000,0.1399,0.1401,0.1398,0.1401,77652.8
1786478400000,0.1401,0.1416,0.1401,0.1413,1043428.2
1786479300000,0.1413,0.1416,0.1411,0.1414,38909
1786480200000,0.1414,0.1418,0.1409,0.1409,22114.5
1786481100000,0.1409,0.141,0.1406,0.1408,24152
1786482000000,0.1408,0.141,0.1406,0.1406,93602.2
1786482900000,0.1406,0.1408,0.1406,0.1408,40071.6
1786483800000,0.1408,0.1409,0.1406,0.1406,107440.9
1786484700000,0.1406,0.1407,0.1405,0.1406,98522.1
1786485600000,0.1406,0.1414,0.1406,0.1408,44053.8
1786486500000,0.1408,0.141,0.1408,0.1408,31656.2
1786487400000,0.1408,0.1408,0.1405,0.1406,30726.3
1786488300000,0.1406,0.1408,0.1404,0.1406,26178.2
1786489200000,0.1406,0.1407,0.1403,0.1403,149266.8
1786490100000,0.1403,0.1404,0.1401,0.1404,75350.1
1786491000000,0.1404,0.1406,0.1402,0.1406,2654.8
1786491900000,0.1406,0.1406,0.1402,0.1402,12708.8
1786492800000,0.1402,0.1405,0.1401,0.1405,57601.3
1786493700000,0.1405,0.1406,0.1404,0.1404,12094.3
1786494600000,0.1404,0.1407,0.1402,0.1403,41137.1
1786495500000,0.1403,0.1405,0.14,0.1402,18660.8
1786496400000,0.1402,0.1408,0.1402,0.1408,14482.4
1786497300000,0.1408,0.1408,0.1404,0.1406,23076.1
1786498200000,0.1406,0.1408,0.1404,0.1408,2682.9
1786499100000,0.1408,0.141,0.1407,0.1407,23529.6
1786500000000,0.1407,0.1408,0.1407,0.1408,30455.8
1786500900000,0.1408,0.1411,0.1406,0.141,315220.3
1786501800000,0.141,0.1411,0.1408,0.1408,26644.4
1786502700000,0.1408,0.141,0.1403,0.1403,161927.5
1786503600000,0.1403,0.1408,0.1403,0.1406,146695.3
1786504500000,0.1406,0.1406,0.1405,0.1406,62278
1786505400000,0.1406,0.1408,0.1406,0.1406,6971
1786506300000,0.1406,0.1406,0.1403,0.1403,5462.1
1786507200000,0.1403,0.1406,0.1402,0.1402,26927.9
1786508100000,0.1402,0.1406,0.1401,0.1401,37091.7
1786509000000,0.1401,0.1401,0.1399,0.14,37444.1
1786509900000,0.14,0.1403,0.14,0.1402,4773.1
1786510800000,0.1402,0.1402,0.1398,0.1401,15774.1
1786511700000,0.1401,0.1401,0.14,0.14,7892.6
1786512600000,0.14,0.1401,0.14,0.1401,14871.9
1786513500000,0.1401,0.1401,0.1399,0.1399,10609.5
1786514400000,0.1399,0.1399,0.1389,0.1391,205734.4
1786515300000,0.1391,0.1392,0.1385,0.1385,144293.6
1786516200000,0.1385,0.1387,0.1382,0.1385,248981.3
1786517100000,0.1385,0.1388,0.1385,0.1387,44572.4
1786518000000,0.1387,0.1391,0.1387,0.1387,31323.1
1786518900000,0.1387,0.139,0.1386,0.1386,62930
1786519800000,0.1386,0.1388,0.1381,0.1381,39597.4
1786520700000,0.1381,0.139,0.1381,0.1389,135896.3
1786521600000,0.1389,0.1393,0.1388,0.1389,79338
1786522500000,0.1389,0.1389,0.1389,0.1389,11359.1
1786523400000,0.1389,0.1389,0.1387,0.1389,31990.4
1786524300000,0.1389,0.139,0.1386,0.1386,145752.9
1786525200000,0.1386,0.139,0.1386,0.139,55445.1
1786526100000,0.139,0.1397,0.139,0.1397,72526.6
1786527000000,0.1397,0.1399,0.1394,0.1396,46088.3
1786527900000,0.1396,0.1398,0.1396,0.1397,83134.1
1786528800000,0.1397,0.1401,0.1395,0.1395,25955.8
1786529700000,0.1395,0.1395,0.1389,0.1389,161218.1
1786530600000,0.1389,0.1392,0.1388,0.1391,29102
1786531500000,0.1391,0.1395,0.1391,0.1395,159525.3
1786532400000,0.1395,0.1395,0.1391,0.1392,19018.7
1786533300000,0.1392,0.1395,0.1392,0.1394,6722.6
1786534200000,0.1394,0.1399,0.1394,0.1396,621204.4
1786535100000,0.1396,0.1403,0.1396,0.1399,319516.5
1786536000000,0.1399,0.1402,0.1399,0.1401,85750.3
1786536900000,0.1401,0.1406,0.14,0.1403,270164.4
1786537800000,0.1403,0.1409,0.1392,0.1405,1182952.2
1786538700000,0.1405,0.1407,0.1403,0.1406,244089.6
1786539600000,0.1406,0.1406,0.1402,0.1402,127290.8
1786540500000,0.1402,0.1406,0.1402,0.1406,68012.8
1786541400000,0.1406,0.1409,0.1404,0.1404,174609.3
1786542300000,0.1404,0.1407,0.1402,0.1403,332886.7
1786543200000,0.1403,0.1403,0.1393,0.1396,206595.8
1786544100000,0.1396,0.1396,0.1386,0.1387,82472.8
1786545000000,0.1387,0.1392,0.1379,0.1383,561133.2
1786545900000,0.1383,0.1388,0.1383,0.1385,143888.8
1786546800000,0.1385,0.139,0.1382,0.1388,151233.2
1786547700000,0.1388,0.1391,0.1388,0.139,52384.4
1786548600000,0.139,0.1395,0.139,0.1393,90203.9
1786549500000,0.1393,0.1395,0.139,0.1393,22270.1
1786550400000,0.1393,0.1398,0.1393,0.1398,111118.6
1786551300000,0.1398,0.1402,0.1395,0.1402,243641.2
1786552200000,0.1402,0.1404,0.1395,0.1397,163687.5
1786553100000,0.1397,0.1397,0.1392,0.1397,96940
1786554000000,0.1397,0.14,0.1397,0.14,135579.2
1786554900000,0.14,0.14,0.1396,0.1398,47336.5
1786555800000,0.1398,0.1406,0.1398,0.1401,77699.7
1786556700000,0.1401,0.1405,0.1401,0.1402,15778.9
1786557600000,0.1402,0.1404,0.1402,0.1403,44425.6
1786558500000,0.1403,0.1403,0.1401,0.1402,5101.4
1786559400000,0.1402,0.1403,0.1398,0.1398,19033.1
1786560300000,0.1398,0.1398,0.1396,0.1398,10854.8
1786561200000,0.1398,0.1399,0.1397,0.1397,12892.6
1786562100000,0.1397,0.1397,0.1392,0.1396,220347.3
1786563000000,0.1396,0.1398,0.1396,0.1396,60127.7
1786563900000,0.1396,0.1398,0.1396,0.1398,78129.3
1786564800000,0.1398,0.1405,0.1398,0.1404,104816.9
1786565700000,0.1404,0.1404,0.1401,0.1404,3725.3
1786566600000,0.1404,0.1409,0.1403,0.1405,177346.6
1786567500000,0.1405,0.1405,0.1401,0.1402,15714.7
1786568400000,0.1402,0.1403,0.1397,0.1398,21750.2
1786569300000,0.1398,0.1398,0.138,0.1385,139906.8
1786570200000,0.1385,0.1385,0.1321,0.1353,2147892
1786571100000,0.1353,0.1366,0.1338,0.1348,1239467.1
1786572000000,0.1348,0.1348,0.1325,0.1344,583168.5
1786572900000,0.1344,0.1353,0.1344,0.1351,346735.5
1786573800000,0.1351,0.1352,0.1349,0.1352,116134.2
1786574700000,0.1352,0.1356,0.1348,0.1355,113809.7
1786575600000,0.1355,0.136,0.1354,0.136,231584.8
1786576500000,0.136,0.1362,0.1357,0.1361,470975.4
1786577400000,0.1361,0.1361,0.1355,0.1355,309798.6
1786578300000,0.1355,0.1359,0.1354,0.1359,148076
1786579200000,0.1359,0.1362,0.1356,0.1361,75046.7
1786580100000,0.1361,0.1364,0.1358,0.1361,1579710.3
1786581000000,0.1361,0.1362,0.1357,0.1358,109580.3
1786581900000,0.1358,0.1359,0.1351,0.1351,148498.9
1786582800000,0.1351,0.1351,0.1349,0.1351,26825.4
1786583700000,0.1351,0.1352,0.1348,0.1351,44241.6
1786584600000,0.1351,0.1356,0.1351,0.1353,27587.4
1786585500000,0.1353,0.1354,0.1349,0.1349,46160.8
1786586400000,0.1349,0.1352,0.1348,0.1352,44084.9
1786587300000,0.1352,0.1355,0.1352,0.1354,18066.7
1786588200000,0.1354,0.1354,0.1352,0.1354,13742.5
1786589100000,0.1354,0.136,0.1354,0.136,15023
1786590000000,0.136,0.1362,0.1359,0.1362,43789
1786590900000,0.1362,0.1369,0.1362,0.1369,487048.9
1786591800000,0.1369,0.1377,0.1369,0.1376,129362.8
1786592700000,0.1376,0.138,0.1375,0.1377,440927.1
1786593600000,0.1377,0.1379,0.1376,0.1377,92860.4
1786594500000,0.1377,0.1378,0.1377,0.1378,70309.8
1786595400000,0.1378,0.1385,0.1378,0.1383,355492.5
1786596300000,0.1383,0.1384,0.1381,0.1382,151253.1
1786597200000,0.1382,0.1382,0.1379,0.1379,146096.7
1786598100000,0.1379,0.1386,0.1379,0.1385,140449.8
1786599000000,0.1385,0.1386,0.1383,0.1385,153405.6
1786599900000,0.1385,0.1391,0.1385,0.139,351846.4
1786600800000,0.139,0.1391,0.1385,0.1388,44753.9
1786601700000,0.1388,0.1388,0.1386,0.1387,17384.5
1786602600000,0.1387,0.1389,0.1386,0.1389,70219.4
1786603500000,0.1389,0.1391,0.1388,0.139,65071.7
1786604400000,0.139,0.1394,0.139,0.1393,81548.6
1786605300000,0.1393,0.1393,0.1388,0.1391,34384.3
1786606200000,0.1391,0.1391,0.1386,0.1386,32627.2
1786607100000,0.1386,0.1386,0.1382,0.1382,15196.3
1786608000000,0.1382,0.1384,0.1381,0.1381,32454.5
1786608900000,0.1381,0.1385,0.1381,0.1382,22152.9
1786609800000,0.1382,0.1382,0.138,0.138,41534
1786610700000,0.138,0.138,0.1377,0.138,52051.2
1786611600000,0.138,0.138,0.1378,0.1378,30460.1
1786612500000,0.1378,0.1384,0.1378,0.1382,35062.3
1786613400000,0.1382,0.1386,0.138,0.1386,314357.9
1786614300000,0.1386,0.1395,0.1386,0.1393,160152.7
1786615200000,0.1393,0.1394,0.139,0.139,46296.2
1786616100000,0.139,0.139,0.1385,0.1385,45153.1
1786617000000,0.1385,0.1392,0.1383,0.1391,50527.7
1786617900000,0.1391,0.1391,0.1387,0.139,44626.6
1786618800000,0.139,0.1391,0.1389,0.1391,41694.4
1786619700000,0.1391,0.1394,0.1387,0.1393,51393.2
1786620600000,0.1393,0.1393,0.1387,0.1389,45070
1786621500000,0.1389,0.1389,0.1386,0.1389,22705.3
1786622400000,0.1389,0.1392,0.1388,0.1392,102389.2
1786623300000,0.1392,0.1392,0.1387,0.1388,129333
1786624200000,0.1388,0.1391,0.1384,0.1388,160299
1786625100000,0.1388,0.1388,0.1385,0.1386,37668.8
1786626000000,0.1386,0.1387,0.1384,0.1385,15791.3
1786626900000,0.1385,0.1386,0.1383,0.1385,10814.1
1786627800000,0.1385,0.1391,0.1385,0.1389,187906.2
1786628700000,0.1389,0.139,0.1386,0.1387,23785.2
1786629600000,0.1387,0.1392,0.1386,0.139,56479.2
1786630500000,0.139,0.1391,0.1389,0.139,13204.4
1786631400000,0.139,0.1398,0.139,0.1397,135612.1
1786632300000,0.1397,0.1398,0.1392,0.1392,231655.2
1786633200000,0.1392,0.1398,0.1389,0.1389,22318.6
1786634100000,0.1389,0.139,0.1383,0.1385,99265.2
1786635000000,0.1385,0.1386,0.1382,0.1382,92425.8
1786635900000,0.1382,0.1382,0.1377,0.1377,54940.3
1786636800000,0.1377,0.1378,0.1369,0.1369,164495.7
1786637700000,0.1369,0.1376,0.1369,0.137,45349.4
1786638600000,0.137,0.1372,0.1359,0.1365,717683.2
1786639500000,0.1365,0.137,0.1364,0.1365,130460.5
1786640400000,0.1365,0.1375,0.1365,0.1372,129150.3
1786641300000,0.1372,0.1374,0.137,0.1372,37886.8
1786642200000,0.1372,0.1373,0.137,0.1372,4531.6
1786643100000,0.1372,0.1372,0.1371,0.1371,1433.4
1786644000000,0.1371,0.1372,0.1368,0.1368,36285.9
1786644900000,0.1368,0.1369,0.1366,0.1367,95291.4
1786645800000,0.1367,0.1367,0.1364,0.1365,48029.7
1786646700000,0.1365,0.1367,0.1365,0.1367,31350.4
1786647600000,0.1367,0.1371,0.1365,0.1371,8375.1
1786648500000,0.1371,0.1371,0.1368,0.1368,16509.2
1786649400000,0.1368,0.1369,0.1367,0.1367,33669.6
1786650300000,0.1367,0.1369,0.1367,0.1368,4478.6
1786651200000,0.1368,0.1368,0.1366,0.1366,21223.3
1786652100000,0.1366,0.1369,0.1366,0.1366,43667.8
1786653000000,0.1366,0.1366,0.1363,0.1364,62296.5
1786653900000,0.1364,0.1365,0.1363,0.1363,20468.5
1786654800000,0.1363,0.1366,0.1362,0.1366,28696.7
1786655700000,0.1366,0.137,0.1366,0.137,18227.2
1786656600000,0.137,0.1371,0.1366,0.1366,70270.6
1786657500000,0.1366,0.1369,0.1366,0.1369,2116.5
1786658400000,0.1369,0.1372,0.1369,0.1371,154898.2
1786659300000,0.1371,0.1373,0.137,0.1372,93443.1
1786660200000,0.1372,0.1373,0.1372,0.1372,10947.5
1786661100000,0.1372,0.1372,0.1371,0.1371,1574.7
1786662000000,0.1371,0.1372,0.1371,0.1372,4083
1786662900000,0.1372,0.1372,0.1368,0.1371,66512.3
1786663800000,0.1371,0.1373,0.1371,0.1371,37516.7
1786664700000,0.1371,0.1372,0.1367,0.1369,404616.8
1786665600000,0.1369,0.137,0.1368,0.1368,116920.1
1786666500000,0.1368,0.1372,0.1367,0.1368,269815.7
1786667400000,0.1368,0.1368,0.1367,0.1367,14016.7
1786668300000,0.1367,0.1372,0.1367,0.1372,20411.9
1786669200000,0.1372,0.1372,0.137,0.1371,33634.5
1786670100000,0.1371,0.1375,0.137,0.1373,17466.2
1786671000000,0.1373,0.1375,0.137,0.1374,61309.8
1786671900000,0.1374,0.1375,0.1373,0.1373,3650.7
1786672800000,0.1373,0.1375,0.1373,0.1373,16491.9
1786673700000,0.1373,0.1375,0.1372,0.1372,11634.2
1786674600000,0.1372,0.1372,0.1369,0.137,5790.9
1786675500000,0.137,0.1372,0.137,0.137,17210.5
1786676400000,0.137,0.137,0.1366,0.1368,36860.7
1786677300000,0.1368,0.1373,0.1368,0.1373,48970.3
1786678200000,0.1373,0.1373,0.1364,0.1366,45949.1
1786679100000,0.1366,0.1366,0.1364,0.1365,15663.3
1786680000000,0.1365,0.1373,0.1365,0.1373,130117.8
1786680900000,0.1373,0.1374,0.1371,0.1371,80762.7
1786681800000,0.1371,0.1372,0.1371,0.1371,10423.1
1786682700000,0.1371,0.1371,0.1368,0.1368,18280.6
1786683600000,0.1368,0.1369,0.1367,0.1367,20107.1
1786684500000,0.1367,0.1367,0.1364,0.1365,41600.7
1786685400000,0.1365,0.1367,0.1365,0.1367,11550.8
1786686300000,0.1367,0.1369,0.1367,0.1368,2486.3
1786687200000,0.1368,0.1368,0.1365,0.1366,6258.5
1786688100000,0.1366,0.1366,0.1363,0.1363,5419.7
1786689000000,0.1363,0.1365,0.1363,0.1365,12573.2
1786689900000,0.1365,0.1365,0.1357,0.136,717444.6
1786690800000,0.136,0.1362,0.1358,0.1359,27072.3
1786691700000,0.1359,0.136,0.1357,0.1358,42682.2
1786692600000,0.1358,0.1358,0.1354,0.1356,823337.1
1786693500000,0.1356,0.1356,0.1349,0.1354,354248.9
1786694400000,0.1354,0.1356,0.1352,0.1356,192454.7
1786695300000,0.1356,0.136,0.1354,0.136,248357.2
1786696200000,0.136,0.1364,0.1359,0.1359,77427.1
1786697100000,0.1359,0.1361,0.1358,0.136,106535.7
1786698000000,0.136,0.136,0.1358,0.1359,203636.4
1786698900000,0.1359,0.1359,0.1356,0.1356,40455.4
1786699800000,0.1356,0.1356,0.1348,0.1348,98876.7
1786700700000,0.1348,0.1349,0.1344,0.1344,76747.1
1786701600000,0.1344,0.1353,0.1343,0.1353,225452.2
1786702500000,0.1353,0.1353,0.1347,0.1349,40450.4
1786703400000,0.1349,0.1349,0.1347,0.1349,50405.6
1786704300000,0.1349,0.135,0.1347,0.1347,18262.6
1786705200000,0.1347,0.1349,0.1345,0.1346,30590.6
1786706100000,0.1346,0.1348,0.1345,0.1346,38996.5
1786707000000,0.1346,0.1348,0.1346,0.1348,28250.7
1786707900000,0.1348,0.1348,0.1345,0.1345,30421
1786708800000,0.1345,0.1348,0.1343,0.1343,186356.5
1786709700000,0.1343,0.1345,0.1341,0.1344,105341.2
1786710600000,0.1344,0.1352,0.1344,0.1346,92964.5
1786711500000,0.1346,0.1352,0.1346,0.1352,97347.1
1786712400000,0.1352,0.1356,0.1351,0.1355,109249.5
1786713300000,0.1355,0.1358,0.1354,0.1358,120486.1
1786714200000,0.1358,0.136,0.1355,0.136,154735.7
1786715100000,0.136,0.136,0.1357,0.1359,477191.5
1786716000000,0.1359,0.1359,0.1354,0.1354,123981.8
1786716900000,0.1354,0.1357,0.1354,0.1357,41023.4
1786717800000,0.1357,0.1361,0.1357,0.1358,192436.1
1786718700000,0.1358,0.1359,0.1354,0.1354,57443.7
1786719600000,0.1354,0.1357,0.1353,0.1356,120015.8
1786720500000,0.1356,0.1363,0.1354,0.1363,391599.9
1786721400000,0.1363,0.1369,0.136,0.1368,374485.6
1786722300000,0.1368,0.1369,0.1364,0.1367,472625.1
1786723200000,0.1367,0.1372,0.1367,0.1371,267390.8
1786724100000,0.1371,0.1374,0.1369,0.137,204347.2
1786725000000,0.137,0.1374,0.137,0.1371,162407.9
1786725900000,0.1371,0.1371,0.1367,0.1368,86226.4
1786726800000,0.1368,0.1369,0.1361,0.1364,134891.9
1786727700000,0.1364,0.1374,0.1364,0.1374,78347.7
1786728600000,0.1374,0.1378,0.1374,0.1374,235888.6
1786729500000,0.1374,0.1375,0.1369,0.1371,25506.7
1786730400000,0.1371,0.1374,0.1364,0.1365,78318.8
1786731300000,0.1365,0.137,0.1365,0.137,72522.5
1786732200000,0.137,0.137,0.1365,0.1365,21396
1786733100000,0.1365,0.1367,0.1361,0.1362,53984.1
1786734000000,0.1362,0.1363,0.1359,0.136,26235.9
1786734900000,0.136,0.1363,0.136,0.1363,36237.6
1786735800000,0.1363,0.1365,0.1362,0.1365,32818.3
1786736700000,0.1365,0.137,0.1365,0.1365,143105.5
1786737600000,0.1365,0.137,0.1365,0.1366,28195.9
1786738500000,0.1366,0.1368,0.1366,0.1367,14572.1
1786739400000,0.1367,0.137,0.1366,0.1367,8395.6
1786740300000,0.1367,0.1369,0.1366,0.1368,44199.4
1786741200000,0.1368,0.1368,0.1366,0.1366,15305.9
1786742100000,0.1366,0.1366,0.1363,0.1363,6872.9
1786743000000,0.1363,0.1365,0.136,0.136,12841.2
1786743900000,0.136,0.1363,0.136,0.1361,20072
1786744800000,0.1361,0.1368,0.1361,0.1365,42074.3
1786745700000,0.1365,0.1365,0.1362,0.1362,11763.7
1786746600000,0.1362,0.1365,0.1362,0.1365,17391.8
1786747500000,0.1365,0.1368,0.1365,0.1368,25397.2
1786748400000,0.1368,0.1373,0.1368,0.1373,7121.2
1786749300000,0.1373,0.1379,0.1373,0.1379,54574.3
1786750200000,0.1379,0.1384,0.1377,0.1384,964233.8
1786751100000,0.1384,0.1385,0.1381,0.1384,78854.8
1786752000000,0.1384,0.139,0.1383,0.1386,174254.4
1786752900000,0.1386,0.1392,0.1386,0.1389,374645.1
1786753800000,0.1389,0.139,0.1382,0.1384,170996.4
1786754700000,0.1384,0.1387,0.1384,0.1385,154485.6
1786755600000,0.1385,0.1386,0.1381,0.1386,38304.4
1786756500000,0.1386,0.1386,0.1383,0.1385,13134.5
1786757400000,0.1385,0.1386,0.1384,0.1386,54188.8
1786758300000,0.1386,0.1386,0.1379,0.138,101341.7
1786759200000,0.138,0.1385,0.138,0.1383,8787.3
1786760100000,0.1383,0.1388,0.1383,0.1385,30465.2
1786761000000,0.1385,0.1393,0.1385,0.1392,43593.3
1786761900000,0.1392,0.1395,0.1391,0.1394,28040.5
1786762800000,0.1394,0.1396,0.1391,0.1391,24824.8
1786763700000,0.1391,0.1392,0.139,0.1391,72209.3
1786764600000,0.1391,0.1391,0.1386,0.139,139354.4
1786765500000,0.139,0.139,0.1388,0.1388,295365.6
1786766400000,0.1388,0.1388,0.1382,0.1387,22739.1
1786767300000,0.1387,0.139,0.1387,0.1389,5125.9
1786768200000,0.1389,0.1389,0.1388,0.1388,12756.1
1786769100000,0.1388,0.1388,0.1387,0.1387,4455.4
1786770000000,0.1387,0.139,0.1387,0.1389,40513.6
1786770900000,0.1389,0.1389,0.1388,0.1388,20285.8
1786771800000,0.1388,0.1388,0.1383,0.1385,67195.3
1786772700000,0.1385,0.1386,0.1383,0.1383,92370
1786773600000,0.1383,0.1386,0.1383,0.1383,45229.8
1786774500000,0.1383,0.1386,0.1383,0.1384,24730.6
1786775400000,0.1384,0.1386,0.1384,0.1385,8875.6
1786776300000,0.1385,0.1387,0.1385,0.1387,75127.9
1786777200000,0.1387,0.1387,0.1383,0.1385,51590.9
1786778100000,0.1385,0.1385,0.1382,0.1385,101127.9
1786779000000,0.1385,0.1385,0.1384,0.1385,22143.4
1786779900000,0.1385,0.1386,0.1383,0.1383,40315.4
1786780800000,0.1383,0.1385,0.1381,0.1382,24977.2
1786781700000,0.1382,0.1385,0.1381,0.1384,17007.7
1786782600000,0.1384,0.1384,0.1382,0.1383,26022.2
1786783500000,0.1383,0.1385,0.1383,0.1383,2332.9
1786784400000,0.1383,0.1385,0.1383,0.1384,29391
1786785300000,0.1384,0.1387,0.1384,0.1386,17853.7
1786786200000,0.1386,0.1386,0.1384,0.1384,25771
1786787100000,0.1384,0.1384,0.1382,0.1382,28283.2
1786788000000,0.1382,0.1384,0.1382,0.1383,11002.3
1786788900000,0.1383,0.1385,0.1383,0.1384,6787.3
1786789800000,0.1384,0.1385,0.1383,0.1383,11381.8
1786790700000,0.1383,0.1383,0.1379,0.138,60680.9
1786791600000,0.138,0.138,0.1378,0.1379,31248.5
1786792500000,0.1379,0.1379,0.1378,0.1378,9510.8
1786793400000,0.1378,0.1378,0.1374,0.1375,22783.5
1786794300000,0.1375,0.1375,0.1373,0.1373,5955.4
1786795200000,0.1373,0.1374,0.1372,0.1374,5258.7
1786796100000,0.1374,0.1374,0.1371,0.1371,5773.3
1786797000000,0.1371,0.1373,0.137,0.1371,81033.3
1786797900000,0.1371,0.1372,0.1371,0.1372,11052.7
1786798800000,0.1372,0.1372,0.1368,0.137,120665
1786799700000,0.137,0.1372,0.1369,0.137,25084
1786800600000,0.137,0.137,0.1367,0.1367,44636.9
1786801500000,0.1367,0.1372,0.1367,0.1372,64896.1
1786802400000,0.1372,0.1374,0.1372,0.1374,147034.1
1786803300000,0.1374,0.1375,0.1371,0.1372,72284.9
1786804200000,0.1372,0.1372,0.1369,0.1372,110154.3
1786805100000,0.1372,0.1376,0.1372,0.1376,46588.7
1786806000000,0.1376,0.1377,0.1375,0.1376,60816.3
1786806900000,0.1376,0.1377,0.1374,0.1374,67692.7
1786807800000,0.1374,0.1378,0.1374,0.1378,25872.6
1786808700000,0.1378,0.1379,0.1375,0.1376,70560.7
1786809600000,0.1376,0.1376,0.1372,0.1372,53707.5
1786810500000,0.1372,0.1376,0.1372,0.1372,39155.7
1786811400000,0.1372,0.1372,0.137,0.1371,38188.1
1786812300000,0.1371,0.1374,0.1371,0.1373,23949.4
1786813200000,0.1373,0.1381,0.1373,0.1379,70727.8
1786814100000,0.1379,0.138,0.1375,0.1375,99706.6
1786815000000,0.1375,0.1376,0.1374,0.1375,22835.1
1786815900000,0.1375,0.1376,0.1373,0.1373,65220.2
1786816800000,0.1373,0.1373,0.137,0.137,62146.6
1786817700000,0.137,0.1371,0.1368,0.137,180309.4
1786818600000,0.137,0.1373,0.137,0.1373,28022.3
1786819500000,0.1373,0.1373,0.1371,0.1373,27509.8
1786820400000,0.1373,0.1373,0.1372,0.1372,3246.6
1786821300000,0.1372,0.1373,0.1371,0.1371,1871.9
1786822200000,0.1371,0.1373,0.137,0.1373,22412.1
1786823100000,0.1373,0.1375,0.1373,0.1374,2123.5
1786824000000,0.1374,0.1374,0.1373,0.1373,33813.3
1786824900000,0.1373,0.1373,0.137,0.137,43243.8
1786825800000,0.137,0.1371,0.137,0.137,12975.2
1786826700000,0.137,0.1372,0.1369,0.137,61922
1786827600000,0.137,0.137,0.1368,0.137,178689.2
1786828500000,0.137,0.1371,0.137,0.1371,8536.5
1786829400000,0.1371,0.1373,0.1368,0.1371,100209.9
1786830300000,0.1371,0.1373,0.1369,0.1369,10756.7
1786831200000,0.1369,0.1369,0.1367,0.1369,12126.4
1786832100000,0.1369,0.1371,0.1368,0.1369,72157.2
1786833000000,0.1369,0.1371,0.1368,0.137,9738.5
1786833900000,0.137,0.137,0.1368,0.1368,129356.7
1786834800000,0.1368,0.1368,0.1355,0.1362,355674.9
1786835700000,0.1362,0.1362,0.1359,0.136,33869.2
1786836600000,0.136,0.136,0.1358,0.1359,91370.1
1786837500000,0.1359,0.1361,0.1358,0.1361,7047.7
1786838400000,0.1361,0.1361,0.1358,0.1361,42577.2
1786839300000,0.1361,0.1362,0.1361,0.1362,697.4
1786840200000,0.1362,0.1362,0.1362,0.1362,1953
1786841100000,0.1362,0.1365,0.1361,0.1361,26706.3
1786842000000,0.1361,0.1361,0.1361,0.1361,1592.2
1786842900000,0.1361,0.1363,0.1357,0.1357,113859.2
1786843800000,0.1357,0.136,0.1355,0.136,36468.8
1786844700000,0.136,0.136,0.1357,0.1358,12511
1786845600000,0.1358,0.1359,0.1356,0.1357,47517.1
1786846500000,0.1357,0.1362,0.1356,0.1361,445616.2
1786847400000,0.1361,0.1363,0.1361,0.1362,52538.5
1786848300000,0.1362,0.1363,0.136,0.1363,330739.8
1786849200000,0.1363,0.1365,0.1363,0.1365,13421.9
1786850100000,0.1365,0.1365,0.1364,0.1364,3740
1786851000000,0.1364,0.1364,0.1363,0.1363,14813.6
1786851900000,0.1363,0.1363,0.1362,0.1363,2453.7
1786852800000,0.1363,0.1363,0.1359,0.1359,2852.4
1786853700000,0.1359,0.1363,0.1359,0.1362,50345.8
1786854600000,0.1362,0.1365,0.1361,0.1365,735001.7
1786855500000,0.1365,0.1366,0.1365,0.1365,65262.6
1786856400000,0.1365,0.1367,0.1365,0.1366,34029.8
1786857300000,0.1366,0.1366,0.1363,0.1363,11972.7
1786858200000,0.1363,0.1364,0.1363,0.1364,12364.6
1786859100000,0.1364,0.1364,0.1361,0.1362,103726.1
1786860000000,0.1362,0.1363,0.1362,0.1363,2279.1
1786860900000,0.1363,0.1363,0.136,0.1362,215523.1
1786861800000,0.1362,0.1364,0.1362,0.1364,5467.1
1786862700000,0.1364,0.1366,0.1364,0.1366,24624.5
1786863600000,0.1366,0.1367,0.1363,0.1366,14040.1
1786864500000,0.1366,0.1368,0.1366,0.1368,28558.1
1786865400000,0.1368,0.137,0.1368,0.1369,55990.5
1786866300000,0.1369,0.1372,0.1369,0.1372,12192.9
1786867200000,0.1372,0.1374,0.1371,0.1372,72314.8
1786868100000,0.1372,0.1375,0.1372,0.1374,89297
1786869000000,0.1374,0.1374,0.1371,0.1372,75984.6
1786869900000,0.1372,0.1373,0.1369,0.1369,29550.9
1786870800000,0.1369,0.137,0.1369,0.137,52895.1
1786871700000,0.137,0.1371,0.1369,0.1371,51755.4
1786872600000,0.1371,0.1371,0.1367,0.1368,8879.7
1786873500000,0.1368,0.1371,0.1367,0.1371,8832.7
1786874400000,0.1371,0.1371,0.1368,0.1368,10289.2
1786875300000,0.1368,0.1369,0.1367,0.1367,82911
1786876200000,0.1367,0.1369,0.1367,0.1369,2908.5
1786877100000,0.1369,0.1369,0.1369,0.1369,0
1786878000000,0.1369,0.1372,0.1368,0.1372,62630.1
1786878900000,0.1372,0.1372,0.1372,0.1372,4676.5
1786879800000,0.1372,0.1374,0.1371,0.1374,42424.1
1786880700000,0.1374,0.1374,0.1372,0.1372,1443.5
1786881600000,0.1372,0.1372,0.1372,0.1372,8037
1786882500000,0.1372,0.1373,0.1368,0.1373,881319.3
1786883400000,0.1373,0.1375,0.1372,0.1373,258399.5
1786884300000,0.1373,0.1373,0.1372,0.1372,14653.3
1786885200000,0.1372,0.138,0.1372,0.1377,190288.3
1786886100000,0.1377,0.1377,0.1375,0.1375,6670
1786887000000,0.1375,0.1376,0.1373,0.1373,48528
1786887900000,0.1373,0.1375,0.1373,0.1375,59555.7
1786888800000,0.1375,0.1377,0.1375,0.1376,138433
1786889700000,0.1376,0.1378,0.1376,0.1378,13269.5
1786890600000,0.1378,0.1382,0.1378,0.1381,257329.9
1786891500000,0.1381,0.1381,0.1379,0.138,17350.1
1786892400000,0.138,0.1381,0.1378,0.138,65525.3
1786893300000,0.138,0.138,0.1379,0.1379,24221.4
1786894200000,0.1379,0.1384,0.1379,0.1379,65154.5
1786895100000,0.1379,0.1382,0.1379,0.1382,4259.4
1786896000000,0.1382,0.1382,0.1379,0.1382,65389.2
1786896900000,0.1382,0.1385,0.1382,0.1384,38011.5
1786897800000,0.1384,0.1385,0.1378,0.138,69242.5
1786898700000,0.138,0.138,0.1376,0.1379,10057.2
1786899600000,0.1379,0.1383,0.1379,0.1381,56478.3
1786900500000,0.1381,0.1382,0.1379,0.1379,119719.3
1786901400000,0.1379,0.1379,0.1375,0.1376,35860.1
1786902300000,0.1376,0.1378,0.1376,0.1376,6328.5
1786903200000,0.1376,0.1376,0.1373,0.1375,56481.7
1786904100000,0.1375,0.1376,0.1375,0.1375,3617.3
1786905000000,0.1375,0.1376,0.1374,0.1375,12568.3
1786905900000,0.1375,0.1375,0.1374,0.1374,15326.1
1786906800000,0.1374,0.1376,0.1373,0.1375,16625.1
1786907700000,0.1375,0.1379,0.1374,0.1377,96251.9
1786908600000,0.1377,0.1379,0.1375,0.1375,8898.7
1786909500000,0.1375,0.1375,0.1373,0.1373,17613.5
1786910400000,0.1373,0.1374,0.1371,0.1372,37445.6
1786911300000,0.1372,0.1374,0.1372,0.1372,6642.8
1786912200000,0.1372,0.1373,0.137,0.1371,35488.9
1786913100000,0.1371,0.1371,0.1362,0.1366,1124711.3
1786914000000,0.1366,0.1366,0.1362,0.1364,360859.3
1786914900000,0.1364,0.1367,0.1363,0.1364,32412.7
1786915800000,0.1364,0.1364,0.1343,0.1353,520896.4
1786916700000,0.1353,0.136,0.1349,0.135,409134.5
1786917600000,0.135,0.1357,0.1346,0.1355,58322.8
1786918500000,0.1355,0.1358,0.1353,0.1353,121222.1
1786919400000,0.1353,0.1355,0.1352,0.1353,100503.7
1786920300000,0.1353,0.1355,0.1352,0.1353,109025.8
1786921200000,0.1353,0.1357,0.1353,0.1355,71603
1786922100000,0.1355,0.1357,0.1354,0.1356,73551.5
1786923000000,0.1356,0.1358,0.1356,0.1356,9837.5
1786923900000,0.1356,0.1359,0.1356,0.1358,33355.1
1786924800000,0.1358,0.136,0.1356,0.1356,36537.3
1786925700000,0.1356,0.1358,0.1352,0.1358,41835.4
1786926600000,0.1358,0.1358,0.1354,0.1356,49184.6
1786927500000,0.1356,0.1359,0.1355,0.1359,9391.8
1786928400000,0.1359,0.1375,0.1358,0.137,665228.3
1786929300000,0.137,0.1375,0.1369,0.1374,45397.9
1786930200000,0.1374,0.138,0.1373,0.1378,166458.2
1786931100000,0.1378,0.1378,0.1372,0.1373,28941.8
1786932000000,0.1373,0.1374,0.1371,0.1371,10107.9
1786932900000,0.1371,0.1374,0.137,0.1374,110398.2
1786933800000,0.1374,0.138,0.1373,0.138,126086.4
1786934700000,0.138,0.1383,0.1379,0.1381,53765
1786935600000,0.1381,0.1382,0.1377,0.1377,132414.1
1786936500000,0.1377,0.1378,0.1375,0.1375,27707.7
1786937400000,0.1375,0.1376,0.1374,0.1376,16406.3
1786938300000,0.1376,0.1378,0.1375,0.1377,1408.6
1786939200000,0.1377,0.1377,0.1376,0.1377,34206.8
1786940100000,0.1377,0.1379,0.1376,0.1377,9958.8
1786941000000,0.1377,0.1377,0.1376,0.1376,19989.7
1786941900000,0.1376,0.1377,0.1375,0.1376,26821.4
1786942800000,0.1376,0.1376,0.1373,0.1374,8973.3
1786943700000,0.1374,0.1376,0.1371,0.1371,39716.6
1786944600000,0.1371,0.1371,0.1369,0.137,25088.3
1786945500000,0.137,0.137,0.1368,0.1368,24596.4
1786946400000,0.1368,0.137,0.1368,0.1368,24819.7
1786947300000,0.1368,0.1369,0.1367,0.1367,9331.7
1786948200000,0.1367,0.1371,0.1367,0.1371,35050
1786949100000,0.1371,0.1375,0.1371,0.1374,48091.3
1786950000000,0.1374,0.1375,0.1372,0.1372,60744.8
1786950900000,0.1372,0.1373,0.1371,0.1373,36077.6
1786951800000,0.1373,0.1373,0.1372,0.1372,20231.6
1786952700000,0.1372,0.1373,0.1371,0.1373,21427.3
1786953600000,0.1373,0.1373,0.1369,0.137,32148.4
1786954500000,0.137,0.137,0.1365,0.1367,36921.2
1786955400000,0.1367,0.1369,0.1367,0.1368,26939.1
1786956300000,0.1368,0.1368,0.1366,0.1366,48542.2
1786957200000,0.1366,0.137,0.1366,0.1369,50692.3
1786958100000,0.1369,0.137,0.1366,0.1367,15863.6
1786959000000,0.1367,0.1368,0.1367,0.1368,3547
1786959900000,0.1368,0.1368,0.1366,0.1366,6383.5
1786960800000,0.1366,0.1367,0.1364,0.1364,9349.1
1786961700000,0.1364,0.1365,0.1363,0.1365,48640.5
1786962600000,0.1365,0.1372,0.1365,0.137,103769.1
1786963500000,0.137,0.1372,0.1369,0.1371,64870.8
1786964400000,0.1371,0.1371,0.1369,0.1369,3600.3
1786965300000,0.1369,0.1369,0.1367,0.1369,14942.5
1786966200000,0.1369,0.1371,0.1369,0.1369,55750.9
1786967100000,0.1369,0.1371,0.1366,0.1366,17953.8
1786968000000,0.1366,0.1367,0.1363,0.1364,13856.6
1786968900000,0.1364,0.1366,0.1363,0.1366,44521.5
1786969800000,0.1366,0.1368,0.1364,0.1365,26992.6
1786970700000,0.1365,0.1369,0.1363,0.1365,565651
1786971600000,0.1365,0.1367,0.1363,0.1367,13620.4
1786972500000,0.1367,0.1367,0.1365,0.1366,4002
1786973400000,0.1366,0.1372,0.1366,0.1372,122393.9
1786974300000,0.1372,0.1372,0.1369,0.1369,52168.5
1786975200000,0.1369,0.1369,0.1367,0.1367,26687.6
1786976100000,0.1367,0.1369,0.1364,0.1366,56653
1786977000000,0.1366,0.1366,0.1364,0.1366,42497.4
1786977900000,0.1366,0.1374,0.1366,0.1374,83981.4
1786978800000,0.1374,0.1375,0.137,0.1373,341089.2
1786979700000,0.1373,0.1382,0.1373,0.1381,243412
1786980600000,0.1381,0.1384,0.138,0.1383,34882.5
1786981500000,0.1383,0.1386,0.1382,0.1383,369001.6
1786982400000,0.1383,0.1385,0.1377,0.1377,65207.9
1786983300000,0.1377,0.1377,0.1373,0.1373,224175.4
1786984200000,0.1373,0.1376,0.1373,0.1374,52061.2
1786985100000,0.1374,0.1379,0.1374,0.1375,204458.9
1786986000000,0.1375,0.1386,0.1374,0.1385,229594
1786986900000,0.1385,0.1389,0.1384,0.1387,832078.5
1786987800000,0.1387,0.1388,0.1382,0.1384,103108.7
1786988700000,0.1384,0.1387,0.1384,0.1384,11576.5
1786989600000,0.1384,0.1386,0.1383,0.1386,39750.5
1786990500000,0.1386,0.1387,0.1383,0.1383,107715.9
1786991400000,0.1383,0.1383,0.1379,0.1382,66813.1
1786992300000,0.1382,0.1382,0.1379,0.1379,40148.2
1786993200000,0.1379,0.1379,0.1376,0.1376,95242.6
1786994100000,0.1376,0.1381,0.1374,0.138,326161.4
1786995000000,0.138,0.1381,0.1378,0.1381,20414.4
1786995900000,0.1381,0.1381,0.1378,0.1379,51070.1
1786996800000,0.1379,0.138,0.1378,0.1378,132883.9
1786997700000,0.1378,0.138,0.1376,0.138,193940
1786998600000,0.138,0.1381,0.1378,0.1381,15529.7
1786999500000,0.1381,0.1383,0.1381,0.1381,31811.3
1787000400000,0.1381,0.1382,0.1381,0.1381,19036.5
1787001300000,0.1381,0.1382,0.1381,0.1382,1345.3
1787002200000,0.1382,0.1391,0.1382,0.139,450062.5
1787003100000,0.139,0.1391,0.1385,0.1385,88137.3
1787004000000,0.1385,0.1385,0.1379,0.1379,65958.1
1787004900000,0.1379,0.1379,0.1376,0.1376,182410.9
1787005800000,0.1376,0.1377,0.1372,0.1373,295470.6
1787006700000,0.1373,0.1374,0.1369,0.1369,271888.7
1787007600000,0.1369,0.1371,0.1367,0.1371,66340.7
1787008500000,0.1371,0.1373,0.1371,0.1373,58191.2
1787009400000,0.1373,0.1375,0.1373,0.1373,106923.1
1787010300000,0.1373,0.1377,0.1373,0.1376,53760.6
1787011200000,0.1376,0.1376,0.1375,0.1375,15153.1
1787012100000,0.1375,0.1379,0.1375,0.1377,104203.6
1787013000000,0.1377,0.1378,0.1376,0.1376,63628
1787013900000,0.1376,0.138,0.1376,0.138,111117.8
1787014800000,0.138,0.138,0.1375,0.1376,180954.9
1787015700000,0.1376,0.1377,0.1374,0.1374,27391.4
1787016600000,0.1374,0.1374,0.1372,0.1373,16509.3
1787017500000,0.1373,0.1373,0.1367,0.137,267489
1787018400000,0.137,0.137,0.1364,0.1364,359247.2
1787019300000,0.1364,0.1366,0.136,0.1361,258696.4
1787020200000,0.1361,0.1366,0.1359,0.1361,352480.3
1787021100000,0.1361,0.1362,0.1348,0.1351,950773.1
1787022000000,0.1351,0.1351,0.1346,0.1346,239499.5
1787022900000,0.1346,0.135,0.1346,0.135,148374.5
1787023800000,0.135,0.1352,0.1347,0.1352,127832.7
1787024700000,0.1352,0.1352,0.1348,0.1348,27459.5
1787025600000,0.1348,0.1349,0.1342,0.1348,329540.7
1787026500000,0.1348,0.1348,0.1346,0.1347,38250.7
1787027400000,0.1347,0.1354,0.1347,0.1352,122544.7
1787028300000,0.1352,0.1356,0.1352,0.1356,56200.9
1787029200000,0.1356,0.136,0.1355,0.136,52888.5
1787030100000,0.136,0.136,0.1357,0.1357,28747
1787031000000,0.1357,0.1357,0.1353,0.1357,158885.1
1787031900000,0.1357,0.1357,0.1356,0.1356,1773.5
1787032800000,0.1356,0.1361,0.1355,0.1361,140125.6
1787033700000,0.1361,0.1367,0.1361,0.1366,874284.1
1787034600000,0.1366,0.1369,0.1365,0.1367,208496.5
1787035500000,0.1367,0.1367,0.1362,0.1362,85856.8
1787036400000,0.1362,0.1366,0.1362,0.1365,227982.1
1787037300000,0.1365,0.1365,0.1362,0.1362,22608.9
1787038200000,0.1362,0.1365,0.1362,0.1365,12942
1787039100000,0.1365,0.1365,0.136,0.1364,58911.8
1787040000000,0.1364,0.1364,0.1361,0.1363,509254.1
1787040900000,0.1363,0.1365,0.1362,0.1363,33829.1
1787041800000,0.1363,0.1367,0.1363,0.1366,83825.5
1787042700000,0.1366,0.1369,0.1364,0.1369,132357.5
1787043600000,0.1369,0.1369,0.1364,0.1368,54084.3
1787044500000,0.1368,0.1368,0.1361,0.1361,103850.2
1787045400000,0.1361,0.1363,0.1361,0.1362,99375.5
1787046300000,0.1362,0.1362,0.1361,0.1361,36243.9
1787047200000,0.1361,0.1363,0.1361,0.1362,52008.6
1787048100000,0.1362,0.1363,0.1361,0.1361,61749.2
1787049000000,0.1361,0.1365,0.1361,0.1365,64470.7
1787049900000,0.1365,0.1365,0.1363,0.1363,5116.1
1787050800000,0.1363,0.1366,0.1363,0.1366,30988
1787051700000,0.1366,0.137,0.1366,0.1368,45165.9
1787052600000,0.1368,0.1368,0.1366,0.1366,17799.3
1787053500000,0.1366,0.1366,0.1364,0.1364,33658.6
1787054400000,0.1364,0.1364,0.1363,0.1363,13923.1
1787055300000,0.1363,0.1364,0.1362,0.1362,32372
1787056200000,0.1362,0.1363,0.1361,0.1361,19737.4
1787057100000,0.1361,0.1361,0.1359,0.1359,27402.4
1787058000000,0.1359,0.136,0.1357,0.136,52553.2
1787058900000,0.136,0.136,0.1358,0.1358,10049.8
1787059800000,0.1358,0.1361,0.1357,0.1359,112352.6
1787060700000,0.1359,0.136,0.1356,0.1356,69030.3
1787061600000,0.1356,0.1361,0.1356,0.1358,24831.3
1787062500000,0.1358,0.1374,0.1358,0.1373,443103.1
1787063400000,0.1373,0.1376,0.1365,0.1366,193996.5
1787064300000,0.1366,0.1366,0.1362,0.1362,83810.6
1787065200000,0.1362,0.1365,0.1361,0.1364,274111.7
1787066100000,0.1364,0.1368,0.1364,0.1368,10685.3
1787067000000,0.1368,0.1369,0.1366,0.1366,84234.6
1787067900000,0.1366,0.1372,0.1366,0.137,286623.6
1787068800000,0.137,0.1373,0.1369,0.137,18031.1
1787069700000,0.137,0.137,0.1367,0.1368,95307.5
1787070600000,0.1368,0.1372,0.1368,0.1369,68129.8
1787071500000,0.1369,0.1369,0.1364,0.1364,23289.2
1787072400000,0.1364,0.1373,0.1363,0.1372,121808.5
1787073300000,0.1372,0.1374,0.1368,0.1368,133538.1
1787074200000,0.1368,0.1372,0.1368,0.137,138172.8
1787075100000,0.137,0.1372,0.137,0.1372,16386.8
1787076000000,0.1372,0.1372,0.1369,0.137,13167.5
1787076900000,0.137,0.137,0.1368,0.137,11070.5
1787077800000,0.137,0.1371,0.137,0.1371,5234.9
1787078700000,0.1371,0.1371,0.137,0.1371,5444
1787079600000,0.1371,0.1371,0.1369,0.1369,12664.2
1787080500000,0.1369,0.1371,0.1369,0.1371,11877.7
1787081400000,0.1371,0.1371,0.1368,0.1368,6314.6
1787082300000,0.1368,0.1369,0.1367,0.1367,11989.9
1787083200000,0.1367,0.1369,0.1366,0.1369,28036.9
1787084100000,0.1369,0.1369,0.1364,0.1366,33346.9
1787085000000,0.1366,0.1368,0.1365,0.1365,30925.9
1787085900000,0.1365,0.1365,0.1356,0.1357,192594.8
1787086800000,0.1357,0.1359,0.1357,0.1359,34141.4
1787087700000,0.1359,0.1359,0.1357,0.1359,51939.4
1787088600000,0.1359,0.1359,0.1355,0.1356,15521.6
1787089500000,0.1356,0.1358,0.1356,0.1358,38294.8
1787090400000,0.1358,0.1362,0.1357,0.1362,26549.5
1787091300000,0.1362,0.1362,0.136,0.1361,40695.7
1787092200000,0.1361,0.1361,0.136,0.136,15357.8
1787093100000,0.136,0.136,0.1358,0.136,67142.2
1787094000000,0.136,0.1361,0.1359,0.1361,17104.7
1787094900000,0.1361,0.1365,0.1361,0.1363,98689.4
1787095800000,0.1363,0.1364,0.1362,0.1363,34050.1
1787096700000,0.1363,0.1363,0.1362,0.1362,15420.4
1787097600000,0.1362,0.1364,0.1359,0.1359,321049.5
1787098500000,0.1359,0.1362,0.1358,0.1361,22709.6
1787099400000,0.1361,0.1364,0.1361,0.1363,11666.7
1787100300000,0.1363,0.1365,0.1363,0.1365,16565
1787101200000,0.1365,0.1365,0.1362,0.1365,22877.4
1787102100000,0.1365,0.1366,0.1364,0.1366,40163.4
1787103000000,0.1366,0.1366,0.1366,0.1366,4529.4
1787103900000,0.1366,0.1367,0.1366,0.1367,14752.9
1787104800000,0.1367,0.1367,0.1364,0.1364,7963.6
1787105700000,0.1364,0.1364,0.1362,0.1364,27347.9
1787106600000,0.1364,0.1365,0.1363,0.1363,23453.3
1787107500000,0.1363,0.1363,0.136,0.1362,14155.5
1787108400000,0.1362,0.1362,0.1358,0.136,57858.2
1787109300000,0.136,0.1366,0.136,0.1365,21940.4
1787110200000,0.1365,0.1369,0.1365,0.1368,104878.7
1787111100000,0.1368,0.1368,0.1367,0.1367,10820.2
1787112000000,0.1367,0.1367,0.1363,0.1363,8779.9
1787112900000,0.1363,0.1364,0.1363,0.1363,16491.4
1787113800000,0.1363,0.1363,0.136,0.136,48516.3
1787114700000,0.136,0.136,0.1358,0.1359,11080.4
1787115600000,0.1359,0.1363,0.1357,0.1362,152700.4
1787116500000,0.1362,0.1362,0.1357,0.1359,6969.6
1787117400000,0.1359,0.1362,0.1359,0.136,39397.5
1787118300000,0.136,0.136,0.1359,0.136,56214.8
1787119200000,0.136,0.136,0.1355,0.1355,27134.2
1787120100000,0.1355,0.136,0.1355,0.1359,4826.4
1787121000000,0.1359,0.136,0.1357,0.136,35420.9
1787121900000,0.136,0.1365,0.136,0.1365,15785.9
1787122800000,0.1365,0.1366,0.1363,0.1365,21466.9
1787123700000,0.1365,0.1365,0.1364,0.1364,10378.9
1787124600000,0.1364,0.1366,0.1364,0.1365,22410.6
1787125500000,0.1365,0.1365,0.1364,0.1365,28820.1
1787126400000,0.1365,0.1366,0.1364,0.1365,19141.4
1787127300000,0.1365,0.1366,0.1364,0.1366,51225.7
1787128200000,0.1366,0.1371,0.1365,0.1368,206591.5
1787129100000,0.1368,0.1368,0.1366,0.1366,25643.5
1787130000000,0.1366,0.1366,0.1365,0.1366,11976.5
1787130900000,0.1366,0.1366,0.1361,0.1365,273733.8
1787131800000,0.1365,0.1365,0.1363,0.1363,47153.2
1787132700000,0.1363,0.1364,0.1362,0.1364,17974.3
1787133600000,0.1364,0.1364,0.1362,0.1364,23588.3
1787134500000,0.1364,0.1364,0.1362,0.1362,35056.2
1787135400000,0.1362,0.1365,0.1362,0.1365,3396.3
1787136300000,0.1365,0.1366,0.1365,0.1365,9948.8
1787137200000,0.1365,0.1369,0.1364,0.1369,140594.5
1787138100000,0.1369,0.137,0.1368,0.1369,46781
1787139000000,0.1369,0.137,0.1369,0.1369,7427.5
1787139900000,0.1369,0.1369,0.1369,0.1369,8590.5
1787140800000,0.1369,0.1371,0.1369,0.137,11161
1787141700000,0.137,0.1372,0.137,0.1372,14232.5
1787142600000,0.1372,0.1378,0.1372,0.1378,228985.9
1787143500000,0.1378,0.1382,0.1378,0.1379,65698.1
1787144400000,0.1379,0.138,0.1378,0.1378,168578.6
1787145300000,0.1378,0.1378,0.1374,0.1374,28401.3
1787146200000,0.1374,0.1377,0.1368,0.1372,89923.6
1787147100000,0.1372,0.1372,0.1368,0.1369,90641.2
1787148000000,0.1369,0.1372,0.1367,0.137,155314
1787148900000,0.137,0.1373,0.137,0.137,54221.7
1787149800000,0.137,0.1375,0.137,0.1374,54524.1
1787150700000,0.1374,0.1393,0.1374,0.1389,798680.3
1787151600000,0.1389,0.1404,0.1386,0.1396,564604.3
1787152500000,0.1396,0.1445,0.1386,0.142,3510969.1
1787153400000,0.142,0.1427,0.1414,0.1415,778891
1787154300000,0.1415,0.1416,0.1396,0.1399,631576.5
1787155200000,0.1399,0.1407,0.1397,0.1402,519272.3
1787156100000,0.1402,0.1416,0.1402,0.1415,365987.1
1787157000000,0.1415,0.1415,0.1406,0.1411,172127.1
1787157900000,0.1411,0.1412,0.1407,0.1408,148520.1
1787158800000,0.1408,0.1408,0.1399,0.14,208126.9
1787159700000,0.14,0.1402,0.1396,0.14,145843.1
1787160600000,0.14,0.1401,0.1396,0.1399,139797.6
1787161500000,0.1399,0.1406,0.1399,0.1404,47366
1787162400000,0.1404,0.1404,0.1396,0.1401,34595.4
1787163300000,0.1401,0.1405,0.1401,0.1404,27157.3
1787164200000,0.1404,0.1408,0.1404,0.1408,219355.1
1787165100000,0.1408,0.1408,0.1405,0.1405,9312.8
1787166000000,0.1405,0.1411,0.1402,0.1402,778681.8
1787166900000,0.1402,0.1411,0.1402,0.1409,91421.7
1787167800000,0.1409,0.1414,0.1409,0.1414,117816.5
1787168700000,0.1414,0.142,0.1414,0.1419,345711.4
1787169600000,0.1419,0.1424,0.1419,0.1422,265405
1787170500000,0.1422,0.1424,0.1421,0.1423,35591
1787171400000,0.1423,0.1424,0.1419,0.1419,73570.7
1787172300000,0.1419,0.1445,0.1419,0.1438,949950.2
1787173200000,0.1438,0.1471,0.1437,0.1466,1081177.8
1787174100000,0.1466,0.1478,0.1456,0.1475,274139.1
1787175000000,0.1475,0.1485,0.1465,0.147,200622.2
1787175900000,0.147,0.1481,0.1469,0.1473,312985.2
1787176800000,0.1473,0.148,0.1456,0.1458,186230.6
1787177700000,0.1458,0.1463,0.1456,0.1456,197609.4
1787178600000,0.1456,0.1461,0.1449,0.1457,233393.4
1787179500000,0.1457,0.1458,0.1451,0.1457,146647
1787180400000,0.1457,0.1457,0.1452,0.1454,85190
1787181300000,0.1454,0.146,0.1452,0.146,138059.9
1787182200000,0.146,0.1466,0.1459,0.1466,84741.9
1787183100000,0.1466,0.1466,0.1459,0.1465,82446.3
1787184000000,0.1465,0.147,0.1464,0.1465,94767.4
1787184900000,0.1465,0.1479,0.1465,0.1477,164899.4
1787185800000,0.1477,0.1485,0.1477,0.1481,144461.3
1787186700000,0.1481,0.1485,0.1477,0.1478,105347.2
1787187600000,0.1478,0.1482,0.1468,0.1472,227096
1787188500000,0.1472,0.1473,0.1466,0.1472,65117.8
1787189400000,0.1472,0.1477,0.1471,0.1476,20804.3
1787190300000,0.1476,0.148,0.1476,0.1479,21760.4
1787191200000,0.1479,0.1479,0.147,0.147,102978.5
1787192100000,0.147,0.147,0.1466,0.1466,75746.3
1787193000000,0.1466,0.1467,0.1464,0.1465,29828
1787193900000,0.1465,0.1465,0.1463,0.1465,26246.1
1787194800000,0.1465,0.1465,0.1446,0.1451,658983.7
1787195700000,0.1451,0.1456,0.145,0.1451,66090.4
1787196600000,0.1451,0.1455,0.1447,0.1455,68825.1
1787197500000,0.1455,0.146,0.1455,0.1457,58762
1787198400000,0.1457,0.1465,0.1456,0.1463,113410.1
1787199300000,0.1463,0.1464,0.1462,0.1463,24116.5
1787200200000,0.1463,0.1465,0.1461,0.1465,10511.6
1787201100000,0.1465,0.1471,0.1464,0.1471,153549.4
1787202000000,0.1471,0.1472,0.1463,0.1464,85063.9
1787202900000,0.1464,0.1467,0.1464,0.1466,41972.4
1787203800000,0.1466,0.1466,0.1464,0.1466,25195.9
1787204700000,0.1466,0.1466,0.1462,0.1464,27941.5
1787205600000,0.1464,0.1466,0.1459,0.1461,110625.4
1787206500000,0.1461,0.1475,0.1461,0.1474,56273.7
1787207400000,0.1474,0.148,0.1474,0.1477,76550.4
1787208300000,0.1477,0.1481,0.1477,0.148,82257.8
1787209200000,0.148,0.1489,0.1478,0.1489,695047.7
1787210100000,0.1489,0.1499,0.1484,0.1497,400781.1
1787211000000,0.1497,0.1501,0.149,0.1494,517841.8
1787211900000,0.1494,0.1509,0.1494,0.1505,696113.1
1787212800000,0.1505,0.1527,0.1497,0.1526,994039.8
1787213700000,0.1526,0.1535,0.1523,0.1535,365090
1787214600000,0.1535,0.1542,0.1533,0.1538,312672.9
1787215500000,0.1538,0.1543,0.1526,0.1529,361092.9
1787216400000,0.1529,0.1536,0.1528,0.1535,403214.4
1787217300000,0.1535,0.154,0.1528,0.1528,306116.2
1787218200000,0.1528,0.1534,0.1523,0.1532,206197.2
1787219100000,0.1532,0.1532,0.1519,0.1525,223850.3
1787220000000,0.1525,0.1552,0.1525,0.1551,941411.3
1787220900000,0.1551,0.1569,0.1548,0.1566,1817298.5
1787221800000,0.1566,0.1574,0.1558,0.1562,1852705.4
1787222700000,0.1562,0.1569,0.1554,0.1565,467352.9
1787223600000,0.1565,0.1565,0.1554,0.1558,328383.2
1787224500000,0.1558,0.1567,0.1555,0.1563,532265.8
1787225400000,0.1563,0.158,0.156,0.1573,1002546.2
1787226300000,0.1573,0.1588,0.1572,0.1587,589659.8
1787227200000,0.1587,0.1593,0.1573,0.1591,665412.7
1787228100000,0.1591,0.1592,0.1571,0.1573,691948.9
1787229000000,0.1573,0.1574,0.1545,0.1552,763206.7
1787229900000,0.1552,0.1557,0.1549,0.1555,127370.8
1787230800000,0.1555,0.1558,0.1551,0.1553,126002.6
1787231700000,0.1553,0.1567,0.1549,0.1567,393432.9
1787232600000,0.1567,0.1567,0.1538,0.1556,705921.8
1787233500000,0.1556,0.1566,0.1551,0.1562,317545.6
1787234400000,0.1562,0.1605,0.1562,0.1599,1291606.7
1787235300000,0.1599,0.1601,0.1583,0.1589,864902.6
1787236200000,0.1589,0.1601,0.1581,0.1581,396891.7
1787237100000,0.1581,0.1585,0.157,0.158,244593.2
1787238000000,0.158,0.1603,0.1578,0.1597,481988.3
1787238900000,0.1597,0.1598,0.1584,0.159,278859.5
1787239800000,0.159,0.1595,0.1578,0.1581,318027
1787240700000,0.1581,0.159,0.1577,0.1588,147170.6
1787241600000,0.1588,0.1588,0.1576,0.1576,229299.5
1787242500000,0.1576,0.1585,0.1574,0.158,468235.1
1787243400000,0.158,0.1609,0.1578,0.1609,502182.7
1787244300000,0.1609,0.1624,0.1605,0.1615,927707
1787245200000,0.1615,0.1621,0.1611,0.162,360709.6
1787246100000,0.162,0.164,0.1611,0.1637,588288
1787247000000,0.1637,0.1655,0.1627,0.1642,2350863.2
1787247900000,0.1642,0.1643,0.1634,0.1634,371655.5
1787248800000,0.1634,0.1643,0.1612,0.1613,647078.3
1787249700000,0.1613,0.1613,0.1598,0.16,258188.3
1787250600000,0.16,0.1601,0.1584,0.16,395426.6
1787251500000,0.16,0.1606,0.1597,0.1597,299388.8
1787252400000,0.1597,0.1613,0.1597,0.1607,226703.6
1787253300000,0.1607,0.1626,0.1607,0.1617,326629.5
1787254200000,0.1617,0.1619,0.1606,0.1614,217219.4
1787255100000,0.1614,0.1617,0.1609,0.1613,243563.8
1787256000000,0.1613,0.1628,0.161,0.1626,338111.1
1787256900000,0.1626,0.1628,0.1619,0.1622,222631.1
1787257800000,0.1622,0.1631,0.1617,0.1631,722780
1787258700000,0.1631,0.1637,0.1621,0.1637,978938.6
1787259600000,0.1637,0.1652,0.1635,0.1643,556411.5
1787260500000,0.1643,0.1646,0.1639,0.1639,99804.2
1787261400000,0.1639,0.1657,0.1639,0.1651,250176.2
1787262300000,0.1651,0.1656,0.164,0.165,370953.9
1787263200000,0.165,0.1656,0.1648,0.1652,135435.4
1787264100000,0.1652,0.1653,0.1639,0.1644,469146.3
1787265000000,0.1644,0.1649,0.164,0.1643,159452.8
1787265900000,0.1643,0.1647,0.1636,0.1639,389340
1787266800000,0.1639,0.165,0.1631,0.165,359448.7
1787267700000,0.165,0.1666,0.1649,0.1666,364581.9
1787268600000,0.1666,0.1683,0.1655,0.1655,1075943
1787269500000,0.1655,0.1656,0.1643,0.1643,247034.7
1787270400000,0.1643,0.1656,0.164,0.1656,419966.8
1787271300000,0.1656,0.1668,0.1652,0.1659,441391.5
1787272200000,0.1659,0.1665,0.1649,0.1649,218073.4
1787273100000,0.1649,0.1658,0.1648,0.1653,85031.5
1787274000000,0.1653,0.1662,0.165,0.1655,89189.4
1787274900000,0.1655,0.1667,0.1632,0.1638,1353393.4
1787275800000,0.1638,0.1647,0.1632,0.1637,385883.2
1787276700000,0.1637,0.1656,0.1637,0.1655,513067
1787277600000,0.1655,0.1664,0.1647,0.1655,353582.7
1787278500000,0.1655,0.1657,0.165,0.1657,292201.4
1787279400000,0.1657,0.1666,0.1641,0.1666,219308.9
1787280300000,0.1666,0.1666,0.1654,0.1658,379852.6
1787281200000,0.1658,0.1658,0.1648,0.1655,113655.2
1787282100000,0.1655,0.1665,0.1646,0.1661,465975.2
1787283000000,0.1661,0.1667,0.1654,0.1654,198645.9
1787283900000,0.1654,0.1668,0.1654,0.1659,108127
1787284800000,0.1659,0.1669,0.1659,0.1662,66414.7
1787285700000,0.1662,0.1669,0.1662,0.1666,87998.8
1787286600000,0.1666,0.1669,0.1656,0.166,292615.8
1787287500000,0.166,0.1674,0.166,0.167,250462.4
1787288400000,0.167,0.1686,0.1662,0.1679,552873.6
1787289300000,0.1679,0.1685,0.1666,0.1677,131866.4
1787290200000,0.1677,0.17,0.1671,0.17,721440.3
1787291100000,0.17,0.1706,0.1691,0.1698,836532.6
1787292000000,0.1698,0.1709,0.1687,0.1691,678164.6
1787292900000,0.1691,0.1699,0.1686,0.1688,566727.5
1787293800000,0.1688,0.1695,0.1673,0.1681,434237.4
1787294700000,0.1681,0.1689,0.1672,0.1687,480258.3
1787295600000,0.1687,0.1703,0.1685,0.17,414038.5
1787296500000,0.17,0.1713,0.17,0.171,567163.7
1787297400000,0.171,0.1738,0.1705,0.1735,530238.1
1787298300000,0.1735,0.1756,0.1729,0.175,791318.6
1787299200000,0.175,0.1758,0.1737,0.1742,550877.9
1787300100000,0.1742,0.176,0.1742,0.1754,635634.1
1787301000000,0.1754,0.176,0.1746,0.176,220960.8
1787301900000,0.176,0.1791,0.176,0.1791,477194.7
1787302800000,0.1791,0.1792,0.1715,0.1741,1519586.8
1787303700000,0.1741,0.1747,0.1727,0.174,100823.9
1787304600000,0.174,0.179,0.1739,0.1789,491871.3
1787305500000,0.1789,0.1799,0.1768,0.1794,625142.9
1787306400000,0.1794,0.1804,0.1775,0.1778,583792.9
1787307300000,0.1778,0.1792,0.177,0.1788,234139.9
1787308200000,0.1788,0.1818,0.1785,0.1814,296246.3
1787309100000,0.1814,0.1845,0.1814,0.1837,581516.1
1787310000000,0.1837,0.1873,0.1831,0.1869,694917.6
1787310900000,0.1869,0.1892,0.1861,0.1892,859906.1
1787311800000,0.1892,0.1895,0.1854,0.1882,982666.8
1787312700000,0.1882,0.1885,0.1841,0.1848,1238879.2
1787313600000,0.1848,0.1852,0.1823,0.1844,1047974.7
1787314500000,0.1844,0.1869,0.1844,0.1858,827166.4
1787315400000,0.1858,0.1868,0.1836,0.1862,617713.1
1787316300000,0.1862,0.1866,0.1843,0.1845,404057.6
1787317200000,0.1845,0.1857,0.1836,0.1843,355496.6
1787318100000,0.1843,0.1844,0.1812,0.1823,569215.2
1787319000000,0.1823,0.183,0.1794,0.1827,324568.3
1787319900000,0.1827,0.1851,0.1827,0.1851,185479.7
1787320800000,0.1851,0.1861,0.1838,0.1844,420734.6
1787321700000,0.1844,0.1851,0.1811,0.1837,404952.5
1787322600000,0.1837,0.1857,0.1836,0.1852,372855.8
1787323500000,0.1852,0.1871,0.1852,0.1863,271422.5
1787324400000,0.1863,0.1867,0.1847,0.1852,273692
1787325300000,0.1852,0.1859,0.1831,0.1834,157775.3
1787326200000,0.1834,0.1849,0.1831,0.184,400130.1
1787327100000,0.184,0.1849,0.1832,0.1835,268103.3
1787328000000,0.1835,0.1844,0.1813,0.1813,345876.1
1787328900000,0.1813,0.1843,0.1808,0.1843,304652.4
1787329800000,0.1843,0.1863,0.1838,0.1858,276440.5
1787330700000,0.1858,0.1867,0.185,0.1864,501566
1787331600000,0.1864,0.1895,0.1859,0.1895,1672681.5
1787332500000,0.1895,0.1895,0.1854,0.1865,1204609.6
1787333400000,0.1865,0.1877,0.1862,0.1875,568367.9
1787334300000,0.1875,0.1877,0.1864,0.1866,162238.5
1787335200000,0.1866,0.1902,0.1865,0.1897,274218.4
1787336100000,0.1897,0.1903,0.1878,0.1889,770297.6
1787337000000,0.1889,0.189,0.1852,0.1855,435852.1
1787337900000,0.1855,0.1859,0.1834,0.1836,647403.6
1787338800000,0.1836,0.185,0.1814,0.1848,276723.2
1787339700000,0.1848,0.1861,0.1842,0.1858,374946.4
1787340600000,0.1858,0.1858,0.1835,0.1838,361173
1787341500000,0.1838,0.187,0.1837,0.187,124293.3
1787342400000,0.187,0.1889,0.1857,0.1878,379095.8
1787343300000,0.1878,0.1891,0.1878,0.189,394223.3
1787344200000,0.189,0.1932,0.189,0.192,853400.9
1787345100000,0.192,0.1936,0.1909,0.1925,504559.8
1787346000000,0.1925,0.1939,0.1913,0.1933,427456.7
1787346900000,0.1933,0.1941,0.1921,0.1926,198756.5
1787347800000,0.1926,0.1953,0.1925,0.195,136729.1
1787348700000,0.195,0.1959,0.1925,0.1959,97217.7
1787349600000,0.1959,0.1968,0.1941,0.1966,201735.6
1787350500000,0.1966,0.198,0.1957,0.1969,407591
1787351400000,0.1969,0.2017,0.1946,0.2012,509215.5
1787352300000,0.2012,0.2038,0.2005,0.2027,643290.4
1787353200000,0.2027,0.2035,0.2003,0.2017,843858.6
1787354100000,0.2017,0.2023,0.2004,0.201,306000
1787355000000,0.201,0.2016,0.1967,0.1981,378969.4
1787355900000,0.1981,0.1998,0.1972,0.199,403311.7
1787356800000,0.199,0.2023,0.1986,0.2021,444130
1787357700000,0.2021,0.2033,0.2017,0.2018,245322.3
1787358600000,0.2018,0.2026,0.2003,0.2026,428453.7
1787359500000,0.2026,0.2076,0.202,0.207,633172.1
1787360400000,0.207,0.2082,0.2062,0.2063,328535.8
1787361300000,0.2063,0.2098,0.2063,0.2083,593859.1
1787362200000,0.2083,0.2106,0.2083,0.2086,463121.5
1787363100000,0.2086,0.2132,0.2077,0.2108,846043.7
1787364000000,0.2108,0.213,0.2094,0.2123,615364.8
1787364900000,0.2123,0.2154,0.2109,0.2152,582496.4
1787365800000,0.2152,0.2165,0.2116,0.2141,1131985.8
1787366700000,0.2141,0.2151,0.2126,0.2146,741851.2
1787367600000,0.2146,0.2193,0.2138,0.2185,1729889.9
1787368500000,0.2185,0.2226,0.2182,0.2216,949169.2
1787369400000,0.2216,0.2245,0.2179,0.2202,1080161.8
1787370300000,0.2202,0.2212,0.2166,0.2175,545162.5
1787371200000,0.2175,0.2207,0.2148,0.2198,730134.2
1787372100000,0.2198,0.2258,0.2192,0.2253,721277.6
1787373000000,0.2253,0.2297,0.2248,0.2291,1087548.5
1787373900000,0.2291,0.2294,0.2238,0.2255,1827168.7
1787374800000,0.2255,0.2289,0.1862,0.2035,14516479.2
1787375700000,0.2035,0.2106,0.1963,0.208,3514037
1787376600000,0.208,0.2129,0.2053,0.2072,822250
1787377500000,0.2072,0.2116,0.2065,0.2092,660361.4
1787378400000,0.2092,0.2092,0.2048,0.2058,509480.1
1787379300000,0.2058,0.2076,0.2055,0.2056,301546.1
1787380200000,0.2056,0.2078,0.2025,0.2067,377684.9
1787381100000,0.2067,0.2077,0.205,0.2064,369503.5
1787382000000,0.2064,0.2082,0.2053,0.2071,230813.5
1787382900000,0.2071,0.2076,0.2028,0.2065,616933.5
1787383800000,0.2065,0.2071,0.2034,0.2039,152443.2
1787384700000,0.2039,0.2046,0.2029,0.2036,88850.7
1787385600000,0.2036,0.2061,0.2018,0.2057,323396.1
1787386500000,0.2057,0.2057,0.2013,0.2016,248418.4
1787387400000,0.2016,0.2043,0.1999,0.2041,321291.1
1787388300000,0.2041,0.2041,0.2023,0.2035,126564.3
1787389200000,0.2035,0.2045,0.2005,0.2045,127829.5
1787390100000,0.2045,0.2056,0.2037,0.2049,150847.7
1787391000000,0.2049,0.2049,0.2023,0.2026,48580.4
1787391900000,0.2026,0.2029,0.2008,0.2026,116992.2
1787392800000,0.2026,0.203,0.1968,0.1972,701466.3
1787393700000,0.1972,0.1984,0.1945,0.1974,253152.5
1787394600000,0.1974,0.2019,0.1969,0.2014,87871.4
1787395500000,0.2014,0.2017,0.1995,0.2002,86558.4
1787396400000,0.2002,0.201,0.1993,0.2,47960.2
1787397300000,0.2,0.2003,0.1982,0.199,131995.2
1787398200000,0.199,0.2012,0.199,0.2006,51161.7
1787399100000,0.2006,0.2007,0.1992,0.2002,24702.2
1787400000000,0.2002,0.2033,0.1995,0.2028,174193
1787400900000,0.2028,0.2037,0.2019,0.2029,176125.9
1787401800000,0.2029,0.2032,0.2016,0.2032,49146.8
1787402700000,0.2032,0.2032,0.201,0.2012,53755.1
1787403600000,0.2012,0.2013,0.1988,0.1994,168122.9
1787404500000,0.1994,0.2033,0.1976,0.2016,487528.3
1787405400000,0.2016,0.2018,0.1992,0.1999,26043.6
1787406300000,0.1999,0.2011,0.1998,0.2008,77620
1787407200000,0.2008,0.2015,0.1984,0.1998,194991.6
1787408100000,0.1998,0.2014,0.1991,0.201,65229.5
1787409000000,0.201,0.2017,0.1985,0.1986,88351.3
1787409900000,0.1986,0.1996,0.198,0.1994,60729.8
1787410800000,0.1994,0.2004,0.1975,0.1975,115473.9
1787411700000,0.1975,0.1993,0.1969,0.1989,63143.9
1787412600000,0.1989,0.2003,0.1988,0.1989,80981.6
1787413500000,0.1989,0.1995,0.1982,0.1988,23695.7
1787414400000,0.1988,0.2005,0.1983,0.2001,371823.3
1787415300000,0.2001,0.2034,0.2001,0.2027,74810.5
1787416200000,0.2027,0.2047,0.2022,0.2041,560075
1787417100000,0.2041,0.2045,0.2028,0.2032,296715.5
1787418000000,0.2032,0.2035,0.2022,0.2034,70479.1
1787418900000,0.2034,0.2065,0.2014,0.2014,211473.2
1787419800000,0.2014,0.2036,0.2014,0.2036,61983.5
1787420700000,0.2036,0.2083,0.2036,0.2061,581701.9
1787421600000,0.2061,0.2068,0.2027,0.2034,219239.2
1787422500000,0.2034,0.2052,0.2034,0.2043,58052.2
1787423400000,0.2043,0.2052,0.2035,0.2035,101151
1787424300000,0.2035,0.2036,0.2013,0.2026,339509.2
1787425200000,0.2026,0.2026,0.2017,0.2021,82413.9
1787426100000,0.2021,0.2024,0.2007,0.2008,264537.7
1787427000000,0.2008,0.2023,0.2007,0.2023,44047.1
1787427900000,0.2023,0.2024,0.2017,0.2017,26440.1
1787428800000,0.2017,0.2031,0.2013,0.2025,67307.8
1787429700000,0.2025,0.2026,0.2009,0.202,117444.7
1787430600000,0.202,0.2021,0.2008,0.2017,116590
1787431500000,0.2017,0.2017,0.1998,0.2005,123251.1
1787432400000,0.2005,0.2005,0.1962,0.1965,652643.5
1787433300000,0.1965,0.1983,0.1965,0.1981,53827.8
1787434200000,0.1981,0.1981,0.1943,0.1957,327332.2
1787435100000,0.1957,0.1957,0.1919,0.1926,227111.2
1787436000000,0.1926,0.1956,0.1919,0.1954,254920.1
1787436900000,0.1954,0.1967,0.195,0.1963,144197.8
1787437800000,0.1963,0.1966,0.195,0.1963,102652.5
1787438700000,0.1963,0.1972,0.1957,0.1962,23234.9
1787439600000,0.1962,0.1965,0.1953,0.1955,25021.7
1787440500000,0.1955,0.196,0.1954,0.1955,22752
1787441400000,0.1955,0.1956,0.1942,0.1951,27812.2
1787442300000,0.1951,0.1966,0.1951,0.1957,90835.9
1787443200000,0.1957,0.1964,0.1949,0.1957,31923.4
1787444100000,0.1957,0.1977,0.1954,0.1977,52216.7
1787445000000,0.1977,0.2011,0.1977,0.1992,392839.1
1787445900000,0.1992,0.2011,0.1987,0.2001,152458.2
1787446800000,0.2001,0.2001,0.1987,0.1998,46513.7
1787447700000,0.1998,0.1999,0.1983,0.199,58672.5
1787448600000,0.199,0.199,0.1974,0.1986,38882.6
1787449500000,0.1986,0.1994,0.1972,0.1984,188417.7
1787450400000,0.1984,0.1988,0.1954,0.1954,212383.1
1787451300000,0.1954,0.1965,0.1945,0.1953,56531.8
1787452200000,0.1953,0.1968,0.1947,0.1959,128727.9
1787453100000,0.1959,0.1983,0.195,0.195,510463.8
1787454000000,0.195,0.1953,0.1932,0.1941,175883.9
1787454900000,0.1941,0.1947,0.1924,0.1926,97370.1
1787455800000,0.1926,0.1926,0.1898,0.1901,210206.5
1787456700000,0.1901,0.1919,0.1901,0.1911,46711.1
1787457600000,0.1911,0.1925,0.1897,0.1925,160419.1
1787458500000,0.1925,0.1931,0.1913,0.1923,38062.7
1787459400000,0.1923,0.1924,0.1905,0.1905,61237.4
1787460300000,0.1905,0.1908,0.1878,0.189,153143.1
1787461200000,0.189,0.1901,0.1879,0.1879,96222.5
1787462100000,0.1879,0.1918,0.1864,0.1909,249571.4
1787463000000,0.1909,0.1916,0.1894,0.1897,35817.7
1787463900000,0.1897,0.1902,0.188,0.188,88813.5
1787464800000,0.188,0.1886,0.1871,0.1886,178933.5
1787465700000,0.1886,0.1893,0.1882,0.1885,98209
1787466600000,0.1885,0.19,0.1885,0.1891,25591.3
1787467500000,0.1891,0.1891,0.188,0.1885,16619.6
1787468400000,0.1885,0.1909,0.1885,0.1905,31226.2
1787469300000,0.1905,0.192,0.1905,0.1911,21298.8
1787470200000,0.1911,0.1911,0.1902,0.1904,19284.9
1787471100000,0.1904,0.1921,0.1902,0.1914,35753.6
1787472000000,0.1914,0.1937,0.1913,0.1932,54085.4
1787472900000,0.1932,0.1935,0.193,0.1935,61633
1787473800000,0.1935,0.1946,0.1931,0.194,70126
1787474700000,0.194,0.1942,0.1932,0.1937,88026.7
1787475600000,0.1937,0.1945,0.1934,0.1934,25103.5
1787476500000,0.1934,0.1942,0.1934,0.1942,12039.4
1787477400000,0.1942,0.1942,0.1929,0.1936,32808.6
1787478300000,0.1936,0.1945,0.1929,0.1943,14539.7
1787479200000,0.1943,0.1953,0.1942,0.1951,28164.4
1787480100000,0.1951,0.1977,0.1951,0.1967,48314.3
1787481000000,0.1967,0.197,0.1963,0.1968,28669.9
1787481900000,0.1968,0.1968,0.1958,0.1961,18215
1787482800000,0.1961,0.1965,0.1955,0.1964,29544.5
1787483700000,0.1964,0.1984,0.1961,0.1974,97759.4
1787484600000,0.1974,0.1986,0.1971,0.1982,69270.1
1787485500000,0.1982,0.1985,0.1975,0.1981,59256.1
1787486400000,0.1981,0.1981,0.1964,0.1976,58215.7
1787487300000,0.1976,0.198,0.1976,0.1977,37766.5
1787488200000,0.1977,0.1988,0.1976,0.1978,382482.5
1787489100000,0.1978,0.1982,0.1971,0.1979,42378.6
1787490000000,0.1979,0.1984,0.1978,0.1983,10178.1
1787490900000,0.1983,0.2018,0.1983,0.1995,232894.3
1787491800000,0.1995,0.2008,0.1992,0.2004,68367.6
1787492700000,0.2004,0.2016,0.2003,0.2011,341809.2
1787493600000,0.2011,0.2026,0.2004,0.2009,340579.7
1787494500000,0.2009,0.2014,0.2004,0.2004,7164.4
1787495400000,0.2004,0.2005,0.1941,0.1961,679692.9
1787496300000,0.1961,0.1981,0.196,0.1979,134045.9
1787497200000,0.1979,0.199,0.1966,0.1981,122100.7
1787498100000,0.1981,0.1993,0.1969,0.1993,76081.4
1787499000000,0.1993,0.2007,0.1993,0.2005,101638.8
1787499900000,0.2005,0.2023,0.1996,0.1997,142616.9
1787500800000,0.1997,0.2002,0.1986,0.1992,74787
1787501700000,0.1992,0.1998,0.1983,0.1986,32980.7
1787502600000,0.1986,0.2008,0.1986,0.2004,28919.8
1787503500000,0.2004,0.2005,0.1995,0.1998,12032
1787504400000,0.1998,0.2006,0.198,0.2003,80286.6
1787505300000,0.2003,0.2007,0.1992,0.1998,63644.1
1787506200000,0.1998,0.1998,0.1987,0.1993,17862.8
1787507100000,0.1993,0.1997,0.1986,0.1986,2861.5
1787508000000,0.1986,0.2006,0.1984,0.2005,23439.8
1787508900000,0.2005,0.2015,0.2004,0.2006,107890.3
1787509800000,0.2006,0.2006,0.1993,0.1993,67231.6
1787510700000,0.1993,0.2,0.199,0.2,55169
1787511600000,0.2,0.2,0.1986,0.1992,16594.1
1787512500000,0.1992,0.1992,0.1987,0.1989,7606.3
1787513400000,0.1989,0.1998,0.1986,0.1998,50716.6
1787514300000,0.1998,0.2005,0.1991,0.1991,68763
1787515200000,0.1991,0.1994,0.1981,0.1988,49341.7
1787516100000,0.1988,0.2,0.1987,0.1997,21955.5
1787517000000,0.1997,0.2002,0.1993,0.1998,40203.8
1787517900000,0.1998,0.2013,0.1997,0.2004,33962.4
1787518800000,0.2004,0.2038,0.2004,0.2037,148648.7
1787519700000,0.2037,0.2055,0.2037,0.2054,93333.7
1787520600000,0.2054,0.2056,0.2023,0.203,49981.5
1787521500000,0.203,0.2035,0.2019,0.202,15957.1
1787522400000,0.202,0.2032,0.2005,0.2016,65275.6
1787523300000,0.2016,0.2027,0.201,0.2024,97201.7
1787524200000,0.2024,0.203,0.2011,0.2013,324829
1787525100000,0.2013,0.2015,0.1997,0.1998,503663.1
1787526000000,0.1998,0.2007,0.1991,0.2006,147843.4
1787526900000,0.2006,0.2012,0.1996,0.2012,24003.7
1787527800000,0.2012,0.2023,0.2002,0.2006,180380.7
1787528700000,0.2006,0.2032,0.2006,0.2026,117547.8
1787529600000,0.2026,0.2026,0.1993,0.2009,80395.6
1787530500000,0.2009,0.2012,0.1987,0.1997,190328.1
1787531400000,0.1997,0.2018,0.1987,0.1987,26366.9
1787532300000,0.1987,0.2018,0.1977,0.2018,331722.3
1787533200000,0.2018,0.2019,0.2008,0.201,35638.8
1787534100000,0.201,0.2015,0.1998,0.201,51133.4
1787535000000,0.201,0.2013,0.1994,0.2005,112245.2
1787535900000,0.2005,0.2005,0.1965,0.1965,183166.7
1787536800000,0.1965,0.2005,0.1964,0.2005,135611.5
1787537700000,0.2005,0.2017,0.2005,0.2013,50127.2
1787538600000,0.2013,0.2041,0.2012,0.2015,211860.1
1787539500000,0.2015,0.2017,0.1984,0.1984,108339.7
1787540400000,0.1984,0.1986,0.1964,0.1965,144835.5
1787541300000,0.1965,0.1977,0.1956,0.1957,179268.6
1787542200000,0.1957,0.1968,0.1948,0.1954,182984
1787543100000,0.1954,0.1962,0.1947,0.1947,100290.3
1787544000000,0.1947,0.196,0.1947,0.1959,86490.5
1787544900000,0.1959,0.1977,0.1958,0.1977,173562.2
1787545800000,0.1977,0.1997,0.1971,0.1993,399779.5
1787546700000,0.1993,0.1996,0.1972,0.1983,125972
1787547600000,0.1983,0.1997,0.1972,0.1997,255822.5
1787548500000,0.1997,0.2,0.1977,0.1977,67987.5
1787549400000,0.1977,0.2,0.196,0.1992,197833
1787550300000,0.1992,0.1998,0.1989,0.199,14458.9
1787551200000,0.199,0.199,0.1969,0.1983,30704.8
1787552100000,0.1983,0.1985,0.1974,0.1977,24938
1787553000000,0.1977,0.1979,0.1955,0.1955,30331.9
1787553900000,0.1955,0.1974,0.1955,0.1971,22922.8
1787554800000,0.1971,0.1992,0.1967,0.1988,150528.1
1787555700000,0.1988,0.1988,0.1969,0.1972,113834.2
1787556600000,0.1972,0.1972,0.1956,0.1956,24978.6
1787557500000,0.1956,0.1964,0.1956,0.1961,7425.4
1787558400000,0.1961,0.1966,0.1951,0.1955,55452.5
1787559300000,0.1955,0.1955,0.1944,0.1947,169957
1787560200000,0.1947,0.1958,0.1945,0.1957,63126.2
1787561100000,0.1957,0.1957,0.1949,0.195,3176.4
1787562000000,0.195,0.1978,0.1947,0.1978,23174.4
1787562900000,0.1978,0.1994,0.1974,0.1987,187804.9
1787563800000,0.1987,0.1997,0.1986,0.1991,20448.5
1787564700000,0.1991,0.1996,0.1987,0.199,31696.4
1787565600000,0.199,0.2007,0.1989,0.2001,360495.9
1787566500000,0.2001,0.2001,0.1991,0.1995,18599.3
1787567400000,0.1995,0.2016,0.1988,0.1991,127730.5
1787568300000,0.1991,0.2,0.199,0.1993,14911
1787569200000,0.1993,0.1996,0.1976,0.1995,42136
1787570100000,0.1995,0.201,0.1988,0.2008,38848
1787571000000,0.2008,0.2033,0.2002,0.203,296108.2
1787571900000,0.203,0.203,0.2014,0.2024,31866.4
1787572800000,0.2024,0.2024,0.2007,0.2007,335650.8
1787573700000,0.2007,0.2021,0.1991,0.2016,560144.3
1787574600000,0.2016,0.2029,0.2009,0.2027,346209
1787575500000,0.2027,0.205,0.2026,0.2047,204342.3
1787576400000,0.2047,0.2049,0.2034,0.2041,114808.1
1787577300000,0.2041,0.2041,0.2017,0.2022,45984
1787578200000,0.2022,0.2022,0.1979,0.1987,333826.9
1787579100000,0.1987,0.1988,0.1959,0.1987,288119.5
1787580000000,0.1987,0.2008,0.1982,0.2005,227929.5
1787580900000,0.2005,0.2022,0.1998,0.2019,120901.8
1787581800000,0.2019,0.2032,0.2014,0.2018,76042.4
1787582700000,0.2018,0.2029,0.2009,0.2023,63671
1787583600000,0.2023,0.2033,0.2021,0.2026,77745.4
1787584500000,0.2026,0.2051,0.2021,0.2039,118169.3
1787585400000,0.2039,0.2047,0.1999,0.2009,653631.2
1787586300000,0.2009,0.2018,0.1999,0.2008,106084.7
1787587200000,0.2008,0.2031,0.2008,0.2022,66262.6
1787588100000,0.2022,0.2038,0.2022,0.2032,37473.8
1787589000000,0.2032,0.2054,0.2029,0.2045,159728.4
1787589900000,0.2045,0.2046,0.2013,0.2027,165972.1
1787590800000,0.2027,0.2029,0.2001,0.2028,156817
1787591700000,0.2028,0.2032,0.1976,0.1981,304056.5
1787592600000,0.1981,0.1993,0.1977,0.1984,70404.7
1787593500000,0.1984,0.2012,0.1984,0.2012,56777.4
1787594400000,0.2012,0.2025,0.201,0.2015,91205.2
1787595300000,0.2015,0.2015,0.2003,0.2005,37858.5
1787596200000,0.2005,0.2013,0.1997,0.2006,5515.7
1787597100000,0.2006,0.2007,0.1989,0.1991,127680.2
1787598000000,0.1991,0.1998,0.1979,0.1993,75168.5
1787598900000,0.1993,0.2001,0.1984,0.2001,36257.3
1787599800000,0.2001,0.2009,0.1996,0.1999,70910.8
1787600700000,0.1999,0.2001,0.1988,0.1989,37758.3
1787601600000,0.1989,0.1997,0.1981,0.1989,62005.6
1787602500000,0.1989,0.1993,0.1979,0.1981,187251.1
1787603400000,0.1981,0.2008,0.198,0.2004,72374.4
1787604300000,0.2004,0.2004,0.2002,0.2004,2670.4
1787605200000,0.2004,0.2011,0.2001,0.2011,91382.5
1787606100000,0.2011,0.2012,0.2005,0.2012,11809.5
1787607000000,0.2012,0.2014,0.2003,0.2003,21251.5
1787607900000,0.2003,0.2008,0.2003,0.2008,47992.8
1787608800000,0.2008,0.2009,0.1997,0.1999,97813.2
1787609700000,0.1999,0.2001,0.1997,0.1998,7731.4
1787610600000,0.1998,0.2015,0.1998,0.2005,12259.1
1787611500000,0.2005,0.2006,0.1993,0.1996,65943.8
1787612400000,0.1996,0.1996,0.1983,0.1984,44297
1787613300000,0.1984,0.2006,0.1981,0.1999,55884.2
1787614200000,0.1999,0.2012,0.1999,0.2012,8440.8
1787615100000,0.2012,0.2017,0.2008,0.2016,17857.4
1787616000000,0.2016,0.2041,0.2009,0.2034,505544
1787616900000,0.2034,0.2034,0.2016,0.2027,112239.7
1787617800000,0.2027,0.2054,0.2021,0.2054,416340.1
1787618700000,0.2054,0.2068,0.2049,0.2068,269140.4
1787619600000,0.2068,0.2094,0.2065,0.2074,462719.2
1787620500000,0.2074,0.2106,0.2064,0.2096,406911.6
1787621400000,0.2096,0.2113,0.2084,0.2084,164617.9
1787622300000,0.2084,0.2095,0.2071,0.2077,84647.4
1787623200000,0.2077,0.2081,0.2071,0.2073,54946.5
1787624100000,0.2073,0.2198,0.2073,0.2195,1370440.9
1787625000000,0.2195,0.2308,0.2186,0.2289,2030151.5
1787625900000,0.2289,0.2312,0.2231,0.2248,1742702.6
1787626800000,0.2248,0.2264,0.2226,0.225,1032754.3
1787627700000,0.225,0.2283,0.2243,0.2271,766811
1787628600000,0.2271,0.2305,0.2259,0.2283,618081.1
1787629500000,0.2283,0.2283,0.2232,0.2242,962224.6
1787630400000,0.2242,0.2253,0.2196,0.2224,1269666.3
1787631300000,0.2224,0.2251,0.2222,0.2242,579051.7
1787632200000,0.2242,0.2242,0.2203,0.2203,1097528.9
1787633100000,0.2203,0.2217,0.2197,0.2216,333401
1787634000000,0.2216,0.2285,0.2208,0.2268,572303.3
1787634900000,0.2268,0.2273,0.2251,0.2254,359477.7
1787635800000,0.2254,0.2265,0.2251,0.2253,176122.1
1787636700000,0.2253,0.2323,0.2253,0.2293,1522008.1
1787637600000,0.2293,0.2309,0.2269,0.2292,813982.1
1787638500000,0.2292,0.2306,0.2272,0.2298,715505.7
1787639400000,0.2298,0.2313,0.2262,0.2287,352399.8
1787640300000,0.2287,0.2287,0.2208,0.2218,911242.5
1787641200000,0.2218,0.2245,0.221,0.2239,915695.9
1787642100000,0.2239,0.2254,0.2226,0.2236,976776.3
1787643000000,0.2236,0.2237,0.2196,0.2204,759185.5
1787643900000,0.2204,0.2215,0.2112,0.2122,4102224.3
1787644800000,0.2122,0.2127,0.2096,0.2111,488499.3
1787645700000,0.2111,0.2135,0.211,0.2135,358130.1
1787646600000,0.2135,0.2137,0.2108,0.2118,171257.2
1787647500000,0.2118,0.2119,0.2099,0.211,210131.2
1787648400000,0.211,0.2111,0.2083,0.2107,429283.9
1787649300000,0.2107,0.2118,0.2102,0.211,167366.9
1787650200000,0.211,0.2119,0.211,0.2118,119521.9
1787651100000,0.2118,0.2128,0.2088,0.211,289568.7
1787652000000,0.211,0.2119,0.2101,0.2108,101145.6
1787652900000,0.2108,0.2113,0.2104,0.2112,55610
1787653800000,0.2112,0.2112,0.2085,0.2101,235856
1787654700000,0.2101,0.2114,0.2099,0.2099,102232.4
1787655600000,0.2099,0.2104,0.2081,0.2084,85030.2
1787656500000,0.2084,0.2102,0.2084,0.2097,46957.6
1787657400000,0.2097,0.2109,0.2089,0.2089,132030.8
1787658300000,0.2089,0.2097,0.2077,0.2089,208373.4
1787659200000,0.2089,0.2089,0.204,0.2062,1403487.7
1787660100000,0.2062,0.2066,0.2036,0.2054,157437.8
1787661000000,0.2054,0.2057,0.2043,0.2057,64547.1
1787661900000,0.2057,0.2066,0.2048,0.2066,40678.7
1787662800000,0.2066,0.2069,0.2047,0.2052,57458.3
1787663700000,0.2052,0.2052,0.2006,0.2014,882736.1
1787664600000,0.2014,0.2046,0.2009,0.2028,158054.3
1787665500000,0.2028,0.2036,0.1993,0.2035,505586.5
1787666400000,0.2035,0.2041,0.2027,0.2036,187666.2
1787667300000,0.2036,0.2038,0.2026,0.2036,156725.6
1787668200000,0.2036,0.2052,0.2026,0.2026,779544.1
1787669100000,0.2026,0.2043,0.2026,0.2031,40319.2
1787670000000,0.2031,0.2035,0.2008,0.2011,460479.1
1787670900000,0.2011,0.2019,0.2005,0.2013,129246.5
1787671800000,0.2013,0.2022,0.1998,0.2003,356611.9
1787672700000,0.2003,0.2024,0.1994,0.2022,374367.3
1787673600000,0.2022,0.2034,0.2004,0.2009,325927.8
1787674500000,0.2009,0.2009,0.1995,0.1999,70174.6
1787675400000,0.1999,0.2009,0.1996,0.2006,183176.8
1787676300000,0.2006,0.202,0.1975,0.199,1269765.9
1787677200000,0.199,0.1994,0.1948,0.1961,1020612.4
1787678100000,0.1961,0.1966,0.1956,0.196,103274.4
1787679000000,0.196,0.1982,0.1959,0.1975,224030
1787679900000,0.1975,0.198,0.1969,0.1977,84875.2
1787680800000,0.1977,0.1978,0.1963,0.1977,60856.3
1787681700000,0.1977,0.1987,0.1974,0.1974,40821.9
1787682600000,0.1974,0.1978,0.1964,0.1978,273106.7
1787683500000,0.1978,0.1982,0.1963,0.1968,57106.9
1787684400000,0.1968,0.1969,0.1956,0.196,50555.8
1787685300000,0.196,0.196,0.195,0.195,40399.3
1787686200000,0.195,0.1958,0.1944,0.1951,117185.7
1787687100000,0.1951,0.1963,0.195,0.1959,50631.3
1787688000000,0.1959,0.1961,0.1945,0.1955,100227.6
1787688900000,0.1955,0.1962,0.1952,0.1957,32241.1
1787689800000,0.1957,0.1957,0.1928,0.1937,325947.1
1787690700000,0.1937,0.1942,0.1927,0.1932,224288.5
1787691600000,0.1932,0.1941,0.1898,0.1929,444965.6
1787692500000,0.1929,0.193,0.1916,0.1928,40700.4
1787693400000,0.1928,0.1957,0.1927,0.1943,859832.2
1787694300000,0.1943,0.1961,0.1943,0.1958,104385.8
1787695200000,0.1958,0.1978,0.1955,0.1974,117032.6
1787696100000,0.1974,0.1977,0.1965,0.1966,65554.3
1787697000000,0.1966,0.1975,0.1966,0.1969,15307.7
1787697900000,0.1969,0.1974,0.1966,0.1973,73566.9
1787698800000,0.1973,0.1978,0.1967,0.1969,21144.4
1787699700000,0.1969,0.1972,0.1948,0.1958,557045.8
1787700600000,0.1958,0.1958,0.1947,0.1948,52164.7
1787701500000,0.1948,0.1953,0.1946,0.1953,38091.9
1787702400000,0.1953,0.196,0.194,0.1942,259923.5
1787703300000,0.1942,0.1957,0.1939,0.1957,68127.8
1787704200000,0.1957,0.1961,0.1949,0.1955,35961.4
1787705100000,0.1955,0.1974,0.1953,0.1967,12249.7
1787706000000,0.1967,0.1984,0.1967,0.1976,96901.9
1787706900000,0.1976,0.2026,0.1976,0.1996,788814.8
1787707800000,0.1996,0.2021,0.1996,0.2011,204485.9
1787708700000,0.2011,0.2016,0.2006,0.2013,124811.9
1787709600000,0.2013,0.2015,0.2006,0.2013,206458.1
1787710500000,0.2013,0.2043,0.2011,0.2038,252151.1
1787711400000,0.2038,0.2042,0.2031,0.2042,61253.8
1787712300000,0.2042,0.2054,0.2035,0.204,263367.7
1787713200000,0.204,0.2044,0.202,0.2025,143697.9
1787714100000,0.2025,0.2031,0.2011,0.2014,354257.2
1787715000000,0.2014,0.2019,0.2006,0.2013,161883.7
1787715900000,0.2013,0.2027,0.2012,0.2021,156615.8
1787716800000,0.2021,0.2023,0.1996,0.1999,440985.6
1787717700000,0.1999,0.2011,0.1999,0.2006,90564
1787718600000,0.2006,0.2011,0.2001,0.2001,100911.3
1787719500000,0.2001,0.2001,0.1988,0.1989,94965.5
1787720400000,0.1989,0.1991,0.1984,0.1988,198856.4
1787721300000,0.1988,0.1997,0.1982,0.1994,32712.6
1787722200000,0.1994,0.2001,0.1992,0.1998,718900.9
1787723100000,0.1998,0.2003,0.1997,0.2001,24468.2
1787724000000,0.2001,0.2002,0.1995,0.1998,139535.6
1787724900000,0.1998,0.1998,0.1981,0.1986,328633.5
1787725800000,0.1986,0.1992,0.1985,0.1991,64481.1
1787726700000,0.1991,0.1995,0.1989,0.1994,46346.8
1787727600000,0.1994,0.2007,0.1991,0.1997,96255.1
1787728500000,0.1997,0.2004,0.1994,0.2001,117401.3
1787729400000,0.2001,0.2001,0.1994,0.1996,14830.3
1787730300000,0.1996,0.2003,0.1996,0.2002,10104.5
1787731200000,0.2002,0.2026,0.1996,0.2019,181400.3
1787732100000,0.2019,0.202,0.2009,0.2017,19475.3
1787733000000,0.2017,0.2022,0.2012,0.2015,93890.7
1787733900000,0.2015,0.2021,0.1997,0.2009,112623.6
1787734800000,0.2009,0.2025,0.2009,0.2014,49496.6
1787735700000,0.2014,0.2014,0.1999,0.2003,146153.2
1787736600000,0.2003,0.2011,0.1994,0.1994,49221.4
1787737500000,0.1994,0.2003,0.1989,0.1998,9928.8
1787738400000,0.1998,0.1998,0.1991,0.1994,16818.3
1787739300000,0.1994,0.202,0.1994,0.202,24339.5
1787740200000,0.202,0.2026,0.2011,0.202,27173.8
1787741100000,0.202,0.2029,0.2019,0.202,10038.9
1787742000000,0.202,0.2026,0.2017,0.2017,19741.4
1787742900000,0.2017,0.2021,0.201,0.201,11506.1
1787743800000,0.201,0.201,0.199,0.2003,298701
1787744700000,0.2003,0.201,0.2,0.2009,14692.3
1787745600000,0.2009,0.2009,0.2002,0.2007,32589.3
1787746500000,0.2007,0.2049,0.2006,0.2046,163900.4
1787747400000,0.2046,0.2047,0.2006,0.2026,176303.4
1787748300000,0.2026,0.2054,0.2026,0.204,139751.1
1787749200000,0.204,0.2048,0.2029,0.2035,323115.6
1787750100000,0.2035,0.2047,0.2018,0.202,267744.5
1787751000000,0.202,0.2039,0.2012,0.2032,248362.7
1787751900000,0.2032,0.2039,0.2017,0.2034,310452.3
1787752800000,0.2034,0.2043,0.2024,0.2025,75274.7
1787753700000,0.2025,0.203,0.1997,0.2,185441.4
1787754600000,0.2,0.2002,0.1986,0.1993,239583.7
1787755500000,0.1993,0.2002,0.1968,0.1969,373067.3
1787756400000,0.1969,0.1982,0.1955,0.1974,234083.8
1787757300000,0.1974,0.1994,0.1968,0.1993,42098.5
1787758200000,0.1993,0.1993,0.1981,0.1981,615551.1
1787759100000,0.1981,0.1987,0.1974,0.1976,27222.4
1787760000000,0.1976,0.1979,0.1964,0.1969,251228.9
1787760900000,0.1969,0.197,0.1959,0.196,52539.4
1787761800000,0.196,0.1975,0.1953,0.1955,243836.5
1787762700000,0.1955,0.1983,0.1955,0.1976,200035.4
1787763600000,0.1976,0.1994,0.1976,0.1993,133875.9
1787764500000,0.1993,0.2033,0.1993,0.2023,638850.1
1787765400000,0.2023,0.2024,0.2006,0.2006,67945.6
1787766300000,0.2006,0.2006,0.1991,0.1996,275681.3
1787767200000,0.1996,0.2003,0.1993,0.1994,107449.7
1787768100000,0.1994,0.2014,0.1992,0.2007,267932.4
1787769000000,0.2007,0.2011,0.1986,0.1989,123027.1
1787769900000,0.1989,0.2002,0.1988,0.1998,92077.6
1787770800000,0.1998,0.2002,0.1995,0.1996,18433.8
1787771700000,0.1996,0.2017,0.1996,0.2015,125712.1
1787772600000,0.2015,0.2017,0.199,0.1992,167484
1787773500000,0.1992,0.1999,0.1983,0.1983,146153.3
1787774400000,0.1983,0.1987,0.1979,0.1984,38635.2
1787775300000,0.1984,0.1988,0.1967,0.1978,78579.3
1787776200000,0.1978,0.1986,0.1974,0.1983,18367.4
1787777100000,0.1983,0.1992,0.1982,0.1991,67272
1787778000000,0.1991,0.2016,0.1991,0.2016,60505.2
1787778900000,0.2016,0.2027,0.2004,0.202,171997.2
1787779800000,0.202,0.202,0.2008,0.2009,27579.4
1787780700000,0.2009,0.2071,0.2007,0.2069,811264.3
1787781600000,0.2069,0.2095,0.2064,0.2075,154414.3
1787782500000,0.2075,0.2105,0.2075,0.209,315044.8
1787783400000,0.209,0.2098,0.207,0.2094,388636.4
1787784300000,0.2094,0.2094,0.2069,0.2071,316483.5
1787785200000,0.2071,0.2078,0.2065,0.2068,67383.2
1787786100000,0.2068,0.2085,0.2068,0.2083,80019.2
1787787000000,0.2083,0.2109,0.2083,0.2108,124841.4
1787787900000,0.2108,0.2142,0.2108,0.2124,761059.3
1787788800000,0.2124,0.2127,0.2104,0.2108,354353.5
1787789700000,0.2108,0.2116,0.2098,0.2108,484753.5
1787790600000,0.2108,0.2108,0.2098,0.2107,73850.4
1787791500000,0.2107,0.2114,0.2094,0.2094,59917.8
1787792400000,0.2094,0.2109,0.2089,0.2093,74465.7
1787793300000,0.2093,0.2128,0.2085,0.2123,82690.6
1787794200000,0.2123,0.213,0.2112,0.2115,70388.4
1787795100000,0.2115,0.2149,0.2115,0.2131,338873.1
1787796000000,0.2131,0.2161,0.2129,0.2144,207953.4
1787796900000,0.2144,0.2149,0.213,0.2133,91472
1787797800000,0.2133,0.2141,0.2129,0.2137,43990.9
1787798700000,0.2137,0.2152,0.2134,0.2136,74360.8
1787799600000,0.2136,0.2142,0.2123,0.2124,70482.3
1787800500000,0.2124,0.2144,0.2124,0.2136,101960.6
1787801400000,0.2136,0.2136,0.2122,0.2126,293650.7
1787802300000,0.2126,0.2135,0.2113,0.2119,109062.6
1787803200000,0.2119,0.2128,0.2111,0.2126,435971.1
1787804100000,0.2126,0.2129,0.2113,0.2115,15214.8
1787805000000,0.2115,0.2117,0.2102,0.2117,100854.1
1787805900000,0.2117,0.2118,0.2096,0.2106,60852.2
1787806800000,0.2106,0.2113,0.2097,0.2108,23044.5
1787807700000,0.2108,0.211,0.2098,0.2098,14231.7
1787808600000,0.2098,0.21,0.2076,0.2092,104663.9
1787809500000,0.2092,0.2102,0.2088,0.2093,78134
1787810400000,0.2093,0.2094,0.2073,0.2076,85099.1
1787811300000,0.2076,0.209,0.2076,0.2086,28978.7
1787812200000,0.2086,0.2098,0.2086,0.2096,93486.6
1787813100000,0.2096,0.2108,0.2096,0.2102,23250.4
1787814000000,0.2102,0.2107,0.2096,0.2105,92019.7
1787814900000,0.2105,0.2107,0.2101,0.2103,90942.2
1787815800000,0.2103,0.2133,0.2102,0.2131,445611
1787816700000,0.2131,0.2135,0.2122,0.2122,40402
1787817600000,0.2122,0.2146,0.2117,0.2135,201815.5
1787818500000,0.2135,0.215,0.2129,0.215,138506.9
1787819400000,0.215,0.2163,0.2133,0.2141,258342.6
1787820300000,0.2141,0.2146,0.2139,0.2146,111401.1
1787821200000,0.2146,0.2146,0.2141,0.2144,114729.9
1787822100000,0.2144,0.2153,0.2138,0.2145,525909.4
1787823000000,0.2145,0.2147,0.212,0.2129,195737.9
1787823900000,0.2129,0.2132,0.2104,0.2104,111048.6
1787824800000,0.2104,0.2119,0.2104,0.211,23141.6
1787825700000,0.211,0.2111,0.2076,0.2093,293407.2
1787826600000,0.2093,0.2093,0.2078,0.2088,78285.6
1787827500000,0.2088,0.2097,0.2083,0.2096,217554.8
1787828400000,0.2096,0.2113,0.2091,0.2106,8601.2
1787829300000,0.2106,0.2113,0.2096,0.2096,119071.1
1787830200000,0.2096,0.21,0.2089,0.2098,27870.7
1787831100000,0.2098,0.2105,0.2083,0.2101,75608.6
1787832000000,0.2101,0.2108,0.2099,0.2104,108744.2
1787832900000,0.2104,0.2104,0.2095,0.21,75325.1
1787833800000,0.21,0.21,0.2087,0.2096,79940.7
1787834700000,0.2096,0.2106,0.2096,0.21,64295.9
1787835600000,0.21,0.211,0.21,0.2108,34354.8
1787836500000,0.2108,0.2119,0.2108,0.2117,64182.8
1787837400000,0.2117,0.2118,0.2093,0.2102,261682.3
1787838300000,0.2102,0.2124,0.2087,0.2124,150647
1787839200000,0.2124,0.2124,0.21,0.2101,116790.2
1787840100000,0.2101,0.2126,0.2101,0.2116,239289.1
1787841000000,0.2116,0.2162,0.2116,0.2162,344167.1
1787841900000,0.2162,0.2171,0.2137,0.2139,165164.6
1787842800000,0.2139,0.2171,0.2134,0.2161,265762.7
1787843700000,0.2161,0.2199,0.2159,0.2192,588046.1
1787844600000,0.2192,0.2244,0.2191,0.2237,1193585.5
1787845500000,0.2237,0.225,0.222,0.2232,656376.5
1787846400000,0.2232,0.2261,0.2218,0.2236,1105583.1
1787847300000,0.2236,0.2311,0.2233,0.2306,591643.6
1787848200000,0.2306,0.2354,0.2288,0.234,1923395.1
1787849100000,0.234,0.2372,0.2307,0.2315,1903700.3
1787850000000,0.2315,0.2317,0.2282,0.2303,1135920
1787850900000,0.2303,0.232,0.2287,0.2291,380731.1
1787851800000,0.2291,0.2295,0.2267,0.2273,267508.6
1787852700000,0.2273,0.2285,0.226,0.2273,109239.2
1787853600000,0.2273,0.2285,0.2249,0.2263,505447.5
1787854500000,0.2263,0.2276,0.2209,0.2211,562498.4
1787855400000,0.2211,0.2218,0.2202,0.2202,254045.8
1787856300000,0.2202,0.2207,0.2194,0.2204,156663.3
1787857200000,0.2204,0.2233,0.2204,0.2223,481031.7
1787858100000,0.2223,0.2228,0.2209,0.2215,171156.1
1787859000000,0.2215,0.2229,0.2213,0.2229,139412.3
1787859900000,0.2229,0.2233,0.2223,0.2226,62927.6
1787860800000,0.2226,0.2228,0.2187,0.2191,324504
1787861700000,0.2191,0.2216,0.2187,0.2198,261766.7
1787862600000,0.2198,0.2205,0.2197,0.2202,29408.4
1787863500000,0.2202,0.2207,0.2188,0.2207,39684.4
1787864400000,0.2207,0.2208,0.2197,0.2198,68175.2
1787865300000,0.2198,0.2199,0.2161,0.2174,911392.6
1787866200000,0.2174,0.2189,0.2174,0.2179,92701.6
1787867100000,0.2179,0.2191,0.2179,0.2191,59996
1787868000000,0.2191,0.2206,0.2189,0.2192,169740.1
1787868900000,0.2192,0.2197,0.218,0.2181,54536.8
1787869800000,0.2181,0.219,0.2181,0.2187,63722.6
1787870700000,0.2187,0.2187,0.2178,0.2184,30498
1787871600000,0.2184,0.2189,0.2181,0.2181,72363
1787872500000,0.2181,0.2192,0.2175,0.2192,42571.8
1787873400000,0.2192,0.2192,0.2185,0.2187,62558.7
1787874300000,0.2187,0.2187,0.2173,0.2173,68155.4
1787875200000,0.2173,0.2174,0.2165,0.217,122854.1
1787876100000,0.217,0.2182,0.217,0.2182,17823.2
1787877000000,0.2182,0.2188,0.2176,0.2183,27485.7
1787877900000,0.2183,0.2188,0.2178,0.2186,38983.9
1787878800000,0.2186,0.2196,0.2178,0.2191,191014.6
1787879700000,0.2191,0.2218,0.219,0.2217,101390.5
1787880600000,0.2217,0.2234,0.2195,0.2211,902366.1
1787881500000,0.2211,0.2212,0.2192,0.2195,131422
1787882400000,0.2195,0.2207,0.2185,0.2191,148896.7
1787883300000,0.2191,0.2193,0.2145,0.2146,461022.6
1787884200000,0.2146,0.2165,0.2139,0.2162,143670.6
1787885100000,0.2162,0.2162,0.2144,0.2151,81503.1
1787886000000,0.2151,0.2158,0.214,0.2149,166582.2
1787886900000,0.2149,0.2171,0.2149,0.2165,63378.6
1787887800000,0.2165,0.2167,0.2156,0.2161,68519.3
1787888700000,0.2161,0.2168,0.2159,0.2162,40689.1
1787889600000,0.2162,0.2164,0.2141,0.216,115970.7
1787890500000,0.216,0.2176,0.216,0.2162,153006.3
1787891400000,0.2162,0.2162,0.2147,0.2156,27195.3
1787892300000,0.2156,0.2166,0.2154,0.216,114667.3
1787893200000,0.216,0.216,0.2148,0.2151,15573
1787894100000,0.2151,0.2151,0.2144,0.2149,12833.2
1787895000000,0.2149,0.2159,0.2146,0.215,76584
1787895900000,0.215,0.2157,0.2147,0.2148,11458.1
1787896800000,0.2148,0.2171,0.2148,0.2164,66087
1787897700000,0.2164,0.2164,0.2157,0.2157,42496.7
1787898600000,0.2157,0.2177,0.2155,0.2172,145203.2
1787899500000,0.2172,0.2179,0.2167,0.2177,88459
1787900400000,0.2177,0.2178,0.2144,0.2145,43160.2
1787901300000,0.2145,0.2154,0.2137,0.2141,167436.2
1787902200000,0.2141,0.2146,0.2134,0.2134,234740.8
1787903100000,0.2134,0.2147,0.2134,0.214,7802.5
1787904000000,0.214,0.2152,0.214,0.2146,63889.4
1787904900000,0.2146,0.2153,0.2144,0.2153,16511.7
1787905800000,0.2153,0.2154,0.2144,0.2144,14069.3
1787906700000,0.2144,0.2146,0.2125,0.2132,188442.7
1787907600000,0.2132,0.2144,0.2128,0.2144,372699.9
1787908500000,0.2144,0.215,0.2142,0.2147,6801.1
1787909400000,0.2147,0.2147,0.2131,0.2131,64569
1787910300000,0.2131,0.2136,0.213,0.2131,41626.4
1787911200000,0.2131,0.2139,0.2114,0.2139,142489.8
1787912100000,0.2139,0.2147,0.2136,0.2142,66809.5
1787913000000,0.2142,0.2148,0.2138,0.2148,30355.5
1787913900000,0.2148,0.2168,0.2141,0.2168,146540.1
1787914800000,0.2168,0.2178,0.2165,0.2177,137637.9
1787915700000,0.2177,0.2181,0.2175,0.2176,63461
1787916600000,0.2176,0.2177,0.2168,0.217,75431
1787917500000,0.217,0.2172,0.2165,0.217,108296.6
1787918400000,0.217,0.2189,0.2167,0.2179,219048
1787919300000,0.2179,0.2196,0.2173,0.2187,266028.1
1787920200000,0.2187,0.2188,0.2172,0.2188,90028.3
1787921100000,0.2188,0.219,0.2175,0.2177,40925
1787922000000,0.2177,0.2186,0.2174,0.2174,39727.4
1787922900000,0.2174,0.2174,0.2149,0.215,350532.2
1787923800000,0.215,0.216,0.2139,0.2139,73648.8
1787924700000,0.2139,0.2158,0.2108,0.213,595074.9
1787925600000,0.213,0.2156,0.2085,0.2099,1665883.9
1787926500000,0.2099,0.2125,0.2094,0.2124,129538
1787927400000,0.2124,0.217,0.2115,0.2162,218954.9
1787928300000,0.2162,0.2184,0.2154,0.2169,235996.3
1787929200000,0.2169,0.218,0.2133,0.2137,282204.2
1787930100000,0.2137,0.216,0.2134,0.2139,130360.7
1787931000000,0.2139,0.214,0.2102,0.2102,247859.8
1787931900000,0.2102,0.2112,0.2078,0.208,696839.7
1787932800000,0.208,0.2086,0.2045,0.2061,1147302.3
1787933700000,0.2061,0.2068,0.2026,0.2065,911850.6
1787934600000,0.2065,0.2091,0.2061,0.2079,349724
1787935500000,0.2079,0.2085,0.2059,0.2062,72772.2
1787936400000,0.2062,0.2064,0.2048,0.2062,282605.5
1787937300000,0.2062,0.2065,0.2034,0.2041,289058.6
1787938200000,0.2041,0.2045,0.2033,0.2038,59729.7
1787939100000,0.2038,0.205,0.2032,0.2033,855387.8
1787940000000,0.2033,0.2033,0.2004,0.2013,1231778
1787940900000,0.2013,0.2016,0.1997,0.2014,424203
1787941800000,0.2014,0.2014,0.2004,0.2007,28420.7
1787942700000,0.2007,0.2015,0.2,0.2015,249783.1
1787943600000,0.2015,0.203,0.2014,0.2022,473789.2
1787944500000,0.2022,0.2027,0.202,0.2021,56452.7
1787945400000,0.2021,0.2026,0.2018,0.2022,14878.6
1787946300000,0.2022,0.2023,0.2017,0.202,3653.7
1787947200000,0.202,0.2029,0.2011,0.2025,76645.2
1787948100000,0.2025,0.2033,0.2022,0.2033,224210
1787949000000,0.2033,0.2041,0.2021,0.2041,101205.8
1787949900000,0.2041,0.2042,0.2031,0.2035,86552.3
1787950800000,0.2035,0.2042,0.2032,0.204,20886.6
1787951700000,0.204,0.2045,0.2034,0.2043,18982.3
1787952600000,0.2043,0.2053,0.2037,0.2038,301435.9
1787953500000,0.2038,0.2038,0.202,0.2023,36694
1787954400000,0.2023,0.2036,0.2019,0.2036,13021.1
1787955300000,0.2036,0.2038,0.2032,0.2036,113059.8
1787956200000,0.2036,0.2036,0.2032,0.2033,6174.2
1787957100000,0.2033,0.2044,0.2033,0.2041,18973.9
1787958000000,0.2041,0.2046,0.2034,0.2044,35444.9
1787958900000,0.2044,0.2046,0.2038,0.2045,54934.9
1787959800000,0.2045,0.2045,0.2042,0.2043,5131.8
1787960700000,0.2043,0.2043,0.2042,0.2043,6584
1787961600000,0.2043,0.2047,0.2043,0.2043,12530.1
1787962500000,0.2043,0.2048,0.2041,0.2047,20554.7
1787963400000,0.2047,0.2048,0.2042,0.2042,8598.2
1787964300000,0.2042,0.2042,0.2038,0.2038,6447
1787965200000,0.2038,0.2038,0.2031,0.2034,7761
1787966100000,0.2034,0.2036,0.2034,0.2035,983.5
1787967000000,0.2035,0.204,0.2034,0.2035,6897.4
1787967900000,0.2035,0.2037,0.2029,0.2029,12328.9
1787968800000,0.2029,0.2029,0.2021,0.2025,14872
1787969700000,0.2025,0.2025,0.2013,0.2016,32502.5
1787970600000,0.2016,0.2022,0.2012,0.2019,9025.8
1787971500000,0.2019,0.2027,0.2017,0.2025,30238.4
1787972400000,0.2025,0.2025,0.2017,0.2017,16779
1787973300000,0.2017,0.2022,0.2015,0.2022,116038.1
1787974200000,0.2022,0.2022,0.2011,0.2013,114437.9
1787975100000,0.2013,0.2013,0.2008,0.2009,7658.1
1787976000000,0.2009,0.2018,0.2007,0.2015,16083.8
1787976900000,0.2015,0.2015,0.2013,0.2013,6414.2
1787977800000,0.2013,0.2013,0.2008,0.2011,9013.1
1787978700000,0.2011,0.2021,0.2011,0.2019,6543.8
1787979600000,0.2019,0.2025,0.2018,0.2025,7732.1
1787980500000,0.2025,0.2029,0.2023,0.2025,29192.5
1787981400000,0.2025,0.2027,0.2022,0.2024,16658.8
1787982300000,0.2024,0.2026,0.202,0.2023,7508.8
1787983200000,0.2023,0.2024,0.201,0.201,40513.4
1787984100000,0.201,0.201,0.2,0.2,168508.2
1787985000000,0.2,0.2007,0.1999,0.2007,12324.1
1787985900000,0.2007,0.2007,0.2005,0.2005,4988.8
1787986800000,0.2005,0.2009,0.1999,0.2,25112.7
1787987700000,0.2,0.2005,0.1998,0.2001,16732.8
1787988600000,0.2001,0.2005,0.2001,0.2003,3315.5
1787989500000,0.2003,0.2008,0.2001,0.2002,16474.7
1787990400000,0.2002,0.2002,0.1985,0.1993,75154.9
1787991300000,0.1993,0.1998,0.1993,0.1998,101223.4
1787992200000,0.1998,0.1998,0.1986,0.1988,135079.2
1787993100000,0.1988,0.1988,0.1981,0.1986,61773.1
1787994000000,0.1986,0.1997,0.1986,0.1997,25940.7
1787994900000,0.1997,0.1998,0.1995,0.1995,14412.2
1787995800000,0.1995,0.2001,0.1995,0.2,57519.3
1787996700000,0.2,0.2003,0.1998,0.2001,5682.2
1787997600000,0.2001,0.2001,0.199,0.1996,10929.6
1787998500000,0.1996,0.2006,0.1996,0.2002,6662
1787999400000,0.2002,0.2002,0.1995,0.1995,1229.5
1788000300000,0.1995,0.1999,0.1995,0.1999,776.5
1788001200000,0.1999,0.2,0.1995,0.2,6084
1788002100000,0.2,0.2007,0.2,0.2005,140753.3
1788003000000,0.2005,0.2011,0.2003,0.2003,49872.6
1788003900000,0.2003,0.2005,0.2003,0.2003,12545.7
1788004800000,0.2003,0.2004,0.1989,0.1991,270440.8
1788005700000,0.1991,0.1997,0.1987,0.199,10216.6
1788006600000,0.199,0.1992,0.1986,0.1988,90312.2
1788007500000,0.1988,0.1988,0.1986,0.1987,2991.3
1788008400000,0.1987,0.1988,0.1983,0.1986,19840.6
1788009300000,0.1986,0.1994,0.1986,0.1994,9341.4
1788010200000,0.1994,0.1994,0.1991,0.1991,2969.3
1788011100000,0.1991,0.1998,0.1991,0.1998,14790.2
1788012000000,0.1998,0.2005,0.1996,0.2002,10868
1788012900000,0.2002,0.2013,0.2,0.2009,12503.5
1788013800000,0.2009,0.2029,0.2009,0.2022,37018.6
1788014700000,0.2022,0.2043,0.2022,0.2032,386142.2
1788015600000,0.2032,0.2032,0.2018,0.2023,19719.7
1788016500000,0.2023,0.2023,0.2013,0.2018,33264
1788017400000,0.2018,0.2018,0.2008,0.2012,13390.9
1788018300000,0.2012,0.2018,0.2008,0.2008,10853.7
1788019200000,0.2008,0.203,0.2008,0.2019,158197
1788020100000,0.2019,0.2025,0.2003,0.2006,48802.6
1788021000000,0.2006,0.2012,0.2005,0.2008,12077.6
1788021900000,0.2008,0.2013,0.2005,0.2005,6726.5
1788022800000,0.2005,0.2005,0.1997,0.1997,23577.8
1788023700000,0.1997,0.1999,0.1987,0.1988,12465.6
1788024600000,0.1988,0.1996,0.1988,0.1995,11263
1788025500000,0.1995,0.1997,0.1991,0.1992,5043.9
1788026400000,0.1992,0.1998,0.1992,0.1994,2399.8
1788027300000,0.1994,0.2003,0.1994,0.2003,10173.3
1788028200000,0.2003,0.2009,0.2,0.2008,26285.5
1788029100000,0.2008,0.2058,0.2008,0.2026,1781303.7
1788030000000,0.2026,0.2045,0.2026,0.2036,251879.8
1788030900000,0.2036,0.2043,0.2032,0.2036,108849.1
1788031800000,0.2036,0.204,0.2028,0.2035,51810.1
1788032700000,0.2035,0.2035,0.2024,0.2025,57883.4
1788033600000,0.2025,0.2032,0.2025,0.2029,63676.6
1788034500000,0.2029,0.2031,0.2021,0.2022,31524.6
1788035400000,0.2022,0.2027,0.2019,0.2025,69903.7
1788036300000,0.2025,0.2026,0.2024,0.2024,2812.1
1788037200000,0.2024,0.2029,0.202,0.2029,41010.9
1788038100000,0.2029,0.2029,0.2016,0.2018,28506.5
1788039000000,0.2018,0.2023,0.2018,0.2023,40080.7
1788039900000,0.2023,0.2024,0.2015,0.2015,32552.5
1788040800000,0.2015,0.2018,0.2011,0.2013,6494.1
1788041700000,0.2013,0.2015,0.201,0.2015,21176.4
1788042600000,0.2015,0.2016,0.2014,0.2015,954.1
1788043500000,0.2015,0.2016,0.2015,0.2016,20564.8
1788044400000,0.2016,0.2018,0.2013,0.2015,91963.8
1788045300000,0.2015,0.2017,0.201,0.2015,57128
1788046200000,0.2015,0.2016,0.2012,0.2012,9563.9
1788047100000,0.2012,0.202,0.2012,0.2018,9679.1
1788048000000,0.2018,0.2018,0.2014,0.2014,38132.5
1788048900000,0.2014,0.2022,0.2012,0.2012,7194.6
1788049800000,0.2012,0.2015,0.2011,0.2013,18317.2
1788050700000,0.2013,0.2013,0.2009,0.2009,14467.5
1788051600000,0.2009,0.2009,0.2002,0.2002,35914.3
1788052500000,0.2002,0.2002,0.1997,0.1998,43780.5
1788053400000,0.1998,0.2008,0.1998,0.2006,18995.3
1788054300000,0.2006,0.2007,0.1998,0.1999,8819.6
1788055200000,0.1999,0.2003,0.1997,0.1999,13915.9
1788056100000,0.1999,0.2004,0.1999,0.2001,9006.7
1788057000000,0.2001,0.2001,0.1994,0.1999,54082.3
1788057900000,0.1999,0.2002,0.1998,0.2,8576.8
1788058800000,0.2,0.2001,0.1996,0.1997,18322.3
1788059700000,0.1997,0.1997,0.1993,0.1994,2948.3
1788060600000,0.1994,0.1998,0.1994,0.1997,9309.3
1788061500000,0.1997,0.1997,0.1988,0.199,14745.1
1788062400000,0.199,0.1994,0.1987,0.1988,5756.5
1788063300000,0.1988,0.1996,0.1988,0.1995,5118.3
1788064200000,0.1995,0.1995,0.1992,0.1993,2206.8
1788065100000,0.1993,0.1994,0.1982,0.1994,26740
1788066000000,0.1994,0.2003,0.1993,0.1993,121795
1788066900000,0.1993,0.1995,0.1993,0.1995,2824.3
1788067800000,0.1995,0.1995,0.199,0.1993,8200.5
1788068700000,0.1993,0.1995,0.1993,0.1995,717.3
1788069600000,0.1995,0.1995,0.1991,0.1991,3595.3
1788070500000,0.1991,0.2003,0.1991,0.2003,50519
1788071400000,0.2003,0.2003,0.1998,0.1998,4000.5
1788072300000,0.1998,0.2006,0.1997,0.2006,9674.4
1788073200000,0.2006,0.2006,0.1998,0.2001,12135.7
1788074100000,0.2001,0.2002,0.1993,0.1997,65143.5
1788075000000,0.1997,0.1997,0.1989,0.1991,103243.9
1788075900000,0.1991,0.1991,0.1985,0.1988,9930.2
1788076800000,0.1988,0.199,0.1984,0.1987,22272.4
1788077700000,0.1987,0.1993,0.1987,0.1989,18757.2
1788078600000,0.1989,0.1992,0.1978,0.1981,130374.8
1788079500000,0.1981,0.1983,0.1974,0.1983,62217.1
1788080400000,0.1983,0.1987,0.1982,0.1986,25329.5
1788081300000,0.1986,0.1987,0.1974,0.1974,41303.6
1788082200000,0.1974,0.1983,0.1974,0.1979,45981.6
1788083100000,0.1979,0.1982,0.1976,0.1976,9701.6
1788084000000,0.1976,0.1986,0.1972,0.1983,156217.1
1788084900000,0.1983,0.1991,0.198,0.1987,17153.7
1788085800000,0.1987,0.1998,0.1987,0.1998,89019.3
1788086700000,0.1998,0.2002,0.1997,0.1997,20475.6
1788087600000,0.1997,0.2003,0.1997,0.2003,19736.2
1788088500000,0.2003,0.2006,0.1999,0.2006,49752
1788089400000,0.2006,0.2007,0.2,0.2003,43735.7
1788090300000,0.2003,0.2006,0.2001,0.2005,8232
1788091200000,0.2005,0.2027,0.2005,0.2023,115686.8
1788092100000,0.2023,0.2023,0.2011,0.2018,21012.8
1788093000000,0.2018,0.2018,0.2006,0.201,24755
1788093900000,0.201,0.2019,0.2006,0.2017,30825.3
1788094800000,0.2017,0.2022,0.2013,0.2013,47593
1788095700000,0.2013,0.2014,0.201,0.201,8559
1788096600000,0.201,0.2018,0.2005,0.201,84780.6
1788097500000,0.201,0.2016,0.2009,0.2009,39008
1788098400000,0.2009,0.2015,0.2007,0.2015,17767.4
1788099300000,0.2015,0.2015,0.2005,0.2008,56022.9
1788100200000,0.2008,0.2009,0.2001,0.2007,48065.6
1788101100000,0.2007,0.2011,0.2004,0.2007,16778
1788102000000,0.2007,0.2008,0.199,0.199,118861.9
1788102900000,0.199,0.1998,0.1987,0.1993,104535.1
1788103800000,0.1993,0.2,0.1993,0.1997,30363.5
1788104700000,0.1997,0.1998,0.1991,0.1996,230599.9
1788105600000,0.1996,0.2023,0.1996,0.202,28982.4
1788106500000,0.202,0.2025,0.2011,0.2012,80173.1
1788107400000,0.2012,0.2021,0.2008,0.2016,103759.3
1788108300000,0.2016,0.2037,0.2016,0.203,85083.6
1788109200000,0.203,0.2051,0.2021,0.2034,760505
1788110100000,0.2034,0.2034,0.2012,0.2029,215550
1788111000000,0.2029,0.2036,0.2024,0.2029,74749.2
1788111900000,0.2029,0.203,0.2017,0.2027,100051.5
1788112800000,0.2027,0.203,0.2011,0.2011,40754.6
1788113700000,0.2011,0.2022,0.2011,0.2022,50401.6
1788114600000,0.2022,0.2032,0.2022,0.2026,34445.8
1788115500000,0.2026,0.2029,0.2023,0.2027,15131
1788116400000,0.2027,0.2029,0.2019,0.2029,129469.2
1788117300000,0.2029,0.2029,0.2015,0.2017,45549.3
1788118200000,0.2017,0.2019,0.2002,0.2005,166530.8
1788119100000,0.2005,0.2011,0.2002,0.2007,42303.4
1788120000000,0.2007,0.2013,0.2006,0.2009,29451.7
1788120900000,0.2009,0.2012,0.2,0.2001,9889.6
1788121800000,0.2001,0.2001,0.1977,0.1979,242205
1788122700000,0.1979,0.1995,0.1979,0.1991,22349.4
1788123600000,0.1991,0.1992,0.1963,0.199,436106.5
1788124500000,0.199,0.1998,0.1988,0.1997,7051.1
1788125400000,0.1997,0.2005,0.1992,0.1992,57606.4
1788126300000,0.1992,0.1994,0.1987,0.1992,38808.4
1788127200000,0.1992,0.2011,0.1979,0.1981,89703.5
1788128100000,0.1981,0.1981,0.1966,0.1973,509519.6
1788129000000,0.1973,0.1973,0.1953,0.1954,317817.3
1788129900000,0.1954,0.1964,0.1949,0.1964,264303.9
1788130800000,0.1964,0.1964,0.1955,0.196,75354.6
1788131700000,0.196,0.196,0.1908,0.1919,1346743.3
1788132600000,0.1919,0.193,0.1874,0.1882,2089209.6
1788133500000,0.1882,0.1899,0.1858,0.1896,978725.2
1788134400000,0.1896,0.1907,0.1885,0.1907,209526.4
1788135300000,0.1907,0.1922,0.1905,0.1917,177323.3
1788136200000,0.1917,0.1931,0.1917,0.1925,419786.6
1788137100000,0.1925,0.1926,0.1919,0.1919,12362.4
1788138000000,0.1919,0.1923,0.1905,0.1908,19500.5
1788138900000,0.1908,0.1921,0.1907,0.1911,39497.9
1788139800000,0.1911,0.1916,0.1904,0.1905,49614.4
1788140700000,0.1905,0.1906,0.1899,0.1899,56385.8
1788141600000,0.1899,0.1929,0.1898,0.1928,60650.1
1788142500000,0.1928,0.193,0.192,0.192,39536.1
1788143400000,0.192,0.1922,0.1914,0.1914,5520
1788144300000,0.1914,0.1918,0.1904,0.1917,63607.9
1788145200000,0.1917,0.1926,0.1914,0.1923,795934.3
1788146100000,0.1923,0.1929,0.1919,0.1929,14398.6
1788147000000,0.1929,0.1936,0.1928,0.1935,107676.2
1788147900000,0.1935,0.1937,0.1924,0.1927,222042.9
1788148800000,0.1927,0.1929,0.1904,0.1905,103796.8
1788149700000,0.1905,0.1909,0.1904,0.1907,54385.9
1788150600000,0.1907,0.1911,0.1904,0.1909,25128.2
1788151500000,0.1909,0.1914,0.1906,0.1912,38524.3
1788152400000,0.1912,0.1919,0.1908,0.1919,84486.2
1788153300000,0.1919,0.1931,0.1915,0.193,41710.1
1788154200000,0.193,0.1932,0.1926,0.1932,18639.4
1788155100000,0.1932,0.1938,0.1932,0.1932,42416.4
1788156000000,0.1932,0.1937,0.1926,0.1931,277431.2
1788156900000,0.1931,0.1939,0.1929,0.1931,29926.6
1788157800000,0.1931,0.1932,0.1925,0.1932,75432.9
1788158700000,0.1932,0.1932,0.1929,0.1932,15459.3
1788159600000,0.1932,0.1932,0.1926,0.1931,60260
1788160500000,0.1931,0.1935,0.1929,0.1931,20494.4
1788161400000,0.1931,0.1931,0.1926,0.193,69646.7
1788162300000,0.193,0.193,0.1928,0.1928,4766.2
1788163200000,0.1928,0.1931,0.1919,0.1927,41006.4
1788164100000,0.1927,0.1927,0.1915,0.192,34378
1788165000000,0.192,0.1938,0.1918,0.1931,37223.8
1788165900000,0.1931,0.1934,0.1925,0.193,113232.5
1788166800000,0.193,0.1943,0.1928,0.1932,144668.7
1788167700000,0.1932,0.1942,0.1928,0.1932,162481.4
1788168600000,0.1932,0.1952,0.1932,0.1943,273724.7
1788169500000,0.1943,0.1948,0.1942,0.1945,15222
1788170400000,0.1945,0.1951,0.1941,0.1946,472743.7
1788171300000,0.1946,0.1946,0.194,0.1942,21080.3
1788172200000,0.1942,0.1958,0.1942,0.1954,30593.5
1788173100000,0.1954,0.1965,0.1953,0.1959,42679.9
1788174000000,0.1959,0.1964,0.1956,0.1964,64791
1788174900000,0.1964,0.1968,0.1958,0.1966,79602.7
1788175800000,0.1966,0.1966,0.1959,0.1961,27347.7
1788176700000,0.1961,0.1982,0.1961,0.1978,102617.8
1788177600000,0.1978,0.1995,0.1973,0.1984,243669.6
1788178500000,0.1984,0.1992,0.1968,0.1973,117931.8
1788179400000,0.1973,0.1973,0.1944,0.1951,138596.9
1788180300000,0.1951,0.1957,0.1949,0.1953,44390.8
1788181200000,0.1953,0.1964,0.1951,0.1961,47471.6
1788182100000,0.1961,0.1969,0.1959,0.1964,48520.3
1788183000000,0.1964,0.1976,0.1951,0.1951,23012.3
1788183900000,0.1951,0.1954,0.1937,0.1943,138358.6
1788184800000,0.1943,0.1951,0.1939,0.1948,39996.1
1788185700000,0.1948,0.1951,0.194,0.1951,32400.9
1788186600000,0.1951,0.1986,0.1949,0.1982,129718.2
1788187500000,0.1982,0.1993,0.1982,0.1992,110922.2
1788188400000,0.1992,0.1994,0.1965,0.1967,238226.9
1788189300000,0.1967,0.1974,0.1963,0.1967,77592.5
1788190200000,0.1967,0.1973,0.1959,0.197,14733.7
1788191100000,0.197,0.1971,0.1963,0.1965,5078.1
1788192000000,0.1965,0.197,0.1959,0.1964,54967
1788192900000,0.1964,0.1973,0.196,0.1967,125205.1
1788193800000,0.1967,0.1985,0.1965,0.1984,22265.8
1788194700000,0.1984,0.1986,0.1975,0.1976,58689
1788195600000,0.1976,0.1976,0.1967,0.1972,34999.1
1788196500000,0.1972,0.1979,0.1965,0.1969,31611
1788197400000,0.1969,0.1982,0.1967,0.197,22605.9
1788198300000,0.197,0.1971,0.1964,0.1964,6264
1788199200000,0.1964,0.1964,0.1956,0.1958,33290.2
1788200100000,0.1958,0.1968,0.1955,0.1958,37201.5
1788201000000,0.1958,0.1971,0.1954,0.1971,14749.2
1788201900000,0.1971,0.1971,0.1963,0.1967,36266.5
1788202800000,0.1967,0.1974,0.1964,0.1973,9355.4
1788203700000,0.1973,0.1973,0.1964,0.1967,6971.6
1788204600000,0.1967,0.1968,0.196,0.1962,31194.2
1788205500000,0.1962,0.1966,0.1962,0.1965,8875.7
1788206400000,0.1965,0.1976,0.1963,0.1976,40348.3
1788207300000,0.1976,0.1998,0.1974,0.1978,515096.9
1788208200000,0.1978,0.1981,0.1965,0.1978,29736.4
1788209100000,0.1978,0.1979,0.1972,0.1975,59374.2
1788210000000,0.1975,0.1978,0.1966,0.1972,42202.4
1788210900000,0.1972,0.1979,0.197,0.1979,32386
1788211800000,0.1979,0.1989,0.1979,0.1986,29713.1
1788212700000,0.1986,0.1995,0.1981,0.1981,6222.3
1788213600000,0.1981,0.1987,0.1976,0.1976,59349.4
1788214500000,0.1976,0.198,0.1973,0.1979,36559.2
1788215400000,0.1979,0.1988,0.1979,0.1986,17736.7
1788216300000,0.1986,0.1991,0.1983,0.1988,21779.4
1788217200000,0.1988,0.1988,0.1972,0.1978,397926.5
1788218100000,0.1978,0.198,0.1975,0.1977,25674.5
1788219000000,0.1977,0.1977,0.1973,0.1975,3315
1788219900000,0.1975,0.1975,0.1966,0.1972,56197
1788220800000,0.1972,0.1986,0.1971,0.1986,27559.2
1788221700000,0.1986,0.1998,0.1983,0.1991,22532.2
1788222600000,0.1991,0.1994,0.1981,0.1983,135859.3
1788223500000,0.1983,0.1989,0.198,0.1982,99337.2
1788224400000,0.1982,0.1987,0.1974,0.1974,17024.6
1788225300000,0.1974,0.1975,0.1962,0.1969,60416.1
1788226200000,0.1969,0.1975,0.1964,0.1975,25967.3
1788227100000,0.1975,0.1975,0.1968,0.1969,12237.3
1788228000000,0.1969,0.1969,0.1953,0.1955,79433.9
1788228900000,0.1955,0.1964,0.1955,0.196,88066.9
1788229800000,0.196,0.1961,0.1953,0.1957,16431.8
1788230700000,0.1957,0.1959,0.1953,0.1953,42037.5
1788231600000,0.1953,0.1962,0.195,0.1957,11305.8
1788232500000,0.1957,0.1964,0.1957,0.1964,9145.9
1788233400000,0.1964,0.1987,0.1963,0.1984,55764.4
1788234300000,0.1984,0.1984,0.1979,0.198,122740.1
1788235200000,0.198,0.1984,0.1977,0.1979,55850.5
1788236100000,0.1979,0.1994,0.1979,0.1985,48197.5
1788237000000,0.1985,0.1989,0.1983,0.1986,14137.3
1788237900000,0.1986,0.1986,0.1978,0.198,62624.1
1788238800000,0.198,0.1993,0.198,0.1986,41879.6
1788239700000,0.1986,0.1997,0.1983,0.1997,425265.5
1788240600000,0.1997,0.2012,0.1983,0.1995,289331.2
1788241500000,0.1995,0.2002,0.1989,0.1997,556221.7
1788242400000,0.1997,0.2005,0.1987,0.1991,130850.1
1788243300000,0.1991,0.1991,0.1983,0.1989,42121.3
1788244200000,0.1989,0.1992,0.1984,0.1985,31736.9
1788245100000,0.1985,0.1985,0.1977,0.1979,164307.9
1788246000000,0.1979,0.1984,0.1979,0.198,24826.4
1788246900000,0.198,0.1986,0.198,0.1983,37060.9
1788247800000,0.1983,0.1983,0.1972,0.1975,44667.5
1788248700000,0.1975,0.1979,0.1974,0.1975,4208.6
1788249600000,0.1975,0.1975,0.1958,0.1962,139761.4
1788250500000,0.1962,0.1969,0.1946,0.1946,565664
1788251400000,0.1946,0.1953,0.1941,0.195,84011
1788252300000,0.195,0.1954,0.1941,0.1942,88783.2
1788253200000,0.1942,0.1947,0.1937,0.1944,155909.1
1788254100000,0.1944,0.1963,0.1943,0.1955,64333.3
1788255000000,0.1955,0.1966,0.1955,0.1966,26173.4
1788255900000,0.1966,0.1969,0.196,0.1965,114312.6
1788256800000,0.1965,0.1968,0.196,0.1967,9986.5
1788257700000,0.1967,0.1982,0.196,0.198,75301.2
1788258600000,0.198,0.1993,0.198,0.1988,58933
1788259500000,0.1988,0.199,0.1987,0.1987,40282.6
1788260400000,0.1987,0.1988,0.1977,0.1979,59595.4
1788261300000,0.1979,0.1993,0.1979,0.1992,23062.6
1788262200000,0.1992,0.2023,0.1989,0.2009,181584.9
1788263100000,0.2009,0.2016,0.2003,0.2008,61731.1
1788264000000,0.2008,0.2012,0.1993,0.1994,101083.9
1788264900000,0.1994,0.2002,0.1988,0.1995,64941.6
1788265800000,0.1995,0.1995,0.1977,0.1987,24272.6
1788266700000,0.1987,0.1992,0.1984,0.1984,12839.9
1788267600000,0.1984,0.1991,0.1968,0.1988,201617.7
1788268500000,0.1988,0.2002,0.1988,0.2001,24431
1788269400000,0.2001,0.2011,0.1994,0.2006,68782.2
1788270300000,0.2006,0.2019,0.2003,0.2007,71354.5
1788271200000,0.2007,0.2026,0.2007,0.2021,158641.9
1788272100000,0.2021,0.2031,0.2017,0.2024,223935.2
1788273000000,0.2024,0.2035,0.202,0.2029,183609.7
1788273900000,0.2029,0.2031,0.2017,0.2017,12738.1
1788274800000,0.2017,0.2017,0.1984,0.1991,462163.9
1788275700000,0.1991,0.1991,0.1982,0.199,44056.7
1788276600000,0.199,0.2008,0.1989,0.2008,49219.3
1788277500000,0.2008,0.2011,0.2005,0.2005,21845.5
1788278400000,0.2005,0.2006,0.1982,0.1983,46974.4
1788279300000,0.1983,0.1993,0.1976,0.1991,67380.1
1788280200000,0.1991,0.1991,0.1967,0.198,116115.1
1788281100000,0.198,0.1991,0.198,0.1991,10487.1
1788282000000,0.1991,0.1993,0.1981,0.1983,34721.6
1788282900000,0.1983,0.2007,0.1979,0.1999,155833.8
1788283800000,0.1999,0.2007,0.1993,0.1994,105228.4
1788284700000,0.1994,0.1995,0.1976,0.1977,182291.2
1788285600000,0.1977,0.1985,0.1959,0.1966,384770.6
1788286500000,0.1966,0.197,0.1953,0.197,576888.7
1788287400000,0.197,0.1977,0.1944,0.1944,322500.2
1788288300000,0.1944,0.1977,0.1931,0.1977,279230.3
1788289200000,0.1977,0.1989,0.1975,0.1975,61173.5
1788290100000,0.1975,0.1991,0.1975,0.1991,105394.1
1788291000000,0.1991,0.1995,0.1983,0.1983,22862.2
1788291900000,0.1983,0.1999,0.1973,0.1979,781608.3
1788292800000,0.1979,0.1987,0.1973,0.1987,153516.3
1788293700000,0.1987,0.1989,0.198,0.1982,59102.8
1788294600000,0.1982,0.1983,0.1971,0.1974,34826.3
1788295500000,0.1974,0.1974,0.1963,0.1971,1000052.2
1788296400000,0.1971,0.1979,0.1956,0.1962,437518
1788297300000,0.1962,0.1974,0.1955,0.1967,251878.5
1788298200000,0.1967,0.1967,0.1958,0.196,127316.3
1788299100000,0.196,0.1969,0.196,0.1961,136771.3
1788300000000,0.1961,0.1969,0.1959,0.1961,51748.8
1788300900000,0.1961,0.1961,0.1948,0.1948,167443.8
1788301800000,0.1948,0.1952,0.1947,0.195,90010.2
1788302700000,0.195,0.1961,0.195,0.1953,134064.5
1788303600000,0.1953,0.1959,0.1951,0.1951,33292.5
1788304500000,0.1951,0.1952,0.1931,0.1936,223658.9
1788305400000,0.1936,0.1955,0.1936,0.1952,138063.9
1788306300000,0.1952,0.1954,0.1937,0.1939,114539.4
1788307200000,0.1939,0.1949,0.1939,0.1944,92418.8
1788308100000,0.1944,0.1947,0.1937,0.1937,15292.1
1788309000000,0.1937,0.194,0.1927,0.1931,190171.5
1788309900000,0.1931,0.1936,0.1931,0.1931,22074.4
1788310800000,0.1931,0.1938,0.1929,0.1938,55196.1
1788311700000,0.1938,0.1944,0.1932,0.1932,358954.1
1788312600000,0.1932,0.1937,0.1913,0.1919,842111.5
1788313500000,0.1919,0.1922,0.1903,0.1912,155419
1788314400000,0.1912,0.1922,0.1908,0.1915,83728.9
1788315300000,0.1915,0.1941,0.1915,0.1935,211161
1788316200000,0.1935,0.1947,0.1931,0.1946,999044.1
1788317100000,0.1946,0.1947,0.1943,0.1943,12019.3
1788318000000,0.1943,0.1996,0.1943,0.1988,1188269.7
1788318900000,0.1988,0.2002,0.1983,0.2001,737874.3
1788319800000,0.2001,0.2004,0.1993,0.1995,322514.4
1788320700000,0.1995,0.1995,0.1973,0.1976,116144.6
1788321600000,0.1976,0.1979,0.197,0.1973,34862.1
1788322500000,0.1973,0.1981,0.1968,0.1978,255729
1788323400000,0.1978,0.1986,0.1977,0.1986,83472.7
1788324300000,0.1986,0.1988,0.1985,0.1987,7479.4
1788325200000,0.1987,0.1988,0.1977,0.1988,30047.5
1788326100000,0.1988,0.2001,0.1988,0.1998,181523.4
1788327000000,0.1998,0.1998,0.1988,0.199,15504.5
1788327900000,0.199,0.199,0.1981,0.1982,38182.6
1788328800000,0.1982,0.1985,0.1973,0.1975,48421.3
1788329700000,0.1975,0.1979,0.197,0.197,17406.3
1788330600000,0.197,0.1983,0.1967,0.1981,137442.9
1788331500000,0.1981,0.1982,0.1974,0.1977,21387.2
1788332400000,0.1977,0.1979,0.1973,0.1978,43616
1788333300000,0.1978,0.1978,0.1966,0.1966,9450.5
1788334200000,0.1966,0.1972,0.1965,0.197,69631.5
1788335100000,0.197,0.1971,0.1963,0.1963,8438.9
1788336000000,0.1963,0.1965,0.1956,0.1961,31131.7
1788336900000,0.1961,0.1965,0.196,0.1962,26822.1
1788337800000,0.1962,0.1962,0.1939,0.1939,230318
1788338700000,0.1939,0.1948,0.1938,0.194,47506.4
1788339600000,0.194,0.1956,0.194,0.1953,73390.9
1788340500000,0.1953,0.1958,0.1937,0.1955,86662.5
1788341400000,0.1955,0.1955,0.1941,0.1941,46495.1
1788342300000,0.1941,0.1951,0.1938,0.1946,26926.5
1788343200000,0.1946,0.1946,0.1929,0.1932,200745.3
1788344100000,0.1932,0.194,0.1932,0.1935,35319
1788345000000,0.1935,0.1936,0.1928,0.1932,53789.4
1788345900000,0.1932,0.1933,0.1914,0.1933,214146.1
1788346800000,0.1933,0.1933,0.1923,0.1928,49455.4
1788347700000,0.1928,0.1931,0.192,0.1927,17815.5
1788348600000,0.1927,0.1942,0.1926,0.1938,29476
1788349500000,0.1938,0.194,0.1934,0.1939,31522.4
1788350400000,0.1939,0.1943,0.1934,0.1943,216734.5
1788351300000,0.1943,0.1957,0.1938,0.1955,187075.1
1788352200000,0.1955,0.1955,0.1942,0.1942,36920.8
1788353100000,0.1942,0.1942,0.1932,0.1933,18826
1788354000000,0.1933,0.1951,0.1933,0.1942,20098.9
1788354900000,0.1942,0.1957,0.194,0.1957,77484.5
1788355800000,0.1957,0.1983,0.1942,0.1982,121121.5
1788356700000,0.1982,0.1985,0.1964,0.197,206555.4
1788357600000,0.197,0.1977,0.1966,0.1969,38695.5
1788358500000,0.1969,0.198,0.1967,0.1976,23803.2
1788359400000,0.1976,0.1992,0.1968,0.1987,370883
1788360300000,0.1987,0.1987,0.1966,0.1969,197731.9
1788361200000,0.1969,0.1977,0.1948,0.1949,362234.8
1788362100000,0.1949,0.1969,0.1949,0.196,101412
1788363000000,0.196,0.1978,0.1955,0.1975,30827.8
1788363900000,0.1975,0.1982,0.1969,0.1981,259568.9
1788364800000,0.1981,0.1996,0.1977,0.1989,498580.4
1788365700000,0.1989,0.199,0.1982,0.1983,15825.4
1788366600000,0.1983,0.1991,0.1976,0.1977,67513.4
1788367500000,0.1977,0.1983,0.1976,0.1977,44714.9
1788368400000,0.1977,0.198,0.1963,0.1964,73910.7
1788369300000,0.1964,0.1966,0.195,0.1961,200759
1788370200000,0.1961,0.1967,0.1957,0.1964,43231.1
1788371100000,0.1964,0.1975,0.1964,0.1972,18558.4
1788372000000,0.1972,0.1972,0.1966,0.1968,35896
1788372900000,0.1968,0.1975,0.1966,0.1968,138801.9
1788373800000,0.1968,0.1974,0.1968,0.1974,15144.9
1788374700000,0.1974,0.1978,0.1973,0.1977,17224.3
1788375600000,0.1977,0.1987,0.1972,0.1986,32257.9
1788376500000,0.1986,0.1989,0.1974,0.1975,15092.6
1788377400000,0.1975,0.1976,0.1969,0.1973,6758.2
1788378300000,0.1973,0.1975,0.1967,0.1969,19052.5
1788379200000,0.1969,0.1988,0.1968,0.1977,63739.8
1788380100000,0.1977,0.1981,0.1964,0.1976,119954.5
1788381000000,0.1976,0.1987,0.1975,0.1982,64345.4
1788381900000,0.1982,0.1988,0.198,0.1981,53868.5
1788382800000,0.1981,0.1984,0.1969,0.1969,26007.7
1788383700000,0.1969,0.1976,0.1968,0.1974,9839
1788384600000,0.1974,0.1991,0.1968,0.1991,80227.3
1788385500000,0.1991,0.1992,0.1975,0.1976,16068.5
1788386400000,0.1976,0.1977,0.1956,0.1957,25361.7
1788387300000,0.1957,0.1958,0.1952,0.1955,22836.6
1788388200000,0.1955,0.1968,0.1954,0.1968,1599.7
1788389100000,0.1968,0.1968,0.196,0.196,64129.9
1788390000000,0.196,0.1984,0.1957,0.1983,140139
1788390900000,0.1983,0.1983,0.1978,0.1982,11877.3
1788391800000,0.1982,0.1983,0.198,0.198,5723.2
1788392700000,0.198,0.1993,0.198,0.1992,11783.9
1788393600000,0.1992,0.1995,0.1984,0.1984,28185.9
1788394500000,0.1984,0.1984,0.1972,0.1976,14960.7
1788395400000,0.1976,0.1986,0.1973,0.1983,35059.7
1788396300000,0.1983,0.1984,0.1977,0.1978,116339.9
1788397200000,0.1978,0.2008,0.197,0.2006,481153.8
1788398100000,0.2006,0.2019,0.2002,0.2016,791350.3
1788399000000,0.2016,0.2019,0.2005,0.2009,128149.9
1788399900000,0.2009,0.2012,0.2001,0.2002,47118.4
1788400800000,0.2002,0.201,0.1998,0.2009,15092.7
1788401700000,0.2009,0.2009,0.2004,0.2007,48959.7
1788402600000,0.2007,0.2018,0.2005,0.201,36652.6
1788403500000,0.201,0.2014,0.2008,0.2009,48978
1788404400000,0.2009,0.2015,0.2002,0.2014,110493.3
1788405300000,0.2014,0.2014,0.2002,0.2004,36247.8
1788406200000,0.2004,0.2004,0.1992,0.1996,114214.8
1788407100000,0.1996,0.2002,0.1996,0.1999,208195.7
1788408000000,0.1999,0.2009,0.1999,0.2002,111736.4
1788408900000,0.2002,0.2004,0.1998,0.2,116675.8
1788409800000,0.2,0.2003,0.2,0.2001,6657.4
1788410700000,0.2001,0.2025,0.2001,0.2025,370212.7
1788411600000,0.2025,0.2031,0.2014,0.2017,42104.5
1788412500000,0.2017,0.2017,0.1986,0.1993,551835.7
1788413400000,0.1993,0.2009,0.1992,0.2006,262606.2
1788414300000,0.2006,0.2016,0.2001,0.2013,598427.9
1788415200000,0.2013,0.2014,0.2006,0.2009,74047.1
1788416100000,0.2009,0.2013,0.2004,0.2011,251678.7
1788417000000,0.2011,0.2011,0.2004,0.2008,49550.8
1788417900000,0.2008,0.2008,0.2004,0.2004,11967.2
1788418800000,0.2004,0.2022,0.2004,0.202,208822.3
1788419700000,0.202,0.202,0.2006,0.2011,107373.2
1788420600000,0.2011,0.2018,0.2004,0.2013,88648.5
1788421500000,0.2013,0.2013,0.1997,0.2003,55792.1
1788422400000,0.2003,0.2017,0.2003,0.2013,415860
1788423300000,0.2013,0.202,0.201,0.2016,114407.9
1788424200000,0.2016,0.2019,0.2014,0.2014,11543.7
1788425100000,0.2014,0.2017,0.2011,0.2011,3864.1
1788426000000,0.2011,0.2017,0.201,0.2017,37801.8
1788426900000,0.2017,0.2023,0.2011,0.2011,40370.6
1788427800000,0.2011,0.2015,0.201,0.2014,49464.9
1788428700000,0.2014,0.2015,0.2005,0.2006,29442.3
1788429600000,0.2006,0.2007,0.2001,0.2001,64068
1788430500000,0.2001,0.2014,0.2001,0.2005,11284.6
1788431400000,0.2005,0.2007,0.1994,0.1997,32419.5
1788432300000,0.1997,0.2008,0.1997,0.2008,33550.7
1788433200000,0.2008,0.2008,0.1996,0.2001,114573.4
1788434100000,0.2001,0.2012,0.2001,0.201,37194.9
1788435000000,0.201,0.2018,0.2005,0.2017,115456.7
1788435900000,0.2017,0.2017,0.2009,0.2012,23957.2
1788436800000,0.2012,0.2017,0.2008,0.2016,8591.1
1788437700000,0.2016,0.2018,0.2011,0.2012,4170.8
1788438600000,0.2012,0.2029,0.2011,0.2011,251624.3
1788439500000,0.2011,0.2025,0.2009,0.2017,309200.9
1788440400000,0.2017,0.2017,0.2004,0.2008,53554.3
1788441300000,0.2008,0.201,0.2004,0.2004,19175
1788442200000,0.2004,0.2016,0.1996,0.2012,92475.9
1788443100000,0.2012,0.2012,0.2004,0.2006,51112.2
1788444000000,0.2006,0.2011,0.1999,0.2011,59513.6
1788444900000,0.2011,0.2022,0.2011,0.2015,95273.4
1788445800000,0.2015,0.2031,0.2014,0.2027,230129.5
1788446700000,0.2027,0.2094,0.2027,0.2092,2688279.1
1788447600000,0.2092,0.2096,0.2059,0.2071,358831.2
1788448500000,0.2071,0.2081,0.2062,0.2074,560619.2
1788449400000,0.2074,0.2089,0.2068,0.2082,96670.9
1788450300000,0.2082,0.2118,0.2072,0.2116,336519.8
1788451200000,0.2116,0.215,0.2113,0.2118,1188793.7
1788452100000,0.2118,0.2138,0.2115,0.212,587268.9
1788453000000,0.212,0.2131,0.2114,0.2123,215434
1788453900000,0.2123,0.2162,0.2122,0.2147,214579
1788454800000,0.2147,0.2168,0.2144,0.2162,108300.5
1788455700000,0.2162,0.2167,0.2149,0.2155,101863.1
1788456600000,0.2155,0.2163,0.2136,0.2141,183158.4
1788457500000,0.2141,0.2146,0.2135,0.2142,23801.8
1788458400000,0.2142,0.218,0.2139,0.2165,807801.8
1788459300000,0.2165,0.2165,0.2147,0.2154,102068
1788460200000,0.2154,0.2166,0.2153,0.2163,61261
1788461100000,0.2163,0.2166,0.2156,0.2164,143117.8
1788462000000,0.2164,0.2176,0.2145,0.2145,389546.8
1788462900000,0.2145,0.216,0.2145,0.2159,74084.5
1788463800000,0.2159,0.2159,0.2146,0.2147,54279.9
1788464700000,0.2147,0.2148,0.2134,0.2143,136518.5
1788465600000,0.2143,0.2144,0.2131,0.2132,83219.1
1788466500000,0.2132,0.214,0.2129,0.2138,50995.9
1788467400000,0.2138,0.2142,0.2129,0.214,46122.8
1788468300000,0.214,0.2148,0.214,0.2148,13585.2
1788469200000,0.2148,0.2176,0.2147,0.2172,156768.4
1788470100000,0.2172,0.2178,0.2158,0.2168,148575.4
1788471000000,0.2168,0.2188,0.2167,0.2169,208547.7
1788471900000,0.2169,0.2172,0.2164,0.2171,9520
1788472800000,0.2171,0.2171,0.2138,0.2146,247883.7
1788473700000,0.2146,0.216,0.2141,0.2141,109444.3
1788474600000,0.2141,0.2143,0.2126,0.2129,90481.3
1788475500000,0.2129,0.2139,0.2129,0.2138,35230.2
1788476400000,0.2138,0.2144,0.2133,0.2136,491981.4
1788477300000,0.2136,0.2143,0.2134,0.2143,48398.6
1788478200000,0.2143,0.2144,0.2136,0.2139,25562.8
1788479100000,0.2139,0.2147,0.2137,0.2147,21214.4
1788480000000,0.2147,0.2152,0.2142,0.2152,76976.6
1788480900000,0.2152,0.2164,0.2152,0.2156,71998
1788481800000,0.2156,0.2185,0.2156,0.2162,262653.1
1788482700000,0.2162,0.2164,0.2144,0.2144,111372.1
1788483600000,0.2144,0.2155,0.2132,0.2137,93777.3
1788484500000,0.2137,0.2145,0.2134,0.2138,84492.8
1788485400000,0.2138,0.2149,0.2129,0.2139,44036.2
1788486300000,0.2139,0.216,0.2139,0.216,24455.5
1788487200000,0.216,0.216,0.2146,0.2154,66402.7
1788488100000,0.2154,0.2156,0.2141,0.2146,33028.3
1788489000000,0.2146,0.2152,0.2142,0.2152,42641.5
1788489900000,0.2152,0.217,0.2147,0.216,44896.3
1788490800000,0.216,0.2174,0.2153,0.2155,90014.5
1788491700000,0.2155,0.2155,0.214,0.214,16421.8
1788492600000,0.214,0.2143,0.213,0.2132,63038.8
1788493500000,0.2132,0.2143,0.2132,0.2134,56154.9
1788494400000,0.2134,0.2146,0.2133,0.2146,26996.6
1788495300000,0.2146,0.2159,0.2146,0.2159,86667
1788496200000,0.2159,0.2163,0.2139,0.214,25623.4
1788497100000,0.214,0.214,0.2135,0.2135,8329
1788498000000,0.2135,0.2137,0.2129,0.2132,49369.9
1788498900000,0.2132,0.2137,0.2126,0.213,54434.1
1788499800000,0.213,0.213,0.2116,0.2118,265381.9
1788500700000,0.2118,0.2118,0.2093,0.2107,434378.8
1788501600000,0.2107,0.2113,0.2101,0.2108,106045.9
1788502500000,0.2108,0.2108,0.209,0.2094,107974.5
1788503400000,0.2094,0.2101,0.2089,0.2099,26305.7
1788504300000,0.2099,0.21,0.2097,0.21,9427.3
1788505200000,0.21,0.2108,0.21,0.2102,55985.3
1788506100000,0.2102,0.2103,0.2098,0.2101,15849.4
1788507000000,0.2101,0.2107,0.2097,0.21,17158.6
1788507900000,0.21,0.2105,0.2097,0.2099,133241.1
1788508800000,0.2099,0.2108,0.2096,0.2102,51103.8
1788509700000,0.2102,0.2108,0.2102,0.2107,8890.4
1788510600000,0.2107,0.2109,0.2101,0.2104,27196.3
1788511500000,0.2104,0.2125,0.2098,0.2125,325254.5
1788512400000,0.2125,0.2128,0.2119,0.2119,45637.2
1788513300000,0.2119,0.2133,0.2111,0.2114,89293.2
1788514200000,0.2114,0.2121,0.211,0.2113,96202.1
1788515100000,0.2113,0.2114,0.21,0.21,102081.2
1788516000000,0.21,0.2103,0.2087,0.2091,41424.1
1788516900000,0.2091,0.2091,0.2081,0.209,55627
1788517800000,0.209,0.21,0.2087,0.2095,53337.8
1788518700000,0.2095,0.2105,0.2093,0.2105,24001.8
1788519600000,0.2105,0.2107,0.2102,0.2103,66149
1788520500000,0.2103,0.2111,0.2101,0.211,37955.4
1788521400000,0.211,0.2116,0.211,0.2113,65332.8
1788522300000,0.2113,0.2114,0.2107,0.2107,34250.1
1788523200000,0.2107,0.211,0.2073,0.2089,403527.8
1788524100000,0.2089,0.2095,0.2082,0.2093,122371.1
1788525000000,0.2093,0.2093,0.1967,0.2027,4229222.5
1788525900000,0.2027,0.2036,0.2008,0.2029,529722.4
1788526800000,0.2029,0.2035,0.2015,0.2016,273150.1
1788527700000,0.2016,0.2024,0.2016,0.2018,94916.3
1788528600000,0.2018,0.2027,0.2006,0.2021,200142.5
1788529500000,0.2021,0.2038,0.2021,0.2023,97888.4
1788530400000,0.2023,0.2027,0.2005,0.2012,73338.1
1788531300000,0.2012,0.2014,0.1997,0.2014,105867.5
1788532200000,0.2014,0.2014,0.1984,0.1989,171995
1788533100000,0.1989,0.1994,0.1954,0.1988,3713066.7
1788534000000,0.1988,0.1998,0.1983,0.1995,106799.2
1788534900000,0.1995,0.2012,0.1995,0.2009,864705.5
1788535800000,0.2009,0.2011,0.2005,0.2008,80371.5
1788536700000,0.2008,0.2011,0.2003,0.2008,97951
1788537600000,0.2008,0.201,0.2003,0.2003,72907.5
1788538500000,0.2003,0.2009,0.2003,0.2007,15897.7
1788539400000,0.2007,0.202,0.2007,0.2014,288592.5
1788540300000,0.2014,0.2018,0.2006,0.2006,65128.1
1788541200000,0.2006,0.2008,0.1996,0.1998,379914.3
1788542100000,0.1998,0.2,0.1993,0.1997,225523.9
1788543000000,0.1997,0.1998,0.1992,0.1994,201976.3
1788543900000,0.1994,0.1995,0.199,0.1994,22427.2
1788544800000,0.1994,0.2001,0.1988,0.1988,376771.8
1788545700000,0.1988,0.1994,0.1988,0.1992,9946
1788546600000,0.1992,0.2006,0.1991,0.2003,151256.2
1788547500000,0.2003,0.2006,0.1999,0.2,19158.9
1788548400000,0.2,0.2007,0.1999,0.2004,44475.9
1788549300000,0.2004,0.202,0.2003,0.2019,19169
1788550200000,0.2019,0.202,0.2014,0.2019,29991
1788551100000,0.2019,0.2023,0.2012,0.2018,88746.2
1788552000000,0.2018,0.2021,0.2005,0.2005,47074.4
1788552900000,0.2005,0.2008,0.2003,0.2003,6545.6
1788553800000,0.2003,0.2009,0.2002,0.2005,131726.5
1788554700000,0.2005,0.201,0.2004,0.2006,12801.2
1788555600000,0.2006,0.2009,0.2003,0.2008,107753.4
1788556500000,0.2008,0.2011,0.2006,0.2008,13910.5
1788557400000,0.2008,0.2008,0.2005,0.2005,15354.3
1788558300000,0.2005,0.2007,0.1991,0.1991,27829.9
1788559200000,0.1991,0.2036,0.199,0.2032,609835.6
1788560100000,0.2032,0.2032,0.2012,0.2024,147824.3
1788561000000,0.2024,0.2026,0.2017,0.202,115577.5
1788561900000,0.202,0.2023,0.2019,0.202,8498.5
1788562800000,0.202,0.2021,0.2018,0.2019,31436.1
1788563700000,0.2019,0.2043,0.2019,0.2042,282622.3
1788564600000,0.2042,0.2047,0.2035,0.2037,31094.7
1788565500000,0.2037,0.2044,0.2034,0.2035,20151.3
1788566400000,0.2035,0.2043,0.2031,0.2042,69577.8
1788567300000,0.2042,0.2043,0.204,0.2042,55880.4
1788568200000,0.2042,0.2042,0.2038,0.2041,13388.6
1788569100000,0.2041,0.2041,0.2033,0.2035,30072.8
1788570000000,0.2035,0.2043,0.2035,0.2037,19682.7
1788570900000,0.2037,0.2039,0.2034,0.2036,29713.4
1788571800000,0.2036,0.2039,0.2031,0.2031,15269
1788572700000,0.2031,0.2031,0.2026,0.2026,114026.2
1788573600000,0.2026,0.203,0.2025,0.2028,24921.2
1788574500000,0.2028,0.2038,0.2027,0.2029,28400.2
1788575400000,0.2029,0.2034,0.2026,0.2034,13083
1788576300000,0.2034,0.2034,0.2026,0.203,28860
1788577200000,0.203,0.2032,0.2016,0.2021,42091.7
1788578100000,0.2021,0.2034,0.202,0.2033,365055
1788579000000,0.2033,0.2035,0.2028,0.203,4954.6
1788579900000,0.203,0.203,0.2021,0.2022,7660.8
1788580800000,0.2022,0.2027,0.202,0.2025,39083.2
1788581700000,0.2025,0.2032,0.2025,0.2029,32461.3
1788582600000,0.2029,0.2037,0.2029,0.2036,16665.3
1788583500000,0.2036,0.2038,0.2032,0.2035,37683.8
1788584400000,0.2035,0.2037,0.2028,0.2034,63508.1
1788585300000,0.2034,0.2037,0.2028,0.2032,77839.9
1788586200000,0.2032,0.2038,0.2028,0.2033,415420.1
1788587100000,0.2033,0.2043,0.2031,0.204,78782
1788588000000,0.204,0.205,0.2039,0.2047,29510.7
1788588900000,0.2047,0.2059,0.2043,0.2055,51851.4
1788589800000,0.2055,0.2072,0.2055,0.2058,488672.3
1788590700000,0.2058,0.2074,0.2058,0.2072,701479.5
1788591600000,0.2072,0.2078,0.2067,0.2071,113189.6
1788592500000,0.2071,0.2081,0.2071,0.208,107144.3
1788593400000,0.208,0.2091,0.208,0.2087,255306
1788594300000,0.2087,0.2088,0.208,0.2082,275499.3
1788595200000,0.2082,0.2087,0.2073,0.2083,220276.2
1788596100000,0.2083,0.2095,0.2083,0.2094,148946.2
1788597000000,0.2094,0.2109,0.2086,0.2107,279623.6
1788597900000,0.2107,0.211,0.2099,0.2101,74184.6
1788598800000,0.2101,0.2114,0.21,0.2108,541439.4
1788599700000,0.2108,0.2116,0.2108,0.2113,74692.6
1788600600000,0.2113,0.2119,0.2109,0.2115,105321.8
1788601500000,0.2115,0.2139,0.2115,0.2134,284289.7
1788602400000,0.2134,0.2137,0.2117,0.2117,59299.3
1788603300000,0.2117,0.2133,0.2117,0.2133,112293.7
1788604200000,0.2133,0.2141,0.2124,0.2138,155070.7
1788605100000,0.2138,0.2141,0.2129,0.2132,116025.9
1788606000000,0.2132,0.2134,0.2125,0.2129,23704
1788606900000,0.2129,0.2135,0.2122,0.2133,35557.9
1788607800000,0.2133,0.2137,0.2122,0.2124,32424.5
1788608700000,0.2124,0.2133,0.2124,0.2128,52085.1
1788609600000,0.2128,0.2132,0.2117,0.2129,36624.3
1788610500000,0.2129,0.2131,0.2121,0.2121,63168.2
1788611400000,0.2121,0.2151,0.2117,0.2148,734078.3
1788612300000,0.2148,0.2175,0.2145,0.2173,781246.2
1788613200000,0.2173,0.2187,0.2168,0.2178,335744.9
1788614100000,0.2178,0.2178,0.2157,0.2158,194577.1
1788615000000,0.2158,0.2163,0.215,0.2159,228453.8
1788615900000,0.2159,0.2169,0.2148,0.2164,62407.6
1788616800000,0.2164,0.2169,0.2156,0.2156,80345.3
1788617700000,0.2156,0.2159,0.2147,0.2148,271183.6
1788618600000,0.2148,0.215,0.2139,0.2141,182833.3
1788619500000,0.2141,0.2155,0.2141,0.2151,177281.2
1788620400000,0.2151,0.2152,0.2135,0.2139,1153969.7
1788621300000,0.2139,0.214,0.213,0.2131,88737.7
1788622200000,0.2131,0.2132,0.2128,0.213,47284
1788623100000,0.213,0.2131,0.2126,0.213,12220.2
1788624000000,0.213,0.2133,0.2121,0.2131,182659.7
1788624900000,0.2131,0.214,0.2129,0.2138,36986.7
1788625800000,0.2138,0.214,0.2129,0.2133,46298.3
1788626700000,0.2133,0.2146,0.2132,0.2139,41993.3
1788627600000,0.2139,0.2155,0.2135,0.2152,355449.7
1788628500000,0.2152,0.2152,0.2144,0.2146,39675.3
1788629400000,0.2146,0.2156,0.2144,0.2145,19672.2
1788630300000,0.2145,0.2169,0.2143,0.2165,136054.3
1788631200000,0.2165,0.2171,0.2149,0.2151,36239.9
1788632100000,0.2151,0.2162,0.2151,0.2159,51889.6
1788633000000,0.2159,0.2178,0.2159,0.2164,109610.4
1788633900000,0.2164,0.2168,0.2161,0.2161,13207.8
1788634800000,0.2161,0.2161,0.2153,0.2157,20624.5
1788635700000,0.2157,0.2161,0.2152,0.2158,29060.3
1788636600000,0.2158,0.216,0.2145,0.2145,16471.1
1788637500000,0.2145,0.215,0.2136,0.2143,101622.3
1788638400000,0.2143,0.215,0.2142,0.2143,66104.7
1788639300000,0.2143,0.2145,0.2131,0.2132,64336.8
1788640200000,0.2132,0.2134,0.2125,0.2134,89255.1
1788641100000,0.2134,0.2137,0.2131,0.2132,20392.1
1788642000000,0.2132,0.2142,0.213,0.214,319892.6
1788642900000,0.214,0.2153,0.2138,0.2153,1638.3
1788643800000,0.2153,0.2162,0.2149,0.2154,61701.3
1788644700000,0.2154,0.2155,0.2146,0.2152,22667.9
1788645600000,0.2152,0.2153,0.2141,0.2145,16271.2
1788646500000,0.2145,0.2148,0.2121,0.2133,689028.1
1788647400000,0.2133,0.2139,0.2133,0.2135,112004
1788648300000,0.2135,0.2138,0.2133,0.2136,78419.2
1788649200000,0.2136,0.2137,0.2133,0.2134,12099.6
1788650100000,0.2134,0.2136,0.2127,0.2129,95714.7
1788651000000,0.2129,0.2134,0.2123,0.2131,166902
1788651900000,0.2131,0.2138,0.2131,0.2134,86979.4
1788652800000,0.2134,0.2143,0.2134,0.2143,25340.1
1788653700000,0.2143,0.2151,0.2141,0.2151,42812
1788654600000,0.2151,0.2151,0.2143,0.2147,84901.9
1788655500000,0.2147,0.2148,0.214,0.214,51537.6
1788656400000,0.214,0.2148,0.2136,0.2144,110889.6
1788657300000,0.2144,0.2148,0.2143,0.2145,38082.6
1788658200000,0.2145,0.2162,0.2142,0.2162,52428.9
1788659100000,0.2162,0.2162,0.2149,0.2151,197401.1
1788660000000,0.2151,0.2156,0.2145,0.2147,51879.3
1788660900000,0.2147,0.2147,0.2135,0.2137,10719.7
1788661800000,0.2137,0.2145,0.2137,0.2141,31689.3
1788662700000,0.2141,0.2141,0.2129,0.2135,64648.9
1788663600000,0.2135,0.2136,0.2127,0.2135,58854.1
1788664500000,0.2135,0.2136,0.2127,0.2133,33132.9
1788665400000,0.2133,0.2157,0.2132,0.2152,196626.6
1788666300000,0.2152,0.2152,0.2139,0.2142,195861
1788667200000,0.2142,0.2157,0.2138,0.2146,357632.3
1788668100000,0.2146,0.2146,0.2125,0.2142,122057.3
1788669000000,0.2142,0.215,0.2138,0.2141,59028.2
1788669900000,0.2141,0.2147,0.2128,0.213,238098.1
1788670800000,0.213,0.2138,0.2123,0.2124,48773.5
1788671700000,0.2124,0.2135,0.2124,0.2133,19253.3
1788672600000,0.2133,0.2146,0.2129,0.2134,104002.5
1788673500000,0.2134,0.2144,0.2132,0.2138,52901
1788674400000,0.2138,0.2138,0.2129,0.2131,8779.5
1788675300000,0.2131,0.2132,0.2119,0.212,38028.1
1788676200000,0.212,0.2124,0.2116,0.2124,19425.7
1788677100000,0.2124,0.2124,0.2116,0.2118,11083.8
1788678000000,0.2118,0.2119,0.2061,0.2095,3536841.3
1788678900000,0.2095,0.2101,0.2095,0.21,61366.6
1788679800000,0.21,0.2105,0.2097,0.2105,202785.7
1788680700000,0.2105,0.2111,0.2101,0.2108,31579.6
1788681600000,0.2108,0.2109,0.2103,0.2109,37273.2
1788682500000,0.2109,0.2109,0.21,0.21,17282.7
1788683400000,0.21,0.2101,0.2096,0.21,36717
1788684300000,0.21,0.2107,0.2097,0.2102,49074.7
1788685200000,0.2102,0.2114,0.2097,0.2112,314264.1
1788686100000,0.2112,0.2137,0.211,0.2136,164082.8
1788687000000,0.2136,0.2136,0.2118,0.2122,64768.1
1788687900000,0.2122,0.2129,0.2122,0.2128,11066.3
1788688800000,0.2128,0.213,0.212,0.2121,27798
1788689700000,0.2121,0.2151,0.2119,0.2133,635458.3
1788690600000,0.2133,0.2138,0.2129,0.2138,102247.6
1788691500000,0.2138,0.2159,0.2138,0.2153,451785.7
1788692400000,0.2153,0.2159,0.2144,0.2148,112923.3
1788693300000,0.2148,0.2152,0.2143,0.2145,36270.9
1788694200000,0.2145,0.2156,0.2143,0.2155,40405.2
1788695100000,0.2155,0.2174,0.2154,0.2162,139287.9
1788696000000,0.2162,0.2163,0.2145,0.2152,23465.3
1788696900000,0.2152,0.2156,0.214,0.2144,271269.2
1788697800000,0.2144,0.2158,0.2144,0.2151,62607.4
1788698700000,0.2151,0.2154,0.2146,0.2146,40685.8
1788699600000,0.2146,0.215,0.2142,0.2145,63014.6
1788700500000,0.2145,0.2149,0.2135,0.2138,99376.1
1788701400000,0.2138,0.2146,0.2135,0.2145,13301.2
1788702300000,0.2145,0.2159,0.2145,0.215,183596.6
1788703200000,0.215,0.215,0.2124,0.2127,116649.8
1788704100000,0.2127,0.2132,0.2107,0.211,130490.6
1788705000000,0.211,0.2121,0.2087,0.2121,202057
1788705900000,0.2121,0.2124,0.2108,0.2115,100793.1
1788706800000,0.2115,0.2115,0.2098,0.2108,50913
1788707700000,0.2108,0.2118,0.2108,0.2118,30670.5
1788708600000,0.2118,0.2126,0.2114,0.2119,45719.2
1788709500000,0.2119,0.2131,0.2115,0.2131,20458.9
1788710400000,0.2131,0.2134,0.2123,0.2132,4351.1
1788711300000,0.2132,0.2169,0.2132,0.2156,267946.9
1788712200000,0.2156,0.2163,0.2148,0.2152,60958.5
1788713100000,0.2152,0.2153,0.214,0.2143,77441.9
1788714000000,0.2143,0.2147,0.213,0.2138,115586
1788714900000,0.2138,0.2155,0.2135,0.2135,126919.6
1788715800000,0.2135,0.2146,0.2132,0.2142,31295.2
1788716700000,0.2142,0.2142,0.2137,0.2137,6739.7
1788717600000,0.2137,0.2147,0.2137,0.2143,29021.4
1788718500000,0.2143,0.2145,0.2138,0.2141,27190.8
1788719400000,0.2141,0.2146,0.214,0.214,15781.8
1788720300000,0.214,0.2142,0.2132,0.214,24861.1
1788721200000,0.214,0.214,0.2129,0.2137,72822.5
1788722100000,0.2137,0.2147,0.2135,0.2145,23316
1788723000000,0.2145,0.2148,0.2145,0.2145,30288
1788723900000,0.2145,0.2152,0.2144,0.2144,40533.6
1788724800000,0.2144,0.2153,0.2141,0.2152,39653.6
1788725700000,0.2152,0.216,0.2152,0.2158,110049.2
1788726600000,0.2158,0.2165,0.2157,0.2161,36983
1788727500000,0.2161,0.2163,0.2158,0.2162,28230.7
1788728400000,0.2162,0.2174,0.2159,0.2174,607839.3
1788729300000,0.2174,0.2177,0.2154,0.2158,29305.8
1788730200000,0.2158,0.2171,0.2158,0.217,11265.9
1788731100000,0.217,0.2178,0.2166,0.2169,53342.4
1788732000000,0.2169,0.2172,0.2144,0.2149,341462.3
1788732900000,0.2149,0.2151,0.2134,0.2144,119071.2
1788733800000,0.2144,0.2154,0.2144,0.2149,378214.2
1788734700000,0.2149,0.2156,0.2148,0.215,49190.8
1788735600000,0.215,0.2166,0.215,0.2155,25158.4
1788736500000,0.2155,0.2163,0.2152,0.2162,32296.1
1788737400000,0.2162,0.2166,0.216,0.2164,13306.8
1788738300000,0.2164,0.2169,0.216,0.2165,75360.7
1788739200000,0.2165,0.2176,0.2161,0.2176,42441.2
1788740100000,0.2176,0.2199,0.2168,0.2174,1309523.5
1788741000000,0.2174,0.218,0.217,0.2171,122251.9
1788741900000,0.2171,0.2174,0.2156,0.2161,733697.5
1788742800000,0.2161,0.2163,0.2144,0.2148,146693.9
1788743700000,0.2148,0.215,0.2143,0.215,100488.5
1788744600000,0.215,0.215,0.2138,0.214,67338.4
1788745500000,0.214,0.2146,0.2137,0.2145,168205
1788746400000,0.2145,0.2148,0.214,0.2148,64884.8
1788747300000,0.2148,0.2167,0.2147,0.2164,111682.1
1788748200000,0.2164,0.2217,0.216,0.2205,343229.4
1788749100000,0.2205,0.2223,0.2165,0.217,411291.1
1788750000000,0.217,0.2173,0.2151,0.2151,94445.8
1788750900000,0.2151,0.2154,0.2145,0.2146,34635.8
1788751800000,0.2146,0.2147,0.2133,0.2134,46859
1788752700000,0.2134,0.2142,0.2134,0.2137,29230.8
1788753600000,0.2137,0.2144,0.2135,0.2141,76753.2
1788754500000,0.2141,0.2154,0.2141,0.2151,32116.9
1788755400000,0.2151,0.2157,0.2146,0.2157,44812.8
1788756300000,0.2157,0.2161,0.2154,0.2156,44519.7
1788757200000,0.2156,0.2166,0.2154,0.2156,78768.5
1788758100000,0.2156,0.2175,0.2156,0.2167,54804.4
1788759000000,0.2167,0.2172,0.2163,0.2168,75270.3
1788759900000,0.2168,0.2168,0.2149,0.2152,11464.9
1788760800000,0.2152,0.2164,0.2149,0.2164,25600.3
1788761700000,0.2164,0.2164,0.215,0.2154,32538.8
1788762600000,0.2154,0.2154,0.2143,0.2143,35718
1788763500000,0.2143,0.2144,0.2138,0.2142,22207
1788764400000,0.2142,0.2146,0.214,0.2145,16082
1788765300000,0.2145,0.2145,0.2128,0.213,68138.2
1788766200000,0.213,0.2134,0.2098,0.2117,627626.5
1788767100000,0.2117,0.2124,0.2115,0.2124,59171.2
1788768000000,0.2124,0.2134,0.2121,0.2132,57244.5
1788768900000,0.2132,0.2141,0.213,0.214,80607.8
1788769800000,0.214,0.2156,0.2135,0.2156,120285.4
1788770700000,0.2156,0.2162,0.2152,0.2156,93127.8
1788771600000,0.2156,0.2176,0.2154,0.2176,174539.6
1788772500000,0.2176,0.2185,0.2172,0.218,124814.4
1788773400000,0.218,0.2181,0.2173,0.2178,51149.1
1788774300000,0.2178,0.2186,0.2167,0.2169,69797.1
1788775200000,0.2169,0.2193,0.2169,0.2186,173467.1
1788776100000,0.2186,0.2192,0.2181,0.2192,142501.6
1788777000000,0.2192,0.2198,0.2187,0.2197,394091.1
1788777900000,0.2197,0.2211,0.2197,0.2202,217421.2
1788778800000,0.2202,0.2208,0.2192,0.2193,387266
1788779700000,0.2193,0.221,0.2187,0.2197,116501.2
1788780600000,0.2197,0.2216,0.2197,0.2214,154296.8
1788781500000,0.2214,0.2217,0.2202,0.2203,112869.3
1788782400000,0.2203,0.2217,0.2198,0.2206,117956.3
1788783300000,0.2206,0.2219,0.2205,0.2214,95108.3
1788784200000,0.2214,0.2229,0.2213,0.2222,486215
1788785100000,0.2222,0.2252,0.2222,0.2246,667269.2
1788786000000,0.2246,0.2253,0.2222,0.2227,194534.5
1788786900000,0.2227,0.2228,0.2216,0.222,71111.2
1788787800000,0.222,0.2221,0.2191,0.2191,184640.1
1788788700000,0.2191,0.2197,0.2184,0.219,78869.6
1788789600000,0.219,0.2196,0.2162,0.217,316656.5
1788790500000,0.217,0.2177,0.2164,0.2168,97285.2
1788791400000,0.2168,0.2171,0.216,0.2165,169633.9
1788792300000,0.2165,0.2195,0.2163,0.2189,264612.6
1788793200000,0.2189,0.2192,0.2165,0.2165,173849.5
1788794100000,0.2165,0.2179,0.2152,0.2153,129823.8
1788795000000,0.2153,0.2153,0.2118,0.2127,293059.1
1788795900000,0.2127,0.2132,0.2119,0.2128,221658.2
1788796800000,0.2128,0.2153,0.2126,0.2153,166870.7
1788797700000,0.2153,0.2162,0.2147,0.2155,125194.7
1788798600000,0.2155,0.2168,0.2153,0.2163,150474.5
1788799500000,0.2163,0.2169,0.2162,0.2165,29753.9
1788800400000,0.2165,0.2168,0.2163,0.2168,11878.8
1788801300000,0.2168,0.217,0.2162,0.217,83799.6
1788802200000,0.217,0.2172,0.2161,0.2166,84162.4
1788803100000,0.2166,0.2166,0.2152,0.2152,12042
1788804000000,0.2152,0.216,0.2147,0.2151,100665.8
1788804900000,0.2151,0.2152,0.214,0.2143,19324
1788805800000,0.2143,0.2147,0.2139,0.2147,25342.8
1788806700000,0.2147,0.2155,0.2145,0.2149,24307.7
1788807600000,0.2149,0.2151,0.2146,0.2151,8742.4
1788808500000,0.2151,0.2162,0.215,0.2155,21483.8
1788809400000,0.2155,0.2169,0.2155,0.2167,64462.5
1788810300000,0.2167,0.2167,0.2161,0.2167,12453.1
1788811200000,0.2167,0.2171,0.2157,0.2159,82072
1788812100000,0.2159,0.2169,0.2158,0.2169,24178.8
1788813000000,0.2169,0.2181,0.2165,0.2176,74650.7
1788813900000,0.2176,0.2176,0.2171,0.2173,71623.4
1788814800000,0.2173,0.2174,0.2163,0.2165,164471.2
1788815700000,0.2165,0.2177,0.2164,0.2166,39424.2
1788816600000,0.2166,0.2166,0.2157,0.2164,14500.6
1788817500000,0.2164,0.2164,0.2155,0.2156,10950.3
1788818400000,0.2156,0.2165,0.2147,0.2163,38735.4
1788819300000,0.2163,0.2163,0.2148,0.2153,80145.7
1788820200000,0.2153,0.2153,0.213,0.214,149046.5
1788821100000,0.214,0.214,0.2137,0.2139,11426.1
1788822000000,0.2139,0.2166,0.2139,0.2166,38905.3
1788822900000,0.2166,0.2166,0.2153,0.2155,11635.2
1788823800000,0.2155,0.2162,0.2152,0.2161,12361.4
1788824700000,0.2161,0.2165,0.216,0.2161,30033.7
1788825600000,0.2161,0.2165,0.2156,0.2162,67224
1788826500000,0.2162,0.2166,0.2155,0.2155,36505.6
1788827400000,0.2155,0.2171,0.2155,0.2169,4841.1
1788828300000,0.2169,0.218,0.2167,0.2178,81947.9
1788829200000,0.2178,0.2179,0.2171,0.2179,44014
1788830100000,0.2179,0.2184,0.2172,0.2184,40651.1
1788831000000,0.2184,0.2195,0.2181,0.2189,103425.7
1788831900000,0.2189,0.2197,0.2187,0.2196,16291.4
1788832800000,0.2196,0.2211,0.2188,0.2197,205810
1788833700000,0.2197,0.2215,0.2197,0.2204,48755.3
1788834600000,0.2204,0.2215,0.2187,0.2188,199537.2
1788835500000,0.2188,0.2189,0.2163,0.2163,59735.8
1788836400000,0.2163,0.2189,0.2163,0.2183,117398.6
1788837300000,0.2183,0.219,0.2174,0.2176,120714.2
1788838200000,0.2176,0.2192,0.2176,0.2185,92119.9
1788839100000,0.2185,0.2188,0.2178,0.2181,48140.6
1788840000000,0.2181,0.2181,0.2166,0.2173,177478.8
1788840900000,0.2173,0.2173,0.216,0.2164,98888.4
1788841800000,0.2164,0.2171,0.2162,0.2166,10886.1
1788842700000,0.2166,0.2168,0.2155,0.2156,16092.9
1788843600000,0.2156,0.2174,0.2154,0.2164,62118.5
1788844500000,0.2164,0.218,0.2161,0.2176,139217.5
1788845400000,0.2176,0.2177,0.2166,0.2169,139378.8
1788846300000,0.2169,0.2175,0.2167,0.2169,51285.2
1788847200000,0.2169,0.217,0.2161,0.2165,44037.4
1788848100000,0.2165,0.2165,0.2149,0.2154,50765.8
1788849000000,0.2154,0.2159,0.2152,0.2158,10649.9
1788849900000,0.2158,0.2168,0.2158,0.2166,42930.8
1788850800000,0.2166,0.2186,0.2161,0.2175,53640.8
1788851700000,0.2175,0.2195,0.2172,0.2192,53405.5
1788852600000,0.2192,0.2195,0.2181,0.2185,81206.5
1788853500000,0.2185,0.2185,0.2172,0.218,75787.4
1788854400000,0.218,0.218,0.2165,0.2175,30534.7
1788855300000,0.2175,0.2188,0.2175,0.2188,64955.3
1788856200000,0.2188,0.22,0.2182,0.2199,350997.8
1788857100000,0.2199,0.2206,0.2196,0.2198,61003.5
1788858000000,0.2198,0.2203,0.2189,0.2195,144761
1788858900000,0.2195,0.2201,0.2192,0.2192,50078.5
1788859800000,0.2192,0.2223,0.2189,0.2211,165750.4
1788860700000,0.2211,0.2218,0.221,0.2213,114054.3
1788861600000,0.2213,0.2217,0.2209,0.2214,38669.4
1788862500000,0.2214,0.2228,0.2213,0.2216,60939.8
1788863400000,0.2216,0.222,0.2198,0.2205,44560.1
1788864300000,0.2205,0.2205,0.2201,0.2202,11554.9
1788865200000,0.2202,0.2203,0.2173,0.2173,225506
1788866100000,0.2173,0.2187,0.2173,0.2183,110507.9
1788867000000,0.2183,0.2185,0.218,0.2184,21058.8
1788867900000,0.2184,0.2184,0.2175,0.218,99942.2
1788868800000,0.218,0.218,0.2155,0.2156,379574.4
1788869700000,0.2156,0.2165,0.2156,0.2165,55811.8
1788870600000,0.2165,0.2181,0.2165,0.217,31593.1
1788871500000,0.217,0.2174,0.2165,0.2165,34733.8
1788872400000,0.2165,0.2168,0.2153,0.2155,99113.5
1788873300000,0.2155,0.2157,0.2145,0.2145,82109.2
1788874200000,0.2145,0.2151,0.2113,0.2121,242106.5
1788875100000,0.2121,0.2159,0.212,0.215,173200.1
1788876000000,0.215,0.217,0.2148,0.2163,77114.7
1788876900000,0.2163,0.2175,0.2163,0.2171,83909.7
1788877800000,0.2171,0.2174,0.2164,0.217,119419
1788878700000,0.217,0.2189,0.2169,0.2188,229605.4
1788879600000,0.2188,0.2202,0.2185,0.2202,55143.1
1788880500000,0.2202,0.2212,0.2198,0.2199,92259.1
1788881400000,0.2199,0.2215,0.2199,0.2213,102683.5
1788882300000,0.2213,0.2213,0.2205,0.2208,62006.3
1788883200000,0.2208,0.2211,0.2178,0.2184,161811.3
1788884100000,0.2184,0.219,0.2182,0.2182,42168
1788885000000,0.2182,0.2209,0.2182,0.2208,78679.5
1788885900000,0.2208,0.2218,0.22,0.2203,61074.1
1788886800000,0.2203,0.2211,0.2197,0.2204,101455.6
1788887700000,0.2204,0.2204,0.2175,0.2176,42053.3
1788888600000,0.2176,0.2192,0.2176,0.2178,92312.4
1788889500000,0.2178,0.2189,0.2178,0.2178,486898.5
1788890400000,0.2178,0.2192,0.2177,0.2189,121691.8
1788891300000,0.2189,0.2197,0.2184,0.2185,83551.5
1788892200000,0.2185,0.2188,0.2174,0.2176,25488.2
1788893100000,0.2176,0.2179,0.214,0.2154,456652.5
1788894000000,0.2154,0.2169,0.2152,0.2166,276893.2
1788894900000,0.2166,0.2174,0.2157,0.2164,210765.9
1788895800000,0.2164,0.2169,0.2157,0.2159,375125.8
1788896700000,0.2159,0.2159,0.2148,0.2153,98337.7
1788897600000,0.2153,0.2166,0.2144,0.216,93771
1788898500000,0.216,0.216,0.2143,0.2146,113369.5
1788899400000,0.2146,0.2146,0.2132,0.2139,133504.9
1788900300000,0.2139,0.214,0.2132,0.2132,6596.5
1788901200000,0.2132,0.2142,0.2132,0.2141,60010.4
1788902100000,0.2141,0.2141,0.2132,0.2136,39172.5
1788903000000,0.2136,0.2137,0.2123,0.2133,138474.2
1788903900000,0.2133,0.2133,0.2121,0.2129,7085.6
1788904800000,0.2129,0.2147,0.2128,0.2131,21155.8
1788905700000,0.2131,0.2137,0.2131,0.2132,76811.5
1788906600000,0.2132,0.2132,0.2124,0.2128,78082.5
1788907500000,0.2128,0.2134,0.2128,0.2131,3102
1788908400000,0.2131,0.2132,0.2123,0.2126,42859.7
1788909300000,0.2126,0.2128,0.212,0.2125,56981.4
1788910200000,0.2125,0.2126,0.2122,0.2124,55757.6
1788911100000,0.2124,0.2126,0.212,0.212,27032.9
1788912000000,0.212,0.2138,0.212,0.2138,26116.9
1788912900000,0.2138,0.2138,0.2124,0.2128,13786.1
1788913800000,0.2128,0.2128,0.2115,0.2121,29627.9
1788914700000,0.2121,0.2123,0.212,0.2121,15999.7
1788915600000,0.2121,0.2127,0.2112,0.2124,74652
1788916500000,0.2124,0.2124,0.2106,0.2113,12248.3
1788917400000,0.2113,0.2127,0.2109,0.2121,253608.3
1788918300000,0.2121,0.2123,0.2116,0.2119,125930.7
1788919200000,0.2119,0.212,0.2107,0.2111,170852.2
1788920100000,0.2111,0.2111,0.2099,0.2107,153494.4
1788921000000,0.2107,0.2107,0.2102,0.2105,5961.2
1788921900000,0.2105,0.2108,0.2099,0.2099,11773.4
1788922800000,0.2099,0.2103,0.2094,0.2095,158544
1788923700000,0.2095,0.21,0.2095,0.2098,12487.3
1788924600000,0.2098,0.2107,0.2097,0.2107,128766.2
1788925500000,0.2107,0.2108,0.2103,0.2103,165261.5
1788926400000,0.2103,0.2126,0.2103,0.2113,388889.3
1788927300000,0.2113,0.213,0.2113,0.2129,142105.3
1788928200000,0.2129,0.2144,0.2127,0.2143,253944.5
1788929100000,0.2143,0.2153,0.2139,0.2146,269205.3
1788930000000,0.2146,0.2155,0.2144,0.2153,383483.5
1788930900000,0.2153,0.2158,0.2148,0.2149,249813.6
1788931800000,0.2149,0.2149,0.2138,0.2142,159289.6
1788932700000,0.2142,0.2143,0.2135,0.2142,37624.8
1788933600000,0.2142,0.2147,0.2137,0.2146,24441.5
1788934500000,0.2146,0.2158,0.2143,0.2155,36175
1788935400000,0.2155,0.2165,0.2154,0.2154,52813.2
1788936300000,0.2154,0.2161,0.2154,0.2159,34855.4
1788937200000,0.2159,0.2175,0.2159,0.2164,74443.9
1788938100000,0.2164,0.217,0.2162,0.2165,134701
1788939000000,0.2165,0.2168,0.2165,0.2165,16857.1
1788939900000,0.2165,0.2174,0.2164,0.2171,29112.3
1788940800000,0.2171,0.2185,0.2171,0.2178,234697.6
1788941700000,0.2178,0.2192,0.2178,0.2189,107221
1788942600000,0.2189,0.2195,0.2182,0.2182,346502.2
1788943500000,0.2182,0.2185,0.2177,0.2177,44118.4
1788944400000,0.2177,0.2179,0.2158,0.2165,60412.2
1788945300000,0.2165,0.2166,0.2159,0.2161,19614.8
1788946200000,0.2161,0.2162,0.2142,0.2144,140362.9
1788947100000,0.2144,0.2147,0.2125,0.2125,76948.3
1788948000000,0.2125,0.2138,0.2124,0.213,341896.7
1788948900000,0.213,0.2142,0.2126,0.2138,100815.2
1788949800000,0.2138,0.2143,0.2135,0.2135,95673.6
1788950700000,0.2135,0.2136,0.2128,0.2136,6702.4
1788951600000,0.2136,0.2136,0.212,0.2129,26180
1788952500000,0.2129,0.2142,0.2122,0.2142,27807.6
1788953400000,0.2142,0.2147,0.2139,0.2144,389383.3
1788954300000,0.2144,0.2153,0.2144,0.215,24764.4
1788955200000,0.215,0.2152,0.2145,0.2145,20829.3
1788956100000,0.2145,0.2158,0.2145,0.2151,34139.8
1788957000000,0.2151,0.216,0.2151,0.2154,285685.9
1788957900000,0.2154,0.216,0.2152,0.2152,181253
1788958800000,0.2152,0.2157,0.2148,0.2148,9261.4
1788959700000,0.2148,0.2166,0.2148,0.2164,7782.5
1788960600000,0.2164,0.2165,0.2121,0.2127,177404
1788961500000,0.2127,0.2135,0.2126,0.2131,190481
1788962400000,0.2131,0.2153,0.2128,0.2142,96140.2
1788963300000,0.2142,0.2144,0.2126,0.2144,75158
1788964200000,0.2144,0.2149,0.213,0.213,283457.7
1788965100000,0.213,0.2145,0.2129,0.213,137935.6
1788966000000,0.213,0.2152,0.2104,0.2112,242576.4
1788966900000,0.2112,0.2116,0.2074,0.2081,247132.1
1788967800000,0.2081,0.2098,0.2079,0.2085,55913.7
1788968700000,0.2085,0.2096,0.2085,0.2092,46338.1
1788969600000,0.2092,0.2106,0.2083,0.2095,424710.2
1788970500000,0.2095,0.2101,0.2086,0.2099,220424.9
1788971400000,0.2099,0.2116,0.2096,0.2112,98466.5
1788972300000,0.2112,0.212,0.2112,0.212,82203.3
1788973200000,0.212,0.2123,0.2114,0.212,156890.5
1788974100000,0.212,0.2134,0.2119,0.2131,209344.5
1788975000000,0.2131,0.2131,0.2115,0.2119,48728.1
1788975900000,0.2119,0.2134,0.2119,0.2133,26510.2
1788976800000,0.2133,0.2137,0.2122,0.2124,57116.8
1788977700000,0.2124,0.2135,0.2123,0.2132,110050.2
1788978600000,0.2132,0.2146,0.2131,0.2146,24111.4
1788979500000,0.2146,0.2146,0.2129,0.2133,269618
1788980400000,0.2133,0.2136,0.2121,0.2123,135733.6
1788981300000,0.2123,0.2127,0.2118,0.2118,14205.5
1788982200000,0.2118,0.2118,0.2094,0.2094,100986.3
1788983100000,0.2094,0.2096,0.2081,0.2084,89992.5
1788984000000,0.2084,0.2091,0.2081,0.2088,99547.5
1788984900000,0.2088,0.2095,0.2052,0.207,1135580.1
1788985800000,0.207,0.2102,0.207,0.2094,202653.7
1788986700000,0.2094,0.2095,0.2081,0.2095,110185
1788987600000,0.2095,0.2095,0.2081,0.2085,65888.8
1788988500000,0.2085,0.2098,0.2077,0.2093,293582.5
1788989400000,0.2093,0.2093,0.2072,0.2082,48301.5
1788990300000,0.2082,0.2082,0.2056,0.2069,281031.7
1788991200000,0.2069,0.2074,0.2023,0.2047,177631.2
1788992100000,0.2047,0.205,0.2038,0.2047,18138.8
1788993000000,0.2047,0.2048,0.2039,0.2042,59406.7
1788993900000,0.2042,0.2042,0.2022,0.2025,85854.1
1788994800000,0.2025,0.2042,0.2025,0.2042,16199.1
1788995700000,0.2042,0.2042,0.2039,0.2039,3019.6
1788996600000,0.2039,0.2045,0.2039,0.2044,292435.9
1788997500000,0.2044,0.2047,0.2044,0.2046,82039.7
1788998400000,0.2046,0.2047,0.2032,0.2032,57005
1788999300000,0.2032,0.2033,0.202,0.2026,93745.7
1789000200000,0.2026,0.2026,0.2001,0.2001,540339
1789001100000,0.2001,0.2011,0.1998,0.2003,247716.1
1789002000000,0.2003,0.2027,0.2003,0.2017,311813
1789002900000,0.2017,0.2018,0.2002,0.2006,140224.9
1789003800000,0.2006,0.2008,0.1991,0.2003,34238.5
1789004700000,0.2003,0.2008,0.1996,0.2008,11813.5
1789005600000,0.2008,0.2013,0.2004,0.2007,148112.8
1789006500000,0.2007,0.2008,0.2,0.2003,22079.5
1789007400000,0.2003,0.2022,0.2003,0.202,45015.8
1789008300000,0.202,0.2028,0.202,0.2027,17708.9
1789009200000,0.2027,0.2034,0.2027,0.2033,55202.9
1789010100000,0.2033,0.2036,0.2027,0.203,159314.1
1789011000000,0.203,0.2035,0.2026,0.2033,128113
1789011900000,0.2033,0.2036,0.2028,0.2031,136824.3
1789012800000,0.2031,0.2031,0.2028,0.2029,22441.4
1789013700000,0.2029,0.2031,0.2024,0.2024,10795.5
1789014600000,0.2024,0.2024,0.2017,0.2017,29096
1789015500000,0.2017,0.2018,0.2009,0.2014,103639
1789016400000,0.2014,0.202,0.2002,0.202,134633.4
1789017300000,0.202,0.202,0.2007,0.202,50242.3
1789018200000,0.202,0.2026,0.2019,0.2024,46108.5
1789019100000,0.2024,0.2026,0.2022,0.2026,8040.4
1789020000000,0.2026,0.2027,0.2007,0.2007,16870
1789020900000,0.2007,0.2007,0.1999,0.2,45193.2
1789021800000,0.2,0.2012,0.1999,0.201,16754.7
1789022700000,0.201,0.2023,0.201,0.202,7476.4
1789023600000,0.202,0.202,0.2002,0.2004,14548.2
1789024500000,0.2004,0.2004,0.1995,0.1995,309975.8
1789025400000,0.1995,0.1995,0.1981,0.1987,265680.6
1789026300000,0.1987,0.199,0.1979,0.1989,240164.3
1789027200000,0.1989,0.1994,0.1986,0.1988,184576.8
1789028100000,0.1988,0.1993,0.1985,0.1993,166211.2
1789029000000,0.1993,0.1993,0.1988,0.1988,65559.6
1789029900000,0.1988,0.1993,0.1988,0.199,6552.7
1789030800000,0.199,0.1998,0.199,0.1992,7777.2
1789031700000,0.1992,0.1997,0.1992,0.1995,6900.9
1789032600000,0.1995,0.1995,0.1975,0.198,48098.6
1789033500000,0.198,0.1987,0.1977,0.1982,304874.9
1789034400000,0.1982,0.1991,0.198,0.1987,410679
1789035300000,0.1987,0.1987,0.1984,0.1985,5289.4
1789036200000,0.1985,0.199,0.1977,0.1989,195991.6
1789037100000,0.1989,0.1992,0.198,0.1982,24505.7
1789038000000,0.1982,0.1984,0.1971,0.1984,49475.2
1789038900000,0.1984,0.1994,0.1984,0.1993,41174.6
1789039800000,0.1993,0.1995,0.199,0.1994,145155.6
1789040700000,0.1994,0.1995,0.1983,0.1986,168777
1789041600000,0.1986,0.1992,0.1985,0.1992,21969.9
1789042500000,0.1992,0.1994,0.199,0.1993,159109.3
1789043400000,0.1993,0.2002,0.196,0.1969,810480.4
1789044300000,0.1969,0.1971,0.1925,0.1953,911563.2
1789045200000,0.1953,0.1969,0.1941,0.1944,236341.9
1789046100000,0.1944,0.1958,0.1943,0.1954,32119.5
1789047000000,0.1954,0.1961,0.1947,0.1956,12895.6
1789047900000,0.1956,0.1963,0.1949,0.1956,203094.3
1789048800000,0.1956,0.1967,0.1945,0.1945,84374.8
1789049700000,0.1945,0.1965,0.1935,0.196,135004.3
1789050600000,0.196,0.1963,0.1955,0.1955,21617.9
1789051500000,0.1955,0.1958,0.195,0.1958,9952.1
1789052400000,0.1958,0.1958,0.1943,0.195,63781.2
1789053300000,0.195,0.1951,0.1938,0.194,29264.7
1789054200000,0.194,0.1957,0.194,0.1946,288247.2
1789055100000,0.1946,0.1947,0.1934,0.1943,236642.7
1789056000000,0.1943,0.1945,0.1923,0.1929,208560.4
1789056900000,0.1929,0.1929,0.1913,0.1916,319993.9
1789057800000,0.1916,0.1924,0.1907,0.1924,208800.4
1789058700000,0.1924,0.1937,0.1924,0.1931,16565.8
1789059600000,0.1931,0.1936,0.1931,0.1935,20326.5
1789060500000,0.1935,0.1942,0.1932,0.1942,44034.2
1789061400000,0.1942,0.1957,0.1941,0.1949,113482
1789062300000,0.1949,0.1951,0.1945,0.1949,166404.8
1789063200000,0.1949,0.195,0.1924,0.1926,55167.3
1789064100000,0.1926,0.193,0.192,0.1927,10003.2
1789065000000,0.1927,0.1927,0.1925,0.1927,2192
1789065900000,0.1927,0.1944,0.1927,0.1942,17557.8
1789066800000,0.1942,0.1943,0.1933,0.1934,48180.1
1789067700000,0.1934,0.1938,0.193,0.1934,285382.3
1789068600000,0.1934,0.1945,0.1928,0.1944,297012.3
1789069500000,0.1944,0.1944,0.193,0.1931,128741.3
1789070400000,0.1931,0.1942,0.1931,0.1942,15563
1789071300000,0.1942,0.1949,0.1942,0.1949,5113.8
1789072200000,0.1949,0.1949,0.1942,0.1946,6072
1789073100000,0.1946,0.1946,0.1941,0.1943,739.7
1789074000000,0.1943,0.1949,0.1941,0.1944,2978.3
1789074900000,0.1944,0.1944,0.1936,0.1938,11297.5
1789075800000,0.1938,0.1938,0.1927,0.1929,7496.9
1789076700000,0.1929,0.1936,0.1928,0.1929,1652.5
1789077600000,0.1929,0.194,0.1929,0.1935,14237.9
1789078500000,0.1935,0.194,0.1934,0.1934,3631
1789079400000,0.1934,0.1934,0.1919,0.1922,131209.7
1789080300000,0.1922,0.1927,0.1919,0.192,9895.2
1789081200000,0.192,0.192,0.1894,0.1895,79469.9
1789082100000,0.1895,0.1906,0.1889,0.1904,126153
1789083000000,0.1904,0.1907,0.1902,0.1907,98327.6
1789083900000,0.1907,0.1907,0.1898,0.1899,34736.3
1789084800000,0.1899,0.1918,0.1899,0.1912,46241.4
1789085700000,0.1912,0.1925,0.191,0.1923,256180.6
1789086600000,0.1923,0.1924,0.1917,0.1921,66172.6
1789087500000,0.1921,0.1927,0.1918,0.1925,11029.3
1789088400000,0.1925,0.1931,0.1924,0.1929,34567.8
1789089300000,0.1929,0.1929,0.1914,0.1914,83045.3
1789090200000,0.1914,0.1928,0.1912,0.1915,61663.6
1789091100000,0.1915,0.1928,0.1915,0.1928,12815.2
1789092000000,0.1928,0.193,0.1914,0.1917,115780
1789092900000,0.1917,0.1917,0.1905,0.1909,74343.1
1789093800000,0.1909,0.1913,0.1906,0.1912,3412.3
1789094700000,0.1912,0.1915,0.1907,0.1912,20832
1789095600000,0.1912,0.1918,0.1906,0.1918,25940.3
1789096500000,0.1918,0.1919,0.1911,0.1918,259318.9
1789097400000,0.1918,0.1927,0.1915,0.1923,214660.8
1789098300000,0.1923,0.1927,0.192,0.1926,5699.9
1789099200000,0.1926,0.1931,0.1925,0.1929,37985.8
1789100100000,0.1929,0.1941,0.1928,0.1941,207511.8
1789101000000,0.1941,0.1941,0.1932,0.1934,8314.7
1789101900000,0.1934,0.1936,0.1933,0.1934,3500.2
1789102800000,0.1934,0.1935,0.1932,0.1932,128388.5
1789103700000,0.1932,0.1934,0.193,0.1931,99690.4
1789104600000,0.1931,0.1934,0.1928,0.1931,247732.4
1789105500000,0.1931,0.1935,0.1931,0.1935,8267.1
1789106400000,0.1935,0.1938,0.1933,0.1937,15959.1
1789107300000,0.1937,0.1939,0.1928,0.1931,183595.6
1789108200000,0.1931,0.1931,0.1923,0.1924,55381.1
1789109100000,0.1924,0.1929,0.1924,0.1928,2803.9
1789110000000,0.1928,0.1935,0.1928,0.1933,3836.5
1789110900000,0.1933,0.194,0.1933,0.1934,32765
1789111800000,0.1934,0.1934,0.1927,0.1928,96435.5
1789112700000,0.1928,0.1929,0.1924,0.1926,194888.8
1789113600000,0.1926,0.1928,0.1921,0.1925,18746
1789114500000,0.1925,0.1939,0.1925,0.1931,46553.6
1789115400000,0.1931,0.1944,0.1931,0.1932,72501.7
1789116300000,0.1932,0.1932,0.1929,0.193,2051.9
1789117200000,0.193,0.193,0.1923,0.1923,55293.6
1789118100000,0.1923,0.1924,0.1919,0.1919,3966.9
1789119000000,0.1919,0.192,0.1905,0.1905,71475.4
1789119900000,0.1905,0.1915,0.1905,0.1915,4008.2
1789120800000,0.1915,0.1921,0.1908,0.1916,199010.5
1789121700000,0.1916,0.1919,0.1907,0.1907,30226
1789122600000,0.1907,0.1908,0.1899,0.1902,46186.5
1789123500000,0.1902,0.1902,0.1899,0.1899,2111.7
1789124400000,0.1899,0.1899,0.1875,0.1882,337006.5
1789125300000,0.1882,0.1895,0.188,0.1893,208238.3
1789126200000,0.1893,0.1903,0.1888,0.1902,33296
1789127100000,0.1902,0.1907,0.1902,0.1907,14928
1789128000000,0.1907,0.1913,0.1898,0.19,155324.6
1789128900000,0.19,0.192,0.1895,0.1909,592309.9
1789129800000,0.1909,0.1964,0.1881,0.1944,926390.7
1789130700000,0.1944,0.196,0.1941,0.1959,280685.9
1789131600000,0.1959,0.196,0.194,0.1944,78008.1
1789132500000,0.1944,0.1949,0.1937,0.1937,146525.7
1789133400000,0.1937,0.1946,0.1921,0.1938,53374.4
1789134300000,0.1938,0.2017,0.1938,0.2016,442576.9
1789135200000,0.2016,0.2034,0.1997,0.2006,464690.1
1789136100000,0.2006,0.2012,0.1998,0.2009,177698
1789137000000,0.2009,0.2018,0.1979,0.1983,178325.8
1789137900000,0.1983,0.2,0.1979,0.1999,78846
1789138800000,0.1999,0.2002,0.1978,0.1978,265501.8
1789139700000,0.1978,0.2004,0.1977,0.2003,27710
1789140600000,0.2003,0.2006,0.199,0.199,184816.4
1789141500000,0.199,0.2,0.194,0.1951,268748
1789142400000,0.1951,0.1975,0.1949,0.1965,119560.3
1789143300000,0.1965,0.1965,0.1942,0.1947,107748.9
1789144200000,0.1947,0.1956,0.1936,0.1947,64542.9
1789145100000,0.1947,0.1959,0.1947,0.1956,192882.9
1789146000000,0.1956,0.1958,0.1944,0.1944,144697.2
1789146900000,0.1944,0.1951,0.1939,0.1945,96528.4
1789147800000,0.1945,0.1945,0.1928,0.193,22280.9
1789148700000,0.193,0.1933,0.1923,0.193,32231.7
1789149600000,0.193,0.193,0.1892,0.1906,219139.4
1789150500000,0.1906,0.1919,0.1906,0.191,240333.9
1789151400000,0.191,0.1914,0.1904,0.1905,64011.1
1789152300000,0.1905,0.1911,0.1882,0.1891,105806.4
1789153200000,0.1891,0.1898,0.1879,0.1891,109040.5
1789154100000,0.1891,0.1905,0.1885,0.1905,97639.1
1789155000000,0.1905,0.1908,0.1898,0.1906,96174.5
1789155900000,0.1906,0.1913,0.1902,0.191,56607.6
1789156800000,0.191,0.1919,0.191,0.1917,58423.8
1789157700000,0.1917,0.1917,0.1901,0.1902,76353
1789158600000,0.1902,0.1917,0.1895,0.191,491371.8
1789159500000,0.191,0.191,0.1898,0.1908,359808.4
1789160400000,0.1908,0.1921,0.1908,0.1915,20238.7
1789161300000,0.1915,0.192,0.1915,0.1916,10026.4
1789162200000,0.1916,0.1917,0.1907,0.1909,12773.8
1789163100000,0.1909,0.1909,0.1892,0.1892,16485
1789164000000,0.1892,0.1916,0.1882,0.1907,120375.3
1789164900000,0.1907,0.1909,0.1901,0.1903,209975.2
1789165800000,0.1903,0.1903,0.1896,0.1899,151922.8
1789166700000,0.1899,0.1899,0.1891,0.1898,41886.7
1789167600000,0.1898,0.1907,0.1898,0.1905,36619.1
1789168500000,0.1905,0.1914,0.1904,0.191,12103.2
1789169400000,0.191,0.1913,0.191,0.1911,7139.3
1789170300000,0.1911,0.1917,0.1911,0.1917,7334.5
1789171200000,0.1917,0.192,0.1915,0.1919,24505.8
1789172100000,0.1919,0.1926,0.1916,0.1924,6861.2
1789173000000,0.1924,0.1931,0.1924,0.1928,9850
1789173900000,0.1928,0.194,0.1928,0.1938,50483
1789174800000,0.1938,0.1942,0.1931,0.1942,11117.4
1789175700000,0.1942,0.1946,0.1941,0.1941,19683.6
1789176600000,0.1941,0.1949,0.1941,0.1947,48347.5
1789177500000,0.1947,0.1951,0.1944,0.1945,118620.9
1789178400000,0.1945,0.1947,0.194,0.1945,16683.7
1789179300000,0.1945,0.1953,0.1943,0.1951,33331.8
1789180200000,0.1951,0.1956,0.1947,0.1951,166786.7
1789181100000,0.1951,0.1958,0.1951,0.1958,362114.3
1789182000000,0.1958,0.1959,0.1952,0.1954,133503.2
1789182900000,0.1954,0.1958,0.195,0.1954,177927.7
1789183800000,0.1954,0.1959,0.1954,0.1956,8659
1789184700000,0.1956,0.1961,0.1956,0.1959,36691.2
1789185600000,0.1959,0.1961,0.1958,0.1959,20604.3
1789186500000,0.1959,0.1959,0.1951,0.1954,150361.4
1789187400000,0.1954,0.1955,0.1952,0.1953,24159.6
1789188300000,0.1953,0.1953,0.1947,0.195,9366.9
1789189200000,0.195,0.195,0.1942,0.1944,4770.1
1789190100000,0.1944,0.1944,0.1938,0.1938,131973.5
1789191000000,0.1938,0.1948,0.1936,0.1945,74989.7
1789191900000,0.1945,0.1945,0.1936,0.1936,136722.8
1789192800000,0.1936,0.194,0.1935,0.1939,29097
1789193700000,0.1939,0.1947,0.1939,0.1944,5506.9
1789194600000,0.1944,0.1947,0.194,0.1943,266601
1789195500000,0.1943,0.1947,0.194,0.194,38606.6
1789196400000,0.194,0.1946,0.1939,0.1946,9735.1
1789197300000,0.1946,0.1953,0.1946,0.195,16275.4
1789198200000,0.195,0.195,0.1944,0.1944,7438.4
1789199100000,0.1944,0.1947,0.1944,0.1946,2584.7
1789200000000,0.1946,0.1948,0.1942,0.1944,79478.3
1789200900000,0.1944,0.1949,0.193,0.1931,281344.3
1789201800000,0.1931,0.1935,0.1929,0.1934,161137.8
1789202700000,0.1934,0.1934,0.1929,0.1929,7610.3
1789203600000,0.1929,0.1932,0.1929,0.1929,91300.8
1789204500000,0.1929,0.1932,0.1927,0.1929,333524.8
1789205400000,0.1929,0.1933,0.1927,0.1929,250130.1
1789206300000,0.1929,0.1934,0.1929,0.1934,90151.1
1789207200000,0.1934,0.1938,0.1932,0.1932,6157.5
1789208100000,0.1932,0.1939,0.1932,0.1939,3807
1789209000000,0.1939,0.1939,0.1933,0.1935,8199.6
1789209900000,0.1935,0.1937,0.193,0.1931,214020.4
1789210800000,0.1931,0.1935,0.193,0.1935,57367.1
1789211700000,0.1935,0.1936,0.193,0.1933,16937.8
1789212600000,0.1933,0.1933,0.1926,0.1932,55316.9
1789213500000,0.1932,0.1932,0.1929,0.1929,10835
1789214400000,0.1929,0.1933,0.1928,0.1932,73492.4
1789215300000,0.1932,0.1933,0.1929,0.1932,20946.7
1789216200000,0.1932,0.1933,0.1932,0.1933,1634.7
1789217100000,0.1933,0.1933,0.1923,0.1926,21161.5
1789218000000,0.1926,0.1928,0.192,0.1922,103874
1789218900000,0.1922,0.1922,0.1916,0.1922,87204.7
1789219800000,0.1922,0.1922,0.192,0.192,19116.6
1789220700000,0.192,0.192,0.1915,0.1918,10404.3
1789221600000,0.1918,0.1922,0.1916,0.1921,23684.3
1789222500000,0.1921,0.1924,0.1917,0.1921,16797.7
1789223400000,0.1921,0.1924,0.1919,0.1922,14954.9
1789224300000,0.1922,0.1924,0.1922,0.1924,4321
1789225200000,0.1924,0.1928,0.1923,0.1924,23811
1789226100000,0.1924,0.1926,0.192,0.1925,39088.6
1789227000000,0.1925,0.1926,0.192,0.1924,103637.1
1789227900000,0.1924,0.1927,0.1923,0.1923,106776.8
1789228800000,0.1923,0.1928,0.1922,0.1922,83364.7
1789229700000,0.1922,0.1925,0.1922,0.1923,7907.5
1789230600000,0.1923,0.1924,0.1919,0.1919,3906.9
1789231500000,0.1919,0.1921,0.1919,0.1919,48425.7
1789232400000,0.1919,0.1923,0.1916,0.1919,70949.3
1789233300000,0.1919,0.1921,0.1918,0.192,1514.1
1789234200000,0.192,0.1927,0.1919,0.1927,33226.1
1789235100000,0.1927,0.1932,0.1923,0.1932,16418.2
1789236000000,0.1932,0.1932,0.1919,0.1928,183486.1
1789236900000,0.1928,0.1929,0.1924,0.1928,94326
1789237800000,0.1928,0.1928,0.1919,0.1919,155629.2
1789238700000,0.1919,0.1922,0.1917,0.1917,2287.1
1789239600000,0.1917,0.1921,0.1917,0.1919,36689.2
1789240500000,0.1919,0.1921,0.1913,0.1916,202489.7
1789241400000,0.1916,0.1916,0.1907,0.191,74180.2
1789242300000,0.191,0.1913,0.191,0.1911,1449.2
1789243200000,0.1911,0.1918,0.1911,0.1918,4274.5
1789244100000,0.1918,0.1918,0.1911,0.1911,92237.6
1789245000000,0.1911,0.1912,0.1909,0.191,27950.6
1789245900000,0.191,0.1911,0.1903,0.1904,308259.7
1789246800000,0.1904,0.191,0.1902,0.1909,173127.4
1789247700000,0.1909,0.1909,0.1905,0.1908,3674.3
1789248600000,0.1908,0.1908,0.1905,0.1907,1331.7
1789249500000,0.1907,0.1907,0.1903,0.1907,1524.9
1789250400000,0.1907,0.1909,0.1904,0.1906,282278
1789251300000,0.1906,0.1915,0.1905,0.1905,162684.6
1789252200000,0.1905,0.1907,0.1903,0.1903,96447.2
1789253100000,0.1903,0.1904,0.1903,0.1903,1010.6
1789254000000,0.1903,0.1903,0.1897,0.1901,10900.8
1789254900000,0.1901,0.1903,0.1901,0.1902,4645.8
1789255800000,0.1902,0.1906,0.1901,0.1906,106686.3
1789256700000,0.1906,0.1907,0.1906,0.1906,2028.9
1789257600000,0.1906,0.1906,0.19,0.1903,16236.8
1789258500000,0.1903,0.1907,0.1901,0.1906,25322.5
1789259400000,0.1906,0.1906,0.1902,0.1902,2456.2
1789260300000,0.1902,0.1905,0.19,0.1905,30738
1789261200000,0.1905,0.1905,0.1901,0.1904,31567.7
1789262100000,0.1904,0.1909,0.1901,0.1902,237826.9
1789263000000,0.1902,0.1904,0.1899,0.1903,101190.8
1789263900000,0.1903,0.191,0.1903,0.1907,321326.6
1789264800000,0.1907,0.1909,0.1901,0.1904,88334.8
1789265700000,0.1904,0.1904,0.1899,0.1899,17072.8
1789266600000,0.1899,0.1903,0.1897,0.1902,180548.8
1789267500000,0.1902,0.1906,0.1896,0.1896,53357.9
1789268400000,0.1896,0.1904,0.1896,0.1897,116656.3
1789269300000,0.1897,0.1905,0.1892,0.1899,37309.4
1789270200000,0.1899,0.1899,0.1894,0.1896,5253.7
1789271100000,0.1896,0.1896,0.1887,0.1889,93768.3
1789272000000,0.1889,0.1892,0.1884,0.189,256485.7
1789272900000,0.189,0.1896,0.189,0.1894,457689.8
1789273800000,0.1894,0.1895,0.1891,0.1891,4143.1
1789274700000,0.1891,0.1895,0.189,0.189,8511.3
1789275600000,0.189,0.1898,0.189,0.1898,6285
1789276500000,0.1898,0.1901,0.1896,0.1899,10678.4
1789277400000,0.1899,0.1902,0.1899,0.19,4621.1
1789278300000,0.19,0.1905,0.19,0.1904,5087.7
1789279200000,0.1904,0.1905,0.19,0.19,10572
1789280100000,0.19,0.19,0.1894,0.1894,2510.2
1789281000000,0.1894,0.1897,0.1894,0.1897,449.3
1789281900000,0.1897,0.1897,0.1885,0.1885,33725.8
1789282800000,0.1885,0.1895,0.1885,0.1894,4519.6
1789283700000,0.1894,0.19,0.1894,0.1899,11891.3
1789284600000,0.1899,0.1899,0.1891,0.1892,238917.3
1789285500000,0.1892,0.1892,0.1879,0.1881,212912.4
1789286400000,0.1881,0.1885,0.1878,0.1881,30924.2
1789287300000,0.1881,0.1883,0.1879,0.1881,8256.3
1789288200000,0.1881,0.1883,0.1867,0.187,365049.9
1789289100000,0.187,0.1874,0.1868,0.1873,26340.8
1789290000000,0.1873,0.1881,0.187,0.1879,36887.6
1789290900000,0.1879,0.188,0.1868,0.1875,94157.7
1789291800000,0.1875,0.1888,0.1865,0.1881,51030.4
1789292700000,0.1881,0.1887,0.188,0.1886,14531.5
1789293600000,0.1886,0.1886,0.1882,0.1882,10391.4
1789294500000,0.1882,0.1882,0.1874,0.1876,81639.9
1789295400000,0.1876,0.1877,0.1865,0.1866,15186.2
1789296300000,0.1866,0.1866,0.1851,0.186,161506.8
1789297200000,0.186,0.1872,0.1857,0.1865,90407.6
1789298100000,0.1865,0.1871,0.1865,0.1871,18645.5
1789299000000,0.1871,0.1876,0.187,0.1873,12637.4
1789299900000,0.1873,0.1875,0.187,0.187,7072.6
1789300800000,0.187,0.1875,0.1867,0.1874,78025.6
1789301700000,0.1874,0.1879,0.1874,0.1877,17610.5
1789302600000,0.1877,0.1879,0.1873,0.1877,71830
1789303500000,0.1877,0.1885,0.1874,0.1883,60606.2
1789304400000,0.1883,0.1885,0.1877,0.1885,24747.6
1789305300000,0.1885,0.1885,0.1866,0.1866,35110.8
1789306200000,0.1866,0.1879,0.1866,0.1879,6624
1789307100000,0.1879,0.1894,0.1879,0.1889,31489.4
1789308000000,0.1889,0.1901,0.1889,0.1899,66282.2
1789308900000,0.1899,0.1908,0.1899,0.1905,33073
1789309800000,0.1905,0.1908,0.1901,0.1901,53421.2
1789310700000,0.1901,0.1902,0.1896,0.1898,28293.5
1789311600000,0.1898,0.1898,0.1888,0.1892,39965.6
1789312500000,0.1892,0.19,0.1891,0.1891,12434.3
1789313400000,0.1891,0.1893,0.1889,0.1893,59962.7
1789314300000,0.1893,0.1893,0.188,0.1881,40383.3
1789315200000,0.1881,0.1902,0.1881,0.1896,47778.6
1789316100000,0.1896,0.1898,0.1894,0.1894,3631.4
1789317000000,0.1894,0.1899,0.1893,0.1899,6821.8
1789317900000,0.1899,0.19,0.1895,0.19,11501.7
1789318800000,0.19,0.1914,0.19,0.1908,93323
1789319700000,0.1908,0.1915,0.1908,0.1914,18543.5
1789320600000,0.1914,0.1914,0.1907,0.191,14026.9
1789321500000,0.191,0.1913,0.191,0.1912,1506.2
1789322400000,0.1912,0.1915,0.191,0.1913,43101.2
1789323300000,0.1913,0.1917,0.1912,0.1916,4854.2
1789324200000,0.1916,0.1919,0.1914,0.1916,95336.1
1789325100000,0.1916,0.1917,0.1916,0.1917,35
1789326000000,0.1917,0.1918,0.1907,0.1907,5378.2
1789326900000,0.1907,0.1907,0.1906,0.1906,3665.8
1789327800000,0.1906,0.1907,0.1901,0.1905,7325.9
1789328700000,0.1905,0.1905,0.1904,0.1905,1665.2
1789329600000,0.1905,0.1911,0.1905,0.191,33214.6
1789330500000,0.191,0.1914,0.1908,0.1914,617.2
1789331400000,0.1914,0.1914,0.1908,0.1912,16767.6
1789332300000,0.1912,0.1925,0.1912,0.1923,22864.1
1789333200000,0.1923,0.1927,0.1922,0.1925,47334.6
1789334100000,0.1925,0.1926,0.1919,0.1919,2184.5
1789335000000,0.1919,0.1926,0.1919,0.1926,11553.1
1789335900000,0.1926,0.1926,0.1918,0.1919,626
1789336800000,0.1919,0.1919,0.1881,0.1881,84901.5
1789337700000,0.1881,0.1883,0.1857,0.187,157240.8
1789338600000,0.187,0.1879,0.1865,0.1866,37437.4
1789339500000,0.1866,0.1871,0.1862,0.1865,22001.1
1789340400000,0.1865,0.1871,0.1863,0.1864,178976.7
1789341300000,0.1864,0.1877,0.1862,0.1872,190951.1
1789342200000,0.1872,0.1878,0.1872,0.1875,149271.5
1789343100000,0.1875,0.1875,0.1873,0.1874,6396.1
1789344000000,0.1874,0.1886,0.187,0.1877,36653.3
1789344900000,0.1877,0.188,0.186,0.1863,26644.3
1789345800000,0.1863,0.1885,0.1863,0.1879,41155.3
1789346700000,0.1879,0.1885,0.1879,0.1883,5206.3
1789347600000,0.1883,0.1886,0.1876,0.1878,71471.7
1789348500000,0.1878,0.1879,0.1874,0.1875,42900.3
1789349400000,0.1875,0.1876,0.1865,0.1873,22478.8
1789350300000,0.1873,0.1891,0.187,0.1887,127104.6
1789351200000,0.1887,0.1909,0.1886,0.1907,336381.3
1789352100000,0.1907,0.192,0.1906,0.1912,342150.5
1789353000000,0.1912,0.1919,0.1912,0.1915,12210.3
1789353900000,0.1915,0.1922,0.1914,0.1919,52370.5
1789354800000,0.1919,0.1925,0.1915,0.1925,33984.8
1789355700000,0.1925,0.1929,0.1925,0.1929,33297
1789356600000,0.1929,0.1929,0.1915,0.1917,52974
1789357500000,0.1917,0.1921,0.1915,0.1919,7683.4
1789358400000,0.1919,0.1923,0.1916,0.1919,63325.2
1789359300000,0.1919,0.1925,0.1919,0.192,97709.8
1789360200000,0.192,0.1921,0.1918,0.192,45651.3
1789361100000,0.192,0.1922,0.1916,0.1917,55181.2
1789362000000,0.1917,0.1918,0.1914,0.1915,38187.9
1789362900000,0.1915,0.1915,0.1908,0.1908,16897.7
1789363800000,0.1908,0.1915,0.1908,0.1915,5888.3
1789364700000,0.1915,0.1915,0.1915,0.1915,336
1789365600000,0.1915,0.1936,0.1915,0.1932,16877
1789366500000,0.1932,0.1932,0.1924,0.1924,6023.4
1789367400000,0.1924,0.1932,0.1913,0.1929,111652
1789368300000,0.1929,0.1929,0.1922,0.1923,112501.5
1789369200000,0.1923,0.1924,0.1919,0.192,441.1
1789370100000,0.192,0.1925,0.1917,0.1917,5335
1789371000000,0.1917,0.192,0.1913,0.1918,42744.9
1789371900000,0.1918,0.192,0.1914,0.1919,72978.1
1789372800000,0.1919,0.1919,0.1909,0.1916,280626
1789373700000,0.1916,0.1925,0.1913,0.1921,59508.3
1789374600000,0.1921,0.1921,0.1913,0.1918,11878.7
1789375500000,0.1918,0.1918,0.191,0.1912,18861.1
1789376400000,0.1912,0.1915,0.1905,0.1905,64215.6
1789377300000,0.1905,0.1908,0.1897,0.1903,92712.8
1789378200000,0.1903,0.1916,0.1903,0.1908,49690.4
1789379100000,0.1908,0.1934,0.1908,0.1921,217858.8
1789380000000,0.1921,0.1922,0.1916,0.1916,151104.9
1789380900000,0.1916,0.1917,0.191,0.1912,1222.5
1789381800000,0.1912,0.1919,0.191,0.1919,171484.2
1789382700000,0.1919,0.192,0.191,0.1911,252120.9
1789383600000,0.1911,0.1914,0.1902,0.1909,84042.9
1789384500000,0.1909,0.1919,0.1909,0.1916,5612.7
1789385400000,0.1916,0.1918,0.1906,0.1909,134162
1789386300000,0.1909,0.1909,0.1903,0.1908,82007
1789387200000,0.1908,0.1911,0.1905,0.1911,22560.6
1789388100000,0.1911,0.1916,0.191,0.1914,59836
1789389000000,0.1914,0.1917,0.1906,0.1913,72694.5
1789389900000,0.1913,0.1913,0.1871,0.1875,95713.2
1789390800000,0.1875,0.1881,0.1863,0.1879,243420.4
1789391700000,0.1879,0.1891,0.1879,0.1887,37367.5
1789392600000,0.1887,0.1901,0.1879,0.1889,51745.1
1789393500000,0.1889,0.1904,0.1889,0.189,14197.1
1789394400000,0.189,0.1903,0.189,0.1899,148092
1789395300000,0.1899,0.1901,0.1884,0.1892,16859
1789396200000,0.1892,0.1901,0.1887,0.189,29651.1
1789397100000,0.189,0.1898,0.1885,0.1888,235372.2
1789398000000,0.1888,0.1891,0.188,0.1888,79404.3
1789398900000,0.1888,0.1894,0.1886,0.1892,50841
1789399800000,0.1892,0.1906,0.189,0.1904,153436.8
1789400700000,0.1904,0.1904,0.1893,0.1897,115330.4
1789401600000,0.1897,0.19,0.1885,0.1885,64629.6
1789402500000,0.1885,0.1907,0.1885,0.1896,82441.7
1789403400000,0.1896,0.1898,0.1893,0.1895,126369.8
1789404300000,0.1895,0.191,0.1895,0.1898,61514.7
1789405200000,0.1898,0.1907,0.1897,0.1907,30004.8
1789406100000,0.1907,0.1917,0.1906,0.1915,229281
1789407000000,0.1915,0.1919,0.1907,0.1918,153020.1
1789407900000,0.1918,0.1928,0.1918,0.1923,142881.2
1789408800000,0.1923,0.1928,0.192,0.1924,197498.4
1789409700000,0.1924,0.1933,0.1919,0.1933,97892.5
1789410600000,0.1933,0.1941,0.1927,0.1937,159442.1
1789411500000,0.1937,0.1943,0.1932,0.1932,336786.8
1789412400000,0.1932,0.1932,0.1919,0.1923,203442.8
1789413300000,0.1923,0.1926,0.192,0.1921,56692.2
1789414200000,0.1921,0.1921,0.1912,0.192,98787.3
1789415100000,0.192,0.192,0.1913,0.1913,15025.1
1789416000000,0.1913,0.1939,0.1913,0.1929,93892.4
1789416900000,0.1929,0.1954,0.1929,0.1946,47864.7
1789417800000,0.1946,0.1952,0.1943,0.1944,59041.7
1789418700000,0.1944,0.1947,0.1928,0.1929,11251.3
1789419600000,0.1929,0.1929,0.1906,0.1906,147376.8
1789420500000,0.1906,0.1911,0.1904,0.1904,51028.6
1789421400000,0.1904,0.1906,0.1894,0.1897,101212.6
1789422300000,0.1897,0.1897,0.189,0.1894,63133.6
1789423200000,0.1894,0.1904,0.1891,0.1901,110752.8
1789424100000,0.1901,0.1901,0.1888,0.1891,312129.2
1789425000000,0.1891,0.1892,0.1887,0.189,21383.9
1789425900000,0.189,0.189,0.1886,0.1887,15680.8
1789426800000,0.1887,0.1889,0.1878,0.1883,76415.9
1789427700000,0.1883,0.1893,0.1881,0.1892,251823.2
1789428600000,0.1892,0.1892,0.1882,0.1883,14133.8
1789429500000,0.1883,0.1883,0.1874,0.1875,29517.1
1789430400000,0.1875,0.1881,0.1875,0.1878,51813.2
1789431300000,0.1878,0.1878,0.1864,0.1866,343107.9
1789432200000,0.1866,0.1871,0.1863,0.1867,45978.4
1789433100000,0.1867,0.1872,0.1866,0.1866,22872.6
1789434000000,0.1866,0.1867,0.1861,0.1865,288207.2
1789434900000,0.1865,0.1874,0.1864,0.1864,71021.5
1789435800000,0.1864,0.1869,0.1864,0.1867,43849.5
1789436700000,0.1867,0.1868,0.1865,0.1865,84284.5
1789437600000,0.1865,0.187,0.1863,0.1864,25542.6
1789438500000,0.1864,0.1864,0.1861,0.1862,11627.9
1789439400000,0.1862,0.1862,0.1855,0.1857,32576.8
1789440300000,0.1857,0.1858,0.185,0.1856,94737.5
1789441200000,0.1856,0.1856,0.1817,0.1821,469683.2
1789442100000,0.1821,0.1827,0.182,0.1822,147606.2
1789443000000,0.1822,0.1837,0.1822,0.1833,50152.6
1789443900000,0.1833,0.1834,0.1826,0.1826,56650.7
1789444800000,0.1826,0.1831,0.1823,0.1823,98530.7
1789445700000,0.1823,0.1827,0.1817,0.1823,109497.9
1789446600000,0.1823,0.1833,0.1823,0.1832,316343
1789447500000,0.1832,0.1837,0.1832,0.1835,31695.8
1789448400000,0.1835,0.1835,0.182,0.1821,6464
1789449300000,0.1821,0.1823,0.1818,0.182,54227.6
1789450200000,0.182,0.1827,0.1815,0.1827,35997.3
1789451100000,0.1827,0.1837,0.1827,0.1828,85625.2
1789452000000,0.1828,0.1832,0.1821,0.1822,41961.9
1789452900000,0.1822,0.1824,0.1817,0.182,113034.3
1789453800000,0.182,0.1821,0.1814,0.1816,39531.1
1789454700000,0.1816,0.1816,0.1805,0.1811,296109.1
1789455600000,0.1811,0.1815,0.1806,0.1812,320599.9
1789456500000,0.1812,0.1819,0.1812,0.1817,36089.5
1789457400000,0.1817,0.1817,0.1802,0.1803,66977.7
1789458300000,0.1803,0.1805,0.1801,0.1803,75793.1
1789459200000,0.1803,0.1804,0.1789,0.18,393124.8
1789460100000,0.18,0.1806,0.1797,0.1798,38961.4
1789461000000,0.1798,0.1799,0.1795,0.1797,43862.2
1789461900000,0.1797,0.1799,0.1796,0.1799,23998.3
1789462800000,0.1799,0.1799,0.1793,0.1798,41611.1
1789463700000,0.1798,0.1799,0.1794,0.1799,122168
1789464600000,0.1799,0.1803,0.1798,0.1801,81327.6
1789465500000,0.1801,0.1806,0.18,0.1801,64662.2
1789466400000,0.1801,0.1803,0.18,0.1802,56060.8
1789467300000,0.1802,0.1802,0.1797,0.1797,15738.6
1789468200000,0.1797,0.1804,0.1796,0.1804,76971.5
1789469100000,0.1804,0.1804,0.1801,0.1802,14675.5
1789470000000,0.1802,0.1805,0.18,0.18,5342.4
1789470900000,0.18,0.1801,0.1794,0.1794,43984
1789471800000,0.1794,0.1796,0.1784,0.179,83941.8
1789472700000,0.179,0.1799,0.1788,0.1797,19845.3
1789473600000,0.1797,0.1798,0.1793,0.1798,83212.4
1789474500000,0.1798,0.1802,0.1796,0.18,252120
1789475400000,0.18,0.1803,0.1796,0.1798,69718.8
1789476300000,0.1798,0.1807,0.1798,0.1801,271466.2
1789477200000,0.1801,0.182,0.18,0.181,237177.3
1789478100000,0.181,0.181,0.1806,0.1808,53081.2
1789479000000,0.1808,0.1808,0.1774,0.1794,839045.3
1789479900000,0.1794,0.1804,0.1788,0.1804,148500.3
1789480800000,0.1804,0.1808,0.1795,0.1796,52007.4
1789481700000,0.1796,0.1799,0.1791,0.1791,131286.7
1789482600000,0.1791,0.1791,0.1758,0.1765,716880
1789483500000,0.1765,0.1776,0.1747,0.1775,382344.9
1789484400000,0.1775,0.1789,0.1771,0.1782,854368.9
1789485300000,0.1782,0.18,0.1782,0.1797,552528.7
1789486200000,0.1797,0.1797,0.1787,0.1787,162032.5
1789487100000,0.1787,0.1791,0.1779,0.1784,446182.2
1789488000000,0.1784,0.179,0.1775,0.1777,757382.8
1789488900000,0.1777,0.1802,0.1777,0.1802,296016.6
1789489800000,0.1802,0.1803,0.1794,0.1803,381907.4
1789490700000,0.1803,0.1809,0.1796,0.1797,507499.3
1789491600000,0.1797,0.18,0.1789,0.1795,1114876.8
1789492500000,0.1795,0.1802,0.1793,0.1802,34701.7
1789493400000,0.1802,0.183,0.1802,0.1812,559867.1
1789494300000,0.1812,0.1829,0.1812,0.1814,245009.1
1789495200000,0.1814,0.1819,0.181,0.1816,1597325.4
1789496100000,0.1816,0.1827,0.1799,0.1814,160302.1
1789497000000,0.1814,0.1814,0.1759,0.1767,647526.6
1789497900000,0.1767,0.1787,0.1729,0.1783,990554.2
1789498800000,0.1783,0.1792,0.1772,0.1775,152752.8
1789499700000,0.1775,0.179,0.1771,0.1771,242265.7
1789500600000,0.1771,0.1779,0.1769,0.1772,247993.1
1789501500000,0.1772,0.1789,0.1772,0.1784,44953.4
1789502400000,0.1784,0.1789,0.1764,0.1768,43181.1
1789503300000,0.1768,0.177,0.1753,0.1754,178405.1
1789504200000,0.1754,0.1772,0.1751,0.1767,474002.6
1789505100000,0.1767,0.1781,0.1767,0.178,45859.3
1789506000000,0.178,0.1783,0.177,0.1776,251829.6
1789506900000,0.1776,0.1776,0.1754,0.1758,504736.4
1789507800000,0.1758,0.1772,0.1757,0.1769,1239511.4
1789508700000,0.1769,0.1769,0.1753,0.1756,34723.3
1789509600000,0.1756,0.1767,0.1755,0.1764,61477.4
1789510500000,0.1764,0.1771,0.1758,0.177,43132.1
1789511400000,0.177,0.1773,0.1769,0.1772,47226
1789512300000,0.1772,0.1782,0.1772,0.1782,78572
1789513200000,0.1782,0.1792,0.1782,0.1792,32595.7
1789514100000,0.1792,0.1794,0.1788,0.179,77555.1
1789515000000,0.179,0.1792,0.1781,0.1784,44567.8
1789515900000,0.1784,0.1789,0.1779,0.178,53397.8
1789516800000,0.178,0.1783,0.1776,0.178,50970.6
1789517700000,0.178,0.1782,0.1778,0.1778,123268.3
1789518600000,0.1778,0.1784,0.1778,0.1778,10745.1
1789519500000,0.1778,0.1783,0.1775,0.1778,242539.5
1789520400000,0.1778,0.1779,0.1771,0.1779,50208
1789521300000,0.1779,0.1784,0.1774,0.1774,51739.2
1789522200000,0.1774,0.1775,0.1764,0.1766,128643
1789523100000,0.1766,0.1768,0.1759,0.1759,151605.6
1789524000000,0.1759,0.1767,0.1758,0.1766,51797.3
1789524900000,0.1766,0.1779,0.1766,0.1779,35376.1
1789525800000,0.1779,0.1791,0.1779,0.1786,66506.5
1789526700000,0.1786,0.1788,0.1782,0.1787,98479.3
1789527600000,0.1787,0.1793,0.1785,0.1793,106505
1789528500000,0.1793,0.1798,0.1791,0.1791,73043.3
1789529400000,0.1791,0.1795,0.1789,0.1792,47592.5
1789530300000,0.1792,0.1793,0.1792,0.1793,996.9
1789531200000,0.1793,0.1795,0.1793,0.1795,30490.6
1789532100000,0.1795,0.1805,0.1793,0.1798,27072.6
1789533000000,0.1798,0.18,0.1794,0.1797,196502.7
1789533900000,0.1797,0.1798,0.1794,0.1796,161769
1789534800000,0.1796,0.1796,0.1786,0.1792,18238.6
1789535700000,0.1792,0.1796,0.1791,0.1794,58588.3
1789536600000,0.1794,0.1797,0.1793,0.1796,80096.4
1789537500000,0.1796,0.1796,0.1788,0.1793,122705.2
1789538400000,0.1793,0.1795,0.179,0.179,56143.2
1789539300000,0.179,0.1793,0.1789,0.1789,879.2
1789540200000,0.1789,0.1789,0.1783,0.1788,14167.4
1789541100000,0.1788,0.1793,0.1787,0.1793,33093.4
1789542000000,0.1793,0.1797,0.1787,0.1787,109102
1789542900000,0.1787,0.1788,0.1782,0.1782,239733.4
1789543800000,0.1782,0.1782,0.1773,0.1773,98339.4
1789544700000,0.1773,0.1777,0.1773,0.1777,68285.3
1789545600000,0.1777,0.1778,0.1767,0.177,56429.2
1789546500000,0.177,0.1775,0.1768,0.177,114805.5
1789547400000,0.177,0.177,0.1766,0.1767,20637.3
1789548300000,0.1767,0.1778,0.1767,0.1778,25142
1789549200000,0.1778,0.1782,0.1778,0.178,104208.7
1789550100000,0.178,0.1781,0.1779,0.178,88154.9
1789551000000,0.178,0.1781,0.1777,0.1777,7676.2
1789551900000,0.1777,0.1781,0.1774,0.1779,77875.8
1789552800000,0.1779,0.178,0.1772,0.1773,59045.4
1789553700000,0.1773,0.1784,0.1773,0.1784,115886.1
1789554600000,0.1784,0.1787,0.1781,0.1786,12248.7
1789555500000,0.1786,0.1786,0.1783,0.1784,1421.4
1789556400000,0.1784,0.1787,0.178,0.178,27523.6
1789557300000,0.178,0.1784,0.1779,0.1784,22094.5
1789558200000,0.1784,0.1794,0.1783,0.1794,5764.3
1789559100000,0.1794,0.1794,0.1785,0.1787,11729.5
1789560000000,0.1787,0.1788,0.1778,0.1778,28243.9
1789560900000,0.1778,0.1784,0.1778,0.1778,78049.6
1789561800000,0.1778,0.1783,0.1774,0.1776,53210.7
1789562700000,0.1776,0.1779,0.1773,0.1776,44056.8
1789563600000,0.1776,0.1777,0.1763,0.1773,31406.4
1789564500000,0.1773,0.178,0.1773,0.178,83500.6
1789565400000,0.178,0.178,0.1772,0.1778,106741.5
1789566300000,0.1778,0.1795,0.1778,0.1784,101991.8
1789567200000,0.1784,0.1784,0.1768,0.1769,34404.9
1789568100000,0.1769,0.1776,0.1769,0.1776,208819.5
1789569000000,0.1776,0.1777,0.1769,0.1775,315922.1
1789569900000,0.1775,0.1775,0.1766,0.177,47534
1789570800000,0.177,0.1783,0.177,0.1781,30513.3
1789571700000,0.1781,0.1781,0.1771,0.1771,25166
1789572600000,0.1771,0.1774,0.1764,0.1769,4842.5
1789573500000,0.1769,0.1778,0.1763,0.1765,154570.7
1789574400000,0.1765,0.177,0.1764,0.177,47993.6
1789575300000,0.177,0.1778,0.1769,0.177,27261.7
1789576200000,0.177,0.1772,0.1767,0.1767,18661.8
1789577100000,0.1767,0.1774,0.1767,0.1771,13441.8
1789578000000,0.1771,0.1771,0.1765,0.1768,144732.1
1789578900000,0.1768,0.177,0.1762,0.1764,122561.1
1789579800000,0.1764,0.1764,0.1744,0.1748,54306.2
1789580700000,0.1748,0.1767,0.1744,0.1762,166771
1789581600000,0.1762,0.1808,0.1752,0.1774,597324.1
1789582500000,0.1774,0.1784,0.1769,0.1783,197713.6
1789583400000,0.1783,0.1797,0.175,0.1791,122321.1
1789584300000,0.1791,0.1791,0.1768,0.1774,73732.5
1789585200000,0.1774,0.1798,0.1774,0.1783,110647.6
1789586100000,0.1783,0.1787,0.1761,0.1772,91211.8
1789587000000,0.1772,0.1789,0.1772,0.1789,35365.8
1789587900000,0.1789,0.1798,0.1789,0.179,7742.2
1789588800000,0.179,0.1813,0.179,0.1807,181894
1789589700000,0.1807,0.1819,0.1801,0.1811,155046.9
1789590600000,0.1811,0.182,0.1804,0.1809,111878.2
1789591500000,0.1809,0.1821,0.1809,0.1819,58290.4
1789592400000,0.1819,0.1819,0.1809,0.1809,16689
1789593300000,0.1809,0.1812,0.1807,0.1809,11642.3
1789594200000,0.1809,0.181,0.1802,0.1802,3402.2
1789595100000,0.1802,0.1818,0.1802,0.1818,13737.4
1789596000000,0.1818,0.1818,0.1799,0.1809,19555.3
1789596900000,0.1809,0.1812,0.18,0.1804,45188.1
1789597800000,0.1804,0.1804,0.1801,0.1802,36801.8
1789598700000,0.1802,0.1802,0.1795,0.1798,16739.7
1789599600000,0.1798,0.1802,0.1797,0.18,43025.6
1789600500000,0.18,0.1827,0.18,0.1823,38094.9
1789601400000,0.1823,0.1839,0.1822,0.1834,609941.5
1789602300000,0.1834,0.1836,0.183,0.1831,96579.5
1789603200000,0.1831,0.1833,0.1826,0.1826,41834
1789604100000,0.1826,0.1833,0.1824,0.1824,16946.5
1789605000000,0.1824,0.1829,0.1823,0.1825,110965.8
1789605900000,0.1825,0.1825,0.1817,0.1817,36189.9
1789606800000,0.1817,0.1822,0.1812,0.1815,7360.5
1789607700000,0.1815,0.1833,0.1815,0.1833,108915.5
1789608600000,0.1833,0.1837,0.1829,0.1834,105709.8
1789609500000,0.1834,0.1834,0.1826,0.1831,104111.4
1789610400000,0.1831,0.1831,0.182,0.182,7329.7
1789611300000,0.182,0.1827,0.1819,0.1824,33224.3
1789612200000,0.1824,0.1833,0.1821,0.1832,80760.4
1789613100000,0.1832,0.1835,0.1826,0.1827,83102.2
1789614000000,0.1827,0.1831,0.1827,0.1827,47039.4
1789614900000,0.1827,0.1833,0.1827,0.1832,45379.9
1789615800000,0.1832,0.1836,0.1832,0.1832,8833.7
1789616700000,0.1832,0.1837,0.1832,0.1835,136183
1789617600000,0.1835,0.1835,0.1828,0.1831,87880.7
1789618500000,0.1831,0.1831,0.1823,0.1826,28889.1
1789619400000,0.1826,0.1842,0.1823,0.184,112949.6
1789620300000,0.184,0.1849,0.1836,0.1848,13449.4
1789621200000,0.1848,0.1855,0.1842,0.1845,68725.1
1789622100000,0.1845,0.185,0.1843,0.1847,221663.7
1789623000000,0.1847,0.1847,0.1842,0.1843,88720.5
1789623900000,0.1843,0.1846,0.1842,0.1842,46076.5
1789624800000,0.1842,0.1846,0.1842,0.1843,303152.3
1789625700000,0.1843,0.185,0.184,0.185,24045.8
1789626600000,0.185,0.1855,0.185,0.1854,61323.9
1789627500000,0.1854,0.1854,0.1848,0.185,19490.6
1789628400000,0.185,0.1866,0.185,0.186,344039
1789629300000,0.186,0.187,0.1858,0.1861,287459.9
1789630200000,0.1861,0.1864,0.1858,0.186,144292.1
1789631100000,0.186,0.186,0.1854,0.1854,37691.7
1789632000000,0.1854,0.1855,0.1844,0.1845,87663.8
1789632900000,0.1845,0.1849,0.1845,0.1847,92209.8
1789633800000,0.1847,0.1854,0.1846,0.185,174684.2
1789634700000,0.185,0.1855,0.185,0.1855,32587.9
1789635600000,0.1855,0.1861,0.1852,0.1861,124978.3
1789636500000,0.1861,0.1865,0.1856,0.1861,1116457.6
1789637400000,0.1861,0.1862,0.1856,0.1856,62922.2
1789638300000,0.1856,0.186,0.1849,0.1849,130849.8
1789639200000,0.1849,0.1849,0.1837,0.1837,62995.6
1789640100000,0.1837,0.184,0.1834,0.184,28996.6
1789641000000,0.184,0.184,0.1835,0.1837,39823.4
1789641900000,0.1837,0.184,0.1837,0.1839,68745.3
1789642800000,0.1839,0.1842,0.1838,0.1841,51458.5
1789643700000,0.1841,0.1841,0.1836,0.1841,72349.7
1789644600000,0.1841,0.1841,0.1832,0.1834,41577.2
1789645500000,0.1834,0.1845,0.1834,0.1842,56612.3
1789646400000,0.1842,0.1849,0.1837,0.1848,102612.7
1789647300000,0.1848,0.1861,0.1848,0.1856,678168
1789648200000,0.1856,0.186,0.1841,0.1843,223120.8
1789649100000,0.1843,0.1845,0.1836,0.184,378180.3
1789650000000,0.184,0.1844,0.1831,0.1833,136228
1789650900000,0.1833,0.1841,0.1833,0.184,100359.5
1789651800000,0.184,0.1841,0.1823,0.1828,147355.9
1789652700000,0.1828,0.1848,0.1825,0.1847,742137.3
1789653600000,0.1847,0.1874,0.1839,0.1874,1169872.3
1789654500000,0.1874,0.1885,0.1868,0.1885,128530.6
1789655400000,0.1885,0.1886,0.1862,0.1862,160763.1
1789656300000,0.1862,0.1866,0.1849,0.1849,62160.3
1789657200000,0.1849,0.1849,0.1838,0.1839,148397.3
1789658100000,0.1839,0.1843,0.1835,0.1842,38208.2
1789659000000,0.1842,0.1862,0.1842,0.186,54118.9
1789659900000,0.186,0.1865,0.1857,0.1864,53809.8
1789660800000,0.1864,0.1871,0.1863,0.1868,28644.8
1789661700000,0.1868,0.1868,0.1863,0.1867,31391.6
1789662600000,0.1867,0.1868,0.1857,0.1866,121882.4
1789663500000,0.1866,0.1872,0.1863,0.1872,325806
1789664400000,0.1872,0.1883,0.1869,0.1869,100063.6
1789665300000,0.1869,0.1875,0.1867,0.1872,68441.7
1789666200000,0.1872,0.1882,0.1869,0.187,403340.1
1789667100000,0.187,0.187,0.1865,0.1868,49167.7
1789668000000,0.1868,0.1868,0.1862,0.1864,105698.3
1789668900000,0.1864,0.1868,0.1863,0.1863,34313.8
1789669800000,0.1863,0.1864,0.185,0.1855,85868.4
1789670700000,0.1855,0.1859,0.1854,0.1854,135616.9
1789671600000,0.1854,0.1854,0.1852,0.1852,26619.6
1789672500000,0.1852,0.1858,0.1851,0.1856,25824.9
1789673400000,0.1856,0.1859,0.1855,0.1857,106750.6
1789674300000,0.1857,0.1863,0.1853,0.1857,234511.1
1789675200000,0.1857,0.1867,0.1855,0.1866,27938.9
1789676100000,0.1866,0.1871,0.1866,0.187,10753.9
1789677000000,0.187,0.187,0.1864,0.1868,44016.1
1789677900000,0.1868,0.1871,0.1865,0.1871,70220.2
1789678800000,0.1871,0.1873,0.186,0.186,154064.1
1789679700000,0.186,0.1862,0.1858,0.1858,19033.1
1789680600000,0.1858,0.1862,0.1858,0.1858,17055.6
1789681500000,0.1858,0.1858,0.1851,0.1851,12496.1
1789682400000,0.1851,0.1852,0.1848,0.1849,115966
1789683300000,0.1849,0.1849,0.1844,0.1846,51456.8
1789684200000,0.1846,0.1857,0.1846,0.1855,61188.5
1789685100000,0.1855,0.1858,0.1852,0.1855,222150.5
1789686000000,0.1855,0.1865,0.1855,0.1862,70357.7
1789686900000,0.1862,0.1868,0.1862,0.1868,10215.2
1789687800000,0.1868,0.1868,0.1861,0.1865,17569.3
1789688700000,0.1865,0.1868,0.1863,0.1864,115833.7
1789689600000,0.1864,0.1871,0.1863,0.1867,105798.4
1789690500000,0.1867,0.1867,0.1856,0.1856,9979.6
1789691400000,0.1856,0.187,0.1856,0.187,75403.2
1789692300000,0.187,0.1884,0.187,0.1881,270690
1789693200000,0.1881,0.1883,0.1877,0.188,61936
1789694100000,0.188,0.188,0.1878,0.1879,22574.2
1789695000000,0.1879,0.1887,0.1879,0.1886,12138.8
1789695900000,0.1886,0.1902,0.1885,0.19,229658.8
1789696800000,0.19,0.1904,0.1887,0.1893,99608.3
1789697700000,0.1893,0.1903,0.1893,0.19,90047.1
1789698600000,0.19,0.1903,0.1896,0.1896,170304.6
1789699500000,0.1896,0.1899,0.1895,0.1898,40394.6
1789700400000,0.1898,0.1916,0.1898,0.1915,274230.4
1789701300000,0.1915,0.1924,0.1915,0.1921,170633.3
1789702200000,0.1921,0.1926,0.1919,0.1923,170135
1789703100000,0.1923,0.1933,0.1922,0.1932,164523.8
1789704000000,0.1932,0.1934,0.1918,0.1919,143197.8
1789704900000,0.1919,0.1924,0.1912,0.1912,134157.9
1789705800000,0.1912,0.1916,0.1906,0.1914,97195.6
1789706700000,0.1914,0.1926,0.1914,0.1925,59086.8
1789707600000,0.1925,0.1926,0.1915,0.1918,90237.2
1789708500000,0.1918,0.1919,0.191,0.1913,235973.6
1789709400000,0.1913,0.1915,0.1909,0.1909,247182
1789710300000,0.1909,0.1911,0.1904,0.1905,36734.6
1789711200000,0.1905,0.1912,0.1904,0.1904,106400.6
1789712100000,0.1904,0.1919,0.1904,0.1918,325967
1789713000000,0.1918,0.1921,0.1916,0.1916,122842.6
1789713900000,0.1916,0.1923,0.1916,0.1922,94238.4
1789714800000,0.1922,0.1934,0.1919,0.1931,787139.6
1789715700000,0.1931,0.1937,0.1931,0.1935,317179.8
1789716600000,0.1935,0.1939,0.1933,0.1939,122851.9
1789717500000,0.1939,0.1941,0.1937,0.1937,138128.7
1789718400000,0.1937,0.1945,0.1921,0.1926,342105.5
1789719300000,0.1926,0.1935,0.1925,0.1929,26065.4
1789720200000,0.1929,0.1929,0.1923,0.1929,103706.9
1789721100000,0.1929,0.1942,0.1928,0.1942,55736.6
1789722000000,0.1942,0.1942,0.1932,0.1935,208555.3
1789722900000,0.1935,0.1939,0.1933,0.1935,92082.6
1789723800000,0.1935,0.1938,0.1932,0.1938,52123.8
1789724700000,0.1938,0.1947,0.1938,0.1945,60519.8
1789725600000,0.1945,0.195,0.1943,0.1948,400051.8
1789726500000,0.1948,0.195,0.1943,0.1949,83970.3
1789727400000,0.1949,0.1949,0.1945,0.1945,48346.9
1789728300000,0.1945,0.1952,0.1936,0.1938,181313.8
1789729200000,0.1938,0.1938,0.1908,0.1914,277956.8
1789730100000,0.1914,0.1919,0.1913,0.1919,105267.3
1789731000000,0.1919,0.1932,0.1918,0.1926,60541.6
1789731900000,0.1926,0.1932,0.1926,0.1929,123049.7
1789732800000,0.1929,0.193,0.1924,0.1925,125078.9
1789733700000,0.1925,0.1938,0.1925,0.1936,95343.8
1789734600000,0.1936,0.1948,0.1936,0.1941,207289.8
1789735500000,0.1941,0.1947,0.1939,0.1939,240161.1
1789736400000,0.1939,0.1941,0.1931,0.1936,52750.2
1789737300000,0.1936,0.1947,0.1936,0.1947,116710.5
1789738200000,0.1947,0.1973,0.1946,0.1973,241794.6
1789739100000,0.1973,0.1984,0.1959,0.1973,1769540.5
1789740000000,0.1973,0.1986,0.1971,0.1981,780570.5
1789740900000,0.1981,0.2021,0.1981,0.2011,1578358
1789741800000,0.2011,0.2042,0.2004,0.2037,1101170.7
1789742700000,0.2037,0.2045,0.2028,0.2041,189633.3
1789743600000,0.2041,0.2071,0.2041,0.2065,1004819.5
1789744500000,0.2065,0.2095,0.2065,0.2088,504816.3
1789745400000,0.2088,0.2096,0.2065,0.2078,2110766
1789746300000,0.2078,0.2099,0.2069,0.2092,230155.7
1789747200000,0.2092,0.2099,0.2074,0.2079,352389.1
1789748100000,0.2079,0.2088,0.2072,0.2075,260825.4
1789749000000,0.2075,0.2103,0.2074,0.2085,280329.8
1789749900000,0.2085,0.2085,0.205,0.2054,450196
1789750800000,0.2054,0.2054,0.2033,0.2048,249182.2
1789751700000,0.2048,0.2065,0.2048,0.2057,126960.8
1789752600000,0.2057,0.2061,0.2052,0.2061,100600.8
1789753500000,0.2061,0.2061,0.205,0.2054,57126.5
1789754400000,0.2054,0.2055,0.2047,0.2055,98327.9
1789755300000,0.2055,0.2063,0.2052,0.2055,53883.7
1789756200000,0.2055,0.2059,0.205,0.2051,106972.4
1789757100000,0.2051,0.2058,0.2049,0.2053,250688.8
1789758000000,0.2053,0.2078,0.2052,0.2077,401554.7
1789758900000,0.2077,0.2095,0.2076,0.2092,129174.7
1789759800000,0.2092,0.2104,0.2085,0.2099,113473.4
1789760700000,0.2099,0.2099,0.2078,0.2084,60311.7
1789761600000,0.2084,0.2087,0.2078,0.2086,146847.5
1789762500000,0.2086,0.2094,0.2079,0.2089,495894
1789763400000,0.2089,0.2107,0.2084,0.2107,131449.3
1789764300000,0.2107,0.2125,0.2105,0.2111,377287.7
1789765200000,0.2111,0.2135,0.2109,0.213,649347
1789766100000,0.213,0.213,0.2116,0.2122,188470.1
1789767000000,0.2122,0.2141,0.2122,0.2133,210073.7
1789767900000,0.2133,0.2141,0.2131,0.2133,13431.8
1789768800000,0.2133,0.2137,0.2115,0.2118,68657.9
1789769700000,0.2118,0.2133,0.2118,0.2129,34762.3
1789770600000,0.2129,0.213,0.211,0.213,66711.8
1789771500000,0.213,0.2138,0.2126,0.2134,66187.3
1789772400000,0.2134,0.2142,0.2128,0.2139,114907.4
1789773300000,0.2139,0.2148,0.2139,0.2146,70256.4
1789774200000,0.2146,0.2148,0.2139,0.2144,89513.4
1789775100000,0.2144,0.2154,0.214,0.2147,35368.2
1789776000000,0.2147,0.2158,0.214,0.2158,59035.2
1789776900000,0.2158,0.2167,0.2139,0.2152,264195
1789777800000,0.2152,0.2161,0.2149,0.2151,47846.6
1789778700000,0.2151,0.2151,0.2139,0.2142,160711.2
1789779600000,0.2142,0.2146,0.2124,0.2124,85692.1
1789780500000,0.2124,0.2129,0.2103,0.2115,53905.1
1789781400000,0.2115,0.2132,0.2109,0.2132,51806.1
1789782300000,0.2132,0.2157,0.2129,0.2144,98387.9
1789783200000,0.2144,0.2151,0.2141,0.2146,5806.1
1789784100000,0.2146,0.2146,0.2142,0.2143,23784.3
1789785000000,0.2143,0.2156,0.2143,0.2147,62276
1789785900000,0.2147,0.2147,0.2139,0.2139,13695.1
1789786800000,0.2139,0.2142,0.2132,0.2142,54312.9
1789787700000,0.2142,0.2142,0.2118,0.2118,20461
1789788600000,0.2118,0.2128,0.2118,0.2127,6237
1789789500000,0.2127,0.214,0.2124,0.2125,72110
1789790400000,0.2125,0.2129,0.212,0.2123,72916.9
1789791300000,0.2123,0.2123,0.2099,0.2104,90567.6
1789792200000,0.2104,0.2104,0.2015,0.2089,6930978.5
1789793100000,0.2089,0.2092,0.2082,0.2091,83969.9
1789794000000,0.2091,0.2096,0.2088,0.209,82363.5
1789794900000,0.209,0.2092,0.2082,0.2082,156055.8
1789795800000,0.2082,0.2085,0.2065,0.2065,57676.2
1789796700000,0.2065,0.2071,0.2054,0.206,267239.7
1789797600000,0.206,0.206,0.2044,0.2045,54970.4
1789798500000,0.2045,0.2053,0.204,0.2044,81832
1789799400000,0.2044,0.2067,0.2043,0.2063,345600.9
1789800300000,0.2063,0.2063,0.2056,0.2057,19919.8
1789801200000,0.2057,0.206,0.2054,0.2059,86201.3
1789802100000,0.2059,0.206,0.2046,0.205,59015.1
1789803000000,0.205,0.2051,0.2031,0.2039,381973.9
1789803900000,0.2039,0.2048,0.2039,0.204,229080.4
1789804800000,0.204,0.206,0.2036,0.2058,671894.2
1789805700000,0.2058,0.2067,0.2053,0.2055,358865.3
1789806600000,0.2055,0.2067,0.2055,0.2064,49384.8
1789807500000,0.2064,0.2067,0.206,0.2064,166888.4
1789808400000,0.2064,0.2073,0.2062,0.2069,175896.1
1789809300000,0.2069,0.2073,0.2067,0.2071,37457.3
1789810200000,0.2071,0.2086,0.2071,0.2082,205631.2
1789811100000,0.2082,0.2088,0.208,0.2084,50922.7
1789812000000,0.2084,0.2087,0.208,0.2087,100537.2
1789812900000,0.2087,0.2095,0.2084,0.2093,94259.2
1789813800000,0.2093,0.2098,0.2089,0.2096,304846.5
1789814700000,0.2096,0.2108,0.2096,0.2098,259674.9
1789815600000,0.2098,0.2114,0.2098,0.2108,162771.1
1789816500000,0.2108,0.2115,0.2107,0.2112,176990.7
1789817400000,0.2112,0.2128,0.2112,0.2125,1567883.6
1789818300000,0.2125,0.2127,0.212,0.2127,46092.8
1789819200000,0.2127,0.2128,0.2116,0.2117,78573.4
1789820100000,0.2117,0.2133,0.2117,0.2133,42559.9
1789821000000,0.2133,0.214,0.213,0.214,137845.4
1789821900000,0.214,0.2142,0.2132,0.2139,102083.6
1789822800000,0.2139,0.2139,0.2121,0.2123,153285.3
1789823700000,0.2123,0.2133,0.2116,0.2124,66660.8
1789824600000,0.2124,0.2129,0.2119,0.212,57984.8
1789825500000,0.212,0.2126,0.2117,0.2126,31152
1789826400000,0.2126,0.2134,0.2123,0.213,51413.1
1789827300000,0.213,0.2136,0.213,0.2132,33315.3
1789828200000,0.2132,0.2133,0.2114,0.2115,28190.6
1789829100000,0.2115,0.2118,0.2107,0.211,42247.9
1789830000000,0.211,0.2113,0.2101,0.2103,72445.6
1789830900000,0.2103,0.2103,0.2093,0.21,36348
1789831800000,0.21,0.2109,0.2096,0.2107,249127.4
1789832700000,0.2107,0.211,0.2098,0.211,366627.1
1789833600000,0.211,0.2135,0.2102,0.2134,237775
1789834500000,0.2134,0.2134,0.2113,0.2119,164623.5
1789835400000,0.2119,0.2141,0.2118,0.214,408656.7
1789836300000,0.214,0.2158,0.2137,0.2153,149889.9
1789837200000,0.2153,0.218,0.2151,0.2162,886292.7
1789838100000,0.2162,0.2184,0.2144,0.2148,335450.3
1789839000000,0.2148,0.2154,0.2131,0.2132,40607
1789839900000,0.2132,0.2135,0.2108,0.2132,258623.4
1789840800000,0.2132,0.2152,0.2132,0.2135,101130.2
1789841700000,0.2135,0.2139,0.2118,0.2121,61913.6
1789842600000,0.2121,0.214,0.2113,0.213,62908.3
1789843500000,0.213,0.2132,0.2117,0.2131,297965.2
1789844400000,0.2131,0.2141,0.2123,0.2127,66375.6
1789845300000,0.2127,0.2139,0.2127,0.2132,58091.7
1789846200000,0.2132,0.2137,0.2126,0.2136,20237.1
1789847100000,0.2136,0.2148,0.2134,0.2136,95074
1789848000000,0.2136,0.214,0.2126,0.2136,19087.9
1789848900000,0.2136,0.2138,0.2123,0.2124,287082.1
1789849800000,0.2124,0.2131,0.2124,0.2127,107535.6
1789850700000,0.2127,0.2127,0.2109,0.2117,179776.5
1789851600000,0.2117,0.2125,0.2099,0.2101,174474.2
1789852500000,0.2101,0.2106,0.2085,0.2106,108735.1
1789853400000,0.2106,0.2106,0.208,0.2089,102135.4
1789854300000,0.2089,0.2098,0.2089,0.2094,878.9
1789855200000,0.2094,0.2094,0.2075,0.2079,67484.8
1789856100000,0.2079,0.2088,0.2079,0.2088,9848
1789857000000,0.2088,0.2102,0.2088,0.2102,13560.1
1789857900000,0.2102,0.2111,0.2099,0.2106,135570.8
1789858800000,0.2106,0.2114,0.2106,0.2108,238440.2
1789859700000,0.2108,0.2111,0.2098,0.2104,52785.4
1789860600000,0.2104,0.2116,0.2104,0.2116,161132.7
1789861500000,0.2116,0.2121,0.2114,0.2114,30533.1
1789862400000,0.2114,0.2115,0.2107,0.2107,36156.2
1789863300000,0.2107,0.2118,0.2099,0.2103,60671.2
1789864200000,0.2103,0.2116,0.2102,0.2113,144167.1
1789865100000,0.2113,0.2113,0.2102,0.2107,374081.9
1789866000000,0.2107,0.2107,0.2084,0.2084,780200.7
1789866900000,0.2084,0.2092,0.208,0.208,22109.3
1789867800000,0.208,0.2085,0.2075,0.2084,24716.1
1789868700000,0.2084,0.2093,0.2082,0.2091,36677.4
1789869600000,0.2091,0.2104,0.209,0.2102,26357.7
1789870500000,0.2102,0.2102,0.2076,0.2076,70289.2
1789871400000,0.2076,0.2082,0.2045,0.2048,655945.4
1789872300000,0.2048,0.2055,0.2005,0.2012,522657.1
1789873200000,0.2012,0.2032,0.1984,0.1986,534662.8
1789874100000,0.1986,0.2013,0.1978,0.2002,464120.3
1789875000000,0.2002,0.2004,0.1994,0.1999,82372.1
1789875900000,0.1999,0.202,0.1999,0.202,14239.9
1789876800000,0.202,0.2023,0.2005,0.2012,54210
1789877700000,0.2012,0.2018,0.2003,0.2008,21206.2
1789878600000,0.2008,0.2021,0.2007,0.2012,106106.7
1789879500000,0.2012,0.2012,0.2004,0.201,204276
1789880400000,0.201,0.2018,0.2003,0.2011,27580
1789881300000,0.2011,0.2011,0.1996,0.2,100574.1
1789882200000,0.2,0.2009,0.1998,0.1999,233810.4
1789883100000,0.1999,0.2007,0.1999,0.2004,33449.2
1789884000000,0.2004,0.2004,0.1995,0.1998,51478.5
1789884900000,0.1998,0.2006,0.1994,0.2001,93620.6
1789885800000,0.2001,0.2001,0.1984,0.199,30831
1789886700000,0.199,0.2002,0.199,0.1997,23942.6
1789887600000,0.1997,0.2004,0.1997,0.2001,7294.4
1789888500000,0.2001,0.2001,0.1992,0.1998,103188
1789889400000,0.1998,0.1998,0.1991,0.1993,6973.2
1789890300000,0.1993,0.1993,0.1983,0.1985,32798.6
1789891200000,0.1985,0.1993,0.1979,0.1993,109556
1789892100000,0.1993,0.1993,0.1982,0.1982,12303.4
1789893000000,0.1982,0.1983,0.1969,0.1969,67831.1
1789893900000,0.1969,0.1975,0.1969,0.1972,14142.8
1789894800000,0.1972,0.1981,0.1972,0.1972,13180.4
1789895700000,0.1972,0.1984,0.1972,0.1983,9348.3
1789896600000,0.1983,0.1994,0.1983,0.1989,216655.5
1789897500000,0.1989,0.1991,0.198,0.1984,253765.5
1789898400000,0.1984,0.1985,0.1964,0.1969,145952.8
1789899300000,0.1969,0.1978,0.1965,0.1972,64631.6
1789900200000,0.1972,0.1978,0.1962,0.1967,110864.6
1789901100000,0.1967,0.1974,0.1967,0.1971,1686.2
1789902000000,0.1971,0.1974,0.1963,0.1963,157705.8
1789902900000,0.1963,0.1965,0.1955,0.1961,407780.9
1789903800000,0.1961,0.1968,0.1959,0.1962,305136.6
1789904700000,0.1962,0.1977,0.1962,0.1972,39304.6
1789905600000,0.1972,0.1978,0.1963,0.1975,242149
1789906500000,0.1975,0.1977,0.1963,0.1963,16928.6
1789907400000,0.1963,0.1966,0.1958,0.196,5698.7
1789908300000,0.196,0.1972,0.196,0.197,226811.9
1789909200000,0.197,0.197,0.1962,0.1962,7948
1789910100000,0.1962,0.1962,0.1954,0.1957,60170.9
1789911000000,0.1957,0.1957,0.1944,0.1951,14405.4
1789911900000,0.1951,0.1953,0.1946,0.1949,25816.8
1789912800000,0.1949,0.1966,0.1947,0.1952,17370.3
1789913700000,0.1952,0.1952,0.1935,0.1952,1090214.3
1789914600000,0.1952,0.1966,0.1951,0.1966,800104.3
1789915500000,0.1966,0.197,0.1961,0.1961,14007.3
1789916400000,0.1961,0.1981,0.1961,0.197,225508.9
1789917300000,0.197,0.1976,0.1969,0.1971,49710.3
1789918200000,0.1971,0.2008,0.197,0.2006,575492.8
1789919100000,0.2006,0.2012,0.1992,0.2009,446980.5
1789920000000,0.2009,0.2023,0.2002,0.2023,68034.8
1789920900000,0.2023,0.205,0.2023,0.2031,316198.4
1789921800000,0.2031,0.2064,0.2031,0.2062,170050
1789922700000,0.2062,0.2064,0.2053,0.2064,106694
1789923600000,0.2064,0.2067,0.204,0.2048,331338.5
1789924500000,0.2048,0.2057,0.2031,0.2033,303206.2
1789925400000,0.2033,0.2053,0.2033,0.2051,100286.4
1789926300000,0.2051,0.2059,0.204,0.2041,55000.7
1789927200000,0.2041,0.2046,0.2034,0.2036,15576.1
1789928100000,0.2036,0.2048,0.2036,0.204,12663.6
1789929000000,0.204,0.2042,0.2028,0.2032,135089.3
1789929900000,0.2032,0.2034,0.2016,0.2017,42599
1789930800000,0.2017,0.2029,0.2016,0.2029,125600.2
1789931700000,0.2029,0.2029,0.2013,0.2016,12894.2
1789932600000,0.2016,0.2038,0.2016,0.2029,36273.2
1789933500000,0.2029,0.2036,0.2026,0.2026,28916.3
1789934400000,0.2026,0.2031,0.2021,0.2021,5666.4
1789935300000,0.2021,0.2032,0.2018,0.2026,161027.8
1789936200000,0.2026,0.203,0.2023,0.203,80440.3
1789937100000,0.203,0.2036,0.2025,0.2025,38078.1
1789938000000,0.2025,0.2025,0.1992,0.2003,503285.2
1789938900000,0.2003,0.2019,0.2002,0.2018,76021.3
1789939800000,0.2018,0.2019,0.2008,0.2008,3926.5
1789940700000,0.2008,0.2023,0.2008,0.2023,18320.7
1789941600000,0.2023,0.204,0.2016,0.204,45685
1789942500000,0.204,0.204,0.2026,0.2033,13367.5
1789943400000,0.2033,0.2044,0.2033,0.2035,87316.4
1789944300000,0.2035,0.2035,0.203,0.2032,12663
1789945200000,0.2032,0.2033,0.2023,0.2029,60222.8
1789946100000,0.2029,0.2031,0.2022,0.2022,124282.5
1789947000000,0.2022,0.2034,0.2022,0.2031,80439
1789947900000,0.2031,0.2032,0.2023,0.2025,44579.2
1789948800000,0.2025,0.2047,0.2025,0.2046,75416.9
1789949700000,0.2046,0.2081,0.2046,0.2079,250037.2
1789950600000,0.2079,0.2087,0.2056,0.206,294847.9
1789951500000,0.206,0.2065,0.2051,0.2058,15559.6
1789952400000,0.2058,0.2059,0.2046,0.2056,30853.7
1789953300000,0.2056,0.2074,0.2047,0.2052,158598.5
1789954200000,0.2052,0.2059,0.2041,0.2057,31932.1
1789955100000,0.2057,0.2057,0.2014,0.2016,168048.1
1789956000000,0.2016,0.202,0.2002,0.2016,127123.7
1789956900000,0.2016,0.2026,0.2015,0.2019,37639.9
1789957800000,0.2019,0.2019,0.2001,0.2014,46327.4
1789958700000,0.2014,0.2031,0.2014,0.2021,117648.1
1789959600000,0.2021,0.2044,0.2021,0.2029,55151.3
1789960500000,0.2029,0.2047,0.2029,0.2044,14450.7
1789961400000,0.2044,0.2046,0.2038,0.204,124787.2
1789962300000,0.204,0.2047,0.204,0.2042,56147.5
1789963200000,0.2042,0.2044,0.2025,0.2025,66934.3
1789964100000,0.2025,0.2035,0.2019,0.2023,132860.7
1789965000000,0.2023,0.2033,0.202,0.2033,9917.6
1789965900000,0.2033,0.2038,0.2023,0.2023,18404.3
1789966800000,0.2023,0.2024,0.201,0.2013,24187.4
1789967700000,0.2013,0.2022,0.2012,0.2022,49842.4
1789968600000,0.2022,0.2031,0.2014,0.2014,69759.7
1789969500000,0.2014,0.2019,0.2008,0.2012,63121.5
1789970400000,0.2012,0.2024,0.201,0.2024,200927.7
1789971300000,0.2024,0.2046,0.2024,0.2042,62557.3
1789972200000,0.2042,0.2047,0.2024,0.2025,186799.1
1789973100000,0.2025,0.2035,0.2024,0.2028,26546.6
1789974000000,0.2028,0.2039,0.2026,0.2031,56740.5
1789974900000,0.2031,0.2039,0.203,0.2031,79146.4
1789975800000,0.2031,0.2032,0.202,0.2025,60465.4
1789976700000,0.2025,0.2037,0.2025,0.2034,49889.8
1789977600000,0.2034,0.2044,0.2034,0.2036,132205.6
1789978500000,0.2036,0.2057,0.2034,0.2051,412891.9
1789979400000,0.2051,0.2089,0.2051,0.2087,418184.8
1789980300000,0.2087,0.2094,0.2081,0.2082,358920.4
1789981200000,0.2082,0.209,0.2076,0.2089,109421.2
1789982100000,0.2089,0.2119,0.2088,0.2116,340909.6
1789983000000,0.2116,0.2135,0.2112,0.2121,296372
1789983900000,0.2121,0.2129,0.2085,0.209,339596.1
1789984800000,0.209,0.2115,0.2077,0.2111,196961.4
1789985700000,0.2111,0.2126,0.211,0.2124,425122.9
1789986600000,0.2124,0.2135,0.2118,0.2133,389592.4
1789987500000,0.2133,0.2151,0.213,0.2149,420748.8
1789988400000,0.2149,0.2162,0.214,0.2157,916503.5
1789989300000,0.2157,0.2184,0.2154,0.2176,287368.4
1789990200000,0.2176,0.2188,0.2166,0.2168,173978.3
1789991100000,0.2168,0.2173,0.2157,0.2159,414767
1789992000000,0.2159,0.2214,0.2157,0.2207,311668.5
1789992900000,0.2207,0.2241,0.2203,0.221,347500.1
1789993800000,0.221,0.2219,0.2203,0.2213,155963
1789994700000,0.2213,0.2254,0.221,0.225,392263.8
1789995600000,0.225,0.2257,0.2237,0.2249,374964.2
1789996500000,0.2249,0.2278,0.2242,0.2269,359037
1789997400000,0.2269,0.2296,0.224,0.2255,1046269.2
1789998300000,0.2255,0.2327,0.2254,0.2321,872639.8
1789999200000,0.2321,0.235,0.23,0.2324,942657.7
1790000100000,0.2324,0.2386,0.2297,0.2381,916635.2
1790001000000,0.2381,0.239,0.2333,0.2336,1420056.2
1790001900000,0.2336,0.2447,0.2336,0.2446,2013536.6
1790002800000,0.2446,0.2498,0.2442,0.2478,2465864
1790003700000,0.2478,0.2487,0.239,0.2429,1236967.1
1790004600000,0.2429,0.2519,0.2424,0.2443,7633349
1790005500000,0.2443,0.2492,0.2442,0.2469,1776514.9
1790006400000,0.2469,0.2487,0.2431,0.2456,1235873.5
1790007300000,0.2456,0.2466,0.2405,0.2405,603238.3
1790008200000,0.2405,0.2405,0.2239,0.2321,6939922.1
1790009100000,0.2321,0.2359,0.2313,0.2345,1228151.3
1790010000000,0.2345,0.24,0.233,0.2399,1004472.1
1790010900000,0.2399,0.2403,0.2356,0.2361,804829.1
1790011800000,0.2361,0.2392,0.2353,0.2381,322434.5
1790012700000,0.2381,0.2391,0.236,0.2387,467665.5
1790013600000,0.2387,0.2425,0.2379,0.2418,525124.4
1790014500000,0.2418,0.2461,0.2418,0.2441,998902.3
1790015400000,0.2441,0.2461,0.2426,0.2431,538448.4
1790016300000,0.2431,0.2452,0.2419,0.2423,299644.5
1790017200000,0.2423,0.2425,0.2337,0.236,618776.4
1790018100000,0.236,0.2377,0.2353,0.236,218342.7
1790019000000,0.236,0.2373,0.2355,0.2364,161623.9
1790019900000,0.2364,0.2393,0.2364,0.2391,889763.9
1790020800000,0.2391,0.2398,0.238,0.2386,193008
1790021700000,0.2386,0.2409,0.2374,0.2402,256254.5
1790022600000,0.2402,0.2402,0.2371,0.2384,258873.8
1790023500000,0.2384,0.2389,0.2363,0.2365,362453.4
1790024400000,0.2365,0.2382,0.2351,0.236,262941.7
1790025300000,0.236,0.2378,0.236,0.2365,54628.8
1790026200000,0.2365,0.2387,0.2365,0.2375,77253.7
1790027100000,0.2375,0.2375,0.2355,0.2368,31372.9
1790028000000,0.2368,0.2402,0.2366,0.2401,494461.6
1790028900000,0.2401,0.243,0.2392,0.2394,223970
1790029800000,0.2394,0.2428,0.2394,0.2423,17164.4
1790030700000,0.2423,0.2456,0.242,0.2453,176342.2
1790031600000,0.2453,0.2479,0.244,0.2445,316430.4
1790032500000,0.2445,0.2445,0.242,0.2425,65636.5
1790033400000,0.2425,0.244,0.2417,0.243,66369.3
1790034300000,0.243,0.246,0.2427,0.2453,164751.6
1790035200000,0.2453,0.2455,0.2431,0.2444,217471.7
1790036100000,0.2444,0.251,0.2438,0.249,735556.5
1790037000000,0.249,0.252,0.248,0.2509,1007363.1
1790037900000,0.2509,0.2509,0.2434,0.2443,691888
1790038800000,0.2443,0.249,0.2434,0.2473,239091.5
1790039700000,0.2473,0.2487,0.2437,0.2482,225050.4
1790040600000,0.2482,0.2495,0.2458,0.2473,310910.7
1790041500000,0.2473,0.2481,0.2459,0.2466,419297.6
1790042400000,0.2466,0.2489,0.2444,0.2454,712535.2
1790043300000,0.2454,0.2477,0.2452,0.2468,165438.3
1790044200000,0.2468,0.2505,0.2461,0.2498,256013.3
1790045100000,0.2498,0.25,0.2468,0.2484,590419.8
1790046000000,0.2484,0.2499,0.244,0.2457,1042213.1
1790046900000,0.2457,0.2497,0.2439,0.2489,544078.1
1790047800000,0.2489,0.2509,0.2477,0.249,294847.3
1790048700000,0.249,0.2542,0.2489,0.2534,1082211.3
1790049600000,0.2534,0.2576,0.2525,0.257,1627418
1790050500000,0.257,0.2587,0.2543,0.2574,1419596.6
1790051400000,0.2574,0.2575,0.2519,0.2542,585234.6
1790052300000,0.2542,0.2554,0.2494,0.2496,881152.4
1790053200000,0.2496,0.2517,0.2382,0.2384,1681078.2
1790054100000,0.2384,0.2408,0.2373,0.238,764862.6
1790055000000,0.238,0.2426,0.2371,0.2418,615785.6
1790055900000,0.2418,0.2457,0.2418,0.2448,486764.3
1790056800000,0.2448,0.2469,0.2431,0.2453,724517.5
1790057700000,0.2453,0.2464,0.2439,0.2457,213554.5
1790058600000,0.2457,0.2482,0.2447,0.248,318642.3
1790059500000,0.248,0.2506,0.2468,0.2468,206170.8
1790060400000,0.2468,0.2548,0.2467,0.2545,785387.7
1790061300000,0.2545,0.2549,0.2506,0.251,862447.6
1790062200000,0.251,0.2538,0.2493,0.2535,447322.1
1790063100000,0.2535,0.2545,0.2405,0.2486,6035954.2
1790064000000,0.2486,0.2514,0.2469,0.25,1849381.6
1790064900000,0.25,0.2514,0.2481,0.249,613024.9
1790065800000,0.249,0.2598,0.2488,0.2569,1513889.6
1790066700000,0.2569,0.2636,0.2559,0.2577,2286463
1790067600000,0.2577,0.2585,0.2544,0.2572,912414.3
1790068500000,0.2572,0.2579,0.2512,0.2542,793631.3
1790069400000,0.2542,0.2591,0.2542,0.256,358131.9
1790070300000,0.256,0.2569,0.2532,0.2536,171755.5
1790071200000,0.2536,0.254,0.2508,0.2533,711445.4
1790072100000,0.2533,0.2553,0.2495,0.2518,316135.9
1790073000000,0.2518,0.2602,0.2511,0.2591,778827.5
1790073900000,0.2591,0.2599,0.2539,0.2541,1022090.7
1790074800000,0.2541,0.2558,0.2511,0.255,534913.1
1790075700000,0.255,0.2566,0.2492,0.255,1569307.2
1790076600000,0.255,0.2571,0.254,0.2553,522498.9
1790077500000,0.2553,0.2577,0.2547,0.2555,1669375.6
1790078400000,0.2555,0.2582,0.2535,0.2537,1004482.8
1790079300000,0.2537,0.2677,0.2533,0.265,1371829.9
1790080200000,0.265,0.2659,0.2631,0.2639,1115641.6
1790081100000,0.2639,0.2765,0.2635,0.2732,2407630.5
1790082000000,0.2732,0.2803,0.2653,0.2663,3828028.6
1790082900000,0.2663,0.2673,0.257,0.2606,2157826.3
1790083800000,0.2606,0.2623,0.2567,0.2573,1098064.9
1790084700000,0.2573,0.2588,0.2549,0.2566,917691.8
1790085600000,0.2566,0.2621,0.2533,0.2612,1098477.7
1790086500000,0.2612,0.2642,0.2599,0.2611,1091278.4
1790087400000,0.2611,0.2624,0.2553,0.2594,946187.5
1790088300000,0.2594,0.2604,0.2588,0.2599,181680.1
1790089200000,0.2599,0.2612,0.2574,0.2597,745128.3
1790090100000,0.2597,0.2631,0.2569,0.2623,869305.6
1790091000000,0.2623,0.2639,0.2598,0.2618,688445.7
1790091900000,0.2618,0.2654,0.2618,0.2649,898922.6
1790092800000,0.2649,0.2651,0.2561,0.2565,470924.4
1790093700000,0.2565,0.2588,0.2543,0.2576,522728
1790094600000,0.2576,0.2601,0.2558,0.2597,347859.7
1790095500000,0.2597,0.2631,0.2546,0.2626,1301564.1
1790096400000,0.2626,0.2647,0.2604,0.2605,339995.4
1790097300000,0.2605,0.2616,0.2583,0.2601,364393
1790098200000,0.2601,0.2606,0.2573,0.2573,226980.5
1790099100000,0.2573,0.2587,0.257,0.2578,324363.5
1790100000000,0.2578,0.2613,0.2575,0.2611,176206.3
1790100900000,0.2611,0.2627,0.2599,0.2608,207040.7
1790101800000,0.2608,0.2626,0.2607,0.2615,481766.8
1790102700000,0.2615,0.2632,0.2614,0.2621,218768.7
1790103600000,0.2621,0.2623,0.2596,0.2617,363578.6
1790104500000,0.2617,0.2625,0.2602,0.2621,466593.9
1790105400000,0.2621,0.2621,0.2584,0.2597,436028.3
1790106300000,0.2597,0.26,0.2569,0.2589,138049.8
1790107200000,0.2589,0.259,0.2541,0.2544,479250.4
1790108100000,0.2544,0.2554,0.253,0.2544,831856.2
1790109000000,0.2544,0.2544,0.2505,0.2506,1009216.1
1790109900000,0.2506,0.2515,0.2471,0.2479,1229640.8
1790110800000,0.2479,0.2497,0.2472,0.2477,512366.5
1790111700000,0.2477,0.2488,0.2472,0.2473,200607
1790112600000,0.2473,0.2525,0.2465,0.2508,352267.9
1790113500000,0.2508,0.2516,0.2502,0.2506,83511.9
1790114400000,0.2506,0.2514,0.2473,0.2474,74360.8
1790115300000,0.2474,0.2497,0.2472,0.2494,547448.6
1790116200000,0.2494,0.2522,0.2491,0.2518,266510.6
1790117100000,0.2518,0.2529,0.25,0.2514,191115.6
1790118000000,0.2514,0.2563,0.2514,0.255,522797.8
1790118900000,0.255,0.2592,0.2548,0.2557,319598.1
1790119800000,0.2557,0.2562,0.254,0.2549,371823.1
1790120700000,0.2549,0.2557,0.2533,0.2553,256228.9
1790121600000,0.2553,0.256,0.2533,0.2554,156104.1
1790122500000,0.2554,0.2563,0.2541,0.2541,200270.7
1790123400000,0.2541,0.2551,0.252,0.2522,71602.6
1790124300000,0.2522,0.2534,0.2521,0.2524,107884.1
1790125200000,0.2524,0.2542,0.252,0.2531,40090.3
1790126100000,0.2531,0.2541,0.2525,0.2541,43736.7
1790127000000,0.2541,0.2543,0.2523,0.2523,40417
1790127900000,0.2523,0.2526,0.2485,0.2506,184732.3
1790128800000,0.2506,0.2506,0.2484,0.2497,198399.4
1790129700000,0.2497,0.253,0.2497,0.2522,310531.4
1790130600000,0.2522,0.2522,0.2513,0.252,59605.6
1790131500000,0.252,0.2533,0.2516,0.253,164682.8
1790132400000,0.253,0.253,0.2512,0.2523,102440.1
1790133300000,0.2523,0.2543,0.2519,0.2531,227888.2
1790134200000,0.2531,0.255,0.2524,0.255,416617.1
1790135100000,0.255,0.2562,0.2542,0.255,308527.4
1790136000000,0.255,0.2577,0.2546,0.257,385654.5
1790136900000,0.257,0.2602,0.2557,0.2596,293480.6
1790137800000,0.2596,0.2608,0.259,0.2594,392440
1790138700000,0.2594,0.2601,0.2593,0.2593,69635.8
1790139600000,0.2593,0.2594,0.2557,0.2567,122317.7
1790140500000,0.2567,0.2575,0.2559,0.2562,41691.2
1790141400000,0.2562,0.2567,0.2555,0.2558,46870.8
1790142300000,0.2558,0.2559,0.2519,0.2527,529311.3
1790143200000,0.2527,0.2544,0.2522,0.2534,121859
1790144100000,0.2534,0.2559,0.2534,0.2551,206414.6
1790145000000,0.2551,0.2572,0.2546,0.2558,92354.7
1790145900000,0.2558,0.2566,0.2534,0.2545,61029.1
1790146800000,0.2545,0.2546,0.2523,0.2523,83926.2
1790147700000,0.2523,0.2548,0.2523,0.2534,209082.3
1790148600000,0.2534,0.254,0.2478,0.251,664998
1790149500000,0.251,0.2527,0.2508,0.2517,118933.4
1790150400000,0.2517,0.253,0.2501,0.2513,128894.7
1790151300000,0.2513,0.2543,0.2513,0.2524,128688.6
1790152200000,0.2524,0.2532,0.2524,0.2524,54605.2
1790153100000,0.2524,0.2524,0.2476,0.2493,229690.1
1790154000000,0.2493,0.2502,0.2464,0.2481,529820.4
1790154900000,0.2481,0.2528,0.248,0.2513,235617.7
1790155800000,0.2513,0.252,0.249,0.2495,96395.9
1790156700000,0.2495,0.25,0.2478,0.249,307261.4
1790157600000,0.249,0.2498,0.248,0.2483,120086.5
1790158500000,0.2483,0.249,0.2453,0.2469,423242.2
1790159400000,0.2469,0.2488,0.2466,0.2486,185714.8
1790160300000,0.2486,0.2492,0.2477,0.2489,132341.9
1790161200000,0.2489,0.2491,0.246,0.2462,383137.2
1790162100000,0.2462,0.2466,0.2433,0.2451,328683.5
1790163000000,0.2451,0.2455,0.2425,0.2436,517599.7
1790163900000,0.2436,0.2452,0.2434,0.2447,298418.6
1790164800000,0.2447,0.2448,0.2414,0.2427,194671
1790165700000,0.2427,0.2442,0.242,0.2437,194045.1
1790166600000,0.2437,0.2462,0.2437,0.2442,238973.1
1790167500000,0.2442,0.245,0.2427,0.244,230291.8
1790168400000,0.244,0.2448,0.2411,0.2411,222437.8
1790169300000,0.2411,0.2468,0.2411,0.2466,582637.8
1790170200000,0.2466,0.247,0.2433,0.2444,265457.6
1790171100000,0.2444,0.2446,0.2426,0.2436,146449.6
1790172000000,0.2436,0.2441,0.2263,0.2332,7688776.7
1790172900000,0.2332,0.2333,0.2279,0.2284,831073.4
1790173800000,0.2284,0.2337,0.2271,0.2309,527833
1790174700000,0.2309,0.2324,0.2287,0.2311,578831.6
1790175600000,0.2311,0.2321,0.2304,0.2306,226057.7
1790176500000,0.2306,0.231,0.2271,0.2276,464636.6
1790177400000,0.2276,0.2281,0.2252,0.2262,748075.6
1790178300000,0.2262,0.227,0.2245,0.2261,402238.3
1790179200000,0.2261,0.2309,0.2215,0.2289,1642870.2
1790180100000,0.2289,0.229,0.226,0.227,825546.5
1790181000000,0.227,0.2298,0.227,0.2293,177684.2
1790181900000,0.2293,0.23,0.2277,0.2293,116651.4
1790182800000,0.2293,0.2302,0.2264,0.2276,116167.5
1790183700000,0.2276,0.2293,0.2274,0.2283,83022.5
1790184600000,0.2283,0.2286,0.227,0.2278,116024.6
1790185500000,0.2278,0.2283,0.2274,0.2278,42141.5
1790186400000,0.2278,0.2279,0.2265,0.2272,67973.5
1790187300000,0.2272,0.2276,0.2269,0.2274,62605
1790188200000,0.2274,0.2277,0.2271,0.2277,33464.2
1790189100000,0.2277,0.2296,0.2274,0.2283,216557.6
1790190000000,0.2283,0.2291,0.2274,0.2284,47242
1790190900000,0.2284,0.2293,0.2277,0.2286,86399.5
1790191800000,0.2286,0.2291,0.2278,0.2284,139688.9
1790192700000,0.2284,0.2297,0.2284,0.2293,48203.3
1790193600000,0.2293,0.2298,0.2277,0.228,58412.7
1790194500000,0.228,0.2297,0.228,0.2282,65906.8
1790195400000,0.2282,0.2294,0.2281,0.2289,81364.3
1790196300000,0.2289,0.229,0.2276,0.2286,95570.2
1790197200000,0.2286,0.2304,0.2286,0.2303,109977.8
1790198100000,0.2303,0.2304,0.2296,0.2303,109659
1790199000000,0.2303,0.2331,0.2301,0.2326,423293.5
1790199900000,0.2326,0.2331,0.2318,0.2331,61998.7
1790200800000,0.2331,0.2363,0.2327,0.236,601635.8
1790201700000,0.236,0.2372,0.2356,0.2359,434164.4
1790202600000,0.2359,0.2359,0.2342,0.2355,268930.2
1790203500000,0.2355,0.2368,0.2353,0.2362,280561.4
1790204400000,0.2362,0.237,0.2351,0.2361,386465.4
1790205300000,0.2361,0.2361,0.2348,0.2348,127276.5
1790206200000,0.2348,0.2349,0.233,0.2333,231898.6
1790207100000,0.2333,0.2338,0.2329,0.2333,173009.3
1790208000000,0.2333,0.2352,0.2331,0.2346,159239.6
1790208900000,0.2346,0.2358,0.2342,0.2346,439362.8
1790209800000,0.2346,0.2351,0.2329,0.2332,120493.3
1790210700000,0.2332,0.2333,0.2315,0.2323,45677.2
1790211600000,0.2323,0.2333,0.2323,0.2327,57578
1790212500000,0.2327,0.2332,0.2322,0.233,45642.4
1790213400000,0.233,0.2346,0.2324,0.2329,352650.2
1790214300000,0.2329,0.2338,0.2324,0.2336,67762.2
1790215200000,0.2336,0.236,0.2323,0.236,191890.2
1790216100000,0.236,0.2427,0.2358,0.2389,1372812.2
1790217000000,0.2389,0.245,0.2389,0.2443,578385.5
1790217900000,0.2443,0.2531,0.2441,0.2488,2347360.3
1790218800000,0.2488,0.2508,0.2468,0.2478,413198.8
1790219700000,0.2478,0.2492,0.2437,0.2438,380358.6
1790220600000,0.2438,0.2438,0.2403,0.2407,274203.8
1790221500000,0.2407,0.2411,0.2354,0.2372,1048311.3
1790222400000,0.2372,0.2406,0.2358,0.2405,400220.2
1790223300000,0.2405,0.243,0.2402,0.2422,440074
1790224200000,0.2422,0.243,0.2415,0.242,63304.4
1790225100000,0.242,0.2445,0.2417,0.2445,53204.1
1790226000000,0.2445,0.2481,0.2444,0.2472,288460.8
1790226900000,0.2472,0.2472,0.2446,0.245,246194.8
1790227800000,0.245,0.2455,0.2416,0.2416,440684.4
1790228700000,0.2416,0.2428,0.2407,0.2415,128245.8
1790229600000,0.2415,0.243,0.2408,0.2422,97329.1
1790230500000,0.2422,0.2428,0.2409,0.2412,23949
1790231400000,0.2412,0.2412,0.2388,0.2394,364259.6
1790232300000,0.2394,0.2401,0.2391,0.24,35241.5
1790233200000,0.24,0.24,0.2378,0.239,65359.9
1790234100000,0.239,0.2396,0.2383,0.2395,46273.7
1790235000000,0.2395,0.241,0.2392,0.2399,64169.3
1790235900000,0.2399,0.2399,0.2386,0.2388,12207
1790236800000,0.2388,0.2389,0.2365,0.2367,86578.6
1790237700000,0.2367,0.2377,0.2349,0.2352,86829.5
1790238600000,0.2352,0.236,0.2344,0.2345,53845.2
1790239500000,0.2345,0.2353,0.2325,0.2353,294261.1
1790240400000,0.2353,0.2357,0.2317,0.232,300240.1
1790241300000,0.232,0.2329,0.2315,0.2322,231844
1790242200000,0.2322,0.2327,0.2296,0.2308,368110.7
1790243100000,0.2308,0.2324,0.2308,0.2316,46826.5
1790244000000,0.2316,0.2322,0.2298,0.2307,82843.2
1790244900000,0.2307,0.2315,0.2304,0.2309,214551.2
1790245800000,0.2309,0.2309,0.229,0.23,126879.6
1790246700000,0.23,0.2316,0.2298,0.2314,64347.4
1790247600000,0.2314,0.2333,0.2314,0.2326,52243.4
1790248500000,0.2326,0.2332,0.232,0.2323,298564.2
1790249400000,0.2323,0.2328,0.2308,0.2324,140920.1
1790250300000,0.2324,0.2334,0.2317,0.233,295815.7
1790251200000,0.233,0.2341,0.2319,0.2328,171402.3
1790252100000,0.2328,0.2336,0.2322,0.2336,148324.8
1790253000000,0.2336,0.2336,0.2318,0.233,188787.4
1790253900000,0.233,0.2342,0.2324,0.234,28209.4
1790254800000,0.234,0.2381,0.2338,0.2363,193934.1
1790255700000,0.2363,0.2374,0.2361,0.2367,218734.1
1790256600000,0.2367,0.2389,0.235,0.2356,137647.3
1790257500000,0.2356,0.2367,0.2348,0.2367,89795
1790258400000,0.2367,0.2383,0.2361,0.2373,107706.6
1790259300000,0.2373,0.2416,0.2365,0.2415,489671.8
1790260200000,0.2415,0.2423,0.2405,0.2406,349583.7
1790261100000,0.2406,0.2406,0.2333,0.2368,665048.6
1790262000000,0.2368,0.2386,0.2359,0.2368,274040.7
1790262900000,0.2368,0.2396,0.2366,0.2371,227228.5
1790263800000,0.2371,0.2392,0.2368,0.2387,235272.4
1790264700000,0.2387,0.2389,0.2373,0.2373,38829
1790265600000,0.2373,0.2378,0.2356,0.2373,251982.8
1790266500000,0.2373,0.2403,0.2373,0.2394,256983
1790267400000,0.2394,0.24,0.2381,0.2383,79821.1
1790268300000,0.2383,0.2394,0.2369,0.2377,135964
1790269200000,0.2377,0.2384,0.2364,0.2372,101740.7
1790270100000,0.2372,0.2384,0.2358,0.2366,49270
1790271000000,0.2366,0.2374,0.2341,0.2346,86583.8
1790271900000,0.2346,0.2358,0.2339,0.2356,154348.6
1790272800000,0.2356,0.2357,0.2333,0.235,64354.2
1790273700000,0.235,0.2356,0.2346,0.2354,16480.2
1790274600000,0.2354,0.2368,0.2344,0.2355,67674.1
1790275500000,0.2355,0.2394,0.2355,0.2379,626721.8
1790276400000,0.2379,0.2379,0.2354,0.2368,211514
1790277300000,0.2368,0.2389,0.2368,0.2389,430899.9
1790278200000,0.2389,0.2403,0.2376,0.2376,273658.4
1790279100000,0.2376,0.2392,0.2376,0.2387,122169.6
1790280000000,0.2387,0.2402,0.2375,0.2375,95616.7
1790280900000,0.2375,0.2386,0.2375,0.2382,74789.2
1790281800000,0.2382,0.2382,0.2375,0.2377,25944
1790282700000,0.2377,0.2384,0.2377,0.2377,12599.6
1790283600000,0.2377,0.2386,0.2374,0.2377,16384.2
1790284500000,0.2377,0.2383,0.2373,0.2377,20562.1
1790285400000,0.2377,0.2391,0.2377,0.2379,24124.2
1790286300000,0.2379,0.2381,0.237,0.237,4276.9
1790287200000,0.237,0.2376,0.2361,0.2364,324110.3
1790288100000,0.2364,0.2366,0.2351,0.2357,63223.3
1790289000000,0.2357,0.2362,0.2349,0.2354,71753.6
1790289900000,0.2354,0.2361,0.2354,0.2359,32281.1
1790290800000,0.2359,0.2368,0.2351,0.2352,19878.3
1790291700000,0.2352,0.2358,0.235,0.2357,20506.2
1790292600000,0.2357,0.2367,0.2357,0.236,83652.8
1790293500000,0.236,0.2365,0.236,0.2364,17087.3
1790294400000,0.2364,0.239,0.2364,0.2388,118562.6
1790295300000,0.2388,0.2388,0.237,0.2374,21939.4
1790296200000,0.2374,0.2376,0.2367,0.237,69145.4
1790297100000,0.237,0.2386,0.2369,0.2383,41803.8
1790298000000,0.2383,0.24,0.2378,0.2399,63404.6
1790298900000,0.2399,0.2404,0.2375,0.2375,95711
1790299800000,0.2375,0.2376,0.2363,0.2375,80599.1
1790300700000,0.2375,0.2375,0.2357,0.2367,36537.4
1790301600000,0.2367,0.2389,0.2365,0.2387,21417.9
1790302500000,0.2387,0.2389,0.2371,0.2373,19766.2
1790303400000,0.2373,0.2379,0.2352,0.2358,52507.3
1790304300000,0.2358,0.236,0.2342,0.235,52813.8
1790305200000,0.235,0.2363,0.2347,0.2353,42669.2
1790306100000,0.2353,0.2364,0.2353,0.2355,89497.4
1790307000000,0.2355,0.2365,0.2351,0.2359,115375.1
1790307900000,0.2359,0.236,0.2347,0.2358,13094.7
1790308800000,0.2358,0.2365,0.2353,0.2353,9416.2
1790309700000,0.2353,0.2362,0.2352,0.2361,24903.1
1790310600000,0.2361,0.2372,0.2355,0.2367,45471.3
1790311500000,0.2367,0.2367,0.2347,0.2349,35392.2
1790312400000,0.2349,0.2354,0.2341,0.2341,44322.1
1790313300000,0.2341,0.2355,0.2341,0.2352,41631.9
1790314200000,0.2352,0.236,0.2347,0.2358,59441.9
1790315100000,0.2358,0.2363,0.2358,0.2361,12178.6
1790316000000,0.2361,0.2371,0.2359,0.2368,35015.4
1790316900000,0.2368,0.2378,0.2363,0.2367,80666.6
1790317800000,0.2367,0.2371,0.2354,0.2364,23841.8
1790318700000,0.2364,0.2364,0.2354,0.236,22949
1790319600000,0.236,0.236,0.2342,0.2347,35151
1790320500000,0.2347,0.2368,0.2347,0.2364,53676.9
1790321400000,0.2364,0.2364,0.234,0.2345,82415.9
1790322300000,0.2345,0.2363,0.2345,0.2363,29292.8
1790323200000,0.2363,0.2363,0.2352,0.236,24452.8
1790324100000,0.236,0.2398,0.236,0.2397,176057.4
1790325000000,0.2397,0.24,0.2381,0.2388,57061.4
1790325900000,0.2388,0.2413,0.2385,0.2406,247303.9
1790326800000,0.2406,0.2415,0.2392,0.2392,73092
1790327700000,0.2392,0.2406,0.2381,0.2403,79415.1
1790328600000,0.2403,0.2407,0.2398,0.2401,41251.5
1790329500000,0.2401,0.2405,0.2397,0.2397,81344.2
1790330400000,0.2397,0.2398,0.2382,0.2385,25336.3
1790331300000,0.2385,0.2393,0.2373,0.2389,98587.7
1790332200000,0.2389,0.2393,0.2382,0.2392,27221.8
1790333100000,0.2392,0.2414,0.239,0.2399,1305821.4
1790334000000,0.2399,0.2457,0.2396,0.2457,465200.4
1790334900000,0.2457,0.2457,0.2427,0.2451,145900.3
1790335800000,0.2451,0.2453,0.2437,0.2443,287944.4
1790336700000,0.2443,0.2449,0.2425,0.2425,62482.3
1790337600000,0.2425,0.2462,0.2423,0.2445,735015.9
1790338500000,0.2445,0.2458,0.2391,0.2455,805662
1790339400000,0.2455,0.2474,0.245,0.2458,299335.5
1790340300000,0.2458,0.2462,0.2436,0.2449,442260.1
1790341200000,0.2449,0.2467,0.2436,0.2446,83432.8
1790342100000,0.2446,0.2455,0.242,0.2428,236943.8
1790343000000,0.2428,0.2439,0.2398,0.2409,356150.8
1790343900000,0.2409,0.2423,0.2377,0.2413,657330.7
1790344800000,0.2413,0.242,0.2371,0.2411,285809.5
1790345700000,0.2411,0.2438,0.2402,0.2418,390368.1
1790346600000,0.2418,0.2442,0.241,0.2411,215047.9
1790347500000,0.2411,0.2443,0.2403,0.2443,181313.5
1790348400000,0.2443,0.2455,0.2432,0.2447,53290
1790349300000,0.2447,0.2453,0.2419,0.2421,196131.2
1790350200000,0.2421,0.243,0.2388,0.2393,357428.9
1790351100000,0.2393,0.2417,0.2384,0.2416,269304.8
1790352000000,0.2416,0.2435,0.2412,0.2423,337344.2
1790352900000,0.2423,0.2441,0.242,0.2434,142650.7
1790353800000,0.2434,0.2446,0.2428,0.2443,296047.2
1790354700000,0.2443,0.2443,0.2419,0.2422,152533.7
1790355600000,0.2422,0.2442,0.2422,0.2431,253895.6
1790356500000,0.2431,0.2434,0.2405,0.2405,615570.4
1790357400000,0.2405,0.2421,0.2399,0.2417,662817.5
1790358300000,0.2417,0.2417,0.2406,0.2416,54277.8
1790359200000,0.2416,0.2439,0.2414,0.2436,134124.4
1790360100000,0.2436,0.2463,0.2436,0.2443,132194
1790361000000,0.2443,0.2472,0.2443,0.2456,206558.9
1790361900000,0.2456,0.2462,0.2449,0.2458,568482.6
1790362800000,0.2458,0.2472,0.2455,0.2472,181500.8
1790363700000,0.2472,0.2474,0.2456,0.2463,87805.9
1790364600000,0.2463,0.2469,0.2456,0.246,57299.9
1790365500000,0.246,0.248,0.246,0.2472,67380.4
1790366400000,0.2472,0.2478,0.2461,0.2468,152495
1790367300000,0.2468,0.2483,0.2463,0.2474,142985.2
1790368200000,0.2474,0.2484,0.2472,0.2478,87737.9
1790369100000,0.2478,0.2478,0.2457,0.2458,32591.3
1790370000000,0.2458,0.2458,0.2436,0.2438,118871.6
1790370900000,0.2438,0.2446,0.243,0.2446,131737.6
1790371800000,0.2446,0.2446,0.2427,0.2435,396934.7
1790372700000,0.2435,0.244,0.2427,0.2437,401701.6
1790373600000,0.2437,0.2469,0.2432,0.2468,94049.6
1790374500000,0.2468,0.2488,0.2467,0.2478,853678.2
1790375400000,0.2478,0.2513,0.2478,0.2505,242428
1790376300000,0.2505,0.2518,0.2499,0.251,308172.9
1790377200000,0.251,0.251,0.2495,0.2505,129455.8
1790378100000,0.2505,0.2516,0.2502,0.251,71457.4
1790379000000,0.251,0.2511,0.2497,0.2509,35421.1
1790379900000,0.2509,0.255,0.2505,0.2536,1062468.8
1790380800000,0.2536,0.2542,0.2513,0.253,215598.3
1790381700000,0.253,0.257,0.2529,0.2538,367054.2
1790382600000,0.2538,0.2543,0.2502,0.2514,447296.1
1790383500000,0.2514,0.2527,0.2505,0.2506,20934.4
1790384400000,0.2506,0.2513,0.2498,0.2506,231801.4
1790385300000,0.2506,0.2521,0.2494,0.2499,148649.8
1790386200000,0.2499,0.2527,0.2497,0.2518,98144.5
1790387100000,0.2518,0.2525,0.2498,0.2498,77468.1
1790388000000,0.2498,0.2503,0.2473,0.2503,645009.5
1790388900000,0.2503,0.2504,0.2488,0.2491,217146.8
1790389800000,0.2491,0.2497,0.2481,0.2485,919441.8
1790390700000,0.2485,0.2495,0.2476,0.2482,173240.3
1790391600000,0.2482,0.249,0.2464,0.2469,46738.8
1790392500000,0.2469,0.2478,0.2467,0.2478,26880.3
1790393400000,0.2478,0.248,0.2464,0.2468,94244.8
1790394300000,0.2468,0.2481,0.2466,0.2478,259417.7
1790395200000,0.2478,0.2501,0.2477,0.2491,142081.8
1790396100000,0.2491,0.2502,0.2472,0.2475,536475
1790397000000,0.2475,0.2479,0.2432,0.2462,1865203.3
1790397900000,0.2462,0.2466,0.2454,0.2456,274825.4
1790398800000,0.2456,0.2465,0.245,0.2453,455288.5
1790399700000,0.2453,0.2455,0.244,0.2448,215201.6
1790400600000,0.2448,0.2456,0.2437,0.2451,122384.1
1790401500000,0.2451,0.2451,0.2441,0.2444,106748.1
1790402400000,0.2444,0.2448,0.2436,0.2444,301323.4
1790403300000,0.2444,0.245,0.2444,0.2446,51376
1790404200000,0.2446,0.246,0.2446,0.2458,55518.6
1790405100000,0.2458,0.2464,0.2454,0.2456,287282.5
1790406000000,0.2456,0.2475,0.2456,0.247,88828.2
1790406900000,0.247,0.2477,0.247,0.2475,23276.4
1790407800000,0.2475,0.2479,0.2469,0.2472,121039.2
1790408700000,0.2472,0.2481,0.247,0.2473,89858.7
1790409600000,0.2473,0.2478,0.2468,0.247,130761.7
1790410500000,0.247,0.2473,0.2459,0.2472,115899.8
1790411400000,0.2472,0.25,0.2472,0.25,332382.7
1790412300000,0.25,0.2507,0.2487,0.2487,75830.3
1790413200000,0.2487,0.2491,0.2452,0.2458,407609.8
1790414100000,0.2458,0.246,0.2447,0.2447,71264.1
1790415000000,0.2447,0.2454,0.244,0.2451,22930.5
1790415900000,0.2451,0.2456,0.2447,0.2452,8377.2
1790416800000,0.2452,0.2472,0.2452,0.247,28768
1790417700000,0.247,0.2485,0.247,0.2482,38471.1
1790418600000,0.2482,0.2486,0.2479,0.248,93354.5
1790419500000,0.248,0.2495,0.248,0.2492,181864.3
1790420400000,0.2492,0.2498,0.2487,0.2493,156071.4
1790421300000,0.2493,0.2498,0.2493,0.2495,46460.6
1790422200000,0.2495,0.2503,0.2486,0.2486,65297.6
1790423100000,0.2486,0.2503,0.2486,0.2499,46145.8
1790424000000,0.2499,0.2507,0.2495,0.25,381339.4
1790424900000,0.25,0.2509,0.2463,0.247,766610.6
1790425800000,0.247,0.2482,0.247,0.2471,67923.1
1790426700000,0.2471,0.2486,0.2471,0.2486,7136.3
1790427600000,0.2486,0.2493,0.2468,0.2472,201315.8
1790428500000,0.2472,0.2476,0.2463,0.2473,220833.7
1790429400000,0.2473,0.2491,0.2472,0.2488,133546.4
1790430300000,0.2488,0.2502,0.2488,0.2495,323221.9
1790431200000,0.2495,0.2508,0.249,0.2506,120356.6
1790432100000,0.2506,0.2509,0.25,0.2503,45493.3
1790433000000,0.2503,0.2542,0.2503,0.2539,474419.9
1790433900000,0.2539,0.2562,0.2528,0.2548,357676.1
1790434800000,0.2548,0.2559,0.2532,0.2549,1457350.2
1790435700000,0.2549,0.255,0.2539,0.2545,52368
1790436600000,0.2545,0.2549,0.2531,0.2534,326179.8
1790437500000,0.2534,0.2537,0.2521,0.2527,556541.5
1790438400000,0.2527,0.2536,0.2522,0.2535,154594.3
1790439300000,0.2535,0.2539,0.2521,0.2526,65358.6
1790440200000,0.2526,0.2534,0.2519,0.2519,72007.2
1790441100000,0.2519,0.2527,0.2516,0.2527,136530.9
1790442000000,0.2527,0.2529,0.2503,0.251,140645.9
1790442900000,0.251,0.2511,0.2501,0.2505,65017.4
1790443800000,0.2505,0.2508,0.2497,0.2506,153428.2
1790444700000,0.2506,0.2506,0.2489,0.2494,389366.2
1790445600000,0.2494,0.2501,0.2489,0.2494,85048.6
1790446500000,0.2494,0.2498,0.2487,0.2487,85849.9
1790447400000,0.2487,0.2491,0.2472,0.2474,184563.2
1790448300000,0.2474,0.2475,0.2459,0.247,134074.3
1790449200000,0.247,0.2487,0.2467,0.248,464806.1
1790450100000,0.248,0.2483,0.2474,0.2475,82865.7
1790451000000,0.2475,0.2476,0.246,0.2469,212038.4
1790451900000,0.2469,0.2472,0.246,0.2463,141552.7
1790452800000,0.2463,0.2469,0.2448,0.2458,158876.6
1790453700000,0.2458,0.246,0.2448,0.2456,71469.8
1790454600000,0.2456,0.2456,0.2411,0.2415,553095.3
1790455500000,0.2415,0.2428,0.24,0.2423,251769.6
1790456400000,0.2423,0.2437,0.2422,0.2433,84375.1
1790457300000,0.2433,0.2453,0.2432,0.2451,84676.5
1790458200000,0.2451,0.2457,0.2438,0.2438,234332.5
1790459100000,0.2438,0.2442,0.2432,0.244,16163.7
1790460000000,0.244,0.2454,0.2437,0.2449,55064
1790460900000,0.2449,0.2453,0.2433,0.2433,242104.1
1790461800000,0.2433,0.2439,0.2431,0.2434,36333
1790462700000,0.2434,0.2439,0.2431,0.2436,106259.7
1790463600000,0.2436,0.2448,0.2435,0.2448,96069.5
1790464500000,0.2448,0.2452,0.2443,0.2445,19973.3
1790465400000,0.2445,0.2451,0.2443,0.2445,53911.9
1790466300000,0.2445,0.246,0.2444,0.2451,28831
1790467200000,0.2451,0.2454,0.2435,0.2436,87134.6
1790468100000,0.2436,0.244,0.2432,0.2434,41469.6
1790469000000,0.2434,0.2442,0.2434,0.2435,11812.9
1790469900000,0.2435,0.2437,0.2427,0.2433,45020.7
1790470800000,0.2433,0.2439,0.2424,0.2439,45726.9
1790471700000,0.2439,0.2441,0.2424,0.2429,86322.1
1790472600000,0.2429,0.2439,0.2427,0.2438,22107.3
1790473500000,0.2438,0.2447,0.2436,0.2444,20252.9
1790474400000,0.2444,0.2453,0.2441,0.2444,132744.9
1790475300000,0.2444,0.2453,0.2442,0.2445,43581.5
1790476200000,0.2445,0.2447,0.2436,0.2438,45397.1
1790477100000,0.2438,0.244,0.2425,0.2429,141922.6
1790478000000,0.2429,0.2435,0.2429,0.2432,59971.5
1790478900000,0.2432,0.2432,0.2424,0.2424,16518.8
1790479800000,0.2424,0.2431,0.2422,0.2428,27213.2
1790480700000,0.2428,0.2428,0.2418,0.2418,5731.3
1790481600000,0.2418,0.2424,0.2409,0.2421,50011.5
1790482500000,0.2421,0.2421,0.2402,0.2406,264663.4
1790483400000,0.2406,0.2412,0.2402,0.2409,90271.3
1790484300000,0.2409,0.2419,0.2406,0.2406,138360.1
1790485200000,0.2406,0.2425,0.2404,0.2419,43881.9
1790486100000,0.2419,0.2422,0.2417,0.2418,12121.4
1790487000000,0.2418,0.2445,0.2418,0.2432,84290.8
1790487900000,0.2432,0.2442,0.2432,0.2439,78844.4
1790488800000,0.2439,0.2456,0.2439,0.2455,63390.6
1790489700000,0.2455,0.2482,0.2455,0.247,219772.4
1790490600000,0.247,0.2476,0.2457,0.2472,41194.5
1790491500000,0.2472,0.2476,0.2467,0.2469,17928.4
1790492400000,0.2469,0.2471,0.245,0.2451,229459.6
1790493300000,0.2451,0.2462,0.2451,0.2462,30138.1
1790494200000,0.2462,0.249,0.246,0.248,163770.8
1790495100000,0.248,0.251,0.248,0.251,151711.4
1790496000000,0.251,0.2514,0.2501,0.2508,232019.4
1790496900000,0.2508,0.2511,0.2494,0.2502,78839
1790497800000,0.2502,0.2508,0.2486,0.2486,97968.7
1790498700000,0.2486,0.25,0.2484,0.2498,149932
1790499600000,0.2498,0.2498,0.2468,0.2477,222506.2
1790500500000,0.2477,0.2478,0.247,0.2475,53567.4
1790501400000,0.2475,0.2488,0.247,0.2482,56476.3
1790502300000,0.2482,0.2489,0.2482,0.2486,171896.4
1790503200000,0.2486,0.2492,0.2482,0.2483,125063.3
1790504100000,0.2483,0.2493,0.2483,0.2486,79520.1
1790505000000,0.2486,0.2486,0.2476,0.2478,116886.2
1790505900000,0.2478,0.2484,0.2476,0.2479,7248.4
1790506800000,0.2479,0.2479,0.2469,0.2476,19475.9
1790507700000,0.2476,0.2486,0.2467,0.2483,23556.9
1790508600000,0.2483,0.2493,0.2477,0.2481,70286.6
1790509500000,0.2481,0.2493,0.2481,0.2488,164485.7
1790510400000,0.2488,0.2523,0.2487,0.2517,326112.1
1790511300000,0.2517,0.2517,0.25,0.2507,259320.9
1790512200000,0.2507,0.2519,0.2503,0.2503,104102.3
1790513100000,0.2503,0.2505,0.2484,0.2484,71262.4
1790514000000,0.2484,0.2484,0.2444,0.2444,466241.1
1790514900000,0.2444,0.247,0.2444,0.2468,44053.6
1790515800000,0.2468,0.2486,0.2456,0.2457,74152.3
1790516700000,0.2457,0.2481,0.2451,0.2478,45201.3
1790517600000,0.2478,0.2492,0.2471,0.2486,206894.6
1790518500000,0.2486,0.2493,0.246,0.2464,310519.6
1790519400000,0.2464,0.2482,0.246,0.2465,240007.3
1790520300000,0.2465,0.2468,0.2449,0.2459,140743.3
1790521200000,0.2459,0.2462,0.2442,0.2455,70224.9
1790522100000,0.2455,0.2469,0.2449,0.2461,328722.5
1790523000000,0.2461,0.2469,0.2455,0.2461,130408.4
1790523900000,0.2461,0.2483,0.2461,0.2483,76187.3
1790524800000,0.2483,0.2488,0.2468,0.2483,113981.6
1790525700000,0.2483,0.2495,0.2467,0.2467,132723.2
1790526600000,0.2467,0.2474,0.2458,0.2458,68709.6
1790527500000,0.2458,0.246,0.2446,0.2449,123072.9
1790528400000,0.2449,0.2466,0.2448,0.2462,135576.1
1790529300000,0.2462,0.2465,0.2453,0.2453,36486.1
1790530200000,0.2453,0.2457,0.245,0.2451,114610.3
1790531100000,0.2451,0.2472,0.2451,0.2468,55144
1790532000000,0.2468,0.2487,0.2464,0.2486,69451.6
1790532900000,0.2486,0.2499,0.2486,0.2494,141088.2
1790533800000,0.2494,0.2496,0.248,0.2486,22959
1790534700000,0.2486,0.2498,0.2486,0.2498,171444.5
1790535600000,0.2498,0.25,0.2481,0.2485,45107.9
1790536500000,0.2485,0.2491,0.2474,0.2475,242989.2
1790537400000,0.2475,0.2476,0.2465,0.2465,131856.2
1790538300000,0.2465,0.247,0.2462,0.2465,26625.1
1790539200000,0.2465,0.2485,0.2465,0.2482,171055.1
1790540100000,0.2482,0.2483,0.2458,0.2458,81402.2
1790541000000,0.2458,0.246,0.2454,0.246,47467.3
1790541900000,0.246,0.2462,0.2438,0.2445,170458.6
1790542800000,0.2445,0.2461,0.2442,0.246,126059.3
1790543700000,0.246,0.2467,0.2452,0.2452,87613
1790544600000,0.2452,0.2455,0.2434,0.2437,56064
1790545500000,0.2437,0.2461,0.2437,0.2458,52120.6
1790546400000,0.2458,0.2463,0.2409,0.2411,278262.4
1790547300000,0.2411,0.2432,0.2406,0.2429,161142.5
1790548200000,0.2429,0.2429,0.2403,0.2413,148467
1790549100000,0.2413,0.2417,0.2409,0.2416,45666.8
1790550000000,0.2416,0.243,0.2411,0.2415,28103
1790550900000,0.2415,0.2426,0.2407,0.2426,83463.3
1790551800000,0.2426,0.243,0.2416,0.243,221571.6
1790552700000,0.243,0.2455,0.2425,0.2446,206286.2
1790553600000,0.2446,0.2454,0.2427,0.2434,21146.1
1790554500000,0.2434,0.2469,0.2434,0.2463,69976.8
1790555400000,0.2463,0.2463,0.2424,0.2435,70002.6
1790556300000,0.2435,0.247,0.2434,0.2434,43737.4
1790557200000,0.2434,0.245,0.2423,0.2429,120181.9
1790558100000,0.2429,0.2453,0.2419,0.2447,68680.1
1790559000000,0.2447,0.2452,0.2423,0.2423,36552.9
1790559900000,0.2423,0.2437,0.2405,0.2421,153020
1790560800000,0.2421,0.244,0.2402,0.2433,316315.3
1790561700000,0.2433,0.2442,0.2418,0.243,103085.3
1790562600000,0.243,0.243,0.2411,0.2416,65125.1
1790563500000,0.2416,0.2418,0.2381,0.2384,103112.6
1790564400000,0.2384,0.2397,0.2381,0.2385,61640.6
1790565300000,0.2385,0.2399,0.2366,0.2371,524631
1790566200000,0.2371,0.2398,0.2363,0.2388,278512.7
1790567100000,0.2388,0.2397,0.2374,0.2375,28449.1
1790568000000,0.2375,0.2379,0.2358,0.2369,229014.1
1790568900000,0.2369,0.2391,0.2365,0.2385,70367.6
1790569800000,0.2385,0.2387,0.237,0.2386,14377.8
1790570700000,0.2386,0.2386,0.2374,0.2384,9076.7
1790571600000,0.2384,0.2392,0.2358,0.2369,305077.8
1790572500000,0.2369,0.2372,0.2349,0.235,324496.2
1790573400000,0.235,0.235,0.2318,0.2348,314706.9
1790574300000,0.2348,0.2352,0.234,0.2352,32773.5
1790575200000,0.2352,0.2367,0.2348,0.2355,110058.7
1790576100000,0.2355,0.2355,0.2327,0.2327,83778.3
1790577000000,0.2327,0.2337,0.2324,0.2332,26203.6
1790577900000,0.2332,0.2337,0.2321,0.2328,44009.2
1790578800000,0.2328,0.2345,0.2326,0.2328,166731.7
1790579700000,0.2328,0.2338,0.2313,0.2313,83385.6
1790580600000,0.2313,0.233,0.2308,0.2319,66955.3
1790581500000,0.2319,0.2327,0.2307,0.2308,594267.5
1790582400000,0.2308,0.2335,0.2306,0.2333,149018.7
1790583300000,0.2333,0.2338,0.2323,0.2329,49163.8
1790584200000,0.2329,0.233,0.2311,0.2315,36834.5
1790585100000,0.2315,0.2325,0.2313,0.2318,52588.6
1790586000000,0.2318,0.2321,0.2287,0.2309,390467.2
1790586900000,0.2309,0.2323,0.2293,0.2301,76639.5
1790587800000,0.2301,0.2303,0.2276,0.2277,113602.4
1790588700000,0.2277,0.2288,0.227,0.228,129786.6
1790589600000,0.228,0.2301,0.228,0.2288,29820.6
1790590500000,0.2288,0.2304,0.2288,0.2297,38360.4
1790591400000,0.2297,0.2316,0.2295,0.2313,12196.7
1790592300000,0.2313,0.2313,0.2299,0.2303,31198.1
1790593200000,0.2303,0.231,0.2296,0.2302,48560.7
1790594100000,0.2302,0.2314,0.23,0.2311,106662
1790595000000,0.2311,0.2316,0.2308,0.2308,8873.1
1790595900000,0.2308,0.2309,0.2303,0.2308,62575.6
1790596800000,0.2308,0.2354,0.2301,0.2338,217932.4
1790597700000,0.2338,0.2369,0.2338,0.2344,582403
1790598600000,0.2344,0.2349,0.2338,0.2341,78040.9
1790599500000,0.2341,0.2368,0.2341,0.236,122691.1
1790600400000,0.236,0.2362,0.2333,0.2345,404180
1790601300000,0.2345,0.2352,0.2338,0.2348,45205.4
1790602200000,0.2348,0.2364,0.2334,0.2351,82838.2
1790603100000,0.2351,0.2359,0.2331,0.2331,58780.1
1790604000000,0.2331,0.2331,0.2307,0.2307,53338.8
1790604900000,0.2307,0.2312,0.2258,0.2266,363381.4
1790605800000,0.2266,0.229,0.2257,0.2265,309117.6
1790606700000,0.2265,0.227,0.2236,0.2252,576759.7
1790607600000,0.2252,0.2279,0.2252,0.2256,115322.4
1790608500000,0.2256,0.2279,0.2242,0.2277,136420.7
1790609400000,0.2277,0.2287,0.2267,0.2271,74510
1790610300000,0.2271,0.2283,0.2268,0.2282,19452.2
1790611200000,0.2282,0.2292,0.2268,0.2283,203271.8
1790612100000,0.2283,0.2334,0.2282,0.2323,132791.7
1790613000000,0.2323,0.2327,0.2293,0.2293,60806.8
1790613900000,0.2293,0.2299,0.2286,0.2295,64913.9
1790614800000,0.2295,0.2325,0.2277,0.2325,283693.1
1790615700000,0.2325,0.2333,0.2302,0.2302,310095.6
1790616600000,0.2302,0.2319,0.2302,0.2316,16649.7
1790617500000,0.2316,0.2318,0.2307,0.2315,22576.5
1790618400000,0.2315,0.2346,0.2309,0.2344,108157.1
1790619300000,0.2344,0.235,0.2333,0.2333,66709.3
1790620200000,0.2333,0.2334,0.2319,0.2332,16091
1790621100000,0.2332,0.234,0.2321,0.2332,30939.6
1790622000000,0.2332,0.2333,0.2297,0.2301,347838.9
1790622900000,0.2301,0.2306,0.2294,0.2294,14509
1790623800000,0.2294,0.2296,0.2268,0.2272,61911.9
1790624700000,0.2272,0.2287,0.2271,0.2281,30057.8
1790625600000,0.2281,0.2303,0.2269,0.2298,51096
1790626500000,0.2298,0.2312,0.2292,0.2309,27439.5
1790627400000,0.2309,0.2309,0.2294,0.2295,9714
1790628300000,0.2295,0.2304,0.2293,0.2303,211958.9
1790629200000,0.2303,0.232,0.2303,0.231,67175.8
1790630100000,0.231,0.231,0.2293,0.2293,54547.5
1790631000000,0.2293,0.2301,0.2286,0.2288,236746.9
1790631900000,0.2288,0.2288,0.2276,0.2284,210477.7
1790632800000,0.2284,0.2289,0.2271,0.2283,55419.4
1790633700000,0.2283,0.229,0.2278,0.2289,23285.7
1790634600000,0.2289,0.2308,0.2284,0.2308,34685.9
1790635500000,0.2308,0.2323,0.2308,0.2319,33100
1790636400000,0.2319,0.2324,0.2314,0.2318,44962.5
1790637300000,0.2318,0.2344,0.2318,0.2341,22270.1
1790638200000,0.2341,0.2345,0.2335,0.2338,67335.8
1790639100000,0.2338,0.235,0.2335,0.235,20167.4
1790640000000,0.235,0.2357,0.2344,0.2353,22066.1
1790640900000,0.2353,0.2353,0.2332,0.2344,41352.7
1790641800000,0.2344,0.2364,0.2342,0.2358,168378.8
1790642700000,0.2358,0.2358,0.2324,0.2324,41518.2
1790643600000,0.2324,0.2343,0.2303,0.231,47290.3
1790644500000,0.231,0.2312,0.2278,0.2278,219929.8
1790645400000,0.2278,0.2286,0.2255,0.2281,254983.9
1790646300000,0.2281,0.2297,0.2273,0.2289,49409.5
1790647200000,0.2289,0.2299,0.2263,0.2273,106314.9
1790648100000,0.2273,0.2289,0.2255,0.2264,55646.1
1790649000000,0.2264,0.2273,0.2251,0.2271,149059.4
1790649900000,0.2271,0.2279,0.2258,0.2275,83155.6
1790650800000,0.2275,0.2294,0.2275,0.2281,113917.7
1790651700000,0.2281,0.2319,0.2278,0.2317,115352.5
1790652600000,0.2317,0.2326,0.2306,0.2323,32641.9
1790653500000,0.2323,0.2323,0.2304,0.231,8561.1
1790654400000,0.231,0.2315,0.229,0.2314,42853.6
1790655300000,0.2314,0.2332,0.2312,0.2316,20192.5
1790656200000,0.2316,0.232,0.2305,0.2314,12777.3
1790657100000,0.2314,0.2316,0.2296,0.2316,34677.8
1790658000000,0.2316,0.2323,0.2306,0.2319,37982.2
1790658900000,0.2319,0.2336,0.2314,0.2331,16498.7
1790659800000,0.2331,0.2331,0.2296,0.2322,124902.7
1790660700000,0.2322,0.2339,0.2314,0.2337,13650.3
1790661600000,0.2337,0.2353,0.2332,0.235,200340.8
1790662500000,0.235,0.2351,0.2334,0.2348,330457.5
1790663400000,0.2348,0.236,0.2348,0.2356,32221
1790664300000,0.2356,0.2388,0.2356,0.238,180958.9
1790665200000,0.238,0.238,0.2364,0.2371,493918.4
1790666100000,0.2371,0.2382,0.2368,0.2378,97064.8
1790667000000,0.2378,0.2399,0.2377,0.2392,37397.6
1790667900000,0.2392,0.2395,0.2388,0.2391,22165.4
1790668800000,0.2391,0.2395,0.2382,0.239,69865.6
1790669700000,0.239,0.2417,0.239,0.2408,97563.1
1790670600000,0.2408,0.241,0.2385,0.2399,164354
1790671500000,0.2399,0.2411,0.2396,0.2405,41154.4
1790672400000,0.2405,0.2415,0.2392,0.2402,34878.5
1790673300000,0.2402,0.2409,0.2397,0.2401,46120.5
1790674200000,0.2401,0.2415,0.24,0.2411,31133.6
1790675100000,0.2411,0.242,0.2407,0.2415,94414.4
1790676000000,0.2415,0.2416,0.2406,0.2409,53769.3
1790676900000,0.2409,0.2412,0.2396,0.24,84008.8
1790677800000,0.24,0.24,0.2383,0.2386,48531.9
1790678700000,0.2386,0.2396,0.2385,0.2393,51495.3
1790679600000,0.2393,0.2395,0.2381,0.2385,50144.1
1790680500000,0.2385,0.2389,0.2381,0.2383,18624.3
1790681400000,0.2383,0.24,0.2383,0.2398,56445.6
1790682300000,0.2398,0.2416,0.2398,0.2413,187395.1
1790683200000,0.2413,0.2421,0.2409,0.2418,59172.8
1790684100000,0.2418,0.2431,0.2404,0.2405,383349.9
1790685000000,0.2405,0.242,0.2405,0.2414,38164.5
1790685900000,0.2414,0.2414,0.2403,0.2409,19273.6
1790686800000,0.2409,0.2447,0.2404,0.2439,247661.4
1790687700000,0.2439,0.2447,0.2423,0.2431,334552.1
1790688600000,0.2431,0.2431,0.2401,0.2409,194488.4
1790689500000,0.2409,0.2427,0.2402,0.2423,194164.5
1790690400000,0.2423,0.2433,0.2407,0.241,87465.1
1790691300000,0.241,0.2438,0.2408,0.2428,127451.8
1790692200000,0.2428,0.2439,0.2419,0.243,103639.1
1790693100000,0.243,0.2441,0.242,0.2424,147573
1790694000000,0.2424,0.2428,0.24,0.2404,147220.9
1790694900000,0.2404,0.2418,0.2356,0.236,230414.6
1790695800000,0.236,0.2383,0.236,0.2372,212885.8
1790696700000,0.2372,0.2391,0.2358,0.2369,157297.3
1790697600000,0.2369,0.2381,0.2365,0.2369,59950.8
1790698500000,0.2369,0.2379,0.2365,0.237,29703.8
1790699400000,0.237,0.2378,0.2346,0.2346,106505.1
1790700300000,0.2346,0.2354,0.2334,0.2352,71225.9
1790701200000,0.2352,0.236,0.2343,0.2346,31044.5
1790702100000,0.2346,0.2347,0.2323,0.2331,180666.3
1790703000000,0.2331,0.2341,0.2327,0.2336,183180.3
1790703900000,0.2336,0.2347,0.2321,0.2347,31471.4
1790704800000,0.2347,0.236,0.2345,0.2358,132085.5
1790705700000,0.2358,0.2379,0.2358,0.2374,37426.3
1790706600000,0.2374,0.2398,0.2369,0.2393,53361.4
1790707500000,0.2393,0.2401,0.2389,0.2398,23771.5
1790708400000,0.2398,0.2416,0.2396,0.2405,76157.6
1790709300000,0.2405,0.2405,0.2401,0.2403,13023.9
1790710200000,0.2403,0.2409,0.2392,0.2392,102844.7
1790711100000,0.2392,0.2399,0.2384,0.2385,38196.4
1790712000000,0.2385,0.2397,0.2378,0.2384,47421.2
1790712900000,0.2384,0.2425,0.2382,0.2417,25911.6
1790713800000,0.2417,0.2418,0.2402,0.2415,37790.2
1790714700000,0.2415,0.2424,0.2408,0.2421,63970.4
1790715600000,0.2421,0.2425,0.2405,0.2424,244252.4
1790716500000,0.2424,0.2424,0.2409,0.2416,31386
1790717400000,0.2416,0.2423,0.2408,0.241,26369.2
1790718300000,0.241,0.2428,0.2404,0.2424,64639.8
1790719200000,0.2424,0.2441,0.2424,0.2432,97961
1790720100000,0.2432,0.2432,0.2416,0.2416,239263.1
1790721000000,0.2416,0.2422,0.2407,0.2418,15694.4
1790721900000,0.2418,0.2423,0.2411,0.2411,9912.2
1790722800000,0.2411,0.2438,0.2411,0.2433,117790.9
1790723700000,0.2433,0.2436,0.2417,0.2417,18233.5
1790724600000,0.2417,0.2417,0.2391,0.2394,32309.3
1790725500000,0.2394,0.2404,0.2394,0.2404,7890.2
1790726400000,0.2404,0.2414,0.24,0.2405,58255.3
1790727300000,0.2405,0.2408,0.2391,0.2407,16670.9
1790728200000,0.2407,0.2419,0.2403,0.2413,13311.7
1790729100000,0.2413,0.2416,0.2401,0.2416,8293.2
1790730000000,0.2416,0.2441,0.2416,0.2437,62420.5
1790730900000,0.2437,0.2458,0.2436,0.2453,171389.3
1790731800000,0.2453,0.2453,0.2433,0.2453,54109
1790732700000,0.2453,0.2469,0.2449,0.2466,85767.3
1790733600000,0.2466,0.2483,0.2453,0.2457,153120.4
1790734500000,0.2457,0.2465,0.2438,0.2438,29544.8
1790735400000,0.2438,0.2459,0.2438,0.2454,110245.9
1790736300000,0.2454,0.2455,0.2433,0.2433,27177.3
1790737200000,0.2433,0.2435,0.2423,0.2431,35485.5
1790738100000,0.2431,0.2432,0.2404,0.2413,132000.7
1790739000000,0.2413,0.2423,0.2402,0.2417,280849.8
1790739900000,0.2417,0.2417,0.2399,0.2401,49433.8
1790740800000,0.2401,0.2425,0.2398,0.2418,44329.7
1790741700000,0.2418,0.2459,0.2416,0.2451,982613.5
1790742600000,0.2451,0.2456,0.2441,0.2451,597536.2
1790743500000,0.2451,0.2451,0.2437,0.2437,173071.2
1790744400000,0.2437,0.2454,0.2431,0.2431,29014.6
1790745300000,0.2431,0.2449,0.2425,0.2438,78167.1
1790746200000,0.2438,0.2462,0.2438,0.2458,124267.2
1790747100000,0.2458,0.2467,0.2451,0.2465,75672.5
1790748000000,0.2465,0.2472,0.2445,0.2446,29643.8
1790748900000,0.2446,0.2454,0.243,0.2443,57701.2
1790749800000,0.2443,0.2449,0.2431,0.2445,54896.1
1790750700000,0.2445,0.2445,0.242,0.2431,127090.2
1790751600000,0.2431,0.2442,0.2421,0.243,77423.5
1790752500000,0.243,0.2467,0.243,0.2464,101308
1790753400000,0.2464,0.248,0.2456,0.2477,135748.4
1790754300000,0.2477,0.2479,0.2467,0.2473,116776.6
1790755200000,0.2473,0.2477,0.2457,0.247,88669.6
1790756100000,0.247,0.2513,0.247,0.2497,832580.3
1790757000000,0.2497,0.2497,0.2479,0.2482,153100.3
1790757900000,0.2482,0.2518,0.2482,0.2504,186240.6
1790758800000,0.2504,0.2513,0.2498,0.2504,90864.6
1790759700000,0.2504,0.2517,0.2495,0.2517,120207
1790760600000,0.2517,0.2557,0.2507,0.2525,328293.1
1790761500000,0.2525,0.2532,0.2507,0.2508,76854
1790762400000,0.2508,0.2518,0.2504,0.2507,338446.4
1790763300000,0.2507,0.253,0.2504,0.2525,113008.1
1790764200000,0.2525,0.2549,0.2524,0.2545,194302.8
1790765100000,0.2545,0.2558,0.2537,0.2549,340577.5
1790766000000,0.2549,0.2564,0.2525,0.2538,526937.2
1790766900000,0.2538,0.2568,0.2533,0.2551,804893
1790767800000,0.2551,0.2575,0.2543,0.2571,217707.7
1790768700000,0.2571,0.2572,0.2541,0.2546,162340.8
1790769600000,0.2546,0.2568,0.2545,0.2567,244558.6
1790770500000,0.2567,0.2567,0.2534,0.2542,121707.4
1790771400000,0.2542,0.2587,0.2532,0.2566,901837
1790772300000,0.2566,0.2594,0.2553,0.258,564214.7
1790773200000,0.258,0.26,0.257,0.2586,254351.7
1790774100000,0.2586,0.2587,0.2561,0.2572,175985.5
1790775000000,0.2572,0.2589,0.2506,0.2545,676892.5
1790775900000,0.2545,0.2579,0.2535,0.2561,480111.6
1790776800000,0.2561,0.2576,0.2544,0.2556,153947
1790777700000,0.2556,0.2556,0.2512,0.2524,290621.5
1790778600000,0.2524,0.2538,0.2506,0.251,433168.7
1790779500000,0.251,0.2532,0.2506,0.253,125668.6
1790780400000,0.253,0.256,0.2529,0.2534,186871.4
1790781300000,0.2534,0.254,0.2513,0.2531,135497.2
1790782200000,0.2531,0.2573,0.2531,0.2551,288896.6
1790783100000,0.2551,0.2567,0.2547,0.2549,110505.1
1790784000000,0.2549,0.258,0.2546,0.2576,247098.8
1790784900000,0.2576,0.2576,0.2553,0.2553,173686.8
1790785800000,0.2553,0.2567,0.2545,0.2561,120124.5
1790786700000,0.2561,0.2562,0.2527,0.2531,185734.1
1790787600000,0.2531,0.255,0.2525,0.254,427340.3
1790788500000,0.254,0.254,0.2499,0.2516,153369.3
1790789400000,0.2516,0.2517,0.2491,0.2505,102307.8
1790790300000,0.2505,0.2512,0.2488,0.2493,306949
1790791200000,0.2493,0.2495,0.2476,0.2487,793692.3
1790792100000,0.2487,0.249,0.2473,0.2482,103161.9
1790793000000,0.2482,0.2491,0.2468,0.247,303445.4
1790793900000,0.247,0.2477,0.2464,0.2472,208536.5
1790794800000,0.2472,0.248,0.2458,0.2466,46456.2
1790795700000,0.2466,0.2467,0.2444,0.2456,400505.1
1790796600000,0.2456,0.248,0.2454,0.2471,75325.6
1790797500000,0.2471,0.2475,0.2448,0.2465,40321.9
1790798400000,0.2465,0.2474,0.246,0.2461,179001
1790799300000,0.2461,0.2487,0.2461,0.2482,161974.9
1790800200000,0.2482,0.2482,0.2463,0.2465,214131.6
1790801100000,0.2465,0.2465,0.2452,0.2465,233002.2
1790802000000,0.2465,0.2474,0.246,0.2467,108203.5
1790802900000,0.2467,0.2472,0.2458,0.2465,41498.9
1790803800000,0.2465,0.248,0.246,0.248,4716.3
1790804700000,0.248,0.248,0.2464,0.2464,2783.2
1790805600000,0.2464,0.247,0.2442,0.2463,201625.1
1790806500000,0.2463,0.2493,0.2463,0.2493,98943.4
1790807400000,0.2493,0.2506,0.2493,0.2501,75937.2
1790808300000,0.2501,0.2504,0.2491,0.2491,38196.9
1790809200000,0.2491,0.2508,0.249,0.2494,77883.5
1790810100000,0.2494,0.2501,0.2488,0.2488,67500.7
1790811000000,0.2488,0.2493,0.248,0.2493,25326.6
1790811900000,0.2493,0.2495,0.2485,0.2486,20935.1
1790812800000,0.2486,0.2496,0.2481,0.2493,290441.2
1790813700000,0.2493,0.2494,0.2483,0.2486,625221
1790814600000,0.2486,0.2491,0.2475,0.2491,281334
1790815500000,0.2491,0.2497,0.2482,0.2488,95168.5
1790816400000,0.2488,0.2506,0.2487,0.2506,85087.9
1790817300000,0.2506,0.2519,0.2502,0.2504,115316.8
1790818200000,0.2504,0.2504,0.2485,0.2492,698865.7
1790819100000,0.2492,0.2498,0.2482,0.2484,32539.8
1790820000000,0.2484,0.2504,0.2481,0.2493,146294.7
1790820900000,0.2493,0.2507,0.2491,0.2507,85521.6
1790821800000,0.2507,0.2511,0.2496,0.2503,293361.3
1790822700000,0.2503,0.252,0.2494,0.2518,62568.7
1790823600000,0.2518,0.2524,0.2499,0.2499,98140.4
1790824500000,0.2499,0.2506,0.2496,0.2497,49561.5
1790825400000,0.2497,0.2524,0.2497,0.2523,44926
1790826300000,0.2523,0.2526,0.2511,0.2518,51654.3
1790827200000,0.2518,0.2521,0.2503,0.2503,39864.9
1790828100000,0.2503,0.2507,0.2489,0.2497,77872.7
1790829000000,0.2497,0.2499,0.2493,0.2493,51300.9
1790829900000,0.2493,0.2508,0.2489,0.249,35173.1
1790830800000,0.249,0.2501,0.2486,0.2494,18259.1
1790831700000,0.2494,0.2494,0.2484,0.2485,8322.1
1790832600000,0.2485,0.2497,0.2484,0.2488,38891.6
1790833500000,0.2488,0.2494,0.2483,0.2494,20204.3
1790834400000,0.2494,0.2502,0.2491,0.2496,56001.5
1790835300000,0.2496,0.2506,0.2494,0.2504,14896.6
1790836200000,0.2504,0.2508,0.2496,0.2496,63730.5
1790837100000,0.2496,0.2511,0.2496,0.2504,29877
1790838000000,0.2504,0.2508,0.2492,0.2492,18834
1790838900000,0.2492,0.2495,0.2454,0.2462,207019.9
1790839800000,0.2462,0.248,0.2456,0.2466,67650.7
1790840700000,0.2466,0.2476,0.2462,0.2467,29105.1
1790841600000,0.2467,0.248,0.2457,0.2458,109495.1
1790842500000,0.2458,0.2481,0.2458,0.2474,34431.8
1790843400000,0.2474,0.248,0.2458,0.2475,72730.8
1790844300000,0.2475,0.2483,0.247,0.2481,5629.1
1790845200000,0.2481,0.249,0.2475,0.2488,18384.6
1790846100000,0.2488,0.2488,0.2479,0.2482,22906
1790847000000,0.2482,0.2485,0.2478,0.2478,25730.7
1790847900000,0.2478,0.248,0.2468,0.2475,41467
1790848800000,0.2475,0.2476,0.2443,0.2461,255475.9
1790849700000,0.2461,0.2464,0.2435,0.2439,323910.4
1790850600000,0.2439,0.2467,0.2439,0.2465,44926.1
1790851500000,0.2465,0.2473,0.2464,0.2468,47441.2
1790852400000,0.2468,0.2468,0.2449,0.2452,56993.7
1790853300000,0.2452,0.2462,0.2448,0.2461,23159.9
1790854200000,0.2461,0.2482,0.2461,0.2482,20555.9
1790855100000,0.2482,0.2491,0.2479,0.2489,341005.2
1790856000000,0.2489,0.2501,0.2489,0.2495,71735
1790856900000,0.2495,0.2497,0.2479,0.2484,239727.5
1790857800000,0.2484,0.2498,0.2484,0.2494,62063.6
1790858700000,0.2494,0.2497,0.2484,0.249,79379.5
1790859600000,0.249,0.2501,0.2473,0.2485,137476.7
1790860500000,0.2485,0.2496,0.248,0.249,51255.6
1790861400000,0.249,0.2523,0.249,0.2523,177463.3
1790862300000,0.2523,0.2528,0.2512,0.2515,63467.2
1790863200000,0.2515,0.2515,0.2481,0.2493,228972.8
1790864100000,0.2493,0.2506,0.2484,0.2498,76971.3
1790865000000,0.2498,0.2503,0.2475,0.2476,65957.8
1790865900000,0.2476,0.2479,0.245,0.2458,161361
1790866800000,0.2458,0.2476,0.2437,0.2465,174726.2
1790867700000,0.2465,0.2487,0.2465,0.2475,129429.9
1790868600000,0.2475,0.2475,0.2454,0.2458,167094.9
1790869500000,0.2458,0.2486,0.2457,0.2479,89536.1
1790870400000,0.2479,0.2485,0.2469,0.2471,27755
1790871300000,0.2471,0.248,0.2467,0.2479,69570.4
1790872200000,0.2479,0.2505,0.2477,0.2477,193257.5
1790873100000,0.2477,0.2488,0.2461,0.2461,138972.8
1790874000000,0.2461,0.2549,0.2461,0.2535,783768.6
1790874900000,0.2535,0.2602,0.2535,0.2577,849610.5
1790875800000,0.2577,0.2587,0.2555,0.2576,691598.8
1790876700000,0.2576,0.2576,0.2548,0.2556,316535.8
1790877600000,0.2556,0.2561,0.2532,0.2546,248417.9
1790878500000,0.2546,0.2549,0.2532,0.2532,71990.3
1790879400000,0.2532,0.2555,0.2526,0.2536,252062.5
1790880300000,0.2536,0.2536,0.2518,0.2519,66904.5
1790881200000,0.2519,0.254,0.2513,0.2532,96225.6
1790882100000,0.2532,0.2535,0.2495,0.2497,178269.1
1790883000000,0.2497,0.2519,0.2497,0.2519,16399.3
1790883900000,0.2519,0.2535,0.2508,0.2521,55166.6
1790884800000,0.2521,0.2531,0.2513,0.2513,42358.3
1790885700000,0.2513,0.2515,0.2497,0.2498,113439
1790886600000,0.2498,0.2503,0.2495,0.25,12960.1
1790887500000,0.25,0.25,0.2484,0.2489,136733.8
1790888400000,0.2489,0.2489,0.2477,0.2479,26527.5
1790889300000,0.2479,0.2482,0.2462,0.2465,86995.6
1790890200000,0.2465,0.247,0.2458,0.2461,20596.8
1790891100000,0.2461,0.2469,0.2454,0.2461,44090.8
1790892000000,0.2461,0.2471,0.2459,0.2463,44255.1
1790892900000,0.2463,0.2472,0.2463,0.247,73925.3
1790893800000,0.247,0.2473,0.2462,0.2462,30418.1
1790894700000,0.2462,0.248,0.2459,0.2473,28865.4
1790895600000,0.2473,0.2474,0.2464,0.247,13002.1
1790896500000,0.247,0.2484,0.2469,0.2484,17748.8
1790897400000,0.2484,0.249,0.2481,0.2488,18530.5
1790898300000,0.2488,0.2496,0.2482,0.2494,22770.3
1790899200000,0.2494,0.2501,0.249,0.2501,84621.6
1790900100000,0.2501,0.252,0.2501,0.2514,139497
1790901000000,0.2514,0.2525,0.251,0.2522,238296.8
1790901900000,0.2522,0.2522,0.2505,0.2509,70878.4
1790902800000,0.2509,0.2512,0.2505,0.2509,63050.4
1790903700000,0.2509,0.2528,0.2508,0.2527,105982.7
1790904600000,0.2527,0.2528,0.251,0.2512,185806.8
1790905500000,0.2512,0.2539,0.2511,0.2528,79499.9
1790906400000,0.2528,0.2546,0.2527,0.2546,255626
1790907300000,0.2546,0.255,0.2538,0.2541,105754.5
1790908200000,0.2541,0.2543,0.2535,0.2538,49358
1790909100000,0.2538,0.256,0.2538,0.2554,180528
1790910000000,0.2554,0.2561,0.2543,0.255,72165.6
1790910900000,0.255,0.256,0.2547,0.2557,56074.8
1790911800000,0.2557,0.2573,0.2555,0.2562,54408.7
1790912700000,0.2562,0.2575,0.2559,0.2573,110187.3
1790913600000,0.2573,0.2606,0.2569,0.2569,1600098.3
1790914500000,0.2569,0.2626,0.2568,0.2626,527058.9
1790915400000,0.2626,0.2649,0.262,0.2647,580818.5
1790916300000,0.2647,0.2689,0.264,0.2674,728169.1
1790917200000,0.2674,0.2676,0.2634,0.2644,263288.6
1790918100000,0.2644,0.265,0.2634,0.2641,207817
1790919000000,0.2641,0.2658,0.2629,0.2652,167959.2
1790919900000,0.2652,0.2666,0.2641,0.2653,217011.5
1790920800000,0.2653,0.268,0.2645,0.2667,333384.2
1790921700000,0.2667,0.2673,0.2654,0.2655,293203.8
1790922600000,0.2655,0.2662,0.2633,0.2636,293431.2
1790923500000,0.2636,0.2636,0.2605,0.2607,213254.2
1790924400000,0.2607,0.2619,0.2603,0.2603,208822.2
1790925300000,0.2603,0.2606,0.259,0.259,230503.3
1790926200000,0.259,0.259,0.2562,0.2576,533587.7
1790927100000,0.2576,0.2594,0.2569,0.2586,232659.6
1790928000000,0.2586,0.2599,0.2577,0.2587,159368.7
1790928900000,0.2587,0.2613,0.2586,0.2589,560055.1
1790929800000,0.2589,0.2608,0.2584,0.2599,69700.2
1790930700000,0.2599,0.2601,0.2575,0.2577,205382.3
1790931600000,0.2577,0.2591,0.2566,0.2587,54125.9
1790932500000,0.2587,0.2592,0.2583,0.2583,107426.3
1790933400000,0.2583,0.2586,0.2571,0.2573,40028
1790934300000,0.2573,0.2585,0.2572,0.258,125408.3
1790935200000,0.258,0.2581,0.2553,0.2557,76252.4
1790936100000,0.2557,0.2564,0.2545,0.2555,85316.3
1790937000000,0.2555,0.2567,0.255,0.2562,91261.3
1790937900000,0.2562,0.2563,0.2555,0.2555,182366.1
1790938800000,0.2555,0.2562,0.2548,0.2555,55020.2
1790939700000,0.2555,0.256,0.2551,0.2554,17071.4
1790940600000,0.2554,0.2557,0.254,0.2544,139435.2
1790941500000,0.2544,0.2547,0.2534,0.2534,70584.1
1790942400000,0.2534,0.2535,0.2516,0.2529,280842.4
1790943300000,0.2529,0.2546,0.2527,0.2546,81296.3
1790944200000,0.2546,0.2584,0.2539,0.2542,1002376.5
1790945100000,0.2542,0.2558,0.254,0.2556,11273.7
1790946000000,0.2556,0.2556,0.254,0.254,47374.2
1790946900000,0.254,0.2544,0.2534,0.2534,31843.3
1790947800000,0.2534,0.2584,0.2533,0.2573,281741
1790948700000,0.2573,0.2576,0.2555,0.2564,238246.3
1790949600000,0.2564,0.2583,0.2555,0.2565,248796.4
1790950500000,0.2565,0.2586,0.2556,0.2556,119165.8
1790951400000,0.2556,0.2573,0.2542,0.2564,164233.4
1790952300000,0.2564,0.2565,0.2521,0.2539,166942.6
1790953200000,0.2539,0.2548,0.2526,0.2541,60608.8
1790954100000,0.2541,0.2552,0.2533,0.2541,128383.2
1790955000000,0.2541,0.2548,0.2535,0.2542,31355.9
1790955900000,0.2542,0.2553,0.2538,0.254,637800.3
1790956800000,0.254,0.256,0.254,0.2552,27063.6
1790957700000,0.2552,0.2568,0.255,0.2553,220161.3
1790958600000,0.2553,0.2553,0.2539,0.2551,25835
1790959500000,0.2551,0.2559,0.2536,0.2537,27085.3
1790960400000,0.2537,0.2541,0.251,0.2511,369207.1
1790961300000,0.2511,0.2518,0.2498,0.2504,129054.6
1790962200000,0.2504,0.2511,0.2483,0.2487,123900.8
1790963100000,0.2487,0.251,0.2482,0.2502,86945.3
1790964000000,0.2502,0.2507,0.2489,0.2496,37025.9
1790964900000,0.2496,0.2498,0.2448,0.2452,332620.1
1790965800000,0.2452,0.2455,0.2352,0.2368,3697386.1
1790966700000,0.2368,0.2375,0.2347,0.2371,446943.7
1790967600000,0.2371,0.2386,0.2357,0.2357,206743.5
1790968500000,0.2357,0.2378,0.2341,0.2372,146824.3
1790969400000,0.2372,0.2387,0.2372,0.2386,56377.3
1790970300000,0.2386,0.2391,0.2378,0.2387,228063
1790971200000,0.2387,0.24,0.2386,0.2388,67070.7
1790972100000,0.2388,0.2399,0.2377,0.2389,25294.7
1790973000000,0.2389,0.2399,0.2377,0.2377,78541.1
1790973900000,0.2377,0.2391,0.2372,0.2378,154578.2
1790974800000,0.2378,0.2401,0.2378,0.2394,14843.5
1790975700000,0.2394,0.2412,0.2387,0.2391,134328.8
1790976600000,0.2391,0.2414,0.239,0.241,20667.8
1790977500000,0.241,0.2429,0.241,0.2429,35369.9
1790978400000,0.2429,0.2436,0.2424,0.2424,36012
1790979300000,0.2424,0.2445,0.2414,0.2445,211522.9
1790980200000,0.2445,0.2462,0.2445,0.2455,40876.3
1790981100000,0.2455,0.2471,0.2455,0.2466,89659.6
1790982000000,0.2466,0.248,0.2466,0.2475,28194.6
1790982900000,0.2475,0.249,0.2473,0.2489,59104.8
1790983800000,0.2489,0.2498,0.2487,0.249,80206
1790984700000,0.249,0.2498,0.2489,0.2491,48427.6
1790985600000,0.2491,0.2501,0.2473,0.2478,363029.9
1790986500000,0.2478,0.2492,0.2477,0.2487,35240.2
1790987400000,0.2487,0.2491,0.2477,0.248,43124
1790988300000,0.248,0.248,0.2471,0.2475,10339.5
1790989200000,0.2475,0.2493,0.2469,0.2486,25859.6
1790990100000,0.2486,0.2495,0.2467,0.2469,129729.2
1790991000000,0.2469,0.2478,0.2469,0.2472,73825.7
1790991900000,0.2472,0.2472,0.2461,0.2463,17039.8
1790992800000,0.2463,0.2467,0.2453,0.2461,26879.5
1790993700000,0.2461,0.2465,0.2456,0.2456,84618.7
1790994600000,0.2456,0.2458,0.2451,0.2451,171656.4
1790995500000,0.2451,0.2451,0.2442,0.2443,32670.8
1790996400000,0.2443,0.2454,0.2443,0.2452,18267.1
1790997300000,0.2452,0.2461,0.2452,0.2452,30506.2
1790998200000,0.2452,0.2455,0.2448,0.2449,4947.8
1790999100000,0.2449,0.2454,0.2448,0.2452,7570.6
1791000000000,0.2452,0.2454,0.2445,0.245,165099.9
1791000900000,0.245,0.2451,0.2443,0.2444,8944.4
1791001800000,0.2444,0.2452,0.2443,0.2448,24628
1791002700000,0.2448,0.2463,0.2448,0.2453,6325.4
1791003600000,0.2453,0.2467,0.2452,0.2455,28787
1791004500000,0.2455,0.2462,0.2455,0.2457,2802.3
1791005400000,0.2457,0.246,0.2455,0.2455,123191.2
1791006300000,0.2455,0.2461,0.245,0.2452,5734.1
1791007200000,0.2452,0.2469,0.2452,0.2458,307260.1
1791008100000,0.2458,0.2463,0.2455,0.2457,19953.7
1791009000000,0.2457,0.2468,0.2457,0.2464,113325
