1781649900000,507.95,509.33,506.14,508.2,823.137
1781650800000,508.2,509.26,504.98,506.1,1428.346
1781651700000,506.1,506.46,503.87,505.36,812.236
1781652600000,505.36,507.79,504.29,505.51,1192.003
1781653500000,505.51,507.47,502.52,505.05,3891.004
1781654400000,505.05,506.43,503.85,504.63,1735.737
1781655300000,504.63,505.49,501.1,502.28,1260.621
1781656200000,502.28,505.32,501.32,505,840.746
1781657100000,505,506.45,503.3,504.95,1456.008
1781658000000,504.95,508.86,504.33,508.27,1144.316
1781658900000,508.27,508.27,501.57,504.43,2572.598
1781659800000,504.43,507.6,502.79,506.12,828.401
1781660700000,506.12,509.88,505.93,508.6,1318.197
1781661600000,508.6,508.81,506.3,507.36,1147.356
1781662500000,507.36,509.57,505.47,508.12,528.903
1781663400000,508.12,508.12,503.02,504.17,1063.845
1781664300000,504.17,507.06,503.11,505.21,454.405
1781665200000,505.21,515.5,503.17,510.23,10519.716
1781666100000,510.23,512.29,507.51,511.27,2507.544
1781667000000,511.27,515.8,509.89,510.5,1976.818
1781667900000,510.5,512,509.91,511.04,1137.315
1781668800000,511.04,515.28,510.1,512.15,2600.952
1781669700000,512.15,513.36,510.58,511.91,782.8
1781670600000,511.91,512.32,510.43,511.59,374.827
1781671500000,511.59,513.38,511.02,512.83,828.713
1781672400000,512.83,514.62,511.03,511.9,1883.697
1781673300000,511.9,514.33,510.17,513.78,748.678
1781674200000,513.78,516.93,513.49,515.66,1952.132
1781675100000,515.66,516.29,512.38,513.62,613.903
1781676000000,513.62,513.98,512.36,513.19,528.345
1781676900000,513.19,515.38,506.07,509.63,6216.477
1781677800000,509.63,516.12,503.85,511.12,9970.343
1781678700000,511.12,512.47,508.74,511.31,1818.297
1781679600000,511.31,512.07,510.15,511.34,2002.801
1781680500000,511.34,511.44,507.35,508.82,2137.426
1781681400000,508.82,510.47,507.76,509.31,1634.044
1781682300000,509.31,510.19,506.8,509.54,569.907
1781683200000,509.54,509.55,506.34,507.02,651.469
1781684100000,507.02,508.28,503.78,507.22,1374.682
1781685000000,507.22,507.22,504.05,504.18,1403.357
1781685900000,504.18,507.57,501.26,505.34,3256.578
1781686800000,505.34,506.93,504.6,505.44,959.994
1781687700000,505.44,508.47,504.01,507.9,1905.526
1781688600000,507.9,511.59,507.37,509.34,1261.723
1781689500000,509.34,511.99,507.97,511.86,1031.699
1781690400000,511.86,512.88,506.77,507.78,1418.362
1781691300000,507.78,509.6,506.1,507.66,1423.861
1781692200000,507.66,508.43,505.72,506.96,716.052
1781693100000,506.96,507.57,505.65,506.6,420.199
1781694000000,506.6,508.32,492.3,499,7536.711
1781694900000,499,499.89,494.43,496.8,4321.736
1781695800000,496.8,498.21,493.69,494.78,2145.359
1781696700000,494.78,495.82,486.01,488.8,4869.555
1781697600000,488.8,492.49,487.68,490.12,3342.528
1781698500000,490.12,491.49,475.15,478.68,7674.955
1781699400000,478.68,481.23,471.14,480.69,7342.754
1781700300000,480.69,486.68,480.38,484.8,7860.538
1781701200000,484.8,485.22,481.72,483.25,3430.09
1781702100000,483.25,486.76,481.96,486.56,1646.933
1781703000000,486.56,487.53,483.65,484.67,3033.892
1781703900000,484.67,487.18,480.58,481.39,1543.866
1781704800000,481.39,483.69,479.69,483.07,1906.691
1781705700000,483.07,485.73,481.66,483.91,1099.354
1781706600000,483.91,484.38,480.86,482.47,1495.268
1781707500000,482.47,484.99,479.84,482.5,2417.819
1781708400000,482.5,487.68,480.27,487.19,3092.698
1781709300000,487.19,488.69,485.17,486.79,1593.156
1781710200000,486.79,488.81,485.52,488.18,1185.957
1781711100000,488.18,493.89,487.07,492.09,3036.46
1781712000000,492.09,495.76,491.47,494.84,2268.786
1781712900000,494.84,501.35,494.6,498.66,2322.782
1781713800000,498.66,499.12,494.92,497.38,3220.638
1781714700000,497.38,497.51,491.85,493.02,1800.218
1781715600000,493.02,495.36,491.49,493.5,2169.491
1781716500000,493.5,496.5,493.37,496.45,1227.887
1781717400000,496.45,498.62,493.07,494.6,1320.538
1781718300000,494.6,498.65,491.65,498.63,1706.644
1781719200000,498.63,498.75,487.34,492.66,6864.299
1781720100000,492.66,495.61,491.79,493.54,811.709
1781721000000,493.54,507.52,492.56,504.23,4574.449
1781721900000,504.23,505.21,495.58,497.34,3305.343
1781722800000,497.34,499.68,493.76,497.95,1996.809
1781723700000,497.95,498.07,483.85,485.19,6514.699
1781724600000,485.19,488.58,482.46,484.33,4549.058
1781725500000,484.33,485.71,478.77,480.44,5210.467
1781726400000,480.44,483.88,478.34,482.85,3762.85
1781727300000,482.85,484.76,481.64,482.53,936.061
1781728200000,482.53,484.6,480.14,480.44,2132.649
1781729100000,480.44,485.12,479.69,484.91,1809.203
1781730000000,484.91,486.24,482.81,483.81,1716.003
1781730900000,483.81,485.43,483.08,483.4,454.482
1781731800000,483.4,484.59,479.82,480.63,1993.903
1781732700000,480.63,481.61,474.66,475.53,2877.286
1781733600000,475.53,478.77,471.81,476.68,3247.833
1781734500000,476.68,480.82,476.04,480.68,1665.041
1781735400000,480.68,483.4,480.62,481.16,2543.658
1781736300000,481.16,483.4,480.48,480.51,636.896
1781737200000,480.51,483.04,479.37,480.15,2060.843
1781738100000,480.15,482.52,479.24,481.17,882.912
1781739000000,481.17,481.23,476.4,476.75,992.784
1781739900000,476.75,478.02,476.01,477.07,477.166
1781740800000,477.07,482,476.57,481.21,2080.424
1781741700000,481.21,482,479.68,480.69,428.455
1781742600000,480.69,482.7,479.76,481.87,1380.365
1781743500000,481.87,483.42,479.57,479.82,916.86
1781744400000,479.82,485.53,479.69,484.31,1058.388
1781745300000,484.31,485.04,482.55,483.95,1158.069
1781746200000,483.95,485.71,482,482,778.769
1781747100000,482,484.94,481.1,484.53,665.802
1781748000000,484.53,489.28,484.53,486,1646.638
1781748900000,486,488.54,484,487.62,1682.785
1781749800000,487.62,488.39,485.48,486.18,723.222
1781750700000,486.18,486.54,483.08,483.74,1961.191
1781751600000,483.74,484.09,479.24,479.75,2918.702
1781752500000,479.75,480.57,476,476.97,2098.121
1781753400000,476.97,478.68,476.4,477.46,823.129
1781754300000,477.46,479.35,475.3,475.93,1811.645
1781755200000,475.93,476.68,470.74,472.53,2344.953
1781756100000,472.53,473.66,463.23,467.66,11526.715
1781757000000,467.66,470.04,466.72,467.96,3738.9
1781757900000,467.96,470.44,466.92,466.92,1121.804
1781758800000,466.92,467.16,455.81,457.44,11231.789
1781759700000,457.44,460.75,457.18,459.75,3468.154
1781760600000,459.75,461.62,457.55,460.34,2136.622
1781761500000,460.34,464.02,460.3,463.68,2065.653
1781762400000,463.68,467.7,463.16,467.33,3402.383
1781763300000,467.33,468.21,464.38,466.31,2230.244
1781764200000,466.31,467.43,464.37,465.09,1190.091
1781765100000,465.09,465.35,463.29,463.77,569.81
1781766000000,463.77,467.4,463.46,466.46,2488.411
1781766900000,466.46,469.84,466.23,468.73,1117.786
1781767800000,468.73,469.74,466.6,468.08,916.91
1781768700000,468.08,470.4,467.4,469.31,1323.275
1781769600000,469.31,472.84,468.34,470.45,2275.755
1781770500000,470.45,472.43,469.52,472.43,1299.002
1781771400000,472.43,473.36,471.11,472.63,1441.152
1781772300000,472.63,473.22,468.43,470.43,1084.303
1781773200000,470.43,471.69,469.09,471.67,1747.713
1781774100000,471.67,474.45,470.43,470.62,1494.756
1781775000000,470.62,472.15,469.23,471.96,543.135
1781775900000,471.96,473.1,469.6,470.67,807.988
1781776800000,470.67,471.55,468.64,468.91,1241.923
1781777700000,468.91,470.78,467.9,469.57,638.353
1781778600000,469.57,472.56,468.41,470.06,1374.39
1781779500000,470.06,473.52,469.53,470.24,912.698
1781780400000,470.24,471.76,469.2,470,758.534
1781781300000,470,470.5,467.53,470.12,795.266
1781782200000,470.12,472.57,468.22,469.62,2904.034
1781783100000,469.62,470.35,467.45,470.13,948.289
1781784000000,470.13,470.58,468.69,469.69,689.521
1781784900000,469.69,474.77,469.67,474.59,1657.012
1781785800000,474.59,476.89,472.54,473.58,3281.661
1781786700000,473.58,476.04,473.43,475.01,939.74
1781787600000,475.01,475.53,472.87,473.78,764.413
1781788500000,473.78,475.56,473.27,474.34,1639.569
1781789400000,474.34,474.56,468.69,468.87,2185.411
1781790300000,468.87,472.86,468.15,470.39,1603.731
1781791200000,470.39,472.9,469.31,471.91,1634.675
1781792100000,471.91,476.78,470.83,473.69,1231.396
1781793000000,473.69,476.58,472.74,472.93,1168.488
1781793900000,472.93,475,469.42,471.51,4767.043
1781794800000,471.51,471.77,465.43,468.23,3658.294
1781795700000,468.23,469.66,465.14,465.57,3997.395
1781796600000,465.57,467.13,461.98,462.17,3251.075
1781797500000,462.17,462.68,443.37,446.9,25324.033
1781798400000,446.9,454.36,446.02,453.64,6989.321
1781799300000,453.64,453.82,445.97,446.55,3039.859
1781800200000,446.55,446.96,440.42,446.11,12090.882
1781801100000,446.11,450.6,444.38,448.36,4185.909
1781802000000,448.36,449.01,445.06,448.53,1031.625
1781802900000,448.53,449.8,444.04,448.56,3673.496
1781803800000,448.56,450.22,445.2,446.32,1257.156
1781804700000,446.32,447.56,443.06,444.65,1262.718
1781805600000,444.65,446.31,442.19,442.81,1721.817
1781806500000,442.81,446.82,441.28,445.04,2804.751
1781807400000,445.04,445.78,441.48,443.91,2365.957
1781808300000,443.91,446.82,443.85,444.82,1542.729
1781809200000,444.82,446.98,444.11,446.78,4082.077
1781810100000,446.78,450.18,445.12,448.26,3069.828
1781811000000,448.26,450.75,447.96,449.72,1706.74
1781811900000,449.72,451.37,448.79,450.25,1767.443
1781812800000,450.25,457,450.25,455.96,3307.654
1781813700000,455.96,457.38,453.83,454.49,974.052
1781814600000,454.49,456.5,454,456.08,510.602
1781815500000,456.08,456.34,453.53,455.49,571.341
1781816400000,455.49,455.78,449.57,450.38,3633.731
1781817300000,450.38,454.88,449.39,454.74,2573.331
1781818200000,454.74,455.6,451.49,452.12,2476.221
1781819100000,452.12,455.35,451.88,453.89,2089.959
1781820000000,453.89,454.95,452.69,454.28,1525.605
1781820900000,454.28,455.39,453.06,454.63,991.446
1781821800000,454.63,456.39,454.23,456.39,1743.448
1781822700000,456.39,459.43,455.83,457.42,3516.918
1781823600000,457.42,458.54,454.68,455.02,1720.122
1781824500000,455.02,457.79,454.95,456.53,237.935
1781825400000,456.53,458.71,456.42,456.42,1567.155
1781826300000,456.42,456.86,454.77,455.67,1289.131
1781827200000,455.67,455.68,453.86,454.4,1086.111
1781828100000,454.4,455.04,452.95,453.83,1084.318
1781829000000,453.83,454.25,452.37,453.59,1380.681
1781829900000,453.59,454.55,451.69,452.29,622.621
1781830800000,452.29,456.28,451.25,453.11,1227.613
1781831700000,453.11,455.4,452.67,452.82,590.253
1781832600000,452.82,452.91,449.66,450.61,681.412
1781833500000,450.61,452.22,450.6,451.64,726.568
1781834400000,451.64,453.84,451.19,452.26,367.772
1781835300000,452.26,452.92,449.22,449.84,851.14
1781836200000,449.84,451.1,449.33,450.32,534.189
1781837100000,450.32,452.25,449.41,451.68,552.454
1781838000000,451.68,452.7,446.45,447.47,1902.166
1781838900000,447.47,450.34,439.14,448.2,7899.861
1781839800000,448.2,449.12,445.64,447.8,1181.804
1781840700000,447.8,448.31,445.97,447.51,1285.166
1781841600000,447.51,449.31,443.36,448.68,3215.414
1781842500000,448.68,451.03,446,446.54,1245.479
1781843400000,446.54,447.01,442.48,444.66,2058.604
1781844300000,444.66,444.92,440.67,441.98,1810.067
1781845200000,441.98,447.25,441.59,446.84,1985.595
1781846100000,446.84,447.88,444.61,447.63,1012.079
1781847000000,447.63,449.49,446.44,449.35,1246.218
1781847900000,449.35,450.83,448.63,450.5,1847.094
1781848800000,450.5,452.3,449.04,451.64,2056.604
1781849700000,451.64,452.51,449.31,449.65,2187.782
1781850600000,449.65,450.62,447.52,449.62,2415.842
1781851500000,449.62,451.8,447.56,450.68,1036.52
1781852400000,450.68,451.22,449.01,450.2,1005.334
1781853300000,450.2,451.04,448.56,448.99,666.573
1781854200000,448.99,450.16,445.13,446.05,1493.523
1781855100000,446.05,447.33,443.76,445.55,1369.191
1781856000000,445.55,449.36,445.4,448.92,1125.395
1781856900000,448.92,450.97,448.47,449.84,642.029
1781857800000,449.84,454.9,449.75,453.65,1144.701
1781858700000,453.65,453.88,451.01,452.26,609.999
1781859600000,452.26,453.39,448.93,449.51,1479.793
1781860500000,449.51,450.33,447.97,448.93,1183.634
1781861400000,448.93,451.14,448.27,449.47,1159.23
1781862300000,449.47,450.65,448.55,449.6,797.096
1781863200000,449.6,450.78,447.86,448,1472.184
1781864100000,448,449.3,446.27,448.91,1610.075
1781865000000,448.91,448.92,445.29,446.11,1164.873
1781865900000,446.11,450.46,445.95,449.22,1589.812
1781866800000,449.22,449.91,446.63,446.91,545.38
1781867700000,446.91,449.16,446.26,448.35,1888.459
1781868600000,448.35,448.91,447.54,447.74,723.68
1781869500000,447.74,448.51,444.81,445.97,944.855
1781870400000,445.97,448.06,445.69,446.36,412.124
1781871300000,446.36,447.19,444.24,447.19,1051.673
1781872200000,447.19,448.98,445.38,448.25,1289.646
1781873100000,448.25,457.63,445.85,456.82,5925.892
1781874000000,456.82,456.82,447.21,447.36,6838.619
1781874900000,447.36,449.22,445.94,448.51,1783.276
1781875800000,448.51,458.11,448.4,457.01,4063.466
1781876700000,457.01,462.48,452.9,453.46,8298.467
1781877600000,453.46,454.55,451.31,452.04,2112.653
1781878500000,452.04,455.56,451.21,454.67,1858.621
1781879400000,454.67,455.11,451.74,454.63,1106.428
1781880300000,454.63,454.89,452.5,453.67,1429.457
1781881200000,453.67,454.96,452.97,454.38,612.675
1781882100000,454.38,454.57,451.1,452.05,2422.195
1781883000000,452.05,454.6,451.99,454.14,636.1
1781883900000,454.14,454.49,452.45,454.05,575.646
1781884800000,454.05,456.8,453.08,455.57,4120.393
1781885700000,455.57,458.46,454.57,457.4,1607.112
1781886600000,457.4,459.12,451.4,451.79,1757.693
1781887500000,451.79,452.2,445.45,446.55,4113.927
1781888400000,446.55,448.07,443.91,447.19,1723.3
1781889300000,447.19,449.43,446.23,447.8,1690.267
1781890200000,447.8,453.98,447.41,453.81,1374.641
1781891100000,453.81,457.41,453.03,456.68,1652.264
1781892000000,456.68,457.74,453.87,457.65,1211.603
1781892900000,457.65,457.93,454.52,455.17,399.462
1781893800000,455.17,456.42,452.35,453.86,774.331
1781894700000,453.86,455.22,452.62,453.68,553.413
1781895600000,453.68,455.23,452.64,454.79,1368.213
1781896500000,454.79,455.05,448.77,448.97,898.533
1781897400000,448.97,449.68,447.64,449.43,1062.902
1781898300000,449.43,452.95,449.33,451.37,1799.873
1781899200000,451.37,454.44,451.31,452.77,330.505
1781900100000,452.77,452.77,447.94,449.36,422.923
1781901000000,449.36,449.91,446.68,447.44,2382.564
1781901900000,447.44,453.25,447.01,453.13,2355.759
1781902800000,453.13,453.25,450.37,452.83,999.522
1781903700000,452.83,453.81,449.86,450.84,857.145
1781904600000,450.84,451.83,448.4,450.39,770.027
1781905500000,450.39,452.66,450.2,451.54,306.333
1781906400000,451.54,453.98,451.23,453.86,371.082
1781907300000,453.86,459.39,453.27,458.75,4675.494
1781908200000,458.75,464.65,458.01,464.39,2121.583
1781909100000,464.39,467.1,462.06,466.1,2855.499
1781910000000,466.1,469,462.66,463.68,4066.137
1781910900000,463.68,473.2,463.11,471.02,3179.648
1781911800000,471.02,475.17,470.3,474.94,2298.361
1781912700000,474.94,479.74,472.75,476.49,4043.978
1781913600000,476.49,477.98,471.17,472.31,3547.369
1781914500000,472.31,474.42,470.32,473.22,3044.565
1781915400000,473.22,475.45,470.11,472.54,1434.961
1781916300000,472.54,474.25,470.42,472.33,740.373
1781917200000,472.33,473.86,470.16,471.11,2091.524
1781918100000,471.11,472.53,465.59,468.66,2975.865
1781919000000,468.66,471.35,468.63,469.1,1301.909
1781919900000,469.1,471.81,468.19,470.78,1092.335
1781920800000,470.78,471.36,467.12,467.99,1023.339
1781921700000,467.99,469.5,466.68,467.31,796.402
1781922600000,467.31,469.71,466.57,467.04,869.32
1781923500000,467.04,469.26,467.02,468.11,783.619
1781924400000,468.11,470.09,467.63,469.11,680.585
1781925300000,469.11,471.68,468.74,471.28,1068
1781926200000,471.28,471.4,467.34,468.09,1268.94
1781927100000,468.09,468.64,465.43,466.39,810.837
1781928000000,466.39,469.45,465.69,468.39,662.456
1781928900000,468.39,470.68,468.22,470.54,623.228
1781929800000,470.54,471.25,469.06,470.96,286.049
1781930700000,470.96,471.84,469.88,470.78,382.517
1781931600000,470.78,476.16,469.08,474.83,2227.817
1781932500000,474.83,476.53,471.22,472.74,4016.699
1781933400000,472.74,473.23,470.6,471.58,617.031
1781934300000,471.58,471.72,468.02,469.77,839.568
1781935200000,469.77,472.23,468.59,470.44,843.477
1781936100000,470.44,471.46,468.46,470.04,454.214
1781937000000,470.04,470.33,468.07,468.08,364.718
1781937900000,468.08,471.75,466.77,470.47,1377.578
1781938800000,470.47,470.9,468.05,468.48,427.337
1781939700000,468.48,470.44,467.89,468.62,654.035
1781940600000,468.62,469.97,468.14,468.83,518.482
1781941500000,468.83,469.92,468.05,468.37,244.213
1781942400000,468.37,469.35,466.86,469.26,449.697
1781943300000,469.26,471.99,469.26,470.17,1219.993
1781944200000,470.17,470.68,468.84,470.39,524.465
1781945100000,470.39,471.21,467.61,468.71,404.961
1781946000000,468.71,473.07,468.68,469.7,6008.281
1781946900000,469.7,471.79,469.17,470.15,1596.936
1781947800000,470.15,474.66,469.93,472.97,2991.757
1781948700000,472.97,473.68,471.73,471.91,441.339
1781949600000,471.91,473.72,471.03,472.34,716.414
1781950500000,472.34,474.24,472.05,473.83,389.377
1781951400000,473.83,474.76,471.19,471.5,1598.138
1781952300000,471.5,472.44,470.75,470.95,1053.709
1781953200000,470.95,472.1,468.41,469.85,3032.162
1781954100000,469.85,470.6,468.26,469,786.578
1781955000000,469,471.63,469,470.87,528.07
1781955900000,470.87,472.01,468.93,469.52,614.06
1781956800000,469.52,473.66,468.63,473.11,1718.225
1781957700000,473.11,475.36,472.22,474.39,1230.05
1781958600000,474.39,475.14,470.82,472.31,925.49
1781959500000,472.31,473.12,471.25,472.89,454.525
1781960400000,472.89,474.23,472.12,472.18,332.859
1781961300000,472.18,472.7,462.39,464.98,6255.503
1781962200000,464.98,467.08,464.58,466.69,1685.188
1781963100000,466.69,468.29,465.42,467.27,1239.353
1781964000000,467.27,467.72,463.53,464.42,1815.403
1781964900000,464.42,466.64,464.42,466.25,582.527
1781965800000,466.25,466.99,461.04,464.5,2632.004
1781966700000,464.5,474.7,463.84,473.4,6559.024
1781967600000,473.4,478.47,472.17,476.58,3930.403
1781968500000,476.58,486.94,474.18,482.53,12388.108
1781969400000,482.53,483.72,473.82,475.76,5081.299
1781970300000,475.76,476.48,474.19,475.39,994.62
1781971200000,475.39,475.49,471.6,473.65,2161.507
1781972100000,473.65,475.36,472.8,475.07,979.69
1781973000000,475.07,477.2,472.75,476.72,1881.739
1781973900000,476.72,476.92,472.54,473.46,1246.474
1781974800000,473.46,473.53,468.57,469.94,2108.714
1781975700000,469.94,470.45,468.39,470.19,1229.779
1781976600000,470.19,471.6,465,469.2,5682.714
1781977500000,469.2,469.91,468.01,468.61,408.944
1781978400000,468.61,471.49,468.36,469.19,1518.036
1781979300000,469.19,469.66,467.74,469.66,438.963
1781980200000,469.66,470.01,466.18,467.78,435.046
1781981100000,467.78,468.76,467.25,467.99,371.965
1781982000000,467.99,468.68,465.57,467.41,1116.051
1781982900000,467.41,467.54,463.62,465.07,1672.618
1781983800000,465.07,466.96,464.63,466.62,2108.958
1781984700000,466.62,466.86,465.02,465.92,304.036
1781985600000,465.92,469.61,465.92,468,2766.474
1781986500000,468,468.29,466.53,467.24,332.657
1781987400000,467.24,468.06,465.51,467.64,568.479
1781988300000,467.64,471.09,467.5,471,544.784
1781989200000,471,473.69,469.96,472.87,771.687
1781990100000,472.87,474.29,472.51,473.65,885.741
1781991000000,473.65,473.65,470.7,471.8,661.984
1781991900000,471.8,471.81,469.45,470.96,1386.624
1781992800000,470.96,472.64,467.83,472.01,1283.021
1781993700000,472.01,474.93,469.57,474.1,934.915
1781994600000,474.1,475.57,473.09,473.95,1120.114
1781995500000,473.95,476.71,473.02,475.08,1056.568
1781996400000,475.08,475.48,471.93,472.68,289.604
1781997300000,472.68,476.42,472.24,472.91,2268.306
1781998200000,472.91,473.68,472.11,473.35,473.593
1781999100000,473.35,473.35,470.43,470.46,1873.655
1782000000000,470.46,470.76,468.92,469.37,633.796
1782000900000,469.37,470.54,468.92,469.82,1202.157
1782001800000,469.82,470.38,468.71,469.28,416.303
1782002700000,469.28,470.08,468.42,469.92,261.9
1782003600000,469.92,470.62,468.56,468.97,926.732
1782004500000,468.97,469.81,468.44,468.94,206.356
1782005400000,468.94,470.9,468.63,469.88,544.647
1782006300000,469.88,471.56,468.93,469.01,662.055
1782007200000,469.01,471.25,468.53,469.21,1499.543
1782008100000,469.21,469.23,467.53,468.33,391.437
1782009000000,468.33,468.68,466.57,467.26,1070.146
1782009900000,467.26,468.84,466.41,466.66,724.069
1782010800000,466.66,467.99,465.79,467.99,696.364
1782011700000,467.99,472.46,467.25,470.07,2786.519
1782012600000,470.07,472.04,469.58,471.45,659.475
1782013500000,471.45,472.13,470.56,470.82,621.57
1782014400000,470.82,471.99,469.02,469.91,473.142
1782015300000,469.91,471.48,469.91,470.5,1835.029
1782016200000,470.5,471.6,469.59,469.7,1364.492
1782017100000,469.7,469.72,466.17,466.6,921.441
1782018000000,466.6,466.99,464.16,464.39,1477.681
1782018900000,464.39,467.4,463.5,467.13,413.845
1782019800000,467.13,467.98,466.52,466.84,184.369
1782020700000,466.84,466.84,465.32,466.49,157.962
1782021600000,466.49,467.3,465.44,465.44,261.114
1782022500000,465.44,467.29,465.03,466.49,626.775
1782023400000,466.49,468.18,465.72,467.4,199.717
1782024300000,467.4,468.94,466.42,467.8,252.241
1782025200000,467.8,468.63,466.71,468.26,241.802
1782026100000,468.26,468.45,466.33,467.07,498.158
1782027000000,467.07,469.06,465.81,467.07,744.611
1782027900000,467.07,467.12,464.4,465.84,461.071
1782028800000,465.84,465.96,462.51,462.88,3304.722
1782029700000,462.88,463.28,461.65,463.13,725.811
1782030600000,463.13,463.6,445.63,455.53,14102.105
1782031500000,455.53,455.53,453.28,454.64,3315.031
1782032400000,454.64,456.3,452.27,454.03,2399.682
1782033300000,454.03,455.66,452.57,454.87,955.322
1782034200000,454.87,458.6,454.53,454.81,4645.611
1782035100000,454.81,457.77,454.56,456.92,1161.454
1782036000000,456.92,458.64,456.34,458.51,765.196
1782036900000,458.51,461.21,457.65,459.62,2415.542
1782037800000,459.62,460.86,458.89,458.93,979.585
1782038700000,458.93,460.79,457.54,457.91,1090.826
1782039600000,457.91,458.69,455.94,458.1,1775.945
1782040500000,458.1,458.1,453.1,454.93,4314.911
1782041400000,454.93,455.1,449.84,453.06,4722.342
1782042300000,453.06,453.41,451.07,453.33,1076.121
1782043200000,453.33,454.15,450.52,451.42,1158.63
1782044100000,451.42,452.36,446.8,447.96,2953.234
1782045000000,447.96,452,447.79,451.61,3833.795
1782045900000,451.61,452.33,450.27,451.49,687.293
1782046800000,451.49,452.46,449.56,451.81,2130.718
1782047700000,451.81,453.13,450.64,451.37,709.901
1782048600000,451.37,452.61,450.48,451.97,1054.64
1782049500000,451.97,453.12,451.75,452.72,231.83
1782050400000,452.72,452.97,449,449.22,1221.253
1782051300000,449.22,452.55,448.77,451.19,1794.762
1782052200000,451.19,453.07,450.51,452.47,472.905
1782053100000,452.47,453.51,451.2,453.51,221.698
1782054000000,453.51,455.64,453.34,453.6,1079.092
1782054900000,453.6,455.22,453.44,454.78,514.446
1782055800000,454.78,455.31,453.8,454.41,336.891
1782056700000,454.41,455.11,453.25,453.51,240.166
1782057600000,453.51,453.51,450.6,451.36,994.959
1782058500000,451.36,451.68,449.83,450.7,1069.456
1782059400000,450.7,451.35,446.29,448.33,1694.17
1782060300000,448.33,451.3,447.72,450.07,1302.041
1782061200000,450.07,452.41,449.47,452.41,317.173
1782062100000,452.41,452.41,449.52,449.8,1092.009
1782063000000,449.8,450.41,448.72,449.8,223.551
1782063900000,449.8,450.36,448.97,449.17,522.714
1782064800000,449.17,449.37,446.68,449.13,807.973
1782065700000,449.13,450.53,449.13,449.61,433.902
1782066600000,449.61,452.54,449.36,452.34,744.793
1782067500000,452.34,453.29,451.67,452.31,388.988
1782068400000,452.31,454.22,451.37,452.23,306.065
1782069300000,452.23,452.98,452.15,452.54,78.569
1782070200000,452.54,453.19,452.02,452.43,187.339
1782071100000,452.43,452.5,451.4,451.48,959.977
1782072000000,451.48,452.56,449.36,450.25,711.517
1782072900000,450.25,450.5,448.63,449.23,887.193
1782073800000,449.23,449.86,448.3,448.83,318.914
1782074700000,448.83,449.05,443.68,446.4,2302.064
1782075600000,446.4,448.46,443.25,445.37,2771.581
1782076500000,445.37,449.6,443.4,446.26,1898.781
1782077400000,446.26,448.07,445.13,446.43,339.742
1782078300000,446.43,447.77,444.6,445.14,573.787
1782079200000,445.14,447.01,443.6,445.37,2338.991
1782080100000,445.37,446.4,444.02,444.2,567.238
1782081000000,444.2,445.78,443.53,444.83,3658.609
1782081900000,444.83,446.8,444.83,445.69,343.985
1782082800000,445.69,445.69,439.18,439.99,2765.736
1782083700000,439.99,443.81,439.9,442.8,1319.418
1782084600000,442.8,443.18,435.65,437.34,10020.327
1782085500000,437.34,437.64,432.21,434.22,3061.85
1782086400000,434.22,437.02,433.76,436.29,2383.655
1782087300000,436.29,438.32,436.1,438.3,1297.419
1782088200000,438.3,442.9,438.26,441.2,2277.662
1782089100000,441.2,442.01,439.48,441.65,806.457
1782090000000,441.65,444.21,441.41,442.34,3497.925
1782090900000,442.34,451.91,442.34,448.92,3783.554
1782091800000,448.92,449.59,445.51,446.91,834.996
1782092700000,446.91,448.69,446.7,447.8,1189.636
1782093600000,447.8,448.64,446.08,446.36,692.458
1782094500000,446.36,448.01,445.25,446.34,469.113
1782095400000,446.34,448.38,445.84,447.38,413.46
1782096300000,447.38,447.72,444.36,444.63,480.686
1782097200000,444.63,445.25,441.53,444.4,1679.091
1782098100000,444.4,446.01,443.49,443.79,739.902
1782099000000,443.79,445.67,442.94,443.6,203.979
1782099900000,443.6,443.74,440.01,440.57,2077.752
1782100800000,440.57,442.84,438.96,441.78,1971.429
1782101700000,441.78,443.3,441.39,442.84,271.542
1782102600000,442.84,444.31,441.99,442.3,430.378
1782103500000,442.3,444.8,442.18,443.76,315.269
1782104400000,443.76,444.28,442.69,443.96,371.349
1782105300000,443.96,445.91,442.87,443.6,907.449
1782106200000,443.6,444.92,442.77,443.98,456.278
1782107100000,443.98,444.41,443.27,444.34,280.028
1782108000000,444.34,449.25,444.34,446.73,3830.614
1782108900000,446.73,447.44,445.44,446.66,811.784
1782109800000,446.66,447.71,445.76,446.52,418.52
1782110700000,446.52,448.31,446.36,447.41,466.742
1782111600000,447.41,453.3,447.31,450.71,2573.824
1782112500000,450.71,453.61,450.44,452.65,1297.872
1782113400000,452.65,454.76,451.63,452.21,1113.18
1782114300000,452.21,452.42,450.43,451.24,528.21
1782115200000,451.24,453.18,450.16,453.1,1534.979
1782116100000,453.1,453.53,451.21,451.56,741.091
1782117000000,451.56,453.54,449.71,453.38,1253.274
1782117900000,453.38,453.97,451.68,452.58,841.316
1782118800000,452.58,456.01,452.12,454.29,2001.002
1782119700000,454.29,454.44,452.26,452.26,269.345
1782120600000,452.26,453.23,451.43,452.89,313.549
1782121500000,452.89,453.09,451.99,452.25,224.325
1782122400000,452.25,453.35,451.42,452.91,384.362
1782123300000,452.91,454.66,452.06,453.42,507.127
1782124200000,453.42,454.32,451.59,451.83,230.611
1782125100000,451.83,454.23,451.83,453.59,318.45
1782126000000,453.59,458.09,453.51,455.43,1353.522
1782126900000,455.43,456.47,453.91,454,1079.821
1782127800000,454,458.58,451.68,454.65,3543.89
1782128700000,454.65,456.54,453.53,455.89,1084.529
1782129600000,455.89,458.11,454.76,456.46,1797.53
1782130500000,456.46,457,455.04,456.89,898.337
1782131400000,456.89,458.53,455.51,456.9,1440.68
1782132300000,456.9,462.66,456.41,459.86,5115.813
1782133200000,459.86,464.48,459.67,461.14,3936.682
1782134100000,461.14,461.19,458.35,460.07,2161.034
1782135000000,460.07,465.58,459.2,463.95,3902.554
1782135900000,463.95,464.44,461.25,461.93,1332.939
1782136800000,461.93,462.25,458.89,459.24,2872.317
1782137700000,459.24,459.7,455.31,455.61,1610.016
1782138600000,455.61,456.07,452.27,453.2,3674.448
1782139500000,453.2,455.23,452.01,452.89,1598.235
1782140400000,452.89,455.73,452.41,454.83,1138.373
1782141300000,454.83,454.89,452.04,452.69,1461.757
1782142200000,452.69,453.82,451.39,451.46,1343.573
1782143100000,451.46,452.19,448,449.77,3507.241
1782144000000,449.77,450.91,448.01,450.69,1512.178
1782144900000,450.69,450.76,448.58,450.1,340.765
1782145800000,450.1,452.12,449.33,451.61,809.93
1782146700000,451.61,454.45,450.64,453.37,666.891
1782147600000,453.37,454.57,451.82,452.02,1566.842
1782148500000,452.02,452.35,450.48,450.62,456.564
1782149400000,450.62,453.14,449.24,451.87,683.653
1782150300000,451.87,452.63,451.67,451.83,201.42
1782151200000,451.83,454.95,451.83,454.05,542.553
1782152100000,454.05,454.87,453.36,453.59,325.779
1782153000000,453.59,455.61,453.4,454.12,769.78
1782153900000,454.12,454.29,449.04,449.95,3960.549
1782154800000,449.95,451.38,443.66,448.41,6444.676
1782155700000,448.41,448.59,445.83,446.8,1612.861
1782156600000,446.8,448.3,445.67,447.62,1144.495
1782157500000,447.62,449.29,446.13,448.72,1047.375
1782158400000,448.72,450.49,448.49,449.62,1366.133
1782159300000,449.62,449.86,447.57,449.1,585.946
1782160200000,449.1,453.62,449.09,451.59,3163.727
1782161100000,451.59,452.86,450.54,452.84,1968.431
1782162000000,452.84,453.4,450.22,451.3,1752.062
1782162900000,451.3,452.22,445.3,447.35,6045.869
1782163800000,447.35,447.58,442.69,443.89,1848.548
1782164700000,443.89,445.91,443.8,445.44,305.93
1782165600000,445.44,446.58,443.6,444.72,895.107
1782166500000,444.72,444.77,440.19,441.93,3687.041
1782167400000,441.93,443.33,440.5,441.88,2964.612
1782168300000,441.88,443.86,441.24,443.1,2665.153
1782169200000,443.1,443.84,441.55,442.05,662.104
1782170100000,442.05,444.34,441.49,444.06,1706.369
1782171000000,444.06,444.54,442.36,442.6,749.25
1782171900000,442.6,443.07,441.17,442.18,1124.928
1782172800000,442.18,442.85,441.2,441.95,319.314
1782173700000,441.95,442.78,438.16,439.58,2532.567
1782174600000,439.58,442.79,438.87,442.53,2305.019
1782175500000,442.53,444.64,441.5,443.88,2266.176
1782176400000,443.88,444.95,442.74,442.89,518.786
1782177300000,442.89,443.26,441.72,442.83,238.051
1782178200000,442.83,442.83,440.2,440.54,734.704
1782179100000,440.54,442.2,438.39,441.59,2038.054
1782180000000,441.59,443.37,441.05,442.4,1567.125
1782180900000,442.4,444.55,442.22,444.07,790.52
1782181800000,444.07,446.28,443.29,445.47,1100.041
1782182700000,445.47,446.9,444.64,445.59,883.507
1782183600000,445.59,446.29,443.7,444.99,1830.229
1782184500000,444.99,445.66,444.05,445.22,1529.961
1782185400000,445.22,447.54,444.08,447.41,879.408
1782186300000,447.41,448.74,445.45,447.38,1494.599
1782187200000,447.38,447.97,445.05,446.7,438.86
1782188100000,446.7,447.19,444.78,447.19,575.216
1782189000000,447.19,447.2,444.51,444.82,407.175
1782189900000,444.82,445.29,442.68,443.26,1052.92
1782190800000,443.26,444.53,442.12,442.24,450.01
1782191700000,442.24,442.64,439.35,440.26,2847.509
1782192600000,440.26,440.26,438.28,439.6,947.434
1782193500000,439.6,440.69,437.32,438.88,2728.932
1782194400000,438.88,438.96,434.57,435.87,3135.096
1782195300000,435.87,436.99,418.11,422.55,14707.304
1782196200000,422.55,424.65,419.64,424.3,3004.01
1782197100000,424.3,426.16,423.69,425.32,2172.269
1782198000000,425.32,428.82,424.56,426.98,2872.493
1782198900000,426.98,428.55,426.69,427.09,824.596
1782199800000,427.09,427.24,424.09,424.75,882.915
1782200700000,424.75,426.61,424.45,424.92,406.761
1782201600000,424.92,426.39,423.33,423.76,1039.931
1782202500000,423.76,423.79,415.1,417.81,5624.939
1782203400000,417.81,422.27,417.71,421.56,3025.819
1782204300000,421.56,423.09,420.36,422,1220.38
1782205200000,422,423.3,421.52,422.59,683.462
1782206100000,422.59,423.95,422.43,423.89,504.367
1782207000000,423.89,424.37,421.5,422.78,2480.055
1782207900000,422.78,424.01,422.52,423.81,256.496
1782208800000,423.81,425.58,422.97,423.1,743.238
1782209700000,423.1,423.11,421.74,422.41,605.541
1782210600000,422.41,422.64,419.68,419.92,1296.21
1782211500000,419.92,422.24,419.19,421.81,1582.034
1782212400000,421.81,424.01,421.81,423.24,684.272
1782213300000,423.24,426.31,423.19,425.23,1114.308
1782214200000,425.23,426.31,424.36,424.46,524.293
1782215100000,424.46,425.91,423.7,424.71,398.984
1782216000000,424.71,426.44,424.5,425.28,504.687
1782216900000,425.28,425.28,423.93,424.65,1648.343
1782217800000,424.65,424.9,422.53,423.37,576.772
1782218700000,423.37,424.02,419.85,421.62,1115.23
1782219600000,421.62,421.75,417.86,420.19,1699.191
1782220500000,420.19,420.5,417.56,417.75,865.142
1782221400000,417.75,422.14,416.14,418.02,3848.176
1782222300000,418.02,424.98,417.11,421.99,1207.27
1782223200000,421.99,424.62,421.84,424.45,1068.946
1782224100000,424.45,424.92,421.89,424.12,1613.271
1782225000000,424.12,427.1,422.74,423.93,2843.292
1782225900000,423.93,424.39,420.8,421.87,735.246
1782226800000,421.87,422.23,419.32,420.39,888.854
1782227700000,420.39,420.46,417.72,418.47,1063.405
1782228600000,418.47,420.98,417.09,417.56,720.869
1782229500000,417.56,418.1,415.3,417.26,1087.547
1782230400000,417.26,423.03,416.55,421.22,2383.003
1782231300000,421.22,421.44,417.64,418.8,1070.78
1782232200000,418.8,418.84,417.14,418.13,673.897
1782233100000,418.13,418.54,415.61,416.35,572.693
1782234000000,416.35,416.35,410.87,413.75,4259.58
1782234900000,413.75,418.68,413.75,417.53,1162.158
1782235800000,417.53,417.9,413.86,414.12,848.331
1782236700000,414.12,414.29,411.6,413.17,583.424
1782237600000,413.17,414.42,411.72,413.16,1940.426
1782238500000,413.16,415.46,412.54,413.96,426.086
1782239400000,413.96,413.97,411.18,411.18,548.912
1782240300000,411.18,413.7,411.18,413.12,839.331
1782241200000,413.12,416.36,412.82,414.48,931.994
1782242100000,414.48,417.09,413.55,416.58,462.539
1782243000000,416.58,417.07,414.8,415.11,212.941
1782243900000,415.11,419.68,415.01,416.95,1736.88
1782244800000,416.95,419.37,416.77,417.56,1835.686
1782245700000,417.56,419.18,417.54,419.11,188.131
1782246600000,419.11,419.11,417.51,417.67,81.384
1782247500000,417.67,417.67,415.63,416.66,211.718
1782248400000,416.66,418.7,415.13,416.13,2590.673
1782249300000,416.13,418.9,415.23,417.68,2346.033
1782250200000,417.68,419.1,416.14,417.22,1762.353
1782251100000,417.22,418.74,417.1,417.82,552.313
1782252000000,417.82,421.86,417.34,420.71,885.779
1782252900000,420.71,421.12,417.97,418.88,1221.223
1782253800000,418.88,419.5,416.81,416.98,297.616
1782254700000,416.98,418.35,416.66,417.68,95.651
1782255600000,417.68,417.68,413.63,413.9,1363.358
1782256500000,413.9,414.72,412.89,414.27,595.164
1782257400000,414.27,414.7,412.42,413.87,580.916
1782258300000,413.87,417.64,413.83,415.96,1383.125
1782259200000,415.96,418.38,415.09,417.06,686.365
1782260100000,417.06,417.65,415.85,416.58,229.093
1782261000000,416.58,419.61,416.46,418.99,1180.231
1782261900000,418.99,420.91,418.67,419.34,710.672
1782262800000,419.34,419.41,416.31,418.33,2012.472
1782263700000,418.33,419.26,416.22,418.99,803.518
1782264600000,418.99,422.97,418.99,420.39,1516.344
1782265500000,420.39,420.95,418.77,418.87,338.614
1782266400000,418.87,419.09,415.38,416.05,1760.393
1782267300000,416.05,416.16,413.81,414.87,497.586
1782268200000,414.87,415.69,413.48,415.22,1288.04
1782269100000,415.22,415.75,412.42,412.93,1396.428
1782270000000,412.93,412.93,410.61,411.18,1124.623
1782270900000,411.18,411.72,406.16,411.72,3895.788
1782271800000,411.72,415.2,411.7,413.45,3039.003
1782272700000,413.45,414.26,411.29,411.63,801.062
1782273600000,411.63,413.01,410.32,411.24,787.32
1782274500000,411.24,412.38,408.19,409.81,912.956
1782275400000,409.81,412.94,409.3,412.38,873.638
1782276300000,412.38,415.27,412.38,413.95,1541.465
1782277200000,413.95,417.23,413.7,416.65,1377.5
1782278100000,416.65,418.42,416.44,418.42,1331.481
1782279000000,418.42,420.68,417.52,419.75,2944.962
1782279900000,419.75,420.1,417.91,418.36,1219.571
1782280800000,418.36,418.57,415.67,417.14,733.151
1782281700000,417.14,417.59,415.86,416.5,487.554
1782282600000,416.5,418.23,415.75,415.81,378.851
1782283500000,415.81,417.82,415.33,416.68,345.085
1782284400000,416.68,417.39,415.39,416.57,1003.893
1782285300000,416.57,416.57,414.11,414.11,625.504
1782286200000,414.11,415.42,413.44,414.36,593.901
1782287100000,414.36,414.88,412.9,413.58,754.141
1782288000000,413.58,416.38,413.17,415.21,528.113
1782288900000,415.21,415.46,413.38,415,805.049
1782289800000,415,416.09,413.99,415.16,827.715
1782290700000,415.16,416.27,414.35,415.63,277.471
1782291600000,415.63,415.76,413.61,415.11,196.067
1782292500000,415.11,415.34,413.83,414.21,178.375
1782293400000,414.21,414.39,413.13,413.14,432.322
1782294300000,413.14,414.38,412.27,414.12,578.94
1782295200000,414.12,414.62,412.92,414.49,286.181
1782296100000,414.49,415.19,412.53,413.01,341.979
1782297000000,413.01,413.94,412.43,413.7,314.886
1782297900000,413.7,413.74,410.79,412.09,687.277
1782298800000,412.09,412.94,410.15,410.67,551.934
1782299700000,410.67,412.18,409.82,411.14,822.507
1782300600000,411.14,417.9,411.14,416.78,2827.294
1782301500000,416.78,423.21,416.57,421.49,4683.346
1782302400000,421.49,421.71,417.15,419.57,1537.165
1782303300000,419.57,420.93,418.12,419.83,1152.784
1782304200000,419.83,422.7,418.19,419.1,1401.584
1782305100000,419.1,419.36,416.64,416.89,662.328
1782306000000,416.89,417.55,410.38,411.88,5004.519
1782306900000,411.88,414.13,407.39,411.32,5194.142
1782307800000,411.32,418.48,408.23,411.22,9445.738
1782308700000,411.22,413.11,407.55,409.81,6001.279
1782309600000,409.81,413.03,407.94,411.89,3951.782
1782310500000,411.89,412.9,409.06,412.49,2089.031
1782311400000,412.49,420.89,412.36,417.97,7801.295
1782312300000,417.97,420.48,416.19,417.84,2829.624
1782313200000,417.84,417.85,411.49,412.55,4567.581
1782314100000,412.55,415.54,412.01,413.04,1660.412
1782315000000,413.04,413.2,408.34,409.4,5450.649
1782315900000,409.4,409.5,398.33,406.27,17617.286
1782316800000,406.27,407.47,400.02,405.96,8921.269
1782317700000,405.96,407.8,404.46,406.14,2243.19
1782318600000,406.14,406.81,402.7,403.55,2024.68
1782319500000,403.55,403.57,396.03,398.74,6458.265
1782320400000,398.74,402.49,397.59,398.81,4414.656
1782321300000,398.81,399.05,391.55,393.37,7831.23
1782322200000,393.37,394.72,388.14,389.49,4741.742
1782323100000,389.49,394.52,387.25,391.61,5693.623
1782324000000,391.61,396.62,390.91,395.41,3398.811
1782324900000,395.41,410.69,395.41,404.25,13831.96
1782325800000,404.25,405.53,401.56,402.37,3204.3
1782326700000,402.37,405.8,399.01,404.78,3290.684
1782327600000,404.78,406.6,401.77,404.08,2105.487
1782328500000,404.08,404.92,402.35,403.69,723.571
1782329400000,403.69,405.86,402.42,403.23,566.439
1782330300000,403.23,405.19,401.74,404.43,1203.687
1782331200000,404.43,413.97,403.31,411.54,5635.124
1782332100000,411.54,415.42,410.26,412.66,2371.215
1782333000000,412.66,414.16,409.54,410.66,2239.893
1782333900000,410.66,413.53,410.21,411.05,1203.377
1782334800000,411.05,411.53,407.36,409.2,3169.907
1782335700000,409.2,411.17,407.74,410.75,1252.242
1782336600000,410.75,418.87,410.5,416.43,4573.451
1782337500000,416.43,418.08,415.13,416.12,1553.651
1782338400000,416.12,418.86,415.17,415.38,2044.957
1782339300000,415.38,415.95,413.89,413.95,430.391
1782340200000,413.95,414.64,411.97,412.27,1759.125
1782341100000,412.27,413.15,411.55,412.5,485.271
1782342000000,412.5,415.47,412.02,415.05,550.888
1782342900000,415.05,417.59,414.14,416.52,633.059
1782343800000,416.52,417.93,415.89,416.88,376.325
1782344700000,416.88,417.98,415.04,416.71,749.62
1782345600000,416.71,417.81,415.75,416.6,476.763
1782346500000,416.6,416.72,413.49,413.89,877.318
1782347400000,413.89,415.03,413.27,413.57,841.271
1782348300000,413.57,414.65,411.87,413.14,1407.604
1782349200000,413.14,413.84,411.63,413.08,345.416
1782350100000,413.08,414.6,412.18,414.17,253.833
1782351000000,414.17,415,413.43,414.42,209.886
1782351900000,414.42,416.14,414.38,415.09,1146.633
1782352800000,415.09,415.24,412.07,412.72,310.715
1782353700000,412.72,414.53,412.08,414.27,94.128
1782354600000,414.27,414.31,411.84,412.23,605.892
1782355500000,412.23,412.92,411.33,412.74,411.507
1782356400000,412.74,413.71,411.07,411.7,370.413
1782357300000,411.7,412.04,410.34,410.34,598.086
1782358200000,410.34,411.31,409.45,410.19,615.685
1782359100000,410.19,411.73,410.17,411.39,811.568
1782360000000,411.39,411.76,409.54,409.58,313.596
1782360900000,409.58,410.25,408.96,409.58,439.549
1782361800000,409.58,410.57,407.97,410.57,439.391
1782362700000,410.57,414.19,410.45,413.57,887.729
1782363600000,413.57,421.87,413.15,415.59,8426.415
1782364500000,415.59,416.79,413.83,414.39,2333.505
1782365400000,414.39,415.37,413.74,414.06,907.612
1782366300000,414.06,417.94,413.92,415.89,1795.944
1782367200000,415.89,418.1,415.63,416.95,655.011
1782368100000,416.95,418.35,415.52,416.37,1406.738
1782369000000,416.37,416.43,414.68,415.5,298.254
1782369900000,415.5,416.92,415.36,415.79,552.781
1782370800000,415.79,417.54,415.33,416.2,1010.716
1782371700000,416.2,418.18,416.05,417.5,926.402
1782372600000,417.5,420.53,417.5,418.77,1544.711
1782373500000,418.77,418.9,417.39,418.55,459.714
1782374400000,418.55,419.57,417.57,419.12,588.321
1782375300000,419.12,419.29,417.47,418.72,362.63
1782376200000,418.72,418.72,416.66,417.26,565.799
1782377100000,417.26,417.26,415.39,415.84,354.856
1782378000000,415.84,417.15,415.84,416.59,484.656
1782378900000,416.59,416.87,415.17,416.2,607.55
1782379800000,416.2,416.98,415.58,416.97,194.87
1782380700000,416.97,417,415.83,416.2,160.529
1782381600000,416.2,416.6,415.15,415.83,679.816
1782382500000,415.83,416.42,413.53,414.55,1386.97
1782383400000,414.55,414.72,413.09,413.16,874.994
1782384300000,413.16,413.56,411.91,412.31,1684.902
1782385200000,412.31,413.97,410.46,413.11,1412.712
1782386100000,413.11,415.2,412.15,412.41,867.633
1782387000000,412.41,414.43,412.38,413.43,1028.056
1782387900000,413.43,414.06,412.24,413.57,442.653
1782388800000,413.57,414.29,412.73,413.39,547.793
1782389700000,413.39,413.39,409.02,410.01,2255.306
1782390600000,410.01,417.68,409.67,412.42,3279.813
1782391500000,412.42,413.88,411.57,412.71,868.367
1782392400000,412.71,415.89,412.21,414.94,1241.063
1782393300000,414.94,414.96,413.71,413.92,465.109
1782394200000,413.92,415.45,399.49,400.05,11110.193
1782395100000,400.05,402.13,386.02,388,22859.444
1782396000000,388,399.64,387.97,396.12,7074.314
1782396900000,396.12,398.1,391.46,395.15,4530.691
1782397800000,395.15,405.84,394,397.98,5693.145
1782398700000,397.98,401.25,395.83,397.75,2473.826
1782399600000,397.75,398.03,394.14,395.08,1998.677
1782400500000,395.08,397.6,392.45,395.87,2724.613
1782401400000,395.87,397.46,393.07,394.29,1745.029
1782402300000,394.29,401.39,393.93,401.22,3303.812
1782403200000,401.22,407.64,400.92,405.4,4437.786
1782404100000,405.4,406.98,404.08,406.36,1762.481
1782405000000,406.36,406.36,398.37,398.74,4834.973
1782405900000,398.74,399.13,396.88,398.53,1398.679
1782406800000,398.53,399.86,396.73,398.69,1185.934
1782407700000,398.69,401.91,398.28,400.62,2712.693
1782408600000,400.62,402.62,398.42,398.57,3098.409
1782409500000,398.57,400.13,397.41,400.13,826.826
1782410400000,400.13,400.78,396.81,397.18,1637.15
1782411300000,397.18,400.34,396.85,398.67,1029.482
1782412200000,398.67,398.68,393.55,395.65,3917.995
1782413100000,395.65,397.78,394.7,397.63,1220.262
1782414000000,397.63,397.79,393.62,394.27,2062.555
1782414900000,394.27,395.96,393.57,395.51,1367.806
1782415800000,395.51,396.57,394.98,395.59,1098.333
1782416700000,395.59,397.16,394.76,397.14,1497.902
1782417600000,397.14,401.49,397.12,399.94,2139.308
1782418500000,399.94,405.61,399.91,404.99,4138.904
1782419400000,404.99,405.04,402.16,402.89,1294.83
1782420300000,402.89,402.89,399.01,400.07,3264.574
1782421200000,400.07,405.2,399.92,404.77,3947.704
1782422100000,404.77,406.74,402.98,406.04,1378.019
1782423000000,406.04,417.46,405.58,414.93,3937.411
1782423900000,414.93,416.22,413.09,414.73,853.871
1782424800000,414.73,415.24,411.86,413.13,1613.71
1782425700000,413.13,415.53,411.3,412.41,1383.453
1782426600000,412.41,413.01,410.82,412.37,1925.218
1782427500000,412.37,418.65,412.32,416.71,2637.724
1782428400000,416.71,419.14,415.54,418.59,2034.891
1782429300000,418.59,421.66,417.17,417.96,3653.554
1782430200000,417.96,420.43,417.29,418.03,993.129
1782431100000,418.03,418.03,414.7,416.76,1567.44
1782432000000,416.76,418.32,415.66,417.48,876.52
1782432900000,417.48,418.26,415.17,416.11,650.5
1782433800000,416.11,416.44,414.53,415.49,938.451
1782434700000,415.49,416.19,412.75,414.25,1241.534
1782435600000,414.25,417.26,413.66,415.43,819.518
1782436500000,415.43,416.57,410.76,411.23,1631.585
1782437400000,411.23,411.56,409.23,410.96,1941.878
1782438300000,410.96,412.93,410.18,411.87,819.049
1782439200000,411.87,412.1,402.37,404.04,3193.126
1782440100000,404.04,406.18,401.24,405.85,3232.52
1782441000000,405.85,408.04,404.39,407.07,1897.943
1782441900000,407.07,407.1,401,402.85,2736.87
1782442800000,402.85,412.84,398.74,412.37,6835.86
1782443700000,412.37,412.37,407.44,409.05,3852.764
1782444600000,409.05,416.8,407.87,414.77,3510.859
1782445500000,414.77,420.98,414.7,419.33,4000.307
1782446400000,419.33,420.13,414.59,414.68,3742.909
1782447300000,414.68,415.79,412.59,413.47,1384.613
1782448200000,413.47,413.88,411.41,412.6,846.133
1782449100000,412.6,412.66,409.77,410.57,1760.682
1782450000000,410.57,410.83,408.25,410.57,1128.556
1782450900000,410.57,412.76,409.42,411.56,1396.32
1782451800000,411.56,412.72,409.97,410.05,875.503
1782452700000,410.05,411.37,408.03,410.33,747.984
1782453600000,410.33,410.44,405.81,406.97,2147.641
1782454500000,406.97,412.4,406.9,411.88,1049.276
1782455400000,411.88,414.92,410.85,414.65,1891.163
1782456300000,414.65,415.9,413.45,413.81,1307.143
1782457200000,413.81,415.62,413.5,415.26,734.06
1782458100000,415.26,415.74,413.86,413.99,966.755
1782459000000,413.99,414.96,412.84,412.84,1209.091
1782459900000,412.84,414.09,412.36,413.73,768.596
1782460800000,413.73,414.15,409.98,410.33,1914.072
1782461700000,410.33,411.39,409.3,410.51,760.645
1782462600000,410.51,410.51,408.28,409.46,705.75
1782463500000,409.46,409.79,405.77,406.31,1833.548
1782464400000,406.31,406.36,403.54,406.03,988.8
1782465300000,406.03,406.03,403.43,404.42,637.19
1782466200000,404.42,404.55,401.83,403.26,1340.737
1782467100000,403.26,403.87,399.67,401.38,1628.646
1782468000000,401.38,402,399.78,400.21,818.354
1782468900000,400.21,401.74,399.62,399.99,738.078
1782469800000,399.99,400.11,396.39,397.5,2738.609
1782470700000,397.5,398.7,394.98,397.46,4732.733
1782471600000,397.46,399.58,396.52,398.88,2243.66
1782472500000,398.88,398.88,395.59,395.98,1232.322
1782473400000,395.98,398.18,395.57,397.12,554.432
1782474300000,397.12,397.32,394.6,396.41,1350.331
1782475200000,396.41,398.6,396.41,396.94,758.252
1782476100000,396.94,401.77,396.79,401.23,1714.968
1782477000000,401.23,402.75,393.85,395.37,2658.67
1782477900000,395.37,398.45,394.22,396.79,1530.459
1782478800000,396.79,398.97,395.6,396.63,1284.106
1782479700000,396.63,398.52,392.19,397.17,2832.791
1782480600000,397.17,402.8,396.65,401.59,3645.916
1782481500000,401.59,409.17,400.26,408.62,3773.025
1782482400000,408.62,409.66,405.53,407.06,2318.757
1782483300000,407.06,409.27,404.23,408.12,1602.536
1782484200000,408.12,408.18,403.26,403.93,2355.256
1782485100000,403.93,407.3,403.83,404.61,1072.569
1782486000000,404.61,407.65,403.92,404.85,1040.216
1782486900000,404.85,411.46,404.26,410.15,1999.496
1782487800000,410.15,415.15,409.84,413.62,2277.313
1782488700000,413.62,413.98,406.96,410.15,5490.824
1782489600000,410.15,414.26,410.15,413.5,1529.818
1782490500000,413.5,416.95,413.04,415.96,3560.368
1782491400000,415.96,429.91,415.83,421.48,9957.761
1782492300000,421.48,425.65,416.01,417.23,8104.896
1782493200000,417.23,422.5,416.06,421.51,3042.05
1782494100000,421.51,421.63,414.06,419.85,6382.924
1782495000000,419.85,421.07,416.87,419.15,1704.133
1782495900000,419.15,420.02,415.93,417.13,2818.566
1782496800000,417.13,418.95,416.78,418.04,486.495
1782497700000,418.04,418.91,414.17,414.3,1380.204
1782498600000,414.3,415.08,412.33,413.95,1878.951
1782499500000,413.95,413.95,411.62,412.69,928.708
1782500400000,412.69,419.29,411.99,418.45,4029.419
1782501300000,418.45,418.45,415.68,417.68,1154.786
1782502200000,417.68,419.98,417.41,418.99,1053.085
1782503100000,418.99,420.31,415.47,415.85,1540.47
1782504000000,415.85,420.75,415.85,417.5,2196.046
1782504900000,417.5,425.21,417.14,423.22,4589.354
1782505800000,423.22,423.36,419.02,419.98,2068.779
1782506700000,419.98,423.25,419.24,421.63,1139.928
1782507600000,421.63,422.58,418.29,419.15,3431.565
1782508500000,419.15,421.95,418.32,421.52,968.99
1782509400000,421.52,425.9,421.29,425.1,3384.454
1782510300000,425.1,425.7,421.78,421.84,2112.604
1782511200000,421.84,423.99,419.44,423.52,1635.874
1782512100000,423.52,423.99,420.18,420.53,452.754
1782513000000,420.53,421.23,418.97,420.77,1665.571
1782513900000,420.77,421.81,419.54,420.75,470.557
1782514800000,420.75,422.36,420.48,422.13,354.675
1782515700000,422.13,422.26,419.45,419.65,769.42
1782516600000,419.65,419.65,417.52,418.59,1856.043
1782517500000,418.59,419.6,418.08,419.27,179.472
1782518400000,419.27,422.65,419.25,421.81,422.347
1782519300000,421.81,422.5,420.47,421.21,402.556
1782520200000,421.21,421.32,417.72,419.31,589.807
1782521100000,419.31,421.69,418.26,420.83,1633.116
1782522000000,420.83,421.25,418.41,419.19,350.072
1782522900000,419.19,420.12,418.72,418.73,444.764
1782523800000,418.73,419.66,416.63,418.53,1926.12
1782524700000,418.53,419.08,416.59,417.39,1562.796
1782525600000,417.39,419.47,417.18,419.08,613.499
1782526500000,419.08,420.17,417.85,418.54,1199.522
1782527400000,418.54,419.18,417.62,418.62,375.92
1782528300000,418.62,418.88,417.11,417.11,274.217
1782529200000,417.11,418.08,412.84,413.82,1463.586
1782530100000,413.82,415.81,413.26,414.22,436.56
1782531000000,414.22,415.63,413.45,414.54,452.874
1782531900000,414.54,414.95,413.04,413.87,1189.361
1782532800000,413.87,416.93,413.66,416.33,667.812
1782533700000,416.33,418.12,415.72,416.33,504.06
1782534600000,416.33,417.69,414.17,414.74,1013.851
1782535500000,414.74,414.74,413.45,414.21,221.511
1782536400000,414.21,415.62,413.39,414.95,463.818
1782537300000,414.95,415.01,413.38,413.61,114.471
1782538200000,413.61,413.76,411.83,413.58,542.049
1782539100000,413.58,414.83,413.58,414.04,264.122
1782540000000,414.04,414.05,407.84,408.53,2748.474
1782540900000,408.53,410.51,408.01,410.05,1363.986
1782541800000,410.05,412.17,410.04,411.89,917.11
1782542700000,411.89,412.51,409.5,409.75,537.521
1782543600000,409.75,410.8,408.54,409.4,494.126
1782544500000,409.4,411.7,409.2,411.33,1226.333
1782545400000,411.33,411.33,409.71,411.01,736.322
1782546300000,411.01,412,410.66,411.47,1150.345
1782547200000,411.47,411.69,409.48,409.63,1051.643
1782548100000,409.63,410.04,408.86,409.69,1010.221
1782549000000,409.69,410.41,408.25,408.44,497.861
1782549900000,408.44,409.94,408.32,408.69,477.222
1782550800000,408.69,409.52,406.22,406.7,2239.518
1782551700000,406.7,407.29,405.38,405.98,3412.302
1782552600000,405.98,409.89,405.79,408.73,4327.126
1782553500000,408.73,409.25,407.38,407.76,996.18
1782554400000,407.76,408.99,407.52,408.49,645.101
1782555300000,408.49,409.88,407.61,409.77,582.33
1782556200000,409.77,410.93,409.13,410.25,935.201
1782557100000,410.25,410.25,408.28,408.64,484.748
1782558000000,408.64,409.28,406.9,407.7,1409.21
1782558900000,407.7,407.72,406.1,406.8,355.006
1782559800000,406.8,407.46,406,407.06,347.919
1782560700000,407.06,409.54,407.01,408.62,1086.015
1782561600000,408.62,409.42,406.63,407.53,793.894
1782562500000,407.53,408.6,407.23,408.04,658.143
1782563400000,408.04,408.78,406.76,408,600.523
1782564300000,408,409.1,407.52,408.62,903.673
1782565200000,408.62,410,408.1,409.01,795.423
1782566100000,409.01,410.54,408.41,409.41,2058.623
1782567000000,409.41,411.39,407.75,411.15,766.714
1782567900000,411.15,412.72,409.43,410.39,4447.868
1782568800000,410.39,411.63,407.92,411.11,1979.742
1782569700000,411.11,411.36,409.42,410.03,1875.411
1782570600000,410.03,410.54,408.6,410.04,1126.426
1782571500000,410.04,410.45,408.53,409.17,487.394
1782572400000,409.17,414.93,408.58,413.77,1122.438
1782573300000,413.77,414.25,411.5,412.37,1045.616
1782574200000,412.37,414.54,411.67,412.89,1140.772
1782575100000,412.89,413,410.87,411.61,820.597
1782576000000,411.61,412.93,410.81,411.67,939.322
1782576900000,411.67,411.68,409.83,411.11,1473.858
1782577800000,411.11,412.31,410.56,411.21,157.222
1782578700000,411.21,412.06,410.41,411.23,1023.266
1782579600000,411.23,411.23,405.82,406.15,4142.754
1782580500000,406.15,406.87,403.38,405.74,2045.944
1782581400000,405.74,407.91,404.23,406.79,1612.613
1782582300000,406.79,407.73,405.33,405.35,1733.592
1782583200000,405.35,405.75,404.02,404.38,2625.697
1782584100000,404.38,404.86,402.8,403.55,1755.067
1782585000000,403.55,404.42,403.04,404.42,593.625
1782585900000,404.42,404.95,403.46,404.56,521.758
1782586800000,404.56,405.14,403.55,404.52,376.941
1782587700000,404.52,404.72,398.67,400.14,4513.226
1782588600000,400.14,402.04,398.41,401.37,2037.824
1782589500000,401.37,402.29,400.93,401.25,348.736
1782590400000,401.25,402.4,401.13,402,685.132
1782591300000,402,402.81,401.12,401.29,855.179
1782592200000,401.29,401.47,400.42,400.78,724.718
1782593100000,400.78,401.52,400.26,400.94,216.428
1782594000000,400.94,402.06,400.76,402.01,579.242
1782594900000,402.01,402.47,401.4,402.12,363.826
1782595800000,402.12,402.34,396.32,397.35,2269.221
1782596700000,397.35,398.72,397.17,398.59,777.798
1782597600000,398.59,398.94,396.83,397.1,1317.81
1782598500000,397.1,397.85,394.82,397.28,6467.304
1782599400000,397.28,399.16,396.59,396.66,1163.065
1782600300000,396.66,401.1,396.44,399.64,3942.237
1782601200000,399.64,400.75,396.94,397.28,2937.754
1782602100000,397.28,397.89,395.95,395.95,2674.935
1782603000000,395.95,396.84,395.61,395.97,974.21
1782603900000,395.97,396.9,395.05,395.98,696.265
1782604800000,395.98,397.74,395.06,396.93,610.015
1782605700000,396.93,400.41,396.86,400.17,2487.604
1782606600000,400.17,400.45,398.56,399.38,551.813
1782607500000,399.38,399.81,398.85,399.41,318.864
1782608400000,399.41,399.48,397.25,399.09,352.215
1782609300000,399.09,400.18,398.69,399.15,304.259
1782610200000,399.15,400,398.45,399.55,474.627
1782611100000,399.55,400,399.24,399.68,321.621
1782612000000,399.68,402.04,399.68,401.4,1965.209
1782612900000,401.4,401.51,398.02,398.83,713.143
1782613800000,398.83,399.18,397.82,398.53,173.493
1782614700000,398.53,398.94,398.13,398.61,159.315
1782615600000,398.61,400.84,398.61,400.14,391.194
1782616500000,400.14,400.14,398.13,399.05,993.014
1782617400000,399.05,399.53,397.14,397.54,1391.865
1782618300000,397.54,398.5,397.37,398.14,529.478
1782619200000,398.14,398.29,396.8,397.75,619.677
1782620100000,397.75,397.95,396.35,396.59,465.654
1782621000000,396.59,397.69,395.08,397.42,2198.889
1782621900000,397.42,397.7,396.49,396.49,319.215
1782622800000,396.49,396.54,393.38,394.07,1753.184
1782623700000,394.07,395.13,393.66,394.6,527.026
1782624600000,394.6,396.26,394.35,395.12,662.141
1782625500000,395.12,395.87,394.61,395.64,626.992
1782626400000,395.64,395.87,381.81,385.17,10578.355
1782627300000,385.17,387.38,384.51,387.22,3101.619
1782628200000,387.22,388.27,386.47,386.65,2506.476
1782629100000,386.65,387.84,386.22,386.97,1068.01
1782630000000,386.97,389.9,386.93,388.64,886.738
1782630900000,388.64,388.92,386.3,386.48,955.529
1782631800000,386.48,388.06,385.38,387.28,2220.319
1782632700000,387.28,388.56,385.68,385.84,2393.837
1782633600000,385.84,386.46,383.23,384.23,1269.5
1782634500000,384.23,385.52,383.64,384.58,719.03
1782635400000,384.58,390.44,384.4,390.03,4457.162
1782636300000,390.03,391.46,388.67,389.03,1416.321
1782637200000,389.03,391.71,388.35,390.21,775.992
1782638100000,390.21,390.38,389.48,389.99,386.361
1782639000000,389.99,390.2,388.96,389.52,273.163
1782639900000,389.52,390.04,386.2,386.42,2480.909
1782640800000,386.42,388.9,386.36,388.38,1916.969
1782641700000,388.38,388.85,385.35,385.51,2008.818
1782642600000,385.51,386.53,384.6,385.47,1266.515
1782643500000,385.47,386.22,383.67,384.84,1473.616
1782644400000,384.84,386.21,383.52,383.69,1213.286
1782645300000,383.69,387.63,383.55,386.71,2318.441
1782646200000,386.71,387.05,384.44,385.16,904.862
1782647100000,385.16,388.38,384.9,387.23,1229.88
1782648000000,387.23,387.94,385.84,386.12,895.504
1782648900000,386.12,387.05,384.14,386.92,2196.871
1782649800000,386.92,388.4,383.75,384.58,1158.977
1782650700000,384.58,387.04,384.58,386.9,442.338
1782651600000,386.9,387.11,383.26,385.11,2069.62
1782652500000,385.11,386.27,383.97,385.14,544.831
1782653400000,385.14,386.38,384.57,386.01,414.314
1782654300000,386.01,386.4,384.4,384.78,530.589
1782655200000,384.78,387.62,384.54,386.9,1122.824
1782656100000,386.9,390.94,386.59,390.01,2840.561
1782657000000,390.01,392.23,389.75,390.01,1421.311
1782657900000,390.01,390.26,387.78,387.86,957.654
1782658800000,387.86,391.12,385.61,390.6,4674.088
1782659700000,390.6,391.14,389.4,389.61,635.351
1782660600000,389.61,390.85,388.59,389.87,643.977
1782661500000,389.87,390.62,387.9,389.64,1183.886
1782662400000,389.64,390.39,388.72,388.92,723.387
1782663300000,388.92,390.46,387.68,389.1,1138.014
1782664200000,389.1,389.9,386.93,389.01,1363.49
1782665100000,389.01,390.29,388.37,389.09,317.055
1782666000000,389.09,391.44,387.7,388.49,1157.512
1782666900000,388.49,389.11,387.07,387.61,570.312
1782667800000,387.61,389.57,387.07,388.98,317.411
1782668700000,388.98,390.32,388.87,389.51,239.144
1782669600000,389.51,390.13,387.62,387.92,513.543
1782670500000,387.92,388.17,386.6,386.66,599.53
1782671400000,386.66,387.27,383.81,384.79,2983.255
1782672300000,384.79,386.52,383.9,386.05,594.137
1782673200000,386.05,386.24,384.85,385.3,462.507
1782674100000,385.3,385.48,383.72,385.44,552.088
1782675000000,385.44,386.2,379.38,381.42,3975.833
1782675900000,381.42,381.5,377.79,379.75,3467.763
1782676800000,379.75,382.97,379.32,382.6,1702.056
1782677700000,382.6,385.5,382.44,384.83,1205.399
1782678600000,384.83,384.83,383.36,383.61,841.667
1782679500000,383.61,383.8,381.11,381.64,1142.761
1782680400000,381.64,381.65,378.76,379.77,1414.685
1782681300000,379.77,379.78,375.5,378.84,2684.044
1782682200000,378.84,379.71,375.96,377.49,1765.885
1782683100000,377.49,378.87,370.3,373.96,8254.982
1782684000000,373.96,379.14,373.65,374.92,4260.161
1782684900000,374.92,375.33,371.06,373.62,1525.093
1782685800000,373.62,374.47,371.88,371.99,2675.54
1782686700000,371.99,372.32,368.15,371.42,3239.24
1782687600000,371.42,373.97,370.87,372.36,1289.309
1782688500000,372.36,375.12,371.31,374.63,1302.395
1782689400000,374.63,378.28,374.1,377.53,1908.622
1782690300000,377.53,378.58,376.15,376.4,1267.723
1782691200000,376.4,377.19,374.57,375.27,1290.95
1782692100000,375.27,375.61,371.93,372.3,1327.723
1782693000000,372.3,374.49,370.83,374.16,1446.687
1782693900000,374.16,377.95,371.67,376.68,1893.183
1782694800000,376.68,376.89,373.87,374.76,935.582
1782695700000,374.76,375.16,372.35,374,1252.487
1782696600000,374,376,369.14,375.72,8189.719
1782697500000,375.72,376.51,374.67,375.56,1924.948
1782698400000,375.56,375.82,371.12,372.3,1692.175
1782699300000,372.3,377.62,371.91,377.2,1900.118
1782700200000,377.2,381.49,376.55,381.29,3035.394
1782701100000,381.29,388.13,380.75,383.39,6623.269
1782702000000,383.39,386.26,383.28,384.14,3721.956
1782702900000,384.14,384.86,382.77,384.39,1173.42
1782703800000,384.39,385,380.8,380.99,1785.946
1782704700000,380.99,383.53,380.48,383.19,727.695
1782705600000,383.19,383.32,379.32,379.83,813.744
1782706500000,379.83,381.53,379.35,380.22,390.333
1782707400000,380.22,380.29,377.62,378.34,1049.659
1782708300000,378.34,379.25,377.28,377.49,1115.042
1782709200000,377.49,377.66,374.71,376.31,1623.382
1782710100000,376.31,378.22,376.21,376.92,391.77
1782711000000,376.92,380.51,376.68,379.92,988.14
1782711900000,379.92,382.42,379.63,382.39,1108.789
1782712800000,382.39,384.53,382.1,384.41,2019.861
1782713700000,384.41,385.9,383.83,383.93,2751.816
1782714600000,383.93,384.39,381.81,382.93,1840.5
1782715500000,382.93,383.62,382.38,383.22,375.973
1782716400000,383.22,383.34,381.45,383.34,400.885
1782717300000,383.34,385.42,383.34,384.48,1633.471
1782718200000,384.48,384.49,382.5,382.5,259.927
1782719100000,382.5,383.12,381.91,382.25,884.707
1782720000000,382.25,384.26,382.15,382.92,732.844
1782720900000,382.92,383.93,380.53,380.95,823.113
1782721800000,380.95,382.8,380.15,381.52,1352.897
1782722700000,381.52,382.31,381.07,381.07,234.931
1782723600000,381.07,382.56,380.52,382.5,1870.288
1782724500000,382.5,388.44,382.24,384.21,3913.292
1782725400000,384.21,385.2,383.64,384.65,1912.276
1782726300000,384.65,385.71,383.32,384.73,1703.041
1782727200000,384.73,386.63,384.5,385.8,2540.286
1782728100000,385.8,387.06,384.8,386.53,875.819
1782729000000,386.53,386.66,384.41,384.75,966.842
1782729900000,384.75,384.84,383.45,384.4,533.379
1782730800000,384.4,384.59,382.25,382.39,712.816
1782731700000,382.39,383.33,380.98,382.23,2790.374
1782732600000,382.23,385.84,381.98,382.85,1745.309
1782733500000,382.85,383.56,381.48,383.23,872.365
1782734400000,383.23,390.63,380.93,389.82,3904.489
1782735300000,389.82,390.59,387.5,390.38,1768.204
1782736200000,390.38,390.58,383.76,384.01,3621.263
1782737100000,384.01,386.07,382.29,383.63,2161.366
1782738000000,383.63,387.88,383.59,387.09,1390.5
1782738900000,387.09,387.32,382.09,382.46,2209.219
1782739800000,382.46,385.55,378.13,379.46,3799.069
1782740700000,379.46,384,378.07,383.99,2865.914
1782741600000,383.99,384.44,380.43,381.47,1237.171
1782742500000,381.47,383.91,379.7,383.04,1633.921
1782743400000,383.04,386.22,381.96,383.3,2678.636
1782744300000,383.3,388.22,382.77,388.01,1062.271
1782745200000,388.01,388.14,384.04,384.88,643.016
1782746100000,384.88,387.99,384.48,387.44,678.013
1782747000000,387.44,393.55,387.44,390.49,3959.182
1782747900000,390.49,390.87,388.86,389.37,3211.583
1782748800000,389.37,391.21,389.33,389.59,1255.986
1782749700000,389.59,390.78,386.24,386.5,1032.847
1782750600000,386.5,388.4,386.24,388.12,553.353
1782751500000,388.12,390.74,387.61,388.98,427.098
1782752400000,388.98,396.47,388.78,395.65,2298.252
1782753300000,395.65,403.38,395.65,400.42,8092.176
1782754200000,400.42,402.85,398.36,402.28,836.386
1782755100000,402.28,404.93,400.68,403.26,2152.721
1782756000000,403.26,407.78,402.47,406.05,2367.146
1782756900000,406.05,406.93,404.44,404.47,1260.846
1782757800000,404.47,406.27,403.51,404.64,1508.591
1782758700000,404.64,404.94,402.45,402.92,1233.286
1782759600000,402.92,403.01,401.34,401.98,741.789
1782760500000,401.98,409.46,401.74,408.96,3113.866
1782761400000,408.96,409.57,405.87,406.57,844.447
1782762300000,406.57,408.86,405.85,407.88,1413.423
1782763200000,407.88,408.94,406.05,407.64,947.075
1782764100000,407.64,408.2,406.68,406.83,409.495
1782765000000,406.83,408.01,405.69,407.36,519.794
1782765900000,407.36,407.98,405.94,406.27,518.761
1782766800000,406.27,408.12,404.2,407.2,1608.553
1782767700000,407.2,408.07,405.99,407.56,596.738
1782768600000,407.56,412.64,407.48,410.1,1279.436
1782769500000,410.1,411.58,408.95,411.34,1893.737
1782770400000,411.34,414.28,411.08,411.99,1996.853
1782771300000,411.99,413.37,409.48,410.1,2061.039
1782772200000,410.1,410.53,407.28,408.4,2658.724
1782773100000,408.4,409.39,407,407.4,1069.888
1782774000000,407.4,408.93,406.94,408.55,988.926
1782774900000,408.55,408.86,406.64,407.67,351.065
1782775800000,407.67,408.96,407.03,408.33,463.454
1782776700000,408.33,409.67,406.76,407.48,601.517
1782777600000,407.48,407.48,405.4,405.91,1455.067
1782778500000,405.91,406.71,403.69,404.45,1235.73
1782779400000,404.45,404.52,400.56,401.35,4036.435
1782780300000,401.35,402.78,400.58,401.13,1678.611
1782781200000,401.13,401.61,398.89,399.37,1066.084
1782782100000,399.37,402,399.21,401.75,664.903
1782783000000,401.75,402.64,396.31,397.5,1917.314
1782783900000,397.5,398.94,397.5,398.79,1489.457
1782784800000,398.79,398.83,396.14,396.51,912.218
1782785700000,396.51,399.42,395.45,399.09,2039.259
1782786600000,399.09,400.9,398.44,400.77,754.157
1782787500000,400.77,401.51,400.67,401.07,859.634
1782788400000,401.07,401.18,398.58,398.8,999.269
1782789300000,398.8,400.99,398.25,399.73,419.702
1782790200000,399.73,399.92,398.6,399.34,385.305
1782791100000,399.34,400.56,398.52,398.73,1015.357
1782792000000,398.73,399.81,397.3,399.59,1907.162
1782792900000,399.59,399.99,398.16,399.09,393.197
1782793800000,399.09,401,399.08,399.79,666.547
1782794700000,399.79,400.35,399.39,399.96,529.915
1782795600000,399.96,400.86,399.3,400.86,1490.749
1782796500000,400.86,400.97,398.27,399.09,409.859
1782797400000,399.09,400.65,398.43,400.55,2102.287
1782798300000,400.55,401.4,399.47,401.38,1149.95
1782799200000,401.38,401.88,399.53,400.14,407.029
1782800100000,400.14,400.6,399.05,400.35,260.345
1782801000000,400.35,400.58,399.48,399.55,522.338
1782801900000,399.55,399.55,398.42,399.11,484.376
1782802800000,399.11,400.38,398.37,399.68,853.893
1782803700000,399.68,400.07,398.55,398.56,238.266
1782804600000,398.56,399.33,398.48,398.79,161.547
1782805500000,398.79,400.3,398.52,399.58,277.488
1782806400000,399.58,400.71,398.81,398.88,831.632
1782807300000,398.88,399.95,398.54,399.29,240.535
1782808200000,399.29,399.48,397.06,397.8,977.317
1782809100000,397.8,397.8,394.14,396.67,2628.259
1782810000000,396.67,396.67,394.34,395.29,1309.579
1782810900000,395.29,395.45,391.46,392.58,2278.856
1782811800000,392.58,395.44,392.17,394.79,1647.994
1782812700000,394.79,395.03,393.1,394.03,741.006
1782813600000,394.03,394.3,392.27,393.04,1265.268
1782814500000,393.04,394.08,391.66,392.72,302.301
1782815400000,392.72,393.15,391.33,392.67,356.274
1782816300000,392.67,394.22,392.3,392.35,545.444
1782817200000,392.35,393.24,391.65,392.23,391.779
1782818100000,392.23,392.32,388.79,390.03,1808.578
1782819000000,390.03,391.9,389.3,391.78,970.66
1782819900000,391.78,393.14,390.62,391.72,537.974
1782820800000,391.72,391.72,389.91,390.43,720.04
1782821700000,390.43,392.83,390.05,390.79,2612.377
1782822600000,390.79,391.33,388.5,388.9,1137.609
1782823500000,388.9,391.81,388.8,388.98,2436.364
1782824400000,388.98,392.9,388.98,391.02,2055.261
1782825300000,391.02,392.44,390.35,390.85,756.869
1782826200000,390.85,396.42,390.85,394.63,7193.388
1782827100000,394.63,397.62,392.43,396.36,1539.859
1782828000000,396.36,399.89,395.78,399.02,2186.573
1782828900000,399.02,403.47,397.63,403.21,3219.655
1782829800000,403.21,404.18,398.94,401.72,4988.954
1782830700000,401.72,401.72,396.35,398.18,2166.737
1782831600000,398.18,400.48,395.51,399.75,2780.379
1782832500000,399.75,400.99,397.36,397.6,2580.039
1782833400000,397.6,399.36,396.04,398.54,1064.555
1782834300000,398.54,403.55,398.54,401.17,5329.821
1782835200000,401.17,403.2,399.01,399.13,1649.304
1782836100000,399.13,400.33,394.85,394.96,2414.161
1782837000000,394.96,397.45,394.18,396.79,1042.749
1782837900000,396.79,399.48,396.74,398.93,654.023
1782838800000,398.93,402.45,398.29,398.83,631.201
1782839700000,398.83,400.53,398.47,398.72,510.609
1782840600000,398.72,400.34,398.09,398.64,554.612
1782841500000,398.64,400.13,397.29,397.4,794.458
1782842400000,397.4,398.57,396.02,398.11,554.467
1782843300000,398.11,402.04,397.6,399.08,2899.814
1782844200000,399.08,399.46,397.41,399.09,469.919
1782845100000,399.09,400.89,398.73,400.47,489.72
1782846000000,400.47,402.19,400.21,400.65,2105.945
1782846900000,400.65,400.65,398.72,400.38,305.772
1782847800000,400.38,402.73,400.11,400.58,1192.341
1782848700000,400.58,401.26,399.39,399.6,1323.518
1782849600000,399.6,399.6,397.46,398.48,1957.331
1782850500000,398.48,398.88,396.23,397.66,1266.553
1782851400000,397.66,397.66,395.67,396.22,554.816
1782852300000,396.22,398.48,396.06,397.74,450.421
1782853200000,397.74,398.46,396.2,396.37,482.373
1782854100000,396.37,397.13,394.88,395.77,2079.923
1782855000000,395.77,397.25,395.65,395.9,556.436
1782855900000,395.9,395.94,394.26,394.96,1285.914
1782856800000,394.96,396.44,393.53,394.37,1264.401
1782857700000,394.37,395.13,393.6,393.78,451.408
1782858600000,393.78,393.78,391.75,393.04,928.309
1782859500000,393.04,393.42,391.72,392.21,812.045
1782860400000,392.21,393.82,391.8,393.74,355.097
1782861300000,393.74,400.33,393.69,398.79,2119.077
1782862200000,398.79,399.57,397.41,398.33,1174.759
1782863100000,398.33,400.25,398.07,399.3,555.836
1782864000000,399.3,400.04,398.62,399.41,413.178
1782864900000,399.41,399.98,395.2,396.18,1858.521
1782865800000,396.18,397.97,395.34,395.62,439.457
1782866700000,395.62,396.45,394.28,394.72,362.08
1782867600000,394.72,395.16,385.75,390.36,3570.985
1782868500000,390.36,393.87,389.11,393.63,1589.52
1782869400000,393.63,399.79,393.39,399.18,3283.12
1782870300000,399.18,399.96,395.8,396.16,783.448
1782871200000,396.16,398.14,394.83,397.99,478.999
1782872100000,397.99,402.02,397.4,400.56,1021.099
1782873000000,400.56,401.6,398.36,401.28,903.772
1782873900000,401.28,401.66,399.07,400.54,807.901
1782874800000,400.54,400.8,398.36,398.72,563.648
1782875700000,398.72,399.28,397.52,399.28,426.64
1782876600000,399.28,402.23,397.64,400.8,1445.577
1782877500000,400.8,402.97,400.4,401.68,1103.527
1782878400000,401.68,401.82,399.81,400.25,261.848
1782879300000,400.25,402.06,400.02,401.93,373.551
1782880200000,401.93,406.39,400.07,405.06,5004.748
1782881100000,405.06,410.69,404.85,409.4,3044.43
1782882000000,409.4,411.51,407.78,408.55,1892.637
1782882900000,408.55,410.09,406.44,406.89,903.498
1782883800000,406.89,407.05,405.36,406.32,732.578
1782884700000,406.32,406.51,404.65,405.41,422.819
1782885600000,405.41,405.46,403.27,403.63,832.423
1782886500000,403.63,403.77,401.32,402.68,1027.097
1782887400000,402.68,403.31,397.85,400.14,2857.986
1782888300000,400.14,400.21,395.81,399.16,2049.936
1782889200000,399.16,400.23,398.14,399.51,819.066
1782890100000,399.51,400.69,398.45,399.22,625.551
1782891000000,399.22,399.22,397.13,397.15,385.959
1782891900000,397.15,399.13,396.2,398.5,409.319
1782892800000,398.5,400.48,396.55,398.78,1425.811
1782893700000,398.78,398.97,396.31,396.94,649.38
1782894600000,396.94,400.08,396.58,399.62,734.001
1782895500000,399.62,402.5,397.77,402.22,930.491
1782896400000,402.22,403.02,400.63,401.05,996.063
1782897300000,401.05,402.27,401.05,401.77,323.406
1782898200000,401.77,403.74,400.81,401.75,1399.121
1782899100000,401.75,402.76,400.67,401.51,700.58
1782900000000,401.51,401.61,398.72,398.99,541.862
1782900900000,398.99,399.08,396.81,397.9,485.307
1782901800000,397.9,397.9,396.48,396.53,415.447
1782902700000,396.53,397.57,394.8,395.37,1015.359
1782903600000,395.37,396.47,394.99,396.15,422.623
1782904500000,396.15,396.68,395.71,396.44,571.092
1782905400000,396.44,397.03,393.54,394.09,588.71
1782906300000,394.09,394.47,393.21,394.11,386.766
1782907200000,394.11,395.42,393.01,393.67,581.797
1782908100000,393.67,395.52,393.67,394.84,314.091
1782909000000,394.84,396.76,394.28,396.31,684.413
1782909900000,396.31,396.99,394.98,396.87,429.928
1782910800000,396.87,399.91,396.77,398.95,783.623
1782911700000,398.95,405.1,398.71,404.01,1419.726
1782912600000,404.01,407.73,399.76,406.57,2864.92
1782913500000,406.57,410.37,405.34,409.26,2179.371
1782914400000,409.26,414.2,407,413.33,5951.101
1782915300000,413.33,416.31,411.54,412.66,6731.036
1782916200000,412.66,413.54,410.46,411.3,1330.253
1782917100000,411.3,414.82,409.96,413.44,1129.484
1782918000000,413.44,418.43,413.07,415.14,2344.016
1782918900000,415.14,417.95,412.73,414.59,1770.308
1782919800000,414.59,416.96,412.93,416.29,1668.252
1782920700000,416.29,416.59,414.44,414.96,737.684
1782921600000,414.96,416.73,414.59,414.78,739.486
1782922500000,414.78,416.38,413.29,415.1,2783.29
1782923400000,415.1,415.1,412.9,413.85,641.543
1782924300000,413.85,414.08,411.49,412.5,939.377
1782925200000,412.5,413.49,410.67,412.29,1088.939
1782926100000,412.29,416.91,412.29,415.66,3553.91
1782927000000,415.66,415.66,413.25,413.42,705.575
1782927900000,413.42,415.19,412.66,413,800.25
1782928800000,413,414.59,412.55,413.09,640.725
1782929700000,413.09,413.64,410.39,410.99,2760.625
1782930600000,410.99,411.31,409.12,411.09,1184.875
1782931500000,411.09,411.34,408.73,410.92,1207.488
1782932400000,410.92,412.95,410.87,412.45,298.606
1782933300000,412.45,412.7,409.93,410.41,484.164
1782934200000,410.41,412.2,410.41,410.99,407.594
1782935100000,410.99,412.22,410.09,410.72,458.62
1782936000000,410.72,411.49,410.12,410.58,346.434
1782936900000,410.58,410.79,409.31,410.27,551.544
1782937800000,410.27,411.92,410.21,410.93,368.462
1782938700000,410.93,411.54,410.29,411.16,467.059
1782939600000,411.16,415.95,410.61,415.58,3352.914
1782940500000,415.58,417.49,414.19,415.31,948.738
1782941400000,415.31,417.71,415.19,417.51,363.842
1782942300000,417.51,418.11,416.37,417.25,745.313
1782943200000,417.25,424.44,415.75,421.39,2863.222
1782944100000,421.39,424.48,419.86,420.46,2458.832
1782945000000,420.46,423.25,419.95,421.07,1821.738
1782945900000,421.07,422.87,420.47,421.47,499.318
1782946800000,421.47,421.47,418.3,418.31,1892.908
1782947700000,418.31,419.47,416.54,416.96,980.966
1782948600000,416.96,417.24,415.5,415.88,746.768
1782949500000,415.88,417.72,414.62,416.95,798.578
1782950400000,416.95,417.3,414.78,415.15,465.94
1782951300000,415.15,415.47,411.08,412.18,1649.731
1782952200000,412.18,413.23,410.61,411.08,950.406
1782953100000,411.08,412.78,410.87,411.73,391.516
1782954000000,411.73,413.4,411.38,413.26,375.404
1782954900000,413.26,415.33,412.55,415.28,478.099
1782955800000,415.28,416.47,414.6,415.1,787.236
1782956700000,415.1,415.85,413.04,414.57,251.468
1782957600000,414.57,415.61,413.76,414.03,340.065
1782958500000,414.03,417.38,414.03,417.38,288.198
1782959400000,417.38,421.14,416.74,420.94,960.279
1782960300000,420.94,421.71,419.73,421.32,985.752
1782961200000,421.32,421.32,418.39,419.63,864.7
1782962100000,419.63,421.98,417.89,420.55,808.374
1782963000000,420.55,422.61,419.2,421.23,404.627
1782963900000,421.23,427.72,421.06,425.87,2111.29
1782964800000,425.87,426.42,422.48,423.78,1386.858
1782965700000,423.78,424.08,421.85,422.32,409.451
1782966600000,422.32,422.37,420,421.72,696.728
1782967500000,421.72,422.61,420.23,420.8,327.44
1782968400000,420.8,423.25,420.12,422.66,482.619
1782969300000,422.66,424.46,421.57,421.74,402.427
1782970200000,421.74,422.08,418.92,419.37,1752.429
1782971100000,419.37,422.69,418.81,420.26,732.423
1782972000000,420.26,421.73,419.81,421.32,765.89
1782972900000,421.32,425.21,421.11,422.97,2660.287
1782973800000,422.97,425.13,422.42,422.54,660.723
1782974700000,422.54,422.64,419.48,420.68,3316.917
1782975600000,420.68,421.82,418.69,419.96,1017.605
1782976500000,419.96,421.11,418.72,418.75,678.915
1782977400000,418.75,421.75,418.3,421.56,841.28
1782978300000,421.56,424.36,421.56,423.17,942.487
1782979200000,423.17,423.67,421.85,422.55,599.404
1782980100000,422.55,423.35,421.27,421.45,655.143
1782981000000,421.45,423.67,421.01,423.26,580.872
1782981900000,423.26,424.21,422.72,423.13,462.356
1782982800000,423.13,423.17,418.89,419.16,637.943
1782983700000,419.16,421.57,418.24,421.29,721.116
1782984600000,421.29,424.5,421.04,423.87,2173.535
1782985500000,423.87,425.45,421.45,424.36,2709.277
1782986400000,424.36,424.81,423.01,424.32,1114.618
1782987300000,424.32,427.23,423.64,426.3,919.812
1782988200000,426.3,428.99,425.26,426.49,1779.214
1782989100000,426.49,429.76,425.01,429.55,1345.965
1782990000000,429.55,439.91,428.66,438.78,5436.158
1782990900000,438.78,443.16,435.44,442.11,3772.585
1782991800000,442.11,448.53,441.95,448.01,3184.735
1782992700000,448.01,456.58,446.05,449.56,4817.234
1782993600000,449.56,449.58,446.65,447.82,1813.624
1782994500000,447.82,448.14,444.86,447.12,1898.417
1782995400000,447.12,450.92,444.83,445.48,3218.221
1782996300000,445.48,450.28,445.48,448.47,777.277
1782997200000,448.47,453.62,447.12,450.52,1487.451
1782998100000,450.52,452.17,445.74,446.9,1846.955
1782999000000,446.9,449.47,445.16,448.7,2175.122
1782999900000,448.7,450.32,446.04,446.79,1371.521
1783000800000,446.79,449.05,445.5,446.75,937.706
1783001700000,446.75,447.6,439.34,441.55,4092.094
1783002600000,441.55,442.47,436.73,438.56,2895.441
1783003500000,438.56,439.46,436.13,437.7,1183.665
1783004400000,437.7,438.87,435.15,436.27,1117.044
1783005300000,436.27,438.62,434.83,437.24,2151.6
1783006200000,437.24,440.42,436.87,438.3,1784.537
1783007100000,438.3,439.07,435.72,437.63,746.79
1783008000000,437.63,439.2,436.51,438.18,385.541
1783008900000,438.18,438.22,435.52,435.96,815.018
1783009800000,435.96,436.43,433.26,436.26,1054.91
1783010700000,436.26,438.95,436.12,438.51,615.264
1783011600000,438.51,439.51,436.45,437.92,398.179
1783012500000,437.92,441.41,437.56,440.02,485.098
1783013400000,440.02,442.24,438.89,441.17,781.884
1783014300000,441.17,441.93,439.79,440.54,453.355
1783015200000,440.54,443.32,440.49,442.16,292.319
1783016100000,442.16,443.42,440.53,442.98,611.689
1783017000000,442.98,443.5,441.12,441.28,608.55
1783017900000,441.28,443.62,441.15,441.53,701.346
1783018800000,441.53,441.74,438.3,439.28,506.558
1783019700000,439.28,439.28,434.15,436.15,989.44
1783020600000,436.15,436.87,430.82,433.45,2207.28
1783021500000,433.45,434.53,432.29,432.77,934.496
1783022400000,432.77,434.02,432.18,433.94,633.369
1783023300000,433.94,434.49,431.24,431.24,1825.497
1783024200000,431.24,433.77,430.87,433.51,2208.653
1783025100000,433.51,434.34,432.27,432.98,1366.745
1783026000000,432.98,433.99,431.54,431.89,1264.44
1783026900000,431.89,432.64,431.65,431.94,156.33
1783027800000,431.94,433.39,428.71,431.3,1188.052
1783028700000,431.3,433.12,431.3,433.11,338.482
1783029600000,433.11,433.26,430.58,430.88,357.668
1783030500000,430.88,432.48,430.55,432.3,284.27
1783031400000,432.3,432.66,430.86,431.47,663.078
1783032300000,431.47,432.99,431.1,431.95,331.338
1783033200000,431.95,432.61,430.96,431.55,809.384
1783034100000,431.55,435.59,431.47,433.88,623.878
1783035000000,433.88,435.32,433.44,433.6,542.037
1783035900000,433.6,434.68,433.54,434.41,372.768
1783036800000,434.41,434.65,432.67,433.55,602.538
1783037700000,433.55,433.88,431.24,431.64,793.085
1783038600000,431.64,432.54,431.12,432.13,292.137
1783039500000,432.13,433.65,431.61,432.72,305.664
1783040400000,432.72,434.98,432.02,434.67,1107.832
1783041300000,434.67,434.74,432.76,433.47,433.804
1783042200000,433.47,437.47,433.02,435.02,766.088
1783043100000,435.02,436.05,434.54,435.88,294.573
1783044000000,435.88,436.09,433.39,433.42,539.682
1783044900000,433.42,435.16,432.08,432.17,341.531
1783045800000,432.17,432.61,429.39,430.24,635.99
1783046700000,430.24,431.75,428.23,431.22,1650.956
1783047600000,431.22,431.7,426.4,426.99,1682.859
1783048500000,426.99,427.67,426.27,426.92,435.426
1783049400000,426.92,428.83,426.13,426.22,735.011
1783050300000,426.22,427.84,426.22,427.04,527.954
1783051200000,427.04,427.79,425.09,427.74,1107.507
1783052100000,427.74,427.93,426.37,427.88,297.952
1783053000000,427.88,428.61,426.73,428.14,418.31
1783053900000,428.14,428.2,426.78,427.43,348.583
1783054800000,427.43,430.12,427.21,429.55,620.196
1783055700000,429.55,433,429.38,432.29,1021.539
1783056600000,432.29,433.61,431.48,431.95,1082.585
1783057500000,431.95,436.55,431.29,434.84,2998.29
1783058400000,434.84,440.53,434.8,435.26,2697.466
1783059300000,435.26,438.39,434.57,437.06,1072.12
1783060200000,437.06,437.35,435.14,435.18,891.583
1783061100000,435.18,436.35,434.6,435.62,2657.222
1783062000000,435.62,437.35,435.31,436.81,1029.406
1783062900000,436.81,438.19,436.31,436.53,579.114
1783063800000,436.53,440.28,435.95,439.41,1428.304
1783064700000,439.41,441.39,437.97,439.41,1761.934
1783065600000,439.41,443.72,439.41,441.09,2150.101
1783066500000,441.09,442.54,439.22,440.88,1343.467
1783067400000,440.88,450.82,439.88,450.5,4046.818
1783068300000,450.5,453.28,446.04,446.62,2819.449
1783069200000,446.62,447.55,444.46,446.05,910.49
1783070100000,446.05,447.45,443.63,445.2,624.859
1783071000000,445.2,447.28,444.11,446.94,1863.905
1783071900000,446.94,448.83,446.08,447.28,418.739
1783072800000,447.28,449.6,446.27,449.05,759.468
1783073700000,449.05,449.06,446.47,448.4,647.861
1783074600000,448.4,461.99,447.26,459.4,10548.965
1783075500000,459.4,462.48,456.61,460.35,6344.991
1783076400000,460.35,460.49,456.77,457.79,3247.139
1783077300000,457.79,460.16,456.07,459.01,3868.601
1783078200000,459.01,465,459.01,462.65,4430.674
1783079100000,462.65,464.66,462.34,463.68,1120.285
1783080000000,463.68,468.62,461.24,462.63,4461.07
1783080900000,462.63,462.63,454.59,456.24,4906.757
1783081800000,456.24,456.56,452.6,454.69,2485.247
1783082700000,454.69,457.14,454.54,456.76,610.8
1783083600000,456.76,461.59,456.76,461.12,1986.022
1783084500000,461.12,464.98,460.64,463.93,909.554
1783085400000,463.93,465,462.78,464.23,5838.546
1783086300000,464.23,465.8,462.51,463.25,3765.332
1783087200000,463.25,463.67,456.69,457.92,2103.823
1783088100000,457.92,459.64,457,458.01,1892.026
1783089000000,458.01,458.84,456.91,458.84,610.359
1783089900000,458.84,463.58,458.07,461.86,1227.865
1783090800000,461.86,468.36,461.86,466.7,1816.513
1783091700000,466.7,467.04,462.79,464.48,1528.121
1783092600000,464.48,466.66,463.04,463.11,1185.687
1783093500000,463.11,464.66,459.23,459.5,2333.554
1783094400000,459.5,460.46,458,458.33,1497.863
1783095300000,458.33,461.4,458.09,460.12,858.708
1783096200000,460.12,460.87,456.89,457.16,1024.995
1783097100000,457.16,457.75,453.86,456.67,2535.708
1783098000000,456.67,458.53,455.55,458.24,764.072
1783098900000,458.24,459.44,456.53,458.24,823.462
1783099800000,458.24,458.39,455.78,455.88,1015.039
1783100700000,455.88,456.89,454.1,455.03,755.357
1783101600000,455.03,455.9,453.67,455.71,613.944
1783102500000,455.71,457.77,455.05,457.28,908.885
1783103400000,457.28,462.77,457.11,460.4,2636.848
1783104300000,460.4,462.1,459.32,461.21,1155.064
1783105200000,461.21,462.14,459.5,459.71,429.981
1783106100000,459.71,463.4,459.71,460.95,1248.381
1783107000000,460.95,462.61,459.96,461.16,521.808
1783107900000,461.16,461.16,459.78,460.09,609.15
1783108800000,460.09,463.97,456.77,462.98,3287.633
1783109700000,462.98,465.89,461.59,463.5,2487.418
1783110600000,463.5,465.75,461.58,463.6,1910.786
1783111500000,463.6,465.18,463.09,464.76,774.242
1783112400000,464.76,466.21,463.7,465.38,1202.048
1783113300000,465.38,465.38,462.78,463.97,584.477
1783114200000,463.97,465.12,462.67,465.12,799.523
1783115100000,465.12,472,463.99,464.46,6548.912
1783116000000,464.46,465.49,460.15,460.34,2229.519
1783116900000,460.34,461.54,459.15,461.42,1277.046
1783117800000,461.42,462.6,460.49,462.6,305.774
1783118700000,462.6,464.26,462.6,463.92,614.315
1783119600000,463.92,464.27,460.72,460.8,1674.277
1783120500000,460.8,461.56,458.95,460.73,602.249
1783121400000,460.73,462.24,460.73,461.17,345.146
1783122300000,461.17,461.34,460.12,460.59,318.672
1783123200000,460.59,463.16,460.06,462.4,1417.316
1783124100000,462.4,464.09,461.07,462.8,967.793
1783125000000,462.8,463.48,461.39,461.71,289.5
1783125900000,461.71,463.92,461.71,463.44,268.15
1783126800000,463.44,463.44,457.14,458.67,950.887
1783127700000,458.67,460.53,458.05,459.23,932.944
1783128600000,459.23,460,453.75,459.19,9753.054
1783129500000,459.19,461.99,458.98,460.89,505.284
1783130400000,460.89,461.65,459.73,461.27,1790.717
1783131300000,461.27,461.27,459.41,459.47,475.887
1783132200000,459.47,459.48,457.04,458.5,873.127
1783133100000,458.5,460.08,457.77,458.79,867.29
1783134000000,458.79,460.08,457.93,459.68,1454.26
1783134900000,459.68,460.39,459.41,459.76,599.03
1783135800000,459.76,461.89,458.87,461.02,635.023
1783136700000,461.02,461.57,460.52,460.69,255.243
1783137600000,460.69,461.52,459.21,459.21,484.227
1783138500000,459.21,461.9,458.4,461.59,436.511
1783139400000,461.59,465.34,461.54,463.4,983.486
1783140300000,463.4,464.71,460.76,461.93,1246.345
1783141200000,461.93,462.16,460.06,461.05,456.691
1783142100000,461.05,461.11,458.84,459.93,696.888
1783143000000,459.93,463.57,459.63,463.26,1932.658
1783143900000,463.26,464.06,460.88,461.58,1550.038
1783144800000,461.58,464.73,461.18,461.82,578.837
1783145700000,461.82,462.88,459.36,459.68,1345.369
1783146600000,459.68,461.06,459.66,460.48,325.561
1783147500000,460.48,461.48,459.8,460.29,189.434
1783148400000,460.29,462.5,459.71,462.12,431.546
1783149300000,462.12,463.11,461.1,461.73,247.677
1783150200000,461.73,462.67,460.08,461.02,476.75
1783151100000,461.02,462.44,460.74,461.91,691.177
1783152000000,461.91,462.63,461.53,462.34,163.065
1783152900000,462.34,462.34,460.55,460.63,214.914
1783153800000,460.63,461.54,460,460.26,442.276
1783154700000,460.26,461.56,460.22,460.86,257.746
1783155600000,460.86,461.06,456.04,458.29,2764.972
1783156500000,458.29,458.37,456.67,457.47,382.142
1783157400000,457.47,457.5,455.41,456.87,801.395
1783158300000,456.87,458.5,456.87,457.7,665.514
1783159200000,457.7,458.28,456.41,457.47,485.532
1783160100000,457.47,459.25,456.8,458.9,506.558
1783161000000,458.9,460.21,458.73,459.2,646.855
1783161900000,459.2,462.5,458.96,461.59,631.526
1783162800000,461.59,461.71,459.34,460.52,946.93
1783163700000,460.52,461.48,459.41,460.88,388.332
1783164600000,460.88,463.41,460.88,461.84,685.628
1783165500000,461.84,462.19,460.96,461.32,432.142
1783166400000,461.32,463.04,461.32,461.83,360.703
1783167300000,461.83,463.99,461.83,463.28,1079.788
1783168200000,463.28,465.27,461.76,463.07,743.728
1783169100000,463.07,463.07,461.73,462.35,177.001
1783170000000,462.35,463.64,462.24,463.55,407.532
1783170900000,463.55,467.49,463.55,464.47,1861.276
1783171800000,464.47,464.47,461.78,462.96,687.211
1783172700000,462.96,463.06,461.39,462.23,423.04
1783173600000,462.23,463.76,461.91,463.13,450.286
1783174500000,463.13,466.13,463.13,464.07,651.97
1783175400000,464.07,465.23,463.58,464.65,459.495
1783176300000,464.65,465.91,464.14,465.71,511.391
1783177200000,465.71,475.99,465.47,469.44,5280.021
1783178100000,469.44,470.66,464.97,466.92,2408.689
1783179000000,466.92,467.39,464.97,465.69,1249.075
1783179900000,465.69,467.27,464.01,464.97,3288.841
1783180800000,464.97,465.47,463.05,463.5,2908.119
1783181700000,463.5,465.05,462.51,462.99,714.548
1783182600000,462.99,464.85,462.99,464.68,489.386
1783183500000,464.68,465.73,463.52,463.79,341.58
1783184400000,463.79,465.25,461.01,464.57,2219.684
1783185300000,464.57,466.04,464.39,465.69,255.992
1783186200000,465.69,468.6,465.69,467.35,687.542
1783187100000,467.35,469.63,466.81,468.75,930.515
1783188000000,468.75,469.03,466.86,468.94,525.252
1783188900000,468.94,469.19,465.47,466.57,1647.603
1783189800000,466.57,468.2,465.96,467.75,390.089
1783190700000,467.75,470.96,467.74,469.8,698.18
1783191600000,469.8,471.78,468.89,469.16,745.085
1783192500000,469.16,472.99,469.08,472.1,890.873
1783193400000,472.1,474.58,470.91,470.91,1488.199
1783194300000,470.91,470.91,467.52,467.76,515.467
1783195200000,467.76,469.52,467.73,468,490.679
1783196100000,468,468.72,465.08,465.26,1476.743
1783197000000,465.26,468.72,465.25,468.37,1094.599
1783197900000,468.37,469.52,466.59,466.84,867.882
1783198800000,466.84,470.6,466.62,469.82,383.825
1783199700000,469.82,472.88,469.82,471.27,1276.138
1783200600000,471.27,472.6,469.17,469.31,753.54
1783201500000,469.31,470.16,468.28,469.32,290.032
1783202400000,469.32,470.85,467.67,468.36,519.227
1783203300000,468.36,469.14,465.87,466.09,405.724
1783204200000,466.09,467.22,465.42,465.56,341.651
1783205100000,465.56,467.2,465.4,466.36,824.359
1783206000000,466.36,466.85,463.37,463.9,961.215
1783206900000,463.9,464.07,462,463.47,632.398
1783207800000,463.47,465.32,463.47,465.15,316.699
1783208700000,465.15,465.43,462.96,463.04,392.382
1783209600000,463.04,463.17,460.69,462.3,610.413
1783210500000,462.3,462.69,460.62,461.04,514.957
1783211400000,461.04,461.37,458.88,461.1,784.129
1783212300000,461.1,463.06,457.68,458.94,881.587
1783213200000,458.94,460.28,458.19,458.2,984.145
1783214100000,458.2,459.57,456.46,459.26,982.124
1783215000000,459.26,460.14,457.73,459.16,559.911
1783215900000,459.16,459.88,457.09,458.08,505.221
1783216800000,458.08,458.08,454.26,454.26,2420.458
1783217700000,454.26,455.79,452.84,455.45,1362.199
1783218600000,455.45,455.45,453.15,453.37,462.883
1783219500000,453.37,455.32,453.09,454.16,491.955
1783220400000,454.16,455.32,453.39,455.25,1051.24
1783221300000,455.25,455.43,451.13,451.68,1158.331
1783222200000,451.68,453.44,451.04,452.66,454.204
1783223100000,452.66,453.76,452.38,453.05,396.417
1783224000000,453.05,454.71,452.46,454.36,566.435
1783224900000,454.36,456.34,454.36,456.06,623.466
1783225800000,456.06,458.45,455.42,456.61,3825.749
1783226700000,456.61,456.68,455.07,456.04,473.627
1783227600000,456.04,456.04,453.95,454.14,343.42
1783228500000,454.14,455.27,454.14,454.81,324.899
1783229400000,454.81,455.57,453.44,453.64,518.998
1783230300000,453.64,456.43,453.63,455.68,264.27
1783231200000,455.68,455.87,454.68,455.81,191.312
1783232100000,455.81,456.34,454.52,455.33,343.857
1783233000000,455.33,456.5,455.07,456.5,339.528
1783233900000,456.5,457.14,456.13,456.81,608
1783234800000,456.81,457.34,455.49,455.72,730.23
1783235700000,455.72,456.71,454.9,456.37,444.027
1783236600000,456.37,457.12,455.96,456.49,392.329
1783237500000,456.49,459.3,456.26,458.87,1183.834
1783238400000,458.87,459.98,457.19,458.04,1044.205
1783239300000,458.04,458.04,457.06,457.69,216.054
1783240200000,457.69,458.85,457.69,458.43,314.572
1783241100000,458.43,459.34,457.35,458.02,481.231
1783242000000,458.02,458.02,455.47,456.07,1221.825
1783242900000,456.07,456.32,453.65,454.06,828.828
1783243800000,454.06,454.62,451.31,452.19,1410.228
1783244700000,452.19,453.6,451.74,452.89,1188.503
1783245600000,452.89,455.51,451.87,454.21,523.623
1783246500000,454.21,455.2,453.97,454.65,521.612
1783247400000,454.65,454.96,453.8,454.73,229.329
1783248300000,454.73,456.44,454.73,455.76,1351.658
1783249200000,455.76,456.31,454.89,456.1,541.779
1783250100000,456.1,456.14,454.23,454.24,466.889
1783251000000,454.24,457.43,454.03,456.82,730.149
1783251900000,456.82,457.21,455.91,456.65,317.71
1783252800000,456.65,456.86,455.22,455.29,345.24
1783253700000,455.29,464.12,455.29,462.94,1841.094
1783254600000,462.94,464.05,460.26,460.79,2057.35
1783255500000,460.79,462.61,460.51,461.98,291.723
1783256400000,461.98,464.26,461.51,462.49,596.519
1783257300000,462.49,463.26,460.64,461.78,615.285
1783258200000,461.78,463.36,460.81,463.34,683.724
1783259100000,463.34,464.55,462.63,463.78,502.908
1783260000000,463.78,464.22,461.15,461.26,820.888
1783260900000,461.26,461.87,460.11,461.13,773.809
1783261800000,461.13,462.65,460.16,462.19,715.422
1783262700000,462.19,464.62,462.04,464.49,1095.95
1783263600000,464.49,466.74,464.07,464.37,1885.787
1783264500000,464.37,464.37,462.23,462.23,863.346
1783265400000,462.23,463.47,461.25,461.73,523.436
1783266300000,461.73,463.54,461.24,462.55,1508.305
1783267200000,462.55,463.05,461.29,462.82,352.382
1783268100000,462.82,463.31,461.4,461.42,251.29
1783269000000,461.42,462.55,460.34,460.56,347.006
1783269900000,460.56,462.64,460.56,462.5,242.81
1783270800000,462.5,463.17,462.31,462.69,318.556
1783271700000,462.69,463.71,461.68,462.04,543.138
1783272600000,462.04,462.19,461.07,461.41,176.602
1783273500000,461.41,462.17,460.98,461.35,709.457
1783274400000,461.35,461.99,460.64,461.29,155.157
1783275300000,461.29,461.91,461.05,461.43,175.327
1783276200000,461.43,461.53,459.59,459.77,404.58
1783277100000,459.77,460.96,458.13,458.37,926.487
1783278000000,458.37,459.94,458.27,459.44,323.665
1783278900000,459.44,459.68,457.03,459.39,608.404
1783279800000,459.39,462.11,459.12,461.85,1613.869
1783280700000,461.85,462.45,460.51,461.62,1366.089
1783281600000,461.62,463.5,461.44,462.89,420.062
1783282500000,462.89,463.14,461.4,462.15,206.806
1783283400000,462.15,463.07,461.7,463,160.478
1783284300000,463,463.26,462.57,463.1,156.317
1783285200000,463.1,463.39,461.7,461.92,575.569
1783286100000,461.92,463.41,461.71,462.95,151.484
1783287000000,462.95,463.5,461.81,463.07,277.13
1783287900000,463.07,464.37,462.21,462.46,346.619
1783288800000,462.46,463.42,461.8,463.36,622.266
1783289700000,463.36,466.2,463.11,464.94,1635.601
1783290600000,464.94,466.3,462.68,463,751.956
1783291500000,463,463.46,461.91,463.09,332.219
1783292400000,463.09,465.8,462.71,465.77,1510.729
1783293300000,465.77,466.27,463.27,463.41,499.837
1783294200000,463.41,464.61,460.87,463.13,3167.311
1783295100000,463.13,463.28,461.85,461.97,272.237
1783296000000,461.97,463.54,460.6,463.47,695.985
1783296900000,463.47,464.64,458.99,459.68,1166.452
1783297800000,459.68,463.23,458.65,463.23,683.546
1783298700000,463.23,465,463.21,464.97,373.05
1783299600000,464.97,465.44,463.11,463.53,666.706
1783300500000,463.53,463.88,461.44,462.75,627.53
1783301400000,462.75,463.83,462.74,463.06,502.952
1783302300000,463.06,463.06,458.88,459.05,930.683
1783303200000,459.05,460.3,455.72,456.5,2784.395
1783304100000,456.5,459.43,456.25,456.98,410.939
1783305000000,456.98,458.08,455.35,456.37,546.146
1783305900000,456.37,457.99,456.34,457.34,327.634
1783306800000,457.34,458.25,455.63,456.55,1070
1783307700000,456.55,457.01,454.3,455.07,605.942
1783308600000,455.07,457.22,453.9,455.93,455.621
1783309500000,455.93,456.44,454.91,456.34,734.203
1783310400000,456.34,456.49,453.73,455.26,567.647
1783311300000,455.26,455.26,452.22,453.01,790.847
1783312200000,453.01,455.19,452.63,453.63,1703.524
1783313100000,453.63,455.81,453.63,454.82,553.76
1783314000000,454.82,455.29,453.18,454.38,493.934
1783314900000,454.38,454.61,452.56,453.06,461.103
1783315800000,453.06,456.49,452.7,455.21,548.222
1783316700000,455.21,455.82,454.85,455.07,452.449
1783317600000,455.07,456.39,453.54,456.05,879.821
1783318500000,456.05,456.66,455.05,455.93,310.438
1783319400000,455.93,456.2,454.29,456.1,682.505
1783320300000,456.1,456.74,455.82,456.37,338.203
1783321200000,456.37,456.55,455.06,455.96,504.987
1783322100000,455.96,457.15,455.22,456.48,443.013
1783323000000,456.48,457.37,455.64,456.94,285.9
1783323900000,456.94,457.29,455.83,455.92,272.986
1783324800000,455.92,456.94,454.81,455.46,1373.776
1783325700000,455.46,455.48,453.28,454.42,855.606
1783326600000,454.42,454.64,446.24,448.38,5291.051
1783327500000,448.38,449.38,446.77,447.57,1770.366
1783328400000,447.57,448.63,446.52,446.87,1154.729
1783329300000,446.87,448.06,446.65,447.1,670.331
1783330200000,447.1,447.1,441.93,444.47,2968.645
1783331100000,444.47,445.01,443.28,444.81,978.144
1783332000000,444.81,446.61,444.29,446.4,1063.73
1783332900000,446.4,446.65,443.8,445.86,1574.792
1783333800000,445.86,446.61,445.15,446.46,623.195
1783334700000,446.46,447.54,445.31,445.85,2035.357
1783335600000,445.85,446.14,445.03,445.59,407.549
1783336500000,445.59,446.51,445.06,445.06,279.607
1783337400000,445.06,447.48,444.83,445.83,388.54
1783338300000,445.83,446.36,442.44,442.54,944.2
1783339200000,442.54,445.16,437.54,443.5,6338.135
1783340100000,443.5,445.59,443.34,445.14,1010.986
1783341000000,445.14,445.86,443,443.6,487.847
1783341900000,443.6,446.9,443.28,444.54,2133.243
1783342800000,444.54,444.76,441.38,442.46,1543.093
1783343700000,442.46,444.47,440.28,441.11,1924.592
1783344600000,441.11,444.31,440.74,444.07,959.529
1783345500000,444.07,447,443.25,444.54,1133.615
1783346400000,444.54,446,443.99,445.78,951.036
1783347300000,445.78,450.27,444.7,447.84,1989.855
1783348200000,447.84,451.34,447.25,447.25,2971.324
1783349100000,447.25,447.37,445.42,446.19,594.284
1783350000000,446.19,449.11,445.98,447.86,1612.228
1783350900000,447.86,447.92,446.57,447.58,541.707
1783351800000,447.58,450.73,445.65,450.09,719.534
1783352700000,450.09,453.8,448.51,452.1,2189.792
1783353600000,452.1,454.61,451.15,452.79,1163.374
1783354500000,452.79,454.16,451.09,451.63,1181.747
1783355400000,451.63,452.71,448.66,452.7,1431.14
1783356300000,452.7,453.23,449.43,450.38,384.123
1783357200000,450.38,450.38,447.58,449.28,733.893
1783358100000,449.28,450.6,448.52,449.54,480.857
1783359000000,449.54,449.73,446.15,446.67,434.445
1783359900000,446.67,448.05,446.19,446.79,189.734
1783360800000,446.79,447.98,446.42,447.34,188.765
1783361700000,447.34,448.69,447.04,447.8,282.854
1783362600000,447.8,449.8,447.24,449.28,187.215
1783363500000,449.28,449.66,448.5,449.09,158.658
1783364400000,449.09,450.46,448.76,450.37,125.443
1783365300000,450.37,451,449.52,450.59,280.564
1783366200000,450.59,450.59,449.72,449.82,284.493
1783367100000,449.82,451.2,449.76,450.22,280.809
1783368000000,450.22,450.36,448.1,449.8,410.285
1783368900000,449.8,450.88,449.42,450.38,107.75
1783369800000,450.38,454.48,450.38,453.6,1022.719
1783370700000,453.6,453.6,452.01,452.2,231.918
1783371600000,452.2,459.81,451.7,458.36,2960.526
1783372500000,458.36,459.69,455.6,455.6,598.843
1783373400000,455.6,456.94,453.25,454.96,659.707
1783374300000,454.96,456.49,454.31,456.49,263.138
1783375200000,456.49,456.95,454.74,455.29,702.446
1783376100000,455.29,456.68,454.95,455,334.004
1783377000000,455,455.01,453.44,453.96,748.971
1783377900000,453.96,454.54,452.97,454.23,222.51
1783378800000,454.23,456.14,453.94,456.01,283.452
1783379700000,456.01,456.22,454.6,455.9,510.788
1783380600000,455.9,457.8,455.19,456.27,682.493
1783381500000,456.27,456.27,451.62,452.65,1122.555
1783382400000,452.65,453.02,451.64,452.07,324.344
1783383300000,452.07,455.28,451.72,455.13,228.246
1783384200000,455.13,455.55,452.97,453.51,325.565
1783385100000,453.51,455.9,453.2,455.58,284.609
1783386000000,455.58,455.64,451.74,454.79,538.185
1783386900000,454.79,455.48,453.67,454.25,164.836
1783387800000,454.25,455.23,453.14,455.23,481.951
1783388700000,455.23,456.71,453.36,453.79,1191.027
1783389600000,453.79,454.16,453.29,453.42,329.354
1783390500000,453.42,454.56,451.04,451.71,1048.929
1783391400000,451.71,451.98,448.63,450.01,1322.478
1783392300000,450.01,450.19,446.52,447.28,1446.534
1783393200000,447.28,448.79,446.35,447.79,682.244
1783394100000,447.79,448.64,446.1,446.4,274.647
1783395000000,446.4,448.07,446.4,448.02,236.109
1783395900000,448.02,448.88,447.38,448.72,268.28
1783396800000,448.72,449.48,447.29,447.36,475.482
1783397700000,447.36,448.02,446.67,447.65,445.203
1783398600000,447.65,447.66,445.43,445.43,505.451
1783399500000,445.43,447.11,443.5,446.93,1178.996
1783400400000,446.93,446.93,443.97,444.08,184.403
1783401300000,444.08,445.49,443.76,444.72,428.22
1783402200000,444.72,448.76,444.72,447.67,433.063
1783403100000,447.67,449.04,447.17,447.34,283.908
1783404000000,447.34,448.74,446.14,446.61,263.677
1783404900000,446.61,449.17,446.61,448.66,250.176
1783405800000,448.66,451.22,448.37,450.68,1299.357
1783406700000,450.68,452.28,450.47,451.32,585.892
1783407600000,451.32,454.32,451.18,454.19,617.889
1783408500000,454.19,454.65,453.36,453.75,609.625
1783409400000,453.75,453.93,452.37,453.28,681.043
1783410300000,453.28,456.64,452.97,454.64,602.837
1783411200000,454.64,456.02,452.58,452.76,526.2
1783412100000,452.76,453.79,452.29,452.43,327.047
1783413000000,452.43,452.53,451.14,451.71,400.493
1783413900000,451.71,452.22,450.42,451.22,594.953
1783414800000,451.22,453.5,450.38,453.37,519.842
1783415700000,453.37,455.81,453.28,453.96,509.142
1783416600000,453.96,455.37,453.53,455.26,161.724
1783417500000,455.26,457.3,453.59,456.9,1499.669
1783418400000,456.9,458.65,455.58,455.82,1410.501
1783419300000,455.82,457,454.16,454.16,286.671
1783420200000,454.16,454.69,453.36,454.1,252.993
1783421100000,454.1,455.04,453.63,454.17,329.022
1783422000000,454.17,454.18,451.82,453.77,1041.556
1783422900000,453.77,455.5,453.47,455.05,426.15
1783423800000,455.05,456.47,454.35,455.72,573.057
1783424700000,455.72,458.8,455.72,458.72,1031.941
1783425600000,458.72,463.57,456.84,460.35,3515.018
1783426500000,460.35,463.14,458.85,462.84,1770.671
1783427400000,462.84,464.29,460.54,462.04,1896.341
1783428300000,462.04,462.29,459.38,459.71,1040.877
1783429200000,459.71,460.6,457,457.53,910.857
1783430100000,457.53,458.28,456.33,457.84,949.61
1783431000000,457.84,459.32,454.13,457.56,2110.96
1783431900000,457.56,460.99,457,458,1447.425
1783432800000,458,462.19,456.64,459.47,1509.524
1783433700000,459.47,462.67,458.29,462.56,1042.257
1783434600000,462.56,463.72,458.63,461.09,1698.297
1783435500000,461.09,471.91,461.09,469.92,4062.966
1783436400000,469.92,470.58,466.44,470.15,1973.552
1783437300000,470.15,472.67,467.52,468.96,1377.289
1783438200000,468.96,487.84,468.7,486.23,13192.888
1783439100000,486.23,496.01,486.23,494.19,7276.652
1783440000000,494.19,505.84,493.89,499.53,5900.994
1783440900000,499.53,511.55,499.27,510.11,6325.376
1783441800000,510.11,511.34,502.08,510.44,4243.393
1783442700000,510.44,510.44,505,505.43,2288.076
1783443600000,505.43,509.64,505.02,505.91,2487.765
1783444500000,505.91,507.44,500.43,503.7,2241.421
1783445400000,503.7,506.48,502.75,505.61,2922.624
1783446300000,505.61,505.73,502.83,504.47,961.593
1783447200000,504.47,504.48,499.01,499.61,2822.944
1783448100000,499.61,502.56,498.39,498.67,1527.576
1783449000000,498.67,502.81,498.45,502.69,1316.867
1783449900000,502.69,503.19,493.73,495.11,4151.164
1783450800000,495.11,495.11,487.71,489.66,3608.732
1783451700000,489.66,492.24,486.97,491.13,1584.679
1783452600000,491.13,498.86,490.68,498.29,3438.389
1783453500000,498.29,500.7,495.34,495.77,1843.759
1783454400000,495.77,497.14,484.51,490.62,10771.74
1783455300000,490.62,491.97,488.24,491.43,2765.21
1783456200000,491.43,491.96,487.98,488.43,681.446
1783457100000,488.43,490.15,488.03,489.1,352.632
1783458000000,489.1,490.88,487.43,487.68,547.503
1783458900000,487.68,487.68,481.9,485.25,2552.207
1783459800000,485.25,487.7,482.89,484.99,537.34
1783460700000,484.99,485.83,483.54,484.75,486.551
1783461600000,484.75,484.75,480.27,480.68,1131.504
1783462500000,480.68,480.79,476.42,477.16,2418.639
1783463400000,477.16,484.49,476.74,483.22,1818.867
1783464300000,483.22,486.56,481.52,485.13,2001.145
1783465200000,485.13,489.25,484.91,487.47,1154.148
1783466100000,487.47,489.77,485.19,487.04,443.289
1783467000000,487.04,487.6,483.53,483.85,625.965
1783467900000,483.85,485.31,482.33,483.36,1374.295
1783468800000,483.36,485.26,483.11,484.83,1459.442
1783469700000,484.83,485.57,481.66,484.7,1908.587
1783470600000,484.7,488.81,484.15,487.98,811.543
1783471500000,487.98,490.64,487.05,487.07,2298.177
1783472400000,487.07,487.52,484.89,485.88,420.844
1783473300000,485.88,485.88,481.95,482.11,569.751
1783474200000,482.11,482.94,475.99,479.03,4744.632
1783475100000,479.03,480.58,477.15,477.89,480.904
1783476000000,477.89,479.7,475.45,477.86,1350.986
1783476900000,477.86,480.73,477.69,478.84,879.968
1783477800000,478.84,483.18,475.8,482.59,1303.539
1783478700000,482.59,484.71,481.56,481.9,784.685
1783479600000,481.9,487.2,481.9,486.83,905.534
1783480500000,486.83,486.95,484.05,485.59,753.037
1783481400000,485.59,485.61,480.98,481.51,1399.982
1783482300000,481.51,482,479.04,479.41,1419.637
1783483200000,479.41,481.05,478.24,480.69,1305.573
1783484100000,480.69,482.1,479.78,481.63,445.593
1783485000000,481.63,482.19,478.93,479.59,755.736
1783485900000,479.59,482.59,479.02,482.43,854.173
1783486800000,482.43,483.79,481.31,481.44,1624.41
1783487700000,481.44,485.08,481.09,483.27,384.391
1783488600000,483.27,484.96,482.35,482.55,1086.537
1783489500000,482.55,482.63,480.63,481.7,722.997
1783490400000,481.7,482.86,478.75,479.3,629.984
1783491300000,479.3,479.62,477.61,478.37,1002.805
1783492200000,478.37,478.39,472.34,474.26,3176.245
1783493100000,474.26,478.97,473.36,476.5,1716.918
1783494000000,476.5,476.71,473.47,476.44,777.366
1783494900000,476.44,478.01,474.39,476.64,2517.736
1783495800000,476.64,478.07,476.07,477.87,658.149
1783496700000,477.87,478.03,475.66,476,302.927
1783497600000,476,478.5,475.6,477.65,555.658
1783498500000,477.65,477.96,468.59,469.56,4304.544
1783499400000,469.56,471.44,466.12,471.16,3589.264
1783500300000,471.16,474.59,469.79,471.06,2431.581
1783501200000,471.06,472.6,467.68,467.82,1639.621
1783502100000,467.82,469.25,462.55,463.36,3672.447
1783503000000,463.36,465.13,462.74,464.08,1427.416
1783503900000,464.08,464.96,462.44,463.61,771.523
1783504800000,463.61,464.76,461.05,462.63,1381.247
1783505700000,462.63,464.07,462.2,463.99,496.152
1783506600000,463.99,467.49,463.03,466.87,2046.293
1783507500000,466.87,467.42,465.17,466.78,506.299
1783508400000,466.78,467.45,463.68,464.16,1013.059
1783509300000,464.16,464.35,463.17,464.32,213.249
1783510200000,464.32,468.47,463.89,467.03,1014.703
1783511100000,467.03,468.13,465.63,466.02,630.513
1783512000000,466.02,466.37,464.48,465.84,641.549
1783512900000,465.84,466.72,465.53,466.21,318.259
1783513800000,466.21,466.5,463.5,463.74,823.005
1783514700000,463.74,464.27,461.75,461.83,1821.841
1783515600000,461.83,463.75,460.26,463.45,1477.247
1783516500000,463.45,463.5,457.22,458.88,1513.077
1783517400000,458.88,466.04,458.86,463.84,2220.565
1783518300000,463.84,464.48,461.65,463.78,803.254
1783519200000,463.78,465.24,461.66,463.31,1482.818
1783520100000,463.31,465.71,460.24,461.37,1774.236
1783521000000,461.37,462.36,457.27,458.08,1566.667
1783521900000,458.08,461.34,456.53,459.62,1836.635
1783522800000,459.62,459.97,455,456.55,1278.962
1783523700000,456.55,458.32,453.64,453.87,2120.548
1783524600000,453.87,456.15,452.58,455.38,3206.309
1783525500000,455.38,455.39,451.42,453.92,1209.372
1783526400000,453.92,457.24,453.7,456.04,1148.611
1783527300000,456.04,458.2,455.2,456.67,969.163
1783528200000,456.67,460.91,455.36,460.35,1706.211
1783529100000,460.35,461.66,459.34,460.71,643.94
1783530000000,460.71,462.78,459.83,460.92,741.246
1783530900000,460.92,465.19,460.55,465.19,1408.657
1783531800000,465.19,468.01,465.09,466.41,1593.486
1783532700000,466.41,466.86,463.16,464.07,787.625
1783533600000,464.07,467.9,463.47,466.14,729.346
1783534500000,466.14,467.23,465,465.22,5473.069
1783535400000,465.22,467.19,462.16,464.53,3820.957
1783536300000,464.53,469,464.45,467.67,1643.009
1783537200000,467.67,468.92,465.52,467.22,772.436
1783538100000,467.22,468.88,465.88,468.24,623.727
1783539000000,468.24,468.44,466.65,466.98,414.149
1783539900000,466.98,467.21,465.08,466.39,400.156
1783540800000,466.39,466.68,464.27,464.96,420.78
1783541700000,464.96,467.14,463.48,466.61,575.999
1783542600000,466.61,466.97,463.62,463.74,395.299
1783543500000,463.74,465.56,462.78,463.64,1431.58
1783544400000,463.64,463.91,458.97,459.32,687.167
1783545300000,459.32,461.44,458.96,461.36,430.279
1783546200000,461.36,464.2,461.36,463.8,442.633
1783547100000,463.8,465.3,463.8,464.4,867.966
1783548000000,464.4,465.55,463.04,463.25,901.103
1783548900000,463.25,464.55,461.79,463.99,587.737
1783549800000,463.99,464.74,462.97,464.24,345.36
1783550700000,464.24,464.69,463.41,464.07,163.92
1783551600000,464.07,466.67,463.25,466,647.69
1783552500000,466,466,464.28,465,649.305
1783553400000,465,465.24,463.62,464.76,347.422
1783554300000,464.76,465.92,463.87,465.75,297.44
1783555200000,465.75,466.59,464.29,464.72,955.907
1783556100000,464.72,464.72,462.98,463.33,493.456
1783557000000,463.33,465.34,463.06,464.06,210.621
1783557900000,464.06,465.03,462.44,463.81,142.148
1783558800000,463.81,469.3,463.39,467.71,6062.327
1783559700000,467.71,469.69,467.01,468.08,734.408
1783560600000,468.08,468.37,461.05,461.94,2982.635
1783561500000,461.94,462.26,458.4,458.82,502.731
1783562400000,458.82,461.76,457.36,461.63,685.727
1783563300000,461.63,462.65,460.66,461.64,339.367
1783564200000,461.64,461.92,458.48,458.48,374.236
1783565100000,458.48,459.69,456.05,457,2636.811
1783566000000,457,457.49,455.5,456.81,368.139
1783566900000,456.81,458.41,454.84,456.06,1281.41
1783567800000,456.06,458.86,456.04,458.19,228.726
1783568700000,458.19,458.75,456.01,457.51,943.03
1783569600000,457.51,458.44,456.99,457.05,298.808
1783570500000,457.05,458.8,456.87,457.99,217.245
1783571400000,457.99,461.57,457.77,459.76,2087.007
1783572300000,459.76,461.92,459.35,461.61,744.573
1783573200000,461.61,463.65,460.44,462.19,2647.746
1783574100000,462.19,462.29,456.92,457.44,645.195
1783575000000,457.44,460.07,456.3,459.73,628.233
1783575900000,459.73,464.73,459.61,464.56,1205.757
1783576800000,464.56,467.87,463.62,465.02,1971.14
1783577700000,465.02,467.93,464.25,466.72,632.255
1783578600000,466.72,468.55,465.69,466.5,1163.888
1783579500000,466.5,467.18,465.32,466.3,250.305
1783580400000,466.3,468.67,465.87,467.4,756.062
1783581300000,467.4,469,466.5,468.42,1198.267
1783582200000,468.42,468.54,465.98,468.32,965.845
1783583100000,468.32,473.42,467.32,467.5,5595.465
1783584000000,467.5,468.38,466.44,467.79,730.642
1783584900000,467.79,470.79,466.25,469.96,1761.913
1783585800000,469.96,470.77,468.29,469.63,1066.993
1783586700000,469.63,469.93,466.45,466.86,2083.817
1783587600000,466.86,468.28,466.48,467.03,281.461
1783588500000,467.03,467.92,465.54,467.4,296.194
1783589400000,467.4,467.99,464.41,465.06,476.965
1783590300000,465.06,466.87,464.18,466.42,504.553
1783591200000,466.42,470.69,466.23,468.75,1108.922
1783592100000,468.75,469.93,468.57,469.07,318.537
1783593000000,469.07,469.87,468.06,468.74,745.19
1783593900000,468.74,468.74,465.5,466.65,995.566
1783594800000,466.65,467.66,465,466.78,683.825
1783595700000,466.78,466.84,465.13,465.25,402.554
1783596600000,465.25,466.77,464.67,466.44,314.952
1783597500000,466.44,468.18,465.55,467.35,665.67
1783598400000,467.35,468.04,464.88,464.88,754.805
1783599300000,464.88,466.66,463.53,465.43,2095.721
1783600200000,465.43,468.24,464.55,465.1,1252.618
1783601100000,465.1,466.3,462.7,463.94,733.225
1783602000000,463.94,468.85,463.89,468.18,798.38
1783602900000,468.18,468.53,466.47,467.17,848.864
1783603800000,467.17,470.86,466.1,470.63,1078.997
1783604700000,470.63,471.96,467.72,468.09,1908.754
1783605600000,468.09,468.47,464.38,465,1416.914
1783606500000,465,465,461.08,463.74,1334.285
1783607400000,463.74,465.97,462.83,465.05,912.821
1783608300000,465.05,467.13,463.82,466.21,907.668
1783609200000,466.21,467.79,464.13,467.18,678.427
1783610100000,467.18,469.69,466.6,467.86,781.662
1783611000000,467.86,469.03,466.75,466.95,888.807
1783611900000,466.95,468.82,465.7,465.78,441.719
1783612800000,465.78,468.22,465.78,466.65,357.451
1783613700000,466.65,467.99,463.79,465.22,1754.168
1783614600000,465.22,467.29,464.6,466.56,367.166
1783615500000,466.56,468.11,465.2,467.84,267.007
1783616400000,467.84,470.39,467.84,469.62,846.07
1783617300000,469.62,471.48,468.64,470.82,819.075
1783618200000,470.82,471.98,468.67,471.75,420.973
1783619100000,471.75,475.37,470.8,474.83,2684.396
1783620000000,474.83,487.72,472.96,486.87,5520.829
1783620900000,486.87,494.87,485.23,490.66,5207.778
1783621800000,490.66,493.71,488.8,492.58,3148.574
1783622700000,492.58,496.26,491.43,495.64,2028.853
1783623600000,495.64,496.18,488.63,488.63,2351.309
1783624500000,488.63,492.6,486.94,491.29,1053.198
1783625400000,491.29,491.91,488.68,490.03,1414.903
1783626300000,490.03,490.99,484.23,485.04,3372.736
1783627200000,485.04,486.32,482.86,485.23,1031.273
1783628100000,485.23,486.48,484.14,485.64,1247.863
1783629000000,485.64,489.77,484.79,489.57,2321.784
1783629900000,489.57,490.17,486.06,486.85,921.366
1783630800000,486.85,489.94,486.63,487.55,949.058
1783631700000,487.55,488.57,484.17,485.13,1213.408
1783632600000,485.13,488.35,483.54,487.3,489.754
1783633500000,487.3,488.72,484.81,488.66,400.42
1783634400000,488.66,489.41,485.76,485.8,1316.619
1783635300000,485.8,486.54,484.25,484.95,882.761
1783636200000,484.95,485.91,484.22,484.92,545.698
1783637100000,484.92,485.76,480.99,481.44,901.585
1783638000000,481.44,482.55,480.95,481.14,600.245
1783638900000,481.14,481.46,478,480.63,1377.06
1783639800000,480.63,481.64,479.16,481.56,1823.123
1783640700000,481.56,482.07,480.95,481.18,369.712
1783641600000,481.18,481.78,479.1,481.37,830.511
1783642500000,481.37,483.32,477.51,478.72,802.94
1783643400000,478.72,481.05,477,479.49,807.138
1783644300000,479.49,480.78,478.85,480.28,399.92
1783645200000,480.28,481.2,478.47,480.9,600.035
1783646100000,480.9,488.42,480.37,487.78,1275.943
1783647000000,487.78,488.29,484.63,485.48,1642.588
1783647900000,485.48,493.22,475,484.38,18410.381
1783648800000,484.38,487.45,483.84,487.26,2092.549
1783649700000,487.26,491.81,486.59,490.48,3263.134
1783650600000,490.48,491.72,489.21,490.27,796.578
1783651500000,490.27,493.76,489.66,491.52,4746.321
1783652400000,491.52,491.63,489.02,491.07,738.949
1783653300000,491.07,491.18,489.56,489.74,626.721
1783654200000,489.74,494.08,489.56,492.9,473.94
1783655100000,492.9,493.49,490.6,490.85,811.02
1783656000000,490.85,491.84,489.18,490.36,825.067
1783656900000,490.36,490.58,488.35,488.63,1664.992
1783657800000,488.63,490.65,488.35,489.72,640.638
1783658700000,489.72,492.17,489.72,491.59,625.775
1783659600000,491.59,491.61,489.66,490.07,694.083
1783660500000,490.07,493.14,489.51,491.43,2042.938
1783661400000,491.43,496,490.24,495.58,3091.485
1783662300000,495.58,499.75,494.11,497.21,2186.383
1783663200000,497.21,513.11,493.52,501.59,40610.638
1783664100000,501.59,502.86,495.31,496.98,3118.261
1783665000000,496.98,498.61,495.76,497.68,1285.478
1783665900000,497.68,503.24,497.68,499.58,2352.498
1783666800000,499.58,503.2,498.77,503.11,2355.291
1783667700000,503.11,504.78,500.32,500.87,3247.243
1783668600000,500.87,502.35,499.51,501.97,1499.443
1783669500000,501.97,501.97,499.22,499.95,1001.059
1783670400000,499.95,502.04,497.86,500.66,1168.69
1783671300000,500.66,503.75,500.19,500.32,2065.281
1783672200000,500.32,501.51,499.07,501.51,1020.254
1783673100000,501.51,502.42,500.07,500.5,357.79
1783674000000,500.5,501.6,498.07,499.92,1198.137
1783674900000,499.92,503.13,499.92,502.9,700.208
1783675800000,502.9,509.41,502.47,504.5,2569.643
1783676700000,504.5,504.5,501.76,501.96,1303.208
1783677600000,501.96,502.59,499.5,501.07,734.609
1783678500000,501.07,504.75,501.07,504.39,1889.29
1783679400000,504.39,504.39,501.24,502.28,701.092
1783680300000,502.28,502.39,500.28,500.35,600.435
1783681200000,500.35,502.07,499.03,501.78,1291.664
1783682100000,501.78,502.17,499.95,500.81,1051.706
1783683000000,500.81,501.58,498.1,498.72,2703.735
1783683900000,498.72,500.52,498.72,500.08,1350.449
1783684800000,500.08,505.44,498.53,503.46,2826.959
1783685700000,503.46,505.26,502.57,504.19,642.072
1783686600000,504.19,504.43,502.05,502.5,817.547
1783687500000,502.5,503.89,500.43,501.1,596.556
1783688400000,501.1,503.66,500.94,503.53,988.242
1783689300000,503.53,504.67,502.67,503.09,899.301
1783690200000,503.09,515.97,502.19,508.86,6651.833
1783691100000,508.86,510.96,506.48,506.51,1821.836
1783692000000,506.51,506.74,503.13,503.88,1749.631
1783692900000,503.88,507.88,500.56,506.58,1866.787
1783693800000,506.58,508.39,501.39,505.63,1678.179
1783694700000,505.63,505.83,501.71,503.78,1258.145
1783695600000,503.78,507.09,502.87,506.23,891.787
1783696500000,506.23,508.16,504.92,505.19,974.966
1783697400000,505.19,505.29,498.41,499.53,1514.753
1783698300000,499.53,500.64,494.62,500.48,3184.296
1783699200000,500.48,502.94,499.23,502.43,722.381
1783700100000,502.43,505.96,502.43,504.44,777.355
1783701000000,504.44,506.21,501.72,505.12,1215.824
1783701900000,505.12,506.26,503.47,504.85,840.604
1783702800000,504.85,504.95,501.3,502.01,536.992
1783703700000,502.01,503.11,499.75,501.62,1568.78
1783704600000,501.62,501.62,498.93,499.82,508.795
1783705500000,499.82,501.23,498.21,500.05,634.761
1783706400000,500.05,502.2,498.51,498.97,1440.718
1783707300000,498.97,501.72,498.21,500.03,368.047
1783708200000,500.03,502,498.86,501.44,708.977
1783709100000,501.44,503.01,498.36,500.14,893.136
1783710000000,500.14,506.81,498.76,503.38,1939.445
1783710900000,503.38,504.32,501.89,502.86,493.452
1783711800000,502.86,505.62,502.85,504.99,1016.365
1783712700000,504.99,505.25,503.86,504.97,326.624
1783713600000,504.97,505.4,502.84,503.61,487.695
1783714500000,503.61,505.03,502.39,502.97,1331.592
1783715400000,502.97,505.05,502.49,504.54,288.46
1783716300000,504.54,505.32,503.51,503.69,240.31
1783717200000,503.69,505.1,503.66,503.66,274.59
1783718100000,503.66,505.07,502.4,502.4,1075.646
1783719000000,502.4,502.97,499.37,500.11,2487.129
1783719900000,500.11,500.15,496.03,498.48,595.195
1783720800000,498.48,499.96,498.43,499.92,276.754
1783721700000,499.92,500.52,499.02,499.53,419.613
1783722600000,499.53,500.42,498.4,498.58,367.253
1783723500000,498.58,501.15,498.58,499.93,160.897
1783724400000,499.93,499.93,497.6,498.85,488.16
1783725300000,498.85,500.21,498.12,498.89,697.196
1783726200000,498.89,499.31,498.11,498.77,576.715
1783727100000,498.77,499.16,498.42,498.6,207.179
1783728000000,498.6,498.6,496.39,496.85,520.049
1783728900000,496.85,496.85,494.03,495.09,668.49
1783729800000,495.09,499.44,495.09,499.31,1144.017
1783730700000,499.31,499.38,497.43,498.54,291.778
1783731600000,498.54,499.35,497.59,497.75,201.178
1783732500000,497.75,499.82,497.15,497.33,308.26
1783733400000,497.33,502.99,497.33,499.34,1443.547
1783734300000,499.34,503.25,499.15,502.27,916.628
1783735200000,502.27,504.11,501.83,502.19,567.022
1783736100000,502.19,503.63,501.11,503.63,191.365
1783737000000,503.63,505,502.87,504.33,712.274
1783737900000,504.33,509,503.93,506.85,1438.422
1783738800000,506.85,506.86,503.94,504.72,813.948
1783739700000,504.72,505.6,501.22,501.26,1130.2
1783740600000,501.26,502.93,500.85,502.14,360.355
1783741500000,502.14,502.91,501.59,501.98,140.126
1783742400000,501.98,502.82,501.01,501.79,359.154
1783743300000,501.79,502.91,501.16,501.36,1389.471
1783744200000,501.36,502.36,499.83,501.5,429.686
1783745100000,501.5,501.69,500.04,500.32,146.533
1783746000000,500.32,501.79,499.89,501.31,238.971
1783746900000,501.31,503.01,501.09,502.19,582.13
1783747800000,502.19,502.42,500.57,500.97,229.594
1783748700000,500.97,501.64,500.09,501.29,351.553
1783749600000,501.29,501.39,500.01,500.53,294.176
1783750500000,500.53,502.5,500.14,500.31,1077.82
1783751400000,500.31,501.15,499.01,499.21,637.496
1783752300000,499.21,499.92,498.3,498.91,795.896
1783753200000,498.91,499.44,498.36,499.11,614.154
1783754100000,499.11,499.52,498.07,499.08,457.416
1783755000000,499.08,500.28,498.81,499.41,420.385
1783755900000,499.41,499.73,498.35,498.55,515.786
1783756800000,498.55,500.18,498.29,499.19,471.486
1783757700000,499.19,501.44,498.65,500.21,450.333
1783758600000,500.21,500.26,499.43,499.8,489.859
1783759500000,499.8,500.81,499.39,500.73,331.292
1783760400000,500.73,502.55,500.73,501.62,522.703
1783761300000,501.62,502.4,500.89,502.06,228.613
1783762200000,502.06,502.46,499.24,499.24,538.344
1783763100000,499.24,500.35,498.45,498.67,473.085
1783764000000,498.67,499.74,494.97,498.1,2376.164
1783764900000,498.1,502.21,497.37,502.21,1019.73
1783765800000,502.21,504.12,501.38,502.32,1356.05
1783766700000,502.32,504.16,502.32,503.93,416.861
1783767600000,503.93,504.32,502.68,503.86,427.007
1783768500000,503.86,503.96,502.89,503.5,488.502
1783769400000,503.5,504.44,502.65,502.81,381.244
1783770300000,502.81,507.19,502.75,505.6,1677.935
1783771200000,505.6,505.6,503.66,503.95,723.07
1783772100000,503.95,504.32,502.9,503.09,364.466
1783773000000,503.09,503.22,501.9,502.73,758.351
1783773900000,502.73,504.67,502.7,503.84,432.619
1783774800000,503.84,504.37,502.53,503.24,530.439
1783775700000,503.24,503.66,502.18,503.09,1285.407
1783776600000,503.09,503.8,501.5,501.78,659.954
1783777500000,501.78,502.46,501.45,501.8,655.123
1783778400000,501.8,503.64,501.8,503.09,476.346
1783779300000,503.09,508.59,503.04,505.49,2689.434
1783780200000,505.49,506.39,503.68,504.32,1230.514
1783781100000,504.32,505.78,503.4,504.96,686.413
1783782000000,504.96,506.87,504.19,505.94,1325.01
1783782900000,505.94,507.27,504.53,506.67,939.596
1783783800000,506.67,511.21,502.28,502.74,4062.629
1783784700000,502.74,505.18,502.08,504.12,1038.195
1783785600000,504.12,504.24,500.52,503.29,1431.074
1783786500000,503.29,504.46,502.39,503.66,397.702
1783787400000,503.66,504.46,502.48,502.85,379.416
1783788300000,502.85,504.91,502.15,504.78,397.64
1783789200000,504.78,505.96,504.2,505.24,577.076
1783790100000,505.24,507.01,504.66,506.65,646.478
1783791000000,506.65,509.06,506.65,507.6,1355.648
1783791900000,507.6,508.15,506.13,506.32,612.758
1783792800000,506.32,509.28,506.12,508.65,660.865
1783793700000,508.65,514.57,508.5,510.94,2805.204
1783794600000,510.94,513.48,510.36,512.59,833.138
1783795500000,512.59,521,511.55,517.1,4447.82
1783796400000,517.1,520.37,513.7,514.44,2986.911
1783797300000,514.44,518.3,512.9,513.6,1380.126
1783798200000,513.6,515.51,513.3,514.67,655.556
1783799100000,514.67,517.3,514.51,514.98,1010.914
1783800000000,514.98,515.12,513.1,514.79,2488.635
1783800900000,514.79,516.79,513.72,516.72,503.403
1783801800000,516.72,524.96,516.72,522.28,3290.252
1783802700000,522.28,522.49,519.07,520.94,787.698
1783803600000,520.94,530.52,520.94,529.33,4635.832
1783804500000,529.33,534.67,526.63,528.35,3904.882
1783805400000,528.35,528.76,523.32,525.08,3159.914
1783806300000,525.08,528,524.07,525.05,1097.763
1783807200000,525.05,528.16,523.96,524.87,1217.683
1783808100000,524.87,524.87,520.48,522,870.697
1783809000000,522,523.63,520.8,521.8,380.62
1783809900000,521.8,521.94,518.68,519.5,2206.536
1783810800000,519.5,521.21,517.44,518.81,794.887
1783811700000,518.81,519.03,513.22,514.83,1752.678
1783812600000,514.83,514.83,508.14,510.98,3731.261
1783813500000,510.98,511.99,506.98,508.35,734.581
1783814400000,508.35,510.2,505.89,505.97,2297.352
1783815300000,505.97,510.53,505.31,509.06,1472.734
1783816200000,509.06,509.16,504.29,505.54,1489.067
1783817100000,505.54,507.52,504.45,505.9,930.2
1783818000000,505.9,507.15,502.89,503.67,1146.954
1783818900000,503.67,509.62,503.34,508.26,1688.724
1783819800000,508.26,509.42,506.97,509.17,1058.192
1783820700000,509.17,513.4,508.16,511.88,1634.775
1783821600000,511.88,511.88,508.53,510.71,694.678
1783822500000,510.71,515.59,510.52,512.75,1805.18
1783823400000,512.75,513.67,511.08,512.8,352.462
1783824300000,512.8,513.79,511.47,513.58,487.252
1783825200000,513.58,514.79,512.11,512.77,872.188
1783826100000,512.77,513.84,511.82,513.25,762.812
1783827000000,513.25,514.53,512.34,513.44,252.06
1783827900000,513.44,515.75,513.25,514.63,881.703
1783828800000,514.63,515.53,514.13,514.21,485.058
1783829700000,514.21,517.61,513.95,516.06,662.527
1783830600000,516.06,517.3,514.03,516.79,476.369
1783831500000,516.79,516.79,513.93,515.23,330.628
1783832400000,515.23,516.01,514.03,515.4,513.854
1783833300000,515.4,515.51,513.32,514.03,909.975
1783834200000,514.03,515.04,513.35,514.57,342.756
1783835100000,514.57,516.36,513.67,515.34,443.399
1783836000000,515.34,515.34,510.56,510.86,1071.314
1783836900000,510.86,512.13,508.03,509.11,1888.642
1783837800000,509.11,514.86,508.79,514.42,679.284
1783838700000,514.42,515.64,512.16,512.61,539.095
1783839600000,512.61,514.65,512.15,513.79,323.119
1783840500000,513.79,521.22,513.15,519.32,1929.827
1783841400000,519.32,520.47,517.55,517.78,736.695
1783842300000,517.78,519.3,516.98,517.39,648.91
1783843200000,517.39,523.38,517.39,523.36,1674.87
1783844100000,523.36,524.27,521.45,522.09,811.401
1783845000000,522.09,527.39,522.03,526.56,1675.096
1783845900000,526.56,526.58,524.05,524.82,557.274
1783846800000,524.82,526.2,523.33,523.35,961.223
1783847700000,523.35,523.69,518.34,520.23,1640.49
1783848600000,520.23,525.37,520.16,524.96,653.385
1783849500000,524.96,525.5,523.52,524.15,503.114
1783850400000,524.15,525.1,522.29,524.87,463.074
1783851300000,524.87,525.1,523.06,523.88,266.071
1783852200000,523.88,523.93,521.93,523.39,333.983
1783853100000,523.39,523.45,519.91,520.21,965.871
1783854000000,520.21,522.25,519.27,520.13,543.175
1783854900000,520.13,521.61,519.81,520.78,234.861
1783855800000,520.78,522.45,520.38,522.1,310.833
1783856700000,522.1,523.49,521.45,521.76,593.523
1783857600000,521.76,522.8,519.69,521.46,467.418
1783858500000,521.46,524.8,520.91,524.01,1562.658
1783859400000,524.01,524.63,522.3,522.93,480.213
1783860300000,522.93,524.84,522.4,523.25,1092.375
1783861200000,523.25,529.76,522.39,528.18,1859.695
1783862100000,528.18,532.62,527.36,530.23,1785.352
1783863000000,530.23,530.35,528.05,528.11,582.652
1783863900000,528.11,528.69,524.57,525.67,1346.992
1783864800000,525.67,528.05,525.48,526.46,327.154
1783865700000,526.46,529.57,525.69,528.35,684.696
1783866600000,528.35,531.25,527.92,529.99,526.057
1783867500000,529.99,539.21,529.29,533.45,3426.59
1783868400000,533.45,534.39,531.13,532.03,1002.739
1783869300000,532.03,532.92,530.36,530.99,648.903
1783870200000,530.99,531.73,529.14,529.82,525.19
1783871100000,529.82,533.28,529.75,531.01,679.931
1783872000000,531.01,546,530.59,540.73,6846.836
1783872900000,540.73,548.93,540.69,545.58,3255.784
1783873800000,545.58,546.31,541.82,545.07,1680.64
1783874700000,545.07,545.16,541.08,541.89,941.512
1783875600000,541.89,546.83,541.5,543.78,548.014
1783876500000,543.78,545.29,543.1,543.5,317.603
1783877400000,543.5,548.4,543.11,546.27,1229.175
1783878300000,546.27,546.41,543.54,544.6,876.974
1783879200000,544.6,544.95,542.5,544.16,795.526
1783880100000,544.16,544.79,538.2,540.09,2262.349
1783881000000,540.09,543.83,540.07,542.73,462.883
1783881900000,542.73,544.89,542.04,543.09,275.981
1783882800000,543.09,543.57,541.32,541.4,515.509
1783883700000,541.4,542.23,540.17,540.28,506.314
1783884600000,540.28,540.51,536.18,536.59,1205.146
1783885500000,536.59,539.8,536.42,538.45,1631.087
1783886400000,538.45,538.91,534.69,535.45,1999.522
1783887300000,535.45,537.66,534.84,536.33,550.785
1783888200000,536.33,538.98,536.26,538.47,459.037
1783889100000,538.47,540.81,538.36,540.3,498.05
1783890000000,540.3,542.13,536.39,538.04,1304.855
1783890900000,538.04,539.39,534.82,538.02,1601.195
1783891800000,538.02,540.18,537.28,539.05,419.282
1783892700000,539.05,539.98,536.7,538.55,479.915
1783893600000,538.55,538.55,533.7,534.09,1791.164
1783894500000,534.09,536.05,532.69,535.5,877.67
1783895400000,535.5,536.82,533.37,533.47,434.942
1783896300000,533.47,536.09,532.4,535.43,659.852
1783897200000,535.43,535.43,533.24,534.55,246.34
1783898100000,534.55,534.83,533.65,534.36,159.055
1783899000000,534.36,534.49,531.51,532.82,431.969
1783899900000,532.82,533.91,531.67,533.17,284.878
1783900800000,533.17,540.66,527.36,540.18,4499.934
1783901700000,540.18,541.45,536.64,537.2,755.259
1783902600000,537.2,537.84,530.03,532.26,3342.723
1783903500000,532.26,536.46,532,534.31,1547.514
1783904400000,534.31,535.18,529.76,531.84,1377.512
1783905300000,531.84,534.19,530.23,530.96,1244.934
1783906200000,530.96,533.9,530.37,532.21,1598.803
1783907100000,532.21,532.24,525,526.88,3498.597
1783908000000,526.88,529.56,525.97,528.84,1361.021
1783908900000,528.84,531.02,527.9,529.45,970.42
1783909800000,529.45,529.52,525.89,526.86,1637.094
1783910700000,526.86,527.29,522.56,524.23,2316.63
1783911600000,524.23,524.65,516.34,519.37,4181.407
1783912500000,519.37,523.08,518.32,522.47,1242.623
1783913400000,522.47,524.38,517.97,521.29,2655.574
1783914300000,521.29,522.79,519.19,520.18,2001.548
1783915200000,520.18,520.18,517.4,517.89,1632.804
1783916100000,517.89,519.67,517.62,519.6,686.106
1783917000000,519.6,519.65,516.59,519.03,941.793
1783917900000,519.03,519.66,517.09,517.47,565.482
1783918800000,517.47,518.86,515.18,517,1649.61
1783919700000,517,518.09,512.39,514.58,2290.54
1783920600000,514.58,515.41,512.43,512.96,1114.043
1783921500000,512.96,515.3,511.54,513.6,955.341
1783922400000,513.6,517.93,513.48,516.52,1888.623
1783923300000,516.52,517.4,514.02,517.18,751.39
1783924200000,517.18,518.37,515.33,515.81,785.72
1783925100000,515.81,518.25,515.78,517.69,738.607
1783926000000,517.69,519.69,516.03,518.08,626.453
1783926900000,518.08,522.57,516.87,521.79,908.056
1783927800000,521.79,523.35,520.8,520.88,973.167
1783928700000,520.88,521.7,519.77,521.65,597.859
1783929600000,521.65,522.23,519.72,520.27,743.917
1783930500000,520.27,522.31,520.16,522.12,425.074
1783931400000,522.12,522.75,521.32,521.62,545.52
1783932300000,521.62,522.5,520.77,522,370.18
1783933200000,522,522.05,518.25,519.11,513.98
1783934100000,519.11,519.11,515,516.59,1852.863
1783935000000,516.59,517.32,515.21,516,521.229
1783935900000,516,516.05,514.44,514.94,3253.111
1783936800000,514.94,515.4,512.33,513.53,4395.721
1783937700000,513.53,514.99,513,513.91,905.748
1783938600000,513.91,514.98,510.27,511.38,1873.243
1783939500000,511.38,513.67,511.04,513.56,1510.401
1783940400000,513.56,515.93,513.44,515.51,1282.492
1783941300000,515.51,516.82,513.55,516.58,677.779
1783942200000,516.58,516.58,513.15,513.25,327.052
1783943100000,513.25,513.72,510.74,511.45,1804.078
1783944000000,511.45,512.56,508.81,511.78,1968.848
1783944900000,511.78,512.77,510.63,510.99,725.169
1783945800000,510.99,511.65,509.9,511.11,880.118
1783946700000,511.11,512.37,510.71,512.37,516.539
1783947600000,512.37,512.7,510.24,510.38,816.527
1783948500000,510.38,510.51,506.6,508.28,2279.157
1783949400000,508.28,509.15,502.53,504.37,2941.266
1783950300000,504.37,505.48,502.59,505.25,1538.362
1783951200000,505.25,506.72,503.95,506.42,1991.368
1783952100000,506.42,508.7,501.44,507.19,3849.414
1783953000000,507.19,516.63,506.79,512.34,3334.841
1783953900000,512.34,516.63,511.58,515.66,1729.713
1783954800000,515.66,516.35,512.15,512.52,640.442
1783955700000,512.52,513.79,510.49,511.66,847.724
1783956600000,511.66,511.83,508.67,510.25,840.609
1783957500000,510.25,510.29,507.51,508.8,423.971
1783958400000,508.8,513.61,508.8,512.63,1192.35
1783959300000,512.63,512.63,505.16,506.95,1861.725
1783960200000,506.95,509.59,505.51,509.17,984.335
1783961100000,509.17,511.46,508.7,509.3,1041.609
1783962000000,509.3,511.7,509.15,510.77,800.434
1783962900000,510.77,511.01,507.84,509.14,1145.826
1783963800000,509.14,511.49,507.9,510.87,2029.174
1783964700000,510.87,511.83,509.4,509.53,2117.618
1783965600000,509.53,512.03,508.9,510.06,1721.421
1783966500000,510.06,514.17,510.06,513.47,1066.735
1783967400000,513.47,513.83,511.23,513.63,1484.918
1783968300000,513.63,514.04,510.45,510.76,665.305
1783969200000,510.76,510.85,506.61,507.1,1308.271
1783970100000,507.1,507.71,502.63,504.51,2033.526
1783971000000,504.51,508.1,504.14,506.85,1307.946
1783971900000,506.85,506.85,503.12,503.51,840.216
1783972800000,503.51,504.86,499.22,499.41,2227.671
1783973700000,499.41,500.57,497.15,497.51,2519.453
1783974600000,497.51,498.89,495.46,495.68,1296.902
1783975500000,495.68,496.34,491.61,495.04,2590.96
1783976400000,495.04,496.16,492.89,496.12,2108.306
1783977300000,496.12,497.73,495.61,496.64,2183.594
1783978200000,496.64,497.98,492.35,494.95,1123.164
1783979100000,494.95,495,491.6,491.91,1882.478
1783980000000,491.91,493.87,489.84,490.33,2921.571
1783980900000,490.33,493.3,490.23,493.01,587.022
1783981800000,493.01,493.61,491.97,493.52,541.976
1783982700000,493.52,493.82,491.71,492.73,854.22
1783983600000,492.73,492.97,491.02,491.88,1257.836
1783984500000,491.88,494.45,491.05,493.69,1375.994
1783985400000,493.69,495.46,493.05,493.05,667.103
1783986300000,493.05,496.59,493,495.3,1105.27
1783987200000,495.3,501.59,495.3,498.75,2357.832
1783988100000,498.75,500.35,497.91,498.73,310.73
1783989000000,498.73,499.95,497.63,497.94,370.271
1783989900000,497.94,502.71,497.55,500.47,1258.448
1783990800000,500.47,500.67,498.8,499.07,187.161
1783991700000,499.07,549.15,498.81,502.3,17976.64
1783992600000,502.3,502.7,500,500.01,1435.837
1783993500000,500.01,501.71,499.48,500.93,622.345
1783994400000,500.93,501.59,499.49,500.78,653.943
1783995300000,500.78,500.87,496.48,497.62,4769.636
1783996200000,497.62,499.31,496.28,498.91,420.426
1783997100000,498.91,500,497.89,498.19,282.104
1783998000000,498.19,499.46,497.05,498,378.189
1783998900000,498,501.59,497.74,501.53,787.211
1783999800000,501.53,504.41,500.95,503.18,2165.38
1784000700000,503.18,503.93,502.12,502.43,403.466
1784001600000,502.43,506.38,502.43,504.1,1040.243
1784002500000,504.1,506.86,503.09,506.64,781.627
1784003400000,506.64,506.77,504.48,505.09,832.93
1784004300000,505.09,506.17,504.2,504.96,373.834
1784005200000,504.96,510.98,504.93,508.57,1271.722
1784006100000,508.57,510.18,507.24,508.32,616.809
1784007000000,508.32,509.46,507.18,507.73,501.378
1784007900000,507.73,508.27,505.52,508.27,1250.037
1784008800000,508.27,509.28,506.67,507.03,381.135
1784009700000,507.03,508.4,506.74,508.34,265.362
1784010600000,508.34,508.93,506.11,507.18,487.832
1784011500000,507.18,507.5,505.5,506.07,542.906
1784012400000,506.07,506.7,504.37,506.7,562.2
1784013300000,506.7,507.94,505.86,506.78,725.648
1784014200000,506.78,507.32,505.22,506.08,388.52
1784015100000,506.08,506.16,504.32,505.25,331.02
1784016000000,505.25,506.97,504.95,505.4,2269.929
1784016900000,505.4,507.13,505.13,506.31,283.119
1784017800000,506.31,508.5,505.69,507.21,1055.4
1784018700000,507.21,507.34,504.71,505.57,399.97
1784019600000,505.57,506.16,504.84,506.06,416.599
1784020500000,506.06,506.3,502.31,502.62,543.185
1784021400000,502.62,503.84,501.3,503.07,1043.143
1784022300000,503.07,504.69,502.28,504.32,515.886
1784023200000,504.32,507.69,504.14,506.6,682.626
1784024100000,506.6,507.11,505.32,506.37,261.686
1784025000000,506.37,508.39,505.4,507.19,655.327
1784025900000,507.19,509.47,507.03,509.22,1166.938
1784026800000,509.22,510.65,507.94,510.23,1357.283
1784027700000,510.23,510.75,508.49,510.23,787.92
1784028600000,510.23,510.55,508.31,508.99,677.677
1784029500000,508.99,509.99,508.35,508.96,278.32
1784030400000,508.96,509.2,503.96,504.73,1431.099
1784031300000,504.73,510.68,504.23,509.34,1315.32
1784032200000,509.34,522.32,509.34,517.08,6838.598
1784033100000,517.08,523.4,516.96,522.43,2927.809
1784034000000,522.43,524.92,518.54,524.51,1940.004
1784034900000,524.51,544.37,523.71,526.45,19657.366
1784035800000,526.45,526.77,521.17,522.08,7082.017
1784036700000,522.08,525.31,519.86,524.76,5333.06
1784037600000,524.76,529.83,522.07,529.53,2455.832
1784038500000,529.53,533.43,527.18,531.5,5947.216
1784039400000,531.5,534.81,529.43,531.77,4594.369
1784040300000,531.77,532.91,528.56,531.79,1257.713
1784041200000,531.79,533.31,530.29,532.24,2763.51
1784042100000,532.24,537.98,532.24,536.36,4466.389
1784043000000,536.36,539.2,535.42,538.43,3424.105
1784043900000,538.43,541.31,536.36,539.39,1987.169
1784044800000,539.39,540.53,535.91,537.75,1583.683
1784045700000,537.75,545.65,536.92,543.47,2261.698
1784046600000,543.47,545.82,542.67,544.02,1221.49
1784047500000,544.02,556.73,543.82,549.59,6376.73
1784048400000,549.59,550.14,542.56,547.97,3958.039
1784049300000,547.97,551.56,547.32,548,3378.523
1784050200000,548,548,543.41,545.21,980.814
1784051100000,545.21,547.87,543.06,546.18,2229.208
1784052000000,546.18,546.18,540.27,540.71,3513.815
1784052900000,540.71,543.2,540.71,542.24,477.531
1784053800000,542.24,545.28,541.69,543.98,2510.76
1784054700000,543.98,544.92,541.09,542.45,981.847
1784055600000,542.45,544.21,541.81,543.26,491.336
1784056500000,543.26,543.42,537.14,539.1,2136.023
1784057400000,539.1,540.16,537.24,539.52,2016.885
1784058300000,539.52,539.9,537.98,538.95,968.706
1784059200000,538.95,539.16,536.51,536.98,984.08
1784060100000,536.98,540.08,535.62,536.37,1809.297
1784061000000,536.37,537.51,535.53,536.92,1465.475
1784061900000,536.92,538.62,536.68,537.49,789.671
1784062800000,537.49,542.38,536.58,540.49,1207.154
1784063700000,540.49,540.66,538.53,539.86,421.963
1784064600000,539.86,543.73,539.25,542.44,662.354
1784065500000,542.44,544.75,540.97,543.75,692.665
1784066400000,543.75,544.7,542.1,542.87,287.148
1784067300000,542.87,550.85,542.78,550.61,1726.522
1784068200000,550.61,567,550.58,561.53,5735.464
1784069100000,561.53,561.9,555.11,556.42,1441.382
1784070000000,556.42,557.3,552.77,556.17,2062.54
1784070900000,556.17,559.89,551.49,559.04,792.426
1784071800000,559.04,563.65,557.41,562.78,1644.482
1784072700000,562.78,572.36,562.26,563.99,3717.47
1784073600000,563.99,565.06,558.22,558.58,2249.623
1784074500000,558.58,562.95,557.15,558.93,879.97
1784075400000,558.93,560.6,556.23,556.4,1147.455
1784076300000,556.4,557.85,554.79,555.19,588.615
1784077200000,555.19,555.69,551.83,554.78,1254.228
1784078100000,554.78,556.77,553.53,555.25,719.428
1784079000000,555.25,556.8,554.32,554.79,739.727
1784079900000,554.79,557.2,554.2,555.82,1184.654
1784080800000,555.82,556.23,552.42,554.83,825.631
1784081700000,554.83,555.15,551.62,552.64,878.842
1784082600000,552.64,556.39,551.89,555.59,1197.456
1784083500000,555.59,555.83,553.75,555.36,362.685
1784084400000,555.36,559.4,554.65,556.73,1106.132
1784085300000,556.73,556.74,555.31,556.43,258.881
1784086200000,556.43,557.7,556.02,556.06,300.353
1784087100000,556.06,558.32,555.94,557.22,258.355
1784088000000,557.22,558.29,556.29,557.02,366.531
1784088900000,557.02,557.02,554.1,554.15,771.144
1784089800000,554.15,555.3,552.3,553.67,516.567
1784090700000,553.67,554.81,552.66,553.01,470.041
1784091600000,553.01,553.9,551.35,553.07,885.467
1784092500000,553.07,554.76,552.41,553.45,611.111
1784093400000,553.45,555.27,553.24,554.07,317.52
1784094300000,554.07,556.77,554.07,556.06,475.058
1784095200000,556.06,559.47,555.48,559.11,1760.062
1784096100000,559.11,559.37,557.36,558.18,471.69
1784097000000,558.18,559.7,554.16,554.92,1254.325
1784097900000,554.92,557.66,554.78,555.03,624.131
1784098800000,555.03,555.17,552.95,554.3,707.033
1784099700000,554.3,554.46,549.52,551.28,1145.303
1784100600000,551.28,552.86,550.67,551.95,608.604
1784101500000,551.95,553.88,551.12,552.07,445.855
1784102400000,552.07,552.93,551.41,552.74,274.993
1784103300000,552.74,553.97,551.76,553.3,865.007
1784104200000,553.3,555.87,552.3,555.81,484.626
1784105100000,555.81,556.36,554.55,555.93,1356.338
1784106000000,555.93,558.22,555.75,556.26,805.655
1784106900000,556.26,561.35,555.61,560.26,1428.676
1784107800000,560.26,560.43,557.56,557.84,673.866
1784108700000,557.84,559.8,557.54,558.18,642.983
1784109600000,558.18,563.92,557.63,561.62,1392.734
1784110500000,561.62,565.9,561.51,564.44,1483.456
1784111400000,564.44,568.97,561.95,567.87,2411.909
1784112300000,567.87,572.74,567.84,568.59,3486.667
1784113200000,568.59,576.49,568.03,572.78,3234.174
1784114100000,572.78,574.02,569.22,571.84,1771.329
1784115000000,571.84,574.8,569.96,573.46,1096.869
1784115900000,573.46,579.28,570.89,575.53,4005.553
1784116800000,575.53,576.97,571.33,572.17,1010.237
1784117700000,572.17,575.73,571.19,572.02,944.272
1784118600000,572.02,578.34,571.75,575.39,2897.759
1784119500000,575.39,588.9,574.61,585.06,10146.786
1784120400000,585.06,585.9,579.05,579.48,3408.375
1784121300000,579.48,585.45,579.28,584.23,1667.307
1784122200000,584.23,585.55,578.89,579.03,2326.518
1784123100000,579.03,579.98,573.27,579.77,4749.197
1784124000000,579.77,583.51,579.56,580,2498.631
1784124900000,580,581.9,577.72,581.37,1633.724
1784125800000,581.37,581.49,576.81,577.5,1617.823
1784126700000,577.5,578.54,573.63,578.18,1405.214
1784127600000,578.18,578.29,573.6,574.05,683.297
1784128500000,574.05,574.36,570.02,573.38,3865.955
1784129400000,573.38,573.79,570.34,573.77,837.572
1784130300000,573.77,575.84,573.45,575.5,1251.863
1784131200000,575.5,575.55,571.52,571.67,787.771
1784132100000,571.67,577.7,571.67,577.31,1142.88
1784133000000,577.31,577.51,567.31,573.13,4326.825
1784133900000,573.13,575.05,570.27,571.83,3650.012
1784134800000,571.83,575.36,571.44,573.76,747.757
1784135700000,573.76,575.57,572.5,573.58,319.234
1784136600000,573.58,574.79,570.67,573.15,750.281
1784137500000,573.15,576.08,571.95,574.28,2727.504
1784138400000,574.28,575.24,572.9,573.85,440.98
1784139300000,573.85,573.85,570.6,572.74,970.493
1784140200000,572.74,573.36,571.16,573.01,1347.072
1784141100000,573.01,574.03,568.47,570.87,1426.588
1784142000000,570.87,572.69,569.16,570.36,836.9
1784142900000,570.36,570.67,565.18,565.28,2132.086
1784143800000,565.28,566.64,565.04,565.83,785.382
1784144700000,565.83,567.59,563.62,567.18,1322.022
1784145600000,567.18,571.21,565.9,569.34,1432.654
1784146500000,569.34,573.78,569.31,573.23,708.238
1784147400000,573.23,578.88,572.81,575.85,2217.924
1784148300000,575.85,577.3,575.85,576.18,830.376
1784149200000,576.18,581.69,576.08,576.85,3536.573
1784150100000,576.85,580.86,576.27,577.92,735.259
1784151000000,577.92,577.92,574.45,575.96,482.425
1784151900000,575.96,577.74,574.93,577.67,523.083
1784152800000,577.67,580.68,575.91,578.73,1358.053
1784153700000,578.73,580.66,578.49,580.15,570.754
1784154600000,580.15,580.5,576.26,576.52,995.161
1784155500000,576.52,578.05,574.89,575.68,1020.251
1784156400000,575.68,577.54,575.66,575.9,233.611
1784157300000,575.9,577.31,575.28,575.73,1254.477
1784158200000,575.73,575.77,570.58,571.33,788.918
1784159100000,571.33,572.85,569.62,570.39,1056.104
1784160000000,570.39,572.62,569.43,571.86,1211.918
1784160900000,571.86,571.86,567.87,568.19,895.803
1784161800000,568.19,569.42,563.85,565.59,1439.966
1784162700000,565.59,567.36,565.02,567.28,1164.578
1784163600000,567.28,567.31,564.45,564.7,728.929
1784164500000,564.7,565.13,561.01,564.19,1745.49
1784165400000,564.19,566.66,563.7,565.52,1504.102
1784166300000,565.52,569.49,565.45,567.86,2133.061
1784167200000,567.86,568.94,565.42,565.84,448.517
1784168100000,565.84,567.85,565.05,567.56,534.125
1784169000000,567.56,567.93,565.56,565.67,484.672
1784169900000,565.67,573.51,565.67,571.83,1495.184
1784170800000,571.83,573.54,570.77,572.46,536.302
1784171700000,572.46,572.62,569.44,569.93,453.133
1784172600000,569.93,572,569.6,571.93,381.768
1784173500000,571.93,571.96,567.33,567.97,637.62
1784174400000,567.97,568,563.42,564.99,1575.592
1784175300000,564.99,566.23,563.22,566.12,577.778
1784176200000,566.12,567.39,564.66,567.39,294.894
1784177100000,567.39,567.84,566.14,566.67,595.21
1784178000000,566.67,567.77,565.12,567.77,557.87
1784178900000,567.77,569.44,566.47,567.2,953.292
1784179800000,567.2,572.13,567.03,569.98,843.771
1784180700000,569.98,571.38,569.09,570.04,563.741
1784181600000,570.04,572.65,569.23,569.48,1270.129
1784182500000,569.48,569.48,567.27,568.33,501.656
1784183400000,568.33,568.33,566.22,567.27,303.331
1784184300000,567.27,569.05,566.6,566.72,493.841
1784185200000,566.72,568.89,566.27,567.77,329.581
1784186100000,567.77,570.28,567.11,568.36,489.725
1784187000000,568.36,568.47,564.48,565.73,1110.084
1784187900000,565.73,568.72,565.37,568.58,967.609
1784188800000,568.58,569.85,560.7,561.89,2075.715
1784189700000,561.89,562.93,551.66,559.81,8345.344
1784190600000,559.81,563.92,559,560.4,2762.404
1784191500000,560.4,562.66,544.85,549.8,8896.894
1784192400000,549.8,550.72,544.04,546.4,3356.802
1784193300000,546.4,547.24,542.76,544.84,2376.155
1784194200000,544.84,547.45,544.27,546.91,2659.103
1784195100000,546.91,547.56,545.92,547.37,1174.824
1784196000000,547.37,547.58,542.14,545.86,1079.349
1784196900000,545.86,547.48,544.98,546.78,1088.425
1784197800000,546.78,548.6,546.45,546.53,576.17
1784198700000,546.53,548.52,545.5,548.11,565.913
1784199600000,548.11,548.24,546.37,547.2,256.822
1784200500000,547.2,548.3,545.48,547.17,464.083
1784201400000,547.17,547.98,546.09,547.55,426.335
1784202300000,547.55,547.7,545.59,547.42,1248.041
1784203200000,547.42,547.49,545.8,546.82,633.95
1784204100000,546.82,553.23,546.34,551.69,1613.244
1784205000000,551.69,553.65,548.37,550.31,2293.331
1784205900000,550.31,553.67,549.42,551.25,896.911
1784206800000,551.25,556.43,550.5,554.75,1763.281
1784207700000,554.75,557.15,553.79,555.87,1458.515
1784208600000,555.87,558.51,553.52,553.9,1363.657
1784209500000,553.9,555.98,552.09,554.88,1212.621
1784210400000,554.88,559.31,553.81,558.12,1928.908
1784211300000,558.12,561.55,556.54,558.12,1641.126
1784212200000,558.12,559,556.41,557.71,725.368
1784213100000,557.71,558.66,552.89,554.59,967.468
1784214000000,554.59,554.82,550.19,552.04,999.313
1784214900000,552.04,559.66,551.58,559.16,1501.719
1784215800000,559.16,559.16,554.43,554.96,587.582
1784216700000,554.96,557.08,553.57,555.6,751.22
1784217600000,555.6,555.6,552.2,553.58,622.918
1784218500000,553.58,555.22,552.25,554.66,441.796
1784219400000,554.66,557.28,553.46,554.01,1071.76
1784220300000,554.01,556.08,553.27,555.81,401.296
1784221200000,555.81,555.83,548.95,549.36,1216.9
1784222100000,549.36,551.14,548.28,549.11,1754.845
1784223000000,549.11,552.23,548.77,549.61,838.808
1784223900000,549.61,549.63,539.81,543.99,3954.966
1784224800000,543.99,546.21,543.56,543.98,1127.147
1784225700000,543.98,545.26,542.84,543.56,464.108
1784226600000,543.56,544.43,538.35,541.4,1188.799
1784227500000,541.4,543.79,540.15,543.16,1019.477
1784228400000,543.16,545.97,542.47,544.01,398.708
1784229300000,544.01,545.74,543.28,544.63,410.9
1784230200000,544.63,545.54,543.52,544.2,380.723
1784231100000,544.2,547.4,543.29,546.87,751.926
1784232000000,546.87,546.94,544.28,544.85,788.992
1784232900000,544.85,546.53,543.83,544.77,726.03
1784233800000,544.77,545.96,542.25,543.56,1528.612
1784234700000,543.56,543.78,539.14,540,960.696
1784235600000,540,540.56,538.07,539.83,879.216
1784236500000,539.83,541.58,538.51,539.1,949.492
1784237400000,539.1,542.11,538.5,541.17,458.893
1784238300000,541.17,541.97,540.18,540.61,223.406
1784239200000,540.61,547,540.61,545.45,1290.171
1784240100000,545.45,545.45,541.05,541.66,589.774
1784241000000,541.66,542.04,537.23,538.15,841.112
1784241900000,538.15,538.78,536.54,537.32,761.177
1784242800000,537.32,538.09,534.47,536.43,1137.128
1784243700000,536.43,536.67,526.33,526.92,4163.311
1784244600000,526.92,528.54,525.12,526.33,1873.496
1784245500000,526.33,527.91,523.43,523.47,1091.617
1784246400000,523.47,529.3,523.42,527.74,1497.72
1784247300000,527.74,531.24,525.93,528.28,1252.052
1784248200000,528.28,529.96,526.3,529.96,874.48
1784249100000,529.96,533.8,529.96,533.47,1281.869
1784250000000,533.47,536.24,531.87,534.83,2404.071
1784250900000,534.83,537.92,532.92,535.68,759.916
1784251800000,535.68,535.83,531.54,531.63,1004.348
1784252700000,531.63,531.73,527.07,529.25,2278.91
1784253600000,529.25,529.73,525.83,528.7,1254.717
1784254500000,528.7,529.86,527.18,527.4,1054.272
1784255400000,527.4,527.49,524.9,526.89,1104.635
1784256300000,526.89,530.33,525.82,529.91,849.462
1784257200000,529.91,537.61,528.52,533.9,2568.258
1784258100000,533.9,544.43,533.53,539.8,4900.264
1784259000000,539.8,542.08,537.44,540.29,2089.394
1784259900000,540.29,542.39,537.25,537.83,2099.456
1784260800000,537.83,539.45,536.45,537.01,1075.103
1784261700000,537.01,537.7,534.06,536.93,1124.518
1784262600000,536.93,538.37,536.32,536.83,431.45
1784263500000,536.83,540.22,536.67,539.81,1215.845
1784264400000,539.81,539.84,537.06,538.67,438.987
1784265300000,538.67,538.67,530.9,530.93,1444.327
1784266200000,530.93,541.43,530.63,539.15,2426.093
1784267100000,539.15,539.15,529.77,532.27,2734.339
1784268000000,532.27,537.4,531.66,534.31,846.711
1784268900000,534.31,536.18,533.77,535.64,452.03
1784269800000,535.64,536.4,534.45,535.12,480.328
1784270700000,535.12,535.12,529.8,532.54,1386.799
1784271600000,532.54,532.55,530.51,531.04,277.354
1784272500000,531.04,532.07,529.5,530.28,568.967
1784273400000,530.28,532.43,527.23,531.6,1897.136
1784274300000,531.6,534.49,530.61,532.23,493.811
1784275200000,532.23,533.61,531.42,531.87,378.327
1784276100000,531.87,531.94,529.78,531.11,483.492
1784277000000,531.11,531.11,527.3,530.35,1005.754
1784277900000,530.35,532.01,528.9,529.27,415.268
1784278800000,529.27,531.53,528.12,531.22,391.495
1784279700000,531.22,532.82,530.13,530.96,617.879
1784280600000,530.96,535.51,530.35,534.07,1076.81
1784281500000,534.07,534.45,532.21,532.21,870.324
1784282400000,532.21,537.09,531.99,535.06,756.183
1784283300000,535.06,536.44,533.77,533.77,429.021
1784284200000,533.77,535.81,533.16,535.5,407.214
1784285100000,535.5,536.59,534.37,534.83,572.367
1784286000000,534.83,535.69,532.66,534.12,740.794
1784286900000,534.12,536.19,533.34,534.67,776.333
1784287800000,534.67,534.77,532.65,534.31,507.879
1784288700000,534.31,537.04,534.18,536.24,612.661
1784289600000,536.24,536.8,533.34,534.17,885.347
1784290500000,534.17,534.63,531.63,533.53,714.228
1784291400000,533.53,533.58,530.01,531.53,897.35
1784292300000,531.53,532.51,529.92,531.02,364.768
1784293200000,531.02,531.02,524.34,527.24,1851.689
1784294100000,527.24,528.65,524.91,525.91,1448.009
1784295000000,525.91,533.82,523.52,530.01,2837.087
1784295900000,530.01,542.21,529.47,540.04,3137.216
1784296800000,540.04,549.01,538.82,543.28,3874.129
1784297700000,543.28,545.35,540.15,540.45,1887.596
1784298600000,540.45,542.94,538.86,540.62,1751.271
1784299500000,540.62,540.71,536.16,538.58,1492.015
1784300400000,538.58,538.84,534.48,535.21,1708.485
1784301300000,535.21,539.96,534.28,539.74,891.368
1784302200000,539.74,546.63,538.86,544.08,2211.81
1784303100000,544.08,544.48,541.25,543.67,805.283
1784304000000,543.67,545.09,541.12,541.26,1327.365
1784304900000,541.26,543.57,540.22,542.51,634.113
1784305800000,542.51,547.49,542.21,547.36,1176.226
1784306700000,547.36,553.22,545.54,548.54,2642.794
1784307600000,548.54,556.53,548.54,553.45,3035.079
1784308500000,553.45,554.5,549.55,552.89,1395.461
1784309400000,552.89,553.05,549.16,549.6,1221.237
1784310300000,549.6,550.85,548.03,548.62,731.572
1784311200000,548.62,549.82,546.04,548.01,865.642
1784312100000,548.01,548.01,545.05,546.29,525.96
1784313000000,546.29,549,544.76,548.91,1317.355
1784313900000,548.91,550.63,548.31,548.76,1401.462
1784314800000,548.76,549.45,542.06,543.54,1845.693
1784315700000,543.54,546.92,543.33,546.74,1100.848
1784316600000,546.74,547.82,545.55,547.05,586.841
1784317500000,547.05,547.63,545.87,546.01,457.698
1784318400000,546.01,546.07,543.25,544.46,719.991
1784319300000,544.46,545.87,544.22,544.72,329.758
1784320200000,544.72,544.87,540.8,542.29,908.993
1784321100000,542.29,543.36,540.83,542.42,811.279
1784322000000,542.42,545.9,542.42,545,568.931
1784322900000,545,545.55,543.61,544.42,202.749
1784323800000,544.42,544.42,542.47,543.23,240.865
1784324700000,543.23,544.22,542.59,543.07,324.461
1784325600000,543.07,544.98,542.05,544.64,316.889
1784326500000,544.64,544.69,542.18,542.35,330.796
1784327400000,542.35,543.74,542,542.83,321.719
1784328300000,542.83,543.77,542.3,542.73,348.053
1784329200000,542.73,542.83,538.1,539.31,1507.532
1784330100000,539.31,544.75,539.28,544.53,426.431
1784331000000,544.53,546.65,544.13,545.93,711.705
1784331900000,545.93,547.74,545.65,547.3,467.434
1784332800000,547.3,548,544.78,546.12,386.362
1784333700000,546.12,547.09,545,546.08,307.706
1784334600000,546.08,547.3,544.75,545.47,1719.941
1784335500000,545.47,546.59,545.32,546.57,128.773
1784336400000,546.57,547.13,545.41,545.61,146.343
1784337300000,545.61,547.84,545.33,547.5,271.294
1784338200000,547.5,549.2,546.15,546.88,638.136
1784339100000,546.88,548.96,546.83,547.81,474.314
1784340000000,547.81,548.43,546.55,547.09,264.868
1784340900000,547.09,549.94,547.09,549.73,594.717
1784341800000,549.73,550.89,548.23,548.68,902.648
1784342700000,548.68,548.8,545.82,545.84,828.883
1784343600000,545.84,548.26,545.57,547.66,285.047
1784344500000,547.66,547.94,545.79,546.19,105.244
1784345400000,546.19,547.2,545.84,546.06,258.452
1784346300000,546.06,546.7,544.15,546.7,873.557
1784347200000,546.7,546.93,544.76,545.95,222.271
1784348100000,545.95,545.95,542.88,544.22,603.135
1784349000000,544.22,544.99,542.97,543.52,226.91
1784349900000,543.52,545.63,543.52,544.09,926.697
1784350800000,544.09,544.09,541.51,542.14,334.337
1784351700000,542.14,543.22,541.17,542.95,377.58
1784352600000,542.95,543.07,541.34,541.79,195.557
1784353500000,541.79,542.65,539.01,540.35,654.796
1784354400000,540.35,540.5,538.78,538.95,563.433
1784355300000,538.95,542.1,538.64,541.52,677.657
1784356200000,541.52,541.54,539.71,539.79,239.903
1784357100000,539.79,541.48,538.23,538.49,696.664
1784358000000,538.49,538.73,534.76,536.29,1255.314
1784358900000,536.29,538.45,535.2,538.08,760.685
1784359800000,538.08,539.98,536.97,539.76,599.832
1784360700000,539.76,541.12,539.31,541.03,552.616
1784361600000,541.03,541.03,538.65,540.02,521.075
1784362500000,540.02,541.26,539.58,540.33,582.14
1784363400000,540.33,542.41,538.98,539.56,761.453
1784364300000,539.56,539.83,538.47,538.91,412.098
1784365200000,538.91,540.43,537.98,539.95,543.276
1784366100000,539.95,540.37,536.68,538.4,1251.383
1784367000000,538.4,539.37,537.44,538.04,441.218
1784367900000,538.04,538.99,537.65,538.34,455.11
1784368800000,538.34,539.6,538.14,539.4,380.288
1784369700000,539.4,539.48,537.62,539.24,209.513
1784370600000,539.24,540,538.07,538.35,192.85
1784371500000,538.35,540.03,537.8,539.71,370.681
1784372400000,539.71,540.34,538.3,538.75,221.713
1784373300000,538.75,540.76,538.64,540.05,343.391
1784374200000,540.05,540.49,538.92,539.86,227.753
1784375100000,539.86,542.61,539.8,542.49,886.928
1784376000000,542.49,547.61,542.49,544.72,1291.839
1784376900000,544.72,545.22,543.08,543.87,1238.139
1784377800000,543.87,547.48,543.84,546.81,989.599
1784378700000,546.81,549.44,546.43,546.58,1188.956
1784379600000,546.58,546.58,541.33,541.99,1245.216
1784380500000,541.99,542.85,539.18,542.65,1258.912
1784381400000,542.65,544.55,542.35,543.29,635.437
1784382300000,543.29,544.77,543.29,544.2,264.608
1784383200000,544.2,547.77,543.41,547.14,1863.897
1784384100000,547.14,547.32,545.34,547.2,391.131
1784385000000,547.2,549.2,546.65,548.89,825.244
1784385900000,548.89,563.47,547.89,557.98,7846.49
1784386800000,557.98,558.87,553.91,555.07,2561.448
1784387700000,555.07,558.8,554.91,555.6,1421.884
1784388600000,555.6,558.06,552.32,554.27,1691.843
1784389500000,554.27,559.7,553.64,556.93,3397.4
1784390400000,556.93,557.92,555.33,556.23,1168.377
1784391300000,556.23,556.23,553.77,554.75,1207.228
1784392200000,554.75,556.42,553.88,555.75,599.3
1784393100000,555.75,558.26,554.93,556.57,1579.297
1784394000000,556.57,556.63,555.1,555.33,289.158
1784394900000,555.33,555.95,551.15,552.16,1086.543
1784395800000,552.16,558.91,551.83,558.45,512.649
1784396700000,558.45,562.31,558.26,559.26,1396.903
1784397600000,559.26,560.34,557.17,558.69,973.787
1784398500000,558.69,562.1,557.39,558.89,1279.264
1784399400000,558.89,558.89,556.52,557.78,438.852
1784400300000,557.78,559.45,557.38,557.92,745.676
1784401200000,557.92,558.92,557.1,557.46,186.369
1784402100000,557.46,559.79,557.33,557.58,481.637
1784403000000,557.58,557.69,554.27,556.79,1146.704
1784403900000,556.79,557.69,556.04,556.79,292.676
1784404800000,556.79,557.7,554.56,555.62,338.827
1784405700000,555.62,557.05,554.12,554.51,602.673
1784406600000,554.51,557.87,554.07,557.4,899.624
1784407500000,557.4,559.19,556.09,558.57,744.311
1784408400000,558.57,559.24,556.94,558.99,533.452
1784409300000,558.99,559.13,556.61,556.66,611.031
1784410200000,556.66,557.46,555.51,555.53,189.24
1784411100000,555.53,559.12,555.19,558.58,340.735
1784412000000,558.58,561.47,558.11,558.18,910.47
1784412900000,558.18,559.03,556.67,557.24,421.143
1784413800000,557.24,559.22,556.42,558.37,774.734
1784414700000,558.37,561.55,558.27,560.95,1397.308
1784415600000,560.95,562.81,559.69,559.79,1395.83
1784416500000,559.79,561.72,559.29,560.48,492.826
1784417400000,560.48,560.48,558.53,558.68,328.029
1784418300000,558.68,559.51,558.34,558.5,333.762
1784419200000,558.5,559.3,556.98,557.52,347.71
1784420100000,557.52,558.11,556.32,556.32,445.679
1784421000000,556.32,557.3,555.69,556.66,299.921
1784421900000,556.66,556.9,555.35,555.51,452.279
1784422800000,555.51,556.89,555.38,556.34,428.204
1784423700000,556.34,557.44,556.25,556.52,355.217
1784424600000,556.52,556.72,554.43,554.54,578.032
1784425500000,554.54,555.43,551.43,555.32,1413.492
1784426400000,555.32,560.75,554.75,560.72,1046.305
1784427300000,560.72,561.55,558.18,558.27,414.285
1784428200000,558.27,561.15,557.87,557.96,504.329
1784429100000,557.96,559.47,556.8,559.06,463.751
1784430000000,559.06,559.46,557.94,558.78,390.811
1784430900000,558.78,559.06,554.74,555.36,858.395
1784431800000,555.36,556.12,555.14,555.3,245.018
1784432700000,555.3,556.66,554.8,555.49,198.8
1784433600000,555.49,555.75,554.3,554.89,447.393
1784434500000,554.89,555.88,553.95,555.1,271.412
1784435400000,555.1,559.46,555.1,557.82,429.343
1784436300000,557.82,559.32,557.59,558.42,229.151
1784437200000,558.42,559.6,558.2,558.84,315.525
1784438100000,558.84,558.93,556.8,557.05,242.638
1784439000000,557.05,559.08,556.65,558.51,622.923
1784439900000,558.51,560.55,558.43,560.02,412.978
1784440800000,560.02,560.15,557.77,558.48,484.853
1784441700000,558.48,559.03,557.44,558.29,294.695
1784442600000,558.29,560.21,558.1,559.56,196.79
1784443500000,559.56,560.01,558.11,558.81,213.795
1784444400000,558.81,559.6,558.5,559.29,259.786
1784445300000,559.29,560.88,558.95,560.17,427.835
1784446200000,560.17,560.81,559.05,559.63,558.391
1784447100000,559.63,559.9,557.88,559.45,730.548
1784448000000,559.45,561.16,558.96,559.26,509.416
1784448900000,559.26,559.99,557.57,559.92,478.679
1784449800000,559.92,568.69,558.93,563.86,3075.845
1784450700000,563.86,564.81,563.04,563.83,490.866
1784451600000,563.83,564.09,561.6,561.81,474.332
1784452500000,561.81,561.87,557.81,558.89,665.546
1784453400000,558.89,561.63,558.7,560,980.118
1784454300000,560,560.44,558.72,559.76,408.774
1784455200000,559.76,560.4,558.41,559.63,351.977
1784456100000,559.63,561.48,559.63,561.25,212.585
1784457000000,561.25,561.8,560.38,560.4,371.692
1784457900000,560.4,560.96,558.66,558.79,478.879
1784458800000,558.79,558.79,556,557.63,1505.27
1784459700000,557.63,558.77,555.27,555.83,553.568
1784460600000,555.83,557.26,555.53,556.74,315.527
1784461500000,556.74,557.27,555.32,555.5,795.742
1784462400000,555.5,556.45,552.33,553.77,1293.437
1784463300000,553.77,557.33,553.77,555.4,616.355
1784464200000,555.4,556.8,555.32,556.45,338.468
1784465100000,556.45,557.3,555.77,555.98,302.859
1784466000000,555.98,556.27,553.53,554.77,721.471
1784466900000,554.77,556.01,554.44,555.4,347.807
1784467800000,555.4,557.76,555.4,555.9,392.092
1784468700000,555.9,557.6,555.56,557.22,401.401
1784469600000,557.22,560.47,556.61,558.5,954.762
1784470500000,558.5,558.62,553.61,554.61,1986.758
1784471400000,554.61,556.63,554.53,555.25,757.249
1784472300000,555.25,557.48,555.25,555.83,371.814
1784473200000,555.83,556.28,554.1,554.19,228.158
1784474100000,554.19,554.63,552.81,552.81,777.389
1784475000000,552.81,555.27,552.48,554.56,796.857
1784475900000,554.56,554.58,552.52,552.96,377.053
1784476800000,552.96,554.05,547.86,549.61,1974.953
1784477700000,549.61,551.93,548.88,551.18,931.469
1784478600000,551.18,552.38,550.27,552.08,316.266
1784479500000,552.08,552.39,550.94,551.22,329.662
1784480400000,551.22,554.37,548.78,554.06,907.991
1784481300000,554.06,554.49,552.75,553.9,627.347
1784482200000,553.9,555.16,553.03,553.49,386.345
1784483100000,553.49,553.49,551.14,551.34,397.841
1784484000000,551.34,552.14,546.71,550.31,1889.941
1784484900000,550.31,550.9,547.86,547.86,425.848
1784485800000,547.86,549.99,547.23,548.85,912.018
1784486700000,548.85,549.44,547.69,549.44,318.139
1784487600000,549.44,549.63,548.06,548.98,400.799
1784488500000,548.98,550.05,548.98,549.99,291.903
1784489400000,549.99,550.12,548.64,549.48,464.965
1784490300000,549.48,550.18,549.1,549.76,264.316
1784491200000,549.76,554.08,549.53,550.99,582.71
1784492100000,550.99,551,548.3,549.91,732.365
1784493000000,549.91,551.87,549.77,551.69,150.136
1784493900000,551.69,552.13,551.01,551.62,283.436
1784494800000,551.62,551.78,549.76,551.31,275.336
1784495700000,551.31,551.31,550.02,550.94,87.673
1784496600000,550.94,550.94,548.55,548.89,407.922
1784497500000,548.89,549.07,545.13,547.6,711.215
1784498400000,547.6,551.07,547.17,550.09,779.862
1784499300000,550.09,552.97,547.54,547.54,998.177
1784500200000,547.54,548.94,545.05,547.43,1989
1784501100000,547.43,547.43,543.07,545.34,1019.763
1784502000000,545.34,546.2,541.65,546.11,1245.791
1784502900000,546.11,548.36,544.57,546.93,625.567
1784503800000,546.93,548.52,546.34,547.55,857.734
1784504700000,547.55,548.3,546.21,547.91,307.982
1784505600000,547.91,554.17,544.47,553.57,1750.091
1784506500000,553.57,554.87,550.08,550.79,1537.558
1784507400000,550.79,552.95,549.72,552.62,1057.13
1784508300000,552.62,552.64,545.01,545.78,1590.657
1784509200000,545.78,553.45,545.58,550.15,1177.755
1784510100000,550.15,551.07,546.21,549.37,726.992
1784511000000,549.37,549.74,542.64,543.37,1054.394
1784511900000,543.37,543.65,536.27,538.97,3924.522
1784512800000,538.97,543.66,538.64,541.32,1232.809
1784513700000,541.32,541.71,536.49,537.07,1228.07
1784514600000,537.07,540.07,535.7,537.72,2175.819
1784515500000,537.72,540.42,537.1,537.63,978.63
1784516400000,537.63,539.7,536.43,539.48,965.238
1784517300000,539.48,539.83,531.95,533.11,1954.32
1784518200000,533.11,537.13,532.99,537.13,1203.525
1784519100000,537.13,537.35,535.39,536.78,502.003
1784520000000,536.78,536.85,534,534.57,697.527
1784520900000,534.57,536.54,532.78,536.2,1064.021
1784521800000,536.2,538.09,535.22,536.15,727.342
1784522700000,536.15,536.28,531.35,531.84,1334.773
1784523600000,531.84,532.53,527.58,529.94,2652.889
1784524500000,529.94,533.23,528.46,531.28,1748.284
1784525400000,531.28,532.47,530.53,531.29,752.725
1784526300000,531.29,532.79,530.43,532.08,670.911
1784527200000,532.08,533.85,531.37,532.87,696.252
1784528100000,532.87,533.47,529.84,530.69,580.159
1784529000000,530.69,531.1,527.04,530.11,2142.768
1784529900000,530.11,530.26,529.08,529.58,316.394
1784530800000,529.58,531.15,529.55,530.57,404.526
1784531700000,530.57,533.01,529.36,532.53,1483.008
1784532600000,532.53,533.46,531.07,532.58,827.743
1784533500000,532.58,533.16,531.13,531.85,427.598
1784534400000,531.85,532.02,528.31,528.73,1145.166
1784535300000,528.73,530.13,528.34,528.54,558.733
1784536200000,528.54,529.3,525.32,526.92,1674.677
1784537100000,526.92,528.65,526.88,528.17,371.285
1784538000000,528.17,528.2,526.6,527.6,482.879
1784538900000,527.6,530.36,527.39,529.94,1273.496
1784539800000,529.94,530.9,529.45,530.37,827.578
1784540700000,530.37,531.82,530.04,530.1,830.292
1784541600000,530.1,531.59,529.34,530.18,825.966
1784542500000,530.18,534.47,529.6,532.99,1473.749
1784543400000,532.99,533.53,530.37,531.28,503.756
1784544300000,531.28,532.86,530.37,531.27,398.99
1784545200000,531.27,534.49,531.27,532.41,951.343
1784546100000,532.41,532.87,530.52,531.36,439.302
1784547000000,531.36,539.78,531.24,536.07,3639.265
1784547900000,536.07,539.75,536.07,538.59,1122.01
1784548800000,538.59,538.59,534.2,537.08,1369
1784549700000,537.08,538.01,536.22,537.15,486.998
1784550600000,537.15,537.95,535.66,536.46,713.762
1784551500000,536.46,538.16,535.9,537.23,659.607
1784552400000,537.23,537.49,535.86,536.26,526.945
1784553300000,536.26,536.57,533.37,534.8,779.196
1784554200000,534.8,536.97,533.56,535.23,834.249
1784555100000,535.23,535.65,527.17,529.11,3345.608
1784556000000,529.11,531.14,527.57,527.71,996.914
1784556900000,527.71,530.99,525.83,530.85,1085.577
1784557800000,530.85,532.11,528.04,530.06,843.57
1784558700000,530.06,531.34,527.45,529.27,1028.622
1784559600000,529.27,539.52,528.72,537.55,3269.007
1784560500000,537.55,538.62,535.19,536.5,1531.087
1784561400000,536.5,541.85,533.83,540.97,1641.462
1784562300000,540.97,548.82,540.44,546.9,4225.502
1784563200000,546.9,552.62,544.7,550.75,3534.148
1784564100000,550.75,552.99,548.58,549.49,1859.305
1784565000000,549.49,553.4,548.56,550.99,1638.059
1784565900000,550.99,556.71,550.89,555.95,2079.841
1784566800000,555.95,557.45,553.74,553.94,1392.566
1784567700000,553.94,553.94,551.78,552.27,1047.263
1784568600000,552.27,552.85,550.14,551.39,1092.278
1784569500000,551.39,554.01,550.12,550.54,1084.112
1784570400000,550.54,554.79,549.41,554.36,1644.201
1784571300000,554.36,556.58,552.78,552.78,1029.523
1784572200000,552.78,552.78,550.48,550.63,890.66
1784573100000,550.63,551.34,545.68,547.34,1880.086
1784574000000,547.34,549.45,545.85,545.91,1400.183
1784574900000,545.91,547.44,545.13,547.02,1017.234
1784575800000,547.02,547.7,545.06,547.15,1234.581
1784576700000,547.15,550.9,546.66,547.23,817.053
1784577600000,547.23,548.24,545.91,547.31,379.694
1784578500000,547.31,548.06,545.68,545.68,288.579
1784579400000,545.68,549.35,545.59,547.69,326.945
1784580300000,547.69,549.14,546.81,548.47,145.698
1784581200000,548.47,548.97,547.1,547.64,571.135
1784582100000,547.64,550.33,546.54,549.6,1183.478
1784583000000,549.6,552.3,549.57,549.62,330.274
1784583900000,549.62,549.7,546.41,546.96,199.253
1784584800000,546.96,548.38,545.25,547.69,152.479
1784585700000,547.69,548.99,547.2,548.82,253.046
1784586600000,548.82,549.16,546.48,548.14,560.968
1784587500000,548.14,548.49,545.69,546.2,507.031
1784588400000,546.2,548.32,545.46,546.8,463.454
1784589300000,546.8,547.32,546.21,546.4,199.857
1784590200000,546.4,546.91,541.15,542.89,1508.617
1784591100000,542.89,543.83,541.88,543.49,299.866
1784592000000,543.49,543.49,540.61,540.85,330.176
1784592900000,540.85,544.94,540.11,544.37,719.606
1784593800000,544.37,549.9,544.17,548.67,567.702
1784594700000,548.67,550.59,547.74,548.57,386.617
1784595600000,548.57,549.48,546.6,548.08,388.929
1784596500000,548.08,548.17,545.71,546.33,589.398
1784597400000,546.33,546.87,544.06,545.28,707.098
1784598300000,545.28,545.28,539.15,540.59,1506.41
1784599200000,540.59,543.35,539.63,540.83,1348.139
1784600100000,540.83,541.34,538.8,539.77,313.192
1784601000000,539.77,541.98,539.66,541.86,354.442
1784601900000,541.86,544.94,541.39,543.65,681.084
1784602800000,543.65,553.58,543.61,552,1607.87
1784603700000,552,552.88,548.71,550.98,460.649
1784604600000,550.98,551.28,549.29,549.78,220.533
1784605500000,549.78,550.55,547.85,550.31,438.694
1784606400000,550.31,552.17,547.32,547.52,912.287
1784607300000,547.52,549.26,546.95,547.56,438.757
1784608200000,547.56,548.12,546.34,546.81,219.611
1784609100000,546.81,548.43,546.18,547.39,485.346
1784610000000,547.39,547.39,545.03,546.09,400.551
1784610900000,546.09,549.96,545.42,548.81,361.83
1784611800000,548.81,548.97,546.6,547.03,343.276
1784612700000,547.03,550.88,546.89,549.98,924.451
1784613600000,549.98,552.26,548.73,549.59,1408.536
1784614500000,549.59,551.56,548.84,550.3,311.318
1784615400000,550.3,556.02,550.11,553.05,2113.416
1784616300000,553.05,553.19,549.21,549.35,760.411
1784617200000,549.35,550.6,547.67,548.23,741.843
1784618100000,548.23,548.64,546.8,547.59,1015.126
1784619000000,547.59,549.62,546.72,547.99,630.63
1784619900000,547.99,550.95,547.23,550.36,1191.927
1784620800000,550.36,550.54,546.28,547.33,1306.883
1784621700000,547.33,549.74,544.78,545.72,1111.315
1784622600000,545.72,546.97,545.09,545.43,535.984
1784623500000,545.43,545.65,541.38,541.53,2340.404
1784624400000,541.53,541.68,538.83,539.92,1929.286
1784625300000,539.92,540.61,535.89,536.97,3495.067
1784626200000,536.97,540.47,536.97,540.01,2041.366
1784627100000,540.01,542.42,537.38,538.03,1790.31
1784628000000,538.03,538.94,536.36,537.75,630.575
1784628900000,537.75,539.76,536.59,538.3,757.028
1784629800000,538.3,539.22,536.61,536.96,842.324
1784630700000,536.96,537.07,533.21,536.44,1452.596
1784631600000,536.44,540.03,535.68,538.91,1511.333
1784632500000,538.91,541.31,537.99,541.19,1173.212
1784633400000,541.19,544.33,541.05,542.87,2704.544
1784634300000,542.87,545,542.64,544.82,781.076
1784635200000,544.82,544.96,542.46,543.94,794.704
1784636100000,543.94,544.02,540.9,541.72,879.685
1784637000000,541.72,543.59,541.63,543.32,275.859
1784637900000,543.32,544,542.11,543.09,335.554
1784638800000,543.09,547.72,540.68,545.84,1658.685
1784639700000,545.84,546.47,543.72,544.12,612.846
1784640600000,544.12,545.66,541.08,542.03,745.604
1784641500000,542.03,549.86,541.39,549.1,1002.539
1784642400000,549.1,550.18,545.83,547.76,2161.926
1784643300000,547.76,547.76,543.02,544.32,401.013
1784644200000,544.32,545.32,542.31,545.17,806.193
1784645100000,545.17,545.66,541.18,542.2,743.584
1784646000000,542.2,542.55,539.44,541.23,1272.188
1784646900000,541.23,543.51,537.88,537.98,1409.676
1784647800000,537.98,540.94,537.42,539.94,594.346
1784648700000,539.94,541.9,538.42,541.55,740.913
1784649600000,541.55,543.12,541.26,541.57,455.789
1784650500000,541.57,542.21,536.77,537.42,1073.166
1784651400000,537.42,539.49,536.21,537.65,578.491
1784652300000,537.65,540.63,537.09,539.34,903.187
1784653200000,539.34,539.63,535.15,535.99,758.937
1784654100000,535.99,536.21,529.34,532.05,4353.111
1784655000000,532.05,534.78,531.59,534.15,626.813
1784655900000,534.15,537.34,532.38,536.63,1712.927
1784656800000,536.63,537.74,534.7,534.79,701.84
1784657700000,534.79,535.99,534.6,535.14,218.452
1784658600000,535.14,535.5,534.01,534.63,133.299
1784659500000,534.63,535.09,533.21,533.69,310.779
1784660400000,533.69,533.99,530.21,530.93,1547.276
1784661300000,530.93,533.17,530.82,531.43,393.755
1784662200000,531.43,533,527,532.29,1904.687
1784663100000,532.29,534.82,532.05,532.42,624.771
1784664000000,532.42,533.56,531.27,532.74,438.313
1784664900000,532.74,532.74,530.91,531.52,143.438
1784665800000,531.52,533.25,531.14,531.22,684.27
1784666700000,531.22,531.22,529.45,529.63,274.328
1784667600000,529.63,533.4,528.91,533.25,1100.367
1784668500000,533.25,535.6,531.75,533.67,623.133
1784669400000,533.67,534.55,532.78,534.08,199.494
1784670300000,534.08,534.08,532.78,533.65,332.197
1784671200000,533.65,534.15,532.3,532.97,353.936
1784672100000,532.97,533.73,531.31,533.73,323.827
1784673000000,533.73,534.24,532.13,532.56,308.468
1784673900000,532.56,533.89,532.11,533.88,397.465
1784674800000,533.88,533.97,531.7,532.45,371.639
1784675700000,532.45,532.88,530.73,532.02,346.759
1784676600000,532.02,533.1,531.62,531.82,382.016
1784677500000,531.82,532.77,530.82,532.6,596.831
1784678400000,532.6,535.61,531.73,535.25,619.065
1784679300000,535.25,537.83,535.13,536.19,813.64
1784680200000,536.19,537.21,535.14,536.24,403.946
1784681100000,536.24,536.57,534.03,534.04,268.459
1784682000000,534.04,535.09,532.42,532.52,299.686
1784682900000,532.52,533.38,531.35,531.63,329.526
1784683800000,531.63,532.51,530.28,531.46,648.71
1784684700000,531.46,533.24,530.73,530.97,152.007
1784685600000,530.97,532.36,529.37,532.36,365.028
1784686500000,532.36,533.2,531.3,532.25,333.945
1784687400000,532.25,532.25,530.68,531.24,244.758
1784688300000,531.24,532.53,530.1,530.35,380.489
1784689200000,530.35,531.59,527.57,528.25,1014.655
1784690100000,528.25,531,528.07,530.04,421.042
1784691000000,530.04,530.5,528.31,530.29,717.77
1784691900000,530.29,531.44,516.76,520.5,4889.698
1784692800000,520.5,522,518.46,521.85,964.217
1784693700000,521.85,522.19,521.2,521.46,630.095
1784694600000,521.46,523.27,520.98,523.04,727.527
1784695500000,523.04,523.32,522.1,523.23,367.891
1784696400000,523.23,523.36,520.78,521.41,465.506
1784697300000,521.41,521.68,519.4,520.58,709.427
1784698200000,520.58,521.56,518.89,520.39,805.704
1784699100000,520.39,520.6,517.16,517.8,1456.868
1784700000000,517.8,519.66,517.24,518.95,1754.065
1784700900000,518.95,519.59,517.03,517.6,464.61
1784701800000,517.6,518.63,516.42,518.02,926.665
1784702700000,518.02,518.02,513.51,513.75,2000.986
1784703600000,513.75,515.08,513.56,514.04,1222.01
1784704500000,514.04,514.12,511.4,512.75,1816.009
1784705400000,512.75,514.87,510.67,514.68,1433.541
1784706300000,514.68,514.79,512.83,514.16,529.237
1784707200000,514.16,516.83,514.07,515.31,984.838
1784708100000,515.31,518.8,514.92,516.71,812.696
1784709000000,516.71,517.95,515.78,516.35,908.528
1784709900000,516.35,518.96,515.7,516.48,1418.833
1784710800000,516.48,516.89,514.9,515.21,747.273
1784711700000,515.21,515.35,513.36,513.53,405.418
1784712600000,513.53,514.85,513.38,514.81,285.531
1784713500000,514.81,515.88,514.23,515.72,690.994
1784714400000,515.72,516.61,515.11,515.27,603.263
1784715300000,515.27,517.77,515.27,517.26,525.863
1784716200000,517.26,518.18,516.62,517,187.953
1784717100000,517,517.84,515.61,516.15,285.295
1784718000000,516.15,516.7,515.36,516.09,285.231
1784718900000,516.09,516.38,515.11,515.26,145.7
1784719800000,515.26,515.28,511.55,512.09,1063.225
1784720700000,512.09,513.49,512.09,513.1,282.143
1784721600000,513.1,514.11,511.41,513.78,859.266
1784722500000,513.78,514.68,512.44,513.5,777.518
1784723400000,513.5,513.88,512.44,513.43,238.117
1784724300000,513.43,514.73,511.18,513.21,1315.163
1784725200000,513.21,515.13,512.45,513.9,178.594
1784726100000,513.9,515.06,513.61,514.67,263.323
1784727000000,514.67,517.35,514.17,517.05,840.172
1784727900000,517.05,518.74,515.18,516.6,2199.62
1784728800000,516.6,518.85,515.19,516.03,884.64
1784729700000,516.03,516.03,511.05,511.13,730.363
1784730600000,511.13,514.18,509.36,511.42,1363.305
1784731500000,511.42,512.62,510.33,511.26,571.768
1784732400000,511.26,514.15,510.45,513.97,605.836
1784733300000,513.97,517.63,513.88,516.88,922.402
1784734200000,516.88,517.28,515.1,516.01,318.955
1784735100000,516.01,516.39,505.77,507.91,2938.915
1784736000000,507.91,512.23,505.67,512.23,1567.958
1784736900000,512.23,512.89,509.3,511.07,732.323
1784737800000,511.07,516.07,510.8,513.74,973.726
1784738700000,513.74,514.23,511.76,513.03,216.674
1784739600000,513.03,517.2,511.82,514.32,676.82
1784740500000,514.32,514.63,510.49,510.83,496.673
1784741400000,510.83,516.05,510.45,514.92,1647.782
1784742300000,514.92,516.38,513.7,515.69,611.43
1784743200000,515.69,517,513.82,514.22,877.117
1784744100000,514.22,517.35,513.63,513.87,785.8
1784745000000,513.87,513.87,509.35,510.34,1160.643
1784745900000,510.34,513.2,509.94,512.31,239.706
1784746800000,512.31,512.72,510.24,511.15,189.484
1784747700000,511.15,513.86,510.9,512.31,249.596
1784748600000,512.31,513.07,509.57,510.11,715.594
1784749500000,510.11,510.56,508.52,509.47,678.631
1784750400000,509.47,510.47,507.95,510.46,605.739
1784751300000,510.46,511.87,510.11,511.8,455.273
1784752200000,511.8,513.24,511.52,512.73,333.856
1784753100000,512.73,513.5,512.16,513.2,138.956
1784754000000,513.2,513.81,510.89,511.46,501.778
1784754900000,511.46,511.94,509.81,510.55,405.488
1784755800000,510.55,513.17,510.34,512.97,436.617
1784756700000,512.97,514.23,512.61,513.7,364.778
1784757600000,513.7,514.12,512.73,513.51,477.936
1784758500000,513.51,513.57,512.18,512.43,354.535
1784759400000,512.43,512.43,510.63,512.16,374.481
1784760300000,512.16,514.04,511.78,513.8,283.76
1784761200000,513.8,513.93,510.62,510.91,635.119
1784762100000,510.91,511.22,508.72,510.39,479.899
1784763000000,510.39,511.78,509.86,511.69,266.643
1784763900000,511.69,515.85,511.33,515.22,863.197
1784764800000,515.22,517.02,514.07,516.97,710.614
1784765700000,516.97,521.1,515.79,518.59,943.953
1784766600000,518.59,520.07,517.75,517.93,464.037
1784767500000,517.93,519.07,515.44,515.49,553.744
1784768400000,515.49,515.74,513.2,514.53,1131.784
1784769300000,514.53,516.4,513.03,515.61,382.718
1784770200000,515.61,515.79,513.45,515.43,496.886
1784771100000,515.43,517.53,515.08,516.34,387.409
1784772000000,516.34,517.4,515.47,516.18,387.467
1784772900000,516.18,517.47,515.24,517.18,441.383
1784773800000,517.18,518.47,515.65,515.99,235.042
1784774700000,515.99,516.96,515.66,516.45,330.706
1784775600000,516.45,516.92,513.79,514.62,714.013
1784776500000,514.62,514.88,512.28,514.36,402.409
1784777400000,514.36,515.94,513.88,514.83,252.384
1784778300000,514.83,515.35,513.08,513.78,565.945
1784779200000,513.78,514.61,512.37,514.06,357.949
1784780100000,514.06,515.36,513.29,514.17,439.275
1784781000000,514.17,514.31,511.66,512.34,609.196
1784781900000,512.34,513.54,511.16,511.91,438.564
1784782800000,511.91,513.45,511.78,512.7,442.865
1784783700000,512.7,516.14,511.91,516.11,309.482
1784784600000,516.11,517.45,515.48,515.53,361.969
1784785500000,515.53,515.55,513.54,514.41,495.247
1784786400000,514.41,515.28,513.58,514.78,492.454
1784787300000,514.78,515.26,513.63,515.25,405.036
1784788200000,515.25,518.15,514.54,515.74,763.336
1784789100000,515.74,516.87,515.28,516.67,628.4
1784790000000,516.67,516.74,513.01,514.17,1213.281
1784790900000,514.17,515.96,513.17,515.68,387.643
1784791800000,515.68,515.85,513.53,513.65,578.479
1784792700000,513.65,514.98,513.4,514.2,270.948
1784793600000,514.2,515.87,513.54,515.85,360.842
1784794500000,515.85,517.17,515.45,516.84,357.271
1784795400000,516.84,517.59,514.4,515.58,424.243
1784796300000,515.58,515.91,514.03,515.34,224.915
1784797200000,515.34,518.02,515.01,516.64,1271.705
1784798100000,516.64,517.65,516.4,517.21,409.797
1784799000000,517.21,517.77,515.47,515.68,932.261
1784799900000,515.68,516.35,514.68,515.76,431.095
1784800800000,515.76,516.71,514.98,515.92,286.007
1784801700000,515.92,516.3,514.51,514.9,265.219
1784802600000,514.9,515.58,514.54,514.81,500.67
1784803500000,514.81,515.24,514.36,514.6,195.484
1784804400000,514.6,516.12,514.4,515.89,144.247
1784805300000,515.89,516.14,514.51,515.64,222.604
1784806200000,515.64,516.61,515.26,516.28,272.083
1784807100000,516.28,517.54,516.01,517.4,926.245
1784808000000,517.4,517.79,515.98,517.6,576.495
1784808900000,517.6,517.85,514.37,514.77,960.36
1784809800000,514.77,514.86,510.48,511.25,1127.712
1784810700000,511.25,513.93,509.11,513.34,1204.183
1784811600000,513.34,513.96,511.05,512.05,1094.816
1784812500000,512.05,513.42,511.1,512.64,905.421
1784813400000,512.64,519.84,512.57,517.73,2294.493
1784814300000,517.73,517.87,514.6,514.85,1242.219
1784815200000,514.85,517.52,512.1,516.78,1210.262
1784816100000,516.78,519.5,516.66,517.9,929.598
1784817000000,517.9,522.98,516.56,516.74,1544.56
1784817900000,516.74,516.8,513.16,514.11,870.558
1784818800000,514.11,514.57,510.18,511.8,1777.874
1784819700000,511.8,516.23,511.25,515.01,1140.997
1784820600000,515.01,515.64,513.46,513.59,278.791
1784821500000,513.59,515.83,512.74,514.67,371.44
1784822400000,514.67,515.27,512.01,514.82,1447.571
1784823300000,514.82,516.23,512.42,516.09,874.81
1784824200000,516.09,516.09,512.95,514.7,1218.467
1784825100000,514.7,515.67,513.95,513.95,244.274
1784826000000,513.95,514.62,513.21,513.32,207.678
1784826900000,513.32,513.67,512.66,512.83,439.892
1784827800000,512.83,513.26,509.51,509.6,523.785
1784828700000,509.6,510.2,503.42,504.96,2761.803
1784829600000,504.96,507.91,504.54,506.6,1164.504
1784830500000,506.6,510.88,502.74,510.24,1649.422
1784831400000,510.24,510.76,506.68,507.75,798.569
1784832300000,507.75,510.87,507.6,509.53,424.471
1784833200000,509.53,509.55,505.77,506.88,771.425
1784834100000,506.88,509.22,506.88,508.49,339.783
1784835000000,508.49,508.99,506.06,506.44,451.655
1784835900000,506.44,506.59,496,499.83,6062.344
1784836800000,499.83,504.94,499.34,504.33,883.985
1784837700000,504.33,505.03,502.88,502.99,372.819
1784838600000,502.99,503.17,501.76,502.62,570.388
1784839500000,502.62,503.96,501.69,503.83,610.187
1784840400000,503.83,506.8,503.5,503.86,1026.731
1784841300000,503.86,504.39,502.62,503.45,468.962
1784842200000,503.45,504.25,501.82,502.04,209.999
1784843100000,502.04,503.19,501.93,502.62,276.544
1784844000000,502.62,502.87,500.3,500.46,965.819
1784844900000,500.46,502.09,498.72,500.76,1467.789
1784845800000,500.76,501.93,500.63,501.56,417.466
1784846700000,501.56,502.57,499.72,502.33,128.226
1784847600000,502.33,503.54,502.02,503.32,608.932
1784848500000,503.32,506.07,503.16,505.52,577.362
1784849400000,505.52,505.62,503.6,504.13,394.308
1784850300000,504.13,505.35,503.26,504.49,339.471
1784851200000,504.49,505.19,503.79,504.59,449.138
1784852100000,504.59,505.49,502.77,503.73,692.102
1784853000000,503.73,505.2,501.98,504.7,813.175
1784853900000,504.7,507.8,504.36,507.17,1021.439
1784854800000,507.17,509.93,506.28,507.5,1727.53
1784855700000,507.5,508.43,506,507.65,318.632
1784856600000,507.65,509.35,506.94,508.52,709.017
1784857500000,508.52,509.06,507.1,507.13,287.392
1784858400000,507.13,507.53,505.8,507.37,238.076
1784859300000,507.37,507.37,505.21,506.34,530.841
1784860200000,506.34,506.34,503.57,505.11,583.764
1784861100000,505.11,505.64,503.73,505.53,347.32
1784862000000,505.53,508.94,505.24,508.84,701.591
1784862900000,508.84,511.47,508.84,510.12,1012.916
1784863800000,510.12,510.4,508.94,509.61,311.501
1784864700000,509.61,510.38,508.88,509.57,135.523
1784865600000,509.57,510.38,508.42,508.75,264.962
1784866500000,508.75,509.97,508.63,508.81,572.416
1784867400000,508.81,509,508,508.35,283.914
1784868300000,508.35,509.93,508.11,509.11,694.965
1784869200000,509.11,510.47,507.49,509.61,768.86
1784870100000,509.61,509.64,508.54,509.63,226.926
1784871000000,509.63,509.73,508.26,508.75,190.839
1784871900000,508.75,509.32,507.63,508.28,351.192
1784872800000,508.28,509.67,508.09,509.53,254.873
1784873700000,509.53,510.61,508.24,508.79,570.89
1784874600000,508.79,510.19,507.9,508.62,542.611
1784875500000,508.62,508.8,506.13,506.33,458.582
1784876400000,506.33,510.87,506.08,510.62,545.567
1784877300000,510.62,510.81,508.44,509.69,885.104
1784878200000,509.69,510.08,507.28,508.18,695.647
1784879100000,508.18,510.64,508.05,510.64,246.311
1784880000000,510.64,511.45,509.61,510.2,527.606
1784880900000,510.2,511,509.46,510.71,176.701
1784881800000,510.71,514.51,509.64,509.84,466.35
1784882700000,509.84,509.84,508.47,508.64,397.78
1784883600000,508.64,509.03,507.08,507.25,522.382
1784884500000,507.25,507.75,505.87,505.89,731.904
1784885400000,505.89,508.5,505.31,507.43,532.914
1784886300000,507.43,507.81,505.89,506.13,247.224
1784887200000,506.13,506.17,503.28,503.67,913.844
1784888100000,503.67,503.99,501.47,502.2,1509.411
1784889000000,502.2,502.95,499.09,499.46,1887.479
1784889900000,499.46,500.96,498.72,500.04,806.195
1784890800000,500.04,501.01,498.95,500.79,882.018
1784891700000,500.79,503.18,500.79,502.17,883.937
1784892600000,502.17,502.23,499.54,499.93,1114.098
1784893500000,499.93,502.69,499.25,502.17,1213.361
1784894400000,502.17,502.7,500.94,501.85,434.986
1784895300000,501.85,503.77,500.85,502.39,671.702
1784896200000,502.39,502.64,499.14,499.52,530.757
1784897100000,499.52,500.32,497.24,498.55,1029.943
1784898000000,498.55,499.16,492.34,495.87,3238.372
1784898900000,495.87,499.14,495.06,498.23,863.296
1784899800000,498.23,500.29,496.72,500.13,1604.804
1784900700000,500.13,501.37,497.05,499.78,762.27
1784901600000,499.78,499.9,495.82,496.23,783.665
1784902500000,496.23,498.95,494.65,498.59,1052.862
1784903400000,498.59,498.59,494.28,494.41,1520.733
1784904300000,494.41,499.64,493.56,498.9,1173.646
1784905200000,498.9,498.9,493.89,497.4,1299.822
1784906100000,497.4,498.29,495.59,495.61,880.791
1784907000000,495.61,497.64,494.64,496.06,3139.829
1784907900000,496.06,496.94,494.71,494.95,565.875
1784908800000,494.95,495.37,492.5,493.26,1398.751
1784909700000,493.26,494.24,490.94,492.74,1765.588
1784910600000,492.74,493.06,490.58,491.24,674.891
1784911500000,491.24,492.96,490.36,491.82,1127.306
1784912400000,491.82,492.1,487.05,489.4,1896.151
1784913300000,489.4,491.29,489.15,491.1,702.785
1784914200000,491.1,493.06,490.89,492.87,1998.009
1784915100000,492.87,494.66,492.08,493.99,857.302
1784916000000,493.99,497,493.42,495.94,920.2
1784916900000,495.94,496.1,493.18,494.25,496.754
1784917800000,494.25,495.07,493.85,494.76,333.689
1784918700000,494.76,496.88,494.57,495.37,653.191
1784919600000,495.37,495.77,493.91,494.57,452.357
1784920500000,494.57,495.78,494.57,495.62,131.695
1784921400000,495.62,496.57,495.48,495.89,486.155
1784922300000,495.89,495.94,494.37,495.39,626.065
1784923200000,495.39,496.24,493.95,494.72,371.081
1784924100000,494.72,495.78,494.66,494.84,110.465
1784925000000,494.84,495.12,493.93,494.45,182.456
1784925900000,494.45,495.71,494.1,495.56,236.918
1784926800000,495.56,495.72,493.71,494.34,568.788
1784927700000,494.34,494.67,491.58,492.52,853.319
1784928600000,492.52,493.24,490.37,491.09,303.648
1784929500000,491.09,491.15,486.87,487.82,1100.144
1784930400000,487.82,489.44,483.59,485.89,2080.632
1784931300000,485.89,486.58,483.72,485.59,1288.218
1784932200000,485.59,488.67,484.63,487.8,828.891
1784933100000,487.8,489.37,486.11,486.48,586.303
1784934000000,486.48,488.52,486.43,486.58,215.896
1784934900000,486.58,487.89,486.03,487.89,450.507
1784935800000,487.89,488.92,487.39,488.01,457.683
1784936700000,488.01,489.09,487.54,488.31,215.522
1784937600000,488.31,489.45,487.5,488.9,259.445
1784938500000,488.9,488.98,486.99,487.1,227.16
1784939400000,487.1,488.25,486.2,486.9,568.858
1784940300000,486.9,488.06,486.09,488.04,488.086
1784941200000,488.04,490.34,487.96,488.56,762.474
1784942100000,488.56,488.98,487.52,488.31,365.629
1784943000000,488.31,488.76,487.62,488.01,225.715
1784943900000,488.01,488.28,486.19,486.63,185.834
1784944800000,486.63,487.67,486.17,486.75,341.661
1784945700000,486.75,487.92,484.21,487.83,1218.56
1784946600000,487.83,488.76,487.28,487.3,195.373
1784947500000,487.3,488.03,486.56,488.03,235.938
1784948400000,488.03,489.48,487.93,488.25,541.715
1784949300000,488.25,489.11,488,488.68,120.276
1784950200000,488.68,490.11,488.16,488.55,541.373
1784951100000,488.55,488.89,487.36,487.85,292.097
1784952000000,487.85,488.11,486.92,488.02,116.822
1784952900000,488.02,488.35,487.24,487.51,235.988
1784953800000,487.51,488.55,486.79,487.75,186.982
1784954700000,487.75,488.31,487.01,487.24,151.496
1784955600000,487.24,488.06,484.28,484.67,487.722
1784956500000,484.67,485.44,484.35,485.44,295.262
1784957400000,485.44,485.48,477.92,480.67,2982.942
1784958300000,480.67,481.11,476.21,476.61,1189.389
1784959200000,476.61,478.83,475.16,478.05,937.006
1784960100000,478.05,478.17,475.63,476.62,601.405
1784961000000,476.62,478.02,476.12,477.68,698.781
1784961900000,477.68,477.79,475.92,477.41,310.394
1784962800000,477.41,477.92,477.15,477.35,205.03
1784963700000,477.35,478.12,476.64,477.34,517.26
1784964600000,477.34,478.27,477.18,477.33,411.614
1784965500000,477.33,477.62,473.59,475.12,2044.875
1784966400000,475.12,475.36,473.04,474.71,824.144
1784967300000,474.71,475.92,474.47,475.67,481.138
1784968200000,475.67,475.99,475.1,475.33,202.234
1784969100000,475.33,475.33,473.39,473.95,729.28
1784970000000,473.95,475.25,473.17,474.96,736.31
1784970900000,474.96,476.46,474.32,476.21,466.939
1784971800000,476.21,477.69,475.88,477.19,680.074
1784972700000,477.19,478.98,477.1,477.38,840.591
1784973600000,477.38,477.79,476.91,477.73,370.592
1784974500000,477.73,478.36,477.09,478.17,258.358
1784975400000,478.17,478.35,477.13,477.33,217.766
1784976300000,477.33,477.92,477.11,477.56,160.486
1784977200000,477.56,479.36,476.82,478.73,810.948
1784978100000,478.73,478.97,477.45,477.45,183.315
1784979000000,477.45,477.92,476.49,477.13,262.305
1784979900000,477.13,478.15,476.74,478.14,173.175
1784980800000,478.14,478.6,477.53,478.27,311.091
1784981700000,478.27,478.78,477.97,478.54,141.133
1784982600000,478.54,478.54,477,477.61,300.998
1784983500000,477.61,478.33,477.08,478.03,312.897
1784984400000,478.03,479.05,477.95,478.51,537.875
1784985300000,478.51,478.66,477.58,477.85,247.64
1784986200000,477.85,478.64,477.22,478.57,479.276
1784987100000,478.57,478.92,476.26,476.51,833.22
1784988000000,476.51,476.52,474.7,476,809.463
1784988900000,476,476.11,474.84,475.04,644.689
1784989800000,475.04,476.13,474.73,475.74,310.133
1784990700000,475.74,476.28,474.34,476.09,565.321
1784991600000,476.09,478.22,476.05,477.8,928.381
1784992500000,477.8,483.75,477.63,479.73,1899.448
1784993400000,479.73,482.26,479.25,481.41,758.101
1784994300000,481.41,482.77,478.9,479.94,1811.697
1784995200000,479.94,481.22,479.05,479.73,440.822
1784996100000,479.73,479.73,477.48,477.8,484.027
1784997000000,477.8,480.71,477.71,479.81,539.787
1784997900000,479.81,479.81,479.1,479.57,351.956
1784998800000,479.57,480.86,479.19,480.32,449.869
1784999700000,480.32,483.32,480.16,482.01,313.445
1785000600000,482.01,485.49,481.76,484.7,746.509
1785001500000,484.7,485.61,483.98,484.29,1045.4
1785002400000,484.29,488.74,484.27,487.72,1713.99
1785003300000,487.72,488.33,485.36,485.82,982.768
1785004200000,485.82,487.64,485.34,485.45,716.346
1785005100000,485.45,487.23,485.39,486.25,204.541
1785006000000,486.25,487.67,485.44,486.62,436.162
1785006900000,486.62,486.62,484.73,484.85,724.62
1785007800000,484.85,485.29,483.39,483.91,339.193
1785008700000,483.91,484.02,482.18,482.61,535.169
1785009600000,482.61,484.53,482.25,483.24,701.815
1785010500000,483.24,484.58,482.59,484.58,828.633
1785011400000,484.58,484.6,479.75,482.94,3154.123
1785012300000,482.94,484.05,482.74,483.79,273.623
1785013200000,483.79,484.17,482.92,483.72,389.332
1785014100000,483.72,485.71,482.72,485.47,995.286
1785015000000,485.47,485.95,484.09,484.81,835.772
1785015900000,484.81,485.48,484.12,484.97,101.56
1785016800000,484.97,485.78,483.88,484.02,770.662
1785017700000,484.02,484.02,482.7,483.6,673.822
1785018600000,483.6,483.89,483.01,483.89,164.663
1785019500000,483.89,484.13,483.11,483.76,275.484
1785020400000,483.76,484.2,483.27,483.94,472.486
1785021300000,483.94,485.16,483.67,485.05,358.045
1785022200000,485.05,485.66,484.48,484.94,532.435
1785023100000,484.94,485.37,484.51,485.08,245.262
1785024000000,485.08,486.22,484.63,486.1,297.517
1785024900000,486.1,488.28,486.02,487.7,462.539
1785025800000,487.7,487.84,486.12,487.67,795.802
1785026700000,487.67,487.67,486.57,487.06,255.928
1785027600000,487.06,487.63,485.91,486.28,231.776
1785028500000,486.28,486.54,485.85,486.4,104.6
1785029400000,486.4,489.71,486.38,487.98,598.019
1785030300000,487.98,487.98,486.43,486.57,227.802
1785031200000,486.57,486.96,485.31,486.23,269.797
1785032100000,486.23,487.04,485.93,485.93,323.839
1785033000000,485.93,485.93,484.95,485.53,228.802
1785033900000,485.53,487.3,485.34,487.25,267.108
1785034800000,487.25,488.21,487.01,488.12,540.574
1785035700000,488.12,488.12,486.5,486.69,343.104
1785036600000,486.69,487.92,486.27,487.29,164.932
1785037500000,487.29,487.75,486.52,487.75,217.69
1785038400000,487.75,488.21,487.16,487.77,574.312
1785039300000,487.77,489.6,487,489.6,204.022
1785040200000,489.6,490.9,489.06,490.85,324.208
1785041100000,490.85,494.5,488.45,488.53,1060.575
1785042000000,488.53,489.29,488,488.99,375.474
1785042900000,488.99,490,488.4,488.41,247.158
1785043800000,488.41,489.63,487.36,489.5,425.26
1785044700000,489.5,489.7,488.14,488.26,134.77
1785045600000,488.26,489.11,487.41,487.47,265.58
1785046500000,487.47,488.13,486.13,487.66,523.351
1785047400000,487.66,491.32,487.66,489.51,452.994
1785048300000,489.51,492.17,489.39,491.97,677.473
1785049200000,491.97,492.63,491.18,491.37,407.135
1785050100000,491.37,493.19,491.24,491.95,670.253
1785051000000,491.95,492.34,491.09,491.2,138.667
1785051900000,491.2,491.94,490.7,491.2,204.128
1785052800000,491.2,491.44,490.3,491.23,375.057
1785053700000,491.23,491.56,489.78,489.85,275.129
1785054600000,489.85,490.29,489.62,490.04,110.229
1785055500000,490.04,492.46,490,491.74,249.778
1785056400000,491.74,494.14,491.72,492.97,592.704
1785057300000,492.97,495.41,492.8,492.97,984.423
1785058200000,492.97,492.97,491.77,491.88,467.749
1785059100000,491.88,492.22,491.34,491.83,229.244
1785060000000,491.83,493.47,491.78,492.81,354.787
1785060900000,492.81,493.07,492.02,492.56,125.422
1785061800000,492.56,493.71,492.56,493.26,178.336
1785062700000,493.26,493.58,491.81,492.51,163.774
1785063600000,492.51,493.69,492.27,492.58,175.935
1785064500000,492.58,493.5,492.58,493.41,153.562
1785065400000,493.41,494.18,492.86,492.86,365.819
1785066300000,492.86,493.21,492.41,492.88,141.777
1785067200000,492.88,493.96,492.23,493.27,475.424
1785068100000,493.27,494.21,492.48,494.21,445.469
1785069000000,494.21,494.88,493.41,493.88,904.952
1785069900000,493.88,493.91,491.97,492.48,662.559
1785070800000,492.48,492.68,489.82,489.98,478.682
1785071700000,489.98,491.73,489.96,490.43,301.038
1785072600000,490.43,490.44,488.7,489.42,587.981
1785073500000,489.42,489.96,488.23,488.31,332.195
1785074400000,488.31,490.18,487.71,489.07,931.698
1785075300000,489.07,489.93,488.45,488.64,411.318
1785076200000,488.64,489.74,487.82,488.89,552.35
1785077100000,488.89,490.1,487.91,488.46,375.539
1785078000000,488.46,490.04,487.21,489.91,965.82
1785078900000,489.91,494.24,489.91,493.92,2591.772
1785079800000,493.92,495.71,493.71,494.57,1383.5
1785080700000,494.57,495.42,493.17,494.51,729.3
1785081600000,494.51,494.88,491.99,492.69,1052.97
1785082500000,492.69,495.42,492.58,494.63,445.018
1785083400000,494.63,497.23,494.06,495.87,1059.593
1785084300000,495.87,502.37,494.43,494.72,2757.875
1785085200000,494.72,494.72,492.06,493.39,1065.328
1785086100000,493.39,493.6,492.3,492.6,289.343
1785087000000,492.6,493.05,491.38,492.98,924.013
1785087900000,492.98,493.59,491.87,492.39,184.795
1785088800000,492.39,493.19,491.97,492.15,194.746
1785089700000,492.15,492.65,491.37,491.66,305.476
1785090600000,491.66,492.09,491.45,491.76,158.338
1785091500000,491.76,493.08,491.47,491.83,136.804
1785092400000,491.83,492.07,490.64,491.06,286.945
1785093300000,491.06,492.31,490.92,491.65,121.352
1785094200000,491.65,492.22,491.41,491.41,183.886
1785095100000,491.41,491.99,491.37,491.68,116.076
1785096000000,491.68,492.59,491.25,492.32,89.446
1785096900000,492.32,492.35,491.36,491.49,58.283
1785097800000,491.49,492.83,490.87,492.58,266.086
1785098700000,492.58,493.22,492,492.41,167.742
1785099600000,492.41,494.38,492.38,492.91,349.364
1785100500000,492.91,495.39,492.91,494.7,320.149
1785101400000,494.7,496.63,493.42,493.6,655.559
1785102300000,493.6,495.39,493.6,494.85,168.981
1785103200000,494.85,504.51,494.85,504.1,2289.14
1785104100000,504.1,505.31,502.47,504.37,1056.297
1785105000000,504.37,506.89,503.94,505.86,1240.674
1785105900000,505.86,508.23,504.89,507.46,1156.7
1785106800000,507.46,507.99,505.12,505.51,806.77
1785107700000,505.51,506.62,503.8,506.62,510.123
1785108600000,506.62,509.71,506.1,509.58,1169.499
1785109500000,509.58,509.85,507.1,508.04,784.289
1785110400000,508.04,509.61,507.1,509.21,1632.81
1785111300000,509.21,509.27,507.29,507.46,986.361
1785112200000,507.46,507.93,506.58,507.85,748.695
1785113100000,507.85,508.59,504.66,506.16,635.376
1785114000000,506.16,507.22,505.66,506.12,337.104
1785114900000,506.12,506.13,503.17,503.17,2078.139
1785115800000,503.17,503.53,500.66,501.34,743.389
1785116700000,501.34,502.81,501.12,502.81,223.942
1785117600000,502.81,505.06,502.31,503.41,2574.916
1785118500000,503.41,503.41,500.41,502.86,1182.113
1785119400000,502.86,506.3,501.75,505.65,915.935
1785120300000,505.65,507.92,505.39,507.16,489.664
1785121200000,507.16,508.09,505.24,506.03,444.029
1785122100000,506.03,506.55,504.25,504.58,366.644
1785123000000,504.58,504.63,503.01,503.32,231.641
1785123900000,503.32,504.13,503.13,503.81,202.689
1785124800000,503.81,504.8,502.08,502.93,491.942
1785125700000,502.93,505.75,502.82,503.33,448.397
1785126600000,503.33,505.29,502.69,505.05,155.562
1785127500000,505.05,505.14,503.2,503.31,330.844
1785128400000,503.31,505,503.14,504.78,277.912
1785129300000,504.78,506.57,504.12,505.09,800.353
1785130200000,505.09,505.33,502.36,502.76,918.789
1785131100000,502.76,503.97,502,503.54,189.966
1785132000000,503.54,506.8,503.3,505.79,867.264
1785132900000,505.79,506.84,503.83,504.24,855.509
1785133800000,504.24,506.15,503.76,505.18,144.077
1785134700000,505.18,505.28,503.24,504.12,138.533
1785135600000,504.12,504.53,502.82,503.81,474.147
1785136500000,503.81,505,503.19,503.23,188.318
1785137400000,503.23,503.93,499.59,500.49,1582.018
1785138300000,500.49,500.96,498.34,498.34,775.143
1785139200000,498.34,499.47,497.2,497.55,591.054
1785140100000,497.55,498.99,497.22,498.85,233.865
1785141000000,498.85,498.85,496.47,497.17,687.699
1785141900000,497.17,498.04,497.1,497.75,296.538
1785142800000,497.75,498.69,497,497.7,303.079
1785143700000,497.7,500.41,497.7,499.87,339.786
1785144600000,499.87,502.88,499.53,501.51,910.691
1785145500000,501.51,502.81,500.51,501.22,409.948
1785146400000,501.22,501.73,499.81,500.37,703.855
1785147300000,500.37,502.66,500.37,501.1,344.683
1785148200000,501.1,502.51,500.04,502.37,456.543
1785149100000,502.37,503.3,501.76,502.78,289.458
1785150000000,502.78,502.78,501.38,501.93,373.558
1785150900000,501.93,502.51,500.86,501.01,296.433
1785151800000,501.01,504.51,500.91,503.33,827.708
1785152700000,503.33,503.96,502.47,502.72,279.681
1785153600000,502.72,504.28,502.03,502.22,329.564
1785154500000,502.22,503.18,498.9,499.04,787.276
1785155400000,499.04,501.89,497.56,501.26,1134.626
1785156300000,501.26,503.91,501.03,502.2,627.47
1785157200000,502.2,503.32,501.47,502.08,679.212
1785158100000,502.08,502.64,500.62,500.7,298.586
1785159000000,500.7,507.27,500.38,506.96,1544.332
1785159900000,506.96,508.69,501.3,501.45,1334.914
1785160800000,501.45,502.17,498.33,500.69,1490.535
1785161700000,500.69,501.44,492.29,492.36,2230.594
1785162600000,492.36,493.34,486.34,486.82,4223.386
1785163500000,486.82,492.53,486.52,490.89,1366.317
1785164400000,490.89,491.76,488.38,489.76,1060.201
1785165300000,489.76,491.24,487.81,488.97,2221.937
1785166200000,488.97,489.85,480.86,483.76,2948.29
1785167100000,483.76,484.67,482.7,483.39,782.535
1785168000000,483.39,484.35,482.08,483.68,1115.057
1785168900000,483.68,487.07,481.93,485.21,1936.123
1785169800000,485.21,488.51,485.21,488.4,546.523
1785170700000,488.4,489.35,486.52,487.65,451.507
1785171600000,487.65,488.09,485.73,487.91,374.255
1785172500000,487.91,491.04,487.06,490.04,666.68
1785173400000,490.04,491.55,489.9,490.05,673.39
1785174300000,490.05,491.45,489.29,490.67,584.648
1785175200000,490.67,491,486.87,486.87,1035.291
1785176100000,486.87,486.87,484.08,484.75,576.771
1785177000000,484.75,485.07,481.89,483.33,980.32
1785177900000,483.33,485.14,482,484.74,423.307
1785178800000,484.74,488.62,484.17,487.64,1237.866
1785179700000,487.64,488.04,486.21,487.94,134.117
1785180600000,487.94,489.35,487.34,487.39,416.518
1785181500000,487.39,489.71,487.34,489,562.794
1785182400000,489,490.74,488.07,488.27,1502.616
1785183300000,488.27,489.11,487.5,489.09,91.175
1785184200000,489.09,489.31,486.84,487.09,319.678
1785185100000,487.09,489.67,486.55,489.61,959.45
1785186000000,489.61,489.84,488.2,488.62,495.67
1785186900000,488.62,488.97,485.52,485.88,408.333
1785187800000,485.88,486.68,485.73,485.93,264.324
1785188700000,485.93,486,485,485.77,289.64
1785189600000,485.77,485.9,484.17,485.9,378.089
1785190500000,485.9,486.42,483.81,484.63,461.508
1785191400000,484.63,485.83,481,481.96,1251.797
1785192300000,481.96,481.97,477.17,477.82,1683.584
1785193200000,477.82,478.87,475.59,477.95,1667.739
1785194100000,477.95,478.96,475.99,476.29,627.338
1785195000000,476.29,477.21,473.83,474.67,676.377
1785195900000,474.67,477.39,474.31,476.39,615.607
1785196800000,476.39,478.51,475.98,478.17,935.461
1785197700000,478.17,479.87,477.37,479.03,869.852
1785198600000,479.03,479.64,477.14,477.3,603.653
1785199500000,477.3,477.37,474.76,476.98,679.503
1785200400000,476.98,477.42,470.66,474.09,1567.919
1785201300000,474.09,474.44,471.77,474.34,1004.714
1785202200000,474.34,475.12,473.04,473.94,461.467
1785203100000,473.94,474.85,472.41,473.7,424.545
1785204000000,473.7,474.66,472.56,473.84,663.34
1785204900000,473.84,474.43,472.85,474.04,183.126
1785205800000,474.04,474.12,471.98,472.25,389.389
1785206700000,472.25,474.42,472.02,473.86,269.522
1785207600000,473.86,474.05,472.7,472.94,261.826
1785208500000,472.94,474.94,472.31,474.35,439.038
1785209400000,474.35,475.95,473.6,475.82,706.044
1785210300000,475.82,476.21,474.26,475.12,219.456
1785211200000,475.12,475.87,474.92,475.68,391.004
1785212100000,475.68,476.05,474.94,474.98,264.773
1785213000000,474.98,475.03,472.71,473.54,546.485
1785213900000,473.54,477.7,473.54,476.86,923.3
1785214800000,476.86,479.18,476.61,478.67,580.102
1785215700000,478.67,479.46,472.9,473.32,2657.898
1785216600000,473.32,473.34,468.68,470.79,2096.286
1785217500000,470.79,470.93,467.77,468.28,868.935
1785218400000,468.28,469.25,467.26,467.86,1206.244
1785219300000,467.86,469.24,466.66,468.88,672.271
1785220200000,468.88,471.03,468.75,470.73,540.626
1785221100000,470.73,473.48,470.6,473.36,824.116
1785222000000,473.36,474.1,472.15,472.87,433.237
1785222900000,472.87,472.98,471.41,471.72,401.689
1785223800000,471.72,472.26,467.13,467.63,1173.17
1785224700000,467.63,469.63,467.06,469.04,332.525
1785225600000,469.04,469.78,468.29,468.47,172.111
1785226500000,468.47,468.84,467.51,467.72,264.497
1785227400000,467.72,468.45,467.27,468.35,308.436
1785228300000,468.35,469.14,468.11,468.64,281.258
1785229200000,468.64,468.98,467.29,468.06,242.941
1785230100000,468.06,469.22,467.2,469.14,329.46
1785231000000,469.14,470.24,469,469.06,599.133
1785231900000,469.06,469.55,467.61,468.79,378.152
1785232800000,468.79,469.88,468.74,469.62,333.224
1785233700000,469.62,470.87,467.82,468.39,597.66
1785234600000,468.39,469.28,467.86,468.68,590.46
1785235500000,468.68,469.17,467.9,467.99,231.74
1785236400000,467.99,468.25,463.52,464.51,1643.931
1785237300000,464.51,467.6,464,464.21,1548.154
1785238200000,464.21,466.43,463.75,464.53,941.498
1785239100000,464.53,465.96,464.37,464.86,652.877
1785240000000,464.86,466.16,462.61,465.82,1453.587
1785240900000,465.82,467.69,465.41,466.3,837.662
1785241800000,466.3,466.8,463.93,464.34,686.573
1785242700000,464.34,466.28,464.02,464.13,1307.161
1785243600000,464.13,465.77,463.83,464.38,257.413
1785244500000,464.38,464.38,461.64,462.02,559.093
1785245400000,462.02,463.91,456.98,460.47,3528.284
1785246300000,460.47,462.17,458.88,459.73,1182.623
1785247200000,459.73,465.68,459.64,463.14,2798.886
1785248100000,463.14,463.7,460.57,462.26,987.972
1785249000000,462.26,464.77,462,464.54,802.606
1785249900000,464.54,469.98,464.36,468.55,3248.927
1785250800000,468.55,470.76,467.3,468.41,1020.602
1785251700000,468.41,475.27,467.2,472.05,1117.383
1785252600000,472.05,476.9,471.6,475.27,722.295
1785253500000,475.27,478.89,474.08,478.45,1084.557
1785254400000,478.45,478.68,474.43,474.61,1797.579
1785255300000,474.61,477.59,474.59,475.73,731.512
1785256200000,475.73,476.87,474.62,475.77,825.804
1785257100000,475.77,477.94,473.71,473.89,713.186
1785258000000,473.89,473.96,471.24,471.53,855.185
1785258900000,471.53,471.69,468.87,468.97,787.571
1785259800000,468.97,469,463.91,464.35,1525.849
1785260700000,464.35,465.9,462.01,465.53,948.486
1785261600000,465.53,468.45,465.39,467.72,486.893
1785262500000,467.72,468.56,466.92,467.27,145.003
1785263400000,467.27,467.87,465.23,466.13,431.241
1785264300000,466.13,467.27,465.54,465.93,521.158
1785265200000,465.93,468.38,465.93,468.36,516.41
1785266100000,468.36,470.64,467.81,469.96,590.991
1785267000000,469.96,473.44,469.75,470.37,1481.423
1785267900000,470.37,471.62,469.39,470.19,919.034
1785268800000,470.19,471.27,467.63,469.61,1317.524
1785269700000,469.61,470.6,469.02,469.19,361.993
1785270600000,469.19,470.1,467.89,469.24,512.981
1785271500000,469.24,470.4,469.02,469.69,458.88
1785272400000,469.69,471.21,468.74,468.74,336.8
1785273300000,468.74,469.96,468.19,469.51,440.548
1785274200000,469.51,471.09,469.51,470.04,195.703
1785275100000,470.04,470.5,469.16,469.36,249.298
1785276000000,469.36,470.95,468.28,470.17,397.324
1785276900000,470.17,470.54,467.55,467.56,481.959
1785277800000,467.56,467.56,464.48,464.61,1015.097
1785278700000,464.61,464.71,462.21,462.55,832.252
1785279600000,462.55,463.73,461.26,462.42,503.228
1785280500000,462.42,462.53,460.61,461.07,327.721
1785281400000,461.07,464.73,460.9,463.76,793.553
1785282300000,463.76,466.23,463.38,465.45,530.922
1785283200000,465.45,469.76,465.26,467.94,1124.972
1785284100000,467.94,469.76,467.61,468.1,1038.776
1785285000000,468.1,469.47,465.61,469.04,1071.274
1785285900000,469.04,470.41,465.85,465.85,455.639
1785286800000,465.85,467.14,463.32,463.7,521.551
1785287700000,463.7,465.43,462.82,463.51,861
1785288600000,463.51,463.51,460.99,461.71,651.582
1785289500000,461.71,462.5,458.02,458.16,1774.375
1785290400000,458.16,461.39,457.5,460.28,1521.228
1785291300000,460.28,463.08,458.43,463.08,628.977
1785292200000,463.08,465.4,462.63,464.63,1067.514
1785293100000,464.63,464.63,461.61,461.7,511.89
1785294000000,461.7,462.06,460.06,460.22,375.611
1785294900000,460.22,460.88,458.22,458.22,653.585
1785295800000,458.22,458.24,455.25,455.91,1160.934
1785296700000,455.91,456.35,453.3,454.06,1460.446
1785297600000,454.06,456.63,451.42,456.2,3118.689
1785298500000,456.2,457.56,454.46,456.93,760.098
1785299400000,456.93,461.55,456.33,458.4,2010.584
1785300300000,458.4,460.88,458.03,460.69,654.461
1785301200000,460.69,463.49,460.4,463.49,735.067
1785302100000,463.49,463.81,461.5,463.3,1110.345
1785303000000,463.3,466.52,462.36,464.89,1550.882
1785303900000,464.89,465.79,464.15,464.95,548.689
1785304800000,464.95,465.61,462.71,465.44,566.186
1785305700000,465.44,467.41,464.27,467.19,457.116
1785306600000,467.19,468.82,466.91,468.73,541.314
1785307500000,468.73,468.74,466.86,467.12,729.9
1785308400000,467.12,467.85,465.26,465.91,469.358
1785309300000,465.91,465.93,464,464.96,880.393
1785310200000,464.96,468.68,464.49,466.41,1197.834
1785311100000,466.41,466.97,465.41,466.84,171.743
1785312000000,466.84,466.9,462.52,462.54,488.546
1785312900000,462.54,462.69,460.85,461.37,1252.905
1785313800000,461.37,462.96,461.03,462.53,683.516
1785314700000,462.53,463.79,460.88,460.99,380.972
1785315600000,460.99,462.59,460.94,461.51,546.56
1785316500000,461.51,461.79,460.51,460.82,430.994
1785317400000,460.82,461.8,459.49,460.69,713.117
1785318300000,460.69,462.09,459.07,461.75,751.59
1785319200000,461.75,462.96,460.69,460.84,280.763
1785320100000,460.84,461.01,459.01,459.12,295.188
1785321000000,459.12,459.56,457.89,458.92,348.427
1785321900000,458.92,459.05,456.08,458.25,1041.603
1785322800000,458.25,459.5,457.26,459.22,230.651
1785323700000,459.22,459.44,457.56,457.93,174.467
1785324600000,457.93,459.5,457.44,459.32,294.205
1785325500000,459.32,460.84,459.22,459.83,406.311
1785326400000,459.83,460.07,458.43,458.63,231.642
1785327300000,458.63,462.17,456.83,459.76,2003.425
1785328200000,459.76,461.64,459.2,460.76,1071.078
1785329100000,460.76,461.03,459.46,459.62,229.945
1785330000000,459.62,460.75,458.97,460.58,422.926
1785330900000,460.58,464.58,459.26,463.87,1405.075
1785331800000,463.87,468.21,463.04,467.74,1112.176
1785332700000,467.74,467.92,462.99,465.98,750.03
1785333600000,465.98,467.37,462.37,462.7,610.65
1785334500000,462.7,465.57,461.1,462.28,849.961
1785335400000,462.28,464.37,461.53,462.86,236.979
1785336300000,462.86,464.28,460.05,460.59,1707.184
1785337200000,460.59,463.11,460.35,462.73,171.084
1785338100000,462.73,463.6,461.32,461.9,314.697
1785339000000,461.9,464.84,460.86,461.68,611.167
1785339900000,461.68,463.71,461.37,463.71,767.245
1785340800000,463.71,463.97,461.92,463.19,420.956
1785341700000,463.19,466.32,461.67,465.38,1375.606
1785342600000,465.38,466.1,461.27,462.6,779.47
1785343500000,462.6,463.78,461.33,463.31,555.923
1785344400000,463.31,465.15,463.28,465.15,655.364
1785345300000,465.15,465.27,463.8,464.08,106.703
1785346200000,464.08,465.22,462.66,465.08,1354.943
1785347100000,465.08,468.21,464.82,467.62,1635.926
1785348000000,467.62,474.63,467.35,469.05,3451.375
1785348900000,469.05,469.34,464.76,465.86,911.652
1785349800000,465.86,468.31,462.61,468.01,1436.173
1785350700000,468.01,469.87,466.81,468.14,1016.09
1785351600000,468.14,468.41,464.85,466.11,330.497
1785352500000,466.11,466.99,462.08,463.16,648.888
1785353400000,463.16,463.55,460.08,461.62,705.036
1785354300000,461.62,461.93,458.28,459.07,1197.539
1785355200000,459.07,461.89,457.97,461.47,1583.772
1785356100000,461.47,463.8,459.38,460.29,1372.574
1785357000000,460.29,464.22,459.81,462.38,583.038
1785357900000,462.38,462.59,458.34,458.34,353.083
1785358800000,458.34,459.3,456.5,458.56,1469.653
1785359700000,458.56,460.4,457.55,460.34,309.211
1785360600000,460.34,461.49,459.03,459.4,408.882
1785361500000,459.4,462.31,459.07,461.91,380.828
1785362400000,461.91,466.43,461.9,465.57,532.387
1785363300000,465.57,469.86,465.34,469.36,869.069
1785364200000,469.36,469.49,466.8,468.1,723.65
1785365100000,468.1,468.57,466.88,467.3,669.749
1785366000000,467.3,467.7,466.23,467.3,452.073
1785366900000,467.3,469.76,467.3,468.98,605.199
1785367800000,468.98,469.23,467.82,468.89,96.905
1785368700000,468.89,469.38,466.97,467.38,301.477
1785369600000,467.38,468.89,466.95,467.71,483.765
1785370500000,467.71,467.98,466.09,467.12,365.544
1785371400000,467.12,467.12,464.11,464.37,1511.735
1785372300000,464.37,465.48,463.66,465.48,897.7
1785373200000,465.48,468.75,465.21,465.49,759.731
1785374100000,465.49,468.16,465.04,467.97,374.269
1785375000000,467.97,469.67,467.35,467.41,830.967
1785375900000,467.41,470.95,466.89,468.78,1110.238
1785376800000,468.78,471.93,468.78,470.38,429.022
1785377700000,470.38,473,469.9,471.42,846.126
1785378600000,471.42,473.34,469.85,472.57,455.482
1785379500000,472.57,473.36,470.16,470.49,361.902
1785380400000,470.49,472,467.6,469.14,715.426
1785381300000,469.14,472.69,468.84,472.6,640.435
1785382200000,472.6,472.99,470.51,472.64,779.528
1785383100000,472.64,474.42,472,472.3,653.592
1785384000000,472.3,473.14,470.81,471.37,546.774
1785384900000,471.37,472.13,470.22,470.94,405.497
1785385800000,470.94,472.78,470.44,471.22,568.028
1785386700000,471.22,471.8,470.13,470.87,354.003
1785387600000,470.87,472.4,470.6,471.18,654.44
1785388500000,471.18,472.79,471.18,472.17,519.9
1785389400000,472.17,476.26,472.12,475.82,941.386
1785390300000,475.82,478.22,474.81,476.93,1916.758
1785391200000,476.93,477.55,474.51,475.17,405.709
1785392100000,475.17,475.27,473.65,474.55,645.736
1785393000000,474.55,475.54,473.66,474.02,670.056
1785393900000,474.02,474.71,472.79,473.01,758.791
1785394800000,473.01,476.12,472.72,474.21,807.368
1785395700000,474.21,474.21,471.88,472.92,503.296
1785396600000,472.92,475.62,471.43,475,451.914
1785397500000,475,475.45,473.12,473.43,305.182
1785398400000,473.43,475.72,473.37,474.99,344.975
1785399300000,474.99,477.19,474.65,476.28,764.813
1785400200000,476.28,476.81,475.17,475.45,298.554
1785401100000,475.45,476.26,475.43,475.96,200.049
1785402000000,475.96,477.34,475.64,477.19,564.241
1785402900000,477.19,477.43,475.91,476.2,435.645
1785403800000,476.2,477.74,475.68,476.73,1039.278
1785404700000,476.73,477.65,475.91,476.33,323.973
1785405600000,476.33,478.66,476.23,477.55,526.879
1785406500000,477.55,479.06,477.04,477.08,877.083
1785407400000,477.08,477.25,474.43,474.89,1032.536
1785408300000,474.89,475.2,472.51,473.4,431.804
1785409200000,473.4,475.96,472.87,474.8,456.75
1785410100000,474.8,476.31,473.72,474.08,483.6
1785411000000,474.08,476.36,474.08,475.33,742.408
1785411900000,475.33,477.7,475.09,476.64,588.654
1785412800000,476.64,478.76,476.64,477.72,826.386
1785413700000,477.72,477.83,476.09,476.61,440.29
1785414600000,476.61,477.49,474.82,475.18,749.418
1785415500000,475.18,475.82,474.9,475.16,312.521
1785416400000,475.16,476.5,474.61,475.75,373.605
1785417300000,475.75,476.7,475.23,475.73,393.625
1785418200000,475.73,477.01,472.68,476.47,1067.377
1785419100000,476.47,479.94,474.91,474.91,1830.509
1785420000000,474.91,475.74,473.15,473.48,813.813
1785420900000,473.48,476.08,471.61,475.01,1972.976
1785421800000,475.01,476.01,473.42,475.56,464.992
1785422700000,475.56,475.61,472.56,474.2,888.111
1785423600000,474.2,476.29,473.35,475.91,1669.382
1785424500000,475.91,476.98,474.39,474.6,418.342
1785425400000,474.6,475.66,473.71,475.6,384.764
1785426300000,475.6,477.46,474.27,476.46,870.481
1785427200000,476.46,477.51,475.3,476.03,300.375
1785428100000,476.03,476.48,474.24,474.89,280.82
1785429000000,474.89,475,473.11,473.38,594.445
1785429900000,473.38,474.87,472.9,474.02,350.766
1785430800000,474.02,474.13,471.38,471.94,715.353
1785431700000,471.94,473.92,471.71,473.68,192.38
1785432600000,473.68,474.66,472.13,474.21,323.409
1785433500000,474.21,475.69,473.99,474.84,279.536
1785434400000,474.84,474.96,472.64,472.73,201.516
1785435300000,472.73,474.14,472.6,473.82,378.195
1785436200000,473.82,473.92,472,472.81,234.439
1785437100000,472.81,472.82,471.79,472.36,212.609
1785438000000,472.36,473.98,471.97,473.17,235.808
1785438900000,473.17,474.97,472.66,474.75,251.438
1785439800000,474.75,475.09,472.72,473.26,366.68
1785440700000,473.26,474.5,472.74,474.18,396.928
1785441600000,474.18,475.96,473.52,473.82,1024.158
1785442500000,473.82,474.79,473.08,473.26,252.815
1785443400000,473.26,474.15,472.84,473.25,882.57
1785444300000,473.25,473.95,472.47,472.47,290.264
1785445200000,472.47,473.01,471.8,472.53,472.694
1785446100000,472.53,473.09,471.59,471.7,295.092
1785447000000,471.7,472.45,471.4,471.4,134.381
1785447900000,471.4,472.38,470.86,472,521.466
1785448800000,472,474.12,470.81,472.5,896.65
1785449700000,472.5,473.31,471.57,473.05,234.929
1785450600000,473.05,473.57,472.18,472.88,185.452
1785451500000,472.88,474.47,472.38,473.26,324.216
1785452400000,473.26,474.01,472.66,473.8,198.255
1785453300000,473.8,473.84,472.24,472.73,359.959
1785454200000,472.73,475.21,471.56,471.66,544.754
1785455100000,471.66,471.93,469.67,469.98,954.447
1785456000000,469.98,471.57,468.22,470.4,1261.209
1785456900000,470.4,471.24,469.7,471.2,168.181
1785457800000,471.2,471.74,469.91,471.45,473.571
1785458700000,471.45,472.1,470.87,471.78,314.779
1785459600000,471.78,477.77,471.78,475.8,863.232
1785460500000,475.8,476.94,473.86,476.1,398.669
1785461400000,476.1,476.1,469.82,470.1,819.099
1785462300000,470.1,470.22,466.13,466.57,1119.667
1785463200000,466.57,468.12,464.1,464.1,1299.462
1785464100000,464.1,464.51,462.09,462.14,1331.474
1785465000000,462.14,463.37,460.3,461.26,1987.061
1785465900000,461.26,462.64,460.37,462.34,331.386
1785466800000,462.34,462.42,460.18,460.65,469.116
1785467700000,460.65,463.32,460.44,462.07,254.293
1785468600000,462.07,462.37,460.98,461.82,318.716
1785469500000,461.82,461.9,460.24,460.24,630.372
1785470400000,460.24,461.03,458.68,459.1,790.108
1785471300000,459.1,459.28,456.67,459.07,1055.464
1785472200000,459.07,459.07,455.65,457.85,686.329
1785473100000,457.85,458.68,457.17,458.68,564.879
1785474000000,458.68,461.98,458.43,461.04,791.03
1785474900000,461.04,461.7,459.95,460.18,846.791
1785475800000,460.18,460.8,459.17,459.27,303.443
1785476700000,459.27,463.95,459.11,461.96,1255.175
1785477600000,461.96,462.57,461.57,461.62,316.406
1785478500000,461.62,463.38,461.26,463.38,173.187
1785479400000,463.38,463.38,459.31,459.42,319.412
1785480300000,459.42,461.33,459.13,460.64,574.675
1785481200000,460.64,460.64,457.24,457.59,1040.377
1785482100000,457.59,458.44,456.63,457.24,904.641
1785483000000,457.24,458.32,456.82,457.64,768.475
1785483900000,457.64,459.34,457.64,458.72,320.471
1785484800000,458.72,459.57,457.26,458.15,585.306
1785485700000,458.15,460.37,457.99,460.16,343.378
1785486600000,460.16,460.28,458.24,458.58,322.414
1785487500000,458.58,459.8,458.58,459.64,573.476
1785488400000,459.64,460.21,457.59,457.79,323.836
1785489300000,457.79,457.94,456.01,457.25,364.75
1785490200000,457.25,458.03,456.89,457.21,221.409
1785491100000,457.21,457.4,455.59,456.45,726.776
1785492000000,456.45,459.4,456.06,459.01,389.047
1785492900000,459.01,461.12,458.72,461.07,342.027
1785493800000,461.07,461.33,459.9,460.41,201.668
1785494700000,460.41,461.1,459.33,459.5,221.187
1785495600000,459.5,462.04,459.5,460.52,483.906
1785496500000,460.52,461.43,459.51,460.79,434.476
1785497400000,460.79,460.79,459.59,460.29,139.753
1785498300000,460.29,460.86,459.62,460.21,605.748
1785499200000,460.21,460.32,457.71,457.71,432.055
1785500100000,457.71,459.63,457.62,459.32,252.773
1785501000000,459.32,459.32,457.22,457.69,357.826
1785501900000,457.69,458.47,457.53,458.18,185.544
1785502800000,458.18,459.53,458.14,459.53,317.398
1785503700000,459.53,460.62,459.27,460.62,487.629
1785504600000,460.62,461.39,458.41,459.31,899.082
1785505500000,459.31,459.94,456.98,457.68,1201.072
1785506400000,457.68,460.01,452.19,458.25,2144.889
1785507300000,458.25,458.67,455.5,455.81,661.778
1785508200000,455.81,456.4,453.25,454.06,800.652
1785509100000,454.06,457.92,453.67,453.99,943.011
1785510000000,453.99,456.84,452.23,454.58,673.108
1785510900000,454.58,457.09,454.23,456.61,1436.389
1785511800000,456.61,457.36,453.77,455.72,733.563
1785512700000,455.72,455.98,453.79,454.3,409.957
1785513600000,454.3,458.39,453.79,457.12,943.974
1785514500000,457.12,459.21,455.91,458.37,1010.399
1785515400000,458.37,460.75,458.36,459.06,490.746
1785516300000,459.06,460.16,458.17,458.8,1190.242
1785517200000,458.8,460.94,458.76,460.29,177.075
1785518100000,460.29,461.2,459.4,461.08,218.937
1785519000000,461.08,462,460.57,460.98,565.91
1785519900000,460.98,462.22,460.69,461.86,453.324
1785520800000,461.86,463.35,460.57,461.01,499.505
1785521700000,461.01,461.01,458.23,458.23,340.901
1785522600000,458.23,459.07,457.12,458.07,298.118
1785523500000,458.07,459.45,457.95,458.53,168.341
1785524400000,458.53,459.68,457.67,458.44,292.267
1785525300000,458.44,459,457.82,458.69,266.953
1785526200000,458.69,458.77,456.38,457.14,507.549
1785527100000,457.14,458.3,456.68,456.85,152.654
1785528000000,456.85,458.15,456.58,457.15,352.03
1785528900000,457.15,457.98,456.85,457.31,71.699
1785529800000,457.31,458.72,456.9,457.63,520.949
1785530700000,457.63,458.03,456.27,456.52,261.243
1785531600000,456.52,457,454.93,456.34,487.452
1785532500000,456.34,456.36,454.6,454.82,219.527
1785533400000,454.82,455.27,453.33,455.26,290.625
1785534300000,455.26,455.59,454.02,454.68,249.288
1785535200000,454.68,456.24,454.01,455.53,265.35
1785536100000,455.53,456.6,455.49,456.16,118.022
1785537000000,456.16,456.77,455.67,456.09,94.776
1785537900000,456.09,456.22,455.24,455.52,101.237
1785538800000,455.52,457.7,455.52,456.59,238.985
1785539700000,456.59,458.61,456.45,458.61,152.665
1785540600000,458.61,459.03,457.69,457.94,152.992
1785541500000,457.94,457.94,456.79,457.47,72.979
1785542400000,457.47,459.9,457.47,459.34,181.184
1785543300000,459.34,460.44,459.29,459.89,374.947
1785544200000,459.89,460.18,459.17,459.67,260.026
1785545100000,459.67,461.16,458.68,459.36,751.549
1785546000000,459.36,459.78,458.37,459.35,317.619
1785546900000,459.35,460.14,458.68,458.83,379.899
1785547800000,458.83,459.53,458.18,459.4,287.153
1785548700000,459.4,461.08,459.24,460.95,330.225
1785549600000,460.95,462.04,460.68,460.7,345.135
1785550500000,460.7,460.89,459.92,460.46,183.496
1785551400000,460.46,460.8,459.92,460.13,139.655
1785552300000,460.13,461.14,459.88,460.74,148.841
1785553200000,460.74,460.99,459.5,459.63,160.943
1785554100000,459.63,460.59,459.22,460.31,210.609
1785555000000,460.31,461.28,460.07,460.36,266.621
1785555900000,460.36,464.93,460.01,464.03,1132.543
1785556800000,464.03,466.45,464.02,466.06,812.03
1785557700000,466.06,468.75,463.5,464.66,1556.656
1785558600000,464.66,465.17,463.77,464.36,499.166
1785559500000,464.36,464.89,463.98,464.54,142.61
1785560400000,464.54,465.52,464.4,464.55,270.11
1785561300000,464.55,464.71,463.33,463.38,184.517
1785562200000,463.38,466.3,462.37,462.84,593.668
1785563100000,462.84,463.34,462.23,463.31,239.183
1785564000000,463.31,464.13,463.1,463.95,264.842
1785564900000,463.95,464.62,463.6,464.01,414.876
1785565800000,464.01,464.63,462.76,463.09,179.506
1785566700000,463.09,464.48,463.09,463.92,142.934
1785567600000,463.92,465.55,463.92,464.76,287.556
1785568500000,464.76,464.76,463.6,464.49,271.472
1785569400000,464.49,465.32,463.74,463.93,251.348
1785570300000,463.93,465.15,463.75,465,130.234
1785571200000,465,465.82,464.67,464.68,202.281
1785572100000,464.68,465.58,464.31,465.29,165.575
1785573000000,465.29,466.78,465.29,466.73,570.332
1785573900000,466.73,467.69,465.82,465.82,426.196
1785574800000,465.82,467.17,465.62,465.93,420.53
1785575700000,465.93,467.51,465.56,466.91,206.395
1785576600000,466.91,466.91,464.74,464.98,480.408
1785577500000,464.98,465.24,463.66,463.75,553.85
1785578400000,463.75,464.22,461.75,463.93,442.367
1785579300000,463.93,464.63,463.02,463.36,203.884
1785580200000,463.36,464.09,462.75,463.28,497.622
1785581100000,463.28,463.99,462.93,463.7,318.072
1785582000000,463.7,464.99,463.05,464.99,135.347
1785582900000,464.99,464.99,463.93,464.05,290.58
1785583800000,464.05,464.05,462.81,463.44,255.968
1785584700000,463.44,464.94,463.39,464.79,141.045
1785585600000,464.79,466.34,464.79,466.12,392.616
1785586500000,466.12,466.88,465.62,466.22,431.987
1785587400000,466.22,466.22,464.96,465.28,333.851
1785588300000,465.28,465.58,464.52,464.72,148.824
1785589200000,464.72,467.35,464.28,466.5,959.723
1785590100000,466.5,467.95,465.7,466.41,236.114
1785591000000,466.41,467.26,465.77,466.72,151.092
1785591900000,466.72,467.29,466.17,467.01,116.806
1785592800000,467.01,467.82,466.56,466.56,336.608
1785593700000,466.56,468.15,466.11,467.87,327.053
1785594600000,467.87,469.43,467.68,468.67,450.923
1785595500000,468.67,471.77,468.29,470.36,1454.066
1785596400000,470.36,471.88,469.22,471.41,325.016
1785597300000,471.41,471.49,469.81,470.23,251.651
1785598200000,470.23,470.78,468.42,470.1,970.647
1785599100000,470.1,471.39,469.92,469.98,320.031
1785600000000,469.98,470.81,469.06,469.4,350.589
1785600900000,469.4,470.82,468.83,470.5,396.903
1785601800000,470.5,473.37,470.5,473.01,796.953
1785602700000,473.01,473.52,470.9,471.86,255.072
1785603600000,471.86,472.22,469.22,469.26,1247.549
1785604500000,469.26,470.27,468.31,468.92,459.53
1785605400000,468.92,469.58,466.96,467.48,1238.857
1785606300000,467.48,467.48,465.88,466.24,687.641
1785607200000,466.24,466.24,462.68,462.94,566.548
1785608100000,462.94,463.06,461.24,462.92,722.379
1785609000000,462.92,463.24,457.89,461.06,1655.529
1785609900000,461.06,463.54,458.72,463.34,1406.927
1785610800000,463.34,465.84,463,463.63,976.141
1785611700000,463.63,465.42,462.36,464.15,172.927
1785612600000,464.15,465.1,462.45,462.68,276.265
1785613500000,462.68,464.13,462.28,463.09,340.142
1785614400000,463.09,463.44,462.42,463.32,159.805
1785615300000,463.32,464.89,462.48,462.63,187.872
1785616200000,462.63,462.63,461.13,461.83,398.14
1785617100000,461.83,462.35,461.39,462,162.065
1785618000000,462,465.01,461.94,463.14,712.462
1785618900000,463.14,463.65,460.29,461.54,453.551
1785619800000,461.54,462.44,461.14,461.59,205.299
1785620700000,461.59,463.4,461.59,463.32,132.158
1785621600000,463.32,463.81,462.47,462.69,275.136
1785622500000,462.69,463.36,462.06,463.01,521.534
1785623400000,463.01,463.03,461.96,461.99,113.044
1785624300000,461.99,462.36,461.32,461.35,189.648
1785625200000,461.35,462.2,461.32,461.76,134.178
1785626100000,461.76,461.96,461.18,461.91,49.102
1785627000000,461.91,462.7,461.18,461.71,233.071
1785627900000,461.71,462.13,461.26,461.51,224.323
1785628800000,461.51,465.81,461.43,465.26,919.724
1785629700000,465.26,465.47,463.64,463.89,474.597
1785630600000,463.89,464.11,462.46,463.55,462.703
1785631500000,463.55,464.41,463.11,463.68,319.084
1785632400000,463.68,468.51,463.48,468.17,784.968
1785633300000,468.17,469.63,466.95,467.53,1213.599
1785634200000,467.53,467.88,466.69,467.47,163.37
1785635100000,467.47,468.5,467.37,467.52,182.096
1785636000000,467.52,472.44,466.83,471.92,959.995
1785636900000,471.92,475.94,471.51,472.28,1835.926
1785637800000,472.28,474.41,471.86,472,1398.886
1785638700000,472,474.17,472,473.35,223.72
1785639600000,473.35,474.5,472.95,474.02,279.367
1785640500000,474.02,474.02,471.62,471.98,314.789
1785641400000,471.98,474.71,471.55,474.56,586.605
1785642300000,474.56,474.67,472.62,473.2,186.202
1785643200000,473.2,474.07,472.61,472.9,307.31
1785644100000,472.9,477.61,472.08,475.8,1658.773
1785645000000,475.8,477.27,474.47,474.69,599.874
1785645900000,474.69,475.53,474.16,474.93,378.753
1785646800000,474.93,476.06,474.56,474.99,485.6
1785647700000,474.99,475.15,474.19,474.92,250.797
1785648600000,474.92,475.68,473.14,473.43,168.434
1785649500000,473.43,474.65,473.27,474.06,296.432
1785650400000,474.06,474.3,473.42,473.57,215.943
1785651300000,473.57,474.7,472.73,474.28,274.266
1785652200000,474.28,474.57,472.97,474.01,91.434
1785653100000,474.01,474.01,472.84,472.88,234.976
1785654000000,472.88,475.67,472.88,475.13,955.323
1785654900000,475.13,475.64,474.3,474.75,212.362
1785655800000,474.75,474.89,471.96,472.95,457.268
1785656700000,472.95,473.17,470.99,471.67,695.657
1785657600000,471.67,473.86,471.35,473.43,595.47
1785658500000,473.43,474.81,473.25,474.63,343.323
1785659400000,474.63,474.84,472.76,473.66,804.91
1785660300000,473.66,474.73,472.99,473.52,546.776
1785661200000,473.52,475.54,472.43,475.07,445.281
1785662100000,475.07,475.09,473.9,473.94,160.958
1785663000000,473.94,475.77,473.9,474.62,468.392
1785663900000,474.62,475.04,474.03,474.49,111.111
1785664800000,474.49,476.38,474.43,474.94,340.024
1785665700000,474.94,475.59,473.07,473.85,444.177
1785666600000,473.85,475.91,473.74,474.94,479.198
1785667500000,474.94,475.27,473.95,473.98,103.498
1785668400000,473.98,474.39,473.16,473.7,192.157
1785669300000,473.7,474.27,473.1,473.15,232.209
1785670200000,473.15,473.15,469.49,469.8,1113.535
1785671100000,469.8,471.64,469.6,470.35,626.738
1785672000000,470.35,471.59,470.35,470.91,554.253
1785672900000,470.91,472.66,470.35,472.33,263.53
1785673800000,472.33,473.94,472.32,473.92,206.844
1785674700000,473.92,474.89,473.56,474.21,173.919
1785675600000,474.21,474.97,473.16,473.35,444.356
1785676500000,473.35,473.54,472.36,472.66,171.554
1785677400000,472.66,473.19,471.53,472.83,302.282
1785678300000,472.83,473.32,472.14,472.18,140.132
1785679200000,472.18,472.32,471.5,471.93,215.786
1785680100000,471.93,472.41,471.59,471.91,1396.308
1785681000000,471.91,472.87,471.44,472.3,337.538
1785681900000,472.3,472.72,471,471.53,346.286
1785682800000,471.53,472.65,470.92,472.65,206.606
1785683700000,472.65,472.72,471.48,472.03,169.22
1785684600000,472.03,473.46,472.03,472.19,343.948
1785685500000,472.19,472.38,471.02,471.54,478.754
1785686400000,471.54,471.55,469.53,469.97,264.473
1785687300000,469.97,471.5,469.87,471.5,199.512
1785688200000,471.5,473.68,471.29,473.45,751.313
1785689100000,473.45,473.45,470.85,470.85,64.73
1785690000000,470.85,471.49,470.24,471.08,91.65
1785690900000,471.08,472.25,470.55,471.07,158.105
1785691800000,471.07,472.18,471.02,471.6,261.653
1785692700000,471.6,472,471,471.02,79.856
1785693600000,471.02,472.13,470.99,471.72,174.619
1785694500000,471.72,472.52,471.43,472.38,48.611
1785695400000,472.38,477.12,472.22,474.72,1762.334
1785696300000,474.72,474.87,473.64,474.68,166.16
1785697200000,474.68,475.35,474.03,474.79,331.989
1785698100000,474.79,476.32,474.79,476.2,290.933
1785699000000,476.2,482.38,476.1,480.89,1894.691
1785699900000,480.89,487.28,480.76,485.12,2680.335
1785700800000,485.12,489.41,485.12,487.07,1425.745
1785701700000,487.07,490.52,486.18,489.51,1383.915
1785702600000,489.51,493,488.12,488.8,1612.552
1785703500000,488.8,492.06,488.02,490.7,776.398
1785704400000,490.7,493.33,489.8,491.89,2676.345
1785705300000,491.89,493.4,489.55,492.89,933.505
1785706200000,492.89,496.07,491.02,493.94,1469.622
1785707100000,493.94,495.58,490.54,491.69,1010.215
1785708000000,491.69,494.67,491.26,493.34,1082.501
1785708900000,493.34,493.98,490.71,491.09,596.191
1785709800000,491.09,491.35,486.25,488.35,1227.116
1785710700000,488.35,489.17,486.99,488.56,310.629
1785711600000,488.56,489.18,487.25,488.3,899.206
1785712500000,488.3,490.12,487.72,489.37,929.602
1785713400000,489.37,489.94,487.33,487.38,880.462
1785714300000,487.38,489.72,486.74,489.6,629.66
1785715200000,489.6,489.76,483.19,483.33,1508.484
1785716100000,483.33,484.04,482.19,482.7,1076.972
1785717000000,482.7,483.47,482.02,482.73,680.634
1785717900000,482.73,485.42,482.44,485.2,801.847
1785718800000,485.2,485.2,478.23,479.63,1686.662
1785719700000,479.63,480.4,478.44,478.59,413.798
1785720600000,478.59,480.37,478.51,479.93,626.521
1785721500000,479.93,480.66,478.78,479.46,538.858
1785722400000,479.46,479.89,477.74,477.99,212.051
1785723300000,477.99,479.27,476.53,477.36,467.062
1785724200000,477.36,478.49,476.46,477.04,248.02
1785725100000,477.04,477.36,475.52,477.07,880.101
1785726000000,477.07,477.83,475.93,476.55,479.208
1785726900000,476.55,477.91,476,476.9,446.552
1785727800000,476.9,477.71,476.05,476.99,348.528
1785728700000,476.99,477.18,474.28,475.55,1217.404
1785729600000,475.55,477.13,474.63,475.54,728.275
1785730500000,475.54,477.61,475.22,477.02,528.259
1785731400000,477.02,477.94,476.83,477.1,355.78
1785732300000,477.1,478,476.01,476.07,344.17
1785733200000,476.07,477.71,475.87,477.71,241.373
1785734100000,477.71,478.3,476.08,476.09,464.086
1785735000000,476.09,476.59,475.3,475.7,492.606
1785735900000,475.7,476.79,475.57,476.79,259.472
1785736800000,476.79,476.86,475.81,475.93,290.205
1785737700000,475.93,476.31,470.99,473.01,2122.909
1785738600000,473.01,473.84,472.74,472.98,340.934
1785739500000,472.98,474.58,472.24,472.83,415.411
1785740400000,472.83,473.08,471.41,471.67,408.033
1785741300000,471.67,472.88,471.29,472.61,832.854
1785742200000,472.61,474.13,471.44,471.76,352.377
1785743100000,471.76,472.3,470.82,471.47,578.121
1785744000000,471.47,473.83,471.01,472.73,1053.202
1785744900000,472.73,473.18,470.95,472.71,1269.977
1785745800000,472.71,474.47,472.21,474.11,350.328
1785746700000,474.11,474.39,471.74,473.66,507.158
1785747600000,473.66,475.98,473.33,475.24,643.401
1785748500000,475.24,475.42,474.24,474.47,601.213
1785749400000,474.47,475.99,474.34,475.18,469.702
1785750300000,475.18,476.83,475.07,476.51,568.862
1785751200000,476.51,477.39,475.39,477.01,707.842
1785752100000,477.01,480.74,476.97,479.98,3097.357
1785753000000,479.98,480.55,478.55,479.69,634.777
1785753900000,479.69,481.66,478.11,481.16,744.246
1785754800000,481.16,481.38,477.54,477.81,457.263
1785755700000,477.81,480.02,477.81,478.68,392.469
1785756600000,478.68,483.27,478.52,482.8,909.428
1785757500000,482.8,483.54,480.88,481.8,734.497
1785758400000,481.8,483.87,481.61,483.51,702.424
1785759300000,483.51,485.47,482.76,483.34,598.248
1785760200000,483.34,484.89,482.86,484.88,468.353
1785761100000,484.88,485.37,483.31,483.75,512.043
1785762000000,483.75,484.84,482.58,483.69,426.44
1785762900000,483.69,487.45,482.82,483.22,1400.565
1785763800000,483.22,486.91,481.89,486.72,1319.851
1785764700000,486.72,494.3,485.86,492.83,3068.227
1785765600000,492.83,493.86,487.88,489.12,1650.262
1785766500000,489.12,494.71,488,494.18,2608.928
1785767400000,494.18,494.41,490.46,491.48,1293.805
1785768300000,491.48,491.75,490.17,491.49,668.698
1785769200000,491.49,491.51,488.02,489.18,1454.677
1785770100000,489.18,490.29,488.07,489.09,632.26
1785771000000,489.09,490.18,487.76,487.88,597.503
1785771900000,487.88,489.18,487.54,488.25,544.946
1785772800000,488.25,489.27,487.55,488.39,805.701
1785773700000,488.39,489.86,488.12,489.69,421.661
1785774600000,489.69,491.69,488.62,491.58,925.247
1785775500000,491.58,493,490.37,491,758.171
1785776400000,491,492.63,490.51,491.73,772.037
1785777300000,491.73,492.08,489.28,489.8,954.201
1785778200000,489.8,490.49,489.15,490.3,795.023
1785779100000,490.3,491.4,490.05,490.87,510.949
1785780000000,490.87,491.25,489.95,490.51,256.961
1785780900000,490.51,491.02,488.76,489.36,686.863
1785781800000,489.36,489.99,488.61,488.95,439.798
1785782700000,488.95,489.22,487.16,487.34,524.71
1785783600000,487.34,488.19,485.44,486.85,945.753
1785784500000,486.85,487.24,485.57,486.44,465.247
1785785400000,486.44,488.38,485.99,486.17,516.159
1785786300000,486.17,487.08,485.48,485.63,208.813
1785787200000,485.63,486.9,484.87,486.19,482.251
1785788100000,486.19,488.62,486.01,486.07,653.275
1785789000000,486.07,487.1,485.4,486.78,509.352
1785789900000,486.78,486.81,484.56,484.93,935.028
1785790800000,484.93,485.34,483.65,483.75,797.501
1785791700000,483.75,484.37,483.42,484.16,252.952
1785792600000,484.16,484.39,483.41,483.98,381.265
1785793500000,483.98,484.18,483.37,483.56,303.406
1785794400000,483.56,484.26,482.31,482.87,842.164
1785795300000,482.87,484.94,482.06,482.2,408.989
1785796200000,482.2,482.2,480.01,480.1,482.398
1785797100000,480.1,481.59,479.55,481.21,431.676
1785798000000,481.21,481.21,479.42,480.48,93.082
1785798900000,480.48,481.47,480.21,480.72,648.774
1785799800000,480.72,482.89,479.04,482.01,1118.777
1785800700000,482.01,483.7,481.6,483.04,638.722
1785801600000,483.04,484.22,482.62,482.79,653.971
1785802500000,482.79,483.25,480.85,481.8,597.872
1785803400000,481.8,481.84,479.4,480.46,753.828
1785804300000,480.46,481.35,478.5,479.5,681.491
1785805200000,479.5,480.13,478.4,478.52,381.506
1785806100000,478.52,479.85,477.88,479.07,1184.867
1785807000000,479.07,483.44,478.79,483.07,813.627
1785807900000,483.07,483.89,481.68,483.48,341.348
1785808800000,483.48,485.59,483.02,484.57,1329.123
1785809700000,484.57,484.65,481.92,483.3,943.295
1785810600000,483.3,486.69,483.02,485.78,729.353
1785811500000,485.78,485.93,483.29,484.85,239.688
1785812400000,484.85,485.11,481.51,481.81,605.681
1785813300000,481.81,483.27,481,483.27,440.749
1785814200000,483.27,485.56,483.27,484.24,1235.043
1785815100000,484.24,486.73,483.86,484.72,512.95
1785816000000,484.72,485.29,484.13,484.69,373.798
1785816900000,484.69,486.23,483.98,484.64,453.253
1785817800000,484.64,489.78,484.62,487.12,1267.698
1785818700000,487.12,487.6,486.01,486.63,341.953
1785819600000,486.63,488.57,485.84,487.25,440.903
1785820500000,487.25,488.23,487.19,487.5,291.33
1785821400000,487.5,489.38,487.47,488.92,660.182
1785822300000,488.92,489.49,488.06,488.81,393.972
1785823200000,488.81,489.46,488.15,488.32,460.247
1785824100000,488.32,488.7,485.81,485.89,722.537
1785825000000,485.89,486.61,484.63,485.31,778.039
1785825900000,485.31,485.66,484.58,485.5,152.391
1785826800000,485.5,485.92,485.09,485.09,199.316
1785827700000,485.09,486.95,484.14,486.73,454.201
1785828600000,486.73,489.14,486.73,488.45,912.533
1785829500000,488.45,488.89,487.32,487.37,381.776
1785830400000,487.37,488.62,486.17,486.59,441.813
1785831300000,486.59,487.16,486.11,486.51,229.299
1785832200000,486.51,486.65,485.75,486.65,166.051
1785833100000,486.65,486.73,485.45,486.66,261.046
1785834000000,486.66,487.69,486.15,486.47,376.688
1785834900000,486.47,486.87,485,486.86,353.895
1785835800000,486.86,487.23,485.76,485.99,163.204
1785836700000,485.99,486.52,485.02,485.72,263.303
1785837600000,485.72,485.9,484.77,485.06,370.115
1785838500000,485.06,486.7,484.52,485.23,471.863
1785839400000,485.23,487.52,484.53,487.28,627.984
1785840300000,487.28,489.6,486.69,488.78,651.93
1785841200000,488.78,489.27,488.04,488.51,533.213
1785842100000,488.51,489.49,488.13,488.47,128.744
1785843000000,488.47,489,486.13,488.95,804.555
1785843900000,488.95,489.47,487.85,488.51,543.193
1785844800000,488.51,488.51,486.95,487.09,281.812
1785845700000,487.09,487.5,485.76,486.03,546.92
1785846600000,486.03,488.23,485.86,487.61,575.285
1785847500000,487.61,487.8,486.52,486.8,464.457
1785848400000,486.8,487.22,485.93,486.76,238.604
1785849300000,486.76,488.58,486.09,486.11,638.621
1785850200000,486.11,487.71,484.83,485.8,454.375
1785851100000,485.8,487.17,484.09,486.46,741.693
1785852000000,486.46,487.48,485.14,487.16,268.499
1785852900000,487.16,489.28,486.01,487.94,908.225
1785853800000,487.94,492.85,487.49,491.65,1272.637
1785854700000,491.65,492.72,490.55,492.16,682.518
1785855600000,492.16,494.28,491.61,492.15,1191.951
1785856500000,492.15,492.27,490.49,490.92,807.947
1785857400000,490.92,491.69,489.03,491.6,710.778
1785858300000,491.6,500,491.32,498.33,2499.624
1785859200000,498.33,499.72,495.11,495.47,1293.43
1785860100000,495.47,497.16,494.67,494.79,793.871
1785861000000,494.79,495.6,493.03,493.82,502.023
1785861900000,493.82,495.12,493.09,494.1,478.64
1785862800000,494.1,499.42,493.8,498.86,1199.055
1785863700000,498.86,503.1,497.91,499.53,1835.598
1785864600000,499.53,501.19,498.44,499.7,522.681
1785865500000,499.7,500.86,498.74,499.8,921.977
1785866400000,499.8,503.91,499.53,502.97,1070.415
1785867300000,502.97,503.89,500.49,503.68,747.096
1785868200000,503.68,506.26,503.3,505.98,1454.95
1785869100000,505.98,508.75,504.82,505.44,1903.584
1785870000000,505.44,508,504.83,506.78,614.766
1785870900000,506.78,507.84,504.69,505.8,597.538
1785871800000,505.8,507.53,504.96,507.45,649.19
1785872700000,507.45,508.72,505.93,507.25,1196.46
1785873600000,507.25,507.62,502.46,504.56,1241.627
1785874500000,504.56,504.56,502.14,503.98,573.943
1785875400000,503.98,507.34,502.64,507.06,867.657
1785876300000,507.06,507.06,505.54,505.67,309.407
1785877200000,505.67,506.2,504.41,504.69,345.982
1785878100000,504.69,506.87,504.36,505.28,141.474
1785879000000,505.28,505.28,502.7,502.97,532.694
1785879900000,502.97,503.75,502.68,502.72,118.213
1785880800000,502.72,503.58,501.68,503.5,498.951
1785881700000,503.5,506.19,502.39,505.36,551.651
1785882600000,505.36,507.89,505.22,507.51,301.72
1785883500000,507.51,512.51,507.42,509.31,1579.475
1785884400000,509.31,509.62,506.69,507.03,459.969
1785885300000,507.03,507.78,505.86,506.78,196.566
1785886200000,506.78,507.54,505.41,505.51,484.339
1785887100000,505.51,506.54,505.22,506.32,345.62
1785888000000,506.32,506.58,503.03,503.92,986.002
1785888900000,503.92,504.97,503.12,504.21,667.92
1785889800000,504.21,505.29,503.28,503.61,435.615
1785890700000,503.61,504.3,502.9,503.91,254.15
1785891600000,503.91,506.39,503.31,504.88,436.894
1785892500000,504.88,508.27,504.1,507.09,785.878
1785893400000,507.09,510.63,506.69,509.06,832.175
1785894300000,509.06,511.82,508.85,511.62,902.272
1785895200000,511.62,518,511.3,514.68,2598.444
1785896100000,514.68,518.74,514.28,517.08,1797.852
1785897000000,517.08,517.7,513.48,514.21,440.889
1785897900000,514.21,515.73,513.59,514.53,700.397
1785898800000,514.53,515.68,513.05,514.4,680.715
1785899700000,514.4,515.23,508.96,510.08,1893.182
1785900600000,510.08,511.29,509.98,511.05,349.12
1785901500000,511.05,513.46,510.58,512.68,606.603
1785902400000,512.68,513.76,511.62,513.12,608.194
1785903300000,513.12,514.01,511.37,511.6,732.579
1785904200000,511.6,513.5,511.08,513.42,153.953
1785905100000,513.42,514.29,511.81,512.72,186.067
1785906000000,512.72,517.16,512.38,516.78,756.513
1785906900000,516.78,518.08,516.6,517.65,456.359
1785907800000,517.65,519.32,516.75,517.18,1023.563
1785908700000,517.18,519.57,517.06,518.46,719.265
1785909600000,518.46,519.2,517.63,518.57,743.96
1785910500000,518.57,520.84,516.38,517.65,1070.908
1785911400000,517.65,519.09,516.04,518.71,350.85
1785912300000,518.71,520.61,518.5,519.41,602.757
1785913200000,519.41,520.08,517.59,517.87,774.091
1785914100000,517.87,517.87,515.1,515.45,718.745
1785915000000,515.45,517.98,514.94,516.67,1213.387
1785915900000,516.67,517.34,515.77,517.34,917.682
1785916800000,517.34,517.73,516.45,516.6,651.809
1785917700000,516.6,520.14,516.34,519.27,605.557
1785918600000,519.27,519.41,516.64,517.2,331.344
1785919500000,517.2,517.97,516.24,517.45,483.41
1785920400000,517.45,518.66,516.54,517.55,571.542
1785921300000,517.55,518.64,516.32,516.34,403.281
1785922200000,516.34,517.48,515.88,516.28,494.738
1785923100000,516.28,517.05,516.04,516.07,283.049
1785924000000,516.07,518.04,515.31,516.2,885.36
1785924900000,516.2,518.76,515.67,518.21,330.355
1785925800000,518.21,519.1,517.74,518.56,265.037
1785926700000,518.56,518.79,515.4,515.51,800.648
1785927600000,515.51,515.76,513.72,514.62,1016.269
1785928500000,514.62,515.17,513.46,514.72,377.755
1785929400000,514.72,517.37,514.7,516.46,273.46
1785930300000,516.46,517.35,516,517.31,292.433
1785931200000,517.31,518.89,516.25,518.04,720.225
1785932100000,518.04,524.97,517.48,523.61,3514.353
1785933000000,523.61,525.94,522.75,523.54,1308.614
1785933900000,523.54,524.06,521.04,522.22,766.958
1785934800000,522.22,522.94,520.37,520.98,835.324
1785935700000,520.98,522.3,520.42,520.73,1267.381
1785936600000,520.73,521.42,513.88,518.51,4448.191
1785937500000,518.51,519.94,516.5,519.41,1467.382
1785938400000,519.41,523.97,518.14,522.97,1476.846
1785939300000,522.97,523.56,518.44,518.55,1175.072
1785940200000,518.55,518.55,515.52,517.42,1795.283
1785941100000,517.42,519.65,517.25,517.97,908.787
1785942000000,517.97,520.92,517.92,519.13,1188.827
1785942900000,519.13,519.95,517.32,519.94,1004.74
1785943800000,519.94,521.44,518.01,518.31,553.378
1785944700000,518.31,518.35,515.65,515.88,982.639
1785945600000,515.88,519.44,515.86,519.44,733.901
1785946500000,519.44,521.6,518.96,520.88,743.607
1785947400000,520.88,523.24,520.24,521.37,433.266
1785948300000,521.37,521.61,518.89,521.21,285.478
1785949200000,521.21,523.8,520.92,521.95,921.03
1785950100000,521.95,522.29,520.05,521.18,418.659
1785951000000,521.18,522.39,519.71,521.09,621.713
1785951900000,521.09,521.43,518.15,518.24,542.938
1785952800000,518.24,520.36,518.24,520.22,606.306
1785953700000,520.22,520.93,518.76,518.89,175.821
1785954600000,518.89,519.96,518.13,519.88,172.815
1785955500000,519.88,520.68,518.55,519.99,288.905
1785956400000,519.99,522.36,519.93,521.44,684.27
1785957300000,521.44,521.53,517.17,517.51,376.524
1785958200000,517.51,518.57,516.08,517.95,519.88
1785959100000,517.95,518.18,517.03,517.3,425.82
1785960000000,517.3,519.82,516.22,519.72,509.455
1785960900000,519.72,520.27,517.84,520.25,1083.798
1785961800000,520.25,521.95,520.12,520.68,686.245
1785962700000,520.68,520.74,518.05,518.13,865.126
1785963600000,518.13,518.2,515.79,516.58,481.363
1785964500000,516.58,517.86,516.5,516.69,98.829
1785965400000,516.69,517.71,516.36,516.44,264.846
1785966300000,516.44,518.59,516.37,517.89,142.618
1785967200000,517.89,518.66,516.76,517.23,479.461
1785968100000,517.23,517.73,516.11,516.87,233.184
1785969000000,516.87,516.87,514.17,515.23,1056.489
1785969900000,515.23,516.77,515.23,515.29,300.404
1785970800000,515.29,516.58,514.01,516.36,436.139
1785971700000,516.36,516.36,514.63,514.63,140.545
1785972600000,514.63,515.5,513.62,513.69,228.633
1785973500000,513.69,513.74,510.97,511.88,1794.061
1785974400000,511.88,512.41,510.93,511.11,665.604
1785975300000,511.11,512.29,510.78,511.09,635.769
1785976200000,511.09,511.23,506.92,507.42,1781.134
1785977100000,507.42,510.78,507.02,510.27,916.865
1785978000000,510.27,510.38,508.03,508.24,285.507
1785978900000,508.24,508.94,505.58,506.72,717.076
1785979800000,506.72,508.78,506.24,508.05,365.801
1785980700000,508.05,510.04,507.56,507.66,794.608
1785981600000,507.66,508.58,506.8,506.97,543.78
1785982500000,506.97,507.36,505.95,506.62,809.365
1785983400000,506.62,508.76,506.17,508.22,525.629
1785984300000,508.22,508.75,506.57,508.02,614.095
1785985200000,508.02,508.19,506.2,506.75,266.132
1785986100000,506.75,508.95,506.36,508.46,533.718
1785987000000,508.46,508.78,507.15,507.39,128.523
1785987900000,507.39,509.43,507.39,509.1,747.923
1785988800000,509.1,509.32,508.08,509.01,503.225
1785989700000,509.01,511.38,509,510.42,601.418
1785990600000,510.42,514.87,510.35,512.39,1333.096
1785991500000,512.39,512.39,511.15,512.08,228.944
1785992400000,512.08,513.66,511.37,511.38,724.501
1785993300000,511.38,512.16,510.25,510.96,742.254
1785994200000,510.96,511.11,509.23,510.09,381.933
1785995100000,510.09,510.4,508.36,509.3,443.52
1785996000000,509.3,509.37,506.74,507.03,485.591
1785996900000,507.03,508.33,506.4,507.96,457.327
1785997800000,507.96,509.15,507.34,508.76,290.913
1785998700000,508.76,509.12,507.77,508.16,562.599
1785999600000,508.16,508.16,506.97,507.49,125.022
1786000500000,507.49,509.59,507.45,508.89,387.047
1786001400000,508.89,510,507.99,508.29,438.485
1786002300000,508.29,509,507.88,507.96,297.792
1786003200000,507.96,508,504.1,504.78,744.317
1786004100000,504.78,506.17,503.34,505.25,947.74
1786005000000,505.25,506.19,504.63,505.66,426.191
1786005900000,505.66,507.27,505.33,506.48,477.013
1786006800000,506.48,506.92,501.92,503.64,1696.349
1786007700000,503.64,504.99,503.24,503.92,371.747
1786008600000,503.92,503.92,500.83,501.67,761.109
1786009500000,501.67,503.93,501.23,503.41,442.578
1786010400000,503.41,503.76,501.54,501.77,618.17
1786011300000,501.77,502.21,501.29,501.95,228.991
1786012200000,501.95,502.18,497.88,499.03,1698.191
1786013100000,499.03,499.93,494.61,495.18,1399.237
1786014000000,495.18,495.41,491.85,492.98,1692.445
1786014900000,492.98,494.89,492.48,493.56,1155.19
1786015800000,493.56,495.63,493.39,494.99,1841.106
1786016700000,494.99,495.93,494.02,494.54,269.527
1786017600000,494.54,494.75,492.26,492.44,467.242
1786018500000,492.44,494.15,492.44,493.21,468.687
1786019400000,493.21,493.89,489,491.44,2706.676
1786020300000,491.44,492.46,490.81,491.98,865.193
1786021200000,491.98,492.02,488.45,489.81,1132.991
1786022100000,489.81,490.78,489.13,490.69,939.861
1786023000000,490.69,494.81,490.01,493.71,1233.246
1786023900000,493.71,495.19,492.62,493.1,1042.176
1786024800000,493.1,493.87,490.73,490.83,857.231
1786025700000,490.83,495.6,490.38,493.51,1945.33
1786026600000,493.51,495.3,491.83,494.58,571.693
1786027500000,494.58,495.21,493.48,494.74,348.422
1786028400000,494.74,498.42,494.59,497.57,1377.418
1786029300000,497.57,498.05,495.5,496.78,584.769
1786030200000,496.78,497.47,494.13,495.08,368.175
1786031100000,495.08,496.23,492.1,492.27,527.105
1786032000000,492.27,493.99,492.27,493.3,676.371
1786032900000,493.3,494.95,492.21,493.21,1376.611
1786033800000,493.21,494.68,492.03,493.84,755.259
1786034700000,493.84,495.71,493,495.53,561.304
1786035600000,495.53,496.65,495.15,495.38,453.918
1786036500000,495.38,497.97,494.96,496.62,353.616
1786037400000,496.62,497.72,495.98,495.98,366.681
1786038300000,495.98,496.96,495.35,496.91,295.578
1786039200000,496.91,496.94,494.04,495.5,447.377
1786040100000,495.5,497.17,495.42,497.05,389.632
1786041000000,497.05,497.35,495.38,495.64,346.738
1786041900000,495.64,496.05,494.57,495.12,249.138
1786042800000,495.12,496.93,495.06,496.32,192.779
1786043700000,496.32,496.38,493.5,493.51,728.693
1786044600000,493.51,493.82,491.56,492.63,351.025
1786045500000,492.63,494.23,492.53,492.68,265.774
1786046400000,492.68,494.82,492.55,494.55,220.541
1786047300000,494.55,495.15,493.5,493.94,193.466
1786048200000,493.94,494.72,492.98,494.16,153.56
1786049100000,494.16,494.3,493.06,493.06,89.454
1786050000000,493.06,495.03,493.06,494.72,503.229
1786050900000,494.72,495.03,493.89,494.6,204.196
1786051800000,494.6,496.16,494.6,495.17,208.842
1786052700000,495.17,495.86,494.63,495.11,199.873
1786053600000,495.11,495.78,494.35,495.01,310.925
1786054500000,495.01,495.99,494.74,495.49,223.764
1786055400000,495.49,496.94,494.71,494.88,543.362
1786056300000,494.88,495.46,494.5,495.25,220.989
1786057200000,495.25,496.21,495.01,495.46,129.385
1786058100000,495.46,495.52,493.82,495.27,476.26
1786059000000,495.27,496.3,495.06,496.1,272.457
1786059900000,496.1,503.5,496.1,502.33,2614.568
1786060800000,502.33,505.15,501.86,502.73,1150.314
1786061700000,502.73,504.1,499.32,504.04,1310.628
1786062600000,504.04,504.48,502.1,503.83,513.8
1786063500000,503.83,506.48,503.48,505.61,776.088
1786064400000,505.61,507.31,503.49,504.4,407.559
1786065300000,504.4,504.47,502.91,504.35,299.857
1786066200000,504.35,505.56,503.45,504.57,633.084
1786067100000,504.57,506.78,504.3,505.86,273.21
1786068000000,505.86,507.48,502.7,504.87,495.257
1786068900000,504.87,506.98,501.1,503.08,1018.875
1786069800000,503.08,505.05,502.94,504.48,163.711
1786070700000,504.48,505.8,504.3,504.98,227.305
1786071600000,504.98,506.26,503.84,505.2,309.161
1786072500000,505.2,505.26,503.34,504.06,163.682
1786073400000,504.06,504.88,503.56,503.94,211.071
1786074300000,503.94,504.41,503.27,504.08,62.356
1786075200000,504.08,505.53,503.77,504.94,238.948
1786076100000,504.94,505.39,503.94,504.48,90.057
1786077000000,504.48,505.05,503.36,504.28,70.637
1786077900000,504.28,504.3,502,503.55,810.541
1786078800000,503.55,504.94,502.01,502.16,208.075
1786079700000,502.16,502.33,498.53,498.53,882.286
1786080600000,498.53,500.31,498.17,499.81,432.253
1786081500000,499.81,504.19,499.31,503.77,1091.214
1786082400000,503.77,505,501.9,504.76,715.696
1786083300000,504.76,505.83,503.97,504.3,425.623
1786084200000,504.3,504.6,502.3,502.64,765.195
1786085100000,502.64,502.64,500.76,501.42,322.275
1786086000000,501.42,503.61,500.42,502.43,463.08
1786086900000,502.43,502.59,501.39,502.37,229.233
1786087800000,502.37,502.95,501.81,501.99,106.381
1786088700000,501.99,503.02,501.99,502.19,140.142
1786089600000,502.19,504.82,502.19,504.46,169.066
1786090500000,504.46,505.27,503.07,504.14,349.836
1786091400000,504.14,505.57,504.03,505.21,715.14
1786092300000,505.21,505.73,504.76,505.28,317.603
1786093200000,505.28,506.91,504.64,504.95,441.115
1786094100000,504.95,505.88,503.76,504.21,380.123
1786095000000,504.21,511.21,503.96,508.56,2625.743
1786095900000,508.56,511.95,508.35,511.28,681.271
1786096800000,511.28,512.94,509.37,509.47,692.751
1786097700000,509.47,510.32,507.73,509.29,299.627
1786098600000,509.29,509.57,507.93,508.22,314.328
1786099500000,508.22,509.46,508.22,508.55,148.321
1786100400000,508.55,512.78,508.55,512.06,723.229
1786101300000,512.06,512.87,510.33,510.41,408.234
1786102200000,510.41,511.35,509.21,509.71,309.196
1786103100000,509.71,513.22,508.33,511.58,1223.14
1786104000000,511.58,514.99,511.27,512.09,956.648
1786104900000,512.09,512.51,510.09,510.85,539.962
1786105800000,510.85,514.25,507.69,509.4,1677.419
1786106700000,509.4,512.69,508.6,511.43,684.688
1786107600000,511.43,511.5,509.52,510.16,379.916
1786108500000,510.16,512.1,510.15,511.96,290.293
1786109400000,511.96,513.39,510.66,511.92,888.691
1786110300000,511.92,512.3,509.9,510.38,727.561
1786111200000,510.38,510.44,506.68,506.78,1321.447
1786112100000,506.78,510.36,506.53,510.28,1051.846
1786113000000,510.28,511.26,508.86,509.95,793.974
1786113900000,509.95,510.44,507.39,509.05,314.726
1786114800000,509.05,509.35,507.06,508.18,463.633
1786115700000,508.18,509.23,507.52,509.17,332.076
1786116600000,509.17,512.66,508.97,511.81,658.695
1786117500000,511.81,512.49,511.47,511.99,215.427
1786118400000,511.99,517.07,511.99,516.25,1206.246
1786119300000,516.25,517.01,511.98,512.1,725.825
1786120200000,512.1,514.49,511.89,513.41,271.964
1786121100000,513.41,515.25,513.41,514.16,444.655
1786122000000,514.16,514.61,509.41,509.53,757.441
1786122900000,509.53,511.58,508.8,510.86,356.576
1786123800000,510.86,512.53,510.12,511.54,294.835
1786124700000,511.54,511.9,509.52,511.67,134.11
1786125600000,511.67,513.24,511.57,512.79,207.679
1786126500000,512.79,512.95,510.71,511.15,79.517
1786127400000,511.15,511.7,508.73,509.83,156.757
1786128300000,509.83,510.16,509.2,509.6,51.097
1786129200000,509.6,512.44,509.33,512.38,104.085
1786130100000,512.38,514.59,512.38,514.21,323.22
1786131000000,514.21,514.96,513.03,513.59,244.697
1786131900000,513.59,514.41,512.88,513.75,139.33
1786132800000,513.75,513.83,511.95,512.95,177.618
1786133700000,512.95,513,511.67,511.75,58.762
1786134600000,511.75,511.98,510.53,510.86,162.934
1786135500000,510.86,511.38,510.65,511.31,109.96
1786136400000,511.31,511.97,510.59,511.42,58.571
1786137300000,511.42,511.56,510.11,511.51,229.755
1786138200000,511.51,512.34,510.91,511.13,134.161
1786139100000,511.13,511.7,509.11,510.32,353.133
1786140000000,510.32,510.99,508.74,510.99,761.903
1786140900000,510.99,511.07,509.12,509.13,178.95
1786141800000,509.13,509.57,507.32,508.09,494.793
1786142700000,508.09,509.44,507.93,509.2,82.527
1786143600000,509.2,510.18,509.19,510.18,62.16
1786144500000,510.18,510.26,508.81,508.81,63.352
1786145400000,508.81,512.51,508.55,511.74,168.271
1786146300000,511.74,512.48,510.99,511.1,114.524
1786147200000,511.1,511.27,509.2,509.85,171.609
1786148100000,509.85,509.99,508.14,508.3,64.966
1786149000000,508.3,508.67,507.86,508.26,78.349
1786149900000,508.26,508.26,506.26,506.87,594.828
1786150800000,506.87,507.87,504.69,507.65,1176.176
1786151700000,507.65,508.7,507.36,508.14,208.628
1786152600000,508.14,508.46,507.51,507.79,165.099
1786153500000,507.79,507.79,506.8,506.84,132.933
1786154400000,506.84,507.55,505.86,506.05,200.38
1786155300000,506.05,506.21,504.59,505.26,334.537
1786156200000,505.26,506.13,504.92,506.06,135.476
1786157100000,506.06,506.7,505.69,506.63,119.274
1786158000000,506.63,507.64,506.51,507.27,95.44
1786158900000,507.27,509.54,507.27,509.36,178.732
1786159800000,509.36,510.15,508.59,508.59,457.849
1786160700000,508.59,509.85,508.45,509.57,166.998
1786161600000,509.57,510.32,507.59,507.74,100.648
1786162500000,507.74,508.19,507.27,507.87,51.464
1786163400000,507.87,509.72,507.78,509.51,140.48
1786164300000,509.51,509.52,507.8,507.82,42.798
1786165200000,507.82,507.94,507.12,507.55,122.585
1786166100000,507.55,508.44,507.13,508.37,127.018
1786167000000,508.37,508.37,507.22,507.3,103.84
1786167900000,507.3,507.46,506.2,506.98,81.207
1786168800000,506.98,507.45,506.67,506.75,77.435
1786169700000,506.75,507.04,505.25,505.75,397.428
1786170600000,505.75,505.86,504.73,505.35,382.812
1786171500000,505.35,505.61,504.86,505.42,133.701
1786172400000,505.42,506.73,505.08,505.43,186.184
1786173300000,505.43,505.56,504.06,504.24,332.112
1786174200000,504.24,505.63,504.18,504.73,293.374
1786175100000,504.73,505.29,503.2,504.3,436.5
1786176000000,504.3,504.97,503.86,504.91,175.356
1786176900000,504.91,505.49,504.76,505.42,119.414
1786177800000,505.42,506.17,505.19,505.98,452.388
1786178700000,505.98,506.5,505.23,506.42,124.91
1786179600000,506.42,507.33,506.16,506.78,153.146
1786180500000,506.78,507.53,506.6,506.65,545.517
1786181400000,506.65,507.62,505.95,505.97,216.617
1786182300000,505.97,506.14,505.17,505.6,165.36
1786183200000,505.6,507.16,505.6,506.73,121.743
1786184100000,506.73,508.31,506.73,507.64,201.17
1786185000000,507.64,508.25,506.98,507.21,184.926
1786185900000,507.21,507.32,505.07,505.07,192.118
1786186800000,505.07,505.53,503.28,503.4,348.101
1786187700000,503.4,503.4,498.8,499.78,2064.804
1786188600000,499.78,499.97,497.53,497.6,848.755
1786189500000,497.6,499.19,497.27,497.88,4584.819
1786190400000,497.88,500.24,497.15,500.05,1716.123
1786191300000,500.05,501.25,498.72,499.74,1053.74
1786192200000,499.74,500.82,497.73,499.74,1056.653
1786193100000,499.74,500.23,499.34,499.94,529.918
1786194000000,499.94,503.28,499.94,501.52,1025.24
1786194900000,501.52,501.6,499.67,501.59,776.235
1786195800000,501.59,502.6,501.49,502.6,1027.864
1786196700000,502.6,502.96,501.91,502.11,216.391
1786197600000,502.11,502.27,501.35,502.26,215.006
1786198500000,502.26,504.43,501.91,502.94,495.588
1786199400000,502.94,503.89,501.6,501.79,294.455
1786200300000,501.79,504.91,501.79,504.75,272.979
1786201200000,504.75,506.45,504.41,504.47,715.432
1786202100000,504.47,504.97,503.5,504.35,269.05
1786203000000,504.35,505.05,503.59,505.05,199.495
1786203900000,505.05,505.61,503.89,504.88,135.707
1786204800000,504.88,505.57,504.22,504.73,68.776
1786205700000,504.73,505.11,503.7,503.88,71.302
1786206600000,503.88,505.36,503.45,504.98,179.504
1786207500000,504.98,507.49,504.96,507.38,852.061
1786208400000,507.38,507.76,506.03,506.62,196.58
1786209300000,506.62,507.02,505.73,506.09,408.052
1786210200000,506.09,507.28,505.79,506.67,141.064
1786211100000,506.67,506.92,506.21,506.6,116.053
1786212000000,506.6,506.6,504.74,505.2,184.31
1786212900000,505.2,505.24,503.7,504.34,169.22
1786213800000,504.34,504.88,503.47,504.67,171.078
1786214700000,504.67,505.45,504.44,505.19,148.446
1786215600000,505.19,506.63,504.85,506.63,95.017
1786216500000,506.63,511.35,506.63,509.08,1224.077
1786217400000,509.08,510.18,509.06,509.29,104.652
1786218300000,509.29,510.34,509.19,509.89,182.291
1786219200000,509.89,510.61,509.71,510.13,84.711
1786220100000,510.13,510.62,509.71,509.9,195.85
1786221000000,509.9,511.8,509.81,510.95,368.432
1786221900000,510.95,510.95,509.25,509.84,70.536
1786222800000,509.84,510.48,509.67,509.67,192.898
1786223700000,509.67,509.89,507.5,507.92,233.515
1786224600000,507.92,510.19,507.92,509.6,122.698
1786225500000,509.6,510.62,509.08,510.24,101.04
1786226400000,510.24,511.22,509.26,509.26,170.056
1786227300000,509.26,509.83,508.03,508.27,143.676
1786228200000,508.27,508.68,507.22,508,211.985
1786229100000,508,508,506.5,506.65,136.14
1786230000000,506.65,507.57,506.34,506.6,156.811
1786230900000,506.6,508.62,506.47,507.54,220.061
1786231800000,507.54,507.8,507.14,507.38,110.398
1786232700000,507.38,508.13,507.34,507.82,39.783
1786233600000,507.82,508.47,507.47,508.19,48.408
1786234500000,508.19,508.82,506.48,507.13,183.609
1786235400000,507.13,507.27,504.73,505.77,343.098
1786236300000,505.77,508.3,505.76,508.13,67.102
1786237200000,508.13,509.77,507.87,508.53,164.438
1786238100000,508.53,509.44,507.44,507.76,125.025
1786239000000,507.76,511.29,507.61,510.89,294.206
1786239900000,510.89,514.69,510.8,512.66,1183.368
1786240800000,512.66,514.99,512,514.52,1001.735
1786241700000,514.52,514.58,513.36,513.37,248.167
1786242600000,513.37,513.38,509.96,511.36,1303.893
1786243500000,511.36,512.41,511.36,511.78,203.939
1786244400000,511.78,511.78,510.48,510.63,126.257
1786245300000,510.63,512.43,510.48,511.54,72.806
1786246200000,511.54,512.56,511.07,511.28,162.187
1786247100000,511.28,512.52,509.71,510.6,169.528
1786248000000,510.6,512.07,510.42,511.33,131.688
1786248900000,511.33,513.31,511.27,512.98,241.31
1786249800000,512.98,513.05,511.38,511.92,168.795
1786250700000,511.92,512.59,511.67,512.14,42.535
1786251600000,512.14,512.52,511.14,511.59,107.912
1786252500000,511.59,511.91,509.58,509.69,179.394
1786253400000,509.69,509.86,508.77,509.28,177.358
1786254300000,509.28,509.87,508.42,509.82,258.014
1786255200000,509.82,509.82,508.32,508.84,158.426
1786256100000,508.84,510.42,508.65,510.08,188.371
1786257000000,510.08,510.83,509.67,509.82,77.57
1786257900000,509.82,510.42,509.16,509.52,101.807
1786258800000,509.52,513.04,509.36,511.79,1523.348
1786259700000,511.79,513.26,511.79,512.01,462.889
1786260600000,512.01,512.85,511.84,512.16,230.475
1786261500000,512.16,512.44,511.32,512.15,206.333
1786262400000,512.15,513,510.9,511.33,453.878
1786263300000,511.33,513.78,510.63,513.5,908.978
1786264200000,513.5,514,511.34,511.67,335.016
1786265100000,511.67,512.7,511.25,512.37,108.744
1786266000000,512.37,522.13,512.27,517.97,4306.58
1786266900000,517.97,519.58,515.47,515.67,518.533
1786267800000,515.67,518.59,514.75,518.28,1091.576
1786268700000,518.28,521.44,517.8,520.91,984.437
1786269600000,520.91,529.98,520.91,526.1,4871.257
1786270500000,526.1,527,523.28,524.57,3237.377
1786271400000,524.57,526.29,524.5,526.05,1466.996
1786272300000,526.05,527,524.44,524.71,1597.922
1786273200000,524.71,525.68,522.58,524.34,3189.607
1786274100000,524.34,525.03,522.83,523.66,295.436
1786275000000,523.66,525,522.63,523.85,261.47
1786275900000,523.85,524.39,522.62,524.11,258.871
1786276800000,524.11,524.5,520.31,521.1,641.832
1786277700000,521.1,522.95,520.86,521.82,248.319
1786278600000,521.82,523.5,521.6,523.17,571.173
1786279500000,523.17,523.57,521.84,521.98,344.553
1786280400000,521.98,525.68,521.6,524.46,1375.22
1786281300000,524.46,526.95,524.38,526.26,1091.959
1786282200000,526.26,526.32,524.79,524.92,234.951
1786283100000,524.92,525.19,522.81,523.1,226.085
1786284000000,523.1,524.47,522.81,523.93,379.975
1786284900000,523.93,524.23,522.88,523.4,398.055
1786285800000,523.4,524.45,522.62,523.27,266.802
1786286700000,523.27,524.03,522.83,523.55,147.047
1786287600000,523.55,523.6,522.6,522.93,120.685
1786288500000,522.93,523.11,521.4,521.69,193.74
1786289400000,521.69,522.48,521.14,522.13,317.782
1786290300000,522.13,523.48,521.81,522.94,607.948
1786291200000,522.94,523.41,518.26,518.51,1165.547
1786292100000,518.51,519.13,515.3,516.07,1617.653
1786293000000,516.07,518.67,516,518.11,442.377
1786293900000,518.11,518.63,517.74,518.18,145.903
1786294800000,518.18,518.34,517.62,518.16,215.304
1786295700000,518.16,518.33,514.35,515.32,967.772
1786296600000,515.32,516.72,515.17,516.47,228.795
1786297500000,516.47,516.47,513.72,514.73,1054.765
1786298400000,514.73,515.31,514.22,515.27,216.588
1786299300000,515.27,516.03,514.81,515.76,230.673
1786300200000,515.76,515.93,514.23,514.71,94.148
1786301100000,514.71,515.72,514.39,514.88,77.83
1786302000000,514.88,515.51,514.69,515.4,55.607
1786302900000,515.4,515.98,515.15,515.32,119.263
1786303800000,515.32,516.08,514.7,515.48,281.019
1786304700000,515.48,515.79,514.82,515.17,135.377
1786305600000,515.17,515.86,514.38,514.73,251.278
1786306500000,514.73,515.19,514.58,515.19,39.053
1786307400000,515.19,516.06,515.18,515.44,58.751
1786308300000,515.44,516.57,515.36,516.12,343.323
1786309200000,516.12,517.24,516,516.9,252.63
1786310100000,516.9,517.61,516,517.15,165.267
1786311000000,517.15,517.94,516.91,517.79,100.371
1786311900000,517.79,519.93,517.13,518.93,372.687
1786312800000,518.93,520.63,517.94,520.07,404.879
1786313700000,520.07,520.41,517.88,518.16,263.559
1786314600000,518.16,518.38,514.39,514.94,463.911
1786315500000,514.94,514.94,511.97,513.35,791.585
1786316400000,513.35,514.49,512.6,512.67,143.652
1786317300000,512.67,512.98,511.3,511.53,479.548
1786318200000,511.53,511.85,509.7,510.93,775.574
1786319100000,510.93,511.58,509.6,509.72,117.839
1786320000000,509.72,516.36,508.75,513.93,1045.69
1786320900000,513.93,515.2,511.72,512.09,852.296
1786321800000,512.09,512.5,508.01,508.48,673.54
1786322700000,508.48,511.53,507.85,508.12,608.704
1786323600000,508.12,509.44,506.05,508.37,1021.926
1786324500000,508.37,511.15,508.25,509.62,601.309
1786325400000,509.62,510.15,508.52,509,339.423
1786326300000,509,513.72,508.8,512.04,397.611
1786327200000,512.04,512.37,510.06,510.27,175.812
1786328100000,510.27,510.86,507.22,507.96,692.569
1786329000000,507.96,510.65,507.96,510.59,239.046
1786329900000,510.59,511.03,509.32,510.93,181.531
1786330800000,510.93,511.31,507.9,507.98,212.47
1786331700000,507.98,509.5,507.46,508.01,294.889
1786332600000,508.01,509.49,507.54,508.24,401.076
1786333500000,508.24,509.17,507.82,508.15,404.906
1786334400000,508.15,508.37,507.26,508.37,170.731
1786335300000,508.37,509.37,507.79,507.79,464.248
1786336200000,507.79,508.63,506.71,508.17,288.534
1786337100000,508.17,508.73,505.45,506.28,484.663
1786338000000,506.28,507.69,505.68,507.04,500.236
1786338900000,507.04,509.33,506.93,509.13,115.706
1786339800000,509.13,509.46,508.2,509.25,214.637
1786340700000,509.25,510.69,508.79,509.87,639.278
1786341600000,509.87,510.58,509.11,510.06,198.314
1786342500000,510.06,510.62,509.06,509.68,148.222
1786343400000,509.68,511.32,509.35,511.12,144.419
1786344300000,511.12,511.25,509.94,510.97,266.8
1786345200000,510.97,511.06,509.3,510.23,237.394
1786346100000,510.23,511.26,508.54,509.03,473.603
1786347000000,509.03,509.99,508.68,509.36,315.597
1786347900000,509.36,509.43,508.2,508.9,269.288
1786348800000,508.9,510.37,508.13,510.26,181.14
1786349700000,510.26,513.38,509.9,511.58,508.948
1786350600000,511.58,512.4,509.19,510.03,925.633
1786351500000,510.03,511.2,509.37,511.03,291.003
1786352400000,511.03,511.05,509.73,510.09,436.779
1786353300000,510.09,510.09,508.42,508.97,239.809
1786354200000,508.97,508.97,506.24,506.59,1056.019
1786355100000,506.59,506.82,503.59,504.41,1268.596
1786356000000,504.41,506.79,504.17,506.1,345.487
1786356900000,506.1,507.93,505.75,506.43,1564.805
1786357800000,506.43,507.45,506.04,507.18,229.511
1786358700000,507.18,507.74,506.9,507.23,175.5
1786359600000,507.23,507.48,506.25,506.85,151.636
1786360500000,506.85,508.48,506.58,508.12,430.952
1786361400000,508.12,508.38,507.76,508.18,240.58
1786362300000,508.18,508.52,507.89,508.5,153.855
1786363200000,508.5,509.33,507.1,507.19,275.274
1786364100000,507.19,507.6,500.31,501.91,1950.114
1786365000000,501.91,503.52,500.61,502.75,1492.714
1786365900000,502.75,503.63,501.97,502.78,1072.11
1786366800000,502.78,504.86,502.52,504.85,709.605
1786367700000,504.85,505.84,504.29,505.61,360.269
1786368600000,505.61,506.3,503.53,503.87,939.736
1786369500000,503.87,506.8,503.53,506.44,933.677
1786370400000,506.44,508.16,505.73,505.78,979.596
1786371300000,505.78,505.97,504.03,504.28,397.949
1786372200000,504.28,505.16,503.59,503.72,252.269
1786373100000,503.72,504.1,501.92,502.74,861.398
1786374000000,502.74,504.02,498.02,500.68,2165.803
1786374900000,500.68,502.57,497.34,500.39,2980.887
1786375800000,500.39,500.83,499.11,500.61,413.239
1786376700000,500.61,501.63,500.24,501.36,283.694
1786377600000,501.36,503.87,501.03,502.62,819.427
1786378500000,502.62,503.5,500.16,500.27,684.159
1786379400000,500.27,500.37,498.04,498.73,933.267
1786380300000,498.73,499.15,493.73,497.14,2302.154
1786381200000,497.14,497.3,493.3,496.69,1140.261
1786382100000,496.69,497.17,495.21,495.74,929.012
1786383000000,495.74,497.51,494.94,495.86,665.064
1786383900000,495.86,497.29,495.03,496.99,275.005
1786384800000,496.99,498.48,496.24,497.37,402.864
1786385700000,497.37,498.48,497.05,498.11,190.443
1786386600000,498.11,498.74,496.78,497.9,394.096
1786387500000,497.9,497.9,496.12,496.29,238.246
1786388400000,496.29,497.79,496.25,497.79,108.637
1786389300000,497.79,500.66,497.79,500.44,528.368
1786390200000,500.44,501.34,498.99,498.99,588.362
1786391100000,498.99,499.39,497.75,498.16,228.516
1786392000000,498.16,499.5,497.37,499.33,202.052
1786392900000,499.33,500.47,499.04,499.64,385.819
1786393800000,499.64,500.03,497.88,498.69,848.098
1786394700000,498.69,498.79,498.04,498.19,201.151
1786395600000,498.19,498.61,495.93,496.3,586.887
1786396500000,496.3,497.47,495.86,497.47,130.611
1786397400000,497.47,497.71,496.33,496.64,90.099
1786398300000,496.64,498.31,496.58,498.27,126.03
1786399200000,498.27,499.03,496.14,498.23,208.352
1786400100000,498.23,498.86,496.61,497.94,201.588
1786401000000,497.94,497.94,495.92,496.42,122.536
1786401900000,496.42,496.85,495.78,495.8,76.789
1786402800000,495.8,496.01,495.01,496.01,610.068
1786403700000,496.01,498.18,496.01,497.88,399.387
1786404600000,497.88,498.46,496.22,496.25,230.012
1786405500000,496.25,496.65,494.8,496.12,698.854
1786406400000,496.12,496.92,495.3,496.85,340.569
1786407300000,496.85,496.88,495.3,496.24,215.5
1786408200000,496.24,496.29,494.94,495.71,131.437
1786409100000,495.71,495.84,494.27,495.39,319.391
1786410000000,495.39,495.39,491.06,491.93,1281.262
1786410900000,491.93,492.5,490.52,490.85,802.804
1786411800000,490.85,491.29,489.58,489.8,810.544
1786412700000,489.8,493.68,489.67,492.33,931.653
1786413600000,492.33,493.97,491.24,491.94,1614.697
1786414500000,491.94,493.2,491.83,493.17,472.909
1786415400000,493.17,493.35,491.81,492.63,223.59
1786416300000,492.63,494.13,492.55,493.7,107.122
1786417200000,493.7,494.75,493.42,493.91,269.73
1786418100000,493.91,495.08,493.66,494.53,740.75
1786419000000,494.53,494.53,492.82,493.31,553.815
1786419900000,493.31,494.22,493.07,493.91,295.63
1786420800000,493.91,494.68,492.74,493.71,462.178
1786421700000,493.71,494.43,492.83,492.87,112.367
1786422600000,492.87,493.31,492.18,492.59,378.194
1786423500000,492.59,493.79,491.94,493.56,97.647
1786424400000,493.56,493.87,492.41,492.63,57.351
1786425300000,492.63,492.63,491,492.6,327.614
1786426200000,492.6,493.89,492.18,492.72,691.033
1786427100000,492.72,492.74,491.19,491.75,232.281
1786428000000,491.75,492.18,490.03,490.18,552.503
1786428900000,490.18,490.89,489.76,490.02,499.709
1786429800000,490.02,490.95,489.3,490.39,405.694
1786430700000,490.39,491.16,489.79,490.76,386.329
1786431600000,490.76,490.92,486.21,488.83,2922.281
1786432500000,488.83,488.83,485.74,486.43,1092.053
1786433400000,486.43,488.73,486.41,488.28,337.552
1786434300000,488.28,488.43,487.25,487.52,348.967
1786435200000,487.52,488.11,486.29,486.29,693.997
1786436100000,486.29,486.55,485.45,485.66,433.569
1786437000000,485.66,485.92,484.08,485.83,819.553
1786437900000,485.83,486.96,485.83,486.68,429.552
1786438800000,486.68,486.76,484.96,485.08,801.99
1786439700000,485.08,486.97,484.81,485.55,509.128
1786440600000,485.55,485.89,484.92,485.74,249.851
1786441500000,485.74,486.94,485.32,486.92,289.2
1786442400000,486.92,486.92,484.57,484.7,478.229
1786443300000,484.7,485.04,483.5,484.88,740.057
1786444200000,484.88,485.73,484.71,484.8,129.969
1786445100000,484.8,485.82,483.74,483.8,868.641
1786446000000,483.8,489.84,483.8,488.53,2991.012
1786446900000,488.53,490.21,488.04,489.73,828.741
1786447800000,489.73,489.83,488.41,489.5,477.54
1786448700000,489.5,489.68,489.01,489.32,385.726
1786449600000,489.32,489.53,487.69,488.67,318.639
1786450500000,488.67,488.71,485.35,485.79,1384.522
1786451400000,485.79,487.3,485.35,486.77,738.953
1786452300000,486.77,486.77,485.11,485.49,3161.047
1786453200000,485.49,487.84,485.49,486.68,773.554
1786454100000,486.68,486.77,485.74,486.41,404.704
1786455000000,486.41,486.63,485.44,486.18,423.545
1786455900000,486.18,486.38,484.37,485.52,398.177
1786456800000,485.52,485.87,481.11,481.54,1418.418
1786457700000,481.54,483.06,479.21,480.41,1525.877
1786458600000,480.41,480.41,477.7,479.02,1861.19
1786459500000,479.02,479.7,474.08,477.14,2919.076
1786460400000,477.14,477.39,474.13,474.76,1047.313
1786461300000,474.76,475.38,473.07,473.89,1648.542
1786462200000,473.89,474.94,469.59,469.98,3786.543
1786463100000,469.98,472.46,469.93,470.85,1297.593
1786464000000,470.85,472.22,468.68,469.76,1371.852
1786464900000,469.76,470.09,466.36,467.99,1667.428
1786465800000,467.99,470.24,466.83,468.27,1776.04
1786466700000,468.27,468.92,467.23,467.58,366.953
1786467600000,467.58,469.91,466.77,468.63,571.585
1786468500000,468.63,473.22,468.42,472.83,890.384
1786469400000,472.83,473.63,471.87,473.11,828.814
1786470300000,473.11,473.5,470.26,470.37,634.004
1786471200000,470.37,472.35,470.37,472.16,667.567
1786472100000,472.16,473.45,471.54,471.72,227.464
1786473000000,471.72,472.61,471.1,472.14,412.797
1786473900000,472.14,472.31,470.66,472.31,326.638
1786474800000,472.31,472.49,471.54,472.18,340.311
1786475700000,472.18,473.43,472.18,472.54,399.835
1786476600000,472.54,474.15,472.02,474.07,432.66
1786477500000,474.07,476.67,473.81,476.38,1547.984
1786478400000,476.38,477.27,476.16,476.28,702.233
1786479300000,476.28,477.02,475.57,475.92,409.149
1786480200000,475.92,477.51,475.92,477.12,333.363
1786481100000,477.12,478.55,476.94,478.31,1144.81
1786482000000,478.31,480.71,478.06,479.61,1289.568
1786482900000,479.61,480.12,478.95,479.54,672.607
1786483800000,479.54,482.15,478.82,481.78,2447.546
1786484700000,481.78,482.12,480.02,480.98,952.821
1786485600000,480.98,484.51,480.98,482.43,1343.37
1786486500000,482.43,482.49,480.1,481.19,523.115
1786487400000,481.19,481.67,480.2,480.37,660.39
1786488300000,480.37,480.63,479.3,480.02,475.869
1786489200000,480.02,480.12,478.37,478.37,187.125
1786490100000,478.37,480.21,478.26,479.78,342.251
1786491000000,479.78,480.28,478.45,480.28,308.222
1786491900000,480.28,481.89,480,481.33,1017.999
1786492800000,481.33,481.46,480.36,481.28,150.004
1786493700000,481.28,482.88,481,482.04,418.32
1786494600000,482.04,483.09,482.04,482.52,197.447
1786495500000,482.52,482.94,481.57,482.3,128.533
1786496400000,482.3,484.53,481.23,483.78,253.976
1786497300000,483.78,483.8,481.51,481.51,475.251
1786498200000,481.51,482.18,480.78,481.97,195.187
1786499100000,481.97,482.01,479.64,479.64,454.05
1786500000000,479.64,481.68,479.64,481.05,149.73
1786500900000,481.05,481.26,480.17,480.99,196.141
1786501800000,480.99,480.99,479.19,480.29,289.667
1786502700000,480.29,481.76,480.29,481.4,65.116
1786503600000,481.4,482.4,480.72,481.42,140.904
1786504500000,481.42,482.22,481.21,482.22,119.573
1786505400000,482.22,483.06,481.88,482.44,249.083
1786506300000,482.44,482.9,481.85,482.41,334.411
1786507200000,482.41,482.76,481.48,482.63,250.081
1786508100000,482.63,483.44,482.07,482.07,72.822
1786509000000,482.07,482.23,480.87,482.12,183.13
1786509900000,482.12,483.2,482.09,482.34,187.192
1786510800000,482.34,482.45,481.67,482.16,110.108
1786511700000,482.16,482.77,481.63,482,848.098
1786512600000,482,483.38,481.99,482.52,218.165
1786513500000,482.52,484.45,482.46,483.24,680.496
1786514400000,483.24,486.34,482.07,483.27,920.818
1786515300000,483.27,483.7,481.58,481.74,558.269
1786516200000,481.74,481.76,476.88,477.26,1776.49
1786517100000,477.26,478.63,476.32,477.48,620.736
1786518000000,477.48,479.12,477.04,478.56,602.505
1786518900000,478.56,478.98,478.09,478.35,94.646
1786519800000,478.35,479.36,478.01,478.58,132.229
1786520700000,478.58,479.65,477.78,479.09,415.639
1786521600000,479.09,479.41,477.89,478.23,487.268
1786522500000,478.23,478.29,477.35,477.37,326.833
1786523400000,477.37,477.53,476.38,476.46,383.529
1786524300000,476.46,476.5,474.22,474.67,1376.44
1786525200000,474.67,477.37,474.26,477.04,1288.824
1786526100000,477.04,480.39,476.99,480.16,922.294
1786527000000,480.16,481.64,478.85,479.24,421.347
1786527900000,479.24,480.24,478.27,479.48,365.339
1786528800000,479.48,482.99,478.83,482.47,1366.591
1786529700000,482.47,482.53,480.86,481.37,833.652
1786530600000,481.37,484.68,481.1,483.65,1792.796
1786531500000,483.65,485.9,483.65,485.25,1405.043
1786532400000,485.25,486.72,484.64,485.43,485.389
1786533300000,485.43,489.94,485.43,489.05,3957.874
1786534200000,489.05,489.91,488.25,488.85,1147.443
1786535100000,488.85,492.41,488.64,490.45,2697.899
1786536000000,490.45,491.74,490.04,490.39,1597.332
1786536900000,490.39,494.54,490.35,494.13,1141.128
1786537800000,494.13,495.4,490.01,490.36,2998.013
1786538700000,490.36,493.77,488.84,493.02,1679.879
1786539600000,493.02,494.98,492.51,493.34,590.873
1786540500000,493.34,494.67,491.34,491.87,2023.513
1786541400000,491.87,492.3,488.86,489.68,1261.737
1786542300000,489.68,491.03,488.35,488.89,492.091
1786543200000,488.89,490.3,485.8,489,1269.447
1786544100000,489,489.14,487.39,488.01,345.928
1786545000000,488.01,488.79,484.64,486.25,1435.72
1786545900000,486.25,488.08,486.04,486.42,549.869
1786546800000,486.42,488.87,485.24,485.8,1678.565
1786547700000,485.8,486.86,484.07,485.28,803.244
1786548600000,485.28,486.23,483.48,484.37,1116.932
1786549500000,484.37,486.65,484.37,485.61,250.757
1786550400000,485.61,486.22,483.1,484.06,448.853
1786551300000,484.06,485.58,483.55,485.33,720.046
1786552200000,485.33,485.6,484.39,484.98,212.391
1786553100000,484.98,486.35,484.79,485.84,421.399
1786554000000,485.84,498.42,485.71,497.6,3603.375
1786554900000,497.6,498.23,493.97,494.09,1086.746
1786555800000,494.09,499.37,493.98,497.08,1302.765
1786556700000,497.08,498,496.02,496.56,1022.574
1786557600000,496.56,498.24,496.46,496.75,608.241
1786558500000,496.75,496.97,494.6,496.67,548.264
1786559400000,496.67,498.87,496.4,497.87,921.042
1786560300000,497.87,498.36,496.56,496.62,148.878
1786561200000,496.62,496.81,493.3,493.74,521.593
1786562100000,493.74,494.35,490.45,491.89,1812.469
1786563000000,491.89,492.08,490.49,490.85,291.916
1786563900000,490.85,491.34,490.1,491.06,171.844
1786564800000,491.06,491.54,490.39,490.47,390.048
1786565700000,490.47,490.68,489.5,490.35,241.591
1786566600000,490.35,493.44,490.35,491.85,703.36
1786567500000,491.85,493.21,491.6,493.14,187.19
1786568400000,493.14,493.23,491.39,491.71,960.738
1786569300000,491.71,492.21,488.49,489.04,696.3
1786570200000,489.04,490.77,488.01,490.57,694.504
1786571100000,490.57,491,489.2,489.37,379.463
1786572000000,489.37,490.73,488.52,490.35,383.844
1786572900000,490.35,491.67,490.15,491.15,103.39
1786573800000,491.15,491.16,489.52,489.76,88.407
1786574700000,489.76,490.31,489.07,490.19,240.637
1786575600000,490.19,490.37,489.19,489.89,132.328
1786576500000,489.89,490.72,489.51,489.76,210.906
1786577400000,489.76,490.15,489.11,489.47,77.397
1786578300000,489.47,490.57,488.73,489.79,135.615
1786579200000,489.79,496.17,489.51,494.64,874.482
1786580100000,494.64,495.84,492.65,493.28,315.056
1786581000000,493.28,493.75,491.75,491.75,248.551
1786581900000,491.75,494.35,491.75,493.59,149.017
1786582800000,493.59,494.09,492.27,493.61,391.204
1786583700000,493.61,493.61,487.26,488.55,2727.32
1786584600000,488.55,489.87,487.83,487.85,307.724
1786585500000,487.85,488.43,487.41,487.81,119.354
1786586400000,487.81,487.92,484,484.33,872.265
1786587300000,484.33,486.54,484.33,486.19,1028.541
1786588200000,486.19,486.19,484.42,485.65,304.583
1786589100000,485.65,489.61,485.25,489.32,725.522
1786590000000,489.32,490.05,488.55,489.6,1182.444
1786590900000,489.6,493.38,489.02,491.86,1017.526
1786591800000,491.86,494.92,491.59,494.76,2092.301
1786592700000,494.76,495,492.48,493.6,1761.241
1786593600000,493.6,494.87,492.8,494.14,1558.515
1786594500000,494.14,494.31,492.73,492.99,317.359
1786595400000,492.99,493.66,492.76,493.36,254.211
1786596300000,493.36,494.7,493.31,494.52,698.325
1786597200000,494.52,497.67,494.34,495.32,1595.724
1786598100000,495.32,497.57,495.32,497.51,418.341
1786599000000,497.51,498.97,496.58,497.87,2320.594
1786599900000,497.87,497.87,496.15,496.15,839.318
1786600800000,496.15,496.5,494.17,494.85,609.906
1786601700000,494.85,496.35,494.85,495.66,443.876
1786602600000,495.66,495.9,494.36,495.52,350.058
1786603500000,495.52,497.17,495.52,496.75,170.873
1786604400000,496.75,496.8,495.14,495.61,98.931
1786605300000,495.61,496.2,494.98,495.45,106.193
1786606200000,495.45,496.74,494.71,494.87,291.898
1786607100000,494.87,495.46,494.68,495.17,250.745
1786608000000,495.17,496.49,495.06,495.76,655.42
1786608900000,495.76,496.32,495.71,495.72,332.364
1786609800000,495.72,496.79,495.66,496.28,113.202
1786610700000,496.28,496.56,495.86,496.56,60.931
1786611600000,496.56,496.9,494,494.22,241.67
1786612500000,494.22,495.67,493.7,495.67,291.021
1786613400000,495.67,496.22,494.73,495.51,198.675
1786614300000,495.51,497.56,495.08,496.22,361.61
1786615200000,496.22,496.34,493.49,494.35,775.596
1786616100000,494.35,495.37,493.41,494.39,689.251
1786617000000,494.39,494.39,492.28,493.27,2432.059
1786617900000,493.27,494.11,493.27,493.87,108.545
1786618800000,493.87,494.13,493.18,494.13,225.328
1786619700000,494.13,494.14,491.3,491.78,400.327
1786620600000,491.78,491.9,489.92,490.04,2083.07
1786621500000,490.04,490.3,489.29,489.3,237.185
1786622400000,489.3,491.77,489.07,491.24,985.763
1786623300000,491.24,491.75,490.6,491.03,234.297
1786624200000,491.03,492.35,490.2,490.51,383.35
1786625100000,490.51,490.51,489.17,490.06,395.831
1786626000000,490.06,493.31,489.79,491.22,1040.502
1786626900000,491.22,491.22,488.88,489.18,1668.406
1786627800000,489.18,492,486.8,491.63,1662.113
1786628700000,491.63,491.84,489.6,490.03,265.304
1786629600000,490.03,491.65,489.6,490.34,694.531
1786630500000,490.34,493.04,490.34,491.18,485.078
1786631400000,491.18,496.1,490.69,495.04,925.679
1786632300000,495.04,496.22,493.37,493.93,190.256
1786633200000,493.93,495.75,493.6,494.19,701.172
1786634100000,494.19,495.14,491.22,491.87,456.485
1786635000000,491.87,492.52,491.15,491.52,228.421
1786635900000,491.52,492.15,487.41,487.78,1955.375
1786636800000,487.78,489.26,485.95,487.17,1092.811
1786637700000,487.17,488.34,485.56,486.59,1232.729
1786638600000,486.59,487.61,482.39,484.03,3406.031
1786639500000,484.03,487.21,483.63,485.95,1144.098
1786640400000,485.95,487.63,485.54,487.2,647.358
1786641300000,487.2,487.88,486.29,487.02,201.548
1786642200000,487.02,487.77,485.81,486.95,362.907
1786643100000,486.95,487.34,485.27,485.27,326.128
1786644000000,485.27,486,483.34,483.35,700.185
1786644900000,483.35,483.96,482.48,482.9,411.48
1786645800000,482.9,484.52,482.7,484.41,795.27
1786646700000,484.41,484.97,483.59,484.21,182.173
1786647600000,484.21,486.06,483.66,485.19,407.434
1786648500000,485.19,485.19,484.26,484.6,341.555
1786649400000,484.6,485.67,483.68,483.89,1420.181
1786650300000,483.89,484.97,483.89,484.83,208.134
1786651200000,484.83,485.96,484.54,485.28,320.06
1786652100000,485.28,487.08,485.28,486.99,243.699
1786653000000,486.99,487.11,485.13,485.39,176.282
1786653900000,485.39,485.44,484.26,484.97,850.954
1786654800000,484.97,486.08,484.88,485.57,145.411
1786655700000,485.57,486.23,485.53,485.92,260.606
1786656600000,485.92,486.62,485.46,486.6,533.593
1786657500000,486.6,486.77,485.47,485.53,102.575
1786658400000,485.53,488,485.48,487.51,472.641
1786659300000,487.51,491.06,486.97,490.4,1032.193
1786660200000,490.4,491.33,489.69,489.98,1905.84
1786661100000,489.98,490.85,488.81,489.02,444.685
1786662000000,489.02,489.18,488.27,488.64,359.174
1786662900000,488.64,488.64,487.46,488.19,161.961
1786663800000,488.19,491.09,488.19,491.06,646.805
1786664700000,491.06,491.5,490.18,490.71,237.273
1786665600000,490.71,491.86,489.99,489.99,304.842
1786666500000,489.99,492.49,489.72,491.09,160.516
1786667400000,491.09,491.09,489.17,490.1,153.504
1786668300000,490.1,492.35,489.3,491.62,105.352
1786669200000,491.62,491.64,489.5,489.62,532.667
1786670100000,489.62,492.91,488.63,491.53,981.334
1786671000000,491.53,491.59,490.4,490.89,366.565
1786671900000,490.89,492.27,490.31,492.03,460.031
1786672800000,492.03,493.44,491.91,493.13,357.609
1786673700000,493.13,494.09,492.17,493.88,231.873
1786674600000,493.88,494.19,492.59,492.65,1438.522
1786675500000,492.65,493.38,492.18,492.19,114.765
1786676400000,492.19,494.38,491.59,493.16,546.593
1786677300000,493.16,494.62,492.67,493.57,1173.605
1786678200000,493.57,493.58,492.27,492.41,557.134
1786679100000,492.41,492.49,491.76,491.97,195.193
1786680000000,491.97,492.26,490.82,492.14,495.246
1786680900000,492.14,493.51,492.1,492.57,332.841
1786681800000,492.57,493.14,491.85,492.1,404.873
1786682700000,492.1,492.12,490.69,491.04,169.62
1786683600000,491.04,491.62,489.67,489.94,546.413
1786684500000,489.94,491.05,488.92,490.96,366.451
1786685400000,490.96,491.06,489.45,490.22,382.645
1786686300000,490.22,491.5,489,491.44,150.848
1786687200000,491.44,495.19,490.81,492.65,1129.71
1786688100000,492.65,492.65,489.37,489.58,557.346
1786689000000,489.58,491.28,489.57,490.34,202.339
1786689900000,490.34,490.87,487.02,487.14,908.66
1786690800000,487.14,489.01,487.11,488.58,551.727
1786691700000,488.58,488.58,486.53,487.3,387.768
1786692600000,487.3,487.31,485.02,485.44,409.939
1786693500000,485.44,486.51,484.81,485.74,637.701
1786694400000,485.74,487.15,485.65,486.49,262.748
1786695300000,486.49,487.41,485.46,486.77,959.673
1786696200000,486.77,490.25,486.18,488.62,561.831
1786697100000,488.62,489.27,487.94,488.44,332.955
1786698000000,488.44,490.25,488.22,489.51,210.972
1786698900000,489.51,491.13,488.36,489.54,445.857
1786699800000,489.54,489.56,485.87,486.55,1058.315
1786700700000,486.55,488.53,486.55,487.35,262.659
1786701600000,487.35,489.74,487.15,489.44,750.279
1786702500000,489.44,490.28,488.07,488.82,315.95
1786703400000,488.82,489.22,487.78,488.14,1754.537
1786704300000,488.14,488.15,486.66,486.71,208.671
1786705200000,486.71,487.53,484.9,485.53,483.481
1786706100000,485.53,487.65,485.28,487.17,290.891
1786707000000,487.17,487.21,485.23,485.54,307.765
1786707900000,485.54,486.08,485.13,485.22,206.597
1786708800000,485.22,485.94,483.84,484.28,488.199
1786709700000,484.28,486.52,484.28,486.07,1723.151
1786710600000,486.07,486.29,483.31,483.33,447.9
1786711500000,483.33,484.76,482.97,483.67,602.595
1786712400000,483.67,483.9,482.6,483.26,422.623
1786713300000,483.26,486.7,482.97,485.6,1060.775
1786714200000,485.6,486.19,484.52,485.54,261.852
1786715100000,485.54,485.96,483.26,483.66,1446.966
1786716000000,483.66,483.78,481.24,481.24,923.405
1786716900000,481.24,481.87,480.38,481.72,710.897
1786717800000,481.72,483.67,481.53,482.83,1652.371
1786718700000,482.83,484.37,482.83,483.14,456.621
1786719600000,483.14,483.69,482.26,482.47,295.522
1786720500000,482.47,485.41,482.27,485.41,446.815
1786721400000,485.41,489.13,484.45,488.36,1047.583
1786722300000,488.36,488.84,486.79,487.65,681.112
1786723200000,487.65,488.47,486.8,487.91,864.206
1786724100000,487.91,488.77,487.57,488.63,188.117
1786725000000,488.63,490.73,488.45,489.14,654.161
1786725900000,489.14,489.87,488.19,489.22,383.673
1786726800000,489.22,489.53,488.78,489.3,206.134
1786727700000,489.3,493.2,489.3,491.96,1143.922
1786728600000,491.96,492.49,490.56,490.67,389.433
1786729500000,490.67,491.05,489.76,490.11,308.58
1786730400000,490.11,490.17,488.73,488.83,572.203
1786731300000,488.83,489.7,487.73,487.73,1028.971
1786732200000,487.73,489.3,486.05,487.61,1602.043
1786733100000,487.61,488,485.97,487.76,948.643
1786734000000,487.76,488,486.93,486.93,270.943
1786734900000,486.93,487.86,486.21,486.87,87.118
1786735800000,486.87,490.09,486.52,489.87,580.637
1786736700000,489.87,492.74,489.87,491.64,1859.528
1786737600000,491.64,492.94,491.46,491.76,793.371
1786738500000,491.76,492.04,491.2,491.55,116.788
1786739400000,491.55,492.76,491.11,491.85,254.98
1786740300000,491.85,492.86,491.36,492.75,337.983
1786741200000,492.75,493.99,489.84,489.86,1593.798
1786742100000,489.86,491.23,489.82,491.05,624.325
1786743000000,491.05,491.13,489.65,489.71,751.872
1786743900000,489.71,490.62,489.66,490.52,144.143
1786744800000,490.52,491.99,490.25,490.35,263.301
1786745700000,490.35,490.73,489.47,489.56,91.066
1786746600000,489.56,490.91,489.33,490.62,204.303
1786747500000,490.62,490.99,490.32,490.9,32.456
1786748400000,490.9,491.19,489.94,490.8,193.655
1786749300000,490.8,491.05,489.15,489.7,184.338
1786750200000,489.7,493.61,489.48,493.44,744.239
1786751100000,493.44,493.66,492.56,493.08,193.493
1786752000000,493.08,495.98,492.88,494.12,1239.148
1786752900000,494.12,495.38,493.83,493.91,246.93
1786753800000,493.91,495.05,492.88,492.93,218.668
1786754700000,492.93,493.46,491.71,492,701.708
1786755600000,492,492.01,490.59,491.89,305.898
1786756500000,491.89,495.6,491.79,494.78,1662.917
1786757400000,494.78,498.77,494.06,496.75,1153.849
1786758300000,496.75,497.24,496.32,496.62,541.535
1786759200000,496.62,497.89,495.47,495.95,1418.507
1786760100000,495.95,496.34,494.19,494.24,680.206
1786761000000,494.24,495.05,494.02,494.23,338.909
1786761900000,494.23,494.62,493.06,494.08,845.138
1786762800000,494.08,495.31,493.58,494.45,1087.224
1786763700000,494.45,495.68,494.22,494.22,118.139
1786764600000,494.22,494.51,492.67,492.88,301.666
1786765500000,492.88,494.06,492.85,493.22,150.469
1786766400000,493.22,494.4,492.93,494.32,304.597
1786767300000,494.32,495.33,494.27,494.7,242.042
1786768200000,494.7,494.7,493.38,494.03,272.841
1786769100000,494.03,494.03,492.21,493.32,780.605
1786770000000,493.32,494.66,493.14,493.14,443.151
1786770900000,493.14,493.46,491.45,491.66,199.662
1786771800000,491.66,491.66,490,491.11,1564.369
1786772700000,491.11,491.82,490.79,491.28,336.717
1786773600000,491.28,492.34,491.03,491.75,398.312
1786774500000,491.75,492.04,491.22,491.45,72.395
1786775400000,491.45,492.16,491.43,491.87,72.575
1786776300000,491.87,492.08,491.61,491.83,121.643
1786777200000,491.83,492.08,490.91,491.56,250.727
1786778100000,491.56,491.56,490.14,490.25,603.923
1786779000000,490.25,490.53,490.04,490.25,248.304
1786779900000,490.25,490.25,489,489.79,1002.288
1786780800000,489.79,490.26,489.26,489.59,137.532
1786781700000,489.59,490.26,489.48,489.98,95.621
1786782600000,489.98,490.15,488.83,489.15,114.411
1786783500000,489.15,489.85,488.09,488.3,131.111
1786784400000,488.3,489.11,487.67,488.73,284.758
1786785300000,488.73,489.25,488.45,489.08,119.521
1786786200000,489.08,489.22,488.26,488.36,291.577
1786787100000,488.36,489.46,488.36,489.46,70.374
1786788000000,489.46,490.33,488.9,489.06,145.177
1786788900000,489.06,489.07,488.57,489.04,65.203
1786789800000,489.04,489.04,487.43,487.6,116.504
1786790700000,487.6,489.27,487.42,488.97,761.503
1786791600000,488.97,488.97,487.81,487.81,120.582
1786792500000,487.81,488.76,487.81,488.76,64.505
1786793400000,488.76,492.49,488.51,492.31,1220.054
1786794300000,492.31,492.31,490.52,491.12,459.353
1786795200000,491.12,492.05,490.89,491.72,391.325
1786796100000,491.72,492,490.28,490.4,127.299
1786797000000,490.4,490.53,489.86,489.99,78.154
1786797900000,489.99,490.03,489.11,490.02,86.834
1786798800000,490.02,490.98,489.43,490.79,328.009
1786799700000,490.79,491.33,489.87,489.96,258.211
1786800600000,489.96,490.77,489.86,490.77,98.522
1786801500000,490.77,490.91,488.78,489.47,223.316
1786802400000,489.47,489.5,488.58,488.6,172.192
1786803300000,488.6,488.82,487.49,488.42,681.449
1786804200000,488.42,488.98,488.24,488.61,398.399
1786805100000,488.61,489.57,488.41,489.31,164.838
1786806000000,489.31,489.46,488.57,488.57,52.211
1786806900000,488.57,489.94,488.41,489.37,136.905
1786807800000,489.37,490.24,489.1,489.94,119.666
1786808700000,489.94,491.12,489.3,489.54,264.282
1786809600000,489.54,490.04,489.17,489.97,763.048
1786810500000,489.97,492.15,489.64,491,710.328
1786811400000,491,491.42,490.72,491.24,180.798
1786812300000,491.24,491.83,490.88,491.33,115.102
1786813200000,491.33,491.4,489.33,489.38,395.847
1786814100000,489.38,489.66,488.23,488.46,317.314
1786815000000,488.46,488.47,487.85,488.11,922.418
1786815900000,488.11,488.82,488.11,488.36,645.607
1786816800000,488.36,488.46,487.69,488.34,759.634
1786817700000,488.34,488.34,485.76,486.1,466.56
1786818600000,486.1,488.99,486.05,488.68,943.375
1786819500000,488.68,489.72,488.56,488.82,390.148
1786820400000,488.82,489.44,488.45,489.44,457.719
1786821300000,489.44,489.87,489.09,489.32,108.322
1786822200000,489.32,490.11,489.23,489.97,228.368
1786823100000,489.97,490.24,489.68,489.94,567.355
1786824000000,489.94,490.02,488.85,489.04,122.555
1786824900000,489.04,489.04,488.07,488.17,250.618
1786825800000,488.17,488.38,487.9,488.22,34.056
1786826700000,488.22,489.76,488.04,489,312.222
1786827600000,489,489.57,488.72,488.72,126.079
1786828500000,488.72,489.86,488.69,489.69,28.411
1786829400000,489.69,490.37,488.96,490.32,156.166
1786830300000,490.32,490.35,489.47,489.54,209.942
1786831200000,489.54,489.97,489.14,489.43,91.768
1786832100000,489.43,489.7,488.87,489.42,75.809
1786833000000,489.42,489.91,488.66,489.72,96.11
1786833900000,489.72,489.72,488.21,488.36,304.895
1786834800000,488.36,488.43,486.36,487.52,565.888
1786835700000,487.52,487.81,487.16,487.21,71.048
1786836600000,487.21,487.38,486.75,486.81,83.858
1786837500000,486.81,487.95,486.77,487.72,500.617
1786838400000,487.72,487.9,486.78,486.83,368.963
1786839300000,486.83,487.49,486.7,487.49,198.764
1786840200000,487.49,487.49,486.64,486.98,831.316
1786841100000,486.98,488.07,486.83,487.73,366.64
1786842000000,487.73,487.73,484.17,485.43,1507.434
1786842900000,485.43,485.56,484.81,485.14,571.706
1786843800000,485.14,486.17,484.56,486.14,792.477
1786844700000,486.14,486.3,485.63,485.72,258.427
1786845600000,485.72,485.98,484.85,484.93,85.912
1786846500000,484.93,487.32,484.4,487.24,429.424
1786847400000,487.24,487.6,486.81,487.48,133.682
1786848300000,487.48,487.48,485.66,485.92,425.35
1786849200000,485.92,487.13,485.4,486.97,316.91
1786850100000,486.97,487.01,485.97,486.07,95.751
1786851000000,486.07,486.84,486,486.48,35.515
1786851900000,486.48,486.86,486.38,486.56,53.797
1786852800000,486.56,486.99,486.29,486.29,44.631
1786853700000,486.29,487.56,485.78,486.98,275.789
1786854600000,486.98,487.38,486.21,486.55,111.463
1786855500000,486.55,487.35,486.23,486.95,91.938
1786856400000,486.95,488.94,486.95,488.03,837.553
1786857300000,488.03,488.2,486.78,486.99,1085.211
1786858200000,486.99,487.24,486.5,486.55,68.806
1786859100000,486.55,486.55,486.07,486.32,322.948
1786860000000,486.32,486.93,485.68,485.8,145.837
1786860900000,485.8,485.96,483.49,485.46,1023.298
1786861800000,485.46,487.75,485.41,487.44,76.726
1786862700000,487.44,488.62,486.67,486.75,554.16
1786863600000,486.75,486.75,486.29,486.44,85.638
1786864500000,486.44,487.03,486.28,487.03,42.007
1786865400000,487.03,487.38,486.99,487.28,93.173
1786866300000,487.28,487.69,487.12,487.68,53.866
1786867200000,487.68,487.78,486.95,487.39,326.237
1786868100000,487.39,487.81,486.96,487.02,245.678
1786869000000,487.02,487.5,486.71,487.44,205.967
1786869900000,487.44,487.62,486.98,487.28,105.603
1786870800000,487.28,487.64,486.57,487.62,83.61
1786871700000,487.62,489.05,487.62,488.94,957.434
1786872600000,488.94,489.06,486.6,487.08,380.42
1786873500000,487.08,487.62,486.79,487.18,152.637
1786874400000,487.18,487.26,485.36,485.53,297.389
1786875300000,485.53,485.88,485,485.76,295.616
1786876200000,485.76,485.89,485.31,485.76,157.784
1786877100000,485.76,486.18,485.76,485.87,98.184
1786878000000,485.87,485.94,485.4,485.72,537.927
1786878900000,485.72,486.52,485.63,486.24,130.765
1786879800000,486.24,486.24,485.85,485.85,11.333
1786880700000,485.85,486.02,485.17,485.73,891.631
1786881600000,485.73,485.73,484.39,484.41,95.694
1786882500000,484.41,484.98,484.03,484.83,366.486
1786883400000,484.83,484.86,484.38,484.71,49.548
1786884300000,484.71,484.99,484.48,484.86,293.921
1786885200000,484.86,485.9,484.86,485.65,575.841
1786886100000,485.65,487.2,485.65,486.4,350.429
1786887000000,486.4,486.65,486.15,486.65,11.006
1786887900000,486.65,490.35,486.62,489.84,1439.386
1786888800000,489.84,492.3,489.84,490.42,1322.31
1786889700000,490.42,493.27,490.42,492.31,525.052
1786890600000,492.31,494.16,491.79,491.86,1370.374
1786891500000,491.86,493.59,491.86,493.46,1292.973
1786892400000,493.46,495.3,493,493.12,1337.564
1786893300000,493.12,493.74,492.38,492.58,290.305
1786894200000,492.58,494.75,492.25,492.6,406.72
1786895100000,492.6,493.89,492.6,493.75,662.075
1786896000000,493.75,494.13,492.95,493.76,203.583
1786896900000,493.76,494.07,492.49,493.05,460.155
1786897800000,493.05,494.06,492.76,493.34,185.573
1786898700000,493.34,493.82,492.37,492.85,75.93
1786899600000,492.85,493.13,491.74,492.76,654.044
1786900500000,492.76,493.52,492.3,493.38,75.763
1786901400000,493.38,493.53,490.68,491.21,1220.462
1786902300000,491.21,491.47,489.4,490.63,310.114
1786903200000,490.63,490.94,490.19,490.75,110.909
1786904100000,490.75,491.67,490.22,490.81,431.846
1786905000000,490.81,491.13,490.6,490.83,97.185
1786905900000,490.83,491.12,490.27,490.29,125.419
1786906800000,490.29,491.12,490.29,490.98,36.47
1786907700000,490.98,492.22,490.93,492.04,295.803
1786908600000,492.04,492.18,490.81,490.95,339.087
1786909500000,490.95,491.32,490.57,490.86,219.499
1786910400000,490.86,492,490.86,491.06,264.783
1786911300000,491.06,491.06,490.16,490.16,267.299
1786912200000,490.16,490.26,488.3,489.64,633.346
1786913100000,489.64,489.86,488.04,488.19,291.644
1786914000000,488.19,489.08,487.22,488.45,2690.463
1786914900000,488.45,488.87,487.53,487.58,442.733
1786915800000,487.58,487.79,485.03,486.31,1158.241
1786916700000,486.31,487.36,485.35,486.41,404.496
1786917600000,486.41,487.31,485.24,486.78,159.133
1786918500000,486.78,487.17,485.95,486.09,123.875
1786919400000,486.09,486.26,485.09,486.25,472.606
1786920300000,486.25,487.03,485.95,486.93,549.642
1786921200000,486.93,487.59,486.58,486.62,136.14
1786922100000,486.62,487.02,486.03,486.5,93.45
1786923000000,486.5,487.51,486.35,486.54,573.987
1786923900000,486.54,487.02,486.06,486.15,138.962
1786924800000,486.15,487.03,486,486.47,374.59
1786925700000,486.47,486.8,484.76,486.76,697.703
1786926600000,486.76,486.83,485.36,486.36,161.274
1786927500000,486.36,486.39,485.06,485.85,164.813
1786928400000,485.85,492.3,485.76,489.85,1948.094
1786929300000,489.85,492.01,489.34,490.9,272.559
1786930200000,490.9,491.96,490.53,491.84,189.473
1786931100000,491.84,492.68,490.07,490.23,183.491
1786932000000,490.23,490.86,488.9,490.12,175.487
1786932900000,490.12,491.9,489.45,491.8,194.161
1786933800000,491.8,493.52,491.24,492.34,930.038
1786934700000,492.34,494.2,491.91,493.24,2336.407
1786935600000,493.24,494.02,492.84,493.28,236.611
1786936500000,493.28,493.97,492.07,492.48,472.582
1786937400000,492.48,492.57,491.3,491.44,315.472
1786938300000,491.44,492.98,491.35,492.65,610.471
1786939200000,492.65,494.09,492.65,493.55,740.871
1786940100000,493.55,493.67,491.69,492.69,1262.737
1786941000000,492.69,493.46,492.06,492.29,259.192
1786941900000,492.29,493.06,491.33,491.64,2316.623
1786942800000,491.64,492.34,491.34,491.73,1129.635
1786943700000,491.73,498,491.73,495.97,3094.446
1786944600000,495.97,496.01,494.53,494.87,588.748
1786945500000,494.87,495.38,494.1,494.1,179.063
1786946400000,494.1,503.72,493.77,502.38,6355.998
1786947300000,502.38,502.56,499.03,502.02,1803.697
1786948200000,502.02,518.58,502.02,517.29,15232.165
1786949100000,517.29,519.36,512.55,514.97,4930.133
1786950000000,514.97,516.1,512.07,513.68,2806.889
1786950900000,513.68,515.32,512.99,513.45,504.839
1786951800000,513.45,514.56,512.84,513.42,538.506
1786952700000,513.42,514.69,513.08,513.93,1024.809
1786953600000,513.93,514.48,509.02,510.29,1967.418
1786954500000,510.29,512.22,508.74,512.06,1320.76
1786955400000,512.06,512.73,508.66,508.76,942.36
1786956300000,508.76,509.6,507.41,508.68,3389.132
1786957200000,508.68,512,508.63,511.57,772.594
1786958100000,511.57,512.37,509.66,509.75,517.426
1786959000000,509.75,510.12,508.55,510.1,614.523
1786959900000,510.1,510.1,508.39,508.81,932.305
1786960800000,508.81,509.53,507.91,508.5,671.056
1786961700000,508.5,510.61,508.03,510.58,1007.683
1786962600000,510.58,511.74,509.99,511.74,1063.153
1786963500000,511.74,514.67,510.94,513.22,1437.306
1786964400000,513.22,513.76,512.84,512.95,516.134
1786965300000,512.95,513.22,511.93,512.94,449.154
1786966200000,512.94,513.43,511.54,512.8,918.035
1786967100000,512.8,513.51,512.2,512.42,906.633
1786968000000,512.42,512.66,510.03,510.84,2585.903
1786968900000,510.84,511.97,510.7,510.94,460.486
1786969800000,510.94,511.31,510.01,510.46,221.681
1786970700000,510.46,511.15,509.25,510.61,1297.263
1786971600000,510.61,510.8,509.09,510.22,540.131
1786972500000,510.22,510.22,508.16,508.41,1293.388
1786973400000,508.41,513.56,508.26,512.66,1235.479
1786974300000,512.66,514.28,511.76,512.97,683.86
1786975200000,512.97,514.52,512.38,512.7,524.385
1786976100000,512.7,513.17,511.23,511.86,1574.883
1786977000000,511.86,512.33,511.01,511.78,698.42
1786977900000,511.78,515.53,511.53,514.31,1389.512
1786978800000,514.31,515.3,512.16,512.39,497.997
1786979700000,512.39,514.58,512.23,513.93,688.802
1786980600000,513.93,514.24,512.63,512.64,560.923
1786981500000,512.64,515.21,512.1,513.5,954.972
1786982400000,513.5,513.85,510.07,510.1,597.251
1786983300000,510.1,512.54,510.07,511.91,365.211
1786984200000,511.91,512.95,511.16,511.19,561.468
1786985100000,511.19,511.47,510.37,510.75,338.848
1786986000000,510.75,510.87,508.65,508.85,1366.026
1786986900000,508.85,510.32,508.14,509.36,1848.916
1786987800000,509.36,509.77,508.22,509.2,659.874
1786988700000,509.2,512.17,509.04,510.6,709.617
1786989600000,510.6,511.93,510.42,511.17,175.995
1786990500000,511.17,513.08,511.17,512.48,925.492
1786991400000,512.48,519.13,512.42,516.64,1539.783
1786992300000,516.64,517.36,514.87,516.19,628.877
1786993200000,516.19,516.19,514.56,514.69,724.151
1786994100000,514.69,516.68,514.67,515.12,673.425
1786995000000,515.12,517.19,514.59,516.28,873.931
1786995900000,516.28,516.28,513.53,514.76,549.775
1786996800000,514.76,515.47,513.7,513.77,263.704
1786997700000,513.77,516.85,513.34,516.77,376.108
1786998600000,516.77,521.96,516.66,519.65,2268.009
1786999500000,519.65,520.09,516.77,517.84,1113.773
1787000400000,517.84,519.22,517.67,518.1,1463.401
1787001300000,518.1,518.69,515.6,516.26,1503.342
1787002200000,516.26,516.76,515.83,515.83,454.501
1787003100000,515.83,516.17,515.24,515.49,182.563
1787004000000,515.49,516.17,513.51,513.68,513.023
1787004900000,513.68,513.85,511.21,511.74,761.25
1787005800000,511.74,512.88,511.53,512.51,247.339
1787006700000,512.51,512.58,511.59,511.64,224.757
1787007600000,511.64,514.06,511.19,514.06,220.636
1787008500000,514.06,514.27,512.56,513.74,254.795
1787009400000,513.74,514.49,512.61,512.8,436.136
1787010300000,512.8,516.69,512.48,513.78,1716.088
1787011200000,513.78,514.7,513.32,514.66,334.849
1787012100000,514.66,515.74,513.19,513.22,665.131
1787013000000,513.22,513.55,511.26,512.76,823.463
1787013900000,512.76,518.61,512.49,518.29,750.961
1787014800000,518.29,518.47,514.3,514.88,717.328
1787015700000,514.88,515.52,513.9,514.12,285.875
1787016600000,514.12,514.45,513.76,513.89,80.597
1787017500000,513.89,513.89,510.52,512.68,1437.553
1787018400000,512.68,513.85,512.01,512.36,393.744
1787019300000,512.36,512.98,510.25,510.65,932.335
1787020200000,510.65,512.01,509.48,509.79,2140.506
1787021100000,509.79,511.15,509.19,510.32,719.835
1787022000000,510.32,511.87,510.28,510.6,242.553
1787022900000,510.6,511.78,510.25,510.6,497.564
1787023800000,510.6,510.63,508.71,510.14,1336.251
1787024700000,510.14,510.48,509.69,510.29,632.756
1787025600000,510.29,510.46,506.56,509.34,3132.692
1787026500000,509.34,509.91,508.88,509.54,218.891
1787027400000,509.54,511.99,509.5,510.89,1529.489
1787028300000,510.89,511.5,509.63,509.86,405.361
1787029200000,509.86,512.51,509.22,512.32,1155.36
1787030100000,512.32,512.76,509.23,509.32,514.328
1787031000000,509.32,509.32,506.75,508.1,1863.223
1787031900000,508.1,509.27,507.9,508.35,552.248
1787032800000,508.35,509.34,507.56,509.07,1447.84
1787033700000,509.07,510.57,508.78,510.57,279.106
1787034600000,510.57,511.58,510.57,511.58,331.752
1787035500000,511.58,511.93,509.33,510.07,318.566
1787036400000,510.07,510.21,509.12,509.94,236.298
1787037300000,509.94,511.36,508.14,508.15,1223.041
1787038200000,508.15,509.68,507.9,508.29,981.377
1787039100000,508.29,508.29,505.01,506.22,2232.779
1787040000000,506.22,506.3,503.06,504.57,3322.472
1787040900000,504.57,506.14,504.54,505.51,2419.385
1787041800000,505.51,507.5,505.32,506.13,2341.568
1787042700000,506.13,506.39,505.51,505.89,294.357
1787043600000,505.89,506.87,505.25,506.42,286.705
1787044500000,506.42,506.68,504.81,505.03,714.769
1787045400000,505.03,506.1,504.75,505.27,378.555
1787046300000,505.27,506.29,504.91,506.27,324.266
1787047200000,506.27,506.78,503.98,504.37,1052.754
1787048100000,504.37,506.1,504.32,505.02,794.905
1787049000000,505.02,505.99,505,505.55,404.66
1787049900000,505.55,505.61,504.98,505.28,181.169
1787050800000,505.28,507.31,505.07,506.75,1500.997
1787051700000,506.75,507.15,505.59,506.16,778.621
1787052600000,506.16,506.52,504.95,505.57,432.33
1787053500000,505.57,506.08,505.39,505.46,137.286
1787054400000,505.46,505.71,503.65,504.36,2121.959
1787055300000,504.36,505.14,503.47,504.89,606.74
1787056200000,504.89,505.17,503.91,504.11,73.196
1787057100000,504.11,505.2,503.72,504.58,1471.649
1787058000000,504.58,505.04,503.81,504.2,570.445
1787058900000,504.2,505.13,503.41,503.66,1572.002
1787059800000,503.66,505.28,503.41,504.04,913.39
1787060700000,504.04,504.35,500.41,500.83,1664.333
1787061600000,500.83,503.55,500.5,501.53,1655.893
1787062500000,501.53,510.64,501.18,509.66,2152.285
1787063400000,509.66,510.99,505.16,505.27,1761.294
1787064300000,505.27,507.75,505.01,506.39,1009.808
1787065200000,506.39,508.34,506,508.21,1788.193
1787066100000,508.21,512.91,507.79,512.52,1691.719
1787067000000,512.52,514.37,511.25,511.88,1811.244
1787067900000,511.88,512.91,509.4,509.84,2202.077
1787068800000,509.84,513.72,509.76,510.36,732.752
1787069700000,510.36,511.39,506.63,506.72,1127.865
1787070600000,506.72,509.36,506.72,508.8,304.357
1787071500000,508.8,509.73,507.96,509.28,319.358
1787072400000,509.28,509.61,506,506.38,528.854
1787073300000,506.38,507.02,501.48,506.47,2883.531
1787074200000,506.47,506.5,504.75,505.18,221.805
1787075100000,505.18,505.76,504.32,504.64,77.052
1787076000000,504.64,506.51,504.18,506.32,751.749
1787076900000,506.32,507.15,505.67,506.94,2088.505
1787077800000,506.94,507.22,505.44,506.53,522.655
1787078700000,506.53,507.29,506.09,507.25,373.626
1787079600000,507.25,509.47,507.05,509.13,3190.313
1787080500000,509.13,510.77,508.55,510.1,451.514
1787081400000,510.1,511.06,509.4,509.48,453.942
1787082300000,509.48,510.23,508.85,509.41,214.08
1787083200000,509.41,510.6,508.7,510.39,378.55
1787084100000,510.39,510.41,509.24,509.98,492.142
1787085000000,509.98,511.79,508.56,508.58,552.352
1787085900000,508.58,508.8,507.09,507.5,1218.669
1787086800000,507.5,510.42,507.5,509.99,1147.654
1787087700000,509.99,510.18,509.15,509.26,214.221
1787088600000,509.26,510.42,508.85,510.25,265.072
1787089500000,510.25,510.26,507.98,508.28,163.628
1787090400000,508.28,511.55,507.51,510.16,1092.757
1787091300000,510.16,510.22,508.17,509.35,1235.178
1787092200000,509.35,510.22,507.75,507.76,961.429
1787093100000,507.76,507.87,506.04,507.59,1270.776
1787094000000,507.59,510.39,507.47,508.81,1040.552
1787094900000,508.81,509.31,508.36,508.36,409.435
1787095800000,508.36,509.88,508.28,509.43,196.881
1787096700000,509.43,509.85,508.21,508.77,389.379
1787097600000,508.77,508.92,506.3,506.31,772.482
1787098500000,506.31,506.4,505,505.22,1412.306
1787099400000,505.22,506.34,503.7,505.54,1971.053
1787100300000,505.54,506.17,503.93,504,252.855
1787101200000,504,507.17,503.33,505.98,2676.356
1787102100000,505.98,506.31,504.42,505.45,1036.159
1787103000000,505.45,507.69,505.07,506.99,1029.993
1787103900000,506.99,507.58,506.18,506.33,214.986
1787104800000,506.33,506.78,505.7,506.28,280.501
1787105700000,506.28,506.36,505.51,505.74,186.79
1787106600000,505.74,506.6,505.08,505.51,1062.846
1787107500000,505.51,506.07,505.49,505.74,59.278
1787108400000,505.74,506.11,504.38,505.98,449.73
1787109300000,505.98,506.75,504.43,504.56,118.824
1787110200000,504.56,505.44,504.5,505.12,45.634
1787111100000,505.12,505.7,504.42,504.68,241.794
1787112000000,504.68,505.48,504.06,504.23,557.933
1787112900000,504.23,505.31,504,504.63,214.46
1787113800000,504.63,504.82,503.29,503.82,137.346
1787114700000,503.82,504.57,503.08,504.02,232.113
1787115600000,504.02,504.32,502.09,503.51,1714.733
1787116500000,503.51,503.6,501.58,503.6,1174.73
1787117400000,503.6,504.52,503.38,503.87,129.11
1787118300000,503.87,503.87,502.08,502.77,278.29
1787119200000,502.77,503.05,501.09,501.36,496.424
1787120100000,501.36,504.07,501.26,502.14,646.986
1787121000000,502.14,503.68,501.08,503.54,929.607
1787121900000,503.54,504.9,503.18,504.2,1259.202
1787122800000,504.2,504.48,502.42,503.8,448.89
1787123700000,503.8,503.85,502.63,502.74,557.757
1787124600000,502.74,503.36,502.1,502.43,529.448
1787125500000,502.43,503.35,502.15,502.38,283.689
1787126400000,502.38,505.19,502.12,504.77,1412.21
1787127300000,504.77,505.82,504.64,505.57,470.197
1787128200000,505.57,509.6,505.13,509.06,3091.457
1787129100000,509.06,509.94,507.7,507.75,2248.273
1787130000000,507.75,509.3,507.48,507.48,820.216
1787130900000,507.48,508.5,507,507.62,1034.321
1787131800000,507.62,508.14,507.02,507.24,97.411
1787132700000,507.24,507.62,506.59,507.17,85.868
1787133600000,507.17,507.37,504.68,504.99,1193.875
1787134500000,504.99,505.49,504.74,505.2,186.258
1787135400000,505.2,506.09,504.91,506,700.257
1787136300000,506,506.22,505.04,506.22,189.056
1787137200000,506.22,508.67,505.66,507.76,1809.588
1787138100000,507.76,507.93,507.11,507.15,856.249
1787139000000,507.15,507.83,506.8,506.8,863.871
1787139900000,506.8,507.08,506.46,506.64,289.284
1787140800000,506.64,507.17,506.32,506.5,325.753
1787141700000,506.5,507.96,506.06,507.54,410.192
1787142600000,507.54,512.8,507.46,512.61,1932.881
1787143500000,512.61,514.43,511.82,513.51,1792.204
1787144400000,513.51,513.74,509.59,512.36,2989.79
1787145300000,512.36,512.94,511.49,512.38,615.958
1787146200000,512.38,512.93,509.34,511.29,826.654
1787147100000,511.29,514.71,511.06,513.38,2813.024
1787148000000,513.38,516.81,513.35,514.71,2469.395
1787148900000,514.71,518.84,514.7,518.82,2288.148
1787149800000,518.82,525.3,517.41,524.55,5168.686
1787150700000,524.55,543.37,523.93,540.2,10617.012
1787151600000,540.2,553.01,538.46,543.62,10656.808
1787152500000,543.62,554.13,543.18,549.51,10639.484
1787153400000,549.51,551.24,545.41,550.35,3168.554
1787154300000,550.35,551.26,546.21,550.47,2476.18
1787155200000,550.47,556.55,548.92,550.59,6319.643
1787156100000,550.59,555.75,550.14,555.12,997.583
1787157000000,555.12,557.56,553.3,554.76,1143.63
1787157900000,554.76,563.14,554.3,555.46,4765.174
1787158800000,555.46,557.69,550.1,551.38,2280.35
1787159700000,551.38,552.82,546.72,548.03,1509.201
1787160600000,548.03,550.75,544.14,550.08,3514.452
1787161500000,550.08,553.86,549.98,552.97,1340.685
1787162400000,552.97,553.26,546.94,550.24,1015.525
1787163300000,550.24,551.68,549.58,550.51,458.845
1787164200000,550.51,551.33,549.37,550.85,285.142
1787165100000,550.85,552.26,550.04,551.02,334.562
1787166000000,551.02,555.18,549.07,551.43,3357.94
1787166900000,551.43,554.74,549.58,550.19,1248.266
1787167800000,550.19,551.78,547.35,549.73,870.71
1787168700000,549.73,551.82,549.36,551.56,519.617
1787169600000,551.56,554.72,549.89,553.93,471.521
1787170500000,553.93,556.61,553.38,553.96,970.249
1787171400000,553.96,556.08,553.29,553.71,466.009
1787172300000,553.71,567.48,553.16,559.57,5355.399
1787173200000,559.57,580.63,558.86,573.82,8103.385
1787174100000,573.82,574.46,566.55,569.15,1976.479
1787175000000,569.15,571.25,562.44,566.02,1914.883
1787175900000,566.02,578.72,566.02,574.95,3855.663
1787176800000,574.95,576.72,568,568.68,1934.815
1787177700000,568.68,569.99,563.24,563.5,1640.09
1787178600000,563.5,565.42,560.03,562.19,1808.805
1787179500000,562.19,562.85,557.01,561.41,4829.767
1787180400000,561.41,563.51,560.26,562.9,1487.511
1787181300000,562.9,565,562.3,563.92,786.998
1787182200000,563.92,567.81,561.59,566.8,2649.675
1787183100000,566.8,567.03,562.46,565.16,656.483
1787184000000,565.16,565.91,562.68,564.67,420.856
1787184900000,564.67,566.6,563.29,564.56,868.997
1787185800000,564.56,565.42,563.18,563.94,1833.664
1787186700000,563.94,565.28,560.22,562.74,2079.386
1787187600000,562.74,565.21,559.19,559.73,1919.485
1787188500000,559.73,560.43,556.84,559.2,702.405
1787189400000,559.2,563.19,559.05,562.99,625.426
1787190300000,562.99,564.44,562.99,563.6,550.441
1787191200000,563.6,563.73,560.45,561.02,697.314
1787192100000,561.02,561.96,559.92,560.19,420.87
1787193000000,560.19,560.45,558.06,559.25,362.139
1787193900000,559.25,559.25,556.1,556.88,902.86
1787194800000,556.88,556.88,550.25,554.27,4854.747
1787195700000,554.27,555.32,551.57,552.22,814.831
1787196600000,552.22,553.89,552.01,553.48,569.687
1787197500000,553.48,555.3,553.08,553.95,514.534
1787198400000,553.95,555.6,552.69,554.12,168.706
1787199300000,554.12,554.12,550.13,552.91,963.814
1787200200000,552.91,553.15,550.63,551.18,282.115
1787201100000,551.18,554.54,550.69,552.87,804.951
1787202000000,552.87,554.09,552.3,552.5,299.521
1787202900000,552.5,555.48,552.35,553.64,1001.233
1787203800000,553.64,554.32,552.47,553.03,1932.822
1787204700000,553.03,553.1,551.56,551.91,716.756
1787205600000,551.91,552.99,550.93,551.84,1159.19
1787206500000,551.84,554.5,550.58,551.89,1646.879
1787207400000,551.89,556.1,551.59,555.48,911.824
1787208300000,555.48,557.52,555.13,556.38,1055.414
1787209200000,556.38,560.57,556.25,558.23,759.594
1787210100000,558.23,559.23,556.76,558.64,281.235
1787211000000,558.64,559,556.28,557.82,1510.897
1787211900000,557.82,559.16,557.5,558.72,188.286
1787212800000,558.72,565.74,557.8,565.26,1975.506
1787213700000,565.26,565.85,559.54,562.78,1448.938
1787214600000,562.78,563.57,560.81,562.73,863.744
1787215500000,562.73,563.25,560.72,562.61,1742.146
1787216400000,562.61,563.75,559.41,562.18,1018.466
1787217300000,562.18,562.3,556.33,556.71,1278.144
1787218200000,556.71,559.56,553.96,558.54,1995.102
1787219100000,558.54,560.15,555.24,557.83,804.903
1787220000000,557.83,562.3,557.13,561.79,586.778
1787220900000,561.79,570.29,561.2,569.55,1549.205
1787221800000,569.55,575.36,565.86,566.06,2420.086
1787222700000,566.06,567.04,563.29,563.59,1324.484
1787223600000,563.59,564.78,560.57,562.54,2023.103
1787224500000,562.54,564.51,562.11,564.34,1133.718
1787225400000,564.34,570.11,564.12,567.57,1364.973
1787226300000,567.57,568.78,565.38,565.68,630.983
1787227200000,565.68,568.87,562.03,563.13,1704.148
1787228100000,563.13,564.71,561.41,564.35,409.467
1787229000000,564.35,565.95,562.07,563.69,839.646
1787229900000,563.69,571.65,562.12,571.41,1474.013
1787230800000,571.41,572.73,569.11,569.46,990.823
1787231700000,569.46,570.16,565.56,565.79,717.761
1787232600000,565.79,565.79,560.7,565.52,1551.951
1787233500000,565.52,569.54,562.96,569.06,760.695
1787234400000,569.06,569.7,566.86,567.66,322.853
1787235300000,567.66,567.66,561.54,562.72,1211.733
1787236200000,562.72,564.32,560.69,560.77,965.655
1787237100000,560.77,561.38,557.7,560.5,1541.437
1787238000000,560.5,566.12,559.8,564.13,1893.903
1787238900000,564.13,564.13,558.13,562.82,1410.381
1787239800000,562.82,567.58,560.61,564.75,2440.931
1787240700000,564.75,571.95,564.35,570.85,1273.101
1787241600000,570.85,574.58,569.23,571.74,1996.329
1787242500000,571.74,578.39,570.71,577.59,2207.362
1787243400000,577.59,596.27,576.66,593.77,7814.687
1787244300000,593.77,593.77,585.77,588.06,1361.235
1787245200000,588.06,590.5,581.07,584.47,1906.795
1787246100000,584.47,584.47,580.1,581.39,671.12
1787247000000,581.39,582.59,579.17,579.87,584.131
1787247900000,579.87,582.03,574.05,575.05,1230.645
1787248800000,575.05,577.36,565.05,565.46,2611.123
1787249700000,565.46,567.14,562.07,565.95,999.078
1787250600000,565.95,566.51,560.93,563.57,925.85
1787251500000,563.57,564.56,561.36,561.91,584.383
1787252400000,561.91,566.1,561.23,564.08,1406.688
1787253300000,564.08,572.97,563.33,572.89,1494.961
1787254200000,572.89,574.36,570.67,570.96,1342.884
1787255100000,570.96,572.16,569.02,570.25,1269.641
1787256000000,570.25,576.44,569.88,576.23,929.751
1787256900000,576.23,578.14,574.81,576.58,1527.004
1787257800000,576.58,578.28,574.88,576.31,1552.402
1787258700000,576.31,578.1,576.3,577.54,544.756
1787259600000,577.54,578.29,575.9,577.46,848.754
1787260500000,577.46,579.86,572.35,574.14,1909.506
1787261400000,574.14,574.57,570.61,571.41,758.67
1787262300000,571.41,571.89,569.45,571.07,380.291
1787263200000,571.07,572.24,566.6,568.32,784.773
1787264100000,568.32,572.52,565.66,569.23,1007.79
1787265000000,569.23,575.38,566.76,573.7,1807.552
1787265900000,573.7,575.43,571.24,571.31,387.297
1787266800000,571.31,574.3,571.3,573.27,290.903
1787267700000,573.27,577.15,572.84,574.12,505.886
1787268600000,574.12,578.8,568.56,569.21,930.246
1787269500000,569.21,569.55,566.31,568.95,967.389
1787270400000,568.95,570.1,565.93,569.58,910.975
1787271300000,569.58,570.67,566.65,570.48,1215.76
1787272200000,570.48,573.95,566.53,567.47,1100.881
1787273100000,567.47,573.68,566.07,571.07,1135.187
1787274000000,571.07,574.09,569.49,572.98,1623.636
1787274900000,572.98,576.68,570.98,573.83,819.52
1787275800000,573.83,576.26,572.53,574.78,1033.253
1787276700000,574.78,583.21,571.93,571.93,3432.5
1787277600000,571.93,576.75,569.97,575.14,1636.973
1787278500000,575.14,576.9,570.61,574.52,774.394
1787279400000,574.52,576.22,570.33,572.74,1340.212
1787280300000,572.74,573.32,568.14,569.28,1027.016
1787281200000,569.28,571.94,567.27,568.27,2036.573
1787282100000,568.27,571.06,567.82,569.73,1252.468
1787283000000,569.73,571.05,568.16,569.93,989.84
1787283900000,569.93,572.5,569.69,570.4,1102.483
1787284800000,570.4,574.05,570.31,572.11,801.045
1787285700000,572.11,575.28,572.11,574.54,1145.658
1787286600000,574.54,586.51,574.24,585.9,4088.998
1787287500000,585.9,593.32,585.39,588.66,6508.399
1787288400000,588.66,601.28,587.92,597.45,2981.346
1787289300000,597.45,612.26,596.8,606.09,5810.929
1787290200000,606.09,612.43,603.25,604.54,2524.389
1787291100000,604.54,604.64,595.59,597.27,3662.372
1787292000000,597.27,606.14,596.99,599.5,2606.862
1787292900000,599.5,600.86,595.26,597.85,1803.447
1787293800000,597.85,602.16,597.7,600.61,871.4
1787294700000,600.61,603.96,598.81,601.16,803.079
1787295600000,601.16,607.93,600.65,607.2,4487.798
1787296500000,607.2,625.27,606.42,624.2,6590.735
1787297400000,624.2,647.75,622.61,643.48,12381.086
1787298300000,643.48,644.33,631.81,637.99,7157.938
1787299200000,637.99,642.23,632.72,635.04,6032.284
1787300100000,635.04,644.05,631.81,635.8,4443.032
1787301000000,635.8,640.53,633.7,633.81,5700.696
1787301900000,633.81,642.26,633.81,641.08,6303.276
1787302800000,641.08,641.31,622.96,629.87,7047.736
1787303700000,629.87,639.81,624.48,639.33,3620.513
1787304600000,639.33,659.63,637.34,648.58,5780.92
1787305500000,648.58,659.72,645.25,647,3776.738
1787306400000,647,648.52,635.37,645.64,4053.692
1787307300000,645.64,651.12,644.34,649.33,3167.458
1787308200000,649.33,650.61,643.62,650.49,2308.352
1787309100000,650.49,666.34,650.49,657.69,4969.824
1787310000000,657.69,660.94,653.17,656.82,1877.572
1787310900000,656.82,656.91,642.74,644.09,5832.314
1787311800000,644.09,644.62,634.49,637.5,4860.424
1787312700000,637.5,642.23,632.43,639.56,2236.599
1787313600000,639.56,640.7,628.37,635.03,5179.128
1787314500000,635.03,636.5,633.74,634.89,2433.124
1787315400000,634.89,647.62,634.18,646.94,1559.838
1787316300000,646.94,651.22,642.87,646.41,3135.903
1787317200000,646.41,657.11,643.81,654.62,2967.153
1787318100000,654.62,655.5,646.6,649.2,3106.192
1787319000000,649.2,650.12,639.72,646.46,2175.599
1787319900000,646.46,651.5,644.66,650.45,1920.452
1787320800000,650.45,654.32,645.79,650.07,1554.301
1787321700000,650.07,654.87,646.51,652.59,1844.932
1787322600000,652.59,660.66,649.86,654.5,1774.171
1787323500000,654.5,659.55,653.97,656.76,840.095
1787324400000,656.76,662.53,655.35,659.34,2045.886
1787325300000,659.34,661.34,652.03,652.65,2504.369
1787326200000,652.65,656.09,650.41,652.26,1453.921
1787327100000,652.26,658.56,651.33,654.53,1582.41
1787328000000,654.53,660.74,650.79,657.23,6412.745
1787328900000,657.23,675.82,656.45,674.83,5477.592
1787329800000,674.83,679.86,668.58,670.17,3889.107
1787330700000,670.17,678.69,669.94,674.65,3024.662
1787331600000,674.65,683.66,671.15,671.67,3098.801
1787332500000,671.67,676.48,663.44,670.27,2860.728
1787333400000,670.27,677.17,669.46,670.21,2136.5
1787334300000,670.21,673.24,666.8,669.38,996.596
1787335200000,669.38,673.61,666.99,671.2,2052.748
1787336100000,671.2,674.39,666.59,668.57,2062.523
1787337000000,668.57,672.48,664.62,666.82,2767.818
1787337900000,666.82,677.01,660.64,674.5,3026.018
1787338800000,674.5,676.03,668.85,675.34,1801.43
1787339700000,675.34,687.96,670.63,684.37,2746.72
1787340600000,684.37,686.54,674.33,675.4,1561.266
1787341500000,675.4,683.77,675.29,680.6,1323.954
1787342400000,680.6,696.78,677.54,693.86,5468.006
1787343300000,693.86,721.09,692.06,702.59,11264.404
1787344200000,702.59,708.05,693.66,706.56,4592.905
1787345100000,706.56,711.84,699.6,709.3,2957.681
1787346000000,709.3,724.98,706.63,720.17,3580.147
1787346900000,720.17,723.96,710.6,711.49,2565.098
1787347800000,711.49,727.6,711.49,719.05,2701.019
1787348700000,719.05,728.18,715.57,725.25,2067.079
1787349600000,725.25,740.63,724.92,734.09,6899.684
1787350500000,734.09,735.38,721.59,724.1,6593.133
1787351400000,724.1,738.3,718.13,733.79,4287.978
1787352300000,733.79,738.76,729.54,734.78,2308.37
1787353200000,734.78,744.39,733,735.33,3014.416
1787354100000,735.33,737.21,729.58,732.14,3056.501
1787355000000,732.14,737.05,725,727.53,1531.132
1787355900000,727.53,736.1,726.15,734.6,1367.371
1787356800000,734.6,743.01,728.29,740.58,4628.253
1787357700000,740.58,743.82,734,734.57,3286.544
1787358600000,734.57,741.22,733.25,735.73,1441.029
1787359500000,735.73,740.8,734.13,734.74,4492.544
1787360400000,734.74,737.47,730.59,736.02,2784.842
1787361300000,736.02,753.96,735.47,747.24,5810.381
1787362200000,747.24,766.64,747.24,756.53,6791.444
1787363100000,756.53,817.34,756.24,807,14036.622
1787364000000,807,835.48,801.77,813.23,12998.041
1787364900000,813.23,820.49,807.02,816.67,5721.902
1787365800000,816.67,827.52,813.56,820.89,4623.597
1787366700000,820.89,824.99,810.19,818.29,4129.983
1787367600000,818.29,834.12,815.14,816.37,5856.646
1787368500000,816.37,825.57,816.37,822.66,2510.123
1787369400000,822.66,852.16,821.39,837.39,11485.837
1787370300000,837.39,860.23,834.92,836.6,10540.704
1787371200000,836.6,840.52,806.52,818.73,12605.861
1787372100000,818.73,826.15,805.58,822.26,9204.26
1787373000000,822.26,832.18,814.69,828.85,6165.227
1787373900000,828.85,829.42,818.28,822.93,4490.888
1787374800000,822.93,826.31,695.66,804.76,60703.218
1787375700000,804.76,805.18,758.14,792.54,26344.987
1787376600000,792.54,811.94,774.97,780.51,7796.332
1787377500000,780.51,805.31,779.31,792.82,5229.155
1787378400000,792.82,801.93,781.95,783.79,3811.307
1787379300000,783.79,796.65,780,786.41,2243.72
1787380200000,786.41,794.83,774.1,792.85,2925.393
1787381100000,792.85,803.9,792.47,797.14,2692.953
1787382000000,797.14,818.79,794.48,815.56,5389.792
1787382900000,815.56,824.8,810.47,820.63,4194.037
1787383800000,820.63,827.76,804.48,813.39,5084.354
1787384700000,813.39,815.67,805,811.16,2752.883
1787385600000,811.16,823.64,806.21,822.62,3989.493
1787386500000,822.62,822.62,780.21,782.43,10046.126
1787387400000,782.43,796.1,773.63,794.14,5624.693
1787388300000,794.14,799.65,786.62,792.24,3967.039
1787389200000,792.24,796.76,783.29,794.04,3666.379
1787390100000,794.04,796.07,788.01,790.18,1864.675
1787391000000,790.18,796.93,788.94,795.13,1130.298
1787391900000,795.13,797.29,784.98,796.23,3003.085
1787392800000,796.23,796.54,781.5,784.2,3710.964
1787393700000,784.2,788.71,767.43,786.24,5245.961
1787394600000,786.24,801.99,785.65,796.87,4542.49
1787395500000,796.87,797.58,788.8,790.13,2022.998
1787396400000,790.13,791.13,782.16,783.33,2585.637
1787397300000,783.33,786.74,776.97,783,3618.742
1787398200000,783,795.36,782.06,791.7,2269.75
1787399100000,791.7,797.87,790.99,794.73,2251.492
1787400000000,794.73,807.29,793.41,802.17,6137.499
1787400900000,802.17,809.8,798.58,805.07,2276.771
1787401800000,805.07,805.76,795.51,800.37,4627.962
1787402700000,800.37,804.99,796.9,797.67,1603.573
1787403600000,797.67,799.58,788.5,796.2,3916.475
1787404500000,796.2,797.3,786.07,786.83,3803.266
1787405400000,786.83,792.92,786.83,792.03,3652.116
1787406300000,792.03,799.34,790.18,795.96,2447.548
1787407200000,795.96,798.9,785.5,791,3160.12
1787408100000,791,795.42,788.87,792.25,2072.148
1787409000000,792.25,796.62,788.71,791.53,2322.758
1787409900000,791.53,792.01,782.01,790.12,3169.182
1787410800000,790.12,797.14,787.77,794.16,4644.983
1787411700000,794.16,802.47,790.91,794.04,4681.293
1787412600000,794.04,795.46,784.98,790.1,2299.301
1787413500000,790.1,792.56,786.97,789.4,2247.094
1787414400000,789.4,793.21,785.27,791,1542.83
1787415300000,791,815.16,791,812.14,5140.82
1787416200000,812.14,820.92,804.89,820.11,7523.582
1787417100000,820.11,823.2,812.57,814.97,5233.587
1787418000000,814.97,820.45,813.4,817.01,2183.244
1787418900000,817.01,836.72,817.01,822.56,10907.175
1787419800000,822.56,830.57,822.56,823.7,3409.398
1787420700000,823.7,827.77,820.7,823.85,2519.802
1787421600000,823.85,836.9,823.71,834.62,3654.067
1787422500000,834.62,838.94,826.81,831.81,6173.828
1787423400000,831.81,839.42,831.62,834.54,2190.087
1787424300000,834.54,837.3,827,836.27,2070.85
1787425200000,836.27,847.62,834.48,843.08,4747.703
1787426100000,843.08,843.36,828.33,833.17,3232.638
1787427000000,833.17,845.28,833.17,843.23,1636.362
1787427900000,843.23,852.6,840.86,847.68,3142.741
1787428800000,847.68,855.89,838.54,839.44,4005.827
1787429700000,839.44,843.54,834.8,835.44,3440.971
1787430600000,835.44,841.78,829.5,838.29,4983.701
1787431500000,838.29,843.5,833.58,833.9,1584.167
1787432400000,833.9,836.27,815.61,817.86,4808.07
1787433300000,817.86,820.73,812.3,815.62,1674.101
1787434200000,815.62,817.75,790.2,806.37,5851.615
1787435100000,806.37,806.58,792.89,798.68,2576.121
1787436000000,798.68,805.44,794.4,803.23,2218.556
1787436900000,803.23,809.37,801.41,808.28,1536.418
1787437800000,808.28,811.7,800.19,800.96,2268.538
1787438700000,800.96,807.53,794.29,796.81,2691.365
1787439600000,796.81,798.42,789.97,792.89,2948.388
1787440500000,792.89,800.25,791.83,794.95,1578.778
1787441400000,794.95,798.13,791.48,795.2,1965.862
1787442300000,795.2,808.73,795.03,801.23,3843.315
1787443200000,801.23,806.51,783.62,793.31,3713.006
1787444100000,793.31,802.24,791.14,800.18,3004.601
1787445000000,800.18,802.55,796.3,797.64,2100.067
1787445900000,797.64,805.79,797,803.28,1824.792
1787446800000,803.28,804.89,795.05,802.32,1813.146
1787447700000,802.32,806.54,800.74,803.51,3145.731
1787448600000,803.51,804.22,799.5,801.91,1381.306
1787449500000,801.91,803.99,792.09,794.21,4889.82
1787450400000,794.21,794.54,786.01,787.02,1671.129
1787451300000,787.02,794.54,786.28,792.99,2145.18
1787452200000,792.99,797.13,792.24,795.15,808.555
1787453100000,795.15,796.3,792.5,794.83,1027.152
1787454000000,794.83,795.32,786.58,788.67,975.513
1787454900000,788.67,790.35,784.9,786.9,1197.036
1787455800000,786.9,787.61,774.82,780.02,3588.173
1787456700000,780.02,788.39,780.02,781.87,1412.455
1787457600000,781.87,787.07,775.09,785.5,5364.746
1787458500000,785.5,786.87,777.08,782.62,4526.517
1787459400000,782.62,783.34,773.23,776.25,1440.467
1787460300000,776.25,780.05,766.06,776.31,3023.677
1787461200000,776.31,781.95,773.46,774.74,2321.757
1787462100000,774.74,796,774.42,789.03,4853.33
1787463000000,789.03,794.79,787.07,788.41,2029.485
1787463900000,788.41,790.44,779.07,779.91,3639.749
1787464800000,779.91,788.68,775.94,787.79,3369.245
1787465700000,787.79,792.25,786.28,788.3,1055.46
1787466600000,788.3,791.99,788.3,790.25,1015.529
1787467500000,790.25,792.07,784.08,786.06,1226.82
1787468400000,786.06,795.58,785.13,794.84,2667.487
1787469300000,794.84,804.46,794.48,800.79,3210.115
1787470200000,800.79,800.99,795.74,799.18,2084.872
1787471100000,799.18,805.08,796.91,801.94,2251.653
1787472000000,801.94,822.88,801.12,810.16,13513.139
1787472900000,810.16,811.97,806.08,809.6,1266.689
1787473800000,809.6,817.96,806.39,807.92,5356.148
1787474700000,807.92,810.27,805,809.05,859.439
1787475600000,809.05,815.34,808.58,811.13,1644.364
1787476500000,811.13,812.92,807.09,809.3,1165.447
1787477400000,809.3,810.66,800.76,803.76,1438.411
1787478300000,803.76,806.54,802.35,802.75,861.212
1787479200000,802.75,818.49,801.48,816.86,4974.354
1787480100000,816.86,817.84,808.26,812.23,2988.747
1787481000000,812.23,816.8,812.17,815.52,2293.09
1787481900000,815.52,817.33,810.66,811.2,2648.701
1787482800000,811.2,816.58,810.35,816.35,2564.419
1787483700000,816.35,824.99,815.48,819.31,5714.821
1787484600000,819.31,829.25,818.43,823.63,4892.324
1787485500000,823.63,825.7,819.9,824.1,6125.657
1787486400000,824.1,827.78,814.48,816.5,3311.855
1787487300000,816.5,818.8,812.68,814.34,3722.577
1787488200000,814.34,817.04,813.48,815.73,416.282
1787489100000,815.73,815.73,813.04,813.85,424.974
1787490000000,813.85,823.02,813.46,821.73,1985.353
1787490900000,821.73,839.04,821.39,833.7,3730.722
1787491800000,833.7,875.1,832.44,852.23,14423.832
1787492700000,852.23,855.74,841.61,849.37,6003.314
1787493600000,849.37,876.93,848.45,858.8,12000.03
1787494500000,858.8,863.39,853.65,858.4,4448.901
1787495400000,858.4,865.67,831.97,843.8,11798.388
1787496300000,843.8,859.81,843.69,853.67,4305.335
1787497200000,853.67,857.68,844.05,844.89,3765.557
1787498100000,844.89,846.32,838.87,843.34,3072.981
1787499000000,843.34,845.87,840.08,844.47,2126.507
1787499900000,844.47,844.7,835.17,835.77,2163.326
1787500800000,835.77,847.25,835.37,845.3,1687.702
1787501700000,845.3,846.86,833.14,838.89,3156.627
1787502600000,838.89,846.52,837.97,844.68,2833.665
1787503500000,844.68,862.1,843.69,859.49,3368.52
1787504400000,859.49,863.76,850.85,854.96,2354.216
1787505300000,854.96,867.3,850.71,858.99,2854.199
1787506200000,858.99,859.64,853.73,854.88,999.515
1787507100000,854.88,859.46,852.51,855.6,1989.573
1787508000000,855.6,873.75,853.12,870.85,4868.953
1787508900000,870.85,889.06,870.85,877.21,6111.065
1787509800000,877.21,880.77,870.12,875.6,3820.177
1787510700000,875.6,875.6,867.84,871,1775.475
1787511600000,871,873.82,864.25,869.95,2096.467
1787512500000,869.95,872.73,862.08,864.95,2371.145
1787513400000,864.95,865.75,859.39,862.08,1974.321
1787514300000,862.08,863.61,855.97,856.21,2061.1
1787515200000,856.21,856.88,838.08,841.46,4617.991
1787516100000,841.46,848,839,846.21,2992.089
1787517000000,846.21,854,844.18,851.86,1621.476
1787517900000,851.86,852.45,849.1,850.42,770.965
1787518800000,850.42,865.9,850.38,864.83,3661.696
1787519700000,864.83,872.71,864.05,870.34,4178.127
1787520600000,870.34,873.85,860.39,862.03,1720.624
1787521500000,862.03,870.38,854,860.51,2895.315
1787522400000,860.51,863.98,853.86,857.19,1643.5
1787523300000,857.19,864.44,853.33,862.95,1112.806
1787524200000,862.95,863.75,855.67,855.67,1599.082
1787525100000,855.67,858.43,853.54,855.11,1522.63
1787526000000,855.11,856.32,842.04,845.15,1470.372
1787526900000,845.15,853,834.74,852.01,2507.389
1787527800000,852.01,860.09,848.1,854.13,9164.827
1787528700000,854.13,857.32,849.04,853.73,1973.861
1787529600000,853.73,853.83,845.98,848.27,1390.041
1787530500000,848.27,848.46,832,840.47,2451.287
1787531400000,840.47,844.25,832.7,834.11,2561.445
1787532300000,834.11,839.95,820.22,838.6,3542.029
1787533200000,838.6,839.37,824.71,825.82,3105.287
1787534100000,825.82,833.9,823.88,830.35,1744.587
1787535000000,830.35,832.79,827.83,830.18,1387.108
1787535900000,830.18,834.92,826.37,827.77,913.192
1787536800000,827.77,833.11,821.53,832.84,3059.176
1787537700000,832.84,849.33,831.76,847.47,1504.746
1787538600000,847.47,847.47,840.13,841.94,2373.619
1787539500000,841.94,843.23,836.69,841.42,1012.928
1787540400000,841.42,843.74,830.75,832.55,2105.463
1787541300000,832.55,837.49,830.83,832.68,916.265
1787542200000,832.68,835.81,830.95,832.11,1213.42
1787543100000,832.11,836.31,828.56,829.64,1168.874
1787544000000,829.64,832.77,827.52,831.21,1688.362
1787544900000,831.21,835.5,830.4,834.77,955.368
1787545800000,834.77,836.52,831.47,835,1973.177
1787546700000,835,835.56,824.49,834.69,1321.683
1787547600000,834.69,840.43,831.16,840.43,1225.805
1787548500000,840.43,840.97,833.94,835.25,1401.832
1787549400000,835.25,844.91,828.48,840.69,3332.921
1787550300000,840.69,844.85,837.81,842.79,1145.334
1787551200000,842.79,846.47,840.9,845.78,1767.151
1787552100000,845.78,848.41,841.33,843.27,1539.264
1787553000000,843.27,843.64,834.85,835.09,1221.622
1787553900000,835.09,846.26,834.18,843.77,922.101
1787554800000,843.77,853.95,841.25,850.65,2613.443
1787555700000,850.65,851.99,845,845.79,3211.374
1787556600000,845.79,845.79,832.64,833.28,2997.404
1787557500000,833.28,838.59,832.8,836.31,672.457
1787558400000,836.31,836.94,828.9,830.63,1571.45
1787559300000,830.63,833.02,825,826.79,1155.207
1787560200000,826.79,835.62,825.92,834.97,1214.597
1787561100000,834.97,835.27,827.86,828.56,1583.456
1787562000000,828.56,833.23,824.19,833.23,2394.065
1787562900000,833.23,834.6,828.34,830.01,636.422
1787563800000,830.01,832.03,828.51,830.33,1186.663
1787564700000,830.33,833.4,829.82,832.29,825.392
1787565600000,832.29,839.45,830.85,838.04,3826.211
1787566500000,838.04,841.54,836.03,837.51,1799.824
1787567400000,837.51,843.4,836.6,841.28,1792.924
1787568300000,841.28,845.59,836.91,838.95,1985.389
1787569200000,838.95,838.98,828.79,833.46,1973.219
1787570100000,833.46,836.2,830.41,835.64,779.427
1787571000000,835.64,849.45,834.84,847.38,3056.722
1787571900000,847.38,847.81,834.22,844.92,2824.277
1787572800000,844.92,847.05,837.28,837.38,1605.427
1787573700000,837.38,857.47,834.76,852,5605.851
1787574600000,852,856.01,847,851.22,2222.054
1787575500000,851.22,859.45,850.26,855.55,3145.128
1787576400000,855.55,859.27,850.44,854.35,5021.712
1787577300000,854.35,854.6,846.15,846.63,3048.915
1787578200000,846.63,847.11,835,836.18,4489.615
1787579100000,836.18,842.85,832.12,841.15,2101.716
1787580000000,841.15,849,836.83,848.24,2429.505
1787580900000,848.24,859,848.24,855.48,5655.993
1787581800000,855.48,871.45,855.35,863.72,10991.774
1787582700000,863.72,865.69,856.43,860.17,2397.761
1787583600000,860.17,862.2,851.06,851.27,1707.875
1787584500000,851.27,860.65,846.2,857.66,2487.425
1787585400000,857.66,858,837,840.19,3626.987
1787586300000,840.19,844.16,830.47,834.11,3299.79
1787587200000,834.11,843.92,834.01,839.06,2094.165
1787588100000,839.06,846.1,838.7,843.52,4032.015
1787589000000,843.52,846.13,837.81,837.86,2465.965
1787589900000,837.86,838.11,826.83,827.8,2644.663
1787590800000,827.8,835.98,815.81,829.15,5664.647
1787591700000,829.15,829.2,810.95,810.98,3428.156
1787592600000,810.98,817.04,806.41,810.27,3701.705
1787593500000,810.27,815.99,808.4,813.14,3345.196
1787594400000,813.14,823.05,811.26,822.06,2039.474
1787595300000,822.06,823.04,815.48,821.72,1008.729
1787596200000,821.72,822.32,808.6,815.17,1555.504
1787597100000,815.17,816.67,801.2,806.97,2229.764
1787598000000,806.97,809.17,801.4,803.18,2892.157
1787598900000,803.18,807.6,797.31,806.46,2941.641
1787599800000,806.46,810.8,803.68,805.33,1861.531
1787600700000,805.33,810.27,804.27,810.08,872.131
1787601600000,810.08,814.97,809.31,813.43,929.637
1787602500000,813.43,816.41,810.2,814.99,1307.194
1787603400000,814.99,821.94,814.61,821,1385.331
1787604300000,821,822.68,818.44,819.98,1069.077
1787605200000,819.98,825.81,819.92,825,1406.272
1787606100000,825,825.2,819.95,823.69,939.849
1787607000000,823.69,826.12,820.69,825.57,631.642
1787607900000,825.57,828.13,824.23,827.32,855.46
1787608800000,827.32,835.17,826.47,830.27,2823.625
1787609700000,830.27,834.72,829.49,831.17,997.922
1787610600000,831.17,836.49,831.17,831.47,2115.752
1787611500000,831.47,832.7,824.32,824.32,2004.265
1787612400000,824.32,828.72,820,823.94,1199.04
1787613300000,823.94,828.73,820.7,824.93,1548.831
1787614200000,824.93,830.55,823.5,829.67,955.384
1787615100000,829.67,830.73,825.88,830.63,1879.031
1787616000000,830.63,833.45,827.32,829.01,1591.625
1787616900000,829.01,831.8,823.2,827.86,1509.039
1787617800000,827.86,842,827.17,841.63,3517.915
1787618700000,841.63,849.45,835.63,836.52,2946.856
1787619600000,836.52,846.4,833.7,834.56,1331.975
1787620500000,834.56,839.54,832.2,836.86,817.22
1787621400000,836.86,839.11,832.51,832.84,541.426
1787622300000,832.84,834.61,829.2,834.6,781.078
1787623200000,834.6,837.35,831.79,833.99,910.018
1787624100000,833.99,864.2,831.67,863.8,5597.208
1787625000000,863.8,865.73,854.85,860.49,5394.978
1787625900000,860.49,862.4,852.55,853.93,3976.756
1787626800000,853.93,865.8,853.61,859.62,4357.624
1787627700000,859.62,861.58,855.39,858.17,1257.875
1787628600000,858.17,860.94,852.69,853.54,1270.099
1787629500000,853.54,855.87,848.35,849.6,1754.138
1787630400000,849.6,853.48,847.27,849.95,1679.855
1787631300000,849.95,850.2,842.6,843.61,1652.882
1787632200000,843.61,847,838.73,844.31,2034.677
1787633100000,844.31,849.18,843.64,848.01,1755.809
1787634000000,848.01,854.8,847.29,851.56,1466.571
1787634900000,851.56,855.54,850.15,852.22,1160.344
1787635800000,852.22,858.12,848.84,853.04,1762.556
1787636700000,853.04,856.99,851.85,852.16,832.239
1787637600000,852.16,854.5,847.52,850.64,1846.975
1787638500000,850.64,852.86,849.44,851.32,1077.054
1787639400000,851.32,851.94,844.55,847.86,1399.478
1787640300000,847.86,856.59,847.01,851.33,1298.168
1787641200000,851.33,864.52,850.87,859.3,2339.426
1787642100000,859.3,860.75,857.4,859.36,973.891
1787643000000,859.36,859.78,854.06,859.6,5140.528
1787643900000,859.6,867.18,847.2,852.43,8129.05
1787644800000,852.43,854.65,848.1,849.26,4680.489
1787645700000,849.26,855.48,848.48,849.33,2775.894
1787646600000,849.33,853.81,842.8,846.77,7016.615
1787647500000,846.77,848,840.58,842.39,3251.539
1787648400000,842.39,845.67,839.74,844.49,1951.224
1787649300000,844.49,851.67,843.56,848.25,3717.683
1787650200000,848.25,854.39,847.73,853.68,1619.559
1787651100000,853.68,854.8,837,839.59,7090.988
1787652000000,839.59,843.93,835.62,842.2,4532.953
1787652900000,842.2,843.7,838.21,840.43,2018.716
1787653800000,840.43,841.74,837.16,840.6,1181.634
1787654700000,840.6,846.68,840.26,842.56,5152.341
1787655600000,842.56,843.82,833.42,836.24,4359.137
1787656500000,836.24,841.47,834,837.6,5469.013
1787657400000,837.6,839.66,833.72,833.79,3228.943
1787658300000,833.79,837.74,832,836.84,1156.67
1787659200000,836.84,840.07,829.33,839.61,3072.926
1787660100000,839.61,841.93,828.21,832.6,2783.485
1787661000000,832.6,836.14,830.44,835.02,2808.274
1787661900000,835.02,848.71,833.78,842.98,4930.585
1787662800000,842.98,844.76,822.62,824.09,6964.016
1787663700000,824.09,826.02,815.44,815.71,8951.098
1787664600000,815.71,831.33,814.69,818.85,10293.993
1787665500000,818.85,821.48,806.45,818.25,7090.716
1787666400000,818.25,822.5,815.35,816.5,4853.403
1787667300000,816.5,829.53,814.43,827.6,5647.006
1787668200000,827.6,831.26,821.32,822.88,5604.5
1787669100000,822.88,825.17,813.74,818.48,5230.561
1787670000000,818.48,818.73,805.62,809.13,9863.7
1787670900000,809.13,813.83,803.02,806.81,8983.842
1787671800000,806.81,811.09,805.77,809.72,3191.794
1787672700000,809.72,818.04,806.34,816.95,4283.831
1787673600000,816.95,817.12,803.55,807.6,9194.043
1787674500000,807.6,807.61,795,801.81,7393.498
1787675400000,801.81,810.71,801.19,809.13,6423.636
1787676300000,809.13,811.43,799.45,799.85,7058.847
1787677200000,799.85,804.99,798,802.27,6630.326
1787678100000,802.27,803.69,793,794.85,3654.011
1787679000000,794.85,799.92,794.8,798.9,5922.499
1787679900000,798.9,802.93,797.69,799.28,3690.448
1787680800000,799.28,801.39,791.91,796.19,5308.8
1787681700000,796.19,800.4,793.92,800.06,2880.561
1787682600000,800.06,800.32,795.32,799.7,3932.068
1787683500000,799.7,801.69,795.83,796.52,3703.629
1787684400000,796.52,798.4,793.2,796.57,3035.055
1787685300000,796.57,798.03,787.68,788.09,6324.211
1787686200000,788.09,790.04,776.49,780.83,7648.652
1787687100000,780.83,788.56,780.83,786.69,6011.567
1787688000000,786.69,787.59,778.9,784.08,3221.569
1787688900000,784.08,786.99,782.34,783.96,3127.987
1787689800000,783.96,786.86,779.7,780.32,2781.441
1787690700000,780.32,781.38,771.6,772.28,6699.235
1787691600000,772.28,774.43,751.76,766.21,26902.546
1787692500000,766.21,766.47,756.11,765.46,3489.909
1787693400000,765.46,779.77,764.2,777.51,7259.559
1787694300000,777.51,781.92,775.14,777.3,2249.328
1787695200000,777.3,784.12,776.5,781.91,4446.914
1787696100000,781.91,783.49,769.17,773.5,7951.468
1787697000000,773.5,778.59,772,774.52,1913.902
1787697900000,774.52,786.9,774.31,783.52,8291.463
1787698800000,783.52,788.71,778.81,781.32,5166.501
1787699700000,781.32,783.87,777.18,782.17,4861.363
1787700600000,782.17,782.35,773.63,775.12,4149.898
1787701500000,775.12,775.27,767,767.8,5347.969
1787702400000,767.8,770.59,763.4,765.42,2877.511
1787703300000,765.42,777.26,763.31,774.88,3970.118
1787704200000,774.88,776.14,769.2,773.36,3477.541
1787705100000,773.36,781.66,773.01,777.27,5238.016
1787706000000,777.27,784.02,774.79,776.21,3377.74
1787706900000,776.21,780.51,773.4,779.19,2349.245
1787707800000,779.19,784.75,779,782.75,2306.249
1787708700000,782.75,782.9,778.88,780.4,1477.002
1787709600000,780.4,781.63,778,778.12,1244.215
1787710500000,778.12,787.44,778.12,787.17,3565.793
1787711400000,787.17,787.27,781.84,783.77,2871.184
1787712300000,783.77,788.01,782.4,784.05,1580.96
1787713200000,784.05,787.2,780.25,782.09,1328.011
1787714100000,782.09,784.87,781.5,783.75,655.359
1787715000000,783.75,786.55,781.04,784.13,2961.631
1787715900000,784.13,786.44,781.51,783.28,1743.989
1787716800000,783.28,786.26,779.92,784.68,1542.049
1787717700000,784.68,791.98,783.43,787.07,4713.32
1787718600000,787.07,789.72,785.3,787.5,2176.464
1787719500000,787.5,788.45,783.29,783.48,3497.181
1787720400000,783.48,787.99,783.08,784.35,2875.673
1787721300000,784.35,787.64,781.64,786.02,1221.416
1787722200000,786.02,793.88,784.81,792.37,7104.525
1787723100000,792.37,792.39,789.03,789.48,1394.492
1787724000000,789.48,793.23,788.24,788.98,1721.167
1787724900000,788.98,790,784.92,785.69,1325.28
1787725800000,785.69,788.44,782.76,788.22,2134.78
1787726700000,788.22,789.15,786.23,786.8,1161.834
1787727600000,786.8,792.78,785.76,792.36,5575.212
1787728500000,792.36,796.1,789.69,790.57,2159.98
1787729400000,790.57,791.16,787.69,788.76,3018.145
1787730300000,788.76,791.13,785.78,787.09,2538.741
1787731200000,787.09,791.5,785.51,789.34,3858.24
1787732100000,789.34,791.53,785.75,788.46,2131.456
1787733000000,788.46,789.57,785.93,786,748.395
1787733900000,786,786.79,778.45,782.25,2412.242
1787734800000,782.25,785,781.46,784.02,647.641
1787735700000,784.02,787.82,779.94,785.36,2552.323
1787736600000,785.36,791.2,782.46,782.46,1441.696
1787737500000,782.46,786.4,781.15,785.16,894.267
1787738400000,785.16,788.77,783.77,788.14,1423.723
1787739300000,788.14,790.74,784.72,790.06,1111.265
1787740200000,790.06,795.48,788.38,793.23,1119.903
1787741100000,793.23,795.23,792.21,792.31,1287.642
1787742000000,792.31,795.41,791.51,792.13,1718.241
1787742900000,792.13,793.1,787.49,789.67,2427.49
1787743800000,789.67,789.8,781.95,782.86,1719.405
1787744700000,782.86,784.98,781.25,783.37,1039.491
1787745600000,783.37,785.97,782.61,783.55,1376.73
1787746500000,783.55,791.96,782.8,791.65,1626.415
1787747400000,791.65,791.65,777.97,780.56,2716.307
1787748300000,780.56,783.75,779.42,780.9,696.027
1787749200000,780.9,783.69,771.91,773.26,1946.944
1787750100000,773.26,776.57,759.41,766.36,6580.211
1787751000000,766.36,779.4,766.08,776.08,3421.453
1787751900000,776.08,777.4,765.37,773.36,2236.427
1787752800000,773.36,778.4,769.8,774.34,2001.748
1787753700000,774.34,777.06,765.25,766.09,1805.156
1787754600000,766.09,770.8,763.84,767.06,1688.487
1787755500000,767.06,768.79,762.3,765.96,1593.505
1787756400000,765.96,769.67,760.21,769.44,2537.868
1787757300000,769.44,778.65,767.32,778.1,2783.423
1787758200000,778.1,780.07,769.42,774.59,2892.909
1787759100000,774.59,778.61,769.84,770.42,1480.203
1787760000000,770.42,776.89,766.84,771.47,3095.426
1787760900000,771.47,773.96,764.6,767.58,842.313
1787761800000,767.58,770,757.65,760.11,2517.649
1787762700000,760.11,772.16,760,769.85,3864.282
1787763600000,769.85,772.68,767.26,771.97,1376.638
1787764500000,771.97,779.81,771.61,778.98,4021.454
1787765400000,778.98,780.81,776.72,777.12,1537.67
1787766300000,777.12,779.2,774.09,777.55,917.603
1787767200000,777.55,780.86,774.67,777.21,1147.542
1787768100000,777.21,780.23,776.11,779.5,929.318
1787769000000,779.5,780.55,776.04,778.6,1079.636
1787769900000,778.6,787.74,778.56,785.34,1763.164
1787770800000,785.34,787.6,780.43,782.02,960.988
1787771700000,782.02,786.65,781.14,786.57,762.632
1787772600000,786.57,789.94,780.81,781.75,1212.525
1787773500000,781.75,784.4,781.35,782.6,643.693
1787774400000,782.6,785.28,780.2,783.14,1361.17
1787775300000,783.14,784.13,776.69,783.62,1581.357
1787776200000,783.62,784.61,780.33,783.81,599.2
1787777100000,783.81,785.29,783.01,783.55,617.248
1787778000000,783.55,786.86,782.09,785.83,1352.757
1787778900000,785.83,794.09,785.83,791.4,2166.952
1787779800000,791.4,793.58,787.34,787.34,743.127
1787780700000,787.34,790.03,782.65,789.68,630.612
1787781600000,789.68,794.74,788.64,794.17,1685.124
1787782500000,794.17,816.02,793.76,813.2,5711.399
1787783400000,813.2,814.61,808.21,810.46,2265.187
1787784300000,810.46,813.52,806.2,810.72,1558.249
1787785200000,810.72,818.4,810.57,813.01,1599.399
1787786100000,813.01,817.8,812.15,816.51,1434.447
1787787000000,816.51,818.34,813.71,816.84,1614.449
1787787900000,816.84,817.72,813.46,816.2,1144.146
1787788800000,816.2,816.6,808.3,810.35,2657.532
1787789700000,810.35,814.52,809.21,811.24,1033.084
1787790600000,811.24,811.24,802.93,805.81,1431.433
1787791500000,805.81,808.39,802.02,802.78,1113.59
1787792400000,802.78,804.6,796.89,799.91,1521.842
1787793300000,799.91,808.9,798.85,808.09,1474.109
1787794200000,808.09,808.09,799.45,799.61,1880.14
1787795100000,799.61,801.4,792.04,795.91,2591.729
1787796000000,795.91,799.69,793.74,794.22,2000.258
1787796900000,794.22,796.09,788.24,790.4,4518.067
1787797800000,790.4,791.34,778.36,779.94,3879.563
1787798700000,779.94,784.53,779.89,781.5,1052.423
1787799600000,781.5,785.72,781.43,783.68,1497.469
1787800500000,783.68,790,780.21,788.41,4238.097
1787801400000,788.41,788.41,780.4,781.14,6181.504
1787802300000,781.14,782.98,776.5,780.11,1505.177
1787803200000,780.11,782.5,777.7,780.51,1736.611
1787804100000,780.51,781.76,777.9,779.27,813.46
1787805000000,779.27,779.27,772.56,777.94,1595.608
1787805900000,777.94,777.99,774.7,777.64,1054.835
1787806800000,777.64,778.32,774.19,776.83,1173.661
1787807700000,776.83,781.11,774.51,776.75,609.461
1787808600000,776.75,778.4,773.8,777.58,2017.772
1787809500000,777.58,784,777.58,782.24,1374.368
1787810400000,782.24,782.3,775.84,777.59,2695.81
1787811300000,777.59,779.73,775.87,779.38,1013.894
1787812200000,779.38,785.5,779.21,782.19,2287.143
1787813100000,782.19,786.99,782.19,786.35,1341.638
1787814000000,786.35,786.52,783.69,784.74,3531.726
1787814900000,784.74,786.51,782.73,783.5,1754.148
1787815800000,783.5,785.54,782.5,783.17,916.302
1787816700000,783.17,786.71,783.03,785.73,1826.062
1787817600000,785.73,796.17,784.02,792.71,4666.848
1787818500000,792.71,795.17,786.62,794.76,3820.096
1787819400000,794.76,798.66,793.55,796.75,4215.432
1787820300000,796.75,798.9,790.7,792.99,2801.272
1787821200000,792.99,799.12,790.76,797.36,4997.024
1787822100000,797.36,805.42,794.37,804,4202.921
1787823000000,804,804.3,794.61,795.68,4564.492
1787823900000,795.68,798.69,790.8,794.51,5086.647
1787824800000,794.51,799.19,792.01,795.01,5822.256
1787825700000,795.01,796.15,777.33,785.17,6100.484
1787826600000,785.17,785.17,776.54,781.06,3434.273
1787827500000,781.06,784.09,777.78,780.59,4472.312
1787828400000,780.59,784.96,779.81,783.98,3475.962
1787829300000,783.98,785.97,778.27,778.62,3565.937
1787830200000,778.62,782.4,778.02,782.04,4256.404
1787831100000,782.04,784.41,779,783.51,6060.09
1787832000000,783.51,786.98,782.42,785.29,1823.022
1787832900000,785.29,789.33,783.78,784.2,3519.481
1787833800000,784.2,784.27,778.84,778.85,1132.378
1787834700000,778.85,782.6,778.85,780.37,2636.353
1787835600000,780.37,786.44,780.26,785.45,2228.147
1787836500000,785.45,796.28,785.45,796.23,3947.519
1787837400000,796.23,796.25,788.22,790.47,4724.471
1787838300000,790.47,793.76,783.75,793,3590.276
1787839200000,793,795.79,788.51,789.99,3232.291
1787840100000,789.99,797.56,789.25,796.27,3076.921
1787841000000,796.27,802.45,794.65,801.01,3329.35
1787841900000,801.01,802,792.88,794.93,3791.034
1787842800000,794.93,800.49,791.94,798.49,2030.609
1787843700000,798.49,804.05,793.52,802.7,6788.967
1787844600000,802.7,803.78,793.22,798.33,5086.867
1787845500000,798.33,809.81,796.85,803.58,5856.811
1787846400000,803.58,807.75,798.58,803.65,2998.896
1787847300000,803.65,814.93,803.41,814.56,5391.41
1787848200000,814.56,817.24,809,816.69,4971.039
1787849100000,816.69,817.92,811.76,812.03,3704.063
1787850000000,812.03,827.98,810.7,822.61,5598.391
1787850900000,822.61,829.64,821.33,824.35,2450.369
1787851800000,824.35,834.5,823.51,824.91,7129.521
1787852700000,824.91,829.69,822.08,822.85,5235.296
1787853600000,822.85,823.71,809.29,809.29,5104.265
1787854500000,809.29,814.96,805.32,806.78,4463.985
1787855400000,806.78,813.45,804.07,811.97,5281.191
1787856300000,811.97,816,810.73,815.98,2034.441
1787857200000,815.98,820.37,813.99,817.17,2069.109
1787858100000,817.17,821.38,815.85,820.6,4365.56
1787859000000,820.6,823.58,813.07,815.81,5366.055
1787859900000,815.81,820.69,814.26,815.75,6245.063
1787860800000,815.75,819.39,814.53,816.16,2004.042
1787861700000,816.16,824.46,816.02,817.87,2339.834
1787862600000,817.87,819.2,816.2,818.8,1108.875
1787863500000,818.8,820,813.64,816.67,2805.896
1787864400000,816.67,817.51,812.16,813.4,2603.776
1787865300000,813.4,813.4,809.04,809.43,1685.167
1787866200000,809.43,812.17,805.82,807.49,1071.931
1787867100000,807.49,810,806.72,808.85,558.262
1787868000000,808.85,816.05,808.85,812.98,4003.213
1787868900000,812.98,816.57,810.95,812.95,2354.068
1787869800000,812.95,815.15,811.94,813.27,801.795
1787870700000,813.27,813.8,811.61,812.82,2144.855
1787871600000,812.82,813.65,809.01,809.57,1849.047
1787872500000,809.57,815.35,809.24,815.01,2583.67
1787873400000,815.01,817.25,812.1,812.1,1320.394
1787874300000,812.1,812.37,808.48,809.59,1193.815
1787875200000,809.59,809.91,806.4,808.71,1635.61
1787876100000,808.71,813.2,808.7,812.88,1319.14
1787877000000,812.88,816.62,811.92,812.51,1667.34
1787877900000,812.51,812.91,809.31,810.07,752.641
1787878800000,810.07,817.01,809.91,813.2,2201.788
1787879700000,813.2,822.31,811.88,820.8,3141.949
1787880600000,820.8,823.86,810.74,810.8,2301.405
1787881500000,810.8,812.37,800.8,802.26,4737.927
1787882400000,802.26,802.4,792.6,794.39,3721.318
1787883300000,794.39,795,786.6,786.89,4154.235
1787884200000,786.89,787.99,779.74,782.02,4977.419
1787885100000,782.02,786.1,779.29,785.48,5454.909
1787886000000,785.48,785.48,778.6,782.04,1968.508
1787886900000,782.04,788.99,782.04,788.91,3119.353
1787887800000,788.91,791.48,786.89,787.58,4084.941
1787888700000,787.58,788.8,786.5,788.26,1615.973
1787889600000,788.26,790.86,783.22,789.48,3572.964
1787890500000,789.48,791.59,786.71,786.96,2862.411
1787891400000,786.96,787.77,783.81,786.44,2880.343
1787892300000,786.44,786.97,784.81,786.2,1013.777
1787893200000,786.2,787.6,784.6,786.46,462.154
1787894100000,786.46,787.6,784.05,787.6,542.935
1787895000000,787.6,791.21,787.38,788.72,1463.795
1787895900000,788.72,789.85,788.17,788.17,2482.233
1787896800000,788.17,794.49,788.17,793.8,1904.207
1787897700000,793.8,793.96,791.6,792.43,710.585
1787898600000,792.43,794.16,792,794.11,1225.846
1787899500000,794.11,796.01,793.05,793.28,2163.994
1787900400000,793.28,793.56,787.11,788.65,1261.874
1787901300000,788.65,790.58,788.58,790.26,275.869
1787902200000,790.26,790.54,788,789.2,360.356
1787903100000,789.2,790.8,789.06,789.59,728.846
1787904000000,789.59,793,789.59,791.41,1088.61
1787904900000,791.41,793.32,790.87,790.92,835.609
1787905800000,790.92,792.68,790.01,790.33,1182.501
1787906700000,790.33,790.89,785.24,786.02,1450.112
1787907600000,786.02,792,784.96,790.67,3353.07
1787908500000,790.67,791.2,788.66,789.09,1105.853
1787909400000,789.09,791.91,786.98,787.23,5442.766
1787910300000,787.23,790.19,787.23,789.65,2372.629
1787911200000,789.65,790.2,785.72,788.66,1798.462
1787912100000,788.66,789.99,787.45,789.98,935.567
1787913000000,789.98,794.7,789.89,792.54,2889.62
1787913900000,792.54,797.13,792.54,797.13,2004.173
1787914800000,797.13,803.18,797,802.64,3133.855
1787915700000,802.64,803.71,800.22,800.71,2970.66
1787916600000,800.71,803.61,797.42,799.5,1202.047
1787917500000,799.5,799.93,797.61,799.58,646.103
1787918400000,799.58,807.55,798.86,803.99,3708.519
1787919300000,803.99,808.38,801.14,801.57,3405.82
1787920200000,801.57,801.73,790.89,793.38,5907.938
1787921100000,793.38,797.39,792.47,796.9,3672.485
1787922000000,796.9,798.94,794.97,796.54,1135.901
1787922900000,796.54,798.67,793.83,794.28,2068.929
1787923800000,794.28,797.75,791.51,791.99,2776.31
1787924700000,791.99,799.64,790.95,795.66,2628.311
1787925600000,795.66,802.37,774.8,784.15,9323.649
1787926500000,784.15,793.65,780.92,793.1,3472.558
1787927400000,793.1,815.85,789.86,813.34,10068.335
1787928300000,813.34,816.99,805,811.32,6277.373
1787929200000,811.32,815.62,802.68,804.4,5002.633
1787930100000,804.4,815.38,803.21,808.59,4874.876
1787931000000,808.59,813.4,802.08,803.16,6987.367
1787931900000,803.16,808.99,801.86,805.96,6848.728
1787932800000,805.96,812.24,788.95,789.65,13063.1
1787933700000,789.65,794.36,776.38,790.9,12790.494
1787934600000,790.9,802.4,789.65,797.5,5854.421
1787935500000,797.5,810.3,797.45,798.21,6620.287
1787936400000,798.21,804.85,794.05,804.71,4682.738
1787937300000,804.71,804.81,791.5,794.53,5053.734
1787938200000,794.53,794.8,786.53,790.88,4719.724
1787939100000,790.88,795.86,788.92,792.93,4268.96
1787940000000,792.93,794.4,787.15,787.78,3718.117
1787940900000,787.78,788.99,782.58,784.81,3837.961
1787941800000,784.81,785.76,782.11,783.55,1365.704
1787942700000,783.55,789.6,780.86,789.6,4308.944
1787943600000,789.6,798.33,788.22,796.39,5144.784
1787944500000,796.39,798.03,793.46,796.48,1018.574
1787945400000,796.48,800.26,795.81,798.45,2749.264
1787946300000,798.45,800.32,793.05,796.82,4881.461
1787947200000,796.82,801.71,791.89,792.91,9506.575
1787948100000,792.91,795.66,792.5,794.16,760.712
1787949000000,794.16,796.45,790.2,795.2,3178.438
1787949900000,795.2,799.71,794.41,796.61,2335.63
1787950800000,796.61,797.74,793.24,794.32,2442.277
1787951700000,794.32,797.2,791.8,797.09,1546.557
1787952600000,797.09,800.24,795,795.44,1995.729
1787953500000,795.44,795.65,790.83,794.2,1656.846
1787954400000,794.2,798.93,790.77,798.8,3144.348
1787955300000,798.8,799.63,795.8,798.62,3479.269
1787956200000,798.62,799.84,796.2,799.8,937.519
1787957100000,799.8,802.1,799.05,801.64,2267.649
1787958000000,801.64,802.88,798.97,801.75,1876.056
1787958900000,801.75,806.96,798.76,804.82,2137.674
1787959800000,804.82,805.15,802.49,803.42,643.529
1787960700000,803.42,803.42,799.66,800.51,1604.117
1787961600000,800.51,806.25,800.01,804.74,1454.479
1787962500000,804.74,807.14,804.02,806.29,1112.181
1787963400000,806.29,807.53,803.24,803.6,807.081
1787964300000,803.6,803.6,799.33,799.48,1860.788
1787965200000,799.48,799.51,795.6,797.24,5075.713
1787966100000,797.24,806.39,797.17,805.19,4338.726
1787967000000,805.19,807.51,804.09,805.08,2650.517
1787967900000,805.08,807.2,803.25,804.85,1868.3
1787968800000,804.85,807,802.41,802.59,3814.547
1787969700000,802.59,803.95,799.09,801.6,5368.431
1787970600000,801.6,804.13,799.9,801.97,1274.75
1787971500000,801.97,810.85,801.87,808.05,2564.334
1787972400000,808.05,809.4,806.23,806.8,2138.293
1787973300000,806.8,807.99,805.28,805.56,2185.203
1787974200000,805.56,806.72,803.38,803.89,2330.99
1787975100000,803.89,804.57,798.48,798.85,3291.95
1787976000000,798.85,800.47,793.87,798.31,4660.781
1787976900000,798.31,800.44,797.46,798.74,1579.866
1787977800000,798.74,799.19,794.81,796,4921.246
1787978700000,796,801.45,795.5,800.57,5422.557
1787979600000,800.57,802.25,798.27,800.75,3146.367
1787980500000,800.75,801.26,796.8,799.07,2397.096
1787981400000,799.07,803.15,798.06,801.98,7030.779
1787982300000,801.98,802.42,799.56,800.54,1834.19
1787983200000,800.54,800.59,794.55,794.77,3612.159
1787984100000,794.77,797.33,792.05,795.05,5603.455
1787985000000,795.05,796.54,793.84,794.24,1523.169
1787985900000,794.24,795.92,793.41,794.01,2738.369
1787986800000,794.01,797.88,794.01,794.72,1974.77
1787987700000,794.72,795.63,792.96,793.13,2210.319
1787988600000,793.13,795.07,790.9,793.29,4529.078
1787989500000,793.29,795.63,792.26,792.96,2253.456
1787990400000,792.96,794.11,790.52,792.12,3425.15
1787991300000,792.12,793.33,790.8,792.11,679.853
1787992200000,792.11,792.11,789.23,790.75,3487.448
1787993100000,790.75,792.94,789.03,792.77,3604.833
1787994000000,792.77,794.59,790.25,794.42,2454.177
1787994900000,794.42,794.75,792.43,793.4,752.111
1787995800000,793.4,798.46,792.28,797.18,4875.965
1787996700000,797.18,799.55,794.8,797.46,6353.261
1787997600000,797.46,799.14,794.15,799.14,2204.299
1787998500000,799.14,806.58,799.14,805.96,7983.94
1787999400000,805.96,806.17,802.22,803.16,6162.894
1788000300000,803.16,809.4,802.11,804.63,6593.333
1788001200000,804.63,807.28,803.63,806.97,2852.481
1788002100000,806.97,810.82,806.1,806.91,6166.117
1788003000000,806.91,808.2,805.12,805.61,2482.605
1788003900000,805.61,806.66,804.04,804.6,2269.55
1788004800000,804.6,810.51,804.02,809.94,3790.976
1788005700000,809.94,815.1,807.93,809.41,5715.693
1788006600000,809.41,811.2,807.29,809.09,1897.159
1788007500000,809.09,809.47,806.38,806.72,2276.955
1788008400000,806.72,810.8,805.68,810.16,2288.787
1788009300000,810.16,812.33,809.87,810.43,2746.482
1788010200000,810.43,811.23,808.18,809.36,3371.173
1788011100000,809.36,812.74,808.83,810.52,2286.57
1788012000000,810.52,813.96,810.26,813.31,2239.891
1788012900000,813.31,816.6,811.1,816,5986.504
1788013800000,816,823,814.82,819.94,10967.253
1788014700000,819.94,851,819.9,839.5,20438.244
1788015600000,839.5,840.19,832.5,837.3,16661.452
1788016500000,837.3,839.48,834.04,835,4992.816
1788017400000,835,838.2,832.82,836.2,4831.04
1788018300000,836.2,837.36,831.4,834.54,4921.995
1788019200000,834.54,836.28,831.83,836.08,8341.717
1788020100000,836.08,839.36,833.89,835.6,4628.398
1788021000000,835.6,839.47,833.42,839.47,6607.706
1788021900000,839.47,843.6,832.64,834.82,7472.554
1788022800000,834.82,837.62,834.25,836.24,5965.965
1788023700000,836.24,837,823.92,828.01,4671.595
1788024600000,828.01,835.69,827.37,834.3,5796.044
1788025500000,834.3,837.4,833.85,836.46,1997.31
1788026400000,836.46,837.97,833.02,834,3145.443
1788027300000,834,835.81,830.13,834.11,2917.725
1788028200000,834.11,843,833.08,838.3,6301.487
1788029100000,838.3,840.61,833.94,834.16,3187.044
1788030000000,834.16,837.3,834.16,837.02,1906.434
1788030900000,837.02,837.38,834.4,836.7,1429.211
1788031800000,836.7,836.91,829.32,831.56,6403.093
1788032700000,831.56,833.38,829.35,833.38,3184.617
1788033600000,833.38,836.69,832.81,835.53,5511.367
1788034500000,835.53,838.14,833.76,834.44,2558.738
1788035400000,834.44,835.3,831.96,834.88,3742.542
1788036300000,834.88,838.4,833.4,838,3262.239
1788037200000,838,841.88,836.55,840.13,3680.071
1788038100000,840.13,842.34,837.63,837.87,2824.171
1788039000000,837.87,839.92,836.54,836.66,3322.101
1788039900000,836.66,840.21,836.66,837.8,1038.449
1788040800000,837.8,840.88,836.6,836.87,3092.684
1788041700000,836.87,838.23,834.93,838.01,3341.363
1788042600000,838.01,840.8,837.82,839.87,1671.976
1788043500000,839.87,841.4,838.84,840.04,380.561
1788044400000,840.04,843.86,838.16,839.21,4545.443
1788045300000,839.21,841.06,838.16,840.6,1941.666
1788046200000,840.6,844.9,840.58,842.29,3665.781
1788047100000,842.29,844.73,841.34,841.4,579.424
1788048000000,841.4,841.68,837.21,840.36,1404.817
1788048900000,840.36,843.58,839.1,840.1,2461.917
1788049800000,840.1,842.95,834.24,836.68,4848.695
1788050700000,836.68,838.86,835.6,836.51,2655.287
1788051600000,836.51,838.85,834.67,835.68,1464.419
1788052500000,835.68,838,831.6,831.76,3014.427
1788053400000,831.76,835,830.91,831.85,4060.429
1788054300000,831.85,834.9,830.6,831.65,6551.367
1788055200000,831.65,834.76,829.75,830.38,7302.154
1788056100000,830.38,834.08,829.48,832.1,3619.023
1788057000000,832.1,834.78,831.13,832.94,2104.651
1788057900000,832.94,835.39,831.22,831.33,2881.243
1788058800000,831.33,833.03,830.53,832.2,2445.005
1788059700000,832.2,834,830.72,833.74,1527.686
1788060600000,833.74,834.5,831.8,832.99,4218.411
1788061500000,832.99,833.14,830.8,831.09,1755.568
1788062400000,831.09,832.62,824.72,825.53,2389.719
1788063300000,825.53,829.23,825.53,827.91,4120.602
1788064200000,827.91,829.1,825.06,827.43,4563.491
1788065100000,827.43,830.2,826.6,830.2,2965.332
1788066000000,830.2,831.8,828.52,828.7,2183.045
1788066900000,828.7,828.94,827.65,828.76,227.365
1788067800000,828.76,830.15,827.94,828.5,771.316
1788068700000,828.5,831.8,828.26,831.64,968.258
1788069600000,831.64,833.09,830.4,832.46,624.711
1788070500000,832.46,834.93,831.7,834.8,926.05
1788071400000,834.8,839.76,834.41,837.54,1636.229
1788072300000,837.54,838.8,836.43,837.63,1568.794
1788073200000,837.63,837.75,836.33,836.69,651.579
1788074100000,836.69,839.26,836.04,838.59,1736.807
1788075000000,838.59,838.63,833.81,834.47,2641.974
1788075900000,834.47,837.84,832.09,835.65,4524.681
1788076800000,835.65,836.6,832.64,832.84,3011.144
1788077700000,832.84,834.6,832.6,833.91,1872.793
1788078600000,833.91,834.78,832.23,832.86,609.972
1788079500000,832.86,836.18,832,835.8,851.43
1788080400000,835.8,838.42,835.1,837.87,1332.336
1788081300000,837.87,838.85,834.2,834.2,2273.839
1788082200000,834.2,836.42,833.12,836.1,2089.815
1788083100000,836.1,837,833.61,835.03,1010.276
1788084000000,835.03,838.46,833.8,836.06,3062.257
1788084900000,836.06,838.66,835.25,836.97,1848.407
1788085800000,836.97,839.59,836.28,838.53,2115.805
1788086700000,838.53,842.43,838.04,840.85,3185.243
1788087600000,840.85,841.75,838.8,839.58,2444.401
1788088500000,839.58,839.62,837.61,839.31,1467.152
1788089400000,839.31,841.8,837.8,839.59,2313.403
1788090300000,839.59,842.22,836.54,840.11,7043.991
1788091200000,840.11,847.91,838.46,844.76,8730.679
1788092100000,844.76,846.06,841.16,846,3780.352
1788093000000,846,849.85,843,845.68,8246.661
1788093900000,845.68,848.93,843.54,848.36,6906.717
1788094800000,848.36,856.16,843.19,843.4,7356.742
1788095700000,843.4,846.24,842.11,843.9,3528.829
1788096600000,843.9,846.85,843.72,845.85,4701.919
1788097500000,845.85,852.5,845.6,850.39,5821.715
1788098400000,850.39,854.62,846.91,852.75,3185.182
1788099300000,852.75,852.99,847,851.45,2579.676
1788100200000,851.45,853.16,848.39,849.31,1552.93
1788101100000,849.31,853.2,848.6,849.64,1669.533
1788102000000,849.64,865.11,848.47,853.17,7710.259
1788102900000,853.17,858.75,852.61,857.94,2206.409
1788103800000,857.94,874.54,857.94,866.44,9261.614
1788104700000,866.44,868.39,863.63,865.96,2349.726
1788105600000,865.96,870.9,862.55,869.22,2530.073
1788106500000,869.22,876.93,865.24,868.35,4547.317
1788107400000,868.35,875.59,868.11,872,1394.053
1788108300000,872,888,871.21,887.08,9106.24
1788109200000,887.08,887.99,875.46,876.4,2638.395
1788110100000,876.4,876.4,865.65,868.65,5135.346
1788111000000,868.65,873.78,868.01,873.78,3063.75
1788111900000,873.78,874.8,869.66,873.11,3696.683
1788112800000,873.11,874.1,865.53,869.61,2969.231
1788113700000,869.61,872.11,865.74,868.6,3678.673
1788114600000,868.6,872.6,868.48,870.6,2813.532
1788115500000,870.6,871.05,867.8,869.19,1834.938
1788116400000,869.19,871.32,865.65,870.59,2730.055
1788117300000,870.59,871.18,863.8,866.9,4925.223
1788118200000,866.9,868,860.45,862.06,2917.71
1788119100000,862.06,864.45,860.48,864.16,3036.699
1788120000000,864.16,867.93,862.09,865.44,2138.501
1788120900000,865.44,867.97,863.6,863.6,1980.037
1788121800000,863.6,863.68,851.03,851.72,4880.363
1788122700000,851.72,857.33,851.67,852.85,4220.146
1788123600000,852.85,859,843.91,858.6,5174.464
1788124500000,858.6,861.41,856.36,858.38,1542.814
1788125400000,858.38,877.32,858.14,870.29,6222.3
1788126300000,870.29,874.56,867.81,873.11,1209.056
1788127200000,873.11,878.75,870.13,870.33,2063.39
1788128100000,870.33,870.4,857.93,861,3757.855
1788129000000,861,864.24,857.25,863.09,3248.393
1788129900000,863.09,863.53,857.6,861.2,3373.789
1788130800000,861.2,862.75,858.53,859.09,995.782
1788131700000,859.09,862.32,842.6,843.06,5606.538
1788132600000,843.06,847.53,829.59,838.31,6332.485
1788133500000,838.31,838.33,818.2,834.8,10515.404
1788134400000,834.8,840.1,828.38,830.48,4334.084
1788135300000,830.48,841.02,829.02,835.39,2670.253
1788136200000,835.39,841.82,833.71,838.39,2402.332
1788137100000,838.39,838.39,833.92,834.78,429.138
1788138000000,834.78,835.75,825.51,830.54,2449.386
1788138900000,830.54,838.78,828.6,835.65,1324.601
1788139800000,835.65,836.01,829.57,830.21,1732.708
1788140700000,830.21,833.02,820.91,822.46,1765.696
1788141600000,822.46,833.2,820.48,831.26,1099.457
1788142500000,831.26,833,826.67,827.6,1076.357
1788143400000,827.6,829.22,823,823.16,3003.87
1788144300000,823.16,823.76,805.04,808.92,8255.088
1788145200000,808.92,817.79,806.81,816.49,2753.636
1788146100000,816.49,818.31,813.27,816.22,972.286
1788147000000,816.22,821.11,814,820.95,2494.193
1788147900000,820.95,821.91,817.69,819.8,1422.241
1788148800000,819.8,820.38,813.92,816.99,870.409
1788149700000,816.99,817.6,813.22,814.61,1088.825
1788150600000,814.61,818.99,813.55,818.02,1001.969
1788151500000,818.02,819.7,814.7,819.08,997.521
1788152400000,819.08,825.7,816.6,823.01,1786.779
1788153300000,823.01,832.28,821.36,827.77,2635.202
1788154200000,827.77,830.53,827.01,828.67,2217.898
1788155100000,828.67,830.8,827.69,829.05,1162.792
1788156000000,829.05,832.45,827,830.17,1463.475
1788156900000,830.17,833.95,828.43,829.81,862.622
1788157800000,829.81,829.92,824.16,824.42,5123.266
1788158700000,824.42,825.4,822.15,824.19,1717.132
1788159600000,824.19,826.88,823.2,825.81,1026.013
1788160500000,825.81,829,825,826.61,1451.997
1788161400000,826.61,826.61,822.42,825.45,531.489
1788162300000,825.45,826.23,824.75,825.4,221.339
1788163200000,825.4,832.29,821.01,828.54,1571.706
1788164100000,828.54,829.72,825.07,827.94,2211.976
1788165000000,827.94,833.8,827.84,831.58,2408.716
1788165900000,831.58,834.58,830.82,831.97,1810.563
1788166800000,831.97,835.12,828.81,830.02,2066.03
1788167700000,830.02,831.73,827.59,827.63,2269.063
1788168600000,827.63,830.24,826.84,828.56,1624.734
1788169500000,828.56,830.39,826.14,826.97,1968.931
1788170400000,826.97,827.69,822.24,827.45,2052.338
1788171300000,827.45,831.54,823.28,828.96,2978.536
1788172200000,828.96,833.1,828.02,832.71,2670.772
1788173100000,832.71,840.59,831.01,834.85,3910.801
1788174000000,834.85,842.6,833.68,839.52,2506.806
1788174900000,839.52,840.8,837,837.75,1199.858
1788175800000,837.75,838,834.92,836.4,1633.536
1788176700000,836.4,838.67,835.52,837.46,2283.358
1788177600000,837.46,846.2,836.52,842.27,3246.836
1788178500000,842.27,842.48,832.2,835.61,1662.636
1788179400000,835.61,835.69,817.65,823.89,8909.232
1788180300000,823.89,824.17,820.01,821.56,2795.039
1788181200000,821.56,827.48,820.76,824.28,1176.294
1788182100000,824.28,827.54,821.89,824,2341.6
1788183000000,824,828.39,820.72,821.93,2177.058
1788183900000,821.93,822.19,816.61,818.47,2433.428
1788184800000,818.47,824.45,817.66,821.11,1405.913
1788185700000,821.11,826.22,820,825.84,1897.352
1788186600000,825.84,838.79,822.92,835.03,2959.423
1788187500000,835.03,838.11,827.44,833.31,2231.422
1788188400000,833.31,835.19,829.74,830.31,1781.847
1788189300000,830.31,838.33,829.5,837.37,1842.145
1788190200000,837.37,844.9,835.6,841.7,1615.077
1788191100000,841.7,844.8,839.34,842.27,2046.418
1788192000000,842.27,844.09,838.39,843.22,1201.656
1788192900000,843.22,843.47,836.61,838.27,2198.792
1788193800000,838.27,843.61,837.4,843.22,1260.73
1788194700000,843.22,845,838.49,838.49,946.637
1788195600000,838.49,841.37,837.65,839.66,2990.538
1788196500000,839.66,840.93,829.76,832.9,2073.557
1788197400000,832.9,846.4,832.81,843.02,1715.902
1788198300000,843.02,851.74,842.82,849.72,2540.304
1788199200000,849.72,861.4,846.9,860.34,1721.968
1788200100000,860.34,870.6,856.89,859.74,3592.259
1788201000000,859.74,864.81,855.57,861.95,1592.87
1788201900000,861.95,867.42,859,863.29,2496.529
1788202800000,863.29,870.58,863.29,866.86,2666.228
1788203700000,866.86,868.38,860.61,861.93,2288.944
1788204600000,861.93,863.6,857.2,860.33,2078.086
1788205500000,860.33,863,856.11,856.82,1274.176
1788206400000,856.82,859.6,856.01,857.87,1306.264
1788207300000,857.87,861.18,851.26,852.76,1923.293
1788208200000,852.76,855.54,850.2,853.52,813.834
1788209100000,853.52,859.99,853.5,855.24,1267.263
1788210000000,855.24,861.57,851.5,852.2,1425.988
1788210900000,852.2,859.97,849.09,858,1745.127
1788211800000,858,860.8,854.73,857.22,1776.266
1788212700000,857.22,859,853.12,854.09,1301.242
1788213600000,854.09,854.93,847.83,849.48,1365.784
1788214500000,849.48,850.18,845.62,848.87,1626.663
1788215400000,848.87,850.56,845.73,846.02,1429.899
1788216300000,846.02,848.73,846.02,848.53,1181.668
1788217200000,848.53,848.53,845.06,845.07,831.096
1788218100000,845.07,848.2,843.94,847.78,1807.06
1788219000000,847.78,848.29,845.88,846.54,715.33
1788219900000,846.54,849.15,846.37,847.64,746.133
1788220800000,847.64,853.72,846.82,853.09,1235.943
1788221700000,853.09,859.4,852.82,856.94,1317.009
1788222600000,856.94,858,853.91,855.35,1297.105
1788223500000,855.35,859.8,853.8,856.35,1909.583
1788224400000,856.35,859.98,852,853.2,1486.687
1788225300000,853.2,855.48,851,852.17,702.46
1788226200000,852.17,856.6,850.52,856.25,1927.734
1788227100000,856.25,857.2,852.5,853.47,1022.219
1788228000000,853.47,853.54,845.97,848.55,2312.442
1788228900000,848.55,851.93,847.2,847.89,1135.065
1788229800000,847.89,850.49,847.2,848.62,207.667
1788230700000,848.62,852.4,848.01,850.68,525.359
1788231600000,850.68,854.41,850.2,853.33,1500.967
1788232500000,853.33,854.55,850.68,854,1082.215
1788233400000,854,863.2,853.72,858.43,3298.755
1788234300000,858.43,859.27,855.54,856.41,775.889
1788235200000,856.41,858.42,854.99,855.23,1587.86
1788236100000,855.23,857.73,852.1,852.79,1740.454
1788237000000,852.79,853.29,849.2,850.28,1823.123
1788237900000,850.28,852.33,847.44,852.21,2953.92
1788238800000,852.21,856.93,852.1,854.78,1045.865
1788239700000,854.78,864.66,853.81,859.33,5824.79
1788240600000,859.33,870.6,858.13,864.8,6691.407
1788241500000,864.8,865.77,863.05,864.07,3023.779
1788242400000,864.07,864.22,860.27,862.68,1604.624
1788243300000,862.68,864.44,858.4,861.16,2767.72
1788244200000,861.16,862.26,858.77,860.96,4932.338
1788245100000,860.96,861.88,858.4,858.45,1039.87
1788246000000,858.45,860.15,852,854.09,2798.366
1788246900000,854.09,858.75,854.09,855.4,1909.851
1788247800000,855.4,856.4,850.72,853.49,1176.705
1788248700000,853.49,853.77,850.86,851.69,3238.81
1788249600000,851.69,855.48,848.42,848.69,2827.583
1788250500000,848.69,849.78,836,838,4271.765
1788251400000,838,846.33,837.66,844.51,1636.158
1788252300000,844.51,846.9,842.92,844.27,746.707
1788253200000,844.27,845.15,838.25,838.64,2118.198
1788254100000,838.64,843.21,838.59,841.1,1307.963
1788255000000,841.1,842.65,840,842.59,498.18
1788255900000,842.59,842.78,839.75,840.65,715.901
1788256800000,840.65,843.81,840.07,840.6,918.106
1788257700000,840.6,845.12,838,842.56,1198.414
1788258600000,842.56,848.96,842.21,845.58,2400.792
1788259500000,845.58,846.89,841.59,843.9,2800.965
1788260400000,843.9,843.9,839.98,841.97,1377.563
1788261300000,841.97,846.49,841.51,846.14,567.114
1788262200000,846.14,861.93,845,856.28,5444.159
1788263100000,856.28,864.89,855.6,857.59,2477.369
1788264000000,857.59,858.99,854.88,857.01,1309.727
1788264900000,857.01,861.98,854.55,856.36,1681.091
1788265800000,856.36,856.91,842.38,848.8,3544.887
1788266700000,848.8,851.8,846.18,846.48,2957.051
1788267600000,846.48,848,839.24,847.09,2123.528
1788268500000,847.09,849.02,844.78,846.59,997.51
1788269400000,846.59,850.39,840.8,848.4,2037.652
1788270300000,848.4,859.79,848,852.64,3007.173
1788271200000,852.64,863.81,851.69,857.46,1857.067
1788272100000,857.46,859.97,853.28,854.39,2620.173
1788273000000,854.39,857.71,852.6,857.6,622.914
1788273900000,857.6,861.71,852.08,853.38,1736.122
1788274800000,853.38,853.78,844.8,846.78,3593.176
1788275700000,846.78,854.16,844.71,853.99,1222.782
1788276600000,853.99,857.32,851.57,856.77,2300.751
1788277500000,856.77,858.46,852.88,853.27,1155.336
1788278400000,853.27,855,846.2,846.68,3911.693
1788279300000,846.68,849.59,833.07,840.46,3382.623
1788280200000,840.46,842.6,831.63,834.59,3282.459
1788281100000,834.59,840.74,834.46,838.07,1558.97
1788282000000,838.07,839.99,835.81,835.81,1546.032
1788282900000,835.81,839.07,833.71,836.41,691.734
1788283800000,836.41,840.07,835.81,836.38,1220.488
1788284700000,836.38,837.85,827.55,828.59,1919.268
1788285600000,828.59,831.9,823,824.97,1941.034
1788286500000,824.97,826,818.46,823.98,3527.406
1788287400000,823.98,828,817.75,820.29,2243.983
1788288300000,820.29,832.46,818.93,828.72,2778.298
1788289200000,828.72,830.98,825.2,826.52,859.838
1788290100000,826.52,833.27,825.41,831.89,1992.81
1788291000000,831.89,834.7,828.88,831.11,925.426
1788291900000,831.11,831.79,827.84,830.8,2083.208
1788292800000,830.8,831.34,825.2,829.4,897.755
1788293700000,829.4,829.78,822.03,825.75,2086.548
1788294600000,825.75,828.19,822.51,823.17,849.356
1788295500000,823.17,827.13,821.17,826.49,1617.71
1788296400000,826.49,826.69,818.8,819.89,2594.823
1788297300000,819.89,825.31,816.99,823.85,1869.884
1788298200000,823.85,824.01,818.87,821.26,997.886
1788299100000,821.26,824.73,821.03,822.39,698.392
1788300000000,822.39,825.59,821.61,824.78,2128.183
1788300900000,824.78,825.6,822.67,822.98,1573.83
1788301800000,822.98,826.91,822.98,825.51,2367.085
1788302700000,825.51,829.72,825.51,827.15,1402.21
1788303600000,827.15,829.39,826.43,826.43,1511.539
1788304500000,826.43,828.42,824.76,828.34,902.418
1788305400000,828.34,831.4,827.77,830.47,2470.934
1788306300000,830.47,831.8,828.81,829.43,817.857
1788307200000,829.43,833.56,829.43,832.21,1417.317
1788308100000,832.21,833.8,829.6,829.6,357.547
1788309000000,829.6,831.33,825.41,825.78,1632.164
1788309900000,825.78,831.36,825.77,829.69,343.729
1788310800000,829.69,831.82,825.87,829.89,782.508
1788311700000,829.89,830.55,826,826.03,508.134
1788312600000,826.03,828.74,821.4,822.32,1224.231
1788313500000,822.32,823.11,818.61,821.23,1761.418
1788314400000,821.23,827,818.2,824.37,2026.188
1788315300000,824.37,833.2,824.15,832.69,2079.759
1788316200000,832.69,833.62,829.84,831,971.743
1788317100000,831,833.28,830.41,832.29,713.955
1788318000000,832.29,838.93,832.11,836.94,1103.932
1788318900000,836.94,841.9,835.81,838.41,1232.636
1788319800000,838.41,840.13,836.36,839.63,635.933
1788320700000,839.63,841.6,838.2,839.17,1283.438
1788321600000,839.17,839.4,831.47,833.86,1894.683
1788322500000,833.86,836,831.65,834.94,792.227
1788323400000,834.94,838,834.63,837.39,1193.371
1788324300000,837.39,839.02,836.4,837.62,953.288
1788325200000,837.62,839.19,835.18,838.39,1105.822
1788326100000,838.39,841.56,838.3,839.33,863.179
1788327000000,839.33,839.45,835.28,837.16,1759.47
1788327900000,837.16,838.65,834.79,835.4,772.546
1788328800000,835.4,836.33,831.63,832.31,1501.674
1788329700000,832.31,836.2,828.43,834.4,2534.221
1788330600000,834.4,838.61,832.8,837.1,1402.836
1788331500000,837.1,838.91,833.83,835.91,702.559
1788332400000,835.91,839.82,835.2,839.42,3304.808
1788333300000,839.42,839.42,834.6,834.78,2007.438
1788334200000,834.78,836.42,834.4,834.4,1637.975
1788335100000,834.4,836.13,832.67,833.89,420.813
1788336000000,833.89,834.4,830,830.16,1870.248
1788336900000,830.16,832.76,830.16,830.56,2106.445
1788337800000,830.56,830.56,822.29,822.6,1458.301
1788338700000,822.6,824.64,817.66,820.79,1770.654
1788339600000,820.79,828.34,820.26,823.94,2685.751
1788340500000,823.94,824.79,819,822.97,2487.157
1788341400000,822.97,823.33,802.61,806.55,8838.213
1788342300000,806.55,810.57,805.22,809.87,2612.564
1788343200000,809.87,810.01,801.82,804.29,2363.959
1788344100000,804.29,806,803.21,804.26,1318.994
1788345000000,804.26,806.2,802,805.63,1076.431
1788345900000,805.63,805.94,792.2,801.24,5786.079
1788346800000,801.24,801.24,792.56,794.71,2408.708
1788347700000,794.71,795.2,787.94,790.2,2320.044
1788348600000,790.2,795.67,788.44,793.48,8703.17
1788349500000,793.48,799.27,792.62,798.67,3469.861
1788350400000,798.67,801.14,792.98,794.03,1581.369
1788351300000,794.03,805.06,792.25,803,2745.19
1788352200000,803,803.6,798.14,800.27,1520.597
1788353100000,800.27,800.27,793.6,794.65,2239.74
1788354000000,794.65,801.35,794.65,798.18,2307.908
1788354900000,798.18,803.4,798.11,800.84,1092.336
1788355800000,800.84,815.99,798.29,814.79,2082.956
1788356700000,814.79,818.65,806.74,809.63,2805.133
1788357600000,809.63,814.03,807.58,812.65,929.083
1788358500000,812.65,817.16,809.63,815.65,1273.601
1788359400000,815.65,817.63,809.47,816.6,1946.261
1788360300000,816.6,818.8,811.39,812.03,1397.873
1788361200000,812.03,814.8,805.07,806.43,1620.811
1788362100000,806.43,813.38,806.43,811.8,938.537
1788363000000,811.8,817.32,810.49,816.24,1150.313
1788363900000,816.24,816.55,811.67,814.59,1191.917
1788364800000,814.59,817.41,811.5,816.85,998.195
1788365700000,816.85,821,814.6,817.25,1034.636
1788366600000,817.25,818.43,812.81,812.81,516.902
1788367500000,812.81,816.02,810.9,812.65,461.338
1788368400000,812.65,813.85,806.24,807.05,909.291
1788369300000,807.05,808.72,804.81,808,811.728
1788370200000,808,812.23,807.58,812.11,905.847
1788371100000,812.11,814.2,811.52,812.86,251.174
1788372000000,812.86,814.2,811.21,813.2,428.664
1788372900000,813.2,815.13,810.53,810.53,522.178
1788373800000,810.53,812.25,809.6,811.55,268.213
1788374700000,811.55,813.4,811.12,812.35,128.971
1788375600000,812.35,813.14,810.19,812.44,275.612
1788376500000,812.44,812.85,807.21,807.32,213.348
1788377400000,807.32,811.04,805.5,810.98,646.171
1788378300000,810.98,813.09,808.05,812.21,806.264
1788379200000,812.21,818.77,810.84,813.02,639.339
1788380100000,813.02,816.09,808.74,813.15,424.252
1788381000000,813.15,815.39,811.91,812.09,521.243
1788381900000,812.09,814.66,809.54,813.6,539.672
1788382800000,813.6,814.15,810.98,813.2,343.427
1788383700000,813.2,813.59,810.96,811.4,242.93
1788384600000,811.4,818.99,809.97,816.15,548.185
1788385500000,816.15,817.2,812.65,813.67,303.85
1788386400000,813.67,814.32,810.08,811.37,888.095
1788387300000,811.37,812.52,809.8,811.72,313.284
1788388200000,811.72,812.1,810.07,810.58,221.161
1788389100000,810.58,811.95,808.73,808.96,715.907
1788390000000,808.96,815.67,808.75,815.33,1155.256
1788390900000,815.33,815.6,812.07,813.43,768.584
1788391800000,813.43,814.8,810.71,811.21,337.865
1788392700000,811.21,816.98,811,815.2,443.885
1788393600000,815.2,817,812.6,812.79,725.594
1788394500000,812.79,812.95,810.04,810.31,653.766
1788395400000,810.31,812.2,806.01,810.06,1198.134
1788396300000,810.06,811.22,808.36,808.39,446.948
1788397200000,808.39,817.22,804.81,816.56,1162.681
1788398100000,816.56,819.33,815.6,819.3,495.88
1788399000000,819.3,822.52,815.92,816.92,991.247
1788399900000,816.92,817.51,813.46,814.25,537.35
1788400800000,814.25,819.48,813.8,819.12,506.771
1788401700000,819.12,821.34,818.01,820.35,482.91
1788402600000,820.35,827.6,819.55,824.02,1384.686
1788403500000,824.02,826.37,823.02,824.04,829.032
1788404400000,824.04,824.2,819.8,822.45,380.979
1788405300000,822.45,823.74,818.85,818.85,603.593
1788406200000,818.85,820.75,816.98,817.21,904.784
1788407100000,817.21,819.8,817.01,818.82,230.526
1788408000000,818.82,822.34,817.8,818.07,515.054
1788408900000,818.07,818.19,815.66,817.34,504.789
1788409800000,817.34,818.29,815.15,816.03,394.926
1788410700000,816.03,825.5,815.92,823.37,756.212
1788411600000,823.37,824.83,820.26,822.06,529.867
1788412500000,822.06,822.1,812.6,815.55,1074.451
1788413400000,815.55,823.17,814.98,822.63,644.813
1788414300000,822.63,829.08,821.52,826.29,1225.815
1788415200000,826.29,829.63,825.24,829.2,1126.428
1788416100000,829.2,834,829.07,829.78,1053.826
1788417000000,829.78,833.78,828.68,833.25,481.265
1788417900000,833.25,833.39,830.3,830.79,603.182
1788418800000,830.79,837.2,830.4,833.45,1468.887
1788419700000,833.45,834.25,828.76,830.04,1268.936
1788420600000,830.04,833.88,826.47,830.8,792.921
1788421500000,830.8,831.18,825.1,826.89,849.948
1788422400000,826.89,832.62,826.89,830.03,702.897
1788423300000,830.03,830.6,827.2,829.33,321.446
1788424200000,829.33,830.1,827.16,827.8,354.518
1788425100000,827.8,829.6,826.2,828.28,332.143
1788426000000,828.28,832.02,827.7,830.65,507.241
1788426900000,830.65,831.65,828.18,828.22,1869.359
1788427800000,828.22,830.38,827.41,829.59,376.513
1788428700000,829.59,830.98,827.45,828.62,330.004
1788429600000,828.62,832.13,828.24,829.37,573.862
1788430500000,829.37,833.45,828.65,829.99,374.428
1788431400000,829.99,831.33,827.12,828.1,413.425
1788432300000,828.1,832.8,828.04,832.52,261.613
1788433200000,832.52,835.63,830.88,835.29,835.188
1788434100000,835.29,844.8,835.29,844.09,1894.25
1788435000000,844.09,847.32,841.73,844,1563.898
1788435900000,844,846,840.3,845.06,779.639
1788436800000,845.06,846,841.93,845.4,622.084
1788437700000,845.4,848.08,841.59,841.63,1213.986
1788438600000,841.63,849.65,841.63,843.63,1428.294
1788439500000,843.63,848.6,842.17,846.36,1351.049
1788440400000,846.36,847.82,843.53,847.4,869.905
1788441300000,847.4,849.37,845.3,849.17,760.22
1788442200000,849.17,858.63,848.6,857.54,4313.002
1788443100000,857.54,858.24,852.18,855.79,2264.492
1788444000000,855.79,863.55,854.06,862.94,2621.075
1788444900000,862.94,864.8,859.06,862.84,2139.152
1788445800000,862.84,865.82,857.26,858.38,3114.955
1788446700000,858.38,875.33,858.07,872.08,6334.243
1788447600000,872.08,876.59,864.8,871.61,7095.937
1788448500000,871.61,917.33,870.6,914.42,20988.578
1788449400000,914.42,929.98,910.58,925.52,11905.085
1788450300000,925.52,970,918.12,955.11,16269.971
1788451200000,955.11,958.36,935.63,946.53,7117.737
1788452100000,946.53,946.53,933.2,937.2,4191.311
1788453000000,937.2,942.6,935.13,940.97,1691.154
1788453900000,940.97,951.64,939.8,941.05,2925.969
1788454800000,941.05,948.62,937.23,946.74,1573.655
1788455700000,946.74,950.82,940.36,944.32,2467.507
1788456600000,944.32,953.98,942.25,948.36,1986.706
1788457500000,948.36,953.19,946.16,947.83,1494.237
1788458400000,947.83,956.39,946.14,954.69,1886.625
1788459300000,954.69,968.37,952.67,958.24,3960.089
1788460200000,958.24,965.52,956.2,958.81,3643.164
1788461100000,958.81,965.1,956.33,964.01,2353.224
1788462000000,964.01,977.78,959.08,960.91,5022.962
1788462900000,960.91,977.74,960.6,967.8,3818.959
1788463800000,967.8,979.5,963.01,976.01,2757.045
1788464700000,976.01,976.93,964.2,966.39,2672.47
1788465600000,966.39,971.43,958.33,965,3718.372
1788466500000,965,968.25,959.66,965.61,1125.571
1788467400000,965.61,966.25,956.65,958.94,877.087
1788468300000,958.94,961.46,954.23,955.8,843.798
1788469200000,955.8,962.08,955.78,961.2,953.125
1788470100000,961.2,962.94,956.28,961.6,1050.107
1788471000000,961.6,969.6,954.34,954.51,1508.612
1788471900000,954.51,954.94,946.45,949.97,1676.155
1788472800000,949.97,951.6,943.89,947.8,1483.92
1788473700000,947.8,948.75,937.26,938.65,1326.614
1788474600000,938.65,948.8,937.48,946.39,2128.829
1788475500000,946.39,952.48,944.71,952.14,1021.271
1788476400000,952.14,954.2,943.91,944.89,1356.16
1788477300000,944.89,950.74,944.63,947.76,1441.683
1788478200000,947.76,954.56,947.76,949.98,911.948
1788479100000,949.98,953.26,949.22,952.28,995.794
1788480000000,952.28,953.47,942.91,946,1131.365
1788480900000,946,947.32,941.26,942.95,1307.221
1788481800000,942.95,951.98,942.95,945.43,1333.249
1788482700000,945.43,946.08,937.21,938.57,1661.133
1788483600000,938.57,943,937.43,937.97,807.05
1788484500000,937.97,943.69,936.88,938.94,683.13
1788485400000,938.94,940.38,932.21,934.78,1456.946
1788486300000,934.78,942.86,933.83,940.02,1050.602
1788487200000,940.02,941.8,936.71,939.19,728.292
1788488100000,939.19,942.74,936.81,937.8,684.011
1788489000000,937.8,939.52,935.01,936,323.22
1788489900000,936,939.34,934,938.97,388.268
1788490800000,938.97,951.48,938.88,947.23,2418.846
1788491700000,947.23,948.1,942.71,944.61,659.541
1788492600000,944.61,948.65,942.27,948.57,516.327
1788493500000,948.57,948.57,944.9,944.9,269.789
1788494400000,944.9,950,944.84,950,944.435
1788495300000,950,956.07,947.42,954.17,2211.123
1788496200000,954.17,954.87,948.43,948.85,806.913
1788497100000,948.85,950.5,946.54,946.75,334.418
1788498000000,946.75,951.55,944.55,950.2,848.074
1788498900000,950.2,959.2,949.74,953.24,1833.663
1788499800000,953.24,957.31,951.85,957,1130.546
1788500700000,957,962.07,952.2,956.33,1182.003
1788501600000,956.33,957.52,953.41,955.47,485.011
1788502500000,955.47,956.69,948.99,949.58,551.53
1788503400000,949.58,954.8,947.48,954.29,824.908
1788504300000,954.29,959.69,952.69,958.09,652.091
1788505200000,958.09,974.16,957.53,968.95,5099.782
1788506100000,968.95,976.68,966.88,972.13,2035.454
1788507000000,972.13,977.73,964.31,969.64,4555.368
1788507900000,969.64,973.23,964.6,967.26,1913.88
1788508800000,967.26,971.75,965.81,969.42,1493.443
1788509700000,969.42,969.88,964.8,966.95,1137.465
1788510600000,966.95,974.27,966.06,971.24,1441.654
1788511500000,971.24,1028.96,968.41,1022.45,23155.101
1788512400000,1022.45,1025.94,1003.6,1008.99,9421.646
1788513300000,1008.99,1014.96,999.58,1003.66,7272.335
1788514200000,1003.66,1006.8,995.46,1001.8,4818.196
1788515100000,1001.8,1007.29,1000.5,1003.33,2116.858
1788516000000,1003.33,1004.4,996.37,997.83,1818.763
1788516900000,997.83,998.1,987.43,994.6,3063.567
1788517800000,994.6,1005,991.6,1000.52,3016.671
1788518700000,1000.52,1006.39,999.8,1002.94,1355.896
1788519600000,1002.94,1003.8,996.82,1001.17,1727.478
1788520500000,1001.17,1005.69,999.6,1003.86,1625.849
1788521400000,1003.86,1011.96,1002.25,1008.31,2384.033
1788522300000,1008.31,1013.99,1008,1009.83,1415.483
1788523200000,1009.83,1011.41,1006.49,1009.12,1253.836
1788524100000,1009.12,1021.31,1004.8,1016.2,3913.595
1788525000000,1016.2,1016.2,969,981.19,18917.603
1788525900000,981.19,994,978,986.04,12194.355
1788526800000,986.04,991.34,960.34,968.31,5450.915
1788527700000,968.31,979.6,965.6,975.51,2982.208
1788528600000,975.51,992.2,966.49,987.27,4917.666
1788529500000,987.27,1003.29,986.12,986.79,6788.617
1788530400000,986.79,991.52,971.6,979.57,2670.689
1788531300000,979.57,988.32,973.41,983.99,1696.499
1788532200000,983.99,985.94,965.36,969.05,2423.202
1788533100000,969.05,977.72,966.4,974.01,1993.917
1788534000000,974.01,986.95,970.51,986.59,2389.403
1788534900000,986.59,987.82,980.4,981.73,1073.26
1788535800000,981.73,985.77,974.61,984.88,909.762
1788536700000,984.88,986.46,980.56,986.06,982.942
1788537600000,986.06,998.8,984.6,990.81,3598.951
1788538500000,990.81,1003.34,990.81,1001.16,1855.43
1788539400000,1001.16,1027.77,1001.16,1019.6,6501.625
1788540300000,1019.6,1047.2,1017.37,1032.56,8241.117
1788541200000,1032.56,1051.47,1032.37,1036.77,5945.676
1788542100000,1036.77,1038.42,1008.46,1018.8,5462.784
1788543000000,1018.8,1025.8,1010.65,1013.92,2842.678
1788543900000,1013.92,1013.92,995.44,1006.91,6193.103
1788544800000,1006.91,1017.32,1006.91,1009.55,2824.07
1788545700000,1009.55,1018.64,1009.41,1017.74,1347.002
1788546600000,1017.74,1030,1017.2,1027.09,2288.806
1788547500000,1027.09,1028.81,1023.87,1024.43,836.383
1788548400000,1024.43,1028.93,1019.8,1025.02,1108.583
1788549300000,1025.02,1038.95,1024.6,1034.72,2577.047
1788550200000,1034.72,1036.67,1030.81,1034.7,812.227
1788551100000,1034.7,1040.58,1032.8,1038.66,1366.993
1788552000000,1038.66,1042.5,1035.49,1035.77,1447.211
1788552900000,1035.77,1037.81,1029.89,1033.68,1041.098
1788553800000,1033.68,1039.98,1029.56,1032.66,1240.454
1788554700000,1032.66,1034.21,1017.28,1022.92,1787.999
1788555600000,1022.92,1027.14,1021.6,1022.01,964.242
1788556500000,1022.01,1031.15,1019.67,1020.97,1324.477
1788557400000,1020.97,1021.88,1015.55,1019.1,1024.384
1788558300000,1019.1,1020.66,1013.6,1017.21,640.755
1788559200000,1017.21,1023.6,1011.6,1016.96,1539.586
1788560100000,1016.96,1024.3,1016.4,1021.66,781.801
1788561000000,1021.66,1023.98,1018.76,1020.05,608.017
1788561900000,1020.05,1027.5,1020.05,1021.99,520.83
1788562800000,1021.99,1030.6,1021.4,1026.77,641.536
1788563700000,1026.77,1033.38,1024.83,1025.68,716.15
1788564600000,1025.68,1029.8,1016.53,1027.32,1160.335
1788565500000,1027.32,1028.6,1022.48,1022.58,507.784
1788566400000,1022.58,1025.35,1018.21,1021.3,997.691
1788567300000,1021.3,1021.3,1013.86,1017.43,896.661
1788568200000,1017.43,1025.11,1016.47,1021.71,628.04
1788569100000,1021.71,1024.49,1016.01,1017.91,1128.462
1788570000000,1017.91,1022.03,1014.2,1017.72,1020.759
1788570900000,1017.72,1019.25,1014.6,1017.8,841.434
1788571800000,1017.8,1019.67,1016.15,1019.06,601.96
1788572700000,1019.06,1019.24,1011.69,1011.95,994.515
1788573600000,1011.95,1016.96,1009.2,1014.73,924.956
1788574500000,1014.73,1020.21,1014.37,1018.2,783.557
1788575400000,1018.2,1026.79,1018.2,1026.79,740.952
1788576300000,1026.79,1029.8,1024.04,1029.49,876.022
1788577200000,1029.49,1036.58,1022.65,1025.42,1431.523
1788578100000,1025.42,1031.94,1022.9,1029.24,772.434
1788579000000,1029.24,1030.04,1024.61,1028.48,342.307
1788579900000,1028.48,1028.6,1023.14,1023.86,564.807
1788580800000,1023.86,1027.47,1022.3,1024.19,1594.517
1788581700000,1024.19,1025,1022.4,1023.35,425.07
1788582600000,1023.35,1023.8,1016.08,1017.64,1043.087
1788583500000,1017.64,1019.61,1013.15,1015.2,1179.536
1788584400000,1015.2,1022.4,1009.12,1021.16,2284.523
1788585300000,1021.16,1022.14,1017.59,1021.86,487.325
1788586200000,1021.86,1026.2,1019.46,1019.69,773.125
1788587100000,1019.69,1019.98,1014.42,1014.83,1257.171
1788588000000,1014.83,1020.98,1011.29,1014,1525.151
1788588900000,1014,1015.6,1011.21,1013.64,407.062
1788589800000,1013.64,1018.6,1013.2,1014.75,563.501
1788590700000,1014.75,1017.1,1012.2,1015.9,1140.224
1788591600000,1015.9,1017.71,1006.34,1006.45,2256.636
1788592500000,1006.45,1012,1006.45,1009.73,1829.212
1788593400000,1009.73,1012.3,1006.34,1008.35,789.975
1788594300000,1008.35,1011.4,1000.3,1001.51,2306.007
1788595200000,1001.51,1007.49,997.03,1005.22,2182.396
1788596100000,1005.22,1007.51,1002.55,1006.22,1075.339
1788597000000,1006.22,1006.42,999,1003.85,990.823
1788597900000,1003.85,1005.4,999.62,1004.52,853.657
1788598800000,1004.52,1011.27,1004.22,1009.66,1830.321
1788599700000,1009.66,1009.8,1005.14,1008.4,399.661
1788600600000,1008.4,1011.8,1005.93,1010.29,943.343
1788601500000,1010.29,1011.58,1006.62,1009.17,1006.752
1788602400000,1009.17,1011.56,1007.9,1008.74,378.505
1788603300000,1008.74,1012.42,1007.08,1012.12,963.076
1788604200000,1012.12,1014.37,1009.81,1010.9,1140.959
1788605100000,1010.9,1012.19,1009.4,1009.56,406.852
1788606000000,1009.56,1010.74,1003.45,1006.02,2203.548
1788606900000,1006.02,1009,1004.01,1008.94,1034.7
1788607800000,1008.94,1011.51,1007.04,1007.93,1024.116
1788608700000,1007.93,1014.08,1007.35,1013.94,758.615
1788609600000,1013.94,1018.99,1012.44,1012.82,1352.953
1788610500000,1012.82,1013.67,1008.94,1009.03,488.324
1788611400000,1009.03,1017.01,1007.5,1011.6,983.568
1788612300000,1011.6,1014.06,1008.48,1013.36,1150.372
1788613200000,1013.36,1015.2,1011.34,1014.19,566.133
1788614100000,1014.19,1023.09,1013.61,1015.89,1664.127
1788615000000,1015.89,1020,1013.41,1015.01,1152.71
1788615900000,1015.01,1017.73,1010.2,1013.2,830.294
1788616800000,1013.2,1016.09,1011.22,1011.69,523.521
1788617700000,1011.69,1013.6,1008.5,1011.66,926.005
1788618600000,1011.66,1017.81,1011.4,1013.16,1068.979
1788619500000,1013.16,1016.27,1012.2,1012.8,612.702
1788620400000,1012.8,1019.49,1012.79,1018.35,857.761
1788621300000,1018.35,1021.87,1016.2,1016.95,1117.746
1788622200000,1016.95,1018.09,1013.8,1016.82,763.526
1788623100000,1016.82,1018.2,1014.4,1015.14,365.287
1788624000000,1015.14,1027.05,1014.68,1023.9,1420.01
1788624900000,1023.9,1025.6,1020.68,1021.65,660.555
1788625800000,1021.65,1026.21,1020.97,1021.62,798.916
1788626700000,1021.62,1044.18,1019.19,1034.45,4154.79
1788627600000,1034.45,1039.15,1033.6,1035.6,1922.038
1788628500000,1035.6,1035.87,1022.03,1026.99,1704.581
1788629400000,1026.99,1032.2,1024.63,1028.8,1005.057
1788630300000,1028.8,1030.14,1025.04,1028.79,877.955
1788631200000,1028.79,1031.88,1025.85,1029.39,1849.987
1788632100000,1029.39,1035.13,1025.52,1026.35,1714.985
1788633000000,1026.35,1028.95,1022.01,1024.78,1867.812
1788633900000,1024.78,1027.4,1021.95,1023.93,717.579
1788634800000,1023.93,1027.23,1015.86,1021.13,1311.38
1788635700000,1021.13,1024.8,1019.6,1019.77,393.197
1788636600000,1019.77,1022.15,1010.72,1015.8,1514.044
1788637500000,1015.8,1017.5,1011.31,1014.52,1024.505
1788638400000,1014.52,1014.77,1008,1010.22,1067.933
1788639300000,1010.22,1012.18,1006.24,1007.59,994.55
1788640200000,1007.59,1012.17,1003.67,1010.56,977.44
1788641100000,1010.56,1011.99,1007.6,1008.13,592.51
1788642000000,1008.13,1014.8,1007.1,1013.3,968.755
1788642900000,1013.3,1013.78,1011.43,1011.6,400.838
1788643800000,1011.6,1016.31,1010.5,1014.8,298.93
1788644700000,1014.8,1017.3,1012.62,1015.38,428.917
1788645600000,1015.38,1019.23,1013.44,1018.81,1081.167
1788646500000,1018.81,1019.15,1014.81,1016.82,535.292
1788647400000,1016.82,1019.19,1016.78,1018,198.222
1788648300000,1018,1021.37,1017.2,1018.48,288.542
1788649200000,1018.48,1022.26,1017.09,1017.51,408.001
1788650100000,1017.51,1024.09,1016.6,1023.15,701.839
1788651000000,1023.15,1027.14,1021.04,1022.6,575.185
1788651900000,1022.6,1026.39,1022.56,1025.31,649.227
1788652800000,1025.31,1027.5,1022.8,1026.25,361.815
1788653700000,1026.25,1037.66,1025.95,1033.48,1508.377
1788654600000,1033.48,1034.21,1028.91,1031.92,815.345
1788655500000,1031.92,1032.2,1027.93,1029.07,711.556
1788656400000,1029.07,1085,1028.99,1075.69,14327.407
1788657300000,1075.69,1080,1068.89,1070.35,2429.296
1788658200000,1070.35,1076.17,1065.9,1067.72,1389.531
1788659100000,1067.72,1071.81,1060.78,1061.72,1996.827
1788660000000,1061.72,1073.27,1061.72,1064.02,1901.801
1788660900000,1064.02,1068.14,1062.46,1063.27,891.301
1788661800000,1063.27,1067.34,1061.71,1063.2,432.509
1788662700000,1063.2,1067.04,1061.71,1064.43,423.324
1788663600000,1064.43,1066.85,1062.01,1064.61,1257.798
1788664500000,1064.61,1071.62,1062.81,1064.21,1200.954
1788665400000,1064.21,1072.8,1062.64,1069.37,1101.54
1788666300000,1069.37,1078.87,1068.37,1073.02,1158.096
1788667200000,1073.02,1075.42,1070.1,1073.06,517.44
1788668100000,1073.06,1075.17,1064.36,1067.79,1554.537
1788669000000,1067.79,1133.95,1067.06,1113.88,10520.419
1788669900000,1113.88,1177.11,1110.2,1139.19,12724.545
1788670800000,1139.19,1158.97,1132.92,1149.02,5152.349
1788671700000,1149.02,1159.24,1147.01,1154.45,3396.76
1788672600000,1154.45,1194.94,1150.61,1181.71,11925.635
1788673500000,1181.71,1181.94,1157.51,1167.36,5062.464
1788674400000,1167.36,1175,1154.96,1171.89,3002.882
1788675300000,1171.89,1175.53,1164.4,1169.62,1800.317
1788676200000,1169.62,1177.99,1165.8,1174.17,2177.192
1788677100000,1174.17,1183.39,1171,1178.07,4275.381
1788678000000,1178.07,1179.61,1155.8,1164.31,4351.996
1788678900000,1164.31,1169.5,1159.3,1161.33,3037.359
1788679800000,1161.33,1165.32,1150.02,1156.48,3713.463
1788680700000,1156.48,1164.04,1154.52,1162.44,2426.102
1788681600000,1162.44,1177.63,1160.63,1170.65,6857.725
1788682500000,1170.65,1175.4,1160.24,1163.8,1493.409
1788683400000,1163.8,1176.8,1161.77,1167.9,2231.436
1788684300000,1167.9,1173.18,1163.2,1171.79,3355.784
1788685200000,1171.79,1222,1167,1191.91,10420.967
1788686100000,1191.91,1213.92,1185.07,1197.88,10142.362
1788687000000,1197.88,1198.17,1180.22,1183.01,6179.504
1788687900000,1183.01,1186.64,1178.63,1182.56,2220.069
1788688800000,1182.56,1190.49,1180.71,1182.6,2034.723
1788689700000,1182.6,1188.02,1181.8,1184.87,1055.275
1788690600000,1184.87,1188.59,1179.25,1183.91,2219.07
1788691500000,1183.91,1191.33,1182.47,1185.92,1448.856
1788692400000,1185.92,1188.46,1183.62,1187.02,1044.075
1788693300000,1187.02,1187.31,1156.9,1172.01,5434.087
1788694200000,1172.01,1176,1163.93,1173.8,2711.049
1788695100000,1173.8,1191,1172.3,1184.16,4105.366
1788696000000,1184.16,1184.5,1168.8,1171.44,3101.019
1788696900000,1171.44,1181.4,1170.7,1177.4,1137.289
1788697800000,1177.4,1177.7,1166.14,1166.2,1391.395
1788698700000,1166.2,1171.98,1165.48,1170.8,1656.961
1788699600000,1170.8,1184.36,1168.5,1181.43,2524.114
1788700500000,1181.43,1210,1177.9,1182.2,5963.356
1788701400000,1182.2,1192.65,1180.56,1184.53,2171.939
1788702300000,1184.53,1186.86,1178.49,1180.28,2214.624
1788703200000,1180.28,1185.2,1171.76,1176.77,2709.245
1788704100000,1176.77,1179.2,1138.92,1155.6,8948.751
1788705000000,1155.6,1163.6,1123.4,1159.11,9497.438
1788705900000,1159.11,1169.28,1150.99,1161.87,4593.574
1788706800000,1161.87,1162.41,1152.09,1160.11,2585.04
1788707700000,1160.11,1164.4,1156.18,1163.76,1302.435
1788708600000,1163.76,1169.2,1160.4,1163.94,1314.823
1788709500000,1163.94,1174.2,1162.83,1167.33,1638.325
1788710400000,1167.33,1178.2,1164.76,1175.18,2209.573
1788711300000,1175.18,1179,1171,1177.09,1069.213
1788712200000,1177.09,1186.29,1168.27,1178.31,3454.842
1788713100000,1178.31,1182,1176.07,1182,512.396
1788714000000,1182,1195,1179.8,1184.59,4062.824
1788714900000,1184.59,1211.06,1183.55,1186.61,6790.228
1788715800000,1186.61,1240.6,1185.43,1223.05,14436.902
1788716700000,1223.05,1225,1196.77,1206.21,7362.006
1788717600000,1206.21,1220.92,1202.18,1216.79,3670.971
1788718500000,1216.79,1234,1213.23,1221.21,5263.908
1788719400000,1221.21,1235.94,1216.23,1228.56,3789.596
1788720300000,1228.56,1233.4,1218.39,1224.85,2975.236
1788721200000,1224.85,1227.6,1215.2,1218.16,2137.278
1788722100000,1218.16,1224.3,1207.15,1221.93,2245.357
1788723000000,1221.93,1223.4,1214.06,1215.62,816.352
1788723900000,1215.62,1219.68,1211.06,1213.77,1172.427
1788724800000,1213.77,1220.29,1210.93,1216.47,1280.159
1788725700000,1216.47,1223,1212.01,1216,1159.295
1788726600000,1216,1219.8,1212.29,1219.6,2108.755
1788727500000,1219.6,1227.6,1213.6,1222.61,1326.955
1788728400000,1222.61,1231.28,1215.81,1224.6,2233.459
1788729300000,1224.6,1236.62,1221,1235.55,4110.393
1788730200000,1235.55,1253.56,1225.1,1238.6,5789.179
1788731100000,1238.6,1256.49,1237.66,1245.26,4550.106
1788732000000,1245.26,1245.8,1213.6,1218.15,6353.846
1788732900000,1218.15,1225.6,1211.59,1216.02,2414.526
1788733800000,1216.02,1226.65,1216.02,1222.8,1578.972
1788734700000,1222.8,1231.61,1219.8,1229.49,2110.538
1788735600000,1229.49,1244.2,1226.98,1239.04,2103.448
1788736500000,1239.04,1239.04,1225.09,1226.57,2652.5
1788737400000,1226.57,1229.18,1222,1226.76,2072.848
1788738300000,1226.76,1231.91,1224.6,1226.38,1334.166
1788739200000,1226.38,1229.39,1217.83,1220.2,2116.601
1788740100000,1220.2,1223.98,1214.99,1215.61,2554.243
1788741000000,1215.61,1217.6,1191.4,1198.41,6872.909
1788741900000,1198.41,1202.2,1186.22,1195.99,5480.423
1788742800000,1195.99,1196,1174.52,1184.63,3833.434
1788743700000,1184.63,1189.38,1178.62,1188.8,2291.716
1788744600000,1188.8,1189.26,1179.27,1181.2,1158.211
1788745500000,1181.2,1184.78,1169.2,1183.12,2764.877
1788746400000,1183.12,1188.12,1180.02,1186.83,1220.997
1788747300000,1186.83,1187.2,1183.07,1184.62,875.982
1788748200000,1184.62,1198.17,1178.46,1195.99,2648.421
1788749100000,1195.99,1195.99,1186,1189.8,939.817
1788750000000,1189.8,1192.95,1182.2,1191.6,1532.914
1788750900000,1191.6,1194.33,1183.91,1187.27,1229.649
1788751800000,1187.27,1191.2,1183.71,1188.93,934.377
1788752700000,1188.93,1193.99,1186.51,1190.7,1020.024
1788753600000,1190.7,1193.7,1183.22,1188.71,1147.308
1788754500000,1188.71,1194.48,1187.43,1192.91,1132.174
1788755400000,1192.91,1198,1188.46,1190.6,1013.536
1788756300000,1190.6,1194.09,1188.84,1192.87,817.736
1788757200000,1192.87,1222.52,1191.29,1213.77,7949.749
1788758100000,1213.77,1218.39,1205.8,1207.72,2238.377
1788759000000,1207.72,1213.05,1205.61,1209.17,916.766
1788759900000,1209.17,1210.4,1188.16,1197.98,2243.819
1788760800000,1197.98,1217.77,1195.29,1211.72,3269.278
1788761700000,1211.72,1216.2,1208.45,1210.62,1053.257
1788762600000,1210.62,1214.8,1208.7,1209.81,875.029
1788763500000,1209.81,1212.89,1203.14,1208.29,932.194
1788764400000,1208.29,1209.5,1202.3,1203.22,1741.025
1788765300000,1203.22,1204.96,1191,1191.27,1733.991
1788766200000,1191.27,1194.98,1168.23,1182.32,5179.825
1788767100000,1182.32,1187.67,1179.6,1186.16,1801.951
1788768000000,1186.16,1186.89,1176.35,1177.94,2040.256
1788768900000,1177.94,1183.56,1175.01,1180.4,1789.337
1788769800000,1180.4,1182.6,1174.01,1181.73,1849.044
1788770700000,1181.73,1184.92,1178.05,1182.2,1121.368
1788771600000,1182.2,1191.43,1178.46,1187.35,1492.774
1788772500000,1187.35,1190.54,1185.59,1189.72,691.538
1788773400000,1189.72,1190.8,1184.15,1186.86,745.518
1788774300000,1186.86,1190.39,1184.68,1187.01,880.181
1788775200000,1187.01,1190.54,1186,1188.88,771.64
1788776100000,1188.88,1203.98,1188.48,1199.8,3860.728
1788777000000,1199.8,1211,1199.54,1206.94,3375.79
1788777900000,1206.94,1210.98,1202.57,1204.57,1102.848
1788778800000,1204.57,1206.72,1188.6,1198.16,3215.023
1788779700000,1198.16,1200.46,1194.61,1198.79,1583.291
1788780600000,1198.79,1198.85,1194.53,1194.54,357.856
1788781500000,1194.54,1196.27,1190.79,1192.65,2084.074
1788782400000,1192.65,1195.6,1191.46,1193.54,637.461
1788783300000,1193.54,1196.66,1191.71,1195.61,771.503
1788784200000,1195.61,1198.6,1187.4,1193,1484.636
1788785100000,1193,1201.4,1192.25,1196.78,3296.487
1788786000000,1196.78,1197.94,1187.6,1192.58,2002.957
1788786900000,1192.58,1193.75,1182.37,1188.81,2377.494
1788787800000,1188.81,1190.5,1177.6,1181.91,2918.903
1788788700000,1181.91,1186.58,1180,1184.22,1858.498
1788789600000,1184.22,1184.33,1160.8,1173.76,5056.653
1788790500000,1173.76,1181.4,1172.59,1179,1651.538
1788791400000,1179,1179,1165.3,1169.36,3537.423
1788792300000,1169.36,1176.14,1168.5,1173.73,2556.154
1788793200000,1173.73,1173.73,1154.92,1159.63,4778.264
1788794100000,1159.63,1166.07,1155.68,1159.61,2029.933
1788795000000,1159.61,1161.86,1151.07,1157.8,3672.064
1788795900000,1157.8,1160.38,1140.94,1146.1,3949.02
1788796800000,1146.1,1156.59,1145.68,1153.2,2378.034
1788797700000,1153.2,1154.29,1146,1146.4,905.762
1788798600000,1146.4,1163.45,1145.91,1157.2,3058.29
1788799500000,1157.2,1162.8,1154.76,1159.23,1044.032
1788800400000,1159.23,1172.16,1156.8,1168.8,2218.065
1788801300000,1168.8,1173,1166.4,1170,991.53
1788802200000,1170,1171.14,1166.29,1169.03,426.183
1788803100000,1169.03,1171.6,1163.17,1167.86,766.299
1788804000000,1167.86,1169.6,1151.62,1159.21,1933.094
1788804900000,1159.21,1162.23,1156.79,1158.8,504.594
1788805800000,1158.8,1159.2,1152.64,1154,1020.899
1788806700000,1154,1160.21,1154,1156.66,284.92
1788807600000,1156.66,1156.66,1150.65,1153.4,410.028
1788808500000,1153.4,1157.86,1152.47,1157.79,235.691
1788809400000,1157.79,1166.4,1156.83,1163.75,1288.656
1788810300000,1163.75,1164.99,1161.43,1164,560.463
1788811200000,1164,1164.19,1153.65,1154.31,823.212
1788812100000,1154.31,1159.35,1154.17,1155.36,399.778
1788813000000,1155.36,1158.99,1152.94,1153.22,362.595
1788813900000,1153.22,1155.64,1151.28,1154.42,583.314
1788814800000,1154.42,1158.96,1154.42,1158.87,738.635
1788815700000,1158.87,1158.99,1155.41,1158.99,247.452
1788816600000,1158.99,1159,1146.58,1153.79,1506.894
1788817500000,1153.79,1154.41,1150.7,1151.7,387.024
1788818400000,1151.7,1157.99,1145.88,1149.87,904.729
1788819300000,1149.87,1153.22,1143.52,1146.71,1309.734
1788820200000,1146.71,1148.94,1104.41,1121.54,6815.84
1788821100000,1121.54,1132.92,1117.54,1128.97,2405.364
1788822000000,1128.97,1142.6,1128.6,1138.98,2221.548
1788822900000,1138.98,1139.97,1130.19,1134.6,971.047
1788823800000,1134.6,1139.99,1132.29,1139.33,639.048
1788824700000,1139.33,1143.75,1136.49,1139.4,1433.391
1788825600000,1139.4,1142.6,1136.4,1139.84,973.666
1788826500000,1139.84,1143.32,1133.89,1134.63,1004.685
1788827400000,1134.63,1143.2,1130.75,1135.63,1651.588
1788828300000,1135.63,1139.96,1135.33,1137.91,422.544
1788829200000,1137.91,1142.65,1133.34,1140.8,666.832
1788830100000,1140.8,1148.54,1135.21,1145.4,1441.939
1788831000000,1145.4,1147.16,1141.21,1142.5,746.072
1788831900000,1142.5,1170,1140.6,1154.52,2330.888
1788832800000,1154.52,1154.52,1145.82,1148.55,1110.652
1788833700000,1148.55,1151.81,1136.23,1140.6,1529.867
1788834600000,1140.6,1141.92,1130.71,1131.9,1094.531
1788835500000,1131.9,1134.37,1126.54,1129.8,1685.385
1788836400000,1129.8,1133.58,1125.46,1126.34,1335.205
1788837300000,1126.34,1130.64,1122.89,1126.6,1099.926
1788838200000,1126.6,1134.14,1126.26,1131,1826.213
1788839100000,1131,1134.92,1127.8,1133.87,699.277
1788840000000,1133.87,1134.4,1123,1125.8,746.73
1788840900000,1125.8,1129.82,1113.46,1128.2,2255.925
1788841800000,1128.2,1131.57,1124.83,1127.97,516.057
1788842700000,1127.97,1127.97,1121.8,1123.12,453.11
1788843600000,1123.12,1128.71,1121.15,1127,1173.784
1788844500000,1127,1142.45,1126.5,1135.66,3313.225
1788845400000,1135.66,1137.6,1128.27,1130.53,1214.2
1788846300000,1130.53,1132.31,1125.6,1127.54,754.189
1788847200000,1127.54,1139.07,1126.33,1133,1331.569
1788848100000,1133,1134.43,1128.16,1130.24,991.009
1788849000000,1130.24,1130.9,1126.2,1129.77,630.434
1788849900000,1129.77,1132.67,1123.78,1128.9,1051.711
1788850800000,1128.9,1128.9,1122.51,1123.06,686.671
1788851700000,1123.06,1129.14,1117.1,1124.03,1208.088
1788852600000,1124.03,1131.11,1121.4,1121.4,1201.08
1788853500000,1121.4,1124.73,1115.53,1124,1215.616
1788854400000,1124,1128.49,1119.18,1126.37,849.301
1788855300000,1126.37,1128.33,1119.91,1125.85,1002.22
1788856200000,1125.85,1135.94,1124.2,1132.81,1324.159
1788857100000,1132.81,1137.17,1129.51,1130.55,1108.562
1788858000000,1130.55,1132.2,1125.45,1131.31,792.357
1788858900000,1131.31,1134.87,1130,1130.83,818.591
1788859800000,1130.83,1142.2,1127.51,1140.81,2706.058
1788860700000,1140.81,1161.72,1139.45,1150.23,5939.893
1788861600000,1150.23,1154.98,1140.84,1151.92,5353.942
1788862500000,1151.92,1161.6,1149.02,1154.52,2837.623
1788863400000,1154.52,1155,1143.2,1148.21,2781.458
1788864300000,1148.21,1149.6,1146.03,1146.94,1038.616
1788865200000,1146.94,1153.74,1145.6,1152.46,2453.528
1788866100000,1152.46,1165.97,1149.2,1152.97,3013.467
1788867000000,1152.97,1173.55,1150.32,1167.96,4574.062
1788867900000,1167.96,1167.96,1152.51,1157.77,2684.858
1788868800000,1157.77,1157.77,1148.81,1149.91,1412.091
1788869700000,1149.91,1163.11,1149.91,1160.69,1065.436
1788870600000,1160.69,1160.69,1152.94,1153.15,796.664
1788871500000,1153.15,1163.33,1153.13,1159.82,1693.708
1788872400000,1159.82,1160.4,1155.2,1157.18,513.173
1788873300000,1157.18,1161.12,1154.18,1157.17,1229.301
1788874200000,1157.17,1158.48,1128.11,1138.16,7571.671
1788875100000,1138.16,1157.36,1138.16,1153.11,3412.096
1788876000000,1153.11,1167.3,1150.91,1161.59,3478.51
1788876900000,1161.59,1165.67,1155.6,1162.73,1597.63
1788877800000,1162.73,1178.71,1162.73,1176.64,4373.478
1788878700000,1176.64,1188.8,1170.1,1173.44,9157.113
1788879600000,1173.44,1182.9,1170.82,1180.37,3889.063
1788880500000,1180.37,1186,1173.92,1175.8,2060.592
1788881400000,1175.8,1186.44,1171.52,1182.2,2261.908
1788882300000,1182.2,1188.6,1179.07,1182.58,1755.133
1788883200000,1182.58,1186.82,1176.29,1179.49,1825.174
1788884100000,1179.49,1196.65,1174.62,1187.69,4153.097
1788885000000,1187.69,1211.46,1187.66,1205.43,7219.8
1788885900000,1205.43,1206.24,1187.17,1193.4,3830.112
1788886800000,1193.4,1193.6,1181.4,1185.75,3079.059
1788887700000,1185.75,1188.2,1176,1180.74,2396.223
1788888600000,1180.74,1185.99,1174.18,1174.83,1859.499
1788889500000,1174.83,1179.38,1173.6,1175.27,996.946
1788890400000,1175.27,1182.42,1174.6,1180.46,1386.033
1788891300000,1180.46,1181.7,1165,1168.91,1404.408
1788892200000,1168.91,1173.55,1165.22,1169.29,859.89
1788893100000,1169.29,1170.8,1157.26,1160,3755.698
1788894000000,1160,1162,1155.36,1156.2,1233.574
1788894900000,1156.2,1157.34,1148.52,1151.91,2047.341
1788895800000,1151.91,1157.6,1149.53,1153.46,976.826
1788896700000,1153.46,1155.4,1145.4,1147.51,1418.149
1788897600000,1147.51,1154.01,1144.91,1150.35,1678.153
1788898500000,1150.35,1150.72,1143.63,1149.88,1469.568
1788899400000,1149.88,1156.32,1148.23,1154.32,840.842
1788900300000,1154.32,1159,1153.61,1155.76,1229.14
1788901200000,1155.76,1171.31,1155.76,1168.6,2283.889
1788902100000,1168.6,1172.8,1166.4,1168.1,1411.344
1788903000000,1168.1,1170.6,1163.8,1168.6,889.424
1788903900000,1168.6,1169.95,1162.9,1163.4,308.887
1788904800000,1163.4,1172.97,1163.4,1170.73,619.034
1788905700000,1170.73,1176.67,1167.41,1173.16,812.431
1788906600000,1173.16,1178.6,1170.8,1175.64,1141.585
1788907500000,1175.64,1182.38,1175.4,1178.26,608.468
1788908400000,1178.26,1183,1178.26,1180.65,564.973
1788909300000,1180.65,1183.32,1176.62,1179.51,792.515
1788910200000,1179.51,1180,1175.71,1177.4,400.05
1788911100000,1177.4,1177.87,1175.4,1177.1,705.536
1788912000000,1177.1,1183.48,1176.37,1181.56,593.67
1788912900000,1181.56,1187,1179.74,1184.9,738.531
1788913800000,1184.9,1186.77,1180.4,1186.41,437.764
1788914700000,1186.41,1189.73,1183.68,1187.19,541.036
1788915600000,1187.19,1188.15,1183.2,1185.23,1099.164
1788916500000,1185.23,1185.6,1177.93,1178.98,550.327
1788917400000,1178.98,1186.65,1178.38,1186.31,476.807
1788918300000,1186.31,1187.46,1183.07,1184.02,1140.487
1788919200000,1184.02,1185.22,1180,1182.03,776.213
1788920100000,1182.03,1186,1178.6,1183.81,652.044
1788921000000,1183.81,1183.81,1180.65,1182.04,221.698
1788921900000,1182.04,1183.2,1179.8,1180.17,367.329
1788922800000,1180.17,1187,1178,1182.03,643.873
1788923700000,1182.03,1182.19,1172.12,1176.18,880.56
1788924600000,1176.18,1184.6,1176.18,1183.07,432.579
1788925500000,1183.07,1192.27,1182.29,1185.94,1563.357
1788926400000,1185.94,1206,1185.94,1199.42,4157.186
1788927300000,1199.42,1214.6,1198,1211.4,2332.911
1788928200000,1211.4,1236.75,1207.65,1234.81,5901.676
1788929100000,1234.81,1264.46,1227.03,1242.8,8835.645
1788930000000,1242.8,1246.2,1237.81,1244.05,3357.814
1788930900000,1244.05,1247.06,1238.55,1240.98,2773.394
1788931800000,1240.98,1242,1209.2,1216.23,8071.863
1788932700000,1216.23,1217.54,1200.81,1212.79,3014.125
1788933600000,1212.79,1232.2,1211.22,1227.19,3221.679
1788934500000,1227.19,1234.99,1224.16,1225.56,1738.433
1788935400000,1225.56,1232.11,1225.56,1229.77,1305.847
1788936300000,1229.77,1229.88,1216.15,1224.34,1671.663
1788937200000,1224.34,1242.59,1222.93,1233.49,2783.653
1788938100000,1233.49,1240.6,1230.6,1234.17,2070.511
1788939000000,1234.17,1245,1231.21,1239.84,2616.227
1788939900000,1239.84,1244.83,1236.92,1237.85,1248.805
1788940800000,1237.85,1239.17,1231.53,1232.6,1537.39
1788941700000,1232.6,1244.47,1232.4,1240.2,1952.96
1788942600000,1240.2,1244.97,1235.26,1241,1725.42
1788943500000,1241,1247,1240.41,1244.66,2253.245
1788944400000,1244.66,1261.36,1242.23,1252.2,5923.809
1788945300000,1252.2,1252.2,1237.59,1239,2494.993
1788946200000,1239,1242.97,1232.35,1234.47,1332.185
1788947100000,1234.47,1238.99,1232.61,1235.86,1521.772
1788948000000,1235.86,1245.8,1233.8,1238.13,2022.439
1788948900000,1238.13,1245.98,1234,1242.48,1279.935
1788949800000,1242.48,1250.97,1238.32,1239.79,1754.081
1788950700000,1239.79,1244.87,1237,1242.04,1100.716
1788951600000,1242.04,1259.2,1236.52,1246.79,2346.728
1788952500000,1246.79,1280,1243.6,1269.41,9211.814
1788953400000,1269.41,1274.8,1256.91,1258,4168.926
1788954300000,1258,1271.86,1258,1267.32,1961.669
1788955200000,1267.32,1274.94,1263.72,1271.14,2028.7
1788956100000,1271.14,1273.33,1261.85,1263.87,1103.959
1788957000000,1263.87,1271.53,1260.8,1262.39,1823.165
1788957900000,1262.39,1268.2,1261.21,1265.03,1659.942
1788958800000,1265.03,1267.65,1258.02,1263.6,895.98
1788959700000,1263.6,1265.62,1259.11,1263.95,636.783
1788960600000,1263.95,1294.9,1262.6,1269.91,7602.923
1788961500000,1269.91,1279,1269.2,1270.36,2699.445
1788962400000,1270.36,1287.01,1263.4,1284.2,3590.954
1788963300000,1284.2,1291,1275.44,1285.56,2687.366
1788964200000,1285.56,1297.98,1280.55,1283.98,4198.164
1788965100000,1283.98,1291.11,1270.6,1284.6,6919.866
1788966000000,1284.6,1295,1260.51,1267.95,6038.236
1788966900000,1267.95,1269.62,1246.83,1265.09,5370.641
1788967800000,1265.09,1274.13,1260.01,1269.18,2384.941
1788968700000,1269.18,1276,1266.22,1269.15,1391.755
1788969600000,1269.15,1281.12,1266.78,1278.7,3025.952
1788970500000,1278.7,1279.66,1269.66,1275.17,1236.054
1788971400000,1275.17,1292.96,1275.17,1283.23,2455.794
1788972300000,1283.23,1284.81,1267.87,1272.65,1795.587
1788973200000,1272.65,1279.2,1271,1274.71,1517.017
1788974100000,1274.71,1279.72,1268.84,1278.92,741.463
1788975000000,1278.92,1282.4,1272.67,1276.4,840.777
1788975900000,1276.4,1277.48,1265.6,1265.8,829.019
1788976800000,1265.8,1267,1259.46,1261.79,950.949
1788977700000,1261.79,1271.59,1258.25,1270.98,1295.124
1788978600000,1270.98,1278.36,1269.08,1274,1322.964
1788979500000,1274,1274,1264.8,1271.41,991.422
1788980400000,1271.41,1274.98,1253.76,1258.69,3152.006
1788981300000,1258.69,1266.18,1258.69,1264.37,800.03
1788982200000,1264.37,1264.78,1249.27,1251.34,1819.612
1788983100000,1251.34,1254.9,1246.55,1250.56,2836.186
1788984000000,1250.56,1253.6,1244.53,1251.65,2122.766
1788984900000,1251.65,1259.8,1232.17,1235.93,3410.75
1788985800000,1235.93,1252.4,1235.66,1247.19,2279.395
1788986700000,1247.19,1249.53,1240.22,1249.14,1052.267
1788987600000,1249.14,1249.2,1235.94,1239.74,1336.047
1788988500000,1239.74,1248.86,1235.43,1244.8,1307.541
1788989400000,1244.8,1244.8,1236.91,1240.19,710.791
1788990300000,1240.19,1244.54,1233.91,1235,1078.72
1788991200000,1235,1237.8,1221.32,1232.96,3344.17
1788992100000,1232.96,1246.2,1230.04,1244.5,1418.973
1788993000000,1244.5,1246.11,1239.55,1240.38,707.25
1788993900000,1240.38,1240.8,1227.38,1228.06,964.353
1788994800000,1228.06,1245.63,1228.06,1241.51,1155.38
1788995700000,1241.51,1241.51,1233.61,1240.2,546.742
1788996600000,1240.2,1243.2,1236.91,1242.93,599.031
1788997500000,1242.93,1247.6,1240.1,1244,730.172
1788998400000,1244,1256.36,1238.01,1240.32,2266.271
1788999300000,1240.32,1242.8,1234.26,1235.8,1013.581
1789000200000,1235.8,1238.62,1230.8,1231.7,919.271
1789001100000,1231.7,1235.32,1227.41,1230.32,1057.672
1789002000000,1230.32,1244.84,1229.83,1236.2,2547.4
1789002900000,1236.2,1237.11,1223,1229.33,1571.192
1789003800000,1229.33,1234,1213.74,1223.17,3075.737
1789004700000,1223.17,1227.8,1204.94,1213.38,5250.539
1789005600000,1213.38,1219.06,1206.05,1218.25,1645.167
1789006500000,1218.25,1221.4,1213.53,1219.07,758.011
1789007400000,1219.07,1236,1219.07,1234.16,2049.793
1789008300000,1234.16,1246.76,1233,1246.36,1620.513
1789009200000,1246.36,1248,1236.59,1236.9,1628.834
1789010100000,1236.9,1247.32,1235.93,1242.22,791.637
1789011000000,1242.22,1246.63,1240.8,1242.8,712.748
1789011900000,1242.8,1245.65,1240.11,1241.85,1017.136
1789012800000,1241.85,1247,1240.56,1242.51,572.436
1789013700000,1242.51,1249.79,1242.32,1246.27,605.117
1789014600000,1246.27,1251.6,1243.87,1247.9,542.617
1789015500000,1247.9,1248.1,1242.81,1243.35,793.473
1789016400000,1243.35,1249,1238.33,1247.2,667.548
1789017300000,1247.2,1247.4,1231,1236.77,1089.236
1789018200000,1236.77,1245.01,1234.54,1239.77,1232.444
1789019100000,1239.77,1241.31,1231.99,1235.72,792.971
1789020000000,1235.72,1236.24,1223,1223.04,1786.085
1789020900000,1223.04,1225.08,1212.36,1217.54,2325.415
1789021800000,1217.54,1229.26,1216.66,1226.2,1634.045
1789022700000,1226.2,1234.74,1226.2,1230.05,1889.214
1789023600000,1230.05,1230.14,1215.5,1218.7,2031.559
1789024500000,1218.7,1218.7,1210.82,1214.61,2722.689
1789025400000,1214.61,1215.87,1208.54,1209.96,1533.557
1789026300000,1209.96,1218.51,1209.84,1215.57,1554.263
1789027200000,1215.57,1218.78,1212.8,1215.48,2050.953
1789028100000,1215.48,1222.08,1214.8,1221.39,2299.733
1789029000000,1221.39,1222.6,1217.5,1220,467.177
1789029900000,1220,1224.52,1217.84,1223.97,876.444
1789030800000,1223.97,1225.72,1218.95,1219.54,846.16
1789031700000,1219.54,1226.93,1219.42,1226.51,628.444
1789032600000,1226.51,1226.53,1214.52,1215.63,650.427
1789033500000,1215.63,1224.32,1215.62,1222.17,637.051
1789034400000,1222.17,1227.3,1221.01,1225.75,938.025
1789035300000,1225.75,1228.33,1216.59,1221.87,979.778
1789036200000,1221.87,1231.25,1219.37,1228.98,1410.88
1789037100000,1228.98,1229.79,1218.61,1219.4,1407.168
1789038000000,1219.4,1226.19,1216.52,1225.8,1089.913
1789038900000,1225.8,1229.39,1222.02,1225.92,816.631
1789039800000,1225.92,1237.08,1225.85,1233.09,2349.33
1789040700000,1233.09,1234.4,1221,1221.12,984.084
1789041600000,1221.12,1223,1210,1211.95,2474.045
1789042500000,1211.95,1216.01,1209.4,1215.96,1043.678
1789043400000,1215.96,1223.52,1203.16,1213.4,5537.941
1789044300000,1213.4,1215.34,1175.21,1188.94,11415.822
1789045200000,1188.94,1194.89,1160,1165.82,7434.607
1789046100000,1165.82,1178.37,1165.19,1172,3213.953
1789047000000,1172,1175.85,1165.4,1168.59,2804.989
1789047900000,1168.59,1173.34,1161.35,1169.98,3794.766
1789048800000,1169.98,1185.36,1165.49,1165.71,3727.736
1789049700000,1165.71,1180.34,1155.66,1176.49,6959.836
1789050600000,1176.49,1179.29,1171.4,1178.64,2244.393
1789051500000,1178.64,1182.62,1173.6,1179.24,870.667
1789052400000,1179.24,1179.28,1170.6,1172.16,1624.613
1789053300000,1172.16,1173.65,1165,1166.01,1866.727
1789054200000,1166.01,1172.49,1165,1168.01,1263.089
1789055100000,1168.01,1172.04,1165.5,1168,1014.252
1789056000000,1168,1170.99,1151.47,1154.6,5110.777
1789056900000,1154.6,1156.34,1125.38,1125.96,7121.797
1789057800000,1125.96,1131.8,1112.18,1126,6458.523
1789058700000,1126,1137.96,1126,1131.43,3332.089
1789059600000,1131.43,1138.92,1129.11,1136.68,1362.873
1789060500000,1136.68,1151.02,1133.9,1147.29,4059.893
1789061400000,1147.29,1163,1146.24,1154.78,4400.214
1789062300000,1154.78,1159.16,1138.9,1142.55,2085.863
1789063200000,1142.55,1145.75,1129.46,1134.69,1913.045
1789064100000,1134.69,1137.92,1125.46,1128.97,1570.007
1789065000000,1128.97,1130,1117.31,1123.43,2434.352
1789065900000,1123.43,1141.75,1121.11,1139.73,2069.117
1789066800000,1139.73,1139.76,1127.83,1132.4,1135.54
1789067700000,1132.4,1135.49,1125.8,1131.59,1272.693
1789068600000,1131.59,1132.72,1122.2,1129.98,1473.802
1789069500000,1129.98,1131.4,1119.68,1124.56,1649.84
1789070400000,1124.56,1133.55,1120.36,1133.17,1216.466
1789071300000,1133.17,1135,1128.19,1134.03,783.311
1789072200000,1134.03,1135,1126.29,1131.45,1709.226
1789073100000,1131.45,1134.99,1126.46,1131.2,821.167
1789074000000,1131.2,1134.42,1125.94,1130.8,532.447
1789074900000,1130.8,1134.76,1130.2,1134.19,1015.755
1789075800000,1134.19,1134.23,1126.8,1132.8,526.183
1789076700000,1132.8,1139.2,1131.06,1133.35,735.772
1789077600000,1133.35,1141.56,1133.31,1139.2,1485.589
1789078500000,1139.2,1142.94,1130.79,1131.05,642.761
1789079400000,1131.05,1135.2,1108,1119.49,6322.509
1789080300000,1119.49,1122.19,1089.2,1093.51,6537.004
1789081200000,1093.51,1104.42,1072.34,1074.05,5488.125
1789082100000,1074.05,1080.37,1070.08,1070.82,4824.818
1789083000000,1070.82,1088.2,1066.07,1085.81,3230.996
1789083900000,1085.81,1086.89,1075.99,1079.69,1790.186
1789084800000,1079.69,1092.84,1078.51,1086.8,3091.442
1789085700000,1086.8,1090,1082.6,1087.26,1368.531
1789086600000,1087.26,1089.97,1080.64,1087.4,1167.94
1789087500000,1087.4,1088.37,1081.1,1084.59,1200.225
1789088400000,1084.59,1101.66,1083.72,1093.81,2587.492
1789089300000,1093.81,1096.57,1078.43,1082.01,2031.131
1789090200000,1082.01,1087.8,1072.81,1080.8,2173.433
1789091100000,1080.8,1085.55,1077.4,1081.4,785.509
1789092000000,1081.4,1088.18,1079.01,1083.56,877.244
1789092900000,1083.56,1083.56,1055.8,1061.54,4322.063
1789093800000,1061.54,1071.05,1055.85,1069.73,2305.607
1789094700000,1069.73,1073.8,1065.66,1070.17,1160.807
1789095600000,1070.17,1072.5,1054.04,1066.4,3079.346
1789096500000,1066.4,1067.6,1058.7,1064.14,1426.83
1789097400000,1064.14,1072,1060.41,1071.37,1122.67
1789098300000,1071.37,1071.56,1063.6,1066.77,556.984
1789099200000,1066.77,1074.8,1064.82,1071.82,1229.587
1789100100000,1071.82,1092.6,1069.8,1086.77,2937.486
1789101000000,1086.77,1088.27,1080.2,1081.76,887.822
1789101900000,1081.76,1089.39,1081,1086.81,3242.565
1789102800000,1086.81,1089.1,1082.52,1088.47,1076.738
1789103700000,1088.47,1088.99,1083.52,1086.52,760.53
1789104600000,1086.52,1100.53,1086.52,1091.38,3096.04
1789105500000,1091.38,1099,1090.2,1097.4,1044.964
1789106400000,1097.4,1102,1094.36,1101.25,1404.63
1789107300000,1101.25,1106.67,1096.6,1101,1551.385
1789108200000,1101,1103.6,1094.61,1103.21,1072.443
1789109100000,1103.21,1108.8,1100.6,1102.62,884.725
1789110000000,1102.62,1114.36,1101.84,1109.64,1786.603
1789110900000,1109.64,1118.58,1107.63,1111.9,2175.055
1789111800000,1111.9,1116.6,1110.68,1114.12,882.976
1789112700000,1114.12,1117.14,1108.54,1110.97,1333.345
1789113600000,1110.97,1113,1104.67,1107.72,1084.868
1789114500000,1107.72,1116.46,1105.8,1114.45,1047.546
1789115400000,1114.45,1122,1113.8,1118.31,2884.904
1789116300000,1118.31,1119.03,1111.49,1114.82,778.782
1789117200000,1114.82,1115.17,1109.19,1110.6,1601.108
1789118100000,1110.6,1111.31,1105.4,1106.69,933.504
1789119000000,1106.69,1108.6,1092.38,1094.33,3848.824
1789119900000,1094.33,1105.57,1094.33,1103.74,1486.508
1789120800000,1103.74,1112.88,1099,1107.12,2289.227
1789121700000,1107.12,1113.97,1102.8,1103.47,1166.581
1789122600000,1103.47,1106.2,1100.12,1100.95,1142.364
1789123500000,1100.95,1101.9,1097.8,1098.71,447.451
1789124400000,1098.71,1099.26,1086.02,1091.63,2858.805
1789125300000,1091.63,1094.67,1088.21,1090.99,938.251
1789126200000,1090.99,1096.49,1088.6,1095.02,1250.988
1789127100000,1095.02,1102.56,1094.65,1101.2,947.093
1789128000000,1101.2,1103.37,1090.44,1095.12,1404.711
1789128900000,1095.12,1149.9,1092.09,1120.8,6294.005
1789129800000,1120.8,1166,1099.8,1152.89,13333.304
1789130700000,1152.89,1171.94,1149.77,1151.22,7114.141
1789131600000,1151.22,1157.06,1140.4,1153.62,4481.893
1789132500000,1153.62,1165.4,1149.41,1150.79,4508.113
1789133400000,1150.79,1160,1138.25,1158.07,5307.319
1789134300000,1158.07,1208.62,1155.72,1207.2,18561.117
1789135200000,1207.2,1217.2,1193.9,1209.03,11998.837
1789136100000,1209.03,1213.31,1191.6,1199,11465.779
1789137000000,1199,1199,1176.55,1182.6,8176.493
1789137900000,1182.6,1193.89,1171.42,1187.94,4014.423
1789138800000,1187.94,1195.68,1178.95,1180.46,2528.303
1789139700000,1180.46,1205.4,1179.4,1197.72,3474.016
1789140600000,1197.72,1209.4,1197.2,1200.5,2779.686
1789141500000,1200.5,1200.5,1148.35,1163.97,9434.266
1789142400000,1163.97,1179.45,1162.61,1172.56,2804.014
1789143300000,1172.56,1175.56,1152.41,1166.6,4245.942
1789144200000,1166.6,1174.67,1161.2,1173.98,2214.053
1789145100000,1173.98,1189.52,1172.4,1186.93,2693.305
1789146000000,1186.93,1189.2,1176.44,1177.2,1669.878
1789146900000,1177.2,1185.14,1173.42,1181.4,1441.418
1789147800000,1181.4,1184.19,1170.4,1174.96,1094.313
1789148700000,1174.96,1181.79,1172.21,1177.2,1067.226
1789149600000,1177.2,1178.99,1159.29,1175.84,3256.203
1789150500000,1175.84,1180.59,1168.42,1171.8,2211.391
1789151400000,1171.8,1173.54,1166.04,1172.43,1059.034
1789152300000,1172.43,1178.86,1161.47,1165.6,1485.546
1789153200000,1165.6,1167.44,1152.2,1156.52,2399.118
1789154100000,1156.52,1171.63,1150.58,1167.66,1888.783
1789155000000,1167.66,1168.19,1159.2,1168.17,881.364
1789155900000,1168.17,1180.6,1167.21,1174.61,1955.407
1789156800000,1174.61,1192.71,1174.2,1183.94,2517.716
1789157700000,1183.94,1183.94,1174.65,1175.59,1167.221
1789158600000,1175.59,1185.66,1168.73,1180,1504.075
1789159500000,1180,1183.59,1174.01,1182.3,1045.813
1789160400000,1182.3,1188.06,1179.49,1186.2,778.016
1789161300000,1186.2,1189.8,1178.06,1179,477.197
1789162200000,1179,1180.98,1174.36,1175.99,362.555
1789163100000,1175.99,1176.6,1153.91,1158.32,1297.511
1789164000000,1158.32,1167.74,1152.4,1166.81,2050.644
1789164900000,1166.81,1168.51,1158.69,1159.84,861.378
1789165800000,1159.84,1168.8,1155.6,1164.82,1164.012
1789166700000,1164.82,1164.82,1151.8,1158.8,1609.651
1789167600000,1158.8,1163.75,1154.81,1163.6,895.096
1789168500000,1163.6,1168.35,1156.8,1163.15,983.129
1789169400000,1163.15,1163.99,1151.22,1159.4,1031.537
1789170300000,1159.4,1165.6,1159.01,1164.58,350.908
1789171200000,1164.58,1165.33,1156.8,1161.73,666.832
1789172100000,1161.73,1162.49,1155.49,1157.59,567.442
1789173000000,1157.59,1163.29,1154.68,1161.61,711.621
1789173900000,1161.61,1162.6,1155.56,1155.77,437.58
1789174800000,1155.77,1161,1152.4,1160.52,678.051
1789175700000,1160.52,1161.78,1142.6,1144.72,1605.919
1789176600000,1144.72,1145.06,1133.86,1136.8,2387.153
1789177500000,1136.8,1144.29,1131.6,1139.9,1563.647
1789178400000,1139.9,1144.04,1137.94,1141.86,503.025
1789179300000,1141.86,1144.78,1140.11,1142.8,373.609
1789180200000,1142.8,1144.94,1135.6,1135.65,1632.993
1789181100000,1135.65,1141.71,1131.4,1140.48,1306.731
1789182000000,1140.48,1141.61,1135.16,1135.39,607.354
1789182900000,1135.39,1140,1126.45,1133.39,1978.469
1789183800000,1133.39,1133.98,1129,1130.48,354.779
1789184700000,1130.48,1135.56,1125.2,1134.28,1185.979
1789185600000,1134.28,1138.6,1129.8,1136,707.613
1789186500000,1136,1139.6,1135.08,1137.01,747.09
1789187400000,1137.01,1142.83,1135.4,1135.4,1012.13
1789188300000,1135.4,1139.92,1132.2,1134.8,465.021
1789189200000,1134.8,1137.2,1129.19,1129.19,696.038
1789190100000,1129.19,1133.72,1127.68,1128.6,906.892
1789191000000,1128.6,1133,1128.2,1129.48,644.074
1789191900000,1129.48,1132.18,1125.6,1126.32,598.279
1789192800000,1126.32,1126.51,1121.13,1125.2,982.732
1789193700000,1125.2,1131.2,1125.06,1127.93,578.26
1789194600000,1127.93,1131.04,1126.8,1130.99,769.331
1789195500000,1130.99,1134.6,1128.8,1130.8,722.9
1789196400000,1130.8,1151.53,1129.61,1143.99,3454.513
1789197300000,1143.99,1146.4,1141.02,1143.11,822.487
1789198200000,1143.11,1149.21,1141,1147.21,772.251
1789199100000,1147.21,1151.6,1146.45,1148.98,928.164
1789200000000,1148.98,1150.2,1145.01,1146.4,697.851
1789200900000,1146.4,1149.13,1145.16,1146.6,694.222
1789201800000,1146.6,1149.05,1142.16,1148,661.166
1789202700000,1148,1155.77,1147.6,1151.21,915.094
1789203600000,1151.21,1152.3,1147.6,1150.31,531.889
1789204500000,1150.31,1155.5,1150.27,1153.13,1037.629
1789205400000,1153.13,1153.79,1146.8,1147.95,723.655
1789206300000,1147.95,1152.08,1146.4,1151.4,512.057
1789207200000,1151.4,1156.6,1149.44,1153.57,618.821
1789208100000,1153.57,1154.59,1151.6,1154.4,178.317
1789209000000,1154.4,1155,1150.2,1152.16,650.297
1789209900000,1152.16,1152.92,1148.3,1152.41,593.778
1789210800000,1152.41,1155.79,1149.91,1154.2,484.164
1789211700000,1154.2,1154.59,1151.92,1152.71,227.03
1789212600000,1152.71,1152.71,1148.76,1150.6,332.283
1789213500000,1150.6,1152,1148.6,1151.06,389.089
1789214400000,1151.06,1151.95,1146.69,1147.28,492.731
1789215300000,1147.28,1151,1147.28,1149.05,334.728
1789216200000,1149.05,1167.14,1148.9,1157.6,1767.321
1789217100000,1157.6,1163.13,1157.6,1159.41,761.339
1789218000000,1159.41,1162.2,1151.88,1152.41,1662.291
1789218900000,1152.41,1155.51,1151.18,1152.66,863.853
1789219800000,1152.66,1155.55,1151.08,1154.79,632.319
1789220700000,1154.79,1154.79,1147.21,1151.2,1024.337
1789221600000,1151.2,1152.6,1148.19,1149.4,452.606
1789222500000,1149.4,1153.03,1148.4,1149.93,719.117
1789223400000,1149.93,1150.13,1138.88,1146.8,1527.632
1789224300000,1146.8,1148.59,1142.4,1142.99,978.687
1789225200000,1142.99,1146.67,1141.95,1143.6,544.084
1789226100000,1143.6,1145.13,1140.89,1143.65,663.859
1789227000000,1143.65,1145,1137.69,1140.2,1361.578
1789227900000,1140.2,1142.31,1136.8,1138.47,697.674
1789228800000,1138.47,1141.93,1136.32,1141.23,640.409
1789229700000,1141.23,1143.92,1140.76,1142.18,368.742
1789230600000,1142.18,1142.59,1135.79,1138.8,465.701
1789231500000,1138.8,1143.22,1138.8,1140.97,494.709
1789232400000,1140.97,1142.42,1138.2,1139.79,366.667
1789233300000,1139.79,1141,1136.61,1140.77,412.941
1789234200000,1140.77,1140.77,1136.51,1137.38,239.605
1789235100000,1137.38,1138.88,1136.81,1137.8,231.909
1789236000000,1137.8,1139,1131.74,1134.3,1046.197
1789236900000,1134.3,1136.72,1130.11,1133.8,827.564
1789237800000,1133.8,1134,1129.18,1130.8,572.703
1789238700000,1130.8,1132.14,1122.08,1124.77,2549.059
1789239600000,1124.77,1128.5,1123.53,1127,761.294
1789240500000,1127,1128.57,1121.4,1124,609.66
1789241400000,1124,1124.39,1111.2,1114.82,1740.308
1789242300000,1114.82,1120.98,1114.45,1119.41,694.758
1789243200000,1119.41,1123.9,1118.44,1122.8,400.678
1789244100000,1122.8,1125.76,1121.82,1125.2,356.62
1789245000000,1125.2,1128,1124.6,1126.21,576.655
1789245900000,1126.21,1127.2,1118.08,1122.71,1361.109
1789246800000,1122.71,1128.15,1121.62,1124.78,977.831
1789247700000,1124.78,1125.02,1118.37,1122.21,573.506
1789248600000,1122.21,1124.9,1119.97,1123.6,305.773
1789249500000,1123.6,1123.73,1119.15,1121.68,253.059
1789250400000,1121.68,1124.39,1120.25,1123.19,728.653
1789251300000,1123.19,1126.8,1120.6,1121,358.35
1789252200000,1121,1123.8,1118.85,1123.04,544.861
1789253100000,1123.04,1124.49,1122,1123.23,121.057
1789254000000,1123.23,1125.6,1122.86,1123.57,143.879
1789254900000,1123.57,1124.39,1121.6,1122.75,223.71
1789255800000,1122.75,1124.99,1119.61,1124,537.969
1789256700000,1124,1125.8,1122.29,1122.69,321.01
1789257600000,1122.69,1127.74,1120.28,1123.57,694.203
1789258500000,1123.57,1123.57,1119.47,1120.4,384.975
1789259400000,1120.4,1123.85,1119,1119.21,457.664
1789260300000,1119.21,1128.12,1117.33,1126.25,709.095
1789261200000,1126.25,1130.7,1124.85,1127.42,1040.373
1789262100000,1127.42,1135.1,1125,1129.6,1198.257
1789263000000,1129.6,1132.8,1125,1129.76,608.151
1789263900000,1129.76,1129.8,1126.02,1127.2,339.104
1789264800000,1127.2,1129.8,1125.62,1129,251.416
1789265700000,1129,1130,1125.6,1125.73,328.176
1789266600000,1125.73,1128.19,1124.4,1126.8,555.724
1789267500000,1126.8,1129.64,1125.41,1125.8,514.332
1789268400000,1125.8,1129.47,1125.41,1127.48,317.831
1789269300000,1127.48,1138.45,1125.8,1133.74,1286.87
1789270200000,1133.74,1137.71,1132.2,1133.21,502.309
1789271100000,1133.21,1135.2,1131.55,1133.21,660.497
1789272000000,1133.21,1142.2,1133.2,1139.37,1207.973
1789272900000,1139.37,1141.52,1138.6,1140.22,555.576
1789273800000,1140.22,1142.6,1138.62,1141.14,480.908
1789274700000,1141.14,1142.92,1139.58,1142.32,145.978
1789275600000,1142.32,1147.35,1142.32,1145.12,469.943
1789276500000,1145.12,1147.12,1142.8,1147.12,317.919
1789277400000,1147.12,1156.85,1147.12,1151.83,1063.764
1789278300000,1151.83,1152.2,1147.8,1147.84,337.306
1789279200000,1147.84,1150.69,1140,1144.32,1086.284
1789280100000,1144.32,1145.23,1138.21,1141.23,494.604
1789281000000,1141.23,1141.8,1135.41,1140.61,782.25
1789281900000,1140.61,1142.82,1132.37,1135.2,803.301
1789282800000,1135.2,1145.99,1134.4,1138.6,928.574
1789283700000,1138.6,1138.68,1134.41,1137.8,651.705
1789284600000,1137.8,1137.8,1130,1132.18,1129.361
1789285500000,1132.18,1133.15,1129.25,1130,931.483
1789286400000,1130,1133.7,1126.21,1128.6,806.773
1789287300000,1128.6,1129.6,1124.29,1126.38,600.541
1789288200000,1126.38,1127,1105.4,1105.4,3749.771
1789289100000,1105.4,1113.75,1105.4,1109.2,2724.061
1789290000000,1109.2,1112.99,1107.2,1108.8,967.961
1789290900000,1108.8,1110.95,1085.24,1086.37,3867.887
1789291800000,1086.37,1089.1,1072.59,1080.2,4643.749
1789292700000,1080.2,1087.76,1075.32,1085.6,1348.509
1789293600000,1085.6,1096.51,1082.76,1092.35,1499.7
1789294500000,1092.35,1094.53,1089.6,1093.74,1222.561
1789295400000,1093.74,1095.87,1089,1089.79,3240.259
1789296300000,1089.79,1095.04,1089.79,1092.2,2048.698
1789297200000,1092.2,1098.2,1090.34,1091.7,1324.401
1789298100000,1091.7,1094.93,1090.8,1091.8,524.671
1789299000000,1091.8,1098.04,1091.21,1097.61,409.116
1789299900000,1097.61,1102.16,1092.84,1094.09,1046.859
1789300800000,1094.09,1094.09,1091,1093,250.006
1789301700000,1093,1093.2,1082.6,1087.17,1323.671
1789302600000,1087.17,1094.2,1086.53,1090.6,1143.564
1789303500000,1090.6,1093.59,1086.34,1093.44,710.044
1789304400000,1093.44,1094.4,1089.8,1091.8,388.778
1789305300000,1091.8,1092,1073.01,1082.16,2634.134
1789306200000,1082.16,1091.09,1081.8,1087.86,1823.807
1789307100000,1087.86,1099.79,1087.86,1097.11,1963.835
1789308000000,1097.11,1105.1,1095.2,1102.13,1911.661
1789308900000,1102.13,1105.63,1097.6,1098.4,1397.913
1789309800000,1098.4,1100.99,1094.89,1097.62,1973.345
1789310700000,1097.62,1099.42,1095.4,1095.83,711.604
1789311600000,1095.83,1096.5,1085.4,1086.8,1546.064
1789312500000,1086.8,1092.12,1079,1089.61,2490.783
1789313400000,1089.61,1091.97,1086.8,1088.4,529.966
1789314300000,1088.4,1092.2,1086.18,1087.2,795.736
1789315200000,1087.2,1101.4,1086.43,1094.94,1627.046
1789316100000,1094.94,1100.49,1094.09,1097.81,518.414
1789317000000,1097.81,1102.72,1097.6,1101.8,448.441
1789317900000,1101.8,1103.6,1099.55,1102.89,700.537
1789318800000,1102.89,1119.47,1102,1114.01,3569.898
1789319700000,1114.01,1116.2,1110.64,1111.4,752.632
1789320600000,1111.4,1113.6,1106.6,1107.33,627.192
1789321500000,1107.33,1112.93,1107.3,1107.3,426.54
1789322400000,1107.3,1109.7,1103.64,1106.73,510.362
1789323300000,1106.73,1108.21,1102.79,1103.43,287.501
1789324200000,1103.43,1109.05,1103.43,1108.45,396.66
1789325100000,1108.45,1112.17,1106.63,1107.77,449.339
1789326000000,1107.77,1110.59,1098.4,1100.57,865.625
1789326900000,1100.57,1101.59,1096.53,1096.68,607.569
1789327800000,1096.68,1097.4,1086.41,1086.42,2118.382
1789328700000,1086.42,1088.22,1082.27,1085.94,1119.704
1789329600000,1085.94,1094.81,1085.94,1094,546.279
1789330500000,1094,1101.4,1093.81,1100,444.944
1789331400000,1100,1102.43,1099.02,1102.35,242.707
1789332300000,1102.35,1106.45,1101.4,1105.5,639.683
1789333200000,1105.5,1107.85,1100.47,1105.76,777.154
1789334100000,1105.76,1110.8,1104.25,1106.2,1273.624
1789335000000,1106.2,1108.19,1101.18,1102.55,953.093
1789335900000,1102.55,1102.55,1094.67,1096,665.219
1789336800000,1096,1096,1072.23,1076.2,3428.086
1789337700000,1076.2,1076.99,1068,1076.86,2238.75
1789338600000,1076.86,1080.39,1072.21,1075.21,1232.41
1789339500000,1075.21,1079.99,1071,1071.36,1605.666
1789340400000,1071.36,1075.47,1063.71,1066.6,1284.45
1789341300000,1066.6,1070.43,1064.01,1064.46,664.262
1789342200000,1064.46,1069.38,1060.35,1064.2,2277.525
1789343100000,1064.2,1067.56,1060.18,1062.39,773.76
1789344000000,1062.39,1070.19,1059.2,1062.03,1005.29
1789344900000,1062.03,1066.23,1039.14,1052.6,4019.358
1789345800000,1052.6,1061.2,1051.6,1058.4,1606.761
1789346700000,1058.4,1065,1055,1061.52,1018.16
1789347600000,1061.52,1068.4,1058.16,1063.29,1469.384
1789348500000,1063.29,1065.4,1060.68,1062.44,952.709
1789349400000,1062.44,1067.51,1055,1063.09,1443.761
1789350300000,1063.09,1077.39,1063,1075.2,966.888
1789351200000,1075.2,1087.6,1072.4,1087.37,1788.208
1789352100000,1087.37,1095.91,1083.42,1090.83,2345.916
1789353000000,1090.83,1103.83,1090.83,1101.86,1557.704
1789353900000,1101.86,1109.47,1101.85,1107.34,1414.307
1789354800000,1107.34,1115.6,1106.01,1110.19,1555.082
1789355700000,1110.19,1112.66,1104.79,1109.46,1392.15
1789356600000,1109.46,1110.48,1103.53,1105.4,873.25
1789357500000,1105.4,1117.98,1105.4,1114,1650.571
1789358400000,1114,1126.52,1110,1123.4,2102.896
1789359300000,1123.4,1131.54,1116.98,1118.4,2334.068
1789360200000,1118.4,1118.79,1114.16,1116.37,714.151
1789361100000,1116.37,1120.19,1113.45,1116.18,788.688
1789362000000,1116.18,1119.6,1113.72,1116.66,430.056
1789362900000,1116.66,1118.18,1112.44,1114.28,527.135
1789363800000,1114.28,1149.08,1114.02,1135.8,5325.653
1789364700000,1135.8,1136.38,1129.39,1132.2,802.045
1789365600000,1132.2,1141.02,1132.2,1136.4,1448.957
1789366500000,1136.4,1139.19,1128.2,1128.25,709.874
1789367400000,1128.25,1138.97,1121.29,1137.4,1318.438
1789368300000,1137.4,1138.6,1134.2,1135.6,534.092
1789369200000,1135.6,1137.8,1132.25,1137.2,427.708
1789370100000,1137.2,1162.34,1136.61,1140.23,4352.339
1789371000000,1140.23,1145.95,1135.2,1143.83,1313.406
1789371900000,1143.83,1144.5,1138.2,1140.57,736.614
1789372800000,1140.57,1140.6,1134.6,1139.2,997.926
1789373700000,1139.2,1146.98,1136.2,1137.2,1114.516
1789374600000,1137.2,1139.71,1133.8,1137.53,714.119
1789375500000,1137.53,1140.26,1134.31,1139.27,396.878
1789376400000,1139.27,1140.08,1134.79,1135.03,461.929
1789377300000,1135.03,1136.99,1127.66,1133.97,1647.201
1789378200000,1133.97,1139.8,1131.67,1136,935.395
1789379100000,1136,1154.8,1134.87,1143.59,2875.03
1789380000000,1143.59,1145.2,1137.12,1138.29,679.773
1789380900000,1138.29,1140.74,1134.43,1136.8,1028.025
1789381800000,1136.8,1141.2,1135.07,1139.58,602.729
1789382700000,1139.58,1141.3,1134.93,1135.83,1179.062
1789383600000,1135.83,1139.62,1131.55,1136.8,1669.601
1789384500000,1136.8,1139.72,1135.91,1138.67,537.505
1789385400000,1138.67,1140,1132.74,1133.35,508.463
1789386300000,1133.35,1134.2,1129.2,1132.29,667.262
1789387200000,1132.29,1133.93,1127.5,1132.4,469.267
1789388100000,1132.4,1136.5,1130.39,1136.43,479.869
1789389000000,1136.43,1142.95,1128.69,1133.8,1662.489
1789389900000,1133.8,1134.6,1117.6,1118.8,2265.662
1789390800000,1118.8,1133,1113.29,1128.89,3077.535
1789391700000,1128.89,1136.12,1128.82,1134.4,1317.283
1789392600000,1134.4,1149.83,1133.12,1138.6,3037.623
1789393500000,1138.6,1153.45,1137.2,1141.04,3138.057
1789394400000,1141.04,1156.33,1140.61,1151.9,2920.456
1789395300000,1151.9,1163.65,1141.67,1142.8,2771.497
1789396200000,1142.8,1152.19,1137.93,1144.05,1389.851
1789397100000,1144.05,1147.05,1139.4,1141.16,1079.322
1789398000000,1141.16,1141.89,1132.4,1138.39,2387.88
1789398900000,1138.39,1141.96,1134.21,1135.62,979.129
1789399800000,1135.62,1140.51,1133.41,1139.59,1134.231
1789400700000,1139.59,1139.94,1133.81,1138.12,1212.698
1789401600000,1138.12,1138.8,1131.61,1136.2,631.48
1789402500000,1136.2,1151.26,1136.2,1139.99,3928.934
1789403400000,1139.99,1141.4,1133.7,1133.87,895.947
1789404300000,1133.87,1147.59,1133.87,1138.74,1169.219
1789405200000,1138.74,1142.25,1135.79,1141.8,703.889
1789406100000,1141.8,1147.12,1140.43,1145.4,842.659
1789407000000,1145.4,1149.58,1141.09,1144.78,799.272
1789407900000,1144.78,1154.04,1143.61,1150.62,1641.037
1789408800000,1150.62,1168.03,1147.2,1155.4,2272.163
1789409700000,1155.4,1180.46,1152.99,1177.99,3071.284
1789410600000,1177.99,1194.99,1177,1188.84,4569.253
1789411500000,1188.84,1205.54,1187.58,1201.4,3344.853
1789412400000,1201.4,1203.2,1183.13,1185.23,5244.131
1789413300000,1185.23,1196.98,1184.2,1192.2,2428.787
1789414200000,1192.2,1194.8,1182.92,1194.21,1466.544
1789415100000,1194.21,1200.6,1190.6,1192.79,1385.84
1789416000000,1192.79,1209.53,1192.37,1208.49,3021.316
1789416900000,1208.49,1223.4,1200.65,1219.81,11186.614
1789417800000,1219.81,1224.12,1213.41,1213.83,4008.997
1789418700000,1213.83,1218,1198.39,1199,3023.653
1789419600000,1199,1199.94,1177.75,1181.2,4521.574
1789420500000,1181.2,1187.19,1178.61,1179.3,1489.551
1789421400000,1179.3,1182.35,1171.6,1173.97,1028.752
1789422300000,1173.97,1179.18,1171.6,1175.53,488.494
1789423200000,1175.53,1185.99,1172.8,1184.8,1255.676
1789424100000,1184.8,1186.99,1173.4,1177.6,1076.783
1789425000000,1177.6,1177.79,1170.84,1172.25,1027.985
1789425900000,1172.25,1173,1167.2,1169.92,714.703
1789426800000,1169.92,1171.59,1163.4,1168,951.458
1789427700000,1168,1170.61,1163.1,1165.4,515.538
1789428600000,1165.4,1167.99,1162.17,1167.82,930.746
1789429500000,1167.82,1167.82,1162.4,1163.25,442.5
1789430400000,1163.25,1168.2,1162.4,1162.4,1643.308
1789431300000,1162.4,1164.99,1160.18,1161.51,555.224
1789432200000,1161.51,1166,1160.5,1161.19,507.577
1789433100000,1161.19,1163.63,1160.08,1163.63,267.807
1789434000000,1163.63,1164,1152.51,1152.61,1073.025
1789434900000,1152.61,1162.6,1151.4,1155.97,1912.899
1789435800000,1155.97,1159.99,1153.72,1157.16,436.811
1789436700000,1157.16,1167.59,1154.21,1162.82,1081.395
1789437600000,1162.82,1167,1161.96,1163.81,472.894
1789438500000,1163.81,1164.19,1154.26,1155.85,629.047
1789439400000,1155.85,1159.32,1153.73,1156.81,496.831
1789440300000,1156.81,1159.92,1156.2,1156.92,434.17
1789441200000,1156.92,1157.58,1143.91,1147.01,1556.765
1789442100000,1147.01,1147.34,1139.46,1142.59,1423.713
1789443000000,1142.59,1144.8,1139.06,1141.2,466.688
1789443900000,1141.2,1142.78,1138,1140.49,705.823
1789444800000,1140.49,1147.17,1140,1144,658.77
1789445700000,1144,1155.17,1144,1146.9,886.122
1789446600000,1146.9,1148.39,1142.02,1148.09,641.509
1789447500000,1148.09,1148.19,1143.83,1144.14,439.209
1789448400000,1144.14,1147.79,1141.08,1143.4,1017.788
1789449300000,1143.4,1143.86,1140.4,1141.29,787.363
1789450200000,1141.29,1143.2,1138.44,1142.31,524.429
1789451100000,1142.31,1148.53,1142.3,1146.6,716.383
1789452000000,1146.6,1158.96,1146,1150.8,1168.744
1789452900000,1150.8,1153.4,1145,1145.04,779.291
1789453800000,1145.04,1147.7,1141.16,1144,790.262
1789454700000,1144,1146.6,1139.4,1144.8,844.644
1789455600000,1144.8,1145.8,1139,1143.4,854.309
1789456500000,1143.4,1149.38,1142.01,1145.92,699.013
1789457400000,1145.92,1145.92,1139,1141.76,1088.595
1789458300000,1141.76,1144.4,1132.33,1138.19,1973.514
1789459200000,1138.19,1138.8,1126.6,1136.28,2778.753
1789460100000,1136.28,1142.2,1135.48,1141.09,1453.762
1789461000000,1141.09,1143.44,1136.49,1137.6,803.981
1789461900000,1137.6,1146.31,1137.54,1145.21,1002.6
1789462800000,1145.21,1145.59,1140.45,1144.09,302.795
1789463700000,1144.09,1144.19,1139.36,1140.34,500.96
1789464600000,1140.34,1141.79,1137.69,1140.59,831.585
1789465500000,1140.59,1145.65,1137.7,1139.65,1061.52
1789466400000,1139.65,1146.34,1137.12,1142.64,1074.656
1789467300000,1142.64,1145.4,1139.2,1140.88,781.987
1789468200000,1140.88,1143.66,1140.3,1143.37,480.165
1789469100000,1143.37,1147.91,1142.4,1142.67,387.472
1789470000000,1142.67,1146.8,1141,1141.14,616.406
1789470900000,1141.14,1143.9,1136.42,1136.93,862.648
1789471800000,1136.93,1136.99,1123.4,1128.86,2508.262
1789472700000,1128.86,1133.48,1123.68,1132.97,1257.365
1789473600000,1132.97,1136.6,1129.4,1134.2,997.81
1789474500000,1134.2,1134.25,1127,1129.15,736.779
1789475400000,1129.15,1131.4,1125.2,1128.6,1111.33
1789476300000,1128.6,1137.2,1126.2,1130.4,956.254
1789477200000,1130.4,1141.36,1130.01,1136.2,1435.265
1789478100000,1136.2,1137.2,1134.05,1134.8,370.233
1789479000000,1134.8,1137,1117.9,1135.71,4489.144
1789479900000,1135.71,1137.56,1127.51,1135.52,1665.87
1789480800000,1135.52,1141.5,1129.09,1130.68,1445.835
1789481700000,1130.68,1133.18,1123.19,1125.32,1424.188
1789482600000,1125.32,1125.95,1108,1117.6,5435.881
1789483500000,1117.6,1118.59,1096.8,1113.76,6888.804
1789484400000,1113.76,1123,1109.1,1116.2,1782.094
1789485300000,1116.2,1132.4,1113.2,1124.07,2504.216
1789486200000,1124.07,1127.8,1121.8,1126.4,864.075
1789487100000,1126.4,1127.7,1122,1122.93,1187.956
1789488000000,1122.93,1123.39,1110.59,1110.94,1009.768
1789488900000,1110.94,1122.04,1110.94,1121.35,786.383
1789489800000,1121.35,1122.29,1116.81,1117.8,435.139
1789490700000,1117.8,1125.6,1115.2,1116.39,586.359
1789491600000,1116.39,1117.62,1108.75,1111.82,1638.036
1789492500000,1111.82,1122.2,1111.44,1121.6,888.64
1789493400000,1121.6,1156.32,1120.8,1131.41,4659.351
1789494300000,1131.41,1146.2,1131.41,1134.8,1359.866
1789495200000,1134.8,1140.2,1131.01,1135.53,876.459
1789496100000,1135.53,1141.79,1122.29,1135.52,1775.355
1789497000000,1135.52,1136,1107.27,1111.25,5628.199
1789497900000,1111.25,1138.62,1085.66,1137,11543.617
1789498800000,1137,1152.09,1132.61,1146.6,3715.635
1789499700000,1146.6,1158.38,1137.17,1140.27,3293.579
1789500600000,1140.27,1143.8,1121.66,1121.9,3988.078
1789501500000,1121.9,1132.6,1119.8,1131.58,1790.705
1789502400000,1131.58,1133.4,1121.4,1130.68,1184.357
1789503300000,1130.68,1132,1114.4,1114.41,1907.241
1789504200000,1114.41,1123.34,1111.01,1120.98,1700.546
1789505100000,1120.98,1128.14,1120.91,1123.08,761.58
1789506000000,1123.08,1125.8,1112.2,1121.63,1125.036
1789506900000,1121.63,1122.8,1112.84,1114,612.119
1789507800000,1114,1119.58,1111,1118.39,1496.997
1789508700000,1118.39,1119.22,1107.28,1107.46,752.376
1789509600000,1107.46,1114.6,1103.1,1103.2,1215.946
1789510500000,1103.2,1110.2,1099.04,1106.21,1323.728
1789511400000,1106.21,1120.83,1106,1119.24,1417.45
1789512300000,1119.24,1124.26,1116.97,1120.29,570.2
1789513200000,1120.29,1126.59,1118.72,1123.78,699.878
1789514100000,1123.78,1124.59,1116,1116.2,436.208
1789515000000,1116.2,1117.34,1105.26,1117.28,1021.209
1789515900000,1117.28,1117.39,1109.87,1110.22,490.724
1789516800000,1110.22,1115.87,1106.67,1106.94,726.365
1789517700000,1106.94,1115.77,1106.4,1114.77,357.416
1789518600000,1114.77,1116.2,1109.72,1114.04,277.574
1789519500000,1114.04,1120.02,1111.67,1117.6,538.047
1789520400000,1117.6,1122.64,1114.81,1122.37,882.596
1789521300000,1122.37,1125,1121.2,1122.74,2691.619
1789522200000,1122.74,1123.19,1109.81,1112.52,1123.5
1789523100000,1112.52,1116.19,1102.8,1102.81,1069.775
1789524000000,1102.81,1108.37,1101.51,1105.71,717.708
1789524900000,1105.71,1119.33,1105.39,1119.27,626.546
1789525800000,1119.27,1130,1119.27,1124.33,2633.562
1789526700000,1124.33,1127.3,1118.37,1120,433.779
1789527600000,1120,1126.8,1119.4,1126.28,630.144
1789528500000,1126.28,1132.8,1126.2,1130.14,817.524
1789529400000,1130.14,1133.2,1126.6,1129.6,660.663
1789530300000,1129.6,1131.8,1128.21,1131.14,420.109
1789531200000,1131.14,1139.5,1130.8,1137.4,739.872
1789532100000,1137.4,1146.8,1135.8,1140.21,3035.158
1789533000000,1140.21,1148.39,1139.22,1144.83,1452.553
1789533900000,1144.83,1151.49,1144.69,1148.9,1191.008
1789534800000,1148.9,1155.79,1140,1154.73,3324.388
1789535700000,1154.73,1179.15,1152.6,1160,5699.151
1789536600000,1160,1160.17,1146.6,1155.8,2855.585
1789537500000,1155.8,1157.79,1150.6,1156,862.2
1789538400000,1156,1164.6,1156,1158.8,963.828
1789539300000,1158.8,1172.6,1157,1169.33,1776.415
1789540200000,1169.33,1184.06,1167.15,1179.61,1718.521
1789541100000,1179.61,1190.59,1177.12,1187.8,2460.202
1789542000000,1187.8,1198,1182.47,1185.19,2198.741
1789542900000,1185.19,1191,1178,1180.72,1762.2
1789543800000,1180.72,1188.32,1178.61,1179.8,966.553
1789544700000,1179.8,1182.96,1176.57,1178.8,765.875
1789545600000,1178.8,1180.4,1166.2,1173.6,2501.135
1789546500000,1173.6,1184.44,1172,1176.16,2169.945
1789547400000,1176.16,1192.5,1175.83,1186.67,1684.577
1789548300000,1186.67,1189.79,1180.24,1188,1135.619
1789549200000,1188,1189.8,1182.41,1184.17,808.963
1789550100000,1184.17,1195.55,1184.17,1190.7,1614.999
1789551000000,1190.7,1194.85,1187.92,1191.2,627.241
1789551900000,1191.2,1213.6,1190.47,1205.63,4212.446
1789552800000,1205.63,1208,1199.37,1199.57,1661.855
1789553700000,1199.57,1207.19,1199.06,1205.9,1026.456
1789554600000,1205.9,1218.76,1203,1210,2544.918
1789555500000,1210,1216.85,1206.21,1216.5,736.032
1789556400000,1216.5,1219.59,1203,1206,1424.428
1789557300000,1206,1214.94,1204.2,1210.81,1031.352
1789558200000,1210.81,1238.49,1210.2,1237.23,4013.847
1789559100000,1237.23,1243.02,1225.22,1229.2,2805.424
1789560000000,1229.2,1231,1220.82,1221.3,1970.884
1789560900000,1221.3,1226.05,1205.93,1210.75,2682.087
1789561800000,1210.75,1227.08,1208.4,1212.8,2225.287
1789562700000,1212.8,1226.2,1211.4,1224.68,1110.896
1789563600000,1224.68,1224.84,1207.6,1215.6,1389.21
1789564500000,1215.6,1237.88,1212.91,1233.41,3761.986
1789565400000,1233.41,1258.32,1227,1251.94,5670.355
1789566300000,1251.94,1274.58,1248.74,1249.81,6668.623
1789567200000,1249.81,1252.69,1235.43,1243.34,5665.485
1789568100000,1243.34,1254.78,1242.61,1251.13,4526.694
1789569000000,1251.13,1258.54,1241.34,1256.41,5094.612
1789569900000,1256.41,1257,1235.07,1244.6,4928.862
1789570800000,1244.6,1252.8,1237.52,1252.27,2429.426
1789571700000,1252.27,1254.39,1244.71,1245.73,1378.461
1789572600000,1245.73,1252.88,1243.19,1249.02,966.252
1789573500000,1249.02,1257.59,1245.11,1246.91,3258.404
1789574400000,1246.91,1257,1246.6,1254.79,1740.174
1789575300000,1254.79,1271.71,1254.24,1270.59,5626.126
1789576200000,1270.59,1275.35,1262.11,1263.61,2781.61
1789577100000,1263.61,1269.19,1263.17,1267.6,1406.421
1789578000000,1267.6,1269.21,1253.19,1255.01,2772.473
1789578900000,1255.01,1258.87,1247.65,1253.59,4971.495
1789579800000,1253.59,1254,1233.5,1239.6,3661.782
1789580700000,1239.6,1256.4,1234.67,1249.59,5133.539
1789581600000,1249.59,1390,1233.29,1331.5,35363.818
1789582500000,1331.5,1347.39,1320.8,1345.2,7720.198
1789583400000,1345.2,1367.19,1295.79,1355.16,13758.867
1789584300000,1355.16,1358.89,1324.87,1334.37,6179.299
1789585200000,1334.37,1361.37,1332.13,1338.2,5808.946
1789586100000,1338.2,1341.93,1270.43,1292,14608.351
1789587000000,1292,1298.75,1276.8,1290.2,5265.19
1789587900000,1290.2,1296.4,1279.71,1289.97,2512.396
1789588800000,1289.97,1299.6,1279.2,1289.01,3146.953
1789589700000,1289.01,1318.36,1284.08,1309.1,4663.323
1789590600000,1309.1,1328.29,1307.8,1321.3,2736.982
1789591500000,1321.3,1326.79,1314.52,1319.09,1616.701
1789592400000,1319.09,1326.26,1313.87,1320.2,1098.782
1789593300000,1320.2,1328.78,1309.56,1314,2471.016
1789594200000,1314,1316.8,1304.38,1315.6,843.575
1789595100000,1315.6,1323.2,1314.21,1321.4,742.275
1789596000000,1321.4,1322.08,1306,1321.34,1912.609
1789596900000,1321.34,1326.25,1307.61,1311.2,1453.291
1789597800000,1311.2,1311.6,1302.64,1306.39,1281.944
1789598700000,1306.39,1307.88,1284.4,1286.52,1898.817
1789599600000,1286.52,1309.11,1286.46,1308.92,1628.1
1789600500000,1308.92,1346.79,1308.92,1336.36,5452.465
1789601400000,1336.36,1352,1336.2,1343.6,3009.904
1789602300000,1343.6,1345.19,1331.2,1336.6,1886.962
1789603200000,1336.6,1348.79,1329.03,1337.01,1791.562
1789604100000,1337.01,1346.91,1336.2,1341.82,1143.956
1789605000000,1341.82,1343.61,1336.25,1340.88,1112.106
1789605900000,1340.88,1350.38,1336.71,1347.24,1954.791
1789606800000,1347.24,1362.8,1339.58,1350.08,3576.722
1789607700000,1350.08,1367.98,1344.62,1364.93,2785.264
1789608600000,1364.93,1378.77,1350.92,1364.37,5871.857
1789609500000,1364.37,1367.49,1358.47,1364.66,1161.043
1789610400000,1364.66,1369.91,1352.8,1362.63,2958.848
1789611300000,1362.63,1381.48,1357.04,1367.6,3913.355
1789612200000,1367.6,1379.41,1365.01,1366.03,2487.678
1789613100000,1366.03,1380,1365.87,1375.99,1975.844
1789614000000,1375.99,1385,1373.8,1375.8,2593.319
1789614900000,1375.8,1400.62,1373.4,1381.21,5444.378
1789615800000,1381.21,1388.7,1378.16,1378.86,7127.15
1789616700000,1378.86,1382.78,1373.95,1378,2754.39
1789617600000,1378,1378.2,1363.41,1366.4,3215.003
1789618500000,1366.4,1366.4,1348.75,1354.55,4193.382
1789619400000,1354.55,1372.07,1352.2,1367.2,2656.196
1789620300000,1367.2,1369.47,1360.21,1362.64,2398.958
1789621200000,1362.64,1364.4,1355.56,1356.51,1406.631
1789622100000,1356.51,1363.13,1353.09,1359.41,1114.448
1789623000000,1359.41,1361.38,1351.4,1351.93,1025.426
1789623900000,1351.93,1363.75,1347,1357.6,3095.868
1789624800000,1357.6,1367.94,1355.2,1358.93,1098.061
1789625700000,1358.93,1360.29,1343.29,1355.59,2291.912
1789626600000,1355.59,1363.3,1353.2,1361.6,2148.058
1789627500000,1361.6,1363.99,1351.97,1353.86,1363.766
1789628400000,1353.86,1363.44,1352.01,1356.48,2162.411
1789629300000,1356.48,1363.19,1354.2,1359.64,1812.636
1789630200000,1359.64,1367.66,1358.2,1366,1638.32
1789631100000,1366,1371.97,1364.22,1370.54,2305.762
1789632000000,1370.54,1373.4,1363.43,1369.6,2018.995
1789632900000,1369.6,1386.98,1367.33,1381.14,5113.309
1789633800000,1381.14,1393.78,1377.8,1384.22,4313.009
1789634700000,1384.22,1392.54,1373.8,1384.18,2858.786
1789635600000,1384.18,1386.68,1376.51,1377.19,1871.563
1789636500000,1377.19,1377.59,1366.37,1366.72,2043.269
1789637400000,1366.72,1373.83,1366.62,1368,1426.024
1789638300000,1368,1372.09,1350.45,1352.93,3579.49
1789639200000,1352.93,1354.78,1331.62,1334.87,10210.708
1789640100000,1334.87,1343.1,1326.5,1340.2,5516.007
1789641000000,1340.2,1342,1334,1335.6,2167.942
1789641900000,1335.6,1346.4,1332.98,1345.89,3007.708
1789642800000,1345.89,1358,1345.37,1354.61,2519.908
1789643700000,1354.61,1355,1349.06,1354.99,1443.056
1789644600000,1354.99,1355.6,1342,1344.19,1661.115
1789645500000,1344.19,1368.16,1344.19,1366.2,3766.84
1789646400000,1366.2,1376.3,1356.76,1373.32,4040.278
1789647300000,1373.32,1375.98,1366.8,1370.6,2877.412
1789648200000,1370.6,1373.79,1363.22,1369.8,1897.983
1789649100000,1369.8,1371.6,1353.71,1355.52,1706.667
1789650000000,1355.52,1359.49,1348.46,1357.2,3457.035
1789650900000,1357.2,1365.92,1355.6,1359.2,3800.845
1789651800000,1359.2,1364.15,1341.56,1355.91,5471.862
1789652700000,1355.91,1379.4,1349.8,1373.68,4429.309
1789653600000,1373.68,1427.54,1367.54,1407.55,18044.197
1789654500000,1407.55,1443.48,1400.88,1435.99,12374.873
1789655400000,1435.99,1438.37,1415.86,1422,6258.62
1789656300000,1422,1439.6,1422,1422.69,5946.424
1789657200000,1422.69,1431.6,1419.66,1426.2,3623.219
1789658100000,1426.2,1435.41,1423.99,1435.2,2502.221
1789659000000,1435.2,1451.71,1427.68,1444.08,8545.284
1789659900000,1444.08,1491.99,1443.6,1480.89,16548.018
1789660800000,1480.89,1486.92,1449.86,1469.95,10884.43
1789661700000,1469.95,1477.72,1458.7,1466.17,2748.387
1789662600000,1466.17,1474.84,1457.64,1471.91,1570.841
1789663500000,1471.91,1473.52,1456.99,1468.4,1892.634
1789664400000,1468.4,1479,1466.25,1472.72,1753.811
1789665300000,1472.72,1520,1471.4,1484.59,16297.914
1789666200000,1484.59,1490.06,1473.48,1478.62,9339.532
1789667100000,1478.62,1487.84,1470.8,1473.41,3368.943
1789668000000,1473.41,1480.8,1463.17,1465.6,2614.239
1789668900000,1465.6,1471.6,1458.2,1465.9,2051.403
1789669800000,1465.9,1471.99,1456.26,1461.25,3750.211
1789670700000,1461.25,1466.4,1453.89,1459,2655.311
1789671600000,1459,1463.09,1454.2,1458.21,1195.91
1789672500000,1458.21,1495.74,1457.27,1491.2,5166.642
1789673400000,1491.2,1503,1480.66,1487,3003.179
1789674300000,1487,1507.75,1482.21,1490.39,3536.47
1789675200000,1490.39,1504.41,1486.24,1500.74,2268.03
1789676100000,1500.74,1509.59,1493.36,1497.5,2523.581
1789677000000,1497.5,1497.74,1481.01,1486,1946.34
1789677900000,1486,1489.09,1479,1481.04,1122.583
1789678800000,1481.04,1485,1462.6,1467.85,3803.714
1789679700000,1467.85,1477.37,1464,1472.81,989.845
1789680600000,1472.81,1482.77,1465.24,1474.4,948.914
1789681500000,1474.4,1474.4,1461.01,1462.4,1371.67
1789682400000,1462.4,1468.3,1460.51,1466.29,1487.366
1789683300000,1466.29,1471.19,1459.63,1466.41,1668.475
1789684200000,1466.41,1481.4,1464.52,1477.56,1688.364
1789685100000,1477.56,1479.39,1466.4,1476.99,1316.199
1789686000000,1476.99,1479.75,1471.8,1475.4,937.714
1789686900000,1475.4,1475.79,1467.01,1469.17,648.616
1789687800000,1469.17,1474.8,1466.8,1471.46,1045.725
1789688700000,1471.46,1471.91,1466,1466.2,651.386
1789689600000,1466.2,1471.6,1454.46,1460.22,2841.553
1789690500000,1460.22,1461.57,1442.86,1452.21,3287.048
1789691400000,1452.21,1457.2,1447.4,1452.36,1496.559
1789692300000,1452.36,1466.08,1450.4,1462.8,1376.105
1789693200000,1462.8,1465.59,1460.6,1463.4,725.827
1789694100000,1463.4,1468.32,1461.41,1466.6,1094.538
1789695000000,1466.6,1472.6,1464.43,1470.06,1056.047
1789695900000,1470.06,1495.76,1470.01,1481.8,3859.209
1789696800000,1481.8,1497.16,1480.2,1484.8,2602.514
1789697700000,1484.8,1491.4,1478.25,1488.66,1210.568
1789698600000,1488.66,1490.6,1481.2,1485.44,997.984
1789699500000,1485.44,1489.52,1484.2,1485.4,508.496
1789700400000,1485.4,1500.59,1482.8,1492.8,2665.059
1789701300000,1492.8,1500.92,1484.24,1488.2,2381.199
1789702200000,1488.2,1497.99,1483.56,1496.29,1175.347
1789703100000,1496.29,1523.97,1495.87,1517.14,11663.444
1789704000000,1517.14,1519.59,1507.21,1514.13,3051.498
1789704900000,1514.13,1514.28,1486.4,1486.61,3755.582
1789705800000,1486.61,1517.54,1475.6,1516.8,4814.402
1789706700000,1516.8,1524.19,1510.73,1521.2,4507.861
1789707600000,1521.2,1538,1501.44,1518.93,9981.437
1789708500000,1518.93,1523.58,1507.63,1509.59,3130.051
1789709400000,1509.59,1519.77,1507.2,1517.2,5310.443
1789710300000,1517.2,1519.77,1508.81,1512.17,1135.285
1789711200000,1512.17,1514.39,1498,1506.4,2490.368
1789712100000,1506.4,1508.19,1495.4,1499.24,1488.385
1789713000000,1499.24,1504.51,1495.16,1500.22,940.762
1789713900000,1500.22,1500.22,1491.37,1491.98,1059.683
1789714800000,1491.98,1497.65,1490.18,1492.19,1496.68
1789715700000,1492.19,1497.29,1486.6,1486.83,1967.757
1789716600000,1486.83,1490,1480.2,1483.8,2028.588
1789717500000,1483.8,1488.2,1479.42,1482.59,2592.909
1789718400000,1482.59,1492.4,1480.11,1486.2,3719.218
1789719300000,1486.2,1496.19,1475.8,1475.88,3158.893
1789720200000,1475.88,1478.53,1461.9,1477.62,4597.967
1789721100000,1477.62,1487.79,1477.6,1484,2330.122
1789722000000,1484,1484,1463.86,1470.97,4758.92
1789722900000,1470.97,1482.63,1467.23,1479.4,2346.77
1789723800000,1479.4,1482.67,1470.01,1478.8,2185.709
1789724700000,1478.8,1483.87,1476.94,1480.36,1844.632
1789725600000,1480.36,1483.75,1473.33,1482.74,1166.181
1789726500000,1482.74,1491.6,1478.4,1488.88,2890.154
1789727400000,1488.88,1489.07,1483.34,1484.54,1392.38
1789728300000,1484.54,1486.4,1472.8,1476.13,1481.53
1789729200000,1476.13,1477.79,1466.84,1471.75,2179.693
1789730100000,1471.75,1472.6,1453.34,1460.2,3025.493
1789731000000,1460.2,1468.6,1458.42,1460.97,3018.727
1789731900000,1460.97,1465,1453.67,1456.14,1933.572
1789732800000,1456.14,1461.88,1453.84,1456.52,1655.844
1789733700000,1456.52,1464.6,1456,1456,1715.958
1789734600000,1456,1460.6,1448.4,1451.6,3347.528
1789735500000,1451.6,1465.6,1450.8,1461.41,1819.81
1789736400000,1461.41,1464.67,1456.01,1464.45,924.888
1789737300000,1464.45,1474.39,1464.4,1468.36,3189.432
1789738200000,1468.36,1480.79,1467.21,1474.6,4262.28
1789739100000,1474.6,1485.17,1422,1453.41,10976.005
1789740000000,1453.41,1483,1453,1478.52,7054.483
1789740900000,1478.52,1482.47,1465.4,1470.91,4033.862
1789741800000,1470.91,1489.05,1466.41,1484.5,5242.041
1789742700000,1484.5,1487.52,1478.82,1482.07,2344.36
1789743600000,1482.07,1485.4,1464.15,1484.38,5374.801
1789744500000,1484.38,1510.52,1484.38,1487.6,7596.565
1789745400000,1487.6,1488.2,1473.23,1476.8,2786.335
1789746300000,1476.8,1486.67,1473.99,1482.8,2554.044
1789747200000,1482.8,1483.61,1471.5,1476.29,2119.307
1789748100000,1476.29,1481.44,1467.7,1471.26,2787.955
1789749000000,1471.26,1475.8,1460.58,1462.27,2324.396
1789749900000,1462.27,1462.28,1444.23,1444.91,4861.715
1789750800000,1444.91,1456.4,1434.99,1448.79,4999.755
1789751700000,1448.79,1449.21,1436.4,1442.6,2469.014
1789752600000,1442.6,1452,1441.03,1451.65,1562.313
1789753500000,1451.65,1456.19,1447.4,1451.6,958.919
1789754400000,1451.6,1456.39,1446.87,1454.21,1147.703
1789755300000,1454.21,1460.09,1449.8,1452.4,1296.36
1789756200000,1452.4,1454.2,1445.22,1454.2,1494.856
1789757100000,1454.2,1457.69,1449.23,1456.8,1157.447
1789758000000,1456.8,1467.85,1456.8,1463.8,2276.272
1789758900000,1463.8,1479.14,1462.36,1478.79,2390.183
1789759800000,1478.79,1487.13,1472.3,1483.31,2532.688
1789760700000,1483.31,1483.59,1468.6,1470.42,2188.435
1789761600000,1470.42,1482.79,1463.09,1478.31,1992.253
1789762500000,1478.31,1485.19,1478.31,1482.21,1422.041
1789763400000,1482.21,1493.6,1482.21,1491.6,2259.897
1789764300000,1491.6,1506.2,1491.6,1501.43,3482.64
1789765200000,1501.43,1507.4,1494.01,1496.94,1693.578
1789766100000,1496.94,1496.94,1487,1488.23,797.372
1789767000000,1488.23,1502.79,1487.22,1488.01,1187.052
1789767900000,1488.01,1499.14,1488,1491.8,533.157
1789768800000,1491.8,1515,1490.8,1503.6,3562.177
1789769700000,1503.6,1503.8,1494.22,1494.61,1063.652
1789770600000,1494.61,1510.8,1493.4,1508.11,1510.101
1789771500000,1508.11,1551.31,1507.81,1549.01,6636.128
1789772400000,1549.01,1582.99,1548.34,1562.71,8587.891
1789773300000,1562.71,1583.04,1562.63,1574.71,2630.091
1789774200000,1574.71,1582.28,1565.95,1568.8,1926.904
1789775100000,1568.8,1573.13,1549.72,1560.43,2043.753
1789776000000,1560.43,1565.54,1545.91,1547.8,1835.765
1789776900000,1547.8,1579.3,1546.41,1571.93,1921.126
1789777800000,1571.93,1576.51,1555.33,1565.7,1594.459
1789778700000,1565.7,1588,1565.37,1575.59,2803.66
1789779600000,1575.59,1588.01,1573.08,1574.15,5099.1
1789780500000,1574.15,1582.87,1570.6,1579.5,2186.539
1789781400000,1579.5,1580.07,1565,1567.2,746.431
1789782300000,1567.2,1569.63,1550.27,1553.04,1616.277
1789783200000,1553.04,1567.96,1550.52,1559.35,1804.617
1789784100000,1559.35,1564.2,1552.03,1556.21,574.494
1789785000000,1556.21,1561.29,1546.8,1549,1523.411
1789785900000,1549,1557.14,1547,1548.4,827.87
1789786800000,1548.4,1554.81,1546.15,1553.28,1061.688
1789787700000,1553.28,1555.69,1532.81,1537.27,2324.963
1789788600000,1537.27,1541.89,1533.87,1537.4,1121.509
1789789500000,1537.4,1538.19,1525.2,1531.41,1712.902
1789790400000,1531.41,1536.2,1529.2,1531.96,1216.69
1789791300000,1531.96,1538.2,1531.6,1533.71,972.596
1789792200000,1533.71,1536.31,1516.2,1526.6,2040.989
1789793100000,1526.6,1528.4,1518.6,1527.2,1219.82
1789794000000,1527.2,1534.5,1524.21,1527.92,784.795
1789794900000,1527.92,1553.31,1527.41,1540.2,3323.498
1789795800000,1540.2,1553.67,1539.81,1542.8,4116.313
1789796700000,1542.8,1549.8,1542.42,1547.03,731.26
1789797600000,1547.03,1552.44,1545.01,1552.44,1084.205
1789798500000,1552.44,1556.13,1546.02,1551.11,1042.708
1789799400000,1551.11,1565.46,1551.11,1560.5,2929.31
1789800300000,1560.5,1565.83,1558.73,1563.92,693.675
1789801200000,1563.92,1574.97,1560.41,1571.66,1341.646
1789802100000,1571.66,1579.37,1563.33,1568.4,1537.367
1789803000000,1568.4,1568.83,1555.72,1557.06,1265.881
1789803900000,1557.06,1570.6,1557.06,1566.03,1091.771
1789804800000,1566.03,1567.97,1558.76,1562.99,697.32
1789805700000,1562.99,1568,1562.01,1562.45,609.826
1789806600000,1562.45,1571.44,1559.92,1560.7,486.263
1789807500000,1560.7,1565.17,1547.92,1551.21,1066.946
1789808400000,1551.21,1558,1549.41,1556.28,601.966
1789809300000,1556.28,1568.66,1551.22,1562.83,929.769
1789810200000,1562.83,1577.6,1560.94,1571.1,2870.252
1789811100000,1571.1,1597.02,1564.13,1565.47,5159.14
1789812000000,1565.47,1572.89,1562.6,1572.5,778.229
1789812900000,1572.5,1586.76,1570.49,1579.79,2187.977
1789813800000,1579.79,1580.71,1558.17,1559.44,848.834
1789814700000,1559.44,1563.66,1530,1532,4164.41
1789815600000,1532,1542,1530.6,1537.2,1685.628
1789816500000,1537.2,1543.04,1532.26,1538.6,2368.543
1789817400000,1538.6,1549.8,1533.89,1547.2,2761.573
1789818300000,1547.2,1547.51,1537,1542.59,1150.228
1789819200000,1542.59,1548.49,1540.6,1546.4,1153.958
1789820100000,1546.4,1549.41,1536.91,1539.39,1125.922
1789821000000,1539.39,1540,1528.6,1534.6,2684.124
1789821900000,1534.6,1539.69,1530.8,1534.18,1158.055
1789822800000,1534.18,1535,1524,1533.64,1802.228
1789823700000,1533.64,1539.95,1531.01,1534.41,1527.062
1789824600000,1534.41,1537.79,1530.85,1531.83,651.857
1789825500000,1531.83,1535.6,1530.21,1531.67,626.663
1789826400000,1531.67,1532,1525.25,1529.13,1240.378
1789827300000,1529.13,1532.4,1525.4,1531.6,750.1
1789828200000,1531.6,1531.8,1523.52,1527.99,1253.35
1789829100000,1527.99,1528.79,1524.49,1527.39,672.216
1789830000000,1527.39,1529.52,1515.13,1525.6,3407.465
1789830900000,1525.6,1526.6,1518.08,1524.02,3006.307
1789831800000,1524.02,1528.11,1521,1527.09,1510.004
1789832700000,1527.09,1527.09,1517.2,1520.81,1183.28
1789833600000,1520.81,1521.79,1505.05,1515.58,4193.707
1789834500000,1515.58,1517.83,1508.8,1509.6,1279.754
1789835400000,1509.6,1514.16,1507.34,1507.8,1486.028
1789836300000,1507.8,1509.2,1503.97,1504.6,2377.411
1789837200000,1504.6,1507,1489.2,1493.52,3303.312
1789838100000,1493.52,1496.4,1475.04,1478.81,7147.199
1789839000000,1478.81,1498,1478.81,1488.8,3440.305
1789839900000,1488.8,1498,1487.41,1490.61,1452.451
1789840800000,1490.61,1494.8,1485.8,1488.4,1246.179
1789841700000,1488.4,1490.2,1477,1478.18,1543.056
1789842600000,1478.18,1488,1469.6,1474.4,4484.499
1789843500000,1474.4,1479.63,1473.21,1479.4,1100.958
1789844400000,1479.4,1481,1471.1,1480.6,1382.699
1789845300000,1480.6,1486.6,1477.81,1483.25,1074.225
1789846200000,1483.25,1485.8,1479.61,1484.01,1094.08
1789847100000,1484.01,1489.8,1476.26,1477.6,3002.767
1789848000000,1477.6,1481.2,1473.6,1476.28,1693.826
1789848900000,1476.28,1476.8,1470.14,1473.6,982.851
1789849800000,1473.6,1480.2,1473,1480.2,746.812
1789850700000,1480.2,1481.4,1476.8,1479.2,603.288
1789851600000,1479.2,1483,1459.27,1469.87,5187.889
1789852500000,1469.87,1478.87,1467.82,1477.99,1144.912
1789853400000,1477.99,1480.78,1472.06,1474.92,1077.761
1789854300000,1474.92,1476.6,1469.01,1470.21,430.039
1789855200000,1470.21,1476.4,1468.18,1476.4,892.162
1789856100000,1476.4,1478.52,1471.81,1474.8,629.475
1789857000000,1474.8,1482.77,1470,1475.2,1600.354
1789857900000,1475.2,1480.82,1473.8,1477.24,739.381
1789858800000,1477.24,1485.18,1476,1482.41,2655.495
1789859700000,1482.41,1484.2,1472.4,1475.21,804.027
1789860600000,1475.21,1475.21,1470.8,1472.69,441.389
1789861500000,1472.69,1474,1465.44,1470.2,906.056
1789862400000,1470.2,1474.79,1467.83,1470.4,963.678
1789863300000,1470.4,1472.96,1464.2,1469.8,1557.209
1789864200000,1469.8,1472.39,1465.44,1471.09,691.026
1789865100000,1471.09,1476.82,1470.6,1473.8,809.555
1789866000000,1473.8,1478.86,1467.05,1469.8,1238.518
1789866900000,1469.8,1475.6,1463.69,1463.69,892.287
1789867800000,1463.69,1471.9,1451.89,1471.24,3189.586
1789868700000,1471.24,1474.8,1466.4,1474.16,1020.957
1789869600000,1474.16,1474.5,1467.46,1470.8,751.309
1789870500000,1470.8,1472.21,1458.74,1461.59,1625.267
1789871400000,1461.59,1464.74,1455.48,1456.69,1488.795
1789872300000,1456.69,1461.59,1450.2,1450.81,4992.45
1789873200000,1450.81,1464.38,1441.14,1459.33,7318.367
1789874100000,1459.33,1472.6,1453.4,1453.4,2051.84
1789875000000,1453.4,1455.6,1451.81,1451.89,821.784
1789875900000,1451.89,1465.2,1451,1456.87,1022.806
1789876800000,1456.87,1458.8,1446.8,1449.45,816.391
1789877700000,1449.45,1449.6,1445.4,1449.2,688.813
1789878600000,1449.2,1454.4,1445.4,1450.2,807.918
1789879500000,1450.2,1456.35,1449,1454.16,1194.96
1789880400000,1454.16,1458.54,1451.2,1455.4,756.364
1789881300000,1455.4,1455.4,1444,1448.36,1273.15
1789882200000,1448.36,1452.5,1446.61,1452.5,483.904
1789883100000,1452.5,1459.79,1451.01,1451.14,829.489
1789884000000,1451.14,1454,1448.83,1450.94,923.078
1789884900000,1450.94,1453.18,1442.5,1449.01,1292.8
1789885800000,1449.01,1451.6,1432.22,1447.68,3358.907
1789886700000,1447.68,1453,1445.03,1448.81,765.815
1789887600000,1448.81,1455.08,1448.8,1451.8,692.223
1789888500000,1451.8,1458.31,1449.73,1456.95,1234.656
1789889400000,1456.95,1457.04,1448.34,1448.8,544.405
1789890300000,1448.8,1449.4,1441,1445.42,1101.464
1789891200000,1445.42,1450.75,1445.01,1445.5,602.142
1789892100000,1445.5,1447.8,1442,1442.86,486.499
1789893000000,1442.86,1443.2,1435.4,1439.12,1353.458
1789893900000,1439.12,1441.33,1437.13,1440.2,892.78
1789894800000,1440.2,1443,1435.32,1435.91,568.106
1789895700000,1435.91,1442.12,1435.7,1440,780.038
1789896600000,1440,1452.87,1439.2,1450.28,1181.908
1789897500000,1450.28,1450.4,1440.8,1441.74,576.532
1789898400000,1441.74,1445.39,1436.4,1444.6,1054.159
1789899300000,1444.6,1447.24,1439,1439.65,612.382
1789900200000,1439.65,1443.8,1438.61,1440,494.41
1789901100000,1440,1440.2,1436.51,1438,506.847
1789902000000,1438,1445.59,1437.4,1438.64,869.034
1789902900000,1438.64,1440.4,1427.6,1435.33,1909.775
1789903800000,1435.33,1444.99,1435.33,1443.61,915.35
1789904700000,1443.61,1447.82,1442.01,1445.2,930.899
1789905600000,1445.2,1467.45,1442.2,1459.99,3661.036
1789906500000,1459.99,1460.09,1441.4,1443.28,2367.361
1789907400000,1443.28,1446.2,1435.42,1444.49,1463.511
1789908300000,1444.49,1455,1443.58,1454.4,1447.894
1789909200000,1454.4,1459.4,1451,1451.4,1276.225
1789910100000,1451.4,1458.64,1448.01,1448.94,930.359
1789911000000,1448.94,1450.19,1443.8,1447.1,737.007
1789911900000,1447.1,1447.19,1440.23,1441.97,632.252
1789912800000,1441.97,1448.98,1435.42,1437.05,1642.724
1789913700000,1437.05,1442.57,1432.6,1438.99,1442.624
1789914600000,1438.99,1444.5,1437.01,1437.2,815.55
1789915500000,1437.2,1441.79,1430.34,1435.61,1533.775
1789916400000,1435.61,1445.94,1433.95,1435.78,1672.344
1789917300000,1435.78,1442.4,1435.2,1435.2,1614.513
1789918200000,1435.2,1441,1434,1439.79,948.813
1789919100000,1439.79,1448.79,1439.26,1443.6,1524.193
1789920000000,1443.6,1458.59,1439.12,1451.01,3023.418
1789920900000,1451.01,1455.8,1440.45,1448.8,2775.736
1789921800000,1448.8,1456.86,1442.23,1450.59,1614.567
1789922700000,1450.59,1452.95,1443.43,1443.8,879.741
1789923600000,1443.8,1451.2,1440.03,1449,1340.201
1789924500000,1449,1456.36,1446.2,1446.2,584.35
1789925400000,1446.2,1465.2,1445.45,1455.5,1896.255
1789926300000,1455.5,1459.2,1449.81,1452.19,1169.34
1789927200000,1452.19,1459.46,1450.41,1456.79,1026.045
1789928100000,1456.79,1482.62,1456.21,1480.37,5130.444
1789929000000,1480.37,1483.6,1468.8,1470.78,2672.094
1789929900000,1470.78,1473,1461.59,1468.15,1321.208
1789930800000,1468.15,1482.4,1467.45,1478.8,1430.202
1789931700000,1478.8,1498.65,1478.61,1490,3643.98
1789932600000,1490,1511.67,1488,1496.38,5013.557
1789933500000,1496.38,1517.97,1495.41,1515.01,5071.998
1789934400000,1515.01,1533.2,1514.81,1527.64,6233.756
1789935300000,1527.64,1529.59,1515,1521.88,2672.08
1789936200000,1521.88,1529.49,1515,1518.79,2865.893
1789937100000,1518.79,1519,1485.93,1490.57,4994.729
1789938000000,1490.57,1490.8,1469.13,1478.04,3954.13
1789938900000,1478.04,1489.4,1477.61,1486.48,2902.912
1789939800000,1486.48,1489.99,1476.18,1478.8,1474.187
1789940700000,1478.8,1487.2,1477.82,1480.31,893.305
1789941600000,1480.31,1516.33,1477.8,1516,3856.168
1789942500000,1516,1519.4,1508.21,1518.78,2345.336
1789943400000,1518.78,1529.19,1511.24,1512.6,2044.992
1789944300000,1512.6,1519,1512.1,1514.8,1134.363
1789945200000,1514.8,1517.8,1501.62,1507.6,1877.06
1789946100000,1507.6,1511.59,1503.96,1505.58,917.976
1789947000000,1505.58,1519.26,1504.23,1516.64,1250.782
1789947900000,1516.64,1518.2,1507.82,1508.65,793.941
1789948800000,1508.65,1533,1508.6,1528.6,3457.692
1789949700000,1528.6,1534.79,1517.36,1532.27,3298.577
1789950600000,1532.27,1535.4,1527.6,1532.8,1566.334
1789951500000,1532.8,1544.89,1532.8,1535.8,3770.928
1789952400000,1535.8,1547.49,1529.53,1542,2030.306
1789953300000,1542,1542.61,1520.43,1522.41,2264.787
1789954200000,1522.41,1533.8,1520.2,1529.19,2355.984
1789955100000,1529.19,1532.6,1502.72,1506.61,4565.899
1789956000000,1506.61,1516.97,1506.6,1514.79,1580.541
1789956900000,1514.79,1515.86,1508.2,1510.2,828.442
1789957800000,1510.2,1512.2,1490.83,1507.18,4500.675
1789958700000,1507.18,1523.51,1502.68,1516,2270.021
1789959600000,1516,1523.32,1512,1514.8,849.04
1789960500000,1514.8,1526.99,1513,1519.51,2510.06
1789961400000,1519.51,1520.83,1513.22,1513.44,722.187
1789962300000,1513.44,1519.34,1513.44,1516.33,536.988
1789963200000,1516.33,1516.4,1506.15,1508.6,1004.946
1789964100000,1508.6,1515.99,1507.8,1513.81,657.436
1789965000000,1513.81,1535.6,1512.4,1523.53,1957.452
1789965900000,1523.53,1537.2,1523.01,1526.59,1475.532
1789966800000,1526.59,1527.4,1513.34,1513.34,1372.578
1789967700000,1513.34,1525,1511.25,1519.79,1197.434
1789968600000,1519.79,1523.6,1515.2,1517,834.44
1789969500000,1517,1520.2,1513.52,1517.74,647.148
1789970400000,1517.74,1519.69,1506.6,1509.3,1201.847
1789971300000,1509.3,1515.26,1508.57,1508.8,853.37
1789972200000,1508.8,1511.15,1500.5,1500.63,1321.077
1789973100000,1500.63,1508,1500.2,1507.8,1255.535
1789974000000,1507.8,1508.92,1490.69,1497.75,1586.325
1789974900000,1497.75,1498.99,1494,1494.6,1046.459
1789975800000,1494.6,1494.69,1481,1487.5,1897.943
1789976700000,1487.5,1489.7,1484.2,1487.2,1123.914
1789977600000,1487.2,1497.49,1486.8,1495.79,1170.167
1789978500000,1495.79,1509.58,1495.4,1507,1342.425
1789979400000,1507,1522.4,1504.61,1508.11,4810.58
1789980300000,1508.11,1524.6,1505.03,1522.8,3276.424
1789981200000,1522.8,1525.39,1505.6,1507.99,3464.071
1789982100000,1507.99,1517.18,1507.99,1511.8,2042.303
1789983000000,1511.8,1514.92,1497.03,1499,3655.793
1789983900000,1499,1517.4,1497.8,1516.4,2644.414
1789984800000,1516.4,1523.67,1509.44,1523.66,2497.239
1789985700000,1523.66,1530,1513.01,1514.81,1993.472
1789986600000,1514.81,1539.88,1514.44,1533.33,3331.311
1789987500000,1533.33,1537.16,1524.32,1535.73,2732.154
1789988400000,1535.73,1536.19,1525,1525.99,1178.899
1789989300000,1525.99,1545.22,1521.2,1542.4,2640.597
1789990200000,1542.4,1571.38,1534.14,1569.31,5268.084
1789991100000,1569.31,1571.37,1554.76,1563.81,2286.067
1789992000000,1563.81,1565.93,1542.8,1545.79,2742.273
1789992900000,1545.79,1556.3,1535.55,1538.99,1875.703
1789993800000,1538.99,1549.2,1537,1544.4,3193.867
1789994700000,1544.4,1547.2,1535.6,1536.6,1028.749
1789995600000,1536.6,1544.28,1536.6,1542.4,1043.792
1789996500000,1542.4,1553.44,1542.21,1544.2,1596.759
1789997400000,1544.2,1549.8,1526.95,1533.81,2874.794
1789998300000,1533.81,1545.15,1530.6,1533.61,2248.232
1789999200000,1533.61,1537.8,1515.01,1518.8,4262.195
1790000100000,1518.8,1528.6,1515.64,1521,2752.404
1790001000000,1521,1531.2,1520.57,1522.34,1171.991
1790001900000,1522.34,1532.08,1517.4,1519.4,1576.769
1790002800000,1519.4,1525.95,1510.4,1513,2931.52
1790003700000,1513,1516.4,1494.25,1495.81,4385.283
1790004600000,1495.81,1500.61,1488.33,1495.6,2871.599
1790005500000,1495.6,1502.97,1492.21,1499.39,1907.449
1790006400000,1499.39,1499.39,1490.99,1495.2,1614.659
1790007300000,1495.2,1503.2,1493.6,1498.15,1470.269
1790008200000,1498.15,1503.4,1491.69,1496.84,1634.977
1790009100000,1496.84,1500.26,1495.81,1497.85,2340.561
1790010000000,1497.85,1499.2,1482,1483.12,8660.279
1790010900000,1483.12,1485.79,1463.26,1479.4,6100.888
1790011800000,1479.4,1488,1477.4,1477.94,1783.572
1790012700000,1477.94,1478.47,1464.4,1469.32,2322.477
1790013600000,1469.32,1487.27,1465.51,1485.2,1910.953
1790014500000,1485.2,1489.8,1477.8,1489.79,1800.871
1790015400000,1489.79,1489.79,1479.2,1483,1953.845
1790016300000,1483,1488.29,1478.38,1480.5,801.146
1790017200000,1480.5,1480.59,1475.01,1477.42,777.968
1790018100000,1477.42,1478,1471.41,1475.38,1017.84
1790019000000,1475.38,1477.39,1469.2,1475,1317.512
1790019900000,1475,1477.19,1470.24,1471.3,673.367
1790020800000,1471.3,1473.12,1466.69,1471.95,1059.323
1790021700000,1471.95,1483.69,1469.4,1478.8,2248.25
1790022600000,1478.8,1478.96,1455.8,1461.27,2433.89
1790023500000,1461.27,1461.8,1451.81,1454.67,5567.782
1790024400000,1454.67,1456.09,1448.43,1452.27,1819.615
1790025300000,1452.27,1454.99,1443.69,1453.6,1996.906
1790026200000,1453.6,1460.38,1452.8,1456.65,1060.93
1790027100000,1456.65,1462.8,1456.2,1462.79,502.37
1790028000000,1462.79,1469.2,1456.81,1467.41,1645.62
1790028900000,1467.41,1469,1459.81,1464,1039.724
1790029800000,1464,1468.69,1462.6,1467.39,646.689
1790030700000,1467.39,1473.2,1466.3,1471,1043.8
1790031600000,1471,1475.74,1467.2,1469.01,923.709
1790032500000,1469.01,1473.4,1469.01,1470.8,404.415
1790033400000,1470.8,1474.6,1466.9,1473.28,925.836
1790034300000,1473.28,1474.6,1470.01,1470.8,532.204
1790035200000,1470.8,1478.8,1467.82,1472.61,857.12
1790036100000,1472.61,1472.79,1467.6,1471.67,760.319
1790037000000,1471.67,1472.39,1463.65,1467.8,930.763
1790037900000,1467.8,1474.06,1465.83,1470,1000.797
1790038800000,1470,1480.59,1466.8,1472.4,1377.916
1790039700000,1472.4,1478.76,1463.93,1477.54,1180.01
1790040600000,1477.54,1477.54,1470.37,1472.92,614.901
1790041500000,1472.92,1473.19,1466,1470.2,566.956
1790042400000,1470.2,1470.39,1458.2,1460.33,1460.751
1790043300000,1460.33,1461.59,1447.5,1458.01,2897.153
1790044200000,1458.01,1463.6,1454.1,1457,1353.904
1790045100000,1457,1458.63,1449.21,1452.81,1253.679
1790046000000,1452.81,1453.6,1446.17,1451.04,2179.485
1790046900000,1451.04,1457.67,1448.61,1457.2,624.834
1790047800000,1457.2,1463,1455,1460.97,756.681
1790048700000,1460.97,1462.37,1456.2,1459.21,474.418
1790049600000,1459.21,1459.6,1451.2,1453.08,580.863
1790050500000,1453.08,1457.99,1450.2,1457.05,660.605
1790051400000,1457.05,1462,1456.01,1461.01,713.973
1790052300000,1461.01,1467.2,1460.8,1466.3,1057.626
1790053200000,1466.3,1470.98,1461.2,1462.83,1550.821
1790054100000,1462.83,1476.43,1462.83,1476.2,1166.629
1790055000000,1476.2,1520.6,1472.4,1513.04,9580.139
1790055900000,1513.04,1514.39,1484.41,1487.7,4266.549
1790056800000,1487.7,1495,1480.13,1484.21,2310.529
1790057700000,1484.21,1485.4,1474.2,1478.01,1435.52
1790058600000,1478.01,1505.79,1475.13,1505.79,1925.879
1790059500000,1505.79,1505.79,1488.2,1488.21,1374.621
1790060400000,1488.21,1502.4,1487.96,1500.81,1276.513
1790061300000,1500.81,1506.59,1490.24,1496,1710.306
1790062200000,1496,1511.91,1491.2,1507.4,1846.167
1790063100000,1507.4,1523.29,1506.6,1515,3663.818
1790064000000,1515,1519.59,1509.4,1511.21,2076.08
1790064900000,1511.21,1514.6,1500.73,1503.8,1373.79
1790065800000,1503.8,1510.88,1501.6,1507.79,1917.744
1790066700000,1507.79,1509,1492.86,1497.2,2730.38
1790067600000,1497.2,1498.18,1490,1494.86,2547.436
1790068500000,1494.86,1498.6,1490.62,1493.8,1069.002
1790069400000,1493.8,1509.38,1493.8,1502.8,1343.758
1790070300000,1502.8,1506.06,1500.8,1504.21,799.865
1790071200000,1504.21,1506.4,1496,1503.36,718.269
1790072100000,1503.36,1513.56,1500.8,1502.6,1243.535
1790073000000,1502.6,1508.6,1500.6,1507.4,736.389
1790073900000,1507.4,1507.8,1501.8,1503.4,513.47
1790074800000,1503.4,1506,1493.2,1505.93,1186.229
1790075700000,1505.93,1518.14,1504.6,1508.51,2810.237
1790076600000,1508.51,1527.79,1507.6,1523.52,1870.717
1790077500000,1523.52,1536.36,1521.57,1533.33,4092.752
1790078400000,1533.33,1537.65,1527.2,1529.38,1721.061
1790079300000,1529.38,1544.44,1528.48,1536.73,3445.325
1790080200000,1536.73,1539.8,1528.6,1529.4,1637.182
1790081100000,1529.4,1532.8,1522.9,1528.09,2459.592
1790082000000,1528.09,1529.15,1517.2,1521,3548.214
1790082900000,1521,1525.6,1514.2,1520.61,2937.634
1790083800000,1520.61,1535.5,1508.6,1513.78,5169.904
1790084700000,1513.78,1520.51,1506.82,1519,2490.246
1790085600000,1519,1530.2,1514.8,1527.2,1674.004
1790086500000,1527.2,1535.17,1519.12,1519.12,2054.194
1790087400000,1519.12,1519.32,1503.05,1512.34,3808.868
1790088300000,1512.34,1535.89,1511.03,1531.72,3518.036
1790089200000,1531.72,1556.35,1529.2,1541.53,4743.765
1790090100000,1541.53,1553.13,1536.6,1538.41,3033.662
1790091000000,1538.41,1549.4,1531,1549.38,3165.71
1790091900000,1549.38,1560.66,1541.2,1543.6,2933.473
1790092800000,1543.6,1548.35,1533.4,1546.8,2239.451
1790093700000,1546.8,1555.99,1536.61,1552.27,2566.231
1790094600000,1552.27,1562.84,1542.1,1557.73,3471.98
1790095500000,1557.73,1561.98,1545.6,1546.4,1237.236
1790096400000,1546.4,1560.19,1545.61,1560,1075.967
1790097300000,1560,1562.84,1553.54,1553.54,1027.888
1790098200000,1553.54,1553.99,1543.69,1544.79,1761.696
1790099100000,1544.79,1549.6,1539.88,1544.6,1303.485
1790100000000,1544.6,1545.76,1532,1534,1500.394
1790100900000,1534,1536.76,1526.07,1527.6,1167.141
1790101800000,1527.6,1527.61,1510.6,1516.38,3465.357
1790102700000,1516.38,1524.6,1515.01,1520,1368.819
1790103600000,1520,1523.89,1517.36,1520.73,733.944
1790104500000,1520.73,1527.49,1519.89,1525.87,773.725
1790105400000,1525.87,1529,1518.4,1521.85,971.279
1790106300000,1521.85,1523.2,1512.8,1518.47,1262.961
1790107200000,1518.47,1520.52,1510.31,1513.15,906.066
1790108100000,1513.15,1515.4,1496.95,1501.69,2615.889
1790109000000,1501.69,1507.64,1500.41,1505.4,552.749
1790109900000,1505.4,1515.25,1505.4,1513.79,677.903
1790110800000,1513.79,1522,1513.79,1520.61,745.464
1790111700000,1520.61,1524.2,1518.61,1523.19,458.156
1790112600000,1523.19,1525.59,1516.2,1520.58,908.048
1790113500000,1520.58,1525.03,1512.8,1515.19,579.081
1790114400000,1515.19,1521.56,1514.72,1521.56,1285.324
1790115300000,1521.56,1544.66,1519.2,1543.8,1878.109
1790116200000,1543.8,1549.09,1541.17,1546.2,1587.83
1790117100000,1546.2,1553.54,1542,1553.3,1163.708
1790118000000,1553.3,1646.56,1550.2,1626.07,14875.798
1790118900000,1626.07,1646.08,1622.22,1631,4747.134
1790119800000,1631,1644.18,1620.56,1637.16,3076.318
1790120700000,1637.16,1650.96,1620.71,1629.58,2830.618
1790121600000,1629.58,1631.06,1610.5,1618.22,2398.098
1790122500000,1618.22,1619.24,1605.2,1609.81,1158.233
1790123400000,1609.81,1620.61,1608.86,1610.89,1244.112
1790124300000,1610.89,1620.33,1609.81,1613.11,668.222
1790125200000,1613.11,1618.77,1606.29,1608.65,663.857
1790126100000,1608.65,1616.28,1601.99,1607.22,802.803
1790127000000,1607.22,1608.56,1588.07,1588.13,1661.465
1790127900000,1588.13,1619.12,1585.7,1614.06,2137.324
1790128800000,1614.06,1623.22,1606.35,1613.72,1223.062
1790129700000,1613.72,1619.34,1609.05,1609.13,562.824
1790130600000,1609.13,1615,1605.95,1611.84,356.154
1790131500000,1611.84,1621.53,1611.84,1616.91,1156.24
1790132400000,1616.91,1617.08,1604.1,1610.23,552.012
1790133300000,1610.23,1618.87,1606.74,1613.55,316.663
1790134200000,1613.55,1618.77,1610.1,1614.3,361.503
1790135100000,1614.3,1614.3,1599.31,1603.87,778.775
1790136000000,1603.87,1607.77,1600.24,1603.1,324.493
1790136900000,1603.1,1607.96,1596,1603.4,923.446
1790137800000,1603.4,1607.28,1596.5,1599.8,553.095
1790138700000,1599.8,1604.11,1596.68,1600.11,497.556
1790139600000,1600.11,1627.27,1600.11,1623.24,2042.457
1790140500000,1623.24,1623.27,1610,1621.45,1225.738
1790141400000,1621.45,1621.69,1613.1,1616.37,428.068
1790142300000,1616.37,1626.55,1615.85,1618.93,493.921
1790143200000,1618.93,1623.36,1610.82,1617.86,547.7
1790144100000,1617.86,1619.19,1612,1612.24,194.668
1790145000000,1612.24,1616.44,1608.5,1610.83,783.861
1790145900000,1610.83,1625.85,1609.86,1624.16,574.093
1790146800000,1624.16,1630.38,1619.8,1623.34,906.406
1790147700000,1623.34,1628.64,1619.91,1623.91,687.151
1790148600000,1623.91,1634.96,1620.66,1627.23,1945.709
1790149500000,1627.23,1629.86,1622.13,1626.53,874.923
1790150400000,1626.53,1628.04,1616.83,1620.83,952.955
1790151300000,1620.83,1632.26,1620.83,1621.95,968.943
1790152200000,1621.95,1625.25,1615.63,1621.79,451.283
1790153100000,1621.79,1624.76,1607.82,1612.78,1334.193
1790154000000,1612.78,1615.5,1608.57,1614.07,392.11
1790154900000,1614.07,1621.09,1608.12,1609.21,612.787
1790155800000,1609.21,1617.53,1602.35,1617.01,1108.435
1790156700000,1617.01,1626.41,1615.53,1624.73,806.065
1790157600000,1624.73,1626.25,1619.22,1623.4,373.009
1790158500000,1623.4,1624.89,1605.56,1610.62,702.827
1790159400000,1610.62,1619.42,1608.86,1618.39,737.788
1790160300000,1618.39,1680,1617.5,1651.57,7161.433
1790161200000,1651.57,1655.43,1635,1637.18,2532.158
1790162100000,1637.18,1643.04,1627.01,1632.27,2301.764
1790163000000,1632.27,1635.92,1609.6,1616,2692.092
1790163900000,1616,1624,1614.23,1616.91,682.186
1790164800000,1616.91,1631.28,1609.01,1628.71,2253.312
1790165700000,1628.71,1640.71,1615.66,1630.95,1985.988
1790166600000,1630.95,1647.13,1630.11,1634.61,1160.385
1790167500000,1634.61,1635.66,1618.94,1625.21,782.521
1790168400000,1625.21,1632.03,1617.77,1621.52,905.363
1790169300000,1621.52,1636.87,1620.96,1633.35,1164.035
1790170200000,1633.35,1642.27,1630.21,1642.27,1091.223
1790171100000,1642.27,1643.43,1629,1629.57,514.069
1790172000000,1629.57,1639.26,1550.47,1587.98,18615.447
1790172900000,1587.98,1588.48,1547.33,1562.27,9100.622
1790173800000,1562.27,1603.58,1560,1594.13,6902.475
1790174700000,1594.13,1616.66,1586.63,1606.82,2874.125
1790175600000,1606.82,1610.67,1596.7,1605.54,1464.059
1790176500000,1605.54,1612.11,1582.21,1585.72,2339.332
1790177400000,1585.72,1591.44,1564.88,1571.11,3441.83
1790178300000,1571.11,1576.29,1550,1552.84,4091.315
1790179200000,1552.84,1566.64,1525.52,1564.34,9743.464
1790180100000,1564.34,1569.95,1555.3,1560.99,1989.83
1790181000000,1560.99,1570.26,1547.92,1553.82,1927.497
1790181900000,1553.82,1555.81,1520.27,1534.59,5110.283
1790182800000,1534.59,1541.66,1506,1515,7524.796
1790183700000,1515,1530.57,1511,1520.58,3403.1
1790184600000,1520.58,1529.92,1517.01,1527.34,1905.197
1790185500000,1527.34,1531.98,1521.6,1525.82,1354.588
1790186400000,1525.82,1526.2,1513.2,1518.8,1840.949
1790187300000,1518.8,1524.19,1513.46,1522.6,2692.375
1790188200000,1522.6,1523.5,1513.2,1521.64,1637.761
1790189100000,1521.64,1531.16,1516.8,1520.6,3103.024
1790190000000,1520.6,1526.2,1514.5,1525.83,1153.419
1790190900000,1525.83,1527.54,1516.8,1522.96,1071.111
1790191800000,1522.96,1525.4,1508.85,1510.04,2736.067
1790192700000,1510.04,1521,1509.46,1517.18,1318.178
1790193600000,1517.18,1517.79,1500,1507.81,2700.039
1790194500000,1507.81,1517,1504,1510.39,1273.084
1790195400000,1510.39,1522,1510.39,1519.6,1317.285
1790196300000,1519.6,1520.2,1501.4,1504,2521.078
1790197200000,1504,1505.06,1493.04,1502.01,4612.032
1790198100000,1502.01,1510,1500.2,1509.73,1446.455
1790199000000,1509.73,1522,1509.26,1520.8,1743.082
1790199900000,1520.8,1522,1501.74,1513.16,3315.78
1790200800000,1513.16,1528.66,1512.41,1521,3344.752
1790201700000,1521,1522.59,1481.8,1488.6,3413.954
1790202600000,1488.6,1489.33,1477.44,1488.79,3403.272
1790203500000,1488.79,1504.26,1488.4,1496.79,1552.342
1790204400000,1496.79,1501.97,1490.2,1497,1140.787
1790205300000,1497,1502.19,1490.93,1500.4,1500.196
1790206200000,1500.4,1501.6,1491.8,1494.2,1026.483
1790207100000,1494.2,1501.52,1493.81,1497.79,971.022
1790208000000,1497.79,1512,1497.2,1508.86,2574.492
1790208900000,1508.86,1518.32,1508.86,1516.07,1099.368
1790209800000,1516.07,1519.11,1510.57,1510.8,637.983
1790210700000,1510.8,1513.8,1504.27,1506.01,2301.021
1790211600000,1506.01,1510,1493.03,1495.41,1772.786
1790212500000,1495.41,1497.4,1482.09,1489.47,3517.881
1790213400000,1489.47,1504.18,1488.2,1490.4,2050.623
1790214300000,1490.4,1496,1488.6,1493.8,939.131
1790215200000,1493.8,1507.6,1487.01,1505.8,2314.014
1790216100000,1505.8,1515.19,1505.78,1511.81,1579.541
1790217000000,1511.81,1521.4,1508.61,1515.4,5253.811
1790217900000,1515.4,1523.76,1515.4,1516.89,1311.541
1790218800000,1516.89,1519.4,1506.99,1510,1242.189
1790219700000,1510,1513,1500.27,1501.91,1489.096
1790220600000,1501.91,1501.94,1495.2,1496.5,1076.027
1790221500000,1496.5,1504.19,1495,1504.08,1008.53
1790222400000,1504.08,1504.99,1498.8,1500,1653.389
1790223300000,1500,1509.28,1497.4,1508.81,845.897
1790224200000,1508.81,1514.34,1506.6,1511.19,1604.408
1790225100000,1511.19,1521.56,1508.41,1519.74,2270.425
1790226000000,1519.74,1538.9,1518.8,1529.24,5153.383
1790226900000,1529.24,1534.04,1526.8,1528.48,1337.738
1790227800000,1528.48,1528.74,1521.53,1521.6,1105.744
1790228700000,1521.6,1525,1513.2,1514.41,1204.669
1790229600000,1514.41,1527.04,1511.78,1521.48,3914.495
1790230500000,1521.48,1526.47,1521,1525.4,833.67
1790231400000,1525.4,1527.2,1519.81,1523.93,685.298
1790232300000,1523.93,1524.18,1517,1517.12,517.843
1790233200000,1517.12,1520.2,1508.28,1516.2,2185.968
1790234100000,1516.2,1520,1511.4,1520,942.406
1790235000000,1520,1526.39,1518.8,1523.8,1144.462
1790235900000,1523.8,1532.72,1522.6,1525.67,1379.595
1790236800000,1525.67,1529.42,1517,1517.01,949.831
1790237700000,1517.01,1523.92,1503.24,1509.01,2726.714
1790238600000,1509.01,1520.8,1508.2,1515.8,2195.729
1790239500000,1515.8,1517.2,1500.7,1515.33,3235.483
1790240400000,1515.33,1516.8,1491.46,1493.53,3104.96
1790241300000,1493.53,1494.66,1484.01,1490.6,3272.917
1790242200000,1490.6,1491.2,1456.2,1476.44,10343.515
1790243100000,1476.44,1483,1473.4,1478.61,1761.002
1790244000000,1478.61,1480.8,1466,1471.55,2199.431
1790244900000,1471.55,1474.83,1466,1469.4,2163.908
1790245800000,1469.4,1473,1461.2,1466.4,2586.705
1790246700000,1466.4,1471.2,1463.09,1468.8,1591.682
1790247600000,1468.8,1490.08,1468.4,1485.4,5919.079
1790248500000,1485.4,1498.49,1484.6,1487.47,3907.699
1790249400000,1487.47,1489.07,1479.81,1484.81,1242.209
1790250300000,1484.81,1488.49,1480,1485.72,1079.555
1790251200000,1485.72,1491,1482,1483.6,890.764
1790252100000,1483.6,1486.86,1479,1482.65,1020.168
1790253000000,1482.65,1484.2,1476.73,1481.4,796.557
1790253900000,1481.4,1494.96,1479.04,1490.94,1245.577
1790254800000,1490.94,1499.51,1488.71,1498.11,1073.687
1790255700000,1498.11,1509.5,1497.8,1504.79,2341.72
1790256600000,1504.79,1523.99,1503.8,1513.8,4348.085
1790257500000,1513.8,1518.28,1507.08,1517.91,2492.729
1790258400000,1517.91,1526.92,1510.23,1510.29,2714.3
1790259300000,1510.29,1531.35,1509,1531.35,3314.667
1790260200000,1531.35,1534.39,1516.68,1518.49,3429.027
1790261100000,1518.49,1519.2,1488.01,1491.8,5078.582
1790262000000,1491.8,1505.17,1489.49,1503.21,2726.536
1790262900000,1503.21,1517.25,1501.72,1517.01,2257.833
1790263800000,1517.01,1524.39,1513.83,1520.01,2724.633
1790264700000,1520.01,1522,1513.19,1515.6,1595.029
1790265600000,1515.6,1516.6,1500.37,1504.72,1828.952
1790266500000,1504.72,1544.93,1504.72,1537.17,5808.13
1790267400000,1537.17,1549.16,1525.45,1534.51,4333.644
1790268300000,1534.51,1546.39,1533.75,1542.4,2633.756
1790269200000,1542.4,1559.2,1537.75,1551.53,4317.31
1790270100000,1551.53,1558,1543.21,1556.84,3285.596
1790271000000,1556.84,1559,1541.09,1543.33,3137.613
1790271900000,1543.33,1562.6,1539.79,1549.4,2045.805
1790272800000,1549.4,1574.3,1544.6,1571,4944.331
1790273700000,1571,1572.99,1556.48,1569.45,1818.08
1790274600000,1569.45,1571.37,1555.2,1562.17,1997.741
1790275500000,1562.17,1562.17,1552.76,1557.29,906.439
1790276400000,1557.29,1558.09,1547.01,1553.25,1617.187
1790277300000,1553.25,1569.87,1547.82,1568.41,1276.228
1790278200000,1568.41,1572.42,1553.37,1556.94,934.352
1790279100000,1556.94,1567.61,1553.82,1554.86,786.187
1790280000000,1554.86,1556.04,1542.56,1544.97,2808.622
1790280900000,1544.97,1552.09,1534.73,1541.8,2356.409
1790281800000,1541.8,1543.2,1534.8,1540.25,1451.912
1790282700000,1540.25,1546.93,1538.6,1545.21,1372.42
1790283600000,1545.21,1545.39,1540.5,1542.6,1095.185
1790284500000,1542.6,1551.76,1542.6,1548.6,1122.279
1790285400000,1548.6,1552.93,1547.8,1550,1087.356
1790286300000,1550,1550.01,1537.2,1538,1902.25
1790287200000,1538,1543.4,1532.35,1536.6,2410.335
1790288100000,1536.6,1537.14,1521.8,1528.36,3601.35
1790289000000,1528.36,1539,1527.8,1537.2,982.959
1790289900000,1537.2,1546.6,1536.81,1545.26,1004.849
1790290800000,1545.26,1550.78,1539.6,1541.79,1580.631
1790291700000,1541.79,1546.8,1539.84,1544.8,644.286
1790292600000,1544.8,1550.22,1543.22,1546.88,850.43
1790293500000,1546.88,1549.8,1542.6,1545.77,691.816
1790294400000,1545.77,1561.36,1543.8,1558.65,1248.649
1790295300000,1558.65,1559.09,1547.65,1547.81,619.674
1790296200000,1547.81,1553.53,1544.8,1546.01,618.259
1790297100000,1546.01,1549.27,1542.6,1544.6,660.639
1790298000000,1544.6,1554.99,1543.5,1550.79,879.411
1790298900000,1550.79,1556.52,1538.8,1542,1139.28
1790299800000,1542,1542.37,1535.43,1538.19,1399.332
1790300700000,1538.19,1543.99,1538.03,1543.28,637.553
1790301600000,1543.28,1560.16,1540.81,1558.44,1604.799
1790302500000,1558.44,1562.25,1551.88,1553.37,735.833
1790303400000,1553.37,1557.34,1537.06,1538.7,1490.081
1790304300000,1538.7,1539.37,1532.4,1536.76,1615.763
1790305200000,1536.76,1542.4,1535.4,1537.4,951.513
1790306100000,1537.4,1546.4,1536.21,1546.2,1711.633
1790307000000,1546.2,1557.92,1545.45,1553.66,1351.25
1790307900000,1553.66,1559.46,1547.6,1556.52,1359.427
1790308800000,1556.52,1560,1550.88,1551.82,976.091
1790309700000,1551.82,1562,1551.02,1556.73,915.303
1790310600000,1556.73,1556.99,1549.89,1553.41,702.931
1790311500000,1553.41,1555.15,1545.87,1546.68,484.982
1790312400000,1546.68,1552.57,1541.94,1542.58,990.149
1790313300000,1542.58,1552.74,1542.58,1546.4,964.348
1790314200000,1546.4,1555.29,1543,1548.8,834.024
1790315100000,1548.8,1551.9,1543,1543.21,368.127
1790316000000,1543.21,1546.59,1535.31,1539.3,1166.265
1790316900000,1539.3,1550.6,1538.24,1541.4,1301.643
1790317800000,1541.4,1542.99,1536.4,1540,1315.747
1790318700000,1540,1546.16,1537.6,1544.99,620.01
1790319600000,1544.99,1545.99,1535,1542.01,957.268
1790320500000,1542.01,1554.5,1541.8,1554.17,2064.086
1790321400000,1554.17,1558.61,1548.66,1555.84,1009.13
1790322300000,1555.84,1561.89,1554.78,1560.26,1189.628
1790323200000,1560.26,1593.2,1557.33,1572.86,4237.804
1790324100000,1572.86,1592.68,1569.01,1581.12,2346.702
1790325000000,1581.12,1591.98,1575.81,1582.6,1848.734
1790325900000,1582.6,1588.99,1578.69,1586.02,740.147
1790326800000,1586.02,1587.96,1577.7,1580.61,674.43
1790327700000,1580.61,1588,1579.33,1585.49,705.295
1790328600000,1585.49,1592.99,1584.27,1589.44,1685.592
1790329500000,1589.44,1596.62,1579.25,1584.68,2477.814
1790330400000,1584.68,1585.88,1571.22,1578.79,1272.99
1790331300000,1578.79,1589.95,1576.24,1588.94,1312.768
1790332200000,1588.94,1611.11,1584.43,1604.27,5194.441
1790333100000,1604.27,1608.26,1596,1598.37,1373.19
1790334000000,1598.37,1616.38,1596.05,1611.11,2401.041
1790334900000,1611.11,1612.89,1602.64,1603.53,923.105
1790335800000,1603.53,1610.22,1600.34,1607.17,661.53
1790336700000,1607.17,1609.36,1595.09,1596.33,2463.03
1790337600000,1596.33,1601.13,1583.53,1586.63,3107.002
1790338500000,1586.63,1586.72,1566.04,1583.87,5145.344
1790339400000,1583.87,1590,1582.49,1588.39,1410.128
1790340300000,1588.39,1605,1584.53,1604.81,3900.648
1790341200000,1604.81,1624.25,1599.32,1609.56,7002.571
1790342100000,1609.56,1619.87,1602.4,1604.5,4178.899
1790343000000,1604.5,1612.73,1590,1596.22,2659.585
1790343900000,1596.22,1598.33,1581.73,1591.84,2690.688
1790344800000,1591.84,1596.77,1570.9,1591.57,3201.168
1790345700000,1591.57,1598.98,1582.08,1584.91,1530.641
1790346600000,1584.91,1593.07,1551.12,1560.34,4427.782
1790347500000,1560.34,1574.18,1554.96,1572.42,2477.231
1790348400000,1572.42,1576.01,1558.45,1564.11,1735.54
1790349300000,1564.11,1566.46,1550,1559.99,2508.36
1790350200000,1559.99,1563.76,1538.48,1543.08,2956.814
1790351100000,1543.08,1546.66,1530.8,1544.8,4124.223
1790352000000,1544.8,1554.56,1544,1547.79,2683.785
1790352900000,1547.79,1554.46,1546.38,1551.81,1286.477
1790353800000,1551.81,1553.35,1546,1547.6,1006.359
1790354700000,1547.6,1552.49,1543.8,1546.8,953.475
1790355600000,1546.8,1552.44,1545,1549.6,1403.837
1790356500000,1549.6,1551.43,1523.4,1528.03,4309.447
1790357400000,1528.03,1538.48,1514.2,1536.4,5193.204
1790358300000,1536.4,1541.68,1533.04,1533.84,1355.339
1790359200000,1533.84,1542.44,1531.99,1540.21,1420.14
1790360100000,1540.21,1548,1539.81,1546.2,1599.783
1790361000000,1546.2,1547.99,1540.41,1547.41,1188.078
1790361900000,1547.41,1558.4,1546.01,1553.59,1239.924
1790362800000,1553.59,1560.79,1551.67,1559.79,520.15
1790363700000,1559.79,1564.44,1556.19,1558.42,508.161
1790364600000,1558.42,1561.49,1555.61,1558.57,372.747
1790365500000,1558.57,1560.23,1540.8,1543.4,1347.987
1790366400000,1543.4,1551.91,1543.4,1550,921.331
1790367300000,1550,1554.28,1549.01,1550.02,693.909
1790368200000,1550.02,1553.31,1548.08,1550.88,1023.221
1790369100000,1550.88,1550.88,1536.69,1538.99,1832.27
1790370000000,1538.99,1540.71,1529.74,1530.12,1129.302
1790370900000,1530.12,1534.55,1527.02,1532.8,1075.422
1790371800000,1532.8,1532.8,1525.45,1529.61,604.909
1790372700000,1529.61,1535.69,1528,1530,1172.643
1790373600000,1530,1534.6,1530,1531.78,331.124
1790374500000,1531.78,1536.2,1531.11,1536.19,689.334
1790375400000,1536.19,1550.49,1536.19,1549.57,1224.614
1790376300000,1549.57,1553.3,1549.2,1550.15,298.37
1790377200000,1550.15,1556.77,1549.01,1556.77,303.096
1790378100000,1556.77,1560.13,1551.79,1554.31,318.091
1790379000000,1554.31,1557.24,1551.57,1556.26,89.232
1790379900000,1556.26,1556.26,1550.81,1555.16,132.387
1790380800000,1555.16,1558.34,1551.04,1554.25,315.62
1790381700000,1554.25,1556.26,1547.62,1548,297.106
1790382600000,1548,1548.8,1534.81,1538.8,1923.669
1790383500000,1538.8,1544.57,1538.2,1538.68,438.955
1790384400000,1538.68,1544.2,1537.7,1540,758.304
1790385300000,1540,1544.4,1538,1541.54,443.805
1790386200000,1541.54,1550.57,1540.83,1545.8,713.525
1790387100000,1545.8,1547.2,1542.27,1543.05,507.766
1790388000000,1543.05,1547.39,1539.04,1546.2,728.657
1790388900000,1546.2,1546.6,1538.6,1539.6,326.923
1790389800000,1539.6,1540.55,1536.15,1537.81,527.305
1790390700000,1537.81,1538.8,1535.9,1538.01,326.115
1790391600000,1538.01,1538.63,1530.8,1534.47,686.466
1790392500000,1534.47,1536.6,1530.2,1536,632.919
1790393400000,1536,1537.28,1531.6,1531.8,1281.364
1790394300000,1531.8,1534.2,1531.4,1534.03,246.032
1790395200000,1534.03,1537.59,1533.6,1533.81,449.614
1790396100000,1533.81,1539.4,1528.63,1529.79,753.695
1790397000000,1529.79,1536,1528.8,1536,601.069
1790397900000,1536,1537,1534.8,1536.8,325.074
1790398800000,1536.8,1537.37,1532.6,1533.01,429.42
1790399700000,1533.01,1536.52,1530.85,1532,429.471
1790400600000,1532,1539,1530.6,1538,731.028
1790401500000,1538,1538.6,1532.8,1534.6,300.2
1790402400000,1534.6,1535.6,1531.21,1532.6,362.336
1790403300000,1532.6,1533.24,1528.62,1530.31,550.449
1790404200000,1530.31,1532.8,1528.11,1531.59,508.928
1790405100000,1531.59,1532.74,1526.4,1531.75,797.548
1790406000000,1531.75,1538.91,1531.7,1537,1002.748
1790406900000,1537,1538.58,1533.01,1535.01,406.678
1790407800000,1535.01,1536.36,1532.6,1532.63,339.425
1790408700000,1532.63,1534.4,1531.05,1533.52,381.095
1790409600000,1533.52,1533.99,1531,1532.24,441.029
1790410500000,1532.24,1535,1529.01,1534.7,590.405
1790411400000,1534.7,1539.2,1534.12,1535.4,679.198
1790412300000,1535.4,1535.6,1530.4,1530.77,282.154
1790413200000,1530.77,1530.77,1520.6,1523.81,2256.676
1790414100000,1523.81,1525.8,1519.11,1520.2,1446.883
1790415000000,1520.2,1524.6,1517.6,1524.01,569.198
1790415900000,1524.01,1525.35,1522.2,1524.4,279.649
1790416800000,1524.4,1530,1523.6,1529.61,466.935
1790417700000,1529.61,1534.6,1527.26,1532.4,1165.962
1790418600000,1532.4,1535.35,1528.25,1535.2,553.057
1790419500000,1535.2,1536.79,1531.52,1534.01,747.567
1790420400000,1534.01,1536.4,1532.4,1535.83,413.414
1790421300000,1535.83,1538.71,1535.2,1537.2,358.028
1790422200000,1537.2,1543.92,1536.71,1541.36,682.601
1790423100000,1541.36,1543.2,1539.8,1541.74,479.75
1790424000000,1541.74,1551.63,1539.23,1546.26,1604.821
1790424900000,1546.26,1548.19,1542.25,1543.6,693.616
1790425800000,1543.6,1549.2,1536.98,1538.6,1304.077
1790426700000,1538.6,1542.49,1537.2,1542.35,486.289
1790427600000,1542.35,1546,1537.2,1540.21,741.167
1790428500000,1540.21,1542.99,1536.96,1540.4,668.747
1790429400000,1540.4,1540.5,1532,1534,1224.319
1790430300000,1534,1537.6,1533.42,1537.01,492.113
1790431200000,1537.01,1542.55,1535.45,1541.39,1492.957
1790432100000,1541.39,1542.7,1538.4,1539.32,430.948
1790433000000,1539.32,1542.17,1536.8,1539.6,1302.584
1790433900000,1539.6,1549.25,1539.6,1548.84,621.345
1790434800000,1548.84,1550.49,1545.72,1548.4,841.867
1790435700000,1548.4,1552.11,1548,1550.48,615.092
1790436600000,1550.48,1554.06,1548.4,1549.74,822.325
1790437500000,1549.74,1551.81,1548,1551.23,861.069
1790438400000,1551.23,1557.62,1548.6,1555.21,1309.762
1790439300000,1555.21,1556.09,1552,1554.06,374.622
1790440200000,1554.06,1563.95,1554.06,1562.23,1211.897
1790441100000,1562.23,1568.83,1561.8,1568.51,1821.648
1790442000000,1568.51,1574.59,1566.89,1569.62,1207.165
1790442900000,1569.62,1575.38,1556.19,1559.61,2245.477
1790443800000,1559.61,1567.41,1557.52,1567.16,1417.545
1790444700000,1567.16,1568,1561.97,1564.43,1066.76
1790445600000,1564.43,1566.97,1562.48,1563.65,249.996
1790446500000,1563.65,1573.59,1562.24,1571.22,1209.907
1790447400000,1571.22,1583.32,1567.64,1570.44,1731.822
1790448300000,1570.44,1570.66,1558.77,1561.45,1107.387
1790449200000,1561.45,1566.08,1560.36,1562.24,548.781
1790450100000,1562.24,1562.24,1554.01,1555.43,480.218
1790451000000,1555.43,1559.41,1550.21,1558.88,587.416
1790451900000,1558.88,1569.92,1558.66,1568.8,352.207
1790452800000,1568.8,1570,1559.25,1564.29,316.863
1790453700000,1564.29,1583.99,1564.29,1581.32,1684.513
1790454600000,1581.32,1584.69,1564.25,1566.75,1083.175
1790455500000,1566.75,1583.64,1561.4,1581.39,687.967
1790456400000,1581.39,1592,1576.61,1590.97,1639.626
1790457300000,1590.97,1678.7,1590.46,1668.85,20931.852
1790458200000,1668.85,1688,1650.36,1668.95,7881.461
1790459100000,1668.95,1693.94,1666.38,1678.82,3984.434
1790460000000,1678.82,1679.07,1655.66,1659.37,5089.882
1790460900000,1659.37,1662.2,1648.11,1651.48,2367.039
1790461800000,1651.48,1658.32,1648.44,1653.91,3189.016
1790462700000,1653.91,1656.87,1647.92,1649.32,1191.579
1790463600000,1649.32,1655.51,1645.12,1652.41,1501.518
1790464500000,1652.41,1659,1642,1647.48,2336.852
1790465400000,1647.48,1652.49,1642.88,1646.35,792.476
1790466300000,1646.35,1647.87,1641.83,1647.13,1099.818
1790467200000,1647.13,1648,1638,1638.44,920.338
1790468100000,1638.44,1640.63,1638,1640.57,1901.059
1790469000000,1640.57,1652.18,1640.57,1647.43,1625.454
1790469900000,1647.43,1649.28,1639.48,1640.09,1073.984
1790470800000,1640.09,1645.53,1638.01,1644.36,536.972
1790471700000,1644.36,1644.36,1633.98,1638.08,2041.694
1790472600000,1638.08,1643.59,1638.07,1643.26,415.28
1790473500000,1643.26,1650.47,1642.01,1643.59,763.682
1790474400000,1643.59,1647.21,1637.51,1641.3,912.885
1790475300000,1641.3,1644,1636.11,1643.75,514.972
1790476200000,1643.75,1648.6,1643,1645.93,672.795
1790477100000,1645.93,1654.24,1636.47,1638.65,1592.35
1790478000000,1638.65,1646.55,1635.85,1646.22,594.507
1790478900000,1646.22,1646.22,1639.1,1640.01,280.524
1790479800000,1640.01,1644,1637.56,1640.15,302.108
1790480700000,1640.15,1640.91,1634.33,1636.23,300.721
1790481600000,1636.23,1637.82,1632,1633.97,2148.441
1790482500000,1633.97,1637.99,1632,1637.23,336.411
1790483400000,1637.23,1638.73,1632,1632.57,985.028
1790484300000,1632.57,1634.25,1632,1632.11,991.997
1790485200000,1632.11,1647.74,1630.2,1647.74,2407.164
1790486100000,1647.74,1648.41,1642.43,1642.94,525.176
1790487000000,1642.94,1653.34,1642.9,1648.31,982.2
1790487900000,1648.31,1657.28,1646.71,1654.04,1012.024
1790488800000,1654.04,1662.61,1652.87,1656.65,1153.416
1790489700000,1656.65,1662.5,1652.55,1658.25,724.724
1790490600000,1658.25,1659.32,1650.55,1651.99,370.244
1790491500000,1651.99,1653.73,1647.78,1651.91,521.917
1790492400000,1651.91,1669.07,1651.91,1660.54,1952.023
1790493300000,1660.54,1662.52,1658.96,1659.89,555.029
1790494200000,1659.89,1662.4,1657.14,1660.39,866.934
1790495100000,1660.39,1664.78,1659.64,1663.39,565.21
1790496000000,1663.39,1664.44,1657.28,1659.24,693.006
1790496900000,1659.24,1661.23,1657,1660.27,221.69
1790497800000,1660.27,1662.82,1657.88,1658.41,284.554
1790498700000,1658.41,1662.62,1658.14,1659.06,462.927
1790499600000,1659.06,1661.3,1645,1651.73,1200.665
1790500500000,1651.73,1653.31,1645.98,1652.2,396.296
1790501400000,1652.2,1663,1651.7,1657.2,611.104
1790502300000,1657.2,1662.74,1656.34,1660.51,652.918
1790503200000,1660.51,1666.96,1659.2,1661.11,897.793
1790504100000,1661.11,1666.49,1660.08,1665.88,457.451
1790505000000,1665.88,1667.32,1661.14,1663.23,603.455
1790505900000,1663.23,1667,1656.02,1657.22,576.276
1790506800000,1657.22,1664.81,1657,1662.62,595.534
1790507700000,1662.62,1663.2,1657.23,1660.96,288.834
1790508600000,1660.96,1662.99,1657.18,1657.82,388.435
1790509500000,1657.82,1659.14,1654.29,1658.22,552.36
1790510400000,1658.22,1660.82,1656.12,1656.17,314.794
1790511300000,1656.17,1659.36,1654.73,1656.67,316.038
1790512200000,1656.67,1678.96,1656.18,1668.31,2109.722
1790513100000,1668.31,1674.43,1652.3,1652.52,2977.025
1790514000000,1652.52,1652.71,1640,1642.26,3329.909
1790514900000,1642.26,1649.74,1641.09,1649.47,802.14
1790515800000,1649.47,1662,1644.75,1645.24,1946.006
1790516700000,1645.24,1651.97,1643.37,1651.39,573.162
1790517600000,1651.39,1655.39,1645,1645.36,711.032
1790518500000,1645.36,1648.04,1623.56,1624.9,7957.05
1790519400000,1624.9,1628.85,1618.82,1623.01,4334.23
1790520300000,1623.01,1623.01,1604.32,1607,4303.216
1790521200000,1607,1608.31,1581.57,1587.28,11873.988
1790522100000,1587.28,1593.15,1577,1584.42,3210.039
1790523000000,1584.42,1585.47,1577.83,1580.98,1991.469
1790523900000,1580.98,1587.31,1577.89,1582.5,3524.9
1790524800000,1582.5,1592.71,1581.23,1590.99,1874.15
1790525700000,1590.99,1595.64,1583.1,1584.54,1678.778
1790526600000,1584.54,1587.66,1579.31,1580.03,1447.861
1790527500000,1580.03,1584.77,1580.03,1582.75,570.635
1790528400000,1582.75,1585.97,1580.33,1582.48,487.756
1790529300000,1582.48,1587.32,1581.61,1582.09,365.565
1790530200000,1582.09,1587.87,1580.9,1586.39,479.376
1790531100000,1586.39,1590.42,1586.39,1587.98,250.871
1790532000000,1587.98,1592.14,1586.58,1590.02,381.315
1790532900000,1590.02,1598.46,1589.84,1596.94,908.204
1790533800000,1596.94,1605.25,1592.61,1604.82,2021.806
1790534700000,1604.82,1615.4,1602.96,1612.27,3369.747
1790535600000,1612.27,1613.07,1603,1608.64,884.19
1790536500000,1608.64,1612.56,1602.15,1605.28,701.961
1790537400000,1605.28,1611.82,1603.82,1605.29,819.122
1790538300000,1605.29,1609,1605.29,1607.77,388.753
1790539200000,1607.77,1612.44,1605.88,1611.88,611.08
1790540100000,1611.88,1612.44,1604.51,1607.27,604.725
1790541000000,1607.27,1609,1605.42,1608.75,229.567
1790541900000,1608.75,1609.17,1601.77,1603.01,543.302
1790542800000,1603.01,1607.95,1603.01,1607.41,227.696
1790543700000,1607.41,1610.74,1602.15,1603.95,381.683
1790544600000,1603.95,1606.01,1580.57,1596.44,1568.089
1790545500000,1596.44,1604.33,1596.21,1600.03,403.57
1790546400000,1600.03,1603.24,1583.37,1586.55,1528.672
1790547300000,1586.55,1597.56,1585.32,1595.38,349.695
1790548200000,1595.38,1595.38,1583.34,1583.91,315.749
1790549100000,1583.91,1592.11,1583.28,1590.28,502.765
1790550000000,1590.28,1595.34,1585.37,1587.38,378.777
1790550900000,1587.38,1594.15,1586.72,1593.48,196.884
1790551800000,1593.48,1597.36,1588.87,1589.36,330.655
1790552700000,1589.36,1594.59,1587.23,1587.74,473.372
1790553600000,1587.74,1590.33,1566.47,1577.89,2383.033
1790554500000,1577.89,1600.67,1577.88,1590.36,1362.015
1790555400000,1590.36,1590.91,1570,1573.49,1776.122
1790556300000,1573.49,1588.87,1571.02,1574.36,1462.665
1790557200000,1574.36,1581.31,1568.2,1569.4,1028.932
1790558100000,1569.4,1583.7,1568.42,1580.02,551.125
1790559000000,1580.02,1582.49,1572.4,1573.16,397.197
1790559900000,1573.16,1577.61,1567.97,1571.08,601.898
1790560800000,1571.08,1588.44,1566,1583.95,1997.523
1790561700000,1583.95,1585.58,1578,1578.61,647.477
1790562600000,1578.61,1579.81,1573.33,1574.48,288.216
1790563500000,1574.48,1575.63,1565.25,1570.99,940.85
1790564400000,1570.99,1576,1568.23,1569.32,450.387
1790565300000,1569.32,1573.61,1563.14,1565.94,728.409
1790566200000,1565.94,1567.39,1556.29,1566.25,1388.756
1790567100000,1566.25,1566.25,1557.02,1557.8,375.149
1790568000000,1557.8,1564.98,1552.67,1564.68,841.389
1790568900000,1564.68,1570.09,1558.14,1568.71,701.715
1790569800000,1568.71,1569.38,1563.14,1565.86,243.616
1790570700000,1565.86,1566.42,1559.39,1562.75,327.447
1790571600000,1562.75,1566.15,1554.94,1558.6,822.115
1790572500000,1558.6,1563.69,1555.18,1559.58,393.628
1790573400000,1559.58,1559.58,1546.59,1558,2201.861
1790574300000,1558,1558.95,1548.8,1553.23,1317.994
1790575200000,1553.23,1559.29,1550.7,1557.75,751.918
1790576100000,1557.75,1557.75,1542.8,1545.05,1171.129
1790577000000,1545.05,1554.44,1544.2,1550.39,615.979
1790577900000,1550.39,1553.15,1547,1549.6,411.995
1790578800000,1549.6,1560.79,1546.06,1547.6,1165.231
1790579700000,1547.6,1548.6,1536.8,1541.42,1918.307
1790580600000,1541.42,1549.67,1540.4,1546.88,1294.101
1790581500000,1546.88,1550.59,1541.8,1542.13,1028.333
1790582400000,1542.13,1554.2,1541.68,1552.15,1054.685
1790583300000,1552.15,1555.3,1549.2,1555.06,516.463
1790584200000,1555.06,1560.56,1553.86,1555.59,918.213
1790585100000,1555.59,1557.1,1551.44,1553.25,284.872
1790586000000,1553.25,1555.42,1540.63,1550.86,1417.448
1790586900000,1550.86,1556.49,1545.23,1547.99,540.606
1790587800000,1547.99,1549.57,1542.21,1542.4,672.471
1790588700000,1542.4,1547.86,1541.1,1545.2,799.695
1790589600000,1545.2,1554.05,1545.2,1549.4,969.51
1790590500000,1549.4,1556.05,1549.4,1552.76,278.831
1790591400000,1552.76,1563.49,1550.04,1557.96,1497.702
1790592300000,1557.96,1562.66,1555.6,1555.87,480.653
1790593200000,1555.87,1567.85,1555.33,1563.27,711.327
1790594100000,1563.27,1567.99,1563,1565.99,788.077
1790595000000,1565.99,1569.17,1563.21,1566,445.447
1790595900000,1566,1569.5,1561.71,1568.66,428.656
1790596800000,1568.66,1594.84,1568.23,1590.59,4347.033
1790597700000,1590.59,1594.98,1581.75,1582.28,1585.834
1790598600000,1582.28,1590.66,1581.58,1587.05,1138.522
1790599500000,1587.05,1599.89,1586.54,1593.46,1979.742
1790600400000,1593.46,1599.8,1589.72,1595.48,694.341
1790601300000,1595.48,1596.97,1590,1594.31,762.947
1790602200000,1594.31,1599.59,1583.28,1591.35,1560.052
1790603100000,1591.35,1592.93,1577.93,1583.06,963.396
1790604000000,1583.06,1587.62,1573.4,1582.4,1522.479
1790604900000,1582.4,1584.03,1559.74,1564.64,2022.912
1790605800000,1564.64,1574.31,1558.13,1564.51,4273.941
1790606700000,1564.51,1565.92,1521,1535.24,11009.527
1790607600000,1535.24,1548.67,1528.95,1535.4,4070.966
1790608500000,1535.4,1535.89,1523.24,1532.6,3177.361
1790609400000,1532.6,1533.33,1525,1525.03,2309.822
1790610300000,1525.03,1535.6,1525.03,1531.2,2198.686
1790611200000,1531.2,1533.88,1509.35,1523,6086.01
1790612100000,1523,1547.13,1522.21,1541.09,3614.714
1790613000000,1541.09,1546.12,1529,1530,3067.841
1790613900000,1530,1532,1522.22,1529.8,1976.749
1790614800000,1529.8,1546.55,1515.6,1546.55,6099.908
1790615700000,1546.55,1548.16,1526.12,1527.2,3085.263
1790616600000,1527.2,1532.61,1522.22,1530.2,1389.406
1790617500000,1530.2,1533.8,1527.49,1530.13,791.981
1790618400000,1530.13,1531.72,1524,1529.2,1056.593
1790619300000,1529.2,1529.8,1524.2,1526.7,896.033
1790620200000,1526.7,1527.4,1516.4,1520.41,1787.735
1790621100000,1520.41,1523.35,1512.14,1514.8,2062.913
1790622000000,1514.8,1516.19,1482.94,1488.73,10156.9
1790622900000,1488.73,1491.6,1473.8,1477.03,5623.657
1790623800000,1477.03,1481.07,1455.35,1462.21,5331.818
1790624700000,1462.21,1468.6,1450.69,1453.8,3170.339
1790625600000,1453.8,1477.6,1450,1471,3854.368
1790626500000,1471,1477.6,1467.81,1475.81,2517.415
1790627400000,1475.81,1477.4,1461.69,1463.45,1975.25
1790628300000,1463.45,1469.37,1459.4,1460.61,1033.959
1790629200000,1460.61,1469.59,1458.6,1459.94,1079.55
1790630100000,1459.94,1471.48,1441.74,1456.21,5294.729
1790631000000,1456.21,1467.31,1454.6,1466.8,1752.121
1790631900000,1466.8,1470.19,1463.6,1470.18,376.032
1790632800000,1470.18,1470.84,1456,1459.25,1241.888
1790633700000,1459.25,1467.74,1458.97,1463.2,543.839
1790634600000,1463.2,1474.58,1463.19,1472.64,770.641
1790635500000,1472.64,1481,1472.34,1478,931.605
1790636400000,1478,1485.7,1477.05,1480.8,1000.644
1790637300000,1480.8,1489.4,1480.8,1488.84,1328.463
1790638200000,1488.84,1488.93,1482.49,1484.8,646.972
1790639100000,1484.8,1486.68,1482.97,1484.77,378.069
1790640000000,1484.77,1488.4,1483.6,1486.14,830.559
1790640900000,1486.14,1487.59,1478.2,1486.12,1656.372
1790641800000,1486.12,1490,1483,1488.5,855.016
1790642700000,1488.5,1488.5,1450.63,1450.63,3649.46
1790643600000,1450.63,1460.97,1402.71,1419.8,8157.168
1790644500000,1419.8,1421.4,1386.18,1392.2,10652.551
1790645400000,1392.2,1399.83,1382.8,1396,4698.199
1790646300000,1396,1407.03,1395,1402.34,3302.893
1790647200000,1402.34,1405.4,1384.99,1399.4,4228.506
1790648100000,1399.4,1402.77,1370.6,1379.74,5201.21
1790649000000,1379.74,1388.93,1371.54,1382.13,3608.166
1790649900000,1382.13,1388.39,1369.11,1377.71,3739.481
1790650800000,1377.71,1378.8,1372.21,1375.72,1768.904
1790651700000,1375.72,1386.4,1373,1382.57,2248.822
1790652600000,1382.57,1384.2,1375.13,1381.08,1560.703
1790653500000,1381.08,1383.99,1376.8,1379.61,1000.358
1790654400000,1379.61,1386.4,1375.27,1383.83,1294.673
1790655300000,1383.83,1389.99,1383.26,1385.07,1159.747
1790656200000,1385.07,1385.79,1375.01,1376.42,1886.768
1790657100000,1376.42,1378,1359,1366.39,5103.104
1790658000000,1366.39,1373.79,1360.07,1373.79,3027.145
1790658900000,1373.79,1393.4,1370.22,1387.43,5159.74
1790659800000,1387.43,1387.59,1375.2,1385.1,3611.162
1790660700000,1385.1,1391.58,1381.1,1388.75,1865.294
1790661600000,1388.75,1408,1387.6,1406.57,4276.481
1790662500000,1406.57,1406.57,1394.74,1404.4,2617.612
1790663400000,1404.4,1405.95,1398.23,1399.96,1241.371
1790664300000,1399.96,1413,1396.35,1411.59,2187.043
1790665200000,1411.59,1427.99,1405.88,1422.58,4172.923
1790666100000,1422.58,1427.39,1416.66,1418.8,2660.124
1790667000000,1418.8,1424.2,1416.23,1420.39,1623.772
1790667900000,1420.39,1426.79,1418.48,1424.8,1411.336
1790668800000,1424.8,1426.44,1419.2,1424.2,1373.833
1790669700000,1424.2,1434,1420.28,1420.4,2324.125
1790670600000,1420.4,1422,1404.8,1409.53,3300.682
1790671500000,1409.53,1411.6,1404.5,1407.62,1504.455
1790672400000,1407.62,1411.58,1405,1410.71,1043.768
1790673300000,1410.71,1417.12,1409,1413.67,1170.842
1790674200000,1413.67,1423.3,1413.41,1421.39,1373.881
1790675100000,1421.39,1427.8,1420.22,1424.62,2030.73
1790676000000,1424.62,1428.85,1422.58,1427.3,995.179
1790676900000,1427.3,1429.03,1419.18,1422.66,1304.571
1790677800000,1422.66,1423,1416.94,1420.79,952.863
1790678700000,1420.79,1423.19,1419.49,1420.26,660.112
1790679600000,1420.26,1423,1417.4,1418.7,1092.655
1790680500000,1418.7,1421.54,1416.8,1419.9,1166.645
1790681400000,1419.9,1439.61,1419.47,1438.6,3342.686
1790682300000,1438.6,1457.47,1434.6,1450.4,5785.37
1790683200000,1450.4,1461.19,1444.69,1447.2,3324.469
1790684100000,1447.2,1454.14,1438.6,1442.2,2289.824
1790685000000,1442.2,1446.2,1436.8,1441.4,1798.638
1790685900000,1441.4,1446.89,1438.4,1442.8,1347.782
1790686800000,1442.8,1451.39,1442.4,1445.87,1357.081
1790687700000,1445.87,1450.09,1441.8,1444.6,1090.755
1790688600000,1444.6,1452.4,1434,1446.4,4214.519
1790689500000,1446.4,1458.45,1442.87,1456.6,2702.931
1790690400000,1456.6,1458.92,1438.01,1438.04,3978.482
1790691300000,1438.04,1447.08,1431.58,1441.9,2695.295
1790692200000,1441.9,1446.95,1433.8,1440.4,2215.17
1790693100000,1440.4,1443.79,1432.96,1436.05,1626.766
1790694000000,1436.05,1436.2,1417.68,1423.34,7672.813
1790694900000,1423.34,1430.15,1378.2,1392.62,13468.135
1790695800000,1392.62,1408,1391.2,1402.39,4893.242
1790696700000,1402.39,1407.03,1390,1392.6,4420.043
1790697600000,1392.6,1398,1384.52,1391.5,3983.394
1790698500000,1391.5,1401.33,1388.57,1397.6,3745.995
1790699400000,1397.6,1401.09,1392.51,1393.71,2752.331
1790700300000,1393.71,1398.21,1390.21,1394.16,3448.133
1790701200000,1394.16,1398.4,1391,1395.43,1655.977
1790702100000,1395.43,1396.47,1390.2,1395.87,1356.549
1790703000000,1395.87,1402.99,1395.81,1400,1980.566
1790703900000,1400,1403,1393.2,1399.99,1720.147
1790704800000,1399.99,1419.51,1399.99,1415.53,5835.308
1790705700000,1415.53,1420,1412.79,1413.65,2319.186
1790706600000,1413.65,1435,1412.8,1432,4577.103
1790707500000,1432,1432.19,1423.4,1427,965.771
1790708400000,1427,1433.93,1422.82,1423.28,829.694
1790709300000,1423.28,1426,1419.57,1420.68,775.224
1790710200000,1420.68,1424.61,1403,1404.2,2791.875
1790711100000,1404.2,1405.41,1391.31,1394.12,4267.012
1790712000000,1394.12,1397.6,1381.6,1387.64,2605.072
1790712900000,1387.64,1401.33,1387.64,1399.87,1023.309
1790713800000,1399.87,1406.32,1398.8,1404.6,2684.153
1790714700000,1404.6,1408.88,1403.68,1404.8,764.352
1790715600000,1404.8,1406.39,1398.27,1403.4,1147.888
1790716500000,1403.4,1403.4,1394.2,1399.94,1299.813
1790717400000,1399.94,1403,1398.34,1400.2,683.492
1790718300000,1400.2,1420.2,1398.43,1410.6,2320
1790719200000,1410.6,1420,1409.74,1416,1322.954
1790720100000,1416,1416.39,1407.51,1407.8,957.16
1790721000000,1407.8,1416.2,1405.68,1414.47,1120.488
1790721900000,1414.47,1423.54,1412.21,1423.35,1800.213
1790722800000,1423.35,1430.8,1422.98,1425.06,1548.003
1790723700000,1425.06,1426.4,1418.84,1419.84,828.274
1790724600000,1419.84,1422.79,1414,1416.25,2448.037
1790725500000,1416.25,1418.74,1412.2,1417.41,1120.421
1790726400000,1417.41,1426.66,1415.22,1416,2424.571
1790727300000,1416,1426.38,1413.91,1425.33,1651.833
1790728200000,1425.33,1433.69,1423.61,1424.6,1737.761
1790729100000,1424.6,1424.93,1418,1424.39,1044.769
1790730000000,1424.39,1427,1421.4,1424.69,838.353
1790730900000,1424.69,1425.99,1420.6,1421.45,806.424
1790731800000,1421.45,1425.79,1418,1424.14,817.296
1790732700000,1424.14,1426.28,1419.57,1422.43,862.663
1790733600000,1422.43,1426.05,1418.2,1420.8,1094.743
1790734500000,1420.8,1420.87,1412.95,1414.92,1232.354
1790735400000,1414.92,1419.34,1412.59,1418,1438.937
1790736300000,1418,1419.8,1414.4,1415.8,535.573
1790737200000,1415.8,1417.58,1410.21,1412.26,825.993
1790738100000,1412.26,1413.59,1406.77,1407.29,963.85
1790739000000,1407.29,1413.39,1403.6,1406.82,1192.271
1790739900000,1406.82,1406.82,1400.74,1403.39,1378.374
1790740800000,1403.39,1410.8,1403.25,1408.81,783.536
1790741700000,1408.81,1415.92,1408.81,1411.01,1470.292
1790742600000,1411.01,1412.25,1407.43,1407.8,766.574
1790743500000,1407.8,1411.34,1406.6,1407.24,455.411
1790744400000,1407.24,1412.94,1402.15,1403.25,871.442
1790745300000,1403.25,1408.97,1401.8,1407.2,1260.735
1790746200000,1407.2,1413.75,1407.2,1411.2,1004.88
1790747100000,1411.2,1413.79,1404.06,1406.2,427.62
1790748000000,1406.2,1409.8,1396,1397.39,1551.312
1790748900000,1397.39,1400.6,1390.23,1396.99,1989.189
1790749800000,1396.99,1398.74,1391.94,1398.08,1278.164
1790750700000,1398.08,1401.17,1393.4,1396.82,852.95
1790751600000,1396.82,1399.59,1391.06,1392.8,808.3
1790752500000,1392.8,1401.59,1392.61,1398.71,1445.79
1790753400000,1398.71,1410.19,1396.8,1409.2,1133.686
1790754300000,1409.2,1415.6,1406.8,1414,1010.41
1790755200000,1414,1414.8,1401.6,1402.4,1067.41
1790756100000,1402.4,1406.95,1399.34,1400,1159.198
1790757000000,1400,1402.79,1395.2,1400.4,1017.295
1790757900000,1400.4,1410,1400.4,1402.41,1526.497
1790758800000,1402.41,1412.79,1401.42,1408.72,1433.489
1790759700000,1408.72,1413.08,1404.4,1408.15,1239.488
1790760600000,1408.15,1419.73,1405.46,1406.58,2895.962
1790761500000,1406.58,1414.59,1405.45,1410.06,1236.972
1790762400000,1410.06,1414,1408.78,1408.78,715.88
1790763300000,1408.78,1418.31,1407.51,1412.66,1525.442
1790764200000,1412.66,1426.6,1412.66,1425.74,3543.544
1790765100000,1425.74,1433.55,1421.8,1432.4,2605.214
1790766000000,1432.4,1432.5,1422.6,1425.2,2347.319
1790766900000,1425.2,1427.9,1421.21,1426.4,1511.92
1790767800000,1426.4,1434.62,1422.17,1433,1607.033
1790768700000,1433,1433.13,1423,1425.53,1371.476
1790769600000,1425.53,1433.69,1424.6,1433.18,1766.969
1790770500000,1433.18,1433.39,1425.4,1430.8,1509.469
1790771400000,1430.8,1462.2,1428,1455,10402.7
1790772300000,1455,1465.8,1453.24,1459.19,3576.142
1790773200000,1459.19,1480.38,1455.15,1476.59,5256.222
1790774100000,1476.59,1490.95,1471.61,1483.74,4746.957
1790775000000,1483.74,1494.19,1444.97,1460.12,11151.189
1790775900000,1460.12,1468.2,1454.47,1466.52,4363.967
1790776800000,1466.52,1490,1459.7,1469,6750.927
1790777700000,1469,1469.6,1428.88,1434.71,9927.287
1790778600000,1434.71,1441.69,1425.26,1432.22,5631.33
1790779500000,1432.22,1436.4,1429.5,1430.41,3240.412
1790780400000,1430.41,1435.6,1421.57,1429.61,3779.086
1790781300000,1429.61,1433.12,1410.58,1418.62,4463.544
1790782200000,1418.62,1440,1417.61,1433.54,4658.63
1790783100000,1433.54,1451.95,1432.8,1443.36,3839.207
1790784000000,1443.36,1456.74,1440.2,1448.41,2458.272
1790784900000,1448.41,1455.6,1444.6,1450.6,1846.561
1790785800000,1450.6,1465.58,1446,1465.4,1866.761
1790786700000,1465.4,1482,1464.34,1469.75,3514.824
1790787600000,1469.75,1476.75,1464.2,1467.12,2339.337
1790788500000,1467.12,1467.76,1450.8,1460.27,2963.656
1790789400000,1460.27,1460.27,1444.84,1445.53,1745.747
1790790300000,1445.53,1455.19,1440.8,1448.87,1652.683
1790791200000,1448.87,1451.4,1434.6,1434.6,2249.924
1790792100000,1434.6,1438.76,1431.4,1436.4,1722.705
1790793000000,1436.4,1441.96,1419.1,1420.25,2771.398
1790793900000,1420.25,1423.54,1413.2,1421.4,2831.497
1790794800000,1421.4,1423.83,1412.62,1416.8,1924.311
1790795700000,1416.8,1423.31,1413.2,1418.6,1548.662
1790796600000,1418.6,1431.19,1418.6,1430.61,1708.941
1790797500000,1430.61,1431.02,1413.14,1419.6,2127.702
1790798400000,1419.6,1424.4,1416,1422.99,2203.488
1790799300000,1422.99,1431,1419.81,1426.2,1029.271
1790800200000,1426.2,1427.82,1421.6,1425.4,1020.207
1790801100000,1425.4,1427.59,1420.01,1425,922.821
1790802000000,1425,1428.04,1420.5,1421.6,994.993
1790802900000,1421.6,1423.6,1417.92,1419.95,1066.557
1790803800000,1419.95,1423.8,1414.2,1422.08,787.156
1790804700000,1422.08,1425.56,1418.42,1419.01,665.137
1790805600000,1419.01,1419.2,1399.01,1417,2192.768
1790806500000,1417,1429.8,1415.8,1428.94,4029.967
1790807400000,1428.94,1435.8,1428.86,1435.8,1788.334
1790808300000,1435.8,1437.66,1430.67,1432.2,1160.21
1790809200000,1432.2,1443.2,1430.69,1440.42,1505.147
1790810100000,1440.42,1448.27,1438.89,1441,1718.571
1790811000000,1441,1442,1434.2,1439.44,639.401
1790811900000,1439.44,1439.44,1435.45,1438.9,818.389
1790812800000,1438.9,1440,1432.41,1435.34,978.237
1790813700000,1435.34,1437.75,1420.53,1425,2447.654
1790814600000,1425,1428,1421.2,1426.55,844.622
1790815500000,1426.55,1428.83,1422.7,1423.4,1062.561
1790816400000,1423.4,1427.33,1422.4,1423.5,872.06
1790817300000,1423.5,1428.79,1419.29,1423.82,1526.647
1790818200000,1423.82,1424.6,1418.4,1423,1134.089
1790819100000,1423,1424.71,1418.44,1419.6,1232.72
1790820000000,1419.6,1424.2,1417.07,1420.2,818.991
1790820900000,1420.2,1421.12,1413.33,1418.25,1237.404
1790821800000,1418.25,1421.2,1410.8,1410.8,1402.737
1790822700000,1410.8,1416.99,1407.83,1415.24,1306.186
1790823600000,1415.24,1418.4,1412.23,1417.39,899.136
1790824500000,1417.39,1421,1415.8,1419.55,932.711
1790825400000,1419.55,1425.6,1416.2,1425.56,1184.765
1790826300000,1425.56,1427.2,1421.6,1425.82,910.602
1790827200000,1425.82,1431.2,1425.41,1429.4,913.609
1790828100000,1429.4,1430.6,1421.27,1430.48,940.469
1790829000000,1430.48,1434,1426.81,1431.08,1566.432
1790829900000,1431.08,1442.44,1430.2,1438.6,3607.134
1790830800000,1438.6,1441.93,1434.6,1438.4,1209.692
1790831700000,1438.4,1439.6,1433.8,1438.32,765.521
1790832600000,1438.32,1443.99,1436.61,1438.27,820.152
1790833500000,1438.27,1440.78,1433.99,1437.8,725.137
1790834400000,1437.8,1438.2,1432.2,1434.79,1100.705
1790835300000,1434.79,1446.36,1433.58,1445.8,1306.188
1790836200000,1445.8,1450.4,1439.21,1439.63,2349.042
1790837100000,1439.63,1442,1437.01,1439.99,600.784
1790838000000,1439.99,1445.99,1434.95,1435.61,1437.671
1790838900000,1435.61,1439.18,1400.87,1408.11,7898.581
1790839800000,1408.11,1417.8,1404.8,1409.99,2974.91
1790840700000,1409.99,1415.25,1406.2,1409.21,1423.856
1790841600000,1409.21,1411.62,1403.61,1405.81,2164.363
1790842500000,1405.81,1413.51,1405,1411.63,1357.203
1790843400000,1411.63,1416.37,1404.19,1409.4,2404.639
1790844300000,1409.4,1413.91,1407.36,1411.81,1504.67
1790845200000,1411.81,1418.97,1409.2,1414.14,958.959
1790846100000,1414.14,1415.6,1411.6,1412.6,707.888
1790847000000,1412.6,1415.39,1407.35,1408.8,935.258
1790847900000,1408.8,1408.8,1396.88,1402.33,2182.64
1790848800000,1402.33,1403.1,1373.17,1388.12,7591.525
1790849700000,1388.12,1392.46,1382,1389.42,1792.473
1790850600000,1389.42,1398.14,1389,1395.63,1411.301
1790851500000,1395.63,1402.4,1392.38,1395.6,1869.318
1790852400000,1395.6,1395.6,1384.2,1385.05,1574.348
1790853300000,1385.05,1387.6,1380,1382.59,1223.722
1790854200000,1382.59,1399.23,1378.53,1397.22,3034.744
1790855100000,1397.22,1403.36,1395.6,1402.82,1474.632
1790856000000,1402.82,1413.4,1401,1411.94,3116.687
1790856900000,1411.94,1411.94,1406.03,1407.93,2102.95
1790857800000,1407.93,1414.87,1406.4,1406.4,1132.511
1790858700000,1406.4,1409.6,1392.4,1396.01,3330.928
1790859600000,1396.01,1398.59,1385.04,1386.15,2633.895
1790860500000,1386.15,1394.92,1381.5,1387.01,2605.397
1790861400000,1387.01,1408.8,1387.01,1406.01,5149.326
1790862300000,1406.01,1408.48,1397.06,1403.54,3117.637
1790863200000,1403.54,1404.11,1391.57,1393.2,5581.909
1790864100000,1393.2,1398.4,1387.8,1390,4109.601
1790865000000,1390,1397.31,1385,1388.3,3490.142
1790865900000,1388.3,1390.2,1360,1383.77,9146.489
1790866800000,1383.77,1387.6,1372.9,1381.95,3165.783
1790867700000,1381.95,1391.19,1378.85,1378.85,2778.628
1790868600000,1378.85,1380.1,1367.8,1374.03,3795.197
1790869500000,1374.03,1386,1371.91,1379.8,3434.232
1790870400000,1379.8,1388.4,1376.2,1380.59,2251.484
1790871300000,1380.59,1382.81,1368.97,1373.01,2371.457
1790872200000,1373.01,1378.09,1326.61,1349.94,17534.148
1790873100000,1349.94,1356.2,1341.19,1344.19,4389.705
1790874000000,1344.19,1353.05,1340.61,1351.6,2281.581
1790874900000,1351.6,1363.95,1351.6,1363.21,3057.375
1790875800000,1363.21,1373,1359,1368.19,3676.016
1790876700000,1368.19,1371.92,1356.15,1358.3,4218.433
1790877600000,1358.3,1358.99,1345.16,1354.46,3263.788
1790878500000,1354.46,1356,1345.07,1345.4,2652.554
1790879400000,1345.4,1363.57,1344.54,1350.2,2789.465
1790880300000,1350.2,1350.79,1336.49,1340.93,3369.418
1790881200000,1340.93,1341.59,1322.6,1330.96,4796.312
1790882100000,1330.96,1332.19,1305.73,1309.21,11071.195
1790883000000,1309.21,1325.89,1306.15,1324.87,3916.288
1790883900000,1324.87,1331.4,1317.57,1326.59,3739.591
1790884800000,1326.59,1334.42,1325.46,1333.4,1912.278
1790885700000,1333.4,1338.19,1331.04,1336.17,1313.265
1790886600000,1336.17,1338.34,1326.21,1330.71,1808.247
1790887500000,1330.71,1338.04,1327.8,1336.09,1098.475
1790888400000,1336.09,1339,1332.83,1333.4,771.128
1790889300000,1333.4,1334.6,1326.96,1326.96,1928.649
1790890200000,1326.96,1326.97,1315.52,1319.95,1404.586
1790891100000,1319.95,1325.75,1315.81,1320.8,1852.073
1790892000000,1320.8,1329.99,1320.38,1324,2624.336
1790892900000,1324,1336.85,1322.71,1334.41,1921.221
1790893800000,1334.41,1336.79,1329.03,1331.17,1192.283
1790894700000,1331.17,1336.59,1327.02,1335.71,1374.213
1790895600000,1335.71,1339.37,1333.65,1337.19,1107.374
1790896500000,1337.19,1344.77,1336.56,1340.02,1119.567
1790897400000,1340.02,1340.6,1336.61,1337.06,746.997
1790898300000,1337.06,1339.99,1333.37,1336.2,1472.691
1790899200000,1336.2,1342.46,1333.81,1340.16,918.938
1790900100000,1340.16,1342.99,1338.01,1341.84,1823.215
1790901000000,1341.84,1342.19,1335.11,1341.6,996.778
1790901900000,1341.6,1345.6,1339.87,1341.39,878.207
1790902800000,1341.39,1341.39,1329,1330.21,1774.06
1790903700000,1330.21,1333.99,1321.18,1325.61,2869.925
1790904600000,1325.61,1326,1318,1320.85,1441.553
1790905500000,1320.85,1338.8,1320.85,1335.73,2331.339
1790906400000,1335.73,1344.8,1334.82,1339.5,2256.357
1790907300000,1339.5,1339.51,1328.05,1333.26,3400.64
1790908200000,1333.26,1336.6,1332,1336.09,2164.722
1790909100000,1336.09,1340.6,1332.6,1339.18,1823.524
1790910000000,1339.18,1347.4,1335.98,1338,2653.1
1790910900000,1338,1340.93,1330.21,1330.62,1913.448
1790911800000,1330.62,1338.2,1328.58,1335.01,1476.051
1790912700000,1335.01,1338.32,1328.2,1337.49,1788.793
1790913600000,1337.49,1342.69,1330.34,1330.83,1957.654
1790914500000,1330.83,1391.1,1330.81,1387.89,15213.114
1790915400000,1387.89,1394.8,1371.74,1385.6,10071.84
1790916300000,1385.6,1399.98,1382.01,1398.08,6030.528
1790917200000,1398.08,1398.08,1387.4,1391.81,2785.761
1790918100000,1391.81,1396.39,1386.65,1393.2,3695.024
1790919000000,1393.2,1398.6,1374.8,1388.16,3665.328
1790919900000,1388.16,1393,1378.99,1381.7,1961.081
1790920800000,1381.7,1389.6,1379.65,1383.4,2012.5
1790921700000,1383.4,1389.39,1381.21,1384.2,1036.41
1790922600000,1384.2,1387.79,1378.21,1384.45,1577.846
1790923500000,1384.45,1387.09,1379.2,1380.29,1092.987
1790924400000,1380.29,1381.59,1374.7,1379.96,1747.752
1790925300000,1379.96,1381.18,1375.8,1378.38,1054.165
1790926200000,1378.38,1380,1372.15,1379.36,1510.327
1790927100000,1379.36,1387,1377.91,1386.39,1788.427
1790928000000,1386.39,1395.78,1382.83,1384.6,3458.189
1790928900000,1384.6,1399.4,1382.16,1383.59,3743.013
1790929800000,1383.59,1387.49,1378.6,1382.88,1532.408
1790930700000,1382.88,1385.48,1381.9,1383.29,767.172
1790931600000,1383.29,1389.2,1377.86,1388.68,1756.781
1790932500000,1388.68,1396.07,1385.94,1387.8,2408.769
1790933400000,1387.8,1390.91,1384.01,1384.4,814.012
1790934300000,1384.4,1390.64,1382.8,1387.6,1028.811
1790935200000,1387.6,1394.27,1387.01,1387.86,936.783
1790936100000,1387.86,1408.2,1387.27,1394.6,4836.926
1790937000000,1394.6,1397.2,1391.61,1393.16,1053.351
1790937900000,1393.16,1393.26,1381.6,1383.2,2884.789
1790938800000,1383.2,1392.6,1381.6,1392.39,1548.863
1790939700000,1392.39,1393.19,1385,1386,948.776
1790940600000,1386,1391.71,1382,1384.6,1297.999
1790941500000,1384.6,1385.46,1378.08,1378.59,1251.887
1790942400000,1378.59,1383.69,1374.25,1379.66,1903.65
1790943300000,1379.66,1389.2,1379.19,1387.2,1616.09
1790944200000,1387.2,1403.75,1362.36,1370.37,12043.91
1790945100000,1370.37,1390.97,1369.86,1388.53,2523.803
1790946000000,1388.53,1395.3,1386,1388,2341.649
1790946900000,1388,1389.79,1381.83,1384.2,1590.852
1790947800000,1384.2,1412.49,1382.9,1391.4,9793.033
1790948700000,1391.4,1397.19,1378.21,1379.61,4799.67
1790949600000,1379.61,1391.28,1374.2,1376.2,4459.233
1790950500000,1376.2,1399.43,1374.49,1385.62,4696.57
1790951400000,1385.62,1388.6,1376.15,1381.96,3789.863
1790952300000,1381.96,1386.59,1360,1374.16,6725.117
1790953200000,1374.16,1377,1363.6,1374,3317.713
1790954100000,1374,1379.8,1363.17,1365.8,3020.176
1790955000000,1365.8,1370.36,1360.06,1367.39,2683.293
1790955900000,1367.39,1372.93,1362.6,1372.58,1836.94
1790956800000,1372.58,1379.2,1363.05,1366.09,2831.888
1790957700000,1366.09,1376.35,1365.41,1370.8,1579.999
1790958600000,1370.8,1373.6,1365.4,1373.6,1334.279
1790959500000,1373.6,1375.91,1362.2,1367.81,1654.725
1790960400000,1367.81,1369.83,1353.13,1355.72,2081.221
1790961300000,1355.72,1364.6,1352.5,1364.6,4014.3
1790962200000,1364.6,1370,1359.6,1369.2,2425.018
1790963100000,1369.2,1369.9,1363.43,1365.8,1377.932
1790964000000,1365.8,1370,1355.8,1357.36,1555.496
1790964900000,1357.36,1357.36,1327.71,1335.8,5582.681
1790965800000,1335.8,1337.4,1278.1,1294.24,20555.787
1790966700000,1294.24,1307.49,1271.6,1305.73,9934.553
1790967600000,1305.73,1308.44,1295.41,1298.55,3504.479
1790968500000,1298.55,1303.71,1290.08,1300.99,3266.651
1790969400000,1300.99,1303.39,1292.81,1294.32,1591.278
1790970300000,1294.32,1296.2,1279.38,1280.8,3615.266
1790971200000,1280.8,1293.48,1278.5,1290.74,3036.072
1790972100000,1290.74,1294.17,1284.4,1289.4,2454.249
1790973000000,1289.4,1293.18,1283.8,1284.2,1967.941
1790973900000,1284.2,1291.15,1278,1279.61,2839.355
1790974800000,1279.61,1290.17,1279.4,1286.41,1145.463
1790975700000,1286.41,1288.62,1278.2,1280.8,1287.91
1790976600000,1280.8,1289.2,1279.65,1287.59,845.069
1790977500000,1287.59,1293.94,1285.8,1290.8,596.336
1790978400000,1290.8,1292.95,1282.6,1283,1160.604
1790979300000,1283,1288.19,1280,1287.4,1271.902
1790980200000,1287.4,1292,1283.43,1285.4,1275.751
1790981100000,1285.4,1293.32,1285.4,1292.31,667.084
1790982000000,1292.31,1295.59,1290.4,1291.9,1411.991
1790982900000,1291.9,1298.85,1291.81,1297.41,1753.608
1790983800000,1297.41,1303.7,1295.82,1302.56,1466.659
1790984700000,1302.56,1305.92,1300.41,1302.17,738.894
1790985600000,1302.17,1315.39,1300.8,1314.47,3713.101
1790986500000,1314.47,1330.58,1314.47,1327.09,4594.239
1790987400000,1327.09,1329.11,1316.2,1318.8,1691.851
1790988300000,1318.8,1322,1318,1321.96,837.786
1790989200000,1321.96,1324.04,1319.04,1321.6,987.431
1790990100000,1321.6,1328,1319.29,1320.4,1185.941
1790991000000,1320.4,1324.65,1318.43,1320.84,931.643
1790991900000,1320.84,1323,1318.72,1321.4,378.402
1790992800000,1321.4,1324.4,1320.3,1323.46,438.346
1790993700000,1323.46,1326.2,1321.03,1323,647.962
1790994600000,1323,1328.8,1321.9,1325.6,650.448
1790995500000,1325.6,1325.6,1320.4,1321.34,930.406
1790996400000,1321.34,1326.61,1321.23,1324.57,558.524
1790997300000,1324.57,1326.8,1323.62,1325.02,337.808
1790998200000,1325.02,1325.13,1322.55,1323.94,266.613
1790999100000,1323.94,1324.8,1322.61,1324,217.685
1791000000000,1324,1325.2,1318.88,1321.51,663.846
1791000900000,1321.51,1321.8,1314.44,1316.19,1465.145
1791001800000,1316.19,1318.06,1313.01,1318.06,1024.687
1791002700000,1318.06,1319.93,1316.37,1316.6,338.865
1791003600000,1316.6,1319.34,1315.23,1319,420.744
1791004500000,1319,1323,1318.4,1322.56,298.89
1791005400000,1322.56,1324.85,1320.08,1321.18,461.417
1791006300000,1321.18,1323.79,1319.8,1320.21,373.415
1791007200000,1320.21,1322,1315.92,1316.6,673.392
1791008100000,1316.6,1319.33,1316.06,1316.6,412.3
1791009000000,1316.6,1318.36,1314.6,1315.81,401.538
